id-00000	2	2	9	4.3
id-00001	6	11	4	4.8
id-00002	7	5	9	3.3
id-00003	9	12	30	3.3
id-00004	7	12	16	3.6
id-00005	1	2	4	3.3
id-00006	9	9	15	3.2
id-00007	4	4	23	3.4
id-00008	8	14	11	3.8
id-00009	8	5	24	3.7
id-00010	3	4	5	4.6
id-00011	5	7	9	4.9
id-00012	5	3	17	4.1
id-00013	4	6	9	3.9
id-00014	2	2	21	4.2
id-00015	7	10	11	3.6
id-00016	4	4	23	3.7
id-00017	4	4	10	3.1
id-00018	1	2	16	5.0
id-00019	10	6	20	4.1
id-00020	5	9	19	4.6
id-00021	3	4	1	3.9
id-00022	6	8	2	3.2
id-00023	4	4	29	3.7
id-00024	5	5	13	4.0
id-00025	10	10	25	4.2
id-00026	10	5	4	4.9
id-00027	2	2	17	4.4
id-00028	7	7	21	4.8
id-00029	5	10	11	4.0
id-00030	8	5	10	3.8
id-00031	8	2	16	4.2
id-00032	6	4	26	3.2
id-00033	5	10	10	3.2
id-00034	5	7	21	3.2
id-00035	4	7	27	4.5
id-00036	1	2	13	4.3
id-00037	3	6	23	3.5
id-00038	10	4	19	3.7
id-00039	4	3	7	4.5
id-00040	2	3	21	3.1
id-00041	10	3	13	4.5
id-00042	9	6	12	4.7
id-00043	4	5	12	3.1
id-00044	1	2	9	4.2
id-00045	9	13	15	4.7
id-00046	5	8	4	4.0
id-00047	10	16	24	3.2
id-00048	8	11	14	4.8
id-00049	6	6	22	4.0
id-00050	6	5	5	4.0
id-00051	3	4	6	4.7
id-00052	10	14	13	4.5
id-00053	2	2	27	4.4
id-00054	10	10	7	4.0
id-00055	1	2	14	3.8
id-00056	8	4	9	3.1
id-00057	3	4	23	4.6
id-00058	5	2	4	4.4
id-00059	3	6	6	4.6
id-00060	7	11	18	4.3
id-00061	2	4	15	4.8
id-00062	6	5	29	3.3
id-00063	2	4	4	5.0
id-00064	2	3	7	3.9
id-00065	5	4	27	3.5
id-00066	10	9	28	3.5
id-00067	4	6	27	4.5
id-00068	9	17	4	4.4
id-00069	3	3	27	4.7
id-00070	4	5	7	4.4
id-00071	1	2	16	3.2
id-00072	10	10	5	3.1
id-00073	9	16	29	4.8
id-00074	5	7	13	4.3
id-00075	4	7	6	5.0
id-00076	4	5	19	3.5
id-00077	10	5	14	3.0
id-00078	1	2	2	3.1
id-00079	8	12	4	3.3
id-00080	4	6	24	4.5
id-00081	7	3	25	4.6
id-00082	8	11	10	5.0
id-00083	1	2	2	4.2
id-00084	9	16	23	4.3
id-00085	8	15	10	3.7
id-00086	3	4	18	4.9
id-00087	5	10	1	3.8
id-00088	10	6	9	4.0
id-00089	4	4	16	3.5
id-00090	1	2	23	4.9
id-00091	6	7	1	4.2
id-00092	9	14	6	3.1
id-00093	3	5	5	4.6
id-00094	1	2	18	4.7
id-00095	4	4	5	4.6
id-00096	7	6	6	3.4
id-00097	1	2	8	3.7
id-00098	10	19	23	3.8
id-00099	10	4	16	4.0
id-00100	8	7	25	3.9
id-00101	10	17	29	4.1
id-00102	10	16	2	3.4
id-00103	6	4	24	3.2
id-00104	4	3	24	3.1
id-00105	8	9	17	3.8
id-00106	7	2	10	4.3
id-00107	2	2	14	4.7
id-00108	6	3	17	4.9
id-00109	6	4	21	4.4
id-00110	9	5	27	4.3
id-00111	6	3	23	3.5
id-00112	2	4	25	3.0
id-00113	5	7	12	4.9
id-00114	6	6	18	4.9
id-00115	6	10	19	4.6
id-00116	4	6	8	3.2
id-00117	8	12	25	5.0
id-00118	2	3	28	3.7
id-00119	9	11	23	3.3
id-00120	6	11	17	4.2
id-00121	3	4	7	3.0
id-00122	1	2	24	4.6
id-00123	8	13	18	3.9
id-00124	3	4	5	4.3
id-00125	2	2	9	4.0
id-00126	7	13	5	4.6
id-00127	10	11	28	3.7
id-00128	7	2	18	4.1
id-00129	10	19	14	3.8
id-00130	10	20	15	4.1
id-00131	5	2	19	4.0
id-00132	3	4	9	4.1
id-00133	9	2	2	4.8
id-00134	5	2	23	3.4
id-00135	2	4	12	4.5
id-00136	6	10	17	3.2
id-00137	3	4	24	4.7
id-00138	10	11	11	3.3
id-00139	4	8	24	4.0
id-00140	5	10	12	4.5
id-00141	2	2	1	3.1
id-00142	3	5	21	3.3
id-00143	5	8	21	3.8
id-00144	9	10	10	3.5
id-00145	2	4	25	3.4
id-00146	2	2	14	3.9
id-00147	8	10	18	3.1
id-00148	9	12	13	3.6
id-00149	4	6	22	3.6
id-00150	2	2	24	3.6
id-00151	4	4	6	4.6
id-00152	1	2	26	4.1
id-00153	7	7	5	3.2
id-00154	1	2	7	4.7
id-00155	5	7	3	3.9
id-00156	10	11	24	4.2
id-00157	8	4	8	3.6
id-00158	9	9	5	4.5
id-00159	3	3	10	4.2
id-00160	5	7	27	4.7
id-00161	7	7	4	3.2
id-00162	10	3	26	3.5
id-00163	6	8	14	4.3
id-00164	7	2	22	3.7
id-00165	7	4	17	3.2
id-00166	1	2	11	4.9
id-00167	2	2	29	4.2
id-00168	2	3	2	3.3
id-00169	5	3	11	3.3
id-00170	3	2	26	3.6
id-00171	1	2	8	4.2
id-00172	6	5	1	4.2
id-00173	6	4	23	3.6
id-00174	6	9	24	4.0
id-00175	2	3	5	4.9
id-00176	1	2	27	4.1
id-00177	4	6	17	3.9
id-00178	6	12	2	3.8
id-00179	6	12	29	3.6
id-00180	6	12	5	3.8
id-00181	5	6	3	3.1
id-00182	8	2	17	3.1
id-00183	2	2	18	3.9
id-00184	7	6	8	3.8
id-00185	5	5	19	4.1
id-00186	2	4	9	4.6
id-00187	2	4	24	4.9
id-00188	8	14	21	4.1
id-00189	10	6	9	3.3
id-00190	7	9	12	3.9
id-00191	9	17	24	4.4
id-00192	4	7	6	4.1
id-00193	2	3	29	3.5
id-00194	9	11	4	4.8
id-00195	6	2	17	4.9
id-00196	1	2	7	4.0
id-00197	4	5	13	4.2
id-00198	6	10	11	3.4
id-00199	7	2	14	4.3
id-00200	6	8	1	3.1
id-00201	1	2	14	4.7
id-00202	10	8	18	4.8
id-00203	3	4	13	3.8
id-00204	4	7	2	4.7
id-00205	2	2	6	4.4
id-00206	3	6	27	4.6
id-00207	10	17	3	3.1
id-00208	3	3	9	4.2
id-00209	5	5	25	4.4
id-00210	10	3	17	3.2
id-00211	8	12	1	4.1
id-00212	4	3	4	4.3
id-00213	5	2	7	4.9
id-00214	2	2	25	4.7
id-00215	8	9	20	4.5
id-00216	8	7	25	4.4
id-00217	2	3	14	4.3
id-00218	7	11	5	3.7
id-00219	9	6	17	4.2
id-00220	9	15	23	3.8
id-00221	1	2	15	4.9
id-00222	2	2	29	3.5
id-00223	5	7	19	3.3
id-00224	3	4	20	3.5
id-00225	3	5	26	3.3
id-00226	1	2	23	4.8
id-00227	5	10	23	4.4
id-00228	7	5	13	3.5
id-00229	4	7	9	3.2
id-00230	9	10	29	4.3
id-00231	10	17	7	3.9
id-00232	1	2	11	3.7
id-00233	8	16	6	3.7
id-00234	6	7	4	5.0
id-00235	2	4	2	4.1
id-00236	3	3	19	4.0
id-00237	5	6	3	4.4
id-00238	1	2	17	4.9
id-00239	8	12	13	4.9
id-00240	4	8	1	4.9
id-00241	7	7	25	3.8
id-00242	2	2	24	4.0
id-00243	4	6	28	4.7
id-00244	3	4	20	5.0
id-00245	2	3	14	3.6
id-00246	7	12	19	5.0
id-00247	10	6	21	4.5
id-00248	1	2	13	4.3
id-00249	9	16	14	4.2
id-00250	3	2	9	3.6
id-00251	8	14	5	3.8
id-00252	4	3	1	4.5
id-00253	1	2	12	3.4
id-00254	4	5	13	3.7
id-00255	10	2	16	4.3
id-00256	6	7	11	3.6
id-00257	1	2	8	4.4
id-00258	4	8	24	4.3
id-00259	2	2	17	4.1
id-00260	2	4	17	4.2
id-00261	3	6	10	4.9
id-00262	9	3	21	4.1
id-00263	7	3	11	4.7
id-00264	2	3	28	3.6
id-00265	1	2	19	3.3
id-00266	6	12	18	4.3
id-00267	10	12	17	3.6
id-00268	4	4	15	4.7
id-00269	4	8	7	3.9
id-00270	2	3	13	3.2
id-00271	3	5	3	5.0
id-00272	9	4	12	4.0
id-00273	2	3	13	3.7
id-00274	6	4	20	3.1
id-00275	6	9	3	3.2
id-00276	4	2	18	4.6
id-00277	1	2	5	3.2
id-00278	9	3	1	4.0
id-00279	9	4	11	3.6
id-00280	1	2	10	4.2
id-00281	10	3	20	5.0
id-00282	6	2	10	3.8
id-00283	4	2	12	3.3
id-00284	9	5	19	4.0
id-00285	6	4	19	3.9
id-00286	2	4	30	3.4
id-00287	2	3	10	3.2
id-00288	9	10	11	4.9
id-00289	4	4	5	5.0
id-00290	7	13	1	3.9
id-00291	2	4	11	3.1
id-00292	5	4	20	3.3
id-00293	2	2	20	4.5
id-00294	7	8	4	3.5
id-00295	2	4	27	4.2
id-00296	2	3	19	3.2
id-00297	10	8	3	4.2
id-00298	1	2	28	3.7
id-00299	5	7	4	3.3
id-00300	5	5	13	4.7
id-00301	5	5	29	4.2
id-00302	7	7	26	3.6
id-00303	8	10	26	3.5
id-00304	3	2	12	3.4
id-00305	2	4	22	3.3
id-00306	1	2	27	3.7
id-00307	8	12	28	4.2
id-00308	3	5	20	4.2
id-00309	9	4	21	3.1
id-00310	6	4	7	4.6
id-00311	8	2	19	4.4
id-00312	3	2	13	3.5
id-00313	8	5	11	4.7
id-00314	1	2	1	3.5
id-00315	10	4	5	4.7
id-00316	1	2	23	4.0
id-00317	6	7	7	4.3
id-00318	9	13	6	3.3
id-00319	6	3	12	3.1
id-00320	6	8	8	5.0
id-00321	5	5	3	3.7
id-00322	6	2	30	3.6
id-00323	3	3	17	3.7
id-00324	8	6	12	3.4
id-00325	9	6	8	4.5
id-00326	6	2	16	3.6
id-00327	3	4	4	3.7
id-00328	2	4	10	4.8
id-00329	8	11	3	4.8
id-00330	4	4	8	3.8
id-00331	3	3	17	3.1
id-00332	7	2	20	3.8
id-00333	7	9	25	3.9
id-00334	7	3	29	4.3
id-00335	5	5	14	3.6
id-00336	6	4	25	4.0
id-00337	9	13	10	4.9
id-00338	7	3	24	3.7
id-00339	10	16	10	3.2
id-00340	4	5	12	3.2
id-00341	5	10	16	4.9
id-00342	9	4	9	4.1
id-00343	2	3	26	4.2
id-00344	3	6	9	4.7
id-00345	9	13	24	4.3
id-00346	5	5	13	4.9
id-00347	6	8	5	3.9
id-00348	1	2	22	3.7
id-00349	5	10	14	4.0
id-00350	7	14	19	4.1
id-00351	5	2	10	4.6
id-00352	5	4	20	3.8
id-00353	6	2	6	4.2
id-00354	2	3	4	4.5
id-00355	9	5	2	4.1
id-00356	5	3	30	4.9
id-00357	1	2	18	3.4
id-00358	10	14	15	5.0
id-00359	3	3	12	4.1
id-00360	10	15	25	3.3
id-00361	2	2	11	4.1
id-00362	3	2	17	4.7
id-00363	5	9	18	4.5
id-00364	8	9	23	4.1
id-00365	3	6	19	3.3
id-00366	5	7	9	3.6
id-00367	2	3	20	3.4
id-00368	4	2	23	3.8
id-00369	1	2	23	3.4
id-00370	5	9	5	3.4
id-00371	6	5	25	3.1
id-00372	3	4	8	4.0
id-00373	6	10	16	4.0
id-00374	9	7	10	4.3
id-00375	7	5	29	4.7
id-00376	7	6	27	4.1
id-00377	10	14	24	3.2
id-00378	7	2	4	3.8
id-00379	9	7	9	3.0
id-00380	3	4	10	3.5
id-00381	10	5	23	3.0
id-00382	3	4	9	4.8
id-00383	9	11	17	4.9
id-00384	6	10	5	3.5
id-00385	2	3	9	4.1
id-00386	8	5	10	4.0
id-00387	1	2	29	4.4
id-00388	5	3	5	4.6
id-00389	5	2	20	3.1
id-00390	3	3	26	4.2
id-00391	5	8	29	4.2
id-00392	3	2	7	3.1
id-00393	7	6	29	4.6
id-00394	7	13	15	4.6
id-00395	9	17	26	4.1
id-00396	10	19	28	4.4
id-00397	4	2	23	4.6
id-00398	7	13	28	4.7
id-00399	1	2	26	4.2
id-00400	4	5	9	4.0
id-00401	6	10	9	3.4
id-00402	3	6	12	4.3
id-00403	1	2	8	4.7
id-00404	7	2	20	4.9
id-00405	2	2	30	3.6
id-00406	2	3	30	3.3
id-00407	9	6	13	3.6
id-00408	2	4	6	4.9
id-00409	7	5	10	4.2
id-00410	9	18	26	3.7
id-00411	5	9	28	3.0
id-00412	5	10	11	4.9
id-00413	1	2	15	3.9
id-00414	2	4	9	3.8
id-00415	9	18	7	4.9
id-00416	4	2	25	4.8
id-00417	5	2	12	4.9
id-00418	4	2	11	3.5
id-00419	1	2	15	3.8
id-00420	10	17	12	4.8
id-00421	5	2	3	3.9
id-00422	6	2	30	3.2
id-00423	4	3	14	4.4
id-00424	4	7	20	4.9
id-00425	10	8	28	4.0
id-00426	10	14	1	3.0
id-00427	6	2	3	4.9
id-00428	7	8	1	4.8
id-00429	5	8	6	5.0
id-00430	6	3	23	4.0
id-00431	1	2	14	4.0
id-00432	4	2	8	4.9
id-00433	5	6	12	4.6
id-00434	1	2	7	4.1
id-00435	9	9	19	3.2
id-00436	9	17	20	4.2
id-00437	3	6	28	3.5
id-00438	8	3	3	4.9
id-00439	8	6	13	4.4
id-00440	2	3	8	4.6
id-00441	1	2	20	4.0
id-00442	10	4	7	4.6
id-00443	9	17	4	4.7
id-00444	6	2	2	4.8
id-00445	10	5	27	3.2
id-00446	8	10	29	4.5
id-00447	5	9	15	5.0
id-00448	5	4	23	3.2
id-00449	4	6	8	4.4
id-00450	10	19	24	3.4
id-00451	3	2	5	3.2
id-00452	1	2	1	4.9
id-00453	6	9	16	3.7
id-00454	3	4	25	4.5
id-00455	1	2	26	4.9
id-00456	8	6	17	3.8
id-00457	8	6	12	4.7
id-00458	9	2	9	3.2
id-00459	4	7	25	3.5
id-00460	9	8	20	4.8
id-00461	2	2	12	3.3
id-00462	10	3	20	3.4
id-00463	1	2	30	4.5
id-00464	10	7	26	3.1
id-00465	8	10	30	4.0
id-00466	9	3	6	3.8
id-00467	3	5	28	4.9
id-00468	6	9	3	3.2
id-00469	9	12	16	3.8
id-00470	8	10	12	3.6
id-00471	2	4	18	4.0
id-00472	4	5	21	3.9
id-00473	5	2	11	4.6
id-00474	5	3	10	5.0
id-00475	9	5	11	4.6
id-00476	9	13	25	4.6
id-00477	9	3	11	4.3
id-00478	6	11	30	3.7
id-00479	8	12	8	3.6
id-00480	3	2	14	4.3
id-00481	1	2	30	3.6
id-00482	3	2	1	3.2
id-00483	2	3	13	3.9
id-00484	10	4	9	3.5
id-00485	10	9	27	3.4
id-00486	4	3	19	3.3
id-00487	3	2	28	4.9
id-00488	8	13	12	3.8
id-00489	10	20	15	4.4
id-00490	8	16	23	4.7
id-00491	10	15	17	3.6
id-00492	8	9	21	3.0
id-00493	9	3	1	3.8
id-00494	4	8	5	4.1
id-00495	8	4	9	4.0
id-00496	1	2	11	4.1
id-00497	9	9	29	4.2
id-00498	2	2	8	5.0
id-00499	7	13	30	4.4
id-00500	3	2	20	5.0
id-00501	1	2	16	4.2
id-00502	3	6	3	4.8
id-00503	4	5	28	3.0
id-00504	7	12	13	4.2
id-00505	3	6	18	4.3
id-00506	1	2	24	4.5
id-00507	1	2	8	4.6
id-00508	4	6	14	3.3
id-00509	6	2	1	4.0
id-00510	8	9	3	4.2
id-00511	6	7	14	4.9
id-00512	1	2	2	4.2
id-00513	6	7	8	3.8
id-00514	8	16	8	3.1
id-00515	6	12	26	3.3
id-00516	5	10	4	4.8
id-00517	7	6	28	4.5
id-00518	9	10	24	3.7
id-00519	4	3	12	5.0
id-00520	10	5	5	3.8
id-00521	8	2	18	3.3
id-00522	7	14	18	4.1
id-00523	7	6	19	4.9
id-00524	9	7	2	4.0
id-00525	4	2	18	4.2
id-00526	1	2	29	3.6
id-00527	7	7	24	4.6
id-00528	8	10	29	4.4
id-00529	6	9	18	3.6
id-00530	10	9	19	4.4
id-00531	10	11	19	3.8
id-00532	4	8	26	5.0
id-00533	5	4	23	3.7
id-00534	6	8	5	3.6
id-00535	8	2	11	3.0
id-00536	10	9	30	4.1
id-00537	5	2	8	4.2
id-00538	4	7	20	3.3
id-00539	5	8	16	4.6
id-00540	5	5	23	3.4
id-00541	6	7	27	3.0
id-00542	7	6	25	4.4
id-00543	10	2	27	4.7
id-00544	4	5	6	4.8
id-00545	6	7	22	4.4
id-00546	7	6	10	4.8
id-00547	6	4	10	3.0
id-00548	7	6	5	4.3
id-00549	2	4	18	3.3
id-00550	5	10	13	3.5
id-00551	1	2	29	4.9
id-00552	5	8	13	3.2
id-00553	9	15	28	4.1
id-00554	8	3	5	4.5
id-00555	9	9	4	4.1
id-00556	4	2	29	4.9
id-00557	9	16	17	3.8
id-00558	8	11	25	4.3
id-00559	4	5	25	3.5
id-00560	1	2	22	4.2
id-00561	10	17	14	4.2
id-00562	10	6	3	4.1
id-00563	7	4	3	4.4
id-00564	9	2	9	4.7
id-00565	7	4	28	4.3
id-00566	3	4	18	4.8
id-00567	8	13	18	3.1
id-00568	7	4	18	3.8
id-00569	9	7	23	3.1
id-00570	4	2	24	4.4
id-00571	1	2	21	4.1
id-00572	1	2	14	4.9
id-00573	9	5	18	3.7
id-00574	5	9	2	3.3
id-00575	4	8	18	4.3
id-00576	6	6	5	4.7
id-00577	3	4	7	4.1
id-00578	4	3	15	3.2
id-00579	2	4	16	4.0
id-00580	7	7	13	4.4
id-00581	8	2	2	3.1
id-00582	8	14	27	3.6
id-00583	5	2	23	4.8
id-00584	6	9	9	4.6
id-00585	4	8	10	4.9
id-00586	7	8	30	3.4
id-00587	1	2	6	3.9
id-00588	6	10	7	4.2
id-00589	1	2	27	3.6
id-00590	8	7	4	4.0
id-00591	9	8	7	4.0
id-00592	10	2	24	4.3
id-00593	5	5	28	3.7
id-00594	5	10	25	5.0
id-00595	6	7	11	3.3
id-00596	8	6	15	3.4
id-00597	2	2	22	3.4
id-00598	9	9	20	3.2
id-00599	5	6	7	3.1
id-00600	7	8	10	3.5
id-00601	2	4	27	4.9
id-00602	2	3	28	4.9
id-00603	9	8	29	3.3
id-00604	7	13	27	4.5
id-00605	9	18	29	3.9
id-00606	2	4	21	4.4
id-00607	4	4	19	3.4
id-00608	5	8	25	3.3
id-00609	1	2	7	3.7
id-00610	10	19	4	3.3
id-00611	9	9	12	3.2
id-00612	4	6	24	4.9
id-00613	3	2	14	4.1
id-00614	8	3	19	3.1
id-00615	7	4	25	3.5
id-00616	4	7	28	4.5
id-00617	5	5	11	3.2
id-00618	3	4	10	3.1
id-00619	1	2	1	4.4
id-00620	9	3	2	4.1
id-00621	7	5	28	3.6
id-00622	6	11	22	3.4
id-00623	10	11	10	3.0
id-00624	9	4	18	4.4
id-00625	6	2	22	4.7
id-00626	6	2	21	3.4
id-00627	7	2	20	3.5
id-00628	6	5	8	4.1
id-00629	7	6	28	3.9
id-00630	2	3	1	4.8
id-00631	3	6	17	4.6
id-00632	2	2	20	4.6
id-00633	3	4	3	4.9
id-00634	9	15	14	4.2
id-00635	8	8	18	4.5
id-00636	2	4	16	3.9
id-00637	7	10	24	4.8
id-00638	10	12	30	3.1
id-00639	6	8	11	4.0
id-00640	2	2	17	3.4
id-00641	8	12	30	4.8
id-00642	4	4	18	3.2
id-00643	4	6	8	4.0
id-00644	1	2	15	3.6
id-00645	9	18	4	4.2
id-00646	8	14	5	4.6
id-00647	9	6	10	4.1
id-00648	4	7	19	4.1
id-00649	10	14	19	3.5
id-00650	9	12	23	3.6
id-00651	5	7	12	3.9
id-00652	7	6	4	5.0
id-00653	10	7	21	3.3
id-00654	4	5	3	3.4
id-00655	3	2	21	3.2
id-00656	6	9	7	4.2
id-00657	8	10	26	3.9
id-00658	7	12	7	4.5
id-00659	5	9	30	3.4
id-00660	1	2	5	3.9
id-00661	4	4	11	3.3
id-00662	6	11	20	3.4
id-00663	5	4	13	3.7
id-00664	4	7	6	3.5
id-00665	3	5	3	3.6
id-00666	7	11	15	3.6
id-00667	3	6	5	3.5
id-00668	6	6	6	4.4
id-00669	10	3	18	3.9
id-00670	8	13	22	3.3
id-00671	1	2	2	3.1
id-00672	4	3	2	3.7
id-00673	8	6	15	4.3
id-00674	8	6	17	4.6
id-00675	7	13	17	4.8
id-00676	6	12	17	4.4
id-00677	6	12	9	3.3
id-00678	2	2	29	4.2
id-00679	3	5	14	3.8
id-00680	5	7	2	3.9
id-00681	10	11	6	3.1
id-00682	3	4	8	4.5
id-00683	4	3	16	3.5
id-00684	4	4	17	4.7
id-00685	2	4	19	3.5
id-00686	1	2	7	3.6
id-00687	3	5	6	3.6
id-00688	8	2	21	3.9
id-00689	9	12	26	4.6
id-00690	9	7	15	3.5
id-00691	5	8	4	3.1
id-00692	9	7	14	3.9
id-00693	1	2	30	3.6
id-00694	3	4	15	3.9
id-00695	1	2	19	4.2
id-00696	3	6	10	3.6
id-00697	7	3	1	4.8
id-00698	9	16	27	4.0
id-00699	2	2	16	3.0
id-00700	7	8	22	4.7
id-00701	2	3	11	3.3
id-00702	1	2	12	4.3
id-00703	1	2	28	3.5
id-00704	2	2	17	4.2
id-00705	7	3	16	4.1
id-00706	8	11	11	4.1
id-00707	6	6	6	3.4
id-00708	3	5	27	3.4
id-00709	2	2	15	4.2
id-00710	3	4	27	3.6
id-00711	2	4	24	4.9
id-00712	1	2	28	4.3
id-00713	9	9	10	4.3
id-00714	5	9	20	3.4
id-00715	4	8	8	4.0
id-00716	7	5	8	4.5
id-00717	6	6	27	4.8
id-00718	2	3	4	4.2
id-00719	10	17	23	3.9
id-00720	3	3	27	3.7
id-00721	10	8	27	3.4
id-00722	3	2	8	4.6
id-00723	9	7	9	3.7
id-00724	2	2	13	4.2
id-00725	10	6	8	3.3
id-00726	2	2	19	3.8
id-00727	8	15	19	3.7
id-00728	4	6	28	3.5
id-00729	6	10	10	4.6
id-00730	1	2	24	3.9
id-00731	5	8	9	4.8
id-00732	5	7	24	3.7
id-00733	8	16	2	3.1
id-00734	1	2	11	3.4
id-00735	8	16	20	3.5
id-00736	4	2	28	4.7
id-00737	10	4	25	4.2
id-00738	9	6	4	4.5
id-00739	2	2	15	3.4
id-00740	8	8	27	4.8
id-00741	3	5	18	4.3
id-00742	9	4	30	3.0
id-00743	3	5	12	4.3
id-00744	10	12	3	3.5
id-00745	10	13	27	4.9
id-00746	5	6	12	3.1
id-00747	4	5	26	4.4
id-00748	1	2	11	4.5
id-00749	4	2	8	3.2
id-00750	6	5	22	3.7
id-00751	7	6	13	4.6
id-00752	4	6	20	4.8
id-00753	2	3	5	4.4
id-00754	3	3	10	4.7
id-00755	2	4	19	4.0
id-00756	5	4	11	4.5
id-00757	2	4	6	4.4
id-00758	4	5	17	4.1
id-00759	5	9	28	4.6
id-00760	6	5	8	5.0
id-00761	4	4	11	4.3
id-00762	3	3	23	3.5
id-00763	5	5	6	3.3
id-00764	7	13	28	3.6
id-00765	6	8	9	3.7
id-00766	4	3	11	3.1
id-00767	2	3	17	4.2
id-00768	8	6	5	3.3
id-00769	7	3	26	4.3
id-00770	2	2	11	4.0
id-00771	4	6	23	4.0
id-00772	9	2	16	3.2
id-00773	10	8	7	3.2
id-00774	6	11	30	3.8
id-00775	9	12	17	4.4
id-00776	10	20	29	3.9
id-00777	2	2	28	3.6
id-00778	5	7	11	3.8
id-00779	9	14	10	3.1
id-00780	7	7	29	4.1
id-00781	2	4	14	3.1
id-00782	3	4	5	5.0
id-00783	9	4	20	4.1
id-00784	2	2	25	4.1
id-00785	2	4	26	4.8
id-00786	4	3	1	3.1
id-00787	10	14	15	4.7
id-00788	1	2	26	4.9
id-00789	7	10	8	3.7
id-00790	10	2	25	3.6
id-00791	10	16	16	3.8
id-00792	10	3	21	4.9
id-00793	5	6	3	4.3
id-00794	3	3	5	3.4
id-00795	5	5	15	3.0
id-00796	9	7	25	4.0
id-00797	7	2	2	3.4
id-00798	2	2	19	4.4
id-00799	7	2	8	3.5
id-00800	5	2	29	3.3
id-00801	1	2	9	4.6
id-00802	5	3	23	4.5
id-00803	5	7	1	4.3
id-00804	6	9	28	4.5
id-00805	7	6	28	3.9
id-00806	9	3	13	4.2
id-00807	5	4	30	3.2
id-00808	7	4	10	4.4
id-00809	8	9	14	5.0
id-00810	8	16	24	4.9
id-00811	4	5	8	4.2
id-00812	2	3	2	4.3
id-00813	4	8	3	3.1
id-00814	9	8	16	4.5
id-00815	8	16	6	4.9
id-00816	4	3	4	4.2
id-00817	3	6	26	4.5
id-00818	2	2	10	4.0
id-00819	10	9	26	4.6
id-00820	10	19	30	3.5
id-00821	6	6	30	4.2
id-00822	5	4	11	3.8
id-00823	5	8	19	3.2
id-00824	4	8	4	3.7
id-00825	9	3	24	5.0
id-00826	1	2	29	3.6
id-00827	7	13	24	4.6
id-00828	7	5	19	4.9
id-00829	8	10	30	3.9
id-00830	2	3	7	4.9
id-00831	4	5	13	4.1
id-00832	7	5	10	3.1
id-00833	8	6	5	4.6
id-00834	6	4	20	4.7
id-00835	2	3	6	3.1
id-00836	6	9	4	3.5
id-00837	6	11	25	3.9
id-00838	8	2	7	3.2
id-00839	1	2	29	3.5
id-00840	10	6	9	3.2
id-00841	7	2	17	3.3
id-00842	1	2	21	4.9
id-00843	4	3	20	3.7
id-00844	2	4	5	3.3
id-00845	6	12	24	3.0
id-00846	9	13	6	3.5
id-00847	6	6	7	3.4
id-00848	5	2	28	3.6
id-00849	10	4	15	4.7
id-00850	2	4	12	3.5
id-00851	8	2	23	4.8
id-00852	1	2	14	3.3
id-00853	2	2	26	5.0
id-00854	10	10	4	3.1
id-00855	3	2	23	3.6
id-00856	1	2	3	3.2
id-00857	5	2	21	3.4
id-00858	1	2	8	3.5
id-00859	8	9	6	4.8
id-00860	6	3	18	3.6
id-00861	8	13	20	3.9
id-00862	4	6	28	3.9
id-00863	2	4	4	4.9
id-00864	3	4	29	3.2
id-00865	7	2	19	4.6
id-00866	5	10	23	3.3
id-00867	4	2	27	4.3
id-00868	9	4	19	3.2
id-00869	7	9	5	3.2
id-00870	4	3	1	4.0
id-00871	8	5	18	4.5
id-00872	1	2	14	4.3
id-00873	4	8	5	3.5
id-00874	7	4	29	3.0
id-00875	7	13	13	4.3
id-00876	2	2	20	4.3
id-00877	5	9	1	4.7
id-00878	5	9	9	4.6
id-00879	1	2	11	3.9
id-00880	8	8	27	3.8
id-00881	5	2	30	4.8
id-00882	4	5	17	5.0
id-00883	6	6	12	4.9
id-00884	7	12	28	4.1
id-00885	7	7	1	4.7
id-00886	7	4	18	3.7
id-00887	3	4	13	4.8
id-00888	8	7	29	3.2
id-00889	2	4	9	4.8
id-00890	10	11	18	3.7
id-00891	3	4	11	4.7
id-00892	6	7	11	4.6
id-00893	5	8	1	4.9
id-00894	2	4	14	3.1
id-00895	4	4	22	3.4
id-00896	2	3	1	3.3
id-00897	2	3	2	3.9
id-00898	10	6	30	3.4
id-00899	9	14	24	3.3
id-00900	9	16	14	4.9
id-00901	10	10	4	3.8
id-00902	10	7	6	3.8
id-00903	9	17	30	4.9
id-00904	6	4	25	3.3
id-00905	1	2	12	3.1
id-00906	7	13	8	3.6
id-00907	2	3	3	4.6
id-00908	2	3	3	3.3
id-00909	3	6	16	5.0
id-00910	5	3	24	4.8
id-00911	2	3	10	4.5
id-00912	8	2	18	4.1
id-00913	4	6	17	4.7
id-00914	5	6	21	3.7
id-00915	1	2	5	3.9
id-00916	8	2	26	4.7
id-00917	2	3	12	4.2
id-00918	3	5	27	3.9
id-00919	2	2	15	3.1
id-00920	8	2	8	3.4
id-00921	6	7	20	4.6
id-00922	10	6	29	4.0
id-00923	1	2	1	3.9
id-00924	7	11	14	3.0
id-00925	1	2	10	3.1
id-00926	2	4	7	4.7
id-00927	5	8	1	3.5
id-00928	2	3	10	3.7
id-00929	4	6	3	3.1
id-00930	8	6	23	4.4
id-00931	4	6	2	3.6
id-00932	7	8	27	4.2
id-00933	6	6	24	4.2
id-00934	5	2	23	4.9
id-00935	8	8	1	3.1
id-00936	4	8	25	3.9
id-00937	9	11	26	4.7
id-00938	2	2	15	3.5
id-00939	10	16	26	3.6
id-00940	4	6	17	4.6
id-00941	10	15	30	4.5
id-00942	7	9	19	3.4
id-00943	4	8	14	4.9
id-00944	1	2	23	3.4
id-00945	9	4	8	4.9
id-00946	4	3	6	3.3
id-00947	4	7	24	3.4
id-00948	6	4	10	3.0
id-00949	6	11	1	4.7
id-00950	3	3	26	3.2
id-00951	1	2	28	4.6
id-00952	7	4	10	3.1
id-00953	1	2	23	3.0
id-00954	7	7	14	4.6
id-00955	3	6	19	3.8
id-00956	4	6	14	3.5
id-00957	10	6	23	4.7
id-00958	6	2	27	3.1
id-00959	3	5	1	3.7
id-00960	1	2	27	4.6
id-00961	3	4	6	4.5
id-00962	1	2	27	3.8
id-00963	4	4	10	4.5
id-00964	10	3	24	3.0
id-00965	10	8	15	3.5
id-00966	5	7	23	4.6
id-00967	7	13	5	3.5
id-00968	10	13	2	3.5
id-00969	5	2	6	3.9
id-00970	4	3	10	4.6
id-00971	10	12	29	3.9
id-00972	1	2	5	4.4
id-00973	3	5	18	4.9
id-00974	7	8	27	4.0
id-00975	10	10	28	3.8
id-00976	6	3	12	3.0
id-00977	4	8	23	4.3
id-00978	3	2	8	4.7
id-00979	2	4	10	4.3
id-00980	10	10	18	4.7
id-00981	8	13	14	3.9
id-00982	3	4	5	3.7
id-00983	2	2	19	4.2
id-00984	9	12	1	4.0
id-00985	9	16	11	4.7
id-00986	1	2	11	4.6
id-00987	1	2	20	3.6
id-00988	8	10	11	3.8
id-00989	5	7	13	4.3
id-00990	4	7	17	4.2
id-00991	2	2	10	3.7
id-00992	6	2	19	3.3
id-00993	5	7	3	3.1
id-00994	6	6	28	4.4
id-00995	7	14	20	4.5
id-00996	3	5	12	3.2
id-00997	10	6	24	4.5
id-00998	3	3	4	3.4
id-00999	6	5	7	3.1
id-01000	5	3	25	3.6
id-01001	1	2	20	3.0
id-01002	5	7	16	3.6
id-01003	8	12	20	3.5
id-01004	6	7	20	3.8
id-01005	2	3	1	4.0
id-01006	1	2	6	4.4
id-01007	1	2	15	3.4
id-01008	6	6	7	4.9
id-01009	6	9	20	4.6
id-01010	2	4	7	3.6
id-01011	3	6	20	3.6
id-01012	8	3	1	3.2
id-01013	3	5	6	3.8
id-01014	3	6	25	3.4
id-01015	4	6	14	3.8
id-01016	7	4	8	3.2
id-01017	6	6	29	4.9
id-01018	3	6	12	4.8
id-01019	1	2	22	3.9
id-01020	2	2	28	4.6
id-01021	9	10	17	4.4
id-01022	5	10	23	3.5
id-01023	5	7	22	4.8
id-01024	6	11	3	3.3
id-01025	10	14	24	3.7
id-01026	6	11	8	3.0
id-01027	4	2	10	3.3
id-01028	1	2	25	3.7
id-01029	2	2	27	4.7
id-01030	10	6	22	4.2
id-01031	6	9	7	4.3
id-01032	8	16	17	3.7
id-01033	10	15	7	3.9
id-01034	9	4	12	4.7
id-01035	4	7	3	4.0
id-01036	4	6	16	3.2
id-01037	9	18	9	4.8
id-01038	5	3	20	3.9
id-01039	9	14	17	4.2
id-01040	10	3	4	4.3
id-01041	2	3	9	4.2
id-01042	1	2	5	3.7
id-01043	3	6	4	3.8
id-01044	10	7	13	3.0
id-01045	4	4	2	3.6
id-01046	5	6	16	4.0
id-01047	3	6	21	3.2
id-01048	8	16	3	3.2
id-01049	5	4	5	4.5
id-01050	3	4	9	4.7
id-01051	2	4	18	3.5
id-01052	5	2	22	3.4
id-01053	5	4	2	4.4
id-01054	2	2	1	5.0
id-01055	10	19	16	3.7
id-01056	3	2	21	4.9
id-01057	4	4	13	4.9
id-01058	8	2	25	4.0
id-01059	9	3	5	3.4
id-01060	10	10	15	4.6
id-01061	9	4	14	4.4
id-01062	7	14	6	4.8
id-01063	9	16	23	4.8
id-01064	10	12	4	4.1
id-01065	4	6	23	5.0
id-01066	2	4	23	4.4
id-01067	7	7	6	4.8
id-01068	3	6	22	3.4
id-01069	3	5	20	4.0
id-01070	4	7	19	3.3
id-01071	10	11	10	3.3
id-01072	5	7	30	4.1
id-01073	3	6	29	3.9
id-01074	1	2	11	3.5
id-01075	7	9	22	5.0
id-01076	1	2	8	4.8
id-01077	2	3	17	4.2
id-01078	2	4	21	4.3
id-01079	7	5	1	3.6
id-01080	6	4	8	5.0
id-01081	5	3	26	4.1
id-01082	3	5	26	4.7
id-01083	2	2	25	4.8
id-01084	4	7	12	3.1
id-01085	3	5	15	4.4
id-01086	5	2	22	4.7
id-01087	10	14	17	3.1
id-01088	9	9	25	4.0
id-01089	2	2	29	3.4
id-01090	1	2	26	3.3
id-01091	5	9	29	3.2
id-01092	2	2	20	3.7
id-01093	3	5	21	4.0
id-01094	5	5	26	4.3
id-01095	6	4	2	3.0
id-01096	3	6	11	4.8
id-01097	5	4	4	3.2
id-01098	10	14	12	5.0
id-01099	4	6	13	3.2
id-01100	7	4	30	4.2
id-01101	4	5	30	4.2
id-01102	7	6	1	4.2
id-01103	8	7	12	3.1
id-01104	3	5	22	4.9
id-01105	8	9	19	4.2
id-01106	6	11	18	4.0
id-01107	9	2	5	4.4
id-01108	6	2	11	4.6
id-01109	9	7	3	4.0
id-01110	3	5	18	4.2
id-01111	9	8	22	3.6
id-01112	9	13	30	3.6
id-01113	9	12	22	4.4
id-01114	8	11	4	3.8
id-01115	1	2	15	3.2
id-01116	7	2	3	3.4
id-01117	8	16	1	5.0
id-01118	1	2	7	4.5
id-01119	10	14	11	3.6
id-01120	6	5	10	3.5
id-01121	5	5	21	3.5
id-01122	7	7	25	3.7
id-01123	5	4	2	3.6
id-01124	6	10	11	3.0
id-01125	2	2	5	3.8
id-01126	8	12	19	3.1
id-01127	2	4	16	3.4
id-01128	5	4	6	4.9
id-01129	5	3	8	3.2
id-01130	1	2	16	3.5
id-01131	4	6	15	3.1
id-01132	10	4	27	3.1
id-01133	2	3	10	4.0
id-01134	1	2	10	4.5
id-01135	6	3	11	3.0
id-01136	9	18	23	4.8
id-01137	7	6	25	3.4
id-01138	5	3	20	4.8
id-01139	8	9	19	4.4
id-01140	6	6	9	4.1
id-01141	1	2	26	3.4
id-01142	5	6	6	3.3
id-01143	4	2	23	3.8
id-01144	9	2	7	4.4
id-01145	3	3	6	4.7
id-01146	4	8	1	3.5
id-01147	5	10	3	5.0
id-01148	6	11	11	3.5
id-01149	10	10	3	3.6
id-01150	3	3	21	4.7
id-01151	3	3	15	4.8
id-01152	6	4	21	4.1
id-01153	7	6	11	4.0
id-01154	10	14	29	4.7
id-01155	7	7	13	5.0
id-01156	2	2	15	3.2
id-01157	3	6	8	4.0
id-01158	1	2	25	4.5
id-01159	7	4	1	3.8
id-01160	7	11	5	4.7
id-01161	9	6	13	3.3
id-01162	9	13	2	3.5
id-01163	4	5	12	4.0
id-01164	6	12	1	4.6
id-01165	4	3	17	4.5
id-01166	6	2	4	3.5
id-01167	5	9	22	3.3
id-01168	8	8	3	3.8
id-01169	2	3	8	3.7
id-01170	2	4	18	3.7
id-01171	7	4	19	4.8
id-01172	10	8	16	3.7
id-01173	1	2	13	3.8
id-01174	6	10	1	3.8
id-01175	5	3	18	4.8
id-01176	3	5	29	4.5
id-01177	7	5	28	4.4
id-01178	4	2	21	4.7
id-01179	3	6	27	3.8
id-01180	6	3	5	4.4
id-01181	4	5	6	3.5
id-01182	7	3	29	4.9
id-01183	8	5	18	4.0
id-01184	9	13	20	3.8
id-01185	2	3	6	3.9
id-01186	6	4	16	4.8
id-01187	2	4	11	4.2
id-01188	5	10	15	3.9
id-01189	10	15	4	3.2
id-01190	8	2	29	4.1
id-01191	10	16	14	3.7
id-01192	8	3	26	3.4
id-01193	4	3	15	4.4
id-01194	7	9	11	4.0
id-01195	4	5	23	3.5
id-01196	9	17	19	4.2
id-01197	7	4	6	4.5
id-01198	5	3	20	3.1
id-01199	3	4	9	3.0
id-01200	10	16	13	4.2
id-01201	4	8	12	4.6
id-01202	4	6	23	3.8
id-01203	9	11	4	4.1
id-01204	2	2	5	4.1
id-01205	5	9	4	3.6
id-01206	8	14	30	3.7
id-01207	9	18	9	4.3
id-01208	8	13	8	3.7
id-01209	10	13	4	3.8
id-01210	7	14	1	3.4
id-01211	10	5	5	3.4
id-01212	3	6	27	4.2
id-01213	6	6	28	4.6
id-01214	4	3	13	3.0
id-01215	1	2	21	3.2
id-01216	1	2	21	4.2
id-01217	8	13	22	4.8
id-01218	8	3	20	4.4
id-01219	6	4	6	4.1
id-01220	4	6	5	3.4
id-01221	7	4	4	3.3
id-01222	8	12	28	4.2
id-01223	3	2	19	3.8
id-01224	1	2	8	4.2
id-01225	2	2	18	3.1
id-01226	5	4	23	3.9
id-01227	1	2	24	4.4
id-01228	3	6	7	4.7
id-01229	1	2	9	3.7
id-01230	2	3	28	3.4
id-01231	6	2	11	4.7
id-01232	9	17	15	4.3
id-01233	4	6	20	3.0
id-01234	3	2	7	4.3
id-01235	4	3	8	4.8
id-01236	4	5	1	4.8
id-01237	10	18	15	4.7
id-01238	7	6	12	3.6
id-01239	4	7	24	5.0
id-01240	3	4	6	4.3
id-01241	3	2	28	3.3
id-01242	10	14	10	4.6
id-01243	5	7	7	3.6
id-01244	3	4	8	4.1
id-01245	10	4	6	4.2
id-01246	3	4	28	3.7
id-01247	10	19	27	3.8
id-01248	1	2	21	3.4
id-01249	3	6	12	4.5
id-01250	3	3	20	3.3
id-01251	6	3	27	4.1
id-01252	8	9	23	4.4
id-01253	5	2	12	4.4
id-01254	6	6	16	3.3
id-01255	1	2	19	4.4
id-01256	3	4	8	3.5
id-01257	8	14	7	4.4
id-01258	10	10	13	4.6
id-01259	2	2	4	3.5
id-01260	10	16	30	3.4
id-01261	9	9	14	4.3
id-01262	4	4	17	4.2
id-01263	9	18	14	4.1
id-01264	5	9	7	4.8
id-01265	10	9	3	4.6
id-01266	5	6	7	4.7
id-01267	8	11	30	3.1
id-01268	1	2	17	4.5
id-01269	8	13	5	4.0
id-01270	7	8	22	3.0
id-01271	6	2	20	3.8
id-01272	2	4	12	4.0
id-01273	3	6	15	4.2
id-01274	6	5	27	3.6
id-01275	5	8	10	4.6
id-01276	9	6	20	3.7
id-01277	2	3	24	3.6
id-01278	1	2	21	4.6
id-01279	6	9	30	4.2
id-01280	2	4	15	4.1
id-01281	1	2	15	4.9
id-01282	5	8	18	3.6
id-01283	7	9	18	4.0
id-01284	6	7	30	3.5
id-01285	10	7	8	4.3
id-01286	10	19	6	4.1
id-01287	6	4	25	3.3
id-01288	4	6	8	4.2
id-01289	2	3	2	3.2
id-01290	5	2	27	4.7
id-01291	8	5	30	4.5
id-01292	4	5	29	3.2
id-01293	4	6	15	3.2
id-01294	10	17	7	3.4
id-01295	2	2	20	3.4
id-01296	3	4	11	4.0
id-01297	1	2	27	4.8
id-01298	5	10	14	4.0
id-01299	4	4	17	4.7
id-01300	1	2	5	4.8
id-01301	7	4	26	4.5
id-01302	8	10	2	3.8
id-01303	9	5	7	4.8
id-01304	8	13	19	4.7
id-01305	8	10	16	4.4
id-01306	6	10	17	3.6
id-01307	4	5	1	3.1
id-01308	2	2	23	3.9
id-01309	3	6	15	4.7
id-01310	6	10	8	3.3
id-01311	4	4	19	3.3
id-01312	1	2	29	3.6
id-01313	7	8	10	4.0
id-01314	8	7	19	4.5
id-01315	8	15	29	4.2
id-01316	9	7	23	4.7
id-01317	2	2	15	4.6
id-01318	1	2	9	4.2
id-01319	9	9	11	3.2
id-01320	10	18	13	4.0
id-01321	8	6	17	4.3
id-01322	1	2	17	4.5
id-01323	1	2	13	3.7
id-01324	1	2	2	3.0
id-01325	10	6	21	4.0
id-01326	4	5	18	4.9
id-01327	5	3	3	3.6
id-01328	4	5	26	4.3
id-01329	4	2	6	4.0
id-01330	7	3	19	5.0
id-01331	9	11	2	4.6
id-01332	1	2	11	3.4
id-01333	5	3	6	3.5
id-01334	5	6	12	4.4
id-01335	5	5	8	3.6
id-01336	7	3	1	3.8
id-01337	4	5	23	4.3
id-01338	4	6	5	3.9
id-01339	5	4	27	3.2
id-01340	5	4	16	4.9
id-01341	10	20	12	4.5
id-01342	6	4	10	4.1
id-01343	9	18	27	4.5
id-01344	1	2	2	4.3
id-01345	7	8	13	3.5
id-01346	5	4	1	4.9
id-01347	5	5	28	4.7
id-01348	6	12	3	3.2
id-01349	7	10	27	3.9
id-01350	4	5	24	3.4
id-01351	7	4	4	4.6
id-01352	10	6	21	3.7
id-01353	8	16	21	3.0
id-01354	1	2	29	4.5
id-01355	7	11	7	3.4
id-01356	5	9	6	4.1
id-01357	6	12	3	4.4
id-01358	1	2	13	5.0
id-01359	7	8	8	3.7
id-01360	7	14	11	4.3
id-01361	6	7	3	4.5
id-01362	7	3	29	3.2
id-01363	10	20	7	3.3
id-01364	7	5	28	3.1
id-01365	5	6	17	4.2
id-01366	4	6	25	4.8
id-01367	9	17	7	3.0
id-01368	1	2	30	3.9
id-01369	8	16	22	4.0
id-01370	2	2	8	3.3
id-01371	3	6	2	3.4
id-01372	6	2	6	4.6
id-01373	5	8	12	3.5
id-01374	1	2	29	4.0
id-01375	9	6	4	4.4
id-01376	8	15	8	4.4
id-01377	1	2	10	3.2
id-01378	9	11	24	3.3
id-01379	2	3	22	3.1
id-01380	2	4	12	3.5
id-01381	4	3	20	4.3
id-01382	8	8	10	3.0
id-01383	8	9	30	3.6
id-01384	6	6	23	3.1
id-01385	7	7	14	3.9
id-01386	5	9	4	3.8
id-01387	5	10	5	4.4
id-01388	8	11	3	3.2
id-01389	8	8	25	3.1
id-01390	10	8	13	4.5
id-01391	10	15	9	4.0
id-01392	9	13	2	3.6
id-01393	5	10	15	3.9
id-01394	6	9	4	3.3
id-01395	3	3	2	3.6
id-01396	2	3	22	4.5
id-01397	4	7	26	4.8
id-01398	3	2	5	4.7
id-01399	9	2	29	3.8
id-01400	3	6	21	4.9
id-01401	5	7	30	3.7
id-01402	10	17	17	4.8
id-01403	5	9	28	3.4
id-01404	7	12	16	4.6
id-01405	1	2	16	3.5
id-01406	10	16	25	3.3
id-01407	4	5	6	3.4
id-01408	8	5	7	4.6
id-01409	10	2	25	4.7
id-01410	2	4	16	3.8
id-01411	3	6	3	4.7
id-01412	3	6	9	3.2
id-01413	9	16	16	4.4
id-01414	7	12	12	4.4
id-01415	10	15	29	4.9
id-01416	1	2	14	3.6
id-01417	2	2	16	4.2
id-01418	10	11	23	4.4
id-01419	2	2	24	4.1
id-01420	3	5	27	3.1
id-01421	2	4	13	4.2
id-01422	4	3	1	4.8
id-01423	7	10	26	3.5
id-01424	9	11	16	4.8
id-01425	8	16	24	4.2
id-01426	10	11	17	4.2
id-01427	9	12	16	3.9
id-01428	10	11	2	4.1
id-01429	9	10	16	3.3
id-01430	1	2	29	3.2
id-01431	2	2	29	4.5
id-01432	3	2	15	4.2
id-01433	9	8	9	3.2
id-01434	10	14	2	4.0
id-01435	4	5	13	3.2
id-01436	9	9	15	3.5
id-01437	3	6	8	4.9
id-01438	1	2	18	4.2
id-01439	5	2	19	3.7
id-01440	5	2	17	3.7
id-01441	5	10	18	4.3
id-01442	4	2	13	4.3
id-01443	1	2	12	3.5
id-01444	9	16	18	4.7
id-01445	8	4	30	4.4
id-01446	5	8	28	4.5
id-01447	1	2	19	4.4
id-01448	8	11	6	3.1
id-01449	3	3	8	4.4
id-01450	5	2	4	3.0
id-01451	8	7	12	4.8
id-01452	2	3	25	4.3
id-01453	10	7	29	4.3
id-01454	5	7	19	3.6
id-01455	4	7	8	3.1
id-01456	10	9	29	4.9
id-01457	9	8	20	4.9
id-01458	10	20	17	3.2
id-01459	10	8	7	3.9
id-01460	1	2	13	4.5
id-01461	9	11	1	3.3
id-01462	9	2	6	4.8
id-01463	2	2	20	4.1
id-01464	6	2	20	4.7
id-01465	7	5	19	3.5
id-01466	7	8	5	4.7
id-01467	1	2	6	4.5
id-01468	4	6	2	3.7
id-01469	4	3	23	3.9
id-01470	2	3	26	4.5
id-01471	1	2	5	4.7
id-01472	2	3	24	4.8
id-01473	6	6	5	4.5
id-01474	5	5	8	3.5
id-01475	1	2	28	3.4
id-01476	3	6	19	3.1
id-01477	5	6	16	3.7
id-01478	2	4	25	3.5
id-01479	9	14	22	3.8
id-01480	3	4	26	4.3
id-01481	3	5	13	4.4
id-01482	3	2	25	3.0
id-01483	9	15	8	4.8
id-01484	2	4	30	4.1
id-01485	7	7	7	3.4
id-01486	6	2	11	3.6
id-01487	6	6	20	4.9
id-01488	4	4	3	4.2
id-01489	7	12	27	3.7
id-01490	2	3	26	4.4
id-01491	1	2	22	4.7
id-01492	8	11	29	4.5
id-01493	8	8	22	4.9
id-01494	7	3	5	3.3
id-01495	3	6	4	4.2
id-01496	5	4	20	4.3
id-01497	8	16	1	4.0
id-01498	1	2	3	3.1
id-01499	3	3	16	3.5
id-01500	9	2	22	4.9
id-01501	7	8	8	3.8
id-01502	1	2	12	3.4
id-01503	7	9	5	4.3
id-01504	6	5	15	3.6
id-01505	8	13	27	4.6
id-01506	1	2	27	3.3
id-01507	1	2	3	3.2
id-01508	6	9	9	4.6
id-01509	5	3	15	4.9
id-01510	1	2	8	4.4
id-01511	7	12	2	3.9
id-01512	8	7	13	3.5
id-01513	8	7	1	4.5
id-01514	8	7	2	4.9
id-01515	10	10	4	3.5
id-01516	7	10	27	3.2
id-01517	9	18	20	4.9
id-01518	6	2	23	5.0
id-01519	1	2	18	3.5
id-01520	6	7	25	4.4
id-01521	6	3	22	4.2
id-01522	8	14	28	4.1
id-01523	8	12	20	4.9
id-01524	1	2	23	3.7
id-01525	4	6	14	3.7
id-01526	4	4	19	3.8
id-01527	3	5	28	3.6
id-01528	2	3	24	4.7
id-01529	9	10	5	3.3
id-01530	1	2	26	4.6
id-01531	3	4	8	4.8
id-01532	1	2	6	3.8
id-01533	3	3	23	4.9
id-01534	6	12	30	3.6
id-01535	2	3	29	3.2
id-01536	6	5	14	4.9
id-01537	7	5	7	3.4
id-01538	9	15	3	3.7
id-01539	2	2	22	4.3
id-01540	6	9	14	3.4
id-01541	3	3	13	3.3
id-01542	1	2	25	3.8
id-01543	1	2	1	3.1
id-01544	10	19	13	3.5
id-01545	10	9	14	3.1
id-01546	2	3	10	4.0
id-01547	6	5	28	3.9
id-01548	6	4	27	4.4
id-01549	1	2	5	3.5
id-01550	7	14	27	4.1
id-01551	4	5	18	4.8
id-01552	2	2	13	4.1
id-01553	7	3	5	3.6
id-01554	2	4	28	4.1
id-01555	1	2	21	4.7
id-01556	9	4	18	3.3
id-01557	4	2	27	4.7
id-01558	9	4	17	4.6
id-01559	6	3	27	4.4
id-01560	6	7	26	4.6
id-01561	3	2	20	3.8
id-01562	8	15	2	4.5
id-01563	9	2	26	4.7
id-01564	8	10	1	4.6
id-01565	9	5	24	3.2
id-01566	3	4	19	4.0
id-01567	2	2	7	4.6
id-01568	8	12	9	3.3
id-01569	7	10	29	4.5
id-01570	8	11	18	3.9
id-01571	8	6	23	3.6
id-01572	8	16	4	3.5
id-01573	9	5	25	3.5
id-01574	6	2	13	3.2
id-01575	8	5	28	4.7
id-01576	4	4	7	3.7
id-01577	2	4	25	3.2
id-01578	2	3	9	3.1
id-01579	5	7	18	4.4
id-01580	8	2	3	3.9
id-01581	5	2	23	4.4
id-01582	6	7	10	3.5
id-01583	1	2	11	3.0
id-01584	2	4	24	3.3
id-01585	7	2	13	3.6
id-01586	6	3	10	4.4
id-01587	3	6	9	4.0
id-01588	2	2	20	3.6
id-01589	9	6	22	3.1
id-01590	5	6	11	3.2
id-01591	3	4	21	3.1
id-01592	3	4	1	3.1
id-01593	4	3	19	3.8
id-01594	10	11	23	3.5
id-01595	5	10	17	4.2
id-01596	4	7	15	3.6
id-01597	8	11	21	4.3
id-01598	7	14	20	3.5
id-01599	5	8	4	4.3
id-01600	2	4	21	3.6
id-01601	4	2	24	4.1
id-01602	6	3	25	4.1
id-01603	9	11	15	4.3
id-01604	2	4	15	4.5
id-01605	10	17	12	3.9
id-01606	10	4	17	5.0
id-01607	6	9	27	3.1
id-01608	8	4	22	4.3
id-01609	1	2	20	3.5
id-01610	1	2	16	4.9
id-01611	6	6	29	3.7
id-01612	3	5	19	4.2
id-01613	6	7	2	4.2
id-01614	8	15	29	3.2
id-01615	10	6	8	4.2
id-01616	1	2	8	3.0
id-01617	1	2	1	3.8
id-01618	2	2	19	4.5
id-01619	9	9	21	4.0
id-01620	10	17	28	3.3
id-01621	4	3	5	4.2
id-01622	2	4	28	4.1
id-01623	10	8	11	4.6
id-01624	10	6	19	4.3
id-01625	8	11	2	3.6
id-01626	6	5	17	5.0
id-01627	4	8	16	3.8
id-01628	7	2	26	3.4
id-01629	1	2	30	3.9
id-01630	3	4	11	4.4
id-01631	6	8	14	4.5
id-01632	1	2	28	3.2
id-01633	10	5	18	3.9
id-01634	4	6	24	3.0
id-01635	4	2	3	3.7
id-01636	2	2	15	5.0
id-01637	4	7	17	4.0
id-01638	2	2	10	4.9
id-01639	5	4	14	3.7
id-01640	2	3	18	3.6
id-01641	6	4	28	3.8
id-01642	4	3	30	3.5
id-01643	10	18	4	4.2
id-01644	4	8	1	4.5
id-01645	4	3	20	4.7
id-01646	1	2	22	4.3
id-01647	1	2	26	3.9
id-01648	7	14	15	3.1
id-01649	2	2	16	4.6
id-01650	3	6	20	4.4
id-01651	7	10	20	3.3
id-01652	5	4	23	4.4
id-01653	1	2	30	4.8
id-01654	8	5	19	4.7
id-01655	6	6	29	3.5
id-01656	1	2	20	3.5
id-01657	1	2	27	3.1
id-01658	9	2	10	3.2
id-01659	1	2	27	4.5
id-01660	5	7	19	4.0
id-01661	1	2	29	3.9
id-01662	4	5	16	4.1
id-01663	10	18	3	3.1
id-01664	9	3	9	4.1
id-01665	2	2	10	4.6
id-01666	2	4	27	4.2
id-01667	1	2	4	3.4
id-01668	4	6	10	4.5
id-01669	8	11	7	3.5
id-01670	8	2	22	3.1
id-01671	2	4	16	3.1
id-01672	9	8	5	3.6
id-01673	6	5	2	3.4
id-01674	5	6	26	3.1
id-01675	5	9	26	4.1
id-01676	4	6	5	4.6
id-01677	5	4	30	4.4
id-01678	4	7	23	4.6
id-01679	9	12	12	4.6
id-01680	6	10	4	3.5
id-01681	2	2	26	3.5
id-01682	2	4	23	4.4
id-01683	9	18	8	4.8
id-01684	5	9	30	3.6
id-01685	3	3	22	4.1
id-01686	8	16	14	3.4
id-01687	1	2	7	3.2
id-01688	2	4	24	3.8
id-01689	9	3	19	3.5
id-01690	1	2	13	3.5
id-01691	9	4	14	3.4
id-01692	4	5	27	4.8
id-01693	3	2	14	3.1
id-01694	2	2	18	4.6
id-01695	9	8	14	3.3
id-01696	10	20	19	4.6
id-01697	10	16	26	3.7
id-01698	6	3	23	4.5
id-01699	7	9	27	4.4
id-01700	8	7	2	3.9
id-01701	8	14	24	3.0
id-01702	10	17	24	3.3
id-01703	7	4	23	4.4
id-01704	2	4	18	4.8
id-01705	3	5	22	4.2
id-01706	6	11	26	4.3
id-01707	4	5	2	4.8
id-01708	6	9	27	4.1
id-01709	1	2	12	3.4
id-01710	3	6	15	4.9
id-01711	5	8	22	3.5
id-01712	6	9	14	3.9
id-01713	9	5	24	4.6
id-01714	3	3	17	3.3
id-01715	10	12	1	4.1
id-01716	1	2	14	3.8
id-01717	7	5	3	3.8
id-01718	2	2	18	3.5
id-01719	10	9	16	4.1
id-01720	10	13	6	3.4
id-01721	1	2	15	4.5
id-01722	7	12	21	4.5
id-01723	5	2	24	4.0
id-01724	8	14	8	3.8
id-01725	3	3	10	4.8
id-01726	1	2	4	4.4
id-01727	8	11	27	4.5
id-01728	7	8	25	3.7
id-01729	2	4	10	3.2
id-01730	9	2	10	4.1
id-01731	7	13	16	4.4
id-01732	4	3	3	4.6
id-01733	7	12	24	3.8
id-01734	10	3	4	3.2
id-01735	3	5	9	3.3
id-01736	3	2	9	4.7
id-01737	4	5	1	3.7
id-01738	1	2	28	3.8
id-01739	10	16	26	4.2
id-01740	5	6	5	3.3
id-01741	9	11	12	3.9
id-01742	10	11	8	4.4
id-01743	10	4	28	3.9
id-01744	7	12	28	4.8
id-01745	8	5	10	3.3
id-01746	2	4	26	4.0
id-01747	1	2	28	4.8
id-01748	2	4	17	3.2
id-01749	3	5	21	3.8
id-01750	5	10	15	3.7
id-01751	7	10	2	3.7
id-01752	3	6	10	3.9
id-01753	5	3	25	3.9
id-01754	8	14	23	3.0
id-01755	4	5	4	4.7
id-01756	5	6	24	4.5
id-01757	6	7	4	3.7
id-01758	6	10	23	3.4
id-01759	5	6	25	4.8
id-01760	7	9	12	3.6
id-01761	6	10	3	4.1
id-01762	3	4	2	4.5
id-01763	1	2	1	3.9
id-01764	1	2	5	3.7
id-01765	9	10	5	4.4
id-01766	1	2	19	4.1
id-01767	3	2	15	3.4
id-01768	9	13	10	3.0
id-01769	6	7	14	3.6
id-01770	8	14	19	4.8
id-01771	1	2	14	3.5
id-01772	3	2	7	3.5
id-01773	9	12	22	3.6
id-01774	6	11	10	3.5
id-01775	5	9	27	3.3
id-01776	3	4	27	3.0
id-01777	1	2	13	3.9
id-01778	3	5	21	4.8
id-01779	8	10	4	3.5
id-01780	9	17	3	5.0
id-01781	1	2	3	4.2
id-01782	3	2	13	4.6
id-01783	6	11	16	3.1
id-01784	7	5	5	3.8
id-01785	5	7	14	4.8
id-01786	9	6	3	3.3
id-01787	4	5	3	3.4
id-01788	5	9	19	4.5
id-01789	2	4	9	4.7
id-01790	3	4	21	4.5
id-01791	6	10	13	3.2
id-01792	8	4	16	4.1
id-01793	9	2	22	3.4
id-01794	3	2	25	4.3
id-01795	7	12	4	3.4
id-01796	2	4	16	4.3
id-01797	8	9	7	3.5
id-01798	3	6	14	3.1
id-01799	2	2	3	3.4
id-01800	3	2	6	3.9
id-01801	10	13	2	3.4
id-01802	4	8	5	3.5
id-01803	3	5	29	4.5
id-01804	8	10	11	3.8
id-01805	1	2	17	4.8
id-01806	9	13	17	3.3
id-01807	10	2	27	3.3
id-01808	4	4	26	3.1
id-01809	3	4	19	4.9
id-01810	3	5	21	4.9
id-01811	3	4	21	4.5
id-01812	9	13	11	4.7
id-01813	10	18	6	4.8
id-01814	9	15	19	3.6
id-01815	7	2	7	4.0
id-01816	7	5	16	3.5
id-01817	2	2	18	4.8
id-01818	4	8	12	3.2
id-01819	4	7	4	4.8
id-01820	9	10	30	4.8
id-01821	3	6	19	4.4
id-01822	5	3	5	3.1
id-01823	1	2	18	4.3
id-01824	4	2	20	4.4
id-01825	6	2	1	4.4
id-01826	1	2	22	4.8
id-01827	4	5	18	3.9
id-01828	7	7	9	3.4
id-01829	1	2	10	4.8
id-01830	8	2	11	3.8
id-01831	4	5	15	4.8
id-01832	1	2	19	4.7
id-01833	6	10	7	3.6
id-01834	9	4	27	4.9
id-01835	3	3	20	3.8
id-01836	6	9	1	3.5
id-01837	10	16	23	4.7
id-01838	8	5	25	4.5
id-01839	4	2	14	3.9
id-01840	9	16	23	4.7
id-01841	4	3	2	4.9
id-01842	7	14	6	3.6
id-01843	10	13	23	4.5
id-01844	1	2	15	3.8
id-01845	9	9	7	4.1
id-01846	3	4	1	4.8
id-01847	10	17	20	3.6
id-01848	3	6	9	3.7
id-01849	10	19	25	3.4
id-01850	6	7	27	3.1
id-01851	1	2	29	3.5
id-01852	3	4	26	3.5
id-01853	6	5	15	4.1
id-01854	10	7	26	3.5
id-01855	4	4	4	4.6
id-01856	8	2	10	3.7
id-01857	10	2	18	3.6
id-01858	9	12	1	4.2
id-01859	4	4	25	4.1
id-01860	2	3	30	3.9
id-01861	6	8	8	4.8
id-01862	4	3	22	4.4
id-01863	8	8	20	3.7
id-01864	3	2	7	4.9
id-01865	3	3	1	3.6
id-01866	6	11	27	3.4
id-01867	8	7	27	3.5
id-01868	10	17	16	4.5
id-01869	10	20	4	4.9
id-01870	1	2	2	3.3
id-01871	10	3	5	3.3
id-01872	5	10	21	3.7
id-01873	1	2	3	4.8
id-01874	5	9	21	3.1
id-01875	6	4	13	5.0
id-01876	10	5	15	3.3
id-01877	7	5	23	3.3
id-01878	5	10	24	4.2
id-01879	3	5	10	3.4
id-01880	5	9	16	3.2
id-01881	5	7	13	3.5
id-01882	2	4	28	4.9
id-01883	5	3	23	3.2
id-01884	8	3	12	3.3
id-01885	9	2	21	4.3
id-01886	9	11	27	3.3
id-01887	4	4	1	5.0
id-01888	5	3	23	3.3
id-01889	1	2	20	4.8
id-01890	2	2	5	3.9
id-01891	6	4	21	4.9
id-01892	6	2	16	4.8
id-01893	4	4	9	4.5
id-01894	4	7	1	3.5
id-01895	10	14	11	3.7
id-01896	5	10	5	4.2
id-01897	3	6	4	3.6
id-01898	4	3	6	4.9
id-01899	2	2	21	3.2
id-01900	4	4	28	4.0
id-01901	10	18	29	4.2
id-01902	9	3	24	3.1
id-01903	2	2	6	4.9
id-01904	4	6	10	4.2
id-01905	8	12	25	4.4
id-01906	3	6	13	3.7
id-01907	4	8	24	4.5
id-01908	10	6	21	3.7
id-01909	8	12	10	4.3
id-01910	5	3	4	3.8
id-01911	3	2	5	4.5
id-01912	9	18	11	3.8
id-01913	5	7	1	4.5
id-01914	10	2	2	4.7
id-01915	3	5	8	4.0
id-01916	4	3	20	3.1
id-01917	3	4	26	4.4
id-01918	6	12	27	3.4
id-01919	10	12	23	4.6
id-01920	8	10	14	4.0
id-01921	5	9	1	4.7
id-01922	8	15	13	4.1
id-01923	3	2	16	3.5
id-01924	5	5	13	4.8
id-01925	3	6	5	4.9
id-01926	9	18	29	4.2
id-01927	6	5	12	4.5
id-01928	6	3	5	4.8
id-01929	1	2	25	4.7
id-01930	5	3	18	4.5
id-01931	7	9	25	4.9
id-01932	5	6	22	4.9
id-01933	10	15	29	3.8
id-01934	4	6	27	4.6
id-01935	2	2	23	3.7
id-01936	9	8	3	3.2
id-01937	6	10	27	3.0
id-01938	10	16	28	3.0
id-01939	4	2	12	3.1
id-01940	1	2	25	4.2
id-01941	4	2	14	3.4
id-01942	7	13	8	3.6
id-01943	6	5	22	3.8
id-01944	1	2	9	3.2
id-01945	3	6	4	4.6
id-01946	10	15	29	3.5
id-01947	7	7	14	4.6
id-01948	10	6	5	4.4
id-01949	10	18	13	3.1
id-01950	5	8	1	3.8
id-01951	10	3	13	4.4
id-01952	8	11	11	3.3
id-01953	3	5	7	3.9
id-01954	1	2	9	4.5
id-01955	4	5	21	4.6
id-01956	4	6	6	4.4
id-01957	7	11	25	4.3
id-01958	10	8	21	3.8
id-01959	6	10	19	4.4
id-01960	5	7	9	4.7
id-01961	3	6	21	4.8
id-01962	1	2	18	3.6
id-01963	5	8	6	4.4
id-01964	10	16	18	3.5
id-01965	8	3	12	4.4
id-01966	9	7	6	3.3
id-01967	2	2	15	5.0
id-01968	10	11	6	4.7
id-01969	7	2	2	3.4
id-01970	4	3	4	3.4
id-01971	10	15	14	4.5
id-01972	8	3	22	4.7
id-01973	2	3	25	4.4
id-01974	6	8	11	3.3
id-01975	7	6	29	3.7
id-01976	6	8	7	4.7
id-01977	8	5	11	4.5
id-01978	7	9	1	4.4
id-01979	6	9	22	4.7
id-01980	8	9	17	4.7
id-01981	9	13	28	4.3
id-01982	6	3	9	3.3
id-01983	10	12	22	3.5
id-01984	9	9	3	3.9
id-01985	7	11	2	3.3
id-01986	4	2	7	4.2
id-01987	1	2	8	4.2
id-01988	10	9	5	4.0
id-01989	8	11	1	4.9
id-01990	4	2	8	3.7
id-01991	8	8	14	3.8
id-01992	8	6	23	4.2
id-01993	1	2	14	4.4
id-01994	8	11	17	3.7
id-01995	9	13	5	3.5
id-01996	7	14	15	4.7
id-01997	8	4	11	3.9
id-01998	2	3	1	3.9
id-01999	8	4	10	3.6
id-02000	10	12	18	3.8
id-02001	5	5	5	3.5
id-02002	2	3	17	4.8
id-02003	1	2	24	3.9
id-02004	8	16	20	3.7
id-02005	9	18	2	4.7
id-02006	3	3	19	3.3
id-02007	7	6	20	4.0
id-02008	2	4	25	4.4
id-02009	1	2	20	3.0
id-02010	1	2	24	3.9
id-02011	1	2	3	3.2
id-02012	8	9	27	3.1
id-02013	5	9	3	3.0
id-02014	3	3	19	4.6
id-02015	5	10	14	4.5
id-02016	7	3	11	5.0
id-02017	5	4	13	4.7
id-02018	2	2	20	3.6
id-02019	10	19	1	3.7
id-02020	10	13	3	4.9
id-02021	6	3	28	4.5
id-02022	10	4	28	3.3
id-02023	3	6	25	4.5
id-02024	10	15	27	3.4
id-02025	9	9	27	4.9
id-02026	9	2	27	4.1
id-02027	1	2	17	4.3
id-02028	8	10	21	4.0
id-02029	3	5	25	4.2
id-02030	4	3	11	3.1
id-02031	6	5	7	4.0
id-02032	6	5	14	4.7
id-02033	3	3	18	4.9
id-02034	1	2	30	4.8
id-02035	3	5	13	3.1
id-02036	2	2	15	4.8
id-02037	1	2	20	3.8
id-02038	6	6	22	4.1
id-02039	9	3	26	4.0
id-02040	4	7	25	4.3
id-02041	7	2	15	4.9
id-02042	5	9	12	3.5
id-02043	7	5	27	4.5
id-02044	5	8	6	4.2
id-02045	8	2	5	3.2
id-02046	5	8	28	3.0
id-02047	9	15	4	3.8
id-02048	1	2	3	4.5
id-02049	2	3	5	4.2
id-02050	3	6	28	5.0
id-02051	6	6	13	3.6
id-02052	6	5	1	4.8
id-02053	5	2	10	3.1
id-02054	10	8	30	3.2
id-02055	10	17	13	4.9
id-02056	6	6	25	3.9
id-02057	8	6	13	3.4
id-02058	10	9	3	3.3
id-02059	1	2	9	3.8
id-02060	1	2	2	4.6
id-02061	3	5	22	5.0
id-02062	3	4	24	4.9
id-02063	8	15	30	3.1
id-02064	8	10	27	4.6
id-02065	10	9	14	4.1
id-02066	1	2	16	4.8
id-02067	3	6	19	4.0
id-02068	3	6	28	3.2
id-02069	4	5	13	4.3
id-02070	7	8	20	3.4
id-02071	4	2	7	4.0
id-02072	4	6	3	3.8
id-02073	10	19	26	3.7
id-02074	8	8	2	4.0
id-02075	7	8	25	4.3
id-02076	8	7	9	4.8
id-02077	6	7	20	3.4
id-02078	1	2	30	4.2
id-02079	6	12	7	4.7
id-02080	7	12	23	4.5
id-02081	3	4	20	4.0
id-02082	9	18	24	4.8
id-02083	5	5	29	4.6
id-02084	3	2	26	4.6
id-02085	6	5	12	3.2
id-02086	5	7	27	3.5
id-02087	3	4	30	3.5
id-02088	9	13	16	3.6
id-02089	3	6	11	3.7
id-02090	7	14	6	3.5
id-02091	4	7	22	4.9
id-02092	9	13	9	4.3
id-02093	3	2	27	3.9
id-02094	6	7	5	4.0
id-02095	1	2	4	3.5
id-02096	9	16	11	3.5
id-02097	2	2	2	3.1
id-02098	9	4	15	4.5
id-02099	1	2	12	4.3
id-02100	2	3	18	4.6
id-02101	10	5	5	3.9
id-02102	5	4	18	3.6
id-02103	8	6	2	3.1
id-02104	3	3	18	4.6
id-02105	3	3	21	4.1
id-02106	10	3	12	3.5
id-02107	4	2	15	3.9
id-02108	10	8	22	3.3
id-02109	10	10	1	3.4
id-02110	3	5	26	3.9
id-02111	9	7	20	4.4
id-02112	9	5	24	4.2
id-02113	2	4	25	4.5
id-02114	1	2	29	4.1
id-02115	8	2	16	3.8
id-02116	1	2	1	3.5
id-02117	8	6	3	3.7
id-02118	8	3	14	4.7
id-02119	1	2	17	4.5
id-02120	6	4	16	4.2
id-02121	1	2	4	3.0
id-02122	1	2	12	4.5
id-02123	5	7	26	4.3
id-02124	1	2	7	4.9
id-02125	7	3	10	3.2
id-02126	8	4	14	4.7
id-02127	4	6	19	3.8
id-02128	4	7	17	3.2
id-02129	8	14	29	3.5
id-02130	5	9	13	5.0
id-02131	2	2	22	3.8
id-02132	4	7	13	4.7
id-02133	8	8	26	4.9
id-02134	4	4	11	3.1
id-02135	2	3	10	4.2
id-02136	9	8	5	4.6
id-02137	7	4	22	4.3
id-02138	4	2	17	3.6
id-02139	3	4	21	4.2
id-02140	5	10	26	4.4
id-02141	2	4	2	4.5
id-02142	3	6	28	3.1
id-02143	3	3	4	4.8
id-02144	5	2	28	3.1
id-02145	6	5	20	4.2
id-02146	7	12	29	4.0
id-02147	8	15	25	4.8
id-02148	3	5	26	4.2
id-02149	10	3	5	4.7
id-02150	9	4	5	4.7
id-02151	2	3	29	4.3
id-02152	6	3	18	4.1
id-02153	6	8	27	4.3
id-02154	2	4	27	3.5
id-02155	7	5	29	4.5
id-02156	8	4	7	3.2
id-02157	6	6	1	3.5
id-02158	4	6	4	4.9
id-02159	10	4	19	3.6
id-02160	1	2	9	5.0
id-02161	9	4	21	3.8
id-02162	2	3	24	3.1
id-02163	7	12	24	4.2
id-02164	9	7	6	4.1
id-02165	5	4	16	4.7
id-02166	5	3	20	4.6
id-02167	10	4	30	4.9
id-02168	6	9	13	4.0
id-02169	7	6	7	4.7
id-02170	2	4	27	3.5
id-02171	9	15	14	4.9
id-02172	2	2	3	3.3
id-02173	10	6	1	4.7
id-02174	6	9	30	3.3
id-02175	8	12	6	4.0
id-02176	3	3	3	3.4
id-02177	1	2	27	3.3
id-02178	3	6	18	3.8
id-02179	3	3	6	3.3
id-02180	6	10	16	4.6
id-02181	10	12	19	4.4
id-02182	2	3	6	4.5
id-02183	1	2	2	4.7
id-02184	2	2	11	3.2
id-02185	3	3	16	4.2
id-02186	1	2	7	4.7
id-02187	1	2	28	4.9
id-02188	3	5	5	4.6
id-02189	4	8	23	4.7
id-02190	1	2	9	3.3
id-02191	1	2	28	4.2
id-02192	10	9	29	3.8
id-02193	3	4	13	4.1
id-02194	9	4	27	4.3
id-02195	10	5	22	4.6
id-02196	7	12	22	3.8
id-02197	8	2	3	4.8
id-02198	7	6	7	4.7
id-02199	5	9	4	4.0
id-02200	1	2	15	4.7
id-02201	4	7	24	4.3
id-02202	8	10	5	3.9
id-02203	2	2	9	4.1
id-02204	3	5	18	4.8
id-02205	8	14	26	3.3
id-02206	5	2	1	3.6
id-02207	8	7	2	4.0
id-02208	4	2	9	4.2
id-02209	5	2	24	4.5
id-02210	7	11	4	4.1
id-02211	9	11	8	3.4
id-02212	1	2	23	3.5
id-02213	9	5	14	3.9
id-02214	5	2	19	4.7
id-02215	9	15	5	4.7
id-02216	5	7	22	4.8
id-02217	6	7	27	4.1
id-02218	3	3	28	3.1
id-02219	7	3	14	4.8
id-02220	2	3	2	4.4
id-02221	6	11	16	3.5
id-02222	2	2	13	4.2
id-02223	3	5	14	4.9
id-02224	2	3	2	3.7
id-02225	5	7	4	3.7
id-02226	3	5	13	3.4
id-02227	1	2	10	3.5
id-02228	4	4	23	3.0
id-02229	10	17	2	3.7
id-02230	6	12	3	4.2
id-02231	3	3	11	4.7
id-02232	9	13	30	4.6
id-02233	8	12	23	4.2
id-02234	3	4	11	3.6
id-02235	9	13	4	3.3
id-02236	8	10	23	4.7
id-02237	4	3	9	4.0
id-02238	9	17	5	3.7
id-02239	8	11	13	4.3
id-02240	3	2	20	3.9
id-02241	9	6	8	3.5
id-02242	9	9	4	4.3
id-02243	10	10	13	3.6
id-02244	1	2	6	3.1
id-02245	4	8	5	4.4
id-02246	10	17	21	3.7
id-02247	5	2	29	4.8
id-02248	3	5	8	3.4
id-02249	7	8	17	4.0
id-02250	2	3	27	3.9
id-02251	3	4	15	4.7
id-02252	4	6	16	4.4
id-02253	9	7	22	3.1
id-02254	2	4	27	4.5
id-02255	6	7	11	3.7
id-02256	7	7	22	3.6
id-02257	10	15	15	4.6
id-02258	6	7	11	3.6
id-02259	8	5	10	4.3
id-02260	5	4	6	3.8
id-02261	6	7	8	4.8
id-02262	4	4	7	4.9
id-02263	10	14	13	4.8
id-02264	7	5	14	3.7
id-02265	3	6	13	3.4
id-02266	10	16	30	4.7
id-02267	1	2	11	3.5
id-02268	5	5	18	3.0
id-02269	5	9	26	4.8
id-02270	9	15	25	3.7
id-02271	7	11	12	4.3
id-02272	10	17	9	4.1
id-02273	4	6	16	4.6
id-02274	2	2	8	4.2
id-02275	10	20	5	3.3
id-02276	2	3	8	3.9
id-02277	10	8	22	4.8
id-02278	7	3	12	3.1
id-02279	5	5	25	4.1
id-02280	8	3	30	3.5
id-02281	6	7	29	3.8
id-02282	5	8	16	4.2
id-02283	7	4	8	3.3
id-02284	8	8	22	4.2
id-02285	3	4	4	3.7
id-02286	3	3	17	4.5
id-02287	4	6	14	4.0
id-02288	9	3	27	4.7
id-02289	6	12	14	3.5
id-02290	1	2	14	3.4
id-02291	5	7	2	4.3
id-02292	3	4	12	3.5
id-02293	10	3	30	4.9
id-02294	10	7	3	4.0
id-02295	1	2	17	4.0
id-02296	3	2	20	4.0
id-02297	1	2	13	3.5
id-02298	2	2	24	4.1
id-02299	9	9	22	3.8
id-02300	5	4	2	3.9
id-02301	3	3	5	3.8
id-02302	6	8	23	4.6
id-02303	7	3	7	4.2
id-02304	5	4	1	3.2
id-02305	10	2	29	4.2
id-02306	6	10	26	3.7
id-02307	8	8	2	4.0
id-02308	5	2	21	4.7
id-02309	3	6	10	3.1
id-02310	4	8	27	4.2
id-02311	10	16	11	5.0
id-02312	10	13	30	3.7
id-02313	2	2	21	4.9
id-02314	5	3	12	3.5
id-02315	1	2	9	4.9
id-02316	3	6	3	3.4
id-02317	8	3	24	4.7
id-02318	2	3	20	5.0
id-02319	6	7	27	3.8
id-02320	3	4	1	4.5
id-02321	9	3	2	4.0
id-02322	4	8	2	3.1
id-02323	6	9	30	4.5
id-02324	3	6	26	3.8
id-02325	6	7	9	4.9
id-02326	4	4	5	3.2
id-02327	7	7	3	3.2
id-02328	1	2	30	4.2
id-02329	2	4	18	4.1
id-02330	7	13	8	4.0
id-02331	1	2	25	3.9
id-02332	6	7	22	3.5
id-02333	1	2	3	3.9
id-02334	8	11	3	3.5
id-02335	1	2	13	4.1
id-02336	6	2	30	3.7
id-02337	3	6	1	4.2
id-02338	10	2	2	4.3
id-02339	5	10	11	4.7
id-02340	3	5	6	4.2
id-02341	4	5	19	3.2
id-02342	7	10	22	4.5
id-02343	4	3	22	4.8
id-02344	9	18	1	3.7
id-02345	5	9	14	4.8
id-02346	9	12	10	5.0
id-02347	4	3	21	4.8
id-02348	1	2	18	3.1
id-02349	9	9	1	4.7
id-02350	10	17	26	3.5
id-02351	8	2	3	3.0
id-02352	7	14	20	3.9
id-02353	10	20	6	3.5
id-02354	5	3	29	4.3
id-02355	10	6	5	4.4
id-02356	6	7	3	4.2
id-02357	2	3	28	4.0
id-02358	8	8	24	4.5
id-02359	8	8	15	3.3
id-02360	6	3	2	4.2
id-02361	9	14	8	3.5
id-02362	8	16	26	3.8
id-02363	9	10	16	3.8
id-02364	8	5	22	3.9
id-02365	7	6	3	4.8
id-02366	9	18	7	3.5
id-02367	9	7	6	3.1
id-02368	8	10	27	3.5
id-02369	5	10	15	4.6
id-02370	10	10	18	4.5
id-02371	6	12	25	4.2
id-02372	1	2	26	3.9
id-02373	6	5	27	4.8
id-02374	2	2	5	3.6
id-02375	2	4	7	4.5
id-02376	9	3	10	4.2
id-02377	6	11	20	3.2
id-02378	4	3	11	3.9
id-02379	3	5	4	4.2
id-02380	10	5	4	3.5
id-02381	6	2	20	4.9
id-02382	9	11	10	4.9
id-02383	6	9	27	4.8
id-02384	4	8	21	4.5
id-02385	8	14	24	3.8
id-02386	3	5	26	3.8
id-02387	5	2	17	4.4
id-02388	7	5	5	3.5
id-02389	3	5	25	4.7
id-02390	9	5	1	3.4
id-02391	10	18	23	3.9
id-02392	8	2	24	3.9
id-02393	10	19	9	3.3
id-02394	10	12	9	3.0
id-02395	8	3	15	4.2
id-02396	3	2	8	4.4
id-02397	10	16	7	4.7
id-02398	5	5	23	3.7
id-02399	9	18	4	3.1
id-02400	1	2	1	4.9
id-02401	7	7	7	3.7
id-02402	3	6	12	4.2
id-02403	4	7	9	4.4
id-02404	2	3	5	3.5
id-02405	1	2	14	3.3
id-02406	10	7	26	4.8
id-02407	2	2	15	4.3
id-02408	7	11	6	4.0
id-02409	5	5	8	4.2
id-02410	9	11	4	3.3
id-02411	10	7	25	4.8
id-02412	10	15	10	3.1
id-02413	3	5	25	4.3
id-02414	3	5	14	3.5
id-02415	6	6	18	4.3
id-02416	5	6	17	3.6
id-02417	6	6	25	4.1
id-02418	7	2	7	3.2
id-02419	10	17	22	3.6
id-02420	6	4	22	4.4
id-02421	8	15	13	4.0
id-02422	10	10	7	3.6
id-02423	3	6	20	4.8
id-02424	9	12	14	4.7
id-02425	8	11	19	3.2
id-02426	2	2	2	3.1
id-02427	8	2	2	4.9
id-02428	9	10	1	3.7
id-02429	9	18	16	3.7
id-02430	6	12	21	3.3
id-02431	1	2	19	4.6
id-02432	7	4	5	4.6
id-02433	6	9	27	3.6
id-02434	4	6	5	3.3
id-02435	8	6	9	3.4
id-02436	6	8	22	3.1
id-02437	5	6	14	4.4
id-02438	3	2	6	4.2
id-02439	10	3	11	4.4
id-02440	3	5	13	3.9
id-02441	1	2	10	4.6
id-02442	3	3	18	4.5
id-02443	1	2	19	4.9
id-02444	4	4	6	4.0
id-02445	8	14	13	3.0
id-02446	8	2	22	4.2
id-02447	9	10	15	3.2
id-02448	2	2	11	4.6
id-02449	3	6	12	4.6
id-02450	6	2	1	4.0
id-02451	4	8	7	3.0
id-02452	7	6	6	4.1
id-02453	9	9	20	4.9
id-02454	6	3	17	4.9
id-02455	8	6	7	3.0
id-02456	9	15	8	3.1
id-02457	10	15	2	3.3
id-02458	6	6	12	4.4
id-02459	9	10	3	3.5
id-02460	1	2	19	4.0
id-02461	6	12	24	3.9
id-02462	4	5	9	3.3
id-02463	10	2	19	3.6
id-02464	9	5	3	3.3
id-02465	9	3	17	3.1
id-02466	1	2	24	4.7
id-02467	10	16	6	3.6
id-02468	8	12	13	4.8
id-02469	2	4	22	4.4
id-02470	7	12	30	3.0
id-02471	4	3	24	4.9
id-02472	5	10	24	4.7
id-02473	1	2	13	3.6
id-02474	3	5	23	4.7
id-02475	4	7	28	4.4
id-02476	5	7	20	4.2
id-02477	7	12	6	3.4
id-02478	4	8	25	4.6
id-02479	5	6	27	3.3
id-02480	5	9	19	3.2
id-02481	3	5	5	3.2
id-02482	4	5	25	3.8
id-02483	6	11	8	3.8
id-02484	10	2	6	3.3
id-02485	10	3	26	3.1
id-02486	4	2	1	3.7
id-02487	4	7	15	4.3
id-02488	6	7	4	5.0
id-02489	9	12	18	3.3
id-02490	5	8	7	3.8
id-02491	8	13	18	3.7
id-02492	10	8	1	4.4
id-02493	6	6	11	4.9
id-02494	2	4	19	3.7
id-02495	2	3	29	4.2
id-02496	4	2	12	3.4
id-02497	1	2	16	4.5
id-02498	6	11	3	4.9
id-02499	10	16	6	4.0
id-02500	7	3	21	4.2
id-02501	6	6	22	3.4
id-02502	8	3	8	3.7
id-02503	8	15	15	4.1
id-02504	8	11	25	4.0
id-02505	1	2	17	4.9
id-02506	7	6	19	4.4
id-02507	1	2	17	3.4
id-02508	10	16	29	4.2
id-02509	8	15	16	3.6
id-02510	7	13	29	3.1
id-02511	8	12	22	4.2
id-02512	10	16	19	4.5
id-02513	4	5	1	4.4
id-02514	10	18	24	4.4
id-02515	10	15	15	4.2
id-02516	4	3	26	4.0
id-02517	3	2	28	4.3
id-02518	8	5	15	4.8
id-02519	6	10	8	4.2
id-02520	10	14	16	3.7
id-02521	2	2	27	3.5
id-02522	7	2	12	4.9
id-02523	1	2	30	4.7
id-02524	2	4	18	4.9
id-02525	6	3	30	3.3
id-02526	5	5	24	4.0
id-02527	8	5	23	3.9
id-02528	2	4	4	3.3
id-02529	9	11	1	4.6
id-02530	6	7	7	4.3
id-02531	9	4	23	3.2
id-02532	10	11	7	3.8
id-02533	1	2	6	4.6
id-02534	5	7	22	3.9
id-02535	10	10	12	3.5
id-02536	6	11	25	3.9
id-02537	10	18	28	4.3
id-02538	8	13	5	3.7
id-02539	5	2	21	3.9
id-02540	5	4	13	3.6
id-02541	10	14	1	4.2
id-02542	1	2	21	3.9
id-02543	1	2	21	4.6
id-02544	7	12	8	4.6
id-02545	5	2	20	4.2
id-02546	9	14	26	5.0
id-02547	4	8	13	3.0
id-02548	2	2	6	3.6
id-02549	6	11	23	4.9
id-02550	5	10	6	3.7
id-02551	3	4	29	4.0
id-02552	4	8	21	3.7
id-02553	2	2	1	3.3
id-02554	10	7	18	3.6
id-02555	1	2	9	3.3
id-02556	9	18	28	4.7
id-02557	4	4	19	4.3
id-02558	3	2	11	4.6
id-02559	4	3	21	3.0
id-02560	3	4	29	4.0
id-02561	5	7	5	3.1
id-02562	1	2	24	4.2
id-02563	5	2	30	3.8
id-02564	8	7	29	4.7
id-02565	1	2	20	4.4
id-02566	3	3	23	4.2
id-02567	10	4	4	3.9
id-02568	9	4	18	3.7
id-02569	6	3	25	3.6
id-02570	8	4	17	3.4
id-02571	3	3	27	3.9
id-02572	3	4	9	3.6
id-02573	10	3	22	4.6
id-02574	1	2	27	4.2
id-02575	10	10	18	4.7
id-02576	2	3	23	4.0
id-02577	8	4	9	3.3
id-02578	5	4	24	3.6
id-02579	9	5	4	4.2
id-02580	9	3	26	4.6
id-02581	7	2	24	4.9
id-02582	2	2	2	3.4
id-02583	3	3	13	3.8
id-02584	6	10	29	4.0
id-02585	8	16	9	3.6
id-02586	8	13	11	4.2
id-02587	2	3	23	3.4
id-02588	10	2	25	4.5
id-02589	9	7	8	3.3
id-02590	6	8	1	4.2
id-02591	2	4	28	4.1
id-02592	8	13	28	3.3
id-02593	4	5	2	3.5
id-02594	8	12	24	3.1
id-02595	2	4	26	4.0
id-02596	10	18	10	4.5
id-02597	6	6	18	3.5
id-02598	9	3	20	4.5
id-02599	7	11	6	4.3
id-02600	7	2	29	4.2
id-02601	4	6	30	3.5
id-02602	9	18	13	3.3
id-02603	6	3	28	4.9
id-02604	9	7	4	3.5
id-02605	3	6	30	4.9
id-02606	9	16	21	4.4
id-02607	10	6	27	4.4
id-02608	8	10	21	3.6
id-02609	7	10	6	3.1
id-02610	7	3	22	4.5
id-02611	2	3	30	3.1
id-02612	5	8	6	3.4
id-02613	5	10	11	4.2
id-02614	10	17	2	3.1
id-02615	1	2	1	3.6
id-02616	9	18	20	4.9
id-02617	6	8	4	5.0
id-02618	9	6	6	4.9
id-02619	9	18	4	4.4
id-02620	6	7	10	3.7
id-02621	2	4	17	4.1
id-02622	4	4	8	4.2
id-02623	7	3	8	3.5
id-02624	2	2	26	4.1
id-02625	5	6	19	3.5
id-02626	7	8	13	3.1
id-02627	7	2	11	4.8
id-02628	1	2	5	3.7
id-02629	9	12	28	3.4
id-02630	6	9	25	3.7
id-02631	2	3	17	4.4
id-02632	7	9	5	4.3
id-02633	3	4	17	4.3
id-02634	9	7	28	3.3
id-02635	6	9	1	3.5
id-02636	9	6	18	4.7
id-02637	1	2	5	3.6
id-02638	10	19	2	4.2
id-02639	2	3	24	4.0
id-02640	9	4	13	4.0
id-02641	8	11	23	3.2
id-02642	7	9	3	3.2
id-02643	1	2	19	3.9
id-02644	8	9	19	3.2
id-02645	9	18	7	3.5
id-02646	10	2	28	4.3
id-02647	3	3	28	3.8
id-02648	8	14	4	3.1
id-02649	5	8	27	3.7
id-02650	3	2	7	3.2
id-02651	3	6	25	3.4
id-02652	7	12	10	3.6
id-02653	8	12	6	4.9
id-02654	10	19	13	4.8
id-02655	5	5	1	3.2
id-02656	1	2	5	3.9
id-02657	5	2	25	3.6
id-02658	4	4	16	3.1
id-02659	4	7	7	3.6
id-02660	10	10	17	4.4
id-02661	2	4	3	3.8
id-02662	2	2	26	4.3
id-02663	5	4	7	4.9
id-02664	8	8	30	4.7
id-02665	4	7	19	3.1
id-02666	9	9	7	4.8
id-02667	7	5	27	3.9
id-02668	10	20	6	3.5
id-02669	5	6	28	4.9
id-02670	6	12	29	3.7
id-02671	9	10	2	4.5
id-02672	1	2	11	3.4
id-02673	4	2	29	3.8
id-02674	2	3	23	3.1
id-02675	2	4	10	3.7
id-02676	8	3	14	3.7
id-02677	5	10	12	3.1
id-02678	9	17	23	4.1
id-02679	5	2	9	3.9
id-02680	4	2	20	3.3
id-02681	10	20	7	4.6
id-02682	4	2	3	3.4
id-02683	6	4	14	4.2
id-02684	7	7	13	4.5
id-02685	4	3	27	3.2
id-02686	9	10	1	3.9
id-02687	3	4	14	4.6
id-02688	4	4	5	3.1
id-02689	10	4	21	4.5
id-02690	5	5	13	3.1
id-02691	6	6	11	4.9
id-02692	3	3	29	3.8
id-02693	7	8	2	4.3
id-02694	4	4	27	3.4
id-02695	7	2	24	3.8
id-02696	10	5	9	4.6
id-02697	8	3	9	3.6
id-02698	1	2	16	4.9
id-02699	8	13	19	4.4
id-02700	6	11	24	3.9
id-02701	1	2	24	3.9
id-02702	2	2	17	4.8
id-02703	3	2	24	4.1
id-02704	7	8	14	4.1
id-02705	7	14	16	5.0
id-02706	8	3	29	3.5
id-02707	2	2	17	4.5
id-02708	3	5	3	3.7
id-02709	5	8	4	4.7
id-02710	8	11	30	3.3
id-02711	9	4	21	4.6
id-02712	4	4	10	3.5
id-02713	6	5	2	4.7
id-02714	3	6	3	4.7
id-02715	1	2	13	3.6
id-02716	1	2	7	4.6
id-02717	2	4	1	4.1
id-02718	9	11	29	3.6
id-02719	6	12	10	4.5
id-02720	4	6	10	4.2
id-02721	1	2	17	3.7
id-02722	7	4	16	4.4
id-02723	6	11	18	4.0
id-02724	9	5	22	3.6
id-02725	10	10	12	3.6
id-02726	7	13	24	3.6
id-02727	8	2	5	3.7
id-02728	2	2	8	3.2
id-02729	3	2	9	4.6
id-02730	10	7	16	3.8
id-02731	5	5	13	4.3
id-02732	5	7	18	4.0
id-02733	8	2	26	4.5
id-02734	9	14	30	3.1
id-02735	9	8	23	4.1
id-02736	10	13	24	4.6
id-02737	4	5	3	4.7
id-02738	6	6	29	3.2
id-02739	5	8	8	4.4
id-02740	7	3	30	4.5
id-02741	10	5	18	4.5
id-02742	7	6	19	4.4
id-02743	2	2	16	5.0
id-02744	7	10	24	4.0
id-02745	10	2	25	4.1
id-02746	7	13	18	4.0
id-02747	7	14	7	3.2
id-02748	10	18	27	3.3
id-02749	7	14	21	4.8
id-02750	2	4	6	3.8
id-02751	3	5	24	3.3
id-02752	9	4	13	4.5
id-02753	1	2	13	4.1
id-02754	9	11	28	3.6
id-02755	8	11	4	3.5
id-02756	10	8	2	3.1
id-02757	1	2	5	3.5
id-02758	6	3	21	4.6
id-02759	6	11	4	3.6
id-02760	3	3	14	4.4
id-02761	9	18	7	4.9
id-02762	6	10	20	4.6
id-02763	9	12	29	3.5
id-02764	3	6	24	3.0
id-02765	7	14	12	5.0
id-02766	4	4	23	3.5
id-02767	10	14	21	4.5
id-02768	2	3	23	4.1
id-02769	1	2	7	3.9
id-02770	7	7	18	3.0
id-02771	5	9	22	3.5
id-02772	6	5	20	4.8
id-02773	5	5	29	3.2
id-02774	7	8	9	3.1
id-02775	6	5	11	4.5
id-02776	3	5	22	3.1
id-02777	8	12	15	3.4
id-02778	9	13	23	3.0
id-02779	2	3	22	4.4
id-02780	3	4	23	4.0
id-02781	8	9	7	3.7
id-02782	10	3	19	4.7
id-02783	3	4	12	3.7
id-02784	8	6	2	4.9
id-02785	5	7	17	4.8
id-02786	5	6	6	3.4
id-02787	5	10	2	3.9
id-02788	7	14	19	3.8
id-02789	9	12	27	4.2
id-02790	10	13	26	3.3
id-02791	2	2	27	4.3
id-02792	2	2	18	3.4
id-02793	10	7	20	3.4
id-02794	2	3	19	3.7
id-02795	7	11	6	4.0
id-02796	2	4	12	4.8
id-02797	6	12	3	4.2
id-02798	7	2	6	5.0
id-02799	4	3	6	3.2
id-02800	3	4	17	4.6
id-02801	7	2	14	3.4
id-02802	5	2	7	4.6
id-02803	8	12	4	4.8
id-02804	9	17	8	3.1
id-02805	4	4	23	3.1
id-02806	4	5	15	4.5
id-02807	3	3	23	4.4
id-02808	10	19	24	4.5
id-02809	6	4	25	4.7
id-02810	6	10	21	3.8
id-02811	3	3	2	4.0
id-02812	1	2	6	3.8
id-02813	1	2	30	4.8
id-02814	7	4	1	4.8
id-02815	9	11	13	3.1
id-02816	10	5	15	3.7
id-02817	8	2	17	4.2
id-02818	4	8	15	3.6
id-02819	4	6	22	3.5
id-02820	1	2	19	3.1
id-02821	8	2	3	4.6
id-02822	10	6	8	4.5
id-02823	6	12	30	4.2
id-02824	10	8	2	4.3
id-02825	10	17	16	3.7
id-02826	4	5	21	4.1
id-02827	7	4	18	3.6
id-02828	1	2	25	4.3
id-02829	4	7	4	3.7
id-02830	10	3	7	4.6
id-02831	1	2	29	4.9
id-02832	2	3	30	4.5
id-02833	5	10	10	4.9
id-02834	8	16	22	3.3
id-02835	4	6	6	4.6
id-02836	8	2	26	4.0
id-02837	4	8	17	4.3
id-02838	8	12	29	3.5
id-02839	5	3	21	3.6
id-02840	7	6	25	4.0
id-02841	9	12	29	3.2
id-02842	3	2	17	4.4
id-02843	10	4	17	4.8
id-02844	8	8	6	4.5
id-02845	3	2	30	4.0
id-02846	8	12	19	4.2
id-02847	1	2	3	4.4
id-02848	1	2	26	4.1
id-02849	1	2	7	4.9
id-02850	6	3	10	4.1
id-02851	4	6	21	3.4
id-02852	4	8	4	4.6
id-02853	5	6	8	3.1
id-02854	2	2	30	3.5
id-02855	10	16	22	4.2
id-02856	7	13	3	3.9
id-02857	1	2	16	3.3
id-02858	6	4	21	3.3
id-02859	1	2	3	3.4
id-02860	6	12	24	3.6
id-02861	8	5	10	3.1
id-02862	9	7	12	3.8
id-02863	8	5	11	4.5
id-02864	8	16	7	3.8
id-02865	7	6	25	3.6
id-02866	3	2	12	3.2
id-02867	8	10	23	4.9
id-02868	3	5	10	4.3
id-02869	1	2	5	4.4
id-02870	1	2	1	3.6
id-02871	7	5	14	4.4
id-02872	1	2	20	4.0
id-02873	1	2	27	4.3
id-02874	5	10	7	3.9
id-02875	10	13	5	4.1
id-02876	8	11	4	3.8
id-02877	7	12	26	3.8
id-02878	8	9	23	4.2
id-02879	2	4	29	4.1
id-02880	2	4	12	4.1
id-02881	6	2	27	4.0
id-02882	1	2	5	3.3
id-02883	3	3	5	3.9
id-02884	2	4	11	3.6
id-02885	8	4	7	3.5
id-02886	7	2	27	5.0
id-02887	4	2	25	4.2
id-02888	4	2	17	4.1
id-02889	9	14	6	3.2
id-02890	5	3	21	3.6
id-02891	2	2	28	4.0
id-02892	10	4	12	4.2
id-02893	4	5	25	4.0
id-02894	2	2	5	3.3
id-02895	7	9	25	3.2
id-02896	10	4	11	3.8
id-02897	9	5	30	4.2
id-02898	2	4	21	3.8
id-02899	10	5	27	3.3
id-02900	6	6	20	4.9
id-02901	2	2	13	4.3
id-02902	2	4	10	3.3
id-02903	2	2	8	3.4
id-02904	2	2	5	3.5
id-02905	1	2	11	4.8
id-02906	10	12	29	3.1
id-02907	2	4	27	4.5
id-02908	6	10	3	3.3
id-02909	3	2	18	4.3
id-02910	8	2	29	3.9
id-02911	2	2	30	3.9
id-02912	6	6	5	4.1
id-02913	6	8	30	4.6
id-02914	1	2	25	4.6
id-02915	6	9	26	4.7
id-02916	1	2	8	3.6
id-02917	3	5	15	4.5
id-02918	6	6	21	4.0
id-02919	5	9	27	3.9
id-02920	10	9	26	3.8
id-02921	2	2	27	3.5
id-02922	9	16	13	3.8
id-02923	9	5	8	3.7
id-02924	4	3	1	3.9
id-02925	5	8	6	4.1
id-02926	7	9	13	3.1
id-02927	9	15	19	4.4
id-02928	3	3	29	4.9
id-02929	1	2	5	3.5
id-02930	7	2	23	4.0
id-02931	9	18	25	3.9
id-02932	1	2	23	3.2
id-02933	4	8	22	4.5
id-02934	2	3	6	3.2
id-02935	5	7	21	4.3
id-02936	8	16	5	4.4
id-02937	10	2	24	3.2
id-02938	7	2	2	3.8
id-02939	10	7	21	5.0
id-02940	9	4	9	4.8
id-02941	8	11	18	3.1
id-02942	4	2	12	3.5
id-02943	2	2	11	4.6
id-02944	6	11	25	4.0
id-02945	1	2	13	4.5
id-02946	5	5	1	3.5
id-02947	10	19	23	4.4
id-02948	5	9	3	4.3
id-02949	2	2	5	3.4
id-02950	1	2	15	4.0
id-02951	5	7	27	4.9
id-02952	5	4	10	4.2
id-02953	10	11	23	3.7
id-02954	9	9	30	4.5
id-02955	9	8	8	3.5
id-02956	9	13	22	3.8
id-02957	2	2	12	4.5
id-02958	8	9	9	4.4
id-02959	8	7	16	4.8
id-02960	1	2	28	4.3
id-02961	5	3	16	3.4
id-02962	6	3	24	4.4
id-02963	6	2	22	3.2
id-02964	4	3	9	4.8
id-02965	9	4	18	4.8
id-02966	6	11	24	4.8
id-02967	10	12	6	4.9
id-02968	5	5	30	3.3
id-02969	1	2	6	3.7
id-02970	7	9	29	5.0
id-02971	7	14	21	3.2
id-02972	9	16	30	4.6
id-02973	4	7	22	3.5
id-02974	10	10	10	3.1
id-02975	2	4	9	4.3
id-02976	3	4	14	5.0
id-02977	9	9	26	3.6
id-02978	8	13	25	4.0
id-02979	8	7	24	3.1
id-02980	5	3	17	4.5
id-02981	8	10	9	3.4
id-02982	10	3	1	3.2
id-02983	2	4	18	4.1
id-02984	6	10	23	4.3
id-02985	3	3	25	4.5
id-02986	10	11	16	4.9
id-02987	4	2	11	4.5
id-02988	6	11	24	5.0
id-02989	2	3	10	3.8
id-02990	1	2	22	3.5
id-02991	3	5	16	4.0
id-02992	10	4	12	4.6
id-02993	2	2	14	4.5
id-02994	10	17	14	4.9
id-02995	8	14	3	3.1
id-02996	2	4	17	3.1
id-02997	7	8	18	3.6
id-02998	2	4	6	4.2
id-02999	3	6	6	4.5
id-03000	4	7	25	4.1
id-03001	8	16	13	4.1
id-03002	9	4	28	3.7
id-03003	9	16	17	3.9
id-03004	4	7	9	3.1
id-03005	9	16	26	3.2
id-03006	9	4	27	4.7
id-03007	3	5	30	4.1
id-03008	7	6	14	4.6
id-03009	6	4	8	3.7
id-03010	7	10	6	5.0
id-03011	4	8	25	4.4
id-03012	4	4	25	4.7
id-03013	9	5	3	3.9
id-03014	6	7	18	3.5
id-03015	7	8	3	4.8
id-03016	6	12	13	4.0
id-03017	1	2	10	4.9
id-03018	3	2	14	3.2
id-03019	3	4	18	4.6
id-03020	4	7	17	4.2
id-03021	5	10	1	4.7
id-03022	4	3	19	4.7
id-03023	9	15	20	4.2
id-03024	2	2	12	3.6
id-03025	8	16	2	4.4
id-03026	7	9	15	3.7
id-03027	3	3	2	3.5
id-03028	1	2	16	4.6
id-03029	4	4	26	4.0
id-03030	4	6	12	4.2
id-03031	4	6	3	3.2
id-03032	2	4	5	3.7
id-03033	5	7	21	3.5
id-03034	4	2	12	4.2
id-03035	2	4	28	4.3
id-03036	5	8	3	3.9
id-03037	7	10	29	4.2
id-03038	9	4	8	3.8
id-03039	1	2	25	3.9
id-03040	6	2	4	4.5
id-03041	5	7	14	4.2
id-03042	3	2	24	3.3
id-03043	10	14	8	3.8
id-03044	4	2	23	3.6
id-03045	2	2	5	4.0
id-03046	10	16	26	3.5
id-03047	6	3	15	3.1
id-03048	7	13	30	4.0
id-03049	5	5	30	3.3
id-03050	5	3	11	3.8
id-03051	2	2	8	4.8
id-03052	4	6	29	4.6
id-03053	3	3	18	3.5
id-03054	9	3	19	4.4
id-03055	8	8	29	3.5
id-03056	3	4	29	4.4
id-03057	2	3	11	3.3
id-03058	10	11	14	3.7
id-03059	4	3	7	3.4
id-03060	10	20	7	4.5
id-03061	4	3	19	3.4
id-03062	2	2	28	3.5
id-03063	6	12	4	3.3
id-03064	6	4	25	3.4
id-03065	3	5	23	3.5
id-03066	10	6	15	4.9
id-03067	10	7	29	3.3
id-03068	3	4	16	4.2
id-03069	3	3	14	3.9
id-03070	9	16	7	4.2
id-03071	4	8	13	4.8
id-03072	2	4	2	4.7
id-03073	4	2	12	4.2
id-03074	6	6	25	3.3
id-03075	10	3	23	4.5
id-03076	7	6	1	4.1
id-03077	3	2	11	3.8
id-03078	4	4	19	4.3
id-03079	5	5	23	3.9
id-03080	2	4	30	3.7
id-03081	4	4	19	3.4
id-03082	2	2	19	4.8
id-03083	7	3	10	3.4
id-03084	2	2	11	3.9
id-03085	4	2	12	4.8
id-03086	2	4	20	4.7
id-03087	4	6	12	3.2
id-03088	5	2	23	4.7
id-03089	7	11	22	3.6
id-03090	6	4	8	4.2
id-03091	7	12	23	3.2
id-03092	6	4	11	3.4
id-03093	3	3	2	3.3
id-03094	8	14	11	4.3
id-03095	6	8	17	3.3
id-03096	9	18	3	3.3
id-03097	4	3	4	4.5
id-03098	10	13	19	3.1
id-03099	3	5	9	3.8
id-03100	8	15	29	4.6
id-03101	9	15	13	3.9
id-03102	4	2	4	4.8
id-03103	8	15	12	3.4
id-03104	9	14	27	3.4
id-03105	1	2	27	3.4
id-03106	9	10	27	4.5
id-03107	5	7	13	3.1
id-03108	6	11	15	3.8
id-03109	6	11	20	4.7
id-03110	10	3	7	3.1
id-03111	4	7	23	4.6
id-03112	10	15	27	3.2
id-03113	6	10	11	4.1
id-03114	6	7	4	4.5
id-03115	1	2	12	3.5
id-03116	6	5	15	3.8
id-03117	8	16	11	3.5
id-03118	6	3	4	4.5
id-03119	1	2	27	3.0
id-03120	4	5	3	4.6
id-03121	8	6	17	4.8
id-03122	6	9	19	4.4
id-03123	6	5	15	4.4
id-03124	6	2	27	3.8
id-03125	1	2	4	4.1
id-03126	2	3	1	4.8
id-03127	1	2	8	4.9
id-03128	3	3	29	5.0
id-03129	9	3	2	4.8
id-03130	8	2	25	4.8
id-03131	4	3	20	4.9
id-03132	2	4	20	5.0
id-03133	4	6	2	4.6
id-03134	7	3	18	3.2
id-03135	6	8	8	4.5
id-03136	10	12	22	4.3
id-03137	7	2	14	3.4
id-03138	9	11	16	3.7
id-03139	2	3	7	4.6
id-03140	7	14	5	4.1
id-03141	1	2	13	3.2
id-03142	4	8	1	3.3
id-03143	2	2	19	3.0
id-03144	10	20	24	3.2
id-03145	1	2	12	4.5
id-03146	5	7	29	3.8
id-03147	3	2	18	3.5
id-03148	1	2	28	4.1
id-03149	2	3	1	4.3
id-03150	5	4	4	3.3
id-03151	1	2	1	3.8
id-03152	10	8	21	4.6
id-03153	10	8	23	3.4
id-03154	9	9	11	4.3
id-03155	1	2	24	4.4
id-03156	3	4	23	3.9
id-03157	6	6	4	3.7
id-03158	4	4	26	4.8
id-03159	8	5	11	3.5
id-03160	6	3	14	3.2
id-03161	6	6	9	4.4
id-03162	5	5	15	4.1
id-03163	2	2	11	3.7
id-03164	5	10	1	4.4
id-03165	6	11	29	4.4
id-03166	9	5	4	3.7
id-03167	7	13	14	3.1
id-03168	10	3	3	3.3
id-03169	9	17	20	3.5
id-03170	2	4	25	3.8
id-03171	4	3	24	4.8
id-03172	9	12	14	4.2
id-03173	9	17	25	4.8
id-03174	3	4	15	3.8
id-03175	3	4	5	3.9
id-03176	8	4	9	3.3
id-03177	6	10	26	4.5
id-03178	4	6	22	3.6
id-03179	3	5	29	4.9
id-03180	10	19	28	4.3
id-03181	7	13	3	4.0
id-03182	3	4	27	4.7
id-03183	7	5	22	4.8
id-03184	4	6	30	3.3
id-03185	5	8	9	3.2
id-03186	1	2	29	3.1
id-03187	1	2	2	4.5
id-03188	5	3	6	3.5
id-03189	3	2	3	3.1
id-03190	1	2	5	4.4
id-03191	1	2	13	5.0
id-03192	9	11	6	3.8
id-03193	3	4	20	3.2
id-03194	6	3	12	4.6
id-03195	1	2	12	3.7
id-03196	9	2	10	3.6
id-03197	5	2	12	4.4
id-03198	3	5	20	3.5
id-03199	2	4	5	3.4
id-03200	10	18	21	3.6
id-03201	1	2	13	3.5
id-03202	10	5	11	3.2
id-03203	7	8	27	3.6
id-03204	4	5	8	4.1
id-03205	3	3	23	3.8
id-03206	7	7	7	3.7
id-03207	8	16	1	3.3
id-03208	1	2	16	4.4
id-03209	10	18	13	4.4
id-03210	4	5	29	4.8
id-03211	8	14	3	3.2
id-03212	9	17	20	3.9
id-03213	3	6	7	3.7
id-03214	6	8	3	3.3
id-03215	8	13	10	3.3
id-03216	5	8	2	3.7
id-03217	7	3	28	3.4
id-03218	6	11	6	4.3
id-03219	1	2	14	4.5
id-03220	10	13	16	3.9
id-03221	1	2	7	3.2
id-03222	7	3	14	4.4
id-03223	7	10	13	3.3
id-03224	4	7	24	4.4
id-03225	8	13	5	3.3
id-03226	9	18	11	3.4
id-03227	8	5	30	3.8
id-03228	2	3	16	3.7
id-03229	4	2	3	4.8
id-03230	1	2	29	4.8
id-03231	2	2	6	5.0
id-03232	6	3	25	4.3
id-03233	2	2	1	4.9
id-03234	9	15	9	3.4
id-03235	6	8	25	3.3
id-03236	8	10	5	4.9
id-03237	3	6	11	3.9
id-03238	9	15	1	4.8
id-03239	8	13	24	4.3
id-03240	10	17	30	4.6
id-03241	9	4	8	3.5
id-03242	2	2	8	3.1
id-03243	6	11	10	3.8
id-03244	6	5	2	3.1
id-03245	7	9	15	3.0
id-03246	1	2	5	5.0
id-03247	1	2	30	4.6
id-03248	5	6	6	3.9
id-03249	9	10	21	4.7
id-03250	2	2	5	4.8
id-03251	4	2	15	3.9
id-03252	3	5	20	4.9
id-03253	2	2	18	4.2
id-03254	1	2	2	3.3
id-03255	3	3	27	3.5
id-03256	4	5	24	4.6
id-03257	2	2	20	5.0
id-03258	10	6	30	4.5
id-03259	10	4	14	4.8
id-03260	9	14	3	3.8
id-03261	6	9	16	4.0
id-03262	10	11	26	4.9
id-03263	6	4	19	4.5
id-03264	1	2	21	4.9
id-03265	10	10	25	4.7
id-03266	6	2	15	3.5
id-03267	8	7	24	4.5
id-03268	7	11	9	4.3
id-03269	2	4	8	3.3
id-03270	1	2	6	4.8
id-03271	7	10	13	4.8
id-03272	3	2	21	4.6
id-03273	3	2	9	3.2
id-03274	10	4	1	4.9
id-03275	10	5	28	4.0
id-03276	7	3	24	4.1
id-03277	9	10	16	4.8
id-03278	2	3	12	4.5
id-03279	8	9	6	3.6
id-03280	8	3	18	4.4
id-03281	5	4	3	3.5
id-03282	7	4	18	4.6
id-03283	3	4	24	4.4
id-03284	3	5	18	4.8
id-03285	1	2	25	3.5
id-03286	10	11	30	3.5
id-03287	3	3	5	3.2
id-03288	9	18	14	4.2
id-03289	5	2	28	3.4
id-03290	3	2	12	3.1
id-03291	3	2	15	4.7
id-03292	7	12	13	4.6
id-03293	1	2	23	3.7
id-03294	1	2	13	4.0
id-03295	2	3	13	4.0
id-03296	2	4	10	3.4
id-03297	5	10	6	3.2
id-03298	4	3	13	3.4
id-03299	1	2	30	4.0
id-03300	6	8	7	4.7
id-03301	10	4	11	4.3
id-03302	10	13	20	3.9
id-03303	5	2	23	4.5
id-03304	10	5	2	4.2
id-03305	10	13	5	3.7
id-03306	9	11	29	3.7
id-03307	2	4	12	3.6
id-03308	9	10	3	3.7
id-03309	7	11	13	3.2
id-03310	3	3	20	4.9
id-03311	2	4	10	3.6
id-03312	1	2	12	4.7
id-03313	10	4	10	3.7
id-03314	6	8	3	3.7
id-03315	1	2	18	3.9
id-03316	2	4	12	4.6
id-03317	5	5	4	3.3
id-03318	5	8	17	4.0
id-03319	9	11	24	4.2
id-03320	2	4	2	3.5
id-03321	7	7	10	4.2
id-03322	8	9	5	4.4
id-03323	10	8	6	3.1
id-03324	9	6	1	5.0
id-03325	8	13	6	4.6
id-03326	9	16	27	3.8
id-03327	5	2	12	5.0
id-03328	1	2	10	3.2
id-03329	7	2	12	4.6
id-03330	10	17	10	4.1
id-03331	1	2	18	3.0
id-03332	4	7	10	3.1
id-03333	6	4	28	3.3
id-03334	9	4	16	4.8
id-03335	4	5	28	4.7
id-03336	3	6	7	3.3
id-03337	10	17	25	3.3
id-03338	3	4	21	3.1
id-03339	5	6	10	4.4
id-03340	8	9	9	4.0
id-03341	1	2	7	3.8
id-03342	10	20	5	3.1
id-03343	4	7	20	3.9
id-03344	1	2	6	4.7
id-03345	5	6	6	3.8
id-03346	8	15	27	5.0
id-03347	2	2	10	3.0
id-03348	10	11	26	4.8
id-03349	4	8	26	4.7
id-03350	6	12	28	3.4
id-03351	7	4	26	4.3
id-03352	4	8	10	3.1
id-03353	6	11	21	4.4
id-03354	2	3	12	3.8
id-03355	10	17	1	4.2
id-03356	5	3	7	3.5
id-03357	4	6	26	4.3
id-03358	10	7	16	4.8
id-03359	10	8	8	4.9
id-03360	8	9	15	4.3
id-03361	9	12	24	3.1
id-03362	5	2	28	3.0
id-03363	10	17	22	4.3
id-03364	7	11	22	3.2
id-03365	3	6	4	3.6
id-03366	7	13	24	3.2
id-03367	9	6	18	4.3
id-03368	8	14	10	3.9
id-03369	8	3	6	3.6
id-03370	8	15	11	4.0
id-03371	2	2	27	3.1
id-03372	5	8	3	3.6
id-03373	5	3	21	4.7
id-03374	3	4	29	4.5
id-03375	8	9	12	3.6
id-03376	2	4	14	3.6
id-03377	8	8	2	3.4
id-03378	4	4	9	4.0
id-03379	6	12	27	4.1
id-03380	9	15	10	4.1
id-03381	1	2	4	4.8
id-03382	8	8	2	4.4
id-03383	9	16	13	5.0
id-03384	10	5	13	4.4
id-03385	5	9	17	4.1
id-03386	6	8	22	3.6
id-03387	5	2	24	4.4
id-03388	4	5	28	3.4
id-03389	2	3	22	4.1
id-03390	10	9	6	3.4
id-03391	6	6	19	4.8
id-03392	8	14	29	4.1
id-03393	2	2	8	3.2
id-03394	6	9	7	3.2
id-03395	5	9	29	3.5
id-03396	2	2	1	3.7
id-03397	8	5	20	3.6
id-03398	3	4	20	4.1
id-03399	9	9	10	4.4
id-03400	8	7	19	3.8
id-03401	1	2	23	4.2
id-03402	5	5	23	3.6
id-03403	5	7	5	4.8
id-03404	6	3	3	5.0
id-03405	7	4	30	3.4
id-03406	10	2	28	3.9
id-03407	4	8	12	4.2
id-03408	8	5	27	4.8
id-03409	8	3	5	3.5
id-03410	8	8	21	3.8
id-03411	1	2	3	3.8
id-03412	5	8	21	3.1
id-03413	6	4	10	3.9
id-03414	9	9	11	3.7
id-03415	6	5	2	5.0
id-03416	3	5	28	4.6
id-03417	10	19	4	4.8
id-03418	8	5	20	3.9
id-03419	2	2	5	4.7
id-03420	10	18	22	4.7
id-03421	3	3	26	4.8
id-03422	7	9	9	4.1
id-03423	1	2	2	3.9
id-03424	5	5	21	3.9
id-03425	4	6	30	4.3
id-03426	1	2	24	3.0
id-03427	8	16	11	4.4
id-03428	10	20	4	3.5
id-03429	4	4	27	4.9
id-03430	3	4	26	4.9
id-03431	10	12	1	3.7
id-03432	2	4	21	4.3
id-03433	7	6	18	4.8
id-03434	9	7	25	5.0
id-03435	4	2	6	3.0
id-03436	7	8	14	3.8
id-03437	7	8	25	4.6
id-03438	8	10	10	3.0
id-03439	10	15	9	3.4
id-03440	9	3	1	4.7
id-03441	8	16	29	3.2
id-03442	3	2	14	3.7
id-03443	7	9	25	4.6
id-03444	5	9	22	3.9
id-03445	5	2	29	3.4
id-03446	3	3	18	4.8
id-03447	2	2	13	3.1
id-03448	8	12	15	4.0
id-03449	3	6	10	3.4
id-03450	1	2	10	3.9
id-03451	7	2	29	3.8
id-03452	5	4	29	3.9
id-03453	7	9	18	3.4
id-03454	5	8	9	4.4
id-03455	10	7	4	3.6
id-03456	2	3	1	4.1
id-03457	8	5	13	3.6
id-03458	9	10	27	4.8
id-03459	5	6	17	4.7
id-03460	3	5	28	4.8
id-03461	3	6	5	3.0
id-03462	3	4	3	3.4
id-03463	4	4	30	4.4
id-03464	3	6	19	4.6
id-03465	9	17	12	4.1
id-03466	10	2	2	3.5
id-03467	4	7	4	3.1
id-03468	3	3	29	4.1
id-03469	1	2	10	4.2
id-03470	5	4	14	4.6
id-03471	3	6	2	4.1
id-03472	10	4	2	4.2
id-03473	10	13	23	4.9
id-03474	4	7	18	3.8
id-03475	10	12	13	4.5
id-03476	4	6	15	5.0
id-03477	8	8	14	3.6
id-03478	1	2	10	3.8
id-03479	9	13	20	3.0
id-03480	6	5	29	3.1
id-03481	10	19	8	3.2
id-03482	10	18	17	4.3
id-03483	10	19	26	3.2
id-03484	3	2	24	3.0
id-03485	6	11	14	3.0
id-03486	2	2	17	3.2
id-03487	8	2	30	3.2
id-03488	8	13	3	3.9
id-03489	10	2	19	4.0
id-03490	7	10	14	3.5
id-03491	2	4	4	4.5
id-03492	8	4	4	4.2
id-03493	6	2	13	3.1
id-03494	2	4	3	3.5
id-03495	7	10	30	3.1
id-03496	4	4	23	5.0
id-03497	8	12	30	4.6
id-03498	9	4	18	4.3
id-03499	7	4	14	3.4
id-03500	10	15	13	3.8
id-03501	4	3	27	4.9
id-03502	7	5	19	4.2
id-03503	8	15	20	3.6
id-03504	2	2	14	3.2
id-03505	7	11	16	4.9
id-03506	9	16	27	3.3
id-03507	10	3	12	4.1
id-03508	1	2	3	3.8
id-03509	5	5	19	3.2
id-03510	8	6	8	3.9
id-03511	9	4	13	4.8
id-03512	3	6	16	4.4
id-03513	9	5	9	4.6
id-03514	2	2	28	3.0
id-03515	10	12	20	4.8
id-03516	8	14	16	4.7
id-03517	4	7	9	4.7
id-03518	1	2	3	3.3
id-03519	1	2	29	4.5
id-03520	2	4	27	4.8
id-03521	2	4	16	3.2
id-03522	10	4	23	3.8
id-03523	7	7	28	3.0
id-03524	5	7	10	3.8
id-03525	9	3	27	3.8
id-03526	9	3	30	3.7
id-03527	1	2	10	4.4
id-03528	8	9	16	5.0
id-03529	4	7	12	4.0
id-03530	7	8	6	4.8
id-03531	7	6	16	3.9
id-03532	3	6	29	4.1
id-03533	8	12	26	3.1
id-03534	9	4	15	3.5
id-03535	8	7	18	5.0
id-03536	6	5	2	3.9
id-03537	1	2	25	3.6
id-03538	10	12	28	3.0
id-03539	8	9	28	3.8
id-03540	2	2	14	3.0
id-03541	4	6	26	4.2
id-03542	5	4	7	4.1
id-03543	1	2	26	3.4
id-03544	4	8	26	3.6
id-03545	7	12	16	3.5
id-03546	5	5	27	4.6
id-03547	6	4	23	3.3
id-03548	10	10	13	4.0
id-03549	7	13	17	3.1
id-03550	5	8	28	3.6
id-03551	10	11	22	4.3
id-03552	6	3	25	3.8
id-03553	2	2	12	3.1
id-03554	6	3	3	4.8
id-03555	7	12	5	3.7
id-03556	9	12	10	3.1
id-03557	2	2	24	4.4
id-03558	5	7	7	4.9
id-03559	9	3	24	4.0
id-03560	6	12	13	3.8
id-03561	5	9	14	3.8
id-03562	1	2	16	5.0
id-03563	9	3	25	4.8
id-03564	5	5	4	3.5
id-03565	1	2	3	4.1
id-03566	4	4	25	3.4
id-03567	10	19	19	3.4
id-03568	5	2	28	5.0
id-03569	8	9	2	3.9
id-03570	3	2	24	4.4
id-03571	1	2	14	3.0
id-03572	8	8	5	3.7
id-03573	9	9	18	4.5
id-03574	7	8	7	4.2
id-03575	3	5	19	3.7
id-03576	2	4	9	4.7
id-03577	2	4	18	3.6
id-03578	3	4	30	4.6
id-03579	9	10	23	4.7
id-03580	4	7	15	3.3
id-03581	2	4	13	3.8
id-03582	5	7	26	3.2
id-03583	7	10	21	3.3
id-03584	2	3	3	4.1
id-03585	9	5	30	4.3
id-03586	3	2	5	3.8
id-03587	2	4	10	4.5
id-03588	5	9	1	4.2
id-03589	3	4	22	3.8
id-03590	6	3	25	3.2
id-03591	8	6	25	4.7
id-03592	7	8	3	4.0
id-03593	3	4	16	3.6
id-03594	5	8	2	4.6
id-03595	2	2	20	4.7
id-03596	3	5	2	3.8
id-03597	4	3	2	3.7
id-03598	7	3	2	4.9
id-03599	9	16	28	5.0
id-03600	5	9	26	3.6
id-03601	7	4	14	3.4
id-03602	6	2	22	4.8
id-03603	4	2	22	4.3
id-03604	8	12	16	4.3
id-03605	10	17	17	4.7
id-03606	5	3	19	4.2
id-03607	8	14	17	3.7
id-03608	4	8	12	3.8
id-03609	1	2	1	3.4
id-03610	2	2	14	4.0
id-03611	10	20	22	4.3
id-03612	4	5	25	3.9
id-03613	9	12	4	4.4
id-03614	5	5	2	5.0
id-03615	10	10	29	4.9
id-03616	8	3	4	4.4
id-03617	7	11	26	4.3
id-03618	7	2	1	4.3
id-03619	2	3	13	3.9
id-03620	5	9	8	3.8
id-03621	2	2	14	3.5
id-03622	1	2	19	3.3
id-03623	1	2	5	3.7
id-03624	10	3	30	4.5
id-03625	2	3	1	4.9
id-03626	10	2	17	4.6
id-03627	9	4	30	5.0
id-03628	4	4	24	3.6
id-03629	2	2	25	4.6
id-03630	6	6	1	4.9
id-03631	4	7	16	4.4
id-03632	10	9	17	3.5
id-03633	8	16	21	4.3
id-03634	3	6	5	4.8
id-03635	7	3	14	3.9
id-03636	2	4	15	3.2
id-03637	8	13	11	4.4
id-03638	8	13	20	4.3
id-03639	1	2	20	3.7
id-03640	5	4	28	3.5
id-03641	8	5	6	3.9
id-03642	6	9	16	3.8
id-03643	5	4	29	3.3
id-03644	10	14	14	4.9
id-03645	5	3	27	3.7
id-03646	2	4	27	4.7
id-03647	6	7	7	4.6
id-03648	10	19	13	3.7
id-03649	3	3	12	5.0
id-03650	4	8	7	3.1
id-03651	10	7	12	3.2
id-03652	4	5	10	3.1
id-03653	3	6	3	3.1
id-03654	6	7	5	3.5
id-03655	7	4	30	4.4
id-03656	7	5	21	3.4
id-03657	7	13	2	4.9
id-03658	4	7	18	4.0
id-03659	7	13	30	3.9
id-03660	5	6	12	4.2
id-03661	6	7	16	3.1
id-03662	5	3	5	3.6
id-03663	4	4	16	4.6
id-03664	7	4	8	4.7
id-03665	6	4	24	4.5
id-03666	9	17	5	3.5
id-03667	1	2	18	3.4
id-03668	4	2	27	3.4
id-03669	9	6	4	3.6
id-03670	7	8	17	3.8
id-03671	8	6	4	4.4
id-03672	3	2	3	4.6
id-03673	9	6	23	4.3
id-03674	2	4	12	3.3
id-03675	3	2	16	3.5
id-03676	1	2	29	3.4
id-03677	1	2	13	3.4
id-03678	1	2	14	4.7
id-03679	5	6	7	4.0
id-03680	7	6	3	4.9
id-03681	1	2	14	3.7
id-03682	10	20	23	4.4
id-03683	3	6	3	4.5
id-03684	5	4	20	4.8
id-03685	5	6	28	4.7
id-03686	4	8	9	3.5
id-03687	2	4	21	4.9
id-03688	1	2	1	4.1
id-03689	10	2	21	4.8
id-03690	7	2	3	3.0
id-03691	1	2	3	3.5
id-03692	4	7	24	3.1
id-03693	8	13	29	3.6
id-03694	3	4	20	4.1
id-03695	6	12	19	4.5
id-03696	4	2	19	4.8
id-03697	9	10	11	3.2
id-03698	1	2	6	3.6
id-03699	6	3	27	3.6
id-03700	5	2	29	4.5
id-03701	4	7	14	3.3
id-03702	4	3	14	4.5
id-03703	1	2	24	3.4
id-03704	1	2	20	3.2
id-03705	7	7	6	4.3
id-03706	2	2	28	3.4
id-03707	3	5	28	3.8
id-03708	8	13	9	4.0
id-03709	10	15	26	4.7
id-03710	3	3	21	4.1
id-03711	7	9	10	3.2
id-03712	6	12	20	3.5
id-03713	3	6	1	4.9
id-03714	10	14	30	4.7
id-03715	10	9	12	4.4
id-03716	6	10	5	4.0
id-03717	3	4	23	5.0
id-03718	7	5	29	4.1
id-03719	7	14	8	4.3
id-03720	3	5	9	3.9
id-03721	10	4	27	4.7
id-03722	4	4	3	3.2
id-03723	2	2	1	4.4
id-03724	2	4	24	3.9
id-03725	5	2	20	3.1
id-03726	6	5	16	4.6
id-03727	3	2	4	3.3
id-03728	2	2	25	4.7
id-03729	4	6	9	4.5
id-03730	3	5	2	3.1
id-03731	7	6	13	3.5
id-03732	3	5	4	4.6
id-03733	4	8	22	4.2
id-03734	8	16	29	4.3
id-03735	2	3	2	4.3
id-03736	7	14	18	4.6
id-03737	10	2	16	3.9
id-03738	9	2	10	3.3
id-03739	2	4	21	4.3
id-03740	8	15	1	3.6
id-03741	8	7	27	3.8
id-03742	1	2	17	4.3
id-03743	6	4	22	4.6
id-03744	3	5	13	4.5
id-03745	9	5	22	4.5
id-03746	8	6	20	4.8
id-03747	2	3	27	4.8
id-03748	2	3	13	4.4
id-03749	6	6	30	4.3
id-03750	6	12	17	3.9
id-03751	6	9	19	3.3
id-03752	4	4	20	4.4
id-03753	3	5	8	3.3
id-03754	6	7	19	3.2
id-03755	3	3	25	4.4
id-03756	8	13	4	3.3
id-03757	9	2	8	4.3
id-03758	8	16	13	3.7
id-03759	8	7	8	5.0
id-03760	1	2	2	4.6
id-03761	3	3	19	4.1
id-03762	10	11	22	3.0
id-03763	8	14	25	4.1
id-03764	10	4	21	3.5
id-03765	5	7	12	4.8
id-03766	4	6	12	3.2
id-03767	2	3	2	3.1
id-03768	10	20	17	4.5
id-03769	8	16	16	4.4
id-03770	1	2	30	4.3
id-03771	9	18	30	3.0
id-03772	10	12	13	4.1
id-03773	6	11	21	3.5
id-03774	4	5	20	4.0
id-03775	1	2	25	5.0
id-03776	6	3	13	3.9
id-03777	6	5	3	4.0
id-03778	7	13	29	4.8
id-03779	4	8	6	3.9
id-03780	8	8	30	4.8
id-03781	4	7	26	4.5
id-03782	10	14	28	4.6
id-03783	6	12	15	3.9
id-03784	2	2	14	4.5
id-03785	2	2	14	3.9
id-03786	1	2	26	3.2
id-03787	8	5	21	3.9
id-03788	9	7	17	3.7
id-03789	3	3	22	3.2
id-03790	1	2	20	3.5
id-03791	7	3	27	3.9
id-03792	7	10	7	3.9
id-03793	6	7	11	4.5
id-03794	10	16	20	4.2
id-03795	8	7	17	4.4
id-03796	9	14	3	3.7
id-03797	2	2	27	3.8
id-03798	5	3	17	3.8
id-03799	5	4	24	4.9
id-03800	9	12	28	3.2
id-03801	5	7	3	4.1
id-03802	10	16	4	3.5
id-03803	7	10	5	4.5
id-03804	6	12	13	4.1
id-03805	5	8	3	4.3
id-03806	5	3	1	3.9
id-03807	3	2	1	4.3
id-03808	1	2	29	5.0
id-03809	7	2	29	4.5
id-03810	10	5	6	4.8
id-03811	3	4	8	3.5
id-03812	1	2	12	4.8
id-03813	8	2	7	3.6
id-03814	4	5	27	4.4
id-03815	6	7	26	3.7
id-03816	2	4	28	4.3
id-03817	8	13	15	3.7
id-03818	8	8	8	3.3
id-03819	5	2	17	3.6
id-03820	6	10	9	3.1
id-03821	9	15	9	3.3
id-03822	10	8	4	3.7
id-03823	6	12	14	3.7
id-03824	1	2	25	4.0
id-03825	3	2	18	4.1
id-03826	4	5	22	3.3
id-03827	7	4	5	4.6
id-03828	9	8	1	4.1
id-03829	1	2	5	4.1
id-03830	3	2	4	4.5
id-03831	8	10	15	3.7
id-03832	3	2	22	4.1
id-03833	8	9	28	4.4
id-03834	8	13	10	4.9
id-03835	10	13	1	4.4
id-03836	5	6	23	4.3
id-03837	7	9	21	4.8
id-03838	9	3	21	5.0
id-03839	2	2	21	4.2
id-03840	3	3	9	3.5
id-03841	6	9	29	4.7
id-03842	8	4	24	4.6
id-03843	4	3	7	4.5
id-03844	8	16	25	3.7
id-03845	4	6	24	4.6
id-03846	3	6	1	4.2
id-03847	1	2	18	4.9
id-03848	2	3	3	4.1
id-03849	10	7	22	3.3
id-03850	1	2	10	4.7
id-03851	1	2	13	4.2
id-03852	9	3	8	3.1
id-03853	8	6	6	3.7
id-03854	7	9	4	4.8
id-03855	4	4	19	3.3
id-03856	2	3	8	4.7
id-03857	4	7	5	4.3
id-03858	3	3	9	3.1
id-03859	5	9	13	4.0
id-03860	6	12	30	3.2
id-03861	4	3	8	4.3
id-03862	8	4	11	4.4
id-03863	7	14	14	3.6
id-03864	4	2	11	3.8
id-03865	2	3	9	4.1
id-03866	6	7	9	3.4
id-03867	9	4	14	5.0
id-03868	4	3	29	3.8
id-03869	8	2	30	3.1
id-03870	4	3	27	4.7
id-03871	3	4	12	3.9
id-03872	8	7	19	3.4
id-03873	4	2	24	3.9
id-03874	9	3	24	4.1
id-03875	2	4	10	4.6
id-03876	3	5	5	4.5
id-03877	1	2	13	4.4
id-03878	1	2	19	3.1
id-03879	10	16	30	3.3
id-03880	4	5	26	4.8
id-03881	9	16	5	3.9
id-03882	4	5	29	3.5
id-03883	1	2	29	4.7
id-03884	3	6	7	4.7
id-03885	4	4	5	4.1
id-03886	3	3	14	4.3
id-03887	7	5	1	3.9
id-03888	9	14	24	4.2
id-03889	10	3	27	3.2
id-03890	1	2	12	3.4
id-03891	6	10	6	3.5
id-03892	5	3	26	3.4
id-03893	8	12	8	3.8
id-03894	1	2	17	4.9
id-03895	3	6	22	3.4
id-03896	8	10	25	4.7
id-03897	7	10	21	3.2
id-03898	7	8	7	4.9
id-03899	6	8	4	3.2
id-03900	6	6	28	4.9
id-03901	1	2	16	4.7
id-03902	6	12	5	5.0
id-03903	4	2	5	4.7
id-03904	4	3	1	4.7
id-03905	8	5	23	4.5
id-03906	2	2	19	4.8
id-03907	10	10	10	4.3
id-03908	4	3	8	3.5
id-03909	8	7	11	3.3
id-03910	2	3	14	4.3
id-03911	6	12	9	4.8
id-03912	2	2	4	3.1
id-03913	3	6	30	4.0
id-03914	8	11	3	3.9
id-03915	7	4	6	4.5
id-03916	2	2	10	4.0
id-03917	8	5	3	4.4
id-03918	2	3	29	3.3
id-03919	7	9	2	4.2
id-03920	1	2	12	4.0
id-03921	8	9	24	4.4
id-03922	3	6	18	3.2
id-03923	2	4	8	4.5
id-03924	7	12	12	4.3
id-03925	7	12	26	3.4
id-03926	9	5	27	4.3
id-03927	6	3	17	4.9
id-03928	2	3	22	3.5
id-03929	1	2	27	4.1
id-03930	5	3	10	4.1
id-03931	5	6	6	3.4
id-03932	10	4	30	4.3
id-03933	6	7	27	3.8
id-03934	4	2	15	3.6
id-03935	10	12	9	3.5
id-03936	7	10	12	4.6
id-03937	4	8	8	4.8
id-03938	3	4	13	4.4
id-03939	10	3	18	3.2
id-03940	7	12	15	3.5
id-03941	6	12	26	4.2
id-03942	3	2	9	3.3
id-03943	7	10	12	4.1
id-03944	10	5	16	4.1
id-03945	9	6	26	4.9
id-03946	3	2	6	4.0
id-03947	1	2	18	4.7
id-03948	2	4	30	4.2
id-03949	7	4	1	4.4
id-03950	5	10	9	4.6
id-03951	3	4	9	4.5
id-03952	10	16	8	3.1
id-03953	9	13	4	3.7
id-03954	3	5	9	3.7
id-03955	10	14	4	3.2
id-03956	5	4	19	4.3
id-03957	1	2	10	3.2
id-03958	4	4	16	4.3
id-03959	10	12	13	4.8
id-03960	6	8	29	4.1
id-03961	4	2	21	3.7
id-03962	10	5	8	4.7
id-03963	1	2	12	3.2
id-03964	10	9	29	4.9
id-03965	9	14	2	4.4
id-03966	5	4	1	3.4
id-03967	2	4	25	3.5
id-03968	8	4	27	3.2
id-03969	9	11	26	3.8
id-03970	8	13	22	4.1
id-03971	3	3	2	3.4
id-03972	5	7	28	4.4
id-03973	1	2	13	4.5
id-03974	7	11	17	4.9
id-03975	6	4	17	5.0
id-03976	5	9	29	4.4
id-03977	8	4	2	4.9
id-03978	2	2	18	3.9
id-03979	3	4	1	4.8
id-03980	5	3	19	4.2
id-03981	1	2	29	3.6
id-03982	9	3	14	3.6
id-03983	10	14	28	3.8
id-03984	7	2	19	4.9
id-03985	2	2	11	4.4
id-03986	7	9	13	3.0
id-03987	8	16	21	3.3
id-03988	10	4	8	4.8
id-03989	6	4	11	3.5
id-03990	2	2	28	3.4
id-03991	1	2	15	3.6
id-03992	10	10	10	3.9
id-03993	10	11	12	3.8
id-03994	3	4	20	4.8
id-03995	4	6	18	4.9
id-03996	7	10	30	3.2
id-03997	10	15	20	3.5
id-03998	3	4	27	3.9
id-03999	9	13	21	3.5
id-04000	10	14	30	4.4
id-04001	2	4	22	3.4
id-04002	10	9	15	3.5
id-04003	7	12	18	3.2
id-04004	4	8	25	4.4
id-04005	6	9	18	4.0
id-04006	6	9	13	4.6
id-04007	2	4	23	3.7
id-04008	3	5	24	4.3
id-04009	4	4	14	3.8
id-04010	2	3	2	3.7
id-04011	7	7	26	4.2
id-04012	2	2	19	4.6
id-04013	2	3	1	3.6
id-04014	5	9	13	3.4
id-04015	10	18	12	4.2
id-04016	4	6	18	4.0
id-04017	4	7	25	4.2
id-04018	6	2	11	4.6
id-04019	2	3	12	4.8
id-04020	4	4	26	3.2
id-04021	5	6	3	3.1
id-04022	3	5	29	4.0
id-04023	4	4	8	4.0
id-04024	10	17	15	4.0
id-04025	10	4	3	4.7
id-04026	5	2	20	4.0
id-04027	10	5	10	3.2
id-04028	10	2	26	3.3
id-04029	4	8	24	4.4
id-04030	9	6	29	4.0
id-04031	2	2	20	4.0
id-04032	3	3	22	3.2
id-04033	8	6	16	4.3
id-04034	1	2	24	4.6
id-04035	2	3	8	4.8
id-04036	4	4	2	3.4
id-04037	6	9	2	4.2
id-04038	9	3	9	4.7
id-04039	8	2	23	3.3
id-04040	2	2	10	4.0
id-04041	3	2	20	5.0
id-04042	7	9	28	3.9
id-04043	10	9	13	4.3
id-04044	8	16	26	3.7
id-04045	9	10	17	3.6
id-04046	8	3	29	3.4
id-04047	1	2	22	4.8
id-04048	9	7	6	3.8
id-04049	7	9	21	4.7
id-04050	6	9	19	3.1
id-04051	3	4	17	4.8
id-04052	3	5	25	3.9
id-04053	7	5	16	3.9
id-04054	8	8	24	3.1
id-04055	4	6	6	3.2
id-04056	1	2	1	4.2
id-04057	4	7	16	4.7
id-04058	7	14	22	3.1
id-04059	8	5	22	4.9
id-04060	5	4	21	4.1
id-04061	2	4	6	4.2
id-04062	4	5	17	4.7
id-04063	3	5	1	3.6
id-04064	5	7	8	4.7
id-04065	1	2	28	3.1
id-04066	7	6	8	4.3
id-04067	1	2	13	3.8
id-04068	2	2	29	4.1
id-04069	7	13	12	4.7
id-04070	5	9	7	4.0
id-04071	4	7	22	3.0
id-04072	10	16	22	3.7
id-04073	8	15	16	3.2
id-04074	6	12	23	3.3
id-04075	5	10	20	3.9
id-04076	10	16	14	3.9
id-04077	10	3	2	3.4
id-04078	7	14	25	3.5
id-04079	5	3	18	4.3
id-04080	5	2	6	4.9
id-04081	2	4	10	4.0
id-04082	9	15	25	4.5
id-04083	10	10	7	3.5
id-04084	1	2	7	3.3
id-04085	10	19	17	3.9
id-04086	7	10	4	3.6
id-04087	4	4	17	4.1
id-04088	6	10	11	5.0
id-04089	3	5	4	3.5
id-04090	2	2	24	3.9
id-04091	8	16	27	4.7
id-04092	1	2	9	3.6
id-04093	8	3	25	3.8
id-04094	3	6	27	3.2
id-04095	3	2	2	3.5
id-04096	9	14	19	4.4
id-04097	5	3	25	3.8
id-04098	10	4	11	4.7
id-04099	3	3	4	3.7
id-04100	6	3	13	4.6
id-04101	5	5	22	3.6
id-04102	7	5	10	3.6
id-04103	7	6	28	3.5
id-04104	4	5	12	4.8
id-04105	2	3	2	3.4
id-04106	2	4	18	3.4
id-04107	1	2	4	4.7
id-04108	6	5	5	3.9
id-04109	2	2	8	3.1
id-04110	6	12	12	4.0
id-04111	3	3	25	4.7
id-04112	4	4	7	3.4
id-04113	10	8	27	4.2
id-04114	3	5	3	4.1
id-04115	5	9	28	4.0
id-04116	8	13	21	3.1
id-04117	10	15	27	3.4
id-04118	2	2	8	3.1
id-04119	6	9	15	4.6
id-04120	7	12	20	3.7
id-04121	7	9	28	3.2
id-04122	9	10	26	3.3
id-04123	6	6	29	3.4
id-04124	9	14	3	3.8
id-04125	2	4	26	4.2
id-04126	5	6	19	4.7
id-04127	2	4	1	4.7
id-04128	1	2	13	4.1
id-04129	6	5	24	3.2
id-04130	7	9	10	3.7
id-04131	2	2	22	4.3
id-04132	8	14	16	3.7
id-04133	1	2	25	4.6
id-04134	9	14	24	3.4
id-04135	8	4	7	4.4
id-04136	8	3	1	4.3
id-04137	8	10	13	4.0
id-04138	9	17	4	4.5
id-04139	1	2	21	3.5
id-04140	1	2	30	4.1
id-04141	5	9	10	4.7
id-04142	6	7	21	3.2
id-04143	10	2	16	4.3
id-04144	8	14	24	4.1
id-04145	4	2	7	4.5
id-04146	6	11	24	3.8
id-04147	6	9	17	3.8
id-04148	10	12	5	3.6
id-04149	9	5	15	4.3
id-04150	1	2	20	4.9
id-04151	9	5	12	4.3
id-04152	8	9	21	3.2
id-04153	7	13	23	3.4
id-04154	6	8	21	4.1
id-04155	8	13	8	4.6
id-04156	6	9	22	4.4
id-04157	3	2	21	3.8
id-04158	3	4	12	3.5
id-04159	2	4	12	3.8
id-04160	7	7	27	4.2
id-04161	8	13	21	4.2
id-04162	6	9	15	4.4
id-04163	2	3	22	3.8
id-04164	3	5	19	5.0
id-04165	4	3	6	4.9
id-04166	8	16	22	3.7
id-04167	1	2	14	3.5
id-04168	5	2	30	4.4
id-04169	3	6	22	4.0
id-04170	4	3	20	3.7
id-04171	2	3	26	4.6
id-04172	1	2	9	3.7
id-04173	8	6	6	4.9
id-04174	4	2	13	4.7
id-04175	7	7	25	4.4
id-04176	3	5	21	3.3
id-04177	8	16	2	3.4
id-04178	10	13	22	4.0
id-04179	3	3	5	4.8
id-04180	8	9	30	4.7
id-04181	6	4	29	4.2
id-04182	6	8	13	4.3
id-04183	7	3	26	3.9
id-04184	8	7	15	4.2
id-04185	10	7	9	4.6
id-04186	5	9	9	4.4
id-04187	9	11	18	3.1
id-04188	2	4	2	3.9
id-04189	5	4	8	3.2
id-04190	10	16	13	4.3
id-04191	1	2	27	3.4
id-04192	2	4	2	4.7
id-04193	8	3	22	3.4
id-04194	2	2	24	3.4
id-04195	10	11	17	4.1
id-04196	3	2	25	3.2
id-04197	9	14	28	4.2
id-04198	9	3	4	4.6
id-04199	2	2	23	3.5
id-04200	1	2	9	4.0
id-04201	10	15	19	3.8
id-04202	7	13	20	4.6
id-04203	10	14	30	4.5
id-04204	4	6	11	4.4
id-04205	8	15	28	3.3
id-04206	3	3	5	4.2
id-04207	4	6	14	3.5
id-04208	2	2	17	4.0
id-04209	7	9	26	5.0
id-04210	4	3	9	4.9
id-04211	8	16	9	4.7
id-04212	1	2	15	4.1
id-04213	4	8	11	4.3
id-04214	9	2	7	4.8
id-04215	8	4	12	3.4
id-04216	5	4	4	3.1
id-04217	1	2	13	4.3
id-04218	4	8	30	3.9
id-04219	7	11	27	4.6
id-04220	4	7	3	3.0
id-04221	3	2	11	4.5
id-04222	8	14	5	4.1
id-04223	9	10	17	3.4
id-04224	5	6	8	4.8
id-04225	7	3	29	3.6
id-04226	5	3	29	3.2
id-04227	8	6	4	3.7
id-04228	3	4	23	4.7
id-04229	6	9	6	4.9
id-04230	10	11	7	3.2
id-04231	3	4	14	3.1
id-04232	4	5	24	3.9
id-04233	7	12	25	3.8
id-04234	3	3	12	3.8
id-04235	5	9	17	4.7
id-04236	10	6	21	4.7
id-04237	5	5	9	4.5
id-04238	7	10	27	4.2
id-04239	6	6	24	4.8
id-04240	10	6	25	3.6
id-04241	1	2	4	3.6
id-04242	7	5	17	4.9
id-04243	9	6	16	4.5
id-04244	7	3	10	3.9
id-04245	6	8	1	4.7
id-04246	1	2	14	3.0
id-04247	4	8	21	4.4
id-04248	4	5	18	3.3
id-04249	10	20	4	4.7
id-04250	5	2	15	3.4
id-04251	5	7	1	3.6
id-04252	7	6	2	3.8
id-04253	3	6	25	3.5
id-04254	8	11	9	4.1
id-04255	1	2	30	3.7
id-04256	4	3	25	4.2
id-04257	1	2	20	4.6
id-04258	9	17	11	3.6
id-04259	6	3	24	3.5
id-04260	4	3	19	3.6
id-04261	6	4	10	3.3
id-04262	2	4	23	3.0
id-04263	9	17	18	3.3
id-04264	7	14	17	3.3
id-04265	4	6	9	4.5
id-04266	9	11	17	4.7
id-04267	5	5	23	4.4
id-04268	5	3	19	4.7
id-04269	7	14	27	4.3
id-04270	6	5	13	4.1
id-04271	4	4	19	3.1
id-04272	9	16	26	3.4
id-04273	9	18	6	3.8
id-04274	6	5	5	3.6
id-04275	2	3	17	4.7
id-04276	1	2	9	4.5
id-04277	1	2	28	4.9
id-04278	4	7	19	3.4
id-04279	6	3	10	3.5
id-04280	8	7	18	3.9
id-04281	2	4	5	4.3
id-04282	10	17	4	3.8
id-04283	8	9	17	4.4
id-04284	2	4	18	3.1
id-04285	6	6	5	3.6
id-04286	1	2	21	4.1
id-04287	1	2	7	4.5
id-04288	6	2	30	3.1
id-04289	8	7	6	3.9
id-04290	3	5	1	4.6
id-04291	5	5	19	4.3
id-04292	8	8	16	3.5
id-04293	4	5	9	4.9
id-04294	6	6	15	4.0
id-04295	10	5	17	4.0
id-04296	9	13	29	3.9
id-04297	6	11	15	3.8
id-04298	6	8	27	3.3
id-04299	2	3	29	4.7
id-04300	1	2	14	3.8
id-04301	7	12	12	3.4
id-04302	3	5	23	3.8
id-04303	1	2	19	3.3
id-04304	3	3	11	4.3
id-04305	7	4	22	4.4
id-04306	1	2	7	3.6
id-04307	3	5	10	3.9
id-04308	8	3	14	4.9
id-04309	2	4	9	4.7
id-04310	9	5	14	4.5
id-04311	6	10	16	3.3
id-04312	4	4	2	4.2
id-04313	7	12	29	4.7
id-04314	5	3	17	3.7
id-04315	8	15	14	3.6
id-04316	7	4	15	3.9
id-04317	6	12	22	4.5
id-04318	5	10	22	3.4
id-04319	9	5	3	4.1
id-04320	9	9	26	3.7
id-04321	3	3	4	3.1
id-04322	5	4	17	4.3
id-04323	5	10	20	3.9
id-04324	8	16	23	3.5
id-04325	7	13	30	3.0
id-04326	2	3	24	3.2
id-04327	3	4	4	4.6
id-04328	5	10	11	3.1
id-04329	5	4	25	4.9
id-04330	1	2	18	4.0
id-04331	2	4	7	4.5
id-04332	7	5	22	5.0
id-04333	1	2	22	4.1
id-04334	6	4	22	3.3
id-04335	1	2	2	3.6
id-04336	3	2	7	4.1
id-04337	1	2	6	4.2
id-04338	9	10	29	4.6
id-04339	2	3	9	4.0
id-04340	4	8	9	3.4
id-04341	10	11	2	4.6
id-04342	1	2	18	3.1
id-04343	9	5	1	3.2
id-04344	5	7	22	3.9
id-04345	6	12	24	3.2
id-04346	7	5	20	3.5
id-04347	7	7	5	4.2
id-04348	8	10	16	4.0
id-04349	7	3	22	3.7
id-04350	6	11	7	4.0
id-04351	2	2	13	3.4
id-04352	8	16	9	3.3
id-04353	9	8	8	3.5
id-04354	4	7	30	4.6
id-04355	7	13	7	3.2
id-04356	5	6	12	3.5
id-04357	10	9	24	4.5
id-04358	1	2	13	4.5
id-04359	5	4	25	4.9
id-04360	4	3	11	4.1
id-04361	1	2	14	3.6
id-04362	7	9	17	3.5
id-04363	9	14	17	5.0
id-04364	10	12	5	3.2
id-04365	4	6	8	3.8
id-04366	9	17	23	4.5
id-04367	1	2	17	4.4
id-04368	7	2	9	3.3
id-04369	1	2	18	3.6
id-04370	4	4	11	4.7
id-04371	10	6	5	4.4
id-04372	8	13	2	4.7
id-04373	1	2	14	4.5
id-04374	9	15	21	3.8
id-04375	6	4	12	4.8
id-04376	9	9	15	3.5
id-04377	9	6	27	3.6
id-04378	5	9	10	3.2
id-04379	2	3	8	4.9
id-04380	2	3	4	4.1
id-04381	7	13	29	4.3
id-04382	2	3	29	4.2
id-04383	10	6	4	4.8
id-04384	6	7	24	3.9
id-04385	7	6	27	4.0
id-04386	4	7	3	3.3
id-04387	4	7	19	3.3
id-04388	3	4	21	3.6
id-04389	9	17	19	4.8
id-04390	4	4	12	3.7
id-04391	4	5	27	3.7
id-04392	10	14	3	3.6
id-04393	5	5	28	4.3
id-04394	2	4	28	3.9
id-04395	8	11	21	4.1
id-04396	1	2	16	3.5
id-04397	10	14	16	3.6
id-04398	4	8	30	4.4
id-04399	6	8	2	4.9
id-04400	6	5	12	3.7
id-04401	1	2	25	3.3
id-04402	3	2	26	3.0
id-04403	8	8	30	4.7
id-04404	2	4	6	4.5
id-04405	4	2	15	4.5
id-04406	5	6	15	3.3
id-04407	8	5	15	3.5
id-04408	7	9	28	4.8
id-04409	4	7	9	3.2
id-04410	1	2	22	3.6
id-04411	1	2	5	4.8
id-04412	7	12	23	3.7
id-04413	4	3	19	4.3
id-04414	4	8	20	4.5
id-04415	8	8	25	4.4
id-04416	5	2	23	4.1
id-04417	10	20	7	4.3
id-04418	4	5	30	4.6
id-04419	10	19	7	3.4
id-04420	3	4	5	3.3
id-04421	2	2	6	3.5
id-04422	3	3	15	4.1
id-04423	8	6	26	3.5
id-04424	6	11	2	3.3
id-04425	9	18	15	3.2
id-04426	6	11	23	3.5
id-04427	10	12	7	3.1
id-04428	7	7	29	4.9
id-04429	10	14	15	3.6
id-04430	3	5	20	3.1
id-04431	5	3	29	3.9
id-04432	7	10	24	3.8
id-04433	3	4	13	3.9
id-04434	3	5	27	3.9
id-04435	3	6	6	4.8
id-04436	10	8	1	5.0
id-04437	10	18	19	3.7
id-04438	1	2	4	3.8
id-04439	8	3	23	4.5
id-04440	5	2	27	4.9
id-04441	10	10	1	4.0
id-04442	6	10	29	4.9
id-04443	9	4	18	3.3
id-04444	3	4	26	3.8
id-04445	9	2	12	4.2
id-04446	3	3	7	3.2
id-04447	7	4	29	3.2
id-04448	1	2	30	4.6
id-04449	9	4	17	4.3
id-04450	9	17	8	3.6
id-04451	5	6	24	4.7
id-04452	10	7	4	3.8
id-04453	4	7	5	3.3
id-04454	7	14	22	3.6
id-04455	9	8	27	3.7
id-04456	9	13	18	3.3
id-04457	9	6	30	3.7
id-04458	9	6	5	4.6
id-04459	10	9	11	4.8
id-04460	7	2	2	3.0
id-04461	6	8	8	3.8
id-04462	8	16	28	4.7
id-04463	1	2	30	4.8
id-04464	5	9	6	4.5
id-04465	10	11	30	4.9
id-04466	1	2	22	3.2
id-04467	2	2	30	4.6
id-04468	6	6	6	3.9
id-04469	3	6	1	4.1
id-04470	6	4	4	4.0
id-04471	6	10	29	4.6
id-04472	7	12	12	4.4
id-04473	4	2	21	3.9
id-04474	3	6	12	4.8
id-04475	6	12	4	3.2
id-04476	1	2	3	3.6
id-04477	10	12	11	3.6
id-04478	3	6	12	4.6
id-04479	6	9	24	4.5
id-04480	6	12	1	3.4
id-04481	2	2	9	4.9
id-04482	8	6	23	3.9
id-04483	10	15	27	4.5
id-04484	8	2	29	3.5
id-04485	7	14	29	4.6
id-04486	8	10	11	3.4
id-04487	3	6	21	4.0
id-04488	8	9	16	4.1
id-04489	6	7	12	3.9
id-04490	5	10	7	3.4
id-04491	4	8	28	4.8
id-04492	3	4	11	3.4
id-04493	4	3	28	3.4
id-04494	5	8	17	3.0
id-04495	5	9	22	3.3
id-04496	1	2	11	4.0
id-04497	8	3	28	3.9
id-04498	8	5	4	4.5
id-04499	2	3	4	4.7
id-04500	8	11	19	3.4
id-04501	10	14	29	4.2
id-04502	3	5	23	4.5
id-04503	2	3	8	3.4
id-04504	5	8	5	4.1
id-04505	9	13	10	3.3
id-04506	4	8	7	4.9
id-04507	7	8	15	3.3
id-04508	4	7	16	3.2
id-04509	5	5	9	4.5
id-04510	5	9	6	4.2
id-04511	7	14	14	4.9
id-04512	3	4	25	3.6
id-04513	6	10	24	3.7
id-04514	6	9	3	3.1
id-04515	6	9	14	4.0
id-04516	5	2	9	3.9
id-04517	9	4	2	4.3
id-04518	10	3	13	4.2
id-04519	10	2	6	3.1
id-04520	5	3	27	3.2
id-04521	7	6	12	4.5
id-04522	4	8	11	4.7
id-04523	3	3	11	4.7
id-04524	4	5	27	4.8
id-04525	2	2	29	3.9
id-04526	10	20	6	4.4
id-04527	10	16	9	4.6
id-04528	3	6	22	4.8
id-04529	5	8	13	4.2
id-04530	3	5	10	4.4
id-04531	3	4	27	3.6
id-04532	5	8	2	4.7
id-04533	5	8	29	4.6
id-04534	10	18	2	4.3
id-04535	4	8	19	4.8
id-04536	4	2	17	3.2
id-04537	9	14	24	4.1
id-04538	2	2	22	4.6
id-04539	1	2	3	4.2
id-04540	5	9	29	4.2
id-04541	7	5	26	4.1
id-04542	10	9	14	4.0
id-04543	5	5	1	4.8
id-04544	8	2	24	4.3
id-04545	5	3	14	4.9
id-04546	4	2	12	3.9
id-04547	6	5	26	3.3
id-04548	4	5	8	3.2
id-04549	8	8	18	4.1
id-04550	4	8	10	3.3
id-04551	8	5	23	3.9
id-04552	2	2	24	4.9
id-04553	6	11	14	3.2
id-04554	4	5	26	4.4
id-04555	4	7	1	3.8
id-04556	3	5	27	4.7
id-04557	2	3	1	3.5
id-04558	4	5	14	4.8
id-04559	6	9	3	3.6
id-04560	4	6	18	4.4
id-04561	7	8	1	3.3
id-04562	6	8	6	3.4
id-04563	9	10	4	4.9
id-04564	1	2	18	4.3
id-04565	1	2	3	4.1
id-04566	6	8	3	4.5
id-04567	8	6	8	3.2
id-04568	8	14	27	4.1
id-04569	10	3	29	3.1
id-04570	10	6	28	3.2
id-04571	7	7	23	4.6
id-04572	4	6	5	4.6
id-04573	9	18	26	4.7
id-04574	5	6	3	3.6
id-04575	9	6	21	3.1
id-04576	9	13	10	3.2
id-04577	4	3	4	3.1
id-04578	10	14	27	3.5
id-04579	2	4	13	4.7
id-04580	6	7	5	4.9
id-04581	1	2	25	3.4
id-04582	2	3	15	4.6
id-04583	1	2	21	5.0
id-04584	2	4	18	4.9
id-04585	8	14	29	4.3
id-04586	7	8	8	4.2
id-04587	5	9	18	4.7
id-04588	10	4	13	3.5
id-04589	1	2	3	3.8
id-04590	7	4	4	3.1
id-04591	8	11	26	4.2
id-04592	6	4	5	3.3
id-04593	2	2	23	4.7
id-04594	1	2	9	4.0
id-04595	10	8	20	3.7
id-04596	1	2	24	3.3
id-04597	8	10	21	3.4
id-04598	10	14	23	3.6
id-04599	5	8	8	4.4
id-04600	10	11	13	4.3
id-04601	7	4	21	4.7
id-04602	7	6	13	4.2
id-04603	5	9	14	4.5
id-04604	7	11	23	3.6
id-04605	5	9	11	3.2
id-04606	3	3	25	4.3
id-04607	6	6	7	3.7
id-04608	8	12	4	4.8
id-04609	4	2	13	4.9
id-04610	7	4	15	4.0
id-04611	10	3	17	4.5
id-04612	4	8	29	4.9
id-04613	7	6	7	4.5
id-04614	2	3	23	4.9
id-04615	7	3	19	4.7
id-04616	8	5	4	3.6
id-04617	6	8	11	3.3
id-04618	1	2	30	3.2
id-04619	10	7	3	3.1
id-04620	3	5	25	4.1
id-04621	1	2	11	4.7
id-04622	6	8	30	3.4
id-04623	2	3	16	4.5
id-04624	6	10	27	4.2
id-04625	5	3	20	4.1
id-04626	9	8	12	3.1
id-04627	10	11	7	3.1
id-04628	2	2	20	3.5
id-04629	6	8	14	4.9
id-04630	10	19	3	4.5
id-04631	8	6	19	4.5
id-04632	1	2	6	3.5
id-04633	4	3	16	3.7
id-04634	7	4	19	3.2
id-04635	9	18	19	3.3
id-04636	7	11	1	3.4
id-04637	7	12	9	4.2
id-04638	1	2	26	4.8
id-04639	7	9	25	3.8
id-04640	10	10	28	3.8
id-04641	6	7	16	4.5
id-04642	4	7	7	4.0
id-04643	4	3	7	4.6
id-04644	6	9	3	3.1
id-04645	9	5	18	4.4
id-04646	2	4	5	4.3
id-04647	7	2	26	4.8
id-04648	7	2	10	4.2
id-04649	8	14	2	3.7
id-04650	8	5	7	3.6
id-04651	10	19	25	3.9
id-04652	5	8	1	3.9
id-04653	9	9	30	3.3
id-04654	2	2	26	3.8
id-04655	10	3	16	4.5
id-04656	3	4	8	3.6
id-04657	7	13	3	3.3
id-04658	4	5	2	4.3
id-04659	4	5	11	4.6
id-04660	10	14	13	3.6
id-04661	1	2	14	3.1
id-04662	5	7	20	4.9
id-04663	4	2	25	3.6
id-04664	1	2	7	4.3
id-04665	5	2	16	4.5
id-04666	2	2	8	3.3
id-04667	7	8	22	3.7
id-04668	5	8	5	4.6
id-04669	8	7	10	3.4
id-04670	5	7	27	4.7
id-04671	4	5	22	4.3
id-04672	8	14	12	4.9
id-04673	9	6	19	3.3
id-04674	1	2	11	4.4
id-04675	5	5	17	3.7
id-04676	8	3	10	4.7
id-04677	5	2	11	3.0
id-04678	2	2	8	4.7
id-04679	4	5	30	3.8
id-04680	6	12	8	3.7
id-04681	9	18	22	4.1
id-04682	10	5	14	4.2
id-04683	2	4	12	3.2
id-04684	8	5	18	4.8
id-04685	1	2	4	5.0
id-04686	9	5	21	3.5
id-04687	5	6	25	4.8
id-04688	3	5	8	3.1
id-04689	9	5	16	4.8
id-04690	5	9	30	4.0
id-04691	1	2	7	4.7
id-04692	6	12	18	3.9
id-04693	3	4	14	3.3
id-04694	7	14	6	4.8
id-04695	5	10	22	3.5
id-04696	6	8	23	5.0
id-04697	5	3	1	4.3
id-04698	2	4	2	4.5
id-04699	8	10	14	4.3
id-04700	6	5	9	4.5
id-04701	3	5	1	4.8
id-04702	2	4	2	4.0
id-04703	5	8	2	3.9
id-04704	8	16	24	3.4
id-04705	3	4	19	3.9
id-04706	8	8	23	3.4
id-04707	7	6	21	3.4
id-04708	4	3	10	4.0
id-04709	3	3	17	3.2
id-04710	6	5	12	5.0
id-04711	10	6	9	4.2
id-04712	7	7	30	5.0
id-04713	5	5	30	3.5
id-04714	3	4	28	4.4
id-04715	8	7	10	4.8
id-04716	7	6	10	4.7
id-04717	8	16	6	4.1
id-04718	9	18	17	3.4
id-04719	4	3	26	4.2
id-04720	6	12	23	4.6
id-04721	6	8	6	3.2
id-04722	6	2	21	4.4
id-04723	6	10	4	3.9
id-04724	6	6	5	3.4
id-04725	3	6	6	3.3
id-04726	10	8	30	3.3
id-04727	3	4	9	4.3
id-04728	8	6	24	4.3
id-04729	1	2	20	4.2
id-04730	10	17	6	4.0
id-04731	2	4	8	4.3
id-04732	6	6	23	3.8
id-04733	9	7	16	4.6
id-04734	9	8	12	4.2
id-04735	6	5	8	3.6
id-04736	4	3	7	4.5
id-04737	2	3	28	4.6
id-04738	5	8	15	4.0
id-04739	7	14	30	4.8
id-04740	7	9	18	4.8
id-04741	6	3	25	3.1
id-04742	10	8	16	3.2
id-04743	7	12	8	3.0
id-04744	1	2	26	3.8
id-04745	1	2	2	3.7
id-04746	4	8	24	4.0
id-04747	4	2	2	3.8
id-04748	4	6	28	4.3
id-04749	7	8	2	4.1
id-04750	8	10	6	3.4
id-04751	4	6	28	4.2
id-04752	3	5	24	3.3
id-04753	2	4	14	3.0
id-04754	3	3	30	3.8
id-04755	4	3	4	3.0
id-04756	5	3	14	4.3
id-04757	4	8	29	3.8
id-04758	6	11	18	3.5
id-04759	6	11	29	4.2
id-04760	4	4	18	4.4
id-04761	2	2	22	4.2
id-04762	8	11	9	4.1
id-04763	6	6	23	4.9
id-04764	9	4	18	4.2
id-04765	4	5	29	3.7
id-04766	6	11	25	3.2
id-04767	6	6	4	3.7
id-04768	9	14	4	5.0
id-04769	10	12	23	3.2
id-04770	1	2	23	4.2
id-04771	2	4	11	4.3
id-04772	10	14	12	4.0
id-04773	9	11	20	4.3
id-04774	1	2	3	3.0
id-04775	10	11	21	4.7
id-04776	2	4	19	5.0
id-04777	10	15	19	3.1
id-04778	4	4	8	4.1
id-04779	7	5	3	3.3
id-04780	1	2	26	4.3
id-04781	5	5	6	3.8
id-04782	4	3	20	4.6
id-04783	2	4	4	3.4
id-04784	10	11	18	3.2
id-04785	5	8	26	3.8
id-04786	1	2	19	4.4
id-04787	5	6	26	3.7
id-04788	10	8	13	3.8
id-04789	10	6	17	4.0
id-04790	9	3	27	4.4
id-04791	4	2	13	3.6
id-04792	7	7	12	3.8
id-04793	10	8	16	4.8
id-04794	10	18	7	3.8
id-04795	6	11	14	3.2
id-04796	3	3	8	3.1
id-04797	8	3	29	3.8
id-04798	1	2	19	4.2
id-04799	8	13	8	4.6
id-04800	10	4	2	3.1
id-04801	6	4	7	4.3
id-04802	10	18	1	4.5
id-04803	4	7	11	4.6
id-04804	3	4	4	4.3
id-04805	3	6	13	5.0
id-04806	10	6	8	3.5
id-04807	10	2	6	4.6
id-04808	2	4	11	3.9
id-04809	1	2	14	3.7
id-04810	4	5	17	4.5
id-04811	1	2	7	4.3
id-04812	5	9	23	3.3
id-04813	9	3	30	3.9
id-04814	2	3	20	3.5
id-04815	10	19	20	3.7
id-04816	1	2	23	4.0
id-04817	9	10	10	5.0
id-04818	1	2	11	4.5
id-04819	3	5	7	4.4
id-04820	7	11	9	3.9
id-04821	9	5	30	3.6
id-04822	7	5	22	3.8
id-04823	2	4	30	3.2
id-04824	8	11	28	3.4
id-04825	5	10	4	3.8
id-04826	6	6	8	3.3
id-04827	3	4	10	3.3
id-04828	3	2	15	4.4
id-04829	9	17	15	3.8
id-04830	5	3	12	3.8
id-04831	5	7	5	5.0
id-04832	5	7	10	3.8
id-04833	1	2	25	4.6
id-04834	3	3	6	3.9
id-04835	3	6	15	3.9
id-04836	9	10	8	4.8
id-04837	7	9	9	4.4
id-04838	10	19	13	3.3
id-04839	4	4	20	3.2
id-04840	7	5	12	3.9
id-04841	7	13	24	4.4
id-04842	6	12	17	4.7
id-04843	4	3	5	4.8
id-04844	5	9	16	4.5
id-04845	4	8	9	4.8
id-04846	7	5	13	4.3
id-04847	10	13	8	4.2
id-04848	4	8	20	3.5
id-04849	7	5	19	4.2
id-04850	9	5	25	4.2
id-04851	8	16	7	3.0
id-04852	9	17	15	3.5
id-04853	9	16	15	3.3
id-04854	6	7	12	4.0
id-04855	10	2	18	3.1
id-04856	3	2	8	4.4
id-04857	9	2	7	3.5
id-04858	5	10	26	4.0
id-04859	5	6	4	3.8
id-04860	5	9	6	4.4
id-04861	5	3	20	4.6
id-04862	7	9	16	3.6
id-04863	10	3	1	3.5
id-04864	2	2	10	4.2
id-04865	3	2	22	5.0
id-04866	8	4	10	3.2
id-04867	5	2	30	3.5
id-04868	4	4	29	3.4
id-04869	3	5	2	3.8
id-04870	5	5	18	3.4
id-04871	9	12	20	4.4
id-04872	7	11	30	3.6
id-04873	7	2	30	3.9
id-04874	1	2	28	3.7
id-04875	7	10	9	4.5
id-04876	5	6	5	3.5
id-04877	1	2	12	4.0
id-04878	4	7	4	3.9
id-04879	2	2	8	4.0
id-04880	4	6	29	3.9
id-04881	4	3	20	4.1
id-04882	8	11	14	4.2
id-04883	2	4	9	4.1
id-04884	2	4	8	4.0
id-04885	3	2	15	3.4
id-04886	3	2	2	4.1
id-04887	10	9	11	3.2
id-04888	8	6	10	3.1
id-04889	10	19	13	3.6
id-04890	10	17	17	4.4
id-04891	2	2	21	4.6
id-04892	6	9	20	4.5
id-04893	9	6	2	3.8
id-04894	2	3	23	4.8
id-04895	1	2	15	3.4
id-04896	6	8	4	3.8
id-04897	2	2	19	4.3
id-04898	4	6	25	4.5
id-04899	10	7	7	4.1
id-04900	1	2	19	4.1
id-04901	10	15	19	4.9
id-04902	5	4	25	4.3
id-04903	9	4	2	3.9
id-04904	6	3	10	3.3
id-04905	8	6	27	4.4
id-04906	4	7	11	3.4
id-04907	2	4	15	4.7
id-04908	2	2	8	3.6
id-04909	5	9	26	3.0
id-04910	4	7	19	3.6
id-04911	9	12	14	4.6
id-04912	8	5	3	3.3
id-04913	5	4	24	3.9
id-04914	6	4	29	3.2
id-04915	8	16	18	4.5
id-04916	4	4	23	3.7
id-04917	5	6	11	3.9
id-04918	1	2	6	3.9
id-04919	3	3	20	3.2
id-04920	5	5	29	4.0
id-04921	9	4	4	3.4
id-04922	3	3	11	4.1
id-04923	3	4	15	4.1
id-04924	3	2	10	3.5
id-04925	10	4	24	3.6
id-04926	3	6	28	4.9
id-04927	5	10	14	4.8
id-04928	9	10	7	3.1
id-04929	6	3	29	4.9
id-04930	9	18	10	4.9
id-04931	5	7	12	4.9
id-04932	10	10	8	4.2
id-04933	10	12	23	3.4
id-04934	9	15	25	3.4
id-04935	6	4	6	3.8
id-04936	3	3	23	4.7
id-04937	8	4	16	4.2
id-04938	5	4	9	3.2
id-04939	8	2	1	4.0
id-04940	3	4	23	4.1
id-04941	7	2	7	4.3
id-04942	2	3	1	4.6
id-04943	10	17	30	3.6
id-04944	1	2	7	3.5
id-04945	4	3	27	3.4
id-04946	8	11	25	4.2
id-04947	1	2	7	4.3
id-04948	1	2	9	4.8
id-04949	5	9	21	3.7
id-04950	6	7	25	3.8
id-04951	7	2	3	3.7
id-04952	6	8	30	4.0
id-04953	7	11	30	4.6
id-04954	1	2	18	4.7
id-04955	2	4	20	3.2
id-04956	1	2	24	4.4
id-04957	8	8	10	4.1
id-04958	3	4	13	4.2
id-04959	6	4	22	3.4
id-04960	3	2	23	3.5
id-04961	7	3	16	3.8
id-04962	1	2	24	3.1
id-04963	8	5	22	3.8
id-04964	2	4	5	4.5
id-04965	7	9	27	3.6
id-04966	5	3	6	4.9
id-04967	4	8	29	4.2
id-04968	2	3	5	4.0
id-04969	5	9	13	5.0
id-04970	10	17	20	4.5
id-04971	10	17	4	4.8
id-04972	9	7	10	4.0
id-04973	3	2	1	3.1
id-04974	2	2	24	4.8
id-04975	9	6	1	3.8
id-04976	8	3	11	4.9
id-04977	3	6	26	4.7
id-04978	1	2	7	4.8
id-04979	8	8	12	4.4
id-04980	6	10	10	4.8
id-04981	2	3	2	4.0
id-04982	8	13	19	3.1
id-04983	2	4	22	4.8
id-04984	8	12	24	4.6
id-04985	8	16	1	4.2
id-04986	4	7	7	5.0
id-04987	1	2	3	4.0
id-04988	8	16	3	3.7
id-04989	3	3	20	4.2
id-04990	10	20	9	3.7
id-04991	3	3	21	3.2
id-04992	2	2	12	4.2
id-04993	2	4	4	4.0
id-04994	9	5	11	3.4
id-04995	3	2	11	4.7
id-04996	9	4	20	4.8
id-04997	8	12	30	3.4
id-04998	5	4	3	4.1
id-04999	1	2	15	3.1
id-05000	7	3	24	5.0
id-05001	5	6	29	3.2
id-05002	8	11	5	3.7
id-05003	8	14	28	4.3
id-05004	10	17	5	4.6
id-05005	7	14	1	3.3
id-05006	9	13	13	4.3
id-05007	7	8	15	3.4
id-05008	9	5	12	3.6
id-05009	7	8	25	4.9
id-05010	7	7	7	4.8
id-05011	2	3	28	4.7
id-05012	8	15	10	3.2
id-05013	9	17	25	3.8
id-05014	8	14	24	3.5
id-05015	7	7	13	4.2
id-05016	6	3	19	4.8
id-05017	3	6	11	3.1
id-05018	4	2	15	3.5
id-05019	5	6	4	5.0
id-05020	1	2	7	3.4
id-05021	10	2	12	4.7
id-05022	9	6	19	4.5
id-05023	2	3	1	4.9
id-05024	9	18	8	3.2
id-05025	8	13	8	3.6
id-05026	5	4	1	4.3
id-05027	9	17	24	3.6
id-05028	2	2	9	3.2
id-05029	5	9	21	4.9
id-05030	2	4	16	4.5
id-05031	2	4	28	4.6
id-05032	6	8	14	4.9
id-05033	9	8	10	4.7
id-05034	6	8	4	3.6
id-05035	5	10	30	4.5
id-05036	7	4	14	4.0
id-05037	1	2	9	3.8
id-05038	4	3	16	3.1
id-05039	5	8	24	3.7
id-05040	7	13	7	4.7
id-05041	2	3	21	3.3
id-05042	3	2	4	4.6
id-05043	2	4	27	4.8
id-05044	2	2	15	3.7
id-05045	10	20	20	4.7
id-05046	6	10	13	4.9
id-05047	2	3	26	4.9
id-05048	2	4	18	3.2
id-05049	4	4	30	3.6
id-05050	3	3	16	5.0
id-05051	2	3	8	3.5
id-05052	8	9	30	5.0
id-05053	2	2	16	3.9
id-05054	3	4	14	4.7
id-05055	9	5	12	3.2
id-05056	6	2	29	4.0
id-05057	1	2	14	4.5
id-05058	4	7	25	4.9
id-05059	9	3	5	4.4
id-05060	1	2	10	4.3
id-05061	7	11	25	3.4
id-05062	4	4	18	4.4
id-05063	5	8	13	4.2
id-05064	9	14	5	3.7
id-05065	6	11	26	3.1
id-05066	6	8	28	4.8
id-05067	8	16	25	3.7
id-05068	8	16	25	4.3
id-05069	9	17	30	3.4
id-05070	2	4	19	3.8
id-05071	10	2	10	4.1
id-05072	3	3	3	4.8
id-05073	5	10	30	3.7
id-05074	6	3	28	3.2
id-05075	2	4	30	4.2
id-05076	7	13	23	4.9
id-05077	2	3	20	5.0
id-05078	7	2	2	3.2
id-05079	1	2	15	3.1
id-05080	9	8	15	4.5
id-05081	8	7	15	3.3
id-05082	7	6	19	4.0
id-05083	4	8	1	3.0
id-05084	3	2	6	4.2
id-05085	2	2	25	4.4
id-05086	9	6	11	3.3
id-05087	6	12	27	4.3
id-05088	1	2	15	3.2
id-05089	3	5	27	3.9
id-05090	5	4	9	4.1
id-05091	10	16	24	3.2
id-05092	6	2	18	4.2
id-05093	4	5	16	4.4
id-05094	5	3	6	4.2
id-05095	7	10	18	4.1
id-05096	9	13	26	4.5
id-05097	3	3	1	3.3
id-05098	2	2	2	4.5
id-05099	6	12	3	4.9
id-05100	9	7	17	3.2
id-05101	6	11	3	3.6
id-05102	9	5	5	4.1
id-05103	2	2	4	3.8
id-05104	6	11	29	3.3
id-05105	1	2	17	3.2
id-05106	6	2	28	4.3
id-05107	5	8	14	3.7
id-05108	5	10	16	3.7
id-05109	7	4	20	4.1
id-05110	9	13	13	3.6
id-05111	5	10	11	3.9
id-05112	2	2	22	4.6
id-05113	2	2	20	4.6
id-05114	2	3	18	3.0
id-05115	10	3	15	4.4
id-05116	6	4	15	4.3
id-05117	6	11	19	4.3
id-05118	2	3	15	4.1
id-05119	2	4	7	3.9
id-05120	8	2	12	4.9
id-05121	3	2	7	3.6
id-05122	1	2	24	4.9
id-05123	5	9	22	4.2
id-05124	6	3	1	4.7
id-05125	4	3	27	3.2
id-05126	1	2	17	3.1
id-05127	10	3	11	3.8
id-05128	1	2	30	4.9
id-05129	5	3	19	4.0
id-05130	3	5	2	4.7
id-05131	6	8	7	3.8
id-05132	9	9	20	3.1
id-05133	9	6	12	4.6
id-05134	10	16	28	3.1
id-05135	5	5	29	3.6
id-05136	4	5	4	3.0
id-05137	7	2	28	5.0
id-05138	3	3	5	4.3
id-05139	1	2	2	4.2
id-05140	6	5	12	3.6
id-05141	4	8	10	4.8
id-05142	9	11	2	4.4
id-05143	4	6	5	3.6
id-05144	5	6	24	3.9
id-05145	2	3	4	4.6
id-05146	5	4	5	3.9
id-05147	7	10	26	4.1
id-05148	5	4	10	4.9
id-05149	3	6	29	3.1
id-05150	9	9	3	4.4
id-05151	3	4	28	3.7
id-05152	5	4	16	4.7
id-05153	2	4	28	4.0
id-05154	1	2	30	4.3
id-05155	9	9	10	3.1
id-05156	2	3	10	4.7
id-05157	3	4	19	3.8
id-05158	4	7	16	4.7
id-05159	2	2	28	4.2
id-05160	3	2	26	4.1
id-05161	4	3	20	3.5
id-05162	8	3	6	3.2
id-05163	7	6	21	3.4
id-05164	3	3	4	4.1
id-05165	8	15	6	4.2
id-05166	7	2	20	3.3
id-05167	9	11	27	4.4
id-05168	8	16	28	3.1
id-05169	10	14	20	3.0
id-05170	9	14	25	3.9
id-05171	2	3	24	3.7
id-05172	4	6	16	3.3
id-05173	10	13	17	3.9
id-05174	1	2	6	3.8
id-05175	9	14	28	3.2
id-05176	2	3	22	4.4
id-05177	4	3	11	4.4
id-05178	5	8	20	4.3
id-05179	10	20	17	4.7
id-05180	5	2	23	3.4
id-05181	10	18	28	3.3
id-05182	2	4	30	4.7
id-05183	10	18	10	4.4
id-05184	4	3	20	3.4
id-05185	7	13	11	3.1
id-05186	1	2	13	3.9
id-05187	9	8	5	4.0
id-05188	3	5	20	4.4
id-05189	6	7	7	4.1
id-05190	6	4	20	3.7
id-05191	4	5	21	4.6
id-05192	7	6	20	4.1
id-05193	9	6	6	4.1
id-05194	3	4	7	3.6
id-05195	10	18	4	4.9
id-05196	9	16	17	3.6
id-05197	7	7	18	3.8
id-05198	2	4	15	4.7
id-05199	1	2	3	3.9
id-05200	2	3	13	4.9
id-05201	2	4	3	3.3
id-05202	6	12	2	3.6
id-05203	2	2	5	3.4
id-05204	5	9	14	4.1
id-05205	7	5	29	4.1
id-05206	3	5	25	3.8
id-05207	5	3	22	5.0
id-05208	8	3	14	4.8
id-05209	4	8	24	4.3
id-05210	9	15	30	4.0
id-05211	6	2	14	3.3
id-05212	2	4	25	3.1
id-05213	6	8	11	4.8
id-05214	2	2	23	3.9
id-05215	3	5	6	4.0
id-05216	3	4	21	3.7
id-05217	4	6	26	4.9
id-05218	3	2	23	3.0
id-05219	3	5	22	3.2
id-05220	6	2	28	3.1
id-05221	2	4	30	3.7
id-05222	4	2	5	4.1
id-05223	3	2	11	4.6
id-05224	3	5	12	3.5
id-05225	5	4	22	3.1
id-05226	5	6	17	3.3
id-05227	5	3	12	4.3
id-05228	8	12	30	4.1
id-05229	9	6	24	3.4
id-05230	4	7	23	4.1
id-05231	9	15	12	3.1
id-05232	2	2	6	3.1
id-05233	2	4	8	4.1
id-05234	4	7	21	4.1
id-05235	9	3	27	4.8
id-05236	1	2	2	4.5
id-05237	9	16	28	4.1
id-05238	3	6	23	4.6
id-05239	2	3	22	3.5
id-05240	5	5	27	4.6
id-05241	8	2	10	4.5
id-05242	8	13	11	4.2
id-05243	10	13	12	3.0
id-05244	4	7	21	5.0
id-05245	10	12	20	4.8
id-05246	5	6	25	4.7
id-05247	8	7	20	4.1
id-05248	7	7	17	3.4
id-05249	8	14	3	3.7
id-05250	3	3	12	4.0
id-05251	2	4	16	4.1
id-05252	5	3	29	4.0
id-05253	3	2	2	3.6
id-05254	5	8	2	3.5
id-05255	6	4	22	4.3
id-05256	3	2	28	4.4
id-05257	2	4	10	3.3
id-05258	4	2	26	4.8
id-05259	2	3	11	4.4
id-05260	2	4	3	3.2
id-05261	5	9	27	4.6
id-05262	2	4	16	3.7
id-05263	6	9	25	4.3
id-05264	10	3	5	4.4
id-05265	6	10	12	3.9
id-05266	1	2	5	4.5
id-05267	5	8	2	3.2
id-05268	3	4	7	4.1
id-05269	5	2	7	4.4
id-05270	3	2	18	3.3
id-05271	1	2	14	3.9
id-05272	9	10	19	4.7
id-05273	7	5	5	4.0
id-05274	8	15	11	3.4
id-05275	10	10	4	3.3
id-05276	7	14	18	4.0
id-05277	3	6	21	3.4
id-05278	10	10	15	4.1
id-05279	10	13	1	4.6
id-05280	2	2	26	4.8
id-05281	2	3	23	3.6
id-05282	7	13	11	4.5
id-05283	10	6	14	4.4
id-05284	4	7	13	4.6
id-05285	10	15	28	3.0
id-05286	1	2	21	3.6
id-05287	9	6	29	3.8
id-05288	8	10	15	4.3
id-05289	6	5	28	3.6
id-05290	7	8	16	4.3
id-05291	10	19	21	4.5
id-05292	8	6	8	3.7
id-05293	4	5	17	5.0
id-05294	5	6	20	4.5
id-05295	7	10	1	3.2
id-05296	5	3	12	3.1
id-05297	5	5	16	4.3
id-05298	4	2	3	4.3
id-05299	4	8	12	4.7
id-05300	1	2	28	3.2
id-05301	1	2	1	5.0
id-05302	3	2	30	4.6
id-05303	8	6	3	3.8
id-05304	4	5	1	4.5
id-05305	7	3	18	4.9
id-05306	10	4	14	3.3
id-05307	3	5	29	5.0
id-05308	4	4	15	3.8
id-05309	3	5	10	4.9
id-05310	4	2	3	4.0
id-05311	9	8	18	4.7
id-05312	6	3	25	4.8
id-05313	5	7	10	3.4
id-05314	3	2	21	4.1
id-05315	4	4	17	5.0
id-05316	10	7	18	3.3
id-05317	4	3	30	4.5
id-05318	8	4	24	4.5
id-05319	1	2	19	5.0
id-05320	9	5	22	4.1
id-05321	10	5	25	4.8
id-05322	6	9	30	5.0
id-05323	5	8	22	3.7
id-05324	9	4	7	3.0
id-05325	2	4	5	4.2
id-05326	5	8	24	3.4
id-05327	1	2	26	3.5
id-05328	10	18	4	4.3
id-05329	4	3	8	4.2
id-05330	4	6	3	4.3
id-05331	6	5	13	3.7
id-05332	1	2	13	4.4
id-05333	2	2	29	4.8
id-05334	2	3	21	4.0
id-05335	5	6	19	4.2
id-05336	5	4	10	4.6
id-05337	2	3	6	3.9
id-05338	9	5	23	5.0
id-05339	5	7	15	3.7
id-05340	9	14	29	3.7
id-05341	3	5	11	3.0
id-05342	8	14	2	3.1
id-05343	6	7	24	4.2
id-05344	3	4	9	4.8
id-05345	8	8	17	4.8
id-05346	6	10	24	3.8
id-05347	8	2	19	4.0
id-05348	9	3	2	4.6
id-05349	4	5	7	4.1
id-05350	10	2	29	4.2
id-05351	10	20	24	3.1
id-05352	6	10	14	4.9
id-05353	10	16	13	4.6
id-05354	7	8	24	3.1
id-05355	2	4	17	3.1
id-05356	1	2	10	4.8
id-05357	5	8	10	4.8
id-05358	7	3	22	3.3
id-05359	2	2	21	3.4
id-05360	10	17	28	4.6
id-05361	7	10	16	4.6
id-05362	2	4	1	3.6
id-05363	9	12	20	3.8
id-05364	6	7	5	3.0
id-05365	10	19	1	4.5
id-05366	10	18	8	3.6
id-05367	9	3	29	3.8
id-05368	6	5	13	3.3
id-05369	3	6	17	3.7
id-05370	1	2	5	3.8
id-05371	2	2	2	3.1
id-05372	1	2	5	4.9
id-05373	4	4	5	4.6
id-05374	10	12	1	3.1
id-05375	6	7	15	3.8
id-05376	7	13	12	3.5
id-05377	3	6	19	4.6
id-05378	1	2	26	4.6
id-05379	4	8	26	4.7
id-05380	6	11	26	4.4
id-05381	2	2	1	5.0
id-05382	6	6	18	3.7
id-05383	8	9	23	4.9
id-05384	5	10	20	4.6
id-05385	6	2	27	3.4
id-05386	4	8	24	4.4
id-05387	4	4	7	3.3
id-05388	7	12	15	3.2
id-05389	2	2	12	3.1
id-05390	7	2	17	3.9
id-05391	6	4	8	4.4
id-05392	3	6	25	4.5
id-05393	8	14	7	4.1
id-05394	9	15	24	3.3
id-05395	6	12	21	4.1
id-05396	3	4	13	4.1
id-05397	2	4	11	4.0
id-05398	8	4	15	4.0
id-05399	10	19	8	3.9
id-05400	1	2	2	3.3
id-05401	4	2	15	4.3
id-05402	6	12	18	3.4
id-05403	4	6	24	3.3
id-05404	10	15	26	4.9
id-05405	10	16	3	4.6
id-05406	1	2	5	4.1
id-05407	10	17	3	4.6
id-05408	8	12	2	3.0
id-05409	4	6	14	3.3
id-05410	7	4	5	3.1
id-05411	3	3	17	3.5
id-05412	1	2	2	4.5
id-05413	10	16	8	3.8
id-05414	8	2	22	3.5
id-05415	3	5	20	4.5
id-05416	7	2	17	3.2
id-05417	7	8	5	3.4
id-05418	7	3	13	3.8
id-05419	6	7	29	3.0
id-05420	5	6	14	4.5
id-05421	4	7	30	4.6
id-05422	8	10	8	3.1
id-05423	10	4	22	5.0
id-05424	7	5	21	4.2
id-05425	10	4	26	4.0
id-05426	8	9	9	3.2
id-05427	8	16	21	4.4
id-05428	6	5	24	4.4
id-05429	2	3	17	4.5
id-05430	3	6	15	3.6
id-05431	5	3	13	3.2
id-05432	4	4	7	4.5
id-05433	2	2	10	4.3
id-05434	2	4	4	3.8
id-05435	1	2	5	4.4
id-05436	7	9	7	4.0
id-05437	10	16	18	3.3
id-05438	7	2	6	3.6
id-05439	8	5	5	3.5
id-05440	4	2	28	4.1
id-05441	5	3	28	3.0
id-05442	3	3	4	3.8
id-05443	2	3	23	4.6
id-05444	5	8	2	4.1
id-05445	7	7	27	3.3
id-05446	6	3	23	4.5
id-05447	6	10	25	4.6
id-05448	8	8	4	4.2
id-05449	9	15	20	3.2
id-05450	9	3	25	4.8
id-05451	2	4	3	4.6
id-05452	6	9	25	4.1
id-05453	6	8	18	3.7
id-05454	6	11	25	3.6
id-05455	8	5	29	5.0
id-05456	2	4	27	3.0
id-05457	1	2	29	4.6
id-05458	2	2	7	3.5
id-05459	3	5	19	4.3
id-05460	2	3	2	4.2
id-05461	8	4	1	3.7
id-05462	1	2	21	4.2
id-05463	9	6	2	4.3
id-05464	10	20	3	3.4
id-05465	1	2	21	3.8
id-05466	9	11	23	4.2
id-05467	8	10	17	3.5
id-05468	10	12	30	3.9
id-05469	7	11	19	4.3
id-05470	6	5	7	4.5
id-05471	8	3	4	3.4
id-05472	2	4	26	4.1
id-05473	8	10	23	3.9
id-05474	9	13	6	3.1
id-05475	1	2	23	4.8
id-05476	4	2	24	4.9
id-05477	5	10	2	5.0
id-05478	7	8	19	3.9
id-05479	3	5	26	3.5
id-05480	2	4	18	4.0
id-05481	3	3	28	3.4
id-05482	2	4	13	4.8
id-05483	7	2	29	3.8
id-05484	1	2	9	3.5
id-05485	1	2	19	3.4
id-05486	1	2	24	4.5
id-05487	7	11	9	3.3
id-05488	8	10	28	4.7
id-05489	1	2	19	4.1
id-05490	6	9	10	5.0
id-05491	5	6	2	4.4
id-05492	6	11	27	3.4
id-05493	9	9	10	3.6
id-05494	4	6	1	4.9
id-05495	10	8	20	3.1
id-05496	10	11	15	3.6
id-05497	5	4	30	4.6
id-05498	7	6	14	4.2
id-05499	1	2	5	3.9
id-05500	10	13	15	3.6
id-05501	9	11	29	4.9
id-05502	5	3	23	3.3
id-05503	1	2	1	3.7
id-05504	10	14	7	4.3
id-05505	7	11	27	3.6
id-05506	4	2	29	4.6
id-05507	6	3	24	4.0
id-05508	4	6	23	3.3
id-05509	7	9	27	3.1
id-05510	3	6	16	3.4
id-05511	8	15	19	3.0
id-05512	4	5	30	4.7
id-05513	2	2	15	4.0
id-05514	1	2	3	3.5
id-05515	2	3	2	4.9
id-05516	6	12	17	3.2
id-05517	2	3	5	4.9
id-05518	8	11	10	4.0
id-05519	6	9	26	3.7
id-05520	6	9	2	4.1
id-05521	7	4	29	3.3
id-05522	6	2	27	4.8
id-05523	4	8	25	4.7
id-05524	3	6	8	3.0
id-05525	10	9	4	3.2
id-05526	5	10	11	3.2
id-05527	7	5	11	5.0
id-05528	6	12	9	3.9
id-05529	1	2	24	3.1
id-05530	1	2	4	4.5
id-05531	5	5	22	4.3
id-05532	7	8	25	3.2
id-05533	8	16	18	3.3
id-05534	4	2	24	3.2
id-05535	3	6	26	3.5
id-05536	4	3	26	5.0
id-05537	9	6	14	4.2
id-05538	5	9	12	4.1
id-05539	2	4	26	4.4
id-05540	6	11	15	3.5
id-05541	5	7	14	4.7
id-05542	3	2	7	4.1
id-05543	9	10	25	4.8
id-05544	7	7	10	3.5
id-05545	2	3	24	3.0
id-05546	1	2	8	4.1
id-05547	6	11	23	3.3
id-05548	9	9	28	4.7
id-05549	2	4	19	5.0
id-05550	1	2	9	4.8
id-05551	10	8	19	3.9
id-05552	1	2	21	3.6
id-05553	7	3	15	3.8
id-05554	9	8	29	4.7
id-05555	1	2	27	3.3
id-05556	10	14	2	4.7
id-05557	1	2	22	3.7
id-05558	9	11	7	3.7
id-05559	7	14	26	3.7
id-05560	2	3	17	3.5
id-05561	6	12	21	4.1
id-05562	8	12	30	3.3
id-05563	7	8	27	4.8
id-05564	6	12	10	4.9
id-05565	4	4	16	3.7
id-05566	3	2	21	3.1
id-05567	8	2	5	4.0
id-05568	3	2	21	3.1
id-05569	6	11	5	4.9
id-05570	7	11	25	3.2
id-05571	9	17	3	4.0
id-05572	5	9	17	4.0
id-05573	5	6	10	4.1
id-05574	9	2	12	3.4
id-05575	5	4	27	3.6
id-05576	3	6	17	4.2
id-05577	9	17	1	4.5
id-05578	1	2	18	4.3
id-05579	5	3	3	4.7
id-05580	6	9	28	4.2
id-05581	4	5	30	4.4
id-05582	8	5	12	3.8
id-05583	8	8	1	4.3
id-05584	10	20	20	3.5
id-05585	4	7	25	3.6
id-05586	2	4	30	3.1
id-05587	6	9	23	4.7
id-05588	7	12	14	4.9
id-05589	1	2	13	4.4
id-05590	1	2	22	3.2
id-05591	1	2	4	3.8
id-05592	1	2	19	3.6
id-05593	4	7	19	4.8
id-05594	6	12	29	3.8
id-05595	4	2	4	4.4
id-05596	4	3	16	3.6
id-05597	3	6	20	4.2
id-05598	3	3	20	4.0
id-05599	8	16	11	3.8
id-05600	4	6	28	3.3
id-05601	6	7	24	4.6
id-05602	1	2	6	4.8
id-05603	5	5	19	3.8
id-05604	1	2	25	4.2
id-05605	6	5	21	4.8
id-05606	7	3	28	3.1
id-05607	10	8	25	4.6
id-05608	2	2	3	3.2
id-05609	7	4	20	4.4
id-05610	6	9	19	3.1
id-05611	1	2	30	3.1
id-05612	3	3	18	4.5
id-05613	5	7	13	3.2
id-05614	2	2	1	3.3
id-05615	10	7	11	3.0
id-05616	8	16	28	4.1
id-05617	8	2	27	4.1
id-05618	2	4	21	3.4
id-05619	1	2	24	4.3
id-05620	8	16	1	4.6
id-05621	5	6	8	3.6
id-05622	2	3	21	3.6
id-05623	9	2	5	4.2
id-05624	3	5	15	3.9
id-05625	8	6	5	3.7
id-05626	10	2	15	3.5
id-05627	3	5	29	3.5
id-05628	10	2	25	4.2
id-05629	4	7	18	3.3
id-05630	10	20	30	3.5
id-05631	8	8	1	3.8
id-05632	3	2	20	4.3
id-05633	7	5	12	5.0
id-05634	5	9	19	4.8
id-05635	3	4	5	3.5
id-05636	9	6	8	4.9
id-05637	5	3	3	4.9
id-05638	3	2	21	3.4
id-05639	7	8	28	3.4
id-05640	8	8	18	3.4
id-05641	6	12	29	3.4
id-05642	6	4	28	3.9
id-05643	7	11	9	4.5
id-05644	3	6	18	3.9
id-05645	5	6	9	4.8
id-05646	7	12	8	3.9
id-05647	9	3	20	3.3
id-05648	5	3	30	3.6
id-05649	8	2	7	4.1
id-05650	6	10	1	4.3
id-05651	7	10	27	4.0
id-05652	8	2	8	4.4
id-05653	10	4	8	3.3
id-05654	3	4	4	4.4
id-05655	8	8	18	3.4
id-05656	5	5	20	4.7
id-05657	4	3	14	3.1
id-05658	3	5	29	3.6
id-05659	10	20	23	3.3
id-05660	6	8	29	4.0
id-05661	3	5	8	3.4
id-05662	5	7	15	4.3
id-05663	4	4	18	3.6
id-05664	8	11	17	4.7
id-05665	5	10	26	3.9
id-05666	8	2	11	3.5
id-05667	6	11	25	3.5
id-05668	2	4	6	4.2
id-05669	5	7	29	3.3
id-05670	8	4	23	3.2
id-05671	2	3	29	4.8
id-05672	2	4	19	3.2
id-05673	10	15	5	4.1
id-05674	10	17	6	3.6
id-05675	8	4	4	3.7
id-05676	10	18	8	4.2
id-05677	8	9	18	4.4
id-05678	8	3	25	3.1
id-05679	10	16	12	3.5
id-05680	4	7	5	3.7
id-05681	8	4	4	4.2
id-05682	7	13	4	3.6
id-05683	5	5	20	3.3
id-05684	7	7	13	3.1
id-05685	6	7	27	3.1
id-05686	8	16	5	4.8
id-05687	9	16	24	3.6
id-05688	2	2	9	4.1
id-05689	9	13	6	4.6
id-05690	5	5	10	3.2
id-05691	5	4	13	4.4
id-05692	9	9	18	4.7
id-05693	5	3	16	4.5
id-05694	6	11	11	3.3
id-05695	3	4	30	4.3
id-05696	10	11	5	3.6
id-05697	6	5	26	3.3
id-05698	3	2	1	3.0
id-05699	3	6	20	3.4
id-05700	3	4	23	4.5
id-05701	2	2	23	4.1
id-05702	1	2	26	5.0
id-05703	1	2	17	4.5
id-05704	6	7	21	3.7
id-05705	5	4	21	4.9
id-05706	10	20	10	4.2
id-05707	9	2	10	3.8
id-05708	4	7	8	3.8
id-05709	1	2	19	3.7
id-05710	4	3	3	3.8
id-05711	9	14	10	3.9
id-05712	2	4	6	4.7
id-05713	8	16	1	4.1
id-05714	1	2	8	3.7
id-05715	2	3	1	4.2
id-05716	8	8	28	4.7
id-05717	4	2	27	4.1
id-05718	9	7	6	3.7
id-05719	8	15	7	4.7
id-05720	4	5	16	3.1
id-05721	9	10	22	4.3
id-05722	10	2	17	3.2
id-05723	6	12	7	3.2
id-05724	5	6	27	4.8
id-05725	2	3	14	3.8
id-05726	7	11	3	4.0
id-05727	5	5	17	4.6
id-05728	10	10	5	4.8
id-05729	2	4	20	4.3
id-05730	9	11	21	3.5
id-05731	1	2	21	4.1
id-05732	4	5	19	3.9
id-05733	7	14	21	4.5
id-05734	2	2	25	4.2
id-05735	7	7	19	3.7
id-05736	3	3	10	4.8
id-05737	4	5	18	4.4
id-05738	2	4	16	3.5
id-05739	4	6	5	4.2
id-05740	2	3	27	3.4
id-05741	6	12	7	4.9
id-05742	8	14	28	4.1
id-05743	2	4	5	3.6
id-05744	6	8	19	3.9
id-05745	10	9	4	4.4
id-05746	8	12	8	3.5
id-05747	3	2	21	5.0
id-05748	10	9	14	4.4
id-05749	2	4	19	3.4
id-05750	3	6	4	4.3
id-05751	2	3	5	4.2
id-05752	10	14	18	4.6
id-05753	4	6	14	3.7
id-05754	6	9	19	3.4
id-05755	6	12	11	4.5
id-05756	8	14	15	4.3
id-05757	8	12	22	3.7
id-05758	4	7	10	4.3
id-05759	9	18	24	4.5
id-05760	8	10	1	3.7
id-05761	3	5	22	3.3
id-05762	7	13	20	3.1
id-05763	6	10	3	3.4
id-05764	3	5	25	3.6
id-05765	4	7	24	3.6
id-05766	3	3	28	5.0
id-05767	4	3	7	4.3
id-05768	3	5	5	3.9
id-05769	3	5	23	3.1
id-05770	10	10	6	3.6
id-05771	3	2	1	4.4
id-05772	6	8	25	4.5
id-05773	9	11	21	3.3
id-05774	5	6	25	3.6
id-05775	8	8	15	3.0
id-05776	10	11	27	3.0
id-05777	8	3	14	3.2
id-05778	2	3	6	4.9
id-05779	5	6	2	4.0
id-05780	10	20	12	3.8
id-05781	5	8	12	4.6
id-05782	5	10	14	3.1
id-05783	8	12	28	4.4
id-05784	8	9	21	3.4
id-05785	2	3	6	4.4
id-05786	1	2	27	3.2
id-05787	2	3	1	3.4
id-05788	9	5	27	3.5
id-05789	2	2	18	4.7
id-05790	7	12	27	3.9
id-05791	2	4	27	4.7
id-05792	7	7	11	4.9
id-05793	6	8	30	5.0
id-05794	2	4	22	3.4
id-05795	10	5	11	4.5
id-05796	3	2	19	4.3
id-05797	8	12	3	3.6
id-05798	3	3	20	3.8
id-05799	9	18	15	4.8
id-05800	7	10	19	4.4
id-05801	1	2	24	4.9
id-05802	8	11	29	3.1
id-05803	1	2	20	4.8
id-05804	10	8	1	4.3
id-05805	10	20	17	3.8
id-05806	5	5	26	3.2
id-05807	6	3	29	3.7
id-05808	4	2	22	3.3
id-05809	2	4	20	3.0
id-05810	9	16	22	4.3
id-05811	8	4	13	3.8
id-05812	3	3	17	4.1
id-05813	6	5	30	4.3
id-05814	5	2	15	4.8
id-05815	9	17	22	3.4
id-05816	6	9	19	4.4
id-05817	6	8	17	3.1
id-05818	4	7	18	3.9
id-05819	5	2	1	3.7
id-05820	1	2	26	4.8
id-05821	6	5	19	3.0
id-05822	8	12	3	4.9
id-05823	4	7	18	3.1
id-05824	6	3	3	3.5
id-05825	6	7	27	4.0
id-05826	2	4	11	4.8
id-05827	9	4	23	3.7
id-05828	4	7	25	3.9
id-05829	3	4	24	4.0
id-05830	2	2	16	3.5
id-05831	6	9	29	3.1
id-05832	7	11	23	3.5
id-05833	4	5	18	4.3
id-05834	7	12	21	4.2
id-05835	8	2	9	4.6
id-05836	7	12	12	3.8
id-05837	10	10	6	3.5
id-05838	4	8	14	3.6
id-05839	4	2	7	4.2
id-05840	9	15	26	3.1
id-05841	6	3	22	3.9
id-05842	7	13	12	4.7
id-05843	7	4	15	4.1
id-05844	2	4	21	3.5
id-05845	9	7	6	4.9
id-05846	9	12	13	4.4
id-05847	7	10	2	4.1
id-05848	5	2	15	3.1
id-05849	10	18	10	4.9
id-05850	2	4	28	3.4
id-05851	7	6	18	4.1
id-05852	1	2	27	3.8
id-05853	8	5	1	4.9
id-05854	9	8	25	3.3
id-05855	2	2	2	3.8
id-05856	8	7	16	4.0
id-05857	3	2	16	4.4
id-05858	2	3	26	4.2
id-05859	6	7	9	4.6
id-05860	10	9	3	3.5
id-05861	3	6	22	5.0
id-05862	2	4	6	3.8
id-05863	2	2	11	3.6
id-05864	6	12	28	3.6
id-05865	9	15	8	3.4
id-05866	5	9	2	4.0
id-05867	9	14	28	3.0
id-05868	8	5	21	3.7
id-05869	2	3	19	3.4
id-05870	10	4	21	4.5
id-05871	2	3	21	4.1
id-05872	7	4	14	4.1
id-05873	10	20	10	3.7
id-05874	2	2	27	4.7
id-05875	2	2	11	3.7
id-05876	2	4	19	4.1
id-05877	10	5	4	4.0
id-05878	4	7	23	4.3
id-05879	9	5	2	3.7
id-05880	3	2	7	3.0
id-05881	5	7	14	4.1
id-05882	7	3	14	3.9
id-05883	2	2	17	3.8
id-05884	2	2	14	4.8
id-05885	9	7	12	3.4
id-05886	5	2	23	3.5
id-05887	10	11	24	3.1
id-05888	2	3	7	3.5
id-05889	1	2	6	3.0
id-05890	10	6	3	4.1
id-05891	9	2	30	3.4
id-05892	3	3	5	4.8
id-05893	5	10	8	3.4
id-05894	4	8	14	4.0
id-05895	2	3	21	4.0
id-05896	1	2	18	3.8
id-05897	8	7	8	3.9
id-05898	7	4	18	4.8
id-05899	8	6	24	4.2
id-05900	9	17	8	3.6
id-05901	10	12	21	4.5
id-05902	2	4	1	3.3
id-05903	4	7	30	4.6
id-05904	5	2	9	4.7
id-05905	7	9	15	4.9
id-05906	1	2	3	3.6
id-05907	5	3	14	4.7
id-05908	5	9	18	4.0
id-05909	5	8	3	3.1
id-05910	2	3	26	4.7
id-05911	3	5	26	4.8
id-05912	7	6	24	3.0
id-05913	6	3	17	3.2
id-05914	1	2	15	3.8
id-05915	10	18	15	4.6
id-05916	5	4	6	3.7
id-05917	9	3	26	3.4
id-05918	3	6	29	4.3
id-05919	5	2	13	3.5
id-05920	8	15	14	3.3
id-05921	1	2	13	4.3
id-05922	4	8	15	4.0
id-05923	5	7	11	3.7
id-05924	5	10	13	3.3
id-05925	6	10	4	3.0
id-05926	4	8	1	3.6
id-05927	10	14	25	4.2
id-05928	10	11	22	4.7
id-05929	3	6	24	4.6
id-05930	9	13	24	4.7
id-05931	2	4	23	4.9
id-05932	6	5	22	3.1
id-05933	6	2	3	4.9
id-05934	5	10	9	3.3
id-05935	9	8	25	4.3
id-05936	9	7	21	3.2
id-05937	9	6	11	3.8
id-05938	4	4	16	4.4
id-05939	2	3	12	3.5
id-05940	10	8	15	4.8
id-05941	1	2	10	4.7
id-05942	5	8	18	4.6
id-05943	3	2	23	4.0
id-05944	3	5	25	4.4
id-05945	5	10	8	3.3
id-05946	8	9	8	3.1
id-05947	5	10	8	4.7
id-05948	5	5	7	3.4
id-05949	10	12	8	4.7
id-05950	7	5	5	4.2
id-05951	5	2	5	4.8
id-05952	7	2	30	4.4
id-05953	7	14	15	4.7
id-05954	5	2	15	4.4
id-05955	1	2	26	4.5
id-05956	2	2	16	3.1
id-05957	7	9	17	3.2
id-05958	1	2	24	3.1
id-05959	9	5	12	4.4
id-05960	4	7	15	4.8
id-05961	4	8	25	4.6
id-05962	2	4	5	3.7
id-05963	4	7	10	3.5
id-05964	8	4	15	4.8
id-05965	5	10	12	4.9
id-05966	6	11	15	4.8
id-05967	5	4	27	4.1
id-05968	6	9	5	3.3
id-05969	3	3	5	4.4
id-05970	5	9	10	4.7
id-05971	8	16	16	4.4
id-05972	2	3	22	3.1
id-05973	1	2	15	4.9
id-05974	5	7	9	3.1
id-05975	1	2	9	4.0
id-05976	2	3	9	3.4
id-05977	8	2	11	3.3
id-05978	2	3	12	4.7
id-05979	3	3	28	5.0
id-05980	2	4	17	3.5
id-05981	3	2	12	4.1
id-05982	2	3	28	3.4
id-05983	2	3	13	3.9
id-05984	6	2	15	4.8
id-05985	8	9	23	3.3
id-05986	9	2	16	3.0
id-05987	8	2	2	4.2
id-05988	9	14	5	3.7
id-05989	10	5	4	3.0
id-05990	2	3	12	3.1
id-05991	8	5	6	5.0
id-05992	5	8	9	4.7
id-05993	3	5	8	3.7
id-05994	6	2	12	3.4
id-05995	5	10	6	3.4
id-05996	5	9	9	4.6
id-05997	1	2	2	4.4
id-05998	10	3	3	3.5
id-05999	5	3	10	4.1
id-06000	8	16	30	3.4
id-06001	3	5	4	4.6
id-06002	7	3	7	4.7
id-06003	10	9	2	3.5
id-06004	4	4	28	3.9
id-06005	5	10	29	3.7
id-06006	2	4	2	3.6
id-06007	5	3	28	3.7
id-06008	4	6	27	4.5
id-06009	8	3	2	3.1
id-06010	5	7	11	4.2
id-06011	6	9	21	4.5
id-06012	7	12	15	4.2
id-06013	2	2	23	4.9
id-06014	7	8	18	3.4
id-06015	8	16	23	3.1
id-06016	3	2	2	3.7
id-06017	9	8	17	3.8
id-06018	4	8	7	3.8
id-06019	2	3	16	3.2
id-06020	2	3	18	4.0
id-06021	7	4	20	3.8
id-06022	10	12	21	3.2
id-06023	5	9	18	4.6
id-06024	9	9	23	4.0
id-06025	1	2	26	3.8
id-06026	5	7	3	3.0
id-06027	6	3	17	3.5
id-06028	9	10	6	4.4
id-06029	2	4	6	4.9
id-06030	3	2	19	3.2
id-06031	8	2	14	3.1
id-06032	1	2	3	3.9
id-06033	3	4	26	3.2
id-06034	1	2	9	4.5
id-06035	2	3	24	4.1
id-06036	5	3	5	3.4
id-06037	6	8	17	3.5
id-06038	7	10	4	3.0
id-06039	4	6	16	3.6
id-06040	10	5	17	5.0
id-06041	1	2	3	3.6
id-06042	9	17	25	3.5
id-06043	3	6	1	3.4
id-06044	3	6	6	3.4
id-06045	7	8	25	4.0
id-06046	2	4	20	3.8
id-06047	2	4	10	4.7
id-06048	6	8	12	3.0
id-06049	9	7	14	4.0
id-06050	2	4	24	3.5
id-06051	3	2	29	4.0
id-06052	5	3	24	3.8
id-06053	6	8	23	3.2
id-06054	6	8	19	3.2
id-06055	2	2	4	4.8
id-06056	9	15	1	3.5
id-06057	1	2	28	3.3
id-06058	6	8	21	3.4
id-06059	9	11	14	4.2
id-06060	4	2	22	4.0
id-06061	3	5	21	4.7
id-06062	10	12	8	4.1
id-06063	1	2	16	3.4
id-06064	6	10	26	4.1
id-06065	4	6	26	4.3
id-06066	4	4	4	3.5
id-06067	4	5	11	5.0
id-06068	5	8	3	3.3
id-06069	6	9	29	4.0
id-06070	6	5	26	3.7
id-06071	8	6	5	3.2
id-06072	1	2	15	4.0
id-06073	10	11	25	3.9
id-06074	5	3	13	3.4
id-06075	6	8	10	3.6
id-06076	9	18	12	3.6
id-06077	6	3	29	4.6
id-06078	9	12	16	3.0
id-06079	2	3	23	3.6
id-06080	1	2	5	4.5
id-06081	6	4	10	4.1
id-06082	2	2	8	4.1
id-06083	7	13	5	3.2
id-06084	1	2	16	3.5
id-06085	7	4	13	3.5
id-06086	3	3	23	3.4
id-06087	1	2	15	3.1
id-06088	9	6	17	4.6
id-06089	5	3	4	4.7
id-06090	2	2	30	4.6
id-06091	1	2	21	3.1
id-06092	6	3	23	3.9
id-06093	9	7	8	4.2
id-06094	4	2	8	4.9
id-06095	8	16	25	3.2
id-06096	9	16	15	3.4
id-06097	3	3	3	4.5
id-06098	2	3	12	4.6
id-06099	10	8	11	4.7
id-06100	4	8	6	3.6
id-06101	8	6	19	4.2
id-06102	8	6	17	3.3
id-06103	3	2	21	4.0
id-06104	1	2	22	4.0
id-06105	9	15	3	3.4
id-06106	8	6	16	4.3
id-06107	6	2	2	4.4
id-06108	10	20	15	4.4
id-06109	1	2	22	4.4
id-06110	5	7	22	3.7
id-06111	3	6	15	4.9
id-06112	9	13	1	3.5
id-06113	8	2	14	3.0
id-06114	6	12	22	3.1
id-06115	5	8	23	3.7
id-06116	9	14	23	4.8
id-06117	4	2	20	3.9
id-06118	1	2	7	4.4
id-06119	10	4	7	4.4
id-06120	2	4	9	4.2
id-06121	9	5	23	4.2
id-06122	4	7	19	3.8
id-06123	3	2	13	3.8
id-06124	3	2	8	3.1
id-06125	8	14	10	4.5
id-06126	7	7	20	4.9
id-06127	8	14	6	4.5
id-06128	6	2	16	3.8
id-06129	6	8	26	3.9
id-06130	2	4	17	3.5
id-06131	8	3	16	4.4
id-06132	8	8	30	3.0
id-06133	8	12	28	4.5
id-06134	4	4	3	3.4
id-06135	1	2	2	5.0
id-06136	7	14	22	4.8
id-06137	5	6	27	3.1
id-06138	10	19	12	3.2
id-06139	4	3	23	4.6
id-06140	8	7	17	3.3
id-06141	7	11	22	5.0
id-06142	1	2	8	3.9
id-06143	8	15	21	3.7
id-06144	1	2	19	4.3
id-06145	10	3	13	4.0
id-06146	5	5	3	4.2
id-06147	3	2	16	5.0
id-06148	7	9	2	4.3
id-06149	9	5	22	3.2
id-06150	9	16	4	3.1
id-06151	6	9	16	3.5
id-06152	4	2	27	3.4
id-06153	2	4	9	4.0
id-06154	6	9	10	3.6
id-06155	2	4	3	3.7
id-06156	1	2	23	4.2
id-06157	2	2	30	3.4
id-06158	3	3	25	3.3
id-06159	7	7	18	3.3
id-06160	9	5	13	3.5
id-06161	9	4	17	4.9
id-06162	8	10	9	3.3
id-06163	4	4	19	4.1
id-06164	8	15	29	3.2
id-06165	1	2	6	4.9
id-06166	10	12	5	3.0
id-06167	8	9	27	4.2
id-06168	5	10	8	4.3
id-06169	3	4	10	4.0
id-06170	6	10	2	4.9
id-06171	1	2	3	3.2
id-06172	1	2	4	4.8
id-06173	3	4	9	3.1
id-06174	10	16	1	3.7
id-06175	7	7	25	3.2
id-06176	6	2	28	4.9
id-06177	7	4	1	4.6
id-06178	9	9	26	3.9
id-06179	5	3	5	4.9
id-06180	7	6	4	5.0
id-06181	6	8	21	4.7
id-06182	4	6	22	3.7
id-06183	7	13	17	3.4
id-06184	4	2	27	4.4
id-06185	9	14	15	3.6
id-06186	6	4	16	4.2
id-06187	10	3	20	4.6
id-06188	4	3	26	4.5
id-06189	5	8	16	4.6
id-06190	7	5	26	4.8
id-06191	7	5	30	4.3
id-06192	3	4	19	4.1
id-06193	9	4	1	4.1
id-06194	8	3	30	3.2
id-06195	8	3	16	3.3
id-06196	3	4	4	4.3
id-06197	8	6	16	4.4
id-06198	3	2	3	4.9
id-06199	10	7	16	4.9
id-06200	8	10	1	4.4
id-06201	3	3	22	3.5
id-06202	9	7	14	3.1
id-06203	6	8	4	4.1
id-06204	9	3	16	4.0
id-06205	1	2	20	4.7
id-06206	4	4	9	3.7
id-06207	5	8	26	4.0
id-06208	2	2	14	3.4
id-06209	1	2	19	4.9
id-06210	3	6	17	4.8
id-06211	8	5	24	4.3
id-06212	3	4	19	3.7
id-06213	7	8	30	4.5
id-06214	1	2	22	4.3
id-06215	2	4	27	3.3
id-06216	5	8	6	4.3
id-06217	7	10	11	4.5
id-06218	7	9	19	4.7
id-06219	4	7	20	4.1
id-06220	2	4	11	4.2
id-06221	10	15	8	4.4
id-06222	1	2	2	4.4
id-06223	10	4	15	4.6
id-06224	5	10	25	3.2
id-06225	7	4	28	4.4
id-06226	2	3	22	4.5
id-06227	8	5	5	4.5
id-06228	9	2	13	4.0
id-06229	6	6	20	3.5
id-06230	7	7	22	4.7
id-06231	5	9	15	3.2
id-06232	7	6	18	3.0
id-06233	7	8	15	4.0
id-06234	2	4	15	4.1
id-06235	8	16	25	4.1
id-06236	7	14	23	5.0
id-06237	3	5	23	3.5
id-06238	8	12	13	4.0
id-06239	1	2	13	4.6
id-06240	5	9	5	3.1
id-06241	4	7	12	3.3
id-06242	2	4	8	4.8
id-06243	3	5	14	4.6
id-06244	1	2	26	4.5
id-06245	3	3	21	3.7
id-06246	7	13	8	3.8
id-06247	7	7	27	4.6
id-06248	9	11	23	4.6
id-06249	2	4	7	3.9
id-06250	8	2	2	3.7
id-06251	9	11	28	3.7
id-06252	8	16	13	3.4
id-06253	6	12	16	3.7
id-06254	6	10	21	4.3
id-06255	5	10	14	3.3
id-06256	1	2	18	3.2
id-06257	1	2	10	4.7
id-06258	6	7	3	4.1
id-06259	1	2	6	4.4
id-06260	7	12	3	3.5
id-06261	7	10	2	4.2
id-06262	9	3	3	3.2
id-06263	6	3	3	3.9
id-06264	2	3	30	4.6
id-06265	1	2	5	3.4
id-06266	1	2	29	4.9
id-06267	4	2	3	4.1
id-06268	1	2	27	4.9
id-06269	3	2	9	3.3
id-06270	8	6	5	3.1
id-06271	7	4	11	3.4
id-06272	8	13	22	4.2
id-06273	4	8	11	3.2
id-06274	6	2	27	3.9
id-06275	4	5	2	3.2
id-06276	3	5	22	4.4
id-06277	8	5	7	3.4
id-06278	6	11	3	3.6
id-06279	8	14	29	4.0
id-06280	8	16	9	3.5
id-06281	6	8	17	3.7
id-06282	6	11	27	4.0
id-06283	5	10	21	4.6
id-06284	7	12	22	3.3
id-06285	5	6	30	3.2
id-06286	1	2	12	3.5
id-06287	7	9	29	4.3
id-06288	6	6	9	3.2
id-06289	2	3	12	4.2
id-06290	3	5	5	4.0
id-06291	7	4	5	3.1
id-06292	6	2	22	3.3
id-06293	2	2	30	4.9
id-06294	9	12	6	4.2
id-06295	1	2	24	4.7
id-06296	9	16	27	3.3
id-06297	4	3	7	3.3
id-06298	4	7	23	4.6
id-06299	10	18	10	4.8
id-06300	1	2	17	3.7
id-06301	6	10	22	4.3
id-06302	6	7	11	4.3
id-06303	2	4	26	3.2
id-06304	10	17	1	4.7
id-06305	8	13	22	3.7
id-06306	2	3	8	4.0
id-06307	9	6	20	4.0
id-06308	6	4	19	3.8
id-06309	5	3	1	4.7
id-06310	1	2	3	3.9
id-06311	9	8	22	3.8
id-06312	6	8	30	4.2
id-06313	10	13	8	3.3
id-06314	6	2	4	4.5
id-06315	4	8	14	4.8
id-06316	10	6	7	3.3
id-06317	10	17	8	4.8
id-06318	1	2	22	3.7
id-06319	4	8	3	4.1
id-06320	1	2	8	3.5
id-06321	3	4	3	3.1
id-06322	6	8	26	3.3
id-06323	2	3	21	3.5
id-06324	10	4	29	4.5
id-06325	1	2	30	3.7
id-06326	10	17	30	5.0
id-06327	9	12	3	4.6
id-06328	6	2	15	3.9
id-06329	3	4	14	4.0
id-06330	7	9	13	4.1
id-06331	9	4	9	4.5
id-06332	5	7	22	3.8
id-06333	4	2	17	3.8
id-06334	6	11	19	4.5
id-06335	9	11	27	4.1
id-06336	3	5	28	5.0
id-06337	9	9	15	3.8
id-06338	6	8	5	3.4
id-06339	8	6	9	3.8
id-06340	6	3	24	4.2
id-06341	9	14	15	3.5
id-06342	7	13	20	4.0
id-06343	10	18	26	4.3
id-06344	2	4	17	3.9
id-06345	10	17	15	4.8
id-06346	8	13	19	3.7
id-06347	2	3	24	3.3
id-06348	10	7	16	4.1
id-06349	5	2	18	3.0
id-06350	9	8	5	3.2
id-06351	6	5	8	3.3
id-06352	2	2	30	3.6
id-06353	10	3	19	4.5
id-06354	5	9	6	3.3
id-06355	1	2	24	3.6
id-06356	2	2	14	3.5
id-06357	2	3	16	4.7
id-06358	3	2	4	3.4
id-06359	1	2	21	3.6
id-06360	5	6	1	4.2
id-06361	2	2	21	4.4
id-06362	6	12	6	3.8
id-06363	1	2	30	3.4
id-06364	5	5	20	4.2
id-06365	1	2	5	3.9
id-06366	5	2	2	4.7
id-06367	5	6	13	3.9
id-06368	3	2	15	4.6
id-06369	3	2	27	3.6
id-06370	9	2	14	4.3
id-06371	3	4	30	4.2
id-06372	9	7	6	4.7
id-06373	9	3	8	3.1
id-06374	3	5	23	3.9
id-06375	4	2	12	4.8
id-06376	8	3	30	4.1
id-06377	1	2	11	3.5
id-06378	7	4	26	4.8
id-06379	10	8	13	3.8
id-06380	3	3	15	3.2
id-06381	7	4	19	3.8
id-06382	2	2	18	4.3
id-06383	3	5	12	4.2
id-06384	3	5	16	3.5
id-06385	4	8	8	4.5
id-06386	2	3	22	4.4
id-06387	10	9	6	5.0
id-06388	7	9	29	3.9
id-06389	1	2	24	4.2
id-06390	7	13	1	3.4
id-06391	3	4	24	4.3
id-06392	2	4	4	3.2
id-06393	6	12	7	4.0
id-06394	6	9	24	5.0
id-06395	10	3	26	3.0
id-06396	4	5	5	4.4
id-06397	2	2	28	4.5
id-06398	9	9	11	3.1
id-06399	2	2	21	3.8
id-06400	8	6	8	3.8
id-06401	9	12	28	4.1
id-06402	3	5	20	3.1
id-06403	8	4	7	3.4
id-06404	5	8	19	3.3
id-06405	6	10	9	3.5
id-06406	8	11	14	3.0
id-06407	2	4	13	3.8
id-06408	6	6	27	3.5
id-06409	1	2	28	3.8
id-06410	2	2	29	4.0
id-06411	5	5	27	4.7
id-06412	7	9	11	3.1
id-06413	8	8	12	4.0
id-06414	7	4	12	3.2
id-06415	4	4	14	5.0
id-06416	1	2	7	4.7
id-06417	5	9	15	4.5
id-06418	6	10	12	3.9
id-06419	4	3	20	4.8
id-06420	1	2	26	3.1
id-06421	1	2	4	4.8
id-06422	1	2	25	4.3
id-06423	8	16	29	4.6
id-06424	1	2	19	4.9
id-06425	5	9	9	4.2
id-06426	10	3	30	3.3
id-06427	5	7	13	4.9
id-06428	8	4	6	4.4
id-06429	3	6	26	3.0
id-06430	9	16	30	4.7
id-06431	3	5	5	4.5
id-06432	5	2	22	4.8
id-06433	6	7	7	3.4
id-06434	8	12	7	3.7
id-06435	8	16	4	4.1
id-06436	10	15	15	3.9
id-06437	10	10	27	3.9
id-06438	3	5	22	4.7
id-06439	2	4	2	4.2
id-06440	1	2	3	4.4
id-06441	3	4	19	3.4
id-06442	10	17	17	3.7
id-06443	10	19	5	3.5
id-06444	4	3	8	4.1
id-06445	2	4	6	4.9
id-06446	2	2	4	4.7
id-06447	2	3	10	3.8
id-06448	9	8	10	4.6
id-06449	10	5	19	3.2
id-06450	7	10	11	4.6
id-06451	7	4	17	4.7
id-06452	7	3	15	5.0
id-06453	10	3	19	3.2
id-06454	5	10	29	4.3
id-06455	7	2	13	3.5
id-06456	2	3	1	4.7
id-06457	9	2	30	3.5
id-06458	2	3	29	4.2
id-06459	1	2	20	3.6
id-06460	3	6	3	3.7
id-06461	2	4	5	4.3
id-06462	9	3	12	4.1
id-06463	4	6	3	4.1
id-06464	4	6	11	3.8
id-06465	8	16	21	3.1
id-06466	3	4	30	3.8
id-06467	5	5	8	5.0
id-06468	4	4	2	3.9
id-06469	7	3	10	4.1
id-06470	2	3	18	3.5
id-06471	9	2	16	4.7
id-06472	4	2	25	4.4
id-06473	3	6	11	3.4
id-06474	10	17	20	4.9
id-06475	7	13	8	3.3
id-06476	2	2	27	4.2
id-06477	10	18	26	4.0
id-06478	3	4	1	4.1
id-06479	4	8	26	4.5
id-06480	4	8	20	4.4
id-06481	3	3	22	4.9
id-06482	7	11	29	3.7
id-06483	9	16	28	3.6
id-06484	10	3	12	3.6
id-06485	3	5	26	4.4
id-06486	9	10	20	4.3
id-06487	1	2	24	4.1
id-06488	7	8	5	4.9
id-06489	6	12	30	3.2
id-06490	2	2	14	4.7
id-06491	8	3	29	4.2
id-06492	5	10	11	3.6
id-06493	8	13	19	4.4
id-06494	6	7	25	3.7
id-06495	10	16	18	3.1
id-06496	3	2	15	4.9
id-06497	9	10	23	3.0
id-06498	3	6	13	4.5
id-06499	10	3	23	3.7
id-06500	5	10	10	4.9
id-06501	2	2	15	4.8
id-06502	3	2	9	4.3
id-06503	9	12	30	4.2
id-06504	10	9	28	4.8
id-06505	2	2	6	3.0
id-06506	8	14	28	4.4
id-06507	10	8	5	4.8
id-06508	9	10	30	4.4
id-06509	5	7	16	3.1
id-06510	6	6	10	3.2
id-06511	1	2	18	3.8
id-06512	6	9	13	4.9
id-06513	7	5	9	3.5
id-06514	8	6	10	4.3
id-06515	8	5	13	3.5
id-06516	3	3	8	4.3
id-06517	10	3	17	3.4
id-06518	4	6	10	3.2
id-06519	3	2	14	4.9
id-06520	3	6	9	3.9
id-06521	6	7	16	4.1
id-06522	5	4	6	4.5
id-06523	6	10	28	4.3
id-06524	8	4	1	3.2
id-06525	8	4	1	4.4
id-06526	7	4	24	3.5
id-06527	8	15	26	3.7
id-06528	4	8	8	4.1
id-06529	10	3	24	4.7
id-06530	6	4	21	4.3
id-06531	3	3	27	4.1
id-06532	6	11	24	4.7
id-06533	5	9	1	3.2
id-06534	6	9	23	4.1
id-06535	5	3	29	3.4
id-06536	10	19	3	3.5
id-06537	9	13	17	4.7
id-06538	1	2	6	3.5
id-06539	7	2	15	4.8
id-06540	1	2	3	3.1
id-06541	5	7	22	4.6
id-06542	3	6	30	3.5
id-06543	7	3	26	4.0
id-06544	9	12	4	4.2
id-06545	4	4	22	4.7
id-06546	7	9	14	3.7
id-06547	4	2	23	3.1
id-06548	1	2	13	4.6
id-06549	10	8	1	3.9
id-06550	3	5	8	3.7
id-06551	6	7	7	3.3
id-06552	10	2	26	3.9
id-06553	3	3	28	4.8
id-06554	10	8	21	5.0
id-06555	8	2	24	4.4
id-06556	1	2	14	3.6
id-06557	1	2	22	4.5
id-06558	3	6	25	4.8
id-06559	2	2	8	4.4
id-06560	8	8	27	4.2
id-06561	2	2	28	4.8
id-06562	8	15	14	4.2
id-06563	6	5	23	4.6
id-06564	9	14	26	4.0
id-06565	3	5	16	4.6
id-06566	1	2	15	4.0
id-06567	6	6	1	3.7
id-06568	2	2	25	4.4
id-06569	7	3	22	3.6
id-06570	7	8	18	3.6
id-06571	8	11	20	3.2
id-06572	4	4	24	4.5
id-06573	4	4	13	3.9
id-06574	7	11	9	3.9
id-06575	8	5	18	4.4
id-06576	5	4	21	4.8
id-06577	2	2	1	4.7
id-06578	3	3	19	4.8
id-06579	6	11	25	4.1
id-06580	9	16	5	4.2
id-06581	6	11	29	4.0
id-06582	3	4	13	3.6
id-06583	4	7	12	5.0
id-06584	5	7	24	3.8
id-06585	1	2	24	4.0
id-06586	2	4	19	5.0
id-06587	10	16	13	3.8
id-06588	4	7	5	3.8
id-06589	3	5	22	4.7
id-06590	6	2	20	3.9
id-06591	4	2	11	4.5
id-06592	1	2	10	4.8
id-06593	1	2	7	3.9
id-06594	8	5	5	3.6
id-06595	1	2	30	3.2
id-06596	3	6	15	3.6
id-06597	4	7	9	4.1
id-06598	6	10	2	4.8
id-06599	6	8	1	4.3
id-06600	7	7	24	3.4
id-06601	2	4	1	3.5
id-06602	7	6	25	4.5
id-06603	2	4	11	3.4
id-06604	7	9	18	3.4
id-06605	5	8	9	4.5
id-06606	8	2	6	4.6
id-06607	8	9	26	4.4
id-06608	3	2	26	5.0
id-06609	9	5	28	3.1
id-06610	2	3	30	3.3
id-06611	8	10	7	4.7
id-06612	4	2	22	4.0
id-06613	9	10	11	4.0
id-06614	4	6	13	4.8
id-06615	3	3	13	4.1
id-06616	2	2	8	3.6
id-06617	9	15	2	4.5
id-06618	9	17	7	4.4
id-06619	9	12	3	3.7
id-06620	5	4	29	3.5
id-06621	5	6	26	4.9
id-06622	1	2	18	3.7
id-06623	2	3	10	4.7
id-06624	6	6	14	3.7
id-06625	6	8	8	4.7
id-06626	5	6	15	4.8
id-06627	4	8	10	3.0
id-06628	1	2	17	3.0
id-06629	4	8	17	3.2
id-06630	7	12	14	3.9
id-06631	4	4	29	3.7
id-06632	8	4	29	3.8
id-06633	2	4	10	3.0
id-06634	10	18	3	3.6
id-06635	1	2	24	3.8
id-06636	3	2	23	4.1
id-06637	2	3	1	3.6
id-06638	2	3	6	4.6
id-06639	9	16	2	3.5
id-06640	6	8	9	4.3
id-06641	8	12	28	3.6
id-06642	10	12	7	4.7
id-06643	3	4	4	4.3
id-06644	8	9	19	3.0
id-06645	9	18	7	4.2
id-06646	8	6	17	4.8
id-06647	3	6	25	3.4
id-06648	2	3	7	4.6
id-06649	1	2	7	4.8
id-06650	7	12	24	5.0
id-06651	6	11	4	3.2
id-06652	4	8	29	4.8
id-06653	3	5	28	4.7
id-06654	9	10	18	3.7
id-06655	5	4	19	4.8
id-06656	6	10	7	4.6
id-06657	2	4	22	3.5
id-06658	6	12	21	4.9
id-06659	2	3	3	3.9
id-06660	1	2	7	3.2
id-06661	3	5	29	4.9
id-06662	3	4	20	4.8
id-06663	9	12	10	5.0
id-06664	7	10	25	4.7
id-06665	1	2	3	3.6
id-06666	6	9	5	4.9
id-06667	4	2	10	4.8
id-06668	3	2	26	4.6
id-06669	9	14	21	3.3
id-06670	3	2	10	4.9
id-06671	10	19	10	3.3
id-06672	1	2	2	4.5
id-06673	6	12	16	3.6
id-06674	7	14	26	4.4
id-06675	6	4	8	4.2
id-06676	2	4	13	4.6
id-06677	8	2	19	3.2
id-06678	10	7	2	4.5
id-06679	6	6	25	3.1
id-06680	3	2	6	4.5
id-06681	2	3	2	3.3
id-06682	4	4	30	4.0
id-06683	5	7	8	4.4
id-06684	6	10	5	4.4
id-06685	3	3	10	3.3
id-06686	6	7	6	4.5
id-06687	6	2	23	3.2
id-06688	9	18	23	3.1
id-06689	7	3	12	3.6
id-06690	2	2	3	4.1
id-06691	6	6	5	5.0
id-06692	6	12	28	3.4
id-06693	9	5	25	4.2
id-06694	10	20	16	4.1
id-06695	4	3	27	3.7
id-06696	2	3	22	3.4
id-06697	7	8	20	3.9
id-06698	4	7	20	4.3
id-06699	7	6	5	3.3
id-06700	10	11	3	3.8
id-06701	2	4	10	3.3
id-06702	9	13	29	3.5
id-06703	9	4	2	4.6
id-06704	10	15	10	3.5
id-06705	7	5	2	4.8
id-06706	1	2	8	3.6
id-06707	4	7	3	3.7
id-06708	10	4	12	4.6
id-06709	8	6	17	4.4
id-06710	4	8	29	3.6
id-06711	10	12	20	4.7
id-06712	1	2	13	3.2
id-06713	7	3	21	4.7
id-06714	3	6	13	4.2
id-06715	7	6	22	4.0
id-06716	6	3	3	3.5
id-06717	6	8	22	3.6
id-06718	6	12	3	3.7
id-06719	3	6	30	3.8
id-06720	2	3	27	3.3
id-06721	6	9	16	3.0
id-06722	8	13	7	3.1
id-06723	2	4	17	4.9
id-06724	1	2	28	3.8
id-06725	7	6	7	3.7
id-06726	10	20	3	3.4
id-06727	10	11	26	3.6
id-06728	2	2	4	3.3
id-06729	7	3	9	3.0
id-06730	1	2	1	3.4
id-06731	6	3	5	4.1
id-06732	5	2	17	4.3
id-06733	1	2	23	3.0
id-06734	10	4	14	3.6
id-06735	5	3	18	3.6
id-06736	3	2	8	4.0
id-06737	1	2	3	3.8
id-06738	9	17	12	4.7
id-06739	6	3	27	4.4
id-06740	10	8	29	3.7
id-06741	3	3	23	4.5
id-06742	9	8	26	3.2
id-06743	5	4	25	3.9
id-06744	6	2	24	3.6
id-06745	3	5	2	3.5
id-06746	2	4	15	3.0
id-06747	10	12	11	3.9
id-06748	1	2	8	4.8
id-06749	10	14	12	4.0
id-06750	1	2	30	4.3
id-06751	10	8	14	4.6
id-06752	3	6	4	3.4
id-06753	5	4	27	3.3
id-06754	2	4	18	4.9
id-06755	3	2	30	3.1
id-06756	4	4	28	4.0
id-06757	8	4	8	3.7
id-06758	8	13	15	3.3
id-06759	10	19	4	3.4
id-06760	4	2	6	3.9
id-06761	3	3	17	4.5
id-06762	1	2	5	3.6
id-06763	9	15	2	4.8
id-06764	8	2	13	3.5
id-06765	9	4	29	4.3
id-06766	5	2	15	4.8
id-06767	8	14	2	3.7
id-06768	5	5	8	3.4
id-06769	1	2	30	4.9
id-06770	9	5	16	3.8
id-06771	3	5	18	3.6
id-06772	9	4	25	3.4
id-06773	5	8	28	3.1
id-06774	8	6	9	3.3
id-06775	3	5	3	3.9
id-06776	5	9	17	5.0
id-06777	6	12	2	4.8
id-06778	2	3	16	4.5
id-06779	8	10	3	3.3
id-06780	1	2	17	4.7
id-06781	5	2	14	3.4
id-06782	3	5	14	4.2
id-06783	4	7	12	4.5
id-06784	2	2	9	3.5
id-06785	8	10	18	3.6
id-06786	9	16	10	3.2
id-06787	3	5	14	4.3
id-06788	8	13	14	3.8
id-06789	7	7	18	3.4
id-06790	1	2	25	3.2
id-06791	4	6	26	3.7
id-06792	4	8	8	4.3
id-06793	2	3	27	3.6
id-06794	2	4	7	4.3
id-06795	5	5	3	4.5
id-06796	4	2	24	3.6
id-06797	1	2	19	4.3
id-06798	1	2	22	4.1
id-06799	8	2	7	4.8
id-06800	10	8	7	4.3
id-06801	1	2	29	3.2
id-06802	2	3	13	4.4
id-06803	7	4	30	4.9
id-06804	4	8	8	4.9
id-06805	10	16	2	4.8
id-06806	10	9	19	3.4
id-06807	2	3	1	4.1
id-06808	9	16	26	4.1
id-06809	1	2	1	4.5
id-06810	4	5	15	3.9
id-06811	1	2	30	3.2
id-06812	2	4	15	4.4
id-06813	5	5	1	4.1
id-06814	2	3	24	3.9
id-06815	4	8	11	3.1
id-06816	6	2	2	4.2
id-06817	4	8	28	3.2
id-06818	1	2	24	4.5
id-06819	5	3	22	3.5
id-06820	3	3	28	4.5
id-06821	5	2	21	4.0
id-06822	1	2	15	4.7
id-06823	2	3	13	4.1
id-06824	3	3	18	3.6
id-06825	3	4	5	4.4
id-06826	9	6	25	3.4
id-06827	9	18	3	4.3
id-06828	7	14	23	3.8
id-06829	1	2	14	4.2
id-06830	6	8	20	3.8
id-06831	9	12	14	3.3
id-06832	6	2	18	3.2
id-06833	7	4	1	3.8
id-06834	9	6	5	3.6
id-06835	2	4	20	4.7
id-06836	5	2	28	4.1
id-06837	4	5	15	3.2
id-06838	10	6	28	4.9
id-06839	10	7	29	5.0
id-06840	4	6	18	3.9
id-06841	3	3	7	4.0
id-06842	7	12	4	3.5
id-06843	2	3	4	3.3
id-06844	8	8	11	5.0
id-06845	10	4	23	3.2
id-06846	10	15	15	4.6
id-06847	3	2	14	4.7
id-06848	5	2	10	3.4
id-06849	7	3	18	3.3
id-06850	5	8	16	3.5
id-06851	5	6	17	3.7
id-06852	9	15	28	3.3
id-06853	1	2	15	4.6
id-06854	5	5	25	3.5
id-06855	5	9	25	4.1
id-06856	8	11	3	3.6
id-06857	4	6	8	3.6
id-06858	7	4	22	4.8
id-06859	8	9	9	5.0
id-06860	8	8	14	4.8
id-06861	7	9	6	3.2
id-06862	10	11	13	4.0
id-06863	8	12	4	4.6
id-06864	8	11	23	4.5
id-06865	4	2	18	4.7
id-06866	9	4	18	4.5
id-06867	1	2	12	4.1
id-06868	9	5	6	4.4
id-06869	8	5	29	4.9
id-06870	4	6	15	3.8
id-06871	1	2	10	3.1
id-06872	7	2	17	4.3
id-06873	7	14	22	3.7
id-06874	4	5	26	4.0
id-06875	2	4	3	4.6
id-06876	10	20	15	3.1
id-06877	1	2	6	3.7
id-06878	10	18	15	3.1
id-06879	3	2	26	3.7
id-06880	7	7	18	3.6
id-06881	5	4	20	3.1
id-06882	2	3	21	3.7
id-06883	1	2	1	3.8
id-06884	9	14	10	4.5
id-06885	1	2	19	4.9
id-06886	6	6	5	4.5
id-06887	4	2	19	3.8
id-06888	3	2	1	4.6
id-06889	2	3	15	4.7
id-06890	3	5	13	4.5
id-06891	5	8	18	3.8
id-06892	2	3	27	3.2
id-06893	3	5	1	4.4
id-06894	3	5	18	4.2
id-06895	5	9	19	4.9
id-06896	8	16	7	4.2
id-06897	9	12	3	3.4
id-06898	5	7	4	3.1
id-06899	4	8	14	4.3
id-06900	4	8	29	4.7
id-06901	5	9	11	3.1
id-06902	6	4	1	4.4
id-06903	6	8	17	4.0
id-06904	7	7	14	3.5
id-06905	10	3	15	3.1
id-06906	2	4	23	4.5
id-06907	6	8	13	4.6
id-06908	5	4	25	4.4
id-06909	10	12	17	3.6
id-06910	9	5	6	4.4
id-06911	4	5	19	4.1
id-06912	10	7	14	3.2
id-06913	1	2	23	4.3
id-06914	5	6	7	4.3
id-06915	6	12	25	3.2
id-06916	7	11	5	3.2
id-06917	1	2	6	3.5
id-06918	1	2	22	3.5
id-06919	6	5	30	3.2
id-06920	6	9	6	4.3
id-06921	5	4	26	4.9
id-06922	5	7	30	3.3
id-06923	1	2	1	4.4
id-06924	8	10	30	3.1
id-06925	7	10	15	3.3
id-06926	7	3	18	3.7
id-06927	4	3	22	4.1
id-06928	2	4	2	4.3
id-06929	5	4	16	3.5
id-06930	1	2	18	4.5
id-06931	4	7	4	3.3
id-06932	1	2	13	3.0
id-06933	10	18	14	4.9
id-06934	10	16	5	4.9
id-06935	5	8	11	3.2
id-06936	6	9	22	3.8
id-06937	9	15	18	3.8
id-06938	7	4	19	4.6
id-06939	1	2	4	4.8
id-06940	10	8	25	3.4
id-06941	6	7	11	3.0
id-06942	10	12	8	3.1
id-06943	1	2	7	4.2
id-06944	2	2	27	4.7
id-06945	5	3	22	4.2
id-06946	7	10	15	4.1
id-06947	9	6	21	4.5
id-06948	8	4	9	4.4
id-06949	4	3	13	4.0
id-06950	2	3	21	4.1
id-06951	10	12	8	3.2
id-06952	4	3	6	4.0
id-06953	10	19	25	3.3
id-06954	6	7	18	4.6
id-06955	7	12	7	4.1
id-06956	2	3	18	4.9
id-06957	5	8	18	3.5
id-06958	6	10	28	3.2
id-06959	9	3	23	4.8
id-06960	3	4	9	4.2
id-06961	1	2	13	4.5
id-06962	2	3	18	4.9
id-06963	9	16	25	3.2
id-06964	1	2	17	3.8
id-06965	1	2	28	4.3
id-06966	9	15	28	3.5
id-06967	1	2	6	4.3
id-06968	3	5	14	4.9
id-06969	9	6	3	4.1
id-06970	1	2	6	4.7
id-06971	5	6	10	4.4
id-06972	8	2	14	4.4
id-06973	2	3	13	3.8
id-06974	1	2	2	5.0
id-06975	6	6	9	4.3
id-06976	9	10	24	4.0
id-06977	5	6	21	4.7
id-06978	8	10	18	3.7
id-06979	6	8	27	4.7
id-06980	7	10	16	4.5
id-06981	9	7	20	5.0
id-06982	3	2	19	3.0
id-06983	2	4	5	3.6
id-06984	7	8	14	4.9
id-06985	5	5	5	4.1
id-06986	7	14	25	4.3
id-06987	8	3	19	3.9
id-06988	8	8	23	4.4
id-06989	10	6	27	4.5
id-06990	2	4	23	3.1
id-06991	10	18	14	3.1
id-06992	2	3	26	4.5
id-06993	4	5	29	3.3
id-06994	10	14	5	4.1
id-06995	2	4	23	4.7
id-06996	2	4	12	3.1
id-06997	9	8	19	3.4
id-06998	8	4	2	4.2
id-06999	7	4	17	4.6
id-07000	2	2	5	3.1
id-07001	8	9	6	3.7
id-07002	1	2	29	3.0
id-07003	3	4	6	4.6
id-07004	8	13	3	3.9
id-07005	8	8	29	3.3
id-07006	4	7	11	3.0
id-07007	3	4	27	4.2
id-07008	1	2	1	4.4
id-07009	3	4	20	3.8
id-07010	8	10	24	4.8
id-07011	3	5	12	3.0
id-07012	6	7	11	3.4
id-07013	8	2	25	3.3
id-07014	10	4	24	3.5
id-07015	6	11	12	4.4
id-07016	3	4	22	4.2
id-07017	9	13	15	4.6
id-07018	2	4	13	4.8
id-07019	1	2	13	3.0
id-07020	5	7	4	4.1
id-07021	9	14	26	3.3
id-07022	1	2	30	3.9
id-07023	7	8	3	4.3
id-07024	10	9	9	4.1
id-07025	7	3	22	4.2
id-07026	9	4	19	4.4
id-07027	10	10	22	4.9
id-07028	6	11	5	3.2
id-07029	8	16	11	3.8
id-07030	8	3	21	4.5
id-07031	8	4	7	4.0
id-07032	6	4	19	4.2
id-07033	5	2	10	4.9
id-07034	10	13	16	3.1
id-07035	4	3	9	3.2
id-07036	4	8	16	4.5
id-07037	7	3	5	3.1
id-07038	7	12	26	3.4
id-07039	8	11	3	3.6
id-07040	8	4	9	3.2
id-07041	1	2	26	3.8
id-07042	6	5	10	3.3
id-07043	2	4	1	5.0
id-07044	9	13	15	4.8
id-07045	5	2	8	4.4
id-07046	5	10	2	3.2
id-07047	5	7	13	4.1
id-07048	3	5	10	3.1
id-07049	2	4	20	3.0
id-07050	10	8	10	3.7
id-07051	8	3	19	3.1
id-07052	6	12	27	3.9
id-07053	1	2	21	5.0
id-07054	9	7	28	4.4
id-07055	10	20	3	3.7
id-07056	5	8	30	4.7
id-07057	7	11	17	4.7
id-07058	6	7	26	4.4
id-07059	7	10	6	4.3
id-07060	1	2	12	4.9
id-07061	3	3	18	4.0
id-07062	8	4	18	3.1
id-07063	6	5	25	4.2
id-07064	2	3	2	4.9
id-07065	2	2	28	3.8
id-07066	7	11	7	4.0
id-07067	7	6	16	3.8
id-07068	3	2	13	4.8
id-07069	3	4	14	3.6
id-07070	6	9	11	3.3
id-07071	2	3	15	3.6
id-07072	7	9	27	3.7
id-07073	3	3	4	4.9
id-07074	4	6	28	4.3
id-07075	10	3	28	3.0
id-07076	6	2	10	4.1
id-07077	7	9	5	3.7
id-07078	1	2	6	4.7
id-07079	10	5	1	4.1
id-07080	4	7	17	3.8
id-07081	3	3	17	4.2
id-07082	6	3	13	4.2
id-07083	8	15	24	4.7
id-07084	3	5	3	3.7
id-07085	8	7	24	3.6
id-07086	9	5	12	4.4
id-07087	5	6	28	3.6
id-07088	8	12	7	4.5
id-07089	6	8	21	3.4
id-07090	2	4	8	4.5
id-07091	7	9	9	3.8
id-07092	7	14	27	4.1
id-07093	3	3	15	4.0
id-07094	5	9	13	3.8
id-07095	9	5	26	3.5
id-07096	1	2	12	4.7
id-07097	9	4	24	4.1
id-07098	7	4	2	4.6
id-07099	10	13	29	3.9
id-07100	6	4	11	3.0
id-07101	7	12	19	4.8
id-07102	10	5	11	4.0
id-07103	10	13	21	4.2
id-07104	8	9	11	3.3
id-07105	2	2	1	4.3
id-07106	10	4	7	4.5
id-07107	9	8	22	4.1
id-07108	6	8	11	5.0
id-07109	10	16	21	4.9
id-07110	5	9	27	4.9
id-07111	7	11	19	3.6
id-07112	2	4	10	4.8
id-07113	1	2	28	3.1
id-07114	8	7	7	4.3
id-07115	3	6	7	4.1
id-07116	6	11	4	4.5
id-07117	1	2	1	3.8
id-07118	3	2	22	3.2
id-07119	2	4	11	3.5
id-07120	8	6	30	3.9
id-07121	6	5	7	4.7
id-07122	2	3	24	3.3
id-07123	5	8	10	4.4
id-07124	5	8	27	3.2
id-07125	1	2	30	3.8
id-07126	10	12	9	5.0
id-07127	8	3	15	3.2
id-07128	10	17	3	4.1
id-07129	4	5	16	4.7
id-07130	1	2	28	3.3
id-07131	1	2	11	4.8
id-07132	4	6	29	4.4
id-07133	5	4	14	4.8
id-07134	4	6	28	4.7
id-07135	8	14	11	3.4
id-07136	9	17	6	4.7
id-07137	10	14	26	3.3
id-07138	7	2	20	4.1
id-07139	5	5	30	4.8
id-07140	6	7	13	4.6
id-07141	6	11	25	3.7
id-07142	2	2	21	4.0
id-07143	4	2	6	4.8
id-07144	8	11	9	4.5
id-07145	5	6	9	3.0
id-07146	8	11	29	4.5
id-07147	3	5	20	3.0
id-07148	9	18	6	3.6
id-07149	3	5	10	4.5
id-07150	9	4	29	4.4
id-07151	8	15	5	3.8
id-07152	6	4	8	4.1
id-07153	8	13	9	4.6
id-07154	2	2	29	4.0
id-07155	6	3	27	5.0
id-07156	7	4	16	4.3
id-07157	7	7	30	3.8
id-07158	2	3	2	3.4
id-07159	7	13	13	4.9
id-07160	10	9	9	4.4
id-07161	1	2	21	4.5
id-07162	4	8	27	3.8
id-07163	10	15	22	3.4
id-07164	1	2	2	4.6
id-07165	9	11	21	3.4
id-07166	8	7	13	4.8
id-07167	1	2	24	3.8
id-07168	9	9	2	3.9
id-07169	6	4	8	3.7
id-07170	1	2	18	4.0
id-07171	8	8	8	4.2
id-07172	6	8	29	4.7
id-07173	5	8	24	5.0
id-07174	4	7	10	3.2
id-07175	2	2	27	3.2
id-07176	4	7	5	4.1
id-07177	8	14	12	4.3
id-07178	2	3	18	4.3
id-07179	10	17	25	4.0
id-07180	9	9	12	4.2
id-07181	1	2	26	4.8
id-07182	5	4	2	3.5
id-07183	3	6	7	4.9
id-07184	10	14	5	3.7
id-07185	10	3	9	3.2
id-07186	6	7	17	3.2
id-07187	4	2	2	5.0
id-07188	5	8	26	3.0
id-07189	4	8	9	4.0
id-07190	1	2	28	4.3
id-07191	2	2	10	3.6
id-07192	10	19	10	3.9
id-07193	10	5	3	4.5
id-07194	4	5	21	3.4
id-07195	4	5	28	4.4
id-07196	6	10	3	4.0
id-07197	6	9	6	3.7
id-07198	10	7	30	4.6
id-07199	5	6	8	4.5
id-07200	5	7	29	4.4
id-07201	8	11	27	3.1
id-07202	3	4	10	3.3
id-07203	9	5	13	4.6
id-07204	9	6	18	4.9
id-07205	3	6	26	4.0
id-07206	5	8	12	4.0
id-07207	6	6	21	3.7
id-07208	10	4	18	4.2
id-07209	6	11	25	3.8
id-07210	9	9	25	3.7
id-07211	7	9	5	4.8
id-07212	2	3	7	3.4
id-07213	9	16	14	3.3
id-07214	5	8	14	4.8
id-07215	10	5	23	4.2
id-07216	6	10	11	4.5
id-07217	8	16	19	3.0
id-07218	4	6	30	3.6
id-07219	2	3	26	3.5
id-07220	5	6	3	3.4
id-07221	7	7	19	3.9
id-07222	4	6	8	3.6
id-07223	8	7	16	3.0
id-07224	1	2	26	4.3
id-07225	5	7	18	4.0
id-07226	5	6	2	4.1
id-07227	7	12	16	4.0
id-07228	3	2	11	3.6
id-07229	6	10	11	3.4
id-07230	10	7	1	4.6
id-07231	2	3	18	4.8
id-07232	5	6	10	3.1
id-07233	8	3	13	3.2
id-07234	6	6	19	3.0
id-07235	4	7	14	4.5
id-07236	3	3	27	4.0
id-07237	8	5	13	4.1
id-07238	7	14	24	4.5
id-07239	2	2	19	3.3
id-07240	5	6	12	3.8
id-07241	7	6	10	4.8
id-07242	5	8	15	3.9
id-07243	6	11	2	3.1
id-07244	2	2	13	4.7
id-07245	5	9	17	3.2
id-07246	4	4	13	4.9
id-07247	7	12	20	4.3
id-07248	6	12	24	4.2
id-07249	10	17	2	3.8
id-07250	3	4	22	3.7
id-07251	5	2	16	4.1
id-07252	8	8	5	3.4
id-07253	8	11	13	3.3
id-07254	2	4	3	3.1
id-07255	1	2	26	3.1
id-07256	8	15	9	4.4
id-07257	1	2	6	4.0
id-07258	3	3	1	4.2
id-07259	6	6	6	4.7
id-07260	1	2	23	4.0
id-07261	3	2	14	4.4
id-07262	2	4	6	3.8
id-07263	10	6	7	3.5
id-07264	3	2	23	3.1
id-07265	7	12	6	3.0
id-07266	2	4	11	4.5
id-07267	1	2	8	3.7
id-07268	9	5	20	4.5
id-07269	1	2	13	3.8
id-07270	4	3	4	3.5
id-07271	7	4	22	3.5
id-07272	6	4	9	3.2
id-07273	6	5	19	3.5
id-07274	9	11	14	4.0
id-07275	3	6	21	3.6
id-07276	3	5	3	4.0
id-07277	8	4	6	4.3
id-07278	2	2	4	3.4
id-07279	10	12	13	3.7
id-07280	3	4	15	3.9
id-07281	2	2	27	4.0
id-07282	6	2	25	4.2
id-07283	2	2	8	3.6
id-07284	3	3	29	4.1
id-07285	1	2	27	3.2
id-07286	1	2	30	4.7
id-07287	2	2	13	4.8
id-07288	10	18	24	4.7
id-07289	3	6	11	3.7
id-07290	1	2	18	4.7
id-07291	4	8	13	3.0
id-07292	6	4	13	3.5
id-07293	3	6	3	3.8
id-07294	2	3	10	3.7
id-07295	1	2	16	4.1
id-07296	9	7	18	4.6
id-07297	5	7	22	4.1
id-07298	5	6	1	4.3
id-07299	4	5	8	3.8
id-07300	8	11	15	4.7
id-07301	8	5	7	3.0
id-07302	8	14	27	4.1
id-07303	3	3	11	4.4
id-07304	3	5	26	3.9
id-07305	1	2	15	4.1
id-07306	10	18	24	3.6
id-07307	5	7	29	4.1
id-07308	1	2	27	4.8
id-07309	7	4	16	5.0
id-07310	9	10	15	3.3
id-07311	10	9	27	3.7
id-07312	7	14	24	3.9
id-07313	10	5	4	3.1
id-07314	5	2	4	4.7
id-07315	1	2	27	3.6
id-07316	4	6	16	3.2
id-07317	3	2	20	3.2
id-07318	1	2	26	3.1
id-07319	4	8	12	4.9
id-07320	6	2	22	3.1
id-07321	4	6	4	4.9
id-07322	8	4	1	4.0
id-07323	9	15	25	4.0
id-07324	6	9	20	3.0
id-07325	1	2	19	4.4
id-07326	9	10	22	3.8
id-07327	9	18	9	3.8
id-07328	1	2	25	4.8
id-07329	3	3	20	4.0
id-07330	5	6	22	4.1
id-07331	7	6	4	4.7
id-07332	5	10	26	4.1
id-07333	7	2	23	3.4
id-07334	6	11	24	3.0
id-07335	5	3	14	4.1
id-07336	10	3	18	3.1
id-07337	5	7	10	4.1
id-07338	7	2	10	4.2
id-07339	10	4	26	3.5
id-07340	7	4	5	3.0
id-07341	9	14	13	4.2
id-07342	5	8	19	4.4
id-07343	8	4	21	4.9
id-07344	5	9	26	3.2
id-07345	7	12	5	3.8
id-07346	3	5	6	4.7
id-07347	3	2	7	4.6
id-07348	2	4	11	3.3
id-07349	3	5	8	3.1
id-07350	9	7	7	3.2
id-07351	4	2	24	4.0
id-07352	10	3	11	3.0
id-07353	9	18	15	4.4
id-07354	2	3	16	4.4
id-07355	1	2	2	3.2
id-07356	10	14	2	4.2
id-07357	6	7	13	3.7
id-07358	1	2	20	4.4
id-07359	2	2	14	4.0
id-07360	4	7	11	3.5
id-07361	10	8	17	3.5
id-07362	7	12	26	3.7
id-07363	4	8	16	3.9
id-07364	3	3	2	4.7
id-07365	8	6	5	4.7
id-07366	5	9	2	4.2
id-07367	2	4	27	4.9
id-07368	8	2	29	4.4
id-07369	8	12	7	3.6
id-07370	9	14	26	4.2
id-07371	6	6	27	3.5
id-07372	6	8	3	3.7
id-07373	8	16	3	3.1
id-07374	10	6	22	4.5
id-07375	9	16	3	3.6
id-07376	10	20	16	3.6
id-07377	1	2	19	4.8
id-07378	5	9	3	3.6
id-07379	5	2	25	3.6
id-07380	6	10	2	5.0
id-07381	8	6	29	3.3
id-07382	7	5	25	4.0
id-07383	3	6	7	4.8
id-07384	7	3	2	3.5
id-07385	2	3	8	4.1
id-07386	6	6	18	3.9
id-07387	8	13	8	4.7
id-07388	4	2	23	4.1
id-07389	4	3	29	3.3
id-07390	5	5	25	4.3
id-07391	4	6	22	3.0
id-07392	6	3	13	4.6
id-07393	9	6	5	4.0
id-07394	4	8	5	3.9
id-07395	10	9	6	4.8
id-07396	9	7	3	3.3
id-07397	7	12	1	4.3
id-07398	4	8	29	3.3
id-07399	9	5	5	4.6
id-07400	1	2	9	4.1
id-07401	5	4	15	3.4
id-07402	4	2	12	4.0
id-07403	2	4	8	4.0
id-07404	9	18	11	4.4
id-07405	6	4	20	3.4
id-07406	5	4	7	3.7
id-07407	4	4	11	4.8
id-07408	1	2	25	4.2
id-07409	7	14	10	4.4
id-07410	6	2	22	4.7
id-07411	5	2	19	4.7
id-07412	6	8	29	3.9
id-07413	2	3	29	3.0
id-07414	6	11	20	4.9
id-07415	4	6	29	3.3
id-07416	4	3	9	3.4
id-07417	7	11	26	4.8
id-07418	8	8	10	4.0
id-07419	8	10	17	3.8
id-07420	3	6	3	3.0
id-07421	5	2	22	3.4
id-07422	6	3	10	5.0
id-07423	4	5	16	4.9
id-07424	2	2	1	3.4
id-07425	9	2	24	3.4
id-07426	1	2	9	3.8
id-07427	4	5	16	3.2
id-07428	4	5	24	4.9
id-07429	8	7	12	4.7
id-07430	8	2	20	4.0
id-07431	8	15	6	3.1
id-07432	2	4	23	4.4
id-07433	8	2	26	4.7
id-07434	9	8	19	5.0
id-07435	9	15	22	4.6
id-07436	10	10	6	4.8
id-07437	9	16	9	4.2
id-07438	6	9	1	4.3
id-07439	7	11	2	3.8
id-07440	7	7	3	4.6
id-07441	3	2	15	4.7
id-07442	3	6	13	4.8
id-07443	4	2	24	3.9
id-07444	2	2	18	4.0
id-07445	6	12	11	4.4
id-07446	9	3	21	4.1
id-07447	2	3	24	3.6
id-07448	6	9	24	3.8
id-07449	10	14	9	3.9
id-07450	7	5	16	3.6
id-07451	3	5	30	4.3
id-07452	7	5	29	4.5
id-07453	2	3	4	4.9
id-07454	7	14	14	3.7
id-07455	8	16	8	3.9
id-07456	2	3	5	3.1
id-07457	1	2	23	4.4
id-07458	1	2	6	3.3
id-07459	10	5	25	3.3
id-07460	7	12	3	4.9
id-07461	3	3	28	4.3
id-07462	9	7	3	3.7
id-07463	10	15	29	5.0
id-07464	2	3	9	4.9
id-07465	9	4	22	3.2
id-07466	4	4	24	3.9
id-07467	5	9	27	3.3
id-07468	3	6	1	3.4
id-07469	1	2	13	3.8
id-07470	3	4	11	4.9
id-07471	3	3	13	4.9
id-07472	1	2	7	3.5
id-07473	1	2	14	4.6
id-07474	7	5	19	3.5
id-07475	5	6	12	4.6
id-07476	9	6	19	4.9
id-07477	3	6	30	3.1
id-07478	10	19	28	4.7
id-07479	3	5	26	3.9
id-07480	10	19	24	5.0
id-07481	5	8	8	3.9
id-07482	2	4	10	3.1
id-07483	3	6	14	3.7
id-07484	5	6	28	3.2
id-07485	3	3	23	4.2
id-07486	10	19	16	3.6
id-07487	10	5	29	3.9
id-07488	4	4	22	4.3
id-07489	7	10	29	3.8
id-07490	6	2	30	4.4
id-07491	4	7	19	4.5
id-07492	4	4	7	3.1
id-07493	8	16	5	3.0
id-07494	3	5	8	3.3
id-07495	2	2	25	4.6
id-07496	5	5	25	4.4
id-07497	9	8	9	4.5
id-07498	9	3	21	4.7
id-07499	6	3	26	4.9
id-07500	6	3	16	4.5
id-07501	2	3	18	4.7
id-07502	10	8	16	3.7
id-07503	2	4	4	4.8
id-07504	3	2	21	3.5
id-07505	6	8	26	3.5
id-07506	2	2	29	4.2
id-07507	2	4	28	4.2
id-07508	7	11	6	3.6
id-07509	7	12	7	3.0
id-07510	9	14	23	3.4
id-07511	10	9	11	4.5
id-07512	4	7	11	3.1
id-07513	1	2	24	4.6
id-07514	7	7	20	4.5
id-07515	1	2	15	3.7
id-07516	8	4	28	4.3
id-07517	10	6	30	3.5
id-07518	1	2	8	4.9
id-07519	7	8	17	4.7
id-07520	2	4	29	4.7
id-07521	2	3	18	3.5
id-07522	10	3	21	5.0
id-07523	5	8	24	4.1
id-07524	8	6	9	4.0
id-07525	7	11	28	4.2
id-07526	2	4	13	4.6
id-07527	2	2	28	4.6
id-07528	6	7	2	4.1
id-07529	5	9	28	4.6
id-07530	2	3	15	3.4
id-07531	4	4	2	3.7
id-07532	2	2	24	3.4
id-07533	8	10	15	3.0
id-07534	5	4	29	4.2
id-07535	8	12	7	4.4
id-07536	2	2	30	4.6
id-07537	6	11	19	4.1
id-07538	2	3	30	3.9
id-07539	1	2	11	4.4
id-07540	6	11	20	4.6
id-07541	9	3	4	3.6
id-07542	3	5	5	3.2
id-07543	5	2	17	4.8
id-07544	2	3	19	4.7
id-07545	5	7	10	3.6
id-07546	5	4	20	3.7
id-07547	10	16	19	3.4
id-07548	4	6	25	3.8
id-07549	1	2	12	4.0
id-07550	6	6	19	3.7
id-07551	10	5	1	3.3
id-07552	2	4	24	4.4
id-07553	7	7	23	4.2
id-07554	7	9	4	4.7
id-07555	9	13	21	3.1
id-07556	4	8	1	3.6
id-07557	7	14	23	3.9
id-07558	9	2	13	4.9
id-07559	1	2	4	3.9
id-07560	4	7	3	3.3
id-07561	8	11	19	4.2
id-07562	9	4	7	4.1
id-07563	5	10	7	4.8
id-07564	8	5	1	3.3
id-07565	1	2	14	4.2
id-07566	6	5	18	4.6
id-07567	3	5	20	3.7
id-07568	7	14	16	4.9
id-07569	3	5	2	3.5
id-07570	6	10	29	3.2
id-07571	10	9	23	4.1
id-07572	2	2	9	3.5
id-07573	9	9	13	4.8
id-07574	10	18	8	3.4
id-07575	2	4	23	3.3
id-07576	2	3	28	4.3
id-07577	1	2	1	4.6
id-07578	5	4	10	5.0
id-07579	10	12	29	3.1
id-07580	4	6	11	4.4
id-07581	4	5	28	4.8
id-07582	3	6	7	3.4
id-07583	6	6	12	3.6
id-07584	6	5	3	4.3
id-07585	2	4	27	3.2
id-07586	5	7	16	3.5
id-07587	4	8	19	4.0
id-07588	10	13	9	3.0
id-07589	2	4	18	4.2
id-07590	9	9	9	3.4
id-07591	9	11	5	3.1
id-07592	4	8	16	4.9
id-07593	9	18	3	4.9
id-07594	2	4	18	4.7
id-07595	3	6	13	3.4
id-07596	2	3	18	4.2
id-07597	6	9	23	4.4
id-07598	2	4	30	3.4
id-07599	1	2	30	4.1
id-07600	8	10	26	3.4
id-07601	2	2	25	4.9
id-07602	3	3	17	3.7
id-07603	3	4	11	4.3
id-07604	2	2	27	4.4
id-07605	5	3	19	4.6
id-07606	7	13	11	3.9
id-07607	10	5	15	3.0
id-07608	10	6	20	3.6
id-07609	7	14	20	3.5
id-07610	4	2	27	3.5
id-07611	3	6	22	3.3
id-07612	2	2	26	5.0
id-07613	1	2	19	4.8
id-07614	3	2	25	3.3
id-07615	8	9	9	3.5
id-07616	8	6	2	4.5
id-07617	2	4	5	4.2
id-07618	8	16	14	3.6
id-07619	3	6	4	4.6
id-07620	3	2	5	4.8
id-07621	2	3	27	4.2
id-07622	4	2	20	3.1
id-07623	7	9	8	3.5
id-07624	9	12	12	4.3
id-07625	8	3	6	4.0
id-07626	6	3	5	4.3
id-07627	8	15	29	3.2
id-07628	10	12	30	3.8
id-07629	8	11	28	4.1
id-07630	5	10	26	4.4
id-07631	3	4	15	3.4
id-07632	7	5	1	3.3
id-07633	7	10	14	3.8
id-07634	5	3	30	4.6
id-07635	10	19	12	4.1
id-07636	10	15	12	3.4
id-07637	5	5	12	3.5
id-07638	2	3	10	3.9
id-07639	8	7	5	3.5
id-07640	9	18	8	3.9
id-07641	9	3	2	3.4
id-07642	4	8	17	4.8
id-07643	2	4	27	3.8
id-07644	1	2	11	4.3
id-07645	5	4	26	4.0
id-07646	8	10	11	5.0
id-07647	10	10	27	3.4
id-07648	9	18	15	3.3
id-07649	5	9	20	4.6
id-07650	8	10	10	4.9
id-07651	7	13	6	3.1
id-07652	4	7	25	3.3
id-07653	5	3	6	4.5
id-07654	3	3	18	4.7
id-07655	8	8	5	4.3
id-07656	5	3	25	3.1
id-07657	1	2	29	3.7
id-07658	5	3	5	4.5
id-07659	10	5	19	3.8
id-07660	3	6	3	3.9
id-07661	4	4	16	4.3
id-07662	3	3	12	4.9
id-07663	3	3	21	4.9
id-07664	4	8	10	3.9
id-07665	4	8	27	4.0
id-07666	2	2	2	4.4
id-07667	9	12	20	4.4
id-07668	4	7	12	4.1
id-07669	7	8	14	3.1
id-07670	8	12	3	4.8
id-07671	3	6	30	3.1
id-07672	2	4	12	4.8
id-07673	6	9	4	4.8
id-07674	6	5	22	4.6
id-07675	7	7	8	3.4
id-07676	7	7	14	3.8
id-07677	2	4	15	3.5
id-07678	1	2	5	4.7
id-07679	3	5	10	4.1
id-07680	4	2	20	4.3
id-07681	8	11	24	4.8
id-07682	6	2	13	3.5
id-07683	4	6	4	3.4
id-07684	1	2	1	3.9
id-07685	2	3	30	3.0
id-07686	4	8	26	3.3
id-07687	2	2	5	3.4
id-07688	6	3	4	3.6
id-07689	7	13	19	3.4
id-07690	5	2	12	3.0
id-07691	3	6	2	4.4
id-07692	10	19	15	3.7
id-07693	5	8	29	3.4
id-07694	6	12	6	3.1
id-07695	3	2	21	3.2
id-07696	6	7	26	4.9
id-07697	2	4	3	4.1
id-07698	4	2	20	4.8
id-07699	10	17	30	4.3
id-07700	5	8	6	3.2
id-07701	4	5	10	4.5
id-07702	8	15	14	3.4
id-07703	4	3	10	4.4
id-07704	5	7	13	4.3
id-07705	10	15	17	3.1
id-07706	6	10	26	3.4
id-07707	2	2	28	4.0
id-07708	4	4	12	4.9
id-07709	5	5	27	4.5
id-07710	3	5	1	4.8
id-07711	5	9	1	4.9
id-07712	5	3	23	3.2
id-07713	8	7	7	4.4
id-07714	4	8	9	4.2
id-07715	6	6	30	3.3
id-07716	6	8	13	4.3
id-07717	5	6	16	3.9
id-07718	1	2	28	4.8
id-07719	2	2	10	4.2
id-07720	3	3	28	4.0
id-07721	10	6	6	4.3
id-07722	8	8	20	4.8
id-07723	10	9	1	3.6
id-07724	6	11	25	4.8
id-07725	3	2	1	3.2
id-07726	5	3	1	3.3
id-07727	10	9	9	4.1
id-07728	2	3	30	3.4
id-07729	2	2	28	3.3
id-07730	5	9	15	3.7
id-07731	9	16	5	3.7
id-07732	3	6	3	3.6
id-07733	5	7	9	3.0
id-07734	5	2	15	3.7
id-07735	4	6	18	3.9
id-07736	2	3	7	3.5
id-07737	1	2	30	4.8
id-07738	3	6	12	4.3
id-07739	3	2	28	3.6
id-07740	8	9	19	4.6
id-07741	2	2	2	3.3
id-07742	8	10	22	4.1
id-07743	1	2	27	3.2
id-07744	9	18	22	4.0
id-07745	7	2	6	4.5
id-07746	1	2	18	3.6
id-07747	7	10	16	3.1
id-07748	7	10	15	3.8
id-07749	1	2	14	3.7
id-07750	2	3	30	4.4
id-07751	1	2	28	3.7
id-07752	7	9	20	4.8
id-07753	10	19	28	3.0
id-07754	7	2	27	4.4
id-07755	7	12	25	3.2
id-07756	3	6	10	4.0
id-07757	4	3	5	4.5
id-07758	2	2	21	3.4
id-07759	4	6	19	4.3
id-07760	9	15	26	3.9
id-07761	5	7	27	3.4
id-07762	4	2	16	3.6
id-07763	8	13	2	4.5
id-07764	4	7	2	4.9
id-07765	3	5	5	3.7
id-07766	6	10	1	3.9
id-07767	8	4	21	3.4
id-07768	3	4	21	3.3
id-07769	2	2	7	3.1
id-07770	6	4	20	3.9
id-07771	3	5	23	3.5
id-07772	4	3	20	3.3
id-07773	8	7	26	3.5
id-07774	4	8	6	5.0
id-07775	7	14	26	4.3
id-07776	7	6	19	4.4
id-07777	10	10	12	3.5
id-07778	9	12	17	3.7
id-07779	3	5	5	3.9
id-07780	10	20	6	3.0
id-07781	7	11	3	3.5
id-07782	8	16	18	3.3
id-07783	4	6	21	3.1
id-07784	2	3	23	4.2
id-07785	10	8	6	3.8
id-07786	3	3	20	3.9
id-07787	6	11	20	4.6
id-07788	6	6	25	3.1
id-07789	9	8	12	4.8
id-07790	6	8	15	3.4
id-07791	10	13	17	4.3
id-07792	4	4	4	3.9
id-07793	8	3	24	3.1
id-07794	7	12	11	4.0
id-07795	5	5	27	3.1
id-07796	8	2	28	4.5
id-07797	4	3	6	3.7
id-07798	2	3	16	4.7
id-07799	8	8	25	3.0
id-07800	10	4	28	3.8
id-07801	8	16	26	4.1
id-07802	5	2	25	4.4
id-07803	4	3	1	3.1
id-07804	7	6	21	3.9
id-07805	3	5	12	3.9
id-07806	7	3	10	3.2
id-07807	4	8	2	4.3
id-07808	3	4	19	4.8
id-07809	7	5	29	4.6
id-07810	8	8	5	4.1
id-07811	6	3	25	4.7
id-07812	6	6	3	3.6
id-07813	4	2	24	4.0
id-07814	1	2	18	5.0
id-07815	7	10	3	4.0
id-07816	2	4	11	4.5
id-07817	10	7	30	4.3
id-07818	6	9	10	4.2
id-07819	3	3	30	4.6
id-07820	2	2	19	4.7
id-07821	9	5	3	3.2
id-07822	10	15	15	4.4
id-07823	8	3	14	4.8
id-07824	10	18	16	3.8
id-07825	1	2	15	4.9
id-07826	10	15	25	3.0
id-07827	6	8	19	4.2
id-07828	5	7	26	4.2
id-07829	10	5	2	4.4
id-07830	2	3	16	3.6
id-07831	9	13	14	4.2
id-07832	6	7	23	3.1
id-07833	5	9	17	4.3
id-07834	7	7	26	3.7
id-07835	3	4	23	4.1
id-07836	3	5	11	4.8
id-07837	6	10	26	4.7
id-07838	8	4	23	4.2
id-07839	7	13	17	3.8
id-07840	10	7	29	4.6
id-07841	2	2	30	3.7
id-07842	7	9	3	3.4
id-07843	5	8	3	4.8
id-07844	2	4	30	4.8
id-07845	10	6	5	4.4
id-07846	4	8	24	4.2
id-07847	6	11	9	3.7
id-07848	4	7	3	4.0
id-07849	10	4	29	3.5
id-07850	5	2	18	4.7
id-07851	8	7	5	4.0
id-07852	4	3	4	4.1
id-07853	8	9	8	4.6
id-07854	5	8	27	4.1
id-07855	2	3	27	4.0
id-07856	2	3	21	3.2
id-07857	6	6	21	4.5
id-07858	3	5	21	3.8
id-07859	4	6	2	4.0
id-07860	8	5	2	3.0
id-07861	8	6	19	4.1
id-07862	2	3	17	4.7
id-07863	2	3	30	4.4
id-07864	8	3	13	4.9
id-07865	6	12	24	4.4
id-07866	1	2	4	3.4
id-07867	9	17	9	5.0
id-07868	10	2	12	4.3
id-07869	9	8	20	3.5
id-07870	5	3	17	3.9
id-07871	2	3	16	3.0
id-07872	3	3	10	5.0
id-07873	8	12	1	3.9
id-07874	8	8	1	3.4
id-07875	10	3	7	3.8
id-07876	5	5	9	3.4
id-07877	8	7	30	3.1
id-07878	1	2	1	4.8
id-07879	5	3	1	4.2
id-07880	9	13	2	3.5
id-07881	6	6	10	5.0
id-07882	4	2	19	4.1
id-07883	2	3	22	5.0
id-07884	6	8	21	4.3
id-07885	4	3	1	4.0
id-07886	1	2	8	4.7
id-07887	7	4	22	4.0
id-07888	6	3	6	4.9
id-07889	3	2	25	4.4
id-07890	6	2	22	5.0
id-07891	9	5	8	3.6
id-07892	8	10	14	4.3
id-07893	7	7	27	5.0
id-07894	3	3	30	3.7
id-07895	10	13	22	4.7
id-07896	3	4	7	4.3
id-07897	6	5	6	4.1
id-07898	3	2	19	3.7
id-07899	4	8	8	4.8
id-07900	3	4	26	3.2
id-07901	5	8	26	4.6
id-07902	5	8	7	4.3
id-07903	5	9	23	3.4
id-07904	2	4	29	5.0
id-07905	8	8	5	4.4
id-07906	8	7	4	4.7
id-07907	1	2	3	4.9
id-07908	8	11	5	3.8
id-07909	8	9	1	4.7
id-07910	6	12	20	4.8
id-07911	9	17	11	3.5
id-07912	8	2	16	3.7
id-07913	5	8	23	3.4
id-07914	2	4	10	4.5
id-07915	5	5	23	3.8
id-07916	6	3	17	4.2
id-07917	7	14	4	4.1
id-07918	5	10	21	5.0
id-07919	10	16	28	3.7
id-07920	3	3	29	3.4
id-07921	9	16	3	4.5
id-07922	10	16	30	4.2
id-07923	7	14	29	3.5
id-07924	5	8	17	3.8
id-07925	2	3	20	4.6
id-07926	9	13	26	4.7
id-07927	6	4	2	3.1
id-07928	4	2	8	4.4
id-07929	9	4	9	4.6
id-07930	6	10	15	3.3
id-07931	9	4	9	4.3
id-07932	4	7	17	3.4
id-07933	7	14	5	4.3
id-07934	1	2	14	4.5
id-07935	6	9	13	3.6
id-07936	5	5	16	3.3
id-07937	3	2	25	3.7
id-07938	5	5	2	3.8
id-07939	3	5	22	3.6
id-07940	8	7	10	3.2
id-07941	5	7	28	3.6
id-07942	2	3	4	4.8
id-07943	2	2	3	3.6
id-07944	1	2	26	3.5
id-07945	1	2	25	4.2
id-07946	3	6	3	3.5
id-07947	1	2	29	3.3
id-07948	10	15	18	4.1
id-07949	10	18	23	3.3
id-07950	5	2	2	3.8
id-07951	1	2	26	4.4
id-07952	2	3	4	3.5
id-07953	6	8	9	3.9
id-07954	6	9	21	4.3
id-07955	8	7	9	3.7
id-07956	2	2	4	4.1
id-07957	7	4	2	3.0
id-07958	7	13	3	4.4
id-07959	3	3	12	4.0
id-07960	9	8	7	3.3
id-07961	7	5	10	3.8
id-07962	6	2	2	3.2
id-07963	5	9	19	4.1
id-07964	1	2	30	4.1
id-07965	9	4	9	4.2
id-07966	4	7	5	3.2
id-07967	7	10	8	3.2
id-07968	8	2	8	4.3
id-07969	2	3	24	4.3
id-07970	8	14	25	3.2
id-07971	1	2	3	4.9
id-07972	9	14	19	4.2
id-07973	8	8	14	4.9
id-07974	10	5	8	3.4
id-07975	10	7	18	3.1
id-07976	8	5	24	3.4
id-07977	9	4	2	4.4
id-07978	4	6	3	3.8
id-07979	4	3	28	4.5
id-07980	10	17	19	4.4
id-07981	6	3	2	3.6
id-07982	5	6	15	4.2
id-07983	5	4	7	4.1
id-07984	8	11	5	3.3
id-07985	3	5	29	3.6
id-07986	7	9	15	4.1
id-07987	2	4	29	3.0
id-07988	1	2	4	4.1
id-07989	7	5	2	4.6
id-07990	3	5	7	3.6
id-07991	3	6	26	3.2
id-07992	9	4	17	3.4
id-07993	7	6	28	4.1
id-07994	6	10	15	3.4
id-07995	10	18	22	4.3
id-07996	1	2	13	3.9
id-07997	7	14	14	3.8
id-07998	4	7	12	3.2
id-07999	7	3	13	4.3
id-08000	1	2	18	4.9
id-08001	9	4	7	4.1
id-08002	7	6	23	3.5
id-08003	2	4	13	4.0
id-08004	1	2	11	3.3
id-08005	4	2	13	3.6
id-08006	6	2	11	3.6
id-08007	4	2	6	3.0
id-08008	9	18	7	3.3
id-08009	7	3	9	3.9
id-08010	2	2	1	3.6
id-08011	2	2	15	3.1
id-08012	9	6	9	3.1
id-08013	9	14	23	4.1
id-08014	8	15	19	4.2
id-08015	6	8	19	4.3
id-08016	9	11	23	3.2
id-08017	8	8	3	4.1
id-08018	1	2	28	4.9
id-08019	4	8	15	3.7
id-08020	8	14	7	4.3
id-08021	7	6	19	4.1
id-08022	10	15	30	4.3
id-08023	1	2	15	3.8
id-08024	2	4	24	4.3
id-08025	3	5	9	3.2
id-08026	6	10	23	3.1
id-08027	5	4	29	3.6
id-08028	10	9	27	3.5
id-08029	10	5	12	3.9
id-08030	9	9	6	4.6
id-08031	10	20	3	4.3
id-08032	2	3	11	4.1
id-08033	7	10	9	4.3
id-08034	10	10	24	3.1
id-08035	10	10	11	4.3
id-08036	6	12	25	3.5
id-08037	6	4	8	5.0
id-08038	8	16	3	4.9
id-08039	2	3	21	4.7
id-08040	3	2	15	4.4
id-08041	8	11	24	3.9
id-08042	4	6	30	3.1
id-08043	7	2	25	3.6
id-08044	7	4	27	4.0
id-08045	6	10	5	3.9
id-08046	5	10	5	3.3
id-08047	6	10	6	4.1
id-08048	3	3	3	4.8
id-08049	4	3	1	4.8
id-08050	6	9	23	4.4
id-08051	8	7	26	4.4
id-08052	3	5	20	4.4
id-08053	6	9	26	4.8
id-08054	2	4	27	3.1
id-08055	7	2	29	4.8
id-08056	9	7	12	4.7
id-08057	9	8	16	4.1
id-08058	7	7	16	4.8
id-08059	7	7	30	4.0
id-08060	2	3	6	4.2
id-08061	8	5	6	4.9
id-08062	1	2	2	3.4
id-08063	8	13	8	3.6
id-08064	5	3	15	3.3
id-08065	6	5	14	3.9
id-08066	9	10	12	3.0
id-08067	5	3	5	3.7
id-08068	2	3	13	4.1
id-08069	9	17	11	3.1
id-08070	4	3	2	4.7
id-08071	5	3	24	3.7
id-08072	5	8	18	3.9
id-08073	8	6	6	5.0
id-08074	8	8	15	3.0
id-08075	2	3	21	3.1
id-08076	2	4	21	4.6
id-08077	7	11	13	4.4
id-08078	2	4	30	4.5
id-08079	8	8	19	3.8
id-08080	5	5	17	3.8
id-08081	10	5	18	4.8
id-08082	9	3	10	4.0
id-08083	7	6	18	4.2
id-08084	1	2	19	3.5
id-08085	3	6	16	4.6
id-08086	10	5	21	3.4
id-08087	6	6	13	3.1
id-08088	1	2	23	4.7
id-08089	5	2	25	3.9
id-08090	1	2	25	3.0
id-08091	4	3	27	3.1
id-08092	9	6	9	4.7
id-08093	4	5	26	4.8
id-08094	3	2	29	4.5
id-08095	9	6	17	4.0
id-08096	6	9	13	3.4
id-08097	10	18	16	3.1
id-08098	10	7	24	3.1
id-08099	3	2	3	3.1
id-08100	7	10	2	3.5
id-08101	6	6	9	4.6
id-08102	6	10	10	3.7
id-08103	7	6	7	4.4
id-08104	4	2	30	3.6
id-08105	8	11	24	3.1
id-08106	9	8	19	4.6
id-08107	2	2	5	4.6
id-08108	6	11	14	3.4
id-08109	1	2	18	3.3
id-08110	8	7	10	3.4
id-08111	5	5	11	4.9
id-08112	6	3	22	4.2
id-08113	5	5	8	3.1
id-08114	9	13	4	4.4
id-08115	10	7	26	3.6
id-08116	7	4	27	4.7
id-08117	10	2	12	4.6
id-08118	7	14	3	4.0
id-08119	3	4	14	4.7
id-08120	5	6	25	5.0
id-08121	5	7	14	3.8
id-08122	1	2	8	4.2
id-08123	9	7	26	4.5
id-08124	8	10	23	4.8
id-08125	3	4	30	3.4
id-08126	5	2	29	3.1
id-08127	9	4	17	3.7
id-08128	4	6	17	3.2
id-08129	8	10	16	3.5
id-08130	1	2	28	4.1
id-08131	6	5	27	3.1
id-08132	5	6	3	3.5
id-08133	8	12	9	3.0
id-08134	10	13	24	3.4
id-08135	5	5	6	3.3
id-08136	4	5	17	3.9
id-08137	5	5	13	3.1
id-08138	8	3	7	3.2
id-08139	4	8	2	4.1
id-08140	3	5	9	4.9
id-08141	6	8	18	3.7
id-08142	4	2	9	3.7
id-08143	3	3	15	4.3
id-08144	4	2	30	4.9
id-08145	8	3	21	3.8
id-08146	4	6	17	4.6
id-08147	6	7	6	4.0
id-08148	7	6	1	4.4
id-08149	5	7	7	4.9
id-08150	5	7	6	3.8
id-08151	7	4	1	4.7
id-08152	6	8	15	3.6
id-08153	4	2	29	4.3
id-08154	4	8	11	3.6
id-08155	1	2	13	3.5
id-08156	8	12	23	3.2
id-08157	1	2	4	4.0
id-08158	9	8	9	3.4
id-08159	8	3	9	3.7
id-08160	6	6	4	4.6
id-08161	5	10	18	3.5
id-08162	5	6	22	4.9
id-08163	9	6	7	4.3
id-08164	10	20	1	3.0
id-08165	8	9	2	4.7
id-08166	7	10	12	3.1
id-08167	5	3	25	3.7
id-08168	3	4	17	3.8
id-08169	10	20	22	3.7
id-08170	7	4	19	4.5
id-08171	10	18	26	4.0
id-08172	10	10	7	4.2
id-08173	8	5	14	3.5
id-08174	6	6	14	4.7
id-08175	10	6	19	3.1
id-08176	6	8	2	4.4
id-08177	1	2	30	4.2
id-08178	10	17	19	3.9
id-08179	10	5	26	4.7
id-08180	1	2	12	4.1
id-08181	2	4	24	3.2
id-08182	6	10	25	3.5
id-08183	8	4	23	3.9
id-08184	9	13	6	4.6
id-08185	4	2	5	3.3
id-08186	8	4	3	4.1
id-08187	7	14	14	3.3
id-08188	8	6	29	4.9
id-08189	8	3	9	3.8
id-08190	3	4	2	4.4
id-08191	8	4	5	3.3
id-08192	1	2	29	4.8
id-08193	5	6	4	4.5
id-08194	3	5	19	3.6
id-08195	9	2	21	4.9
id-08196	6	6	8	4.6
id-08197	8	14	12	4.2
id-08198	4	6	25	3.2
id-08199	6	3	11	4.0
id-08200	4	7	19	3.4
id-08201	7	14	2	3.7
id-08202	8	4	11	4.5
id-08203	2	4	24	4.9
id-08204	1	2	18	4.9
id-08205	8	8	1	3.5
id-08206	3	2	14	4.9
id-08207	3	5	30	4.3
id-08208	8	8	6	4.9
id-08209	6	9	9	4.2
id-08210	7	2	18	4.0
id-08211	7	14	20	3.9
id-08212	3	6	29	4.4
id-08213	3	4	8	4.0
id-08214	10	4	26	5.0
id-08215	5	5	6	3.4
id-08216	8	9	13	4.0
id-08217	8	10	27	3.1
id-08218	9	17	12	4.3
id-08219	6	12	3	4.0
id-08220	4	7	16	4.2
id-08221	2	3	27	5.0
id-08222	8	15	2	3.8
id-08223	2	2	2	4.7
id-08224	5	4	23	3.1
id-08225	3	5	11	3.4
id-08226	3	6	17	4.3
id-08227	10	15	29	5.0
id-08228	7	5	24	4.0
id-08229	1	2	12	3.1
id-08230	1	2	26	5.0
id-08231	6	8	1	3.1
id-08232	9	3	11	3.6
id-08233	7	14	1	4.5
id-08234	6	3	15	3.6
id-08235	2	4	10	4.7
id-08236	1	2	28	4.2
id-08237	2	4	14	4.3
id-08238	2	4	14	3.6
id-08239	2	3	17	4.1
id-08240	1	2	6	3.8
id-08241	3	6	7	4.0
id-08242	7	12	5	3.3
id-08243	1	2	4	3.7
id-08244	7	8	21	4.1
id-08245	4	5	25	4.1
id-08246	1	2	17	4.2
id-08247	6	8	15	4.5
id-08248	2	3	29	4.7
id-08249	3	4	22	4.4
id-08250	2	3	26	3.1
id-08251	3	3	21	4.3
id-08252	6	4	27	3.0
id-08253	1	2	5	4.8
id-08254	4	6	3	4.4
id-08255	5	9	16	4.6
id-08256	6	8	13	4.1
id-08257	5	10	24	3.6
id-08258	3	5	1	5.0
id-08259	7	4	20	4.0
id-08260	3	5	22	4.2
id-08261	3	6	9	4.9
id-08262	7	5	26	4.1
id-08263	3	6	25	4.5
id-08264	3	4	11	3.1
id-08265	9	14	28	5.0
id-08266	3	5	18	3.0
id-08267	4	6	20	4.3
id-08268	2	2	6	3.0
id-08269	1	2	9	3.5
id-08270	1	2	14	3.2
id-08271	7	12	28	4.4
id-08272	5	5	20	4.8
id-08273	3	6	29	3.2
id-08274	2	2	18	3.5
id-08275	8	12	14	3.5
id-08276	7	4	13	3.4
id-08277	8	15	26	4.3
id-08278	4	3	4	3.8
id-08279	10	15	29	3.2
id-08280	2	2	5	3.3
id-08281	5	10	15	3.4
id-08282	3	3	1	3.3
id-08283	10	3	24	4.1
id-08284	7	14	28	3.4
id-08285	10	3	5	3.7
id-08286	6	3	10	4.1
id-08287	6	10	20	3.4
id-08288	6	9	6	3.3
id-08289	10	8	25	3.3
id-08290	2	3	14	3.1
id-08291	6	3	6	3.5
id-08292	10	7	16	4.8
id-08293	5	3	3	4.8
id-08294	5	9	5	4.3
id-08295	6	2	3	3.8
id-08296	3	2	24	3.2
id-08297	4	3	25	5.0
id-08298	2	4	18	4.9
id-08299	6	6	26	3.1
id-08300	5	3	8	4.4
id-08301	7	10	17	3.7
id-08302	4	6	19	3.5
id-08303	2	2	26	4.6
id-08304	3	2	18	4.0
id-08305	7	5	6	4.9
id-08306	9	12	25	3.4
id-08307	6	7	11	3.3
id-08308	4	8	4	4.6
id-08309	8	13	18	3.3
id-08310	6	9	5	4.3
id-08311	10	9	8	4.9
id-08312	4	7	30	4.0
id-08313	7	11	27	3.8
id-08314	9	3	24	3.1
id-08315	2	3	5	4.3
id-08316	3	4	13	4.7
id-08317	7	8	27	3.1
id-08318	4	2	29	4.8
id-08319	9	18	2	5.0
id-08320	3	5	2	4.3
id-08321	5	8	12	3.2
id-08322	7	7	29	3.7
id-08323	10	18	12	3.3
id-08324	3	3	20	4.9
id-08325	1	2	26	3.7
id-08326	7	4	13	4.0
id-08327	9	15	2	3.8
id-08328	7	3	5	4.8
id-08329	9	15	5	3.3
id-08330	7	7	23	4.7
id-08331	7	5	22	3.2
id-08332	6	12	25	3.4
id-08333	8	4	3	3.9
id-08334	1	2	21	3.8
id-08335	9	8	16	3.5
id-08336	6	4	10	3.7
id-08337	7	12	15	4.3
id-08338	3	6	23	3.4
id-08339	6	9	7	4.2
id-08340	2	4	7	3.6
id-08341	7	5	15	5.0
id-08342	7	10	3	3.4
id-08343	10	16	9	3.2
id-08344	2	3	13	3.7
id-08345	6	12	29	3.1
id-08346	4	4	7	4.1
id-08347	3	2	17	4.3
id-08348	5	3	3	4.1
id-08349	6	3	30	4.3
id-08350	8	5	27	4.9
id-08351	3	4	20	3.1
id-08352	5	4	22	4.0
id-08353	6	7	5	3.3
id-08354	4	4	29	4.6
id-08355	8	4	11	3.2
id-08356	9	16	19	4.8
id-08357	3	5	16	3.9
id-08358	8	2	15	4.5
id-08359	7	10	17	3.2
id-08360	4	2	30	3.2
id-08361	1	2	26	4.5
id-08362	10	2	23	3.0
id-08363	10	11	24	4.0
id-08364	1	2	13	3.3
id-08365	9	14	25	4.8
id-08366	5	8	18	3.6
id-08367	10	6	21	4.0
id-08368	3	6	14	4.1
id-08369	7	13	15	4.1
id-08370	4	5	21	3.5
id-08371	8	16	3	4.2
id-08372	1	2	17	4.2
id-08373	4	5	4	3.3
id-08374	1	2	9	3.1
id-08375	7	11	9	4.0
id-08376	7	13	5	3.1
id-08377	8	12	2	3.4
id-08378	8	2	27	4.6
id-08379	7	11	1	3.8
id-08380	3	6	28	4.4
id-08381	5	10	14	4.8
id-08382	8	14	17	3.6
id-08383	6	4	21	4.7
id-08384	9	8	10	4.9
id-08385	5	5	23	3.0
id-08386	4	4	16	4.8
id-08387	10	19	18	3.6
id-08388	5	7	8	3.9
id-08389	1	2	3	4.2
id-08390	5	3	18	3.5
id-08391	6	3	2	4.4
id-08392	9	6	5	4.5
id-08393	6	12	22	4.3
id-08394	8	15	22	4.5
id-08395	7	7	25	4.3
id-08396	7	9	4	3.9
id-08397	4	6	1	4.7
id-08398	9	8	17	3.7
id-08399	6	6	5	4.5
id-08400	5	7	7	3.1
id-08401	6	9	4	4.8
id-08402	3	6	23	3.3
id-08403	3	4	3	4.0
id-08404	8	9	25	4.8
id-08405	5	7	13	3.5
id-08406	5	6	28	4.7
id-08407	8	10	17	4.4
id-08408	7	14	13	3.0
id-08409	4	5	26	3.9
id-08410	6	12	5	4.1
id-08411	6	3	13	3.7
id-08412	8	14	18	4.2
id-08413	5	6	28	3.2
id-08414	6	2	3	3.1
id-08415	6	9	5	4.2
id-08416	8	8	16	4.9
id-08417	10	9	9	3.6
id-08418	4	3	13	4.5
id-08419	8	10	28	4.7
id-08420	4	3	4	3.4
id-08421	2	3	5	4.0
id-08422	5	7	21	3.8
id-08423	3	5	26	4.2
id-08424	5	7	1	3.4
id-08425	3	5	17	3.3
id-08426	10	2	24	3.5
id-08427	6	11	21	4.0
id-08428	8	10	15	4.7
id-08429	1	2	5	4.1
id-08430	10	14	28	3.3
id-08431	10	12	5	4.2
id-08432	4	3	2	3.2
id-08433	1	2	7	4.8
id-08434	5	6	27	3.1
id-08435	5	7	5	4.1
id-08436	8	5	25	5.0
id-08437	6	3	2	5.0
id-08438	4	5	16	4.8
id-08439	7	13	30	4.6
id-08440	6	6	29	4.9
id-08441	2	3	27	4.9
id-08442	8	2	16	3.4
id-08443	1	2	28	3.3
id-08444	6	8	25	4.3
id-08445	8	9	13	4.4
id-08446	1	2	22	3.2
id-08447	9	5	6	3.4
id-08448	1	2	20	4.1
id-08449	7	7	8	4.7
id-08450	3	4	25	3.2
id-08451	9	10	7	4.6
id-08452	4	2	1	4.3
id-08453	2	4	29	3.6
id-08454	10	6	4	4.7
id-08455	10	8	26	4.2
id-08456	7	10	1	3.4
id-08457	4	3	24	3.3
id-08458	5	4	5	3.6
id-08459	2	2	14	4.8
id-08460	2	2	24	3.8
id-08461	5	9	29	4.3
id-08462	5	7	20	4.6
id-08463	7	8	5	4.8
id-08464	5	4	17	4.5
id-08465	4	8	30	4.7
id-08466	10	8	21	4.7
id-08467	1	2	30	3.9
id-08468	6	6	8	4.2
id-08469	4	2	25	3.3
id-08470	6	4	22	3.5
id-08471	8	11	17	4.1
id-08472	4	2	19	4.1
id-08473	2	3	19	4.6
id-08474	1	2	20	4.5
id-08475	6	9	29	4.3
id-08476	6	12	4	4.1
id-08477	7	4	25	3.2
id-08478	1	2	4	4.0
id-08479	9	3	19	3.1
id-08480	4	8	26	4.6
id-08481	6	12	19	4.2
id-08482	5	4	23	4.7
id-08483	9	10	29	3.9
id-08484	5	9	8	4.8
id-08485	5	2	14	4.5
id-08486	4	3	20	4.4
id-08487	1	2	14	3.3
id-08488	1	2	6	5.0
id-08489	1	2	19	3.5
id-08490	5	9	1	4.8
id-08491	7	3	26	4.6
id-08492	6	9	26	4.8
id-08493	6	3	28	4.8
id-08494	4	6	8	3.9
id-08495	10	15	14	4.3
id-08496	2	2	8	4.1
id-08497	2	2	2	4.3
id-08498	7	6	21	4.8
id-08499	1	2	2	4.5
id-08500	6	4	12	3.0
id-08501	9	3	12	4.2
id-08502	9	10	1	5.0
id-08503	4	2	10	3.6
id-08504	10	5	22	3.8
id-08505	7	9	20	4.9
id-08506	7	4	21	3.1
id-08507	9	9	11	3.7
id-08508	6	7	6	4.7
id-08509	9	5	5	4.7
id-08510	9	15	10	3.7
id-08511	5	7	13	4.8
id-08512	3	5	18	4.5
id-08513	7	3	27	3.4
id-08514	2	4	11	3.7
id-08515	8	10	17	3.3
id-08516	1	2	15	3.9
id-08517	9	12	7	3.6
id-08518	5	4	21	4.7
id-08519	3	2	3	3.7
id-08520	3	6	3	3.7
id-08521	8	2	24	3.7
id-08522	5	8	16	4.0
id-08523	1	2	2	4.8
id-08524	8	12	23	3.5
id-08525	5	8	4	4.2
id-08526	2	3	2	3.8
id-08527	2	4	4	4.9
id-08528	8	4	13	5.0
id-08529	9	10	17	3.5
id-08530	9	7	13	4.1
id-08531	4	4	25	3.6
id-08532	7	11	17	4.0
id-08533	3	4	27	3.5
id-08534	2	4	15	4.2
id-08535	1	2	20	3.3
id-08536	5	10	16	4.5
id-08537	1	2	14	4.6
id-08538	5	3	17	3.1
id-08539	7	7	10	3.9
id-08540	5	4	27	4.2
id-08541	5	2	21	3.7
id-08542	4	4	28	4.3
id-08543	7	6	25	4.2
id-08544	8	13	2	3.8
id-08545	1	2	27	3.8
id-08546	5	2	11	3.9
id-08547	2	3	29	3.4
id-08548	2	4	5	4.2
id-08549	7	9	3	3.5
id-08550	2	2	2	4.0
id-08551	10	5	15	3.7
id-08552	1	2	20	4.6
id-08553	10	10	6	3.3
id-08554	9	17	13	3.1
id-08555	7	13	7	4.5
id-08556	5	6	9	4.3
id-08557	8	8	8	4.3
id-08558	5	7	18	4.5
id-08559	5	6	8	4.5
id-08560	4	5	3	3.5
id-08561	3	6	28	4.1
id-08562	4	4	22	4.0
id-08563	1	2	17	3.4
id-08564	8	3	28	4.5
id-08565	3	5	9	4.4
id-08566	10	13	29	3.7
id-08567	5	4	20	4.3
id-08568	1	2	4	3.9
id-08569	1	2	15	4.9
id-08570	5	6	29	3.8
id-08571	9	14	17	4.7
id-08572	1	2	19	3.3
id-08573	9	5	17	4.9
id-08574	3	6	30	4.8
id-08575	9	7	4	4.8
id-08576	10	20	16	3.1
id-08577	4	8	21	4.9
id-08578	4	8	11	4.4
id-08579	5	5	1	4.7
id-08580	8	10	16	3.9
id-08581	10	2	9	5.0
id-08582	2	3	4	4.2
id-08583	7	14	2	5.0
id-08584	6	12	18	3.3
id-08585	9	9	24	4.5
id-08586	5	5	3	4.3
id-08587	4	2	26	4.6
id-08588	7	2	27	4.3
id-08589	9	5	9	4.5
id-08590	3	4	4	3.6
id-08591	1	2	2	4.4
id-08592	9	4	22	3.2
id-08593	7	4	16	4.2
id-08594	5	10	22	3.7
id-08595	5	2	22	4.6
id-08596	6	10	12	3.5
id-08597	9	3	27	3.5
id-08598	2	3	16	4.6
id-08599	3	2	2	4.4
id-08600	7	7	27	3.8
id-08601	5	5	27	3.2
id-08602	3	6	3	3.1
id-08603	2	4	19	4.4
id-08604	5	9	14	3.5
id-08605	9	12	25	3.9
id-08606	8	8	15	3.2
id-08607	2	2	10	3.5
id-08608	7	5	12	4.2
id-08609	10	10	1	3.7
id-08610	9	2	9	4.0
id-08611	7	2	21	4.0
id-08612	9	4	29	4.9
id-08613	3	3	27	4.7
id-08614	10	5	2	3.3
id-08615	6	7	5	3.2
id-08616	8	16	25	3.6
id-08617	2	2	22	3.9
id-08618	5	3	3	3.9
id-08619	3	6	16	3.6
id-08620	9	3	8	4.4
id-08621	4	2	23	3.5
id-08622	8	6	14	3.8
id-08623	5	2	29	4.2
id-08624	1	2	13	4.5
id-08625	1	2	12	3.4
id-08626	6	10	30	4.0
id-08627	6	4	23	4.4
id-08628	4	5	1	4.0
id-08629	1	2	9	4.8
id-08630	7	9	13	4.7
id-08631	2	2	12	4.8
id-08632	9	13	21	3.9
id-08633	8	9	13	4.1
id-08634	1	2	25	3.5
id-08635	7	2	29	3.8
id-08636	8	11	17	3.8
id-08637	3	4	25	4.1
id-08638	4	6	14	4.8
id-08639	6	8	25	4.1
id-08640	10	19	23	3.4
id-08641	4	5	20	3.4
id-08642	10	4	25	3.9
id-08643	1	2	19	4.0
id-08644	5	8	3	3.9
id-08645	3	2	10	4.5
id-08646	2	3	4	3.2
id-08647	9	16	6	4.7
id-08648	9	11	5	3.4
id-08649	10	18	18	4.9
id-08650	4	5	14	4.1
id-08651	5	7	4	3.4
id-08652	7	7	24	3.2
id-08653	6	2	17	3.8
id-08654	9	8	14	4.3
id-08655	6	2	3	3.2
id-08656	5	2	21	3.9
id-08657	6	5	30	4.3
id-08658	5	7	24	3.3
id-08659	10	4	3	4.3
id-08660	10	15	26	4.6
id-08661	5	7	10	4.0
id-08662	5	3	1	3.9
id-08663	6	3	24	3.1
id-08664	4	4	9	3.2
id-08665	9	4	7	4.1
id-08666	2	3	8	3.2
id-08667	1	2	4	4.6
id-08668	3	4	1	3.1
id-08669	4	2	28	4.9
id-08670	6	8	6	4.8
id-08671	10	3	27	3.2
id-08672	1	2	3	4.9
id-08673	9	11	23	3.7
id-08674	3	2	13	3.6
id-08675	10	8	17	4.3
id-08676	2	4	6	4.9
id-08677	8	2	20	4.5
id-08678	6	6	21	4.5
id-08679	1	2	12	3.8
id-08680	2	3	29	4.0
id-08681	9	8	26	3.9
id-08682	1	2	10	3.7
id-08683	8	14	30	4.9
id-08684	9	4	15	3.4
id-08685	2	2	11	3.0
id-08686	2	4	12	3.7
id-08687	9	3	11	3.7
id-08688	5	9	10	4.9
id-08689	8	5	18	3.7
id-08690	5	7	15	3.1
id-08691	4	4	30	3.1
id-08692	9	8	2	3.8
id-08693	7	12	12	3.7
id-08694	1	2	13	4.7
id-08695	8	9	21	4.0
id-08696	1	2	18	4.5
id-08697	7	12	29	3.5
id-08698	8	9	22	3.6
id-08699	9	17	14	3.0
id-08700	10	7	24	4.9
id-08701	5	10	27	4.7
id-08702	6	5	9	4.3
id-08703	8	3	13	3.7
id-08704	9	13	10	5.0
id-08705	1	2	13	4.9
id-08706	4	4	29	4.4
id-08707	3	2	12	3.9
id-08708	7	6	26	4.6
id-08709	9	3	29	4.4
id-08710	8	3	24	3.7
id-08711	9	4	11	4.0
id-08712	10	18	20	4.9
id-08713	4	7	18	3.4
id-08714	10	16	17	4.8
id-08715	5	5	5	3.2
id-08716	1	2	11	4.7
id-08717	6	10	20	3.9
id-08718	3	2	15	4.4
id-08719	4	2	6	3.2
id-08720	9	10	9	5.0
id-08721	6	6	30	3.7
id-08722	3	5	28	4.0
id-08723	5	6	6	3.5
id-08724	3	2	11	4.8
id-08725	9	16	19	4.7
id-08726	1	2	9	4.3
id-08727	4	8	2	4.8
id-08728	5	4	22	3.9
id-08729	8	16	9	4.2
id-08730	8	16	14	3.2
id-08731	8	13	1	4.4
id-08732	6	12	3	3.9
id-08733	1	2	22	3.1
id-08734	4	3	26	3.8
id-08735	6	11	19	3.7
id-08736	8	6	29	3.2
id-08737	8	8	2	4.7
id-08738	7	13	27	4.2
id-08739	5	10	23	3.2
id-08740	5	2	26	4.7
id-08741	8	13	14	4.3
id-08742	8	12	8	4.3
id-08743	8	5	22	3.1
id-08744	8	13	28	4.9
id-08745	6	8	10	4.2
id-08746	5	10	15	4.1
id-08747	10	18	6	3.1
id-08748	4	5	9	3.1
id-08749	3	2	21	3.7
id-08750	2	3	16	4.0
id-08751	3	4	1	4.6
id-08752	2	3	25	3.7
id-08753	3	4	16	4.0
id-08754	1	2	16	4.7
id-08755	2	4	21	4.7
id-08756	3	4	8	3.0
id-08757	8	14	22	3.7
id-08758	9	3	6	4.7
id-08759	1	2	14	4.6
id-08760	6	3	30	3.1
id-08761	7	4	3	4.8
id-08762	5	9	19	4.4
id-08763	2	2	24	3.1
id-08764	5	6	3	4.8
id-08765	5	5	30	4.2
id-08766	5	6	30	5.0
id-08767	9	18	2	4.7
id-08768	2	4	14	4.2
id-08769	2	2	4	3.5
id-08770	7	10	1	4.3
id-08771	6	11	4	4.1
id-08772	5	6	25	4.0
id-08773	2	3	17	3.2
id-08774	10	13	2	3.3
id-08775	5	8	30	4.6
id-08776	10	20	14	3.5
id-08777	2	4	4	3.8
id-08778	5	3	9	4.4
id-08779	8	15	25	3.7
id-08780	3	2	3	4.5
id-08781	8	8	26	3.6
id-08782	10	16	19	3.6
id-08783	2	2	26	4.0
id-08784	10	2	19	3.1
id-08785	3	2	3	5.0
id-08786	2	4	3	4.1
id-08787	1	2	9	4.7
id-08788	7	13	5	4.3
id-08789	10	20	20	4.9
id-08790	10	9	16	3.7
id-08791	1	2	4	3.4
id-08792	8	11	24	4.3
id-08793	1	2	10	3.1
id-08794	4	3	30	3.6
id-08795	2	2	13	3.2
id-08796	4	5	15	3.8
id-08797	4	7	18	4.2
id-08798	3	3	2	3.8
id-08799	7	5	28	3.1
id-08800	7	3	19	3.0
id-08801	9	2	11	4.6
id-08802	1	2	19	4.4
id-08803	10	18	11	3.8
id-08804	8	11	28	4.9
id-08805	1	2	27	3.6
id-08806	4	3	10	4.0
id-08807	7	14	2	4.4
id-08808	4	2	7	4.3
id-08809	6	4	4	4.9
id-08810	8	6	18	3.8
id-08811	9	8	17	3.4
id-08812	3	4	2	3.1
id-08813	2	3	11	4.0
id-08814	8	6	25	4.6
id-08815	10	13	24	4.0
id-08816	7	14	26	4.7
id-08817	2	2	18	4.6
id-08818	10	7	2	4.8
id-08819	4	3	16	4.9
id-08820	10	12	22	3.1
id-08821	4	8	3	4.1
id-08822	1	2	5	4.4
id-08823	8	4	20	3.3
id-08824	6	6	17	3.8
id-08825	1	2	8	4.7
id-08826	6	4	24	3.8
id-08827	7	14	5	4.2
id-08828	1	2	16	3.6
id-08829	8	9	10	3.1
id-08830	4	8	3	3.1
id-08831	1	2	18	4.3
id-08832	7	8	19	4.0
id-08833	4	3	7	4.4
id-08834	1	2	1	3.2
id-08835	7	13	6	4.3
id-08836	1	2	28	3.2
id-08837	10	6	22	4.3
id-08838	9	16	10	3.0
id-08839	9	8	19	3.9
id-08840	4	4	15	4.0
id-08841	10	14	16	3.3
id-08842	6	10	9	3.2
id-08843	6	12	16	3.2
id-08844	8	2	9	4.0
id-08845	9	11	16	4.4
id-08846	8	5	14	4.7
id-08847	5	9	22	4.6
id-08848	9	11	27	4.2
id-08849	10	8	7	3.0
id-08850	1	2	10	4.2
id-08851	3	4	24	4.6
id-08852	1	2	27	3.2
id-08853	3	2	16	3.2
id-08854	9	4	13	4.4
id-08855	3	6	20	4.3
id-08856	10	12	26	4.9
id-08857	8	14	4	3.4
id-08858	10	15	14	3.5
id-08859	1	2	1	4.1
id-08860	1	2	16	4.3
id-08861	10	14	9	3.2
id-08862	8	9	13	4.4
id-08863	6	12	10	4.8
id-08864	6	7	29	4.0
id-08865	10	14	19	3.9
id-08866	2	4	16	5.0
id-08867	5	7	17	4.6
id-08868	7	11	13	3.1
id-08869	3	4	19	4.8
id-08870	4	2	9	4.7
id-08871	5	5	1	4.3
id-08872	2	4	17	4.5
id-08873	4	5	11	4.0
id-08874	9	2	22	3.2
id-08875	10	10	28	4.0
id-08876	2	4	19	4.4
id-08877	4	4	6	4.5
id-08878	4	6	8	3.9
id-08879	4	6	30	3.4
id-08880	10	17	1	4.2
id-08881	7	6	27	4.2
id-08882	1	2	19	3.2
id-08883	4	5	4	3.2
id-08884	9	13	25	3.0
id-08885	2	4	9	3.8
id-08886	1	2	14	3.7
id-08887	7	7	25	3.7
id-08888	7	5	18	4.3
id-08889	2	4	7	3.6
id-08890	1	2	5	4.2
id-08891	1	2	14	4.8
id-08892	10	7	24	4.0
id-08893	8	10	12	4.4
id-08894	8	2	30	3.1
id-08895	3	5	15	3.3
id-08896	6	7	5	3.5
id-08897	10	11	9	4.7
id-08898	3	3	25	3.1
id-08899	4	7	30	3.6
id-08900	5	10	29	4.0
id-08901	3	6	4	4.6
id-08902	7	8	9	4.3
id-08903	6	2	3	4.2
id-08904	5	2	2	4.3
id-08905	10	15	24	3.6
id-08906	1	2	24	4.2
id-08907	3	4	14	4.7
id-08908	2	3	10	3.5
id-08909	6	10	21	4.3
id-08910	4	3	10	4.4
id-08911	6	2	18	4.9
id-08912	4	7	20	3.8
id-08913	9	5	3	3.3
id-08914	1	2	23	4.5
id-08915	4	3	14	4.6
id-08916	10	16	29	4.1
id-08917	8	16	8	4.7
id-08918	2	2	16	4.4
id-08919	8	12	12	4.1
id-08920	8	14	27	3.6
id-08921	8	4	7	3.4
id-08922	4	7	20	3.8
id-08923	10	10	7	3.5
id-08924	4	3	21	3.6
id-08925	5	8	15	3.2
id-08926	10	19	13	4.0
id-08927	7	9	11	4.5
id-08928	9	9	20	4.0
id-08929	9	10	3	4.3
id-08930	5	2	20	4.0
id-08931	10	14	25	4.2
id-08932	8	11	19	4.6
id-08933	2	2	17	4.5
id-08934	4	3	27	4.4
id-08935	8	16	22	3.8
id-08936	5	3	17	4.7
id-08937	3	2	5	3.1
id-08938	6	3	17	4.9
id-08939	7	12	2	3.7
id-08940	5	5	2	3.1
id-08941	2	4	11	3.6
id-08942	8	13	3	3.1
id-08943	9	17	9	3.3
id-08944	8	13	5	4.2
id-08945	10	18	13	4.5
id-08946	7	7	11	4.4
id-08947	7	14	8	3.8
id-08948	7	13	11	4.4
id-08949	3	4	14	3.7
id-08950	9	3	17	3.4
id-08951	9	5	23	4.8
id-08952	9	16	6	4.4
id-08953	5	4	10	5.0
id-08954	3	4	8	4.0
id-08955	1	2	5	4.4
id-08956	1	2	5	3.0
id-08957	2	3	2	3.8
id-08958	8	2	3	3.0
id-08959	8	12	23	4.3
id-08960	5	9	23	3.9
id-08961	8	15	10	4.8
id-08962	9	11	26	4.1
id-08963	7	12	3	4.8
id-08964	3	4	14	4.4
id-08965	1	2	27	3.9
id-08966	6	7	14	3.8
id-08967	7	14	8	3.4
id-08968	5	8	4	3.6
id-08969	5	8	30	4.8
id-08970	5	9	18	5.0
id-08971	5	9	22	4.9
id-08972	8	6	10	4.1
id-08973	2	2	27	4.7
id-08974	6	12	3	4.6
id-08975	8	2	16	3.7
id-08976	9	14	5	4.9
id-08977	5	2	7	3.6
id-08978	7	8	24	3.2
id-08979	3	2	14	3.7
id-08980	5	9	22	4.5
id-08981	8	7	8	4.0
id-08982	5	6	2	4.7
id-08983	3	2	5	3.3
id-08984	2	2	20	4.7
id-08985	6	9	5	4.0
id-08986	2	2	23	3.4
id-08987	9	12	29	3.8
id-08988	8	2	20	4.5
id-08989	10	11	23	3.6
id-08990	9	4	9	4.7
id-08991	7	9	10	3.1
id-08992	3	3	19	4.4
id-08993	2	3	27	3.5
id-08994	5	2	23	4.8
id-08995	10	20	25	4.0
id-08996	3	2	12	4.2
id-08997	1	2	24	4.0
id-08998	5	2	25	4.4
id-08999	3	5	25	4.8
id-09000	7	5	20	5.0
id-09001	7	11	26	4.1
id-09002	9	3	28	3.7
id-09003	4	7	12	4.7
id-09004	4	8	20	3.5
id-09005	1	2	14	4.9
id-09006	1	2	21	3.6
id-09007	8	13	26	3.4
id-09008	7	3	28	4.4
id-09009	2	4	18	3.4
id-09010	8	3	6	4.3
id-09011	1	2	12	3.8
id-09012	4	5	4	4.3
id-09013	7	10	26	4.7
id-09014	5	8	28	4.1
id-09015	1	2	3	4.3
id-09016	2	2	7	3.2
id-09017	2	3	9	4.9
id-09018	4	4	10	4.9
id-09019	4	7	1	3.2
id-09020	9	10	16	3.4
id-09021	7	7	27	4.6
id-09022	7	2	1	4.4
id-09023	7	12	11	3.2
id-09024	8	14	12	4.5
id-09025	9	14	9	4.2
id-09026	9	2	11	4.2
id-09027	8	11	16	3.6
id-09028	5	8	18	3.7
id-09029	10	15	2	3.8
id-09030	10	2	5	3.0
id-09031	1	2	16	4.3
id-09032	3	2	11	4.2
id-09033	4	3	9	4.1
id-09034	5	2	5	3.6
id-09035	4	5	20	3.0
id-09036	5	6	23	4.9
id-09037	2	4	1	3.5
id-09038	9	15	9	3.9
id-09039	7	3	21	4.8
id-09040	2	2	23	4.5
id-09041	6	8	11	5.0
id-09042	5	4	8	3.8
id-09043	3	5	18	4.7
id-09044	6	11	15	3.4
id-09045	9	8	16	4.5
id-09046	1	2	17	4.9
id-09047	5	7	25	4.5
id-09048	6	12	15	4.9
id-09049	2	3	22	3.1
id-09050	3	3	3	4.7
id-09051	7	5	22	3.8
id-09052	2	2	8	3.2
id-09053	8	4	10	4.3
id-09054	7	12	6	3.7
id-09055	6	8	1	5.0
id-09056	7	3	21	4.0
id-09057	4	3	17	4.5
id-09058	1	2	8	4.2
id-09059	8	10	18	4.3
id-09060	3	2	15	4.5
id-09061	4	6	30	3.7
id-09062	2	4	30	3.4
id-09063	7	12	12	4.7
id-09064	10	10	16	4.0
id-09065	1	2	17	3.9
id-09066	3	4	8	4.6
id-09067	9	8	30	3.4
id-09068	4	4	1	3.8
id-09069	2	4	2	3.9
id-09070	10	9	16	3.4
id-09071	6	3	3	4.5
id-09072	2	3	15	3.3
id-09073	8	9	29	3.5
id-09074	9	2	25	3.5
id-09075	8	10	5	3.1
id-09076	9	16	18	4.0
id-09077	10	7	2	3.8
id-09078	1	2	18	3.7
id-09079	4	7	3	3.5
id-09080	2	2	9	4.0
id-09081	2	4	23	4.6
id-09082	9	9	9	4.7
id-09083	9	6	24	4.6
id-09084	2	4	26	3.1
id-09085	1	2	6	4.7
id-09086	5	10	12	3.6
id-09087	1	2	18	4.1
id-09088	6	9	5	5.0
id-09089	3	6	30	4.4
id-09090	4	8	18	3.2
id-09091	3	3	13	4.2
id-09092	1	2	5	4.2
id-09093	1	2	10	3.3
id-09094	10	17	9	4.5
id-09095	1	2	8	3.9
id-09096	10	14	10	4.2
id-09097	4	4	29	3.5
id-09098	4	4	29	4.0
id-09099	8	14	25	4.0
id-09100	7	10	24	3.2
id-09101	4	7	27	3.2
id-09102	10	13	1	4.3
id-09103	6	8	14	3.9
id-09104	9	18	19	4.9
id-09105	4	8	29	3.5
id-09106	3	2	3	3.5
id-09107	2	2	22	3.4
id-09108	5	7	30	4.8
id-09109	7	8	19	4.9
id-09110	9	2	15	3.9
id-09111	4	2	11	4.4
id-09112	1	2	8	4.4
id-09113	10	18	23	4.3
id-09114	6	10	22	3.6
id-09115	1	2	9	3.6
id-09116	5	4	10	3.7
id-09117	10	3	5	4.0
id-09118	1	2	1	4.8
id-09119	4	6	4	4.0
id-09120	6	9	7	4.3
id-09121	2	4	10	3.6
id-09122	9	9	7	4.4
id-09123	7	11	13	3.1
id-09124	7	14	13	3.6
id-09125	5	5	6	3.9
id-09126	4	2	5	4.8
id-09127	2	3	30	3.4
id-09128	1	2	2	4.4
id-09129	5	10	6	3.1
id-09130	8	13	10	4.9
id-09131	1	2	20	3.6
id-09132	9	18	10	3.5
id-09133	2	3	24	3.1
id-09134	5	4	23	3.9
id-09135	9	17	27	3.5
id-09136	10	2	24	3.3
id-09137	6	9	24	4.7
id-09138	5	7	27	4.3
id-09139	1	2	15	3.5
id-09140	9	14	10	4.8
id-09141	3	4	23	3.9
id-09142	8	6	21	3.2
id-09143	6	10	28	4.1
id-09144	8	5	15	5.0
id-09145	10	16	1	3.3
id-09146	9	13	13	4.5
id-09147	4	5	28	4.5
id-09148	8	13	20	4.4
id-09149	9	13	30	3.9
id-09150	5	7	14	5.0
id-09151	5	9	3	4.3
id-09152	3	4	29	3.9
id-09153	10	19	14	4.8
id-09154	1	2	22	4.7
id-09155	2	4	30	4.7
id-09156	3	5	7	3.7
id-09157	3	2	27	4.5
id-09158	6	7	23	4.5
id-09159	7	9	6	4.7
id-09160	1	2	2	3.2
id-09161	3	6	9	3.4
id-09162	2	2	17	3.6
id-09163	10	11	4	3.9
id-09164	7	11	19	4.7
id-09165	8	14	25	4.3
id-09166	7	6	26	5.0
id-09167	3	6	4	3.4
id-09168	1	2	30	3.2
id-09169	8	10	5	3.7
id-09170	9	11	7	3.7
id-09171	9	4	10	4.0
id-09172	4	5	11	3.1
id-09173	8	5	14	3.9
id-09174	6	6	27	3.2
id-09175	5	7	5	3.3
id-09176	5	3	29	4.3
id-09177	4	8	16	3.6
id-09178	9	13	18	4.9
id-09179	1	2	9	4.0
id-09180	8	4	3	3.7
id-09181	4	3	27	3.7
id-09182	6	12	14	3.2
id-09183	8	10	29	3.0
id-09184	6	8	4	3.2
id-09185	8	14	8	4.8
id-09186	7	9	6	4.6
id-09187	8	15	18	4.2
id-09188	7	10	29	3.2
id-09189	4	6	16	3.1
id-09190	5	5	5	4.4
id-09191	7	5	27	4.1
id-09192	4	8	20	4.0
id-09193	9	11	27	5.0
id-09194	1	2	19	4.1
id-09195	8	15	17	3.6
id-09196	8	9	24	4.2
id-09197	2	4	12	4.0
id-09198	10	16	16	4.8
id-09199	10	6	1	4.9
id-09200	10	2	15	5.0
id-09201	4	6	12	3.3
id-09202	3	3	19	3.9
id-09203	8	16	1	4.9
id-09204	2	4	1	3.1
id-09205	3	6	24	3.1
id-09206	5	3	20	3.1
id-09207	7	13	1	4.2
id-09208	8	15	16	3.7
id-09209	10	8	29	4.9
id-09210	6	12	9	4.9
id-09211	3	4	11	3.6
id-09212	5	4	30	3.1
id-09213	6	4	28	4.0
id-09214	7	5	18	4.8
id-09215	3	5	11	4.3
id-09216	1	2	11	5.0
id-09217	8	6	11	3.3
id-09218	8	6	25	4.1
id-09219	1	2	19	3.7
id-09220	7	10	20	3.3
id-09221	10	19	27	4.1
id-09222	7	11	16	3.4
id-09223	5	4	9	3.9
id-09224	2	2	15	4.2
id-09225	10	14	19	4.6
id-09226	10	18	29	3.8
id-09227	2	4	3	3.9
id-09228	1	2	7	5.0
id-09229	2	4	14	4.1
id-09230	2	4	14	3.9
id-09231	5	8	30	3.1
id-09232	4	4	15	3.2
id-09233	6	7	5	3.4
id-09234	3	3	22	4.7
id-09235	10	4	12	3.4
id-09236	1	2	11	3.6
id-09237	2	4	12	4.2
id-09238	4	2	25	4.8
id-09239	3	2	8	4.9
id-09240	3	5	15	4.8
id-09241	3	5	19	3.4
id-09242	5	6	17	4.5
id-09243	10	15	22	3.8
id-09244	4	4	11	4.5
id-09245	10	3	6	4.3
id-09246	6	4	30	3.0
id-09247	8	9	3	4.9
id-09248	5	9	8	3.1
id-09249	10	18	30	3.1
id-09250	2	4	21	3.7
id-09251	4	5	17	3.0
id-09252	1	2	3	3.0
id-09253	9	17	12	3.5
id-09254	1	2	26	3.5
id-09255	4	2	3	3.9
id-09256	8	5	6	3.6
id-09257	1	2	4	4.2
id-09258	6	11	8	4.3
id-09259	7	6	13	5.0
id-09260	1	2	13	4.1
id-09261	7	7	2	4.6
id-09262	5	7	15	4.4
id-09263	9	5	7	3.6
id-09264	1	2	12	4.3
id-09265	3	5	20	4.5
id-09266	7	9	13	3.8
id-09267	2	3	24	3.3
id-09268	5	8	9	3.0
id-09269	1	2	23	3.7
id-09270	2	4	11	4.4
id-09271	2	2	28	4.6
id-09272	3	4	30	4.0
id-09273	9	2	18	3.7
id-09274	3	3	1	4.3
id-09275	4	3	18	3.1
id-09276	6	5	17	3.6
id-09277	2	2	26	3.6
id-09278	9	10	15	3.7
id-09279	7	9	3	3.3
id-09280	1	2	11	4.3
id-09281	3	4	22	3.8
id-09282	1	2	7	4.5
id-09283	10	20	5	4.4
id-09284	1	2	30	4.0
id-09285	1	2	6	4.5
id-09286	9	5	17	3.9
id-09287	4	4	5	3.7
id-09288	5	8	13	4.0
id-09289	6	10	6	3.5
id-09290	7	10	13	3.1
id-09291	8	6	26	3.0
id-09292	1	2	10	5.0
id-09293	9	13	22	4.0
id-09294	2	2	6	3.4
id-09295	7	3	14	3.9
id-09296	8	6	8	3.6
id-09297	6	7	18	3.4
id-09298	8	7	10	3.0
id-09299	1	2	18	4.6
id-09300	4	8	21	4.4
id-09301	2	3	2	3.6
id-09302	6	9	2	3.5
id-09303	10	17	12	4.3
id-09304	3	3	2	4.2
id-09305	1	2	5	3.0
id-09306	4	2	5	3.7
id-09307	10	18	18	4.1
id-09308	5	4	19	4.7
id-09309	6	11	27	4.2
id-09310	8	3	25	4.0
id-09311	4	3	14	3.2
id-09312	4	5	14	4.7
id-09313	7	11	23	4.7
id-09314	2	3	18	3.8
id-09315	7	6	18	4.3
id-09316	10	19	12	3.7
id-09317	5	8	28	3.3
id-09318	10	17	15	3.9
id-09319	4	7	25	4.7
id-09320	5	4	29	3.6
id-09321	5	9	20	4.8
id-09322	6	3	24	3.7
id-09323	10	20	5	3.5
id-09324	5	2	30	4.6
id-09325	1	2	29	3.9
id-09326	10	19	29	4.8
id-09327	2	3	2	3.5
id-09328	4	2	22	3.8
id-09329	9	10	27	4.2
id-09330	8	5	19	3.2
id-09331	6	2	4	3.1
id-09332	3	2	29	4.8
id-09333	10	3	3	3.4
id-09334	1	2	16	4.0
id-09335	1	2	16	4.2
id-09336	3	6	18	4.9
id-09337	1	2	9	4.1
id-09338	6	6	11	3.2
id-09339	10	5	28	4.3
id-09340	10	12	24	4.9
id-09341	5	9	12	4.5
id-09342	5	5	14	4.3
id-09343	5	9	5	3.6
id-09344	1	2	26	3.5
id-09345	7	5	28	4.5
id-09346	10	5	10	4.5
id-09347	10	11	17	3.8
id-09348	4	2	9	4.9
id-09349	3	5	7	3.2
id-09350	1	2	5	3.0
id-09351	2	4	25	4.2
id-09352	5	7	24	4.4
id-09353	10	3	30	3.3
id-09354	5	9	4	4.4
id-09355	2	3	24	3.1
id-09356	10	10	26	4.6
id-09357	7	5	16	4.7
id-09358	10	18	16	4.2
id-09359	9	7	25	3.7
id-09360	7	5	29	3.5
id-09361	6	9	29	4.1
id-09362	10	11	19	3.7
id-09363	8	4	21	4.2
id-09364	9	4	15	4.9
id-09365	8	3	3	3.0
id-09366	9	15	24	3.1
id-09367	9	11	27	3.3
id-09368	8	13	5	4.0
id-09369	8	8	10	4.0
id-09370	4	6	3	3.3
id-09371	6	4	15	3.1
id-09372	2	4	14	4.5
id-09373	9	3	27	3.1
id-09374	4	6	29	3.1
id-09375	6	10	16	4.9
id-09376	2	2	2	4.5
id-09377	6	2	22	3.8
id-09378	3	2	6	4.5
id-09379	10	18	7	3.7
id-09380	6	9	22	3.5
id-09381	8	2	10	4.5
id-09382	7	13	9	3.2
id-09383	8	6	18	4.8
id-09384	4	3	7	3.2
id-09385	6	7	30	3.8
id-09386	1	2	16	4.3
id-09387	10	12	9	4.3
id-09388	10	15	10	3.5
id-09389	5	6	24	3.5
id-09390	8	7	26	5.0
id-09391	7	14	27	4.9
id-09392	8	5	14	3.8
id-09393	6	10	2	3.8
id-09394	10	17	29	4.5
id-09395	5	2	17	3.4
id-09396	6	4	19	4.1
id-09397	10	16	11	4.1
id-09398	4	4	25	4.7
id-09399	5	9	3	4.4
id-09400	5	9	3	3.9
id-09401	3	4	21	4.6
id-09402	7	5	7	3.4
id-09403	5	7	7	4.2
id-09404	3	3	22	4.6
id-09405	2	4	14	3.2
id-09406	5	10	18	3.7
id-09407	3	3	23	4.7
id-09408	2	2	6	3.5
id-09409	1	2	4	4.8
id-09410	4	7	20	3.7
id-09411	10	7	16	4.7
id-09412	3	6	11	3.3
id-09413	6	10	7	3.3
id-09414	10	8	29	3.3
id-09415	4	7	13	3.7
id-09416	10	16	3	3.2
id-09417	2	4	30	4.9
id-09418	6	10	7	3.2
id-09419	9	13	17	4.2
id-09420	3	4	13	4.6
id-09421	1	2	26	4.6
id-09422	9	16	10	3.3
id-09423	4	4	18	3.7
id-09424	4	7	24	3.6
id-09425	1	2	12	4.6
id-09426	3	3	9	4.2
id-09427	2	4	8	3.1
id-09428	9	4	1	3.9
id-09429	10	9	20	4.0
id-09430	9	17	9	3.9
id-09431	8	6	5	4.8
id-09432	10	10	22	4.4
id-09433	4	7	17	3.5
id-09434	2	4	7	4.1
id-09435	5	2	15	3.7
id-09436	4	6	16	4.9
id-09437	6	10	11	4.5
id-09438	2	2	23	4.0
id-09439	1	2	23	3.5
id-09440	2	3	19	4.2
id-09441	1	2	4	3.8
id-09442	3	5	7	4.5
id-09443	6	9	24	3.2
id-09444	5	7	26	3.9
id-09445	10	17	27	3.1
id-09446	9	18	9	3.5
id-09447	8	10	12	4.4
id-09448	5	3	30	4.9
id-09449	2	2	2	3.4
id-09450	8	14	6	3.4
id-09451	9	2	18	3.4
id-09452	10	19	29	3.7
id-09453	2	3	16	4.9
id-09454	3	3	25	4.6
id-09455	4	7	14	3.2
id-09456	1	2	30	3.7
id-09457	7	5	21	3.4
id-09458	2	3	22	4.7
id-09459	3	5	11	3.7
id-09460	2	3	3	3.8
id-09461	5	5	13	3.3
id-09462	2	4	13	3.2
id-09463	3	5	1	4.0
id-09464	7	8	15	3.7
id-09465	10	12	22	3.6
id-09466	4	7	10	3.0
id-09467	10	13	15	3.5
id-09468	10	18	1	4.7
id-09469	6	4	11	4.9
id-09470	1	2	17	3.1
id-09471	3	2	18	4.6
id-09472	8	11	30	3.5
id-09473	8	9	14	4.5
id-09474	6	8	13	4.4
id-09475	3	5	21	3.1
id-09476	9	10	19	3.2
id-09477	6	3	30	5.0
id-09478	10	19	4	4.5
id-09479	5	10	14	3.7
id-09480	10	11	21	4.8
id-09481	5	2	2	4.6
id-09482	7	10	25	3.4
id-09483	1	2	22	4.5
id-09484	2	2	27	4.4
id-09485	2	4	23	4.1
id-09486	9	15	1	4.2
id-09487	1	2	2	4.0
id-09488	4	7	5	3.8
id-09489	4	3	29	3.8
id-09490	2	2	7	4.5
id-09491	5	10	10	4.9
id-09492	4	3	18	4.4
id-09493	3	5	27	3.6
id-09494	3	6	29	4.8
id-09495	5	3	8	4.3
id-09496	6	7	16	3.7
id-09497	3	5	6	3.8
id-09498	10	12	28	3.8
id-09499	1	2	5	3.3
id-09500	5	9	9	4.4
id-09501	1	2	26	4.7
id-09502	4	4	9	4.3
id-09503	4	4	29	3.2
id-09504	9	16	27	4.7
id-09505	10	5	5	5.0
id-09506	2	4	28	4.1
id-09507	6	10	20	3.5
id-09508	6	3	6	4.7
id-09509	1	2	2	3.1
id-09510	5	4	2	4.7
id-09511	6	12	16	3.1
id-09512	5	9	1	3.9
id-09513	2	3	6	4.6
id-09514	10	20	28	4.8
id-09515	4	8	1	4.2
id-09516	2	3	10	3.9
id-09517	10	19	24	4.6
id-09518	5	6	15	3.8
id-09519	7	4	9	4.6
id-09520	10	17	3	3.1
id-09521	5	8	1	3.4
id-09522	9	16	22	3.4
id-09523	2	3	8	5.0
id-09524	6	7	8	4.7
id-09525	5	10	4	3.8
id-09526	9	12	30	3.7
id-09527	1	2	22	3.0
id-09528	4	5	15	4.5
id-09529	10	10	5	3.0
id-09530	1	2	24	4.8
id-09531	5	3	11	4.2
id-09532	3	4	3	3.9
id-09533	4	2	25	4.8
id-09534	6	2	5	4.1
id-09535	9	10	24	4.2
id-09536	1	2	4	3.7
id-09537	6	2	3	4.3
id-09538	3	3	21	3.2
id-09539	3	4	28	4.4
id-09540	6	5	7	4.5
id-09541	1	2	6	3.6
id-09542	9	9	25	3.5
id-09543	5	5	23	3.4
id-09544	1	2	16	5.0
id-09545	4	2	10	5.0
id-09546	5	9	9	4.5
id-09547	1	2	18	3.9
id-09548	2	4	17	3.1
id-09549	10	20	14	3.4
id-09550	2	4	2	3.1
id-09551	8	6	17	3.4
id-09552	8	14	24	4.1
id-09553	1	2	29	4.5
id-09554	1	2	5	3.6
id-09555	2	4	7	4.4
id-09556	6	7	10	3.8
id-09557	1	2	13	3.1
id-09558	10	14	10	3.3
id-09559	6	7	30	4.8
id-09560	2	3	17	3.1
id-09561	3	3	3	3.2
id-09562	2	4	15	4.5
id-09563	9	7	24	4.0
id-09564	2	3	30	4.0
id-09565	9	17	28	4.1
id-09566	7	14	2	4.2
id-09567	1	2	3	4.7
id-09568	1	2	30	4.3
id-09569	9	6	15	4.3
id-09570	8	5	22	4.5
id-09571	6	5	18	4.2
id-09572	6	10	28	4.2
id-09573	9	11	20	3.4
id-09574	1	2	29	4.4
id-09575	9	2	14	3.6
id-09576	10	6	2	3.6
id-09577	4	3	1	4.0
id-09578	10	10	8	3.2
id-09579	1	2	3	3.9
id-09580	9	4	23	4.4
id-09581	2	3	10	3.1
id-09582	8	16	26	4.2
id-09583	8	11	12	3.2
id-09584	6	11	5	4.5
id-09585	3	6	22	4.7
id-09586	7	4	30	4.0
id-09587	9	4	2	4.7
id-09588	9	12	29	4.2
id-09589	7	6	6	3.0
id-09590	3	6	1	4.6
id-09591	4	2	21	3.9
id-09592	4	5	12	3.6
id-09593	1	2	27	3.5
id-09594	1	2	25	3.2
id-09595	1	2	13	4.7
id-09596	4	5	23	5.0
id-09597	3	5	13	3.6
id-09598	10	2	10	3.4
id-09599	5	5	1	4.0
id-09600	8	15	12	3.1
id-09601	6	7	25	4.8
id-09602	3	2	11	3.0
id-09603	4	5	27	3.5
id-09604	3	2	1	4.2
id-09605	10	3	22	3.3
id-09606	8	11	18	4.5
id-09607	9	15	14	4.6
id-09608	2	3	5	4.3
id-09609	3	6	5	4.4
id-09610	7	3	19	3.6
id-09611	7	12	13	4.5
id-09612	5	6	27	4.2
id-09613	10	20	27	3.0
id-09614	2	3	10	3.3
id-09615	8	7	13	4.9
id-09616	10	14	7	4.9
id-09617	9	4	19	5.0
id-09618	4	7	3	4.6
id-09619	3	2	6	4.1
id-09620	5	7	12	4.5
id-09621	1	2	15	4.7
id-09622	5	5	23	3.7
id-09623	6	12	4	3.5
id-09624	1	2	16	3.4
id-09625	10	8	4	3.3
id-09626	4	7	4	3.8
id-09627	7	2	4	4.8
id-09628	1	2	5	4.7
id-09629	4	7	15	3.5
id-09630	2	3	17	4.6
id-09631	6	7	19	3.5
id-09632	2	2	16	3.4
id-09633	5	4	7	4.7
id-09634	6	9	26	4.1
id-09635	10	18	11	3.7
id-09636	5	10	19	4.2
id-09637	4	5	17	4.2
id-09638	7	8	14	3.2
id-09639	7	14	24	4.6
id-09640	1	2	8	4.2
id-09641	9	14	3	4.4
id-09642	2	2	2	4.8
id-09643	10	19	4	4.5
id-09644	8	7	2	4.9
id-09645	5	8	22	4.0
id-09646	2	2	24	4.4
id-09647	9	4	10	3.9
id-09648	6	12	2	4.0
id-09649	8	11	2	4.5
id-09650	10	2	4	3.9
id-09651	9	15	9	4.7
id-09652	8	11	29	4.7
id-09653	2	2	3	3.4
id-09654	9	14	25	4.5
id-09655	5	9	1	3.2
id-09656	1	2	23	3.3
id-09657	4	5	5	4.2
id-09658	2	4	5	4.3
id-09659	1	2	22	3.4
id-09660	9	7	21	4.4
id-09661	9	9	13	4.6
id-09662	9	13	8	3.4
id-09663	5	6	24	4.9
id-09664	3	3	5	4.7
id-09665	5	4	2	3.2
id-09666	6	2	14	5.0
id-09667	6	10	11	3.7
id-09668	10	14	8	4.1
id-09669	2	4	13	4.1
id-09670	3	4	10	3.4
id-09671	8	11	5	3.2
id-09672	7	13	3	3.3
id-09673	9	7	17	4.0
id-09674	1	2	6	4.9
id-09675	6	7	29	3.4
id-09676	6	4	6	3.1
id-09677	9	6	7	4.2
id-09678	8	13	14	4.4
id-09679	2	3	16	4.9
id-09680	1	2	8	3.5
id-09681	2	3	23	3.0
id-09682	7	5	28	3.1
id-09683	9	9	24	4.1
id-09684	4	8	27	4.0
id-09685	2	3	6	4.7
id-09686	1	2	1	3.0
id-09687	6	4	17	4.7
id-09688	5	6	8	3.1
id-09689	2	3	26	3.4
id-09690	9	15	20	5.0
id-09691	4	8	20	4.8
id-09692	4	6	18	3.8
id-09693	7	5	8	4.6
id-09694	7	11	30	3.5
id-09695	10	11	27	3.4
id-09696	1	2	22	4.5
id-09697	9	17	10	3.5
id-09698	5	10	9	4.7
id-09699	6	7	27	5.0
id-09700	8	15	9	3.3
id-09701	6	4	4	3.1
id-09702	8	15	27	3.3
id-09703	1	2	2	4.3
id-09704	1	2	16	3.3
id-09705	4	2	17	3.3
id-09706	9	16	11	3.7
id-09707	4	4	1	4.8
id-09708	4	6	9	3.4
id-09709	4	8	20	3.5
id-09710	3	3	15	3.7
id-09711	2	2	28	4.7
id-09712	10	2	8	4.5
id-09713	2	2	7	3.7
id-09714	1	2	23	4.9
id-09715	8	14	1	3.1
id-09716	5	9	26	4.4
id-09717	7	6	13	4.8
id-09718	8	7	15	3.2
id-09719	4	3	7	4.4
id-09720	3	4	16	4.7
id-09721	4	2	4	4.0
id-09722	6	2	8	3.2
id-09723	7	14	10	3.1
id-09724	6	12	15	4.6
id-09725	8	16	24	4.6
id-09726	10	14	19	3.5
id-09727	2	4	5	4.7
id-09728	3	4	29	4.0
id-09729	5	8	17	4.7
id-09730	3	5	8	3.7
id-09731	7	7	7	4.1
id-09732	7	2	21	4.2
id-09733	7	10	13	3.1
id-09734	6	8	11	3.8
id-09735	5	6	27	4.9
id-09736	7	10	11	3.8
id-09737	1	2	12	4.1
id-09738	6	9	2	3.5
id-09739	6	12	9	4.1
id-09740	8	15	14	3.9
id-09741	7	12	13	3.2
id-09742	3	6	1	4.4
id-09743	4	6	16	3.1
id-09744	5	5	4	3.6
id-09745	9	14	23	4.1
id-09746	7	7	2	3.9
id-09747	5	3	2	4.7
id-09748	4	8	11	4.1
id-09749	10	9	1	3.3
id-09750	8	7	21	4.8
id-09751	4	7	21	4.1
id-09752	8	6	8	4.4
id-09753	2	4	19	4.1
id-09754	2	3	19	5.0
id-09755	9	4	17	3.8
id-09756	1	2	27	3.5
id-09757	4	3	6	4.2
id-09758	6	5	6	5.0
id-09759	8	14	26	3.8
id-09760	5	7	3	3.3
id-09761	5	4	4	4.1
id-09762	6	6	14	3.3
id-09763	3	5	6	3.3
id-09764	1	2	26	4.3
id-09765	1	2	19	3.8
id-09766	3	2	15	4.2
id-09767	5	5	15	3.4
id-09768	1	2	16	3.3
id-09769	7	7	14	4.2
id-09770	4	5	9	4.6
id-09771	7	2	24	3.6
id-09772	4	6	28	3.5
id-09773	10	7	3	4.2
id-09774	8	9	13	4.5
id-09775	8	6	21	3.5
id-09776	10	10	15	3.3
id-09777	2	4	27	3.4
id-09778	4	3	8	4.8
id-09779	5	9	5	3.9
id-09780	7	7	13	4.3
id-09781	9	7	23	4.9
id-09782	8	6	7	4.2
id-09783	6	2	25	3.3
id-09784	6	3	2	3.2
id-09785	10	10	17	4.7
id-09786	3	4	10	4.5
id-09787	1	2	11	4.2
id-09788	8	13	8	4.7
id-09789	7	10	9	4.6
id-09790	8	9	20	3.8
id-09791	2	2	21	4.9
id-09792	5	2	3	4.9
id-09793	9	12	27	4.2
id-09794	2	4	17	3.0
id-09795	3	2	17	4.4
id-09796	6	8	27	3.6
id-09797	7	2	30	4.4
id-09798	3	3	27	3.1
id-09799	8	6	6	3.1
id-09800	7	3	18	4.0
id-09801	6	3	8	3.8
id-09802	7	11	7	4.4
id-09803	5	5	2	4.0
id-09804	2	3	8	4.2
id-09805	5	10	28	4.6
id-09806	8	11	8	3.6
id-09807	5	7	6	4.6
id-09808	8	12	16	4.2
id-09809	1	2	24	4.1
id-09810	5	9	18	4.0
id-09811	1	2	9	3.2
id-09812	5	10	3	3.6
id-09813	10	7	20	4.4
id-09814	7	10	14	4.6
id-09815	1	2	27	3.9
id-09816	1	2	26	4.7
id-09817	6	6	1	4.4
id-09818	8	9	17	4.2
id-09819	3	3	26	4.5
id-09820	4	8	8	3.7
id-09821	5	5	8	4.8
id-09822	10	12	19	3.5
id-09823	9	3	15	3.0
id-09824	5	7	9	3.8
id-09825	10	13	29	3.5
id-09826	2	3	3	3.9
id-09827	5	8	4	4.9
id-09828	6	11	16	4.4
id-09829	3	5	27	3.8
id-09830	8	16	16	4.9
id-09831	3	2	24	4.7
id-09832	5	4	26	4.2
id-09833	3	2	8	4.9
id-09834	10	13	3	4.7
id-09835	6	3	27	4.3
id-09836	10	14	5	4.7
id-09837	4	3	13	4.1
id-09838	5	2	4	4.5
id-09839	3	2	30	3.1
id-09840	10	18	4	3.4
id-09841	1	2	21	4.3
id-09842	2	4	19	3.6
id-09843	8	15	27	3.4
id-09844	4	5	9	4.6
id-09845	8	12	10	4.3
id-09846	2	4	17	4.5
id-09847	5	8	20	4.4
id-09848	4	4	6	4.7
id-09849	5	6	6	4.5
id-09850	1	2	12	4.7
id-09851	1	2	8	3.8
id-09852	3	2	13	4.6
id-09853	9	6	27	4.6
id-09854	5	6	28	4.6
id-09855	7	8	14	3.1
id-09856	7	8	16	4.4
id-09857	1	2	8	3.4
id-09858	1	2	9	3.7
id-09859	6	8	13	4.3
id-09860	1	2	21	3.1
id-09861	9	9	3	3.4
id-09862	1	2	24	3.3
id-09863	4	3	30	4.2
id-09864	4	7	28	4.3
id-09865	1	2	4	4.3
id-09866	3	4	21	3.2
id-09867	4	8	6	4.3
id-09868	9	14	19	4.0
id-09869	1	2	20	3.8
id-09870	7	14	10	3.3
id-09871	8	8	16	3.6
id-09872	7	5	6	3.8
id-09873	6	4	22	4.0
id-09874	8	10	23	4.2
id-09875	4	7	26	4.8
id-09876	2	2	23	4.9
id-09877	1	2	7	4.6
id-09878	10	5	20	4.5
id-09879	6	5	2	4.9
id-09880	3	4	10	4.6
id-09881	3	4	3	4.2
id-09882	7	4	2	4.1
id-09883	1	2	26	3.1
id-09884	4	7	6	3.7
id-09885	5	10	3	4.8
id-09886	7	12	29	3.7
id-09887	8	16	1	3.6
id-09888	2	4	25	4.3
id-09889	5	6	29	4.8
id-09890	6	12	16	4.0
id-09891	4	4	29	4.9
id-09892	8	9	9	4.8
id-09893	4	7	26	3.8
id-09894	3	4	5	3.4
id-09895	6	5	26	3.0
id-09896	4	3	18	3.0
id-09897	1	2	16	3.0
id-09898	3	2	21	4.3
id-09899	7	10	13	4.9
id-09900	7	14	23	3.2
id-09901	9	13	26	4.4
id-09902	3	4	24	4.7
id-09903	9	14	10	3.0
id-09904	6	2	22	4.9
id-09905	8	11	17	4.3
id-09906	1	2	27	3.5
id-09907	3	2	15	4.8
id-09908	6	7	24	4.0
id-09909	8	15	5	4.0
id-09910	6	3	24	4.0
id-09911	3	5	22	4.7
id-09912	2	3	10	3.3
id-09913	4	4	22	3.8
id-09914	5	10	19	3.3
id-09915	9	15	6	4.9
id-09916	5	10	7	4.8
id-09917	8	14	27	4.6
id-09918	8	15	7	3.4
id-09919	5	10	13	4.2
id-09920	8	12	23	3.3
id-09921	5	9	19	4.5
id-09922	9	18	4	3.2
id-09923	4	8	27	3.2
id-09924	9	16	16	4.5
id-09925	5	5	12	4.8
id-09926	1	2	7	5.0
id-09927	2	3	12	4.4
id-09928	7	9	16	3.5
id-09929	3	5	12	3.3
id-09930	7	5	15	4.6
id-09931	5	9	12	4.4
id-09932	9	4	14	3.7
id-09933	8	2	29	4.0
id-09934	6	9	14	3.3
id-09935	10	6	2	3.0
id-09936	10	2	5	4.4
id-09937	8	8	24	4.0
id-09938	10	15	22	3.5
id-09939	7	14	28	4.7
id-09940	5	9	25	4.2
id-09941	9	12	1	4.3
id-09942	7	5	11	4.5
id-09943	1	2	16	3.1
id-09944	9	4	25	3.2
id-09945	9	13	23	3.9
id-09946	7	8	19	4.3
id-09947	9	4	22	3.1
id-09948	2	4	15	4.7
id-09949	7	2	5	3.0
id-09950	1	2	24	4.1
id-09951	9	14	11	3.6
id-09952	4	7	3	4.3
id-09953	7	2	6	4.6
id-09954	2	3	6	4.2
id-09955	8	15	8	4.6
id-09956	4	6	19	3.4
id-09957	1	2	29	4.6
id-09958	5	3	21	4.1
id-09959	4	4	27	4.7
id-09960	9	5	7	3.9
id-09961	8	8	16	3.2
id-09962	8	5	18	4.6
id-09963	4	6	21	3.5
id-09964	2	2	1	3.3
id-09965	2	4	4	4.5
id-09966	9	3	5	4.8
id-09967	2	2	24	4.0
id-09968	1	2	13	3.7
id-09969	4	7	16	4.4
id-09970	8	5	22	4.8
id-09971	7	13	17	4.1
id-09972	7	10	18	4.4
id-09973	9	7	1	4.9
id-09974	8	10	19	4.6
id-09975	5	2	3	3.9
id-09976	7	11	7	4.9
id-09977	1	2	24	4.9
id-09978	5	5	20	3.7
id-09979	2	2	27	3.2
id-09980	1	2	13	4.3
id-09981	7	12	23	3.7
id-09982	7	5	24	4.6
id-09983	10	2	5	4.5
id-09984	1	2	10	3.5
id-09985	2	3	13	4.8
id-09986	1	2	22	4.6
id-09987	10	18	7	3.7
id-09988	8	14	7	3.7
id-09989	5	10	10	4.2
id-09990	9	4	30	3.7
id-09991	4	8	14	3.7
id-09992	1	2	13	4.4
id-09993	7	14	14	4.4
id-09994	4	2	12	3.2
id-09995	10	18	19	3.5
id-09996	7	14	22	4.4
id-09997	5	9	19	4.6
id-09998	10	9	4	4.6
id-09999	3	3	13	3.1
id-10000	6	12	12	4.7
id-10001	6	4	15	4.3
id-10002	6	3	14	3.4
id-10003	9	3	29	4.0
id-10004	2	2	18	4.3
id-10005	3	5	25	3.4
id-10006	5	7	16	4.7
id-10007	10	11	15	4.0
id-10008	10	13	13	3.1
id-10009	5	3	5	4.8
id-10010	8	16	6	4.8
id-10011	1	2	1	4.9
id-10012	4	5	15	3.2
id-10013	1	2	28	3.9
id-10014	5	3	19	4.4
id-10015	7	12	26	4.9
id-10016	9	18	24	4.2
id-10017	9	10	13	4.7
id-10018	5	2	15	4.1
id-10019	6	11	4	4.2
id-10020	2	4	26	3.4
id-10021	8	10	2	5.0
id-10022	1	2	3	4.4
id-10023	1	2	18	3.7
id-10024	1	2	17	3.1
id-10025	9	3	6	4.7
id-10026	5	7	5	3.5
id-10027	3	5	12	3.1
id-10028	7	2	21	4.9
id-10029	6	10	22	3.5
id-10030	8	5	7	3.7
id-10031	6	9	12	3.1
id-10032	3	5	29	4.2
id-10033	2	2	7	4.6
id-10034	7	14	12	3.1
id-10035	3	6	5	4.2
id-10036	7	4	6	3.4
id-10037	2	3	1	4.8
id-10038	1	2	5	4.4
id-10039	10	20	6	3.2
id-10040	7	11	21	3.2
id-10041	10	12	18	3.2
id-10042	5	5	13	4.7
id-10043	10	14	9	4.2
id-10044	6	4	7	4.7
id-10045	2	3	22	3.3
id-10046	9	5	29	3.5
id-10047	4	2	17	4.3
id-10048	6	11	3	3.0
id-10049	1	2	6	3.6
id-10050	7	9	16	4.5
id-10051	9	12	9	4.4
id-10052	7	9	24	4.2
id-10053	7	10	8	3.8
id-10054	8	14	28	3.3
id-10055	6	8	18	4.7
id-10056	6	2	3	3.7
id-10057	3	4	19	4.9
id-10058	6	5	18	4.2
id-10059	2	3	7	4.6
id-10060	7	2	28	3.1
id-10061	10	13	30	4.4
id-10062	6	2	17	4.8
id-10063	5	8	24	3.6
id-10064	9	10	16	3.5
id-10065	9	11	26	3.5
id-10066	10	7	12	4.4
id-10067	10	16	3	4.2
id-10068	9	18	27	4.1
id-10069	10	13	11	4.1
id-10070	6	9	5	3.7
id-10071	4	6	6	4.3
id-10072	4	6	6	4.8
id-10073	6	10	3	4.1
id-10074	1	2	6	3.2
id-10075	4	4	21	4.3
id-10076	7	13	19	4.6
id-10077	7	10	27	3.4
id-10078	10	6	23	3.6
id-10079	8	2	3	4.1
id-10080	2	3	11	5.0
id-10081	1	2	30	4.7
id-10082	7	12	8	3.4
id-10083	8	8	26	3.4
id-10084	9	11	9	4.7
id-10085	8	15	2	3.8
id-10086	9	9	9	4.2
id-10087	6	4	18	4.3
id-10088	8	10	1	4.8
id-10089	4	4	25	3.3
id-10090	7	4	18	4.2
id-10091	9	16	27	3.2
id-10092	2	4	5	4.5
id-10093	1	2	6	4.2
id-10094	4	2	19	3.8
id-10095	1	2	29	4.9
id-10096	4	7	23	3.1
id-10097	7	8	4	3.0
id-10098	1	2	1	5.0
id-10099	7	8	2	4.9
id-10100	7	7	21	4.9
id-10101	5	10	21	3.5
id-10102	3	3	30	4.2
id-10103	4	6	27	4.6
id-10104	4	3	30	4.0
id-10105	10	10	14	3.9
id-10106	6	9	22	4.7
id-10107	2	2	1	3.7
id-10108	7	3	12	3.8
id-10109	4	5	22	4.6
id-10110	8	8	3	4.5
id-10111	7	6	26	4.7
id-10112	8	15	15	3.6
id-10113	10	19	5	4.1
id-10114	1	2	7	4.6
id-10115	2	2	27	4.0
id-10116	9	15	8	4.5
id-10117	1	2	23	3.5
id-10118	8	2	4	3.7
id-10119	9	7	10	3.2
id-10120	2	2	3	3.8
id-10121	8	16	17	3.2
id-10122	7	14	13	4.0
id-10123	2	3	30	4.0
id-10124	5	2	27	4.7
id-10125	10	15	26	4.6
id-10126	6	9	19	4.6
id-10127	9	15	5	4.0
id-10128	2	3	23	3.7
id-10129	9	9	4	3.3
id-10130	8	16	2	3.5
id-10131	4	7	10	4.8
id-10132	8	3	3	3.6
id-10133	8	15	29	3.2
id-10134	1	2	4	3.6
id-10135	8	4	17	3.6
id-10136	9	12	17	3.4
id-10137	9	2	10	3.6
id-10138	1	2	2	4.6
id-10139	6	12	6	5.0
id-10140	3	2	4	4.1
id-10141	3	6	15	3.3
id-10142	2	3	26	3.9
id-10143	9	18	8	3.3
id-10144	6	8	16	3.6
id-10145	3	2	9	3.3
id-10146	1	2	6	3.7
id-10147	3	6	7	3.5
id-10148	4	5	10	3.8
id-10149	9	3	3	3.6
id-10150	2	2	29	3.8
id-10151	3	6	13	4.7
id-10152	8	9	6	4.2
id-10153	4	7	25	4.8
id-10154	5	9	11	4.7
id-10155	8	14	2	4.9
id-10156	2	4	12	4.2
id-10157	2	2	30	4.6
id-10158	9	6	10	4.1
id-10159	4	4	26	3.8
id-10160	1	2	30	3.9
id-10161	3	4	5	4.6
id-10162	10	10	25	4.5
id-10163	10	11	2	3.8
id-10164	7	11	20	4.0
id-10165	8	8	30	3.6
id-10166	3	5	1	3.9
id-10167	4	3	3	4.1
id-10168	7	8	16	3.1
id-10169	7	5	23	4.4
id-10170	4	7	21	4.5
id-10171	8	8	13	4.2
id-10172	2	3	20	3.4
id-10173	5	8	11	3.9
id-10174	1	2	7	3.7
id-10175	9	14	5	3.4
id-10176	1	2	6	3.4
id-10177	9	3	26	3.5
id-10178	3	3	15	3.5
id-10179	2	3	8	3.1
id-10180	10	5	2	3.6
id-10181	6	12	9	4.0
id-10182	10	16	30	4.8
id-10183	7	5	22	3.4
id-10184	6	5	12	3.9
id-10185	2	3	26	4.4
id-10186	6	8	2	4.7
id-10187	1	2	7	4.8
id-10188	10	17	14	4.5
id-10189	6	9	16	3.9
id-10190	6	5	4	3.8
id-10191	1	2	16	3.2
id-10192	3	4	25	4.3
id-10193	5	6	26	3.5
id-10194	8	9	2	4.3
id-10195	7	14	2	3.8
id-10196	3	5	10	3.7
id-10197	3	2	28	4.1
id-10198	3	5	9	4.4
id-10199	9	5	11	4.4
id-10200	3	6	14	4.2
id-10201	2	2	11	3.4
id-10202	10	17	21	4.3
id-10203	4	5	22	4.7
id-10204	2	4	24	4.7
id-10205	2	2	8	3.9
id-10206	6	10	9	4.6
id-10207	6	9	7	3.7
id-10208	2	3	25	4.1
id-10209	4	5	12	3.4
id-10210	3	3	15	4.5
id-10211	6	12	11	3.3
id-10212	1	2	29	4.5
id-10213	7	6	3	4.8
id-10214	4	6	8	4.7
id-10215	8	2	2	3.8
id-10216	3	4	13	4.7
id-10217	1	2	19	3.2
id-10218	3	4	19	4.7
id-10219	4	5	20	3.5
id-10220	6	8	8	4.3
id-10221	5	8	3	3.7
id-10222	3	3	29	4.3
id-10223	2	4	24	4.4
id-10224	2	2	2	4.5
id-10225	3	4	16	4.4
id-10226	1	2	15	4.5
id-10227	6	2	5	3.8
id-10228	10	4	20	3.7
id-10229	4	8	20	4.3
id-10230	3	4	9	4.5
id-10231	5	2	22	4.4
id-10232	8	4	17	4.3
id-10233	5	5	2	3.1
id-10234	8	2	7	4.8
id-10235	6	7	22	4.7
id-10236	3	4	21	4.9
id-10237	10	13	10	3.1
id-10238	8	4	4	4.8
id-10239	6	2	29	4.3
id-10240	2	2	8	3.6
id-10241	7	9	16	5.0
id-10242	3	5	8	4.2
id-10243	6	9	12	4.1
id-10244	1	2	16	4.7
id-10245	8	9	10	3.8
id-10246	7	6	13	3.9
id-10247	3	2	5	4.3
id-10248	6	3	26	4.0
id-10249	3	4	26	3.5
id-10250	2	3	15	3.2
id-10251	6	8	5	3.8
id-10252	8	5	19	3.8
id-10253	3	3	1	3.7
id-10254	5	2	11	4.5
id-10255	9	16	24	3.8
id-10256	3	6	7	3.4
id-10257	9	8	14	3.6
id-10258	2	3	26	3.2
id-10259	7	9	4	4.5
id-10260	2	4	9	3.7
id-10261	4	6	17	3.4
id-10262	5	3	27	4.0
id-10263	5	7	30	4.3
id-10264	10	17	14	4.7
id-10265	3	6	14	3.3
id-10266	9	11	30	4.1
id-10267	7	10	30	4.3
id-10268	3	5	4	4.7
id-10269	9	14	15	4.8
id-10270	3	2	19	3.7
id-10271	6	5	8	3.9
id-10272	3	6	26	4.4
id-10273	6	7	14	4.9
id-10274	3	6	24	3.7
id-10275	1	2	8	3.9
id-10276	10	7	14	4.2
id-10277	10	14	22	3.7
id-10278	4	2	8	3.7
id-10279	3	5	10	3.4
id-10280	6	10	28	4.9
id-10281	3	4	28	3.1
id-10282	2	2	30	4.4
id-10283	6	8	29	4.4
id-10284	8	9	28	4.9
id-10285	3	4	1	3.9
id-10286	4	8	24	4.8
id-10287	7	7	25	4.3
id-10288	10	17	13	3.1
id-10289	7	14	8	4.3
id-10290	6	9	15	4.1
id-10291	1	2	4	4.9
id-10292	9	10	14	3.9
id-10293	6	12	2	4.4
id-10294	9	9	7	3.9
id-10295	5	8	16	4.3
id-10296	1	2	3	4.2
id-10297	6	9	14	3.0
id-10298	3	5	25	3.3
id-10299	3	5	7	4.1
id-10300	9	9	5	4.0
id-10301	2	2	11	3.2
id-10302	5	10	26	3.4
id-10303	1	2	6	4.0
id-10304	1	2	23	4.6
id-10305	10	8	16	5.0
id-10306	7	12	30	3.1
id-10307	7	2	7	3.9
id-10308	1	2	10	4.9
id-10309	4	2	23	4.4
id-10310	6	12	3	3.0
id-10311	7	9	4	3.4
id-10312	6	6	13	3.9
id-10313	9	15	18	4.0
id-10314	1	2	24	3.5
id-10315	8	12	9	4.9
id-10316	10	11	23	4.9
id-10317	8	10	25	3.1
id-10318	6	9	27	3.4
id-10319	2	2	11	3.3
id-10320	5	2	13	3.1
id-10321	7	14	19	4.4
id-10322	5	8	5	4.3
id-10323	2	2	20	3.6
id-10324	9	18	2	4.7
id-10325	4	7	9	4.0
id-10326	6	11	20	4.0
id-10327	10	10	1	3.4
id-10328	4	5	18	4.9
id-10329	9	4	25	3.6
id-10330	5	4	16	3.8
id-10331	1	2	5	4.8
id-10332	10	6	23	4.7
id-10333	8	15	6	3.3
id-10334	7	9	30	3.5
id-10335	10	12	1	3.2
id-10336	1	2	26	3.8
id-10337	3	3	11	3.2
id-10338	3	2	29	4.6
id-10339	7	10	6	4.1
id-10340	2	4	2	4.2
id-10341	4	3	5	3.8
id-10342	3	6	23	4.9
id-10343	3	2	18	4.9
id-10344	7	9	28	3.6
id-10345	8	5	14	4.7
id-10346	2	2	3	4.3
id-10347	5	6	8	4.9
id-10348	1	2	12	3.5
id-10349	1	2	1	3.3
id-10350	8	11	16	5.0
id-10351	7	8	28	4.1
id-10352	3	6	29	4.1
id-10353	10	5	8	3.1
id-10354	3	3	2	4.4
id-10355	3	2	11	3.4
id-10356	3	6	27	3.6
id-10357	4	6	29	4.0
id-10358	10	13	17	3.6
id-10359	4	6	5	4.9
id-10360	2	3	27	4.0
id-10361	1	2	8	4.8
id-10362	1	2	28	3.3
id-10363	3	2	20	4.1
id-10364	7	8	26	4.5
id-10365	1	2	29	4.4
id-10366	2	2	24	3.6
id-10367	3	4	20	3.8
id-10368	1	2	13	3.6
id-10369	3	6	27	4.2
id-10370	8	16	7	3.3
id-10371	5	9	27	4.1
id-10372	2	2	15	4.7
id-10373	1	2	25	4.9
id-10374	5	5	17	4.6
id-10375	4	5	2	4.4
id-10376	7	11	3	3.6
id-10377	7	10	1	4.7
id-10378	5	3	25	4.0
id-10379	10	6	29	3.5
id-10380	9	14	5	4.8
id-10381	3	3	2	3.3
id-10382	2	2	25	3.3
id-10383	3	2	26	3.7
id-10384	2	4	2	3.2
id-10385	6	6	15	4.7
id-10386	6	8	4	4.6
id-10387	5	7	20	4.0
id-10388	8	16	20	3.4
id-10389	5	6	14	4.6
id-10390	2	4	3	4.7
id-10391	2	4	27	3.2
id-10392	1	2	22	4.1
id-10393	8	6	19	4.3
id-10394	7	9	13	3.4
id-10395	1	2	23	3.1
id-10396	9	8	17	4.7
id-10397	6	2	7	3.6
id-10398	5	7	27	4.4
id-10399	3	5	6	3.5
id-10400	4	8	12	4.1
id-10401	3	4	23	4.0
id-10402	10	20	13	3.2
id-10403	3	3	23	3.0
id-10404	5	5	20	4.6
id-10405	1	2	10	3.7
id-10406	9	8	4	4.8
id-10407	1	2	1	3.4
id-10408	5	7	22	4.2
id-10409	10	8	18	4.9
id-10410	1	2	22	4.3
id-10411	2	2	24	4.4
id-10412	7	12	29	3.4
id-10413	5	3	28	3.3
id-10414	5	6	4	3.2
id-10415	7	12	18	4.6
id-10416	5	2	7	4.3
id-10417	4	6	27	4.1
id-10418	2	4	28	3.4
id-10419	6	11	12	4.4
id-10420	1	2	8	4.4
id-10421	1	2	1	4.7
id-10422	4	7	27	3.5
id-10423	1	2	13	3.9
id-10424	9	15	8	4.5
id-10425	6	9	25	3.3
id-10426	7	4	28	3.3
id-10427	9	4	4	3.1
id-10428	3	6	6	4.9
id-10429	1	2	12	3.1
id-10430	10	8	14	3.5
id-10431	8	11	28	4.0
id-10432	2	2	11	3.1
id-10433	6	7	12	3.9
id-10434	7	5	11	3.3
id-10435	9	3	26	3.8
id-10436	8	5	28	4.5
id-10437	4	8	29	3.1
id-10438	2	2	16	4.0
id-10439	7	4	1	3.8
id-10440	1	2	3	4.6
id-10441	8	5	30	4.5
id-10442	2	3	27	4.1
id-10443	5	10	29	4.7
id-10444	3	4	1	4.1
id-10445	2	4	14	4.6
id-10446	2	2	28	4.5
id-10447	9	7	26	4.5
id-10448	1	2	4	4.3
id-10449	8	16	3	3.0
id-10450	7	11	10	4.4
id-10451	2	3	10	3.9
id-10452	8	9	14	3.6
id-10453	2	3	25	3.6
id-10454	5	4	28	4.3
id-10455	5	6	16	3.0
id-10456	5	7	29	5.0
id-10457	7	13	4	4.2
id-10458	3	3	20	4.1
id-10459	10	2	7	4.0
id-10460	6	8	14	3.3
id-10461	2	3	6	4.2
id-10462	6	10	22	4.5
id-10463	9	10	1	4.7
id-10464	8	14	8	3.3
id-10465	10	18	7	3.6
id-10466	8	14	11	4.8
id-10467	3	4	18	4.3
id-10468	10	12	30	4.2
id-10469	4	3	1	4.2
id-10470	1	2	7	4.4
id-10471	1	2	13	3.0
id-10472	5	10	19	3.1
id-10473	1	2	10	3.7
id-10474	7	6	8	4.4
id-10475	3	3	12	3.1
id-10476	1	2	20	4.5
id-10477	10	2	15	4.0
id-10478	10	7	4	3.3
id-10479	6	3	24	4.2
id-10480	4	2	18	3.6
id-10481	6	10	7	3.8
id-10482	4	3	9	4.7
id-10483	3	2	29	3.1
id-10484	7	3	25	5.0
id-10485	7	9	22	5.0
id-10486	5	10	1	3.7
id-10487	9	3	12	4.2
id-10488	6	6	12	3.7
id-10489	8	12	19	4.6
id-10490	9	2	24	5.0
id-10491	6	5	8	3.5
id-10492	4	2	1	4.8
id-10493	10	7	2	3.1
id-10494	6	12	12	4.5
id-10495	1	2	18	3.7
id-10496	3	5	17	3.4
id-10497	9	12	14	4.8
id-10498	8	16	12	4.6
id-10499	8	13	14	5.0
id-10500	7	11	25	3.1
id-10501	6	9	29	3.3
id-10502	8	8	23	3.3
id-10503	5	10	13	4.3
id-10504	9	12	26	3.3
id-10505	1	2	20	5.0
id-10506	4	3	21	4.4
id-10507	9	10	2	4.2
id-10508	9	2	21	4.8
id-10509	1	2	4	4.7
id-10510	5	9	20	4.3
id-10511	4	8	11	4.1
id-10512	9	3	2	4.1
id-10513	2	2	19	3.8
id-10514	1	2	24	4.8
id-10515	1	2	10	4.5
id-10516	7	10	9	3.2
id-10517	4	5	29	4.6
id-10518	5	5	18	3.9
id-10519	9	10	18	5.0
id-10520	10	10	22	4.2
id-10521	7	6	18	3.1
id-10522	6	5	17	4.8
id-10523	3	5	25	4.1
id-10524	6	11	3	3.4
id-10525	6	9	26	3.4
id-10526	7	9	22	3.6
id-10527	1	2	16	4.0
id-10528	2	4	8	4.6
id-10529	1	2	30	4.4
id-10530	7	11	4	4.4
id-10531	7	5	12	3.8
id-10532	1	2	6	4.8
id-10533	5	7	13	4.5
id-10534	7	10	29	4.9
id-10535	7	6	1	4.8
id-10536	1	2	30	4.5
id-10537	5	9	22	4.6
id-10538	7	4	1	4.2
id-10539	5	3	19	3.9
id-10540	1	2	19	3.6
id-10541	7	6	28	3.8
id-10542	3	3	10	4.2
id-10543	5	7	9	3.7
id-10544	8	9	25	3.2
id-10545	3	2	19	4.0
id-10546	3	2	29	4.7
id-10547	2	4	16	3.1
id-10548	7	4	14	5.0
id-10549	9	2	1	4.8
id-10550	5	8	26	3.0
id-10551	5	10	10	4.1
id-10552	9	2	19	4.5
id-10553	6	5	19	3.5
id-10554	3	4	18	4.0
id-10555	3	5	26	4.0
id-10556	9	2	21	3.1
id-10557	10	15	4	4.7
id-10558	7	12	15	4.8
id-10559	8	8	16	3.3
id-10560	1	2	20	3.2
id-10561	2	3	9	3.8
id-10562	8	10	21	4.1
id-10563	7	12	7	4.3
id-10564	3	2	29	3.9
id-10565	2	3	21	4.8
id-10566	10	11	22	3.1
id-10567	9	11	2	3.5
id-10568	3	5	4	4.2
id-10569	9	9	1	4.2
id-10570	3	2	13	4.2
id-10571	2	3	7	4.4
id-10572	4	5	15	3.7
id-10573	6	10	18	4.3
id-10574	6	8	7	3.6
id-10575	7	8	1	4.6
id-10576	4	7	5	3.9
id-10577	3	3	15	3.8
id-10578	2	4	30	3.7
id-10579	4	4	1	3.2
id-10580	2	3	9	3.2
id-10581	4	2	29	3.1
id-10582	10	5	25	3.1
id-10583	2	2	28	5.0
id-10584	8	3	4	4.7
id-10585	3	6	30	3.2
id-10586	2	3	26	4.1
id-10587	4	8	24	4.7
id-10588	3	2	7	4.4
id-10589	10	13	8	3.5
id-10590	6	7	22	3.4
id-10591	9	16	13	4.1
id-10592	9	14	1	4.6
id-10593	2	2	4	4.8
id-10594	2	3	16	4.3
id-10595	9	9	1	4.2
id-10596	9	10	16	4.8
id-10597	5	4	20	3.9
id-10598	6	6	18	3.3
id-10599	8	13	5	3.9
id-10600	2	2	23	3.4
id-10601	7	11	28	4.2
id-10602	3	5	13	3.6
id-10603	8	7	27	3.1
id-10604	4	8	22	3.2
id-10605	3	5	23	4.9
id-10606	1	2	23	3.2
id-10607	4	4	27	4.9
id-10608	2	4	24	3.7
id-10609	10	3	18	3.1
id-10610	3	3	29	4.8
id-10611	5	10	30	4.4
id-10612	6	3	30	3.5
id-10613	9	10	19	3.7
id-10614	7	14	8	4.6
id-10615	4	8	15	4.2
id-10616	8	15	24	4.9
id-10617	1	2	15	4.1
id-10618	8	5	29	3.2
id-10619	4	6	5	4.6
id-10620	2	4	11	3.6
id-10621	10	7	21	4.1
id-10622	5	2	26	3.6
id-10623	9	7	3	4.3
id-10624	4	3	5	4.9
id-10625	2	4	9	3.2
id-10626	7	14	27	3.6
id-10627	3	3	22	4.2
id-10628	8	7	8	3.7
id-10629	1	2	24	3.5
id-10630	9	6	27	3.1
id-10631	6	5	9	3.6
id-10632	9	10	1	4.5
id-10633	7	13	20	4.2
id-10634	2	4	22	3.3
id-10635	4	2	21	4.0
id-10636	5	8	5	3.3
id-10637	4	5	18	3.5
id-10638	6	11	9	4.2
id-10639	9	5	27	4.3
id-10640	10	16	6	3.8
id-10641	10	16	3	3.9
id-10642	2	3	21	5.0
id-10643	10	20	8	5.0
id-10644	2	2	28	3.8
id-10645	4	2	17	4.1
id-10646	1	2	8	4.3
id-10647	2	2	1	4.3
id-10648	7	4	5	5.0
id-10649	5	3	25	4.5
id-10650	5	3	26	3.5
id-10651	9	8	16	4.7
id-10652	5	5	4	4.2
id-10653	3	3	13	4.2
id-10654	3	2	14	3.2
id-10655	3	4	8	4.7
id-10656	9	3	29	4.3
id-10657	2	4	19	4.9
id-10658	6	6	3	3.4
id-10659	5	5	6	4.7
id-10660	7	7	11	3.8
id-10661	7	9	12	5.0
id-10662	4	6	14	4.9
id-10663	6	10	25	3.0
id-10664	6	8	4	3.8
id-10665	5	5	12	3.4
id-10666	9	18	21	4.3
id-10667	3	6	18	4.6
id-10668	6	4	20	3.6
id-10669	5	5	3	3.9
id-10670	6	2	15	4.1
id-10671	1	2	23	4.6
id-10672	4	4	10	3.9
id-10673	9	10	7	3.5
id-10674	4	6	2	3.3
id-10675	2	4	23	3.4
id-10676	3	3	26	3.4
id-10677	5	7	12	3.7
id-10678	3	5	7	3.2
id-10679	10	9	21	3.7
id-10680	3	2	21	3.5
id-10681	8	5	22	4.6
id-10682	10	17	6	4.3
id-10683	6	6	20	4.2
id-10684	3	6	7	4.8
id-10685	5	7	19	5.0
id-10686	1	2	11	3.0
id-10687	5	6	21	4.5
id-10688	5	6	22	4.7
id-10689	8	15	26	4.1
id-10690	1	2	29	3.9
id-10691	2	2	26	4.3
id-10692	1	2	11	3.3
id-10693	5	4	19	4.7
id-10694	3	4	24	4.3
id-10695	7	7	1	4.3
id-10696	2	2	13	4.4
id-10697	6	5	13	4.1
id-10698	4	7	28	3.4
id-10699	7	13	5	4.2
id-10700	6	6	19	4.3
id-10701	5	3	21	4.8
id-10702	5	5	28	3.5
id-10703	6	2	14	3.8
id-10704	4	4	20	4.6
id-10705	8	11	12	4.7
id-10706	10	16	11	4.3
id-10707	1	2	10	3.4
id-10708	7	6	25	3.9
id-10709	5	8	26	4.3
id-10710	9	14	27	4.0
id-10711	8	15	30	3.9
id-10712	1	2	6	3.9
id-10713	2	2	18	3.6
id-10714	2	2	19	4.4
id-10715	7	11	14	3.4
id-10716	2	4	25	4.8
id-10717	7	5	11	4.9
id-10718	9	9	2	3.8
id-10719	9	6	4	3.5
id-10720	8	9	17	4.6
id-10721	10	2	3	4.5
id-10722	6	7	26	4.4
id-10723	9	8	20	4.7
id-10724	8	15	3	4.3
id-10725	2	2	9	4.2
id-10726	6	12	3	4.5
id-10727	8	3	15	3.4
id-10728	6	5	2	3.3
id-10729	1	2	11	4.7
id-10730	1	2	16	4.7
id-10731	5	2	14	4.5
id-10732	8	5	13	3.4
id-10733	5	8	29	3.5
id-10734	1	2	4	5.0
id-10735	9	12	17	3.9
id-10736	5	7	23	4.8
id-10737	6	8	2	4.4
id-10738	10	8	19	4.6
id-10739	5	3	10	3.4
id-10740	7	11	3	3.3
id-10741	9	8	24	4.4
id-10742	10	12	30	3.9
id-10743	7	5	15	4.2
id-10744	2	3	12	3.2
id-10745	2	3	16	3.8
id-10746	3	4	24	4.5
id-10747	2	4	3	4.2
id-10748	6	2	13	3.5
id-10749	9	3	21	4.0
id-10750	6	5	2	4.0
id-10751	8	7	7	4.7
id-10752	4	6	15	4.2
id-10753	7	11	2	3.6
id-10754	3	4	30	4.2
id-10755	1	2	2	5.0
id-10756	3	5	14	5.0
id-10757	8	4	23	4.0
id-10758	9	18	4	4.6
id-10759	2	3	14	4.5
id-10760	4	5	16	4.3
id-10761	3	5	25	3.7
id-10762	5	5	22	3.2
id-10763	8	6	7	4.0
id-10764	5	5	15	3.7
id-10765	6	2	22	3.9
id-10766	8	13	2	3.2
id-10767	5	5	20	3.7
id-10768	9	12	16	4.9
id-10769	3	5	8	4.1
id-10770	10	11	18	3.3
id-10771	5	3	5	3.9
id-10772	9	10	16	4.1
id-10773	5	3	24	4.1
id-10774	5	2	8	4.1
id-10775	3	6	19	4.8
id-10776	6	2	14	4.4
id-10777	5	10	14	3.4
id-10778	2	4	3	4.2
id-10779	5	10	27	5.0
id-10780	2	4	5	5.0
id-10781	4	6	30	3.6
id-10782	1	2	22	4.7
id-10783	10	9	28	3.4
id-10784	6	3	8	4.4
id-10785	10	7	1	3.9
id-10786	1	2	27	3.9
id-10787	7	6	11	3.0
id-10788	10	6	4	3.1
id-10789	3	5	11	4.1
id-10790	9	11	20	4.3
id-10791	7	12	9	4.6
id-10792	9	17	30	3.1
id-10793	9	7	13	5.0
id-10794	10	20	4	4.2
id-10795	8	12	2	4.9
id-10796	2	3	5	4.7
id-10797	6	9	17	3.6
id-10798	5	9	22	4.1
id-10799	3	6	15	4.9
id-10800	3	3	14	3.9
id-10801	1	2	27	4.1
id-10802	3	5	15	4.5
id-10803	7	12	4	3.6
id-10804	4	3	13	4.4
id-10805	9	13	5	3.1
id-10806	7	14	10	3.6
id-10807	1	2	1	3.8
id-10808	5	4	3	4.3
id-10809	2	4	28	4.4
id-10810	8	15	15	4.4
id-10811	7	7	27	4.6
id-10812	6	2	30	3.0
id-10813	6	4	21	3.6
id-10814	2	2	16	3.9
id-10815	4	8	18	4.5
id-10816	5	7	23	3.4
id-10817	3	2	19	3.9
id-10818	1	2	25	3.3
id-10819	4	3	11	4.9
id-10820	6	6	23	4.8
id-10821	4	5	1	3.3
id-10822	9	18	25	3.4
id-10823	9	13	6	3.9
id-10824	8	16	5	3.9
id-10825	4	4	12	3.1
id-10826	3	6	21	3.3
id-10827	7	4	17	4.5
id-10828	7	5	24	3.9
id-10829	5	3	8	4.2
id-10830	10	7	28	4.6
id-10831	2	2	4	3.8
id-10832	3	4	13	3.8
id-10833	4	6	1	4.2
id-10834	1	2	17	4.9
id-10835	10	3	18	4.0
id-10836	7	12	7	3.0
id-10837	9	4	18	4.6
id-10838	3	5	8	4.5
id-10839	10	20	29	3.5
id-10840	10	16	24	3.7
id-10841	4	6	2	3.6
id-10842	7	8	10	4.8
id-10843	10	12	26	4.4
id-10844	4	3	26	4.1
id-10845	8	15	10	3.2
id-10846	9	16	19	3.7
id-10847	1	2	11	3.6
id-10848	3	2	2	3.4
id-10849	5	7	28	3.3
id-10850	6	10	14	3.3
id-10851	7	8	25	4.0
id-10852	1	2	19	3.2
id-10853	2	3	15	3.1
id-10854	3	5	5	3.5
id-10855	6	7	4	4.5
id-10856	7	2	2	4.7
id-10857	10	17	21	3.8
id-10858	4	5	4	4.3
id-10859	3	2	6	3.2
id-10860	1	2	14	3.7
id-10861	7	10	7	3.9
id-10862	7	5	24	3.1
id-10863	8	15	9	3.6
id-10864	1	2	18	4.4
id-10865	5	10	24	4.3
id-10866	10	2	8	4.3
id-10867	8	8	11	3.5
id-10868	8	14	26	4.0
id-10869	3	6	18	3.7
id-10870	1	2	8	3.1
id-10871	2	4	11	4.8
id-10872	3	5	30	3.1
id-10873	8	7	9	3.4
id-10874	1	2	23	3.7
id-10875	2	3	16	3.9
id-10876	2	2	25	3.4
id-10877	6	6	25	3.1
id-10878	2	4	1	4.1
id-10879	6	3	10	3.7
id-10880	10	19	25	3.9
id-10881	10	9	10	3.9
id-10882	1	2	22	4.7
id-10883	1	2	9	3.2
id-10884	3	5	11	4.7
id-10885	5	4	6	3.3
id-10886	1	2	17	4.5
id-10887	2	2	14	3.7
id-10888	7	9	30	5.0
id-10889	7	4	21	4.5
id-10890	8	15	16	4.4
id-10891	2	2	30	3.3
id-10892	9	15	23	3.2
id-10893	1	2	3	3.5
id-10894	1	2	14	4.9
id-10895	7	3	5	3.9
id-10896	9	6	17	3.7
id-10897	2	3	13	4.4
id-10898	8	16	9	4.3
id-10899	8	3	27	4.2
id-10900	4	5	29	4.7
id-10901	1	2	18	3.9
id-10902	7	6	5	4.2
id-10903	7	12	1	4.3
id-10904	5	7	15	4.7
id-10905	10	10	5	3.7
id-10906	5	7	11	3.7
id-10907	3	4	23	3.0
id-10908	8	6	8	4.3
id-10909	3	6	21	3.5
id-10910	6	11	23	3.0
id-10911	8	15	7	3.4
id-10912	6	8	15	4.5
id-10913	10	6	11	4.2
id-10914	10	16	22	4.1
id-10915	7	13	6	4.4
id-10916	10	17	19	4.5
id-10917	2	3	25	4.6
id-10918	2	2	26	3.1
id-10919	9	11	25	4.1
id-10920	7	4	1	3.7
id-10921	10	3	25	3.9
id-10922	10	2	26	4.6
id-10923	7	13	1	4.2
id-10924	7	12	24	4.8
id-10925	10	17	23	4.3
id-10926	10	19	3	3.8
id-10927	7	5	1	3.8
id-10928	7	8	23	3.7
id-10929	10	8	17	3.5
id-10930	1	2	30	3.8
id-10931	6	2	7	3.8
id-10932	9	13	19	3.7
id-10933	10	9	23	4.0
id-10934	10	15	2	3.5
id-10935	2	2	26	4.1
id-10936	1	2	15	3.1
id-10937	2	4	22	4.8
id-10938	5	4	12	4.9
id-10939	9	14	9	3.5
id-10940	1	2	23	3.3
id-10941	6	12	1	4.6
id-10942	6	4	1	4.7
id-10943	9	11	30	3.9
id-10944	9	3	29	3.1
id-10945	2	3	7	3.8
id-10946	4	4	4	4.7
id-10947	7	4	1	4.8
id-10948	8	3	10	4.4
id-10949	1	2	30	4.1
id-10950	2	2	12	5.0
id-10951	10	14	14	4.8
id-10952	4	8	1	4.8
id-10953	4	6	22	4.1
id-10954	10	20	16	4.2
id-10955	2	3	5	3.7
id-10956	2	4	25	3.2
id-10957	5	4	3	4.0
id-10958	9	14	16	4.8
id-10959	9	3	24	4.8
id-10960	5	4	24	3.4
id-10961	5	9	16	4.0
id-10962	7	12	24	4.6
id-10963	7	2	12	3.5
id-10964	5	2	28	3.4
id-10965	7	10	17	3.3
id-10966	1	2	3	3.9
id-10967	1	2	9	4.9
id-10968	10	6	20	3.5
id-10969	1	2	16	4.2
id-10970	1	2	16	4.7
id-10971	7	8	3	3.1
id-10972	8	7	23	4.1
id-10973	2	3	4	4.4
id-10974	7	12	7	3.3
id-10975	1	2	25	4.8
id-10976	10	3	15	3.7
id-10977	6	2	12	5.0
id-10978	3	6	27	4.9
id-10979	4	5	27	4.2
id-10980	2	2	25	4.3
id-10981	8	6	6	3.4
id-10982	1	2	18	4.0
id-10983	9	15	13	3.4
id-10984	5	2	10	3.7
id-10985	2	2	11	3.7
id-10986	7	14	13	4.5
id-10987	4	6	29	4.4
id-10988	4	3	18	4.9
id-10989	3	6	30	3.3
id-10990	6	4	5	4.5
id-10991	1	2	18	3.6
id-10992	3	5	4	3.4
id-10993	9	8	19	3.4
id-10994	2	4	8	4.7
id-10995	1	2	25	4.4
id-10996	5	6	30	3.8
id-10997	10	5	15	3.1
id-10998	1	2	27	3.3
id-10999	1	2	19	3.2
id-11000	8	7	25	3.2
id-11001	9	18	21	4.4
id-11002	3	2	30	4.7
id-11003	8	9	8	3.9
id-11004	1	2	30	4.6
id-11005	3	5	28	3.1
id-11006	2	4	29	3.4
id-11007	8	13	7	4.3
id-11008	4	6	19	4.2
id-11009	6	8	25	4.1
id-11010	9	11	11	4.5
id-11011	1	2	28	3.8
id-11012	9	13	25	4.7
id-11013	4	8	7	3.5
id-11014	7	3	16	3.2
id-11015	4	4	15	3.3
id-11016	7	13	26	3.9
id-11017	10	11	3	3.7
id-11018	3	2	5	3.3
id-11019	2	3	22	3.8
id-11020	6	12	2	3.0
id-11021	3	3	20	4.1
id-11022	2	3	12	3.3
id-11023	4	8	28	3.5
id-11024	2	3	17	5.0
id-11025	1	2	27	4.2
id-11026	8	4	11	4.6
id-11027	10	20	30	3.2
id-11028	1	2	1	3.3
id-11029	9	16	2	3.8
id-11030	6	5	18	4.9
id-11031	5	5	5	3.7
id-11032	8	10	4	3.9
id-11033	4	5	28	3.7
id-11034	7	10	29	3.3
id-11035	10	4	29	4.5
id-11036	6	10	14	3.4
id-11037	3	5	5	3.7
id-11038	9	5	20	3.4
id-11039	6	12	28	4.9
id-11040	4	5	30	4.3
id-11041	9	18	15	3.1
id-11042	3	4	12	4.9
id-11043	5	3	3	3.2
id-11044	7	10	21	4.3
id-11045	9	10	24	5.0
id-11046	10	11	4	3.9
id-11047	9	12	3	4.2
id-11048	5	10	5	3.4
id-11049	6	2	15	4.0
id-11050	5	6	15	3.5
id-11051	6	2	3	3.3
id-11052	4	6	12	5.0
id-11053	7	13	14	3.8
id-11054	3	2	30	4.9
id-11055	5	7	16	4.7
id-11056	4	2	24	3.1
id-11057	1	2	1	3.8
id-11058	6	5	18	4.2
id-11059	10	9	25	3.8
id-11060	7	9	20	3.0
id-11061	3	3	24	3.1
id-11062	1	2	20	5.0
id-11063	6	7	29	4.3
id-11064	5	5	29	3.6
id-11065	5	6	18	4.2
id-11066	1	2	22	4.5
id-11067	8	14	17	4.5
id-11068	2	2	26	3.5
id-11069	3	3	12	3.1
id-11070	7	3	24	4.7
id-11071	7	12	14	3.7
id-11072	7	4	25	3.3
id-11073	7	10	14	4.9
id-11074	5	3	5	4.7
id-11075	6	3	24	4.1
id-11076	2	3	11	4.7
id-11077	10	11	17	3.5
id-11078	9	5	15	4.0
id-11079	8	10	15	3.4
id-11080	4	4	14	3.4
id-11081	10	15	1	3.4
id-11082	10	12	23	3.2
id-11083	1	2	7	3.9
id-11084	2	4	23	5.0
id-11085	3	6	19	3.4
id-11086	2	2	4	4.9
id-11087	7	3	29	3.6
id-11088	4	4	11	3.9
id-11089	4	5	23	3.1
id-11090	2	4	8	4.0
id-11091	2	2	25	3.2
id-11092	10	11	16	4.2
id-11093	2	4	11	4.6
id-11094	3	3	9	4.3
id-11095	6	2	6	4.9
id-11096	7	13	9	4.5
id-11097	5	4	19	3.8
id-11098	2	2	2	4.1
id-11099	4	2	29	3.2
id-11100	3	3	13	4.3
id-11101	3	2	27	3.1
id-11102	9	2	10	3.1
id-11103	10	10	7	4.3
id-11104	9	18	6	3.2
id-11105	5	8	21	4.3
id-11106	3	4	2	3.5
id-11107	10	18	26	3.9
id-11108	8	15	19	3.6
id-11109	10	17	9	3.7
id-11110	6	12	17	4.0
id-11111	1	2	10	3.8
id-11112	4	7	26	3.7
id-11113	8	2	25	3.7
id-11114	8	9	25	4.5
id-11115	6	8	24	4.9
id-11116	4	3	13	4.6
id-11117	4	4	27	4.1
id-11118	3	6	10	3.3
id-11119	8	12	12	3.2
id-11120	7	2	28	4.9
id-11121	6	6	20	4.4
id-11122	10	13	3	3.8
id-11123	9	11	1	3.1
id-11124	8	10	19	4.2
id-11125	8	14	16	3.9
id-11126	10	16	26	3.8
id-11127	5	10	10	4.4
id-11128	10	2	20	4.1
id-11129	7	14	1	4.3
id-11130	3	6	28	4.3
id-11131	9	3	18	4.6
id-11132	7	6	14	3.6
id-11133	1	2	11	4.0
id-11134	1	2	29	4.4
id-11135	10	8	13	4.3
id-11136	3	5	4	5.0
id-11137	2	2	11	3.0
id-11138	8	4	18	3.7
id-11139	2	4	19	4.4
id-11140	1	2	10	4.8
id-11141	7	6	2	3.8
id-11142	3	6	12	4.2
id-11143	10	9	15	4.5
id-11144	8	15	25	4.1
id-11145	4	3	30	4.9
id-11146	6	2	12	3.2
id-11147	5	10	5	3.4
id-11148	3	3	14	3.1
id-11149	4	6	12	3.5
id-11150	2	2	29	3.6
id-11151	6	6	28	3.4
id-11152	5	9	10	4.6
id-11153	8	15	20	3.8
id-11154	5	6	1	4.7
id-11155	4	3	22	5.0
id-11156	4	5	28	5.0
id-11157	4	8	15	4.5
id-11158	4	5	1	4.9
id-11159	5	2	7	3.1
id-11160	6	10	15	3.3
id-11161	7	12	25	4.5
id-11162	6	9	18	4.0
id-11163	6	9	21	4.0
id-11164	2	4	23	4.1
id-11165	4	5	22	3.8
id-11166	10	17	15	3.5
id-11167	7	4	4	3.7
id-11168	8	11	17	3.8
id-11169	1	2	14	4.4
id-11170	1	2	11	3.8
id-11171	3	6	23	4.8
id-11172	10	7	23	4.8
id-11173	6	11	27	4.7
id-11174	8	11	5	4.1
id-11175	5	7	6	3.2
id-11176	8	9	15	4.2
id-11177	6	3	6	3.6
id-11178	8	7	30	4.2
id-11179	10	12	8	3.5
id-11180	4	5	28	4.3
id-11181	2	2	26	4.5
id-11182	3	3	14	4.7
id-11183	9	12	19	4.1
id-11184	8	12	10	4.8
id-11185	7	2	25	4.7
id-11186	4	2	22	3.7
id-11187	1	2	23	3.0
id-11188	10	8	1	4.8
id-11189	5	2	22	4.6
id-11190	4	7	17	4.1
id-11191	6	9	12	4.8
id-11192	10	14	15	3.9
id-11193	9	6	19	3.4
id-11194	9	2	13	3.1
id-11195	1	2	23	3.9
id-11196	10	15	2	4.1
id-11197	3	3	23	3.1
id-11198	5	6	7	3.6
id-11199	5	7	1	4.6
id-11200	3	5	7	4.6
id-11201	5	2	29	4.3
id-11202	3	5	2	4.4
id-11203	3	5	26	3.6
id-11204	2	2	8	4.7
id-11205	6	8	16	5.0
id-11206	3	2	9	4.4
id-11207	10	7	6	3.1
id-11208	8	16	13	3.9
id-11209	4	5	5	4.6
id-11210	7	12	10	4.7
id-11211	7	7	25	3.7
id-11212	9	8	12	3.2
id-11213	6	3	7	3.9
id-11214	3	5	8	3.7
id-11215	7	7	2	3.2
id-11216	9	13	3	4.0
id-11217	1	2	4	4.2
id-11218	4	8	25	3.9
id-11219	9	18	3	4.8
id-11220	3	2	14	3.1
id-11221	2	2	24	4.3
id-11222	10	8	13	4.1
id-11223	2	3	16	3.9
id-11224	2	2	15	3.5
id-11225	1	2	30	4.0
id-11226	10	3	9	3.3
id-11227	6	8	12	4.9
id-11228	10	8	10	4.3
id-11229	1	2	11	3.8
id-11230	5	5	4	4.2
id-11231	4	3	15	4.9
id-11232	5	7	29	4.0
id-11233	2	3	5	3.7
id-11234	6	10	20	3.5
id-11235	8	6	4	4.8
id-11236	2	2	5	3.7
id-11237	5	7	15	3.9
id-11238	1	2	26	4.8
id-11239	6	4	2	4.2
id-11240	4	8	12	3.4
id-11241	4	7	24	4.2
id-11242	4	7	27	3.2
id-11243	1	2	22	4.6
id-11244	5	10	28	4.4
id-11245	1	2	13	4.7
id-11246	6	12	23	4.0
id-11247	6	9	11	3.7
id-11248	7	11	19	3.5
id-11249	6	3	8	4.1
id-11250	8	8	3	4.1
id-11251	2	3	1	3.2
id-11252	5	9	11	3.2
id-11253	6	7	13	3.5
id-11254	1	2	10	4.0
id-11255	10	17	15	3.3
id-11256	2	2	15	4.0
id-11257	5	6	30	4.6
id-11258	8	7	14	3.5
id-11259	1	2	29	3.2
id-11260	9	13	15	3.2
id-11261	6	12	11	3.9
id-11262	3	4	6	4.9
id-11263	3	6	28	4.4
id-11264	3	3	22	4.5
id-11265	3	4	8	3.9
id-11266	7	8	3	3.8
id-11267	5	2	7	3.9
id-11268	1	2	21	3.7
id-11269	2	2	12	4.2
id-11270	9	2	5	3.3
id-11271	1	2	12	4.0
id-11272	5	5	15	4.4
id-11273	3	2	21	3.1
id-11274	7	3	6	3.4
id-11275	1	2	20	3.9
id-11276	7	5	7	4.8
id-11277	4	4	12	4.6
id-11278	2	4	30	4.1
id-11279	1	2	19	4.4
id-11280	7	5	8	3.3
id-11281	4	6	7	3.4
id-11282	3	4	11	4.0
id-11283	6	10	7	3.9
id-11284	8	10	24	3.3
id-11285	6	9	4	4.0
id-11286	6	8	10	3.6
id-11287	9	11	23	4.0
id-11288	4	3	10	3.9
id-11289	10	7	22	4.4
id-11290	4	5	9	4.0
id-11291	5	4	15	3.0
id-11292	7	14	29	3.6
id-11293	10	16	8	4.9
id-11294	10	15	30	4.0
id-11295	8	3	22	4.5
id-11296	5	6	18	3.8
id-11297	9	7	15	4.7
id-11298	6	10	3	3.4
id-11299	1	2	20	3.4
id-11300	2	3	9	3.1
id-11301	4	7	10	4.3
id-11302	9	12	29	4.0
id-11303	6	3	15	3.4
id-11304	9	18	20	4.5
id-11305	6	2	2	4.1
id-11306	9	13	26	4.5
id-11307	4	4	24	4.4
id-11308	1	2	23	3.4
id-11309	9	7	20	3.9
id-11310	6	8	25	5.0
id-11311	1	2	26	4.5
id-11312	6	4	16	3.6
id-11313	9	10	19	4.1
id-11314	4	8	9	4.5
id-11315	1	2	21	4.7
id-11316	7	13	19	3.2
id-11317	4	8	21	4.2
id-11318	10	20	4	4.6
id-11319	8	7	19	4.8
id-11320	3	6	18	3.6
id-11321	8	8	21	3.9
id-11322	4	2	29	4.0
id-11323	4	2	6	3.8
id-11324	2	4	6	3.5
id-11325	4	8	19	4.9
id-11326	9	2	29	3.5
id-11327	8	9	1	4.4
id-11328	6	11	17	4.8
id-11329	7	6	25	3.6
id-11330	1	2	26	4.2
id-11331	7	12	23	4.4
id-11332	1	2	12	3.6
id-11333	8	13	12	4.6
id-11334	1	2	24	4.8
id-11335	7	2	27	3.2
id-11336	9	13	12	4.8
id-11337	8	9	30	3.4
id-11338	9	2	23	4.4
id-11339	9	10	2	4.2
id-11340	9	6	11	4.6
id-11341	4	5	22	3.9
id-11342	7	8	25	4.9
id-11343	3	2	2	3.8
id-11344	2	4	15	3.8
id-11345	9	2	6	4.1
id-11346	4	6	13	4.7
id-11347	8	13	5	4.0
id-11348	4	8	14	3.2
id-11349	1	2	10	4.1
id-11350	3	2	20	3.8
id-11351	10	10	26	3.6
id-11352	6	9	3	4.9
id-11353	7	5	7	3.3
id-11354	7	14	19	4.3
id-11355	2	2	16	3.4
id-11356	2	3	9	3.9
id-11357	3	2	22	3.2
id-11358	10	5	12	5.0
id-11359	7	12	9	4.9
id-11360	10	10	1	4.3
id-11361	10	16	11	3.8
id-11362	3	5	6	3.6
id-11363	3	4	24	4.3
id-11364	7	11	2	3.7
id-11365	1	2	30	4.8
id-11366	5	8	23	4.6
id-11367	10	16	20	4.9
id-11368	7	14	2	4.2
id-11369	6	7	3	3.2
id-11370	4	5	29	3.6
id-11371	7	5	13	4.8
id-11372	2	3	18	3.2
id-11373	3	6	13	4.3
id-11374	10	17	12	4.2
id-11375	2	4	25	3.7
id-11376	5	6	22	4.0
id-11377	4	6	6	3.9
id-11378	5	5	29	4.4
id-11379	6	3	16	4.2
id-11380	9	14	21	4.7
id-11381	1	2	27	3.5
id-11382	8	2	7	3.7
id-11383	4	8	7	3.9
id-11384	9	15	18	4.7
id-11385	8	7	26	3.6
id-11386	1	2	11	3.4
id-11387	7	11	13	4.2
id-11388	7	14	10	4.0
id-11389	1	2	1	3.0
id-11390	8	13	1	5.0
id-11391	7	10	24	3.9
id-11392	8	15	27	3.4
id-11393	6	10	22	4.7
id-11394	10	6	23	4.6
id-11395	2	2	24	3.3
id-11396	8	14	13	4.2
id-11397	9	5	3	4.0
id-11398	10	15	19	3.3
id-11399	1	2	27	4.6
id-11400	5	7	8	4.9
id-11401	4	5	28	4.5
id-11402	5	10	10	3.7
id-11403	2	2	19	3.4
id-11404	4	2	5	3.5
id-11405	4	5	4	4.3
id-11406	5	4	28	4.0
id-11407	8	7	3	3.1
id-11408	9	9	7	3.3
id-11409	1	2	9	3.8
id-11410	2	3	8	3.8
id-11411	2	4	3	3.9
id-11412	10	12	11	4.3
id-11413	2	3	14	4.1
id-11414	8	3	24	3.5
id-11415	7	11	17	3.8
id-11416	3	5	7	3.9
id-11417	1	2	15	4.7
id-11418	10	7	18	4.4
id-11419	8	9	30	4.1
id-11420	9	12	21	3.5
id-11421	4	2	20	4.4
id-11422	6	2	16	4.1
id-11423	7	6	20	4.9
id-11424	3	6	15	3.8
id-11425	6	11	23	4.1
id-11426	5	9	15	4.4
id-11427	5	8	30	4.9
id-11428	5	4	22	3.1
id-11429	1	2	28	4.6
id-11430	1	2	24	3.7
id-11431	6	4	22	3.4
id-11432	3	5	8	4.2
id-11433	7	9	26	3.6
id-11434	8	6	12	4.5
id-11435	6	4	9	5.0
id-11436	5	10	19	3.7
id-11437	1	2	21	3.2
id-11438	3	6	15	4.0
id-11439	1	2	2	4.9
id-11440	7	3	16	4.7
id-11441	8	15	14	4.8
id-11442	4	3	18	4.9
id-11443	10	17	1	3.7
id-11444	6	6	17	3.9
id-11445	10	3	19	3.6
id-11446	3	6	23	4.5
id-11447	7	3	23	4.0
id-11448	7	14	2	3.2
id-11449	4	8	29	4.6
id-11450	5	7	20	3.7
id-11451	10	15	19	3.2
id-11452	3	2	9	4.8
id-11453	10	17	22	3.9
id-11454	6	6	25	3.9
id-11455	4	2	26	4.2
id-11456	4	2	14	3.0
id-11457	8	9	15	3.6
id-11458	7	3	6	3.2
id-11459	10	5	9	4.0
id-11460	1	2	4	4.4
id-11461	5	8	30	3.5
id-11462	4	6	2	3.7
id-11463	5	4	19	4.1
id-11464	6	9	18	5.0
id-11465	5	9	11	3.0
id-11466	10	2	9	3.2
id-11467	6	2	5	4.5
id-11468	1	2	23	3.6
id-11469	7	4	3	4.3
id-11470	1	2	1	4.9
id-11471	8	10	23	4.3
id-11472	10	7	27	3.4
id-11473	7	6	4	3.2
id-11474	10	4	8	3.9
id-11475	1	2	19	4.4
id-11476	3	3	29	4.1
id-11477	8	16	16	3.1
id-11478	8	7	14	3.4
id-11479	9	4	20	3.5
id-11480	4	5	26	4.0
id-11481	4	2	17	4.5
id-11482	3	3	26	4.8
id-11483	9	16	24	4.7
id-11484	6	8	17	3.1
id-11485	4	4	17	3.4
id-11486	8	2	7	4.0
id-11487	6	6	4	4.9
id-11488	2	4	9	4.3
id-11489	3	4	3	4.9
id-11490	3	2	29	4.4
id-11491	7	9	22	4.3
id-11492	8	10	29	3.9
id-11493	3	6	16	4.3
id-11494	5	6	4	4.7
id-11495	3	3	15	3.3
id-11496	6	8	22	4.8
id-11497	9	12	10	4.5
id-11498	10	7	11	4.7
id-11499	8	6	29	3.6
id-11500	10	13	9	4.5
id-11501	1	2	1	4.8
id-11502	8	13	14	4.7
id-11503	3	4	15	3.1
id-11504	7	3	27	4.2
id-11505	5	8	3	4.9
id-11506	10	5	18	3.5
id-11507	7	7	25	3.5
id-11508	3	5	18	4.8
id-11509	4	4	13	4.8
id-11510	5	3	21	3.6
id-11511	3	6	25	3.5
id-11512	3	6	17	3.8
id-11513	2	4	21	4.5
id-11514	9	9	21	3.4
id-11515	4	2	24	3.6
id-11516	2	3	16	3.7
id-11517	6	6	15	4.2
id-11518	6	5	14	4.6
id-11519	2	3	7	3.8
id-11520	1	2	13	3.7
id-11521	6	2	1	3.9
id-11522	7	4	13	4.6
id-11523	7	11	6	4.6
id-11524	5	6	7	4.8
id-11525	1	2	19	3.0
id-11526	2	2	6	3.2
id-11527	5	5	19	4.1
id-11528	7	12	27	4.0
id-11529	1	2	11	3.8
id-11530	8	6	10	4.1
id-11531	9	13	3	4.1
id-11532	3	4	6	3.4
id-11533	4	5	5	3.0
id-11534	5	9	13	3.7
id-11535	7	10	3	4.7
id-11536	7	13	10	4.9
id-11537	3	5	12	4.1
id-11538	6	7	8	3.3
id-11539	4	2	29	4.7
id-11540	2	3	25	3.8
id-11541	10	10	28	4.6
id-11542	4	7	1	3.4
id-11543	10	19	1	3.9
id-11544	1	2	16	4.1
id-11545	6	8	30	4.4
id-11546	10	6	24	4.0
id-11547	1	2	21	4.4
id-11548	4	3	29	4.8
id-11549	5	6	10	4.5
id-11550	7	2	18	3.2
id-11551	9	13	14	4.1
id-11552	3	2	6	4.3
id-11553	10	17	10	3.8
id-11554	8	16	11	4.8
id-11555	5	3	19	4.5
id-11556	4	2	12	3.9
id-11557	7	4	10	4.3
id-11558	3	3	8	3.6
id-11559	8	3	28	3.9
id-11560	5	2	13	4.9
id-11561	7	7	7	4.7
id-11562	2	4	25	4.3
id-11563	5	10	19	4.3
id-11564	5	8	15	4.7
id-11565	8	15	6	4.2
id-11566	10	10	8	3.5
id-11567	1	2	23	3.8
id-11568	4	7	17	4.7
id-11569	2	3	16	4.2
id-11570	2	4	5	3.6
id-11571	9	6	27	3.3
id-11572	3	5	21	4.3
id-11573	9	11	10	3.3
id-11574	2	4	4	3.5
id-11575	6	6	10	4.7
id-11576	10	10	9	4.7
id-11577	1	2	19	3.7
id-11578	5	5	1	4.8
id-11579	4	4	15	4.4
id-11580	10	6	4	4.3
id-11581	9	15	4	4.5
id-11582	3	5	7	4.0
id-11583	4	5	8	3.5
id-11584	5	3	16	3.1
id-11585	6	12	19	3.9
id-11586	3	6	15	3.8
id-11587	1	2	3	3.4
id-11588	1	2	15	4.8
id-11589	5	9	3	4.3
id-11590	6	3	16	4.6
id-11591	3	5	6	3.1
id-11592	2	4	17	3.0
id-11593	3	4	24	3.9
id-11594	2	4	27	3.7
id-11595	1	2	7	4.4
id-11596	9	13	29	4.5
id-11597	6	3	20	4.0
id-11598	2	4	9	3.4
id-11599	3	5	23	4.5
id-11600	8	4	24	3.3
id-11601	1	2	3	4.5
id-11602	5	5	27	3.0
id-11603	1	2	8	3.4
id-11604	4	5	8	4.8
id-11605	9	10	24	4.1
id-11606	3	2	23	3.1
id-11607	10	14	7	3.8
id-11608	1	2	18	3.7
id-11609	5	8	4	3.4
id-11610	7	6	20	3.4
id-11611	3	3	22	3.1
id-11612	1	2	22	4.5
id-11613	5	4	17	3.6
id-11614	5	7	14	4.7
id-11615	3	5	18	3.8
id-11616	3	5	10	3.0
id-11617	3	3	25	4.3
id-11618	1	2	21	4.8
id-11619	4	3	4	3.4
id-11620	5	7	29	3.3
id-11621	2	3	17	4.4
id-11622	9	8	28	4.8
id-11623	4	2	4	4.8
id-11624	7	6	6	4.1
id-11625	3	4	22	3.4
id-11626	4	5	22	3.2
id-11627	7	4	23	4.3
id-11628	2	4	18	4.0
id-11629	9	11	22	4.7
id-11630	4	2	4	4.2
id-11631	4	7	27	3.1
id-11632	6	5	30	4.8
id-11633	6	4	19	4.2
id-11634	7	4	13	4.2
id-11635	3	4	11	4.7
id-11636	3	4	15	4.1
id-11637	2	3	14	4.7
id-11638	9	18	3	4.7
id-11639	3	4	11	3.8
id-11640	10	16	9	4.9
id-11641	6	2	27	4.3
id-11642	6	12	30	4.9
id-11643	7	8	14	3.0
id-11644	3	6	27	4.6
id-11645	6	6	16	3.4
id-11646	1	2	22	4.3
id-11647	3	3	18	4.0
id-11648	3	6	3	3.7
id-11649	3	4	29	3.8
id-11650	1	2	17	4.8
id-11651	7	3	6	4.0
id-11652	8	4	24	3.9
id-11653	8	15	8	3.1
id-11654	4	3	27	4.0
id-11655	6	5	22	3.1
id-11656	6	6	25	3.7
id-11657	5	8	6	4.6
id-11658	1	2	7	4.4
id-11659	2	2	19	4.2
id-11660	3	4	26	5.0
id-11661	7	2	9	4.9
id-11662	7	3	29	4.5
id-11663	8	13	26	4.8
id-11664	3	4	5	4.3
id-11665	4	6	17	3.6
id-11666	10	14	22	4.6
id-11667	9	2	27	4.3
id-11668	9	7	26	3.4
id-11669	6	8	21	4.9
id-11670	10	7	26	3.3
id-11671	5	9	12	3.5
id-11672	2	4	28	4.6
id-11673	10	9	3	3.2
id-11674	6	3	18	4.8
id-11675	2	3	4	4.7
id-11676	10	19	4	4.0
id-11677	6	7	26	3.4
id-11678	8	5	15	4.7
id-11679	9	7	1	5.0
id-11680	4	6	24	4.6
id-11681	7	10	7	4.6
id-11682	3	2	7	3.8
id-11683	5	5	28	4.0
id-11684	1	2	18	3.1
id-11685	10	5	23	3.9
id-11686	6	10	12	5.0
id-11687	7	8	30	4.9
id-11688	1	2	3	4.6
id-11689	4	5	9	4.3
id-11690	10	14	4	4.2
id-11691	2	4	28	3.8
id-11692	4	2	17	4.4
id-11693	4	5	25	4.6
id-11694	8	16	23	3.7
id-11695	1	2	29	5.0
id-11696	5	5	15	3.3
id-11697	1	2	26	3.4
id-11698	6	2	16	3.2
id-11699	5	3	21	4.6
id-11700	6	4	3	4.8
id-11701	5	7	18	3.4
id-11702	5	8	24	3.9
id-11703	2	4	8	3.9
id-11704	8	7	8	4.5
id-11705	9	8	3	3.3
id-11706	5	3	14	4.1
id-11707	5	2	12	3.6
id-11708	8	13	28	4.3
id-11709	3	5	19	3.7
id-11710	5	8	5	3.4
id-11711	5	8	15	3.3
id-11712	5	9	15	3.3
id-11713	6	11	1	4.8
id-11714	1	2	24	4.5
id-11715	3	5	20	3.9
id-11716	6	10	25	3.1
id-11717	3	2	28	3.1
id-11718	9	9	10	4.4
id-11719	8	5	3	4.8
id-11720	2	3	14	4.2
id-11721	5	7	9	3.6
id-11722	6	7	3	4.3
id-11723	3	4	3	3.6
id-11724	5	3	9	4.4
id-11725	8	4	7	4.5
id-11726	2	2	19	4.4
id-11727	1	2	6	3.2
id-11728	4	4	28	4.3
id-11729	1	2	19	4.2
id-11730	3	6	19	4.6
id-11731	1	2	25	3.1
id-11732	4	3	3	3.0
id-11733	3	6	28	4.5
id-11734	5	6	20	3.3
id-11735	7	11	21	4.3
id-11736	8	5	5	3.1
id-11737	6	4	25	3.0
id-11738	3	3	10	4.1
id-11739	1	2	26	3.0
id-11740	6	5	7	4.4
id-11741	4	6	16	3.3
id-11742	9	6	12	3.6
id-11743	7	3	24	4.9
id-11744	10	16	13	3.1
id-11745	2	2	29	4.9
id-11746	7	2	9	4.5
id-11747	5	3	7	3.2
id-11748	2	2	27	3.5
id-11749	6	3	22	3.3
id-11750	7	12	27	4.6
id-11751	5	10	24	3.2
id-11752	4	6	12	4.4
id-11753	10	19	5	4.1
id-11754	3	6	4	4.4
id-11755	9	8	20	3.5
id-11756	4	8	28	4.5
id-11757	10	2	17	4.1
id-11758	6	2	8	4.2
id-11759	3	2	22	4.3
id-11760	5	9	17	3.3
id-11761	7	7	14	3.3
id-11762	7	10	13	4.2
id-11763	3	4	7	5.0
id-11764	3	6	16	3.1
id-11765	7	14	2	3.1
id-11766	1	2	4	4.2
id-11767	10	9	28	4.1
id-11768	6	7	19	4.4
id-11769	7	8	10	4.3
id-11770	8	5	10	4.4
id-11771	5	6	20	3.5
id-11772	6	9	25	4.7
id-11773	9	9	2	4.6
id-11774	1	2	2	3.0
id-11775	6	5	18	3.5
id-11776	4	5	1	4.6
id-11777	5	6	12	3.1
id-11778	10	9	10	4.5
id-11779	10	3	3	3.1
id-11780	5	4	22	4.3
id-11781	4	7	20	3.9
id-11782	5	9	13	3.7
id-11783	6	12	27	3.2
id-11784	10	19	27	4.3
id-11785	10	19	19	3.4
id-11786	10	11	28	4.2
id-11787	8	13	13	4.6
id-11788	2	2	21	3.1
id-11789	3	4	10	4.9
id-11790	8	8	4	5.0
id-11791	7	12	27	4.1
id-11792	3	5	30	4.1
id-11793	1	2	5	3.5
id-11794	2	3	13	4.7
id-11795	7	3	5	3.5
id-11796	1	2	23	4.1
id-11797	7	13	27	4.3
id-11798	6	11	17	3.4
id-11799	9	3	23	4.8
id-11800	9	11	4	3.7
id-11801	8	2	2	4.7
id-11802	10	7	21	4.6
id-11803	1	2	21	4.4
id-11804	4	6	21	3.6
id-11805	5	3	5	3.2
id-11806	3	5	8	3.5
id-11807	7	4	27	4.1
id-11808	2	2	9	3.6
id-11809	1	2	5	4.4
id-11810	7	5	24	4.6
id-11811	7	14	11	3.1
id-11812	2	3	15	4.5
id-11813	7	8	29	4.5
id-11814	7	13	21	3.5
id-11815	4	2	2	5.0
id-11816	6	8	28	3.7
id-11817	7	3	14	4.2
id-11818	2	2	12	3.8
id-11819	4	4	22	3.3
id-11820	4	4	28	3.2
id-11821	1	2	25	3.0
id-11822	6	4	10	4.8
id-11823	3	6	13	3.9
id-11824	7	4	24	3.2
id-11825	9	13	26	4.2
id-11826	3	5	3	4.4
id-11827	5	8	27	4.5
id-11828	6	9	17	3.9
id-11829	9	8	27	3.2
id-11830	10	6	26	3.1
id-11831	2	4	12	4.7
id-11832	9	13	3	4.7
id-11833	7	2	15	5.0
id-11834	7	13	15	3.5
id-11835	1	2	29	3.7
id-11836	6	4	5	5.0
id-11837	5	2	8	4.2
id-11838	3	5	19	4.5
id-11839	5	5	30	4.5
id-11840	1	2	19	3.8
id-11841	9	6	10	5.0
id-11842	9	12	14	3.5
id-11843	7	3	7	5.0
id-11844	2	3	1	4.9
id-11845	1	2	3	4.2
id-11846	5	4	12	4.6
id-11847	10	6	19	3.3
id-11848	9	5	5	3.8
id-11849	4	6	4	4.7
id-11850	10	14	2	4.0
id-11851	1	2	19	4.6
id-11852	7	5	19	3.1
id-11853	8	14	4	4.9
id-11854	6	3	10	3.1
id-11855	2	3	27	3.1
id-11856	1	2	27	4.5
id-11857	10	10	10	4.0
id-11858	7	7	11	4.2
id-11859	5	3	12	3.7
id-11860	6	6	4	3.7
id-11861	7	7	11	4.8
id-11862	9	3	24	4.3
id-11863	3	3	1	4.9
id-11864	7	3	25	4.4
id-11865	9	12	2	3.6
id-11866	1	2	11	4.9
id-11867	2	4	19	4.1
id-11868	1	2	25	3.4
id-11869	8	16	6	3.5
id-11870	2	4	11	4.6
id-11871	6	4	18	3.0
id-11872	6	2	23	3.7
id-11873	2	3	27	3.5
id-11874	10	10	1	4.0
id-11875	6	11	13	4.7
id-11876	4	2	19	4.7
id-11877	3	6	19	4.7
id-11878	5	9	22	3.9
id-11879	3	3	3	3.5
id-11880	1	2	6	4.5
id-11881	6	9	30	4.2
id-11882	7	10	28	4.5
id-11883	7	13	26	4.9
id-11884	3	2	15	4.3
id-11885	1	2	13	4.9
id-11886	7	6	16	3.6
id-11887	4	6	26	4.8
id-11888	2	4	19	3.2
id-11889	4	8	21	3.4
id-11890	5	10	5	4.2
id-11891	7	13	19	4.8
id-11892	3	3	2	3.5
id-11893	5	7	6	4.7
id-11894	8	9	24	4.7
id-11895	5	9	3	4.7
id-11896	2	2	20	4.5
id-11897	5	4	18	4.1
id-11898	6	4	2	3.8
id-11899	2	3	17	3.5
id-11900	8	15	1	4.9
id-11901	3	2	12	4.8
id-11902	8	2	29	3.8
id-11903	7	9	14	4.7
id-11904	1	2	28	3.8
id-11905	1	2	1	4.7
id-11906	7	8	2	3.8
id-11907	3	6	27	3.4
id-11908	4	5	14	4.8
id-11909	4	7	11	3.0
id-11910	2	4	5	4.1
id-11911	1	2	28	4.3
id-11912	9	5	26	3.3
id-11913	3	6	27	4.1
id-11914	2	4	16	4.9
id-11915	7	7	22	3.0
id-11916	4	4	11	4.8
id-11917	2	3	5	3.5
id-11918	7	11	12	4.4
id-11919	10	4	13	3.7
id-11920	2	3	13	4.9
id-11921	4	3	7	3.5
id-11922	5	3	22	4.8
id-11923	8	5	3	4.5
id-11924	8	14	5	4.8
id-11925	2	3	13	4.7
id-11926	7	5	5	4.4
id-11927	7	12	26	3.4
id-11928	2	4	10	4.5
id-11929	1	2	15	3.5
id-11930	5	10	10	4.0
id-11931	1	2	22	4.6
id-11932	2	3	8	3.1
id-11933	6	8	10	3.7
id-11934	2	2	6	3.5
id-11935	7	10	2	4.2
id-11936	2	4	26	3.1
id-11937	5	3	18	3.3
id-11938	5	2	6	3.6
id-11939	6	12	15	3.8
id-11940	6	12	27	3.1
id-11941	3	2	11	3.1
id-11942	7	7	28	4.4
id-11943	10	14	19	4.0
id-11944	4	6	9	4.1
id-11945	1	2	4	3.4
id-11946	9	7	5	4.7
id-11947	3	5	28	4.6
id-11948	10	18	5	4.6
id-11949	7	9	23	3.8
id-11950	3	3	3	3.6
id-11951	10	13	9	3.6
id-11952	8	8	10	3.6
id-11953	2	4	8	4.3
id-11954	10	20	16	4.0
id-11955	7	14	1	4.6
id-11956	4	7	27	3.2
id-11957	9	18	6	4.4
id-11958	4	3	13	3.6
id-11959	9	15	30	4.5
id-11960	2	4	21	3.0
id-11961	5	2	11	3.6
id-11962	1	2	16	3.3
id-11963	4	4	23	4.9
id-11964	1	2	16	3.7
id-11965	1	2	21	4.8
id-11966	4	3	2	4.9
id-11967	8	12	23	4.0
id-11968	10	2	5	4.8
id-11969	1	2	28	4.3
id-11970	4	3	24	3.5
id-11971	6	8	13	4.8
id-11972	9	9	29	4.8
id-11973	1	2	10	4.9
id-11974	5	6	4	3.7
id-11975	4	6	1	4.3
id-11976	4	8	10	4.4
id-11977	5	6	8	3.4
id-11978	3	2	12	3.3
id-11979	4	7	2	4.7
id-11980	10	5	4	4.6
id-11981	2	2	25	4.9
id-11982	8	6	30	4.6
id-11983	3	6	26	3.4
id-11984	9	10	1	4.5
id-11985	3	2	28	4.9
id-11986	10	16	12	3.9
id-11987	2	3	27	4.8
id-11988	8	16	17	4.3
id-11989	10	5	20	4.6
id-11990	10	4	30	3.0
id-11991	5	8	5	3.1
id-11992	7	9	22	3.9
id-11993	1	2	21	4.3
id-11994	1	2	10	4.3
id-11995	1	2	14	4.8
id-11996	2	4	16	4.5
id-11997	6	7	3	4.0
id-11998	4	2	21	4.6
id-11999	9	11	26	3.6
id-12000	2	3	10	4.3
id-12001	4	7	18	3.0
id-12002	8	12	9	4.9
id-12003	1	2	22	3.4
id-12004	2	3	29	4.4
id-12005	6	11	18	3.9
id-12006	1	2	5	4.7
id-12007	3	6	1	3.4
id-12008	8	15	5	3.9
id-12009	7	14	5	3.2
id-12010	4	4	11	4.6
id-12011	6	3	13	3.9
id-12012	3	5	19	4.9
id-12013	1	2	11	4.8
id-12014	3	2	30	4.7
id-12015	2	3	28	4.8
id-12016	4	7	7	3.2
id-12017	1	2	7	4.1
id-12018	6	4	8	3.1
id-12019	2	2	12	3.6
id-12020	5	2	2	3.0
id-12021	6	5	28	4.8
id-12022	1	2	16	3.8
id-12023	9	18	12	4.3
id-12024	5	7	14	4.0
id-12025	9	5	27	4.2
id-12026	3	3	9	3.9
id-12027	2	3	27	3.7
id-12028	4	3	11	4.7
id-12029	7	9	7	3.9
id-12030	3	3	29	3.2
id-12031	2	2	29	3.3
id-12032	7	12	30	4.5
id-12033	8	9	15	4.4
id-12034	3	2	21	3.6
id-12035	10	14	20	4.5
id-12036	7	7	20	3.0
id-12037	10	13	25	4.8
id-12038	5	2	18	3.1
id-12039	3	5	12	3.3
id-12040	7	5	15	3.8
id-12041	4	3	4	4.5
id-12042	9	17	25	4.2
id-12043	8	9	6	4.5
id-12044	3	5	6	3.6
id-12045	3	3	11	3.3
id-12046	10	10	18	3.0
id-12047	9	15	8	3.5
id-12048	10	4	12	4.5
id-12049	7	6	9	3.6
id-12050	9	12	18	4.2
id-12051	3	5	24	3.1
id-12052	8	6	17	3.2
id-12053	1	2	24	3.1
id-12054	8	2	3	3.8
id-12055	5	8	7	4.7
id-12056	2	3	8	3.1
id-12057	7	14	11	4.0
id-12058	10	15	8	3.1
id-12059	9	16	13	3.3
id-12060	2	2	29	4.2
id-12061	1	2	30	4.9
id-12062	6	4	3	4.5
id-12063	3	5	28	4.5
id-12064	10	8	6	4.7
id-12065	6	12	8	4.5
id-12066	10	14	27	4.0
id-12067	4	6	1	3.3
id-12068	2	4	17	3.8
id-12069	7	2	30	4.7
id-12070	10	20	3	3.5
id-12071	3	3	15	3.5
id-12072	2	2	30	4.6
id-12073	4	6	16	4.1
id-12074	6	7	12	3.1
id-12075	6	9	29	3.9
id-12076	8	7	28	4.7
id-12077	5	2	7	3.7
id-12078	5	6	3	4.2
id-12079	5	10	29	4.0
id-12080	10	9	30	4.3
id-12081	9	8	6	3.6
id-12082	2	4	9	3.3
id-12083	8	8	18	4.4
id-12084	3	3	30	4.9
id-12085	9	10	15	3.5
id-12086	1	2	6	3.3
id-12087	3	2	17	4.2
id-12088	8	10	30	3.8
id-12089	5	9	5	4.4
id-12090	6	4	11	3.4
id-12091	9	4	27	4.2
id-12092	6	5	20	4.7
id-12093	8	6	30	3.1
id-12094	2	4	3	3.2
id-12095	5	5	13	4.3
id-12096	2	2	20	3.0
id-12097	7	4	2	4.2
id-12098	3	2	3	3.6
id-12099	5	6	20	4.0
id-12100	2	2	18	3.2
id-12101	2	3	22	4.6
id-12102	8	11	20	4.8
id-12103	5	2	26	4.2
id-12104	8	9	23	3.6
id-12105	6	8	27	3.5
id-12106	7	5	13	3.8
id-12107	2	3	3	3.9
id-12108	4	3	5	3.2
id-12109	6	12	19	3.1
id-12110	10	4	11	3.3
id-12111	10	9	6	3.4
id-12112	8	3	14	4.8
id-12113	9	18	21	4.1
id-12114	4	6	25	3.5
id-12115	3	5	3	4.5
id-12116	2	3	7	4.9
id-12117	5	8	14	3.6
id-12118	4	5	12	3.7
id-12119	8	6	10	4.1
id-12120	8	16	17	3.5
id-12121	8	9	5	3.7
id-12122	10	20	19	3.3
id-12123	6	12	19	3.3
id-12124	4	6	22	4.3
id-12125	6	4	30	3.3
id-12126	10	16	29	4.7
id-12127	6	11	16	3.3
id-12128	10	16	16	4.8
id-12129	3	3	14	3.2
id-12130	9	11	3	4.5
id-12131	1	2	25	3.7
id-12132	3	5	5	3.4
id-12133	6	8	21	3.9
id-12134	1	2	21	3.5
id-12135	5	3	9	3.4
id-12136	7	11	9	4.1
id-12137	1	2	29	4.8
id-12138	5	4	27	4.5
id-12139	1	2	9	5.0
id-12140	10	9	20	4.3
id-12141	4	3	20	3.9
id-12142	7	4	24	3.8
id-12143	5	8	13	3.5
id-12144	3	4	4	4.5
id-12145	1	2	30	4.6
id-12146	10	2	23	3.2
id-12147	3	3	28	4.8
id-12148	2	3	2	4.8
id-12149	8	2	29	3.7
id-12150	1	2	1	3.8
id-12151	8	9	6	4.4
id-12152	3	3	18	3.7
id-12153	4	7	26	3.3
id-12154	3	5	21	4.2
id-12155	3	3	24	3.6
id-12156	1	2	13	4.9
id-12157	4	5	1	4.1
id-12158	4	5	9	3.6
id-12159	6	6	29	3.2
id-12160	6	10	8	4.8
id-12161	5	6	25	4.8
id-12162	5	5	1	3.7
id-12163	7	12	21	3.9
id-12164	1	2	7	3.9
id-12165	9	15	1	4.8
id-12166	6	9	9	3.3
id-12167	3	3	7	4.0
id-12168	6	10	10	4.5
id-12169	2	3	30	4.2
id-12170	3	3	26	3.6
id-12171	1	2	16	4.3
id-12172	10	13	29	4.5
id-12173	2	3	19	3.4
id-12174	10	5	4	3.4
id-12175	8	5	20	4.3
id-12176	5	7	2	4.1
id-12177	5	4	6	4.0
id-12178	4	5	20	3.7
id-12179	1	2	9	3.7
id-12180	2	2	21	3.5
id-12181	9	4	28	3.3
id-12182	9	6	25	3.9
id-12183	1	2	1	4.3
id-12184	7	9	14	4.2
id-12185	1	2	2	4.8
id-12186	10	9	19	3.8
id-12187	1	2	6	3.9
id-12188	1	2	26	4.8
id-12189	3	5	1	4.8
id-12190	5	3	9	3.6
id-12191	3	5	3	3.6
id-12192	3	3	29	4.3
id-12193	3	2	3	4.3
id-12194	5	2	9	3.6
id-12195	6	2	21	4.7
id-12196	8	11	6	4.4
id-12197	9	10	14	3.7
id-12198	7	12	8	5.0
id-12199	1	2	22	4.4
id-12200	1	2	4	3.3
id-12201	9	18	20	5.0
id-12202	2	2	8	4.7
id-12203	3	5	19	3.6
id-12204	2	2	5	3.5
id-12205	9	15	9	3.7
id-12206	10	6	17	4.7
id-12207	3	2	4	3.6
id-12208	8	2	26	3.2
id-12209	4	8	5	4.5
id-12210	8	2	4	3.1
id-12211	2	4	12	3.8
id-12212	10	7	7	4.6
id-12213	9	5	3	4.6
id-12214	9	10	28	4.6
id-12215	9	12	7	3.3
id-12216	7	14	28	3.7
id-12217	8	11	4	4.8
id-12218	4	2	10	3.9
id-12219	5	3	19	3.7
id-12220	4	8	3	4.0
id-12221	1	2	10	4.5
id-12222	2	3	26	3.0
id-12223	5	8	13	3.3
id-12224	3	2	6	3.8
id-12225	8	3	23	4.5
id-12226	6	11	27	3.8
id-12227	4	7	16	4.8
id-12228	1	2	9	4.8
id-12229	8	3	22	3.8
id-12230	5	6	25	3.3
id-12231	3	4	10	3.8
id-12232	6	7	24	3.6
id-12233	2	2	4	3.9
id-12234	10	15	12	3.5
id-12235	6	7	21	4.0
id-12236	10	18	6	4.5
id-12237	10	18	25	4.2
id-12238	8	12	19	4.8
id-12239	9	11	22	3.0
id-12240	2	2	28	4.1
id-12241	9	5	14	3.0
id-12242	1	2	7	4.0
id-12243	1	2	4	4.3
id-12244	10	17	7	3.5
id-12245	5	7	22	3.3
id-12246	7	9	20	3.8
id-12247	8	3	22	4.6
id-12248	9	8	15	4.4
id-12249	1	2	21	3.0
id-12250	7	11	16	3.2
id-12251	1	2	1	3.1
id-12252	10	9	20	3.3
id-12253	1	2	13	4.9
id-12254	9	6	7	3.1
id-12255	9	5	14	3.9
id-12256	4	8	21	4.7
id-12257	7	8	27	4.6
id-12258	1	2	29	3.5
id-12259	8	16	28	4.1
id-12260	9	12	20	4.7
id-12261	3	3	23	4.0
id-12262	9	4	3	3.0
id-12263	2	3	8	4.7
id-12264	4	7	11	3.2
id-12265	7	6	29	3.6
id-12266	7	7	11	3.5
id-12267	8	5	6	4.1
id-12268	9	16	12	3.7
id-12269	4	5	16	4.3
id-12270	4	2	9	4.3
id-12271	9	3	7	3.2
id-12272	8	7	22	4.9
id-12273	1	2	4	4.3
id-12274	10	13	28	4.7
id-12275	6	8	16	3.7
id-12276	5	7	18	4.6
id-12277	7	6	11	4.1
id-12278	3	6	20	4.9
id-12279	10	17	28	4.9
id-12280	4	8	3	4.5
id-12281	10	13	6	3.1
id-12282	1	2	3	4.5
id-12283	3	4	16	4.0
id-12284	1	2	8	3.2
id-12285	8	15	20	3.4
id-12286	4	5	30	3.9
id-12287	1	2	11	3.6
id-12288	5	7	2	4.2
id-12289	4	8	14	3.8
id-12290	7	6	4	4.6
id-12291	2	4	23	4.4
id-12292	8	6	16	4.8
id-12293	9	3	6	4.6
id-12294	9	15	15	4.5
id-12295	1	2	29	4.8
id-12296	9	16	7	4.6
id-12297	10	4	26	3.2
id-12298	2	4	24	3.8
id-12299	1	2	2	3.6
id-12300	10	16	29	5.0
id-12301	2	2	24	4.8
id-12302	1	2	23	4.7
id-12303	4	8	30	4.5
id-12304	1	2	29	3.9
id-12305	7	13	16	3.1
id-12306	8	9	22	3.5
id-12307	2	4	23	3.0
id-12308	5	9	18	3.7
id-12309	7	6	18	3.8
id-12310	10	13	21	3.5
id-12311	10	11	17	4.0
id-12312	1	2	18	3.6
id-12313	8	12	3	4.0
id-12314	10	19	1	4.2
id-12315	1	2	5	3.8
id-12316	6	6	16	4.8
id-12317	4	3	28	3.6
id-12318	10	7	9	4.0
id-12319	8	3	27	4.8
id-12320	8	3	29	4.4
id-12321	10	12	10	4.0
id-12322	2	3	23	3.2
id-12323	10	10	27	4.6
id-12324	8	9	26	4.9
id-12325	5	3	10	4.8
id-12326	7	10	15	3.5
id-12327	4	5	3	4.9
id-12328	9	5	21	4.9
id-12329	8	16	21	3.3
id-12330	3	2	27	3.2
id-12331	2	2	28	5.0
id-12332	8	7	25	4.8
id-12333	6	8	17	4.4
id-12334	10	2	4	3.2
id-12335	7	10	28	4.1
id-12336	9	13	12	3.6
id-12337	6	4	11	3.3
id-12338	8	3	26	3.8
id-12339	8	11	17	3.7
id-12340	9	10	2	4.9
id-12341	5	9	27	4.7
id-12342	5	7	20	4.7
id-12343	10	4	27	3.5
id-12344	2	2	25	3.8
id-12345	10	6	10	4.3
id-12346	7	5	12	4.5
id-12347	5	6	21	4.0
id-12348	9	2	29	4.2
id-12349	10	6	1	4.5
id-12350	10	6	4	4.3
id-12351	4	3	5	3.8
id-12352	10	19	6	3.4
id-12353	8	2	18	3.7
id-12354	9	12	21	4.9
id-12355	4	7	18	3.1
id-12356	7	8	1	4.8
id-12357	9	11	18	3.3
id-12358	6	7	27	5.0
id-12359	5	8	14	3.6
id-12360	1	2	19	3.3
id-12361	10	2	15	3.9
id-12362	9	2	30	4.9
id-12363	6	7	7	3.9
id-12364	5	10	4	3.2
id-12365	3	5	20	3.4
id-12366	6	10	22	3.1
id-12367	9	2	22	3.4
id-12368	6	9	9	3.9
id-12369	6	6	9	3.8
id-12370	2	2	14	4.5
id-12371	10	10	2	3.2
id-12372	3	6	17	3.9
id-12373	8	6	3	3.5
id-12374	8	6	28	3.5
id-12375	5	9	1	3.0
id-12376	9	2	9	4.2
id-12377	4	8	26	3.4
id-12378	3	3	24	3.8
id-12379	4	4	5	3.8
id-12380	8	13	2	4.4
id-12381	6	3	18	3.8
id-12382	6	9	26	3.4
id-12383	5	9	23	3.0
id-12384	1	2	20	3.8
id-12385	4	3	12	4.7
id-12386	4	6	9	3.3
id-12387	5	2	24	3.4
id-12388	4	6	13	4.9
id-12389	10	12	19	4.7
id-12390	5	10	5	4.4
id-12391	3	4	12	3.3
id-12392	1	2	17	3.5
id-12393	10	8	10	3.6
id-12394	8	13	18	4.6
id-12395	5	5	16	4.8
id-12396	4	5	23	3.2
id-12397	1	2	4	3.3
id-12398	6	11	20	4.2
id-12399	8	5	23	4.3
id-12400	8	5	23	4.8
id-12401	7	13	2	3.1
id-12402	10	17	6	4.2
id-12403	1	2	3	3.7
id-12404	4	3	24	4.7
id-12405	4	4	21	4.7
id-12406	3	4	17	4.9
id-12407	3	4	13	3.2
id-12408	1	2	6	3.2
id-12409	10	12	5	3.5
id-12410	10	11	18	3.2
id-12411	4	6	19	4.3
id-12412	6	2	20	4.3
id-12413	10	3	9	3.2
id-12414	6	12	15	4.5
id-12415	5	10	30	3.5
id-12416	9	9	24	3.9
id-12417	5	9	10	4.4
id-12418	8	12	19	4.3
id-12419	4	7	9	4.0
id-12420	7	13	3	3.3
id-12421	8	8	13	3.6
id-12422	9	14	15	3.4
id-12423	1	2	14	5.0
id-12424	2	2	19	3.0
id-12425	10	11	30	4.6
id-12426	9	8	16	4.8
id-12427	4	6	13	4.4
id-12428	4	8	9	3.9
id-12429	8	11	22	4.8
id-12430	6	7	22	3.9
id-12431	8	15	26	3.6
id-12432	9	12	26	4.2
id-12433	3	2	25	3.5
id-12434	1	2	24	4.0
id-12435	3	5	16	4.0
id-12436	3	2	22	3.1
id-12437	6	2	1	3.6
id-12438	6	11	14	5.0
id-12439	9	16	23	4.1
id-12440	8	12	8	4.8
id-12441	3	6	11	3.1
id-12442	7	10	20	3.5
id-12443	4	8	23	4.0
id-12444	2	3	6	3.9
id-12445	2	4	5	4.1
id-12446	9	18	21	4.2
id-12447	1	2	5	3.7
id-12448	10	15	11	4.3
id-12449	7	8	1	4.3
id-12450	3	4	22	3.5
id-12451	7	6	11	4.5
id-12452	9	5	22	3.2
id-12453	8	7	5	3.8
id-12454	8	4	13	3.6
id-12455	2	2	7	4.5
id-12456	1	2	18	3.5
id-12457	3	4	25	4.5
id-12458	6	2	6	4.2
id-12459	5	6	17	3.5
id-12460	6	6	13	4.2
id-12461	10	18	24	4.3
id-12462	8	5	19	4.8
id-12463	1	2	15	3.6
id-12464	6	4	13	4.9
id-12465	7	12	2	4.9
id-12466	7	3	24	4.0
id-12467	5	8	15	4.9
id-12468	4	5	19	4.6
id-12469	8	2	9	4.1
id-12470	10	8	12	4.6
id-12471	1	2	30	4.6
id-12472	2	4	7	3.5
id-12473	2	3	1	3.1
id-12474	9	9	16	3.8
id-12475	9	2	13	3.5
id-12476	2	2	25	3.8
id-12477	10	2	1	4.1
id-12478	5	7	9	3.6
id-12479	10	20	25	3.2
id-12480	10	17	4	3.4
id-12481	2	4	18	3.5
id-12482	2	4	26	4.2
id-12483	1	2	27	5.0
id-12484	1	2	26	3.9
id-12485	9	9	15	4.9
id-12486	10	20	6	3.2
id-12487	5	7	30	4.7
id-12488	6	12	14	3.1
id-12489	4	8	24	4.5
id-12490	5	8	29	3.5
id-12491	1	2	11	3.2
id-12492	1	2	13	4.7
id-12493	7	8	30	3.6
id-12494	2	4	23	4.1
id-12495	9	10	9	4.1
id-12496	9	4	13	3.8
id-12497	2	3	7	4.4
id-12498	2	2	18	4.3
id-12499	7	9	21	3.9
id-12500	3	6	29	4.6
id-12501	10	3	3	4.0
id-12502	7	2	22	4.1
id-12503	3	6	22	3.4
id-12504	7	5	30	3.3
id-12505	6	11	18	4.7
id-12506	3	6	2	3.9
id-12507	4	2	8	3.1
id-12508	9	18	27	4.9
id-12509	1	2	10	3.8
id-12510	3	3	11	4.8
id-12511	8	11	5	4.0
id-12512	5	7	17	4.4
id-12513	10	7	8	4.8
id-12514	10	20	29	4.6
id-12515	7	4	30	4.4
id-12516	9	15	7	4.4
id-12517	4	4	22	3.9
id-12518	2	2	1	3.1
id-12519	9	15	6	4.6
id-12520	4	2	26	4.1
id-12521	6	6	6	4.9
id-12522	8	13	30	4.6
id-12523	7	4	2	3.6
id-12524	9	16	8	4.8
id-12525	3	2	27	4.0
id-12526	1	2	27	3.2
id-12527	1	2	21	3.1
id-12528	10	4	24	3.8
id-12529	6	9	23	3.6
id-12530	7	12	8	4.4
id-12531	10	7	17	4.8
id-12532	10	9	11	4.5
id-12533	10	20	12	3.4
id-12534	10	12	17	3.1
id-12535	9	2	16	3.8
id-12536	2	4	12	3.6
id-12537	9	4	11	4.1
id-12538	10	4	10	4.6
id-12539	3	2	8	3.2
id-12540	4	7	30	3.2
id-12541	10	20	7	3.3
id-12542	8	16	7	4.2
id-12543	5	8	14	3.5
id-12544	3	6	16	3.1
id-12545	9	18	11	3.5
id-12546	2	4	15	3.4
id-12547	6	6	1	5.0
id-12548	2	4	26	3.1
id-12549	3	6	19	4.5
id-12550	8	8	20	3.1
id-12551	5	10	29	3.4
id-12552	8	10	7	4.2
id-12553	5	10	7	4.2
id-12554	3	6	14	4.7
id-12555	7	8	20	3.2
id-12556	1	2	10	4.4
id-12557	1	2	29	3.4
id-12558	1	2	8	3.7
id-12559	3	5	3	4.8
id-12560	2	4	17	4.2
id-12561	4	6	17	3.5
id-12562	3	6	24	4.2
id-12563	5	8	6	3.3
id-12564	3	5	27	5.0
id-12565	9	6	6	3.8
id-12566	5	3	21	3.5
id-12567	6	6	27	3.3
id-12568	3	3	5	4.2
id-12569	9	5	23	4.4
id-12570	2	3	13	4.4
id-12571	8	14	24	3.3
id-12572	2	4	22	3.6
id-12573	8	7	18	3.7
id-12574	1	2	17	4.5
id-12575	3	2	27	3.9
id-12576	2	3	4	3.8
id-12577	3	5	1	4.1
id-12578	5	6	7	3.5
id-12579	7	5	20	4.1
id-12580	6	4	15	3.5
id-12581	6	12	22	4.9
id-12582	3	2	15	3.7
id-12583	10	11	29	3.0
id-12584	7	3	8	3.3
id-12585	1	2	17	4.1
id-12586	9	10	20	3.7
id-12587	7	13	23	4.9
id-12588	4	2	28	5.0
id-12589	2	3	28	3.1
id-12590	1	2	19	3.8
id-12591	5	2	14	3.9
id-12592	3	3	17	3.4
id-12593	6	11	29	4.0
id-12594	6	7	26	4.0
id-12595	5	10	23	3.8
id-12596	5	10	29	3.5
id-12597	8	6	19	4.8
id-12598	5	7	15	3.1
id-12599	6	6	30	4.5
id-12600	6	12	22	3.0
id-12601	9	18	15	4.4
id-12602	6	6	15	4.2
id-12603	2	2	16	3.0
id-12604	6	11	29	4.8
id-12605	10	10	9	4.1
id-12606	9	15	27	3.7
id-12607	2	2	28	4.2
id-12608	2	2	4	3.0
id-12609	2	4	18	3.5
id-12610	3	4	25	3.4
id-12611	2	3	22	3.3
id-12612	9	7	13	4.6
id-12613	1	2	21	3.9
id-12614	6	8	6	3.5
id-12615	6	12	8	3.3
id-12616	10	3	1	3.3
id-12617	10	17	22	4.3
id-12618	3	2	22	4.9
id-12619	2	3	25	4.4
id-12620	8	7	23	3.5
id-12621	6	2	30	3.8
id-12622	7	13	4	3.1
id-12623	5	6	16	4.7
id-12624	7	8	2	4.7
id-12625	4	4	25	4.4
id-12626	5	8	21	4.1
id-12627	9	16	8	4.2
id-12628	9	6	4	4.7
id-12629	4	4	3	3.4
id-12630	4	7	3	4.8
id-12631	6	6	17	3.8
id-12632	8	3	3	3.7
id-12633	4	3	15	3.5
id-12634	10	5	30	4.6
id-12635	5	3	24	3.5
id-12636	6	10	4	3.6
id-12637	2	2	13	4.9
id-12638	1	2	30	5.0
id-12639	4	5	3	3.2
id-12640	6	11	28	3.9
id-12641	6	10	9	4.2
id-12642	8	13	29	3.8
id-12643	7	10	23	3.4
id-12644	3	4	22	4.0
id-12645	9	8	27	4.5
id-12646	6	12	4	3.4
id-12647	8	16	1	4.3
id-12648	9	4	11	3.9
id-12649	9	9	27	4.6
id-12650	10	7	9	4.9
id-12651	1	2	15	4.1
id-12652	7	13	1	4.9
id-12653	3	4	30	4.0
id-12654	9	18	30	4.8
id-12655	1	2	10	3.3
id-12656	4	7	15	4.2
id-12657	7	11	11	4.0
id-12658	7	3	10	4.3
id-12659	9	10	23	3.9
id-12660	7	2	18	4.0
id-12661	3	2	17	3.5
id-12662	8	15	15	4.1
id-12663	2	3	8	3.9
id-12664	3	6	13	5.0
id-12665	6	4	23	4.6
id-12666	9	17	6	4.0
id-12667	2	4	19	4.2
id-12668	6	2	20	4.8
id-12669	3	5	16	4.4
id-12670	7	6	23	3.6
id-12671	6	3	30	3.2
id-12672	5	5	1	5.0
id-12673	6	12	9	4.3
id-12674	10	19	23	3.3
id-12675	6	7	30	3.9
id-12676	3	2	13	3.4
id-12677	5	7	23	4.3
id-12678	3	6	10	3.3
id-12679	6	10	27	3.2
id-12680	8	5	9	4.5
id-12681	6	2	16	4.2
id-12682	2	4	6	3.2
id-12683	3	6	14	3.3
id-12684	6	10	25	4.3
id-12685	3	6	16	3.3
id-12686	4	3	27	4.9
id-12687	7	6	21	4.0
id-12688	4	4	9	3.8
id-12689	8	7	7	4.1
id-12690	3	2	8	3.5
id-12691	8	7	7	4.8
id-12692	7	4	26	4.6
id-12693	9	5	24	3.3
id-12694	2	3	15	4.3
id-12695	5	6	15	4.2
id-12696	2	2	6	4.0
id-12697	4	3	13	4.9
id-12698	2	4	3	4.7
id-12699	1	2	28	4.5
id-12700	3	3	19	3.5
id-12701	9	2	20	4.3
id-12702	8	6	29	4.3
id-12703	10	19	15	4.0
id-12704	2	4	10	4.3
id-12705	10	2	8	4.8
id-12706	10	7	8	4.6
id-12707	6	10	1	3.5
id-12708	6	9	17	3.3
id-12709	5	3	19	3.8
id-12710	6	4	27	4.5
id-12711	6	6	24	3.7
id-12712	8	7	6	4.1
id-12713	5	4	20	3.8
id-12714	10	5	11	4.1
id-12715	9	5	27	4.3
id-12716	2	2	5	3.8
id-12717	4	8	30	4.4
id-12718	6	6	8	3.4
id-12719	6	6	5	3.7
id-12720	8	11	14	4.1
id-12721	1	2	13	4.8
id-12722	8	9	25	5.0
id-12723	6	6	20	4.9
id-12724	9	16	13	4.8
id-12725	7	7	16	4.1
id-12726	8	16	5	3.5
id-12727	5	2	13	4.2
id-12728	4	5	11	3.1
id-12729	1	2	19	4.5
id-12730	6	4	27	4.9
id-12731	4	2	6	3.2
id-12732	9	13	24	4.3
id-12733	9	8	28	4.6
id-12734	3	5	11	3.5
id-12735	7	6	25	4.5
id-12736	1	2	24	4.0
id-12737	4	8	28	3.5
id-12738	3	4	8	3.5
id-12739	10	19	23	4.8
id-12740	8	8	1	4.3
id-12741	4	7	21	5.0
id-12742	9	3	5	3.2
id-12743	8	16	22	3.7
id-12744	7	3	5	4.9
id-12745	5	3	21	3.9
id-12746	6	7	14	4.7
id-12747	2	3	26	4.3
id-12748	9	13	4	3.1
id-12749	6	2	29	3.7
id-12750	6	4	22	3.1
id-12751	5	3	16	4.2
id-12752	3	6	7	4.3
id-12753	2	3	17	4.6
id-12754	9	17	8	3.0
id-12755	5	7	11	3.6
id-12756	5	7	18	3.9
id-12757	1	2	3	4.7
id-12758	8	2	12	4.6
id-12759	5	6	8	4.7
id-12760	4	6	3	4.7
id-12761	10	20	9	5.0
id-12762	4	6	2	4.5
id-12763	7	5	15	4.2
id-12764	7	14	8	3.1
id-12765	1	2	16	3.2
id-12766	3	5	3	3.0
id-12767	8	13	4	3.9
id-12768	7	14	27	3.9
id-12769	7	9	24	4.9
id-12770	8	12	29	3.2
id-12771	5	9	28	3.6
id-12772	3	3	27	3.0
id-12773	5	4	24	3.7
id-12774	9	8	15	4.1
id-12775	6	12	10	3.5
id-12776	1	2	26	4.0
id-12777	6	8	27	3.9
id-12778	1	2	5	4.9
id-12779	6	2	29	3.2
id-12780	1	2	10	3.4
id-12781	1	2	12	4.8
id-12782	1	2	11	4.4
id-12783	4	2	22	3.1
id-12784	1	2	19	4.6
id-12785	10	4	10	4.3
id-12786	2	3	2	3.4
id-12787	3	4	6	4.8
id-12788	5	7	16	3.9
id-12789	1	2	3	4.2
id-12790	9	11	11	3.8
id-12791	3	6	1	3.5
id-12792	4	7	29	4.1
id-12793	1	2	20	3.6
id-12794	3	5	30	3.1
id-12795	7	14	15	4.2
id-12796	10	11	29	4.1
id-12797	7	4	26	3.5
id-12798	4	8	18	3.5
id-12799	5	2	13	4.0
id-12800	9	13	18	3.6
id-12801	8	4	23	3.3
id-12802	6	3	19	3.1
id-12803	5	5	21	4.9
id-12804	5	10	2	3.1
id-12805	9	2	19	3.7
id-12806	10	2	11	4.4
id-12807	3	3	16	4.0
id-12808	7	9	29	4.6
id-12809	8	6	16	4.0
id-12810	5	10	22	4.5
id-12811	3	6	6	4.8
id-12812	8	5	3	4.7
id-12813	9	12	2	3.3
id-12814	1	2	24	4.2
id-12815	1	2	30	4.7
id-12816	8	5	8	3.2
id-12817	6	11	3	4.3
id-12818	7	12	20	3.4
id-12819	8	12	7	4.2
id-12820	6	3	28	3.9
id-12821	6	8	28	4.1
id-12822	7	14	5	4.7
id-12823	6	8	25	3.0
id-12824	10	4	4	5.0
id-12825	1	2	28	3.9
id-12826	9	8	7	3.6
id-12827	7	2	24	4.9
id-12828	8	4	8	3.9
id-12829	10	11	17	4.9
id-12830	6	7	17	4.7
id-12831	8	15	16	4.0
id-12832	3	5	20	4.4
id-12833	6	10	3	3.6
id-12834	8	6	2	3.2
id-12835	10	5	30	4.9
id-12836	1	2	20	4.5
id-12837	5	2	29	3.9
id-12838	10	17	18	4.8
id-12839	6	6	23	4.8
id-12840	10	12	3	4.6
id-12841	6	3	27	4.1
id-12842	2	2	29	3.1
id-12843	2	4	25	4.8
id-12844	9	6	26	4.0
id-12845	1	2	28	3.6
id-12846	5	5	27	3.2
id-12847	6	11	8	3.1
id-12848	2	3	21	3.2
id-12849	10	13	25	3.3
id-12850	8	13	27	4.5
id-12851	3	3	22	4.5
id-12852	5	2	25	4.2
id-12853	8	5	21	4.8
id-12854	7	5	28	5.0
id-12855	8	13	12	4.2
id-12856	9	14	6	3.8
id-12857	8	8	28	3.9
id-12858	8	9	7	5.0
id-12859	9	8	11	3.9
id-12860	9	9	5	4.0
id-12861	4	5	16	5.0
id-12862	5	7	5	4.5
id-12863	4	4	6	3.5
id-12864	8	15	19	3.8
id-12865	8	3	16	3.8
id-12866	10	20	25	4.5
id-12867	9	10	28	4.8
id-12868	3	5	16	3.4
id-12869	2	4	9	3.0
id-12870	2	2	15	3.4
id-12871	3	4	15	4.8
id-12872	1	2	10	3.2
id-12873	5	4	27	3.5
id-12874	9	11	1	3.6
id-12875	5	6	20	3.5
id-12876	6	8	5	3.3
id-12877	8	10	10	4.6
id-12878	4	6	6	4.6
id-12879	10	8	8	4.6
id-12880	2	3	9	3.1
id-12881	4	6	27	3.7
id-12882	3	4	29	4.4
id-12883	2	4	4	3.6
id-12884	6	12	29	3.6
id-12885	8	2	20	4.8
id-12886	2	2	11	4.2
id-12887	1	2	23	3.1
id-12888	5	2	21	3.5
id-12889	9	10	1	3.3
id-12890	10	19	25	3.5
id-12891	5	4	27	4.7
id-12892	9	4	7	3.0
id-12893	9	3	17	3.8
id-12894	5	7	14	4.5
id-12895	4	2	29	3.5
id-12896	6	4	21	4.1
id-12897	7	3	14	4.9
id-12898	7	13	19	4.5
id-12899	5	4	14	4.4
id-12900	8	16	20	4.6
id-12901	9	15	26	3.9
id-12902	9	13	14	3.9
id-12903	8	11	16	3.9
id-12904	2	3	30	3.3
id-12905	10	17	30	3.1
id-12906	7	8	22	3.8
id-12907	10	19	3	3.7
id-12908	4	7	4	4.4
id-12909	5	8	12	4.1
id-12910	4	5	6	4.0
id-12911	7	7	28	4.1
id-12912	1	2	1	4.9
id-12913	6	6	12	3.8
id-12914	2	3	13	4.8
id-12915	2	2	26	3.9
id-12916	2	3	10	4.8
id-12917	7	2	26	3.8
id-12918	3	6	6	3.7
id-12919	3	4	1	4.0
id-12920	1	2	15	4.1
id-12921	9	7	27	4.8
id-12922	6	9	26	4.4
id-12923	8	3	5	4.6
id-12924	8	11	7	4.4
id-12925	10	16	19	3.1
id-12926	6	4	15	4.8
id-12927	9	14	9	3.7
id-12928	7	4	25	4.7
id-12929	5	5	23	4.4
id-12930	10	12	29	3.6
id-12931	10	4	22	3.9
id-12932	1	2	1	4.5
id-12933	5	9	14	3.9
id-12934	3	4	15	3.9
id-12935	10	10	26	4.0
id-12936	2	4	7	4.1
id-12937	8	5	6	4.3
id-12938	8	2	8	3.5
id-12939	10	11	14	4.8
id-12940	8	5	10	4.3
id-12941	8	4	3	4.6
id-12942	8	11	8	3.8
id-12943	6	2	9	3.9
id-12944	7	7	21	3.6
id-12945	4	8	28	4.1
id-12946	4	6	12	4.7
id-12947	7	10	13	3.3
id-12948	8	12	22	4.1
id-12949	2	4	18	4.1
id-12950	8	5	23	3.5
id-12951	8	14	20	3.1
id-12952	3	4	15	4.1
id-12953	8	3	20	4.5
id-12954	2	3	7	3.8
id-12955	7	14	29	3.6
id-12956	9	18	19	4.1
id-12957	2	4	18	4.0
id-12958	9	4	11	4.1
id-12959	5	9	30	4.5
id-12960	10	6	22	3.0
id-12961	2	3	25	3.7
id-12962	10	15	28	4.3
id-12963	6	8	2	3.9
id-12964	1	2	15	4.8
id-12965	4	5	22	4.0
id-12966	3	3	15	3.2
id-12967	2	4	15	4.9
id-12968	9	9	7	4.1
id-12969	6	2	23	3.1
id-12970	8	13	29	3.9
id-12971	4	6	6	3.8
id-12972	9	3	8	3.6
id-12973	8	3	25	4.5
id-12974	8	15	25	4.1
id-12975	5	9	13	3.0
id-12976	2	3	15	3.9
id-12977	1	2	20	3.8
id-12978	1	2	14	3.2
id-12979	7	8	4	3.3
id-12980	9	4	1	4.9
id-12981	1	2	8	4.4
id-12982	1	2	22	3.7
id-12983	2	4	4	4.9
id-12984	8	5	15	4.4
id-12985	8	8	26	3.6
id-12986	2	4	10	4.2
id-12987	8	2	16	4.3
id-12988	1	2	3	3.3
id-12989	4	4	20	4.7
id-12990	6	9	10	3.9
id-12991	6	2	26	4.5
id-12992	2	3	3	4.5
id-12993	5	10	21	4.6
id-12994	3	5	13	3.1
id-12995	1	2	15	4.0
id-12996	6	5	19	4.9
id-12997	9	2	27	3.9
id-12998	5	3	4	4.2
id-12999	4	7	6	3.6
id-13000	4	7	11	4.8
id-13001	1	2	21	4.6
id-13002	1	2	2	3.9
id-13003	1	2	23	4.8
id-13004	4	7	20	4.9
id-13005	2	4	18	3.2
id-13006	1	2	13	4.8
id-13007	1	2	27	4.2
id-13008	1	2	2	3.0
id-13009	4	3	11	4.0
id-13010	1	2	6	3.3
id-13011	5	7	24	4.6
id-13012	3	5	29	4.8
id-13013	3	2	29	3.9
id-13014	10	20	30	3.8
id-13015	10	15	30	3.7
id-13016	3	3	19	4.9
id-13017	8	8	27	3.4
id-13018	5	9	8	4.3
id-13019	10	6	23	4.2
id-13020	10	16	26	3.3
id-13021	4	7	23	3.4
id-13022	9	2	28	4.4
id-13023	6	5	2	4.8
id-13024	4	8	24	4.8
id-13025	6	12	10	4.8
id-13026	10	15	21	4.6
id-13027	3	4	18	4.5
id-13028	7	10	1	4.1
id-13029	2	3	10	4.3
id-13030	4	2	20	4.5
id-13031	10	14	27	3.7
id-13032	5	4	17	3.9
id-13033	1	2	19	4.6
id-13034	8	8	16	4.5
id-13035	9	6	30	4.2
id-13036	2	3	15	3.6
id-13037	9	9	14	4.6
id-13038	6	6	10	4.6
id-13039	5	7	27	4.3
id-13040	4	7	28	4.0
id-13041	10	6	24	3.4
id-13042	5	10	10	3.2
id-13043	3	6	24	4.4
id-13044	5	4	2	4.3
id-13045	6	11	24	4.6
id-13046	2	2	8	4.7
id-13047	7	7	20	3.5
id-13048	10	4	30	4.7
id-13049	10	5	13	4.5
id-13050	6	4	27	3.2
id-13051	5	7	12	4.9
id-13052	5	5	20	3.9
id-13053	6	10	14	3.5
id-13054	8	16	22	4.1
id-13055	4	2	12	4.6
id-13056	5	2	9	4.4
id-13057	2	3	5	4.1
id-13058	10	17	18	3.2
id-13059	1	2	20	4.0
id-13060	10	15	28	4.4
id-13061	5	8	20	3.3
id-13062	6	10	14	3.9
id-13063	1	2	25	3.0
id-13064	4	8	24	4.0
id-13065	7	14	12	4.6
id-13066	2	3	27	3.0
id-13067	3	3	9	3.0
id-13068	4	5	7	4.9
id-13069	7	6	18	4.5
id-13070	9	2	30	3.9
id-13071	5	3	20	4.5
id-13072	4	4	17	3.2
id-13073	5	7	11	4.5
id-13074	5	7	25	3.9
id-13075	7	5	3	4.9
id-13076	10	19	16	4.9
id-13077	10	13	16	3.3
id-13078	9	17	6	5.0
id-13079	6	12	23	3.7
id-13080	2	4	22	3.3
id-13081	1	2	7	4.9
id-13082	5	3	8	4.4
id-13083	2	3	18	3.1
id-13084	5	10	9	4.1
id-13085	3	3	24	4.6
id-13086	9	2	1	4.6
id-13087	5	6	15	3.8
id-13088	10	18	1	3.9
id-13089	3	4	19	3.3
id-13090	7	14	15	4.8
id-13091	7	8	21	3.2
id-13092	8	7	9	3.7
id-13093	8	8	21	3.8
id-13094	8	5	10	4.5
id-13095	2	2	25	4.4
id-13096	1	2	13	4.0
id-13097	5	7	4	4.4
id-13098	1	2	24	4.0
id-13099	9	13	12	3.2
id-13100	2	3	2	3.9
id-13101	8	6	28	4.4
id-13102	1	2	9	4.3
id-13103	6	12	4	3.9
id-13104	4	5	1	4.2
id-13105	1	2	2	4.8
id-13106	9	6	14	5.0
id-13107	10	19	5	4.7
id-13108	5	6	14	4.2
id-13109	1	2	4	4.7
id-13110	1	2	22	3.6
id-13111	2	2	20	4.8
id-13112	1	2	3	3.4
id-13113	10	5	30	3.9
id-13114	9	6	11	4.3
id-13115	6	4	27	5.0
id-13116	5	10	9	3.7
id-13117	2	2	16	4.9
id-13118	9	18	5	4.5
id-13119	7	11	18	4.4
id-13120	8	13	25	4.9
id-13121	10	8	25	3.8
id-13122	4	2	1	4.1
id-13123	8	4	13	4.2
id-13124	8	12	8	3.8
id-13125	7	3	16	4.6
id-13126	10	4	17	4.6
id-13127	3	4	9	3.1
id-13128	1	2	19	4.2
id-13129	10	5	15	4.6
id-13130	2	2	23	4.4
id-13131	2	3	21	4.3
id-13132	10	5	28	4.0
id-13133	3	2	16	3.9
id-13134	1	2	16	4.3
id-13135	4	4	28	4.6
id-13136	2	4	28	4.4
id-13137	9	12	6	3.6
id-13138	2	2	2	3.3
id-13139	2	3	12	3.9
id-13140	1	2	19	4.0
id-13141	5	7	10	4.0
id-13142	9	8	3	3.1
id-13143	10	20	16	4.5
id-13144	6	10	24	4.1
id-13145	4	6	1	4.6
id-13146	8	3	28	3.5
id-13147	8	8	6	4.6
id-13148	8	16	10	4.7
id-13149	1	2	6	4.7
id-13150	5	4	21	3.7
id-13151	8	14	4	3.7
id-13152	5	4	16	4.4
id-13153	5	7	4	3.5
id-13154	2	3	24	3.0
id-13155	4	3	11	4.6
id-13156	10	2	7	4.9
id-13157	4	4	23	3.1
id-13158	6	11	2	3.5
id-13159	1	2	2	3.1
id-13160	8	9	4	3.4
id-13161	7	7	4	4.6
id-13162	3	6	3	4.6
id-13163	2	4	23	3.1
id-13164	4	4	19	4.8
id-13165	10	19	30	4.2
id-13166	10	3	7	4.5
id-13167	8	8	7	3.8
id-13168	9	6	8	3.2
id-13169	3	2	15	4.4
id-13170	6	8	3	3.1
id-13171	10	12	5	4.4
id-13172	3	2	21	3.7
id-13173	6	2	16	3.1
id-13174	6	6	3	3.9
id-13175	5	5	30	4.8
id-13176	2	3	20	4.9
id-13177	7	13	9	3.7
id-13178	5	9	19	3.2
id-13179	3	2	3	3.5
id-13180	3	3	7	3.3
id-13181	2	4	2	3.5
id-13182	4	6	17	3.4
id-13183	5	5	9	3.9
id-13184	3	4	5	4.2
id-13185	7	8	23	3.4
id-13186	4	8	12	3.7
id-13187	2	4	18	4.9
id-13188	9	5	26	5.0
id-13189	7	6	15	3.9
id-13190	6	3	28	3.4
id-13191	1	2	5	4.3
id-13192	4	5	22	3.1
id-13193	3	2	11	4.3
id-13194	2	4	14	4.1
id-13195	8	6	28	4.7
id-13196	7	9	3	3.1
id-13197	6	7	27	4.3
id-13198	4	7	23	4.1
id-13199	10	16	28	3.7
id-13200	9	12	13	5.0
id-13201	6	12	4	3.8
id-13202	10	18	6	4.8
id-13203	10	16	30	4.5
id-13204	9	17	27	3.1
id-13205	4	4	13	3.5
id-13206	7	6	1	4.9
id-13207	4	7	20	4.6
id-13208	1	2	11	4.4
id-13209	10	15	13	4.0
id-13210	4	8	17	4.8
id-13211	8	7	12	4.0
id-13212	7	14	26	4.8
id-13213	3	2	18	3.1
id-13214	5	3	28	3.1
id-13215	8	16	15	3.5
id-13216	10	17	1	3.7
id-13217	2	4	23	4.0
id-13218	3	5	11	4.6
id-13219	10	14	16	3.9
id-13220	1	2	14	3.0
id-13221	8	5	20	4.1
id-13222	2	3	30	3.5
id-13223	8	11	21	4.2
id-13224	8	6	15	4.5
id-13225	9	13	8	3.1
id-13226	6	11	17	4.4
id-13227	2	2	9	5.0
id-13228	6	2	2	4.0
id-13229	7	4	7	3.5
id-13230	10	20	30	3.4
id-13231	6	9	21	4.7
id-13232	8	2	21	4.1
id-13233	9	10	12	4.0
id-13234	9	16	12	3.0
id-13235	9	17	1	3.0
id-13236	2	3	24	4.8
id-13237	1	2	25	3.4
id-13238	8	12	4	3.3
id-13239	3	6	6	4.1
id-13240	6	4	15	4.6
id-13241	4	4	6	4.8
id-13242	9	18	14	4.9
id-13243	5	9	28	4.6
id-13244	4	5	5	4.8
id-13245	7	12	7	4.4
id-13246	6	11	1	4.5
id-13247	4	7	21	4.8
id-13248	10	11	11	4.2
id-13249	5	2	17	3.4
id-13250	2	2	3	4.3
id-13251	10	3	28	4.8
id-13252	4	5	26	4.3
id-13253	4	2	27	3.3
id-13254	6	8	22	4.3
id-13255	9	10	6	3.5
id-13256	7	6	23	3.0
id-13257	7	2	19	4.6
id-13258	5	5	12	4.3
id-13259	4	2	13	3.8
id-13260	4	5	4	4.3
id-13261	3	2	4	4.4
id-13262	6	8	4	3.3
id-13263	5	10	7	3.9
id-13264	4	7	10	3.6
id-13265	6	12	23	4.7
id-13266	3	4	4	3.2
id-13267	8	15	1	4.2
id-13268	5	6	15	4.5
id-13269	8	6	13	4.8
id-13270	1	2	27	3.8
id-13271	5	4	29	3.4
id-13272	6	4	27	4.6
id-13273	9	2	24	4.3
id-13274	5	9	19	3.7
id-13275	8	11	5	3.1
id-13276	8	13	23	3.6
id-13277	5	8	27	3.9
id-13278	10	10	25	3.5
id-13279	8	7	12	4.7
id-13280	7	4	28	3.3
id-13281	10	4	20	4.0
id-13282	6	6	2	3.7
id-13283	2	4	15	4.4
id-13284	10	7	26	3.2
id-13285	9	2	17	3.3
id-13286	2	4	21	4.0
id-13287	6	6	17	3.0
id-13288	8	3	2	3.5
id-13289	7	5	12	5.0
id-13290	6	2	10	4.5
id-13291	5	6	10	3.3
id-13292	2	2	11	4.8
id-13293	7	12	9	4.5
id-13294	9	18	16	3.6
id-13295	3	4	30	3.2
id-13296	9	15	24	4.4
id-13297	4	6	16	4.2
id-13298	7	4	29	4.6
id-13299	7	4	8	3.3
id-13300	1	2	22	4.6
id-13301	4	4	10	3.0
id-13302	2	2	13	4.3
id-13303	3	4	27	4.3
id-13304	1	2	25	3.2
id-13305	5	8	15	4.4
id-13306	8	14	28	4.7
id-13307	5	7	7	4.4
id-13308	3	3	10	4.1
id-13309	5	9	9	3.9
id-13310	8	15	14	3.7
id-13311	4	7	14	4.4
id-13312	7	3	4	3.9
id-13313	7	2	23	4.7
id-13314	8	16	30	3.6
id-13315	1	2	11	3.9
id-13316	6	7	22	3.3
id-13317	10	8	2	4.8
id-13318	6	5	18	3.2
id-13319	8	13	8	4.7
id-13320	6	11	22	3.3
id-13321	4	8	26	4.3
id-13322	5	9	19	4.8
id-13323	9	14	17	5.0
id-13324	6	6	1	4.1
id-13325	1	2	9	4.8
id-13326	1	2	10	4.5
id-13327	1	2	27	3.7
id-13328	4	7	10	3.7
id-13329	9	15	20	3.4
id-13330	2	3	11	3.7
id-13331	2	4	3	4.2
id-13332	1	2	2	3.5
id-13333	10	16	10	3.8
id-13334	5	10	7	3.4
id-13335	8	8	1	3.1
id-13336	8	2	6	4.3
id-13337	3	4	14	3.1
id-13338	5	10	19	3.4
id-13339	9	13	14	4.3
id-13340	7	5	27	5.0
id-13341	3	6	27	3.7
id-13342	9	2	15	4.3
id-13343	5	10	25	3.3
id-13344	4	3	6	4.1
id-13345	8	9	5	4.0
id-13346	6	3	3	4.7
id-13347	1	2	7	3.2
id-13348	5	8	2	3.2
id-13349	6	11	26	3.7
id-13350	1	2	26	4.3
id-13351	2	2	24	3.2
id-13352	10	6	7	4.1
id-13353	1	2	23	3.5
id-13354	8	11	5	4.7
id-13355	10	20	19	3.1
id-13356	1	2	14	3.3
id-13357	3	4	29	3.9
id-13358	7	7	22	4.2
id-13359	2	4	13	3.5
id-13360	3	5	23	4.3
id-13361	2	2	28	4.4
id-13362	6	7	5	4.3
id-13363	2	3	27	3.5
id-13364	4	8	11	3.8
id-13365	10	15	19	4.7
id-13366	4	8	13	3.8
id-13367	1	2	3	3.3
id-13368	5	3	24	3.7
id-13369	6	9	22	3.6
id-13370	5	9	20	3.3
id-13371	8	5	9	3.9
id-13372	4	2	25	4.6
id-13373	2	3	28	4.4
id-13374	10	9	7	3.8
id-13375	4	6	9	3.6
id-13376	8	16	30	3.6
id-13377	7	9	26	4.2
id-13378	9	6	3	4.8
id-13379	2	4	17	4.8
id-13380	6	2	22	3.9
id-13381	7	5	6	3.1
id-13382	1	2	8	3.4
id-13383	5	2	5	4.6
id-13384	4	3	15	3.2
id-13385	8	2	14	3.1
id-13386	7	10	2	4.3
id-13387	7	7	27	4.5
id-13388	2	2	24	3.8
id-13389	1	2	12	4.0
id-13390	10	8	12	3.2
id-13391	2	2	28	4.9
id-13392	2	2	8	4.8
id-13393	6	8	26	4.7
id-13394	9	9	28	5.0
id-13395	6	12	14	3.6
id-13396	3	2	10	4.6
id-13397	9	3	3	4.2
id-13398	1	2	15	4.9
id-13399	6	10	14	4.2
id-13400	2	4	23	3.0
id-13401	9	18	29	4.9
id-13402	3	3	22	3.8
id-13403	8	15	7	4.0
id-13404	5	3	30	4.7
id-13405	7	6	20	4.1
id-13406	7	14	18	4.7
id-13407	4	2	28	3.3
id-13408	2	3	6	3.6
id-13409	6	6	21	4.5
id-13410	7	9	3	3.7
id-13411	10	18	5	4.5
id-13412	1	2	17	3.9
id-13413	9	7	29	4.7
id-13414	1	2	20	3.8
id-13415	8	7	15	4.5
id-13416	6	6	24	3.9
id-13417	4	2	21	4.7
id-13418	4	6	5	4.4
id-13419	5	7	18	4.1
id-13420	6	8	10	4.0
id-13421	2	4	16	3.0
id-13422	7	3	8	4.9
id-13423	3	5	4	4.7
id-13424	8	3	29	4.5
id-13425	3	6	20	4.1
id-13426	1	2	20	3.4
id-13427	5	4	13	3.5
id-13428	4	7	20	3.4
id-13429	2	2	25	5.0
id-13430	10	2	4	5.0
id-13431	3	2	30	3.1
id-13432	10	10	20	3.9
id-13433	5	2	29	3.9
id-13434	2	4	17	3.7
id-13435	9	14	20	3.6
id-13436	8	13	27	3.1
id-13437	9	7	17	4.9
id-13438	2	4	11	3.1
id-13439	6	6	4	3.0
id-13440	9	5	21	3.5
id-13441	6	11	18	4.1
id-13442	7	3	4	4.2
id-13443	8	16	10	3.6
id-13444	7	13	7	4.0
id-13445	9	12	24	4.6
id-13446	10	12	21	3.1
id-13447	2	4	13	3.0
id-13448	9	11	15	3.7
id-13449	1	2	1	3.8
id-13450	1	2	27	3.9
id-13451	10	2	18	4.4
id-13452	2	3	1	3.3
id-13453	8	7	13	5.0
id-13454	4	5	15	3.7
id-13455	1	2	19	3.9
id-13456	4	7	1	4.9
id-13457	10	11	28	4.4
id-13458	9	11	27	3.5
id-13459	4	6	28	4.9
id-13460	7	8	20	4.1
id-13461	10	11	12	4.8
id-13462	4	8	11	4.4
id-13463	4	6	7	3.5
id-13464	2	3	8	3.0
id-13465	2	3	2	4.1
id-13466	7	8	16	3.6
id-13467	6	12	4	4.0
id-13468	6	4	9	3.6
id-13469	8	2	7	4.4
id-13470	10	18	25	3.5
id-13471	7	3	22	4.8
id-13472	7	11	16	3.1
id-13473	6	2	30	3.2
id-13474	2	3	6	3.1
id-13475	6	10	18	4.1
id-13476	1	2	24	4.0
id-13477	6	2	29	3.9
id-13478	1	2	26	3.7
id-13479	7	12	15	3.1
id-13480	6	8	9	3.8
id-13481	6	8	13	5.0
id-13482	2	4	11	3.1
id-13483	8	5	15	3.7
id-13484	9	14	3	3.8
id-13485	1	2	21	4.2
id-13486	1	2	26	3.9
id-13487	1	2	23	3.4
id-13488	3	2	27	4.7
id-13489	4	6	21	4.4
id-13490	1	2	30	3.8
id-13491	5	5	23	4.4
id-13492	3	2	16	4.5
id-13493	6	11	24	3.5
id-13494	3	5	25	4.7
id-13495	6	9	26	4.2
id-13496	9	16	22	3.5
id-13497	1	2	21	4.6
id-13498	2	3	22	4.6
id-13499	3	3	17	3.9
id-13500	1	2	13	4.1
id-13501	8	5	4	3.5
id-13502	8	16	10	3.6
id-13503	4	2	10	3.6
id-13504	5	6	14	3.8
id-13505	9	10	1	3.5
id-13506	1	2	14	4.1
id-13507	10	11	28	4.1
id-13508	6	10	25	4.4
id-13509	1	2	17	3.7
id-13510	2	2	23	3.5
id-13511	5	8	14	3.2
id-13512	6	6	2	4.4
id-13513	10	6	20	3.8
id-13514	3	5	10	4.7
id-13515	4	5	3	3.1
id-13516	4	3	20	4.9
id-13517	1	2	26	4.1
id-13518	10	7	22	3.8
id-13519	3	5	4	5.0
id-13520	2	4	5	3.2
id-13521	10	19	13	4.5
id-13522	9	10	1	4.0
id-13523	10	9	4	4.5
id-13524	2	4	5	4.9
id-13525	7	9	3	3.6
id-13526	6	10	14	3.5
id-13527	1	2	4	3.1
id-13528	3	2	4	3.3
id-13529	2	3	12	3.8
id-13530	3	5	2	4.7
id-13531	3	5	5	4.4
id-13532	1	2	11	4.4
id-13533	3	2	30	4.5
id-13534	7	3	3	4.3
id-13535	9	9	3	3.4
id-13536	10	11	27	3.8
id-13537	10	14	19	3.5
id-13538	1	2	22	4.7
id-13539	8	16	3	3.3
id-13540	3	4	18	3.0
id-13541	1	2	20	4.8
id-13542	6	4	15	3.5
id-13543	10	11	7	4.2
id-13544	1	2	25	4.3
id-13545	3	3	9	4.1
id-13546	1	2	12	3.5
id-13547	3	5	7	3.6
id-13548	5	7	20	3.6
id-13549	1	2	8	3.4
id-13550	6	4	13	4.1
id-13551	2	3	25	4.4
id-13552	7	12	26	3.8
id-13553	7	13	30	3.0
id-13554	8	7	21	4.2
id-13555	2	2	20	3.3
id-13556	4	7	19	3.6
id-13557	2	4	27	4.6
id-13558	10	11	17	4.6
id-13559	8	6	1	3.8
id-13560	5	4	30	4.5
id-13561	7	13	10	3.1
id-13562	6	10	28	4.0
id-13563	9	18	4	4.2
id-13564	3	5	16	3.8
id-13565	2	3	2	4.5
id-13566	5	9	12	3.5
id-13567	3	5	1	4.5
id-13568	3	2	20	4.5
id-13569	10	13	23	4.8
id-13570	1	2	1	3.8
id-13571	3	3	15	4.3
id-13572	6	10	12	4.1
id-13573	3	6	4	4.2
id-13574	9	10	18	3.4
id-13575	6	5	4	3.8
id-13576	9	17	5	3.7
id-13577	5	7	1	4.6
id-13578	9	7	14	3.3
id-13579	4	5	18	3.0
id-13580	9	7	5	3.9
id-13581	8	4	29	5.0
id-13582	2	2	13	4.5
id-13583	7	8	16	4.9
id-13584	8	4	24	4.6
id-13585	4	4	14	4.2
id-13586	1	2	30	4.4
id-13587	10	17	26	4.3
id-13588	6	10	10	4.7
id-13589	10	6	12	3.1
id-13590	2	3	1	4.5
id-13591	3	6	3	3.0
id-13592	3	6	22	3.6
id-13593	3	3	6	3.1
id-13594	3	5	22	4.6
id-13595	5	9	7	3.2
id-13596	9	5	19	3.9
id-13597	5	6	20	3.3
id-13598	9	13	12	3.8
id-13599	5	4	1	4.9
id-13600	9	14	27	4.6
id-13601	7	8	8	4.5
id-13602	3	3	3	3.8
id-13603	7	3	10	4.3
id-13604	7	4	10	4.0
id-13605	3	5	29	3.3
id-13606	4	6	20	5.0
id-13607	6	10	8	4.3
id-13608	4	8	14	3.6
id-13609	5	10	26	3.5
id-13610	1	2	10	3.7
id-13611	5	7	24	4.4
id-13612	2	3	5	3.8
id-13613	2	4	29	3.2
id-13614	10	4	16	3.8
id-13615	10	13	7	3.5
id-13616	6	10	1	4.3
id-13617	8	16	3	3.7
id-13618	6	9	28	3.2
id-13619	7	5	6	4.4
id-13620	1	2	2	3.3
id-13621	1	2	22	4.1
id-13622	8	2	9	3.4
id-13623	3	5	5	3.1
id-13624	4	5	7	3.3
id-13625	8	6	11	4.5
id-13626	6	6	19	4.9
id-13627	5	8	3	3.4
id-13628	3	2	10	4.5
id-13629	10	11	23	3.5
id-13630	6	10	8	4.6
id-13631	4	3	26	3.0
id-13632	8	16	6	4.8
id-13633	6	10	24	3.4
id-13634	2	4	18	3.6
id-13635	4	4	7	3.9
id-13636	6	8	6	3.8
id-13637	7	7	18	3.9
id-13638	1	2	19	3.7
id-13639	10	8	15	4.3
id-13640	6	8	9	3.7
id-13641	8	2	7	4.2
id-13642	1	2	12	4.4
id-13643	5	2	5	3.3
id-13644	5	7	6	4.2
id-13645	8	7	6	3.2
id-13646	5	6	4	4.3
id-13647	10	17	15	3.5
id-13648	4	8	25	4.5
id-13649	10	9	11	4.7
id-13650	9	4	7	3.9
id-13651	9	11	13	3.2
id-13652	3	4	20	3.9
id-13653	3	2	25	3.1
id-13654	8	8	24	4.7
id-13655	7	13	2	4.1
id-13656	2	2	6	4.3
id-13657	5	3	12	4.6
id-13658	5	2	27	3.5
id-13659	3	3	4	3.9
id-13660	4	7	26	4.2
id-13661	9	12	14	5.0
id-13662	6	4	11	4.8
id-13663	4	5	20	3.2
id-13664	4	4	12	3.4
id-13665	1	2	27	5.0
id-13666	2	4	1	4.9
id-13667	8	11	27	3.3
id-13668	2	2	9	4.6
id-13669	10	6	6	4.3
id-13670	3	4	9	3.6
id-13671	10	7	9	3.3
id-13672	10	15	2	4.1
id-13673	9	3	25	3.3
id-13674	1	2	12	4.1
id-13675	8	12	16	3.7
id-13676	7	2	14	3.1
id-13677	6	4	4	5.0
id-13678	3	4	1	4.8
id-13679	4	2	21	4.0
id-13680	8	15	8	3.6
id-13681	7	6	7	4.8
id-13682	3	6	15	3.5
id-13683	4	2	14	4.5
id-13684	7	14	3	3.3
id-13685	6	6	2	4.6
id-13686	6	9	21	4.8
id-13687	8	14	20	3.8
id-13688	5	9	6	4.1
id-13689	9	2	18	3.8
id-13690	10	2	21	3.7
id-13691	1	2	28	4.5
id-13692	8	5	1	3.9
id-13693	2	3	25	4.4
id-13694	7	9	3	4.4
id-13695	2	2	6	3.9
id-13696	1	2	10	3.6
id-13697	2	3	10	4.4
id-13698	9	7	29	4.3
id-13699	7	8	29	4.9
id-13700	3	2	12	4.2
id-13701	10	15	7	3.4
id-13702	3	2	8	3.3
id-13703	4	6	15	4.3
id-13704	8	14	1	3.2
id-13705	1	2	8	3.7
id-13706	9	17	12	4.9
id-13707	10	4	29	4.6
id-13708	6	12	14	4.0
id-13709	9	10	6	3.7
id-13710	5	8	3	4.4
id-13711	3	6	20	4.9
id-13712	6	12	2	3.7
id-13713	1	2	27	3.9
id-13714	6	3	17	4.2
id-13715	8	3	14	3.3
id-13716	5	10	17	4.5
id-13717	7	4	10	3.7
id-13718	5	3	13	4.1
id-13719	2	3	8	4.5
id-13720	10	12	11	3.4
id-13721	10	6	4	3.5
id-13722	7	7	18	4.3
id-13723	1	2	13	3.8
id-13724	6	7	2	4.6
id-13725	5	2	26	3.5
id-13726	10	6	4	4.8
id-13727	2	4	13	3.8
id-13728	9	14	23	5.0
id-13729	5	8	16	4.5
id-13730	2	4	22	3.7
id-13731	7	7	6	3.8
id-13732	6	9	14	5.0
id-13733	1	2	12	4.7
id-13734	1	2	27	3.5
id-13735	2	3	20	3.9
id-13736	6	12	16	4.4
id-13737	5	8	4	4.0
id-13738	8	3	27	3.3
id-13739	8	4	13	4.3
id-13740	10	6	23	4.6
id-13741	2	4	11	4.8
id-13742	8	3	21	3.8
id-13743	1	2	23	4.0
id-13744	2	3	17	4.8
id-13745	2	2	12	3.6
id-13746	8	3	30	3.9
id-13747	9	16	13	3.4
id-13748	9	6	10	3.4
id-13749	10	15	7	4.5
id-13750	7	11	29	4.3
id-13751	9	12	25	3.6
id-13752	10	5	28	4.7
id-13753	8	16	17	3.2
id-13754	9	12	9	4.0
id-13755	8	8	21	3.3
id-13756	9	9	1	3.4
id-13757	4	6	29	4.1
id-13758	9	14	13	3.6
id-13759	1	2	23	3.9
id-13760	4	8	7	5.0
id-13761	5	5	9	4.8
id-13762	8	3	6	3.1
id-13763	1	2	16	4.4
id-13764	3	4	2	3.4
id-13765	7	2	3	4.9
id-13766	1	2	2	4.3
id-13767	10	2	29	4.6
id-13768	8	13	20	4.7
id-13769	5	9	15	4.7
id-13770	8	12	15	3.2
id-13771	1	2	22	4.7
id-13772	2	2	3	4.9
id-13773	5	5	12	4.4
id-13774	8	12	19	3.1
id-13775	3	4	17	3.4
id-13776	4	6	3	4.2
id-13777	7	5	19	3.6
id-13778	1	2	25	4.3
id-13779	10	17	26	3.4
id-13780	4	6	17	4.7
id-13781	8	11	24	4.8
id-13782	8	6	23	3.4
id-13783	10	6	10	3.7
id-13784	8	4	8	4.0
id-13785	5	7	23	3.0
id-13786	10	4	25	4.0
id-13787	10	20	23	4.3
id-13788	5	9	1	4.7
id-13789	10	4	5	3.4
id-13790	5	2	22	3.9
id-13791	4	2	25	3.4
id-13792	3	5	20	3.7
id-13793	5	6	22	3.8
id-13794	7	9	29	4.2
id-13795	3	5	20	3.6
id-13796	4	6	5	3.8
id-13797	9	8	21	3.9
id-13798	6	4	7	3.0
id-13799	6	11	23	3.7
id-13800	6	2	30	3.4
id-13801	8	9	8	4.9
id-13802	3	2	1	3.2
id-13803	4	6	18	4.8
id-13804	3	6	27	3.2
id-13805	4	7	2	4.8
id-13806	5	6	15	3.3
id-13807	1	2	8	4.4
id-13808	4	6	19	3.9
id-13809	8	4	25	4.5
id-13810	10	11	12	4.4
id-13811	1	2	15	4.3
id-13812	6	7	14	4.4
id-13813	2	3	28	3.5
id-13814	5	9	18	3.3
id-13815	5	5	27	3.7
id-13816	2	2	20	3.6
id-13817	3	4	18	4.1
id-13818	1	2	13	3.3
id-13819	5	6	12	4.2
id-13820	5	4	20	4.1
id-13821	6	12	27	4.7
id-13822	4	4	29	3.9
id-13823	4	7	1	4.3
id-13824	4	5	3	3.3
id-13825	7	14	17	3.8
id-13826	3	6	1	4.0
id-13827	1	2	12	4.4
id-13828	6	6	12	3.2
id-13829	5	5	18	3.5
id-13830	8	7	16	4.0
id-13831	9	12	21	4.4
id-13832	10	11	19	3.0
id-13833	5	8	16	4.0
id-13834	3	5	30	3.9
id-13835	8	13	4	4.4
id-13836	10	18	26	4.5
id-13837	8	2	25	3.2
id-13838	5	2	2	3.1
id-13839	1	2	28	3.3
id-13840	7	4	1	3.0
id-13841	3	3	25	4.8
id-13842	10	2	30	4.1
id-13843	5	8	4	5.0
id-13844	6	6	21	3.5
id-13845	10	12	21	3.9
id-13846	4	4	9	3.9
id-13847	3	2	17	3.2
id-13848	4	5	24	3.1
id-13849	5	5	16	4.6
id-13850	7	3	30	3.0
id-13851	2	3	27	3.6
id-13852	7	14	16	3.4
id-13853	10	11	6	4.5
id-13854	10	2	6	3.2
id-13855	9	12	17	3.0
id-13856	2	2	25	3.3
id-13857	8	10	2	4.2
id-13858	6	10	27	4.8
id-13859	10	13	29	3.5
id-13860	1	2	21	3.6
id-13861	10	8	13	3.6
id-13862	6	7	14	4.7
id-13863	7	12	6	4.4
id-13864	5	6	27	3.8
id-13865	7	5	28	3.8
id-13866	7	13	17	4.9
id-13867	1	2	21	3.4
id-13868	6	4	29	3.6
id-13869	3	4	18	4.9
id-13870	2	3	20	4.8
id-13871	6	12	4	3.4
id-13872	8	2	22	4.6
id-13873	5	9	10	3.3
id-13874	5	6	16	4.8
id-13875	6	10	1	3.8
id-13876	2	4	26	4.2
id-13877	10	11	28	4.3
id-13878	4	6	13	4.8
id-13879	10	15	1	4.8
id-13880	6	4	10	3.2
id-13881	7	11	16	4.7
id-13882	1	2	30	3.5
id-13883	8	9	27	3.6
id-13884	4	6	9	4.0
id-13885	7	4	25	4.7
id-13886	7	9	21	4.8
id-13887	9	3	3	4.6
id-13888	9	9	30	3.5
id-13889	9	13	21	4.9
id-13890	4	7	11	4.7
id-13891	4	2	25	3.7
id-13892	9	6	20	4.0
id-13893	4	7	3	4.6
id-13894	3	4	7	4.1
id-13895	4	2	12	4.7
id-13896	10	9	15	4.1
id-13897	10	5	13	4.6
id-13898	5	7	26	4.2
id-13899	9	5	20	3.8
id-13900	8	2	11	3.9
id-13901	5	3	11	4.2
id-13902	10	12	5	3.2
id-13903	6	12	15	4.9
id-13904	6	9	17	4.1
id-13905	8	10	4	4.8
id-13906	1	2	29	4.5
id-13907	5	8	25	3.5
id-13908	5	5	30	4.8
id-13909	7	10	28	4.5
id-13910	10	11	13	5.0
id-13911	4	6	13	3.3
id-13912	6	3	1	3.0
id-13913	8	8	1	3.1
id-13914	5	9	9	3.6
id-13915	6	4	15	4.6
id-13916	4	5	7	4.4
id-13917	4	3	21	4.9
id-13918	8	3	5	4.4
id-13919	6	3	23	4.8
id-13920	4	6	27	3.6
id-13921	1	2	15	3.9
id-13922	1	2	15	4.5
id-13923	7	4	1	3.1
id-13924	10	4	18	4.1
id-13925	5	5	4	4.7
id-13926	4	6	26	4.8
id-13927	2	3	28	3.2
id-13928	9	18	25	4.9
id-13929	2	2	26	3.7
id-13930	5	3	11	4.0
id-13931	4	4	9	4.3
id-13932	7	3	25	4.3
id-13933	1	2	12	4.9
id-13934	4	4	14	5.0
id-13935	10	2	8	3.6
id-13936	6	9	23	5.0
id-13937	8	6	15	4.0
id-13938	4	4	25	3.1
id-13939	5	9	22	4.2
id-13940	9	18	15	3.1
id-13941	2	4	22	4.5
id-13942	7	2	6	4.0
id-13943	1	2	20	4.6
id-13944	3	2	3	3.9
id-13945	5	10	6	4.4
id-13946	7	6	15	4.4
id-13947	4	3	17	3.4
id-13948	3	2	22	3.8
id-13949	10	16	26	3.5
id-13950	10	14	12	3.9
id-13951	7	9	18	3.7
id-13952	2	4	9	4.0
id-13953	8	2	19	3.2
id-13954	2	3	29	5.0
id-13955	7	11	16	3.0
id-13956	2	2	25	3.5
id-13957	2	4	23	4.3
id-13958	2	2	12	3.3
id-13959	1	2	16	3.3
id-13960	3	4	27	4.0
id-13961	7	13	22	4.3
id-13962	3	6	24	4.8
id-13963	6	3	30	3.2
id-13964	3	3	1	4.3
id-13965	10	17	13	3.0
id-13966	8	15	8	5.0
id-13967	7	4	23	4.1
id-13968	8	7	19	4.9
id-13969	2	4	12	4.8
id-13970	5	6	23	4.6
id-13971	10	14	27	3.9
id-13972	7	5	16	4.6
id-13973	3	3	4	3.7
id-13974	9	17	5	4.4
id-13975	8	8	15	4.8
id-13976	1	2	7	3.4
id-13977	7	4	12	5.0
id-13978	5	5	14	4.1
id-13979	6	9	15	3.4
id-13980	10	5	9	4.3
id-13981	7	14	16	4.5
id-13982	9	5	13	4.6
id-13983	4	4	30	4.5
id-13984	8	11	22	4.1
id-13985	9	8	29	3.4
id-13986	10	20	9	4.7
id-13987	8	8	19	4.5
id-13988	7	7	8	4.4
id-13989	8	3	25	4.5
id-13990	7	7	29	3.4
id-13991	4	3	19	4.1
id-13992	4	4	10	3.1
id-13993	6	6	22	3.6
id-13994	9	13	19	4.6
id-13995	9	2	29	4.0
id-13996	6	12	3	3.2
id-13997	3	6	30	4.7
id-13998	5	3	19	3.6
id-13999	2	4	22	4.3
id-14000	8	6	8	4.0
id-14001	10	14	10	3.2
id-14002	2	2	4	3.3
id-14003	4	4	18	3.8
id-14004	1	2	20	3.0
id-14005	1	2	14	4.6
id-14006	7	2	18	3.9
id-14007	7	6	5	4.2
id-14008	9	18	13	4.5
id-14009	5	9	18	4.3
id-14010	4	2	22	4.5
id-14011	9	13	27	4.5
id-14012	10	3	1	4.4
id-14013	1	2	11	3.6
id-14014	3	5	19	3.3
id-14015	10	16	29	3.9
id-14016	1	2	14	3.5
id-14017	8	3	12	3.8
id-14018	9	18	18	3.2
id-14019	10	2	1	3.4
id-14020	4	5	22	3.4
id-14021	6	10	7	3.7
id-14022	2	2	8	3.4
id-14023	8	15	16	4.4
id-14024	1	2	15	3.1
id-14025	5	7	2	3.2
id-14026	2	2	20	4.9
id-14027	3	4	19	4.4
id-14028	6	2	5	3.1
id-14029	9	11	3	3.8
id-14030	2	4	19	3.4
id-14031	1	2	16	4.0
id-14032	5	7	29	3.6
id-14033	6	5	19	4.6
id-14034	3	4	8	3.9
id-14035	3	5	5	4.4
id-14036	8	13	28	3.4
id-14037	7	6	2	4.3
id-14038	2	3	30	3.8
id-14039	7	3	26	3.9
id-14040	8	14	9	3.9
id-14041	1	2	19	4.2
id-14042	10	20	30	3.9
id-14043	4	8	24	3.2
id-14044	6	10	30	4.0
id-14045	9	15	6	4.5
id-14046	8	10	1	4.4
id-14047	5	8	24	3.8
id-14048	10	3	28	4.5
id-14049	1	2	3	4.8
id-14050	7	7	7	4.1
id-14051	7	6	1	4.5
id-14052	9	16	4	3.1
id-14053	3	6	16	3.4
id-14054	6	12	2	3.5
id-14055	7	2	16	3.3
id-14056	10	11	13	3.5
id-14057	3	4	5	4.6
id-14058	9	8	11	4.2
id-14059	7	11	17	3.9
id-14060	4	3	12	4.2
id-14061	9	17	4	3.0
id-14062	2	2	18	3.1
id-14063	8	10	3	3.5
id-14064	9	16	27	3.4
id-14065	5	10	29	4.4
id-14066	4	7	10	4.7
id-14067	2	2	21	4.3
id-14068	9	3	1	3.8
id-14069	6	5	14	3.8
id-14070	9	17	5	4.9
id-14071	1	2	29	4.4
id-14072	4	4	1	3.8
id-14073	4	6	5	3.3
id-14074	4	4	11	3.9
id-14075	3	2	21	3.5
id-14076	5	6	7	4.7
id-14077	3	4	7	3.6
id-14078	2	3	16	3.6
id-14079	3	5	21	4.6
id-14080	3	5	18	4.3
id-14081	6	12	9	4.0
id-14082	1	2	9	3.9
id-14083	2	2	29	3.7
id-14084	1	2	21	4.0
id-14085	9	14	26	4.1
id-14086	3	4	12	3.2
id-14087	5	3	16	4.3
id-14088	6	4	25	4.6
id-14089	9	8	18	3.4
id-14090	2	3	10	3.5
id-14091	3	2	30	3.1
id-14092	2	4	23	3.4
id-14093	7	8	1	4.5
id-14094	9	15	11	5.0
id-14095	9	11	13	4.9
id-14096	7	3	15	3.8
id-14097	9	14	22	3.1
id-14098	5	8	14	4.7
id-14099	5	7	15	3.5
id-14100	2	2	18	3.1
id-14101	10	16	16	3.4
id-14102	6	12	25	3.8
id-14103	4	5	9	4.8
id-14104	10	12	3	3.3
id-14105	3	3	12	4.5
id-14106	7	3	6	3.7
id-14107	6	12	4	4.7
id-14108	6	5	12	3.0
id-14109	8	11	22	4.3
id-14110	6	11	28	3.5
id-14111	9	9	23	3.2
id-14112	5	5	13	3.3
id-14113	2	2	24	4.7
id-14114	1	2	8	3.8
id-14115	6	2	16	4.1
id-14116	5	2	16	4.2
id-14117	6	2	15	3.9
id-14118	9	15	3	4.5
id-14119	1	2	6	3.6
id-14120	7	2	17	4.4
id-14121	8	12	28	3.2
id-14122	1	2	18	3.1
id-14123	10	7	9	3.4
id-14124	9	16	13	4.6
id-14125	10	12	19	3.8
id-14126	5	7	7	3.7
id-14127	1	2	21	4.0
id-14128	5	10	25	3.8
id-14129	10	18	8	3.6
id-14130	10	2	20	4.2
id-14131	3	5	27	4.3
id-14132	8	11	27	4.8
id-14133	10	8	26	4.9
id-14134	9	17	23	4.8
id-14135	1	2	16	4.0
id-14136	8	2	25	4.5
id-14137	3	5	7	3.2
id-14138	1	2	14	3.3
id-14139	3	6	28	3.2
id-14140	10	6	27	5.0
id-14141	4	7	7	4.8
id-14142	10	19	25	4.3
id-14143	4	8	26	4.7
id-14144	8	14	26	3.1
id-14145	1	2	17	4.3
id-14146	5	9	17	4.7
id-14147	8	6	18	3.4
id-14148	7	4	20	3.2
id-14149	5	4	1	3.6
id-14150	4	3	15	3.8
id-14151	2	4	19	4.1
id-14152	9	12	4	3.0
id-14153	1	2	29	3.7
id-14154	1	2	5	4.7
id-14155	7	5	10	4.3
id-14156	10	15	4	4.3
id-14157	2	2	15	3.2
id-14158	8	16	26	3.7
id-14159	6	6	30	3.6
id-14160	6	12	3	3.8
id-14161	7	3	1	4.6
id-14162	4	5	10	4.9
id-14163	4	8	25	3.6
id-14164	3	5	1	3.4
id-14165	8	5	4	4.0
id-14166	10	3	8	3.3
id-14167	8	2	30	3.7
id-14168	8	5	19	4.8
id-14169	9	17	17	3.7
id-14170	8	10	28	4.2
id-14171	1	2	26	4.6
id-14172	5	7	29	3.1
id-14173	9	13	21	4.7
id-14174	6	5	14	3.6
id-14175	2	4	7	4.5
id-14176	6	2	19	4.9
id-14177	7	2	9	3.3
id-14178	6	6	11	3.3
id-14179	6	10	28	3.9
id-14180	1	2	17	3.1
id-14181	7	7	21	3.1
id-14182	4	4	26	4.9
id-14183	5	7	10	3.4
id-14184	5	10	22	4.9
id-14185	7	3	8	4.7
id-14186	4	6	1	3.7
id-14187	9	11	24	4.2
id-14188	8	14	24	4.5
id-14189	9	2	23	3.8
id-14190	6	2	26	4.8
id-14191	6	6	1	3.9
id-14192	4	8	7	4.3
id-14193	3	3	5	4.9
id-14194	4	4	10	4.7
id-14195	6	7	6	3.6
id-14196	1	2	16	3.2
id-14197	9	12	18	4.1
id-14198	1	2	14	3.3
id-14199	4	7	29	3.0
id-14200	2	2	12	4.9
id-14201	7	6	13	4.5
id-14202	10	15	19	4.9
id-14203	1	2	8	4.9
id-14204	6	7	4	4.8
id-14205	4	7	2	3.4
id-14206	9	10	27	4.3
id-14207	8	12	8	4.5
id-14208	1	2	12	3.9
id-14209	8	15	3	3.1
id-14210	8	15	24	4.6
id-14211	4	3	14	3.4
id-14212	1	2	20	3.7
id-14213	4	5	8	4.9
id-14214	10	12	24	3.3
id-14215	4	5	9	4.0
id-14216	1	2	21	3.8
id-14217	3	3	2	4.4
id-14218	9	4	24	4.6
id-14219	1	2	25	4.2
id-14220	4	2	29	3.9
id-14221	3	6	19	4.1
id-14222	6	8	8	3.7
id-14223	9	12	15	3.1
id-14224	1	2	2	3.4
id-14225	9	4	12	3.5
id-14226	6	9	24	3.1
id-14227	1	2	19	4.4
id-14228	2	3	30	3.4
id-14229	7	4	5	4.3
id-14230	2	4	23	3.5
id-14231	1	2	18	3.5
id-14232	1	2	7	4.3
id-14233	1	2	28	3.5
id-14234	6	3	6	3.2
id-14235	7	3	11	4.6
id-14236	9	16	7	3.6
id-14237	8	16	19	4.5
id-14238	8	4	22	3.4
id-14239	1	2	7	4.2
id-14240	10	9	8	3.8
id-14241	10	18	14	4.8
id-14242	9	18	13	3.4
id-14243	7	8	11	3.1
id-14244	3	5	3	3.5
id-14245	4	8	14	3.7
id-14246	9	10	20	5.0
id-14247	4	7	17	5.0
id-14248	6	8	14	4.6
id-14249	3	2	16	3.2
id-14250	9	9	18	3.9
id-14251	1	2	3	3.1
id-14252	2	3	10	3.2
id-14253	7	4	12	4.6
id-14254	7	3	7	4.9
id-14255	10	8	2	3.9
id-14256	5	5	2	3.2
id-14257	5	8	13	4.1
id-14258	3	5	5	4.1
id-14259	9	8	20	3.3
id-14260	2	4	9	3.7
id-14261	8	3	10	4.2
id-14262	10	10	2	3.8
id-14263	9	6	28	4.8
id-14264	4	7	15	4.1
id-14265	5	7	23	4.9
id-14266	5	5	30	3.4
id-14267	4	3	28	3.5
id-14268	9	4	17	4.7
id-14269	6	10	18	4.5
id-14270	6	12	17	4.0
id-14271	4	2	22	4.3
id-14272	10	16	18	3.4
id-14273	7	9	14	3.2
id-14274	10	8	6	3.6
id-14275	8	4	1	3.1
id-14276	8	6	7	3.5
id-14277	3	3	6	4.9
id-14278	10	14	9	3.0
id-14279	10	19	13	5.0
id-14280	9	4	19	5.0
id-14281	8	12	21	4.9
id-14282	3	4	20	5.0
id-14283	4	5	10	3.1
id-14284	3	4	24	4.0
id-14285	2	4	2	3.3
id-14286	3	2	16	3.5
id-14287	10	6	12	5.0
id-14288	5	9	15	4.5
id-14289	2	4	13	4.1
id-14290	4	8	26	3.2
id-14291	4	5	12	3.1
id-14292	5	10	14	3.6
id-14293	1	2	6	3.9
id-14294	9	11	10	4.8
id-14295	8	2	27	4.8
id-14296	7	8	29	3.6
id-14297	1	2	23	4.3
id-14298	8	14	26	3.7
id-14299	4	8	17	4.9
id-14300	6	2	2	4.7
id-14301	6	4	29	4.2
id-14302	10	3	13	3.6
id-14303	8	2	30	3.0
id-14304	4	6	20	5.0
id-14305	10	17	23	3.2
id-14306	3	2	7	3.9
id-14307	8	16	25	3.8
id-14308	2	2	13	3.9
id-14309	3	2	20	4.2
id-14310	4	5	10	4.6
id-14311	9	2	22	4.4
id-14312	7	8	29	4.8
id-14313	2	4	24	4.0
id-14314	3	3	27	3.5
id-14315	4	8	29	3.9
id-14316	3	3	21	3.3
id-14317	7	2	11	4.7
id-14318	2	3	20	4.0
id-14319	3	2	6	3.4
id-14320	5	4	12	4.4
id-14321	4	4	8	4.4
id-14322	10	14	26	3.2
id-14323	8	2	15	4.5
id-14324	7	8	8	3.5
id-14325	5	4	2	4.9
id-14326	9	4	7	3.8
id-14327	7	5	7	3.6
id-14328	7	9	14	3.3
id-14329	2	2	25	4.6
id-14330	4	5	6	3.8
id-14331	7	12	5	5.0
id-14332	2	2	24	3.5
id-14333	4	7	22	4.0
id-14334	4	5	21	4.9
id-14335	5	3	28	4.0
id-14336	6	8	1	3.6
id-14337	1	2	8	3.2
id-14338	5	6	21	3.5
id-14339	4	4	16	3.8
id-14340	8	2	29	3.1
id-14341	1	2	24	4.3
id-14342	4	6	19	3.1
id-14343	3	4	17	3.8
id-14344	4	7	9	3.6
id-14345	7	13	14	3.1
id-14346	9	8	10	4.9
id-14347	5	2	5	3.2
id-14348	6	11	19	3.4
id-14349	5	4	17	4.1
id-14350	2	2	7	3.9
id-14351	10	5	10	3.7
id-14352	3	2	14	4.4
id-14353	3	6	23	5.0
id-14354	4	7	11	4.1
id-14355	4	4	8	3.4
id-14356	2	3	6	3.5
id-14357	6	4	3	4.8
id-14358	4	4	18	4.0
id-14359	7	14	19	3.3
id-14360	1	2	25	4.6
id-14361	9	14	15	3.5
id-14362	10	17	28	3.7
id-14363	3	5	30	4.9
id-14364	1	2	8	4.4
id-14365	1	2	5	3.9
id-14366	3	6	15	4.2
id-14367	2	4	29	4.0
id-14368	10	6	7	3.5
id-14369	6	6	3	3.3
id-14370	2	2	16	4.3
id-14371	2	3	29	5.0
id-14372	1	2	23	4.7
id-14373	10	7	6	3.0
id-14374	1	2	18	3.1
id-14375	5	3	4	4.5
id-14376	10	10	21	4.8
id-14377	7	14	18	4.7
id-14378	3	4	2	3.4
id-14379	7	13	26	4.5
id-14380	10	4	4	4.6
id-14381	7	9	23	3.6
id-14382	5	5	30	3.1
id-14383	6	6	14	4.5
id-14384	2	2	6	3.6
id-14385	9	3	14	3.1
id-14386	8	9	24	4.9
id-14387	6	9	30	4.8
id-14388	3	6	4	4.1
id-14389	4	5	22	3.9
id-14390	7	5	24	4.0
id-14391	5	3	12	4.4
id-14392	9	8	8	4.7
id-14393	6	12	8	4.2
id-14394	9	17	15	4.2
id-14395	9	12	20	3.1
id-14396	9	2	20	4.9
id-14397	9	16	13	4.4
id-14398	3	5	14	3.3
id-14399	1	2	27	3.6
id-14400	2	3	22	3.2
id-14401	5	7	10	3.6
id-14402	8	5	27	3.3
id-14403	9	16	23	4.5
id-14404	6	6	17	3.6
id-14405	6	9	17	4.0
id-14406	10	11	13	3.7
id-14407	5	5	23	4.7
id-14408	1	2	16	3.8
id-14409	6	7	9	4.2
id-14410	1	2	8	4.8
id-14411	2	2	22	4.9
id-14412	4	8	9	3.5
id-14413	3	6	23	4.4
id-14414	3	2	28	3.3
id-14415	9	3	19	4.0
id-14416	7	10	24	4.3
id-14417	7	12	27	3.6
id-14418	8	14	10	3.9
id-14419	6	8	16	4.2
id-14420	4	5	19	3.0
id-14421	7	10	6	4.8
id-14422	3	5	12	4.0
id-14423	1	2	27	3.5
id-14424	5	5	1	3.1
id-14425	1	2	28	5.0
id-14426	7	11	14	4.3
id-14427	4	2	25	3.4
id-14428	1	2	19	4.0
id-14429	6	8	28	4.3
id-14430	2	2	18	3.7
id-14431	2	3	9	4.1
id-14432	8	15	19	3.5
id-14433	8	12	25	3.3
id-14434	8	3	14	3.5
id-14435	7	3	12	4.5
id-14436	9	8	17	4.7
id-14437	5	10	12	4.3
id-14438	8	9	5	4.1
id-14439	4	7	30	4.8
id-14440	1	2	3	4.8
id-14441	1	2	29	4.0
id-14442	8	6	28	3.6
id-14443	8	8	5	4.9
id-14444	2	3	28	3.2
id-14445	4	7	13	4.8
id-14446	3	2	27	4.8
id-14447	5	6	14	4.9
id-14448	8	10	15	4.5
id-14449	2	2	22	4.2
id-14450	9	8	12	5.0
id-14451	8	8	30	4.5
id-14452	2	4	16	3.9
id-14453	8	12	21	4.2
id-14454	4	6	12	4.0
id-14455	3	6	24	3.7
id-14456	3	4	13	4.8
id-14457	9	14	18	4.2
id-14458	5	4	26	4.8
id-14459	7	2	21	3.1
id-14460	7	2	18	3.1
id-14461	5	6	27	3.5
id-14462	1	2	22	4.4
id-14463	6	5	2	4.1
id-14464	5	7	8	4.2
id-14465	8	11	2	4.4
id-14466	7	14	24	4.5
id-14467	10	19	8	4.6
id-14468	8	7	8	4.6
id-14469	6	12	9	4.2
id-14470	8	13	28	3.6
id-14471	5	3	27	4.7
id-14472	1	2	10	3.2
id-14473	2	4	26	4.5
id-14474	3	4	1	4.7
id-14475	8	10	3	4.8
id-14476	3	2	24	5.0
id-14477	9	2	20	4.5
id-14478	10	19	6	3.1
id-14479	1	2	13	5.0
id-14480	7	7	2	4.4
id-14481	7	8	7	3.0
id-14482	6	7	1	3.8
id-14483	5	8	12	3.2
id-14484	2	3	29	3.3
id-14485	10	7	12	3.6
id-14486	4	6	24	4.9
id-14487	10	2	24	4.6
id-14488	8	7	22	3.5
id-14489	4	6	9	3.2
id-14490	4	5	11	3.8
id-14491	2	3	17	4.5
id-14492	7	10	8	3.7
id-14493	10	8	20	4.2
id-14494	4	4	20	3.1
id-14495	10	14	27	3.0
id-14496	4	2	25	4.8
id-14497	7	14	7	4.7
id-14498	4	8	8	3.2
id-14499	8	15	1	3.9
id-14500	2	2	7	3.5
id-14501	7	4	29	3.3
id-14502	6	11	8	3.2
id-14503	4	7	1	4.1
id-14504	2	2	17	4.0
id-14505	9	12	13	4.3
id-14506	3	5	21	4.3
id-14507	2	3	15	4.7
id-14508	5	9	27	4.9
id-14509	9	5	3	4.4
id-14510	6	4	4	3.6
id-14511	2	2	18	4.0
id-14512	5	2	3	3.4
id-14513	6	7	21	4.3
id-14514	2	4	18	3.6
id-14515	1	2	12	4.2
id-14516	1	2	21	4.2
id-14517	10	10	29	3.4
id-14518	10	13	12	4.2
id-14519	5	3	8	4.9
id-14520	7	13	17	4.7
id-14521	4	2	2	4.3
id-14522	3	6	4	4.8
id-14523	6	7	12	4.3
id-14524	1	2	3	3.7
id-14525	9	5	17	4.1
id-14526	7	14	16	4.4
id-14527	9	5	15	4.4
id-14528	8	2	3	3.4
id-14529	5	9	26	4.3
id-14530	9	15	15	4.7
id-14531	7	14	13	3.9
id-14532	2	2	10	4.5
id-14533	2	4	11	3.2
id-14534	10	9	15	4.5
id-14535	5	5	3	3.9
id-14536	2	4	25	4.8
id-14537	3	4	28	4.9
id-14538	3	2	3	4.1
id-14539	6	4	20	3.1
id-14540	4	2	13	4.6
id-14541	7	6	9	3.1
id-14542	7	3	21	3.1
id-14543	7	5	17	3.1
id-14544	6	2	18	3.2
id-14545	6	5	12	4.6
id-14546	7	11	3	3.5
id-14547	6	5	9	3.9
id-14548	1	2	29	4.1
id-14549	6	5	10	4.2
id-14550	8	14	19	3.8
id-14551	3	5	1	3.5
id-14552	3	3	7	4.2
id-14553	10	16	16	3.7
id-14554	2	4	11	3.1
id-14555	3	3	2	3.4
id-14556	3	3	1	4.0
id-14557	3	5	7	4.3
id-14558	2	2	7	3.9
id-14559	10	20	12	4.5
id-14560	1	2	20	4.7
id-14561	10	2	8	4.3
id-14562	8	16	2	3.4
id-14563	4	2	26	4.7
id-14564	7	4	7	4.7
id-14565	10	20	17	3.8
id-14566	9	2	24	3.2
id-14567	6	3	23	3.1
id-14568	2	3	28	4.7
id-14569	4	3	9	3.5
id-14570	1	2	7	3.9
id-14571	5	4	5	4.3
id-14572	9	3	28	4.2
id-14573	7	10	17	3.5
id-14574	1	2	18	4.7
id-14575	2	3	27	4.1
id-14576	5	5	27	4.1
id-14577	3	6	2	3.1
id-14578	10	12	28	4.2
id-14579	7	7	12	4.0
id-14580	6	6	10	3.1
id-14581	9	7	30	3.6
id-14582	1	2	28	5.0
id-14583	10	10	24	4.2
id-14584	6	12	10	3.3
id-14585	3	6	27	4.7
id-14586	5	6	20	3.6
id-14587	5	9	21	3.4
id-14588	1	2	14	3.6
id-14589	2	2	11	3.0
id-14590	10	19	24	3.9
id-14591	6	10	17	4.5
id-14592	7	12	23	3.5
id-14593	7	13	29	4.8
id-14594	2	2	26	4.2
id-14595	5	2	6	3.4
id-14596	8	14	3	4.7
id-14597	9	17	28	3.7
id-14598	3	4	22	3.4
id-14599	6	10	30	3.6
id-14600	5	3	17	3.9
id-14601	4	5	26	3.3
id-14602	5	8	28	3.1
id-14603	7	9	1	3.9
id-14604	2	4	13	3.9
id-14605	8	10	21	4.9
id-14606	8	14	25	4.8
id-14607	4	7	19	3.4
id-14608	10	10	8	3.9
id-14609	6	4	19	4.8
id-14610	6	5	4	3.2
id-14611	4	2	20	4.6
id-14612	1	2	9	3.4
id-14613	5	8	5	4.6
id-14614	6	4	30	3.2
id-14615	1	2	25	3.6
id-14616	10	17	22	3.7
id-14617	7	3	7	4.3
id-14618	8	4	6	4.2
id-14619	1	2	26	4.8
id-14620	5	2	5	4.8
id-14621	3	2	30	3.4
id-14622	8	16	5	4.8
id-14623	8	6	23	4.5
id-14624	1	2	6	4.9
id-14625	4	6	11	4.9
id-14626	9	10	2	4.2
id-14627	7	9	11	4.8
id-14628	8	10	7	4.7
id-14629	5	2	30	4.8
id-14630	5	2	17	4.2
id-14631	3	6	27	4.9
id-14632	9	3	5	3.2
id-14633	8	7	26	3.9
id-14634	7	10	9	4.9
id-14635	7	5	2	3.9
id-14636	6	8	26	4.4
id-14637	10	12	8	4.4
id-14638	8	3	12	3.4
id-14639	3	6	7	3.1
id-14640	7	7	13	3.9
id-14641	3	6	13	3.8
id-14642	2	2	1	4.6
id-14643	9	14	17	3.0
id-14644	4	8	15	3.9
id-14645	8	16	25	3.1
id-14646	1	2	15	4.4
id-14647	1	2	8	3.3
id-14648	5	4	8	4.9
id-14649	8	16	3	4.3
id-14650	7	8	2	3.5
id-14651	7	8	29	4.8
id-14652	1	2	15	4.1
id-14653	4	5	8	5.0
id-14654	2	4	25	4.2
id-14655	5	5	23	4.5
id-14656	4	2	4	4.7
id-14657	2	2	14	4.1
id-14658	8	16	6	4.0
id-14659	2	2	7	4.6
id-14660	7	11	4	4.7
id-14661	1	2	29	3.8
id-14662	1	2	7	3.2
id-14663	4	2	15	3.4
id-14664	3	6	27	3.9
id-14665	2	4	21	3.8
id-14666	2	2	26	3.5
id-14667	7	10	27	4.9
id-14668	8	5	30	4.0
id-14669	7	12	18	3.6
id-14670	6	2	13	3.7
id-14671	7	14	19	3.6
id-14672	1	2	19	4.1
id-14673	1	2	12	3.5
id-14674	1	2	19	4.8
id-14675	3	6	12	4.8
id-14676	4	6	4	5.0
id-14677	3	5	7	3.1
id-14678	7	7	24	3.1
id-14679	10	16	22	3.7
id-14680	10	10	24	3.8
id-14681	1	2	7	4.6
id-14682	1	2	11	4.3
id-14683	9	7	4	3.9
id-14684	4	4	25	3.1
id-14685	8	7	3	4.9
id-14686	8	16	12	4.2
id-14687	3	5	19	3.1
id-14688	3	5	21	3.1
id-14689	9	13	7	4.1
id-14690	2	4	16	3.7
id-14691	9	5	10	4.6
id-14692	1	2	30	4.6
id-14693	2	2	25	4.3
id-14694	10	8	1	3.1
id-14695	3	4	12	4.7
id-14696	3	4	14	4.9
id-14697	7	12	17	4.8
id-14698	3	3	29	3.1
id-14699	1	2	29	3.5
id-14700	5	8	2	3.8
id-14701	10	9	22	4.7
id-14702	1	2	28	4.1
id-14703	3	4	15	3.6
id-14704	6	5	14	3.8
id-14705	5	2	22	4.3
id-14706	6	6	17	4.8
id-14707	9	18	13	3.5
id-14708	2	4	5	3.1
id-14709	4	3	17	4.8
id-14710	5	7	29	4.7
id-14711	6	9	16	3.9
id-14712	8	15	13	4.9
id-14713	6	5	24	3.4
id-14714	3	2	23	4.5
id-14715	10	15	27	3.1
id-14716	10	5	10	4.0
id-14717	2	3	14	4.5
id-14718	4	7	17	4.0
id-14719	9	6	30	4.6
id-14720	7	4	21	4.8
id-14721	4	4	6	4.3
id-14722	8	13	29	4.8
id-14723	4	6	9	4.1
id-14724	8	4	2	4.9
id-14725	6	2	15	3.2
id-14726	8	16	21	4.3
id-14727	5	2	21	4.6
id-14728	8	12	10	4.6
id-14729	10	3	8	4.7
id-14730	10	9	23	3.1
id-14731	2	3	6	4.9
id-14732	7	8	24	3.9
id-14733	3	4	11	3.7
id-14734	5	7	16	3.7
id-14735	3	5	27	4.2
id-14736	9	17	21	3.7
id-14737	9	18	19	3.1
id-14738	5	6	21	4.6
id-14739	7	7	7	4.7
id-14740	9	4	23	3.2
id-14741	1	2	3	3.3
id-14742	4	8	14	4.3
id-14743	6	12	24	4.6
id-14744	9	15	15	3.0
id-14745	5	5	7	4.9
id-14746	7	6	23	4.8
id-14747	7	14	13	4.9
id-14748	2	2	23	3.7
id-14749	6	12	10	3.6
id-14750	2	3	26	4.9
id-14751	6	12	14	3.7
id-14752	3	6	12	4.2
id-14753	8	14	10	4.6
id-14754	7	7	17	4.1
id-14755	4	6	17	3.3
id-14756	10	16	9	4.8
id-14757	8	8	17	4.1
id-14758	3	3	11	4.0
id-14759	5	9	16	4.0
id-14760	10	9	21	3.2
id-14761	8	5	9	4.2
id-14762	7	6	25	3.5
id-14763	7	9	13	4.7
id-14764	9	11	15	3.4
id-14765	6	12	22	3.3
id-14766	3	5	25	3.3
id-14767	3	5	1	3.4
id-14768	5	10	2	4.8
id-14769	5	8	28	4.9
id-14770	5	6	30	4.6
id-14771	6	2	16	4.7
id-14772	8	14	23	3.3
id-14773	6	2	13	3.9
id-14774	4	5	11	3.1
id-14775	7	3	24	4.2
id-14776	8	11	16	4.3
id-14777	3	4	24	3.2
id-14778	2	2	23	4.4
id-14779	2	3	9	4.3
id-14780	3	6	21	3.6
id-14781	3	5	22	3.7
id-14782	5	4	7	4.3
id-14783	7	3	4	4.1
id-14784	4	2	13	3.5
id-14785	8	14	15	4.7
id-14786	2	2	6	4.2
id-14787	6	8	5	4.1
id-14788	5	7	11	4.8
id-14789	2	2	9	4.1
id-14790	5	6	3	4.2
id-14791	10	5	24	4.9
id-14792	1	2	8	3.7
id-14793	5	8	24	4.2
id-14794	2	2	24	4.7
id-14795	3	2	22	4.6
id-14796	6	11	25	3.2
id-14797	7	14	4	3.0
id-14798	6	6	8	3.4
id-14799	7	12	25	4.0
id-14800	2	4	27	3.9
id-14801	7	14	29	4.7
id-14802	2	4	27	4.4
id-14803	2	4	13	4.4
id-14804	1	2	20	5.0
id-14805	8	13	22	4.3
id-14806	9	13	2	3.9
id-14807	1	2	15	4.7
id-14808	7	12	15	3.9
id-14809	5	4	27	4.3
id-14810	4	4	19	3.7
id-14811	3	5	25	4.5
id-14812	10	14	7	3.5
id-14813	10	8	11	3.6
id-14814	10	5	27	3.0
id-14815	2	3	4	5.0
id-14816	9	5	30	4.5
id-14817	8	12	27	4.5
id-14818	10	13	24	4.0
id-14819	3	5	7	4.8
id-14820	7	2	9	3.9
id-14821	7	12	27	3.2
id-14822	4	8	8	4.5
id-14823	3	3	14	3.8
id-14824	6	6	23	4.5
id-14825	8	3	18	3.1
id-14826	7	5	21	3.2
id-14827	8	13	24	3.0
id-14828	4	5	4	3.3
id-14829	3	3	10	4.0
id-14830	7	12	15	4.7
id-14831	7	6	19	4.5
id-14832	2	2	6	3.7
id-14833	7	4	28	3.8
id-14834	4	4	9	4.9
id-14835	3	2	8	3.7
id-14836	3	2	10	4.7
id-14837	7	2	2	4.9
id-14838	1	2	27	4.9
id-14839	1	2	24	4.3
id-14840	1	2	11	3.1
id-14841	3	3	27	4.4
id-14842	2	4	18	4.0
id-14843	2	2	13	4.3
id-14844	8	12	8	3.4
id-14845	6	4	20	3.6
id-14846	9	12	17	3.9
id-14847	3	5	5	3.2
id-14848	1	2	19	4.4
id-14849	10	10	6	4.1
id-14850	8	8	13	3.5
id-14851	2	2	11	3.2
id-14852	2	4	19	4.0
id-14853	10	12	21	3.7
id-14854	10	17	17	3.8
id-14855	9	7	22	4.5
id-14856	10	17	3	4.6
id-14857	8	6	22	3.2
id-14858	4	6	21	3.8
id-14859	1	2	1	4.2
id-14860	6	6	3	3.3
id-14861	8	15	12	3.4
id-14862	4	3	9	3.4
id-14863	7	2	19	4.9
id-14864	3	2	6	5.0
id-14865	4	6	2	4.2
id-14866	9	6	5	3.5
id-14867	9	5	9	4.3
id-14868	10	4	22	3.1
id-14869	7	10	25	4.7
id-14870	8	12	16	4.1
id-14871	2	2	3	3.2
id-14872	1	2	28	3.8
id-14873	7	14	1	3.8
id-14874	2	4	1	3.8
id-14875	4	6	29	3.3
id-14876	4	7	11	4.0
id-14877	1	2	22	4.0
id-14878	4	8	24	3.8
id-14879	2	2	4	3.9
id-14880	7	5	29	3.2
id-14881	7	2	21	4.5
id-14882	6	10	9	3.7
id-14883	5	2	24	4.2
id-14884	9	3	10	3.1
id-14885	7	13	6	5.0
id-14886	5	7	30	4.3
id-14887	4	2	7	3.4
id-14888	1	2	7	3.7
id-14889	5	8	8	3.0
id-14890	9	2	24	3.9
id-14891	4	5	5	4.3
id-14892	8	12	13	4.6
id-14893	8	2	18	4.0
id-14894	2	2	2	3.6
id-14895	5	3	16	4.1
id-14896	4	5	4	4.3
id-14897	1	2	11	4.7
id-14898	9	12	12	3.6
id-14899	2	3	28	3.4
id-14900	9	6	9	3.6
id-14901	2	4	21	5.0
id-14902	5	10	26	4.4
id-14903	10	7	17	3.4
id-14904	2	4	28	4.2
id-14905	7	4	23	4.5
id-14906	2	3	8	3.1
id-14907	1	2	13	3.8
id-14908	4	2	4	3.1
id-14909	5	7	10	3.4
id-14910	10	20	28	3.5
id-14911	8	6	12	4.5
id-14912	10	18	22	4.2
id-14913	7	14	5	4.9
id-14914	6	5	25	3.3
id-14915	9	15	6	4.5
id-14916	7	11	9	3.7
id-14917	1	2	22	3.5
id-14918	7	14	14	3.3
id-14919	1	2	29	3.7
id-14920	1	2	2	3.2
id-14921	8	16	2	4.9
id-14922	3	6	3	4.8
id-14923	7	8	29	5.0
id-14924	3	6	19	3.2
id-14925	2	2	26	3.7
id-14926	5	8	28	4.0
id-14927	8	13	2	4.9
id-14928	2	2	5	4.4
id-14929	3	5	2	3.5
id-14930	9	13	19	3.7
id-14931	3	5	7	4.8
id-14932	8	12	26	4.1
id-14933	2	2	26	4.8
id-14934	4	4	8	3.5
id-14935	3	3	14	3.7
id-14936	9	4	28	4.6
id-14937	5	10	7	3.5
id-14938	8	4	20	4.4
id-14939	5	2	5	3.2
id-14940	8	7	16	3.7
id-14941	3	5	21	3.1
id-14942	5	6	2	3.4
id-14943	7	9	8	3.1
id-14944	6	8	10	4.9
id-14945	1	2	2	3.3
id-14946	3	2	10	4.9
id-14947	10	20	21	3.7
id-14948	10	12	5	3.2
id-14949	7	8	13	4.1
id-14950	7	13	25	3.8
id-14951	8	8	5	4.1
id-14952	9	16	13	3.2
id-14953	10	16	28	4.7
id-14954	6	12	7	4.8
id-14955	6	3	3	3.2
id-14956	8	12	14	4.1
id-14957	2	3	8	3.4
id-14958	8	2	2	4.2
id-14959	5	10	16	4.3
id-14960	2	3	8	4.3
id-14961	3	2	26	3.0
id-14962	8	6	17	4.4
id-14963	10	15	16	4.0
id-14964	10	14	27	4.2
id-14965	4	6	1	4.1
id-14966	10	18	7	3.9
id-14967	8	2	18	3.1
id-14968	9	10	28	4.3
id-14969	1	2	13	3.8
id-14970	4	3	24	4.5
id-14971	10	8	5	4.7
id-14972	1	2	9	3.1
id-14973	2	4	5	3.3
id-14974	8	5	15	3.0
id-14975	9	6	6	4.8
id-14976	2	2	22	4.8
id-14977	8	4	5	4.5
id-14978	3	6	3	3.4
id-14979	1	2	2	3.9
id-14980	5	4	22	4.5
id-14981	10	5	27	4.6
id-14982	5	5	5	3.0
id-14983	4	5	18	4.3
id-14984	1	2	22	3.9
id-14985	8	5	1	4.1
id-14986	4	5	6	3.5
id-14987	1	2	12	3.1
id-14988	9	2	21	4.1
id-14989	6	10	26	3.0
id-14990	7	10	19	4.7
id-14991	9	17	10	3.5
id-14992	1	2	26	3.3
id-14993	5	5	7	3.2
id-14994	5	10	4	4.2
id-14995	3	2	26	4.2
id-14996	9	15	30	4.3
id-14997	10	5	6	3.5
id-14998	2	4	4	3.9
id-14999	3	4	1	4.7
id-15000	1	2	23	4.1
id-15001	9	11	21	4.0
id-15002	9	2	4	4.3
id-15003	6	3	25	4.0
id-15004	7	14	16	3.7
id-15005	3	6	12	4.1
id-15006	7	13	17	3.5
id-15007	2	2	28	3.1
id-15008	1	2	4	4.3
id-15009	3	2	19	4.0
id-15010	1	2	7	4.8
id-15011	6	2	22	3.8
id-15012	4	6	28	3.2
id-15013	10	2	1	4.2
id-15014	2	3	14	4.8
id-15015	2	2	25	3.9
id-15016	2	2	20	3.3
id-15017	2	2	22	4.6
id-15018	10	18	7	4.5
id-15019	1	2	23	4.6
id-15020	3	3	6	3.3
id-15021	2	4	15	3.8
id-15022	7	14	26	3.8
id-15023	1	2	7	4.6
id-15024	10	12	3	4.7
id-15025	5	7	7	3.7
id-15026	5	3	28	3.8
id-15027	7	7	10	3.1
id-15028	1	2	8	3.7
id-15029	1	2	21	4.0
id-15030	9	2	4	3.7
id-15031	3	4	11	3.2
id-15032	6	11	8	3.8
id-15033	10	19	3	3.0
id-15034	3	6	9	3.3
id-15035	2	3	6	3.3
id-15036	8	6	27	3.1
id-15037	5	9	4	3.5
id-15038	3	6	22	4.1
id-15039	4	3	1	3.3
id-15040	3	6	24	4.6
id-15041	9	11	21	3.7
id-15042	2	4	16	4.9
id-15043	1	2	27	3.5
id-15044	2	2	14	3.1
id-15045	7	9	11	4.8
id-15046	3	6	8	4.0
id-15047	7	4	6	4.8
id-15048	4	8	18	3.8
id-15049	3	4	27	3.3
id-15050	10	9	14	4.8
id-15051	9	10	23	3.3
id-15052	5	9	30	3.6
id-15053	8	2	27	4.3
id-15054	6	12	2	4.9
id-15055	6	10	17	4.9
id-15056	5	7	1	4.7
id-15057	2	4	8	3.5
id-15058	2	3	12	3.4
id-15059	3	6	15	3.4
id-15060	10	6	22	4.0
id-15061	9	8	15	4.9
id-15062	6	12	25	3.1
id-15063	10	18	24	4.9
id-15064	7	8	10	4.6
id-15065	5	8	27	3.2
id-15066	6	2	6	3.5
id-15067	8	10	6	4.1
id-15068	3	6	7	4.1
id-15069	2	2	3	4.8
id-15070	9	6	6	3.6
id-15071	7	5	23	3.1
id-15072	6	7	25	4.9
id-15073	8	15	10	4.0
id-15074	10	7	10	3.8
id-15075	10	15	12	4.8
id-15076	5	2	9	4.5
id-15077	8	5	9	4.4
id-15078	4	4	30	3.3
id-15079	6	10	27	4.7
id-15080	2	2	17	5.0
id-15081	3	2	30	4.5
id-15082	3	5	18	4.1
id-15083	4	6	12	3.5
id-15084	4	7	21	3.9
id-15085	3	2	5	4.0
id-15086	8	13	20	5.0
id-15087	1	2	8	3.7
id-15088	9	15	28	4.2
id-15089	1	2	25	3.1
id-15090	8	3	28	4.6
id-15091	10	19	23	4.9
id-15092	5	4	2	4.0
id-15093	3	3	30	4.0
id-15094	5	3	30	4.3
id-15095	10	7	1	3.9
id-15096	7	11	6	3.3
id-15097	1	2	22	3.0
id-15098	1	2	5	4.5
id-15099	9	12	3	3.6
id-15100	5	7	28	3.6
id-15101	6	7	8	3.4
id-15102	5	9	2	4.3
id-15103	7	4	9	4.3
id-15104	3	3	15	3.9
id-15105	10	10	8	4.1
id-15106	2	2	26	3.0
id-15107	9	3	25	4.7
id-15108	6	2	8	4.9
id-15109	7	3	23	3.8
id-15110	9	12	5	5.0
id-15111	2	3	28	3.8
id-15112	4	6	28	3.8
id-15113	9	13	15	4.8
id-15114	3	6	8	4.9
id-15115	5	8	13	4.9
id-15116	6	2	30	3.9
id-15117	8	14	14	3.9
id-15118	9	3	23	3.2
id-15119	6	3	2	3.8
id-15120	4	5	24	4.2
id-15121	7	8	11	4.1
id-15122	8	9	8	3.8
id-15123	5	4	7	4.9
id-15124	6	9	17	4.7
id-15125	3	3	23	3.5
id-15126	10	15	29	4.8
id-15127	5	4	1	4.0
id-15128	10	7	22	4.1
id-15129	6	11	5	4.1
id-15130	6	2	30	3.2
id-15131	1	2	21	3.7
id-15132	1	2	13	3.8
id-15133	3	4	26	3.2
id-15134	10	4	7	4.7
id-15135	10	7	17	4.3
id-15136	10	8	17	3.2
id-15137	6	9	4	4.1
id-15138	2	3	21	4.9
id-15139	6	9	21	3.7
id-15140	4	4	18	4.6
id-15141	3	5	23	3.6
id-15142	5	6	24	3.8
id-15143	8	7	23	3.1
id-15144	4	5	21	3.4
id-15145	3	6	13	3.6
id-15146	6	8	30	3.8
id-15147	7	4	2	3.8
id-15148	9	6	18	3.2
id-15149	10	4	9	4.0
id-15150	10	3	13	3.6
id-15151	5	10	27	3.2
id-15152	8	16	11	3.9
id-15153	2	3	21	3.1
id-15154	2	3	14	4.3
id-15155	1	2	20	3.4
id-15156	7	10	6	4.7
id-15157	7	14	22	4.4
id-15158	3	3	28	4.6
id-15159	7	5	18	3.2
id-15160	6	10	19	4.0
id-15161	6	6	15	3.9
id-15162	8	16	2	3.3
id-15163	6	2	21	3.6
id-15164	9	4	7	4.5
id-15165	4	5	10	4.7
id-15166	7	7	2	3.8
id-15167	1	2	14	4.7
id-15168	10	11	2	4.2
id-15169	10	19	14	4.7
id-15170	4	8	16	3.4
id-15171	5	4	27	3.2
id-15172	10	19	18	3.2
id-15173	4	2	4	4.4
id-15174	6	3	27	4.9
id-15175	6	2	28	4.6
id-15176	1	2	3	3.2
id-15177	1	2	1	4.9
id-15178	3	5	1	4.7
id-15179	10	12	2	3.8
id-15180	1	2	28	5.0
id-15181	6	2	20	4.3
id-15182	1	2	7	3.2
id-15183	3	6	24	3.2
id-15184	5	10	28	4.2
id-15185	6	2	1	4.0
id-15186	8	11	16	4.3
id-15187	6	6	18	4.6
id-15188	4	3	30	3.8
id-15189	2	2	6	4.7
id-15190	1	2	19	3.8
id-15191	9	7	28	3.9
id-15192	1	2	18	4.2
id-15193	8	11	27	4.9
id-15194	2	4	19	4.0
id-15195	10	4	5	4.7
id-15196	7	5	29	3.3
id-15197	10	17	13	4.4
id-15198	6	12	12	3.0
id-15199	4	3	3	4.5
id-15200	7	12	20	4.1
id-15201	4	8	15	4.5
id-15202	7	5	1	4.7
id-15203	1	2	9	3.3
id-15204	6	3	17	3.2
id-15205	2	2	4	4.7
id-15206	1	2	18	3.4
id-15207	8	9	4	3.2
id-15208	7	14	12	3.8
id-15209	7	3	21	4.2
id-15210	4	5	7	3.1
id-15211	4	2	12	3.2
id-15212	10	2	21	4.8
id-15213	3	4	14	3.7
id-15214	5	6	22	4.4
id-15215	4	3	1	5.0
id-15216	5	9	15	3.8
id-15217	10	19	29	4.1
id-15218	5	2	8	4.3
id-15219	3	4	25	3.4
id-15220	3	5	26	3.3
id-15221	5	3	23	4.3
id-15222	5	7	28	3.6
id-15223	7	9	20	4.6
id-15224	5	5	11	4.3
id-15225	9	11	22	4.0
id-15226	2	3	23	4.9
id-15227	10	10	29	3.4
id-15228	2	2	13	4.0
id-15229	7	8	30	3.4
id-15230	2	3	27	4.0
id-15231	7	8	27	5.0
id-15232	4	5	17	4.8
id-15233	6	10	25	4.3
id-15234	3	6	7	4.6
id-15235	7	6	27	3.2
id-15236	2	2	9	4.9
id-15237	5	9	1	3.3
id-15238	9	6	26	5.0
id-15239	3	4	27	4.1
id-15240	4	5	27	3.2
id-15241	5	3	30	4.8
id-15242	2	3	1	4.3
id-15243	6	4	15	4.0
id-15244	10	14	17	3.1
id-15245	6	4	25	4.4
id-15246	10	3	9	3.1
id-15247	6	4	12	4.3
id-15248	5	7	19	4.2
id-15249	9	14	4	4.1
id-15250	9	16	29	3.5
id-15251	3	5	26	3.7
id-15252	9	12	3	4.6
id-15253	1	2	21	3.6
id-15254	8	5	15	4.0
id-15255	10	12	1	4.0
id-15256	5	10	29	4.1
id-15257	2	3	8	4.6
id-15258	4	3	25	4.8
id-15259	8	10	11	3.0
id-15260	4	3	8	3.1
id-15261	6	2	29	5.0
id-15262	2	4	11	4.9
id-15263	5	8	25	4.9
id-15264	9	3	25	5.0
id-15265	5	3	1	3.1
id-15266	6	7	21	4.8
id-15267	5	2	9	3.9
id-15268	6	11	30	3.7
id-15269	2	4	16	3.1
id-15270	9	16	1	3.6
id-15271	2	2	23	4.5
id-15272	6	11	16	4.5
id-15273	7	14	7	4.4
id-15274	4	2	25	3.8
id-15275	4	5	12	3.8
id-15276	3	5	30	3.1
id-15277	5	7	14	4.4
id-15278	4	4	13	4.9
id-15279	3	2	12	5.0
id-15280	1	2	17	4.4
id-15281	3	4	4	5.0
id-15282	9	14	5	3.6
id-15283	5	10	16	4.8
id-15284	3	4	30	4.0
id-15285	7	12	24	3.3
id-15286	4	8	30	4.8
id-15287	9	9	6	4.6
id-15288	10	9	4	4.4
id-15289	2	3	7	4.2
id-15290	8	14	2	4.5
id-15291	4	4	23	3.9
id-15292	8	10	20	4.5
id-15293	8	16	24	3.1
id-15294	2	2	17	3.4
id-15295	5	5	12	3.9
id-15296	7	3	17	4.9
id-15297	9	14	27	4.6
id-15298	10	8	8	4.0
id-15299	10	4	7	4.9
id-15300	4	2	10	4.1
id-15301	2	4	1	4.8
id-15302	10	13	4	3.7
id-15303	9	18	26	3.9
id-15304	4	4	30	3.7
id-15305	7	3	12	4.1
id-15306	4	5	19	3.6
id-15307	5	10	29	3.2
id-15308	1	2	25	4.2
id-15309	1	2	16	4.9
id-15310	10	11	22	4.9
id-15311	9	17	28	3.9
id-15312	8	16	16	3.4
id-15313	9	18	2	3.2
id-15314	5	3	7	4.0
id-15315	7	8	29	5.0
id-15316	10	12	10	4.9
id-15317	5	9	10	4.1
id-15318	1	2	1	3.8
id-15319	6	8	5	4.0
id-15320	5	8	25	4.5
id-15321	6	3	10	3.8
id-15322	2	2	19	4.5
id-15323	3	5	17	4.5
id-15324	3	3	7	3.6
id-15325	7	11	5	4.1
id-15326	1	2	18	4.3
id-15327	3	6	14	3.3
id-15328	10	17	6	4.6
id-15329	9	18	21	4.9
id-15330	7	3	15	4.4
id-15331	4	6	21	3.3
id-15332	7	3	17	4.8
id-15333	10	4	23	4.6
id-15334	8	2	26	3.1
id-15335	4	4	9	4.0
id-15336	5	10	28	3.0
id-15337	9	17	6	4.6
id-15338	1	2	29	4.1
id-15339	2	3	14	3.5
id-15340	9	18	28	3.9
id-15341	1	2	11	3.1
id-15342	3	5	14	3.8
id-15343	2	4	16	4.9
id-15344	8	16	3	4.8
id-15345	1	2	25	3.3
id-15346	10	2	11	3.2
id-15347	6	12	21	4.5
id-15348	9	17	26	4.3
id-15349	3	6	20	4.1
id-15350	4	4	1	4.2
id-15351	8	9	28	4.9
id-15352	9	8	18	3.9
id-15353	3	2	7	3.6
id-15354	8	8	22	4.6
id-15355	2	3	9	4.1
id-15356	5	8	29	4.5
id-15357	1	2	18	3.9
id-15358	1	2	3	4.2
id-15359	4	2	28	3.2
id-15360	4	2	12	3.3
id-15361	8	4	30	3.7
id-15362	3	3	12	3.9
id-15363	8	14	27	4.7
id-15364	7	13	13	3.1
id-15365	9	14	11	3.5
id-15366	2	2	16	3.7
id-15367	7	4	24	4.6
id-15368	8	14	14	3.9
id-15369	2	4	22	4.0
id-15370	8	14	4	4.3
id-15371	4	5	11	3.2
id-15372	3	2	13	3.9
id-15373	3	4	11	4.0
id-15374	2	3	22	3.1
id-15375	8	5	30	3.3
id-15376	8	13	24	3.8
id-15377	2	4	1	4.4
id-15378	2	4	5	4.2
id-15379	6	8	10	4.1
id-15380	4	6	20	3.0
id-15381	4	8	4	4.1
id-15382	5	10	30	4.0
id-15383	6	7	19	4.5
id-15384	9	16	12	3.1
id-15385	9	7	17	4.1
id-15386	10	20	4	3.7
id-15387	4	5	1	4.4
id-15388	10	15	5	4.3
id-15389	4	2	2	3.2
id-15390	10	19	9	3.3
id-15391	1	2	6	3.7
id-15392	2	2	8	4.4
id-15393	6	7	24	4.6
id-15394	9	8	13	3.9
id-15395	2	4	24	3.4
id-15396	8	12	30	4.5
id-15397	8	6	11	3.7
id-15398	3	6	11	3.5
id-15399	5	4	10	4.7
id-15400	4	7	12	4.3
id-15401	6	5	16	3.8
id-15402	9	16	6	3.4
id-15403	1	2	11	3.0
id-15404	2	2	7	4.3
id-15405	6	3	30	4.5
id-15406	5	2	1	3.2
id-15407	5	4	3	4.0
id-15408	4	8	12	4.6
id-15409	2	2	29	3.3
id-15410	3	3	26	3.9
id-15411	4	6	1	3.9
id-15412	5	9	26	4.6
id-15413	8	10	27	3.9
id-15414	1	2	29	4.9
id-15415	6	7	6	4.5
id-15416	7	7	8	3.6
id-15417	7	14	14	4.5
id-15418	10	14	8	4.6
id-15419	2	3	30	3.2
id-15420	2	2	13	3.5
id-15421	5	9	6	5.0
id-15422	10	18	22	3.8
id-15423	2	4	30	3.2
id-15424	1	2	15	4.4
id-15425	1	2	8	4.3
id-15426	7	7	5	4.7
id-15427	6	3	26	3.2
id-15428	6	3	10	3.9
id-15429	9	16	17	4.1
id-15430	8	8	18	3.6
id-15431	10	3	9	3.8
id-15432	10	9	23	4.4
id-15433	6	12	3	4.6
id-15434	1	2	14	4.7
id-15435	6	2	7	4.6
id-15436	9	15	9	4.0
id-15437	3	3	19	4.0
id-15438	4	5	24	3.1
id-15439	9	7	3	3.1
id-15440	7	3	30	3.6
id-15441	9	9	4	4.5
id-15442	8	9	18	4.7
id-15443	9	16	18	4.9
id-15444	3	6	18	4.1
id-15445	4	4	20	3.3
id-15446	10	7	20	3.3
id-15447	6	7	25	4.4
id-15448	9	12	11	4.1
id-15449	8	6	27	4.1
id-15450	1	2	12	3.8
id-15451	7	9	5	4.7
id-15452	9	12	14	3.7
id-15453	1	2	17	3.3
id-15454	10	2	18	4.2
id-15455	7	14	12	4.4
id-15456	2	3	26	3.9
id-15457	3	3	11	4.4
id-15458	4	8	10	3.8
id-15459	3	5	3	4.4
id-15460	7	4	5	3.8
id-15461	5	9	25	4.3
id-15462	1	2	19	4.5
id-15463	2	3	12	4.1
id-15464	2	3	11	3.2
id-15465	7	5	22	3.2
id-15466	10	13	12	3.8
id-15467	2	4	13	3.4
id-15468	2	3	7	3.2
id-15469	1	2	29	4.7
id-15470	1	2	25	3.9
id-15471	6	5	25	4.3
id-15472	10	2	26	4.5
id-15473	5	3	28	3.4
id-15474	7	3	19	4.2
id-15475	3	6	12	3.0
id-15476	6	12	9	3.8
id-15477	3	6	27	3.0
id-15478	5	3	7	3.2
id-15479	9	7	26	4.1
id-15480	1	2	22	5.0
id-15481	5	8	22	3.0
id-15482	2	2	10	3.3
id-15483	1	2	6	4.6
id-15484	4	2	19	4.0
id-15485	4	8	28	3.9
id-15486	4	5	20	4.3
id-15487	4	5	19	3.8
id-15488	3	5	21	4.9
id-15489	6	5	11	4.9
id-15490	8	2	15	4.3
id-15491	4	5	21	4.9
id-15492	10	6	27	3.2
id-15493	10	9	11	4.9
id-15494	9	2	5	4.6
id-15495	4	3	27	4.1
id-15496	6	3	30	3.6
id-15497	8	4	10	3.6
id-15498	5	6	28	3.4
id-15499	9	15	24	4.7
id-15500	5	3	17	3.9
id-15501	4	8	27	3.3
id-15502	10	11	14	3.6
id-15503	10	13	7	4.3
id-15504	3	2	17	3.1
id-15505	9	6	4	4.9
id-15506	2	2	3	3.0
id-15507	8	11	13	3.9
id-15508	5	6	18	3.8
id-15509	4	7	4	4.3
id-15510	1	2	27	4.0
id-15511	8	10	23	3.4
id-15512	4	3	16	3.1
id-15513	7	9	13	3.4
id-15514	5	4	15	3.5
id-15515	8	10	6	3.3
id-15516	9	6	15	4.4
id-15517	8	12	30	4.3
id-15518	4	3	14	3.2
id-15519	6	3	18	5.0
id-15520	8	2	27	3.7
id-15521	5	2	26	3.0
id-15522	4	5	14	4.4
id-15523	10	5	14	4.6
id-15524	8	3	3	4.1
id-15525	5	3	29	4.8
id-15526	5	7	30	3.7
id-15527	1	2	28	3.4
id-15528	1	2	14	3.0
id-15529	1	2	13	4.3
id-15530	6	6	4	4.4
id-15531	3	4	18	4.2
id-15532	2	4	17	3.7
id-15533	3	6	19	3.5
id-15534	2	4	28	4.2
id-15535	8	15	15	4.4
id-15536	10	19	12	4.0
id-15537	4	6	30	3.2
id-15538	7	14	4	3.8
id-15539	6	5	29	4.1
id-15540	6	10	12	4.3
id-15541	2	2	15	4.4
id-15542	8	16	10	3.2
id-15543	6	6	1	4.5
id-15544	2	4	26	3.7
id-15545	10	11	1	3.9
id-15546	3	2	23	4.8
id-15547	2	4	23	3.3
id-15548	2	4	15	3.9
id-15549	10	18	14	4.8
id-15550	1	2	15	4.3
id-15551	10	20	17	4.7
id-15552	1	2	10	4.4
id-15553	7	8	4	3.5
id-15554	5	6	8	4.0
id-15555	10	9	20	4.3
id-15556	6	4	6	4.4
id-15557	1	2	29	4.3
id-15558	10	7	19	4.2
id-15559	2	4	2	3.2
id-15560	2	2	11	4.7
id-15561	9	16	9	3.1
id-15562	10	20	12	4.9
id-15563	1	2	23	3.5
id-15564	4	2	27	4.0
id-15565	2	2	11	4.0
id-15566	7	4	15	3.8
id-15567	1	2	16	3.2
id-15568	6	9	27	3.5
id-15569	3	2	18	3.1
id-15570	3	5	29	3.8
id-15571	2	4	18	4.2
id-15572	1	2	17	4.6
id-15573	9	10	23	3.7
id-15574	6	7	10	4.8
id-15575	1	2	8	4.2
id-15576	2	4	15	4.6
id-15577	5	3	4	4.0
id-15578	10	20	13	4.4
id-15579	2	2	16	3.4
id-15580	5	9	26	4.2
id-15581	3	6	17	3.1
id-15582	3	3	8	3.4
id-15583	7	12	2	3.5
id-15584	6	11	1	4.5
id-15585	1	2	16	4.4
id-15586	9	11	30	4.8
id-15587	4	3	2	3.1
id-15588	4	3	6	4.8
id-15589	2	3	9	3.8
id-15590	2	3	4	4.8
id-15591	8	6	11	3.8
id-15592	4	3	18	4.6
id-15593	9	6	11	3.4
id-15594	5	9	13	4.2
id-15595	7	10	22	4.9
id-15596	7	9	22	3.2
id-15597	6	11	4	3.5
id-15598	10	7	16	5.0
id-15599	2	4	28	3.7
id-15600	3	4	19	4.8
id-15601	4	4	3	4.4
id-15602	6	11	10	3.5
id-15603	1	2	27	3.0
id-15604	5	6	4	4.7
id-15605	7	10	1	5.0
id-15606	3	3	17	3.9
id-15607	10	12	23	3.6
id-15608	9	9	30	4.0
id-15609	4	6	7	4.3
id-15610	5	2	11	4.2
id-15611	10	14	12	4.1
id-15612	7	9	20	4.9
id-15613	2	4	18	4.4
id-15614	2	3	15	3.9
id-15615	2	3	22	4.7
id-15616	1	2	4	4.7
id-15617	3	2	4	4.0
id-15618	7	10	5	4.3
id-15619	2	4	17	3.2
id-15620	9	16	15	4.7
id-15621	4	7	4	4.6
id-15622	7	4	2	3.4
id-15623	3	6	2	3.9
id-15624	2	3	22	3.5
id-15625	6	12	16	3.5
id-15626	1	2	2	3.2
id-15627	5	9	22	4.5
id-15628	6	9	1	4.7
id-15629	7	13	17	4.6
id-15630	7	3	17	4.4
id-15631	7	11	20	3.2
id-15632	4	5	17	3.1
id-15633	1	2	25	4.3
id-15634	9	4	9	3.6
id-15635	8	14	25	3.4
id-15636	2	4	1	3.8
id-15637	7	12	19	3.5
id-15638	8	5	4	3.2
id-15639	3	5	16	4.1
id-15640	8	9	10	3.6
id-15641	10	20	22	4.7
id-15642	10	16	16	3.3
id-15643	1	2	10	4.8
id-15644	10	15	18	4.3
id-15645	8	2	11	3.8
id-15646	10	10	10	3.6
id-15647	7	4	7	4.9
id-15648	9	15	28	4.6
id-15649	9	6	8	4.8
id-15650	9	4	20	5.0
id-15651	1	2	14	4.1
id-15652	10	9	25	4.1
id-15653	10	2	3	4.0
id-15654	7	5	18	4.1
id-15655	8	15	22	4.4
id-15656	6	11	17	3.1
id-15657	10	8	23	4.5
id-15658	10	20	7	4.1
id-15659	7	10	10	3.4
id-15660	3	4	8	3.4
id-15661	5	2	17	4.8
id-15662	5	3	2	4.1
id-15663	2	3	24	3.1
id-15664	2	2	1	3.1
id-15665	8	12	7	3.3
id-15666	8	11	10	4.4
id-15667	1	2	7	5.0
id-15668	1	2	17	4.7
id-15669	1	2	11	4.2
id-15670	9	11	11	4.3
id-15671	2	2	17	3.2
id-15672	7	2	7	4.6
id-15673	1	2	30	4.0
id-15674	4	3	9	4.1
id-15675	8	15	6	4.5
id-15676	3	5	15	4.6
id-15677	3	4	15	3.5
id-15678	6	11	9	3.2
id-15679	1	2	4	4.5
id-15680	6	3	21	3.3
id-15681	6	5	12	3.7
id-15682	6	7	4	4.4
id-15683	7	12	3	3.2
id-15684	4	6	29	3.1
id-15685	6	7	14	4.2
id-15686	6	7	5	3.5
id-15687	10	4	12	3.7
id-15688	2	3	24	4.9
id-15689	10	16	17	4.5
id-15690	3	2	29	4.1
id-15691	7	9	16	4.5
id-15692	4	4	15	4.8
id-15693	2	2	24	3.5
id-15694	9	8	13	4.8
id-15695	3	3	20	3.1
id-15696	4	4	12	4.2
id-15697	9	4	25	3.8
id-15698	9	7	18	3.9
id-15699	6	8	29	4.7
id-15700	7	9	3	4.2
id-15701	9	3	26	3.9
id-15702	8	16	7	3.3
id-15703	5	10	27	5.0
id-15704	8	8	28	3.7
id-15705	9	5	24	3.2
id-15706	2	4	12	4.9
id-15707	8	3	17	4.1
id-15708	3	2	10	4.9
id-15709	7	12	15	3.2
id-15710	6	3	8	3.6
id-15711	2	2	7	4.4
id-15712	2	4	11	3.3
id-15713	6	6	21	4.6
id-15714	5	6	16	3.9
id-15715	1	2	30	3.0
id-15716	2	4	12	4.6
id-15717	4	3	7	4.5
id-15718	10	17	7	3.4
id-15719	8	3	17	3.2
id-15720	5	5	28	4.5
id-15721	8	7	15	4.7
id-15722	3	4	13	3.0
id-15723	8	4	28	4.6
id-15724	1	2	10	4.0
id-15725	7	11	9	4.6
id-15726	5	2	13	3.3
id-15727	8	10	7	5.0
id-15728	6	7	13	4.6
id-15729	3	3	28	3.7
id-15730	6	6	17	4.0
id-15731	8	2	2	4.7
id-15732	5	8	19	3.9
id-15733	4	5	27	3.8
id-15734	3	3	14	3.1
id-15735	6	10	30	3.1
id-15736	3	6	6	4.5
id-15737	5	7	10	3.7
id-15738	2	4	26	3.2
id-15739	2	4	29	3.9
id-15740	3	6	10	4.3
id-15741	7	12	13	4.3
id-15742	4	3	16	3.6
id-15743	2	3	8	4.5
id-15744	6	4	14	4.0
id-15745	6	3	1	4.3
id-15746	5	7	7	4.7
id-15747	6	8	28	4.8
id-15748	8	4	13	3.1
id-15749	8	10	13	3.4
id-15750	10	12	10	3.6
id-15751	8	10	15	4.2
id-15752	9	2	14	4.3
id-15753	2	2	27	3.5
id-15754	9	2	3	4.0
id-15755	10	16	17	4.8
id-15756	8	12	23	4.0
id-15757	7	3	14	4.1
id-15758	8	3	9	4.4
id-15759	7	11	21	3.5
id-15760	2	3	9	4.7
id-15761	9	16	20	3.7
id-15762	2	4	5	4.1
id-15763	8	14	5	3.9
id-15764	6	10	19	4.9
id-15765	6	8	19	3.9
id-15766	8	11	11	3.9
id-15767	4	7	10	3.2
id-15768	3	4	4	4.8
id-15769	9	6	6	3.5
id-15770	3	4	8	4.8
id-15771	3	3	20	4.7
id-15772	7	8	14	3.4
id-15773	3	4	19	4.2
id-15774	3	2	5	3.7
id-15775	5	3	4	4.5
id-15776	4	3	16	3.5
id-15777	8	4	11	3.7
id-15778	6	4	1	3.6
id-15779	7	13	26	3.4
id-15780	7	8	12	3.0
id-15781	10	19	2	3.6
id-15782	2	2	16	3.8
id-15783	5	7	14	4.5
id-15784	4	5	8	3.9
id-15785	5	8	6	3.2
id-15786	8	14	19	3.7
id-15787	6	4	1	5.0
id-15788	10	13	8	4.0
id-15789	6	3	9	4.2
id-15790	8	3	25	3.7
id-15791	10	6	9	3.9
id-15792	6	10	12	3.9
id-15793	4	8	1	3.6
id-15794	1	2	20	4.5
id-15795	10	4	6	4.2
id-15796	1	2	9	4.0
id-15797	9	16	24	3.2
id-15798	1	2	24	3.7
id-15799	7	11	15	4.7
id-15800	5	2	28	4.4
id-15801	10	10	1	4.5
id-15802	4	6	13	4.2
id-15803	3	2	24	4.0
id-15804	1	2	22	4.8
id-15805	10	17	24	4.1
id-15806	6	4	1	3.9
id-15807	7	6	2	5.0
id-15808	1	2	5	4.6
id-15809	4	6	16	3.4
id-15810	7	4	24	4.7
id-15811	4	3	13	4.4
id-15812	4	5	24	4.8
id-15813	9	3	14	3.4
id-15814	7	7	20	3.4
id-15815	8	8	9	3.4
id-15816	6	11	15	3.2
id-15817	1	2	13	4.2
id-15818	9	3	16	3.1
id-15819	10	3	28	3.2
id-15820	3	6	29	3.3
id-15821	2	3	29	3.4
id-15822	10	12	3	3.4
id-15823	4	7	9	4.0
id-15824	3	2	11	3.7
id-15825	1	2	8	4.4
id-15826	9	2	24	3.5
id-15827	5	3	11	4.8
id-15828	2	3	17	4.8
id-15829	1	2	14	4.3
id-15830	2	4	25	3.4
id-15831	9	14	25	4.3
id-15832	4	7	22	3.5
id-15833	1	2	23	4.3
id-15834	6	6	2	3.2
id-15835	6	10	25	3.6
id-15836	1	2	10	4.6
id-15837	8	11	1	3.9
id-15838	7	14	7	3.5
id-15839	1	2	3	3.1
id-15840	1	2	17	3.5
id-15841	4	5	3	4.7
id-15842	10	13	4	4.1
id-15843	4	3	2	4.6
id-15844	5	8	4	3.7
id-15845	6	8	10	4.2
id-15846	4	8	28	4.8
id-15847	10	2	27	3.1
id-15848	6	11	8	3.3
id-15849	10	15	15	3.7
id-15850	10	19	4	4.1
id-15851	8	10	25	3.8
id-15852	1	2	6	4.7
id-15853	7	10	2	3.3
id-15854	6	5	9	4.3
id-15855	4	6	11	3.5
id-15856	1	2	12	4.4
id-15857	5	3	16	3.5
id-15858	8	15	28	3.3
id-15859	2	2	26	4.3
id-15860	5	6	3	4.0
id-15861	9	16	17	3.7
id-15862	8	9	3	4.5
id-15863	6	4	28	3.6
id-15864	9	18	20	4.6
id-15865	8	2	1	4.1
id-15866	6	8	19	3.9
id-15867	4	8	8	3.9
id-15868	8	7	30	4.6
id-15869	5	9	14	3.3
id-15870	5	2	7	5.0
id-15871	10	3	23	3.0
id-15872	3	4	20	4.5
id-15873	3	2	21	3.1
id-15874	5	3	25	4.9
id-15875	10	19	7	4.9
id-15876	4	6	22	3.5
id-15877	6	3	30	3.9
id-15878	10	20	26	3.6
id-15879	3	3	17	4.1
id-15880	4	3	11	3.6
id-15881	7	6	29	4.9
id-15882	9	13	16	3.2
id-15883	5	2	18	5.0
id-15884	9	6	17	4.7
id-15885	9	18	18	3.7
id-15886	7	9	8	4.7
id-15887	8	10	13	4.9
id-15888	7	9	23	3.3
id-15889	5	7	4	3.2
id-15890	3	3	29	3.7
id-15891	3	5	8	4.0
id-15892	3	4	27	4.4
id-15893	4	4	26	4.4
id-15894	8	13	26	3.3
id-15895	1	2	8	4.2
id-15896	3	2	28	4.6
id-15897	8	14	4	3.6
id-15898	2	2	12	4.7
id-15899	10	18	6	4.8
id-15900	8	10	24	3.4
id-15901	10	19	2	4.5
id-15902	10	8	26	3.3
id-15903	2	4	15	3.8
id-15904	3	6	22	4.8
id-15905	5	5	27	5.0
id-15906	3	5	9	4.3
id-15907	7	7	15	3.9
id-15908	10	7	19	3.8
id-15909	7	2	3	4.8
id-15910	8	10	18	3.5
id-15911	8	11	27	3.3
id-15912	1	2	27	3.2
id-15913	9	7	3	3.6
id-15914	5	3	30	4.2
id-15915	1	2	13	4.2
id-15916	10	5	6	4.4
id-15917	8	9	23	4.7
id-15918	10	15	2	3.9
id-15919	10	3	3	4.5
id-15920	4	7	29	4.7
id-15921	6	8	18	4.0
id-15922	1	2	19	3.8
id-15923	4	8	28	3.7
id-15924	1	2	18	4.0
id-15925	3	3	11	3.6
id-15926	10	16	11	3.1
id-15927	6	9	17	3.0
id-15928	4	5	26	4.3
id-15929	9	18	23	5.0
id-15930	8	9	25	4.0
id-15931	5	2	27	4.3
id-15932	9	18	25	4.9
id-15933	4	8	25	3.9
id-15934	1	2	17	3.9
id-15935	2	3	4	4.1
id-15936	9	9	23	3.9
id-15937	1	2	11	4.3
id-15938	2	4	1	3.6
id-15939	10	10	8	3.9
id-15940	4	2	27	3.7
id-15941	6	10	5	4.3
id-15942	6	7	18	3.9
id-15943	2	3	21	4.2
id-15944	1	2	10	3.2
id-15945	7	5	28	3.3
id-15946	6	10	6	4.2
id-15947	2	2	20	4.6
id-15948	7	9	14	4.2
id-15949	5	9	5	4.1
id-15950	5	4	27	5.0
id-15951	3	3	3	4.1
id-15952	4	7	7	4.2
id-15953	3	2	29	4.0
id-15954	3	5	21	3.6
id-15955	8	4	29	3.4
id-15956	1	2	19	4.2
id-15957	7	12	9	3.9
id-15958	3	2	27	3.6
id-15959	4	5	9	4.9
id-15960	1	2	10	4.8
id-15961	3	6	4	5.0
id-15962	4	5	22	4.9
id-15963	5	9	8	4.0
id-15964	3	5	19	4.4
id-15965	2	3	17	3.2
id-15966	5	5	17	3.4
id-15967	7	10	15	3.6
id-15968	1	2	15	4.5
id-15969	6	9	20	4.4
id-15970	2	2	26	4.1
id-15971	2	4	13	4.2
id-15972	1	2	8	4.0
id-15973	6	8	15	4.5
id-15974	2	4	10	3.1
id-15975	3	3	25	3.7
id-15976	5	3	22	3.7
id-15977	8	16	16	3.1
id-15978	3	4	10	4.1
id-15979	1	2	20	3.0
id-15980	9	16	28	4.0
id-15981	4	4	11	3.3
id-15982	6	2	21	3.2
id-15983	5	8	24	4.0
id-15984	6	9	29	3.2
id-15985	10	11	4	4.5
id-15986	1	2	30	3.8
id-15987	1	2	23	3.5
id-15988	4	7	10	3.6
id-15989	2	2	10	3.1
id-15990	5	7	1	4.7
id-15991	4	6	3	3.3
id-15992	8	7	13	3.4
id-15993	4	4	20	3.8
id-15994	1	2	15	3.8
id-15995	4	7	21	3.9
id-15996	2	2	19	3.3
id-15997	6	3	21	3.7
id-15998	9	17	29	4.9
id-15999	6	6	2	5.0
id-16000	10	5	4	4.4
id-16001	1	2	20	4.4
id-16002	10	5	12	5.0
id-16003	3	2	4	4.8
id-16004	1	2	16	3.9
id-16005	4	5	27	4.8
id-16006	2	2	1	4.0
id-16007	9	8	18	3.2
id-16008	1	2	24	4.9
id-16009	10	5	2	4.9
id-16010	6	5	2	4.3
id-16011	5	2	9	3.2
id-16012	7	10	30	3.6
id-16013	10	4	29	4.0
id-16014	2	3	30	3.8
id-16015	4	2	25	3.7
id-16016	6	4	22	4.9
id-16017	7	7	30	3.5
id-16018	3	4	24	3.4
id-16019	4	3	21	3.9
id-16020	3	6	30	3.1
id-16021	5	8	1	4.0
id-16022	10	19	9	3.1
id-16023	4	3	20	4.6
id-16024	5	7	20	3.9
id-16025	10	9	1	4.8
id-16026	4	4	14	4.5
id-16027	8	8	5	4.7
id-16028	1	2	15	3.2
id-16029	10	2	5	4.8
id-16030	2	2	26	3.0
id-16031	9	9	9	4.3
id-16032	10	14	22	4.1
id-16033	2	2	14	5.0
id-16034	1	2	14	4.9
id-16035	9	4	4	4.9
id-16036	7	11	15	4.4
id-16037	6	7	22	3.7
id-16038	7	14	10	3.3
id-16039	4	2	24	3.5
id-16040	5	6	19	4.5
id-16041	6	7	25	4.7
id-16042	9	16	29	3.8
id-16043	3	4	23	3.5
id-16044	9	6	17	3.8
id-16045	2	4	29	4.0
id-16046	9	5	27	3.8
id-16047	1	2	10	4.3
id-16048	7	3	21	4.7
id-16049	6	11	17	3.3
id-16050	1	2	29	4.6
id-16051	4	6	23	5.0
id-16052	5	4	2	3.1
id-16053	1	2	2	3.9
id-16054	3	5	22	4.9
id-16055	2	4	28	4.7
id-16056	5	9	19	3.1
id-16057	9	14	19	3.8
id-16058	9	3	2	3.9
id-16059	7	9	15	4.5
id-16060	6	2	29	4.8
id-16061	6	8	17	3.2
id-16062	7	7	10	4.5
id-16063	9	2	24	4.3
id-16064	8	3	19	3.2
id-16065	8	5	25	3.6
id-16066	4	5	11	3.7
id-16067	1	2	4	4.2
id-16068	4	7	12	4.3
id-16069	7	9	29	3.5
id-16070	6	11	10	3.6
id-16071	10	3	12	3.8
id-16072	6	6	30	4.5
id-16073	5	5	11	3.3
id-16074	6	2	12	3.8
id-16075	7	8	10	4.5
id-16076	1	2	7	4.7
id-16077	3	2	21	3.9
id-16078	7	6	24	4.6
id-16079	5	3	3	3.2
id-16080	6	7	20	3.5
id-16081	9	9	8	4.7
id-16082	6	6	2	3.5
id-16083	1	2	8	4.1
id-16084	5	4	3	3.6
id-16085	1	2	16	3.2
id-16086	8	4	21	4.7
id-16087	8	7	8	4.5
id-16088	9	3	10	3.1
id-16089	6	7	24	3.4
id-16090	2	2	23	4.6
id-16091	6	12	12	3.3
id-16092	1	2	14	3.4
id-16093	3	5	2	4.4
id-16094	8	14	24	4.7
id-16095	5	9	30	4.9
id-16096	10	11	20	4.6
id-16097	6	12	29	4.0
id-16098	3	6	21	3.1
id-16099	6	12	19	3.0
id-16100	8	10	30	4.4
id-16101	5	4	19	4.7
id-16102	5	6	26	3.3
id-16103	1	2	13	5.0
id-16104	6	5	24	4.7
id-16105	10	10	7	4.0
id-16106	8	16	12	3.7
id-16107	2	4	19	3.2
id-16108	6	9	6	3.0
id-16109	10	5	21	4.8
id-16110	10	19	22	4.7
id-16111	6	8	25	4.5
id-16112	7	8	25	3.2
id-16113	6	10	1	4.1
id-16114	4	5	8	3.5
id-16115	3	2	4	3.2
id-16116	10	18	9	4.0
id-16117	5	4	24	4.9
id-16118	10	5	28	3.5
id-16119	1	2	6	3.2
id-16120	2	4	16	4.4
id-16121	1	2	23	4.8
id-16122	5	8	15	3.1
id-16123	6	5	1	4.5
id-16124	6	2	29	3.3
id-16125	1	2	5	4.6
id-16126	10	18	20	3.7
id-16127	9	10	2	4.9
id-16128	3	5	17	4.5
id-16129	1	2	14	4.6
id-16130	8	8	29	3.4
id-16131	4	2	10	4.3
id-16132	2	2	30	3.8
id-16133	3	3	27	4.1
id-16134	8	14	1	4.2
id-16135	4	8	6	4.7
id-16136	6	3	15	3.8
id-16137	7	8	20	4.4
id-16138	8	11	13	4.5
id-16139	10	16	18	4.7
id-16140	6	3	13	4.7
id-16141	6	8	23	4.7
id-16142	3	5	21	4.1
id-16143	4	4	6	3.9
id-16144	3	6	2	4.5
id-16145	8	4	28	4.3
id-16146	7	4	1	4.4
id-16147	4	6	1	3.3
id-16148	3	3	28	4.1
id-16149	9	5	1	4.8
id-16150	3	3	9	3.8
id-16151	1	2	15	4.3
id-16152	9	11	1	5.0
id-16153	1	2	3	5.0
id-16154	5	8	18	3.5
id-16155	9	2	3	3.4
id-16156	2	2	28	4.9
id-16157	2	2	5	3.5
id-16158	1	2	4	4.1
id-16159	10	3	16	3.0
id-16160	3	2	10	3.4
id-16161	4	6	16	3.3
id-16162	5	4	13	4.1
id-16163	2	4	17	4.6
id-16164	2	2	23	3.2
id-16165	9	9	4	4.3
id-16166	7	5	1	4.8
id-16167	7	2	7	3.6
id-16168	4	4	21	3.9
id-16169	8	3	15	3.9
id-16170	9	16	16	4.7
id-16171	3	3	20	4.5
id-16172	8	13	19	3.4
id-16173	3	3	4	3.2
id-16174	5	4	28	4.7
id-16175	5	3	21	3.9
id-16176	9	11	6	3.6
id-16177	9	6	12	4.9
id-16178	1	2	14	4.9
id-16179	7	10	22	3.6
id-16180	10	12	16	3.4
id-16181	4	2	30	3.2
id-16182	5	7	1	3.7
id-16183	7	9	12	4.6
id-16184	4	3	11	4.2
id-16185	1	2	14	4.8
id-16186	1	2	24	3.6
id-16187	6	3	25	4.9
id-16188	7	3	10	3.0
id-16189	10	17	3	3.8
id-16190	2	2	20	3.7
id-16191	10	10	25	4.4
id-16192	2	2	9	4.4
id-16193	2	4	26	3.9
id-16194	10	18	13	4.3
id-16195	7	8	8	4.1
id-16196	7	12	11	4.2
id-16197	6	4	21	4.6
id-16198	4	7	18	3.3
id-16199	3	6	26	4.7
id-16200	2	4	21	3.3
id-16201	8	8	16	3.4
id-16202	3	3	16	4.0
id-16203	10	17	15	4.1
id-16204	5	2	4	4.7
id-16205	9	10	27	4.2
id-16206	5	7	12	3.2
id-16207	2	3	22	3.4
id-16208	2	2	14	4.1
id-16209	8	15	14	3.9
id-16210	10	3	21	3.1
id-16211	9	7	27	3.3
id-16212	1	2	15	4.9
id-16213	8	4	2	4.7
id-16214	2	2	26	4.9
id-16215	4	6	8	4.6
id-16216	10	9	18	3.1
id-16217	7	7	11	3.9
id-16218	4	2	5	3.7
id-16219	4	2	5	3.9
id-16220	10	12	28	3.2
id-16221	10	12	26	4.4
id-16222	9	16	6	4.3
id-16223	10	12	24	4.0
id-16224	3	4	19	4.8
id-16225	1	2	29	4.1
id-16226	9	8	2	3.4
id-16227	9	13	5	3.2
id-16228	9	2	11	4.4
id-16229	1	2	12	3.9
id-16230	3	2	20	4.0
id-16231	3	3	25	4.6
id-16232	4	3	21	4.9
id-16233	5	8	5	3.0
id-16234	2	4	6	4.9
id-16235	5	3	20	3.7
id-16236	6	6	15	4.4
id-16237	2	4	15	4.3
id-16238	3	2	29	4.6
id-16239	4	2	20	4.0
id-16240	6	10	14	4.6
id-16241	3	4	3	3.1
id-16242	3	6	6	4.2
id-16243	3	3	26	4.7
id-16244	1	2	6	4.4
id-16245	1	2	13	5.0
id-16246	5	9	30	4.0
id-16247	4	8	3	3.1
id-16248	1	2	1	3.1
id-16249	10	3	30	4.1
id-16250	8	16	8	4.4
id-16251	8	2	13	5.0
id-16252	3	4	13	3.7
id-16253	7	5	9	3.5
id-16254	9	18	19	4.2
id-16255	1	2	28	3.4
id-16256	6	7	2	3.1
id-16257	5	5	17	3.4
id-16258	3	3	10	3.4
id-16259	8	16	13	3.6
id-16260	8	3	13	4.0
id-16261	9	3	29	4.6
id-16262	4	6	22	3.1
id-16263	9	16	12	4.6
id-16264	2	3	28	4.3
id-16265	9	10	28	3.1
id-16266	2	4	24	4.2
id-16267	8	3	5	4.7
id-16268	6	6	8	4.2
id-16269	9	6	30	4.0
id-16270	6	9	22	3.9
id-16271	9	9	26	4.5
id-16272	10	11	8	3.3
id-16273	3	3	9	3.3
id-16274	6	12	12	4.1
id-16275	4	3	16	4.1
id-16276	4	6	5	5.0
id-16277	8	10	6	4.9
id-16278	2	2	30	4.4
id-16279	2	3	6	3.4
id-16280	1	2	11	3.2
id-16281	2	3	3	4.5
id-16282	5	8	12	3.1
id-16283	7	9	27	3.5
id-16284	4	5	15	4.3
id-16285	3	5	17	3.9
id-16286	2	4	5	3.5
id-16287	6	10	19	4.1
id-16288	8	8	7	3.4
id-16289	10	10	13	3.6
id-16290	8	13	8	5.0
id-16291	3	5	10	4.3
id-16292	8	11	23	3.1
id-16293	4	5	30	3.9
id-16294	5	4	26	3.1
id-16295	6	5	1	4.2
id-16296	8	5	6	4.6
id-16297	4	8	10	3.0
id-16298	6	10	30	4.3
id-16299	10	18	28	3.3
id-16300	4	4	25	3.4
id-16301	7	8	28	4.0
id-16302	5	4	13	3.9
id-16303	9	18	16	4.5
id-16304	9	11	17	3.2
id-16305	5	7	14	4.0
id-16306	4	2	7	3.4
id-16307	4	3	24	3.1
id-16308	5	9	23	3.5
id-16309	9	6	23	4.9
id-16310	9	16	27	4.2
id-16311	10	14	15	4.2
id-16312	6	5	17	4.9
id-16313	10	18	22	3.7
id-16314	9	11	22	4.5
id-16315	3	6	27	4.9
id-16316	8	4	25	3.8
id-16317	7	8	30	3.7
id-16318	8	5	8	4.1
id-16319	7	11	29	4.7
id-16320	6	10	4	3.9
id-16321	6	8	3	4.3
id-16322	3	2	6	4.6
id-16323	9	4	4	3.8
id-16324	5	8	9	3.6
id-16325	4	8	22	3.6
id-16326	4	8	13	4.0
id-16327	6	9	19	4.7
id-16328	4	2	1	3.7
id-16329	1	2	26	4.3
id-16330	9	5	19	3.7
id-16331	6	11	14	4.1
id-16332	8	14	10	3.6
id-16333	7	7	21	4.7
id-16334	6	10	15	5.0
id-16335	8	6	6	3.2
id-16336	9	16	5	5.0
id-16337	9	5	9	4.1
id-16338	3	5	18	3.2
id-16339	7	9	1	3.1
id-16340	1	2	14	4.2
id-16341	3	2	6	3.5
id-16342	10	7	15	4.4
id-16343	7	10	21	3.2
id-16344	2	4	17	4.1
id-16345	3	5	12	3.6
id-16346	2	2	9	3.9
id-16347	1	2	8	3.1
id-16348	6	6	25	4.3
id-16349	2	4	4	4.9
id-16350	10	19	18	3.6
id-16351	2	4	18	4.3
id-16352	6	9	20	4.7
id-16353	4	6	30	4.1
id-16354	3	3	1	4.3
id-16355	1	2	30	4.6
id-16356	5	9	12	3.6
id-16357	6	10	28	4.1
id-16358	8	7	23	4.4
id-16359	7	3	21	4.8
id-16360	5	6	8	4.8
id-16361	6	11	15	3.8
id-16362	8	13	23	3.1
id-16363	9	4	30	4.8
id-16364	1	2	22	3.8
id-16365	1	2	6	4.0
id-16366	4	4	2	5.0
id-16367	9	17	8	3.9
id-16368	8	13	21	3.4
id-16369	10	20	21	3.4
id-16370	6	11	6	3.3
id-16371	3	6	18	4.2
id-16372	5	9	1	3.6
id-16373	6	5	12	3.3
id-16374	4	4	11	3.2
id-16375	7	9	19	3.0
id-16376	9	5	8	4.0
id-16377	9	2	25	4.6
id-16378	8	11	10	3.5
id-16379	2	2	15	3.3
id-16380	6	7	11	3.9
id-16381	3	3	22	3.1
id-16382	3	2	2	4.9
id-16383	6	3	21	3.1
id-16384	7	7	8	4.0
id-16385	4	3	20	4.8
id-16386	10	5	4	4.6
id-16387	8	5	7	4.5
id-16388	9	13	2	4.8
id-16389	5	2	17	4.8
id-16390	8	13	3	3.2
id-16391	8	15	22	4.8
id-16392	10	7	13	5.0
id-16393	7	10	10	3.8
id-16394	10	6	1	3.9
id-16395	8	16	21	4.3
id-16396	9	8	27	5.0
id-16397	6	8	6	4.5
id-16398	8	10	2	3.2
id-16399	1	2	5	3.8
id-16400	8	4	10	4.9
id-16401	8	6	26	4.4
id-16402	9	6	6	4.4
id-16403	10	8	30	3.7
id-16404	3	6	10	3.9
id-16405	8	10	20	3.5
id-16406	3	2	2	3.1
id-16407	1	2	30	3.2
id-16408	5	10	21	4.9
id-16409	10	6	10	3.2
id-16410	5	10	25	3.9
id-16411	7	13	25	4.1
id-16412	7	11	28	4.8
id-16413	7	7	2	4.5
id-16414	1	2	25	4.4
id-16415	3	5	27	4.1
id-16416	3	6	19	3.2
id-16417	8	13	12	4.6
id-16418	9	5	29	3.6
id-16419	9	6	17	3.9
id-16420	9	9	7	4.9
id-16421	4	2	4	3.7
id-16422	10	15	4	4.5
id-16423	1	2	17	3.1
id-16424	2	4	12	3.9
id-16425	2	4	30	3.1
id-16426	10	12	15	3.7
id-16427	10	2	13	3.5
id-16428	1	2	2	4.9
id-16429	3	3	7	3.1
id-16430	3	5	25	3.4
id-16431	2	3	15	4.7
id-16432	10	7	27	3.1
id-16433	9	10	17	3.3
id-16434	8	14	1	3.3
id-16435	6	6	28	4.4
id-16436	10	11	22	3.7
id-16437	1	2	27	3.1
id-16438	2	2	27	4.7
id-16439	8	15	30	4.6
id-16440	8	11	18	4.4
id-16441	5	4	24	3.7
id-16442	4	2	26	3.1
id-16443	10	6	24	3.5
id-16444	1	2	26	3.6
id-16445	6	6	18	3.4
id-16446	1	2	4	4.9
id-16447	7	11	23	3.3
id-16448	7	5	11	3.5
id-16449	2	4	19	3.5
id-16450	4	2	7	3.4
id-16451	10	13	7	4.9
id-16452	10	5	9	3.2
id-16453	4	6	4	4.1
id-16454	3	5	3	4.8
id-16455	10	14	28	4.1
id-16456	9	16	3	3.1
id-16457	4	3	10	4.2
id-16458	8	6	19	4.2
id-16459	6	10	13	4.4
id-16460	9	14	13	5.0
id-16461	7	3	30	4.1
id-16462	5	3	26	4.0
id-16463	6	3	23	4.6
id-16464	4	2	10	4.2
id-16465	3	2	10	3.6
id-16466	2	4	28	4.1
id-16467	10	14	29	4.4
id-16468	5	6	16	4.9
id-16469	6	11	17	3.9
id-16470	7	9	28	3.0
id-16471	7	10	29	3.4
id-16472	2	4	16	3.9
id-16473	7	2	23	4.4
id-16474	9	4	17	4.6
id-16475	7	5	2	3.4
id-16476	8	6	27	3.5
id-16477	8	3	27	3.5
id-16478	7	12	16	4.2
id-16479	7	2	9	3.2
id-16480	4	6	4	4.5
id-16481	6	5	22	3.7
id-16482	6	4	26	4.2
id-16483	1	2	16	3.2
id-16484	3	5	28	4.4
id-16485	8	14	27	3.4
id-16486	2	3	23	3.3
id-16487	2	4	20	4.6
id-16488	8	12	29	3.3
id-16489	6	7	19	4.0
id-16490	4	4	18	4.1
id-16491	1	2	9	4.6
id-16492	8	15	4	3.8
id-16493	4	4	2	3.1
id-16494	9	15	29	3.3
id-16495	5	10	2	3.8
id-16496	6	9	26	3.0
id-16497	8	8	11	3.2
id-16498	9	18	22	3.8
id-16499	2	2	4	4.4
id-16500	9	17	8	4.9
id-16501	7	14	14	4.6
id-16502	1	2	16	4.1
id-16503	1	2	22	3.3
id-16504	2	3	16	3.7
id-16505	9	12	2	4.3
id-16506	7	6	14	3.8
id-16507	6	5	21	3.6
id-16508	6	10	2	3.9
id-16509	9	5	28	4.0
id-16510	10	17	8	3.3
id-16511	10	20	1	4.0
id-16512	1	2	27	3.9
id-16513	7	6	1	3.4
id-16514	6	7	28	4.0
id-16515	3	3	3	3.2
id-16516	8	7	25	3.9
id-16517	8	13	28	4.4
id-16518	6	6	16	4.4
id-16519	2	2	5	4.5
id-16520	8	8	21	4.0
id-16521	1	2	18	4.1
id-16522	8	15	24	4.7
id-16523	4	6	15	4.0
id-16524	9	3	19	3.7
id-16525	3	6	14	4.0
id-16526	10	15	22	3.4
id-16527	3	5	25	3.6
id-16528	6	3	24	3.7
id-16529	7	12	23	4.2
id-16530	2	4	17	4.4
id-16531	1	2	22	3.3
id-16532	6	3	12	3.9
id-16533	3	2	20	4.1
id-16534	10	7	20	3.3
id-16535	7	14	13	4.1
id-16536	7	12	30	4.3
id-16537	7	4	7	4.7
id-16538	10	7	8	3.0
id-16539	10	18	22	3.2
id-16540	8	4	4	4.1
id-16541	10	12	28	4.3
id-16542	3	6	1	4.2
id-16543	8	6	26	3.5
id-16544	10	19	5	3.1
id-16545	1	2	28	4.0
id-16546	3	4	24	3.9
id-16547	3	2	4	4.3
id-16548	1	2	12	3.2
id-16549	4	6	13	4.5
id-16550	2	2	26	5.0
id-16551	6	7	5	4.9
id-16552	10	4	27	3.6
id-16553	9	2	12	3.9
id-16554	2	4	9	3.8
id-16555	4	3	20	3.9
id-16556	8	12	19	4.8
id-16557	7	9	18	4.0
id-16558	6	9	11	3.6
id-16559	3	4	4	5.0
id-16560	10	4	5	4.7
id-16561	2	4	25	4.1
id-16562	1	2	11	4.2
id-16563	9	2	14	3.3
id-16564	3	3	13	3.7
id-16565	1	2	22	4.7
id-16566	5	8	3	4.4
id-16567	4	4	22	3.2
id-16568	3	5	1	3.7
id-16569	9	16	14	4.1
id-16570	7	4	29	3.1
id-16571	7	11	2	4.3
id-16572	3	2	1	3.7
id-16573	6	6	25	3.2
id-16574	3	3	6	3.1
id-16575	2	3	15	4.4
id-16576	5	7	1	4.4
id-16577	5	9	4	3.4
id-16578	9	10	15	4.5
id-16579	1	2	16	3.4
id-16580	10	16	30	4.6
id-16581	3	5	26	4.5
id-16582	4	6	1	4.4
id-16583	7	4	30	3.5
id-16584	8	8	16	4.2
id-16585	5	10	17	4.4
id-16586	2	4	18	4.5
id-16587	5	8	11	3.7
id-16588	5	4	24	3.5
id-16589	8	2	11	3.6
id-16590	9	17	19	4.2
id-16591	4	7	23	3.5
id-16592	3	6	14	3.5
id-16593	10	6	8	4.9
id-16594	2	3	18	4.2
id-16595	4	3	3	3.2
id-16596	3	5	9	4.6
id-16597	9	14	25	4.7
id-16598	10	9	17	4.3
id-16599	3	6	30	4.7
id-16600	1	2	24	4.7
id-16601	1	2	1	4.7
id-16602	8	3	16	3.8
id-16603	7	4	27	4.9
id-16604	7	9	2	4.1
id-16605	10	4	24	4.7
id-16606	4	3	24	3.3
id-16607	3	4	20	5.0
id-16608	8	13	25	4.7
id-16609	5	2	25	4.2
id-16610	4	4	20	4.2
id-16611	8	3	29	4.6
id-16612	2	3	19	4.8
id-16613	8	12	28	3.2
id-16614	4	2	7	4.9
id-16615	4	7	15	3.2
id-16616	6	9	12	4.1
id-16617	6	3	28	3.3
id-16618	6	3	12	4.2
id-16619	4	3	28	3.5
id-16620	6	12	14	3.4
id-16621	8	11	26	4.6
id-16622	6	8	24	3.5
id-16623	10	16	21	4.7
id-16624	1	2	23	3.2
id-16625	2	3	11	4.2
id-16626	1	2	8	3.1
id-16627	7	11	4	4.5
id-16628	3	4	4	4.0
id-16629	2	2	30	3.6
id-16630	2	2	9	4.1
id-16631	5	2	29	4.1
id-16632	10	11	6	3.3
id-16633	1	2	21	3.5
id-16634	9	6	3	3.7
id-16635	5	8	21	3.6
id-16636	10	16	16	4.6
id-16637	4	5	19	4.6
id-16638	5	6	12	4.4
id-16639	1	2	7	3.6
id-16640	9	5	27	3.8
id-16641	10	14	25	4.1
id-16642	1	2	22	3.3
id-16643	3	2	10	3.6
id-16644	5	9	20	4.3
id-16645	6	4	9	3.1
id-16646	3	4	28	4.8
id-16647	9	5	13	3.3
id-16648	10	13	3	4.3
id-16649	3	2	4	3.1
id-16650	2	3	12	3.1
id-16651	3	6	10	4.1
id-16652	3	3	7	3.6
id-16653	3	5	5	3.8
id-16654	3	6	29	3.3
id-16655	4	3	27	4.8
id-16656	3	3	18	4.1
id-16657	8	4	6	4.7
id-16658	2	2	3	4.3
id-16659	9	12	17	3.1
id-16660	8	11	21	3.6
id-16661	2	3	22	4.7
id-16662	1	2	3	4.3
id-16663	8	14	4	3.8
id-16664	2	3	10	4.8
id-16665	7	2	26	3.1
id-16666	8	8	10	3.5
id-16667	1	2	16	4.4
id-16668	3	2	15	4.0
id-16669	8	14	25	4.8
id-16670	7	10	11	4.9
id-16671	7	10	2	3.1
id-16672	3	3	3	3.4
id-16673	8	4	1	3.3
id-16674	8	9	2	3.3
id-16675	7	14	11	4.4
id-16676	9	11	6	3.5
id-16677	4	5	4	3.7
id-16678	5	10	10	3.9
id-16679	4	2	27	3.9
id-16680	7	9	12	3.2
id-16681	1	2	19	4.2
id-16682	1	2	16	3.9
id-16683	9	16	12	3.5
id-16684	2	4	21	4.7
id-16685	1	2	3	4.2
id-16686	1	2	27	3.7
id-16687	2	4	18	4.9
id-16688	9	6	12	3.8
id-16689	2	2	12	4.8
id-16690	3	2	28	4.1
id-16691	1	2	12	3.0
id-16692	4	7	29	4.1
id-16693	4	7	9	4.3
id-16694	2	3	14	4.9
id-16695	1	2	18	4.8
id-16696	3	4	9	3.1
id-16697	2	3	15	4.2
id-16698	4	4	19	4.4
id-16699	1	2	19	4.5
id-16700	3	5	1	3.2
id-16701	3	4	22	3.3
id-16702	3	6	1	4.6
id-16703	3	6	16	4.4
id-16704	2	3	16	3.8
id-16705	6	2	27	4.0
id-16706	3	4	6	4.2
id-16707	6	3	11	3.6
id-16708	5	2	10	3.1
id-16709	1	2	16	3.4
id-16710	5	3	5	3.6
id-16711	6	4	16	5.0
id-16712	7	10	18	3.9
id-16713	1	2	13	3.5
id-16714	5	3	24	3.3
id-16715	10	14	29	4.5
id-16716	9	10	20	3.7
id-16717	6	5	28	3.8
id-16718	7	3	13	3.3
id-16719	9	6	14	3.0
id-16720	4	4	19	4.7
id-16721	1	2	29	4.2
id-16722	8	4	13	4.4
id-16723	1	2	14	3.2
id-16724	6	3	24	5.0
id-16725	5	5	26	3.4
id-16726	4	8	6	3.7
id-16727	1	2	4	4.2
id-16728	2	4	20	3.9
id-16729	5	10	12	3.6
id-16730	9	15	5	3.3
id-16731	2	2	13	4.6
id-16732	3	6	9	4.8
id-16733	8	12	17	3.4
id-16734	10	10	5	3.6
id-16735	9	7	7	3.3
id-16736	9	12	24	3.7
id-16737	1	2	6	5.0
id-16738	1	2	15	5.0
id-16739	3	3	20	3.5
id-16740	2	2	9	3.9
id-16741	4	3	17	3.8
id-16742	5	7	16	4.9
id-16743	5	3	27	4.9
id-16744	1	2	30	5.0
id-16745	9	5	1	4.7
id-16746	10	3	17	4.9
id-16747	8	9	12	4.6
id-16748	7	10	29	3.9
id-16749	7	11	13	3.4
id-16750	1	2	4	3.2
id-16751	5	3	14	4.9
id-16752	2	2	26	4.2
id-16753	5	5	24	4.8
id-16754	4	7	8	3.3
id-16755	10	4	23	4.5
id-16756	4	6	7	3.1
id-16757	8	6	20	4.8
id-16758	7	8	26	3.3
id-16759	2	3	24	4.3
id-16760	2	2	5	3.9
id-16761	4	8	26	4.8
id-16762	10	16	15	4.5
id-16763	2	3	2	3.4
id-16764	7	9	28	3.3
id-16765	3	3	3	3.9
id-16766	7	14	29	4.8
id-16767	10	9	3	4.9
id-16768	4	5	14	4.0
id-16769	10	11	19	4.1
id-16770	3	4	5	4.1
id-16771	1	2	27	4.6
id-16772	9	11	28	4.4
id-16773	4	7	20	3.5
id-16774	9	17	10	3.8
id-16775	10	2	4	4.9
id-16776	9	18	5	3.1
id-16777	7	4	5	3.2
id-16778	2	2	27	4.3
id-16779	1	2	2	4.4
id-16780	10	3	18	4.9
id-16781	7	8	16	4.2
id-16782	1	2	11	3.7
id-16783	1	2	5	3.1
id-16784	2	4	2	4.5
id-16785	2	3	26	3.6
id-16786	1	2	12	4.1
id-16787	1	2	14	4.4
id-16788	2	3	4	4.6
id-16789	8	2	12	4.6
id-16790	7	10	17	3.7
id-16791	8	11	23	3.4
id-16792	7	11	14	4.0
id-16793	4	2	30	3.2
id-16794	10	3	14	3.1
id-16795	1	2	22	3.9
id-16796	6	11	18	4.1
id-16797	10	3	23	4.8
id-16798	1	2	10	4.9
id-16799	4	2	14	4.9
id-16800	1	2	14	3.9
id-16801	1	2	4	3.1
id-16802	5	8	18	4.1
id-16803	2	3	30	3.1
id-16804	9	2	21	4.4
id-16805	3	4	28	3.5
id-16806	3	5	5	3.4
id-16807	10	19	8	4.3
id-16808	2	2	30	3.7
id-16809	8	15	17	3.3
id-16810	1	2	3	3.8
id-16811	2	3	26	4.3
id-16812	6	6	9	3.7
id-16813	5	9	18	3.0
id-16814	8	2	11	4.4
id-16815	7	14	29	4.4
id-16816	3	4	4	4.8
id-16817	8	12	26	4.8
id-16818	2	2	4	3.1
id-16819	5	4	2	3.1
id-16820	7	3	19	4.9
id-16821	9	16	23	4.0
id-16822	3	3	30	3.7
id-16823	6	11	29	3.0
id-16824	10	5	10	3.3
id-16825	3	2	12	4.0
id-16826	9	4	15	3.6
id-16827	2	3	28	4.4
id-16828	1	2	8	4.9
id-16829	9	13	12	3.0
id-16830	9	12	13	4.6
id-16831	1	2	24	4.5
id-16832	10	3	13	3.8
id-16833	1	2	18	3.5
id-16834	1	2	3	3.2
id-16835	3	3	24	4.6
id-16836	7	14	30	4.6
id-16837	6	12	9	4.7
id-16838	10	5	15	4.5
id-16839	5	4	19	5.0
id-16840	4	3	24	3.2
id-16841	8	4	23	3.4
id-16842	8	8	29	3.3
id-16843	1	2	20	3.0
id-16844	5	6	27	3.8
id-16845	5	3	5	3.2
id-16846	10	10	24	4.5
id-16847	10	17	21	4.6
id-16848	3	5	30	4.4
id-16849	10	13	4	4.2
id-16850	1	2	11	4.2
id-16851	7	11	20	4.8
id-16852	4	5	25	4.3
id-16853	5	8	6	4.8
id-16854	2	2	25	4.0
id-16855	10	3	11	3.4
id-16856	9	15	6	4.2
id-16857	10	4	16	3.8
id-16858	5	2	9	4.0
id-16859	4	2	20	3.7
id-16860	3	3	11	3.8
id-16861	2	4	13	4.4
id-16862	1	2	12	3.6
id-16863	2	4	20	4.6
id-16864	1	2	24	4.9
id-16865	1	2	11	3.3
id-16866	8	3	3	3.4
id-16867	2	4	24	3.8
id-16868	2	4	21	4.4
id-16869	10	4	7	3.4
id-16870	4	2	6	4.6
id-16871	5	8	22	3.0
id-16872	1	2	21	4.8
id-16873	10	16	18	4.6
id-16874	5	2	27	4.7
id-16875	2	3	9	3.4
id-16876	8	6	2	3.5
id-16877	8	6	2	3.9
id-16878	2	4	6	4.1
id-16879	1	2	26	4.3
id-16880	10	13	3	4.0
id-16881	3	5	10	3.7
id-16882	7	4	2	4.3
id-16883	5	2	12	4.5
id-16884	6	3	9	4.8
id-16885	6	10	26	3.8
id-16886	4	2	29	3.1
id-16887	9	18	5	4.3
id-16888	8	9	12	4.2
id-16889	3	2	3	3.5
id-16890	7	7	3	4.4
id-16891	2	2	21	4.9
id-16892	2	4	5	3.3
id-16893	6	12	22	4.5
id-16894	1	2	25	4.5
id-16895	5	10	24	3.7
id-16896	3	5	27	3.6
id-16897	6	9	25	4.7
id-16898	4	7	7	4.3
id-16899	6	11	17	3.3
id-16900	8	6	30	3.9
id-16901	3	5	19	3.8
id-16902	6	7	24	4.9
id-16903	5	8	29	3.0
id-16904	7	13	1	4.2
id-16905	9	6	11	3.6
id-16906	2	2	6	4.2
id-16907	6	11	5	3.9
id-16908	6	9	6	3.1
id-16909	8	11	5	3.9
id-16910	1	2	20	4.3
id-16911	8	2	12	4.3
id-16912	8	5	25	4.3
id-16913	7	11	19	4.3
id-16914	8	15	5	4.6
id-16915	5	4	30	4.0
id-16916	8	10	5	4.0
id-16917	6	6	12	4.7
id-16918	2	2	21	4.4
id-16919	3	4	15	4.0
id-16920	5	6	27	4.5
id-16921	7	2	14	3.5
id-16922	9	4	13	3.8
id-16923	4	6	5	3.5
id-16924	9	7	20	4.0
id-16925	3	2	15	4.2
id-16926	5	3	23	3.8
id-16927	7	4	16	4.8
id-16928	1	2	14	4.1
id-16929	1	2	29	3.1
id-16930	4	5	2	4.4
id-16931	2	3	24	4.3
id-16932	7	3	15	4.2
id-16933	8	11	25	3.2
id-16934	5	3	21	3.8
id-16935	7	4	29	3.6
id-16936	1	2	1	3.9
id-16937	1	2	23	4.6
id-16938	6	3	8	3.2
id-16939	2	4	2	4.8
id-16940	3	4	11	4.4
id-16941	3	2	28	4.4
id-16942	1	2	4	4.0
id-16943	4	6	16	3.2
id-16944	10	6	30	3.4
id-16945	6	4	10	4.6
id-16946	2	2	6	4.1
id-16947	6	8	27	3.1
id-16948	7	14	9	4.2
id-16949	5	5	24	3.7
id-16950	3	6	23	3.7
id-16951	8	7	29	4.4
id-16952	4	6	9	4.3
id-16953	7	3	29	3.0
id-16954	4	4	19	4.7
id-16955	2	2	24	3.3
id-16956	8	9	7	4.2
id-16957	9	2	28	4.5
id-16958	1	2	22	3.1
id-16959	6	10	26	4.1
id-16960	7	9	8	4.1
id-16961	2	3	30	3.6
id-16962	9	5	17	3.8
id-16963	4	5	20	4.5
id-16964	5	7	12	3.4
id-16965	10	17	8	4.8
id-16966	9	16	4	3.3
id-16967	8	3	4	5.0
id-16968	8	7	5	4.0
id-16969	8	7	21	3.9
id-16970	6	8	26	4.2
id-16971	9	17	22	3.6
id-16972	8	10	9	4.8
id-16973	9	18	5	4.2
id-16974	5	4	2	4.2
id-16975	5	4	25	3.8
id-16976	4	3	28	3.2
id-16977	4	8	27	4.4
id-16978	6	4	7	3.2
id-16979	4	5	3	3.3
id-16980	9	13	4	4.5
id-16981	6	12	18	4.7
id-16982	10	16	24	3.7
id-16983	8	6	16	4.0
id-16984	8	13	25	3.5
id-16985	9	13	2	4.8
id-16986	6	8	20	4.1
id-16987	8	8	22	3.3
id-16988	6	2	3	3.6
id-16989	10	9	10	3.9
id-16990	1	2	19	3.3
id-16991	9	12	10	3.2
id-16992	6	12	21	3.6
id-16993	5	10	25	4.8
id-16994	4	8	2	3.9
id-16995	10	6	25	3.9
id-16996	3	2	2	4.2
id-16997	10	6	1	3.5
id-16998	4	6	13	3.9
id-16999	7	13	12	4.7
id-17000	6	11	19	3.2
id-17001	4	5	8	4.5
id-17002	6	5	21	3.6
id-17003	6	9	25	4.7
id-17004	10	11	5	3.7
id-17005	9	2	22	3.7
id-17006	9	14	3	4.6
id-17007	5	7	26	4.5
id-17008	2	4	23	4.2
id-17009	10	11	11	4.1
id-17010	8	13	13	4.0
id-17011	6	5	20	4.2
id-17012	8	6	13	4.7
id-17013	1	2	2	4.0
id-17014	8	16	13	4.2
id-17015	3	3	12	4.9
id-17016	4	6	8	3.1
id-17017	2	3	14	4.2
id-17018	1	2	7	5.0
id-17019	4	8	24	4.1
id-17020	7	6	13	4.5
id-17021	8	12	17	4.1
id-17022	10	19	3	3.2
id-17023	4	3	27	4.9
id-17024	1	2	1	3.5
id-17025	7	10	16	4.2
id-17026	2	3	5	4.2
id-17027	1	2	16	3.5
id-17028	8	4	21	3.5
id-17029	9	13	4	4.4
id-17030	3	2	11	3.9
id-17031	10	19	11	4.0
id-17032	5	4	5	4.4
id-17033	2	4	16	3.6
id-17034	7	11	28	3.5
id-17035	8	9	2	4.0
id-17036	5	4	7	4.4
id-17037	3	6	17	4.6
id-17038	7	3	19	4.2
id-17039	2	3	8	4.2
id-17040	7	4	6	3.6
id-17041	7	13	4	4.5
id-17042	2	4	1	3.6
id-17043	2	2	15	3.4
id-17044	4	5	21	4.2
id-17045	4	5	22	3.7
id-17046	1	2	8	5.0
id-17047	6	7	15	3.2
id-17048	7	14	11	4.8
id-17049	7	10	21	3.3
id-17050	7	4	23	4.6
id-17051	8	9	13	3.9
id-17052	10	9	18	3.5
id-17053	1	2	22	3.7
id-17054	3	5	23	4.6
id-17055	1	2	3	3.3
id-17056	3	5	24	3.2
id-17057	1	2	12	3.3
id-17058	1	2	24	4.9
id-17059	5	8	19	4.1
id-17060	7	5	12	4.5
id-17061	3	2	8	4.9
id-17062	3	3	11	3.1
id-17063	9	6	9	4.6
id-17064	1	2	20	3.7
id-17065	6	4	27	3.2
id-17066	8	2	23	3.6
id-17067	2	2	27	4.4
id-17068	6	11	23	3.1
id-17069	8	3	26	4.5
id-17070	5	8	19	3.9
id-17071	4	4	12	3.7
id-17072	3	3	21	4.0
id-17073	2	2	22	3.1
id-17074	9	8	5	3.8
id-17075	10	12	4	3.4
id-17076	8	8	1	4.9
id-17077	7	3	9	4.4
id-17078	8	14	8	3.1
id-17079	8	5	24	3.0
id-17080	5	9	20	4.3
id-17081	3	3	4	3.0
id-17082	8	3	13	4.7
id-17083	5	8	24	4.6
id-17084	2	2	26	4.5
id-17085	2	2	4	4.0
id-17086	4	3	20	3.8
id-17087	9	14	25	4.2
id-17088	3	2	6	3.9
id-17089	1	2	3	3.3
id-17090	8	5	2	3.7
id-17091	5	2	23	4.7
id-17092	3	6	5	4.0
id-17093	7	12	7	3.3
id-17094	4	8	17	4.7
id-17095	2	4	18	3.3
id-17096	8	16	13	4.1
id-17097	1	2	24	4.3
id-17098	2	4	7	4.0
id-17099	5	10	28	3.1
id-17100	10	8	4	3.7
id-17101	4	8	30	4.4
id-17102	8	14	14	3.9
id-17103	4	4	23	3.9
id-17104	1	2	7	3.3
id-17105	10	17	22	4.4
id-17106	9	5	17	3.5
id-17107	9	2	30	3.4
id-17108	6	11	29	3.8
id-17109	2	3	15	4.3
id-17110	10	15	5	3.1
id-17111	9	13	9	3.3
id-17112	4	3	13	4.6
id-17113	3	2	12	3.3
id-17114	3	4	7	3.5
id-17115	3	5	29	5.0
id-17116	3	2	29	4.7
id-17117	9	15	16	4.0
id-17118	1	2	9	3.6
id-17119	10	20	13	3.5
id-17120	10	5	23	3.6
id-17121	2	2	1	4.2
id-17122	1	2	30	3.3
id-17123	3	6	15	3.9
id-17124	1	2	23	3.6
id-17125	10	15	11	3.4
id-17126	7	4	9	3.1
id-17127	4	2	8	3.7
id-17128	5	6	5	4.7
id-17129	2	2	20	3.3
id-17130	10	9	8	4.8
id-17131	10	5	8	4.4
id-17132	5	3	18	4.3
id-17133	7	12	17	4.2
id-17134	8	6	14	3.8
id-17135	4	7	1	3.3
id-17136	4	2	3	4.1
id-17137	3	4	30	3.2
id-17138	3	5	8	4.4
id-17139	4	2	3	3.5
id-17140	2	4	21	3.6
id-17141	6	4	8	4.1
id-17142	4	5	15	3.3
id-17143	9	15	15	3.8
id-17144	3	3	16	3.1
id-17145	6	2	21	3.8
id-17146	7	6	26	3.5
id-17147	6	7	18	4.4
id-17148	9	11	26	3.2
id-17149	5	6	17	4.1
id-17150	9	12	19	4.4
id-17151	9	7	13	3.3
id-17152	7	6	26	3.9
id-17153	3	6	28	4.1
id-17154	6	8	25	4.8
id-17155	4	8	14	3.6
id-17156	8	9	22	3.6
id-17157	7	4	22	4.1
id-17158	1	2	27	3.2
id-17159	9	2	7	4.8
id-17160	1	2	5	3.3
id-17161	1	2	3	3.6
id-17162	5	5	2	3.2
id-17163	5	3	21	4.7
id-17164	8	8	29	4.2
id-17165	7	14	1	3.8
id-17166	7	7	2	4.5
id-17167	5	9	1	4.7
id-17168	1	2	4	3.5
id-17169	9	3	30	4.9
id-17170	4	7	4	3.4
id-17171	10	16	8	4.7
id-17172	4	7	9	4.7
id-17173	8	12	24	4.8
id-17174	2	3	13	4.7
id-17175	6	9	16	3.8
id-17176	2	3	1	4.6
id-17177	3	5	23	4.4
id-17178	5	9	27	4.5
id-17179	5	2	6	4.1
id-17180	6	9	16	3.7
id-17181	6	2	8	4.6
id-17182	10	14	24	4.3
id-17183	1	2	15	3.1
id-17184	10	12	11	4.8
id-17185	4	8	21	4.0
id-17186	6	8	8	4.2
id-17187	7	14	25	3.1
id-17188	1	2	14	3.6
id-17189	4	2	26	4.3
id-17190	8	13	10	3.3
id-17191	3	2	10	3.4
id-17192	1	2	7	3.5
id-17193	4	8	18	3.0
id-17194	6	4	23	4.4
id-17195	6	8	3	3.8
id-17196	5	7	2	4.2
id-17197	7	4	2	3.3
id-17198	8	10	25	4.6
id-17199	1	2	11	4.4
id-17200	2	4	5	3.6
id-17201	9	6	13	4.7
id-17202	8	2	18	4.9
id-17203	5	9	5	4.7
id-17204	7	12	17	4.4
id-17205	1	2	10	4.7
id-17206	2	2	17	4.7
id-17207	7	3	15	4.7
id-17208	1	2	28	4.5
id-17209	8	14	18	3.8
id-17210	8	10	12	4.1
id-17211	7	7	16	4.5
id-17212	2	2	2	4.8
id-17213	9	3	18	3.1
id-17214	5	6	27	3.6
id-17215	1	2	5	4.4
id-17216	7	2	6	4.5
id-17217	6	5	14	3.2
id-17218	3	4	26	3.6
id-17219	7	3	24	3.8
id-17220	7	7	12	3.7
id-17221	3	5	15	4.2
id-17222	9	17	6	4.0
id-17223	8	15	25	3.1
id-17224	9	12	6	3.8
id-17225	9	12	8	3.8
id-17226	5	5	27	4.6
id-17227	9	13	4	3.2
id-17228	8	10	2	4.9
id-17229	4	4	8	3.4
id-17230	1	2	20	3.4
id-17231	7	9	4	4.1
id-17232	4	7	5	4.6
id-17233	2	4	16	3.5
id-17234	3	3	19	4.9
id-17235	3	2	14	5.0
id-17236	7	2	21	4.0
id-17237	8	3	15	3.4
id-17238	1	2	9	4.0
id-17239	4	8	27	4.7
id-17240	9	2	26	4.2
id-17241	6	2	15	3.1
id-17242	10	13	17	4.4
id-17243	2	3	22	3.5
id-17244	1	2	3	3.9
id-17245	6	3	27	3.8
id-17246	7	11	3	3.3
id-17247	9	7	25	4.6
id-17248	7	4	29	4.9
id-17249	7	13	21	4.2
id-17250	10	3	3	4.3
id-17251	3	4	12	4.8
id-17252	4	4	6	4.5
id-17253	6	12	13	3.5
id-17254	2	3	27	4.7
id-17255	6	12	11	4.8
id-17256	2	4	23	4.6
id-17257	8	3	16	3.8
id-17258	3	3	10	4.0
id-17259	1	2	17	4.9
id-17260	8	3	21	3.1
id-17261	6	4	7	4.4
id-17262	8	8	23	4.7
id-17263	5	9	19	3.6
id-17264	3	5	25	4.2
id-17265	8	16	6	4.7
id-17266	8	5	30	5.0
id-17267	8	10	4	3.0
id-17268	6	7	16	4.9
id-17269	3	5	13	4.8
id-17270	2	3	24	3.0
id-17271	1	2	11	4.7
id-17272	7	10	11	4.0
id-17273	6	10	25	3.1
id-17274	1	2	2	4.5
id-17275	2	3	14	3.5
id-17276	7	4	6	3.1
id-17277	6	3	11	3.0
id-17278	8	2	2	3.6
id-17279	2	4	22	4.1
id-17280	6	3	30	3.4
id-17281	8	2	27	3.6
id-17282	9	13	5	4.6
id-17283	1	2	28	4.6
id-17284	6	12	4	4.4
id-17285	1	2	17	3.7
id-17286	10	5	5	3.1
id-17287	5	4	10	4.3
id-17288	8	10	26	4.1
id-17289	3	5	12	3.3
id-17290	7	5	9	3.5
id-17291	6	5	22	4.1
id-17292	2	3	6	4.0
id-17293	2	4	10	4.8
id-17294	3	5	18	4.5
id-17295	5	7	17	3.7
id-17296	6	7	17	4.3
id-17297	5	8	16	3.7
id-17298	4	6	23	4.0
id-17299	7	6	28	4.5
id-17300	9	8	26	4.8
id-17301	2	4	1	3.4
id-17302	8	4	11	3.3
id-17303	6	4	29	4.2
id-17304	6	9	11	3.9
id-17305	5	8	29	3.8
id-17306	7	12	6	4.3
id-17307	8	3	13	3.9
id-17308	1	2	17	4.0
id-17309	6	3	11	3.1
id-17310	7	11	13	3.2
id-17311	1	2	10	3.2
id-17312	6	2	18	3.0
id-17313	3	5	8	4.2
id-17314	10	6	11	4.0
id-17315	7	11	22	3.9
id-17316	1	2	24	4.6
id-17317	10	17	29	3.7
id-17318	9	4	29	4.7
id-17319	9	2	15	4.0
id-17320	10	7	23	3.7
id-17321	9	16	19	4.3
id-17322	7	3	3	4.1
id-17323	1	2	2	4.2
id-17324	3	3	28	4.8
id-17325	1	2	3	3.3
id-17326	7	12	9	4.5
id-17327	3	4	6	4.2
id-17328	7	10	13	3.7
id-17329	10	4	12	4.8
id-17330	2	3	19	3.5
id-17331	9	9	22	5.0
id-17332	9	12	6	4.8
id-17333	10	3	21	4.3
id-17334	2	4	7	3.3
id-17335	2	3	16	3.3
id-17336	10	19	18	3.9
id-17337	6	5	9	4.6
id-17338	1	2	3	4.1
id-17339	3	3	30	4.4
id-17340	8	9	26	4.3
id-17341	1	2	16	4.1
id-17342	10	7	6	4.5
id-17343	5	8	6	4.0
id-17344	6	8	29	4.5
id-17345	10	8	7	4.1
id-17346	6	7	23	3.3
id-17347	3	3	12	4.7
id-17348	8	8	12	3.3
id-17349	6	5	7	4.4
id-17350	6	8	25	4.7
id-17351	5	10	26	4.0
id-17352	5	9	15	3.7
id-17353	2	2	26	4.2
id-17354	2	4	19	4.4
id-17355	6	4	11	3.4
id-17356	5	2	8	3.2
id-17357	1	2	3	3.8
id-17358	7	12	12	4.4
id-17359	2	4	10	3.1
id-17360	1	2	21	4.9
id-17361	6	5	24	5.0
id-17362	4	8	22	3.3
id-17363	8	9	24	4.3
id-17364	2	4	29	4.7
id-17365	5	7	17	4.4
id-17366	2	4	3	3.4
id-17367	6	6	6	5.0
id-17368	9	5	25	4.0
id-17369	1	2	15	3.4
id-17370	5	7	25	4.9
id-17371	9	7	22	4.3
id-17372	8	12	19	4.7
id-17373	2	4	19	4.9
id-17374	4	7	21	4.3
id-17375	9	9	6	4.8
id-17376	6	12	30	4.2
id-17377	5	2	13	4.4
id-17378	1	2	4	3.7
id-17379	10	15	5	3.2
id-17380	6	3	24	4.7
id-17381	7	9	11	4.2
id-17382	1	2	25	3.3
id-17383	6	7	14	3.4
id-17384	8	2	16	4.7
id-17385	7	4	26	3.7
id-17386	8	14	8	3.7
id-17387	5	9	24	4.6
id-17388	1	2	30	3.9
id-17389	2	2	27	3.4
id-17390	9	5	9	5.0
id-17391	2	4	26	4.2
id-17392	7	10	5	4.1
id-17393	7	10	10	4.1
id-17394	6	4	9	4.7
id-17395	3	6	14	3.6
id-17396	6	5	5	3.8
id-17397	2	4	6	3.3
id-17398	1	2	27	3.5
id-17399	1	2	3	3.5
id-17400	8	15	20	3.7
id-17401	1	2	6	3.8
id-17402	3	6	30	4.3
id-17403	10	12	16	3.1
id-17404	3	4	2	3.5
id-17405	10	18	4	3.6
id-17406	9	12	1	3.4
id-17407	5	6	9	3.0
id-17408	8	5	20	4.9
id-17409	7	6	6	4.3
id-17410	6	10	7	3.5
id-17411	2	3	23	4.9
id-17412	2	2	8	4.3
id-17413	4	4	21	3.2
id-17414	2	2	10	3.2
id-17415	1	2	11	3.9
id-17416	3	4	3	3.6
id-17417	7	14	7	4.6
id-17418	9	12	2	4.8
id-17419	7	10	1	4.9
id-17420	10	2	15	4.5
id-17421	2	3	10	3.3
id-17422	7	12	1	3.9
id-17423	4	4	26	4.4
id-17424	3	2	9	3.8
id-17425	2	3	13	4.6
id-17426	2	2	23	4.1
id-17427	7	8	3	3.4
id-17428	3	3	21	3.6
id-17429	8	11	2	3.5
id-17430	6	12	18	4.4
id-17431	8	10	27	3.2
id-17432	1	2	21	3.9
id-17433	2	4	18	4.4
id-17434	4	8	5	4.6
id-17435	1	2	2	4.3
id-17436	9	10	27	4.2
id-17437	9	10	22	4.8
id-17438	10	13	22	4.7
id-17439	4	6	24	3.6
id-17440	5	8	14	4.6
id-17441	6	5	9	4.1
id-17442	7	7	26	3.3
id-17443	1	2	13	4.1
id-17444	5	10	21	4.3
id-17445	7	5	27	3.4
id-17446	9	17	29	3.5
id-17447	6	3	19	3.0
id-17448	4	7	29	3.9
id-17449	2	2	4	3.6
id-17450	3	5	3	4.5
id-17451	1	2	17	4.1
id-17452	4	5	6	3.1
id-17453	1	2	5	5.0
id-17454	10	9	9	4.5
id-17455	1	2	12	4.5
id-17456	9	7	24	4.5
id-17457	10	14	23	3.9
id-17458	8	16	11	3.1
id-17459	9	5	15	3.7
id-17460	4	8	17	4.8
id-17461	5	6	2	3.3
id-17462	1	2	10	3.8
id-17463	1	2	29	4.7
id-17464	2	4	13	4.8
id-17465	10	2	16	3.9
id-17466	5	2	17	4.4
id-17467	4	5	21	3.9
id-17468	8	7	20	4.1
id-17469	4	6	5	3.2
id-17470	3	5	21	5.0
id-17471	3	5	9	3.1
id-17472	7	7	21	4.3
id-17473	3	6	23	3.3
id-17474	10	15	17	3.2
id-17475	4	8	17	3.7
id-17476	10	4	7	4.9
id-17477	10	5	5	4.6
id-17478	9	7	7	4.0
id-17479	5	6	20	3.5
id-17480	3	3	12	4.8
id-17481	6	6	5	3.1
id-17482	9	14	24	4.5
id-17483	7	4	29	4.0
id-17484	8	16	27	3.5
id-17485	7	2	10	4.8
id-17486	2	2	9	3.8
id-17487	6	12	27	3.8
id-17488	10	9	13	4.5
id-17489	10	10	4	4.6
id-17490	6	2	8	4.5
id-17491	7	3	19	4.7
id-17492	6	9	22	4.8
id-17493	7	14	27	3.4
id-17494	8	11	13	4.9
id-17495	7	10	17	4.5
id-17496	1	2	24	4.5
id-17497	5	7	24	4.0
id-17498	6	4	27	3.9
id-17499	8	15	25	4.1
id-17500	2	3	27	3.3
id-17501	3	4	23	3.2
id-17502	10	9	26	4.2
id-17503	2	4	28	3.4
id-17504	9	3	28	4.7
id-17505	2	2	12	4.5
id-17506	4	7	21	5.0
id-17507	8	5	28	3.7
id-17508	3	2	20	3.6
id-17509	3	3	24	3.2
id-17510	3	4	23	4.3
id-17511	7	2	20	4.5
id-17512	5	3	12	3.2
id-17513	3	3	23	3.2
id-17514	10	12	30	3.0
id-17515	7	8	13	4.6
id-17516	2	4	29	4.8
id-17517	2	3	28	4.3
id-17518	2	3	7	3.2
id-17519	3	2	7	3.5
id-17520	2	4	13	4.1
id-17521	8	16	4	3.7
id-17522	2	4	1	3.0
id-17523	2	4	11	4.1
id-17524	2	2	16	3.1
id-17525	9	4	29	3.6
id-17526	9	18	10	3.8
id-17527	2	4	21	3.0
id-17528	2	2	11	3.7
id-17529	10	14	7	4.5
id-17530	3	3	4	3.9
id-17531	3	6	4	4.6
id-17532	2	4	27	3.5
id-17533	2	2	11	3.1
id-17534	3	5	28	3.8
id-17535	8	10	29	4.3
id-17536	10	11	20	4.3
id-17537	4	2	24	3.9
id-17538	9	15	21	4.8
id-17539	8	13	4	4.2
id-17540	8	16	30	3.4
id-17541	7	14	7	5.0
id-17542	2	4	2	4.4
id-17543	7	10	24	4.3
id-17544	4	3	1	3.4
id-17545	9	15	30	3.5
id-17546	1	2	25	3.4
id-17547	10	20	7	4.4
id-17548	2	2	22	5.0
id-17549	6	10	6	4.6
id-17550	10	12	13	4.0
id-17551	4	8	5	3.9
id-17552	4	8	15	5.0
id-17553	8	11	24	4.8
id-17554	10	17	29	3.2
id-17555	5	2	12	3.9
id-17556	9	16	9	3.5
id-17557	6	8	10	3.7
id-17558	5	2	2	3.8
id-17559	5	3	13	3.7
id-17560	1	2	2	3.1
id-17561	1	2	24	3.3
id-17562	5	4	7	3.4
id-17563	3	5	25	3.9
id-17564	8	4	14	3.9
id-17565	6	5	19	4.2
id-17566	9	14	6	3.7
id-17567	9	15	19	4.6
id-17568	6	3	19	4.9
id-17569	3	5	16	3.8
id-17570	9	10	4	3.3
id-17571	10	18	27	4.0
id-17572	7	13	20	4.3
id-17573	6	10	22	3.2
id-17574	3	2	23	4.4
id-17575	9	15	24	4.1
id-17576	2	4	17	4.3
id-17577	3	4	10	3.2
id-17578	4	8	29	3.1
id-17579	1	2	11	3.3
id-17580	10	19	19	3.6
id-17581	8	8	13	4.6
id-17582	1	2	27	3.8
id-17583	8	14	19	4.6
id-17584	10	4	28	3.4
id-17585	1	2	2	3.7
id-17586	9	8	25	3.3
id-17587	8	6	6	3.0
id-17588	9	2	15	3.1
id-17589	3	3	30	4.9
id-17590	2	2	28	4.5
id-17591	9	2	25	4.7
id-17592	6	6	7	4.9
id-17593	7	12	7	4.1
id-17594	9	3	25	4.0
id-17595	10	6	4	4.4
id-17596	9	12	15	3.3
id-17597	4	7	20	4.9
id-17598	9	11	16	3.1
id-17599	7	7	22	3.3
id-17600	9	7	8	3.9
id-17601	8	13	24	4.4
id-17602	7	14	27	4.8
id-17603	7	2	8	3.5
id-17604	4	4	24	3.0
id-17605	6	9	29	4.7
id-17606	7	14	29	3.2
id-17607	10	8	19	3.6
id-17608	9	10	2	3.8
id-17609	1	2	13	4.0
id-17610	2	4	2	4.3
id-17611	2	4	12	3.9
id-17612	1	2	13	4.6
id-17613	4	4	28	3.0
id-17614	5	2	3	3.1
id-17615	6	6	17	3.8
id-17616	3	2	8	4.8
id-17617	7	6	24	3.5
id-17618	9	3	16	4.6
id-17619	9	18	5	3.2
id-17620	3	5	4	4.3
id-17621	8	7	22	3.4
id-17622	5	4	7	4.9
id-17623	2	3	19	3.7
id-17624	2	3	6	4.6
id-17625	2	4	10	4.0
id-17626	5	10	18	3.8
id-17627	3	3	3	4.7
id-17628	2	3	30	3.3
id-17629	7	8	6	4.5
id-17630	8	3	25	4.0
id-17631	2	4	29	4.5
id-17632	7	10	3	3.6
id-17633	5	8	9	4.6
id-17634	9	12	29	3.9
id-17635	9	8	5	3.2
id-17636	6	8	26	3.3
id-17637	5	9	4	3.0
id-17638	8	8	3	4.6
id-17639	5	6	9	4.6
id-17640	5	3	19	3.6
id-17641	2	2	20	3.6
id-17642	1	2	3	4.3
id-17643	3	2	7	4.7
id-17644	8	11	27	5.0
id-17645	8	13	29	3.9
id-17646	5	3	15	3.4
id-17647	2	4	18	3.4
id-17648	6	8	11	4.0
id-17649	2	3	26	3.7
id-17650	1	2	21	3.5
id-17651	3	5	15	4.6
id-17652	3	5	2	3.2
id-17653	5	8	27	3.8
id-17654	3	6	29	3.7
id-17655	2	4	15	3.3
id-17656	2	4	21	4.6
id-17657	10	7	6	4.1
id-17658	2	3	15	3.7
id-17659	8	4	8	4.9
id-17660	1	2	6	4.1
id-17661	1	2	17	4.4
id-17662	1	2	19	4.7
id-17663	10	9	6	4.7
id-17664	10	17	13	5.0
id-17665	3	4	15	4.4
id-17666	7	2	14	4.0
id-17667	7	6	7	3.3
id-17668	2	2	4	4.7
id-17669	5	5	7	4.8
id-17670	6	2	20	4.2
id-17671	7	5	21	3.7
id-17672	6	6	14	4.1
id-17673	10	19	9	3.7
id-17674	5	2	17	4.1
id-17675	9	10	21	3.8
id-17676	4	8	2	3.8
id-17677	8	15	9	3.8
id-17678	2	4	14	4.2
id-17679	5	4	13	3.1
id-17680	2	3	26	4.9
id-17681	5	3	17	3.2
id-17682	9	10	15	4.4
id-17683	8	11	10	4.9
id-17684	6	10	18	3.2
id-17685	1	2	25	4.6
id-17686	10	3	14	3.9
id-17687	7	5	18	3.3
id-17688	1	2	18	4.7
id-17689	6	9	10	3.6
id-17690	8	4	3	4.4
id-17691	6	12	29	3.8
id-17692	3	6	28	3.1
id-17693	4	8	23	3.6
id-17694	6	4	29	4.4
id-17695	4	2	3	4.7
id-17696	3	2	15	3.3
id-17697	1	2	6	4.9
id-17698	8	8	16	3.4
id-17699	10	10	13	4.4
id-17700	4	5	17	4.8
id-17701	7	4	15	3.4
id-17702	8	2	17	3.8
id-17703	3	6	18	3.1
id-17704	1	2	9	4.0
id-17705	2	3	7	3.3
id-17706	1	2	4	3.7
id-17707	8	15	18	4.1
id-17708	6	2	4	3.2
id-17709	5	9	3	3.6
id-17710	2	4	18	4.7
id-17711	4	8	25	3.4
id-17712	8	16	7	4.8
id-17713	2	3	14	4.2
id-17714	2	3	6	5.0
id-17715	2	3	4	3.2
id-17716	6	8	12	3.7
id-17717	7	12	26	4.2
id-17718	3	2	5	3.8
id-17719	7	2	16	3.5
id-17720	5	9	28	4.2
id-17721	7	14	26	4.3
id-17722	3	2	6	3.6
id-17723	5	9	30	4.6
id-17724	6	12	16	3.6
id-17725	6	3	18	3.5
id-17726	5	4	3	4.3
id-17727	3	2	21	3.9
id-17728	5	3	6	4.2
id-17729	3	6	2	4.8
id-17730	6	6	17	4.6
id-17731	2	3	8	4.3
id-17732	9	5	2	3.5
id-17733	5	9	15	3.6
id-17734	10	6	20	3.3
id-17735	1	2	23	3.3
id-17736	4	7	9	4.1
id-17737	5	10	2	4.2
id-17738	5	2	2	3.3
id-17739	7	5	26	3.5
id-17740	6	4	11	4.7
id-17741	2	2	23	3.6
id-17742	4	8	7	3.5
id-17743	6	6	3	4.0
id-17744	5	10	7	3.8
id-17745	10	19	22	4.6
id-17746	10	7	3	4.9
id-17747	5	5	13	3.9
id-17748	2	2	18	4.4
id-17749	7	6	9	4.3
id-17750	1	2	20	4.6
id-17751	5	4	2	3.8
id-17752	7	14	15	3.1
id-17753	2	3	27	4.9
id-17754	8	13	6	3.9
id-17755	2	4	16	3.0
id-17756	4	5	18	3.4
id-17757	5	2	24	3.1
id-17758	4	7	10	4.2
id-17759	5	10	18	3.1
id-17760	4	8	23	3.3
id-17761	6	9	12	4.3
id-17762	6	5	14	4.0
id-17763	3	6	25	3.8
id-17764	2	3	15	3.7
id-17765	10	13	29	3.7
id-17766	6	11	21	4.4
id-17767	8	15	22	3.6
id-17768	8	2	23	4.4
id-17769	2	3	1	3.2
id-17770	10	2	15	3.1
id-17771	5	9	6	3.4
id-17772	3	6	2	4.3
id-17773	1	2	7	4.2
id-17774	9	3	17	4.1
id-17775	9	15	10	3.6
id-17776	7	14	20	4.3
id-17777	4	4	21	4.7
id-17778	3	6	5	4.5
id-17779	8	11	19	3.0
id-17780	4	6	13	3.5
id-17781	8	3	25	4.7
id-17782	10	4	20	3.6
id-17783	1	2	15	3.8
id-17784	8	3	23	4.8
id-17785	4	3	12	4.7
id-17786	1	2	10	4.4
id-17787	7	9	17	4.0
id-17788	7	8	13	3.3
id-17789	2	2	15	3.2
id-17790	10	6	11	3.6
id-17791	2	2	16	3.8
id-17792	8	6	7	4.8
id-17793	6	3	2	3.9
id-17794	7	2	16	5.0
id-17795	6	6	18	4.6
id-17796	10	7	30	4.6
id-17797	2	3	16	4.4
id-17798	9	16	26	3.3
id-17799	1	2	27	5.0
id-17800	7	6	16	4.3
id-17801	10	8	4	4.4
id-17802	3	3	30	4.6
id-17803	1	2	17	3.6
id-17804	9	18	9	4.0
id-17805	8	12	8	4.4
id-17806	1	2	26	5.0
id-17807	5	6	2	4.9
id-17808	6	4	12	4.5
id-17809	4	8	6	4.7
id-17810	6	11	14	4.8
id-17811	4	5	21	3.4
id-17812	4	5	12	3.3
id-17813	5	10	1	4.0
id-17814	3	4	17	3.4
id-17815	10	15	29	3.9
id-17816	10	11	9	4.6
id-17817	1	2	15	4.1
id-17818	5	10	26	3.1
id-17819	2	3	7	3.9
id-17820	7	13	19	3.5
id-17821	5	6	8	3.8
id-17822	2	4	23	4.7
id-17823	1	2	27	4.2
id-17824	6	4	3	3.1
id-17825	9	15	9	3.9
id-17826	1	2	12	3.9
id-17827	8	6	10	4.5
id-17828	8	16	22	3.5
id-17829	2	4	15	4.3
id-17830	4	6	22	3.3
id-17831	10	2	2	4.0
id-17832	5	9	30	4.5
id-17833	1	2	6	3.5
id-17834	6	6	4	3.6
id-17835	3	3	5	4.0
id-17836	9	6	4	3.1
id-17837	8	15	7	4.2
id-17838	7	9	4	3.1
id-17839	2	3	27	3.4
id-17840	6	4	8	3.7
id-17841	5	3	22	4.0
id-17842	4	5	4	3.1
id-17843	10	8	18	3.4
id-17844	2	3	28	4.2
id-17845	4	2	24	3.9
id-17846	9	18	11	4.1
id-17847	10	8	27	3.5
id-17848	9	15	24	3.3
id-17849	6	12	13	3.2
id-17850	10	2	9	4.1
id-17851	4	6	30	3.1
id-17852	9	5	10	4.6
id-17853	7	14	26	4.6
id-17854	5	10	21	3.2
id-17855	8	5	13	3.9
id-17856	7	5	23	3.9
id-17857	1	2	16	4.3
id-17858	2	3	2	4.4
id-17859	5	9	16	5.0
id-17860	4	8	19	4.9
id-17861	1	2	28	4.5
id-17862	9	13	6	5.0
id-17863	2	3	9	4.5
id-17864	4	2	4	3.1
id-17865	8	9	13	3.7
id-17866	4	3	20	3.1
id-17867	7	9	8	4.0
id-17868	9	8	14	4.0
id-17869	2	4	17	3.2
id-17870	2	4	8	4.3
id-17871	9	12	15	4.7
id-17872	7	9	8	4.4
id-17873	9	11	4	4.0
id-17874	8	3	17	4.1
id-17875	1	2	4	4.2
id-17876	7	8	24	3.1
id-17877	5	4	1	4.3
id-17878	8	13	2	4.1
id-17879	7	7	7	4.3
id-17880	4	4	25	3.8
id-17881	7	11	15	3.8
id-17882	6	11	9	3.4
id-17883	2	3	19	3.7
id-17884	2	4	9	3.5
id-17885	10	14	5	3.2
id-17886	10	7	8	4.8
id-17887	5	2	3	4.3
id-17888	10	10	20	3.4
id-17889	3	4	4	3.2
id-17890	7	11	6	3.5
id-17891	9	8	1	4.9
id-17892	6	9	20	4.8
id-17893	4	2	6	4.6
id-17894	10	9	29	4.6
id-17895	4	3	14	3.4
id-17896	1	2	14	3.1
id-17897	8	6	13	4.8
id-17898	3	6	29	4.1
id-17899	7	7	5	4.2
id-17900	2	2	3	3.7
id-17901	9	9	8	4.7
id-17902	10	15	5	4.5
id-17903	5	9	26	4.1
id-17904	8	6	10	4.0
id-17905	1	2	16	3.2
id-17906	7	4	5	3.7
id-17907	4	3	26	3.2
id-17908	9	16	18	3.3
id-17909	3	5	2	4.6
id-17910	9	5	22	4.5
id-17911	10	17	12	4.3
id-17912	6	12	7	4.2
id-17913	4	7	13	3.8
id-17914	10	17	27	3.2
id-17915	4	2	1	3.2
id-17916	8	3	18	5.0
id-17917	2	4	28	4.6
id-17918	5	9	11	3.5
id-17919	1	2	11	3.0
id-17920	3	5	8	3.6
id-17921	10	17	24	3.4
id-17922	7	8	15	4.9
id-17923	7	13	21	4.9
id-17924	9	7	9	3.3
id-17925	5	10	19	4.1
id-17926	6	2	17	5.0
id-17927	10	20	4	3.6
id-17928	2	4	25	3.3
id-17929	7	11	5	3.8
id-17930	10	3	7	3.1
id-17931	8	2	27	4.6
id-17932	7	4	14	3.2
id-17933	8	13	1	4.1
id-17934	6	4	20	3.1
id-17935	4	7	29	3.1
id-17936	1	2	14	4.7
id-17937	6	8	20	4.3
id-17938	9	9	7	3.8
id-17939	7	2	11	3.6
id-17940	8	11	17	3.2
id-17941	4	4	15	4.7
id-17942	2	2	25	3.2
id-17943	3	5	18	3.3
id-17944	3	6	30	4.1
id-17945	5	2	26	3.3
id-17946	7	13	3	3.6
id-17947	7	5	27	3.4
id-17948	9	11	5	4.8
id-17949	7	2	3	3.5
id-17950	5	6	18	4.8
id-17951	5	7	12	3.2
id-17952	10	14	19	4.6
id-17953	10	7	30	3.7
id-17954	5	7	21	4.9
id-17955	10	8	25	3.1
id-17956	3	5	17	3.0
id-17957	3	5	15	3.8
id-17958	3	4	24	3.6
id-17959	4	2	14	4.8
id-17960	1	2	25	4.5
id-17961	5	3	23	4.1
id-17962	1	2	17	4.0
id-17963	9	14	9	4.8
id-17964	6	3	14	4.6
id-17965	7	12	17	4.4
id-17966	6	12	12	3.1
id-17967	10	4	23	3.9
id-17968	6	5	18	4.2
id-17969	7	5	14	4.9
id-17970	1	2	5	4.9
id-17971	3	3	11	3.2
id-17972	10	12	8	3.5
id-17973	7	12	9	3.2
id-17974	8	2	7	4.1
id-17975	3	6	8	4.9
id-17976	5	7	20	3.9
id-17977	6	9	9	4.2
id-17978	1	2	10	3.8
id-17979	10	16	7	3.3
id-17980	10	20	14	3.5
id-17981	7	11	11	4.9
id-17982	8	3	29	3.7
id-17983	10	3	8	3.4
id-17984	3	2	24	3.8
id-17985	9	12	7	4.1
id-17986	9	9	22	3.9
id-17987	1	2	1	3.1
id-17988	4	3	22	4.9
id-17989	5	4	20	3.6
id-17990	7	10	10	4.7
id-17991	1	2	11	3.4
id-17992	7	3	3	3.4
id-17993	10	14	20	4.2
id-17994	4	6	8	4.0
id-17995	3	4	16	3.1
id-17996	2	4	12	3.4
id-17997	9	6	23	4.3
id-17998	1	2	8	4.7
id-17999	5	10	7	3.7
id-18000	6	4	17	4.4
id-18001	2	3	7	4.1
id-18002	3	4	1	3.9
id-18003	4	7	8	4.4
id-18004	10	4	10	3.9
id-18005	10	13	1	3.9
id-18006	1	2	23	4.4
id-18007	6	6	8	3.4
id-18008	7	8	7	4.6
id-18009	4	5	15	4.9
id-18010	9	18	17	3.3
id-18011	2	2	12	3.9
id-18012	1	2	28	3.3
id-18013	7	3	12	4.3
id-18014	8	14	25	4.9
id-18015	1	2	23	3.0
id-18016	4	7	24	4.1
id-18017	7	5	6	3.4
id-18018	9	4	12	3.8
id-18019	5	2	6	4.5
id-18020	5	8	28	3.8
id-18021	7	2	26	4.2
id-18022	4	4	11	4.6
id-18023	1	2	27	4.3
id-18024	8	15	25	4.3
id-18025	4	6	18	4.0
id-18026	2	2	30	3.0
id-18027	9	11	11	3.7
id-18028	1	2	25	4.6
id-18029	3	6	22	3.9
id-18030	4	3	29	3.3
id-18031	4	8	22	4.6
id-18032	10	7	17	4.0
id-18033	1	2	4	3.8
id-18034	6	9	19	4.6
id-18035	4	2	9	4.8
id-18036	8	4	27	3.5
id-18037	7	11	14	3.0
id-18038	3	6	14	4.4
id-18039	3	2	19	3.8
id-18040	7	12	26	3.8
id-18041	6	3	28	3.8
id-18042	8	3	2	3.9
id-18043	6	3	16	4.1
id-18044	9	16	15	4.7
id-18045	1	2	5	4.9
id-18046	9	6	29	3.5
id-18047	8	14	15	3.7
id-18048	4	2	4	4.4
id-18049	2	3	23	4.7
id-18050	10	4	26	4.3
id-18051	5	2	30	4.8
id-18052	2	2	25	3.4
id-18053	9	18	21	4.0
id-18054	1	2	7	4.5
id-18055	2	4	23	4.6
id-18056	10	10	9	4.6
id-18057	6	11	4	4.8
id-18058	2	2	7	4.0
id-18059	8	2	25	3.9
id-18060	9	16	22	4.6
id-18061	7	2	13	4.6
id-18062	2	4	26	3.7
id-18063	4	2	19	3.8
id-18064	8	9	7	4.9
id-18065	8	3	11	4.5
id-18066	4	4	13	4.4
id-18067	9	18	8	4.9
id-18068	2	4	5	3.4
id-18069	8	10	17	4.9
id-18070	9	15	10	3.5
id-18071	4	4	15	4.1
id-18072	10	11	19	3.5
id-18073	6	6	15	4.2
id-18074	2	2	3	4.5
id-18075	3	6	10	4.2
id-18076	10	6	11	4.0
id-18077	2	2	24	4.6
id-18078	2	2	3	3.1
id-18079	8	3	1	4.9
id-18080	3	4	23	4.6
id-18081	7	9	8	4.8
id-18082	6	5	22	4.1
id-18083	9	12	25	3.9
id-18084	10	4	10	4.4
id-18085	6	3	22	3.3
id-18086	1	2	29	3.1
id-18087	2	4	28	3.5
id-18088	4	4	8	4.6
id-18089	9	13	15	4.0
id-18090	3	4	12	3.1
id-18091	3	6	9	3.1
id-18092	5	10	26	4.6
id-18093	7	6	2	3.4
id-18094	5	4	21	3.8
id-18095	1	2	13	3.8
id-18096	4	3	10	3.4
id-18097	8	8	25	4.1
id-18098	8	15	23	4.8
id-18099	4	5	30	3.4
id-18100	5	6	30	3.5
id-18101	1	2	27	3.6
id-18102	3	5	15	3.2
id-18103	2	2	24	5.0
id-18104	5	3	13	3.9
id-18105	4	7	28	3.7
id-18106	7	9	5	3.7
id-18107	7	13	17	3.0
id-18108	1	2	1	3.5
id-18109	7	4	28	3.8
id-18110	8	10	24	3.3
id-18111	1	2	12	4.4
id-18112	6	2	27	4.5
id-18113	3	5	25	3.7
id-18114	2	4	26	3.9
id-18115	8	7	13	3.4
id-18116	5	9	28	3.8
id-18117	5	8	14	4.6
id-18118	7	12	17	4.4
id-18119	9	15	19	4.8
id-18120	8	12	10	4.7
id-18121	10	2	21	3.2
id-18122	7	3	12	4.5
id-18123	8	7	3	3.7
id-18124	1	2	25	3.0
id-18125	4	5	4	4.3
id-18126	3	4	1	4.8
id-18127	9	7	25	3.0
id-18128	2	4	30	4.7
id-18129	10	4	16	4.6
id-18130	8	6	2	4.1
id-18131	2	3	15	3.2
id-18132	3	4	13	3.9
id-18133	3	2	3	4.0
id-18134	8	3	1	3.1
id-18135	8	14	4	4.5
id-18136	1	2	18	3.4
id-18137	1	2	9	4.9
id-18138	9	3	2	4.7
id-18139	4	4	23	3.2
id-18140	7	12	9	4.7
id-18141	4	5	3	4.8
id-18142	6	7	16	4.8
id-18143	7	5	7	4.1
id-18144	2	3	22	4.5
id-18145	4	7	7	4.9
id-18146	9	5	12	4.9
id-18147	4	2	14	4.9
id-18148	3	6	3	5.0
id-18149	10	16	28	3.4
id-18150	6	8	18	3.5
id-18151	7	8	16	5.0
id-18152	3	6	13	3.0
id-18153	1	2	24	4.6
id-18154	5	10	5	4.0
id-18155	7	13	26	5.0
id-18156	4	8	9	4.8
id-18157	9	4	26	4.5
id-18158	10	10	16	3.5
id-18159	4	8	9	4.2
id-18160	9	15	5	3.9
id-18161	6	2	11	4.8
id-18162	5	9	23	4.9
id-18163	2	3	2	4.1
id-18164	6	2	7	3.9
id-18165	9	14	20	3.0
id-18166	2	2	30	3.2
id-18167	7	14	7	3.2
id-18168	9	14	25	4.4
id-18169	4	5	3	4.9
id-18170	1	2	11	3.5
id-18171	2	3	10	4.1
id-18172	1	2	19	3.9
id-18173	6	5	6	4.6
id-18174	6	3	12	5.0
id-18175	6	11	14	3.7
id-18176	7	4	22	4.3
id-18177	8	5	1	3.3
id-18178	1	2	3	4.4
id-18179	2	2	17	3.6
id-18180	8	3	27	4.7
id-18181	3	4	29	3.8
id-18182	9	8	29	4.6
id-18183	10	11	17	3.8
id-18184	5	10	29	3.5
id-18185	4	3	18	4.1
id-18186	9	7	16	3.8
id-18187	3	3	19	3.2
id-18188	6	11	7	3.7
id-18189	6	2	19	4.5
id-18190	1	2	17	4.2
id-18191	3	6	3	4.8
id-18192	1	2	2	5.0
id-18193	1	2	14	3.1
id-18194	8	3	25	4.8
id-18195	5	9	24	4.5
id-18196	8	11	29	3.2
id-18197	6	2	29	4.5
id-18198	10	15	29	3.3
id-18199	7	13	9	4.9
id-18200	3	5	20	3.7
id-18201	8	16	30	4.9
id-18202	8	2	5	4.2
id-18203	9	16	19	3.5
id-18204	6	11	26	3.8
id-18205	10	13	27	4.9
id-18206	9	3	4	3.2
id-18207	8	6	24	4.9
id-18208	2	2	23	4.2
id-18209	1	2	10	5.0
id-18210	7	3	30	3.7
id-18211	5	9	22	4.1
id-18212	5	9	23	4.1
id-18213	5	2	2	3.3
id-18214	10	18	13	4.2
id-18215	1	2	16	3.7
id-18216	2	3	14	4.1
id-18217	7	11	24	4.5
id-18218	4	7	25	4.2
id-18219	2	3	8	3.8
id-18220	9	15	17	3.5
id-18221	7	9	26	4.3
id-18222	3	3	6	4.9
id-18223	7	7	25	4.1
id-18224	7	8	20	3.7
id-18225	3	5	13	4.8
id-18226	4	7	4	4.9
id-18227	4	2	7	3.9
id-18228	9	3	21	4.3
id-18229	7	11	17	3.3
id-18230	7	14	15	4.7
id-18231	6	4	19	4.4
id-18232	7	7	24	4.2
id-18233	1	2	21	4.9
id-18234	6	5	9	3.2
id-18235	6	3	12	3.8
id-18236	4	7	22	4.1
id-18237	10	16	9	3.3
id-18238	7	8	2	4.3
id-18239	2	4	25	3.8
id-18240	2	3	10	4.9
id-18241	6	7	6	3.5
id-18242	7	7	25	3.8
id-18243	2	3	12	3.9
id-18244	5	5	1	4.2
id-18245	7	6	21	4.5
id-18246	5	8	14	4.1
id-18247	2	4	17	3.1
id-18248	10	9	26	4.9
id-18249	5	4	10	4.9
id-18250	4	7	20	4.0
id-18251	6	5	17	3.4
id-18252	1	2	26	3.2
id-18253	4	4	30	4.5
id-18254	1	2	4	4.3
id-18255	4	5	8	3.3
id-18256	6	10	15	3.8
id-18257	10	10	5	3.1
id-18258	2	2	17	3.0
id-18259	4	4	30	4.5
id-18260	9	18	24	4.7
id-18261	8	8	6	3.3
id-18262	1	2	18	3.7
id-18263	2	3	20	3.9
id-18264	9	2	16	4.9
id-18265	4	2	27	4.6
id-18266	8	2	6	4.1
id-18267	4	4	5	4.1
id-18268	6	4	3	3.7
id-18269	5	9	30	4.9
id-18270	2	4	17	3.1
id-18271	2	3	12	4.8
id-18272	7	12	10	3.9
id-18273	3	3	15	3.1
id-18274	2	4	9	4.4
id-18275	7	11	26	4.2
id-18276	1	2	25	4.7
id-18277	10	6	26	3.4
id-18278	8	4	29	3.3
id-18279	10	12	2	3.8
id-18280	5	4	9	4.4
id-18281	4	6	3	4.6
id-18282	1	2	22	3.5
id-18283	1	2	3	4.5
id-18284	6	8	3	4.3
id-18285	3	6	7	4.0
id-18286	5	10	30	4.1
id-18287	10	19	5	4.1
id-18288	1	2	26	4.8
id-18289	9	14	22	3.6
id-18290	4	4	26	4.7
id-18291	5	5	15	3.1
id-18292	5	5	21	3.3
id-18293	6	2	23	3.4
id-18294	6	8	26	3.8
id-18295	5	9	1	4.4
id-18296	6	7	17	3.4
id-18297	10	4	10	3.6
id-18298	1	2	30	4.3
id-18299	3	5	3	3.7
id-18300	10	17	13	3.9
id-18301	6	9	6	4.9
id-18302	9	6	20	3.6
id-18303	6	4	10	4.8
id-18304	1	2	25	4.0
id-18305	3	6	18	4.8
id-18306	7	11	1	3.8
id-18307	3	2	6	4.8
id-18308	8	12	9	3.2
id-18309	7	5	20	3.1
id-18310	2	3	20	3.7
id-18311	6	3	12	3.7
id-18312	5	7	5	4.4
id-18313	7	6	18	4.1
id-18314	5	8	25	3.1
id-18315	3	3	16	4.8
id-18316	7	11	2	4.4
id-18317	5	8	8	4.9
id-18318	9	7	4	3.8
id-18319	1	2	19	4.9
id-18320	3	6	21	4.9
id-18321	4	6	11	4.1
id-18322	3	4	27	3.8
id-18323	1	2	22	3.3
id-18324	7	2	19	4.1
id-18325	5	5	21	5.0
id-18326	6	8	17	3.1
id-18327	8	9	15	4.1
id-18328	2	2	27	3.9
id-18329	5	3	28	4.4
id-18330	1	2	16	4.7
id-18331	2	4	21	4.5
id-18332	3	2	6	4.4
id-18333	6	11	18	4.9
id-18334	7	9	12	3.5
id-18335	2	3	16	3.4
id-18336	9	4	7	3.4
id-18337	1	2	24	3.6
id-18338	4	3	18	3.7
id-18339	7	4	15	4.3
id-18340	9	18	22	4.8
id-18341	9	5	13	4.2
id-18342	5	6	5	4.3
id-18343	5	8	20	4.8
id-18344	9	8	2	4.7
id-18345	4	7	13	3.0
id-18346	7	9	9	4.8
id-18347	10	12	28	4.2
id-18348	1	2	21	4.5
id-18349	8	10	16	3.8
id-18350	7	8	25	5.0
id-18351	4	4	2	4.3
id-18352	7	7	20	3.2
id-18353	1	2	9	3.9
id-18354	10	5	21	4.5
id-18355	5	2	1	4.5
id-18356	3	3	10	4.1
id-18357	4	2	26	4.2
id-18358	9	18	9	4.2
id-18359	10	20	8	3.5
id-18360	8	5	15	3.6
id-18361	2	4	10	3.7
id-18362	2	3	30	3.8
id-18363	2	4	25	4.5
id-18364	1	2	23	3.6
id-18365	6	2	14	3.2
id-18366	2	4	15	4.9
id-18367	9	15	22	3.4
id-18368	7	3	5	3.9
id-18369	10	13	28	3.5
id-18370	6	2	9	3.5
id-18371	2	4	21	3.6
id-18372	8	2	22	4.5
id-18373	8	10	1	4.5
id-18374	5	6	9	3.8
id-18375	7	8	6	3.4
id-18376	1	2	3	4.0
id-18377	4	5	30	3.0
id-18378	10	14	6	3.5
id-18379	6	3	26	3.3
id-18380	2	4	26	3.6
id-18381	10	15	17	4.9
id-18382	10	3	25	4.1
id-18383	6	3	12	4.3
id-18384	7	9	15	3.4
id-18385	8	7	21	3.4
id-18386	5	7	19	3.9
id-18387	9	10	1	3.9
id-18388	8	12	11	4.0
id-18389	7	8	4	4.7
id-18390	3	2	30	3.7
id-18391	4	4	18	4.2
id-18392	7	11	20	3.3
id-18393	2	3	16	4.4
id-18394	3	6	13	3.5
id-18395	2	2	17	4.4
id-18396	7	7	21	4.5
id-18397	7	13	6	4.6
id-18398	4	6	30	3.3
id-18399	3	5	12	4.0
id-18400	10	20	20	3.4
id-18401	9	5	27	3.0
id-18402	10	6	13	4.1
id-18403	9	2	14	4.0
id-18404	10	13	1	3.0
id-18405	7	3	14	3.7
id-18406	4	5	20	4.0
id-18407	10	13	14	3.9
id-18408	9	17	4	3.5
id-18409	10	8	21	4.9
id-18410	7	14	17	4.1
id-18411	4	5	22	4.8
id-18412	4	2	14	4.6
id-18413	4	3	10	3.3
id-18414	10	8	18	4.2
id-18415	7	9	19	3.2
id-18416	9	11	10	4.6
id-18417	6	10	28	3.1
id-18418	5	7	13	4.9
id-18419	9	14	8	3.9
id-18420	2	2	10	4.6
id-18421	2	4	24	3.7
id-18422	5	5	27	4.5
id-18423	1	2	7	4.0
id-18424	5	9	25	5.0
id-18425	7	10	16	4.3
id-18426	10	18	20	4.2
id-18427	7	11	21	4.6
id-18428	9	12	9	3.1
id-18429	9	9	14	4.4
id-18430	9	18	23	4.3
id-18431	4	3	5	4.2
id-18432	7	5	7	3.4
id-18433	3	3	20	3.3
id-18434	7	10	9	3.8
id-18435	8	2	12	3.8
id-18436	3	3	29	3.7
id-18437	4	5	24	4.6
id-18438	10	19	23	3.4
id-18439	10	11	17	4.2
id-18440	5	4	23	4.6
id-18441	2	2	18	3.2
id-18442	5	3	26	3.1
id-18443	9	6	17	3.2
id-18444	8	7	21	4.8
id-18445	9	6	2	3.5
id-18446	10	5	29	4.6
id-18447	8	15	19	3.0
id-18448	4	6	28	4.3
id-18449	1	2	25	3.7
id-18450	10	8	25	3.5
id-18451	7	11	6	3.1
id-18452	3	5	22	3.5
id-18453	9	10	21	3.6
id-18454	6	8	15	4.6
id-18455	9	15	11	3.3
id-18456	6	2	16	4.4
id-18457	6	4	29	3.9
id-18458	6	11	21	3.9
id-18459	10	2	11	4.7
id-18460	5	5	7	3.8
id-18461	2	4	18	4.0
id-18462	4	4	26	4.1
id-18463	5	6	7	4.6
id-18464	7	6	30	4.0
id-18465	2	3	15	3.6
id-18466	7	4	26	3.2
id-18467	2	2	16	4.9
id-18468	6	12	29	3.4
id-18469	6	6	8	3.8
id-18470	7	2	11	3.2
id-18471	1	2	17	4.9
id-18472	4	6	5	3.1
id-18473	5	2	11	3.6
id-18474	8	6	14	3.3
id-18475	7	6	8	3.6
id-18476	7	11	4	3.5
id-18477	6	9	27	3.7
id-18478	5	2	12	4.5
id-18479	10	12	19	3.6
id-18480	5	5	30	4.3
id-18481	9	6	28	4.3
id-18482	9	10	4	3.3
id-18483	5	6	3	4.3
id-18484	9	17	29	3.2
id-18485	7	6	10	3.7
id-18486	5	8	28	3.6
id-18487	1	2	28	3.3
id-18488	4	3	14	3.5
id-18489	1	2	15	4.3
id-18490	5	4	29	3.2
id-18491	3	2	12	4.2
id-18492	4	3	25	3.2
id-18493	1	2	6	3.5
id-18494	2	2	28	4.3
id-18495	5	3	19	3.8
id-18496	3	2	25	3.2
id-18497	9	5	30	3.3
id-18498	9	6	25	3.7
id-18499	2	2	23	4.2
id-18500	9	15	21	4.2
id-18501	9	12	11	4.7
id-18502	2	2	26	4.1
id-18503	2	3	24	5.0
id-18504	8	12	19	4.8
id-18505	9	3	26	4.8
id-18506	6	9	7	3.9
id-18507	8	12	22	4.3
id-18508	1	2	23	3.3
id-18509	7	5	3	4.6
id-18510	7	14	19	4.0
id-18511	3	3	22	3.6
id-18512	6	6	29	3.8
id-18513	9	15	7	3.2
id-18514	3	5	28	4.0
id-18515	2	2	28	4.4
id-18516	6	6	26	3.8
id-18517	5	6	22	4.8
id-18518	7	11	9	4.1
id-18519	2	2	3	4.3
id-18520	6	9	14	5.0
id-18521	9	14	19	4.3
id-18522	9	13	18	4.7
id-18523	10	9	11	4.1
id-18524	4	3	7	3.9
id-18525	1	2	1	4.2
id-18526	1	2	4	4.0
id-18527	7	11	12	3.9
id-18528	2	3	4	4.4
id-18529	5	5	19	4.8
id-18530	3	6	6	3.5
id-18531	1	2	26	4.6
id-18532	10	10	16	4.7
id-18533	1	2	27	3.1
id-18534	8	4	8	3.9
id-18535	3	2	3	4.6
id-18536	8	7	4	4.2
id-18537	1	2	17	3.4
id-18538	2	3	20	4.5
id-18539	1	2	9	3.2
id-18540	3	6	22	3.0
id-18541	8	2	18	4.2
id-18542	3	5	8	3.3
id-18543	5	9	8	3.7
id-18544	5	7	25	3.0
id-18545	2	2	30	4.9
id-18546	1	2	21	3.8
id-18547	1	2	20	4.4
id-18548	10	19	9	3.4
id-18549	10	6	24	3.9
id-18550	10	17	4	4.2
id-18551	2	4	30	3.4
id-18552	2	3	21	4.7
id-18553	6	9	27	3.9
id-18554	2	3	11	4.4
id-18555	7	14	27	4.8
id-18556	7	7	16	4.5
id-18557	9	16	5	3.4
id-18558	3	3	6	4.0
id-18559	6	7	24	4.2
id-18560	7	8	21	3.9
id-18561	4	8	15	3.2
id-18562	5	4	5	3.3
id-18563	1	2	3	3.4
id-18564	10	17	11	3.5
id-18565	1	2	30	4.4
id-18566	4	6	2	3.4
id-18567	5	6	26	3.7
id-18568	5	5	3	4.0
id-18569	2	3	2	4.7
id-18570	4	3	15	4.8
id-18571	4	3	11	3.4
id-18572	10	20	12	3.2
id-18573	3	6	7	3.3
id-18574	6	4	1	4.0
id-18575	4	4	2	3.9
id-18576	8	14	9	3.5
id-18577	6	5	12	4.5
id-18578	1	2	3	3.2
id-18579	6	11	27	4.0
id-18580	3	6	9	3.0
id-18581	6	7	17	3.8
id-18582	2	3	9	3.4
id-18583	3	4	24	4.2
id-18584	3	2	21	4.7
id-18585	6	9	2	4.5
id-18586	2	2	1	4.2
id-18587	7	11	1	4.8
id-18588	8	6	29	4.0
id-18589	2	4	13	4.5
id-18590	4	5	27	4.8
id-18591	1	2	4	3.8
id-18592	1	2	25	3.9
id-18593	5	4	17	3.3
id-18594	10	17	28	3.7
id-18595	8	3	27	4.9
id-18596	8	5	8	4.0
id-18597	10	3	12	4.6
id-18598	6	9	26	3.1
id-18599	9	8	20	3.2
id-18600	1	2	3	4.1
id-18601	9	14	25	3.3
id-18602	2	3	1	4.2
id-18603	10	3	2	4.7
id-18604	8	16	28	4.3
id-18605	2	2	12	4.0
id-18606	10	10	25	4.9
id-18607	5	4	10	4.5
id-18608	9	11	12	3.9
id-18609	1	2	19	4.3
id-18610	7	14	18	3.8
id-18611	10	2	16	3.1
id-18612	1	2	8	4.9
id-18613	3	3	20	3.1
id-18614	8	7	2	4.9
id-18615	8	11	5	3.1
id-18616	2	2	13	4.8
id-18617	6	6	27	4.8
id-18618	4	2	19	3.2
id-18619	5	7	8	5.0
id-18620	9	5	15	4.0
id-18621	9	10	4	4.4
id-18622	4	7	29	3.8
id-18623	4	6	25	4.3
id-18624	7	6	14	3.4
id-18625	6	11	8	3.2
id-18626	2	2	23	3.8
id-18627	1	2	16	4.8
id-18628	6	10	18	3.7
id-18629	5	2	17	4.4
id-18630	2	3	22	3.2
id-18631	9	5	14	3.5
id-18632	10	8	19	4.8
id-18633	8	9	18	3.2
id-18634	10	8	20	4.1
id-18635	8	12	12	3.9
id-18636	2	3	27	3.6
id-18637	2	3	19	4.1
id-18638	1	2	25	4.0
id-18639	5	8	30	4.3
id-18640	7	10	13	3.5
id-18641	2	2	28	3.8
id-18642	1	2	27	4.5
id-18643	9	11	26	3.4
id-18644	7	14	3	3.9
id-18645	2	2	24	3.2
id-18646	7	9	12	3.1
id-18647	1	2	27	4.4
id-18648	1	2	22	4.7
id-18649	1	2	27	4.5
id-18650	10	13	4	3.1
id-18651	5	7	25	3.8
id-18652	3	5	24	4.0
id-18653	1	2	1	4.9
id-18654	3	3	25	3.0
id-18655	3	3	26	4.5
id-18656	7	4	2	4.8
id-18657	2	3	3	4.5
id-18658	9	15	20	4.1
id-18659	6	8	17	3.2
id-18660	4	4	29	3.7
id-18661	3	3	20	4.2
id-18662	3	4	5	3.0
id-18663	8	11	3	4.3
id-18664	10	19	11	3.4
id-18665	7	8	3	4.5
id-18666	2	4	21	3.2
id-18667	2	2	20	3.8
id-18668	5	3	29	3.5
id-18669	7	12	12	4.0
id-18670	8	10	1	3.0
id-18671	10	3	23	3.2
id-18672	1	2	23	3.9
id-18673	10	5	20	3.3
id-18674	10	4	18	4.4
id-18675	4	7	7	3.3
id-18676	5	9	21	3.7
id-18677	7	7	5	4.4
id-18678	10	7	16	4.5
id-18679	7	7	2	4.9
id-18680	1	2	21	3.8
id-18681	4	7	14	3.0
id-18682	6	9	30	3.5
id-18683	10	7	9	3.7
id-18684	6	11	2	4.2
id-18685	6	5	21	3.2
id-18686	7	14	26	4.2
id-18687	3	2	12	4.8
id-18688	6	4	19	4.5
id-18689	6	3	23	3.8
id-18690	10	5	3	4.4
id-18691	10	3	10	3.7
id-18692	1	2	9	4.9
id-18693	10	5	21	3.7
id-18694	2	3	6	5.0
id-18695	6	5	26	4.0
id-18696	5	6	18	3.5
id-18697	9	6	18	4.9
id-18698	7	8	4	4.9
id-18699	5	3	14	4.1
id-18700	9	2	12	4.5
id-18701	6	5	2	4.0
id-18702	3	6	7	3.1
id-18703	2	2	17	4.9
id-18704	5	10	15	3.1
id-18705	9	5	1	4.2
id-18706	1	2	27	3.5
id-18707	7	3	4	3.9
id-18708	6	4	8	3.8
id-18709	10	15	25	3.1
id-18710	1	2	25	3.2
id-18711	2	3	6	3.6
id-18712	7	4	28	4.6
id-18713	6	11	10	5.0
id-18714	9	4	16	4.5
id-18715	7	13	30	3.2
id-18716	1	2	23	3.8
id-18717	5	10	30	3.5
id-18718	7	5	14	3.7
id-18719	8	5	17	4.4
id-18720	10	5	19	3.7
id-18721	10	16	25	4.4
id-18722	10	18	7	4.4
id-18723	3	4	24	3.1
id-18724	8	11	21	3.5
id-18725	5	10	11	3.0
id-18726	9	2	26	3.3
id-18727	10	14	20	3.5
id-18728	2	2	17	4.7
id-18729	9	11	6	3.5
id-18730	4	5	7	3.9
id-18731	6	12	3	4.5
id-18732	3	2	22	4.3
id-18733	1	2	28	4.6
id-18734	8	15	2	3.3
id-18735	7	10	16	4.4
id-18736	2	3	19	3.9
id-18737	8	8	13	4.1
id-18738	8	7	10	4.9
id-18739	9	5	15	4.6
id-18740	3	2	18	4.6
id-18741	1	2	2	3.5
id-18742	10	2	10	4.7
id-18743	7	12	22	3.4
id-18744	3	6	25	3.6
id-18745	10	9	20	3.5
id-18746	3	6	11	3.7
id-18747	9	17	28	4.3
id-18748	7	6	12	4.3
id-18749	6	6	25	4.3
id-18750	10	12	13	4.3
id-18751	5	7	1	4.6
id-18752	2	2	28	3.0
id-18753	3	3	19	4.5
id-18754	2	3	10	4.4
id-18755	7	5	19	3.8
id-18756	4	7	5	3.5
id-18757	4	2	27	3.0
id-18758	6	3	1	4.2
id-18759	2	4	15	4.8
id-18760	5	3	10	3.1
id-18761	7	12	28	3.0
id-18762	4	2	1	4.6
id-18763	2	3	28	4.0
id-18764	2	2	19	3.8
id-18765	6	7	15	4.8
id-18766	7	11	25	4.8
id-18767	10	17	7	4.1
id-18768	5	4	1	4.1
id-18769	5	2	21	4.9
id-18770	6	4	6	3.2
id-18771	5	3	9	5.0
id-18772	4	4	11	3.6
id-18773	6	10	15	3.7
id-18774	1	2	27	3.2
id-18775	6	2	5	3.1
id-18776	2	4	19	3.2
id-18777	7	4	17	4.0
id-18778	5	4	26	3.4
id-18779	4	8	4	4.6
id-18780	1	2	14	4.0
id-18781	2	3	8	5.0
id-18782	5	5	11	4.5
id-18783	3	3	17	3.4
id-18784	7	8	2	3.6
id-18785	4	6	12	4.5
id-18786	8	5	11	4.1
id-18787	4	5	27	4.4
id-18788	10	15	18	4.5
id-18789	7	3	21	4.0
id-18790	5	9	27	3.2
id-18791	2	3	14	3.8
id-18792	4	3	18	3.8
id-18793	2	2	9	3.7
id-18794	3	6	30	4.8
id-18795	9	5	26	4.4
id-18796	5	9	14	4.7
id-18797	2	4	11	3.7
id-18798	1	2	28	4.1
id-18799	8	12	6	3.9
id-18800	5	6	13	4.7
id-18801	3	6	16	3.4
id-18802	2	3	28	4.2
id-18803	3	2	21	3.4
id-18804	10	20	30	3.9
id-18805	9	3	2	4.6
id-18806	10	6	8	3.0
id-18807	7	12	30	4.0
id-18808	2	4	16	4.1
id-18809	9	18	26	4.9
id-18810	9	7	3	4.0
id-18811	1	2	6	3.1
id-18812	10	6	6	4.0
id-18813	4	7	23	4.0
id-18814	2	2	3	3.3
id-18815	6	2	3	4.5
id-18816	9	4	9	4.9
id-18817	1	2	4	4.7
id-18818	10	20	29	4.0
id-18819	7	14	4	3.2
id-18820	3	4	15	4.6
id-18821	2	2	1	4.9
id-18822	1	2	20	5.0
id-18823	2	2	22	4.1
id-18824	6	8	24	4.7
id-18825	2	4	13	4.3
id-18826	6	3	9	3.3
id-18827	3	3	13	4.4
id-18828	10	3	3	4.1
id-18829	6	11	17	3.9
id-18830	7	12	12	4.2
id-18831	5	7	1	4.6
id-18832	3	5	2	4.9
id-18833	8	3	30	4.8
id-18834	8	13	24	4.8
id-18835	10	14	10	3.2
id-18836	1	2	19	3.1
id-18837	9	2	17	3.9
id-18838	5	9	13	3.1
id-18839	8	8	20	4.5
id-18840	9	12	17	4.2
id-18841	10	9	22	3.9
id-18842	9	5	19	3.8
id-18843	10	9	17	4.0
id-18844	3	2	12	4.6
id-18845	10	5	14	4.1
id-18846	10	16	4	4.9
id-18847	2	2	4	4.4
id-18848	2	3	5	3.2
id-18849	10	15	7	3.2
id-18850	9	18	28	3.5
id-18851	10	17	24	4.7
id-18852	10	14	23	3.1
id-18853	4	2	20	4.8
id-18854	9	6	13	3.1
id-18855	4	4	19	4.4
id-18856	6	5	25	3.9
id-18857	1	2	22	3.6
id-18858	3	6	12	3.4
id-18859	9	13	13	4.3
id-18860	2	4	3	3.1
id-18861	6	3	23	4.1
id-18862	3	3	14	3.4
id-18863	7	3	30	4.6
id-18864	7	8	11	4.6
id-18865	1	2	20	4.4
id-18866	5	4	23	4.0
id-18867	3	4	6	3.2
id-18868	3	4	22	4.8
id-18869	5	4	21	3.5
id-18870	5	2	26	4.5
id-18871	10	19	19	4.6
id-18872	1	2	10	4.9
id-18873	5	7	27	3.2
id-18874	2	3	11	4.1
id-18875	6	12	27	4.2
id-18876	9	17	15	4.1
id-18877	5	10	9	5.0
id-18878	1	2	17	3.2
id-18879	3	5	8	3.7
id-18880	6	11	17	3.7
id-18881	1	2	19	3.1
id-18882	6	10	1	4.2
id-18883	7	12	15	4.9
id-18884	3	3	3	3.6
id-18885	9	7	21	4.5
id-18886	1	2	9	4.3
id-18887	8	6	19	4.1
id-18888	10	2	9	4.2
id-18889	2	3	5	5.0
id-18890	6	5	24	3.9
id-18891	10	5	5	4.2
id-18892	7	8	18	3.0
id-18893	9	17	26	3.1
id-18894	1	2	7	3.3
id-18895	9	10	21	3.3
id-18896	9	18	7	4.2
id-18897	9	17	12	3.3
id-18898	8	8	25	3.9
id-18899	3	2	24	4.2
id-18900	3	6	28	4.0
id-18901	4	6	15	3.5
id-18902	4	8	19	3.5
id-18903	9	5	29	3.4
id-18904	7	8	14	3.8
id-18905	4	3	14	4.3
id-18906	5	8	10	5.0
id-18907	7	7	18	4.8
id-18908	8	16	12	4.7
id-18909	4	6	25	4.3
id-18910	9	17	7	4.8
id-18911	2	2	19	3.4
id-18912	10	20	12	4.3
id-18913	10	12	24	4.0
id-18914	4	7	10	4.1
id-18915	3	4	25	3.1
id-18916	10	18	29	3.6
id-18917	8	10	4	4.6
id-18918	3	5	5	3.7
id-18919	6	12	1	3.0
id-18920	3	3	16	3.7
id-18921	6	9	27	4.1
id-18922	10	18	26	3.4
id-18923	10	3	20	4.5
id-18924	10	14	29	4.3
id-18925	5	3	3	3.5
id-18926	2	3	30	3.9
id-18927	3	2	1	4.0
id-18928	8	11	7	4.4
id-18929	9	15	13	3.5
id-18930	2	3	13	4.5
id-18931	5	2	18	3.4
id-18932	3	5	11	3.4
id-18933	9	13	24	3.4
id-18934	3	4	17	4.2
id-18935	2	4	10	4.2
id-18936	8	4	25	3.1
id-18937	2	3	26	4.1
id-18938	5	5	14	4.1
id-18939	9	18	29	3.2
id-18940	6	4	25	4.6
id-18941	4	6	13	3.2
id-18942	5	6	4	3.2
id-18943	6	2	11	3.9
id-18944	9	9	15	4.1
id-18945	1	2	29	3.6
id-18946	7	2	16	3.0
id-18947	9	7	23	4.4
id-18948	4	3	28	3.8
id-18949	10	18	8	4.4
id-18950	2	3	17	4.1
id-18951	7	5	1	4.6
id-18952	9	8	13	4.9
id-18953	5	5	16	4.6
id-18954	6	3	26	4.2
id-18955	3	5	19	3.2
id-18956	4	2	5	3.7
id-18957	4	5	16	4.7
id-18958	8	6	26	4.4
id-18959	7	14	28	3.8
id-18960	8	4	7	4.4
id-18961	6	11	15	3.0
id-18962	2	2	22	3.3
id-18963	3	6	11	4.5
id-18964	8	7	12	3.9
id-18965	5	9	2	4.4
id-18966	2	3	17	3.2
id-18967	5	5	8	4.6
id-18968	3	4	4	3.2
id-18969	10	15	12	4.8
id-18970	7	12	25	3.9
id-18971	6	6	30	4.7
id-18972	7	2	15	4.9
id-18973	1	2	30	3.6
id-18974	10	9	17	4.0
id-18975	6	8	19	5.0
id-18976	7	11	7	4.7
id-18977	9	4	13	3.9
id-18978	6	8	6	4.0
id-18979	10	7	5	4.3
id-18980	2	2	14	3.7
id-18981	6	9	21	4.9
id-18982	3	3	11	4.4
id-18983	10	7	3	4.0
id-18984	10	11	28	4.0
id-18985	9	16	7	4.9
id-18986	5	3	10	4.7
id-18987	6	8	22	3.9
id-18988	8	10	11	4.2
id-18989	6	8	6	4.9
id-18990	8	8	5	3.3
id-18991	2	4	7	3.6
id-18992	9	11	15	4.2
id-18993	7	10	29	4.6
id-18994	3	4	17	4.9
id-18995	5	8	12	4.4
id-18996	4	4	2	4.4
id-18997	1	2	25	3.0
id-18998	10	5	12	4.5
id-18999	7	6	23	4.1
id-19000	9	13	25	3.3
id-19001	9	9	22	3.4
id-19002	9	8	25	3.8
id-19003	3	2	15	4.1
id-19004	9	8	17	3.7
id-19005	5	4	22	3.1
id-19006	4	2	15	4.9
id-19007	10	9	12	3.7
id-19008	7	6	24	4.5
id-19009	10	4	24	4.5
id-19010	2	4	29	4.0
id-19011	4	2	29	3.5
id-19012	6	5	26	3.2
id-19013	6	7	13	5.0
id-19014	6	7	13	4.7
id-19015	9	9	13	4.9
id-19016	7	10	27	4.4
id-19017	5	10	24	4.9
id-19018	3	6	29	3.7
id-19019	2	2	16	4.5
id-19020	2	3	21	4.9
id-19021	5	2	30	3.3
id-19022	10	4	25	4.2
id-19023	5	10	25	4.4
id-19024	4	5	17	4.8
id-19025	1	2	23	4.5
id-19026	1	2	6	3.3
id-19027	10	5	18	3.8
id-19028	2	4	11	3.9
id-19029	1	2	8	3.6
id-19030	1	2	13	4.2
id-19031	8	15	16	4.4
id-19032	2	2	9	3.5
id-19033	6	3	19	4.1
id-19034	7	11	2	5.0
id-19035	4	3	22	4.3
id-19036	4	6	17	5.0
id-19037	2	2	14	3.4
id-19038	5	7	22	3.9
id-19039	1	2	27	4.8
id-19040	10	4	16	3.6
id-19041	5	9	7	4.8
id-19042	3	5	17	4.9
id-19043	8	3	27	4.2
id-19044	1	2	28	3.4
id-19045	5	5	7	3.6
id-19046	10	4	14	4.0
id-19047	2	4	6	3.0
id-19048	6	5	15	3.1
id-19049	8	7	10	4.6
id-19050	9	11	11	4.3
id-19051	5	10	19	5.0
id-19052	3	4	9	4.4
id-19053	4	4	24	4.0
id-19054	10	20	20	4.3
id-19055	9	5	20	4.4
id-19056	10	13	10	3.1
id-19057	5	10	20	3.7
id-19058	7	9	7	4.2
id-19059	6	2	11	3.5
id-19060	1	2	12	4.3
id-19061	4	4	26	3.7
id-19062	3	6	6	4.4
id-19063	3	6	30	4.2
id-19064	10	3	21	4.7
id-19065	6	11	2	3.8
id-19066	10	3	15	3.2
id-19067	8	6	5	4.5
id-19068	9	15	2	4.0
id-19069	9	15	2	3.8
id-19070	3	3	1	3.4
id-19071	9	7	26	3.5
id-19072	3	5	9	4.9
id-19073	6	5	14	4.3
id-19074	9	11	6	4.7
id-19075	9	6	3	3.4
id-19076	8	16	17	5.0
id-19077	6	11	19	3.2
id-19078	8	16	23	4.5
id-19079	6	7	15	4.7
id-19080	3	5	10	3.2
id-19081	7	2	10	3.3
id-19082	7	6	14	4.0
id-19083	9	5	30	4.6
id-19084	6	2	28	4.4
id-19085	7	10	22	4.7
id-19086	1	2	17	4.6
id-19087	6	9	1	4.5
id-19088	5	6	5	4.8
id-19089	7	9	3	3.7
id-19090	8	11	24	4.8
id-19091	1	2	7	3.1
id-19092	5	2	24	3.7
id-19093	5	9	28	3.6
id-19094	2	3	16	3.8
id-19095	5	3	23	3.3
id-19096	1	2	21	3.4
id-19097	4	3	25	3.2
id-19098	8	5	24	4.7
id-19099	2	2	23	3.2
id-19100	6	8	24	4.9
id-19101	1	2	7	4.3
id-19102	1	2	29	4.8
id-19103	3	2	25	4.9
id-19104	2	2	29	5.0
id-19105	7	10	26	3.4
id-19106	8	14	16	3.9
id-19107	5	10	26	4.6
id-19108	3	6	11	4.0
id-19109	3	2	27	4.9
id-19110	7	11	2	4.9
id-19111	10	18	8	4.9
id-19112	7	6	7	3.4
id-19113	6	12	15	4.6
id-19114	6	8	2	4.7
id-19115	8	12	20	4.0
id-19116	4	4	2	3.7
id-19117	7	2	9	3.6
id-19118	1	2	21	4.4
id-19119	4	7	8	3.2
id-19120	1	2	2	4.0
id-19121	6	9	29	5.0
id-19122	9	15	23	4.7
id-19123	6	5	9	4.1
id-19124	4	8	22	5.0
id-19125	4	8	6	4.9
id-19126	5	7	2	3.6
id-19127	1	2	7	4.1
id-19128	4	5	23	3.0
id-19129	2	4	13	4.7
id-19130	10	18	18	4.4
id-19131	8	15	4	4.9
id-19132	1	2	7	3.3
id-19133	4	8	26	3.5
id-19134	4	8	13	5.0
id-19135	4	6	5	3.8
id-19136	8	9	3	3.4
id-19137	4	5	26	4.5
id-19138	5	7	27	4.3
id-19139	6	5	17	4.5
id-19140	6	8	12	4.7
id-19141	5	7	21	3.8
id-19142	5	5	18	4.4
id-19143	7	5	6	3.4
id-19144	10	20	30	3.4
id-19145	6	8	3	3.3
id-19146	6	2	19	3.8
id-19147	1	2	18	3.3
id-19148	6	11	24	3.8
id-19149	6	6	30	3.6
id-19150	6	9	8	3.6
id-19151	9	11	27	4.5
id-19152	8	7	12	4.3
id-19153	5	5	16	3.7
id-19154	2	3	28	3.4
id-19155	6	8	15	4.4
id-19156	9	15	16	4.4
id-19157	1	2	2	3.3
id-19158	4	3	14	4.8
id-19159	2	4	27	4.4
id-19160	7	3	5	3.1
id-19161	3	4	23	4.8
id-19162	3	2	1	3.8
id-19163	5	6	18	3.1
id-19164	7	5	29	4.0
id-19165	5	8	14	4.3
id-19166	7	4	9	3.0
id-19167	10	9	23	4.6
id-19168	6	8	22	4.1
id-19169	10	2	15	3.5
id-19170	7	9	1	3.4
id-19171	3	4	17	3.9
id-19172	10	8	11	4.9
id-19173	7	5	23	3.0
id-19174	3	5	22	3.9
id-19175	3	6	20	4.1
id-19176	5	5	30	4.1
id-19177	7	4	15	5.0
id-19178	4	2	8	3.2
id-19179	8	9	17	3.2
id-19180	1	2	17	4.7
id-19181	6	10	21	4.4
id-19182	3	5	27	3.3
id-19183	2	2	15	3.8
id-19184	7	13	11	4.1
id-19185	7	8	6	4.9
id-19186	6	10	8	3.7
id-19187	10	13	25	5.0
id-19188	5	3	7	4.8
id-19189	4	2	2	3.9
id-19190	4	2	27	3.0
id-19191	8	11	25	4.6
id-19192	4	6	28	3.0
id-19193	1	2	28	4.1
id-19194	10	20	29	3.5
id-19195	1	2	6	3.0
id-19196	7	6	9	3.8
id-19197	7	2	21	3.6
id-19198	3	4	17	3.6
id-19199	9	9	1	3.5
id-19200	7	6	10	4.0
id-19201	5	9	13	3.3
id-19202	8	10	14	4.4
id-19203	9	16	29	4.9
id-19204	3	3	19	3.2
id-19205	6	11	29	4.3
id-19206	8	11	3	3.7
id-19207	1	2	27	4.0
id-19208	3	5	1	4.8
id-19209	7	13	30	3.2
id-19210	2	2	23	4.7
id-19211	5	5	2	3.6
id-19212	10	14	23	4.4
id-19213	5	2	4	3.8
id-19214	6	9	17	4.3
id-19215	4	3	12	3.7
id-19216	8	4	11	4.4
id-19217	4	2	25	4.3
id-19218	7	11	4	4.7
id-19219	4	3	28	5.0
id-19220	3	3	24	3.1
id-19221	4	5	17	3.2
id-19222	6	2	30	3.0
id-19223	4	5	4	4.2
id-19224	1	2	6	4.2
id-19225	2	2	11	4.0
id-19226	7	10	3	3.7
id-19227	6	5	12	3.9
id-19228	2	2	22	4.8
id-19229	1	2	17	4.8
id-19230	3	2	11	4.7
id-19231	6	11	7	4.6
id-19232	3	5	11	4.6
id-19233	9	15	16	4.7
id-19234	7	11	28	4.3
id-19235	7	6	16	3.9
id-19236	2	2	4	4.8
id-19237	2	3	19	3.9
id-19238	7	7	19	4.6
id-19239	2	2	29	4.5
id-19240	5	2	29	3.7
id-19241	3	4	14	4.0
id-19242	1	2	15	3.5
id-19243	6	3	30	3.7
id-19244	5	2	8	4.6
id-19245	7	9	23	3.4
id-19246	10	12	18	4.7
id-19247	1	2	26	4.9
id-19248	1	2	22	3.6
id-19249	4	8	8	3.5
id-19250	3	4	11	3.7
id-19251	3	3	16	5.0
id-19252	2	3	29	4.2
id-19253	8	13	28	4.6
id-19254	9	11	17	3.0
id-19255	10	13	19	4.7
id-19256	6	2	9	4.4
id-19257	1	2	26	3.8
id-19258	3	5	28	4.1
id-19259	9	17	14	3.4
id-19260	2	2	11	4.6
id-19261	5	6	20	4.9
id-19262	3	4	24	3.8
id-19263	10	18	11	3.2
id-19264	6	5	16	3.9
id-19265	7	9	26	3.9
id-19266	9	12	25	5.0
id-19267	5	10	15	3.2
id-19268	8	5	25	4.3
id-19269	3	6	18	3.7
id-19270	7	8	22	3.8
id-19271	6	6	18	4.8
id-19272	3	2	26	3.1
id-19273	3	3	25	4.6
id-19274	8	5	16	4.3
id-19275	8	4	25	3.3
id-19276	8	12	25	3.2
id-19277	2	4	24	4.5
id-19278	7	7	24	3.8
id-19279	2	4	6	3.7
id-19280	6	8	6	3.3
id-19281	9	12	11	4.6
id-19282	5	10	5	4.8
id-19283	4	5	4	4.4
id-19284	9	4	12	4.3
id-19285	8	7	7	3.7
id-19286	9	2	22	3.2
id-19287	10	13	1	4.1
id-19288	1	2	12	3.9
id-19289	1	2	8	4.0
id-19290	10	7	12	4.3
id-19291	5	10	22	4.8
id-19292	4	8	1	3.8
id-19293	2	3	20	4.9
id-19294	7	8	17	4.0
id-19295	9	14	24	5.0
id-19296	2	4	17	4.9
id-19297	7	5	29	4.5
id-19298	6	2	1	4.0
id-19299	3	2	21	5.0
id-19300	1	2	12	3.9
id-19301	3	6	29	5.0
id-19302	7	6	25	3.7
id-19303	9	14	9	3.3
id-19304	1	2	5	4.8
id-19305	2	3	26	4.9
id-19306	10	5	14	3.6
id-19307	10	20	4	3.7
id-19308	4	4	27	4.6
id-19309	9	17	13	4.3
id-19310	1	2	25	4.3
id-19311	1	2	22	4.7
id-19312	8	11	30	3.9
id-19313	6	7	27	3.7
id-19314	1	2	19	4.4
id-19315	4	2	12	3.4
id-19316	3	2	15	3.1
id-19317	5	8	14	4.1
id-19318	3	5	27	4.0
id-19319	3	5	18	4.6
id-19320	4	8	22	4.4
id-19321	1	2	8	4.5
id-19322	9	14	2	4.8
id-19323	10	20	1	4.3
id-19324	5	5	9	3.5
id-19325	6	11	19	4.4
id-19326	8	4	16	3.5
id-19327	6	5	19	3.1
id-19328	2	2	9	3.6
id-19329	5	9	10	3.9
id-19330	6	2	21	3.5
id-19331	9	6	28	3.6
id-19332	8	16	13	5.0
id-19333	6	9	20	4.9
id-19334	9	13	22	3.3
id-19335	9	12	6	3.7
id-19336	3	4	22	4.6
id-19337	2	4	3	4.9
id-19338	7	3	9	3.3
id-19339	6	10	17	4.9
id-19340	10	16	4	3.5
id-19341	6	12	18	4.5
id-19342	1	2	6	4.9
id-19343	10	13	2	4.3
id-19344	6	12	17	4.1
id-19345	6	9	1	3.7
id-19346	9	7	8	4.0
id-19347	6	7	30	4.7
id-19348	7	10	11	4.1
id-19349	8	9	18	4.6
id-19350	6	5	30	3.6
id-19351	5	7	7	4.4
id-19352	7	7	13	4.0
id-19353	7	2	17	4.7
id-19354	10	9	20	4.1
id-19355	2	2	3	3.4
id-19356	4	2	19	3.2
id-19357	1	2	21	4.8
id-19358	10	17	20	4.6
id-19359	5	10	4	3.6
id-19360	9	10	29	5.0
id-19361	10	3	26	3.2
id-19362	9	6	26	4.8
id-19363	2	4	16	3.8
id-19364	2	3	22	4.8
id-19365	10	12	29	3.6
id-19366	7	9	11	4.3
id-19367	6	11	26	4.3
id-19368	3	5	24	4.5
id-19369	1	2	30	4.4
id-19370	8	2	17	4.2
id-19371	3	4	21	4.3
id-19372	3	2	25	4.8
id-19373	7	10	17	3.3
id-19374	7	6	13	4.2
id-19375	3	4	21	3.3
id-19376	9	10	4	3.7
id-19377	3	3	6	4.8
id-19378	8	3	22	4.8
id-19379	6	3	30	3.7
id-19380	9	4	25	3.2
id-19381	5	4	16	5.0
id-19382	9	6	8	3.3
id-19383	8	4	22	3.1
id-19384	5	4	22	3.1
id-19385	5	2	22	3.8
id-19386	7	14	30	4.6
id-19387	9	12	7	3.9
id-19388	4	2	10	4.4
id-19389	6	7	20	4.8
id-19390	10	15	21	3.7
id-19391	9	7	19	4.9
id-19392	8	9	8	4.4
id-19393	9	12	5	3.7
id-19394	7	13	20	4.3
id-19395	5	10	19	4.5
id-19396	2	4	8	3.9
id-19397	5	5	1	3.3
id-19398	1	2	16	3.4
id-19399	3	5	8	3.9
id-19400	2	4	22	4.9
id-19401	2	2	12	3.3
id-19402	6	7	2	3.9
id-19403	3	6	2	4.7
id-19404	9	9	24	4.9
id-19405	8	10	21	4.2
id-19406	8	6	25	3.4
id-19407	4	3	23	4.8
id-19408	8	14	26	4.8
id-19409	5	10	6	3.6
id-19410	9	15	23	3.5
id-19411	10	10	19	4.4
id-19412	5	10	7	4.8
id-19413	6	8	14	3.7
id-19414	6	3	21	4.0
id-19415	1	2	16	4.0
id-19416	5	3	1	3.5
id-19417	9	5	28	4.4
id-19418	2	3	4	3.8
id-19419	1	2	11	3.9
id-19420	9	4	14	3.0
id-19421	7	2	17	3.4
id-19422	6	9	7	4.2
id-19423	8	6	9	4.8
id-19424	1	2	4	4.1
id-19425	3	3	7	3.9
id-19426	7	5	15	4.7
id-19427	8	2	23	4.4
id-19428	6	9	10	4.9
id-19429	3	5	11	3.3
id-19430	10	10	28	4.6
id-19431	1	2	13	4.9
id-19432	1	2	12	5.0
id-19433	10	17	28	3.3
id-19434	4	4	2	3.1
id-19435	4	3	25	3.7
id-19436	4	5	9	4.3
id-19437	6	10	6	4.2
id-19438	10	10	9	4.9
id-19439	5	9	8	4.1
id-19440	7	3	18	4.7
id-19441	8	9	23	4.2
id-19442	10	14	21	4.5
id-19443	1	2	28	3.7
id-19444	10	18	16	4.1
id-19445	1	2	6	3.3
id-19446	1	2	27	3.0
id-19447	7	5	22	4.5
id-19448	9	13	22	3.1
id-19449	5	3	29	3.8
id-19450	10	4	5	3.1
id-19451	5	2	1	4.4
id-19452	9	17	30	4.3
id-19453	2	4	14	3.1
id-19454	2	2	20	3.3
id-19455	9	12	28	3.2
id-19456	5	4	12	4.6
id-19457	5	6	11	3.2
id-19458	7	5	21	3.2
id-19459	10	5	24	3.0
id-19460	7	2	28	3.6
id-19461	10	8	17	4.5
id-19462	4	3	16	4.9
id-19463	5	3	8	4.9
id-19464	4	8	2	3.8
id-19465	6	7	7	4.8
id-19466	10	5	5	3.2
id-19467	9	17	13	4.6
id-19468	9	15	8	3.5
id-19469	7	10	17	4.2
id-19470	8	9	24	4.6
id-19471	6	7	10	4.5
id-19472	4	3	1	3.4
id-19473	6	8	20	3.8
id-19474	7	13	12	3.9
id-19475	8	8	30	4.9
id-19476	5	10	5	3.4
id-19477	9	16	6	4.5
id-19478	4	4	5	3.1
id-19479	6	6	17	3.7
id-19480	5	7	18	3.1
id-19481	4	6	21	4.7
id-19482	1	2	1	4.9
id-19483	4	5	27	3.5
id-19484	1	2	12	3.6
id-19485	2	2	14	3.4
id-19486	8	12	24	3.9
id-19487	7	12	3	4.5
id-19488	3	3	27	4.8
id-19489	7	7	29	4.0
id-19490	3	2	24	4.7
id-19491	3	5	6	3.8
id-19492	2	3	22	4.0
id-19493	3	6	20	4.9
id-19494	5	9	18	3.7
id-19495	9	15	28	4.1
id-19496	9	8	16	3.4
id-19497	10	17	20	4.2
id-19498	2	2	4	3.3
id-19499	7	7	23	4.5
id-19500	4	3	2	4.7
id-19501	6	9	4	4.2
id-19502	6	7	6	3.8
id-19503	3	5	28	4.6
id-19504	3	2	27	3.5
id-19505	5	5	10	4.6
id-19506	1	2	7	4.9
id-19507	4	4	20	4.4
id-19508	4	5	23	4.0
id-19509	4	6	12	4.4
id-19510	10	11	12	3.9
id-19511	4	2	8	4.9
id-19512	8	10	17	4.6
id-19513	7	10	4	3.4
id-19514	3	2	25	3.5
id-19515	4	2	12	4.5
id-19516	5	2	24	3.1
id-19517	6	9	22	3.2
id-19518	4	2	30	4.3
id-19519	9	13	5	3.4
id-19520	2	4	15	3.5
id-19521	1	2	17	4.6
id-19522	10	9	1	4.8
id-19523	2	4	30	3.8
id-19524	6	7	16	3.6
id-19525	4	8	20	4.7
id-19526	9	12	4	4.6
id-19527	10	20	24	3.5
id-19528	5	8	2	3.2
id-19529	5	6	12	3.6
id-19530	5	3	20	4.6
id-19531	7	7	6	3.5
id-19532	9	9	29	4.1
id-19533	6	7	11	4.3
id-19534	4	4	10	4.2
id-19535	3	6	18	4.6
id-19536	4	4	19	3.3
id-19537	9	13	29	3.9
id-19538	6	4	10	4.1
id-19539	3	3	8	3.1
id-19540	8	5	12	4.9
id-19541	3	5	9	4.5
id-19542	10	14	18	3.5
id-19543	5	10	26	4.5
id-19544	3	4	29	3.3
id-19545	2	2	16	4.1
id-19546	4	2	10	4.1
id-19547	3	3	26	4.6
id-19548	6	8	26	4.5
id-19549	6	5	23	4.8
id-19550	9	17	16	3.4
id-19551	1	2	29	3.6
id-19552	8	16	2	4.9
id-19553	2	3	19	3.5
id-19554	3	3	13	3.0
id-19555	2	3	22	3.3
id-19556	6	10	24	3.0
id-19557	8	16	17	3.6
id-19558	10	3	13	3.2
id-19559	5	7	21	3.8
id-19560	4	5	18	3.2
id-19561	7	8	29	3.5
id-19562	6	2	2	3.5
id-19563	5	6	13	3.7
id-19564	4	2	2	3.7
id-19565	1	2	10	3.9
id-19566	6	2	19	5.0
id-19567	7	3	24	4.3
id-19568	1	2	28	4.9
id-19569	5	8	12	4.6
id-19570	6	10	21	4.4
id-19571	8	4	8	4.6
id-19572	4	8	3	4.1
id-19573	9	13	21	3.7
id-19574	8	13	30	4.9
id-19575	3	3	28	3.9
id-19576	10	11	4	4.2
id-19577	3	6	6	4.7
id-19578	2	2	11	4.7
id-19579	5	9	9	4.6
id-19580	7	7	23	4.8
id-19581	9	3	28	4.4
id-19582	6	11	7	4.4
id-19583	10	9	29	4.3
id-19584	6	6	6	4.3
id-19585	2	4	10	3.1
id-19586	8	2	20	3.3
id-19587	7	2	3	3.0
id-19588	3	6	18	4.1
id-19589	9	16	20	4.6
id-19590	1	2	19	4.8
id-19591	7	8	13	3.6
id-19592	5	9	12	3.9
id-19593	10	6	23	4.3
id-19594	9	12	22	3.1
id-19595	10	4	3	3.7
id-19596	3	5	12	4.2
id-19597	5	4	19	4.7
id-19598	4	2	3	3.6
id-19599	9	15	11	4.2
id-19600	9	17	13	3.9
id-19601	2	4	5	4.6
id-19602	7	9	15	3.7
id-19603	2	4	30	4.8
id-19604	10	9	19	3.0
id-19605	6	6	10	3.4
id-19606	4	6	14	4.9
id-19607	10	4	1	3.3
id-19608	1	2	10	4.2
id-19609	7	2	15	3.2
id-19610	7	12	5	3.9
id-19611	1	2	8	4.2
id-19612	7	11	26	3.7
id-19613	5	10	19	4.7
id-19614	5	6	9	3.1
id-19615	2	3	25	4.5
id-19616	8	16	12	4.1
id-19617	10	4	18	3.3
id-19618	3	4	8	4.3
id-19619	8	11	9	3.3
id-19620	3	2	30	3.5
id-19621	8	16	22	3.6
id-19622	2	2	21	3.7
id-19623	7	12	11	4.5
id-19624	10	10	21	3.2
id-19625	3	5	20	3.1
id-19626	10	17	4	3.1
id-19627	5	6	19	4.6
id-19628	2	3	27	3.7
id-19629	9	17	9	4.4
id-19630	9	14	25	3.5
id-19631	8	3	27	3.0
id-19632	10	19	21	3.4
id-19633	8	8	9	3.9
id-19634	9	5	25	3.8
id-19635	7	14	14	3.7
id-19636	10	12	16	4.5
id-19637	5	3	28	5.0
id-19638	6	9	22	4.2
id-19639	10	2	7	4.5
id-19640	10	18	5	3.2
id-19641	6	5	2	4.6
id-19642	10	10	24	3.1
id-19643	1	2	6	4.6
id-19644	4	3	26	3.8
id-19645	6	10	6	4.8
id-19646	10	18	17	3.5
id-19647	3	2	10	3.5
id-19648	3	4	8	3.5
id-19649	5	8	13	3.8
id-19650	7	10	12	3.3
id-19651	7	13	12	3.6
id-19652	10	7	5	3.4
id-19653	10	8	17	5.0
id-19654	2	4	24	3.3
id-19655	8	13	29	3.1
id-19656	9	10	21	3.2
id-19657	1	2	1	3.4
id-19658	7	7	3	3.0
id-19659	2	2	16	3.6
id-19660	10	8	23	4.2
id-19661	3	3	17	4.0
id-19662	5	9	12	3.8
id-19663	4	2	2	4.4
id-19664	7	10	8	3.1
id-19665	8	16	3	4.0
id-19666	2	4	5	3.8
id-19667	7	9	24	4.0
id-19668	5	6	26	4.6
id-19669	3	2	14	4.6
id-19670	5	2	10	4.0
id-19671	5	7	19	4.7
id-19672	3	6	25	4.8
id-19673	3	3	10	4.1
id-19674	4	4	3	4.5
id-19675	2	3	1	3.5
id-19676	5	6	1	4.4
id-19677	4	8	14	3.8
id-19678	5	8	15	3.2
id-19679	1	2	18	3.1
id-19680	2	2	4	4.3
id-19681	7	7	8	3.8
id-19682	5	7	9	3.9
id-19683	4	7	13	4.9
id-19684	2	4	17	3.5
id-19685	10	9	4	4.1
id-19686	5	7	18	3.2
id-19687	8	2	12	3.9
id-19688	1	2	1	4.6
id-19689	2	2	28	4.4
id-19690	2	2	1	4.8
id-19691	9	8	1	4.6
id-19692	10	5	15	3.6
id-19693	1	2	25	3.5
id-19694	4	4	28	3.2
id-19695	9	11	1	4.5
id-19696	10	4	6	3.8
id-19697	3	3	8	4.8
id-19698	3	5	4	3.4
id-19699	2	3	28	3.9
id-19700	6	3	4	3.8
id-19701	5	3	6	4.1
id-19702	8	3	10	3.6
id-19703	1	2	21	3.9
id-19704	2	3	23	3.5
id-19705	4	7	5	4.8
id-19706	4	6	13	3.7
id-19707	4	7	14	4.1
id-19708	8	16	19	4.1
id-19709	9	7	4	4.7
id-19710	2	2	25	3.6
id-19711	3	4	12	3.5
id-19712	8	16	28	3.1
id-19713	2	2	8	3.4
id-19714	8	3	27	4.4
id-19715	8	16	8	4.9
id-19716	2	2	24	3.4
id-19717	3	3	2	4.3
id-19718	10	12	7	4.3
id-19719	9	13	23	4.2
id-19720	10	18	11	3.7
id-19721	1	2	4	3.5
id-19722	5	3	26	4.0
id-19723	7	2	27	3.3
id-19724	9	17	9	4.6
id-19725	5	2	11	4.1
id-19726	7	14	5	3.0
id-19727	3	5	21	3.4
id-19728	10	19	5	5.0
id-19729	5	5	15	4.0
id-19730	7	4	4	3.1
id-19731	7	9	1	4.9
id-19732	8	3	7	4.3
id-19733	10	7	5	4.3
id-19734	8	16	15	4.1
id-19735	1	2	8	4.3
id-19736	3	5	18	3.3
id-19737	3	2	12	4.8
id-19738	7	14	8	3.0
id-19739	7	7	28	3.9
id-19740	10	11	12	4.5
id-19741	8	8	4	3.7
id-19742	3	4	12	4.2
id-19743	4	3	12	3.5
id-19744	10	17	24	4.3
id-19745	5	8	4	3.3
id-19746	7	9	15	4.3
id-19747	5	7	30	4.9
id-19748	3	3	10	4.9
id-19749	6	5	3	3.5
id-19750	7	9	15	4.5
id-19751	2	4	24	3.8
id-19752	4	4	25	4.7
id-19753	7	7	30	4.2
id-19754	8	2	26	3.4
id-19755	8	8	17	4.3
id-19756	2	4	13	4.2
id-19757	9	4	22	4.4
id-19758	5	3	22	3.7
id-19759	10	14	14	3.5
id-19760	3	2	15	4.6
id-19761	4	3	1	3.8
id-19762	2	3	2	3.0
id-19763	10	20	13	4.3
id-19764	10	16	19	3.5
id-19765	9	5	1	3.3
id-19766	10	6	1	3.6
id-19767	8	12	8	3.6
id-19768	10	15	17	4.7
id-19769	2	2	21	3.8
id-19770	1	2	23	4.5
id-19771	4	2	21	4.9
id-19772	4	2	19	3.3
id-19773	9	14	28	4.3
id-19774	4	6	26	4.5
id-19775	8	3	27	4.2
id-19776	5	3	6	4.1
id-19777	3	6	14	4.8
id-19778	3	5	6	3.0
id-19779	1	2	7	5.0
id-19780	10	7	16	4.1
id-19781	10	2	27	4.6
id-19782	4	4	2	4.5
id-19783	5	2	9	3.6
id-19784	5	3	12	4.1
id-19785	6	10	9	3.8
id-19786	10	17	15	3.0
id-19787	10	19	5	4.3
id-19788	2	2	9	3.2
id-19789	6	5	3	3.8
id-19790	7	8	23	3.5
id-19791	1	2	14	3.7
id-19792	4	6	16	4.8
id-19793	5	8	12	3.2
id-19794	9	5	3	4.5
id-19795	10	14	26	3.0
id-19796	6	9	12	3.2
id-19797	9	17	2	4.9
id-19798	9	15	23	4.8
id-19799	2	2	12	3.8
id-19800	9	15	22	3.5
id-19801	1	2	28	3.0
id-19802	7	9	9	4.3
id-19803	6	10	7	4.2
id-19804	6	6	1	3.3
id-19805	9	10	30	3.8
id-19806	8	10	23	3.9
id-19807	9	6	22	5.0
id-19808	10	18	7	3.6
id-19809	7	5	10	4.0
id-19810	3	6	3	3.3
id-19811	9	17	1	3.7
id-19812	10	11	15	4.9
id-19813	2	4	15	4.6
id-19814	1	2	26	3.6
id-19815	5	10	19	3.9
id-19816	1	2	26	4.7
id-19817	10	10	22	4.0
id-19818	8	15	3	3.4
id-19819	9	17	17	3.9
id-19820	5	10	15	4.0
id-19821	8	15	16	3.9
id-19822	10	3	13	4.5
id-19823	7	13	25	3.4
id-19824	4	7	3	3.0
id-19825	7	4	16	4.6
id-19826	3	4	22	3.6
id-19827	2	4	27	4.8
id-19828	7	7	13	3.2
id-19829	7	4	3	3.8
id-19830	7	3	17	3.2
id-19831	8	14	9	3.9
id-19832	7	4	25	4.0
id-19833	5	9	29	3.6
id-19834	5	3	12	3.6
id-19835	5	9	30	3.0
id-19836	3	3	2	3.1
id-19837	3	6	9	4.7
id-19838	4	3	30	3.3
id-19839	4	2	7	3.9
id-19840	5	7	13	3.9
id-19841	8	11	24	4.3
id-19842	3	3	24	4.3
id-19843	6	11	6	4.4
id-19844	1	2	6	4.2
id-19845	1	2	17	3.4
id-19846	10	19	15	4.8
id-19847	6	10	17	3.2
id-19848	2	4	8	3.5
id-19849	8	12	27	4.3
id-19850	5	9	24	4.7
id-19851	1	2	28	4.3
id-19852	1	2	5	3.8
id-19853	2	2	26	4.2
id-19854	4	6	4	4.6
id-19855	7	12	19	4.1
id-19856	1	2	24	3.6
id-19857	5	3	30	4.9
id-19858	7	7	7	4.6
id-19859	6	8	19	4.1
id-19860	9	3	18	3.2
id-19861	5	9	11	4.0
id-19862	10	12	11	3.9
id-19863	9	9	21	3.8
id-19864	2	4	2	3.4
id-19865	4	5	28	4.6
id-19866	1	2	28	3.1
id-19867	4	7	10	3.5
id-19868	1	2	9	4.5
id-19869	8	11	30	3.3
id-19870	10	16	1	4.5
id-19871	8	9	27	3.3
id-19872	1	2	7	3.2
id-19873	9	7	9	3.2
id-19874	10	19	9	3.6
id-19875	7	9	24	4.6
id-19876	9	6	6	4.7
id-19877	3	3	1	4.1
id-19878	1	2	11	3.2
id-19879	1	2	22	3.7
id-19880	3	2	22	3.3
id-19881	7	5	3	3.7
id-19882	5	2	23	3.9
id-19883	7	11	12	4.5
id-19884	2	2	6	3.7
id-19885	7	4	4	4.7
id-19886	1	2	14	3.8
id-19887	5	10	22	3.7
id-19888	1	2	23	4.1
id-19889	7	6	17	3.0
id-19890	8	14	10	3.2
id-19891	10	17	19	4.0
id-19892	8	12	7	4.0
id-19893	9	8	12	3.0
id-19894	4	2	28	3.1
id-19895	4	5	19	3.7
id-19896	9	6	8	3.0
id-19897	1	2	17	3.2
id-19898	6	11	25	3.1
id-19899	8	3	22	3.0
id-19900	6	11	18	3.8
id-19901	6	2	16	4.4
id-19902	8	10	2	4.2
id-19903	1	2	8	5.0
id-19904	10	8	3	4.0
id-19905	7	14	7	4.1
id-19906	4	4	5	3.5
id-19907	2	2	18	3.6
id-19908	3	5	28	3.2
id-19909	3	6	21	3.8
id-19910	2	2	30	3.1
id-19911	6	6	26	3.7
id-19912	4	5	17	4.8
id-19913	6	8	26	3.4
id-19914	9	17	4	3.1
id-19915	1	2	10	3.0
id-19916	10	19	25	3.9
id-19917	4	2	23	3.2
id-19918	7	6	19	4.9
id-19919	6	12	14	3.8
id-19920	6	11	29	3.4
id-19921	8	11	29	4.4
id-19922	2	3	7	4.7
id-19923	8	6	2	4.1
id-19924	9	10	3	4.3
id-19925	9	6	29	3.9
id-19926	10	18	19	4.2
id-19927	7	11	12	4.6
id-19928	7	3	27	3.2
id-19929	9	16	22	3.9
id-19930	2	3	21	4.5
id-19931	2	2	7	3.3
id-19932	6	3	12	4.6
id-19933	10	11	30	3.7
id-19934	9	14	26	4.0
id-19935	4	5	3	4.8
id-19936	9	5	15	3.8
id-19937	1	2	24	4.1
id-19938	1	2	22	3.7
id-19939	5	4	23	4.0
id-19940	8	6	8	3.8
id-19941	6	3	8	3.3
id-19942	1	2	9	4.7
id-19943	10	8	20	3.7
id-19944	3	2	18	3.9
id-19945	8	13	3	3.5
id-19946	3	4	2	4.1
id-19947	7	9	4	3.5
id-19948	8	6	25	3.4
id-19949	4	8	17	3.1
id-19950	3	3	7	4.0
id-19951	8	16	16	3.3
id-19952	4	3	4	4.5
id-19953	5	8	26	3.5
id-19954	8	15	7	4.4
id-19955	4	3	16	3.3
id-19956	3	2	11	3.4
id-19957	8	8	3	4.2
id-19958	6	11	7	3.6
id-19959	2	3	5	3.2
id-19960	5	10	23	4.4
id-19961	3	2	18	4.9
id-19962	7	5	21	3.5
id-19963	6	7	22	3.2
id-19964	7	8	27	4.8
id-19965	2	3	1	4.4
id-19966	8	16	29	3.0
id-19967	1	2	1	4.7
id-19968	8	13	7	3.1
id-19969	1	2	22	4.2
id-19970	2	4	6	3.3
id-19971	3	3	14	3.0
id-19972	4	7	15	4.3
id-19973	9	10	21	4.7
id-19974	5	3	17	4.1
id-19975	6	12	18	3.8
id-19976	8	12	25	3.6
id-19977	6	3	23	3.5
id-19978	5	9	22	4.5
id-19979	6	3	10	3.7
id-19980	3	2	21	4.3
id-19981	1	2	5	4.2
id-19982	5	8	9	3.8
id-19983	9	4	28	3.6
id-19984	2	4	25	4.8
id-19985	2	2	25	3.8
id-19986	8	13	11	3.6
id-19987	2	4	25	3.6
id-19988	6	9	28	4.0
id-19989	6	8	4	3.8
id-19990	6	2	21	3.3
id-19991	1	2	24	4.9
id-19992	9	12	6	4.9
id-19993	1	2	7	4.0
id-19994	8	7	1	3.5
id-19995	7	4	11	3.3
id-19996	6	4	24	3.9
id-19997	7	14	19	4.2
id-19998	5	10	18	4.9
id-19999	8	16	27	4.4
