id-00000	4	6	20	4.4
id-00001	10	11	8	3.1
id-00002	4	7	17	4.4
id-00003	2	4	5	4.1
id-00004	2	2	6	3.9
id-00005	8	3	7	4.2
id-00006	3	4	18	3.1
id-00007	6	5	23	4.0
id-00008	9	12	16	3.6
id-00009	3	2	29	4.1
id-00010	5	7	2	4.9
id-00011	7	4	4	4.3
id-00012	1	2	7	4.1
id-00013	9	12	13	3.2
id-00014	2	3	24	4.5
id-00015	7	13	13	4.3
id-00016	1	2	28	3.5
id-00017	10	3	8	3.5
id-00018	1	2	5	3.8
id-00019	3	4	11	3.2
id-00020	1	2	14	3.1
id-00021	10	5	3	4.3
id-00022	2	4	20	4.8
id-00023	2	2	13	3.1
id-00024	10	9	28	3.0
id-00025	7	4	17	3.3
id-00026	1	2	28	3.2
id-00027	9	13	21	4.0
id-00028	2	3	22	3.3
id-00029	4	2	29	4.4
id-00030	2	4	22	4.9
id-00031	10	14	29	4.3
id-00032	4	4	24	3.4
id-00033	9	11	14	4.5
id-00034	3	4	6	4.7
id-00035	10	17	13	5.0
id-00036	1	2	19	4.7
id-00037	4	7	29	4.1
id-00038	6	3	14	4.0
id-00039	4	3	10	3.4
id-00040	9	18	7	4.8
id-00041	5	2	8	4.9
id-00042	4	2	3	4.8
id-00043	9	14	20	3.6
id-00044	7	3	25	4.5
id-00045	1	2	28	4.4
id-00046	5	10	24	4.3
id-00047	5	2	1	4.0
id-00048	2	3	20	4.3
id-00049	2	4	2	4.3
id-00050	2	2	13	4.0
id-00051	5	6	6	4.0
id-00052	8	13	7	4.3
id-00053	4	6	27	4.8
id-00054	4	5	30	3.8
id-00055	6	5	1	4.8
id-00056	7	12	17	4.6
id-00057	1	2	3	3.5
id-00058	6	11	8	3.5
id-00059	7	4	25	3.5
id-00060	7	2	9	4.2
id-00061	7	7	30	4.3
id-00062	3	5	13	4.9
id-00063	1	2	30	3.5
id-00064	3	5	15	4.6
id-00065	10	13	19	4.7
id-00066	9	18	28	4.3
id-00067	10	3	26	4.0
id-00068	1	2	24	3.2
id-00069	4	7	3	4.2
id-00070	1	2	22	4.7
id-00071	8	7	13	4.6
id-00072	9	13	13	4.0
id-00073	8	2	1	3.1
id-00074	4	5	29	4.7
id-00075	2	2	12	4.1
id-00076	3	3	29	3.2
id-00077	9	2	6	4.2
id-00078	7	11	14	4.1
id-00079	6	3	27	3.4
id-00080	1	2	14	3.8
id-00081	6	8	15	3.3
id-00082	10	9	10	4.1
id-00083	7	10	23	3.6
id-00084	3	3	15	4.8
id-00085	6	4	20	4.2
id-00086	2	4	16	4.8
id-00087	1	2	23	3.9
id-00088	8	13	19	4.6
id-00089	7	6	18	3.6
id-00090	6	10	29	3.8
id-00091	5	5	26	4.2
id-00092	5	2	4	3.1
id-00093	9	3	2	3.7
id-00094	8	11	25	3.2
id-00095	8	4	9	3.0
id-00096	6	6	29	4.6
id-00097	9	13	14	4.2
id-00098	5	5	22	3.5
id-00099	6	3	10	3.3
id-00100	9	16	11	3.1
id-00101	2	4	11	3.2
id-00102	9	3	14	4.7
id-00103	3	2	2	4.2
id-00104	1	2	27	4.2
id-00105	10	16	30	4.8
id-00106	7	5	21	3.0
id-00107	4	3	3	4.5
id-00108	7	13	27	4.7
id-00109	9	6	1	4.3
id-00110	7	12	13	3.4
id-00111	6	7	9	3.6
id-00112	1	2	25	3.1
id-00113	1	2	22	3.9
id-00114	1	2	2	4.1
id-00115	6	3	10	3.7
id-00116	1	2	25	5.0
id-00117	7	12	10	3.3
id-00118	2	4	7	4.7
id-00119	6	2	7	3.1
id-00120	10	14	20	4.3
id-00121	4	7	14	4.3
id-00122	7	6	14	3.1
id-00123	5	6	23	3.9
id-00124	1	2	11	4.1
id-00125	10	10	27	3.7
id-00126	10	20	7	3.6
id-00127	6	11	23	4.6
id-00128	8	7	25	4.8
id-00129	8	7	15	4.9
id-00130	9	14	3	4.8
id-00131	10	3	7	3.3
id-00132	7	7	12	4.6
id-00133	7	4	16	4.9
id-00134	4	7	30	3.9
id-00135	8	16	30	3.3
id-00136	9	9	4	3.6
id-00137	7	6	14	4.0
id-00138	9	16	27	4.3
id-00139	4	8	15	3.6
id-00140	10	12	8	3.5
id-00141	10	18	28	3.1
id-00142	8	8	7	4.1
id-00143	3	6	8	4.2
id-00144	10	10	2	3.4
id-00145	2	3	25	3.2
id-00146	2	2	12	3.8
id-00147	7	7	28	4.2
id-00148	9	9	4	3.4
id-00149	8	12	26	3.4
id-00150	4	3	19	3.6
id-00151	2	4	15	3.7
id-00152	2	4	13	3.5
id-00153	10	17	27	3.7
id-00154	5	3	20	4.3
id-00155	5	7	15	4.8
id-00156	9	16	25	4.6
id-00157	10	9	17	4.9
id-00158	4	8	22	4.3
id-00159	5	2	4	3.9
id-00160	3	5	8	5.0
id-00161	6	3	13	4.4
id-00162	9	15	21	4.9
id-00163	10	3	16	4.4
id-00164	5	3	30	3.3
id-00165	4	5	18	4.2
id-00166	6	12	25	3.7
id-00167	10	8	2	3.9
id-00168	1	2	15	4.9
id-00169	1	2	28	4.8
id-00170	2	4	12	3.7
id-00171	5	3	25	4.8
id-00172	5	9	21	4.6
id-00173	6	6	11	3.4
id-00174	9	11	19	4.1
id-00175	3	2	27	3.9
id-00176	8	12	1	3.6
id-00177	6	12	29	3.8
id-00178	10	19	16	4.7
id-00179	4	4	30	4.6
id-00180	3	4	14	4.0
id-00181	9	15	16	4.2
id-00182	10	14	14	3.7
id-00183	3	4	21	3.3
id-00184	10	19	16	3.5
id-00185	2	3	9	3.2
id-00186	9	8	6	4.4
id-00187	1	2	16	4.3
id-00188	9	11	1	4.3
id-00189	4	2	16	5.0
id-00190	5	6	10	3.1
id-00191	4	5	7	3.6
id-00192	9	6	22	4.9
id-00193	1	2	18	4.3
id-00194	7	9	13	4.7
id-00195	10	9	13	4.6
id-00196	5	8	25	4.8
id-00197	8	7	16	3.9
id-00198	4	2	30	4.2
id-00199	6	4	6	3.3
id-00200	1	2	11	4.9
id-00201	1	2	19	4.3
id-00202	5	7	13	4.3
id-00203	7	10	20	3.5
id-00204	4	2	21	4.2
id-00205	3	6	16	3.9
id-00206	7	3	28	4.1
id-00207	5	10	1	4.5
id-00208	8	7	19	5.0
id-00209	10	4	18	3.5
id-00210	5	2	4	3.8
id-00211	3	6	14	3.5
id-00212	8	3	12	3.3
id-00213	10	2	26	3.3
id-00214	5	5	20	3.7
id-00215	1	2	9	3.5
id-00216	10	6	18	4.6
id-00217	4	7	26	4.8
id-00218	5	9	25	4.5
id-00219	9	10	23	4.6
id-00220	8	4	14	4.7
id-00221	5	5	30	3.7
id-00222	3	3	15	3.4
id-00223	9	18	8	4.3
id-00224	7	4	8	4.1
id-00225	1	2	24	3.4
id-00226	3	3	30	3.3
id-00227	6	2	22	3.4
id-00228	2	2	9	4.7
id-00229	5	2	14	4.3
id-00230	6	8	26	3.3
id-00231	5	9	24	3.2
id-00232	7	9	10	4.3
id-00233	9	12	8	4.2
id-00234	2	2	26	4.9
id-00235	5	8	3	3.4
id-00236	5	9	4	3.6
id-00237	7	6	18	3.6
id-00238	5	10	29	3.7
id-00239	5	8	1	4.3
id-00240	6	11	7	3.2
id-00241	1	2	2	4.9
id-00242	1	2	7	4.3
id-00243	9	4	21	4.2
id-00244	7	2	6	4.8
id-00245	9	3	23	3.7
id-00246	7	10	24	4.6
id-00247	2	3	22	4.9
id-00248	6	2	20	4.7
id-00249	3	4	8	4.3
id-00250	1	2	5	3.4
id-00251	2	2	23	4.9
id-00252	6	10	3	3.6
id-00253	5	5	5	4.1
id-00254	9	14	11	4.0
id-00255	7	10	28	3.1
id-00256	5	5	19	4.3
id-00257	5	4	10	3.2
id-00258	6	5	19	4.6
id-00259	5	3	15	4.9
id-00260	4	8	11	3.7
id-00261	6	10	1	3.0
id-00262	6	10	29	3.7
id-00263	7	5	22	4.6
id-00264	2	4	27	3.5
id-00265	8	8	5	4.7
id-00266	10	6	14	4.9
id-00267	4	2	11	4.4
id-00268	4	7	29	5.0
id-00269	1	2	20	4.7
id-00270	4	3	19	4.4
id-00271	7	14	22	3.4
id-00272	2	3	18	4.3
id-00273	3	2	1	4.6
id-00274	5	4	23	3.4
id-00275	6	2	3	3.8
id-00276	3	2	4	4.5
id-00277	1	2	6	3.2
id-00278	9	16	30	3.2
id-00279	4	3	3	3.4
id-00280	5	3	17	3.4
id-00281	5	3	24	4.3
id-00282	8	5	2	4.1
id-00283	3	3	1	4.8
id-00284	8	3	20	3.6
id-00285	8	15	5	3.3
id-00286	1	2	27	4.8
id-00287	9	2	15	3.1
id-00288	8	4	24	3.4
id-00289	3	6	12	3.5
id-00290	6	8	12	3.0
id-00291	10	6	29	3.9
id-00292	4	8	28	4.7
id-00293	3	2	6	4.7
id-00294	10	16	7	3.2
id-00295	8	11	20	4.7
id-00296	4	2	28	3.4
id-00297	8	9	4	4.6
id-00298	7	2	11	4.0
id-00299	8	11	29	3.7
id-00300	2	3	1	3.7
id-00301	9	12	17	3.8
id-00302	6	5	23	4.9
id-00303	6	9	19	3.7
id-00304	10	8	7	4.1
id-00305	6	8	18	4.0
id-00306	6	8	4	4.3
id-00307	4	5	20	4.0
id-00308	5	4	8	4.2
id-00309	7	13	4	4.0
id-00310	6	9	16	4.3
id-00311	1	2	26	3.4
id-00312	10	2	23	3.9
id-00313	5	5	19	4.3
id-00314	1	2	29	4.4
id-00315	8	11	28	3.8
id-00316	4	5	16	4.5
id-00317	8	7	27	3.7
id-00318	8	7	6	4.9
id-00319	7	2	2	3.4
id-00320	1	2	17	4.1
id-00321	5	7	4	3.4
id-00322	10	6	17	4.7
id-00323	2	2	16	3.2
id-00324	1	2	19	3.3
id-00325	7	9	13	4.1
id-00326	3	2	10	4.0
id-00327	2	4	25	4.9
id-00328	7	3	20	4.0
id-00329	9	7	11	4.9
id-00330	6	9	11	4.5
id-00331	2	3	26	4.3
id-00332	5	9	15	4.1
id-00333	3	2	23	4.8
id-00334	7	11	11	3.3
id-00335	4	7	26	4.0
id-00336	5	6	24	3.1
id-00337	7	9	24	3.9
id-00338	4	7	25	3.6
id-00339	9	18	12	3.3
id-00340	9	4	14	3.4
id-00341	2	4	2	4.9
id-00342	3	4	25	3.7
id-00343	1	2	30	4.1
id-00344	4	2	11	3.9
id-00345	5	6	29	4.7
id-00346	9	7	28	3.6
id-00347	10	7	14	3.4
id-00348	5	10	6	4.5
id-00349	6	5	13	4.8
id-00350	4	7	20	3.5
id-00351	10	11	8	3.9
id-00352	1	2	6	3.5
id-00353	8	2	28	3.3
id-00354	8	16	3	4.9
id-00355	10	4	16	3.7
id-00356	3	5	26	3.6
id-00357	9	14	7	3.8
id-00358	5	6	17	4.4
id-00359	1	2	19	3.8
id-00360	8	10	11	4.1
id-00361	4	2	21	4.3
id-00362	9	16	24	4.5
id-00363	1	2	23	3.8
id-00364	8	13	10	3.3
id-00365	4	8	15	3.4
id-00366	6	9	24	4.1
id-00367	8	11	19	3.6
id-00368	3	4	2	3.6
id-00369	2	3	5	4.1
id-00370	10	19	2	4.9
id-00371	8	16	6	3.4
id-00372	7	6	4	4.9
id-00373	2	2	7	4.9
id-00374	8	12	27	4.9
id-00375	8	3	4	3.1
id-00376	5	8	11	4.7
id-00377	3	2	30	4.0
id-00378	10	15	11	3.7
id-00379	9	15	12	4.2
id-00380	2	2	25	4.4
id-00381	1	2	24	3.0
id-00382	8	13	14	4.1
id-00383	7	5	3	4.7
id-00384	10	17	30	4.1
id-00385	4	2	26	4.7
id-00386	8	14	8	4.1
id-00387	10	13	4	3.8
id-00388	3	6	26	4.0
id-00389	3	6	6	3.3
id-00390	5	8	6	5.0
id-00391	6	4	19	3.1
id-00392	7	4	27	4.8
id-00393	8	4	16	4.1
id-00394	6	2	8	4.0
id-00395	4	2	28	3.7
id-00396	2	4	14	4.8
id-00397	10	12	13	3.0
id-00398	3	4	23	4.6
id-00399	9	9	23	4.5
id-00400	1	2	14	4.9
id-00401	6	9	13	4.7
id-00402	8	8	8	4.1
id-00403	7	5	3	3.6
id-00404	6	6	9	3.4
id-00405	10	17	9	4.9
id-00406	8	11	5	3.6
id-00407	1	2	29	4.1
id-00408	3	3	2	3.6
id-00409	4	6	30	3.6
id-00410	1	2	27	4.9
id-00411	2	4	2	4.3
id-00412	3	3	19	3.4
id-00413	9	10	27	3.1
id-00414	3	6	9	3.6
id-00415	2	3	10	3.9
id-00416	5	7	1	3.0
id-00417	1	2	22	4.8
id-00418	9	16	28	3.5
id-00419	6	3	20	4.1
id-00420	10	13	6	3.5
id-00421	8	2	3	3.1
id-00422	6	4	30	4.4
id-00423	10	20	2	4.0
id-00424	4	8	5	4.5
id-00425	2	3	26	4.9
id-00426	10	7	6	3.7
id-00427	7	7	1	4.7
id-00428	9	4	18	3.6
id-00429	1	2	1	3.9
id-00430	5	2	2	3.8
id-00431	6	4	27	4.8
id-00432	10	15	16	4.1
id-00433	10	6	21	4.1
id-00434	7	13	5	4.9
id-00435	7	5	8	3.3
id-00436	10	9	23	4.8
id-00437	5	7	5	3.1
id-00438	10	9	29	3.9
id-00439	8	12	8	3.2
id-00440	7	12	13	3.4
id-00441	8	7	14	4.6
id-00442	2	2	1	3.9
id-00443	7	12	30	4.7
id-00444	7	10	1	3.4
id-00445	3	2	30	3.9
id-00446	8	13	27	3.5
id-00447	4	2	6	4.5
id-00448	7	2	2	4.2
id-00449	1	2	11	3.5
id-00450	3	2	5	4.3
id-00451	10	8	19	3.6
id-00452	3	4	19	3.1
id-00453	6	7	12	4.2
id-00454	9	18	20	3.8
id-00455	9	14	23	4.2
id-00456	6	9	8	4.1
id-00457	3	3	21	4.3
id-00458	2	2	29	4.1
id-00459	9	12	15	3.4
id-00460	5	8	5	3.4
id-00461	10	20	7	4.3
id-00462	10	3	16	3.7
id-00463	9	5	8	4.0
id-00464	7	7	9	3.0
id-00465	4	7	18	4.7
id-00466	1	2	22	4.1
id-00467	9	18	18	4.3
id-00468	1	2	19	4.2
id-00469	5	6	7	3.5
id-00470	8	9	15	4.8
id-00471	2	3	15	4.4
id-00472	6	8	9	4.0
id-00473	9	13	27	4.7
id-00474	6	2	28	4.3
id-00475	1	2	9	4.9
id-00476	6	3	27	4.8
id-00477	9	14	25	4.0
id-00478	6	6	2	4.3
id-00479	4	2	14	4.4
id-00480	9	6	19	4.8
id-00481	4	5	1	4.6
id-00482	3	5	26	4.7
id-00483	7	13	28	4.0
id-00484	10	6	21	4.6
id-00485	7	10	17	3.5
id-00486	8	16	1	4.0
id-00487	4	3	8	3.7
id-00488	7	5	2	3.2
id-00489	5	8	30	4.6
id-00490	8	7	2	5.0
id-00491	10	20	30	4.2
id-00492	9	12	21	4.8
id-00493	1	2	16	3.9
id-00494	4	2	14	4.6
id-00495	2	3	27	4.1
id-00496	3	3	6	3.7
id-00497	6	11	7	3.5
id-00498	6	8	26	4.0
id-00499	8	11	10	3.1
id-00500	8	11	25	4.7
id-00501	9	13	29	3.3
id-00502	3	4	29	4.6
id-00503	2	2	9	3.1
id-00504	9	18	28	4.1
id-00505	9	17	8	3.8
id-00506	9	15	8	4.0
id-00507	1	2	18	3.7
id-00508	10	13	4	3.9
id-00509	8	13	5	4.7
id-00510	3	2	15	4.9
id-00511	2	2	19	4.7
id-00512	4	4	23	4.1
id-00513	8	2	12	3.3
id-00514	7	14	26	3.6
id-00515	6	10	1	4.3
id-00516	9	4	23	4.3
id-00517	4	5	8	4.1
id-00518	8	14	24	5.0
id-00519	1	2	23	4.1
id-00520	7	5	22	4.9
id-00521	8	8	25	3.5
id-00522	7	2	14	4.9
id-00523	9	17	5	4.7
id-00524	8	14	14	4.2
id-00525	6	9	17	4.9
id-00526	4	7	8	3.8
id-00527	2	2	26	4.6
id-00528	1	2	8	3.0
id-00529	2	2	16	3.6
id-00530	8	14	17	4.4
id-00531	9	17	8	3.6
id-00532	3	2	13	3.1
id-00533	1	2	23	3.5
id-00534	9	7	29	3.5
id-00535	3	2	5	4.2
id-00536	2	3	12	3.9
id-00537	7	13	14	4.5
id-00538	9	11	21	3.5
id-00539	2	4	14	3.0
id-00540	6	8	26	3.0
id-00541	2	3	8	4.7
id-00542	8	5	21	3.8
id-00543	5	4	27	3.7
id-00544	4	3	7	3.8
id-00545	1	2	15	3.4
id-00546	9	18	16	3.2
id-00547	3	2	4	4.2
id-00548	2	4	15	3.2
id-00549	9	8	29	4.9
id-00550	5	8	26	4.6
id-00551	7	4	20	3.4
id-00552	1	2	27	4.1
id-00553	6	5	12	3.3
id-00554	6	8	5	4.9
id-00555	5	7	5	4.5
id-00556	6	10	23	4.3
id-00557	7	11	4	4.2
id-00558	6	5	22	3.7
id-00559	3	2	19	4.1
id-00560	1	2	15	4.1
id-00561	5	6	15	4.5
id-00562	10	13	7	4.1
id-00563	6	2	6	3.6
id-00564	8	10	16	4.3
id-00565	6	7	17	4.5
id-00566	5	4	4	4.1
id-00567	4	3	11	4.4
id-00568	6	5	16	3.7
id-00569	10	12	10	4.7
id-00570	2	2	2	4.7
id-00571	6	6	8	3.3
id-00572	2	3	11	3.1
id-00573	2	3	28	3.6
id-00574	2	3	4	4.6
id-00575	7	5	16	3.3
id-00576	3	4	17	4.5
id-00577	2	2	6	3.7
id-00578	4	6	13	3.7
id-00579	9	14	17	4.3
id-00580	7	5	17	3.0
id-00581	8	4	11	3.9
id-00582	8	3	15	3.3
id-00583	9	3	16	3.3
id-00584	3	6	9	3.1
id-00585	7	14	3	3.6
id-00586	6	7	11	3.8
id-00587	2	4	11	4.6
id-00588	6	8	8	4.7
id-00589	7	4	15	4.3
id-00590	6	12	21	3.0
id-00591	1	2	5	3.5
id-00592	6	4	19	4.7
id-00593	2	2	27	4.8
id-00594	4	5	7	4.5
id-00595	4	3	14	3.2
id-00596	9	8	17	3.8
id-00597	10	7	3	4.5
id-00598	3	5	7	4.4
id-00599	4	5	17	3.6
id-00600	6	4	11	4.9
id-00601	6	12	14	4.9
id-00602	4	6	3	4.6
id-00603	6	7	24	4.7
id-00604	9	11	5	4.5
id-00605	6	11	24	3.7
id-00606	3	3	30	4.1
id-00607	1	2	26	4.3
id-00608	2	3	1	3.1
id-00609	9	13	28	3.9
id-00610	10	19	9	4.8
id-00611	4	3	21	5.0
id-00612	8	12	11	4.0
id-00613	5	4	11	3.5
id-00614	1	2	29	4.4
id-00615	6	10	2	3.5
id-00616	7	9	20	3.2
id-00617	7	6	25	4.0
id-00618	3	3	15	4.7
id-00619	7	12	2	4.8
id-00620	8	8	5	3.5
id-00621	10	10	19	4.7
id-00622	9	3	2	3.6
id-00623	1	2	12	3.2
id-00624	8	4	29	4.9
id-00625	1	2	11	4.0
id-00626	5	5	28	4.7
id-00627	9	5	20	4.9
id-00628	7	11	18	4.6
id-00629	1	2	4	4.2
id-00630	4	2	8	3.0
id-00631	7	13	17	4.4
id-00632	6	12	5	3.7
id-00633	8	6	19	4.4
id-00634	9	4	21	4.5
id-00635	5	3	23	4.2
id-00636	1	2	11	3.7
id-00637	2	2	23	3.8
id-00638	9	6	11	3.9
id-00639	10	14	26	3.2
id-00640	4	5	24	4.7
id-00641	8	8	10	4.1
id-00642	4	4	25	4.1
id-00643	4	2	2	3.7
id-00644	4	7	24	3.0
id-00645	7	11	1	3.2
id-00646	10	7	4	4.1
id-00647	1	2	28	4.3
id-00648	9	2	2	4.2
id-00649	1	2	10	4.0
id-00650	5	8	10	3.1
id-00651	1	2	9	4.0
id-00652	10	17	25	4.6
id-00653	10	8	26	3.4
id-00654	2	4	8	4.0
id-00655	6	3	6	4.9
id-00656	10	13	11	3.1
id-00657	1	2	23	3.3
id-00658	10	9	19	3.2
id-00659	5	7	27	3.1
id-00660	3	3	8	3.4
id-00661	3	4	28	3.2
id-00662	5	7	9	5.0
id-00663	7	7	18	3.4
id-00664	1	2	27	4.8
id-00665	7	3	21	3.3
id-00666	1	2	11	5.0
id-00667	7	6	2	3.8
id-00668	9	3	27	3.0
id-00669	9	9	14	4.2
id-00670	10	4	7	3.8
id-00671	2	2	26	3.8
id-00672	9	10	15	3.3
id-00673	5	8	4	3.7
id-00674	6	5	16	4.4
id-00675	8	10	9	4.6
id-00676	8	4	4	4.8
id-00677	9	14	6	4.0
id-00678	1	2	27	3.5
id-00679	6	6	23	4.4
id-00680	8	13	26	4.3
id-00681	3	6	21	3.9
id-00682	2	2	9	3.3
id-00683	9	14	15	3.9
id-00684	6	2	11	4.0
id-00685	10	18	23	3.9
id-00686	1	2	21	3.7
id-00687	9	18	7	3.1
id-00688	10	2	3	3.9
id-00689	6	12	18	3.6
id-00690	5	10	24	4.2
id-00691	1	2	23	4.3
id-00692	3	3	24	4.9
id-00693	10	3	6	3.0
id-00694	1	2	24	4.8
id-00695	9	17	22	4.8
id-00696	3	2	27	4.3
id-00697	7	12	19	3.6
id-00698	3	2	21	3.5
id-00699	9	14	10	4.9
id-00700	7	9	16	3.8
id-00701	6	3	13	4.5
id-00702	6	12	30	4.2
id-00703	5	3	19	4.4
id-00704	7	2	7	3.8
id-00705	7	5	27	3.7
id-00706	5	7	5	4.0
id-00707	4	6	2	4.3
id-00708	2	2	27	3.6
id-00709	8	8	7	3.1
id-00710	9	10	21	4.7
id-00711	7	2	18	4.7
id-00712	3	4	30	3.9
id-00713	6	10	18	4.4
id-00714	2	3	6	4.2
id-00715	6	10	4	4.8
id-00716	9	16	21	3.9
id-00717	8	15	2	3.2
id-00718	1	2	22	4.6
id-00719	8	14	28	4.4
id-00720	9	7	6	3.4
id-00721	6	11	28	4.2
id-00722	1	2	20	3.5
id-00723	3	5	3	4.5
id-00724	7	6	30	3.3
id-00725	4	2	14	4.5
id-00726	1	2	3	3.7
id-00727	5	7	1	4.3
id-00728	1	2	8	4.7
id-00729	6	4	5	3.3
id-00730	8	16	2	3.2
id-00731	7	13	24	5.0
id-00732	6	9	30	4.4
id-00733	1	2	14	3.8
id-00734	7	12	8	3.3
id-00735	2	4	25	4.4
id-00736	5	5	26	4.3
id-00737	4	2	17	4.1
id-00738	1	2	22	3.4
id-00739	6	12	4	3.5
id-00740	4	5	6	3.9
id-00741	8	15	18	4.4
id-00742	1	2	11	4.7
id-00743	2	4	1	3.8
id-00744	5	4	15	3.2
id-00745	2	3	20	4.4
id-00746	6	6	12	3.7
id-00747	6	7	11	3.7
id-00748	4	3	17	4.2
id-00749	2	2	2	3.9
id-00750	1	2	9	3.4
id-00751	2	2	16	3.5
id-00752	10	16	27	3.8
id-00753	9	18	15	4.0
id-00754	4	6	1	3.2
id-00755	2	4	19	4.6
id-00756	5	9	15	3.1
id-00757	4	4	28	3.4
id-00758	3	3	20	3.2
id-00759	1	2	18	4.8
id-00760	7	7	15	4.5
id-00761	1	2	1	3.9
id-00762	1	2	30	4.5
id-00763	1	2	11	3.0
id-00764	2	3	30	3.6
id-00765	9	16	29	3.1
id-00766	10	18	8	3.9
id-00767	2	2	20	3.7
id-00768	2	3	2	4.3
id-00769	9	8	1	4.8
id-00770	8	7	12	4.1
id-00771	8	8	5	4.6
id-00772	4	5	11	4.2
id-00773	3	4	20	4.4
id-00774	9	12	5	4.0
id-00775	1	2	6	4.9
id-00776	1	2	6	3.7
id-00777	3	2	1	4.5
id-00778	10	5	24	4.5
id-00779	5	10	13	4.5
id-00780	7	4	12	3.1
id-00781	10	18	25	5.0
id-00782	7	12	8	3.1
id-00783	8	4	13	3.3
id-00784	4	2	4	4.6
id-00785	3	3	29	3.6
id-00786	7	14	8	3.5
id-00787	9	3	17	4.6
id-00788	1	2	3	4.2
id-00789	1	2	27	3.1
id-00790	9	18	18	3.8
id-00791	10	7	2	3.1
id-00792	9	5	13	3.6
id-00793	5	5	14	3.2
id-00794	3	3	20	4.2
id-00795	1	2	21	3.8
id-00796	9	10	16	3.3
id-00797	10	13	30	5.0
id-00798	2	2	30	3.4
id-00799	9	16	25	4.2
id-00800	10	3	17	4.5
id-00801	8	5	6	4.3
id-00802	1	2	15	4.1
id-00803	6	9	30	3.5
id-00804	3	6	13	4.7
id-00805	2	2	8	4.9
id-00806	7	7	9	4.9
id-00807	1	2	14	3.6
id-00808	6	2	21	3.6
id-00809	6	5	11	3.4
id-00810	8	6	3	4.6
id-00811	7	2	17	3.0
id-00812	7	6	2	3.8
id-00813	7	5	2	4.5
id-00814	3	6	24	3.6
id-00815	3	2	11	3.9
id-00816	3	4	18	4.2
id-00817	9	5	17	3.2
id-00818	4	4	26	3.8
id-00819	7	10	17	4.4
id-00820	1	2	17	4.3
id-00821	8	7	13	3.1
id-00822	7	6	10	4.3
id-00823	6	3	26	4.1
id-00824	1	2	15	5.0
id-00825	9	18	3	3.7
id-00826	8	16	22	4.3
id-00827	6	10	14	3.6
id-00828	8	4	29	3.6
id-00829	1	2	12	3.3
id-00830	1	2	4	4.8
id-00831	10	16	29	3.1
id-00832	2	3	14	3.4
id-00833	1	2	2	4.7
id-00834	8	8	23	3.1
id-00835	7	11	14	3.1
id-00836	6	2	21	4.8
id-00837	9	10	10	4.8
id-00838	9	7	26	3.2
id-00839	1	2	25	4.6
id-00840	6	4	6	3.3
id-00841	4	4	19	4.7
id-00842	3	5	27	4.1
id-00843	4	4	8	3.1
id-00844	3	2	26	4.5
id-00845	10	15	5	4.4
id-00846	8	13	12	4.8
id-00847	5	5	23	3.4
id-00848	10	4	30	4.4
id-00849	4	8	3	4.8
id-00850	1	2	18	4.5
id-00851	5	5	10	4.7
id-00852	4	3	19	4.7
id-00853	4	3	4	3.6
id-00854	2	2	5	3.3
id-00855	9	17	4	4.2
id-00856	5	9	8	4.6
id-00857	6	2	9	3.1
id-00858	6	6	10	3.8
id-00859	4	7	8	4.6
id-00860	4	4	13	3.2
id-00861	3	4	14	3.6
id-00862	6	5	20	3.7
id-00863	6	7	19	4.9
id-00864	6	5	20	4.2
id-00865	3	5	16	3.6
id-00866	2	2	10	3.1
id-00867	6	10	14	3.3
id-00868	7	13	16	4.6
id-00869	8	3	23	3.1
id-00870	8	2	9	4.7
id-00871	1	2	10	4.9
id-00872	2	4	15	3.2
id-00873	3	5	15	3.5
id-00874	3	6	4	4.2
id-00875	2	3	20	4.2
id-00876	3	4	24	4.4
id-00877	5	9	27	4.9
id-00878	4	6	29	4.8
id-00879	3	3	21	4.2
id-00880	3	5	18	3.5
id-00881	4	4	7	4.2
id-00882	5	2	9	3.2
id-00883	7	3	28	4.4
id-00884	3	2	11	4.0
id-00885	7	9	7	4.0
id-00886	3	2	12	4.8
id-00887	3	2	18	3.7
id-00888	7	12	8	3.6
id-00889	9	7	25	4.7
id-00890	2	3	12	3.7
id-00891	6	7	4	3.5
id-00892	4	5	25	3.0
id-00893	10	15	22	4.4
id-00894	3	3	23	3.6
id-00895	10	15	8	4.7
id-00896	4	6	17	4.3
id-00897	10	11	4	3.8
id-00898	7	3	2	4.6
id-00899	5	4	23	3.1
id-00900	8	16	23	4.9
id-00901	6	9	30	3.9
id-00902	4	2	19	3.1
id-00903	8	14	3	3.4
id-00904	5	9	13	4.3
id-00905	9	15	7	3.1
id-00906	1	2	20	4.9
id-00907	6	11	18	3.5
id-00908	1	2	19	3.2
id-00909	5	2	17	3.8
id-00910	6	11	12	4.1
id-00911	1	2	18	3.7
id-00912	4	6	30	3.7
id-00913	7	11	30	4.6
id-00914	5	6	30	4.5
id-00915	7	14	26	4.9
id-00916	10	7	17	4.2
id-00917	8	2	24	4.1
id-00918	3	6	1	3.8
id-00919	8	7	16	3.9
id-00920	2	4	1	3.6
id-00921	6	9	11	4.8
id-00922	6	2	23	4.4
id-00923	5	8	17	4.3
id-00924	8	7	3	4.8
id-00925	9	11	24	4.7
id-00926	2	2	10	3.4
id-00927	6	9	9	3.8
id-00928	6	11	4	4.6
id-00929	5	8	22	4.3
id-00930	6	2	23	3.0
id-00931	10	15	27	4.9
id-00932	9	12	2	4.5
id-00933	8	12	6	4.1
id-00934	9	7	12	3.1
id-00935	3	6	9	3.5
id-00936	1	2	11	3.2
id-00937	10	12	1	3.6
id-00938	3	3	18	4.6
id-00939	10	7	11	4.4
id-00940	9	15	23	4.2
id-00941	9	6	23	4.3
id-00942	8	8	8	3.9
id-00943	2	3	7	4.6
id-00944	5	7	24	3.5
id-00945	6	9	11	4.3
id-00946	2	3	2	3.1
id-00947	3	4	12	3.0
id-00948	6	2	23	4.8
id-00949	8	16	14	4.2
id-00950	2	4	14	3.1
id-00951	1	2	19	4.0
id-00952	4	7	1	4.1
id-00953	10	16	7	4.7
id-00954	7	2	16	3.2
id-00955	7	2	9	4.0
id-00956	3	3	1	4.0
id-00957	6	4	29	4.2
id-00958	1	2	25	4.1
id-00959	2	2	22	3.5
id-00960	9	18	17	3.8
id-00961	7	5	7	5.0
id-00962	8	15	21	4.4
id-00963	5	10	26	4.9
id-00964	2	4	14	3.7
id-00965	1	2	23	3.6
id-00966	7	13	20	3.0
id-00967	2	4	19	3.4
id-00968	1	2	25	4.9
id-00969	7	6	10	4.6
id-00970	8	13	19	3.7
id-00971	2	2	19	3.6
id-00972	2	3	16	3.0
id-00973	6	11	2	4.7
id-00974	10	17	30	4.3
id-00975	3	6	21	3.1
id-00976	3	5	15	3.6
id-00977	10	20	1	3.0
id-00978	3	4	4	3.2
id-00979	2	4	14	4.8
id-00980	8	7	7	3.3
id-00981	5	6	10	3.3
id-00982	2	4	26	4.4
id-00983	1	2	24	4.0
id-00984	8	13	3	4.5
id-00985	3	2	8	3.1
id-00986	4	8	30	4.6
id-00987	6	2	9	3.4
id-00988	6	5	4	5.0
id-00989	5	6	23	3.5
id-00990	2	2	13	3.2
id-00991	9	4	11	4.1
id-00992	10	3	29	3.3
id-00993	10	3	28	3.5
id-00994	9	6	15	4.7
id-00995	1	2	11	5.0
id-00996	3	3	3	3.1
id-00997	1	2	1	3.7
id-00998	6	5	15	4.7
id-00999	2	4	11	4.7
id-01000	1	2	15	3.7
id-01001	7	3	28	3.3
id-01002	4	4	25	3.9
id-01003	8	10	12	3.0
id-01004	2	3	23	4.0
id-01005	2	3	14	4.1
id-01006	8	2	13	4.1
id-01007	9	8	21	4.6
id-01008	5	6	29	3.4
id-01009	1	2	19	5.0
id-01010	7	10	25	3.5
id-01011	1	2	3	4.7
id-01012	7	5	3	4.4
id-01013	2	3	4	4.1
id-01014	10	7	24	3.8
id-01015	5	10	23	4.0
id-01016	10	10	25	4.7
id-01017	6	9	16	3.1
id-01018	7	4	6	4.0
id-01019	8	8	6	4.3
id-01020	4	8	10	4.5
id-01021	2	4	21	3.5
id-01022	4	6	5	4.4
id-01023	10	4	23	4.3
id-01024	4	5	5	3.3
id-01025	3	4	16	4.2
id-01026	1	2	24	4.9
id-01027	9	2	27	4.3
id-01028	9	9	2	3.2
id-01029	2	3	28	3.3
id-01030	10	4	26	5.0
id-01031	9	14	29	4.1
id-01032	3	4	11	4.8
id-01033	1	2	25	3.2
id-01034	2	2	30	4.4
id-01035	8	6	4	3.7
id-01036	5	7	11	4.1
id-01037	3	2	13	3.3
id-01038	7	10	21	3.7
id-01039	2	4	18	3.2
id-01040	1	2	10	4.4
id-01041	6	12	25	4.9
id-01042	9	14	17	3.4
id-01043	2	2	24	4.2
id-01044	1	2	7	5.0
id-01045	1	2	18	3.0
id-01046	9	8	24	4.7
id-01047	7	4	15	3.8
id-01048	2	4	1	3.5
id-01049	5	9	22	3.9
id-01050	3	2	1	4.6
id-01051	5	2	1	4.4
id-01052	8	3	18	3.4
id-01053	8	5	25	4.8
id-01054	6	3	8	4.5
id-01055	7	4	2	3.2
id-01056	6	9	3	3.3
id-01057	2	4	9	4.0
id-01058	4	6	27	4.4
id-01059	2	2	17	3.0
id-01060	6	9	25	3.1
id-01061	7	12	28	4.6
id-01062	1	2	7	4.4
id-01063	7	8	28	4.0
id-01064	4	2	9	3.9
id-01065	10	2	11	4.7
id-01066	7	8	24	3.8
id-01067	8	9	17	4.2
id-01068	2	4	10	4.2
id-01069	6	6	9	4.1
id-01070	7	9	10	4.9
id-01071	6	12	11	5.0
id-01072	5	4	28	3.3
id-01073	4	3	25	3.0
id-01074	10	15	28	4.8
id-01075	8	14	14	4.8
id-01076	3	4	8	3.5
id-01077	3	2	25	3.3
id-01078	10	19	28	3.1
id-01079	3	6	30	4.3
id-01080	6	5	5	4.9
id-01081	10	12	12	3.5
id-01082	4	3	25	4.5
id-01083	1	2	11	3.7
id-01084	9	5	5	3.9
id-01085	5	6	21	3.5
id-01086	1	2	2	4.4
id-01087	8	16	19	3.9
id-01088	1	2	7	3.7
id-01089	7	5	8	4.1
id-01090	5	6	14	3.9
id-01091	4	6	19	3.8
id-01092	5	3	6	3.1
id-01093	5	5	7	3.1
id-01094	5	3	20	4.0
id-01095	8	10	6	4.7
id-01096	7	2	18	3.7
id-01097	3	5	30	3.9
id-01098	5	9	10	4.5
id-01099	8	16	13	4.2
id-01100	8	13	16	4.5
id-01101	2	2	21	4.5
id-01102	6	5	23	3.3
id-01103	6	7	7	4.9
id-01104	5	9	21	4.9
id-01105	3	4	17	4.2
id-01106	7	4	10	4.6
id-01107	9	11	20	4.3
id-01108	6	10	6	3.3
id-01109	6	12	30	4.6
id-01110	6	3	28	4.4
id-01111	7	4	1	4.2
id-01112	8	11	6	4.3
id-01113	8	3	21	3.5
id-01114	10	4	23	3.7
id-01115	9	11	6	4.7
id-01116	1	2	4	4.0
id-01117	8	8	19	4.1
id-01118	1	2	15	4.2
id-01119	8	16	27	4.5
id-01120	8	2	13	3.7
id-01121	9	6	29	3.8
id-01122	7	5	16	4.2
id-01123	1	2	8	3.9
id-01124	5	9	16	4.6
id-01125	6	9	28	3.7
id-01126	10	5	30	3.9
id-01127	5	9	15	4.0
id-01128	4	8	13	4.3
id-01129	2	3	29	3.6
id-01130	7	14	15	4.3
id-01131	6	6	30	3.9
id-01132	4	5	27	4.1
id-01133	6	9	12	3.7
id-01134	8	14	12	4.6
id-01135	3	2	4	3.1
id-01136	2	4	6	3.9
id-01137	7	9	12	3.5
id-01138	1	2	24	3.7
id-01139	5	2	15	4.1
id-01140	3	2	30	4.7
id-01141	10	7	29	3.6
id-01142	9	2	9	4.6
id-01143	4	6	17	4.2
id-01144	7	6	6	3.7
id-01145	3	4	5	4.2
id-01146	10	12	30	4.7
id-01147	6	12	12	4.2
id-01148	6	10	13	4.3
id-01149	3	3	8	5.0
id-01150	3	5	28	3.6
id-01151	9	4	11	4.9
id-01152	10	16	15	4.3
id-01153	7	7	25	4.9
id-01154	7	4	13	3.7
id-01155	10	3	2	4.0
id-01156	10	3	21	4.4
id-01157	7	5	7	3.9
id-01158	10	13	21	3.3
id-01159	7	3	23	4.9
id-01160	2	4	1	4.1
id-01161	2	4	10	4.4
id-01162	6	8	20	5.0
id-01163	6	3	21	4.7
id-01164	5	7	24	3.2
id-01165	10	7	5	3.0
id-01166	7	14	23	4.1
id-01167	1	2	21	4.0
id-01168	1	2	21	3.4
id-01169	8	15	8	3.4
id-01170	8	4	12	3.8
id-01171	8	2	17	3.8
id-01172	8	7	20	4.4
id-01173	10	2	26	3.5
id-01174	5	8	9	3.2
id-01175	10	8	18	4.4
id-01176	5	5	19	4.4
id-01177	9	8	9	4.2
id-01178	5	2	12	3.5
id-01179	2	4	10	4.1
id-01180	1	2	22	4.1
id-01181	6	9	18	4.4
id-01182	1	2	3	4.6
id-01183	10	3	14	3.6
id-01184	1	2	24	3.9
id-01185	2	4	19	4.6
id-01186	7	4	14	3.4
id-01187	10	15	18	3.5
id-01188	3	4	7	4.4
id-01189	3	4	19	3.0
id-01190	1	2	27	3.9
id-01191	1	2	19	3.1
id-01192	8	9	29	4.7
id-01193	8	4	27	4.0
id-01194	10	19	26	4.1
id-01195	1	2	27	4.2
id-01196	9	5	19	4.1
id-01197	1	2	18	3.2
id-01198	4	7	26	3.4
id-01199	3	6	3	4.4
id-01200	4	8	3	3.0
id-01201	6	5	25	3.2
id-01202	7	8	21	4.1
id-01203	2	2	23	4.5
id-01204	1	2	29	3.3
id-01205	4	8	22	4.4
id-01206	2	3	16	4.7
id-01207	3	4	12	3.4
id-01208	9	18	16	3.9
id-01209	8	5	26	3.3
id-01210	4	5	19	4.6
id-01211	3	5	16	3.3
id-01212	2	2	28	4.3
id-01213	1	2	25	4.7
id-01214	1	2	15	3.3
id-01215	9	16	17	4.6
id-01216	1	2	8	5.0
id-01217	3	2	24	4.2
id-01218	3	3	5	4.1
id-01219	2	2	3	4.8
id-01220	1	2	24	3.3
id-01221	10	2	24	3.1
id-01222	8	3	1	3.9
id-01223	1	2	23	4.6
id-01224	2	4	15	3.2
id-01225	9	5	16	3.5
id-01226	1	2	15	3.0
id-01227	5	8	12	3.5
id-01228	10	12	26	4.1
id-01229	10	18	1	4.5
id-01230	9	15	14	4.8
id-01231	4	8	29	3.2
id-01232	9	2	10	3.9
id-01233	2	3	6	4.2
id-01234	3	2	13	3.1
id-01235	3	3	18	3.3
id-01236	2	3	14	3.2
id-01237	3	2	13	4.9
id-01238	2	3	8	3.6
id-01239	9	9	14	4.9
id-01240	6	10	15	3.5
id-01241	7	5	1	4.7
id-01242	1	2	24	3.9
id-01243	10	16	19	5.0
id-01244	6	11	29	4.0
id-01245	10	11	15	4.8
id-01246	8	13	13	3.7
id-01247	1	2	1	3.7
id-01248	3	6	25	4.3
id-01249	6	12	26	3.3
id-01250	2	3	6	4.7
id-01251	8	2	4	4.9
id-01252	4	2	7	3.3
id-01253	9	4	27	3.2
id-01254	4	2	21	4.0
id-01255	10	4	17	3.6
id-01256	8	9	11	3.7
id-01257	9	17	1	3.5
id-01258	2	3	11	3.2
id-01259	4	5	16	4.3
id-01260	9	11	12	3.9
id-01261	3	3	5	3.4
id-01262	8	5	12	4.3
id-01263	2	3	10	3.9
id-01264	7	13	4	3.5
id-01265	3	2	12	4.2
id-01266	4	6	13	4.5
id-01267	7	6	25	3.2
id-01268	10	14	6	4.9
id-01269	6	3	23	4.0
id-01270	1	2	25	4.9
id-01271	2	4	20	3.8
id-01272	5	6	4	3.2
id-01273	1	2	11	3.5
id-01274	8	11	29	4.6
id-01275	2	3	29	4.8
id-01276	4	7	1	4.9
id-01277	6	12	10	4.1
id-01278	5	9	14	3.8
id-01279	9	4	20	4.6
id-01280	3	5	25	3.7
id-01281	2	3	6	4.9
id-01282	3	3	15	4.2
id-01283	7	11	3	4.0
id-01284	1	2	1	3.9
id-01285	6	3	13	3.4
id-01286	10	13	3	3.0
id-01287	8	7	2	3.0
id-01288	1	2	17	4.5
id-01289	7	7	4	3.7
id-01290	2	4	23	3.0
id-01291	3	3	18	3.3
id-01292	3	2	5	4.2
id-01293	6	4	21	4.2
id-01294	10	7	17	3.2
id-01295	8	3	26	4.5
id-01296	10	15	12	4.2
id-01297	6	10	26	4.4
id-01298	8	16	8	4.2
id-01299	2	3	30	3.7
id-01300	10	3	19	3.4
id-01301	1	2	10	3.3
id-01302	4	8	16	4.5
id-01303	8	5	14	4.4
id-01304	4	2	17	4.6
id-01305	4	7	1	4.1
id-01306	8	3	10	3.1
id-01307	1	2	26	4.1
id-01308	5	6	5	4.5
id-01309	2	2	13	3.9
id-01310	3	5	8	3.3
id-01311	1	2	4	4.5
id-01312	2	4	18	4.3
id-01313	3	2	28	3.5
id-01314	8	11	13	3.0
id-01315	6	5	24	4.2
id-01316	5	9	15	3.9
id-01317	3	5	22	4.8
id-01318	1	2	24	3.2
id-01319	6	12	4	4.3
id-01320	10	13	23	3.1
id-01321	7	2	29	4.1
id-01322	1	2	18	4.5
id-01323	7	3	7	4.7
id-01324	1	2	25	3.3
id-01325	1	2	25	4.1
id-01326	9	15	1	4.7
id-01327	2	2	7	4.9
id-01328	9	8	23	4.0
id-01329	5	9	6	3.1
id-01330	4	8	24	3.6
id-01331	9	2	18	4.1
id-01332	1	2	5	4.4
id-01333	8	2	27	3.8
id-01334	6	3	24	4.4
id-01335	3	6	24	3.7
id-01336	7	4	29	3.1
id-01337	2	3	10	4.9
id-01338	9	16	9	3.0
id-01339	1	2	1	4.3
id-01340	5	6	14	4.9
id-01341	8	8	20	3.4
id-01342	8	12	2	4.2
id-01343	1	2	19	4.8
id-01344	6	7	14	3.9
id-01345	3	5	12	4.6
id-01346	8	2	8	4.2
id-01347	3	6	13	4.7
id-01348	7	4	9	4.1
id-01349	8	11	28	3.7
id-01350	3	5	6	3.9
id-01351	1	2	26	4.2
id-01352	8	9	7	3.8
id-01353	10	15	20	4.7
id-01354	8	12	9	3.6
id-01355	5	2	9	4.4
id-01356	1	2	2	4.0
id-01357	5	4	19	3.2
id-01358	9	15	20	3.4
id-01359	10	19	23	3.2
id-01360	7	9	27	3.1
id-01361	3	3	18	3.1
id-01362	9	16	10	3.8
id-01363	3	4	2	4.3
id-01364	9	12	28	3.2
id-01365	3	5	12	3.3
id-01366	6	8	11	4.5
id-01367	7	4	16	4.5
id-01368	3	2	21	4.1
id-01369	4	6	16	4.7
id-01370	5	3	26	4.0
id-01371	5	6	3	3.7
id-01372	2	4	21	3.3
id-01373	8	11	30	4.3
id-01374	3	3	24	4.0
id-01375	1	2	20	3.9
id-01376	6	4	8	3.1
id-01377	9	9	17	4.7
id-01378	3	3	22	4.7
id-01379	4	5	27	4.0
id-01380	4	7	20	3.9
id-01381	10	20	10	3.3
id-01382	7	8	23	4.7
id-01383	9	9	24	4.1
id-01384	7	14	18	4.4
id-01385	6	11	23	3.5
id-01386	6	9	22	4.2
id-01387	8	8	24	3.3
id-01388	6	4	27	3.7
id-01389	9	13	17	3.1
id-01390	1	2	6	3.2
id-01391	5	3	30	4.6
id-01392	3	3	13	3.9
id-01393	4	6	19	4.4
id-01394	5	8	26	4.4
id-01395	3	5	14	4.9
id-01396	2	3	22	4.8
id-01397	2	4	27	3.1
id-01398	1	2	7	3.5
id-01399	5	6	17	3.5
id-01400	7	14	9	4.8
id-01401	5	2	26	3.5
id-01402	3	4	19	4.9
id-01403	3	3	11	3.8
id-01404	2	2	25	4.6
id-01405	5	10	16	3.8
id-01406	2	3	24	4.5
id-01407	1	2	7	3.4
id-01408	3	2	9	4.5
id-01409	10	15	27	3.5
id-01410	10	9	21	3.5
id-01411	4	7	10	3.8
id-01412	4	4	24	4.7
id-01413	6	7	26	3.5
id-01414	1	2	28	4.7
id-01415	1	2	27	4.4
id-01416	6	9	21	4.4
id-01417	10	3	17	4.7
id-01418	8	14	26	4.6
id-01419	2	4	26	3.2
id-01420	1	2	12	3.9
id-01421	1	2	14	3.2
id-01422	3	3	11	4.2
id-01423	7	6	28	3.8
id-01424	8	13	25	4.7
id-01425	6	2	8	4.9
id-01426	5	2	6	4.2
id-01427	2	4	12	3.8
id-01428	8	10	10	4.9
id-01429	6	8	6	4.0
id-01430	4	5	22	4.3
id-01431	4	8	7	4.2
id-01432	9	14	3	3.9
id-01433	5	10	16	4.3
id-01434	3	2	12	3.3
id-01435	2	2	27	3.7
id-01436	3	3	26	3.2
id-01437	4	2	10	4.3
id-01438	4	7	17	3.5
id-01439	2	3	12	3.6
id-01440	6	2	24	4.2
id-01441	5	8	11	3.3
id-01442	2	2	3	4.7
id-01443	2	3	24	3.8
id-01444	1	2	28	4.4
id-01445	1	2	17	3.0
id-01446	7	11	17	5.0
id-01447	9	14	16	3.8
id-01448	2	4	28	4.4
id-01449	6	2	22	4.8
id-01450	1	2	16	4.6
id-01451	7	5	13	4.0
id-01452	10	9	14	3.3
id-01453	3	3	2	3.8
id-01454	4	6	11	4.8
id-01455	3	5	5	3.4
id-01456	9	13	30	5.0
id-01457	10	5	26	4.1
id-01458	8	7	26	4.4
id-01459	10	6	28	4.4
id-01460	8	13	8	4.7
id-01461	7	8	17	4.8
id-01462	2	4	14	4.0
id-01463	5	2	3	3.9
id-01464	5	6	24	4.9
id-01465	3	2	23	3.1
id-01466	10	19	19	3.6
id-01467	7	12	29	3.3
id-01468	10	7	1	4.3
id-01469	10	9	11	3.7
id-01470	8	12	15	4.2
id-01471	5	6	5	3.3
id-01472	4	8	11	3.0
id-01473	10	20	12	3.7
id-01474	9	2	15	3.2
id-01475	2	2	9	4.5
id-01476	2	2	6	3.7
id-01477	1	2	26	4.9
id-01478	7	5	17	3.7
id-01479	9	9	28	4.2
id-01480	7	3	12	3.5
id-01481	7	7	23	4.7
id-01482	4	6	11	4.5
id-01483	3	3	23	3.1
id-01484	8	11	4	3.2
id-01485	8	5	17	5.0
id-01486	8	11	25	3.5
id-01487	2	3	13	3.6
id-01488	7	14	16	4.8
id-01489	8	3	28	3.6
id-01490	5	7	1	4.7
id-01491	10	7	28	4.9
id-01492	5	4	11	4.1
id-01493	3	4	10	3.9
id-01494	6	3	24	4.3
id-01495	9	3	15	3.2
id-01496	5	5	1	3.3
id-01497	10	17	24	3.1
id-01498	4	4	19	3.2
id-01499	6	6	14	4.2
id-01500	5	5	21	4.1
id-01501	1	2	19	3.3
id-01502	4	2	19	4.5
id-01503	5	3	30	3.6
id-01504	2	2	9	3.4
id-01505	7	10	27	3.3
id-01506	2	2	27	4.2
id-01507	8	15	15	4.1
id-01508	10	14	4	4.5
id-01509	10	8	28	4.2
id-01510	6	12	9	3.4
id-01511	1	2	25	4.2
id-01512	6	10	3	4.5
id-01513	2	4	1	4.9
id-01514	10	6	28	3.2
id-01515	7	12	6	4.4
id-01516	1	2	10	4.0
id-01517	4	5	23	3.2
id-01518	1	2	4	4.1
id-01519	8	15	30	3.3
id-01520	6	3	13	4.8
id-01521	5	5	23	4.2
id-01522	2	2	6	3.9
id-01523	8	15	22	3.8
id-01524	10	8	15	3.5
id-01525	2	4	18	4.1
id-01526	8	10	16	3.4
id-01527	5	10	21	4.2
id-01528	1	2	10	3.1
id-01529	7	14	10	3.5
id-01530	7	13	26	3.3
id-01531	5	9	22	3.4
id-01532	8	16	7	3.7
id-01533	3	4	14	4.6
id-01534	6	5	17	3.6
id-01535	2	3	20	3.7
id-01536	8	4	17	5.0
id-01537	7	4	11	4.6
id-01538	3	3	25	4.7
id-01539	10	16	18	4.6
id-01540	10	11	20	3.9
id-01541	2	4	18	3.2
id-01542	6	7	28	3.7
id-01543	9	14	9	4.6
id-01544	4	5	6	3.2
id-01545	9	8	26	4.0
id-01546	3	5	15	4.6
id-01547	3	3	5	3.5
id-01548	6	11	26	4.4
id-01549	3	4	2	4.6
id-01550	6	12	7	4.3
id-01551	4	3	21	4.7
id-01552	5	4	26	3.5
id-01553	7	11	15	3.9
id-01554	4	2	20	4.0
id-01555	1	2	23	4.0
id-01556	2	4	17	4.4
id-01557	10	4	19	4.8
id-01558	3	3	20	3.8
id-01559	3	3	22	4.2
id-01560	2	3	15	4.8
id-01561	10	12	17	3.1
id-01562	10	13	7	4.0
id-01563	7	2	23	3.7
id-01564	5	7	17	3.1
id-01565	7	5	13	3.3
id-01566	1	2	10	3.8
id-01567	4	4	24	3.7
id-01568	10	18	1	3.0
id-01569	9	6	25	4.7
id-01570	1	2	13	3.3
id-01571	2	2	5	3.4
id-01572	8	14	15	3.6
id-01573	6	10	10	4.7
id-01574	3	5	25	3.9
id-01575	5	7	3	4.8
id-01576	4	4	28	3.0
id-01577	3	4	15	4.2
id-01578	4	2	15	4.5
id-01579	1	2	9	4.2
id-01580	6	9	28	3.5
id-01581	8	12	26	4.3
id-01582	2	3	29	3.5
id-01583	1	2	27	3.8
id-01584	7	9	6	3.2
id-01585	7	5	27	3.8
id-01586	7	13	29	4.9
id-01587	1	2	17	3.2
id-01588	10	12	2	4.4
id-01589	6	6	10	4.8
id-01590	9	16	8	3.7
id-01591	1	2	7	3.7
id-01592	7	14	2	4.9
id-01593	7	6	4	5.0
id-01594	1	2	13	3.0
id-01595	5	9	20	4.4
id-01596	8	14	9	4.1
id-01597	10	11	4	3.2
id-01598	9	3	21	5.0
id-01599	3	3	19	4.1
id-01600	9	14	10	3.9
id-01601	9	14	11	4.8
id-01602	9	5	29	4.8
id-01603	5	8	30	4.7
id-01604	10	13	14	3.0
id-01605	2	4	8	3.1
id-01606	9	18	12	3.1
id-01607	5	2	11	4.6
id-01608	10	18	21	4.3
id-01609	8	13	18	3.1
id-01610	10	19	25	4.8
id-01611	7	9	3	3.3
id-01612	9	7	7	3.7
id-01613	1	2	25	4.5
id-01614	5	6	8	4.1
id-01615	8	12	3	4.0
id-01616	3	2	28	4.4
id-01617	5	9	12	3.4
id-01618	3	4	13	3.9
id-01619	1	2	22	3.1
id-01620	2	2	6	3.8
id-01621	10	3	13	4.2
id-01622	5	7	19	3.8
id-01623	5	7	16	4.0
id-01624	3	4	18	3.8
id-01625	9	17	1	4.5
id-01626	1	2	2	3.0
id-01627	5	7	14	4.0
id-01628	10	6	16	4.4
id-01629	4	7	8	4.0
id-01630	1	2	30	3.2
id-01631	3	3	18	4.2
id-01632	8	16	28	3.7
id-01633	7	12	25	4.8
id-01634	9	11	4	3.1
id-01635	8	6	12	4.0
id-01636	7	14	3	4.4
id-01637	9	2	23	3.0
id-01638	8	3	15	3.3
id-01639	1	2	3	4.5
id-01640	9	7	27	4.1
id-01641	7	11	18	3.5
id-01642	1	2	13	4.8
id-01643	5	6	5	3.8
id-01644	6	8	24	4.4
id-01645	10	10	14	3.4
id-01646	4	6	3	3.4
id-01647	9	4	10	3.7
id-01648	5	7	6	4.8
id-01649	6	6	7	4.2
id-01650	10	19	16	4.2
id-01651	6	6	6	4.1
id-01652	1	2	4	4.2
id-01653	2	4	26	3.9
id-01654	10	20	5	4.1
id-01655	1	2	8	3.4
id-01656	2	4	15	4.0
id-01657	1	2	21	3.5
id-01658	8	11	6	3.7
id-01659	7	6	16	4.1
id-01660	4	5	2	3.4
id-01661	6	12	18	4.9
id-01662	8	16	16	3.7
id-01663	10	17	28	3.5
id-01664	7	8	26	3.1
id-01665	8	8	6	3.6
id-01666	5	7	16	4.8
id-01667	6	12	15	4.3
id-01668	9	2	30	3.6
id-01669	1	2	12	3.7
id-01670	3	4	15	3.9
id-01671	4	5	26	4.6
id-01672	4	8	7	4.7
id-01673	2	2	19	4.4
id-01674	8	11	10	4.1
id-01675	1	2	7	3.4
id-01676	8	6	25	4.8
id-01677	2	4	9	3.1
id-01678	3	4	12	4.3
id-01679	6	9	23	3.7
id-01680	7	12	19	4.6
id-01681	5	2	7	4.6
id-01682	9	8	6	4.0
id-01683	6	10	8	3.2
id-01684	2	2	2	4.8
id-01685	10	6	8	3.3
id-01686	1	2	17	3.5
id-01687	1	2	10	3.4
id-01688	6	5	18	4.1
id-01689	6	11	25	3.4
id-01690	3	4	11	3.9
id-01691	2	4	9	3.4
id-01692	10	9	11	3.6
id-01693	8	4	28	3.1
id-01694	3	6	13	3.1
id-01695	4	7	30	3.5
id-01696	4	5	15	3.2
id-01697	10	18	15	3.5
id-01698	4	5	1	3.4
id-01699	8	3	9	4.4
id-01700	7	5	4	4.6
id-01701	1	2	3	3.3
id-01702	9	14	3	3.6
id-01703	4	2	22	4.6
id-01704	9	8	6	3.0
id-01705	3	2	14	3.9
id-01706	9	13	15	4.3
id-01707	4	3	7	4.1
id-01708	1	2	30	4.2
id-01709	1	2	6	3.0
id-01710	3	5	4	3.2
id-01711	2	4	28	3.8
id-01712	9	15	6	3.2
id-01713	2	3	12	4.1
id-01714	5	5	4	4.4
id-01715	5	5	7	3.4
id-01716	4	4	16	3.2
id-01717	8	5	22	3.6
id-01718	5	10	23	3.9
id-01719	6	11	15	4.1
id-01720	9	9	27	4.5
id-01721	2	2	1	3.6
id-01722	7	8	17	4.4
id-01723	7	14	7	3.5
id-01724	2	4	11	3.6
id-01725	6	8	22	3.5
id-01726	5	8	5	4.7
id-01727	10	17	24	4.3
id-01728	9	6	10	4.9
id-01729	6	8	6	4.5
id-01730	9	15	7	3.4
id-01731	7	12	5	3.8
id-01732	9	5	6	4.7
id-01733	2	2	1	5.0
id-01734	9	14	8	3.0
id-01735	9	17	18	3.9
id-01736	7	3	4	3.3
id-01737	7	9	24	4.3
id-01738	1	2	21	3.4
id-01739	6	7	24	4.5
id-01740	8	2	11	4.6
id-01741	7	6	7	3.3
id-01742	2	4	2	4.7
id-01743	6	10	11	4.3
id-01744	1	2	1	4.8
id-01745	10	20	15	3.4
id-01746	8	3	25	3.1
id-01747	7	9	22	3.7
id-01748	6	2	27	3.1
id-01749	1	2	28	3.9
id-01750	2	3	6	3.9
id-01751	8	7	23	3.5
id-01752	7	10	15	3.5
id-01753	8	8	11	3.8
id-01754	9	16	8	3.9
id-01755	2	3	26	4.2
id-01756	7	5	12	4.7
id-01757	4	4	30	4.9
id-01758	7	2	8	3.4
id-01759	7	2	26	4.8
id-01760	2	3	20	3.7
id-01761	3	5	1	3.2
id-01762	2	2	15	3.5
id-01763	9	16	10	5.0
id-01764	7	10	13	4.6
id-01765	1	2	7	4.6
id-01766	6	2	29	5.0
id-01767	9	6	26	4.5
id-01768	9	18	15	3.3
id-01769	10	16	22	4.4
id-01770	3	3	12	4.6
id-01771	6	6	14	3.8
id-01772	2	2	7	3.9
id-01773	9	9	15	4.0
id-01774	1	2	29	4.2
id-01775	7	11	14	4.1
id-01776	1	2	26	3.7
id-01777	8	2	9	3.9
id-01778	3	5	4	3.8
id-01779	9	14	27	3.2
id-01780	4	8	14	3.7
id-01781	9	3	1	4.9
id-01782	9	17	2	3.6
id-01783	6	11	10	4.2
id-01784	5	10	9	4.8
id-01785	6	7	28	4.8
id-01786	10	4	7	3.1
id-01787	2	3	14	4.3
id-01788	7	3	26	3.5
id-01789	4	6	6	4.3
id-01790	8	2	8	4.7
id-01791	3	2	7	4.5
id-01792	2	4	3	3.4
id-01793	9	11	10	4.5
id-01794	10	8	16	4.1
id-01795	6	12	13	3.3
id-01796	6	8	16	3.1
id-01797	3	3	15	4.6
id-01798	5	6	2	4.7
id-01799	4	8	21	3.1
id-01800	2	3	24	3.0
id-01801	8	7	23	3.6
id-01802	6	3	3	3.2
id-01803	2	2	7	4.5
id-01804	6	4	23	3.6
id-01805	8	3	11	3.2
id-01806	8	10	19	3.6
id-01807	10	17	24	3.2
id-01808	3	6	22	3.0
id-01809	3	5	24	5.0
id-01810	2	4	22	4.4
id-01811	2	2	28	5.0
id-01812	1	2	11	4.4
id-01813	2	3	22	4.8
id-01814	7	4	3	3.9
id-01815	1	2	22	4.5
id-01816	2	4	4	4.6
id-01817	6	4	25	4.3
id-01818	7	12	4	3.8
id-01819	2	3	18	3.3
id-01820	10	7	6	3.2
id-01821	7	2	15	4.6
id-01822	10	7	4	3.4
id-01823	10	15	5	4.0
id-01824	2	4	12	3.4
id-01825	9	14	24	4.7
id-01826	1	2	16	3.6
id-01827	7	14	5	4.1
id-01828	9	3	8	4.8
id-01829	8	6	16	3.8
id-01830	3	4	29	4.0
id-01831	1	2	2	3.9
id-01832	4	2	11	3.5
id-01833	9	11	28	3.9
id-01834	10	5	21	4.8
id-01835	4	5	25	3.4
id-01836	2	2	29	3.3
id-01837	7	4	11	4.0
id-01838	5	2	26	3.2
id-01839	2	3	13	4.1
id-01840	2	4	27	4.3
id-01841	3	2	16	3.9
id-01842	4	4	2	3.3
id-01843	8	11	8	3.2
id-01844	4	8	28	5.0
id-01845	10	8	20	3.9
id-01846	6	3	7	3.8
id-01847	9	7	17	4.8
id-01848	9	14	26	4.2
id-01849	8	10	26	4.7
id-01850	6	12	2	4.0
id-01851	2	4	6	3.9
id-01852	6	12	11	4.5
id-01853	5	7	15	4.9
id-01854	9	7	17	4.9
id-01855	6	4	18	4.5
id-01856	4	8	10	3.7
id-01857	8	7	15	3.4
id-01858	2	4	26	4.1
id-01859	3	6	15	3.5
id-01860	7	8	5	3.0
id-01861	6	2	4	3.2
id-01862	9	3	21	3.4
id-01863	8	12	8	3.7
id-01864	3	2	16	3.1
id-01865	8	10	20	3.9
id-01866	4	3	13	3.0
id-01867	10	12	15	4.9
id-01868	7	10	28	4.7
id-01869	8	6	4	3.3
id-01870	4	6	13	4.9
id-01871	6	3	19	4.5
id-01872	3	3	10	4.3
id-01873	5	4	27	3.6
id-01874	8	2	29	3.0
id-01875	1	2	18	4.9
id-01876	5	2	16	4.6
id-01877	2	3	5	4.0
id-01878	2	4	21	4.8
id-01879	10	5	22	4.2
id-01880	4	2	1	4.0
id-01881	4	6	17	3.7
id-01882	9	17	15	4.4
id-01883	7	7	6	4.7
id-01884	9	8	8	4.7
id-01885	9	13	1	4.3
id-01886	10	19	24	4.2
id-01887	1	2	9	4.7
id-01888	3	6	19	4.3
id-01889	10	2	5	4.9
id-01890	5	8	26	4.5
id-01891	5	6	23	4.1
id-01892	7	2	6	3.7
id-01893	3	2	29	4.1
id-01894	10	12	25	4.5
id-01895	3	4	27	4.1
id-01896	10	9	19	3.6
id-01897	8	13	2	4.3
id-01898	5	6	11	4.9
id-01899	2	2	27	3.1
id-01900	3	5	5	4.3
id-01901	7	12	25	5.0
id-01902	6	5	22	4.6
id-01903	3	2	17	4.9
id-01904	6	4	2	5.0
id-01905	5	2	23	3.6
id-01906	4	3	25	4.3
id-01907	3	6	27	3.3
id-01908	7	7	26	4.9
id-01909	9	4	6	4.9
id-01910	9	15	15	3.0
id-01911	8	15	20	4.4
id-01912	3	4	24	4.1
id-01913	3	3	7	4.7
id-01914	3	6	4	4.6
id-01915	8	4	3	3.0
id-01916	5	7	2	4.2
id-01917	10	2	11	3.4
id-01918	2	2	17	4.5
id-01919	9	15	29	4.2
id-01920	1	2	21	3.8
id-01921	5	4	10	3.9
id-01922	6	11	6	4.3
id-01923	8	4	4	3.0
id-01924	7	4	10	4.8
id-01925	8	5	19	3.9
id-01926	8	15	15	4.1
id-01927	1	2	26	3.1
id-01928	9	16	6	3.1
id-01929	1	2	24	4.2
id-01930	7	14	1	3.3
id-01931	1	2	7	3.9
id-01932	8	7	16	3.8
id-01933	3	5	17	3.3
id-01934	7	12	7	3.2
id-01935	9	13	2	4.4
id-01936	6	8	29	3.1
id-01937	8	12	10	4.9
id-01938	1	2	7	3.3
id-01939	6	2	27	3.2
id-01940	5	4	20	3.9
id-01941	10	18	13	3.9
id-01942	9	6	18	3.4
id-01943	10	19	2	4.0
id-01944	9	2	25	3.9
id-01945	9	7	9	3.9
id-01946	4	6	29	4.4
id-01947	4	6	18	3.5
id-01948	9	6	21	3.4
id-01949	10	8	11	3.6
id-01950	7	5	14	5.0
id-01951	3	5	26	3.8
id-01952	5	2	27	4.7
id-01953	1	2	23	4.9
id-01954	4	3	29	3.8
id-01955	8	4	1	3.6
id-01956	4	6	25	4.3
id-01957	3	4	25	3.6
id-01958	10	19	24	3.9
id-01959	9	12	22	4.8
id-01960	8	11	12	3.3
id-01961	7	14	20	4.5
id-01962	5	3	29	4.8
id-01963	5	9	17	4.5
id-01964	10	5	23	4.2
id-01965	1	2	13	3.2
id-01966	1	2	24	5.0
id-01967	7	9	7	3.2
id-01968	9	10	16	4.8
id-01969	6	3	7	3.0
id-01970	1	2	25	3.3
id-01971	2	4	19	3.3
id-01972	3	2	8	3.5
id-01973	4	5	8	4.7
id-01974	1	2	2	5.0
id-01975	3	3	22	3.2
id-01976	6	5	30	5.0
id-01977	7	14	29	3.7
id-01978	1	2	5	4.2
id-01979	2	3	1	4.7
id-01980	8	13	24	3.8
id-01981	1	2	18	4.3
id-01982	7	9	30	3.7
id-01983	5	5	10	3.7
id-01984	10	16	8	4.9
id-01985	9	17	14	3.9
id-01986	5	3	12	4.8
id-01987	8	2	25	3.7
id-01988	4	8	24	4.2
id-01989	4	4	17	3.1
id-01990	4	2	28	4.3
id-01991	6	7	29	3.9
id-01992	8	6	11	4.6
id-01993	6	5	14	4.3
id-01994	4	8	5	4.5
id-01995	6	12	5	3.3
id-01996	4	4	11	4.7
id-01997	2	3	2	3.9
id-01998	2	4	29	4.4
id-01999	5	6	18	3.2
id-02000	4	3	25	4.8
id-02001	10	8	23	4.2
id-02002	4	7	16	4.3
id-02003	5	7	7	3.7
id-02004	6	10	16	3.7
id-02005	10	19	1	4.7
id-02006	4	6	21	3.7
id-02007	3	2	24	4.8
id-02008	10	7	11	4.2
id-02009	2	2	9	4.8
id-02010	7	10	3	4.1
id-02011	1	2	2	3.1
id-02012	7	13	12	4.1
id-02013	5	3	28	3.3
id-02014	1	2	13	4.1
id-02015	5	9	3	4.0
id-02016	3	4	16	3.9
id-02017	6	9	14	4.7
id-02018	9	2	30	3.2
id-02019	9	13	6	3.8
id-02020	1	2	4	4.3
id-02021	1	2	23	4.4
id-02022	10	14	24	4.3
id-02023	2	2	26	4.9
id-02024	4	6	29	3.6
id-02025	10	15	28	3.2
id-02026	1	2	1	3.1
id-02027	4	8	18	3.2
id-02028	3	6	27	3.9
id-02029	8	9	20	4.3
id-02030	2	3	5	4.0
id-02031	7	4	21	3.2
id-02032	6	2	21	3.4
id-02033	8	6	27	3.5
id-02034	10	3	12	3.7
id-02035	5	5	18	3.6
id-02036	6	9	25	4.4
id-02037	2	3	11	3.6
id-02038	4	5	30	3.3
id-02039	9	7	30	4.8
id-02040	5	9	12	3.2
id-02041	2	4	27	4.9
id-02042	1	2	15	5.0
id-02043	4	3	21	4.5
id-02044	10	4	27	4.7
id-02045	2	3	22	3.4
id-02046	1	2	24	3.8
id-02047	4	3	18	4.4
id-02048	2	3	7	3.4
id-02049	10	4	9	4.8
id-02050	8	15	25	4.6
id-02051	2	3	13	4.0
id-02052	2	4	8	3.3
id-02053	2	4	26	3.7
id-02054	10	9	5	3.6
id-02055	7	9	3	3.3
id-02056	6	5	27	4.4
id-02057	3	5	16	3.4
id-02058	10	19	2	3.1
id-02059	7	9	20	3.0
id-02060	6	2	21	3.6
id-02061	3	4	2	3.3
id-02062	2	4	30	3.4
id-02063	3	3	28	3.3
id-02064	3	6	8	3.5
id-02065	1	2	10	3.7
id-02066	8	4	5	3.4
id-02067	6	10	29	4.9
id-02068	4	7	14	4.8
id-02069	9	16	18	3.6
id-02070	6	11	22	4.7
id-02071	1	2	18	3.7
id-02072	6	5	14	4.1
id-02073	1	2	5	4.3
id-02074	7	7	27	3.2
id-02075	10	13	4	4.2
id-02076	1	2	21	3.6
id-02077	1	2	30	3.5
id-02078	7	10	5	4.5
id-02079	3	3	10	4.6
id-02080	8	14	4	4.1
id-02081	7	3	15	4.9
id-02082	7	7	17	3.6
id-02083	8	9	25	4.2
id-02084	4	8	8	4.8
id-02085	9	12	2	4.0
id-02086	6	6	20	4.8
id-02087	2	2	11	3.8
id-02088	5	9	9	4.0
id-02089	10	13	2	4.7
id-02090	10	7	4	3.4
id-02091	5	9	21	4.4
id-02092	6	5	22	4.0
id-02093	7	11	30	3.5
id-02094	3	6	22	4.6
id-02095	1	2	16	3.3
id-02096	2	2	3	4.8
id-02097	8	16	18	4.8
id-02098	3	4	13	4.6
id-02099	5	6	1	3.4
id-02100	7	9	26	4.9
id-02101	3	4	26	3.4
id-02102	10	13	8	3.8
id-02103	4	7	24	3.6
id-02104	2	3	12	4.4
id-02105	5	6	22	4.8
id-02106	10	11	24	4.1
id-02107	5	10	14	3.4
id-02108	5	8	6	4.2
id-02109	4	2	19	3.5
id-02110	8	6	8	3.2
id-02111	5	3	7	4.7
id-02112	5	4	7	4.7
id-02113	5	6	14	3.2
id-02114	1	2	24	3.6
id-02115	1	2	8	3.6
id-02116	1	2	10	4.2
id-02117	1	2	14	4.5
id-02118	1	2	22	4.9
id-02119	4	7	26	4.0
id-02120	6	11	17	4.3
id-02121	7	5	6	3.7
id-02122	1	2	12	3.0
id-02123	5	6	29	4.0
id-02124	8	7	18	3.0
id-02125	10	16	30	4.4
id-02126	1	2	2	3.9
id-02127	3	2	18	4.4
id-02128	9	9	4	4.3
id-02129	10	9	13	3.7
id-02130	10	3	13	3.5
id-02131	8	13	13	3.4
id-02132	4	4	14	3.3
id-02133	3	5	18	3.0
id-02134	7	9	8	3.7
id-02135	8	11	1	5.0
id-02136	6	4	29	3.8
id-02137	6	11	5	4.7
id-02138	5	10	18	4.5
id-02139	4	6	20	3.2
id-02140	5	8	30	4.4
id-02141	8	8	3	3.6
id-02142	10	20	10	4.2
id-02143	2	3	14	4.8
id-02144	4	5	28	3.7
id-02145	6	10	18	4.3
id-02146	6	7	28	4.7
id-02147	1	2	26	4.4
id-02148	3	6	26	4.2
id-02149	2	4	3	4.1
id-02150	3	6	23	3.6
id-02151	9	12	9	4.7
id-02152	5	7	4	3.3
id-02153	10	12	4	4.5
id-02154	8	13	10	4.5
id-02155	8	6	10	3.3
id-02156	3	3	19	4.5
id-02157	4	5	20	3.9
id-02158	9	14	25	4.8
id-02159	9	2	9	4.6
id-02160	3	3	9	3.5
id-02161	3	3	2	4.3
id-02162	8	7	10	4.1
id-02163	2	4	26	3.8
id-02164	6	12	11	3.6
id-02165	5	3	11	4.5
id-02166	7	4	12	3.4
id-02167	8	2	11	3.5
id-02168	7	5	2	4.6
id-02169	9	16	28	4.4
id-02170	2	3	11	4.8
id-02171	7	12	17	3.1
id-02172	2	3	11	5.0
id-02173	9	5	9	4.3
id-02174	9	14	29	5.0
id-02175	8	11	24	3.9
id-02176	3	6	4	5.0
id-02177	8	2	21	3.0
id-02178	7	5	1	3.1
id-02179	5	10	9	4.7
id-02180	10	8	12	4.5
id-02181	3	6	21	4.8
id-02182	5	9	1	4.4
id-02183	4	8	18	4.1
id-02184	9	13	18	5.0
id-02185	9	16	4	3.7
id-02186	8	4	8	4.2
id-02187	3	6	17	3.5
id-02188	5	5	11	5.0
id-02189	10	14	5	3.9
id-02190	10	5	4	3.7
id-02191	2	3	10	5.0
id-02192	3	4	27	4.7
id-02193	3	2	1	3.9
id-02194	9	6	4	4.4
id-02195	10	12	4	4.6
id-02196	3	5	7	4.7
id-02197	10	3	20	4.3
id-02198	9	2	13	3.5
id-02199	9	2	18	3.4
id-02200	6	4	13	4.0
id-02201	2	3	27	4.2
id-02202	1	2	24	3.8
id-02203	5	2	5	4.8
id-02204	1	2	7	4.9
id-02205	9	15	29	4.4
id-02206	9	12	29	4.1
id-02207	1	2	27	4.0
id-02208	1	2	20	3.7
id-02209	6	12	19	4.1
id-02210	5	10	12	3.2
id-02211	2	3	9	3.3
id-02212	1	2	27	4.3
id-02213	6	4	23	3.3
id-02214	1	2	9	5.0
id-02215	7	3	22	5.0
id-02216	5	7	7	4.5
id-02217	10	2	2	4.1
id-02218	7	4	25	3.9
id-02219	1	2	17	3.5
id-02220	1	2	17	3.6
id-02221	5	4	10	4.3
id-02222	2	3	3	3.7
id-02223	5	9	26	3.7
id-02224	7	5	11	3.9
id-02225	4	6	16	4.2
id-02226	9	3	1	4.3
id-02227	5	3	5	4.9
id-02228	10	9	28	3.6
id-02229	2	2	22	3.2
id-02230	7	2	18	4.0
id-02231	4	3	9	4.9
id-02232	5	7	4	3.2
id-02233	5	4	13	4.0
id-02234	8	16	7	3.0
id-02235	5	6	15	4.2
id-02236	10	13	26	3.4
id-02237	2	2	25	5.0
id-02238	5	3	18	4.0
id-02239	5	9	18	4.4
id-02240	6	11	8	3.7
id-02241	3	5	7	3.1
id-02242	7	9	10	4.1
id-02243	2	2	18	4.2
id-02244	9	15	12	3.6
id-02245	4	2	21	3.4
id-02246	8	16	23	4.3
id-02247	2	3	6	3.6
id-02248	4	2	11	3.2
id-02249	9	11	7	3.2
id-02250	6	5	17	3.3
id-02251	8	15	24	3.1
id-02252	3	5	10	4.9
id-02253	7	11	15	4.4
id-02254	2	3	2	4.5
id-02255	2	4	18	3.8
id-02256	4	5	6	4.1
id-02257	7	13	19	4.7
id-02258	8	3	17	3.5
id-02259	9	6	4	4.0
id-02260	1	2	28	3.1
id-02261	6	2	21	3.7
id-02262	2	4	5	3.5
id-02263	5	2	30	3.2
id-02264	2	4	12	5.0
id-02265	10	13	29	3.7
id-02266	1	2	10	3.9
id-02267	9	15	4	4.8
id-02268	5	4	30	4.8
id-02269	6	5	24	3.6
id-02270	1	2	16	3.4
id-02271	10	17	27	4.0
id-02272	10	5	22	3.5
id-02273	2	2	27	3.8
id-02274	9	17	14	3.9
id-02275	10	17	9	4.7
id-02276	10	14	9	4.0
id-02277	5	5	21	4.9
id-02278	3	6	3	3.8
id-02279	4	4	15	4.1
id-02280	2	2	21	4.4
id-02281	3	3	20	4.0
id-02282	4	8	23	4.4
id-02283	8	3	7	3.4
id-02284	4	5	4	4.8
id-02285	2	3	16	3.4
id-02286	4	5	17	4.3
id-02287	2	4	10	4.8
id-02288	10	10	30	4.4
id-02289	3	5	13	3.7
id-02290	2	4	20	4.9
id-02291	4	5	6	3.9
id-02292	3	6	6	4.8
id-02293	10	6	28	4.7
id-02294	6	5	29	3.4
id-02295	2	3	1	3.8
id-02296	10	3	9	3.8
id-02297	9	6	1	3.7
id-02298	3	2	7	3.2
id-02299	4	8	27	4.6
id-02300	3	2	2	4.7
id-02301	6	3	1	3.5
id-02302	6	11	28	3.8
id-02303	4	8	20	3.2
id-02304	7	11	10	3.6
id-02305	8	16	21	3.1
id-02306	10	14	14	4.4
id-02307	2	2	5	4.5
id-02308	10	14	30	4.6
id-02309	7	12	5	3.3
id-02310	6	6	10	4.9
id-02311	4	3	14	4.5
id-02312	6	11	18	4.6
id-02313	4	6	15	4.7
id-02314	5	10	5	4.5
id-02315	2	2	14	4.3
id-02316	2	3	29	4.4
id-02317	10	4	20	3.8
id-02318	10	6	10	4.4
id-02319	6	5	8	3.4
id-02320	6	8	12	3.4
id-02321	7	7	23	4.7
id-02322	6	6	23	4.2
id-02323	5	3	29	4.2
id-02324	9	7	21	4.5
id-02325	4	5	9	4.1
id-02326	4	7	16	3.4
id-02327	2	2	7	4.8
id-02328	5	8	30	4.8
id-02329	1	2	15	3.6
id-02330	5	8	9	4.2
id-02331	9	10	29	4.8
id-02332	1	2	18	4.8
id-02333	3	3	6	4.4
id-02334	3	2	14	4.7
id-02335	2	2	3	4.6
id-02336	8	16	11	3.4
id-02337	6	3	22	3.3
id-02338	8	9	6	4.0
id-02339	2	3	20	5.0
id-02340	4	2	23	3.3
id-02341	4	2	17	3.3
id-02342	10	11	17	4.0
id-02343	7	8	21	4.6
id-02344	6	6	22	4.0
id-02345	8	12	11	4.6
id-02346	10	16	29	3.0
id-02347	1	2	29	4.5
id-02348	5	5	24	3.9
id-02349	7	13	12	3.4
id-02350	10	12	9	4.1
id-02351	2	2	16	4.2
id-02352	5	7	13	4.3
id-02353	7	8	23	4.3
id-02354	1	2	20	3.3
id-02355	5	10	18	4.2
id-02356	5	4	6	3.1
id-02357	1	2	26	3.2
id-02358	3	5	20	4.4
id-02359	4	3	23	4.5
id-02360	5	4	28	4.3
id-02361	2	4	2	4.8
id-02362	4	2	6	4.5
id-02363	1	2	17	4.1
id-02364	8	9	9	4.2
id-02365	8	5	23	4.3
id-02366	10	11	7	3.4
id-02367	7	11	9	3.5
id-02368	7	6	14	4.6
id-02369	4	5	23	5.0
id-02370	2	4	11	4.0
id-02371	7	12	16	4.4
id-02372	1	2	28	3.1
id-02373	3	3	15	3.7
id-02374	6	8	30	3.6
id-02375	8	6	6	3.8
id-02376	9	5	2	3.3
id-02377	7	6	6	4.9
id-02378	1	2	6	4.2
id-02379	7	7	26	4.5
id-02380	4	4	22	3.6
id-02381	4	5	26	3.2
id-02382	8	6	21	3.2
id-02383	7	7	15	4.2
id-02384	10	13	10	3.3
id-02385	2	2	12	4.9
id-02386	5	10	14	4.6
id-02387	9	8	23	3.4
id-02388	5	2	20	4.2
id-02389	6	9	6	4.4
id-02390	5	7	8	4.7
id-02391	1	2	30	3.1
id-02392	5	3	18	3.4
id-02393	1	2	19	5.0
id-02394	10	11	11	3.0
id-02395	4	5	3	4.2
id-02396	2	3	12	3.9
id-02397	6	6	19	3.9
id-02398	4	2	18	3.4
id-02399	7	7	19	3.8
id-02400	9	11	14	3.9
id-02401	2	3	4	4.8
id-02402	10	4	18	3.2
id-02403	2	4	15	4.1
id-02404	6	5	3	4.8
id-02405	3	4	15	3.3
id-02406	4	3	23	4.0
id-02407	10	19	9	4.4
id-02408	5	9	30	3.3
id-02409	2	3	18	3.8
id-02410	3	6	1	4.6
id-02411	1	2	27	5.0
id-02412	1	2	21	4.2
id-02413	3	4	5	3.2
id-02414	6	7	1	4.3
id-02415	9	16	22	4.7
id-02416	3	6	11	4.9
id-02417	7	9	8	3.1
id-02418	3	4	30	3.5
id-02419	3	3	22	4.3
id-02420	1	2	9	4.9
id-02421	2	3	28	3.7
id-02422	3	4	12	4.1
id-02423	1	2	17	4.6
id-02424	5	8	4	3.8
id-02425	7	13	19	4.8
id-02426	8	16	30	3.3
id-02427	10	11	1	4.7
id-02428	8	12	2	4.3
id-02429	5	10	15	4.8
id-02430	5	7	24	3.3
id-02431	10	20	15	4.7
id-02432	10	10	6	4.8
id-02433	4	4	4	4.5
id-02434	7	3	21	4.3
id-02435	2	3	2	3.2
id-02436	7	5	12	3.0
id-02437	5	7	17	3.7
id-02438	6	10	2	3.5
id-02439	7	3	9	3.2
id-02440	5	2	2	4.2
id-02441	8	2	7	4.4
id-02442	6	11	12	3.8
id-02443	5	8	5	4.0
id-02444	7	12	9	3.6
id-02445	7	9	4	3.4
id-02446	10	7	1	4.3
id-02447	2	3	28	4.9
id-02448	7	12	20	3.3
id-02449	5	3	21	4.3
id-02450	10	2	2	3.3
id-02451	6	6	21	3.2
id-02452	4	8	23	3.1
id-02453	1	2	2	4.4
id-02454	1	2	10	3.8
id-02455	10	9	11	4.4
id-02456	4	2	12	4.0
id-02457	7	14	15	3.9
id-02458	5	6	20	4.1
id-02459	5	6	20	4.3
id-02460	5	8	17	3.6
id-02461	2	3	9	4.6
id-02462	3	3	14	3.4
id-02463	8	2	5	3.1
id-02464	8	10	1	3.5
id-02465	8	2	28	3.7
id-02466	2	4	28	3.8
id-02467	4	6	15	4.5
id-02468	1	2	11	3.8
id-02469	3	3	13	4.9
id-02470	6	6	4	4.9
id-02471	2	4	27	4.6
id-02472	7	8	3	4.9
id-02473	10	15	25	4.5
id-02474	2	2	26	3.8
id-02475	9	10	30	4.7
id-02476	10	3	9	4.1
id-02477	4	2	7	4.7
id-02478	1	2	12	3.2
id-02479	1	2	12	5.0
id-02480	7	11	28	4.7
id-02481	4	8	11	4.9
id-02482	1	2	29	3.9
id-02483	10	9	12	3.0
id-02484	1	2	26	4.2
id-02485	3	3	28	4.1
id-02486	2	4	27	4.6
id-02487	1	2	3	4.8
id-02488	2	3	11	5.0
id-02489	2	4	14	4.0
id-02490	3	3	11	4.1
id-02491	2	2	11	4.6
id-02492	1	2	15	4.7
id-02493	7	11	5	3.3
id-02494	9	18	4	4.7
id-02495	2	3	24	3.6
id-02496	7	14	27	3.2
id-02497	7	3	1	4.4
id-02498	10	11	18	4.0
id-02499	6	8	11	4.7
id-02500	3	4	11	3.5
id-02501	7	8	30	4.0
id-02502	3	3	6	4.9
id-02503	1	2	23	4.6
id-02504	2	3	7	3.1
id-02505	10	20	19	4.5
id-02506	9	13	28	5.0
id-02507	6	7	10	5.0
id-02508	4	8	5	4.9
id-02509	4	6	10	3.7
id-02510	2	2	17	4.9
id-02511	1	2	5	4.9
id-02512	8	13	17	4.2
id-02513	6	6	8	3.7
id-02514	4	5	12	3.5
id-02515	10	16	26	4.4
id-02516	3	2	17	4.2
id-02517	6	9	5	4.6
id-02518	1	2	23	5.0
id-02519	4	8	9	4.1
id-02520	1	2	13	3.0
id-02521	1	2	9	4.3
id-02522	4	7	14	3.2
id-02523	7	14	30	3.1
id-02524	2	4	26	3.0
id-02525	8	5	2	4.4
id-02526	4	4	2	4.0
id-02527	4	8	13	3.6
id-02528	5	6	26	3.3
id-02529	1	2	16	4.8
id-02530	10	19	9	4.7
id-02531	10	9	5	3.2
id-02532	4	5	25	3.3
id-02533	8	3	16	4.5
id-02534	7	11	13	4.3
id-02535	7	5	30	4.3
id-02536	3	4	2	4.6
id-02537	2	4	9	4.2
id-02538	7	5	25	5.0
id-02539	8	12	9	4.0
id-02540	10	9	10	3.5
id-02541	6	8	9	3.1
id-02542	1	2	13	3.9
id-02543	7	13	1	4.4
id-02544	2	4	5	4.5
id-02545	4	2	11	4.7
id-02546	2	3	4	3.8
id-02547	7	7	1	3.2
id-02548	1	2	7	4.0
id-02549	10	5	6	3.7
id-02550	6	9	27	3.7
id-02551	4	7	1	3.4
id-02552	4	7	5	4.3
id-02553	8	13	16	3.1
id-02554	2	4	4	3.6
id-02555	6	12	6	4.0
id-02556	6	9	4	4.8
id-02557	9	6	16	4.4
id-02558	3	4	11	4.0
id-02559	1	2	4	4.8
id-02560	9	11	24	3.6
id-02561	4	7	23	4.2
id-02562	10	4	9	3.4
id-02563	3	3	20	5.0
id-02564	4	6	8	4.9
id-02565	9	11	24	4.2
id-02566	4	2	20	3.3
id-02567	10	7	5	3.2
id-02568	9	4	4	4.8
id-02569	1	2	24	4.2
id-02570	3	6	29	4.2
id-02571	8	16	4	4.7
id-02572	3	2	2	3.8
id-02573	9	17	1	4.9
id-02574	6	10	6	3.7
id-02575	3	5	17	4.8
id-02576	6	12	10	3.1
id-02577	9	6	25	3.4
id-02578	1	2	7	4.0
id-02579	7	4	1	3.9
id-02580	9	9	4	4.0
id-02581	2	4	5	3.6
id-02582	1	2	29	4.1
id-02583	6	8	14	3.6
id-02584	8	16	16	3.2
id-02585	8	12	14	3.6
id-02586	4	2	12	4.4
id-02587	5	9	29	3.8
id-02588	6	4	30	4.2
id-02589	6	11	13	3.6
id-02590	9	9	10	3.4
id-02591	4	8	3	3.6
id-02592	3	2	27	3.6
id-02593	4	3	10	4.4
id-02594	8	2	10	4.4
id-02595	5	5	26	4.9
id-02596	6	7	2	4.4
id-02597	9	5	24	4.3
id-02598	3	5	11	3.6
id-02599	2	3	12	4.0
id-02600	6	4	27	4.5
id-02601	1	2	27	3.4
id-02602	7	9	8	4.7
id-02603	4	4	8	3.0
id-02604	7	8	24	4.9
id-02605	10	2	5	4.9
id-02606	9	13	2	3.8
id-02607	1	2	13	3.2
id-02608	2	2	22	4.6
id-02609	9	9	27	4.6
id-02610	2	4	4	4.7
id-02611	1	2	8	4.5
id-02612	6	11	6	3.3
id-02613	9	13	29	3.5
id-02614	6	2	2	3.2
id-02615	7	2	5	3.0
id-02616	6	12	27	4.4
id-02617	9	10	12	3.8
id-02618	9	17	18	4.1
id-02619	10	8	19	4.6
id-02620	4	2	5	3.5
id-02621	1	2	30	4.5
id-02622	6	8	9	3.7
id-02623	4	2	12	3.2
id-02624	5	3	20	4.1
id-02625	1	2	8	4.4
id-02626	9	16	29	3.4
id-02627	3	6	25	4.3
id-02628	2	3	21	4.9
id-02629	9	14	21	4.5
id-02630	10	6	22	3.7
id-02631	10	11	19	4.0
id-02632	8	13	23	4.6
id-02633	3	4	10	4.1
id-02634	10	17	6	4.5
id-02635	5	8	11	3.0
id-02636	7	11	25	4.8
id-02637	10	16	9	4.6
id-02638	5	4	4	3.1
id-02639	8	8	1	4.4
id-02640	6	6	15	4.2
id-02641	7	8	9	3.2
id-02642	1	2	25	4.5
id-02643	2	3	3	3.6
id-02644	2	4	17	3.1
id-02645	2	4	20	3.3
id-02646	10	7	23	3.9
id-02647	1	2	25	4.2
id-02648	3	6	1	3.8
id-02649	6	4	12	4.6
id-02650	3	6	16	3.9
id-02651	9	9	26	3.8
id-02652	4	4	13	4.4
id-02653	9	7	15	3.7
id-02654	2	3	27	4.7
id-02655	6	2	1	3.3
id-02656	8	11	30	3.5
id-02657	1	2	26	3.2
id-02658	10	18	16	4.9
id-02659	4	8	27	3.3
id-02660	10	20	5	3.3
id-02661	5	2	24	5.0
id-02662	1	2	28	3.1
id-02663	5	8	21	3.4
id-02664	10	17	23	4.7
id-02665	8	16	10	4.1
id-02666	4	4	15	4.3
id-02667	3	2	1	4.3
id-02668	1	2	4	3.7
id-02669	9	9	5	4.6
id-02670	3	6	22	4.2
id-02671	2	3	24	3.1
id-02672	3	3	27	4.7
id-02673	2	2	15	4.3
id-02674	10	5	20	4.2
id-02675	2	2	5	4.3
id-02676	1	2	9	4.3
id-02677	6	7	1	4.3
id-02678	8	5	28	3.3
id-02679	10	7	3	4.2
id-02680	8	2	1	4.9
id-02681	8	3	10	4.1
id-02682	10	15	25	4.0
id-02683	4	7	13	4.0
id-02684	4	7	14	3.9
id-02685	9	16	15	4.2
id-02686	3	5	24	3.2
id-02687	9	15	22	3.1
id-02688	2	4	14	3.8
id-02689	10	20	9	3.0
id-02690	9	9	27	3.3
id-02691	9	7	7	3.0
id-02692	4	2	22	3.5
id-02693	3	6	19	4.7
id-02694	10	14	26	4.1
id-02695	10	11	30	4.8
id-02696	9	8	20	3.1
id-02697	4	3	21	4.2
id-02698	5	4	24	4.5
id-02699	8	12	28	3.1
id-02700	6	6	8	3.4
id-02701	6	3	20	4.1
id-02702	2	3	5	4.6
id-02703	3	4	2	3.5
id-02704	7	10	9	4.4
id-02705	8	8	4	3.5
id-02706	1	2	22	3.6
id-02707	2	2	24	4.9
id-02708	4	2	30	3.4
id-02709	9	6	18	3.8
id-02710	4	3	7	3.2
id-02711	9	17	20	4.8
id-02712	2	3	12	4.6
id-02713	1	2	13	3.2
id-02714	3	5	22	4.6
id-02715	8	3	12	3.6
id-02716	4	7	17	4.6
id-02717	7	6	19	3.7
id-02718	3	2	27	4.9
id-02719	2	3	30	4.9
id-02720	7	14	19	4.8
id-02721	8	10	7	4.4
id-02722	9	5	4	3.9
id-02723	6	4	4	4.7
id-02724	1	2	3	4.9
id-02725	1	2	15	4.1
id-02726	4	8	5	4.3
id-02727	2	2	11	4.3
id-02728	9	9	2	3.7
id-02729	10	10	29	3.6
id-02730	10	3	25	3.9
id-02731	9	18	29	3.6
id-02732	1	2	29	4.2
id-02733	6	10	30	4.3
id-02734	7	6	6	3.2
id-02735	7	5	1	3.3
id-02736	5	8	30	3.9
id-02737	2	2	15	4.1
id-02738	8	14	5	4.3
id-02739	5	7	26	3.3
id-02740	2	4	26	3.2
id-02741	10	13	8	3.9
id-02742	3	3	1	4.0
id-02743	4	6	8	3.3
id-02744	7	5	7	4.2
id-02745	4	8	8	3.5
id-02746	6	7	17	4.3
id-02747	10	20	8	3.6
id-02748	7	2	12	3.5
id-02749	3	5	26	3.6
id-02750	3	5	18	3.1
id-02751	8	8	12	4.9
id-02752	3	5	18	3.5
id-02753	9	11	17	3.7
id-02754	4	5	24	4.9
id-02755	6	2	12	4.5
id-02756	2	2	20	3.7
id-02757	1	2	26	3.5
id-02758	3	6	17	3.9
id-02759	9	13	25	4.9
id-02760	1	2	5	3.0
id-02761	7	2	12	4.3
id-02762	3	5	21	4.3
id-02763	2	3	21	3.4
id-02764	5	3	11	3.1
id-02765	1	2	25	4.7
id-02766	3	6	29	3.1
id-02767	10	9	12	3.0
id-02768	5	8	13	3.7
id-02769	1	2	15	3.6
id-02770	7	11	30	3.7
id-02771	10	19	13	4.7
id-02772	7	3	11	3.9
id-02773	10	12	28	3.0
id-02774	10	6	4	4.6
id-02775	5	8	2	4.2
id-02776	4	5	27	4.1
id-02777	1	2	10	3.1
id-02778	7	3	18	4.2
id-02779	9	2	7	4.2
id-02780	9	4	23	3.7
id-02781	1	2	22	4.0
id-02782	8	8	16	3.6
id-02783	6	7	26	3.0
id-02784	3	5	25	3.3
id-02785	9	8	19	3.4
id-02786	10	7	4	4.4
id-02787	6	2	7	3.5
id-02788	10	17	25	3.4
id-02789	1	2	21	4.5
id-02790	1	2	27	4.2
id-02791	7	14	7	4.5
id-02792	10	8	30	3.6
id-02793	1	2	5	3.7
id-02794	3	6	29	4.9
id-02795	9	3	24	4.5
id-02796	3	4	17	4.3
id-02797	8	2	7	3.1
id-02798	6	2	28	3.3
id-02799	4	6	19	3.1
id-02800	9	3	11	4.2
id-02801	8	9	19	3.5
id-02802	7	9	5	4.2
id-02803	3	5	21	4.9
id-02804	6	4	14	5.0
id-02805	8	7	12	4.9
id-02806	4	7	25	4.3
id-02807	4	8	1	3.2
id-02808	1	2	8	3.5
id-02809	5	10	20	3.5
id-02810	3	5	8	3.8
id-02811	2	4	1	3.5
id-02812	8	12	11	3.5
id-02813	7	11	9	3.5
id-02814	7	6	27	3.9
id-02815	5	3	27	3.6
id-02816	6	4	26	4.8
id-02817	6	7	3	4.5
id-02818	7	11	16	4.5
id-02819	9	2	23	4.9
id-02820	9	18	12	3.4
id-02821	8	13	2	3.3
id-02822	6	4	18	3.0
id-02823	9	12	13	4.4
id-02824	9	17	3	5.0
id-02825	9	4	7	3.2
id-02826	8	13	6	3.6
id-02827	6	11	30	4.8
id-02828	8	13	19	4.9
id-02829	4	2	15	3.8
id-02830	9	6	28	3.8
id-02831	10	7	10	4.2
id-02832	9	10	7	3.9
id-02833	4	3	19	3.2
id-02834	1	2	11	4.6
id-02835	5	8	25	3.9
id-02836	9	18	14	3.1
id-02837	10	14	22	4.6
id-02838	10	8	25	3.6
id-02839	7	10	27	3.3
id-02840	1	2	15	4.6
id-02841	5	9	11	4.7
id-02842	10	16	3	4.9
id-02843	2	4	23	3.5
id-02844	3	2	20	3.1
id-02845	3	5	2	4.2
id-02846	5	6	18	4.2
id-02847	2	3	23	4.6
id-02848	9	13	6	4.4
id-02849	7	13	1	3.9
id-02850	9	18	21	3.1
id-02851	2	3	20	4.4
id-02852	2	4	17	4.8
id-02853	1	2	20	4.1
id-02854	2	3	18	4.0
id-02855	4	5	1	3.4
id-02856	2	4	13	3.7
id-02857	9	6	15	3.3
id-02858	10	11	5	3.8
id-02859	6	5	4	3.7
id-02860	1	2	4	3.1
id-02861	3	5	28	4.8
id-02862	5	3	18	4.7
id-02863	5	7	4	3.4
id-02864	8	11	28	3.3
id-02865	8	7	18	4.8
id-02866	9	18	19	4.4
id-02867	9	14	16	3.4
id-02868	1	2	7	4.6
id-02869	3	2	5	3.9
id-02870	10	4	8	4.0
id-02871	9	16	22	4.7
id-02872	9	14	5	4.4
id-02873	1	2	25	3.5
id-02874	7	13	29	4.0
id-02875	3	5	21	4.6
id-02876	5	9	7	3.2
id-02877	5	3	25	3.6
id-02878	3	2	3	4.4
id-02879	3	4	24	4.4
id-02880	6	9	23	5.0
id-02881	8	10	5	4.7
id-02882	3	2	1	4.2
id-02883	8	2	22	4.2
id-02884	9	16	30	4.6
id-02885	8	12	17	4.3
id-02886	3	6	12	3.5
id-02887	2	2	19	3.7
id-02888	7	13	10	4.4
id-02889	3	5	25	5.0
id-02890	6	4	18	4.6
id-02891	5	9	13	3.5
id-02892	5	10	6	4.0
id-02893	4	2	20	3.4
id-02894	9	13	21	4.6
id-02895	4	8	13	3.7
id-02896	10	18	6	4.0
id-02897	9	17	15	4.0
id-02898	1	2	29	3.1
id-02899	6	8	2	3.9
id-02900	4	4	19	4.2
id-02901	6	10	2	4.8
id-02902	7	9	20	4.4
id-02903	3	2	29	3.3
id-02904	3	6	1	3.6
id-02905	10	11	23	4.6
id-02906	9	17	24	3.3
id-02907	6	10	10	3.6
id-02908	8	14	21	3.4
id-02909	5	8	26	3.9
id-02910	7	9	19	3.4
id-02911	2	2	29	4.5
id-02912	7	13	8	4.1
id-02913	6	4	11	3.7
id-02914	1	2	22	4.4
id-02915	4	3	4	3.7
id-02916	2	4	14	4.5
id-02917	9	2	3	3.9
id-02918	3	5	13	3.5
id-02919	8	7	13	3.2
id-02920	8	2	24	5.0
id-02921	3	2	1	3.4
id-02922	7	5	12	3.5
id-02923	2	3	19	4.0
id-02924	9	13	22	4.2
id-02925	4	2	6	3.9
id-02926	10	14	24	3.5
id-02927	2	3	14	3.9
id-02928	6	4	18	4.9
id-02929	6	11	24	3.2
id-02930	5	4	28	3.0
id-02931	9	4	6	3.4
id-02932	2	4	14	4.7
id-02933	4	8	9	4.7
id-02934	1	2	20	3.6
id-02935	2	4	21	3.1
id-02936	8	2	8	4.8
id-02937	2	3	2	3.3
id-02938	2	3	13	3.1
id-02939	9	12	13	4.5
id-02940	1	2	24	3.8
id-02941	1	2	2	4.1
id-02942	9	4	12	4.1
id-02943	4	4	2	3.0
id-02944	7	9	15	4.1
id-02945	2	3	28	4.8
id-02946	2	3	20	4.5
id-02947	4	4	23	3.4
id-02948	3	5	10	4.5
id-02949	1	2	4	3.2
id-02950	7	9	13	4.7
id-02951	7	4	1	3.9
id-02952	3	2	2	3.9
id-02953	3	5	25	4.8
id-02954	8	3	2	4.4
id-02955	9	9	1	3.4
id-02956	3	5	9	3.2
id-02957	2	2	15	4.5
id-02958	7	7	1	3.1
id-02959	9	14	24	3.7
id-02960	8	4	28	4.7
id-02961	9	13	15	4.0
id-02962	1	2	3	4.8
id-02963	1	2	21	4.7
id-02964	3	3	3	4.3
id-02965	3	2	16	3.6
id-02966	7	8	11	4.2
id-02967	6	5	23	3.8
id-02968	6	9	20	4.9
id-02969	4	5	21	3.9
id-02970	8	10	18	3.7
id-02971	2	3	15	4.8
id-02972	4	7	16	4.8
id-02973	9	10	9	4.8
id-02974	1	2	10	3.2
id-02975	2	4	24	4.5
id-02976	7	14	30	4.7
id-02977	7	6	21	4.7
id-02978	7	2	20	3.6
id-02979	5	2	26	3.5
id-02980	3	6	25	4.8
id-02981	10	19	17	3.9
id-02982	7	14	10	4.9
id-02983	5	8	25	3.2
id-02984	4	3	2	3.3
id-02985	8	12	24	3.5
id-02986	8	3	14	4.1
id-02987	6	11	21	3.4
id-02988	6	10	14	4.2
id-02989	5	8	22	4.6
id-02990	2	2	30	4.2
id-02991	5	3	24	4.6
id-02992	6	8	5	3.8
id-02993	10	11	9	4.5
id-02994	6	7	20	4.2
id-02995	5	10	3	4.8
id-02996	10	6	1	3.7
id-02997	5	2	12	3.3
id-02998	7	4	14	4.8
id-02999	10	10	25	4.3
id-03000	4	2	18	3.5
id-03001	5	6	21	4.0
id-03002	6	2	20	3.6
id-03003	2	2	25	4.7
id-03004	2	2	6	4.5
id-03005	2	4	4	4.8
id-03006	2	2	28	3.0
id-03007	10	9	26	4.0
id-03008	3	5	6	3.1
id-03009	6	4	8	4.2
id-03010	10	18	2	3.4
id-03011	9	17	15	3.1
id-03012	2	2	18	3.1
id-03013	6	4	8	4.0
id-03014	1	2	19	5.0
id-03015	3	4	14	4.4
id-03016	1	2	29	3.3
id-03017	8	9	6	4.4
id-03018	5	6	18	4.4
id-03019	7	14	24	4.1
id-03020	4	6	15	3.3
id-03021	7	9	29	3.6
id-03022	7	3	21	3.4
id-03023	5	5	15	3.4
id-03024	8	9	27	3.1
id-03025	3	2	9	4.1
id-03026	2	3	24	3.9
id-03027	10	13	10	4.1
id-03028	1	2	2	4.8
id-03029	10	5	6	4.4
id-03030	8	12	2	4.7
id-03031	10	3	4	4.5
id-03032	7	12	14	3.7
id-03033	10	14	24	5.0
id-03034	1	2	1	4.1
id-03035	3	3	6	3.5
id-03036	6	8	14	3.9
id-03037	4	5	3	3.3
id-03038	9	4	4	4.3
id-03039	7	14	4	4.5
id-03040	7	3	1	3.6
id-03041	6	5	27	3.1
id-03042	4	3	20	4.7
id-03043	1	2	11	3.4
id-03044	8	9	30	4.2
id-03045	6	4	5	3.7
id-03046	8	9	10	4.6
id-03047	10	12	26	4.3
id-03048	3	2	16	4.1
id-03049	7	6	24	4.3
id-03050	2	4	11	4.1
id-03051	4	2	19	4.2
id-03052	2	2	1	3.0
id-03053	1	2	30	3.7
id-03054	7	6	10	3.6
id-03055	5	8	2	4.6
id-03056	1	2	9	4.9
id-03057	10	19	2	4.0
id-03058	3	4	7	3.0
id-03059	3	3	19	4.8
id-03060	5	7	18	4.6
id-03061	4	7	22	3.5
id-03062	5	6	22	4.5
id-03063	10	2	26	3.0
id-03064	1	2	2	4.2
id-03065	3	6	16	4.3
id-03066	1	2	28	4.6
id-03067	6	4	11	4.5
id-03068	7	3	11	4.9
id-03069	9	7	27	4.0
id-03070	10	18	9	3.2
id-03071	7	8	12	3.8
id-03072	4	7	20	3.1
id-03073	8	7	30	3.5
id-03074	7	8	16	3.9
id-03075	8	9	12	5.0
id-03076	9	3	15	3.9
id-03077	2	3	25	4.4
id-03078	9	12	17	3.3
id-03079	7	13	28	4.0
id-03080	9	7	15	4.8
id-03081	5	6	19	3.0
id-03082	6	6	28	3.5
id-03083	1	2	26	3.2
id-03084	4	8	9	4.7
id-03085	6	11	22	3.4
id-03086	8	15	29	3.5
id-03087	1	2	12	4.7
id-03088	4	8	15	3.4
id-03089	5	10	7	5.0
id-03090	8	9	6	3.8
id-03091	7	12	26	4.8
id-03092	5	6	28	3.8
id-03093	3	5	17	4.1
id-03094	7	6	12	3.0
id-03095	3	4	14	3.9
id-03096	3	2	3	3.5
id-03097	10	15	16	3.7
id-03098	2	2	3	3.8
id-03099	1	2	20	3.6
id-03100	4	5	27	3.8
id-03101	4	4	6	3.1
id-03102	9	15	3	3.3
id-03103	8	4	3	4.6
id-03104	1	2	24	4.9
id-03105	8	2	9	4.1
id-03106	3	2	29	3.6
id-03107	9	17	2	4.9
id-03108	9	6	8	3.7
id-03109	2	3	19	3.8
id-03110	10	11	5	4.8
id-03111	3	6	6	3.4
id-03112	5	2	20	3.6
id-03113	7	8	22	3.9
id-03114	2	2	7	3.0
id-03115	5	5	3	4.3
id-03116	10	14	8	4.3
id-03117	3	5	10	4.1
id-03118	4	6	5	3.6
id-03119	5	7	12	4.1
id-03120	8	7	5	4.3
id-03121	10	11	15	4.3
id-03122	8	15	7	3.6
id-03123	2	3	7	4.7
id-03124	5	2	1	3.8
id-03125	6	5	6	4.7
id-03126	7	13	30	3.4
id-03127	8	8	13	4.6
id-03128	2	3	15	4.9
id-03129	1	2	29	4.1
id-03130	7	12	14	3.7
id-03131	10	5	24	4.5
id-03132	5	2	9	3.5
id-03133	8	3	20	4.1
id-03134	1	2	27	4.2
id-03135	4	6	27	3.6
id-03136	4	2	3	3.8
id-03137	3	2	7	4.7
id-03138	3	6	25	4.0
id-03139	7	7	19	4.1
id-03140	3	5	11	4.1
id-03141	5	3	16	4.8
id-03142	3	6	23	3.1
id-03143	4	4	27	4.6
id-03144	4	4	15	4.0
id-03145	5	4	19	3.6
id-03146	10	18	28	3.4
id-03147	6	5	11	4.9
id-03148	10	7	8	4.2
id-03149	1	2	15	4.4
id-03150	1	2	23	3.0
id-03151	1	2	18	4.9
id-03152	2	4	27	4.6
id-03153	8	12	22	3.4
id-03154	7	3	19	5.0
id-03155	8	14	1	3.6
id-03156	9	13	10	4.3
id-03157	2	2	28	3.2
id-03158	7	10	29	4.5
id-03159	5	10	30	3.3
id-03160	2	3	21	4.0
id-03161	2	2	28	3.6
id-03162	6	4	9	3.2
id-03163	6	5	24	3.9
id-03164	4	5	25	3.2
id-03165	5	6	2	3.1
id-03166	7	11	12	4.6
id-03167	4	8	16	4.2
id-03168	1	2	1	3.5
id-03169	1	2	6	4.3
id-03170	5	3	9	3.6
id-03171	9	7	20	3.3
id-03172	6	7	29	3.0
id-03173	2	3	4	3.7
id-03174	5	3	4	4.7
id-03175	5	10	14	4.4
id-03176	2	2	13	3.3
id-03177	10	17	16	3.1
id-03178	1	2	10	4.3
id-03179	4	8	14	4.1
id-03180	6	12	7	4.1
id-03181	4	7	1	3.6
id-03182	6	4	24	4.4
id-03183	8	5	18	4.6
id-03184	4	6	7	4.4
id-03185	10	14	8	3.8
id-03186	9	4	11	4.8
id-03187	5	7	1	3.3
id-03188	8	5	24	3.9
id-03189	8	16	6	3.4
id-03190	3	4	30	4.7
id-03191	9	2	7	3.5
id-03192	9	12	4	4.8
id-03193	2	3	7	4.2
id-03194	5	7	10	3.9
id-03195	9	4	22	4.4
id-03196	5	3	1	5.0
id-03197	2	3	13	3.7
id-03198	10	8	2	3.1
id-03199	7	9	14	3.4
id-03200	5	7	22	4.4
id-03201	10	7	20	4.4
id-03202	3	6	2	4.0
id-03203	7	9	19	4.1
id-03204	5	3	27	4.1
id-03205	10	20	12	4.5
id-03206	6	3	23	3.2
id-03207	9	16	14	3.2
id-03208	3	6	14	3.1
id-03209	8	15	16	3.6
id-03210	8	9	30	4.7
id-03211	8	5	21	4.8
id-03212	8	8	12	3.5
id-03213	3	6	1	4.8
id-03214	5	6	17	3.5
id-03215	7	8	4	4.0
id-03216	4	4	28	3.9
id-03217	8	2	2	4.8
id-03218	9	3	5	4.2
id-03219	5	3	20	3.2
id-03220	7	9	8	4.8
id-03221	5	6	17	4.5
id-03222	8	9	30	3.2
id-03223	8	12	17	3.7
id-03224	1	2	4	4.0
id-03225	1	2	16	3.5
id-03226	8	12	8	3.1
id-03227	8	2	4	4.9
id-03228	8	11	1	4.3
id-03229	4	6	12	4.0
id-03230	5	9	28	4.7
id-03231	9	18	9	4.6
id-03232	1	2	10	4.8
id-03233	1	2	11	3.4
id-03234	2	4	1	4.7
id-03235	6	10	14	4.2
id-03236	10	5	1	3.8
id-03237	1	2	18	4.0
id-03238	4	2	23	3.5
id-03239	8	5	12	3.0
id-03240	10	12	15	3.2
id-03241	9	18	9	4.5
id-03242	8	3	20	4.5
id-03243	5	5	13	3.0
id-03244	9	4	12	4.1
id-03245	1	2	7	4.6
id-03246	1	2	22	4.0
id-03247	6	10	24	4.2
id-03248	4	4	29	3.4
id-03249	3	5	16	5.0
id-03250	7	10	3	3.8
id-03251	7	9	26	3.4
id-03252	3	3	22	3.5
id-03253	2	4	19	4.9
id-03254	8	5	28	3.5
id-03255	3	2	7	3.8
id-03256	10	18	12	4.1
id-03257	10	3	19	3.1
id-03258	4	7	4	3.9
id-03259	8	5	2	4.2
id-03260	6	5	16	4.3
id-03261	9	7	17	4.9
id-03262	7	12	18	4.0
id-03263	7	13	14	4.7
id-03264	8	16	15	4.0
id-03265	6	10	3	4.6
id-03266	10	6	6	3.0
id-03267	5	7	24	4.4
id-03268	3	2	21	4.2
id-03269	5	5	27	4.7
id-03270	9	17	18	4.7
id-03271	10	16	23	4.3
id-03272	10	9	28	3.7
id-03273	2	2	23	4.0
id-03274	2	2	17	3.3
id-03275	8	16	7	4.9
id-03276	8	13	12	3.5
id-03277	4	8	28	3.4
id-03278	10	15	23	4.2
id-03279	6	7	23	4.4
id-03280	6	3	10	4.0
id-03281	10	5	28	4.6
id-03282	6	7	26	4.5
id-03283	2	4	29	4.9
id-03284	7	14	1	3.5
id-03285	5	5	21	4.7
id-03286	4	2	2	4.7
id-03287	5	9	26	4.1
id-03288	6	12	2	4.2
id-03289	3	5	6	3.1
id-03290	7	7	3	4.8
id-03291	8	16	4	4.6
id-03292	10	10	12	4.2
id-03293	1	2	11	4.2
id-03294	3	4	10	3.7
id-03295	3	4	18	4.2
id-03296	2	3	25	3.8
id-03297	4	8	7	4.1
id-03298	5	3	22	3.2
id-03299	8	2	1	3.8
id-03300	8	8	24	4.8
id-03301	1	2	21	3.3
id-03302	4	5	27	4.4
id-03303	1	2	27	3.4
id-03304	9	2	16	3.6
id-03305	5	3	4	3.6
id-03306	8	9	11	4.1
id-03307	2	3	9	4.9
id-03308	8	7	19	4.9
id-03309	9	3	15	3.8
id-03310	5	8	8	4.6
id-03311	2	2	18	3.7
id-03312	8	9	17	3.9
id-03313	9	2	12	3.7
id-03314	9	2	2	4.4
id-03315	5	8	6	5.0
id-03316	6	10	17	5.0
id-03317	5	6	13	4.0
id-03318	2	2	24	4.4
id-03319	7	7	18	3.9
id-03320	8	16	15	3.2
id-03321	9	13	27	4.9
id-03322	6	11	25	4.2
id-03323	3	6	25	4.8
id-03324	4	3	5	4.3
id-03325	1	2	9	3.4
id-03326	8	10	4	3.5
id-03327	3	5	3	4.2
id-03328	10	9	3	3.1
id-03329	1	2	25	4.6
id-03330	4	5	12	4.3
id-03331	2	2	24	4.0
id-03332	1	2	16	3.9
id-03333	9	13	26	4.8
id-03334	4	7	13	3.5
id-03335	1	2	18	4.1
id-03336	8	4	28	3.5
id-03337	4	4	3	3.1
id-03338	7	4	24	3.8
id-03339	9	7	20	3.7
id-03340	8	12	19	4.0
id-03341	3	2	18	4.8
id-03342	7	13	11	3.9
id-03343	4	7	7	3.1
id-03344	9	15	6	3.6
id-03345	9	4	4	4.3
id-03346	4	3	18	3.6
id-03347	10	9	2	3.0
id-03348	2	4	22	4.3
id-03349	5	4	9	3.2
id-03350	10	19	18	3.2
id-03351	4	8	20	3.6
id-03352	6	2	2	3.1
id-03353	2	2	11	4.8
id-03354	9	8	2	4.9
id-03355	10	10	24	4.7
id-03356	8	10	4	3.9
id-03357	10	15	24	4.4
id-03358	9	15	10	3.4
id-03359	1	2	23	3.6
id-03360	8	5	21	4.8
id-03361	5	7	11	3.6
id-03362	6	11	4	4.3
id-03363	7	6	13	3.0
id-03364	8	13	18	3.4
id-03365	6	3	21	4.0
id-03366	7	9	17	4.8
id-03367	3	6	18	4.8
id-03368	8	7	21	3.1
id-03369	7	4	25	3.1
id-03370	3	6	24	3.8
id-03371	3	3	6	3.4
id-03372	3	4	18	3.5
id-03373	9	18	15	4.2
id-03374	4	6	19	4.8
id-03375	7	6	1	4.8
id-03376	7	7	4	3.6
id-03377	6	4	24	4.9
id-03378	8	3	8	4.5
id-03379	6	12	8	4.3
id-03380	10	12	20	4.8
id-03381	3	2	20	3.2
id-03382	6	5	5	4.4
id-03383	2	2	11	3.9
id-03384	2	3	11	3.6
id-03385	8	8	6	3.8
id-03386	9	15	2	3.9
id-03387	7	14	28	3.8
id-03388	10	6	27	4.6
id-03389	8	2	4	4.3
id-03390	5	3	29	3.1
id-03391	4	7	20	4.3
id-03392	9	5	1	3.8
id-03393	2	2	10	4.5
id-03394	2	4	28	4.7
id-03395	8	11	4	4.1
id-03396	2	3	5	4.7
id-03397	8	8	7	3.6
id-03398	3	6	2	3.6
id-03399	1	2	6	4.7
id-03400	7	14	30	3.7
id-03401	9	10	5	3.8
id-03402	4	5	29	4.8
id-03403	5	7	24	3.5
id-03404	10	8	8	4.3
id-03405	9	18	25	4.1
id-03406	2	3	29	3.7
id-03407	2	4	19	4.0
id-03408	8	8	4	3.0
id-03409	1	2	20	3.7
id-03410	4	3	25	4.1
id-03411	1	2	28	3.6
id-03412	5	7	9	4.3
id-03413	3	5	19	4.5
id-03414	4	5	7	3.2
id-03415	9	3	30	4.5
id-03416	10	3	13	3.9
id-03417	7	8	7	3.3
id-03418	4	5	23	3.3
id-03419	7	4	29	4.0
id-03420	1	2	20	4.6
id-03421	4	6	1	4.1
id-03422	2	3	25	3.5
id-03423	4	5	4	3.3
id-03424	2	2	23	4.4
id-03425	10	17	19	3.3
id-03426	2	2	10	4.7
id-03427	7	10	28	4.7
id-03428	8	4	17	4.6
id-03429	2	2	10	3.8
id-03430	4	4	29	3.3
id-03431	3	3	7	4.7
id-03432	5	10	18	4.1
id-03433	10	19	2	4.5
id-03434	5	10	23	4.2
id-03435	8	4	15	4.0
id-03436	4	4	4	3.2
id-03437	5	9	6	4.7
id-03438	5	6	5	3.5
id-03439	7	2	7	3.4
id-03440	3	6	5	3.4
id-03441	8	7	18	3.9
id-03442	5	7	9	3.9
id-03443	2	2	9	3.5
id-03444	2	2	19	3.5
id-03445	10	18	11	4.3
id-03446	1	2	29	4.1
id-03447	8	16	14	4.3
id-03448	7	9	5	4.7
id-03449	6	8	3	3.5
id-03450	4	7	25	3.3
id-03451	5	3	14	3.8
id-03452	5	8	7	4.5
id-03453	1	2	26	3.8
id-03454	4	5	15	4.1
id-03455	6	9	4	3.4
id-03456	3	5	17	4.8
id-03457	3	5	22	3.8
id-03458	4	6	29	3.8
id-03459	8	15	17	4.1
id-03460	6	6	8	4.0
id-03461	7	9	28	3.8
id-03462	7	6	7	4.2
id-03463	8	7	19	3.6
id-03464	8	5	24	3.6
id-03465	7	12	10	4.6
id-03466	6	12	27	3.4
id-03467	4	2	13	3.7
id-03468	10	3	9	3.5
id-03469	6	9	18	3.7
id-03470	9	12	25	4.3
id-03471	3	3	15	3.2
id-03472	4	5	15	4.0
id-03473	6	2	12	3.9
id-03474	9	9	1	4.9
id-03475	5	4	26	3.7
id-03476	9	4	29	4.2
id-03477	10	4	8	3.7
id-03478	10	2	27	4.8
id-03479	3	4	16	3.7
id-03480	4	5	30	4.6
id-03481	9	10	22	3.8
id-03482	5	7	2	3.1
id-03483	8	4	5	3.5
id-03484	6	2	26	4.8
id-03485	9	14	1	3.8
id-03486	5	2	13	3.4
id-03487	5	8	9	4.4
id-03488	10	14	20	3.2
id-03489	8	16	25	4.2
id-03490	2	4	20	3.6
id-03491	1	2	22	4.1
id-03492	6	3	24	4.0
id-03493	9	3	18	4.0
id-03494	3	6	20	4.3
id-03495	7	2	16	4.8
id-03496	8	9	4	4.1
id-03497	8	5	19	4.1
id-03498	6	9	24	4.9
id-03499	5	9	25	3.5
id-03500	1	2	16	3.5
id-03501	3	2	15	4.9
id-03502	1	2	22	4.7
id-03503	9	3	27	4.2
id-03504	10	9	25	3.2
id-03505	4	2	4	3.8
id-03506	7	10	10	3.3
id-03507	5	9	22	4.6
id-03508	4	5	29	5.0
id-03509	8	7	20	3.4
id-03510	7	3	7	3.2
id-03511	10	4	22	3.2
id-03512	6	11	24	4.7
id-03513	9	16	18	4.8
id-03514	6	6	15	4.7
id-03515	3	5	29	3.5
id-03516	1	2	18	3.7
id-03517	2	2	11	4.4
id-03518	7	10	12	3.6
id-03519	1	2	15	4.8
id-03520	1	2	8	3.9
id-03521	5	7	19	4.4
id-03522	10	8	6	3.1
id-03523	3	2	29	4.2
id-03524	2	4	2	3.4
id-03525	3	4	1	4.1
id-03526	1	2	9	4.6
id-03527	5	5	27	4.9
id-03528	8	12	17	3.7
id-03529	7	13	14	4.1
id-03530	10	11	19	4.7
id-03531	1	2	4	4.4
id-03532	4	6	30	4.4
id-03533	1	2	7	4.6
id-03534	4	5	22	4.6
id-03535	8	2	24	3.5
id-03536	7	6	10	4.1
id-03537	5	9	27	4.3
id-03538	5	8	14	4.8
id-03539	2	2	6	4.3
id-03540	4	6	13	4.5
id-03541	10	9	4	4.8
id-03542	7	9	26	5.0
id-03543	1	2	10	3.3
id-03544	9	15	23	3.8
id-03545	5	3	30	3.9
id-03546	8	15	2	3.2
id-03547	1	2	24	4.2
id-03548	10	3	23	5.0
id-03549	7	8	28	3.7
id-03550	7	8	13	4.3
id-03551	6	11	29	4.8
id-03552	4	4	8	3.3
id-03553	5	6	23	4.3
id-03554	4	5	30	4.6
id-03555	9	16	23	3.4
id-03556	9	8	29	4.7
id-03557	3	5	26	4.7
id-03558	6	8	30	3.0
id-03559	9	8	11	3.9
id-03560	6	5	6	3.3
id-03561	4	5	27	4.1
id-03562	10	6	23	3.8
id-03563	4	5	29	4.9
id-03564	7	6	16	3.9
id-03565	8	10	22	3.2
id-03566	10	8	21	3.2
id-03567	10	6	30	4.1
id-03568	3	3	2	3.3
id-03569	4	5	3	3.3
id-03570	3	3	26	3.8
id-03571	4	3	14	3.6
id-03572	7	5	3	3.2
id-03573	5	8	9	3.4
id-03574	6	10	26	3.5
id-03575	10	5	23	4.7
id-03576	2	2	10	4.6
id-03577	9	14	17	4.6
id-03578	2	2	20	3.1
id-03579	9	11	30	4.7
id-03580	7	7	4	3.9
id-03581	8	4	15	3.7
id-03582	4	3	5	3.4
id-03583	5	4	17	3.1
id-03584	8	6	5	4.2
id-03585	5	8	20	3.4
id-03586	4	3	5	4.3
id-03587	3	2	21	3.8
id-03588	7	4	6	4.2
id-03589	1	2	13	4.7
id-03590	5	8	25	4.4
id-03591	5	8	8	4.7
id-03592	5	6	20	3.2
id-03593	5	7	3	4.3
id-03594	5	8	7	4.7
id-03595	9	9	27	3.9
id-03596	7	4	8	3.0
id-03597	5	3	16	4.3
id-03598	8	4	13	3.7
id-03599	3	6	18	3.2
id-03600	9	9	2	5.0
id-03601	8	11	14	3.1
id-03602	5	3	3	3.7
id-03603	8	7	22	3.6
id-03604	5	10	2	4.8
id-03605	6	7	28	4.0
id-03606	4	8	27	3.4
id-03607	5	9	23	4.3
id-03608	4	2	18	3.7
id-03609	4	2	10	3.1
id-03610	6	12	1	3.7
id-03611	9	6	21	4.7
id-03612	4	8	13	3.1
id-03613	4	3	22	3.2
id-03614	8	16	3	4.7
id-03615	9	16	14	3.3
id-03616	8	4	3	4.4
id-03617	5	9	1	3.6
id-03618	7	5	20	4.2
id-03619	3	3	11	3.2
id-03620	8	7	22	4.3
id-03621	6	4	3	4.9
id-03622	4	5	27	3.6
id-03623	5	4	19	3.0
id-03624	9	12	12	3.4
id-03625	10	8	1	3.5
id-03626	4	5	10	4.0
id-03627	8	5	28	3.5
id-03628	6	11	15	3.1
id-03629	3	4	10	3.6
id-03630	6	3	11	4.2
id-03631	1	2	24	3.6
id-03632	7	9	16	4.4
id-03633	6	3	11	3.6
id-03634	7	9	30	3.2
id-03635	1	2	9	4.7
id-03636	9	11	24	3.5
id-03637	2	4	18	3.4
id-03638	10	12	28	4.8
id-03639	4	7	15	3.1
id-03640	3	6	8	3.1
id-03641	9	7	17	4.9
id-03642	1	2	8	3.4
id-03643	5	3	1	4.7
id-03644	4	5	13	4.9
id-03645	8	11	15	4.7
id-03646	4	3	5	3.6
id-03647	6	12	27	4.4
id-03648	7	13	30	3.6
id-03649	10	11	8	4.7
id-03650	8	4	12	4.4
id-03651	9	12	4	4.0
id-03652	8	12	27	3.9
id-03653	2	3	30	5.0
id-03654	6	7	25	3.6
id-03655	2	2	26	4.3
id-03656	2	4	9	4.7
id-03657	5	6	14	3.2
id-03658	1	2	30	4.4
id-03659	2	2	10	3.8
id-03660	4	5	4	3.7
id-03661	4	8	2	3.0
id-03662	2	2	24	4.8
id-03663	8	8	27	4.3
id-03664	3	3	8	3.3
id-03665	4	6	20	3.0
id-03666	2	3	30	3.6
id-03667	10	8	2	4.8
id-03668	9	8	24	4.9
id-03669	2	3	18	3.8
id-03670	5	6	14	4.2
id-03671	7	4	4	3.9
id-03672	8	6	25	3.8
id-03673	10	18	28	3.9
id-03674	10	3	13	3.5
id-03675	3	5	7	3.4
id-03676	9	11	27	3.4
id-03677	6	12	22	4.5
id-03678	5	8	11	3.0
id-03679	10	7	14	4.0
id-03680	3	2	26	4.2
id-03681	3	5	28	3.8
id-03682	10	13	18	4.8
id-03683	3	4	29	4.8
id-03684	6	8	7	4.4
id-03685	4	6	25	4.1
id-03686	1	2	20	3.8
id-03687	2	2	25	3.6
id-03688	7	9	10	4.0
id-03689	7	3	6	4.6
id-03690	6	11	30	3.4
id-03691	10	17	11	3.6
id-03692	9	2	20	3.5
id-03693	5	4	22	3.7
id-03694	5	10	24	4.7
id-03695	4	3	6	4.4
id-03696	6	9	11	3.7
id-03697	7	11	16	3.3
id-03698	10	9	15	4.4
id-03699	1	2	9	4.4
id-03700	10	6	26	3.1
id-03701	5	10	10	4.9
id-03702	2	3	22	3.9
id-03703	10	4	13	4.9
id-03704	1	2	7	3.9
id-03705	3	6	20	4.7
id-03706	7	6	7	3.0
id-03707	2	2	18	4.8
id-03708	1	2	29	4.0
id-03709	5	8	16	3.3
id-03710	7	4	4	4.0
id-03711	3	6	1	3.6
id-03712	3	2	28	3.9
id-03713	4	2	12	4.8
id-03714	10	9	6	4.1
id-03715	8	6	5	4.7
id-03716	1	2	26	4.0
id-03717	7	11	30	3.5
id-03718	9	3	21	3.4
id-03719	9	14	1	3.7
id-03720	4	8	17	4.9
id-03721	4	7	22	4.0
id-03722	6	7	22	3.6
id-03723	9	14	25	4.0
id-03724	6	8	21	3.7
id-03725	2	2	11	3.9
id-03726	4	6	6	3.9
id-03727	5	2	2	4.5
id-03728	2	3	21	4.9
id-03729	3	5	14	4.1
id-03730	2	2	14	4.3
id-03731	6	5	6	3.6
id-03732	5	9	29	4.8
id-03733	7	10	9	4.2
id-03734	8	9	12	3.5
id-03735	9	8	25	4.9
id-03736	8	6	16	3.4
id-03737	3	5	23	3.1
id-03738	9	5	2	4.5
id-03739	3	6	1	3.1
id-03740	5	6	26	4.7
id-03741	4	5	12	3.2
id-03742	6	6	21	3.9
id-03743	6	4	28	4.2
id-03744	7	8	26	3.8
id-03745	10	2	28	5.0
id-03746	3	6	30	3.1
id-03747	3	5	9	3.8
id-03748	9	16	1	3.2
id-03749	9	6	29	4.6
id-03750	10	5	2	3.7
id-03751	9	11	10	3.5
id-03752	2	2	7	4.0
id-03753	8	7	25	3.3
id-03754	8	10	10	4.2
id-03755	1	2	2	3.8
id-03756	1	2	4	4.2
id-03757	1	2	25	4.9
id-03758	8	4	1	4.9
id-03759	6	3	17	3.5
id-03760	2	4	20	3.5
id-03761	6	7	6	4.5
id-03762	10	8	13	3.9
id-03763	5	3	2	4.3
id-03764	1	2	25	4.7
id-03765	2	3	23	4.8
id-03766	8	8	24	3.2
id-03767	7	3	22	4.4
id-03768	2	3	15	3.3
id-03769	9	18	6	3.1
id-03770	2	4	30	4.0
id-03771	2	4	19	3.2
id-03772	8	14	16	4.2
id-03773	3	3	21	3.5
id-03774	1	2	25	3.8
id-03775	4	6	7	4.6
id-03776	4	7	3	5.0
id-03777	1	2	13	4.2
id-03778	5	7	22	3.2
id-03779	2	3	2	4.3
id-03780	6	8	23	3.1
id-03781	10	8	9	3.9
id-03782	9	8	16	4.4
id-03783	9	8	1	4.6
id-03784	1	2	20	3.3
id-03785	2	4	23	4.4
id-03786	6	11	27	3.3
id-03787	9	18	21	3.3
id-03788	3	5	30	4.4
id-03789	9	5	27	4.8
id-03790	9	15	29	3.7
id-03791	5	10	21	4.9
id-03792	8	6	27	4.8
id-03793	7	3	21	3.9
id-03794	10	19	5	3.6
id-03795	9	11	4	4.0
id-03796	2	4	21	4.0
id-03797	5	9	25	4.7
id-03798	9	14	30	4.4
id-03799	9	5	27	5.0
id-03800	10	10	16	4.9
id-03801	6	10	17	4.0
id-03802	9	16	19	3.9
id-03803	9	9	12	3.6
id-03804	3	3	23	4.6
id-03805	5	10	1	3.9
id-03806	10	20	14	4.8
id-03807	6	9	25	4.3
id-03808	2	4	6	3.3
id-03809	7	4	1	3.8
id-03810	9	18	28	3.3
id-03811	4	6	19	3.1
id-03812	7	9	30	3.4
id-03813	9	10	21	3.3
id-03814	5	5	7	3.5
id-03815	4	8	8	3.1
id-03816	5	9	6	4.4
id-03817	7	11	7	3.3
id-03818	6	11	18	3.0
id-03819	6	3	13	3.1
id-03820	5	2	4	3.3
id-03821	8	3	21	3.2
id-03822	5	8	9	4.5
id-03823	10	8	15	3.4
id-03824	9	6	26	3.6
id-03825	9	3	4	4.4
id-03826	9	11	14	4.6
id-03827	2	3	1	3.2
id-03828	8	9	28	3.1
id-03829	8	13	10	4.0
id-03830	9	12	25	4.4
id-03831	3	5	8	3.2
id-03832	2	2	29	3.8
id-03833	3	4	7	4.6
id-03834	7	10	23	4.0
id-03835	7	7	9	3.7
id-03836	9	17	3	4.3
id-03837	10	18	12	4.5
id-03838	7	9	28	3.7
id-03839	4	2	10	4.3
id-03840	7	10	15	4.2
id-03841	10	7	27	3.1
id-03842	7	9	22	4.1
id-03843	8	12	10	3.5
id-03844	3	2	19	4.1
id-03845	10	17	18	3.5
id-03846	1	2	15	4.2
id-03847	10	20	20	4.0
id-03848	8	13	25	4.8
id-03849	9	16	4	3.0
id-03850	3	2	8	4.8
id-03851	6	11	22	4.0
id-03852	5	3	3	4.4
id-03853	10	2	2	4.9
id-03854	4	8	22	4.2
id-03855	4	8	6	4.3
id-03856	6	11	9	4.9
id-03857	9	14	16	4.0
id-03858	3	4	30	3.5
id-03859	5	9	8	3.2
id-03860	2	3	17	4.1
id-03861	9	13	4	4.3
id-03862	1	2	7	4.7
id-03863	2	2	1	4.4
id-03864	9	9	4	4.1
id-03865	9	16	22	4.6
id-03866	8	16	13	4.8
id-03867	9	11	27	4.7
id-03868	8	2	10	4.5
id-03869	4	7	12	4.9
id-03870	1	2	23	4.3
id-03871	2	4	9	3.1
id-03872	9	3	3	3.4
id-03873	2	3	18	4.3
id-03874	1	2	3	3.6
id-03875	5	5	7	4.2
id-03876	10	13	10	3.1
id-03877	3	2	23	3.5
id-03878	8	9	1	3.1
id-03879	1	2	29	3.6
id-03880	9	14	29	4.8
id-03881	8	10	23	3.2
id-03882	4	7	14	4.9
id-03883	10	14	19	3.5
id-03884	3	3	30	4.2
id-03885	10	20	4	3.1
id-03886	1	2	29	3.4
id-03887	10	17	18	4.8
id-03888	5	6	9	3.0
id-03889	4	6	10	3.1
id-03890	4	3	28	3.3
id-03891	7	7	23	3.1
id-03892	6	2	8	3.8
id-03893	5	4	24	4.6
id-03894	6	4	25	4.6
id-03895	3	3	30	4.2
id-03896	6	9	9	4.7
id-03897	8	2	7	3.8
id-03898	2	2	29	3.1
id-03899	10	4	14	3.6
id-03900	2	4	17	4.7
id-03901	4	7	3	4.8
id-03902	10	12	24	4.6
id-03903	8	4	29	4.2
id-03904	1	2	8	4.5
id-03905	5	2	13	3.8
id-03906	3	3	17	3.4
id-03907	7	6	23	3.9
id-03908	9	17	17	3.3
id-03909	9	10	29	3.7
id-03910	3	2	6	3.2
id-03911	1	2	23	4.4
id-03912	9	16	16	4.3
id-03913	3	4	23	3.8
id-03914	7	14	9	4.6
id-03915	3	3	14	3.4
id-03916	6	5	12	3.4
id-03917	1	2	23	4.4
id-03918	9	7	12	3.1
id-03919	5	4	19	3.9
id-03920	3	4	2	3.7
id-03921	9	12	28	3.7
id-03922	1	2	3	4.1
id-03923	5	7	13	3.0
id-03924	10	8	19	4.7
id-03925	7	6	3	3.1
id-03926	5	8	11	3.1
id-03927	8	16	30	3.0
id-03928	8	16	30	4.4
id-03929	7	7	28	3.2
id-03930	9	11	7	4.2
id-03931	9	4	27	3.0
id-03932	6	8	6	4.6
id-03933	5	6	30	4.4
id-03934	5	10	4	4.2
id-03935	6	10	20	3.5
id-03936	4	4	14	3.6
id-03937	7	13	12	4.9
id-03938	10	4	22	4.8
id-03939	10	14	29	4.5
id-03940	7	14	23	3.1
id-03941	7	6	17	4.2
id-03942	1	2	2	5.0
id-03943	5	2	20	4.8
id-03944	4	7	9	4.2
id-03945	7	12	2	3.3
id-03946	8	2	20	4.7
id-03947	3	2	3	4.8
id-03948	8	13	27	4.4
id-03949	10	16	26	4.9
id-03950	5	9	23	4.7
id-03951	6	10	4	3.3
id-03952	6	12	17	4.5
id-03953	10	3	13	4.4
id-03954	7	11	4	4.0
id-03955	1	2	8	4.3
id-03956	2	4	17	3.8
id-03957	7	7	27	3.8
id-03958	2	4	22	4.1
id-03959	4	2	19	3.8
id-03960	5	9	19	3.1
id-03961	7	10	17	4.2
id-03962	5	4	17	4.8
id-03963	4	8	26	4.2
id-03964	10	16	13	4.9
id-03965	4	4	12	3.1
id-03966	1	2	26	3.1
id-03967	9	16	7	3.4
id-03968	2	2	24	4.9
id-03969	5	3	23	3.3
id-03970	2	2	24	3.2
id-03971	8	13	2	3.5
id-03972	3	6	26	3.3
id-03973	9	13	15	4.1
id-03974	5	3	6	4.9
id-03975	7	8	25	4.9
id-03976	5	4	12	4.1
id-03977	3	4	15	4.7
id-03978	7	8	24	4.6
id-03979	9	4	24	3.2
id-03980	2	4	26	3.9
id-03981	1	2	30	4.5
id-03982	10	19	21	3.3
id-03983	7	8	22	3.9
id-03984	6	11	27	3.7
id-03985	8	6	15	4.9
id-03986	10	2	17	3.1
id-03987	5	4	15	3.6
id-03988	9	2	2	4.2
id-03989	9	12	12	3.4
id-03990	5	9	12	3.8
id-03991	9	3	6	4.0
id-03992	10	17	2	3.6
id-03993	7	5	28	5.0
id-03994	6	11	18	3.2
id-03995	4	6	14	3.4
id-03996	2	3	6	4.1
id-03997	6	8	9	3.7
id-03998	2	4	30	3.7
id-03999	9	11	21	3.2
id-04000	5	5	12	4.4
id-04001	8	13	18	3.6
id-04002	3	5	21	3.7
id-04003	1	2	19	3.0
id-04004	3	6	11	4.7
id-04005	10	20	30	3.8
id-04006	5	4	19	3.0
id-04007	3	3	18	4.0
id-04008	2	4	17	4.5
id-04009	6	3	15	4.4
id-04010	10	9	7	4.4
id-04011	5	10	20	3.3
id-04012	1	2	15	4.5
id-04013	1	2	14	3.7
id-04014	4	8	13	3.4
id-04015	2	3	8	3.4
id-04016	10	9	7	4.2
id-04017	10	18	25	4.3
id-04018	5	5	15	4.0
id-04019	10	20	18	4.6
id-04020	4	8	24	4.8
id-04021	10	13	16	3.1
id-04022	2	2	29	3.3
id-04023	8	11	27	4.7
id-04024	5	3	22	4.9
id-04025	2	2	11	4.2
id-04026	3	2	24	4.1
id-04027	3	5	1	4.6
id-04028	6	9	9	4.9
id-04029	2	3	14	3.6
id-04030	8	9	19	4.5
id-04031	10	2	4	3.8
id-04032	5	5	11	3.8
id-04033	7	4	21	4.2
id-04034	1	2	22	4.0
id-04035	2	4	4	3.2
id-04036	4	6	5	4.6
id-04037	5	3	23	3.4
id-04038	6	10	24	3.6
id-04039	4	7	30	3.5
id-04040	5	10	17	4.1
id-04041	9	16	2	3.5
id-04042	7	2	6	3.0
id-04043	5	4	19	4.0
id-04044	1	2	4	4.8
id-04045	8	7	4	4.8
id-04046	8	5	22	4.4
id-04047	4	7	17	3.1
id-04048	7	4	30	3.6
id-04049	5	5	28	3.7
id-04050	5	3	3	3.4
id-04051	5	6	4	4.5
id-04052	8	11	9	3.6
id-04053	4	2	29	3.7
id-04054	2	2	28	3.6
id-04055	8	7	16	4.6
id-04056	5	6	19	4.6
id-04057	2	2	22	3.6
id-04058	5	10	14	3.1
id-04059	4	7	20	4.9
id-04060	2	3	3	4.9
id-04061	6	2	8	3.4
id-04062	2	3	5	3.5
id-04063	4	5	17	3.4
id-04064	3	3	26	3.1
id-04065	5	2	12	4.3
id-04066	9	9	23	3.9
id-04067	5	9	6	3.3
id-04068	8	16	15	3.8
id-04069	9	7	29	3.6
id-04070	6	12	2	3.6
id-04071	4	5	3	5.0
id-04072	1	2	18	4.5
id-04073	2	2	5	3.3
id-04074	10	3	22	4.0
id-04075	7	2	30	3.5
id-04076	5	10	24	4.2
id-04077	9	6	9	3.7
id-04078	6	5	16	4.5
id-04079	1	2	10	3.4
id-04080	8	15	16	3.8
id-04081	2	4	30	3.2
id-04082	10	20	5	3.1
id-04083	10	17	28	3.5
id-04084	2	2	30	3.5
id-04085	5	10	8	4.7
id-04086	8	7	8	3.7
id-04087	2	4	6	4.9
id-04088	10	2	19	4.6
id-04089	9	16	5	4.0
id-04090	1	2	8	4.5
id-04091	5	6	3	4.3
id-04092	3	6	8	4.7
id-04093	10	12	30	4.5
id-04094	2	4	12	3.4
id-04095	10	4	1	3.1
id-04096	3	6	26	3.6
id-04097	8	9	11	3.3
id-04098	8	9	11	4.5
id-04099	7	3	27	4.8
id-04100	7	2	3	4.9
id-04101	4	2	22	4.8
id-04102	9	14	21	4.6
id-04103	1	2	12	4.5
id-04104	3	4	8	4.1
id-04105	9	9	4	3.0
id-04106	4	4	24	4.8
id-04107	1	2	5	4.7
id-04108	1	2	6	3.7
id-04109	5	9	11	3.4
id-04110	7	14	23	4.0
id-04111	4	8	15	4.6
id-04112	4	8	6	3.5
id-04113	2	4	7	4.3
id-04114	1	2	30	3.5
id-04115	7	2	6	3.4
id-04116	3	3	24	4.7
id-04117	1	2	17	4.8
id-04118	5	9	22	4.1
id-04119	5	7	17	4.1
id-04120	2	2	2	4.6
id-04121	4	4	10	3.3
id-04122	3	4	3	3.5
id-04123	2	2	13	3.2
id-04124	1	2	20	4.4
id-04125	8	9	22	4.1
id-04126	3	2	1	4.9
id-04127	8	11	11	3.2
id-04128	3	2	5	4.8
id-04129	8	9	4	3.7
id-04130	10	19	17	4.4
id-04131	4	3	18	4.8
id-04132	10	14	11	4.0
id-04133	2	3	8	3.2
id-04134	8	11	13	4.9
id-04135	2	4	28	4.6
id-04136	7	9	17	4.6
id-04137	5	9	27	4.2
id-04138	6	12	18	4.6
id-04139	4	2	5	4.1
id-04140	4	2	24	4.4
id-04141	10	20	29	3.2
id-04142	10	8	29	3.7
id-04143	7	4	13	4.0
id-04144	9	10	12	3.5
id-04145	10	10	26	3.5
id-04146	5	8	19	4.6
id-04147	8	10	24	4.3
id-04148	5	8	19	3.8
id-04149	3	4	16	3.6
id-04150	7	3	20	3.4
id-04151	2	2	13	3.5
id-04152	7	12	16	4.4
id-04153	7	10	3	3.0
id-04154	3	2	22	3.7
id-04155	10	4	29	4.6
id-04156	6	12	6	4.9
id-04157	4	3	26	3.7
id-04158	3	4	12	4.9
id-04159	8	12	19	4.7
id-04160	8	14	7	4.1
id-04161	5	2	28	4.7
id-04162	6	7	2	4.6
id-04163	2	2	26	4.6
id-04164	5	6	28	4.1
id-04165	5	5	10	4.3
id-04166	6	12	22	4.2
id-04167	7	9	15	3.6
id-04168	10	9	9	3.4
id-04169	7	14	27	4.4
id-04170	2	4	7	3.6
id-04171	10	17	19	4.8
id-04172	4	3	27	3.2
id-04173	1	2	7	4.9
id-04174	4	5	9	3.7
id-04175	10	5	1	3.2
id-04176	5	4	27	3.9
id-04177	10	6	26	3.0
id-04178	8	12	16	4.8
id-04179	6	2	17	4.6
id-04180	8	2	21	4.0
id-04181	10	3	7	4.8
id-04182	2	4	23	3.7
id-04183	8	5	29	4.1
id-04184	1	2	30	3.6
id-04185	8	16	12	4.7
id-04186	10	11	5	4.6
id-04187	5	9	18	3.3
id-04188	10	4	10	4.3
id-04189	7	7	19	4.0
id-04190	9	6	5	4.1
id-04191	5	10	24	4.4
id-04192	7	9	27	4.4
id-04193	5	2	11	3.2
id-04194	10	11	13	4.7
id-04195	5	2	10	4.7
id-04196	5	4	21	3.8
id-04197	1	2	15	3.3
id-04198	4	7	10	4.5
id-04199	8	11	2	3.4
id-04200	10	4	19	4.5
id-04201	1	2	29	4.6
id-04202	2	4	10	3.9
id-04203	5	8	28	4.6
id-04204	3	2	29	4.9
id-04205	5	8	30	3.4
id-04206	4	5	13	4.9
id-04207	3	4	28	3.6
id-04208	7	8	12	3.0
id-04209	8	12	11	4.1
id-04210	4	7	19	3.8
id-04211	4	8	14	3.4
id-04212	1	2	17	4.5
id-04213	1	2	21	5.0
id-04214	6	10	12	3.2
id-04215	6	6	22	4.4
id-04216	5	5	1	3.9
id-04217	8	2	28	3.4
id-04218	6	9	24	3.2
id-04219	7	6	1	4.6
id-04220	8	5	29	4.6
id-04221	3	2	11	3.5
id-04222	6	9	30	4.2
id-04223	2	4	12	4.8
id-04224	1	2	25	3.3
id-04225	2	3	5	3.9
id-04226	10	8	28	4.3
id-04227	2	3	3	3.7
id-04228	3	3	9	3.6
id-04229	1	2	5	3.3
id-04230	10	17	1	3.5
id-04231	3	4	19	4.3
id-04232	8	10	18	4.5
id-04233	10	13	4	4.8
id-04234	8	10	4	4.6
id-04235	4	3	21	4.5
id-04236	6	3	30	3.8
id-04237	5	7	18	4.2
id-04238	5	3	13	4.5
id-04239	6	5	26	3.7
id-04240	3	2	18	4.6
id-04241	5	6	1	4.4
id-04242	10	15	28	4.6
id-04243	8	11	1	4.4
id-04244	7	5	24	3.4
id-04245	4	8	27	4.2
id-04246	6	10	3	3.9
id-04247	10	15	25	4.3
id-04248	3	4	9	4.3
id-04249	2	3	25	3.4
id-04250	10	4	29	3.2
id-04251	10	20	22	3.7
id-04252	3	2	3	3.4
id-04253	9	9	5	3.1
id-04254	1	2	19	3.4
id-04255	10	12	14	4.2
id-04256	5	9	4	4.7
id-04257	4	6	16	4.9
id-04258	1	2	7	4.7
id-04259	10	2	28	3.2
id-04260	5	10	8	4.6
id-04261	2	3	4	3.8
id-04262	8	13	6	4.2
id-04263	5	8	6	4.2
id-04264	5	10	26	4.4
id-04265	4	7	27	4.9
id-04266	4	3	6	4.7
id-04267	8	7	3	3.2
id-04268	1	2	3	3.1
id-04269	9	4	9	3.7
id-04270	5	6	15	3.3
id-04271	3	3	12	4.2
id-04272	1	2	14	4.8
id-04273	1	2	8	3.6
id-04274	9	18	22	4.3
id-04275	9	2	12	4.5
id-04276	4	2	18	3.6
id-04277	3	6	13	3.3
id-04278	9	13	11	5.0
id-04279	10	6	12	3.6
id-04280	6	12	24	3.0
id-04281	7	3	21	4.7
id-04282	2	2	19	3.8
id-04283	7	4	5	3.4
id-04284	1	2	7	4.2
id-04285	7	7	20	4.6
id-04286	3	3	28	4.4
id-04287	6	7	24	3.1
id-04288	3	3	21	4.8
id-04289	7	11	29	4.0
id-04290	9	13	29	4.5
id-04291	4	4	6	3.3
id-04292	1	2	21	4.9
id-04293	8	14	13	4.9
id-04294	3	6	18	3.2
id-04295	10	10	1	4.3
id-04296	8	15	2	4.2
id-04297	7	13	10	3.9
id-04298	7	10	6	3.2
id-04299	8	14	28	3.9
id-04300	2	4	17	4.0
id-04301	10	2	20	4.0
id-04302	5	6	28	3.6
id-04303	8	7	26	4.4
id-04304	9	7	10	4.9
id-04305	1	2	19	3.7
id-04306	10	14	29	3.4
id-04307	1	2	15	3.4
id-04308	4	8	7	4.5
id-04309	8	4	5	4.0
id-04310	2	4	29	4.5
id-04311	8	14	28	3.7
id-04312	2	4	15	4.2
id-04313	6	11	3	3.4
id-04314	8	2	22	3.4
id-04315	6	7	25	4.1
id-04316	8	9	1	4.8
id-04317	9	5	14	4.4
id-04318	10	4	13	4.2
id-04319	2	3	6	4.5
id-04320	7	9	30	3.5
id-04321	4	3	15	4.4
id-04322	2	2	5	3.7
id-04323	10	11	2	4.3
id-04324	10	2	11	4.6
id-04325	6	5	24	5.0
id-04326	5	9	26	4.9
id-04327	1	2	5	3.1
id-04328	10	14	12	3.1
id-04329	8	10	23	4.2
id-04330	8	13	30	4.5
id-04331	2	4	14	3.2
id-04332	6	7	26	4.3
id-04333	8	7	15	4.3
id-04334	4	8	21	4.5
id-04335	5	9	3	3.5
id-04336	3	3	19	4.0
id-04337	1	2	22	4.1
id-04338	8	13	10	3.0
id-04339	6	9	24	3.6
id-04340	2	3	6	3.5
id-04341	4	8	8	3.4
id-04342	6	6	28	4.2
id-04343	6	4	8	4.7
id-04344	2	3	27	3.2
id-04345	7	3	14	4.9
id-04346	9	9	3	4.5
id-04347	4	4	19	4.8
id-04348	7	12	19	4.5
id-04349	3	4	30	3.6
id-04350	4	7	8	3.8
id-04351	3	3	26	4.4
id-04352	10	15	29	4.7
id-04353	6	12	15	3.1
id-04354	3	5	17	3.1
id-04355	5	7	20	4.4
id-04356	8	3	11	3.9
id-04357	9	6	24	4.9
id-04358	7	9	24	4.1
id-04359	7	3	14	4.9
id-04360	7	9	18	4.7
id-04361	10	16	20	4.7
id-04362	4	5	27	3.2
id-04363	2	3	20	3.9
id-04364	6	3	21	3.3
id-04365	8	2	13	3.8
id-04366	3	3	7	4.8
id-04367	10	17	30	4.3
id-04368	8	10	8	4.4
id-04369	1	2	6	3.1
id-04370	1	2	13	3.0
id-04371	10	13	12	4.5
id-04372	1	2	17	3.5
id-04373	3	6	8	3.5
id-04374	8	11	2	3.5
id-04375	8	9	12	3.1
id-04376	9	8	7	3.2
id-04377	2	3	10	4.8
id-04378	10	18	22	4.2
id-04379	5	3	27	4.9
id-04380	10	11	30	4.7
id-04381	5	6	3	3.4
id-04382	4	5	15	3.2
id-04383	1	2	1	3.9
id-04384	4	3	18	3.6
id-04385	10	13	1	3.4
id-04386	7	8	21	4.9
id-04387	10	3	7	3.1
id-04388	8	3	25	4.8
id-04389	1	2	4	4.7
id-04390	5	4	1	4.7
id-04391	6	10	5	4.9
id-04392	2	3	23	4.1
id-04393	10	13	19	3.8
id-04394	4	7	29	4.1
id-04395	5	7	7	4.5
id-04396	1	2	19	4.4
id-04397	1	2	30	3.0
id-04398	4	6	15	4.4
id-04399	9	17	18	4.2
id-04400	3	5	12	4.6
id-04401	5	2	5	4.7
id-04402	2	2	1	4.7
id-04403	6	8	1	4.3
id-04404	10	7	17	4.6
id-04405	1	2	25	4.6
id-04406	9	11	18	4.5
id-04407	5	7	27	3.9
id-04408	1	2	17	4.0
id-04409	6	9	15	4.1
id-04410	8	4	11	4.3
id-04411	5	7	21	3.4
id-04412	4	2	1	4.7
id-04413	9	5	5	3.2
id-04414	1	2	3	4.4
id-04415	5	7	7	4.9
id-04416	5	7	4	3.2
id-04417	5	3	1	3.9
id-04418	3	6	16	4.1
id-04419	2	3	24	4.7
id-04420	7	14	11	5.0
id-04421	6	11	16	3.6
id-04422	10	20	15	4.2
id-04423	1	2	4	3.9
id-04424	2	3	18	4.3
id-04425	8	2	1	3.8
id-04426	1	2	16	4.6
id-04427	9	16	26	4.5
id-04428	1	2	6	3.9
id-04429	6	6	29	3.4
id-04430	5	10	19	4.0
id-04431	1	2	21	4.5
id-04432	10	4	6	3.8
id-04433	3	4	21	3.4
id-04434	1	2	13	3.6
id-04435	1	2	20	4.7
id-04436	9	15	28	3.3
id-04437	3	5	2	3.8
id-04438	2	3	14	5.0
id-04439	8	4	27	4.0
id-04440	8	9	28	3.8
id-04441	2	2	11	4.3
id-04442	8	5	8	3.9
id-04443	5	9	9	4.5
id-04444	5	4	3	3.3
id-04445	7	13	22	3.1
id-04446	4	6	27	3.5
id-04447	6	5	29	4.9
id-04448	8	12	6	4.3
id-04449	2	3	14	4.6
id-04450	6	10	23	3.5
id-04451	7	11	5	4.4
id-04452	10	11	7	3.9
id-04453	5	9	9	4.0
id-04454	5	5	17	3.3
id-04455	5	3	19	3.1
id-04456	6	2	29	4.2
id-04457	6	12	8	4.1
id-04458	5	3	28	3.1
id-04459	1	2	13	3.7
id-04460	4	8	22	4.8
id-04461	4	5	20	4.3
id-04462	8	6	21	3.4
id-04463	4	7	1	4.0
id-04464	4	5	10	4.3
id-04465	5	7	25	4.8
id-04466	2	2	15	4.1
id-04467	3	5	29	3.9
id-04468	9	11	28	3.1
id-04469	5	6	26	5.0
id-04470	7	8	14	3.5
id-04471	6	9	7	4.6
id-04472	2	2	19	4.0
id-04473	6	11	30	4.6
id-04474	2	3	30	4.8
id-04475	5	2	20	4.5
id-04476	2	2	25	4.3
id-04477	6	5	30	4.3
id-04478	8	15	14	4.4
id-04479	4	6	15	3.3
id-04480	1	2	17	3.0
id-04481	3	3	5	4.5
id-04482	1	2	6	4.6
id-04483	10	2	15	3.1
id-04484	7	11	17	4.8
id-04485	5	6	21	4.3
id-04486	5	6	21	3.2
id-04487	6	8	11	3.2
id-04488	7	9	5	3.8
id-04489	6	4	6	3.4
id-04490	1	2	21	3.3
id-04491	5	4	1	3.6
id-04492	4	3	13	3.8
id-04493	10	18	16	3.1
id-04494	10	20	7	3.1
id-04495	8	10	26	4.7
id-04496	8	7	11	3.9
id-04497	10	12	12	4.8
id-04498	1	2	4	4.5
id-04499	2	3	27	4.5
id-04500	4	2	1	4.0
id-04501	7	12	20	4.1
id-04502	3	2	29	3.5
id-04503	6	5	30	3.1
id-04504	3	2	14	4.7
id-04505	2	3	27	4.0
id-04506	1	2	3	3.4
id-04507	1	2	20	3.4
id-04508	6	11	6	3.9
id-04509	6	9	26	4.9
id-04510	7	3	18	4.0
id-04511	2	3	20	3.0
id-04512	10	6	17	3.5
id-04513	4	6	11	5.0
id-04514	8	15	6	4.3
id-04515	2	2	5	3.2
id-04516	3	3	25	3.7
id-04517	8	15	15	4.7
id-04518	1	2	14	4.0
id-04519	3	2	27	3.2
id-04520	9	15	20	3.5
id-04521	6	6	1	4.2
id-04522	10	17	16	4.9
id-04523	9	2	20	3.5
id-04524	9	2	12	3.9
id-04525	10	20	26	3.2
id-04526	2	4	24	3.6
id-04527	3	3	8	3.3
id-04528	4	6	21	3.4
id-04529	7	8	18	4.2
id-04530	10	16	21	3.4
id-04531	2	3	2	4.6
id-04532	1	2	9	3.5
id-04533	6	2	5	3.5
id-04534	4	5	1	4.5
id-04535	7	2	27	3.8
id-04536	2	3	15	4.1
id-04537	1	2	28	4.6
id-04538	6	5	15	4.9
id-04539	4	6	11	5.0
id-04540	8	12	24	3.3
id-04541	4	3	14	4.3
id-04542	1	2	9	3.8
id-04543	9	13	14	3.7
id-04544	7	3	18	4.0
id-04545	6	11	17	4.7
id-04546	3	4	6	4.2
id-04547	8	10	23	4.0
id-04548	10	2	29	4.9
id-04549	4	6	4	5.0
id-04550	4	6	16	3.4
id-04551	6	11	24	4.1
id-04552	4	2	14	3.5
id-04553	7	11	5	4.3
id-04554	2	2	25	4.5
id-04555	3	2	29	3.5
id-04556	10	11	10	4.5
id-04557	8	4	11	3.2
id-04558	2	2	30	3.5
id-04559	6	2	6	3.9
id-04560	3	3	1	4.3
id-04561	1	2	3	3.5
id-04562	1	2	16	4.8
id-04563	4	5	24	4.1
id-04564	1	2	2	3.9
id-04565	5	7	4	3.7
id-04566	10	20	14	3.9
id-04567	3	2	21	4.1
id-04568	2	2	2	4.7
id-04569	6	5	25	3.2
id-04570	8	2	1	4.5
id-04571	5	3	17	3.3
id-04572	4	2	12	3.4
id-04573	1	2	23	3.7
id-04574	4	4	13	3.6
id-04575	1	2	30	4.6
id-04576	4	4	19	3.1
id-04577	5	10	15	4.5
id-04578	8	5	29	4.8
id-04579	4	7	1	3.2
id-04580	6	5	8	3.6
id-04581	8	14	14	4.4
id-04582	3	2	20	3.9
id-04583	4	5	29	3.5
id-04584	9	11	11	4.5
id-04585	4	7	21	3.1
id-04586	7	13	18	4.9
id-04587	4	4	11	4.9
id-04588	6	12	7	3.4
id-04589	4	3	26	3.1
id-04590	10	9	20	4.0
id-04591	2	2	30	3.7
id-04592	1	2	19	3.3
id-04593	9	2	11	3.0
id-04594	8	12	19	3.1
id-04595	2	3	7	4.0
id-04596	7	4	23	3.3
id-04597	4	5	18	3.8
id-04598	3	5	30	3.8
id-04599	5	10	15	4.7
id-04600	3	2	5	3.4
id-04601	3	5	26	4.7
id-04602	9	8	12	4.0
id-04603	9	5	2	3.5
id-04604	6	3	2	4.9
id-04605	5	5	27	4.5
id-04606	10	9	28	3.5
id-04607	1	2	17	3.1
id-04608	3	6	3	4.8
id-04609	7	11	20	4.2
id-04610	10	16	14	3.1
id-04611	1	2	19	4.4
id-04612	8	8	19	4.9
id-04613	1	2	3	3.8
id-04614	2	3	7	4.5
id-04615	6	8	22	4.3
id-04616	10	13	4	4.1
id-04617	5	2	25	4.1
id-04618	6	5	15	4.3
id-04619	9	17	6	4.9
id-04620	1	2	18	4.5
id-04621	7	12	16	3.1
id-04622	6	5	8	3.6
id-04623	8	12	7	4.8
id-04624	1	2	11	4.4
id-04625	1	2	13	3.4
id-04626	8	10	22	4.2
id-04627	7	7	7	3.7
id-04628	1	2	8	3.2
id-04629	6	4	18	4.3
id-04630	9	7	12	4.7
id-04631	2	3	14	4.5
id-04632	8	3	1	4.4
id-04633	6	9	4	3.6
id-04634	10	20	24	4.1
id-04635	1	2	21	3.4
id-04636	10	17	1	4.6
id-04637	1	2	11	4.6
id-04638	8	16	14	4.4
id-04639	7	6	13	3.1
id-04640	2	3	20	3.8
id-04641	1	2	17	4.2
id-04642	8	10	16	3.8
id-04643	4	8	24	4.9
id-04644	1	2	18	4.9
id-04645	10	5	3	4.1
id-04646	8	15	18	3.2
id-04647	7	5	26	3.8
id-04648	8	3	4	4.9
id-04649	5	3	21	4.1
id-04650	9	7	10	3.7
id-04651	9	12	11	3.6
id-04652	5	7	8	4.3
id-04653	5	7	20	4.9
id-04654	10	14	26	4.0
id-04655	6	8	22	4.9
id-04656	3	3	1	4.8
id-04657	10	19	19	4.5
id-04658	6	7	26	4.0
id-04659	6	8	15	4.3
id-04660	7	4	22	3.7
id-04661	7	10	26	3.9
id-04662	1	2	6	3.1
id-04663	7	9	14	4.1
id-04664	5	7	28	3.7
id-04665	8	6	12	5.0
id-04666	3	3	6	3.6
id-04667	2	2	25	4.6
id-04668	6	11	9	4.3
id-04669	1	2	7	4.0
id-04670	9	18	11	4.1
id-04671	2	3	15	4.4
id-04672	3	2	5	3.3
id-04673	9	9	15	4.9
id-04674	6	4	30	3.5
id-04675	6	3	16	3.9
id-04676	1	2	1	4.6
id-04677	4	4	20	4.8
id-04678	4	4	6	3.0
id-04679	8	4	1	4.1
id-04680	8	3	3	3.1
id-04681	3	3	6	4.8
id-04682	9	11	7	3.1
id-04683	1	2	25	4.1
id-04684	7	11	11	3.3
id-04685	3	3	26	4.4
id-04686	10	13	14	3.7
id-04687	3	6	2	3.0
id-04688	8	11	3	3.0
id-04689	2	3	6	3.1
id-04690	1	2	14	4.3
id-04691	9	10	17	3.1
id-04692	5	7	1	3.6
id-04693	2	2	7	4.5
id-04694	3	3	27	3.3
id-04695	6	3	17	4.6
id-04696	8	15	8	3.4
id-04697	4	2	30	3.8
id-04698	7	5	13	4.8
id-04699	5	4	12	5.0
id-04700	4	4	13	3.6
id-04701	1	2	6	3.5
id-04702	4	3	17	5.0
id-04703	6	12	5	3.4
id-04704	2	4	30	3.5
id-04705	1	2	7	4.0
id-04706	3	3	6	3.9
id-04707	5	9	14	4.4
id-04708	2	3	25	4.6
id-04709	2	3	15	3.9
id-04710	10	8	30	3.3
id-04711	7	6	19	3.3
id-04712	6	12	19	4.0
id-04713	2	2	1	3.9
id-04714	8	5	3	3.6
id-04715	7	6	28	3.2
id-04716	8	11	15	3.5
id-04717	5	9	19	3.8
id-04718	8	15	6	3.1
id-04719	7	14	15	4.1
id-04720	10	14	28	4.2
id-04721	3	3	22	3.4
id-04722	1	2	30	4.2
id-04723	1	2	16	4.9
id-04724	1	2	23	4.4
id-04725	6	5	29	4.7
id-04726	5	2	30	4.9
id-04727	10	12	3	3.7
id-04728	6	4	19	5.0
id-04729	1	2	29	4.2
id-04730	4	6	16	3.9
id-04731	7	8	23	3.7
id-04732	8	13	26	4.5
id-04733	6	12	12	4.5
id-04734	2	2	21	3.5
id-04735	2	2	10	4.9
id-04736	5	3	24	3.8
id-04737	2	2	19	3.1
id-04738	7	11	21	4.8
id-04739	5	9	1	3.2
id-04740	4	4	2	3.6
id-04741	3	4	3	4.4
id-04742	7	4	27	4.1
id-04743	6	8	28	4.2
id-04744	3	4	9	3.2
id-04745	4	7	3	3.9
id-04746	2	4	10	4.1
id-04747	5	7	8	3.1
id-04748	8	12	12	4.6
id-04749	2	4	24	4.2
id-04750	5	4	2	3.7
id-04751	10	6	29	3.8
id-04752	7	10	16	4.5
id-04753	3	4	13	4.0
id-04754	4	7	29	3.4
id-04755	10	12	27	3.9
id-04756	7	8	4	3.7
id-04757	5	7	16	3.5
id-04758	3	2	30	4.8
id-04759	8	8	22	3.8
id-04760	4	6	5	3.8
id-04761	7	3	27	4.5
id-04762	8	15	17	3.4
id-04763	1	2	30	3.1
id-04764	10	6	20	4.5
id-04765	1	2	28	4.3
id-04766	4	8	26	4.9
id-04767	6	2	21	3.7
id-04768	7	4	3	4.0
id-04769	10	9	20	4.7
id-04770	6	8	20	3.4
id-04771	10	20	9	4.4
id-04772	9	11	11	3.3
id-04773	5	10	9	4.3
id-04774	1	2	11	4.6
id-04775	1	2	17	4.9
id-04776	4	7	17	4.1
id-04777	5	4	10	3.3
id-04778	10	16	22	3.0
id-04779	3	5	12	3.6
id-04780	3	4	24	4.0
id-04781	5	5	30	3.7
id-04782	7	14	10	3.3
id-04783	8	6	12	4.1
id-04784	8	7	9	3.4
id-04785	4	8	25	3.8
id-04786	4	5	12	4.4
id-04787	6	3	4	3.6
id-04788	9	2	2	3.1
id-04789	10	7	16	3.9
id-04790	9	15	19	4.7
id-04791	10	7	12	5.0
id-04792	9	9	29	4.6
id-04793	3	3	25	3.8
id-04794	7	10	11	3.1
id-04795	6	6	27	4.5
id-04796	8	3	6	4.6
id-04797	4	2	15	4.5
id-04798	7	9	21	3.6
id-04799	6	7	29	4.8
id-04800	5	10	13	4.0
id-04801	8	3	18	4.2
id-04802	2	2	5	4.9
id-04803	7	5	14	4.6
id-04804	6	12	6	4.8
id-04805	8	5	18	3.4
id-04806	6	12	24	4.1
id-04807	7	6	4	4.2
id-04808	7	3	5	3.8
id-04809	10	3	6	4.5
id-04810	2	4	18	4.9
id-04811	4	5	25	4.0
id-04812	1	2	4	4.3
id-04813	9	2	19	3.3
id-04814	8	3	12	3.3
id-04815	10	16	15	3.6
id-04816	2	2	27	3.9
id-04817	2	3	24	4.1
id-04818	8	7	26	4.9
id-04819	10	18	2	3.2
id-04820	8	6	1	4.2
id-04821	7	3	18	3.3
id-04822	10	3	27	3.9
id-04823	1	2	9	3.9
id-04824	8	14	21	4.3
id-04825	7	13	4	3.7
id-04826	7	14	3	3.4
id-04827	4	7	18	4.1
id-04828	1	2	20	3.5
id-04829	10	4	13	4.9
id-04830	7	13	24	4.0
id-04831	8	8	26	3.3
id-04832	5	5	20	3.9
id-04833	2	3	26	4.4
id-04834	10	8	22	3.7
id-04835	2	2	20	4.8
id-04836	4	3	12	3.9
id-04837	2	3	29	3.1
id-04838	5	8	5	3.2
id-04839	7	11	3	4.1
id-04840	6	12	18	4.7
id-04841	8	6	29	4.5
id-04842	3	4	29	4.4
id-04843	6	8	16	3.9
id-04844	8	2	12	4.5
id-04845	6	12	11	3.2
id-04846	2	4	25	3.6
id-04847	8	10	27	4.3
id-04848	9	7	2	5.0
id-04849	8	9	21	4.6
id-04850	6	12	26	3.9
id-04851	4	4	3	3.7
id-04852	10	13	6	4.5
id-04853	10	11	22	3.8
id-04854	3	3	25	5.0
id-04855	1	2	8	4.5
id-04856	3	4	3	4.7
id-04857	5	6	9	4.9
id-04858	2	4	12	4.3
id-04859	10	4	19	3.9
id-04860	10	8	2	4.4
id-04861	1	2	27	4.6
id-04862	6	6	16	3.9
id-04863	10	14	9	3.9
id-04864	4	7	11	4.6
id-04865	8	8	3	3.3
id-04866	9	16	23	3.4
id-04867	2	4	3	4.7
id-04868	1	2	18	3.7
id-04869	5	6	20	3.4
id-04870	3	4	12	4.2
id-04871	9	10	24	3.9
id-04872	8	14	17	4.1
id-04873	2	4	18	4.4
id-04874	9	13	25	3.8
id-04875	9	10	15	3.4
id-04876	8	6	12	4.6
id-04877	8	14	20	4.1
id-04878	6	4	1	4.7
id-04879	7	12	18	3.6
id-04880	4	8	27	3.2
id-04881	4	3	4	3.8
id-04882	5	5	5	4.0
id-04883	2	4	20	3.9
id-04884	6	9	9	4.8
id-04885	2	3	17	4.9
id-04886	10	18	7	3.5
id-04887	8	3	12	3.9
id-04888	10	10	24	4.7
id-04889	7	10	29	4.8
id-04890	10	9	10	3.3
id-04891	6	12	1	3.8
id-04892	4	5	2	3.7
id-04893	2	2	5	3.9
id-04894	8	5	2	4.3
id-04895	8	5	24	3.8
id-04896	8	15	8	4.7
id-04897	7	3	1	4.6
id-04898	7	7	18	4.2
id-04899	9	7	10	4.8
id-04900	8	2	9	3.5
id-04901	2	3	11	5.0
id-04902	8	9	4	3.8
id-04903	1	2	7	3.1
id-04904	10	6	28	4.5
id-04905	9	4	9	3.7
id-04906	5	7	17	3.5
id-04907	4	3	12	3.4
id-04908	2	2	10	3.7
id-04909	1	2	18	3.4
id-04910	8	7	10	3.8
id-04911	6	4	24	4.1
id-04912	10	5	10	3.0
id-04913	9	17	29	3.2
id-04914	9	17	12	3.4
id-04915	5	5	17	4.3
id-04916	8	7	29	4.1
id-04917	8	8	2	4.9
id-04918	2	4	18	4.6
id-04919	3	5	26	3.9
id-04920	9	12	24	3.1
id-04921	10	15	27	4.8
id-04922	6	5	30	3.6
id-04923	8	16	11	3.5
id-04924	9	10	13	3.7
id-04925	9	13	15	4.6
id-04926	7	9	28	4.9
id-04927	5	7	12	4.6
id-04928	4	2	14	3.9
id-04929	3	4	8	3.5
id-04930	6	8	13	3.7
id-04931	2	2	15	3.4
id-04932	7	5	19	5.0
id-04933	6	12	8	3.5
id-04934	4	4	22	3.1
id-04935	10	19	20	4.1
id-04936	3	4	7	3.9
id-04937	3	2	8	3.2
id-04938	5	5	1	4.8
id-04939	1	2	4	4.1
id-04940	1	2	3	3.5
id-04941	7	13	20	4.6
id-04942	7	11	14	4.8
id-04943	2	3	2	3.8
id-04944	2	3	8	3.5
id-04945	9	8	29	4.5
id-04946	4	5	23	3.8
id-04947	7	7	14	3.8
id-04948	9	4	14	3.8
id-04949	6	4	24	4.2
id-04950	7	3	4	4.5
id-04951	1	2	11	3.4
id-04952	4	2	18	3.0
id-04953	3	4	12	4.9
id-04954	2	4	14	4.7
id-04955	5	3	9	4.9
id-04956	4	2	25	4.5
id-04957	10	2	15	3.6
id-04958	3	5	29	3.4
id-04959	4	8	2	4.4
id-04960	8	5	8	3.0
id-04961	9	2	14	4.8
id-04962	8	3	25	3.8
id-04963	5	4	1	4.7
id-04964	10	9	17	4.2
id-04965	9	18	25	4.8
id-04966	3	5	5	3.1
id-04967	2	2	20	4.2
id-04968	9	16	23	4.2
id-04969	4	5	24	4.2
id-04970	2	4	18	3.6
id-04971	3	4	21	4.4
id-04972	4	8	14	3.8
id-04973	8	9	14	4.1
id-04974	1	2	9	3.8
id-04975	6	6	14	3.8
id-04976	3	6	2	3.0
id-04977	9	13	2	3.8
id-04978	7	12	7	4.5
id-04979	8	16	4	3.9
id-04980	3	3	25	4.6
id-04981	3	5	13	4.9
id-04982	5	4	23	3.3
id-04983	3	2	19	3.6
id-04984	3	4	10	4.8
id-04985	8	8	12	4.9
id-04986	5	9	21	4.3
id-04987	7	13	19	3.4
id-04988	5	7	13	4.4
id-04989	10	11	20	4.4
id-04990	2	4	26	4.0
id-04991	10	3	18	4.4
id-04992	6	4	4	4.3
id-04993	9	11	25	4.9
id-04994	8	15	4	4.5
id-04995	7	14	4	3.5
id-04996	7	2	26	5.0
id-04997	2	3	6	3.3
id-04998	8	12	27	4.2
id-04999	8	9	28	4.0
id-05000	1	2	10	3.9
id-05001	10	3	16	3.0
id-05002	2	3	28	4.2
id-05003	3	3	20	4.7
id-05004	3	6	23	3.2
id-05005	10	19	12	4.5
id-05006	7	11	22	3.2
id-05007	3	6	20	4.3
id-05008	1	2	15	4.1
id-05009	3	5	11	4.5
id-05010	9	18	20	3.8
id-05011	7	12	17	4.1
id-05012	6	10	4	3.7
id-05013	4	5	4	3.4
id-05014	6	10	30	4.7
id-05015	8	9	7	3.1
id-05016	7	9	7	3.5
id-05017	6	8	27	3.7
id-05018	10	4	14	4.0
id-05019	10	16	2	4.6
id-05020	5	4	2	4.7
id-05021	6	7	1	4.9
id-05022	5	9	22	4.7
id-05023	2	4	9	4.4
id-05024	9	16	27	4.2
id-05025	4	6	13	3.9
id-05026	3	2	21	4.6
id-05027	5	6	27	3.8
id-05028	5	3	16	4.9
id-05029	1	2	27	3.7
id-05030	2	4	23	4.6
id-05031	4	8	8	3.3
id-05032	8	11	27	3.0
id-05033	3	2	1	3.2
id-05034	2	4	27	4.8
id-05035	8	8	24	3.8
id-05036	8	12	7	4.1
id-05037	5	5	14	3.4
id-05038	6	10	28	3.4
id-05039	5	3	27	3.2
id-05040	3	3	28	4.0
id-05041	2	2	17	4.1
id-05042	6	5	11	4.7
id-05043	10	5	15	3.2
id-05044	4	7	29	3.0
id-05045	5	10	12	4.7
id-05046	5	4	12	4.4
id-05047	3	3	29	4.1
id-05048	5	6	8	3.8
id-05049	8	9	5	3.1
id-05050	5	3	20	4.1
id-05051	6	4	20	4.6
id-05052	2	2	29	4.6
id-05053	4	3	11	3.7
id-05054	1	2	24	3.6
id-05055	2	4	13	4.3
id-05056	5	2	11	3.6
id-05057	6	12	7	3.2
id-05058	9	15	29	4.9
id-05059	5	5	1	4.3
id-05060	6	3	7	3.1
id-05061	10	19	8	5.0
id-05062	4	6	12	4.7
id-05063	2	3	24	4.1
id-05064	2	3	7	5.0
id-05065	8	8	16	4.9
id-05066	9	3	30	3.2
id-05067	1	2	11	3.5
id-05068	8	11	29	3.2
id-05069	10	19	16	3.2
id-05070	4	3	24	4.1
id-05071	5	8	27	3.6
id-05072	6	4	28	3.0
id-05073	6	12	7	3.9
id-05074	3	2	15	4.3
id-05075	9	18	2	4.2
id-05076	1	2	19	3.7
id-05077	7	14	28	3.6
id-05078	9	17	5	4.8
id-05079	3	2	20	3.0
id-05080	5	4	23	3.5
id-05081	4	2	2	4.1
id-05082	9	11	6	3.6
id-05083	9	8	18	4.9
id-05084	9	9	22	3.6
id-05085	7	9	16	4.0
id-05086	1	2	14	3.2
id-05087	8	15	11	3.0
id-05088	3	5	27	3.5
id-05089	3	4	7	3.8
id-05090	5	5	21	4.5
id-05091	9	17	27	3.1
id-05092	4	7	26	4.8
id-05093	9	3	12	3.9
id-05094	1	2	1	4.5
id-05095	4	7	10	3.9
id-05096	1	2	7	4.2
id-05097	3	4	22	4.2
id-05098	5	9	26	4.5
id-05099	5	4	20	4.1
id-05100	4	2	5	3.4
id-05101	4	6	6	3.9
id-05102	9	10	15	3.2
id-05103	7	11	9	3.1
id-05104	3	4	19	4.5
id-05105	7	7	22	3.1
id-05106	6	4	18	3.4
id-05107	2	2	20	4.8
id-05108	5	3	30	3.9
id-05109	6	2	12	4.3
id-05110	2	2	11	4.2
id-05111	9	8	24	4.0
id-05112	6	12	10	4.0
id-05113	9	7	6	3.1
id-05114	2	2	26	3.3
id-05115	9	17	9	3.8
id-05116	2	4	30	4.5
id-05117	8	10	13	3.3
id-05118	8	13	16	4.1
id-05119	6	12	19	4.4
id-05120	1	2	23	3.8
id-05121	1	2	29	3.3
id-05122	3	6	29	3.1
id-05123	1	2	20	5.0
id-05124	8	11	22	3.7
id-05125	10	6	23	4.1
id-05126	9	16	13	4.9
id-05127	3	4	10	4.8
id-05128	10	17	16	4.4
id-05129	8	3	30	4.3
id-05130	9	10	19	3.1
id-05131	1	2	18	3.7
id-05132	8	15	7	4.6
id-05133	10	5	12	3.3
id-05134	2	4	8	3.5
id-05135	9	7	23	4.9
id-05136	3	6	4	5.0
id-05137	1	2	22	3.4
id-05138	4	5	29	5.0
id-05139	3	6	16	3.6
id-05140	2	3	16	3.5
id-05141	5	10	14	3.5
id-05142	4	3	19	3.1
id-05143	1	2	30	4.0
id-05144	2	3	14	4.8
id-05145	10	19	18	4.7
id-05146	3	4	9	3.6
id-05147	8	3	25	3.1
id-05148	1	2	24	3.9
id-05149	9	10	28	4.1
id-05150	3	4	7	3.4
id-05151	5	7	29	4.9
id-05152	2	4	17	3.6
id-05153	6	4	15	4.4
id-05154	5	9	23	3.3
id-05155	1	2	8	4.6
id-05156	8	2	15	4.4
id-05157	6	11	30	3.4
id-05158	2	2	30	4.5
id-05159	7	7	6	4.4
id-05160	2	3	24	3.9
id-05161	5	10	8	4.8
id-05162	4	8	8	3.4
id-05163	2	3	30	3.6
id-05164	1	2	18	3.6
id-05165	4	8	2	4.0
id-05166	10	20	14	4.9
id-05167	9	6	14	4.9
id-05168	3	6	22	3.7
id-05169	7	3	4	4.7
id-05170	7	5	27	3.4
id-05171	5	5	7	3.3
id-05172	5	9	26	4.3
id-05173	6	2	7	4.1
id-05174	5	3	25	4.1
id-05175	3	5	5	4.3
id-05176	2	3	18	4.2
id-05177	10	14	28	4.2
id-05178	3	5	17	3.3
id-05179	9	4	2	4.5
id-05180	6	7	2	3.3
id-05181	10	20	8	3.5
id-05182	9	9	2	4.2
id-05183	5	7	4	3.4
id-05184	3	3	19	4.5
id-05185	6	11	7	4.1
id-05186	8	8	12	4.9
id-05187	5	2	17	4.6
id-05188	1	2	13	3.9
id-05189	1	2	13	4.4
id-05190	4	5	19	3.6
id-05191	6	3	12	4.9
id-05192	2	3	4	4.7
id-05193	5	8	24	4.4
id-05194	10	14	19	3.5
id-05195	6	11	24	3.1
id-05196	9	5	12	3.1
id-05197	9	4	9	3.9
id-05198	10	3	25	3.0
id-05199	7	3	12	3.2
id-05200	6	6	3	3.1
id-05201	6	10	24	4.0
id-05202	8	16	13	3.4
id-05203	2	3	26	3.4
id-05204	3	6	5	4.3
id-05205	6	7	14	3.3
id-05206	10	9	27	4.1
id-05207	3	3	21	3.2
id-05208	9	12	20	4.5
id-05209	8	7	17	4.2
id-05210	5	3	18	3.5
id-05211	2	4	13	4.5
id-05212	2	2	27	4.5
id-05213	3	5	14	4.8
id-05214	4	2	1	3.2
id-05215	2	3	24	3.7
id-05216	1	2	12	3.0
id-05217	9	3	17	3.0
id-05218	7	9	8	4.0
id-05219	8	10	3	4.4
id-05220	1	2	23	3.1
id-05221	5	6	3	4.6
id-05222	9	2	14	4.6
id-05223	7	8	24	3.7
id-05224	3	4	9	3.5
id-05225	8	15	16	3.6
id-05226	2	4	20	3.6
id-05227	7	12	10	3.1
id-05228	8	14	20	3.9
id-05229	2	2	12	3.0
id-05230	6	6	10	4.7
id-05231	6	11	7	3.4
id-05232	5	6	9	3.7
id-05233	10	12	7	4.5
id-05234	6	10	13	4.3
id-05235	7	14	26	4.2
id-05236	2	4	18	4.0
id-05237	6	11	30	3.3
id-05238	4	6	7	4.7
id-05239	2	4	3	4.1
id-05240	6	7	4	4.7
id-05241	7	8	17	3.8
id-05242	2	4	4	4.0
id-05243	5	3	15	4.0
id-05244	4	8	11	3.7
id-05245	7	13	12	4.4
id-05246	10	11	9	4.3
id-05247	7	9	9	4.4
id-05248	6	8	11	4.6
id-05249	7	4	20	4.1
id-05250	1	2	27	3.3
id-05251	9	5	7	4.5
id-05252	8	8	19	4.8
id-05253	7	12	3	4.8
id-05254	5	10	15	4.8
id-05255	9	10	28	3.1
id-05256	10	2	12	4.7
id-05257	4	8	25	4.0
id-05258	6	11	28	4.8
id-05259	1	2	4	4.4
id-05260	6	3	17	4.2
id-05261	8	16	18	3.8
id-05262	4	4	13	4.1
id-05263	9	18	20	4.8
id-05264	8	11	8	4.7
id-05265	9	5	9	4.9
id-05266	1	2	2	3.1
id-05267	5	8	19	4.9
id-05268	2	3	15	4.2
id-05269	5	4	16	4.1
id-05270	4	2	29	3.0
id-05271	3	6	28	4.8
id-05272	5	7	15	4.8
id-05273	4	5	7	4.7
id-05274	4	3	17	4.1
id-05275	5	10	16	3.3
id-05276	3	4	4	3.2
id-05277	7	10	30	4.7
id-05278	4	3	12	3.1
id-05279	9	6	2	4.0
id-05280	9	8	20	4.9
id-05281	2	3	22	4.6
id-05282	6	11	28	4.2
id-05283	3	6	9	3.7
id-05284	2	3	17	4.7
id-05285	10	9	9	3.8
id-05286	6	2	16	3.5
id-05287	4	8	27	4.3
id-05288	4	3	4	4.0
id-05289	8	9	18	3.4
id-05290	8	3	16	4.4
id-05291	7	2	1	3.4
id-05292	3	5	10	4.4
id-05293	6	2	18	4.9
id-05294	2	2	3	3.2
id-05295	1	2	24	3.2
id-05296	6	11	23	3.4
id-05297	3	6	17	4.4
id-05298	3	5	17	4.3
id-05299	5	10	19	3.9
id-05300	2	4	3	4.0
id-05301	8	9	8	4.2
id-05302	4	7	17	3.5
id-05303	3	5	30	3.3
id-05304	7	10	24	3.7
id-05305	3	6	8	4.4
id-05306	3	4	8	3.3
id-05307	5	10	29	3.4
id-05308	10	19	28	3.6
id-05309	4	4	17	4.9
id-05310	6	12	30	3.1
id-05311	1	2	28	3.9
id-05312	1	2	4	3.2
id-05313	8	16	7	4.6
id-05314	2	3	1	3.5
id-05315	9	6	20	4.4
id-05316	2	3	13	3.6
id-05317	1	2	12	3.2
id-05318	8	13	8	4.6
id-05319	10	6	16	4.4
id-05320	3	5	5	3.7
id-05321	6	10	14	4.2
id-05322	7	8	11	4.3
id-05323	5	8	6	3.8
id-05324	8	4	30	3.6
id-05325	5	5	5	4.0
id-05326	9	14	21	3.3
id-05327	7	13	23	4.5
id-05328	8	13	16	4.8
id-05329	5	8	24	4.8
id-05330	10	13	29	3.9
id-05331	5	10	7	5.0
id-05332	4	8	6	4.3
id-05333	2	2	14	3.8
id-05334	7	14	6	3.8
id-05335	7	2	14	4.4
id-05336	4	2	26	4.7
id-05337	7	5	20	4.7
id-05338	5	3	27	4.4
id-05339	3	5	18	4.6
id-05340	9	14	20	3.8
id-05341	3	4	21	4.5
id-05342	1	2	15	4.8
id-05343	4	4	28	3.1
id-05344	9	13	8	5.0
id-05345	5	10	27	3.7
id-05346	8	13	5	4.5
id-05347	6	11	4	3.4
id-05348	6	8	6	3.9
id-05349	10	7	25	3.8
id-05350	10	19	10	3.1
id-05351	6	6	5	3.2
id-05352	1	2	4	3.2
id-05353	6	8	26	3.2
id-05354	9	4	21	4.9
id-05355	6	12	8	3.3
id-05356	3	5	6	3.6
id-05357	4	5	7	4.6
id-05358	2	2	22	4.1
id-05359	9	17	21	3.8
id-05360	10	10	6	4.1
id-05361	4	4	9	4.7
id-05362	3	3	29	4.4
id-05363	3	5	21	3.4
id-05364	10	20	21	3.7
id-05365	3	5	3	3.6
id-05366	5	6	3	3.4
id-05367	8	3	2	3.9
id-05368	6	10	16	4.3
id-05369	2	4	4	4.5
id-05370	10	17	13	4.2
id-05371	1	2	4	3.9
id-05372	5	2	28	4.9
id-05373	3	5	10	4.8
id-05374	9	15	12	4.3
id-05375	5	7	22	3.4
id-05376	5	2	28	4.2
id-05377	2	4	26	4.5
id-05378	7	10	22	4.8
id-05379	8	4	30	3.3
id-05380	7	13	3	3.7
id-05381	3	2	23	4.2
id-05382	7	3	25	3.3
id-05383	1	2	9	3.1
id-05384	2	4	28	4.9
id-05385	6	7	27	3.8
id-05386	10	10	29	3.1
id-05387	7	8	8	3.6
id-05388	9	11	12	3.7
id-05389	9	5	2	3.9
id-05390	1	2	13	4.5
id-05391	3	2	20	4.7
id-05392	9	15	23	4.8
id-05393	10	3	15	3.1
id-05394	1	2	26	3.6
id-05395	7	5	6	3.8
id-05396	7	2	12	3.9
id-05397	10	7	20	4.2
id-05398	9	13	5	3.3
id-05399	3	6	15	3.2
id-05400	2	3	19	4.9
id-05401	4	6	28	3.4
id-05402	9	14	13	4.1
id-05403	5	3	9	3.6
id-05404	2	2	2	4.3
id-05405	5	6	29	3.5
id-05406	6	8	20	4.2
id-05407	10	10	8	3.4
id-05408	1	2	23	4.5
id-05409	2	2	14	3.7
id-05410	5	10	21	3.8
id-05411	4	7	10	4.5
id-05412	9	17	29	4.2
id-05413	7	12	23	3.3
id-05414	6	11	4	4.3
id-05415	8	8	11	4.1
id-05416	9	14	12	3.1
id-05417	3	6	12	3.5
id-05418	5	10	21	4.4
id-05419	4	6	2	3.1
id-05420	4	5	21	3.6
id-05421	4	7	11	3.3
id-05422	7	2	20	3.5
id-05423	6	8	26	3.3
id-05424	8	3	12	4.8
id-05425	6	10	15	3.7
id-05426	7	7	18	3.3
id-05427	9	9	19	3.4
id-05428	1	2	17	3.3
id-05429	2	2	1	4.3
id-05430	9	13	17	4.4
id-05431	3	2	25	4.5
id-05432	3	5	12	4.7
id-05433	3	4	17	4.9
id-05434	4	2	12	4.5
id-05435	10	15	25	4.3
id-05436	6	9	6	5.0
id-05437	10	16	25	4.7
id-05438	3	5	2	4.4
id-05439	4	5	25	3.9
id-05440	5	6	11	4.0
id-05441	4	8	23	4.1
id-05442	1	2	30	3.5
id-05443	8	15	11	4.4
id-05444	10	17	18	4.9
id-05445	6	6	7	3.7
id-05446	8	6	9	3.6
id-05447	8	15	8	4.3
id-05448	7	3	23	3.3
id-05449	9	6	30	3.0
id-05450	5	9	17	4.5
id-05451	4	2	21	4.9
id-05452	8	5	28	3.5
id-05453	9	3	20	3.3
id-05454	6	9	25	4.7
id-05455	5	10	23	4.9
id-05456	8	14	15	3.2
id-05457	6	3	17	4.5
id-05458	6	7	30	4.4
id-05459	7	7	10	4.1
id-05460	4	5	16	3.1
id-05461	3	5	13	4.8
id-05462	1	2	26	4.7
id-05463	6	6	11	3.9
id-05464	8	15	30	3.3
id-05465	3	5	9	4.1
id-05466	8	9	1	3.8
id-05467	2	3	13	4.9
id-05468	5	4	13	4.0
id-05469	5	9	26	5.0
id-05470	10	8	7	4.3
id-05471	6	12	12	3.3
id-05472	9	13	3	3.4
id-05473	8	16	29	3.9
id-05474	6	4	13	3.9
id-05475	5	2	10	4.8
id-05476	2	3	15	4.7
id-05477	10	13	1	3.3
id-05478	4	7	28	4.6
id-05479	10	2	4	4.5
id-05480	3	4	11	4.1
id-05481	3	6	12	4.9
id-05482	3	4	8	3.1
id-05483	3	2	17	3.8
id-05484	8	3	18	4.2
id-05485	8	11	3	4.1
id-05486	9	3	16	3.0
id-05487	9	5	9	4.6
id-05488	3	6	8	3.5
id-05489	8	9	7	3.7
id-05490	9	8	15	4.0
id-05491	1	2	17	4.4
id-05492	5	6	7	3.4
id-05493	8	9	13	3.4
id-05494	3	4	21	3.3
id-05495	6	6	27	4.7
id-05496	7	14	19	4.0
id-05497	7	3	16	4.6
id-05498	7	14	4	3.4
id-05499	9	17	14	3.3
id-05500	3	5	2	4.5
id-05501	5	5	18	4.6
id-05502	2	4	23	5.0
id-05503	4	2	18	3.2
id-05504	6	10	8	4.4
id-05505	10	10	3	3.6
id-05506	8	11	27	3.3
id-05507	2	2	4	3.7
id-05508	9	8	18	3.6
id-05509	6	4	9	3.8
id-05510	5	5	17	3.9
id-05511	4	8	2	3.1
id-05512	6	2	10	3.3
id-05513	10	11	4	5.0
id-05514	2	4	1	4.7
id-05515	4	3	3	4.6
id-05516	7	5	6	4.8
id-05517	2	3	28	3.8
id-05518	8	8	21	3.2
id-05519	2	2	26	3.1
id-05520	10	14	29	3.3
id-05521	10	20	7	3.0
id-05522	2	3	30	3.4
id-05523	4	4	25	3.1
id-05524	1	2	4	3.2
id-05525	7	9	15	3.3
id-05526	1	2	8	3.0
id-05527	7	6	2	4.1
id-05528	3	4	15	3.1
id-05529	9	7	19	3.9
id-05530	2	3	19	4.4
id-05531	3	6	25	4.8
id-05532	1	2	30	4.2
id-05533	8	4	1	3.4
id-05534	3	3	23	4.6
id-05535	4	2	25	4.0
id-05536	8	16	4	3.0
id-05537	1	2	11	3.2
id-05538	10	5	30	3.8
id-05539	10	8	21	4.1
id-05540	6	5	1	3.0
id-05541	3	4	10	3.1
id-05542	5	7	29	3.6
id-05543	7	6	8	3.4
id-05544	5	5	12	4.1
id-05545	4	4	17	4.5
id-05546	4	8	6	4.0
id-05547	7	14	4	4.0
id-05548	2	3	29	4.2
id-05549	5	2	2	3.5
id-05550	3	3	17	3.2
id-05551	1	2	18	4.0
id-05552	3	6	4	4.1
id-05553	4	7	6	3.4
id-05554	10	10	24	4.5
id-05555	8	12	10	4.4
id-05556	6	9	18	3.4
id-05557	1	2	30	4.0
id-05558	1	2	9	4.6
id-05559	9	3	14	3.7
id-05560	5	7	22	3.0
id-05561	2	2	25	3.6
id-05562	9	13	11	3.1
id-05563	10	20	19	3.0
id-05564	10	2	28	4.4
id-05565	8	11	8	3.6
id-05566	1	2	6	3.7
id-05567	1	2	21	4.9
id-05568	9	17	24	4.0
id-05569	4	8	13	4.6
id-05570	5	9	17	4.8
id-05571	6	11	18	4.0
id-05572	6	7	20	4.5
id-05573	8	12	18	3.6
id-05574	9	17	17	3.8
id-05575	9	18	4	4.4
id-05576	4	4	7	4.4
id-05577	5	3	16	3.7
id-05578	10	17	12	4.0
id-05579	9	10	12	3.4
id-05580	8	2	28	3.6
id-05581	8	14	16	3.8
id-05582	1	2	18	3.8
id-05583	8	15	5	3.5
id-05584	5	7	10	4.2
id-05585	8	2	4	4.6
id-05586	3	4	20	3.2
id-05587	4	3	8	3.2
id-05588	2	3	20	3.8
id-05589	8	13	10	3.4
id-05590	8	13	20	3.6
id-05591	3	2	13	4.7
id-05592	3	4	29	4.7
id-05593	10	9	26	3.8
id-05594	3	4	26	4.6
id-05595	10	12	5	4.0
id-05596	8	2	24	3.6
id-05597	8	10	24	4.0
id-05598	3	6	22	3.8
id-05599	1	2	3	3.8
id-05600	10	10	14	4.4
id-05601	9	11	27	4.8
id-05602	8	12	29	4.4
id-05603	8	9	16	3.9
id-05604	8	11	2	3.5
id-05605	1	2	8	3.4
id-05606	3	3	30	4.8
id-05607	6	9	3	3.5
id-05608	2	3	12	3.5
id-05609	4	3	25	3.3
id-05610	4	5	23	3.6
id-05611	7	2	21	3.9
id-05612	7	14	30	4.2
id-05613	1	2	26	4.8
id-05614	7	3	1	4.4
id-05615	7	12	20	3.3
id-05616	3	2	26	3.6
id-05617	10	13	10	4.1
id-05618	10	6	15	3.8
id-05619	8	15	16	3.5
id-05620	3	2	11	3.1
id-05621	4	2	10	4.8
id-05622	3	3	23	4.6
id-05623	4	5	27	5.0
id-05624	9	14	12	4.8
id-05625	10	9	1	4.2
id-05626	3	5	6	4.5
id-05627	6	2	30	4.3
id-05628	3	3	7	4.3
id-05629	7	5	8	4.3
id-05630	6	9	13	3.3
id-05631	6	6	8	4.7
id-05632	4	4	7	4.0
id-05633	7	7	14	3.1
id-05634	5	7	6	3.0
id-05635	10	7	28	4.3
id-05636	5	9	7	4.6
id-05637	5	4	18	4.6
id-05638	1	2	26	4.1
id-05639	4	7	19	3.1
id-05640	5	4	19	3.0
id-05641	1	2	27	4.8
id-05642	6	7	7	3.4
id-05643	6	12	10	4.0
id-05644	1	2	9	3.3
id-05645	6	12	11	3.4
id-05646	6	5	10	3.5
id-05647	2	4	11	3.1
id-05648	1	2	22	4.6
id-05649	6	11	25	4.2
id-05650	10	4	16	3.8
id-05651	10	12	15	3.3
id-05652	2	4	4	4.1
id-05653	9	8	24	4.9
id-05654	5	2	17	3.3
id-05655	3	5	8	3.6
id-05656	5	2	7	3.1
id-05657	1	2	26	4.2
id-05658	6	10	5	4.3
id-05659	3	5	14	4.6
id-05660	4	5	15	4.7
id-05661	3	3	4	4.9
id-05662	5	8	10	4.5
id-05663	9	10	6	4.3
id-05664	5	6	19	3.7
id-05665	2	2	1	3.3
id-05666	2	2	25	3.8
id-05667	2	4	1	4.2
id-05668	6	2	20	3.4
id-05669	9	7	24	3.3
id-05670	5	2	7	4.3
id-05671	3	4	1	3.6
id-05672	7	14	5	4.8
id-05673	3	4	8	4.6
id-05674	1	2	24	4.7
id-05675	6	10	1	3.2
id-05676	1	2	1	3.3
id-05677	6	10	27	3.8
id-05678	8	8	17	3.5
id-05679	5	4	19	4.7
id-05680	4	7	29	4.0
id-05681	3	2	4	4.2
id-05682	1	2	20	4.7
id-05683	9	2	9	3.9
id-05684	8	9	3	3.7
id-05685	9	5	18	4.2
id-05686	9	7	12	4.7
id-05687	2	3	9	3.1
id-05688	4	8	6	4.1
id-05689	5	8	23	4.5
id-05690	9	12	16	3.8
id-05691	9	10	11	3.0
id-05692	3	3	3	3.3
id-05693	7	7	20	4.8
id-05694	8	10	4	3.5
id-05695	9	9	12	3.9
id-05696	1	2	16	4.0
id-05697	10	4	11	4.7
id-05698	6	11	10	4.2
id-05699	3	5	26	4.0
id-05700	6	10	25	4.1
id-05701	8	14	3	3.9
id-05702	2	4	29	3.3
id-05703	10	16	17	4.3
id-05704	4	8	14	3.1
id-05705	2	3	6	3.2
id-05706	7	11	23	4.6
id-05707	3	3	10	4.4
id-05708	9	3	14	4.6
id-05709	3	5	23	3.7
id-05710	9	2	12	3.1
id-05711	8	2	30	4.5
id-05712	6	3	23	4.8
id-05713	5	4	2	4.8
id-05714	2	4	11	3.9
id-05715	10	17	5	3.1
id-05716	8	8	11	3.2
id-05717	10	2	18	4.5
id-05718	7	7	5	5.0
id-05719	10	16	7	4.0
id-05720	10	19	9	4.0
id-05721	7	8	28	4.9
id-05722	8	6	23	3.3
id-05723	7	4	19	3.6
id-05724	2	4	25	3.9
id-05725	8	2	14	4.1
id-05726	10	17	15	3.2
id-05727	10	8	23	3.2
id-05728	10	18	18	3.1
id-05729	1	2	29	4.8
id-05730	6	2	18	3.7
id-05731	4	4	11	3.8
id-05732	10	17	7	5.0
id-05733	6	6	22	4.8
id-05734	4	4	29	3.3
id-05735	1	2	14	4.2
id-05736	7	12	12	4.4
id-05737	8	2	11	3.4
id-05738	3	2	19	4.8
id-05739	1	2	24	4.4
id-05740	3	3	17	3.2
id-05741	7	2	30	3.3
id-05742	7	4	12	3.1
id-05743	5	5	19	4.5
id-05744	9	15	16	3.8
id-05745	10	9	12	4.0
id-05746	4	5	7	3.1
id-05747	2	3	16	3.7
id-05748	6	4	18	4.4
id-05749	2	3	4	4.9
id-05750	10	16	21	3.5
id-05751	3	3	5	3.8
id-05752	7	8	6	4.8
id-05753	6	10	17	4.0
id-05754	4	2	2	3.6
id-05755	9	7	7	3.5
id-05756	5	2	24	3.4
id-05757	8	13	6	4.1
id-05758	3	6	22	4.8
id-05759	9	15	19	3.1
id-05760	3	3	28	3.9
id-05761	9	17	2	3.6
id-05762	5	9	30	4.4
id-05763	7	5	29	3.6
id-05764	6	10	16	3.8
id-05765	5	6	20	4.6
id-05766	7	14	1	3.6
id-05767	7	6	10	5.0
id-05768	7	3	18	3.6
id-05769	2	3	14	3.0
id-05770	6	8	28	4.3
id-05771	2	2	19	3.4
id-05772	10	18	5	4.8
id-05773	4	4	11	3.8
id-05774	2	4	3	3.8
id-05775	5	10	2	4.3
id-05776	5	6	30	3.5
id-05777	3	5	11	3.5
id-05778	10	16	23	3.3
id-05779	5	10	9	3.9
id-05780	7	9	29	4.5
id-05781	3	2	17	4.8
id-05782	7	5	11	3.4
id-05783	2	2	21	3.8
id-05784	2	4	3	3.3
id-05785	2	3	14	4.0
id-05786	4	7	22	4.5
id-05787	5	8	28	3.6
id-05788	6	4	21	4.0
id-05789	9	3	29	4.1
id-05790	7	8	3	4.4
id-05791	7	12	26	3.4
id-05792	5	9	10	4.8
id-05793	8	13	30	4.5
id-05794	4	3	23	4.8
id-05795	10	15	22	4.9
id-05796	1	2	11	3.3
id-05797	7	6	22	3.9
id-05798	6	8	26	3.2
id-05799	2	4	18	3.9
id-05800	10	14	14	3.8
id-05801	2	2	6	4.3
id-05802	1	2	18	3.4
id-05803	7	14	22	4.6
id-05804	4	7	9	3.4
id-05805	2	2	21	4.4
id-05806	3	3	15	4.3
id-05807	1	2	2	4.6
id-05808	2	3	7	4.6
id-05809	1	2	17	4.0
id-05810	4	4	12	4.6
id-05811	4	2	4	4.1
id-05812	5	2	21	3.8
id-05813	2	2	26	3.8
id-05814	6	9	1	3.8
id-05815	4	7	15	4.5
id-05816	1	2	20	3.8
id-05817	3	6	7	3.3
id-05818	8	12	7	4.5
id-05819	7	9	4	3.7
id-05820	2	2	29	4.6
id-05821	10	10	17	3.6
id-05822	4	8	28	3.3
id-05823	5	2	10	3.3
id-05824	2	3	28	3.4
id-05825	3	6	12	3.6
id-05826	2	4	21	3.7
id-05827	1	2	18	5.0
id-05828	6	2	8	4.6
id-05829	1	2	1	4.3
id-05830	2	4	14	4.0
id-05831	8	6	16	4.9
id-05832	1	2	25	3.1
id-05833	4	3	24	4.3
id-05834	6	7	20	3.8
id-05835	5	10	22	5.0
id-05836	2	3	18	4.5
id-05837	9	12	8	3.9
id-05838	8	2	23	3.9
id-05839	9	6	26	4.5
id-05840	9	16	22	3.4
id-05841	5	10	24	4.1
id-05842	3	6	28	4.8
id-05843	4	6	23	3.5
id-05844	6	8	22	4.1
id-05845	3	2	12	3.3
id-05846	3	6	30	3.7
id-05847	10	19	20	3.4
id-05848	1	2	21	4.4
id-05849	8	5	18	4.7
id-05850	9	17	3	4.2
id-05851	1	2	8	3.1
id-05852	2	4	10	4.0
id-05853	3	4	8	3.7
id-05854	5	6	4	4.7
id-05855	9	18	9	3.4
id-05856	8	7	11	4.6
id-05857	3	2	24	4.7
id-05858	6	3	29	3.3
id-05859	8	3	7	3.3
id-05860	4	8	27	4.5
id-05861	3	2	14	4.2
id-05862	5	2	6	4.6
id-05863	4	4	12	3.2
id-05864	6	9	24	4.3
id-05865	10	4	28	4.5
id-05866	7	4	19	4.6
id-05867	2	4	16	3.3
id-05868	9	3	8	4.0
id-05869	1	2	6	3.2
id-05870	3	3	8	4.0
id-05871	6	3	15	5.0
id-05872	7	10	17	3.8
id-05873	6	6	22	3.7
id-05874	10	8	9	3.4
id-05875	5	5	9	3.0
id-05876	8	2	29	4.9
id-05877	5	4	28	3.1
id-05878	7	7	9	4.4
id-05879	7	2	13	4.9
id-05880	2	2	4	4.4
id-05881	9	16	4	4.1
id-05882	10	3	4	4.3
id-05883	5	5	8	3.1
id-05884	2	4	20	4.9
id-05885	6	11	23	3.0
id-05886	5	6	23	4.4
id-05887	8	13	3	4.4
id-05888	3	5	10	3.5
id-05889	9	16	24	4.1
id-05890	7	2	24	4.8
id-05891	3	6	27	3.6
id-05892	5	4	15	4.4
id-05893	5	4	18	4.7
id-05894	3	6	19	3.3
id-05895	8	13	25	4.9
id-05896	1	2	1	4.6
id-05897	2	4	17	4.6
id-05898	9	5	10	4.8
id-05899	1	2	19	3.0
id-05900	4	5	16	3.9
id-05901	9	3	13	4.5
id-05902	2	2	7	3.8
id-05903	9	2	17	4.1
id-05904	9	7	19	4.6
id-05905	9	12	21	4.2
id-05906	3	5	26	3.1
id-05907	4	2	19	3.1
id-05908	1	2	18	3.4
id-05909	8	3	8	4.5
id-05910	8	15	6	3.8
id-05911	3	3	14	3.1
id-05912	1	2	23	4.4
id-05913	4	2	10	3.1
id-05914	8	10	11	4.2
id-05915	8	4	11	4.3
id-05916	10	13	25	3.2
id-05917	10	11	30	4.5
id-05918	6	3	4	3.8
id-05919	9	12	13	4.7
id-05920	8	11	5	3.0
id-05921	5	4	5	3.9
id-05922	3	2	18	4.6
id-05923	1	2	24	3.5
id-05924	1	2	3	3.6
id-05925	3	2	4	3.3
id-05926	7	12	24	3.7
id-05927	1	2	4	4.7
id-05928	1	2	20	3.9
id-05929	4	2	16	3.7
id-05930	10	17	19	4.7
id-05931	5	3	3	4.2
id-05932	9	10	28	3.5
id-05933	1	2	29	4.1
id-05934	8	12	15	4.5
id-05935	10	5	22	3.9
id-05936	4	2	17	3.7
id-05937	7	3	26	4.1
id-05938	8	3	6	4.3
id-05939	8	15	3	3.5
id-05940	9	7	26	4.3
id-05941	10	10	11	4.2
id-05942	7	3	9	4.1
id-05943	7	4	9	3.9
id-05944	4	4	25	3.6
id-05945	5	5	17	3.8
id-05946	9	7	13	4.3
id-05947	7	5	9	4.6
id-05948	10	4	16	4.5
id-05949	9	13	29	3.7
id-05950	10	6	10	3.6
id-05951	4	7	27	3.8
id-05952	10	18	20	4.0
id-05953	5	6	12	4.8
id-05954	5	9	27	3.7
id-05955	1	2	19	4.3
id-05956	9	9	29	4.8
id-05957	5	4	2	3.6
id-05958	4	8	9	4.2
id-05959	10	11	10	3.2
id-05960	5	10	15	3.6
id-05961	6	7	1	4.9
id-05962	2	2	11	3.9
id-05963	4	7	17	4.9
id-05964	9	7	12	3.8
id-05965	10	8	26	4.7
id-05966	8	15	18	3.2
id-05967	3	6	7	3.6
id-05968	6	11	11	4.1
id-05969	8	15	25	4.8
id-05970	9	4	27	3.1
id-05971	5	8	27	3.7
id-05972	1	2	10	3.4
id-05973	3	3	3	3.9
id-05974	8	14	28	3.8
id-05975	7	7	1	4.0
id-05976	10	10	18	3.9
id-05977	9	13	7	3.1
id-05978	4	6	12	3.9
id-05979	3	6	7	3.2
id-05980	3	6	20	3.8
id-05981	2	3	10	3.0
id-05982	2	2	28	4.3
id-05983	7	11	16	3.3
id-05984	1	2	15	4.4
id-05985	10	10	27	3.7
id-05986	4	5	23	4.1
id-05987	4	6	15	3.8
id-05988	2	2	10	3.1
id-05989	9	10	12	4.2
id-05990	7	14	11	3.7
id-05991	6	2	1	4.6
id-05992	6	9	7	4.8
id-05993	7	13	28	4.2
id-05994	8	5	5	3.3
id-05995	10	8	14	3.1
id-05996	5	7	27	5.0
id-05997	4	5	14	4.9
id-05998	10	6	9	4.9
id-05999	1	2	27	3.8
id-06000	4	2	11	3.0
id-06001	7	3	27	4.4
id-06002	7	7	27	3.0
id-06003	8	8	8	3.7
id-06004	8	15	22	3.2
id-06005	10	15	21	3.8
id-06006	7	12	6	4.5
id-06007	7	2	2	3.5
id-06008	5	7	11	3.1
id-06009	6	6	15	4.7
id-06010	7	3	9	4.3
id-06011	5	10	2	3.1
id-06012	5	10	2	4.5
id-06013	2	3	5	4.3
id-06014	5	9	7	4.9
id-06015	8	13	8	4.2
id-06016	10	18	29	3.9
id-06017	10	4	10	3.4
id-06018	10	16	1	3.6
id-06019	7	11	4	3.1
id-06020	9	8	16	4.7
id-06021	1	2	8	4.1
id-06022	6	2	8	4.9
id-06023	4	6	5	3.8
id-06024	10	17	12	4.0
id-06025	10	9	23	3.9
id-06026	3	2	26	4.1
id-06027	7	3	30	4.6
id-06028	9	9	15	4.4
id-06029	8	10	20	4.8
id-06030	7	10	27	3.1
id-06031	8	15	6	4.6
id-06032	6	5	17	3.1
id-06033	6	9	9	4.6
id-06034	7	13	12	4.9
id-06035	7	14	11	3.4
id-06036	5	6	6	3.9
id-06037	7	2	21	4.7
id-06038	6	4	20	3.1
id-06039	8	12	13	4.8
id-06040	7	8	4	4.6
id-06041	1	2	14	3.7
id-06042	1	2	10	3.0
id-06043	5	3	11	3.6
id-06044	6	8	25	3.8
id-06045	1	2	11	4.7
id-06046	6	10	7	3.4
id-06047	9	7	27	4.7
id-06048	8	6	1	3.5
id-06049	1	2	10	3.1
id-06050	9	14	1	3.9
id-06051	4	6	11	3.7
id-06052	4	3	20	4.0
id-06053	8	16	4	3.3
id-06054	4	7	9	4.1
id-06055	7	9	10	3.6
id-06056	5	4	25	3.5
id-06057	10	6	2	4.6
id-06058	6	6	15	4.4
id-06059	7	8	16	4.8
id-06060	6	9	21	3.7
id-06061	10	19	13	3.2
id-06062	10	11	17	4.7
id-06063	10	19	17	4.1
id-06064	8	12	13	4.4
id-06065	10	12	21	4.3
id-06066	5	8	1	3.7
id-06067	10	20	13	4.3
id-06068	5	9	17	4.4
id-06069	7	7	1	4.1
id-06070	3	4	8	3.0
id-06071	1	2	9	4.5
id-06072	8	4	14	4.9
id-06073	8	2	18	3.0
id-06074	9	18	22	3.5
id-06075	10	16	3	3.6
id-06076	8	16	25	3.6
id-06077	1	2	15	4.6
id-06078	4	4	8	3.6
id-06079	4	2	29	3.3
id-06080	3	2	16	4.0
id-06081	6	8	2	3.4
id-06082	6	4	15	4.0
id-06083	6	12	13	4.8
id-06084	9	17	5	4.5
id-06085	8	12	11	3.4
id-06086	5	10	22	4.0
id-06087	7	11	28	5.0
id-06088	1	2	27	3.2
id-06089	5	4	20	4.8
id-06090	2	3	24	3.6
id-06091	5	9	9	3.9
id-06092	7	11	7	4.0
id-06093	10	13	9	4.6
id-06094	3	6	16	3.3
id-06095	10	5	15	4.2
id-06096	6	3	4	3.8
id-06097	3	3	25	3.2
id-06098	10	3	29	4.1
id-06099	10	3	15	3.2
id-06100	8	14	2	3.9
id-06101	3	5	11	3.3
id-06102	2	4	7	4.2
id-06103	6	9	12	4.1
id-06104	5	8	5	4.9
id-06105	10	20	24	4.0
id-06106	7	6	4	4.8
id-06107	10	15	16	4.6
id-06108	3	6	6	4.6
id-06109	1	2	27	4.0
id-06110	3	2	5	4.1
id-06111	2	2	23	3.2
id-06112	9	17	23	5.0
id-06113	2	2	6	3.7
id-06114	1	2	29	3.8
id-06115	5	8	4	4.5
id-06116	1	2	25	4.6
id-06117	10	7	18	3.8
id-06118	5	8	12	4.7
id-06119	6	2	7	4.9
id-06120	2	3	22	3.7
id-06121	1	2	24	3.0
id-06122	8	2	21	3.1
id-06123	3	6	17	3.1
id-06124	3	4	5	3.8
id-06125	8	5	13	3.0
id-06126	8	9	23	3.0
id-06127	1	2	4	3.2
id-06128	3	3	24	4.8
id-06129	7	4	23	3.4
id-06130	8	3	4	3.6
id-06131	7	13	29	4.2
id-06132	6	8	1	3.7
id-06133	7	4	18	4.0
id-06134	4	7	26	4.4
id-06135	5	6	6	4.4
id-06136	2	3	20	3.9
id-06137	9	17	21	3.9
id-06138	1	2	23	3.8
id-06139	5	8	22	3.9
id-06140	8	4	28	4.4
id-06141	6	8	5	4.4
id-06142	6	2	4	4.2
id-06143	10	9	17	3.2
id-06144	9	15	10	3.0
id-06145	8	3	5	4.6
id-06146	10	3	23	4.4
id-06147	5	2	29	3.0
id-06148	4	2	29	4.0
id-06149	6	3	9	4.9
id-06150	9	6	27	4.2
id-06151	6	3	10	4.5
id-06152	3	6	27	4.1
id-06153	5	5	3	4.4
id-06154	3	2	19	5.0
id-06155	5	7	5	3.7
id-06156	4	6	6	3.4
id-06157	3	3	4	4.7
id-06158	9	14	28	5.0
id-06159	6	12	28	4.7
id-06160	9	2	9	3.7
id-06161	4	7	11	4.5
id-06162	10	6	12	4.0
id-06163	4	6	30	3.2
id-06164	2	3	15	3.5
id-06165	8	12	14	4.6
id-06166	10	4	17	3.2
id-06167	6	2	25	4.1
id-06168	9	16	13	4.6
id-06169	2	3	2	3.8
id-06170	9	4	22	4.3
id-06171	7	10	17	4.7
id-06172	10	4	18	3.8
id-06173	9	7	28	3.7
id-06174	2	2	12	3.1
id-06175	8	5	28	4.2
id-06176	9	6	7	4.1
id-06177	8	9	23	3.4
id-06178	3	4	26	3.4
id-06179	4	8	10	3.8
id-06180	4	4	5	3.1
id-06181	5	2	4	3.6
id-06182	2	3	4	4.0
id-06183	2	4	24	4.6
id-06184	6	9	13	4.2
id-06185	5	8	16	3.3
id-06186	1	2	24	3.6
id-06187	2	3	3	4.8
id-06188	4	8	26	3.0
id-06189	3	4	5	3.9
id-06190	5	10	7	3.9
id-06191	8	12	2	3.6
id-06192	7	8	4	3.6
id-06193	4	7	23	4.6
id-06194	5	7	24	4.4
id-06195	8	2	10	3.1
id-06196	7	14	2	3.5
id-06197	8	14	3	4.7
id-06198	5	3	21	3.3
id-06199	1	2	13	4.9
id-06200	7	3	21	3.5
id-06201	8	14	17	4.7
id-06202	4	5	1	3.5
id-06203	5	8	10	4.2
id-06204	3	2	16	4.0
id-06205	10	6	8	3.5
id-06206	8	13	10	3.5
id-06207	2	3	13	3.5
id-06208	4	4	26	3.1
id-06209	8	9	7	3.5
id-06210	8	4	18	3.7
id-06211	5	3	25	4.5
id-06212	10	12	6	4.6
id-06213	8	12	19	4.5
id-06214	9	2	26	4.2
id-06215	9	6	21	3.4
id-06216	10	10	24	4.5
id-06217	2	3	15	4.4
id-06218	3	6	22	3.0
id-06219	5	7	7	3.3
id-06220	10	16	18	3.0
id-06221	2	2	20	4.4
id-06222	9	4	12	3.6
id-06223	5	6	26	3.3
id-06224	1	2	5	3.1
id-06225	7	2	10	4.0
id-06226	1	2	27	4.7
id-06227	2	3	13	4.2
id-06228	2	2	11	3.7
id-06229	4	8	17	4.4
id-06230	1	2	21	4.4
id-06231	3	4	11	3.4
id-06232	7	2	12	3.1
id-06233	4	2	25	3.9
id-06234	4	3	19	4.9
id-06235	5	5	11	4.8
id-06236	7	9	13	4.3
id-06237	9	16	8	3.7
id-06238	1	2	28	4.9
id-06239	10	17	23	4.7
id-06240	6	2	18	4.8
id-06241	5	3	16	3.7
id-06242	7	2	11	4.5
id-06243	7	9	25	3.3
id-06244	5	4	16	4.1
id-06245	1	2	19	4.6
id-06246	4	7	9	4.8
id-06247	4	3	3	4.0
id-06248	9	4	29	3.2
id-06249	2	4	7	3.5
id-06250	4	5	20	4.5
id-06251	4	5	19	4.1
id-06252	7	13	13	4.7
id-06253	5	6	27	3.1
id-06254	6	7	27	4.1
id-06255	6	7	10	4.0
id-06256	5	8	19	5.0
id-06257	10	2	15	4.6
id-06258	6	11	18	3.4
id-06259	3	4	3	3.4
id-06260	8	4	13	3.1
id-06261	7	7	21	4.0
id-06262	1	2	25	3.1
id-06263	1	2	3	3.1
id-06264	6	9	28	3.3
id-06265	10	9	2	4.9
id-06266	1	2	5	4.7
id-06267	10	16	16	3.0
id-06268	1	2	6	3.5
id-06269	8	16	8	4.3
id-06270	6	3	12	4.2
id-06271	3	6	9	3.2
id-06272	9	11	21	4.8
id-06273	6	10	27	4.7
id-06274	9	16	4	3.4
id-06275	7	7	21	4.0
id-06276	1	2	4	3.4
id-06277	7	4	20	4.4
id-06278	8	4	18	4.9
id-06279	3	3	14	3.9
id-06280	8	5	2	4.6
id-06281	2	3	12	3.2
id-06282	7	2	17	3.4
id-06283	6	8	17	4.1
id-06284	9	17	7	3.9
id-06285	7	8	21	3.2
id-06286	2	4	2	4.6
id-06287	3	3	12	3.6
id-06288	7	3	11	3.5
id-06289	3	3	24	3.4
id-06290	6	10	22	3.5
id-06291	10	8	5	4.0
id-06292	7	10	23	4.1
id-06293	10	15	15	4.7
id-06294	5	9	13	3.9
id-06295	8	4	4	4.6
id-06296	6	11	20	3.6
id-06297	6	5	4	3.4
id-06298	3	4	7	3.5
id-06299	8	7	3	4.2
id-06300	7	14	6	3.3
id-06301	6	2	22	3.7
id-06302	1	2	17	3.9
id-06303	6	3	5	3.2
id-06304	4	2	23	3.9
id-06305	5	9	5	3.5
id-06306	8	10	27	3.3
id-06307	4	3	10	3.3
id-06308	4	7	17	4.3
id-06309	9	11	27	3.5
id-06310	3	6	14	3.0
id-06311	5	9	3	4.6
id-06312	8	3	27	3.2
id-06313	9	6	1	4.4
id-06314	7	11	21	3.5
id-06315	5	7	24	4.5
id-06316	3	5	29	3.0
id-06317	3	6	27	4.9
id-06318	10	13	14	4.1
id-06319	2	4	19	3.7
id-06320	10	17	12	3.5
id-06321	2	3	4	4.1
id-06322	5	2	13	4.4
id-06323	8	4	22	4.1
id-06324	2	2	12	4.3
id-06325	4	4	28	3.9
id-06326	5	8	18	4.2
id-06327	2	4	18	3.7
id-06328	1	2	4	4.9
id-06329	9	9	21	3.2
id-06330	4	4	19	3.4
id-06331	3	3	13	4.4
id-06332	1	2	7	4.8
id-06333	8	6	12	4.8
id-06334	7	2	24	4.7
id-06335	10	5	30	4.4
id-06336	5	4	20	4.9
id-06337	5	8	12	4.7
id-06338	3	4	11	4.1
id-06339	8	7	11	3.1
id-06340	8	4	15	3.4
id-06341	2	4	12	3.4
id-06342	10	14	2	3.5
id-06343	2	4	4	3.0
id-06344	10	14	19	4.0
id-06345	5	7	30	5.0
id-06346	7	11	6	4.9
id-06347	9	5	1	3.5
id-06348	2	3	25	3.5
id-06349	3	5	22	4.5
id-06350	5	10	19	4.6
id-06351	9	2	14	4.5
id-06352	10	19	8	4.9
id-06353	9	7	3	3.3
id-06354	3	4	21	3.1
id-06355	10	2	28	4.8
id-06356	5	10	22	4.9
id-06357	4	8	6	4.3
id-06358	5	10	25	3.4
id-06359	3	4	3	4.7
id-06360	5	2	30	5.0
id-06361	8	15	26	4.0
id-06362	1	2	22	3.4
id-06363	5	2	14	4.3
id-06364	5	7	24	4.3
id-06365	8	14	2	3.0
id-06366	9	5	1	3.3
id-06367	6	11	16	4.0
id-06368	6	12	18	3.0
id-06369	9	16	25	3.7
id-06370	1	2	16	3.3
id-06371	5	4	22	4.2
id-06372	5	2	2	4.1
id-06373	8	4	5	3.8
id-06374	8	9	19	4.1
id-06375	4	5	23	4.1
id-06376	4	8	26	4.5
id-06377	10	6	3	3.8
id-06378	7	8	5	3.3
id-06379	6	7	23	4.1
id-06380	8	9	16	4.0
id-06381	10	13	1	4.9
id-06382	8	3	18	3.7
id-06383	10	13	12	5.0
id-06384	1	2	19	3.8
id-06385	5	6	3	4.7
id-06386	7	6	8	3.1
id-06387	4	3	5	4.9
id-06388	6	7	15	4.7
id-06389	10	2	16	3.3
id-06390	3	4	3	5.0
id-06391	7	3	25	4.3
id-06392	2	4	3	3.6
id-06393	6	10	17	3.9
id-06394	9	7	10	3.6
id-06395	4	2	3	3.6
id-06396	7	3	23	3.1
id-06397	2	4	16	4.8
id-06398	6	10	5	4.1
id-06399	5	6	30	4.6
id-06400	5	8	13	3.1
id-06401	4	8	25	3.3
id-06402	6	5	14	3.9
id-06403	6	8	19	4.7
id-06404	4	4	22	4.7
id-06405	3	3	29	4.2
id-06406	8	14	15	4.8
id-06407	7	7	19	4.6
id-06408	1	2	22	4.4
id-06409	9	18	20	4.5
id-06410	7	13	30	3.7
id-06411	6	5	1	3.1
id-06412	9	3	26	3.3
id-06413	10	13	17	5.0
id-06414	9	10	10	4.8
id-06415	6	4	26	3.4
id-06416	4	7	28	4.2
id-06417	6	4	22	5.0
id-06418	7	6	6	3.6
id-06419	9	16	12	3.3
id-06420	6	10	9	3.1
id-06421	3	6	30	4.8
id-06422	8	15	19	4.0
id-06423	1	2	26	3.7
id-06424	5	3	8	4.0
id-06425	5	2	28	3.2
id-06426	10	14	24	3.8
id-06427	10	2	18	3.8
id-06428	8	15	7	4.9
id-06429	8	7	26	3.3
id-06430	10	14	22	4.5
id-06431	1	2	8	4.1
id-06432	5	6	23	4.3
id-06433	5	2	1	3.0
id-06434	4	5	8	3.5
id-06435	2	4	2	3.8
id-06436	8	5	18	3.9
id-06437	5	8	9	4.3
id-06438	8	9	15	3.7
id-06439	9	12	28	4.7
id-06440	9	7	14	3.4
id-06441	4	4	9	3.4
id-06442	3	5	11	4.4
id-06443	9	6	3	3.1
id-06444	5	9	16	3.1
id-06445	5	4	25	4.9
id-06446	10	9	4	3.8
id-06447	1	2	14	4.3
id-06448	2	4	23	4.4
id-06449	6	5	4	3.4
id-06450	3	5	19	4.8
id-06451	7	12	12	3.0
id-06452	2	3	6	3.1
id-06453	10	16	9	4.4
id-06454	7	4	17	3.4
id-06455	3	5	3	4.7
id-06456	5	8	24	3.0
id-06457	9	5	12	3.8
id-06458	7	12	1	5.0
id-06459	2	4	4	3.7
id-06460	8	4	26	4.8
id-06461	4	8	7	3.0
id-06462	6	6	25	4.2
id-06463	1	2	27	4.0
id-06464	5	4	2	3.6
id-06465	5	7	24	4.0
id-06466	2	2	3	3.8
id-06467	5	8	10	4.8
id-06468	7	10	17	3.2
id-06469	1	2	8	4.6
id-06470	3	6	4	4.6
id-06471	1	2	17	4.7
id-06472	7	12	19	3.3
id-06473	10	2	13	3.3
id-06474	1	2	21	3.9
id-06475	1	2	24	3.6
id-06476	7	5	26	3.4
id-06477	5	4	3	4.8
id-06478	10	8	6	4.5
id-06479	7	12	28	4.2
id-06480	4	4	1	3.3
id-06481	5	7	18	3.9
id-06482	6	9	14	3.2
id-06483	3	5	3	3.3
id-06484	6	6	10	3.7
id-06485	5	5	24	4.1
id-06486	3	2	17	3.3
id-06487	6	2	29	3.3
id-06488	7	7	15	4.6
id-06489	5	6	27	3.7
id-06490	1	2	21	4.6
id-06491	4	2	9	3.0
id-06492	1	2	10	4.5
id-06493	5	8	28	4.1
id-06494	6	4	22	5.0
id-06495	10	16	16	4.8
id-06496	4	4	9	4.1
id-06497	7	2	10	4.1
id-06498	4	6	9	4.9
id-06499	5	10	12	3.6
id-06500	2	2	4	4.6
id-06501	8	3	2	3.8
id-06502	3	2	4	3.8
id-06503	4	7	11	4.6
id-06504	5	5	12	4.2
id-06505	8	7	7	4.2
id-06506	5	3	12	4.3
id-06507	7	14	12	4.6
id-06508	2	4	10	3.4
id-06509	6	7	4	4.4
id-06510	2	4	17	3.3
id-06511	3	2	14	4.4
id-06512	8	9	13	4.0
id-06513	5	6	8	4.6
id-06514	10	19	29	4.6
id-06515	1	2	18	4.9
id-06516	1	2	24	3.5
id-06517	3	5	17	3.0
id-06518	9	4	23	3.7
id-06519	3	3	15	3.7
id-06520	7	14	9	3.7
id-06521	5	6	27	3.8
id-06522	7	5	7	3.9
id-06523	6	8	1	3.8
id-06524	2	2	15	3.7
id-06525	5	4	22	4.0
id-06526	7	10	23	4.7
id-06527	5	4	7	3.3
id-06528	8	5	1	4.9
id-06529	3	6	15	4.6
id-06530	1	2	10	3.2
id-06531	9	11	19	4.0
id-06532	4	4	6	4.4
id-06533	5	4	14	3.6
id-06534	2	2	18	4.2
id-06535	6	8	20	3.5
id-06536	8	2	1	3.9
id-06537	2	3	2	4.6
id-06538	4	7	28	3.5
id-06539	3	4	18	3.3
id-06540	6	2	22	3.8
id-06541	1	2	14	4.7
id-06542	6	9	8	3.2
id-06543	3	3	19	4.9
id-06544	9	13	7	4.2
id-06545	5	10	2	3.0
id-06546	10	12	30	4.4
id-06547	10	18	17	4.6
id-06548	8	11	27	3.3
id-06549	6	2	27	3.8
id-06550	7	10	23	4.3
id-06551	9	14	12	3.1
id-06552	5	7	27	4.2
id-06553	3	2	6	3.8
id-06554	7	14	7	3.3
id-06555	5	2	29	5.0
id-06556	10	9	13	3.3
id-06557	4	2	10	3.9
id-06558	7	12	6	3.5
id-06559	3	2	3	4.9
id-06560	10	3	27	4.4
id-06561	10	12	27	3.1
id-06562	5	7	26	4.5
id-06563	1	2	14	3.4
id-06564	3	5	27	3.6
id-06565	1	2	24	4.6
id-06566	2	2	29	3.7
id-06567	6	7	12	4.8
id-06568	9	10	20	4.2
id-06569	5	4	4	4.7
id-06570	2	3	4	3.6
id-06571	8	4	10	4.7
id-06572	1	2	17	4.6
id-06573	1	2	14	3.4
id-06574	4	6	7	3.6
id-06575	7	10	12	3.1
id-06576	10	20	25	4.3
id-06577	6	6	18	3.8
id-06578	3	3	3	3.9
id-06579	8	14	16	4.1
id-06580	3	6	19	3.7
id-06581	2	3	27	3.3
id-06582	6	6	3	3.2
id-06583	8	11	5	3.3
id-06584	3	4	20	3.5
id-06585	3	3	14	3.4
id-06586	4	3	6	4.7
id-06587	9	12	26	3.1
id-06588	8	6	27	3.3
id-06589	6	5	1	3.9
id-06590	2	2	12	4.2
id-06591	7	3	26	3.3
id-06592	1	2	4	4.8
id-06593	6	4	5	4.2
id-06594	4	6	11	4.0
id-06595	3	2	7	4.1
id-06596	8	6	3	3.7
id-06597	10	3	24	4.3
id-06598	10	18	2	3.0
id-06599	9	14	16	3.6
id-06600	1	2	10	3.3
id-06601	9	14	19	3.7
id-06602	9	3	9	4.9
id-06603	4	7	29	3.5
id-06604	9	12	29	4.5
id-06605	6	11	27	5.0
id-06606	3	3	29	4.6
id-06607	5	3	21	4.6
id-06608	6	10	10	3.1
id-06609	10	17	19	3.7
id-06610	10	14	20	3.3
id-06611	3	2	4	3.7
id-06612	9	4	8	3.2
id-06613	7	9	5	4.7
id-06614	8	11	16	4.9
id-06615	2	2	19	4.5
id-06616	9	13	5	4.1
id-06617	9	13	26	3.4
id-06618	8	10	23	4.7
id-06619	9	5	7	4.7
id-06620	2	2	7	4.9
id-06621	3	3	14	4.0
id-06622	7	9	7	3.1
id-06623	7	14	22	3.6
id-06624	6	7	10	4.0
id-06625	3	6	22	3.6
id-06626	4	6	2	4.1
id-06627	5	3	16	4.3
id-06628	4	5	22	3.1
id-06629	9	8	27	3.9
id-06630	2	4	2	4.9
id-06631	8	4	29	4.9
id-06632	5	8	30	3.0
id-06633	9	9	16	3.5
id-06634	6	4	17	4.9
id-06635	3	3	19	3.7
id-06636	10	4	18	3.7
id-06637	3	6	12	4.7
id-06638	5	3	24	3.9
id-06639	2	3	1	3.3
id-06640	5	7	15	3.3
id-06641	5	8	6	4.0
id-06642	4	4	1	4.4
id-06643	3	5	25	4.5
id-06644	2	2	28	3.9
id-06645	10	11	9	4.5
id-06646	8	4	27	3.6
id-06647	1	2	12	5.0
id-06648	4	6	15	4.2
id-06649	3	6	26	3.9
id-06650	8	2	12	3.5
id-06651	3	5	28	3.0
id-06652	9	12	20	4.1
id-06653	6	5	19	3.3
id-06654	1	2	10	4.9
id-06655	3	4	26	3.3
id-06656	1	2	8	4.7
id-06657	9	18	7	4.5
id-06658	10	2	9	3.9
id-06659	2	3	22	3.1
id-06660	1	2	2	3.1
id-06661	3	6	12	4.0
id-06662	8	8	18	3.7
id-06663	6	4	25	3.8
id-06664	9	7	9	4.7
id-06665	6	4	23	4.6
id-06666	2	2	14	3.7
id-06667	8	16	26	3.5
id-06668	2	4	4	4.1
id-06669	1	2	30	3.5
id-06670	6	8	15	4.1
id-06671	3	4	24	5.0
id-06672	9	6	26	4.6
id-06673	2	2	14	3.4
id-06674	9	13	18	3.3
id-06675	1	2	4	4.5
id-06676	3	6	22	4.6
id-06677	10	19	25	3.1
id-06678	1	2	5	3.9
id-06679	8	12	7	4.2
id-06680	2	3	2	4.9
id-06681	2	2	5	4.0
id-06682	2	4	16	4.5
id-06683	3	5	4	4.5
id-06684	6	4	1	4.4
id-06685	1	2	1	4.1
id-06686	3	5	2	3.1
id-06687	8	12	12	3.3
id-06688	10	19	18	4.0
id-06689	6	5	24	3.9
id-06690	10	4	3	4.0
id-06691	10	13	10	3.0
id-06692	2	4	13	4.1
id-06693	9	14	19	4.0
id-06694	10	6	20	4.3
id-06695	5	6	17	4.0
id-06696	8	12	4	3.1
id-06697	2	3	6	4.3
id-06698	3	4	25	4.5
id-06699	4	7	5	4.9
id-06700	10	3	2	3.0
id-06701	4	8	6	3.3
id-06702	8	5	16	4.6
id-06703	6	2	11	4.3
id-06704	3	3	25	4.8
id-06705	3	6	9	4.8
id-06706	2	3	21	4.1
id-06707	2	2	5	4.8
id-06708	10	8	24	4.1
id-06709	1	2	10	3.6
id-06710	1	2	25	4.6
id-06711	7	9	10	4.5
id-06712	3	3	24	4.5
id-06713	7	2	5	4.5
id-06714	6	10	30	5.0
id-06715	10	2	10	4.0
id-06716	4	7	19	3.4
id-06717	10	17	15	3.2
id-06718	10	20	9	3.3
id-06719	9	14	10	3.0
id-06720	1	2	27	3.8
id-06721	5	8	17	4.4
id-06722	2	3	22	4.7
id-06723	6	5	20	3.1
id-06724	2	2	7	3.2
id-06725	1	2	16	4.9
id-06726	10	9	30	5.0
id-06727	7	5	12	4.6
id-06728	7	8	24	4.1
id-06729	9	16	23	3.0
id-06730	6	9	19	3.4
id-06731	8	3	4	4.1
id-06732	4	2	12	3.0
id-06733	9	13	6	4.0
id-06734	1	2	17	3.9
id-06735	4	2	1	3.1
id-06736	5	6	26	4.9
id-06737	6	7	22	3.8
id-06738	7	14	20	4.4
id-06739	8	15	10	3.7
id-06740	4	2	3	4.5
id-06741	2	4	25	3.6
id-06742	1	2	11	4.5
id-06743	8	3	26	3.1
id-06744	3	5	14	3.9
id-06745	4	6	24	3.6
id-06746	2	3	6	3.2
id-06747	4	3	4	3.5
id-06748	10	17	22	3.8
id-06749	8	7	24	3.5
id-06750	2	3	21	4.0
id-06751	1	2	6	3.2
id-06752	10	18	18	4.0
id-06753	4	6	27	4.2
id-06754	3	6	5	4.6
id-06755	10	13	2	3.5
id-06756	6	8	23	4.2
id-06757	2	3	19	4.7
id-06758	10	19	12	4.6
id-06759	6	7	9	4.8
id-06760	7	10	21	3.2
id-06761	2	2	2	4.9
id-06762	2	2	4	4.7
id-06763	8	10	17	3.8
id-06764	7	8	28	3.5
id-06765	5	3	11	3.0
id-06766	6	5	17	4.2
id-06767	4	4	5	3.5
id-06768	10	6	26	3.8
id-06769	1	2	19	3.1
id-06770	5	3	9	3.3
id-06771	3	3	9	4.9
id-06772	2	2	1	3.6
id-06773	6	2	3	4.2
id-06774	9	16	4	4.7
id-06775	9	18	24	4.9
id-06776	1	2	22	3.9
id-06777	4	5	16	3.5
id-06778	4	6	9	3.1
id-06779	1	2	8	4.2
id-06780	1	2	19	3.3
id-06781	3	6	3	3.6
id-06782	1	2	6	3.5
id-06783	10	11	6	3.2
id-06784	9	15	1	4.6
id-06785	8	13	20	4.5
id-06786	7	13	24	3.6
id-06787	9	13	16	3.1
id-06788	9	9	27	3.3
id-06789	3	2	10	3.6
id-06790	10	18	25	3.5
id-06791	3	6	17	4.4
id-06792	5	7	29	3.3
id-06793	7	12	4	4.0
id-06794	2	2	22	4.8
id-06795	6	11	8	4.6
id-06796	10	3	2	4.1
id-06797	6	5	27	3.4
id-06798	6	11	16	4.1
id-06799	10	4	4	4.6
id-06800	6	9	7	3.0
id-06801	7	9	24	4.3
id-06802	2	3	4	3.1
id-06803	10	13	18	4.6
id-06804	1	2	1	4.7
id-06805	8	12	20	5.0
id-06806	2	4	13	4.9
id-06807	8	15	25	4.3
id-06808	9	6	17	4.5
id-06809	8	6	21	3.6
id-06810	7	2	3	4.8
id-06811	4	2	14	3.6
id-06812	3	4	6	4.3
id-06813	10	15	2	4.8
id-06814	5	2	30	4.6
id-06815	3	3	6	4.7
id-06816	8	12	1	3.5
id-06817	4	4	17	3.3
id-06818	6	6	3	4.8
id-06819	6	3	20	3.5
id-06820	3	2	26	4.9
id-06821	2	3	12	3.6
id-06822	2	3	6	3.7
id-06823	8	13	22	3.2
id-06824	1	2	26	3.5
id-06825	1	2	9	4.2
id-06826	9	11	27	4.4
id-06827	2	3	29	4.6
id-06828	9	3	7	3.2
id-06829	7	14	23	4.0
id-06830	9	3	15	3.0
id-06831	1	2	19	3.1
id-06832	7	13	12	4.8
id-06833	10	17	16	3.7
id-06834	4	6	8	3.7
id-06835	3	5	5	3.4
id-06836	7	5	15	3.0
id-06837	2	3	9	4.6
id-06838	5	9	20	3.9
id-06839	6	5	5	4.5
id-06840	4	6	25	4.9
id-06841	8	2	4	4.9
id-06842	3	5	24	4.5
id-06843	10	19	25	3.3
id-06844	2	2	14	4.3
id-06845	6	8	21	3.2
id-06846	5	10	21	3.9
id-06847	6	6	14	3.9
id-06848	10	9	29	3.5
id-06849	7	5	22	3.8
id-06850	5	9	13	3.2
id-06851	4	8	20	5.0
id-06852	6	7	17	3.3
id-06853	1	2	20	3.9
id-06854	5	6	24	5.0
id-06855	2	4	14	3.5
id-06856	10	18	23	4.8
id-06857	4	3	12	3.3
id-06858	2	2	5	4.4
id-06859	1	2	26	4.4
id-06860	5	3	22	4.8
id-06861	3	4	20	3.4
id-06862	3	6	20	4.9
id-06863	10	9	9	3.5
id-06864	9	9	25	4.9
id-06865	7	9	23	3.7
id-06866	6	6	16	3.7
id-06867	9	7	4	3.4
id-06868	8	10	30	3.8
id-06869	10	9	12	4.1
id-06870	1	2	25	3.3
id-06871	3	5	21	4.4
id-06872	7	11	8	3.7
id-06873	1	2	6	4.9
id-06874	5	10	16	5.0
id-06875	5	6	24	3.4
id-06876	10	19	7	4.8
id-06877	6	2	12	3.9
id-06878	7	13	3	3.8
id-06879	10	18	21	4.7
id-06880	9	2	27	4.1
id-06881	1	2	26	3.0
id-06882	6	3	25	3.7
id-06883	2	2	9	4.5
id-06884	3	5	30	4.2
id-06885	10	6	6	3.3
id-06886	3	4	28	4.3
id-06887	9	12	15	4.1
id-06888	5	10	29	3.4
id-06889	7	2	4	4.6
id-06890	3	5	7	4.8
id-06891	9	17	5	4.8
id-06892	10	19	9	3.8
id-06893	9	12	20	3.8
id-06894	8	15	7	3.5
id-06895	1	2	18	3.4
id-06896	5	3	20	3.9
id-06897	7	10	8	4.9
id-06898	7	7	4	4.3
id-06899	10	12	24	3.3
id-06900	5	6	8	4.2
id-06901	3	6	20	4.4
id-06902	4	8	26	3.6
id-06903	6	8	27	4.4
id-06904	10	19	13	3.3
id-06905	6	7	27	4.9
id-06906	4	2	5	4.7
id-06907	10	14	7	4.1
id-06908	2	3	30	4.7
id-06909	7	8	24	4.3
id-06910	5	9	9	4.5
id-06911	8	2	21	4.2
id-06912	1	2	23	3.1
id-06913	4	5	1	3.5
id-06914	6	12	20	3.5
id-06915	5	9	27	3.9
id-06916	10	10	1	4.7
id-06917	9	4	2	4.1
id-06918	9	12	13	3.4
id-06919	4	5	11	4.6
id-06920	2	2	1	4.9
id-06921	10	11	7	4.6
id-06922	7	10	15	4.4
id-06923	5	8	13	3.9
id-06924	9	2	28	4.6
id-06925	5	9	7	4.2
id-06926	3	4	23	3.6
id-06927	1	2	23	3.6
id-06928	4	2	5	3.5
id-06929	5	7	14	3.8
id-06930	3	5	2	3.7
id-06931	8	14	13	4.4
id-06932	2	3	26	3.9
id-06933	7	10	11	4.7
id-06934	7	13	1	3.5
id-06935	4	7	24	4.2
id-06936	1	2	13	3.6
id-06937	6	12	5	4.8
id-06938	1	2	9	3.7
id-06939	10	11	9	3.6
id-06940	4	7	21	5.0
id-06941	8	4	8	3.3
id-06942	7	5	14	3.1
id-06943	2	4	28	3.7
id-06944	10	8	3	3.3
id-06945	5	7	11	4.6
id-06946	1	2	9	3.0
id-06947	3	4	25	4.6
id-06948	4	3	4	3.5
id-06949	3	3	3	3.5
id-06950	8	9	2	4.3
id-06951	3	5	18	4.6
id-06952	5	2	24	3.4
id-06953	8	14	10	3.8
id-06954	9	9	22	3.5
id-06955	6	9	26	4.4
id-06956	8	7	22	4.0
id-06957	10	15	30	3.5
id-06958	5	5	14	4.2
id-06959	1	2	23	4.3
id-06960	6	11	21	4.0
id-06961	9	9	21	3.0
id-06962	3	2	18	3.5
id-06963	4	7	23	3.4
id-06964	8	12	8	4.9
id-06965	4	3	3	4.0
id-06966	1	2	1	4.9
id-06967	7	9	3	3.9
id-06968	7	14	23	4.2
id-06969	8	5	6	3.8
id-06970	3	6	29	4.3
id-06971	3	4	28	3.8
id-06972	3	5	4	3.5
id-06973	10	19	17	3.5
id-06974	2	3	15	3.6
id-06975	3	4	23	3.8
id-06976	2	2	5	4.6
id-06977	9	3	26	4.2
id-06978	8	15	29	4.1
id-06979	6	5	4	3.5
id-06980	6	10	27	3.7
id-06981	4	7	23	3.2
id-06982	3	5	23	3.7
id-06983	5	5	9	4.0
id-06984	7	2	16	3.1
id-06985	10	11	24	4.3
id-06986	4	7	30	4.2
id-06987	5	4	10	3.2
id-06988	7	7	27	4.1
id-06989	9	17	29	4.7
id-06990	8	4	24	4.9
id-06991	4	4	2	4.2
id-06992	7	3	5	3.8
id-06993	9	14	6	3.0
id-06994	6	5	7	3.4
id-06995	5	6	17	4.5
id-06996	5	6	14	3.2
id-06997	1	2	2	3.8
id-06998	6	12	27	3.9
id-06999	10	7	22	3.5
id-07000	1	2	1	3.3
id-07001	8	2	8	3.9
id-07002	2	2	30	3.3
id-07003	7	13	11	3.7
id-07004	2	3	30	4.8
id-07005	5	3	6	4.9
id-07006	9	15	1	4.6
id-07007	3	5	6	3.4
id-07008	9	16	11	4.1
id-07009	5	9	20	4.7
id-07010	1	2	3	3.2
id-07011	5	10	9	4.9
id-07012	10	3	28	4.2
id-07013	4	5	5	4.6
id-07014	10	14	20	3.6
id-07015	8	4	20	4.5
id-07016	3	4	14	4.8
id-07017	10	6	13	4.2
id-07018	7	14	28	4.2
id-07019	3	5	5	3.7
id-07020	10	2	20	4.2
id-07021	5	3	30	4.2
id-07022	4	8	3	4.9
id-07023	2	2	9	3.9
id-07024	10	17	9	3.7
id-07025	10	6	6	3.6
id-07026	7	11	1	3.6
id-07027	10	13	26	4.4
id-07028	1	2	5	3.6
id-07029	10	18	2	3.9
id-07030	3	3	25	3.3
id-07031	9	8	18	3.3
id-07032	4	2	17	3.7
id-07033	2	4	9	4.6
id-07034	2	4	6	4.6
id-07035	2	4	22	3.6
id-07036	9	7	4	3.5
id-07037	5	4	21	4.1
id-07038	9	4	21	4.0
id-07039	3	4	26	4.1
id-07040	6	9	7	4.0
id-07041	4	3	27	3.6
id-07042	4	6	26	4.1
id-07043	1	2	10	3.5
id-07044	5	6	28	3.0
id-07045	2	2	26	4.1
id-07046	4	3	24	4.9
id-07047	3	3	8	3.3
id-07048	2	2	3	3.4
id-07049	6	12	26	4.9
id-07050	3	2	6	3.1
id-07051	5	5	29	4.6
id-07052	5	10	19	3.0
id-07053	1	2	28	3.4
id-07054	2	2	17	4.1
id-07055	9	7	20	3.8
id-07056	4	2	19	3.6
id-07057	5	10	30	3.4
id-07058	5	5	17	3.3
id-07059	10	19	22	3.1
id-07060	8	7	29	4.2
id-07061	4	4	14	3.4
id-07062	6	5	14	4.1
id-07063	7	13	17	4.2
id-07064	5	4	9	4.3
id-07065	9	12	30	3.8
id-07066	9	4	13	4.1
id-07067	9	2	9	3.8
id-07068	1	2	6	3.8
id-07069	8	8	13	4.4
id-07070	6	7	16	3.0
id-07071	10	8	19	4.9
id-07072	9	12	30	4.7
id-07073	9	18	30	3.7
id-07074	6	2	1	4.0
id-07075	2	4	8	4.0
id-07076	9	8	2	4.4
id-07077	7	11	23	4.1
id-07078	7	6	3	3.3
id-07079	6	3	12	4.3
id-07080	4	2	28	4.8
id-07081	4	5	3	4.9
id-07082	2	4	13	4.2
id-07083	9	2	11	4.3
id-07084	4	2	20	5.0
id-07085	6	5	22	4.1
id-07086	10	11	25	5.0
id-07087	6	6	18	4.3
id-07088	1	2	12	4.5
id-07089	1	2	8	4.4
id-07090	8	10	19	4.1
id-07091	8	12	29	3.1
id-07092	3	2	29	3.3
id-07093	5	8	30	3.7
id-07094	10	11	19	4.8
id-07095	5	4	5	3.8
id-07096	2	2	26	3.2
id-07097	7	3	7	4.2
id-07098	5	2	18	3.1
id-07099	1	2	9	3.6
id-07100	4	3	16	3.1
id-07101	10	16	2	4.2
id-07102	6	11	23	3.7
id-07103	3	6	19	4.8
id-07104	7	12	16	4.5
id-07105	1	2	2	4.9
id-07106	2	3	10	3.4
id-07107	2	2	7	3.2
id-07108	3	5	13	4.5
id-07109	2	2	25	3.8
id-07110	6	8	27	3.0
id-07111	2	3	29	3.5
id-07112	8	15	19	3.2
id-07113	7	3	20	4.5
id-07114	2	2	17	4.4
id-07115	8	6	26	4.1
id-07116	9	8	11	3.7
id-07117	9	8	4	4.2
id-07118	5	10	24	4.4
id-07119	1	2	13	4.8
id-07120	1	2	21	3.7
id-07121	5	4	14	4.6
id-07122	6	12	17	3.5
id-07123	9	5	7	4.4
id-07124	6	2	8	3.5
id-07125	7	4	25	3.6
id-07126	6	7	18	3.0
id-07127	3	2	29	4.4
id-07128	3	5	16	3.9
id-07129	8	16	4	4.7
id-07130	4	3	21	3.6
id-07131	7	9	18	4.1
id-07132	3	2	21	4.5
id-07133	2	3	18	4.0
id-07134	7	7	3	4.2
id-07135	8	10	20	3.9
id-07136	9	2	11	4.4
id-07137	1	2	10	3.8
id-07138	1	2	6	4.9
id-07139	3	6	10	3.4
id-07140	5	4	19	4.9
id-07141	9	3	7	3.1
id-07142	1	2	22	3.2
id-07143	10	14	18	3.7
id-07144	1	2	13	3.8
id-07145	10	15	22	5.0
id-07146	4	5	29	3.1
id-07147	6	6	7	3.4
id-07148	9	4	20	4.5
id-07149	3	5	6	4.2
id-07150	1	2	30	3.4
id-07151	10	20	19	3.5
id-07152	7	2	18	3.4
id-07153	5	10	16	3.3
id-07154	1	2	23	4.6
id-07155	5	2	23	3.9
id-07156	9	16	29	4.3
id-07157	5	9	26	3.8
id-07158	8	2	14	4.0
id-07159	6	2	21	3.9
id-07160	6	2	6	3.4
id-07161	3	2	16	4.8
id-07162	7	2	1	4.1
id-07163	6	9	8	4.6
id-07164	5	7	13	3.4
id-07165	8	16	16	4.4
id-07166	1	2	6	4.3
id-07167	4	5	9	3.2
id-07168	1	2	10	4.5
id-07169	6	5	28	4.8
id-07170	5	7	7	4.3
id-07171	10	18	18	3.8
id-07172	6	4	26	3.3
id-07173	6	11	2	4.4
id-07174	9	6	2	4.1
id-07175	5	5	5	3.2
id-07176	4	7	20	3.3
id-07177	3	3	4	3.2
id-07178	10	7	10	3.3
id-07179	1	2	9	3.3
id-07180	9	11	12	3.2
id-07181	1	2	12	3.7
id-07182	7	2	21	4.2
id-07183	10	19	11	3.4
id-07184	7	14	2	3.3
id-07185	9	5	2	4.9
id-07186	8	4	9	3.0
id-07187	10	16	2	3.9
id-07188	9	10	4	3.6
id-07189	6	5	10	4.1
id-07190	8	3	2	3.8
id-07191	6	3	26	3.5
id-07192	7	11	24	3.8
id-07193	5	3	27	3.9
id-07194	7	9	18	4.9
id-07195	9	11	2	4.5
id-07196	3	3	15	3.7
id-07197	6	10	19	3.4
id-07198	10	20	21	3.9
id-07199	7	6	2	3.6
id-07200	9	17	1	4.6
id-07201	8	8	15	4.6
id-07202	6	12	29	4.5
id-07203	9	11	24	4.7
id-07204	7	6	14	4.5
id-07205	9	7	12	3.4
id-07206	5	7	9	4.7
id-07207	7	2	29	3.4
id-07208	5	9	28	4.4
id-07209	7	4	25	4.5
id-07210	4	3	4	3.7
id-07211	10	8	23	3.5
id-07212	3	4	2	3.9
id-07213	4	7	10	3.7
id-07214	1	2	10	3.6
id-07215	10	7	8	4.8
id-07216	9	6	29	3.1
id-07217	4	2	6	4.2
id-07218	2	2	23	3.4
id-07219	2	2	10	4.7
id-07220	1	2	24	4.8
id-07221	2	4	25	4.5
id-07222	6	5	9	3.1
id-07223	4	8	30	3.2
id-07224	1	2	20	4.7
id-07225	1	2	2	4.7
id-07226	10	19	5	5.0
id-07227	2	4	26	5.0
id-07228	10	15	9	3.0
id-07229	1	2	24	4.1
id-07230	5	4	17	3.1
id-07231	2	2	16	3.9
id-07232	6	5	20	3.3
id-07233	5	4	13	4.5
id-07234	4	5	10	3.6
id-07235	4	5	26	3.4
id-07236	4	5	20	4.6
id-07237	2	4	28	4.1
id-07238	7	5	14	3.8
id-07239	10	4	21	3.5
id-07240	7	13	10	4.6
id-07241	4	6	21	4.2
id-07242	9	6	15	3.2
id-07243	5	3	21	3.7
id-07244	6	7	13	4.8
id-07245	6	3	24	4.3
id-07246	3	6	25	4.3
id-07247	10	18	30	3.6
id-07248	8	8	17	3.1
id-07249	2	4	5	3.9
id-07250	8	12	23	3.8
id-07251	5	10	8	4.1
id-07252	1	2	8	3.4
id-07253	7	6	15	3.0
id-07254	9	3	23	3.7
id-07255	8	10	30	4.5
id-07256	3	4	14	4.9
id-07257	8	4	18	3.5
id-07258	3	6	18	3.2
id-07259	7	7	21	3.8
id-07260	9	10	24	4.4
id-07261	1	2	30	4.2
id-07262	5	7	24	5.0
id-07263	4	5	19	3.9
id-07264	1	2	28	4.3
id-07265	8	12	18	3.8
id-07266	9	4	25	4.9
id-07267	2	3	24	4.1
id-07268	3	3	11	3.9
id-07269	10	5	9	3.9
id-07270	2	2	1	3.6
id-07271	3	3	30	4.7
id-07272	6	8	29	3.4
id-07273	7	10	6	4.7
id-07274	8	5	29	5.0
id-07275	1	2	11	3.2
id-07276	3	2	22	4.6
id-07277	9	2	15	3.9
id-07278	7	14	4	4.3
id-07279	8	4	14	4.2
id-07280	10	5	5	4.1
id-07281	10	10	13	4.7
id-07282	5	5	22	3.0
id-07283	8	14	5	4.0
id-07284	7	14	5	3.5
id-07285	8	12	13	4.8
id-07286	10	11	21	3.8
id-07287	4	6	3	4.0
id-07288	3	4	8	4.1
id-07289	2	4	1	3.0
id-07290	10	14	24	4.5
id-07291	9	16	10	4.3
id-07292	8	5	3	4.3
id-07293	3	6	3	4.5
id-07294	4	7	12	3.6
id-07295	7	6	20	4.3
id-07296	4	6	1	3.2
id-07297	10	6	23	4.3
id-07298	1	2	25	3.1
id-07299	6	12	10	4.2
id-07300	1	2	29	4.2
id-07301	1	2	24	3.5
id-07302	9	4	25	3.7
id-07303	4	3	2	3.5
id-07304	3	4	1	3.2
id-07305	6	12	6	3.5
id-07306	2	4	28	3.3
id-07307	8	3	2	3.8
id-07308	5	9	16	3.9
id-07309	1	2	14	3.7
id-07310	7	11	2	3.5
id-07311	2	4	17	4.2
id-07312	6	9	3	4.2
id-07313	1	2	14	3.7
id-07314	5	7	22	4.9
id-07315	6	5	18	4.9
id-07316	2	3	11	4.4
id-07317	1	2	11	3.4
id-07318	5	6	30	3.5
id-07319	6	6	12	3.1
id-07320	8	9	25	3.8
id-07321	6	3	27	3.5
id-07322	9	5	11	3.5
id-07323	8	4	2	5.0
id-07324	6	12	16	4.8
id-07325	4	6	25	3.3
id-07326	9	10	3	3.5
id-07327	5	4	24	3.3
id-07328	4	8	11	4.1
id-07329	7	9	11	3.6
id-07330	9	9	10	3.2
id-07331	8	5	5	4.8
id-07332	8	5	16	3.8
id-07333	8	2	9	4.6
id-07334	10	2	7	3.1
id-07335	8	3	12	4.0
id-07336	6	4	1	4.2
id-07337	1	2	10	3.3
id-07338	10	2	3	3.7
id-07339	9	9	22	3.5
id-07340	5	8	2	3.4
id-07341	8	2	9	3.5
id-07342	7	7	4	3.8
id-07343	8	15	15	3.1
id-07344	6	9	13	4.5
id-07345	2	4	14	4.8
id-07346	8	3	25	4.0
id-07347	3	2	17	3.0
id-07348	9	7	10	3.2
id-07349	1	2	23	4.6
id-07350	7	5	1	4.8
id-07351	7	10	3	4.2
id-07352	9	10	9	4.5
id-07353	10	8	20	3.1
id-07354	3	3	13	3.9
id-07355	5	4	17	3.6
id-07356	5	5	28	4.1
id-07357	5	5	16	4.0
id-07358	4	6	26	4.6
id-07359	3	4	27	4.0
id-07360	7	6	26	3.8
id-07361	9	14	6	4.8
id-07362	8	3	2	3.3
id-07363	9	13	28	3.4
id-07364	3	2	21	3.9
id-07365	2	2	3	3.6
id-07366	10	4	27	4.4
id-07367	6	5	3	4.2
id-07368	9	15	17	3.3
id-07369	1	2	20	4.0
id-07370	2	3	28	3.8
id-07371	4	4	4	4.6
id-07372	2	4	6	4.3
id-07373	3	5	22	3.2
id-07374	3	5	11	4.2
id-07375	7	11	11	4.9
id-07376	6	7	18	4.1
id-07377	9	12	30	4.4
id-07378	6	5	13	4.8
id-07379	1	2	6	3.7
id-07380	6	11	27	4.0
id-07381	8	12	22	3.3
id-07382	2	3	3	3.6
id-07383	1	2	23	4.9
id-07384	10	19	19	4.6
id-07385	4	3	25	3.1
id-07386	8	9	18	3.3
id-07387	7	4	7	4.1
id-07388	8	12	30	3.7
id-07389	5	3	1	3.7
id-07390	2	2	21	4.3
id-07391	6	11	11	4.1
id-07392	8	15	11	4.1
id-07393	8	14	4	4.3
id-07394	3	2	24	4.0
id-07395	6	5	5	4.7
id-07396	10	14	9	4.4
id-07397	9	5	25	3.5
id-07398	6	5	9	4.8
id-07399	8	12	6	4.4
id-07400	5	3	17	3.3
id-07401	10	11	30	4.4
id-07402	9	7	23	4.9
id-07403	4	7	9	3.5
id-07404	2	3	18	3.9
id-07405	4	3	12	3.6
id-07406	1	2	30	4.6
id-07407	3	2	19	3.0
id-07408	6	8	13	4.3
id-07409	9	6	29	3.8
id-07410	5	8	27	4.9
id-07411	9	10	19	3.2
id-07412	8	11	2	4.9
id-07413	3	2	11	4.1
id-07414	1	2	3	4.0
id-07415	7	8	27	3.7
id-07416	6	4	30	3.9
id-07417	9	10	8	3.9
id-07418	8	7	18	4.2
id-07419	5	4	28	3.3
id-07420	6	5	13	3.8
id-07421	3	6	23	4.7
id-07422	8	4	29	4.9
id-07423	10	18	21	3.0
id-07424	3	6	27	3.2
id-07425	2	4	25	3.2
id-07426	9	10	25	5.0
id-07427	3	2	27	4.5
id-07428	4	6	7	4.7
id-07429	5	9	14	4.7
id-07430	6	7	13	3.6
id-07431	9	15	23	3.1
id-07432	5	4	3	3.8
id-07433	7	6	24	4.6
id-07434	7	11	18	4.7
id-07435	2	2	15	3.6
id-07436	1	2	16	3.3
id-07437	9	11	5	4.1
id-07438	2	3	14	4.7
id-07439	1	2	12	4.7
id-07440	3	5	16	4.4
id-07441	3	4	27	4.5
id-07442	9	9	24	3.3
id-07443	10	10	18	4.9
id-07444	6	4	13	3.6
id-07445	1	2	13	4.8
id-07446	5	9	24	3.9
id-07447	4	7	3	4.8
id-07448	1	2	23	4.5
id-07449	4	3	6	4.0
id-07450	7	5	25	4.9
id-07451	5	5	29	3.0
id-07452	2	4	16	5.0
id-07453	10	12	23	4.4
id-07454	6	8	20	4.9
id-07455	2	4	4	3.0
id-07456	10	7	28	3.9
id-07457	2	2	8	3.2
id-07458	1	2	17	4.6
id-07459	9	17	6	3.4
id-07460	9	2	26	4.0
id-07461	5	6	24	4.2
id-07462	7	3	30	3.9
id-07463	9	16	22	4.9
id-07464	9	3	13	3.9
id-07465	2	4	24	3.3
id-07466	9	6	23	4.8
id-07467	2	2	13	3.9
id-07468	8	10	28	4.7
id-07469	10	19	1	5.0
id-07470	1	2	13	3.2
id-07471	10	17	6	4.8
id-07472	10	15	23	3.8
id-07473	5	5	30	4.3
id-07474	7	3	12	4.3
id-07475	3	6	28	4.2
id-07476	7	11	30	4.0
id-07477	1	2	30	3.3
id-07478	4	5	10	3.3
id-07479	1	2	29	3.0
id-07480	3	2	7	3.4
id-07481	8	15	3	3.2
id-07482	9	12	2	4.0
id-07483	10	13	18	3.3
id-07484	9	7	17	4.1
id-07485	4	7	27	4.1
id-07486	4	4	1	4.1
id-07487	4	6	8	3.7
id-07488	10	7	18	4.8
id-07489	9	4	19	3.8
id-07490	4	5	28	3.4
id-07491	2	3	25	4.9
id-07492	10	5	11	4.0
id-07493	10	19	16	4.4
id-07494	3	6	26	3.7
id-07495	5	5	27	4.6
id-07496	2	4	6	4.0
id-07497	2	4	14	3.6
id-07498	1	2	18	4.7
id-07499	3	4	23	3.4
id-07500	10	2	9	3.6
id-07501	2	4	12	3.4
id-07502	10	4	11	5.0
id-07503	2	3	16	3.4
id-07504	2	3	21	4.7
id-07505	7	5	24	3.8
id-07506	2	2	13	3.3
id-07507	10	7	27	3.5
id-07508	2	2	21	4.3
id-07509	6	7	16	3.2
id-07510	8	14	30	4.2
id-07511	5	8	29	4.1
id-07512	9	6	28	4.4
id-07513	2	3	7	3.4
id-07514	8	7	3	3.3
id-07515	2	3	4	4.6
id-07516	6	3	25	3.3
id-07517	9	13	4	4.6
id-07518	9	8	5	4.0
id-07519	3	3	28	4.0
id-07520	8	11	7	3.4
id-07521	8	15	6	3.9
id-07522	5	9	21	4.9
id-07523	7	8	22	4.4
id-07524	4	5	15	4.0
id-07525	10	7	13	4.7
id-07526	4	4	26	4.7
id-07527	7	5	12	3.6
id-07528	4	8	19	4.7
id-07529	4	8	8	3.9
id-07530	5	10	15	3.3
id-07531	10	18	4	3.5
id-07532	9	2	10	3.9
id-07533	7	2	2	3.4
id-07534	1	2	28	4.5
id-07535	7	6	24	3.6
id-07536	5	4	15	3.8
id-07537	5	9	4	4.3
id-07538	9	4	26	3.7
id-07539	9	18	4	4.4
id-07540	5	5	6	3.3
id-07541	7	5	12	4.6
id-07542	10	15	24	3.2
id-07543	1	2	13	4.0
id-07544	8	13	23	3.1
id-07545	7	8	20	4.9
id-07546	4	4	24	3.4
id-07547	9	12	25	3.3
id-07548	5	7	21	4.1
id-07549	1	2	23	4.7
id-07550	2	4	17	4.5
id-07551	9	12	21	4.9
id-07552	9	6	1	3.4
id-07553	7	10	5	4.1
id-07554	7	2	17	3.2
id-07555	8	16	13	3.1
id-07556	2	3	11	4.6
id-07557	7	13	2	3.1
id-07558	4	4	30	4.5
id-07559	5	10	24	3.9
id-07560	6	10	2	4.6
id-07561	1	2	12	3.3
id-07562	7	14	25	3.9
id-07563	1	2	18	3.5
id-07564	3	4	19	5.0
id-07565	5	10	7	4.0
id-07566	1	2	20	4.9
id-07567	1	2	10	4.4
id-07568	4	2	11	4.2
id-07569	5	2	29	4.5
id-07570	10	16	13	4.9
id-07571	2	3	11	4.1
id-07572	8	10	14	3.9
id-07573	2	2	6	4.9
id-07574	6	2	22	4.7
id-07575	10	2	15	4.1
id-07576	1	2	8	4.2
id-07577	2	2	29	3.1
id-07578	4	6	21	3.7
id-07579	1	2	7	3.9
id-07580	4	5	2	4.8
id-07581	5	7	30	4.0
id-07582	10	14	27	4.4
id-07583	10	19	19	4.9
id-07584	4	3	15	4.7
id-07585	10	11	18	3.5
id-07586	4	6	28	4.3
id-07587	1	2	22	3.7
id-07588	1	2	30	4.6
id-07589	10	3	9	4.0
id-07590	2	4	22	3.5
id-07591	1	2	25	3.8
id-07592	8	11	22	3.8
id-07593	5	10	16	4.4
id-07594	1	2	2	4.5
id-07595	9	10	14	4.3
id-07596	10	17	7	4.3
id-07597	2	3	29	4.9
id-07598	4	8	29	3.5
id-07599	6	11	17	3.4
id-07600	3	2	11	4.0
id-07601	7	11	27	3.6
id-07602	9	5	28	4.8
id-07603	8	15	3	3.9
id-07604	4	6	28	4.7
id-07605	9	12	25	4.4
id-07606	3	3	15	3.8
id-07607	2	4	5	3.7
id-07608	5	8	12	4.8
id-07609	9	5	20	3.7
id-07610	8	13	8	4.1
id-07611	7	5	15	3.6
id-07612	6	5	11	3.9
id-07613	6	10	11	3.9
id-07614	8	9	3	3.9
id-07615	9	9	25	3.5
id-07616	8	15	10	4.2
id-07617	6	9	5	3.1
id-07618	6	9	20	3.6
id-07619	6	4	26	3.3
id-07620	6	3	5	3.2
id-07621	8	11	15	3.7
id-07622	10	18	14	3.3
id-07623	9	11	2	5.0
id-07624	3	4	18	3.4
id-07625	10	4	20	3.1
id-07626	2	4	22	4.1
id-07627	5	5	30	5.0
id-07628	8	10	5	4.1
id-07629	10	8	23	4.5
id-07630	10	8	11	4.2
id-07631	7	3	16	3.2
id-07632	4	5	30	4.5
id-07633	9	2	14	4.5
id-07634	4	6	28	4.1
id-07635	8	15	6	5.0
id-07636	3	5	27	4.3
id-07637	1	2	28	3.4
id-07638	8	15	5	3.9
id-07639	4	3	10	4.3
id-07640	4	6	19	4.5
id-07641	3	6	15	4.1
id-07642	6	3	19	3.3
id-07643	1	2	27	3.9
id-07644	8	13	13	3.4
id-07645	1	2	13	3.8
id-07646	10	4	1	3.8
id-07647	7	12	9	3.9
id-07648	9	8	21	3.8
id-07649	3	5	13	4.3
id-07650	9	3	24	4.5
id-07651	7	9	22	4.6
id-07652	9	12	3	4.0
id-07653	10	17	30	4.9
id-07654	7	3	27	4.3
id-07655	2	4	7	3.1
id-07656	7	6	1	4.4
id-07657	3	5	8	3.2
id-07658	9	18	13	3.3
id-07659	2	4	18	3.9
id-07660	4	3	15	3.3
id-07661	4	2	13	3.0
id-07662	1	2	13	4.4
id-07663	10	9	22	3.1
id-07664	4	3	23	4.7
id-07665	2	2	21	3.3
id-07666	1	2	11	4.4
id-07667	10	18	24	4.7
id-07668	5	2	5	4.4
id-07669	3	3	3	4.3
id-07670	4	6	20	3.1
id-07671	1	2	8	3.7
id-07672	7	12	8	4.4
id-07673	8	15	26	3.5
id-07674	3	5	5	3.1
id-07675	6	11	17	4.9
id-07676	8	8	22	4.2
id-07677	4	2	6	3.4
id-07678	4	2	8	4.7
id-07679	10	13	2	3.1
id-07680	7	2	19	4.0
id-07681	3	3	29	3.1
id-07682	2	3	8	3.2
id-07683	7	4	6	3.3
id-07684	2	4	10	4.3
id-07685	8	4	8	4.9
id-07686	6	3	26	4.3
id-07687	2	2	8	3.2
id-07688	2	2	7	3.6
id-07689	8	12	30	4.0
id-07690	3	2	30	4.5
id-07691	3	2	24	4.1
id-07692	5	6	6	3.3
id-07693	6	8	19	3.1
id-07694	6	8	24	3.4
id-07695	6	4	9	4.9
id-07696	5	6	3	4.1
id-07697	3	3	3	3.9
id-07698	7	8	16	4.9
id-07699	8	4	6	3.4
id-07700	10	17	5	4.5
id-07701	9	12	22	4.5
id-07702	6	5	26	4.9
id-07703	5	3	2	4.5
id-07704	5	8	26	4.2
id-07705	4	6	5	3.4
id-07706	1	2	18	4.9
id-07707	8	16	4	3.5
id-07708	7	7	12	4.7
id-07709	4	4	18	4.1
id-07710	2	3	28	4.7
id-07711	5	6	4	5.0
id-07712	10	7	14	4.1
id-07713	7	2	11	4.5
id-07714	8	16	6	3.2
id-07715	6	9	6	4.4
id-07716	10	13	27	3.8
id-07717	5	6	8	4.2
id-07718	1	2	5	3.3
id-07719	1	2	25	3.4
id-07720	4	5	30	4.2
id-07721	6	3	19	3.5
id-07722	8	5	10	4.5
id-07723	8	12	12	4.1
id-07724	6	10	12	3.5
id-07725	4	4	6	4.6
id-07726	7	14	5	3.2
id-07727	2	4	7	3.4
id-07728	4	5	7	3.1
id-07729	3	5	28	3.8
id-07730	6	6	1	3.7
id-07731	3	6	22	4.1
id-07732	3	3	24	4.6
id-07733	9	12	8	3.4
id-07734	7	10	28	4.8
id-07735	7	3	2	4.4
id-07736	9	11	23	4.8
id-07737	3	6	8	4.5
id-07738	4	6	10	3.0
id-07739	5	4	8	3.7
id-07740	9	2	10	4.2
id-07741	3	6	22	3.2
id-07742	10	11	2	3.6
id-07743	3	3	5	3.8
id-07744	1	2	15	3.6
id-07745	8	11	17	4.6
id-07746	3	5	25	3.4
id-07747	6	11	5	3.7
id-07748	5	8	4	5.0
id-07749	5	3	30	4.9
id-07750	4	8	11	3.2
id-07751	1	2	10	3.5
id-07752	9	2	2	3.9
id-07753	4	5	18	3.9
id-07754	3	3	17	4.3
id-07755	5	10	4	4.1
id-07756	10	20	5	4.8
id-07757	5	6	13	3.1
id-07758	5	10	8	3.8
id-07759	6	9	18	4.7
id-07760	7	10	6	3.5
id-07761	10	18	16	4.3
id-07762	10	12	1	4.8
id-07763	6	3	10	5.0
id-07764	4	3	19	3.6
id-07765	8	7	9	3.2
id-07766	6	8	3	3.1
id-07767	9	4	13	4.6
id-07768	6	11	6	4.4
id-07769	2	4	3	4.4
id-07770	3	6	2	4.4
id-07771	9	2	4	3.1
id-07772	3	4	28	4.5
id-07773	2	3	15	4.9
id-07774	3	6	6	4.4
id-07775	6	11	14	4.2
id-07776	10	10	11	3.7
id-07777	10	11	20	3.4
id-07778	8	11	3	3.6
id-07779	3	5	8	3.0
id-07780	1	2	5	4.5
id-07781	8	2	13	4.4
id-07782	3	6	17	4.0
id-07783	9	11	19	3.5
id-07784	4	4	3	4.0
id-07785	5	2	14	4.9
id-07786	3	2	10	3.9
id-07787	2	2	8	3.3
id-07788	1	2	2	3.3
id-07789	1	2	11	4.3
id-07790	2	3	8	5.0
id-07791	4	2	1	3.5
id-07792	9	17	5	3.0
id-07793	5	5	15	4.3
id-07794	6	11	16	3.4
id-07795	8	11	1	3.3
id-07796	4	3	28	4.7
id-07797	9	9	16	4.3
id-07798	6	7	25	3.0
id-07799	9	13	17	4.1
id-07800	3	2	5	3.2
id-07801	9	2	12	3.2
id-07802	5	3	17	4.9
id-07803	7	2	21	3.8
id-07804	9	5	1	4.2
id-07805	3	6	20	4.3
id-07806	6	3	27	3.2
id-07807	5	6	20	4.4
id-07808	1	2	20	4.8
id-07809	5	3	11	4.2
id-07810	10	20	10	4.3
id-07811	6	4	29	3.5
id-07812	8	8	10	3.8
id-07813	2	3	16	4.4
id-07814	9	6	7	4.6
id-07815	4	3	8	3.4
id-07816	1	2	20	3.3
id-07817	1	2	21	3.3
id-07818	8	16	3	4.3
id-07819	2	4	25	3.9
id-07820	4	7	26	3.1
id-07821	5	3	14	4.7
id-07822	4	8	13	3.3
id-07823	5	4	9	3.6
id-07824	4	8	5	4.2
id-07825	10	2	20	3.6
id-07826	10	19	22	3.8
id-07827	2	3	2	4.3
id-07828	2	4	22	3.5
id-07829	6	6	21	3.6
id-07830	9	2	26	4.1
id-07831	4	8	2	4.9
id-07832	2	2	23	4.0
id-07833	8	8	28	4.5
id-07834	3	3	7	3.9
id-07835	1	2	7	3.6
id-07836	6	12	4	3.8
id-07837	9	6	19	4.2
id-07838	10	19	6	4.9
id-07839	3	3	5	3.1
id-07840	7	14	9	4.5
id-07841	8	9	8	4.1
id-07842	5	7	19	4.5
id-07843	10	12	20	4.1
id-07844	6	10	11	4.8
id-07845	5	5	7	4.6
id-07846	1	2	29	4.5
id-07847	4	5	21	4.6
id-07848	6	4	24	4.3
id-07849	1	2	24	3.2
id-07850	3	4	14	3.7
id-07851	8	2	5	4.4
id-07852	10	12	1	4.3
id-07853	10	9	24	4.9
id-07854	9	10	8	4.2
id-07855	4	6	4	4.2
id-07856	10	16	15	4.0
id-07857	6	6	29	3.6
id-07858	1	2	3	4.1
id-07859	5	7	4	3.6
id-07860	1	2	29	5.0
id-07861	4	7	20	4.3
id-07862	6	10	26	4.4
id-07863	1	2	11	3.8
id-07864	9	7	26	3.3
id-07865	9	12	21	4.3
id-07866	10	9	3	3.2
id-07867	8	11	3	4.8
id-07868	9	2	1	4.7
id-07869	8	3	14	3.4
id-07870	5	5	8	4.5
id-07871	8	14	17	4.8
id-07872	5	5	21	3.9
id-07873	2	2	11	3.8
id-07874	7	7	15	3.3
id-07875	2	3	15	4.8
id-07876	3	5	19	4.9
id-07877	2	4	14	4.3
id-07878	3	6	29	5.0
id-07879	2	3	27	4.5
id-07880	8	10	23	4.4
id-07881	8	7	3	3.4
id-07882	9	17	12	4.3
id-07883	3	6	2	4.5
id-07884	1	2	13	4.1
id-07885	4	2	13	3.8
id-07886	8	9	11	4.7
id-07887	3	6	13	4.8
id-07888	10	20	26	4.3
id-07889	10	11	16	4.3
id-07890	1	2	13	3.6
id-07891	3	5	26	4.0
id-07892	2	2	4	3.9
id-07893	9	4	16	4.0
id-07894	7	14	18	4.4
id-07895	3	6	6	3.9
id-07896	6	4	6	3.7
id-07897	2	3	3	4.0
id-07898	3	5	7	4.0
id-07899	9	16	23	4.8
id-07900	6	12	7	3.7
id-07901	9	16	5	4.1
id-07902	5	4	15	4.0
id-07903	8	9	29	4.3
id-07904	2	4	22	4.1
id-07905	2	2	21	4.1
id-07906	3	2	27	4.8
id-07907	8	10	2	4.7
id-07908	9	8	9	4.5
id-07909	5	2	22	4.0
id-07910	10	18	27	4.4
id-07911	6	3	26	4.0
id-07912	10	5	29	4.2
id-07913	7	2	17	3.3
id-07914	7	3	12	4.4
id-07915	7	14	16	4.2
id-07916	2	3	13	3.2
id-07917	4	6	12	4.8
id-07918	5	4	22	3.6
id-07919	3	3	6	4.7
id-07920	10	5	7	3.8
id-07921	8	5	17	4.8
id-07922	2	3	25	4.8
id-07923	8	14	3	4.7
id-07924	2	4	4	5.0
id-07925	4	7	21	4.8
id-07926	7	5	25	4.9
id-07927	5	7	3	4.2
id-07928	2	4	21	4.1
id-07929	3	2	22	5.0
id-07930	1	2	9	3.6
id-07931	4	4	25	4.1
id-07932	9	10	16	4.2
id-07933	4	4	12	3.0
id-07934	10	8	14	3.1
id-07935	6	2	12	4.8
id-07936	1	2	16	4.9
id-07937	7	6	27	4.3
id-07938	4	3	30	3.8
id-07939	1	2	22	3.5
id-07940	3	5	19	4.5
id-07941	8	13	15	3.2
id-07942	2	4	10	4.6
id-07943	7	12	5	4.0
id-07944	10	17	22	3.9
id-07945	9	2	28	4.5
id-07946	1	2	14	3.3
id-07947	7	7	25	4.3
id-07948	10	2	12	4.4
id-07949	10	19	19	4.1
id-07950	9	6	15	3.9
id-07951	6	12	15	4.2
id-07952	2	4	27	3.3
id-07953	9	4	1	3.5
id-07954	5	3	11	4.8
id-07955	9	6	29	3.4
id-07956	10	7	11	4.0
id-07957	3	5	4	4.8
id-07958	4	4	29	3.8
id-07959	8	10	18	4.9
id-07960	6	5	16	4.6
id-07961	8	5	30	4.9
id-07962	8	9	3	4.8
id-07963	9	11	15	3.9
id-07964	9	18	8	3.4
id-07965	7	14	8	4.1
id-07966	3	2	18	3.7
id-07967	5	7	10	3.4
id-07968	6	5	26	4.7
id-07969	8	7	6	4.9
id-07970	10	13	22	3.3
id-07971	1	2	22	3.2
id-07972	8	16	12	3.7
id-07973	4	6	28	3.6
id-07974	3	6	23	4.7
id-07975	3	5	7	3.4
id-07976	10	5	3	4.7
id-07977	1	2	10	3.8
id-07978	5	6	2	3.1
id-07979	3	3	7	3.8
id-07980	8	6	3	3.3
id-07981	3	2	17	3.4
id-07982	1	2	3	4.1
id-07983	7	6	21	3.8
id-07984	5	7	11	3.2
id-07985	1	2	3	4.9
id-07986	4	3	12	3.4
id-07987	1	2	21	3.3
id-07988	9	5	21	3.8
id-07989	8	12	22	4.1
id-07990	9	11	26	4.0
id-07991	4	2	26	3.8
id-07992	9	3	5	3.4
id-07993	9	8	16	4.0
id-07994	6	11	22	3.2
id-07995	10	19	2	3.5
id-07996	6	10	28	3.7
id-07997	8	6	24	3.9
id-07998	6	7	8	4.3
id-07999	8	10	28	4.2
id-08000	7	13	30	3.7
id-08001	1	2	27	3.4
id-08002	10	11	25	4.0
id-08003	1	2	27	3.9
id-08004	8	8	18	4.4
id-08005	5	6	12	4.2
id-08006	9	14	19	3.4
id-08007	10	15	22	4.4
id-08008	6	4	12	4.0
id-08009	10	2	26	4.0
id-08010	8	12	10	4.1
id-08011	5	2	22	3.5
id-08012	8	10	1	4.9
id-08013	4	8	19	4.4
id-08014	5	5	11	4.7
id-08015	8	7	29	3.1
id-08016	5	8	13	4.4
id-08017	7	2	3	4.7
id-08018	8	13	15	4.2
id-08019	1	2	30	3.3
id-08020	1	2	26	3.1
id-08021	8	5	20	4.7
id-08022	1	2	7	4.0
id-08023	10	6	6	3.8
id-08024	4	5	15	3.8
id-08025	9	16	29	3.1
id-08026	9	7	20	3.8
id-08027	7	12	11	4.7
id-08028	4	3	13	3.8
id-08029	5	3	26	4.3
id-08030	9	5	5	3.9
id-08031	7	8	6	5.0
id-08032	4	5	28	4.9
id-08033	9	18	15	3.3
id-08034	9	9	10	3.1
id-08035	7	3	27	4.8
id-08036	4	3	1	3.6
id-08037	1	2	23	5.0
id-08038	10	16	21	3.6
id-08039	5	7	6	4.6
id-08040	8	16	10	4.4
id-08041	5	8	1	3.5
id-08042	3	4	3	3.4
id-08043	1	2	7	4.2
id-08044	2	2	23	4.2
id-08045	3	6	24	4.1
id-08046	1	2	24	3.7
id-08047	4	7	22	4.0
id-08048	3	5	25	4.3
id-08049	9	11	14	4.5
id-08050	8	4	5	3.6
id-08051	4	2	23	4.0
id-08052	4	7	19	4.7
id-08053	4	6	23	3.6
id-08054	8	8	2	3.9
id-08055	2	3	8	3.7
id-08056	1	2	13	3.3
id-08057	8	13	28	3.3
id-08058	4	5	17	4.5
id-08059	1	2	15	4.4
id-08060	4	4	19	3.3
id-08061	1	2	12	4.6
id-08062	1	2	21	3.2
id-08063	8	13	6	3.5
id-08064	9	7	3	3.7
id-08065	4	6	12	4.1
id-08066	1	2	30	3.2
id-08067	10	15	17	4.5
id-08068	8	12	21	4.5
id-08069	6	12	16	4.1
id-08070	7	9	20	4.4
id-08071	9	9	17	4.9
id-08072	5	5	2	4.3
id-08073	3	3	15	4.0
id-08074	1	2	4	3.1
id-08075	1	2	19	4.0
id-08076	3	2	26	3.7
id-08077	4	5	4	3.2
id-08078	4	3	7	3.4
id-08079	5	2	4	4.4
id-08080	9	12	24	4.4
id-08081	1	2	7	3.7
id-08082	1	2	21	5.0
id-08083	6	9	6	3.0
id-08084	5	6	2	3.8
id-08085	9	16	2	3.8
id-08086	2	3	18	4.2
id-08087	10	19	8	3.6
id-08088	3	4	20	4.2
id-08089	1	2	8	3.2
id-08090	9	2	19	4.8
id-08091	6	9	28	3.6
id-08092	1	2	9	4.2
id-08093	1	2	4	3.3
id-08094	8	11	6	4.3
id-08095	7	3	1	4.2
id-08096	8	11	5	3.2
id-08097	3	4	14	4.9
id-08098	10	3	23	3.7
id-08099	5	6	17	3.7
id-08100	4	6	5	3.2
id-08101	5	2	24	5.0
id-08102	3	5	7	3.0
id-08103	2	4	15	3.5
id-08104	9	18	4	4.3
id-08105	3	5	15	3.6
id-08106	7	8	3	3.9
id-08107	4	7	29	3.8
id-08108	6	12	25	4.7
id-08109	3	2	2	3.3
id-08110	4	6	9	3.5
id-08111	10	17	2	4.9
id-08112	10	13	20	4.7
id-08113	9	18	30	3.5
id-08114	4	7	1	3.7
id-08115	3	5	4	4.4
id-08116	2	3	1	4.3
id-08117	3	5	20	3.6
id-08118	4	2	5	4.1
id-08119	6	7	25	4.8
id-08120	2	3	7	4.1
id-08121	4	4	29	4.4
id-08122	10	14	5	3.6
id-08123	8	9	6	3.7
id-08124	7	5	11	3.9
id-08125	3	6	5	4.1
id-08126	3	2	3	4.2
id-08127	7	6	24	3.8
id-08128	2	2	12	4.3
id-08129	8	11	14	3.1
id-08130	1	2	26	3.7
id-08131	10	14	4	3.2
id-08132	8	12	20	4.0
id-08133	1	2	18	3.1
id-08134	5	10	22	4.9
id-08135	8	12	27	4.6
id-08136	1	2	18	3.2
id-08137	5	6	1	3.8
id-08138	4	8	29	4.9
id-08139	4	6	13	4.4
id-08140	10	6	11	4.7
id-08141	2	2	16	4.9
id-08142	5	9	15	3.0
id-08143	7	9	7	3.3
id-08144	8	16	21	3.5
id-08145	1	2	3	4.3
id-08146	8	14	25	5.0
id-08147	1	2	25	3.0
id-08148	7	8	5	3.8
id-08149	7	3	29	4.3
id-08150	2	4	24	4.8
id-08151	10	8	21	3.8
id-08152	7	2	22	3.8
id-08153	2	3	14	3.8
id-08154	9	3	26	4.9
id-08155	7	5	21	4.9
id-08156	6	11	14	4.7
id-08157	10	13	4	4.1
id-08158	4	4	4	4.8
id-08159	7	10	22	3.2
id-08160	3	6	17	4.8
id-08161	6	7	18	5.0
id-08162	10	7	29	4.3
id-08163	7	9	21	3.1
id-08164	3	2	18	4.1
id-08165	1	2	21	3.2
id-08166	1	2	21	4.3
id-08167	8	9	23	4.5
id-08168	6	3	19	4.9
id-08169	7	2	14	3.7
id-08170	6	3	2	4.1
id-08171	2	4	12	3.4
id-08172	4	6	10	3.4
id-08173	7	6	3	4.7
id-08174	2	2	18	4.4
id-08175	3	4	6	3.6
id-08176	2	4	7	3.4
id-08177	2	4	20	3.6
id-08178	4	5	22	3.8
id-08179	9	14	20	3.4
id-08180	3	3	17	3.8
id-08181	4	7	27	4.0
id-08182	3	4	11	3.5
id-08183	1	2	25	3.6
id-08184	9	7	21	4.1
id-08185	3	6	21	4.3
id-08186	3	6	14	3.5
id-08187	4	2	13	3.1
id-08188	5	6	7	4.0
id-08189	7	6	13	3.1
id-08190	3	2	3	3.8
id-08191	7	12	3	3.1
id-08192	5	4	17	4.5
id-08193	9	6	28	4.1
id-08194	9	3	17	4.5
id-08195	6	9	16	3.7
id-08196	4	6	21	4.0
id-08197	8	9	30	3.2
id-08198	9	7	19	3.2
id-08199	3	4	2	3.9
id-08200	7	6	4	3.3
id-08201	7	3	3	4.1
id-08202	7	10	17	4.4
id-08203	6	3	5	3.8
id-08204	9	15	9	3.8
id-08205	4	5	1	4.9
id-08206	1	2	20	4.0
id-08207	3	3	10	5.0
id-08208	3	3	21	3.5
id-08209	7	4	22	4.1
id-08210	7	6	11	5.0
id-08211	9	14	2	3.8
id-08212	2	3	6	4.0
id-08213	2	3	11	3.3
id-08214	8	2	30	3.3
id-08215	4	8	18	4.4
id-08216	9	11	30	3.0
id-08217	9	7	26	4.8
id-08218	10	19	7	4.0
id-08219	6	3	7	3.3
id-08220	7	5	2	3.5
id-08221	4	3	22	4.7
id-08222	7	12	8	3.3
id-08223	2	2	2	4.5
id-08224	7	12	13	4.5
id-08225	2	3	19	4.8
id-08226	3	6	22	3.8
id-08227	5	10	29	3.9
id-08228	4	4	19	4.8
id-08229	2	3	16	3.2
id-08230	10	13	12	4.5
id-08231	9	18	13	4.6
id-08232	6	5	30	3.5
id-08233	3	5	9	4.3
id-08234	10	12	20	4.1
id-08235	3	3	24	4.8
id-08236	10	9	20	3.6
id-08237	2	4	15	5.0
id-08238	2	3	8	5.0
id-08239	8	15	24	3.1
id-08240	3	2	11	3.6
id-08241	3	6	29	3.6
id-08242	2	3	5	4.5
id-08243	8	6	25	4.0
id-08244	9	16	19	3.6
id-08245	3	6	11	3.3
id-08246	5	10	28	4.5
id-08247	6	10	15	4.5
id-08248	5	3	23	3.7
id-08249	5	9	16	4.1
id-08250	8	14	2	3.8
id-08251	10	5	11	3.0
id-08252	9	2	4	4.9
id-08253	7	11	12	3.7
id-08254	8	10	6	3.5
id-08255	2	4	3	4.1
id-08256	1	2	13	3.9
id-08257	4	3	22	3.9
id-08258	2	3	21	4.8
id-08259	1	2	25	4.3
id-08260	4	3	4	4.7
id-08261	5	7	1	3.8
id-08262	7	5	17	4.8
id-08263	3	3	19	3.5
id-08264	5	8	8	4.7
id-08265	3	6	9	4.5
id-08266	4	6	17	4.9
id-08267	10	3	12	3.8
id-08268	3	6	10	4.6
id-08269	2	4	22	3.1
id-08270	10	3	3	3.7
id-08271	2	3	30	4.5
id-08272	3	6	13	4.0
id-08273	7	13	28	4.8
id-08274	8	9	26	4.5
id-08275	1	2	14	4.2
id-08276	5	8	9	4.3
id-08277	5	7	5	3.5
id-08278	6	9	5	3.1
id-08279	9	12	23	4.6
id-08280	9	16	19	3.4
id-08281	4	5	4	4.8
id-08282	5	6	26	4.7
id-08283	6	4	17	3.5
id-08284	1	2	24	4.3
id-08285	9	2	27	3.2
id-08286	2	3	14	4.1
id-08287	2	4	14	4.1
id-08288	4	4	18	4.5
id-08289	7	6	8	3.1
id-08290	7	12	6	3.2
id-08291	9	14	17	3.4
id-08292	2	2	20	3.7
id-08293	8	3	10	4.5
id-08294	10	10	17	3.4
id-08295	3	2	19	4.4
id-08296	7	9	20	5.0
id-08297	2	4	5	4.8
id-08298	2	2	25	4.7
id-08299	6	12	13	3.5
id-08300	3	6	5	4.6
id-08301	5	9	7	5.0
id-08302	10	4	18	3.5
id-08303	10	12	12	3.2
id-08304	2	4	26	4.0
id-08305	5	9	6	3.9
id-08306	3	2	21	4.4
id-08307	6	12	12	3.7
id-08308	8	11	3	4.1
id-08309	4	7	7	3.1
id-08310	6	7	26	5.0
id-08311	10	4	25	4.1
id-08312	2	3	11	4.5
id-08313	4	4	30	3.1
id-08314	5	10	24	4.2
id-08315	3	5	11	3.2
id-08316	1	2	8	3.6
id-08317	8	11	27	3.4
id-08318	10	12	18	3.9
id-08319	6	9	22	3.5
id-08320	10	15	14	3.2
id-08321	5	9	29	4.9
id-08322	5	2	13	3.5
id-08323	5	8	7	4.9
id-08324	6	12	19	4.3
id-08325	9	6	14	3.8
id-08326	8	7	19	4.2
id-08327	7	3	11	4.3
id-08328	10	2	17	4.0
id-08329	4	2	3	3.7
id-08330	1	2	26	4.6
id-08331	2	4	5	3.8
id-08332	10	5	3	3.8
id-08333	1	2	12	4.6
id-08334	5	10	8	3.2
id-08335	1	2	4	4.5
id-08336	5	4	8	4.0
id-08337	9	8	5	3.6
id-08338	1	2	6	4.4
id-08339	9	5	15	4.1
id-08340	7	14	18	3.7
id-08341	1	2	12	3.1
id-08342	1	2	22	5.0
id-08343	6	3	22	3.9
id-08344	4	3	4	3.8
id-08345	3	6	10	4.9
id-08346	7	13	26	3.6
id-08347	4	6	15	3.5
id-08348	2	4	29	4.6
id-08349	8	7	1	3.2
id-08350	3	6	8	4.3
id-08351	4	4	21	4.4
id-08352	1	2	3	5.0
id-08353	4	5	16	3.1
id-08354	3	3	12	3.5
id-08355	7	8	7	4.3
id-08356	7	5	12	4.0
id-08357	6	9	29	4.9
id-08358	2	3	13	4.0
id-08359	9	7	11	4.2
id-08360	1	2	30	3.3
id-08361	8	5	29	4.7
id-08362	7	6	1	4.5
id-08363	7	3	28	3.1
id-08364	2	3	2	4.8
id-08365	6	9	7	4.8
id-08366	10	13	7	3.1
id-08367	1	2	10	4.7
id-08368	1	2	23	3.3
id-08369	5	2	20	4.4
id-08370	7	3	10	4.2
id-08371	8	7	11	4.5
id-08372	4	4	22	4.9
id-08373	3	3	20	4.7
id-08374	1	2	23	3.9
id-08375	1	2	10	4.7
id-08376	7	6	10	3.1
id-08377	10	8	12	4.2
id-08378	7	5	13	3.5
id-08379	7	3	1	3.3
id-08380	10	16	27	4.4
id-08381	4	5	3	4.0
id-08382	1	2	15	4.5
id-08383	7	9	17	4.7
id-08384	6	4	20	3.2
id-08385	10	4	25	3.5
id-08386	8	14	22	3.8
id-08387	6	2	20	3.3
id-08388	2	2	20	3.1
id-08389	4	4	30	4.2
id-08390	8	8	10	5.0
id-08391	6	6	18	3.6
id-08392	8	6	13	4.1
id-08393	6	12	1	4.0
id-08394	3	6	6	4.2
id-08395	9	5	7	3.9
id-08396	4	2	26	3.1
id-08397	10	14	29	4.1
id-08398	6	3	1	4.7
id-08399	1	2	24	4.9
id-08400	1	2	30	4.6
id-08401	2	3	8	4.3
id-08402	5	5	22	4.7
id-08403	2	2	25	4.1
id-08404	4	4	1	4.2
id-08405	10	10	1	4.9
id-08406	2	3	3	3.8
id-08407	2	2	15	4.9
id-08408	3	4	30	3.0
id-08409	1	2	19	4.5
id-08410	8	6	26	4.4
id-08411	8	14	17	4.9
id-08412	6	11	15	4.5
id-08413	1	2	14	4.2
id-08414	9	9	15	3.5
id-08415	9	11	1	4.4
id-08416	3	2	17	3.7
id-08417	3	5	4	4.2
id-08418	10	7	30	4.1
id-08419	7	5	6	4.3
id-08420	9	2	22	4.7
id-08421	7	4	24	4.7
id-08422	7	2	7	4.2
id-08423	6	8	4	4.4
id-08424	8	16	19	4.6
id-08425	10	13	11	4.7
id-08426	9	9	18	4.2
id-08427	8	15	6	5.0
id-08428	5	2	6	4.4
id-08429	4	7	26	3.2
id-08430	9	3	6	3.1
id-08431	10	15	25	3.3
id-08432	7	7	22	3.9
id-08433	5	3	22	3.4
id-08434	9	14	25	4.4
id-08435	8	14	6	4.6
id-08436	4	2	16	3.5
id-08437	7	3	9	3.1
id-08438	6	12	29	4.5
id-08439	10	13	18	4.8
id-08440	7	9	6	3.7
id-08441	5	2	12	4.3
id-08442	5	4	20	3.8
id-08443	4	4	19	4.6
id-08444	2	2	19	4.4
id-08445	7	4	2	4.4
id-08446	1	2	22	3.2
id-08447	8	14	22	4.7
id-08448	10	19	1	3.8
id-08449	8	7	28	4.9
id-08450	4	2	6	4.5
id-08451	6	4	27	4.7
id-08452	2	3	30	4.3
id-08453	3	3	6	3.9
id-08454	3	6	7	3.3
id-08455	3	5	29	3.8
id-08456	9	6	12	4.0
id-08457	10	9	24	3.7
id-08458	3	5	6	3.1
id-08459	4	7	16	4.6
id-08460	10	8	7	4.5
id-08461	2	3	2	4.2
id-08462	10	6	12	3.2
id-08463	1	2	9	3.0
id-08464	5	3	28	4.6
id-08465	7	4	17	4.6
id-08466	9	5	23	4.3
id-08467	9	5	30	4.5
id-08468	6	9	12	3.2
id-08469	6	11	12	4.5
id-08470	8	11	24	4.6
id-08471	2	3	26	4.5
id-08472	3	6	26	3.4
id-08473	9	5	2	3.2
id-08474	2	4	11	3.5
id-08475	6	2	8	3.5
id-08476	1	2	25	4.3
id-08477	1	2	23	3.1
id-08478	2	2	2	4.1
id-08479	7	4	10	4.6
id-08480	2	4	17	4.3
id-08481	7	10	24	3.5
id-08482	8	16	19	4.7
id-08483	7	3	6	4.9
id-08484	7	3	10	3.5
id-08485	4	4	24	4.5
id-08486	2	2	9	3.9
id-08487	7	6	7	4.8
id-08488	10	14	12	4.5
id-08489	8	14	27	4.3
id-08490	9	6	19	4.3
id-08491	5	8	11	3.1
id-08492	10	20	6	3.7
id-08493	4	3	10	3.2
id-08494	5	5	29	4.0
id-08495	9	12	19	3.3
id-08496	9	14	9	4.3
id-08497	10	19	1	4.3
id-08498	4	2	2	3.5
id-08499	4	8	24	3.8
id-08500	5	3	10	3.8
id-08501	2	4	15	3.8
id-08502	10	13	13	3.0
id-08503	7	10	6	3.6
id-08504	6	10	13	3.9
id-08505	3	3	6	3.9
id-08506	4	3	14	3.4
id-08507	1	2	7	4.2
id-08508	3	6	17	3.5
id-08509	9	9	4	3.1
id-08510	9	6	2	4.3
id-08511	3	6	8	4.2
id-08512	1	2	4	5.0
id-08513	4	8	17	4.0
id-08514	8	2	24	4.2
id-08515	9	10	28	4.4
id-08516	3	5	24	3.2
id-08517	3	2	10	3.3
id-08518	8	5	16	4.4
id-08519	3	2	25	3.6
id-08520	1	2	22	4.3
id-08521	6	10	27	4.5
id-08522	4	6	6	3.1
id-08523	5	4	24	4.5
id-08524	9	2	18	4.6
id-08525	9	6	30	3.3
id-08526	8	15	4	3.4
id-08527	5	3	13	3.5
id-08528	3	4	12	4.6
id-08529	10	6	18	4.9
id-08530	9	3	24	4.5
id-08531	10	10	19	4.9
id-08532	9	16	9	4.4
id-08533	2	2	18	4.3
id-08534	3	6	2	3.9
id-08535	9	9	18	3.6
id-08536	6	5	8	4.8
id-08537	8	12	12	3.7
id-08538	7	4	23	4.4
id-08539	8	8	18	3.8
id-08540	4	6	26	3.7
id-08541	3	3	22	4.4
id-08542	10	11	5	4.8
id-08543	7	8	4	4.3
id-08544	9	14	3	4.9
id-08545	6	4	5	3.9
id-08546	1	2	7	4.9
id-08547	6	4	20	4.1
id-08548	10	15	11	4.2
id-08549	9	10	8	4.7
id-08550	9	16	30	4.2
id-08551	2	2	1	4.8
id-08552	1	2	29	3.7
id-08553	6	5	9	4.7
id-08554	9	3	14	3.1
id-08555	7	12	15	4.8
id-08556	2	2	18	3.9
id-08557	8	13	7	3.8
id-08558	3	3	20	4.1
id-08559	10	10	29	4.4
id-08560	9	9	30	4.2
id-08561	7	3	10	3.9
id-08562	7	7	25	3.8
id-08563	3	3	13	3.2
id-08564	2	3	25	4.0
id-08565	4	6	28	5.0
id-08566	3	3	19	4.1
id-08567	4	2	26	4.1
id-08568	9	11	18	4.4
id-08569	9	18	8	3.7
id-08570	7	11	2	4.2
id-08571	10	15	1	4.3
id-08572	6	2	18	4.7
id-08573	9	16	28	4.2
id-08574	10	17	5	4.1
id-08575	4	7	19	4.2
id-08576	1	2	14	4.5
id-08577	6	10	2	3.9
id-08578	10	2	2	3.0
id-08579	6	5	23	4.1
id-08580	8	2	11	4.1
id-08581	7	12	18	3.4
id-08582	1	2	7	5.0
id-08583	5	9	26	4.6
id-08584	3	6	12	3.8
id-08585	4	8	27	4.1
id-08586	2	2	7	4.3
id-08587	10	7	15	3.2
id-08588	4	2	5	4.5
id-08589	3	6	29	3.2
id-08590	5	10	23	3.7
id-08591	3	6	22	4.8
id-08592	8	10	3	4.6
id-08593	10	20	5	4.0
id-08594	2	4	6	3.0
id-08595	6	5	26	4.1
id-08596	1	2	12	4.6
id-08597	7	3	26	4.7
id-08598	2	3	7	3.7
id-08599	1	2	28	4.6
id-08600	10	3	15	4.2
id-08601	2	2	3	4.7
id-08602	5	5	13	4.3
id-08603	5	3	30	4.2
id-08604	3	2	14	4.7
id-08605	8	13	13	3.8
id-08606	5	4	8	4.6
id-08607	2	4	9	4.7
id-08608	1	2	1	3.3
id-08609	10	9	12	4.8
id-08610	8	14	21	3.5
id-08611	9	17	16	4.8
id-08612	8	16	23	3.9
id-08613	10	19	23	3.3
id-08614	1	2	22	3.4
id-08615	8	11	12	3.6
id-08616	7	5	7	4.0
id-08617	9	5	21	4.4
id-08618	1	2	11	4.2
id-08619	6	4	18	4.6
id-08620	1	2	14	3.5
id-08621	7	10	20	4.0
id-08622	4	2	10	4.0
id-08623	7	12	2	4.8
id-08624	3	3	3	3.4
id-08625	3	6	2	4.0
id-08626	6	4	7	3.3
id-08627	4	5	2	5.0
id-08628	10	16	2	5.0
id-08629	9	6	17	4.5
id-08630	9	13	29	3.8
id-08631	10	20	29	4.7
id-08632	5	8	10	3.7
id-08633	8	12	2	3.7
id-08634	1	2	15	3.6
id-08635	5	10	20	3.1
id-08636	5	6	8	3.7
id-08637	8	11	4	4.5
id-08638	4	5	10	3.7
id-08639	4	4	1	4.1
id-08640	2	4	29	4.3
id-08641	8	4	24	3.8
id-08642	7	2	12	3.7
id-08643	1	2	7	4.3
id-08644	3	6	24	3.7
id-08645	9	16	16	4.7
id-08646	2	3	17	3.5
id-08647	10	6	18	4.0
id-08648	9	14	13	3.6
id-08649	4	5	28	4.0
id-08650	3	2	10	4.1
id-08651	4	6	10	4.8
id-08652	7	3	19	4.0
id-08653	10	14	6	4.5
id-08654	6	11	23	4.3
id-08655	2	2	1	3.0
id-08656	4	2	13	4.9
id-08657	8	2	6	4.0
id-08658	3	5	26	3.8
id-08659	4	4	3	4.8
id-08660	3	6	28	4.2
id-08661	4	3	1	4.0
id-08662	9	5	12	4.4
id-08663	7	7	15	4.9
id-08664	3	5	11	4.0
id-08665	7	13	12	3.7
id-08666	8	7	6	4.9
id-08667	4	2	9	3.0
id-08668	3	5	6	4.7
id-08669	8	3	13	3.4
id-08670	9	2	13	3.3
id-08671	1	2	28	3.3
id-08672	3	5	27	3.5
id-08673	9	7	20	4.6
id-08674	6	7	6	3.4
id-08675	10	18	5	4.4
id-08676	2	2	9	5.0
id-08677	9	2	19	4.0
id-08678	6	2	15	3.4
id-08679	6	9	7	4.0
id-08680	8	10	16	3.6
id-08681	9	13	29	3.2
id-08682	7	8	7	4.1
id-08683	3	3	9	3.1
id-08684	2	4	26	4.8
id-08685	5	7	30	4.5
id-08686	8	6	15	4.6
id-08687	10	12	6	3.6
id-08688	9	15	1	4.0
id-08689	2	4	15	3.6
id-08690	10	15	17	3.6
id-08691	4	2	4	5.0
id-08692	5	8	24	4.1
id-08693	1	2	7	3.4
id-08694	7	6	10	4.1
id-08695	9	3	9	4.5
id-08696	5	7	7	4.3
id-08697	6	9	19	4.8
id-08698	7	14	9	3.5
id-08699	10	3	16	3.5
id-08700	2	4	6	4.9
id-08701	9	15	13	4.2
id-08702	9	10	20	3.3
id-08703	4	2	27	4.7
id-08704	9	12	26	4.6
id-08705	1	2	5	4.5
id-08706	9	4	5	3.2
id-08707	5	3	14	4.1
id-08708	9	14	6	4.1
id-08709	6	9	10	4.8
id-08710	7	4	19	4.4
id-08711	7	10	5	3.4
id-08712	7	8	14	4.9
id-08713	10	9	6	4.5
id-08714	4	5	14	4.5
id-08715	8	9	15	4.6
id-08716	6	9	24	4.1
id-08717	7	4	8	4.6
id-08718	3	3	21	3.8
id-08719	6	11	3	4.3
id-08720	4	8	30	4.5
id-08721	1	2	24	4.6
id-08722	9	4	5	4.5
id-08723	6	7	10	3.0
id-08724	4	6	30	4.2
id-08725	7	2	18	4.7
id-08726	7	11	14	3.1
id-08727	1	2	9	5.0
id-08728	7	11	18	4.5
id-08729	2	3	25	4.0
id-08730	10	19	19	4.7
id-08731	8	14	20	3.2
id-08732	2	4	20	4.0
id-08733	10	8	21	3.3
id-08734	7	7	2	4.0
id-08735	10	3	23	3.7
id-08736	7	3	8	3.7
id-08737	4	5	30	4.0
id-08738	5	8	10	3.5
id-08739	1	2	27	3.8
id-08740	4	5	2	4.5
id-08741	7	10	24	4.5
id-08742	4	6	1	3.4
id-08743	6	9	11	3.7
id-08744	7	7	13	3.1
id-08745	3	5	21	4.7
id-08746	9	9	22	4.4
id-08747	8	7	8	4.0
id-08748	4	4	18	4.4
id-08749	3	5	5	3.1
id-08750	2	4	14	3.5
id-08751	10	13	16	3.1
id-08752	10	13	24	3.6
id-08753	8	5	5	4.5
id-08754	8	2	5	4.9
id-08755	10	7	5	3.3
id-08756	7	7	17	3.7
id-08757	6	9	20	4.6
id-08758	8	14	13	4.1
id-08759	2	2	10	4.1
id-08760	3	4	1	4.6
id-08761	2	4	16	4.6
id-08762	7	10	7	3.3
id-08763	9	17	1	4.4
id-08764	2	3	29	3.7
id-08765	2	3	28	5.0
id-08766	10	4	18	3.8
id-08767	9	14	7	4.5
id-08768	6	2	7	3.1
id-08769	4	2	21	4.9
id-08770	8	3	27	4.3
id-08771	9	5	6	3.8
id-08772	4	3	2	4.7
id-08773	5	7	22	3.9
id-08774	4	3	22	3.7
id-08775	10	4	15	4.8
id-08776	7	2	7	3.7
id-08777	9	7	30	3.9
id-08778	2	3	29	5.0
id-08779	8	7	21	3.7
id-08780	6	4	4	4.4
id-08781	8	16	2	5.0
id-08782	5	4	23	3.1
id-08783	7	14	19	3.3
id-08784	7	8	12	3.0
id-08785	7	11	30	4.6
id-08786	5	5	22	4.4
id-08787	1	2	27	3.3
id-08788	9	11	27	3.1
id-08789	9	18	26	4.7
id-08790	9	10	7	4.4
id-08791	4	3	28	4.5
id-08792	10	19	6	3.2
id-08793	4	7	12	4.1
id-08794	6	8	2	4.7
id-08795	2	2	8	3.5
id-08796	6	2	14	4.4
id-08797	10	7	29	4.9
id-08798	8	9	4	3.0
id-08799	5	2	1	3.9
id-08800	9	2	12	4.9
id-08801	1	2	27	3.1
id-08802	8	10	21	4.0
id-08803	2	3	3	3.3
id-08804	9	18	12	4.0
id-08805	8	11	21	3.9
id-08806	9	11	22	4.7
id-08807	1	2	5	3.7
id-08808	4	3	24	3.4
id-08809	10	11	6	4.1
id-08810	5	6	6	4.4
id-08811	9	16	1	4.8
id-08812	2	3	26	3.8
id-08813	6	7	11	3.1
id-08814	10	15	14	3.3
id-08815	1	2	19	3.6
id-08816	8	13	3	3.9
id-08817	8	13	29	3.3
id-08818	1	2	11	3.8
id-08819	3	6	21	3.7
id-08820	5	10	24	3.9
id-08821	10	7	29	3.1
id-08822	10	4	8	4.7
id-08823	7	11	20	3.9
id-08824	8	3	28	3.8
id-08825	7	4	24	4.8
id-08826	1	2	16	4.9
id-08827	3	6	20	4.5
id-08828	8	6	11	4.9
id-08829	1	2	5	4.0
id-08830	1	2	6	4.3
id-08831	2	2	28	3.4
id-08832	5	8	30	4.9
id-08833	8	16	10	4.4
id-08834	6	4	25	4.7
id-08835	8	5	14	4.3
id-08836	1	2	30	4.3
id-08837	9	10	20	4.8
id-08838	7	4	1	3.9
id-08839	6	5	16	3.2
id-08840	4	4	13	3.5
id-08841	10	2	21	4.2
id-08842	6	7	3	4.4
id-08843	7	2	20	4.7
id-08844	6	10	25	3.3
id-08845	10	6	18	4.1
id-08846	4	8	19	4.3
id-08847	2	3	21	4.9
id-08848	8	10	1	3.3
id-08849	4	2	7	4.7
id-08850	5	7	11	3.0
id-08851	10	5	16	4.5
id-08852	1	2	11	3.4
id-08853	3	6	29	4.1
id-08854	3	4	12	3.6
id-08855	9	16	5	4.5
id-08856	1	2	12	3.9
id-08857	8	11	6	4.9
id-08858	8	16	7	3.8
id-08859	9	18	7	4.2
id-08860	3	4	20	4.7
id-08861	3	4	20	3.3
id-08862	5	4	8	4.6
id-08863	7	8	18	3.7
id-08864	9	18	11	3.0
id-08865	8	10	4	4.7
id-08866	3	3	22	3.5
id-08867	5	8	11	4.2
id-08868	4	4	6	5.0
id-08869	2	4	17	4.0
id-08870	10	9	26	3.6
id-08871	5	3	10	3.9
id-08872	8	5	22	4.6
id-08873	1	2	7	4.8
id-08874	7	7	11	4.9
id-08875	5	7	28	5.0
id-08876	8	16	27	4.5
id-08877	6	9	17	4.1
id-08878	5	2	18	3.4
id-08879	1	2	2	4.4
id-08880	6	3	24	4.5
id-08881	9	2	3	3.4
id-08882	8	3	12	4.3
id-08883	4	6	28	4.4
id-08884	5	3	14	3.0
id-08885	5	7	2	4.6
id-08886	8	13	30	4.5
id-08887	5	7	27	4.1
id-08888	4	7	19	4.3
id-08889	3	3	22	4.2
id-08890	4	3	17	4.7
id-08891	2	2	27	4.5
id-08892	6	2	25	4.4
id-08893	7	5	13	4.7
id-08894	3	2	5	3.7
id-08895	7	2	11	4.5
id-08896	8	16	23	4.9
id-08897	7	9	22	3.9
id-08898	1	2	7	3.1
id-08899	7	10	21	3.9
id-08900	4	6	6	4.6
id-08901	4	2	17	4.3
id-08902	2	2	11	4.6
id-08903	6	5	21	3.3
id-08904	2	4	24	4.6
id-08905	8	8	11	4.1
id-08906	10	20	1	4.9
id-08907	5	8	9	4.4
id-08908	4	2	2	4.5
id-08909	10	11	28	4.1
id-08910	7	5	11	3.5
id-08911	2	4	1	3.8
id-08912	3	3	4	5.0
id-08913	10	13	30	3.9
id-08914	7	5	4	3.7
id-08915	5	2	13	3.6
id-08916	3	4	13	4.2
id-08917	1	2	17	4.7
id-08918	3	5	7	3.2
id-08919	9	7	11	5.0
id-08920	8	16	16	3.8
id-08921	4	7	26	3.4
id-08922	2	4	26	3.5
id-08923	7	14	9	3.4
id-08924	2	3	5	3.0
id-08925	2	3	16	4.5
id-08926	7	6	9	3.9
id-08927	2	3	5	3.2
id-08928	3	3	20	4.7
id-08929	2	4	25	4.2
id-08930	10	3	22	4.8
id-08931	4	3	18	3.5
id-08932	7	10	12	3.2
id-08933	9	8	16	5.0
id-08934	10	16	2	4.2
id-08935	1	2	20	3.6
id-08936	2	3	22	4.6
id-08937	7	12	27	3.0
id-08938	2	2	16	4.4
id-08939	8	6	27	4.4
id-08940	9	11	28	4.7
id-08941	6	5	15	4.0
id-08942	9	4	9	4.7
id-08943	6	12	29	4.2
id-08944	1	2	29	4.7
id-08945	5	2	24	4.9
id-08946	6	11	22	4.9
id-08947	5	10	3	4.9
id-08948	3	5	27	3.0
id-08949	10	9	5	4.8
id-08950	2	3	25	3.7
id-08951	7	13	16	3.2
id-08952	3	3	4	3.8
id-08953	8	14	2	4.3
id-08954	7	6	16	3.9
id-08955	6	7	16	4.8
id-08956	1	2	15	4.2
id-08957	10	15	18	4.0
id-08958	9	4	10	4.1
id-08959	4	7	3	4.7
id-08960	2	4	10	3.5
id-08961	9	11	17	3.6
id-08962	5	8	23	3.0
id-08963	10	4	27	5.0
id-08964	9	17	18	4.3
id-08965	6	4	18	3.1
id-08966	5	10	5	3.2
id-08967	6	10	28	3.5
id-08968	4	3	5	4.6
id-08969	6	11	12	3.5
id-08970	5	7	28	4.2
id-08971	8	15	13	4.1
id-08972	2	2	17	3.1
id-08973	7	11	29	3.3
id-08974	4	2	17	3.7
id-08975	6	11	18	3.3
id-08976	9	2	5	4.7
id-08977	2	4	12	3.2
id-08978	6	5	2	4.3
id-08979	1	2	20	3.9
id-08980	10	16	3	4.6
id-08981	5	5	6	3.3
id-08982	7	14	13	4.8
id-08983	9	9	9	4.5
id-08984	9	12	11	4.4
id-08985	6	5	12	3.1
id-08986	5	5	22	4.8
id-08987	8	16	19	3.6
id-08988	8	9	1	3.8
id-08989	3	6	12	3.2
id-08990	7	7	9	3.5
id-08991	9	9	16	3.1
id-08992	3	6	27	3.4
id-08993	9	11	6	4.3
id-08994	3	3	5	4.0
id-08995	7	3	19	5.0
id-08996	2	4	22	3.5
id-08997	10	2	9	3.6
id-08998	9	3	17	4.3
id-08999	8	13	16	3.9
id-09000	3	2	15	4.8
id-09001	6	4	28	3.1
id-09002	5	9	18	4.8
id-09003	2	3	26	4.5
id-09004	5	10	11	4.2
id-09005	4	3	5	4.8
id-09006	3	4	13	5.0
id-09007	2	4	17	4.3
id-09008	6	4	11	4.0
id-09009	9	15	4	4.4
id-09010	9	7	16	4.2
id-09011	8	11	15	3.6
id-09012	4	2	9	3.9
id-09013	3	4	3	4.2
id-09014	6	5	8	4.0
id-09015	1	2	4	4.0
id-09016	7	11	5	4.7
id-09017	8	14	29	4.0
id-09018	6	11	30	3.6
id-09019	10	20	20	3.3
id-09020	6	8	3	4.0
id-09021	10	19	11	3.6
id-09022	5	8	29	3.4
id-09023	10	19	7	4.6
id-09024	9	11	3	3.5
id-09025	8	13	26	4.2
id-09026	3	2	28	3.0
id-09027	8	6	23	3.2
id-09028	8	8	9	4.2
id-09029	7	7	8	4.4
id-09030	3	5	28	4.6
id-09031	4	2	20	3.1
id-09032	8	12	4	4.4
id-09033	6	4	20	3.9
id-09034	9	16	23	3.2
id-09035	7	9	19	3.5
id-09036	9	17	15	3.0
id-09037	1	2	17	3.2
id-09038	5	6	3	4.9
id-09039	5	4	16	3.1
id-09040	4	2	11	3.8
id-09041	4	7	6	3.4
id-09042	2	3	4	4.3
id-09043	6	8	8	3.4
id-09044	7	10	5	4.8
id-09045	8	5	2	3.2
id-09046	3	6	25	4.0
id-09047	3	6	26	4.8
id-09048	9	8	23	3.7
id-09049	6	3	8	3.4
id-09050	4	8	5	3.1
id-09051	4	3	9	3.5
id-09052	1	2	29	3.7
id-09053	5	5	20	3.8
id-09054	10	11	16	4.4
id-09055	8	11	19	4.0
id-09056	1	2	23	4.4
id-09057	6	10	26	3.2
id-09058	4	8	2	3.0
id-09059	7	10	21	3.2
id-09060	3	6	10	3.7
id-09061	8	2	8	4.6
id-09062	6	9	9	3.1
id-09063	1	2	29	4.7
id-09064	7	9	23	4.0
id-09065	1	2	12	4.3
id-09066	5	4	27	4.3
id-09067	3	2	8	3.7
id-09068	1	2	4	3.1
id-09069	3	6	17	4.9
id-09070	7	10	30	4.1
id-09071	7	3	11	3.6
id-09072	4	4	12	3.6
id-09073	2	3	21	3.0
id-09074	6	9	2	4.4
id-09075	4	7	18	4.0
id-09076	10	9	8	3.4
id-09077	5	8	22	4.8
id-09078	9	9	28	5.0
id-09079	3	4	29	4.6
id-09080	5	3	10	3.2
id-09081	2	3	30	3.3
id-09082	9	6	14	4.7
id-09083	1	2	4	3.8
id-09084	6	7	12	4.7
id-09085	3	2	8	3.4
id-09086	3	3	3	4.7
id-09087	1	2	24	4.7
id-09088	9	2	10	4.4
id-09089	4	8	11	3.4
id-09090	5	8	11	3.2
id-09091	10	18	19	4.5
id-09092	7	11	5	3.2
id-09093	6	11	17	3.3
id-09094	9	14	16	3.9
id-09095	1	2	9	4.2
id-09096	7	13	20	3.6
id-09097	9	3	13	4.0
id-09098	2	3	29	5.0
id-09099	2	2	28	4.2
id-09100	4	7	7	3.3
id-09101	1	2	23	3.6
id-09102	8	7	30	4.1
id-09103	7	2	3	4.4
id-09104	7	3	11	4.1
id-09105	5	5	27	4.5
id-09106	7	13	6	4.7
id-09107	8	7	5	3.8
id-09108	8	15	26	3.2
id-09109	7	11	21	3.3
id-09110	1	2	24	3.7
id-09111	4	7	18	4.3
id-09112	8	2	8	3.5
id-09113	10	7	24	4.5
id-09114	1	2	24	4.4
id-09115	6	7	28	3.1
id-09116	9	8	1	3.3
id-09117	6	10	30	3.9
id-09118	9	4	26	4.0
id-09119	2	3	27	3.3
id-09120	10	8	22	4.1
id-09121	9	7	12	3.1
id-09122	5	5	12	3.6
id-09123	8	14	19	3.3
id-09124	2	3	29	4.9
id-09125	3	6	18	4.1
id-09126	5	7	21	4.4
id-09127	4	3	21	3.0
id-09128	7	3	18	5.0
id-09129	7	13	11	4.1
id-09130	10	5	20	3.8
id-09131	9	6	19	4.2
id-09132	9	13	30	5.0
id-09133	2	3	18	4.0
id-09134	6	3	20	4.7
id-09135	1	2	2	4.7
id-09136	3	4	25	3.6
id-09137	7	10	11	3.0
id-09138	8	10	24	3.1
id-09139	9	15	11	4.7
id-09140	3	4	6	4.6
id-09141	3	5	6	4.3
id-09142	7	3	4	3.4
id-09143	8	12	14	3.2
id-09144	5	7	4	3.6
id-09145	3	2	12	3.0
id-09146	9	3	16	4.2
id-09147	2	4	6	3.1
id-09148	5	8	20	4.3
id-09149	9	9	1	3.3
id-09150	6	11	11	4.5
id-09151	7	14	10	3.8
id-09152	1	2	28	4.5
id-09153	6	10	19	4.3
id-09154	6	3	18	4.9
id-09155	4	2	18	4.8
id-09156	7	2	10	3.7
id-09157	7	10	6	3.3
id-09158	4	7	24	3.2
id-09159	10	3	2	3.4
id-09160	1	2	10	4.7
id-09161	8	7	16	3.2
id-09162	3	2	30	3.9
id-09163	9	3	10	3.5
id-09164	10	4	13	4.1
id-09165	2	4	9	4.9
id-09166	9	13	16	3.3
id-09167	2	4	13	3.2
id-09168	6	6	2	3.5
id-09169	3	2	4	3.1
id-09170	1	2	9	3.4
id-09171	1	2	21	4.4
id-09172	7	7	9	3.0
id-09173	5	9	30	3.8
id-09174	3	4	16	4.0
id-09175	3	3	21	3.6
id-09176	9	8	19	3.6
id-09177	8	12	28	4.2
id-09178	9	17	3	3.3
id-09179	5	8	20	3.5
id-09180	3	5	12	3.0
id-09181	10	10	19	4.6
id-09182	5	10	15	3.1
id-09183	9	7	9	4.6
id-09184	9	15	5	4.8
id-09185	2	2	4	4.2
id-09186	10	9	7	4.6
id-09187	5	6	29	4.9
id-09188	8	11	15	4.6
id-09189	3	6	3	3.3
id-09190	10	17	5	3.5
id-09191	3	5	4	4.3
id-09192	7	3	16	3.5
id-09193	1	2	5	3.0
id-09194	4	7	25	4.1
id-09195	2	3	9	3.1
id-09196	6	5	2	3.7
id-09197	3	6	10	3.9
id-09198	6	8	19	4.5
id-09199	9	17	28	4.4
id-09200	1	2	13	3.1
id-09201	1	2	28	3.5
id-09202	4	7	25	4.3
id-09203	1	2	10	3.0
id-09204	10	4	1	3.6
id-09205	3	6	11	3.9
id-09206	6	12	28	4.5
id-09207	10	13	11	3.7
id-09208	9	11	8	4.1
id-09209	3	5	17	3.1
id-09210	4	2	4	4.1
id-09211	4	2	22	4.5
id-09212	7	10	15	3.2
id-09213	8	14	15	4.4
id-09214	8	10	9	4.1
id-09215	4	5	14	4.1
id-09216	3	4	21	4.3
id-09217	2	3	14	3.8
id-09218	1	2	3	4.2
id-09219	7	10	30	4.8
id-09220	6	7	7	3.9
id-09221	1	2	4	4.4
id-09222	6	5	30	3.5
id-09223	6	9	27	3.9
id-09224	10	15	15	3.2
id-09225	1	2	13	3.3
id-09226	1	2	20	3.1
id-09227	1	2	19	3.4
id-09228	9	2	3	3.9
id-09229	9	3	6	4.5
id-09230	8	7	20	4.5
id-09231	9	11	11	4.7
id-09232	3	2	28	4.5
id-09233	1	2	28	3.9
id-09234	9	9	13	5.0
id-09235	2	4	1	3.7
id-09236	10	5	10	3.5
id-09237	8	3	10	4.5
id-09238	4	2	5	4.4
id-09239	4	4	23	4.2
id-09240	10	15	6	3.6
id-09241	3	5	9	3.3
id-09242	2	4	4	3.1
id-09243	3	5	20	4.8
id-09244	5	4	4	3.9
id-09245	10	10	7	3.5
id-09246	7	6	2	4.4
id-09247	6	10	26	5.0
id-09248	3	6	4	4.2
id-09249	9	4	21	3.4
id-09250	2	4	28	3.5
id-09251	3	5	9	3.3
id-09252	3	2	28	3.1
id-09253	4	2	29	4.0
id-09254	8	7	5	4.2
id-09255	2	4	20	4.8
id-09256	4	8	6	4.7
id-09257	5	6	15	5.0
id-09258	5	5	18	3.2
id-09259	8	3	11	4.3
id-09260	6	11	25	4.0
id-09261	5	6	20	4.3
id-09262	2	3	3	3.2
id-09263	2	4	9	3.8
id-09264	3	6	8	3.8
id-09265	1	2	14	3.5
id-09266	6	9	21	3.9
id-09267	6	4	13	3.9
id-09268	4	4	20	4.0
id-09269	7	4	2	4.7
id-09270	8	13	27	3.6
id-09271	2	3	19	4.3
id-09272	4	7	2	4.2
id-09273	1	2	7	4.9
id-09274	2	3	5	3.8
id-09275	6	8	28	4.7
id-09276	9	13	22	4.4
id-09277	1	2	12	3.7
id-09278	3	3	10	4.5
id-09279	1	2	21	3.7
id-09280	3	6	15	3.7
id-09281	9	18	4	4.7
id-09282	2	4	10	3.5
id-09283	1	2	30	3.5
id-09284	10	16	2	4.4
id-09285	7	2	7	4.9
id-09286	9	8	26	3.8
id-09287	9	3	7	4.7
id-09288	3	5	10	4.2
id-09289	7	11	4	4.5
id-09290	2	2	1	3.7
id-09291	8	12	29	4.9
id-09292	5	8	4	4.7
id-09293	3	3	29	3.8
id-09294	9	16	20	3.5
id-09295	2	3	13	3.4
id-09296	8	3	28	4.1
id-09297	8	3	25	3.8
id-09298	4	3	11	4.0
id-09299	2	4	8	4.4
id-09300	2	3	14	3.7
id-09301	1	2	21	3.1
id-09302	5	7	22	4.2
id-09303	10	20	30	4.4
id-09304	2	4	26	5.0
id-09305	8	14	1	3.3
id-09306	3	4	21	4.7
id-09307	1	2	9	3.3
id-09308	1	2	6	3.9
id-09309	5	6	28	3.2
id-09310	9	2	23	3.3
id-09311	5	6	4	4.4
id-09312	3	3	1	3.7
id-09313	3	3	22	4.2
id-09314	1	2	27	4.2
id-09315	3	2	27	4.0
id-09316	8	9	2	3.6
id-09317	4	3	14	3.3
id-09318	1	2	21	4.0
id-09319	7	11	15	4.9
id-09320	4	5	12	3.8
id-09321	9	16	28	4.9
id-09322	4	3	7	4.9
id-09323	3	5	11	3.9
id-09324	6	8	11	3.1
id-09325	3	4	5	4.0
id-09326	4	7	10	3.0
id-09327	2	3	11	3.4
id-09328	10	13	10	4.9
id-09329	6	4	23	3.3
id-09330	9	18	12	4.2
id-09331	7	3	30	3.5
id-09332	6	2	13	4.0
id-09333	10	4	22	3.7
id-09334	9	18	3	3.5
id-09335	2	3	24	3.7
id-09336	3	4	1	3.9
id-09337	7	2	14	3.0
id-09338	2	2	1	4.4
id-09339	9	7	21	4.0
id-09340	4	7	27	3.8
id-09341	8	6	13	3.2
id-09342	4	4	9	4.6
id-09343	6	7	8	3.3
id-09344	6	3	9	3.3
id-09345	9	15	5	3.3
id-09346	3	6	27	3.1
id-09347	1	2	23	3.5
id-09348	4	8	25	3.9
id-09349	4	5	20	4.9
id-09350	9	8	21	4.7
id-09351	7	4	1	3.1
id-09352	6	5	18	3.3
id-09353	6	3	18	3.6
id-09354	1	2	15	4.7
id-09355	3	3	7	4.5
id-09356	9	10	1	3.9
id-09357	2	2	26	3.0
id-09358	9	6	11	3.7
id-09359	7	3	3	3.1
id-09360	9	15	9	3.8
id-09361	5	7	10	4.7
id-09362	7	13	4	3.9
id-09363	10	3	8	3.2
id-09364	3	5	20	4.6
id-09365	3	2	30	3.6
id-09366	3	3	17	4.0
id-09367	1	2	29	3.3
id-09368	4	5	4	3.1
id-09369	9	15	20	3.1
id-09370	9	14	8	4.7
id-09371	6	4	12	4.5
id-09372	1	2	21	4.9
id-09373	3	6	3	4.6
id-09374	1	2	18	4.1
id-09375	8	3	17	3.4
id-09376	3	4	8	5.0
id-09377	2	3	15	3.9
id-09378	9	2	24	3.4
id-09379	5	6	10	4.4
id-09380	5	2	4	3.3
id-09381	1	2	8	4.3
id-09382	10	9	1	4.0
id-09383	3	6	30	3.4
id-09384	5	2	16	3.3
id-09385	10	19	28	3.8
id-09386	4	2	3	4.2
id-09387	6	5	8	4.5
id-09388	1	2	6	3.9
id-09389	1	2	2	4.6
id-09390	7	2	10	5.0
id-09391	8	16	12	4.1
id-09392	6	5	3	4.0
id-09393	8	14	28	3.8
id-09394	3	6	12	4.9
id-09395	8	16	12	3.3
id-09396	8	11	14	3.5
id-09397	8	8	12	4.1
id-09398	7	4	6	4.9
id-09399	4	8	8	3.1
id-09400	7	12	19	3.4
id-09401	1	2	26	4.5
id-09402	7	4	17	4.7
id-09403	5	2	7	3.1
id-09404	6	9	6	4.1
id-09405	5	9	24	3.8
id-09406	9	16	22	4.7
id-09407	7	6	24	3.8
id-09408	8	6	3	3.8
id-09409	2	4	24	3.1
id-09410	6	12	14	3.2
id-09411	7	4	15	4.6
id-09412	7	13	26	4.0
id-09413	5	10	7	4.8
id-09414	2	3	26	4.3
id-09415	7	2	30	3.2
id-09416	1	2	16	4.3
id-09417	5	2	8	4.1
id-09418	3	4	10	3.2
id-09419	9	13	4	4.3
id-09420	6	11	4	3.9
id-09421	4	3	17	4.9
id-09422	8	11	13	4.0
id-09423	2	2	15	3.2
id-09424	1	2	18	4.8
id-09425	6	6	14	3.0
id-09426	5	8	23	3.7
id-09427	8	2	25	3.4
id-09428	7	6	30	4.6
id-09429	4	7	29	4.8
id-09430	10	16	16	3.0
id-09431	6	9	1	4.0
id-09432	1	2	10	3.2
id-09433	6	3	13	4.8
id-09434	10	9	20	4.9
id-09435	2	4	24	4.5
id-09436	8	15	18	4.3
id-09437	6	4	3	4.0
id-09438	7	5	7	4.4
id-09439	5	8	1	3.3
id-09440	8	11	14	3.9
id-09441	6	6	6	3.6
id-09442	10	13	11	4.8
id-09443	2	2	3	3.2
id-09444	8	13	20	4.6
id-09445	5	10	10	4.6
id-09446	3	5	30	3.7
id-09447	9	3	17	3.8
id-09448	9	14	7	4.4
id-09449	4	7	15	4.3
id-09450	9	10	14	4.8
id-09451	3	3	19	3.1
id-09452	1	2	16	3.9
id-09453	1	2	7	4.9
id-09454	10	17	14	4.9
id-09455	1	2	1	3.8
id-09456	2	4	11	3.7
id-09457	2	3	15	3.5
id-09458	2	3	9	4.4
id-09459	5	10	18	4.8
id-09460	8	14	29	4.0
id-09461	7	12	2	3.7
id-09462	1	2	25	3.2
id-09463	7	6	28	4.4
id-09464	5	8	14	3.2
id-09465	6	7	26	3.3
id-09466	2	4	25	4.3
id-09467	5	5	29	4.9
id-09468	6	2	3	4.2
id-09469	6	6	17	4.0
id-09470	6	8	11	5.0
id-09471	7	5	2	3.5
id-09472	10	7	30	3.8
id-09473	7	2	8	4.1
id-09474	1	2	17	4.6
id-09475	7	14	10	3.4
id-09476	1	2	20	4.8
id-09477	7	13	2	4.9
id-09478	7	10	24	3.7
id-09479	3	4	4	4.5
id-09480	8	16	30	3.6
id-09481	1	2	27	3.6
id-09482	2	4	28	3.6
id-09483	4	2	11	4.5
id-09484	10	9	2	3.8
id-09485	7	10	2	3.2
id-09486	4	6	23	3.2
id-09487	7	13	23	3.1
id-09488	9	14	13	4.0
id-09489	6	8	5	3.8
id-09490	2	4	24	4.7
id-09491	9	6	12	4.6
id-09492	8	9	19	3.8
id-09493	6	3	28	3.2
id-09494	3	3	28	3.2
id-09495	9	2	4	3.3
id-09496	10	8	18	3.5
id-09497	8	4	27	4.6
id-09498	10	5	21	4.0
id-09499	6	2	28	3.6
id-09500	8	11	4	4.9
id-09501	8	4	2	3.5
id-09502	7	8	19	3.5
id-09503	8	12	18	3.9
id-09504	1	2	7	4.6
id-09505	4	2	21	3.8
id-09506	8	2	25	3.4
id-09507	9	7	9	4.3
id-09508	7	2	17	4.0
id-09509	6	9	6	3.1
id-09510	5	3	23	4.2
id-09511	9	16	4	3.4
id-09512	6	8	20	4.3
id-09513	1	2	9	4.0
id-09514	1	2	16	3.3
id-09515	8	3	8	4.5
id-09516	1	2	1	3.1
id-09517	4	4	30	3.1
id-09518	10	13	15	4.7
id-09519	10	4	16	3.3
id-09520	7	10	29	3.2
id-09521	1	2	21	4.8
id-09522	2	2	25	3.3
id-09523	8	8	22	4.8
id-09524	1	2	15	3.1
id-09525	7	2	21	4.0
id-09526	4	4	5	3.3
id-09527	6	8	27	4.3
id-09528	9	12	6	4.1
id-09529	7	3	11	4.2
id-09530	1	2	17	4.7
id-09531	6	10	4	4.6
id-09532	5	6	2	3.5
id-09533	7	6	21	4.8
id-09534	5	5	10	3.5
id-09535	4	8	15	3.5
id-09536	1	2	27	5.0
id-09537	4	6	4	4.2
id-09538	4	2	22	3.9
id-09539	8	15	16	4.6
id-09540	10	14	8	4.5
id-09541	8	6	6	4.2
id-09542	6	7	5	4.8
id-09543	10	6	24	4.9
id-09544	9	12	1	3.5
id-09545	2	3	5	4.8
id-09546	7	13	1	4.7
id-09547	3	6	29	4.1
id-09548	7	14	1	3.1
id-09549	2	3	10	4.2
id-09550	8	13	27	4.9
id-09551	1	2	14	3.8
id-09552	9	8	21	4.0
id-09553	8	14	6	4.2
id-09554	5	7	2	3.8
id-09555	5	9	12	4.3
id-09556	10	7	10	4.8
id-09557	5	6	4	4.4
id-09558	10	11	3	4.3
id-09559	5	9	10	3.8
id-09560	2	3	12	3.7
id-09561	8	6	8	5.0
id-09562	2	2	7	3.1
id-09563	7	8	1	4.0
id-09564	2	4	1	4.2
id-09565	1	2	13	4.4
id-09566	1	2	19	4.7
id-09567	2	4	16	3.8
id-09568	4	2	7	4.0
id-09569	5	6	24	4.5
id-09570	4	4	1	4.7
id-09571	9	9	28	4.1
id-09572	8	10	26	3.0
id-09573	8	5	10	3.6
id-09574	9	9	26	3.4
id-09575	8	8	19	4.5
id-09576	10	20	21	4.6
id-09577	4	8	15	4.3
id-09578	5	3	6	4.9
id-09579	2	3	27	4.4
id-09580	5	6	4	4.5
id-09581	2	4	4	3.6
id-09582	3	3	25	4.7
id-09583	10	4	11	4.4
id-09584	9	13	2	4.0
id-09585	5	5	24	3.4
id-09586	9	12	28	3.9
id-09587	3	5	20	3.2
id-09588	8	8	7	4.7
id-09589	4	2	25	3.4
id-09590	5	8	15	4.5
id-09591	5	5	10	4.0
id-09592	1	2	3	4.5
id-09593	2	3	21	4.8
id-09594	5	9	11	4.6
id-09595	4	6	20	4.4
id-09596	3	2	24	3.8
id-09597	7	7	11	4.6
id-09598	6	6	24	3.6
id-09599	10	10	23	4.0
id-09600	1	2	12	3.2
id-09601	7	11	12	4.3
id-09602	9	4	4	4.3
id-09603	5	2	17	3.2
id-09604	2	2	21	3.6
id-09605	3	2	3	4.1
id-09606	8	9	26	4.7
id-09607	9	7	21	3.8
id-09608	2	2	17	4.3
id-09609	2	3	30	3.7
id-09610	10	12	8	4.1
id-09611	4	2	9	4.8
id-09612	10	15	20	4.9
id-09613	5	10	25	4.3
id-09614	4	3	13	4.1
id-09615	1	2	11	3.2
id-09616	6	5	22	3.9
id-09617	8	6	29	4.8
id-09618	5	2	8	3.6
id-09619	9	11	7	3.7
id-09620	2	4	24	4.2
id-09621	3	6	21	3.7
id-09622	1	2	30	3.9
id-09623	1	2	25	4.6
id-09624	2	4	28	4.1
id-09625	3	3	6	4.8
id-09626	4	6	11	5.0
id-09627	9	4	26	4.8
id-09628	10	2	30	3.7
id-09629	10	5	30	3.8
id-09630	7	7	11	4.4
id-09631	2	4	29	4.4
id-09632	2	2	11	4.6
id-09633	4	3	11	4.1
id-09634	3	2	30	4.5
id-09635	9	7	28	3.0
id-09636	6	4	11	4.1
id-09637	4	7	29	4.0
id-09638	10	13	16	4.9
id-09639	10	14	28	4.4
id-09640	5	9	9	4.5
id-09641	5	3	23	4.8
id-09642	8	16	21	4.4
id-09643	7	3	16	4.5
id-09644	6	2	18	3.5
id-09645	8	2	20	3.9
id-09646	9	16	16	3.4
id-09647	10	8	13	3.8
id-09648	3	3	1	3.9
id-09649	9	13	10	4.2
id-09650	7	12	14	4.8
id-09651	4	4	7	4.6
id-09652	10	17	4	4.0
id-09653	5	6	23	4.1
id-09654	1	2	17	4.8
id-09655	2	2	13	4.5
id-09656	6	10	26	4.1
id-09657	7	4	22	5.0
id-09658	3	5	28	4.1
id-09659	10	11	29	4.8
id-09660	1	2	20	4.7
id-09661	2	3	3	4.9
id-09662	4	7	28	3.1
id-09663	10	7	26	4.1
id-09664	3	6	4	4.4
id-09665	1	2	4	3.3
id-09666	2	2	14	3.8
id-09667	4	2	14	3.5
id-09668	8	7	13	3.3
id-09669	9	3	4	3.4
id-09670	6	10	18	4.1
id-09671	1	2	21	3.7
id-09672	1	2	11	3.2
id-09673	6	7	20	3.1
id-09674	2	2	30	4.5
id-09675	5	6	8	4.6
id-09676	10	8	20	3.4
id-09677	8	12	16	3.1
id-09678	1	2	9	4.4
id-09679	4	4	21	3.8
id-09680	8	3	24	4.4
id-09681	10	7	26	4.3
id-09682	10	17	1	3.5
id-09683	10	18	15	3.1
id-09684	7	10	16	3.1
id-09685	8	7	13	4.9
id-09686	10	2	22	4.5
id-09687	6	9	24	3.8
id-09688	9	16	15	4.9
id-09689	3	2	4	3.7
id-09690	2	2	4	3.8
id-09691	10	17	19	4.3
id-09692	1	2	5	3.1
id-09693	5	7	12	4.8
id-09694	2	3	10	4.9
id-09695	9	18	6	3.3
id-09696	9	18	29	3.7
id-09697	3	6	2	4.0
id-09698	10	4	8	4.2
id-09699	7	9	29	4.9
id-09700	9	2	27	4.4
id-09701	3	3	29	3.6
id-09702	1	2	26	4.5
id-09703	7	9	2	4.5
id-09704	1	2	19	4.3
id-09705	3	4	5	3.7
id-09706	9	2	5	3.2
id-09707	3	3	20	4.4
id-09708	9	7	3	4.5
id-09709	2	2	5	4.8
id-09710	4	3	19	3.8
id-09711	4	4	9	4.7
id-09712	6	7	29	3.2
id-09713	7	2	22	3.5
id-09714	3	3	5	3.4
id-09715	10	8	14	3.3
id-09716	10	10	16	4.1
id-09717	9	7	7	3.6
id-09718	6	4	1	3.8
id-09719	8	6	25	3.4
id-09720	8	10	25	3.8
id-09721	2	2	22	4.3
id-09722	5	2	8	3.2
id-09723	9	5	20	4.6
id-09724	7	7	23	4.3
id-09725	4	7	1	3.4
id-09726	3	5	20	3.9
id-09727	1	2	15	3.5
id-09728	9	9	19	4.2
id-09729	3	5	2	3.7
id-09730	1	2	30	3.1
id-09731	6	2	25	3.5
id-09732	1	2	1	4.7
id-09733	1	2	12	3.3
id-09734	2	2	7	5.0
id-09735	3	6	12	3.8
id-09736	5	10	21	4.4
id-09737	2	4	26	3.5
id-09738	6	9	10	3.1
id-09739	1	2	1	3.0
id-09740	3	5	18	4.0
id-09741	10	4	14	4.0
id-09742	2	4	25	4.9
id-09743	9	7	29	4.3
id-09744	5	3	30	3.9
id-09745	10	13	13	4.9
id-09746	1	2	9	3.6
id-09747	6	6	16	4.2
id-09748	3	2	30	3.3
id-09749	6	11	17	4.8
id-09750	7	4	6	4.7
id-09751	1	2	23	4.4
id-09752	7	7	13	3.6
id-09753	5	5	20	4.9
id-09754	1	2	11	4.4
id-09755	6	3	19	3.4
id-09756	6	3	19	3.4
id-09757	5	4	4	3.7
id-09758	5	7	3	3.6
id-09759	10	6	15	3.3
id-09760	8	14	12	4.1
id-09761	9	8	26	4.1
id-09762	7	10	19	3.4
id-09763	4	6	29	3.3
id-09764	9	8	23	3.6
id-09765	9	2	23	3.5
id-09766	10	9	11	4.7
id-09767	2	3	23	4.6
id-09768	5	7	8	3.1
id-09769	1	2	23	4.4
id-09770	10	12	17	3.1
id-09771	7	3	3	3.3
id-09772	7	3	21	4.3
id-09773	3	4	3	4.4
id-09774	8	13	1	4.1
id-09775	2	3	4	4.4
id-09776	1	2	18	4.4
id-09777	4	7	8	5.0
id-09778	10	11	16	3.1
id-09779	8	2	5	5.0
id-09780	5	10	15	4.9
id-09781	2	3	12	4.7
id-09782	5	7	22	4.4
id-09783	6	7	21	3.9
id-09784	8	16	27	3.5
id-09785	9	12	28	4.8
id-09786	4	3	29	3.2
id-09787	8	10	23	3.7
id-09788	6	12	21	5.0
id-09789	1	2	1	4.6
id-09790	4	5	6	3.4
id-09791	2	3	21	4.3
id-09792	5	3	13	4.7
id-09793	8	14	28	3.1
id-09794	6	6	25	3.3
id-09795	2	4	20	3.1
id-09796	3	4	6	3.4
id-09797	3	4	10	4.6
id-09798	9	7	28	3.9
id-09799	9	16	4	3.2
id-09800	5	2	30	3.0
id-09801	9	17	21	3.7
id-09802	7	12	24	4.9
id-09803	1	2	20	3.4
id-09804	7	11	2	3.8
id-09805	2	3	12	4.5
id-09806	7	5	26	4.4
id-09807	1	2	21	3.6
id-09808	9	8	26	4.2
id-09809	3	4	30	4.6
id-09810	1	2	7	3.6
id-09811	5	3	7	4.2
id-09812	10	19	22	4.8
id-09813	5	9	16	4.7
id-09814	2	4	10	3.9
id-09815	1	2	24	3.7
id-09816	9	17	1	3.9
id-09817	6	7	30	3.2
id-09818	7	5	26	4.2
id-09819	10	4	30	4.7
id-09820	9	9	2	3.7
id-09821	4	3	17	3.6
id-09822	3	6	4	3.2
id-09823	6	3	24	3.2
id-09824	10	7	21	3.6
id-09825	2	4	4	3.9
id-09826	5	8	15	4.6
id-09827	10	3	26	3.4
id-09828	2	3	28	3.3
id-09829	4	6	8	3.6
id-09830	4	8	1	3.1
id-09831	8	14	21	4.9
id-09832	3	6	26	4.8
id-09833	1	2	22	3.4
id-09834	4	6	17	3.5
id-09835	10	15	30	4.5
id-09836	5	10	11	4.9
id-09837	8	2	16	4.3
id-09838	10	6	25	4.9
id-09839	4	4	22	3.6
id-09840	2	2	19	4.8
id-09841	7	11	7	4.5
id-09842	9	17	15	3.2
id-09843	1	2	6	4.6
id-09844	4	2	19	4.5
id-09845	6	4	25	4.5
id-09846	5	3	19	3.7
id-09847	7	13	22	3.2
id-09848	3	5	6	4.2
id-09849	4	6	17	3.1
id-09850	5	6	9	3.3
id-09851	1	2	21	4.5
id-09852	8	2	3	4.0
id-09853	9	6	10	3.6
id-09854	8	11	30	4.0
id-09855	6	5	18	4.6
id-09856	7	5	4	4.4
id-09857	4	6	4	3.5
id-09858	1	2	7	3.8
id-09859	3	6	27	4.9
id-09860	4	6	25	3.7
id-09861	1	2	25	3.3
id-09862	6	9	21	4.2
id-09863	10	20	10	3.8
id-09864	2	4	7	3.1
id-09865	10	14	6	4.2
id-09866	2	4	11	3.6
id-09867	6	11	19	4.7
id-09868	10	11	26	4.0
id-09869	3	3	18	4.2
id-09870	3	2	5	3.8
id-09871	2	4	20	3.5
id-09872	3	5	30	3.3
id-09873	4	5	24	3.0
id-09874	10	2	7	3.1
id-09875	2	4	5	4.0
id-09876	10	3	16	4.4
id-09877	8	16	26	4.0
id-09878	3	4	19	3.5
id-09879	4	7	12	3.0
id-09880	9	4	25	4.9
id-09881	4	7	21	3.2
id-09882	9	12	27	4.3
id-09883	2	2	18	4.1
id-09884	6	3	16	4.3
id-09885	1	2	5	3.0
id-09886	9	15	3	3.6
id-09887	7	3	3	3.6
id-09888	8	9	10	4.8
id-09889	6	7	20	4.4
id-09890	3	6	6	3.8
id-09891	9	16	17	3.0
id-09892	1	2	6	3.6
id-09893	9	4	11	4.7
id-09894	8	13	30	4.3
id-09895	5	2	27	4.5
id-09896	7	7	11	3.1
id-09897	10	4	2	3.4
id-09898	2	4	26	4.9
id-09899	8	2	11	3.5
id-09900	7	7	5	4.0
id-09901	2	4	24	3.5
id-09902	9	15	21	3.3
id-09903	5	10	27	3.8
id-09904	1	2	20	3.7
id-09905	9	10	18	3.5
id-09906	1	2	25	3.2
id-09907	2	3	28	4.0
id-09908	7	8	29	3.0
id-09909	9	12	26	4.5
id-09910	1	2	14	3.3
id-09911	10	20	6	3.3
id-09912	3	5	4	3.9
id-09913	4	2	20	3.1
id-09914	4	5	10	3.4
id-09915	9	8	23	4.7
id-09916	3	2	7	3.2
id-09917	3	5	18	4.9
id-09918	9	4	1	5.0
id-09919	7	6	10	4.3
id-09920	1	2	20	3.9
id-09921	2	2	25	4.6
id-09922	6	2	11	4.3
id-09923	2	2	9	3.0
id-09924	8	8	6	3.3
id-09925	2	3	25	3.6
id-09926	10	14	28	3.6
id-09927	3	5	4	4.5
id-09928	6	6	25	3.2
id-09929	8	2	27	3.4
id-09930	3	2	24	4.4
id-09931	1	2	15	4.9
id-09932	9	6	2	3.1
id-09933	10	11	12	3.9
id-09934	9	5	20	5.0
id-09935	3	3	5	4.0
id-09936	4	2	18	3.2
id-09937	3	5	11	4.3
id-09938	10	10	28	4.5
id-09939	3	2	29	4.7
id-09940	8	14	8	3.9
id-09941	6	8	10	4.9
id-09942	2	4	6	4.9
id-09943	9	18	23	4.5
id-09944	4	8	14	4.1
id-09945	6	10	18	4.9
id-09946	8	7	20	4.8
id-09947	10	12	20	3.8
id-09948	3	5	3	3.8
id-09949	5	8	13	4.9
id-09950	10	11	29	3.5
id-09951	7	5	14	4.0
id-09952	4	6	1	4.1
id-09953	10	9	6	4.4
id-09954	3	3	9	3.8
id-09955	6	2	23	3.2
id-09956	10	17	16	3.4
id-09957	6	5	21	4.8
id-09958	2	4	29	4.6
id-09959	10	3	21	4.5
id-09960	7	4	13	3.1
id-09961	2	3	28	3.8
id-09962	3	5	8	3.1
id-09963	3	5	23	4.3
id-09964	1	2	15	4.7
id-09965	3	3	3	3.7
id-09966	5	7	22	3.1
id-09967	3	4	29	3.7
id-09968	10	16	12	3.7
id-09969	7	11	30	3.1
id-09970	1	2	17	3.9
id-09971	2	3	19	4.1
id-09972	6	10	17	3.2
id-09973	10	17	10	3.4
id-09974	2	2	29	4.8
id-09975	6	3	23	3.3
id-09976	5	5	14	4.6
id-09977	10	15	27	4.2
id-09978	9	6	3	4.2
id-09979	8	11	23	4.0
id-09980	4	4	2	4.2
id-09981	7	5	18	4.2
id-09982	4	4	17	3.1
id-09983	8	14	2	4.0
id-09984	10	16	7	3.3
id-09985	9	9	28	4.4
id-09986	9	3	15	3.8
id-09987	8	8	8	4.9
id-09988	3	4	7	3.5
id-09989	9	12	18	4.0
id-09990	2	4	15	4.4
id-09991	7	2	18	4.5
id-09992	3	3	20	3.9
id-09993	2	2	16	4.4
id-09994	9	17	6	4.4
id-09995	5	8	13	4.6
id-09996	7	10	12	4.4
id-09997	5	3	6	3.3
id-09998	2	2	15	3.7
id-09999	3	2	18	4.9
id-10000	9	14	1	3.2
id-10001	1	2	20	3.8
id-10002	1	2	27	3.8
id-10003	5	4	14	4.2
id-10004	1	2	10	3.7
id-10005	4	4	15	4.6
id-10006	10	19	20	4.8
id-10007	7	5	20	4.8
id-10008	6	12	14	3.4
id-10009	8	15	24	3.3
id-10010	6	2	5	4.0
id-10011	6	7	25	4.3
id-10012	7	3	12	3.2
id-10013	9	3	23	4.3
id-10014	8	15	6	3.4
id-10015	4	4	23	3.4
id-10016	4	3	3	4.4
id-10017	9	10	12	4.3
id-10018	3	5	6	3.2
id-10019	6	3	17	3.3
id-10020	10	13	25	4.7
id-10021	1	2	26	4.7
id-10022	4	6	22	3.7
id-10023	5	4	19	5.0
id-10024	6	9	27	3.5
id-10025	3	4	27	4.2
id-10026	4	7	21	3.7
id-10027	7	5	26	4.5
id-10028	3	6	2	3.2
id-10029	10	13	30	4.1
id-10030	6	3	3	4.6
id-10031	10	20	27	3.6
id-10032	1	2	26	4.5
id-10033	2	2	30	4.0
id-10034	2	2	7	4.8
id-10035	4	3	22	3.5
id-10036	8	5	27	3.2
id-10037	5	4	20	3.5
id-10038	6	7	22	4.2
id-10039	1	2	3	3.4
id-10040	5	2	29	4.5
id-10041	4	6	25	3.3
id-10042	7	3	10	3.8
id-10043	7	6	14	3.7
id-10044	6	6	4	3.6
id-10045	8	14	29	3.9
id-10046	6	7	6	4.3
id-10047	10	4	14	3.2
id-10048	4	2	21	3.4
id-10049	3	5	18	4.9
id-10050	7	6	17	5.0
id-10051	1	2	29	3.6
id-10052	10	19	15	4.9
id-10053	6	6	10	4.6
id-10054	7	2	13	3.2
id-10055	8	5	8	4.9
id-10056	4	2	13	3.7
id-10057	6	9	22	3.9
id-10058	9	15	15	4.5
id-10059	3	2	18	4.9
id-10060	10	11	5	4.7
id-10061	7	11	6	4.7
id-10062	4	4	3	4.6
id-10063	4	3	27	4.5
id-10064	3	5	8	3.9
id-10065	2	3	1	3.1
id-10066	8	12	19	3.8
id-10067	2	3	22	3.0
id-10068	6	7	26	4.3
id-10069	3	5	17	4.7
id-10070	3	2	25	3.0
id-10071	2	3	20	3.2
id-10072	4	5	16	4.6
id-10073	4	7	28	4.0
id-10074	4	4	20	3.1
id-10075	3	2	17	3.9
id-10076	2	2	4	4.5
id-10077	2	3	26	3.2
id-10078	6	4	27	3.7
id-10079	9	14	23	4.6
id-10080	1	2	26	3.6
id-10081	1	2	18	4.2
id-10082	3	6	8	3.1
id-10083	6	12	2	4.5
id-10084	10	8	14	3.5
id-10085	3	5	25	4.2
id-10086	2	3	13	3.4
id-10087	9	17	2	4.2
id-10088	9	2	29	3.6
id-10089	7	7	20	3.6
id-10090	2	4	29	4.9
id-10091	8	11	17	4.4
id-10092	4	6	16	3.6
id-10093	3	3	28	5.0
id-10094	8	8	23	4.5
id-10095	6	2	30	3.9
id-10096	4	3	19	4.4
id-10097	8	5	19	3.7
id-10098	2	3	11	4.5
id-10099	1	2	27	3.8
id-10100	9	13	15	4.4
id-10101	7	11	7	4.1
id-10102	7	13	26	3.2
id-10103	7	7	30	4.4
id-10104	8	14	10	3.8
id-10105	2	2	13	4.9
id-10106	2	2	9	3.8
id-10107	1	2	18	4.0
id-10108	9	4	30	3.9
id-10109	9	18	17	4.3
id-10110	1	2	12	4.7
id-10111	4	7	30	4.5
id-10112	7	3	21	4.7
id-10113	4	4	1	4.3
id-10114	8	7	26	3.5
id-10115	7	13	19	3.1
id-10116	2	3	23	3.8
id-10117	3	3	10	3.6
id-10118	2	2	10	4.0
id-10119	6	9	29	4.7
id-10120	4	2	18	4.0
id-10121	4	5	22	3.6
id-10122	9	17	30	4.6
id-10123	10	5	11	3.4
id-10124	8	5	11	4.9
id-10125	3	2	18	4.7
id-10126	3	4	27	3.1
id-10127	9	11	21	3.6
id-10128	5	4	21	3.9
id-10129	2	2	14	3.2
id-10130	7	10	14	3.7
id-10131	2	4	21	3.5
id-10132	4	5	30	4.6
id-10133	7	14	12	3.2
id-10134	9	13	2	3.7
id-10135	3	3	13	3.6
id-10136	3	5	14	4.0
id-10137	10	14	5	4.3
id-10138	4	4	26	3.3
id-10139	9	7	25	4.3
id-10140	8	9	14	4.6
id-10141	4	7	18	4.0
id-10142	6	7	11	4.6
id-10143	9	5	24	4.8
id-10144	3	2	8	4.8
id-10145	7	6	15	4.5
id-10146	5	4	19	3.5
id-10147	9	7	20	3.5
id-10148	1	2	3	4.6
id-10149	2	4	16	3.6
id-10150	8	5	10	4.5
id-10151	1	2	26	3.8
id-10152	7	5	16	4.1
id-10153	8	5	9	3.8
id-10154	8	14	18	4.8
id-10155	5	8	2	3.0
id-10156	7	11	24	5.0
id-10157	9	3	15	3.2
id-10158	6	4	3	3.8
id-10159	5	4	29	4.1
id-10160	6	6	19	4.7
id-10161	5	5	1	3.9
id-10162	8	12	9	3.6
id-10163	2	2	27	4.0
id-10164	5	7	7	4.0
id-10165	5	9	6	4.5
id-10166	9	13	13	4.6
id-10167	2	4	1	4.9
id-10168	8	11	20	3.4
id-10169	7	8	22	4.5
id-10170	9	4	8	4.6
id-10171	7	10	1	3.9
id-10172	5	5	23	4.3
id-10173	8	11	15	4.5
id-10174	3	4	11	4.6
id-10175	10	13	27	4.0
id-10176	5	8	7	3.2
id-10177	9	18	13	4.2
id-10178	8	8	23	4.6
id-10179	8	6	16	4.5
id-10180	7	5	22	4.1
id-10181	9	2	24	3.5
id-10182	1	2	8	4.8
id-10183	1	2	10	4.0
id-10184	7	7	16	4.1
id-10185	9	11	18	3.3
id-10186	10	19	16	4.0
id-10187	10	7	21	4.7
id-10188	10	16	24	3.5
id-10189	10	11	16	4.2
id-10190	1	2	27	3.5
id-10191	5	8	16	4.3
id-10192	4	4	8	4.7
id-10193	3	6	9	3.3
id-10194	4	4	22	3.1
id-10195	8	13	4	4.0
id-10196	1	2	21	4.1
id-10197	1	2	28	3.0
id-10198	4	3	18	3.7
id-10199	4	3	6	4.7
id-10200	10	5	21	4.7
id-10201	4	2	26	3.9
id-10202	8	2	4	3.7
id-10203	10	12	2	3.2
id-10204	5	8	20	3.1
id-10205	3	3	1	3.1
id-10206	9	3	20	3.1
id-10207	1	2	12	3.9
id-10208	6	3	27	4.1
id-10209	4	5	21	4.3
id-10210	4	3	2	4.0
id-10211	8	12	18	3.9
id-10212	2	3	13	3.9
id-10213	8	6	29	3.8
id-10214	7	6	22	3.7
id-10215	3	2	6	4.1
id-10216	10	6	5	5.0
id-10217	2	3	25	4.6
id-10218	3	2	25	4.1
id-10219	3	4	23	3.6
id-10220	7	2	1	4.3
id-10221	7	14	24	4.7
id-10222	9	4	13	4.9
id-10223	9	9	23	4.2
id-10224	5	5	7	4.5
id-10225	3	4	11	4.6
id-10226	10	15	22	3.0
id-10227	5	6	18	4.2
id-10228	1	2	28	4.7
id-10229	9	13	27	4.3
id-10230	1	2	14	3.9
id-10231	6	5	25	4.8
id-10232	9	12	18	3.5
id-10233	6	11	18	4.7
id-10234	1	2	26	4.2
id-10235	9	8	11	3.7
id-10236	3	6	20	3.1
id-10237	6	7	7	3.3
id-10238	7	8	19	4.1
id-10239	8	4	12	3.4
id-10240	6	10	3	4.0
id-10241	5	4	12	3.7
id-10242	4	6	7	4.7
id-10243	3	2	5	3.4
id-10244	1	2	11	3.8
id-10245	4	2	19	4.3
id-10246	4	3	24	4.7
id-10247	8	13	21	4.7
id-10248	4	8	20	4.4
id-10249	4	3	6	4.4
id-10250	8	16	12	4.0
id-10251	6	5	1	4.9
id-10252	2	3	30	4.1
id-10253	9	3	20	3.5
id-10254	2	2	16	4.1
id-10255	1	2	27	4.3
id-10256	3	5	18	4.0
id-10257	3	5	27	3.2
id-10258	10	11	23	4.1
id-10259	6	2	3	4.1
id-10260	1	2	6	4.7
id-10261	10	11	23	3.3
id-10262	5	6	28	5.0
id-10263	6	12	9	3.1
id-10264	5	4	28	4.3
id-10265	9	5	6	4.0
id-10266	4	8	10	3.7
id-10267	5	6	26	4.6
id-10268	1	2	3	3.0
id-10269	6	9	30	4.7
id-10270	4	5	29	4.9
id-10271	5	10	17	3.5
id-10272	10	10	8	4.0
id-10273	2	2	14	4.9
id-10274	7	6	13	3.3
id-10275	9	8	12	4.5
id-10276	4	6	20	3.3
id-10277	5	8	23	4.5
id-10278	5	3	8	4.0
id-10279	7	10	30	4.3
id-10280	1	2	26	4.4
id-10281	4	2	25	4.1
id-10282	8	9	16	4.3
id-10283	2	4	8	4.5
id-10284	4	4	7	4.7
id-10285	9	6	3	3.2
id-10286	4	3	2	4.6
id-10287	7	10	2	4.3
id-10288	2	4	30	4.8
id-10289	2	2	29	3.4
id-10290	8	12	5	3.6
id-10291	1	2	28	4.7
id-10292	9	2	22	3.5
id-10293	7	6	14	3.5
id-10294	8	10	30	3.9
id-10295	9	11	29	3.4
id-10296	7	10	16	3.0
id-10297	4	6	29	3.3
id-10298	10	7	26	3.7
id-10299	3	2	21	4.6
id-10300	8	7	9	4.9
id-10301	10	5	15	4.0
id-10302	3	2	20	4.9
id-10303	9	2	16	3.0
id-10304	2	4	25	4.7
id-10305	7	8	6	4.9
id-10306	7	11	20	4.8
id-10307	7	4	13	4.8
id-10308	3	3	20	3.9
id-10309	4	5	25	4.4
id-10310	10	2	9	4.7
id-10311	6	5	18	4.3
id-10312	9	2	15	3.8
id-10313	5	10	8	3.0
id-10314	1	2	3	5.0
id-10315	4	6	24	3.4
id-10316	6	9	8	3.5
id-10317	4	2	9	4.0
id-10318	3	4	5	3.3
id-10319	4	8	30	3.3
id-10320	5	2	15	3.2
id-10321	3	4	18	3.1
id-10322	1	2	23	4.2
id-10323	7	13	26	3.7
id-10324	5	8	5	3.7
id-10325	4	3	30	3.5
id-10326	5	7	4	4.6
id-10327	8	10	17	4.2
id-10328	9	4	28	3.5
id-10329	7	9	27	3.2
id-10330	5	4	20	3.7
id-10331	7	13	22	4.0
id-10332	4	2	10	3.6
id-10333	3	2	11	3.1
id-10334	9	17	24	4.9
id-10335	2	3	15	4.6
id-10336	4	8	29	3.2
id-10337	6	2	28	3.2
id-10338	8	13	11	3.4
id-10339	2	4	6	3.1
id-10340	5	6	26	3.4
id-10341	5	5	1	4.1
id-10342	5	8	28	3.7
id-10343	6	9	27	4.2
id-10344	2	3	11	4.5
id-10345	6	2	10	3.7
id-10346	7	9	9	4.0
id-10347	6	8	27	4.3
id-10348	3	4	8	3.2
id-10349	5	7	17	4.1
id-10350	8	8	7	3.1
id-10351	5	9	26	4.2
id-10352	8	6	18	3.6
id-10353	7	3	18	4.4
id-10354	6	2	6	3.4
id-10355	6	2	21	4.8
id-10356	5	2	22	3.7
id-10357	3	6	7	4.4
id-10358	1	2	13	5.0
id-10359	6	5	11	4.5
id-10360	5	7	15	4.5
id-10361	8	8	21	4.6
id-10362	2	2	20	4.8
id-10363	6	9	27	4.4
id-10364	9	13	25	4.0
id-10365	9	15	14	4.1
id-10366	3	4	19	4.9
id-10367	1	2	7	3.6
id-10368	3	4	24	4.6
id-10369	6	11	10	3.7
id-10370	5	8	16	4.9
id-10371	10	10	18	4.8
id-10372	1	2	6	4.2
id-10373	7	13	15	3.9
id-10374	1	2	19	3.3
id-10375	10	9	9	3.8
id-10376	9	17	24	3.5
id-10377	8	8	12	3.8
id-10378	8	9	30	4.3
id-10379	5	6	26	4.1
id-10380	8	11	15	3.7
id-10381	8	9	25	3.8
id-10382	8	5	12	3.3
id-10383	7	2	7	4.5
id-10384	7	6	28	3.3
id-10385	5	7	25	3.8
id-10386	3	5	25	3.5
id-10387	9	13	17	3.9
id-10388	3	3	18	3.0
id-10389	5	9	30	3.6
id-10390	8	5	18	3.1
id-10391	5	4	3	4.5
id-10392	5	8	6	3.5
id-10393	1	2	16	4.2
id-10394	3	4	5	4.3
id-10395	10	6	22	4.1
id-10396	10	9	5	4.7
id-10397	9	2	5	3.0
id-10398	4	5	3	3.7
id-10399	2	4	19	3.0
id-10400	7	13	20	3.8
id-10401	5	6	24	4.3
id-10402	10	10	21	3.1
id-10403	8	3	19	3.1
id-10404	5	8	21	3.2
id-10405	1	2	2	3.9
id-10406	7	12	27	3.2
id-10407	10	19	19	3.1
id-10408	2	4	25	3.7
id-10409	6	11	2	3.2
id-10410	10	11	11	3.9
id-10411	2	4	26	4.2
id-10412	6	7	9	4.2
id-10413	10	16	18	3.2
id-10414	6	7	17	4.3
id-10415	6	11	7	4.8
id-10416	5	6	15	3.0
id-10417	10	8	9	4.3
id-10418	9	8	21	3.6
id-10419	5	8	28	3.6
id-10420	6	2	12	4.5
id-10421	4	8	8	4.9
id-10422	4	5	19	4.6
id-10423	8	2	23	4.5
id-10424	7	13	1	4.3
id-10425	8	4	29	3.9
id-10426	3	4	30	3.2
id-10427	6	3	26	4.2
id-10428	8	16	9	4.2
id-10429	7	9	15	4.4
id-10430	5	2	23	4.9
id-10431	5	8	28	4.3
id-10432	6	10	21	3.9
id-10433	6	12	23	3.0
id-10434	9	10	1	4.1
id-10435	7	12	15	3.7
id-10436	7	2	12	4.7
id-10437	10	5	4	3.9
id-10438	9	12	30	4.9
id-10439	3	5	16	3.1
id-10440	9	3	28	4.7
id-10441	2	2	18	3.6
id-10442	5	2	1	3.9
id-10443	2	4	11	3.6
id-10444	2	4	14	4.0
id-10445	7	11	27	4.9
id-10446	8	16	12	4.6
id-10447	9	13	11	3.8
id-10448	4	5	25	3.4
id-10449	8	14	21	3.9
id-10450	3	3	27	3.9
id-10451	4	2	18	3.2
id-10452	9	6	18	3.3
id-10453	5	10	8	3.3
id-10454	8	3	14	3.1
id-10455	3	4	7	4.0
id-10456	9	16	20	3.8
id-10457	4	4	8	3.4
id-10458	8	11	27	3.7
id-10459	4	3	19	3.3
id-10460	7	13	20	4.5
id-10461	9	4	23	3.6
id-10462	6	5	10	4.3
id-10463	2	3	4	3.3
id-10464	8	16	27	4.4
id-10465	10	6	19	4.9
id-10466	7	6	30	3.1
id-10467	10	4	21	4.1
id-10468	1	2	20	3.5
id-10469	2	2	12	3.1
id-10470	2	4	17	3.3
id-10471	5	10	25	3.4
id-10472	6	8	29	4.2
id-10473	7	13	5	3.4
id-10474	5	4	10	3.8
id-10475	2	3	5	4.2
id-10476	10	15	4	3.3
id-10477	3	4	30	3.2
id-10478	1	2	26	3.1
id-10479	4	2	7	3.9
id-10480	9	14	7	4.2
id-10481	1	2	23	3.9
id-10482	5	2	18	3.5
id-10483	1	2	18	4.3
id-10484	7	11	12	3.8
id-10485	6	5	9	4.2
id-10486	9	7	30	3.3
id-10487	6	9	10	3.3
id-10488	8	2	24	3.2
id-10489	5	9	13	3.5
id-10490	9	15	30	4.6
id-10491	2	3	8	3.9
id-10492	4	6	25	4.2
id-10493	4	4	15	3.6
id-10494	1	2	9	4.3
id-10495	5	2	20	4.5
id-10496	2	3	19	3.2
id-10497	8	5	2	3.8
id-10498	8	2	21	3.5
id-10499	9	2	30	4.9
id-10500	3	2	14	4.7
id-10501	4	2	14	4.5
id-10502	9	9	30	4.4
id-10503	5	7	17	5.0
id-10504	4	6	12	3.1
id-10505	6	4	3	3.2
id-10506	3	4	27	3.8
id-10507	5	5	25	4.1
id-10508	5	8	18	4.4
id-10509	2	3	7	3.4
id-10510	2	3	19	3.7
id-10511	1	2	17	4.1
id-10512	7	6	26	3.3
id-10513	4	2	26	3.3
id-10514	4	7	1	3.3
id-10515	8	12	2	4.3
id-10516	2	2	30	4.5
id-10517	8	4	7	4.7
id-10518	6	9	15	4.2
id-10519	7	8	1	4.6
id-10520	10	20	18	3.9
id-10521	8	15	26	3.6
id-10522	10	20	12	4.1
id-10523	3	3	20	4.9
id-10524	6	11	22	3.2
id-10525	4	3	10	4.4
id-10526	5	8	6	4.7
id-10527	7	13	25	3.0
id-10528	5	2	5	4.5
id-10529	9	14	16	3.5
id-10530	4	5	21	4.8
id-10531	5	5	22	3.1
id-10532	9	6	29	3.3
id-10533	7	9	27	4.4
id-10534	10	18	11	4.5
id-10535	2	2	11	3.0
id-10536	1	2	15	3.5
id-10537	1	2	20	4.2
id-10538	4	4	29	3.1
id-10539	3	6	16	4.8
id-10540	10	19	6	3.4
id-10541	10	13	20	3.9
id-10542	7	13	21	4.1
id-10543	6	12	8	3.3
id-10544	5	4	17	4.5
id-10545	2	4	8	3.7
id-10546	1	2	16	4.5
id-10547	4	2	7	3.9
id-10548	9	11	18	4.5
id-10549	2	4	11	4.0
id-10550	2	2	17	4.0
id-10551	5	10	30	4.2
id-10552	9	13	30	4.9
id-10553	3	6	22	4.2
id-10554	3	2	21	4.9
id-10555	6	4	12	3.2
id-10556	3	6	13	3.7
id-10557	1	2	30	4.4
id-10558	5	9	23	4.6
id-10559	8	16	4	4.9
id-10560	7	9	22	3.9
id-10561	9	10	5	4.8
id-10562	1	2	6	4.5
id-10563	5	8	14	4.4
id-10564	4	4	15	3.5
id-10565	6	2	20	3.3
id-10566	2	2	26	3.1
id-10567	2	4	20	4.5
id-10568	8	15	15	4.2
id-10569	6	3	6	3.2
id-10570	1	2	19	4.3
id-10571	6	6	4	4.3
id-10572	5	7	25	4.6
id-10573	9	7	24	3.6
id-10574	5	3	25	3.7
id-10575	4	7	14	4.6
id-10576	6	9	21	4.6
id-10577	10	9	25	4.9
id-10578	4	2	30	3.7
id-10579	1	2	7	3.1
id-10580	2	3	1	3.9
id-10581	6	12	30	4.8
id-10582	3	6	26	4.7
id-10583	9	5	23	5.0
id-10584	6	6	27	4.8
id-10585	9	17	21	3.2
id-10586	2	4	18	4.5
id-10587	9	2	26	3.5
id-10588	5	4	13	4.5
id-10589	8	2	25	3.4
id-10590	4	8	6	4.7
id-10591	2	4	28	3.0
id-10592	5	10	1	4.2
id-10593	8	9	12	3.9
id-10594	7	14	13	3.8
id-10595	6	9	13	4.3
id-10596	10	13	24	4.9
id-10597	7	5	19	4.5
id-10598	4	7	25	4.7
id-10599	6	12	19	4.5
id-10600	6	11	20	3.3
id-10601	4	8	15	3.6
id-10602	10	17	19	3.9
id-10603	10	8	14	4.7
id-10604	6	5	20	3.1
id-10605	4	4	30	3.7
id-10606	1	2	23	4.3
id-10607	7	3	14	4.4
id-10608	2	3	1	3.5
id-10609	6	2	20	4.9
id-10610	2	3	22	3.8
id-10611	8	14	20	4.8
id-10612	5	7	24	3.5
id-10613	8	8	17	3.4
id-10614	10	2	10	5.0
id-10615	4	8	10	4.4
id-10616	10	10	27	4.8
id-10617	4	8	16	3.3
id-10618	8	10	26	4.7
id-10619	6	11	17	4.9
id-10620	1	2	10	4.4
id-10621	3	6	1	4.4
id-10622	8	12	29	3.9
id-10623	3	3	15	4.5
id-10624	1	2	16	4.9
id-10625	1	2	22	4.0
id-10626	4	8	18	5.0
id-10627	9	15	25	3.6
id-10628	2	4	30	3.3
id-10629	1	2	26	4.9
id-10630	2	2	16	3.8
id-10631	1	2	24	4.8
id-10632	2	2	26	4.6
id-10633	2	2	12	4.3
id-10634	10	13	26	3.9
id-10635	6	10	28	4.0
id-10636	5	6	14	4.1
id-10637	8	3	28	3.8
id-10638	7	9	17	4.0
id-10639	6	11	18	5.0
id-10640	8	15	24	3.6
id-10641	2	2	16	3.9
id-10642	1	2	3	3.7
id-10643	10	4	18	3.7
id-10644	3	5	28	3.6
id-10645	7	10	26	4.9
id-10646	10	9	10	3.7
id-10647	10	8	12	3.7
id-10648	4	7	12	3.7
id-10649	1	2	21	3.7
id-10650	10	12	7	3.8
id-10651	7	9	6	3.3
id-10652	10	6	9	3.5
id-10653	6	11	29	4.6
id-10654	7	13	19	3.0
id-10655	10	14	12	4.1
id-10656	8	6	27	4.4
id-10657	7	3	2	4.7
id-10658	3	5	9	4.5
id-10659	1	2	30	3.1
id-10660	8	7	15	4.4
id-10661	5	7	16	4.6
id-10662	8	15	15	4.3
id-10663	6	10	7	3.9
id-10664	1	2	12	4.8
id-10665	6	4	4	3.9
id-10666	3	4	10	4.6
id-10667	2	3	20	4.2
id-10668	6	2	11	4.6
id-10669	6	11	16	3.5
id-10670	1	2	17	3.9
id-10671	10	2	8	3.6
id-10672	1	2	10	3.5
id-10673	10	19	28	3.4
id-10674	7	2	6	3.5
id-10675	2	3	5	3.8
id-10676	1	2	4	3.6
id-10677	6	9	5	4.9
id-10678	6	12	20	3.8
id-10679	8	11	25	4.1
id-10680	10	8	13	3.2
id-10681	4	6	9	4.3
id-10682	3	5	16	4.7
id-10683	8	12	26	4.9
id-10684	2	2	15	3.4
id-10685	2	2	24	4.2
id-10686	8	3	14	4.9
id-10687	10	9	9	3.6
id-10688	7	13	5	4.7
id-10689	2	4	16	4.3
id-10690	7	7	5	3.4
id-10691	4	3	14	4.2
id-10692	3	4	19	3.2
id-10693	3	4	27	4.0
id-10694	7	11	27	3.7
id-10695	8	2	4	3.7
id-10696	3	3	12	3.2
id-10697	1	2	23	4.7
id-10698	6	7	12	3.8
id-10699	3	4	23	3.1
id-10700	10	3	20	4.4
id-10701	10	4	4	4.9
id-10702	9	2	10	3.6
id-10703	1	2	5	3.3
id-10704	1	2	29	4.4
id-10705	5	9	4	4.1
id-10706	5	7	16	3.2
id-10707	4	3	25	4.6
id-10708	5	7	26	4.1
id-10709	5	4	4	4.3
id-10710	3	3	22	4.4
id-10711	9	3	26	4.1
id-10712	1	2	27	4.9
id-10713	5	7	30	3.5
id-10714	1	2	13	4.4
id-10715	5	10	12	4.1
id-10716	9	10	12	4.4
id-10717	9	8	25	3.0
id-10718	2	3	4	3.1
id-10719	9	12	24	4.0
id-10720	5	9	23	4.6
id-10721	8	14	25	4.5
id-10722	5	10	4	4.1
id-10723	9	8	9	4.8
id-10724	3	3	23	3.2
id-10725	8	15	11	3.8
id-10726	10	18	14	4.8
id-10727	2	4	6	4.2
id-10728	2	4	20	5.0
id-10729	9	3	29	4.2
id-10730	6	12	26	3.6
id-10731	6	3	1	3.6
id-10732	6	5	5	3.8
id-10733	9	16	14	4.5
id-10734	4	3	2	3.4
id-10735	3	6	22	5.0
id-10736	6	6	12	4.1
id-10737	6	5	25	4.6
id-10738	2	4	4	3.3
id-10739	6	4	30	3.7
id-10740	9	8	24	4.5
id-10741	4	6	18	3.2
id-10742	2	2	29	3.7
id-10743	1	2	14	3.7
id-10744	4	8	15	3.9
id-10745	4	3	21	3.4
id-10746	8	10	30	3.2
id-10747	3	2	27	3.7
id-10748	9	17	29	5.0
id-10749	10	3	26	3.9
id-10750	6	8	22	4.3
id-10751	7	4	13	4.7
id-10752	10	8	29	4.8
id-10753	2	3	2	3.8
id-10754	5	10	1	4.8
id-10755	9	3	8	4.7
id-10756	6	5	16	3.6
id-10757	4	6	3	4.1
id-10758	4	2	11	3.0
id-10759	9	18	24	4.8
id-10760	3	5	21	3.4
id-10761	2	3	4	3.8
id-10762	8	15	9	4.7
id-10763	5	9	6	3.2
id-10764	1	2	18	4.4
id-10765	7	14	13	3.5
id-10766	8	4	16	4.4
id-10767	1	2	27	3.7
id-10768	3	2	26	3.1
id-10769	5	2	24	3.2
id-10770	3	3	5	4.4
id-10771	4	8	11	4.0
id-10772	7	11	15	4.2
id-10773	9	14	4	3.2
id-10774	3	4	10	3.5
id-10775	9	18	14	3.0
id-10776	2	2	16	4.5
id-10777	3	5	6	4.8
id-10778	7	3	5	4.8
id-10779	5	7	18	4.1
id-10780	5	3	19	3.2
id-10781	2	3	24	4.8
id-10782	10	13	16	4.2
id-10783	5	8	19	4.4
id-10784	7	7	30	3.7
id-10785	8	16	11	3.4
id-10786	9	11	6	4.4
id-10787	5	8	4	3.2
id-10788	4	6	19	3.5
id-10789	9	4	16	4.1
id-10790	7	2	28	4.4
id-10791	3	2	10	4.0
id-10792	1	2	26	3.4
id-10793	6	12	20	4.2
id-10794	6	2	29	3.8
id-10795	8	4	16	3.9
id-10796	6	11	30	3.3
id-10797	10	12	11	3.6
id-10798	5	9	15	4.5
id-10799	3	2	9	4.4
id-10800	5	6	5	4.2
id-10801	4	3	7	3.3
id-10802	2	2	22	4.7
id-10803	10	10	30	4.6
id-10804	10	20	25	4.4
id-10805	5	5	8	3.1
id-10806	7	8	3	4.7
id-10807	1	2	30	4.2
id-10808	8	7	8	4.5
id-10809	3	5	15	3.1
id-10810	1	2	5	3.1
id-10811	1	2	1	4.3
id-10812	9	14	14	3.9
id-10813	4	3	15	4.9
id-10814	10	4	27	4.3
id-10815	8	16	17	3.8
id-10816	6	7	13	4.0
id-10817	10	20	8	3.6
id-10818	1	2	8	4.9
id-10819	9	3	29	4.1
id-10820	5	5	2	3.6
id-10821	4	5	20	3.1
id-10822	4	4	7	5.0
id-10823	6	8	26	3.7
id-10824	7	8	24	4.5
id-10825	4	5	21	3.9
id-10826	8	6	5	4.8
id-10827	8	16	12	3.2
id-10828	6	5	5	4.1
id-10829	6	8	27	3.9
id-10830	7	7	26	4.8
id-10831	7	3	18	4.8
id-10832	9	4	11	4.7
id-10833	1	2	4	4.2
id-10834	5	3	29	3.0
id-10835	9	10	27	3.0
id-10836	7	11	5	3.4
id-10837	2	2	13	4.4
id-10838	6	10	16	5.0
id-10839	7	10	24	4.1
id-10840	10	2	15	3.9
id-10841	1	2	3	4.7
id-10842	10	4	26	4.4
id-10843	10	11	1	4.7
id-10844	8	10	18	3.7
id-10845	10	16	3	3.2
id-10846	5	3	28	4.2
id-10847	1	2	11	3.6
id-10848	1	2	18	4.2
id-10849	8	13	22	3.1
id-10850	3	5	8	3.3
id-10851	10	16	6	4.3
id-10852	10	18	1	3.9
id-10853	7	10	2	3.4
id-10854	4	6	6	4.0
id-10855	1	2	12	4.0
id-10856	10	6	28	4.6
id-10857	3	2	11	3.7
id-10858	4	7	4	3.2
id-10859	1	2	10	3.5
id-10860	8	15	3	3.4
id-10861	8	8	28	5.0
id-10862	6	8	13	3.2
id-10863	2	2	17	4.2
id-10864	4	7	23	3.7
id-10865	4	6	1	4.7
id-10866	2	3	10	4.2
id-10867	1	2	7	3.0
id-10868	6	4	16	3.2
id-10869	10	7	26	5.0
id-10870	1	2	13	4.9
id-10871	2	3	20	3.4
id-10872	1	2	7	3.7
id-10873	5	3	24	3.8
id-10874	7	11	18	3.5
id-10875	2	4	3	4.8
id-10876	7	4	24	3.1
id-10877	7	7	3	3.1
id-10878	7	9	15	4.9
id-10879	8	7	24	4.4
id-10880	6	5	2	4.5
id-10881	10	9	17	4.7
id-10882	6	7	24	3.0
id-10883	9	12	29	3.6
id-10884	9	3	14	4.6
id-10885	9	16	12	4.1
id-10886	3	4	27	3.2
id-10887	2	2	27	3.4
id-10888	9	9	21	3.1
id-10889	4	3	20	3.9
id-10890	1	2	10	3.1
id-10891	10	11	29	4.5
id-10892	10	3	3	3.7
id-10893	3	2	4	4.0
id-10894	9	14	5	3.2
id-10895	8	5	29	4.6
id-10896	10	16	18	4.8
id-10897	7	11	13	4.1
id-10898	1	2	2	4.1
id-10899	5	8	9	4.7
id-10900	4	4	17	4.4
id-10901	2	2	11	4.9
id-10902	4	5	14	4.3
id-10903	8	9	22	4.2
id-10904	7	11	19	3.9
id-10905	1	2	7	3.8
id-10906	7	12	16	4.4
id-10907	1	2	11	3.9
id-10908	5	10	14	3.9
id-10909	8	6	9	4.4
id-10910	2	4	4	4.7
id-10911	3	4	3	4.5
id-10912	3	5	27	3.9
id-10913	10	10	27	3.5
id-10914	3	3	23	3.6
id-10915	10	9	16	3.0
id-10916	1	2	14	4.3
id-10917	10	14	7	4.3
id-10918	8	2	24	4.6
id-10919	3	5	28	3.4
id-10920	6	7	4	3.5
id-10921	3	5	19	4.5
id-10922	10	10	16	4.0
id-10923	5	7	29	3.5
id-10924	2	4	8	3.5
id-10925	3	4	20	3.3
id-10926	3	5	29	3.0
id-10927	5	8	8	4.3
id-10928	5	10	23	4.3
id-10929	6	6	12	4.7
id-10930	1	2	17	3.4
id-10931	8	6	25	3.6
id-10932	6	10	21	4.0
id-10933	6	5	6	4.0
id-10934	8	5	23	5.0
id-10935	10	15	21	5.0
id-10936	2	2	28	4.6
id-10937	5	9	21	3.3
id-10938	10	15	16	3.9
id-10939	5	4	8	3.0
id-10940	3	3	20	3.4
id-10941	2	4	14	4.7
id-10942	7	4	4	4.9
id-10943	4	3	2	4.8
id-10944	2	2	7	4.7
id-10945	2	3	15	3.3
id-10946	9	15	6	3.7
id-10947	6	12	27	4.2
id-10948	10	10	30	3.9
id-10949	6	2	12	4.8
id-10950	5	9	26	4.0
id-10951	3	3	24	4.3
id-10952	3	6	16	4.6
id-10953	5	7	9	5.0
id-10954	6	5	26	3.3
id-10955	10	15	25	4.9
id-10956	1	2	18	4.3
id-10957	10	3	11	3.9
id-10958	7	10	18	3.0
id-10959	5	6	26	4.2
id-10960	2	3	17	3.6
id-10961	7	9	17	3.5
id-10962	4	2	19	4.9
id-10963	6	4	29	5.0
id-10964	2	4	2	3.2
id-10965	5	3	3	3.8
id-10966	5	6	19	3.9
id-10967	2	4	22	3.6
id-10968	10	11	15	3.3
id-10969	8	8	4	4.3
id-10970	10	5	14	4.3
id-10971	1	2	28	3.6
id-10972	2	4	30	4.7
id-10973	7	12	14	4.1
id-10974	5	7	11	4.8
id-10975	7	9	19	3.3
id-10976	3	6	29	3.2
id-10977	10	5	6	3.8
id-10978	3	2	3	4.2
id-10979	3	6	18	3.0
id-10980	1	2	19	4.2
id-10981	10	15	16	3.4
id-10982	2	3	30	4.5
id-10983	7	13	2	4.9
id-10984	5	7	22	3.5
id-10985	9	18	30	3.0
id-10986	10	5	10	4.9
id-10987	6	6	24	3.7
id-10988	5	8	28	3.6
id-10989	6	8	25	3.8
id-10990	7	6	1	3.5
id-10991	7	12	17	3.1
id-10992	2	3	21	3.8
id-10993	2	3	1	3.1
id-10994	10	17	18	3.3
id-10995	7	10	27	3.3
id-10996	3	2	15	3.2
id-10997	9	9	25	3.7
id-10998	1	2	22	4.0
id-10999	3	3	2	4.5
id-11000	7	7	1	4.7
id-11001	5	9	10	4.5
id-11002	7	12	11	4.9
id-11003	10	10	27	3.8
id-11004	6	10	21	4.1
id-11005	4	7	2	4.4
id-11006	3	4	25	4.9
id-11007	10	8	19	4.7
id-11008	3	4	17	3.9
id-11009	8	13	30	3.7
id-11010	10	19	5	3.8
id-11011	2	4	24	4.7
id-11012	5	8	26	4.8
id-11013	8	9	29	4.6
id-11014	1	2	29	4.4
id-11015	3	2	16	4.8
id-11016	3	2	20	3.4
id-11017	4	5	10	3.5
id-11018	6	10	22	4.2
id-11019	4	4	19	4.1
id-11020	1	2	11	3.4
id-11021	10	7	11	4.8
id-11022	1	2	3	3.9
id-11023	7	6	2	3.6
id-11024	9	15	9	3.5
id-11025	2	3	26	4.8
id-11026	4	5	1	3.5
id-11027	9	8	26	4.1
id-11028	4	4	13	4.1
id-11029	3	3	28	3.7
id-11030	6	6	11	4.4
id-11031	8	6	26	4.4
id-11032	4	6	11	4.6
id-11033	2	4	11	4.8
id-11034	8	11	20	4.7
id-11035	8	7	17	3.4
id-11036	4	6	30	3.5
id-11037	2	4	15	4.6
id-11038	3	6	6	4.8
id-11039	2	4	24	4.0
id-11040	2	4	24	4.2
id-11041	9	4	16	5.0
id-11042	7	12	21	3.8
id-11043	9	14	23	4.2
id-11044	8	15	20	3.7
id-11045	1	2	16	4.3
id-11046	2	2	1	3.3
id-11047	10	7	19	3.7
id-11048	7	12	28	4.2
id-11049	1	2	22	4.1
id-11050	3	3	4	4.5
id-11051	5	5	16	3.1
id-11052	7	13	24	3.7
id-11053	2	2	10	4.2
id-11054	6	6	8	4.2
id-11055	2	4	7	4.9
id-11056	3	2	7	3.1
id-11057	7	8	29	3.7
id-11058	4	2	13	4.5
id-11059	10	4	20	3.7
id-11060	3	3	6	3.1
id-11061	6	2	14	5.0
id-11062	8	13	8	4.9
id-11063	1	2	2	4.1
id-11064	7	3	27	4.3
id-11065	10	4	14	3.8
id-11066	5	6	14	4.5
id-11067	1	2	30	3.8
id-11068	7	5	18	3.6
id-11069	9	3	30	4.0
id-11070	3	4	27	3.4
id-11071	4	3	19	4.3
id-11072	9	7	4	3.4
id-11073	8	15	20	3.1
id-11074	6	3	5	4.6
id-11075	2	4	21	3.1
id-11076	6	2	17	4.2
id-11077	1	2	21	4.9
id-11078	9	16	13	4.3
id-11079	10	4	1	4.8
id-11080	8	2	11	4.7
id-11081	4	7	18	3.5
id-11082	3	5	2	4.6
id-11083	8	5	19	4.2
id-11084	9	11	8	3.6
id-11085	10	6	23	3.4
id-11086	6	3	6	3.7
id-11087	4	8	3	3.4
id-11088	3	2	19	5.0
id-11089	9	3	12	4.4
id-11090	1	2	17	4.7
id-11091	1	2	27	4.1
id-11092	1	2	21	3.1
id-11093	4	2	9	4.7
id-11094	1	2	6	3.8
id-11095	7	3	21	3.7
id-11096	9	9	19	4.4
id-11097	6	8	22	3.5
id-11098	10	10	23	4.5
id-11099	4	7	27	3.2
id-11100	10	6	24	4.4
id-11101	8	11	30	4.3
id-11102	9	14	2	3.8
id-11103	4	2	3	3.2
id-11104	10	7	11	4.8
id-11105	4	3	15	4.2
id-11106	9	5	19	4.7
id-11107	5	7	4	3.4
id-11108	3	3	6	3.6
id-11109	2	2	2	3.9
id-11110	9	2	7	4.1
id-11111	7	11	16	3.6
id-11112	7	12	17	3.8
id-11113	1	2	15	4.5
id-11114	9	15	20	4.0
id-11115	7	3	19	3.5
id-11116	6	7	6	4.9
id-11117	5	5	25	4.4
id-11118	9	10	21	3.3
id-11119	1	2	18	4.4
id-11120	7	12	17	3.2
id-11121	3	6	19	5.0
id-11122	3	4	8	3.5
id-11123	3	2	24	4.5
id-11124	4	2	10	4.5
id-11125	9	5	17	4.4
id-11126	5	5	2	4.3
id-11127	9	6	30	4.4
id-11128	6	3	23	3.9
id-11129	10	5	4	3.4
id-11130	2	3	3	4.0
id-11131	10	7	2	4.0
id-11132	8	6	1	4.7
id-11133	4	7	9	4.0
id-11134	1	2	26	3.7
id-11135	3	5	9	3.9
id-11136	4	3	28	3.4
id-11137	3	4	11	3.9
id-11138	4	5	5	4.3
id-11139	2	3	16	5.0
id-11140	10	11	25	4.2
id-11141	3	3	19	3.7
id-11142	10	11	29	4.1
id-11143	5	7	28	4.2
id-11144	2	4	27	4.5
id-11145	10	6	26	3.9
id-11146	2	2	5	3.8
id-11147	7	13	27	3.0
id-11148	8	4	21	3.8
id-11149	10	7	28	3.6
id-11150	7	3	15	3.8
id-11151	4	5	29	4.2
id-11152	3	5	26	4.5
id-11153	4	8	6	4.7
id-11154	8	13	8	3.9
id-11155	5	4	30	3.2
id-11156	8	3	15	4.4
id-11157	2	4	14	3.4
id-11158	5	4	26	3.5
id-11159	1	2	13	4.7
id-11160	9	9	19	4.7
id-11161	1	2	7	3.5
id-11162	7	7	20	3.7
id-11163	6	10	26	4.9
id-11164	4	5	14	3.2
id-11165	1	2	12	3.0
id-11166	6	5	17	3.3
id-11167	8	14	9	4.9
id-11168	2	3	23	3.6
id-11169	5	8	19	3.3
id-11170	8	9	25	3.8
id-11171	10	11	4	3.5
id-11172	6	7	18	4.9
id-11173	10	10	20	3.5
id-11174	6	4	14	4.5
id-11175	5	6	12	4.2
id-11176	5	4	28	3.4
id-11177	2	3	27	4.9
id-11178	5	7	16	4.2
id-11179	7	14	11	3.3
id-11180	4	5	25	4.5
id-11181	3	2	26	3.1
id-11182	6	6	26	5.0
id-11183	10	15	12	3.9
id-11184	5	7	7	3.4
id-11185	10	9	28	4.3
id-11186	5	3	13	3.4
id-11187	2	4	4	4.1
id-11188	6	3	6	3.5
id-11189	4	7	28	4.6
id-11190	9	10	28	4.8
id-11191	3	4	4	4.0
id-11192	6	8	10	4.0
id-11193	6	12	5	4.5
id-11194	3	2	2	4.7
id-11195	5	9	4	3.5
id-11196	1	2	9	3.6
id-11197	1	2	14	4.6
id-11198	10	14	11	4.9
id-11199	5	5	24	4.6
id-11200	2	2	20	5.0
id-11201	5	9	18	4.3
id-11202	1	2	10	3.0
id-11203	3	2	9	3.2
id-11204	5	9	11	4.3
id-11205	6	10	29	3.5
id-11206	8	11	24	4.7
id-11207	6	3	4	4.8
id-11208	7	4	5	4.1
id-11209	10	13	15	3.3
id-11210	7	4	5	4.6
id-11211	6	7	16	3.3
id-11212	4	4	12	3.7
id-11213	5	9	16	3.9
id-11214	4	6	27	4.6
id-11215	2	3	18	4.5
id-11216	2	3	5	3.7
id-11217	9	13	5	4.4
id-11218	1	2	25	3.3
id-11219	6	10	30	4.2
id-11220	7	6	22	3.8
id-11221	10	11	22	4.2
id-11222	5	5	4	4.7
id-11223	6	3	12	3.4
id-11224	7	9	3	3.4
id-11225	10	19	7	3.9
id-11226	5	6	6	3.7
id-11227	2	4	13	4.3
id-11228	6	2	16	3.9
id-11229	2	3	9	4.3
id-11230	10	7	26	4.4
id-11231	6	5	22	3.3
id-11232	6	12	26	3.2
id-11233	1	2	11	4.4
id-11234	5	3	9	3.6
id-11235	4	7	28	3.5
id-11236	8	16	3	4.0
id-11237	8	6	22	3.5
id-11238	3	3	20	3.1
id-11239	1	2	7	5.0
id-11240	9	12	11	3.1
id-11241	1	2	23	4.1
id-11242	8	12	29	4.9
id-11243	10	9	20	3.6
id-11244	8	2	22	3.5
id-11245	6	9	17	4.5
id-11246	6	12	2	3.3
id-11247	2	3	15	4.4
id-11248	10	12	16	4.6
id-11249	8	5	8	4.9
id-11250	5	4	28	4.6
id-11251	8	5	4	3.5
id-11252	8	7	17	3.3
id-11253	10	4	22	4.4
id-11254	2	3	6	4.3
id-11255	2	4	1	4.2
id-11256	9	6	3	3.2
id-11257	4	3	25	4.7
id-11258	3	3	12	4.0
id-11259	2	3	23	3.1
id-11260	3	5	22	4.6
id-11261	1	2	7	4.4
id-11262	5	5	8	4.6
id-11263	10	14	23	4.4
id-11264	6	2	28	3.4
id-11265	10	11	23	3.1
id-11266	4	2	22	4.3
id-11267	8	2	11	4.0
id-11268	5	10	17	4.3
id-11269	8	4	12	3.4
id-11270	10	6	17	4.3
id-11271	2	4	6	3.8
id-11272	8	9	6	3.9
id-11273	10	11	3	4.1
id-11274	6	9	2	3.3
id-11275	1	2	4	4.4
id-11276	5	5	23	3.1
id-11277	2	2	23	3.9
id-11278	10	12	8	3.1
id-11279	4	2	23	4.6
id-11280	4	2	25	3.3
id-11281	4	7	25	4.7
id-11282	9	16	17	5.0
id-11283	1	2	20	3.8
id-11284	3	3	4	3.7
id-11285	5	6	18	5.0
id-11286	9	14	16	3.3
id-11287	1	2	1	4.3
id-11288	5	2	28	3.4
id-11289	4	7	9	3.4
id-11290	4	2	4	4.8
id-11291	8	10	12	4.8
id-11292	1	2	16	3.5
id-11293	4	8	22	3.4
id-11294	2	2	15	4.0
id-11295	10	7	15	4.3
id-11296	1	2	21	3.2
id-11297	3	6	14	4.7
id-11298	4	3	13	4.7
id-11299	4	4	11	4.6
id-11300	1	2	29	4.8
id-11301	3	5	18	3.3
id-11302	2	3	15	3.0
id-11303	8	4	21	4.6
id-11304	5	5	21	3.1
id-11305	1	2	1	4.7
id-11306	8	6	5	3.8
id-11307	5	2	5	4.0
id-11308	1	2	13	3.6
id-11309	8	3	24	3.4
id-11310	5	4	29	3.5
id-11311	3	3	1	4.4
id-11312	5	4	18	3.5
id-11313	2	3	17	3.3
id-11314	3	6	3	4.4
id-11315	7	2	20	4.9
id-11316	2	4	22	3.1
id-11317	4	7	23	3.3
id-11318	5	8	24	3.1
id-11319	1	2	30	4.6
id-11320	3	2	12	3.5
id-11321	9	9	30	4.3
id-11322	6	3	5	3.7
id-11323	2	4	28	3.1
id-11324	3	5	4	4.0
id-11325	7	7	20	3.2
id-11326	3	2	9	4.2
id-11327	9	18	19	4.3
id-11328	1	2	6	3.5
id-11329	6	6	1	4.3
id-11330	7	2	22	3.5
id-11331	3	3	18	3.8
id-11332	1	2	28	4.8
id-11333	2	2	14	3.5
id-11334	2	3	21	4.7
id-11335	9	4	18	4.5
id-11336	4	4	6	3.0
id-11337	9	13	6	4.2
id-11338	5	3	27	4.1
id-11339	7	3	22	3.9
id-11340	7	9	17	4.1
id-11341	4	6	11	5.0
id-11342	1	2	6	3.8
id-11343	7	8	4	4.2
id-11344	3	6	21	3.4
id-11345	8	8	13	3.2
id-11346	5	5	13	4.3
id-11347	1	2	15	3.9
id-11348	2	2	25	4.3
id-11349	3	2	20	4.8
id-11350	5	9	22	3.0
id-11351	9	5	18	3.3
id-11352	7	12	28	3.8
id-11353	5	9	14	3.5
id-11354	1	2	29	3.4
id-11355	1	2	6	4.5
id-11356	9	11	2	4.5
id-11357	8	5	20	4.1
id-11358	6	7	12	3.3
id-11359	10	4	26	3.2
id-11360	5	5	25	3.5
id-11361	1	2	5	3.8
id-11362	4	3	8	3.4
id-11363	10	3	12	4.5
id-11364	1	2	5	3.4
id-11365	9	8	2	4.5
id-11366	9	6	11	3.1
id-11367	7	10	23	4.3
id-11368	9	10	13	3.4
id-11369	6	12	6	3.7
id-11370	4	7	7	4.5
id-11371	7	2	23	4.3
id-11372	7	9	7	4.7
id-11373	2	4	2	3.9
id-11374	1	2	14	3.8
id-11375	2	4	6	4.1
id-11376	10	16	8	3.4
id-11377	1	2	2	4.8
id-11378	10	4	2	4.4
id-11379	7	8	25	5.0
id-11380	3	5	18	4.3
id-11381	7	7	10	4.3
id-11382	7	10	18	4.6
id-11383	1	2	2	3.6
id-11384	1	2	19	3.8
id-11385	2	3	27	4.8
id-11386	8	11	6	3.1
id-11387	9	2	30	4.9
id-11388	7	8	11	3.2
id-11389	5	3	30	4.1
id-11390	10	13	7	3.2
id-11391	3	4	16	3.5
id-11392	10	18	16	3.8
id-11393	2	4	8	3.0
id-11394	9	5	15	4.0
id-11395	1	2	17	3.9
id-11396	4	3	10	4.0
id-11397	5	7	22	4.8
id-11398	10	15	29	3.5
id-11399	7	5	23	3.4
id-11400	5	5	4	5.0
id-11401	4	5	8	3.1
id-11402	10	7	13	4.6
id-11403	9	4	11	4.1
id-11404	5	2	28	4.3
id-11405	9	8	12	4.9
id-11406	6	8	22	5.0
id-11407	1	2	14	4.5
id-11408	6	5	2	4.4
id-11409	8	9	16	4.3
id-11410	10	3	22	4.1
id-11411	8	8	27	4.2
id-11412	10	20	13	4.7
id-11413	10	4	11	4.2
id-11414	5	10	20	4.3
id-11415	10	18	14	3.6
id-11416	10	7	29	4.4
id-11417	9	3	23	3.7
id-11418	2	4	20	4.7
id-11419	10	19	17	3.4
id-11420	6	8	14	4.3
id-11421	8	3	9	4.8
id-11422	7	6	22	3.4
id-11423	4	7	17	4.3
id-11424	5	3	22	4.2
id-11425	6	5	25	4.4
id-11426	5	5	26	4.9
id-11427	2	4	28	4.1
id-11428	9	8	25	4.3
id-11429	2	3	2	4.5
id-11430	2	4	22	4.1
id-11431	10	14	19	3.5
id-11432	4	8	27	4.4
id-11433	1	2	16	3.4
id-11434	4	5	16	4.6
id-11435	9	7	5	3.4
id-11436	4	5	17	3.0
id-11437	1	2	23	3.2
id-11438	7	7	26	3.9
id-11439	10	4	5	4.9
id-11440	4	6	1	4.7
id-11441	4	5	5	3.9
id-11442	10	17	4	4.6
id-11443	6	8	23	4.4
id-11444	6	11	12	3.4
id-11445	6	8	3	3.3
id-11446	3	6	28	4.9
id-11447	2	2	23	3.7
id-11448	10	13	23	3.0
id-11449	10	9	14	4.8
id-11450	2	2	24	4.9
id-11451	6	7	8	5.0
id-11452	7	7	10	4.6
id-11453	6	2	7	4.8
id-11454	7	8	6	3.9
id-11455	5	6	8	3.8
id-11456	1	2	20	4.3
id-11457	6	6	24	4.1
id-11458	6	4	11	3.0
id-11459	3	4	2	4.8
id-11460	3	2	14	3.1
id-11461	4	7	19	5.0
id-11462	6	4	15	3.1
id-11463	2	4	1	4.2
id-11464	4	7	12	4.3
id-11465	8	16	16	4.5
id-11466	7	12	20	4.8
id-11467	1	2	24	3.8
id-11468	4	6	17	4.3
id-11469	6	9	22	3.1
id-11470	5	10	2	4.6
id-11471	7	9	17	4.8
id-11472	3	3	7	3.8
id-11473	9	6	27	3.9
id-11474	8	2	28	3.8
id-11475	9	14	23	3.0
id-11476	7	8	29	4.6
id-11477	1	2	16	4.3
id-11478	10	8	1	4.6
id-11479	10	7	2	4.7
id-11480	6	5	10	3.6
id-11481	6	9	28	3.5
id-11482	2	3	3	3.1
id-11483	5	3	13	4.2
id-11484	5	8	28	4.6
id-11485	3	2	17	3.1
id-11486	3	4	14	3.6
id-11487	7	9	29	4.1
id-11488	7	11	23	3.6
id-11489	8	12	17	3.1
id-11490	8	6	4	4.2
id-11491	2	2	15	4.4
id-11492	5	4	30	3.4
id-11493	1	2	2	3.6
id-11494	7	6	29	3.4
id-11495	7	14	22	4.7
id-11496	4	8	2	3.3
id-11497	3	4	20	4.3
id-11498	5	3	10	4.0
id-11499	3	2	10	3.3
id-11500	7	11	18	4.7
id-11501	5	6	16	3.3
id-11502	8	6	27	4.6
id-11503	7	7	20	3.4
id-11504	2	2	25	5.0
id-11505	5	3	16	3.7
id-11506	2	2	5	4.4
id-11507	5	8	28	3.0
id-11508	4	8	21	4.7
id-11509	8	15	29	4.7
id-11510	10	19	25	4.0
id-11511	3	3	14	4.3
id-11512	5	3	11	3.6
id-11513	5	10	12	3.2
id-11514	2	3	21	4.0
id-11515	1	2	23	3.8
id-11516	7	12	29	3.1
id-11517	3	3	28	4.7
id-11518	9	15	9	3.7
id-11519	2	2	1	4.5
id-11520	8	9	2	3.6
id-11521	10	10	4	3.4
id-11522	2	3	18	3.6
id-11523	7	3	17	4.7
id-11524	9	17	5	4.4
id-11525	10	4	12	3.4
id-11526	7	8	17	3.3
id-11527	8	8	9	4.3
id-11528	8	10	23	4.0
id-11529	7	3	10	3.6
id-11530	9	14	24	3.9
id-11531	10	11	8	3.5
id-11532	7	10	28	4.6
id-11533	7	4	20	3.6
id-11534	6	9	22	4.6
id-11535	8	12	6	4.0
id-11536	5	10	12	3.4
id-11537	9	17	10	4.6
id-11538	4	3	4	4.9
id-11539	6	7	17	4.5
id-11540	6	12	17	4.2
id-11541	5	2	27	3.6
id-11542	3	6	15	3.3
id-11543	3	3	20	4.1
id-11544	3	5	7	3.6
id-11545	3	2	27	4.9
id-11546	8	11	17	4.1
id-11547	2	4	23	4.9
id-11548	3	6	1	4.2
id-11549	7	14	19	3.7
id-11550	6	3	28	4.6
id-11551	4	2	24	4.8
id-11552	9	9	20	4.4
id-11553	1	2	29	3.6
id-11554	1	2	15	4.7
id-11555	4	8	29	3.5
id-11556	7	7	27	3.1
id-11557	5	7	6	3.3
id-11558	9	16	9	4.2
id-11559	1	2	17	4.5
id-11560	3	2	25	3.1
id-11561	3	6	24	4.6
id-11562	2	3	9	4.8
id-11563	5	9	1	3.8
id-11564	4	8	17	4.9
id-11565	8	11	25	3.0
id-11566	7	7	8	3.2
id-11567	5	4	8	4.7
id-11568	5	9	4	4.0
id-11569	7	10	12	4.2
id-11570	7	5	18	4.0
id-11571	4	3	23	3.3
id-11572	3	6	18	4.3
id-11573	7	4	20	3.1
id-11574	6	10	11	3.1
id-11575	2	2	11	4.9
id-11576	6	4	22	4.6
id-11577	4	8	19	4.3
id-11578	4	7	5	3.7
id-11579	1	2	3	4.4
id-11580	2	2	9	3.8
id-11581	6	12	26	3.9
id-11582	8	7	14	3.4
id-11583	4	5	28	5.0
id-11584	3	2	22	3.1
id-11585	6	3	1	4.2
id-11586	4	8	12	4.5
id-11587	9	11	25	3.7
id-11588	5	2	26	3.6
id-11589	5	8	16	4.2
id-11590	8	8	13	4.1
id-11591	8	9	28	3.6
id-11592	5	10	28	3.7
id-11593	7	13	2	4.4
id-11594	6	12	10	4.1
id-11595	6	7	2	4.9
id-11596	9	8	14	3.1
id-11597	8	10	12	4.1
id-11598	1	2	20	3.5
id-11599	4	4	6	4.6
id-11600	2	4	5	4.2
id-11601	1	2	30	3.6
id-11602	7	14	4	3.8
id-11603	8	6	20	3.3
id-11604	8	8	21	4.0
id-11605	4	8	28	4.0
id-11606	2	3	6	3.8
id-11607	9	8	30	4.5
id-11608	4	2	6	4.8
id-11609	10	6	10	4.9
id-11610	7	7	6	3.4
id-11611	1	2	3	3.9
id-11612	4	5	11	4.6
id-11613	6	11	25	4.3
id-11614	8	13	20	3.9
id-11615	9	8	8	4.8
id-11616	1	2	16	3.7
id-11617	10	3	16	5.0
id-11618	3	6	9	3.0
id-11619	2	3	22	4.2
id-11620	6	6	27	4.7
id-11621	2	3	4	3.3
id-11622	9	11	26	4.5
id-11623	6	7	4	5.0
id-11624	4	6	10	4.4
id-11625	7	3	25	3.4
id-11626	5	10	19	4.1
id-11627	9	11	3	4.5
id-11628	3	3	26	3.8
id-11629	2	3	28	4.5
id-11630	1	2	14	4.5
id-11631	7	3	9	4.1
id-11632	8	11	2	4.4
id-11633	7	11	5	4.2
id-11634	8	6	25	3.3
id-11635	1	2	23	3.0
id-11636	5	4	1	4.4
id-11637	6	12	28	5.0
id-11638	9	18	25	3.4
id-11639	7	6	2	4.5
id-11640	8	4	6	3.9
id-11641	4	6	25	4.3
id-11642	7	5	6	3.4
id-11643	10	13	2	3.7
id-11644	7	3	2	4.3
id-11645	9	12	10	3.8
id-11646	8	2	21	3.7
id-11647	9	2	1	3.9
id-11648	7	14	26	4.9
id-11649	6	4	8	3.5
id-11650	1	2	19	4.6
id-11651	6	3	9	3.5
id-11652	6	12	18	3.9
id-11653	4	3	29	4.4
id-11654	10	2	5	4.7
id-11655	9	8	20	3.7
id-11656	9	6	3	4.2
id-11657	4	5	22	3.1
id-11658	1	2	9	3.0
id-11659	7	4	27	4.9
id-11660	7	12	23	3.6
id-11661	3	6	7	3.9
id-11662	2	4	26	3.7
id-11663	7	12	9	4.6
id-11664	8	13	12	3.7
id-11665	7	12	17	3.5
id-11666	7	9	1	3.7
id-11667	2	3	16	4.9
id-11668	2	4	6	4.1
id-11669	3	4	9	3.0
id-11670	10	19	12	4.1
id-11671	3	3	15	4.3
id-11672	3	5	8	3.3
id-11673	1	2	11	4.6
id-11674	6	4	26	4.6
id-11675	6	8	5	3.4
id-11676	4	6	5	4.1
id-11677	5	5	10	4.8
id-11678	6	6	26	4.3
id-11679	4	4	30	3.2
id-11680	4	4	2	3.9
id-11681	3	3	29	4.6
id-11682	4	3	20	4.4
id-11683	9	6	27	3.1
id-11684	9	6	30	4.6
id-11685	4	2	25	3.1
id-11686	2	4	1	3.9
id-11687	4	5	6	4.5
id-11688	9	13	29	4.1
id-11689	7	5	30	3.9
id-11690	7	7	27	3.4
id-11691	5	7	3	3.0
id-11692	2	4	9	3.3
id-11693	2	4	26	4.7
id-11694	9	13	5	3.6
id-11695	4	4	8	4.1
id-11696	3	2	21	3.4
id-11697	5	8	23	5.0
id-11698	5	3	2	3.6
id-11699	8	2	3	4.4
id-11700	7	12	28	3.7
id-11701	7	8	3	3.2
id-11702	10	13	24	4.2
id-11703	3	2	19	3.5
id-11704	4	4	13	3.4
id-11705	1	2	16	3.9
id-11706	7	8	4	3.9
id-11707	1	2	21	3.6
id-11708	3	2	17	4.3
id-11709	1	2	18	4.7
id-11710	5	3	20	4.0
id-11711	8	14	29	3.7
id-11712	4	4	28	5.0
id-11713	4	5	24	3.5
id-11714	4	5	25	4.1
id-11715	4	3	12	4.2
id-11716	4	8	30	3.9
id-11717	9	16	22	3.4
id-11718	5	7	23	3.8
id-11719	6	6	14	3.7
id-11720	7	14	18	3.8
id-11721	5	10	11	3.3
id-11722	1	2	19	3.3
id-11723	6	12	23	3.4
id-11724	10	11	16	4.0
id-11725	4	6	24	4.6
id-11726	5	7	17	3.9
id-11727	9	18	5	4.6
id-11728	6	7	11	3.9
id-11729	8	13	23	3.7
id-11730	1	2	28	4.5
id-11731	7	9	18	3.1
id-11732	6	7	9	4.5
id-11733	2	2	19	3.8
id-11734	8	12	2	4.2
id-11735	2	3	24	3.5
id-11736	10	4	21	3.9
id-11737	10	18	20	3.6
id-11738	9	2	22	4.9
id-11739	7	11	25	4.8
id-11740	5	5	18	3.6
id-11741	4	6	2	5.0
id-11742	5	5	25	3.3
id-11743	2	4	15	4.6
id-11744	1	2	26	4.3
id-11745	3	5	3	3.5
id-11746	5	8	17	4.7
id-11747	2	2	26	4.5
id-11748	5	6	15	4.0
id-11749	7	5	1	4.6
id-11750	6	8	18	4.3
id-11751	8	11	26	3.5
id-11752	1	2	19	4.1
id-11753	5	10	22	3.5
id-11754	2	4	12	3.7
id-11755	6	5	22	3.1
id-11756	4	5	11	3.3
id-11757	9	11	3	4.6
id-11758	8	16	25	3.2
id-11759	3	4	9	3.2
id-11760	7	11	19	3.1
id-11761	3	6	24	3.3
id-11762	2	3	2	4.2
id-11763	9	12	24	4.2
id-11764	5	4	10	4.9
id-11765	5	5	29	3.1
id-11766	7	10	14	4.1
id-11767	2	4	28	3.3
id-11768	3	2	25	3.2
id-11769	9	15	30	4.8
id-11770	3	2	18	4.6
id-11771	7	10	30	3.2
id-11772	7	5	14	3.9
id-11773	1	2	27	4.3
id-11774	1	2	1	4.6
id-11775	10	19	27	4.6
id-11776	2	2	30	4.6
id-11777	3	2	10	3.5
id-11778	2	4	11	3.4
id-11779	2	4	28	4.1
id-11780	1	2	26	4.3
id-11781	4	3	24	4.5
id-11782	1	2	27	3.9
id-11783	1	2	7	5.0
id-11784	5	8	5	5.0
id-11785	4	2	16	4.4
id-11786	2	3	21	4.8
id-11787	6	6	6	4.1
id-11788	8	10	28	4.3
id-11789	8	7	10	3.6
id-11790	8	11	27	4.1
id-11791	7	7	5	3.7
id-11792	3	4	11	3.3
id-11793	5	5	30	3.2
id-11794	5	10	29	4.4
id-11795	8	10	8	3.2
id-11796	4	6	11	3.9
id-11797	7	13	19	4.7
id-11798	9	4	11	3.5
id-11799	4	2	9	4.4
id-11800	4	2	29	4.0
id-11801	7	3	9	3.4
id-11802	10	8	17	5.0
id-11803	10	4	22	4.3
id-11804	7	6	29	3.8
id-11805	6	5	18	4.8
id-11806	3	5	24	3.8
id-11807	9	11	8	4.9
id-11808	1	2	10	3.0
id-11809	7	4	28	4.5
id-11810	9	17	14	4.9
id-11811	6	8	10	3.6
id-11812	10	10	18	3.8
id-11813	4	3	15	5.0
id-11814	5	10	21	4.2
id-11815	1	2	5	4.6
id-11816	9	11	29	4.5
id-11817	1	2	6	3.2
id-11818	2	2	13	4.7
id-11819	1	2	5	4.0
id-11820	1	2	26	3.1
id-11821	7	3	23	4.5
id-11822	8	6	18	3.2
id-11823	10	7	24	4.5
id-11824	5	6	10	4.5
id-11825	5	7	7	3.7
id-11826	5	9	24	4.1
id-11827	3	4	13	4.0
id-11828	9	2	2	4.3
id-11829	3	6	25	4.8
id-11830	8	13	20	3.8
id-11831	1	2	17	3.9
id-11832	3	3	15	3.7
id-11833	5	10	9	4.9
id-11834	3	6	10	3.9
id-11835	6	11	18	3.3
id-11836	9	14	21	4.6
id-11837	6	4	28	3.4
id-11838	4	2	20	4.4
id-11839	3	4	28	4.8
id-11840	8	15	13	3.6
id-11841	6	6	9	4.3
id-11842	10	7	28	3.3
id-11843	10	7	9	4.5
id-11844	1	2	30	3.6
id-11845	2	3	13	4.1
id-11846	8	16	30	3.0
id-11847	4	2	4	3.1
id-11848	6	6	11	3.0
id-11849	4	4	17	4.4
id-11850	6	7	8	3.2
id-11851	5	2	10	3.6
id-11852	7	8	26	3.6
id-11853	6	11	5	3.3
id-11854	10	18	28	3.7
id-11855	8	9	8	3.2
id-11856	10	17	22	3.6
id-11857	10	19	6	3.5
id-11858	9	3	15	3.7
id-11859	2	3	24	3.7
id-11860	4	7	2	3.9
id-11861	2	3	18	4.0
id-11862	1	2	17	3.8
id-11863	3	5	17	3.9
id-11864	5	8	20	3.2
id-11865	7	9	30	4.9
id-11866	1	2	19	4.0
id-11867	7	13	26	5.0
id-11868	9	18	20	4.0
id-11869	3	6	24	4.8
id-11870	1	2	20	3.4
id-11871	8	16	4	4.9
id-11872	6	11	20	4.3
id-11873	2	4	23	4.6
id-11874	7	10	2	3.5
id-11875	2	2	8	3.4
id-11876	6	12	12	3.2
id-11877	7	11	29	3.5
id-11878	10	11	6	4.2
id-11879	1	2	10	4.4
id-11880	10	20	23	4.5
id-11881	1	2	10	4.7
id-11882	6	8	28	4.2
id-11883	9	8	5	3.1
id-11884	10	4	21	4.1
id-11885	10	7	17	3.4
id-11886	3	2	17	4.7
id-11887	6	2	21	4.2
id-11888	8	13	19	4.1
id-11889	4	3	1	3.8
id-11890	4	2	22	3.9
id-11891	3	5	11	4.0
id-11892	2	4	30	3.9
id-11893	1	2	1	4.8
id-11894	5	8	16	4.0
id-11895	6	4	13	3.4
id-11896	1	2	29	3.6
id-11897	2	2	23	4.3
id-11898	6	7	25	4.0
id-11899	4	3	20	4.0
id-11900	5	3	14	3.7
id-11901	5	8	20	4.4
id-11902	10	17	17	4.4
id-11903	10	19	23	3.1
id-11904	1	2	15	4.6
id-11905	7	9	7	3.3
id-11906	1	2	28	3.6
id-11907	10	16	16	3.6
id-11908	9	10	6	4.6
id-11909	9	9	13	3.8
id-11910	3	5	25	4.4
id-11911	8	11	25	3.2
id-11912	6	2	6	4.8
id-11913	4	8	22	4.7
id-11914	1	2	5	4.5
id-11915	9	6	6	3.8
id-11916	10	19	1	3.1
id-11917	1	2	27	4.1
id-11918	3	5	6	4.1
id-11919	3	3	20	4.5
id-11920	1	2	20	3.7
id-11921	4	2	5	3.8
id-11922	8	13	5	3.8
id-11923	7	12	8	4.1
id-11924	3	5	12	3.1
id-11925	3	4	14	4.7
id-11926	5	7	6	3.9
id-11927	3	2	6	3.8
id-11928	9	12	28	4.0
id-11929	8	5	24	4.8
id-11930	5	4	4	3.4
id-11931	8	10	9	4.1
id-11932	1	2	13	3.5
id-11933	10	20	22	4.7
id-11934	7	12	10	4.1
id-11935	6	3	24	4.0
id-11936	9	13	7	3.3
id-11937	2	4	26	4.1
id-11938	10	20	28	3.1
id-11939	3	2	20	4.7
id-11940	5	5	3	3.9
id-11941	1	2	9	3.6
id-11942	8	12	17	4.6
id-11943	4	2	1	3.2
id-11944	1	2	13	3.5
id-11945	8	9	27	3.4
id-11946	7	8	23	3.9
id-11947	3	5	7	4.9
id-11948	9	2	26	4.2
id-11949	8	9	21	3.1
id-11950	1	2	17	3.9
id-11951	8	3	3	3.4
id-11952	10	10	11	4.4
id-11953	9	15	23	4.8
id-11954	6	5	24	3.9
id-11955	5	2	4	4.7
id-11956	6	11	11	3.1
id-11957	2	2	4	3.1
id-11958	7	5	5	3.1
id-11959	4	7	28	4.5
id-11960	1	2	1	3.3
id-11961	4	6	13	4.0
id-11962	4	2	4	4.2
id-11963	3	4	17	4.4
id-11964	10	11	13	5.0
id-11965	9	16	5	3.3
id-11966	4	8	24	4.4
id-11967	5	6	3	3.3
id-11968	2	4	18	3.7
id-11969	6	6	29	4.7
id-11970	4	3	25	4.9
id-11971	4	8	7	4.0
id-11972	8	8	14	4.0
id-11973	1	2	3	3.2
id-11974	10	3	7	4.4
id-11975	5	8	22	4.0
id-11976	9	9	4	3.3
id-11977	9	6	10	3.4
id-11978	1	2	4	3.1
id-11979	1	2	10	4.7
id-11980	4	6	2	4.4
id-11981	5	7	20	4.0
id-11982	9	5	9	4.8
id-11983	2	3	12	4.8
id-11984	4	5	11	4.6
id-11985	3	4	3	3.5
id-11986	7	14	29	4.5
id-11987	6	2	3	4.6
id-11988	6	12	25	3.5
id-11989	3	5	6	4.6
id-11990	8	16	4	3.7
id-11991	2	3	17	4.3
id-11992	10	8	15	4.7
id-11993	4	6	13	3.2
id-11994	1	2	28	4.1
id-11995	3	5	28	3.8
id-11996	6	11	30	4.7
id-11997	6	11	23	4.6
id-11998	3	2	27	4.9
id-11999	7	11	25	3.7
id-12000	10	19	3	3.9
id-12001	7	6	20	4.3
id-12002	8	2	28	3.3
id-12003	1	2	23	4.2
id-12004	10	19	27	4.6
id-12005	2	3	18	4.7
id-12006	5	7	11	4.8
id-12007	8	13	9	4.2
id-12008	7	2	21	4.1
id-12009	1	2	16	3.6
id-12010	2	3	22	3.7
id-12011	6	12	1	3.5
id-12012	4	7	23	3.9
id-12013	4	8	7	4.1
id-12014	4	2	26	4.3
id-12015	4	4	24	4.1
id-12016	3	5	11	3.6
id-12017	8	14	6	4.2
id-12018	4	8	27	4.5
id-12019	6	11	21	4.2
id-12020	5	6	30	3.9
id-12021	9	16	30	4.0
id-12022	6	6	13	3.4
id-12023	5	10	27	4.2
id-12024	3	6	26	3.4
id-12025	9	5	9	3.2
id-12026	10	20	23	3.8
id-12027	4	6	7	3.8
id-12028	3	3	4	4.9
id-12029	8	5	13	4.6
id-12030	6	8	6	3.9
id-12031	4	7	6	3.3
id-12032	4	7	3	3.7
id-12033	8	3	22	4.6
id-12034	2	3	5	4.3
id-12035	3	2	29	4.7
id-12036	1	2	4	5.0
id-12037	3	4	16	4.1
id-12038	4	5	22	4.2
id-12039	3	3	29	3.7
id-12040	7	2	10	4.3
id-12041	1	2	9	3.7
id-12042	7	3	10	5.0
id-12043	9	3	5	4.5
id-12044	6	12	24	4.1
id-12045	9	14	28	4.2
id-12046	4	4	14	4.0
id-12047	6	2	23	3.2
id-12048	4	3	14	3.5
id-12049	8	6	10	3.6
id-12050	10	15	14	3.1
id-12051	3	5	20	3.2
id-12052	8	14	26	3.9
id-12053	8	16	26	3.1
id-12054	3	4	7	3.8
id-12055	3	4	1	4.6
id-12056	8	3	2	4.7
id-12057	9	15	24	4.5
id-12058	2	2	9	3.3
id-12059	10	3	24	4.7
id-12060	2	4	27	4.5
id-12061	8	14	2	4.2
id-12062	1	2	14	4.2
id-12063	4	2	8	4.4
id-12064	4	2	21	4.6
id-12065	8	3	23	4.1
id-12066	2	3	25	4.2
id-12067	10	19	19	3.6
id-12068	2	3	3	3.2
id-12069	9	11	23	3.0
id-12070	2	3	21	3.4
id-12071	7	9	18	3.4
id-12072	3	2	29	3.8
id-12073	8	4	3	3.8
id-12074	6	5	9	4.1
id-12075	4	7	20	4.2
id-12076	1	2	22	4.1
id-12077	3	2	7	4.1
id-12078	4	7	8	3.2
id-12079	5	6	21	3.5
id-12080	3	4	27	4.1
id-12081	5	7	3	4.8
id-12082	6	10	2	4.4
id-12083	4	5	29	3.1
id-12084	10	16	15	5.0
id-12085	6	6	13	3.2
id-12086	2	2	1	4.6
id-12087	10	15	3	3.9
id-12088	7	11	15	3.0
id-12089	1	2	11	4.0
id-12090	7	3	11	4.4
id-12091	7	12	24	5.0
id-12092	2	4	25	4.8
id-12093	4	8	16	4.1
id-12094	2	2	4	4.3
id-12095	7	11	16	3.3
id-12096	6	11	4	3.5
id-12097	9	3	26	3.8
id-12098	6	3	23	3.1
id-12099	1	2	21	3.3
id-12100	8	16	5	4.3
id-12101	1	2	16	4.1
id-12102	10	8	14	4.5
id-12103	5	4	17	3.3
id-12104	3	5	22	4.6
id-12105	6	10	18	3.7
id-12106	8	7	9	4.0
id-12107	8	8	1	4.0
id-12108	10	8	10	3.6
id-12109	8	8	2	4.2
id-12110	5	3	23	4.8
id-12111	5	5	12	4.2
id-12112	7	11	8	5.0
id-12113	5	8	26	4.6
id-12114	4	2	14	3.1
id-12115	7	9	8	4.0
id-12116	7	13	24	4.7
id-12117	4	7	1	3.2
id-12118	4	5	11	4.9
id-12119	8	16	16	4.2
id-12120	10	11	15	3.7
id-12121	10	20	5	3.2
id-12122	1	2	10	4.0
id-12123	10	7	29	3.9
id-12124	5	9	15	3.9
id-12125	9	9	23	4.5
id-12126	2	4	19	3.8
id-12127	3	3	27	4.1
id-12128	6	7	15	3.3
id-12129	4	6	30	3.2
id-12130	3	6	11	3.8
id-12131	4	8	8	4.7
id-12132	5	5	22	3.7
id-12133	4	8	22	4.5
id-12134	3	2	10	3.2
id-12135	8	3	26	4.4
id-12136	4	5	15	3.9
id-12137	8	2	30	3.9
id-12138	9	12	19	3.6
id-12139	6	12	13	4.9
id-12140	4	5	27	3.2
id-12141	3	2	26	4.6
id-12142	4	6	22	4.0
id-12143	3	5	27	4.9
id-12144	2	2	27	3.6
id-12145	2	2	18	3.7
id-12146	6	6	17	3.1
id-12147	5	8	19	4.1
id-12148	3	4	21	4.9
id-12149	10	7	28	4.0
id-12150	2	3	20	4.2
id-12151	4	5	4	3.9
id-12152	1	2	20	4.3
id-12153	10	13	7	4.1
id-12154	3	4	23	3.5
id-12155	3	3	26	4.0
id-12156	10	4	29	3.4
id-12157	6	12	25	3.1
id-12158	2	4	21	4.7
id-12159	7	5	13	3.6
id-12160	8	13	23	3.3
id-12161	9	10	27	4.3
id-12162	7	3	7	3.5
id-12163	6	2	24	4.9
id-12164	9	18	19	4.4
id-12165	2	4	18	4.5
id-12166	3	6	16	4.9
id-12167	8	10	4	4.7
id-12168	7	7	19	4.0
id-12169	2	2	30	3.1
id-12170	2	4	14	4.5
id-12171	10	16	24	4.0
id-12172	7	3	4	3.3
id-12173	10	5	21	4.2
id-12174	1	2	29	4.9
id-12175	10	15	1	3.8
id-12176	2	2	6	4.9
id-12177	3	6	14	3.7
id-12178	2	2	22	4.6
id-12179	2	2	18	4.8
id-12180	3	3	8	3.9
id-12181	1	2	24	3.0
id-12182	10	5	18	3.5
id-12183	5	3	4	3.6
id-12184	2	3	13	3.5
id-12185	10	18	20	3.5
id-12186	8	3	2	4.0
id-12187	3	5	26	3.6
id-12188	1	2	29	4.2
id-12189	3	6	19	4.6
id-12190	7	4	27	4.4
id-12191	6	3	9	4.3
id-12192	1	2	2	4.2
id-12193	6	2	16	3.7
id-12194	3	5	8	3.1
id-12195	7	3	25	4.9
id-12196	8	16	30	4.0
id-12197	1	2	3	3.9
id-12198	5	3	7	3.6
id-12199	6	6	9	4.2
id-12200	4	7	3	4.7
id-12201	6	7	25	3.7
id-12202	9	17	28	3.0
id-12203	3	4	17	4.0
id-12204	8	11	10	3.9
id-12205	8	10	9	4.6
id-12206	9	16	9	4.0
id-12207	10	9	29	3.5
id-12208	3	2	2	3.2
id-12209	9	9	2	4.8
id-12210	1	2	21	4.7
id-12211	7	7	10	4.3
id-12212	6	12	14	3.2
id-12213	8	10	24	4.8
id-12214	2	2	9	3.0
id-12215	3	3	1	4.6
id-12216	5	10	21	4.4
id-12217	8	7	15	4.4
id-12218	9	14	15	3.5
id-12219	4	5	18	4.7
id-12220	9	12	1	4.1
id-12221	5	2	21	3.3
id-12222	8	3	5	4.4
id-12223	3	2	28	4.8
id-12224	9	2	13	3.7
id-12225	3	2	27	4.2
id-12226	1	2	30	4.4
id-12227	10	11	29	4.3
id-12228	8	9	17	4.5
id-12229	2	2	1	4.7
id-12230	8	8	27	3.4
id-12231	8	16	10	3.9
id-12232	6	12	23	3.8
id-12233	8	6	16	4.8
id-12234	3	2	9	4.6
id-12235	6	3	10	3.3
id-12236	8	3	27	3.2
id-12237	10	20	20	5.0
id-12238	4	2	3	4.5
id-12239	10	12	6	4.8
id-12240	9	6	16	3.9
id-12241	1	2	11	4.1
id-12242	10	4	29	3.2
id-12243	1	2	30	3.6
id-12244	1	2	16	4.3
id-12245	2	2	7	3.3
id-12246	7	12	28	4.5
id-12247	4	2	13	4.6
id-12248	3	6	4	3.3
id-12249	7	6	23	3.8
id-12250	8	16	9	4.4
id-12251	9	14	20	4.2
id-12252	5	2	6	3.2
id-12253	9	3	24	3.7
id-12254	3	6	26	4.3
id-12255	5	2	29	4.6
id-12256	1	2	5	4.1
id-12257	4	6	29	3.9
id-12258	2	4	15	3.7
id-12259	5	9	26	3.6
id-12260	6	11	8	3.0
id-12261	4	2	27	4.1
id-12262	6	2	18	4.1
id-12263	8	13	24	4.4
id-12264	10	17	17	3.8
id-12265	7	3	20	4.6
id-12266	2	3	17	4.8
id-12267	6	6	30	3.1
id-12268	4	2	30	5.0
id-12269	5	9	10	4.2
id-12270	2	4	6	3.5
id-12271	5	5	3	3.2
id-12272	5	9	11	3.4
id-12273	4	8	14	4.3
id-12274	7	9	24	4.0
id-12275	5	3	15	3.8
id-12276	2	2	1	4.1
id-12277	1	2	20	5.0
id-12278	3	2	28	3.0
id-12279	2	2	25	4.6
id-12280	2	4	26	4.9
id-12281	7	11	10	4.1
id-12282	3	5	23	3.2
id-12283	4	3	18	4.2
id-12284	3	4	11	4.7
id-12285	6	11	30	4.0
id-12286	7	13	10	4.7
id-12287	6	12	28	4.6
id-12288	9	14	5	3.3
id-12289	4	5	25	3.6
id-12290	1	2	16	4.9
id-12291	5	2	18	4.3
id-12292	3	6	12	4.4
id-12293	10	17	12	3.2
id-12294	7	13	17	3.2
id-12295	1	2	2	3.6
id-12296	6	5	24	4.5
id-12297	2	3	9	4.6
id-12298	4	5	22	3.9
id-12299	7	11	7	4.8
id-12300	1	2	7	4.1
id-12301	5	6	21	3.7
id-12302	9	8	13	4.9
id-12303	5	9	19	4.7
id-12304	2	3	20	3.5
id-12305	4	8	15	3.6
id-12306	2	2	8	4.1
id-12307	6	12	20	3.4
id-12308	7	13	30	3.0
id-12309	3	4	18	4.1
id-12310	1	2	29	3.2
id-12311	10	7	18	4.2
id-12312	9	12	23	4.3
id-12313	4	4	23	3.6
id-12314	6	10	12	3.5
id-12315	3	3	14	4.2
id-12316	1	2	30	4.4
id-12317	1	2	24	4.5
id-12318	1	2	22	3.9
id-12319	5	4	13	4.2
id-12320	5	7	27	3.1
id-12321	6	12	4	4.8
id-12322	6	4	30	3.8
id-12323	8	5	5	3.0
id-12324	4	8	27	4.4
id-12325	9	5	12	4.4
id-12326	6	2	8	3.5
id-12327	9	16	5	3.0
id-12328	8	9	19	4.2
id-12329	2	3	22	3.8
id-12330	4	6	7	3.2
id-12331	8	8	21	3.2
id-12332	5	4	25	4.6
id-12333	6	7	24	4.7
id-12334	8	9	19	4.0
id-12335	3	6	2	3.3
id-12336	10	10	14	3.7
id-12337	9	7	24	3.6
id-12338	6	4	23	4.9
id-12339	7	6	10	4.5
id-12340	6	5	21	4.0
id-12341	4	8	6	4.3
id-12342	5	6	2	3.7
id-12343	4	7	1	3.2
id-12344	3	4	23	4.8
id-12345	4	3	14	3.6
id-12346	6	2	9	3.0
id-12347	10	16	22	3.5
id-12348	2	3	7	4.4
id-12349	5	4	29	3.8
id-12350	7	10	22	4.0
id-12351	10	10	22	4.5
id-12352	6	9	14	3.6
id-12353	7	11	27	3.4
id-12354	6	7	7	4.3
id-12355	3	5	27	4.6
id-12356	1	2	23	4.1
id-12357	8	6	26	4.4
id-12358	1	2	10	4.8
id-12359	2	3	12	3.2
id-12360	2	4	30	4.2
id-12361	7	4	5	4.4
id-12362	9	5	30	4.4
id-12363	3	3	12	3.0
id-12364	4	5	20	4.0
id-12365	1	2	25	3.0
id-12366	10	10	1	4.7
id-12367	8	13	4	4.8
id-12368	7	6	26	3.0
id-12369	1	2	20	4.8
id-12370	9	15	18	4.4
id-12371	1	2	24	3.1
id-12372	3	3	11	3.3
id-12373	7	7	23	3.8
id-12374	8	15	25	4.0
id-12375	4	4	5	3.1
id-12376	1	2	25	3.2
id-12377	10	19	14	4.5
id-12378	9	9	17	3.3
id-12379	10	14	11	3.3
id-12380	1	2	28	3.6
id-12381	1	2	8	3.8
id-12382	2	2	21	3.5
id-12383	10	14	20	4.0
id-12384	6	7	24	3.2
id-12385	3	6	17	4.9
id-12386	1	2	14	4.9
id-12387	4	3	20	4.5
id-12388	8	2	20	3.8
id-12389	4	6	17	4.2
id-12390	2	3	6	4.0
id-12391	2	4	26	4.5
id-12392	6	11	20	4.5
id-12393	10	2	16	3.6
id-12394	4	6	12	4.7
id-12395	8	16	3	4.6
id-12396	2	4	9	4.6
id-12397	2	4	27	4.6
id-12398	7	4	11	4.0
id-12399	8	8	13	3.3
id-12400	7	8	30	4.5
id-12401	1	2	18	3.2
id-12402	5	8	9	4.7
id-12403	6	12	21	4.7
id-12404	3	4	29	4.9
id-12405	3	3	21	3.5
id-12406	8	2	28	3.8
id-12407	8	16	4	3.2
id-12408	8	14	24	3.4
id-12409	10	16	5	4.8
id-12410	9	10	22	4.8
id-12411	3	4	12	4.8
id-12412	7	10	5	4.3
id-12413	10	13	12	3.4
id-12414	8	8	12	4.3
id-12415	10	18	14	3.5
id-12416	8	5	16	4.0
id-12417	7	10	29	3.6
id-12418	10	13	2	3.1
id-12419	5	4	23	3.8
id-12420	9	17	30	4.0
id-12421	10	20	9	4.3
id-12422	10	6	21	3.5
id-12423	7	9	25	3.1
id-12424	10	14	9	4.3
id-12425	5	7	2	4.7
id-12426	3	3	8	4.7
id-12427	8	5	17	4.4
id-12428	3	6	30	3.6
id-12429	6	3	29	4.5
id-12430	9	12	18	4.2
id-12431	2	4	3	3.4
id-12432	10	16	3	3.1
id-12433	7	12	22	4.7
id-12434	5	6	22	4.5
id-12435	3	4	23	4.7
id-12436	8	15	16	3.1
id-12437	4	4	21	3.7
id-12438	3	3	11	4.2
id-12439	1	2	8	3.8
id-12440	4	4	18	3.3
id-12441	5	9	11	3.2
id-12442	1	2	25	3.4
id-12443	6	4	18	3.4
id-12444	2	4	18	5.0
id-12445	2	4	19	4.1
id-12446	7	8	2	4.8
id-12447	6	8	7	4.0
id-12448	3	3	7	3.3
id-12449	7	5	3	4.7
id-12450	8	11	12	4.7
id-12451	4	5	29	4.2
id-12452	2	2	29	4.0
id-12453	1	2	13	3.3
id-12454	1	2	15	4.7
id-12455	7	14	18	4.4
id-12456	1	2	13	4.2
id-12457	10	18	28	3.8
id-12458	10	19	28	4.1
id-12459	7	12	22	3.7
id-12460	6	11	18	3.9
id-12461	10	20	22	3.7
id-12462	9	9	19	5.0
id-12463	9	11	5	3.7
id-12464	2	2	29	4.8
id-12465	9	14	5	3.4
id-12466	1	2	14	3.8
id-12467	4	7	12	4.1
id-12468	4	2	22	3.9
id-12469	9	16	15	5.0
id-12470	3	5	20	4.8
id-12471	10	17	25	4.1
id-12472	5	8	7	4.3
id-12473	10	2	16	4.1
id-12474	6	2	1	4.3
id-12475	4	6	1	3.9
id-12476	8	12	20	3.9
id-12477	3	4	25	4.5
id-12478	2	4	2	3.4
id-12479	8	3	1	4.6
id-12480	1	2	9	3.2
id-12481	5	3	16	4.1
id-12482	1	2	2	4.7
id-12483	8	4	20	4.3
id-12484	2	3	20	4.5
id-12485	5	10	25	4.3
id-12486	1	2	25	3.6
id-12487	1	2	26	3.6
id-12488	8	16	1	3.2
id-12489	3	4	22	3.3
id-12490	9	12	28	4.3
id-12491	8	5	18	3.5
id-12492	7	13	16	3.2
id-12493	1	2	2	4.0
id-12494	7	11	21	4.1
id-12495	10	20	6	4.4
id-12496	3	4	13	3.8
id-12497	3	3	22	4.8
id-12498	10	12	24	4.5
id-12499	4	2	27	3.1
id-12500	5	8	11	4.5
id-12501	7	10	1	4.0
id-12502	5	3	5	3.3
id-12503	8	7	26	4.7
id-12504	9	16	21	3.5
id-12505	10	3	12	3.1
id-12506	8	4	30	3.2
id-12507	7	12	30	4.6
id-12508	8	3	17	3.7
id-12509	10	18	3	3.4
id-12510	7	12	3	4.8
id-12511	6	4	13	4.9
id-12512	3	6	18	4.0
id-12513	6	3	9	4.9
id-12514	7	11	18	3.5
id-12515	10	5	12	4.7
id-12516	5	10	4	3.7
id-12517	4	8	14	4.9
id-12518	3	5	19	4.9
id-12519	7	2	1	5.0
id-12520	3	2	15	4.4
id-12521	9	4	23	3.2
id-12522	2	4	21	3.0
id-12523	3	6	20	3.9
id-12524	9	15	25	4.9
id-12525	3	5	4	3.6
id-12526	5	6	24	3.1
id-12527	10	5	27	4.5
id-12528	10	12	20	4.1
id-12529	9	13	2	3.9
id-12530	4	6	13	3.2
id-12531	9	17	16	3.5
id-12532	4	3	30	3.3
id-12533	7	6	15	4.4
id-12534	4	2	19	3.4
id-12535	9	6	1	3.9
id-12536	8	9	30	3.7
id-12537	9	9	9	4.6
id-12538	4	3	23	4.6
id-12539	6	7	15	4.3
id-12540	2	2	17	4.4
id-12541	5	7	4	4.1
id-12542	9	8	23	3.8
id-12543	4	8	18	4.9
id-12544	4	3	26	3.4
id-12545	3	6	9	4.3
id-12546	6	8	30	4.6
id-12547	10	14	7	5.0
id-12548	4	8	11	3.1
id-12549	9	4	5	3.6
id-12550	1	2	23	4.2
id-12551	9	4	11	3.7
id-12552	6	6	19	4.2
id-12553	7	8	14	3.6
id-12554	9	6	2	4.2
id-12555	4	7	14	4.7
id-12556	9	2	28	4.4
id-12557	10	11	16	3.1
id-12558	1	2	3	4.1
id-12559	5	5	4	3.9
id-12560	4	8	1	4.8
id-12561	3	4	4	3.6
id-12562	2	2	21	4.0
id-12563	4	8	7	3.7
id-12564	4	7	15	3.1
id-12565	9	5	15	4.2
id-12566	8	16	29	4.1
id-12567	3	3	20	3.2
id-12568	9	5	18	3.3
id-12569	1	2	7	4.1
id-12570	5	9	26	4.8
id-12571	8	5	8	4.6
id-12572	7	14	19	4.4
id-12573	8	7	24	4.6
id-12574	1	2	7	3.4
id-12575	9	9	11	4.0
id-12576	1	2	9	4.1
id-12577	2	4	14	4.3
id-12578	4	4	8	4.2
id-12579	7	13	5	4.6
id-12580	9	10	3	3.5
id-12581	1	2	7	3.2
id-12582	7	4	11	4.6
id-12583	8	15	20	3.8
id-12584	8	15	8	4.1
id-12585	3	4	14	4.9
id-12586	5	9	24	3.7
id-12587	4	6	10	3.6
id-12588	2	4	18	4.7
id-12589	10	3	20	3.7
id-12590	9	9	19	3.4
id-12591	4	2	11	4.4
id-12592	3	2	3	3.8
id-12593	3	2	22	4.7
id-12594	10	15	29	5.0
id-12595	4	8	1	3.8
id-12596	10	7	3	3.7
id-12597	1	2	22	3.9
id-12598	5	9	6	4.6
id-12599	9	18	11	4.1
id-12600	7	13	14	4.3
id-12601	3	2	23	3.7
id-12602	6	10	30	3.0
id-12603	5	9	19	4.9
id-12604	9	15	10	3.2
id-12605	6	2	13	4.8
id-12606	10	19	5	4.7
id-12607	10	7	20	3.1
id-12608	3	2	12	4.1
id-12609	4	7	3	4.8
id-12610	7	3	29	4.2
id-12611	3	2	1	3.4
id-12612	5	8	18	4.8
id-12613	9	5	20	3.9
id-12614	6	5	30	4.1
id-12615	5	7	30	3.4
id-12616	2	2	10	3.6
id-12617	5	7	14	4.4
id-12618	6	4	14	3.2
id-12619	7	10	24	3.0
id-12620	7	10	20	3.7
id-12621	10	17	12	3.1
id-12622	7	13	18	3.3
id-12623	5	5	28	3.4
id-12624	1	2	20	3.6
id-12625	2	2	1	3.9
id-12626	9	18	14	3.1
id-12627	3	2	7	3.3
id-12628	4	5	30	4.4
id-12629	10	12	18	3.2
id-12630	6	4	8	4.0
id-12631	4	2	24	3.1
id-12632	3	3	16	3.1
id-12633	8	16	22	3.2
id-12634	2	2	2	3.6
id-12635	7	2	6	3.3
id-12636	9	9	19	3.2
id-12637	6	11	7	3.3
id-12638	3	5	12	4.5
id-12639	1	2	23	4.6
id-12640	3	2	13	3.7
id-12641	10	11	26	4.0
id-12642	9	8	9	3.3
id-12643	1	2	28	3.2
id-12644	7	7	16	4.8
id-12645	4	5	22	3.6
id-12646	4	2	3	3.3
id-12647	9	5	30	3.4
id-12648	4	2	28	4.3
id-12649	4	4	4	4.5
id-12650	2	4	22	4.2
id-12651	6	12	24	3.1
id-12652	1	2	23	4.9
id-12653	1	2	16	3.7
id-12654	7	9	21	3.7
id-12655	7	9	25	3.5
id-12656	6	9	26	3.9
id-12657	8	16	25	4.1
id-12658	9	12	11	4.3
id-12659	8	12	22	4.8
id-12660	1	2	20	4.0
id-12661	10	12	9	3.9
id-12662	7	6	26	3.3
id-12663	5	7	24	3.1
id-12664	1	2	13	3.0
id-12665	1	2	6	4.3
id-12666	6	7	25	3.9
id-12667	1	2	17	4.5
id-12668	3	4	7	3.9
id-12669	2	3	15	5.0
id-12670	6	7	18	3.6
id-12671	5	6	19	3.3
id-12672	8	11	1	4.9
id-12673	10	10	7	3.9
id-12674	4	8	24	3.3
id-12675	5	4	1	3.7
id-12676	9	16	18	4.3
id-12677	9	12	9	4.2
id-12678	5	9	11	3.3
id-12679	5	10	3	4.4
id-12680	9	6	19	3.1
id-12681	1	2	21	4.2
id-12682	3	6	9	4.3
id-12683	10	8	21	4.7
id-12684	7	12	12	3.1
id-12685	6	2	23	3.1
id-12686	6	2	13	4.6
id-12687	10	16	10	4.3
id-12688	8	16	23	3.2
id-12689	6	9	25	3.2
id-12690	8	3	24	3.9
id-12691	3	5	20	4.7
id-12692	1	2	21	3.1
id-12693	5	9	18	3.0
id-12694	4	2	15	4.0
id-12695	2	3	8	4.4
id-12696	5	9	28	4.9
id-12697	3	6	25	3.9
id-12698	10	12	15	3.7
id-12699	10	9	11	4.7
id-12700	9	16	22	4.2
id-12701	4	4	12	4.6
id-12702	8	8	5	4.8
id-12703	8	3	9	4.2
id-12704	8	4	29	3.2
id-12705	6	9	7	4.4
id-12706	4	6	9	3.2
id-12707	4	3	8	4.1
id-12708	3	5	29	3.5
id-12709	3	4	14	4.1
id-12710	4	3	28	4.7
id-12711	7	9	22	4.9
id-12712	10	9	4	5.0
id-12713	4	5	18	4.4
id-12714	4	4	16	3.1
id-12715	2	2	28	3.4
id-12716	7	13	13	4.8
id-12717	4	4	1	4.9
id-12718	5	3	6	3.4
id-12719	7	7	18	4.2
id-12720	5	3	21	3.8
id-12721	9	16	25	3.5
id-12722	3	5	20	3.1
id-12723	9	6	9	3.8
id-12724	7	8	13	3.0
id-12725	10	10	29	3.2
id-12726	7	3	15	4.1
id-12727	1	2	6	3.3
id-12728	10	18	30	4.5
id-12729	7	10	19	4.5
id-12730	5	10	8	3.9
id-12731	7	11	11	4.9
id-12732	8	10	22	3.8
id-12733	2	2	28	4.1
id-12734	3	6	6	4.4
id-12735	8	14	5	4.5
id-12736	6	7	24	4.8
id-12737	3	4	16	4.0
id-12738	10	16	25	3.4
id-12739	8	12	6	4.4
id-12740	7	8	4	4.8
id-12741	3	2	25	3.2
id-12742	1	2	21	3.8
id-12743	8	3	27	4.0
id-12744	9	10	25	3.1
id-12745	8	13	27	3.9
id-12746	7	4	30	3.6
id-12747	2	4	28	4.6
id-12748	3	2	4	4.8
id-12749	6	12	8	4.6
id-12750	1	2	3	3.7
id-12751	8	13	19	4.6
id-12752	10	7	26	4.2
id-12753	6	7	4	4.9
id-12754	8	9	2	3.5
id-12755	1	2	26	4.3
id-12756	5	3	18	4.8
id-12757	4	6	15	4.8
id-12758	8	7	27	3.8
id-12759	9	2	20	3.4
id-12760	2	3	12	4.5
id-12761	8	16	27	4.2
id-12762	7	4	26	4.9
id-12763	3	3	11	4.7
id-12764	3	6	23	4.8
id-12765	7	8	3	4.6
id-12766	6	8	6	3.8
id-12767	8	11	3	4.7
id-12768	5	10	17	4.8
id-12769	7	8	26	3.2
id-12770	2	3	14	3.1
id-12771	6	12	28	4.3
id-12772	9	15	7	4.9
id-12773	1	2	9	3.1
id-12774	7	7	15	4.7
id-12775	4	7	15	4.3
id-12776	7	5	1	4.9
id-12777	6	5	10	3.2
id-12778	1	2	30	4.1
id-12779	3	3	17	3.1
id-12780	1	2	26	4.3
id-12781	8	5	29	4.7
id-12782	9	4	30	4.8
id-12783	6	11	7	4.1
id-12784	4	4	3	3.5
id-12785	5	4	20	3.3
id-12786	2	2	25	4.1
id-12787	3	4	19	3.5
id-12788	4	2	1	4.3
id-12789	1	2	13	3.2
id-12790	2	4	17	3.7
id-12791	1	2	18	3.7
id-12792	8	4	13	4.2
id-12793	7	7	29	4.5
id-12794	4	7	21	4.9
id-12795	6	7	16	4.9
id-12796	10	12	7	3.1
id-12797	9	18	3	3.7
id-12798	4	4	15	3.8
id-12799	4	3	24	3.5
id-12800	5	6	17	4.3
id-12801	4	3	15	4.2
id-12802	1	2	17	4.2
id-12803	10	16	18	4.2
id-12804	3	5	14	3.2
id-12805	8	11	25	3.2
id-12806	8	13	13	3.3
id-12807	7	7	25	4.7
id-12808	4	6	12	4.2
id-12809	5	10	23	4.5
id-12810	10	19	16	4.3
id-12811	5	9	19	4.4
id-12812	10	17	23	4.7
id-12813	7	8	17	4.8
id-12814	10	5	18	3.9
id-12815	2	2	17	3.8
id-12816	1	2	25	4.4
id-12817	4	3	3	4.7
id-12818	4	4	2	3.0
id-12819	1	2	15	3.2
id-12820	3	4	11	3.9
id-12821	10	2	13	3.5
id-12822	4	7	24	3.4
id-12823	1	2	17	4.8
id-12824	9	8	13	3.2
id-12825	5	9	15	4.8
id-12826	7	4	9	3.5
id-12827	7	13	12	4.5
id-12828	5	7	2	3.3
id-12829	6	3	4	3.2
id-12830	3	4	24	4.0
id-12831	4	6	8	4.3
id-12832	9	4	14	4.6
id-12833	1	2	10	4.7
id-12834	9	3	15	3.8
id-12835	8	11	12	3.9
id-12836	5	9	30	3.4
id-12837	10	10	9	3.8
id-12838	5	3	2	3.8
id-12839	3	5	20	4.8
id-12840	10	8	11	3.0
id-12841	9	5	4	4.0
id-12842	2	2	1	4.1
id-12843	1	2	19	3.8
id-12844	4	6	12	4.8
id-12845	1	2	22	4.3
id-12846	7	7	18	4.7
id-12847	2	3	18	4.4
id-12848	4	2	27	3.5
id-12849	9	7	3	3.5
id-12850	1	2	2	4.3
id-12851	3	6	2	4.1
id-12852	1	2	1	4.9
id-12853	6	11	2	4.6
id-12854	9	5	14	4.5
id-12855	10	3	19	3.8
id-12856	2	2	23	5.0
id-12857	1	2	14	4.3
id-12858	8	16	2	4.3
id-12859	7	9	8	3.1
id-12860	4	4	9	3.4
id-12861	5	9	13	4.5
id-12862	4	6	13	4.7
id-12863	1	2	30	3.3
id-12864	9	5	2	3.8
id-12865	1	2	15	4.6
id-12866	1	2	29	3.7
id-12867	3	4	11	4.0
id-12868	6	12	15	3.4
id-12869	6	2	23	4.2
id-12870	7	11	14	4.0
id-12871	3	5	28	4.0
id-12872	4	3	27	3.8
id-12873	8	2	29	3.1
id-12874	9	4	30	4.8
id-12875	6	5	16	3.1
id-12876	10	7	1	3.1
id-12877	2	4	17	3.3
id-12878	5	7	20	5.0
id-12879	7	14	9	4.5
id-12880	9	17	4	3.9
id-12881	2	2	28	4.4
id-12882	5	6	14	3.8
id-12883	7	8	5	3.4
id-12884	1	2	3	4.1
id-12885	6	12	7	4.0
id-12886	6	5	5	4.6
id-12887	8	2	25	3.4
id-12888	8	4	18	4.2
id-12889	8	16	2	4.5
id-12890	7	7	12	3.8
id-12891	5	6	7	4.1
id-12892	1	2	14	4.6
id-12893	6	7	8	4.0
id-12894	5	6	22	3.8
id-12895	5	5	27	3.4
id-12896	4	6	2	4.1
id-12897	9	8	3	4.3
id-12898	4	6	18	3.9
id-12899	1	2	16	3.5
id-12900	7	9	25	3.2
id-12901	8	14	12	4.6
id-12902	3	6	29	4.3
id-12903	4	2	5	4.0
id-12904	8	8	17	4.2
id-12905	2	2	6	3.1
id-12906	5	10	25	4.7
id-12907	8	10	18	3.4
id-12908	7	6	12	4.3
id-12909	2	4	10	3.4
id-12910	2	4	15	4.0
id-12911	1	2	16	4.4
id-12912	10	10	23	3.3
id-12913	10	20	8	4.3
id-12914	8	10	5	4.0
id-12915	1	2	21	3.6
id-12916	6	9	17	5.0
id-12917	9	15	4	4.9
id-12918	3	4	3	4.4
id-12919	5	4	28	3.8
id-12920	9	10	20	4.6
id-12921	5	3	22	3.1
id-12922	8	16	14	4.9
id-12923	7	13	8	3.7
id-12924	8	7	3	4.9
id-12925	5	9	8	3.1
id-12926	2	3	4	4.4
id-12927	4	3	23	4.5
id-12928	5	4	17	3.2
id-12929	9	18	14	4.6
id-12930	3	6	18	4.7
id-12931	9	12	17	5.0
id-12932	10	10	7	4.2
id-12933	4	3	10	3.1
id-12934	3	3	13	4.1
id-12935	1	2	23	3.8
id-12936	8	14	28	3.1
id-12937	2	3	8	4.9
id-12938	8	12	26	4.1
id-12939	8	7	8	4.1
id-12940	7	8	27	3.4
id-12941	1	2	28	4.9
id-12942	1	2	29	3.6
id-12943	8	3	9	3.5
id-12944	5	7	12	3.0
id-12945	9	13	21	4.5
id-12946	8	8	24	4.3
id-12947	6	10	15	4.1
id-12948	10	8	10	4.1
id-12949	9	11	19	3.4
id-12950	1	2	18	4.3
id-12951	7	3	23	4.6
id-12952	10	7	2	3.7
id-12953	2	4	18	3.3
id-12954	1	2	11	3.1
id-12955	2	3	2	4.1
id-12956	2	3	28	5.0
id-12957	4	3	5	3.7
id-12958	7	12	5	4.2
id-12959	4	8	12	3.9
id-12960	2	3	8	4.2
id-12961	5	8	9	4.2
id-12962	1	2	3	3.8
id-12963	9	8	8	3.7
id-12964	8	5	5	3.8
id-12965	2	3	29	3.8
id-12966	5	6	12	3.9
id-12967	1	2	30	4.0
id-12968	4	7	17	4.1
id-12969	5	4	26	3.9
id-12970	5	6	26	3.0
id-12971	8	13	20	3.4
id-12972	2	4	2	3.0
id-12973	7	6	18	3.7
id-12974	5	3	28	4.8
id-12975	4	8	18	3.9
id-12976	5	9	20	3.7
id-12977	7	9	30	3.4
id-12978	9	13	27	3.8
id-12979	6	4	20	4.7
id-12980	2	4	16	3.0
id-12981	9	11	20	4.3
id-12982	8	13	3	4.8
id-12983	7	13	5	4.0
id-12984	5	8	24	3.6
id-12985	1	2	11	3.4
id-12986	10	19	1	3.7
id-12987	6	12	4	3.5
id-12988	10	13	15	3.6
id-12989	9	3	2	4.6
id-12990	6	3	11	4.7
id-12991	4	6	25	4.7
id-12992	9	18	30	4.7
id-12993	3	3	10	4.0
id-12994	1	2	26	4.7
id-12995	1	2	17	3.8
id-12996	3	4	10	3.7
id-12997	4	4	25	4.9
id-12998	5	7	6	4.8
id-12999	3	2	24	4.7
id-13000	1	2	20	4.4
id-13001	5	4	18	4.6
id-13002	8	10	4	3.7
id-13003	10	9	20	4.3
id-13004	2	4	2	4.8
id-13005	3	5	9	4.5
id-13006	7	7	19	3.1
id-13007	2	2	1	3.8
id-13008	2	2	9	4.7
id-13009	4	6	15	4.6
id-13010	1	2	16	3.2
id-13011	9	18	30	3.9
id-13012	2	2	7	4.8
id-13013	9	10	28	3.1
id-13014	5	7	29	3.4
id-13015	4	7	21	4.0
id-13016	5	10	21	3.3
id-13017	5	8	18	4.3
id-13018	9	10	21	3.0
id-13019	5	9	18	4.9
id-13020	6	4	14	3.4
id-13021	10	17	19	4.1
id-13022	9	12	10	4.6
id-13023	9	17	21	4.2
id-13024	3	6	19	3.2
id-13025	6	12	19	3.3
id-13026	5	8	14	3.2
id-13027	6	9	22	3.3
id-13028	7	7	19	4.4
id-13029	10	10	25	4.6
id-13030	5	7	30	4.0
id-13031	5	7	14	3.5
id-13032	1	2	18	4.0
id-13033	2	3	19	3.6
id-13034	9	6	13	4.0
id-13035	6	5	2	3.5
id-13036	8	16	26	4.0
id-13037	6	7	26	3.0
id-13038	4	2	3	3.0
id-13039	1	2	22	4.4
id-13040	1	2	13	4.1
id-13041	1	2	18	3.7
id-13042	8	3	10	3.6
id-13043	9	14	2	3.6
id-13044	6	12	18	3.3
id-13045	5	7	28	5.0
id-13046	3	5	8	4.8
id-13047	5	4	24	4.4
id-13048	5	3	10	4.6
id-13049	1	2	27	3.3
id-13050	6	8	11	3.1
id-13051	5	10	22	3.1
id-13052	4	7	30	3.3
id-13053	8	7	2	3.4
id-13054	5	3	12	4.8
id-13055	9	8	7	4.4
id-13056	7	6	10	4.6
id-13057	5	7	25	4.3
id-13058	2	2	24	4.1
id-13059	9	9	9	3.8
id-13060	3	6	15	3.1
id-13061	1	2	22	3.6
id-13062	7	3	20	4.4
id-13063	1	2	13	4.1
id-13064	3	6	1	3.2
id-13065	1	2	16	4.5
id-13066	2	3	9	4.8
id-13067	3	3	28	4.9
id-13068	7	7	3	4.4
id-13069	4	4	30	4.6
id-13070	1	2	26	4.8
id-13071	5	5	19	3.6
id-13072	5	2	17	3.1
id-13073	8	12	11	4.5
id-13074	4	2	10	4.4
id-13075	5	4	9	3.2
id-13076	5	9	4	3.3
id-13077	7	14	20	3.8
id-13078	4	7	14	3.2
id-13079	5	10	29	3.3
id-13080	4	7	17	3.8
id-13081	5	9	19	4.1
id-13082	9	7	10	4.2
id-13083	2	2	17	4.5
id-13084	6	8	26	3.6
id-13085	10	5	27	4.9
id-13086	6	8	6	4.0
id-13087	2	4	17	3.3
id-13088	4	3	14	3.2
id-13089	2	3	23	3.1
id-13090	8	4	22	4.5
id-13091	1	2	4	3.2
id-13092	3	3	3	3.5
id-13093	3	5	12	3.1
id-13094	2	4	19	4.1
id-13095	4	5	16	3.2
id-13096	4	2	25	3.3
id-13097	1	2	7	3.4
id-13098	7	14	10	4.5
id-13099	7	14	25	4.4
id-13100	1	2	2	3.8
id-13101	8	7	25	4.4
id-13102	6	7	21	3.7
id-13103	7	3	28	4.7
id-13104	2	4	7	3.3
id-13105	10	6	17	4.5
id-13106	3	4	15	5.0
id-13107	9	10	9	3.7
id-13108	8	3	19	3.3
id-13109	1	2	4	4.7
id-13110	7	6	29	4.7
id-13111	7	10	28	4.7
id-13112	10	13	9	4.9
id-13113	3	2	12	4.5
id-13114	6	5	28	3.2
id-13115	3	5	5	3.5
id-13116	7	12	10	3.6
id-13117	1	2	22	3.9
id-13118	2	2	9	3.4
id-13119	8	15	11	3.9
id-13120	9	7	20	4.6
id-13121	7	7	25	4.3
id-13122	2	3	17	4.6
id-13123	9	18	23	3.6
id-13124	8	5	3	4.0
id-13125	1	2	10	3.2
id-13126	8	3	11	4.4
id-13127	6	12	19	4.2
id-13128	9	8	18	4.4
id-13129	7	11	13	3.5
id-13130	1	2	4	4.8
id-13131	5	3	4	3.5
id-13132	2	4	2	4.8
id-13133	1	2	11	3.7
id-13134	8	8	18	4.3
id-13135	8	16	18	4.4
id-13136	8	2	13	4.3
id-13137	5	2	12	4.9
id-13138	8	12	17	4.2
id-13139	9	10	6	4.9
id-13140	7	4	28	4.8
id-13141	9	8	17	3.1
id-13142	10	13	6	4.3
id-13143	1	2	17	3.1
id-13144	3	5	6	4.5
id-13145	9	2	10	4.3
id-13146	7	12	14	3.2
id-13147	3	6	16	4.2
id-13148	1	2	21	3.5
id-13149	4	4	21	4.1
id-13150	9	5	16	3.4
id-13151	8	6	2	3.3
id-13152	6	2	16	3.1
id-13153	5	7	7	4.1
id-13154	2	2	26	3.3
id-13155	1	2	1	3.4
id-13156	6	2	30	3.1
id-13157	6	4	9	5.0
id-13158	3	3	18	3.9
id-13159	4	5	17	3.6
id-13160	3	6	12	3.2
id-13161	10	15	8	4.5
id-13162	7	9	21	4.6
id-13163	10	13	21	4.3
id-13164	1	2	24	4.3
id-13165	2	2	28	3.1
id-13166	2	2	28	4.6
id-13167	10	13	25	3.5
id-13168	3	4	17	3.3
id-13169	1	2	9	4.3
id-13170	10	12	16	4.0
id-13171	9	18	17	4.9
id-13172	8	5	19	3.0
id-13173	6	4	4	3.8
id-13174	9	18	21	4.8
id-13175	4	7	19	3.6
id-13176	8	2	2	4.5
id-13177	10	9	27	4.2
id-13178	7	10	3	4.5
id-13179	2	4	22	4.4
id-13180	6	6	14	4.4
id-13181	7	12	23	4.7
id-13182	3	3	13	4.2
id-13183	9	9	13	4.1
id-13184	3	5	24	4.9
id-13185	4	4	4	3.9
id-13186	4	7	8	4.6
id-13187	7	14	3	4.6
id-13188	8	10	18	3.4
id-13189	8	6	13	4.2
id-13190	7	2	27	3.6
id-13191	3	3	6	3.1
id-13192	2	3	26	3.0
id-13193	4	8	27	4.6
id-13194	10	9	13	4.5
id-13195	3	4	7	4.5
id-13196	2	2	1	4.7
id-13197	9	5	24	3.2
id-13198	9	10	10	3.3
id-13199	1	2	12	3.5
id-13200	9	6	19	4.5
id-13201	8	15	21	3.7
id-13202	6	10	14	3.6
id-13203	8	7	17	3.6
id-13204	3	4	20	4.6
id-13205	9	2	6	3.3
id-13206	8	9	21	4.0
id-13207	6	12	17	3.5
id-13208	8	8	23	4.5
id-13209	3	6	19	4.9
id-13210	4	6	2	3.4
id-13211	6	4	22	3.8
id-13212	2	3	21	4.3
id-13213	8	13	29	3.6
id-13214	4	8	30	4.3
id-13215	10	20	27	3.5
id-13216	8	13	29	3.3
id-13217	6	11	1	3.2
id-13218	4	4	18	3.1
id-13219	5	9	3	4.9
id-13220	6	4	4	3.7
id-13221	4	4	6	3.4
id-13222	7	8	12	3.0
id-13223	2	2	22	3.4
id-13224	1	2	28	3.2
id-13225	1	2	26	3.7
id-13226	8	13	13	3.1
id-13227	2	2	1	4.4
id-13228	9	13	12	4.1
id-13229	9	11	8	3.7
id-13230	1	2	9	4.3
id-13231	1	2	25	4.0
id-13232	3	5	1	3.9
id-13233	6	3	27	4.3
id-13234	6	11	7	3.4
id-13235	4	5	8	3.5
id-13236	8	15	19	3.0
id-13237	7	4	25	3.8
id-13238	3	2	13	4.2
id-13239	10	12	7	3.9
id-13240	4	4	9	4.2
id-13241	8	6	16	5.0
id-13242	7	2	24	4.3
id-13243	10	17	11	4.6
id-13244	10	2	13	4.1
id-13245	9	18	4	3.7
id-13246	4	2	30	3.9
id-13247	1	2	16	3.6
id-13248	6	9	26	4.8
id-13249	7	10	8	3.6
id-13250	4	5	25	3.6
id-13251	6	3	15	3.7
id-13252	3	2	19	4.5
id-13253	5	3	7	3.2
id-13254	8	10	11	4.9
id-13255	10	6	18	3.8
id-13256	2	3	28	3.6
id-13257	6	6	6	4.2
id-13258	10	17	6	3.2
id-13259	1	2	28	4.1
id-13260	8	14	12	4.5
id-13261	5	8	7	4.1
id-13262	8	12	1	3.3
id-13263	10	12	30	3.7
id-13264	2	3	19	4.3
id-13265	1	2	21	3.9
id-13266	7	4	24	3.2
id-13267	1	2	14	4.3
id-13268	7	14	2	3.7
id-13269	1	2	10	3.4
id-13270	3	4	15	4.5
id-13271	8	12	24	4.0
id-13272	9	11	15	4.6
id-13273	4	2	2	4.1
id-13274	5	9	27	4.6
id-13275	4	6	3	4.2
id-13276	4	5	24	3.7
id-13277	6	10	2	3.7
id-13278	3	6	1	3.4
id-13279	4	2	23	3.8
id-13280	4	2	14	3.7
id-13281	2	4	8	4.7
id-13282	2	2	14	3.4
id-13283	5	8	22	3.7
id-13284	9	14	27	4.0
id-13285	9	6	9	5.0
id-13286	6	7	27	5.0
id-13287	9	14	8	4.0
id-13288	6	10	6	4.6
id-13289	2	2	13	3.4
id-13290	6	10	27	3.7
id-13291	4	4	25	4.3
id-13292	5	10	25	4.8
id-13293	7	9	4	3.7
id-13294	10	7	12	4.8
id-13295	10	17	10	3.5
id-13296	10	14	27	3.8
id-13297	1	2	26	3.9
id-13298	4	6	1	4.6
id-13299	7	6	6	3.9
id-13300	7	4	2	3.8
id-13301	5	9	19	3.9
id-13302	1	2	26	3.4
id-13303	9	5	7	4.6
id-13304	8	12	20	4.4
id-13305	8	8	20	4.7
id-13306	3	5	2	4.7
id-13307	9	9	9	4.2
id-13308	8	5	3	3.8
id-13309	7	14	30	4.8
id-13310	2	3	9	4.3
id-13311	4	7	1	3.3
id-13312	5	8	18	3.3
id-13313	8	3	27	4.7
id-13314	5	6	11	3.2
id-13315	7	5	17	3.8
id-13316	9	8	5	4.6
id-13317	10	4	25	3.1
id-13318	3	4	7	3.5
id-13319	4	7	16	3.4
id-13320	9	3	13	3.5
id-13321	10	3	20	4.3
id-13322	4	5	29	3.2
id-13323	10	20	9	3.7
id-13324	7	8	14	4.3
id-13325	2	4	7	4.7
id-13326	8	3	20	4.4
id-13327	2	4	27	4.6
id-13328	6	8	9	3.3
id-13329	5	9	28	3.6
id-13330	10	17	30	3.4
id-13331	5	8	8	4.8
id-13332	5	9	20	4.1
id-13333	5	7	15	4.8
id-13334	6	10	15	4.2
id-13335	7	8	8	3.8
id-13336	4	5	2	3.2
id-13337	2	2	10	3.7
id-13338	9	15	13	3.6
id-13339	3	3	23	3.9
id-13340	3	3	10	5.0
id-13341	5	2	8	4.4
id-13342	9	8	22	3.9
id-13343	1	2	22	4.4
id-13344	3	6	8	3.7
id-13345	10	8	28	3.3
id-13346	10	7	19	4.0
id-13347	3	5	8	4.6
id-13348	6	2	20	4.1
id-13349	10	17	11	4.8
id-13350	5	7	12	3.8
id-13351	5	6	29	3.5
id-13352	1	2	1	3.5
id-13353	8	9	2	3.0
id-13354	7	6	9	4.3
id-13355	10	20	1	4.5
id-13356	4	2	29	3.9
id-13357	9	18	29	4.7
id-13358	8	13	25	3.4
id-13359	8	16	25	4.8
id-13360	4	3	29	4.3
id-13361	2	4	2	3.4
id-13362	5	10	2	4.0
id-13363	1	2	3	4.3
id-13364	3	5	18	4.3
id-13365	8	10	12	3.7
id-13366	3	6	7	3.0
id-13367	2	2	27	4.4
id-13368	7	4	6	4.2
id-13369	10	5	15	4.8
id-13370	7	8	7	4.9
id-13371	5	10	25	4.4
id-13372	2	3	20	4.7
id-13373	4	5	17	3.8
id-13374	3	2	23	3.8
id-13375	7	4	4	4.0
id-13376	1	2	8	3.1
id-13377	1	2	6	4.8
id-13378	9	4	26	3.9
id-13379	1	2	18	4.7
id-13380	9	8	1	4.5
id-13381	4	3	20	4.5
id-13382	8	7	25	3.7
id-13383	5	10	10	4.5
id-13384	9	17	5	4.7
id-13385	5	6	5	4.0
id-13386	4	8	9	5.0
id-13387	5	6	6	4.9
id-13388	1	2	8	4.0
id-13389	7	6	16	4.0
id-13390	6	7	2	4.2
id-13391	3	6	9	4.0
id-13392	5	7	16	4.4
id-13393	6	4	22	3.1
id-13394	10	14	25	4.0
id-13395	7	14	28	3.9
id-13396	3	4	21	4.2
id-13397	4	7	23	4.3
id-13398	9	6	1	4.0
id-13399	1	2	9	4.4
id-13400	8	9	4	3.1
id-13401	10	12	4	3.2
id-13402	10	2	2	3.7
id-13403	3	3	12	3.8
id-13404	4	2	25	4.3
id-13405	10	14	22	3.8
id-13406	10	9	8	3.8
id-13407	4	6	2	3.8
id-13408	10	5	24	3.7
id-13409	4	3	20	3.1
id-13410	8	6	3	3.8
id-13411	1	2	29	3.1
id-13412	2	3	11	4.4
id-13413	7	2	9	4.7
id-13414	4	7	27	4.1
id-13415	6	6	18	3.2
id-13416	2	2	14	3.6
id-13417	5	2	6	4.7
id-13418	4	2	14	3.8
id-13419	4	5	19	3.2
id-13420	2	4	4	4.5
id-13421	8	3	4	4.9
id-13422	4	6	28	3.8
id-13423	1	2	23	3.0
id-13424	1	2	5	3.3
id-13425	2	3	3	4.2
id-13426	5	10	27	3.7
id-13427	8	4	4	3.8
id-13428	8	14	29	4.7
id-13429	4	7	17	3.2
id-13430	3	4	14	3.1
id-13431	7	5	20	3.4
id-13432	2	3	19	4.6
id-13433	5	7	20	4.7
id-13434	2	4	21	3.4
id-13435	8	2	6	4.6
id-13436	6	8	27	4.3
id-13437	3	5	23	3.1
id-13438	5	3	21	4.7
id-13439	2	3	20	3.7
id-13440	3	5	3	3.0
id-13441	2	3	3	3.3
id-13442	4	6	16	4.4
id-13443	3	6	6	3.0
id-13444	2	3	30	4.9
id-13445	7	8	30	3.7
id-13446	9	4	10	3.9
id-13447	9	2	9	4.3
id-13448	1	2	4	5.0
id-13449	8	2	22	4.8
id-13450	7	11	16	4.6
id-13451	7	7	11	4.4
id-13452	5	7	27	4.9
id-13453	4	5	15	4.7
id-13454	2	4	8	4.2
id-13455	7	10	8	4.9
id-13456	3	3	5	3.5
id-13457	1	2	18	3.3
id-13458	1	2	17	3.0
id-13459	6	4	10	3.2
id-13460	8	9	18	4.9
id-13461	2	3	4	3.6
id-13462	4	6	12	3.9
id-13463	7	6	25	3.9
id-13464	10	4	3	3.6
id-13465	4	5	4	4.5
id-13466	5	4	2	3.4
id-13467	4	3	11	3.9
id-13468	3	6	15	3.7
id-13469	7	13	2	4.7
id-13470	4	7	1	3.7
id-13471	5	9	8	3.5
id-13472	8	13	12	3.7
id-13473	10	9	2	3.3
id-13474	1	2	26	3.5
id-13475	5	3	21	4.2
id-13476	2	3	20	3.8
id-13477	4	6	28	4.2
id-13478	5	8	6	3.2
id-13479	3	5	7	4.1
id-13480	5	10	6	4.7
id-13481	7	12	28	3.4
id-13482	3	4	6	3.6
id-13483	2	2	8	3.1
id-13484	7	9	28	4.2
id-13485	2	2	12	4.4
id-13486	6	10	6	3.3
id-13487	6	5	7	4.7
id-13488	8	9	12	3.0
id-13489	1	2	30	4.9
id-13490	1	2	17	4.3
id-13491	5	9	9	3.7
id-13492	4	7	7	3.1
id-13493	2	2	24	3.4
id-13494	8	9	2	3.1
id-13495	8	16	14	3.5
id-13496	9	5	3	3.8
id-13497	4	7	27	3.8
id-13498	10	2	15	3.9
id-13499	3	3	21	3.6
id-13500	5	5	11	3.1
id-13501	10	19	25	3.2
id-13502	5	5	12	3.1
id-13503	10	2	7	4.8
id-13504	10	3	10	3.3
id-13505	3	6	26	4.2
id-13506	1	2	20	3.5
id-13507	10	14	8	4.0
id-13508	6	5	28	3.9
id-13509	9	2	9	3.6
id-13510	10	18	7	3.4
id-13511	7	14	27	3.4
id-13512	6	4	12	3.7
id-13513	5	5	22	3.5
id-13514	3	4	28	4.6
id-13515	9	7	22	4.8
id-13516	4	5	8	3.1
id-13517	4	8	13	3.9
id-13518	6	3	3	3.2
id-13519	6	6	24	3.8
id-13520	2	2	28	3.9
id-13521	1	2	29	3.7
id-13522	10	14	6	3.1
id-13523	4	6	22	4.0
id-13524	8	2	20	3.4
id-13525	6	11	18	4.8
id-13526	4	7	2	3.7
id-13527	10	9	15	3.3
id-13528	6	9	25	4.8
id-13529	1	2	3	3.9
id-13530	9	18	23	4.2
id-13531	1	2	27	4.5
id-13532	3	2	5	4.1
id-13533	1	2	29	4.3
id-13534	1	2	4	3.9
id-13535	7	13	27	3.1
id-13536	2	2	17	4.0
id-13537	10	14	6	3.5
id-13538	7	13	12	4.2
id-13539	6	9	3	4.7
id-13540	7	4	28	3.9
id-13541	7	4	20	4.4
id-13542	5	8	21	3.1
id-13543	7	10	30	3.4
id-13544	3	3	3	3.5
id-13545	5	3	14	3.4
id-13546	3	6	22	3.8
id-13547	6	4	26	4.9
id-13548	10	11	26	4.2
id-13549	9	4	10	3.2
id-13550	1	2	10	4.2
id-13551	5	2	11	4.7
id-13552	8	4	27	4.9
id-13553	6	5	30	3.5
id-13554	9	16	27	4.3
id-13555	7	3	29	4.4
id-13556	10	11	16	4.8
id-13557	5	5	5	4.1
id-13558	7	2	1	3.4
id-13559	9	13	12	3.4
id-13560	10	11	8	4.7
id-13561	9	2	12	4.9
id-13562	4	2	22	3.8
id-13563	10	18	25	3.4
id-13564	1	2	6	3.2
id-13565	10	3	28	4.7
id-13566	9	7	25	4.2
id-13567	3	4	10	4.5
id-13568	8	13	12	3.2
id-13569	10	19	19	4.6
id-13570	10	7	19	3.7
id-13571	9	11	1	3.1
id-13572	6	12	26	3.5
id-13573	4	3	26	4.6
id-13574	9	3	21	3.2
id-13575	10	13	15	3.4
id-13576	9	3	10	4.2
id-13577	10	5	9	4.4
id-13578	1	2	3	3.6
id-13579	3	5	3	3.9
id-13580	8	6	28	3.9
id-13581	4	5	16	4.2
id-13582	5	9	21	3.3
id-13583	7	11	17	4.4
id-13584	7	3	18	3.9
id-13585	9	9	29	3.3
id-13586	9	7	15	3.6
id-13587	2	3	23	3.4
id-13588	7	2	8	3.8
id-13589	6	8	12	4.8
id-13590	8	3	27	3.6
id-13591	3	5	18	4.7
id-13592	2	3	7	3.7
id-13593	5	3	21	4.7
id-13594	1	2	13	4.4
id-13595	5	10	5	4.2
id-13596	4	7	10	3.7
id-13597	5	7	27	3.9
id-13598	4	5	2	4.4
id-13599	3	6	29	3.3
id-13600	5	6	25	4.7
id-13601	4	5	20	3.5
id-13602	3	2	21	3.7
id-13603	8	2	6	3.1
id-13604	1	2	30	4.1
id-13605	8	7	2	4.5
id-13606	2	2	26	3.4
id-13607	10	14	11	4.2
id-13608	1	2	15	4.1
id-13609	5	8	18	4.0
id-13610	10	10	29	3.1
id-13611	6	12	5	3.0
id-13612	2	4	30	3.8
id-13613	5	9	1	4.7
id-13614	1	2	7	4.4
id-13615	2	2	6	3.9
id-13616	9	15	1	3.2
id-13617	9	18	23	3.1
id-13618	8	12	28	4.5
id-13619	7	5	26	3.0
id-13620	1	2	29	4.6
id-13621	3	2	4	3.1
id-13622	7	12	27	3.1
id-13623	8	3	29	4.1
id-13624	8	13	4	5.0
id-13625	8	2	18	4.8
id-13626	6	2	22	4.8
id-13627	7	5	7	3.4
id-13628	10	10	26	3.2
id-13629	8	12	9	3.4
id-13630	3	2	2	3.0
id-13631	8	3	4	3.1
id-13632	8	3	19	3.3
id-13633	4	7	9	3.9
id-13634	9	9	19	4.4
id-13635	8	16	1	4.6
id-13636	10	7	4	3.2
id-13637	6	7	21	3.8
id-13638	8	9	9	3.9
id-13639	5	7	10	4.1
id-13640	2	3	29	4.5
id-13641	4	5	1	4.8
id-13642	4	8	11	4.9
id-13643	8	12	28	3.5
id-13644	10	18	9	4.4
id-13645	10	5	7	4.9
id-13646	6	5	2	4.4
id-13647	6	3	20	3.7
id-13648	1	2	13	5.0
id-13649	10	11	1	4.1
id-13650	1	2	14	4.8
id-13651	4	4	3	4.8
id-13652	5	8	13	4.2
id-13653	10	4	26	3.0
id-13654	5	2	23	4.5
id-13655	8	3	25	4.4
id-13656	6	3	8	3.5
id-13657	1	2	3	4.3
id-13658	7	14	29	3.3
id-13659	10	13	28	4.5
id-13660	8	10	7	3.4
id-13661	6	9	6	4.3
id-13662	8	2	26	3.8
id-13663	4	8	13	4.6
id-13664	1	2	7	3.9
id-13665	8	16	15	3.6
id-13666	3	3	28	3.5
id-13667	10	14	13	4.8
id-13668	2	2	13	4.7
id-13669	8	9	1	3.9
id-13670	10	9	1	4.6
id-13671	2	2	12	3.3
id-13672	8	11	23	4.7
id-13673	6	2	17	4.5
id-13674	6	10	25	3.8
id-13675	7	10	8	3.7
id-13676	9	2	16	4.4
id-13677	7	11	19	4.2
id-13678	10	20	11	4.8
id-13679	1	2	2	4.7
id-13680	4	4	24	3.2
id-13681	8	15	21	4.4
id-13682	2	4	20	4.8
id-13683	6	10	10	3.6
id-13684	2	2	27	3.4
id-13685	1	2	7	4.4
id-13686	9	5	15	4.4
id-13687	10	19	14	4.1
id-13688	8	9	26	3.5
id-13689	7	6	20	3.7
id-13690	10	9	12	3.4
id-13691	10	10	9	4.9
id-13692	3	4	5	3.3
id-13693	8	9	30	3.7
id-13694	2	2	7	4.1
id-13695	5	4	1	4.9
id-13696	6	11	4	4.4
id-13697	4	8	14	5.0
id-13698	9	18	29	3.4
id-13699	8	5	26	4.3
id-13700	2	2	1	3.4
id-13701	5	6	14	4.8
id-13702	5	8	8	4.9
id-13703	7	12	15	3.2
id-13704	6	10	13	3.4
id-13705	2	3	16	4.8
id-13706	3	6	14	4.9
id-13707	3	2	13	3.6
id-13708	3	5	3	3.5
id-13709	7	6	9	3.3
id-13710	10	6	17	4.4
id-13711	8	9	12	4.0
id-13712	2	3	22	4.6
id-13713	4	7	14	3.3
id-13714	9	15	20	3.8
id-13715	3	2	5	3.9
id-13716	4	5	12	5.0
id-13717	8	4	25	4.4
id-13718	4	8	8	4.7
id-13719	1	2	30	3.5
id-13720	9	13	15	3.9
id-13721	2	3	24	3.6
id-13722	5	7	27	4.0
id-13723	9	9	23	4.3
id-13724	5	9	30	3.6
id-13725	3	3	24	4.9
id-13726	3	6	19	3.1
id-13727	3	4	20	4.2
id-13728	8	11	10	3.5
id-13729	9	13	15	4.0
id-13730	3	6	13	4.0
id-13731	6	8	20	3.5
id-13732	9	16	12	4.6
id-13733	2	2	4	3.2
id-13734	10	12	30	4.9
id-13735	8	14	27	4.0
id-13736	8	6	16	4.5
id-13737	8	5	5	4.5
id-13738	10	7	1	3.9
id-13739	1	2	13	4.2
id-13740	9	5	28	3.9
id-13741	3	6	18	3.1
id-13742	9	5	30	3.0
id-13743	3	2	13	4.8
id-13744	9	2	14	4.9
id-13745	4	3	16	3.7
id-13746	2	4	16	3.4
id-13747	7	3	13	4.7
id-13748	5	3	10	3.9
id-13749	2	2	17	4.0
id-13750	9	13	7	4.4
id-13751	1	2	9	3.8
id-13752	2	2	7	4.8
id-13753	6	6	27	4.1
id-13754	9	16	21	5.0
id-13755	10	4	16	3.8
id-13756	2	3	22	3.1
id-13757	4	5	30	4.3
id-13758	3	5	13	3.8
id-13759	5	3	28	3.4
id-13760	10	11	9	3.8
id-13761	6	4	30	3.0
id-13762	8	16	22	4.2
id-13763	4	8	23	3.1
id-13764	8	8	4	3.2
id-13765	8	10	4	4.4
id-13766	4	6	2	3.3
id-13767	10	8	13	3.1
id-13768	10	10	1	3.6
id-13769	9	11	14	4.5
id-13770	2	4	15	4.2
id-13771	1	2	30	4.8
id-13772	9	12	1	4.1
id-13773	4	7	29	5.0
id-13774	7	13	18	3.8
id-13775	3	4	18	3.5
id-13776	5	8	13	3.2
id-13777	7	14	5	3.4
id-13778	4	3	26	4.6
id-13779	4	5	15	3.5
id-13780	8	11	6	4.1
id-13781	2	4	21	3.6
id-13782	8	16	5	4.3
id-13783	4	2	19	4.4
id-13784	9	5	6	3.5
id-13785	1	2	23	4.0
id-13786	4	4	27	3.9
id-13787	1	2	29	4.2
id-13788	10	2	12	3.8
id-13789	9	17	2	4.4
id-13790	10	7	26	3.6
id-13791	1	2	11	3.4
id-13792	5	7	12	4.4
id-13793	3	2	2	3.9
id-13794	10	20	23	4.5
id-13795	8	3	16	4.7
id-13796	5	2	18	3.3
id-13797	6	2	10	3.7
id-13798	2	3	18	3.0
id-13799	10	20	13	4.7
id-13800	4	5	7	3.4
id-13801	3	5	8	4.1
id-13802	3	6	30	4.0
id-13803	9	2	11	3.2
id-13804	3	6	20	3.1
id-13805	3	2	3	3.6
id-13806	6	6	19	4.1
id-13807	6	10	7	4.5
id-13808	4	7	29	4.9
id-13809	10	15	29	3.8
id-13810	1	2	14	3.6
id-13811	9	13	28	4.7
id-13812	7	5	17	3.5
id-13813	3	4	20	3.9
id-13814	6	7	12	5.0
id-13815	1	2	28	4.9
id-13816	2	3	5	4.6
id-13817	9	7	17	3.6
id-13818	10	13	9	3.7
id-13819	1	2	30	3.9
id-13820	3	4	18	3.4
id-13821	7	5	7	4.4
id-13822	8	12	21	4.7
id-13823	4	8	27	3.8
id-13824	9	9	18	3.7
id-13825	8	8	9	4.5
id-13826	4	4	28	4.0
id-13827	2	2	19	3.2
id-13828	2	4	5	3.7
id-13829	1	2	1	3.7
id-13830	8	3	8	3.1
id-13831	2	3	5	3.6
id-13832	6	6	1	4.2
id-13833	7	8	1	4.7
id-13834	5	9	22	3.1
id-13835	1	2	13	3.6
id-13836	3	5	27	4.0
id-13837	5	2	26	5.0
id-13838	5	5	28	3.3
id-13839	9	13	8	4.3
id-13840	9	12	2	3.7
id-13841	9	2	1	3.2
id-13842	8	12	7	4.9
id-13843	3	3	8	4.5
id-13844	1	2	7	3.0
id-13845	4	5	15	3.5
id-13846	8	11	11	4.5
id-13847	6	12	20	3.8
id-13848	5	3	15	3.2
id-13849	7	8	26	3.1
id-13850	9	13	3	4.7
id-13851	2	3	27	3.4
id-13852	4	4	29	4.2
id-13853	7	13	15	3.6
id-13854	2	3	30	4.2
id-13855	8	4	16	3.6
id-13856	1	2	3	3.9
id-13857	4	2	3	3.4
id-13858	10	16	8	5.0
id-13859	5	3	13	4.6
id-13860	6	8	23	3.6
id-13861	2	3	22	4.5
id-13862	6	3	10	3.5
id-13863	9	12	29	3.8
id-13864	5	2	29	4.8
id-13865	2	4	19	4.8
id-13866	10	2	3	3.2
id-13867	8	7	21	3.6
id-13868	8	11	3	4.3
id-13869	7	11	22	3.3
id-13870	4	6	16	4.5
id-13871	10	17	30	3.5
id-13872	7	9	17	4.2
id-13873	1	2	6	3.7
id-13874	4	5	24	4.8
id-13875	1	2	10	5.0
id-13876	1	2	29	4.2
id-13877	2	3	20	4.9
id-13878	10	8	15	4.4
id-13879	7	13	17	4.6
id-13880	3	2	23	3.7
id-13881	3	5	10	4.4
id-13882	5	7	6	4.5
id-13883	10	14	11	4.7
id-13884	2	2	17	4.5
id-13885	10	14	15	3.8
id-13886	2	3	9	3.9
id-13887	3	2	18	4.9
id-13888	9	11	14	4.7
id-13889	5	5	24	4.4
id-13890	4	8	15	4.7
id-13891	6	4	8	4.4
id-13892	2	2	1	3.4
id-13893	5	10	5	4.0
id-13894	8	7	20	3.6
id-13895	4	3	24	4.8
id-13896	7	9	12	4.1
id-13897	7	11	28	3.4
id-13898	4	5	24	5.0
id-13899	10	5	20	3.3
id-13900	5	6	7	4.4
id-13901	7	5	19	3.8
id-13902	9	2	23	4.5
id-13903	10	14	13	3.2
id-13904	8	5	11	4.5
id-13905	5	6	29	4.7
id-13906	9	17	12	3.5
id-13907	1	2	9	4.4
id-13908	9	2	29	4.2
id-13909	9	17	6	3.7
id-13910	8	16	3	4.1
id-13911	6	9	13	4.7
id-13912	4	6	21	4.0
id-13913	5	3	18	3.2
id-13914	9	2	3	4.3
id-13915	3	2	27	3.5
id-13916	5	7	22	4.5
id-13917	1	2	21	4.4
id-13918	7	11	10	4.6
id-13919	3	2	25	4.3
id-13920	10	14	22	4.6
id-13921	8	14	5	3.6
id-13922	7	8	28	3.7
id-13923	9	6	12	4.8
id-13924	9	12	6	3.0
id-13925	9	5	28	3.1
id-13926	5	4	11	4.1
id-13927	5	5	11	4.7
id-13928	8	6	25	4.2
id-13929	1	2	28	3.8
id-13930	7	14	26	4.4
id-13931	9	11	14	4.3
id-13932	8	9	1	4.9
id-13933	9	9	3	3.8
id-13934	1	2	1	4.7
id-13935	2	4	21	3.3
id-13936	9	8	19	4.9
id-13937	8	13	17	4.7
id-13938	4	3	17	3.8
id-13939	3	3	17	4.3
id-13940	1	2	20	4.9
id-13941	9	16	26	3.2
id-13942	6	9	12	4.3
id-13943	10	13	16	4.6
id-13944	1	2	21	4.0
id-13945	3	3	16	3.5
id-13946	9	5	29	3.5
id-13947	8	4	14	4.7
id-13948	5	10	15	4.9
id-13949	7	8	30	4.4
id-13950	1	2	18	3.4
id-13951	9	12	10	4.1
id-13952	5	3	11	4.5
id-13953	4	7	2	4.2
id-13954	10	20	26	4.5
id-13955	9	12	3	3.9
id-13956	7	13	1	4.1
id-13957	6	9	20	3.4
id-13958	8	9	12	3.2
id-13959	9	6	9	3.5
id-13960	1	2	24	5.0
id-13961	1	2	15	4.7
id-13962	8	4	23	3.5
id-13963	9	9	23	4.2
id-13964	2	4	6	3.6
id-13965	8	16	22	3.9
id-13966	1	2	25	3.8
id-13967	9	12	29	4.2
id-13968	10	10	14	4.2
id-13969	1	2	28	4.8
id-13970	3	3	16	4.8
id-13971	5	6	24	4.5
id-13972	1	2	15	5.0
id-13973	5	7	2	4.0
id-13974	9	16	12	4.3
id-13975	4	8	30	3.4
id-13976	7	6	27	3.9
id-13977	4	7	1	4.9
id-13978	3	2	3	5.0
id-13979	7	9	23	3.1
id-13980	5	10	4	4.8
id-13981	10	8	17	4.1
id-13982	2	4	1	3.4
id-13983	7	11	18	3.7
id-13984	4	7	2	3.6
id-13985	8	5	3	3.2
id-13986	5	5	11	3.2
id-13987	3	2	18	3.2
id-13988	9	6	28	3.3
id-13989	10	18	9	3.1
id-13990	3	3	26	4.4
id-13991	9	5	16	3.6
id-13992	7	5	25	4.2
id-13993	3	6	26	4.4
id-13994	3	6	16	4.1
id-13995	5	7	26	4.0
id-13996	4	3	28	3.5
id-13997	1	2	2	4.8
id-13998	10	18	26	3.3
id-13999	2	4	5	3.4
id-14000	3	5	2	3.4
id-14001	6	12	13	3.7
id-14002	5	8	6	3.3
id-14003	4	5	22	4.3
id-14004	3	5	19	3.4
id-14005	10	7	22	4.4
id-14006	5	8	15	4.0
id-14007	10	5	7	4.7
id-14008	2	3	29	4.7
id-14009	8	4	30	4.0
id-14010	9	8	6	4.8
id-14011	2	3	24	3.1
id-14012	8	16	12	4.9
id-14013	5	10	12	4.0
id-14014	3	4	17	4.6
id-14015	7	12	16	4.3
id-14016	6	9	14	4.7
id-14017	4	2	10	4.8
id-14018	10	11	27	4.5
id-14019	8	12	13	4.3
id-14020	2	4	20	3.6
id-14021	2	3	17	4.9
id-14022	2	2	24	4.3
id-14023	5	3	6	4.9
id-14024	6	2	20	3.5
id-14025	2	3	24	4.4
id-14026	2	4	1	3.4
id-14027	5	10	2	4.7
id-14028	8	12	6	4.6
id-14029	9	18	8	4.8
id-14030	3	3	3	3.4
id-14031	8	7	10	3.4
id-14032	8	16	28	4.5
id-14033	8	12	21	4.8
id-14034	3	4	9	4.4
id-14035	4	7	13	4.1
id-14036	3	4	19	4.0
id-14037	5	2	22	4.4
id-14038	5	8	15	4.7
id-14039	5	8	21	4.6
id-14040	9	14	18	3.9
id-14041	1	2	6	3.8
id-14042	5	8	3	4.2
id-14043	4	3	6	3.7
id-14044	4	7	9	3.7
id-14045	7	5	10	3.5
id-14046	5	9	1	4.1
id-14047	4	2	5	3.8
id-14048	9	18	18	3.0
id-14049	2	3	22	4.8
id-14050	3	2	17	3.6
id-14051	9	4	30	4.8
id-14052	9	8	17	3.9
id-14053	1	2	14	4.3
id-14054	9	16	30	3.8
id-14055	6	9	8	4.8
id-14056	3	5	3	4.2
id-14057	4	5	18	4.0
id-14058	3	4	30	3.0
id-14059	1	2	21	3.1
id-14060	4	3	14	4.4
id-14061	2	4	9	4.2
id-14062	6	3	10	3.7
id-14063	6	2	3	3.0
id-14064	5	9	12	3.2
id-14065	9	15	1	3.9
id-14066	10	17	8	3.3
id-14067	10	13	21	4.5
id-14068	3	5	15	3.7
id-14069	3	6	27	3.3
id-14070	3	5	18	3.2
id-14071	9	4	17	4.4
id-14072	6	3	28	3.6
id-14073	3	3	15	3.5
id-14074	1	2	11	3.1
id-14075	7	4	25	3.8
id-14076	2	2	28	3.8
id-14077	8	5	25	3.3
id-14078	1	2	12	3.4
id-14079	5	6	8	4.4
id-14080	7	6	1	3.2
id-14081	7	9	25	4.1
id-14082	9	18	7	3.2
id-14083	2	2	21	4.2
id-14084	7	2	6	4.4
id-14085	1	2	25	3.6
id-14086	1	2	27	4.6
id-14087	9	7	12	4.6
id-14088	4	6	25	3.6
id-14089	4	2	27	5.0
id-14090	2	2	7	4.7
id-14091	8	4	10	4.7
id-14092	3	4	20	5.0
id-14093	4	5	6	3.6
id-14094	9	8	23	4.6
id-14095	2	3	22	4.0
id-14096	10	20	2	4.2
id-14097	3	4	8	3.6
id-14098	6	7	7	3.7
id-14099	4	2	2	3.9
id-14100	3	2	1	4.1
id-14101	1	2	18	3.7
id-14102	7	8	3	3.3
id-14103	9	16	25	4.3
id-14104	4	7	20	3.9
id-14105	3	6	26	4.2
id-14106	2	4	12	4.9
id-14107	9	12	24	4.0
id-14108	1	2	5	4.3
id-14109	1	2	12	4.1
id-14110	9	16	21	4.0
id-14111	6	10	13	4.0
id-14112	1	2	8	4.2
id-14113	2	2	27	4.7
id-14114	4	2	14	3.8
id-14115	6	7	13	3.5
id-14116	3	5	7	4.4
id-14117	10	5	20	4.7
id-14118	10	15	16	4.7
id-14119	1	2	5	3.1
id-14120	4	7	7	3.4
id-14121	7	10	8	3.0
id-14122	10	9	11	4.6
id-14123	10	19	13	3.3
id-14124	9	11	9	4.2
id-14125	2	3	2	4.6
id-14126	9	18	2	3.1
id-14127	5	6	7	4.1
id-14128	10	9	25	4.2
id-14129	3	6	30	3.2
id-14130	9	8	26	4.4
id-14131	10	12	10	3.9
id-14132	1	2	28	3.7
id-14133	6	7	29	3.0
id-14134	10	3	14	4.6
id-14135	5	7	16	5.0
id-14136	10	19	4	3.3
id-14137	3	5	2	4.8
id-14138	7	6	21	3.6
id-14139	4	6	21	3.9
id-14140	7	6	8	4.6
id-14141	1	2	4	4.8
id-14142	8	15	30	3.1
id-14143	8	5	3	3.4
id-14144	5	2	13	3.2
id-14145	2	3	15	4.9
id-14146	3	3	30	3.6
id-14147	9	2	5	3.7
id-14148	6	3	19	3.3
id-14149	5	6	17	4.8
id-14150	1	2	12	3.4
id-14151	4	4	19	4.8
id-14152	2	3	13	4.7
id-14153	8	15	14	3.3
id-14154	1	2	8	3.6
id-14155	8	16	9	3.4
id-14156	4	6	25	3.7
id-14157	5	3	9	3.1
id-14158	1	2	28	4.7
id-14159	10	17	18	3.3
id-14160	9	4	19	3.7
id-14161	3	6	10	4.6
id-14162	5	10	25	4.5
id-14163	10	9	15	4.1
id-14164	6	11	2	4.1
id-14165	7	11	9	3.7
id-14166	7	2	16	3.9
id-14167	10	3	4	3.7
id-14168	7	6	3	3.4
id-14169	10	6	17	3.7
id-14170	4	8	6	3.2
id-14171	5	6	17	3.2
id-14172	4	8	9	3.6
id-14173	9	15	19	4.6
id-14174	8	8	16	3.5
id-14175	5	8	5	4.3
id-14176	2	2	24	4.3
id-14177	1	2	19	3.0
id-14178	4	4	22	3.9
id-14179	3	6	14	3.2
id-14180	7	11	13	3.8
id-14181	2	4	28	3.8
id-14182	2	2	2	4.0
id-14183	4	8	2	4.9
id-14184	9	14	10	4.8
id-14185	2	3	18	4.7
id-14186	10	7	19	3.9
id-14187	6	6	26	3.9
id-14188	7	3	25	4.6
id-14189	6	10	19	3.1
id-14190	7	3	11	4.5
id-14191	10	6	22	5.0
id-14192	3	4	23	3.9
id-14193	5	6	9	4.1
id-14194	5	10	22	4.0
id-14195	6	4	13	3.3
id-14196	1	2	11	4.3
id-14197	1	2	25	3.2
id-14198	6	3	14	3.8
id-14199	9	16	15	4.2
id-14200	6	10	1	3.5
id-14201	4	7	11	4.1
id-14202	4	5	12	3.3
id-14203	1	2	8	3.6
id-14204	5	10	29	4.2
id-14205	4	7	12	4.1
id-14206	8	13	13	3.2
id-14207	10	16	28	4.9
id-14208	7	3	16	4.2
id-14209	6	11	14	3.8
id-14210	3	3	15	3.6
id-14211	6	7	23	3.4
id-14212	9	16	25	3.4
id-14213	3	5	13	3.7
id-14214	8	5	7	3.4
id-14215	10	15	3	3.9
id-14216	10	20	1	4.2
id-14217	9	17	5	4.9
id-14218	2	3	27	3.7
id-14219	6	6	12	4.3
id-14220	1	2	13	3.0
id-14221	5	6	14	4.5
id-14222	4	8	2	4.1
id-14223	10	7	21	3.2
id-14224	10	11	23	3.6
id-14225	5	5	9	4.6
id-14226	5	7	25	4.4
id-14227	9	15	30	5.0
id-14228	1	2	14	3.5
id-14229	7	11	19	3.3
id-14230	8	14	9	3.8
id-14231	10	13	11	4.5
id-14232	3	2	16	4.5
id-14233	3	6	3	3.5
id-14234	9	17	27	4.7
id-14235	3	5	29	4.9
id-14236	3	6	26	3.7
id-14237	1	2	11	3.2
id-14238	10	2	7	4.7
id-14239	10	19	17	4.8
id-14240	9	16	3	3.8
id-14241	9	13	21	4.2
id-14242	9	14	3	4.5
id-14243	5	10	27	4.6
id-14244	2	3	30	4.9
id-14245	1	2	24	3.8
id-14246	3	5	4	4.9
id-14247	10	13	1	3.4
id-14248	8	5	27	3.4
id-14249	9	7	8	4.7
id-14250	4	2	10	4.7
id-14251	7	2	9	3.6
id-14252	6	11	9	3.4
id-14253	3	5	11	3.6
id-14254	6	10	17	4.9
id-14255	9	9	14	3.4
id-14256	8	16	20	4.5
id-14257	9	13	22	4.3
id-14258	1	2	15	4.0
id-14259	1	2	2	4.7
id-14260	10	17	13	4.2
id-14261	7	13	13	4.0
id-14262	9	10	15	3.8
id-14263	2	3	28	4.7
id-14264	5	5	30	4.5
id-14265	3	4	9	4.9
id-14266	2	3	28	4.4
id-14267	2	4	30	3.2
id-14268	6	9	12	3.7
id-14269	1	2	23	4.5
id-14270	2	3	26	4.7
id-14271	2	3	19	4.7
id-14272	8	5	6	3.8
id-14273	1	2	18	4.3
id-14274	3	6	24	3.8
id-14275	5	9	12	3.2
id-14276	8	7	20	4.7
id-14277	4	6	4	3.8
id-14278	1	2	12	3.6
id-14279	2	2	28	3.9
id-14280	1	2	1	4.7
id-14281	3	4	19	3.1
id-14282	10	6	25	4.0
id-14283	9	9	5	3.2
id-14284	1	2	24	4.3
id-14285	10	20	14	3.7
id-14286	9	3	7	4.6
id-14287	5	4	22	3.8
id-14288	8	13	7	3.9
id-14289	7	13	12	3.3
id-14290	5	6	8	3.4
id-14291	5	10	5	4.8
id-14292	10	12	17	4.0
id-14293	6	3	22	3.4
id-14294	5	8	4	4.0
id-14295	6	2	21	4.5
id-14296	9	9	5	3.6
id-14297	3	6	6	3.7
id-14298	8	7	13	3.5
id-14299	7	12	29	3.5
id-14300	8	12	6	4.8
id-14301	7	8	21	3.2
id-14302	3	3	6	4.6
id-14303	2	2	14	4.8
id-14304	4	3	25	3.8
id-14305	2	2	30	4.4
id-14306	6	5	4	3.5
id-14307	5	5	7	4.3
id-14308	5	9	14	4.5
id-14309	1	2	1	4.7
id-14310	3	5	20	4.9
id-14311	7	11	22	3.7
id-14312	9	12	25	3.9
id-14313	1	2	30	3.8
id-14314	3	3	10	4.0
id-14315	7	7	22	4.3
id-14316	2	2	14	3.8
id-14317	10	16	25	3.9
id-14318	4	4	24	4.1
id-14319	4	2	28	4.0
id-14320	10	6	7	3.4
id-14321	1	2	5	3.8
id-14322	4	5	6	4.6
id-14323	7	14	4	3.6
id-14324	1	2	2	3.3
id-14325	8	6	3	4.3
id-14326	3	2	8	4.6
id-14327	5	10	28	4.9
id-14328	4	7	2	3.0
id-14329	1	2	14	3.6
id-14330	10	5	28	4.1
id-14331	2	4	18	3.3
id-14332	9	7	14	4.8
id-14333	6	6	29	3.2
id-14334	2	2	18	3.7
id-14335	8	9	25	4.3
id-14336	10	13	15	4.5
id-14337	7	9	2	4.9
id-14338	8	3	5	3.3
id-14339	9	2	24	3.5
id-14340	8	15	28	3.6
id-14341	9	3	18	4.8
id-14342	6	11	30	3.5
id-14343	2	3	18	3.8
id-14344	6	12	2	3.0
id-14345	9	15	12	3.5
id-14346	4	2	30	4.5
id-14347	3	3	20	3.3
id-14348	4	5	24	3.2
id-14349	9	2	23	4.0
id-14350	6	5	4	4.9
id-14351	7	8	22	4.7
id-14352	6	4	16	4.5
id-14353	10	20	11	4.4
id-14354	4	5	13	4.0
id-14355	10	20	6	4.7
id-14356	10	13	6	3.0
id-14357	5	2	27	3.2
id-14358	8	2	16	3.0
id-14359	6	11	11	3.4
id-14360	2	2	26	3.9
id-14361	7	14	4	4.5
id-14362	7	10	10	4.3
id-14363	3	2	4	3.0
id-14364	2	4	29	4.1
id-14365	7	8	8	3.4
id-14366	4	2	2	3.7
id-14367	6	11	9	4.2
id-14368	3	5	7	4.1
id-14369	1	2	14	4.6
id-14370	2	2	2	3.9
id-14371	4	2	28	4.5
id-14372	7	6	13	4.3
id-14373	1	2	8	3.1
id-14374	4	3	7	3.7
id-14375	5	5	7	4.7
id-14376	1	2	26	4.7
id-14377	7	12	9	3.4
id-14378	1	2	26	3.8
id-14379	4	3	24	4.8
id-14380	5	9	19	4.2
id-14381	2	2	30	3.9
id-14382	1	2	18	3.5
id-14383	10	16	18	4.5
id-14384	6	11	29	3.6
id-14385	3	4	7	3.5
id-14386	3	4	9	4.1
id-14387	10	20	14	3.6
id-14388	5	6	22	3.1
id-14389	5	2	29	3.3
id-14390	7	14	12	3.3
id-14391	9	9	24	5.0
id-14392	6	10	10	4.3
id-14393	6	12	20	3.4
id-14394	7	3	28	4.7
id-14395	6	6	21	4.8
id-14396	3	4	22	3.2
id-14397	8	11	21	4.9
id-14398	10	9	5	4.9
id-14399	4	3	3	3.3
id-14400	4	3	9	3.1
id-14401	8	13	21	3.8
id-14402	10	8	25	4.0
id-14403	6	6	23	3.4
id-14404	4	5	15	3.9
id-14405	1	2	18	4.7
id-14406	1	2	23	3.1
id-14407	9	16	8	4.4
id-14408	10	10	30	4.5
id-14409	5	3	16	3.2
id-14410	4	6	24	3.6
id-14411	2	3	10	4.2
id-14412	9	3	15	3.8
id-14413	8	14	28	4.6
id-14414	7	7	28	3.3
id-14415	6	6	12	3.7
id-14416	10	15	23	4.4
id-14417	9	18	7	4.1
id-14418	9	18	10	3.4
id-14419	8	2	7	3.2
id-14420	5	9	5	3.3
id-14421	7	6	22	4.2
id-14422	7	5	10	3.0
id-14423	6	9	15	4.0
id-14424	8	6	22	4.7
id-14425	1	2	17	4.7
id-14426	9	8	28	4.3
id-14427	2	3	1	3.5
id-14428	8	4	8	4.3
id-14429	3	6	18	3.4
id-14430	2	3	9	3.1
id-14431	10	9	27	4.0
id-14432	4	2	8	4.4
id-14433	2	4	29	3.6
id-14434	7	4	14	4.6
id-14435	10	16	5	3.8
id-14436	4	7	13	4.1
id-14437	5	7	15	3.7
id-14438	10	19	17	4.5
id-14439	4	3	25	3.8
id-14440	8	10	6	4.2
id-14441	1	2	7	4.6
id-14442	8	14	3	4.9
id-14443	7	7	21	4.9
id-14444	4	5	28	4.1
id-14445	5	8	21	3.2
id-14446	7	4	2	4.9
id-14447	10	9	10	3.6
id-14448	7	2	3	3.9
id-14449	1	2	23	4.4
id-14450	2	4	3	4.2
id-14451	10	10	28	3.7
id-14452	4	6	12	4.2
id-14453	4	6	17	4.9
id-14454	10	6	22	3.6
id-14455	8	6	23	3.0
id-14456	5	4	12	4.0
id-14457	9	7	6	3.5
id-14458	6	12	23	4.4
id-14459	9	14	7	3.9
id-14460	5	6	21	5.0
id-14461	5	10	10	4.7
id-14462	8	8	28	3.1
id-14463	5	5	30	3.6
id-14464	4	5	26	5.0
id-14465	5	3	3	3.7
id-14466	10	2	4	4.5
id-14467	7	3	2	4.8
id-14468	1	2	29	4.2
id-14469	9	2	1	4.1
id-14470	2	3	7	4.9
id-14471	8	4	10	4.9
id-14472	1	2	15	3.8
id-14473	4	4	22	3.5
id-14474	2	4	12	4.1
id-14475	4	5	29	4.8
id-14476	8	10	17	3.6
id-14477	3	6	26	3.6
id-14478	3	5	12	4.4
id-14479	2	3	24	3.2
id-14480	3	4	24	3.6
id-14481	3	6	30	4.6
id-14482	10	20	7	4.9
id-14483	10	18	12	4.8
id-14484	1	2	29	3.1
id-14485	5	9	12	3.6
id-14486	1	2	30	4.4
id-14487	7	3	19	4.4
id-14488	10	8	5	3.9
id-14489	4	3	29	3.6
id-14490	1	2	28	3.4
id-14491	8	7	24	3.6
id-14492	4	7	25	4.0
id-14493	6	8	25	3.0
id-14494	7	6	10	4.2
id-14495	2	4	17	4.8
id-14496	3	4	20	4.4
id-14497	2	4	30	4.5
id-14498	8	14	18	3.5
id-14499	8	2	14	3.4
id-14500	4	8	5	4.0
id-14501	1	2	28	5.0
id-14502	2	4	28	4.5
id-14503	10	8	11	4.3
id-14504	5	4	24	3.1
id-14505	3	4	23	3.5
id-14506	8	11	5	4.5
id-14507	3	3	17	3.8
id-14508	4	4	8	4.2
id-14509	6	8	28	4.2
id-14510	8	14	10	4.6
id-14511	5	10	29	4.6
id-14512	4	5	22	3.9
id-14513	6	7	7	4.4
id-14514	3	5	19	4.2
id-14515	5	9	30	3.1
id-14516	9	7	11	3.6
id-14517	8	11	25	3.5
id-14518	8	6	9	4.7
id-14519	4	3	26	4.0
id-14520	9	9	13	3.7
id-14521	8	8	3	4.2
id-14522	8	14	28	4.7
id-14523	8	8	29	4.5
id-14524	5	9	6	3.0
id-14525	5	5	11	4.6
id-14526	8	6	7	4.8
id-14527	7	14	21	5.0
id-14528	6	5	22	3.8
id-14529	10	12	1	4.6
id-14530	6	9	9	4.8
id-14531	3	6	13	3.4
id-14532	6	8	18	3.5
id-14533	6	2	20	3.3
id-14534	3	5	5	4.6
id-14535	1	2	5	4.5
id-14536	3	2	2	3.1
id-14537	5	3	14	3.4
id-14538	8	4	30	4.0
id-14539	9	5	28	4.3
id-14540	6	6	1	3.1
id-14541	6	8	20	3.8
id-14542	6	2	22	4.4
id-14543	10	20	7	3.2
id-14544	2	2	18	4.4
id-14545	2	2	23	3.0
id-14546	1	2	27	4.9
id-14547	4	8	26	4.2
id-14548	7	2	10	3.0
id-14549	4	2	22	3.3
id-14550	4	3	7	4.6
id-14551	5	6	17	4.4
id-14552	1	2	14	3.3
id-14553	3	5	30	4.9
id-14554	4	2	11	3.5
id-14555	9	12	6	3.9
id-14556	8	7	22	3.2
id-14557	2	3	14	4.8
id-14558	5	9	17	3.7
id-14559	8	7	2	4.0
id-14560	1	2	22	3.6
id-14561	2	4	27	4.4
id-14562	4	5	18	4.9
id-14563	7	5	27	4.3
id-14564	6	11	13	4.0
id-14565	2	2	14	4.5
id-14566	3	4	4	4.2
id-14567	8	8	29	3.3
id-14568	7	13	11	3.9
id-14569	1	2	19	3.2
id-14570	3	3	24	4.9
id-14571	3	2	28	4.7
id-14572	4	3	17	3.9
id-14573	2	3	1	4.4
id-14574	10	4	25	4.0
id-14575	9	17	27	3.5
id-14576	9	6	13	3.4
id-14577	6	5	11	3.4
id-14578	2	4	11	4.1
id-14579	5	4	1	3.9
id-14580	9	18	4	4.5
id-14581	6	10	4	5.0
id-14582	4	2	12	3.3
id-14583	2	2	28	3.3
id-14584	2	3	4	3.0
id-14585	7	3	3	3.2
id-14586	5	6	24	3.8
id-14587	3	4	10	3.8
id-14588	5	6	1	4.8
id-14589	8	13	29	4.2
id-14590	2	4	27	3.6
id-14591	8	13	11	5.0
id-14592	10	12	25	4.5
id-14593	5	5	21	4.3
id-14594	2	3	19	4.0
id-14595	6	10	11	3.7
id-14596	3	5	15	4.1
id-14597	5	5	18	4.0
id-14598	9	12	30	3.4
id-14599	5	8	29	4.3
id-14600	8	2	12	3.8
id-14601	5	6	21	3.6
id-14602	3	6	10	4.1
id-14603	1	2	5	3.2
id-14604	4	5	2	3.2
id-14605	2	2	28	3.6
id-14606	10	20	1	5.0
id-14607	7	8	29	3.7
id-14608	7	6	14	4.2
id-14609	6	3	2	4.0
id-14610	10	6	4	4.8
id-14611	8	15	26	4.6
id-14612	2	3	15	3.4
id-14613	10	5	7	4.4
id-14614	8	7	12	4.3
id-14615	6	5	30	4.5
id-14616	8	7	8	4.4
id-14617	9	14	2	3.4
id-14618	7	4	22	4.2
id-14619	10	10	7	3.6
id-14620	9	3	4	4.8
id-14621	5	10	12	3.2
id-14622	7	3	30	4.7
id-14623	1	2	24	4.3
id-14624	10	2	24	4.2
id-14625	7	2	6	3.1
id-14626	2	3	6	3.5
id-14627	9	11	24	5.0
id-14628	4	7	6	3.6
id-14629	1	2	20	4.2
id-14630	2	4	9	3.6
id-14631	8	10	21	3.6
id-14632	1	2	7	4.7
id-14633	10	14	16	4.6
id-14634	6	4	15	3.3
id-14635	7	12	1	3.6
id-14636	3	3	11	3.1
id-14637	6	2	16	4.1
id-14638	1	2	18	4.3
id-14639	3	3	8	4.0
id-14640	5	5	13	4.6
id-14641	7	14	12	4.0
id-14642	7	2	21	3.9
id-14643	4	4	18	4.3
id-14644	10	8	16	3.5
id-14645	1	2	10	3.8
id-14646	7	3	23	4.7
id-14647	2	4	2	4.6
id-14648	5	10	5	4.0
id-14649	7	11	26	3.6
id-14650	10	3	5	3.4
id-14651	6	11	25	4.8
id-14652	8	3	30	4.9
id-14653	2	2	17	4.7
id-14654	6	5	28	3.4
id-14655	5	7	14	4.7
id-14656	5	3	11	4.8
id-14657	8	13	22	4.2
id-14658	2	3	2	4.8
id-14659	7	6	25	5.0
id-14660	8	7	27	3.7
id-14661	5	8	19	3.5
id-14662	7	13	14	3.3
id-14663	3	4	28	3.7
id-14664	9	7	10	4.7
id-14665	5	4	30	4.5
id-14666	4	4	27	4.1
id-14667	1	2	25	4.3
id-14668	3	2	4	3.9
id-14669	5	8	19	3.8
id-14670	5	3	23	3.7
id-14671	10	11	10	4.9
id-14672	7	3	14	3.0
id-14673	6	9	13	4.2
id-14674	5	2	8	3.7
id-14675	10	17	3	3.1
id-14676	9	11	23	4.2
id-14677	3	6	24	3.6
id-14678	7	14	4	3.2
id-14679	5	4	11	3.7
id-14680	3	3	7	3.6
id-14681	8	14	15	4.2
id-14682	8	5	24	3.4
id-14683	10	4	23	4.4
id-14684	10	7	19	4.7
id-14685	3	4	20	4.4
id-14686	6	4	9	3.7
id-14687	1	2	25	4.9
id-14688	1	2	7	4.1
id-14689	3	6	14	3.9
id-14690	1	2	9	4.0
id-14691	10	11	20	3.4
id-14692	3	3	5	4.8
id-14693	2	3	7	4.7
id-14694	6	3	18	3.8
id-14695	7	7	1	3.1
id-14696	2	4	6	3.9
id-14697	3	6	19	3.6
id-14698	10	10	20	3.1
id-14699	3	5	22	4.4
id-14700	1	2	7	4.8
id-14701	1	2	6	4.5
id-14702	6	9	27	3.1
id-14703	2	4	10	3.6
id-14704	9	4	26	3.6
id-14705	7	6	30	3.4
id-14706	3	5	3	3.5
id-14707	9	10	28	4.7
id-14708	10	2	18	4.9
id-14709	3	2	24	3.8
id-14710	10	18	30	3.7
id-14711	6	3	9	3.8
id-14712	8	11	1	4.5
id-14713	6	6	15	3.9
id-14714	2	4	6	4.6
id-14715	5	2	13	4.0
id-14716	9	6	28	3.4
id-14717	10	10	15	3.7
id-14718	4	7	3	3.0
id-14719	7	13	2	4.5
id-14720	9	9	26	4.6
id-14721	1	2	14	3.8
id-14722	4	8	8	4.5
id-14723	8	13	18	4.3
id-14724	1	2	26	4.0
id-14725	8	16	30	3.8
id-14726	9	5	15	3.4
id-14727	10	7	12	3.6
id-14728	7	11	10	3.4
id-14729	5	9	27	3.7
id-14730	3	3	19	4.8
id-14731	2	2	2	3.2
id-14732	7	5	4	3.9
id-14733	5	2	26	3.1
id-14734	3	2	18	3.2
id-14735	6	3	2	3.3
id-14736	1	2	8	4.7
id-14737	4	4	27	4.3
id-14738	8	11	20	4.3
id-14739	1	2	11	3.6
id-14740	5	9	12	4.0
id-14741	3	6	11	4.7
id-14742	10	16	24	4.1
id-14743	8	3	7	4.8
id-14744	3	5	17	3.1
id-14745	5	7	12	4.9
id-14746	8	4	4	3.3
id-14747	3	3	17	3.7
id-14748	1	2	4	3.3
id-14749	10	19	12	5.0
id-14750	9	7	21	4.8
id-14751	1	2	20	4.4
id-14752	7	10	17	3.2
id-14753	1	2	7	4.6
id-14754	4	3	3	4.6
id-14755	4	4	27	3.4
id-14756	4	3	24	5.0
id-14757	1	2	4	3.7
id-14758	3	4	30	4.8
id-14759	4	6	18	3.8
id-14760	10	14	6	4.6
id-14761	9	12	30	3.2
id-14762	1	2	4	4.3
id-14763	10	20	28	5.0
id-14764	8	13	6	3.8
id-14765	2	2	16	3.8
id-14766	4	3	7	4.4
id-14767	7	10	25	4.3
id-14768	2	4	3	3.2
id-14769	10	9	15	4.3
id-14770	1	2	10	4.5
id-14771	4	2	8	3.0
id-14772	8	15	17	4.1
id-14773	3	2	16	4.2
id-14774	3	2	7	4.0
id-14775	2	2	30	4.8
id-14776	8	13	2	4.7
id-14777	8	14	14	4.8
id-14778	1	2	18	4.7
id-14779	6	3	4	3.9
id-14780	10	19	12	4.3
id-14781	7	2	12	3.5
id-14782	5	6	18	4.2
id-14783	8	5	24	4.2
id-14784	1	2	28	3.0
id-14785	9	17	27	3.7
id-14786	1	2	3	4.8
id-14787	3	2	11	4.9
id-14788	5	3	14	3.1
id-14789	1	2	27	4.5
id-14790	8	12	7	4.9
id-14791	8	13	28	3.4
id-14792	6	7	30	3.6
id-14793	9	18	25	4.3
id-14794	8	16	2	4.4
id-14795	7	11	28	4.3
id-14796	4	5	2	4.4
id-14797	9	16	22	4.5
id-14798	8	5	25	3.7
id-14799	5	8	8	4.8
id-14800	1	2	27	4.9
id-14801	10	13	26	3.9
id-14802	7	3	6	4.9
id-14803	1	2	24	4.4
id-14804	10	4	30	4.1
id-14805	7	10	29	3.4
id-14806	2	3	21	3.9
id-14807	7	9	7	4.7
id-14808	6	8	12	3.7
id-14809	5	9	26	4.6
id-14810	1	2	6	4.4
id-14811	10	15	11	3.4
id-14812	5	10	25	3.6
id-14813	8	14	2	3.3
id-14814	9	4	14	3.3
id-14815	7	4	6	4.9
id-14816	4	8	26	3.9
id-14817	7	14	4	3.8
id-14818	6	11	22	4.6
id-14819	7	6	28	3.8
id-14820	8	15	15	4.2
id-14821	10	20	24	3.3
id-14822	9	18	30	3.3
id-14823	3	4	10	3.9
id-14824	9	11	19	3.9
id-14825	8	3	12	3.3
id-14826	7	13	30	4.9
id-14827	4	4	20	3.5
id-14828	8	9	17	3.1
id-14829	5	10	4	3.9
id-14830	4	8	26	3.1
id-14831	5	8	9	4.4
id-14832	9	7	3	4.7
id-14833	3	4	10	3.5
id-14834	7	5	7	3.8
id-14835	8	9	18	3.6
id-14836	2	2	5	4.9
id-14837	9	9	10	4.2
id-14838	9	18	11	3.3
id-14839	10	6	17	3.0
id-14840	7	3	20	3.1
id-14841	5	3	18	3.7
id-14842	4	6	25	4.2
id-14843	7	13	14	3.1
id-14844	4	7	1	4.0
id-14845	7	3	2	3.1
id-14846	2	2	26	3.9
id-14847	8	4	11	4.8
id-14848	3	6	5	4.2
id-14849	4	8	10	4.8
id-14850	8	7	2	3.6
id-14851	3	4	19	3.7
id-14852	9	11	14	4.1
id-14853	3	2	24	4.8
id-14854	7	12	16	3.6
id-14855	1	2	17	3.4
id-14856	4	6	5	3.6
id-14857	8	11	26	4.3
id-14858	2	3	4	4.8
id-14859	6	10	15	4.8
id-14860	1	2	3	4.2
id-14861	10	12	6	4.1
id-14862	8	2	13	4.3
id-14863	4	7	23	4.1
id-14864	8	3	13	5.0
id-14865	5	3	11	4.6
id-14866	3	3	27	3.1
id-14867	6	3	15	4.4
id-14868	4	8	30	3.0
id-14869	8	16	4	3.7
id-14870	4	7	22	4.0
id-14871	2	2	2	4.6
id-14872	8	3	5	3.9
id-14873	10	15	13	3.7
id-14874	10	7	20	4.4
id-14875	9	16	21	3.9
id-14876	3	2	20	4.1
id-14877	6	7	13	3.7
id-14878	1	2	20	3.5
id-14879	6	7	23	4.3
id-14880	8	8	6	4.2
id-14881	7	9	22	4.4
id-14882	1	2	29	3.8
id-14883	7	4	30	4.5
id-14884	4	4	25	3.9
id-14885	6	4	13	4.5
id-14886	2	4	20	3.4
id-14887	10	2	9	4.9
id-14888	2	3	28	3.2
id-14889	8	16	15	4.8
id-14890	3	3	12	4.1
id-14891	5	9	22	4.4
id-14892	7	6	12	4.1
id-14893	7	7	21	3.3
id-14894	6	11	17	4.7
id-14895	8	4	7	4.6
id-14896	5	3	28	3.6
id-14897	2	2	2	4.7
id-14898	7	8	30	3.3
id-14899	4	2	25	3.5
id-14900	8	3	5	4.4
id-14901	4	4	18	4.1
id-14902	2	2	21	3.5
id-14903	7	10	18	3.3
id-14904	2	2	10	4.2
id-14905	4	4	21	3.7
id-14906	1	2	10	4.2
id-14907	7	13	10	3.1
id-14908	3	5	28	3.1
id-14909	5	7	22	4.7
id-14910	10	6	23	4.3
id-14911	10	9	20	3.7
id-14912	3	2	4	3.7
id-14913	1	2	14	4.3
id-14914	9	17	28	4.9
id-14915	4	6	26	4.3
id-14916	9	11	29	4.5
id-14917	4	3	21	4.9
id-14918	2	3	4	4.2
id-14919	2	2	30	3.7
id-14920	10	14	30	3.4
id-14921	10	18	11	3.1
id-14922	4	3	20	4.5
id-14923	7	6	2	3.5
id-14924	2	4	14	4.1
id-14925	3	2	23	4.5
id-14926	2	4	15	3.3
id-14927	8	11	20	3.3
id-14928	10	10	27	4.5
id-14929	10	18	9	3.0
id-14930	2	3	20	4.8
id-14931	4	3	7	3.2
id-14932	4	2	5	4.2
id-14933	7	2	10	5.0
id-14934	7	14	17	3.9
id-14935	7	13	19	4.9
id-14936	10	17	25	4.9
id-14937	5	6	14	4.4
id-14938	8	11	23	4.2
id-14939	5	10	18	3.0
id-14940	2	3	27	4.9
id-14941	5	7	8	3.0
id-14942	9	17	5	3.2
id-14943	10	16	25	4.2
id-14944	9	2	25	3.4
id-14945	8	12	5	3.9
id-14946	3	6	14	4.7
id-14947	3	4	22	3.1
id-14948	7	9	26	4.8
id-14949	8	2	8	4.5
id-14950	7	11	22	4.0
id-14951	1	2	15	4.4
id-14952	5	9	15	4.8
id-14953	7	12	27	3.5
id-14954	5	2	18	4.1
id-14955	10	18	13	3.4
id-14956	8	5	18	3.6
id-14957	1	2	1	4.1
id-14958	10	20	25	4.0
id-14959	6	6	15	4.7
id-14960	5	9	29	4.4
id-14961	1	2	4	4.5
id-14962	6	6	3	4.0
id-14963	9	5	29	3.2
id-14964	1	2	2	4.8
id-14965	4	3	12	4.3
id-14966	6	9	10	3.4
id-14967	10	14	28	3.6
id-14968	10	19	23	5.0
id-14969	3	3	12	3.8
id-14970	5	10	23	4.8
id-14971	4	8	20	4.9
id-14972	1	2	8	3.8
id-14973	2	2	1	3.2
id-14974	2	4	1	3.7
id-14975	4	8	13	3.9
id-14976	8	15	9	4.9
id-14977	1	2	29	4.5
id-14978	5	2	28	3.5
id-14979	7	5	18	4.9
id-14980	3	3	18	4.4
id-14981	1	2	24	4.9
id-14982	10	16	9	4.1
id-14983	2	2	4	4.6
id-14984	4	8	29	3.6
id-14985	3	3	11	4.9
id-14986	8	9	27	4.2
id-14987	10	9	8	4.7
id-14988	7	6	19	4.3
id-14989	3	3	15	4.4
id-14990	6	7	3	4.8
id-14991	2	3	8	4.2
id-14992	1	2	30	4.1
id-14993	4	2	12	3.6
id-14994	9	15	19	4.6
id-14995	7	12	19	3.9
id-14996	7	3	30	4.2
id-14997	1	2	25	4.1
id-14998	3	6	27	4.4
id-14999	7	14	15	3.9
id-15000	7	14	11	4.4
id-15001	2	2	4	4.2
id-15002	7	8	2	3.6
id-15003	4	8	10	3.4
id-15004	3	5	12	4.3
id-15005	7	4	10	3.6
id-15006	4	5	20	4.8
id-15007	5	5	7	4.2
id-15008	8	4	2	4.8
id-15009	5	2	24	3.2
id-15010	9	14	7	3.7
id-15011	9	2	7	4.2
id-15012	2	3	8	3.7
id-15013	2	3	8	4.2
id-15014	8	13	25	4.4
id-15015	8	8	4	4.2
id-15016	9	4	7	3.1
id-15017	3	2	28	3.4
id-15018	1	2	30	4.3
id-15019	2	2	2	4.0
id-15020	4	7	27	3.3
id-15021	2	4	6	3.6
id-15022	2	3	1	4.2
id-15023	6	9	3	3.4
id-15024	2	4	13	5.0
id-15025	7	11	21	3.4
id-15026	4	6	6	3.5
id-15027	3	5	3	4.9
id-15028	1	2	1	4.2
id-15029	3	4	3	5.0
id-15030	10	6	25	3.9
id-15031	1	2	6	4.0
id-15032	8	14	2	3.6
id-15033	4	4	23	3.2
id-15034	10	19	11	4.8
id-15035	4	5	25	4.1
id-15036	5	10	12	3.8
id-15037	1	2	17	4.8
id-15038	6	4	6	3.3
id-15039	4	4	4	4.3
id-15040	8	12	2	3.2
id-15041	7	6	10	3.4
id-15042	3	4	7	4.3
id-15043	2	4	23	4.9
id-15044	5	9	19	4.9
id-15045	8	13	3	4.6
id-15046	1	2	8	3.4
id-15047	3	3	11	5.0
id-15048	10	17	5	3.8
id-15049	8	13	10	4.8
id-15050	3	6	28	3.9
id-15051	1	2	8	4.0
id-15052	7	12	4	3.9
id-15053	7	13	28	4.2
id-15054	8	7	29	3.2
id-15055	9	4	27	3.1
id-15056	6	11	24	4.2
id-15057	4	6	13	3.1
id-15058	1	2	21	3.3
id-15059	7	9	23	3.1
id-15060	1	2	16	3.8
id-15061	10	11	14	3.2
id-15062	3	3	15	4.8
id-15063	10	5	1	4.7
id-15064	8	6	14	4.2
id-15065	5	6	3	3.8
id-15066	7	10	3	4.6
id-15067	8	9	19	3.4
id-15068	8	11	17	4.3
id-15069	3	6	28	4.6
id-15070	5	10	14	3.2
id-15071	9	16	4	3.7
id-15072	3	4	30	4.2
id-15073	3	5	15	4.1
id-15074	6	6	3	4.9
id-15075	7	12	3	3.1
id-15076	2	4	7	3.2
id-15077	9	16	16	4.2
id-15078	2	3	6	3.5
id-15079	7	5	11	3.9
id-15080	8	8	16	4.2
id-15081	8	4	12	3.7
id-15082	6	6	14	4.8
id-15083	8	9	25	4.4
id-15084	5	8	1	4.3
id-15085	3	2	3	3.2
id-15086	7	5	20	3.9
id-15087	7	7	8	4.9
id-15088	2	4	24	3.3
id-15089	4	6	28	4.7
id-15090	5	3	12	4.8
id-15091	8	11	23	4.8
id-15092	6	7	22	4.6
id-15093	1	2	5	3.9
id-15094	10	11	20	4.5
id-15095	6	6	17	3.3
id-15096	3	6	20	4.9
id-15097	1	2	9	3.5
id-15098	3	2	28	3.6
id-15099	4	2	2	3.9
id-15100	8	2	12	3.5
id-15101	7	11	13	4.8
id-15102	8	16	21	3.6
id-15103	5	4	15	3.3
id-15104	5	6	27	4.9
id-15105	1	2	12	4.1
id-15106	8	4	8	4.4
id-15107	8	9	21	3.8
id-15108	5	9	14	3.0
id-15109	4	6	16	3.2
id-15110	6	12	2	3.9
id-15111	8	4	3	3.6
id-15112	6	9	10	4.9
id-15113	1	2	1	4.4
id-15114	8	7	23	3.6
id-15115	3	4	1	3.9
id-15116	4	5	11	4.7
id-15117	10	6	28	4.6
id-15118	8	6	29	4.7
id-15119	3	4	20	3.5
id-15120	7	4	22	3.4
id-15121	5	10	7	3.8
id-15122	7	4	10	4.3
id-15123	10	7	8	3.5
id-15124	6	3	8	4.0
id-15125	7	7	13	5.0
id-15126	6	6	22	4.2
id-15127	7	5	6	4.9
id-15128	10	4	20	3.8
id-15129	3	5	10	4.3
id-15130	1	2	6	3.2
id-15131	6	9	9	3.9
id-15132	3	6	18	3.8
id-15133	10	5	19	3.1
id-15134	8	9	26	4.5
id-15135	7	5	21	3.6
id-15136	4	3	8	4.1
id-15137	5	10	27	4.7
id-15138	10	7	18	4.4
id-15139	3	6	15	4.4
id-15140	3	6	7	4.6
id-15141	7	7	9	4.0
id-15142	8	5	12	3.4
id-15143	10	5	13	4.1
id-15144	5	5	14	4.8
id-15145	9	9	16	3.6
id-15146	8	4	23	3.1
id-15147	9	13	17	4.3
id-15148	10	13	14	4.9
id-15149	2	3	24	3.4
id-15150	4	3	22	3.7
id-15151	2	2	3	3.4
id-15152	4	5	22	4.1
id-15153	3	5	12	4.2
id-15154	10	13	18	3.2
id-15155	5	4	29	4.3
id-15156	5	4	25	4.6
id-15157	10	9	20	3.9
id-15158	2	3	14	4.5
id-15159	10	5	9	3.2
id-15160	6	3	21	3.2
id-15161	9	8	23	4.8
id-15162	4	2	15	4.0
id-15163	6	6	29	4.9
id-15164	7	10	11	3.1
id-15165	1	2	19	3.7
id-15166	3	4	30	4.0
id-15167	2	3	4	4.8
id-15168	7	8	29	4.8
id-15169	9	15	6	4.0
id-15170	3	3	12	3.6
id-15171	4	5	16	4.9
id-15172	3	6	26	3.4
id-15173	9	9	27	4.6
id-15174	4	4	29	4.2
id-15175	1	2	18	3.9
id-15176	6	4	22	4.6
id-15177	4	3	12	3.9
id-15178	5	2	5	4.6
id-15179	10	17	21	4.5
id-15180	6	8	9	4.6
id-15181	6	2	3	4.6
id-15182	1	2	6	4.6
id-15183	7	8	12	4.0
id-15184	7	3	7	4.0
id-15185	5	4	27	3.9
id-15186	2	2	27	4.0
id-15187	8	10	27	4.5
id-15188	1	2	19	3.2
id-15189	4	7	23	3.3
id-15190	10	15	24	3.1
id-15191	1	2	6	4.0
id-15192	8	16	19	3.4
id-15193	3	3	25	3.1
id-15194	4	8	12	4.1
id-15195	2	3	19	3.4
id-15196	2	4	20	3.1
id-15197	2	2	11	3.3
id-15198	3	5	26	3.9
id-15199	5	7	3	3.7
id-15200	7	3	17	4.9
id-15201	8	14	12	4.1
id-15202	9	2	10	4.8
id-15203	2	3	5	3.1
id-15204	9	9	21	4.3
id-15205	3	4	2	3.8
id-15206	10	6	22	4.8
id-15207	3	3	30	3.9
id-15208	9	8	15	3.5
id-15209	2	3	26	4.5
id-15210	6	2	12	4.2
id-15211	1	2	19	4.3
id-15212	1	2	9	3.2
id-15213	10	8	10	3.1
id-15214	1	2	4	3.0
id-15215	5	8	27	3.9
id-15216	8	6	13	4.2
id-15217	3	6	18	5.0
id-15218	10	6	5	4.9
id-15219	1	2	10	4.2
id-15220	5	9	11	3.9
id-15221	5	4	14	3.5
id-15222	1	2	12	4.1
id-15223	5	7	19	4.0
id-15224	1	2	23	4.0
id-15225	5	7	25	3.5
id-15226	4	8	15	4.8
id-15227	9	15	1	4.5
id-15228	2	2	4	4.6
id-15229	2	2	11	3.1
id-15230	6	3	20	3.7
id-15231	9	17	28	4.0
id-15232	1	2	28	3.5
id-15233	7	14	13	4.1
id-15234	3	4	16	3.3
id-15235	1	2	26	3.8
id-15236	7	5	5	3.2
id-15237	10	7	9	4.8
id-15238	4	2	10	3.6
id-15239	1	2	28	4.0
id-15240	2	4	19	3.1
id-15241	4	4	16	3.3
id-15242	10	19	22	3.9
id-15243	7	4	21	4.5
id-15244	1	2	6	3.2
id-15245	4	7	19	4.6
id-15246	9	8	17	4.5
id-15247	7	9	17	4.3
id-15248	6	7	17	4.5
id-15249	6	7	2	4.0
id-15250	1	2	23	4.5
id-15251	2	3	21	3.8
id-15252	7	3	17	4.9
id-15253	6	11	15	3.3
id-15254	9	18	22	3.4
id-15255	10	6	11	4.9
id-15256	2	3	18	4.3
id-15257	7	12	2	5.0
id-15258	1	2	23	3.5
id-15259	10	20	24	4.8
id-15260	4	4	20	3.2
id-15261	7	8	8	3.6
id-15262	1	2	9	3.7
id-15263	8	10	15	3.6
id-15264	4	5	26	4.8
id-15265	7	13	2	4.7
id-15266	1	2	22	4.3
id-15267	4	3	6	4.8
id-15268	7	3	27	3.1
id-15269	4	3	19	3.0
id-15270	3	4	24	3.3
id-15271	1	2	29	4.2
id-15272	7	3	22	3.1
id-15273	1	2	6	3.8
id-15274	10	5	22	3.3
id-15275	7	14	11	4.2
id-15276	8	11	25	3.3
id-15277	5	6	26	4.6
id-15278	3	3	3	4.9
id-15279	8	6	7	3.6
id-15280	2	3	30	3.3
id-15281	8	12	25	3.5
id-15282	2	3	28	4.5
id-15283	5	5	29	3.6
id-15284	5	10	14	4.0
id-15285	7	13	7	4.8
id-15286	10	8	21	3.2
id-15287	7	14	26	4.2
id-15288	7	13	15	3.5
id-15289	4	8	4	3.8
id-15290	8	9	9	4.8
id-15291	5	8	4	4.8
id-15292	1	2	23	4.3
id-15293	3	4	25	3.1
id-15294	3	6	9	3.4
id-15295	6	8	17	4.6
id-15296	4	5	13	3.6
id-15297	2	2	22	3.8
id-15298	1	2	13	4.1
id-15299	1	2	23	4.1
id-15300	5	4	16	3.7
id-15301	4	6	30	3.1
id-15302	9	8	14	3.2
id-15303	6	5	6	3.8
id-15304	8	2	29	3.2
id-15305	10	14	13	3.7
id-15306	3	6	29	3.2
id-15307	1	2	11	4.2
id-15308	3	5	10	4.0
id-15309	9	7	15	4.3
id-15310	9	6	2	3.8
id-15311	9	6	24	3.2
id-15312	2	4	2	4.6
id-15313	7	13	11	3.0
id-15314	2	2	3	3.8
id-15315	1	2	22	3.5
id-15316	8	8	15	3.1
id-15317	9	15	25	3.1
id-15318	7	10	30	3.6
id-15319	4	5	30	3.7
id-15320	2	2	5	3.6
id-15321	7	2	11	4.5
id-15322	10	5	11	3.2
id-15323	6	11	9	3.9
id-15324	5	4	22	4.4
id-15325	2	4	21	4.8
id-15326	4	3	15	3.7
id-15327	9	7	11	4.9
id-15328	9	15	30	3.4
id-15329	5	10	6	4.9
id-15330	9	3	26	3.4
id-15331	6	12	26	4.6
id-15332	9	4	19	3.5
id-15333	1	2	15	4.0
id-15334	1	2	8	4.0
id-15335	4	3	1	4.8
id-15336	2	3	24	3.4
id-15337	4	3	15	3.4
id-15338	10	17	8	3.4
id-15339	6	12	27	4.7
id-15340	8	3	8	4.0
id-15341	5	10	23	4.0
id-15342	10	19	20	4.7
id-15343	8	14	3	4.5
id-15344	9	6	12	3.7
id-15345	5	10	17	3.7
id-15346	2	3	17	3.8
id-15347	1	2	4	4.6
id-15348	4	4	26	4.9
id-15349	6	12	2	4.9
id-15350	7	7	29	3.9
id-15351	1	2	18	3.1
id-15352	9	3	25	4.5
id-15353	6	5	27	3.4
id-15354	7	5	20	4.3
id-15355	6	12	5	4.4
id-15356	6	2	6	3.2
id-15357	5	7	4	4.4
id-15358	2	4	30	4.4
id-15359	10	12	27	4.2
id-15360	1	2	14	4.8
id-15361	4	6	28	4.1
id-15362	10	13	25	4.2
id-15363	3	4	6	3.1
id-15364	7	3	16	3.4
id-15365	1	2	2	3.5
id-15366	10	9	22	4.6
id-15367	2	4	7	4.2
id-15368	6	6	1	3.3
id-15369	9	6	3	3.1
id-15370	3	5	5	3.2
id-15371	4	8	26	3.6
id-15372	9	2	24	4.1
id-15373	6	12	18	3.6
id-15374	4	3	27	3.7
id-15375	10	5	23	4.4
id-15376	2	3	14	4.0
id-15377	6	9	30	4.1
id-15378	7	7	28	4.6
id-15379	9	2	26	4.3
id-15380	3	2	2	4.9
id-15381	7	2	29	4.7
id-15382	2	3	16	3.8
id-15383	5	3	25	4.4
id-15384	1	2	7	3.7
id-15385	6	9	2	3.1
id-15386	3	5	18	4.9
id-15387	1	2	7	3.1
id-15388	10	15	3	4.5
id-15389	6	12	20	3.8
id-15390	9	16	5	4.0
id-15391	6	7	22	3.2
id-15392	1	2	4	3.6
id-15393	9	2	26	3.4
id-15394	7	9	18	3.9
id-15395	8	6	2	4.9
id-15396	10	19	5	3.6
id-15397	8	7	12	4.1
id-15398	3	5	2	3.5
id-15399	8	12	8	4.9
id-15400	4	5	9	3.3
id-15401	1	2	13	4.5
id-15402	8	2	24	4.8
id-15403	10	12	29	4.4
id-15404	2	4	20	3.4
id-15405	1	2	26	3.7
id-15406	5	6	19	4.6
id-15407	3	2	27	5.0
id-15408	2	4	20	4.7
id-15409	1	2	21	3.5
id-15410	3	6	5	3.1
id-15411	7	2	6	3.3
id-15412	4	7	3	4.4
id-15413	4	5	8	3.8
id-15414	2	2	26	3.4
id-15415	10	20	9	3.2
id-15416	8	12	20	3.8
id-15417	3	4	19	4.7
id-15418	9	10	29	3.0
id-15419	7	3	22	5.0
id-15420	7	4	29	3.1
id-15421	2	4	21	3.2
id-15422	8	9	7	3.3
id-15423	4	8	29	3.3
id-15424	8	16	9	3.6
id-15425	9	18	5	3.8
id-15426	2	4	17	4.5
id-15427	8	12	29	4.3
id-15428	1	2	26	3.2
id-15429	1	2	5	4.1
id-15430	8	8	14	3.7
id-15431	8	12	7	3.3
id-15432	7	9	7	4.0
id-15433	6	10	27	4.3
id-15434	5	4	21	4.8
id-15435	8	9	19	3.7
id-15436	2	4	13	3.1
id-15437	9	14	18	4.0
id-15438	1	2	7	3.6
id-15439	4	3	27	4.5
id-15440	7	5	16	4.1
id-15441	8	6	14	3.7
id-15442	7	14	29	3.6
id-15443	6	7	11	3.4
id-15444	1	2	16	3.4
id-15445	8	14	5	4.1
id-15446	10	17	12	3.1
id-15447	8	6	20	3.7
id-15448	4	4	15	4.6
id-15449	4	6	8	4.0
id-15450	9	15	17	4.5
id-15451	9	12	6	5.0
id-15452	1	2	19	3.5
id-15453	10	4	18	5.0
id-15454	5	8	3	3.3
id-15455	7	9	13	4.5
id-15456	4	2	17	3.5
id-15457	1	2	26	3.3
id-15458	8	15	13	3.7
id-15459	10	10	9	3.4
id-15460	3	5	19	4.7
id-15461	6	3	9	4.4
id-15462	4	7	24	3.1
id-15463	10	17	12	4.9
id-15464	10	16	14	3.7
id-15465	6	9	27	3.7
id-15466	10	8	4	4.8
id-15467	9	4	6	4.2
id-15468	4	3	6	4.8
id-15469	10	20	15	3.7
id-15470	10	17	3	4.4
id-15471	1	2	19	4.1
id-15472	9	10	2	3.8
id-15473	10	13	17	3.4
id-15474	2	4	28	3.5
id-15475	3	2	15	4.6
id-15476	10	5	17	4.0
id-15477	3	3	14	3.5
id-15478	7	13	3	4.6
id-15479	6	12	19	3.6
id-15480	4	4	8	4.9
id-15481	2	2	30	3.8
id-15482	7	10	15	3.7
id-15483	8	7	12	3.2
id-15484	8	16	19	4.4
id-15485	8	7	5	3.3
id-15486	7	10	26	3.8
id-15487	8	10	30	3.3
id-15488	10	11	26	4.3
id-15489	10	18	4	4.2
id-15490	7	8	14	4.5
id-15491	1	2	25	3.9
id-15492	8	7	7	3.6
id-15493	1	2	29	4.6
id-15494	1	2	22	4.4
id-15495	4	5	6	4.1
id-15496	4	6	29	3.7
id-15497	1	2	13	3.9
id-15498	8	11	25	3.3
id-15499	5	2	21	3.5
id-15500	3	2	4	4.2
id-15501	1	2	25	4.6
id-15502	8	2	19	4.7
id-15503	6	8	7	4.9
id-15504	4	7	21	3.2
id-15505	9	10	19	3.5
id-15506	6	5	21	4.0
id-15507	9	11	15	3.8
id-15508	10	12	22	4.1
id-15509	3	3	22	4.0
id-15510	3	4	12	4.1
id-15511	6	11	2	4.9
id-15512	4	2	8	3.1
id-15513	8	4	16	3.7
id-15514	4	8	27	3.2
id-15515	3	4	6	3.2
id-15516	6	12	24	3.6
id-15517	6	8	20	3.8
id-15518	5	3	15	4.1
id-15519	3	3	11	4.9
id-15520	6	6	27	4.2
id-15521	3	3	10	4.9
id-15522	9	4	21	4.7
id-15523	3	6	25	4.3
id-15524	3	2	6	4.5
id-15525	7	10	17	4.9
id-15526	6	2	14	4.2
id-15527	2	4	17	4.1
id-15528	4	8	18	3.6
id-15529	3	3	16	3.7
id-15530	4	8	1	4.2
id-15531	8	10	4	4.0
id-15532	2	2	11	3.9
id-15533	4	7	26	5.0
id-15534	3	3	12	4.9
id-15535	3	5	7	4.3
id-15536	5	4	4	3.8
id-15537	8	5	21	4.6
id-15538	5	10	15	3.8
id-15539	3	3	25	4.2
id-15540	3	4	26	3.2
id-15541	3	2	15	4.6
id-15542	9	5	6	3.9
id-15543	1	2	12	4.5
id-15544	1	2	21	3.7
id-15545	9	6	18	4.3
id-15546	2	3	1	3.6
id-15547	8	2	16	5.0
id-15548	7	13	12	3.8
id-15549	8	4	27	5.0
id-15550	3	3	15	5.0
id-15551	2	3	2	3.4
id-15552	4	4	13	4.3
id-15553	6	9	11	4.0
id-15554	4	2	28	3.8
id-15555	4	3	23	4.1
id-15556	2	2	5	4.0
id-15557	10	9	15	3.7
id-15558	7	5	3	3.7
id-15559	1	2	30	3.9
id-15560	8	5	9	4.9
id-15561	3	2	30	4.6
id-15562	3	5	18	3.9
id-15563	4	8	3	4.7
id-15564	6	12	3	3.2
id-15565	5	7	9	4.0
id-15566	1	2	29	4.7
id-15567	1	2	21	4.8
id-15568	8	14	11	5.0
id-15569	2	3	30	4.6
id-15570	5	3	25	3.4
id-15571	4	7	29	4.9
id-15572	3	2	1	3.0
id-15573	7	6	3	3.5
id-15574	9	6	28	4.1
id-15575	2	4	25	3.9
id-15576	10	15	21	3.7
id-15577	9	16	7	3.6
id-15578	5	7	24	3.1
id-15579	3	4	8	5.0
id-15580	7	14	16	4.0
id-15581	9	6	7	3.1
id-15582	10	6	8	4.7
id-15583	9	11	16	3.6
id-15584	3	4	14	4.0
id-15585	9	18	11	4.1
id-15586	4	8	9	4.5
id-15587	3	4	27	4.5
id-15588	4	2	8	3.7
id-15589	8	4	11	3.8
id-15590	10	5	24	4.2
id-15591	7	3	2	3.3
id-15592	1	2	14	4.0
id-15593	1	2	10	3.1
id-15594	2	4	18	3.4
id-15595	3	5	8	4.5
id-15596	4	4	12	3.8
id-15597	1	2	26	3.7
id-15598	3	2	21	4.6
id-15599	5	3	25	4.7
id-15600	8	13	20	4.2
id-15601	5	9	2	3.4
id-15602	5	9	9	4.4
id-15603	10	10	11	4.9
id-15604	7	3	9	4.6
id-15605	10	17	20	3.7
id-15606	6	8	12	4.3
id-15607	4	2	26	3.7
id-15608	5	10	9	4.4
id-15609	6	2	11	4.4
id-15610	8	15	6	5.0
id-15611	6	10	26	4.1
id-15612	9	7	9	3.4
id-15613	9	6	19	3.5
id-15614	3	6	5	4.3
id-15615	2	3	24	4.0
id-15616	8	8	26	3.3
id-15617	10	6	23	4.9
id-15618	6	7	14	4.5
id-15619	8	14	7	3.7
id-15620	8	8	20	5.0
id-15621	8	5	22	3.9
id-15622	1	2	20	3.4
id-15623	3	6	11	4.1
id-15624	6	12	8	3.8
id-15625	1	2	15	4.8
id-15626	7	7	29	4.9
id-15627	2	4	6	3.7
id-15628	3	3	20	3.7
id-15629	7	7	20	4.8
id-15630	2	4	9	3.4
id-15631	5	8	18	3.5
id-15632	7	3	13	5.0
id-15633	10	13	9	4.5
id-15634	6	9	15	4.3
id-15635	6	4	7	3.1
id-15636	2	2	4	4.7
id-15637	9	14	10	3.4
id-15638	8	13	16	3.3
id-15639	1	2	28	4.7
id-15640	4	7	29	4.7
id-15641	5	4	15	3.6
id-15642	2	2	27	3.6
id-15643	3	3	24	4.0
id-15644	2	3	24	4.3
id-15645	1	2	13	4.9
id-15646	9	8	21	4.6
id-15647	10	11	24	4.5
id-15648	8	4	30	4.5
id-15649	2	2	18	4.1
id-15650	7	11	29	5.0
id-15651	4	7	11	3.8
id-15652	10	15	19	4.1
id-15653	2	2	3	4.5
id-15654	5	4	22	4.8
id-15655	3	2	22	3.5
id-15656	10	11	23	4.5
id-15657	10	15	29	3.3
id-15658	1	2	30	3.3
id-15659	2	3	26	3.7
id-15660	2	2	28	4.2
id-15661	2	4	1	3.2
id-15662	2	3	27	4.1
id-15663	3	5	22	3.1
id-15664	9	12	9	4.4
id-15665	7	10	5	3.9
id-15666	2	3	23	3.6
id-15667	3	5	11	4.3
id-15668	2	3	25	4.5
id-15669	6	4	5	3.8
id-15670	10	10	3	4.6
id-15671	8	14	2	3.7
id-15672	2	2	7	3.4
id-15673	9	17	26	3.0
id-15674	5	4	28	4.3
id-15675	9	7	6	3.9
id-15676	7	5	16	3.4
id-15677	9	11	18	3.9
id-15678	3	3	6	4.6
id-15679	6	2	12	4.9
id-15680	10	20	19	3.5
id-15681	7	4	3	4.8
id-15682	9	8	24	3.4
id-15683	4	4	24	3.1
id-15684	7	11	12	3.5
id-15685	1	2	30	4.7
id-15686	6	7	18	3.8
id-15687	8	12	15	4.4
id-15688	8	9	11	4.9
id-15689	2	3	13	4.0
id-15690	2	3	27	4.0
id-15691	6	9	17	3.2
id-15692	10	6	17	3.1
id-15693	4	6	8	4.8
id-15694	9	10	1	3.7
id-15695	6	2	30	3.5
id-15696	1	2	15	4.7
id-15697	5	2	7	4.0
id-15698	4	8	17	3.4
id-15699	8	2	9	3.7
id-15700	10	15	6	3.5
id-15701	2	2	27	4.8
id-15702	7	13	3	4.3
id-15703	4	7	1	3.8
id-15704	6	7	14	4.4
id-15705	5	3	6	3.9
id-15706	9	8	21	4.4
id-15707	2	2	7	3.9
id-15708	8	10	25	3.8
id-15709	10	15	2	4.8
id-15710	3	5	29	3.5
id-15711	8	14	21	3.6
id-15712	4	4	20	4.8
id-15713	1	2	3	4.9
id-15714	7	2	24	3.1
id-15715	10	14	2	4.6
id-15716	8	7	20	3.4
id-15717	8	13	15	4.5
id-15718	2	4	20	3.7
id-15719	5	5	15	4.0
id-15720	10	17	24	4.8
id-15721	9	10	1	4.3
id-15722	9	11	12	3.2
id-15723	5	6	21	4.1
id-15724	3	4	24	4.3
id-15725	5	6	11	3.6
id-15726	5	4	2	4.4
id-15727	8	4	23	4.7
id-15728	2	4	24	3.3
id-15729	3	4	25	4.4
id-15730	9	7	22	4.8
id-15731	8	7	16	3.3
id-15732	3	6	21	3.4
id-15733	5	5	9	4.4
id-15734	8	4	5	4.0
id-15735	6	9	27	4.3
id-15736	8	11	27	4.8
id-15737	6	10	26	3.9
id-15738	10	10	4	4.2
id-15739	4	7	8	3.5
id-15740	9	2	15	4.1
id-15741	4	4	21	4.2
id-15742	8	16	19	3.4
id-15743	3	3	22	4.6
id-15744	6	3	22	3.4
id-15745	1	2	18	4.2
id-15746	4	2	27	4.5
id-15747	3	4	13	4.4
id-15748	2	3	17	3.7
id-15749	2	4	14	4.8
id-15750	5	2	24	4.4
id-15751	5	10	26	4.6
id-15752	3	3	24	4.0
id-15753	1	2	18	3.5
id-15754	7	8	18	4.8
id-15755	1	2	23	4.0
id-15756	2	3	9	3.2
id-15757	9	5	28	4.5
id-15758	3	5	15	4.4
id-15759	9	8	2	3.1
id-15760	5	8	28	3.2
id-15761	7	2	27	4.9
id-15762	10	16	23	4.2
id-15763	9	14	24	3.3
id-15764	2	3	7	4.8
id-15765	8	5	11	4.2
id-15766	6	7	25	3.6
id-15767	3	4	26	4.4
id-15768	4	8	21	4.1
id-15769	7	13	29	5.0
id-15770	7	4	23	4.6
id-15771	4	3	6	4.9
id-15772	5	9	28	4.7
id-15773	4	7	1	3.6
id-15774	4	2	28	4.4
id-15775	7	3	7	3.1
id-15776	3	5	4	4.1
id-15777	2	3	19	3.8
id-15778	8	14	23	4.8
id-15779	9	12	2	3.9
id-15780	7	10	5	4.0
id-15781	1	2	13	4.2
id-15782	1	2	14	3.8
id-15783	2	4	26	3.6
id-15784	10	3	21	5.0
id-15785	4	3	4	3.9
id-15786	2	2	27	3.9
id-15787	2	2	5	3.4
id-15788	10	12	7	3.0
id-15789	10	6	10	4.3
id-15790	9	4	6	3.8
id-15791	9	11	24	4.6
id-15792	9	12	13	3.0
id-15793	5	4	19	5.0
id-15794	6	9	13	4.8
id-15795	2	2	12	4.3
id-15796	6	2	3	3.5
id-15797	4	5	30	4.1
id-15798	10	19	7	3.9
id-15799	9	3	6	4.8
id-15800	4	3	17	4.4
id-15801	9	5	27	3.6
id-15802	6	10	20	3.0
id-15803	6	10	27	4.7
id-15804	5	2	1	4.5
id-15805	5	9	12	3.8
id-15806	3	2	27	3.3
id-15807	3	6	5	3.0
id-15808	8	8	7	4.7
id-15809	2	2	15	4.2
id-15810	8	15	7	4.8
id-15811	6	3	13	4.7
id-15812	2	3	28	3.1
id-15813	5	10	16	3.0
id-15814	10	11	24	4.3
id-15815	7	10	9	3.4
id-15816	5	5	5	3.1
id-15817	8	6	7	4.4
id-15818	3	5	14	3.6
id-15819	10	4	8	3.5
id-15820	1	2	20	3.3
id-15821	5	7	20	4.3
id-15822	3	2	15	4.3
id-15823	8	16	15	5.0
id-15824	6	4	4	5.0
id-15825	4	8	27	3.4
id-15826	9	3	27	4.1
id-15827	7	13	9	4.8
id-15828	7	12	18	4.8
id-15829	4	6	2	3.3
id-15830	5	2	29	4.9
id-15831	8	2	17	3.4
id-15832	5	9	11	4.9
id-15833	2	2	26	3.1
id-15834	7	9	4	3.2
id-15835	7	6	18	4.8
id-15836	3	5	24	4.7
id-15837	10	4	29	3.5
id-15838	5	5	12	4.7
id-15839	10	18	21	5.0
id-15840	6	3	1	5.0
id-15841	4	5	9	3.8
id-15842	9	17	11	3.5
id-15843	7	8	26	4.8
id-15844	7	7	4	3.7
id-15845	9	6	6	3.6
id-15846	3	4	7	4.9
id-15847	8	11	10	4.5
id-15848	6	8	12	4.4
id-15849	5	4	24	3.5
id-15850	8	5	11	3.0
id-15851	4	6	24	3.8
id-15852	7	6	19	3.4
id-15853	7	10	5	3.1
id-15854	9	8	7	3.8
id-15855	2	4	2	3.8
id-15856	4	3	9	4.2
id-15857	6	12	3	4.8
id-15858	5	10	26	3.2
id-15859	5	4	25	3.6
id-15860	5	8	7	4.2
id-15861	8	9	26	3.4
id-15862	3	5	15	4.3
id-15863	4	6	12	4.4
id-15864	8	11	3	4.2
id-15865	3	3	12	4.8
id-15866	1	2	3	4.1
id-15867	4	2	18	3.2
id-15868	9	9	19	4.8
id-15869	8	12	19	3.7
id-15870	4	3	26	3.1
id-15871	4	5	23	4.1
id-15872	10	3	6	4.9
id-15873	1	2	29	4.6
id-15874	10	14	30	4.9
id-15875	10	4	17	5.0
id-15876	7	12	29	4.4
id-15877	8	3	19	3.2
id-15878	4	2	14	3.6
id-15879	8	11	9	3.9
id-15880	5	9	13	4.4
id-15881	10	3	9	3.0
id-15882	2	4	18	3.2
id-15883	9	11	7	4.6
id-15884	3	5	3	3.5
id-15885	5	9	15	3.4
id-15886	3	5	9	4.5
id-15887	8	7	4	3.1
id-15888	10	9	24	4.0
id-15889	8	16	15	3.4
id-15890	8	8	7	4.1
id-15891	7	4	18	3.9
id-15892	10	20	19	3.3
id-15893	10	3	19	4.9
id-15894	10	4	29	3.2
id-15895	4	3	3	4.0
id-15896	5	8	16	3.7
id-15897	10	11	25	3.3
id-15898	1	2	9	3.6
id-15899	8	7	11	4.6
id-15900	7	5	27	4.6
id-15901	1	2	22	3.1
id-15902	1	2	5	4.8
id-15903	8	8	25	3.4
id-15904	9	3	6	4.0
id-15905	5	5	28	3.9
id-15906	9	2	16	3.8
id-15907	8	3	15	4.3
id-15908	1	2	25	3.5
id-15909	4	5	19	3.3
id-15910	5	9	28	4.0
id-15911	9	8	20	4.0
id-15912	7	7	9	3.1
id-15913	6	2	27	4.9
id-15914	2	2	22	4.8
id-15915	2	4	17	4.1
id-15916	9	17	6	4.2
id-15917	3	5	23	4.7
id-15918	9	13	6	3.3
id-15919	6	10	22	4.5
id-15920	6	9	26	4.2
id-15921	2	3	3	4.0
id-15922	7	8	5	4.4
id-15923	5	2	28	4.4
id-15924	4	3	22	4.1
id-15925	1	2	13	4.6
id-15926	7	6	22	4.9
id-15927	4	3	24	3.9
id-15928	10	13	20	3.9
id-15929	1	2	9	3.1
id-15930	9	18	9	4.2
id-15931	7	7	20	3.1
id-15932	9	9	14	4.2
id-15933	2	2	3	4.8
id-15934	7	6	22	4.8
id-15935	7	4	27	3.3
id-15936	6	4	19	4.9
id-15937	10	16	14	3.7
id-15938	10	5	9	4.1
id-15939	8	5	16	3.0
id-15940	2	2	3	4.5
id-15941	5	8	1	3.7
id-15942	9	3	22	4.7
id-15943	7	12	4	3.6
id-15944	10	17	25	4.0
id-15945	6	11	23	3.7
id-15946	9	18	27	4.9
id-15947	7	3	4	3.9
id-15948	1	2	27	5.0
id-15949	8	2	12	4.8
id-15950	6	10	14	4.3
id-15951	9	10	4	4.5
id-15952	10	2	9	3.8
id-15953	10	12	21	3.2
id-15954	7	6	22	3.2
id-15955	8	7	25	3.8
id-15956	8	14	15	3.8
id-15957	5	3	19	4.0
id-15958	4	7	19	3.5
id-15959	5	6	15	4.4
id-15960	9	12	5	4.6
id-15961	10	6	12	3.1
id-15962	3	3	7	4.2
id-15963	9	3	11	3.6
id-15964	4	4	1	3.2
id-15965	1	2	12	3.1
id-15966	2	2	16	4.6
id-15967	3	2	30	4.2
id-15968	1	2	6	4.6
id-15969	8	12	9	3.4
id-15970	1	2	19	3.2
id-15971	10	20	10	4.3
id-15972	10	13	24	3.5
id-15973	10	5	5	4.1
id-15974	9	3	18	4.9
id-15975	9	16	10	3.1
id-15976	1	2	24	3.5
id-15977	3	3	20	4.9
id-15978	2	3	27	4.6
id-15979	10	6	16	3.6
id-15980	4	2	26	4.1
id-15981	8	10	9	3.6
id-15982	6	6	15	4.8
id-15983	3	2	13	4.1
id-15984	10	3	5	3.2
id-15985	7	5	14	4.6
id-15986	9	13	26	4.1
id-15987	6	11	7	3.6
id-15988	3	6	6	3.6
id-15989	9	16	17	3.8
id-15990	3	5	18	3.4
id-15991	1	2	14	4.4
id-15992	3	5	7	3.0
id-15993	8	2	4	3.2
id-15994	6	3	12	3.8
id-15995	3	6	28	4.0
id-15996	6	8	25	3.9
id-15997	9	11	23	3.7
id-15998	5	6	2	4.5
id-15999	4	3	18	3.1
id-16000	2	4	11	4.6
id-16001	1	2	13	3.5
id-16002	6	11	14	4.9
id-16003	3	3	12	4.8
id-16004	4	2	1	4.4
id-16005	2	4	21	3.6
id-16006	3	5	27	3.8
id-16007	4	3	19	4.5
id-16008	9	4	13	3.6
id-16009	2	2	1	4.4
id-16010	1	2	22	4.0
id-16011	7	7	4	3.6
id-16012	3	4	16	4.3
id-16013	5	7	15	3.0
id-16014	10	10	26	4.9
id-16015	10	2	5	4.7
id-16016	2	4	14	3.2
id-16017	4	6	14	3.2
id-16018	10	2	2	4.1
id-16019	1	2	2	4.7
id-16020	1	2	26	4.8
id-16021	1	2	19	3.6
id-16022	10	10	21	4.4
id-16023	8	10	11	3.2
id-16024	8	3	18	4.3
id-16025	9	7	5	3.5
id-16026	6	5	5	4.8
id-16027	9	9	26	4.2
id-16028	1	2	29	3.3
id-16029	8	15	24	4.3
id-16030	5	5	25	3.0
id-16031	7	10	24	3.8
id-16032	10	8	20	4.6
id-16033	5	5	21	4.1
id-16034	5	9	2	4.1
id-16035	2	4	9	4.1
id-16036	7	6	22	4.3
id-16037	2	4	23	4.7
id-16038	3	5	25	3.1
id-16039	8	4	6	3.9
id-16040	4	5	23	4.8
id-16041	6	9	14	3.4
id-16042	2	4	27	4.8
id-16043	1	2	27	4.7
id-16044	7	2	11	3.6
id-16045	1	2	5	3.1
id-16046	9	6	9	4.7
id-16047	10	12	12	4.1
id-16048	1	2	12	3.5
id-16049	6	10	29	3.3
id-16050	7	14	24	3.3
id-16051	1	2	17	4.3
id-16052	4	2	22	4.7
id-16053	1	2	30	4.2
id-16054	9	9	3	4.0
id-16055	6	2	25	3.3
id-16056	9	14	3	4.4
id-16057	10	18	16	4.8
id-16058	9	14	15	3.4
id-16059	1	2	21	4.6
id-16060	2	4	3	3.5
id-16061	2	4	4	3.9
id-16062	1	2	13	3.9
id-16063	1	2	12	3.2
id-16064	5	9	21	4.6
id-16065	5	8	7	3.0
id-16066	2	4	8	3.2
id-16067	5	2	15	4.2
id-16068	6	10	26	3.4
id-16069	9	7	2	4.4
id-16070	7	2	28	4.4
id-16071	5	8	3	3.0
id-16072	6	3	24	3.8
id-16073	10	9	3	4.6
id-16074	9	14	22	4.8
id-16075	10	13	17	3.8
id-16076	8	12	19	3.7
id-16077	4	2	8	5.0
id-16078	4	6	2	3.5
id-16079	2	4	18	3.3
id-16080	6	9	28	3.9
id-16081	3	6	2	4.5
id-16082	3	5	8	4.1
id-16083	3	2	23	3.9
id-16084	9	7	9	4.6
id-16085	2	3	15	3.8
id-16086	7	11	14	3.3
id-16087	2	3	16	4.6
id-16088	8	10	4	3.5
id-16089	6	12	3	4.4
id-16090	5	9	13	3.5
id-16091	1	2	18	3.2
id-16092	5	9	10	3.8
id-16093	6	10	16	3.7
id-16094	6	11	18	4.0
id-16095	6	12	14	3.8
id-16096	2	2	18	4.3
id-16097	9	13	23	4.8
id-16098	8	2	4	4.1
id-16099	6	3	25	3.7
id-16100	10	17	23	4.0
id-16101	9	6	12	4.3
id-16102	7	12	7	3.5
id-16103	3	3	17	3.4
id-16104	7	14	10	4.5
id-16105	3	5	12	4.7
id-16106	5	6	22	4.1
id-16107	1	2	13	4.9
id-16108	1	2	11	4.7
id-16109	3	4	23	4.0
id-16110	2	4	18	4.1
id-16111	7	13	17	4.9
id-16112	6	9	30	4.0
id-16113	2	3	13	3.0
id-16114	1	2	26	3.3
id-16115	6	5	4	4.1
id-16116	10	11	22	4.4
id-16117	9	12	19	3.6
id-16118	10	12	11	4.9
id-16119	1	2	21	4.7
id-16120	1	2	12	3.3
id-16121	4	5	28	4.8
id-16122	4	3	9	4.1
id-16123	2	3	17	4.3
id-16124	3	5	15	4.6
id-16125	4	2	29	4.7
id-16126	8	5	3	3.4
id-16127	9	17	5	4.1
id-16128	8	7	17	4.0
id-16129	7	9	14	3.2
id-16130	9	9	21	4.4
id-16131	8	14	15	4.8
id-16132	7	13	13	4.6
id-16133	10	16	21	4.0
id-16134	8	5	18	3.0
id-16135	6	3	25	3.8
id-16136	9	17	6	4.6
id-16137	1	2	22	3.4
id-16138	1	2	5	4.3
id-16139	5	5	9	5.0
id-16140	7	3	12	3.0
id-16141	8	11	22	4.5
id-16142	5	10	24	4.4
id-16143	5	9	14	3.5
id-16144	7	9	1	4.3
id-16145	10	16	10	4.1
id-16146	6	11	13	4.8
id-16147	2	3	15	4.1
id-16148	9	7	4	3.6
id-16149	1	2	26	3.1
id-16150	5	10	2	3.8
id-16151	7	10	24	3.9
id-16152	6	5	14	3.3
id-16153	9	7	19	3.5
id-16154	6	10	22	3.3
id-16155	4	8	13	4.1
id-16156	8	3	12	4.1
id-16157	2	4	14	4.3
id-16158	6	12	8	4.5
id-16159	4	6	23	3.4
id-16160	5	3	24	3.6
id-16161	6	9	7	3.3
id-16162	10	3	6	3.0
id-16163	8	15	4	4.2
id-16164	9	8	4	5.0
id-16165	5	8	29	4.4
id-16166	6	10	2	4.4
id-16167	1	2	20	4.6
id-16168	8	16	22	3.5
id-16169	2	4	20	4.0
id-16170	10	4	22	3.3
id-16171	8	3	17	4.9
id-16172	8	13	27	4.0
id-16173	8	2	17	3.9
id-16174	3	6	24	4.6
id-16175	6	10	15	3.2
id-16176	3	3	17	4.6
id-16177	10	19	11	3.7
id-16178	5	8	2	4.9
id-16179	8	3	13	4.7
id-16180	3	6	15	4.6
id-16181	5	4	29	3.2
id-16182	4	6	19	3.5
id-16183	3	2	22	4.8
id-16184	4	2	5	3.6
id-16185	8	7	26	4.4
id-16186	2	3	19	3.8
id-16187	8	16	1	3.4
id-16188	3	2	13	4.1
id-16189	3	5	12	4.0
id-16190	8	5	5	3.6
id-16191	9	18	30	3.7
id-16192	7	6	11	3.2
id-16193	1	2	30	4.2
id-16194	10	9	15	4.7
id-16195	5	3	5	3.1
id-16196	10	16	12	4.1
id-16197	5	9	5	3.0
id-16198	10	2	6	3.2
id-16199	3	5	20	3.5
id-16200	6	6	15	3.0
id-16201	8	16	21	4.6
id-16202	7	9	5	3.7
id-16203	7	6	30	3.8
id-16204	4	5	17	4.2
id-16205	6	5	1	5.0
id-16206	2	4	19	3.0
id-16207	8	6	13	3.7
id-16208	3	4	27	3.2
id-16209	3	4	15	5.0
id-16210	10	16	13	3.9
id-16211	3	2	30	3.5
id-16212	2	3	5	3.3
id-16213	5	3	24	3.7
id-16214	8	13	19	4.8
id-16215	4	5	11	4.8
id-16216	5	3	28	3.4
id-16217	3	4	22	4.0
id-16218	6	3	13	3.5
id-16219	9	2	18	3.9
id-16220	3	5	30	4.3
id-16221	10	17	28	3.5
id-16222	9	12	17	3.1
id-16223	10	4	29	3.8
id-16224	6	4	5	4.1
id-16225	3	6	19	4.0
id-16226	7	7	30	4.5
id-16227	5	6	20	3.2
id-16228	4	3	29	4.8
id-16229	5	3	4	3.9
id-16230	8	4	19	4.1
id-16231	2	3	28	4.8
id-16232	6	12	25	4.5
id-16233	6	8	22	4.0
id-16234	9	3	5	3.9
id-16235	7	14	28	4.7
id-16236	9	7	2	3.4
id-16237	8	2	3	3.9
id-16238	4	5	7	4.0
id-16239	3	6	13	3.8
id-16240	7	7	24	4.2
id-16241	5	8	28	4.0
id-16242	10	14	19	4.6
id-16243	2	3	10	3.9
id-16244	4	3	14	4.9
id-16245	7	3	10	3.9
id-16246	3	5	7	4.5
id-16247	8	7	17	4.3
id-16248	7	13	2	3.3
id-16249	1	2	18	3.3
id-16250	4	6	22	3.3
id-16251	8	11	15	4.7
id-16252	6	9	24	3.9
id-16253	5	3	15	4.3
id-16254	2	3	17	3.2
id-16255	3	5	4	4.6
id-16256	10	9	17	3.4
id-16257	4	4	15	3.6
id-16258	7	12	22	4.5
id-16259	2	4	22	4.9
id-16260	8	9	4	4.0
id-16261	8	13	9	4.0
id-16262	8	2	7	3.2
id-16263	1	2	23	3.5
id-16264	5	3	28	4.4
id-16265	5	2	20	3.2
id-16266	5	7	21	3.5
id-16267	3	2	15	3.3
id-16268	6	11	15	3.8
id-16269	1	2	6	3.1
id-16270	5	6	1	4.5
id-16271	3	2	2	3.4
id-16272	6	3	4	4.6
id-16273	4	5	2	4.3
id-16274	6	12	20	4.7
id-16275	1	2	25	3.9
id-16276	5	9	15	3.4
id-16277	9	2	4	4.2
id-16278	3	6	5	3.3
id-16279	6	12	27	4.4
id-16280	6	9	21	4.2
id-16281	6	7	14	3.9
id-16282	10	3	21	3.7
id-16283	5	7	1	3.1
id-16284	4	6	15	3.4
id-16285	8	9	16	4.0
id-16286	4	3	6	4.7
id-16287	9	4	12	3.2
id-16288	10	6	11	3.4
id-16289	7	9	30	3.2
id-16290	10	19	26	3.3
id-16291	3	2	11	4.2
id-16292	3	6	1	3.1
id-16293	6	10	4	3.3
id-16294	10	19	11	3.1
id-16295	2	4	13	3.5
id-16296	3	6	25	4.0
id-16297	8	7	29	3.1
id-16298	8	16	6	4.8
id-16299	8	15	30	3.6
id-16300	8	13	20	3.5
id-16301	2	4	3	4.5
id-16302	4	8	16	4.4
id-16303	8	2	30	3.6
id-16304	8	12	17	3.9
id-16305	7	6	7	4.5
id-16306	3	6	22	3.2
id-16307	1	2	5	3.6
id-16308	6	2	12	4.4
id-16309	4	4	21	3.4
id-16310	6	12	13	3.2
id-16311	10	12	11	3.6
id-16312	6	5	15	4.4
id-16313	7	12	11	4.6
id-16314	7	2	10	4.1
id-16315	3	2	29	4.5
id-16316	1	2	4	3.9
id-16317	2	3	21	3.9
id-16318	7	9	8	5.0
id-16319	5	9	14	3.3
id-16320	3	6	17	4.4
id-16321	2	3	7	3.4
id-16322	1	2	19	3.6
id-16323	4	2	26	3.9
id-16324	6	8	23	3.6
id-16325	5	2	25	3.4
id-16326	2	2	21	4.4
id-16327	9	2	9	4.1
id-16328	8	15	22	4.6
id-16329	4	7	25	4.5
id-16330	6	8	22	4.9
id-16331	3	4	11	4.7
id-16332	4	3	12	3.4
id-16333	9	17	7	4.2
id-16334	5	8	23	3.3
id-16335	3	2	20	4.2
id-16336	3	4	20	4.2
id-16337	9	10	10	3.5
id-16338	10	15	2	4.9
id-16339	10	15	9	5.0
id-16340	2	4	12	3.9
id-16341	3	3	29	3.0
id-16342	9	11	26	4.6
id-16343	4	3	30	3.5
id-16344	6	9	23	3.2
id-16345	8	3	13	4.6
id-16346	9	18	12	3.2
id-16347	8	3	24	4.2
id-16348	1	2	16	3.3
id-16349	3	5	3	4.9
id-16350	8	6	3	3.6
id-16351	9	4	26	3.5
id-16352	7	4	29	4.0
id-16353	9	12	9	3.8
id-16354	6	6	26	3.5
id-16355	3	2	22	3.4
id-16356	1	2	25	3.5
id-16357	7	3	29	3.8
id-16358	6	10	9	3.2
id-16359	10	13	12	4.8
id-16360	7	10	4	3.3
id-16361	8	7	25	3.8
id-16362	8	12	29	4.7
id-16363	8	11	14	4.9
id-16364	5	6	22	3.1
id-16365	7	6	3	3.7
id-16366	4	8	18	4.4
id-16367	8	15	11	4.9
id-16368	6	12	25	3.3
id-16369	5	6	2	3.6
id-16370	9	14	5	4.9
id-16371	1	2	16	4.2
id-16372	9	15	29	4.1
id-16373	6	10	17	4.7
id-16374	10	18	7	3.4
id-16375	5	4	8	4.9
id-16376	6	9	15	3.9
id-16377	8	16	16	4.5
id-16378	10	12	16	4.2
id-16379	1	2	8	3.0
id-16380	7	9	4	3.8
id-16381	6	5	2	5.0
id-16382	9	5	21	4.8
id-16383	10	15	23	3.9
id-16384	2	3	2	3.4
id-16385	8	7	15	4.8
id-16386	4	7	4	4.5
id-16387	5	3	26	3.8
id-16388	10	4	23	4.8
id-16389	5	6	22	4.9
id-16390	10	4	27	3.0
id-16391	10	5	27	4.6
id-16392	5	2	23	3.9
id-16393	9	13	14	3.3
id-16394	4	3	25	4.0
id-16395	7	6	23	3.5
id-16396	8	13	20	4.1
id-16397	7	5	3	3.9
id-16398	8	11	22	4.2
id-16399	8	10	29	4.0
id-16400	4	4	18	3.1
id-16401	9	2	28	4.6
id-16402	4	5	26	4.9
id-16403	9	4	17	4.5
id-16404	7	13	11	4.5
id-16405	3	2	14	3.6
id-16406	2	4	14	3.0
id-16407	7	14	23	3.8
id-16408	8	14	2	4.9
id-16409	1	2	26	4.0
id-16410	5	3	14	3.7
id-16411	7	4	25	3.4
id-16412	7	5	16	3.7
id-16413	9	13	9	3.6
id-16414	6	12	17	4.6
id-16415	7	3	5	4.9
id-16416	9	6	16	4.4
id-16417	8	9	7	4.4
id-16418	6	9	15	3.3
id-16419	4	4	23	3.0
id-16420	1	2	8	4.7
id-16421	2	3	19	3.8
id-16422	5	5	15	3.4
id-16423	4	2	15	4.4
id-16424	1	2	1	4.5
id-16425	10	10	24	3.9
id-16426	9	13	14	3.6
id-16427	1	2	13	4.0
id-16428	7	8	12	3.8
id-16429	8	12	30	3.1
id-16430	9	18	5	3.9
id-16431	8	8	26	4.9
id-16432	8	6	7	4.0
id-16433	3	5	21	4.4
id-16434	6	7	5	4.5
id-16435	4	8	21	4.1
id-16436	1	2	10	4.9
id-16437	10	15	13	3.3
id-16438	3	2	30	4.5
id-16439	5	10	29	3.5
id-16440	8	5	9	3.2
id-16441	10	15	19	4.2
id-16442	3	3	27	3.9
id-16443	6	3	26	3.3
id-16444	5	5	24	3.9
id-16445	7	8	4	3.5
id-16446	3	2	14	3.6
id-16447	3	2	17	3.0
id-16448	4	6	5	4.4
id-16449	5	7	12	4.8
id-16450	5	7	8	3.0
id-16451	10	13	30	3.5
id-16452	9	9	4	4.8
id-16453	4	3	2	4.2
id-16454	8	10	17	3.6
id-16455	6	7	22	3.2
id-16456	2	3	8	4.5
id-16457	2	4	25	4.4
id-16458	5	3	23	3.6
id-16459	4	2	11	3.9
id-16460	7	11	17	3.8
id-16461	10	7	12	4.5
id-16462	6	6	4	3.3
id-16463	3	4	3	3.8
id-16464	2	2	25	4.3
id-16465	9	4	13	4.4
id-16466	10	20	9	3.4
id-16467	9	10	30	4.8
id-16468	4	4	13	4.5
id-16469	8	3	5	4.0
id-16470	2	4	20	4.7
id-16471	1	2	13	3.1
id-16472	6	5	9	3.7
id-16473	1	2	16	4.3
id-16474	2	2	17	4.3
id-16475	8	9	17	4.7
id-16476	7	13	22	3.7
id-16477	2	3	10	3.3
id-16478	1	2	1	3.5
id-16479	9	9	16	4.6
id-16480	1	2	5	3.6
id-16481	7	14	26	4.8
id-16482	10	3	17	3.3
id-16483	2	2	7	3.7
id-16484	6	12	24	4.2
id-16485	2	4	19	5.0
id-16486	4	6	11	4.5
id-16487	7	10	18	4.9
id-16488	2	3	18	3.6
id-16489	8	4	13	4.9
id-16490	7	9	12	3.5
id-16491	9	4	26	4.9
id-16492	10	14	8	4.4
id-16493	7	14	23	4.4
id-16494	10	12	9	4.5
id-16495	5	7	16	4.4
id-16496	9	12	22	4.0
id-16497	3	6	26	3.3
id-16498	4	5	5	4.6
id-16499	9	9	14	4.7
id-16500	9	16	27	3.8
id-16501	7	13	28	3.2
id-16502	10	10	9	3.7
id-16503	2	4	15	3.8
id-16504	8	4	17	3.3
id-16505	1	2	21	4.2
id-16506	9	5	12	4.6
id-16507	7	2	23	4.6
id-16508	7	14	10	4.1
id-16509	10	5	4	3.5
id-16510	6	3	6	3.9
id-16511	5	3	22	4.1
id-16512	9	16	2	4.0
id-16513	4	2	27	3.2
id-16514	6	5	11	3.5
id-16515	2	4	5	3.6
id-16516	1	2	10	4.4
id-16517	1	2	13	3.1
id-16518	6	4	19	3.4
id-16519	7	11	7	4.5
id-16520	2	3	16	4.3
id-16521	1	2	17	4.3
id-16522	10	15	26	3.8
id-16523	7	2	10	3.6
id-16524	4	2	5	4.1
id-16525	6	9	28	4.4
id-16526	1	2	14	4.4
id-16527	3	5	9	3.6
id-16528	6	12	2	3.9
id-16529	9	10	2	4.8
id-16530	9	18	11	3.7
id-16531	8	9	16	4.7
id-16532	10	3	11	4.5
id-16533	6	11	11	4.4
id-16534	5	5	19	3.6
id-16535	4	8	3	4.3
id-16536	1	2	19	3.9
id-16537	4	8	27	3.8
id-16538	3	5	22	3.4
id-16539	6	9	5	5.0
id-16540	5	5	14	5.0
id-16541	9	3	4	4.4
id-16542	5	7	3	4.1
id-16543	1	2	2	3.8
id-16544	8	3	7	3.3
id-16545	6	10	2	3.3
id-16546	4	7	23	3.5
id-16547	3	4	21	3.9
id-16548	4	2	16	4.3
id-16549	2	3	10	4.0
id-16550	3	2	30	4.7
id-16551	6	12	11	4.3
id-16552	2	4	2	4.8
id-16553	1	2	9	4.8
id-16554	6	8	13	4.5
id-16555	8	14	21	4.0
id-16556	4	4	27	5.0
id-16557	5	5	9	3.8
id-16558	2	2	27	3.7
id-16559	4	5	16	4.2
id-16560	3	6	30	3.3
id-16561	10	12	1	3.1
id-16562	2	4	7	5.0
id-16563	9	2	24	3.8
id-16564	4	7	30	4.6
id-16565	6	2	2	4.7
id-16566	5	5	29	3.1
id-16567	4	6	29	4.8
id-16568	1	2	26	4.2
id-16569	3	4	30	4.8
id-16570	4	4	1	4.6
id-16571	6	10	3	3.1
id-16572	1	2	2	5.0
id-16573	6	11	2	4.7
id-16574	9	13	17	3.8
id-16575	2	4	24	3.4
id-16576	6	12	6	3.2
id-16577	5	2	8	3.9
id-16578	10	2	8	4.6
id-16579	7	2	23	3.7
id-16580	8	12	9	5.0
id-16581	6	10	22	4.8
id-16582	8	4	28	4.0
id-16583	3	6	3	4.9
id-16584	1	2	25	4.5
id-16585	6	4	5	3.7
id-16586	3	2	17	4.3
id-16587	4	5	19	3.9
id-16588	9	10	26	4.2
id-16589	6	8	22	3.0
id-16590	5	5	18	4.7
id-16591	7	11	10	4.6
id-16592	6	7	5	3.3
id-16593	5	10	20	4.2
id-16594	3	5	28	3.7
id-16595	9	14	6	4.8
id-16596	7	13	20	4.6
id-16597	10	6	18	4.3
id-16598	1	2	8	4.8
id-16599	2	4	21	4.1
id-16600	6	11	23	4.5
id-16601	8	11	27	4.2
id-16602	6	12	9	3.4
id-16603	8	14	4	3.6
id-16604	2	2	7	3.4
id-16605	9	17	19	3.6
id-16606	6	6	9	3.7
id-16607	3	5	26	4.1
id-16608	4	7	6	3.4
id-16609	1	2	7	3.0
id-16610	5	4	10	3.4
id-16611	9	14	21	3.0
id-16612	5	7	25	3.4
id-16613	7	5	19	3.1
id-16614	1	2	19	4.9
id-16615	4	6	21	4.7
id-16616	3	3	21	4.6
id-16617	9	17	18	4.4
id-16618	9	8	26	4.9
id-16619	10	10	29	4.0
id-16620	8	8	23	3.4
id-16621	4	6	29	4.2
id-16622	10	3	17	4.5
id-16623	6	3	14	3.6
id-16624	10	5	28	4.6
id-16625	5	10	6	4.0
id-16626	1	2	13	4.7
id-16627	7	7	16	3.6
id-16628	3	4	4	4.9
id-16629	7	6	16	4.3
id-16630	3	6	15	4.6
id-16631	5	8	21	3.5
id-16632	4	8	22	4.0
id-16633	2	3	10	3.6
id-16634	8	11	8	4.2
id-16635	7	4	24	3.8
id-16636	10	19	8	3.1
id-16637	1	2	1	5.0
id-16638	6	11	11	4.2
id-16639	7	11	10	3.8
id-16640	4	6	23	4.0
id-16641	3	4	15	4.4
id-16642	10	6	9	3.5
id-16643	8	3	23	3.4
id-16644	9	8	28	4.7
id-16645	7	11	14	4.9
id-16646	2	2	8	4.8
id-16647	3	4	30	3.2
id-16648	10	2	8	4.2
id-16649	6	6	6	3.8
id-16650	5	5	4	4.4
id-16651	2	4	12	5.0
id-16652	7	14	30	4.1
id-16653	7	14	25	4.6
id-16654	2	2	5	3.5
id-16655	7	11	6	3.4
id-16656	5	6	9	4.5
id-16657	4	7	21	3.3
id-16658	9	12	7	4.5
id-16659	8	8	20	3.7
id-16660	9	17	5	4.1
id-16661	1	2	6	4.7
id-16662	5	5	14	3.8
id-16663	5	6	4	4.1
id-16664	5	3	17	3.1
id-16665	4	4	18	4.0
id-16666	4	7	9	3.8
id-16667	9	3	2	4.4
id-16668	2	3	7	3.3
id-16669	6	12	4	4.5
id-16670	10	2	30	4.6
id-16671	8	13	13	3.9
id-16672	1	2	23	4.9
id-16673	5	9	2	3.0
id-16674	8	11	21	3.4
id-16675	1	2	2	3.9
id-16676	3	4	11	3.6
id-16677	3	4	18	3.8
id-16678	2	3	14	3.8
id-16679	1	2	5	3.3
id-16680	7	14	12	4.6
id-16681	7	8	3	5.0
id-16682	9	3	4	4.1
id-16683	3	2	18	3.5
id-16684	4	5	10	4.8
id-16685	7	10	30	3.5
id-16686	6	11	7	3.8
id-16687	9	18	6	4.3
id-16688	10	8	14	3.2
id-16689	8	6	19	3.9
id-16690	9	4	22	4.2
id-16691	4	7	7	3.3
id-16692	10	3	11	4.5
id-16693	2	2	9	3.2
id-16694	3	5	1	3.4
id-16695	5	9	1	5.0
id-16696	7	5	7	4.4
id-16697	7	2	6	3.2
id-16698	2	2	28	3.5
id-16699	6	8	8	4.9
id-16700	9	5	12	4.6
id-16701	7	7	16	4.4
id-16702	4	8	3	3.2
id-16703	4	6	21	3.8
id-16704	4	3	7	4.2
id-16705	6	5	18	3.8
id-16706	8	9	30	3.1
id-16707	7	14	25	3.2
id-16708	8	4	19	3.7
id-16709	6	5	28	4.5
id-16710	6	2	17	4.0
id-16711	2	3	25	3.5
id-16712	7	4	23	4.8
id-16713	4	7	22	3.2
id-16714	7	11	19	4.4
id-16715	2	4	26	4.0
id-16716	8	9	18	3.5
id-16717	1	2	29	4.2
id-16718	4	7	18	4.5
id-16719	7	11	19	4.7
id-16720	8	8	28	4.7
id-16721	3	3	18	4.3
id-16722	4	4	15	4.0
id-16723	5	2	26	4.3
id-16724	2	2	16	3.5
id-16725	10	5	23	3.0
id-16726	7	10	29	4.8
id-16727	1	2	27	3.0
id-16728	8	2	19	4.1
id-16729	2	4	11	4.1
id-16730	9	10	18	4.9
id-16731	9	5	25	4.3
id-16732	4	4	24	4.0
id-16733	10	6	23	3.7
id-16734	8	13	24	4.5
id-16735	7	11	1	4.3
id-16736	2	3	24	3.7
id-16737	5	10	11	4.6
id-16738	8	5	15	4.0
id-16739	10	2	14	3.6
id-16740	10	6	14	4.8
id-16741	6	12	30	4.7
id-16742	2	3	9	3.2
id-16743	2	2	4	4.1
id-16744	2	3	26	3.0
id-16745	5	10	14	3.1
id-16746	2	4	17	3.8
id-16747	4	5	26	4.9
id-16748	5	10	2	4.0
id-16749	9	5	5	4.5
id-16750	10	2	2	3.1
id-16751	6	6	11	4.6
id-16752	2	2	4	3.9
id-16753	1	2	5	3.3
id-16754	4	7	26	4.1
id-16755	10	15	29	4.3
id-16756	4	8	3	3.7
id-16757	6	7	14	3.5
id-16758	8	2	30	4.1
id-16759	5	5	25	3.1
id-16760	7	13	21	4.8
id-16761	6	6	3	4.4
id-16762	6	12	22	3.7
id-16763	8	3	15	3.0
id-16764	8	2	21	4.9
id-16765	9	2	16	4.0
id-16766	2	4	27	4.5
id-16767	2	2	25	4.4
id-16768	9	11	14	3.7
id-16769	6	7	19	3.9
id-16770	3	3	8	4.4
id-16771	2	2	5	4.1
id-16772	10	12	30	4.9
id-16773	8	14	24	4.4
id-16774	10	15	1	3.9
id-16775	3	6	28	4.8
id-16776	4	3	12	4.6
id-16777	7	2	1	4.9
id-16778	4	6	8	4.8
id-16779	6	5	19	3.5
id-16780	3	4	10	3.5
id-16781	10	12	24	4.2
id-16782	3	4	26	4.1
id-16783	5	2	5	3.0
id-16784	6	5	25	3.1
id-16785	2	4	28	3.6
id-16786	7	8	26	3.1
id-16787	8	8	30	3.3
id-16788	8	11	14	4.9
id-16789	1	2	19	4.9
id-16790	10	6	30	4.4
id-16791	5	5	14	4.2
id-16792	9	13	7	3.6
id-16793	6	7	16	3.7
id-16794	2	2	17	4.7
id-16795	2	3	8	3.0
id-16796	7	9	29	3.7
id-16797	3	5	7	3.1
id-16798	3	6	8	3.4
id-16799	10	3	17	3.1
id-16800	6	6	2	4.6
id-16801	4	8	4	4.9
id-16802	5	3	26	4.2
id-16803	1	2	9	4.6
id-16804	1	2	9	4.8
id-16805	9	12	5	3.0
id-16806	1	2	17	3.2
id-16807	7	2	15	4.8
id-16808	2	2	8	4.9
id-16809	8	12	8	4.9
id-16810	5	6	5	4.5
id-16811	6	4	25	3.4
id-16812	6	12	21	4.4
id-16813	5	8	24	4.9
id-16814	10	15	26	4.6
id-16815	10	20	29	4.3
id-16816	3	3	29	3.9
id-16817	5	3	9	4.4
id-16818	6	9	20	3.0
id-16819	4	6	15	4.1
id-16820	3	6	28	4.8
id-16821	6	6	18	4.6
id-16822	8	11	23	4.3
id-16823	6	11	9	3.3
id-16824	7	12	3	4.5
id-16825	1	2	2	4.9
id-16826	8	10	22	3.9
id-16827	1	2	29	3.8
id-16828	4	5	20	3.5
id-16829	7	2	12	4.2
id-16830	9	2	16	4.8
id-16831	6	9	19	4.3
id-16832	8	14	13	3.1
id-16833	9	12	14	4.9
id-16834	2	3	11	4.6
id-16835	2	2	24	3.3
id-16836	1	2	7	4.4
id-16837	8	4	7	4.2
id-16838	10	12	16	3.5
id-16839	3	4	19	4.4
id-16840	10	4	12	4.0
id-16841	3	6	26	3.0
id-16842	1	2	21	4.2
id-16843	10	14	28	4.9
id-16844	3	6	1	4.5
id-16845	3	3	8	3.2
id-16846	10	8	18	4.3
id-16847	2	4	1	3.5
id-16848	9	2	5	3.3
id-16849	3	5	21	3.7
id-16850	10	5	11	3.6
id-16851	6	3	19	4.7
id-16852	3	2	4	4.5
id-16853	7	2	6	3.3
id-16854	7	10	10	4.7
id-16855	4	3	3	3.1
id-16856	8	12	27	4.6
id-16857	7	2	27	4.6
id-16858	9	13	21	4.9
id-16859	2	4	26	3.2
id-16860	5	4	18	3.1
id-16861	9	2	11	3.4
id-16862	5	5	27	3.5
id-16863	1	2	7	4.7
id-16864	10	19	7	3.5
id-16865	1	2	18	4.2
id-16866	4	5	4	3.2
id-16867	5	5	12	3.1
id-16868	5	3	28	3.9
id-16869	3	3	5	4.8
id-16870	5	9	12	4.2
id-16871	1	2	5	4.0
id-16872	7	7	22	3.5
id-16873	4	7	29	4.1
id-16874	10	20	8	3.4
id-16875	8	2	21	4.3
id-16876	4	6	10	3.3
id-16877	8	11	6	3.2
id-16878	8	2	25	3.7
id-16879	5	4	7	3.9
id-16880	10	20	18	4.8
id-16881	8	4	7	4.0
id-16882	1	2	25	4.9
id-16883	1	2	1	3.2
id-16884	10	16	19	4.9
id-16885	7	10	4	3.8
id-16886	7	3	16	4.8
id-16887	2	3	14	4.8
id-16888	7	7	9	4.7
id-16889	4	7	20	4.5
id-16890	2	4	15	4.6
id-16891	5	6	11	4.6
id-16892	5	2	27	3.8
id-16893	1	2	27	3.1
id-16894	3	2	11	3.3
id-16895	5	4	24	4.4
id-16896	3	6	25	3.9
id-16897	3	3	7	3.6
id-16898	1	2	9	3.5
id-16899	10	15	11	3.7
id-16900	9	16	13	3.0
id-16901	4	5	28	3.4
id-16902	6	3	9	4.6
id-16903	3	2	16	4.3
id-16904	5	3	26	3.9
id-16905	4	7	3	4.3
id-16906	6	8	24	4.5
id-16907	9	3	14	3.0
id-16908	7	9	14	4.0
id-16909	4	6	9	4.5
id-16910	5	8	28	4.9
id-16911	8	11	7	4.3
id-16912	5	9	17	4.2
id-16913	10	7	27	4.8
id-16914	4	3	3	4.6
id-16915	4	2	8	3.3
id-16916	5	2	29	3.7
id-16917	2	2	25	4.6
id-16918	8	15	23	4.9
id-16919	9	4	13	3.9
id-16920	5	10	2	4.0
id-16921	8	11	25	3.4
id-16922	9	4	17	4.4
id-16923	6	5	12	4.3
id-16924	6	2	26	4.5
id-16925	3	2	18	4.0
id-16926	9	15	28	4.1
id-16927	6	8	9	3.7
id-16928	10	15	10	4.7
id-16929	9	9	25	3.7
id-16930	10	17	18	4.8
id-16931	4	6	27	3.1
id-16932	1	2	18	4.4
id-16933	2	3	13	4.9
id-16934	2	2	2	4.0
id-16935	2	3	23	3.9
id-16936	7	8	28	4.5
id-16937	10	9	13	4.1
id-16938	1	2	18	5.0
id-16939	8	9	24	4.0
id-16940	2	3	29	4.7
id-16941	2	4	5	4.3
id-16942	5	5	2	4.6
id-16943	6	9	9	4.3
id-16944	6	10	1	3.2
id-16945	3	4	9	3.9
id-16946	1	2	15	3.3
id-16947	10	12	2	4.5
id-16948	3	6	19	3.3
id-16949	5	2	27	4.8
id-16950	9	10	28	3.7
id-16951	4	6	15	4.6
id-16952	1	2	10	4.7
id-16953	4	8	6	4.1
id-16954	4	3	18	4.8
id-16955	6	12	19	4.9
id-16956	3	4	24	3.2
id-16957	5	2	10	3.2
id-16958	4	2	3	3.2
id-16959	2	2	12	4.4
id-16960	7	5	10	3.9
id-16961	9	8	16	3.6
id-16962	1	2	29	3.2
id-16963	1	2	28	3.5
id-16964	4	6	7	4.5
id-16965	9	17	24	3.2
id-16966	9	6	6	4.0
id-16967	2	3	8	3.6
id-16968	1	2	2	3.3
id-16969	6	6	24	4.1
id-16970	9	14	28	4.5
id-16971	6	11	11	4.1
id-16972	3	5	21	3.7
id-16973	2	2	25	3.1
id-16974	6	5	2	4.1
id-16975	8	2	13	3.4
id-16976	8	7	4	4.3
id-16977	2	3	9	4.9
id-16978	4	6	8	3.5
id-16979	4	5	21	3.4
id-16980	6	4	2	4.2
id-16981	2	2	5	4.7
id-16982	8	5	6	3.9
id-16983	1	2	5	3.1
id-16984	7	8	22	3.9
id-16985	2	3	30	3.4
id-16986	2	4	20	3.4
id-16987	4	8	19	4.3
id-16988	6	12	5	3.8
id-16989	10	19	23	4.0
id-16990	4	4	3	4.1
id-16991	6	8	6	4.4
id-16992	8	7	4	3.7
id-16993	5	2	7	3.2
id-16994	4	6	10	3.6
id-16995	5	4	11	4.5
id-16996	7	8	22	4.3
id-16997	9	18	27	4.9
id-16998	1	2	5	3.0
id-16999	7	2	17	3.2
id-17000	2	2	1	4.8
id-17001	10	7	6	4.5
id-17002	1	2	27	4.5
id-17003	3	3	3	3.9
id-17004	9	17	13	3.9
id-17005	2	3	10	4.4
id-17006	6	8	21	4.4
id-17007	5	4	17	3.8
id-17008	5	6	22	3.2
id-17009	4	7	22	4.8
id-17010	1	2	16	3.2
id-17011	9	2	23	3.4
id-17012	8	13	13	3.6
id-17013	1	2	11	4.8
id-17014	4	8	25	3.6
id-17015	4	2	28	3.8
id-17016	5	8	15	3.4
id-17017	5	2	14	3.3
id-17018	1	2	24	4.0
id-17019	10	8	18	4.6
id-17020	2	2	5	3.4
id-17021	7	9	1	3.1
id-17022	3	5	27	3.4
id-17023	8	12	27	3.2
id-17024	4	8	23	4.9
id-17025	8	16	21	3.8
id-17026	2	3	26	3.7
id-17027	9	2	15	3.8
id-17028	2	2	29	4.9
id-17029	9	18	1	3.6
id-17030	9	16	21	3.1
id-17031	4	3	27	3.1
id-17032	9	18	16	4.9
id-17033	2	2	16	3.6
id-17034	6	11	27	4.6
id-17035	4	4	25	4.0
id-17036	4	4	14	4.3
id-17037	9	2	28	3.2
id-17038	8	8	5	3.8
id-17039	4	7	20	4.7
id-17040	2	2	6	4.5
id-17041	8	7	13	3.7
id-17042	4	7	9	4.1
id-17043	8	3	14	4.9
id-17044	7	12	29	4.3
id-17045	1	2	22	4.1
id-17046	7	8	28	4.0
id-17047	10	14	27	4.1
id-17048	9	5	19	3.3
id-17049	10	2	20	3.3
id-17050	8	3	1	4.1
id-17051	8	13	1	4.5
id-17052	5	4	27	3.2
id-17053	6	5	27	4.4
id-17054	7	6	24	3.1
id-17055	10	2	8	4.5
id-17056	5	2	12	4.6
id-17057	7	7	10	4.6
id-17058	8	10	23	4.9
id-17059	7	2	21	4.0
id-17060	4	3	21	4.7
id-17061	7	5	20	4.1
id-17062	1	2	18	4.8
id-17063	4	7	28	3.7
id-17064	7	3	30	4.1
id-17065	2	4	14	3.5
id-17066	1	2	22	4.0
id-17067	10	17	26	3.9
id-17068	6	2	6	5.0
id-17069	4	7	13	3.4
id-17070	10	7	11	3.3
id-17071	8	16	7	4.7
id-17072	5	7	10	4.8
id-17073	8	10	17	4.3
id-17074	6	8	22	3.3
id-17075	5	5	1	3.4
id-17076	8	16	6	4.6
id-17077	10	14	25	3.0
id-17078	7	8	20	4.9
id-17079	1	2	11	4.4
id-17080	7	3	22	3.1
id-17081	9	10	18	4.1
id-17082	9	13	30	3.4
id-17083	7	2	13	3.2
id-17084	10	8	7	4.0
id-17085	2	2	2	4.5
id-17086	5	4	18	3.3
id-17087	4	6	26	3.9
id-17088	8	12	19	4.7
id-17089	1	2	2	5.0
id-17090	6	9	28	3.9
id-17091	5	2	24	4.2
id-17092	4	5	8	3.3
id-17093	8	6	19	3.2
id-17094	7	7	27	4.1
id-17095	8	14	24	3.2
id-17096	1	2	5	3.7
id-17097	4	4	11	3.6
id-17098	4	7	18	3.4
id-17099	4	4	2	3.6
id-17100	1	2	30	3.6
id-17101	9	8	12	4.4
id-17102	1	2	8	3.4
id-17103	5	6	5	3.2
id-17104	2	4	21	4.4
id-17105	2	4	21	3.5
id-17106	2	3	18	3.4
id-17107	2	3	3	3.9
id-17108	4	3	20	4.1
id-17109	3	3	13	4.2
id-17110	8	11	11	4.1
id-17111	6	12	11	3.1
id-17112	8	8	5	5.0
id-17113	3	4	2	4.4
id-17114	7	11	13	4.1
id-17115	6	10	8	3.6
id-17116	4	7	23	4.6
id-17117	1	2	1	4.2
id-17118	8	5	18	3.9
id-17119	6	11	4	4.3
id-17120	7	4	27	3.2
id-17121	6	3	17	4.3
id-17122	2	4	24	3.2
id-17123	3	5	25	4.7
id-17124	5	7	18	3.8
id-17125	1	2	3	3.3
id-17126	8	8	3	3.2
id-17127	7	6	20	3.5
id-17128	2	2	29	4.2
id-17129	10	4	7	3.1
id-17130	9	11	16	3.3
id-17131	6	5	7	3.8
id-17132	6	12	18	4.6
id-17133	2	4	15	3.8
id-17134	4	3	28	4.8
id-17135	9	15	30	3.4
id-17136	8	15	6	4.7
id-17137	5	10	16	3.0
id-17138	5	7	4	4.7
id-17139	2	2	14	4.4
id-17140	8	16	26	3.9
id-17141	4	4	23	3.5
id-17142	1	2	29	3.4
id-17143	6	7	30	3.5
id-17144	8	12	2	4.3
id-17145	3	2	7	4.4
id-17146	1	2	14	3.3
id-17147	10	7	18	3.3
id-17148	4	5	11	3.2
id-17149	2	2	29	4.3
id-17150	3	2	4	4.5
id-17151	5	5	2	3.5
id-17152	5	6	12	3.3
id-17153	7	10	27	4.3
id-17154	5	6	8	3.0
id-17155	8	12	15	3.9
id-17156	4	3	13	4.6
id-17157	7	7	5	4.4
id-17158	7	3	18	3.3
id-17159	7	14	23	3.9
id-17160	3	5	18	4.7
id-17161	9	8	8	3.3
id-17162	2	4	5	3.4
id-17163	9	9	20	3.7
id-17164	3	2	8	3.2
id-17165	5	8	22	3.8
id-17166	8	4	22	3.5
id-17167	10	13	15	4.3
id-17168	3	4	14	3.6
id-17169	3	2	24	3.1
id-17170	6	5	3	4.9
id-17171	3	3	27	4.8
id-17172	1	2	16	3.6
id-17173	7	6	15	3.4
id-17174	1	2	28	4.1
id-17175	9	10	9	4.7
id-17176	5	7	19	4.4
id-17177	6	6	19	3.3
id-17178	10	2	27	3.4
id-17179	6	3	17	4.5
id-17180	6	7	8	5.0
id-17181	9	18	17	4.2
id-17182	6	5	9	4.8
id-17183	3	6	28	4.7
id-17184	9	18	15	4.1
id-17185	9	15	2	3.7
id-17186	10	20	20	4.3
id-17187	1	2	20	3.2
id-17188	10	20	7	4.2
id-17189	2	4	18	4.9
id-17190	8	2	6	4.2
id-17191	4	7	21	3.3
id-17192	8	11	25	3.8
id-17193	1	2	4	5.0
id-17194	10	17	6	3.6
id-17195	9	9	4	4.1
id-17196	9	15	21	4.2
id-17197	3	5	23	5.0
id-17198	10	10	11	3.0
id-17199	4	6	21	4.9
id-17200	1	2	30	3.1
id-17201	8	11	19	4.9
id-17202	5	8	27	3.9
id-17203	3	4	24	4.0
id-17204	4	7	20	5.0
id-17205	5	7	7	3.0
id-17206	10	18	9	3.1
id-17207	4	2	9	4.6
id-17208	9	16	16	4.9
id-17209	10	4	5	4.6
id-17210	8	7	17	4.8
id-17211	8	9	13	3.8
id-17212	9	15	28	4.2
id-17213	2	4	11	3.7
id-17214	5	6	2	3.2
id-17215	7	11	18	4.9
id-17216	9	3	19	4.3
id-17217	3	3	10	3.6
id-17218	5	8	9	4.8
id-17219	2	4	12	3.4
id-17220	9	10	16	5.0
id-17221	10	11	12	4.7
id-17222	3	4	7	4.9
id-17223	9	5	23	3.7
id-17224	8	14	7	3.7
id-17225	2	3	10	4.5
id-17226	4	2	12	4.7
id-17227	2	3	6	3.5
id-17228	1	2	30	3.9
id-17229	8	2	27	3.3
id-17230	5	6	11	3.5
id-17231	8	2	1	3.6
id-17232	5	2	28	3.2
id-17233	9	6	3	4.3
id-17234	6	9	6	4.7
id-17235	8	13	2	4.4
id-17236	3	2	3	3.9
id-17237	5	3	1	4.3
id-17238	3	3	5	3.8
id-17239	7	2	15	4.9
id-17240	2	4	16	3.6
id-17241	9	9	9	3.4
id-17242	6	4	21	3.6
id-17243	8	7	27	4.5
id-17244	10	14	30	4.4
id-17245	2	2	13	3.2
id-17246	9	5	16	3.5
id-17247	6	4	10	4.3
id-17248	4	5	12	4.9
id-17249	10	14	23	4.1
id-17250	10	20	12	4.2
id-17251	9	16	12	3.2
id-17252	2	2	7	4.1
id-17253	7	12	24	3.3
id-17254	5	4	6	3.1
id-17255	5	4	29	3.3
id-17256	3	5	1	3.0
id-17257	4	4	16	4.8
id-17258	1	2	27	4.0
id-17259	8	2	26	3.7
id-17260	2	4	15	3.4
id-17261	9	17	6	4.0
id-17262	10	19	2	3.6
id-17263	1	2	28	3.8
id-17264	7	10	6	4.1
id-17265	1	2	2	4.9
id-17266	9	13	14	3.2
id-17267	1	2	18	4.6
id-17268	5	10	6	3.7
id-17269	4	7	17	3.5
id-17270	1	2	8	3.3
id-17271	9	9	19	4.1
id-17272	6	12	24	3.1
id-17273	5	3	26	4.1
id-17274	7	5	22	4.7
id-17275	10	9	13	4.7
id-17276	2	3	29	4.2
id-17277	2	4	15	4.7
id-17278	1	2	14	3.6
id-17279	7	7	25	4.0
id-17280	2	4	25	3.2
id-17281	2	3	22	4.5
id-17282	2	3	13	4.4
id-17283	2	4	29	3.3
id-17284	3	2	16	4.7
id-17285	2	3	27	4.9
id-17286	7	14	11	4.1
id-17287	9	4	11	3.8
id-17288	5	7	28	3.4
id-17289	2	2	15	4.7
id-17290	2	3	24	3.5
id-17291	10	7	28	4.1
id-17292	10	19	17	4.0
id-17293	10	16	27	4.6
id-17294	5	4	2	3.3
id-17295	9	14	5	4.3
id-17296	3	6	28	3.5
id-17297	1	2	22	3.1
id-17298	5	3	9	4.0
id-17299	9	3	27	3.9
id-17300	10	10	4	3.2
id-17301	7	13	15	4.4
id-17302	6	7	12	5.0
id-17303	4	3	20	4.5
id-17304	4	3	27	3.3
id-17305	2	2	6	4.0
id-17306	1	2	1	4.5
id-17307	4	8	7	4.4
id-17308	2	4	2	3.7
id-17309	5	8	17	4.9
id-17310	6	2	13	3.1
id-17311	2	2	6	4.8
id-17312	2	3	14	4.2
id-17313	9	8	11	4.8
id-17314	8	7	18	4.1
id-17315	6	6	16	3.9
id-17316	9	10	21	4.7
id-17317	1	2	13	3.8
id-17318	1	2	1	4.8
id-17319	3	4	17	4.9
id-17320	3	4	24	3.4
id-17321	2	2	4	5.0
id-17322	3	4	23	3.9
id-17323	3	6	13	3.7
id-17324	7	10	16	3.1
id-17325	9	14	4	4.8
id-17326	1	2	14	4.0
id-17327	10	14	16	3.4
id-17328	10	8	23	3.2
id-17329	4	8	10	3.4
id-17330	7	11	3	3.4
id-17331	8	11	21	3.5
id-17332	9	15	17	4.1
id-17333	2	4	20	4.3
id-17334	10	15	7	4.4
id-17335	8	12	5	4.5
id-17336	5	10	20	4.0
id-17337	7	7	17	3.3
id-17338	3	3	19	3.5
id-17339	7	8	1	5.0
id-17340	1	2	27	3.5
id-17341	6	4	23	4.3
id-17342	4	3	7	3.7
id-17343	9	14	10	4.8
id-17344	2	3	7	3.6
id-17345	8	6	7	4.3
id-17346	5	8	17	4.5
id-17347	1	2	30	4.5
id-17348	10	12	21	3.7
id-17349	8	10	25	4.9
id-17350	7	13	19	4.1
id-17351	7	5	13	4.2
id-17352	6	10	21	4.2
id-17353	9	6	20	4.0
id-17354	5	8	12	4.5
id-17355	6	5	2	4.9
id-17356	9	16	19	4.2
id-17357	5	7	15	4.4
id-17358	6	3	5	4.0
id-17359	2	3	2	4.2
id-17360	9	8	5	4.4
id-17361	6	7	28	3.2
id-17362	4	2	14	3.8
id-17363	10	18	1	4.4
id-17364	3	2	17	3.8
id-17365	7	10	13	3.3
id-17366	8	6	7	4.4
id-17367	7	14	25	3.3
id-17368	2	4	20	3.7
id-17369	2	4	27	4.5
id-17370	7	4	27	3.3
id-17371	10	13	26	4.3
id-17372	9	12	27	4.1
id-17373	8	16	30	4.8
id-17374	10	10	26	3.8
id-17375	1	2	16	4.6
id-17376	10	9	10	4.8
id-17377	9	14	9	3.5
id-17378	9	14	16	3.6
id-17379	5	10	5	4.3
id-17380	1	2	19	3.5
id-17381	7	13	21	4.2
id-17382	7	12	17	3.8
id-17383	10	8	23	4.9
id-17384	9	4	29	4.7
id-17385	4	3	4	4.4
id-17386	8	6	16	4.7
id-17387	9	6	17	4.0
id-17388	9	4	5	3.5
id-17389	2	4	11	4.0
id-17390	1	2	27	3.5
id-17391	5	7	17	3.7
id-17392	6	6	23	4.8
id-17393	6	12	23	4.7
id-17394	3	3	23	3.0
id-17395	2	4	6	4.0
id-17396	2	4	11	3.4
id-17397	5	7	24	4.8
id-17398	10	13	1	4.9
id-17399	7	9	16	4.9
id-17400	9	11	2	4.0
id-17401	4	8	13	4.5
id-17402	1	2	19	4.3
id-17403	9	12	11	4.3
id-17404	10	7	4	4.9
id-17405	9	14	8	4.5
id-17406	1	2	29	3.5
id-17407	10	6	30	4.9
id-17408	3	4	18	3.3
id-17409	7	4	17	4.2
id-17410	5	3	7	4.6
id-17411	5	9	27	4.9
id-17412	5	8	10	3.7
id-17413	10	7	8	3.9
id-17414	10	20	10	4.1
id-17415	3	4	19	4.2
id-17416	9	14	5	4.9
id-17417	8	15	18	4.8
id-17418	7	13	10	4.5
id-17419	2	4	5	4.3
id-17420	1	2	1	4.9
id-17421	6	9	27	3.9
id-17422	4	5	29	3.1
id-17423	9	12	28	4.0
id-17424	4	3	30	3.0
id-17425	2	3	30	4.6
id-17426	5	9	8	3.1
id-17427	1	2	4	4.5
id-17428	7	9	23	3.3
id-17429	6	4	27	5.0
id-17430	7	4	2	4.5
id-17431	6	4	7	3.1
id-17432	10	12	21	3.8
id-17433	4	4	1	3.6
id-17434	7	7	29	4.7
id-17435	8	6	7	4.7
id-17436	2	3	6	3.6
id-17437	5	9	11	4.6
id-17438	10	20	11	4.6
id-17439	2	3	22	4.5
id-17440	4	8	19	4.9
id-17441	10	7	9	4.1
id-17442	8	3	3	3.2
id-17443	10	16	25	3.2
id-17444	7	7	30	4.4
id-17445	2	2	27	4.7
id-17446	1	2	13	3.4
id-17447	7	13	25	3.1
id-17448	10	11	20	4.1
id-17449	3	2	24	4.9
id-17450	6	8	9	4.0
id-17451	7	12	19	5.0
id-17452	8	15	8	3.5
id-17453	9	5	12	4.9
id-17454	9	8	18	3.8
id-17455	3	5	22	3.6
id-17456	9	2	14	4.0
id-17457	8	7	13	4.8
id-17458	9	2	16	4.0
id-17459	1	2	4	4.2
id-17460	6	4	1	3.9
id-17461	8	9	23	4.9
id-17462	4	8	17	4.8
id-17463	5	9	25	3.7
id-17464	6	6	30	4.7
id-17465	7	7	12	4.6
id-17466	9	10	23	4.7
id-17467	7	4	5	3.0
id-17468	1	2	2	4.7
id-17469	1	2	2	4.6
id-17470	8	13	25	4.1
id-17471	8	13	26	4.8
id-17472	10	15	25	3.5
id-17473	4	8	18	3.3
id-17474	8	6	13	3.7
id-17475	9	13	16	3.7
id-17476	9	14	22	3.8
id-17477	6	5	23	3.4
id-17478	7	8	15	3.5
id-17479	9	9	21	3.6
id-17480	2	2	8	3.6
id-17481	8	15	6	4.7
id-17482	3	3	4	3.1
id-17483	7	4	24	4.4
id-17484	4	5	24	4.0
id-17485	1	2	6	3.2
id-17486	3	5	15	4.5
id-17487	8	6	1	3.9
id-17488	7	14	27	3.9
id-17489	5	3	7	4.2
id-17490	10	17	10	3.4
id-17491	5	7	25	3.1
id-17492	9	12	16	3.6
id-17493	5	2	17	3.5
id-17494	1	2	18	4.2
id-17495	6	11	8	4.0
id-17496	3	6	10	4.1
id-17497	5	3	20	4.8
id-17498	6	11	24	3.4
id-17499	10	19	17	4.2
id-17500	8	12	3	3.2
id-17501	5	7	25	4.2
id-17502	5	3	27	4.2
id-17503	10	2	16	3.4
id-17504	8	2	4	5.0
id-17505	6	5	23	3.3
id-17506	8	7	6	4.3
id-17507	3	4	22	4.6
id-17508	5	8	11	3.1
id-17509	2	2	4	4.6
id-17510	3	2	15	3.6
id-17511	4	5	11	3.3
id-17512	9	17	1	3.4
id-17513	5	6	24	4.4
id-17514	6	8	12	4.0
id-17515	7	3	11	4.3
id-17516	8	11	19	3.5
id-17517	7	3	20	4.2
id-17518	8	8	22	4.2
id-17519	2	4	25	4.7
id-17520	3	2	12	5.0
id-17521	2	2	1	4.0
id-17522	9	5	21	3.3
id-17523	6	2	9	5.0
id-17524	3	3	20	4.7
id-17525	5	9	8	3.1
id-17526	10	7	16	4.1
id-17527	10	8	5	3.0
id-17528	6	4	29	4.3
id-17529	8	5	16	3.5
id-17530	3	4	24	3.7
id-17531	7	5	27	3.9
id-17532	2	2	16	3.9
id-17533	2	2	2	3.8
id-17534	9	9	22	4.8
id-17535	8	16	2	4.5
id-17536	4	4	30	3.4
id-17537	10	20	19	4.7
id-17538	7	2	8	3.0
id-17539	5	10	24	3.5
id-17540	4	8	12	3.6
id-17541	5	6	12	4.8
id-17542	2	2	8	4.2
id-17543	9	8	30	3.5
id-17544	7	10	10	4.3
id-17545	10	13	21	3.8
id-17546	9	2	4	4.9
id-17547	4	4	27	3.8
id-17548	5	2	25	3.9
id-17549	5	3	29	4.8
id-17550	3	6	13	4.7
id-17551	5	8	20	4.8
id-17552	8	10	3	3.3
id-17553	4	3	20	4.8
id-17554	10	10	15	3.0
id-17555	1	2	11	4.6
id-17556	10	7	8	4.0
id-17557	4	4	14	3.1
id-17558	5	8	15	4.2
id-17559	8	8	17	3.8
id-17560	1	2	23	3.3
id-17561	6	9	21	3.6
id-17562	3	2	1	4.5
id-17563	8	12	2	4.9
id-17564	10	7	30	3.7
id-17565	4	8	14	4.7
id-17566	7	6	15	3.5
id-17567	6	7	18	4.9
id-17568	8	13	2	4.4
id-17569	8	2	30	3.7
id-17570	7	10	13	4.4
id-17571	8	16	15	3.1
id-17572	7	13	24	3.3
id-17573	8	9	16	4.5
id-17574	9	14	17	4.0
id-17575	10	9	26	3.2
id-17576	5	10	17	4.4
id-17577	4	2	27	5.0
id-17578	5	3	3	3.7
id-17579	3	3	8	4.2
id-17580	8	14	11	3.6
id-17581	1	2	26	3.7
id-17582	4	3	3	3.5
id-17583	10	3	8	4.6
id-17584	7	10	28	3.2
id-17585	2	4	29	4.8
id-17586	4	4	29	3.6
id-17587	6	11	30	4.1
id-17588	5	8	2	3.0
id-17589	5	8	13	3.4
id-17590	3	4	4	4.4
id-17591	4	8	25	3.4
id-17592	5	3	23	3.5
id-17593	4	3	7	4.7
id-17594	10	8	22	3.8
id-17595	9	9	28	4.2
id-17596	10	19	3	3.0
id-17597	10	6	30	3.8
id-17598	4	6	29	4.4
id-17599	6	2	7	4.9
id-17600	4	2	26	3.6
id-17601	3	5	29	4.2
id-17602	8	13	14	4.5
id-17603	9	7	18	4.5
id-17604	4	2	9	4.2
id-17605	5	2	2	3.8
id-17606	5	4	20	3.3
id-17607	4	6	25	4.2
id-17608	4	3	8	4.5
id-17609	5	7	9	4.5
id-17610	5	10	16	4.5
id-17611	6	4	20	3.8
id-17612	1	2	2	3.3
id-17613	3	2	27	4.1
id-17614	1	2	13	3.0
id-17615	8	9	18	3.2
id-17616	1	2	13	5.0
id-17617	6	2	20	3.8
id-17618	7	10	10	3.2
id-17619	1	2	6	4.9
id-17620	9	9	17	4.2
id-17621	2	4	9	4.3
id-17622	3	2	3	4.7
id-17623	3	6	15	4.3
id-17624	1	2	28	4.3
id-17625	3	5	3	4.7
id-17626	8	12	16	4.2
id-17627	1	2	24	4.2
id-17628	8	4	10	3.2
id-17629	7	12	9	3.7
id-17630	10	18	19	4.9
id-17631	1	2	20	4.7
id-17632	1	2	14	4.8
id-17633	2	2	7	3.4
id-17634	4	3	10	4.4
id-17635	2	4	23	4.8
id-17636	4	7	23	3.8
id-17637	6	9	22	4.2
id-17638	3	4	16	4.6
id-17639	7	11	4	3.9
id-17640	7	13	5	3.9
id-17641	9	11	24	3.7
id-17642	5	9	4	4.5
id-17643	6	8	22	3.9
id-17644	9	11	9	5.0
id-17645	8	4	27	3.1
id-17646	3	3	9	4.6
id-17647	1	2	21	4.2
id-17648	7	13	22	4.1
id-17649	2	4	3	4.0
id-17650	8	7	26	4.6
id-17651	2	4	17	3.2
id-17652	4	5	29	3.1
id-17653	8	2	6	4.5
id-17654	1	2	16	3.8
id-17655	8	7	3	4.0
id-17656	2	2	26	3.0
id-17657	8	16	22	3.2
id-17658	2	2	19	3.2
id-17659	8	3	20	3.5
id-17660	6	7	6	4.4
id-17661	7	7	9	4.8
id-17662	8	12	8	3.8
id-17663	1	2	15	4.1
id-17664	2	3	14	4.6
id-17665	7	7	12	3.2
id-17666	3	5	21	3.9
id-17667	3	3	10	4.6
id-17668	6	4	7	3.5
id-17669	6	11	18	3.1
id-17670	5	3	16	4.6
id-17671	6	7	11	5.0
id-17672	9	17	29	3.4
id-17673	5	4	28	4.9
id-17674	9	8	5	3.8
id-17675	1	2	29	4.8
id-17676	1	2	17	4.9
id-17677	3	6	16	4.4
id-17678	7	7	13	3.8
id-17679	5	6	5	3.4
id-17680	8	9	23	4.2
id-17681	3	3	11	4.5
id-17682	3	2	12	3.0
id-17683	3	5	5	4.0
id-17684	1	2	28	3.9
id-17685	5	5	20	3.1
id-17686	3	6	12	4.0
id-17687	9	7	24	4.0
id-17688	6	12	10	3.2
id-17689	10	19	6	3.8
id-17690	3	6	8	3.1
id-17691	6	10	21	3.8
id-17692	3	4	15	4.1
id-17693	2	2	18	3.2
id-17694	10	13	15	4.3
id-17695	7	13	24	3.1
id-17696	2	3	12	4.2
id-17697	10	11	8	4.3
id-17698	6	8	19	4.6
id-17699	3	5	12	3.4
id-17700	9	16	13	4.6
id-17701	6	11	7	4.6
id-17702	7	4	6	3.7
id-17703	6	12	21	3.1
id-17704	6	7	29	4.8
id-17705	5	5	7	4.6
id-17706	9	15	26	4.3
id-17707	10	4	23	3.3
id-17708	2	2	29	4.3
id-17709	6	6	15	4.6
id-17710	4	5	9	5.0
id-17711	6	2	26	3.1
id-17712	6	9	23	3.3
id-17713	2	4	29	3.1
id-17714	4	7	21	3.2
id-17715	9	2	12	4.3
id-17716	3	6	16	4.0
id-17717	2	4	21	3.2
id-17718	6	2	19	3.2
id-17719	5	8	1	4.7
id-17720	10	19	28	3.6
id-17721	10	13	2	4.3
id-17722	3	5	8	3.3
id-17723	10	10	22	4.2
id-17724	7	12	17	4.2
id-17725	9	17	7	4.8
id-17726	1	2	17	3.6
id-17727	8	3	28	4.6
id-17728	3	6	6	4.8
id-17729	2	2	4	3.3
id-17730	8	3	3	4.1
id-17731	5	3	24	4.4
id-17732	8	11	4	4.6
id-17733	8	8	8	3.1
id-17734	7	14	5	3.6
id-17735	4	5	18	4.9
id-17736	4	4	7	4.0
id-17737	1	2	11	4.8
id-17738	4	7	20	3.1
id-17739	6	5	16	4.1
id-17740	6	8	24	4.5
id-17741	3	4	11	3.4
id-17742	6	10	23	3.8
id-17743	1	2	5	3.1
id-17744	5	2	26	4.7
id-17745	10	5	6	3.4
id-17746	5	3	1	3.4
id-17747	4	6	6	4.4
id-17748	4	8	4	4.6
id-17749	6	4	14	3.8
id-17750	5	7	11	3.5
id-17751	7	13	30	3.7
id-17752	8	14	3	3.1
id-17753	7	2	24	3.3
id-17754	10	11	2	3.8
id-17755	9	18	1	4.9
id-17756	7	13	11	4.1
id-17757	7	13	23	3.9
id-17758	2	2	3	3.3
id-17759	4	7	23	4.9
id-17760	6	12	1	4.5
id-17761	1	2	16	4.8
id-17762	2	2	26	3.2
id-17763	4	4	14	5.0
id-17764	8	15	23	4.9
id-17765	8	13	19	3.4
id-17766	1	2	11	3.5
id-17767	10	8	23	3.0
id-17768	9	13	25	4.5
id-17769	8	7	29	4.2
id-17770	6	11	29	3.1
id-17771	2	2	2	3.5
id-17772	2	4	10	4.4
id-17773	3	5	11	3.1
id-17774	10	19	25	4.4
id-17775	9	12	17	3.4
id-17776	7	3	4	3.2
id-17777	7	8	5	4.3
id-17778	5	7	4	4.9
id-17779	8	11	16	3.1
id-17780	2	4	30	4.0
id-17781	7	13	19	4.8
id-17782	5	3	5	4.6
id-17783	8	12	4	3.2
id-17784	6	7	20	3.3
id-17785	3	6	5	4.4
id-17786	7	14	27	4.4
id-17787	9	8	14	4.4
id-17788	1	2	18	3.7
id-17789	1	2	13	3.7
id-17790	10	18	1	4.2
id-17791	8	12	6	3.3
id-17792	5	9	27	3.7
id-17793	2	2	4	4.1
id-17794	3	2	21	4.3
id-17795	4	3	29	3.9
id-17796	7	12	2	4.2
id-17797	7	7	12	4.6
id-17798	7	3	24	4.0
id-17799	1	2	15	3.1
id-17800	3	4	7	4.4
id-17801	1	2	16	4.8
id-17802	6	8	15	3.3
id-17803	10	4	17	4.1
id-17804	9	4	3	4.5
id-17805	5	6	14	4.3
id-17806	9	4	11	3.5
id-17807	6	3	9	3.3
id-17808	4	8	8	3.4
id-17809	6	7	5	3.8
id-17810	4	6	21	3.2
id-17811	7	6	21	3.1
id-17812	3	4	5	4.5
id-17813	10	5	16	3.8
id-17814	10	3	23	4.4
id-17815	5	10	1	4.8
id-17816	6	2	20	3.8
id-17817	7	12	2	3.0
id-17818	5	3	5	3.3
id-17819	5	7	27	4.4
id-17820	3	6	12	4.0
id-17821	5	10	21	4.5
id-17822	8	4	15	3.6
id-17823	3	4	25	3.3
id-17824	2	3	27	4.4
id-17825	6	8	9	3.4
id-17826	7	4	19	3.8
id-17827	3	3	24	4.7
id-17828	3	3	6	3.4
id-17829	2	4	1	3.6
id-17830	8	9	1	4.1
id-17831	10	14	6	4.9
id-17832	1	2	5	3.4
id-17833	10	15	23	3.6
id-17834	7	6	16	3.8
id-17835	3	3	10	4.7
id-17836	2	4	23	4.6
id-17837	1	2	24	3.8
id-17838	3	4	2	3.8
id-17839	8	9	23	4.9
id-17840	1	2	11	3.0
id-17841	4	7	2	4.0
id-17842	7	8	21	3.9
id-17843	1	2	24	4.1
id-17844	2	4	16	3.6
id-17845	3	5	15	3.7
id-17846	1	2	5	3.2
id-17847	10	11	12	4.6
id-17848	4	6	29	4.1
id-17849	7	3	22	4.4
id-17850	1	2	13	4.2
id-17851	2	2	19	3.4
id-17852	4	8	21	4.5
id-17853	9	13	11	3.3
id-17854	10	6	24	3.9
id-17855	4	7	17	4.0
id-17856	8	14	24	4.7
id-17857	3	6	28	3.6
id-17858	2	3	8	4.0
id-17859	4	5	10	3.1
id-17860	10	3	21	4.0
id-17861	6	12	19	4.3
id-17862	1	2	29	3.1
id-17863	4	8	9	3.5
id-17864	7	7	28	4.6
id-17865	10	19	26	3.4
id-17866	2	2	12	3.7
id-17867	6	8	2	3.2
id-17868	1	2	25	3.6
id-17869	1	2	22	4.2
id-17870	3	5	25	4.9
id-17871	1	2	17	3.8
id-17872	9	15	13	4.1
id-17873	8	10	4	4.2
id-17874	5	6	20	4.1
id-17875	2	4	10	3.5
id-17876	6	7	2	3.3
id-17877	2	3	26	3.5
id-17878	2	3	15	4.3
id-17879	10	16	23	4.6
id-17880	9	4	5	4.1
id-17881	10	15	4	3.6
id-17882	9	15	13	4.0
id-17883	2	4	12	4.5
id-17884	8	8	5	4.6
id-17885	9	18	12	4.8
id-17886	9	5	9	3.5
id-17887	5	4	24	4.3
id-17888	8	3	7	3.9
id-17889	10	16	11	3.5
id-17890	2	2	30	4.4
id-17891	5	4	10	3.1
id-17892	8	5	1	4.2
id-17893	10	4	24	3.0
id-17894	3	2	19	4.6
id-17895	3	3	3	3.8
id-17896	1	2	17	3.4
id-17897	9	2	23	3.3
id-17898	8	4	24	4.7
id-17899	3	4	24	4.3
id-17900	6	10	11	4.3
id-17901	4	3	17	3.4
id-17902	9	8	17	4.8
id-17903	3	4	6	3.7
id-17904	9	3	29	4.2
id-17905	8	6	8	4.6
id-17906	4	5	10	4.4
id-17907	10	16	15	3.9
id-17908	3	6	9	3.1
id-17909	7	12	6	4.2
id-17910	3	5	20	4.0
id-17911	9	15	24	4.6
id-17912	4	8	29	3.5
id-17913	2	2	11	3.8
id-17914	9	14	8	4.6
id-17915	6	6	21	4.7
id-17916	7	12	19	3.9
id-17917	7	5	21	4.3
id-17918	7	3	29	3.8
id-17919	10	17	17	4.8
id-17920	8	5	3	4.6
id-17921	8	16	22	4.6
id-17922	6	7	8	3.5
id-17923	5	7	23	3.8
id-17924	1	2	28	5.0
id-17925	3	4	9	3.8
id-17926	9	6	10	4.4
id-17927	9	3	18	3.9
id-17928	3	2	19	3.7
id-17929	3	5	20	4.9
id-17930	7	10	10	3.6
id-17931	1	2	9	3.2
id-17932	1	2	20	3.9
id-17933	8	12	22	3.6
id-17934	3	6	20	4.0
id-17935	10	17	16	4.8
id-17936	9	14	26	4.6
id-17937	8	15	22	3.9
id-17938	8	12	25	3.7
id-17939	8	7	19	4.4
id-17940	8	11	6	3.1
id-17941	4	4	13	3.8
id-17942	5	4	6	4.8
id-17943	7	14	1	3.5
id-17944	4	3	21	3.1
id-17945	2	3	8	3.2
id-17946	10	17	27	5.0
id-17947	9	6	15	3.7
id-17948	10	2	30	3.2
id-17949	6	6	24	4.6
id-17950	2	4	19	3.7
id-17951	7	10	6	4.4
id-17952	5	8	4	4.0
id-17953	5	7	29	4.8
id-17954	9	12	1	4.1
id-17955	9	7	24	4.0
id-17956	4	5	1	3.4
id-17957	8	10	13	3.3
id-17958	7	6	5	3.2
id-17959	7	2	21	4.2
id-17960	10	15	13	4.3
id-17961	7	14	27	4.2
id-17962	8	3	4	4.6
id-17963	4	4	18	3.2
id-17964	5	5	9	3.7
id-17965	6	4	21	3.2
id-17966	7	13	16	3.6
id-17967	2	4	8	3.4
id-17968	4	6	1	3.1
id-17969	5	2	11	4.2
id-17970	9	9	2	3.6
id-17971	6	4	22	3.5
id-17972	4	6	19	3.7
id-17973	5	10	8	4.9
id-17974	6	6	2	3.1
id-17975	6	2	30	4.8
id-17976	3	4	7	3.5
id-17977	2	4	26	4.0
id-17978	5	10	13	4.1
id-17979	6	4	16	5.0
id-17980	4	8	9	4.7
id-17981	1	2	24	4.4
id-17982	7	5	12	3.6
id-17983	8	13	28	4.0
id-17984	5	9	20	5.0
id-17985	3	5	12	4.9
id-17986	10	12	23	4.0
id-17987	3	5	11	4.4
id-17988	3	3	21	4.9
id-17989	5	10	12	3.2
id-17990	9	4	10	4.0
id-17991	4	3	14	3.1
id-17992	8	15	5	4.9
id-17993	3	2	4	4.3
id-17994	5	2	20	3.3
id-17995	1	2	12	3.6
id-17996	2	2	27	4.6
id-17997	9	10	6	4.0
id-17998	3	4	15	3.8
id-17999	1	2	6	5.0
id-18000	6	5	29	4.9
id-18001	10	14	26	4.6
id-18002	10	12	18	4.4
id-18003	10	2	6	3.0
id-18004	2	4	20	4.5
id-18005	6	6	29	4.5
id-18006	10	12	5	3.0
id-18007	6	3	12	3.5
id-18008	10	16	21	4.1
id-18009	7	5	21	4.8
id-18010	3	6	27	3.1
id-18011	4	3	7	4.9
id-18012	4	6	18	4.0
id-18013	3	3	17	3.8
id-18014	5	9	25	4.1
id-18015	6	3	22	4.4
id-18016	6	12	11	3.4
id-18017	10	20	18	4.8
id-18018	1	2	21	3.7
id-18019	7	13	13	3.0
id-18020	2	3	13	4.1
id-18021	4	8	24	3.2
id-18022	10	3	26	3.9
id-18023	2	3	8	4.4
id-18024	7	6	29	3.6
id-18025	4	7	3	3.1
id-18026	8	8	5	4.8
id-18027	2	3	15	4.8
id-18028	4	7	19	4.4
id-18029	10	10	3	3.9
id-18030	1	2	15	3.2
id-18031	7	5	17	4.0
id-18032	5	9	20	4.8
id-18033	9	2	29	5.0
id-18034	7	13	4	3.8
id-18035	9	17	20	3.7
id-18036	4	4	13	4.9
id-18037	1	2	17	3.9
id-18038	6	9	14	4.8
id-18039	3	6	6	4.4
id-18040	2	4	30	4.5
id-18041	7	7	4	4.0
id-18042	5	10	14	3.5
id-18043	8	9	1	4.7
id-18044	4	4	20	4.8
id-18045	6	6	27	5.0
id-18046	3	6	6	3.9
id-18047	8	16	12	4.1
id-18048	9	13	20	3.0
id-18049	2	3	12	4.0
id-18050	8	11	22	3.5
id-18051	7	9	4	3.0
id-18052	8	4	2	3.4
id-18053	9	5	25	4.9
id-18054	3	2	7	4.2
id-18055	8	11	11	3.5
id-18056	6	10	2	4.1
id-18057	8	10	7	4.3
id-18058	5	6	11	3.9
id-18059	7	8	4	3.7
id-18060	10	3	21	3.2
id-18061	8	10	14	3.4
id-18062	8	14	24	3.5
id-18063	2	3	24	3.6
id-18064	2	2	6	3.3
id-18065	10	2	29	4.7
id-18066	5	2	10	4.9
id-18067	1	2	27	4.0
id-18068	7	4	23	3.1
id-18069	1	2	9	3.9
id-18070	7	9	3	3.3
id-18071	3	5	27	3.8
id-18072	6	6	24	3.3
id-18073	6	9	28	3.6
id-18074	3	6	10	3.7
id-18075	2	2	21	3.8
id-18076	8	13	3	4.1
id-18077	10	11	2	3.8
id-18078	3	4	1	3.3
id-18079	3	5	11	4.9
id-18080	3	3	5	4.2
id-18081	6	5	2	3.5
id-18082	6	7	3	4.8
id-18083	10	9	10	4.3
id-18084	1	2	26	3.4
id-18085	7	2	4	4.2
id-18086	5	6	23	4.4
id-18087	4	8	8	4.5
id-18088	6	9	5	5.0
id-18089	4	8	3	4.2
id-18090	5	2	21	3.1
id-18091	9	10	20	3.4
id-18092	3	4	26	4.6
id-18093	9	14	25	3.0
id-18094	8	15	13	4.6
id-18095	1	2	28	4.2
id-18096	6	8	6	4.7
id-18097	4	8	12	3.6
id-18098	8	6	15	3.4
id-18099	2	2	30	4.8
id-18100	8	8	21	3.6
id-18101	6	8	25	4.5
id-18102	8	9	26	3.5
id-18103	1	2	18	3.2
id-18104	6	9	25	4.5
id-18105	6	6	4	3.4
id-18106	2	2	2	3.3
id-18107	3	2	30	5.0
id-18108	2	4	21	4.7
id-18109	2	4	16	4.7
id-18110	8	9	4	3.3
id-18111	6	9	20	4.3
id-18112	9	6	28	4.2
id-18113	6	12	11	4.2
id-18114	4	8	10	4.9
id-18115	5	3	13	3.2
id-18116	1	2	29	3.2
id-18117	7	10	8	4.4
id-18118	5	7	19	3.5
id-18119	10	5	19	4.9
id-18120	7	12	7	4.0
id-18121	8	12	23	3.6
id-18122	2	3	6	4.4
id-18123	1	2	30	3.0
id-18124	10	3	4	4.1
id-18125	3	3	25	3.8
id-18126	4	4	5	4.8
id-18127	10	5	25	4.9
id-18128	1	2	27	4.7
id-18129	8	15	13	3.6
id-18130	3	2	10	4.5
id-18131	6	6	15	3.2
id-18132	5	7	25	4.1
id-18133	7	6	12	4.8
id-18134	9	13	29	4.4
id-18135	8	12	30	4.5
id-18136	4	3	19	3.9
id-18137	4	5	2	4.2
id-18138	10	4	21	3.1
id-18139	7	10	3	4.1
id-18140	8	9	8	3.5
id-18141	5	7	1	4.6
id-18142	6	12	17	3.6
id-18143	2	3	10	3.8
id-18144	6	4	2	3.3
id-18145	6	11	30	3.4
id-18146	2	2	17	4.8
id-18147	8	14	29	3.3
id-18148	1	2	19	3.5
id-18149	2	3	30	3.5
id-18150	4	8	26	4.4
id-18151	5	4	25	5.0
id-18152	7	14	30	3.4
id-18153	7	11	4	3.8
id-18154	8	6	19	3.6
id-18155	4	6	22	4.1
id-18156	7	9	15	3.8
id-18157	6	5	12	3.2
id-18158	10	18	20	4.9
id-18159	8	14	6	3.3
id-18160	8	13	10	4.3
id-18161	6	4	6	4.2
id-18162	7	9	26	3.5
id-18163	2	3	17	3.8
id-18164	3	3	25	4.2
id-18165	5	7	17	3.3
id-18166	10	17	24	3.4
id-18167	2	2	16	4.7
id-18168	5	8	6	4.6
id-18169	3	2	5	4.0
id-18170	8	7	8	3.9
id-18171	3	4	19	3.3
id-18172	1	2	21	4.2
id-18173	7	6	11	4.4
id-18174	3	3	15	3.4
id-18175	10	7	11	3.5
id-18176	8	5	17	5.0
id-18177	5	5	16	4.3
id-18178	2	4	22	4.7
id-18179	1	2	19	3.7
id-18180	3	5	26	4.5
id-18181	9	5	23	4.5
id-18182	7	10	2	3.7
id-18183	3	4	30	4.7
id-18184	8	4	5	3.4
id-18185	2	2	25	3.5
id-18186	6	9	1	4.3
id-18187	8	3	22	3.9
id-18188	7	6	14	4.6
id-18189	6	11	17	3.2
id-18190	4	2	13	3.2
id-18191	7	3	19	4.1
id-18192	10	14	10	3.1
id-18193	10	15	17	4.8
id-18194	1	2	29	3.5
id-18195	4	2	14	3.1
id-18196	5	9	13	4.5
id-18197	4	7	5	3.6
id-18198	9	7	14	3.4
id-18199	5	10	19	4.9
id-18200	4	6	5	4.6
id-18201	8	16	9	4.8
id-18202	2	3	15	4.5
id-18203	3	3	11	4.0
id-18204	4	5	9	5.0
id-18205	5	5	2	4.0
id-18206	4	7	15	3.1
id-18207	2	4	13	3.1
id-18208	4	4	29	4.2
id-18209	9	16	28	4.6
id-18210	10	10	3	3.6
id-18211	3	5	24	3.3
id-18212	6	2	22	3.2
id-18213	5	7	28	4.7
id-18214	5	6	10	4.9
id-18215	7	5	18	3.3
id-18216	6	7	4	3.6
id-18217	3	6	23	4.9
id-18218	4	8	14	5.0
id-18219	2	4	7	3.1
id-18220	8	6	12	4.6
id-18221	5	7	24	3.6
id-18222	2	4	18	4.6
id-18223	9	17	3	4.5
id-18224	4	8	24	5.0
id-18225	4	6	7	5.0
id-18226	2	3	19	3.1
id-18227	6	5	15	4.4
id-18228	8	11	15	3.8
id-18229	5	10	1	3.5
id-18230	9	9	19	3.3
id-18231	10	11	29	3.6
id-18232	5	9	13	4.5
id-18233	9	15	8	4.3
id-18234	9	12	23	3.8
id-18235	1	2	29	4.9
id-18236	5	6	5	4.0
id-18237	2	3	4	3.3
id-18238	8	5	11	4.4
id-18239	3	3	21	4.4
id-18240	3	6	9	3.3
id-18241	3	5	6	3.0
id-18242	5	5	20	4.5
id-18243	8	13	2	4.4
id-18244	7	10	10	4.0
id-18245	2	3	16	4.7
id-18246	6	10	16	4.3
id-18247	2	2	5	4.4
id-18248	6	4	9	3.7
id-18249	9	14	7	4.1
id-18250	5	4	24	4.6
id-18251	1	2	22	4.4
id-18252	6	10	16	4.5
id-18253	8	10	13	4.8
id-18254	1	2	7	3.2
id-18255	7	13	1	4.6
id-18256	4	8	4	3.4
id-18257	2	3	21	4.2
id-18258	6	3	12	4.0
id-18259	3	4	29	4.7
id-18260	3	6	8	4.7
id-18261	8	13	15	4.3
id-18262	2	4	1	3.5
id-18263	1	2	27	4.7
id-18264	3	2	11	3.5
id-18265	7	2	4	3.4
id-18266	8	15	24	4.9
id-18267	2	4	2	4.8
id-18268	6	7	29	4.6
id-18269	4	8	10	3.1
id-18270	1	2	28	3.9
id-18271	8	6	16	3.6
id-18272	10	20	28	4.5
id-18273	5	9	15	4.8
id-18274	6	4	23	4.4
id-18275	1	2	21	4.5
id-18276	5	2	26	3.8
id-18277	7	2	21	3.1
id-18278	6	2	30	3.0
id-18279	2	3	12	3.3
id-18280	2	3	14	4.1
id-18281	9	4	5	4.9
id-18282	5	4	12	4.6
id-18283	9	6	11	4.4
id-18284	5	7	18	3.2
id-18285	4	3	9	3.4
id-18286	2	4	1	3.6
id-18287	4	8	30	4.9
id-18288	8	13	10	4.6
id-18289	6	12	15	3.9
id-18290	4	4	12	4.9
id-18291	3	2	25	4.6
id-18292	2	4	5	4.4
id-18293	10	10	27	4.8
id-18294	2	2	23	3.7
id-18295	8	7	7	4.6
id-18296	9	12	5	4.9
id-18297	9	17	29	3.7
id-18298	4	2	24	3.7
id-18299	1	2	5	3.5
id-18300	9	10	28	3.8
id-18301	4	7	5	4.6
id-18302	6	3	29	3.0
id-18303	1	2	15	3.9
id-18304	6	12	6	3.0
id-18305	9	7	20	4.9
id-18306	7	12	11	3.5
id-18307	7	4	25	3.9
id-18308	6	10	8	4.6
id-18309	5	2	15	3.9
id-18310	10	11	17	4.8
id-18311	2	2	13	4.9
id-18312	3	6	8	3.6
id-18313	6	6	29	3.9
id-18314	4	8	9	4.5
id-18315	6	10	3	3.0
id-18316	10	7	3	4.0
id-18317	7	14	3	4.1
id-18318	3	2	16	4.5
id-18319	6	9	10	4.2
id-18320	4	3	10	4.9
id-18321	2	3	4	3.3
id-18322	6	2	21	4.1
id-18323	8	9	17	4.8
id-18324	6	9	5	3.0
id-18325	3	3	7	3.5
id-18326	6	11	3	3.6
id-18327	8	3	18	4.4
id-18328	3	2	15	3.8
id-18329	2	4	13	5.0
id-18330	4	6	24	3.1
id-18331	7	6	2	4.1
id-18332	2	2	6	4.0
id-18333	1	2	8	3.0
id-18334	3	2	6	3.6
id-18335	7	2	30	4.8
id-18336	3	2	30	3.1
id-18337	2	4	1	4.0
id-18338	7	13	29	3.9
id-18339	4	4	2	3.1
id-18340	6	6	16	3.2
id-18341	4	8	23	3.0
id-18342	5	6	9	3.6
id-18343	7	8	12	3.6
id-18344	5	9	26	3.8
id-18345	2	4	18	4.6
id-18346	6	11	25	3.8
id-18347	2	2	16	4.0
id-18348	9	11	14	4.5
id-18349	6	6	22	3.7
id-18350	1	2	21	5.0
id-18351	5	3	17	3.8
id-18352	4	8	19	4.0
id-18353	5	9	9	4.1
id-18354	3	4	1	3.7
id-18355	8	3	6	4.8
id-18356	7	3	26	5.0
id-18357	9	3	15	4.1
id-18358	1	2	20	4.5
id-18359	6	11	28	4.2
id-18360	7	4	23	3.7
id-18361	10	2	9	4.4
id-18362	6	10	10	3.2
id-18363	10	13	15	4.0
id-18364	5	2	6	4.1
id-18365	3	3	2	3.5
id-18366	2	4	13	3.1
id-18367	9	13	2	3.5
id-18368	6	10	16	4.9
id-18369	10	15	13	4.6
id-18370	5	6	17	4.3
id-18371	6	12	15	3.2
id-18372	8	5	29	3.2
id-18373	2	4	13	4.4
id-18374	3	6	21	3.0
id-18375	2	2	12	3.1
id-18376	10	6	15	4.9
id-18377	8	2	27	3.6
id-18378	5	4	24	4.0
id-18379	8	6	20	4.5
id-18380	9	18	4	3.7
id-18381	9	18	17	4.9
id-18382	9	11	20	4.4
id-18383	8	6	8	3.9
id-18384	7	11	29	4.9
id-18385	2	2	25	3.9
id-18386	4	4	14	3.7
id-18387	3	3	28	5.0
id-18388	5	5	29	3.1
id-18389	3	5	13	4.6
id-18390	4	8	18	3.1
id-18391	3	3	11	4.6
id-18392	4	4	1	3.7
id-18393	7	13	23	4.4
id-18394	2	2	6	3.5
id-18395	4	3	15	3.5
id-18396	1	2	17	3.4
id-18397	7	9	10	4.5
id-18398	2	2	9	4.2
id-18399	6	9	4	4.1
id-18400	5	7	25	4.7
id-18401	10	4	18	3.8
id-18402	6	12	25	4.0
id-18403	9	12	21	4.6
id-18404	5	7	16	5.0
id-18405	4	5	29	3.5
id-18406	3	5	13	3.8
id-18407	8	9	28	3.8
id-18408	4	7	7	4.0
id-18409	7	11	7	4.2
id-18410	10	13	2	4.4
id-18411	10	20	9	4.1
id-18412	2	4	8	4.4
id-18413	10	11	30	4.3
id-18414	9	12	10	4.6
id-18415	3	4	2	4.4
id-18416	9	3	1	4.2
id-18417	10	16	24	3.9
id-18418	4	5	28	4.3
id-18419	10	11	30	3.7
id-18420	7	9	6	4.1
id-18421	2	3	16	4.8
id-18422	5	5	10	3.5
id-18423	2	3	21	4.9
id-18424	10	13	24	5.0
id-18425	8	3	10	4.7
id-18426	10	15	26	5.0
id-18427	2	2	12	4.5
id-18428	7	9	14	4.5
id-18429	9	2	19	4.3
id-18430	8	9	3	3.6
id-18431	3	4	5	3.9
id-18432	3	5	7	3.8
id-18433	6	2	7	3.5
id-18434	8	6	23	4.6
id-18435	3	5	11	3.6
id-18436	8	9	24	4.6
id-18437	5	7	10	3.2
id-18438	3	4	24	4.7
id-18439	10	10	5	3.9
id-18440	7	11	12	4.1
id-18441	9	7	16	4.5
id-18442	7	3	2	4.1
id-18443	6	8	26	4.0
id-18444	7	11	30	4.7
id-18445	8	12	13	4.2
id-18446	2	3	11	4.2
id-18447	3	6	28	4.2
id-18448	8	13	30	3.1
id-18449	9	15	6	3.2
id-18450	4	3	29	3.5
id-18451	10	3	11	4.8
id-18452	2	3	9	4.7
id-18453	7	5	22	3.8
id-18454	9	14	7	4.1
id-18455	8	7	15	4.4
id-18456	7	4	12	4.5
id-18457	7	2	25	4.7
id-18458	10	5	1	4.8
id-18459	6	9	17	4.9
id-18460	7	6	23	4.1
id-18461	10	4	30	3.2
id-18462	5	10	5	4.0
id-18463	8	7	19	4.6
id-18464	10	15	23	3.9
id-18465	1	2	23	3.1
id-18466	1	2	23	4.0
id-18467	5	5	24	3.1
id-18468	4	7	28	3.3
id-18469	3	2	23	3.2
id-18470	10	9	24	4.9
id-18471	4	6	7	3.1
id-18472	9	4	21	4.4
id-18473	5	5	14	3.7
id-18474	2	3	25	4.4
id-18475	1	2	2	3.0
id-18476	1	2	14	3.6
id-18477	8	8	1	4.2
id-18478	3	4	20	3.4
id-18479	9	15	24	3.0
id-18480	2	4	1	3.5
id-18481	6	7	23	3.6
id-18482	9	7	23	4.2
id-18483	10	6	17	3.3
id-18484	10	18	10	3.2
id-18485	2	3	21	3.6
id-18486	4	8	4	3.3
id-18487	10	5	6	4.4
id-18488	8	2	6	3.5
id-18489	9	6	29	4.9
id-18490	9	9	23	5.0
id-18491	1	2	13	4.8
id-18492	1	2	19	3.2
id-18493	4	3	21	3.3
id-18494	5	9	2	3.5
id-18495	3	3	16	4.3
id-18496	4	7	5	3.3
id-18497	8	3	11	3.1
id-18498	2	4	14	4.9
id-18499	1	2	12	3.1
id-18500	3	5	1	3.8
id-18501	1	2	6	3.3
id-18502	3	5	21	3.3
id-18503	7	7	21	3.5
id-18504	1	2	30	4.1
id-18505	8	8	16	3.2
id-18506	1	2	18	4.7
id-18507	6	9	8	4.7
id-18508	6	12	9	3.3
id-18509	8	11	17	3.6
id-18510	6	11	12	4.5
id-18511	7	12	21	3.3
id-18512	5	8	3	3.2
id-18513	5	2	3	4.7
id-18514	6	10	10	3.4
id-18515	2	3	30	3.3
id-18516	1	2	13	4.3
id-18517	3	6	28	4.3
id-18518	6	11	25	3.7
id-18519	6	3	16	4.9
id-18520	3	6	28	3.8
id-18521	1	2	5	4.2
id-18522	2	2	5	4.7
id-18523	7	9	1	3.8
id-18524	7	4	20	4.8
id-18525	7	10	29	5.0
id-18526	8	16	28	3.3
id-18527	1	2	15	3.1
id-18528	1	2	2	3.9
id-18529	5	4	5	3.8
id-18530	4	5	26	4.7
id-18531	10	8	8	3.2
id-18532	8	4	14	4.4
id-18533	9	2	24	4.3
id-18534	3	4	19	4.1
id-18535	5	4	23	5.0
id-18536	8	13	14	3.2
id-18537	1	2	4	4.8
id-18538	2	3	10	3.7
id-18539	3	2	29	3.1
id-18540	10	18	11	4.0
id-18541	6	4	25	3.7
id-18542	9	18	6	4.1
id-18543	7	14	5	4.3
id-18544	2	2	2	4.2
id-18545	10	18	29	4.9
id-18546	8	12	27	4.8
id-18547	9	16	25	3.6
id-18548	1	2	14	3.2
id-18549	2	4	4	3.5
id-18550	4	8	12	4.5
id-18551	5	4	1	3.5
id-18552	1	2	19	4.9
id-18553	6	8	23	3.4
id-18554	4	3	12	4.8
id-18555	2	4	17	3.9
id-18556	3	5	2	4.5
id-18557	3	5	4	4.9
id-18558	8	9	2	4.7
id-18559	4	8	25	4.2
id-18560	2	2	28	4.7
id-18561	3	5	11	3.3
id-18562	9	7	12	4.2
id-18563	3	5	8	3.3
id-18564	9	10	18	4.3
id-18565	8	6	10	4.9
id-18566	3	4	23	3.5
id-18567	7	6	14	4.4
id-18568	6	3	12	4.4
id-18569	4	8	15	4.9
id-18570	8	7	15	3.6
id-18571	9	5	12	3.5
id-18572	2	4	28	4.3
id-18573	9	2	24	4.6
id-18574	6	7	17	3.3
id-18575	2	3	12	4.8
id-18576	1	2	15	3.7
id-18577	7	10	6	4.3
id-18578	10	10	9	4.4
id-18579	6	5	3	4.4
id-18580	8	9	11	4.8
id-18581	10	17	5	4.6
id-18582	6	12	1	4.9
id-18583	6	11	8	5.0
id-18584	4	3	2	3.7
id-18585	4	8	14	4.4
id-18586	3	5	17	4.6
id-18587	6	11	16	4.8
id-18588	6	2	18	4.8
id-18589	2	3	28	3.8
id-18590	1	2	1	4.0
id-18591	1	2	15	4.9
id-18592	2	3	14	3.5
id-18593	10	17	17	3.4
id-18594	2	3	27	3.1
id-18595	7	8	23	4.5
id-18596	4	4	30	4.1
id-18597	5	6	19	4.7
id-18598	3	4	10	3.3
id-18599	4	3	1	4.9
id-18600	5	8	18	4.6
id-18601	8	10	3	3.5
id-18602	2	4	13	4.3
id-18603	5	4	11	3.1
id-18604	5	3	23	4.2
id-18605	3	4	19	4.2
id-18606	9	15	20	4.1
id-18607	1	2	17	4.4
id-18608	2	4	5	4.4
id-18609	10	14	1	4.8
id-18610	9	18	12	3.1
id-18611	8	16	24	3.9
id-18612	4	6	3	3.4
id-18613	4	7	22	4.2
id-18614	9	15	18	3.3
id-18615	3	3	2	3.3
id-18616	1	2	29	4.1
id-18617	2	3	17	3.9
id-18618	10	11	20	3.4
id-18619	4	3	6	3.7
id-18620	8	16	9	4.1
id-18621	2	3	22	3.7
id-18622	3	5	20	4.9
id-18623	4	7	26	3.5
id-18624	8	15	6	4.0
id-18625	5	9	22	4.1
id-18626	3	3	6	3.2
id-18627	7	4	12	3.9
id-18628	2	3	2	4.0
id-18629	7	9	19	4.7
id-18630	8	9	14	4.8
id-18631	6	8	3	3.7
id-18632	7	5	4	3.3
id-18633	3	4	11	4.6
id-18634	7	12	25	3.7
id-18635	2	3	24	4.5
id-18636	5	9	15	3.2
id-18637	7	14	19	4.0
id-18638	3	5	6	4.5
id-18639	3	4	10	3.1
id-18640	6	5	10	3.4
id-18641	7	13	11	3.6
id-18642	5	7	16	4.1
id-18643	5	7	20	4.5
id-18644	9	8	6	3.1
id-18645	3	5	29	4.2
id-18646	8	9	23	3.4
id-18647	4	6	5	4.9
id-18648	9	5	11	4.7
id-18649	2	4	2	3.1
id-18650	9	17	9	3.0
id-18651	10	2	26	3.6
id-18652	5	10	15	3.4
id-18653	10	13	29	3.6
id-18654	8	9	24	3.5
id-18655	5	6	9	3.4
id-18656	3	5	1	3.3
id-18657	8	8	26	3.1
id-18658	2	2	6	4.6
id-18659	5	7	24	3.9
id-18660	1	2	20	3.1
id-18661	8	2	3	5.0
id-18662	6	11	4	3.5
id-18663	10	5	15	3.5
id-18664	2	2	29	3.8
id-18665	7	11	5	4.0
id-18666	9	2	2	5.0
id-18667	5	4	21	5.0
id-18668	9	4	7	4.4
id-18669	7	4	23	3.9
id-18670	3	3	21	4.2
id-18671	9	16	9	3.8
id-18672	1	2	14	4.6
id-18673	7	10	23	4.6
id-18674	6	5	28	4.7
id-18675	1	2	10	3.9
id-18676	8	6	28	4.7
id-18677	9	12	30	3.2
id-18678	1	2	20	3.4
id-18679	1	2	21	4.8
id-18680	6	6	14	4.6
id-18681	9	8	28	4.6
id-18682	5	7	27	4.7
id-18683	2	3	25	4.2
id-18684	7	10	3	4.7
id-18685	10	15	18	4.4
id-18686	3	4	18	3.7
id-18687	5	7	22	3.4
id-18688	8	5	5	3.9
id-18689	8	14	25	3.2
id-18690	3	2	12	3.4
id-18691	1	2	3	5.0
id-18692	4	6	21	4.3
id-18693	2	2	27	4.7
id-18694	8	8	14	3.5
id-18695	2	4	22	3.5
id-18696	4	2	1	3.7
id-18697	5	6	26	3.5
id-18698	1	2	20	3.0
id-18699	4	2	2	3.3
id-18700	8	4	22	3.4
id-18701	1	2	19	4.9
id-18702	4	8	25	4.7
id-18703	5	4	22	3.5
id-18704	9	12	8	4.7
id-18705	7	2	16	3.9
id-18706	8	13	14	3.5
id-18707	3	4	13	4.9
id-18708	4	2	14	4.9
id-18709	10	15	23	3.0
id-18710	3	6	17	3.8
id-18711	9	2	28	4.2
id-18712	5	10	8	3.5
id-18713	5	4	20	4.0
id-18714	10	13	29	4.5
id-18715	5	10	11	3.5
id-18716	3	5	4	3.2
id-18717	2	2	19	4.2
id-18718	8	5	6	4.7
id-18719	1	2	16	4.4
id-18720	7	14	1	3.2
id-18721	3	6	1	4.5
id-18722	2	4	3	4.4
id-18723	5	10	26	3.3
id-18724	7	10	9	3.8
id-18725	4	3	21	4.8
id-18726	10	11	12	4.6
id-18727	5	3	27	4.9
id-18728	9	15	5	4.1
id-18729	5	5	12	4.2
id-18730	2	4	24	3.8
id-18731	2	2	24	3.0
id-18732	9	6	5	3.7
id-18733	10	8	5	4.0
id-18734	6	2	5	4.9
id-18735	6	12	6	4.2
id-18736	10	15	4	4.2
id-18737	9	15	24	4.0
id-18738	10	7	28	4.7
id-18739	7	3	2	3.5
id-18740	6	5	21	4.5
id-18741	3	4	23	3.2
id-18742	8	5	13	3.8
id-18743	4	5	4	3.1
id-18744	5	4	21	3.7
id-18745	8	13	15	4.7
id-18746	10	2	5	4.2
id-18747	7	4	27	3.8
id-18748	10	12	18	4.8
id-18749	7	14	19	4.8
id-18750	9	12	10	3.7
id-18751	4	7	19	4.4
id-18752	1	2	7	3.1
id-18753	1	2	23	5.0
id-18754	6	10	19	4.4
id-18755	6	2	25	3.3
id-18756	3	3	12	4.9
id-18757	7	4	3	4.4
id-18758	8	3	24	3.7
id-18759	2	3	3	3.2
id-18760	8	5	11	3.2
id-18761	4	5	7	4.6
id-18762	10	13	4	3.4
id-18763	9	15	21	4.6
id-18764	7	8	21	3.8
id-18765	4	5	13	4.7
id-18766	2	4	7	4.0
id-18767	9	16	19	4.1
id-18768	5	9	5	4.3
id-18769	3	6	10	4.1
id-18770	8	15	27	3.4
id-18771	2	4	4	4.1
id-18772	10	13	11	4.5
id-18773	1	2	29	4.0
id-18774	4	8	28	3.3
id-18775	3	2	23	3.5
id-18776	3	6	10	4.2
id-18777	7	5	19	4.2
id-18778	4	5	21	3.9
id-18779	8	16	14	4.1
id-18780	9	4	4	3.9
id-18781	2	3	4	5.0
id-18782	7	3	12	4.0
id-18783	8	5	29	3.4
id-18784	8	5	19	3.2
id-18785	1	2	5	3.7
id-18786	2	3	21	3.8
id-18787	4	6	6	3.3
id-18788	8	15	23	4.2
id-18789	6	3	24	3.9
id-18790	6	11	18	3.5
id-18791	4	2	17	4.0
id-18792	10	7	23	4.7
id-18793	3	2	16	5.0
id-18794	6	8	9	3.8
id-18795	10	8	19	4.8
id-18796	9	4	12	3.3
id-18797	9	13	20	4.5
id-18798	4	8	9	4.5
id-18799	2	2	26	3.4
id-18800	3	2	26	4.1
id-18801	8	9	20	4.8
id-18802	7	5	5	4.5
id-18803	6	2	18	3.3
id-18804	7	12	30	4.7
id-18805	1	2	14	3.3
id-18806	5	8	10	3.5
id-18807	10	5	3	4.8
id-18808	6	3	22	3.6
id-18809	10	4	4	3.2
id-18810	2	2	8	4.0
id-18811	6	2	27	4.7
id-18812	9	12	15	4.4
id-18813	10	16	2	3.1
id-18814	6	4	16	5.0
id-18815	3	3	4	3.4
id-18816	7	5	30	4.6
id-18817	8	5	1	4.5
id-18818	3	6	1	3.7
id-18819	1	2	8	3.8
id-18820	6	10	1	5.0
id-18821	3	4	5	3.5
id-18822	3	3	8	3.4
id-18823	9	2	28	4.4
id-18824	6	9	12	3.1
id-18825	5	7	28	4.8
id-18826	2	2	4	4.9
id-18827	5	2	3	4.6
id-18828	3	6	29	3.8
id-18829	7	2	4	4.3
id-18830	1	2	18	4.9
id-18831	4	5	23	4.5
id-18832	8	11	6	4.3
id-18833	10	18	25	3.6
id-18834	1	2	10	3.1
id-18835	9	8	18	4.9
id-18836	1	2	29	3.7
id-18837	9	11	9	4.2
id-18838	7	5	10	3.5
id-18839	5	3	9	4.8
id-18840	1	2	12	4.8
id-18841	8	16	3	4.7
id-18842	2	4	28	4.3
id-18843	8	16	22	4.8
id-18844	5	7	10	3.6
id-18845	10	7	18	3.9
id-18846	2	2	18	3.7
id-18847	5	5	24	4.0
id-18848	3	6	1	3.8
id-18849	9	7	8	4.5
id-18850	10	2	6	4.4
id-18851	5	9	4	4.2
id-18852	2	3	3	4.8
id-18853	9	14	29	4.2
id-18854	10	7	30	3.2
id-18855	6	5	18	4.9
id-18856	7	4	17	3.7
id-18857	5	6	11	3.6
id-18858	2	2	24	3.8
id-18859	3	3	8	3.9
id-18860	9	10	21	4.4
id-18861	5	3	23	3.4
id-18862	3	4	17	3.1
id-18863	4	3	28	3.8
id-18864	8	7	12	4.7
id-18865	7	10	19	4.1
id-18866	4	4	2	3.9
id-18867	9	16	25	4.5
id-18868	3	4	25	3.9
id-18869	1	2	17	3.4
id-18870	2	3	4	4.5
id-18871	6	11	19	4.6
id-18872	5	2	11	4.2
id-18873	8	13	10	4.0
id-18874	5	3	7	3.9
id-18875	8	13	25	4.7
id-18876	4	6	17	4.6
id-18877	2	2	15	4.6
id-18878	9	2	15	4.6
id-18879	7	13	1	3.3
id-18880	7	9	1	4.7
id-18881	6	4	9	4.8
id-18882	10	14	30	3.8
id-18883	3	2	25	3.0
id-18884	7	5	20	4.7
id-18885	8	11	11	3.0
id-18886	7	9	3	3.5
id-18887	10	10	7	4.0
id-18888	3	2	20	3.0
id-18889	4	3	14	4.1
id-18890	10	12	23	3.5
id-18891	4	2	30	3.6
id-18892	7	3	28	4.6
id-18893	3	2	6	4.8
id-18894	4	5	24	3.6
id-18895	9	18	21	3.8
id-18896	4	4	11	3.7
id-18897	3	4	23	4.0
id-18898	3	2	4	4.5
id-18899	5	2	6	3.3
id-18900	10	8	21	3.2
id-18901	1	2	21	4.4
id-18902	3	6	16	4.2
id-18903	5	6	18	4.5
id-18904	6	4	18	3.9
id-18905	5	2	12	3.7
id-18906	10	15	1	4.5
id-18907	4	2	1	3.7
id-18908	4	6	12	3.2
id-18909	4	2	13	3.1
id-18910	7	2	29	3.1
id-18911	10	8	22	3.9
id-18912	7	3	1	3.7
id-18913	8	14	8	3.8
id-18914	5	8	2	4.5
id-18915	8	14	4	4.0
id-18916	8	3	6	3.4
id-18917	7	5	22	3.2
id-18918	4	2	23	4.4
id-18919	8	7	20	3.2
id-18920	7	6	19	4.0
id-18921	1	2	21	3.8
id-18922	10	3	21	4.9
id-18923	8	3	9	4.4
id-18924	7	13	6	3.5
id-18925	5	5	12	4.7
id-18926	10	19	6	4.1
id-18927	3	2	22	4.4
id-18928	8	8	23	5.0
id-18929	8	5	15	4.7
id-18930	9	11	9	4.1
id-18931	2	3	17	4.6
id-18932	8	16	4	4.7
id-18933	2	4	27	4.5
id-18934	8	15	5	3.0
id-18935	10	16	20	4.7
id-18936	5	6	3	4.9
id-18937	9	7	28	3.6
id-18938	4	6	21	4.2
id-18939	5	2	24	4.3
id-18940	1	2	25	4.7
id-18941	9	5	3	4.5
id-18942	6	2	7	3.4
id-18943	8	14	9	3.6
id-18944	9	12	6	3.9
id-18945	2	4	15	4.9
id-18946	9	5	28	4.0
id-18947	6	6	23	3.3
id-18948	4	4	5	3.0
id-18949	5	3	2	3.4
id-18950	2	4	10	3.2
id-18951	4	4	6	3.7
id-18952	8	13	20	4.5
id-18953	7	4	18	3.5
id-18954	1	2	24	4.3
id-18955	1	2	13	3.2
id-18956	10	9	10	3.2
id-18957	4	6	18	5.0
id-18958	5	6	22	3.0
id-18959	8	15	30	4.5
id-18960	7	2	9	4.6
id-18961	10	7	8	3.2
id-18962	10	16	14	4.5
id-18963	1	2	20	3.2
id-18964	10	15	7	3.3
id-18965	7	11	23	4.2
id-18966	7	8	2	4.0
id-18967	6	7	3	3.5
id-18968	10	7	9	3.3
id-18969	6	12	10	4.2
id-18970	9	18	20	4.4
id-18971	4	6	1	4.1
id-18972	5	5	13	4.5
id-18973	3	6	26	4.0
id-18974	3	5	10	4.7
id-18975	2	4	2	3.8
id-18976	5	5	6	4.2
id-18977	5	3	19	4.2
id-18978	6	5	1	4.9
id-18979	10	17	15	3.9
id-18980	10	17	23	3.8
id-18981	3	5	9	4.6
id-18982	1	2	5	3.9
id-18983	10	11	23	4.5
id-18984	6	3	26	3.3
id-18985	5	4	4	4.2
id-18986	2	3	10	3.1
id-18987	1	2	1	3.5
id-18988	4	2	27	5.0
id-18989	9	4	26	3.6
id-18990	1	2	19	4.7
id-18991	5	3	12	3.0
id-18992	6	3	24	4.4
id-18993	2	3	10	3.6
id-18994	8	5	1	4.4
id-18995	10	19	25	4.8
id-18996	7	14	8	3.2
id-18997	7	12	22	3.8
id-18998	10	12	13	3.4
id-18999	7	4	27	3.0
id-19000	5	9	16	4.1
id-19001	10	3	24	4.7
id-19002	7	6	13	4.5
id-19003	4	8	27	3.8
id-19004	5	3	21	3.9
id-19005	2	4	3	3.6
id-19006	3	6	26	3.6
id-19007	4	4	5	3.2
id-19008	5	10	5	4.2
id-19009	8	4	14	4.5
id-19010	9	9	2	4.7
id-19011	2	4	23	3.1
id-19012	1	2	30	3.4
id-19013	7	6	1	3.4
id-19014	10	14	18	4.7
id-19015	4	8	25	3.6
id-19016	1	2	29	4.3
id-19017	3	6	18	4.0
id-19018	1	2	19	4.8
id-19019	1	2	21	3.0
id-19020	6	6	3	3.5
id-19021	6	6	19	4.2
id-19022	10	11	18	3.6
id-19023	9	3	16	4.0
id-19024	5	4	14	3.9
id-19025	5	2	9	4.1
id-19026	9	14	23	3.0
id-19027	1	2	26	3.0
id-19028	9	9	17	4.1
id-19029	4	2	3	3.9
id-19030	7	11	12	4.4
id-19031	3	5	25	3.4
id-19032	1	2	23	3.8
id-19033	1	2	4	3.1
id-19034	6	3	12	4.4
id-19035	2	4	14	3.8
id-19036	1	2	17	4.1
id-19037	10	13	29	3.7
id-19038	4	2	20	3.1
id-19039	3	3	30	4.4
id-19040	2	2	30	4.5
id-19041	9	18	23	3.4
id-19042	9	17	18	4.1
id-19043	10	16	1	4.6
id-19044	10	14	19	3.6
id-19045	7	13	6	4.5
id-19046	4	7	6	3.7
id-19047	1	2	6	3.8
id-19048	8	12	17	4.7
id-19049	4	3	3	3.0
id-19050	10	6	10	4.1
id-19051	9	17	13	3.9
id-19052	10	4	17	3.6
id-19053	1	2	12	4.9
id-19054	1	2	18	4.3
id-19055	2	2	18	4.6
id-19056	10	17	29	4.1
id-19057	10	7	13	4.6
id-19058	9	9	23	3.3
id-19059	4	8	2	3.7
id-19060	4	7	30	4.5
id-19061	10	15	2	3.8
id-19062	5	6	17	3.7
id-19063	3	4	18	4.2
id-19064	5	5	18	4.7
id-19065	2	4	29	4.9
id-19066	3	4	10	3.7
id-19067	10	16	6	4.1
id-19068	10	13	16	3.0
id-19069	8	3	19	3.2
id-19070	2	4	25	4.9
id-19071	5	3	24	4.6
id-19072	5	3	16	3.8
id-19073	10	7	28	3.6
id-19074	10	20	29	4.0
id-19075	7	12	29	3.5
id-19076	2	4	14	3.4
id-19077	3	4	6	3.9
id-19078	7	2	1	3.7
id-19079	9	18	8	3.8
id-19080	9	14	12	3.1
id-19081	6	6	7	3.2
id-19082	1	2	4	4.7
id-19083	2	2	13	3.9
id-19084	9	7	3	4.9
id-19085	7	13	24	3.8
id-19086	6	3	15	4.0
id-19087	4	2	17	3.2
id-19088	10	9	5	3.5
id-19089	8	5	28	3.0
id-19090	8	3	10	4.0
id-19091	10	2	12	4.2
id-19092	7	7	25	4.0
id-19093	6	10	15	3.1
id-19094	5	9	29	4.1
id-19095	2	3	14	3.5
id-19096	7	11	8	4.9
id-19097	6	2	22	3.6
id-19098	5	9	29	4.0
id-19099	4	5	10	4.6
id-19100	5	8	26	4.4
id-19101	5	9	1	4.6
id-19102	9	7	28	4.2
id-19103	9	8	29	4.8
id-19104	2	3	20	4.3
id-19105	8	14	28	3.2
id-19106	2	3	23	3.9
id-19107	9	13	30	4.1
id-19108	1	2	11	3.4
id-19109	7	9	21	4.3
id-19110	4	5	28	3.5
id-19111	3	3	30	4.8
id-19112	10	19	1	3.5
id-19113	1	2	12	4.4
id-19114	1	2	15	4.3
id-19115	6	8	22	4.9
id-19116	3	4	26	3.7
id-19117	7	4	2	4.8
id-19118	9	16	9	3.4
id-19119	8	6	11	3.6
id-19120	3	4	28	3.2
id-19121	5	9	2	3.5
id-19122	3	5	18	4.5
id-19123	5	6	6	4.9
id-19124	1	2	10	4.3
id-19125	9	2	24	4.8
id-19126	7	8	18	3.5
id-19127	6	2	4	3.2
id-19128	7	5	16	3.8
id-19129	10	16	15	4.2
id-19130	4	5	12	4.5
id-19131	3	6	2	3.9
id-19132	5	2	19	3.2
id-19133	4	6	17	3.8
id-19134	3	3	30	4.8
id-19135	9	14	22	3.9
id-19136	4	5	29	4.9
id-19137	8	9	13	4.7
id-19138	1	2	13	3.4
id-19139	10	7	27	3.3
id-19140	9	3	14	4.8
id-19141	10	7	8	4.8
id-19142	1	2	10	4.0
id-19143	3	2	1	3.5
id-19144	10	8	14	4.6
id-19145	6	10	7	3.2
id-19146	1	2	6	4.1
id-19147	7	14	6	3.5
id-19148	7	9	26	3.2
id-19149	5	3	10	4.6
id-19150	5	9	23	3.1
id-19151	2	2	28	4.8
id-19152	2	4	15	4.2
id-19153	5	5	5	3.5
id-19154	9	5	7	4.2
id-19155	9	2	17	4.6
id-19156	1	2	16	4.7
id-19157	1	2	17	3.2
id-19158	4	3	15	3.1
id-19159	5	2	7	3.0
id-19160	10	9	1	3.5
id-19161	9	13	27	5.0
id-19162	3	6	24	4.3
id-19163	1	2	10	5.0
id-19164	6	11	17	4.4
id-19165	6	7	30	4.1
id-19166	1	2	7	3.0
id-19167	8	12	4	4.8
id-19168	3	3	28	3.2
id-19169	2	3	24	3.5
id-19170	2	4	18	3.9
id-19171	10	19	27	4.3
id-19172	1	2	30	3.2
id-19173	6	7	2	4.1
id-19174	7	14	15	5.0
id-19175	8	8	6	4.7
id-19176	8	15	2	5.0
id-19177	10	20	2	4.7
id-19178	9	9	19	3.0
id-19179	5	3	28	4.6
id-19180	7	2	6	4.2
id-19181	8	9	22	4.2
id-19182	3	5	29	3.6
id-19183	5	7	4	4.2
id-19184	7	10	9	3.7
id-19185	4	8	2	4.7
id-19186	9	13	2	4.3
id-19187	9	13	8	4.8
id-19188	7	11	23	3.5
id-19189	4	4	24	4.6
id-19190	5	10	8	4.8
id-19191	8	11	28	4.1
id-19192	6	12	20	3.1
id-19193	10	17	28	3.8
id-19194	2	2	4	3.7
id-19195	4	2	5	4.1
id-19196	6	7	17	4.1
id-19197	5	6	19	3.2
id-19198	8	16	6	3.9
id-19199	3	2	9	4.7
id-19200	6	9	8	3.1
id-19201	10	18	25	4.3
id-19202	7	8	9	3.6
id-19203	3	6	13	3.7
id-19204	4	4	9	3.5
id-19205	3	4	5	3.6
id-19206	10	20	21	3.4
id-19207	4	7	5	3.3
id-19208	3	6	3	4.8
id-19209	1	2	3	4.6
id-19210	9	6	4	3.0
id-19211	4	7	3	5.0
id-19212	8	12	28	4.8
id-19213	2	4	2	4.7
id-19214	8	11	6	3.0
id-19215	2	2	12	4.7
id-19216	5	10	13	3.3
id-19217	3	3	30	4.8
id-19218	6	3	27	3.7
id-19219	1	2	2	3.4
id-19220	8	5	6	3.4
id-19221	10	20	17	4.6
id-19222	3	3	1	4.2
id-19223	3	5	21	4.9
id-19224	4	2	15	4.3
id-19225	1	2	3	3.9
id-19226	7	8	24	3.4
id-19227	9	16	12	3.7
id-19228	2	2	7	4.1
id-19229	6	7	29	3.1
id-19230	1	2	5	3.4
id-19231	4	4	26	3.6
id-19232	10	8	27	4.2
id-19233	3	3	8	3.2
id-19234	2	3	8	3.8
id-19235	10	6	29	3.0
id-19236	10	15	10	3.2
id-19237	10	9	1	3.8
id-19238	10	5	6	3.2
id-19239	4	2	9	4.2
id-19240	7	12	19	4.5
id-19241	1	2	19	3.2
id-19242	8	12	24	4.6
id-19243	10	15	22	4.7
id-19244	2	3	9	3.3
id-19245	8	3	7	4.3
id-19246	7	8	15	4.6
id-19247	4	2	27	4.3
id-19248	6	9	16	5.0
id-19249	3	3	19	3.5
id-19250	4	2	15	4.2
id-19251	9	9	27	4.5
id-19252	5	8	5	3.1
id-19253	9	18	24	4.2
id-19254	3	6	21	4.2
id-19255	1	2	22	4.6
id-19256	7	9	30	4.3
id-19257	2	4	17	3.5
id-19258	7	10	18	4.1
id-19259	3	4	24	4.0
id-19260	7	3	19	4.2
id-19261	5	7	28	3.1
id-19262	2	2	29	4.6
id-19263	8	11	16	4.1
id-19264	9	18	17	4.6
id-19265	5	6	20	3.2
id-19266	2	3	6	4.2
id-19267	9	9	20	3.5
id-19268	10	5	27	3.3
id-19269	7	6	18	4.5
id-19270	9	2	9	5.0
id-19271	2	2	4	4.2
id-19272	5	7	27	4.9
id-19273	8	11	15	4.7
id-19274	1	2	24	4.6
id-19275	9	13	7	3.7
id-19276	3	5	10	3.5
id-19277	8	13	29	3.5
id-19278	8	10	29	4.0
id-19279	8	6	3	3.3
id-19280	3	2	22	4.5
id-19281	5	2	17	4.6
id-19282	9	4	13	4.4
id-19283	6	10	24	3.3
id-19284	4	6	26	4.5
id-19285	8	7	19	4.6
id-19286	4	6	2	4.4
id-19287	9	15	1	3.2
id-19288	2	3	5	3.2
id-19289	10	12	7	3.6
id-19290	7	3	3	3.2
id-19291	1	2	27	4.5
id-19292	3	4	1	4.0
id-19293	1	2	7	3.3
id-19294	9	11	15	3.2
id-19295	7	11	29	3.3
id-19296	10	10	11	3.7
id-19297	6	12	1	4.2
id-19298	6	3	21	3.7
id-19299	7	11	13	5.0
id-19300	8	6	6	4.0
id-19301	6	12	16	3.1
id-19302	2	4	12	4.4
id-19303	4	2	1	4.5
id-19304	1	2	3	3.6
id-19305	2	4	21	3.1
id-19306	4	3	23	4.7
id-19307	1	2	4	4.9
id-19308	3	5	8	3.6
id-19309	10	8	11	3.3
id-19310	3	3	23	3.4
id-19311	5	4	28	3.2
id-19312	1	2	18	4.1
id-19313	3	6	23	3.3
id-19314	5	9	17	3.8
id-19315	3	3	24	3.5
id-19316	7	6	18	3.3
id-19317	6	12	7	3.8
id-19318	7	9	10	3.3
id-19319	8	2	30	4.9
id-19320	4	2	4	3.9
id-19321	9	2	18	3.6
id-19322	3	5	17	4.8
id-19323	2	4	17	4.4
id-19324	7	6	11	3.8
id-19325	9	17	11	3.9
id-19326	5	7	17	4.6
id-19327	6	4	29	4.9
id-19328	1	2	11	3.6
id-19329	8	12	27	3.3
id-19330	1	2	27	4.8
id-19331	9	9	2	3.4
id-19332	1	2	6	4.7
id-19333	4	3	7	3.5
id-19334	1	2	20	3.1
id-19335	8	15	6	3.7
id-19336	6	10	2	4.1
id-19337	1	2	1	3.5
id-19338	2	2	8	4.8
id-19339	5	10	1	3.4
id-19340	8	5	22	4.5
id-19341	6	7	30	3.0
id-19342	4	2	30	4.0
id-19343	3	6	19	4.1
id-19344	5	8	16	4.6
id-19345	5	9	28	3.0
id-19346	1	2	30	5.0
id-19347	3	6	27	3.4
id-19348	2	4	8	3.9
id-19349	1	2	26	4.9
id-19350	6	7	25	5.0
id-19351	9	12	30	3.9
id-19352	3	3	9	4.4
id-19353	8	10	26	4.2
id-19354	1	2	20	4.0
id-19355	1	2	10	3.3
id-19356	10	14	18	4.2
id-19357	3	3	29	4.7
id-19358	10	15	25	4.5
id-19359	3	5	5	3.3
id-19360	9	13	22	4.9
id-19361	4	5	3	3.0
id-19362	10	11	25	4.9
id-19363	9	16	6	3.1
id-19364	9	18	12	4.2
id-19365	8	12	1	3.5
id-19366	3	3	25	4.6
id-19367	8	4	10	3.7
id-19368	9	8	18	4.8
id-19369	1	2	7	5.0
id-19370	4	4	28	3.0
id-19371	8	2	3	3.7
id-19372	10	13	7	3.2
id-19373	3	3	12	4.9
id-19374	9	8	8	3.8
id-19375	2	4	26	4.0
id-19376	3	4	17	4.1
id-19377	1	2	4	4.5
id-19378	10	19	19	3.2
id-19379	8	8	22	3.8
id-19380	7	4	20	4.6
id-19381	3	5	19	4.9
id-19382	10	3	26	4.7
id-19383	9	5	15	4.8
id-19384	1	2	26	5.0
id-19385	1	2	14	4.0
id-19386	5	6	13	3.8
id-19387	8	9	16	4.1
id-19388	3	3	8	4.6
id-19389	10	11	2	3.6
id-19390	8	12	18	4.3
id-19391	1	2	17	3.2
id-19392	2	4	23	3.4
id-19393	3	2	1	3.1
id-19394	1	2	24	3.8
id-19395	5	2	18	3.1
id-19396	7	11	4	3.6
id-19397	8	13	8	4.0
id-19398	3	4	9	3.7
id-19399	6	3	21	3.1
id-19400	4	2	8	4.0
id-19401	4	2	5	3.9
id-19402	5	3	12	3.6
id-19403	4	6	19	4.5
id-19404	6	9	7	4.4
id-19405	10	17	22	4.0
id-19406	1	2	12	4.4
id-19407	3	3	1	4.4
id-19408	6	3	14	4.5
id-19409	9	13	30	5.0
id-19410	3	4	22	4.0
id-19411	5	10	28	3.3
id-19412	9	11	11	3.1
id-19413	1	2	30	3.8
id-19414	6	11	7	3.8
id-19415	4	7	7	3.3
id-19416	5	8	10	3.8
id-19417	6	8	22	4.7
id-19418	9	10	17	3.0
id-19419	8	7	7	4.3
id-19420	1	2	5	4.7
id-19421	6	9	24	4.8
id-19422	7	12	25	3.8
id-19423	6	5	12	5.0
id-19424	5	4	29	3.7
id-19425	2	2	9	3.3
id-19426	9	11	6	3.1
id-19427	8	11	11	4.6
id-19428	2	3	28	3.7
id-19429	3	3	1	4.7
id-19430	7	7	4	3.3
id-19431	3	2	28	4.9
id-19432	9	13	15	4.0
id-19433	10	7	11	3.9
id-19434	6	4	8	4.4
id-19435	9	15	13	4.9
id-19436	6	11	27	3.5
id-19437	3	6	8	4.8
id-19438	10	18	11	3.8
id-19439	9	12	19	4.9
id-19440	1	2	15	4.2
id-19441	6	8	4	4.9
id-19442	7	6	29	3.1
id-19443	8	9	15	3.5
id-19444	2	3	11	4.3
id-19445	7	14	25	4.1
id-19446	1	2	9	4.5
id-19447	8	10	28	4.8
id-19448	1	2	23	3.1
id-19449	9	8	27	3.8
id-19450	1	2	20	4.3
id-19451	3	6	19	4.9
id-19452	9	14	10	4.0
id-19453	3	6	12	3.7
id-19454	6	3	16	4.7
id-19455	3	6	21	4.8
id-19456	10	15	9	3.6
id-19457	6	11	14	3.2
id-19458	8	14	24	4.4
id-19459	6	4	23	3.9
id-19460	5	3	9	4.3
id-19461	3	3	19	4.7
id-19462	3	2	2	4.6
id-19463	4	6	1	3.5
id-19464	9	14	10	4.8
id-19465	8	10	22	3.8
id-19466	8	11	22	3.5
id-19467	10	15	28	4.5
id-19468	3	5	25	4.8
id-19469	6	2	7	3.3
id-19470	1	2	25	3.4
id-19471	9	16	3	3.4
id-19472	1	2	29	4.3
id-19473	3	2	27	3.5
id-19474	1	2	25	4.1
id-19475	3	6	11	4.3
id-19476	8	12	9	3.5
id-19477	2	4	9	4.5
id-19478	6	11	9	4.2
id-19479	10	14	23	3.6
id-19480	10	2	28	4.9
id-19481	5	5	22	4.8
id-19482	8	15	27	4.4
id-19483	10	15	6	3.4
id-19484	10	2	1	3.6
id-19485	9	3	26	4.8
id-19486	4	5	21	3.3
id-19487	8	15	9	3.1
id-19488	5	4	10	4.8
id-19489	7	7	15	4.9
id-19490	2	2	1	3.5
id-19491	5	9	19	5.0
id-19492	1	2	6	4.9
id-19493	6	2	28	3.3
id-19494	5	10	28	3.9
id-19495	1	2	6	4.4
id-19496	3	4	7	3.7
id-19497	4	4	30	3.9
id-19498	6	11	24	5.0
id-19499	6	6	16	3.0
id-19500	8	6	12	3.6
id-19501	7	8	21	3.8
id-19502	2	3	5	4.0
id-19503	10	12	20	3.9
id-19504	4	4	23	3.7
id-19505	5	5	20	4.7
id-19506	1	2	10	4.6
id-19507	10	11	22	4.2
id-19508	5	10	24	4.9
id-19509	7	10	11	4.6
id-19510	5	5	11	3.0
id-19511	10	10	11	3.9
id-19512	9	5	19	3.8
id-19513	7	11	2	4.6
id-19514	3	5	8	4.5
id-19515	6	8	12	4.0
id-19516	9	14	15	4.3
id-19517	7	6	1	3.7
id-19518	7	12	14	3.1
id-19519	7	12	25	4.5
id-19520	5	8	10	3.3
id-19521	10	16	19	3.9
id-19522	7	10	12	3.2
id-19523	2	2	2	4.4
id-19524	7	14	20	3.1
id-19525	5	10	27	4.0
id-19526	3	3	15	3.9
id-19527	9	16	29	4.4
id-19528	7	10	25	4.6
id-19529	7	5	3	3.5
id-19530	8	5	1	3.2
id-19531	6	8	14	3.7
id-19532	8	6	1	4.3
id-19533	3	3	7	4.0
id-19534	6	8	8	3.7
id-19535	10	2	17	4.8
id-19536	8	14	9	3.0
id-19537	5	5	2	4.1
id-19538	7	14	2	4.8
id-19539	8	5	21	4.3
id-19540	10	8	16	4.9
id-19541	8	14	24	3.6
id-19542	8	11	1	3.9
id-19543	8	4	20	3.1
id-19544	4	8	9	3.5
id-19545	8	14	24	4.8
id-19546	3	3	3	3.6
id-19547	1	2	28	4.5
id-19548	2	4	27	3.2
id-19549	10	11	18	3.9
id-19550	3	3	14	4.3
id-19551	1	2	28	5.0
id-19552	8	4	14	4.7
id-19553	2	2	9	3.1
id-19554	8	2	15	3.4
id-19555	7	10	21	4.0
id-19556	2	4	2	3.7
id-19557	10	4	11	3.9
id-19558	8	6	13	4.3
id-19559	3	2	9	4.6
id-19560	7	13	15	3.4
id-19561	4	3	4	3.3
id-19562	4	5	27	3.2
id-19563	3	3	6	4.3
id-19564	6	6	26	4.0
id-19565	10	6	12	4.7
id-19566	6	5	26	4.4
id-19567	3	2	15	4.0
id-19568	2	4	15	3.0
id-19569	10	11	2	3.9
id-19570	3	6	30	4.5
id-19571	4	8	18	4.3
id-19572	4	5	21	3.9
id-19573	6	10	11	4.4
id-19574	8	5	16	4.5
id-19575	1	2	27	4.5
id-19576	10	17	9	3.9
id-19577	5	8	19	4.7
id-19578	10	6	6	4.8
id-19579	10	20	23	3.6
id-19580	7	6	11	3.1
id-19581	2	2	11	3.2
id-19582	9	11	19	3.3
id-19583	1	2	8	3.0
id-19584	2	4	5	3.1
id-19585	8	3	4	4.5
id-19586	6	2	5	4.8
id-19587	4	6	14	4.7
id-19588	3	3	30	4.3
id-19589	6	12	18	3.8
id-19590	4	8	12	4.6
id-19591	10	9	9	4.9
id-19592	5	8	12	3.5
id-19593	6	4	14	3.2
id-19594	10	11	1	3.5
id-19595	8	10	6	4.3
id-19596	1	2	16	3.8
id-19597	8	13	22	4.0
id-19598	10	6	6	3.4
id-19599	5	7	30	4.1
id-19600	8	5	10	3.6
id-19601	5	6	15	4.1
id-19602	3	5	20	3.2
id-19603	10	15	4	4.5
id-19604	8	10	4	4.3
id-19605	8	7	15	3.3
id-19606	10	12	3	3.5
id-19607	2	3	22	3.3
id-19608	6	9	13	3.2
id-19609	8	13	4	4.6
id-19610	6	11	12	4.1
id-19611	3	4	12	3.2
id-19612	3	5	16	3.2
id-19613	1	2	5	4.6
id-19614	7	3	2	4.7
id-19615	2	2	8	3.1
id-19616	5	6	17	4.9
id-19617	9	4	13	4.3
id-19618	10	17	7	4.1
id-19619	5	4	13	4.8
id-19620	10	19	15	4.2
id-19621	3	5	16	3.1
id-19622	6	3	1	4.7
id-19623	5	4	26	4.8
id-19624	1	2	19	3.8
id-19625	10	20	23	4.3
id-19626	7	13	4	4.7
id-19627	9	10	25	3.6
id-19628	10	8	16	3.7
id-19629	1	2	22	4.1
id-19630	7	13	4	4.2
id-19631	7	10	12	4.5
id-19632	5	4	30	4.8
id-19633	8	15	1	4.5
id-19634	2	2	13	3.9
id-19635	3	5	14	3.7
id-19636	6	10	6	3.7
id-19637	10	5	2	3.2
id-19638	7	7	17	3.4
id-19639	1	2	21	3.4
id-19640	8	15	1	4.6
id-19641	2	3	24	4.8
id-19642	3	6	7	4.7
id-19643	5	10	21	4.8
id-19644	1	2	5	4.7
id-19645	9	17	19	3.5
id-19646	2	3	26	5.0
id-19647	6	10	1	3.4
id-19648	8	5	20	3.6
id-19649	2	3	8	4.4
id-19650	6	8	27	4.7
id-19651	4	8	12	4.2
id-19652	3	3	12	3.9
id-19653	5	8	10	3.0
id-19654	1	2	26	3.6
id-19655	10	17	30	4.4
id-19656	7	10	3	4.0
id-19657	1	2	8	3.5
id-19658	5	6	27	4.9
id-19659	2	3	6	4.1
id-19660	5	8	26	3.4
id-19661	7	6	14	4.1
id-19662	2	4	1	3.4
id-19663	9	4	26	4.2
id-19664	6	4	17	4.2
id-19665	9	10	22	3.0
id-19666	8	6	28	4.3
id-19667	4	5	9	4.6
id-19668	9	12	15	3.8
id-19669	4	2	29	3.9
id-19670	2	3	11	3.7
id-19671	1	2	19	3.0
id-19672	9	10	2	3.6
id-19673	7	12	17	4.3
id-19674	4	3	28	4.9
id-19675	4	4	6	5.0
id-19676	7	11	15	4.2
id-19677	10	8	30	4.9
id-19678	5	8	21	4.3
id-19679	7	11	17	5.0
id-19680	7	9	25	4.1
id-19681	6	10	27	3.8
id-19682	9	16	3	3.7
id-19683	7	3	6	3.4
id-19684	10	16	11	4.8
id-19685	10	16	4	3.9
id-19686	9	14	30	4.9
id-19687	5	10	18	3.7
id-19688	8	7	16	4.1
id-19689	8	14	18	4.4
id-19690	1	2	20	3.8
id-19691	8	8	22	3.3
id-19692	2	3	22	3.8
id-19693	5	2	27	3.6
id-19694	8	10	22	3.7
id-19695	10	4	24	4.5
id-19696	3	5	12	3.8
id-19697	9	15	24	4.9
id-19698	5	2	7	4.0
id-19699	4	6	22	4.6
id-19700	9	11	7	4.6
id-19701	7	4	2	4.6
id-19702	3	3	4	4.2
id-19703	10	18	11	4.3
id-19704	4	4	14	3.7
id-19705	2	4	29	3.1
id-19706	1	2	16	4.7
id-19707	4	7	30	4.2
id-19708	4	5	24	4.5
id-19709	5	10	20	3.6
id-19710	6	6	27	4.0
id-19711	1	2	14	3.2
id-19712	1	2	1	3.1
id-19713	5	5	25	3.6
id-19714	10	3	8	4.7
id-19715	2	4	24	3.6
id-19716	2	4	12	4.1
id-19717	5	10	25	4.9
id-19718	9	6	8	3.2
id-19719	10	14	20	3.6
id-19720	2	2	10	4.7
id-19721	9	5	9	4.7
id-19722	7	11	29	3.0
id-19723	1	2	8	4.8
id-19724	1	2	27	3.9
id-19725	9	4	3	4.7
id-19726	4	6	18	3.9
id-19727	9	13	8	4.2
id-19728	8	5	2	3.6
id-19729	8	8	29	3.2
id-19730	4	4	16	5.0
id-19731	5	8	4	4.7
id-19732	6	7	23	4.8
id-19733	10	20	6	4.7
id-19734	8	2	3	4.4
id-19735	5	10	27	3.3
id-19736	1	2	11	4.7
id-19737	7	3	17	4.9
id-19738	6	9	24	3.5
id-19739	3	6	18	3.1
id-19740	6	6	16	4.1
id-19741	4	8	14	3.4
id-19742	6	6	27	4.3
id-19743	6	12	27	3.2
id-19744	1	2	21	3.2
id-19745	4	7	27	4.5
id-19746	3	4	10	4.3
id-19747	6	5	15	3.7
id-19748	3	5	10	4.4
id-19749	8	9	11	3.3
id-19750	2	2	7	3.4
id-19751	2	4	2	4.9
id-19752	5	10	4	4.4
id-19753	5	8	25	3.9
id-19754	10	13	13	3.3
id-19755	5	5	20	3.2
id-19756	4	4	18	3.3
id-19757	3	3	9	4.5
id-19758	5	5	19	4.6
id-19759	8	4	9	4.4
id-19760	1	2	19	4.5
id-19761	5	3	30	3.8
id-19762	7	2	11	4.1
id-19763	7	10	26	3.7
id-19764	10	19	12	4.6
id-19765	8	14	10	3.0
id-19766	5	10	26	4.3
id-19767	8	6	1	4.5
id-19768	5	2	9	4.4
id-19769	10	4	20	3.7
id-19770	9	10	1	3.7
id-19771	10	2	30	4.9
id-19772	5	7	24	4.2
id-19773	10	20	26	3.9
id-19774	2	2	1	4.0
id-19775	4	5	1	3.8
id-19776	10	11	16	3.5
id-19777	5	8	27	3.7
id-19778	4	6	10	4.1
id-19779	10	6	8	3.7
id-19780	9	16	11	3.1
id-19781	1	2	25	4.9
id-19782	1	2	22	3.2
id-19783	6	10	12	3.4
id-19784	8	6	22	3.0
id-19785	4	7	6	3.8
id-19786	3	3	1	3.5
id-19787	9	16	17	4.1
id-19788	6	10	3	3.2
id-19789	6	7	13	3.5
id-19790	6	8	12	3.9
id-19791	1	2	13	4.8
id-19792	9	16	15	4.2
id-19793	10	11	9	4.6
id-19794	4	7	2	4.1
id-19795	6	9	3	3.9
id-19796	8	3	12	4.7
id-19797	6	7	20	4.1
id-19798	7	5	20	3.2
id-19799	8	14	29	4.7
id-19800	9	9	2	4.6
id-19801	1	2	4	4.8
id-19802	10	11	21	3.5
id-19803	9	11	27	4.5
id-19804	3	5	4	3.4
id-19805	4	7	25	3.5
id-19806	1	2	5	4.7
id-19807	3	5	29	3.7
id-19808	5	3	29	3.5
id-19809	8	14	13	3.1
id-19810	1	2	18	4.0
id-19811	7	9	30	4.1
id-19812	1	2	6	3.6
id-19813	4	4	30	3.7
id-19814	7	14	30	3.4
id-19815	10	5	24	4.9
id-19816	1	2	13	4.6
id-19817	3	6	27	4.8
id-19818	9	4	8	3.1
id-19819	10	5	19	4.7
id-19820	8	13	30	3.0
id-19821	1	2	14	4.6
id-19822	9	17	11	4.0
id-19823	9	11	28	3.5
id-19824	7	3	6	4.8
id-19825	2	4	1	4.2
id-19826	6	5	16	4.9
id-19827	7	4	28	3.8
id-19828	8	14	25	3.3
id-19829	5	4	8	3.2
id-19830	1	2	28	3.3
id-19831	4	4	17	3.2
id-19832	9	3	8	3.1
id-19833	10	12	27	3.9
id-19834	1	2	6	4.8
id-19835	8	13	28	4.1
id-19836	1	2	21	3.5
id-19837	1	2	13	3.9
id-19838	9	7	11	4.7
id-19839	3	5	3	4.0
id-19840	9	13	19	3.7
id-19841	6	11	3	3.9
id-19842	3	3	12	4.4
id-19843	6	11	6	4.8
id-19844	6	9	16	4.7
id-19845	6	7	17	4.6
id-19846	10	5	6	4.4
id-19847	1	2	11	3.7
id-19848	4	6	9	4.9
id-19849	3	5	5	4.2
id-19850	8	3	17	4.8
id-19851	4	8	27	3.6
id-19852	7	7	15	4.2
id-19853	9	13	22	3.2
id-19854	6	8	11	4.4
id-19855	5	4	12	5.0
id-19856	9	17	5	3.9
id-19857	4	6	8	4.5
id-19858	2	4	22	4.4
id-19859	6	2	6	4.4
id-19860	2	4	21	4.0
id-19861	3	4	23	4.9
id-19862	2	3	9	3.4
id-19863	7	9	2	3.6
id-19864	6	12	19	3.7
id-19865	1	2	9	3.4
id-19866	10	6	20	3.8
id-19867	3	4	11	4.5
id-19868	3	5	28	4.7
id-19869	1	2	7	4.8
id-19870	10	6	24	4.4
id-19871	4	4	23	4.8
id-19872	3	5	13	3.7
id-19873	7	3	6	3.3
id-19874	7	9	3	4.9
id-19875	1	2	10	4.6
id-19876	1	2	26	4.4
id-19877	1	2	17	3.3
id-19878	3	6	12	4.8
id-19879	10	10	15	4.1
id-19880	7	5	28	4.4
id-19881	9	4	22	4.5
id-19882	10	12	25	4.0
id-19883	5	2	23	3.3
id-19884	4	8	25	4.3
id-19885	2	4	11	3.7
id-19886	1	2	4	3.3
id-19887	8	11	17	4.9
id-19888	7	13	6	3.2
id-19889	3	2	26	3.9
id-19890	2	4	13	4.1
id-19891	2	3	22	4.5
id-19892	6	11	19	4.4
id-19893	2	3	2	4.7
id-19894	2	2	1	4.7
id-19895	1	2	7	3.2
id-19896	8	14	24	3.0
id-19897	8	13	23	3.0
id-19898	4	8	8	3.9
id-19899	3	4	24	4.2
id-19900	5	10	13	4.5
id-19901	8	4	23	3.0
id-19902	4	7	18	3.9
id-19903	5	10	7	3.0
id-19904	7	13	26	4.4
id-19905	1	2	5	5.0
id-19906	8	7	1	3.5
id-19907	6	11	4	3.5
id-19908	3	6	15	3.6
id-19909	4	6	7	4.8
id-19910	1	2	26	5.0
id-19911	4	5	11	3.7
id-19912	10	13	12	4.4
id-19913	4	8	22	4.5
id-19914	5	4	12	4.5
id-19915	10	16	13	3.5
id-19916	5	3	22	3.5
id-19917	9	6	6	3.1
id-19918	6	11	22	3.6
id-19919	4	2	25	3.3
id-19920	10	6	25	3.8
id-19921	9	6	12	4.5
id-19922	10	14	23	3.7
id-19923	10	20	25	4.9
id-19924	7	4	1	4.4
id-19925	1	2	15	4.7
id-19926	7	10	21	5.0
id-19927	4	2	2	4.3
id-19928	9	4	3	3.1
id-19929	8	9	23	3.2
id-19930	4	4	15	3.1
id-19931	9	9	7	3.1
id-19932	5	10	29	4.5
id-19933	2	3	28	3.1
id-19934	1	2	22	4.6
id-19935	6	8	24	4.8
id-19936	4	6	15	4.1
id-19937	3	2	26	4.1
id-19938	10	17	6	3.9
id-19939	6	4	3	4.9
id-19940	9	12	25	3.8
id-19941	5	5	19	4.9
id-19942	4	4	6	3.2
id-19943	1	2	25	3.5
id-19944	6	2	30	3.0
id-19945	8	5	14	4.2
id-19946	8	12	23	4.5
id-19947	1	2	27	4.5
id-19948	3	4	10	4.5
id-19949	9	10	23	4.6
id-19950	10	13	13	3.2
id-19951	4	3	17	3.7
id-19952	3	6	11	4.3
id-19953	4	6	9	4.2
id-19954	3	4	9	4.1
id-19955	7	3	19	3.4
id-19956	1	2	24	4.7
id-19957	3	5	2	3.1
id-19958	10	18	1	3.5
id-19959	2	2	12	3.9
id-19960	3	3	17	3.5
id-19961	9	17	4	3.8
id-19962	3	2	9	4.2
id-19963	7	2	6	3.6
id-19964	10	17	8	3.1
id-19965	9	5	17	3.6
id-19966	10	14	30	3.6
id-19967	8	16	16	4.1
id-19968	2	3	23	3.6
id-19969	7	13	5	4.5
id-19970	2	3	30	4.2
id-19971	2	3	5	3.5
id-19972	9	18	20	3.4
id-19973	2	4	1	4.1
id-19974	6	5	9	4.3
id-19975	9	6	25	3.6
id-19976	5	3	10	4.5
id-19977	7	4	30	4.9
id-19978	5	7	12	3.4
id-19979	2	2	5	3.3
id-19980	1	2	18	3.2
id-19981	7	11	15	4.3
id-19982	7	9	12	5.0
id-19983	10	18	27	3.4
id-19984	10	9	2	4.5
id-19985	3	6	4	3.3
id-19986	4	7	8	4.5
id-19987	1	2	26	4.0
id-19988	5	9	20	3.0
id-19989	1	2	7	4.8
id-19990	2	3	18	3.8
id-19991	3	4	26	4.2
id-19992	5	10	23	3.5
id-19993	7	3	17	3.4
id-19994	10	2	8	3.9
id-19995	6	6	17	4.0
id-19996	5	6	9	3.8
id-19997	7	3	22	4.5
id-19998	5	10	22	4.9
id-19999	10	3	2	3.7
