id-00000	2	2	3	4.9
id-00001	8	2	24	4.1
id-00002	1	2	12	4.9
id-00003	6	11	28	3.7
id-00004	8	13	25	4.3
id-00005	10	12	9	4.6
id-00006	10	6	28	3.0
id-00007	2	2	19	3.3
id-00008	9	3	10	3.9
id-00009	6	8	8	3.1
id-00010	8	8	13	4.5
id-00011	4	8	22	3.1
id-00012	5	4	23	4.4
id-00013	4	5	6	5.0
id-00014	5	3	21	3.1
id-00015	3	5	24	3.0
id-00016	2	2	9	4.7
id-00017	10	16	25	3.2
id-00018	3	2	26	4.4
id-00019	6	6	24	4.8
id-00020	3	5	23	3.5
id-00021	7	7	13	4.9
id-00022	5	9	10	4.8
id-00023	2	3	4	4.0
id-00024	4	3	15	4.9
id-00025	7	12	15	4.6
id-00026	4	3	3	4.7
id-00027	8	13	10	3.4
id-00028	8	8	27	3.6
id-00029	3	5	24	4.6
id-00030	5	2	15	4.9
id-00031	5	6	17	3.3
id-00032	1	2	23	3.4
id-00033	4	8	4	4.0
id-00034	10	8	27	3.9
id-00035	1	2	3	3.8
id-00036	9	2	24	3.0
id-00037	1	2	25	3.6
id-00038	5	8	14	3.8
id-00039	4	7	9	3.8
id-00040	7	11	25	3.5
id-00041	10	3	9	3.0
id-00042	5	5	18	4.5
id-00043	8	15	25	4.8
id-00044	1	2	15	4.2
id-00045	5	8	27	3.8
id-00046	2	3	24	3.7
id-00047	2	4	21	4.9
id-00048	1	2	18	4.4
id-00049	8	4	16	4.4
id-00050	8	11	1	4.4
id-00051	5	2	4	4.5
id-00052	9	2	8	3.7
id-00053	1	2	29	4.2
id-00054	5	5	4	4.4
id-00055	7	7	3	4.0
id-00056	4	7	28	3.7
id-00057	10	12	2	4.3
id-00058	10	10	8	4.7
id-00059	7	3	9	3.1
id-00060	10	12	27	4.9
id-00061	2	2	26	5.0
id-00062	8	3	15	4.5
id-00063	10	18	30	4.7
id-00064	5	8	20	3.3
id-00065	7	11	26	4.3
id-00066	6	3	25	4.9
id-00067	9	2	22	4.4
id-00068	8	4	30	3.3
id-00069	8	16	9	3.1
id-00070	6	2	24	3.9
id-00071	8	13	18	4.7
id-00072	3	3	20	3.8
id-00073	2	4	3	4.5
id-00074	3	4	8	3.2
id-00075	6	12	10	3.1
id-00076	4	3	15	3.5
id-00077	3	5	20	3.8
id-00078	10	18	13	3.7
id-00079	2	4	23	4.5
id-00080	3	5	22	4.5
id-00081	10	2	7	4.6
id-00082	1	2	11	3.7
id-00083	2	2	12	3.7
id-00084	6	11	11	4.2
id-00085	2	3	5	4.9
id-00086	10	19	22	3.9
id-00087	8	15	24	3.4
id-00088	4	8	16	4.2
id-00089	4	5	10	4.5
id-00090	1	2	24	3.7
id-00091	9	7	5	3.2
id-00092	2	4	7	3.3
id-00093	10	11	7	3.8
id-00094	3	6	14	4.2
id-00095	5	9	9	4.1
id-00096	8	3	21	4.7
id-00097	9	11	21	3.4
id-00098	10	5	14	4.2
id-00099	3	2	12	4.0
id-00100	3	5	15	4.6
id-00101	5	4	10	4.1
id-00102	1	2	30	4.0
id-00103	3	2	27	3.5
id-00104	9	3	26	4.3
id-00105	10	12	16	4.0
id-00106	4	6	18	4.2
id-00107	8	8	15	3.2
id-00108	5	5	2	3.4
id-00109	8	2	8	3.2
id-00110	9	17	27	4.2
id-00111	5	8	25	3.1
id-00112	8	3	26	4.0
id-00113	2	3	22	3.1
id-00114	2	3	30	4.8
id-00115	7	12	5	3.8
id-00116	10	16	25	3.8
id-00117	9	3	19	4.5
id-00118	2	3	5	4.3
id-00119	9	14	17	3.0
id-00120	2	2	11	5.0
id-00121	7	12	1	3.2
id-00122	5	9	7	4.6
id-00123	6	8	13	4.7
id-00124	1	2	12	3.0
id-00125	6	7	15	4.1
id-00126	2	3	25	3.0
id-00127	7	10	27	3.4
id-00128	10	10	27	3.5
id-00129	5	8	5	3.4
id-00130	10	2	3	3.6
id-00131	3	6	20	3.8
id-00132	9	4	21	4.6
id-00133	2	3	16	4.5
id-00134	6	10	15	4.1
id-00135	10	4	22	3.8
id-00136	3	4	19	4.0
id-00137	7	4	29	3.5
id-00138	3	5	20	4.8
id-00139	2	3	25	4.0
id-00140	9	9	14	3.5
id-00141	6	4	5	5.0
id-00142	2	4	12	4.4
id-00143	2	4	30	3.5
id-00144	8	3	15	3.3
id-00145	8	7	21	4.3
id-00146	2	3	26	3.7
id-00147	3	4	16	4.0
id-00148	2	3	4	4.7
id-00149	7	3	9	4.2
id-00150	6	4	12	4.6
id-00151	4	3	2	4.6
id-00152	3	4	1	3.1
id-00153	1	2	7	3.5
id-00154	2	2	12	3.9
id-00155	8	8	30	3.8
id-00156	4	5	1	3.3
id-00157	2	2	11	4.7
id-00158	2	4	28	3.2
id-00159	10	10	12	3.1
id-00160	4	3	22	3.3
id-00161	6	4	12	3.1
id-00162	1	2	5	3.7
id-00163	1	2	20	3.0
id-00164	10	18	22	4.0
id-00165	8	7	26	4.2
id-00166	10	17	13	4.4
id-00167	5	7	30	4.9
id-00168	2	2	17	3.9
id-00169	2	3	11	4.9
id-00170	5	3	19	3.8
id-00171	3	5	23	4.8
id-00172	3	4	22	4.9
id-00173	9	2	15	4.7
id-00174	10	7	4	4.6
id-00175	8	12	27	4.8
id-00176	9	3	30	3.7
id-00177	10	11	28	4.9
id-00178	8	12	15	3.9
id-00179	5	4	4	3.1
id-00180	8	8	21	4.7
id-00181	2	3	1	3.1
id-00182	3	5	4	5.0
id-00183	4	5	24	3.9
id-00184	8	16	19	4.8
id-00185	8	6	21	3.6
id-00186	1	2	12	3.1
id-00187	3	6	14	4.5
id-00188	10	18	25	3.7
id-00189	2	2	26	3.6
id-00190	8	15	7	3.4
id-00191	2	3	13	4.2
id-00192	5	10	18	3.1
id-00193	8	14	19	4.6
id-00194	5	5	7	4.5
id-00195	2	4	21	4.9
id-00196	1	2	9	3.6
id-00197	7	13	21	3.7
id-00198	8	13	24	4.5
id-00199	3	3	5	4.8
id-00200	5	9	9	4.9
id-00201	9	18	15	3.9
id-00202	4	2	11	4.5
id-00203	10	8	13	4.2
id-00204	1	2	11	4.5
id-00205	2	4	17	3.4
id-00206	1	2	6	3.4
id-00207	6	9	13	3.4
id-00208	2	2	9	3.4
id-00209	4	6	1	4.1
id-00210	2	4	2	4.1
id-00211	6	5	20	3.1
id-00212	8	13	17	4.0
id-00213	8	11	17	4.4
id-00214	4	8	5	4.1
id-00215	3	3	11	3.2
id-00216	6	3	26	4.9
id-00217	4	7	28	4.8
id-00218	6	2	18	4.0
id-00219	1	2	28	4.9
id-00220	10	9	21	3.6
id-00221	6	12	29	3.6
id-00222	10	16	29	3.6
id-00223	6	11	12	3.5
id-00224	10	8	11	3.9
id-00225	4	3	12	3.6
id-00226	8	8	3	4.6
id-00227	2	3	22	3.4
id-00228	5	2	16	5.0
id-00229	4	3	2	5.0
id-00230	2	4	2	3.8
id-00231	2	4	13	4.8
id-00232	7	8	16	4.9
id-00233	6	11	29	3.1
id-00234	1	2	2	3.1
id-00235	9	14	23	4.0
id-00236	1	2	3	3.2
id-00237	1	2	17	3.2
id-00238	8	11	20	3.4
id-00239	7	6	22	4.8
id-00240	1	2	17	3.9
id-00241	8	15	11	4.9
id-00242	7	13	7	3.9
id-00243	2	2	12	4.9
id-00244	2	3	15	3.2
id-00245	8	8	15	4.2
id-00246	4	6	3	4.2
id-00247	5	10	13	3.3
id-00248	9	7	1	3.4
id-00249	4	8	10	4.1
id-00250	8	3	8	3.3
id-00251	9	6	22	3.2
id-00252	5	3	14	4.0
id-00253	10	18	1	4.4
id-00254	4	3	18	3.8
id-00255	10	11	23	4.8
id-00256	4	2	9	4.3
id-00257	6	9	3	3.9
id-00258	4	7	7	4.0
id-00259	9	7	12	3.2
id-00260	2	3	13	4.1
id-00261	8	3	29	4.8
id-00262	5	7	3	3.8
id-00263	1	2	20	3.3
id-00264	4	6	5	4.8
id-00265	6	2	20	3.7
id-00266	5	7	23	3.7
id-00267	1	2	6	4.0
id-00268	2	2	13	3.2
id-00269	7	3	4	4.9
id-00270	10	20	9	4.4
id-00271	5	10	19	3.3
id-00272	7	13	28	4.3
id-00273	6	7	17	4.9
id-00274	5	9	12	4.4
id-00275	2	3	16	3.5
id-00276	4	2	14	3.2
id-00277	7	3	22	3.8
id-00278	7	11	25	4.2
id-00279	1	2	5	3.3
id-00280	8	11	1	3.7
id-00281	8	16	9	3.9
id-00282	3	4	17	3.8
id-00283	8	6	9	4.8
id-00284	10	16	28	4.3
id-00285	3	3	5	4.3
id-00286	7	10	14	4.6
id-00287	6	3	16	4.2
id-00288	4	2	8	4.3
id-00289	7	9	30	4.7
id-00290	1	2	25	4.2
id-00291	5	6	30	3.4
id-00292	10	7	15	4.2
id-00293	5	6	8	3.0
id-00294	7	4	22	3.7
id-00295	5	8	21	3.6
id-00296	3	5	12	4.5
id-00297	6	8	14	3.3
id-00298	2	4	14	3.0
id-00299	10	10	22	3.2
id-00300	9	4	12	4.4
id-00301	4	7	25	3.9
id-00302	3	5	16	4.9
id-00303	8	15	30	3.6
id-00304	8	5	1	4.1
id-00305	7	2	4	3.6
id-00306	6	7	25	4.8
id-00307	4	3	6	4.8
id-00308	4	7	19	4.8
id-00309	7	11	18	4.6
id-00310	8	4	8	3.3
id-00311	10	20	10	4.9
id-00312	10	20	30	4.7
id-00313	4	6	6	4.4
id-00314	10	7	27	4.1
id-00315	2	4	16	3.7
id-00316	5	10	18	4.2
id-00317	1	2	21	3.0
id-00318	10	6	19	4.7
id-00319	9	3	4	3.2
id-00320	9	16	20	3.0
id-00321	3	2	28	4.1
id-00322	1	2	26	4.9
id-00323	6	6	24	5.0
id-00324	1	2	7	3.1
id-00325	4	7	13	4.3
id-00326	5	4	28	3.6
id-00327	4	4	15	3.6
id-00328	2	3	5	4.9
id-00329	10	14	27	3.7
id-00330	7	12	19	3.2
id-00331	2	4	26	3.8
id-00332	2	4	23	3.3
id-00333	4	2	11	4.1
id-00334	10	10	13	4.4
id-00335	10	10	8	4.0
id-00336	8	14	5	4.6
id-00337	4	6	12	3.7
id-00338	9	3	11	4.7
id-00339	3	5	30	3.3
id-00340	8	2	20	4.1
id-00341	5	8	28	4.2
id-00342	7	5	10	4.7
id-00343	2	2	15	4.0
id-00344	7	13	25	4.3
id-00345	3	6	5	3.3
id-00346	6	12	24	3.9
id-00347	6	9	3	4.7
id-00348	7	4	24	3.2
id-00349	10	15	10	3.3
id-00350	5	6	7	4.0
id-00351	8	12	30	3.0
id-00352	8	3	24	4.5
id-00353	2	4	22	3.7
id-00354	3	2	30	4.1
id-00355	8	10	13	4.7
id-00356	2	2	13	3.1
id-00357	3	2	15	4.2
id-00358	8	3	3	4.3
id-00359	4	2	17	4.2
id-00360	4	3	28	4.6
id-00361	3	4	2	5.0
id-00362	4	4	14	3.0
id-00363	9	16	18	4.2
id-00364	8	13	26	4.1
id-00365	10	7	29	3.6
id-00366	8	5	18	3.4
id-00367	8	3	21	4.4
id-00368	3	6	18	4.2
id-00369	2	4	9	4.2
id-00370	3	3	28	4.0
id-00371	10	19	17	4.5
id-00372	7	12	16	3.0
id-00373	1	2	1	5.0
id-00374	2	4	28	4.7
id-00375	7	9	25	4.2
id-00376	10	11	21	4.7
id-00377	9	15	22	3.7
id-00378	1	2	13	4.8
id-00379	7	4	8	3.6
id-00380	7	5	4	3.1
id-00381	6	10	13	4.3
id-00382	1	2	2	3.5
id-00383	1	2	18	3.4
id-00384	8	6	26	3.4
id-00385	1	2	4	4.9
id-00386	3	3	20	3.8
id-00387	7	11	18	4.5
id-00388	5	9	2	3.2
id-00389	7	11	17	3.5
id-00390	7	2	6	4.5
id-00391	5	4	20	4.7
id-00392	2	4	10	3.7
id-00393	7	6	23	3.5
id-00394	5	8	23	4.2
id-00395	7	13	14	3.9
id-00396	6	5	26	4.7
id-00397	6	8	24	4.9
id-00398	7	6	12	4.8
id-00399	1	2	22	4.7
id-00400	9	4	16	4.5
id-00401	1	2	24	4.3
id-00402	1	2	3	4.2
id-00403	8	8	7	4.1
id-00404	1	2	30	4.2
id-00405	4	3	29	4.5
id-00406	1	2	17	3.4
id-00407	9	5	1	4.9
id-00408	1	2	16	3.0
id-00409	1	2	26	3.2
id-00410	6	8	5	4.6
id-00411	5	2	20	4.0
id-00412	5	10	9	4.1
id-00413	8	12	20	3.0
id-00414	3	3	18	4.7
id-00415	3	4	6	3.8
id-00416	9	15	28	4.5
id-00417	10	16	6	3.9
id-00418	8	13	17	3.6
id-00419	10	7	5	3.3
id-00420	4	7	23	4.6
id-00421	3	5	26	3.9
id-00422	10	5	25	4.5
id-00423	6	12	8	4.2
id-00424	5	2	9	4.1
id-00425	6	5	23	4.9
id-00426	5	2	18	4.5
id-00427	8	12	26	3.7
id-00428	10	7	9	4.6
id-00429	5	2	13	3.1
id-00430	9	9	29	3.2
id-00431	5	7	28	3.1
id-00432	2	3	24	4.0
id-00433	10	12	30	4.3
id-00434	9	2	17	4.9
id-00435	2	2	17	3.7
id-00436	1	2	19	4.3
id-00437	5	4	12	3.3
id-00438	5	5	18	4.8
id-00439	8	8	18	4.4
id-00440	5	10	5	4.5
id-00441	1	2	16	3.2
id-00442	4	2	6	5.0
id-00443	2	2	11	4.5
id-00444	1	2	8	4.4
id-00445	6	5	7	3.3
id-00446	6	11	4	4.5
id-00447	9	9	29	3.5
id-00448	3	2	25	3.7
id-00449	7	2	24	4.8
id-00450	6	6	27	3.3
id-00451	3	2	5	4.1
id-00452	2	3	9	3.9
id-00453	10	3	14	4.5
id-00454	7	6	4	3.2
id-00455	10	6	3	3.6
id-00456	5	8	24	3.9
id-00457	1	2	1	4.6
id-00458	9	13	10	4.0
id-00459	6	5	4	4.4
id-00460	9	11	24	4.4
id-00461	10	9	13	4.4
id-00462	5	6	17	3.1
id-00463	9	3	17	3.5
id-00464	2	2	23	3.8
id-00465	2	4	3	4.4
id-00466	6	8	23	3.2
id-00467	7	3	7	3.4
id-00468	6	7	2	4.5
id-00469	5	7	13	3.4
id-00470	1	2	19	3.4
id-00471	3	5	17	5.0
id-00472	2	4	26	4.8
id-00473	7	5	13	3.8
id-00474	4	7	4	3.6
id-00475	7	6	15	4.8
id-00476	1	2	12	3.6
id-00477	10	5	17	4.7
id-00478	7	8	23	4.1
id-00479	7	4	20	3.8
id-00480	5	2	10	3.8
id-00481	6	10	18	3.0
id-00482	5	3	12	3.4
id-00483	4	3	11	3.5
id-00484	5	10	29	4.2
id-00485	10	13	15	3.6
id-00486	4	4	5	3.9
id-00487	10	4	24	3.4
id-00488	7	6	4	4.2
id-00489	5	10	7	4.0
id-00490	2	4	24	3.1
id-00491	6	7	20	3.5
id-00492	8	16	16	3.1
id-00493	10	11	19	3.9
id-00494	4	6	21	3.5
id-00495	3	5	8	5.0
id-00496	8	15	17	3.0
id-00497	4	4	24	4.8
id-00498	6	7	22	3.5
id-00499	10	6	24	4.1
id-00500	5	7	6	4.6
id-00501	8	3	6	3.7
id-00502	5	8	9	3.7
id-00503	6	7	18	3.4
id-00504	10	6	30	4.3
id-00505	1	2	13	3.4
id-00506	5	2	28	4.5
id-00507	6	5	14	3.5
id-00508	9	12	15	4.2
id-00509	8	7	3	4.8
id-00510	1	2	1	4.4
id-00511	5	3	19	4.9
id-00512	4	7	29	3.6
id-00513	4	3	13	3.8
id-00514	6	10	1	4.0
id-00515	3	6	16	4.3
id-00516	9	16	23	3.8
id-00517	7	11	7	4.4
id-00518	1	2	7	4.5
id-00519	7	3	30	3.7
id-00520	6	9	11	3.4
id-00521	6	4	14	3.3
id-00522	4	8	17	4.4
id-00523	2	4	19	4.9
id-00524	9	16	8	3.5
id-00525	8	14	5	3.1
id-00526	6	2	22	3.2
id-00527	4	4	8	3.9
id-00528	6	4	3	4.8
id-00529	7	11	23	4.6
id-00530	10	20	8	4.7
id-00531	9	17	5	3.3
id-00532	6	7	29	4.1
id-00533	9	7	1	4.1
id-00534	10	11	30	4.8
id-00535	9	13	1	4.0
id-00536	8	11	27	5.0
id-00537	9	14	2	4.3
id-00538	10	3	2	4.1
id-00539	7	11	14	3.8
id-00540	3	6	21	3.3
id-00541	5	8	20	3.9
id-00542	6	6	7	3.5
id-00543	5	4	5	4.9
id-00544	1	2	6	4.5
id-00545	6	3	19	3.1
id-00546	8	6	14	3.5
id-00547	1	2	5	3.3
id-00548	8	8	14	3.5
id-00549	4	8	6	3.7
id-00550	1	2	14	4.1
id-00551	2	2	15	3.1
id-00552	3	5	8	4.7
id-00553	5	7	3	3.2
id-00554	4	2	24	4.8
id-00555	1	2	18	3.6
id-00556	6	10	30	3.2
id-00557	9	18	10	3.3
id-00558	8	5	23	4.0
id-00559	4	5	8	4.2
id-00560	4	8	5	5.0
id-00561	6	12	16	4.7
id-00562	4	6	4	3.9
id-00563	5	2	3	4.2
id-00564	5	5	23	4.5
id-00565	7	7	1	3.1
id-00566	4	4	17	4.3
id-00567	2	3	3	3.6
id-00568	10	8	22	4.9
id-00569	9	14	3	4.5
id-00570	2	4	4	3.9
id-00571	2	3	11	3.4
id-00572	2	3	20	4.0
id-00573	6	8	23	3.2
id-00574	4	7	1	4.1
id-00575	2	4	25	3.8
id-00576	3	2	14	3.8
id-00577	7	7	1	3.3
id-00578	7	9	29	3.3
id-00579	6	8	17	3.3
id-00580	1	2	19	3.0
id-00581	2	3	29	3.7
id-00582	8	2	22	4.8
id-00583	5	10	12	4.9
id-00584	10	14	26	4.2
id-00585	3	6	24	3.5
id-00586	9	4	18	4.5
id-00587	4	5	2	4.5
id-00588	4	3	28	4.2
id-00589	2	4	6	4.3
id-00590	8	5	1	3.5
id-00591	8	12	6	4.7
id-00592	10	4	18	3.4
id-00593	10	4	27	3.2
id-00594	2	4	10	4.1
id-00595	4	2	13	4.8
id-00596	1	2	13	3.3
id-00597	7	10	19	4.9
id-00598	8	7	16	4.6
id-00599	10	2	17	3.3
id-00600	9	11	23	4.8
id-00601	4	8	27	4.3
id-00602	1	2	18	4.0
id-00603	4	7	5	3.3
id-00604	7	13	29	3.5
id-00605	7	8	22	4.7
id-00606	2	3	26	4.3
id-00607	4	5	4	3.4
id-00608	5	8	26	4.7
id-00609	5	9	2	3.4
id-00610	9	9	10	4.3
id-00611	1	2	22	3.4
id-00612	3	4	6	4.9
id-00613	4	5	17	4.6
id-00614	2	3	12	3.2
id-00615	10	8	18	3.1
id-00616	9	5	23	3.7
id-00617	8	13	8	3.8
id-00618	2	3	20	4.0
id-00619	7	10	19	4.0
id-00620	8	11	25	3.5
id-00621	6	3	2	4.4
id-00622	1	2	22	4.6
id-00623	6	3	7	3.1
id-00624	8	13	2	3.8
id-00625	8	11	30	3.6
id-00626	2	4	9	4.9
id-00627	9	16	16	4.3
id-00628	7	6	2	4.3
id-00629	5	10	9	3.4
id-00630	8	10	15	3.7
id-00631	2	2	25	4.8
id-00632	5	9	16	3.9
id-00633	10	17	4	3.1
id-00634	4	8	17	4.2
id-00635	5	2	7	4.2
id-00636	5	9	13	4.6
id-00637	4	4	5	4.9
id-00638	1	2	26	4.5
id-00639	8	14	23	4.3
id-00640	5	7	5	3.0
id-00641	10	20	16	4.6
id-00642	10	7	14	4.6
id-00643	4	4	17	3.6
id-00644	5	8	15	3.5
id-00645	3	5	17	5.0
id-00646	9	7	29	3.9
id-00647	3	5	8	4.5
id-00648	2	4	16	3.7
id-00649	7	6	24	3.5
id-00650	10	8	28	4.8
id-00651	8	16	24	3.3
id-00652	5	10	22	3.2
id-00653	3	4	12	3.7
id-00654	7	3	14	4.6
id-00655	4	8	4	4.2
id-00656	8	5	8	3.8
id-00657	2	2	24	3.3
id-00658	6	8	26	4.7
id-00659	2	4	17	4.4
id-00660	1	2	26	3.3
id-00661	1	2	17	4.6
id-00662	9	7	22	3.1
id-00663	3	5	28	3.7
id-00664	3	3	2	4.9
id-00665	2	3	5	4.2
id-00666	6	9	21	4.4
id-00667	2	3	26	3.1
id-00668	7	9	13	3.2
id-00669	8	16	18	3.9
id-00670	1	2	15	4.6
id-00671	1	2	19	4.0
id-00672	10	14	1	4.2
id-00673	8	3	10	3.6
id-00674	6	5	16	3.5
id-00675	9	10	24	4.6
id-00676	4	5	23	4.1
id-00677	10	20	21	3.7
id-00678	9	12	23	4.7
id-00679	2	2	13	4.7
id-00680	5	3	14	3.7
id-00681	7	8	8	5.0
id-00682	6	2	25	3.0
id-00683	2	2	25	4.6
id-00684	2	2	10	4.3
id-00685	10	14	18	3.4
id-00686	4	3	20	4.8
id-00687	5	4	29	3.8
id-00688	4	3	15	4.1
id-00689	8	6	8	3.4
id-00690	9	7	2	3.2
id-00691	4	2	16	3.8
id-00692	5	8	1	4.2
id-00693	4	7	27	3.7
id-00694	7	2	27	4.6
id-00695	2	3	9	4.2
id-00696	10	10	10	4.2
id-00697	7	7	3	4.4
id-00698	3	4	1	3.7
id-00699	5	5	18	3.4
id-00700	8	13	3	4.8
id-00701	7	3	19	3.7
id-00702	1	2	18	3.1
id-00703	9	2	24	4.2
id-00704	9	16	6	4.3
id-00705	9	10	14	3.6
id-00706	6	2	26	3.0
id-00707	5	6	2	3.1
id-00708	2	3	21	3.9
id-00709	2	4	5	4.4
id-00710	9	10	24	3.3
id-00711	10	16	20	4.8
id-00712	6	3	4	4.0
id-00713	5	8	14	3.8
id-00714	1	2	15	4.0
id-00715	9	8	30	4.2
id-00716	5	10	20	4.0
id-00717	1	2	16	3.1
id-00718	7	6	23	4.6
id-00719	6	7	24	4.7
id-00720	5	5	20	4.0
id-00721	3	6	6	4.2
id-00722	4	5	9	3.1
id-00723	8	9	28	3.3
id-00724	3	6	8	4.9
id-00725	7	3	28	4.9
id-00726	5	5	10	4.9
id-00727	7	6	22	4.2
id-00728	4	2	6	3.8
id-00729	5	3	28	3.6
id-00730	7	10	16	3.3
id-00731	10	3	19	3.6
id-00732	10	14	9	4.6
id-00733	1	2	3	3.7
id-00734	9	12	17	4.2
id-00735	9	10	14	3.8
id-00736	8	5	16	3.5
id-00737	8	10	27	3.7
id-00738	7	3	15	4.9
id-00739	8	16	7	4.7
id-00740	1	2	16	4.4
id-00741	4	8	17	3.7
id-00742	8	11	22	4.8
id-00743	3	2	23	3.7
id-00744	10	14	13	4.1
id-00745	10	16	8	4.1
id-00746	5	6	27	3.2
id-00747	10	18	22	4.4
id-00748	5	7	4	3.3
id-00749	8	8	10	3.4
id-00750	9	13	8	3.8
id-00751	7	2	30	3.6
id-00752	5	3	15	3.3
id-00753	10	11	3	4.8
id-00754	1	2	8	3.1
id-00755	10	4	10	3.7
id-00756	8	3	4	4.3
id-00757	2	2	8	3.9
id-00758	10	9	26	4.6
id-00759	3	4	14	4.7
id-00760	1	2	1	3.1
id-00761	8	14	29	3.4
id-00762	5	7	17	4.2
id-00763	5	6	18	3.6
id-00764	5	7	12	4.8
id-00765	5	7	21	3.2
id-00766	9	11	21	3.0
id-00767	6	9	25	4.9
id-00768	4	7	17	3.7
id-00769	9	8	19	4.4
id-00770	1	2	3	4.1
id-00771	2	3	24	4.2
id-00772	4	2	22	3.0
id-00773	6	10	26	4.4
id-00774	6	8	21	3.4
id-00775	6	3	15	4.7
id-00776	4	6	9	4.5
id-00777	5	10	27	4.1
id-00778	5	2	26	3.8
id-00779	2	4	7	3.8
id-00780	3	2	21	3.6
id-00781	7	13	19	4.9
id-00782	6	4	20	4.4
id-00783	8	12	2	3.2
id-00784	3	5	30	3.6
id-00785	10	14	30	3.8
id-00786	1	2	18	4.2
id-00787	7	7	9	4.1
id-00788	6	5	5	4.2
id-00789	8	2	13	4.4
id-00790	8	6	17	3.3
id-00791	9	14	13	4.8
id-00792	7	6	15	4.9
id-00793	4	8	6	3.3
id-00794	7	11	28	3.1
id-00795	2	2	30	4.9
id-00796	8	12	22	4.5
id-00797	4	8	24	4.9
id-00798	8	13	16	4.4
id-00799	4	2	2	4.5
id-00800	7	6	13	4.0
id-00801	8	2	16	3.9
id-00802	9	12	12	4.9
id-00803	7	11	25	3.7
id-00804	5	3	13	4.5
id-00805	5	10	17	4.9
id-00806	7	2	22	3.8
id-00807	7	5	27	4.8
id-00808	3	4	20	3.5
id-00809	3	4	16	4.0
id-00810	3	3	14	3.7
id-00811	1	2	13	4.4
id-00812	4	8	21	4.0
id-00813	7	3	22	4.3
id-00814	1	2	6	4.9
id-00815	1	2	5	4.0
id-00816	8	14	24	3.4
id-00817	10	18	29	3.5
id-00818	7	7	27	3.1
id-00819	5	6	1	4.1
id-00820	1	2	20	4.3
id-00821	4	3	13	3.3
id-00822	3	6	20	3.7
id-00823	4	8	26	4.7
id-00824	10	5	11	3.1
id-00825	4	5	3	4.3
id-00826	10	9	16	4.9
id-00827	3	2	6	4.5
id-00828	3	3	29	3.7
id-00829	10	4	25	4.4
id-00830	3	2	6	4.4
id-00831	8	10	1	4.6
id-00832	5	10	17	4.4
id-00833	8	4	28	3.2
id-00834	4	8	15	3.4
id-00835	10	14	19	3.8
id-00836	4	3	14	4.5
id-00837	9	10	13	4.4
id-00838	6	3	27	3.4
id-00839	9	12	12	3.9
id-00840	8	13	27	4.5
id-00841	2	2	13	4.3
id-00842	2	3	12	4.6
id-00843	8	3	11	3.3
id-00844	5	9	30	4.1
id-00845	2	4	8	3.1
id-00846	1	2	28	4.1
id-00847	7	2	18	3.6
id-00848	2	2	22	3.9
id-00849	2	2	20	4.6
id-00850	9	9	20	3.8
id-00851	1	2	23	3.6
id-00852	5	6	23	3.1
id-00853	5	8	13	4.9
id-00854	5	3	28	4.1
id-00855	10	7	6	4.3
id-00856	7	8	21	4.8
id-00857	10	19	22	3.9
id-00858	3	6	25	4.6
id-00859	9	12	6	3.7
id-00860	4	3	22	5.0
id-00861	1	2	3	3.9
id-00862	1	2	13	4.2
id-00863	2	4	5	4.4
id-00864	6	5	14	3.8
id-00865	6	3	17	3.7
id-00866	3	3	7	4.5
id-00867	1	2	23	4.4
id-00868	2	3	22	4.6
id-00869	1	2	27	4.3
id-00870	3	6	6	3.5
id-00871	3	6	17	4.8
id-00872	1	2	19	4.1
id-00873	7	3	30	3.2
id-00874	10	5	8	4.5
id-00875	6	7	13	4.4
id-00876	3	3	1	3.2
id-00877	5	5	9	3.6
id-00878	4	2	22	4.4
id-00879	3	2	28	4.2
id-00880	5	4	2	3.5
id-00881	8	8	23	3.9
id-00882	9	9	17	3.7
id-00883	9	16	5	4.1
id-00884	10	17	1	3.5
id-00885	6	7	9	3.4
id-00886	2	3	7	4.7
id-00887	6	5	27	3.9
id-00888	4	2	7	4.5
id-00889	6	8	24	4.1
id-00890	2	3	4	4.5
id-00891	2	4	17	4.3
id-00892	5	6	20	4.4
id-00893	10	7	18	3.6
id-00894	2	4	17	3.7
id-00895	2	4	4	3.8
id-00896	10	11	2	3.1
id-00897	1	2	21	3.3
id-00898	4	8	15	4.7
id-00899	6	11	27	4.7
id-00900	2	4	19	4.9
id-00901	2	2	9	4.6
id-00902	2	2	26	3.2
id-00903	7	3	4	4.7
id-00904	3	4	16	3.8
id-00905	1	2	2	4.7
id-00906	2	3	25	3.8
id-00907	10	13	30	3.4
id-00908	4	6	12	3.5
id-00909	8	13	1	4.6
id-00910	3	2	1	3.7
id-00911	7	7	5	3.1
id-00912	2	2	2	4.4
id-00913	3	2	28	4.6
id-00914	5	9	29	3.9
id-00915	10	20	11	4.2
id-00916	3	4	29	3.8
id-00917	7	12	21	4.3
id-00918	6	5	29	4.7
id-00919	7	2	10	4.5
id-00920	1	2	6	4.8
id-00921	9	18	3	4.9
id-00922	7	7	14	4.9
id-00923	5	9	8	4.9
id-00924	6	7	16	4.1
id-00925	10	18	27	4.0
id-00926	10	2	1	3.6
id-00927	8	16	9	4.0
id-00928	5	10	5	5.0
id-00929	2	2	13	3.5
id-00930	8	6	14	5.0
id-00931	5	2	30	4.5
id-00932	1	2	26	3.7
id-00933	8	14	6	4.3
id-00934	3	2	4	3.0
id-00935	2	2	11	4.3
id-00936	2	4	28	4.8
id-00937	7	11	19	4.4
id-00938	1	2	1	3.2
id-00939	9	2	26	3.4
id-00940	8	7	29	4.7
id-00941	8	2	25	3.9
id-00942	5	7	11	3.0
id-00943	8	4	29	3.4
id-00944	1	2	13	4.5
id-00945	7	8	13	4.3
id-00946	7	10	13	3.7
id-00947	6	4	26	4.6
id-00948	2	3	23	3.3
id-00949	10	7	21	3.6
id-00950	2	4	20	4.5
id-00951	4	5	16	4.0
id-00952	5	5	6	3.3
id-00953	1	2	27	5.0
id-00954	4	2	9	3.0
id-00955	2	3	9	3.1
id-00956	6	5	6	4.5
id-00957	6	10	29	3.8
id-00958	9	5	16	3.6
id-00959	1	2	13	4.2
id-00960	7	3	15	4.7
id-00961	10	9	16	3.7
id-00962	10	12	16	4.9
id-00963	5	5	11	3.4
id-00964	9	16	22	3.2
id-00965	1	2	10	3.5
id-00966	1	2	10	4.1
id-00967	8	4	25	4.2
id-00968	6	8	15	3.7
id-00969	10	16	24	4.5
id-00970	9	2	21	4.6
id-00971	9	15	26	4.8
id-00972	6	12	7	4.3
id-00973	9	7	14	4.9
id-00974	2	3	23	4.8
id-00975	7	13	18	4.4
id-00976	1	2	30	5.0
id-00977	4	7	20	3.6
id-00978	8	8	12	4.1
id-00979	8	5	23	4.9
id-00980	9	15	21	4.9
id-00981	3	3	6	5.0
id-00982	10	18	30	4.3
id-00983	6	12	11	3.4
id-00984	9	12	29	4.4
id-00985	4	6	7	4.1
id-00986	6	12	24	4.9
id-00987	9	12	1	3.0
id-00988	6	2	25	4.0
id-00989	9	17	5	3.4
id-00990	2	3	15	3.2
id-00991	2	3	1	3.8
id-00992	9	17	15	4.0
id-00993	4	7	7	4.6
id-00994	1	2	23	3.5
id-00995	8	13	6	4.9
id-00996	7	13	3	3.5
id-00997	4	6	14	4.6
id-00998	10	11	15	3.2
id-00999	10	7	11	3.6
id-01000	1	2	20	3.6
id-01001	5	8	14	3.2
id-01002	4	5	26	4.3
id-01003	4	3	6	3.9
id-01004	2	3	16	4.7
id-01005	10	10	12	3.9
id-01006	10	17	25	4.8
id-01007	5	10	9	4.9
id-01008	8	12	18	3.3
id-01009	2	2	11	3.6
id-01010	10	16	11	3.4
id-01011	7	10	3	3.7
id-01012	10	7	11	4.6
id-01013	3	2	7	4.1
id-01014	1	2	22	3.7
id-01015	4	8	23	3.2
id-01016	5	3	29	4.0
id-01017	7	3	2	3.9
id-01018	4	3	9	3.5
id-01019	10	3	29	4.5
id-01020	9	15	11	4.3
id-01021	7	9	16	3.1
id-01022	3	6	22	3.8
id-01023	3	2	6	3.9
id-01024	9	5	27	4.3
id-01025	7	6	19	4.4
id-01026	9	4	13	3.3
id-01027	2	4	4	4.7
id-01028	10	19	28	4.3
id-01029	1	2	14	3.4
id-01030	6	12	14	3.1
id-01031	10	8	28	3.0
id-01032	1	2	6	4.4
id-01033	6	2	18	4.4
id-01034	6	11	24	3.7
id-01035	5	10	27	3.8
id-01036	8	15	5	3.8
id-01037	8	8	23	3.3
id-01038	7	4	29	5.0
id-01039	9	13	7	3.8
id-01040	8	15	20	3.5
id-01041	1	2	14	3.1
id-01042	5	10	6	4.1
id-01043	9	18	20	4.8
id-01044	10	12	11	3.8
id-01045	5	3	11	3.2
id-01046	7	5	23	3.1
id-01047	4	7	30	3.3
id-01048	4	3	17	3.6
id-01049	8	5	16	3.9
id-01050	1	2	29	3.8
id-01051	3	3	25	3.6
id-01052	10	4	7	4.4
id-01053	1	2	25	4.4
id-01054	2	3	9	3.5
id-01055	10	9	24	3.7
id-01056	4	5	10	4.6
id-01057	9	3	7	3.4
id-01058	9	13	25	4.5
id-01059	3	5	12	4.2
id-01060	7	12	19	3.7
id-01061	2	3	22	3.9
id-01062	6	10	29	4.1
id-01063	4	3	20	4.8
id-01064	6	9	12	4.5
id-01065	1	2	15	3.6
id-01066	5	5	5	3.2
id-01067	9	10	7	4.6
id-01068	6	4	26	3.1
id-01069	7	8	14	4.1
id-01070	4	4	22	3.4
id-01071	4	3	1	3.3
id-01072	10	13	22	4.5
id-01073	1	2	22	4.4
id-01074	3	3	30	4.5
id-01075	2	3	14	3.5
id-01076	2	3	24	4.5
id-01077	8	10	14	4.7
id-01078	9	4	23	3.7
id-01079	1	2	20	3.1
id-01080	9	9	26	3.7
id-01081	6	3	27	3.2
id-01082	7	7	30	4.8
id-01083	4	4	22	4.6
id-01084	6	9	16	3.6
id-01085	4	7	6	3.6
id-01086	2	3	8	4.5
id-01087	1	2	16	3.3
id-01088	1	2	3	4.7
id-01089	9	16	24	3.9
id-01090	10	13	4	4.4
id-01091	2	4	13	3.1
id-01092	4	6	14	5.0
id-01093	2	4	27	3.8
id-01094	10	11	21	4.6
id-01095	7	6	16	3.3
id-01096	7	7	17	3.3
id-01097	4	4	25	4.0
id-01098	8	7	17	4.4
id-01099	2	2	17	3.9
id-01100	2	3	5	4.8
id-01101	10	8	12	4.3
id-01102	5	8	30	3.9
id-01103	10	3	20	3.4
id-01104	6	8	24	4.7
id-01105	9	9	4	4.8
id-01106	3	5	16	4.0
id-01107	6	2	8	4.9
id-01108	2	3	19	4.3
id-01109	2	3	25	4.0
id-01110	2	4	18	3.1
id-01111	9	16	1	3.2
id-01112	7	10	1	3.9
id-01113	4	2	16	4.3
id-01114	8	15	1	3.8
id-01115	8	10	28	4.0
id-01116	2	3	13	3.6
id-01117	8	12	17	4.7
id-01118	1	2	20	4.3
id-01119	6	4	1	4.7
id-01120	5	7	13	4.3
id-01121	5	9	27	4.2
id-01122	5	8	8	4.0
id-01123	7	4	15	4.1
id-01124	6	6	20	3.1
id-01125	7	5	11	3.5
id-01126	10	2	7	3.3
id-01127	4	3	21	5.0
id-01128	2	2	10	3.3
id-01129	8	16	16	4.9
id-01130	4	6	2	3.2
id-01131	4	8	10	3.6
id-01132	4	6	27	3.8
id-01133	6	3	16	3.3
id-01134	7	9	10	3.9
id-01135	7	14	5	3.7
id-01136	9	8	29	3.1
id-01137	7	3	10	3.5
id-01138	10	17	9	3.0
id-01139	9	15	19	3.6
id-01140	8	14	25	3.9
id-01141	10	11	11	3.8
id-01142	6	9	7	3.9
id-01143	5	8	20	3.2
id-01144	1	2	14	3.2
id-01145	7	2	7	4.9
id-01146	2	2	2	3.4
id-01147	6	6	25	3.2
id-01148	7	8	28	4.3
id-01149	5	2	26	3.0
id-01150	6	9	27	4.8
id-01151	10	11	16	3.2
id-01152	7	13	22	3.5
id-01153	3	2	24	3.3
id-01154	6	9	29	4.4
id-01155	7	6	16	3.4
id-01156	1	2	21	3.8
id-01157	4	4	21	4.5
id-01158	10	13	23	4.3
id-01159	7	13	9	3.8
id-01160	4	6	14	3.6
id-01161	4	3	19	4.9
id-01162	3	5	30	4.2
id-01163	6	4	1	4.4
id-01164	7	8	3	4.0
id-01165	7	9	3	4.3
id-01166	8	11	30	4.6
id-01167	9	15	13	4.2
id-01168	7	4	20	4.0
id-01169	7	2	24	4.7
id-01170	4	2	1	4.5
id-01171	9	17	27	3.8
id-01172	10	2	13	4.4
id-01173	10	3	4	3.8
id-01174	7	2	6	3.4
id-01175	4	2	14	3.9
id-01176	8	3	9	4.0
id-01177	3	3	24	4.1
id-01178	10	4	10	4.5
id-01179	10	14	9	4.9
id-01180	4	7	17	4.4
id-01181	1	2	17	3.0
id-01182	1	2	23	3.1
id-01183	10	5	26	4.4
id-01184	4	7	20	4.0
id-01185	9	3	28	4.2
id-01186	10	19	17	3.1
id-01187	5	3	25	3.6
id-01188	3	3	19	3.1
id-01189	2	3	22	3.4
id-01190	1	2	12	4.6
id-01191	7	3	29	4.5
id-01192	6	4	23	3.9
id-01193	4	3	22	4.4
id-01194	8	14	11	4.6
id-01195	7	11	13	4.2
id-01196	5	7	21	4.2
id-01197	4	7	29	4.0
id-01198	3	3	21	3.5
id-01199	10	10	17	3.2
id-01200	7	14	13	3.2
id-01201	10	14	26	3.9
id-01202	7	7	20	4.2
id-01203	6	6	2	3.5
id-01204	4	6	2	3.3
id-01205	7	8	27	4.5
id-01206	1	2	26	4.2
id-01207	1	2	30	4.4
id-01208	6	11	12	3.1
id-01209	6	9	11	3.2
id-01210	1	2	13	3.2
id-01211	4	6	21	4.6
id-01212	7	12	4	3.2
id-01213	8	11	30	3.4
id-01214	2	4	25	3.9
id-01215	6	9	24	5.0
id-01216	7	13	7	4.6
id-01217	5	7	14	4.5
id-01218	7	11	17	4.3
id-01219	3	4	14	4.8
id-01220	3	5	6	4.2
id-01221	10	2	26	4.3
id-01222	3	6	12	4.4
id-01223	7	13	18	3.4
id-01224	1	2	30	4.8
id-01225	1	2	2	4.8
id-01226	2	4	4	4.0
id-01227	3	4	5	3.2
id-01228	2	2	1	4.9
id-01229	4	3	27	3.5
id-01230	9	9	2	3.8
id-01231	5	10	14	4.5
id-01232	5	3	20	4.2
id-01233	9	5	8	4.0
id-01234	8	6	13	3.5
id-01235	3	4	15	4.0
id-01236	9	12	5	3.4
id-01237	9	2	25	3.6
id-01238	9	4	18	3.0
id-01239	3	2	7	3.7
id-01240	6	4	20	3.6
id-01241	9	12	25	4.4
id-01242	5	7	4	3.3
id-01243	5	2	17	3.2
id-01244	5	3	6	4.3
id-01245	2	2	5	3.8
id-01246	2	4	8	4.2
id-01247	5	10	7	4.0
id-01248	7	5	18	4.3
id-01249	1	2	7	3.8
id-01250	9	16	30	4.4
id-01251	5	2	26	3.6
id-01252	6	7	10	3.6
id-01253	2	2	15	3.2
id-01254	7	14	26	3.8
id-01255	7	5	8	3.2
id-01256	5	2	30	4.5
id-01257	8	5	13	4.5
id-01258	5	2	3	3.0
id-01259	8	16	7	4.2
id-01260	9	5	25	4.0
id-01261	8	14	26	4.9
id-01262	6	2	30	4.5
id-01263	3	2	25	3.4
id-01264	8	13	18	4.2
id-01265	3	3	3	3.2
id-01266	9	18	12	3.9
id-01267	3	5	15	4.3
id-01268	3	4	6	4.9
id-01269	1	2	11	4.5
id-01270	10	7	24	3.9
id-01271	9	13	24	3.7
id-01272	9	13	6	4.0
id-01273	5	8	2	3.4
id-01274	10	8	20	3.9
id-01275	6	4	15	3.3
id-01276	3	6	2	3.0
id-01277	10	5	17	3.4
id-01278	3	6	19	3.9
id-01279	3	6	22	3.1
id-01280	10	13	13	3.4
id-01281	8	11	29	3.1
id-01282	8	13	25	3.5
id-01283	8	10	4	4.6
id-01284	3	4	5	3.4
id-01285	1	2	19	4.1
id-01286	10	12	14	4.7
id-01287	10	18	13	4.8
id-01288	3	5	7	4.4
id-01289	4	3	2	3.2
id-01290	5	4	9	4.0
id-01291	2	4	3	4.6
id-01292	9	13	15	4.0
id-01293	2	3	9	3.5
id-01294	4	7	24	4.1
id-01295	5	9	21	4.1
id-01296	10	12	1	3.8
id-01297	6	10	12	3.5
id-01298	8	9	27	3.9
id-01299	1	2	30	4.7
id-01300	8	11	12	3.5
id-01301	6	7	14	4.9
id-01302	6	2	24	4.4
id-01303	2	4	19	3.6
id-01304	3	2	12	3.8
id-01305	3	6	30	4.7
id-01306	3	2	25	3.5
id-01307	2	4	7	4.5
id-01308	9	11	29	3.2
id-01309	5	2	5	5.0
id-01310	2	4	21	3.3
id-01311	10	17	21	4.8
id-01312	3	6	27	3.8
id-01313	1	2	15	3.1
id-01314	10	14	16	4.4
id-01315	10	11	17	4.5
id-01316	4	2	2	3.8
id-01317	4	7	11	4.8
id-01318	9	6	4	4.7
id-01319	3	6	19	4.7
id-01320	5	10	12	4.6
id-01321	9	13	21	4.7
id-01322	8	12	14	4.3
id-01323	1	2	13	4.4
id-01324	2	2	1	4.4
id-01325	7	9	12	4.4
id-01326	3	3	3	4.2
id-01327	5	2	4	3.6
id-01328	3	5	9	3.4
id-01329	7	11	25	4.6
id-01330	7	11	4	4.4
id-01331	2	3	29	4.4
id-01332	7	13	6	4.5
id-01333	7	10	10	3.4
id-01334	3	2	6	4.1
id-01335	9	2	27	4.6
id-01336	7	7	5	4.8
id-01337	10	4	13	4.9
id-01338	5	4	10	4.5
id-01339	10	13	29	3.3
id-01340	7	14	23	3.8
id-01341	2	4	10	4.8
id-01342	2	2	15	3.9
id-01343	4	8	27	3.6
id-01344	5	3	26	3.6
id-01345	5	10	7	4.3
id-01346	7	4	13	4.7
id-01347	4	6	28	4.0
id-01348	7	12	24	4.4
id-01349	8	12	17	3.5
id-01350	6	12	8	3.6
id-01351	3	4	4	3.7
id-01352	5	5	7	3.5
id-01353	9	9	22	4.1
id-01354	9	2	30	4.3
id-01355	9	7	20	4.7
id-01356	5	2	11	4.5
id-01357	10	5	14	3.9
id-01358	2	2	29	3.5
id-01359	10	7	5	3.5
id-01360	1	2	19	4.5
id-01361	9	8	28	4.3
id-01362	5	10	13	3.8
id-01363	2	4	12	4.0
id-01364	2	2	9	4.0
id-01365	4	3	23	4.6
id-01366	8	10	5	3.8
id-01367	6	6	6	4.7
id-01368	3	2	7	4.4
id-01369	6	4	12	3.4
id-01370	9	5	4	4.2
id-01371	4	8	19	3.0
id-01372	5	3	5	4.1
id-01373	2	2	25	4.5
id-01374	5	2	1	3.5
id-01375	10	11	25	3.2
id-01376	4	8	24	4.6
id-01377	10	20	18	3.9
id-01378	5	4	1	4.9
id-01379	7	13	24	3.1
id-01380	9	12	9	3.8
id-01381	4	6	6	4.3
id-01382	10	15	9	4.6
id-01383	4	4	7	4.0
id-01384	7	14	2	4.6
id-01385	3	4	26	4.0
id-01386	3	4	1	4.0
id-01387	1	2	4	3.1
id-01388	5	7	25	4.5
id-01389	8	13	25	3.2
id-01390	3	5	27	4.1
id-01391	3	6	7	4.4
id-01392	5	6	30	3.9
id-01393	3	5	13	3.2
id-01394	3	3	28	4.5
id-01395	9	9	18	4.3
id-01396	7	13	18	4.7
id-01397	9	7	28	5.0
id-01398	8	13	10	5.0
id-01399	1	2	24	3.4
id-01400	5	8	27	5.0
id-01401	7	6	9	3.3
id-01402	7	4	6	4.1
id-01403	1	2	16	4.1
id-01404	6	3	14	3.9
id-01405	2	4	28	3.8
id-01406	2	2	3	4.3
id-01407	8	10	28	3.8
id-01408	7	7	8	3.9
id-01409	5	2	18	3.9
id-01410	5	8	16	3.9
id-01411	10	13	19	3.3
id-01412	7	4	20	3.6
id-01413	2	4	2	3.2
id-01414	2	3	7	3.5
id-01415	9	9	2	3.8
id-01416	9	7	24	4.1
id-01417	3	5	1	4.5
id-01418	3	5	1	4.4
id-01419	1	2	24	4.4
id-01420	9	15	1	3.6
id-01421	7	2	12	4.7
id-01422	9	6	24	4.6
id-01423	7	14	11	3.4
id-01424	2	4	1	3.6
id-01425	4	3	16	4.8
id-01426	4	2	13	3.9
id-01427	6	5	6	3.1
id-01428	1	2	29	3.6
id-01429	4	7	16	4.3
id-01430	2	4	18	4.9
id-01431	6	11	7	3.2
id-01432	6	4	23	4.7
id-01433	7	3	13	4.6
id-01434	10	19	18	4.0
id-01435	4	4	6	4.8
id-01436	5	5	18	4.3
id-01437	5	5	28	3.5
id-01438	7	14	4	3.1
id-01439	3	4	5	3.5
id-01440	7	8	9	3.1
id-01441	3	2	19	3.6
id-01442	9	18	21	5.0
id-01443	5	5	26	3.1
id-01444	8	3	7	4.3
id-01445	10	8	25	3.9
id-01446	1	2	7	4.8
id-01447	6	9	10	3.8
id-01448	5	5	27	3.2
id-01449	5	5	19	3.1
id-01450	1	2	12	4.3
id-01451	5	8	18	3.7
id-01452	7	9	18	3.1
id-01453	9	10	26	4.3
id-01454	2	3	18	4.3
id-01455	8	9	28	4.2
id-01456	7	3	6	3.3
id-01457	7	4	22	4.4
id-01458	6	7	26	4.9
id-01459	8	14	25	4.2
id-01460	9	15	5	4.4
id-01461	7	13	16	4.2
id-01462	2	4	9	4.7
id-01463	10	20	20	4.7
id-01464	9	5	11	4.6
id-01465	10	15	10	4.0
id-01466	4	5	21	3.1
id-01467	9	3	24	3.6
id-01468	9	7	28	3.4
id-01469	9	16	7	4.9
id-01470	1	2	7	4.0
id-01471	2	3	7	3.9
id-01472	9	17	2	3.4
id-01473	1	2	16	4.6
id-01474	7	9	8	3.1
id-01475	9	17	30	4.5
id-01476	10	6	23	3.7
id-01477	7	6	15	4.7
id-01478	1	2	16	3.7
id-01479	9	7	7	3.3
id-01480	3	6	23	4.0
id-01481	8	10	27	3.5
id-01482	5	9	17	3.2
id-01483	2	4	19	4.3
id-01484	8	7	4	3.3
id-01485	10	12	9	5.0
id-01486	5	8	2	4.8
id-01487	9	5	16	3.1
id-01488	7	14	13	3.7
id-01489	8	4	30	3.4
id-01490	2	4	29	4.4
id-01491	9	17	29	4.0
id-01492	10	15	6	3.5
id-01493	10	2	14	3.0
id-01494	8	14	22	4.8
id-01495	8	15	28	3.1
id-01496	8	9	13	3.2
id-01497	3	6	7	3.2
id-01498	10	18	27	4.5
id-01499	9	3	6	3.1
id-01500	6	10	12	3.6
id-01501	1	2	25	3.7
id-01502	1	2	19	3.0
id-01503	2	4	4	3.9
id-01504	3	5	8	3.8
id-01505	8	10	16	4.2
id-01506	7	12	7	4.8
id-01507	9	16	10	4.3
id-01508	6	8	7	4.1
id-01509	3	5	23	4.2
id-01510	4	2	21	4.3
id-01511	1	2	28	3.9
id-01512	7	6	12	4.6
id-01513	3	3	3	3.6
id-01514	4	6	6	3.1
id-01515	8	3	29	4.7
id-01516	9	9	19	4.7
id-01517	3	2	12	4.4
id-01518	2	2	24	5.0
id-01519	5	10	12	3.2
id-01520	6	10	15	3.8
id-01521	2	2	10	5.0
id-01522	5	9	7	3.1
id-01523	3	4	19	3.2
id-01524	6	2	5	3.2
id-01525	7	9	29	3.2
id-01526	1	2	26	4.7
id-01527	9	7	15	3.4
id-01528	8	9	2	4.3
id-01529	8	8	24	4.9
id-01530	3	6	24	3.4
id-01531	2	3	24	3.6
id-01532	6	11	3	3.9
id-01533	4	8	2	4.9
id-01534	9	16	11	3.1
id-01535	5	8	7	3.8
id-01536	9	8	10	4.7
id-01537	2	4	18	3.7
id-01538	1	2	15	3.2
id-01539	5	10	4	3.8
id-01540	4	4	6	4.9
id-01541	8	14	16	4.1
id-01542	4	2	8	3.0
id-01543	7	14	1	4.8
id-01544	5	3	7	3.5
id-01545	9	13	27	4.0
id-01546	10	6	28	3.8
id-01547	7	9	3	4.8
id-01548	7	6	10	4.0
id-01549	2	3	18	3.3
id-01550	8	6	29	4.1
id-01551	7	8	9	3.7
id-01552	2	4	21	4.4
id-01553	5	4	13	4.9
id-01554	3	5	16	4.6
id-01555	5	3	22	3.8
id-01556	9	12	28	3.1
id-01557	1	2	13	3.6
id-01558	4	4	10	4.8
id-01559	7	11	18	4.0
id-01560	6	8	17	3.4
id-01561	9	15	9	4.9
id-01562	9	17	6	3.8
id-01563	1	2	23	3.4
id-01564	7	6	27	4.8
id-01565	1	2	3	3.7
id-01566	1	2	28	3.0
id-01567	2	4	17	3.6
id-01568	9	2	28	4.9
id-01569	1	2	4	4.1
id-01570	6	11	13	4.8
id-01571	8	16	9	3.8
id-01572	5	4	20	3.7
id-01573	2	2	28	4.8
id-01574	10	18	12	4.0
id-01575	7	10	26	4.3
id-01576	8	8	8	4.5
id-01577	4	3	9	3.9
id-01578	9	10	7	4.8
id-01579	5	5	2	4.7
id-01580	3	3	16	4.2
id-01581	9	16	5	3.2
id-01582	10	17	2	4.1
id-01583	3	6	17	3.3
id-01584	4	6	17	4.8
id-01585	3	6	27	3.8
id-01586	9	18	7	4.2
id-01587	1	2	10	3.8
id-01588	3	4	20	3.7
id-01589	8	7	23	3.9
id-01590	2	2	9	4.6
id-01591	5	7	1	4.0
id-01592	5	6	1	3.5
id-01593	4	2	16	3.9
id-01594	8	12	3	4.3
id-01595	8	4	17	4.5
id-01596	3	2	14	3.3
id-01597	7	5	6	3.2
id-01598	7	10	28	4.0
id-01599	4	6	7	4.8
id-01600	4	2	28	4.4
id-01601	4	7	24	4.8
id-01602	1	2	25	4.0
id-01603	3	3	4	3.7
id-01604	8	9	9	3.5
id-01605	6	5	14	4.5
id-01606	6	7	1	4.6
id-01607	10	12	21	3.9
id-01608	8	6	28	4.1
id-01609	3	4	9	4.4
id-01610	1	2	18	3.4
id-01611	2	4	5	3.1
id-01612	6	6	2	3.4
id-01613	9	9	19	3.9
id-01614	7	9	27	4.3
id-01615	4	2	29	4.9
id-01616	8	11	2	3.3
id-01617	9	8	12	4.3
id-01618	1	2	2	3.6
id-01619	4	2	8	5.0
id-01620	3	6	6	3.0
id-01621	1	2	24	3.6
id-01622	3	6	7	3.8
id-01623	7	11	10	3.7
id-01624	2	2	21	4.7
id-01625	10	5	28	4.1
id-01626	7	4	10	3.0
id-01627	1	2	12	4.7
id-01628	9	4	21	3.4
id-01629	4	3	9	3.1
id-01630	2	2	8	4.6
id-01631	4	7	15	3.2
id-01632	5	5	10	3.5
id-01633	9	17	9	3.7
id-01634	2	3	30	4.9
id-01635	2	4	10	3.0
id-01636	5	2	25	3.2
id-01637	5	8	22	3.9
id-01638	7	9	24	3.2
id-01639	5	5	5	3.2
id-01640	4	8	11	4.4
id-01641	3	5	25	4.7
id-01642	3	3	8	3.8
id-01643	6	10	15	4.3
id-01644	1	2	16	3.1
id-01645	9	13	13	3.9
id-01646	9	13	25	4.1
id-01647	5	2	20	4.9
id-01648	1	2	19	4.4
id-01649	1	2	21	4.5
id-01650	8	7	9	4.7
id-01651	4	2	27	5.0
id-01652	5	2	3	4.2
id-01653	10	13	2	3.2
id-01654	8	6	21	3.9
id-01655	5	9	23	3.3
id-01656	7	13	13	4.2
id-01657	8	9	8	3.1
id-01658	10	8	20	4.9
id-01659	7	10	4	3.6
id-01660	10	18	29	4.8
id-01661	4	2	20	3.9
id-01662	9	11	4	3.6
id-01663	2	2	14	4.1
id-01664	7	14	26	5.0
id-01665	10	20	30	4.2
id-01666	8	5	4	4.7
id-01667	4	4	7	4.4
id-01668	1	2	4	3.4
id-01669	6	10	27	4.6
id-01670	9	6	25	3.7
id-01671	3	2	6	3.1
id-01672	4	2	29	3.7
id-01673	2	2	7	3.1
id-01674	7	4	5	3.5
id-01675	4	5	27	3.8
id-01676	1	2	23	4.9
id-01677	1	2	1	3.8
id-01678	2	4	20	3.1
id-01679	9	10	14	4.1
id-01680	10	3	1	3.7
id-01681	8	11	16	4.5
id-01682	3	3	20	4.3
id-01683	10	16	1	4.2
id-01684	3	4	24	4.6
id-01685	8	11	25	4.8
id-01686	5	3	3	3.4
id-01687	5	6	12	4.1
id-01688	2	4	5	4.0
id-01689	9	18	24	4.4
id-01690	9	11	3	3.1
id-01691	1	2	13	4.2
id-01692	7	3	9	3.6
id-01693	8	14	30	3.2
id-01694	1	2	22	3.4
id-01695	4	6	21	3.6
id-01696	3	5	13	3.9
id-01697	1	2	22	3.9
id-01698	2	4	12	3.8
id-01699	7	13	18	4.0
id-01700	5	3	1	3.3
id-01701	1	2	5	4.9
id-01702	10	15	26	3.7
id-01703	8	14	16	4.0
id-01704	10	5	11	4.9
id-01705	9	6	22	3.4
id-01706	8	4	29	4.1
id-01707	3	3	2	3.2
id-01708	4	7	29	3.7
id-01709	4	5	17	3.1
id-01710	1	2	23	3.2
id-01711	9	11	25	3.1
id-01712	5	5	30	3.3
id-01713	7	7	14	3.2
id-01714	7	5	10	4.0
id-01715	2	3	30	3.3
id-01716	4	7	10	3.4
id-01717	8	9	24	4.1
id-01718	4	8	26	3.4
id-01719	9	12	17	4.3
id-01720	3	5	19	4.4
id-01721	7	3	1	3.9
id-01722	8	7	20	3.3
id-01723	1	2	14	3.1
id-01724	10	20	27	4.6
id-01725	1	2	30	3.5
id-01726	1	2	7	4.9
id-01727	9	12	14	5.0
id-01728	1	2	23	3.4
id-01729	9	11	28	4.2
id-01730	4	3	8	3.8
id-01731	8	13	13	3.7
id-01732	8	8	20	4.9
id-01733	7	8	30	4.0
id-01734	9	7	10	3.2
id-01735	7	10	6	3.4
id-01736	5	8	2	5.0
id-01737	2	4	12	4.6
id-01738	2	4	23	3.9
id-01739	3	5	28	3.8
id-01740	9	12	7	4.6
id-01741	10	3	7	4.5
id-01742	6	7	21	3.4
id-01743	4	3	5	4.2
id-01744	1	2	5	4.8
id-01745	9	4	24	4.8
id-01746	4	7	7	3.2
id-01747	10	7	24	4.1
id-01748	3	3	8	3.2
id-01749	1	2	22	4.6
id-01750	2	3	2	3.9
id-01751	7	13	26	3.6
id-01752	4	7	28	4.1
id-01753	5	7	16	4.4
id-01754	4	8	3	4.4
id-01755	4	5	4	3.8
id-01756	6	9	23	4.1
id-01757	2	4	12	4.6
id-01758	7	4	2	3.2
id-01759	4	8	20	3.9
id-01760	2	4	22	3.3
id-01761	7	7	2	4.8
id-01762	5	8	11	3.5
id-01763	5	3	21	4.7
id-01764	6	10	15	3.3
id-01765	6	4	23	3.4
id-01766	1	2	24	3.8
id-01767	10	2	30	3.9
id-01768	1	2	15	4.5
id-01769	8	15	27	4.7
id-01770	4	3	27	3.3
id-01771	8	4	4	3.6
id-01772	7	3	28	5.0
id-01773	10	16	7	3.7
id-01774	6	10	15	3.8
id-01775	2	4	25	4.4
id-01776	3	5	24	3.2
id-01777	4	4	21	3.4
id-01778	1	2	2	3.5
id-01779	10	9	5	4.7
id-01780	6	10	19	3.9
id-01781	7	8	18	4.0
id-01782	9	4	1	4.0
id-01783	10	3	22	4.5
id-01784	1	2	1	4.6
id-01785	1	2	18	4.1
id-01786	2	2	7	3.1
id-01787	6	3	10	3.8
id-01788	6	7	9	3.2
id-01789	5	6	27	4.1
id-01790	3	3	29	3.2
id-01791	6	9	16	4.6
id-01792	2	3	24	3.2
id-01793	5	5	24	3.1
id-01794	10	10	29	4.3
id-01795	1	2	18	3.5
id-01796	2	4	1	3.8
id-01797	8	10	26	3.6
id-01798	5	9	15	4.1
id-01799	8	7	11	3.6
id-01800	4	5	12	4.2
id-01801	9	7	12	4.6
id-01802	9	17	30	3.8
id-01803	7	2	15	3.7
id-01804	1	2	6	4.3
id-01805	9	11	29	4.2
id-01806	6	4	25	3.7
id-01807	4	6	26	3.8
id-01808	4	2	4	3.7
id-01809	8	15	23	4.9
id-01810	3	4	30	4.6
id-01811	1	2	8	5.0
id-01812	3	6	10	4.7
id-01813	8	10	26	4.0
id-01814	6	10	14	3.1
id-01815	3	6	29	4.6
id-01816	5	10	2	4.4
id-01817	9	3	14	3.3
id-01818	3	2	22	4.8
id-01819	9	9	23	3.1
id-01820	10	12	1	5.0
id-01821	6	3	5	3.8
id-01822	1	2	23	3.1
id-01823	7	3	28	4.5
id-01824	7	5	2	4.9
id-01825	10	17	4	3.8
id-01826	8	14	30	3.3
id-01827	2	3	3	3.1
id-01828	10	3	9	3.7
id-01829	5	9	22	3.2
id-01830	4	5	19	3.5
id-01831	8	6	12	4.4
id-01832	8	12	18	4.5
id-01833	1	2	30	4.7
id-01834	2	4	21	4.1
id-01835	1	2	18	4.9
id-01836	10	17	26	3.4
id-01837	4	5	8	4.3
id-01838	5	4	6	4.4
id-01839	4	7	5	3.3
id-01840	3	6	5	3.9
id-01841	5	7	28	3.7
id-01842	9	11	26	4.8
id-01843	6	3	21	4.5
id-01844	4	4	4	3.2
id-01845	3	5	10	3.7
id-01846	3	2	24	3.6
id-01847	4	8	10	4.5
id-01848	9	8	11	4.3
id-01849	2	2	22	3.9
id-01850	8	14	20	4.7
id-01851	2	4	4	4.9
id-01852	7	3	18	4.8
id-01853	1	2	30	4.7
id-01854	7	14	9	3.7
id-01855	4	3	4	3.6
id-01856	1	2	6	3.6
id-01857	3	3	3	4.2
id-01858	7	3	5	3.5
id-01859	5	2	29	4.2
id-01860	1	2	7	4.5
id-01861	10	11	9	4.0
id-01862	2	2	17	3.3
id-01863	8	13	24	4.0
id-01864	7	6	4	4.7
id-01865	7	12	28	3.2
id-01866	1	2	3	3.6
id-01867	3	3	15	4.7
id-01868	7	14	6	4.6
id-01869	5	2	1	4.8
id-01870	9	12	18	4.9
id-01871	9	6	8	3.9
id-01872	1	2	18	3.7
id-01873	5	8	3	3.3
id-01874	5	2	19	4.8
id-01875	5	8	16	3.4
id-01876	10	6	7	4.2
id-01877	8	10	16	4.3
id-01878	2	2	6	5.0
id-01879	1	2	3	4.0
id-01880	4	8	30	3.2
id-01881	8	4	24	3.9
id-01882	2	4	2	3.1
id-01883	4	5	27	3.3
id-01884	6	12	30	4.3
id-01885	7	11	27	4.0
id-01886	8	13	19	4.5
id-01887	5	2	21	4.0
id-01888	10	17	2	4.4
id-01889	10	11	7	4.1
id-01890	3	5	25	4.5
id-01891	6	3	9	4.8
id-01892	10	4	23	4.4
id-01893	2	3	26	3.2
id-01894	1	2	5	4.7
id-01895	1	2	21	4.2
id-01896	6	3	24	4.2
id-01897	5	4	26	4.6
id-01898	7	11	6	3.3
id-01899	2	4	22	4.6
id-01900	4	3	9	4.2
id-01901	9	4	1	4.1
id-01902	9	8	26	3.7
id-01903	4	6	6	4.2
id-01904	6	10	9	4.4
id-01905	10	18	18	3.5
id-01906	2	3	25	4.1
id-01907	5	2	13	3.9
id-01908	5	2	19	3.1
id-01909	8	7	8	3.5
id-01910	5	5	8	4.2
id-01911	6	2	25	4.4
id-01912	4	6	21	4.2
id-01913	6	7	12	3.3
id-01914	7	14	16	4.3
id-01915	9	4	16	3.3
id-01916	4	6	19	3.7
id-01917	4	2	17	3.7
id-01918	4	3	10	4.2
id-01919	5	2	6	3.3
id-01920	2	4	3	4.6
id-01921	1	2	2	4.0
id-01922	10	6	20	4.1
id-01923	2	2	12	3.9
id-01924	9	15	25	3.7
id-01925	5	7	11	4.0
id-01926	1	2	2	4.1
id-01927	2	2	24	3.9
id-01928	4	8	7	4.6
id-01929	6	4	9	4.2
id-01930	3	6	18	5.0
id-01931	5	9	13	3.7
id-01932	5	5	16	4.1
id-01933	6	4	14	3.0
id-01934	5	10	24	3.4
id-01935	7	3	11	4.9
id-01936	8	6	9	3.6
id-01937	9	12	21	4.3
id-01938	3	2	4	4.2
id-01939	2	2	10	4.5
id-01940	7	9	16	4.3
id-01941	5	8	29	4.1
id-01942	7	5	24	3.6
id-01943	6	2	6	4.4
id-01944	4	7	20	3.6
id-01945	10	12	2	4.9
id-01946	5	2	16	3.4
id-01947	10	4	7	3.7
id-01948	3	6	15	4.6
id-01949	6	2	25	3.9
id-01950	9	12	15	3.4
id-01951	8	14	6	4.8
id-01952	7	13	19	4.4
id-01953	4	7	15	3.9
id-01954	10	4	26	4.0
id-01955	1	2	22	3.3
id-01956	3	4	23	4.5
id-01957	2	4	13	3.4
id-01958	6	6	26	4.8
id-01959	3	2	20	5.0
id-01960	4	4	6	3.3
id-01961	9	2	13	4.8
id-01962	9	4	29	4.8
id-01963	1	2	19	3.2
id-01964	10	17	29	3.5
id-01965	5	9	15	4.7
id-01966	2	2	14	4.8
id-01967	8	3	25	4.1
id-01968	5	4	3	4.0
id-01969	5	2	18	4.7
id-01970	7	8	3	4.5
id-01971	2	4	27	3.5
id-01972	7	8	26	3.8
id-01973	6	7	28	4.8
id-01974	4	7	1	3.3
id-01975	6	8	30	3.6
id-01976	1	2	29	3.4
id-01977	9	12	24	4.0
id-01978	2	4	28	4.7
id-01979	2	4	26	4.0
id-01980	8	12	18	3.8
id-01981	5	2	25	3.7
id-01982	5	6	2	4.0
id-01983	6	9	10	4.9
id-01984	1	2	21	5.0
id-01985	7	13	20	3.7
id-01986	9	17	25	3.3
id-01987	10	9	24	4.3
id-01988	5	8	7	4.0
id-01989	8	15	21	4.9
id-01990	2	2	4	4.9
id-01991	2	4	16	4.3
id-01992	4	6	20	4.8
id-01993	1	2	7	3.4
id-01994	1	2	30	3.3
id-01995	3	4	3	4.4
id-01996	9	3	2	4.3
id-01997	5	9	26	4.0
id-01998	2	4	16	4.5
id-01999	2	2	20	4.6
id-02000	2	4	9	4.7
id-02001	4	4	24	4.3
id-02002	5	9	3	3.9
id-02003	9	17	3	3.1
id-02004	5	5	19	4.0
id-02005	4	3	10	3.6
id-02006	6	11	5	3.7
id-02007	10	9	12	4.7
id-02008	3	2	19	3.6
id-02009	6	11	9	3.6
id-02010	6	9	16	3.9
id-02011	9	3	20	3.6
id-02012	7	8	5	4.8
id-02013	5	4	27	3.7
id-02014	4	8	18	4.5
id-02015	6	10	11	4.8
id-02016	6	5	13	4.8
id-02017	2	4	12	3.8
id-02018	5	3	14	3.4
id-02019	4	7	2	4.7
id-02020	7	9	19	4.1
id-02021	3	6	3	3.7
id-02022	10	3	9	4.6
id-02023	6	4	5	3.8
id-02024	3	2	27	4.5
id-02025	8	3	24	3.6
id-02026	2	4	16	3.1
id-02027	10	16	13	3.3
id-02028	1	2	26	3.7
id-02029	10	4	10	4.9
id-02030	9	8	2	3.4
id-02031	4	5	20	3.2
id-02032	2	3	18	3.0
id-02033	9	8	21	3.1
id-02034	2	3	6	4.5
id-02035	1	2	24	3.1
id-02036	5	4	17	3.3
id-02037	1	2	5	5.0
id-02038	8	8	12	4.6
id-02039	7	7	26	3.1
id-02040	8	14	26	3.3
id-02041	5	9	25	3.0
id-02042	7	10	29	3.2
id-02043	4	2	26	4.2
id-02044	5	3	7	3.6
id-02045	2	3	14	3.6
id-02046	1	2	11	4.5
id-02047	3	6	18	3.6
id-02048	2	2	16	3.8
id-02049	3	4	24	3.5
id-02050	10	4	5	4.2
id-02051	2	2	2	4.2
id-02052	2	3	15	3.9
id-02053	9	17	3	4.3
id-02054	8	11	22	3.7
id-02055	5	6	13	4.7
id-02056	6	5	15	4.9
id-02057	7	2	23	3.5
id-02058	5	5	26	4.5
id-02059	6	5	1	4.2
id-02060	5	8	20	4.0
id-02061	10	15	20	4.5
id-02062	9	13	30	4.5
id-02063	2	4	5	3.5
id-02064	5	7	20	3.3
id-02065	4	7	8	3.3
id-02066	9	15	27	4.0
id-02067	2	4	3	5.0
id-02068	5	5	2	3.2
id-02069	10	6	27	4.8
id-02070	2	2	22	3.5
id-02071	4	6	18	4.1
id-02072	1	2	13	4.8
id-02073	2	2	3	4.9
id-02074	8	13	8	3.8
id-02075	2	4	16	3.2
id-02076	7	2	5	3.7
id-02077	10	5	3	4.8
id-02078	6	10	14	4.3
id-02079	9	14	5	4.2
id-02080	9	5	25	3.5
id-02081	1	2	22	3.7
id-02082	1	2	9	4.5
id-02083	7	7	22	4.1
id-02084	1	2	24	3.0
id-02085	5	8	28	4.0
id-02086	9	15	5	4.4
id-02087	2	3	26	4.4
id-02088	9	12	5	4.5
id-02089	1	2	13	3.6
id-02090	4	3	5	3.7
id-02091	3	5	22	3.0
id-02092	2	4	6	4.1
id-02093	9	7	16	4.5
id-02094	10	14	18	3.0
id-02095	1	2	7	3.1
id-02096	7	14	29	4.4
id-02097	4	3	2	4.9
id-02098	10	19	23	3.6
id-02099	6	8	18	4.6
id-02100	7	13	29	3.3
id-02101	4	7	1	4.2
id-02102	4	7	29	3.1
id-02103	1	2	24	3.9
id-02104	10	19	26	3.7
id-02105	5	10	27	3.7
id-02106	5	5	30	3.3
id-02107	4	5	12	4.5
id-02108	7	10	10	3.7
id-02109	4	8	1	4.3
id-02110	3	6	26	4.0
id-02111	5	5	2	3.4
id-02112	1	2	1	3.3
id-02113	1	2	4	4.9
id-02114	5	3	13	3.5
id-02115	1	2	24	4.1
id-02116	1	2	3	3.6
id-02117	5	9	18	4.6
id-02118	6	9	2	3.1
id-02119	9	6	1	3.2
id-02120	6	7	14	3.4
id-02121	3	4	28	4.3
id-02122	9	8	2	3.8
id-02123	6	12	8	4.8
id-02124	9	12	13	4.8
id-02125	4	5	27	3.1
id-02126	1	2	12	4.0
id-02127	6	4	25	4.0
id-02128	8	13	27	4.8
id-02129	7	4	10	3.5
id-02130	3	5	29	3.4
id-02131	3	3	1	4.1
id-02132	4	2	24	4.9
id-02133	9	2	20	3.5
id-02134	7	5	21	4.4
id-02135	5	10	30	3.3
id-02136	7	12	12	4.8
id-02137	3	4	12	3.0
id-02138	7	13	29	4.6
id-02139	2	2	5	4.7
id-02140	3	5	11	4.1
id-02141	10	3	3	4.4
id-02142	7	13	10	3.8
id-02143	8	7	26	3.5
id-02144	2	2	4	4.5
id-02145	3	5	5	4.0
id-02146	6	8	28	3.6
id-02147	1	2	13	3.1
id-02148	8	2	2	3.2
id-02149	3	3	25	3.4
id-02150	8	14	23	3.9
id-02151	6	4	30	3.2
id-02152	10	8	28	4.5
id-02153	8	15	3	3.9
id-02154	3	4	1	3.8
id-02155	5	8	5	3.9
id-02156	3	5	20	4.3
id-02157	6	12	10	3.2
id-02158	3	3	9	4.6
id-02159	5	6	9	3.4
id-02160	5	7	19	4.2
id-02161	2	4	7	3.9
id-02162	7	11	13	4.2
id-02163	1	2	22	4.0
id-02164	9	17	8	4.5
id-02165	1	2	7	3.8
id-02166	6	12	7	4.1
id-02167	7	6	19	3.5
id-02168	9	5	17	4.4
id-02169	1	2	22	4.9
id-02170	7	2	13	4.5
id-02171	6	6	7	3.8
id-02172	9	18	17	3.1
id-02173	2	2	14	4.5
id-02174	5	5	6	4.1
id-02175	8	2	25	4.9
id-02176	2	3	16	3.5
id-02177	4	4	7	4.1
id-02178	4	3	20	3.5
id-02179	3	5	8	3.3
id-02180	1	2	1	3.5
id-02181	7	3	23	3.6
id-02182	3	4	12	4.5
id-02183	3	3	8	4.2
id-02184	3	6	17	4.2
id-02185	1	2	17	3.2
id-02186	3	6	30	4.3
id-02187	5	5	7	3.9
id-02188	3	5	3	4.5
id-02189	6	7	14	4.9
id-02190	8	11	25	3.9
id-02191	1	2	14	4.6
id-02192	1	2	11	3.2
id-02193	8	16	13	3.7
id-02194	3	3	9	3.4
id-02195	1	2	10	4.2
id-02196	2	2	7	4.8
id-02197	4	5	23	3.4
id-02198	2	2	9	4.0
id-02199	3	3	24	4.0
id-02200	2	2	6	3.5
id-02201	7	5	18	4.8
id-02202	10	15	24	3.5
id-02203	6	9	17	4.3
id-02204	9	14	8	3.2
id-02205	8	3	28	4.7
id-02206	5	6	8	4.6
id-02207	6	3	25	3.4
id-02208	1	2	29	4.8
id-02209	7	8	19	3.3
id-02210	3	4	21	4.1
id-02211	9	2	9	3.7
id-02212	10	19	5	4.4
id-02213	3	3	16	4.9
id-02214	8	6	26	3.1
id-02215	10	13	29	3.7
id-02216	5	7	29	4.6
id-02217	9	2	12	3.9
id-02218	7	5	6	5.0
id-02219	9	17	2	3.5
id-02220	9	12	5	4.8
id-02221	2	2	17	4.8
id-02222	4	4	22	3.2
id-02223	1	2	7	5.0
id-02224	8	11	6	4.1
id-02225	9	2	12	4.5
id-02226	9	17	3	3.9
id-02227	6	11	5	3.0
id-02228	2	3	25	3.2
id-02229	8	10	12	3.1
id-02230	8	5	6	4.8
id-02231	7	13	28	3.4
id-02232	1	2	7	3.7
id-02233	1	2	30	4.1
id-02234	6	6	2	3.7
id-02235	5	7	23	3.9
id-02236	3	4	10	4.3
id-02237	3	6	12	4.9
id-02238	6	8	25	4.6
id-02239	1	2	25	4.3
id-02240	7	13	26	3.8
id-02241	6	6	18	4.2
id-02242	7	4	15	3.1
id-02243	8	9	17	3.7
id-02244	10	17	1	3.4
id-02245	3	2	26	4.7
id-02246	7	10	14	3.5
id-02247	9	9	28	4.1
id-02248	2	3	9	4.5
id-02249	8	10	11	3.9
id-02250	1	2	12	4.6
id-02251	1	2	24	4.2
id-02252	2	2	18	4.1
id-02253	6	4	5	4.9
id-02254	6	9	17	3.6
id-02255	10	20	3	4.9
id-02256	2	4	26	4.9
id-02257	9	17	22	4.5
id-02258	9	18	26	3.3
id-02259	8	5	9	3.2
id-02260	10	10	19	3.1
id-02261	2	4	23	4.6
id-02262	7	10	23	3.5
id-02263	5	5	18	3.2
id-02264	5	9	20	3.3
id-02265	8	8	20	3.7
id-02266	9	16	13	4.2
id-02267	2	4	17	4.9
id-02268	5	10	27	3.7
id-02269	9	6	16	3.3
id-02270	6	11	14	4.6
id-02271	3	3	30	3.7
id-02272	2	2	10	4.7
id-02273	3	3	18	4.9
id-02274	8	5	8	4.9
id-02275	4	3	15	4.3
id-02276	3	2	4	3.5
id-02277	4	4	15	3.4
id-02278	5	9	11	3.1
id-02279	3	5	28	4.2
id-02280	10	11	11	4.6
id-02281	2	2	3	3.4
id-02282	4	5	22	3.3
id-02283	9	15	19	3.8
id-02284	3	3	15	3.7
id-02285	6	6	1	3.6
id-02286	5	9	21	3.9
id-02287	9	13	23	4.0
id-02288	3	6	23	4.0
id-02289	6	9	15	4.9
id-02290	5	5	14	4.6
id-02291	6	2	2	4.7
id-02292	8	6	13	3.0
id-02293	7	6	6	3.5
id-02294	5	7	16	3.9
id-02295	1	2	12	4.6
id-02296	5	8	28	4.1
id-02297	1	2	20	4.2
id-02298	2	3	11	5.0
id-02299	1	2	22	3.2
id-02300	8	12	15	3.5
id-02301	8	14	26	3.7
id-02302	6	3	11	4.0
id-02303	8	4	13	3.7
id-02304	2	4	13	3.4
id-02305	7	3	4	3.6
id-02306	4	3	3	3.4
id-02307	3	3	16	4.6
id-02308	2	3	17	4.7
id-02309	1	2	9	3.2
id-02310	8	12	20	4.8
id-02311	3	3	5	4.6
id-02312	2	3	21	3.2
id-02313	9	4	1	4.5
id-02314	6	5	27	4.7
id-02315	3	2	9	3.3
id-02316	8	4	4	3.9
id-02317	4	5	26	4.7
id-02318	7	2	26	4.5
id-02319	10	19	9	4.6
id-02320	4	5	24	4.5
id-02321	4	4	10	3.6
id-02322	1	2	5	4.4
id-02323	7	6	5	4.8
id-02324	5	3	25	3.4
id-02325	4	7	3	3.2
id-02326	10	11	24	4.9
id-02327	1	2	21	4.1
id-02328	3	5	29	3.3
id-02329	7	3	18	3.5
id-02330	9	11	7	4.6
id-02331	3	3	23	3.8
id-02332	4	7	28	4.6
id-02333	3	5	29	3.4
id-02334	4	2	25	4.5
id-02335	8	16	10	4.6
id-02336	2	4	21	4.2
id-02337	2	3	19	4.9
id-02338	8	12	29	4.2
id-02339	4	4	20	4.6
id-02340	8	9	17	4.2
id-02341	4	4	21	3.2
id-02342	9	12	2	3.2
id-02343	3	5	19	5.0
id-02344	3	2	24	3.1
id-02345	1	2	12	3.6
id-02346	10	19	27	4.9
id-02347	10	7	7	4.0
id-02348	3	6	6	3.0
id-02349	7	4	29	3.3
id-02350	9	16	26	4.8
id-02351	1	2	26	3.4
id-02352	7	9	23	3.3
id-02353	3	5	3	4.3
id-02354	4	5	13	5.0
id-02355	4	6	23	3.2
id-02356	9	15	27	4.5
id-02357	4	5	24	4.7
id-02358	4	4	19	3.7
id-02359	10	15	3	4.9
id-02360	10	18	23	4.6
id-02361	3	5	19	3.9
id-02362	10	19	24	4.6
id-02363	2	3	13	4.8
id-02364	4	7	15	3.4
id-02365	8	6	16	3.2
id-02366	4	2	2	3.3
id-02367	2	4	24	3.3
id-02368	1	2	22	4.8
id-02369	1	2	26	3.6
id-02370	4	6	20	4.0
id-02371	3	6	18	3.9
id-02372	6	3	20	3.2
id-02373	4	6	22	4.9
id-02374	1	2	7	4.1
id-02375	8	15	25	3.6
id-02376	7	9	21	3.4
id-02377	5	10	29	3.7
id-02378	6	6	26	4.9
id-02379	1	2	29	4.2
id-02380	10	12	10	4.9
id-02381	6	3	3	4.7
id-02382	1	2	12	4.6
id-02383	7	8	25	4.4
id-02384	3	6	13	4.2
id-02385	4	3	18	3.7
id-02386	3	4	27	3.5
id-02387	10	4	24	4.1
id-02388	10	4	12	5.0
id-02389	2	2	15	3.3
id-02390	5	5	25	4.2
id-02391	10	15	22	3.0
id-02392	2	3	10	3.2
id-02393	8	2	27	4.8
id-02394	1	2	28	4.5
id-02395	7	11	13	4.1
id-02396	10	13	30	3.5
id-02397	3	3	27	3.3
id-02398	6	3	4	4.4
id-02399	5	10	21	4.2
id-02400	10	3	20	3.3
id-02401	5	2	8	3.9
id-02402	5	9	14	4.2
id-02403	3	3	17	3.1
id-02404	6	6	7	4.1
id-02405	8	5	22	3.5
id-02406	1	2	11	3.9
id-02407	1	2	15	3.5
id-02408	10	7	7	4.6
id-02409	3	6	14	4.5
id-02410	8	6	24	4.6
id-02411	5	6	23	3.1
id-02412	2	3	22	4.2
id-02413	8	2	5	4.8
id-02414	5	6	22	3.3
id-02415	10	7	15	3.7
id-02416	2	2	23	3.5
id-02417	8	13	1	4.5
id-02418	4	2	8	3.1
id-02419	3	2	3	4.9
id-02420	5	9	20	3.2
id-02421	6	7	17	3.6
id-02422	1	2	16	4.1
id-02423	10	4	15	3.5
id-02424	6	4	10	4.6
id-02425	7	13	24	4.8
id-02426	7	3	23	3.4
id-02427	6	12	15	4.7
id-02428	9	18	21	3.7
id-02429	7	11	8	3.5
id-02430	7	3	12	3.9
id-02431	3	2	20	3.2
id-02432	3	5	14	4.8
id-02433	10	3	7	4.4
id-02434	8	14	4	3.3
id-02435	6	3	18	3.4
id-02436	8	14	2	3.8
id-02437	10	17	13	3.9
id-02438	9	6	24	4.0
id-02439	9	7	26	4.9
id-02440	1	2	3	4.2
id-02441	9	2	26	3.1
id-02442	4	8	29	4.9
id-02443	10	5	21	4.0
id-02444	10	12	30	4.9
id-02445	5	9	12	4.0
id-02446	7	7	25	4.6
id-02447	7	5	10	3.5
id-02448	1	2	21	3.8
id-02449	2	2	1	3.8
id-02450	5	2	27	4.4
id-02451	8	7	24	3.3
id-02452	1	2	29	4.6
id-02453	5	2	12	4.9
id-02454	8	3	10	3.3
id-02455	8	13	17	3.6
id-02456	2	3	16	3.0
id-02457	2	3	12	4.9
id-02458	10	19	6	5.0
id-02459	7	3	10	4.0
id-02460	2	3	6	4.8
id-02461	5	4	16	3.3
id-02462	2	2	8	4.5
id-02463	9	4	25	3.4
id-02464	4	7	13	4.7
id-02465	7	11	25	3.8
id-02466	10	2	28	4.3
id-02467	6	6	14	4.9
id-02468	3	6	21	4.5
id-02469	3	2	25	3.4
id-02470	5	5	8	3.6
id-02471	7	7	13	3.5
id-02472	1	2	7	3.2
id-02473	5	10	21	4.3
id-02474	7	11	1	3.1
id-02475	5	8	2	3.6
id-02476	9	18	8	3.9
id-02477	4	3	5	3.8
id-02478	3	3	10	3.2
id-02479	7	5	7	4.1
id-02480	1	2	1	3.9
id-02481	7	3	28	3.7
id-02482	9	9	20	3.4
id-02483	6	7	3	4.8
id-02484	4	6	3	4.5
id-02485	9	14	19	3.8
id-02486	9	2	10	4.6
id-02487	7	8	6	4.2
id-02488	5	2	3	4.3
id-02489	7	11	14	4.8
id-02490	3	2	11	3.5
id-02491	1	2	21	4.3
id-02492	4	8	14	4.5
id-02493	7	5	20	3.6
id-02494	5	3	30	3.9
id-02495	7	9	9	3.7
id-02496	3	5	14	4.4
id-02497	4	8	22	3.3
id-02498	5	9	19	4.2
id-02499	2	4	27	3.6
id-02500	1	2	6	4.1
id-02501	1	2	13	4.0
id-02502	8	11	10	4.4
id-02503	6	8	5	3.5
id-02504	9	9	14	4.1
id-02505	8	16	13	3.3
id-02506	9	12	26	3.4
id-02507	5	7	26	4.9
id-02508	10	7	29	4.0
id-02509	7	4	10	3.9
id-02510	10	3	30	4.4
id-02511	6	7	6	4.2
id-02512	3	2	3	4.4
id-02513	6	12	17	4.0
id-02514	10	8	10	4.1
id-02515	9	13	17	3.1
id-02516	2	2	24	4.3
id-02517	8	12	18	4.9
id-02518	2	2	23	4.2
id-02519	3	6	26	3.4
id-02520	5	3	16	3.8
id-02521	2	2	17	4.7
id-02522	9	7	18	3.3
id-02523	10	7	22	4.1
id-02524	9	15	25	3.8
id-02525	8	7	10	4.8
id-02526	8	14	21	3.4
id-02527	9	15	8	3.6
id-02528	3	6	29	3.2
id-02529	7	3	3	3.6
id-02530	10	10	8	3.9
id-02531	6	11	16	3.8
id-02532	9	9	13	3.1
id-02533	4	8	6	3.6
id-02534	3	2	5	3.2
id-02535	5	4	28	3.7
id-02536	8	9	1	4.3
id-02537	3	6	8	4.5
id-02538	2	4	22	3.5
id-02539	7	11	19	4.5
id-02540	5	7	5	4.7
id-02541	10	20	15	4.1
id-02542	4	6	23	4.7
id-02543	9	3	28	4.5
id-02544	2	4	9	4.4
id-02545	9	4	5	4.9
id-02546	4	8	16	3.9
id-02547	2	2	6	4.5
id-02548	9	4	11	4.7
id-02549	1	2	28	3.4
id-02550	5	6	12	4.6
id-02551	7	7	4	4.0
id-02552	3	6	25	4.6
id-02553	2	3	13	5.0
id-02554	7	4	1	4.8
id-02555	8	12	13	4.3
id-02556	3	6	18	4.2
id-02557	10	18	2	4.5
id-02558	7	11	16	4.6
id-02559	4	2	18	3.1
id-02560	4	5	24	4.9
id-02561	7	14	17	4.2
id-02562	1	2	27	3.4
id-02563	8	7	20	3.2
id-02564	2	4	23	3.3
id-02565	3	4	29	4.2
id-02566	6	5	1	3.7
id-02567	6	7	1	3.7
id-02568	5	9	20	4.8
id-02569	3	5	7	3.7
id-02570	7	5	2	4.4
id-02571	3	2	24	3.2
id-02572	1	2	29	4.1
id-02573	6	2	11	3.9
id-02574	2	4	25	3.1
id-02575	8	6	20	3.6
id-02576	6	2	18	3.9
id-02577	6	4	12	3.7
id-02578	9	5	6	5.0
id-02579	6	9	20	3.0
id-02580	5	9	28	4.8
id-02581	10	13	4	4.4
id-02582	8	12	30	3.5
id-02583	7	4	16	3.5
id-02584	5	9	2	3.0
id-02585	3	2	11	4.4
id-02586	7	13	13	3.3
id-02587	2	4	14	4.0
id-02588	6	10	30	3.9
id-02589	2	3	11	3.8
id-02590	6	11	6	3.4
id-02591	9	16	6	3.7
id-02592	7	11	24	3.3
id-02593	1	2	16	4.9
id-02594	3	4	28	3.5
id-02595	1	2	10	4.6
id-02596	5	4	27	3.3
id-02597	4	6	24	4.2
id-02598	5	3	19	3.5
id-02599	2	4	20	4.9
id-02600	8	6	28	4.9
id-02601	8	6	26	4.4
id-02602	10	7	13	4.2
id-02603	1	2	15	3.6
id-02604	7	13	16	3.3
id-02605	4	4	5	4.5
id-02606	4	5	17	3.7
id-02607	2	3	7	5.0
id-02608	4	2	3	4.7
id-02609	5	2	1	4.9
id-02610	4	5	23	3.4
id-02611	8	7	21	3.2
id-02612	6	4	27	4.2
id-02613	9	2	1	4.4
id-02614	6	10	17	4.3
id-02615	9	11	22	4.8
id-02616	2	3	12	3.7
id-02617	4	7	23	4.4
id-02618	2	4	27	4.7
id-02619	7	14	5	4.2
id-02620	8	14	30	4.2
id-02621	4	7	19	3.5
id-02622	10	5	16	3.3
id-02623	1	2	26	4.9
id-02624	8	6	27	4.8
id-02625	10	13	5	3.5
id-02626	4	4	12	5.0
id-02627	3	5	15	3.2
id-02628	7	6	15	3.3
id-02629	1	2	27	4.4
id-02630	10	13	4	3.5
id-02631	7	8	30	3.6
id-02632	9	3	5	4.4
id-02633	9	2	14	3.0
id-02634	10	4	23	4.8
id-02635	3	5	13	3.4
id-02636	5	6	12	4.6
id-02637	1	2	26	3.6
id-02638	4	6	12	4.3
id-02639	6	11	5	4.5
id-02640	6	4	27	3.0
id-02641	6	12	28	3.3
id-02642	9	10	25	4.2
id-02643	9	11	9	5.0
id-02644	6	6	17	4.0
id-02645	10	12	22	4.3
id-02646	10	17	20	3.9
id-02647	8	11	22	4.6
id-02648	2	2	17	3.1
id-02649	2	4	29	4.0
id-02650	2	3	17	3.0
id-02651	3	4	15	3.4
id-02652	4	7	10	4.0
id-02653	3	4	25	3.6
id-02654	6	4	13	3.4
id-02655	1	2	26	4.9
id-02656	4	5	7	3.6
id-02657	1	2	15	3.1
id-02658	8	3	17	3.9
id-02659	5	4	5	3.2
id-02660	8	16	3	4.7
id-02661	2	4	8	4.2
id-02662	3	5	9	4.8
id-02663	8	10	6	3.3
id-02664	3	6	5	3.0
id-02665	5	5	17	3.2
id-02666	7	12	21	3.0
id-02667	10	12	1	4.6
id-02668	2	3	10	3.6
id-02669	5	10	22	4.5
id-02670	4	2	27	4.6
id-02671	1	2	11	4.2
id-02672	1	2	20	3.5
id-02673	4	8	22	4.0
id-02674	3	3	17	3.3
id-02675	6	4	25	4.0
id-02676	1	2	4	4.6
id-02677	2	3	3	3.3
id-02678	5	9	12	4.5
id-02679	10	7	28	4.5
id-02680	2	2	6	4.7
id-02681	4	4	21	4.0
id-02682	3	5	17	3.9
id-02683	5	9	25	4.5
id-02684	1	2	17	4.4
id-02685	3	6	7	3.6
id-02686	10	17	18	3.8
id-02687	9	9	25	3.9
id-02688	4	3	26	4.4
id-02689	4	8	28	4.1
id-02690	4	7	5	3.1
id-02691	2	2	10	4.5
id-02692	8	7	16	4.1
id-02693	3	3	4	4.8
id-02694	6	8	25	4.9
id-02695	1	2	6	3.8
id-02696	10	13	22	3.6
id-02697	7	4	23	3.9
id-02698	6	2	27	5.0
id-02699	3	3	28	4.8
id-02700	5	4	7	3.5
id-02701	2	3	7	3.8
id-02702	8	10	2	4.5
id-02703	9	3	15	4.0
id-02704	7	13	10	4.2
id-02705	3	3	1	4.3
id-02706	5	6	16	4.9
id-02707	8	15	17	4.6
id-02708	6	11	12	3.7
id-02709	10	5	27	4.1
id-02710	10	11	8	4.9
id-02711	6	2	28	3.7
id-02712	5	5	12	4.4
id-02713	2	4	22	4.5
id-02714	8	10	28	4.4
id-02715	7	5	7	4.4
id-02716	8	6	10	4.4
id-02717	3	5	10	3.9
id-02718	10	13	28	3.4
id-02719	9	6	1	4.4
id-02720	1	2	18	4.0
id-02721	5	7	13	3.8
id-02722	10	19	4	4.5
id-02723	4	8	5	3.4
id-02724	7	9	26	3.1
id-02725	1	2	20	4.8
id-02726	5	9	27	3.0
id-02727	2	2	21	3.4
id-02728	6	8	8	3.5
id-02729	6	12	24	3.1
id-02730	3	3	26	3.2
id-02731	5	7	1	3.2
id-02732	1	2	7	4.6
id-02733	4	4	3	3.4
id-02734	2	2	13	3.6
id-02735	6	4	6	3.1
id-02736	7	10	26	4.5
id-02737	10	14	13	3.6
id-02738	9	11	6	4.7
id-02739	4	7	26	4.8
id-02740	4	7	7	3.2
id-02741	7	11	26	3.1
id-02742	1	2	1	3.4
id-02743	8	10	30	3.8
id-02744	9	18	26	3.5
id-02745	1	2	17	4.1
id-02746	9	13	10	4.6
id-02747	7	4	12	4.8
id-02748	10	3	16	3.4
id-02749	3	5	11	3.4
id-02750	10	10	9	4.8
id-02751	6	3	25	3.5
id-02752	5	9	13	4.1
id-02753	7	10	18	3.5
id-02754	2	4	27	4.0
id-02755	3	3	27	4.2
id-02756	10	15	24	4.8
id-02757	2	4	13	4.4
id-02758	3	3	13	4.3
id-02759	8	4	25	4.1
id-02760	8	11	22	3.6
id-02761	3	4	8	3.8
id-02762	7	7	23	4.7
id-02763	1	2	11	3.4
id-02764	1	2	27	3.9
id-02765	9	16	7	4.4
id-02766	6	10	1	4.0
id-02767	4	4	26	3.5
id-02768	4	2	30	4.5
id-02769	7	2	25	4.3
id-02770	3	6	16	4.7
id-02771	8	15	29	3.8
id-02772	7	2	21	3.3
id-02773	6	11	6	3.3
id-02774	5	4	15	4.4
id-02775	6	11	23	3.7
id-02776	10	11	15	3.7
id-02777	1	2	18	4.5
id-02778	2	2	27	4.9
id-02779	8	3	11	4.0
id-02780	1	2	29	4.1
id-02781	8	3	27	3.3
id-02782	8	10	7	3.1
id-02783	3	6	4	4.7
id-02784	8	12	21	3.3
id-02785	3	6	30	4.5
id-02786	8	7	22	4.5
id-02787	8	6	2	3.5
id-02788	4	3	3	4.8
id-02789	8	3	8	4.8
id-02790	8	8	26	3.1
id-02791	10	16	13	3.1
id-02792	7	2	17	3.7
id-02793	5	5	2	4.9
id-02794	8	5	7	3.7
id-02795	1	2	21	3.9
id-02796	6	4	6	4.5
id-02797	4	6	24	3.8
id-02798	2	3	21	4.9
id-02799	3	4	14	4.5
id-02800	1	2	2	4.2
id-02801	9	7	8	4.5
id-02802	3	4	18	3.4
id-02803	2	2	30	5.0
id-02804	8	13	22	4.7
id-02805	4	4	3	5.0
id-02806	6	3	24	3.3
id-02807	5	6	29	3.8
id-02808	4	3	19	3.6
id-02809	6	6	18	3.2
id-02810	7	12	23	3.9
id-02811	5	7	13	3.0
id-02812	10	14	24	3.5
id-02813	3	6	12	4.4
id-02814	5	7	8	3.4
id-02815	6	3	30	4.7
id-02816	7	4	14	3.1
id-02817	4	7	11	4.0
id-02818	6	7	3	3.2
id-02819	10	8	26	3.0
id-02820	1	2	24	3.6
id-02821	5	4	5	3.6
id-02822	10	7	8	3.0
id-02823	9	12	9	4.7
id-02824	5	8	28	4.2
id-02825	3	2	11	3.7
id-02826	2	2	21	5.0
id-02827	3	5	3	4.7
id-02828	8	13	4	3.2
id-02829	4	8	23	3.5
id-02830	6	5	1	3.8
id-02831	5	3	26	3.2
id-02832	3	2	1	4.1
id-02833	8	10	19	4.5
id-02834	4	5	24	3.0
id-02835	4	4	17	3.4
id-02836	3	2	22	5.0
id-02837	9	5	9	4.3
id-02838	5	4	5	4.5
id-02839	7	6	3	4.7
id-02840	10	4	29	4.7
id-02841	7	6	4	4.7
id-02842	2	2	6	4.1
id-02843	4	3	28	3.1
id-02844	7	7	17	4.3
id-02845	6	7	8	4.0
id-02846	7	10	6	3.3
id-02847	10	18	5	4.5
id-02848	3	2	6	4.2
id-02849	1	2	16	4.6
id-02850	2	4	3	3.4
id-02851	1	2	18	3.1
id-02852	7	10	8	4.4
id-02853	1	2	12	3.6
id-02854	4	4	22	3.4
id-02855	2	3	11	3.7
id-02856	10	6	15	3.1
id-02857	6	8	30	4.4
id-02858	5	4	7	4.7
id-02859	5	5	14	4.2
id-02860	3	4	15	4.8
id-02861	5	2	18	3.2
id-02862	1	2	7	4.9
id-02863	1	2	9	3.1
id-02864	8	10	8	3.9
id-02865	1	2	2	3.8
id-02866	3	6	10	4.4
id-02867	5	2	18	3.3
id-02868	2	3	2	4.0
id-02869	10	6	17	4.6
id-02870	8	7	12	4.5
id-02871	4	5	15	4.3
id-02872	2	4	21	4.1
id-02873	6	8	7	4.1
id-02874	3	4	1	4.9
id-02875	9	10	1	4.5
id-02876	1	2	18	3.3
id-02877	1	2	14	4.9
id-02878	8	16	3	4.2
id-02879	8	5	28	3.4
id-02880	5	5	2	4.8
id-02881	8	8	2	4.2
id-02882	6	10	4	4.5
id-02883	2	3	17	3.5
id-02884	6	2	10	3.2
id-02885	4	7	24	3.4
id-02886	10	19	28	4.6
id-02887	3	6	4	4.5
id-02888	7	10	27	4.2
id-02889	4	8	2	3.6
id-02890	5	2	11	4.5
id-02891	10	14	2	3.9
id-02892	2	4	15	4.8
id-02893	3	3	21	4.4
id-02894	5	4	12	5.0
id-02895	5	9	29	4.8
id-02896	9	17	3	4.6
id-02897	4	5	18	4.7
id-02898	10	9	29	3.9
id-02899	4	8	16	4.5
id-02900	5	9	15	4.8
id-02901	2	2	23	3.6
id-02902	2	2	12	4.3
id-02903	9	8	16	4.0
id-02904	6	3	19	3.3
id-02905	5	10	3	4.4
id-02906	7	11	27	3.0
id-02907	7	9	14	4.2
id-02908	10	5	24	3.2
id-02909	10	7	24	4.9
id-02910	9	5	13	4.6
id-02911	3	4	17	3.8
id-02912	9	16	15	4.2
id-02913	10	7	27	3.7
id-02914	7	8	23	4.9
id-02915	5	3	26	3.1
id-02916	6	7	1	3.1
id-02917	8	13	4	3.0
id-02918	2	4	2	3.1
id-02919	6	12	7	4.5
id-02920	4	6	16	4.7
id-02921	6	12	3	3.6
id-02922	5	5	25	4.3
id-02923	1	2	18	3.3
id-02924	1	2	10	4.6
id-02925	10	10	30	3.9
id-02926	6	10	7	3.9
id-02927	9	2	17	3.7
id-02928	8	16	6	3.8
id-02929	6	7	2	4.0
id-02930	7	4	17	4.6
id-02931	8	16	15	4.7
id-02932	8	16	6	4.6
id-02933	3	6	27	4.7
id-02934	2	4	30	3.6
id-02935	9	4	28	3.2
id-02936	1	2	7	5.0
id-02937	10	11	6	4.7
id-02938	1	2	3	4.5
id-02939	4	6	3	4.6
id-02940	4	8	13	3.3
id-02941	3	4	10	3.0
id-02942	7	2	21	4.6
id-02943	2	3	28	4.6
id-02944	10	8	26	4.6
id-02945	3	3	27	3.0
id-02946	6	10	30	4.1
id-02947	3	2	12	4.7
id-02948	4	5	9	4.0
id-02949	5	5	18	3.3
id-02950	6	3	30	4.3
id-02951	2	2	28	4.6
id-02952	1	2	9	4.0
id-02953	4	7	16	4.6
id-02954	9	16	11	4.2
id-02955	3	5	11	3.2
id-02956	4	8	21	4.6
id-02957	9	7	23	4.1
id-02958	4	4	20	3.5
id-02959	6	11	9	3.1
id-02960	8	2	16	3.8
id-02961	4	8	25	3.9
id-02962	7	9	14	4.0
id-02963	10	16	18	3.4
id-02964	6	12	25	3.0
id-02965	4	3	17	4.9
id-02966	4	4	14	3.4
id-02967	1	2	28	4.0
id-02968	9	2	6	4.3
id-02969	7	3	3	4.6
id-02970	3	4	11	3.9
id-02971	5	5	25	4.7
id-02972	5	7	28	3.8
id-02973	4	3	17	4.2
id-02974	3	5	16	3.1
id-02975	5	5	21	4.2
id-02976	4	2	28	4.9
id-02977	7	7	10	4.5
id-02978	6	5	10	3.9
id-02979	1	2	10	4.7
id-02980	6	11	11	3.1
id-02981	5	7	10	4.0
id-02982	8	9	3	3.3
id-02983	8	11	9	4.8
id-02984	5	9	18	3.8
id-02985	9	3	4	4.0
id-02986	8	5	14	4.9
id-02987	6	2	17	4.6
id-02988	3	4	4	4.4
id-02989	2	4	3	3.9
id-02990	8	5	7	3.7
id-02991	7	6	15	3.8
id-02992	3	6	30	4.1
id-02993	8	15	13	3.4
id-02994	9	3	1	3.8
id-02995	9	15	14	4.9
id-02996	1	2	25	4.9
id-02997	8	13	14	4.4
id-02998	1	2	28	4.9
id-02999	10	10	15	4.2
id-03000	6	4	18	3.4
id-03001	10	15	10	4.6
id-03002	5	8	12	3.1
id-03003	3	4	20	4.5
id-03004	9	9	13	4.0
id-03005	9	5	7	3.9
id-03006	6	12	26	3.2
id-03007	1	2	23	4.7
id-03008	5	7	1	4.9
id-03009	10	12	30	4.0
id-03010	2	3	8	3.6
id-03011	8	13	27	4.1
id-03012	8	3	1	4.8
id-03013	10	12	13	4.8
id-03014	6	12	3	4.0
id-03015	6	4	11	4.9
id-03016	10	15	6	4.7
id-03017	8	9	5	3.7
id-03018	8	15	10	3.1
id-03019	10	11	23	4.6
id-03020	7	10	15	4.8
id-03021	6	7	24	4.7
id-03022	9	10	12	4.0
id-03023	9	10	2	3.4
id-03024	3	3	27	3.6
id-03025	8	7	10	4.2
id-03026	6	6	27	4.9
id-03027	4	2	6	3.4
id-03028	9	18	13	4.2
id-03029	7	12	11	3.8
id-03030	7	7	12	4.5
id-03031	10	16	7	3.6
id-03032	3	2	1	3.3
id-03033	2	2	2	3.3
id-03034	6	6	19	4.5
id-03035	4	8	3	5.0
id-03036	9	2	4	4.8
id-03037	2	3	8	3.2
id-03038	5	10	13	4.5
id-03039	6	6	9	4.1
id-03040	8	12	1	3.8
id-03041	1	2	15	3.1
id-03042	7	5	7	4.3
id-03043	10	5	24	3.4
id-03044	10	12	5	4.9
id-03045	6	7	27	4.4
id-03046	8	14	23	3.6
id-03047	1	2	5	3.5
id-03048	8	16	10	3.4
id-03049	6	2	20	4.7
id-03050	5	6	26	4.7
id-03051	8	12	8	4.6
id-03052	10	11	29	4.3
id-03053	8	2	6	3.1
id-03054	2	4	3	3.5
id-03055	2	2	11	4.5
id-03056	9	11	13	3.1
id-03057	8	10	26	3.3
id-03058	5	6	28	4.3
id-03059	6	8	24	4.0
id-03060	6	2	10	3.2
id-03061	4	8	17	4.4
id-03062	8	9	3	3.1
id-03063	4	3	4	4.1
id-03064	8	15	27	4.7
id-03065	8	3	14	3.7
id-03066	8	11	12	4.7
id-03067	3	2	3	3.9
id-03068	2	2	20	4.3
id-03069	8	14	28	3.8
id-03070	10	2	1	3.4
id-03071	8	4	15	3.2
id-03072	2	4	30	4.3
id-03073	1	2	7	4.8
id-03074	3	5	21	3.0
id-03075	3	5	9	3.5
id-03076	5	8	30	4.5
id-03077	5	10	17	3.7
id-03078	7	12	24	3.1
id-03079	8	2	4	3.4
id-03080	7	14	8	3.9
id-03081	1	2	29	4.0
id-03082	1	2	9	4.9
id-03083	3	2	11	3.8
id-03084	3	4	11	3.2
id-03085	7	7	11	3.5
id-03086	6	5	14	3.6
id-03087	4	8	4	5.0
id-03088	9	3	25	4.4
id-03089	1	2	23	3.1
id-03090	6	6	28	4.3
id-03091	2	3	4	3.8
id-03092	8	9	13	3.8
id-03093	10	12	8	3.7
id-03094	7	12	13	3.2
id-03095	7	10	2	4.8
id-03096	1	2	6	4.5
id-03097	5	5	17	4.1
id-03098	7	11	2	3.9
id-03099	3	6	5	3.9
id-03100	3	5	4	3.1
id-03101	2	4	15	3.3
id-03102	7	11	30	4.3
id-03103	8	4	10	4.5
id-03104	3	2	23	3.9
id-03105	8	14	14	3.2
id-03106	6	6	16	3.4
id-03107	4	6	26	4.3
id-03108	10	10	10	3.4
id-03109	2	3	11	3.1
id-03110	7	5	12	4.4
id-03111	4	6	17	3.2
id-03112	5	6	1	4.8
id-03113	3	5	16	4.3
id-03114	5	7	10	3.1
id-03115	9	12	20	3.1
id-03116	5	3	23	4.4
id-03117	4	5	20	4.7
id-03118	6	9	13	4.9
id-03119	6	8	21	4.3
id-03120	9	7	29	3.0
id-03121	8	8	1	4.8
id-03122	4	5	6	4.5
id-03123	9	8	6	4.1
id-03124	10	15	17	4.5
id-03125	7	14	9	3.2
id-03126	1	2	16	3.8
id-03127	9	14	10	4.8
id-03128	2	2	4	4.0
id-03129	1	2	23	4.4
id-03130	7	4	5	4.2
id-03131	5	7	28	5.0
id-03132	4	4	6	4.0
id-03133	6	6	15	4.6
id-03134	5	5	25	4.5
id-03135	9	18	30	4.5
id-03136	9	11	23	4.9
id-03137	10	12	19	5.0
id-03138	8	5	2	4.8
id-03139	6	6	26	3.8
id-03140	2	4	10	3.2
id-03141	6	5	26	4.9
id-03142	4	6	21	4.8
id-03143	5	4	29	4.1
id-03144	3	6	25	4.3
id-03145	10	16	26	3.2
id-03146	7	13	1	3.5
id-03147	3	4	9	3.6
id-03148	3	4	18	4.0
id-03149	5	6	28	3.7
id-03150	4	4	19	3.0
id-03151	9	9	6	4.7
id-03152	8	6	22	4.4
id-03153	6	12	14	3.8
id-03154	2	2	18	3.4
id-03155	3	2	18	3.9
id-03156	6	9	16	3.2
id-03157	7	10	12	4.8
id-03158	4	5	20	3.3
id-03159	9	16	1	4.4
id-03160	6	6	22	4.2
id-03161	10	20	11	3.1
id-03162	5	2	19	3.0
id-03163	5	7	25	3.4
id-03164	2	3	18	3.9
id-03165	2	2	1	5.0
id-03166	6	2	21	3.2
id-03167	2	4	6	3.8
id-03168	3	2	4	4.9
id-03169	3	5	25	5.0
id-03170	4	4	17	3.9
id-03171	2	3	27	3.9
id-03172	6	5	10	3.1
id-03173	6	6	30	3.9
id-03174	3	2	19	4.9
id-03175	5	3	26	4.0
id-03176	5	6	13	3.3
id-03177	8	12	5	4.4
id-03178	7	10	1	4.7
id-03179	2	3	24	4.1
id-03180	4	2	27	4.5
id-03181	9	13	3	3.2
id-03182	8	7	20	4.5
id-03183	9	17	29	4.8
id-03184	9	9	21	4.4
id-03185	6	10	14	5.0
id-03186	1	2	29	4.1
id-03187	2	3	29	4.3
id-03188	1	2	9	4.6
id-03189	1	2	22	4.8
id-03190	4	5	4	3.3
id-03191	3	2	1	4.9
id-03192	2	4	28	4.3
id-03193	3	3	16	4.4
id-03194	5	3	2	4.5
id-03195	3	2	7	3.1
id-03196	4	6	15	4.1
id-03197	6	10	26	4.7
id-03198	10	11	13	4.1
id-03199	3	6	3	3.7
id-03200	3	6	13	3.5
id-03201	3	5	29	4.1
id-03202	6	11	13	3.1
id-03203	8	6	20	4.9
id-03204	1	2	3	3.8
id-03205	4	7	22	4.3
id-03206	5	3	7	3.9
id-03207	6	11	8	4.8
id-03208	5	8	2	3.5
id-03209	8	6	27	3.8
id-03210	1	2	28	3.3
id-03211	3	6	20	3.1
id-03212	4	8	20	3.1
id-03213	8	3	23	3.0
id-03214	9	15	24	3.6
id-03215	4	6	16	4.7
id-03216	5	9	28	3.7
id-03217	2	3	16	3.1
id-03218	9	4	11	3.0
id-03219	8	9	15	4.3
id-03220	1	2	13	3.3
id-03221	10	6	10	5.0
id-03222	10	7	3	4.9
id-03223	1	2	11	4.5
id-03224	7	3	30	4.6
id-03225	7	10	20	3.2
id-03226	9	9	19	3.8
id-03227	6	6	26	4.5
id-03228	10	15	23	4.6
id-03229	1	2	6	3.7
id-03230	10	6	19	4.6
id-03231	6	8	12	4.3
id-03232	10	5	5	3.9
id-03233	5	5	7	4.3
id-03234	7	10	23	3.0
id-03235	1	2	25	4.2
id-03236	1	2	30	3.5
id-03237	9	14	29	4.9
id-03238	8	8	12	3.4
id-03239	9	6	19	4.9
id-03240	2	2	4	3.8
id-03241	1	2	14	4.7
id-03242	10	14	26	4.7
id-03243	5	5	11	3.9
id-03244	4	4	11	4.5
id-03245	2	3	18	3.8
id-03246	3	3	28	4.9
id-03247	10	5	13	4.1
id-03248	6	11	21	3.2
id-03249	5	2	30	4.1
id-03250	2	2	26	3.9
id-03251	2	2	7	4.0
id-03252	10	4	17	3.0
id-03253	1	2	28	4.4
id-03254	10	15	5	3.8
id-03255	10	17	17	4.4
id-03256	10	18	25	3.9
id-03257	1	2	16	4.0
id-03258	7	7	30	3.7
id-03259	6	12	22	4.9
id-03260	7	6	14	4.9
id-03261	6	10	1	3.7
id-03262	3	5	7	3.5
id-03263	7	12	12	3.4
id-03264	7	14	7	4.8
id-03265	5	5	4	4.0
id-03266	7	12	15	4.1
id-03267	7	12	18	3.1
id-03268	3	6	25	3.5
id-03269	7	12	5	4.2
id-03270	6	3	4	4.6
id-03271	5	3	17	4.7
id-03272	1	2	7	3.5
id-03273	2	3	6	3.5
id-03274	10	6	18	4.0
id-03275	8	6	6	4.2
id-03276	2	2	4	3.2
id-03277	6	10	5	4.8
id-03278	4	7	26	4.5
id-03279	5	6	20	3.8
id-03280	3	5	10	3.4
id-03281	5	6	16	3.5
id-03282	7	4	2	4.7
id-03283	9	4	17	3.4
id-03284	5	8	8	3.4
id-03285	9	2	28	4.5
id-03286	7	5	28	4.4
id-03287	9	7	2	4.0
id-03288	4	4	5	4.0
id-03289	3	4	27	4.2
id-03290	9	5	26	4.4
id-03291	7	7	1	3.3
id-03292	6	9	6	4.9
id-03293	2	3	10	3.4
id-03294	10	3	19	3.8
id-03295	2	3	18	3.7
id-03296	6	6	10	3.6
id-03297	2	3	24	3.5
id-03298	10	6	22	4.2
id-03299	4	7	11	4.3
id-03300	3	4	15	3.3
id-03301	7	11	28	3.8
id-03302	3	3	15	3.7
id-03303	6	8	12	4.0
id-03304	3	3	16	3.5
id-03305	4	3	10	4.4
id-03306	6	9	10	3.9
id-03307	9	16	6	3.7
id-03308	1	2	28	4.1
id-03309	6	5	25	3.1
id-03310	7	14	7	4.7
id-03311	9	8	6	3.5
id-03312	1	2	21	3.5
id-03313	2	2	24	4.1
id-03314	9	4	11	3.2
id-03315	9	5	5	3.4
id-03316	6	6	14	4.3
id-03317	10	11	11	3.3
id-03318	5	5	1	4.9
id-03319	8	6	16	4.9
id-03320	4	5	2	4.5
id-03321	2	3	17	5.0
id-03322	7	11	1	4.4
id-03323	3	3	21	4.3
id-03324	8	15	15	4.3
id-03325	7	8	26	4.5
id-03326	8	11	11	3.9
id-03327	9	13	13	4.4
id-03328	8	12	21	4.5
id-03329	6	2	7	3.7
id-03330	6	10	19	3.5
id-03331	2	2	15	3.3
id-03332	6	5	8	3.6
id-03333	10	5	30	3.1
id-03334	6	4	10	4.8
id-03335	9	3	4	4.8
id-03336	9	18	3	3.4
id-03337	4	5	12	3.7
id-03338	6	2	28	3.6
id-03339	9	13	16	3.8
id-03340	8	13	17	4.5
id-03341	1	2	18	3.5
id-03342	8	12	15	3.1
id-03343	8	2	4	3.1
id-03344	1	2	4	3.6
id-03345	4	2	6	5.0
id-03346	2	4	6	4.3
id-03347	8	7	4	4.4
id-03348	5	8	19	3.0
id-03349	1	2	7	4.3
id-03350	10	11	8	4.6
id-03351	7	7	3	3.3
id-03352	3	3	10	3.2
id-03353	10	9	10	3.0
id-03354	2	3	10	4.4
id-03355	10	14	16	3.7
id-03356	6	2	25	4.4
id-03357	5	9	24	4.0
id-03358	10	15	3	3.2
id-03359	8	10	8	3.3
id-03360	5	2	11	4.2
id-03361	7	14	27	3.4
id-03362	6	3	18	3.2
id-03363	4	6	14	4.7
id-03364	2	2	19	3.2
id-03365	5	6	19	4.2
id-03366	5	4	15	3.6
id-03367	9	3	12	4.1
id-03368	6	4	23	4.1
id-03369	8	10	6	3.8
id-03370	10	11	28	4.6
id-03371	10	7	16	4.9
id-03372	8	3	8	4.4
id-03373	9	7	7	3.4
id-03374	9	11	6	4.9
id-03375	10	9	19	3.9
id-03376	8	5	1	4.7
id-03377	4	3	17	4.2
id-03378	1	2	19	3.7
id-03379	6	7	27	3.8
id-03380	10	2	8	3.2
id-03381	1	2	5	4.0
id-03382	3	3	25	3.4
id-03383	10	11	19	3.3
id-03384	9	16	15	4.0
id-03385	2	4	29	3.3
id-03386	3	5	29	3.3
id-03387	8	11	1	4.3
id-03388	3	4	19	3.4
id-03389	8	8	15	4.3
id-03390	8	9	16	4.8
id-03391	1	2	18	3.7
id-03392	9	7	11	3.2
id-03393	10	18	17	4.3
id-03394	10	3	16	4.2
id-03395	8	16	4	3.4
id-03396	5	5	17	3.4
id-03397	9	2	29	3.8
id-03398	4	5	30	4.9
id-03399	7	10	1	3.4
id-03400	8	10	21	3.8
id-03401	5	5	15	4.6
id-03402	5	5	23	3.0
id-03403	8	13	30	3.0
id-03404	8	10	6	4.0
id-03405	5	6	11	4.3
id-03406	5	4	6	4.6
id-03407	10	9	21	3.3
id-03408	3	3	20	4.5
id-03409	9	3	17	4.6
id-03410	5	9	19	3.7
id-03411	2	2	8	3.7
id-03412	3	3	9	3.8
id-03413	2	4	19	3.6
id-03414	7	11	14	3.1
id-03415	7	6	25	4.7
id-03416	2	2	3	3.0
id-03417	8	2	29	3.6
id-03418	9	11	9	3.6
id-03419	4	6	4	4.3
id-03420	8	4	7	4.9
id-03421	2	3	2	4.7
id-03422	5	6	22	3.2
id-03423	4	4	21	3.1
id-03424	5	5	17	4.6
id-03425	4	2	14	4.9
id-03426	4	4	3	4.8
id-03427	5	5	12	3.1
id-03428	10	4	15	4.3
id-03429	2	3	3	3.6
id-03430	7	5	10	3.6
id-03431	2	4	5	3.7
id-03432	5	4	4	3.4
id-03433	2	4	21	3.0
id-03434	2	2	23	4.4
id-03435	3	2	18	4.9
id-03436	2	2	21	4.2
id-03437	4	4	4	3.6
id-03438	1	2	17	4.7
id-03439	9	7	7	4.0
id-03440	8	9	27	3.6
id-03441	5	7	22	3.1
id-03442	2	2	10	4.4
id-03443	3	6	15	4.3
id-03444	4	8	24	3.6
id-03445	1	2	15	4.8
id-03446	8	7	10	4.4
id-03447	2	3	10	4.1
id-03448	4	3	17	3.1
id-03449	1	2	10	3.5
id-03450	7	5	1	3.8
id-03451	6	5	26	3.0
id-03452	2	2	11	5.0
id-03453	6	12	13	3.3
id-03454	10	6	30	3.5
id-03455	2	2	7	4.8
id-03456	4	6	13	4.0
id-03457	3	4	9	4.1
id-03458	8	6	10	4.2
id-03459	4	3	7	4.5
id-03460	7	9	28	3.5
id-03461	8	2	7	3.9
id-03462	5	9	4	3.2
id-03463	4	8	27	3.2
id-03464	7	13	12	4.7
id-03465	8	15	20	3.9
id-03466	8	12	10	4.9
id-03467	2	3	7	4.0
id-03468	7	4	21	3.0
id-03469	9	12	27	3.4
id-03470	5	8	6	4.6
id-03471	9	8	29	4.7
id-03472	6	6	17	3.3
id-03473	4	8	9	4.6
id-03474	8	16	1	3.7
id-03475	4	2	23	3.9
id-03476	3	4	19	4.6
id-03477	7	7	15	3.6
id-03478	7	8	19	4.5
id-03479	4	6	19	4.7
id-03480	10	10	10	4.2
id-03481	7	13	12	4.4
id-03482	1	2	1	3.3
id-03483	3	5	3	4.6
id-03484	2	3	29	4.9
id-03485	9	4	5	4.4
id-03486	1	2	25	3.1
id-03487	6	6	19	4.2
id-03488	9	18	14	4.5
id-03489	2	3	24	4.0
id-03490	5	5	26	4.9
id-03491	10	9	14	5.0
id-03492	4	4	30	4.7
id-03493	8	15	18	4.0
id-03494	5	4	25	3.1
id-03495	6	5	7	3.0
id-03496	10	4	30	3.5
id-03497	7	7	8	4.1
id-03498	6	11	17	4.5
id-03499	6	9	15	4.9
id-03500	1	2	8	4.4
id-03501	4	4	20	3.5
id-03502	10	8	20	3.0
id-03503	1	2	13	4.4
id-03504	8	6	22	4.8
id-03505	2	3	8	4.6
id-03506	9	13	3	3.9
id-03507	8	6	3	3.6
id-03508	10	20	23	4.6
id-03509	10	4	10	3.3
id-03510	4	2	24	4.6
id-03511	3	4	15	4.9
id-03512	1	2	12	4.9
id-03513	2	2	18	3.2
id-03514	7	3	11	4.6
id-03515	7	9	11	4.2
id-03516	1	2	3	3.3
id-03517	9	5	7	4.3
id-03518	8	8	20	4.9
id-03519	7	5	2	4.9
id-03520	3	5	7	4.7
id-03521	2	3	25	4.3
id-03522	3	3	19	3.3
id-03523	4	2	5	4.5
id-03524	10	4	2	4.8
id-03525	7	3	20	4.9
id-03526	7	4	16	4.7
id-03527	10	4	28	4.3
id-03528	4	6	24	3.8
id-03529	6	8	29	4.2
id-03530	9	16	7	3.1
id-03531	4	7	7	4.9
id-03532	2	4	27	3.2
id-03533	3	3	13	3.5
id-03534	8	15	7	3.3
id-03535	5	2	14	4.0
id-03536	7	4	1	4.3
id-03537	6	5	19	4.5
id-03538	1	2	16	4.0
id-03539	10	19	18	4.5
id-03540	4	6	1	3.0
id-03541	10	7	19	4.4
id-03542	4	3	17	4.7
id-03543	4	3	17	3.8
id-03544	4	2	29	4.1
id-03545	4	7	13	3.1
id-03546	5	8	14	3.8
id-03547	2	4	7	3.6
id-03548	7	8	20	3.3
id-03549	7	4	19	4.3
id-03550	8	4	29	4.6
id-03551	9	9	20	4.1
id-03552	3	6	14	3.4
id-03553	6	7	22	4.7
id-03554	5	2	23	3.8
id-03555	1	2	27	3.6
id-03556	6	6	6	3.4
id-03557	1	2	11	3.0
id-03558	7	9	10	4.5
id-03559	3	5	28	4.6
id-03560	2	2	28	4.4
id-03561	1	2	10	4.6
id-03562	4	5	12	4.8
id-03563	1	2	5	3.7
id-03564	10	11	6	3.2
id-03565	1	2	10	4.1
id-03566	9	2	18	3.1
id-03567	1	2	4	4.0
id-03568	1	2	25	4.7
id-03569	8	6	7	3.0
id-03570	3	5	26	4.7
id-03571	3	6	13	3.5
id-03572	9	8	8	3.0
id-03573	9	6	27	3.3
id-03574	4	6	30	3.3
id-03575	6	12	9	5.0
id-03576	7	11	19	3.2
id-03577	9	12	3	4.0
id-03578	8	3	13	4.5
id-03579	1	2	4	4.2
id-03580	4	2	10	4.4
id-03581	7	14	19	4.1
id-03582	2	3	8	4.5
id-03583	6	8	3	4.8
id-03584	7	8	4	3.2
id-03585	3	6	21	5.0
id-03586	7	12	21	4.2
id-03587	8	14	15	4.0
id-03588	3	5	8	3.4
id-03589	3	6	13	3.7
id-03590	5	8	19	3.6
id-03591	3	2	4	3.2
id-03592	10	6	4	4.2
id-03593	1	2	19	4.9
id-03594	6	6	18	3.5
id-03595	3	2	4	4.2
id-03596	8	16	12	3.0
id-03597	5	7	26	4.5
id-03598	8	2	1	3.7
id-03599	4	7	11	4.8
id-03600	1	2	30	3.3
id-03601	4	3	28	3.1
id-03602	8	12	26	4.1
id-03603	7	6	20	3.7
id-03604	9	13	6	4.9
id-03605	9	13	6	3.1
id-03606	7	11	21	3.9
id-03607	5	3	15	4.7
id-03608	10	13	9	3.0
id-03609	2	2	11	3.6
id-03610	4	2	20	4.6
id-03611	6	8	9	4.8
id-03612	2	4	20	3.2
id-03613	8	3	9	3.5
id-03614	6	5	9	3.7
id-03615	6	12	12	3.5
id-03616	5	4	15	4.2
id-03617	4	4	4	4.9
id-03618	2	4	16	3.5
id-03619	5	5	22	5.0
id-03620	9	3	12	3.6
id-03621	6	5	7	4.0
id-03622	2	3	5	3.4
id-03623	1	2	2	4.4
id-03624	7	4	14	3.2
id-03625	9	11	5	3.5
id-03626	2	3	12	4.7
id-03627	5	7	27	3.8
id-03628	10	8	5	3.3
id-03629	2	4	19	3.6
id-03630	9	17	11	3.3
id-03631	6	9	5	4.4
id-03632	8	2	30	4.0
id-03633	8	12	9	4.5
id-03634	2	3	12	3.0
id-03635	6	5	25	4.5
id-03636	2	2	11	3.7
id-03637	7	11	11	3.5
id-03638	3	5	19	4.1
id-03639	9	13	13	4.4
id-03640	6	2	10	3.5
id-03641	3	5	30	3.6
id-03642	6	4	16	3.6
id-03643	9	16	28	4.2
id-03644	8	14	11	4.0
id-03645	4	8	4	3.7
id-03646	6	4	21	4.4
id-03647	10	17	25	3.4
id-03648	8	12	29	4.4
id-03649	5	4	21	4.1
id-03650	9	14	22	4.1
id-03651	2	4	11	4.8
id-03652	5	9	30	4.5
id-03653	1	2	27	4.1
id-03654	5	6	27	3.1
id-03655	7	9	22	4.0
id-03656	4	5	7	3.5
id-03657	5	4	28	3.0
id-03658	9	3	3	3.8
id-03659	10	14	15	3.6
id-03660	1	2	1	3.6
id-03661	5	7	17	3.3
id-03662	4	7	18	4.3
id-03663	3	4	21	3.7
id-03664	7	5	26	4.9
id-03665	4	3	9	4.3
id-03666	3	6	4	3.8
id-03667	4	2	9	4.5
id-03668	5	10	20	3.9
id-03669	1	2	1	3.7
id-03670	2	2	19	3.5
id-03671	4	8	10	4.1
id-03672	7	14	26	4.4
id-03673	8	2	27	3.4
id-03674	1	2	10	4.1
id-03675	5	4	24	4.4
id-03676	6	3	28	4.1
id-03677	5	2	5	3.6
id-03678	9	12	5	4.9
id-03679	4	3	10	4.4
id-03680	2	4	9	4.5
id-03681	10	2	6	3.6
id-03682	2	2	7	4.0
id-03683	10	5	5	3.7
id-03684	5	3	29	3.3
id-03685	6	8	8	4.7
id-03686	7	6	9	4.2
id-03687	2	3	28	3.4
id-03688	6	12	5	4.6
id-03689	7	9	24	3.8
id-03690	6	11	1	3.7
id-03691	6	7	12	4.6
id-03692	2	3	30	4.1
id-03693	3	4	23	3.2
id-03694	5	10	3	4.6
id-03695	5	4	29	4.4
id-03696	8	2	3	4.6
id-03697	2	4	29	4.5
id-03698	8	7	29	4.0
id-03699	5	7	12	4.5
id-03700	5	7	21	3.3
id-03701	8	15	11	3.4
id-03702	3	5	4	4.3
id-03703	6	3	25	3.6
id-03704	10	12	1	3.6
id-03705	2	4	6	5.0
id-03706	4	6	12	3.2
id-03707	2	2	14	3.3
id-03708	9	7	7	4.6
id-03709	5	2	25	4.2
id-03710	10	18	14	4.6
id-03711	8	7	4	4.2
id-03712	2	2	15	3.5
id-03713	10	4	12	4.9
id-03714	3	6	30	3.5
id-03715	5	4	27	3.8
id-03716	7	6	11	3.8
id-03717	2	2	19	4.9
id-03718	10	5	27	4.9
id-03719	7	4	14	3.3
id-03720	3	5	15	4.8
id-03721	1	2	17	4.0
id-03722	8	14	13	4.5
id-03723	6	6	20	4.4
id-03724	6	6	12	4.2
id-03725	7	14	2	4.9
id-03726	7	10	28	4.9
id-03727	8	13	29	3.2
id-03728	1	2	7	4.1
id-03729	1	2	22	4.2
id-03730	2	2	7	4.1
id-03731	6	3	5	3.7
id-03732	6	2	4	4.2
id-03733	5	3	22	3.2
id-03734	4	6	16	4.5
id-03735	2	2	29	3.4
id-03736	8	15	9	4.5
id-03737	7	10	30	4.1
id-03738	3	4	17	3.4
id-03739	7	8	18	3.7
id-03740	2	2	13	3.0
id-03741	7	12	13	3.4
id-03742	5	5	8	4.3
id-03743	1	2	10	4.3
id-03744	6	3	13	3.1
id-03745	7	2	4	3.9
id-03746	9	12	19	4.8
id-03747	1	2	19	4.1
id-03748	10	12	5	4.2
id-03749	3	5	19	4.3
id-03750	10	17	20	3.4
id-03751	7	8	25	4.9
id-03752	7	12	13	4.6
id-03753	1	2	2	3.4
id-03754	5	9	25	4.0
id-03755	2	4	9	4.7
id-03756	4	6	16	5.0
id-03757	10	14	27	4.8
id-03758	1	2	2	3.9
id-03759	5	10	22	4.3
id-03760	6	7	4	3.7
id-03761	4	2	5	4.9
id-03762	3	4	13	3.9
id-03763	4	2	5	4.2
id-03764	1	2	23	3.7
id-03765	7	11	21	4.5
id-03766	9	12	5	3.7
id-03767	10	6	22	3.6
id-03768	3	5	1	4.6
id-03769	5	4	24	4.8
id-03770	4	7	6	4.8
id-03771	7	7	24	4.6
id-03772	8	2	17	4.8
id-03773	8	10	23	3.3
id-03774	5	2	29	4.7
id-03775	4	5	27	4.7
id-03776	6	11	18	3.2
id-03777	7	4	23	3.9
id-03778	4	8	19	4.9
id-03779	2	3	9	4.6
id-03780	3	4	18	4.6
id-03781	3	3	2	4.6
id-03782	7	2	13	3.5
id-03783	2	2	3	4.1
id-03784	7	14	16	3.5
id-03785	9	10	2	3.5
id-03786	5	7	10	4.3
id-03787	2	2	11	4.1
id-03788	4	7	2	4.9
id-03789	4	8	19	4.4
id-03790	4	3	28	3.5
id-03791	6	11	1	4.6
id-03792	7	14	21	4.7
id-03793	9	7	30	4.3
id-03794	5	9	8	4.6
id-03795	2	2	1	3.9
id-03796	7	14	27	4.9
id-03797	9	18	20	4.6
id-03798	3	6	19	4.5
id-03799	5	3	5	4.5
id-03800	4	6	12	4.1
id-03801	3	3	16	4.6
id-03802	8	9	16	4.6
id-03803	6	8	18	3.1
id-03804	4	5	28	3.6
id-03805	7	4	17	3.0
id-03806	8	7	5	4.6
id-03807	2	2	8	4.4
id-03808	9	2	14	4.7
id-03809	7	10	11	3.9
id-03810	7	2	18	3.5
id-03811	5	9	3	4.0
id-03812	2	2	7	3.2
id-03813	2	4	15	3.6
id-03814	4	8	26	3.5
id-03815	1	2	11	3.9
id-03816	8	3	10	4.3
id-03817	2	3	22	4.6
id-03818	6	8	23	3.3
id-03819	9	11	5	3.3
id-03820	3	4	12	4.9
id-03821	4	8	30	3.5
id-03822	7	12	27	4.7
id-03823	1	2	6	4.6
id-03824	10	6	27	3.6
id-03825	10	19	25	3.9
id-03826	8	8	7	3.7
id-03827	10	7	28	3.3
id-03828	6	6	15	4.0
id-03829	7	4	9	4.4
id-03830	9	13	17	3.5
id-03831	5	7	25	4.1
id-03832	7	12	27	4.8
id-03833	10	15	1	4.0
id-03834	4	5	27	3.0
id-03835	10	18	8	4.7
id-03836	2	4	21	4.2
id-03837	9	18	3	4.3
id-03838	7	14	19	3.9
id-03839	4	3	25	3.2
id-03840	1	2	14	4.6
id-03841	3	5	4	4.3
id-03842	7	14	11	4.6
id-03843	7	10	15	3.7
id-03844	5	2	19	5.0
id-03845	4	4	4	4.6
id-03846	1	2	12	4.3
id-03847	2	2	21	3.9
id-03848	7	4	9	3.8
id-03849	6	12	20	4.3
id-03850	9	4	10	4.4
id-03851	3	6	5	3.2
id-03852	8	14	17	3.0
id-03853	9	18	21	3.4
id-03854	5	4	9	3.4
id-03855	2	3	16	4.3
id-03856	2	4	21	3.9
id-03857	8	2	26	4.7
id-03858	3	5	29	4.0
id-03859	6	8	16	3.8
id-03860	10	11	16	3.2
id-03861	10	15	23	4.5
id-03862	4	8	20	3.2
id-03863	6	5	29	4.7
id-03864	8	14	3	3.5
id-03865	1	2	10	4.1
id-03866	1	2	6	4.2
id-03867	4	6	22	4.9
id-03868	6	7	29	4.8
id-03869	5	5	26	4.0
id-03870	10	13	3	4.2
id-03871	3	2	27	3.0
id-03872	3	5	29	3.9
id-03873	3	6	8	5.0
id-03874	7	4	6	4.7
id-03875	9	11	6	4.3
id-03876	8	14	30	3.6
id-03877	1	2	5	4.3
id-03878	4	8	21	3.9
id-03879	1	2	14	3.7
id-03880	7	13	15	3.4
id-03881	4	7	5	4.0
id-03882	9	12	27	4.6
id-03883	4	4	20	4.7
id-03884	4	6	3	4.5
id-03885	3	2	26	4.6
id-03886	2	2	27	3.5
id-03887	6	10	25	3.4
id-03888	6	5	26	4.1
id-03889	8	16	14	3.2
id-03890	7	14	24	3.5
id-03891	3	3	30	4.5
id-03892	10	9	24	3.2
id-03893	10	2	14	4.4
id-03894	1	2	3	4.8
id-03895	2	4	27	4.3
id-03896	4	2	13	3.2
id-03897	7	3	19	4.2
id-03898	5	7	19	4.1
id-03899	6	8	22	4.7
id-03900	8	4	4	3.7
id-03901	4	5	11	4.8
id-03902	6	5	20	3.8
id-03903	9	6	7	4.8
id-03904	4	6	6	4.2
id-03905	8	8	6	3.6
id-03906	5	3	19	3.1
id-03907	9	6	1	5.0
id-03908	9	12	1	4.5
id-03909	7	12	5	3.7
id-03910	8	11	11	3.9
id-03911	1	2	12	3.1
id-03912	1	2	21	3.7
id-03913	9	2	3	3.9
id-03914	9	2	22	4.0
id-03915	9	10	24	3.8
id-03916	10	16	15	4.1
id-03917	9	13	2	4.5
id-03918	8	10	21	3.1
id-03919	7	4	28	4.2
id-03920	6	5	18	4.1
id-03921	10	5	9	3.5
id-03922	7	8	1	4.6
id-03923	9	17	8	4.8
id-03924	5	3	2	4.0
id-03925	6	3	11	3.5
id-03926	3	2	23	3.2
id-03927	1	2	29	4.6
id-03928	10	4	21	4.9
id-03929	7	12	21	4.2
id-03930	5	10	4	4.0
id-03931	6	6	6	3.9
id-03932	5	3	13	4.4
id-03933	9	5	4	3.8
id-03934	9	12	5	3.3
id-03935	8	6	30	3.4
id-03936	7	6	28	3.7
id-03937	10	5	29	3.6
id-03938	4	3	11	3.4
id-03939	3	3	21	4.1
id-03940	5	10	12	4.1
id-03941	4	7	12	3.7
id-03942	5	2	18	4.4
id-03943	4	5	20	3.5
id-03944	10	20	14	4.3
id-03945	9	4	8	3.5
id-03946	6	6	6	3.2
id-03947	5	10	21	3.4
id-03948	1	2	6	4.5
id-03949	4	6	7	3.9
id-03950	4	2	2	4.6
id-03951	9	16	15	4.5
id-03952	10	18	7	4.8
id-03953	8	15	13	3.1
id-03954	10	17	1	4.0
id-03955	7	13	30	3.6
id-03956	7	13	16	3.1
id-03957	3	5	11	3.7
id-03958	10	6	26	3.0
id-03959	7	8	20	4.6
id-03960	6	12	29	4.9
id-03961	1	2	17	3.1
id-03962	8	6	19	3.9
id-03963	1	2	25	3.6
id-03964	8	2	29	4.7
id-03965	1	2	3	4.0
id-03966	4	6	27	4.9
id-03967	5	8	16	3.6
id-03968	10	7	11	4.8
id-03969	9	4	30	4.5
id-03970	3	6	28	4.7
id-03971	4	7	19	5.0
id-03972	7	9	9	4.9
id-03973	2	4	4	3.6
id-03974	5	4	25	4.9
id-03975	6	2	28	4.9
id-03976	6	4	30	4.2
id-03977	8	16	27	4.2
id-03978	7	8	22	3.1
id-03979	8	13	7	4.2
id-03980	3	4	19	4.0
id-03981	9	7	15	4.5
id-03982	6	7	7	4.2
id-03983	5	6	23	3.3
id-03984	2	4	4	4.6
id-03985	9	2	25	3.6
id-03986	2	3	4	3.1
id-03987	3	2	18	4.0
id-03988	10	19	23	3.8
id-03989	4	2	13	3.7
id-03990	6	12	18	3.6
id-03991	4	8	9	3.5
id-03992	6	9	19	4.3
id-03993	9	5	13	4.3
id-03994	6	10	8	4.2
id-03995	9	17	7	3.0
id-03996	3	6	6	3.5
id-03997	5	10	19	4.0
id-03998	1	2	13	4.8
id-03999	10	2	6	3.5
id-04000	3	4	22	4.0
id-04001	3	2	9	4.8
id-04002	7	12	20	4.0
id-04003	3	4	2	3.7
id-04004	5	2	19	3.3
id-04005	1	2	13	5.0
id-04006	10	3	19	4.9
id-04007	7	9	1	4.8
id-04008	3	6	1	4.0
id-04009	6	6	17	4.0
id-04010	10	3	16	4.1
id-04011	5	2	8	3.3
id-04012	10	13	7	4.7
id-04013	4	4	28	3.6
id-04014	1	2	8	3.0
id-04015	6	12	3	4.6
id-04016	6	6	21	4.2
id-04017	2	4	6	4.5
id-04018	3	4	17	4.0
id-04019	8	2	17	3.0
id-04020	3	3	2	3.6
id-04021	5	2	5	3.5
id-04022	2	3	8	3.6
id-04023	10	18	12	4.4
id-04024	10	19	26	4.7
id-04025	3	4	19	4.5
id-04026	1	2	18	4.0
id-04027	6	9	13	3.4
id-04028	10	13	5	3.4
id-04029	9	6	1	3.5
id-04030	3	3	19	3.4
id-04031	8	7	4	5.0
id-04032	1	2	14	3.2
id-04033	5	9	28	3.5
id-04034	8	6	15	3.7
id-04035	1	2	14	3.5
id-04036	6	4	1	3.8
id-04037	1	2	19	4.1
id-04038	3	4	13	3.3
id-04039	9	10	28	3.2
id-04040	5	10	3	4.4
id-04041	8	4	14	3.7
id-04042	10	4	25	4.9
id-04043	4	7	15	3.3
id-04044	3	2	27	3.6
id-04045	1	2	4	4.0
id-04046	3	6	5	3.4
id-04047	8	15	20	4.9
id-04048	10	4	9	4.2
id-04049	6	11	2	3.9
id-04050	7	6	3	4.6
id-04051	7	5	9	4.7
id-04052	7	11	8	3.7
id-04053	7	13	8	4.3
id-04054	5	7	4	3.3
id-04055	10	10	4	4.5
id-04056	5	2	8	5.0
id-04057	7	2	22	4.3
id-04058	3	6	21	3.1
id-04059	10	17	23	3.3
id-04060	8	11	29	3.8
id-04061	2	3	21	4.4
id-04062	2	4	10	4.6
id-04063	9	4	23	4.8
id-04064	6	8	28	4.9
id-04065	2	3	11	3.5
id-04066	7	9	17	3.8
id-04067	5	2	8	4.8
id-04068	5	9	21	4.2
id-04069	6	4	28	4.6
id-04070	2	2	8	4.0
id-04071	8	12	13	3.7
id-04072	4	2	22	3.5
id-04073	8	6	16	4.5
id-04074	4	4	29	4.7
id-04075	6	8	25	4.1
id-04076	8	15	14	3.6
id-04077	7	10	1	3.4
id-04078	8	2	12	3.7
id-04079	10	7	6	3.1
id-04080	8	11	18	3.8
id-04081	6	3	24	4.6
id-04082	9	7	6	3.8
id-04083	3	4	9	4.5
id-04084	9	5	11	4.3
id-04085	8	2	14	4.5
id-04086	1	2	5	3.1
id-04087	5	5	28	3.9
id-04088	10	15	9	3.9
id-04089	4	8	19	4.8
id-04090	8	6	1	3.5
id-04091	7	5	13	3.5
id-04092	10	9	10	3.4
id-04093	2	2	29	4.3
id-04094	3	2	11	4.1
id-04095	6	10	11	4.1
id-04096	3	2	14	3.0
id-04097	4	4	14	4.1
id-04098	9	14	14	4.5
id-04099	8	16	28	3.2
id-04100	4	4	18	3.8
id-04101	6	4	13	3.6
id-04102	3	5	27	4.2
id-04103	4	6	24	3.9
id-04104	2	4	21	4.5
id-04105	6	6	22	3.9
id-04106	6	7	30	3.9
id-04107	9	11	25	4.0
id-04108	2	3	10	4.3
id-04109	3	2	16	4.3
id-04110	4	5	1	4.1
id-04111	2	4	2	4.8
id-04112	4	3	25	3.1
id-04113	7	7	18	3.7
id-04114	7	9	18	3.7
id-04115	3	2	26	3.3
id-04116	3	6	5	3.6
id-04117	6	10	28	3.5
id-04118	7	4	4	3.1
id-04119	1	2	22	4.9
id-04120	2	2	3	4.8
id-04121	9	4	25	3.9
id-04122	3	2	15	4.0
id-04123	8	5	28	3.5
id-04124	7	13	20	3.3
id-04125	5	9	11	4.6
id-04126	9	16	24	3.9
id-04127	8	9	25	3.1
id-04128	6	7	8	3.6
id-04129	8	4	23	3.8
id-04130	2	3	12	4.6
id-04131	5	3	15	4.7
id-04132	2	3	10	4.9
id-04133	8	2	28	4.7
id-04134	10	14	19	4.9
id-04135	10	7	26	4.2
id-04136	6	5	12	3.7
id-04137	9	14	8	3.8
id-04138	4	7	9	4.8
id-04139	10	5	4	4.3
id-04140	6	12	28	4.4
id-04141	2	2	16	3.5
id-04142	7	11	11	4.7
id-04143	7	2	29	4.7
id-04144	3	6	20	3.6
id-04145	4	5	27	4.3
id-04146	4	8	8	4.1
id-04147	8	3	12	4.1
id-04148	7	6	23	3.6
id-04149	8	6	27	4.0
id-04150	6	5	17	4.1
id-04151	6	11	20	3.8
id-04152	5	8	17	3.7
id-04153	8	14	17	3.6
id-04154	1	2	30	3.5
id-04155	10	5	26	4.6
id-04156	7	11	20	4.5
id-04157	7	7	14	3.6
id-04158	8	5	14	4.4
id-04159	3	5	5	3.1
id-04160	4	7	2	3.7
id-04161	7	11	27	4.5
id-04162	8	4	16	4.3
id-04163	10	8	15	3.6
id-04164	9	11	29	3.2
id-04165	10	19	20	4.5
id-04166	7	10	15	3.7
id-04167	6	5	24	4.1
id-04168	4	2	12	4.0
id-04169	6	12	1	3.4
id-04170	7	8	19	3.4
id-04171	2	2	1	3.5
id-04172	7	4	12	3.3
id-04173	5	10	14	5.0
id-04174	8	12	26	3.9
id-04175	3	2	28	4.6
id-04176	8	15	6	3.7
id-04177	5	5	28	4.5
id-04178	10	2	27	4.3
id-04179	4	3	19	3.9
id-04180	9	15	15	4.2
id-04181	5	3	24	3.3
id-04182	4	7	2	4.8
id-04183	2	3	23	4.9
id-04184	9	5	8	4.9
id-04185	4	5	1	3.8
id-04186	6	4	25	4.8
id-04187	8	15	13	3.9
id-04188	1	2	15	3.1
id-04189	7	9	8	5.0
id-04190	10	6	2	4.0
id-04191	9	17	6	3.9
id-04192	5	9	25	4.9
id-04193	8	9	4	3.9
id-04194	1	2	26	3.4
id-04195	5	8	23	4.0
id-04196	4	4	25	4.4
id-04197	7	9	1	3.5
id-04198	10	4	30	4.7
id-04199	10	11	10	3.8
id-04200	8	7	22	3.6
id-04201	5	5	6	3.1
id-04202	4	8	22	3.2
id-04203	5	7	18	3.6
id-04204	1	2	28	4.2
id-04205	4	5	17	4.2
id-04206	1	2	6	4.8
id-04207	7	7	1	4.5
id-04208	1	2	26	3.4
id-04209	1	2	19	5.0
id-04210	10	6	26	4.1
id-04211	9	13	14	5.0
id-04212	10	16	14	4.5
id-04213	10	6	22	3.7
id-04214	1	2	19	4.0
id-04215	5	5	1	4.3
id-04216	10	19	6	4.1
id-04217	6	4	22	4.1
id-04218	2	2	3	4.8
id-04219	8	11	18	3.8
id-04220	9	13	17	3.9
id-04221	6	5	9	3.2
id-04222	9	11	10	4.7
id-04223	9	18	12	4.3
id-04224	8	16	4	4.9
id-04225	8	12	15	4.4
id-04226	5	8	5	3.7
id-04227	9	9	10	4.4
id-04228	2	4	27	3.9
id-04229	1	2	19	3.1
id-04230	9	5	11	4.6
id-04231	8	3	12	3.4
id-04232	10	18	12	4.5
id-04233	3	4	12	4.2
id-04234	5	5	28	3.6
id-04235	7	5	27	3.5
id-04236	1	2	18	3.4
id-04237	6	2	7	3.1
id-04238	8	14	5	3.5
id-04239	7	10	2	4.1
id-04240	3	4	30	3.1
id-04241	4	2	13	4.9
id-04242	7	13	14	3.6
id-04243	1	2	30	4.8
id-04244	9	2	25	4.4
id-04245	4	5	20	4.9
id-04246	5	4	23	3.2
id-04247	2	4	23	3.4
id-04248	2	3	15	3.3
id-04249	6	6	10	3.1
id-04250	1	2	24	4.7
id-04251	9	3	18	3.9
id-04252	9	11	7	3.6
id-04253	2	4	19	4.0
id-04254	5	6	28	3.2
id-04255	8	8	22	4.2
id-04256	4	8	2	3.8
id-04257	4	2	3	4.1
id-04258	4	3	8	4.3
id-04259	4	2	12	4.8
id-04260	1	2	13	3.2
id-04261	2	2	30	4.3
id-04262	9	4	28	4.7
id-04263	3	6	7	3.8
id-04264	1	2	24	3.8
id-04265	9	18	4	4.1
id-04266	6	2	12	4.0
id-04267	3	2	13	4.7
id-04268	4	4	27	4.7
id-04269	10	14	10	4.6
id-04270	10	4	20	3.8
id-04271	1	2	29	4.4
id-04272	3	5	7	4.4
id-04273	8	6	12	4.8
id-04274	9	15	4	3.2
id-04275	9	7	14	4.4
id-04276	10	20	19	4.6
id-04277	2	3	3	3.6
id-04278	8	13	3	4.8
id-04279	7	12	24	3.2
id-04280	9	2	1	3.4
id-04281	2	3	2	4.5
id-04282	6	8	1	3.7
id-04283	8	10	9	3.5
id-04284	5	4	19	5.0
id-04285	7	14	30	3.7
id-04286	2	3	25	3.1
id-04287	3	4	24	3.8
id-04288	3	5	29	3.7
id-04289	7	6	27	3.4
id-04290	7	7	30	4.8
id-04291	2	4	2	4.4
id-04292	1	2	4	3.3
id-04293	6	5	23	3.9
id-04294	8	4	1	4.1
id-04295	3	2	11	4.3
id-04296	6	11	11	4.1
id-04297	1	2	13	4.0
id-04298	8	16	14	3.9
id-04299	7	13	3	3.6
id-04300	4	2	3	4.3
id-04301	6	4	14	3.5
id-04302	4	5	5	3.9
id-04303	8	10	25	4.2
id-04304	10	8	28	4.5
id-04305	6	2	15	4.9
id-04306	6	5	12	4.5
id-04307	1	2	26	3.7
id-04308	5	7	1	4.4
id-04309	9	2	12	3.1
id-04310	4	7	20	4.4
id-04311	9	18	22	3.5
id-04312	5	2	3	3.5
id-04313	6	7	22	4.2
id-04314	3	2	7	4.6
id-04315	5	8	10	4.9
id-04316	7	8	13	3.9
id-04317	6	2	6	4.0
id-04318	2	2	10	3.2
id-04319	6	9	22	4.4
id-04320	7	8	28	4.1
id-04321	5	3	1	4.8
id-04322	9	7	17	3.7
id-04323	1	2	16	3.7
id-04324	6	10	23	3.7
id-04325	7	3	19	4.9
id-04326	7	6	26	4.7
id-04327	8	5	7	4.2
id-04328	7	14	25	3.8
id-04329	7	2	20	3.4
id-04330	5	9	7	4.1
id-04331	8	8	7	4.1
id-04332	5	3	9	4.7
id-04333	10	5	5	4.1
id-04334	3	6	27	3.8
id-04335	4	5	3	4.1
id-04336	5	3	11	4.7
id-04337	5	8	27	3.5
id-04338	6	8	7	4.7
id-04339	4	7	4	3.7
id-04340	4	5	22	4.1
id-04341	7	12	5	3.4
id-04342	4	2	24	3.6
id-04343	6	8	19	4.9
id-04344	10	20	14	4.4
id-04345	8	7	29	3.8
id-04346	10	6	7	3.2
id-04347	3	5	6	4.9
id-04348	2	3	17	5.0
id-04349	9	7	16	3.8
id-04350	7	7	21	4.2
id-04351	10	9	24	4.8
id-04352	9	2	17	3.4
id-04353	6	5	4	3.6
id-04354	4	4	3	4.8
id-04355	8	10	4	4.6
id-04356	7	14	17	4.0
id-04357	1	2	9	4.2
id-04358	2	2	18	4.3
id-04359	9	17	17	3.7
id-04360	1	2	21	3.3
id-04361	1	2	13	4.7
id-04362	7	7	5	3.8
id-04363	1	2	26	3.3
id-04364	4	8	21	4.7
id-04365	6	12	26	4.2
id-04366	1	2	9	4.9
id-04367	3	4	7	4.9
id-04368	2	3	10	4.9
id-04369	10	13	14	3.5
id-04370	10	11	1	3.2
id-04371	5	7	15	3.3
id-04372	8	8	6	4.4
id-04373	8	3	30	4.5
id-04374	9	13	22	3.3
id-04375	2	2	12	4.7
id-04376	5	10	6	4.4
id-04377	9	9	22	4.1
id-04378	6	9	3	3.9
id-04379	4	5	30	3.9
id-04380	10	5	9	3.6
id-04381	3	5	24	3.4
id-04382	4	5	8	4.3
id-04383	6	3	9	3.1
id-04384	2	3	21	4.8
id-04385	4	8	13	4.7
id-04386	2	2	4	4.3
id-04387	10	12	28	3.4
id-04388	8	9	24	3.4
id-04389	5	7	22	4.6
id-04390	6	6	6	4.1
id-04391	9	4	29	4.6
id-04392	7	10	16	4.8
id-04393	3	4	26	4.9
id-04394	8	7	4	4.9
id-04395	3	5	13	4.9
id-04396	5	8	26	4.7
id-04397	9	5	21	3.6
id-04398	6	8	19	4.4
id-04399	7	12	27	4.0
id-04400	9	8	23	3.9
id-04401	7	7	24	3.4
id-04402	5	6	19	4.8
id-04403	6	2	1	4.0
id-04404	2	4	12	4.3
id-04405	3	4	1	3.5
id-04406	1	2	12	4.2
id-04407	9	11	8	3.4
id-04408	7	4	10	3.8
id-04409	7	11	9	4.7
id-04410	9	18	16	4.5
id-04411	7	13	24	4.7
id-04412	8	3	15	4.1
id-04413	5	5	10	3.8
id-04414	8	14	29	4.2
id-04415	9	12	1	4.3
id-04416	9	10	26	4.9
id-04417	7	2	29	4.5
id-04418	2	2	20	4.4
id-04419	8	6	17	4.4
id-04420	4	6	15	3.0
id-04421	8	8	15	4.5
id-04422	2	3	16	4.4
id-04423	7	3	6	3.1
id-04424	1	2	2	4.1
id-04425	9	16	30	4.3
id-04426	10	18	28	4.6
id-04427	10	11	29	4.5
id-04428	1	2	27	4.9
id-04429	6	2	30	3.2
id-04430	7	14	25	4.8
id-04431	5	3	19	5.0
id-04432	8	5	26	3.8
id-04433	5	8	26	3.8
id-04434	9	16	8	4.4
id-04435	7	6	27	3.1
id-04436	2	2	3	3.1
id-04437	5	8	30	3.9
id-04438	8	14	1	4.6
id-04439	10	11	14	4.0
id-04440	8	6	2	3.7
id-04441	7	9	12	3.8
id-04442	2	3	20	4.8
id-04443	4	5	3	4.0
id-04444	4	3	9	4.4
id-04445	8	9	2	3.4
id-04446	4	4	27	3.3
id-04447	6	7	5	4.2
id-04448	4	6	20	4.3
id-04449	1	2	28	4.1
id-04450	6	11	25	3.1
id-04451	4	7	17	4.6
id-04452	4	2	14	3.8
id-04453	1	2	29	3.4
id-04454	1	2	17	3.7
id-04455	3	6	10	3.4
id-04456	5	5	8	4.0
id-04457	5	3	12	4.5
id-04458	5	10	23	3.3
id-04459	1	2	3	4.3
id-04460	9	18	26	4.3
id-04461	2	4	21	4.4
id-04462	3	6	27	4.4
id-04463	1	2	29	4.5
id-04464	2	4	7	4.9
id-04465	10	20	14	3.8
id-04466	8	3	16	4.6
id-04467	1	2	21	3.5
id-04468	7	13	26	4.2
id-04469	6	4	30	4.0
id-04470	3	4	30	4.2
id-04471	1	2	27	3.9
id-04472	2	3	21	3.3
id-04473	9	4	21	3.7
id-04474	7	4	15	3.7
id-04475	7	13	29	4.9
id-04476	2	3	26	4.8
id-04477	8	14	3	3.0
id-04478	9	12	5	4.9
id-04479	9	3	17	3.3
id-04480	7	7	10	3.3
id-04481	1	2	15	4.1
id-04482	1	2	23	4.1
id-04483	2	3	7	3.8
id-04484	3	5	3	4.0
id-04485	1	2	13	4.5
id-04486	10	5	10	4.0
id-04487	6	7	15	3.4
id-04488	6	5	5	5.0
id-04489	1	2	20	3.1
id-04490	6	7	1	3.5
id-04491	2	3	15	4.9
id-04492	4	2	28	3.1
id-04493	3	5	26	3.6
id-04494	1	2	28	5.0
id-04495	8	5	18	4.2
id-04496	10	13	6	4.6
id-04497	2	3	30	3.4
id-04498	10	5	26	3.9
id-04499	9	14	28	3.9
id-04500	9	12	16	4.8
id-04501	8	8	12	4.8
id-04502	9	11	5	4.3
id-04503	6	8	16	3.3
id-04504	9	13	27	3.9
id-04505	8	2	20	3.3
id-04506	10	20	3	4.4
id-04507	10	15	19	3.9
id-04508	1	2	8	3.1
id-04509	7	12	7	4.5
id-04510	4	6	27	3.7
id-04511	2	4	13	4.1
id-04512	2	2	24	4.8
id-04513	7	8	19	3.6
id-04514	9	2	6	3.7
id-04515	8	11	22	4.7
id-04516	5	4	18	4.6
id-04517	8	8	2	4.2
id-04518	3	6	12	3.4
id-04519	3	3	30	4.6
id-04520	7	7	19	3.4
id-04521	4	7	2	4.0
id-04522	9	6	15	4.5
id-04523	10	13	2	3.5
id-04524	3	5	28	3.7
id-04525	9	10	17	4.7
id-04526	8	13	8	3.8
id-04527	10	6	27	3.8
id-04528	4	2	24	3.1
id-04529	8	12	30	4.3
id-04530	8	14	21	4.3
id-04531	9	12	23	3.9
id-04532	10	10	27	4.9
id-04533	8	5	3	4.5
id-04534	9	14	19	4.0
id-04535	6	6	7	4.7
id-04536	5	7	28	3.0
id-04537	4	6	2	4.4
id-04538	9	6	30	4.7
id-04539	6	4	19	3.7
id-04540	8	7	8	3.4
id-04541	2	3	26	3.4
id-04542	8	12	25	4.7
id-04543	3	3	13	4.7
id-04544	10	8	13	4.5
id-04545	3	3	9	3.8
id-04546	1	2	3	4.1
id-04547	5	2	20	4.6
id-04548	8	13	21	4.9
id-04549	9	17	28	3.5
id-04550	2	2	20	4.2
id-04551	7	2	9	4.7
id-04552	2	2	26	4.8
id-04553	4	5	10	4.2
id-04554	6	10	21	4.3
id-04555	10	18	1	3.8
id-04556	1	2	9	3.0
id-04557	5	10	22	3.4
id-04558	1	2	1	3.3
id-04559	4	7	22	3.6
id-04560	1	2	8	4.3
id-04561	5	6	7	3.5
id-04562	1	2	6	3.6
id-04563	5	9	8	4.5
id-04564	4	6	12	4.2
id-04565	1	2	27	4.8
id-04566	8	2	19	4.5
id-04567	5	5	26	4.4
id-04568	5	10	15	3.5
id-04569	6	6	24	4.9
id-04570	8	5	6	3.6
id-04571	6	3	25	3.7
id-04572	2	2	13	3.9
id-04573	7	7	2	4.9
id-04574	5	4	27	3.7
id-04575	3	3	24	4.7
id-04576	5	6	17	4.7
id-04577	1	2	25	4.2
id-04578	5	7	24	4.7
id-04579	5	10	14	4.1
id-04580	1	2	3	3.8
id-04581	8	6	26	4.6
id-04582	6	5	18	3.1
id-04583	7	9	26	3.2
id-04584	9	5	22	4.8
id-04585	1	2	2	3.9
id-04586	6	8	10	3.6
id-04587	7	9	21	3.4
id-04588	4	5	17	3.7
id-04589	5	5	15	3.6
id-04590	3	3	22	3.4
id-04591	7	8	28	3.7
id-04592	9	15	10	3.1
id-04593	10	3	29	3.2
id-04594	6	6	3	3.7
id-04595	10	12	25	3.2
id-04596	4	3	21	4.3
id-04597	9	5	2	3.2
id-04598	5	9	17	4.3
id-04599	2	2	26	4.9
id-04600	1	2	15	3.4
id-04601	10	11	12	4.5
id-04602	2	2	18	4.6
id-04603	1	2	8	3.1
id-04604	9	11	17	3.1
id-04605	10	5	23	3.7
id-04606	2	2	22	4.7
id-04607	7	11	26	4.4
id-04608	9	18	15	3.7
id-04609	8	12	20	3.1
id-04610	6	11	27	4.9
id-04611	8	4	30	4.1
id-04612	2	3	15	5.0
id-04613	3	2	25	3.2
id-04614	6	3	21	4.3
id-04615	8	12	10	4.7
id-04616	3	5	24	5.0
id-04617	5	7	8	4.7
id-04618	3	3	13	3.7
id-04619	3	4	28	3.7
id-04620	2	3	21	3.8
id-04621	3	3	26	3.2
id-04622	4	5	24	3.0
id-04623	9	10	13	3.9
id-04624	10	20	30	3.2
id-04625	8	8	25	3.1
id-04626	8	12	10	4.7
id-04627	6	2	19	4.4
id-04628	2	3	15	4.8
id-04629	7	2	8	3.8
id-04630	3	4	20	3.2
id-04631	8	14	14	4.3
id-04632	8	5	8	4.1
id-04633	6	4	6	3.9
id-04634	5	5	14	3.6
id-04635	6	6	14	3.6
id-04636	5	9	18	3.7
id-04637	7	4	10	4.5
id-04638	4	6	1	4.7
id-04639	8	8	18	3.3
id-04640	5	10	6	3.2
id-04641	6	6	4	4.5
id-04642	1	2	15	4.7
id-04643	4	8	1	4.5
id-04644	6	8	14	3.2
id-04645	10	11	16	4.0
id-04646	8	11	23	5.0
id-04647	2	4	30	3.5
id-04648	1	2	30	4.5
id-04649	10	5	24	3.8
id-04650	4	5	17	3.0
id-04651	5	3	22	3.1
id-04652	9	9	13	4.9
id-04653	4	2	19	3.6
id-04654	6	8	20	3.3
id-04655	4	6	4	3.9
id-04656	3	3	22	3.6
id-04657	9	14	8	4.4
id-04658	7	10	9	4.8
id-04659	4	3	11	3.1
id-04660	3	6	18	4.0
id-04661	8	3	4	5.0
id-04662	8	5	8	4.2
id-04663	9	11	12	4.4
id-04664	2	2	18	3.1
id-04665	5	7	23	3.8
id-04666	4	4	25	3.1
id-04667	9	16	1	4.4
id-04668	6	12	29	3.8
id-04669	10	14	13	4.1
id-04670	1	2	15	3.1
id-04671	4	8	11	3.1
id-04672	10	13	20	3.7
id-04673	10	20	27	4.8
id-04674	3	6	4	3.9
id-04675	6	3	11	4.3
id-04676	1	2	1	4.4
id-04677	1	2	3	4.6
id-04678	5	8	19	4.7
id-04679	8	6	27	4.9
id-04680	9	11	8	3.9
id-04681	7	5	5	4.1
id-04682	10	7	7	4.6
id-04683	7	12	23	4.0
id-04684	1	2	23	4.2
id-04685	5	10	20	4.1
id-04686	7	2	13	5.0
id-04687	7	6	11	4.4
id-04688	6	6	23	4.3
id-04689	5	9	14	4.9
id-04690	2	3	3	3.8
id-04691	9	12	22	4.5
id-04692	7	10	10	3.9
id-04693	5	9	12	3.7
id-04694	2	2	4	4.4
id-04695	10	16	26	4.6
id-04696	3	5	9	3.3
id-04697	8	10	19	4.4
id-04698	7	3	28	4.7
id-04699	9	4	11	4.6
id-04700	3	2	4	3.3
id-04701	10	13	15	3.6
id-04702	10	4	10	4.4
id-04703	3	4	8	4.9
id-04704	2	3	11	3.3
id-04705	7	13	15	3.2
id-04706	3	4	25	4.6
id-04707	9	3	29	3.8
id-04708	7	12	10	3.9
id-04709	10	20	16	3.5
id-04710	10	9	6	4.7
id-04711	1	2	14	3.7
id-04712	8	6	4	4.0
id-04713	7	5	30	4.7
id-04714	1	2	24	3.3
id-04715	3	5	8	3.1
id-04716	1	2	4	3.4
id-04717	4	5	28	4.9
id-04718	4	4	25	4.6
id-04719	1	2	23	4.3
id-04720	7	3	1	3.5
id-04721	8	8	18	4.5
id-04722	1	2	15	4.4
id-04723	4	6	8	3.1
id-04724	9	6	28	4.6
id-04725	5	9	6	4.7
id-04726	10	4	26	3.6
id-04727	3	6	20	3.3
id-04728	2	4	2	4.7
id-04729	8	9	5	4.0
id-04730	1	2	14	4.0
id-04731	5	8	10	4.1
id-04732	9	9	12	3.0
id-04733	4	8	12	4.7
id-04734	3	4	14	3.3
id-04735	6	9	23	3.7
id-04736	8	13	12	4.0
id-04737	2	4	17	3.5
id-04738	1	2	17	3.8
id-04739	1	2	23	4.5
id-04740	1	2	11	4.5
id-04741	3	4	15	4.3
id-04742	1	2	15	3.3
id-04743	10	15	25	4.8
id-04744	7	14	14	4.1
id-04745	8	6	21	4.0
id-04746	9	5	12	3.1
id-04747	6	11	4	3.6
id-04748	10	20	24	4.1
id-04749	8	8	10	4.2
id-04750	3	6	25	4.6
id-04751	9	15	6	3.1
id-04752	8	9	10	4.0
id-04753	9	18	23	3.3
id-04754	5	4	28	3.5
id-04755	2	4	12	3.6
id-04756	6	11	21	4.5
id-04757	5	6	3	4.4
id-04758	10	14	8	3.4
id-04759	5	10	29	3.7
id-04760	10	6	8	4.8
id-04761	5	4	6	4.4
id-04762	9	5	14	5.0
id-04763	4	6	15	4.1
id-04764	3	2	20	4.0
id-04765	2	3	8	3.8
id-04766	6	12	20	4.0
id-04767	7	13	29	4.2
id-04768	3	2	30	3.5
id-04769	8	6	24	4.4
id-04770	5	9	14	3.9
id-04771	2	3	1	3.1
id-04772	8	9	11	3.1
id-04773	10	20	3	4.7
id-04774	6	7	23	3.6
id-04775	9	16	16	3.6
id-04776	1	2	1	3.6
id-04777	5	6	10	3.4
id-04778	10	2	7	3.2
id-04779	2	2	23	4.2
id-04780	7	7	27	3.7
id-04781	2	3	7	4.0
id-04782	6	12	23	4.4
id-04783	6	7	12	4.5
id-04784	4	6	14	3.1
id-04785	5	6	3	4.1
id-04786	9	6	24	3.4
id-04787	7	14	15	4.6
id-04788	10	7	15	3.7
id-04789	7	11	12	3.8
id-04790	9	15	20	3.8
id-04791	7	10	3	3.5
id-04792	5	9	9	4.5
id-04793	9	7	30	4.6
id-04794	6	5	2	4.1
id-04795	3	3	17	3.7
id-04796	6	3	6	4.9
id-04797	9	11	21	3.0
id-04798	9	6	26	3.3
id-04799	10	16	23	3.1
id-04800	6	3	4	3.3
id-04801	2	3	9	3.1
id-04802	9	15	11	3.9
id-04803	6	10	6	3.8
id-04804	8	4	17	3.5
id-04805	9	13	6	3.5
id-04806	3	2	20	5.0
id-04807	6	3	5	4.9
id-04808	2	3	5	4.8
id-04809	8	16	25	3.2
id-04810	7	11	17	3.9
id-04811	10	13	14	3.4
id-04812	5	10	20	4.9
id-04813	3	2	9	3.0
id-04814	9	9	22	3.8
id-04815	3	6	22	3.9
id-04816	8	7	11	3.6
id-04817	3	6	13	3.8
id-04818	2	3	2	4.6
id-04819	4	8	18	4.5
id-04820	7	7	12	3.8
id-04821	10	16	16	3.5
id-04822	6	7	26	3.2
id-04823	8	11	7	3.3
id-04824	6	3	17	5.0
id-04825	4	4	29	4.4
id-04826	2	2	24	4.1
id-04827	3	3	12	4.4
id-04828	8	14	9	4.1
id-04829	10	12	3	4.1
id-04830	6	6	10	3.7
id-04831	7	6	15	4.6
id-04832	5	9	13	4.3
id-04833	2	4	10	4.7
id-04834	10	16	10	4.9
id-04835	5	7	28	4.1
id-04836	2	2	16	3.6
id-04837	9	14	12	4.7
id-04838	6	4	3	4.9
id-04839	6	9	2	4.1
id-04840	2	2	23	4.2
id-04841	6	9	10	3.9
id-04842	1	2	19	4.7
id-04843	8	5	22	3.3
id-04844	8	12	11	3.2
id-04845	4	8	6	3.7
id-04846	9	13	15	3.1
id-04847	10	9	21	4.6
id-04848	1	2	11	3.2
id-04849	3	6	30	4.2
id-04850	1	2	10	4.0
id-04851	5	10	18	4.6
id-04852	4	4	21	3.9
id-04853	7	3	25	4.5
id-04854	3	3	9	4.1
id-04855	3	3	12	4.4
id-04856	4	6	1	4.3
id-04857	2	4	18	3.1
id-04858	4	2	22	4.7
id-04859	2	2	6	3.5
id-04860	4	2	26	4.8
id-04861	1	2	21	4.0
id-04862	10	20	13	3.3
id-04863	1	2	4	3.4
id-04864	10	3	15	3.8
id-04865	10	3	29	3.4
id-04866	9	3	15	3.7
id-04867	4	2	11	3.5
id-04868	2	4	26	3.6
id-04869	4	8	22	4.7
id-04870	9	14	14	4.9
id-04871	2	4	12	3.0
id-04872	5	3	22	4.5
id-04873	2	4	10	4.9
id-04874	6	10	16	4.9
id-04875	6	11	17	3.2
id-04876	7	11	15	3.9
id-04877	2	4	6	4.4
id-04878	7	13	7	3.6
id-04879	7	4	6	4.4
id-04880	2	4	8	4.3
id-04881	8	6	17	5.0
id-04882	3	5	29	4.9
id-04883	10	13	13	3.6
id-04884	5	8	21	3.9
id-04885	10	3	11	4.8
id-04886	10	14	22	3.8
id-04887	5	6	4	3.8
id-04888	9	9	15	4.3
id-04889	6	11	2	3.9
id-04890	2	2	23	3.2
id-04891	9	4	29	4.9
id-04892	3	3	5	4.6
id-04893	2	4	20	4.1
id-04894	1	2	21	3.1
id-04895	9	16	1	4.1
id-04896	7	14	14	4.8
id-04897	4	5	13	4.1
id-04898	3	2	17	4.8
id-04899	1	2	30	3.1
id-04900	3	4	10	4.3
id-04901	6	10	2	4.3
id-04902	5	6	10	4.9
id-04903	8	9	3	3.0
id-04904	4	5	10	3.2
id-04905	1	2	12	5.0
id-04906	8	4	2	4.4
id-04907	3	2	17	4.2
id-04908	3	6	18	3.5
id-04909	3	3	27	3.8
id-04910	6	10	18	4.6
id-04911	10	12	14	3.4
id-04912	4	2	30	4.9
id-04913	5	9	10	3.3
id-04914	7	9	23	3.7
id-04915	10	12	19	3.0
id-04916	6	8	30	3.6
id-04917	9	4	7	4.1
id-04918	2	4	29	4.5
id-04919	6	8	27	4.3
id-04920	1	2	3	4.2
id-04921	10	7	7	3.2
id-04922	8	15	13	4.4
id-04923	9	5	2	4.4
id-04924	2	3	6	3.4
id-04925	3	2	6	4.0
id-04926	1	2	7	3.5
id-04927	2	4	19	3.2
id-04928	9	5	2	4.6
id-04929	1	2	11	4.9
id-04930	6	3	2	3.5
id-04931	8	14	15	4.7
id-04932	4	4	6	4.0
id-04933	8	7	13	3.0
id-04934	9	2	18	3.8
id-04935	7	9	16	3.7
id-04936	5	10	19	3.2
id-04937	8	11	19	4.5
id-04938	9	3	16	4.0
id-04939	3	5	19	3.5
id-04940	6	3	5	4.6
id-04941	3	5	7	3.1
id-04942	9	4	19	3.2
id-04943	1	2	11	3.4
id-04944	5	5	23	3.9
id-04945	6	10	15	3.2
id-04946	10	10	19	3.3
id-04947	2	2	17	4.8
id-04948	9	17	14	4.3
id-04949	5	6	14	3.6
id-04950	7	4	5	4.3
id-04951	9	9	20	4.5
id-04952	10	4	18	3.8
id-04953	7	6	13	3.1
id-04954	1	2	12	3.7
id-04955	7	5	1	3.9
id-04956	4	6	20	3.5
id-04957	3	2	21	3.1
id-04958	7	10	9	3.2
id-04959	10	4	23	3.6
id-04960	1	2	21	3.1
id-04961	7	4	29	4.7
id-04962	7	8	8	4.1
id-04963	6	5	13	3.7
id-04964	2	4	8	3.6
id-04965	1	2	8	4.4
id-04966	3	6	29	4.2
id-04967	2	4	14	4.0
id-04968	4	4	24	4.6
id-04969	5	8	26	3.0
id-04970	4	8	19	4.0
id-04971	2	3	23	4.0
id-04972	1	2	5	4.9
id-04973	2	2	25	3.2
id-04974	5	10	16	4.8
id-04975	1	2	9	4.6
id-04976	6	12	30	3.1
id-04977	1	2	7	3.0
id-04978	6	6	18	4.2
id-04979	5	6	24	4.8
id-04980	3	3	21	3.5
id-04981	6	9	11	4.1
id-04982	8	15	23	4.8
id-04983	6	6	18	3.4
id-04984	10	14	18	4.3
id-04985	8	7	22	4.4
id-04986	6	3	13	3.6
id-04987	8	14	28	3.2
id-04988	3	3	3	3.5
id-04989	10	5	18	4.7
id-04990	5	10	24	4.7
id-04991	6	4	26	4.9
id-04992	9	7	9	4.5
id-04993	8	9	28	3.8
id-04994	2	2	29	5.0
id-04995	5	2	5	3.0
id-04996	8	8	20	4.7
id-04997	8	13	2	4.0
id-04998	10	19	25	4.8
id-04999	10	14	30	4.8
id-05000	8	12	28	3.2
id-05001	2	2	9	3.9
id-05002	9	6	17	3.3
id-05003	10	12	27	3.4
id-05004	8	9	14	3.7
id-05005	1	2	20	3.0
id-05006	6	9	9	4.6
id-05007	8	3	14	3.4
id-05008	5	4	30	3.1
id-05009	5	9	14	4.4
id-05010	8	12	1	4.5
id-05011	6	11	11	3.5
id-05012	10	7	17	5.0
id-05013	1	2	16	3.8
id-05014	8	6	29	3.8
id-05015	2	2	12	4.8
id-05016	3	5	19	4.0
id-05017	7	5	24	3.1
id-05018	9	2	10	4.0
id-05019	4	2	19	4.1
id-05020	2	2	9	4.4
id-05021	1	2	24	4.0
id-05022	2	4	5	3.4
id-05023	5	7	28	3.1
id-05024	1	2	5	4.7
id-05025	4	6	25	3.7
id-05026	9	15	4	4.1
id-05027	10	15	29	4.1
id-05028	3	2	27	3.9
id-05029	2	2	13	3.4
id-05030	5	8	29	3.6
id-05031	8	14	30	4.6
id-05032	5	10	2	3.8
id-05033	9	7	29	4.5
id-05034	4	5	19	4.5
id-05035	8	4	15	3.3
id-05036	9	11	13	4.6
id-05037	4	4	22	4.4
id-05038	3	3	17	3.9
id-05039	10	9	21	3.1
id-05040	4	2	21	3.1
id-05041	5	8	11	4.7
id-05042	6	2	28	4.6
id-05043	2	4	12	4.0
id-05044	5	8	16	4.4
id-05045	1	2	16	4.4
id-05046	3	4	21	3.6
id-05047	9	16	6	3.5
id-05048	9	18	28	4.1
id-05049	1	2	28	3.3
id-05050	9	6	7	3.5
id-05051	6	2	25	3.5
id-05052	4	8	12	4.2
id-05053	7	7	6	3.8
id-05054	3	6	26	3.5
id-05055	6	9	12	4.4
id-05056	8	12	24	4.6
id-05057	8	14	11	5.0
id-05058	5	4	13	4.8
id-05059	9	15	15	3.2
id-05060	7	9	20	3.3
id-05061	2	4	4	3.1
id-05062	2	2	22	4.5
id-05063	10	14	26	3.9
id-05064	1	2	19	3.7
id-05065	9	7	18	4.1
id-05066	6	3	2	4.8
id-05067	6	2	5	3.5
id-05068	7	8	18	3.4
id-05069	3	6	26	3.8
id-05070	8	3	20	3.3
id-05071	4	7	18	4.5
id-05072	5	6	11	4.9
id-05073	1	2	29	4.0
id-05074	3	4	4	3.2
id-05075	7	2	16	3.2
id-05076	1	2	3	4.5
id-05077	10	8	18	3.3
id-05078	1	2	21	4.4
id-05079	2	2	3	4.9
id-05080	3	2	2	3.8
id-05081	10	17	26	3.2
id-05082	6	10	20	4.7
id-05083	9	18	29	3.8
id-05084	10	8	23	3.1
id-05085	1	2	12	3.4
id-05086	4	7	25	4.2
id-05087	7	8	15	3.8
id-05088	5	6	16	4.7
id-05089	8	2	19	3.2
id-05090	4	2	6	4.2
id-05091	5	5	23	3.2
id-05092	8	10	30	4.2
id-05093	1	2	18	5.0
id-05094	7	11	20	4.4
id-05095	6	2	4	3.2
id-05096	10	18	11	3.7
id-05097	1	2	10	4.6
id-05098	3	4	7	3.9
id-05099	3	5	25	4.0
id-05100	9	9	21	4.9
id-05101	8	9	16	4.4
id-05102	5	4	29	3.9
id-05103	4	5	9	4.3
id-05104	10	18	19	4.1
id-05105	10	4	25	4.2
id-05106	6	3	3	3.8
id-05107	1	2	11	3.2
id-05108	1	2	18	4.4
id-05109	6	12	21	3.1
id-05110	5	8	5	4.0
id-05111	3	6	24	3.9
id-05112	9	4	30	3.5
id-05113	4	6	25	4.2
id-05114	9	17	15	4.4
id-05115	6	2	22	3.1
id-05116	10	3	19	4.5
id-05117	3	3	16	4.9
id-05118	10	4	28	3.9
id-05119	8	12	3	3.3
id-05120	4	7	23	4.6
id-05121	1	2	24	4.4
id-05122	6	8	17	3.1
id-05123	2	3	15	3.9
id-05124	2	2	29	4.9
id-05125	5	9	17	4.0
id-05126	5	4	18	4.4
id-05127	7	13	15	3.4
id-05128	6	9	30	3.1
id-05129	6	8	22	4.0
id-05130	10	11	1	3.9
id-05131	10	19	27	4.7
id-05132	6	6	21	3.1
id-05133	10	15	1	3.1
id-05134	4	8	18	4.2
id-05135	5	8	5	4.0
id-05136	6	6	19	4.3
id-05137	2	3	2	4.7
id-05138	4	6	15	4.9
id-05139	7	10	3	3.7
id-05140	4	2	13	4.1
id-05141	10	3	28	3.4
id-05142	6	2	2	3.5
id-05143	6	2	30	3.6
id-05144	6	7	26	3.9
id-05145	4	6	10	3.8
id-05146	6	7	13	3.5
id-05147	7	11	28	3.6
id-05148	4	4	3	3.0
id-05149	3	2	27	3.7
id-05150	1	2	27	4.5
id-05151	3	6	18	4.5
id-05152	1	2	8	4.7
id-05153	10	6	2	3.2
id-05154	6	4	1	4.7
id-05155	1	2	23	4.7
id-05156	4	3	25	3.6
id-05157	8	10	11	3.7
id-05158	4	4	10	3.0
id-05159	2	3	17	4.0
id-05160	1	2	17	3.0
id-05161	9	17	27	4.5
id-05162	6	9	10	4.0
id-05163	5	8	27	4.7
id-05164	10	17	24	4.2
id-05165	7	12	22	4.0
id-05166	5	6	14	4.7
id-05167	5	9	17	3.4
id-05168	8	7	17	4.8
id-05169	10	11	13	3.2
id-05170	10	4	18	4.7
id-05171	4	5	18	4.3
id-05172	2	2	6	3.2
id-05173	5	10	19	3.6
id-05174	10	16	9	3.9
id-05175	1	2	19	4.8
id-05176	4	5	29	3.6
id-05177	4	7	6	3.8
id-05178	4	7	4	3.4
id-05179	2	2	11	3.0
id-05180	8	16	20	4.8
id-05181	4	4	11	4.6
id-05182	8	9	18	4.6
id-05183	9	3	21	4.8
id-05184	8	8	25	3.7
id-05185	1	2	13	4.4
id-05186	3	2	25	3.0
id-05187	4	3	29	4.2
id-05188	8	10	15	4.5
id-05189	2	2	9	4.7
id-05190	2	2	24	3.5
id-05191	4	5	21	3.6
id-05192	4	4	21	4.3
id-05193	8	12	4	3.4
id-05194	10	10	2	4.6
id-05195	6	8	8	3.6
id-05196	8	8	22	4.4
id-05197	10	14	21	3.4
id-05198	6	6	25	3.6
id-05199	1	2	14	4.4
id-05200	1	2	5	3.7
id-05201	3	5	13	3.2
id-05202	1	2	4	4.5
id-05203	4	7	4	4.9
id-05204	3	3	16	4.6
id-05205	1	2	12	3.1
id-05206	4	7	26	3.5
id-05207	10	13	24	4.5
id-05208	2	4	10	3.9
id-05209	1	2	13	4.7
id-05210	1	2	13	4.9
id-05211	6	3	2	4.9
id-05212	10	12	2	4.5
id-05213	8	4	20	5.0
id-05214	6	10	23	3.9
id-05215	9	16	26	3.8
id-05216	3	5	15	3.4
id-05217	2	3	20	3.6
id-05218	9	4	5	3.0
id-05219	7	13	26	4.6
id-05220	9	9	14	4.1
id-05221	3	3	25	4.9
id-05222	6	7	4	4.6
id-05223	9	15	13	3.1
id-05224	5	9	18	3.3
id-05225	2	4	15	4.5
id-05226	2	4	20	4.0
id-05227	9	17	25	4.1
id-05228	7	10	26	4.9
id-05229	5	2	22	4.4
id-05230	3	2	4	3.0
id-05231	7	12	11	3.3
id-05232	4	5	25	4.7
id-05233	8	4	28	3.3
id-05234	10	18	25	3.9
id-05235	6	11	22	3.6
id-05236	6	9	1	4.2
id-05237	6	4	4	4.5
id-05238	8	2	15	3.2
id-05239	6	2	8	3.2
id-05240	1	2	26	4.6
id-05241	9	16	28	3.9
id-05242	5	7	21	3.7
id-05243	1	2	27	4.8
id-05244	4	6	27	3.9
id-05245	9	13	8	3.1
id-05246	5	10	25	3.5
id-05247	4	2	6	4.5
id-05248	8	11	19	4.1
id-05249	4	8	28	3.5
id-05250	5	2	6	4.2
id-05251	9	12	29	3.1
id-05252	1	2	8	3.6
id-05253	2	4	23	3.7
id-05254	6	8	5	3.6
id-05255	2	3	1	3.4
id-05256	7	10	10	3.0
id-05257	8	13	17	4.7
id-05258	5	2	19	5.0
id-05259	7	13	5	4.6
id-05260	5	4	24	4.2
id-05261	9	15	4	3.8
id-05262	6	12	3	3.6
id-05263	6	10	17	4.4
id-05264	4	3	17	3.7
id-05265	4	8	2	4.5
id-05266	5	9	1	3.8
id-05267	6	8	21	3.4
id-05268	6	8	30	4.0
id-05269	6	11	19	4.9
id-05270	10	19	27	4.6
id-05271	8	14	21	3.4
id-05272	2	3	4	3.8
id-05273	3	4	9	3.1
id-05274	9	13	1	3.6
id-05275	10	18	25	4.5
id-05276	6	11	8	3.3
id-05277	9	8	15	4.2
id-05278	5	3	11	3.9
id-05279	2	4	21	3.7
id-05280	5	8	24	3.5
id-05281	8	15	18	5.0
id-05282	6	2	26	4.0
id-05283	3	5	22	4.2
id-05284	6	9	9	3.3
id-05285	8	8	16	3.7
id-05286	8	8	21	4.5
id-05287	8	3	27	4.5
id-05288	7	11	26	3.9
id-05289	4	2	3	3.4
id-05290	7	11	2	4.6
id-05291	8	12	5	3.1
id-05292	7	5	11	4.5
id-05293	1	2	22	4.2
id-05294	2	3	14	3.6
id-05295	6	4	14	4.8
id-05296	6	4	21	3.8
id-05297	6	11	19	3.2
id-05298	9	7	19	3.9
id-05299	3	3	2	3.9
id-05300	5	7	13	3.1
id-05301	1	2	24	4.4
id-05302	2	3	5	3.2
id-05303	10	11	29	3.9
id-05304	6	7	26	4.4
id-05305	7	14	18	4.7
id-05306	10	7	1	4.3
id-05307	8	10	29	3.7
id-05308	7	3	26	3.5
id-05309	4	6	6	3.3
id-05310	3	6	2	4.3
id-05311	6	4	19	3.2
id-05312	3	6	3	4.3
id-05313	7	6	14	3.9
id-05314	10	12	18	3.0
id-05315	4	4	22	4.3
id-05316	2	2	2	3.3
id-05317	10	6	19	4.3
id-05318	7	10	27	4.8
id-05319	9	3	30	4.1
id-05320	7	14	19	4.8
id-05321	5	6	8	4.5
id-05322	2	2	6	4.0
id-05323	3	6	22	4.2
id-05324	9	17	14	3.8
id-05325	5	3	27	3.4
id-05326	3	2	24	4.0
id-05327	6	2	11	3.6
id-05328	3	6	8	3.6
id-05329	10	16	22	4.9
id-05330	6	8	17	3.4
id-05331	2	3	29	3.0
id-05332	7	12	18	4.2
id-05333	9	6	15	4.2
id-05334	10	8	27	4.7
id-05335	8	14	27	3.5
id-05336	7	11	17	3.2
id-05337	2	4	15	3.7
id-05338	6	9	11	4.1
id-05339	3	6	23	3.6
id-05340	7	11	16	4.2
id-05341	10	8	22	3.9
id-05342	3	4	17	4.1
id-05343	10	13	8	3.7
id-05344	10	6	25	3.9
id-05345	6	11	24	4.4
id-05346	7	4	17	4.4
id-05347	9	4	22	4.2
id-05348	1	2	29	3.2
id-05349	1	2	1	3.3
id-05350	3	3	15	4.2
id-05351	1	2	8	3.9
id-05352	6	5	2	4.0
id-05353	9	9	14	3.4
id-05354	2	2	24	4.7
id-05355	6	5	22	3.0
id-05356	4	7	23	4.4
id-05357	1	2	12	4.3
id-05358	7	8	4	3.7
id-05359	7	6	25	4.6
id-05360	4	3	17	5.0
id-05361	3	5	9	3.5
id-05362	10	5	24	5.0
id-05363	4	5	20	4.7
id-05364	6	11	24	3.5
id-05365	4	3	21	3.4
id-05366	9	6	11	4.0
id-05367	2	3	21	3.7
id-05368	5	5	29	3.5
id-05369	1	2	3	3.8
id-05370	5	4	23	3.2
id-05371	4	4	10	3.8
id-05372	4	6	1	3.1
id-05373	4	6	1	3.7
id-05374	4	7	6	3.2
id-05375	6	11	15	3.7
id-05376	10	20	28	4.0
id-05377	3	4	26	3.9
id-05378	4	7	12	3.2
id-05379	8	11	19	4.0
id-05380	5	4	1	4.2
id-05381	4	2	30	4.7
id-05382	9	17	11	4.5
id-05383	2	2	28	4.9
id-05384	5	7	2	4.9
id-05385	1	2	5	4.1
id-05386	9	10	7	4.1
id-05387	8	11	14	4.6
id-05388	4	2	10	3.1
id-05389	7	5	17	3.8
id-05390	7	7	29	4.6
id-05391	5	2	24	3.2
id-05392	2	4	6	3.7
id-05393	1	2	1	3.3
id-05394	10	15	28	3.0
id-05395	10	13	6	3.3
id-05396	4	5	6	3.4
id-05397	1	2	1	4.0
id-05398	6	2	24	3.5
id-05399	2	4	17	3.2
id-05400	1	2	17	3.8
id-05401	5	9	24	4.0
id-05402	7	10	27	3.4
id-05403	7	13	9	4.4
id-05404	3	6	6	3.1
id-05405	6	10	22	4.1
id-05406	5	2	4	4.1
id-05407	6	6	16	3.5
id-05408	8	6	24	4.4
id-05409	3	3	9	3.5
id-05410	6	11	11	4.8
id-05411	6	7	25	4.2
id-05412	4	5	25	4.7
id-05413	8	16	29	3.4
id-05414	1	2	28	4.6
id-05415	6	5	4	3.1
id-05416	2	3	2	4.1
id-05417	10	13	8	4.2
id-05418	7	5	27	4.0
id-05419	5	5	24	3.6
id-05420	6	5	26	4.4
id-05421	7	6	4	3.7
id-05422	10	20	17	3.2
id-05423	6	8	30	4.4
id-05424	1	2	17	4.2
id-05425	1	2	4	3.8
id-05426	5	2	8	4.0
id-05427	3	3	27	3.7
id-05428	8	14	5	3.3
id-05429	1	2	28	4.8
id-05430	1	2	25	3.5
id-05431	1	2	11	4.5
id-05432	7	9	24	3.2
id-05433	1	2	23	4.5
id-05434	6	5	18	4.7
id-05435	9	18	4	4.3
id-05436	1	2	12	4.3
id-05437	9	16	8	3.2
id-05438	5	4	19	3.1
id-05439	7	6	29	4.4
id-05440	10	17	7	3.8
id-05441	3	2	8	4.0
id-05442	4	2	26	3.9
id-05443	1	2	18	3.2
id-05444	10	19	4	4.7
id-05445	5	3	18	3.4
id-05446	1	2	18	3.2
id-05447	2	2	16	3.0
id-05448	1	2	12	3.6
id-05449	8	16	6	4.2
id-05450	6	8	17	4.7
id-05451	10	9	8	3.5
id-05452	3	5	27	4.3
id-05453	5	8	17	3.5
id-05454	2	3	19	4.9
id-05455	4	7	25	4.9
id-05456	2	4	21	4.0
id-05457	9	13	15	3.9
id-05458	10	3	14	3.2
id-05459	7	14	22	4.4
id-05460	3	3	12	3.9
id-05461	6	9	7	4.6
id-05462	3	4	24	4.8
id-05463	8	13	7	3.1
id-05464	4	6	19	4.0
id-05465	6	6	2	3.7
id-05466	10	7	1	4.3
id-05467	3	5	20	3.6
id-05468	7	2	30	3.4
id-05469	3	6	24	4.5
id-05470	4	3	5	4.6
id-05471	4	4	17	4.4
id-05472	1	2	20	3.1
id-05473	4	8	7	4.9
id-05474	3	3	13	4.1
id-05475	1	2	27	3.5
id-05476	4	5	22	4.3
id-05477	6	10	29	4.1
id-05478	3	3	20	3.1
id-05479	6	12	15	4.2
id-05480	7	13	3	3.0
id-05481	3	3	12	4.4
id-05482	10	3	2	4.5
id-05483	10	8	22	3.1
id-05484	8	11	28	4.4
id-05485	6	7	21	4.4
id-05486	3	4	28	4.0
id-05487	7	12	2	4.6
id-05488	6	11	29	3.6
id-05489	4	3	26	4.9
id-05490	5	10	4	4.0
id-05491	2	3	11	3.9
id-05492	10	8	7	4.9
id-05493	5	3	18	3.2
id-05494	7	8	22	4.7
id-05495	5	7	21	4.9
id-05496	5	4	17	4.2
id-05497	1	2	4	3.2
id-05498	5	10	19	3.8
id-05499	10	7	29	3.4
id-05500	8	5	21	4.8
id-05501	7	11	1	3.8
id-05502	3	4	5	4.3
id-05503	9	6	30	4.7
id-05504	1	2	12	3.6
id-05505	8	11	11	3.3
id-05506	10	5	21	4.0
id-05507	8	9	12	3.3
id-05508	4	2	11	3.1
id-05509	5	3	25	4.5
id-05510	9	6	1	4.7
id-05511	3	6	18	4.3
id-05512	5	3	14	3.9
id-05513	2	3	18	3.7
id-05514	9	15	25	4.8
id-05515	1	2	7	4.8
id-05516	7	9	30	4.4
id-05517	5	3	27	4.4
id-05518	3	5	8	5.0
id-05519	2	4	1	4.0
id-05520	9	15	24	3.8
id-05521	8	5	21	3.0
id-05522	10	17	20	4.9
id-05523	3	4	2	3.5
id-05524	8	7	27	4.4
id-05525	6	3	27	3.9
id-05526	7	2	30	4.3
id-05527	2	4	25	4.5
id-05528	8	10	18	4.6
id-05529	3	4	13	4.4
id-05530	8	11	14	3.9
id-05531	9	7	16	4.2
id-05532	9	16	6	3.1
id-05533	2	4	2	3.5
id-05534	2	2	22	3.6
id-05535	9	11	23	3.1
id-05536	9	3	8	4.3
id-05537	8	4	8	5.0
id-05538	4	2	9	3.0
id-05539	10	16	9	4.4
id-05540	7	11	10	3.9
id-05541	7	10	8	4.4
id-05542	6	8	27	3.9
id-05543	4	6	30	4.3
id-05544	9	6	28	4.8
id-05545	4	8	15	3.2
id-05546	5	4	30	4.6
id-05547	10	12	15	3.8
id-05548	4	2	26	4.2
id-05549	8	16	11	3.2
id-05550	2	2	4	3.9
id-05551	2	4	7	3.9
id-05552	7	14	8	3.8
id-05553	3	5	15	3.4
id-05554	5	5	23	4.4
id-05555	1	2	11	3.4
id-05556	2	4	11	4.2
id-05557	3	3	17	4.0
id-05558	4	5	20	3.3
id-05559	3	4	20	4.8
id-05560	5	9	10	4.4
id-05561	3	4	7	4.2
id-05562	9	5	1	4.9
id-05563	2	3	5	4.8
id-05564	1	2	17	4.3
id-05565	10	5	23	4.6
id-05566	3	4	12	4.4
id-05567	6	2	12	3.9
id-05568	9	14	1	4.0
id-05569	3	6	13	3.1
id-05570	7	11	12	4.9
id-05571	1	2	15	4.6
id-05572	1	2	9	3.9
id-05573	9	10	5	3.1
id-05574	5	3	21	3.9
id-05575	3	3	20	3.9
id-05576	3	4	30	4.7
id-05577	9	6	7	3.7
id-05578	5	4	25	3.1
id-05579	4	6	12	4.6
id-05580	5	7	30	4.9
id-05581	4	5	29	3.1
id-05582	7	2	25	3.7
id-05583	6	6	14	4.4
id-05584	4	3	23	3.0
id-05585	5	10	23	5.0
id-05586	3	2	19	3.1
id-05587	6	4	26	3.4
id-05588	8	11	9	4.0
id-05589	5	9	12	4.8
id-05590	1	2	18	4.2
id-05591	2	3	14	4.6
id-05592	7	12	10	4.7
id-05593	7	11	2	3.7
id-05594	5	7	17	4.9
id-05595	9	16	18	4.6
id-05596	6	5	2	3.7
id-05597	7	5	19	4.1
id-05598	6	12	28	3.8
id-05599	1	2	15	3.4
id-05600	9	17	7	3.6
id-05601	10	2	9	4.3
id-05602	3	3	18	3.8
id-05603	5	4	29	4.6
id-05604	7	6	21	3.6
id-05605	1	2	28	3.4
id-05606	9	11	13	4.5
id-05607	5	5	25	4.8
id-05608	8	14	19	4.7
id-05609	6	3	11	4.0
id-05610	5	8	30	4.3
id-05611	5	2	25	3.6
id-05612	1	2	13	3.2
id-05613	6	8	13	3.2
id-05614	8	5	4	3.4
id-05615	4	4	19	3.5
id-05616	9	12	12	4.1
id-05617	7	10	14	3.0
id-05618	6	4	20	4.2
id-05619	10	15	24	3.4
id-05620	8	2	16	4.3
id-05621	5	3	26	3.8
id-05622	8	13	3	4.6
id-05623	3	6	5	4.3
id-05624	8	8	4	3.7
id-05625	5	7	5	4.4
id-05626	10	2	24	4.8
id-05627	6	4	14	4.3
id-05628	3	5	5	3.5
id-05629	10	19	19	4.7
id-05630	8	7	21	4.4
id-05631	9	14	8	4.7
id-05632	6	2	19	4.3
id-05633	8	13	2	4.3
id-05634	6	3	5	3.3
id-05635	4	7	5	3.2
id-05636	9	6	29	4.5
id-05637	6	5	18	4.1
id-05638	5	10	20	3.3
id-05639	9	4	1	4.6
id-05640	10	14	3	3.6
id-05641	7	6	26	3.4
id-05642	5	9	2	4.3
id-05643	8	6	4	4.1
id-05644	3	3	28	4.2
id-05645	5	10	25	4.3
id-05646	3	2	25	3.3
id-05647	6	11	25	3.6
id-05648	3	6	8	3.3
id-05649	7	5	9	4.3
id-05650	9	6	27	3.5
id-05651	6	3	3	4.6
id-05652	2	3	4	4.2
id-05653	7	13	10	4.5
id-05654	6	10	4	3.0
id-05655	4	2	6	4.5
id-05656	10	4	9	4.9
id-05657	10	15	25	3.3
id-05658	5	7	20	3.1
id-05659	8	3	15	5.0
id-05660	7	11	5	4.4
id-05661	3	3	8	4.7
id-05662	1	2	3	4.9
id-05663	5	10	24	4.8
id-05664	6	9	6	4.1
id-05665	4	7	30	4.7
id-05666	6	9	14	4.8
id-05667	2	2	26	4.5
id-05668	3	4	21	3.2
id-05669	1	2	5	4.3
id-05670	5	10	3	4.2
id-05671	10	17	10	3.1
id-05672	6	10	4	4.4
id-05673	9	5	23	3.9
id-05674	6	11	21	4.0
id-05675	7	14	1	3.8
id-05676	2	2	30	3.4
id-05677	9	13	25	4.5
id-05678	10	9	27	3.6
id-05679	9	10	4	4.2
id-05680	3	5	8	3.2
id-05681	10	6	1	4.0
id-05682	8	13	11	3.0
id-05683	10	15	3	4.5
id-05684	4	3	3	4.5
id-05685	9	4	18	3.8
id-05686	8	16	30	3.8
id-05687	2	3	28	3.9
id-05688	10	20	29	3.5
id-05689	2	3	29	3.4
id-05690	5	6	12	4.7
id-05691	4	3	12	4.2
id-05692	9	15	18	3.8
id-05693	10	13	22	3.2
id-05694	7	4	20	4.0
id-05695	5	9	18	3.8
id-05696	2	4	12	3.3
id-05697	8	13	13	3.6
id-05698	7	5	1	3.6
id-05699	3	3	23	5.0
id-05700	10	17	22	3.3
id-05701	2	2	24	4.8
id-05702	7	11	22	3.4
id-05703	8	2	20	4.3
id-05704	7	2	26	4.4
id-05705	7	5	25	4.0
id-05706	4	6	5	4.6
id-05707	8	10	7	3.8
id-05708	10	8	22	4.2
id-05709	2	4	24	3.3
id-05710	7	5	16	3.5
id-05711	6	9	18	3.3
id-05712	10	4	1	3.4
id-05713	5	10	25	4.3
id-05714	7	5	12	3.4
id-05715	6	10	23	3.3
id-05716	1	2	18	3.3
id-05717	5	4	5	4.4
id-05718	8	10	28	3.6
id-05719	2	2	28	4.3
id-05720	2	2	22	4.2
id-05721	8	16	10	4.4
id-05722	4	5	28	4.5
id-05723	10	12	11	4.4
id-05724	2	2	13	3.8
id-05725	7	5	29	3.3
id-05726	4	2	11	4.3
id-05727	4	8	26	4.6
id-05728	4	5	24	4.2
id-05729	6	6	29	3.7
id-05730	3	2	9	4.4
id-05731	7	3	2	4.2
id-05732	2	4	2	4.4
id-05733	4	3	27	4.1
id-05734	2	2	14	4.8
id-05735	7	6	18	4.8
id-05736	4	3	28	4.3
id-05737	8	4	24	3.3
id-05738	4	7	10	3.9
id-05739	10	20	8	4.5
id-05740	10	5	9	3.2
id-05741	8	13	18	3.1
id-05742	9	3	15	3.5
id-05743	10	3	4	3.5
id-05744	4	3	30	4.5
id-05745	4	7	30	3.1
id-05746	1	2	14	3.6
id-05747	6	2	29	4.8
id-05748	8	13	12	3.2
id-05749	2	4	24	5.0
id-05750	8	3	30	4.3
id-05751	6	10	23	4.2
id-05752	3	4	23	5.0
id-05753	3	6	30	4.1
id-05754	7	9	6	4.2
id-05755	2	2	2	4.3
id-05756	4	7	11	3.4
id-05757	7	6	21	4.5
id-05758	4	5	3	4.2
id-05759	10	20	11	4.4
id-05760	9	15	28	4.7
id-05761	5	5	11	4.2
id-05762	3	4	23	4.4
id-05763	7	13	2	4.2
id-05764	4	6	1	5.0
id-05765	3	5	7	3.2
id-05766	1	2	17	4.7
id-05767	2	2	23	3.4
id-05768	4	6	23	4.6
id-05769	1	2	14	4.5
id-05770	10	20	30	5.0
id-05771	6	4	25	3.3
id-05772	8	6	24	3.3
id-05773	8	11	17	3.8
id-05774	2	4	10	3.7
id-05775	5	3	11	3.6
id-05776	2	3	24	4.8
id-05777	5	4	10	3.1
id-05778	10	10	17	4.2
id-05779	7	5	1	5.0
id-05780	8	3	20	4.8
id-05781	5	5	21	4.7
id-05782	5	10	26	4.7
id-05783	3	5	4	3.5
id-05784	1	2	15	4.1
id-05785	3	2	13	4.3
id-05786	6	2	13	3.6
id-05787	10	17	16	4.0
id-05788	10	8	17	3.7
id-05789	5	5	20	3.5
id-05790	2	4	9	4.4
id-05791	3	2	7	3.2
id-05792	8	12	28	4.6
id-05793	7	9	11	3.1
id-05794	7	6	23	3.2
id-05795	9	16	8	3.8
id-05796	4	4	18	3.3
id-05797	1	2	25	3.2
id-05798	10	4	12	4.2
id-05799	6	5	18	4.3
id-05800	10	2	2	3.9
id-05801	5	3	7	3.4
id-05802	2	4	24	4.9
id-05803	6	11	29	3.2
id-05804	1	2	18	4.8
id-05805	8	4	8	3.3
id-05806	2	4	16	3.4
id-05807	3	2	23	3.8
id-05808	9	13	27	4.6
id-05809	7	7	15	4.2
id-05810	2	4	10	3.6
id-05811	8	5	18	3.1
id-05812	7	13	23	3.1
id-05813	3	6	15	4.3
id-05814	5	8	20	3.4
id-05815	1	2	5	3.8
id-05816	4	5	7	4.1
id-05817	10	12	15	3.3
id-05818	3	6	21	4.5
id-05819	2	4	17	3.2
id-05820	3	4	27	3.4
id-05821	10	6	18	3.2
id-05822	8	6	19	3.8
id-05823	3	4	30	4.6
id-05824	1	2	26	4.1
id-05825	8	16	5	3.9
id-05826	3	4	13	4.6
id-05827	5	3	30	4.2
id-05828	4	5	8	3.8
id-05829	4	8	13	3.6
id-05830	9	16	4	3.1
id-05831	9	2	6	4.4
id-05832	2	2	17	3.5
id-05833	10	13	3	3.4
id-05834	6	4	7	4.5
id-05835	7	8	26	4.3
id-05836	5	6	28	3.1
id-05837	5	2	3	3.3
id-05838	9	16	24	4.0
id-05839	2	4	8	3.2
id-05840	6	3	12	3.1
id-05841	9	11	19	4.0
id-05842	7	10	18	4.0
id-05843	3	6	1	4.4
id-05844	2	4	15	3.2
id-05845	5	6	14	3.5
id-05846	5	9	11	4.1
id-05847	8	10	18	3.5
id-05848	3	4	17	3.3
id-05849	7	7	11	4.4
id-05850	9	17	14	3.9
id-05851	1	2	9	3.4
id-05852	8	9	27	3.5
id-05853	7	3	11	3.7
id-05854	7	7	18	4.8
id-05855	2	3	30	4.4
id-05856	2	2	4	3.4
id-05857	1	2	28	4.9
id-05858	1	2	11	3.3
id-05859	8	15	5	3.5
id-05860	10	3	4	3.0
id-05861	7	11	21	3.4
id-05862	6	12	4	3.1
id-05863	10	9	23	3.4
id-05864	7	10	21	5.0
id-05865	9	17	27	4.1
id-05866	1	2	30	3.2
id-05867	2	2	29	4.9
id-05868	2	2	16	5.0
id-05869	5	6	19	3.2
id-05870	9	4	29	4.2
id-05871	2	4	14	4.4
id-05872	3	6	25	4.7
id-05873	8	5	10	3.0
id-05874	1	2	24	3.4
id-05875	10	4	2	4.3
id-05876	5	10	4	4.7
id-05877	6	10	1	4.0
id-05878	6	2	18	3.9
id-05879	2	2	7	3.7
id-05880	2	2	19	3.6
id-05881	9	12	22	3.9
id-05882	9	11	13	4.3
id-05883	3	3	2	4.1
id-05884	6	6	3	4.2
id-05885	2	4	27	4.7
id-05886	4	2	9	4.4
id-05887	7	8	21	3.1
id-05888	3	4	16	3.7
id-05889	3	3	24	4.3
id-05890	1	2	3	3.0
id-05891	8	2	27	4.0
id-05892	4	5	9	3.1
id-05893	4	7	3	3.5
id-05894	8	13	20	4.9
id-05895	10	11	22	3.5
id-05896	2	3	10	4.5
id-05897	7	13	5	4.5
id-05898	6	4	22	3.0
id-05899	9	7	20	3.1
id-05900	3	6	6	4.1
id-05901	3	5	9	3.6
id-05902	8	13	27	3.3
id-05903	4	2	2	3.5
id-05904	8	8	20	3.3
id-05905	4	7	13	4.0
id-05906	5	5	26	4.6
id-05907	8	13	6	4.6
id-05908	6	7	29	4.9
id-05909	10	11	9	3.9
id-05910	1	2	16	3.8
id-05911	1	2	27	4.1
id-05912	3	3	5	4.2
id-05913	1	2	9	5.0
id-05914	3	6	1	3.7
id-05915	10	7	30	3.1
id-05916	6	7	27	3.6
id-05917	8	3	2	4.6
id-05918	1	2	24	4.6
id-05919	6	4	8	3.6
id-05920	7	4	3	4.4
id-05921	10	9	25	4.6
id-05922	1	2	26	4.0
id-05923	1	2	30	4.6
id-05924	7	9	10	3.9
id-05925	5	5	5	4.6
id-05926	5	2	21	4.4
id-05927	7	11	4	4.3
id-05928	10	14	25	3.8
id-05929	5	8	15	4.2
id-05930	1	2	8	3.7
id-05931	9	5	12	4.4
id-05932	3	4	13	3.3
id-05933	7	6	2	3.6
id-05934	7	8	18	3.2
id-05935	1	2	15	4.4
id-05936	3	2	8	3.2
id-05937	9	3	20	3.6
id-05938	10	3	22	4.4
id-05939	6	2	18	3.6
id-05940	1	2	14	3.4
id-05941	2	4	18	4.2
id-05942	5	8	29	3.6
id-05943	5	9	24	4.5
id-05944	3	5	15	3.1
id-05945	8	14	17	4.8
id-05946	8	14	11	4.0
id-05947	9	16	9	4.6
id-05948	8	8	20	3.9
id-05949	1	2	7	4.7
id-05950	3	5	10	4.5
id-05951	6	7	13	4.1
id-05952	4	3	25	4.4
id-05953	6	11	5	4.6
id-05954	4	8	16	3.4
id-05955	6	3	19	3.8
id-05956	7	11	24	3.2
id-05957	3	2	18	4.1
id-05958	1	2	2	3.5
id-05959	5	4	6	4.4
id-05960	2	2	30	3.8
id-05961	1	2	8	4.6
id-05962	7	12	9	3.9
id-05963	7	9	11	3.1
id-05964	6	6	10	3.8
id-05965	5	9	14	3.5
id-05966	2	3	27	4.8
id-05967	4	2	15	4.6
id-05968	5	8	20	3.7
id-05969	10	6	10	4.3
id-05970	10	14	12	4.7
id-05971	6	6	27	4.7
id-05972	8	8	17	4.3
id-05973	1	2	3	3.7
id-05974	7	12	22	5.0
id-05975	8	9	25	3.5
id-05976	10	4	9	3.1
id-05977	6	2	19	4.6
id-05978	8	2	22	4.0
id-05979	3	6	14	4.8
id-05980	8	16	18	4.6
id-05981	4	6	7	3.1
id-05982	6	2	29	3.7
id-05983	1	2	12	4.7
id-05984	4	3	14	4.5
id-05985	1	2	12	4.8
id-05986	7	5	3	3.1
id-05987	6	4	17	4.4
id-05988	1	2	16	3.5
id-05989	3	5	11	4.9
id-05990	9	6	18	3.7
id-05991	7	9	10	3.3
id-05992	1	2	29	3.5
id-05993	5	7	25	4.8
id-05994	9	15	12	4.3
id-05995	5	8	19	3.4
id-05996	2	3	6	4.9
id-05997	10	4	3	4.9
id-05998	4	7	13	3.9
id-05999	8	6	3	4.9
id-06000	10	8	6	3.9
id-06001	4	4	30	4.2
id-06002	3	3	1	4.3
id-06003	10	20	5	3.8
id-06004	8	4	17	4.9
id-06005	8	7	28	4.2
id-06006	2	3	26	3.1
id-06007	9	17	15	3.7
id-06008	5	7	30	3.1
id-06009	7	9	28	3.3
id-06010	5	6	10	3.1
id-06011	5	3	22	4.2
id-06012	4	8	10	4.6
id-06013	10	4	30	3.3
id-06014	2	4	3	4.9
id-06015	10	15	13	4.0
id-06016	5	10	11	3.5
id-06017	2	4	4	3.9
id-06018	5	4	11	3.2
id-06019	3	2	25	4.6
id-06020	5	3	5	3.2
id-06021	9	13	8	3.9
id-06022	6	3	13	4.2
id-06023	1	2	29	3.7
id-06024	4	6	13	4.4
id-06025	7	2	5	4.5
id-06026	1	2	29	3.7
id-06027	8	10	21	3.0
id-06028	1	2	17	3.9
id-06029	9	14	11	4.6
id-06030	7	8	15	3.1
id-06031	7	4	18	4.0
id-06032	2	2	19	4.9
id-06033	6	12	17	4.4
id-06034	3	4	12	3.2
id-06035	6	2	18	4.9
id-06036	7	7	17	3.9
id-06037	3	2	5	5.0
id-06038	9	15	22	3.1
id-06039	4	4	8	3.5
id-06040	2	4	6	5.0
id-06041	7	9	21	3.2
id-06042	4	2	7	3.4
id-06043	1	2	20	3.7
id-06044	2	4	22	3.2
id-06045	10	15	10	3.3
id-06046	2	2	9	4.9
id-06047	5	10	24	3.2
id-06048	5	5	22	4.4
id-06049	3	3	12	3.5
id-06050	8	4	5	4.2
id-06051	5	10	23	3.0
id-06052	7	10	6	4.7
id-06053	1	2	16	4.1
id-06054	4	3	1	3.9
id-06055	4	6	29	3.6
id-06056	9	3	25	3.6
id-06057	10	19	12	4.2
id-06058	9	5	20	3.2
id-06059	6	5	6	3.2
id-06060	5	10	8	3.4
id-06061	1	2	23	4.5
id-06062	8	2	30	5.0
id-06063	3	2	5	3.6
id-06064	9	16	3	4.2
id-06065	3	2	28	3.1
id-06066	3	5	23	3.4
id-06067	3	3	23	4.2
id-06068	5	9	7	4.3
id-06069	5	6	25	4.2
id-06070	6	7	4	4.2
id-06071	3	6	19	3.9
id-06072	5	3	7	3.2
id-06073	1	2	6	3.1
id-06074	3	4	14	4.8
id-06075	1	2	7	3.2
id-06076	3	3	30	4.0
id-06077	5	7	25	3.6
id-06078	7	6	21	4.5
id-06079	4	3	22	4.4
id-06080	10	8	21	4.7
id-06081	3	5	26	4.0
id-06082	10	14	9	4.2
id-06083	1	2	13	3.4
id-06084	2	2	30	3.0
id-06085	4	8	13	4.4
id-06086	8	13	2	3.2
id-06087	7	10	19	4.4
id-06088	2	2	17	3.7
id-06089	1	2	24	4.4
id-06090	7	2	2	3.8
id-06091	9	6	26	4.7
id-06092	5	4	24	3.3
id-06093	8	7	5	3.9
id-06094	8	8	25	4.3
id-06095	7	9	16	3.6
id-06096	7	11	3	4.5
id-06097	1	2	5	4.4
id-06098	2	2	13	4.1
id-06099	6	7	5	4.0
id-06100	9	7	13	4.1
id-06101	10	14	5	3.8
id-06102	3	5	6	4.0
id-06103	6	6	17	3.3
id-06104	10	16	16	3.9
id-06105	5	7	24	4.5
id-06106	8	6	27	3.8
id-06107	8	11	2	3.7
id-06108	4	7	24	3.4
id-06109	5	4	17	5.0
id-06110	9	7	5	4.6
id-06111	5	10	15	4.7
id-06112	6	4	2	3.9
id-06113	1	2	29	3.9
id-06114	4	4	18	4.9
id-06115	4	4	9	3.6
id-06116	8	9	11	4.4
id-06117	4	2	25	4.0
id-06118	3	6	20	3.6
id-06119	7	2	14	3.3
id-06120	1	2	19	4.5
id-06121	6	4	22	3.3
id-06122	6	3	24	3.5
id-06123	3	2	23	3.9
id-06124	1	2	12	4.4
id-06125	1	2	3	4.7
id-06126	5	10	29	4.9
id-06127	9	15	21	4.4
id-06128	9	6	9	4.8
id-06129	7	13	9	4.8
id-06130	4	3	1	3.2
id-06131	2	2	8	3.6
id-06132	10	17	2	4.3
id-06133	1	2	29	4.7
id-06134	8	8	6	4.2
id-06135	5	4	13	3.4
id-06136	8	7	19	3.2
id-06137	7	6	9	3.5
id-06138	4	4	23	4.1
id-06139	9	11	5	4.8
id-06140	9	10	5	5.0
id-06141	1	2	13	4.9
id-06142	7	6	18	3.5
id-06143	2	2	23	4.8
id-06144	5	6	17	3.2
id-06145	6	5	9	3.6
id-06146	5	2	3	3.3
id-06147	5	10	10	3.6
id-06148	3	4	9	5.0
id-06149	6	2	19	3.9
id-06150	4	2	1	3.9
id-06151	8	5	22	4.4
id-06152	5	8	26	3.6
id-06153	5	8	11	4.9
id-06154	1	2	11	3.1
id-06155	5	10	30	3.9
id-06156	1	2	13	3.0
id-06157	8	13	16	3.8
id-06158	10	2	19	4.6
id-06159	4	3	25	3.0
id-06160	3	4	28	3.3
id-06161	8	14	11	4.2
id-06162	4	3	3	4.4
id-06163	6	6	2	4.8
id-06164	8	14	21	4.9
id-06165	10	19	26	3.9
id-06166	7	6	8	3.9
id-06167	10	18	5	3.9
id-06168	1	2	26	3.3
id-06169	10	15	20	4.8
id-06170	6	11	27	3.8
id-06171	9	4	22	5.0
id-06172	6	12	28	3.5
id-06173	9	3	19	4.8
id-06174	8	14	12	4.0
id-06175	2	3	1	3.1
id-06176	4	6	28	4.5
id-06177	2	4	18	3.4
id-06178	1	2	9	3.4
id-06179	6	10	4	4.1
id-06180	4	5	26	3.8
id-06181	6	12	20	3.5
id-06182	5	10	10	3.7
id-06183	1	2	14	3.5
id-06184	5	6	4	3.8
id-06185	1	2	28	4.7
id-06186	3	3	21	3.0
id-06187	2	2	13	4.7
id-06188	6	10	22	3.0
id-06189	7	8	7	4.1
id-06190	9	3	27	3.5
id-06191	2	4	24	3.3
id-06192	9	3	5	4.5
id-06193	6	3	28	4.8
id-06194	3	4	30	3.2
id-06195	10	5	11	4.1
id-06196	3	5	20	5.0
id-06197	2	2	25	4.5
id-06198	10	19	9	4.2
id-06199	1	2	25	4.4
id-06200	10	4	15	3.9
id-06201	5	9	27	5.0
id-06202	10	12	25	3.6
id-06203	6	4	21	4.4
id-06204	3	2	4	4.0
id-06205	4	8	4	4.3
id-06206	5	4	18	3.8
id-06207	6	12	18	3.3
id-06208	10	11	5	4.4
id-06209	9	6	19	3.5
id-06210	7	7	22	4.6
id-06211	6	2	12	4.7
id-06212	10	19	9	4.4
id-06213	5	3	18	4.0
id-06214	10	16	3	4.3
id-06215	8	11	23	4.5
id-06216	5	4	23	4.3
id-06217	5	5	9	3.5
id-06218	8	3	9	3.5
id-06219	1	2	20	4.3
id-06220	2	2	30	3.9
id-06221	9	5	14	3.7
id-06222	8	12	16	4.6
id-06223	10	7	22	4.6
id-06224	2	3	22	3.4
id-06225	8	14	8	4.9
id-06226	9	4	2	4.4
id-06227	1	2	14	4.1
id-06228	5	4	23	3.4
id-06229	4	7	8	3.1
id-06230	7	8	21	3.3
id-06231	9	7	26	3.2
id-06232	1	2	4	4.9
id-06233	7	14	12	3.8
id-06234	7	12	7	4.7
id-06235	3	2	26	3.6
id-06236	7	10	5	4.3
id-06237	6	6	20	3.6
id-06238	9	6	30	4.4
id-06239	8	3	10	3.3
id-06240	8	13	7	3.5
id-06241	5	8	27	4.5
id-06242	1	2	19	3.1
id-06243	1	2	22	3.3
id-06244	2	2	9	5.0
id-06245	7	2	8	4.1
id-06246	9	11	14	4.7
id-06247	10	3	4	3.6
id-06248	4	4	14	4.5
id-06249	7	7	16	3.9
id-06250	3	3	4	4.5
id-06251	4	4	5	4.0
id-06252	10	8	19	3.2
id-06253	7	7	21	4.6
id-06254	3	5	19	4.2
id-06255	1	2	10	3.8
id-06256	9	5	25	3.5
id-06257	10	9	10	3.8
id-06258	3	4	3	3.3
id-06259	5	9	27	4.6
id-06260	10	15	22	4.0
id-06261	9	11	26	3.4
id-06262	9	10	19	4.0
id-06263	4	3	5	3.2
id-06264	3	3	7	4.4
id-06265	1	2	7	4.9
id-06266	9	14	7	4.1
id-06267	10	7	1	3.3
id-06268	1	2	30	4.3
id-06269	5	5	12	4.5
id-06270	1	2	12	4.6
id-06271	5	9	3	4.1
id-06272	8	10	26	3.2
id-06273	1	2	23	4.9
id-06274	3	6	22	3.4
id-06275	5	4	20	5.0
id-06276	2	4	7	3.8
id-06277	9	18	25	3.5
id-06278	5	5	18	4.1
id-06279	9	12	28	4.1
id-06280	8	12	11	3.6
id-06281	4	8	13	3.2
id-06282	9	5	22	4.3
id-06283	9	10	8	3.0
id-06284	3	5	23	4.4
id-06285	3	3	21	3.5
id-06286	3	5	11	4.7
id-06287	7	3	7	4.6
id-06288	10	3	15	4.2
id-06289	3	6	26	4.3
id-06290	10	9	25	3.5
id-06291	8	7	24	3.6
id-06292	7	9	19	4.9
id-06293	5	9	13	3.9
id-06294	7	3	30	4.5
id-06295	8	2	17	4.8
id-06296	3	3	29	4.1
id-06297	10	17	10	3.5
id-06298	5	10	18	3.8
id-06299	3	4	11	5.0
id-06300	9	16	5	3.6
id-06301	5	8	22	5.0
id-06302	1	2	14	3.4
id-06303	1	2	1	4.3
id-06304	4	7	12	3.5
id-06305	3	5	7	4.9
id-06306	9	10	6	4.8
id-06307	2	2	13	3.1
id-06308	9	18	3	4.0
id-06309	9	9	17	5.0
id-06310	8	13	2	3.5
id-06311	5	2	20	3.3
id-06312	8	6	18	4.5
id-06313	8	3	14	4.1
id-06314	6	4	26	3.9
id-06315	4	5	2	3.6
id-06316	10	16	25	4.7
id-06317	9	2	26	3.3
id-06318	10	19	8	3.3
id-06319	6	2	19	3.8
id-06320	10	15	12	3.1
id-06321	7	3	16	4.1
id-06322	10	18	29	3.9
id-06323	1	2	14	3.3
id-06324	2	3	7	4.6
id-06325	9	11	13	4.1
id-06326	10	12	16	3.5
id-06327	7	3	4	3.1
id-06328	2	3	16	3.7
id-06329	7	13	24	3.9
id-06330	5	7	7	3.1
id-06331	7	10	18	4.6
id-06332	9	9	28	3.6
id-06333	3	3	6	4.5
id-06334	7	6	6	3.5
id-06335	7	11	7	3.5
id-06336	3	6	5	3.0
id-06337	8	16	8	3.8
id-06338	8	12	11	5.0
id-06339	7	10	29	4.4
id-06340	10	2	29	4.1
id-06341	3	5	30	4.1
id-06342	10	14	27	4.4
id-06343	5	6	26	3.8
id-06344	9	8	21	3.7
id-06345	10	20	22	4.4
id-06346	7	8	22	4.3
id-06347	1	2	27	4.3
id-06348	8	12	5	4.8
id-06349	7	2	25	3.8
id-06350	8	7	21	4.7
id-06351	2	3	13	4.4
id-06352	7	9	10	4.6
id-06353	6	5	15	4.1
id-06354	9	17	21	3.5
id-06355	3	6	27	3.7
id-06356	10	4	27	3.9
id-06357	5	7	2	5.0
id-06358	3	5	18	3.9
id-06359	5	2	16	3.2
id-06360	10	7	16	4.3
id-06361	10	10	27	4.7
id-06362	5	7	27	4.3
id-06363	2	4	14	3.1
id-06364	10	2	1	3.1
id-06365	10	2	27	3.0
id-06366	8	16	15	4.6
id-06367	7	4	2	4.5
id-06368	3	2	25	3.9
id-06369	7	14	3	4.0
id-06370	7	11	16	4.3
id-06371	1	2	6	4.7
id-06372	4	6	2	4.1
id-06373	9	13	16	3.5
id-06374	2	3	21	4.4
id-06375	3	4	2	3.9
id-06376	5	2	11	4.2
id-06377	8	3	13	4.5
id-06378	2	2	16	3.0
id-06379	5	5	2	4.1
id-06380	8	7	18	3.2
id-06381	3	5	7	3.0
id-06382	6	7	8	3.8
id-06383	2	3	1	3.1
id-06384	5	5	13	3.0
id-06385	10	10	9	3.9
id-06386	4	3	6	3.9
id-06387	1	2	23	4.8
id-06388	1	2	9	3.8
id-06389	4	2	8	5.0
id-06390	8	6	25	4.3
id-06391	7	3	14	4.0
id-06392	7	9	17	4.3
id-06393	2	3	25	3.5
id-06394	6	7	30	4.4
id-06395	6	7	27	3.2
id-06396	7	6	2	3.0
id-06397	1	2	30	4.4
id-06398	1	2	17	5.0
id-06399	4	8	21	3.1
id-06400	3	6	24	3.8
id-06401	6	5	2	4.7
id-06402	2	4	18	3.8
id-06403	2	4	12	3.4
id-06404	2	3	17	4.1
id-06405	4	3	25	3.5
id-06406	7	7	12	4.2
id-06407	10	15	3	3.5
id-06408	8	13	2	4.5
id-06409	3	5	18	3.5
id-06410	10	19	12	4.2
id-06411	1	2	7	3.2
id-06412	10	15	29	4.5
id-06413	7	14	21	3.8
id-06414	9	8	7	4.6
id-06415	5	10	30	5.0
id-06416	4	2	19	4.7
id-06417	4	3	17	3.4
id-06418	2	3	16	3.5
id-06419	1	2	29	3.4
id-06420	10	20	27	3.2
id-06421	10	12	13	3.9
id-06422	7	2	24	4.1
id-06423	3	6	16	4.7
id-06424	7	7	5	3.1
id-06425	5	6	16	4.7
id-06426	6	7	12	3.8
id-06427	6	11	27	3.6
id-06428	10	16	9	4.5
id-06429	3	5	20	3.2
id-06430	4	3	18	4.3
id-06431	9	11	18	3.8
id-06432	5	6	21	3.6
id-06433	3	6	17	3.0
id-06434	2	2	22	3.7
id-06435	5	9	9	4.2
id-06436	7	9	27	4.0
id-06437	8	8	21	4.8
id-06438	3	3	14	3.4
id-06439	5	4	23	4.5
id-06440	5	2	30	3.0
id-06441	3	5	27	4.0
id-06442	5	7	13	4.2
id-06443	4	3	16	3.6
id-06444	8	10	22	3.8
id-06445	5	8	7	3.1
id-06446	6	5	6	4.6
id-06447	3	3	7	3.1
id-06448	5	4	1	4.6
id-06449	5	5	26	4.3
id-06450	8	15	15	4.3
id-06451	10	6	28	4.9
id-06452	9	9	17	5.0
id-06453	6	2	15	4.3
id-06454	4	5	17	4.3
id-06455	4	2	1	3.8
id-06456	5	6	6	4.0
id-06457	7	13	5	3.7
id-06458	8	14	25	4.5
id-06459	5	6	25	4.4
id-06460	9	16	12	3.7
id-06461	5	2	25	4.7
id-06462	3	6	2	3.7
id-06463	10	17	21	3.8
id-06464	5	3	27	3.6
id-06465	10	12	21	4.3
id-06466	8	3	29	4.7
id-06467	7	3	17	4.6
id-06468	10	4	25	3.5
id-06469	4	5	20	4.8
id-06470	6	3	29	3.1
id-06471	8	11	13	4.2
id-06472	5	6	4	3.4
id-06473	7	11	28	4.5
id-06474	4	6	20	4.4
id-06475	2	3	3	4.5
id-06476	5	2	8	3.5
id-06477	9	7	15	3.8
id-06478	4	5	22	4.3
id-06479	1	2	20	4.1
id-06480	9	7	13	3.5
id-06481	9	17	5	3.0
id-06482	3	5	11	3.9
id-06483	9	10	14	3.9
id-06484	6	10	29	3.2
id-06485	8	11	29	3.4
id-06486	6	4	6	3.2
id-06487	2	3	18	4.2
id-06488	6	3	24	4.6
id-06489	2	2	20	4.5
id-06490	3	5	9	4.7
id-06491	1	2	7	4.6
id-06492	2	3	9	3.5
id-06493	2	2	29	4.6
id-06494	1	2	8	3.7
id-06495	6	8	25	3.3
id-06496	4	7	2	3.1
id-06497	10	11	22	3.4
id-06498	1	2	3	4.7
id-06499	10	2	12	4.5
id-06500	7	5	6	4.8
id-06501	4	4	9	3.6
id-06502	5	4	16	3.5
id-06503	8	10	9	3.2
id-06504	2	3	25	3.2
id-06505	7	7	30	3.6
id-06506	1	2	1	4.4
id-06507	4	3	28	3.4
id-06508	9	17	22	3.0
id-06509	3	4	9	4.7
id-06510	8	14	9	4.3
id-06511	8	7	2	3.6
id-06512	3	2	14	4.9
id-06513	8	6	6	4.7
id-06514	2	2	10	3.7
id-06515	3	3	26	3.6
id-06516	10	18	22	4.7
id-06517	1	2	30	3.4
id-06518	3	5	10	4.7
id-06519	8	2	14	3.7
id-06520	3	4	6	4.0
id-06521	3	4	11	3.0
id-06522	6	2	5	4.7
id-06523	5	2	22	4.9
id-06524	6	11	13	4.9
id-06525	7	8	30	4.1
id-06526	7	8	24	4.5
id-06527	8	2	1	4.4
id-06528	6	4	20	4.3
id-06529	6	3	8	3.1
id-06530	8	16	5	3.3
id-06531	2	2	27	3.9
id-06532	2	4	20	4.5
id-06533	3	3	3	4.5
id-06534	8	14	6	3.6
id-06535	5	5	5	3.6
id-06536	6	3	26	4.7
id-06537	2	3	3	4.2
id-06538	9	10	11	4.1
id-06539	6	11	25	4.8
id-06540	10	6	28	3.6
id-06541	8	14	23	4.1
id-06542	1	2	5	4.3
id-06543	1	2	16	3.5
id-06544	4	8	10	4.8
id-06545	2	4	22	3.5
id-06546	6	12	13	4.0
id-06547	5	5	28	3.1
id-06548	3	3	25	5.0
id-06549	6	5	18	4.9
id-06550	5	5	22	3.7
id-06551	10	4	26	4.0
id-06552	7	6	21	4.5
id-06553	5	2	25	3.9
id-06554	10	10	15	4.0
id-06555	7	7	29	4.1
id-06556	6	4	24	3.9
id-06557	7	12	24	4.0
id-06558	3	2	25	3.3
id-06559	8	4	4	4.7
id-06560	5	5	14	4.2
id-06561	2	4	6	4.8
id-06562	7	9	11	3.4
id-06563	7	3	7	4.1
id-06564	9	3	28	3.9
id-06565	4	8	6	3.3
id-06566	10	19	27	3.6
id-06567	2	3	5	4.2
id-06568	10	11	4	3.3
id-06569	3	6	9	4.9
id-06570	3	5	1	4.5
id-06571	9	17	1	4.4
id-06572	2	2	4	3.9
id-06573	10	9	17	3.9
id-06574	9	14	18	4.7
id-06575	10	8	20	4.4
id-06576	6	9	25	3.4
id-06577	7	3	15	4.5
id-06578	3	6	16	4.9
id-06579	4	7	21	4.4
id-06580	7	8	10	3.5
id-06581	3	4	8	4.0
id-06582	1	2	7	3.2
id-06583	6	8	5	4.1
id-06584	2	4	10	3.5
id-06585	1	2	22	4.0
id-06586	8	9	9	4.2
id-06587	5	4	2	4.3
id-06588	2	2	10	3.7
id-06589	3	2	23	4.6
id-06590	6	3	24	3.2
id-06591	10	17	5	4.1
id-06592	2	3	17	3.7
id-06593	2	4	29	4.3
id-06594	3	5	15	3.2
id-06595	4	6	2	3.4
id-06596	9	2	12	4.3
id-06597	4	8	14	4.6
id-06598	8	12	2	4.4
id-06599	2	3	14	4.5
id-06600	2	3	14	3.8
id-06601	5	6	26	3.5
id-06602	5	8	29	5.0
id-06603	4	3	29	4.2
id-06604	4	5	25	4.6
id-06605	4	7	9	4.3
id-06606	5	6	12	4.6
id-06607	5	7	29	3.0
id-06608	4	8	29	3.6
id-06609	7	13	12	3.2
id-06610	6	6	25	3.8
id-06611	8	4	5	4.0
id-06612	2	2	17	3.9
id-06613	1	2	15	3.2
id-06614	1	2	24	4.1
id-06615	1	2	3	3.9
id-06616	10	20	9	5.0
id-06617	4	6	15	3.7
id-06618	8	16	20	3.4
id-06619	7	4	10	4.5
id-06620	8	12	1	3.9
id-06621	2	4	5	4.9
id-06622	7	13	20	4.7
id-06623	6	5	14	4.4
id-06624	9	2	22	4.6
id-06625	1	2	6	4.7
id-06626	4	6	26	3.6
id-06627	9	4	29	3.5
id-06628	7	2	24	4.7
id-06629	8	9	11	4.6
id-06630	5	7	25	4.7
id-06631	5	5	3	4.0
id-06632	10	12	15	3.5
id-06633	6	5	10	4.4
id-06634	7	11	4	4.8
id-06635	4	7	8	4.9
id-06636	5	10	29	4.6
id-06637	6	10	3	4.3
id-06638	1	2	4	3.7
id-06639	7	13	3	4.4
id-06640	3	2	8	4.8
id-06641	7	3	28	4.1
id-06642	4	7	2	4.3
id-06643	8	8	24	4.0
id-06644	2	4	4	4.6
id-06645	10	18	15	3.6
id-06646	7	8	12	4.4
id-06647	2	4	13	4.7
id-06648	1	2	13	3.5
id-06649	4	2	14	4.6
id-06650	4	4	28	4.1
id-06651	1	2	3	4.0
id-06652	7	4	13	4.1
id-06653	3	5	18	4.9
id-06654	8	6	18	4.1
id-06655	6	11	10	4.1
id-06656	3	4	30	4.2
id-06657	3	5	24	4.2
id-06658	7	11	1	4.5
id-06659	4	2	19	4.2
id-06660	10	12	19	3.5
id-06661	8	15	28	3.5
id-06662	10	15	16	4.3
id-06663	2	3	29	3.7
id-06664	7	11	9	4.8
id-06665	2	2	1	4.5
id-06666	2	2	13	3.9
id-06667	1	2	11	4.0
id-06668	8	4	13	3.1
id-06669	1	2	15	4.0
id-06670	4	6	28	3.0
id-06671	5	5	2	4.6
id-06672	7	5	10	3.7
id-06673	10	5	12	4.4
id-06674	9	15	21	4.5
id-06675	9	10	2	4.8
id-06676	9	15	7	3.8
id-06677	8	14	29	3.7
id-06678	7	3	27	4.8
id-06679	3	5	8	4.1
id-06680	1	2	17	4.7
id-06681	6	4	27	3.5
id-06682	1	2	23	3.2
id-06683	4	6	10	3.0
id-06684	3	4	28	3.2
id-06685	1	2	7	4.8
id-06686	8	15	3	3.8
id-06687	2	4	17	3.2
id-06688	3	6	16	3.1
id-06689	10	3	25	4.0
id-06690	2	4	14	3.0
id-06691	7	8	15	3.9
id-06692	4	5	29	4.6
id-06693	8	7	20	4.8
id-06694	10	9	6	4.2
id-06695	1	2	23	3.9
id-06696	4	4	6	4.5
id-06697	5	3	29	3.8
id-06698	1	2	5	3.1
id-06699	9	8	21	4.2
id-06700	5	6	19	5.0
id-06701	4	5	25	4.9
id-06702	10	19	16	3.7
id-06703	1	2	1	4.7
id-06704	6	11	6	4.6
id-06705	2	3	18	3.2
id-06706	3	4	15	4.4
id-06707	3	4	20	3.7
id-06708	9	17	22	4.4
id-06709	7	9	10	4.0
id-06710	6	7	21	4.2
id-06711	7	7	19	4.7
id-06712	2	3	4	4.8
id-06713	10	8	9	4.5
id-06714	10	17	7	4.6
id-06715	8	5	26	3.4
id-06716	5	4	12	4.1
id-06717	3	5	25	3.6
id-06718	8	2	13	4.9
id-06719	8	15	7	4.0
id-06720	9	2	30	4.1
id-06721	1	2	15	4.7
id-06722	1	2	16	3.9
id-06723	9	16	8	3.8
id-06724	5	8	4	4.0
id-06725	1	2	24	3.4
id-06726	4	6	8	4.8
id-06727	4	2	30	3.9
id-06728	6	3	3	4.9
id-06729	7	4	16	4.6
id-06730	8	13	26	3.1
id-06731	6	3	29	4.7
id-06732	4	4	21	4.7
id-06733	5	7	18	4.1
id-06734	2	3	13	3.7
id-06735	4	7	7	4.4
id-06736	9	15	17	3.5
id-06737	2	3	22	4.5
id-06738	4	3	3	4.9
id-06739	1	2	1	3.8
id-06740	1	2	4	4.2
id-06741	4	4	7	4.9
id-06742	8	13	6	3.1
id-06743	10	6	5	3.6
id-06744	2	2	16	3.4
id-06745	9	18	21	3.5
id-06746	2	2	20	4.4
id-06747	2	3	21	4.4
id-06748	2	3	30	4.6
id-06749	2	4	30	4.5
id-06750	1	2	7	3.1
id-06751	2	2	1	4.2
id-06752	4	6	28	3.5
id-06753	1	2	2	3.5
id-06754	9	10	10	3.3
id-06755	10	14	19	4.4
id-06756	7	4	12	3.5
id-06757	1	2	3	3.5
id-06758	2	4	19	3.9
id-06759	3	4	23	3.5
id-06760	8	6	1	4.6
id-06761	8	13	13	3.0
id-06762	4	6	28	4.4
id-06763	8	14	1	4.8
id-06764	10	9	13	3.7
id-06765	10	11	27	3.0
id-06766	8	16	24	4.9
id-06767	4	8	28	4.7
id-06768	6	8	14	3.2
id-06769	10	2	25	3.3
id-06770	8	7	7	4.8
id-06771	4	6	2	3.7
id-06772	7	6	27	4.7
id-06773	6	9	12	3.6
id-06774	8	8	17	3.8
id-06775	10	5	11	4.3
id-06776	10	9	25	4.7
id-06777	1	2	7	3.9
id-06778	6	9	1	4.8
id-06779	7	2	18	3.8
id-06780	1	2	2	3.9
id-06781	6	4	15	4.2
id-06782	9	2	1	4.4
id-06783	2	4	29	5.0
id-06784	5	2	15	4.1
id-06785	7	10	5	4.8
id-06786	6	7	5	4.7
id-06787	9	7	28	5.0
id-06788	8	7	28	4.9
id-06789	5	6	22	4.5
id-06790	1	2	8	4.1
id-06791	3	6	15	4.5
id-06792	5	9	15	4.8
id-06793	2	3	4	3.9
id-06794	10	20	8	3.2
id-06795	6	6	3	3.6
id-06796	9	18	7	4.1
id-06797	4	3	10	3.4
id-06798	2	4	22	4.3
id-06799	1	2	12	4.5
id-06800	9	3	15	4.7
id-06801	3	3	12	4.8
id-06802	3	6	18	3.7
id-06803	5	7	26	4.9
id-06804	3	3	18	3.0
id-06805	5	7	22	4.0
id-06806	10	5	4	4.5
id-06807	7	13	7	3.5
id-06808	10	19	24	3.7
id-06809	8	8	28	4.1
id-06810	6	6	2	4.5
id-06811	3	6	28	4.3
id-06812	8	13	15	4.8
id-06813	4	4	3	4.2
id-06814	1	2	1	4.1
id-06815	9	18	18	4.1
id-06816	5	9	11	3.8
id-06817	1	2	6	3.4
id-06818	9	12	8	3.6
id-06819	9	8	19	4.1
id-06820	7	12	21	4.8
id-06821	5	8	5	4.3
id-06822	4	2	2	3.9
id-06823	8	14	24	4.5
id-06824	2	3	8	3.1
id-06825	5	4	10	3.5
id-06826	7	6	17	4.4
id-06827	6	11	17	4.2
id-06828	6	11	27	3.8
id-06829	9	9	2	4.0
id-06830	1	2	29	4.0
id-06831	10	17	22	3.2
id-06832	5	10	12	4.6
id-06833	4	4	20	4.4
id-06834	5	10	30	3.2
id-06835	1	2	8	4.3
id-06836	1	2	18	3.7
id-06837	10	14	18	4.1
id-06838	9	17	9	4.8
id-06839	4	3	19	3.4
id-06840	6	5	29	4.5
id-06841	7	4	12	3.0
id-06842	4	7	9	4.4
id-06843	6	7	11	3.9
id-06844	8	9	19	3.1
id-06845	1	2	3	3.9
id-06846	3	2	18	3.7
id-06847	9	6	1	4.8
id-06848	6	12	6	3.1
id-06849	10	5	24	4.7
id-06850	4	5	5	4.1
id-06851	7	10	21	4.3
id-06852	3	2	5	3.6
id-06853	3	4	4	4.1
id-06854	5	8	21	4.5
id-06855	2	3	11	4.0
id-06856	1	2	7	3.1
id-06857	10	13	21	4.2
id-06858	1	2	21	4.8
id-06859	9	3	29	4.9
id-06860	10	17	23	4.2
id-06861	7	2	3	3.7
id-06862	2	2	7	5.0
id-06863	9	15	19	3.8
id-06864	8	5	15	4.1
id-06865	2	3	5	4.2
id-06866	3	2	3	4.5
id-06867	10	15	15	4.3
id-06868	6	6	8	3.9
id-06869	3	5	13	4.5
id-06870	10	7	29	4.8
id-06871	5	9	27	3.7
id-06872	6	8	10	4.9
id-06873	1	2	15	3.9
id-06874	1	2	27	3.8
id-06875	1	2	8	4.9
id-06876	6	11	12	3.7
id-06877	6	11	1	4.2
id-06878	8	14	26	3.0
id-06879	6	4	30	4.7
id-06880	5	5	11	4.3
id-06881	9	13	4	4.3
id-06882	1	2	9	4.4
id-06883	2	2	7	3.6
id-06884	8	6	10	4.5
id-06885	8	15	8	4.7
id-06886	7	4	16	3.2
id-06887	10	11	28	4.2
id-06888	4	6	24	3.4
id-06889	2	4	27	4.1
id-06890	3	3	26	3.5
id-06891	7	10	2	4.4
id-06892	9	6	15	3.2
id-06893	1	2	12	3.3
id-06894	3	4	4	3.2
id-06895	4	7	12	4.2
id-06896	7	8	5	4.8
id-06897	10	14	7	4.8
id-06898	9	2	17	4.7
id-06899	3	6	29	4.5
id-06900	3	6	11	3.1
id-06901	10	13	15	4.7
id-06902	3	6	25	4.2
id-06903	5	9	2	3.6
id-06904	5	5	29	3.6
id-06905	8	2	5	3.1
id-06906	10	3	25	3.4
id-06907	9	3	3	3.6
id-06908	9	9	25	3.2
id-06909	5	7	5	4.7
id-06910	5	8	18	3.1
id-06911	4	4	17	3.7
id-06912	6	4	19	3.9
id-06913	2	4	30	3.2
id-06914	4	5	19	4.4
id-06915	7	3	26	4.8
id-06916	3	5	2	4.7
id-06917	2	2	11	3.2
id-06918	6	9	30	4.6
id-06919	1	2	15	4.1
id-06920	3	6	29	3.0
id-06921	10	10	12	4.0
id-06922	10	5	9	4.4
id-06923	5	2	13	4.5
id-06924	8	14	3	3.2
id-06925	7	7	22	3.9
id-06926	9	5	15	4.7
id-06927	10	18	10	3.0
id-06928	5	5	23	3.3
id-06929	2	4	22	4.8
id-06930	7	5	20	3.7
id-06931	8	8	24	3.8
id-06932	4	3	29	3.7
id-06933	8	13	8	4.8
id-06934	8	5	4	3.2
id-06935	5	9	14	3.3
id-06936	9	14	4	4.6
id-06937	3	4	24	3.8
id-06938	5	6	3	3.6
id-06939	2	3	22	3.3
id-06940	1	2	6	3.0
id-06941	2	4	16	4.6
id-06942	8	7	1	3.5
id-06943	8	8	2	3.0
id-06944	5	2	14	3.3
id-06945	6	3	12	3.2
id-06946	2	3	17	4.9
id-06947	10	15	11	3.5
id-06948	4	8	20	4.4
id-06949	10	18	20	4.8
id-06950	1	2	7	4.7
id-06951	3	2	14	3.8
id-06952	9	14	8	3.5
id-06953	10	5	16	3.9
id-06954	9	5	15	3.7
id-06955	9	11	15	4.7
id-06956	1	2	20	3.6
id-06957	5	9	20	3.4
id-06958	10	16	7	4.8
id-06959	3	2	7	4.4
id-06960	6	7	27	3.9
id-06961	8	13	10	4.2
id-06962	4	8	24	3.6
id-06963	7	14	29	4.9
id-06964	4	2	8	3.6
id-06965	5	6	24	3.2
id-06966	5	5	29	3.8
id-06967	1	2	9	3.8
id-06968	1	2	22	4.4
id-06969	1	2	8	3.8
id-06970	9	4	22	4.8
id-06971	9	13	18	4.3
id-06972	5	7	6	4.3
id-06973	6	5	10	3.9
id-06974	4	5	15	3.5
id-06975	8	3	29	3.7
id-06976	10	10	8	3.1
id-06977	2	3	14	4.3
id-06978	8	2	9	3.7
id-06979	1	2	22	3.8
id-06980	8	9	29	3.4
id-06981	1	2	3	3.9
id-06982	8	15	30	3.4
id-06983	8	16	17	3.6
id-06984	4	7	25	3.1
id-06985	10	9	1	3.2
id-06986	7	6	18	3.9
id-06987	10	4	1	3.6
id-06988	8	12	28	4.8
id-06989	6	9	17	3.4
id-06990	1	2	5	4.9
id-06991	8	15	4	4.1
id-06992	9	9	7	4.4
id-06993	1	2	24	4.3
id-06994	4	6	22	4.0
id-06995	2	4	29	4.6
id-06996	9	3	18	4.2
id-06997	6	6	5	4.7
id-06998	7	6	14	3.1
id-06999	5	3	14	4.8
id-07000	9	4	11	3.8
id-07001	10	7	16	3.1
id-07002	8	8	29	4.7
id-07003	8	13	23	3.5
id-07004	9	16	3	3.9
id-07005	8	4	5	3.5
id-07006	3	3	6	3.7
id-07007	3	5	16	3.3
id-07008	3	5	29	4.0
id-07009	7	9	25	4.3
id-07010	1	2	7	4.3
id-07011	3	5	27	4.8
id-07012	7	5	14	3.4
id-07013	3	6	7	3.8
id-07014	4	6	15	3.0
id-07015	3	3	16	3.9
id-07016	7	2	2	4.0
id-07017	6	4	6	3.9
id-07018	3	3	30	3.7
id-07019	10	12	2	3.6
id-07020	4	6	14	4.3
id-07021	6	9	14	4.1
id-07022	7	9	11	4.3
id-07023	1	2	8	4.0
id-07024	8	4	8	3.3
id-07025	5	7	20	3.2
id-07026	8	8	21	3.5
id-07027	1	2	13	3.3
id-07028	8	9	2	3.3
id-07029	10	8	11	4.9
id-07030	5	2	10	3.6
id-07031	2	3	1	3.6
id-07032	2	3	28	4.3
id-07033	6	6	9	3.8
id-07034	1	2	1	3.9
id-07035	2	3	20	4.8
id-07036	8	11	7	4.1
id-07037	9	7	8	4.7
id-07038	5	10	7	3.6
id-07039	9	2	12	4.9
id-07040	1	2	18	4.7
id-07041	8	3	24	5.0
id-07042	5	7	16	3.9
id-07043	7	11	11	4.7
id-07044	8	10	2	3.3
id-07045	8	4	7	3.6
id-07046	5	9	16	3.6
id-07047	10	19	9	4.8
id-07048	2	3	2	4.9
id-07049	1	2	22	3.6
id-07050	7	12	15	3.3
id-07051	6	5	25	3.8
id-07052	5	3	23	4.2
id-07053	5	5	3	4.7
id-07054	3	6	18	4.1
id-07055	5	2	19	3.0
id-07056	10	14	30	4.4
id-07057	5	2	27	4.8
id-07058	10	19	22	4.5
id-07059	7	9	26	4.6
id-07060	2	2	13	4.4
id-07061	4	5	23	3.4
id-07062	5	2	9	3.6
id-07063	5	6	26	3.8
id-07064	6	5	23	3.0
id-07065	1	2	30	4.6
id-07066	3	5	4	3.3
id-07067	5	7	22	4.3
id-07068	4	4	16	3.4
id-07069	2	3	4	4.8
id-07070	2	2	17	4.3
id-07071	8	10	25	3.1
id-07072	10	3	10	4.2
id-07073	2	2	17	4.4
id-07074	4	8	21	4.1
id-07075	10	17	5	4.0
id-07076	4	4	12	3.0
id-07077	3	6	7	3.0
id-07078	10	6	1	3.6
id-07079	2	2	29	4.1
id-07080	5	10	11	3.3
id-07081	2	3	2	4.6
id-07082	1	2	8	4.8
id-07083	5	6	24	4.4
id-07084	7	9	4	3.5
id-07085	2	4	24	4.7
id-07086	6	3	7	4.4
id-07087	2	2	28	3.3
id-07088	5	2	2	4.7
id-07089	5	9	13	5.0
id-07090	3	3	12	4.5
id-07091	3	2	7	4.6
id-07092	7	3	8	3.5
id-07093	2	3	25	4.4
id-07094	6	6	5	3.8
id-07095	4	2	25	4.2
id-07096	1	2	8	4.2
id-07097	6	3	27	3.8
id-07098	9	13	2	4.7
id-07099	9	8	8	3.9
id-07100	6	2	16	4.2
id-07101	6	11	24	4.8
id-07102	3	4	26	4.5
id-07103	9	8	26	3.3
id-07104	9	11	8	4.5
id-07105	6	5	3	3.5
id-07106	9	14	24	4.0
id-07107	4	6	7	4.6
id-07108	3	3	1	3.5
id-07109	8	16	25	3.9
id-07110	7	6	21	3.9
id-07111	6	10	7	4.4
id-07112	6	8	1	4.7
id-07113	7	4	25	4.2
id-07114	3	3	30	5.0
id-07115	2	4	7	4.6
id-07116	7	7	30	4.9
id-07117	8	13	30	4.9
id-07118	5	8	12	3.4
id-07119	1	2	5	3.6
id-07120	3	3	18	5.0
id-07121	3	6	27	4.5
id-07122	2	4	15	4.5
id-07123	1	2	10	3.8
id-07124	9	9	16	3.4
id-07125	2	3	5	4.5
id-07126	4	3	29	3.8
id-07127	9	4	8	4.4
id-07128	3	5	2	3.3
id-07129	7	10	18	3.3
id-07130	7	10	25	3.3
id-07131	1	2	11	4.7
id-07132	2	3	29	3.4
id-07133	5	7	20	4.0
id-07134	1	2	25	4.2
id-07135	4	3	30	3.6
id-07136	6	9	9	3.7
id-07137	9	11	21	4.8
id-07138	5	10	18	3.2
id-07139	8	5	26	3.0
id-07140	1	2	25	3.4
id-07141	5	8	6	4.6
id-07142	10	20	18	3.5
id-07143	6	6	12	4.3
id-07144	9	10	22	4.0
id-07145	9	3	18	4.7
id-07146	1	2	3	3.1
id-07147	4	7	25	3.3
id-07148	6	9	7	3.6
id-07149	3	5	2	4.0
id-07150	6	10	30	3.2
id-07151	3	2	22	4.2
id-07152	6	3	17	3.1
id-07153	3	4	13	3.2
id-07154	9	8	3	3.6
id-07155	9	10	2	3.4
id-07156	9	8	27	3.7
id-07157	7	13	21	3.6
id-07158	10	19	24	4.5
id-07159	4	2	26	4.3
id-07160	5	5	3	4.4
id-07161	8	3	4	4.0
id-07162	1	2	3	4.0
id-07163	3	6	9	4.8
id-07164	10	20	16	3.5
id-07165	9	9	18	4.0
id-07166	1	2	24	3.8
id-07167	1	2	30	3.8
id-07168	9	2	14	4.0
id-07169	1	2	28	4.4
id-07170	10	16	7	3.1
id-07171	1	2	30	4.9
id-07172	7	3	4	3.9
id-07173	5	5	30	4.2
id-07174	8	4	30	3.6
id-07175	3	4	5	5.0
id-07176	2	4	20	4.1
id-07177	9	8	29	3.2
id-07178	2	4	20	3.4
id-07179	5	6	26	3.0
id-07180	6	12	11	3.6
id-07181	9	3	25	3.4
id-07182	9	12	3	3.9
id-07183	2	4	12	3.0
id-07184	1	2	12	4.0
id-07185	1	2	9	3.6
id-07186	4	3	6	4.1
id-07187	3	5	12	4.3
id-07188	1	2	19	4.3
id-07189	3	2	13	3.3
id-07190	4	3	8	4.6
id-07191	6	10	2	3.6
id-07192	7	3	3	4.5
id-07193	3	2	15	3.3
id-07194	7	13	7	4.6
id-07195	4	2	12	4.3
id-07196	6	8	14	4.3
id-07197	1	2	5	3.3
id-07198	6	12	29	4.7
id-07199	6	4	26	5.0
id-07200	9	6	6	5.0
id-07201	8	7	6	4.3
id-07202	1	2	3	4.5
id-07203	9	2	28	3.8
id-07204	5	2	10	4.0
id-07205	2	4	6	3.2
id-07206	6	5	7	4.4
id-07207	8	9	19	3.1
id-07208	4	2	8	4.8
id-07209	9	3	20	3.8
id-07210	9	15	1	4.4
id-07211	6	4	24	4.6
id-07212	5	5	19	3.1
id-07213	1	2	27	3.2
id-07214	1	2	15	3.4
id-07215	3	2	3	3.5
id-07216	6	4	28	4.0
id-07217	3	3	22	3.7
id-07218	5	9	25	4.2
id-07219	9	16	2	3.4
id-07220	3	6	15	4.6
id-07221	4	5	20	3.6
id-07222	4	4	16	3.7
id-07223	6	4	19	4.4
id-07224	8	13	16	4.5
id-07225	6	11	6	4.6
id-07226	10	17	8	3.3
id-07227	10	3	5	3.3
id-07228	8	14	12	4.5
id-07229	1	2	4	3.3
id-07230	8	3	29	4.5
id-07231	9	11	24	3.4
id-07232	5	8	11	3.0
id-07233	6	3	18	3.4
id-07234	7	9	21	3.9
id-07235	10	17	27	4.7
id-07236	10	20	25	4.9
id-07237	1	2	5	3.9
id-07238	4	8	20	4.2
id-07239	8	11	17	4.6
id-07240	7	3	25	4.5
id-07241	4	6	29	3.1
id-07242	3	3	1	4.4
id-07243	7	10	13	5.0
id-07244	6	9	20	3.6
id-07245	10	14	16	3.2
id-07246	4	5	14	4.8
id-07247	10	12	10	3.2
id-07248	1	2	5	4.1
id-07249	2	3	28	3.9
id-07250	8	8	16	3.2
id-07251	3	5	13	5.0
id-07252	1	2	7	3.1
id-07253	6	6	30	3.5
id-07254	3	3	28	3.1
id-07255	4	5	10	3.5
id-07256	2	4	29	4.1
id-07257	7	5	3	4.7
id-07258	7	10	10	3.1
id-07259	2	4	25	4.5
id-07260	6	6	19	4.4
id-07261	1	2	4	4.5
id-07262	4	5	24	4.7
id-07263	7	10	12	3.6
id-07264	4	7	9	4.3
id-07265	4	6	21	3.9
id-07266	4	7	20	3.3
id-07267	2	2	22	4.6
id-07268	4	8	8	3.7
id-07269	4	2	17	4.2
id-07270	9	13	5	3.6
id-07271	8	3	27	4.5
id-07272	6	4	2	4.1
id-07273	7	7	15	4.0
id-07274	5	5	12	5.0
id-07275	7	5	9	4.4
id-07276	10	10	6	3.1
id-07277	10	16	10	3.2
id-07278	2	4	1	3.7
id-07279	2	2	19	4.0
id-07280	2	3	25	3.4
id-07281	9	5	23	4.3
id-07282	3	4	22	4.6
id-07283	8	11	19	3.0
id-07284	6	6	7	3.0
id-07285	7	12	2	4.5
id-07286	4	4	4	4.1
id-07287	4	5	13	4.5
id-07288	9	15	16	3.4
id-07289	8	7	19	3.1
id-07290	1	2	16	4.5
id-07291	5	2	14	4.9
id-07292	1	2	20	3.0
id-07293	4	8	15	4.7
id-07294	5	3	27	3.1
id-07295	3	6	2	3.5
id-07296	5	3	17	3.6
id-07297	5	2	21	4.5
id-07298	8	11	7	3.2
id-07299	10	6	16	3.2
id-07300	9	3	29	3.3
id-07301	5	10	13	4.4
id-07302	3	4	11	5.0
id-07303	5	9	13	3.2
id-07304	2	3	19	3.8
id-07305	5	5	3	4.1
id-07306	6	6	8	3.7
id-07307	5	8	27	3.8
id-07308	7	9	18	4.6
id-07309	5	5	13	4.4
id-07310	5	7	7	3.9
id-07311	5	5	12	4.8
id-07312	8	4	29	4.7
id-07313	9	16	8	3.1
id-07314	3	2	8	3.8
id-07315	3	6	21	4.7
id-07316	1	2	19	3.4
id-07317	1	2	20	4.0
id-07318	5	7	18	4.7
id-07319	3	4	30	4.5
id-07320	4	4	16	3.1
id-07321	10	15	4	3.0
id-07322	7	4	24	3.3
id-07323	10	8	6	3.1
id-07324	4	4	16	4.0
id-07325	4	4	18	4.6
id-07326	6	3	18	3.6
id-07327	7	3	5	3.9
id-07328	7	2	13	3.1
id-07329	2	4	13	3.9
id-07330	4	4	19	3.7
id-07331	9	16	12	4.3
id-07332	7	11	20	4.0
id-07333	4	3	15	3.1
id-07334	8	8	24	3.8
id-07335	2	3	7	4.8
id-07336	2	3	11	3.8
id-07337	8	3	11	3.1
id-07338	9	8	28	3.5
id-07339	2	4	12	4.1
id-07340	1	2	4	4.6
id-07341	10	16	25	3.5
id-07342	10	3	14	3.6
id-07343	5	8	21	3.9
id-07344	8	16	26	3.6
id-07345	1	2	25	4.9
id-07346	1	2	2	4.6
id-07347	7	10	8	3.1
id-07348	4	8	10	3.9
id-07349	8	2	5	4.7
id-07350	6	4	29	4.9
id-07351	9	10	22	4.6
id-07352	6	8	30	4.5
id-07353	7	7	27	3.2
id-07354	9	18	26	4.5
id-07355	6	3	23	3.2
id-07356	1	2	17	4.2
id-07357	7	13	24	3.5
id-07358	1	2	11	4.1
id-07359	7	9	22	4.2
id-07360	3	6	4	3.5
id-07361	4	2	18	3.5
id-07362	1	2	23	3.3
id-07363	1	2	25	3.4
id-07364	6	5	12	3.2
id-07365	9	10	12	3.1
id-07366	3	3	11	5.0
id-07367	10	20	7	4.0
id-07368	8	5	11	4.1
id-07369	4	2	8	4.8
id-07370	5	2	25	3.9
id-07371	6	8	15	4.4
id-07372	10	13	28	4.9
id-07373	2	3	5	3.5
id-07374	9	10	25	3.7
id-07375	6	5	17	4.0
id-07376	3	4	7	4.3
id-07377	7	14	1	3.7
id-07378	10	19	1	3.2
id-07379	8	11	16	4.0
id-07380	4	6	28	3.1
id-07381	1	2	6	4.0
id-07382	10	18	30	3.8
id-07383	10	18	11	4.5
id-07384	9	12	23	3.4
id-07385	7	3	1	4.1
id-07386	10	18	28	3.3
id-07387	4	3	23	4.2
id-07388	9	17	4	3.9
id-07389	1	2	19	3.2
id-07390	10	8	13	4.7
id-07391	1	2	6	4.0
id-07392	5	3	8	3.3
id-07393	7	2	21	4.9
id-07394	10	2	14	4.8
id-07395	7	7	15	4.0
id-07396	9	16	18	4.5
id-07397	4	2	15	3.1
id-07398	9	14	28	4.2
id-07399	9	2	30	4.1
id-07400	6	4	12	4.8
id-07401	7	5	18	4.8
id-07402	7	11	11	4.3
id-07403	6	3	21	4.8
id-07404	2	3	12	4.9
id-07405	7	3	15	3.7
id-07406	4	5	27	3.2
id-07407	9	9	18	4.0
id-07408	4	8	1	4.6
id-07409	2	3	10	4.9
id-07410	9	5	22	4.1
id-07411	6	6	22	3.7
id-07412	6	11	5	3.7
id-07413	10	13	16	3.7
id-07414	9	2	1	5.0
id-07415	1	2	5	3.7
id-07416	1	2	11	4.6
id-07417	3	4	18	3.2
id-07418	3	5	9	3.2
id-07419	2	3	28	4.3
id-07420	8	11	13	3.8
id-07421	6	11	8	4.4
id-07422	8	5	8	3.9
id-07423	6	12	22	3.3
id-07424	3	5	26	3.8
id-07425	9	11	2	3.3
id-07426	3	2	19	3.2
id-07427	6	6	30	5.0
id-07428	10	2	17	3.1
id-07429	7	6	5	4.1
id-07430	4	6	30	4.4
id-07431	9	13	19	4.5
id-07432	1	2	12	3.8
id-07433	8	16	8	4.8
id-07434	5	9	21	3.8
id-07435	7	5	2	4.3
id-07436	6	3	15	3.9
id-07437	10	5	3	3.5
id-07438	3	2	30	3.2
id-07439	7	9	12	4.0
id-07440	5	5	14	4.5
id-07441	8	3	30	4.8
id-07442	10	4	12	3.1
id-07443	1	2	14	4.7
id-07444	5	5	29	3.1
id-07445	9	2	27	4.0
id-07446	8	12	8	4.0
id-07447	8	9	12	3.7
id-07448	10	16	4	3.1
id-07449	3	4	2	4.3
id-07450	2	3	10	4.2
id-07451	6	9	27	4.9
id-07452	2	4	3	3.1
id-07453	9	15	27	3.1
id-07454	8	14	3	4.6
id-07455	3	4	22	3.6
id-07456	7	3	9	4.6
id-07457	6	11	23	3.2
id-07458	3	3	10	3.1
id-07459	3	5	3	3.6
id-07460	9	17	25	4.7
id-07461	4	7	6	3.5
id-07462	10	3	7	4.1
id-07463	7	12	23	4.2
id-07464	3	4	13	3.8
id-07465	10	2	12	3.9
id-07466	1	2	3	3.8
id-07467	10	2	7	3.6
id-07468	5	3	8	4.7
id-07469	9	4	23	3.2
id-07470	3	5	20	3.9
id-07471	5	6	18	3.2
id-07472	5	3	21	3.8
id-07473	5	2	25	4.2
id-07474	6	5	23	3.9
id-07475	8	10	11	3.5
id-07476	8	2	4	3.7
id-07477	8	13	16	3.9
id-07478	5	9	29	4.7
id-07479	10	8	26	3.4
id-07480	6	5	25	4.5
id-07481	1	2	16	4.7
id-07482	7	14	26	3.4
id-07483	3	6	15	3.5
id-07484	10	12	25	4.1
id-07485	3	2	28	4.9
id-07486	4	7	11	4.8
id-07487	9	10	7	3.5
id-07488	8	11	14	4.0
id-07489	5	2	13	3.7
id-07490	9	11	20	4.6
id-07491	4	3	1	4.4
id-07492	9	2	18	3.1
id-07493	2	2	15	3.9
id-07494	8	3	18	3.2
id-07495	1	2	29	4.6
id-07496	3	2	16	3.5
id-07497	6	4	6	3.3
id-07498	1	2	30	3.7
id-07499	10	9	30	3.0
id-07500	1	2	11	4.8
id-07501	1	2	14	4.6
id-07502	7	8	8	3.3
id-07503	2	3	25	3.1
id-07504	1	2	30	4.9
id-07505	3	2	14	5.0
id-07506	9	15	27	3.0
id-07507	6	8	3	4.6
id-07508	2	4	6	3.7
id-07509	3	6	24	3.9
id-07510	4	5	5	3.7
id-07511	3	6	21	3.9
id-07512	4	3	9	4.2
id-07513	2	3	18	3.1
id-07514	8	16	15	3.2
id-07515	6	6	3	4.5
id-07516	4	2	7	3.2
id-07517	8	6	3	3.4
id-07518	2	2	22	4.5
id-07519	5	7	4	4.3
id-07520	1	2	3	4.0
id-07521	6	12	10	4.7
id-07522	7	6	29	3.1
id-07523	1	2	15	4.3
id-07524	9	6	15	4.8
id-07525	5	7	13	4.8
id-07526	1	2	26	3.8
id-07527	4	7	1	3.1
id-07528	2	2	8	3.5
id-07529	3	4	29	3.5
id-07530	5	8	25	3.7
id-07531	8	9	20	3.7
id-07532	9	17	29	3.2
id-07533	1	2	2	4.0
id-07534	4	5	28	3.7
id-07535	4	2	20	3.4
id-07536	10	6	21	3.5
id-07537	5	4	13	3.4
id-07538	10	5	5	3.2
id-07539	10	13	19	4.9
id-07540	6	11	29	4.4
id-07541	7	10	7	4.0
id-07542	5	10	22	3.4
id-07543	8	7	24	4.7
id-07544	4	6	11	4.7
id-07545	2	3	8	3.2
id-07546	9	4	8	4.7
id-07547	8	5	15	4.0
id-07548	8	9	23	3.1
id-07549	3	3	17	3.1
id-07550	6	10	29	4.6
id-07551	7	2	22	3.8
id-07552	5	6	7	3.1
id-07553	6	10	2	5.0
id-07554	2	4	3	4.8
id-07555	4	3	30	4.6
id-07556	9	7	26	3.3
id-07557	1	2	3	3.4
id-07558	2	3	7	3.7
id-07559	7	6	26	4.5
id-07560	2	3	8	4.8
id-07561	3	6	11	4.6
id-07562	6	3	8	3.7
id-07563	8	7	14	3.6
id-07564	2	3	27	3.5
id-07565	8	4	24	4.6
id-07566	5	5	7	4.9
id-07567	1	2	29	3.3
id-07568	7	10	11	3.3
id-07569	6	7	3	3.7
id-07570	1	2	9	3.1
id-07571	4	8	24	3.0
id-07572	2	4	11	3.8
id-07573	6	7	1	4.4
id-07574	2	4	15	3.7
id-07575	9	6	17	4.3
id-07576	7	5	1	4.6
id-07577	7	8	12	4.1
id-07578	1	2	26	4.7
id-07579	3	6	30	3.8
id-07580	4	6	22	4.1
id-07581	4	2	30	4.3
id-07582	8	7	12	4.5
id-07583	5	7	11	3.2
id-07584	3	2	30	3.8
id-07585	10	14	22	5.0
id-07586	4	7	22	4.4
id-07587	7	10	10	4.9
id-07588	7	11	1	4.2
id-07589	6	3	24	4.5
id-07590	4	5	2	3.9
id-07591	8	14	10	3.2
id-07592	6	11	29	3.8
id-07593	4	3	9	4.9
id-07594	5	8	20	4.2
id-07595	3	6	24	4.6
id-07596	6	4	29	3.2
id-07597	6	10	6	3.8
id-07598	5	2	26	3.7
id-07599	7	4	11	4.9
id-07600	9	15	23	4.2
id-07601	5	4	18	4.3
id-07602	1	2	16	3.5
id-07603	10	10	9	4.7
id-07604	10	18	13	4.3
id-07605	6	8	13	4.7
id-07606	5	6	18	3.9
id-07607	3	3	9	4.4
id-07608	2	4	28	3.7
id-07609	6	7	30	4.2
id-07610	10	13	4	3.2
id-07611	9	15	7	4.0
id-07612	4	2	13	5.0
id-07613	6	6	30	4.7
id-07614	2	3	14	4.9
id-07615	2	2	13	3.8
id-07616	2	4	4	4.3
id-07617	7	3	4	4.1
id-07618	5	2	2	3.8
id-07619	10	17	16	3.4
id-07620	4	2	14	4.5
id-07621	1	2	25	3.2
id-07622	7	2	16	3.3
id-07623	8	12	5	3.7
id-07624	7	13	25	4.4
id-07625	5	6	28	4.2
id-07626	1	2	13	4.5
id-07627	9	9	14	3.1
id-07628	10	5	22	3.4
id-07629	1	2	27	4.1
id-07630	3	5	13	3.9
id-07631	8	7	19	3.4
id-07632	1	2	24	3.8
id-07633	2	3	2	3.7
id-07634	2	4	24	3.9
id-07635	9	11	18	4.0
id-07636	7	14	17	4.1
id-07637	9	6	6	3.4
id-07638	10	19	8	3.9
id-07639	3	4	13	3.2
id-07640	2	2	15	3.5
id-07641	8	7	1	4.4
id-07642	6	11	18	4.3
id-07643	8	10	9	3.7
id-07644	6	12	16	4.6
id-07645	10	7	13	4.6
id-07646	10	5	18	4.5
id-07647	5	10	15	3.3
id-07648	5	5	15	4.8
id-07649	2	3	18	3.8
id-07650	8	16	26	4.2
id-07651	5	5	14	3.7
id-07652	6	2	5	5.0
id-07653	3	2	8	4.8
id-07654	3	3	12	4.3
id-07655	4	5	23	3.8
id-07656	8	14	11	4.2
id-07657	1	2	8	3.0
id-07658	3	2	6	4.1
id-07659	5	7	5	3.3
id-07660	4	5	21	4.9
id-07661	2	3	22	4.2
id-07662	1	2	27	3.3
id-07663	2	4	23	4.9
id-07664	5	4	9	4.5
id-07665	5	4	10	3.2
id-07666	6	11	1	4.0
id-07667	9	18	10	4.3
id-07668	10	16	12	4.8
id-07669	2	2	29	4.9
id-07670	1	2	9	4.8
id-07671	6	11	26	4.7
id-07672	9	10	29	3.5
id-07673	4	3	28	3.3
id-07674	10	5	17	4.7
id-07675	5	5	13	3.1
id-07676	5	3	16	3.4
id-07677	1	2	25	3.8
id-07678	6	4	2	3.2
id-07679	7	8	27	3.5
id-07680	6	10	16	4.4
id-07681	9	15	28	4.0
id-07682	8	16	5	3.2
id-07683	10	2	3	4.5
id-07684	10	13	9	4.2
id-07685	8	5	21	3.9
id-07686	2	3	9	3.8
id-07687	1	2	18	5.0
id-07688	5	9	7	3.6
id-07689	2	2	2	3.8
id-07690	3	5	30	3.2
id-07691	2	4	14	3.2
id-07692	8	11	20	4.2
id-07693	8	5	23	3.4
id-07694	1	2	22	4.2
id-07695	4	6	6	5.0
id-07696	10	15	11	3.2
id-07697	5	7	26	4.8
id-07698	6	9	12	4.6
id-07699	4	8	19	4.0
id-07700	6	10	17	4.1
id-07701	5	8	4	3.4
id-07702	2	4	29	3.3
id-07703	7	11	3	4.1
id-07704	6	2	9	3.1
id-07705	8	6	27	4.4
id-07706	8	11	12	4.6
id-07707	1	2	1	4.5
id-07708	4	2	6	4.5
id-07709	5	6	30	3.6
id-07710	10	4	7	4.2
id-07711	8	14	17	4.3
id-07712	1	2	11	4.8
id-07713	3	2	21	3.2
id-07714	2	4	13	4.0
id-07715	7	7	29	4.3
id-07716	6	3	25	3.7
id-07717	5	6	14	3.8
id-07718	2	3	17	3.4
id-07719	10	2	19	4.4
id-07720	8	10	13	3.9
id-07721	3	4	27	4.0
id-07722	7	13	3	3.1
id-07723	8	2	2	3.6
id-07724	9	3	5	4.4
id-07725	9	3	5	3.9
id-07726	4	5	11	4.9
id-07727	10	4	19	3.2
id-07728	7	13	12	4.5
id-07729	8	11	16	4.0
id-07730	4	3	18	4.3
id-07731	1	2	26	3.3
id-07732	1	2	26	3.4
id-07733	10	13	12	5.0
id-07734	6	6	9	3.1
id-07735	8	16	22	3.6
id-07736	2	2	3	3.7
id-07737	8	12	24	3.6
id-07738	9	5	16	3.7
id-07739	6	10	26	4.7
id-07740	7	4	27	4.5
id-07741	1	2	7	3.8
id-07742	2	4	7	3.4
id-07743	2	3	5	5.0
id-07744	1	2	7	3.1
id-07745	10	11	20	3.4
id-07746	1	2	7	3.3
id-07747	2	3	19	4.8
id-07748	1	2	14	3.1
id-07749	3	6	6	3.2
id-07750	5	7	10	4.1
id-07751	3	3	7	4.6
id-07752	2	2	26	4.6
id-07753	10	3	18	3.7
id-07754	2	3	11	4.9
id-07755	7	4	27	4.4
id-07756	8	8	21	4.1
id-07757	7	8	16	4.0
id-07758	6	9	12	4.7
id-07759	7	8	1	3.6
id-07760	5	10	20	4.0
id-07761	1	2	10	3.0
id-07762	10	12	15	3.4
id-07763	2	4	10	4.4
id-07764	6	10	28	3.4
id-07765	2	3	23	3.2
id-07766	1	2	6	3.0
id-07767	7	4	21	4.2
id-07768	2	3	5	4.1
id-07769	5	5	2	4.9
id-07770	3	4	15	3.7
id-07771	9	15	10	3.5
id-07772	6	8	30	3.3
id-07773	2	2	12	3.2
id-07774	7	7	9	4.8
id-07775	7	8	13	3.4
id-07776	5	6	28	3.5
id-07777	5	5	1	3.7
id-07778	1	2	7	4.3
id-07779	2	3	2	4.2
id-07780	10	4	20	3.7
id-07781	3	6	12	4.4
id-07782	7	10	11	5.0
id-07783	8	2	29	3.3
id-07784	2	3	2	3.8
id-07785	9	8	6	3.3
id-07786	6	4	22	3.1
id-07787	4	6	25	4.8
id-07788	7	10	20	3.2
id-07789	9	5	5	3.8
id-07790	2	2	23	4.3
id-07791	2	3	1	4.2
id-07792	10	11	19	4.0
id-07793	9	13	17	3.2
id-07794	4	7	15	4.4
id-07795	1	2	17	3.1
id-07796	2	2	26	3.5
id-07797	5	5	7	4.7
id-07798	10	9	28	3.2
id-07799	1	2	11	4.2
id-07800	2	2	7	4.0
id-07801	9	4	18	3.7
id-07802	7	6	15	3.4
id-07803	1	2	17	3.3
id-07804	2	2	25	4.8
id-07805	4	7	9	4.6
id-07806	9	15	14	4.5
id-07807	1	2	22	3.4
id-07808	5	7	17	4.6
id-07809	7	6	19	4.8
id-07810	2	4	24	4.3
id-07811	8	12	10	4.5
id-07812	6	3	24	4.0
id-07813	4	5	23	3.8
id-07814	10	13	24	4.4
id-07815	4	8	16	3.9
id-07816	1	2	8	3.1
id-07817	9	5	1	4.6
id-07818	3	4	9	4.1
id-07819	9	3	13	4.0
id-07820	4	8	20	4.5
id-07821	4	4	29	3.4
id-07822	1	2	29	3.4
id-07823	8	16	22	4.3
id-07824	3	2	25	4.1
id-07825	2	4	24	4.8
id-07826	6	11	28	3.1
id-07827	8	8	1	4.4
id-07828	4	8	22	4.7
id-07829	8	6	9	3.5
id-07830	6	9	8	3.1
id-07831	2	2	17	3.1
id-07832	1	2	1	3.4
id-07833	10	18	17	4.8
id-07834	4	4	27	3.5
id-07835	8	2	2	3.1
id-07836	7	4	12	4.8
id-07837	1	2	25	3.5
id-07838	6	5	17	3.2
id-07839	9	12	20	3.2
id-07840	6	4	6	4.6
id-07841	1	2	11	4.4
id-07842	3	5	9	4.7
id-07843	1	2	2	3.7
id-07844	9	13	1	4.4
id-07845	4	7	6	3.6
id-07846	10	6	25	4.7
id-07847	6	10	7	4.0
id-07848	5	7	27	4.7
id-07849	3	3	8	4.3
id-07850	3	2	21	3.5
id-07851	5	8	28	3.8
id-07852	10	16	6	3.9
id-07853	3	3	3	3.0
id-07854	10	13	17	4.4
id-07855	6	9	10	4.4
id-07856	3	5	16	3.8
id-07857	1	2	16	3.6
id-07858	5	8	4	4.4
id-07859	8	2	19	3.2
id-07860	10	12	19	3.7
id-07861	3	5	6	3.7
id-07862	1	2	17	3.2
id-07863	6	6	15	3.2
id-07864	6	8	14	4.6
id-07865	5	4	30	4.6
id-07866	9	13	6	3.7
id-07867	7	13	14	4.0
id-07868	1	2	5	4.6
id-07869	4	5	20	4.2
id-07870	7	10	7	3.3
id-07871	9	13	15	4.3
id-07872	8	14	7	4.6
id-07873	6	9	26	5.0
id-07874	8	2	10	4.4
id-07875	9	6	25	4.6
id-07876	4	7	28	4.7
id-07877	7	11	24	4.5
id-07878	4	4	19	3.3
id-07879	9	9	13	3.7
id-07880	3	6	7	3.8
id-07881	9	3	13	3.6
id-07882	4	6	27	3.5
id-07883	9	8	30	3.8
id-07884	2	2	9	4.3
id-07885	4	2	2	4.2
id-07886	8	6	27	4.2
id-07887	3	5	12	3.9
id-07888	10	7	21	3.3
id-07889	3	2	13	3.1
id-07890	7	8	24	4.1
id-07891	6	3	21	4.0
id-07892	6	9	30	4.7
id-07893	2	2	24	4.8
id-07894	10	14	28	4.1
id-07895	5	10	13	4.1
id-07896	5	2	8	4.6
id-07897	6	11	17	3.9
id-07898	6	2	20	3.3
id-07899	1	2	23	3.7
id-07900	6	10	17	4.6
id-07901	2	3	28	4.7
id-07902	2	3	16	4.1
id-07903	8	12	19	4.0
id-07904	10	10	5	4.3
id-07905	1	2	24	4.4
id-07906	8	3	22	4.7
id-07907	1	2	2	4.8
id-07908	7	9	25	3.3
id-07909	9	17	9	3.9
id-07910	4	2	12	4.3
id-07911	9	5	21	3.3
id-07912	5	8	21	4.0
id-07913	4	7	7	4.0
id-07914	8	13	24	3.2
id-07915	7	10	9	3.9
id-07916	8	9	10	3.4
id-07917	7	2	18	3.5
id-07918	6	3	21	4.8
id-07919	3	2	2	3.6
id-07920	3	3	18	4.0
id-07921	6	10	7	3.4
id-07922	5	8	13	3.0
id-07923	10	4	6	3.9
id-07924	6	11	20	3.2
id-07925	5	5	14	3.0
id-07926	1	2	10	4.3
id-07927	8	15	18	4.2
id-07928	3	4	11	3.6
id-07929	5	7	6	3.5
id-07930	4	8	26	4.8
id-07931	3	5	3	3.7
id-07932	9	7	23	3.4
id-07933	6	7	6	3.2
id-07934	5	9	15	4.9
id-07935	2	4	23	4.0
id-07936	8	7	9	3.7
id-07937	10	11	1	4.1
id-07938	8	2	12	3.3
id-07939	2	3	12	3.4
id-07940	9	9	8	3.5
id-07941	1	2	28	3.6
id-07942	10	5	25	3.5
id-07943	2	3	25	4.3
id-07944	10	12	26	4.4
id-07945	5	3	5	3.6
id-07946	7	11	11	3.6
id-07947	3	5	12	4.1
id-07948	8	14	12	3.4
id-07949	2	3	4	4.5
id-07950	8	4	12	5.0
id-07951	6	10	12	4.3
id-07952	10	10	11	3.5
id-07953	10	8	24	4.8
id-07954	6	4	5	4.2
id-07955	10	9	17	4.6
id-07956	8	14	28	3.5
id-07957	2	2	22	4.1
id-07958	7	2	3	4.0
id-07959	3	5	28	3.2
id-07960	6	6	14	3.5
id-07961	5	8	11	4.7
id-07962	5	6	12	3.2
id-07963	7	14	27	4.1
id-07964	8	10	23	4.0
id-07965	5	6	9	3.6
id-07966	7	7	15	4.4
id-07967	7	7	12	3.2
id-07968	6	3	14	3.1
id-07969	10	4	16	4.7
id-07970	10	14	23	4.8
id-07971	7	7	4	3.4
id-07972	2	4	8	3.4
id-07973	3	2	17	3.7
id-07974	7	5	2	4.9
id-07975	3	4	9	3.3
id-07976	3	4	23	4.7
id-07977	1	2	13	3.5
id-07978	9	5	11	4.1
id-07979	7	3	10	3.3
id-07980	6	11	15	4.7
id-07981	4	2	6	3.1
id-07982	1	2	9	4.2
id-07983	4	3	6	4.9
id-07984	10	5	23	3.7
id-07985	9	11	25	3.5
id-07986	10	12	19	4.6
id-07987	5	10	24	4.3
id-07988	10	2	19	5.0
id-07989	4	4	18	3.0
id-07990	9	9	1	4.7
id-07991	4	8	5	3.2
id-07992	9	9	12	4.0
id-07993	2	3	20	4.7
id-07994	10	3	28	4.9
id-07995	2	3	12	4.8
id-07996	3	6	2	4.3
id-07997	5	2	10	4.5
id-07998	7	11	8	4.9
id-07999	5	2	12	3.1
id-08000	6	2	24	4.7
id-08001	10	9	19	3.9
id-08002	5	9	13	4.5
id-08003	6	5	24	5.0
id-08004	6	8	24	4.1
id-08005	5	9	23	3.1
id-08006	5	4	4	4.5
id-08007	10	7	19	3.5
id-08008	1	2	12	3.4
id-08009	1	2	20	3.2
id-08010	2	4	7	3.3
id-08011	5	7	18	4.0
id-08012	10	12	25	4.7
id-08013	4	3	22	4.8
id-08014	3	4	4	3.9
id-08015	3	3	12	4.1
id-08016	8	2	10	3.6
id-08017	5	2	5	4.8
id-08018	7	11	14	3.8
id-08019	10	18	21	4.2
id-08020	4	5	6	3.1
id-08021	8	3	5	3.8
id-08022	5	6	22	3.6
id-08023	10	20	28	3.6
id-08024	10	3	21	4.0
id-08025	5	6	3	4.5
id-08026	5	2	17	4.6
id-08027	3	3	4	4.4
id-08028	10	14	8	3.9
id-08029	7	14	10	4.4
id-08030	5	6	9	4.4
id-08031	10	7	23	3.9
id-08032	3	3	12	3.2
id-08033	4	3	8	4.8
id-08034	3	5	15	3.6
id-08035	10	12	7	3.8
id-08036	7	3	2	3.3
id-08037	9	5	1	3.0
id-08038	8	15	24	4.8
id-08039	1	2	15	3.7
id-08040	8	5	4	3.6
id-08041	7	9	9	4.9
id-08042	6	4	4	3.9
id-08043	1	2	1	3.4
id-08044	4	8	5	4.0
id-08045	5	8	10	4.1
id-08046	2	2	18	4.4
id-08047	9	8	26	3.5
id-08048	1	2	16	3.0
id-08049	10	2	6	4.4
id-08050	7	2	9	3.8
id-08051	3	6	22	3.4
id-08052	8	12	19	5.0
id-08053	10	11	16	3.1
id-08054	3	4	1	3.3
id-08055	9	2	22	3.9
id-08056	5	8	27	4.1
id-08057	9	3	7	3.7
id-08058	10	12	29	3.3
id-08059	9	16	14	4.0
id-08060	8	11	7	3.5
id-08061	10	15	7	4.9
id-08062	7	10	20	3.3
id-08063	8	7	4	4.2
id-08064	3	2	28	3.4
id-08065	5	8	12	3.7
id-08066	5	7	20	3.8
id-08067	5	6	2	3.6
id-08068	3	4	18	4.8
id-08069	3	3	29	4.4
id-08070	1	2	8	3.1
id-08071	10	16	1	3.0
id-08072	6	11	26	4.1
id-08073	5	3	10	3.6
id-08074	5	8	9	3.4
id-08075	3	3	29	3.8
id-08076	2	3	16	4.5
id-08077	8	5	4	4.6
id-08078	1	2	3	3.4
id-08079	6	4	15	4.8
id-08080	6	10	29	4.0
id-08081	6	3	14	3.8
id-08082	2	2	6	3.8
id-08083	4	8	30	4.2
id-08084	10	8	14	4.3
id-08085	10	14	8	4.8
id-08086	10	8	1	3.2
id-08087	9	2	25	4.8
id-08088	9	9	27	4.1
id-08089	8	13	11	4.7
id-08090	7	7	9	3.9
id-08091	4	8	17	4.6
id-08092	4	8	17	3.8
id-08093	7	3	23	4.4
id-08094	9	11	30	4.5
id-08095	4	7	23	3.2
id-08096	1	2	4	3.8
id-08097	6	9	14	4.8
id-08098	4	5	16	3.3
id-08099	3	5	27	3.2
id-08100	6	6	5	4.4
id-08101	8	5	2	3.2
id-08102	6	2	16	3.5
id-08103	5	7	25	4.2
id-08104	4	5	12	3.4
id-08105	7	9	7	3.4
id-08106	7	4	22	3.5
id-08107	9	7	25	5.0
id-08108	7	6	25	3.7
id-08109	7	9	21	3.7
id-08110	8	13	2	3.1
id-08111	10	2	22	3.0
id-08112	9	15	13	4.1
id-08113	8	11	7	4.5
id-08114	3	4	25	3.6
id-08115	7	3	1	5.0
id-08116	3	5	21	4.3
id-08117	7	2	16	3.2
id-08118	4	8	5	4.6
id-08119	9	14	1	4.8
id-08120	10	14	4	3.2
id-08121	9	13	26	4.0
id-08122	9	9	8	3.3
id-08123	4	5	21	4.3
id-08124	3	2	3	3.9
id-08125	8	12	17	4.3
id-08126	4	2	4	3.3
id-08127	1	2	20	3.3
id-08128	5	4	23	3.3
id-08129	4	4	22	3.8
id-08130	6	12	23	3.5
id-08131	10	14	10	4.2
id-08132	3	4	1	3.8
id-08133	4	3	21	3.8
id-08134	5	4	2	3.4
id-08135	5	2	9	3.7
id-08136	8	4	30	4.0
id-08137	4	6	2	3.5
id-08138	9	8	19	3.4
id-08139	10	10	11	4.0
id-08140	3	3	4	4.9
id-08141	3	4	29	4.0
id-08142	1	2	20	3.2
id-08143	4	5	12	4.1
id-08144	8	5	18	4.0
id-08145	7	5	26	4.1
id-08146	3	5	27	4.6
id-08147	8	15	8	4.5
id-08148	8	5	7	4.3
id-08149	7	10	11	4.0
id-08150	10	6	9	4.0
id-08151	5	5	25	3.7
id-08152	3	4	20	4.0
id-08153	10	20	13	4.2
id-08154	2	4	18	4.1
id-08155	7	11	26	4.1
id-08156	2	2	7	3.1
id-08157	9	12	15	4.3
id-08158	1	2	25	3.8
id-08159	8	10	23	4.0
id-08160	9	13	27	3.6
id-08161	4	7	12	4.6
id-08162	9	2	20	4.3
id-08163	7	9	27	4.4
id-08164	4	7	28	3.2
id-08165	4	6	13	3.4
id-08166	8	13	25	3.3
id-08167	10	15	24	3.6
id-08168	6	7	8	3.5
id-08169	10	2	9	4.5
id-08170	1	2	27	4.6
id-08171	3	6	13	3.5
id-08172	9	12	19	3.1
id-08173	1	2	2	5.0
id-08174	7	4	4	3.9
id-08175	10	12	24	4.3
id-08176	5	10	23	4.4
id-08177	10	10	29	3.6
id-08178	5	5	7	4.5
id-08179	2	3	8	4.0
id-08180	5	8	23	3.9
id-08181	10	15	16	3.7
id-08182	2	4	18	3.9
id-08183	9	15	21	3.8
id-08184	6	8	17	3.9
id-08185	10	7	5	4.8
id-08186	4	4	23	3.7
id-08187	6	3	23	4.9
id-08188	4	3	16	3.4
id-08189	9	14	23	4.6
id-08190	8	15	18	4.5
id-08191	10	4	20	3.8
id-08192	9	12	11	4.4
id-08193	10	11	12	3.2
id-08194	4	8	21	3.8
id-08195	4	8	12	3.6
id-08196	2	2	25	3.4
id-08197	1	2	22	4.5
id-08198	10	4	4	4.5
id-08199	4	7	10	3.6
id-08200	9	11	6	3.3
id-08201	8	12	23	4.8
id-08202	9	6	27	3.3
id-08203	5	3	16	3.7
id-08204	8	12	29	3.2
id-08205	2	3	29	4.8
id-08206	3	5	28	4.5
id-08207	2	2	22	4.2
id-08208	8	10	16	4.0
id-08209	8	4	4	4.4
id-08210	9	14	23	4.2
id-08211	1	2	9	3.3
id-08212	8	3	11	4.1
id-08213	2	2	10	3.6
id-08214	5	10	2	4.2
id-08215	2	3	7	3.6
id-08216	3	5	28	3.9
id-08217	9	6	5	3.9
id-08218	10	7	23	5.0
id-08219	10	5	20	3.0
id-08220	7	10	4	3.3
id-08221	9	17	9	3.5
id-08222	7	8	2	3.9
id-08223	1	2	17	4.5
id-08224	3	5	25	3.6
id-08225	6	6	13	3.5
id-08226	10	19	4	3.2
id-08227	5	3	27	3.1
id-08228	1	2	29	3.1
id-08229	3	6	3	3.2
id-08230	4	2	14	4.5
id-08231	4	5	25	3.6
id-08232	2	2	27	4.8
id-08233	3	3	29	3.9
id-08234	9	12	5	3.8
id-08235	4	2	11	3.5
id-08236	6	7	7	4.8
id-08237	4	3	12	4.2
id-08238	3	5	5	4.9
id-08239	7	12	25	3.9
id-08240	7	11	3	4.6
id-08241	10	17	13	3.0
id-08242	2	3	19	4.6
id-08243	3	6	14	3.3
id-08244	2	2	26	3.3
id-08245	7	4	5	3.7
id-08246	5	6	25	3.6
id-08247	10	5	26	4.1
id-08248	9	16	10	4.2
id-08249	3	2	1	3.3
id-08250	4	2	10	4.1
id-08251	3	4	17	4.8
id-08252	7	8	22	3.6
id-08253	1	2	17	3.6
id-08254	3	5	16	3.2
id-08255	4	7	25	4.4
id-08256	5	10	16	3.3
id-08257	2	4	29	4.6
id-08258	6	4	18	4.9
id-08259	7	2	2	3.7
id-08260	9	14	2	3.7
id-08261	8	5	29	3.4
id-08262	1	2	29	4.4
id-08263	8	12	2	3.0
id-08264	2	4	3	3.9
id-08265	1	2	27	3.9
id-08266	9	4	7	4.3
id-08267	5	2	10	3.1
id-08268	6	7	13	3.6
id-08269	4	8	30	4.8
id-08270	6	7	5	4.9
id-08271	10	17	21	4.9
id-08272	9	4	4	4.4
id-08273	3	4	3	4.5
id-08274	3	3	24	4.5
id-08275	8	5	17	4.4
id-08276	6	6	12	4.7
id-08277	6	8	16	3.2
id-08278	1	2	8	3.3
id-08279	10	18	29	3.7
id-08280	7	9	24	4.8
id-08281	6	10	5	3.5
id-08282	1	2	23	4.2
id-08283	7	3	15	3.5
id-08284	10	11	3	4.7
id-08285	4	3	2	3.5
id-08286	6	2	9	3.2
id-08287	10	4	8	3.2
id-08288	8	7	5	3.4
id-08289	9	15	15	3.8
id-08290	8	13	17	3.7
id-08291	10	4	6	4.4
id-08292	8	14	11	3.8
id-08293	1	2	2	4.5
id-08294	1	2	30	4.1
id-08295	2	2	8	4.8
id-08296	6	5	30	4.6
id-08297	5	6	21	4.6
id-08298	6	6	22	4.5
id-08299	4	8	15	4.4
id-08300	4	5	19	3.9
id-08301	4	6	10	4.6
id-08302	10	20	22	4.5
id-08303	10	16	25	4.2
id-08304	8	3	30	4.5
id-08305	1	2	7	4.2
id-08306	5	8	28	3.5
id-08307	5	4	3	4.6
id-08308	10	15	4	3.4
id-08309	2	3	6	4.2
id-08310	6	2	1	3.7
id-08311	9	13	19	4.2
id-08312	3	2	3	4.4
id-08313	4	3	28	3.5
id-08314	3	3	15	4.4
id-08315	4	7	13	4.2
id-08316	3	6	6	3.4
id-08317	4	4	1	3.3
id-08318	2	3	6	4.8
id-08319	9	7	27	3.4
id-08320	1	2	21	3.6
id-08321	10	2	6	3.4
id-08322	4	3	20	4.1
id-08323	9	18	3	4.6
id-08324	1	2	9	4.6
id-08325	4	7	11	3.4
id-08326	3	2	23	3.1
id-08327	4	7	13	4.5
id-08328	10	11	12	3.2
id-08329	5	10	26	4.2
id-08330	9	13	21	3.1
id-08331	1	2	12	4.2
id-08332	5	4	3	4.4
id-08333	2	3	3	5.0
id-08334	1	2	17	4.1
id-08335	7	3	22	4.5
id-08336	7	9	15	4.7
id-08337	8	14	27	4.1
id-08338	7	12	27	4.9
id-08339	2	2	22	3.4
id-08340	4	2	17	3.8
id-08341	2	4	14	3.8
id-08342	8	12	13	3.7
id-08343	6	9	25	4.6
id-08344	4	3	2	4.3
id-08345	3	5	17	3.5
id-08346	5	10	12	3.6
id-08347	8	10	9	3.6
id-08348	7	3	14	3.7
id-08349	7	4	22	4.4
id-08350	1	2	4	4.3
id-08351	2	4	3	3.4
id-08352	10	12	21	3.4
id-08353	10	11	10	4.8
id-08354	8	13	4	4.9
id-08355	5	7	16	3.3
id-08356	4	7	6	3.5
id-08357	5	10	23	3.6
id-08358	10	17	11	3.1
id-08359	8	8	13	3.3
id-08360	6	11	28	4.4
id-08361	3	4	18	3.4
id-08362	7	13	23	3.9
id-08363	10	12	14	4.9
id-08364	3	3	27	3.2
id-08365	10	10	15	3.3
id-08366	10	12	14	3.6
id-08367	2	3	9	3.9
id-08368	4	5	25	4.4
id-08369	10	10	28	4.7
id-08370	2	4	29	5.0
id-08371	10	16	17	3.2
id-08372	7	6	5	4.7
id-08373	3	4	30	3.7
id-08374	9	8	19	4.0
id-08375	5	4	28	3.6
id-08376	1	2	7	4.8
id-08377	9	14	11	3.1
id-08378	9	7	29	4.4
id-08379	8	15	17	3.7
id-08380	1	2	19	4.0
id-08381	9	6	24	4.4
id-08382	7	9	2	4.0
id-08383	7	13	12	4.7
id-08384	2	2	23	3.1
id-08385	1	2	23	3.3
id-08386	7	3	12	4.7
id-08387	6	8	11	3.2
id-08388	8	15	27	4.1
id-08389	7	13	25	4.4
id-08390	10	16	22	3.4
id-08391	2	2	18	3.1
id-08392	10	19	17	4.9
id-08393	2	3	28	4.5
id-08394	10	7	19	5.0
id-08395	10	6	8	3.3
id-08396	2	4	29	4.7
id-08397	5	2	3	3.5
id-08398	10	15	3	4.1
id-08399	3	6	25	4.4
id-08400	3	3	3	4.0
id-08401	2	2	17	4.8
id-08402	1	2	29	4.9
id-08403	9	8	12	3.4
id-08404	8	12	23	4.2
id-08405	3	2	25	4.8
id-08406	9	16	8	4.8
id-08407	7	14	10	3.6
id-08408	6	12	12	4.7
id-08409	7	5	22	4.2
id-08410	10	8	25	4.3
id-08411	7	7	13	4.8
id-08412	7	5	13	4.5
id-08413	9	3	18	4.6
id-08414	4	5	24	4.9
id-08415	7	8	21	4.1
id-08416	9	10	18	3.8
id-08417	2	2	7	3.0
id-08418	3	6	15	3.7
id-08419	2	3	12	4.6
id-08420	8	11	11	3.4
id-08421	9	10	11	4.1
id-08422	9	5	6	4.0
id-08423	8	4	5	3.1
id-08424	6	7	25	3.5
id-08425	4	3	17	3.4
id-08426	9	8	16	5.0
id-08427	7	12	20	4.4
id-08428	6	2	17	3.6
id-08429	6	2	6	3.7
id-08430	10	19	25	4.9
id-08431	10	3	16	4.6
id-08432	1	2	17	3.9
id-08433	6	7	3	3.5
id-08434	6	7	15	3.8
id-08435	8	7	10	4.1
id-08436	3	2	23	4.0
id-08437	1	2	26	3.6
id-08438	10	18	18	3.5
id-08439	10	14	15	3.1
id-08440	8	10	23	4.6
id-08441	3	4	12	4.2
id-08442	8	8	9	3.1
id-08443	9	17	10	4.0
id-08444	10	13	17	4.4
id-08445	5	9	8	3.7
id-08446	3	3	13	3.4
id-08447	8	12	1	4.9
id-08448	4	8	21	3.8
id-08449	6	11	13	3.7
id-08450	4	7	22	4.2
id-08451	6	3	15	3.2
id-08452	4	8	19	4.8
id-08453	8	4	2	3.8
id-08454	10	20	8	5.0
id-08455	2	3	8	3.0
id-08456	1	2	17	4.9
id-08457	3	4	5	3.8
id-08458	10	3	4	4.0
id-08459	9	15	14	4.7
id-08460	10	15	7	4.4
id-08461	7	9	10	3.5
id-08462	1	2	19	3.7
id-08463	4	6	10	4.8
id-08464	10	6	28	3.1
id-08465	4	4	25	4.3
id-08466	4	6	18	4.3
id-08467	8	8	24	3.1
id-08468	2	4	9	3.7
id-08469	4	7	7	4.2
id-08470	9	2	14	3.7
id-08471	9	3	15	4.3
id-08472	6	10	20	3.6
id-08473	9	8	9	3.8
id-08474	9	5	10	3.8
id-08475	1	2	30	4.5
id-08476	7	13	28	3.1
id-08477	2	4	26	4.1
id-08478	8	5	26	4.6
id-08479	8	8	22	4.4
id-08480	10	2	4	3.1
id-08481	2	3	6	3.3
id-08482	5	3	21	4.6
id-08483	3	6	18	4.3
id-08484	1	2	19	4.4
id-08485	4	8	14	3.5
id-08486	4	6	3	4.2
id-08487	8	15	14	4.4
id-08488	8	2	26	4.0
id-08489	8	2	23	3.5
id-08490	2	3	5	3.4
id-08491	10	12	13	3.9
id-08492	9	3	15	4.7
id-08493	3	4	11	4.5
id-08494	4	5	12	3.3
id-08495	2	4	24	3.3
id-08496	6	6	12	4.6
id-08497	2	3	21	3.9
id-08498	4	6	16	4.3
id-08499	10	13	22	3.9
id-08500	10	6	25	3.6
id-08501	8	11	14	4.3
id-08502	8	14	16	4.8
id-08503	3	6	12	3.1
id-08504	1	2	8	4.0
id-08505	8	16	26	4.8
id-08506	3	5	28	4.0
id-08507	5	2	10	3.9
id-08508	8	4	6	4.6
id-08509	10	2	16	3.8
id-08510	2	4	1	3.3
id-08511	4	5	14	5.0
id-08512	7	7	26	3.0
id-08513	1	2	18	4.2
id-08514	8	12	6	3.6
id-08515	4	5	2	4.5
id-08516	7	13	6	3.8
id-08517	5	2	6	3.2
id-08518	1	2	30	3.5
id-08519	4	4	19	4.3
id-08520	6	7	4	4.6
id-08521	3	4	12	3.7
id-08522	7	5	27	3.9
id-08523	8	7	25	4.8
id-08524	8	12	23	4.1
id-08525	10	7	27	4.2
id-08526	8	6	9	4.9
id-08527	5	10	17	4.0
id-08528	4	8	8	4.8
id-08529	7	4	14	3.6
id-08530	7	5	11	3.8
id-08531	5	8	19	4.7
id-08532	2	4	6	3.7
id-08533	8	7	1	4.4
id-08534	7	13	28	4.1
id-08535	9	6	21	4.0
id-08536	1	2	19	4.6
id-08537	4	4	17	4.6
id-08538	4	3	25	3.0
id-08539	9	17	15	4.4
id-08540	10	8	16	4.6
id-08541	7	14	14	4.1
id-08542	10	15	15	4.6
id-08543	3	3	22	3.6
id-08544	1	2	11	4.2
id-08545	1	2	4	4.8
id-08546	4	2	27	3.1
id-08547	7	13	26	4.0
id-08548	5	4	12	3.5
id-08549	6	6	28	4.5
id-08550	6	3	25	3.3
id-08551	10	14	24	4.1
id-08552	7	14	25	4.4
id-08553	5	3	22	3.4
id-08554	4	8	3	3.4
id-08555	10	10	22	3.1
id-08556	10	2	8	3.5
id-08557	10	12	14	4.3
id-08558	9	13	25	4.2
id-08559	1	2	3	4.9
id-08560	7	14	4	4.6
id-08561	3	6	16	4.8
id-08562	6	8	12	5.0
id-08563	8	9	9	4.0
id-08564	1	2	11	3.9
id-08565	1	2	10	4.1
id-08566	1	2	24	4.2
id-08567	5	6	20	3.2
id-08568	7	10	6	4.1
id-08569	6	5	3	3.5
id-08570	8	2	9	4.1
id-08571	9	8	19	4.3
id-08572	2	4	10	3.2
id-08573	6	11	6	4.4
id-08574	6	4	5	4.5
id-08575	10	5	1	4.7
id-08576	2	3	23	3.1
id-08577	8	8	18	5.0
id-08578	7	10	6	4.9
id-08579	2	2	29	4.7
id-08580	2	3	23	4.5
id-08581	10	10	26	4.9
id-08582	2	2	8	4.2
id-08583	4	5	25	3.1
id-08584	7	10	9	4.7
id-08585	6	5	17	4.0
id-08586	6	7	12	3.9
id-08587	6	9	14	4.6
id-08588	1	2	16	3.8
id-08589	3	2	1	3.3
id-08590	3	2	1	3.1
id-08591	4	4	23	3.3
id-08592	1	2	16	4.2
id-08593	9	10	6	3.5
id-08594	5	9	19	3.9
id-08595	10	14	5	3.3
id-08596	9	2	11	3.4
id-08597	5	9	27	4.6
id-08598	10	8	17	4.1
id-08599	5	4	15	4.8
id-08600	9	6	16	3.4
id-08601	6	3	25	4.8
id-08602	1	2	22	4.9
id-08603	8	4	1	5.0
id-08604	6	4	20	3.2
id-08605	7	8	16	3.5
id-08606	3	3	15	4.6
id-08607	4	8	13	4.2
id-08608	3	5	8	3.4
id-08609	8	16	13	3.5
id-08610	10	14	14	4.1
id-08611	3	5	24	4.7
id-08612	5	3	27	3.3
id-08613	2	3	10	5.0
id-08614	8	14	6	3.0
id-08615	4	4	28	3.1
id-08616	1	2	2	4.1
id-08617	1	2	2	4.6
id-08618	1	2	25	3.4
id-08619	1	2	19	3.6
id-08620	8	3	15	3.6
id-08621	6	11	9	3.5
id-08622	6	12	22	4.4
id-08623	8	8	3	4.0
id-08624	4	6	1	4.5
id-08625	7	8	9	4.9
id-08626	9	18	15	3.6
id-08627	5	4	15	3.5
id-08628	3	3	24	3.8
id-08629	7	9	15	3.8
id-08630	4	6	1	3.7
id-08631	5	5	23	3.1
id-08632	6	6	30	4.7
id-08633	2	2	25	3.8
id-08634	5	10	26	3.7
id-08635	1	2	30	4.7
id-08636	7	11	5	4.9
id-08637	7	6	9	3.8
id-08638	2	2	16	4.8
id-08639	7	6	5	4.8
id-08640	6	12	27	4.0
id-08641	3	2	15	4.0
id-08642	6	2	29	4.2
id-08643	6	12	12	3.2
id-08644	7	13	2	4.5
id-08645	9	18	24	3.2
id-08646	6	6	23	3.1
id-08647	10	9	28	4.6
id-08648	4	4	13	3.7
id-08649	5	10	11	3.4
id-08650	4	8	16	3.0
id-08651	10	19	14	3.0
id-08652	8	4	3	3.9
id-08653	5	7	10	4.1
id-08654	2	3	18	3.9
id-08655	7	10	8	4.0
id-08656	9	18	23	4.1
id-08657	7	10	21	3.9
id-08658	2	2	1	4.2
id-08659	3	3	24	4.0
id-08660	7	11	16	4.0
id-08661	10	3	30	3.7
id-08662	7	13	2	4.6
id-08663	5	4	6	3.5
id-08664	5	8	9	3.1
id-08665	2	4	15	3.6
id-08666	6	7	12	4.4
id-08667	1	2	19	3.5
id-08668	6	6	22	3.4
id-08669	4	3	24	3.0
id-08670	3	4	16	3.7
id-08671	8	5	17	3.9
id-08672	4	8	22	3.5
id-08673	6	10	2	4.1
id-08674	9	10	17	4.2
id-08675	4	8	29	4.0
id-08676	3	4	23	4.0
id-08677	2	4	4	4.3
id-08678	2	2	25	4.1
id-08679	5	9	22	3.3
id-08680	6	11	14	4.7
id-08681	2	4	1	4.0
id-08682	6	7	29	4.7
id-08683	1	2	12	3.9
id-08684	9	18	24	3.7
id-08685	5	5	19	4.9
id-08686	8	6	7	4.6
id-08687	3	3	24	4.8
id-08688	9	11	6	3.4
id-08689	8	15	29	3.7
id-08690	3	4	30	3.7
id-08691	1	2	28	4.5
id-08692	5	9	24	3.8
id-08693	4	3	30	4.3
id-08694	4	8	30	5.0
id-08695	5	2	28	3.1
id-08696	5	9	4	4.2
id-08697	6	8	9	4.3
id-08698	1	2	22	3.7
id-08699	10	20	2	4.9
id-08700	2	2	14	3.1
id-08701	4	5	21	3.5
id-08702	6	2	30	3.9
id-08703	8	9	7	4.7
id-08704	3	6	4	4.7
id-08705	2	2	13	4.9
id-08706	5	6	22	4.3
id-08707	8	8	12	4.3
id-08708	4	6	14	4.9
id-08709	3	5	10	4.9
id-08710	5	2	22	4.3
id-08711	10	12	26	4.7
id-08712	5	8	30	4.9
id-08713	8	16	23	3.4
id-08714	10	11	2	3.2
id-08715	5	9	23	3.8
id-08716	3	4	27	3.2
id-08717	5	6	20	4.0
id-08718	6	9	13	3.5
id-08719	4	7	1	3.8
id-08720	3	2	6	4.0
id-08721	1	2	4	3.3
id-08722	3	4	1	4.1
id-08723	6	7	6	4.1
id-08724	10	14	8	3.0
id-08725	6	4	4	3.3
id-08726	9	6	25	3.9
id-08727	6	7	18	3.9
id-08728	4	6	30	4.5
id-08729	5	3	20	3.4
id-08730	5	3	22	4.9
id-08731	4	7	5	3.6
id-08732	7	6	3	3.6
id-08733	3	2	29	3.5
id-08734	10	5	5	3.5
id-08735	4	6	4	3.8
id-08736	8	5	11	3.5
id-08737	2	3	3	4.7
id-08738	5	5	9	4.8
id-08739	8	10	22	4.5
id-08740	1	2	18	3.3
id-08741	9	3	21	4.3
id-08742	9	15	19	3.6
id-08743	8	6	21	4.7
id-08744	5	9	9	3.1
id-08745	8	16	9	4.9
id-08746	10	7	28	4.2
id-08747	5	6	16	4.2
id-08748	8	4	6	4.5
id-08749	10	6	16	4.4
id-08750	1	2	30	3.1
id-08751	6	10	15	4.3
id-08752	5	2	7	4.9
id-08753	8	6	7	3.5
id-08754	8	4	15	4.6
id-08755	6	8	17	3.3
id-08756	6	7	23	3.6
id-08757	7	6	6	3.1
id-08758	4	5	16	3.0
id-08759	2	2	16	4.6
id-08760	4	7	5	3.1
id-08761	1	2	1	4.2
id-08762	4	2	10	3.2
id-08763	5	9	22	4.7
id-08764	8	2	27	3.7
id-08765	9	16	29	4.4
id-08766	4	6	16	3.2
id-08767	10	5	21	4.9
id-08768	2	4	30	5.0
id-08769	7	9	10	4.8
id-08770	4	5	25	3.4
id-08771	1	2	29	4.7
id-08772	3	6	1	4.4
id-08773	4	7	9	3.6
id-08774	6	12	14	3.7
id-08775	9	13	1	4.0
id-08776	5	10	1	3.6
id-08777	6	11	1	3.7
id-08778	10	5	6	4.6
id-08779	5	6	11	3.5
id-08780	5	7	11	3.7
id-08781	1	2	1	3.1
id-08782	8	13	11	4.1
id-08783	3	2	28	4.2
id-08784	10	16	4	3.5
id-08785	3	4	10	3.4
id-08786	6	11	7	3.2
id-08787	2	3	17	3.9
id-08788	5	2	3	3.3
id-08789	3	5	9	4.1
id-08790	8	4	14	3.5
id-08791	3	4	27	3.3
id-08792	5	10	2	3.2
id-08793	4	6	12	3.9
id-08794	4	5	10	3.9
id-08795	8	9	30	4.8
id-08796	6	7	24	3.6
id-08797	2	4	23	3.2
id-08798	2	4	28	3.8
id-08799	2	2	20	3.5
id-08800	3	2	21	3.1
id-08801	4	4	30	4.7
id-08802	1	2	20	4.0
id-08803	10	16	10	4.3
id-08804	7	2	22	3.4
id-08805	8	10	23	3.9
id-08806	5	8	24	3.4
id-08807	3	2	3	3.6
id-08808	1	2	16	3.5
id-08809	1	2	27	4.2
id-08810	4	7	5	3.1
id-08811	2	3	1	3.1
id-08812	8	2	27	4.9
id-08813	2	4	22	3.7
id-08814	7	12	26	4.3
id-08815	7	4	26	3.6
id-08816	10	15	23	3.7
id-08817	1	2	4	4.6
id-08818	5	2	22	3.5
id-08819	10	7	3	4.7
id-08820	2	3	7	3.9
id-08821	8	6	12	4.3
id-08822	2	4	10	3.5
id-08823	5	5	1	4.2
id-08824	10	20	7	3.7
id-08825	1	2	2	4.5
id-08826	9	6	1	4.9
id-08827	4	2	21	3.0
id-08828	2	3	19	4.9
id-08829	3	6	28	4.2
id-08830	10	16	28	4.1
id-08831	8	6	6	4.5
id-08832	8	8	19	4.2
id-08833	10	18	15	5.0
id-08834	7	9	21	3.9
id-08835	6	4	1	3.4
id-08836	6	6	13	3.2
id-08837	2	3	9	4.2
id-08838	1	2	11	4.4
id-08839	5	10	12	5.0
id-08840	3	5	28	3.8
id-08841	7	6	19	4.5
id-08842	5	2	18	3.0
id-08843	8	6	26	4.6
id-08844	5	7	21	3.8
id-08845	2	3	15	3.9
id-08846	1	2	24	3.1
id-08847	2	4	25	3.2
id-08848	6	12	16	3.2
id-08849	2	3	11	4.0
id-08850	10	9	3	4.2
id-08851	2	4	3	4.2
id-08852	1	2	23	4.6
id-08853	5	5	27	4.1
id-08854	10	4	17	3.4
id-08855	5	5	5	4.5
id-08856	9	13	30	4.2
id-08857	7	6	2	3.8
id-08858	8	11	27	3.7
id-08859	9	15	3	4.1
id-08860	4	2	24	4.0
id-08861	5	8	7	3.2
id-08862	8	8	4	5.0
id-08863	2	4	19	3.9
id-08864	3	6	24	4.9
id-08865	3	3	30	4.1
id-08866	6	7	24	3.7
id-08867	2	2	24	4.0
id-08868	7	6	24	4.1
id-08869	7	9	24	4.8
id-08870	2	3	29	4.2
id-08871	1	2	26	3.7
id-08872	7	3	8	3.9
id-08873	5	8	25	3.1
id-08874	9	12	28	3.8
id-08875	1	2	23	3.2
id-08876	4	5	15	5.0
id-08877	9	18	2	4.7
id-08878	7	10	11	3.2
id-08879	9	9	26	4.1
id-08880	4	6	7	4.8
id-08881	9	11	24	4.5
id-08882	1	2	13	4.3
id-08883	4	4	13	3.1
id-08884	3	2	3	3.5
id-08885	5	2	8	3.6
id-08886	7	11	11	3.3
id-08887	9	12	9	4.1
id-08888	5	2	24	3.3
id-08889	10	16	30	3.6
id-08890	1	2	24	4.8
id-08891	2	2	10	3.5
id-08892	3	2	24	4.4
id-08893	1	2	20	4.1
id-08894	3	4	17	4.6
id-08895	2	4	7	3.3
id-08896	9	5	3	3.1
id-08897	4	8	14	3.8
id-08898	5	9	20	3.5
id-08899	6	7	27	3.7
id-08900	5	7	18	4.3
id-08901	8	6	3	4.2
id-08902	5	8	9	4.3
id-08903	4	8	5	4.8
id-08904	8	4	1	4.3
id-08905	3	5	25	3.0
id-08906	9	18	4	3.0
id-08907	3	4	24	3.9
id-08908	1	2	21	4.8
id-08909	8	13	1	4.8
id-08910	10	18	9	4.5
id-08911	9	2	1	3.8
id-08912	2	2	29	4.8
id-08913	7	3	9	3.2
id-08914	7	9	21	4.7
id-08915	6	2	11	3.7
id-08916	5	10	27	4.3
id-08917	7	9	28	4.3
id-08918	6	2	30	3.2
id-08919	10	13	25	3.2
id-08920	5	9	28	4.0
id-08921	9	10	11	3.5
id-08922	9	14	20	4.0
id-08923	3	2	21	4.3
id-08924	8	9	10	3.9
id-08925	8	7	13	3.3
id-08926	3	3	20	4.4
id-08927	4	6	9	3.2
id-08928	4	6	26	4.4
id-08929	5	9	22	4.4
id-08930	6	2	21	4.9
id-08931	2	2	2	3.1
id-08932	2	3	15	4.9
id-08933	5	6	14	3.7
id-08934	10	10	10	4.2
id-08935	6	9	25	4.1
id-08936	4	5	11	4.2
id-08937	1	2	28	3.4
id-08938	10	4	24	3.4
id-08939	4	5	29	3.5
id-08940	4	2	20	3.6
id-08941	8	15	5	4.1
id-08942	4	8	12	4.4
id-08943	7	8	17	3.8
id-08944	3	6	27	4.0
id-08945	9	2	8	4.7
id-08946	4	6	18	3.5
id-08947	8	8	13	4.0
id-08948	2	2	7	3.2
id-08949	1	2	25	3.3
id-08950	7	12	13	4.4
id-08951	1	2	9	4.6
id-08952	10	19	5	3.2
id-08953	4	2	9	3.4
id-08954	1	2	16	3.2
id-08955	3	3	9	3.0
id-08956	9	18	13	3.6
id-08957	6	11	1	3.3
id-08958	9	10	13	3.9
id-08959	7	12	19	4.1
id-08960	10	20	23	4.1
id-08961	8	14	10	4.2
id-08962	8	8	13	5.0
id-08963	2	3	30	4.0
id-08964	7	2	2	3.7
id-08965	8	15	14	3.4
id-08966	8	15	2	3.6
id-08967	10	10	14	4.3
id-08968	1	2	13	3.7
id-08969	6	6	24	3.7
id-08970	6	8	17	4.8
id-08971	3	5	24	4.7
id-08972	5	2	25	4.2
id-08973	8	15	23	3.3
id-08974	10	18	23	4.0
id-08975	7	6	25	5.0
id-08976	8	4	23	4.8
id-08977	1	2	23	4.5
id-08978	8	6	25	3.8
id-08979	8	3	7	3.4
id-08980	2	2	2	3.1
id-08981	6	6	4	3.7
id-08982	4	5	6	4.6
id-08983	3	6	22	3.9
id-08984	2	3	9	4.9
id-08985	4	8	13	4.8
id-08986	5	6	14	3.1
id-08987	10	3	8	3.7
id-08988	4	6	18	3.3
id-08989	6	4	1	3.8
id-08990	4	8	2	4.6
id-08991	4	4	30	5.0
id-08992	2	4	12	4.5
id-08993	8	10	24	4.7
id-08994	4	5	1	4.0
id-08995	1	2	4	4.5
id-08996	9	13	27	4.3
id-08997	7	4	15	3.4
id-08998	4	5	21	3.8
id-08999	4	8	19	3.4
id-09000	4	5	22	3.1
id-09001	9	17	10	3.8
id-09002	3	3	29	3.6
id-09003	7	11	10	4.5
id-09004	9	2	29	3.6
id-09005	1	2	17	3.6
id-09006	1	2	8	3.5
id-09007	1	2	28	4.9
id-09008	6	9	24	3.5
id-09009	6	4	24	3.9
id-09010	6	4	15	3.8
id-09011	6	9	25	4.3
id-09012	6	3	22	3.9
id-09013	5	8	18	4.3
id-09014	2	4	5	3.5
id-09015	7	14	15	4.2
id-09016	4	4	21	3.9
id-09017	5	5	11	3.1
id-09018	4	7	1	4.4
id-09019	3	6	18	3.1
id-09020	10	9	15	4.5
id-09021	3	3	4	4.6
id-09022	8	6	1	3.6
id-09023	5	5	15	4.3
id-09024	10	13	9	3.8
id-09025	8	2	11	4.4
id-09026	6	10	28	3.6
id-09027	8	15	28	3.1
id-09028	9	11	18	4.9
id-09029	3	5	3	4.9
id-09030	6	8	28	3.8
id-09031	7	11	22	3.3
id-09032	9	9	2	3.9
id-09033	9	5	21	4.3
id-09034	3	6	26	4.3
id-09035	4	3	18	4.7
id-09036	3	2	27	4.2
id-09037	5	2	8	4.0
id-09038	6	11	18	3.4
id-09039	6	12	18	4.1
id-09040	5	3	20	4.9
id-09041	8	15	14	3.8
id-09042	2	4	23	4.5
id-09043	2	3	21	3.5
id-09044	5	3	26	5.0
id-09045	8	10	16	4.1
id-09046	10	10	13	3.5
id-09047	3	2	17	4.9
id-09048	2	2	6	3.4
id-09049	6	11	20	3.9
id-09050	4	3	21	4.2
id-09051	10	19	11	4.4
id-09052	2	4	19	3.2
id-09053	10	10	23	4.6
id-09054	2	4	27	3.8
id-09055	1	2	1	3.1
id-09056	5	5	8	3.9
id-09057	10	14	24	4.3
id-09058	6	9	25	3.3
id-09059	7	2	13	4.0
id-09060	3	6	16	3.9
id-09061	1	2	6	3.2
id-09062	3	6	17	3.2
id-09063	1	2	11	4.9
id-09064	9	13	1	3.9
id-09065	6	3	3	4.6
id-09066	1	2	19	4.2
id-09067	9	15	13	4.9
id-09068	2	2	10	4.2
id-09069	3	3	5	4.4
id-09070	8	6	9	3.7
id-09071	5	2	17	4.6
id-09072	5	9	23	3.6
id-09073	6	7	29	4.7
id-09074	6	10	25	3.0
id-09075	5	4	9	4.9
id-09076	3	4	1	4.0
id-09077	7	11	11	3.0
id-09078	10	5	3	4.5
id-09079	1	2	26	4.5
id-09080	7	11	9	4.0
id-09081	9	14	9	3.5
id-09082	2	3	3	3.9
id-09083	10	2	12	3.6
id-09084	10	2	13	4.5
id-09085	4	4	28	4.9
id-09086	6	2	12	3.8
id-09087	10	18	15	4.6
id-09088	5	6	1	3.4
id-09089	7	2	16	4.2
id-09090	3	5	25	3.3
id-09091	6	4	25	4.2
id-09092	4	2	16	3.4
id-09093	7	9	13	3.9
id-09094	1	2	5	3.6
id-09095	1	2	17	3.6
id-09096	6	6	13	3.3
id-09097	10	3	28	4.6
id-09098	10	19	23	4.6
id-09099	10	20	22	3.3
id-09100	7	14	27	3.2
id-09101	2	4	22	3.5
id-09102	2	4	14	3.7
id-09103	2	3	19	3.0
id-09104	1	2	19	4.4
id-09105	1	2	22	4.0
id-09106	7	6	24	4.4
id-09107	9	9	16	3.5
id-09108	9	7	21	4.0
id-09109	4	6	2	4.5
id-09110	1	2	4	3.4
id-09111	5	2	14	4.3
id-09112	5	3	16	3.6
id-09113	2	2	20	3.3
id-09114	9	7	23	3.3
id-09115	10	16	19	3.5
id-09116	5	4	18	3.3
id-09117	10	14	4	3.6
id-09118	10	14	29	3.4
id-09119	10	10	18	3.4
id-09120	3	4	3	4.1
id-09121	7	6	23	3.9
id-09122	9	13	2	3.1
id-09123	5	3	15	4.2
id-09124	3	4	22	4.9
id-09125	7	7	22	3.2
id-09126	10	9	2	4.1
id-09127	3	3	29	3.6
id-09128	2	3	5	3.7
id-09129	1	2	9	4.8
id-09130	6	2	19	4.3
id-09131	10	11	14	4.2
id-09132	1	2	16	4.3
id-09133	10	5	19	3.3
id-09134	2	3	22	3.5
id-09135	9	8	4	3.7
id-09136	7	10	27	3.3
id-09137	1	2	26	3.1
id-09138	9	4	20	4.2
id-09139	10	5	27	4.3
id-09140	2	2	4	4.0
id-09141	8	6	13	4.5
id-09142	9	14	9	3.4
id-09143	2	2	3	3.3
id-09144	7	9	27	3.5
id-09145	6	11	18	4.1
id-09146	6	9	14	4.6
id-09147	2	4	28	3.8
id-09148	1	2	14	3.9
id-09149	10	19	13	5.0
id-09150	6	12	24	4.5
id-09151	4	2	3	5.0
id-09152	5	9	17	3.9
id-09153	8	15	6	3.1
id-09154	7	13	10	4.5
id-09155	8	11	5	3.9
id-09156	7	5	29	4.3
id-09157	3	3	1	4.7
id-09158	1	2	28	4.9
id-09159	1	2	29	3.5
id-09160	7	9	16	3.8
id-09161	6	2	26	3.6
id-09162	1	2	16	3.2
id-09163	1	2	4	3.5
id-09164	3	6	6	3.4
id-09165	9	9	21	4.1
id-09166	4	8	18	4.0
id-09167	10	9	30	4.3
id-09168	10	7	18	4.2
id-09169	3	6	8	4.9
id-09170	4	4	13	4.0
id-09171	10	12	11	4.5
id-09172	9	11	12	3.4
id-09173	3	3	2	4.5
id-09174	7	14	15	4.8
id-09175	6	7	6	3.7
id-09176	1	2	7	4.8
id-09177	3	5	12	3.9
id-09178	7	8	12	3.2
id-09179	5	5	4	3.4
id-09180	5	6	6	3.4
id-09181	7	11	26	4.7
id-09182	8	4	27	3.3
id-09183	6	10	27	4.2
id-09184	6	2	17	3.6
id-09185	1	2	29	4.2
id-09186	2	4	26	4.3
id-09187	9	16	7	4.1
id-09188	5	10	16	3.7
id-09189	10	6	4	4.4
id-09190	9	9	15	3.8
id-09191	1	2	12	3.8
id-09192	1	2	30	3.5
id-09193	2	4	2	4.4
id-09194	9	16	16	4.3
id-09195	10	2	10	3.6
id-09196	1	2	23	3.2
id-09197	1	2	4	4.5
id-09198	9	11	6	4.8
id-09199	10	12	26	3.1
id-09200	3	4	11	4.3
id-09201	8	6	12	3.0
id-09202	2	4	29	4.5
id-09203	8	14	7	4.6
id-09204	10	10	14	3.6
id-09205	8	10	23	4.6
id-09206	5	9	24	4.6
id-09207	10	3	3	3.1
id-09208	4	5	1	3.3
id-09209	7	8	16	3.4
id-09210	9	11	1	3.4
id-09211	5	2	26	4.7
id-09212	1	2	11	4.2
id-09213	7	2	18	4.2
id-09214	10	16	12	3.9
id-09215	1	2	11	3.4
id-09216	3	6	8	3.7
id-09217	9	11	17	3.9
id-09218	9	14	18	3.4
id-09219	6	12	24	4.1
id-09220	8	7	14	4.9
id-09221	3	2	5	3.7
id-09222	2	3	23	4.2
id-09223	6	8	4	4.5
id-09224	5	10	24	3.2
id-09225	3	2	1	3.6
id-09226	2	3	4	3.3
id-09227	1	2	26	3.2
id-09228	9	10	7	4.2
id-09229	4	4	25	3.1
id-09230	8	15	5	3.1
id-09231	2	4	26	3.9
id-09232	7	12	16	4.5
id-09233	6	6	6	3.6
id-09234	6	8	15	4.5
id-09235	2	3	9	3.4
id-09236	7	10	20	4.3
id-09237	6	5	5	3.9
id-09238	3	4	9	4.4
id-09239	1	2	18	4.1
id-09240	9	10	8	3.8
id-09241	2	4	22	4.5
id-09242	6	2	16	4.3
id-09243	10	18	14	3.7
id-09244	3	4	25	3.8
id-09245	9	3	12	3.7
id-09246	5	9	25	4.8
id-09247	4	3	19	3.3
id-09248	6	4	21	4.7
id-09249	4	5	23	3.7
id-09250	9	4	3	3.5
id-09251	4	2	5	4.7
id-09252	10	19	26	3.5
id-09253	8	7	22	3.2
id-09254	5	2	10	3.5
id-09255	2	2	27	4.1
id-09256	3	3	7	3.1
id-09257	8	7	22	4.0
id-09258	4	8	20	4.1
id-09259	1	2	15	4.7
id-09260	10	3	3	3.9
id-09261	3	3	11	3.6
id-09262	4	4	29	3.4
id-09263	10	4	1	4.2
id-09264	7	9	28	3.1
id-09265	3	3	4	4.4
id-09266	8	11	10	4.6
id-09267	10	7	29	3.7
id-09268	6	9	15	4.0
id-09269	10	9	7	3.5
id-09270	1	2	29	4.2
id-09271	5	4	27	4.8
id-09272	4	7	23	4.0
id-09273	6	2	17	3.4
id-09274	10	12	30	4.4
id-09275	5	3	6	4.1
id-09276	6	8	9	3.4
id-09277	3	6	11	4.3
id-09278	6	4	29	4.0
id-09279	8	8	7	4.0
id-09280	8	8	25	3.3
id-09281	2	2	30	4.7
id-09282	10	19	17	5.0
id-09283	8	6	19	3.4
id-09284	9	14	28	3.3
id-09285	9	13	4	4.5
id-09286	2	4	21	3.5
id-09287	4	8	28	3.9
id-09288	2	3	4	3.7
id-09289	1	2	20	3.2
id-09290	4	3	27	3.1
id-09291	6	9	9	3.2
id-09292	8	10	27	3.3
id-09293	6	6	2	3.1
id-09294	6	3	10	3.9
id-09295	6	12	22	4.4
id-09296	8	14	27	4.6
id-09297	2	3	10	4.2
id-09298	9	7	18	4.6
id-09299	2	3	11	3.1
id-09300	7	14	7	3.9
id-09301	6	5	25	4.6
id-09302	2	3	22	4.0
id-09303	7	6	1	4.2
id-09304	2	4	27	3.0
id-09305	7	6	4	3.7
id-09306	7	10	3	4.5
id-09307	7	2	13	4.0
id-09308	2	4	12	4.2
id-09309	3	5	18	3.9
id-09310	7	5	12	4.5
id-09311	7	7	11	3.7
id-09312	7	3	26	3.7
id-09313	9	16	27	4.9
id-09314	4	7	14	4.7
id-09315	3	3	28	4.3
id-09316	4	4	11	3.3
id-09317	2	2	3	4.4
id-09318	2	3	19	3.7
id-09319	1	2	18	3.2
id-09320	5	5	27	4.3
id-09321	6	5	20	4.7
id-09322	1	2	1	4.0
id-09323	7	5	16	4.3
id-09324	9	10	10	4.9
id-09325	1	2	24	3.5
id-09326	2	2	1	3.4
id-09327	1	2	13	4.9
id-09328	8	9	14	3.4
id-09329	8	2	27	4.5
id-09330	6	12	17	3.9
id-09331	9	4	7	3.3
id-09332	9	3	28	3.8
id-09333	4	8	26	3.8
id-09334	5	2	28	4.5
id-09335	3	2	25	3.1
id-09336	10	14	5	3.8
id-09337	5	3	21	4.8
id-09338	9	5	18	4.9
id-09339	6	8	9	3.3
id-09340	6	4	22	3.8
id-09341	2	4	12	4.8
id-09342	1	2	6	3.9
id-09343	1	2	13	4.8
id-09344	4	4	20	3.5
id-09345	1	2	28	4.9
id-09346	5	2	17	3.6
id-09347	6	9	6	4.5
id-09348	10	20	25	4.3
id-09349	7	5	17	3.7
id-09350	4	2	12	3.9
id-09351	9	8	23	4.6
id-09352	9	17	7	3.9
id-09353	8	11	23	3.0
id-09354	9	14	6	3.6
id-09355	9	14	7	3.7
id-09356	7	14	5	4.6
id-09357	7	5	28	3.0
id-09358	7	6	6	4.9
id-09359	1	2	19	4.1
id-09360	5	5	15	4.2
id-09361	5	3	14	4.6
id-09362	5	9	27	3.1
id-09363	9	17	17	4.3
id-09364	6	2	5	4.6
id-09365	10	10	14	3.9
id-09366	9	16	12	4.5
id-09367	5	10	18	4.9
id-09368	3	5	13	3.4
id-09369	2	3	10	4.6
id-09370	6	9	10	4.6
id-09371	7	6	29	3.9
id-09372	10	13	26	4.3
id-09373	8	3	5	4.9
id-09374	5	6	13	4.9
id-09375	5	9	7	4.2
id-09376	6	4	29	4.6
id-09377	2	2	14	4.1
id-09378	9	14	3	4.1
id-09379	5	4	18	3.3
id-09380	6	12	3	4.6
id-09381	1	2	18	4.8
id-09382	9	14	26	3.8
id-09383	6	8	20	3.1
id-09384	1	2	13	4.4
id-09385	9	9	14	3.1
id-09386	8	8	25	3.9
id-09387	2	2	10	3.7
id-09388	8	8	23	3.5
id-09389	7	7	5	4.5
id-09390	3	2	25	4.3
id-09391	9	13	29	3.1
id-09392	7	4	10	3.5
id-09393	10	18	26	4.9
id-09394	6	3	8	4.2
id-09395	4	7	4	3.9
id-09396	6	10	19	4.5
id-09397	4	2	4	3.7
id-09398	6	6	12	5.0
id-09399	6	12	13	3.3
id-09400	8	16	12	5.0
id-09401	3	6	7	3.7
id-09402	9	10	13	4.6
id-09403	6	12	12	4.2
id-09404	1	2	27	3.4
id-09405	2	4	15	3.6
id-09406	3	6	5	3.3
id-09407	8	6	1	3.7
id-09408	10	11	6	3.1
id-09409	9	18	27	3.3
id-09410	7	4	17	4.2
id-09411	7	10	28	3.6
id-09412	10	6	14	3.3
id-09413	10	6	25	3.9
id-09414	2	4	2	4.4
id-09415	6	7	20	3.1
id-09416	3	3	13	5.0
id-09417	5	4	4	3.4
id-09418	7	2	4	3.7
id-09419	7	2	8	4.1
id-09420	3	3	15	3.5
id-09421	3	2	13	4.4
id-09422	5	3	1	4.2
id-09423	8	5	2	4.9
id-09424	1	2	1	3.3
id-09425	4	5	3	3.5
id-09426	10	20	12	4.4
id-09427	2	3	1	3.5
id-09428	10	2	4	5.0
id-09429	6	12	16	3.7
id-09430	10	5	22	4.7
id-09431	2	3	30	3.8
id-09432	10	2	24	3.0
id-09433	1	2	13	4.4
id-09434	7	9	27	4.0
id-09435	10	12	5	4.8
id-09436	1	2	24	4.9
id-09437	10	17	17	3.1
id-09438	9	4	23	4.2
id-09439	2	2	12	4.9
id-09440	2	4	13	3.1
id-09441	7	6	7	3.5
id-09442	5	5	6	3.9
id-09443	5	3	7	3.4
id-09444	5	8	18	4.5
id-09445	7	6	26	3.5
id-09446	9	7	17	4.6
id-09447	6	11	27	3.2
id-09448	9	2	5	4.7
id-09449	8	15	27	4.9
id-09450	7	2	28	3.4
id-09451	3	5	20	4.6
id-09452	2	4	11	3.5
id-09453	2	3	14	3.4
id-09454	9	17	13	3.0
id-09455	3	4	12	3.4
id-09456	10	16	11	4.9
id-09457	7	7	4	4.6
id-09458	1	2	12	4.7
id-09459	7	7	27	4.1
id-09460	1	2	12	3.4
id-09461	10	16	10	4.2
id-09462	3	3	12	3.5
id-09463	7	9	23	4.9
id-09464	2	3	15	4.6
id-09465	4	5	22	4.5
id-09466	5	6	18	3.9
id-09467	3	6	8	4.3
id-09468	4	4	21	3.6
id-09469	6	10	28	3.6
id-09470	9	15	18	4.2
id-09471	8	10	29	3.5
id-09472	8	10	19	3.1
id-09473	9	9	21	4.2
id-09474	7	8	5	3.7
id-09475	9	7	3	3.3
id-09476	4	5	3	4.9
id-09477	1	2	7	4.7
id-09478	5	4	10	5.0
id-09479	6	2	15	4.5
id-09480	4	7	17	3.9
id-09481	10	16	22	4.3
id-09482	10	11	27	3.0
id-09483	4	8	11	3.5
id-09484	2	3	1	4.5
id-09485	8	4	14	4.0
id-09486	10	4	14	4.2
id-09487	9	18	1	4.6
id-09488	9	10	8	3.8
id-09489	6	9	2	4.7
id-09490	5	4	2	3.6
id-09491	4	4	29	4.6
id-09492	1	2	7	3.5
id-09493	6	12	13	3.4
id-09494	3	2	8	3.1
id-09495	9	2	10	3.6
id-09496	9	7	26	3.8
id-09497	2	4	23	4.1
id-09498	3	3	30	4.7
id-09499	1	2	4	4.4
id-09500	8	3	9	3.8
id-09501	9	14	21	4.2
id-09502	10	15	6	4.1
id-09503	1	2	19	4.5
id-09504	5	9	20	3.1
id-09505	3	3	28	3.7
id-09506	4	3	15	3.4
id-09507	3	2	27	3.4
id-09508	1	2	7	4.3
id-09509	6	3	18	3.6
id-09510	1	2	28	4.7
id-09511	9	2	2	4.2
id-09512	1	2	14	3.5
id-09513	6	8	10	3.6
id-09514	1	2	7	3.3
id-09515	6	12	21	3.8
id-09516	5	7	16	3.4
id-09517	2	4	19	4.7
id-09518	10	18	14	3.6
id-09519	2	2	18	3.7
id-09520	7	7	24	3.8
id-09521	1	2	1	4.0
id-09522	9	15	4	3.9
id-09523	1	2	19	3.2
id-09524	10	14	20	3.8
id-09525	8	4	27	5.0
id-09526	6	11	16	4.4
id-09527	1	2	5	3.6
id-09528	3	5	22	4.5
id-09529	10	15	1	4.0
id-09530	1	2	1	3.5
id-09531	3	5	15	3.8
id-09532	3	6	2	4.6
id-09533	8	9	9	4.7
id-09534	3	2	28	4.0
id-09535	5	3	28	3.2
id-09536	4	3	15	3.3
id-09537	10	8	14	4.4
id-09538	10	14	22	3.1
id-09539	7	4	7	4.2
id-09540	5	4	30	3.1
id-09541	4	3	11	3.0
id-09542	6	2	3	3.5
id-09543	1	2	2	4.1
id-09544	3	5	28	4.6
id-09545	10	2	18	3.1
id-09546	3	6	16	3.8
id-09547	7	3	28	4.5
id-09548	8	16	7	3.3
id-09549	6	10	5	3.5
id-09550	9	18	2	3.6
id-09551	8	14	6	4.9
id-09552	7	6	27	4.6
id-09553	5	4	5	3.7
id-09554	4	6	5	4.9
id-09555	4	7	1	4.4
id-09556	9	12	22	4.6
id-09557	3	2	13	4.3
id-09558	9	8	26	3.1
id-09559	2	4	16	3.7
id-09560	6	7	11	4.4
id-09561	10	16	20	3.1
id-09562	2	2	16	3.7
id-09563	5	5	11	4.8
id-09564	1	2	26	4.5
id-09565	4	4	11	4.7
id-09566	6	2	7	4.2
id-09567	5	4	4	4.7
id-09568	6	12	21	3.6
id-09569	7	7	15	4.2
id-09570	3	6	17	4.5
id-09571	1	2	5	3.6
id-09572	10	4	25	3.5
id-09573	4	6	15	4.9
id-09574	5	10	7	3.9
id-09575	8	10	6	3.3
id-09576	3	5	4	4.1
id-09577	9	12	5	4.5
id-09578	8	13	19	3.6
id-09579	9	16	11	4.8
id-09580	9	7	6	3.8
id-09581	10	5	20	4.6
id-09582	6	3	5	3.6
id-09583	8	5	5	4.0
id-09584	6	9	11	3.1
id-09585	10	5	16	3.9
id-09586	8	11	6	3.3
id-09587	6	7	7	4.8
id-09588	4	7	24	3.9
id-09589	4	8	28	3.4
id-09590	8	11	25	3.2
id-09591	9	12	17	3.1
id-09592	1	2	5	4.0
id-09593	4	2	17	3.8
id-09594	3	4	26	3.6
id-09595	5	9	1	4.0
id-09596	5	6	28	3.5
id-09597	8	15	2	3.4
id-09598	10	9	27	3.7
id-09599	10	14	5	4.1
id-09600	7	14	24	3.9
id-09601	5	3	14	3.9
id-09602	6	2	25	4.6
id-09603	6	12	11	4.9
id-09604	10	13	30	4.4
id-09605	8	5	25	3.0
id-09606	9	16	13	3.9
id-09607	4	3	12	3.3
id-09608	1	2	27	3.5
id-09609	9	15	20	4.1
id-09610	3	3	28	4.9
id-09611	2	2	26	3.7
id-09612	10	5	29	4.8
id-09613	7	14	8	3.5
id-09614	8	3	26	3.9
id-09615	2	3	24	4.4
id-09616	5	8	2	3.3
id-09617	8	7	26	3.7
id-09618	1	2	1	4.9
id-09619	3	4	8	4.4
id-09620	7	10	20	4.4
id-09621	3	6	27	4.4
id-09622	4	4	24	4.1
id-09623	5	2	6	3.8
id-09624	7	5	28	3.6
id-09625	1	2	28	4.2
id-09626	8	5	20	4.2
id-09627	9	10	1	4.5
id-09628	1	2	13	3.2
id-09629	6	2	4	3.5
id-09630	10	8	29	4.6
id-09631	9	3	13	3.9
id-09632	8	5	29	3.9
id-09633	3	4	13	4.9
id-09634	9	18	30	3.6
id-09635	1	2	20	4.4
id-09636	4	2	10	5.0
id-09637	6	3	25	3.4
id-09638	1	2	26	3.1
id-09639	10	17	30	4.2
id-09640	7	14	3	3.5
id-09641	5	9	30	4.8
id-09642	7	11	20	3.5
id-09643	6	4	18	4.3
id-09644	8	13	2	3.7
id-09645	10	11	7	3.7
id-09646	1	2	5	3.0
id-09647	9	15	8	4.7
id-09648	7	10	27	4.0
id-09649	3	2	5	4.0
id-09650	4	7	5	3.5
id-09651	10	6	30	4.6
id-09652	1	2	15	4.5
id-09653	3	3	15	3.6
id-09654	3	5	26	4.3
id-09655	7	7	16	3.1
id-09656	10	5	23	4.2
id-09657	5	6	17	3.9
id-09658	4	2	10	3.9
id-09659	8	15	20	3.3
id-09660	8	14	2	3.4
id-09661	8	3	18	4.4
id-09662	2	2	14	4.3
id-09663	5	2	16	3.3
id-09664	6	11	29	3.6
id-09665	10	15	9	5.0
id-09666	1	2	30	4.0
id-09667	8	11	18	4.1
id-09668	9	14	17	4.2
id-09669	10	8	22	4.2
id-09670	1	2	30	3.9
id-09671	5	4	1	3.4
id-09672	8	6	5	5.0
id-09673	7	5	5	3.4
id-09674	2	3	4	4.7
id-09675	2	4	27	3.9
id-09676	10	15	24	4.9
id-09677	3	6	2	3.9
id-09678	6	3	4	4.6
id-09679	2	4	23	4.0
id-09680	6	12	7	3.0
id-09681	8	11	28	4.5
id-09682	9	5	26	3.7
id-09683	1	2	10	4.4
id-09684	9	12	4	3.1
id-09685	7	14	18	3.4
id-09686	6	3	3	4.0
id-09687	4	7	13	4.4
id-09688	10	20	9	3.7
id-09689	3	2	4	3.6
id-09690	7	14	18	4.0
id-09691	7	14	25	3.1
id-09692	9	6	7	4.3
id-09693	3	2	19	3.5
id-09694	4	4	29	4.7
id-09695	5	3	25	3.4
id-09696	8	9	27	4.1
id-09697	8	10	18	4.9
id-09698	10	10	28	3.1
id-09699	2	3	4	4.5
id-09700	2	4	23	3.1
id-09701	6	6	17	4.8
id-09702	7	14	6	4.8
id-09703	7	6	23	3.9
id-09704	1	2	22	3.2
id-09705	6	9	26	3.3
id-09706	9	13	1	4.0
id-09707	10	20	4	3.5
id-09708	4	4	23	4.7
id-09709	9	14	16	3.1
id-09710	2	3	9	3.5
id-09711	1	2	16	3.1
id-09712	10	14	8	4.5
id-09713	8	16	11	3.2
id-09714	9	13	15	4.7
id-09715	3	3	13	3.1
id-09716	3	2	10	4.5
id-09717	10	7	15	3.4
id-09718	1	2	22	3.4
id-09719	5	4	21	3.8
id-09720	9	6	23	4.2
id-09721	9	3	13	3.6
id-09722	5	9	4	3.6
id-09723	7	7	28	4.5
id-09724	3	6	5	4.1
id-09725	8	5	20	4.7
id-09726	10	6	15	4.9
id-09727	4	5	8	3.6
id-09728	7	6	28	3.1
id-09729	1	2	21	4.2
id-09730	5	10	5	3.4
id-09731	4	2	12	4.8
id-09732	1	2	12	3.9
id-09733	4	3	18	3.0
id-09734	9	5	10	3.1
id-09735	6	7	20	4.5
id-09736	8	2	18	4.4
id-09737	9	9	28	3.7
id-09738	9	18	27	3.9
id-09739	2	2	16	4.6
id-09740	4	3	10	3.3
id-09741	7	2	18	4.9
id-09742	10	10	1	4.7
id-09743	7	6	29	3.9
id-09744	8	5	9	4.8
id-09745	5	4	16	4.2
id-09746	9	17	22	4.2
id-09747	1	2	20	3.5
id-09748	9	2	15	3.8
id-09749	10	9	15	3.1
id-09750	5	4	14	3.6
id-09751	7	13	11	4.9
id-09752	6	11	22	3.4
id-09753	1	2	14	4.6
id-09754	10	3	23	3.4
id-09755	7	12	23	4.3
id-09756	2	2	10	4.4
id-09757	3	4	18	3.8
id-09758	3	4	19	4.9
id-09759	4	4	11	4.1
id-09760	10	19	30	3.1
id-09761	4	2	16	3.9
id-09762	10	17	24	4.2
id-09763	5	8	24	4.4
id-09764	2	4	20	4.1
id-09765	4	5	12	4.5
id-09766	9	4	3	3.5
id-09767	9	13	3	4.4
id-09768	8	13	9	3.1
id-09769	8	8	26	4.1
id-09770	2	4	10	4.3
id-09771	10	4	17	4.7
id-09772	5	5	23	4.4
id-09773	4	7	29	4.0
id-09774	10	7	6	3.3
id-09775	7	2	7	3.6
id-09776	5	3	19	3.8
id-09777	9	8	23	4.4
id-09778	8	9	14	3.0
id-09779	4	7	5	4.6
id-09780	6	6	7	3.3
id-09781	8	8	8	4.8
id-09782	2	3	14	3.4
id-09783	4	6	23	5.0
id-09784	6	7	26	3.8
id-09785	8	11	15	4.3
id-09786	5	8	22	4.5
id-09787	1	2	29	4.9
id-09788	3	3	7	4.6
id-09789	10	12	27	4.5
id-09790	10	2	9	3.4
id-09791	8	12	4	4.2
id-09792	6	12	18	4.0
id-09793	10	9	9	4.7
id-09794	5	8	7	3.8
id-09795	10	6	30	4.0
id-09796	6	5	20	4.0
id-09797	1	2	13	4.7
id-09798	6	10	4	3.1
id-09799	2	3	30	4.3
id-09800	7	12	16	4.1
id-09801	10	3	10	3.5
id-09802	6	10	5	3.8
id-09803	5	2	12	4.6
id-09804	9	7	15	4.9
id-09805	10	7	1	4.8
id-09806	9	11	5	4.7
id-09807	9	3	6	4.3
id-09808	8	4	14	5.0
id-09809	9	17	15	3.1
id-09810	3	6	3	4.3
id-09811	10	15	5	4.9
id-09812	10	9	7	4.9
id-09813	2	4	18	4.4
id-09814	4	4	21	3.5
id-09815	7	5	27	3.6
id-09816	1	2	3	3.2
id-09817	2	4	8	4.8
id-09818	5	3	2	4.3
id-09819	4	4	25	3.7
id-09820	10	4	17	4.6
id-09821	4	4	20	3.6
id-09822	2	2	21	4.2
id-09823	2	4	22	3.6
id-09824	8	7	12	4.6
id-09825	7	2	3	3.8
id-09826	1	2	26	4.3
id-09827	10	7	5	4.7
id-09828	6	4	12	3.9
id-09829	2	2	6	3.6
id-09830	7	7	28	4.6
id-09831	10	18	13	4.1
id-09832	9	18	24	3.3
id-09833	2	2	25	4.4
id-09834	4	2	21	4.8
id-09835	10	14	30	4.2
id-09836	5	4	25	3.9
id-09837	2	3	3	4.8
id-09838	5	10	11	4.9
id-09839	3	5	10	4.8
id-09840	10	3	1	5.0
id-09841	10	9	22	4.3
id-09842	7	4	14	4.6
id-09843	4	5	19	4.4
id-09844	10	8	15	4.4
id-09845	3	4	11	3.7
id-09846	7	11	25	3.5
id-09847	1	2	28	5.0
id-09848	3	4	27	4.6
id-09849	10	19	5	4.3
id-09850	1	2	14	4.2
id-09851	5	2	19	3.3
id-09852	4	2	21	3.4
id-09853	9	7	13	4.3
id-09854	7	10	21	3.9
id-09855	2	4	29	3.6
id-09856	1	2	23	4.6
id-09857	10	5	25	3.4
id-09858	1	2	4	4.8
id-09859	7	12	7	3.5
id-09860	9	2	27	3.5
id-09861	5	6	11	3.6
id-09862	1	2	14	3.6
id-09863	9	17	16	4.7
id-09864	6	4	17	3.3
id-09865	6	11	16	4.3
id-09866	1	2	13	3.1
id-09867	6	7	6	3.5
id-09868	4	8	27	3.5
id-09869	4	6	20	4.9
id-09870	4	2	17	4.2
id-09871	3	3	15	4.9
id-09872	1	2	21	4.7
id-09873	8	9	28	4.1
id-09874	1	2	23	3.4
id-09875	6	9	12	3.7
id-09876	10	12	21	3.7
id-09877	3	3	22	3.2
id-09878	1	2	15	3.3
id-09879	3	6	3	4.8
id-09880	6	5	28	4.9
id-09881	9	7	17	4.9
id-09882	3	5	17	4.9
id-09883	3	6	12	4.3
id-09884	2	2	28	3.5
id-09885	9	15	13	4.7
id-09886	4	5	3	4.6
id-09887	3	3	27	4.0
id-09888	2	4	23	4.0
id-09889	7	5	17	3.1
id-09890	3	2	6	4.3
id-09891	7	8	19	4.7
id-09892	5	6	30	3.8
id-09893	5	8	19	3.5
id-09894	2	2	9	4.0
id-09895	2	2	8	4.2
id-09896	2	4	23	3.9
id-09897	10	20	16	4.4
id-09898	5	9	10	4.4
id-09899	10	19	12	4.0
id-09900	5	7	20	3.9
id-09901	6	5	12	4.9
id-09902	10	10	7	3.0
id-09903	7	7	30	4.2
id-09904	7	13	7	4.8
id-09905	5	4	8	4.0
id-09906	9	2	4	3.5
id-09907	5	5	13	4.1
id-09908	1	2	9	3.9
id-09909	1	2	30	4.7
id-09910	8	16	26	4.2
id-09911	6	2	21	3.1
id-09912	1	2	27	3.9
id-09913	8	7	5	3.0
id-09914	4	3	23	3.3
id-09915	7	6	16	3.2
id-09916	5	5	15	4.8
id-09917	4	7	25	3.4
id-09918	10	12	13	4.7
id-09919	1	2	9	4.9
id-09920	6	2	15	3.4
id-09921	7	4	18	4.8
id-09922	1	2	4	4.1
id-09923	5	7	22	4.5
id-09924	3	2	16	3.1
id-09925	9	2	24	4.9
id-09926	4	4	27	3.1
id-09927	9	2	18	4.5
id-09928	9	4	13	4.2
id-09929	3	5	21	3.1
id-09930	9	3	15	3.2
id-09931	8	12	23	4.7
id-09932	6	2	25	3.1
id-09933	5	4	2	3.9
id-09934	6	5	20	3.3
id-09935	5	9	19	4.5
id-09936	1	2	21	4.0
id-09937	6	8	5	3.4
id-09938	2	2	20	4.7
id-09939	3	5	26	3.0
id-09940	3	3	27	4.5
id-09941	7	5	6	3.8
id-09942	4	6	30	3.2
id-09943	8	11	10	4.2
id-09944	2	4	21	4.4
id-09945	10	15	18	4.2
id-09946	3	5	14	4.5
id-09947	5	4	23	3.3
id-09948	4	8	1	4.5
id-09949	5	8	18	4.0
id-09950	1	2	28	3.6
id-09951	8	3	3	5.0
id-09952	1	2	14	3.8
id-09953	5	3	8	4.7
id-09954	8	3	24	4.5
id-09955	5	6	30	4.1
id-09956	3	3	11	3.6
id-09957	10	20	14	4.7
id-09958	9	6	16	4.4
id-09959	1	2	29	3.6
id-09960	8	5	14	4.9
id-09961	7	8	1	3.2
id-09962	6	3	29	3.8
id-09963	6	9	25	3.1
id-09964	5	8	29	3.1
id-09965	2	3	29	4.9
id-09966	2	4	10	3.7
id-09967	8	4	12	4.5
id-09968	1	2	30	4.1
id-09969	7	5	8	4.1
id-09970	3	6	12	4.1
id-09971	6	5	22	4.1
id-09972	8	13	22	4.1
id-09973	4	8	26	4.5
id-09974	8	5	15	3.2
id-09975	9	10	20	3.1
id-09976	9	6	13	4.6
id-09977	10	18	18	4.0
id-09978	3	4	26	5.0
id-09979	10	19	17	4.3
id-09980	8	15	22	3.4
id-09981	2	4	4	3.4
id-09982	5	10	23	4.2
id-09983	8	10	29	3.6
id-09984	3	4	23	4.2
id-09985	8	13	15	3.5
id-09986	5	7	23	3.6
id-09987	6	3	7	4.5
id-09988	3	6	15	3.2
id-09989	5	6	18	4.7
id-09990	7	3	28	3.8
id-09991	7	11	12	4.4
id-09992	2	4	15	4.0
id-09993	4	3	22	3.0
id-09994	3	2	2	4.0
id-09995	8	7	29	3.1
id-09996	4	5	18	3.2
id-09997	3	2	15	3.2
id-09998	10	17	11	4.6
id-09999	4	2	22	3.9
id-10000	3	2	2	3.4
id-10001	4	4	30	4.1
id-10002	3	4	14	3.7
id-10003	3	5	23	4.0
id-10004	9	2	4	3.3
id-10005	10	14	24	4.4
id-10006	2	2	27	3.6
id-10007	5	3	18	3.5
id-10008	9	8	8	4.6
id-10009	10	4	27	4.4
id-10010	4	6	17	4.8
id-10011	3	5	25	4.7
id-10012	4	2	21	4.9
id-10013	6	9	15	5.0
id-10014	9	11	30	5.0
id-10015	3	2	23	4.0
id-10016	4	2	18	3.7
id-10017	2	3	4	4.8
id-10018	5	2	16	4.2
id-10019	7	14	12	4.4
id-10020	4	7	19	4.3
id-10021	3	2	4	3.7
id-10022	8	14	20	4.8
id-10023	4	8	17	3.1
id-10024	4	4	29	4.5
id-10025	4	2	16	4.5
id-10026	2	4	30	4.2
id-10027	5	2	4	4.0
id-10028	7	14	5	3.9
id-10029	7	8	6	3.8
id-10030	9	12	7	4.0
id-10031	7	6	1	3.0
id-10032	9	13	5	3.3
id-10033	4	3	21	4.8
id-10034	2	3	8	3.8
id-10035	6	4	6	3.5
id-10036	10	5	16	3.1
id-10037	6	4	15	3.3
id-10038	7	13	8	3.5
id-10039	8	14	1	4.1
id-10040	4	7	14	4.2
id-10041	1	2	27	3.2
id-10042	6	9	4	3.9
id-10043	7	7	15	3.3
id-10044	2	3	1	3.3
id-10045	8	4	1	3.8
id-10046	4	3	21	4.1
id-10047	6	10	27	4.9
id-10048	7	10	12	4.5
id-10049	3	3	13	4.5
id-10050	10	13	17	4.7
id-10051	8	7	7	4.1
id-10052	3	3	12	3.8
id-10053	5	2	1	4.3
id-10054	10	17	30	3.2
id-10055	3	6	30	3.7
id-10056	7	14	25	3.4
id-10057	3	2	2	3.8
id-10058	2	2	13	4.4
id-10059	7	6	20	3.2
id-10060	1	2	29	4.4
id-10061	10	8	7	4.9
id-10062	4	5	5	4.9
id-10063	1	2	16	4.4
id-10064	4	7	18	3.1
id-10065	1	2	23	4.0
id-10066	2	2	19	4.4
id-10067	4	4	29	3.7
id-10068	3	6	29	4.3
id-10069	8	2	1	4.1
id-10070	7	10	12	3.8
id-10071	8	11	2	4.5
id-10072	2	4	30	3.2
id-10073	7	3	1	3.8
id-10074	4	6	2	3.8
id-10075	5	10	17	3.7
id-10076	9	12	26	3.2
id-10077	10	19	16	3.7
id-10078	3	5	21	3.6
id-10079	6	10	23	3.6
id-10080	8	16	1	4.5
id-10081	6	10	29	4.6
id-10082	10	4	19	4.5
id-10083	9	7	5	3.3
id-10084	7	9	10	4.2
id-10085	5	8	6	3.3
id-10086	10	16	24	4.0
id-10087	6	4	15	5.0
id-10088	4	4	5	3.9
id-10089	4	3	16	4.4
id-10090	5	4	2	5.0
id-10091	7	14	7	3.2
id-10092	5	10	9	4.6
id-10093	7	8	13	3.5
id-10094	2	3	19	3.2
id-10095	2	4	16	3.5
id-10096	9	13	17	4.4
id-10097	9	3	30	3.6
id-10098	3	2	2	4.2
id-10099	5	6	22	3.4
id-10100	6	2	18	3.2
id-10101	1	2	19	4.9
id-10102	1	2	14	3.6
id-10103	6	2	20	4.6
id-10104	1	2	25	3.8
id-10105	4	6	2	4.3
id-10106	1	2	1	5.0
id-10107	1	2	18	4.5
id-10108	4	8	5	3.8
id-10109	2	3	2	4.4
id-10110	6	12	7	4.7
id-10111	2	3	7	4.5
id-10112	8	8	19	4.0
id-10113	4	2	18	4.8
id-10114	3	3	16	4.4
id-10115	4	2	23	4.5
id-10116	2	2	19	4.5
id-10117	6	12	5	4.4
id-10118	6	6	28	3.8
id-10119	8	9	9	4.4
id-10120	1	2	10	3.3
id-10121	5	2	28	4.4
id-10122	3	6	13	3.2
id-10123	2	4	19	3.9
id-10124	1	2	29	3.1
id-10125	4	7	22	4.9
id-10126	5	10	15	4.9
id-10127	1	2	17	3.9
id-10128	10	12	27	3.1
id-10129	3	5	2	4.4
id-10130	6	7	10	3.9
id-10131	8	10	16	4.0
id-10132	8	4	16	3.6
id-10133	1	2	18	3.6
id-10134	8	2	22	4.6
id-10135	1	2	29	3.4
id-10136	5	7	27	4.2
id-10137	5	9	10	3.8
id-10138	4	2	23	4.6
id-10139	8	4	13	3.9
id-10140	1	2	28	4.5
id-10141	10	6	28	5.0
id-10142	5	8	9	3.3
id-10143	9	11	29	4.9
id-10144	8	16	5	3.3
id-10145	6	7	17	4.4
id-10146	5	3	11	3.6
id-10147	8	4	12	3.3
id-10148	9	17	23	3.9
id-10149	3	3	9	4.7
id-10150	4	8	20	3.1
id-10151	10	15	30	3.5
id-10152	8	14	14	4.9
id-10153	6	2	12	3.8
id-10154	4	3	4	3.6
id-10155	6	10	13	4.4
id-10156	5	6	14	4.2
id-10157	4	6	13	4.7
id-10158	6	6	20	4.3
id-10159	8	12	1	4.4
id-10160	3	5	19	4.6
id-10161	3	2	27	4.6
id-10162	10	4	21	3.3
id-10163	7	9	10	3.4
id-10164	2	4	14	3.8
id-10165	5	7	24	3.1
id-10166	9	18	10	3.3
id-10167	5	6	3	3.8
id-10168	2	3	17	4.7
id-10169	9	11	6	3.6
id-10170	9	15	26	3.4
id-10171	1	2	1	3.1
id-10172	9	17	25	3.3
id-10173	5	6	27	3.3
id-10174	7	10	14	4.1
id-10175	10	3	2	3.5
id-10176	10	8	30	3.1
id-10177	10	6	3	3.3
id-10178	7	5	2	3.4
id-10179	6	5	20	3.1
id-10180	4	5	30	5.0
id-10181	5	3	14	3.4
id-10182	3	5	11	4.1
id-10183	3	5	10	3.1
id-10184	7	10	19	3.1
id-10185	10	7	3	3.5
id-10186	3	4	6	4.5
id-10187	6	12	14	3.3
id-10188	2	3	20	3.1
id-10189	9	10	28	3.8
id-10190	3	5	1	3.2
id-10191	4	2	4	3.2
id-10192	4	3	29	4.8
id-10193	1	2	5	3.4
id-10194	10	10	18	3.9
id-10195	8	9	24	5.0
id-10196	7	5	12	3.4
id-10197	8	14	30	4.7
id-10198	7	14	30	4.1
id-10199	7	6	21	3.1
id-10200	3	6	16	4.1
id-10201	2	3	16	4.1
id-10202	9	3	30	3.6
id-10203	6	2	14	4.7
id-10204	10	8	28	4.8
id-10205	9	14	29	4.2
id-10206	6	3	21	4.6
id-10207	1	2	2	3.1
id-10208	3	4	16	3.9
id-10209	2	2	28	4.2
id-10210	10	2	5	3.2
id-10211	10	9	7	5.0
id-10212	1	2	6	4.3
id-10213	1	2	15	4.8
id-10214	2	2	29	3.9
id-10215	8	2	3	3.3
id-10216	2	3	27	3.9
id-10217	2	2	7	3.1
id-10218	8	5	10	4.8
id-10219	3	4	28	4.9
id-10220	9	7	22	3.3
id-10221	6	8	2	4.9
id-10222	4	3	20	3.2
id-10223	2	4	24	3.9
id-10224	7	9	25	3.0
id-10225	2	3	22	3.4
id-10226	5	5	18	4.1
id-10227	7	4	26	3.9
id-10228	4	7	6	3.9
id-10229	6	2	11	3.1
id-10230	9	17	19	3.6
id-10231	4	3	22	3.2
id-10232	1	2	26	3.2
id-10233	9	13	23	4.0
id-10234	10	15	30	4.2
id-10235	2	3	9	3.3
id-10236	7	9	14	3.8
id-10237	2	2	30	3.6
id-10238	2	4	10	4.4
id-10239	2	4	10	3.8
id-10240	4	3	27	4.7
id-10241	1	2	26	4.2
id-10242	8	15	15	4.8
id-10243	10	15	23	3.4
id-10244	9	8	20	4.3
id-10245	1	2	16	3.6
id-10246	3	3	9	4.0
id-10247	10	17	19	3.4
id-10248	1	2	9	5.0
id-10249	9	17	30	3.3
id-10250	4	4	8	3.4
id-10251	6	6	29	3.9
id-10252	9	14	5	4.7
id-10253	10	20	26	4.2
id-10254	10	2	20	3.7
id-10255	8	16	4	4.3
id-10256	7	10	2	4.3
id-10257	9	14	15	3.5
id-10258	9	12	17	3.4
id-10259	6	7	2	4.7
id-10260	10	17	23	3.6
id-10261	9	18	17	3.6
id-10262	9	13	16	3.9
id-10263	7	11	28	4.8
id-10264	1	2	24	4.7
id-10265	4	3	10	3.2
id-10266	10	7	12	3.0
id-10267	3	2	11	3.0
id-10268	5	4	22	4.9
id-10269	8	13	18	3.6
id-10270	7	12	17	4.0
id-10271	2	2	9	3.6
id-10272	8	16	18	3.3
id-10273	10	12	10	3.6
id-10274	10	20	27	3.5
id-10275	1	2	19	3.1
id-10276	2	3	26	4.6
id-10277	1	2	6	4.8
id-10278	10	6	17	3.4
id-10279	4	2	20	3.1
id-10280	4	6	23	3.9
id-10281	8	8	24	4.8
id-10282	7	11	12	4.7
id-10283	1	2	15	4.2
id-10284	7	6	29	4.9
id-10285	1	2	26	4.1
id-10286	8	15	24	3.9
id-10287	8	5	5	3.7
id-10288	10	18	11	3.9
id-10289	4	4	14	4.2
id-10290	4	5	12	4.3
id-10291	6	8	7	3.7
id-10292	8	3	21	4.8
id-10293	6	7	11	4.9
id-10294	4	4	25	5.0
id-10295	9	13	3	3.1
id-10296	3	2	24	4.6
id-10297	9	5	20	4.3
id-10298	8	14	7	4.4
id-10299	5	2	25	4.5
id-10300	3	4	16	3.6
id-10301	2	4	24	4.6
id-10302	7	11	29	4.3
id-10303	10	7	14	4.3
id-10304	3	3	13	4.2
id-10305	8	2	13	4.5
id-10306	1	2	13	3.7
id-10307	3	3	17	4.5
id-10308	2	2	13	3.7
id-10309	1	2	14	3.8
id-10310	5	3	14	3.9
id-10311	4	6	30	4.3
id-10312	1	2	12	3.6
id-10313	8	11	2	4.4
id-10314	5	6	23	3.3
id-10315	2	3	6	4.3
id-10316	1	2	8	4.4
id-10317	8	3	5	4.2
id-10318	1	2	16	5.0
id-10319	3	5	22	4.2
id-10320	1	2	5	3.4
id-10321	8	16	20	4.2
id-10322	3	3	11	4.6
id-10323	9	14	21	5.0
id-10324	6	8	10	4.7
id-10325	10	2	25	4.6
id-10326	7	3	3	3.6
id-10327	6	8	28	3.4
id-10328	4	6	24	3.4
id-10329	4	4	29	4.9
id-10330	1	2	12	5.0
id-10331	2	3	12	3.8
id-10332	8	13	15	4.3
id-10333	1	2	20	4.8
id-10334	6	9	7	4.3
id-10335	5	5	17	3.6
id-10336	6	6	1	3.7
id-10337	7	3	15	4.6
id-10338	7	13	3	4.7
id-10339	7	4	16	4.0
id-10340	6	9	16	4.3
id-10341	7	11	6	3.2
id-10342	4	5	24	4.5
id-10343	5	9	14	3.8
id-10344	10	10	2	3.0
id-10345	1	2	16	5.0
id-10346	5	4	1	3.2
id-10347	9	2	19	3.1
id-10348	3	2	3	4.3
id-10349	1	2	23	4.4
id-10350	3	3	8	3.0
id-10351	1	2	5	3.5
id-10352	2	4	13	4.4
id-10353	8	16	1	4.5
id-10354	8	8	26	4.6
id-10355	1	2	28	4.4
id-10356	3	4	21	4.0
id-10357	2	4	23	3.1
id-10358	2	2	10	4.0
id-10359	2	3	19	4.6
id-10360	8	8	2	4.5
id-10361	9	14	15	4.8
id-10362	3	3	19	3.7
id-10363	7	6	27	3.4
id-10364	7	9	23	3.6
id-10365	10	16	1	3.9
id-10366	1	2	12	4.6
id-10367	8	7	19	4.6
id-10368	3	2	9	4.4
id-10369	3	2	21	3.4
id-10370	6	11	23	3.3
id-10371	9	14	12	4.9
id-10372	1	2	25	4.0
id-10373	7	7	12	4.6
id-10374	8	15	22	3.8
id-10375	1	2	20	4.5
id-10376	8	5	18	3.2
id-10377	9	14	14	4.6
id-10378	9	8	16	4.8
id-10379	5	9	28	4.9
id-10380	9	2	26	4.0
id-10381	6	10	1	4.7
id-10382	4	3	11	4.8
id-10383	9	2	9	3.5
id-10384	3	4	30	3.4
id-10385	5	7	19	4.6
id-10386	1	2	2	4.5
id-10387	10	16	29	3.0
id-10388	5	2	7	4.9
id-10389	3	4	1	4.2
id-10390	1	2	27	3.2
id-10391	5	8	7	4.1
id-10392	6	12	11	3.6
id-10393	10	9	22	4.8
id-10394	4	6	7	3.3
id-10395	4	7	7	3.7
id-10396	10	5	27	5.0
id-10397	7	11	22	3.6
id-10398	2	4	12	4.6
id-10399	10	13	10	4.2
id-10400	5	5	18	4.6
id-10401	1	2	11	4.1
id-10402	4	8	23	3.4
id-10403	8	15	14	3.2
id-10404	7	12	27	4.7
id-10405	7	6	25	3.8
id-10406	4	6	5	3.1
id-10407	3	3	6	4.9
id-10408	3	2	20	4.6
id-10409	6	12	26	5.0
id-10410	2	4	18	3.6
id-10411	4	3	16	3.6
id-10412	9	10	21	4.0
id-10413	2	2	2	3.6
id-10414	1	2	8	4.0
id-10415	5	6	13	4.5
id-10416	2	2	30	4.6
id-10417	1	2	2	3.6
id-10418	8	12	16	3.0
id-10419	3	5	6	4.0
id-10420	1	2	6	3.8
id-10421	6	11	23	4.7
id-10422	1	2	22	4.8
id-10423	6	10	18	4.6
id-10424	8	16	19	4.3
id-10425	8	11	18	3.4
id-10426	1	2	16	4.4
id-10427	2	4	24	4.6
id-10428	3	6	16	5.0
id-10429	8	15	30	3.6
id-10430	4	5	30	3.1
id-10431	5	10	10	3.1
id-10432	5	10	14	3.5
id-10433	6	6	10	5.0
id-10434	1	2	9	4.7
id-10435	3	5	20	3.5
id-10436	8	12	4	3.1
id-10437	5	6	2	4.9
id-10438	4	7	3	3.7
id-10439	4	7	21	4.0
id-10440	4	3	9	3.5
id-10441	6	11	26	4.3
id-10442	9	12	12	3.2
id-10443	2	3	14	4.1
id-10444	4	6	24	4.6
id-10445	10	4	24	3.8
id-10446	8	5	26	4.8
id-10447	4	4	9	4.5
id-10448	5	10	13	4.2
id-10449	7	2	22	4.5
id-10450	4	4	21	3.3
id-10451	4	7	28	4.0
id-10452	6	11	27	4.5
id-10453	9	10	17	4.9
id-10454	6	11	26	4.0
id-10455	4	5	1	4.1
id-10456	7	10	4	4.0
id-10457	8	7	6	3.6
id-10458	3	5	28	3.0
id-10459	6	11	20	4.3
id-10460	3	4	13	4.8
id-10461	2	4	19	3.7
id-10462	1	2	20	3.8
id-10463	10	7	16	3.0
id-10464	3	3	13	4.0
id-10465	2	3	27	4.3
id-10466	2	4	15	3.3
id-10467	4	2	28	3.5
id-10468	8	15	7	4.0
id-10469	1	2	10	4.5
id-10470	5	4	18	3.5
id-10471	9	15	3	4.5
id-10472	2	2	11	4.2
id-10473	4	3	17	4.5
id-10474	8	13	6	4.6
id-10475	5	7	16	3.8
id-10476	5	6	18	4.9
id-10477	6	10	20	3.9
id-10478	2	4	15	4.0
id-10479	5	8	5	3.4
id-10480	7	13	30	4.1
id-10481	10	4	19	4.7
id-10482	7	3	15	3.9
id-10483	9	5	13	4.9
id-10484	3	5	3	5.0
id-10485	7	9	6	4.6
id-10486	7	12	17	4.2
id-10487	3	3	6	3.9
id-10488	3	6	23	3.3
id-10489	1	2	1	4.7
id-10490	3	6	17	3.5
id-10491	2	3	1	4.8
id-10492	8	10	15	4.0
id-10493	2	4	13	4.2
id-10494	4	7	11	4.4
id-10495	1	2	24	4.7
id-10496	8	3	24	4.4
id-10497	9	13	16	4.4
id-10498	3	5	28	4.0
id-10499	6	9	22	3.0
id-10500	4	5	4	3.1
id-10501	8	6	16	3.8
id-10502	2	4	20	4.9
id-10503	6	6	29	3.1
id-10504	3	2	20	4.1
id-10505	6	3	26	3.2
id-10506	10	10	11	3.6
id-10507	6	3	10	3.6
id-10508	2	2	3	4.4
id-10509	1	2	19	4.0
id-10510	5	2	26	5.0
id-10511	6	5	8	3.2
id-10512	9	8	23	3.3
id-10513	9	3	27	4.5
id-10514	10	12	8	4.2
id-10515	2	4	22	5.0
id-10516	7	10	6	4.1
id-10517	9	13	11	4.2
id-10518	9	10	24	3.5
id-10519	3	2	21	4.2
id-10520	1	2	4	3.5
id-10521	9	4	18	4.3
id-10522	5	2	3	5.0
id-10523	6	7	21	4.7
id-10524	4	3	12	3.8
id-10525	3	2	2	3.7
id-10526	7	8	13	3.9
id-10527	2	3	28	3.7
id-10528	8	12	14	4.4
id-10529	8	9	2	3.8
id-10530	6	3	19	3.1
id-10531	3	4	8	4.3
id-10532	9	8	24	4.5
id-10533	4	2	27	4.7
id-10534	2	4	28	3.4
id-10535	5	9	21	4.3
id-10536	2	4	26	3.1
id-10537	3	6	30	4.2
id-10538	7	11	4	4.3
id-10539	9	8	23	3.9
id-10540	6	5	7	5.0
id-10541	4	5	7	4.9
id-10542	4	3	19	3.4
id-10543	7	11	27	4.3
id-10544	2	4	23	4.7
id-10545	5	5	30	5.0
id-10546	4	4	20	3.8
id-10547	5	5	1	4.6
id-10548	10	8	5	4.4
id-10549	2	2	23	4.3
id-10550	1	2	30	3.4
id-10551	8	13	4	5.0
id-10552	9	9	7	4.2
id-10553	9	13	28	4.0
id-10554	4	4	22	3.2
id-10555	7	9	6	3.4
id-10556	2	3	23	4.0
id-10557	10	6	12	4.7
id-10558	9	10	3	4.9
id-10559	4	2	18	3.8
id-10560	3	3	15	3.0
id-10561	3	5	14	3.3
id-10562	3	3	23	4.0
id-10563	2	3	30	4.2
id-10564	3	2	8	4.6
id-10565	4	3	21	3.5
id-10566	5	8	1	4.5
id-10567	1	2	26	3.2
id-10568	1	2	28	4.5
id-10569	5	4	20	4.3
id-10570	10	18	14	4.6
id-10571	3	3	5	3.6
id-10572	8	6	17	3.9
id-10573	9	7	21	3.7
id-10574	9	12	26	3.2
id-10575	3	2	12	3.4
id-10576	6	6	30	3.3
id-10577	2	2	16	3.6
id-10578	10	11	19	4.6
id-10579	5	6	17	3.4
id-10580	7	12	6	4.5
id-10581	1	2	23	4.1
id-10582	8	12	20	3.9
id-10583	4	7	19	4.6
id-10584	3	3	6	4.5
id-10585	3	4	9	3.8
id-10586	4	7	27	4.4
id-10587	9	10	23	3.6
id-10588	5	6	20	3.9
id-10589	2	3	16	4.0
id-10590	2	2	8	4.0
id-10591	3	6	30	4.0
id-10592	4	8	24	3.8
id-10593	5	6	30	4.4
id-10594	1	2	30	3.5
id-10595	5	2	7	4.2
id-10596	10	12	14	4.7
id-10597	3	3	19	4.8
id-10598	9	12	6	4.1
id-10599	5	6	4	3.5
id-10600	2	3	3	3.9
id-10601	5	5	23	3.0
id-10602	4	5	7	3.7
id-10603	3	2	7	3.1
id-10604	8	11	1	4.6
id-10605	9	13	7	3.1
id-10606	9	2	7	4.0
id-10607	6	11	19	5.0
id-10608	1	2	30	3.3
id-10609	7	4	25	3.6
id-10610	6	10	20	4.0
id-10611	4	3	28	3.7
id-10612	7	14	1	3.1
id-10613	5	9	2	3.9
id-10614	10	8	15	3.1
id-10615	8	3	30	3.3
id-10616	9	7	19	4.4
id-10617	6	2	26	3.2
id-10618	5	5	2	4.5
id-10619	1	2	22	4.8
id-10620	9	17	10	3.5
id-10621	8	5	23	3.0
id-10622	9	7	1	5.0
id-10623	4	2	6	3.1
id-10624	5	5	2	3.4
id-10625	10	20	10	4.3
id-10626	9	10	23	3.8
id-10627	10	2	6	4.2
id-10628	1	2	17	3.8
id-10629	1	2	22	5.0
id-10630	10	11	21	3.1
id-10631	7	8	5	4.7
id-10632	6	8	18	4.3
id-10633	4	5	21	4.2
id-10634	2	2	19	3.6
id-10635	6	8	30	3.8
id-10636	2	2	21	3.9
id-10637	5	3	30	4.6
id-10638	1	2	11	3.1
id-10639	6	5	28	3.6
id-10640	3	3	7	4.6
id-10641	2	2	27	4.3
id-10642	9	16	14	4.7
id-10643	8	14	26	3.3
id-10644	1	2	6	4.0
id-10645	6	12	18	4.9
id-10646	9	16	12	4.4
id-10647	5	6	25	4.2
id-10648	3	3	27	4.7
id-10649	9	11	17	4.4
id-10650	10	16	11	3.8
id-10651	8	5	10	3.8
id-10652	8	11	27	3.5
id-10653	9	13	27	4.1
id-10654	2	2	22	3.7
id-10655	8	9	24	3.0
id-10656	6	7	4	4.9
id-10657	10	19	7	4.3
id-10658	4	6	4	3.4
id-10659	4	6	1	3.0
id-10660	8	3	22	3.7
id-10661	10	13	10	3.6
id-10662	2	2	16	4.5
id-10663	4	8	1	3.8
id-10664	8	5	5	4.1
id-10665	8	4	18	4.1
id-10666	10	8	9	3.9
id-10667	8	12	16	4.2
id-10668	5	6	6	4.6
id-10669	5	8	8	4.3
id-10670	7	12	14	4.8
id-10671	10	3	22	3.1
id-10672	10	19	2	4.7
id-10673	10	20	6	3.6
id-10674	8	5	7	4.0
id-10675	5	7	30	3.7
id-10676	9	5	6	3.9
id-10677	8	13	20	3.3
id-10678	8	10	25	3.8
id-10679	9	18	26	4.8
id-10680	2	2	23	4.1
id-10681	4	2	9	4.7
id-10682	7	12	16	4.9
id-10683	3	2	27	3.5
id-10684	3	6	16	3.8
id-10685	6	3	6	4.8
id-10686	6	4	12	3.2
id-10687	8	3	4	4.6
id-10688	1	2	21	3.8
id-10689	6	9	20	4.5
id-10690	5	2	16	3.6
id-10691	1	2	27	3.5
id-10692	3	4	26	3.4
id-10693	2	3	21	4.6
id-10694	6	7	28	3.5
id-10695	6	11	25	4.6
id-10696	10	11	10	4.6
id-10697	4	8	11	3.7
id-10698	10	17	15	4.7
id-10699	5	9	1	4.2
id-10700	9	3	23	4.3
id-10701	7	3	24	4.3
id-10702	4	4	25	4.7
id-10703	1	2	3	4.5
id-10704	5	2	15	3.8
id-10705	9	13	20	4.2
id-10706	6	10	12	3.4
id-10707	6	7	14	4.2
id-10708	4	6	23	4.8
id-10709	2	3	16	4.0
id-10710	7	9	4	3.1
id-10711	6	5	17	4.6
id-10712	4	4	22	4.4
id-10713	6	11	28	4.1
id-10714	3	3	11	3.1
id-10715	7	4	11	4.4
id-10716	6	2	25	5.0
id-10717	10	11	24	3.1
id-10718	9	5	17	3.5
id-10719	3	3	10	3.3
id-10720	4	2	4	4.7
id-10721	2	3	1	4.4
id-10722	9	13	3	4.9
id-10723	1	2	16	4.9
id-10724	4	2	14	4.0
id-10725	9	5	6	4.4
id-10726	5	9	6	3.3
id-10727	8	5	6	4.1
id-10728	1	2	20	3.5
id-10729	3	3	6	4.1
id-10730	1	2	23	4.1
id-10731	3	3	11	4.2
id-10732	5	2	21	3.8
id-10733	7	9	24	4.3
id-10734	9	18	1	3.2
id-10735	6	5	18	3.2
id-10736	1	2	10	3.2
id-10737	9	8	8	4.2
id-10738	7	4	9	4.0
id-10739	5	2	2	3.4
id-10740	2	2	17	3.8
id-10741	10	3	1	3.4
id-10742	2	3	9	3.6
id-10743	5	6	30	3.7
id-10744	1	2	1	3.5
id-10745	7	5	26	4.6
id-10746	6	6	24	4.7
id-10747	3	3	14	3.2
id-10748	4	7	2	3.4
id-10749	9	15	25	3.6
id-10750	6	2	7	5.0
id-10751	1	2	14	3.7
id-10752	7	2	29	3.3
id-10753	6	4	10	3.7
id-10754	10	3	11	3.2
id-10755	3	4	19	4.5
id-10756	2	4	26	4.1
id-10757	10	18	9	4.1
id-10758	9	18	13	3.1
id-10759	2	4	13	4.3
id-10760	4	6	9	4.8
id-10761	7	13	21	4.0
id-10762	9	14	12	4.5
id-10763	3	3	14	4.7
id-10764	1	2	20	4.4
id-10765	6	4	21	4.1
id-10766	10	13	17	3.8
id-10767	8	6	17	4.2
id-10768	9	4	28	4.0
id-10769	10	19	4	4.3
id-10770	10	12	21	4.7
id-10771	5	10	11	3.1
id-10772	4	3	1	3.0
id-10773	6	9	17	3.5
id-10774	9	9	20	4.1
id-10775	9	15	14	4.9
id-10776	2	4	13	3.1
id-10777	8	12	2	3.8
id-10778	7	8	23	3.5
id-10779	3	6	28	3.7
id-10780	10	6	27	3.1
id-10781	1	2	1	4.7
id-10782	3	5	22	4.4
id-10783	5	2	9	4.1
id-10784	8	11	9	3.1
id-10785	1	2	15	3.5
id-10786	9	12	19	3.5
id-10787	4	5	15	4.6
id-10788	1	2	23	4.0
id-10789	2	2	18	4.6
id-10790	6	6	2	3.0
id-10791	4	7	28	3.6
id-10792	6	2	13	4.3
id-10793	1	2	12	4.9
id-10794	1	2	28	3.0
id-10795	4	7	5	4.0
id-10796	8	10	1	5.0
id-10797	7	12	16	4.9
id-10798	7	13	24	3.4
id-10799	8	9	30	3.7
id-10800	9	14	1	4.1
id-10801	1	2	20	3.3
id-10802	8	3	23	3.2
id-10803	3	3	25	4.9
id-10804	4	8	30	3.0
id-10805	2	4	29	4.0
id-10806	8	8	15	3.9
id-10807	3	5	27	4.4
id-10808	7	9	22	4.2
id-10809	9	13	24	3.7
id-10810	7	7	15	3.9
id-10811	4	5	12	4.0
id-10812	9	13	29	3.9
id-10813	2	4	15	4.6
id-10814	1	2	7	4.6
id-10815	2	3	30	4.4
id-10816	9	3	23	3.7
id-10817	8	7	28	4.5
id-10818	8	12	27	4.8
id-10819	2	3	18	4.5
id-10820	7	5	25	4.3
id-10821	2	4	12	4.8
id-10822	4	2	18	4.2
id-10823	9	14	23	3.2
id-10824	9	14	13	4.6
id-10825	4	4	21	5.0
id-10826	8	12	26	3.0
id-10827	4	6	13	3.8
id-10828	9	5	14	3.1
id-10829	9	4	16	3.0
id-10830	9	15	24	4.7
id-10831	6	5	14	4.2
id-10832	9	6	12	3.3
id-10833	9	13	4	3.8
id-10834	5	5	6	4.6
id-10835	3	3	26	5.0
id-10836	10	16	7	4.8
id-10837	8	8	2	3.1
id-10838	3	5	7	3.4
id-10839	3	6	16	3.7
id-10840	5	3	25	3.0
id-10841	1	2	12	4.3
id-10842	4	5	16	4.8
id-10843	10	18	7	4.7
id-10844	1	2	25	3.5
id-10845	10	5	22	5.0
id-10846	1	2	28	4.9
id-10847	3	3	3	4.6
id-10848	8	13	12	4.7
id-10849	6	5	4	4.2
id-10850	10	6	6	4.6
id-10851	10	10	11	3.2
id-10852	3	4	6	4.3
id-10853	2	2	14	3.0
id-10854	3	4	17	3.8
id-10855	3	4	14	3.2
id-10856	3	3	26	3.9
id-10857	5	5	30	4.0
id-10858	1	2	18	3.0
id-10859	6	10	27	4.2
id-10860	4	5	27	3.2
id-10861	6	4	2	3.5
id-10862	10	12	16	4.2
id-10863	7	9	1	4.3
id-10864	5	2	22	3.4
id-10865	1	2	25	4.6
id-10866	5	9	7	4.0
id-10867	6	4	1	3.4
id-10868	2	3	30	3.9
id-10869	2	4	5	4.8
id-10870	10	3	24	3.7
id-10871	10	4	9	3.3
id-10872	6	11	14	3.4
id-10873	7	9	7	3.9
id-10874	8	3	27	3.3
id-10875	8	6	29	4.0
id-10876	6	8	9	3.1
id-10877	6	7	24	4.9
id-10878	1	2	8	3.7
id-10879	7	7	3	3.5
id-10880	9	18	11	4.6
id-10881	9	2	18	4.9
id-10882	8	7	26	3.4
id-10883	10	6	1	3.5
id-10884	1	2	22	4.5
id-10885	6	6	1	4.1
id-10886	5	5	12	4.1
id-10887	3	5	22	4.6
id-10888	9	12	11	3.7
id-10889	4	7	4	4.1
id-10890	6	3	29	4.5
id-10891	2	3	23	5.0
id-10892	8	2	11	3.7
id-10893	1	2	1	3.4
id-10894	6	11	24	3.5
id-10895	3	6	30	4.4
id-10896	2	2	2	4.7
id-10897	1	2	28	3.0
id-10898	8	5	3	4.1
id-10899	8	15	14	3.0
id-10900	5	7	15	4.4
id-10901	9	4	17	3.9
id-10902	8	7	11	4.5
id-10903	10	20	23	3.9
id-10904	2	4	3	5.0
id-10905	9	9	20	4.9
id-10906	4	2	10	3.4
id-10907	7	3	17	5.0
id-10908	5	9	23	4.8
id-10909	4	8	1	4.5
id-10910	10	6	18	4.0
id-10911	5	8	30	4.6
id-10912	7	7	1	3.3
id-10913	2	4	10	3.9
id-10914	1	2	7	3.6
id-10915	7	14	7	4.2
id-10916	6	5	23	3.6
id-10917	5	7	1	4.9
id-10918	2	4	30	3.0
id-10919	5	8	7	3.1
id-10920	2	4	25	4.8
id-10921	6	9	13	3.5
id-10922	7	13	25	4.2
id-10923	8	4	19	4.5
id-10924	4	2	22	4.8
id-10925	3	2	30	4.6
id-10926	10	6	21	3.4
id-10927	8	5	1	3.1
id-10928	2	3	22	4.4
id-10929	3	5	17	4.1
id-10930	8	3	18	4.0
id-10931	5	3	12	3.3
id-10932	8	2	8	3.2
id-10933	8	8	18	3.8
id-10934	4	7	2	4.3
id-10935	1	2	11	4.1
id-10936	3	6	14	4.4
id-10937	4	2	12	4.2
id-10938	3	5	15	3.9
id-10939	3	6	24	3.7
id-10940	9	10	8	4.3
id-10941	9	8	16	4.5
id-10942	10	8	30	4.5
id-10943	7	14	8	3.3
id-10944	8	14	26	4.5
id-10945	4	5	7	4.2
id-10946	9	14	26	4.6
id-10947	1	2	5	3.0
id-10948	1	2	28	4.6
id-10949	5	8	3	4.2
id-10950	8	15	26	4.7
id-10951	4	4	2	3.1
id-10952	2	2	4	3.8
id-10953	9	5	13	3.7
id-10954	4	4	22	4.1
id-10955	5	10	7	4.8
id-10956	10	13	11	3.1
id-10957	6	3	21	4.5
id-10958	2	4	12	3.1
id-10959	5	8	21	3.3
id-10960	5	10	2	4.4
id-10961	10	2	4	4.1
id-10962	2	3	20	4.5
id-10963	5	2	19	3.3
id-10964	3	6	25	4.3
id-10965	6	7	12	3.6
id-10966	6	8	4	4.6
id-10967	10	13	25	3.3
id-10968	1	2	5	3.7
id-10969	9	7	8	4.7
id-10970	1	2	13	4.6
id-10971	7	2	14	4.4
id-10972	10	11	30	4.3
id-10973	2	2	23	4.1
id-10974	4	6	2	3.3
id-10975	2	4	30	3.6
id-10976	1	2	27	3.9
id-10977	9	11	29	4.7
id-10978	1	2	21	3.2
id-10979	3	2	11	3.6
id-10980	9	18	14	4.9
id-10981	4	4	29	3.9
id-10982	2	3	1	4.3
id-10983	2	3	29	4.7
id-10984	9	13	7	3.7
id-10985	6	8	28	3.4
id-10986	3	4	10	3.0
id-10987	6	7	24	3.4
id-10988	7	4	24	3.1
id-10989	7	10	14	3.3
id-10990	10	6	1	4.1
id-10991	2	4	4	4.2
id-10992	2	3	3	4.5
id-10993	1	2	2	4.7
id-10994	6	10	11	4.0
id-10995	5	9	21	4.9
id-10996	9	6	19	3.5
id-10997	8	8	1	3.9
id-10998	1	2	26	3.2
id-10999	5	9	25	3.1
id-11000	5	8	24	3.7
id-11001	9	18	21	4.7
id-11002	1	2	5	4.2
id-11003	7	14	1	4.2
id-11004	6	11	11	4.4
id-11005	10	3	28	3.1
id-11006	2	4	15	3.9
id-11007	2	4	23	3.2
id-11008	8	4	19	3.4
id-11009	5	7	27	4.7
id-11010	7	12	16	3.9
id-11011	3	4	27	4.1
id-11012	10	10	16	3.7
id-11013	3	5	9	4.2
id-11014	3	4	29	3.5
id-11015	4	5	1	3.4
id-11016	6	5	17	3.1
id-11017	9	15	2	4.4
id-11018	5	9	12	3.2
id-11019	4	3	11	3.7
id-11020	4	4	21	4.2
id-11021	5	10	18	4.7
id-11022	5	9	2	3.2
id-11023	5	8	12	3.9
id-11024	4	4	25	4.9
id-11025	4	2	30	4.5
id-11026	9	10	14	4.5
id-11027	3	4	2	4.6
id-11028	5	9	19	3.7
id-11029	3	2	30	3.1
id-11030	3	3	25	4.0
id-11031	4	6	25	4.4
id-11032	6	7	2	4.0
id-11033	2	3	27	3.1
id-11034	4	5	25	3.3
id-11035	3	6	15	3.5
id-11036	10	17	13	4.3
id-11037	5	10	23	3.2
id-11038	9	8	9	4.4
id-11039	4	3	21	4.3
id-11040	6	8	27	4.3
id-11041	1	2	25	3.8
id-11042	1	2	30	4.4
id-11043	5	10	8	3.9
id-11044	9	7	11	4.3
id-11045	3	5	19	4.2
id-11046	9	18	16	3.4
id-11047	2	3	28	4.4
id-11048	9	18	17	4.4
id-11049	5	9	15	4.5
id-11050	1	2	21	3.8
id-11051	7	13	29	4.7
id-11052	7	12	4	4.5
id-11053	5	2	19	4.4
id-11054	6	7	23	3.4
id-11055	7	12	4	5.0
id-11056	3	4	29	3.1
id-11057	4	7	2	3.7
id-11058	7	3	2	3.9
id-11059	6	11	6	3.7
id-11060	7	11	20	3.8
id-11061	2	4	30	4.8
id-11062	6	6	27	4.3
id-11063	2	2	26	4.7
id-11064	7	3	14	4.8
id-11065	1	2	25	3.2
id-11066	9	8	16	4.8
id-11067	3	2	2	3.7
id-11068	10	19	9	4.5
id-11069	1	2	17	3.1
id-11070	9	12	13	4.6
id-11071	7	9	10	3.2
id-11072	2	2	27	4.2
id-11073	9	14	17	4.9
id-11074	1	2	8	4.3
id-11075	3	6	13	4.1
id-11076	7	12	8	4.3
id-11077	7	5	7	3.3
id-11078	5	9	18	4.3
id-11079	7	9	27	3.5
id-11080	5	10	17	3.3
id-11081	8	5	23	4.8
id-11082	1	2	5	3.3
id-11083	2	2	21	4.7
id-11084	3	2	8	4.6
id-11085	7	4	10	4.4
id-11086	2	4	25	4.9
id-11087	4	7	26	4.7
id-11088	2	2	3	3.1
id-11089	7	6	23	5.0
id-11090	1	2	2	4.9
id-11091	3	6	29	3.8
id-11092	3	3	26	4.9
id-11093	8	5	6	3.2
id-11094	8	9	4	4.5
id-11095	1	2	27	4.0
id-11096	10	2	8	5.0
id-11097	9	9	9	3.9
id-11098	8	8	2	3.7
id-11099	2	3	21	4.7
id-11100	3	5	1	3.1
id-11101	7	3	23	4.7
id-11102	7	6	20	4.6
id-11103	8	9	27	4.9
id-11104	3	6	29	4.7
id-11105	10	17	2	4.5
id-11106	7	10	7	4.9
id-11107	1	2	28	4.0
id-11108	7	13	29	3.4
id-11109	4	4	6	4.1
id-11110	10	4	6	4.1
id-11111	5	8	18	3.9
id-11112	1	2	24	3.7
id-11113	2	4	22	4.8
id-11114	6	12	20	4.6
id-11115	10	20	2	4.3
id-11116	1	2	2	3.8
id-11117	5	10	10	4.7
id-11118	5	3	28	4.7
id-11119	5	5	10	3.3
id-11120	1	2	1	3.2
id-11121	3	3	19	4.6
id-11122	5	6	16	3.2
id-11123	8	8	16	3.1
id-11124	6	6	2	4.6
id-11125	4	5	18	3.6
id-11126	8	15	14	3.0
id-11127	1	2	10	4.1
id-11128	7	13	15	4.7
id-11129	4	3	8	4.8
id-11130	5	2	21	3.1
id-11131	4	7	25	4.1
id-11132	8	12	6	3.2
id-11133	1	2	24	3.4
id-11134	4	8	17	3.4
id-11135	3	2	20	3.7
id-11136	9	12	16	4.2
id-11137	6	10	24	4.3
id-11138	5	5	7	3.5
id-11139	5	4	7	3.1
id-11140	7	6	23	4.8
id-11141	5	7	5	3.2
id-11142	3	2	3	3.5
id-11143	10	5	25	3.4
id-11144	8	14	29	3.7
id-11145	4	2	7	3.9
id-11146	6	6	17	4.3
id-11147	6	12	3	5.0
id-11148	5	9	15	4.7
id-11149	7	9	10	3.9
id-11150	3	5	24	4.2
id-11151	6	9	2	4.0
id-11152	7	6	6	3.0
id-11153	9	5	13	3.3
id-11154	8	13	25	4.2
id-11155	3	5	17	4.3
id-11156	8	5	10	3.6
id-11157	1	2	9	4.0
id-11158	9	18	13	4.3
id-11159	6	11	20	4.0
id-11160	6	8	8	3.1
id-11161	10	10	28	3.8
id-11162	7	2	8	3.6
id-11163	4	2	17	4.5
id-11164	7	10	16	4.9
id-11165	2	2	10	3.6
id-11166	7	6	21	4.1
id-11167	2	2	6	4.2
id-11168	2	4	8	4.5
id-11169	7	13	11	3.9
id-11170	9	6	6	4.2
id-11171	9	6	7	3.6
id-11172	5	5	25	4.6
id-11173	10	3	15	4.0
id-11174	1	2	1	3.3
id-11175	3	4	13	4.5
id-11176	10	11	29	4.2
id-11177	7	13	13	4.4
id-11178	3	2	10	4.9
id-11179	4	5	17	3.0
id-11180	3	3	21	4.8
id-11181	4	7	16	3.2
id-11182	3	3	26	3.1
id-11183	6	5	13	4.3
id-11184	2	2	26	3.3
id-11185	7	13	5	3.2
id-11186	2	4	25	4.1
id-11187	10	18	24	3.8
id-11188	9	3	28	3.0
id-11189	2	2	21	4.9
id-11190	3	3	1	3.7
id-11191	5	4	19	4.9
id-11192	7	9	2	3.5
id-11193	6	7	8	3.3
id-11194	6	11	27	3.7
id-11195	1	2	7	4.1
id-11196	6	9	25	3.0
id-11197	3	5	5	4.4
id-11198	7	14	26	4.3
id-11199	2	3	29	3.5
id-11200	5	6	6	4.0
id-11201	1	2	6	3.7
id-11202	8	7	14	4.1
id-11203	10	2	24	4.0
id-11204	8	15	5	4.7
id-11205	4	6	3	4.9
id-11206	7	12	7	4.3
id-11207	9	8	30	3.0
id-11208	9	5	25	3.5
id-11209	3	4	17	4.4
id-11210	3	3	26	3.7
id-11211	9	4	2	4.0
id-11212	6	12	6	3.5
id-11213	9	2	25	4.7
id-11214	1	2	20	3.6
id-11215	7	2	16	4.1
id-11216	3	2	30	3.2
id-11217	9	17	13	4.4
id-11218	3	3	6	3.1
id-11219	9	6	26	4.4
id-11220	10	10	25	4.3
id-11221	6	10	15	3.4
id-11222	2	2	3	3.4
id-11223	8	4	9	3.4
id-11224	3	3	25	4.0
id-11225	8	3	25	4.4
id-11226	6	3	15	3.9
id-11227	10	17	2	3.7
id-11228	8	10	10	4.9
id-11229	4	6	16	4.0
id-11230	8	16	19	3.9
id-11231	4	6	15	4.4
id-11232	1	2	15	3.7
id-11233	2	2	11	3.9
id-11234	9	4	9	4.8
id-11235	2	4	15	4.0
id-11236	1	2	17	4.0
id-11237	2	4	17	3.8
id-11238	1	2	24	3.2
id-11239	7	11	5	3.2
id-11240	8	15	10	4.0
id-11241	1	2	12	4.4
id-11242	1	2	15	3.8
id-11243	6	4	12	3.7
id-11244	3	6	17	5.0
id-11245	6	11	13	3.3
id-11246	8	8	19	3.9
id-11247	3	4	24	4.8
id-11248	1	2	19	4.6
id-11249	10	11	24	4.7
id-11250	1	2	13	3.2
id-11251	8	13	4	4.1
id-11252	6	8	28	3.8
id-11253	4	8	19	3.1
id-11254	3	5	19	4.9
id-11255	2	4	30	3.4
id-11256	9	13	13	3.9
id-11257	6	6	10	3.5
id-11258	8	12	5	4.4
id-11259	5	3	15	4.2
id-11260	1	2	15	4.5
id-11261	3	5	17	3.2
id-11262	6	10	6	3.8
id-11263	7	13	21	4.6
id-11264	6	9	18	4.5
id-11265	5	2	6	3.4
id-11266	9	10	15	4.7
id-11267	10	2	12	4.6
id-11268	10	16	8	4.2
id-11269	3	6	15	4.3
id-11270	2	4	10	4.6
id-11271	7	9	6	3.5
id-11272	4	4	4	3.4
id-11273	8	3	9	4.5
id-11274	1	2	22	4.7
id-11275	9	17	12	3.8
id-11276	5	8	5	3.4
id-11277	9	17	17	4.5
id-11278	1	2	21	3.8
id-11279	3	6	21	4.6
id-11280	1	2	13	4.7
id-11281	10	6	3	3.4
id-11282	6	6	2	4.2
id-11283	10	11	21	3.6
id-11284	1	2	9	3.5
id-11285	2	3	25	3.0
id-11286	5	5	24	3.0
id-11287	2	4	7	3.5
id-11288	7	9	28	3.4
id-11289	6	7	19	3.1
id-11290	3	4	10	3.4
id-11291	9	9	9	4.7
id-11292	6	5	8	5.0
id-11293	1	2	5	3.9
id-11294	10	5	23	3.5
id-11295	8	3	10	4.4
id-11296	5	8	5	4.9
id-11297	2	3	10	4.4
id-11298	3	3	25	3.1
id-11299	2	4	13	4.9
id-11300	10	8	19	4.0
id-11301	10	16	16	4.3
id-11302	5	9	30	4.5
id-11303	6	9	15	4.1
id-11304	8	5	13	4.9
id-11305	1	2	6	4.2
id-11306	2	4	14	3.3
id-11307	7	2	23	3.8
id-11308	1	2	15	3.4
id-11309	4	6	30	4.4
id-11310	10	8	15	4.1
id-11311	3	5	27	4.6
id-11312	6	11	12	3.8
id-11313	6	11	13	4.5
id-11314	1	2	5	4.4
id-11315	10	5	19	3.1
id-11316	9	5	11	4.6
id-11317	9	8	2	3.2
id-11318	5	3	15	3.6
id-11319	9	17	20	3.6
id-11320	2	4	30	3.1
id-11321	5	10	25	4.3
id-11322	8	3	20	4.1
id-11323	2	4	30	4.4
id-11324	2	4	26	4.9
id-11325	10	3	2	4.6
id-11326	3	4	2	4.6
id-11327	6	8	17	4.6
id-11328	8	9	6	4.6
id-11329	10	14	26	4.5
id-11330	10	18	18	3.8
id-11331	4	5	25	3.1
id-11332	8	13	10	4.1
id-11333	5	6	22	4.4
id-11334	10	13	19	4.8
id-11335	10	16	6	4.1
id-11336	7	13	21	3.2
id-11337	9	6	27	4.6
id-11338	5	6	21	3.5
id-11339	3	6	20	4.7
id-11340	8	10	22	4.1
id-11341	9	11	19	3.8
id-11342	8	4	22	4.8
id-11343	2	2	13	4.8
id-11344	3	5	1	3.3
id-11345	2	4	14	3.9
id-11346	5	9	20	4.8
id-11347	7	5	1	4.3
id-11348	5	6	20	3.9
id-11349	5	4	12	3.8
id-11350	3	3	10	4.6
id-11351	6	11	10	3.2
id-11352	3	4	23	3.2
id-11353	5	4	24	4.1
id-11354	3	2	24	4.1
id-11355	7	3	21	3.8
id-11356	7	14	11	4.5
id-11357	5	6	7	4.1
id-11358	2	2	23	4.6
id-11359	2	2	17	3.9
id-11360	2	3	27	4.1
id-11361	4	4	19	4.0
id-11362	3	4	20	4.5
id-11363	6	9	5	3.8
id-11364	10	6	11	3.5
id-11365	10	13	4	4.6
id-11366	8	16	20	4.5
id-11367	5	4	15	3.1
id-11368	2	3	28	4.6
id-11369	8	9	17	4.2
id-11370	8	3	16	3.7
id-11371	5	7	8	3.0
id-11372	10	3	2	3.4
id-11373	1	2	18	4.2
id-11374	1	2	30	4.8
id-11375	9	5	2	4.2
id-11376	10	3	15	4.1
id-11377	10	14	16	4.2
id-11378	2	4	23	3.5
id-11379	5	10	29	3.8
id-11380	4	4	7	4.8
id-11381	3	2	4	3.8
id-11382	7	10	2	3.8
id-11383	8	3	7	4.8
id-11384	5	10	17	4.2
id-11385	10	6	28	4.4
id-11386	7	14	19	4.2
id-11387	10	12	30	5.0
id-11388	3	5	19	3.8
id-11389	3	6	30	3.2
id-11390	9	3	26	5.0
id-11391	5	10	1	3.7
id-11392	7	4	9	3.1
id-11393	5	2	2	4.2
id-11394	9	17	18	4.0
id-11395	8	4	7	4.3
id-11396	10	10	22	3.9
id-11397	5	5	28	3.7
id-11398	7	4	11	4.8
id-11399	4	4	5	3.0
id-11400	6	8	24	3.9
id-11401	10	12	10	3.9
id-11402	2	3	16	3.1
id-11403	9	3	29	3.4
id-11404	6	9	11	4.1
id-11405	7	6	12	4.4
id-11406	2	2	29	3.4
id-11407	10	12	2	4.8
id-11408	1	2	8	4.7
id-11409	5	8	26	4.3
id-11410	10	7	12	4.5
id-11411	4	5	13	4.1
id-11412	2	3	20	3.5
id-11413	1	2	20	3.2
id-11414	1	2	29	4.4
id-11415	10	13	7	5.0
id-11416	4	2	22	3.8
id-11417	8	4	18	5.0
id-11418	1	2	26	3.2
id-11419	8	5	23	4.9
id-11420	7	3	12	4.5
id-11421	7	10	11	4.8
id-11422	2	4	2	4.7
id-11423	3	6	28	4.0
id-11424	1	2	10	3.7
id-11425	4	2	21	3.1
id-11426	3	3	20	4.7
id-11427	1	2	11	3.4
id-11428	8	12	10	3.2
id-11429	5	3	5	3.1
id-11430	7	11	8	4.9
id-11431	1	2	22	4.6
id-11432	7	14	29	4.8
id-11433	8	14	5	3.2
id-11434	2	3	30	4.2
id-11435	2	2	9	3.6
id-11436	3	5	3	3.8
id-11437	6	7	7	4.2
id-11438	8	8	6	4.2
id-11439	9	5	21	4.8
id-11440	8	8	3	3.2
id-11441	4	8	15	4.3
id-11442	1	2	26	3.9
id-11443	6	5	24	3.3
id-11444	6	7	18	4.9
id-11445	8	5	19	3.9
id-11446	2	3	20	3.8
id-11447	10	13	22	5.0
id-11448	5	6	2	3.2
id-11449	7	9	8	3.5
id-11450	4	5	3	3.5
id-11451	7	11	16	4.7
id-11452	1	2	29	4.4
id-11453	5	2	18	4.4
id-11454	6	4	23	5.0
id-11455	2	4	6	5.0
id-11456	9	4	15	3.1
id-11457	5	9	15	4.1
id-11458	7	2	7	4.6
id-11459	9	9	14	4.9
id-11460	10	6	29	4.7
id-11461	9	2	13	3.4
id-11462	10	11	11	4.6
id-11463	6	8	6	3.5
id-11464	10	13	6	3.9
id-11465	8	15	18	3.1
id-11466	1	2	6	4.6
id-11467	6	5	17	3.3
id-11468	9	13	28	4.2
id-11469	2	2	15	4.7
id-11470	2	3	6	4.5
id-11471	1	2	28	5.0
id-11472	10	9	16	5.0
id-11473	3	3	9	4.3
id-11474	8	6	29	3.6
id-11475	3	4	8	4.7
id-11476	7	10	26	4.2
id-11477	6	9	16	3.3
id-11478	8	4	22	3.6
id-11479	2	3	6	3.7
id-11480	6	9	23	3.9
id-11481	4	2	13	4.6
id-11482	2	3	20	3.0
id-11483	7	14	13	4.7
id-11484	8	4	29	3.6
id-11485	5	8	16	4.4
id-11486	1	2	27	3.6
id-11487	9	10	10	4.6
id-11488	3	2	26	3.9
id-11489	5	5	19	3.4
id-11490	5	4	9	4.0
id-11491	9	4	18	4.7
id-11492	2	4	10	4.9
id-11493	8	13	7	3.1
id-11494	7	5	12	3.8
id-11495	7	8	15	4.3
id-11496	8	8	18	4.0
id-11497	3	3	5	3.3
id-11498	7	6	5	3.2
id-11499	10	20	16	4.7
id-11500	6	5	21	4.7
id-11501	4	4	9	4.4
id-11502	10	13	29	4.8
id-11503	3	4	20	3.7
id-11504	6	4	15	3.7
id-11505	7	11	20	3.9
id-11506	3	6	15	4.6
id-11507	7	14	6	3.3
id-11508	5	5	17	3.1
id-11509	1	2	24	3.8
id-11510	7	3	22	4.0
id-11511	2	4	30	3.5
id-11512	1	2	18	4.2
id-11513	8	3	1	4.6
id-11514	1	2	18	3.2
id-11515	5	4	12	3.4
id-11516	8	3	3	4.1
id-11517	10	10	18	3.7
id-11518	6	6	16	4.2
id-11519	1	2	14	4.3
id-11520	5	6	15	4.2
id-11521	4	4	24	3.6
id-11522	3	2	22	4.6
id-11523	6	5	23	3.7
id-11524	5	3	12	4.3
id-11525	8	7	17	3.2
id-11526	6	9	19	3.5
id-11527	1	2	8	4.3
id-11528	6	4	21	3.2
id-11529	1	2	9	3.4
id-11530	9	12	3	4.2
id-11531	5	8	26	4.8
id-11532	8	14	29	3.6
id-11533	6	3	3	3.8
id-11534	4	5	9	3.7
id-11535	10	12	16	4.9
id-11536	8	12	16	3.8
id-11537	3	4	9	4.0
id-11538	1	2	1	3.7
id-11539	4	6	22	3.9
id-11540	4	5	17	4.2
id-11541	3	6	2	4.8
id-11542	9	7	11	3.8
id-11543	6	12	23	3.7
id-11544	7	7	6	3.9
id-11545	9	10	27	4.2
id-11546	6	5	27	4.7
id-11547	2	4	20	4.1
id-11548	9	9	25	3.8
id-11549	10	11	8	3.8
id-11550	8	14	21	3.9
id-11551	3	3	6	3.6
id-11552	1	2	20	3.6
id-11553	3	3	21	5.0
id-11554	1	2	4	4.1
id-11555	7	2	5	3.5
id-11556	3	5	17	3.0
id-11557	6	6	2	3.6
id-11558	3	3	30	3.7
id-11559	10	20	28	4.7
id-11560	4	6	23	4.3
id-11561	9	2	30	3.2
id-11562	5	10	6	4.2
id-11563	6	2	18	4.0
id-11564	2	2	22	4.6
id-11565	3	6	27	3.2
id-11566	8	5	19	3.0
id-11567	8	16	20	4.0
id-11568	7	7	17	3.6
id-11569	10	16	17	4.6
id-11570	2	2	5	4.9
id-11571	7	14	9	3.8
id-11572	5	10	7	4.4
id-11573	2	4	16	4.3
id-11574	3	4	2	3.9
id-11575	2	3	16	4.6
id-11576	9	17	10	4.4
id-11577	4	2	12	3.4
id-11578	9	14	4	3.7
id-11579	5	6	30	4.4
id-11580	9	9	17	4.6
id-11581	3	3	9	3.3
id-11582	2	2	28	4.3
id-11583	7	9	29	3.9
id-11584	9	5	19	4.3
id-11585	3	4	10	4.1
id-11586	7	2	18	3.1
id-11587	2	2	27	4.0
id-11588	1	2	26	4.8
id-11589	6	8	26	3.0
id-11590	2	4	12	4.3
id-11591	10	7	21	3.8
id-11592	7	5	5	4.3
id-11593	1	2	8	3.1
id-11594	1	2	6	4.5
id-11595	9	12	25	4.7
id-11596	9	14	3	3.4
id-11597	1	2	25	4.9
id-11598	7	12	30	3.1
id-11599	7	5	1	4.4
id-11600	3	3	5	3.4
id-11601	2	3	23	3.0
id-11602	2	3	9	4.6
id-11603	8	4	21	3.9
id-11604	5	9	26	4.5
id-11605	4	3	11	3.5
id-11606	6	11	20	3.7
id-11607	3	4	17	3.2
id-11608	3	4	16	4.2
id-11609	8	2	12	3.4
id-11610	1	2	24	3.7
id-11611	9	7	26	4.5
id-11612	1	2	13	4.7
id-11613	6	9	9	3.5
id-11614	5	10	4	3.1
id-11615	4	3	12	4.9
id-11616	9	6	16	3.6
id-11617	6	7	16	3.7
id-11618	8	7	21	4.9
id-11619	4	7	8	4.2
id-11620	7	13	11	4.3
id-11621	7	13	25	3.2
id-11622	9	17	1	4.6
id-11623	2	4	14	3.9
id-11624	4	7	24	3.1
id-11625	2	3	11	3.2
id-11626	8	13	7	4.8
id-11627	6	2	10	4.1
id-11628	2	4	22	3.2
id-11629	8	9	14	3.5
id-11630	6	3	30	3.4
id-11631	3	2	24	4.0
id-11632	7	13	23	4.4
id-11633	10	3	26	3.5
id-11634	3	5	17	3.9
id-11635	4	2	16	3.5
id-11636	6	8	5	4.8
id-11637	8	2	5	3.1
id-11638	3	5	2	4.3
id-11639	7	10	14	4.8
id-11640	10	8	2	3.0
id-11641	2	3	4	4.0
id-11642	9	18	22	3.2
id-11643	1	2	10	4.9
id-11644	10	19	21	3.0
id-11645	4	6	6	3.6
id-11646	8	7	30	5.0
id-11647	9	9	7	3.6
id-11648	10	10	10	3.7
id-11649	6	10	19	4.1
id-11650	4	3	22	4.4
id-11651	9	2	17	3.8
id-11652	2	2	20	3.6
id-11653	6	6	13	4.4
id-11654	1	2	3	3.2
id-11655	1	2	23	4.9
id-11656	3	3	27	3.1
id-11657	9	16	18	4.0
id-11658	6	7	12	3.7
id-11659	4	8	26	5.0
id-11660	9	13	13	4.7
id-11661	10	13	20	4.1
id-11662	10	5	4	4.9
id-11663	1	2	23	4.3
id-11664	10	8	24	3.4
id-11665	1	2	28	4.2
id-11666	1	2	27	3.2
id-11667	9	7	17	3.3
id-11668	4	7	3	4.7
id-11669	5	8	1	4.7
id-11670	1	2	14	3.2
id-11671	5	10	7	5.0
id-11672	1	2	6	4.1
id-11673	7	5	1	3.3
id-11674	8	15	9	4.2
id-11675	8	13	15	3.2
id-11676	4	3	21	3.3
id-11677	7	8	30	3.2
id-11678	10	19	27	4.4
id-11679	9	2	20	4.9
id-11680	5	8	6	3.7
id-11681	8	6	5	3.8
id-11682	6	9	27	4.4
id-11683	9	5	6	4.4
id-11684	2	3	18	3.6
id-11685	6	10	8	4.2
id-11686	7	7	21	4.1
id-11687	9	3	4	3.1
id-11688	9	17	3	3.1
id-11689	3	4	2	3.5
id-11690	10	3	4	4.7
id-11691	4	7	21	3.5
id-11692	1	2	1	4.3
id-11693	9	13	30	3.9
id-11694	10	13	8	3.4
id-11695	10	15	13	4.0
id-11696	10	15	27	3.7
id-11697	10	20	1	4.6
id-11698	5	8	5	4.1
id-11699	7	12	10	4.8
id-11700	3	5	1	3.8
id-11701	8	3	8	4.4
id-11702	5	4	14	4.8
id-11703	7	13	7	4.8
id-11704	2	2	30	4.5
id-11705	5	5	29	3.3
id-11706	9	14	6	3.4
id-11707	8	14	16	4.2
id-11708	3	2	15	4.4
id-11709	1	2	4	3.9
id-11710	8	11	25	3.5
id-11711	3	5	26	4.3
id-11712	8	7	29	3.2
id-11713	2	3	21	4.5
id-11714	9	11	17	3.3
id-11715	9	10	8	4.0
id-11716	2	2	26	3.6
id-11717	4	8	25	3.9
id-11718	8	4	25	3.5
id-11719	8	6	25	4.8
id-11720	7	8	10	4.5
id-11721	7	6	25	4.3
id-11722	6	11	30	4.8
id-11723	6	9	30	3.4
id-11724	1	2	21	5.0
id-11725	7	14	23	4.8
id-11726	7	9	17	4.1
id-11727	2	4	11	4.5
id-11728	5	7	1	4.0
id-11729	8	12	4	3.9
id-11730	2	4	9	3.8
id-11731	5	3	14	3.2
id-11732	1	2	12	3.1
id-11733	10	8	7	3.6
id-11734	9	12	4	4.7
id-11735	8	7	11	3.8
id-11736	9	3	8	3.4
id-11737	6	11	2	4.6
id-11738	3	2	20	3.9
id-11739	5	3	14	3.5
id-11740	8	13	29	4.9
id-11741	6	9	23	4.5
id-11742	4	3	17	3.1
id-11743	10	18	3	4.7
id-11744	9	10	26	4.2
id-11745	5	7	8	3.1
id-11746	4	7	30	4.8
id-11747	7	5	4	3.4
id-11748	8	11	16	3.8
id-11749	8	14	6	4.9
id-11750	5	9	9	4.9
id-11751	7	6	14	3.8
id-11752	10	15	22	4.3
id-11753	10	19	26	3.9
id-11754	3	4	10	4.3
id-11755	6	11	3	4.5
id-11756	5	8	20	4.6
id-11757	4	3	9	4.8
id-11758	4	4	27	4.0
id-11759	2	4	10	4.6
id-11760	4	7	6	5.0
id-11761	2	4	19	4.6
id-11762	2	4	13	3.6
id-11763	5	3	18	4.1
id-11764	8	3	26	3.1
id-11765	6	8	28	3.4
id-11766	6	5	10	4.7
id-11767	4	7	16	4.5
id-11768	7	8	28	4.0
id-11769	1	2	28	4.1
id-11770	8	9	9	4.2
id-11771	5	10	26	4.1
id-11772	3	6	28	3.7
id-11773	6	10	7	5.0
id-11774	3	6	20	3.2
id-11775	2	4	24	4.9
id-11776	7	11	18	3.2
id-11777	4	6	8	4.9
id-11778	10	10	28	4.9
id-11779	4	4	10	4.5
id-11780	10	4	4	4.7
id-11781	9	7	19	3.8
id-11782	5	8	19	3.4
id-11783	8	5	6	5.0
id-11784	1	2	12	4.0
id-11785	6	9	30	4.5
id-11786	9	11	20	3.3
id-11787	9	15	26	3.9
id-11788	6	2	5	3.3
id-11789	6	12	1	4.6
id-11790	10	8	14	3.7
id-11791	3	4	8	3.3
id-11792	10	2	17	3.5
id-11793	4	5	3	3.6
id-11794	9	4	13	3.3
id-11795	7	2	27	3.2
id-11796	3	6	21	3.9
id-11797	10	18	16	4.6
id-11798	7	8	27	4.2
id-11799	9	8	23	3.3
id-11800	4	5	2	3.2
id-11801	3	6	8	4.9
id-11802	10	7	10	3.2
id-11803	4	4	12	4.7
id-11804	2	4	6	3.6
id-11805	9	3	8	4.1
id-11806	7	4	5	3.4
id-11807	4	6	20	3.2
id-11808	9	8	27	3.6
id-11809	5	2	26	4.9
id-11810	4	4	20	4.8
id-11811	4	3	12	3.7
id-11812	3	2	2	3.7
id-11813	9	10	29	3.6
id-11814	7	9	30	3.4
id-11815	9	10	7	3.6
id-11816	2	3	20	4.4
id-11817	6	12	15	4.9
id-11818	9	3	29	3.1
id-11819	9	4	21	3.9
id-11820	5	5	4	3.9
id-11821	2	4	13	3.7
id-11822	7	14	21	3.8
id-11823	5	3	16	3.5
id-11824	9	9	10	4.6
id-11825	1	2	26	4.4
id-11826	3	3	22	4.4
id-11827	9	8	11	3.3
id-11828	1	2	3	4.0
id-11829	6	10	1	4.1
id-11830	5	8	18	3.5
id-11831	10	2	6	3.9
id-11832	6	7	16	4.6
id-11833	6	12	9	3.5
id-11834	3	6	2	4.1
id-11835	3	2	2	3.7
id-11836	3	6	25	4.4
id-11837	7	7	19	3.1
id-11838	9	10	28	5.0
id-11839	2	3	24	4.4
id-11840	2	3	13	4.3
id-11841	8	6	17	4.1
id-11842	7	10	14	3.1
id-11843	1	2	18	3.4
id-11844	2	4	11	3.8
id-11845	4	5	30	3.3
id-11846	9	14	17	4.4
id-11847	4	4	4	4.8
id-11848	9	16	28	4.4
id-11849	8	11	6	4.8
id-11850	2	2	1	3.4
id-11851	2	4	5	3.8
id-11852	6	4	12	4.5
id-11853	9	6	16	3.6
id-11854	5	6	4	4.8
id-11855	2	3	9	3.0
id-11856	7	12	9	4.0
id-11857	8	6	6	4.7
id-11858	8	6	26	3.1
id-11859	2	3	28	4.7
id-11860	8	12	22	3.2
id-11861	7	9	18	4.1
id-11862	7	8	18	4.7
id-11863	1	2	20	4.1
id-11864	1	2	7	5.0
id-11865	2	4	1	3.7
id-11866	2	3	20	3.0
id-11867	2	3	3	4.4
id-11868	7	10	27	4.8
id-11869	7	4	6	3.7
id-11870	8	10	6	3.3
id-11871	9	9	21	3.8
id-11872	3	6	6	4.3
id-11873	6	2	2	4.8
id-11874	10	14	1	4.5
id-11875	9	8	6	3.9
id-11876	2	2	23	3.4
id-11877	6	7	29	4.4
id-11878	10	9	15	4.6
id-11879	2	3	9	4.6
id-11880	9	13	12	4.0
id-11881	2	3	28	4.3
id-11882	10	15	14	3.1
id-11883	8	4	7	4.7
id-11884	5	8	14	4.6
id-11885	2	2	14	4.0
id-11886	2	2	22	4.0
id-11887	5	8	25	3.2
id-11888	4	2	22	3.9
id-11889	5	5	18	3.8
id-11890	2	4	17	4.8
id-11891	1	2	3	3.3
id-11892	9	4	20	3.9
id-11893	3	3	28	3.8
id-11894	1	2	10	3.8
id-11895	10	3	8	3.5
id-11896	10	16	13	4.9
id-11897	4	2	18	4.2
id-11898	2	3	2	4.8
id-11899	10	15	20	4.3
id-11900	5	2	11	4.3
id-11901	1	2	17	4.2
id-11902	7	10	27	4.5
id-11903	8	3	20	4.2
id-11904	5	3	17	4.2
id-11905	8	12	27	3.0
id-11906	8	9	1	4.8
id-11907	3	3	26	4.3
id-11908	1	2	21	3.6
id-11909	6	8	26	3.2
id-11910	7	11	14	4.2
id-11911	2	2	25	4.4
id-11912	9	7	26	4.7
id-11913	4	7	16	3.8
id-11914	3	6	19	3.5
id-11915	1	2	19	4.4
id-11916	8	2	8	4.0
id-11917	10	20	6	3.6
id-11918	5	10	17	3.9
id-11919	3	5	28	4.1
id-11920	2	4	20	4.1
id-11921	3	4	22	3.2
id-11922	10	6	5	4.3
id-11923	7	9	13	4.0
id-11924	3	5	30	4.5
id-11925	5	5	11	4.8
id-11926	4	2	27	3.3
id-11927	6	10	5	4.5
id-11928	9	3	3	4.9
id-11929	3	2	24	3.6
id-11930	1	2	29	4.8
id-11931	1	2	13	4.0
id-11932	10	6	19	4.3
id-11933	2	2	17	3.5
id-11934	10	2	21	3.7
id-11935	10	9	15	4.6
id-11936	6	7	17	4.5
id-11937	2	4	13	3.8
id-11938	10	5	15	3.4
id-11939	5	10	23	3.9
id-11940	10	16	27	3.1
id-11941	9	16	20	3.2
id-11942	1	2	4	4.9
id-11943	1	2	9	3.9
id-11944	1	2	9	4.4
id-11945	2	4	27	4.9
id-11946	3	4	29	3.9
id-11947	1	2	23	3.5
id-11948	6	8	13	4.4
id-11949	8	12	7	3.5
id-11950	7	13	27	4.7
id-11951	10	4	4	3.0
id-11952	10	8	29	4.5
id-11953	3	3	16	4.9
id-11954	9	6	6	4.9
id-11955	9	7	16	3.2
id-11956	7	12	9	4.5
id-11957	2	3	9	3.5
id-11958	10	11	25	3.5
id-11959	10	18	10	3.2
id-11960	3	2	23	3.3
id-11961	10	18	18	5.0
id-11962	10	6	13	3.3
id-11963	3	2	29	4.9
id-11964	4	8	20	4.0
id-11965	4	2	17	4.6
id-11966	4	6	30	3.9
id-11967	4	7	13	3.7
id-11968	9	4	12	3.6
id-11969	2	4	6	5.0
id-11970	5	6	13	4.7
id-11971	9	18	26	3.2
id-11972	5	2	28	4.2
id-11973	8	12	27	4.6
id-11974	1	2	10	4.6
id-11975	9	16	8	3.6
id-11976	7	9	13	3.1
id-11977	8	9	10	4.8
id-11978	9	15	30	4.9
id-11979	4	6	10	3.7
id-11980	4	7	10	3.2
id-11981	2	2	24	4.2
id-11982	4	4	8	3.7
id-11983	8	6	3	3.5
id-11984	8	11	28	4.4
id-11985	9	11	14	4.3
id-11986	2	3	4	3.8
id-11987	5	10	26	3.3
id-11988	5	10	13	4.3
id-11989	6	3	4	3.7
id-11990	6	12	4	3.0
id-11991	9	7	18	4.2
id-11992	5	6	21	3.0
id-11993	9	16	20	3.0
id-11994	10	5	12	3.1
id-11995	7	12	29	4.0
id-11996	8	9	25	4.1
id-11997	5	4	8	4.5
id-11998	6	10	25	4.8
id-11999	6	12	14	3.3
id-12000	4	7	20	4.1
id-12001	4	8	10	3.2
id-12002	8	11	22	4.2
id-12003	9	3	6	3.8
id-12004	2	3	14	3.7
id-12005	9	16	7	3.8
id-12006	3	6	9	3.9
id-12007	4	7	28	4.6
id-12008	8	3	14	4.0
id-12009	3	3	1	3.4
id-12010	7	3	29	3.1
id-12011	2	2	28	4.1
id-12012	10	11	19	4.7
id-12013	10	5	4	3.7
id-12014	6	9	14	3.2
id-12015	10	13	27	4.5
id-12016	10	8	17	4.4
id-12017	9	4	27	3.7
id-12018	1	2	12	3.6
id-12019	7	14	3	4.3
id-12020	8	8	13	3.7
id-12021	4	5	9	3.2
id-12022	7	14	4	3.4
id-12023	9	18	16	3.2
id-12024	9	9	28	4.1
id-12025	3	4	17	4.3
id-12026	6	11	21	3.7
id-12027	2	3	28	4.1
id-12028	4	3	22	4.5
id-12029	1	2	28	4.4
id-12030	3	5	23	4.1
id-12031	9	15	15	3.8
id-12032	4	2	3	4.5
id-12033	5	10	12	4.4
id-12034	2	3	1	5.0
id-12035	9	7	14	4.5
id-12036	6	10	2	3.0
id-12037	8	10	29	3.0
id-12038	8	8	18	3.9
id-12039	2	4	24	4.5
id-12040	6	11	13	3.3
id-12041	3	2	23	3.5
id-12042	2	2	20	3.4
id-12043	7	3	14	4.0
id-12044	10	9	2	4.4
id-12045	3	6	15	3.5
id-12046	7	10	21	3.6
id-12047	4	4	3	4.8
id-12048	8	14	14	4.4
id-12049	1	2	20	3.7
id-12050	5	8	18	5.0
id-12051	4	7	14	3.3
id-12052	5	2	20	4.8
id-12053	10	3	18	4.8
id-12054	6	4	7	4.0
id-12055	4	8	25	3.4
id-12056	7	2	10	4.3
id-12057	2	2	3	4.9
id-12058	3	5	27	4.5
id-12059	3	4	19	3.4
id-12060	2	4	20	4.4
id-12061	8	6	2	4.6
id-12062	2	4	24	3.1
id-12063	6	7	8	3.5
id-12064	6	11	7	4.2
id-12065	7	2	10	3.7
id-12066	6	5	24	4.1
id-12067	10	10	9	3.5
id-12068	10	20	5	4.2
id-12069	1	2	1	4.5
id-12070	2	2	14	3.6
id-12071	7	13	2	4.7
id-12072	8	4	24	3.7
id-12073	2	2	14	5.0
id-12074	9	9	6	3.2
id-12075	3	3	7	4.3
id-12076	10	18	30	4.1
id-12077	3	6	25	4.5
id-12078	6	12	5	4.4
id-12079	9	7	28	3.4
id-12080	10	4	4	4.0
id-12081	10	14	13	3.7
id-12082	3	2	7	3.8
id-12083	8	5	23	3.9
id-12084	8	14	8	3.3
id-12085	4	2	28	3.6
id-12086	5	6	18	4.8
id-12087	4	6	28	3.9
id-12088	3	3	21	4.1
id-12089	5	3	14	4.1
id-12090	6	12	10	4.8
id-12091	10	2	18	3.9
id-12092	10	18	9	4.5
id-12093	6	12	8	4.4
id-12094	5	7	10	4.3
id-12095	7	8	29	4.7
id-12096	8	16	26	4.2
id-12097	1	2	7	3.4
id-12098	9	11	5	3.4
id-12099	8	10	30	4.5
id-12100	4	4	28	4.9
id-12101	8	12	15	3.7
id-12102	5	9	11	4.9
id-12103	10	5	3	3.9
id-12104	10	15	2	3.7
id-12105	3	4	5	4.4
id-12106	7	10	8	3.8
id-12107	9	18	29	3.1
id-12108	8	11	2	3.4
id-12109	10	19	4	4.4
id-12110	9	17	3	4.5
id-12111	5	7	16	4.0
id-12112	3	4	5	4.8
id-12113	3	3	3	4.5
id-12114	6	9	29	4.4
id-12115	9	8	22	4.1
id-12116	10	20	9	4.6
id-12117	9	15	5	3.2
id-12118	8	15	7	3.0
id-12119	9	14	15	3.7
id-12120	2	3	30	3.3
id-12121	4	4	15	3.6
id-12122	10	17	12	3.4
id-12123	5	6	20	4.4
id-12124	4	3	24	3.5
id-12125	10	17	29	3.6
id-12126	3	4	18	4.1
id-12127	7	4	13	3.1
id-12128	8	5	9	3.6
id-12129	9	6	6	5.0
id-12130	4	8	19	4.4
id-12131	1	2	18	3.2
id-12132	8	12	1	4.8
id-12133	3	4	24	3.6
id-12134	7	5	17	4.4
id-12135	5	2	2	4.3
id-12136	10	16	12	3.2
id-12137	7	13	7	4.8
id-12138	6	6	14	3.8
id-12139	8	3	24	4.8
id-12140	5	3	18	4.5
id-12141	2	4	2	4.3
id-12142	1	2	1	3.9
id-12143	10	7	22	3.7
id-12144	10	2	3	4.5
id-12145	1	2	2	4.7
id-12146	8	16	10	4.6
id-12147	5	8	11	4.0
id-12148	9	17	5	3.9
id-12149	3	6	5	3.5
id-12150	3	3	9	4.4
id-12151	3	4	14	4.3
id-12152	3	2	7	3.7
id-12153	1	2	17	3.6
id-12154	1	2	21	4.7
id-12155	9	2	6	3.2
id-12156	5	2	27	3.8
id-12157	7	12	13	3.5
id-12158	8	13	3	4.8
id-12159	7	12	28	4.0
id-12160	6	5	25	3.1
id-12161	7	6	1	4.2
id-12162	1	2	7	4.3
id-12163	8	6	21	4.3
id-12164	7	2	16	3.3
id-12165	5	7	26	3.1
id-12166	4	3	3	3.8
id-12167	4	4	2	4.4
id-12168	4	3	10	3.4
id-12169	10	8	15	3.9
id-12170	10	7	1	4.7
id-12171	9	17	22	4.2
id-12172	8	3	3	4.6
id-12173	4	4	16	4.5
id-12174	3	6	12	3.4
id-12175	1	2	18	4.8
id-12176	5	6	6	4.3
id-12177	10	10	10	4.0
id-12178	4	7	19	3.4
id-12179	4	2	23	3.6
id-12180	7	3	24	4.9
id-12181	2	4	19	3.3
id-12182	2	2	8	3.8
id-12183	9	13	3	3.5
id-12184	10	6	28	4.8
id-12185	3	4	2	3.1
id-12186	10	11	19	3.3
id-12187	1	2	28	4.7
id-12188	4	8	8	4.3
id-12189	5	7	30	3.2
id-12190	1	2	9	4.6
id-12191	4	6	1	4.3
id-12192	5	10	30	3.4
id-12193	3	3	18	4.2
id-12194	2	4	15	3.6
id-12195	2	3	17	3.2
id-12196	3	6	1	4.2
id-12197	5	4	13	3.3
id-12198	6	4	6	4.0
id-12199	2	4	20	3.4
id-12200	3	6	12	4.0
id-12201	2	3	2	4.9
id-12202	7	14	27	3.1
id-12203	5	7	8	3.6
id-12204	9	7	16	4.4
id-12205	6	11	18	3.2
id-12206	8	8	27	4.0
id-12207	5	2	19	3.4
id-12208	9	3	2	3.2
id-12209	7	11	1	5.0
id-12210	1	2	2	4.8
id-12211	1	2	25	3.6
id-12212	7	6	2	4.0
id-12213	4	4	12	4.2
id-12214	5	6	1	4.9
id-12215	8	5	19	4.2
id-12216	7	5	13	4.4
id-12217	1	2	13	3.2
id-12218	4	8	29	4.5
id-12219	3	3	25	4.8
id-12220	9	17	13	4.1
id-12221	9	17	5	4.3
id-12222	10	18	30	3.7
id-12223	7	2	21	4.8
id-12224	2	4	23	3.1
id-12225	10	5	7	4.5
id-12226	10	16	10	4.7
id-12227	4	7	19	3.3
id-12228	6	5	18	4.5
id-12229	3	4	3	4.8
id-12230	9	6	22	3.5
id-12231	7	11	19	3.2
id-12232	8	9	8	4.7
id-12233	7	2	3	3.6
id-12234	6	6	10	3.6
id-12235	3	4	6	3.7
id-12236	7	8	17	4.5
id-12237	9	14	11	3.3
id-12238	3	5	27	4.8
id-12239	3	6	2	3.3
id-12240	7	8	12	4.7
id-12241	9	10	24	3.3
id-12242	3	2	24	4.2
id-12243	1	2	7	4.8
id-12244	10	14	19	3.2
id-12245	5	8	23	3.7
id-12246	4	8	24	4.1
id-12247	10	3	4	3.3
id-12248	5	6	21	4.8
id-12249	4	2	6	4.7
id-12250	5	6	18	3.2
id-12251	4	8	20	4.6
id-12252	7	7	20	5.0
id-12253	6	8	22	3.3
id-12254	7	11	23	4.0
id-12255	3	2	24	4.3
id-12256	9	2	17	4.4
id-12257	10	7	10	4.4
id-12258	7	5	9	3.1
id-12259	7	6	23	3.1
id-12260	1	2	23	4.5
id-12261	10	16	23	4.3
id-12262	8	12	2	3.9
id-12263	5	6	14	4.2
id-12264	6	8	7	4.1
id-12265	5	9	26	3.2
id-12266	10	12	23	4.3
id-12267	5	3	18	3.7
id-12268	6	12	25	3.1
id-12269	4	2	18	3.6
id-12270	4	3	15	4.8
id-12271	4	5	14	3.3
id-12272	3	5	29	4.0
id-12273	6	5	24	4.2
id-12274	6	3	11	3.1
id-12275	1	2	2	3.6
id-12276	4	2	8	3.2
id-12277	2	4	28	3.3
id-12278	2	4	4	3.2
id-12279	2	3	18	3.3
id-12280	8	3	5	4.2
id-12281	3	4	30	4.5
id-12282	3	5	14	3.2
id-12283	2	2	26	3.6
id-12284	7	6	9	4.1
id-12285	10	19	17	3.2
id-12286	4	5	13	4.8
id-12287	4	6	3	4.2
id-12288	9	2	4	4.6
id-12289	6	7	17	4.1
id-12290	2	3	8	3.8
id-12291	5	5	9	3.5
id-12292	3	6	10	4.2
id-12293	6	5	3	4.8
id-12294	3	4	19	4.8
id-12295	8	8	11	3.0
id-12296	1	2	13	3.8
id-12297	1	2	10	3.9
id-12298	1	2	24	3.8
id-12299	9	7	11	3.0
id-12300	10	8	8	3.2
id-12301	8	8	23	4.8
id-12302	2	4	19	3.6
id-12303	9	17	8	4.5
id-12304	9	9	23	3.1
id-12305	3	3	5	4.7
id-12306	2	3	17	3.5
id-12307	6	11	19	4.6
id-12308	6	10	2	4.6
id-12309	7	5	7	4.4
id-12310	3	6	17	3.6
id-12311	3	6	22	4.6
id-12312	7	9	9	4.3
id-12313	10	4	8	4.6
id-12314	1	2	8	4.4
id-12315	5	2	9	4.9
id-12316	10	7	4	4.4
id-12317	9	11	28	4.8
id-12318	5	10	18	4.4
id-12319	8	15	25	3.0
id-12320	2	3	14	3.8
id-12321	5	3	28	4.5
id-12322	4	3	8	4.5
id-12323	1	2	18	4.9
id-12324	2	4	5	5.0
id-12325	1	2	15	4.0
id-12326	10	3	30	4.0
id-12327	1	2	24	4.5
id-12328	8	4	13	3.2
id-12329	7	10	16	4.2
id-12330	3	4	12	3.5
id-12331	9	3	5	4.5
id-12332	7	7	25	4.0
id-12333	3	5	3	4.0
id-12334	9	4	5	3.1
id-12335	8	15	3	4.8
id-12336	5	5	30	3.3
id-12337	4	6	9	3.5
id-12338	7	8	30	4.0
id-12339	10	15	7	4.7
id-12340	8	15	13	4.0
id-12341	2	4	11	4.9
id-12342	5	10	4	4.4
id-12343	1	2	13	4.7
id-12344	2	4	2	3.6
id-12345	7	4	20	3.2
id-12346	5	4	23	4.2
id-12347	9	15	3	4.1
id-12348	8	5	29	4.9
id-12349	4	3	27	3.3
id-12350	10	14	29	3.8
id-12351	1	2	15	4.5
id-12352	4	7	1	3.9
id-12353	4	3	14	3.1
id-12354	4	5	6	3.2
id-12355	3	2	10	3.0
id-12356	8	3	4	3.3
id-12357	5	10	22	3.2
id-12358	3	6	4	3.2
id-12359	7	12	25	4.4
id-12360	6	4	15	4.5
id-12361	10	8	4	3.9
id-12362	4	7	15	3.4
id-12363	8	13	25	4.9
id-12364	10	14	29	4.2
id-12365	10	2	6	4.4
id-12366	3	2	22	4.4
id-12367	1	2	9	3.7
id-12368	10	18	26	4.4
id-12369	2	2	21	4.1
id-12370	2	2	3	4.3
id-12371	9	14	21	4.4
id-12372	8	2	4	4.0
id-12373	1	2	16	3.8
id-12374	4	7	26	3.3
id-12375	9	7	17	4.9
id-12376	10	17	28	4.0
id-12377	2	4	3	4.5
id-12378	1	2	1	5.0
id-12379	4	3	11	4.4
id-12380	8	14	2	3.6
id-12381	2	3	7	4.1
id-12382	1	2	15	3.7
id-12383	1	2	16	3.5
id-12384	10	11	1	4.3
id-12385	7	10	18	3.6
id-12386	6	6	9	4.2
id-12387	1	2	1	3.1
id-12388	6	5	30	4.0
id-12389	2	4	12	4.7
id-12390	5	10	13	4.9
id-12391	3	6	14	3.7
id-12392	5	2	3	3.0
id-12393	7	7	19	4.4
id-12394	7	13	2	5.0
id-12395	3	6	27	3.3
id-12396	7	2	24	4.9
id-12397	5	8	26	3.1
id-12398	7	13	26	3.5
id-12399	2	2	23	3.4
id-12400	10	11	25	4.1
id-12401	10	8	17	4.1
id-12402	4	2	22	3.9
id-12403	3	4	18	4.6
id-12404	5	9	14	4.1
id-12405	7	11	1	4.5
id-12406	7	5	12	3.1
id-12407	7	4	12	3.3
id-12408	4	7	5	4.8
id-12409	7	6	9	3.9
id-12410	7	8	18	3.9
id-12411	1	2	6	5.0
id-12412	8	5	11	3.5
id-12413	8	12	6	4.8
id-12414	10	3	1	4.2
id-12415	8	9	25	3.5
id-12416	9	17	27	3.2
id-12417	5	2	28	3.4
id-12418	9	2	20	4.9
id-12419	9	10	4	4.4
id-12420	4	6	22	3.2
id-12421	10	15	27	4.8
id-12422	7	9	26	3.1
id-12423	9	8	10	3.0
id-12424	1	2	26	3.9
id-12425	10	3	14	4.6
id-12426	1	2	5	4.7
id-12427	10	12	10	4.5
id-12428	4	7	24	3.6
id-12429	9	8	12	3.2
id-12430	3	6	25	3.9
id-12431	2	3	18	4.8
id-12432	2	2	25	4.9
id-12433	2	4	2	4.9
id-12434	2	3	22	3.6
id-12435	10	11	3	4.4
id-12436	5	7	4	3.8
id-12437	3	4	12	4.8
id-12438	9	6	14	3.6
id-12439	4	4	9	3.7
id-12440	7	3	30	4.6
id-12441	1	2	18	4.5
id-12442	10	9	6	4.0
id-12443	4	5	12	3.0
id-12444	10	9	14	4.0
id-12445	3	3	30	4.7
id-12446	7	3	20	4.1
id-12447	10	10	28	4.4
id-12448	7	6	14	4.6
id-12449	6	7	24	4.5
id-12450	2	2	1	3.9
id-12451	2	2	6	3.2
id-12452	1	2	9	3.6
id-12453	9	11	26	3.1
id-12454	7	11	9	4.2
id-12455	3	5	12	4.7
id-12456	10	16	16	4.0
id-12457	9	6	1	5.0
id-12458	10	11	28	4.0
id-12459	9	11	25	4.1
id-12460	9	11	23	4.3
id-12461	6	2	1	3.6
id-12462	1	2	21	4.1
id-12463	2	2	11	3.1
id-12464	5	10	28	4.3
id-12465	3	3	13	4.6
id-12466	8	15	16	4.0
id-12467	9	11	11	3.7
id-12468	5	6	8	3.2
id-12469	6	12	8	4.6
id-12470	10	16	29	3.8
id-12471	10	16	4	3.9
id-12472	7	9	15	4.4
id-12473	10	11	14	3.2
id-12474	5	8	6	3.2
id-12475	9	7	3	4.7
id-12476	5	7	30	3.3
id-12477	5	3	29	3.1
id-12478	6	6	19	4.9
id-12479	5	9	26	4.8
id-12480	10	3	28	4.9
id-12481	1	2	15	3.6
id-12482	8	8	8	4.1
id-12483	2	3	12	4.0
id-12484	6	7	25	4.5
id-12485	10	13	3	3.9
id-12486	4	2	29	4.8
id-12487	4	5	14	4.6
id-12488	10	11	9	4.2
id-12489	3	6	25	3.2
id-12490	1	2	28	4.8
id-12491	6	11	10	3.2
id-12492	1	2	25	4.9
id-12493	10	8	28	4.2
id-12494	10	15	26	4.5
id-12495	10	12	11	4.8
id-12496	6	5	6	4.8
id-12497	1	2	28	3.9
id-12498	4	4	14	4.5
id-12499	1	2	14	3.6
id-12500	4	7	25	3.8
id-12501	5	5	12	4.3
id-12502	9	15	2	3.5
id-12503	7	5	22	4.4
id-12504	9	11	17	4.8
id-12505	3	2	15	3.9
id-12506	9	8	25	4.6
id-12507	1	2	22	4.1
id-12508	6	10	24	4.1
id-12509	3	4	14	4.2
id-12510	2	4	13	4.1
id-12511	6	11	20	4.4
id-12512	3	5	4	3.6
id-12513	7	9	24	3.7
id-12514	6	12	18	3.1
id-12515	4	8	18	3.1
id-12516	3	4	27	4.4
id-12517	5	3	21	4.9
id-12518	3	4	17	4.7
id-12519	5	7	26	3.1
id-12520	9	16	28	3.4
id-12521	8	10	3	4.0
id-12522	3	3	17	4.2
id-12523	6	3	9	4.8
id-12524	10	20	5	4.3
id-12525	7	11	1	3.5
id-12526	7	13	21	3.8
id-12527	1	2	22	3.8
id-12528	1	2	11	4.2
id-12529	1	2	21	3.0
id-12530	4	2	29	4.5
id-12531	9	17	23	4.4
id-12532	1	2	21	4.6
id-12533	1	2	1	5.0
id-12534	5	5	12	4.0
id-12535	1	2	26	4.7
id-12536	6	7	3	4.8
id-12537	5	5	3	3.3
id-12538	10	15	24	3.2
id-12539	4	4	23	3.7
id-12540	10	13	7	4.3
id-12541	5	6	3	4.6
id-12542	9	6	16	4.2
id-12543	1	2	9	4.5
id-12544	6	5	28	4.9
id-12545	10	2	8	3.5
id-12546	2	2	16	4.4
id-12547	8	4	14	4.4
id-12548	2	3	11	4.5
id-12549	7	8	15	3.4
id-12550	10	3	26	4.1
id-12551	6	3	16	4.1
id-12552	6	7	21	4.4
id-12553	4	3	24	4.9
id-12554	1	2	11	3.1
id-12555	1	2	1	3.5
id-12556	4	6	6	4.7
id-12557	6	4	5	3.6
id-12558	6	7	13	3.4
id-12559	7	3	23	4.0
id-12560	8	8	8	3.8
id-12561	8	9	14	3.9
id-12562	6	3	11	4.2
id-12563	9	18	11	4.8
id-12564	7	11	28	4.1
id-12565	7	11	25	3.5
id-12566	4	8	11	4.8
id-12567	6	8	3	3.8
id-12568	1	2	9	4.7
id-12569	4	8	25	4.5
id-12570	7	7	21	4.8
id-12571	3	5	16	4.5
id-12572	9	14	28	3.6
id-12573	4	6	20	4.5
id-12574	1	2	24	4.3
id-12575	9	16	5	4.1
id-12576	5	9	1	3.8
id-12577	5	7	6	4.8
id-12578	3	2	7	3.2
id-12579	2	2	19	4.1
id-12580	10	2	25	4.0
id-12581	8	12	7	4.9
id-12582	7	13	21	4.1
id-12583	9	8	4	3.4
id-12584	8	8	21	3.8
id-12585	6	8	24	4.9
id-12586	4	6	26	3.9
id-12587	9	7	21	3.2
id-12588	10	9	12	4.7
id-12589	6	6	3	5.0
id-12590	2	3	16	3.7
id-12591	10	5	13	5.0
id-12592	10	15	14	3.4
id-12593	5	9	19	4.1
id-12594	6	7	17	3.9
id-12595	10	3	2	4.8
id-12596	4	8	14	4.9
id-12597	1	2	9	3.6
id-12598	9	4	15	4.0
id-12599	2	4	28	3.1
id-12600	8	5	1	3.4
id-12601	5	6	30	4.6
id-12602	4	7	19	3.2
id-12603	7	8	22	4.3
id-12604	9	7	8	3.7
id-12605	1	2	14	4.5
id-12606	5	2	24	4.9
id-12607	10	16	15	4.2
id-12608	3	6	3	3.8
id-12609	6	4	15	3.4
id-12610	10	4	5	4.6
id-12611	6	3	22	4.8
id-12612	3	4	12	3.5
id-12613	4	6	17	4.0
id-12614	4	5	7	3.4
id-12615	3	3	3	3.9
id-12616	9	18	27	4.9
id-12617	1	2	25	3.3
id-12618	10	2	22	4.0
id-12619	6	2	14	4.7
id-12620	9	12	29	3.3
id-12621	3	6	17	4.9
id-12622	8	2	15	3.4
id-12623	1	2	26	3.8
id-12624	4	8	28	3.0
id-12625	10	2	5	3.3
id-12626	7	7	17	3.1
id-12627	3	2	14	4.6
id-12628	10	12	28	4.5
id-12629	1	2	23	4.1
id-12630	1	2	24	3.8
id-12631	5	8	23	3.5
id-12632	7	9	21	3.4
id-12633	2	3	12	4.5
id-12634	4	8	14	4.7
id-12635	4	5	11	3.1
id-12636	5	6	3	3.3
id-12637	3	2	19	4.3
id-12638	8	7	26	4.7
id-12639	8	10	24	4.8
id-12640	2	4	22	4.3
id-12641	4	8	16	5.0
id-12642	1	2	21	3.6
id-12643	7	7	26	4.2
id-12644	2	4	26	4.2
id-12645	7	8	12	3.8
id-12646	2	2	13	4.4
id-12647	4	7	28	4.7
id-12648	10	14	23	3.3
id-12649	1	2	20	3.3
id-12650	7	8	17	3.5
id-12651	5	3	10	3.3
id-12652	1	2	11	4.6
id-12653	3	5	27	3.2
id-12654	1	2	13	3.3
id-12655	4	7	12	3.5
id-12656	10	14	4	4.7
id-12657	5	2	1	4.8
id-12658	2	4	4	3.1
id-12659	2	4	15	4.1
id-12660	10	15	25	4.0
id-12661	9	3	15	3.5
id-12662	1	2	20	3.7
id-12663	10	7	16	4.3
id-12664	1	2	2	4.4
id-12665	2	4	22	3.1
id-12666	10	2	29	3.1
id-12667	9	14	8	3.7
id-12668	5	7	13	3.3
id-12669	10	13	2	4.1
id-12670	8	7	25	3.0
id-12671	9	13	23	4.2
id-12672	4	4	6	3.5
id-12673	2	2	30	3.6
id-12674	6	3	27	3.4
id-12675	10	8	18	3.0
id-12676	8	2	3	3.6
id-12677	9	5	1	4.7
id-12678	4	6	11	3.1
id-12679	2	2	2	3.3
id-12680	7	3	30	3.2
id-12681	8	13	7	3.3
id-12682	8	2	10	3.7
id-12683	8	4	28	4.1
id-12684	10	11	15	3.3
id-12685	1	2	21	4.6
id-12686	5	2	9	3.5
id-12687	7	10	29	3.0
id-12688	1	2	27	4.9
id-12689	7	13	21	3.8
id-12690	5	7	16	4.3
id-12691	4	2	1	4.0
id-12692	1	2	9	3.2
id-12693	2	4	23	4.7
id-12694	10	5	1	4.5
id-12695	10	5	8	3.6
id-12696	6	2	7	3.0
id-12697	8	7	7	3.5
id-12698	3	2	11	3.6
id-12699	5	9	1	4.3
id-12700	9	12	11	3.9
id-12701	3	3	19	3.4
id-12702	8	14	2	3.8
id-12703	6	8	8	4.4
id-12704	7	11	9	3.1
id-12705	5	4	27	4.8
id-12706	5	3	18	4.3
id-12707	4	6	7	5.0
id-12708	5	2	10	4.8
id-12709	8	6	13	3.6
id-12710	2	2	4	3.1
id-12711	6	12	8	3.9
id-12712	10	7	27	3.4
id-12713	10	18	18	4.4
id-12714	9	6	18	3.9
id-12715	5	9	7	4.9
id-12716	7	2	18	4.5
id-12717	7	6	15	4.2
id-12718	9	9	4	3.2
id-12719	9	4	27	5.0
id-12720	10	5	1	4.6
id-12721	2	4	29	4.7
id-12722	10	15	30	3.3
id-12723	10	3	12	3.2
id-12724	4	5	30	3.4
id-12725	2	2	8	3.6
id-12726	2	4	1	3.5
id-12727	3	6	10	4.7
id-12728	3	2	16	4.2
id-12729	10	3	18	4.6
id-12730	3	6	7	4.5
id-12731	4	7	3	3.7
id-12732	2	2	26	4.6
id-12733	4	6	14	3.9
id-12734	8	4	24	4.2
id-12735	4	3	17	3.4
id-12736	10	12	29	3.5
id-12737	1	2	22	3.0
id-12738	5	4	17	4.9
id-12739	10	6	23	4.7
id-12740	1	2	23	3.3
id-12741	1	2	18	3.2
id-12742	1	2	30	3.3
id-12743	6	7	2	5.0
id-12744	10	10	22	3.3
id-12745	2	2	16	3.9
id-12746	3	4	19	3.0
id-12747	2	2	29	4.8
id-12748	5	6	24	3.8
id-12749	4	6	1	4.2
id-12750	7	3	5	3.9
id-12751	4	7	9	4.9
id-12752	10	10	23	4.7
id-12753	9	2	1	4.0
id-12754	1	2	28	5.0
id-12755	4	4	10	4.2
id-12756	1	2	26	4.4
id-12757	10	9	16	3.5
id-12758	1	2	17	4.2
id-12759	10	17	10	3.4
id-12760	8	9	20	3.8
id-12761	8	16	21	3.8
id-12762	4	3	10	5.0
id-12763	7	6	4	3.1
id-12764	9	18	15	4.8
id-12765	1	2	2	3.1
id-12766	8	6	17	3.6
id-12767	6	12	12	3.0
id-12768	6	7	7	4.7
id-12769	10	7	28	4.3
id-12770	2	2	3	4.8
id-12771	7	11	13	3.7
id-12772	10	3	17	3.2
id-12773	5	6	28	4.8
id-12774	6	3	9	4.5
id-12775	7	6	14	3.7
id-12776	10	4	7	4.3
id-12777	8	16	24	4.2
id-12778	3	2	2	4.3
id-12779	4	8	8	3.6
id-12780	7	6	16	3.1
id-12781	3	5	14	4.3
id-12782	9	16	23	4.8
id-12783	3	6	9	3.9
id-12784	3	5	24	4.3
id-12785	4	5	12	3.8
id-12786	8	16	3	3.8
id-12787	10	5	17	3.3
id-12788	5	4	24	3.4
id-12789	2	3	17	3.9
id-12790	9	10	27	3.9
id-12791	10	7	21	3.9
id-12792	8	6	8	3.9
id-12793	6	4	8	3.8
id-12794	9	3	28	4.6
id-12795	8	12	16	3.4
id-12796	1	2	25	3.4
id-12797	9	3	7	3.4
id-12798	7	2	3	4.4
id-12799	10	7	4	3.5
id-12800	7	12	10	4.3
id-12801	5	10	25	4.9
id-12802	5	9	18	4.2
id-12803	3	6	28	4.3
id-12804	7	3	2	3.8
id-12805	9	2	12	4.7
id-12806	2	4	9	4.8
id-12807	10	8	15	4.0
id-12808	2	2	30	4.9
id-12809	6	3	3	4.2
id-12810	4	5	8	3.6
id-12811	6	9	15	4.8
id-12812	10	15	29	3.6
id-12813	8	8	30	4.3
id-12814	7	13	16	4.1
id-12815	8	4	3	4.1
id-12816	10	9	16	5.0
id-12817	3	2	15	4.0
id-12818	7	3	1	4.3
id-12819	4	7	11	4.2
id-12820	7	3	10	3.7
id-12821	9	11	5	3.6
id-12822	9	13	19	3.5
id-12823	10	3	25	3.8
id-12824	7	11	25	3.4
id-12825	10	12	22	3.1
id-12826	1	2	7	4.1
id-12827	7	7	3	4.8
id-12828	2	4	26	4.8
id-12829	9	7	25	3.8
id-12830	3	4	24	3.6
id-12831	5	4	7	4.2
id-12832	6	4	11	3.5
id-12833	8	11	19	4.7
id-12834	3	6	24	3.2
id-12835	2	4	2	3.5
id-12836	3	4	27	4.5
id-12837	5	3	11	4.8
id-12838	3	4	8	3.5
id-12839	3	2	26	3.3
id-12840	7	5	15	3.6
id-12841	6	6	24	4.6
id-12842	9	8	20	3.8
id-12843	7	10	17	4.7
id-12844	7	9	3	3.4
id-12845	10	18	28	4.3
id-12846	7	5	2	4.2
id-12847	7	6	7	4.7
id-12848	10	8	9	4.3
id-12849	3	2	8	3.4
id-12850	1	2	2	4.0
id-12851	10	18	24	3.6
id-12852	8	2	6	3.4
id-12853	2	4	21	4.8
id-12854	8	10	29	4.9
id-12855	2	2	9	4.1
id-12856	9	3	3	3.5
id-12857	9	15	25	3.2
id-12858	8	12	13	3.3
id-12859	1	2	3	3.5
id-12860	6	3	16	3.6
id-12861	10	11	18	4.4
id-12862	3	5	4	4.1
id-12863	9	2	30	4.9
id-12864	7	9	30	4.0
id-12865	7	11	20	3.2
id-12866	9	13	6	3.5
id-12867	8	16	30	4.2
id-12868	10	2	24	4.9
id-12869	5	3	5	4.4
id-12870	1	2	12	3.4
id-12871	4	7	22	4.4
id-12872	5	4	19	4.2
id-12873	7	3	8	4.3
id-12874	4	2	21	4.2
id-12875	8	2	17	3.3
id-12876	1	2	23	3.4
id-12877	3	4	20	3.0
id-12878	5	4	10	4.3
id-12879	5	3	22	3.8
id-12880	3	3	20	4.2
id-12881	5	2	8	3.3
id-12882	1	2	30	4.3
id-12883	4	5	5	4.3
id-12884	2	2	2	4.2
id-12885	5	5	7	3.7
id-12886	2	2	8	3.8
id-12887	7	3	24	3.8
id-12888	7	2	7	4.8
id-12889	3	3	22	4.1
id-12890	8	16	30	4.9
id-12891	10	15	20	4.4
id-12892	3	6	17	4.2
id-12893	7	8	20	3.3
id-12894	9	16	28	3.1
id-12895	6	7	23	3.1
id-12896	7	8	2	3.9
id-12897	8	16	1	4.9
id-12898	10	2	15	3.3
id-12899	10	9	5	3.8
id-12900	1	2	20	4.4
id-12901	6	10	18	4.7
id-12902	3	4	5	3.3
id-12903	6	7	20	4.0
id-12904	3	5	24	3.9
id-12905	6	5	27	3.4
id-12906	3	5	24	4.8
id-12907	6	6	30	3.1
id-12908	2	2	25	4.4
id-12909	7	6	25	3.8
id-12910	1	2	17	3.9
id-12911	5	7	11	4.2
id-12912	1	2	25	3.2
id-12913	5	10	29	4.1
id-12914	2	4	17	4.9
id-12915	9	13	25	3.7
id-12916	9	8	13	3.5
id-12917	4	6	2	3.8
id-12918	6	5	6	4.8
id-12919	6	7	8	4.5
id-12920	6	8	12	3.7
id-12921	4	8	12	3.7
id-12922	4	5	22	3.5
id-12923	8	2	26	4.0
id-12924	9	10	28	3.8
id-12925	4	4	6	3.7
id-12926	8	3	13	3.3
id-12927	10	6	8	3.2
id-12928	7	12	8	4.9
id-12929	4	8	3	3.2
id-12930	9	7	6	3.5
id-12931	9	8	8	4.9
id-12932	2	2	14	4.3
id-12933	4	8	26	4.6
id-12934	7	13	12	4.6
id-12935	6	12	25	3.2
id-12936	4	7	28	4.7
id-12937	3	4	1	3.2
id-12938	9	7	27	4.6
id-12939	6	3	15	3.6
id-12940	5	6	18	3.1
id-12941	7	4	6	3.5
id-12942	2	4	13	4.9
id-12943	1	2	4	4.5
id-12944	4	6	12	3.1
id-12945	9	4	21	3.4
id-12946	6	11	7	4.6
id-12947	2	3	22	3.6
id-12948	5	6	2	3.1
id-12949	9	12	4	4.1
id-12950	9	18	12	3.0
id-12951	7	11	26	3.2
id-12952	8	11	4	4.8
id-12953	3	4	1	3.2
id-12954	10	5	13	3.9
id-12955	8	10	21	4.6
id-12956	2	2	18	4.0
id-12957	2	2	20	3.1
id-12958	8	16	19	3.5
id-12959	10	20	5	4.1
id-12960	8	6	21	4.1
id-12961	6	7	9	3.2
id-12962	5	3	26	4.3
id-12963	3	5	24	3.3
id-12964	8	4	4	4.7
id-12965	3	5	25	4.7
id-12966	5	8	2	3.0
id-12967	10	15	8	3.3
id-12968	8	11	3	3.8
id-12969	10	3	8	3.4
id-12970	2	4	2	3.9
id-12971	6	5	19	3.3
id-12972	8	15	28	4.5
id-12973	7	5	7	4.0
id-12974	6	8	19	3.6
id-12975	2	3	17	3.4
id-12976	4	3	27	3.7
id-12977	3	4	17	3.8
id-12978	4	2	29	3.9
id-12979	9	17	17	3.7
id-12980	3	6	6	4.9
id-12981	8	8	22	3.7
id-12982	8	4	14	3.5
id-12983	10	17	27	5.0
id-12984	10	8	4	3.6
id-12985	9	14	11	5.0
id-12986	5	9	2	4.5
id-12987	6	8	2	4.9
id-12988	6	11	10	3.1
id-12989	2	3	5	4.7
id-12990	10	9	2	3.5
id-12991	8	14	29	4.0
id-12992	8	6	28	4.6
id-12993	1	2	28	3.7
id-12994	5	3	1	4.4
id-12995	9	9	21	4.3
id-12996	10	10	11	4.4
id-12997	5	4	12	3.8
id-12998	4	3	16	4.3
id-12999	7	11	15	3.5
id-13000	3	3	25	3.0
id-13001	6	12	19	4.3
id-13002	4	5	17	4.6
id-13003	10	7	29	4.5
id-13004	9	17	6	4.0
id-13005	2	4	8	4.1
id-13006	8	11	17	4.2
id-13007	4	8	26	4.1
id-13008	8	2	6	4.7
id-13009	10	11	4	4.3
id-13010	8	7	14	4.0
id-13011	2	4	8	4.1
id-13012	7	7	1	3.9
id-13013	4	7	10	3.4
id-13014	6	8	11	3.8
id-13015	3	4	24	4.3
id-13016	8	11	7	4.1
id-13017	8	2	29	3.9
id-13018	5	5	10	4.2
id-13019	5	4	12	4.4
id-13020	6	12	15	3.6
id-13021	6	11	23	3.8
id-13022	6	2	18	4.2
id-13023	7	8	6	5.0
id-13024	4	2	11	3.4
id-13025	8	3	17	3.5
id-13026	1	2	12	3.2
id-13027	6	6	14	3.3
id-13028	7	7	9	3.1
id-13029	4	7	24	3.2
id-13030	4	6	20	3.4
id-13031	6	4	8	4.6
id-13032	2	4	14	4.6
id-13033	9	9	19	3.9
id-13034	10	14	23	5.0
id-13035	7	14	2	4.3
id-13036	10	11	9	4.5
id-13037	8	8	16	4.3
id-13038	6	9	29	3.3
id-13039	10	18	26	4.3
id-13040	7	10	9	4.0
id-13041	10	2	13	3.8
id-13042	8	5	8	3.5
id-13043	9	5	14	4.1
id-13044	1	2	1	4.8
id-13045	3	3	9	4.5
id-13046	9	12	15	3.1
id-13047	5	9	26	3.3
id-13048	1	2	13	4.3
id-13049	4	5	3	3.4
id-13050	6	7	3	4.4
id-13051	10	2	23	4.0
id-13052	9	17	12	3.5
id-13053	5	6	23	3.3
id-13054	8	14	7	3.6
id-13055	7	2	3	3.9
id-13056	8	10	13	4.3
id-13057	8	16	28	3.8
id-13058	6	4	14	3.6
id-13059	7	9	6	3.5
id-13060	2	2	20	4.2
id-13061	3	6	16	4.9
id-13062	7	14	12	4.1
id-13063	8	3	25	3.7
id-13064	2	2	10	4.7
id-13065	4	6	1	4.5
id-13066	6	9	7	4.2
id-13067	2	4	1	3.7
id-13068	9	2	8	4.3
id-13069	8	6	23	3.9
id-13070	6	3	17	4.7
id-13071	3	6	20	4.6
id-13072	8	16	29	3.8
id-13073	10	18	11	4.1
id-13074	10	2	2	4.1
id-13075	7	4	27	3.7
id-13076	6	3	28	4.8
id-13077	8	10	27	5.0
id-13078	2	4	21	5.0
id-13079	6	11	27	3.2
id-13080	3	6	3	3.9
id-13081	3	5	17	4.2
id-13082	5	5	21	4.9
id-13083	10	17	9	3.9
id-13084	1	2	7	4.6
id-13085	1	2	15	4.7
id-13086	10	19	1	3.9
id-13087	4	3	24	4.7
id-13088	8	7	30	3.7
id-13089	7	7	27	3.5
id-13090	4	7	22	4.5
id-13091	10	14	5	4.6
id-13092	10	7	21	3.7
id-13093	2	2	11	4.0
id-13094	4	2	22	3.6
id-13095	5	6	6	3.7
id-13096	5	8	17	4.2
id-13097	7	10	29	3.1
id-13098	3	5	20	4.7
id-13099	10	7	27	3.5
id-13100	1	2	4	3.2
id-13101	7	8	7	3.1
id-13102	5	4	30	4.9
id-13103	7	6	8	3.8
id-13104	6	4	5	3.9
id-13105	4	3	26	3.9
id-13106	1	2	7	3.4
id-13107	3	2	12	4.9
id-13108	5	3	14	4.1
id-13109	9	16	22	4.1
id-13110	9	10	19	3.3
id-13111	3	5	6	4.4
id-13112	7	9	19	3.5
id-13113	5	6	12	4.8
id-13114	3	4	30	4.4
id-13115	2	2	14	3.8
id-13116	7	12	24	3.6
id-13117	9	15	14	3.6
id-13118	3	2	22	4.7
id-13119	1	2	23	3.3
id-13120	1	2	1	4.4
id-13121	5	4	19	4.1
id-13122	4	2	25	3.7
id-13123	8	14	8	3.7
id-13124	9	6	22	3.5
id-13125	10	14	1	4.0
id-13126	2	2	19	3.2
id-13127	7	6	26	4.0
id-13128	2	4	22	4.8
id-13129	9	9	22	5.0
id-13130	1	2	26	3.9
id-13131	4	5	13	4.0
id-13132	2	2	24	4.0
id-13133	2	4	15	3.2
id-13134	10	13	22	4.6
id-13135	7	11	3	4.5
id-13136	7	5	28	3.8
id-13137	9	13	30	4.0
id-13138	7	5	30	4.1
id-13139	6	7	21	3.9
id-13140	3	4	11	4.4
id-13141	10	14	13	4.7
id-13142	2	3	23	4.0
id-13143	7	6	6	4.0
id-13144	2	2	5	3.2
id-13145	1	2	12	3.7
id-13146	3	5	30	4.8
id-13147	4	3	27	4.7
id-13148	6	11	25	4.6
id-13149	3	2	2	3.8
id-13150	8	14	10	3.3
id-13151	10	15	29	4.7
id-13152	3	5	26	4.2
id-13153	10	4	30	4.9
id-13154	3	4	22	3.3
id-13155	1	2	12	4.5
id-13156	10	13	19	3.3
id-13157	9	3	1	3.0
id-13158	4	2	8	3.2
id-13159	8	11	25	4.5
id-13160	8	8	25	3.8
id-13161	8	4	4	4.2
id-13162	2	3	4	3.6
id-13163	7	4	12	4.3
id-13164	1	2	19	4.0
id-13165	8	9	18	4.5
id-13166	8	6	28	3.4
id-13167	5	9	28	3.7
id-13168	9	14	20	3.9
id-13169	1	2	21	4.3
id-13170	8	10	24	4.0
id-13171	9	14	13	4.3
id-13172	6	2	6	4.6
id-13173	6	7	3	3.1
id-13174	7	14	13	3.3
id-13175	8	5	26	3.9
id-13176	7	11	7	3.9
id-13177	9	4	28	3.2
id-13178	2	3	12	3.3
id-13179	6	12	9	4.6
id-13180	6	3	17	3.3
id-13181	4	5	10	3.8
id-13182	3	2	27	3.3
id-13183	1	2	19	3.8
id-13184	10	16	7	3.8
id-13185	5	9	19	3.8
id-13186	7	13	19	4.7
id-13187	1	2	13	3.5
id-13188	9	15	16	4.1
id-13189	2	3	28	3.7
id-13190	6	9	11	3.6
id-13191	2	3	21	3.6
id-13192	5	4	16	4.8
id-13193	7	10	7	4.2
id-13194	5	3	23	3.8
id-13195	4	2	17	4.8
id-13196	2	3	23	3.1
id-13197	9	8	1	3.6
id-13198	8	8	27	3.4
id-13199	1	2	23	4.8
id-13200	4	7	8	4.9
id-13201	10	19	19	3.1
id-13202	9	5	23	3.8
id-13203	10	10	27	4.2
id-13204	4	3	12	3.6
id-13205	1	2	10	3.4
id-13206	8	7	18	4.1
id-13207	7	13	14	4.9
id-13208	8	15	21	4.4
id-13209	9	8	10	3.5
id-13210	9	14	17	3.6
id-13211	5	5	2	4.4
id-13212	6	4	12	4.7
id-13213	4	3	16	3.8
id-13214	9	6	25	4.6
id-13215	6	11	13	4.8
id-13216	3	2	24	4.9
id-13217	2	4	5	4.5
id-13218	4	3	19	5.0
id-13219	4	7	14	4.6
id-13220	5	7	19	4.7
id-13221	10	14	14	3.9
id-13222	6	9	25	4.4
id-13223	7	2	12	3.3
id-13224	4	3	23	4.4
id-13225	10	18	7	3.2
id-13226	1	2	15	4.5
id-13227	3	5	17	4.4
id-13228	7	7	24	3.1
id-13229	2	4	8	4.6
id-13230	10	10	7	4.0
id-13231	3	2	5	3.9
id-13232	7	14	18	3.3
id-13233	2	3	3	4.4
id-13234	1	2	20	4.7
id-13235	10	18	9	3.2
id-13236	2	4	22	3.6
id-13237	3	5	11	3.1
id-13238	1	2	3	4.1
id-13239	4	8	2	3.6
id-13240	8	8	24	4.8
id-13241	6	6	21	4.5
id-13242	3	4	14	4.0
id-13243	10	12	28	4.9
id-13244	2	4	30	3.9
id-13245	9	13	10	3.7
id-13246	6	4	1	4.1
id-13247	4	8	24	4.6
id-13248	8	14	20	3.3
id-13249	3	4	22	4.9
id-13250	6	6	11	4.3
id-13251	1	2	7	4.6
id-13252	7	2	5	4.4
id-13253	7	4	9	3.7
id-13254	1	2	23	3.8
id-13255	9	13	12	3.3
id-13256	8	9	12	4.1
id-13257	8	5	26	4.9
id-13258	3	4	4	4.6
id-13259	10	9	12	3.1
id-13260	3	5	22	4.3
id-13261	6	8	25	4.1
id-13262	5	7	11	3.7
id-13263	7	12	1	4.6
id-13264	8	2	11	3.2
id-13265	9	14	23	3.7
id-13266	7	10	29	3.3
id-13267	1	2	9	4.7
id-13268	2	4	27	3.5
id-13269	10	15	3	4.9
id-13270	8	10	5	3.7
id-13271	7	14	25	3.9
id-13272	1	2	13	3.7
id-13273	8	13	19	4.4
id-13274	10	4	12	4.2
id-13275	1	2	29	4.6
id-13276	8	7	6	4.6
id-13277	2	4	27	4.2
id-13278	4	2	18	3.3
id-13279	2	4	25	4.0
id-13280	7	6	2	4.4
id-13281	10	12	8	3.7
id-13282	6	11	7	4.1
id-13283	5	4	23	4.1
id-13284	9	15	18	4.5
id-13285	4	5	3	4.4
id-13286	4	8	2	4.4
id-13287	6	4	24	4.6
id-13288	7	10	3	4.2
id-13289	8	11	27	4.3
id-13290	1	2	28	4.6
id-13291	5	3	7	4.6
id-13292	4	5	7	3.8
id-13293	5	3	27	3.1
id-13294	3	4	19	3.6
id-13295	6	12	11	4.6
id-13296	1	2	18	3.8
id-13297	4	7	18	3.9
id-13298	10	3	26	4.2
id-13299	9	7	16	4.8
id-13300	4	3	3	4.9
id-13301	1	2	16	3.0
id-13302	3	3	4	3.6
id-13303	4	6	13	4.1
id-13304	9	4	3	4.0
id-13305	10	16	6	4.6
id-13306	1	2	9	4.2
id-13307	3	2	28	3.9
id-13308	1	2	18	4.4
id-13309	1	2	19	4.6
id-13310	1	2	27	3.3
id-13311	3	5	4	4.9
id-13312	1	2	17	4.6
id-13313	3	2	15	4.5
id-13314	9	13	5	3.3
id-13315	8	6	22	4.0
id-13316	2	2	23	3.8
id-13317	1	2	30	4.6
id-13318	6	3	10	4.6
id-13319	10	16	7	4.0
id-13320	4	8	16	3.0
id-13321	4	3	29	3.3
id-13322	5	5	2	4.5
id-13323	10	4	28	4.0
id-13324	10	16	14	4.5
id-13325	7	13	30	4.9
id-13326	10	4	12	4.0
id-13327	9	8	25	3.1
id-13328	2	4	4	3.5
id-13329	4	4	23	3.8
id-13330	6	11	13	3.5
id-13331	5	7	14	4.3
id-13332	1	2	3	3.7
id-13333	5	5	16	4.1
id-13334	3	3	12	3.8
id-13335	10	10	10	4.3
id-13336	7	7	16	3.4
id-13337	6	4	20	4.7
id-13338	6	9	27	3.1
id-13339	7	13	12	3.8
id-13340	10	17	26	3.2
id-13341	3	5	28	4.9
id-13342	7	13	4	4.9
id-13343	7	13	28	3.8
id-13344	9	3	10	3.7
id-13345	4	4	20	3.2
id-13346	2	4	27	4.2
id-13347	9	10	29	4.8
id-13348	5	9	9	3.6
id-13349	9	10	7	3.8
id-13350	10	13	15	3.2
id-13351	4	2	28	4.2
id-13352	2	4	14	3.1
id-13353	3	2	23	4.2
id-13354	5	8	16	4.8
id-13355	5	10	22	3.2
id-13356	3	2	9	4.6
id-13357	2	3	24	3.4
id-13358	1	2	21	3.8
id-13359	5	2	2	3.6
id-13360	5	3	27	4.3
id-13361	9	18	8	5.0
id-13362	8	11	12	3.7
id-13363	2	2	22	3.5
id-13364	4	3	8	4.2
id-13365	2	4	7	4.1
id-13366	7	12	16	4.6
id-13367	6	2	22	3.4
id-13368	7	3	17	4.7
id-13369	3	3	20	4.1
id-13370	6	12	7	3.3
id-13371	4	2	15	3.1
id-13372	8	11	6	5.0
id-13373	1	2	18	4.6
id-13374	3	6	30	4.3
id-13375	4	5	2	3.2
id-13376	3	4	1	3.1
id-13377	4	7	23	4.6
id-13378	2	3	23	4.9
id-13379	4	2	13	3.8
id-13380	4	3	30	3.3
id-13381	1	2	18	4.7
id-13382	5	9	26	4.3
id-13383	3	6	13	5.0
id-13384	10	5	7	3.6
id-13385	3	4	10	4.0
id-13386	3	4	10	3.4
id-13387	9	14	28	3.1
id-13388	3	4	2	3.2
id-13389	1	2	14	4.5
id-13390	5	9	1	4.0
id-13391	4	3	20	4.3
id-13392	4	8	17	3.5
id-13393	7	9	13	3.7
id-13394	10	9	26	4.0
id-13395	6	4	22	4.2
id-13396	1	2	13	4.6
id-13397	7	13	27	4.3
id-13398	4	5	7	4.9
id-13399	6	9	11	4.3
id-13400	3	2	21	4.3
id-13401	8	13	4	3.2
id-13402	7	3	3	4.8
id-13403	9	18	5	3.1
id-13404	10	7	14	3.4
id-13405	3	3	19	4.5
id-13406	9	9	5	4.0
id-13407	1	2	13	4.9
id-13408	8	11	29	4.6
id-13409	9	3	16	5.0
id-13410	6	5	6	4.5
id-13411	9	4	17	4.9
id-13412	10	19	4	3.6
id-13413	5	6	29	3.9
id-13414	1	2	25	3.6
id-13415	7	5	27	4.4
id-13416	1	2	11	4.1
id-13417	3	5	5	3.4
id-13418	9	8	22	3.1
id-13419	2	3	2	3.4
id-13420	6	6	7	3.1
id-13421	9	3	27	3.1
id-13422	9	17	15	3.1
id-13423	3	5	24	3.8
id-13424	1	2	7	3.7
id-13425	8	9	13	4.7
id-13426	5	10	15	4.5
id-13427	4	8	9	4.7
id-13428	7	4	14	3.4
id-13429	2	4	14	4.9
id-13430	4	3	7	3.6
id-13431	9	14	30	3.7
id-13432	1	2	6	4.0
id-13433	2	4	24	3.1
id-13434	3	6	5	4.7
id-13435	3	3	1	3.9
id-13436	10	12	13	3.1
id-13437	7	2	16	3.7
id-13438	9	5	28	4.5
id-13439	7	12	29	4.8
id-13440	8	5	30	3.4
id-13441	2	4	11	3.3
id-13442	3	5	27	3.1
id-13443	7	8	9	3.5
id-13444	8	15	2	4.6
id-13445	5	8	10	3.3
id-13446	1	2	20	4.2
id-13447	7	8	3	3.5
id-13448	9	9	3	4.9
id-13449	9	5	9	3.0
id-13450	5	3	2	4.9
id-13451	5	8	27	4.5
id-13452	2	2	3	4.7
id-13453	1	2	19	3.5
id-13454	8	15	19	3.3
id-13455	7	6	22	4.5
id-13456	9	2	3	3.9
id-13457	4	7	28	3.3
id-13458	6	6	3	3.1
id-13459	1	2	17	4.4
id-13460	6	10	30	4.7
id-13461	3	6	11	4.9
id-13462	10	7	14	3.8
id-13463	2	2	3	4.0
id-13464	9	11	30	3.8
id-13465	4	5	2	3.6
id-13466	3	4	5	3.2
id-13467	6	8	4	4.5
id-13468	7	12	27	3.1
id-13469	3	6	26	4.0
id-13470	10	20	27	4.6
id-13471	6	10	15	3.7
id-13472	5	5	15	4.2
id-13473	6	11	25	3.5
id-13474	5	10	26	3.8
id-13475	4	3	20	5.0
id-13476	4	2	26	4.8
id-13477	2	4	17	3.3
id-13478	1	2	13	3.7
id-13479	8	9	26	4.7
id-13480	3	6	3	3.0
id-13481	4	6	12	3.2
id-13482	5	7	13	4.2
id-13483	8	4	19	4.6
id-13484	10	8	7	4.1
id-13485	10	6	27	4.6
id-13486	2	3	22	3.7
id-13487	8	15	14	4.4
id-13488	3	6	13	3.1
id-13489	4	8	11	4.0
id-13490	4	6	21	5.0
id-13491	4	2	14	3.3
id-13492	10	4	15	4.1
id-13493	7	10	24	4.0
id-13494	10	13	19	4.8
id-13495	10	6	17	3.8
id-13496	9	17	28	3.5
id-13497	5	8	9	3.9
id-13498	10	6	14	3.2
id-13499	6	3	8	4.6
id-13500	9	6	30	3.6
id-13501	1	2	20	4.5
id-13502	9	6	25	3.2
id-13503	7	3	7	3.8
id-13504	8	8	24	4.9
id-13505	7	4	30	3.6
id-13506	6	6	6	4.5
id-13507	8	13	9	3.6
id-13508	10	6	20	3.1
id-13509	5	9	25	3.1
id-13510	5	10	14	3.8
id-13511	10	10	15	4.0
id-13512	1	2	24	4.8
id-13513	1	2	21	3.5
id-13514	3	4	5	4.4
id-13515	10	6	3	4.5
id-13516	2	2	19	3.4
id-13517	1	2	11	4.4
id-13518	8	15	8	4.2
id-13519	6	6	19	3.9
id-13520	7	6	24	3.3
id-13521	2	2	30	3.6
id-13522	10	18	25	3.8
id-13523	10	13	22	3.3
id-13524	7	7	3	3.9
id-13525	5	10	23	3.8
id-13526	4	2	3	4.6
id-13527	10	8	3	4.0
id-13528	2	4	21	3.1
id-13529	4	2	25	3.7
id-13530	5	7	22	3.5
id-13531	3	6	12	3.1
id-13532	8	10	6	4.1
id-13533	10	14	20	3.7
id-13534	9	7	29	4.7
id-13535	4	2	16	4.7
id-13536	10	18	28	3.4
id-13537	5	5	24	4.5
id-13538	1	2	6	4.8
id-13539	5	5	12	3.2
id-13540	7	13	23	4.0
id-13541	2	3	5	4.0
id-13542	8	13	24	4.2
id-13543	2	4	24	4.7
id-13544	9	15	26	4.7
id-13545	9	4	20	4.0
id-13546	3	6	7	3.1
id-13547	6	6	24	3.5
id-13548	7	2	11	3.7
id-13549	4	2	28	4.6
id-13550	6	9	10	3.1
id-13551	7	6	17	3.5
id-13552	8	3	2	3.9
id-13553	10	6	8	3.4
id-13554	8	11	21	3.1
id-13555	3	4	5	3.4
id-13556	2	4	5	4.0
id-13557	9	6	22	4.4
id-13558	3	5	19	3.8
id-13559	1	2	9	4.7
id-13560	4	7	10	4.8
id-13561	4	2	24	4.1
id-13562	6	3	15	3.9
id-13563	7	5	18	4.9
id-13564	1	2	12	4.8
id-13565	5	9	5	3.6
id-13566	4	2	24	3.4
id-13567	1	2	16	4.3
id-13568	8	4	22	4.3
id-13569	7	6	4	4.1
id-13570	8	4	30	4.4
id-13571	5	6	17	3.7
id-13572	3	4	5	3.6
id-13573	3	3	28	3.9
id-13574	3	5	20	3.9
id-13575	2	2	19	4.4
id-13576	5	8	28	4.7
id-13577	7	9	23	4.4
id-13578	9	6	27	4.4
id-13579	8	4	29	3.3
id-13580	7	11	25	3.5
id-13581	4	3	7	3.6
id-13582	3	4	14	4.7
id-13583	8	8	1	3.6
id-13584	5	10	27	4.0
id-13585	5	3	20	3.8
id-13586	1	2	10	4.4
id-13587	7	11	12	4.1
id-13588	3	3	21	3.0
id-13589	4	6	14	3.2
id-13590	2	3	22	3.4
id-13591	8	11	26	4.6
id-13592	4	2	4	4.5
id-13593	2	2	14	5.0
id-13594	9	17	18	4.7
id-13595	10	20	15	4.7
id-13596	10	6	14	3.9
id-13597	5	8	13	4.6
id-13598	2	3	19	3.6
id-13599	4	7	2	3.8
id-13600	8	14	15	4.2
id-13601	9	7	1	4.3
id-13602	9	13	14	3.9
id-13603	7	3	7	3.2
id-13604	2	4	8	3.1
id-13605	8	7	21	3.5
id-13606	7	3	20	4.6
id-13607	3	2	15	3.2
id-13608	6	4	14	3.6
id-13609	9	13	9	3.8
id-13610	7	5	3	3.1
id-13611	7	11	14	3.1
id-13612	7	6	8	4.7
id-13613	3	6	3	3.4
id-13614	7	9	17	4.5
id-13615	6	7	30	3.2
id-13616	4	4	28	3.6
id-13617	8	13	7	3.5
id-13618	6	10	23	4.4
id-13619	2	4	27	3.1
id-13620	10	3	14	3.1
id-13621	10	13	1	4.2
id-13622	10	13	6	4.8
id-13623	5	8	26	4.7
id-13624	2	4	1	3.4
id-13625	7	14	20	4.9
id-13626	8	16	3	4.1
id-13627	6	12	8	3.2
id-13628	1	2	13	3.6
id-13629	10	13	9	3.4
id-13630	9	2	16	3.8
id-13631	1	2	22	3.0
id-13632	9	16	9	3.5
id-13633	6	4	16	3.3
id-13634	4	2	3	3.3
id-13635	1	2	22	4.0
id-13636	2	2	30	4.7
id-13637	10	2	4	5.0
id-13638	7	13	25	4.3
id-13639	4	6	26	4.1
id-13640	5	9	27	3.9
id-13641	10	12	18	4.5
id-13642	1	2	10	3.2
id-13643	5	7	23	4.8
id-13644	6	12	24	5.0
id-13645	3	3	22	4.0
id-13646	6	9	9	3.3
id-13647	3	3	26	3.3
id-13648	3	6	5	3.6
id-13649	8	2	8	4.2
id-13650	8	3	15	3.5
id-13651	10	2	14	4.5
id-13652	3	4	10	4.7
id-13653	2	4	24	4.0
id-13654	7	2	1	5.0
id-13655	5	10	9	4.6
id-13656	3	3	5	4.1
id-13657	9	5	21	3.9
id-13658	8	10	15	4.5
id-13659	1	2	11	3.2
id-13660	2	3	8	3.3
id-13661	1	2	9	4.2
id-13662	1	2	13	3.4
id-13663	8	6	11	4.4
id-13664	8	10	1	3.0
id-13665	2	2	4	4.7
id-13666	1	2	17	3.9
id-13667	7	6	16	5.0
id-13668	10	2	16	3.9
id-13669	3	5	26	3.6
id-13670	2	2	8	4.7
id-13671	1	2	25	3.5
id-13672	1	2	26	3.3
id-13673	8	10	8	4.4
id-13674	5	9	13	3.9
id-13675	8	13	10	4.8
id-13676	10	15	3	4.7
id-13677	1	2	8	4.7
id-13678	7	8	27	3.2
id-13679	9	16	5	3.0
id-13680	1	2	26	5.0
id-13681	5	10	17	3.4
id-13682	3	2	20	4.7
id-13683	10	6	13	3.1
id-13684	8	3	26	3.9
id-13685	3	5	23	3.4
id-13686	5	2	12	4.1
id-13687	9	9	17	3.3
id-13688	8	2	20	4.0
id-13689	2	4	26	4.8
id-13690	2	2	2	3.1
id-13691	10	12	29	3.4
id-13692	10	17	3	5.0
id-13693	5	8	5	3.4
id-13694	8	9	26	3.1
id-13695	8	13	13	4.9
id-13696	7	7	25	3.2
id-13697	5	4	16	3.7
id-13698	1	2	28	4.6
id-13699	9	12	15	3.0
id-13700	6	9	5	4.0
id-13701	5	5	10	3.3
id-13702	7	4	25	3.3
id-13703	9	14	2	4.8
id-13704	9	10	27	4.6
id-13705	8	6	2	3.3
id-13706	4	3	25	4.5
id-13707	9	16	26	4.0
id-13708	7	5	13	4.8
id-13709	5	10	21	3.6
id-13710	2	3	15	3.2
id-13711	1	2	26	3.3
id-13712	9	11	5	3.4
id-13713	4	3	23	4.3
id-13714	10	4	2	4.6
id-13715	5	6	16	3.8
id-13716	7	14	14	4.5
id-13717	3	6	19	3.2
id-13718	9	18	3	3.6
id-13719	4	7	7	3.7
id-13720	4	2	22	3.7
id-13721	3	5	6	5.0
id-13722	10	20	26	3.9
id-13723	4	4	24	4.4
id-13724	4	3	26	4.4
id-13725	9	8	14	4.0
id-13726	3	5	1	5.0
id-13727	1	2	18	4.6
id-13728	7	6	21	3.1
id-13729	10	9	30	3.5
id-13730	5	10	27	3.5
id-13731	8	3	22	4.9
id-13732	2	4	28	3.5
id-13733	6	12	6	4.5
id-13734	6	2	30	4.3
id-13735	8	10	5	3.8
id-13736	4	3	11	4.1
id-13737	10	2	7	4.9
id-13738	2	2	4	3.4
id-13739	7	6	22	4.2
id-13740	5	9	8	3.4
id-13741	1	2	5	3.4
id-13742	6	4	15	3.3
id-13743	1	2	19	3.9
id-13744	5	3	27	4.7
id-13745	8	6	19	4.4
id-13746	9	9	4	3.5
id-13747	4	8	5	3.5
id-13748	1	2	20	3.7
id-13749	4	8	14	3.8
id-13750	10	11	23	3.7
id-13751	7	11	27	4.5
id-13752	8	9	22	3.1
id-13753	6	11	30	3.1
id-13754	5	4	4	3.2
id-13755	3	6	6	4.7
id-13756	1	2	15	3.6
id-13757	1	2	29	4.3
id-13758	9	3	23	3.1
id-13759	3	4	9	4.7
id-13760	4	2	8	3.9
id-13761	10	10	19	3.5
id-13762	3	3	15	4.3
id-13763	3	6	1	3.4
id-13764	7	14	26	4.4
id-13765	10	9	11	4.3
id-13766	4	5	4	4.7
id-13767	2	3	25	3.2
id-13768	4	6	21	3.2
id-13769	6	7	30	3.8
id-13770	9	4	12	4.1
id-13771	10	5	28	3.7
id-13772	10	17	23	3.1
id-13773	2	4	5	3.8
id-13774	4	3	25	3.7
id-13775	6	3	29	3.6
id-13776	3	5	30	3.5
id-13777	1	2	29	3.5
id-13778	3	3	19	4.6
id-13779	8	13	16	4.2
id-13780	5	3	14	3.7
id-13781	9	14	3	4.7
id-13782	10	9	6	3.8
id-13783	10	17	11	4.3
id-13784	7	11	7	3.3
id-13785	1	2	18	4.8
id-13786	10	19	11	4.8
id-13787	6	5	22	3.4
id-13788	2	2	5	3.9
id-13789	9	6	17	3.3
id-13790	8	11	30	3.1
id-13791	1	2	23	4.4
id-13792	8	2	4	4.2
id-13793	4	4	5	4.8
id-13794	3	5	14	3.1
id-13795	7	2	4	3.0
id-13796	9	12	17	3.5
id-13797	5	4	15	4.2
id-13798	5	8	10	4.5
id-13799	5	9	27	3.4
id-13800	7	3	23	4.1
id-13801	2	4	22	3.1
id-13802	3	6	24	3.7
id-13803	10	9	25	3.6
id-13804	4	5	7	3.3
id-13805	9	11	21	3.5
id-13806	7	12	22	4.5
id-13807	7	13	27	3.9
id-13808	1	2	4	3.8
id-13809	8	7	22	4.8
id-13810	9	13	25	3.8
id-13811	10	4	28	3.8
id-13812	5	6	23	4.2
id-13813	8	2	21	3.8
id-13814	7	2	18	3.4
id-13815	7	8	21	3.6
id-13816	1	2	15	4.8
id-13817	7	13	26	4.7
id-13818	2	4	12	3.9
id-13819	5	9	2	4.6
id-13820	4	4	21	3.4
id-13821	5	4	20	3.8
id-13822	5	2	16	4.7
id-13823	3	4	5	3.3
id-13824	4	7	8	4.7
id-13825	10	14	12	3.2
id-13826	10	9	27	3.0
id-13827	4	5	13	3.6
id-13828	3	5	11	4.1
id-13829	8	12	1	4.1
id-13830	3	4	4	3.4
id-13831	5	6	21	4.9
id-13832	8	10	15	3.7
id-13833	4	6	9	4.2
id-13834	7	8	13	3.6
id-13835	6	6	22	3.6
id-13836	1	2	27	3.6
id-13837	6	10	29	4.7
id-13838	8	5	10	3.8
id-13839	4	3	19	3.2
id-13840	7	7	14	4.7
id-13841	2	3	28	3.1
id-13842	2	2	18	3.8
id-13843	10	11	22	4.9
id-13844	9	16	19	3.6
id-13845	1	2	24	3.6
id-13846	3	2	27	3.3
id-13847	1	2	3	4.5
id-13848	2	3	10	3.7
id-13849	3	3	25	3.8
id-13850	9	18	19	4.7
id-13851	5	8	7	4.0
id-13852	8	11	19	4.3
id-13853	5	9	17	4.8
id-13854	5	4	17	4.6
id-13855	8	6	25	3.6
id-13856	7	3	23	3.1
id-13857	5	6	21	4.3
id-13858	1	2	20	3.8
id-13859	4	3	14	3.4
id-13860	8	11	15	4.9
id-13861	5	2	20	3.5
id-13862	6	3	30	3.1
id-13863	1	2	17	3.5
id-13864	5	5	5	3.7
id-13865	1	2	20	4.5
id-13866	3	4	14	4.6
id-13867	4	8	10	4.1
id-13868	7	13	23	4.6
id-13869	1	2	23	4.0
id-13870	2	4	24	4.4
id-13871	7	3	22	4.5
id-13872	3	2	26	4.4
id-13873	6	9	16	3.7
id-13874	2	3	27	3.2
id-13875	7	4	13	3.1
id-13876	3	2	22	4.1
id-13877	3	3	3	4.9
id-13878	6	7	25	4.2
id-13879	8	16	13	4.2
id-13880	3	6	26	3.0
id-13881	6	3	29	4.3
id-13882	5	5	29	4.6
id-13883	9	5	19	3.9
id-13884	6	3	23	3.5
id-13885	8	13	22	4.6
id-13886	7	10	5	4.4
id-13887	8	5	14	4.3
id-13888	9	14	6	3.2
id-13889	4	5	4	3.2
id-13890	4	2	11	4.8
id-13891	1	2	29	4.7
id-13892	9	11	5	3.5
id-13893	7	13	30	4.2
id-13894	3	4	4	3.7
id-13895	9	13	17	3.6
id-13896	7	5	11	4.5
id-13897	10	19	1	4.9
id-13898	1	2	9	3.9
id-13899	3	2	14	4.4
id-13900	2	3	19	3.1
id-13901	9	15	29	3.1
id-13902	9	6	1	3.9
id-13903	6	12	4	4.0
id-13904	9	6	5	4.7
id-13905	5	6	5	5.0
id-13906	4	6	2	4.8
id-13907	2	4	27	4.8
id-13908	2	2	7	4.2
id-13909	1	2	7	3.5
id-13910	10	3	3	4.6
id-13911	2	4	13	3.3
id-13912	10	5	12	4.7
id-13913	1	2	13	3.2
id-13914	6	5	11	4.4
id-13915	7	13	23	4.1
id-13916	9	11	21	3.9
id-13917	3	4	13	4.6
id-13918	4	4	23	4.9
id-13919	10	4	19	4.7
id-13920	9	14	20	3.5
id-13921	1	2	18	4.6
id-13922	7	7	12	4.1
id-13923	3	4	18	4.0
id-13924	2	2	13	4.5
id-13925	8	8	28	4.2
id-13926	5	2	17	4.8
id-13927	1	2	5	3.9
id-13928	8	6	22	3.6
id-13929	7	11	4	3.1
id-13930	10	18	3	4.3
id-13931	9	2	24	3.4
id-13932	5	9	15	4.1
id-13933	10	17	20	3.7
id-13934	5	5	4	4.3
id-13935	1	2	8	4.7
id-13936	7	3	11	4.1
id-13937	10	10	7	4.3
id-13938	5	3	20	4.9
id-13939	9	6	9	3.7
id-13940	6	4	20	3.9
id-13941	6	10	28	3.3
id-13942	2	2	1	3.1
id-13943	4	3	10	3.7
id-13944	2	3	6	4.2
id-13945	10	16	27	4.5
id-13946	1	2	9	5.0
id-13947	9	2	6	4.6
id-13948	4	7	6	3.9
id-13949	5	9	13	4.1
id-13950	2	4	11	4.4
id-13951	6	12	6	4.8
id-13952	3	6	16	4.5
id-13953	8	5	4	3.3
id-13954	8	2	26	4.2
id-13955	7	3	29	4.3
id-13956	5	6	18	3.1
id-13957	4	7	15	3.9
id-13958	7	2	30	3.7
id-13959	9	14	9	4.9
id-13960	3	3	9	4.7
id-13961	8	8	25	3.2
id-13962	7	2	14	4.5
id-13963	1	2	28	3.8
id-13964	2	2	27	4.0
id-13965	8	9	18	4.7
id-13966	1	2	24	4.5
id-13967	2	2	9	3.4
id-13968	1	2	16	4.3
id-13969	6	5	24	4.2
id-13970	7	4	2	3.1
id-13971	1	2	7	3.4
id-13972	6	10	14	4.0
id-13973	5	3	28	4.5
id-13974	6	5	23	3.6
id-13975	6	9	25	3.8
id-13976	9	16	30	4.3
id-13977	7	2	26	4.5
id-13978	4	8	17	3.2
id-13979	5	5	10	4.7
id-13980	9	2	1	3.8
id-13981	9	16	5	3.2
id-13982	1	2	5	5.0
id-13983	2	4	14	3.8
id-13984	2	4	16	5.0
id-13985	7	9	4	3.2
id-13986	5	3	5	4.9
id-13987	9	2	21	3.2
id-13988	9	2	1	4.1
id-13989	6	5	27	3.8
id-13990	5	4	11	4.8
id-13991	6	5	1	3.4
id-13992	1	2	11	3.1
id-13993	10	9	5	4.2
id-13994	1	2	23	3.9
id-13995	4	5	11	3.5
id-13996	8	2	25	4.0
id-13997	8	5	11	4.3
id-13998	2	4	2	5.0
id-13999	3	6	6	4.4
id-14000	4	5	4	3.4
id-14001	7	5	11	3.6
id-14002	3	3	10	3.3
id-14003	6	12	16	4.9
id-14004	3	3	27	4.4
id-14005	1	2	29	4.0
id-14006	1	2	3	4.6
id-14007	3	5	4	4.9
id-14008	2	3	19	3.2
id-14009	1	2	6	4.1
id-14010	10	2	9	4.2
id-14011	4	6	1	3.3
id-14012	10	20	12	3.2
id-14013	1	2	27	4.7
id-14014	6	11	27	3.0
id-14015	3	6	27	3.6
id-14016	3	6	24	4.6
id-14017	8	13	15	4.3
id-14018	9	3	25	4.3
id-14019	5	5	3	3.5
id-14020	3	3	5	3.1
id-14021	10	9	29	4.6
id-14022	6	9	26	3.5
id-14023	8	15	1	4.3
id-14024	6	12	4	4.9
id-14025	7	14	22	4.7
id-14026	5	6	8	3.2
id-14027	4	6	25	3.0
id-14028	8	13	14	3.8
id-14029	9	5	10	4.2
id-14030	4	8	24	3.6
id-14031	6	7	18	4.9
id-14032	1	2	9	4.9
id-14033	3	4	13	4.5
id-14034	3	4	25	3.3
id-14035	7	14	7	3.3
id-14036	4	4	16	4.8
id-14037	9	12	27	3.4
id-14038	7	4	17	3.9
id-14039	4	5	1	4.4
id-14040	3	6	9	5.0
id-14041	5	7	27	3.1
id-14042	1	2	12	4.9
id-14043	3	5	9	3.6
id-14044	10	10	1	3.9
id-14045	1	2	21	4.1
id-14046	1	2	21	3.4
id-14047	8	3	16	3.1
id-14048	1	2	8	3.5
id-14049	9	11	4	4.5
id-14050	5	10	9	3.3
id-14051	10	19	25	4.5
id-14052	10	11	14	4.3
id-14053	2	3	18	5.0
id-14054	10	2	6	4.7
id-14055	3	6	28	3.3
id-14056	6	6	3	4.3
id-14057	3	5	1	3.9
id-14058	3	6	24	4.4
id-14059	5	10	30	3.5
id-14060	5	4	18	3.7
id-14061	5	9	16	4.6
id-14062	3	6	5	4.9
id-14063	9	9	24	4.9
id-14064	8	16	30	4.2
id-14065	6	10	25	3.8
id-14066	6	12	3	4.4
id-14067	6	3	27	4.9
id-14068	6	2	13	4.4
id-14069	6	2	16	4.2
id-14070	10	7	29	4.2
id-14071	9	4	26	4.5
id-14072	3	2	6	3.4
id-14073	7	7	21	4.3
id-14074	2	2	21	3.1
id-14075	6	3	25	4.0
id-14076	3	3	26	3.3
id-14077	8	4	24	4.6
id-14078	5	3	2	4.8
id-14079	8	13	11	4.1
id-14080	1	2	15	4.1
id-14081	5	7	23	3.1
id-14082	6	8	4	3.1
id-14083	4	4	23	4.3
id-14084	5	6	13	4.5
id-14085	9	16	13	3.0
id-14086	3	4	4	3.1
id-14087	2	3	6	4.5
id-14088	8	11	8	4.1
id-14089	7	14	28	4.1
id-14090	8	2	10	4.9
id-14091	4	5	29	4.5
id-14092	9	5	12	4.9
id-14093	7	4	5	3.6
id-14094	4	6	17	4.4
id-14095	4	2	4	3.4
id-14096	5	7	24	4.6
id-14097	5	4	20	4.3
id-14098	4	3	27	4.7
id-14099	1	2	9	3.6
id-14100	8	4	26	4.0
id-14101	3	3	8	4.9
id-14102	10	2	21	3.3
id-14103	1	2	7	4.8
id-14104	9	13	28	4.5
id-14105	1	2	18	4.7
id-14106	7	3	4	4.5
id-14107	8	7	15	3.8
id-14108	3	5	28	4.7
id-14109	9	17	28	4.5
id-14110	4	5	14	3.8
id-14111	1	2	15	3.6
id-14112	7	9	19	3.6
id-14113	2	4	20	4.4
id-14114	1	2	18	3.1
id-14115	9	8	10	5.0
id-14116	2	4	8	4.8
id-14117	8	10	25	3.7
id-14118	3	3	8	4.0
id-14119	3	4	3	4.1
id-14120	5	10	9	4.8
id-14121	7	6	16	3.5
id-14122	4	6	2	5.0
id-14123	9	13	28	3.5
id-14124	4	7	11	3.1
id-14125	6	2	19	4.3
id-14126	2	4	10	3.4
id-14127	1	2	25	4.5
id-14128	9	16	22	4.6
id-14129	1	2	4	3.7
id-14130	10	8	9	3.1
id-14131	8	8	23	3.2
id-14132	1	2	24	3.4
id-14133	6	12	12	4.4
id-14134	3	2	23	3.6
id-14135	7	2	15	3.3
id-14136	6	7	15	4.6
id-14137	6	9	4	3.8
id-14138	9	13	5	4.4
id-14139	8	13	3	5.0
id-14140	10	3	4	3.3
id-14141	6	10	22	4.1
id-14142	1	2	21	3.6
id-14143	5	10	10	3.3
id-14144	3	2	2	3.9
id-14145	10	17	23	4.6
id-14146	6	12	13	4.3
id-14147	6	8	17	3.8
id-14148	6	8	11	3.8
id-14149	3	6	6	4.3
id-14150	5	7	3	4.9
id-14151	7	6	27	4.0
id-14152	8	5	10	4.2
id-14153	5	4	9	4.9
id-14154	8	13	3	4.7
id-14155	10	8	23	4.4
id-14156	1	2	23	4.9
id-14157	8	7	16	3.1
id-14158	2	3	9	4.3
id-14159	1	2	24	4.1
id-14160	7	4	17	3.2
id-14161	10	7	10	3.6
id-14162	10	12	21	4.6
id-14163	5	7	22	3.7
id-14164	4	8	25	4.4
id-14165	7	12	14	4.4
id-14166	10	14	23	4.8
id-14167	6	4	17	3.8
id-14168	3	6	22	3.5
id-14169	6	11	14	4.6
id-14170	7	7	3	3.7
id-14171	9	5	24	4.7
id-14172	9	13	22	4.9
id-14173	2	2	12	3.4
id-14174	3	5	25	3.4
id-14175	2	2	13	3.7
id-14176	5	4	14	4.1
id-14177	3	3	14	3.0
id-14178	6	3	15	4.4
id-14179	4	7	30	4.9
id-14180	3	4	13	3.5
id-14181	2	4	17	3.4
id-14182	4	8	6	3.6
id-14183	6	9	12	4.9
id-14184	4	6	10	3.1
id-14185	1	2	28	3.2
id-14186	7	2	1	3.6
id-14187	4	5	16	3.8
id-14188	5	5	29	3.4
id-14189	6	12	13	3.7
id-14190	3	6	3	4.9
id-14191	1	2	2	3.9
id-14192	3	6	22	3.1
id-14193	8	16	20	3.9
id-14194	10	5	3	4.3
id-14195	8	9	20	4.2
id-14196	7	6	7	4.4
id-14197	5	7	28	4.1
id-14198	3	3	4	4.3
id-14199	8	16	6	4.6
id-14200	1	2	28	4.9
id-14201	10	13	19	4.8
id-14202	2	2	10	3.5
id-14203	10	20	8	4.9
id-14204	10	4	30	3.1
id-14205	1	2	18	3.1
id-14206	8	11	13	4.4
id-14207	3	4	9	3.4
id-14208	6	7	9	4.1
id-14209	8	6	19	4.6
id-14210	3	5	28	4.2
id-14211	6	5	8	3.9
id-14212	3	4	6	4.8
id-14213	8	2	22	3.4
id-14214	8	12	3	4.3
id-14215	4	3	27	3.9
id-14216	7	14	24	3.9
id-14217	2	3	9	3.4
id-14218	5	2	11	4.4
id-14219	2	3	28	3.4
id-14220	5	8	17	5.0
id-14221	5	9	1	3.1
id-14222	5	4	5	3.2
id-14223	5	7	27	4.8
id-14224	1	2	28	4.6
id-14225	4	6	25	4.1
id-14226	8	4	17	4.4
id-14227	6	9	16	3.4
id-14228	10	19	21	3.5
id-14229	5	4	27	3.9
id-14230	5	3	24	4.4
id-14231	6	5	19	3.9
id-14232	2	3	5	3.3
id-14233	3	4	27	4.3
id-14234	9	17	2	3.4
id-14235	6	6	7	4.0
id-14236	8	12	12	4.3
id-14237	10	9	16	4.5
id-14238	2	2	30	3.4
id-14239	1	2	28	4.1
id-14240	2	4	27	4.3
id-14241	5	3	19	3.4
id-14242	5	7	1	4.0
id-14243	3	4	27	4.8
id-14244	1	2	20	3.3
id-14245	6	5	8	4.6
id-14246	2	3	6	3.2
id-14247	3	4	2	3.4
id-14248	7	8	14	3.4
id-14249	6	11	20	3.4
id-14250	3	6	16	4.7
id-14251	6	8	4	4.0
id-14252	1	2	25	5.0
id-14253	9	6	8	4.2
id-14254	10	20	4	4.2
id-14255	4	3	22	3.3
id-14256	9	16	4	3.7
id-14257	5	3	18	4.6
id-14258	4	3	19	3.3
id-14259	2	2	15	4.3
id-14260	3	5	11	4.8
id-14261	9	7	11	3.7
id-14262	9	17	14	4.0
id-14263	5	4	21	3.1
id-14264	4	4	5	4.8
id-14265	7	8	20	4.0
id-14266	9	8	26	4.9
id-14267	10	2	23	3.1
id-14268	7	11	9	4.5
id-14269	9	7	21	4.8
id-14270	4	5	26	4.7
id-14271	3	5	16	4.0
id-14272	4	8	9	3.7
id-14273	6	3	20	3.0
id-14274	8	11	24	3.6
id-14275	8	3	4	3.8
id-14276	5	3	20	4.5
id-14277	9	13	12	3.2
id-14278	5	4	4	3.7
id-14279	7	5	23	3.7
id-14280	3	4	2	4.1
id-14281	3	6	12	4.2
id-14282	4	7	22	4.5
id-14283	9	12	21	4.9
id-14284	6	3	8	4.7
id-14285	10	2	11	4.5
id-14286	8	7	28	4.5
id-14287	3	3	27	3.3
id-14288	4	4	12	4.4
id-14289	1	2	17	3.2
id-14290	2	4	9	3.8
id-14291	5	5	28	3.7
id-14292	6	8	26	4.9
id-14293	8	16	7	3.9
id-14294	6	4	17	4.0
id-14295	9	6	10	3.8
id-14296	9	15	17	4.0
id-14297	1	2	5	4.5
id-14298	5	5	24	4.1
id-14299	1	2	18	3.8
id-14300	7	8	30	3.0
id-14301	7	13	21	3.9
id-14302	1	2	20	3.3
id-14303	4	6	29	3.7
id-14304	3	3	1	4.7
id-14305	5	4	13	4.9
id-14306	1	2	21	4.6
id-14307	3	4	28	4.0
id-14308	6	7	23	3.9
id-14309	2	2	14	3.3
id-14310	9	15	12	4.2
id-14311	5	10	23	3.2
id-14312	9	2	5	4.7
id-14313	7	9	23	3.1
id-14314	1	2	14	3.8
id-14315	10	17	2	4.3
id-14316	7	5	4	3.9
id-14317	10	13	25	4.2
id-14318	3	5	7	4.4
id-14319	6	6	18	3.8
id-14320	6	8	19	3.1
id-14321	3	4	17	4.1
id-14322	10	7	16	3.5
id-14323	2	2	23	3.4
id-14324	1	2	13	5.0
id-14325	8	10	1	5.0
id-14326	10	19	24	4.3
id-14327	10	9	17	4.5
id-14328	2	3	7	3.6
id-14329	10	6	28	3.7
id-14330	2	2	2	4.3
id-14331	2	3	20	4.5
id-14332	1	2	25	3.8
id-14333	5	6	20	4.9
id-14334	10	16	14	3.1
id-14335	4	6	30	5.0
id-14336	10	4	8	3.5
id-14337	5	3	21	3.1
id-14338	9	5	2	4.2
id-14339	6	11	5	4.4
id-14340	3	3	21	4.3
id-14341	1	2	17	4.4
id-14342	6	3	16	4.6
id-14343	8	8	20	4.2
id-14344	3	6	28	4.6
id-14345	6	10	27	4.2
id-14346	8	12	23	3.9
id-14347	1	2	5	3.3
id-14348	6	9	6	3.2
id-14349	9	3	2	3.3
id-14350	10	3	10	3.3
id-14351	9	2	23	4.2
id-14352	4	2	13	3.2
id-14353	2	4	9	3.3
id-14354	5	7	15	3.7
id-14355	5	4	13	3.1
id-14356	1	2	22	3.6
id-14357	7	13	26	4.1
id-14358	8	7	14	4.0
id-14359	4	3	29	4.8
id-14360	5	6	1	4.4
id-14361	6	8	22	4.0
id-14362	1	2	10	4.7
id-14363	8	9	23	4.3
id-14364	8	3	23	3.6
id-14365	10	16	28	4.7
id-14366	2	4	24	3.3
id-14367	10	17	24	3.5
id-14368	6	9	17	3.1
id-14369	10	6	6	4.0
id-14370	1	2	25	4.2
id-14371	8	4	23	4.8
id-14372	1	2	17	3.9
id-14373	8	10	28	4.6
id-14374	3	4	27	4.3
id-14375	2	3	27	4.2
id-14376	8	9	15	3.3
id-14377	4	5	11	3.8
id-14378	5	4	11	3.8
id-14379	6	11	17	4.9
id-14380	6	11	17	3.3
id-14381	10	18	3	3.3
id-14382	6	2	16	3.4
id-14383	9	14	2	4.1
id-14384	7	5	19	4.4
id-14385	8	7	20	4.9
id-14386	1	2	20	4.3
id-14387	1	2	25	3.3
id-14388	3	4	27	3.3
id-14389	9	9	26	5.0
id-14390	1	2	14	5.0
id-14391	1	2	7	3.1
id-14392	5	4	17	4.7
id-14393	7	3	18	3.6
id-14394	8	13	30	3.6
id-14395	6	5	15	3.4
id-14396	7	12	18	3.4
id-14397	8	9	20	3.8
id-14398	7	9	26	3.9
id-14399	7	3	27	4.6
id-14400	10	18	29	4.2
id-14401	4	6	17	4.2
id-14402	9	17	17	3.6
id-14403	7	4	19	4.4
id-14404	1	2	8	4.9
id-14405	10	2	18	4.9
id-14406	6	9	5	3.7
id-14407	1	2	17	4.4
id-14408	3	4	27	3.5
id-14409	5	6	7	3.3
id-14410	7	11	2	3.0
id-14411	1	2	2	4.3
id-14412	1	2	27	3.8
id-14413	7	10	15	4.9
id-14414	2	4	1	3.9
id-14415	5	3	21	3.4
id-14416	2	4	7	3.7
id-14417	4	6	19	4.9
id-14418	3	6	23	4.8
id-14419	9	15	30	4.9
id-14420	9	11	9	5.0
id-14421	1	2	1	4.8
id-14422	1	2	27	3.3
id-14423	6	3	12	3.2
id-14424	4	5	25	4.9
id-14425	4	2	7	4.6
id-14426	10	11	9	4.7
id-14427	4	6	7	3.5
id-14428	9	2	23	3.4
id-14429	10	3	20	3.6
id-14430	6	3	22	4.5
id-14431	8	8	23	4.3
id-14432	10	10	28	4.7
id-14433	8	5	16	3.6
id-14434	5	6	24	4.2
id-14435	2	4	29	3.0
id-14436	8	10	13	4.3
id-14437	3	6	16	3.0
id-14438	10	4	16	3.8
id-14439	4	2	8	4.0
id-14440	3	5	28	3.3
id-14441	7	10	9	4.6
id-14442	4	8	19	4.1
id-14443	2	2	12	3.8
id-14444	3	3	17	3.1
id-14445	1	2	23	4.4
id-14446	5	4	20	3.1
id-14447	4	5	4	4.5
id-14448	10	15	25	4.4
id-14449	2	3	27	3.7
id-14450	9	6	1	3.0
id-14451	4	4	9	4.4
id-14452	6	4	1	3.7
id-14453	7	12	5	4.0
id-14454	3	3	24	4.2
id-14455	9	17	24	3.1
id-14456	5	2	24	4.9
id-14457	4	7	22	3.8
id-14458	1	2	20	3.6
id-14459	1	2	7	4.9
id-14460	10	4	14	4.0
id-14461	1	2	5	4.8
id-14462	1	2	22	4.5
id-14463	5	6	9	3.2
id-14464	9	15	26	3.3
id-14465	3	4	15	3.8
id-14466	4	5	6	5.0
id-14467	3	5	17	3.9
id-14468	10	10	2	3.2
id-14469	6	7	2	4.2
id-14470	7	5	8	4.8
id-14471	2	3	24	4.7
id-14472	1	2	15	4.2
id-14473	2	4	27	3.9
id-14474	1	2	2	3.3
id-14475	1	2	18	3.6
id-14476	9	15	16	4.5
id-14477	4	4	11	3.8
id-14478	7	12	23	4.6
id-14479	5	2	12	4.2
id-14480	1	2	25	4.7
id-14481	8	16	22	3.9
id-14482	4	8	26	4.8
id-14483	6	3	17	4.0
id-14484	5	10	11	3.4
id-14485	10	9	27	4.4
id-14486	1	2	8	4.4
id-14487	5	4	16	4.5
id-14488	2	3	4	4.2
id-14489	9	10	21	4.7
id-14490	8	9	28	4.9
id-14491	8	7	22	4.3
id-14492	8	11	27	4.1
id-14493	1	2	15	3.5
id-14494	4	8	30	4.5
id-14495	8	16	29	3.0
id-14496	5	3	6	3.1
id-14497	10	14	20	4.1
id-14498	9	11	2	4.8
id-14499	4	4	25	4.8
id-14500	4	5	15	3.8
id-14501	10	6	16	3.5
id-14502	9	7	22	3.8
id-14503	5	10	20	3.6
id-14504	5	4	30	3.9
id-14505	1	2	5	3.9
id-14506	2	3	1	4.7
id-14507	10	13	25	4.1
id-14508	4	6	28	3.9
id-14509	4	8	22	4.7
id-14510	2	3	16	4.8
id-14511	10	2	4	4.7
id-14512	6	6	17	3.1
id-14513	2	3	27	4.4
id-14514	5	4	3	3.3
id-14515	7	14	13	4.9
id-14516	10	6	30	3.3
id-14517	1	2	26	4.6
id-14518	6	4	4	3.5
id-14519	8	3	30	3.3
id-14520	5	8	9	3.6
id-14521	3	4	6	3.5
id-14522	5	7	14	3.5
id-14523	4	7	1	4.2
id-14524	8	7	15	5.0
id-14525	10	7	18	3.2
id-14526	8	7	15	3.3
id-14527	7	4	28	4.1
id-14528	4	6	17	3.1
id-14529	6	10	24	3.6
id-14530	6	6	22	4.0
id-14531	2	2	2	4.6
id-14532	3	5	22	3.2
id-14533	1	2	4	4.9
id-14534	9	16	16	4.7
id-14535	8	11	29	3.7
id-14536	8	10	23	3.2
id-14537	4	4	12	3.8
id-14538	2	4	26	3.5
id-14539	9	7	14	4.6
id-14540	3	6	27	4.2
id-14541	8	3	29	3.8
id-14542	10	11	16	3.2
id-14543	5	4	14	4.4
id-14544	3	6	12	3.7
id-14545	4	3	9	3.0
id-14546	3	2	2	3.9
id-14547	4	5	17	4.6
id-14548	9	3	26	4.5
id-14549	10	14	3	3.5
id-14550	9	10	20	3.1
id-14551	4	2	18	4.1
id-14552	2	4	23	4.8
id-14553	5	10	14	3.1
id-14554	8	3	24	4.1
id-14555	6	8	9	4.0
id-14556	7	4	24	4.2
id-14557	10	16	6	4.7
id-14558	3	2	13	4.9
id-14559	3	5	30	3.3
id-14560	6	2	28	3.1
id-14561	1	2	26	3.9
id-14562	6	3	30	4.3
id-14563	9	12	11	3.7
id-14564	6	2	20	3.9
id-14565	2	3	6	4.6
id-14566	10	10	5	4.9
id-14567	5	7	2	3.2
id-14568	9	6	1	3.6
id-14569	9	13	15	3.6
id-14570	10	12	18	3.5
id-14571	7	11	16	4.1
id-14572	9	4	3	3.5
id-14573	10	13	4	4.0
id-14574	7	3	27	4.1
id-14575	10	7	13	4.9
id-14576	2	3	20	3.4
id-14577	5	4	27	3.7
id-14578	8	13	9	3.5
id-14579	5	2	15	4.6
id-14580	1	2	1	4.6
id-14581	9	8	29	3.6
id-14582	3	6	9	3.3
id-14583	10	2	7	3.5
id-14584	7	2	13	3.1
id-14585	3	4	4	4.8
id-14586	9	6	5	4.5
id-14587	4	8	9	4.4
id-14588	10	9	17	4.4
id-14589	4	2	8	3.1
id-14590	3	2	28	4.3
id-14591	1	2	5	3.8
id-14592	9	3	11	3.9
id-14593	7	12	23	4.8
id-14594	6	8	29	3.1
id-14595	1	2	8	3.6
id-14596	5	7	7	4.3
id-14597	8	10	30	3.5
id-14598	3	4	19	3.2
id-14599	4	2	27	4.3
id-14600	4	4	23	3.1
id-14601	4	7	15	3.9
id-14602	2	2	15	3.4
id-14603	3	3	15	4.2
id-14604	10	14	8	5.0
id-14605	10	9	19	3.2
id-14606	9	11	13	3.9
id-14607	7	9	15	5.0
id-14608	7	11	17	4.8
id-14609	5	10	12	3.1
id-14610	4	5	28	4.4
id-14611	5	9	6	3.1
id-14612	8	11	23	3.8
id-14613	4	8	14	4.8
id-14614	4	5	10	3.5
id-14615	3	4	10	3.8
id-14616	2	3	1	4.2
id-14617	7	9	1	3.9
id-14618	4	4	29	4.9
id-14619	10	2	12	4.8
id-14620	4	4	4	4.6
id-14621	7	13	11	3.9
id-14622	2	3	27	4.5
id-14623	2	2	12	3.8
id-14624	10	4	30	4.4
id-14625	5	7	6	4.8
id-14626	4	3	16	3.3
id-14627	5	7	21	3.4
id-14628	6	6	15	3.9
id-14629	2	4	9	3.1
id-14630	2	2	26	3.5
id-14631	8	5	6	3.5
id-14632	2	2	19	3.9
id-14633	10	17	29	3.6
id-14634	1	2	29	4.9
id-14635	4	5	16	3.5
id-14636	1	2	10	4.8
id-14637	2	4	7	4.4
id-14638	8	10	22	4.2
id-14639	5	9	28	4.7
id-14640	5	9	16	4.7
id-14641	5	6	21	3.2
id-14642	5	4	19	3.9
id-14643	1	2	5	3.3
id-14644	10	3	22	3.3
id-14645	9	15	2	3.5
id-14646	5	4	19	4.5
id-14647	2	3	19	3.6
id-14648	8	4	29	4.5
id-14649	2	3	21	3.5
id-14650	10	7	21	3.9
id-14651	10	4	18	4.7
id-14652	10	17	11	3.4
id-14653	5	6	29	4.7
id-14654	5	10	12	4.6
id-14655	3	2	20	4.1
id-14656	1	2	11	3.5
id-14657	8	2	25	4.9
id-14658	9	15	24	3.1
id-14659	10	4	17	4.4
id-14660	3	2	25	4.6
id-14661	2	4	19	4.6
id-14662	5	3	10	3.4
id-14663	10	2	5	4.3
id-14664	1	2	17	3.1
id-14665	10	2	16	4.1
id-14666	2	4	5	4.1
id-14667	9	7	4	3.1
id-14668	7	14	28	3.4
id-14669	7	7	24	3.8
id-14670	2	2	10	3.1
id-14671	10	13	21	3.2
id-14672	3	2	23	4.6
id-14673	3	5	5	3.7
id-14674	2	3	9	4.5
id-14675	10	20	29	3.1
id-14676	9	7	22	4.7
id-14677	3	6	26	4.0
id-14678	8	16	29	4.6
id-14679	7	7	12	4.4
id-14680	8	16	4	3.6
id-14681	2	2	22	4.6
id-14682	5	9	28	4.2
id-14683	6	10	14	3.2
id-14684	1	2	22	4.8
id-14685	5	2	10	3.8
id-14686	4	8	15	4.2
id-14687	8	9	3	3.8
id-14688	9	9	7	3.7
id-14689	1	2	29	3.3
id-14690	7	11	8	3.7
id-14691	2	4	21	4.5
id-14692	2	4	28	3.7
id-14693	2	3	15	3.7
id-14694	7	4	13	3.5
id-14695	4	8	26	4.8
id-14696	1	2	26	3.7
id-14697	9	9	1	3.4
id-14698	7	7	29	3.2
id-14699	7	2	19	4.5
id-14700	9	4	1	4.3
id-14701	2	2	7	4.2
id-14702	8	14	11	3.2
id-14703	2	4	29	4.0
id-14704	10	8	8	4.1
id-14705	3	6	30	3.7
id-14706	1	2	22	3.4
id-14707	6	12	16	4.1
id-14708	1	2	12	3.6
id-14709	8	11	17	4.4
id-14710	9	6	13	4.5
id-14711	5	3	6	4.5
id-14712	1	2	4	3.8
id-14713	2	4	20	4.8
id-14714	7	4	22	3.6
id-14715	9	4	25	3.1
id-14716	1	2	19	3.9
id-14717	9	3	2	3.9
id-14718	9	8	12	4.5
id-14719	2	4	23	4.6
id-14720	1	2	3	3.3
id-14721	10	16	2	3.7
id-14722	1	2	5	4.0
id-14723	7	3	25	3.2
id-14724	3	2	10	4.2
id-14725	3	2	17	3.6
id-14726	1	2	14	4.0
id-14727	7	8	23	3.7
id-14728	5	10	22	4.9
id-14729	3	6	13	3.6
id-14730	1	2	5	4.1
id-14731	1	2	18	3.1
id-14732	5	10	13	4.0
id-14733	5	7	24	3.3
id-14734	8	15	20	4.2
id-14735	9	17	15	4.8
id-14736	5	8	10	3.8
id-14737	3	4	3	3.7
id-14738	7	13	2	4.4
id-14739	7	6	7	3.1
id-14740	10	17	5	3.6
id-14741	10	5	27	3.6
id-14742	6	8	17	3.7
id-14743	4	4	16	4.2
id-14744	1	2	23	3.8
id-14745	6	3	17	3.0
id-14746	7	3	10	4.2
id-14747	1	2	30	3.1
id-14748	2	3	9	4.4
id-14749	9	5	7	4.9
id-14750	7	4	4	3.6
id-14751	4	5	24	3.9
id-14752	2	4	25	4.4
id-14753	9	6	1	5.0
id-14754	7	3	4	3.7
id-14755	5	8	24	3.9
id-14756	3	5	29	3.1
id-14757	3	3	1	3.1
id-14758	7	3	26	3.5
id-14759	9	14	27	3.6
id-14760	9	6	21	4.6
id-14761	2	4	18	4.8
id-14762	2	3	28	4.9
id-14763	9	3	4	4.1
id-14764	2	4	11	4.1
id-14765	1	2	25	3.3
id-14766	8	6	8	4.3
id-14767	7	10	3	4.1
id-14768	5	9	5	3.4
id-14769	7	7	28	4.3
id-14770	5	4	17	4.5
id-14771	6	12	5	3.4
id-14772	7	2	16	3.8
id-14773	9	18	6	3.2
id-14774	7	14	8	3.8
id-14775	1	2	18	3.7
id-14776	1	2	20	4.2
id-14777	4	4	21	4.0
id-14778	2	3	2	4.7
id-14779	4	5	10	4.1
id-14780	7	4	17	4.5
id-14781	8	7	21	4.8
id-14782	3	3	22	3.8
id-14783	9	10	25	3.7
id-14784	2	4	16	3.2
id-14785	5	5	5	3.4
id-14786	10	19	3	4.7
id-14787	4	8	21	3.9
id-14788	6	12	17	3.7
id-14789	4	5	7	4.1
id-14790	6	10	12	3.1
id-14791	2	4	18	4.7
id-14792	3	5	16	4.3
id-14793	6	10	11	5.0
id-14794	3	5	1	3.5
id-14795	10	19	12	4.0
id-14796	2	3	26	3.8
id-14797	1	2	3	3.7
id-14798	8	15	12	4.7
id-14799	7	6	14	4.6
id-14800	10	10	10	4.8
id-14801	7	14	24	3.8
id-14802	3	2	13	4.9
id-14803	4	4	25	4.1
id-14804	4	6	30	4.8
id-14805	6	12	14	3.7
id-14806	2	4	26	4.6
id-14807	10	10	27	3.1
id-14808	6	4	17	3.2
id-14809	6	10	15	4.2
id-14810	9	15	17	4.0
id-14811	8	5	13	4.0
id-14812	3	2	25	4.3
id-14813	1	2	23	4.5
id-14814	4	5	8	3.2
id-14815	4	3	5	4.3
id-14816	7	7	28	3.9
id-14817	9	8	16	4.4
id-14818	6	11	19	4.0
id-14819	1	2	6	3.5
id-14820	2	3	8	3.7
id-14821	4	5	13	4.4
id-14822	1	2	17	3.5
id-14823	5	10	26	4.5
id-14824	8	15	23	4.4
id-14825	8	4	15	3.8
id-14826	5	7	24	3.9
id-14827	10	5	19	3.4
id-14828	1	2	1	4.1
id-14829	7	12	3	3.6
id-14830	4	3	4	3.9
id-14831	2	3	10	3.2
id-14832	5	9	4	4.8
id-14833	7	4	18	3.8
id-14834	8	8	13	4.8
id-14835	8	5	22	3.4
id-14836	6	4	17	3.1
id-14837	7	4	14	4.9
id-14838	4	8	9	4.3
id-14839	4	8	20	4.7
id-14840	3	5	17	3.4
id-14841	6	4	12	3.2
id-14842	2	2	21	3.8
id-14843	10	10	26	4.9
id-14844	7	13	14	4.9
id-14845	5	9	21	4.6
id-14846	3	6	5	3.5
id-14847	1	2	10	4.4
id-14848	9	3	3	4.4
id-14849	4	8	12	4.9
id-14850	5	9	20	5.0
id-14851	1	2	12	4.9
id-14852	9	11	14	3.5
id-14853	3	6	7	3.4
id-14854	6	11	2	5.0
id-14855	4	8	16	3.9
id-14856	3	2	25	3.1
id-14857	5	7	9	4.0
id-14858	1	2	7	3.9
id-14859	6	10	25	4.6
id-14860	10	16	10	3.7
id-14861	3	5	20	4.4
id-14862	6	12	10	4.6
id-14863	1	2	16	3.1
id-14864	8	16	27	3.0
id-14865	4	3	27	4.8
id-14866	4	8	7	3.5
id-14867	3	2	30	3.2
id-14868	9	12	24	4.1
id-14869	10	11	4	3.4
id-14870	6	11	17	4.9
id-14871	1	2	12	4.5
id-14872	4	5	9	4.2
id-14873	10	18	22	3.4
id-14874	1	2	17	4.6
id-14875	10	2	11	3.7
id-14876	6	3	28	3.7
id-14877	7	6	5	4.3
id-14878	6	4	7	4.0
id-14879	10	13	25	3.1
id-14880	7	7	11	4.4
id-14881	9	16	28	4.8
id-14882	4	7	8	4.7
id-14883	8	11	17	4.9
id-14884	4	8	2	4.5
id-14885	10	15	10	4.5
id-14886	7	3	8	4.7
id-14887	8	7	2	3.9
id-14888	1	2	10	4.1
id-14889	9	2	17	3.4
id-14890	10	13	8	3.6
id-14891	2	4	5	3.8
id-14892	9	18	21	3.7
id-14893	2	3	30	4.0
id-14894	1	2	3	3.5
id-14895	2	2	5	4.2
id-14896	10	2	2	4.9
id-14897	10	4	20	3.7
id-14898	4	3	23	4.6
id-14899	5	2	27	4.4
id-14900	9	12	9	3.6
id-14901	6	9	11	4.4
id-14902	6	5	17	3.1
id-14903	5	3	20	4.9
id-14904	3	4	13	4.3
id-14905	9	18	22	4.1
id-14906	4	5	8	3.8
id-14907	4	3	22	3.6
id-14908	4	8	16	4.3
id-14909	10	12	8	4.7
id-14910	7	2	22	4.8
id-14911	10	5	2	3.1
id-14912	4	6	3	3.4
id-14913	6	8	12	4.2
id-14914	1	2	17	4.0
id-14915	10	2	10	4.9
id-14916	5	4	16	3.9
id-14917	2	2	3	3.8
id-14918	2	4	19	5.0
id-14919	4	7	28	4.8
id-14920	2	3	29	4.9
id-14921	2	3	20	4.2
id-14922	6	11	17	5.0
id-14923	5	9	24	3.4
id-14924	7	14	1	4.9
id-14925	9	15	12	4.9
id-14926	6	8	17	3.2
id-14927	9	5	26	3.1
id-14928	9	17	22	4.4
id-14929	3	4	19	3.2
id-14930	3	4	29	4.2
id-14931	3	3	13	3.9
id-14932	5	5	25	3.6
id-14933	4	8	23	3.4
id-14934	5	5	7	4.0
id-14935	10	17	12	4.5
id-14936	5	6	9	3.3
id-14937	9	12	7	3.5
id-14938	4	4	17	4.3
id-14939	7	3	26	3.3
id-14940	5	8	15	3.3
id-14941	5	6	23	4.0
id-14942	8	2	23	4.1
id-14943	1	2	2	3.8
id-14944	2	3	17	3.7
id-14945	5	7	3	4.4
id-14946	4	3	14	3.8
id-14947	9	8	18	4.8
id-14948	2	4	3	4.5
id-14949	5	7	2	3.5
id-14950	10	15	12	3.8
id-14951	5	3	16	4.9
id-14952	3	5	29	3.0
id-14953	8	4	27	4.0
id-14954	8	10	16	4.4
id-14955	8	2	14	3.7
id-14956	2	4	26	3.5
id-14957	1	2	16	4.8
id-14958	7	10	23	4.6
id-14959	1	2	28	3.6
id-14960	4	3	3	4.5
id-14961	8	10	8	3.9
id-14962	3	2	9	4.1
id-14963	5	8	10	4.6
id-14964	2	2	21	3.7
id-14965	9	3	1	4.0
id-14966	7	7	25	4.0
id-14967	1	2	19	3.5
id-14968	9	6	13	3.8
id-14969	9	18	5	3.9
id-14970	5	3	9	3.9
id-14971	6	2	19	4.0
id-14972	7	3	1	3.3
id-14973	10	2	11	3.1
id-14974	9	8	3	3.3
id-14975	2	3	25	4.7
id-14976	3	2	29	4.2
id-14977	7	13	5	4.4
id-14978	5	4	30	3.7
id-14979	2	2	19	5.0
id-14980	1	2	12	4.6
id-14981	1	2	30	4.0
id-14982	9	12	13	4.3
id-14983	7	11	14	3.9
id-14984	7	13	14	4.3
id-14985	6	9	8	4.0
id-14986	5	4	15	4.0
id-14987	9	12	25	4.1
id-14988	1	2	3	3.7
id-14989	10	14	14	3.2
id-14990	3	4	26	4.9
id-14991	2	2	12	4.2
id-14992	1	2	13	4.9
id-14993	7	7	24	4.1
id-14994	6	3	21	3.4
id-14995	10	17	6	3.2
id-14996	9	3	14	4.3
id-14997	5	6	25	5.0
id-14998	6	3	27	4.7
id-14999	6	9	3	3.0
id-15000	4	5	16	3.3
id-15001	3	2	15	4.9
id-15002	7	3	24	4.7
id-15003	6	11	16	3.5
id-15004	7	6	19	4.1
id-15005	8	3	9	4.0
id-15006	5	5	19	4.3
id-15007	1	2	10	5.0
id-15008	4	5	10	3.8
id-15009	8	2	3	4.6
id-15010	10	19	14	4.7
id-15011	3	5	13	3.9
id-15012	10	4	11	3.4
id-15013	3	6	28	3.5
id-15014	5	9	4	3.5
id-15015	8	15	5	4.7
id-15016	10	6	12	4.3
id-15017	8	6	29	4.6
id-15018	10	5	26	3.4
id-15019	3	4	29	3.8
id-15020	8	8	15	3.6
id-15021	3	4	4	4.0
id-15022	3	4	10	3.3
id-15023	8	12	17	4.4
id-15024	6	5	3	3.2
id-15025	7	9	15	4.3
id-15026	6	2	4	4.7
id-15027	5	10	12	3.7
id-15028	3	5	9	4.9
id-15029	6	9	6	3.4
id-15030	3	3	5	4.3
id-15031	6	11	12	3.9
id-15032	1	2	16	3.5
id-15033	2	3	16	3.1
id-15034	2	4	24	3.2
id-15035	3	6	15	4.9
id-15036	2	4	18	3.4
id-15037	9	7	25	4.2
id-15038	6	5	16	3.3
id-15039	7	14	10	3.7
id-15040	5	3	20	3.1
id-15041	8	6	18	4.6
id-15042	2	2	3	4.9
id-15043	2	4	4	3.5
id-15044	3	3	21	3.4
id-15045	3	6	17	5.0
id-15046	2	4	27	4.4
id-15047	2	3	23	4.3
id-15048	6	7	4	4.7
id-15049	4	4	14	5.0
id-15050	1	2	16	4.2
id-15051	9	16	10	3.7
id-15052	9	12	27	4.7
id-15053	4	7	10	3.6
id-15054	7	13	11	4.0
id-15055	9	2	24	4.3
id-15056	10	4	11	3.4
id-15057	3	4	17	3.8
id-15058	9	7	12	4.8
id-15059	8	14	28	4.5
id-15060	9	10	5	4.4
id-15061	8	2	7	4.9
id-15062	5	2	6	4.0
id-15063	6	4	10	4.7
id-15064	4	7	17	3.2
id-15065	6	12	11	5.0
id-15066	2	3	10	3.0
id-15067	10	13	21	5.0
id-15068	8	7	1	3.1
id-15069	3	4	1	4.9
id-15070	10	9	22	4.4
id-15071	6	12	4	3.2
id-15072	1	2	3	4.0
id-15073	5	2	6	4.7
id-15074	3	6	9	4.4
id-15075	7	6	26	4.3
id-15076	2	2	14	3.1
id-15077	5	3	7	4.2
id-15078	6	2	12	4.9
id-15079	10	7	9	3.6
id-15080	5	9	19	3.2
id-15081	8	14	17	4.6
id-15082	6	7	14	3.6
id-15083	4	5	27	3.3
id-15084	1	2	24	4.5
id-15085	5	8	19	4.7
id-15086	4	2	15	3.1
id-15087	6	7	6	4.4
id-15088	8	9	16	4.2
id-15089	8	7	25	3.2
id-15090	5	6	6	3.0
id-15091	9	15	17	3.3
id-15092	4	4	12	4.5
id-15093	7	13	9	4.8
id-15094	9	9	24	4.4
id-15095	10	3	30	4.5
id-15096	4	4	1	4.0
id-15097	5	5	1	3.8
id-15098	3	2	16	3.2
id-15099	6	5	29	4.9
id-15100	4	3	19	4.4
id-15101	3	5	7	4.0
id-15102	2	2	6	4.1
id-15103	10	19	3	4.5
id-15104	9	18	26	4.2
id-15105	1	2	4	4.1
id-15106	9	4	17	3.1
id-15107	1	2	29	3.6
id-15108	1	2	3	3.3
id-15109	8	2	20	4.0
id-15110	9	6	7	4.9
id-15111	8	7	8	3.7
id-15112	2	4	11	4.2
id-15113	2	3	1	4.0
id-15114	5	7	3	3.4
id-15115	8	7	30	4.0
id-15116	7	2	15	3.2
id-15117	8	12	27	3.9
id-15118	6	9	17	4.7
id-15119	1	2	18	3.1
id-15120	1	2	18	3.4
id-15121	10	18	2	3.2
id-15122	7	13	26	4.1
id-15123	9	3	28	4.9
id-15124	10	14	25	4.7
id-15125	9	9	25	3.7
id-15126	8	10	23	3.9
id-15127	2	2	1	4.8
id-15128	3	6	4	3.7
id-15129	10	3	23	4.0
id-15130	5	5	14	3.9
id-15131	9	7	28	3.4
id-15132	7	12	8	3.4
id-15133	7	6	10	3.8
id-15134	4	5	28	3.6
id-15135	5	5	27	4.4
id-15136	6	10	28	3.8
id-15137	4	4	2	4.6
id-15138	4	8	5	4.1
id-15139	8	15	24	4.9
id-15140	5	9	30	4.4
id-15141	9	9	17	4.6
id-15142	1	2	23	3.8
id-15143	1	2	12	4.7
id-15144	10	17	16	3.7
id-15145	2	2	20	4.0
id-15146	4	6	21	4.0
id-15147	7	4	22	4.0
id-15148	10	8	22	4.4
id-15149	9	18	17	4.9
id-15150	2	3	22	4.3
id-15151	1	2	23	4.8
id-15152	8	7	4	4.1
id-15153	8	14	5	4.3
id-15154	7	2	22	3.2
id-15155	5	7	25	3.0
id-15156	10	11	4	3.9
id-15157	3	4	1	3.5
id-15158	5	6	17	4.3
id-15159	6	2	7	4.1
id-15160	1	2	10	3.0
id-15161	8	4	3	4.8
id-15162	2	2	6	3.9
id-15163	1	2	8	3.6
id-15164	10	14	29	3.6
id-15165	5	10	27	4.9
id-15166	2	4	4	3.7
id-15167	9	11	23	4.4
id-15168	6	11	22	4.6
id-15169	5	4	24	3.9
id-15170	5	8	22	3.5
id-15171	4	3	22	3.4
id-15172	4	7	27	3.1
id-15173	8	15	16	3.4
id-15174	8	5	10	4.0
id-15175	1	2	12	3.9
id-15176	8	12	21	4.6
id-15177	6	3	6	3.2
id-15178	7	11	15	3.3
id-15179	6	7	11	3.9
id-15180	8	15	15	4.1
id-15181	6	10	8	4.3
id-15182	4	5	29	3.4
id-15183	2	4	17	4.7
id-15184	6	5	20	4.2
id-15185	3	4	10	4.9
id-15186	3	3	15	3.0
id-15187	8	11	8	4.4
id-15188	1	2	22	4.6
id-15189	6	9	21	3.5
id-15190	7	2	3	3.5
id-15191	7	7	11	4.6
id-15192	2	2	25	3.1
id-15193	1	2	17	3.9
id-15194	10	17	5	3.9
id-15195	3	2	23	4.2
id-15196	10	17	26	4.9
id-15197	6	6	18	3.2
id-15198	7	14	28	4.4
id-15199	5	3	16	3.9
id-15200	1	2	9	3.6
id-15201	1	2	9	3.0
id-15202	6	2	28	3.7
id-15203	1	2	1	4.9
id-15204	3	5	22	3.7
id-15205	5	5	9	4.8
id-15206	2	4	18	4.9
id-15207	4	5	5	3.7
id-15208	7	12	24	3.2
id-15209	9	5	8	3.4
id-15210	3	4	14	4.0
id-15211	3	6	20	3.7
id-15212	3	4	16	3.4
id-15213	2	4	4	4.2
id-15214	2	4	14	3.1
id-15215	10	13	10	3.6
id-15216	10	12	2	3.5
id-15217	4	6	8	3.7
id-15218	3	5	23	3.6
id-15219	8	3	20	4.3
id-15220	1	2	5	3.2
id-15221	7	13	10	4.2
id-15222	8	10	9	4.6
id-15223	1	2	19	5.0
id-15224	5	5	25	3.9
id-15225	1	2	14	4.4
id-15226	3	5	23	3.1
id-15227	4	6	2	4.8
id-15228	5	3	9	3.3
id-15229	6	7	12	4.1
id-15230	2	4	10	4.4
id-15231	4	2	26	4.8
id-15232	9	18	26	4.7
id-15233	5	5	27	4.3
id-15234	1	2	6	3.0
id-15235	9	15	24	4.6
id-15236	9	12	3	3.6
id-15237	10	13	24	4.9
id-15238	9	18	1	3.1
id-15239	6	5	4	3.2
id-15240	3	3	25	4.8
id-15241	9	6	16	4.0
id-15242	6	3	30	3.3
id-15243	3	6	2	3.0
id-15244	9	14	2	4.3
id-15245	2	2	22	3.7
id-15246	6	9	2	4.2
id-15247	3	3	1	3.2
id-15248	4	8	3	4.9
id-15249	6	2	17	4.3
id-15250	2	2	19	3.2
id-15251	7	8	2	3.7
id-15252	1	2	13	4.1
id-15253	8	8	4	3.1
id-15254	6	4	20	3.4
id-15255	9	9	11	4.3
id-15256	5	9	13	3.2
id-15257	7	6	26	3.3
id-15258	6	9	8	3.7
id-15259	7	11	29	4.7
id-15260	3	2	11	3.4
id-15261	9	10	25	4.8
id-15262	7	14	29	3.9
id-15263	5	9	21	3.3
id-15264	2	3	25	3.8
id-15265	8	13	24	4.8
id-15266	7	5	5	3.8
id-15267	4	5	27	3.3
id-15268	4	4	12	3.2
id-15269	1	2	16	4.3
id-15270	4	2	15	3.0
id-15271	1	2	11	3.7
id-15272	8	16	16	3.8
id-15273	9	6	14	4.2
id-15274	7	5	1	3.2
id-15275	7	12	5	3.8
id-15276	2	2	11	3.3
id-15277	8	11	11	3.3
id-15278	7	13	18	4.7
id-15279	10	15	16	4.7
id-15280	6	6	27	3.4
id-15281	6	6	27	3.4
id-15282	1	2	29	4.2
id-15283	4	5	12	3.5
id-15284	1	2	20	4.4
id-15285	8	13	11	4.5
id-15286	10	17	9	4.4
id-15287	3	5	15	3.8
id-15288	7	6	15	4.5
id-15289	6	6	1	4.3
id-15290	3	6	19	4.5
id-15291	5	3	30	3.5
id-15292	1	2	30	3.8
id-15293	4	8	7	3.6
id-15294	7	6	9	4.9
id-15295	10	18	15	4.9
id-15296	3	4	6	3.1
id-15297	3	6	17	4.7
id-15298	3	2	15	3.7
id-15299	3	2	24	3.3
id-15300	3	2	10	3.2
id-15301	2	3	2	3.6
id-15302	8	6	26	4.8
id-15303	9	7	12	4.3
id-15304	2	2	12	3.3
id-15305	8	3	12	4.9
id-15306	7	4	6	4.7
id-15307	3	6	15	3.9
id-15308	9	5	20	4.7
id-15309	6	10	14	3.8
id-15310	1	2	8	3.1
id-15311	1	2	29	4.0
id-15312	1	2	20	3.3
id-15313	2	2	26	3.2
id-15314	6	7	9	4.7
id-15315	4	8	12	4.5
id-15316	4	4	27	3.3
id-15317	7	13	3	4.2
id-15318	6	7	12	5.0
id-15319	2	2	7	3.4
id-15320	1	2	10	3.1
id-15321	2	2	29	3.6
id-15322	10	7	5	3.3
id-15323	7	13	14	4.8
id-15324	5	10	1	3.2
id-15325	6	3	2	3.4
id-15326	10	5	8	4.3
id-15327	5	4	19	4.9
id-15328	2	4	25	4.7
id-15329	4	5	29	4.6
id-15330	3	3	8	3.1
id-15331	1	2	14	4.6
id-15332	8	16	26	5.0
id-15333	7	3	6	4.6
id-15334	8	10	1	4.4
id-15335	10	3	2	3.9
id-15336	7	13	15	4.1
id-15337	6	7	17	4.3
id-15338	1	2	2	4.5
id-15339	1	2	16	4.7
id-15340	5	2	2	3.1
id-15341	1	2	9	4.4
id-15342	2	3	5	4.6
id-15343	1	2	6	3.1
id-15344	4	6	14	4.3
id-15345	2	3	14	4.0
id-15346	10	5	21	3.3
id-15347	5	9	23	3.9
id-15348	6	6	22	4.6
id-15349	4	6	21	4.4
id-15350	10	8	13	3.1
id-15351	1	2	7	4.9
id-15352	8	12	27	4.1
id-15353	4	8	12	3.9
id-15354	2	2	4	4.0
id-15355	2	2	15	4.8
id-15356	9	13	27	3.8
id-15357	9	16	13	5.0
id-15358	10	10	4	3.6
id-15359	5	9	14	4.1
id-15360	1	2	16	4.7
id-15361	4	3	20	3.2
id-15362	8	8	14	4.2
id-15363	10	10	1	4.1
id-15364	6	9	10	3.9
id-15365	1	2	29	3.2
id-15366	7	9	18	4.3
id-15367	7	13	23	4.6
id-15368	2	3	23	4.7
id-15369	10	4	26	3.4
id-15370	8	5	5	4.7
id-15371	9	4	12	4.3
id-15372	7	13	7	3.7
id-15373	1	2	22	3.1
id-15374	5	7	22	5.0
id-15375	4	4	16	4.7
id-15376	1	2	10	4.4
id-15377	4	5	2	4.0
id-15378	8	5	25	3.6
id-15379	1	2	7	4.6
id-15380	10	12	4	3.5
id-15381	8	11	5	3.8
id-15382	7	13	26	3.2
id-15383	8	2	14	3.3
id-15384	8	14	17	4.9
id-15385	9	3	20	4.4
id-15386	8	4	6	4.8
id-15387	2	3	25	3.5
id-15388	2	4	24	3.3
id-15389	7	8	30	3.9
id-15390	7	14	16	3.3
id-15391	1	2	11	4.3
id-15392	6	7	25	4.0
id-15393	10	12	15	3.9
id-15394	7	10	11	3.7
id-15395	2	2	16	4.7
id-15396	1	2	5	4.0
id-15397	10	19	21	4.5
id-15398	5	6	24	3.4
id-15399	7	4	5	4.3
id-15400	7	6	10	4.6
id-15401	7	13	21	4.6
id-15402	3	6	12	4.8
id-15403	2	2	26	4.8
id-15404	8	3	14	3.5
id-15405	1	2	16	3.0
id-15406	2	2	10	5.0
id-15407	2	2	20	4.5
id-15408	3	6	9	3.2
id-15409	2	4	30	4.7
id-15410	7	10	24	3.5
id-15411	9	2	30	4.0
id-15412	8	11	4	4.9
id-15413	5	4	6	3.3
id-15414	1	2	28	4.6
id-15415	3	2	5	4.5
id-15416	6	9	27	3.8
id-15417	5	7	4	4.4
id-15418	1	2	25	4.3
id-15419	5	3	11	3.8
id-15420	6	5	1	4.6
id-15421	8	3	11	3.1
id-15422	6	12	8	3.9
id-15423	9	14	21	3.9
id-15424	3	5	15	3.4
id-15425	6	8	30	3.1
id-15426	6	2	8	4.3
id-15427	2	2	11	4.4
id-15428	6	12	30	3.4
id-15429	1	2	20	3.2
id-15430	5	5	24	4.3
id-15431	3	4	5	4.3
id-15432	6	5	24	4.8
id-15433	7	7	22	3.7
id-15434	2	3	23	4.7
id-15435	6	8	22	4.4
id-15436	10	3	25	4.8
id-15437	3	2	7	3.1
id-15438	7	7	26	3.7
id-15439	4	7	25	3.1
id-15440	6	4	7	4.1
id-15441	2	2	29	5.0
id-15442	4	8	2	3.9
id-15443	7	13	16	4.7
id-15444	9	6	15	4.7
id-15445	4	4	18	4.8
id-15446	3	2	25	3.9
id-15447	5	10	28	3.7
id-15448	4	3	21	3.1
id-15449	2	3	24	3.4
id-15450	3	2	13	3.8
id-15451	6	9	4	3.9
id-15452	3	5	26	4.8
id-15453	9	17	5	3.1
id-15454	7	5	23	4.2
id-15455	5	6	29	3.0
id-15456	5	4	28	4.8
id-15457	2	4	28	3.7
id-15458	5	4	2	3.6
id-15459	1	2	20	3.9
id-15460	7	6	23	3.8
id-15461	1	2	29	4.3
id-15462	7	9	13	3.6
id-15463	1	2	12	4.2
id-15464	6	2	10	4.8
id-15465	2	3	18	4.7
id-15466	6	3	18	3.7
id-15467	10	9	14	3.3
id-15468	1	2	8	4.1
id-15469	10	3	3	3.2
id-15470	10	18	10	4.5
id-15471	10	11	23	3.4
id-15472	10	13	20	3.1
id-15473	7	6	21	4.9
id-15474	3	5	10	3.6
id-15475	7	13	23	3.0
id-15476	6	10	14	3.7
id-15477	5	8	5	4.3
id-15478	1	2	2	4.8
id-15479	6	7	27	3.6
id-15480	1	2	11	3.9
id-15481	8	8	20	3.4
id-15482	4	8	7	5.0
id-15483	2	3	22	4.8
id-15484	10	5	7	4.1
id-15485	7	11	30	3.7
id-15486	6	9	20	3.5
id-15487	6	4	9	4.2
id-15488	6	5	2	3.9
id-15489	6	7	27	4.7
id-15490	4	2	16	3.8
id-15491	7	3	21	4.5
id-15492	4	5	16	3.6
id-15493	10	12	22	4.8
id-15494	7	4	29	4.8
id-15495	9	4	4	4.2
id-15496	7	13	8	3.8
id-15497	2	4	14	4.6
id-15498	3	3	29	4.3
id-15499	3	3	21	3.8
id-15500	9	3	5	3.7
id-15501	3	5	5	4.7
id-15502	10	15	5	3.1
id-15503	10	2	22	3.1
id-15504	9	7	17	5.0
id-15505	9	17	30	4.3
id-15506	4	2	9	4.2
id-15507	3	6	25	3.1
id-15508	5	7	3	4.8
id-15509	10	11	22	3.9
id-15510	4	6	26	3.4
id-15511	9	2	23	4.9
id-15512	3	6	6	4.0
id-15513	6	10	1	4.7
id-15514	6	4	20	3.1
id-15515	9	2	24	3.9
id-15516	4	4	18	3.5
id-15517	4	4	14	4.1
id-15518	9	15	7	3.8
id-15519	8	13	11	3.7
id-15520	1	2	10	4.9
id-15521	7	7	27	3.7
id-15522	1	2	1	3.3
id-15523	5	4	17	3.1
id-15524	6	10	1	4.2
id-15525	4	4	21	3.2
id-15526	4	7	5	3.1
id-15527	1	2	23	3.8
id-15528	1	2	5	4.2
id-15529	10	6	18	3.5
id-15530	9	7	13	4.0
id-15531	10	10	5	4.8
id-15532	3	4	28	3.4
id-15533	1	2	14	4.1
id-15534	5	9	29	4.1
id-15535	5	2	2	3.5
id-15536	6	7	29	3.4
id-15537	6	5	3	3.1
id-15538	7	6	7	3.8
id-15539	5	9	11	3.0
id-15540	6	11	20	4.4
id-15541	8	9	11	3.1
id-15542	1	2	25	4.5
id-15543	8	15	9	4.0
id-15544	1	2	9	4.7
id-15545	1	2	8	3.8
id-15546	3	2	21	4.7
id-15547	5	10	13	3.8
id-15548	2	4	10	4.7
id-15549	3	2	7	3.0
id-15550	3	2	1	3.8
id-15551	4	3	1	3.3
id-15552	3	4	14	3.7
id-15553	8	12	2	3.5
id-15554	1	2	3	4.7
id-15555	1	2	11	3.6
id-15556	3	5	6	4.6
id-15557	8	4	8	3.7
id-15558	2	4	25	4.2
id-15559	7	14	18	4.5
id-15560	5	10	18	3.9
id-15561	2	2	25	4.0
id-15562	7	4	22	4.5
id-15563	9	18	24	3.5
id-15564	1	2	10	4.4
id-15565	5	6	5	4.8
id-15566	3	4	19	3.8
id-15567	2	3	27	3.1
id-15568	4	7	9	4.4
id-15569	6	4	15	4.9
id-15570	7	8	25	3.0
id-15571	9	18	16	3.7
id-15572	10	15	21	4.1
id-15573	1	2	19	4.5
id-15574	10	8	30	4.7
id-15575	10	13	15	3.7
id-15576	9	18	19	3.2
id-15577	3	6	22	4.8
id-15578	2	4	17	3.8
id-15579	8	11	26	3.3
id-15580	3	3	20	3.3
id-15581	5	2	22	3.1
id-15582	3	5	18	4.4
id-15583	1	2	3	3.3
id-15584	9	16	4	4.3
id-15585	1	2	23	3.6
id-15586	7	11	19	3.6
id-15587	9	10	3	3.8
id-15588	1	2	21	4.5
id-15589	3	6	23	4.6
id-15590	8	7	11	3.2
id-15591	9	12	1	3.4
id-15592	8	10	7	4.4
id-15593	7	9	25	4.5
id-15594	3	5	9	3.5
id-15595	2	2	5	3.1
id-15596	9	10	14	4.8
id-15597	9	5	18	4.0
id-15598	9	5	23	4.4
id-15599	10	5	21	3.2
id-15600	5	8	24	3.3
id-15601	4	6	25	4.9
id-15602	3	4	23	4.2
id-15603	4	2	25	4.6
id-15604	6	6	5	4.0
id-15605	7	11	8	4.8
id-15606	9	7	10	4.0
id-15607	10	15	7	3.2
id-15608	4	4	12	3.9
id-15609	1	2	4	3.4
id-15610	2	4	23	4.8
id-15611	5	5	16	3.6
id-15612	1	2	13	4.4
id-15613	4	7	23	3.0
id-15614	5	4	30	4.9
id-15615	2	4	10	4.8
id-15616	1	2	4	4.4
id-15617	6	6	25	3.4
id-15618	7	11	29	4.5
id-15619	3	3	27	4.4
id-15620	7	11	23	3.2
id-15621	3	4	30	4.1
id-15622	10	4	15	4.9
id-15623	1	2	22	3.7
id-15624	3	5	14	3.8
id-15625	7	14	1	3.9
id-15626	3	5	14	4.7
id-15627	6	10	6	3.3
id-15628	6	2	22	4.6
id-15629	9	6	18	4.0
id-15630	4	6	18	4.9
id-15631	9	2	10	4.4
id-15632	2	2	16	4.5
id-15633	8	11	2	4.1
id-15634	4	8	10	3.5
id-15635	3	3	17	4.9
id-15636	3	6	11	3.7
id-15637	8	6	4	3.9
id-15638	5	10	2	4.4
id-15639	5	5	3	3.4
id-15640	9	11	21	4.7
id-15641	9	14	18	4.8
id-15642	7	14	5	4.9
id-15643	5	9	26	4.8
id-15644	9	17	13	3.6
id-15645	6	3	8	4.6
id-15646	8	2	9	4.1
id-15647	2	3	18	4.0
id-15648	10	6	19	5.0
id-15649	9	5	9	4.6
id-15650	10	12	24	3.4
id-15651	1	2	18	3.1
id-15652	7	8	21	3.3
id-15653	4	6	17	3.4
id-15654	10	3	9	3.7
id-15655	6	11	8	4.8
id-15656	9	3	13	3.9
id-15657	8	7	4	4.2
id-15658	5	9	26	3.2
id-15659	6	3	11	3.9
id-15660	9	5	26	3.4
id-15661	9	14	1	4.7
id-15662	5	10	4	4.4
id-15663	4	8	19	4.7
id-15664	1	2	4	4.0
id-15665	8	3	9	3.5
id-15666	1	2	9	3.6
id-15667	10	12	13	4.5
id-15668	4	6	6	4.9
id-15669	10	10	14	3.0
id-15670	4	6	15	4.3
id-15671	9	4	29	4.9
id-15672	7	4	9	5.0
id-15673	10	11	19	4.0
id-15674	2	4	26	3.0
id-15675	4	2	7	4.8
id-15676	10	20	28	3.7
id-15677	8	6	15	4.6
id-15678	9	7	22	3.8
id-15679	4	8	30	5.0
id-15680	7	6	15	4.1
id-15681	10	6	17	3.6
id-15682	5	9	11	4.4
id-15683	8	13	16	3.8
id-15684	10	3	5	3.3
id-15685	7	12	25	4.7
id-15686	9	13	12	3.3
id-15687	6	10	26	3.2
id-15688	5	8	26	4.9
id-15689	1	2	25	4.0
id-15690	8	9	30	4.1
id-15691	2	2	14	4.7
id-15692	9	7	12	4.6
id-15693	1	2	18	4.8
id-15694	9	8	20	4.4
id-15695	1	2	8	3.0
id-15696	7	14	23	3.4
id-15697	5	3	29	4.9
id-15698	5	4	18	4.2
id-15699	3	2	9	4.2
id-15700	6	12	26	3.5
id-15701	4	6	11	4.1
id-15702	9	3	7	3.9
id-15703	7	4	15	4.4
id-15704	8	14	8	4.2
id-15705	9	2	24	3.4
id-15706	2	3	3	4.5
id-15707	10	18	24	4.3
id-15708	6	5	29	3.1
id-15709	10	14	2	4.7
id-15710	1	2	28	3.0
id-15711	9	15	13	4.8
id-15712	1	2	7	3.2
id-15713	6	3	22	4.1
id-15714	6	3	16	4.6
id-15715	7	11	1	3.6
id-15716	3	3	23	4.9
id-15717	6	8	13	4.1
id-15718	4	5	23	4.2
id-15719	3	4	5	3.1
id-15720	8	15	23	4.6
id-15721	9	13	22	3.5
id-15722	4	4	23	4.4
id-15723	5	10	24	3.6
id-15724	2	3	27	4.8
id-15725	10	11	24	3.4
id-15726	6	3	5	4.1
id-15727	4	3	30	4.7
id-15728	1	2	5	3.5
id-15729	5	8	29	4.0
id-15730	7	4	3	3.0
id-15731	9	15	12	3.7
id-15732	8	6	22	4.9
id-15733	4	8	24	4.7
id-15734	10	14	26	4.1
id-15735	9	14	25	4.4
id-15736	8	3	10	4.4
id-15737	4	7	27	3.1
id-15738	5	6	12	3.8
id-15739	6	5	26	5.0
id-15740	9	4	16	4.2
id-15741	9	8	11	3.9
id-15742	2	2	8	4.2
id-15743	9	9	26	3.8
id-15744	1	2	9	3.4
id-15745	7	4	23	4.2
id-15746	9	7	2	3.5
id-15747	4	3	3	4.4
id-15748	5	7	7	4.4
id-15749	7	13	25	4.1
id-15750	3	3	20	4.6
id-15751	6	7	19	4.5
id-15752	9	10	9	3.3
id-15753	9	14	17	3.4
id-15754	8	11	14	4.4
id-15755	3	5	13	4.8
id-15756	7	8	23	3.6
id-15757	2	2	9	3.1
id-15758	5	9	15	3.6
id-15759	1	2	5	4.8
id-15760	2	4	11	4.2
id-15761	3	5	16	3.0
id-15762	10	14	2	4.0
id-15763	3	3	23	4.4
id-15764	4	2	7	3.5
id-15765	5	6	7	3.5
id-15766	8	14	28	3.8
id-15767	1	2	12	4.9
id-15768	3	3	18	4.3
id-15769	2	4	29	4.9
id-15770	10	12	14	4.0
id-15771	1	2	2	3.4
id-15772	7	8	2	3.2
id-15773	5	9	14	4.3
id-15774	10	12	18	3.6
id-15775	6	6	14	4.3
id-15776	7	8	6	3.5
id-15777	8	8	21	3.1
id-15778	1	2	19	4.3
id-15779	8	11	9	3.3
id-15780	1	2	27	3.1
id-15781	6	4	6	4.2
id-15782	7	14	23	3.2
id-15783	2	2	12	3.7
id-15784	3	4	17	3.5
id-15785	6	9	26	3.6
id-15786	7	12	7	3.8
id-15787	1	2	14	3.9
id-15788	2	2	12	4.6
id-15789	7	11	30	4.2
id-15790	9	3	13	4.2
id-15791	2	3	29	3.2
id-15792	3	3	18	4.6
id-15793	4	2	12	3.2
id-15794	5	2	28	3.3
id-15795	9	5	7	3.5
id-15796	9	5	8	4.9
id-15797	7	7	5	4.1
id-15798	6	6	11	4.4
id-15799	4	4	22	3.9
id-15800	8	2	25	4.9
id-15801	10	10	23	4.9
id-15802	10	18	11	4.1
id-15803	10	9	12	4.2
id-15804	5	7	29	3.2
id-15805	1	2	2	5.0
id-15806	1	2	26	4.4
id-15807	8	3	17	3.1
id-15808	3	2	30	3.1
id-15809	8	10	30	4.3
id-15810	5	3	6	3.1
id-15811	10	7	26	4.9
id-15812	6	5	13	4.9
id-15813	10	8	4	4.1
id-15814	6	11	21	3.2
id-15815	3	4	17	4.8
id-15816	6	8	11	3.4
id-15817	8	7	19	4.1
id-15818	7	14	28	4.6
id-15819	10	10	30	4.7
id-15820	8	10	26	3.8
id-15821	6	11	13	3.0
id-15822	8	13	30	3.1
id-15823	8	6	4	3.9
id-15824	9	12	4	4.8
id-15825	9	9	7	4.7
id-15826	5	6	24	4.4
id-15827	5	2	3	3.3
id-15828	10	14	12	3.3
id-15829	5	2	2	3.5
id-15830	7	11	27	4.7
id-15831	6	4	22	4.4
id-15832	7	4	1	4.0
id-15833	4	5	27	3.4
id-15834	9	15	25	3.5
id-15835	8	4	6	4.5
id-15836	8	16	7	4.0
id-15837	7	2	7	3.9
id-15838	9	4	18	4.2
id-15839	4	7	6	4.0
id-15840	2	2	2	4.5
id-15841	7	12	10	4.4
id-15842	4	4	26	4.4
id-15843	10	7	17	4.8
id-15844	10	17	27	4.4
id-15845	3	2	25	4.1
id-15846	5	10	2	3.9
id-15847	6	3	17	3.6
id-15848	3	4	13	3.2
id-15849	4	2	13	3.9
id-15850	4	4	13	3.7
id-15851	8	15	20	3.6
id-15852	6	11	26	3.4
id-15853	2	4	17	4.2
id-15854	5	4	10	3.8
id-15855	1	2	6	4.0
id-15856	6	7	6	3.5
id-15857	7	9	30	4.1
id-15858	1	2	9	4.9
id-15859	10	13	13	3.8
id-15860	8	12	18	4.4
id-15861	2	2	24	4.9
id-15862	8	7	11	3.4
id-15863	9	3	18	3.8
id-15864	5	9	8	4.9
id-15865	9	16	7	4.5
id-15866	8	13	14	4.9
id-15867	8	7	9	4.3
id-15868	4	6	19	4.7
id-15869	9	7	7	4.1
id-15870	9	14	24	3.1
id-15871	1	2	6	4.5
id-15872	8	12	5	4.2
id-15873	3	6	7	4.6
id-15874	10	8	17	3.1
id-15875	2	3	21	4.8
id-15876	10	13	4	3.7
id-15877	4	6	27	4.3
id-15878	8	7	25	4.9
id-15879	7	6	3	4.7
id-15880	5	7	12	3.4
id-15881	8	7	29	3.6
id-15882	4	2	8	5.0
id-15883	5	3	24	3.1
id-15884	6	4	3	3.4
id-15885	7	13	7	3.9
id-15886	5	6	19	3.7
id-15887	8	12	1	3.1
id-15888	10	9	1	3.7
id-15889	8	10	29	3.6
id-15890	3	3	13	4.7
id-15891	3	5	2	3.9
id-15892	2	2	10	4.2
id-15893	1	2	27	4.0
id-15894	6	7	13	4.4
id-15895	7	12	19	4.0
id-15896	5	6	5	4.0
id-15897	1	2	8	3.5
id-15898	1	2	12	3.7
id-15899	3	6	4	4.4
id-15900	4	5	16	4.7
id-15901	6	12	7	4.5
id-15902	3	3	27	4.8
id-15903	5	3	15	3.9
id-15904	3	5	8	3.6
id-15905	4	8	19	3.7
id-15906	2	2	3	3.4
id-15907	8	10	4	4.0
id-15908	2	4	11	4.1
id-15909	1	2	7	3.0
id-15910	2	2	16	3.5
id-15911	4	6	29	3.1
id-15912	8	16	19	4.6
id-15913	6	12	26	3.3
id-15914	9	16	4	4.4
id-15915	8	14	25	3.2
id-15916	7	13	7	4.6
id-15917	1	2	8	4.6
id-15918	10	20	5	3.6
id-15919	6	11	14	3.5
id-15920	3	3	27	4.5
id-15921	3	2	30	3.1
id-15922	7	3	18	4.7
id-15923	5	8	17	3.5
id-15924	10	14	2	4.4
id-15925	7	4	29	3.6
id-15926	8	15	8	3.8
id-15927	5	4	13	4.5
id-15928	3	4	9	4.1
id-15929	6	8	5	4.3
id-15930	4	8	27	4.3
id-15931	7	5	2	4.2
id-15932	8	16	20	3.2
id-15933	1	2	18	4.1
id-15934	9	12	18	4.7
id-15935	9	14	15	4.3
id-15936	1	2	6	4.5
id-15937	9	5	7	4.2
id-15938	1	2	30	4.9
id-15939	8	8	20	3.3
id-15940	9	8	27	3.4
id-15941	8	4	19	3.7
id-15942	2	4	29	3.1
id-15943	7	13	12	4.6
id-15944	4	2	8	3.5
id-15945	8	9	10	3.2
id-15946	4	8	5	4.3
id-15947	10	6	11	4.6
id-15948	4	2	14	4.2
id-15949	8	6	23	3.2
id-15950	6	12	21	4.8
id-15951	3	3	11	3.7
id-15952	1	2	19	4.5
id-15953	6	10	9	4.1
id-15954	2	2	24	4.0
id-15955	8	12	18	4.1
id-15956	8	5	9	3.3
id-15957	6	3	4	3.6
id-15958	3	4	30	3.3
id-15959	10	17	28	3.7
id-15960	10	4	15	3.0
id-15961	8	2	1	4.4
id-15962	8	6	9	3.4
id-15963	7	9	7	3.8
id-15964	4	4	12	4.0
id-15965	9	16	22	3.5
id-15966	3	5	2	3.9
id-15967	9	11	20	3.2
id-15968	7	4	26	3.2
id-15969	2	3	24	3.4
id-15970	10	18	6	3.2
id-15971	10	7	9	3.4
id-15972	1	2	10	3.5
id-15973	4	5	2	4.6
id-15974	7	2	21	3.2
id-15975	8	12	20	3.5
id-15976	6	11	10	4.6
id-15977	2	4	20	3.4
id-15978	9	17	8	4.5
id-15979	8	14	17	3.0
id-15980	3	3	9	4.5
id-15981	9	7	24	3.3
id-15982	7	13	14	4.9
id-15983	10	2	30	3.8
id-15984	10	2	17	4.8
id-15985	10	5	15	4.3
id-15986	4	7	14	3.6
id-15987	7	3	26	3.1
id-15988	4	2	14	4.5
id-15989	10	4	24	4.0
id-15990	6	6	11	4.8
id-15991	9	14	30	3.2
id-15992	1	2	24	3.0
id-15993	8	9	10	4.7
id-15994	10	7	15	3.5
id-15995	7	7	10	3.6
id-15996	7	11	13	3.7
id-15997	3	5	2	4.9
id-15998	4	7	11	3.3
id-15999	5	10	29	4.2
id-16000	8	13	25	4.8
id-16001	4	4	21	4.6
id-16002	10	15	15	3.3
id-16003	3	4	3	3.9
id-16004	7	13	24	4.4
id-16005	2	2	19	4.8
id-16006	1	2	15	3.9
id-16007	6	12	17	5.0
id-16008	7	13	27	4.2
id-16009	6	5	25	4.8
id-16010	9	16	24	4.0
id-16011	7	10	18	3.0
id-16012	2	4	19	4.0
id-16013	2	4	11	4.1
id-16014	10	6	27	3.9
id-16015	9	15	16	4.9
id-16016	4	7	14	4.0
id-16017	5	7	8	3.9
id-16018	1	2	16	3.5
id-16019	9	5	17	4.7
id-16020	2	3	18	4.5
id-16021	6	6	10	3.7
id-16022	8	6	26	4.0
id-16023	1	2	15	4.1
id-16024	5	3	5	4.9
id-16025	7	8	10	3.8
id-16026	8	9	23	3.9
id-16027	3	2	14	4.6
id-16028	3	5	1	3.0
id-16029	5	7	5	4.8
id-16030	4	8	9	3.7
id-16031	6	8	2	3.4
id-16032	4	4	30	4.5
id-16033	7	11	7	3.7
id-16034	3	4	22	4.5
id-16035	6	10	26	4.5
id-16036	3	2	28	3.7
id-16037	4	6	20	3.0
id-16038	5	6	4	4.3
id-16039	5	7	11	3.3
id-16040	5	5	6	3.7
id-16041	5	10	30	3.1
id-16042	2	2	26	4.9
id-16043	1	2	6	4.0
id-16044	8	7	17	3.4
id-16045	2	4	20	3.5
id-16046	9	15	22	3.1
id-16047	5	10	1	4.0
id-16048	1	2	5	3.7
id-16049	9	8	10	3.3
id-16050	7	7	27	4.6
id-16051	3	4	23	3.9
id-16052	1	2	18	3.1
id-16053	8	10	11	3.4
id-16054	7	8	23	4.2
id-16055	1	2	29	4.6
id-16056	2	3	26	4.0
id-16057	9	5	2	4.4
id-16058	1	2	20	3.6
id-16059	1	2	9	3.5
id-16060	3	5	27	4.0
id-16061	9	6	24	3.1
id-16062	4	5	8	3.6
id-16063	9	13	2	4.2
id-16064	9	18	8	3.1
id-16065	3	5	14	3.5
id-16066	1	2	9	4.2
id-16067	3	3	12	4.7
id-16068	3	4	23	3.0
id-16069	10	6	7	3.6
id-16070	9	11	13	4.9
id-16071	5	6	1	4.6
id-16072	1	2	1	4.6
id-16073	6	2	28	4.1
id-16074	3	3	22	4.0
id-16075	8	9	27	4.5
id-16076	3	2	18	3.8
id-16077	5	6	29	3.5
id-16078	8	9	8	3.8
id-16079	3	3	24	3.1
id-16080	10	10	20	3.7
id-16081	6	10	16	5.0
id-16082	4	7	18	4.3
id-16083	4	5	19	4.4
id-16084	1	2	2	4.8
id-16085	10	19	18	4.0
id-16086	4	6	15	4.6
id-16087	2	3	30	4.0
id-16088	7	3	4	4.6
id-16089	7	9	1	3.2
id-16090	1	2	23	4.8
id-16091	4	6	9	3.6
id-16092	2	2	29	3.5
id-16093	10	11	12	4.7
id-16094	1	2	18	3.8
id-16095	4	3	24	3.4
id-16096	6	6	11	4.3
id-16097	10	7	16	3.1
id-16098	4	5	5	4.8
id-16099	3	5	16	4.0
id-16100	5	8	28	3.1
id-16101	7	9	19	4.3
id-16102	4	2	8	3.4
id-16103	9	9	4	3.7
id-16104	7	4	20	3.1
id-16105	6	12	14	3.6
id-16106	3	3	19	4.3
id-16107	9	8	10	4.5
id-16108	8	8	29	3.9
id-16109	7	12	7	4.2
id-16110	7	8	13	4.8
id-16111	9	4	1	4.1
id-16112	7	6	22	3.3
id-16113	6	8	18	3.2
id-16114	2	2	10	4.3
id-16115	6	10	7	4.6
id-16116	10	3	10	4.8
id-16117	9	18	26	3.6
id-16118	5	9	22	3.8
id-16119	6	12	23	4.5
id-16120	1	2	19	3.4
id-16121	7	2	26	3.6
id-16122	8	9	14	4.0
id-16123	4	7	27	4.2
id-16124	4	7	12	4.4
id-16125	7	3	27	4.6
id-16126	8	2	26	4.6
id-16127	4	5	17	4.0
id-16128	6	12	23	4.4
id-16129	7	9	10	3.0
id-16130	8	12	25	4.1
id-16131	8	4	14	3.3
id-16132	3	5	18	4.3
id-16133	1	2	16	4.9
id-16134	8	12	25	4.3
id-16135	10	7	19	3.9
id-16136	10	15	1	3.6
id-16137	2	4	4	3.2
id-16138	10	15	8	4.0
id-16139	4	3	5	3.7
id-16140	1	2	9	3.9
id-16141	4	3	24	4.4
id-16142	3	2	2	4.7
id-16143	7	11	10	4.2
id-16144	1	2	23	4.5
id-16145	5	7	28	4.6
id-16146	8	15	3	4.8
id-16147	3	3	1	3.6
id-16148	8	14	17	4.6
id-16149	1	2	11	4.6
id-16150	1	2	10	4.6
id-16151	2	2	16	3.8
id-16152	5	9	25	3.8
id-16153	10	15	18	4.3
id-16154	1	2	7	4.3
id-16155	7	9	28	3.2
id-16156	1	2	22	3.8
id-16157	3	5	20	3.1
id-16158	10	9	14	4.1
id-16159	9	18	23	4.4
id-16160	4	7	5	3.8
id-16161	3	5	28	4.6
id-16162	10	4	18	3.9
id-16163	10	16	13	3.5
id-16164	5	2	12	4.9
id-16165	6	11	30	3.6
id-16166	5	2	26	4.5
id-16167	2	3	6	4.2
id-16168	2	2	2	4.4
id-16169	1	2	11	3.1
id-16170	6	2	19	4.6
id-16171	7	8	19	3.3
id-16172	2	3	6	4.4
id-16173	2	2	12	3.4
id-16174	10	17	28	4.1
id-16175	8	13	5	3.1
id-16176	10	3	18	3.5
id-16177	3	4	3	3.7
id-16178	10	16	9	4.8
id-16179	2	4	6	3.3
id-16180	6	8	27	4.7
id-16181	2	3	3	3.7
id-16182	1	2	6	4.0
id-16183	5	6	29	3.9
id-16184	9	3	4	4.2
id-16185	6	11	24	5.0
id-16186	9	10	22	3.7
id-16187	6	4	8	4.5
id-16188	6	4	28	4.5
id-16189	1	2	23	4.5
id-16190	5	5	29	3.5
id-16191	6	4	23	3.3
id-16192	5	9	27	3.9
id-16193	8	10	28	3.5
id-16194	2	4	8	4.7
id-16195	1	2	22	4.4
id-16196	2	2	29	3.6
id-16197	10	8	2	4.9
id-16198	8	3	11	3.6
id-16199	10	5	26	4.0
id-16200	1	2	22	4.0
id-16201	2	4	6	4.6
id-16202	3	6	19	4.4
id-16203	5	4	6	4.7
id-16204	9	3	8	4.0
id-16205	7	10	22	3.8
id-16206	10	11	29	4.2
id-16207	7	7	30	4.0
id-16208	9	15	4	4.0
id-16209	3	3	9	4.8
id-16210	8	15	26	4.6
id-16211	5	2	11	4.5
id-16212	3	5	27	3.8
id-16213	7	12	20	3.3
id-16214	7	9	10	3.7
id-16215	7	13	25	4.6
id-16216	9	14	1	4.1
id-16217	9	5	22	4.6
id-16218	5	10	8	4.9
id-16219	10	20	26	4.9
id-16220	10	4	18	3.8
id-16221	8	4	24	4.3
id-16222	6	6	19	3.2
id-16223	5	8	29	3.6
id-16224	8	16	16	4.5
id-16225	8	2	7	4.5
id-16226	1	2	3	4.0
id-16227	1	2	17	4.3
id-16228	10	18	24	3.6
id-16229	5	2	16	3.9
id-16230	8	16	20	4.1
id-16231	5	2	14	4.9
id-16232	10	12	9	4.0
id-16233	2	2	20	4.3
id-16234	1	2	4	3.8
id-16235	7	3	26	4.4
id-16236	10	11	29	3.7
id-16237	9	16	17	4.2
id-16238	6	8	15	4.2
id-16239	9	17	24	4.9
id-16240	5	9	21	3.0
id-16241	6	12	19	3.6
id-16242	2	4	29	4.0
id-16243	6	2	28	4.8
id-16244	6	8	29	3.2
id-16245	4	4	26	4.0
id-16246	5	7	19	3.7
id-16247	5	5	10	3.5
id-16248	8	6	27	3.5
id-16249	1	2	19	4.7
id-16250	8	7	24	4.1
id-16251	2	3	25	4.3
id-16252	9	14	3	4.9
id-16253	8	7	27	3.0
id-16254	7	5	26	4.4
id-16255	5	2	13	3.8
id-16256	6	11	1	4.0
id-16257	3	3	22	3.1
id-16258	8	5	19	3.2
id-16259	8	9	9	3.4
id-16260	1	2	27	4.2
id-16261	5	7	21	4.7
id-16262	9	8	28	3.6
id-16263	9	14	23	4.4
id-16264	6	10	24	4.8
id-16265	5	7	14	4.4
id-16266	1	2	1	5.0
id-16267	4	6	10	3.4
id-16268	2	3	8	3.5
id-16269	4	8	3	4.0
id-16270	9	16	1	3.4
id-16271	3	3	19	3.8
id-16272	9	13	12	3.9
id-16273	1	2	20	4.3
id-16274	7	8	21	3.5
id-16275	1	2	15	3.1
id-16276	8	3	18	4.5
id-16277	1	2	9	3.7
id-16278	4	2	6	3.8
id-16279	2	3	23	4.7
id-16280	9	2	5	4.9
id-16281	4	7	4	3.6
id-16282	1	2	23	4.7
id-16283	7	12	25	5.0
id-16284	7	11	3	4.0
id-16285	3	4	17	4.5
id-16286	4	4	27	4.7
id-16287	3	3	1	4.4
id-16288	5	7	14	4.8
id-16289	6	5	16	3.3
id-16290	7	14	30	4.2
id-16291	5	3	17	4.0
id-16292	3	5	10	4.0
id-16293	6	11	19	3.4
id-16294	3	6	28	4.0
id-16295	5	9	12	3.8
id-16296	10	5	16	3.1
id-16297	8	10	7	4.0
id-16298	3	3	20	3.5
id-16299	1	2	26	4.7
id-16300	5	8	23	4.0
id-16301	9	10	30	4.7
id-16302	4	4	14	5.0
id-16303	6	7	14	4.6
id-16304	5	9	2	4.6
id-16305	8	9	21	3.1
id-16306	1	2	23	3.7
id-16307	10	17	23	3.8
id-16308	9	5	27	3.3
id-16309	9	17	6	3.0
id-16310	4	3	13	4.2
id-16311	9	14	25	4.5
id-16312	6	5	25	4.4
id-16313	5	4	19	3.5
id-16314	5	3	27	3.6
id-16315	5	2	17	3.6
id-16316	10	7	18	3.2
id-16317	1	2	25	4.3
id-16318	2	2	4	4.0
id-16319	10	14	28	4.6
id-16320	7	9	3	3.8
id-16321	9	7	30	3.2
id-16322	5	6	24	4.8
id-16323	9	18	4	3.8
id-16324	2	2	19	5.0
id-16325	10	6	19	4.7
id-16326	6	2	25	4.6
id-16327	2	4	6	4.5
id-16328	4	2	15	3.7
id-16329	6	2	22	3.6
id-16330	3	2	2	3.7
id-16331	7	3	27	3.2
id-16332	7	14	13	3.1
id-16333	9	7	21	4.4
id-16334	4	4	6	4.9
id-16335	1	2	4	3.7
id-16336	7	7	10	4.8
id-16337	6	4	26	3.6
id-16338	3	6	16	4.3
id-16339	1	2	24	3.0
id-16340	10	17	20	4.9
id-16341	3	5	27	4.0
id-16342	6	11	28	4.1
id-16343	7	13	22	4.1
id-16344	9	12	13	4.6
id-16345	1	2	15	3.7
id-16346	5	10	3	3.3
id-16347	3	2	3	3.1
id-16348	8	4	1	4.7
id-16349	5	2	18	4.3
id-16350	10	15	2	4.7
id-16351	7	2	30	3.1
id-16352	9	18	28	4.9
id-16353	9	6	5	4.7
id-16354	5	10	25	3.3
id-16355	7	6	25	3.5
id-16356	8	6	23	4.2
id-16357	6	11	19	3.5
id-16358	1	2	22	4.0
id-16359	8	11	11	5.0
id-16360	7	8	2	4.4
id-16361	4	5	10	3.6
id-16362	8	11	20	4.3
id-16363	9	5	7	4.6
id-16364	4	7	19	3.8
id-16365	7	2	20	3.0
id-16366	5	7	12	3.2
id-16367	1	2	21	4.0
id-16368	9	2	20	4.6
id-16369	2	3	7	4.5
id-16370	8	2	2	3.3
id-16371	1	2	28	3.7
id-16372	5	7	18	4.0
id-16373	2	3	13	3.2
id-16374	2	4	29	4.2
id-16375	3	4	13	4.8
id-16376	6	11	6	4.0
id-16377	4	7	18	3.9
id-16378	9	14	1	3.8
id-16379	9	9	2	3.6
id-16380	2	4	22	3.3
id-16381	10	18	26	4.5
id-16382	2	2	11	4.8
id-16383	1	2	23	3.3
id-16384	2	4	7	3.4
id-16385	5	5	12	4.6
id-16386	7	13	19	3.2
id-16387	4	2	21	4.2
id-16388	1	2	16	4.4
id-16389	3	6	3	4.4
id-16390	10	8	29	4.7
id-16391	3	5	13	3.6
id-16392	5	5	27	4.1
id-16393	1	2	30	3.8
id-16394	9	5	5	3.4
id-16395	4	6	4	4.4
id-16396	2	3	19	3.5
id-16397	9	2	10	5.0
id-16398	7	14	12	4.3
id-16399	5	8	22	3.7
id-16400	3	5	9	4.5
id-16401	5	4	13	4.8
id-16402	8	9	12	4.8
id-16403	8	14	24	4.5
id-16404	10	9	10	4.2
id-16405	8	9	18	3.7
id-16406	9	11	25	3.3
id-16407	1	2	13	3.9
id-16408	4	4	8	4.8
id-16409	10	17	24	5.0
id-16410	6	11	4	4.8
id-16411	1	2	25	3.8
id-16412	1	2	3	4.8
id-16413	1	2	7	3.9
id-16414	7	14	11	3.2
id-16415	1	2	15	3.0
id-16416	2	4	6	4.6
id-16417	7	10	26	3.8
id-16418	10	11	3	3.6
id-16419	4	2	13	4.4
id-16420	1	2	11	4.9
id-16421	3	2	29	3.5
id-16422	2	4	28	4.0
id-16423	9	4	16	4.6
id-16424	5	5	7	3.9
id-16425	9	8	16	4.4
id-16426	4	8	26	4.5
id-16427	9	2	7	3.3
id-16428	7	6	6	4.7
id-16429	10	8	21	3.3
id-16430	1	2	17	4.5
id-16431	2	3	15	4.0
id-16432	9	16	2	3.2
id-16433	4	5	14	4.7
id-16434	8	9	2	3.5
id-16435	5	10	9	4.9
id-16436	7	12	11	3.1
id-16437	1	2	11	3.8
id-16438	4	6	6	3.4
id-16439	2	4	6	4.6
id-16440	7	9	15	3.2
id-16441	9	5	29	5.0
id-16442	9	5	19	3.9
id-16443	9	10	8	4.2
id-16444	1	2	20	3.6
id-16445	8	8	6	3.2
id-16446	1	2	1	3.8
id-16447	3	3	30	3.5
id-16448	9	16	5	3.3
id-16449	6	4	21	3.8
id-16450	3	3	29	4.4
id-16451	5	3	10	4.6
id-16452	1	2	26	3.1
id-16453	8	15	23	3.4
id-16454	3	6	15	3.7
id-16455	4	2	12	3.3
id-16456	7	11	18	4.2
id-16457	8	15	2	4.6
id-16458	6	6	7	4.3
id-16459	9	11	29	4.0
id-16460	2	3	13	4.0
id-16461	7	4	15	4.0
id-16462	8	8	13	4.3
id-16463	4	3	11	3.5
id-16464	5	5	13	4.7
id-16465	1	2	3	3.8
id-16466	2	2	19	3.3
id-16467	1	2	10	3.2
id-16468	2	4	9	3.5
id-16469	9	12	27	3.5
id-16470	2	3	6	4.5
id-16471	9	2	7	4.7
id-16472	6	9	6	3.5
id-16473	4	6	16	4.6
id-16474	10	2	1	4.4
id-16475	8	10	13	3.9
id-16476	6	7	1	3.5
id-16477	7	5	12	3.3
id-16478	7	4	27	3.5
id-16479	5	2	1	4.0
id-16480	5	10	9	4.8
id-16481	1	2	24	4.6
id-16482	7	2	1	4.4
id-16483	2	2	10	4.4
id-16484	1	2	10	3.1
id-16485	10	11	1	4.6
id-16486	8	16	8	4.9
id-16487	1	2	17	4.4
id-16488	1	2	11	4.1
id-16489	3	2	24	4.6
id-16490	7	2	23	3.6
id-16491	10	3	3	4.9
id-16492	3	6	11	4.8
id-16493	4	2	16	5.0
id-16494	3	5	28	3.0
id-16495	5	4	22	5.0
id-16496	8	11	16	4.6
id-16497	6	10	15	5.0
id-16498	9	11	24	3.1
id-16499	2	3	20	4.8
id-16500	10	5	11	4.5
id-16501	2	3	21	4.9
id-16502	7	11	17	3.9
id-16503	1	2	28	3.7
id-16504	3	2	26	4.7
id-16505	5	10	7	3.4
id-16506	5	7	29	3.3
id-16507	3	3	19	4.1
id-16508	4	5	30	3.5
id-16509	4	2	26	3.8
id-16510	6	6	2	4.3
id-16511	8	3	18	3.5
id-16512	3	2	26	3.7
id-16513	4	5	10	3.1
id-16514	1	2	2	3.2
id-16515	8	8	15	4.0
id-16516	8	6	23	3.5
id-16517	3	2	16	3.1
id-16518	1	2	13	3.6
id-16519	1	2	30	3.9
id-16520	1	2	8	4.7
id-16521	1	2	1	3.7
id-16522	5	9	27	3.3
id-16523	3	6	8	3.2
id-16524	2	4	17	4.6
id-16525	3	3	14	3.9
id-16526	2	2	14	3.8
id-16527	7	8	20	4.8
id-16528	1	2	26	4.4
id-16529	4	7	1	3.7
id-16530	3	3	16	4.9
id-16531	10	10	30	4.1
id-16532	4	4	17	3.9
id-16533	8	2	12	4.5
id-16534	4	5	10	4.1
id-16535	10	6	15	4.5
id-16536	2	3	25	4.0
id-16537	10	8	20	4.9
id-16538	5	7	17	4.3
id-16539	7	11	27	3.5
id-16540	2	3	7	3.2
id-16541	9	9	24	4.2
id-16542	10	7	30	3.1
id-16543	5	8	2	3.2
id-16544	2	4	9	4.8
id-16545	3	4	24	4.6
id-16546	10	5	23	4.2
id-16547	4	8	1	3.9
id-16548	6	5	29	4.9
id-16549	1	2	17	4.9
id-16550	8	15	14	3.0
id-16551	5	8	3	4.4
id-16552	9	3	5	4.3
id-16553	8	7	10	3.8
id-16554	2	4	23	3.2
id-16555	4	4	12	4.5
id-16556	1	2	18	3.6
id-16557	5	2	9	4.8
id-16558	1	2	9	3.5
id-16559	7	4	9	3.5
id-16560	10	5	15	3.9
id-16561	1	2	22	3.0
id-16562	9	4	12	4.0
id-16563	6	2	20	4.8
id-16564	7	7	22	3.7
id-16565	5	4	5	4.9
id-16566	1	2	16	4.7
id-16567	8	11	4	3.2
id-16568	5	9	4	4.8
id-16569	5	3	28	4.8
id-16570	5	9	2	4.3
id-16571	4	2	12	4.0
id-16572	10	12	23	3.9
id-16573	10	17	6	4.9
id-16574	3	5	1	4.0
id-16575	10	12	6	3.0
id-16576	6	11	27	4.2
id-16577	6	4	3	4.2
id-16578	5	9	9	4.5
id-16579	4	6	5	3.6
id-16580	4	4	20	4.0
id-16581	4	3	23	3.7
id-16582	6	10	24	3.9
id-16583	7	11	25	3.1
id-16584	10	4	11	4.9
id-16585	1	2	16	3.1
id-16586	9	2	7	4.8
id-16587	7	8	20	3.6
id-16588	2	3	26	4.4
id-16589	8	11	28	3.6
id-16590	2	4	18	4.7
id-16591	2	3	8	4.2
id-16592	5	2	25	4.6
id-16593	2	3	16	3.5
id-16594	9	4	7	4.7
id-16595	1	2	7	3.6
id-16596	3	2	14	4.3
id-16597	1	2	12	3.2
id-16598	1	2	27	4.9
id-16599	10	17	19	4.9
id-16600	6	12	29	3.2
id-16601	9	14	7	3.8
id-16602	4	8	17	4.0
id-16603	8	10	24	4.7
id-16604	1	2	20	4.2
id-16605	8	2	29	4.0
id-16606	9	12	13	3.1
id-16607	7	13	15	4.2
id-16608	8	5	24	3.7
id-16609	6	12	13	4.5
id-16610	8	6	12	5.0
id-16611	9	5	8	3.6
id-16612	7	7	15	3.4
id-16613	7	4	24	3.7
id-16614	9	15	8	3.3
id-16615	10	2	22	3.3
id-16616	1	2	16	4.3
id-16617	4	6	23	4.5
id-16618	4	4	8	3.8
id-16619	10	18	20	3.9
id-16620	10	5	19	3.6
id-16621	9	3	20	3.5
id-16622	4	3	2	3.2
id-16623	2	3	6	3.7
id-16624	3	5	21	3.2
id-16625	10	7	21	4.5
id-16626	7	5	19	3.4
id-16627	10	16	29	4.7
id-16628	10	6	3	3.3
id-16629	2	4	26	4.0
id-16630	3	3	9	3.6
id-16631	3	3	15	4.9
id-16632	9	16	18	4.5
id-16633	1	2	4	4.1
id-16634	2	3	30	4.9
id-16635	9	4	14	5.0
id-16636	4	8	30	5.0
id-16637	6	7	14	3.1
id-16638	3	5	1	4.0
id-16639	5	4	16	3.2
id-16640	10	16	15	3.5
id-16641	6	7	15	3.7
id-16642	2	2	5	5.0
id-16643	2	2	29	4.5
id-16644	6	8	4	4.3
id-16645	2	2	21	3.1
id-16646	6	8	17	4.4
id-16647	5	3	28	3.3
id-16648	3	6	26	3.6
id-16649	4	5	25	4.2
id-16650	10	15	11	3.4
id-16651	7	13	9	4.1
id-16652	7	12	22	3.2
id-16653	10	16	7	3.0
id-16654	3	5	25	4.4
id-16655	3	5	17	3.0
id-16656	6	8	11	4.5
id-16657	5	6	18	5.0
id-16658	1	2	8	4.8
id-16659	10	5	17	3.6
id-16660	2	4	25	4.4
id-16661	6	5	10	3.1
id-16662	10	8	7	4.8
id-16663	8	11	20	3.4
id-16664	3	2	16	4.4
id-16665	1	2	8	3.2
id-16666	3	6	22	3.1
id-16667	7	10	20	3.7
id-16668	5	3	5	4.6
id-16669	8	4	30	4.2
id-16670	2	4	5	4.6
id-16671	1	2	8	4.5
id-16672	2	3	27	4.8
id-16673	5	7	26	3.1
id-16674	6	7	4	4.3
id-16675	9	11	12	3.5
id-16676	7	7	8	4.3
id-16677	1	2	6	3.0
id-16678	7	3	28	3.8
id-16679	9	12	15	3.6
id-16680	4	5	14	3.0
id-16681	6	7	7	4.8
id-16682	4	8	20	3.5
id-16683	6	6	24	4.6
id-16684	8	7	1	3.2
id-16685	5	5	11	3.6
id-16686	1	2	17	4.5
id-16687	8	14	27	3.5
id-16688	9	18	23	4.9
id-16689	5	4	2	4.0
id-16690	7	12	17	3.1
id-16691	8	14	12	4.5
id-16692	7	14	2	4.9
id-16693	7	3	23	4.2
id-16694	2	4	10	3.8
id-16695	5	4	17	4.1
id-16696	9	2	25	3.8
id-16697	1	2	1	3.0
id-16698	1	2	1	4.6
id-16699	2	2	22	3.3
id-16700	1	2	25	4.6
id-16701	2	2	29	4.6
id-16702	3	3	29	3.6
id-16703	8	9	8	4.4
id-16704	10	4	11	4.6
id-16705	8	15	1	4.4
id-16706	9	16	12	3.3
id-16707	1	2	4	4.6
id-16708	9	15	4	4.3
id-16709	3	5	3	3.3
id-16710	6	10	19	4.1
id-16711	10	15	5	4.2
id-16712	3	2	24	4.3
id-16713	8	11	28	3.4
id-16714	10	3	21	4.6
id-16715	3	3	16	4.6
id-16716	4	7	14	3.8
id-16717	5	7	18	4.8
id-16718	10	2	22	3.5
id-16719	8	4	20	3.4
id-16720	6	11	18	3.6
id-16721	5	2	28	4.7
id-16722	2	4	26	4.8
id-16723	2	4	17	3.2
id-16724	10	13	4	3.4
id-16725	5	5	18	4.7
id-16726	7	8	16	3.6
id-16727	1	2	13	4.9
id-16728	6	3	29	3.5
id-16729	5	9	26	4.9
id-16730	8	12	1	3.6
id-16731	6	4	9	3.9
id-16732	4	5	21	3.9
id-16733	10	7	12	3.6
id-16734	9	2	23	3.3
id-16735	1	2	29	4.4
id-16736	8	7	23	3.6
id-16737	8	6	19	4.7
id-16738	9	3	8	3.7
id-16739	9	2	1	3.2
id-16740	1	2	13	3.4
id-16741	9	9	3	4.4
id-16742	4	2	11	4.0
id-16743	7	9	14	4.4
id-16744	1	2	22	4.5
id-16745	8	14	28	3.8
id-16746	9	2	5	4.7
id-16747	5	10	18	4.3
id-16748	4	8	29	3.8
id-16749	10	10	27	4.4
id-16750	7	13	24	3.7
id-16751	7	7	5	4.2
id-16752	3	3	24	3.6
id-16753	5	6	30	4.0
id-16754	8	9	2	4.0
id-16755	3	2	25	4.8
id-16756	4	3	17	3.2
id-16757	7	5	24	4.6
id-16758	10	3	9	3.9
id-16759	1	2	19	3.3
id-16760	1	2	21	3.1
id-16761	10	15	27	4.7
id-16762	8	12	18	4.8
id-16763	3	6	3	3.4
id-16764	10	18	7	4.2
id-16765	2	3	28	3.7
id-16766	3	2	15	3.3
id-16767	9	16	22	3.7
id-16768	10	16	12	3.4
id-16769	10	16	6	3.2
id-16770	8	15	13	4.3
id-16771	4	3	23	3.1
id-16772	10	16	29	4.3
id-16773	7	5	27	3.1
id-16774	2	4	21	3.1
id-16775	4	8	2	4.5
id-16776	3	5	29	4.8
id-16777	2	3	17	4.9
id-16778	2	4	29	3.2
id-16779	5	8	21	4.2
id-16780	1	2	23	4.1
id-16781	1	2	1	4.5
id-16782	4	2	14	3.6
id-16783	5	2	24	4.9
id-16784	3	5	14	3.4
id-16785	6	3	21	3.9
id-16786	6	12	22	4.1
id-16787	4	4	29	3.5
id-16788	2	4	10	3.1
id-16789	1	2	24	4.1
id-16790	1	2	27	3.2
id-16791	3	4	4	3.4
id-16792	5	7	21	3.7
id-16793	5	6	22	4.7
id-16794	3	2	20	4.4
id-16795	2	3	20	3.3
id-16796	3	4	12	3.2
id-16797	1	2	25	3.8
id-16798	8	2	24	3.7
id-16799	10	17	4	4.7
id-16800	8	6	30	4.5
id-16801	6	11	19	4.7
id-16802	10	8	6	3.2
id-16803	9	14	16	3.6
id-16804	3	4	9	4.1
id-16805	10	5	8	4.8
id-16806	6	7	13	3.6
id-16807	8	9	20	3.2
id-16808	10	13	17	3.7
id-16809	1	2	18	3.7
id-16810	7	11	15	3.4
id-16811	5	2	6	3.3
id-16812	5	8	13	4.8
id-16813	9	7	30	3.9
id-16814	2	4	28	3.1
id-16815	4	4	1	3.4
id-16816	6	9	24	4.8
id-16817	3	5	1	4.2
id-16818	8	16	5	4.2
id-16819	5	10	23	3.1
id-16820	3	5	26	4.8
id-16821	6	10	21	4.5
id-16822	7	4	6	4.8
id-16823	2	3	19	3.2
id-16824	1	2	25	4.1
id-16825	7	7	4	4.2
id-16826	10	11	9	3.8
id-16827	6	7	9	3.0
id-16828	5	5	13	4.8
id-16829	3	6	1	4.3
id-16830	9	5	6	4.0
id-16831	6	11	25	4.2
id-16832	4	3	4	3.7
id-16833	10	15	19	4.9
id-16834	6	4	13	4.3
id-16835	8	11	6	3.9
id-16836	6	11	7	3.3
id-16837	1	2	22	3.7
id-16838	4	8	27	3.4
id-16839	10	2	13	4.5
id-16840	8	12	7	4.0
id-16841	2	3	2	3.6
id-16842	2	4	10	4.3
id-16843	8	7	28	4.2
id-16844	4	2	28	3.3
id-16845	10	14	14	3.3
id-16846	10	16	20	4.4
id-16847	2	3	21	4.5
id-16848	4	4	4	3.6
id-16849	1	2	14	3.6
id-16850	2	4	1	4.0
id-16851	3	6	11	4.5
id-16852	7	4	1	4.0
id-16853	5	5	18	3.4
id-16854	9	18	6	3.2
id-16855	1	2	16	3.2
id-16856	10	5	15	3.8
id-16857	10	11	27	4.9
id-16858	1	2	14	4.1
id-16859	3	2	22	3.8
id-16860	4	7	28	4.4
id-16861	10	17	11	4.9
id-16862	5	10	7	4.9
id-16863	7	4	5	5.0
id-16864	5	3	15	4.7
id-16865	5	8	26	3.7
id-16866	9	17	21	3.5
id-16867	3	3	2	4.0
id-16868	2	2	3	3.0
id-16869	4	8	17	4.0
id-16870	10	8	9	3.2
id-16871	7	14	30	3.5
id-16872	8	10	4	4.1
id-16873	3	2	6	3.7
id-16874	8	13	17	3.4
id-16875	1	2	28	4.3
id-16876	9	11	29	4.0
id-16877	3	6	27	4.0
id-16878	10	10	28	4.8
id-16879	1	2	12	4.8
id-16880	3	4	15	4.5
id-16881	6	4	15	4.3
id-16882	4	4	21	3.5
id-16883	10	2	7	3.0
id-16884	4	7	22	4.4
id-16885	8	7	11	4.3
id-16886	4	7	22	4.4
id-16887	8	10	26	4.7
id-16888	2	2	25	3.1
id-16889	8	4	1	4.1
id-16890	10	19	18	3.9
id-16891	2	3	6	3.3
id-16892	1	2	29	4.0
id-16893	6	9	13	4.6
id-16894	8	12	15	3.4
id-16895	4	7	17	3.1
id-16896	5	7	7	4.5
id-16897	10	13	28	3.9
id-16898	7	9	25	3.5
id-16899	2	4	28	3.4
id-16900	1	2	25	4.2
id-16901	4	7	14	3.6
id-16902	5	6	24	3.9
id-16903	8	10	4	4.5
id-16904	6	8	4	3.3
id-16905	8	9	8	4.2
id-16906	7	2	5	4.9
id-16907	5	9	10	4.8
id-16908	9	5	5	3.9
id-16909	7	2	10	5.0
id-16910	6	12	16	4.7
id-16911	5	9	13	4.1
id-16912	10	17	20	4.7
id-16913	2	4	20	3.7
id-16914	6	8	30	3.7
id-16915	6	12	21	3.8
id-16916	7	8	4	4.8
id-16917	3	3	21	4.4
id-16918	6	6	13	3.4
id-16919	3	6	25	3.7
id-16920	8	6	3	4.6
id-16921	10	11	30	4.8
id-16922	2	4	8	3.7
id-16923	8	10	5	3.7
id-16924	3	6	8	4.8
id-16925	5	4	8	4.7
id-16926	6	4	24	4.6
id-16927	8	13	6	4.4
id-16928	8	14	11	3.7
id-16929	6	6	11	3.0
id-16930	4	3	4	5.0
id-16931	5	2	14	3.7
id-16932	2	2	23	4.2
id-16933	2	3	2	4.5
id-16934	4	6	28	4.9
id-16935	9	17	23	4.2
id-16936	6	9	2	3.4
id-16937	4	6	7	3.0
id-16938	5	9	20	5.0
id-16939	5	8	10	4.8
id-16940	9	5	4	3.5
id-16941	1	2	3	4.6
id-16942	10	20	29	3.2
id-16943	1	2	6	4.0
id-16944	10	8	15	4.4
id-16945	8	11	26	3.1
id-16946	8	2	2	3.6
id-16947	1	2	16	3.6
id-16948	7	5	23	3.5
id-16949	8	4	6	4.9
id-16950	10	3	22	3.4
id-16951	3	3	2	4.5
id-16952	3	2	23	4.6
id-16953	9	7	8	4.7
id-16954	10	17	10	3.8
id-16955	8	14	22	3.5
id-16956	2	2	15	3.9
id-16957	4	7	16	4.8
id-16958	9	11	3	3.3
id-16959	5	9	15	3.5
id-16960	4	7	9	3.7
id-16961	5	4	7	4.7
id-16962	5	2	4	3.6
id-16963	2	3	10	3.8
id-16964	1	2	23	3.4
id-16965	1	2	9	3.6
id-16966	10	4	19	3.5
id-16967	4	2	24	4.6
id-16968	9	9	30	4.8
id-16969	10	4	14	4.8
id-16970	8	10	15	4.2
id-16971	2	4	26	3.2
id-16972	5	9	18	5.0
id-16973	7	8	19	4.4
id-16974	4	3	22	3.3
id-16975	9	15	29	4.2
id-16976	8	15	14	4.2
id-16977	5	2	15	3.3
id-16978	2	3	7	4.6
id-16979	1	2	13	3.7
id-16980	4	6	19	4.8
id-16981	6	9	24	4.2
id-16982	10	14	10	3.1
id-16983	4	8	21	4.1
id-16984	9	9	28	4.1
id-16985	2	2	18	4.8
id-16986	6	2	6	4.5
id-16987	5	10	24	3.0
id-16988	9	2	26	4.7
id-16989	6	5	8	3.8
id-16990	8	10	12	4.6
id-16991	5	9	30	4.6
id-16992	9	9	20	4.6
id-16993	9	9	30	4.2
id-16994	2	2	21	3.7
id-16995	6	2	30	4.4
id-16996	1	2	21	4.9
id-16997	6	10	17	3.2
id-16998	4	2	19	3.3
id-16999	2	3	30	4.9
id-17000	4	4	7	4.3
id-17001	10	15	20	3.6
id-17002	1	2	11	4.9
id-17003	7	11	12	4.9
id-17004	8	10	4	4.8
id-17005	3	4	6	3.5
id-17006	4	2	21	4.8
id-17007	7	7	7	4.0
id-17008	4	7	10	4.7
id-17009	6	3	2	4.1
id-17010	6	9	11	3.9
id-17011	1	2	5	3.7
id-17012	3	4	13	4.7
id-17013	9	6	4	4.5
id-17014	9	16	18	3.7
id-17015	9	5	23	3.4
id-17016	9	18	25	3.0
id-17017	3	5	26	4.9
id-17018	9	17	16	4.4
id-17019	10	16	24	4.6
id-17020	7	10	27	4.5
id-17021	4	7	19	3.8
id-17022	7	14	25	3.1
id-17023	5	8	9	4.1
id-17024	6	3	15	4.9
id-17025	9	18	30	3.5
id-17026	7	4	23	4.3
id-17027	3	3	15	3.8
id-17028	1	2	23	4.6
id-17029	9	2	30	3.4
id-17030	3	6	13	3.8
id-17031	5	3	19	3.3
id-17032	2	2	24	3.1
id-17033	7	7	13	3.2
id-17034	9	4	18	4.7
id-17035	9	7	15	3.7
id-17036	4	5	3	3.7
id-17037	10	6	21	3.4
id-17038	4	4	6	5.0
id-17039	8	4	28	3.6
id-17040	5	6	3	4.7
id-17041	4	7	16	3.6
id-17042	3	6	17	4.2
id-17043	4	6	27	4.3
id-17044	5	3	18	4.0
id-17045	7	6	2	3.4
id-17046	7	12	14	3.3
id-17047	2	4	22	3.6
id-17048	2	2	24	4.4
id-17049	1	2	21	4.9
id-17050	7	9	13	3.3
id-17051	1	2	3	4.9
id-17052	5	5	20	4.5
id-17053	1	2	24	4.3
id-17054	4	3	4	3.9
id-17055	8	13	3	3.8
id-17056	8	5	14	3.5
id-17057	10	20	25	3.6
id-17058	8	15	17	4.8
id-17059	8	10	26	4.0
id-17060	6	7	4	4.1
id-17061	1	2	17	4.3
id-17062	1	2	17	3.2
id-17063	4	6	6	3.4
id-17064	3	6	16	3.5
id-17065	10	11	9	3.4
id-17066	2	4	1	3.3
id-17067	4	5	17	4.9
id-17068	7	3	21	4.5
id-17069	7	8	28	3.2
id-17070	4	2	13	4.9
id-17071	4	4	10	4.0
id-17072	1	2	21	4.2
id-17073	3	4	23	3.4
id-17074	2	2	25	3.5
id-17075	3	4	29	3.6
id-17076	9	9	23	4.1
id-17077	5	3	19	4.6
id-17078	5	2	20	3.4
id-17079	2	3	16	3.1
id-17080	2	3	9	3.6
id-17081	1	2	21	3.7
id-17082	2	3	23	3.6
id-17083	6	8	8	3.8
id-17084	7	9	17	3.2
id-17085	1	2	12	3.1
id-17086	4	7	26	4.5
id-17087	5	6	6	4.2
id-17088	2	2	23	3.2
id-17089	7	14	28	3.4
id-17090	6	11	5	4.0
id-17091	4	7	11	3.7
id-17092	7	7	20	4.9
id-17093	3	2	27	3.5
id-17094	1	2	16	4.9
id-17095	7	8	20	4.1
id-17096	5	3	18	3.9
id-17097	8	9	30	5.0
id-17098	10	7	13	4.1
id-17099	8	3	6	3.8
id-17100	7	13	30	3.5
id-17101	5	4	30	4.2
id-17102	4	2	1	4.1
id-17103	5	8	2	3.9
id-17104	7	7	7	3.1
id-17105	2	4	10	4.0
id-17106	2	2	5	4.1
id-17107	3	2	26	3.3
id-17108	10	3	22	4.6
id-17109	1	2	9	3.0
id-17110	1	2	7	3.7
id-17111	3	3	15	4.6
id-17112	4	8	5	4.0
id-17113	4	8	9	4.7
id-17114	7	3	16	3.6
id-17115	10	12	2	3.8
id-17116	4	6	8	4.7
id-17117	9	18	28	4.1
id-17118	8	14	11	3.3
id-17119	7	8	3	3.3
id-17120	10	2	24	4.2
id-17121	5	6	14	3.9
id-17122	8	13	19	4.2
id-17123	9	2	5	3.4
id-17124	9	15	13	3.8
id-17125	3	2	12	3.8
id-17126	3	3	17	3.1
id-17127	1	2	8	3.5
id-17128	1	2	4	3.0
id-17129	3	4	30	4.0
id-17130	5	7	5	4.6
id-17131	8	8	20	3.7
id-17132	5	3	23	3.7
id-17133	7	13	18	3.2
id-17134	5	4	27	3.7
id-17135	2	3	5	4.9
id-17136	5	6	7	4.6
id-17137	8	5	19	4.3
id-17138	6	11	22	4.2
id-17139	8	2	23	4.6
id-17140	8	11	11	4.8
id-17141	9	2	4	4.8
id-17142	3	3	9	3.9
id-17143	4	4	16	3.2
id-17144	8	12	12	4.7
id-17145	2	4	13	3.9
id-17146	1	2	25	3.2
id-17147	10	5	25	4.8
id-17148	3	3	21	3.5
id-17149	7	14	18	4.2
id-17150	5	9	1	3.8
id-17151	7	14	25	4.1
id-17152	3	4	26	4.3
id-17153	5	9	17	3.0
id-17154	3	4	6	3.1
id-17155	2	4	14	5.0
id-17156	4	8	25	3.1
id-17157	4	2	5	3.9
id-17158	1	2	2	4.2
id-17159	5	10	3	3.4
id-17160	1	2	11	4.4
id-17161	8	2	14	3.3
id-17162	9	13	13	3.1
id-17163	4	7	7	4.4
id-17164	2	3	14	4.5
id-17165	8	14	2	4.7
id-17166	2	4	5	3.2
id-17167	8	5	13	3.6
id-17168	3	6	19	3.0
id-17169	8	5	1	4.8
id-17170	6	4	4	4.1
id-17171	6	6	20	3.9
id-17172	5	4	20	3.1
id-17173	10	20	29	3.6
id-17174	5	7	15	3.2
id-17175	6	11	12	4.9
id-17176	5	6	21	3.5
id-17177	8	13	1	4.7
id-17178	9	6	15	3.9
id-17179	8	14	25	3.1
id-17180	4	6	27	3.2
id-17181	3	5	12	3.1
id-17182	9	6	21	3.5
id-17183	8	12	8	3.1
id-17184	5	3	20	3.9
id-17185	2	4	24	3.8
id-17186	10	6	15	3.1
id-17187	7	3	6	3.6
id-17188	9	11	29	3.7
id-17189	7	6	18	4.0
id-17190	7	13	8	3.5
id-17191	8	6	2	3.9
id-17192	9	16	13	4.9
id-17193	6	12	14	3.5
id-17194	2	3	27	4.2
id-17195	5	5	7	4.9
id-17196	10	3	26	3.7
id-17197	1	2	9	3.9
id-17198	1	2	24	4.4
id-17199	2	3	20	3.2
id-17200	3	5	29	3.7
id-17201	2	4	9	3.2
id-17202	4	6	28	3.3
id-17203	1	2	22	3.0
id-17204	4	3	29	4.0
id-17205	2	3	6	4.1
id-17206	1	2	21	4.0
id-17207	7	8	12	4.0
id-17208	10	20	1	3.2
id-17209	5	5	12	4.5
id-17210	4	8	18	4.6
id-17211	4	8	8	3.5
id-17212	7	6	5	3.9
id-17213	2	2	7	4.3
id-17214	6	2	8	4.6
id-17215	3	5	26	4.9
id-17216	6	5	7	4.9
id-17217	9	14	12	3.7
id-17218	4	8	7	3.4
id-17219	3	2	7	4.3
id-17220	10	8	16	4.0
id-17221	10	17	12	4.7
id-17222	1	2	10	3.6
id-17223	2	2	9	4.9
id-17224	8	16	16	4.4
id-17225	4	3	23	4.6
id-17226	10	15	7	4.5
id-17227	2	3	3	4.2
id-17228	10	5	10	3.4
id-17229	9	4	9	3.4
id-17230	10	11	28	4.4
id-17231	7	12	25	3.4
id-17232	1	2	14	3.3
id-17233	1	2	25	3.7
id-17234	6	12	4	4.5
id-17235	5	5	20	4.0
id-17236	3	5	11	3.4
id-17237	7	2	1	4.0
id-17238	8	3	18	4.1
id-17239	7	14	9	4.2
id-17240	1	2	28	4.7
id-17241	10	15	29	3.9
id-17242	10	6	29	4.7
id-17243	9	16	18	4.2
id-17244	6	4	28	4.7
id-17245	2	3	6	3.6
id-17246	2	3	19	4.2
id-17247	3	5	22	3.1
id-17248	8	14	13	4.1
id-17249	3	2	4	4.4
id-17250	8	13	13	3.9
id-17251	2	2	27	3.1
id-17252	7	14	14	4.7
id-17253	4	8	25	3.5
id-17254	7	3	19	3.1
id-17255	4	8	4	3.3
id-17256	9	16	11	4.7
id-17257	8	6	2	3.3
id-17258	8	8	8	3.8
id-17259	3	5	23	4.9
id-17260	6	4	24	3.6
id-17261	1	2	11	3.6
id-17262	6	4	30	3.6
id-17263	9	16	26	4.5
id-17264	8	10	13	3.1
id-17265	3	3	19	3.3
id-17266	7	14	5	4.3
id-17267	10	11	12	3.5
id-17268	8	13	1	4.3
id-17269	6	3	14	3.3
id-17270	5	7	24	3.4
id-17271	8	3	4	4.8
id-17272	3	5	30	4.8
id-17273	4	8	23	5.0
id-17274	8	6	10	4.2
id-17275	7	5	28	4.3
id-17276	7	13	24	3.9
id-17277	6	8	11	3.5
id-17278	8	4	19	4.5
id-17279	8	9	11	3.0
id-17280	6	2	15	4.8
id-17281	9	18	6	3.9
id-17282	6	5	25	4.5
id-17283	9	17	6	3.8
id-17284	1	2	6	3.1
id-17285	9	15	9	4.2
id-17286	3	5	25	4.5
id-17287	5	8	14	4.3
id-17288	3	4	12	3.2
id-17289	6	3	3	4.9
id-17290	10	11	14	4.8
id-17291	10	8	18	4.6
id-17292	8	15	28	4.8
id-17293	5	9	18	3.6
id-17294	7	14	1	3.6
id-17295	6	2	25	3.0
id-17296	3	3	5	4.7
id-17297	5	4	11	3.9
id-17298	2	2	3	3.2
id-17299	9	8	17	3.3
id-17300	5	8	7	3.7
id-17301	5	5	9	3.4
id-17302	5	6	13	3.4
id-17303	1	2	26	3.6
id-17304	8	8	26	4.1
id-17305	6	4	12	4.8
id-17306	3	5	24	4.1
id-17307	3	5	7	3.5
id-17308	7	5	25	3.0
id-17309	10	10	27	4.2
id-17310	4	4	9	4.3
id-17311	9	17	25	3.2
id-17312	10	15	20	3.0
id-17313	10	5	8	4.9
id-17314	10	11	16	4.3
id-17315	2	4	14	3.4
id-17316	6	6	27	3.8
id-17317	3	4	6	3.4
id-17318	8	4	15	3.3
id-17319	3	6	7	4.7
id-17320	6	12	30	3.4
id-17321	7	4	21	3.2
id-17322	9	16	27	4.9
id-17323	10	10	13	4.4
id-17324	9	5	12	4.3
id-17325	3	5	14	4.7
id-17326	4	6	7	4.1
id-17327	3	2	19	3.3
id-17328	2	2	2	3.4
id-17329	1	2	24	3.1
id-17330	10	15	17	3.1
id-17331	8	11	14	3.7
id-17332	8	8	27	4.0
id-17333	3	6	2	4.5
id-17334	3	5	13	4.1
id-17335	4	5	21	3.1
id-17336	2	3	20	3.3
id-17337	1	2	6	4.8
id-17338	10	17	2	4.7
id-17339	10	14	11	3.5
id-17340	2	4	15	3.4
id-17341	3	2	10	3.8
id-17342	10	3	30	4.9
id-17343	1	2	18	4.8
id-17344	2	3	4	4.3
id-17345	3	2	9	4.8
id-17346	1	2	4	4.4
id-17347	9	10	17	4.9
id-17348	5	8	29	4.8
id-17349	3	5	13	4.6
id-17350	9	8	12	4.1
id-17351	10	10	16	3.1
id-17352	2	4	24	4.0
id-17353	8	12	14	3.2
id-17354	2	4	22	4.8
id-17355	6	4	17	3.3
id-17356	8	8	6	3.7
id-17357	7	12	8	3.1
id-17358	10	2	25	4.3
id-17359	9	5	3	3.3
id-17360	3	5	14	4.6
id-17361	10	16	19	3.4
id-17362	5	3	25	4.9
id-17363	1	2	14	3.0
id-17364	3	6	17	3.8
id-17365	10	16	3	3.3
id-17366	2	2	3	4.5
id-17367	2	4	12	3.0
id-17368	3	2	20	4.1
id-17369	10	18	8	3.9
id-17370	3	2	2	3.9
id-17371	8	14	26	4.5
id-17372	10	4	16	3.1
id-17373	9	11	2	3.9
id-17374	5	7	7	4.2
id-17375	2	2	24	3.2
id-17376	5	4	4	3.5
id-17377	6	10	15	3.1
id-17378	3	5	9	3.5
id-17379	8	8	26	4.1
id-17380	10	8	13	4.5
id-17381	7	14	15	3.2
id-17382	7	14	28	3.1
id-17383	9	8	29	4.9
id-17384	5	9	10	3.6
id-17385	5	5	10	4.3
id-17386	7	4	20	4.2
id-17387	1	2	6	4.4
id-17388	5	5	10	4.1
id-17389	1	2	5	4.9
id-17390	9	10	30	4.0
id-17391	6	9	17	3.1
id-17392	6	5	3	4.7
id-17393	9	11	18	4.0
id-17394	7	5	6	4.2
id-17395	1	2	21	3.0
id-17396	5	2	25	3.6
id-17397	1	2	15	3.9
id-17398	4	7	4	3.2
id-17399	2	3	13	4.2
id-17400	10	11	15	4.9
id-17401	1	2	14	4.6
id-17402	8	15	5	3.8
id-17403	5	2	20	4.1
id-17404	5	7	8	4.5
id-17405	8	16	18	3.2
id-17406	9	6	28	4.8
id-17407	2	4	17	4.0
id-17408	9	13	3	4.7
id-17409	10	12	16	3.9
id-17410	4	2	14	4.2
id-17411	3	6	8	4.3
id-17412	3	6	22	3.7
id-17413	3	4	23	4.7
id-17414	4	2	8	3.7
id-17415	2	2	28	4.3
id-17416	5	10	19	4.0
id-17417	5	6	3	3.4
id-17418	8	16	23	3.2
id-17419	5	8	25	3.3
id-17420	3	2	19	3.3
id-17421	7	11	15	4.8
id-17422	1	2	24	3.2
id-17423	3	6	22	3.6
id-17424	6	9	13	4.4
id-17425	9	3	6	3.2
id-17426	9	11	19	3.6
id-17427	3	2	3	3.9
id-17428	2	4	10	3.4
id-17429	6	11	1	3.2
id-17430	5	9	22	3.2
id-17431	7	10	20	5.0
id-17432	10	16	8	3.8
id-17433	9	12	26	4.7
id-17434	9	3	6	4.6
id-17435	8	5	22	3.9
id-17436	10	20	16	4.7
id-17437	3	6	22	3.8
id-17438	10	18	15	3.7
id-17439	5	5	28	3.9
id-17440	9	7	26	4.4
id-17441	9	7	16	4.2
id-17442	9	16	22	5.0
id-17443	10	18	16	3.6
id-17444	10	17	12	4.0
id-17445	3	6	25	4.4
id-17446	2	2	1	4.3
id-17447	9	10	6	5.0
id-17448	3	4	1	4.0
id-17449	1	2	16	3.2
id-17450	7	9	9	4.6
id-17451	4	6	24	3.1
id-17452	7	7	11	3.7
id-17453	7	14	17	3.9
id-17454	6	8	1	3.3
id-17455	5	4	12	3.2
id-17456	7	9	24	4.0
id-17457	5	3	1	3.8
id-17458	9	9	11	3.3
id-17459	9	7	7	3.1
id-17460	7	13	4	4.6
id-17461	7	10	3	3.1
id-17462	7	9	13	4.2
id-17463	8	13	21	4.4
id-17464	7	10	7	4.9
id-17465	1	2	5	4.1
id-17466	1	2	27	4.9
id-17467	7	6	4	4.0
id-17468	2	4	9	4.0
id-17469	10	7	4	3.1
id-17470	3	5	8	4.3
id-17471	6	5	20	4.2
id-17472	4	4	22	4.1
id-17473	2	3	20	3.5
id-17474	2	3	21	3.0
id-17475	2	4	20	3.8
id-17476	9	10	14	3.5
id-17477	7	2	18	3.9
id-17478	4	2	20	4.6
id-17479	3	5	16	5.0
id-17480	8	8	23	3.6
id-17481	9	12	4	4.9
id-17482	4	5	19	4.6
id-17483	5	9	26	3.3
id-17484	4	7	17	4.9
id-17485	9	5	24	4.1
id-17486	9	4	19	3.9
id-17487	7	8	15	4.7
id-17488	2	3	23	3.3
id-17489	5	7	23	3.8
id-17490	4	8	10	5.0
id-17491	1	2	22	3.7
id-17492	4	6	11	3.1
id-17493	7	11	19	3.8
id-17494	8	2	8	3.2
id-17495	5	6	3	4.5
id-17496	2	2	29	3.6
id-17497	2	2	14	4.9
id-17498	4	6	29	3.2
id-17499	9	4	2	4.7
id-17500	9	6	12	3.6
id-17501	5	6	6	3.4
id-17502	10	11	11	4.2
id-17503	3	6	23	4.9
id-17504	2	4	28	4.4
id-17505	7	12	30	3.8
id-17506	6	10	17	4.2
id-17507	2	2	30	3.6
id-17508	6	8	26	4.3
id-17509	1	2	16	3.7
id-17510	4	8	7	4.1
id-17511	8	8	6	4.7
id-17512	5	4	19	3.3
id-17513	5	8	27	4.3
id-17514	5	2	7	3.1
id-17515	8	7	19	4.2
id-17516	5	7	22	4.0
id-17517	8	2	1	3.1
id-17518	6	6	4	4.0
id-17519	9	13	23	3.8
id-17520	9	12	18	3.4
id-17521	7	6	13	4.0
id-17522	6	4	16	4.7
id-17523	9	10	5	3.2
id-17524	2	2	26	3.7
id-17525	5	2	3	4.8
id-17526	2	4	2	3.5
id-17527	7	11	20	4.1
id-17528	5	6	9	4.6
id-17529	10	20	6	3.9
id-17530	10	15	1	3.1
id-17531	10	20	26	3.2
id-17532	2	3	17	3.5
id-17533	6	12	10	3.2
id-17534	2	3	24	4.4
id-17535	10	12	3	3.5
id-17536	2	3	21	3.6
id-17537	2	4	6	3.1
id-17538	9	11	24	3.9
id-17539	6	4	26	4.0
id-17540	7	5	9	3.3
id-17541	2	2	11	4.2
id-17542	9	4	19	4.3
id-17543	1	2	3	4.0
id-17544	9	17	5	3.5
id-17545	10	8	13	4.1
id-17546	3	6	10	4.0
id-17547	3	6	27	4.7
id-17548	10	16	13	4.3
id-17549	7	11	27	4.0
id-17550	4	2	21	4.8
id-17551	1	2	23	4.7
id-17552	4	8	12	4.9
id-17553	4	7	17	4.1
id-17554	6	11	3	3.6
id-17555	4	6	30	5.0
id-17556	4	2	8	3.9
id-17557	10	18	14	3.4
id-17558	1	2	14	4.1
id-17559	6	10	18	4.5
id-17560	8	14	25	4.1
id-17561	6	8	5	4.7
id-17562	7	8	6	3.0
id-17563	8	8	4	3.3
id-17564	10	6	20	3.9
id-17565	3	2	19	3.3
id-17566	6	4	1	4.4
id-17567	4	4	23	4.5
id-17568	2	2	26	3.6
id-17569	9	18	2	4.1
id-17570	6	4	24	4.4
id-17571	10	17	30	3.2
id-17572	2	4	27	3.6
id-17573	10	11	22	4.4
id-17574	2	4	18	4.4
id-17575	9	7	10	3.4
id-17576	2	2	22	3.4
id-17577	7	13	11	3.3
id-17578	5	7	20	3.4
id-17579	10	4	5	4.4
id-17580	9	14	12	3.8
id-17581	4	3	21	3.6
id-17582	3	5	6	4.7
id-17583	6	10	18	3.3
id-17584	6	10	10	4.6
id-17585	8	14	21	3.0
id-17586	6	3	15	4.0
id-17587	9	3	1	4.2
id-17588	5	4	6	5.0
id-17589	9	16	16	4.4
id-17590	3	6	29	3.0
id-17591	4	7	17	3.2
id-17592	9	13	22	3.5
id-17593	8	4	20	4.4
id-17594	6	10	15	3.7
id-17595	9	13	6	3.3
id-17596	3	5	6	3.5
id-17597	7	7	16	3.5
id-17598	4	4	3	4.8
id-17599	9	16	8	3.3
id-17600	2	3	27	4.2
id-17601	5	9	28	3.3
id-17602	3	3	2	4.5
id-17603	1	2	22	4.3
id-17604	6	3	14	4.6
id-17605	4	8	15	4.6
id-17606	4	4	12	4.5
id-17607	9	11	20	4.3
id-17608	5	10	11	3.1
id-17609	4	5	13	4.3
id-17610	8	13	12	4.2
id-17611	9	7	25	3.7
id-17612	8	15	17	3.6
id-17613	2	4	8	4.2
id-17614	9	9	20	4.6
id-17615	1	2	8	3.9
id-17616	8	14	2	3.2
id-17617	4	3	9	4.7
id-17618	2	4	13	4.0
id-17619	8	10	3	3.7
id-17620	4	3	8	4.8
id-17621	7	5	15	3.2
id-17622	1	2	13	3.0
id-17623	9	10	22	3.0
id-17624	6	5	3	4.1
id-17625	3	3	18	4.1
id-17626	6	11	18	4.3
id-17627	2	3	2	4.8
id-17628	3	5	4	4.8
id-17629	9	9	25	4.8
id-17630	7	6	8	4.7
id-17631	3	5	2	4.7
id-17632	6	9	9	4.0
id-17633	8	15	8	3.9
id-17634	10	7	12	3.2
id-17635	3	4	16	3.5
id-17636	2	3	30	3.9
id-17637	4	4	2	3.9
id-17638	4	5	19	3.4
id-17639	3	3	18	3.0
id-17640	4	4	1	4.2
id-17641	8	7	23	4.1
id-17642	5	3	3	4.8
id-17643	4	4	10	3.3
id-17644	6	8	24	4.3
id-17645	10	18	27	4.5
id-17646	5	2	7	4.4
id-17647	9	13	5	3.4
id-17648	3	3	25	4.7
id-17649	8	8	25	4.7
id-17650	4	4	30	3.1
id-17651	7	6	8	4.6
id-17652	2	4	10	4.0
id-17653	9	14	11	4.2
id-17654	8	16	19	3.3
id-17655	3	3	16	3.9
id-17656	3	3	14	3.4
id-17657	9	10	22	3.4
id-17658	2	3	20	4.4
id-17659	2	4	3	4.3
id-17660	5	8	2	4.4
id-17661	1	2	10	4.5
id-17662	5	7	6	3.0
id-17663	3	6	5	4.4
id-17664	4	7	16	4.1
id-17665	3	2	19	4.3
id-17666	2	2	29	3.4
id-17667	4	4	14	3.1
id-17668	4	8	9	5.0
id-17669	4	7	10	3.6
id-17670	1	2	1	3.5
id-17671	10	7	8	3.8
id-17672	1	2	15	3.3
id-17673	3	6	19	3.1
id-17674	3	4	9	3.9
id-17675	6	3	2	4.8
id-17676	4	4	17	4.4
id-17677	2	4	6	4.9
id-17678	2	2	20	3.7
id-17679	8	4	24	4.0
id-17680	3	3	14	3.0
id-17681	2	2	5	3.4
id-17682	5	6	29	3.3
id-17683	4	4	14	4.6
id-17684	2	2	3	3.6
id-17685	5	6	22	4.7
id-17686	3	2	1	3.2
id-17687	5	2	8	4.5
id-17688	4	5	13	4.8
id-17689	7	13	13	3.4
id-17690	4	2	17	3.7
id-17691	5	10	23	4.7
id-17692	6	11	27	4.8
id-17693	10	4	18	3.6
id-17694	2	2	7	3.5
id-17695	3	2	27	4.8
id-17696	4	3	3	4.8
id-17697	3	3	21	3.5
id-17698	10	12	2	4.6
id-17699	8	6	20	3.1
id-17700	7	2	6	3.7
id-17701	3	2	25	3.5
id-17702	10	2	14	5.0
id-17703	10	11	20	5.0
id-17704	9	13	25	3.4
id-17705	2	4	15	4.6
id-17706	4	5	29	4.4
id-17707	1	2	21	4.6
id-17708	1	2	14	4.5
id-17709	3	6	10	3.6
id-17710	5	10	14	3.5
id-17711	2	2	5	3.6
id-17712	2	4	4	3.2
id-17713	6	10	24	4.4
id-17714	3	6	20	3.8
id-17715	8	11	24	3.4
id-17716	2	2	29	3.3
id-17717	8	14	24	5.0
id-17718	3	3	18	3.4
id-17719	10	19	18	4.4
id-17720	9	15	20	3.4
id-17721	1	2	2	3.4
id-17722	9	13	18	4.3
id-17723	10	17	26	4.7
id-17724	3	5	21	4.9
id-17725	3	3	2	4.9
id-17726	1	2	14	3.0
id-17727	5	4	24	4.9
id-17728	8	2	5	4.8
id-17729	7	12	20	4.9
id-17730	10	7	1	4.5
id-17731	7	2	27	4.9
id-17732	6	8	4	3.7
id-17733	7	7	18	3.2
id-17734	6	4	16	4.3
id-17735	1	2	13	4.4
id-17736	6	11	27	5.0
id-17737	3	5	30	5.0
id-17738	1	2	30	4.4
id-17739	3	3	3	4.5
id-17740	4	8	30	4.3
id-17741	7	2	10	3.5
id-17742	3	4	8	3.3
id-17743	9	7	27	4.5
id-17744	6	7	7	4.5
id-17745	2	2	3	3.0
id-17746	6	6	27	3.7
id-17747	2	4	11	4.9
id-17748	1	2	18	3.1
id-17749	9	9	25	4.1
id-17750	5	10	12	3.9
id-17751	4	4	16	4.2
id-17752	6	10	20	3.9
id-17753	7	13	24	4.5
id-17754	4	5	23	3.6
id-17755	2	4	23	5.0
id-17756	6	7	11	3.5
id-17757	1	2	17	4.1
id-17758	5	3	11	4.4
id-17759	9	15	26	3.7
id-17760	2	2	4	4.1
id-17761	4	2	14	4.9
id-17762	10	4	8	3.7
id-17763	9	7	6	4.4
id-17764	9	8	24	5.0
id-17765	9	4	17	4.6
id-17766	6	11	15	4.5
id-17767	7	7	25	4.0
id-17768	10	5	9	3.6
id-17769	5	7	4	4.0
id-17770	3	6	24	3.7
id-17771	8	3	27	4.5
id-17772	1	2	16	4.4
id-17773	2	4	26	4.4
id-17774	8	5	6	4.0
id-17775	4	5	11	4.8
id-17776	2	2	11	3.5
id-17777	4	4	29	4.9
id-17778	8	8	24	4.8
id-17779	5	2	19	4.1
id-17780	8	7	16	4.0
id-17781	7	14	1	4.9
id-17782	8	2	10	3.6
id-17783	10	8	1	5.0
id-17784	3	2	14	4.2
id-17785	10	2	9	4.2
id-17786	8	12	4	3.5
id-17787	9	3	6	3.8
id-17788	4	2	8	4.4
id-17789	10	4	1	4.4
id-17790	7	12	10	4.1
id-17791	1	2	1	3.9
id-17792	6	9	14	4.9
id-17793	8	8	10	3.2
id-17794	9	2	27	3.7
id-17795	6	11	8	4.6
id-17796	1	2	30	4.3
id-17797	4	4	1	4.6
id-17798	3	4	20	3.2
id-17799	7	9	17	4.1
id-17800	10	3	21	4.1
id-17801	3	2	13	3.3
id-17802	9	4	27	4.0
id-17803	7	4	13	4.5
id-17804	3	5	3	3.6
id-17805	4	8	1	4.9
id-17806	2	3	20	3.1
id-17807	8	10	28	4.2
id-17808	7	10	30	3.2
id-17809	1	2	6	4.6
id-17810	6	9	28	3.5
id-17811	7	9	10	3.7
id-17812	9	8	10	3.7
id-17813	7	13	30	4.8
id-17814	2	3	19	4.9
id-17815	8	6	7	4.4
id-17816	1	2	8	4.0
id-17817	10	16	8	3.1
id-17818	9	10	13	4.2
id-17819	2	3	17	4.7
id-17820	7	10	19	3.7
id-17821	6	11	16	4.9
id-17822	5	8	30	4.4
id-17823	8	14	5	3.3
id-17824	2	2	21	3.9
id-17825	8	16	26	3.3
id-17826	5	2	25	3.9
id-17827	5	6	19	4.8
id-17828	7	12	11	5.0
id-17829	1	2	23	4.3
id-17830	6	9	30	4.7
id-17831	4	3	11	5.0
id-17832	5	7	29	5.0
id-17833	7	6	25	4.6
id-17834	10	4	14	3.2
id-17835	6	6	17	4.6
id-17836	3	5	30	3.8
id-17837	3	4	2	4.4
id-17838	4	5	23	4.8
id-17839	5	8	9	4.5
id-17840	7	2	10	4.1
id-17841	7	12	19	4.0
id-17842	1	2	16	3.7
id-17843	8	3	23	3.5
id-17844	6	7	15	3.2
id-17845	6	2	3	3.6
id-17846	9	13	28	4.3
id-17847	7	4	2	4.0
id-17848	8	4	10	4.2
id-17849	1	2	12	3.3
id-17850	8	2	21	5.0
id-17851	7	3	21	4.1
id-17852	4	6	11	3.6
id-17853	10	4	22	4.6
id-17854	9	15	3	4.1
id-17855	8	7	16	4.1
id-17856	5	5	5	4.1
id-17857	10	9	18	3.9
id-17858	2	4	7	4.0
id-17859	6	11	19	4.7
id-17860	8	13	22	3.9
id-17861	6	8	25	4.0
id-17862	3	3	2	3.3
id-17863	9	9	7	3.9
id-17864	7	12	30	4.6
id-17865	5	7	12	4.8
id-17866	9	18	10	4.3
id-17867	8	12	5	4.9
id-17868	2	3	3	5.0
id-17869	4	4	13	4.5
id-17870	3	5	23	3.9
id-17871	8	4	28	4.2
id-17872	5	4	4	3.9
id-17873	6	8	14	3.4
id-17874	6	5	21	3.6
id-17875	6	12	20	4.7
id-17876	5	5	13	3.1
id-17877	3	4	25	4.9
id-17878	7	2	19	4.8
id-17879	7	13	12	4.6
id-17880	3	2	11	4.1
id-17881	3	5	8	3.1
id-17882	6	9	17	4.7
id-17883	10	16	10	4.5
id-17884	9	5	15	4.4
id-17885	5	9	1	3.2
id-17886	4	2	17	4.5
id-17887	10	8	8	3.2
id-17888	2	3	18	4.5
id-17889	10	10	6	3.9
id-17890	6	5	5	3.4
id-17891	3	5	6	3.4
id-17892	3	6	15	4.9
id-17893	2	3	14	3.1
id-17894	9	9	12	3.6
id-17895	7	12	16	3.7
id-17896	7	11	10	4.2
id-17897	10	8	23	3.3
id-17898	7	4	17	4.8
id-17899	9	10	25	4.5
id-17900	4	8	17	3.7
id-17901	9	7	30	3.6
id-17902	2	4	17	3.3
id-17903	10	13	21	5.0
id-17904	1	2	2	4.6
id-17905	4	3	3	4.9
id-17906	3	6	11	4.5
id-17907	7	10	28	3.8
id-17908	8	5	8	4.7
id-17909	7	8	24	3.2
id-17910	2	3	4	4.5
id-17911	4	8	6	3.0
id-17912	5	10	15	3.9
id-17913	4	4	7	4.3
id-17914	5	3	19	4.4
id-17915	9	3	5	3.6
id-17916	5	8	19	4.1
id-17917	7	8	5	3.4
id-17918	4	3	11	4.8
id-17919	8	13	1	4.0
id-17920	7	5	2	4.7
id-17921	5	5	22	3.7
id-17922	4	5	4	3.8
id-17923	4	7	7	4.6
id-17924	2	2	3	4.7
id-17925	7	8	24	4.8
id-17926	9	4	24	4.6
id-17927	7	12	26	3.2
id-17928	7	4	13	4.4
id-17929	6	10	29	3.4
id-17930	2	4	28	3.9
id-17931	10	20	8	3.2
id-17932	10	7	4	3.4
id-17933	1	2	6	3.8
id-17934	8	8	14	3.3
id-17935	9	7	10	4.8
id-17936	10	7	20	4.7
id-17937	2	4	21	3.2
id-17938	4	2	8	3.7
id-17939	2	2	9	4.3
id-17940	6	5	23	4.0
id-17941	3	2	27	4.7
id-17942	9	5	6	4.8
id-17943	4	3	4	4.7
id-17944	9	16	25	3.0
id-17945	9	17	24	4.9
id-17946	7	14	2	4.8
id-17947	3	3	9	3.8
id-17948	10	7	25	3.5
id-17949	9	17	16	3.9
id-17950	5	6	7	3.9
id-17951	6	11	28	4.6
id-17952	1	2	27	3.2
id-17953	3	3	13	4.9
id-17954	1	2	17	4.5
id-17955	2	2	15	3.4
id-17956	8	10	4	3.6
id-17957	9	10	19	4.7
id-17958	5	5	17	4.9
id-17959	4	6	14	4.8
id-17960	9	10	20	4.0
id-17961	3	5	25	3.9
id-17962	10	4	4	3.2
id-17963	3	2	22	4.8
id-17964	1	2	25	4.4
id-17965	7	6	10	3.5
id-17966	2	3	12	4.4
id-17967	10	17	1	4.3
id-17968	7	9	16	3.5
id-17969	3	2	21	4.6
id-17970	10	6	30	4.4
id-17971	5	8	29	3.2
id-17972	9	17	2	3.1
id-17973	9	5	23	4.8
id-17974	2	3	2	3.9
id-17975	9	16	12	4.5
id-17976	3	4	17	4.6
id-17977	8	9	11	4.9
id-17978	6	6	20	4.3
id-17979	2	4	17	3.3
id-17980	8	11	30	4.5
id-17981	4	5	2	4.1
id-17982	2	4	9	4.3
id-17983	7	10	4	4.2
id-17984	8	6	13	4.3
id-17985	9	17	4	4.4
id-17986	9	2	3	3.2
id-17987	2	2	27	3.7
id-17988	2	3	10	3.9
id-17989	6	2	15	4.0
id-17990	8	10	29	4.8
id-17991	8	11	29	3.6
id-17992	9	15	21	3.7
id-17993	3	4	22	3.2
id-17994	9	2	2	4.9
id-17995	3	6	20	3.5
id-17996	8	3	24	3.4
id-17997	1	2	20	3.2
id-17998	9	16	4	3.3
id-17999	4	5	25	4.5
id-18000	4	7	19	3.9
id-18001	5	9	4	3.2
id-18002	4	7	7	3.4
id-18003	8	3	29	3.5
id-18004	4	8	9	3.5
id-18005	5	4	28	4.9
id-18006	5	10	14	3.8
id-18007	5	9	17	4.2
id-18008	5	4	22	3.5
id-18009	6	10	28	3.5
id-18010	8	14	16	4.5
id-18011	7	14	23	3.3
id-18012	5	8	2	4.1
id-18013	2	4	1	5.0
id-18014	9	2	16	3.5
id-18015	2	2	11	3.9
id-18016	10	18	17	3.1
id-18017	4	3	8	3.5
id-18018	10	11	14	4.1
id-18019	6	6	22	3.4
id-18020	9	16	26	4.2
id-18021	7	3	23	3.3
id-18022	6	8	29	3.9
id-18023	8	14	13	3.4
id-18024	8	14	26	3.8
id-18025	5	6	6	3.4
id-18026	4	7	8	4.1
id-18027	2	3	16	3.9
id-18028	2	3	30	3.8
id-18029	6	9	17	3.5
id-18030	5	2	23	4.6
id-18031	10	6	23	5.0
id-18032	6	9	13	4.9
id-18033	1	2	26	3.0
id-18034	8	8	10	3.4
id-18035	2	4	24	4.4
id-18036	1	2	22	3.7
id-18037	4	2	10	3.9
id-18038	5	3	17	3.7
id-18039	7	3	29	4.9
id-18040	10	12	18	4.6
id-18041	4	7	21	3.2
id-18042	7	7	20	3.4
id-18043	7	3	21	3.3
id-18044	1	2	12	4.5
id-18045	4	8	18	4.1
id-18046	6	3	23	4.2
id-18047	9	7	6	4.3
id-18048	4	5	23	4.2
id-18049	4	2	24	4.3
id-18050	2	2	27	3.9
id-18051	1	2	23	4.0
id-18052	9	15	22	4.6
id-18053	5	8	9	4.0
id-18054	6	5	15	3.0
id-18055	5	3	8	3.7
id-18056	10	5	12	3.7
id-18057	3	3	22	5.0
id-18058	6	5	24	3.7
id-18059	8	2	15	3.0
id-18060	3	2	20	3.4
id-18061	10	18	16	3.8
id-18062	3	3	9	3.4
id-18063	10	15	26	3.2
id-18064	3	2	24	4.0
id-18065	9	6	17	3.3
id-18066	2	4	2	3.6
id-18067	10	14	21	4.5
id-18068	9	2	25	4.0
id-18069	1	2	22	3.5
id-18070	3	2	7	3.4
id-18071	9	13	21	3.7
id-18072	10	5	26	4.0
id-18073	5	6	20	3.7
id-18074	10	14	13	4.9
id-18075	8	13	6	4.9
id-18076	9	15	13	4.9
id-18077	2	2	20	4.5
id-18078	2	4	21	3.6
id-18079	1	2	14	4.5
id-18080	10	2	23	3.7
id-18081	1	2	25	4.2
id-18082	7	13	2	3.3
id-18083	2	2	13	3.4
id-18084	5	8	3	3.5
id-18085	2	4	26	3.2
id-18086	5	3	27	3.1
id-18087	3	4	6	4.9
id-18088	6	3	21	4.2
id-18089	6	5	8	4.3
id-18090	9	3	8	3.5
id-18091	6	6	19	4.5
id-18092	2	2	8	3.2
id-18093	8	6	17	4.8
id-18094	3	2	23	3.7
id-18095	8	7	16	3.0
id-18096	6	3	1	3.7
id-18097	2	4	9	4.2
id-18098	6	12	14	3.6
id-18099	5	10	19	3.8
id-18100	4	3	16	4.3
id-18101	10	14	22	3.4
id-18102	1	2	16	3.6
id-18103	4	3	19	4.4
id-18104	5	2	9	4.4
id-18105	4	4	1	4.5
id-18106	8	5	28	4.1
id-18107	7	5	29	4.4
id-18108	6	8	26	4.1
id-18109	10	16	7	3.7
id-18110	4	7	18	4.0
id-18111	7	5	2	3.5
id-18112	4	2	25	4.8
id-18113	5	6	29	4.4
id-18114	10	16	15	3.3
id-18115	5	3	29	3.5
id-18116	7	11	26	3.9
id-18117	8	7	2	3.9
id-18118	10	6	1	3.1
id-18119	8	9	12	4.2
id-18120	9	14	25	3.7
id-18121	7	6	23	3.6
id-18122	5	10	28	4.7
id-18123	10	18	26	3.9
id-18124	7	6	24	3.2
id-18125	5	10	29	3.0
id-18126	1	2	7	3.3
id-18127	8	15	2	3.9
id-18128	4	5	6	3.3
id-18129	6	6	18	4.0
id-18130	9	9	16	4.2
id-18131	3	4	6	3.4
id-18132	9	5	20	4.5
id-18133	7	14	29	4.7
id-18134	9	6	30	4.7
id-18135	9	12	18	4.0
id-18136	6	2	13	4.8
id-18137	6	2	13	4.8
id-18138	3	5	15	3.3
id-18139	10	4	10	3.3
id-18140	6	10	13	3.1
id-18141	10	19	23	3.4
id-18142	6	11	5	3.0
id-18143	4	7	30	4.1
id-18144	10	2	23	4.8
id-18145	8	4	23	3.6
id-18146	1	2	10	3.1
id-18147	1	2	8	3.7
id-18148	3	3	1	5.0
id-18149	7	13	8	3.3
id-18150	7	12	21	4.1
id-18151	7	4	30	4.2
id-18152	8	14	16	4.4
id-18153	3	2	16	4.7
id-18154	10	11	30	3.5
id-18155	5	10	17	3.4
id-18156	5	8	18	4.1
id-18157	10	11	9	3.6
id-18158	7	14	11	4.7
id-18159	2	4	23	4.9
id-18160	7	2	6	3.5
id-18161	5	5	18	3.8
id-18162	8	7	1	3.3
id-18163	1	2	7	4.4
id-18164	10	10	14	3.2
id-18165	1	2	27	4.1
id-18166	8	14	17	4.5
id-18167	4	3	3	3.2
id-18168	4	5	15	4.0
id-18169	1	2	22	3.9
id-18170	6	4	26	4.7
id-18171	5	7	28	4.1
id-18172	6	3	19	4.0
id-18173	1	2	30	3.2
id-18174	6	12	22	4.6
id-18175	7	7	20	4.5
id-18176	4	8	1	4.1
id-18177	7	7	28	3.6
id-18178	1	2	9	4.6
id-18179	9	18	9	3.3
id-18180	5	6	17	3.1
id-18181	2	3	17	3.8
id-18182	5	4	5	4.8
id-18183	5	7	6	4.2
id-18184	2	2	26	3.4
id-18185	9	16	15	4.4
id-18186	6	9	28	5.0
id-18187	5	10	26	4.1
id-18188	10	11	10	4.8
id-18189	3	2	12	4.8
id-18190	8	2	14	4.9
id-18191	5	3	26	4.2
id-18192	3	2	6	4.2
id-18193	3	2	27	3.7
id-18194	4	4	15	3.8
id-18195	7	7	22	4.5
id-18196	7	7	11	3.1
id-18197	2	2	4	4.8
id-18198	5	5	15	4.7
id-18199	10	20	17	4.2
id-18200	8	5	26	3.6
id-18201	1	2	17	3.9
id-18202	2	3	22	3.8
id-18203	1	2	6	4.3
id-18204	9	6	9	4.1
id-18205	1	2	17	4.8
id-18206	4	8	29	3.9
id-18207	5	3	26	4.4
id-18208	8	7	3	3.7
id-18209	9	18	9	3.8
id-18210	3	6	3	3.5
id-18211	10	19	6	4.9
id-18212	3	2	15	4.5
id-18213	2	3	16	3.2
id-18214	4	7	23	4.4
id-18215	2	4	21	4.8
id-18216	4	5	1	4.3
id-18217	7	8	26	4.5
id-18218	3	5	11	4.9
id-18219	5	10	1	3.5
id-18220	8	3	28	4.3
id-18221	6	3	20	3.2
id-18222	3	4	23	3.4
id-18223	2	3	25	3.6
id-18224	4	5	28	4.3
id-18225	7	7	11	3.8
id-18226	6	11	3	4.6
id-18227	7	3	10	4.5
id-18228	5	9	5	3.4
id-18229	5	5	16	3.6
id-18230	6	3	25	4.3
id-18231	2	4	10	4.0
id-18232	9	9	3	3.0
id-18233	10	14	14	4.0
id-18234	3	6	26	3.4
id-18235	5	8	25	4.9
id-18236	7	3	1	4.2
id-18237	4	8	3	4.0
id-18238	5	9	2	4.9
id-18239	5	5	28	4.6
id-18240	4	5	6	3.6
id-18241	3	5	24	4.5
id-18242	1	2	10	3.7
id-18243	1	2	2	4.1
id-18244	6	8	19	3.7
id-18245	3	6	21	3.7
id-18246	5	8	1	4.6
id-18247	1	2	12	4.0
id-18248	2	2	2	3.7
id-18249	10	3	22	4.2
id-18250	10	6	17	3.9
id-18251	1	2	28	4.8
id-18252	6	12	21	4.1
id-18253	10	9	2	3.1
id-18254	2	4	17	4.6
id-18255	4	6	2	3.5
id-18256	7	13	3	4.5
id-18257	10	12	13	4.3
id-18258	8	2	13	4.2
id-18259	4	7	3	3.1
id-18260	10	6	13	3.7
id-18261	2	3	6	4.7
id-18262	2	3	13	4.5
id-18263	3	6	14	4.8
id-18264	1	2	24	4.2
id-18265	8	8	25	4.3
id-18266	5	2	13	4.7
id-18267	9	14	8	4.7
id-18268	8	9	26	4.8
id-18269	5	3	11	3.4
id-18270	8	9	22	3.1
id-18271	1	2	10	3.5
id-18272	10	4	7	4.3
id-18273	4	4	18	3.4
id-18274	2	4	4	3.6
id-18275	9	9	2	4.1
id-18276	6	5	17	3.7
id-18277	6	10	5	4.6
id-18278	7	7	13	4.3
id-18279	2	3	27	4.4
id-18280	7	13	2	4.7
id-18281	1	2	9	3.1
id-18282	8	13	30	4.4
id-18283	10	10	3	4.5
id-18284	6	10	20	3.4
id-18285	9	16	19	3.6
id-18286	3	5	16	3.5
id-18287	8	8	12	3.8
id-18288	2	4	1	3.6
id-18289	4	4	4	3.9
id-18290	4	2	19	4.1
id-18291	2	2	20	3.7
id-18292	2	2	19	3.2
id-18293	4	8	18	3.6
id-18294	9	12	24	3.5
id-18295	9	11	23	3.7
id-18296	6	8	30	4.4
id-18297	4	4	24	3.4
id-18298	5	7	7	3.5
id-18299	2	2	1	4.4
id-18300	3	6	4	3.5
id-18301	3	2	18	3.6
id-18302	10	7	3	3.1
id-18303	6	2	11	3.9
id-18304	6	7	1	4.5
id-18305	8	8	13	4.4
id-18306	10	20	26	3.5
id-18307	4	7	7	4.3
id-18308	1	2	5	3.4
id-18309	7	13	10	3.1
id-18310	2	3	30	3.3
id-18311	1	2	3	4.8
id-18312	6	7	30	3.3
id-18313	3	5	17	3.5
id-18314	8	14	9	4.9
id-18315	4	6	1	3.4
id-18316	9	14	15	3.4
id-18317	9	16	17	4.6
id-18318	5	8	4	3.7
id-18319	9	10	13	4.0
id-18320	5	4	20	3.8
id-18321	8	7	8	3.7
id-18322	7	2	20	4.2
id-18323	3	3	10	3.0
id-18324	6	10	18	3.3
id-18325	9	16	30	4.2
id-18326	6	3	21	4.4
id-18327	2	3	11	3.2
id-18328	2	3	19	3.9
id-18329	5	10	9	4.6
id-18330	7	3	14	3.0
id-18331	6	8	1	4.9
id-18332	1	2	11	3.3
id-18333	6	4	4	4.0
id-18334	7	4	19	3.6
id-18335	9	7	30	4.7
id-18336	9	8	20	3.6
id-18337	8	4	10	3.1
id-18338	6	3	5	3.7
id-18339	6	12	7	4.1
id-18340	3	5	24	4.0
id-18341	1	2	25	3.8
id-18342	5	5	1	4.0
id-18343	8	15	22	4.8
id-18344	4	3	26	3.3
id-18345	1	2	11	4.0
id-18346	2	3	23	4.3
id-18347	6	3	18	3.1
id-18348	10	4	20	3.9
id-18349	6	7	26	3.4
id-18350	6	5	6	3.4
id-18351	1	2	17	4.3
id-18352	10	16	13	3.3
id-18353	5	3	20	3.1
id-18354	6	2	17	4.9
id-18355	7	7	9	3.0
id-18356	5	2	9	3.9
id-18357	9	17	12	4.8
id-18358	10	19	22	3.5
id-18359	6	6	14	3.9
id-18360	3	2	21	3.4
id-18361	4	3	8	3.4
id-18362	1	2	18	4.7
id-18363	5	6	21	4.4
id-18364	1	2	16	4.4
id-18365	2	2	2	4.8
id-18366	3	2	17	3.1
id-18367	2	2	26	3.0
id-18368	5	6	11	3.0
id-18369	4	4	6	3.7
id-18370	9	8	11	4.8
id-18371	1	2	1	4.7
id-18372	5	8	25	4.8
id-18373	4	6	4	3.5
id-18374	3	2	8	4.9
id-18375	2	4	26	3.1
id-18376	1	2	1	4.4
id-18377	6	7	1	3.2
id-18378	7	5	23	4.8
id-18379	6	10	17	4.5
id-18380	7	12	29	4.9
id-18381	6	2	21	4.7
id-18382	3	6	21	4.3
id-18383	10	19	20	5.0
id-18384	5	2	8	4.6
id-18385	1	2	10	4.6
id-18386	5	6	8	3.9
id-18387	7	4	15	4.7
id-18388	1	2	6	4.2
id-18389	4	6	15	4.7
id-18390	8	6	20	4.9
id-18391	3	6	12	4.4
id-18392	5	10	7	4.1
id-18393	8	5	5	3.9
id-18394	6	11	29	3.2
id-18395	3	3	13	4.4
id-18396	3	4	28	3.3
id-18397	5	10	14	4.5
id-18398	3	2	30	4.5
id-18399	9	10	20	4.2
id-18400	6	2	24	3.5
id-18401	9	18	30	4.7
id-18402	4	3	2	4.7
id-18403	9	10	6	3.7
id-18404	6	9	16	3.3
id-18405	5	8	1	3.0
id-18406	9	2	8	4.5
id-18407	5	3	19	3.4
id-18408	1	2	4	4.1
id-18409	8	8	29	3.2
id-18410	9	2	5	4.4
id-18411	9	14	28	4.3
id-18412	1	2	20	4.7
id-18413	6	2	6	3.5
id-18414	8	14	27	3.1
id-18415	3	2	15	4.8
id-18416	1	2	20	3.8
id-18417	8	8	2	4.6
id-18418	9	12	16	4.9
id-18419	8	11	1	4.2
id-18420	2	3	15	4.5
id-18421	1	2	4	3.2
id-18422	10	8	11	4.5
id-18423	8	8	12	3.2
id-18424	5	6	14	4.3
id-18425	5	5	22	4.3
id-18426	6	7	6	4.2
id-18427	7	6	29	4.6
id-18428	10	15	15	4.4
id-18429	5	8	27	3.0
id-18430	9	12	8	4.8
id-18431	6	12	3	4.3
id-18432	6	5	1	4.6
id-18433	3	6	29	4.3
id-18434	10	7	10	4.2
id-18435	10	10	29	3.9
id-18436	5	4	7	3.6
id-18437	8	14	6	3.3
id-18438	10	18	15	4.6
id-18439	9	13	11	3.6
id-18440	6	11	1	4.3
id-18441	4	8	19	4.1
id-18442	3	3	29	3.5
id-18443	1	2	7	4.3
id-18444	4	4	5	4.2
id-18445	8	13	25	3.9
id-18446	10	15	21	3.7
id-18447	8	2	17	4.6
id-18448	7	3	6	3.7
id-18449	9	9	13	3.9
id-18450	10	8	5	3.2
id-18451	10	5	12	3.7
id-18452	10	10	11	3.6
id-18453	6	6	20	4.6
id-18454	3	5	23	4.7
id-18455	7	4	12	3.1
id-18456	4	8	15	3.6
id-18457	10	16	15	3.6
id-18458	10	13	28	3.4
id-18459	10	9	17	4.4
id-18460	5	4	2	4.0
id-18461	9	15	2	4.8
id-18462	2	3	12	4.2
id-18463	1	2	1	3.9
id-18464	1	2	23	3.3
id-18465	9	9	4	4.4
id-18466	10	11	27	4.6
id-18467	1	2	30	4.8
id-18468	7	12	16	4.1
id-18469	5	4	27	4.5
id-18470	2	3	2	4.5
id-18471	9	8	12	4.6
id-18472	7	10	22	4.3
id-18473	2	3	28	3.9
id-18474	10	20	20	4.4
id-18475	9	14	3	4.6
id-18476	2	4	5	4.8
id-18477	8	16	1	3.9
id-18478	4	7	28	4.4
id-18479	9	4	10	4.6
id-18480	3	5	15	3.3
id-18481	8	12	8	3.1
id-18482	2	3	15	4.9
id-18483	2	3	10	3.9
id-18484	10	11	12	4.0
id-18485	3	5	4	3.1
id-18486	7	9	17	4.4
id-18487	10	9	5	4.5
id-18488	4	2	27	4.0
id-18489	5	3	27	4.1
id-18490	7	8	2	4.6
id-18491	10	3	28	4.9
id-18492	2	4	6	3.4
id-18493	4	3	28	4.8
id-18494	6	2	1	3.6
id-18495	1	2	20	3.5
id-18496	3	4	11	4.5
id-18497	5	4	9	3.2
id-18498	6	10	5	4.0
id-18499	1	2	12	4.5
id-18500	1	2	12	5.0
id-18501	7	11	2	3.7
id-18502	10	9	17	4.4
id-18503	4	7	30	4.8
id-18504	2	3	22	3.4
id-18505	1	2	16	4.1
id-18506	6	4	28	3.3
id-18507	10	19	8	3.2
id-18508	4	7	21	3.5
id-18509	4	7	11	4.1
id-18510	3	6	15	4.2
id-18511	6	4	28	4.3
id-18512	1	2	6	4.7
id-18513	3	4	24	3.5
id-18514	5	6	4	4.5
id-18515	1	2	22	4.5
id-18516	2	2	27	4.2
id-18517	9	15	11	3.1
id-18518	10	11	28	4.1
id-18519	2	4	3	4.8
id-18520	6	10	6	4.3
id-18521	10	15	6	3.5
id-18522	3	2	1	4.2
id-18523	3	4	12	4.3
id-18524	3	6	10	3.2
id-18525	5	7	26	4.8
id-18526	2	3	6	5.0
id-18527	9	17	30	3.4
id-18528	6	9	20	3.2
id-18529	6	4	22	3.9
id-18530	5	2	26	3.5
id-18531	1	2	9	4.7
id-18532	10	17	7	4.9
id-18533	8	4	3	4.5
id-18534	5	10	14	4.3
id-18535	10	8	10	4.0
id-18536	4	7	6	4.2
id-18537	4	8	11	3.7
id-18538	7	11	17	3.6
id-18539	1	2	11	3.9
id-18540	5	6	6	3.9
id-18541	4	6	13	4.6
id-18542	1	2	14	4.5
id-18543	1	2	13	3.4
id-18544	3	5	29	3.7
id-18545	6	11	26	4.7
id-18546	7	7	17	4.3
id-18547	8	10	3	3.1
id-18548	2	3	17	3.5
id-18549	10	8	4	4.4
id-18550	10	6	6	3.3
id-18551	5	6	10	4.8
id-18552	1	2	14	4.5
id-18553	3	6	8	4.4
id-18554	10	9	21	4.6
id-18555	10	3	17	4.1
id-18556	6	6	23	5.0
id-18557	10	12	12	3.2
id-18558	3	3	23	5.0
id-18559	4	6	1	4.3
id-18560	1	2	12	4.7
id-18561	1	2	23	4.1
id-18562	10	15	20	4.8
id-18563	1	2	5	3.3
id-18564	9	15	7	5.0
id-18565	5	6	20	3.4
id-18566	3	5	7	3.1
id-18567	2	4	10	3.5
id-18568	4	5	12	4.1
id-18569	6	8	7	4.3
id-18570	10	7	20	3.8
id-18571	4	5	30	4.7
id-18572	1	2	8	5.0
id-18573	2	2	24	4.3
id-18574	1	2	1	4.1
id-18575	5	10	14	3.1
id-18576	10	19	26	3.1
id-18577	5	5	6	4.1
id-18578	3	6	10	4.3
id-18579	7	6	2	4.4
id-18580	3	6	10	4.9
id-18581	1	2	3	5.0
id-18582	1	2	23	4.4
id-18583	6	8	22	3.0
id-18584	1	2	8	4.2
id-18585	3	4	14	5.0
id-18586	6	7	8	3.1
id-18587	9	2	19	4.7
id-18588	7	2	28	3.7
id-18589	8	5	12	4.9
id-18590	6	12	23	4.5
id-18591	3	2	26	3.9
id-18592	3	5	20	3.5
id-18593	3	5	27	3.2
id-18594	10	17	2	3.6
id-18595	5	9	5	4.8
id-18596	6	12	7	3.6
id-18597	5	5	20	3.6
id-18598	1	2	30	4.4
id-18599	10	12	2	3.9
id-18600	8	2	25	4.7
id-18601	7	9	27	3.3
id-18602	1	2	3	3.5
id-18603	1	2	10	4.5
id-18604	7	4	24	3.1
id-18605	5	5	14	4.1
id-18606	8	9	10	4.3
id-18607	9	6	12	4.2
id-18608	7	8	5	4.0
id-18609	2	4	28	4.8
id-18610	7	14	24	4.0
id-18611	6	3	23	3.9
id-18612	10	12	29	3.1
id-18613	4	2	3	3.1
id-18614	8	5	24	4.5
id-18615	6	3	14	3.2
id-18616	4	8	20	3.8
id-18617	1	2	26	3.8
id-18618	9	14	24	5.0
id-18619	8	14	17	3.4
id-18620	4	2	13	3.9
id-18621	3	3	16	3.0
id-18622	8	3	14	4.2
id-18623	7	10	19	3.4
id-18624	9	7	1	3.8
id-18625	2	4	18	4.1
id-18626	2	4	5	4.2
id-18627	8	16	23	3.7
id-18628	7	10	25	3.4
id-18629	2	3	17	3.7
id-18630	5	10	25	4.8
id-18631	6	10	26	3.7
id-18632	3	6	10	3.2
id-18633	4	6	13	3.8
id-18634	6	9	25	3.7
id-18635	2	4	21	4.5
id-18636	8	6	21	3.5
id-18637	2	4	5	4.8
id-18638	7	8	20	3.2
id-18639	9	5	27	3.5
id-18640	10	19	19	3.6
id-18641	7	13	11	4.2
id-18642	6	5	11	4.3
id-18643	1	2	24	4.2
id-18644	1	2	1	4.6
id-18645	7	6	9	3.5
id-18646	3	3	30	4.5
id-18647	10	5	21	4.5
id-18648	6	3	30	4.1
id-18649	5	7	16	3.5
id-18650	9	15	29	3.4
id-18651	7	12	7	4.5
id-18652	9	15	23	4.9
id-18653	3	3	24	3.1
id-18654	10	19	28	4.5
id-18655	8	12	3	4.2
id-18656	2	4	18	3.7
id-18657	8	4	22	3.3
id-18658	1	2	10	4.6
id-18659	6	8	10	4.5
id-18660	4	3	12	4.4
id-18661	4	5	11	3.4
id-18662	4	4	23	4.6
id-18663	6	12	3	4.9
id-18664	7	11	1	4.9
id-18665	10	15	3	4.4
id-18666	5	10	16	4.4
id-18667	3	5	16	3.6
id-18668	8	10	18	4.9
id-18669	6	8	7	3.6
id-18670	9	14	5	3.9
id-18671	4	7	14	4.1
id-18672	10	9	11	4.2
id-18673	1	2	13	3.2
id-18674	4	8	25	4.8
id-18675	7	9	30	4.7
id-18676	5	8	17	4.3
id-18677	9	7	12	4.3
id-18678	1	2	3	4.8
id-18679	5	5	19	4.4
id-18680	1	2	24	3.5
id-18681	4	3	17	4.1
id-18682	2	3	15	3.6
id-18683	9	8	27	3.8
id-18684	6	5	27	4.0
id-18685	10	5	28	4.9
id-18686	6	10	22	3.1
id-18687	9	5	27	3.4
id-18688	9	6	27	3.6
id-18689	3	5	7	4.9
id-18690	1	2	17	4.7
id-18691	9	18	29	4.9
id-18692	7	2	27	4.9
id-18693	6	4	4	3.8
id-18694	10	11	13	3.5
id-18695	3	2	14	5.0
id-18696	4	4	1	3.4
id-18697	5	7	6	4.6
id-18698	4	8	9	3.1
id-18699	4	5	13	3.1
id-18700	3	4	27	3.5
id-18701	3	2	23	3.7
id-18702	10	16	7	4.3
id-18703	8	5	16	3.4
id-18704	6	2	15	4.9
id-18705	3	4	28	3.5
id-18706	9	9	17	3.0
id-18707	7	7	26	4.7
id-18708	4	5	7	4.8
id-18709	9	13	2	3.5
id-18710	9	4	17	3.8
id-18711	1	2	15	3.7
id-18712	2	2	7	3.4
id-18713	2	3	9	3.0
id-18714	7	5	14	3.1
id-18715	4	6	12	4.9
id-18716	1	2	9	3.8
id-18717	2	4	16	4.5
id-18718	6	9	18	3.6
id-18719	4	5	11	3.9
id-18720	8	9	12	4.3
id-18721	6	10	2	3.8
id-18722	3	6	28	4.5
id-18723	5	3	13	4.5
id-18724	9	7	10	3.9
id-18725	4	4	23	4.0
id-18726	8	14	15	4.7
id-18727	6	12	13	4.4
id-18728	10	11	30	4.8
id-18729	6	10	14	4.3
id-18730	3	6	10	4.5
id-18731	6	10	24	3.0
id-18732	7	8	28	3.6
id-18733	3	2	2	4.1
id-18734	7	8	16	3.1
id-18735	4	8	11	3.1
id-18736	10	13	20	3.1
id-18737	9	11	15	4.5
id-18738	4	3	18	4.3
id-18739	8	11	13	5.0
id-18740	3	5	23	4.1
id-18741	5	5	21	3.3
id-18742	2	3	18	3.6
id-18743	7	7	4	3.1
id-18744	7	12	8	4.3
id-18745	8	11	14	3.2
id-18746	5	6	18	4.5
id-18747	3	6	8	4.8
id-18748	6	12	8	4.1
id-18749	2	3	30	4.2
id-18750	5	10	30	4.3
id-18751	5	9	11	4.8
id-18752	1	2	3	4.5
id-18753	5	7	3	4.3
id-18754	7	5	17	4.6
id-18755	3	2	15	4.3
id-18756	9	18	23	3.2
id-18757	9	13	8	3.7
id-18758	1	2	16	3.2
id-18759	7	14	12	3.9
id-18760	2	4	2	4.1
id-18761	8	9	11	3.8
id-18762	2	3	14	3.3
id-18763	10	9	27	3.8
id-18764	8	4	20	3.0
id-18765	6	10	25	3.0
id-18766	7	7	9	4.1
id-18767	10	14	30	3.4
id-18768	8	13	16	4.9
id-18769	3	5	27	4.6
id-18770	3	5	21	4.2
id-18771	2	3	24	4.3
id-18772	5	9	12	3.9
id-18773	4	7	13	4.5
id-18774	9	15	22	4.2
id-18775	6	5	22	4.6
id-18776	8	5	1	3.5
id-18777	3	6	17	4.8
id-18778	5	3	28	4.2
id-18779	9	8	6	3.6
id-18780	5	3	19	4.2
id-18781	1	2	1	3.6
id-18782	10	12	18	3.1
id-18783	4	8	5	4.1
id-18784	6	8	3	4.5
id-18785	2	2	17	4.5
id-18786	5	5	15	4.6
id-18787	5	8	26	4.3
id-18788	1	2	4	4.6
id-18789	7	11	23	3.1
id-18790	6	3	6	4.7
id-18791	4	8	16	4.0
id-18792	5	8	27	3.0
id-18793	8	8	5	3.0
id-18794	4	3	15	3.3
id-18795	1	2	27	3.0
id-18796	2	2	12	3.2
id-18797	9	17	18	4.6
id-18798	6	4	17	4.8
id-18799	2	4	1	3.5
id-18800	3	5	8	3.1
id-18801	6	2	12	3.3
id-18802	4	6	18	3.1
id-18803	9	13	2	4.7
id-18804	9	15	15	4.8
id-18805	10	7	19	4.7
id-18806	5	7	12	4.8
id-18807	7	2	12	3.8
id-18808	5	8	22	4.3
id-18809	9	14	10	4.3
id-18810	6	9	1	3.4
id-18811	1	2	20	4.9
id-18812	9	8	12	3.8
id-18813	1	2	2	4.9
id-18814	2	2	20	3.9
id-18815	2	4	22	3.2
id-18816	1	2	16	4.6
id-18817	6	12	29	3.6
id-18818	7	6	9	3.9
id-18819	9	15	27	3.7
id-18820	1	2	24	4.8
id-18821	1	2	6	4.0
id-18822	5	2	17	3.9
id-18823	6	2	29	4.9
id-18824	4	2	2	4.5
id-18825	2	4	22	4.9
id-18826	6	4	6	3.5
id-18827	1	2	1	4.5
id-18828	1	2	19	4.2
id-18829	9	6	11	4.4
id-18830	8	5	18	3.1
id-18831	4	7	2	4.5
id-18832	8	12	12	3.3
id-18833	9	13	14	4.5
id-18834	1	2	7	4.4
id-18835	1	2	16	3.9
id-18836	7	10	14	3.4
id-18837	10	11	20	3.8
id-18838	4	3	16	3.3
id-18839	9	7	24	4.1
id-18840	1	2	19	4.2
id-18841	6	11	11	3.4
id-18842	3	4	25	3.6
id-18843	3	3	20	4.8
id-18844	4	4	26	3.7
id-18845	5	8	4	3.5
id-18846	2	2	1	3.7
id-18847	5	5	16	4.1
id-18848	3	4	15	3.6
id-18849	7	4	3	3.8
id-18850	10	20	1	4.5
id-18851	4	4	28	4.0
id-18852	5	6	11	4.5
id-18853	3	2	24	3.2
id-18854	1	2	2	4.8
id-18855	3	5	3	3.8
id-18856	10	9	28	3.0
id-18857	9	6	7	3.2
id-18858	6	9	1	4.3
id-18859	8	3	16	4.6
id-18860	1	2	14	4.7
id-18861	5	7	23	3.5
id-18862	6	5	19	3.2
id-18863	10	11	12	3.5
id-18864	10	18	24	4.1
id-18865	8	13	24	4.5
id-18866	8	14	14	4.9
id-18867	9	2	4	4.6
id-18868	2	2	22	4.6
id-18869	1	2	27	4.4
id-18870	3	4	27	3.8
id-18871	7	9	26	4.9
id-18872	6	10	30	4.2
id-18873	10	11	29	4.6
id-18874	1	2	14	3.3
id-18875	8	9	23	4.6
id-18876	7	13	14	3.0
id-18877	3	4	22	4.5
id-18878	9	11	11	4.5
id-18879	1	2	15	3.3
id-18880	9	6	15	4.7
id-18881	8	3	24	4.6
id-18882	8	2	13	4.6
id-18883	7	2	2	4.1
id-18884	4	7	19	3.4
id-18885	8	4	29	3.7
id-18886	6	7	6	4.7
id-18887	5	6	9	4.4
id-18888	8	12	20	3.5
id-18889	7	7	8	3.2
id-18890	4	6	9	3.3
id-18891	3	2	21	3.8
id-18892	6	2	17	3.6
id-18893	5	9	6	4.3
id-18894	5	4	22	3.3
id-18895	7	4	13	4.0
id-18896	9	7	13	3.9
id-18897	9	5	21	3.6
id-18898	10	3	3	3.6
id-18899	5	7	26	4.7
id-18900	7	14	26	4.8
id-18901	10	6	12	3.3
id-18902	10	14	1	3.9
id-18903	2	3	15	3.0
id-18904	9	7	16	4.7
id-18905	1	2	27	3.2
id-18906	6	7	5	3.8
id-18907	8	2	17	4.5
id-18908	4	3	1	4.6
id-18909	5	8	4	3.4
id-18910	10	2	15	3.6
id-18911	1	2	1	3.5
id-18912	4	8	13	4.6
id-18913	7	14	12	3.3
id-18914	6	7	28	3.5
id-18915	1	2	19	4.2
id-18916	4	8	15	3.9
id-18917	1	2	28	3.0
id-18918	9	12	10	4.8
id-18919	2	4	17	4.8
id-18920	2	4	3	3.5
id-18921	1	2	14	3.5
id-18922	1	2	27	4.6
id-18923	3	2	1	4.0
id-18924	10	19	22	4.0
id-18925	7	10	23	4.4
id-18926	9	13	11	3.7
id-18927	3	5	20	4.7
id-18928	1	2	11	5.0
id-18929	2	3	21	3.1
id-18930	4	3	26	4.0
id-18931	3	6	20	4.3
id-18932	6	2	9	4.6
id-18933	7	3	29	3.8
id-18934	1	2	29	4.5
id-18935	10	8	29	4.8
id-18936	10	3	6	4.9
id-18937	3	2	7	4.2
id-18938	5	3	25	3.4
id-18939	1	2	22	5.0
id-18940	10	8	22	4.7
id-18941	6	2	30	5.0
id-18942	5	5	17	3.4
id-18943	2	4	10	3.0
id-18944	7	4	26	4.5
id-18945	7	10	20	4.9
id-18946	1	2	5	4.3
id-18947	1	2	22	3.4
id-18948	1	2	29	3.3
id-18949	3	6	25	3.5
id-18950	7	10	6	4.1
id-18951	10	20	5	4.8
id-18952	2	3	13	4.3
id-18953	3	4	30	4.7
id-18954	5	2	25	4.4
id-18955	7	13	13	3.5
id-18956	9	7	23	4.3
id-18957	1	2	29	4.7
id-18958	5	4	26	3.9
id-18959	7	11	15	4.9
id-18960	7	10	7	4.3
id-18961	2	2	18	3.9
id-18962	10	3	12	4.3
id-18963	7	13	5	3.4
id-18964	4	8	8	3.5
id-18965	5	9	6	3.4
id-18966	2	4	8	3.8
id-18967	2	2	23	3.6
id-18968	8	5	2	4.0
id-18969	2	3	18	3.8
id-18970	2	4	8	5.0
id-18971	10	14	25	4.2
id-18972	8	8	28	3.6
id-18973	8	5	1	4.4
id-18974	6	8	26	3.4
id-18975	6	9	13	3.6
id-18976	9	13	30	4.8
id-18977	4	4	3	3.9
id-18978	8	12	2	3.9
id-18979	3	4	3	5.0
id-18980	3	6	25	3.2
id-18981	7	14	14	4.6
id-18982	6	10	30	3.3
id-18983	4	2	5	3.9
id-18984	2	3	18	3.8
id-18985	1	2	22	3.9
id-18986	6	2	6	3.1
id-18987	4	4	14	3.3
id-18988	9	12	29	4.1
id-18989	7	13	7	3.4
id-18990	7	9	30	5.0
id-18991	8	8	3	4.4
id-18992	3	4	7	3.4
id-18993	1	2	18	4.7
id-18994	9	2	2	4.7
id-18995	3	6	1	3.3
id-18996	8	5	17	4.0
id-18997	9	4	8	4.4
id-18998	1	2	23	3.7
id-18999	9	14	29	4.0
id-19000	2	2	6	4.0
id-19001	6	9	11	3.8
id-19002	9	2	21	5.0
id-19003	4	4	12	3.4
id-19004	1	2	20	3.0
id-19005	10	18	28	4.9
id-19006	2	2	28	3.7
id-19007	3	3	11	4.3
id-19008	6	5	20	3.8
id-19009	5	7	10	3.6
id-19010	10	7	15	3.9
id-19011	10	14	21	3.1
id-19012	5	4	11	4.1
id-19013	2	4	3	3.6
id-19014	5	3	2	4.7
id-19015	2	4	4	4.7
id-19016	8	4	10	4.3
id-19017	5	5	7	3.8
id-19018	1	2	28	3.0
id-19019	5	6	10	3.5
id-19020	6	10	6	3.8
id-19021	6	10	8	4.9
id-19022	9	4	21	4.4
id-19023	4	6	10	3.9
id-19024	2	4	9	3.1
id-19025	4	7	13	4.5
id-19026	7	5	16	3.2
id-19027	7	9	25	4.1
id-19028	3	6	28	4.7
id-19029	7	2	18	4.6
id-19030	3	3	5	4.6
id-19031	9	8	4	4.4
id-19032	2	3	30	3.8
id-19033	6	11	25	4.5
id-19034	4	4	4	3.2
id-19035	8	16	5	5.0
id-19036	2	3	24	4.0
id-19037	10	9	1	4.6
id-19038	2	3	20	4.4
id-19039	5	10	29	4.1
id-19040	4	5	18	3.6
id-19041	4	3	11	4.7
id-19042	1	2	5	4.6
id-19043	5	4	12	5.0
id-19044	10	12	4	3.7
id-19045	6	2	1	3.6
id-19046	1	2	16	3.8
id-19047	6	2	21	3.2
id-19048	10	11	27	4.4
id-19049	9	2	13	4.6
id-19050	10	10	15	4.0
id-19051	4	2	7	3.3
id-19052	9	9	22	3.6
id-19053	5	2	11	4.9
id-19054	3	6	24	3.5
id-19055	3	5	20	4.2
id-19056	1	2	5	3.8
id-19057	1	2	12	3.3
id-19058	5	9	6	4.7
id-19059	3	4	13	3.7
id-19060	3	5	23	4.3
id-19061	3	4	12	3.3
id-19062	1	2	2	3.4
id-19063	4	6	14	4.4
id-19064	5	9	25	4.5
id-19065	3	2	3	4.6
id-19066	3	5	15	4.2
id-19067	8	13	2	4.8
id-19068	4	2	28	3.3
id-19069	8	9	7	3.1
id-19070	1	2	28	4.5
id-19071	1	2	22	3.1
id-19072	2	2	11	3.4
id-19073	10	15	1	4.7
id-19074	9	9	25	3.9
id-19075	9	15	4	3.1
id-19076	10	9	12	4.3
id-19077	7	9	15	3.5
id-19078	5	4	13	3.6
id-19079	9	16	22	3.1
id-19080	7	3	28	4.6
id-19081	8	10	17	4.2
id-19082	2	2	23	4.5
id-19083	2	3	20	3.2
id-19084	3	5	7	3.7
id-19085	6	11	27	3.6
id-19086	1	2	12	3.1
id-19087	3	5	19	4.3
id-19088	8	5	29	4.7
id-19089	1	2	19	3.4
id-19090	2	3	1	3.8
id-19091	2	4	28	3.2
id-19092	5	10	15	3.2
id-19093	5	4	24	4.1
id-19094	7	14	27	3.4
id-19095	8	10	18	4.5
id-19096	8	8	25	4.3
id-19097	7	4	17	3.7
id-19098	4	6	6	3.7
id-19099	2	4	18	4.2
id-19100	3	4	16	4.2
id-19101	4	2	8	4.7
id-19102	10	2	19	3.9
id-19103	5	5	26	4.6
id-19104	3	2	12	5.0
id-19105	7	13	25	4.4
id-19106	7	10	15	4.8
id-19107	8	6	27	3.7
id-19108	7	6	13	4.6
id-19109	1	2	30	4.7
id-19110	4	4	27	3.5
id-19111	3	3	14	3.2
id-19112	6	5	14	4.2
id-19113	6	9	6	3.4
id-19114	5	10	21	3.5
id-19115	4	8	17	3.2
id-19116	10	7	22	4.5
id-19117	7	8	26	4.7
id-19118	5	4	22	5.0
id-19119	3	6	8	4.9
id-19120	6	10	5	3.7
id-19121	7	3	24	4.1
id-19122	5	9	15	3.9
id-19123	8	15	9	3.3
id-19124	10	11	10	4.3
id-19125	1	2	17	4.5
id-19126	8	12	16	3.4
id-19127	3	6	26	3.4
id-19128	7	2	20	3.5
id-19129	1	2	4	4.6
id-19130	3	2	11	3.3
id-19131	6	11	27	3.3
id-19132	3	2	21	4.9
id-19133	9	16	25	3.4
id-19134	8	9	7	3.5
id-19135	9	11	22	4.1
id-19136	4	3	15	3.2
id-19137	10	7	1	3.7
id-19138	10	7	11	3.7
id-19139	8	5	6	4.7
id-19140	10	18	19	3.1
id-19141	7	12	8	4.5
id-19142	3	6	8	4.5
id-19143	9	16	24	5.0
id-19144	9	6	8	3.2
id-19145	2	3	2	3.3
id-19146	7	2	16	4.9
id-19147	3	2	8	3.2
id-19148	7	2	11	3.0
id-19149	4	6	14	4.4
id-19150	7	11	17	3.1
id-19151	5	7	29	3.3
id-19152	9	12	13	4.3
id-19153	10	13	1	3.7
id-19154	6	6	30	3.7
id-19155	7	6	16	3.4
id-19156	1	2	6	3.7
id-19157	8	2	10	4.7
id-19158	5	2	20	3.2
id-19159	8	11	10	4.4
id-19160	6	12	20	4.5
id-19161	2	4	11	4.2
id-19162	7	4	17	3.6
id-19163	5	7	6	4.9
id-19164	9	3	13	4.2
id-19165	4	7	27	4.3
id-19166	8	14	23	4.5
id-19167	4	2	29	3.6
id-19168	10	16	17	3.4
id-19169	7	12	3	4.5
id-19170	5	8	22	3.1
id-19171	3	6	29	3.2
id-19172	6	6	30	3.3
id-19173	6	2	25	3.3
id-19174	3	4	6	3.2
id-19175	5	10	29	4.9
id-19176	1	2	4	3.2
id-19177	9	12	30	4.3
id-19178	6	9	29	3.2
id-19179	1	2	14	5.0
id-19180	3	3	17	3.9
id-19181	5	4	26	3.2
id-19182	3	6	18	3.9
id-19183	6	9	12	3.4
id-19184	3	5	14	4.1
id-19185	1	2	16	4.6
id-19186	8	8	2	4.0
id-19187	10	5	22	4.7
id-19188	2	2	28	4.7
id-19189	4	2	21	4.6
id-19190	2	3	1	5.0
id-19191	4	8	16	4.3
id-19192	6	4	23	3.4
id-19193	7	9	14	3.9
id-19194	6	8	26	3.2
id-19195	3	5	3	4.1
id-19196	4	2	3	4.7
id-19197	9	2	21	4.6
id-19198	6	3	2	3.0
id-19199	7	4	7	3.7
id-19200	1	2	22	4.8
id-19201	7	14	26	3.6
id-19202	9	14	21	4.6
id-19203	4	8	14	4.8
id-19204	9	18	3	3.3
id-19205	3	3	23	3.3
id-19206	6	3	21	4.7
id-19207	7	4	25	4.2
id-19208	1	2	6	4.3
id-19209	9	8	18	3.7
id-19210	6	10	29	4.8
id-19211	3	3	3	4.5
id-19212	10	2	26	3.7
id-19213	6	2	25	4.8
id-19214	10	15	21	3.8
id-19215	6	5	14	4.0
id-19216	8	2	21	3.5
id-19217	7	3	4	3.5
id-19218	2	3	20	4.8
id-19219	3	3	16	3.3
id-19220	5	2	11	4.1
id-19221	6	8	8	3.2
id-19222	2	4	22	3.6
id-19223	10	11	6	4.0
id-19224	5	10	2	3.1
id-19225	3	5	18	3.2
id-19226	6	7	16	4.2
id-19227	3	4	12	3.6
id-19228	8	11	17	4.1
id-19229	10	11	29	4.6
id-19230	3	5	3	3.3
id-19231	4	6	29	4.6
id-19232	2	3	5	4.3
id-19233	9	10	6	4.8
id-19234	3	5	22	4.5
id-19235	10	16	28	5.0
id-19236	1	2	17	3.2
id-19237	7	13	19	4.1
id-19238	7	12	6	3.5
id-19239	9	8	12	3.0
id-19240	7	10	27	3.1
id-19241	5	10	2	3.3
id-19242	2	2	12	4.6
id-19243	7	2	16	4.7
id-19244	4	3	8	3.2
id-19245	8	14	30	4.1
id-19246	9	18	6	3.5
id-19247	9	15	29	4.0
id-19248	3	3	1	3.1
id-19249	3	2	20	3.8
id-19250	8	13	30	4.4
id-19251	10	13	22	4.2
id-19252	7	7	26	4.3
id-19253	7	8	3	4.6
id-19254	5	9	26	3.0
id-19255	2	4	3	3.9
id-19256	3	2	22	3.1
id-19257	4	7	16	4.2
id-19258	8	10	12	3.9
id-19259	9	18	1	3.2
id-19260	3	2	11	3.6
id-19261	5	3	20	3.6
id-19262	10	16	13	4.0
id-19263	5	8	13	3.0
id-19264	9	18	16	3.3
id-19265	1	2	6	3.6
id-19266	5	6	21	3.2
id-19267	4	4	24	3.2
id-19268	9	2	16	4.6
id-19269	2	2	8	3.4
id-19270	2	4	23	4.4
id-19271	2	4	10	4.8
id-19272	4	4	22	3.9
id-19273	2	3	5	3.7
id-19274	9	15	3	4.5
id-19275	5	9	12	4.6
id-19276	10	12	15	3.1
id-19277	8	14	21	3.2
id-19278	5	8	7	4.4
id-19279	9	14	6	3.5
id-19280	2	4	1	4.7
id-19281	4	8	2	4.2
id-19282	3	4	25	4.5
id-19283	5	2	12	4.3
id-19284	7	2	22	3.5
id-19285	2	3	12	3.4
id-19286	7	5	15	3.6
id-19287	6	11	8	4.7
id-19288	3	5	4	3.7
id-19289	6	6	29	4.9
id-19290	2	2	11	4.4
id-19291	10	20	24	4.0
id-19292	4	7	24	3.7
id-19293	4	4	19	3.1
id-19294	10	5	26	3.8
id-19295	8	2	25	4.8
id-19296	3	2	4	4.4
id-19297	5	4	14	4.5
id-19298	10	3	24	3.9
id-19299	4	8	12	4.8
id-19300	1	2	20	4.5
id-19301	10	15	7	3.2
id-19302	10	15	5	3.6
id-19303	9	11	23	3.2
id-19304	9	14	2	3.5
id-19305	9	12	21	3.1
id-19306	3	5	17	4.9
id-19307	1	2	19	3.6
id-19308	7	3	22	4.2
id-19309	10	19	1	4.4
id-19310	9	10	17	4.5
id-19311	10	20	11	4.3
id-19312	7	11	25	3.1
id-19313	2	2	30	4.3
id-19314	8	5	30	4.0
id-19315	1	2	10	4.1
id-19316	7	2	4	4.0
id-19317	1	2	1	3.5
id-19318	7	4	26	4.3
id-19319	3	4	4	3.1
id-19320	1	2	1	4.7
id-19321	5	8	15	3.5
id-19322	7	6	4	4.7
id-19323	9	14	17	4.8
id-19324	5	10	27	4.1
id-19325	7	11	28	4.7
id-19326	10	20	16	3.6
id-19327	4	4	17	3.6
id-19328	5	7	20	4.6
id-19329	2	4	7	3.8
id-19330	1	2	23	4.9
id-19331	3	3	13	4.1
id-19332	9	13	24	4.3
id-19333	2	4	3	4.6
id-19334	3	5	27	3.5
id-19335	5	9	6	4.1
id-19336	2	3	23	4.9
id-19337	3	2	6	3.1
id-19338	1	2	1	3.6
id-19339	9	18	24	4.6
id-19340	6	5	6	3.4
id-19341	10	9	26	4.1
id-19342	2	2	12	4.6
id-19343	9	9	19	3.6
id-19344	5	3	7	4.9
id-19345	4	2	25	5.0
id-19346	7	10	23	3.2
id-19347	2	4	3	4.3
id-19348	1	2	6	4.9
id-19349	7	3	17	3.5
id-19350	2	4	5	4.9
id-19351	3	4	28	3.3
id-19352	8	12	30	4.4
id-19353	2	4	8	4.5
id-19354	3	3	25	4.9
id-19355	4	2	8	4.3
id-19356	9	17	3	3.9
id-19357	3	2	21	3.8
id-19358	2	3	25	3.0
id-19359	2	3	6	4.4
id-19360	5	3	17	4.5
id-19361	2	4	12	5.0
id-19362	4	7	3	3.7
id-19363	10	20	10	4.2
id-19364	2	4	30	3.9
id-19365	3	3	20	3.5
id-19366	3	2	15	4.9
id-19367	3	4	2	3.8
id-19368	3	6	28	4.0
id-19369	1	2	1	4.5
id-19370	7	2	4	4.4
id-19371	10	14	25	4.8
id-19372	1	2	29	4.3
id-19373	7	14	22	4.9
id-19374	4	4	16	4.3
id-19375	3	2	15	3.3
id-19376	9	7	27	4.7
id-19377	3	3	5	3.3
id-19378	4	2	12	4.5
id-19379	10	12	9	3.2
id-19380	9	9	17	4.0
id-19381	9	7	15	4.2
id-19382	3	3	9	3.2
id-19383	10	17	29	4.5
id-19384	10	13	28	4.6
id-19385	1	2	19	3.2
id-19386	3	6	17	3.2
id-19387	1	2	20	3.8
id-19388	1	2	28	3.2
id-19389	4	2	20	4.2
id-19390	8	13	11	4.5
id-19391	6	9	1	4.3
id-19392	7	8	20	4.9
id-19393	1	2	20	3.5
id-19394	1	2	24	3.9
id-19395	2	4	4	5.0
id-19396	8	5	10	4.1
id-19397	2	2	4	3.3
id-19398	3	5	11	4.0
id-19399	4	3	26	3.9
id-19400	10	13	1	3.2
id-19401	5	4	25	4.2
id-19402	6	5	13	4.2
id-19403	2	4	19	4.3
id-19404	8	3	7	4.5
id-19405	3	5	2	4.4
id-19406	2	3	8	4.1
id-19407	9	16	17	4.2
id-19408	6	4	18	3.2
id-19409	2	2	20	4.1
id-19410	1	2	5	4.2
id-19411	3	4	17	4.1
id-19412	2	2	28	3.5
id-19413	2	4	23	4.9
id-19414	4	8	29	4.8
id-19415	10	11	17	3.8
id-19416	7	12	20	4.4
id-19417	4	4	1	5.0
id-19418	10	2	2	4.6
id-19419	5	5	15	3.4
id-19420	3	3	7	3.0
id-19421	3	6	29	4.5
id-19422	8	11	15	4.6
id-19423	2	3	3	4.0
id-19424	6	6	16	4.7
id-19425	4	4	7	4.6
id-19426	7	14	19	4.7
id-19427	6	4	1	4.1
id-19428	1	2	19	4.7
id-19429	7	4	4	3.7
id-19430	9	2	25	4.2
id-19431	1	2	6	4.8
id-19432	10	14	22	3.0
id-19433	1	2	30	4.2
id-19434	3	2	24	3.7
id-19435	2	2	4	3.1
id-19436	3	3	5	3.4
id-19437	7	5	9	3.5
id-19438	6	10	17	4.5
id-19439	2	2	4	3.9
id-19440	9	12	22	3.8
id-19441	9	6	5	4.2
id-19442	4	5	11	3.6
id-19443	3	6	23	3.6
id-19444	8	14	18	3.7
id-19445	5	2	5	4.5
id-19446	5	7	12	4.3
id-19447	10	8	30	4.6
id-19448	4	6	29	3.2
id-19449	2	2	8	4.8
id-19450	10	3	10	4.6
id-19451	1	2	22	4.9
id-19452	4	3	10	4.0
id-19453	8	7	27	4.0
id-19454	7	11	7	3.6
id-19455	1	2	22	5.0
id-19456	9	14	12	4.3
id-19457	9	5	25	3.9
id-19458	1	2	19	4.0
id-19459	3	4	17	3.2
id-19460	3	2	21	4.4
id-19461	10	14	10	3.3
id-19462	6	3	13	3.5
id-19463	1	2	11	4.7
id-19464	3	3	6	3.6
id-19465	7	13	16	3.1
id-19466	1	2	24	4.4
id-19467	4	3	17	4.4
id-19468	8	12	12	3.5
id-19469	6	2	16	3.5
id-19470	6	3	24	4.2
id-19471	3	5	10	4.4
id-19472	6	11	24	3.2
id-19473	10	6	23	5.0
id-19474	1	2	10	4.8
id-19475	10	12	13	4.0
id-19476	4	3	26	5.0
id-19477	4	7	1	4.4
id-19478	5	4	13	3.3
id-19479	4	3	18	3.4
id-19480	4	6	11	3.2
id-19481	10	4	9	3.5
id-19482	10	12	1	4.3
id-19483	9	14	12	4.5
id-19484	6	2	20	3.9
id-19485	1	2	9	3.2
id-19486	9	17	22	3.7
id-19487	6	6	25	3.6
id-19488	10	10	20	3.4
id-19489	10	5	12	3.5
id-19490	5	2	28	4.4
id-19491	3	4	15	3.6
id-19492	6	6	23	4.2
id-19493	9	8	24	3.6
id-19494	6	4	5	4.5
id-19495	9	6	29	4.5
id-19496	9	5	23	4.0
id-19497	3	3	26	4.8
id-19498	4	4	9	4.8
id-19499	1	2	22	4.5
id-19500	1	2	28	4.3
id-19501	4	5	27	3.2
id-19502	3	6	19	4.5
id-19503	2	3	10	3.1
id-19504	1	2	16	4.7
id-19505	1	2	3	4.7
id-19506	3	3	18	4.9
id-19507	3	5	20	3.4
id-19508	10	6	22	3.1
id-19509	7	2	23	3.8
id-19510	10	17	6	4.6
id-19511	4	7	26	4.8
id-19512	3	5	14	4.6
id-19513	6	9	15	4.9
id-19514	3	3	19	4.8
id-19515	2	4	25	3.5
id-19516	7	12	3	4.5
id-19517	3	3	17	4.2
id-19518	8	13	17	4.1
id-19519	3	6	28	4.3
id-19520	1	2	25	4.2
id-19521	3	3	5	5.0
id-19522	10	18	30	3.7
id-19523	3	5	30	3.7
id-19524	3	5	7	4.1
id-19525	6	6	8	3.1
id-19526	7	12	21	4.5
id-19527	7	12	26	3.4
id-19528	1	2	2	4.1
id-19529	9	10	12	5.0
id-19530	8	4	29	4.9
id-19531	5	6	10	3.1
id-19532	1	2	10	3.4
id-19533	8	15	16	4.2
id-19534	4	7	2	3.1
id-19535	7	4	7	3.4
id-19536	7	8	27	3.2
id-19537	5	8	1	4.8
id-19538	7	11	12	4.5
id-19539	5	2	16	3.2
id-19540	7	14	29	4.1
id-19541	8	9	18	4.0
id-19542	3	2	25	4.2
id-19543	10	7	5	4.1
id-19544	1	2	14	4.1
id-19545	6	5	6	3.1
id-19546	1	2	29	4.1
id-19547	6	8	29	4.1
id-19548	10	8	25	4.0
id-19549	5	3	8	3.5
id-19550	7	5	7	3.8
id-19551	10	4	28	3.7
id-19552	7	13	14	4.5
id-19553	7	7	23	4.5
id-19554	10	8	20	4.6
id-19555	1	2	7	4.8
id-19556	2	2	24	3.2
id-19557	2	3	8	3.6
id-19558	7	5	29	3.2
id-19559	3	4	19	4.1
id-19560	6	11	9	3.9
id-19561	10	11	3	4.3
id-19562	10	8	3	3.7
id-19563	4	2	2	3.8
id-19564	2	2	8	4.7
id-19565	6	5	16	3.9
id-19566	2	4	15	4.6
id-19567	9	17	14	4.6
id-19568	1	2	28	4.0
id-19569	7	13	13	4.9
id-19570	6	12	27	4.5
id-19571	3	6	1	4.3
id-19572	2	3	25	3.5
id-19573	7	5	24	4.0
id-19574	3	2	4	3.4
id-19575	4	5	25	4.0
id-19576	6	12	5	3.7
id-19577	10	17	2	3.6
id-19578	2	3	5	3.8
id-19579	10	16	23	3.8
id-19580	8	8	7	4.1
id-19581	3	6	26	3.4
id-19582	7	12	9	4.1
id-19583	8	12	10	4.6
id-19584	4	3	8	4.9
id-19585	5	9	20	3.9
id-19586	7	13	21	4.9
id-19587	9	18	16	4.3
id-19588	9	8	24	4.5
id-19589	9	13	15	3.4
id-19590	1	2	28	4.2
id-19591	7	10	1	3.3
id-19592	3	6	29	3.3
id-19593	5	4	10	4.8
id-19594	1	2	25	4.4
id-19595	3	3	29	4.2
id-19596	10	16	7	4.7
id-19597	3	6	20	4.2
id-19598	6	10	1	3.6
id-19599	8	16	13	4.5
id-19600	3	5	7	4.8
id-19601	8	9	22	3.2
id-19602	4	3	21	4.4
id-19603	3	5	18	4.8
id-19604	8	13	15	4.2
id-19605	1	2	11	3.6
id-19606	2	3	11	4.4
id-19607	6	5	25	4.2
id-19608	9	9	7	5.0
id-19609	10	6	23	4.8
id-19610	1	2	28	4.6
id-19611	10	2	25	3.3
id-19612	7	10	24	3.3
id-19613	5	9	2	4.3
id-19614	3	6	22	3.9
id-19615	9	14	12	3.3
id-19616	6	7	1	3.8
id-19617	1	2	12	3.8
id-19618	3	6	19	3.9
id-19619	1	2	21	4.0
id-19620	8	12	23	3.7
id-19621	2	4	29	4.6
id-19622	1	2	21	4.1
id-19623	8	12	22	4.9
id-19624	4	6	11	3.0
id-19625	4	4	25	4.8
id-19626	3	4	19	3.8
id-19627	3	4	3	3.1
id-19628	3	6	24	3.2
id-19629	7	11	30	4.7
id-19630	7	8	4	4.1
id-19631	8	7	7	4.2
id-19632	8	15	12	4.0
id-19633	2	2	14	4.6
id-19634	8	9	15	3.6
id-19635	7	7	25	3.2
id-19636	1	2	19	3.4
id-19637	10	20	25	3.1
id-19638	9	4	16	3.1
id-19639	7	12	27	4.1
id-19640	9	10	6	3.1
id-19641	3	5	21	4.7
id-19642	2	2	27	4.0
id-19643	6	12	17	3.2
id-19644	5	8	17	3.3
id-19645	10	5	20	3.2
id-19646	5	4	23	4.1
id-19647	4	3	1	3.1
id-19648	2	4	2	5.0
id-19649	4	2	28	4.4
id-19650	8	13	18	3.0
id-19651	2	4	27	4.5
id-19652	8	14	8	3.8
id-19653	2	2	25	4.6
id-19654	7	9	20	4.7
id-19655	10	2	7	3.4
id-19656	6	3	1	4.3
id-19657	3	5	8	4.7
id-19658	5	2	30	4.7
id-19659	2	4	2	4.9
id-19660	5	9	19	4.0
id-19661	8	2	29	4.3
id-19662	8	8	24	4.4
id-19663	4	8	11	3.8
id-19664	2	3	20	3.8
id-19665	9	3	28	4.0
id-19666	3	4	7	4.2
id-19667	8	12	16	3.4
id-19668	5	8	5	4.4
id-19669	7	2	8	4.0
id-19670	7	11	12	4.4
id-19671	1	2	24	4.5
id-19672	2	2	1	4.1
id-19673	9	13	18	3.4
id-19674	4	6	28	4.5
id-19675	1	2	5	3.9
id-19676	3	6	3	4.7
id-19677	10	19	25	3.4
id-19678	2	3	5	4.3
id-19679	2	2	30	3.8
id-19680	4	4	6	3.2
id-19681	4	3	27	4.7
id-19682	4	6	22	4.2
id-19683	7	14	24	4.2
id-19684	7	4	2	4.1
id-19685	2	2	15	3.2
id-19686	10	8	13	4.3
id-19687	10	14	5	3.4
id-19688	6	9	19	4.3
id-19689	4	4	20	4.6
id-19690	10	17	16	3.9
id-19691	10	4	1	3.2
id-19692	8	3	16	3.3
id-19693	6	12	26	3.5
id-19694	7	12	14	3.8
id-19695	5	9	22	3.3
id-19696	2	3	17	4.7
id-19697	9	11	18	3.7
id-19698	7	5	5	4.6
id-19699	1	2	5	3.2
id-19700	8	13	20	3.9
id-19701	9	13	15	3.6
id-19702	2	4	8	3.3
id-19703	4	6	20	3.5
id-19704	1	2	29	3.9
id-19705	10	3	3	4.8
id-19706	3	2	2	4.7
id-19707	6	6	5	3.7
id-19708	10	7	23	4.8
id-19709	5	5	5	3.9
id-19710	2	3	3	4.6
id-19711	7	11	1	3.0
id-19712	2	2	2	4.2
id-19713	7	3	20	3.1
id-19714	9	11	19	3.5
id-19715	6	10	30	3.6
id-19716	9	3	20	4.2
id-19717	7	5	5	4.4
id-19718	10	5	28	4.3
id-19719	2	4	16	4.1
id-19720	10	20	17	3.1
id-19721	6	11	23	3.7
id-19722	6	12	25	4.0
id-19723	6	10	17	3.5
id-19724	1	2	25	3.0
id-19725	8	12	21	3.7
id-19726	9	9	9	4.1
id-19727	9	7	26	3.4
id-19728	7	7	6	4.9
id-19729	1	2	27	4.9
id-19730	6	7	24	4.4
id-19731	7	5	28	3.3
id-19732	10	20	28	3.6
id-19733	9	14	12	3.6
id-19734	8	9	24	3.1
id-19735	2	4	30	3.5
id-19736	2	4	23	3.5
id-19737	3	5	23	4.3
id-19738	9	12	14	3.8
id-19739	6	7	17	4.2
id-19740	10	4	28	3.7
id-19741	6	5	19	4.1
id-19742	5	8	22	4.5
id-19743	10	2	18	3.2
id-19744	6	11	26	3.6
id-19745	3	4	18	3.8
id-19746	7	5	29	4.2
id-19747	8	12	27	3.6
id-19748	7	7	28	4.9
id-19749	4	7	9	4.2
id-19750	10	12	26	4.4
id-19751	6	7	10	3.4
id-19752	10	5	30	4.0
id-19753	7	4	20	3.6
id-19754	7	6	2	4.6
id-19755	5	3	15	4.0
id-19756	7	3	30	3.6
id-19757	4	5	17	3.5
id-19758	10	16	6	4.5
id-19759	2	4	3	3.6
id-19760	8	5	26	3.2
id-19761	4	3	18	3.7
id-19762	4	3	6	4.0
id-19763	2	3	3	4.6
id-19764	8	15	29	4.9
id-19765	4	8	13	3.5
id-19766	5	9	29	3.9
id-19767	2	3	3	4.9
id-19768	9	10	1	3.7
id-19769	4	6	26	3.2
id-19770	9	18	5	4.6
id-19771	10	6	25	4.9
id-19772	3	5	17	4.4
id-19773	5	9	16	4.7
id-19774	7	6	25	3.0
id-19775	3	6	1	4.0
id-19776	4	7	8	4.0
id-19777	10	14	5	5.0
id-19778	9	14	25	4.9
id-19779	4	2	2	4.5
id-19780	4	4	19	4.6
id-19781	4	8	14	3.0
id-19782	9	7	21	4.3
id-19783	7	6	15	3.9
id-19784	3	2	20	3.8
id-19785	5	9	21	3.0
id-19786	6	2	16	5.0
id-19787	6	10	14	4.5
id-19788	2	3	9	3.4
id-19789	4	4	8	4.0
id-19790	6	2	7	4.1
id-19791	3	6	25	3.0
id-19792	2	4	28	4.6
id-19793	3	6	10	3.5
id-19794	10	20	27	3.5
id-19795	6	10	21	3.3
id-19796	9	18	23	4.5
id-19797	9	14	20	3.2
id-19798	1	2	10	4.2
id-19799	4	3	27	4.3
id-19800	5	6	10	4.9
id-19801	5	6	8	3.8
id-19802	4	7	16	4.8
id-19803	7	6	7	3.7
id-19804	10	10	3	4.7
id-19805	7	10	9	4.2
id-19806	3	4	3	4.4
id-19807	3	3	6	4.8
id-19808	8	3	16	4.3
id-19809	5	7	26	4.8
id-19810	2	2	27	3.6
id-19811	5	8	16	4.7
id-19812	4	5	12	4.1
id-19813	1	2	8	4.7
id-19814	10	10	1	3.1
id-19815	6	3	25	3.9
id-19816	8	4	20	3.6
id-19817	10	5	25	4.0
id-19818	2	4	4	3.1
id-19819	1	2	5	3.2
id-19820	10	14	17	4.0
id-19821	9	5	2	3.2
id-19822	5	2	25	4.2
id-19823	4	3	29	3.3
id-19824	10	4	5	4.4
id-19825	7	14	22	4.2
id-19826	4	4	10	4.0
id-19827	4	6	2	4.8
id-19828	10	13	22	4.0
id-19829	8	10	16	3.8
id-19830	7	13	28	3.0
id-19831	7	12	7	4.0
id-19832	3	6	1	3.9
id-19833	2	2	24	4.4
id-19834	4	2	11	3.3
id-19835	4	8	4	4.3
id-19836	3	3	2	3.8
id-19837	2	3	29	4.8
id-19838	2	3	11	4.1
id-19839	1	2	27	3.8
id-19840	8	13	13	3.3
id-19841	7	10	30	4.5
id-19842	3	2	17	4.6
id-19843	4	7	5	4.5
id-19844	7	9	4	4.6
id-19845	9	18	11	4.0
id-19846	3	2	17	4.1
id-19847	6	5	10	3.6
id-19848	9	4	22	4.7
id-19849	6	8	29	3.6
id-19850	5	10	17	4.4
id-19851	3	6	23	3.3
id-19852	8	3	29	3.2
id-19853	1	2	1	4.2
id-19854	5	8	20	4.6
id-19855	9	8	29	3.4
id-19856	6	7	13	4.5
id-19857	4	2	30	3.1
id-19858	10	16	30	3.4
id-19859	8	11	17	4.0
id-19860	9	14	3	3.8
id-19861	6	6	16	4.3
id-19862	9	9	30	4.6
id-19863	1	2	13	3.5
id-19864	6	10	24	4.1
id-19865	9	16	20	4.2
id-19866	3	4	4	4.7
id-19867	6	10	9	4.2
id-19868	8	9	6	3.7
id-19869	4	6	13	4.9
id-19870	6	3	17	3.3
id-19871	1	2	4	3.0
id-19872	9	13	4	3.5
id-19873	9	11	29	4.9
id-19874	6	5	30	4.8
id-19875	4	6	7	4.6
id-19876	8	16	1	4.9
id-19877	1	2	20	4.4
id-19878	2	3	20	4.0
id-19879	8	13	21	3.7
id-19880	5	5	7	4.8
id-19881	10	18	30	3.8
id-19882	1	2	19	3.1
id-19883	7	9	28	3.6
id-19884	8	2	5	3.2
id-19885	10	8	12	4.8
id-19886	6	4	4	4.6
id-19887	7	7	25	3.4
id-19888	10	9	25	4.8
id-19889	6	3	28	4.6
id-19890	4	2	1	3.6
id-19891	2	4	3	5.0
id-19892	8	16	13	3.5
id-19893	3	3	19	4.2
id-19894	7	8	20	4.7
id-19895	2	4	29	4.6
id-19896	8	14	20	4.3
id-19897	7	11	25	3.7
id-19898	9	11	15	4.8
id-19899	8	12	21	3.2
id-19900	7	14	2	4.5
id-19901	10	2	13	3.5
id-19902	5	4	4	3.2
id-19903	2	2	16	4.5
id-19904	2	2	20	4.5
id-19905	8	4	5	4.5
id-19906	7	9	26	3.5
id-19907	2	2	21	3.7
id-19908	3	2	4	3.7
id-19909	10	16	19	3.9
id-19910	1	2	5	4.9
id-19911	6	9	26	3.1
id-19912	6	8	19	3.6
id-19913	2	3	16	3.2
id-19914	7	2	26	4.7
id-19915	6	4	7	4.1
id-19916	6	12	12	3.8
id-19917	1	2	14	3.1
id-19918	6	11	15	3.2
id-19919	9	13	5	3.5
id-19920	3	5	7	4.0
id-19921	10	9	16	3.9
id-19922	9	8	28	3.9
id-19923	9	6	25	4.6
id-19924	10	3	23	3.3
id-19925	3	2	1	4.5
id-19926	2	3	6	3.2
id-19927	9	15	24	5.0
id-19928	10	15	20	3.7
id-19929	10	8	20	3.9
id-19930	6	12	15	3.3
id-19931	5	5	22	3.6
id-19932	5	7	2	3.8
id-19933	8	9	25	4.7
id-19934	1	2	8	3.2
id-19935	9	15	5	3.0
id-19936	9	17	18	3.4
id-19937	4	6	9	4.0
id-19938	2	3	15	4.4
id-19939	10	12	8	3.5
id-19940	9	16	16	4.9
id-19941	4	4	23	3.1
id-19942	8	11	15	4.0
id-19943	6	12	27	4.6
id-19944	5	4	1	3.1
id-19945	5	4	5	3.7
id-19946	2	2	8	4.4
id-19947	5	10	24	3.8
id-19948	4	5	12	4.7
id-19949	2	2	16	3.2
id-19950	2	4	7	3.3
id-19951	4	8	4	4.6
id-19952	1	2	9	3.9
id-19953	10	2	23	3.8
id-19954	4	8	22	4.1
id-19955	8	4	4	3.5
id-19956	9	10	30	3.5
id-19957	7	13	18	4.9
id-19958	10	12	2	3.3
id-19959	10	11	8	5.0
id-19960	1	2	6	3.3
id-19961	7	3	17	3.0
id-19962	3	4	17	3.2
id-19963	6	11	19	4.4
id-19964	10	8	10	3.4
id-19965	9	13	21	3.3
id-19966	9	6	13	3.5
id-19967	4	8	27	3.1
id-19968	4	4	25	3.8
id-19969	9	16	14	3.4
id-19970	9	14	14	4.3
id-19971	7	9	8	4.5
id-19972	6	3	3	3.3
id-19973	8	7	20	3.2
id-19974	9	14	2	4.5
id-19975	4	8	25	3.2
id-19976	4	6	13	4.8
id-19977	6	2	26	3.3
id-19978	5	9	2	3.7
id-19979	1	2	20	3.8
id-19980	2	3	6	3.4
id-19981	4	5	8	3.8
id-19982	9	7	25	4.0
id-19983	8	10	1	4.5
id-19984	3	2	1	3.7
id-19985	6	2	17	4.0
id-19986	2	2	22	4.0
id-19987	10	4	19	4.8
id-19988	7	11	14	4.4
id-19989	10	9	6	3.2
id-19990	3	6	28	3.0
id-19991	10	6	27	3.5
id-19992	2	3	24	3.1
id-19993	4	5	18	4.0
id-19994	3	2	22	4.4
id-19995	6	6	24	4.3
id-19996	1	2	16	4.2
id-19997	10	12	17	4.6
id-19998	5	7	24	3.3
id-19999	5	2	6	4.1
