id-00000	10	7	28	0.2
id-00001	5	5	25	0.5
id-00002	4	2	30	0.4
id-00003	3	4	18	0.2
id-00004	8	16	21	0.3
id-00005	6	8	3	0.5
id-00006	10	17	23	0.4
id-00007	3	3	30	0.3
id-00008	4	4	24	0.3
id-00009	4	8	1	0.2
id-00010	4	7	17	0.5
id-00011	5	5	18	0.2
id-00012	5	3	5	0.2
id-00013	1	2	23	0.2
id-00014	4	8	21	0.2
id-00015	8	6	17	0.4
id-00016	3	2	1	0.3
id-00017	8	10	18	0.4
id-00018	10	11	19	0.4
id-00019	3	2	5	0.2
id-00020	2	4	17	0.4
id-00021	2	3	25	0.5
id-00022	1	2	6	0.4
id-00023	6	6	6	0.3
id-00024	9	16	25	0.3
id-00025	7	9	8	0.5
id-00026	7	9	5	0.2
id-00027	5	3	11	0.3
id-00028	5	9	1	0.5
id-00029	1	2	21	0.4
id-00030	10	4	10	0.5
id-00031	10	20	27	0.4
id-00032	5	2	20	0.2
id-00033	10	16	23	0.5
id-00034	5	7	23	0.3
id-00035	2	4	18	0.5
id-00036	3	3	24	0.5
id-00037	10	20	18	0.4
id-00038	6	11	7	0.3
id-00039	7	12	28	0.2
id-00040	3	4	20	0.4
id-00041	9	16	7	0.3
id-00042	9	8	18	0.2
id-00043	10	15	23	0.2
id-00044	4	3	1	0.2
id-00045	7	10	23	0.2
id-00046	10	18	6	0.5
id-00047	5	4	21	0.3
id-00048	6	7	15	0.3
id-00049	3	3	24	0.4
id-00050	7	6	23	0.2
id-00051	4	7	20	0.5
id-00052	7	6	5	0.3
id-00053	10	9	15	0.5
id-00054	2	2	23	0.4
id-00055	9	17	5	0.2
id-00056	7	14	17	0.3
id-00057	8	12	6	0.4
id-00058	8	13	4	0.4
id-00059	1	2	24	0.4
id-00060	9	15	13	0.4
id-00061	3	3	22	0.3
id-00062	1	2	16	0.5
id-00063	9	18	5	0.2
id-00064	7	13	23	0.4
id-00065	5	8	15	0.5
id-00066	4	7	24	0.3
id-00067	1	2	26	0.4
id-00068	5	9	27	0.2
id-00069	3	3	17	0.4
id-00070	4	5	15	0.4
id-00071	1	2	25	0.2
id-00072	4	4	7	0.2
id-00073	1	2	16	0.5
id-00074	8	15	27	0.3
id-00075	7	8	18	0.4
id-00076	4	2	23	0.3
id-00077	8	14	22	0.5
id-00078	6	12	29	0.2
id-00079	4	6	1	0.4
id-00080	9	7	22	0.5
id-00081	8	10	24	0.5
id-00082	9	18	25	0.5
id-00083	3	6	10	0.4
id-00084	8	3	17	0.5
id-00085	9	4	30	0.4
id-00086	6	10	21	0.4
id-00087	9	15	20	0.4
id-00088	8	2	8	0.3
id-00089	6	8	23	0.2
id-00090	9	12	14	0.5
id-00091	3	6	6	0.2
id-00092	8	11	16	0.3
id-00093	10	4	2	0.2
id-00094	10	14	5	0.3
id-00095	8	10	16	0.5
id-00096	7	5	3	0.3
id-00097	2	3	4	0.4
id-00098	6	9	21	0.5
id-00099	10	14	16	0.3
id-00100	9	12	1	0.2
id-00101	9	9	23	0.4
id-00102	5	5	13	0.4
id-00103	7	13	19	0.5
id-00104	5	7	15	0.2
id-00105	4	2	4	0.4
id-00106	7	13	15	0.4
id-00107	8	4	6	0.3
id-00108	7	6	25	0.2
id-00109	4	3	8	0.4
id-00110	8	16	16	0.4
id-00111	1	2	8	0.5
id-00112	1	2	17	0.3
id-00113	1	2	27	0.3
id-00114	5	10	25	0.2
id-00115	8	13	30	0.5
id-00116	8	13	8	0.2
id-00117	7	13	30	0.4
id-00118	2	3	1	0.3
id-00119	5	4	15	0.2
id-00120	7	2	28	0.3
id-00121	9	17	15	0.3
id-00122	5	7	5	0.3
id-00123	3	2	16	0.2
id-00124	10	8	8	0.3
id-00125	4	3	23	0.4
id-00126	10	10	30	0.5
id-00127	5	9	9	0.4
id-00128	6	10	23	0.5
id-00129	2	3	16	0.4
id-00130	7	14	3	0.5
id-00131	6	3	8	0.2
id-00132	6	12	9	0.3
id-00133	4	7	21	0.3
id-00134	4	4	21	0.5
id-00135	3	3	1	0.3
id-00136	3	4	30	0.5
id-00137	3	5	1	0.2
id-00138	7	7	19	0.4
id-00139	4	6	19	0.2
id-00140	4	4	11	0.3
id-00141	5	8	12	0.4
id-00142	7	13	23	0.4
id-00143	7	6	21	0.4
id-00144	4	7	12	0.3
id-00145	7	3	4	0.4
id-00146	5	4	12	0.2
id-00147	10	17	24	0.4
id-00148	7	2	8	0.3
id-00149	3	3	12	0.5
id-00150	7	3	16	0.3
id-00151	5	5	22	0.2
id-00152	1	2	28	0.5
id-00153	5	2	30	0.3
id-00154	7	13	17	0.5
id-00155	8	14	24	0.4
id-00156	5	7	5	0.4
id-00157	5	5	7	0.3
id-00158	5	10	30	0.4
id-00159	7	5	7	0.3
id-00160	9	12	1	0.4
id-00161	10	14	19	0.2
id-00162	1	2	6	0.3
id-00163	5	7	16	0.3
id-00164	7	2	26	0.5
id-00165	2	4	1	0.3
id-00166	5	7	23	0.4
id-00167	5	5	26	0.5
id-00168	5	5	28	0.4
id-00169	6	12	21	0.5
id-00170	7	14	26	0.2
id-00171	9	2	25	0.3
id-00172	2	2	17	0.2
id-00173	8	4	20	0.4
id-00174	4	7	12	0.3
id-00175	7	6	21	0.2
id-00176	2	3	27	0.5
id-00177	6	4	28	0.4
id-00178	10	17	17	0.4
id-00179	4	7	11	0.4
id-00180	7	11	23	0.4
id-00181	1	2	8	0.5
id-00182	6	6	16	0.3
id-00183	9	10	4	0.4
id-00184	2	3	10	0.3
id-00185	8	10	27	0.5
id-00186	7	11	13	0.3
id-00187	1	2	7	0.2
id-00188	5	9	30	0.4
id-00189	8	16	20	0.3
id-00190	10	6	18	0.3
id-00191	9	9	9	0.3
id-00192	1	2	4	0.2
id-00193	7	11	5	0.3
id-00194	4	6	5	0.3
id-00195	5	7	25	0.2
id-00196	3	4	26	0.4
id-00197	8	10	29	0.4
id-00198	4	6	1	0.4
id-00199	8	4	20	0.4
id-00200	10	11	14	0.3
id-00201	1	2	28	0.2
id-00202	7	4	3	0.3
id-00203	4	6	27	0.3
id-00204	9	13	12	0.4
id-00205	4	2	27	0.3
id-00206	7	3	18	0.3
id-00207	8	6	21	0.3
id-00208	6	8	7	0.4
id-00209	10	4	30	0.5
id-00210	10	9	9	0.4
id-00211	2	3	21	0.5
id-00212	1	2	10	0.3
id-00213	1	2	16	0.4
id-00214	2	3	22	0.3
id-00215	10	8	18	0.3
id-00216	4	5	11	0.5
id-00217	9	7	7	0.3
id-00218	5	2	25	0.2
id-00219	5	6	15	0.4
id-00220	1	2	20	0.2
id-00221	5	2	25	0.3
id-00222	4	3	27	0.3
id-00223	7	9	8	0.3
id-00224	5	3	12	0.4
id-00225	3	2	5	0.3
id-00226	3	6	30	0.4
id-00227	10	5	14	0.3
id-00228	9	8	14	0.4
id-00229	8	8	5	0.4
id-00230	4	2	26	0.5
id-00231	4	3	19	0.3
id-00232	3	5	6	0.5
id-00233	10	18	9	0.2
id-00234	3	4	29	0.4
id-00235	5	10	9	0.3
id-00236	3	5	20	0.3
id-00237	8	15	25	0.2
id-00238	5	7	11	0.2
id-00239	6	9	29	0.4
id-00240	7	9	28	0.5
id-00241	8	3	30	0.3
id-00242	7	3	17	0.3
id-00243	4	6	29	0.3
id-00244	9	14	28	0.4
id-00245	8	11	26	0.5
id-00246	2	3	20	0.3
id-00247	6	3	26	0.3
id-00248	3	6	30	0.4
id-00249	10	5	20	0.5
id-00250	8	4	24	0.3
id-00251	3	2	14	0.3
id-00252	1	2	15	0.4
id-00253	2	3	13	0.2
id-00254	2	4	24	0.3
id-00255	3	5	28	0.5
id-00256	6	6	7	0.5
id-00257	2	4	30	0.3
id-00258	6	12	12	0.3
id-00259	6	9	30	0.4
id-00260	6	8	21	0.5
id-00261	7	11	26	0.3
id-00262	2	3	4	0.2
id-00263	3	3	1	0.3
id-00264	2	2	19	0.4
id-00265	6	8	27	0.2
id-00266	7	3	12	0.4
id-00267	3	6	13	0.3
id-00268	5	3	1	0.4
id-00269	2	3	10	0.2
id-00270	8	10	10	0.3
id-00271	4	3	3	0.4
id-00272	3	2	3	0.2
id-00273	10	3	14	0.3
id-00274	7	7	9	0.4
id-00275	4	5	22	0.4
id-00276	10	10	15	0.4
id-00277	3	6	11	0.4
id-00278	4	4	3	0.3
id-00279	7	4	15	0.2
id-00280	5	6	28	0.4
id-00281	1	2	28	0.3
id-00282	6	8	3	0.4
id-00283	7	12	20	0.5
id-00284	8	16	29	0.4
id-00285	4	2	5	0.4
id-00286	10	16	19	0.3
id-00287	6	12	29	0.2
id-00288	9	6	20	0.2
id-00289	3	4	12	0.5
id-00290	4	3	13	0.4
id-00291	10	4	30	0.4
id-00292	7	3	11	0.4
id-00293	10	11	4	0.4
id-00294	9	13	9	0.3
id-00295	9	12	8	0.4
id-00296	1	2	2	0.3
id-00297	2	2	9	0.4
id-00298	4	4	22	0.3
id-00299	5	2	4	0.4
id-00300	9	7	12	0.4
id-00301	5	9	1	0.4
id-00302	7	12	23	0.3
id-00303	3	2	24	0.4
id-00304	10	19	8	0.3
id-00305	6	3	12	0.2
id-00306	9	6	2	0.5
id-00307	4	8	23	0.3
id-00308	2	3	12	0.4
id-00309	8	14	18	0.3
id-00310	7	4	27	0.2
id-00311	4	6	4	0.5
id-00312	1	2	9	0.3
id-00313	6	2	14	0.2
id-00314	3	6	14	0.5
id-00315	10	15	9	0.5
id-00316	8	9	27	0.3
id-00317	1	2	16	0.2
id-00318	7	5	4	0.2
id-00319	5	9	17	0.3
id-00320	6	9	18	0.3
id-00321	4	8	10	0.4
id-00322	7	2	2	0.3
id-00323	10	16	9	0.4
id-00324	6	11	10	0.3
id-00325	9	6	16	0.4
id-00326	3	3	7	0.3
id-00327	10	16	23	0.5
id-00328	2	2	26	0.3
id-00329	10	12	30	0.3
id-00330	4	2	30	0.4
id-00331	4	6	24	0.3
id-00332	10	4	9	0.4
id-00333	5	7	27	0.5
id-00334	3	5	20	0.3
id-00335	4	5	21	0.3
id-00336	10	16	25	0.4
id-00337	1	2	5	0.4
id-00338	6	5	10	0.4
id-00339	1	2	4	0.2
id-00340	10	4	16	0.4
id-00341	4	8	26	0.5
id-00342	2	4	30	0.5
id-00343	2	3	28	0.4
id-00344	2	3	4	0.2
id-00345	8	5	26	0.3
id-00346	3	3	30	0.2
id-00347	8	15	14	0.2
id-00348	10	9	14	0.5
id-00349	8	6	16	0.5
id-00350	8	12	30	0.2
id-00351	9	6	29	0.2
id-00352	5	6	11	0.3
id-00353	4	4	19	0.4
id-00354	3	5	29	0.4
id-00355	1	2	22	0.3
id-00356	7	8	3	0.4
id-00357	9	7	4	0.4
id-00358	4	7	5	0.3
id-00359	1	2	19	0.3
id-00360	4	2	20	0.3
id-00361	10	20	22	0.5
id-00362	4	6	15	0.3
id-00363	3	4	20	0.5
id-00364	1	2	25	0.2
id-00365	10	19	21	0.4
id-00366	7	8	30	0.4
id-00367	5	3	27	0.3
id-00368	6	11	8	0.5
id-00369	7	5	28	0.3
id-00370	4	3	6	0.5
id-00371	8	3	22	0.4
id-00372	2	3	20	0.3
id-00373	3	5	4	0.4
id-00374	5	9	26	0.4
id-00375	8	12	10	0.4
id-00376	4	3	10	0.2
id-00377	7	7	20	0.5
id-00378	4	6	11	0.3
id-00379	1	2	28	0.4
id-00380	3	5	30	0.4
id-00381	9	5	25	0.4
id-00382	10	17	14	0.3
id-00383	5	2	12	0.4
id-00384	9	2	30	0.5
id-00385	8	13	15	0.2
id-00386	2	2	18	0.5
id-00387	5	6	18	0.4
id-00388	8	12	25	0.3
id-00389	10	11	5	0.5
id-00390	2	2	10	0.2
id-00391	8	10	4	0.3
id-00392	1	2	24	0.2
id-00393	2	3	19	0.4
id-00394	3	2	25	0.3
id-00395	1	2	8	0.4
id-00396	6	10	3	0.2
id-00397	7	12	25	0.3
id-00398	8	13	19	0.4
id-00399	6	4	11	0.3
id-00400	5	2	9	0.3
id-00401	8	6	29	0.3
id-00402	10	18	11	0.4
id-00403	7	10	19	0.4
id-00404	6	9	22	0.4
id-00405	10	9	4	0.5
id-00406	9	5	11	0.4
id-00407	7	6	8	0.2
id-00408	8	13	6	0.3
id-00409	4	8	30	0.4
id-00410	10	2	13	0.3
id-00411	10	2	1	0.3
id-00412	4	6	21	0.5
id-00413	8	2	21	0.3
id-00414	1	2	9	0.3
id-00415	10	19	10	0.4
id-00416	3	2	11	0.4
id-00417	7	8	5	0.3
id-00418	5	3	21	0.3
id-00419	2	2	3	0.3
id-00420	9	2	4	0.4
id-00421	8	14	22	0.3
id-00422	6	8	21	0.2
id-00423	1	2	20	0.3
id-00424	9	3	23	0.5
id-00425	1	2	13	0.3
id-00426	5	8	18	0.3
id-00427	2	2	13	0.3
id-00428	2	3	8	0.5
id-00429	6	5	23	0.3
id-00430	1	2	8	0.5
id-00431	5	2	21	0.2
id-00432	4	7	18	0.3
id-00433	2	2	24	0.4
id-00434	3	3	4	0.3
id-00435	5	9	25	0.3
id-00436	5	6	3	0.4
id-00437	3	3	8	0.2
id-00438	4	3	27	0.3
id-00439	4	7	26	0.5
id-00440	10	9	2	0.5
id-00441	3	6	1	0.4
id-00442	6	6	17	0.3
id-00443	5	8	15	0.4
id-00444	3	6	20	0.3
id-00445	6	7	27	0.2
id-00446	4	4	19	0.3
id-00447	10	19	19	0.5
id-00448	1	2	25	0.4
id-00449	6	3	4	0.4
id-00450	4	7	27	0.3
id-00451	4	8	25	0.4
id-00452	5	10	29	0.4
id-00453	7	6	16	0.3
id-00454	2	4	13	0.3
id-00455	10	9	27	0.3
id-00456	4	7	20	0.4
id-00457	2	3	30	0.2
id-00458	5	5	23	0.5
id-00459	2	3	1	0.3
id-00460	6	3	21	0.3
id-00461	8	13	25	0.4
id-00462	7	9	23	0.3
id-00463	9	16	29	0.2
id-00464	5	4	27	0.4
id-00465	4	3	3	0.2
id-00466	10	12	28	0.3
id-00467	9	17	10	0.3
id-00468	8	2	2	0.4
id-00469	9	17	10	0.4
id-00470	10	12	13	0.3
id-00471	3	2	24	0.4
id-00472	8	8	23	0.2
id-00473	2	4	9	0.4
id-00474	1	2	30	0.5
id-00475	1	2	7	0.2
id-00476	7	10	16	0.4
id-00477	5	9	20	0.3
id-00478	10	6	16	0.4
id-00479	3	5	27	0.2
id-00480	5	9	30	0.2
id-00481	7	2	4	0.4
id-00482	5	3	15	0.3
id-00483	10	6	23	0.5
id-00484	7	12	22	0.4
id-00485	1	2	30	0.4
id-00486	3	4	17	0.2
id-00487	1	2	7	0.2
id-00488	7	5	23	0.4
id-00489	1	2	22	0.3
id-00490	9	4	27	0.2
id-00491	4	7	20	0.3
id-00492	10	13	2	0.4
id-00493	5	7	10	0.3
id-00494	3	2	30	0.3
id-00495	1	2	28	0.5
id-00496	7	7	25	0.4
id-00497	2	3	27	0.4
id-00498	4	2	23	0.3
id-00499	1	2	24	0.4
id-00500	4	8	8	0.3
id-00501	10	16	18	0.5
id-00502	5	8	25	0.3
id-00503	5	6	19	0.3
id-00504	2	2	8	0.2
id-00505	5	3	15	0.3
id-00506	4	5	28	0.2
id-00507	7	7	2	0.5
id-00508	7	9	9	0.3
id-00509	10	17	26	0.2
id-00510	3	4	13	0.5
id-00511	3	4	23	0.3
id-00512	7	3	12	0.5
id-00513	7	7	9	0.3
id-00514	5	5	4	0.3
id-00515	10	4	24	0.2
id-00516	6	10	16	0.3
id-00517	3	5	1	0.3
id-00518	2	2	21	0.2
id-00519	8	8	21	0.3
id-00520	10	19	28	0.4
id-00521	9	3	13	0.5
id-00522	5	3	16	0.5
id-00523	4	2	7	0.2
id-00524	7	3	4	0.3
id-00525	3	6	7	0.4
id-00526	3	3	19	0.2
id-00527	2	2	27	0.4
id-00528	10	12	4	0.3
id-00529	9	10	2	0.3
id-00530	2	4	5	0.3
id-00531	6	6	27	0.4
id-00532	5	6	22	0.4
id-00533	3	3	16	0.5
id-00534	10	17	21	0.3
id-00535	6	4	26	0.4
id-00536	1	2	11	0.5
id-00537	2	3	29	0.2
id-00538	2	4	24	0.2
id-00539	9	9	29	0.4
id-00540	4	6	8	0.5
id-00541	4	7	5	0.2
id-00542	4	4	17	0.3
id-00543	1	2	16	0.3
id-00544	1	2	19	0.4
id-00545	3	2	13	0.3
id-00546	6	8	24	0.5
id-00547	4	3	20	0.3
id-00548	8	5	15	0.3
id-00549	7	13	23	0.4
id-00550	8	10	16	0.4
id-00551	8	9	28	0.2
id-00552	9	4	13	0.3
id-00553	6	12	18	0.2
id-00554	6	4	23	0.2
id-00555	10	4	25	0.5
id-00556	4	4	15	0.4
id-00557	5	4	22	0.4
id-00558	2	3	21	0.4
id-00559	6	6	29	0.5
id-00560	6	8	27	0.3
id-00561	1	2	1	0.2
id-00562	9	6	28	0.4
id-00563	2	4	5	0.4
id-00564	5	7	28	0.4
id-00565	8	2	26	0.4
id-00566	5	10	12	0.3
id-00567	2	3	18	0.3
id-00568	10	18	3	0.5
id-00569	3	2	14	0.5
id-00570	5	9	14	0.4
id-00571	7	12	12	0.2
id-00572	7	12	26	0.4
id-00573	1	2	4	0.2
id-00574	8	15	8	0.4
id-00575	9	14	18	0.3
id-00576	5	3	18	0.3
id-00577	4	5	7	0.5
id-00578	7	5	15	0.4
id-00579	10	7	29	0.5
id-00580	6	7	14	0.4
id-00581	7	10	17	0.5
id-00582	10	14	14	0.4
id-00583	5	10	14	0.2
id-00584	8	8	9	0.2
id-00585	1	2	6	0.3
id-00586	2	3	12	0.4
id-00587	7	6	13	0.3
id-00588	9	6	7	0.5
id-00589	6	2	2	0.3
id-00590	9	8	27	0.4
id-00591	9	4	12	0.5
id-00592	10	9	14	0.4
id-00593	4	2	20	0.4
id-00594	7	3	15	0.3
id-00595	4	6	21	0.5
id-00596	9	4	17	0.2
id-00597	10	8	24	0.5
id-00598	8	11	8	0.2
id-00599	2	4	16	0.5
id-00600	7	8	25	0.4
id-00601	3	5	18	0.3
id-00602	1	2	6	0.2
id-00603	3	4	14	0.4
id-00604	2	4	12	0.3
id-00605	7	12	30	0.4
id-00606	3	5	23	0.5
id-00607	7	3	9	0.5
id-00608	3	5	9	0.2
id-00609	9	6	17	0.4
id-00610	7	10	2	0.4
id-00611	8	6	2	0.5
id-00612	7	2	21	0.3
id-00613	7	14	3	0.3
id-00614	6	7	8	0.2
id-00615	7	12	9	0.2
id-00616	3	6	27	0.3
id-00617	3	2	15	0.4
id-00618	2	2	17	0.3
id-00619	5	7	29	0.3
id-00620	8	8	30	0.2
id-00621	5	6	23	0.3
id-00622	1	2	26	0.3
id-00623	5	3	30	0.4
id-00624	10	17	26	0.5
id-00625	3	5	5	0.4
id-00626	9	3	13	0.4
id-00627	1	2	12	0.4
id-00628	6	10	3	0.4
id-00629	2	4	13	0.3
id-00630	6	10	6	0.2
id-00631	5	8	21	0.2
id-00632	7	4	25	0.5
id-00633	8	2	3	0.2
id-00634	1	2	16	0.4
id-00635	5	6	29	0.4
id-00636	3	4	10	0.4
id-00637	2	2	24	0.3
id-00638	4	5	27	0.4
id-00639	10	11	1	0.5
id-00640	2	2	5	0.5
id-00641	2	2	5	0.3
id-00642	4	4	8	0.3
id-00643	7	3	28	0.3
id-00644	8	16	9	0.2
id-00645	7	13	6	0.3
id-00646	9	16	30	0.3
id-00647	1	2	27	0.2
id-00648	5	7	12	0.5
id-00649	2	3	15	0.3
id-00650	9	2	15	0.2
id-00651	10	5	30	0.5
id-00652	7	11	27	0.5
id-00653	3	6	2	0.4
id-00654	2	4	28	0.3
id-00655	9	17	1	0.3
id-00656	9	4	26	0.2
id-00657	4	8	25	0.5
id-00658	10	15	5	0.2
id-00659	10	9	12	0.3
id-00660	1	2	23	0.3
id-00661	3	6	16	0.4
id-00662	8	2	18	0.2
id-00663	9	10	15	0.5
id-00664	10	5	15	0.2
id-00665	9	11	24	0.2
id-00666	4	5	28	0.2
id-00667	10	7	7	0.4
id-00668	5	3	18	0.3
id-00669	9	17	26	0.4
id-00670	9	7	13	0.4
id-00671	4	5	17	0.4
id-00672	1	2	2	0.3
id-00673	1	2	6	0.3
id-00674	5	8	26	0.4
id-00675	9	17	7	0.3
id-00676	6	2	13	0.3
id-00677	7	7	29	0.4
id-00678	10	10	23	0.2
id-00679	2	2	30	0.4
id-00680	3	4	27	0.3
id-00681	6	3	23	0.5
id-00682	1	2	24	0.3
id-00683	2	3	15	0.2
id-00684	2	4	26	0.3
id-00685	6	12	10	0.5
id-00686	8	9	12	0.2
id-00687	2	4	9	0.5
id-00688	3	5	11	0.4
id-00689	2	4	17	0.5
id-00690	7	3	15	0.4
id-00691	10	13	17	0.4
id-00692	6	9	6	0.2
id-00693	7	11	6	0.3
id-00694	3	5	26	0.2
id-00695	7	14	7	0.3
id-00696	10	15	16	0.3
id-00697	3	3	29	0.3
id-00698	7	14	6	0.3
id-00699	4	4	11	0.2
id-00700	2	3	6	0.3
id-00701	4	8	7	0.4
id-00702	8	12	3	0.3
id-00703	3	5	27	0.3
id-00704	6	4	12	0.5
id-00705	8	4	5	0.4
id-00706	9	16	10	0.2
id-00707	4	4	2	0.3
id-00708	1	2	4	0.4
id-00709	5	10	29	0.3
id-00710	1	2	6	0.3
id-00711	9	3	8	0.4
id-00712	7	14	18	0.2
id-00713	10	10	17	0.2
id-00714	7	3	5	0.2
id-00715	7	12	22	0.3
id-00716	6	11	11	0.4
id-00717	1	2	11	0.3
id-00718	2	3	17	0.4
id-00719	2	2	6	0.4
id-00720	1	2	17	0.3
id-00721	5	6	29	0.3
id-00722	9	2	16	0.3
id-00723	8	6	29	0.3
id-00724	4	8	9	0.4
id-00725	6	6	30	0.2
id-00726	8	7	3	0.2
id-00727	2	3	27	0.4
id-00728	9	3	23	0.4
id-00729	9	14	18	0.4
id-00730	2	3	3	0.4
id-00731	9	2	20	0.4
id-00732	2	2	25	0.5
id-00733	1	2	27	0.5
id-00734	7	13	7	0.4
id-00735	4	6	9	0.4
id-00736	6	7	10	0.4
id-00737	6	12	30	0.3
id-00738	8	9	24	0.3
id-00739	2	3	4	0.2
id-00740	3	5	8	0.3
id-00741	2	2	2	0.4
id-00742	7	8	25	0.4
id-00743	6	11	25	0.3
id-00744	1	2	3	0.5
id-00745	8	8	25	0.3
id-00746	2	2	2	0.3
id-00747	6	8	25	0.3
id-00748	3	6	14	0.3
id-00749	1	2	30	0.2
id-00750	10	9	26	0.5
id-00751	4	2	3	0.4
id-00752	4	8	26	0.3
id-00753	3	2	20	0.3
id-00754	10	10	3	0.4
id-00755	4	8	21	0.2
id-00756	7	14	15	0.2
id-00757	10	8	6	0.4
id-00758	4	3	29	0.4
id-00759	1	2	1	0.3
id-00760	5	6	3	0.3
id-00761	8	14	1	0.4
id-00762	5	10	18	0.3
id-00763	7	4	8	0.3
id-00764	1	2	14	0.3
id-00765	5	5	26	0.3
id-00766	8	10	14	0.4
id-00767	1	2	16	0.3
id-00768	5	5	11	0.5
id-00769	5	10	7	0.3
id-00770	2	2	5	0.3
id-00771	6	6	5	0.3
id-00772	1	2	17	0.2
id-00773	5	4	19	0.5
id-00774	8	9	10	0.4
id-00775	6	6	13	0.4
id-00776	4	8	30	0.5
id-00777	7	13	26	0.4
id-00778	9	14	1	0.5
id-00779	8	5	6	0.4
id-00780	4	3	22	0.2
id-00781	8	14	12	0.3
id-00782	9	2	23	0.4
id-00783	6	8	14	0.3
id-00784	5	7	28	0.4
id-00785	1	2	4	0.5
id-00786	1	2	20	0.4
id-00787	3	5	7	0.4
id-00788	4	5	13	0.3
id-00789	1	2	10	0.5
id-00790	8	13	20	0.3
id-00791	5	5	19	0.2
id-00792	4	6	23	0.2
id-00793	2	3	27	0.4
id-00794	8	2	18	0.3
id-00795	8	5	23	0.5
id-00796	8	14	8	0.3
id-00797	1	2	25	0.4
id-00798	7	3	17	0.5
id-00799	1	2	9	0.4
id-00800	1	2	29	0.4
id-00801	8	2	14	0.3
id-00802	2	2	11	0.4
id-00803	8	8	21	0.3
id-00804	1	2	14	0.2
id-00805	3	6	5	0.2
id-00806	1	2	5	0.4
id-00807	8	5	1	0.3
id-00808	4	8	13	0.2
id-00809	9	4	15	0.2
id-00810	1	2	29	0.3
id-00811	9	18	5	0.5
id-00812	1	2	1	0.3
id-00813	8	5	20	0.3
id-00814	5	9	16	0.3
id-00815	7	14	18	0.2
id-00816	3	6	8	0.5
id-00817	1	2	1	0.2
id-00818	9	2	8	0.5
id-00819	5	2	28	0.5
id-00820	6	5	17	0.3
id-00821	8	12	1	0.3
id-00822	6	5	22	0.2
id-00823	8	3	2	0.2
id-00824	7	10	29	0.4
id-00825	1	2	3	0.3
id-00826	8	8	28	0.2
id-00827	6	3	27	0.4
id-00828	1	2	17	0.3
id-00829	9	18	12	0.5
id-00830	6	6	6	0.3
id-00831	9	8	1	0.4
id-00832	8	7	12	0.2
id-00833	3	2	19	0.3
id-00834	3	3	3	0.3
id-00835	6	8	25	0.3
id-00836	7	7	17	0.4
id-00837	10	9	27	0.4
id-00838	8	15	27	0.2
id-00839	2	4	30	0.3
id-00840	9	12	16	0.5
id-00841	9	7	8	0.2
id-00842	5	6	28	0.2
id-00843	6	11	8	0.3
id-00844	8	11	21	0.3
id-00845	10	19	17	0.4
id-00846	6	5	12	0.2
id-00847	6	12	25	0.4
id-00848	1	2	10	0.5
id-00849	6	4	20	0.4
id-00850	6	3	17	0.3
id-00851	7	2	5	0.2
id-00852	9	9	3	0.3
id-00853	3	4	13	0.4
id-00854	4	5	13	0.4
id-00855	5	4	22	0.3
id-00856	5	8	19	0.3
id-00857	6	6	21	0.5
id-00858	2	3	25	0.3
id-00859	10	5	22	0.4
id-00860	2	2	13	0.3
id-00861	9	16	29	0.2
id-00862	4	8	25	0.5
id-00863	6	5	25	0.3
id-00864	10	2	30	0.4
id-00865	5	5	14	0.5
id-00866	2	2	29	0.4
id-00867	6	6	23	0.3
id-00868	5	7	21	0.4
id-00869	6	12	13	0.5
id-00870	3	3	2	0.5
id-00871	9	5	18	0.4
id-00872	9	11	22	0.2
id-00873	6	9	14	0.4
id-00874	6	12	8	0.5
id-00875	6	12	25	0.3
id-00876	2	3	26	0.3
id-00877	1	2	5	0.4
id-00878	2	3	6	0.4
id-00879	3	2	20	0.5
id-00880	6	10	24	0.3
id-00881	8	14	18	0.5
id-00882	1	2	10	0.4
id-00883	9	18	27	0.2
id-00884	10	11	11	0.4
id-00885	7	12	7	0.3
id-00886	10	7	9	0.4
id-00887	1	2	26	0.2
id-00888	5	8	5	0.5
id-00889	8	13	24	0.3
id-00890	4	5	21	0.4
id-00891	3	6	21	0.4
id-00892	7	6	12	0.2
id-00893	1	2	19	0.3
id-00894	9	2	5	0.4
id-00895	3	2	23	0.2
id-00896	2	2	17	0.2
id-00897	6	5	1	0.3
id-00898	2	3	7	0.5
id-00899	10	5	16	0.3
id-00900	2	4	13	0.4
id-00901	3	4	13	0.4
id-00902	4	7	28	0.4
id-00903	3	6	7	0.5
id-00904	10	17	9	0.4
id-00905	3	6	27	0.4
id-00906	9	12	26	0.2
id-00907	5	2	26	0.3
id-00908	7	11	4	0.4
id-00909	10	6	2	0.4
id-00910	9	11	4	0.2
id-00911	10	8	21	0.4
id-00912	2	4	10	0.3
id-00913	6	2	2	0.3
id-00914	6	4	15	0.3
id-00915	10	20	4	0.2
id-00916	3	3	28	0.4
id-00917	5	9	16	0.3
id-00918	4	4	19	0.4
id-00919	10	10	26	0.5
id-00920	3	2	11	0.4
id-00921	9	18	12	0.4
id-00922	7	7	14	0.4
id-00923	3	4	6	0.2
id-00924	9	2	5	0.2
id-00925	4	5	27	0.4
id-00926	7	8	16	0.3
id-00927	10	19	30	0.4
id-00928	3	5	25	0.5
id-00929	4	7	24	0.3
id-00930	8	15	30	0.3
id-00931	2	3	29	0.3
id-00932	10	18	10	0.2
id-00933	2	3	9	0.4
id-00934	8	8	22	0.4
id-00935	4	4	29	0.3
id-00936	9	12	12	0.3
id-00937	7	7	4	0.2
id-00938	1	2	4	0.4
id-00939	2	2	30	0.4
id-00940	7	6	10	0.5
id-00941	8	7	15	0.3
id-00942	2	4	3	0.3
id-00943	9	18	2	0.4
id-00944	10	20	26	0.4
id-00945	1	2	3	0.4
id-00946	1	2	23	0.4
id-00947	3	5	25	0.3
id-00948	4	4	27	0.3
id-00949	5	6	29	0.2
id-00950	7	12	27	0.5
id-00951	10	3	29	0.4
id-00952	6	11	13	0.4
id-00953	3	3	19	0.4
id-00954	10	4	30	0.3
id-00955	2	4	27	0.3
id-00956	6	11	17	0.4
id-00957	5	6	19	0.4
id-00958	6	4	27	0.4
id-00959	7	10	17	0.4
id-00960	7	8	17	0.3
id-00961	5	9	17	0.4
id-00962	1	2	2	0.5
id-00963	6	4	3	0.3
id-00964	5	6	7	0.4
id-00965	10	9	20	0.3
id-00966	3	5	18	0.4
id-00967	2	3	8	0.4
id-00968	4	2	19	0.3
id-00969	6	12	22	0.3
id-00970	5	7	16	0.4
id-00971	10	5	3	0.2
id-00972	4	2	12	0.2
id-00973	10	5	18	0.5
id-00974	4	8	9	0.3
id-00975	7	6	18	0.2
id-00976	5	8	7	0.3
id-00977	9	7	3	0.2
id-00978	8	7	10	0.4
id-00979	9	2	12	0.2
id-00980	1	2	22	0.5
id-00981	4	2	20	0.3
id-00982	6	6	10	0.5
id-00983	4	2	24	0.5
id-00984	1	2	25	0.3
id-00985	3	4	17	0.3
id-00986	6	9	17	0.4
id-00987	2	3	20	0.5
id-00988	7	8	13	0.4
id-00989	2	2	14	0.4
id-00990	10	11	21	0.3
id-00991	3	4	18	0.5
id-00992	1	2	25	0.3
id-00993	9	3	15	0.4
id-00994	2	3	15	0.4
id-00995	8	7	6	0.3
id-00996	2	3	27	0.3
id-00997	6	4	22	0.5
id-00998	6	12	18	0.4
id-00999	5	2	23	0.4
id-01000	3	4	23	0.4
id-01001	8	11	23	0.2
id-01002	2	4	2	0.2
id-01003	5	3	6	0.5
id-01004	7	12	12	0.2
id-01005	6	9	14	0.2
id-01006	4	6	16	0.4
id-01007	7	5	11	0.3
id-01008	5	8	11	0.3
id-01009	2	2	6	0.3
id-01010	7	14	4	0.4
id-01011	8	6	13	0.3
id-01012	1	2	21	0.5
id-01013	4	2	25	0.5
id-01014	6	5	24	0.4
id-01015	2	4	6	0.4
id-01016	6	12	17	0.5
id-01017	3	3	17	0.4
id-01018	8	6	1	0.3
id-01019	4	2	12	0.5
id-01020	6	7	5	0.5
id-01021	5	9	12	0.2
id-01022	3	6	7	0.2
id-01023	2	4	10	0.2
id-01024	10	16	17	0.3
id-01025	6	11	8	0.4
id-01026	4	3	1	0.5
id-01027	6	4	27	0.4
id-01028	3	4	17	0.4
id-01029	4	7	7	0.2
id-01030	4	7	17	0.2
id-01031	8	16	22	0.4
id-01032	5	4	7	0.4
id-01033	7	11	4	0.3
id-01034	6	2	4	0.3
id-01035	3	2	21	0.4
id-01036	4	4	22	0.2
id-01037	9	7	1	0.2
id-01038	6	11	26	0.5
id-01039	3	5	30	0.3
id-01040	7	4	19	0.3
id-01041	5	3	2	0.2
id-01042	3	2	25	0.5
id-01043	3	6	17	0.4
id-01044	7	2	22	0.5
id-01045	3	6	20	0.5
id-01046	4	5	2	0.3
id-01047	1	2	10	0.3
id-01048	6	3	10	0.3
id-01049	4	2	18	0.5
id-01050	1	2	21	0.3
id-01051	5	8	26	0.3
id-01052	7	6	18	0.3
id-01053	6	12	3	0.4
id-01054	6	12	24	0.3
id-01055	8	3	3	0.2
id-01056	9	10	7	0.3
id-01057	7	9	30	0.4
id-01058	4	5	19	0.3
id-01059	1	2	20	0.5
id-01060	6	9	21	0.3
id-01061	3	4	17	0.5
id-01062	9	4	23	0.3
id-01063	1	2	7	0.4
id-01064	3	5	8	0.4
id-01065	4	5	14	0.3
id-01066	8	14	9	0.2
id-01067	7	4	10	0.3
id-01068	8	7	19	0.2
id-01069	2	2	27	0.4
id-01070	2	4	14	0.3
id-01071	2	3	1	0.4
id-01072	3	5	26	0.2
id-01073	10	5	30	0.2
id-01074	2	4	7	0.4
id-01075	5	5	6	0.3
id-01076	4	3	25	0.2
id-01077	1	2	17	0.3
id-01078	2	4	15	0.4
id-01079	9	16	22	0.3
id-01080	3	3	27	0.3
id-01081	5	7	22	0.4
id-01082	8	7	6	0.4
id-01083	6	2	8	0.3
id-01084	7	11	29	0.2
id-01085	4	5	26	0.3
id-01086	8	6	8	0.2
id-01087	6	10	25	0.3
id-01088	3	5	14	0.4
id-01089	5	5	8	0.3
id-01090	10	14	14	0.3
id-01091	4	8	18	0.4
id-01092	9	12	29	0.3
id-01093	5	3	15	0.2
id-01094	9	17	25	0.2
id-01095	1	2	9	0.2
id-01096	5	8	18	0.3
id-01097	7	4	3	0.3
id-01098	7	3	19	0.3
id-01099	7	14	11	0.4
id-01100	5	5	4	0.4
id-01101	10	14	20	0.2
id-01102	2	4	29	0.3
id-01103	3	4	2	0.2
id-01104	5	5	25	0.5
id-01105	7	2	15	0.3
id-01106	3	6	6	0.4
id-01107	8	6	23	0.4
id-01108	9	9	2	0.4
id-01109	8	6	25	0.2
id-01110	3	2	19	0.3
id-01111	7	5	15	0.4
id-01112	9	6	30	0.4
id-01113	9	11	4	0.4
id-01114	3	6	25	0.3
id-01115	7	3	6	0.5
id-01116	3	5	11	0.4
id-01117	9	13	5	0.2
id-01118	2	3	28	0.3
id-01119	9	2	22	0.3
id-01120	5	7	23	0.3
id-01121	4	5	26	0.4
id-01122	9	14	9	0.4
id-01123	7	5	30	0.2
id-01124	5	7	20	0.3
id-01125	9	12	5	0.3
id-01126	6	6	23	0.4
id-01127	5	5	22	0.3
id-01128	4	2	26	0.3
id-01129	10	17	28	0.2
id-01130	7	6	20	0.3
id-01131	8	7	30	0.4
id-01132	3	4	16	0.5
id-01133	9	11	17	0.3
id-01134	4	2	11	0.4
id-01135	3	2	8	0.5
id-01136	3	4	13	0.3
id-01137	7	11	26	0.2
id-01138	3	4	30	0.3
id-01139	7	12	26	0.2
id-01140	3	3	29	0.5
id-01141	6	8	25	0.5
id-01142	6	3	13	0.4
id-01143	4	2	13	0.3
id-01144	1	2	28	0.4
id-01145	4	6	5	0.5
id-01146	4	6	12	0.2
id-01147	10	10	20	0.4
id-01148	9	18	13	0.4
id-01149	2	4	14	0.4
id-01150	8	12	11	0.5
id-01151	2	4	1	0.3
id-01152	10	5	11	0.3
id-01153	1	2	28	0.2
id-01154	4	6	22	0.4
id-01155	6	2	30	0.3
id-01156	2	4	2	0.4
id-01157	9	6	27	0.4
id-01158	10	8	16	0.3
id-01159	8	6	15	0.3
id-01160	1	2	20	0.3
id-01161	8	9	11	0.5
id-01162	4	4	27	0.2
id-01163	9	6	8	0.4
id-01164	6	6	28	0.5
id-01165	8	8	4	0.4
id-01166	4	7	12	0.4
id-01167	2	3	15	0.3
id-01168	9	16	23	0.2
id-01169	8	5	5	0.4
id-01170	1	2	28	0.3
id-01171	1	2	30	0.3
id-01172	8	7	12	0.4
id-01173	4	6	21	0.4
id-01174	7	5	5	0.4
id-01175	2	3	21	0.4
id-01176	10	14	2	0.5
id-01177	4	3	15	0.3
id-01178	10	12	22	0.3
id-01179	3	4	14	0.4
id-01180	4	2	14	0.2
id-01181	2	3	5	0.3
id-01182	8	13	21	0.4
id-01183	1	2	25	0.3
id-01184	5	9	22	0.3
id-01185	5	10	17	0.3
id-01186	8	2	11	0.3
id-01187	3	2	4	0.4
id-01188	1	2	10	0.2
id-01189	8	15	2	0.3
id-01190	4	4	17	0.3
id-01191	7	4	19	0.5
id-01192	9	17	1	0.3
id-01193	8	7	20	0.5
id-01194	2	4	28	0.4
id-01195	2	4	29	0.4
id-01196	5	7	19	0.3
id-01197	8	8	23	0.4
id-01198	10	17	16	0.3
id-01199	8	3	26	0.5
id-01200	2	4	20	0.4
id-01201	2	2	11	0.2
id-01202	3	3	22	0.2
id-01203	2	4	27	0.3
id-01204	9	9	28	0.5
id-01205	9	15	11	0.2
id-01206	10	16	17	0.2
id-01207	9	5	30	0.2
id-01208	9	3	19	0.4
id-01209	5	2	8	0.4
id-01210	5	9	25	0.5
id-01211	1	2	1	0.3
id-01212	10	13	8	0.5
id-01213	1	2	13	0.3
id-01214	3	6	1	0.5
id-01215	4	2	27	0.2
id-01216	6	7	26	0.5
id-01217	8	8	26	0.2
id-01218	8	11	9	0.4
id-01219	5	2	10	0.2
id-01220	10	7	26	0.4
id-01221	1	2	18	0.4
id-01222	1	2	26	0.4
id-01223	4	4	12	0.5
id-01224	5	3	15	0.3
id-01225	4	2	23	0.5
id-01226	9	16	24	0.5
id-01227	10	14	6	0.4
id-01228	8	8	24	0.2
id-01229	7	4	26	0.3
id-01230	5	4	9	0.3
id-01231	2	2	6	0.3
id-01232	5	2	13	0.4
id-01233	2	3	23	0.3
id-01234	4	5	5	0.2
id-01235	9	14	4	0.3
id-01236	7	7	28	0.2
id-01237	5	10	19	0.5
id-01238	4	7	2	0.4
id-01239	4	6	3	0.4
id-01240	5	4	9	0.2
id-01241	7	2	29	0.3
id-01242	7	14	10	0.4
id-01243	7	8	25	0.3
id-01244	9	8	29	0.3
id-01245	2	3	14	0.4
id-01246	8	6	28	0.2
id-01247	2	3	8	0.4
id-01248	3	6	3	0.2
id-01249	9	18	28	0.4
id-01250	5	8	13	0.3
id-01251	1	2	7	0.4
id-01252	5	4	17	0.4
id-01253	2	4	5	0.4
id-01254	7	8	14	0.4
id-01255	3	6	15	0.3
id-01256	5	5	25	0.4
id-01257	9	4	28	0.4
id-01258	6	10	13	0.2
id-01259	2	4	25	0.4
id-01260	9	16	23	0.3
id-01261	6	4	5	0.4
id-01262	8	16	28	0.5
id-01263	9	16	1	0.5
id-01264	4	5	18	0.4
id-01265	5	4	11	0.3
id-01266	9	18	22	0.4
id-01267	2	3	24	0.4
id-01268	5	4	2	0.2
id-01269	1	2	13	0.3
id-01270	5	8	12	0.4
id-01271	9	7	11	0.3
id-01272	2	2	28	0.5
id-01273	10	3	20	0.3
id-01274	9	12	12	0.3
id-01275	10	9	24	0.3
id-01276	5	2	9	0.2
id-01277	9	8	12	0.5
id-01278	7	6	8	0.5
id-01279	4	4	29	0.4
id-01280	8	5	8	0.4
id-01281	4	6	24	0.2
id-01282	2	2	2	0.5
id-01283	4	3	10	0.5
id-01284	4	6	22	0.4
id-01285	10	12	3	0.4
id-01286	9	8	22	0.2
id-01287	5	10	13	0.3
id-01288	2	4	16	0.5
id-01289	1	2	20	0.4
id-01290	2	2	26	0.5
id-01291	4	4	12	0.2
id-01292	5	10	8	0.4
id-01293	4	5	24	0.3
id-01294	4	8	10	0.4
id-01295	5	4	29	0.2
id-01296	9	6	19	0.4
id-01297	4	4	15	0.3
id-01298	8	13	9	0.4
id-01299	6	9	22	0.4
id-01300	8	12	2	0.2
id-01301	4	2	14	0.5
id-01302	2	4	14	0.2
id-01303	8	10	27	0.2
id-01304	5	10	28	0.3
id-01305	6	2	24	0.2
id-01306	2	4	15	0.3
id-01307	6	2	30	0.2
id-01308	4	2	21	0.3
id-01309	2	4	6	0.3
id-01310	10	16	28	0.3
id-01311	4	6	8	0.5
id-01312	7	10	13	0.4
id-01313	9	15	7	0.3
id-01314	5	3	30	0.5
id-01315	5	9	17	0.3
id-01316	5	6	5	0.2
id-01317	8	7	16	0.4
id-01318	3	6	9	0.5
id-01319	8	15	9	0.3
id-01320	7	7	9	0.3
id-01321	10	18	26	0.4
id-01322	5	7	26	0.3
id-01323	10	4	9	0.5
id-01324	9	17	27	0.4
id-01325	2	4	12	0.3
id-01326	1	2	2	0.2
id-01327	4	4	2	0.4
id-01328	5	5	15	0.4
id-01329	7	9	26	0.3
id-01330	4	3	28	0.3
id-01331	1	2	26	0.2
id-01332	9	15	11	0.3
id-01333	6	4	2	0.4
id-01334	9	8	22	0.5
id-01335	6	8	25	0.5
id-01336	6	4	24	0.3
id-01337	10	9	15	0.5
id-01338	5	7	13	0.5
id-01339	5	4	29	0.2
id-01340	8	16	6	0.5
id-01341	5	3	14	0.3
id-01342	5	6	22	0.4
id-01343	5	10	1	0.3
id-01344	8	15	9	0.4
id-01345	6	11	30	0.4
id-01346	5	9	6	0.4
id-01347	1	2	9	0.4
id-01348	5	8	29	0.4
id-01349	2	2	9	0.4
id-01350	6	8	18	0.4
id-01351	3	2	25	0.3
id-01352	9	15	7	0.3
id-01353	10	14	3	0.4
id-01354	6	5	25	0.5
id-01355	2	3	21	0.4
id-01356	9	14	1	0.5
id-01357	5	6	30	0.3
id-01358	3	5	9	0.4
id-01359	1	2	18	0.5
id-01360	4	6	19	0.3
id-01361	3	3	25	0.5
id-01362	8	13	26	0.4
id-01363	2	4	21	0.5
id-01364	3	3	20	0.3
id-01365	6	11	9	0.4
id-01366	1	2	27	0.3
id-01367	7	13	30	0.3
id-01368	2	2	24	0.5
id-01369	9	13	3	0.5
id-01370	6	5	7	0.3
id-01371	10	8	13	0.4
id-01372	8	8	27	0.2
id-01373	8	9	13	0.3
id-01374	2	3	21	0.5
id-01375	3	6	24	0.3
id-01376	4	3	27	0.4
id-01377	7	4	29	0.3
id-01378	4	8	20	0.5
id-01379	4	2	29	0.5
id-01380	4	5	13	0.4
id-01381	4	5	7	0.4
id-01382	10	2	23	0.3
id-01383	1	2	28	0.5
id-01384	7	8	17	0.4
id-01385	7	6	18	0.3
id-01386	3	6	6	0.3
id-01387	4	7	7	0.5
id-01388	3	6	8	0.3
id-01389	7	14	5	0.4
id-01390	10	13	22	0.2
id-01391	6	7	14	0.4
id-01392	6	4	25	0.4
id-01393	6	11	12	0.4
id-01394	4	3	20	0.4
id-01395	9	13	24	0.2
id-01396	9	11	29	0.4
id-01397	8	12	1	0.3
id-01398	7	2	7	0.2
id-01399	4	6	2	0.2
id-01400	10	6	22	0.4
id-01401	3	3	10	0.3
id-01402	2	4	2	0.5
id-01403	7	5	10	0.3
id-01404	4	8	27	0.2
id-01405	4	4	12	0.5
id-01406	8	5	10	0.5
id-01407	7	12	16	0.4
id-01408	1	2	18	0.5
id-01409	2	2	5	0.3
id-01410	2	3	14	0.5
id-01411	6	8	29	0.4
id-01412	9	10	23	0.2
id-01413	6	2	21	0.2
id-01414	7	8	18	0.5
id-01415	4	6	14	0.3
id-01416	2	4	17	0.4
id-01417	8	2	7	0.4
id-01418	1	2	7	0.3
id-01419	2	3	5	0.3
id-01420	1	2	27	0.2
id-01421	7	10	11	0.4
id-01422	6	2	13	0.2
id-01423	5	10	6	0.4
id-01424	2	2	6	0.5
id-01425	2	4	23	0.3
id-01426	7	3	30	0.2
id-01427	4	6	14	0.5
id-01428	8	11	22	0.4
id-01429	4	2	21	0.4
id-01430	1	2	24	0.3
id-01431	1	2	4	0.5
id-01432	3	6	16	0.2
id-01433	6	10	2	0.3
id-01434	10	7	25	0.4
id-01435	10	4	13	0.2
id-01436	1	2	29	0.2
id-01437	3	3	29	0.3
id-01438	9	14	8	0.4
id-01439	6	6	10	0.5
id-01440	2	4	27	0.4
id-01441	6	4	4	0.3
id-01442	2	3	11	0.5
id-01443	10	19	4	0.2
id-01444	7	3	3	0.5
id-01445	1	2	9	0.2
id-01446	3	5	11	0.4
id-01447	2	3	2	0.2
id-01448	2	4	19	0.3
id-01449	4	7	13	0.3
id-01450	2	4	16	0.3
id-01451	2	3	8	0.4
id-01452	7	6	10	0.4
id-01453	5	3	1	0.4
id-01454	6	9	14	0.3
id-01455	6	4	7	0.2
id-01456	10	12	7	0.3
id-01457	9	15	24	0.2
id-01458	1	2	24	0.5
id-01459	8	16	16	0.4
id-01460	6	5	30	0.2
id-01461	3	4	22	0.2
id-01462	10	9	5	0.4
id-01463	4	5	12	0.3
id-01464	4	7	26	0.3
id-01465	8	14	1	0.2
id-01466	4	6	9	0.4
id-01467	6	7	10	0.5
id-01468	8	2	18	0.5
id-01469	6	10	22	0.4
id-01470	4	4	17	0.4
id-01471	4	4	7	0.3
id-01472	4	2	27	0.4
id-01473	10	5	8	0.3
id-01474	5	10	12	0.5
id-01475	10	19	30	0.2
id-01476	1	2	21	0.5
id-01477	10	4	8	0.5
id-01478	1	2	4	0.3
id-01479	3	3	6	0.4
id-01480	8	16	30	0.4
id-01481	9	6	8	0.3
id-01482	4	8	12	0.4
id-01483	4	2	8	0.3
id-01484	9	10	24	0.3
id-01485	10	20	10	0.2
id-01486	10	6	26	0.4
id-01487	4	6	8	0.4
id-01488	7	9	16	0.4
id-01489	2	2	1	0.2
id-01490	7	9	23	0.4
id-01491	5	5	19	0.4
id-01492	2	2	11	0.3
id-01493	5	3	3	0.4
id-01494	3	3	18	0.4
id-01495	3	3	25	0.4
id-01496	1	2	14	0.2
id-01497	6	12	9	0.5
id-01498	4	7	29	0.3
id-01499	8	2	27	0.2
id-01500	6	3	2	0.2
id-01501	6	8	1	0.3
id-01502	8	10	12	0.3
id-01503	6	3	13	0.5
id-01504	4	3	11	0.3
id-01505	2	2	29	0.4
id-01506	5	5	27	0.4
id-01507	4	3	28	0.5
id-01508	6	6	2	0.4
id-01509	6	6	12	0.4
id-01510	6	3	4	0.5
id-01511	10	6	18	0.4
id-01512	8	2	11	0.2
id-01513	5	5	28	0.5
id-01514	3	4	10	0.2
id-01515	7	9	23	0.3
id-01516	6	9	5	0.3
id-01517	10	10	20	0.3
id-01518	4	8	15	0.3
id-01519	6	11	21	0.2
id-01520	5	9	11	0.3
id-01521	5	3	2	0.5
id-01522	3	3	24	0.3
id-01523	2	2	15	0.4
id-01524	6	5	16	0.3
id-01525	7	13	6	0.3
id-01526	2	4	19	0.4
id-01527	3	5	30	0.3
id-01528	6	2	7	0.3
id-01529	5	9	24	0.3
id-01530	5	2	7	0.3
id-01531	8	6	12	0.2
id-01532	3	2	19	0.4
id-01533	4	2	24	0.3
id-01534	10	17	6	0.3
id-01535	10	2	7	0.4
id-01536	8	9	4	0.4
id-01537	3	2	13	0.3
id-01538	5	8	6	0.4
id-01539	3	4	6	0.3
id-01540	7	2	18	0.3
id-01541	9	10	26	0.3
id-01542	5	9	19	0.3
id-01543	4	3	27	0.4
id-01544	4	4	23	0.2
id-01545	2	4	18	0.3
id-01546	3	4	3	0.3
id-01547	8	3	21	0.4
id-01548	9	15	16	0.3
id-01549	5	3	7	0.4
id-01550	3	4	28	0.3
id-01551	6	12	27	0.2
id-01552	2	4	2	0.4
id-01553	2	3	26	0.3
id-01554	1	2	1	0.5
id-01555	5	7	21	0.4
id-01556	3	3	15	0.4
id-01557	1	2	11	0.5
id-01558	5	10	7	0.3
id-01559	10	7	6	0.3
id-01560	8	12	9	0.4
id-01561	7	5	27	0.2
id-01562	4	5	23	0.5
id-01563	1	2	1	0.4
id-01564	10	10	7	0.3
id-01565	5	7	29	0.3
id-01566	3	4	15	0.3
id-01567	5	5	26	0.3
id-01568	9	17	13	0.5
id-01569	3	3	11	0.4
id-01570	8	15	9	0.3
id-01571	1	2	3	0.2
id-01572	7	13	4	0.5
id-01573	8	4	7	0.2
id-01574	4	4	21	0.4
id-01575	5	8	14	0.3
id-01576	9	2	29	0.4
id-01577	10	6	14	0.3
id-01578	4	5	16	0.4
id-01579	2	3	6	0.4
id-01580	9	6	26	0.4
id-01581	4	4	30	0.4
id-01582	8	6	27	0.3
id-01583	9	18	28	0.3
id-01584	10	3	9	0.3
id-01585	9	13	8	0.2
id-01586	3	6	12	0.4
id-01587	5	4	12	0.5
id-01588	7	12	28	0.4
id-01589	2	2	15	0.4
id-01590	8	8	16	0.3
id-01591	8	7	16	0.5
id-01592	6	4	18	0.3
id-01593	1	2	2	0.2
id-01594	4	3	3	0.3
id-01595	2	2	19	0.3
id-01596	3	3	18	0.4
id-01597	10	8	25	0.5
id-01598	5	7	11	0.5
id-01599	9	16	1	0.4
id-01600	6	4	29	0.4
id-01601	5	10	18	0.4
id-01602	9	9	27	0.4
id-01603	4	7	2	0.4
id-01604	7	2	6	0.2
id-01605	5	10	26	0.3
id-01606	9	3	27	0.3
id-01607	2	3	4	0.5
id-01608	10	3	15	0.4
id-01609	5	2	22	0.3
id-01610	7	10	19	0.4
id-01611	1	2	9	0.4
id-01612	8	3	20	0.4
id-01613	3	4	24	0.2
id-01614	1	2	21	0.2
id-01615	2	3	8	0.3
id-01616	3	3	9	0.5
id-01617	5	9	9	0.2
id-01618	9	9	22	0.3
id-01619	8	5	20	0.2
id-01620	4	2	8	0.2
id-01621	7	5	27	0.3
id-01622	4	5	26	0.2
id-01623	10	16	12	0.5
id-01624	8	4	11	0.2
id-01625	6	10	3	0.2
id-01626	2	4	1	0.3
id-01627	6	9	21	0.3
id-01628	7	13	12	0.4
id-01629	7	5	15	0.2
id-01630	8	16	7	0.3
id-01631	7	14	7	0.2
id-01632	1	2	11	0.3
id-01633	9	3	13	0.4
id-01634	3	2	12	0.5
id-01635	8	2	20	0.4
id-01636	6	11	4	0.2
id-01637	1	2	3	0.3
id-01638	7	14	19	0.4
id-01639	1	2	22	0.4
id-01640	7	5	4	0.3
id-01641	4	6	9	0.3
id-01642	1	2	23	0.2
id-01643	6	10	27	0.3
id-01644	10	4	1	0.4
id-01645	4	4	5	0.3
id-01646	4	4	10	0.3
id-01647	7	4	18	0.3
id-01648	10	13	11	0.4
id-01649	9	6	26	0.3
id-01650	9	18	7	0.5
id-01651	1	2	25	0.4
id-01652	10	3	25	0.5
id-01653	7	4	11	0.3
id-01654	2	2	12	0.5
id-01655	5	6	26	0.4
id-01656	8	13	15	0.5
id-01657	4	6	8	0.3
id-01658	9	6	18	0.4
id-01659	7	3	15	0.3
id-01660	7	6	3	0.5
id-01661	10	16	3	0.5
id-01662	2	2	13	0.2
id-01663	8	6	15	0.4
id-01664	5	8	5	0.3
id-01665	1	2	26	0.2
id-01666	3	4	5	0.4
id-01667	4	4	10	0.4
id-01668	9	10	17	0.4
id-01669	10	13	17	0.2
id-01670	7	6	17	0.2
id-01671	8	16	12	0.2
id-01672	7	2	6	0.4
id-01673	4	5	17	0.4
id-01674	8	6	9	0.4
id-01675	5	9	17	0.3
id-01676	1	2	19	0.4
id-01677	3	5	2	0.3
id-01678	2	4	27	0.4
id-01679	9	14	19	0.3
id-01680	3	5	15	0.4
id-01681	6	4	2	0.5
id-01682	10	3	22	0.5
id-01683	4	2	9	0.3
id-01684	8	14	2	0.3
id-01685	7	3	23	0.5
id-01686	6	5	10	0.2
id-01687	3	6	14	0.3
id-01688	4	7	17	0.4
id-01689	8	9	23	0.3
id-01690	10	15	3	0.3
id-01691	5	5	29	0.3
id-01692	4	3	13	0.4
id-01693	10	2	10	0.3
id-01694	2	2	30	0.3
id-01695	6	6	10	0.3
id-01696	8	11	14	0.4
id-01697	9	6	24	0.3
id-01698	9	8	7	0.4
id-01699	10	17	5	0.3
id-01700	8	15	10	0.4
id-01701	7	7	26	0.4
id-01702	2	4	14	0.3
id-01703	10	8	25	0.4
id-01704	6	4	6	0.3
id-01705	3	5	11	0.3
id-01706	2	3	17	0.5
id-01707	7	5	13	0.3
id-01708	3	6	3	0.2
id-01709	1	2	27	0.4
id-01710	3	4	28	0.3
id-01711	8	11	12	0.4
id-01712	3	6	7	0.3
id-01713	7	2	17	0.2
id-01714	4	5	4	0.2
id-01715	4	5	22	0.2
id-01716	2	3	25	0.4
id-01717	9	7	7	0.3
id-01718	6	12	4	0.3
id-01719	4	8	23	0.4
id-01720	6	11	5	0.4
id-01721	6	6	1	0.3
id-01722	8	11	21	0.4
id-01723	3	4	3	0.3
id-01724	7	2	20	0.4
id-01725	9	5	5	0.5
id-01726	3	6	5	0.5
id-01727	1	2	5	0.3
id-01728	5	2	12	0.4
id-01729	2	2	23	0.3
id-01730	7	4	30	0.4
id-01731	7	3	23	0.3
id-01732	7	6	30	0.5
id-01733	1	2	14	0.2
id-01734	2	2	28	0.2
id-01735	10	14	20	0.3
id-01736	8	16	25	0.3
id-01737	6	12	23	0.3
id-01738	1	2	21	0.5
id-01739	7	13	15	0.4
id-01740	8	6	2	0.3
id-01741	8	13	28	0.5
id-01742	8	7	28	0.2
id-01743	5	9	18	0.5
id-01744	9	8	2	0.4
id-01745	9	11	17	0.3
id-01746	10	15	20	0.3
id-01747	5	6	15	0.3
id-01748	2	2	7	0.3
id-01749	10	17	28	0.2
id-01750	1	2	23	0.3
id-01751	4	2	2	0.4
id-01752	1	2	6	0.5
id-01753	1	2	2	0.4
id-01754	4	6	30	0.4
id-01755	7	2	19	0.5
id-01756	10	9	27	0.4
id-01757	1	2	12	0.5
id-01758	7	2	13	0.4
id-01759	5	9	12	0.4
id-01760	2	4	1	0.4
id-01761	4	7	22	0.4
id-01762	3	4	29	0.5
id-01763	10	19	25	0.4
id-01764	1	2	23	0.4
id-01765	1	2	18	0.3
id-01766	6	8	26	0.3
id-01767	7	5	14	0.5
id-01768	2	2	21	0.4
id-01769	1	2	12	0.3
id-01770	3	4	3	0.4
id-01771	9	17	4	0.4
id-01772	8	16	2	0.3
id-01773	6	7	24	0.2
id-01774	3	4	16	0.4
id-01775	3	6	10	0.4
id-01776	9	2	14	0.4
id-01777	4	5	17	0.4
id-01778	4	5	3	0.4
id-01779	10	7	3	0.2
id-01780	9	18	22	0.3
id-01781	7	11	18	0.4
id-01782	2	4	2	0.2
id-01783	2	4	27	0.3
id-01784	10	3	15	0.3
id-01785	4	7	22	0.4
id-01786	7	12	9	0.5
id-01787	2	4	22	0.2
id-01788	3	6	17	0.4
id-01789	4	2	27	0.4
id-01790	2	4	1	0.2
id-01791	4	3	20	0.3
id-01792	5	7	9	0.4
id-01793	10	6	22	0.4
id-01794	6	7	18	0.3
id-01795	10	16	26	0.4
id-01796	3	4	2	0.4
id-01797	10	18	26	0.5
id-01798	10	10	28	0.5
id-01799	10	13	24	0.3
id-01800	4	3	9	0.2
id-01801	9	6	16	0.4
id-01802	3	2	27	0.5
id-01803	8	14	27	0.2
id-01804	5	8	15	0.4
id-01805	6	6	23	0.4
id-01806	5	7	28	0.4
id-01807	2	4	20	0.4
id-01808	5	6	22	0.4
id-01809	10	15	6	0.2
id-01810	6	10	16	0.3
id-01811	3	2	4	0.5
id-01812	1	2	26	0.3
id-01813	7	2	23	0.4
id-01814	10	18	25	0.4
id-01815	5	4	11	0.4
id-01816	3	3	24	0.3
id-01817	3	4	11	0.5
id-01818	9	7	5	0.2
id-01819	2	3	22	0.4
id-01820	10	3	4	0.5
id-01821	2	4	3	0.3
id-01822	6	3	14	0.5
id-01823	2	3	28	0.5
id-01824	5	5	16	0.4
id-01825	10	12	1	0.4
id-01826	5	8	20	0.4
id-01827	5	7	18	0.2
id-01828	4	6	2	0.2
id-01829	10	18	3	0.5
id-01830	7	11	22	0.2
id-01831	5	6	17	0.3
id-01832	2	4	14	0.5
id-01833	1	2	12	0.4
id-01834	1	2	23	0.5
id-01835	8	10	10	0.4
id-01836	8	12	6	0.2
id-01837	6	8	21	0.4
id-01838	1	2	15	0.4
id-01839	2	4	21	0.2
id-01840	6	12	21	0.3
id-01841	10	16	28	0.4
id-01842	1	2	6	0.2
id-01843	6	9	11	0.5
id-01844	4	3	25	0.4
id-01845	6	7	9	0.4
id-01846	1	2	24	0.4
id-01847	6	6	28	0.2
id-01848	3	6	7	0.3
id-01849	1	2	13	0.3
id-01850	6	9	12	0.4
id-01851	3	5	7	0.4
id-01852	6	6	24	0.5
id-01853	1	2	15	0.4
id-01854	2	3	16	0.4
id-01855	1	2	4	0.4
id-01856	8	3	19	0.3
id-01857	9	11	20	0.5
id-01858	3	2	20	0.4
id-01859	8	8	29	0.4
id-01860	1	2	4	0.2
id-01861	8	9	16	0.2
id-01862	9	16	9	0.5
id-01863	4	3	28	0.4
id-01864	2	4	16	0.2
id-01865	1	2	17	0.4
id-01866	5	8	29	0.3
id-01867	6	5	21	0.3
id-01868	6	6	26	0.3
id-01869	2	4	23	0.2
id-01870	7	4	11	0.4
id-01871	7	10	20	0.4
id-01872	1	2	4	0.3
id-01873	2	4	16	0.4
id-01874	7	13	3	0.4
id-01875	5	4	8	0.3
id-01876	5	6	14	0.4
id-01877	7	13	22	0.2
id-01878	8	16	16	0.3
id-01879	1	2	15	0.3
id-01880	5	9	11	0.4
id-01881	5	10	8	0.2
id-01882	10	6	22	0.4
id-01883	1	2	3	0.3
id-01884	8	16	23	0.3
id-01885	2	4	20	0.2
id-01886	8	7	18	0.5
id-01887	4	6	24	0.4
id-01888	6	7	15	0.4
id-01889	10	19	7	0.5
id-01890	8	14	18	0.4
id-01891	8	13	1	0.5
id-01892	3	3	1	0.2
id-01893	7	5	22	0.4
id-01894	6	2	22	0.3
id-01895	1	2	30	0.3
id-01896	1	2	2	0.5
id-01897	4	8	8	0.2
id-01898	8	16	18	0.4
id-01899	8	16	25	0.3
id-01900	7	6	5	0.2
id-01901	3	3	29	0.3
id-01902	9	5	14	0.4
id-01903	5	8	18	0.3
id-01904	5	8	20	0.5
id-01905	10	3	25	0.4
id-01906	1	2	14	0.2
id-01907	7	4	8	0.2
id-01908	6	2	27	0.3
id-01909	5	2	17	0.4
id-01910	10	13	8	0.2
id-01911	10	2	30	0.4
id-01912	6	11	4	0.3
id-01913	1	2	4	0.3
id-01914	4	5	5	0.3
id-01915	1	2	14	0.4
id-01916	4	3	2	0.3
id-01917	6	5	12	0.4
id-01918	4	3	5	0.3
id-01919	10	9	26	0.3
id-01920	7	7	14	0.3
id-01921	3	5	10	0.4
id-01922	2	2	29	0.3
id-01923	6	8	14	0.3
id-01924	9	11	20	0.3
id-01925	7	10	17	0.3
id-01926	4	2	5	0.2
id-01927	1	2	19	0.4
id-01928	10	16	12	0.4
id-01929	1	2	20	0.5
id-01930	7	2	16	0.2
id-01931	9	5	21	0.3
id-01932	5	10	8	0.4
id-01933	5	10	7	0.5
id-01934	1	2	24	0.3
id-01935	4	8	25	0.2
id-01936	3	6	5	0.4
id-01937	9	15	8	0.5
id-01938	7	7	20	0.4
id-01939	1	2	5	0.5
id-01940	1	2	23	0.3
id-01941	10	11	23	0.5
id-01942	2	2	27	0.4
id-01943	10	12	8	0.4
id-01944	4	7	10	0.3
id-01945	6	11	11	0.4
id-01946	9	18	13	0.5
id-01947	10	20	28	0.5
id-01948	9	2	19	0.2
id-01949	9	5	12	0.2
id-01950	5	8	14	0.3
id-01951	5	10	11	0.4
id-01952	1	2	4	0.3
id-01953	1	2	3	0.3
id-01954	9	13	26	0.5
id-01955	9	17	28	0.4
id-01956	7	13	14	0.5
id-01957	8	6	20	0.2
id-01958	8	14	21	0.4
id-01959	9	13	19	0.3
id-01960	5	2	5	0.2
id-01961	10	3	19	0.4
id-01962	7	10	29	0.4
id-01963	2	4	19	0.3
id-01964	8	14	26	0.3
id-01965	6	10	21	0.3
id-01966	4	6	3	0.4
id-01967	9	2	1	0.3
id-01968	4	8	27	0.2
id-01969	9	8	6	0.3
id-01970	4	8	6	0.3
id-01971	3	4	8	0.5
id-01972	7	9	2	0.4
id-01973	1	2	3	0.2
id-01974	6	9	5	0.4
id-01975	5	2	13	0.4
id-01976	10	20	13	0.5
id-01977	8	10	29	0.4
id-01978	1	2	6	0.2
id-01979	10	18	15	0.2
id-01980	4	6	7	0.2
id-01981	1	2	24	0.4
id-01982	2	3	16	0.5
id-01983	7	12	18	0.4
id-01984	1	2	19	0.3
id-01985	1	2	5	0.4
id-01986	6	3	23	0.3
id-01987	6	3	25	0.3
id-01988	3	2	14	0.3
id-01989	7	3	20	0.4
id-01990	5	9	13	0.3
id-01991	9	15	4	0.4
id-01992	2	2	3	0.3
id-01993	4	8	18	0.2
id-01994	4	7	3	0.3
id-01995	7	5	6	0.3
id-01996	10	12	4	0.2
id-01997	2	2	2	0.4
id-01998	6	4	19	0.4
id-01999	6	11	3	0.4
id-02000	6	10	14	0.3
id-02001	6	12	8	0.4
id-02002	9	12	17	0.4
id-02003	2	2	5	0.2
id-02004	4	2	27	0.3
id-02005	7	13	13	0.2
id-02006	2	2	26	0.5
id-02007	8	2	23	0.5
id-02008	6	4	2	0.5
id-02009	4	5	4	0.5
id-02010	9	8	3	0.4
id-02011	2	2	7	0.5
id-02012	2	3	18	0.4
id-02013	10	11	22	0.3
id-02014	10	20	11	0.2
id-02015	1	2	20	0.4
id-02016	1	2	4	0.5
id-02017	9	18	16	0.4
id-02018	1	2	9	0.5
id-02019	6	3	29	0.4
id-02020	9	5	3	0.4
id-02021	1	2	21	0.3
id-02022	4	7	19	0.4
id-02023	9	12	2	0.3
id-02024	5	10	3	0.4
id-02025	1	2	28	0.5
id-02026	10	20	25	0.5
id-02027	7	14	16	0.4
id-02028	6	11	21	0.4
id-02029	10	13	16	0.3
id-02030	10	17	21	0.3
id-02031	9	12	26	0.2
id-02032	5	7	11	0.5
id-02033	3	2	3	0.4
id-02034	8	9	23	0.5
id-02035	1	2	28	0.4
id-02036	8	2	11	0.3
id-02037	1	2	14	0.3
id-02038	8	3	13	0.4
id-02039	1	2	22	0.4
id-02040	1	2	29	0.4
id-02041	6	6	16	0.2
id-02042	7	11	8	0.3
id-02043	3	4	23	0.4
id-02044	10	4	26	0.2
id-02045	2	4	15	0.4
id-02046	4	2	11	0.3
id-02047	6	2	29	0.3
id-02048	9	9	14	0.4
id-02049	10	16	2	0.5
id-02050	3	6	24	0.4
id-02051	2	2	20	0.3
id-02052	2	3	11	0.2
id-02053	8	8	14	0.3
id-02054	10	19	23	0.3
id-02055	7	6	1	0.2
id-02056	10	17	20	0.2
id-02057	10	9	22	0.4
id-02058	2	4	17	0.4
id-02059	3	4	26	0.2
id-02060	3	6	10	0.4
id-02061	8	15	12	0.2
id-02062	10	19	3	0.4
id-02063	3	4	14	0.5
id-02064	3	6	12	0.5
id-02065	7	7	29	0.2
id-02066	5	10	4	0.4
id-02067	6	3	13	0.3
id-02068	8	6	8	0.5
id-02069	2	3	7	0.4
id-02070	8	3	18	0.4
id-02071	6	9	3	0.4
id-02072	4	2	17	0.3
id-02073	1	2	30	0.3
id-02074	10	9	1	0.5
id-02075	4	7	11	0.5
id-02076	7	7	17	0.4
id-02077	2	4	5	0.2
id-02078	4	8	16	0.3
id-02079	10	8	27	0.3
id-02080	8	8	19	0.5
id-02081	1	2	11	0.4
id-02082	3	5	27	0.3
id-02083	5	5	27	0.4
id-02084	8	9	13	0.5
id-02085	8	4	13	0.4
id-02086	2	2	22	0.5
id-02087	1	2	27	0.3
id-02088	9	16	3	0.4
id-02089	2	2	2	0.3
id-02090	2	2	24	0.4
id-02091	8	3	5	0.3
id-02092	3	6	10	0.5
id-02093	4	5	29	0.2
id-02094	5	7	1	0.4
id-02095	5	4	20	0.3
id-02096	6	2	15	0.3
id-02097	4	6	7	0.3
id-02098	5	4	24	0.4
id-02099	1	2	1	0.4
id-02100	4	5	9	0.5
id-02101	6	12	29	0.3
id-02102	9	3	13	0.2
id-02103	8	5	9	0.3
id-02104	6	10	27	0.2
id-02105	3	6	16	0.4
id-02106	8	6	2	0.4
id-02107	2	2	6	0.5
id-02108	10	11	26	0.2
id-02109	2	3	21	0.4
id-02110	4	6	25	0.2
id-02111	9	15	3	0.2
id-02112	1	2	20	0.4
id-02113	6	8	6	0.3
id-02114	3	6	5	0.3
id-02115	3	2	29	0.3
id-02116	9	9	18	0.4
id-02117	5	2	8	0.5
id-02118	4	4	20	0.4
id-02119	4	4	24	0.4
id-02120	8	14	19	0.3
id-02121	2	4	21	0.5
id-02122	7	13	26	0.3
id-02123	10	10	14	0.3
id-02124	9	17	14	0.3
id-02125	2	4	27	0.4
id-02126	5	5	3	0.4
id-02127	3	5	18	0.3
id-02128	4	8	3	0.4
id-02129	4	7	5	0.3
id-02130	7	7	29	0.3
id-02131	5	9	22	0.2
id-02132	6	11	3	0.3
id-02133	3	3	7	0.4
id-02134	1	2	28	0.5
id-02135	5	6	19	0.4
id-02136	1	2	23	0.5
id-02137	8	14	17	0.4
id-02138	6	6	13	0.2
id-02139	2	3	7	0.3
id-02140	6	7	16	0.4
id-02141	2	2	4	0.4
id-02142	10	14	19	0.5
id-02143	4	7	2	0.5
id-02144	5	5	23	0.3
id-02145	4	7	4	0.3
id-02146	5	10	16	0.3
id-02147	8	13	6	0.4
id-02148	8	4	14	0.4
id-02149	4	6	26	0.4
id-02150	4	5	27	0.3
id-02151	2	2	18	0.4
id-02152	3	3	26	0.2
id-02153	5	9	19	0.4
id-02154	4	5	9	0.3
id-02155	6	8	3	0.5
id-02156	9	18	14	0.5
id-02157	4	5	30	0.3
id-02158	6	7	6	0.3
id-02159	6	7	7	0.3
id-02160	1	2	22	0.4
id-02161	7	7	17	0.4
id-02162	8	13	27	0.4
id-02163	1	2	12	0.5
id-02164	4	4	18	0.2
id-02165	8	5	10	0.3
id-02166	8	2	17	0.4
id-02167	9	4	8	0.5
id-02168	8	16	1	0.3
id-02169	1	2	21	0.5
id-02170	5	4	7	0.3
id-02171	8	10	28	0.4
id-02172	9	18	20	0.5
id-02173	2	2	8	0.3
id-02174	2	2	11	0.2
id-02175	8	9	19	0.4
id-02176	4	6	23	0.4
id-02177	2	2	15	0.3
id-02178	6	4	2	0.5
id-02179	6	2	11	0.4
id-02180	8	5	1	0.3
id-02181	6	2	26	0.5
id-02182	8	2	26	0.3
id-02183	7	14	10	0.3
id-02184	2	4	22	0.4
id-02185	6	10	4	0.4
id-02186	8	4	10	0.3
id-02187	6	3	26	0.4
id-02188	2	4	23	0.3
id-02189	10	6	15	0.2
id-02190	8	14	11	0.4
id-02191	4	6	25	0.4
id-02192	10	10	24	0.3
id-02193	8	10	12	0.4
id-02194	9	16	21	0.4
id-02195	6	7	23	0.4
id-02196	3	5	17	0.3
id-02197	4	7	10	0.3
id-02198	3	2	9	0.3
id-02199	9	10	5	0.4
id-02200	9	13	28	0.4
id-02201	8	2	23	0.3
id-02202	6	12	14	0.5
id-02203	5	9	3	0.2
id-02204	2	3	23	0.5
id-02205	10	10	24	0.3
id-02206	1	2	15	0.5
id-02207	4	3	14	0.3
id-02208	7	4	19	0.4
id-02209	9	15	25	0.2
id-02210	5	4	12	0.4
id-02211	10	20	30	0.2
id-02212	9	9	19	0.3
id-02213	10	9	13	0.3
id-02214	7	11	22	0.5
id-02215	9	11	4	0.5
id-02216	4	7	17	0.5
id-02217	1	2	26	0.3
id-02218	1	2	9	0.2
id-02219	7	9	18	0.2
id-02220	2	4	8	0.5
id-02221	5	9	5	0.2
id-02222	3	3	7	0.2
id-02223	4	8	4	0.5
id-02224	10	13	5	0.4
id-02225	8	4	16	0.4
id-02226	1	2	29	0.4
id-02227	7	9	3	0.5
id-02228	5	9	13	0.4
id-02229	3	4	29	0.3
id-02230	7	7	17	0.3
id-02231	6	3	9	0.3
id-02232	4	5	16	0.4
id-02233	4	5	21	0.5
id-02234	5	6	12	0.3
id-02235	9	12	6	0.5
id-02236	8	7	4	0.4
id-02237	8	3	29	0.3
id-02238	9	2	6	0.3
id-02239	5	2	17	0.5
id-02240	5	2	1	0.5
id-02241	7	9	4	0.3
id-02242	5	9	30	0.3
id-02243	6	3	1	0.4
id-02244	10	13	23	0.4
id-02245	4	3	30	0.4
id-02246	7	13	6	0.4
id-02247	5	8	11	0.5
id-02248	5	3	9	0.4
id-02249	8	7	24	0.3
id-02250	7	10	13	0.5
id-02251	10	7	22	0.4
id-02252	3	6	1	0.4
id-02253	5	4	10	0.4
id-02254	6	9	1	0.3
id-02255	7	8	7	0.2
id-02256	9	7	24	0.5
id-02257	9	13	18	0.4
id-02258	7	14	16	0.4
id-02259	7	13	8	0.4
id-02260	2	3	9	0.4
id-02261	2	3	24	0.4
id-02262	4	5	17	0.5
id-02263	7	5	13	0.4
id-02264	4	2	22	0.2
id-02265	6	6	22	0.3
id-02266	3	4	6	0.4
id-02267	4	5	24	0.4
id-02268	9	2	12	0.4
id-02269	5	8	21	0.2
id-02270	5	8	18	0.5
id-02271	3	2	26	0.4
id-02272	2	4	25	0.5
id-02273	6	3	6	0.3
id-02274	5	4	4	0.2
id-02275	6	11	14	0.2
id-02276	7	10	6	0.4
id-02277	5	2	10	0.5
id-02278	5	3	12	0.4
id-02279	7	3	1	0.4
id-02280	3	5	27	0.3
id-02281	9	18	22	0.3
id-02282	9	6	26	0.3
id-02283	9	16	13	0.4
id-02284	1	2	26	0.4
id-02285	3	6	23	0.3
id-02286	10	5	29	0.4
id-02287	2	4	20	0.5
id-02288	6	9	26	0.4
id-02289	8	12	19	0.3
id-02290	5	8	18	0.3
id-02291	4	7	23	0.3
id-02292	9	10	8	0.3
id-02293	3	2	2	0.4
id-02294	5	7	2	0.3
id-02295	2	4	5	0.5
id-02296	1	2	24	0.5
id-02297	3	6	14	0.4
id-02298	4	8	26	0.2
id-02299	9	13	6	0.2
id-02300	8	12	20	0.4
id-02301	3	3	3	0.3
id-02302	2	2	2	0.3
id-02303	7	4	29	0.2
id-02304	3	3	24	0.3
id-02305	5	2	9	0.4
id-02306	3	4	24	0.3
id-02307	1	2	23	0.3
id-02308	8	4	12	0.5
id-02309	3	6	8	0.3
id-02310	9	3	27	0.5
id-02311	5	9	23	0.4
id-02312	7	5	10	0.5
id-02313	3	6	16	0.3
id-02314	7	5	19	0.3
id-02315	2	3	22	0.4
id-02316	2	2	24	0.2
id-02317	5	10	15	0.2
id-02318	5	4	17	0.3
id-02319	5	2	4	0.5
id-02320	5	5	13	0.3
id-02321	4	3	8	0.4
id-02322	9	2	21	0.3
id-02323	8	6	10	0.4
id-02324	1	2	27	0.3
id-02325	3	2	1	0.4
id-02326	4	4	11	0.3
id-02327	10	6	19	0.4
id-02328	3	2	4	0.3
id-02329	2	2	21	0.5
id-02330	2	3	24	0.3
id-02331	6	11	20	0.4
id-02332	6	5	25	0.2
id-02333	5	6	6	0.4
id-02334	6	3	4	0.4
id-02335	2	3	28	0.4
id-02336	3	6	14	0.2
id-02337	6	2	24	0.3
id-02338	6	5	25	0.4
id-02339	6	8	20	0.4
id-02340	4	3	27	0.5
id-02341	8	3	1	0.4
id-02342	4	8	15	0.4
id-02343	2	4	29	0.4
id-02344	9	4	30	0.3
id-02345	2	4	6	0.5
id-02346	1	2	7	0.4
id-02347	7	14	15	0.2
id-02348	8	10	13	0.2
id-02349	4	2	13	0.5
id-02350	8	4	6	0.2
id-02351	9	2	1	0.2
id-02352	5	8	28	0.4
id-02353	1	2	20	0.3
id-02354	10	15	25	0.3
id-02355	4	5	24	0.4
id-02356	2	2	27	0.3
id-02357	4	5	17	0.4
id-02358	8	4	17	0.3
id-02359	7	9	11	0.5
id-02360	5	9	13	0.5
id-02361	2	3	3	0.4
id-02362	1	2	23	0.4
id-02363	10	4	7	0.5
id-02364	4	3	6	0.4
id-02365	5	7	26	0.4
id-02366	5	8	4	0.3
id-02367	5	8	7	0.3
id-02368	9	15	9	0.4
id-02369	8	15	7	0.3
id-02370	1	2	5	0.3
id-02371	1	2	1	0.4
id-02372	5	5	25	0.4
id-02373	3	4	5	0.4
id-02374	3	4	7	0.3
id-02375	3	2	8	0.4
id-02376	3	6	12	0.4
id-02377	4	5	18	0.2
id-02378	7	12	9	0.3
id-02379	1	2	8	0.4
id-02380	8	14	15	0.2
id-02381	8	10	14	0.4
id-02382	8	15	15	0.4
id-02383	7	12	3	0.3
id-02384	3	2	19	0.4
id-02385	4	7	12	0.3
id-02386	4	8	30	0.4
id-02387	3	6	7	0.2
id-02388	10	11	21	0.3
id-02389	1	2	23	0.4
id-02390	9	17	7	0.4
id-02391	8	9	10	0.5
id-02392	9	16	30	0.2
id-02393	10	12	16	0.2
id-02394	7	12	21	0.4
id-02395	1	2	26	0.4
id-02396	3	4	23	0.3
id-02397	10	4	11	0.5
id-02398	5	9	16	0.5
id-02399	6	4	29	0.4
id-02400	4	2	23	0.4
id-02401	6	11	4	0.4
id-02402	9	15	16	0.4
id-02403	6	7	10	0.3
id-02404	8	15	4	0.4
id-02405	2	4	8	0.4
id-02406	2	4	8	0.3
id-02407	2	4	9	0.4
id-02408	7	10	15	0.4
id-02409	7	5	2	0.3
id-02410	2	3	22	0.3
id-02411	3	6	30	0.5
id-02412	5	8	10	0.3
id-02413	7	6	19	0.2
id-02414	6	4	9	0.2
id-02415	4	6	9	0.2
id-02416	8	6	8	0.3
id-02417	2	3	25	0.4
id-02418	9	12	19	0.5
id-02419	8	3	9	0.5
id-02420	2	3	9	0.5
id-02421	2	3	15	0.5
id-02422	8	11	15	0.3
id-02423	3	3	2	0.2
id-02424	9	5	29	0.4
id-02425	7	3	11	0.4
id-02426	5	4	3	0.3
id-02427	8	10	21	0.2
id-02428	5	3	29	0.2
id-02429	7	13	2	0.5
id-02430	7	8	17	0.2
id-02431	5	3	7	0.4
id-02432	5	9	12	0.4
id-02433	4	5	17	0.4
id-02434	3	6	3	0.2
id-02435	5	8	12	0.3
id-02436	2	2	12	0.3
id-02437	5	10	26	0.2
id-02438	9	11	16	0.2
id-02439	5	6	5	0.4
id-02440	4	8	4	0.3
id-02441	7	14	22	0.3
id-02442	2	3	13	0.3
id-02443	9	3	8	0.3
id-02444	8	11	18	0.5
id-02445	3	3	23	0.4
id-02446	8	11	6	0.4
id-02447	4	3	20	0.3
id-02448	3	4	26	0.5
id-02449	6	8	6	0.4
id-02450	8	2	7	0.2
id-02451	6	6	28	0.4
id-02452	4	5	9	0.5
id-02453	2	4	9	0.4
id-02454	3	2	29	0.2
id-02455	9	17	15	0.5
id-02456	6	4	13	0.5
id-02457	10	2	12	0.3
id-02458	7	8	18	0.2
id-02459	3	3	18	0.3
id-02460	3	2	23	0.4
id-02461	2	3	11	0.4
id-02462	8	11	5	0.3
id-02463	1	2	9	0.4
id-02464	6	2	4	0.4
id-02465	6	3	10	0.4
id-02466	7	3	2	0.4
id-02467	4	4	28	0.4
id-02468	5	4	3	0.3
id-02469	9	18	2	0.3
id-02470	10	5	21	0.4
id-02471	1	2	27	0.2
id-02472	9	6	1	0.3
id-02473	10	18	16	0.3
id-02474	7	4	9	0.2
id-02475	8	11	3	0.4
id-02476	8	7	25	0.3
id-02477	1	2	21	0.3
id-02478	2	2	20	0.2
id-02479	4	3	11	0.3
id-02480	5	9	21	0.3
id-02481	1	2	20	0.4
id-02482	7	11	19	0.4
id-02483	9	14	22	0.5
id-02484	9	3	23	0.4
id-02485	8	10	22	0.3
id-02486	2	3	21	0.2
id-02487	7	13	11	0.3
id-02488	4	2	7	0.4
id-02489	10	17	29	0.2
id-02490	3	6	29	0.2
id-02491	8	8	4	0.2
id-02492	2	2	28	0.4
id-02493	1	2	10	0.4
id-02494	10	16	14	0.3
id-02495	6	4	12	0.4
id-02496	8	12	24	0.5
id-02497	6	8	19	0.4
id-02498	7	4	19	0.4
id-02499	9	18	17	0.4
id-02500	6	2	30	0.5
id-02501	7	8	26	0.4
id-02502	10	15	5	0.3
id-02503	4	6	2	0.5
id-02504	1	2	13	0.2
id-02505	4	3	1	0.5
id-02506	3	4	2	0.2
id-02507	1	2	4	0.4
id-02508	4	2	21	0.4
id-02509	2	4	24	0.4
id-02510	6	9	7	0.4
id-02511	1	2	8	0.3
id-02512	6	8	17	0.2
id-02513	2	3	6	0.3
id-02514	8	13	23	0.5
id-02515	1	2	8	0.4
id-02516	9	6	22	0.2
id-02517	1	2	22	0.2
id-02518	5	6	18	0.3
id-02519	2	2	3	0.2
id-02520	10	7	26	0.4
id-02521	4	6	21	0.3
id-02522	1	2	1	0.4
id-02523	10	15	16	0.4
id-02524	9	4	6	0.5
id-02525	6	8	4	0.3
id-02526	5	5	27	0.3
id-02527	1	2	4	0.4
id-02528	8	2	20	0.2
id-02529	8	4	4	0.3
id-02530	9	10	28	0.4
id-02531	7	10	29	0.5
id-02532	2	3	15	0.3
id-02533	1	2	3	0.5
id-02534	3	2	16	0.5
id-02535	7	9	20	0.2
id-02536	3	6	15	0.3
id-02537	2	3	15	0.5
id-02538	4	7	1	0.2
id-02539	10	12	18	0.3
id-02540	9	16	10	0.3
id-02541	5	5	3	0.4
id-02542	5	6	30	0.4
id-02543	8	15	29	0.5
id-02544	4	7	11	0.3
id-02545	1	2	22	0.5
id-02546	9	13	7	0.2
id-02547	8	5	29	0.3
id-02548	4	7	21	0.4
id-02549	10	12	10	0.5
id-02550	6	11	8	0.5
id-02551	2	3	27	0.4
id-02552	10	4	28	0.2
id-02553	3	2	9	0.4
id-02554	4	4	18	0.5
id-02555	2	4	6	0.2
id-02556	10	8	1	0.4
id-02557	8	16	23	0.3
id-02558	5	6	15	0.4
id-02559	3	5	30	0.4
id-02560	6	3	15	0.3
id-02561	9	16	9	0.5
id-02562	7	14	12	0.5
id-02563	9	10	29	0.4
id-02564	9	18	12	0.2
id-02565	9	4	26	0.2
id-02566	9	2	27	0.3
id-02567	4	8	27	0.4
id-02568	2	4	10	0.2
id-02569	6	4	1	0.5
id-02570	8	12	19	0.2
id-02571	9	17	16	0.2
id-02572	8	5	26	0.5
id-02573	8	12	29	0.3
id-02574	9	2	30	0.5
id-02575	9	8	8	0.3
id-02576	9	4	15	0.4
id-02577	10	2	27	0.5
id-02578	6	6	20	0.5
id-02579	6	8	23	0.4
id-02580	6	6	23	0.2
id-02581	4	2	11	0.4
id-02582	10	5	2	0.3
id-02583	4	4	26	0.3
id-02584	10	3	11	0.4
id-02585	9	18	11	0.2
id-02586	3	2	9	0.4
id-02587	8	2	8	0.5
id-02588	9	8	25	0.5
id-02589	3	5	7	0.2
id-02590	10	6	26	0.2
id-02591	10	15	30	0.3
id-02592	4	4	8	0.3
id-02593	8	9	13	0.5
id-02594	5	7	19	0.5
id-02595	5	9	3	0.4
id-02596	4	7	7	0.2
id-02597	4	2	17	0.4
id-02598	6	10	14	0.4
id-02599	5	10	12	0.4
id-02600	4	2	9	0.3
id-02601	3	3	6	0.2
id-02602	5	3	27	0.3
id-02603	5	4	9	0.4
id-02604	8	12	19	0.4
id-02605	1	2	25	0.3
id-02606	3	5	28	0.4
id-02607	5	2	5	0.5
id-02608	10	16	26	0.3
id-02609	3	3	14	0.4
id-02610	8	2	21	0.3
id-02611	9	15	6	0.4
id-02612	8	5	27	0.3
id-02613	1	2	11	0.3
id-02614	9	5	16	0.4
id-02615	5	5	7	0.4
id-02616	4	5	15	0.4
id-02617	2	2	30	0.2
id-02618	9	16	2	0.3
id-02619	9	14	17	0.4
id-02620	8	15	10	0.5
id-02621	10	16	23	0.3
id-02622	9	9	20	0.4
id-02623	4	8	13	0.2
id-02624	5	2	14	0.2
id-02625	5	3	5	0.3
id-02626	8	12	12	0.4
id-02627	5	7	20	0.3
id-02628	7	8	9	0.4
id-02629	7	5	30	0.5
id-02630	6	4	8	0.4
id-02631	7	6	17	0.3
id-02632	3	4	28	0.4
id-02633	3	4	5	0.4
id-02634	2	3	17	0.5
id-02635	3	2	2	0.3
id-02636	8	11	27	0.4
id-02637	1	2	6	0.4
id-02638	1	2	15	0.3
id-02639	7	7	14	0.4
id-02640	2	4	14	0.5
id-02641	2	3	15	0.5
id-02642	10	17	10	0.3
id-02643	1	2	2	0.4
id-02644	8	14	29	0.3
id-02645	6	6	27	0.4
id-02646	9	9	21	0.2
id-02647	5	3	27	0.3
id-02648	8	13	14	0.3
id-02649	8	3	27	0.3
id-02650	9	2	8	0.4
id-02651	5	8	30	0.3
id-02652	2	2	11	0.2
id-02653	1	2	4	0.3
id-02654	2	4	29	0.4
id-02655	2	3	14	0.5
id-02656	2	2	23	0.2
id-02657	6	8	23	0.2
id-02658	1	2	9	0.4
id-02659	1	2	18	0.3
id-02660	3	5	3	0.3
id-02661	8	8	22	0.3
id-02662	3	5	9	0.4
id-02663	10	6	13	0.3
id-02664	9	12	26	0.4
id-02665	10	3	29	0.4
id-02666	8	12	20	0.2
id-02667	10	19	19	0.4
id-02668	9	7	10	0.4
id-02669	10	16	28	0.5
id-02670	4	6	20	0.2
id-02671	10	19	14	0.3
id-02672	3	2	8	0.3
id-02673	4	2	29	0.3
id-02674	9	13	21	0.2
id-02675	3	6	17	0.3
id-02676	1	2	25	0.5
id-02677	10	8	5	0.2
id-02678	9	2	11	0.4
id-02679	1	2	1	0.2
id-02680	4	6	12	0.3
id-02681	8	2	20	0.3
id-02682	7	3	29	0.3
id-02683	6	4	12	0.5
id-02684	5	5	3	0.3
id-02685	9	14	17	0.3
id-02686	1	2	18	0.2
id-02687	9	10	14	0.4
id-02688	5	7	12	0.2
id-02689	9	6	12	0.3
id-02690	9	16	21	0.4
id-02691	10	9	24	0.3
id-02692	3	6	15	0.3
id-02693	2	4	14	0.4
id-02694	10	11	2	0.4
id-02695	7	7	18	0.3
id-02696	5	9	7	0.3
id-02697	3	2	14	0.5
id-02698	1	2	20	0.3
id-02699	5	6	13	0.5
id-02700	4	4	18	0.5
id-02701	8	6	19	0.3
id-02702	5	9	23	0.4
id-02703	5	9	20	0.3
id-02704	2	3	15	0.4
id-02705	6	9	30	0.4
id-02706	3	5	19	0.5
id-02707	6	9	3	0.3
id-02708	2	2	10	0.4
id-02709	4	4	17	0.5
id-02710	10	15	29	0.2
id-02711	9	16	7	0.3
id-02712	7	2	19	0.5
id-02713	6	8	14	0.2
id-02714	8	15	15	0.5
id-02715	3	4	21	0.2
id-02716	3	4	30	0.2
id-02717	1	2	18	0.2
id-02718	9	10	9	0.3
id-02719	4	5	22	0.5
id-02720	6	5	21	0.5
id-02721	2	3	17	0.2
id-02722	6	6	15	0.3
id-02723	9	12	9	0.4
id-02724	7	2	30	0.3
id-02725	5	8	15	0.3
id-02726	1	2	28	0.5
id-02727	8	2	24	0.2
id-02728	8	6	4	0.3
id-02729	10	20	5	0.5
id-02730	2	4	28	0.2
id-02731	7	14	14	0.4
id-02732	9	6	14	0.3
id-02733	5	9	16	0.4
id-02734	10	6	6	0.2
id-02735	6	9	5	0.3
id-02736	2	4	24	0.5
id-02737	10	16	19	0.3
id-02738	3	2	4	0.4
id-02739	4	3	12	0.2
id-02740	3	4	5	0.2
id-02741	6	7	28	0.4
id-02742	9	7	18	0.4
id-02743	6	6	15	0.3
id-02744	6	2	8	0.3
id-02745	7	13	9	0.2
id-02746	7	7	27	0.4
id-02747	7	14	23	0.3
id-02748	8	13	19	0.2
id-02749	5	8	7	0.3
id-02750	10	17	16	0.5
id-02751	7	14	13	0.3
id-02752	5	9	18	0.3
id-02753	2	4	18	0.5
id-02754	3	2	10	0.3
id-02755	1	2	19	0.3
id-02756	2	3	26	0.4
id-02757	7	8	1	0.4
id-02758	1	2	16	0.4
id-02759	10	6	16	0.3
id-02760	4	8	1	0.3
id-02761	9	15	10	0.4
id-02762	9	3	6	0.3
id-02763	2	2	1	0.4
id-02764	3	5	15	0.4
id-02765	2	4	9	0.2
id-02766	6	2	13	0.4
id-02767	2	4	8	0.3
id-02768	5	9	14	0.3
id-02769	8	14	5	0.3
id-02770	5	3	16	0.4
id-02771	2	2	25	0.3
id-02772	6	11	7	0.4
id-02773	2	2	13	0.3
id-02774	4	6	15	0.3
id-02775	5	10	3	0.5
id-02776	2	2	28	0.3
id-02777	1	2	20	0.3
id-02778	10	12	1	0.5
id-02779	2	3	8	0.3
id-02780	5	8	11	0.5
id-02781	9	10	21	0.5
id-02782	9	11	24	0.4
id-02783	8	14	25	0.5
id-02784	3	2	10	0.3
id-02785	5	9	11	0.2
id-02786	2	4	12	0.3
id-02787	4	8	28	0.4
id-02788	9	10	16	0.5
id-02789	8	14	27	0.5
id-02790	5	9	25	0.4
id-02791	8	7	26	0.3
id-02792	2	2	6	0.2
id-02793	8	11	16	0.3
id-02794	9	17	22	0.4
id-02795	4	3	13	0.5
id-02796	1	2	9	0.4
id-02797	6	2	30	0.3
id-02798	3	5	17	0.3
id-02799	10	6	27	0.4
id-02800	3	6	17	0.4
id-02801	5	5	10	0.5
id-02802	9	17	1	0.5
id-02803	9	5	25	0.3
id-02804	1	2	5	0.4
id-02805	10	20	17	0.2
id-02806	1	2	12	0.4
id-02807	6	2	3	0.3
id-02808	2	4	20	0.2
id-02809	6	2	1	0.3
id-02810	9	7	26	0.4
id-02811	1	2	27	0.4
id-02812	6	11	3	0.3
id-02813	6	4	13	0.3
id-02814	1	2	15	0.5
id-02815	4	4	10	0.4
id-02816	10	17	9	0.5
id-02817	7	7	16	0.3
id-02818	6	8	15	0.2
id-02819	8	5	20	0.4
id-02820	2	4	22	0.4
id-02821	5	4	10	0.2
id-02822	4	5	22	0.4
id-02823	3	6	27	0.5
id-02824	10	15	27	0.3
id-02825	1	2	28	0.3
id-02826	8	15	27	0.3
id-02827	9	12	3	0.2
id-02828	1	2	29	0.5
id-02829	1	2	30	0.3
id-02830	9	15	22	0.3
id-02831	4	5	9	0.2
id-02832	9	5	30	0.3
id-02833	5	3	17	0.2
id-02834	1	2	12	0.2
id-02835	5	7	18	0.2
id-02836	7	12	11	0.5
id-02837	6	6	18	0.5
id-02838	1	2	27	0.4
id-02839	2	4	29	0.4
id-02840	7	3	26	0.5
id-02841	7	13	19	0.3
id-02842	7	5	20	0.2
id-02843	3	6	14	0.5
id-02844	2	2	21	0.5
id-02845	3	6	7	0.4
id-02846	9	8	20	0.3
id-02847	8	10	2	0.3
id-02848	10	3	16	0.5
id-02849	2	3	9	0.4
id-02850	8	10	29	0.4
id-02851	8	7	22	0.4
id-02852	6	12	25	0.3
id-02853	1	2	8	0.5
id-02854	7	3	26	0.2
id-02855	4	2	30	0.5
id-02856	1	2	20	0.4
id-02857	3	3	25	0.3
id-02858	4	8	1	0.3
id-02859	2	2	20	0.3
id-02860	1	2	8	0.5
id-02861	4	3	16	0.3
id-02862	3	4	26	0.3
id-02863	8	12	18	0.2
id-02864	2	4	15	0.4
id-02865	4	4	26	0.3
id-02866	7	14	9	0.4
id-02867	4	2	8	0.3
id-02868	8	3	25	0.5
id-02869	10	6	19	0.2
id-02870	8	5	9	0.3
id-02871	7	8	8	0.3
id-02872	7	12	16	0.3
id-02873	6	2	15	0.3
id-02874	9	17	8	0.2
id-02875	6	7	23	0.3
id-02876	8	10	5	0.3
id-02877	3	5	26	0.3
id-02878	6	5	2	0.4
id-02879	9	15	20	0.5
id-02880	1	2	14	0.3
id-02881	2	2	2	0.4
id-02882	9	11	26	0.2
id-02883	2	3	17	0.5
id-02884	6	4	22	0.4
id-02885	3	4	14	0.4
id-02886	8	3	7	0.4
id-02887	5	3	6	0.4
id-02888	8	13	8	0.3
id-02889	1	2	10	0.4
id-02890	9	4	26	0.5
id-02891	4	2	1	0.4
id-02892	2	4	25	0.4
id-02893	3	2	23	0.5
id-02894	1	2	19	0.2
id-02895	2	3	20	0.3
id-02896	4	6	9	0.5
id-02897	8	12	28	0.3
id-02898	8	4	19	0.5
id-02899	8	12	10	0.4
id-02900	3	5	6	0.3
id-02901	1	2	27	0.2
id-02902	7	4	8	0.4
id-02903	1	2	2	0.4
id-02904	6	2	7	0.5
id-02905	9	5	13	0.3
id-02906	4	6	19	0.4
id-02907	2	3	14	0.2
id-02908	10	5	28	0.4
id-02909	7	2	22	0.2
id-02910	8	2	1	0.4
id-02911	4	2	15	0.2
id-02912	9	17	19	0.4
id-02913	3	6	10	0.4
id-02914	2	4	13	0.4
id-02915	7	9	2	0.4
id-02916	2	2	28	0.4
id-02917	5	3	13	0.4
id-02918	3	6	21	0.5
id-02919	1	2	24	0.4
id-02920	7	6	1	0.5
id-02921	7	7	21	0.4
id-02922	6	12	28	0.4
id-02923	10	9	28	0.2
id-02924	6	4	20	0.3
id-02925	3	2	10	0.3
id-02926	2	4	19	0.3
id-02927	6	6	14	0.3
id-02928	8	2	12	0.3
id-02929	3	5	20	0.4
id-02930	10	10	21	0.4
id-02931	7	7	7	0.2
id-02932	5	3	19	0.3
id-02933	9	6	29	0.3
id-02934	7	13	2	0.4
id-02935	3	6	26	0.2
id-02936	3	3	7	0.3
id-02937	7	3	14	0.4
id-02938	4	5	27	0.5
id-02939	3	4	16	0.3
id-02940	2	2	24	0.5
id-02941	5	10	21	0.3
id-02942	8	4	17	0.3
id-02943	4	7	19	0.2
id-02944	4	4	22	0.2
id-02945	7	5	21	0.3
id-02946	7	3	26	0.3
id-02947	8	15	3	0.5
id-02948	4	2	15	0.5
id-02949	1	2	6	0.3
id-02950	7	12	29	0.5
id-02951	10	17	18	0.4
id-02952	4	3	18	0.3
id-02953	10	4	21	0.4
id-02954	3	2	25	0.5
id-02955	3	5	20	0.2
id-02956	4	2	10	0.3
id-02957	6	2	17	0.3
id-02958	4	4	10	0.3
id-02959	3	5	10	0.4
id-02960	2	2	14	0.4
id-02961	5	3	5	0.3
id-02962	7	9	16	0.3
id-02963	3	6	18	0.5
id-02964	4	7	3	0.5
id-02965	9	14	29	0.3
id-02966	3	6	23	0.3
id-02967	10	5	21	0.3
id-02968	7	6	15	0.4
id-02969	8	16	24	0.4
id-02970	8	3	8	0.4
id-02971	9	8	6	0.3
id-02972	7	2	5	0.3
id-02973	9	9	4	0.4
id-02974	7	4	29	0.2
id-02975	2	4	3	0.2
id-02976	9	3	22	0.2
id-02977	1	2	11	0.4
id-02978	1	2	22	0.3
id-02979	1	2	21	0.4
id-02980	1	2	17	0.5
id-02981	1	2	8	0.4
id-02982	2	4	14	0.3
id-02983	6	3	16	0.4
id-02984	6	3	22	0.3
id-02985	6	12	10	0.4
id-02986	8	6	9	0.3
id-02987	9	8	20	0.3
id-02988	2	4	5	0.5
id-02989	8	14	24	0.4
id-02990	7	12	22	0.4
id-02991	5	10	15	0.5
id-02992	4	8	4	0.2
id-02993	5	4	23	0.5
id-02994	2	2	2	0.2
id-02995	2	3	1	0.2
id-02996	9	11	6	0.5
id-02997	2	3	28	0.4
id-02998	2	3	11	0.3
id-02999	2	2	20	0.3
id-03000	4	4	27	0.4
id-03001	1	2	10	0.3
id-03002	10	19	29	0.3
id-03003	5	3	11	0.4
id-03004	6	4	11	0.5
id-03005	3	6	19	0.3
id-03006	8	13	1	0.5
id-03007	3	6	18	0.3
id-03008	6	5	11	0.4
id-03009	3	5	8	0.2
id-03010	2	2	28	0.3
id-03011	9	5	17	0.3
id-03012	6	10	7	0.3
id-03013	8	4	21	0.4
id-03014	3	3	15	0.2
id-03015	7	3	4	0.4
id-03016	7	2	15	0.3
id-03017	1	2	9	0.5
id-03018	8	12	19	0.2
id-03019	2	2	25	0.3
id-03020	10	20	26	0.4
id-03021	4	6	27	0.3
id-03022	8	6	20	0.3
id-03023	9	15	12	0.4
id-03024	4	8	6	0.3
id-03025	2	3	15	0.4
id-03026	7	4	3	0.4
id-03027	10	2	26	0.4
id-03028	4	3	17	0.4
id-03029	4	5	2	0.4
id-03030	3	4	21	0.2
id-03031	10	3	10	0.5
id-03032	10	5	15	0.2
id-03033	5	6	18	0.3
id-03034	2	4	26	0.2
id-03035	3	3	7	0.4
id-03036	2	4	28	0.3
id-03037	3	2	17	0.5
id-03038	10	13	8	0.4
id-03039	2	3	16	0.3
id-03040	7	5	10	0.4
id-03041	4	4	11	0.2
id-03042	4	2	25	0.4
id-03043	7	3	7	0.5
id-03044	10	13	10	0.3
id-03045	7	10	14	0.3
id-03046	2	3	20	0.4
id-03047	9	10	18	0.3
id-03048	6	5	9	0.4
id-03049	2	2	9	0.3
id-03050	10	11	7	0.3
id-03051	4	2	18	0.2
id-03052	8	12	7	0.4
id-03053	8	13	30	0.3
id-03054	3	3	26	0.2
id-03055	7	14	15	0.3
id-03056	7	6	9	0.4
id-03057	4	5	10	0.4
id-03058	10	5	11	0.3
id-03059	3	2	28	0.4
id-03060	8	8	10	0.5
id-03061	6	8	19	0.3
id-03062	1	2	27	0.3
id-03063	4	8	15	0.4
id-03064	2	2	12	0.5
id-03065	3	5	5	0.3
id-03066	9	13	18	0.2
id-03067	2	3	11	0.5
id-03068	4	3	2	0.3
id-03069	9	15	19	0.5
id-03070	5	9	29	0.4
id-03071	2	3	3	0.5
id-03072	4	4	16	0.3
id-03073	8	15	4	0.4
id-03074	5	6	12	0.4
id-03075	4	3	22	0.4
id-03076	10	19	19	0.4
id-03077	4	3	22	0.3
id-03078	1	2	13	0.4
id-03079	1	2	18	0.4
id-03080	7	2	14	0.4
id-03081	6	2	28	0.4
id-03082	8	5	11	0.2
id-03083	8	3	24	0.2
id-03084	7	10	20	0.3
id-03085	9	15	28	0.5
id-03086	1	2	3	0.3
id-03087	10	15	22	0.5
id-03088	7	2	19	0.4
id-03089	3	6	26	0.3
id-03090	3	3	25	0.4
id-03091	2	2	16	0.3
id-03092	2	4	25	0.4
id-03093	5	4	3	0.3
id-03094	10	12	25	0.5
id-03095	10	17	16	0.3
id-03096	5	3	13	0.3
id-03097	8	8	30	0.2
id-03098	5	2	18	0.3
id-03099	5	10	1	0.4
id-03100	7	3	24	0.2
id-03101	6	6	21	0.3
id-03102	9	17	7	0.4
id-03103	4	7	28	0.4
id-03104	2	2	7	0.5
id-03105	8	6	25	0.2
id-03106	9	11	3	0.2
id-03107	10	10	14	0.2
id-03108	6	12	22	0.3
id-03109	4	2	7	0.3
id-03110	8	14	16	0.5
id-03111	5	9	10	0.3
id-03112	9	5	21	0.4
id-03113	6	7	18	0.4
id-03114	10	16	26	0.5
id-03115	1	2	11	0.2
id-03116	5	8	1	0.3
id-03117	2	4	16	0.3
id-03118	9	18	26	0.5
id-03119	6	10	14	0.5
id-03120	8	7	13	0.2
id-03121	10	2	14	0.2
id-03122	10	15	14	0.5
id-03123	3	2	28	0.4
id-03124	1	2	19	0.4
id-03125	8	8	25	0.4
id-03126	10	17	3	0.5
id-03127	7	9	29	0.5
id-03128	8	7	20	0.5
id-03129	1	2	4	0.3
id-03130	5	4	5	0.3
id-03131	8	10	1	0.3
id-03132	3	2	6	0.3
id-03133	8	11	10	0.4
id-03134	1	2	27	0.2
id-03135	5	2	4	0.2
id-03136	9	12	29	0.4
id-03137	5	6	28	0.5
id-03138	7	10	8	0.4
id-03139	3	3	4	0.4
id-03140	9	11	14	0.3
id-03141	5	9	9	0.3
id-03142	4	3	6	0.3
id-03143	8	9	9	0.5
id-03144	1	2	21	0.3
id-03145	5	9	2	0.3
id-03146	4	7	23	0.5
id-03147	9	7	27	0.4
id-03148	6	3	29	0.2
id-03149	9	6	21	0.2
id-03150	7	9	9	0.5
id-03151	9	13	9	0.5
id-03152	7	8	24	0.4
id-03153	6	12	8	0.4
id-03154	1	2	14	0.3
id-03155	6	5	28	0.2
id-03156	2	3	10	0.5
id-03157	1	2	9	0.4
id-03158	9	7	30	0.5
id-03159	4	6	17	0.4
id-03160	5	8	10	0.4
id-03161	5	8	25	0.4
id-03162	9	13	5	0.3
id-03163	8	6	12	0.3
id-03164	8	12	3	0.2
id-03165	7	11	10	0.3
id-03166	6	6	6	0.4
id-03167	9	15	11	0.2
id-03168	2	2	12	0.3
id-03169	4	4	22	0.4
id-03170	8	13	20	0.4
id-03171	5	6	23	0.3
id-03172	7	6	11	0.5
id-03173	4	5	19	0.2
id-03174	2	2	11	0.2
id-03175	6	8	26	0.2
id-03176	7	4	19	0.3
id-03177	2	2	8	0.5
id-03178	8	7	28	0.3
id-03179	5	4	25	0.2
id-03180	6	6	11	0.3
id-03181	4	2	8	0.5
id-03182	10	3	28	0.5
id-03183	3	6	16	0.4
id-03184	6	6	10	0.4
id-03185	2	4	12	0.4
id-03186	5	6	25	0.5
id-03187	6	9	29	0.4
id-03188	9	7	29	0.4
id-03189	9	8	12	0.3
id-03190	4	4	1	0.4
id-03191	6	12	13	0.2
id-03192	9	12	25	0.3
id-03193	7	10	28	0.3
id-03194	5	4	11	0.4
id-03195	1	2	13	0.3
id-03196	9	5	19	0.3
id-03197	8	2	14	0.3
id-03198	5	10	7	0.3
id-03199	1	2	4	0.4
id-03200	4	7	28	0.3
id-03201	2	4	21	0.2
id-03202	10	20	11	0.3
id-03203	5	3	27	0.3
id-03204	2	2	20	0.4
id-03205	9	17	12	0.2
id-03206	5	4	6	0.4
id-03207	7	12	21	0.3
id-03208	5	5	25	0.3
id-03209	9	17	7	0.3
id-03210	8	14	8	0.5
id-03211	5	10	19	0.2
id-03212	2	3	26	0.3
id-03213	1	2	13	0.3
id-03214	6	7	20	0.5
id-03215	1	2	8	0.4
id-03216	3	5	28	0.3
id-03217	1	2	21	0.4
id-03218	2	4	18	0.4
id-03219	8	10	10	0.2
id-03220	10	8	28	0.5
id-03221	1	2	7	0.3
id-03222	4	6	22	0.3
id-03223	5	8	11	0.3
id-03224	7	7	3	0.4
id-03225	1	2	6	0.3
id-03226	2	2	12	0.4
id-03227	7	4	8	0.5
id-03228	5	7	24	0.3
id-03229	4	4	4	0.4
id-03230	9	4	23	0.5
id-03231	6	10	13	0.4
id-03232	1	2	8	0.2
id-03233	2	4	29	0.4
id-03234	6	2	29	0.2
id-03235	8	12	14	0.5
id-03236	9	6	5	0.2
id-03237	9	3	28	0.4
id-03238	5	6	15	0.3
id-03239	7	6	26	0.3
id-03240	10	2	6	0.4
id-03241	7	10	6	0.4
id-03242	10	8	14	0.3
id-03243	4	4	21	0.4
id-03244	4	2	8	0.4
id-03245	5	2	25	0.2
id-03246	9	11	22	0.5
id-03247	9	13	6	0.5
id-03248	10	16	5	0.2
id-03249	4	6	9	0.3
id-03250	9	5	2	0.2
id-03251	10	13	10	0.4
id-03252	5	6	23	0.2
id-03253	6	12	13	0.5
id-03254	1	2	23	0.4
id-03255	9	2	15	0.2
id-03256	9	9	11	0.2
id-03257	10	8	19	0.3
id-03258	7	10	29	0.4
id-03259	4	3	8	0.2
id-03260	3	6	13	0.5
id-03261	9	5	10	0.5
id-03262	7	12	27	0.2
id-03263	10	18	29	0.2
id-03264	6	7	16	0.3
id-03265	6	6	24	0.4
id-03266	4	6	18	0.3
id-03267	10	8	27	0.5
id-03268	1	2	28	0.3
id-03269	1	2	18	0.4
id-03270	5	9	11	0.2
id-03271	2	2	19	0.3
id-03272	6	3	16	0.3
id-03273	9	4	1	0.5
id-03274	10	3	9	0.5
id-03275	1	2	20	0.3
id-03276	6	5	7	0.3
id-03277	7	9	10	0.3
id-03278	5	5	15	0.5
id-03279	1	2	26	0.3
id-03280	4	3	24	0.2
id-03281	2	3	27	0.3
id-03282	5	8	3	0.3
id-03283	8	2	8	0.5
id-03284	6	10	14	0.3
id-03285	1	2	1	0.4
id-03286	7	13	17	0.4
id-03287	5	7	7	0.5
id-03288	3	2	27	0.2
id-03289	10	2	18	0.3
id-03290	3	4	5	0.2
id-03291	8	2	18	0.4
id-03292	2	2	1	0.2
id-03293	7	14	26	0.2
id-03294	9	11	28	0.2
id-03295	10	6	30	0.3
id-03296	8	3	24	0.3
id-03297	6	4	24	0.3
id-03298	10	5	15	0.5
id-03299	3	2	27	0.3
id-03300	1	2	3	0.2
id-03301	3	5	13	0.5
id-03302	3	5	5	0.5
id-03303	2	4	29	0.2
id-03304	9	17	16	0.3
id-03305	9	14	23	0.4
id-03306	8	3	17	0.5
id-03307	7	2	15	0.2
id-03308	4	6	12	0.4
id-03309	1	2	16	0.5
id-03310	4	6	15	0.3
id-03311	8	9	1	0.3
id-03312	9	18	24	0.2
id-03313	3	3	16	0.4
id-03314	7	11	9	0.5
id-03315	5	7	20	0.3
id-03316	7	13	30	0.3
id-03317	5	5	3	0.3
id-03318	2	4	22	0.2
id-03319	9	5	14	0.5
id-03320	10	6	17	0.4
id-03321	4	6	23	0.3
id-03322	8	8	15	0.5
id-03323	1	2	18	0.4
id-03324	3	5	27	0.4
id-03325	1	2	24	0.4
id-03326	8	10	5	0.3
id-03327	9	12	22	0.3
id-03328	9	11	25	0.4
id-03329	6	5	27	0.2
id-03330	1	2	17	0.3
id-03331	6	3	12	0.3
id-03332	7	14	7	0.5
id-03333	6	11	6	0.2
id-03334	7	13	17	0.2
id-03335	8	4	10	0.4
id-03336	6	2	24	0.4
id-03337	2	4	30	0.2
id-03338	9	14	1	0.2
id-03339	8	9	21	0.3
id-03340	7	13	28	0.4
id-03341	10	17	3	0.5
id-03342	3	6	11	0.3
id-03343	4	3	13	0.3
id-03344	5	4	11	0.4
id-03345	9	7	7	0.3
id-03346	3	4	26	0.2
id-03347	3	2	5	0.4
id-03348	8	6	16	0.5
id-03349	5	6	12	0.3
id-03350	8	11	9	0.5
id-03351	2	2	7	0.5
id-03352	2	4	11	0.5
id-03353	8	12	11	0.3
id-03354	9	16	8	0.3
id-03355	2	3	18	0.3
id-03356	2	3	3	0.4
id-03357	5	8	7	0.4
id-03358	5	10	15	0.5
id-03359	10	18	8	0.4
id-03360	3	6	2	0.4
id-03361	10	11	12	0.5
id-03362	2	4	16	0.4
id-03363	10	10	5	0.2
id-03364	10	7	6	0.5
id-03365	1	2	20	0.3
id-03366	4	6	23	0.4
id-03367	3	4	6	0.2
id-03368	3	2	11	0.4
id-03369	2	4	11	0.3
id-03370	7	4	20	0.4
id-03371	9	6	3	0.4
id-03372	8	13	23	0.3
id-03373	5	2	3	0.3
id-03374	6	6	13	0.2
id-03375	1	2	18	0.3
id-03376	1	2	11	0.3
id-03377	5	7	19	0.4
id-03378	8	10	18	0.3
id-03379	6	2	9	0.4
id-03380	9	14	12	0.3
id-03381	5	9	26	0.4
id-03382	10	6	5	0.4
id-03383	8	16	29	0.5
id-03384	10	17	23	0.5
id-03385	9	6	15	0.4
id-03386	10	16	5	0.3
id-03387	1	2	8	0.2
id-03388	4	8	2	0.5
id-03389	6	3	29	0.4
id-03390	6	7	18	0.4
id-03391	1	2	29	0.4
id-03392	3	6	17	0.3
id-03393	10	3	13	0.3
id-03394	2	3	23	0.3
id-03395	7	11	19	0.3
id-03396	3	2	17	0.3
id-03397	3	5	22	0.4
id-03398	5	4	4	0.5
id-03399	8	6	30	0.5
id-03400	10	14	27	0.3
id-03401	6	2	2	0.2
id-03402	9	5	11	0.3
id-03403	3	5	5	0.2
id-03404	5	7	22	0.2
id-03405	8	6	19	0.4
id-03406	10	2	22	0.4
id-03407	1	2	4	0.3
id-03408	8	12	26	0.5
id-03409	4	2	7	0.5
id-03410	3	4	24	0.4
id-03411	5	5	17	0.2
id-03412	10	18	27	0.2
id-03413	5	3	14	0.4
id-03414	10	10	3	0.3
id-03415	3	6	20	0.3
id-03416	8	6	11	0.3
id-03417	2	3	21	0.5
id-03418	4	7	1	0.3
id-03419	9	12	9	0.4
id-03420	3	2	18	0.4
id-03421	10	2	29	0.2
id-03422	4	5	17	0.3
id-03423	6	4	25	0.4
id-03424	2	2	22	0.3
id-03425	8	6	19	0.3
id-03426	9	14	5	0.2
id-03427	9	18	12	0.2
id-03428	2	2	9	0.3
id-03429	1	2	3	0.3
id-03430	6	12	24	0.5
id-03431	2	4	10	0.4
id-03432	6	11	9	0.4
id-03433	3	6	14	0.5
id-03434	4	5	29	0.5
id-03435	4	2	18	0.3
id-03436	1	2	2	0.3
id-03437	3	4	27	0.4
id-03438	8	11	21	0.4
id-03439	1	2	17	0.4
id-03440	2	4	17	0.4
id-03441	4	6	27	0.4
id-03442	8	13	11	0.5
id-03443	4	3	19	0.4
id-03444	4	8	26	0.3
id-03445	8	7	20	0.2
id-03446	5	5	4	0.4
id-03447	4	6	1	0.3
id-03448	5	3	23	0.2
id-03449	9	13	21	0.2
id-03450	4	7	5	0.4
id-03451	7	14	11	0.3
id-03452	8	15	5	0.2
id-03453	9	7	10	0.4
id-03454	6	6	29	0.4
id-03455	1	2	16	0.3
id-03456	7	8	16	0.4
id-03457	2	3	1	0.5
id-03458	1	2	26	0.3
id-03459	2	4	29	0.4
id-03460	3	5	22	0.3
id-03461	2	2	14	0.5
id-03462	4	4	10	0.5
id-03463	8	14	11	0.3
id-03464	2	2	2	0.5
id-03465	5	6	26	0.3
id-03466	5	5	7	0.5
id-03467	4	6	18	0.5
id-03468	3	3	6	0.3
id-03469	1	2	19	0.5
id-03470	8	4	7	0.2
id-03471	4	3	4	0.3
id-03472	9	6	16	0.3
id-03473	5	9	19	0.4
id-03474	4	7	5	0.5
id-03475	3	5	30	0.4
id-03476	7	6	2	0.3
id-03477	8	16	25	0.3
id-03478	5	10	29	0.2
id-03479	10	18	25	0.2
id-03480	8	3	2	0.3
id-03481	1	2	26	0.2
id-03482	3	4	28	0.3
id-03483	1	2	27	0.2
id-03484	7	14	18	0.3
id-03485	9	4	23	0.5
id-03486	4	5	26	0.3
id-03487	2	2	4	0.4
id-03488	3	6	3	0.4
id-03489	8	13	5	0.3
id-03490	6	12	5	0.3
id-03491	9	4	15	0.4
id-03492	6	5	24	0.4
id-03493	5	8	19	0.4
id-03494	4	4	3	0.5
id-03495	6	6	25	0.5
id-03496	6	9	21	0.3
id-03497	8	10	16	0.4
id-03498	4	2	25	0.5
id-03499	1	2	24	0.4
id-03500	2	4	13	0.2
id-03501	9	11	24	0.4
id-03502	6	9	21	0.3
id-03503	10	5	5	0.4
id-03504	4	5	14	0.5
id-03505	10	14	24	0.4
id-03506	2	3	18	0.4
id-03507	2	4	21	0.3
id-03508	10	11	28	0.3
id-03509	5	10	30	0.3
id-03510	7	6	28	0.2
id-03511	2	3	15	0.3
id-03512	3	3	1	0.4
id-03513	3	5	2	0.4
id-03514	2	3	1	0.4
id-03515	8	7	9	0.5
id-03516	9	10	3	0.3
id-03517	6	2	1	0.3
id-03518	10	17	23	0.5
id-03519	4	6	25	0.5
id-03520	7	6	2	0.5
id-03521	2	4	14	0.5
id-03522	6	4	13	0.4
id-03523	10	4	18	0.5
id-03524	1	2	23	0.2
id-03525	4	7	20	0.2
id-03526	7	3	22	0.5
id-03527	8	3	13	0.4
id-03528	5	8	20	0.2
id-03529	6	3	6	0.4
id-03530	7	4	21	0.3
id-03531	10	11	30	0.3
id-03532	4	3	26	0.3
id-03533	1	2	5	0.5
id-03534	10	3	29	0.5
id-03535	6	5	13	0.5
id-03536	10	7	3	0.4
id-03537	9	12	19	0.2
id-03538	4	5	6	0.3
id-03539	5	10	26	0.5
id-03540	3	6	20	0.5
id-03541	9	11	19	0.3
id-03542	6	11	12	0.5
id-03543	9	14	8	0.3
id-03544	1	2	3	0.2
id-03545	2	2	5	0.3
id-03546	4	2	5	0.3
id-03547	3	4	14	0.3
id-03548	5	7	3	0.3
id-03549	7	11	25	0.4
id-03550	6	2	28	0.5
id-03551	6	6	22	0.4
id-03552	6	5	4	0.4
id-03553	2	3	2	0.3
id-03554	10	12	25	0.5
id-03555	4	7	7	0.2
id-03556	7	7	7	0.3
id-03557	3	2	8	0.3
id-03558	6	2	27	0.5
id-03559	6	8	6	0.3
id-03560	5	9	16	0.2
id-03561	4	5	22	0.3
id-03562	8	8	3	0.3
id-03563	1	2	19	0.3
id-03564	10	17	25	0.2
id-03565	8	10	30	0.4
id-03566	9	14	10	0.4
id-03567	9	3	26	0.4
id-03568	9	12	21	0.3
id-03569	8	6	5	0.3
id-03570	8	4	24	0.3
id-03571	6	4	19	0.4
id-03572	6	3	1	0.5
id-03573	8	6	14	0.4
id-03574	10	16	18	0.3
id-03575	9	3	16	0.4
id-03576	10	7	12	0.4
id-03577	9	11	18	0.4
id-03578	6	11	13	0.2
id-03579	9	4	17	0.3
id-03580	1	2	22	0.5
id-03581	8	9	2	0.3
id-03582	10	5	13	0.4
id-03583	3	2	1	0.3
id-03584	2	2	26	0.4
id-03585	9	2	27	0.3
id-03586	6	9	10	0.4
id-03587	2	3	24	0.4
id-03588	10	14	11	0.2
id-03589	4	4	23	0.3
id-03590	9	2	24	0.3
id-03591	4	4	16	0.4
id-03592	2	3	10	0.5
id-03593	7	13	12	0.4
id-03594	1	2	5	0.4
id-03595	4	3	4	0.3
id-03596	8	12	13	0.3
id-03597	5	10	13	0.5
id-03598	4	7	3	0.4
id-03599	5	5	15	0.4
id-03600	2	3	2	0.4
id-03601	9	14	16	0.3
id-03602	3	5	22	0.4
id-03603	9	5	10	0.3
id-03604	9	8	9	0.5
id-03605	2	3	19	0.4
id-03606	10	6	23	0.5
id-03607	4	5	16	0.2
id-03608	3	6	25	0.4
id-03609	4	3	30	0.4
id-03610	3	3	15	0.3
id-03611	2	4	7	0.4
id-03612	8	14	28	0.3
id-03613	8	9	15	0.2
id-03614	1	2	8	0.4
id-03615	5	10	11	0.5
id-03616	7	3	20	0.5
id-03617	9	7	26	0.4
id-03618	7	13	15	0.3
id-03619	5	3	15	0.3
id-03620	3	4	11	0.3
id-03621	3	6	14	0.4
id-03622	8	12	3	0.4
id-03623	10	9	24	0.4
id-03624	4	2	16	0.4
id-03625	6	5	6	0.4
id-03626	7	10	27	0.2
id-03627	7	14	1	0.3
id-03628	8	8	27	0.3
id-03629	3	4	19	0.5
id-03630	1	2	13	0.2
id-03631	6	7	20	0.4
id-03632	8	13	17	0.5
id-03633	8	6	10	0.3
id-03634	3	3	9	0.3
id-03635	5	10	18	0.4
id-03636	3	5	25	0.4
id-03637	1	2	20	0.3
id-03638	6	8	6	0.3
id-03639	2	2	15	0.3
id-03640	4	6	26	0.3
id-03641	1	2	15	0.5
id-03642	4	2	10	0.5
id-03643	6	9	14	0.5
id-03644	9	10	28	0.4
id-03645	3	6	19	0.5
id-03646	5	5	29	0.3
id-03647	9	13	16	0.4
id-03648	2	2	7	0.4
id-03649	6	3	24	0.2
id-03650	5	4	14	0.5
id-03651	5	10	14	0.3
id-03652	8	2	25	0.5
id-03653	2	2	23	0.3
id-03654	6	6	28	0.3
id-03655	1	2	14	0.4
id-03656	3	4	30	0.2
id-03657	3	3	9	0.3
id-03658	7	13	28	0.3
id-03659	2	2	13	0.2
id-03660	6	12	9	0.3
id-03661	3	5	24	0.3
id-03662	7	4	5	0.4
id-03663	6	2	11	0.4
id-03664	3	2	20	0.4
id-03665	10	6	21	0.2
id-03666	2	2	27	0.2
id-03667	3	3	25	0.2
id-03668	10	20	18	0.5
id-03669	3	2	8	0.4
id-03670	10	10	19	0.5
id-03671	5	3	17	0.3
id-03672	6	6	16	0.2
id-03673	9	2	16	0.2
id-03674	1	2	18	0.3
id-03675	2	4	17	0.3
id-03676	6	8	29	0.3
id-03677	6	2	2	0.4
id-03678	2	3	11	0.3
id-03679	7	11	23	0.2
id-03680	2	4	19	0.3
id-03681	4	3	23	0.3
id-03682	9	7	5	0.2
id-03683	1	2	13	0.3
id-03684	7	5	27	0.3
id-03685	3	4	28	0.4
id-03686	10	3	17	0.4
id-03687	5	3	14	0.3
id-03688	10	11	25	0.5
id-03689	8	12	27	0.3
id-03690	5	4	10	0.5
id-03691	3	2	20	0.4
id-03692	4	5	26	0.5
id-03693	3	2	29	0.4
id-03694	1	2	8	0.4
id-03695	4	5	15	0.3
id-03696	2	3	8	0.4
id-03697	5	7	4	0.4
id-03698	10	6	9	0.4
id-03699	4	3	16	0.4
id-03700	4	6	24	0.4
id-03701	2	4	18	0.2
id-03702	1	2	17	0.4
id-03703	3	2	12	0.5
id-03704	2	2	22	0.4
id-03705	8	7	4	0.4
id-03706	3	6	2	0.5
id-03707	4	3	30	0.3
id-03708	7	9	24	0.2
id-03709	7	3	25	0.4
id-03710	9	14	2	0.3
id-03711	10	14	10	0.3
id-03712	6	2	12	0.2
id-03713	10	11	8	0.4
id-03714	6	6	14	0.5
id-03715	2	3	10	0.4
id-03716	1	2	2	0.4
id-03717	10	10	21	0.3
id-03718	7	14	11	0.4
id-03719	1	2	22	0.5
id-03720	10	3	1	0.4
id-03721	3	6	29	0.4
id-03722	5	7	13	0.4
id-03723	3	2	16	0.2
id-03724	9	17	12	0.4
id-03725	1	2	6	0.5
id-03726	2	3	12	0.2
id-03727	4	2	5	0.3
id-03728	3	5	28	0.5
id-03729	8	9	26	0.3
id-03730	2	3	28	0.2
id-03731	1	2	4	0.5
id-03732	2	2	20	0.4
id-03733	9	14	14	0.3
id-03734	4	8	20	0.3
id-03735	3	5	22	0.3
id-03736	10	8	10	0.4
id-03737	6	3	22	0.4
id-03738	9	16	9	0.4
id-03739	5	3	16	0.4
id-03740	7	12	18	0.4
id-03741	4	6	4	0.3
id-03742	9	2	17	0.5
id-03743	1	2	2	0.4
id-03744	4	6	21	0.4
id-03745	9	4	7	0.5
id-03746	1	2	20	0.2
id-03747	5	5	12	0.4
id-03748	6	4	22	0.3
id-03749	2	3	8	0.3
id-03750	6	11	18	0.4
id-03751	3	2	7	0.5
id-03752	9	12	6	0.3
id-03753	9	12	28	0.5
id-03754	9	9	27	0.4
id-03755	1	2	11	0.3
id-03756	3	3	23	0.4
id-03757	2	2	24	0.5
id-03758	2	4	24	0.3
id-03759	10	9	9	0.5
id-03760	3	5	15	0.5
id-03761	4	5	19	0.4
id-03762	4	7	15	0.2
id-03763	1	2	6	0.2
id-03764	10	20	22	0.4
id-03765	9	12	3	0.4
id-03766	4	8	7	0.3
id-03767	10	7	17	0.2
id-03768	1	2	29	0.5
id-03769	10	2	2	0.4
id-03770	10	6	8	0.4
id-03771	4	2	9	0.3
id-03772	7	2	4	0.4
id-03773	3	4	23	0.3
id-03774	3	4	21	0.4
id-03775	10	13	17	0.2
id-03776	5	3	7	0.3
id-03777	1	2	20	0.2
id-03778	4	4	10	0.2
id-03779	2	4	10	0.4
id-03780	3	4	29	0.3
id-03781	4	2	4	0.5
id-03782	7	3	28	0.5
id-03783	8	16	6	0.3
id-03784	3	4	16	0.5
id-03785	1	2	13	0.3
id-03786	10	20	2	0.5
id-03787	1	2	6	0.3
id-03788	1	2	23	0.2
id-03789	10	2	15	0.3
id-03790	10	9	30	0.3
id-03791	7	12	17	0.4
id-03792	1	2	6	0.4
id-03793	3	4	1	0.4
id-03794	6	4	14	0.3
id-03795	6	12	16	0.4
id-03796	6	8	16	0.4
id-03797	2	2	2	0.4
id-03798	10	20	6	0.4
id-03799	4	6	10	0.3
id-03800	4	7	29	0.5
id-03801	9	12	20	0.3
id-03802	9	18	18	0.2
id-03803	7	2	1	0.4
id-03804	2	4	9	0.2
id-03805	5	5	18	0.3
id-03806	6	2	14	0.3
id-03807	2	2	26	0.3
id-03808	1	2	30	0.3
id-03809	5	9	18	0.2
id-03810	5	8	21	0.5
id-03811	9	10	24	0.5
id-03812	8	15	19	0.4
id-03813	10	12	4	0.3
id-03814	7	14	1	0.5
id-03815	3	5	6	0.4
id-03816	9	5	9	0.3
id-03817	4	4	5	0.3
id-03818	3	5	18	0.3
id-03819	6	5	18	0.3
id-03820	2	2	24	0.2
id-03821	8	5	12	0.3
id-03822	2	4	21	0.3
id-03823	10	8	5	0.4
id-03824	3	5	5	0.4
id-03825	1	2	30	0.2
id-03826	9	6	16	0.2
id-03827	1	2	25	0.2
id-03828	8	5	18	0.4
id-03829	8	16	2	0.4
id-03830	7	11	18	0.2
id-03831	5	2	1	0.5
id-03832	9	18	1	0.2
id-03833	2	4	15	0.5
id-03834	5	10	28	0.3
id-03835	1	2	20	0.4
id-03836	2	3	18	0.5
id-03837	9	13	4	0.3
id-03838	8	5	1	0.5
id-03839	9	14	9	0.2
id-03840	7	5	30	0.3
id-03841	3	2	26	0.4
id-03842	5	9	3	0.4
id-03843	5	4	7	0.5
id-03844	6	3	4	0.3
id-03845	5	2	8	0.3
id-03846	6	8	2	0.3
id-03847	5	8	7	0.4
id-03848	9	8	7	0.4
id-03849	9	2	8	0.4
id-03850	7	14	29	0.3
id-03851	3	6	23	0.5
id-03852	7	5	8	0.2
id-03853	8	7	3	0.5
id-03854	2	4	4	0.4
id-03855	9	7	23	0.3
id-03856	2	2	9	0.2
id-03857	4	2	10	0.4
id-03858	9	9	2	0.2
id-03859	3	6	14	0.3
id-03860	6	7	10	0.5
id-03861	1	2	1	0.4
id-03862	4	4	22	0.5
id-03863	6	11	19	0.5
id-03864	9	10	7	0.4
id-03865	10	17	12	0.3
id-03866	2	2	6	0.3
id-03867	7	2	14	0.4
id-03868	3	2	20	0.5
id-03869	1	2	12	0.2
id-03870	9	5	20	0.5
id-03871	2	4	24	0.3
id-03872	9	2	8	0.5
id-03873	10	11	2	0.3
id-03874	10	4	15	0.4
id-03875	10	14	2	0.5
id-03876	1	2	11	0.5
id-03877	4	2	3	0.5
id-03878	6	7	13	0.2
id-03879	8	7	16	0.4
id-03880	2	3	20	0.4
id-03881	5	3	27	0.5
id-03882	4	6	10	0.3
id-03883	6	5	12	0.5
id-03884	4	8	26	0.4
id-03885	3	5	22	0.4
id-03886	7	13	23	0.4
id-03887	1	2	17	0.3
id-03888	10	5	19	0.3
id-03889	9	2	27	0.3
id-03890	1	2	5	0.2
id-03891	2	2	26	0.5
id-03892	1	2	10	0.4
id-03893	3	2	10	0.4
id-03894	7	6	7	0.3
id-03895	3	6	7	0.4
id-03896	7	5	4	0.4
id-03897	1	2	20	0.4
id-03898	10	13	16	0.4
id-03899	9	17	4	0.3
id-03900	4	5	27	0.2
id-03901	5	2	29	0.2
id-03902	9	15	24	0.4
id-03903	3	2	20	0.4
id-03904	1	2	6	0.4
id-03905	2	2	4	0.4
id-03906	5	9	1	0.3
id-03907	7	2	23	0.4
id-03908	1	2	21	0.3
id-03909	1	2	11	0.4
id-03910	6	7	2	0.5
id-03911	1	2	5	0.4
id-03912	9	4	24	0.4
id-03913	7	8	25	0.2
id-03914	3	2	29	0.5
id-03915	3	2	21	0.4
id-03916	2	4	6	0.4
id-03917	2	3	4	0.2
id-03918	6	8	13	0.3
id-03919	7	14	26	0.2
id-03920	8	11	26	0.4
id-03921	8	14	15	0.3
id-03922	6	2	10	0.3
id-03923	9	13	9	0.5
id-03924	9	5	29	0.2
id-03925	6	7	16	0.4
id-03926	10	16	9	0.3
id-03927	10	9	19	0.4
id-03928	1	2	14	0.5
id-03929	2	3	10	0.4
id-03930	10	13	9	0.5
id-03931	6	2	13	0.2
id-03932	3	6	3	0.2
id-03933	2	3	28	0.3
id-03934	7	13	17	0.5
id-03935	7	2	6	0.4
id-03936	7	9	10	0.3
id-03937	3	6	14	0.3
id-03938	5	9	16	0.2
id-03939	10	3	14	0.5
id-03940	6	5	5	0.4
id-03941	6	5	29	0.2
id-03942	3	6	20	0.4
id-03943	7	8	10	0.3
id-03944	3	3	6	0.4
id-03945	10	2	12	0.4
id-03946	1	2	21	0.3
id-03947	8	5	16	0.5
id-03948	8	4	3	0.2
id-03949	6	5	16	0.4
id-03950	2	2	4	0.2
id-03951	3	2	15	0.5
id-03952	3	6	2	0.3
id-03953	8	16	10	0.4
id-03954	10	3	23	0.3
id-03955	6	5	14	0.4
id-03956	9	5	5	0.4
id-03957	8	10	29	0.5
id-03958	7	13	22	0.4
id-03959	8	3	9	0.3
id-03960	10	6	4	0.5
id-03961	5	4	15	0.5
id-03962	8	16	8	0.4
id-03963	10	10	10	0.3
id-03964	10	6	25	0.4
id-03965	3	6	7	0.4
id-03966	9	9	4	0.3
id-03967	8	3	11	0.3
id-03968	5	9	9	0.3
id-03969	5	6	4	0.3
id-03970	7	2	7	0.4
id-03971	7	12	16	0.3
id-03972	9	15	12	0.4
id-03973	3	6	3	0.3
id-03974	10	11	18	0.4
id-03975	3	2	4	0.2
id-03976	7	3	16	0.5
id-03977	9	4	26	0.5
id-03978	6	11	8	0.3
id-03979	3	4	13	0.3
id-03980	10	17	22	0.3
id-03981	6	4	15	0.3
id-03982	9	2	18	0.3
id-03983	5	4	27	0.2
id-03984	10	6	9	0.3
id-03985	5	8	2	0.3
id-03986	7	10	23	0.5
id-03987	2	2	3	0.3
id-03988	10	5	20	0.3
id-03989	5	2	15	0.5
id-03990	7	4	2	0.3
id-03991	10	12	6	0.2
id-03992	7	13	7	0.2
id-03993	5	10	11	0.4
id-03994	10	5	6	0.4
id-03995	8	13	12	0.4
id-03996	5	10	26	0.4
id-03997	7	8	28	0.2
id-03998	8	9	6	0.2
id-03999	9	8	2	0.5
id-04000	10	7	30	0.2
id-04001	1	2	28	0.3
id-04002	7	13	17	0.2
id-04003	8	10	27	0.4
id-04004	10	20	17	0.5
id-04005	5	5	30	0.4
id-04006	2	2	3	0.2
id-04007	9	6	12	0.3
id-04008	3	4	4	0.3
id-04009	4	4	21	0.3
id-04010	9	14	15	0.4
id-04011	7	7	9	0.2
id-04012	6	8	27	0.4
id-04013	9	15	11	0.3
id-04014	7	13	29	0.3
id-04015	9	5	5	0.3
id-04016	4	2	30	0.3
id-04017	6	10	13	0.4
id-04018	5	9	16	0.5
id-04019	3	2	28	0.4
id-04020	10	8	9	0.5
id-04021	2	3	24	0.3
id-04022	3	6	28	0.4
id-04023	8	4	30	0.3
id-04024	10	18	15	0.3
id-04025	8	15	4	0.3
id-04026	10	13	29	0.4
id-04027	6	5	1	0.3
id-04028	2	3	22	0.4
id-04029	3	3	3	0.4
id-04030	10	19	7	0.2
id-04031	3	6	15	0.3
id-04032	6	11	26	0.4
id-04033	9	8	16	0.2
id-04034	1	2	17	0.4
id-04035	1	2	27	0.3
id-04036	1	2	12	0.3
id-04037	7	12	8	0.5
id-04038	7	8	26	0.3
id-04039	2	2	27	0.4
id-04040	5	2	21	0.5
id-04041	10	13	24	0.4
id-04042	9	12	27	0.4
id-04043	7	11	29	0.5
id-04044	7	14	7	0.3
id-04045	2	3	20	0.4
id-04046	1	2	16	0.4
id-04047	9	13	4	0.3
id-04048	1	2	14	0.4
id-04049	5	9	4	0.2
id-04050	5	5	28	0.4
id-04051	9	2	10	0.5
id-04052	4	7	11	0.3
id-04053	9	9	5	0.5
id-04054	5	9	24	0.4
id-04055	9	18	30	0.3
id-04056	5	7	15	0.4
id-04057	6	11	13	0.2
id-04058	7	5	14	0.4
id-04059	7	12	17	0.2
id-04060	9	4	27	0.5
id-04061	10	12	29	0.3
id-04062	8	12	11	0.3
id-04063	5	2	12	0.3
id-04064	6	6	16	0.3
id-04065	2	4	21	0.3
id-04066	10	12	4	0.4
id-04067	3	2	2	0.3
id-04068	5	2	16	0.4
id-04069	10	20	1	0.2
id-04070	8	13	6	0.3
id-04071	10	13	4	0.3
id-04072	2	3	25	0.3
id-04073	8	9	6	0.4
id-04074	5	10	17	0.2
id-04075	9	18	29	0.4
id-04076	7	4	30	0.5
id-04077	1	2	17	0.3
id-04078	2	4	11	0.4
id-04079	8	16	24	0.4
id-04080	4	8	9	0.4
id-04081	10	5	20	0.4
id-04082	7	8	30	0.3
id-04083	3	2	26	0.3
id-04084	7	7	29	0.4
id-04085	7	11	12	0.3
id-04086	1	2	23	0.3
id-04087	2	2	22	0.5
id-04088	8	15	30	0.4
id-04089	1	2	17	0.3
id-04090	1	2	26	0.4
id-04091	1	2	25	0.5
id-04092	7	12	12	0.3
id-04093	4	6	14	0.3
id-04094	9	4	19	0.3
id-04095	4	2	18	0.2
id-04096	10	7	1	0.5
id-04097	7	14	30	0.3
id-04098	5	10	22	0.2
id-04099	7	3	27	0.4
id-04100	3	3	19	0.5
id-04101	8	6	3	0.5
id-04102	9	2	16	0.5
id-04103	5	3	24	0.3
id-04104	5	5	25	0.2
id-04105	1	2	19	0.3
id-04106	6	4	4	0.3
id-04107	1	2	10	0.3
id-04108	3	5	2	0.3
id-04109	10	15	3	0.3
id-04110	7	6	14	0.4
id-04111	7	11	16	0.4
id-04112	8	7	22	0.2
id-04113	2	4	17	0.4
id-04114	9	12	22	0.3
id-04115	2	3	8	0.3
id-04116	1	2	11	0.3
id-04117	1	2	20	0.4
id-04118	3	4	30	0.4
id-04119	5	3	21	0.2
id-04120	10	10	20	0.4
id-04121	3	5	15	0.2
id-04122	7	6	12	0.3
id-04123	5	4	30	0.4
id-04124	7	7	29	0.3
id-04125	7	6	4	0.4
id-04126	3	6	27	0.3
id-04127	8	10	21	0.3
id-04128	10	9	24	0.2
id-04129	7	10	22	0.2
id-04130	2	4	1	0.5
id-04131	10	10	9	0.2
id-04132	9	8	3	0.2
id-04133	6	2	7	0.3
id-04134	6	12	6	0.4
id-04135	7	11	7	0.2
id-04136	4	7	16	0.4
id-04137	4	6	5	0.3
id-04138	3	6	15	0.3
id-04139	6	9	6	0.3
id-04140	5	4	2	0.4
id-04141	9	6	13	0.3
id-04142	3	3	25	0.2
id-04143	4	8	15	0.5
id-04144	1	2	25	0.4
id-04145	9	12	15	0.3
id-04146	5	7	2	0.2
id-04147	2	3	29	0.3
id-04148	3	2	3	0.3
id-04149	10	5	17	0.4
id-04150	3	5	1	0.4
id-04151	4	5	29	0.4
id-04152	8	6	10	0.4
id-04153	6	5	12	0.2
id-04154	1	2	13	0.2
id-04155	1	2	25	0.3
id-04156	9	5	4	0.4
id-04157	2	2	26	0.2
id-04158	3	4	1	0.5
id-04159	3	3	13	0.4
id-04160	10	4	23	0.3
id-04161	7	13	23	0.5
id-04162	1	2	13	0.4
id-04163	8	4	20	0.4
id-04164	5	5	19	0.5
id-04165	3	3	13	0.2
id-04166	6	8	2	0.3
id-04167	1	2	20	0.4
id-04168	7	11	26	0.3
id-04169	7	13	22	0.2
id-04170	1	2	18	0.4
id-04171	7	6	3	0.4
id-04172	9	18	19	0.4
id-04173	7	5	24	0.4
id-04174	10	8	26	0.2
id-04175	4	3	27	0.4
id-04176	6	8	8	0.4
id-04177	9	6	18	0.3
id-04178	4	6	25	0.4
id-04179	5	5	15	0.4
id-04180	7	7	24	0.5
id-04181	9	17	26	0.4
id-04182	3	4	1	0.4
id-04183	6	5	22	0.4
id-04184	4	5	12	0.2
id-04185	3	3	24	0.5
id-04186	2	2	25	0.4
id-04187	8	14	16	0.3
id-04188	9	10	17	0.2
id-04189	8	6	1	0.4
id-04190	10	7	13	0.5
id-04191	6	2	28	0.3
id-04192	1	2	29	0.3
id-04193	2	4	14	0.2
id-04194	3	5	30	0.5
id-04195	7	6	20	0.3
id-04196	3	2	9	0.2
id-04197	8	2	1	0.4
id-04198	8	5	26	0.3
id-04199	3	5	28	0.3
id-04200	10	19	9	0.4
id-04201	3	6	1	0.4
id-04202	10	14	1	0.3
id-04203	10	15	4	0.5
id-04204	1	2	23	0.5
id-04205	3	2	4	0.3
id-04206	10	14	18	0.4
id-04207	2	2	26	0.4
id-04208	10	15	10	0.4
id-04209	1	2	12	0.4
id-04210	4	5	2	0.5
id-04211	1	2	8	0.3
id-04212	7	12	14	0.5
id-04213	2	4	5	0.3
id-04214	2	2	30	0.4
id-04215	10	15	4	0.3
id-04216	7	2	22	0.5
id-04217	6	9	26	0.3
id-04218	5	5	25	0.2
id-04219	2	3	21	0.4
id-04220	3	4	3	0.5
id-04221	9	10	12	0.4
id-04222	8	13	26	0.3
id-04223	3	4	30	0.3
id-04224	4	8	22	0.2
id-04225	10	16	12	0.3
id-04226	1	2	2	0.3
id-04227	9	15	10	0.4
id-04228	1	2	27	0.3
id-04229	3	2	25	0.2
id-04230	1	2	19	0.5
id-04231	10	11	16	0.2
id-04232	5	7	21	0.4
id-04233	6	4	20	0.3
id-04234	8	4	22	0.3
id-04235	5	10	3	0.4
id-04236	6	3	20	0.2
id-04237	8	7	15	0.3
id-04238	2	3	20	0.4
id-04239	8	5	9	0.3
id-04240	10	12	24	0.5
id-04241	8	11	16	0.3
id-04242	2	3	4	0.3
id-04243	4	8	1	0.3
id-04244	9	5	26	0.3
id-04245	1	2	28	0.2
id-04246	7	3	7	0.5
id-04247	10	17	4	0.3
id-04248	9	11	21	0.3
id-04249	6	2	10	0.4
id-04250	9	9	10	0.3
id-04251	4	3	14	0.5
id-04252	7	5	16	0.4
id-04253	6	4	20	0.3
id-04254	10	12	12	0.3
id-04255	7	12	27	0.4
id-04256	2	2	7	0.2
id-04257	10	14	20	0.3
id-04258	3	4	27	0.3
id-04259	1	2	4	0.5
id-04260	7	4	26	0.5
id-04261	4	6	8	0.4
id-04262	5	4	26	0.4
id-04263	6	2	29	0.5
id-04264	8	7	16	0.5
id-04265	6	11	4	0.4
id-04266	3	6	8	0.3
id-04267	5	10	5	0.3
id-04268	6	2	7	0.5
id-04269	6	5	23	0.3
id-04270	1	2	8	0.4
id-04271	2	2	21	0.2
id-04272	3	5	3	0.2
id-04273	10	3	28	0.4
id-04274	4	2	4	0.3
id-04275	9	15	8	0.4
id-04276	1	2	20	0.3
id-04277	1	2	16	0.3
id-04278	6	12	23	0.3
id-04279	2	2	4	0.4
id-04280	3	2	16	0.3
id-04281	1	2	8	0.4
id-04282	3	6	27	0.3
id-04283	2	3	20	0.5
id-04284	2	3	6	0.2
id-04285	2	4	13	0.3
id-04286	10	10	12	0.3
id-04287	1	2	1	0.2
id-04288	4	4	13	0.4
id-04289	2	3	16	0.3
id-04290	9	17	25	0.4
id-04291	4	7	16	0.3
id-04292	3	5	14	0.2
id-04293	3	5	7	0.3
id-04294	1	2	20	0.5
id-04295	3	5	11	0.3
id-04296	8	10	4	0.2
id-04297	9	10	1	0.3
id-04298	7	4	30	0.3
id-04299	7	11	22	0.3
id-04300	10	18	26	0.3
id-04301	1	2	19	0.3
id-04302	9	17	25	0.2
id-04303	9	4	10	0.4
id-04304	9	12	17	0.4
id-04305	9	12	15	0.4
id-04306	10	16	22	0.3
id-04307	9	15	25	0.3
id-04308	5	9	13	0.3
id-04309	3	3	28	0.2
id-04310	5	10	16	0.3
id-04311	3	6	20	0.4
id-04312	2	4	10	0.5
id-04313	8	2	9	0.4
id-04314	7	13	21	0.4
id-04315	2	2	20	0.2
id-04316	4	2	9	0.4
id-04317	7	5	8	0.4
id-04318	6	5	30	0.5
id-04319	3	4	12	0.3
id-04320	6	5	2	0.5
id-04321	4	2	7	0.3
id-04322	3	4	18	0.5
id-04323	6	7	25	0.3
id-04324	6	4	7	0.5
id-04325	7	10	4	0.5
id-04326	8	5	19	0.3
id-04327	10	11	10	0.5
id-04328	6	6	23	0.4
id-04329	8	11	27	0.3
id-04330	4	7	17	0.4
id-04331	2	2	5	0.4
id-04332	3	3	8	0.3
id-04333	6	2	14	0.3
id-04334	6	12	2	0.2
id-04335	6	3	15	0.4
id-04336	9	17	21	0.3
id-04337	9	14	23	0.3
id-04338	10	20	24	0.5
id-04339	10	16	10	0.4
id-04340	1	2	16	0.4
id-04341	4	7	5	0.5
id-04342	6	4	23	0.4
id-04343	1	2	6	0.2
id-04344	9	4	20	0.2
id-04345	8	13	20	0.5
id-04346	2	4	24	0.3
id-04347	3	4	29	0.5
id-04348	8	12	19	0.4
id-04349	6	5	12	0.4
id-04350	6	11	3	0.2
id-04351	2	4	17	0.3
id-04352	5	9	13	0.4
id-04353	9	6	26	0.5
id-04354	7	7	22	0.2
id-04355	6	3	23	0.4
id-04356	3	5	13	0.5
id-04357	6	12	14	0.2
id-04358	3	3	15	0.4
id-04359	6	5	15	0.2
id-04360	3	6	23	0.5
id-04361	2	4	14	0.4
id-04362	2	3	1	0.2
id-04363	10	12	1	0.4
id-04364	5	3	26	0.2
id-04365	8	11	23	0.4
id-04366	1	2	12	0.2
id-04367	7	4	28	0.2
id-04368	1	2	29	0.4
id-04369	9	6	1	0.4
id-04370	6	5	19	0.2
id-04371	9	2	17	0.3
id-04372	1	2	29	0.3
id-04373	10	2	6	0.3
id-04374	5	3	20	0.3
id-04375	6	4	1	0.2
id-04376	3	2	19	0.3
id-04377	4	4	18	0.3
id-04378	3	2	22	0.4
id-04379	9	7	21	0.3
id-04380	9	4	29	0.4
id-04381	9	3	10	0.3
id-04382	2	2	16	0.2
id-04383	9	7	28	0.3
id-04384	6	12	10	0.3
id-04385	5	10	10	0.2
id-04386	9	9	12	0.3
id-04387	5	9	10	0.2
id-04388	1	2	21	0.2
id-04389	1	2	6	0.4
id-04390	5	2	22	0.3
id-04391	6	3	10	0.4
id-04392	2	4	9	0.4
id-04393	6	2	4	0.4
id-04394	6	5	13	0.5
id-04395	6	7	21	0.4
id-04396	4	5	24	0.2
id-04397	3	6	25	0.4
id-04398	9	10	19	0.3
id-04399	4	3	22	0.4
id-04400	8	2	4	0.5
id-04401	8	6	20	0.3
id-04402	9	2	18	0.5
id-04403	9	18	13	0.4
id-04404	7	8	11	0.3
id-04405	3	6	10	0.4
id-04406	2	2	21	0.3
id-04407	6	12	29	0.4
id-04408	5	5	21	0.4
id-04409	4	4	19	0.4
id-04410	3	4	12	0.5
id-04411	6	4	6	0.3
id-04412	4	7	13	0.4
id-04413	9	13	14	0.4
id-04414	8	15	10	0.4
id-04415	9	16	10	0.2
id-04416	8	4	17	0.4
id-04417	4	6	24	0.2
id-04418	10	4	14	0.2
id-04419	9	5	5	0.3
id-04420	9	4	21	0.4
id-04421	9	15	18	0.4
id-04422	8	14	11	0.4
id-04423	2	2	18	0.3
id-04424	8	13	16	0.2
id-04425	5	6	23	0.2
id-04426	8	15	12	0.4
id-04427	6	8	22	0.4
id-04428	3	4	24	0.3
id-04429	2	2	25	0.4
id-04430	4	3	9	0.3
id-04431	2	3	30	0.5
id-04432	2	2	19	0.4
id-04433	9	4	19	0.5
id-04434	10	18	27	0.4
id-04435	8	2	5	0.2
id-04436	2	4	25	0.3
id-04437	1	2	11	0.3
id-04438	2	4	22	0.2
id-04439	1	2	14	0.2
id-04440	5	4	22	0.3
id-04441	4	7	17	0.3
id-04442	6	6	3	0.3
id-04443	5	3	13	0.5
id-04444	4	4	27	0.3
id-04445	8	13	6	0.3
id-04446	4	8	6	0.2
id-04447	2	4	28	0.3
id-04448	8	8	19	0.4
id-04449	9	17	6	0.4
id-04450	4	8	6	0.3
id-04451	5	4	22	0.4
id-04452	10	20	10	0.5
id-04453	10	8	13	0.4
id-04454	7	12	17	0.4
id-04455	9	18	8	0.3
id-04456	10	16	27	0.4
id-04457	9	15	1	0.2
id-04458	6	9	12	0.3
id-04459	3	3	4	0.5
id-04460	8	6	21	0.3
id-04461	6	2	21	0.2
id-04462	4	5	29	0.5
id-04463	9	9	24	0.5
id-04464	7	10	11	0.3
id-04465	4	2	7	0.5
id-04466	7	10	8	0.3
id-04467	4	7	19	0.3
id-04468	1	2	2	0.3
id-04469	10	4	14	0.3
id-04470	10	2	7	0.2
id-04471	10	16	1	0.5
id-04472	5	10	8	0.2
id-04473	9	8	16	0.3
id-04474	7	13	5	0.4
id-04475	7	11	11	0.3
id-04476	9	6	11	0.2
id-04477	2	3	17	0.4
id-04478	8	2	13	0.4
id-04479	9	17	28	0.3
id-04480	9	17	4	0.4
id-04481	6	3	21	0.4
id-04482	9	2	21	0.5
id-04483	5	7	29	0.4
id-04484	4	7	25	0.4
id-04485	5	6	25	0.4
id-04486	1	2	29	0.3
id-04487	6	7	17	0.4
id-04488	1	2	21	0.2
id-04489	10	10	13	0.4
id-04490	6	7	15	0.3
id-04491	4	3	27	0.4
id-04492	10	8	11	0.5
id-04493	4	4	28	0.5
id-04494	3	4	18	0.3
id-04495	8	16	10	0.5
id-04496	5	7	30	0.3
id-04497	6	4	19	0.4
id-04498	9	7	28	0.2
id-04499	2	3	20	0.4
id-04500	6	3	2	0.5
id-04501	10	10	23	0.3
id-04502	2	4	25	0.3
id-04503	2	3	15	0.4
id-04504	7	6	18	0.5
id-04505	9	11	8	0.4
id-04506	4	8	9	0.3
id-04507	6	11	6	0.3
id-04508	2	3	3	0.3
id-04509	10	15	5	0.4
id-04510	1	2	2	0.4
id-04511	10	9	13	0.4
id-04512	7	14	18	0.4
id-04513	10	18	20	0.2
id-04514	5	4	16	0.4
id-04515	5	7	9	0.3
id-04516	4	7	29	0.5
id-04517	10	8	27	0.2
id-04518	3	2	15	0.4
id-04519	7	12	9	0.3
id-04520	1	2	18	0.4
id-04521	4	3	20	0.3
id-04522	1	2	5	0.2
id-04523	5	7	3	0.4
id-04524	1	2	4	0.2
id-04525	1	2	16	0.5
id-04526	5	8	7	0.4
id-04527	8	15	20	0.4
id-04528	2	2	7	0.2
id-04529	1	2	2	0.3
id-04530	1	2	5	0.3
id-04531	1	2	5	0.4
id-04532	8	12	27	0.3
id-04533	2	3	10	0.3
id-04534	4	5	10	0.3
id-04535	4	2	30	0.5
id-04536	10	13	10	0.4
id-04537	4	4	20	0.2
id-04538	5	8	19	0.4
id-04539	10	3	30	0.2
id-04540	3	6	11	0.3
id-04541	3	6	1	0.4
id-04542	5	10	13	0.5
id-04543	3	3	6	0.3
id-04544	4	4	2	0.4
id-04545	3	2	14	0.2
id-04546	9	9	3	0.2
id-04547	9	12	21	0.4
id-04548	10	12	18	0.3
id-04549	6	2	10	0.4
id-04550	7	7	22	0.3
id-04551	9	4	6	0.5
id-04552	10	18	20	0.4
id-04553	8	8	16	0.2
id-04554	9	11	15	0.3
id-04555	8	9	4	0.5
id-04556	8	2	30	0.3
id-04557	4	3	26	0.5
id-04558	8	13	1	0.3
id-04559	2	2	30	0.3
id-04560	8	12	18	0.2
id-04561	4	8	7	0.2
id-04562	1	2	5	0.5
id-04563	10	10	10	0.3
id-04564	3	3	29	0.3
id-04565	6	12	3	0.2
id-04566	10	18	22	0.3
id-04567	4	5	20	0.5
id-04568	6	3	7	0.4
id-04569	8	14	23	0.3
id-04570	9	11	29	0.3
id-04571	9	7	17	0.3
id-04572	8	15	23	0.3
id-04573	6	4	3	0.2
id-04574	4	2	23	0.3
id-04575	10	11	4	0.2
id-04576	9	6	20	0.4
id-04577	7	6	3	0.2
id-04578	2	4	4	0.4
id-04579	10	6	15	0.4
id-04580	10	17	20	0.3
id-04581	4	2	24	0.4
id-04582	10	2	27	0.3
id-04583	9	4	26	0.3
id-04584	10	9	17	0.3
id-04585	2	4	25	0.3
id-04586	1	2	26	0.3
id-04587	3	6	10	0.4
id-04588	2	3	28	0.4
id-04589	2	2	7	0.4
id-04590	3	5	30	0.3
id-04591	8	14	3	0.4
id-04592	8	12	23	0.4
id-04593	7	12	13	0.5
id-04594	9	4	24	0.4
id-04595	1	2	3	0.4
id-04596	5	3	26	0.4
id-04597	4	5	20	0.4
id-04598	4	8	4	0.4
id-04599	2	4	7	0.3
id-04600	4	5	25	0.3
id-04601	1	2	13	0.3
id-04602	9	3	2	0.2
id-04603	2	4	24	0.3
id-04604	6	4	5	0.4
id-04605	1	2	25	0.5
id-04606	8	6	17	0.2
id-04607	4	6	15	0.4
id-04608	5	10	22	0.4
id-04609	3	5	9	0.3
id-04610	2	3	3	0.4
id-04611	1	2	18	0.4
id-04612	4	4	6	0.2
id-04613	10	4	2	0.3
id-04614	3	4	9	0.3
id-04615	10	2	3	0.4
id-04616	10	18	29	0.4
id-04617	8	9	24	0.2
id-04618	6	2	6	0.3
id-04619	1	2	29	0.3
id-04620	9	11	29	0.3
id-04621	2	2	18	0.3
id-04622	6	11	26	0.3
id-04623	9	4	3	0.4
id-04624	9	18	6	0.4
id-04625	9	14	1	0.4
id-04626	9	6	6	0.3
id-04627	6	7	18	0.5
id-04628	4	7	13	0.4
id-04629	6	6	25	0.4
id-04630	5	8	27	0.4
id-04631	1	2	2	0.4
id-04632	10	17	13	0.3
id-04633	7	5	22	0.4
id-04634	9	8	15	0.3
id-04635	5	9	22	0.3
id-04636	9	8	10	0.5
id-04637	2	2	15	0.4
id-04638	10	14	22	0.2
id-04639	8	2	2	0.5
id-04640	5	10	8	0.4
id-04641	8	14	19	0.4
id-04642	4	6	19	0.3
id-04643	7	13	3	0.4
id-04644	3	4	30	0.3
id-04645	9	3	22	0.2
id-04646	6	4	2	0.2
id-04647	1	2	8	0.5
id-04648	4	3	14	0.4
id-04649	10	12	3	0.4
id-04650	3	4	2	0.3
id-04651	7	2	17	0.3
id-04652	6	10	19	0.4
id-04653	7	10	18	0.5
id-04654	5	6	26	0.2
id-04655	5	8	9	0.3
id-04656	4	7	10	0.3
id-04657	6	12	25	0.2
id-04658	3	6	7	0.2
id-04659	8	3	17	0.5
id-04660	3	3	16	0.2
id-04661	2	4	12	0.3
id-04662	9	10	9	0.3
id-04663	10	3	13	0.2
id-04664	6	8	28	0.4
id-04665	2	4	16	0.2
id-04666	9	14	12	0.2
id-04667	5	8	27	0.2
id-04668	8	16	7	0.5
id-04669	2	3	4	0.3
id-04670	6	12	17	0.4
id-04671	4	5	25	0.5
id-04672	5	8	29	0.3
id-04673	3	6	15	0.3
id-04674	5	5	7	0.4
id-04675	8	12	24	0.2
id-04676	5	8	14	0.5
id-04677	5	4	7	0.3
id-04678	4	6	13	0.5
id-04679	6	9	1	0.5
id-04680	5	9	1	0.4
id-04681	8	13	20	0.2
id-04682	1	2	1	0.3
id-04683	7	4	28	0.3
id-04684	5	2	17	0.4
id-04685	6	2	21	0.2
id-04686	10	9	6	0.3
id-04687	1	2	20	0.3
id-04688	3	3	6	0.3
id-04689	4	8	28	0.3
id-04690	6	3	28	0.3
id-04691	6	9	26	0.4
id-04692	8	5	14	0.5
id-04693	7	14	4	0.3
id-04694	4	8	18	0.3
id-04695	5	7	10	0.3
id-04696	9	6	9	0.3
id-04697	5	3	26	0.5
id-04698	2	3	8	0.2
id-04699	8	8	28	0.3
id-04700	9	11	17	0.3
id-04701	7	14	10	0.3
id-04702	1	2	5	0.4
id-04703	2	2	29	0.4
id-04704	7	12	22	0.4
id-04705	6	3	26	0.4
id-04706	8	16	29	0.2
id-04707	7	5	12	0.3
id-04708	6	11	13	0.4
id-04709	8	3	4	0.3
id-04710	9	14	20	0.3
id-04711	5	10	30	0.3
id-04712	5	4	25	0.4
id-04713	2	4	23	0.5
id-04714	10	5	30	0.4
id-04715	3	4	18	0.5
id-04716	1	2	19	0.4
id-04717	10	3	8	0.3
id-04718	4	6	4	0.2
id-04719	4	2	12	0.4
id-04720	10	6	24	0.3
id-04721	4	6	5	0.3
id-04722	1	2	21	0.3
id-04723	3	6	25	0.5
id-04724	7	13	30	0.3
id-04725	4	2	17	0.4
id-04726	2	2	29	0.5
id-04727	8	11	17	0.4
id-04728	8	7	25	0.3
id-04729	5	8	2	0.3
id-04730	6	10	23	0.3
id-04731	2	2	7	0.4
id-04732	2	4	26	0.3
id-04733	1	2	13	0.2
id-04734	1	2	27	0.2
id-04735	10	6	6	0.3
id-04736	1	2	7	0.3
id-04737	5	9	4	0.2
id-04738	5	5	19	0.2
id-04739	9	14	5	0.4
id-04740	8	13	28	0.5
id-04741	2	2	24	0.5
id-04742	3	4	4	0.4
id-04743	4	3	13	0.4
id-04744	10	9	13	0.3
id-04745	1	2	11	0.2
id-04746	8	16	11	0.4
id-04747	6	3	24	0.4
id-04748	2	2	14	0.2
id-04749	2	4	17	0.3
id-04750	10	13	23	0.3
id-04751	10	14	3	0.2
id-04752	5	3	22	0.4
id-04753	3	6	8	0.4
id-04754	10	5	15	0.4
id-04755	9	9	13	0.2
id-04756	6	6	19	0.5
id-04757	9	14	1	0.4
id-04758	3	4	3	0.4
id-04759	4	8	13	0.5
id-04760	8	12	30	0.3
id-04761	4	7	29	0.3
id-04762	1	2	21	0.2
id-04763	9	7	23	0.3
id-04764	6	3	21	0.4
id-04765	4	4	28	0.4
id-04766	4	8	23	0.3
id-04767	1	2	10	0.3
id-04768	6	10	23	0.3
id-04769	1	2	5	0.4
id-04770	7	10	13	0.3
id-04771	1	2	17	0.4
id-04772	2	3	21	0.2
id-04773	5	10	5	0.5
id-04774	7	6	17	0.2
id-04775	4	3	1	0.5
id-04776	4	4	9	0.3
id-04777	2	4	6	0.5
id-04778	4	4	3	0.2
id-04779	10	4	21	0.2
id-04780	9	13	24	0.4
id-04781	7	10	2	0.3
id-04782	5	7	2	0.3
id-04783	7	4	29	0.2
id-04784	7	3	24	0.3
id-04785	1	2	26	0.5
id-04786	5	6	4	0.3
id-04787	6	7	13	0.2
id-04788	3	6	18	0.4
id-04789	3	6	8	0.3
id-04790	4	5	22	0.3
id-04791	8	11	27	0.2
id-04792	5	6	4	0.4
id-04793	10	14	28	0.3
id-04794	6	6	28	0.3
id-04795	4	8	12	0.3
id-04796	1	2	23	0.3
id-04797	8	14	20	0.4
id-04798	8	10	19	0.3
id-04799	7	5	7	0.4
id-04800	2	4	4	0.2
id-04801	2	3	27	0.4
id-04802	9	5	17	0.4
id-04803	1	2	10	0.4
id-04804	8	16	8	0.5
id-04805	9	18	9	0.3
id-04806	9	12	19	0.2
id-04807	8	7	28	0.4
id-04808	2	4	24	0.3
id-04809	2	4	3	0.2
id-04810	3	3	28	0.5
id-04811	4	6	19	0.4
id-04812	4	7	4	0.4
id-04813	10	18	4	0.4
id-04814	2	2	18	0.2
id-04815	8	5	26	0.4
id-04816	9	11	25	0.4
id-04817	10	2	29	0.3
id-04818	4	2	17	0.4
id-04819	5	9	28	0.3
id-04820	9	3	6	0.4
id-04821	6	8	27	0.2
id-04822	8	15	19	0.3
id-04823	8	6	2	0.3
id-04824	3	4	30	0.4
id-04825	4	7	13	0.2
id-04826	3	5	29	0.5
id-04827	9	7	4	0.3
id-04828	4	7	5	0.4
id-04829	7	14	7	0.2
id-04830	3	5	26	0.3
id-04831	3	5	26	0.3
id-04832	5	4	16	0.5
id-04833	1	2	11	0.2
id-04834	9	16	28	0.3
id-04835	10	5	1	0.2
id-04836	7	5	11	0.4
id-04837	8	14	7	0.3
id-04838	2	2	4	0.4
id-04839	9	17	26	0.3
id-04840	1	2	1	0.5
id-04841	4	5	14	0.2
id-04842	7	13	4	0.4
id-04843	5	9	27	0.2
id-04844	6	12	23	0.2
id-04845	8	9	29	0.2
id-04846	8	14	6	0.2
id-04847	5	2	20	0.2
id-04848	9	3	22	0.3
id-04849	7	11	17	0.3
id-04850	10	2	25	0.5
id-04851	8	11	22	0.5
id-04852	4	5	28	0.3
id-04853	3	3	3	0.2
id-04854	8	16	11	0.3
id-04855	4	5	1	0.2
id-04856	6	12	17	0.4
id-04857	7	7	22	0.2
id-04858	3	5	1	0.3
id-04859	2	4	7	0.3
id-04860	10	7	27	0.5
id-04861	7	12	22	0.3
id-04862	7	2	20	0.3
id-04863	6	4	17	0.3
id-04864	1	2	17	0.4
id-04865	6	4	1	0.3
id-04866	10	5	23	0.3
id-04867	8	10	10	0.5
id-04868	10	20	6	0.4
id-04869	8	16	10	0.3
id-04870	5	10	25	0.5
id-04871	6	2	6	0.3
id-04872	1	2	8	0.3
id-04873	1	2	19	0.2
id-04874	5	6	9	0.5
id-04875	9	2	1	0.3
id-04876	8	12	16	0.4
id-04877	1	2	17	0.3
id-04878	9	16	11	0.3
id-04879	7	14	14	0.4
id-04880	8	4	15	0.4
id-04881	10	7	15	0.3
id-04882	6	10	6	0.4
id-04883	6	3	13	0.4
id-04884	1	2	1	0.3
id-04885	1	2	20	0.5
id-04886	6	10	6	0.2
id-04887	9	12	25	0.4
id-04888	2	4	23	0.2
id-04889	8	7	11	0.4
id-04890	2	3	22	0.3
id-04891	2	3	26	0.4
id-04892	1	2	2	0.4
id-04893	9	9	25	0.4
id-04894	8	7	8	0.2
id-04895	4	2	16	0.5
id-04896	3	3	11	0.4
id-04897	8	10	28	0.4
id-04898	7	5	14	0.3
id-04899	2	2	11	0.4
id-04900	10	19	9	0.3
id-04901	8	7	6	0.3
id-04902	9	5	23	0.3
id-04903	6	8	14	0.2
id-04904	5	2	25	0.2
id-04905	2	3	22	0.5
id-04906	9	5	24	0.5
id-04907	6	11	16	0.4
id-04908	8	2	30	0.2
id-04909	5	5	26	0.3
id-04910	5	5	7	0.4
id-04911	3	4	3	0.2
id-04912	3	2	13	0.2
id-04913	3	4	12	0.4
id-04914	4	5	6	0.3
id-04915	3	4	21	0.4
id-04916	3	2	2	0.2
id-04917	7	7	28	0.3
id-04918	5	4	15	0.2
id-04919	3	2	15	0.2
id-04920	5	5	9	0.4
id-04921	1	2	5	0.4
id-04922	4	2	29	0.3
id-04923	3	3	2	0.3
id-04924	1	2	2	0.4
id-04925	9	10	16	0.2
id-04926	9	6	6	0.3
id-04927	7	2	22	0.3
id-04928	1	2	14	0.3
id-04929	10	6	6	0.2
id-04930	2	3	9	0.5
id-04931	9	15	2	0.4
id-04932	6	5	13	0.2
id-04933	2	2	11	0.3
id-04934	4	7	30	0.5
id-04935	6	4	8	0.2
id-04936	6	9	13	0.4
id-04937	1	2	1	0.4
id-04938	5	9	27	0.2
id-04939	8	10	16	0.3
id-04940	6	9	10	0.4
id-04941	7	11	14	0.2
id-04942	4	7	29	0.3
id-04943	4	7	13	0.3
id-04944	10	8	12	0.3
id-04945	8	2	17	0.4
id-04946	1	2	27	0.3
id-04947	4	4	4	0.4
id-04948	9	8	2	0.4
id-04949	6	9	22	0.4
id-04950	5	5	14	0.5
id-04951	9	2	14	0.5
id-04952	4	5	5	0.5
id-04953	4	2	7	0.3
id-04954	7	10	29	0.5
id-04955	4	6	9	0.3
id-04956	9	17	24	0.3
id-04957	9	8	20	0.4
id-04958	10	13	29	0.2
id-04959	10	12	2	0.3
id-04960	3	2	24	0.4
id-04961	3	4	3	0.4
id-04962	1	2	14	0.3
id-04963	4	5	6	0.4
id-04964	8	4	1	0.5
id-04965	5	3	17	0.2
id-04966	2	3	30	0.5
id-04967	2	4	17	0.2
id-04968	4	6	6	0.5
id-04969	10	12	30	0.4
id-04970	4	2	1	0.5
id-04971	1	2	5	0.5
id-04972	9	8	9	0.4
id-04973	2	4	28	0.3
id-04974	1	2	28	0.3
id-04975	4	7	24	0.3
id-04976	1	2	14	0.3
id-04977	4	6	10	0.2
id-04978	7	6	22	0.4
id-04979	10	8	3	0.4
id-04980	7	2	26	0.5
id-04981	1	2	24	0.4
id-04982	1	2	9	0.4
id-04983	10	17	11	0.3
id-04984	9	12	18	0.5
id-04985	6	9	8	0.5
id-04986	10	7	5	0.3
id-04987	4	7	12	0.4
id-04988	2	4	5	0.3
id-04989	8	14	8	0.4
id-04990	10	6	17	0.5
id-04991	2	2	7	0.4
id-04992	6	8	22	0.4
id-04993	7	14	25	0.5
id-04994	3	6	5	0.3
id-04995	6	9	9	0.3
id-04996	4	7	22	0.3
id-04997	1	2	21	0.3
id-04998	7	11	29	0.2
id-04999	4	2	27	0.4
id-05000	4	8	10	0.3
id-05001	6	4	7	0.4
id-05002	3	5	30	0.4
id-05003	4	6	25	0.2
id-05004	7	2	27	0.3
id-05005	3	5	2	0.5
id-05006	6	11	27	0.2
id-05007	7	14	1	0.2
id-05008	7	8	19	0.3
id-05009	7	8	1	0.4
id-05010	1	2	21	0.4
id-05011	1	2	26	0.2
id-05012	4	8	16	0.4
id-05013	7	5	9	0.4
id-05014	6	6	30	0.3
id-05015	6	6	13	0.4
id-05016	3	3	29	0.3
id-05017	6	9	24	0.3
id-05018	4	2	20	0.3
id-05019	4	6	28	0.3
id-05020	5	3	10	0.3
id-05021	4	2	1	0.3
id-05022	5	8	8	0.3
id-05023	7	6	30	0.4
id-05024	4	5	1	0.3
id-05025	7	9	23	0.2
id-05026	4	7	19	0.3
id-05027	7	13	19	0.4
id-05028	4	4	26	0.3
id-05029	1	2	1	0.2
id-05030	4	6	22	0.3
id-05031	3	3	27	0.3
id-05032	5	5	22	0.4
id-05033	7	4	29	0.4
id-05034	4	4	30	0.3
id-05035	6	5	30	0.3
id-05036	10	3	28	0.4
id-05037	4	6	24	0.4
id-05038	8	2	8	0.3
id-05039	7	12	26	0.2
id-05040	4	4	2	0.4
id-05041	2	4	28	0.3
id-05042	9	8	22	0.4
id-05043	7	11	10	0.2
id-05044	10	6	20	0.4
id-05045	3	3	15	0.2
id-05046	5	6	3	0.2
id-05047	8	7	14	0.3
id-05048	8	12	6	0.4
id-05049	9	3	17	0.4
id-05050	10	3	7	0.3
id-05051	6	2	30	0.2
id-05052	10	3	23	0.3
id-05053	1	2	6	0.5
id-05054	10	8	22	0.2
id-05055	9	17	6	0.2
id-05056	4	8	29	0.4
id-05057	4	8	24	0.4
id-05058	3	5	4	0.4
id-05059	10	4	20	0.4
id-05060	7	3	9	0.2
id-05061	9	7	12	0.3
id-05062	2	4	24	0.2
id-05063	2	3	3	0.3
id-05064	7	8	12	0.2
id-05065	2	3	23	0.3
id-05066	5	9	22	0.5
id-05067	8	14	21	0.2
id-05068	5	6	5	0.2
id-05069	3	5	24	0.4
id-05070	8	10	22	0.4
id-05071	10	7	23	0.3
id-05072	8	12	19	0.2
id-05073	2	2	17	0.3
id-05074	3	3	13	0.2
id-05075	7	12	25	0.5
id-05076	8	7	16	0.4
id-05077	3	5	2	0.5
id-05078	10	13	11	0.4
id-05079	6	6	16	0.3
id-05080	6	2	21	0.3
id-05081	10	19	19	0.3
id-05082	10	7	20	0.3
id-05083	3	5	19	0.3
id-05084	10	11	17	0.3
id-05085	3	2	1	0.5
id-05086	10	15	26	0.4
id-05087	1	2	4	0.5
id-05088	10	2	12	0.3
id-05089	5	7	23	0.4
id-05090	2	4	3	0.3
id-05091	6	5	30	0.3
id-05092	6	11	10	0.3
id-05093	3	2	8	0.4
id-05094	9	12	13	0.2
id-05095	5	9	15	0.3
id-05096	10	19	29	0.4
id-05097	3	4	6	0.4
id-05098	1	2	18	0.4
id-05099	7	9	5	0.5
id-05100	7	13	30	0.4
id-05101	7	14	17	0.3
id-05102	6	11	8	0.5
id-05103	1	2	13	0.4
id-05104	8	3	1	0.4
id-05105	4	2	11	0.2
id-05106	7	7	23	0.3
id-05107	9	4	14	0.3
id-05108	7	6	27	0.4
id-05109	6	9	1	0.4
id-05110	1	2	13	0.3
id-05111	7	6	27	0.5
id-05112	2	4	3	0.4
id-05113	7	2	30	0.2
id-05114	8	3	24	0.3
id-05115	4	8	16	0.5
id-05116	9	3	19	0.2
id-05117	7	9	3	0.3
id-05118	1	2	7	0.4
id-05119	9	6	15	0.4
id-05120	4	2	23	0.2
id-05121	3	3	16	0.4
id-05122	6	12	4	0.3
id-05123	9	13	19	0.5
id-05124	2	4	14	0.4
id-05125	5	8	16	0.3
id-05126	2	3	15	0.5
id-05127	6	8	16	0.5
id-05128	3	6	30	0.2
id-05129	4	6	17	0.2
id-05130	9	3	28	0.2
id-05131	8	10	8	0.2
id-05132	4	4	9	0.2
id-05133	8	16	1	0.4
id-05134	6	8	5	0.4
id-05135	4	4	23	0.4
id-05136	4	4	25	0.3
id-05137	3	6	1	0.2
id-05138	4	6	28	0.4
id-05139	8	13	20	0.4
id-05140	9	14	30	0.3
id-05141	8	3	24	0.3
id-05142	2	3	24	0.2
id-05143	7	11	17	0.2
id-05144	7	14	18	0.4
id-05145	4	3	24	0.4
id-05146	7	4	30	0.5
id-05147	7	2	4	0.3
id-05148	2	3	1	0.3
id-05149	8	10	1	0.5
id-05150	1	2	8	0.3
id-05151	1	2	27	0.3
id-05152	6	12	24	0.3
id-05153	1	2	18	0.2
id-05154	5	2	20	0.4
id-05155	3	3	3	0.4
id-05156	6	11	22	0.5
id-05157	8	2	21	0.3
id-05158	7	5	15	0.3
id-05159	9	5	24	0.2
id-05160	5	5	10	0.4
id-05161	10	3	9	0.3
id-05162	4	4	2	0.3
id-05163	4	4	6	0.3
id-05164	7	11	17	0.5
id-05165	10	19	13	0.4
id-05166	1	2	28	0.3
id-05167	10	3	2	0.3
id-05168	6	11	15	0.3
id-05169	6	5	14	0.4
id-05170	10	20	6	0.3
id-05171	4	5	10	0.5
id-05172	2	2	14	0.4
id-05173	4	5	15	0.4
id-05174	4	3	23	0.3
id-05175	7	14	4	0.3
id-05176	1	2	2	0.5
id-05177	9	3	10	0.4
id-05178	5	6	2	0.3
id-05179	4	5	30	0.4
id-05180	3	6	26	0.3
id-05181	5	4	18	0.5
id-05182	7	13	7	0.2
id-05183	7	6	16	0.5
id-05184	2	4	15	0.5
id-05185	5	4	25	0.5
id-05186	8	7	1	0.2
id-05187	5	9	16	0.3
id-05188	5	2	1	0.4
id-05189	5	5	6	0.5
id-05190	7	2	16	0.3
id-05191	5	10	26	0.4
id-05192	4	8	25	0.2
id-05193	4	2	3	0.4
id-05194	3	3	5	0.5
id-05195	7	13	2	0.3
id-05196	3	5	21	0.4
id-05197	2	2	7	0.2
id-05198	6	10	7	0.4
id-05199	5	7	26	0.5
id-05200	8	5	3	0.3
id-05201	7	2	18	0.4
id-05202	4	7	24	0.5
id-05203	8	10	11	0.3
id-05204	5	7	21	0.4
id-05205	9	12	13	0.4
id-05206	8	7	24	0.4
id-05207	3	3	16	0.5
id-05208	6	12	12	0.3
id-05209	6	10	10	0.4
id-05210	7	7	22	0.2
id-05211	2	2	15	0.3
id-05212	8	15	9	0.3
id-05213	4	3	6	0.3
id-05214	2	4	17	0.5
id-05215	10	16	27	0.4
id-05216	5	9	26	0.5
id-05217	8	16	2	0.4
id-05218	6	12	29	0.2
id-05219	3	3	30	0.3
id-05220	2	3	13	0.4
id-05221	5	10	1	0.4
id-05222	10	11	2	0.3
id-05223	1	2	19	0.4
id-05224	8	12	1	0.3
id-05225	5	7	4	0.4
id-05226	5	6	19	0.4
id-05227	2	4	16	0.3
id-05228	9	16	6	0.2
id-05229	1	2	23	0.5
id-05230	3	6	5	0.2
id-05231	2	2	16	0.5
id-05232	1	2	2	0.3
id-05233	2	2	10	0.4
id-05234	7	10	1	0.3
id-05235	2	2	17	0.4
id-05236	10	18	12	0.2
id-05237	1	2	17	0.4
id-05238	3	5	19	0.4
id-05239	9	2	1	0.3
id-05240	8	8	16	0.2
id-05241	5	8	6	0.3
id-05242	2	4	26	0.4
id-05243	8	13	22	0.2
id-05244	4	6	7	0.5
id-05245	2	4	8	0.2
id-05246	2	2	7	0.4
id-05247	5	8	4	0.4
id-05248	9	2	5	0.3
id-05249	7	14	19	0.3
id-05250	9	15	6	0.3
id-05251	5	10	26	0.4
id-05252	9	2	26	0.4
id-05253	2	4	10	0.3
id-05254	9	4	5	0.3
id-05255	4	6	15	0.3
id-05256	2	4	18	0.5
id-05257	10	14	14	0.2
id-05258	5	7	11	0.4
id-05259	8	9	6	0.2
id-05260	9	3	28	0.2
id-05261	2	4	22	0.4
id-05262	9	7	8	0.3
id-05263	10	13	22	0.5
id-05264	9	12	23	0.5
id-05265	6	11	12	0.2
id-05266	4	8	17	0.3
id-05267	2	4	6	0.4
id-05268	7	5	4	0.4
id-05269	4	7	14	0.5
id-05270	9	5	13	0.4
id-05271	3	4	9	0.4
id-05272	4	7	20	0.4
id-05273	2	2	6	0.3
id-05274	9	8	14	0.4
id-05275	4	7	29	0.5
id-05276	5	5	7	0.4
id-05277	5	9	19	0.4
id-05278	1	2	2	0.3
id-05279	3	4	20	0.5
id-05280	3	3	22	0.3
id-05281	1	2	14	0.3
id-05282	4	8	14	0.3
id-05283	8	4	19	0.5
id-05284	1	2	2	0.3
id-05285	7	6	22	0.4
id-05286	1	2	13	0.4
id-05287	9	5	29	0.2
id-05288	6	10	20	0.2
id-05289	7	10	23	0.4
id-05290	1	2	8	0.4
id-05291	6	6	26	0.3
id-05292	6	11	14	0.5
id-05293	10	11	21	0.3
id-05294	1	2	5	0.4
id-05295	8	10	22	0.4
id-05296	1	2	13	0.4
id-05297	6	11	14	0.5
id-05298	8	10	3	0.2
id-05299	4	5	2	0.5
id-05300	8	11	28	0.3
id-05301	2	2	21	0.3
id-05302	9	5	9	0.3
id-05303	4	3	9	0.3
id-05304	5	10	1	0.4
id-05305	3	5	17	0.5
id-05306	3	2	4	0.3
id-05307	1	2	11	0.2
id-05308	5	9	25	0.3
id-05309	5	8	3	0.4
id-05310	1	2	28	0.4
id-05311	8	12	29	0.3
id-05312	6	8	20	0.4
id-05313	6	4	16	0.3
id-05314	8	7	19	0.3
id-05315	7	12	30	0.3
id-05316	2	4	7	0.4
id-05317	4	5	26	0.4
id-05318	9	13	1	0.2
id-05319	6	5	26	0.4
id-05320	5	2	5	0.2
id-05321	3	6	24	0.4
id-05322	3	2	17	0.4
id-05323	2	4	14	0.5
id-05324	9	10	12	0.3
id-05325	3	3	8	0.4
id-05326	5	2	13	0.3
id-05327	10	4	21	0.2
id-05328	5	6	7	0.3
id-05329	4	4	9	0.3
id-05330	9	12	9	0.2
id-05331	5	3	14	0.4
id-05332	3	4	5	0.2
id-05333	3	4	10	0.3
id-05334	10	5	24	0.2
id-05335	6	6	29	0.3
id-05336	1	2	10	0.4
id-05337	5	5	26	0.4
id-05338	2	3	9	0.3
id-05339	6	4	11	0.5
id-05340	2	3	23	0.5
id-05341	8	6	29	0.2
id-05342	6	10	23	0.4
id-05343	8	3	17	0.4
id-05344	3	5	28	0.4
id-05345	5	7	21	0.3
id-05346	8	7	22	0.4
id-05347	2	2	24	0.4
id-05348	4	5	30	0.3
id-05349	9	6	25	0.2
id-05350	5	8	9	0.4
id-05351	2	3	8	0.3
id-05352	2	3	13	0.3
id-05353	5	8	7	0.2
id-05354	5	5	9	0.4
id-05355	7	7	24	0.3
id-05356	3	6	21	0.3
id-05357	5	4	27	0.4
id-05358	6	12	2	0.3
id-05359	10	16	3	0.3
id-05360	2	3	19	0.5
id-05361	8	11	9	0.3
id-05362	7	7	22	0.4
id-05363	9	12	11	0.3
id-05364	3	2	9	0.5
id-05365	3	6	4	0.4
id-05366	2	4	26	0.2
id-05367	2	2	24	0.2
id-05368	3	3	25	0.3
id-05369	5	2	11	0.3
id-05370	1	2	24	0.4
id-05371	8	14	22	0.2
id-05372	10	13	22	0.5
id-05373	6	12	7	0.2
id-05374	5	4	5	0.5
id-05375	3	4	28	0.5
id-05376	2	4	7	0.4
id-05377	1	2	7	0.3
id-05378	9	15	22	0.2
id-05379	6	2	28	0.3
id-05380	9	9	11	0.2
id-05381	6	6	6	0.5
id-05382	8	5	27	0.3
id-05383	3	5	15	0.3
id-05384	3	3	19	0.5
id-05385	2	2	20	0.3
id-05386	8	3	9	0.5
id-05387	3	6	1	0.4
id-05388	6	12	11	0.3
id-05389	1	2	3	0.3
id-05390	6	7	10	0.3
id-05391	3	5	1	0.4
id-05392	5	6	1	0.3
id-05393	9	2	25	0.3
id-05394	3	4	22	0.3
id-05395	8	11	22	0.3
id-05396	7	12	23	0.4
id-05397	8	3	19	0.2
id-05398	2	2	26	0.2
id-05399	6	4	5	0.4
id-05400	10	15	11	0.3
id-05401	2	3	14	0.4
id-05402	1	2	25	0.3
id-05403	1	2	16	0.4
id-05404	9	7	18	0.5
id-05405	8	12	15	0.3
id-05406	9	16	10	0.3
id-05407	3	3	14	0.5
id-05408	7	2	8	0.5
id-05409	9	7	26	0.2
id-05410	10	13	15	0.2
id-05411	6	9	6	0.5
id-05412	3	4	28	0.3
id-05413	1	2	12	0.4
id-05414	1	2	26	0.2
id-05415	8	3	22	0.5
id-05416	6	5	22	0.4
id-05417	1	2	3	0.4
id-05418	10	6	28	0.4
id-05419	4	2	5	0.5
id-05420	2	2	28	0.5
id-05421	2	3	10	0.4
id-05422	8	11	16	0.4
id-05423	9	2	21	0.2
id-05424	8	4	1	0.2
id-05425	9	17	2	0.4
id-05426	9	14	3	0.5
id-05427	4	5	11	0.3
id-05428	9	7	12	0.5
id-05429	2	2	23	0.5
id-05430	8	7	29	0.4
id-05431	10	6	28	0.4
id-05432	1	2	5	0.5
id-05433	6	10	8	0.3
id-05434	10	2	16	0.4
id-05435	2	4	11	0.2
id-05436	10	14	6	0.4
id-05437	2	2	10	0.4
id-05438	1	2	29	0.3
id-05439	7	4	1	0.3
id-05440	2	3	3	0.3
id-05441	7	9	5	0.4
id-05442	3	6	24	0.2
id-05443	6	7	20	0.3
id-05444	6	11	18	0.2
id-05445	8	15	29	0.4
id-05446	1	2	12	0.4
id-05447	9	16	25	0.4
id-05448	9	5	13	0.2
id-05449	10	10	7	0.3
id-05450	3	6	21	0.2
id-05451	7	5	16	0.4
id-05452	9	7	28	0.4
id-05453	2	3	12	0.3
id-05454	2	4	12	0.2
id-05455	10	20	28	0.3
id-05456	3	4	23	0.3
id-05457	6	6	23	0.5
id-05458	3	2	14	0.4
id-05459	9	15	21	0.5
id-05460	9	15	30	0.4
id-05461	1	2	22	0.3
id-05462	9	8	27	0.3
id-05463	7	9	16	0.4
id-05464	9	14	7	0.2
id-05465	7	12	13	0.5
id-05466	4	2	18	0.4
id-05467	2	4	5	0.4
id-05468	8	10	7	0.3
id-05469	10	14	27	0.4
id-05470	5	5	30	0.3
id-05471	2	2	15	0.5
id-05472	2	2	4	0.3
id-05473	4	6	11	0.3
id-05474	6	6	8	0.3
id-05475	3	5	28	0.3
id-05476	4	8	19	0.2
id-05477	1	2	4	0.3
id-05478	10	2	19	0.2
id-05479	9	9	11	0.4
id-05480	9	4	15	0.4
id-05481	3	4	6	0.4
id-05482	9	7	12	0.2
id-05483	4	5	28	0.3
id-05484	4	3	5	0.4
id-05485	10	5	29	0.3
id-05486	5	3	2	0.4
id-05487	1	2	16	0.5
id-05488	9	8	7	0.5
id-05489	8	5	10	0.4
id-05490	5	7	5	0.4
id-05491	2	3	19	0.5
id-05492	10	15	13	0.3
id-05493	7	2	30	0.4
id-05494	10	2	9	0.2
id-05495	4	4	28	0.5
id-05496	10	19	11	0.3
id-05497	2	3	18	0.3
id-05498	1	2	1	0.3
id-05499	9	3	3	0.3
id-05500	1	2	27	0.2
id-05501	10	20	4	0.3
id-05502	6	4	11	0.4
id-05503	10	7	26	0.4
id-05504	2	2	19	0.3
id-05505	4	5	15	0.4
id-05506	4	8	2	0.5
id-05507	3	4	23	0.3
id-05508	9	12	23	0.4
id-05509	8	16	29	0.3
id-05510	3	3	21	0.5
id-05511	9	10	12	0.5
id-05512	1	2	15	0.3
id-05513	4	8	30	0.3
id-05514	7	4	6	0.4
id-05515	2	3	19	0.3
id-05516	8	5	22	0.4
id-05517	6	11	11	0.5
id-05518	8	3	6	0.3
id-05519	5	7	20	0.4
id-05520	10	8	23	0.4
id-05521	8	13	30	0.3
id-05522	4	2	25	0.3
id-05523	5	8	16	0.3
id-05524	1	2	20	0.5
id-05525	9	18	19	0.4
id-05526	5	2	3	0.5
id-05527	7	12	8	0.2
id-05528	3	4	6	0.5
id-05529	3	5	15	0.3
id-05530	6	9	30	0.3
id-05531	1	2	21	0.4
id-05532	2	4	15	0.4
id-05533	10	19	22	0.3
id-05534	2	3	4	0.5
id-05535	10	5	8	0.3
id-05536	8	8	20	0.4
id-05537	1	2	30	0.2
id-05538	8	11	7	0.4
id-05539	3	5	19	0.3
id-05540	9	2	29	0.5
id-05541	8	13	20	0.2
id-05542	3	4	8	0.4
id-05543	6	8	28	0.3
id-05544	6	12	14	0.4
id-05545	2	2	24	0.2
id-05546	10	19	19	0.4
id-05547	4	2	30	0.4
id-05548	7	13	22	0.4
id-05549	9	9	16	0.4
id-05550	3	4	7	0.3
id-05551	10	6	14	0.3
id-05552	7	10	1	0.4
id-05553	2	2	23	0.4
id-05554	6	2	30	0.3
id-05555	4	8	8	0.5
id-05556	6	3	9	0.5
id-05557	4	6	3	0.3
id-05558	9	2	19	0.4
id-05559	9	7	2	0.5
id-05560	2	2	1	0.3
id-05561	9	4	7	0.3
id-05562	3	4	29	0.4
id-05563	4	5	12	0.4
id-05564	7	14	2	0.4
id-05565	9	17	23	0.3
id-05566	3	3	28	0.4
id-05567	7	3	5	0.4
id-05568	3	3	6	0.5
id-05569	6	3	8	0.3
id-05570	1	2	30	0.4
id-05571	1	2	20	0.5
id-05572	5	5	23	0.3
id-05573	1	2	9	0.3
id-05574	7	11	26	0.4
id-05575	8	7	8	0.3
id-05576	2	4	2	0.2
id-05577	5	7	4	0.4
id-05578	5	9	11	0.4
id-05579	4	7	26	0.3
id-05580	8	6	12	0.3
id-05581	1	2	22	0.4
id-05582	8	8	8	0.5
id-05583	6	9	30	0.4
id-05584	3	3	20	0.4
id-05585	1	2	7	0.3
id-05586	3	5	22	0.3
id-05587	7	7	17	0.3
id-05588	6	4	12	0.2
id-05589	4	4	8	0.4
id-05590	4	2	29	0.2
id-05591	10	11	18	0.3
id-05592	2	2	2	0.5
id-05593	4	2	8	0.2
id-05594	3	3	2	0.4
id-05595	3	3	5	0.3
id-05596	6	7	10	0.4
id-05597	7	8	29	0.4
id-05598	1	2	3	0.4
id-05599	10	16	7	0.5
id-05600	5	6	17	0.4
id-05601	4	7	16	0.4
id-05602	1	2	14	0.5
id-05603	7	5	9	0.4
id-05604	8	8	17	0.2
id-05605	9	7	17	0.3
id-05606	8	8	26	0.3
id-05607	5	8	1	0.4
id-05608	8	6	2	0.3
id-05609	6	10	2	0.4
id-05610	3	2	17	0.5
id-05611	1	2	1	0.3
id-05612	8	9	26	0.4
id-05613	1	2	25	0.3
id-05614	10	20	23	0.2
id-05615	9	16	7	0.3
id-05616	5	6	2	0.4
id-05617	10	20	9	0.3
id-05618	4	5	9	0.5
id-05619	4	3	2	0.5
id-05620	2	2	14	0.3
id-05621	7	10	26	0.2
id-05622	9	11	30	0.3
id-05623	7	4	6	0.3
id-05624	10	6	21	0.3
id-05625	4	7	3	0.3
id-05626	8	11	18	0.2
id-05627	2	3	3	0.5
id-05628	1	2	5	0.3
id-05629	9	11	12	0.4
id-05630	5	10	15	0.4
id-05631	3	5	15	0.5
id-05632	2	2	4	0.3
id-05633	3	4	13	0.3
id-05634	5	4	13	0.3
id-05635	10	13	14	0.3
id-05636	9	17	8	0.2
id-05637	5	8	27	0.5
id-05638	7	12	15	0.4
id-05639	2	3	19	0.2
id-05640	5	5	26	0.3
id-05641	10	3	29	0.3
id-05642	8	2	23	0.3
id-05643	9	3	15	0.2
id-05644	1	2	14	0.4
id-05645	3	2	18	0.4
id-05646	2	3	16	0.4
id-05647	8	13	18	0.4
id-05648	1	2	14	0.4
id-05649	1	2	11	0.4
id-05650	10	12	22	0.4
id-05651	10	14	19	0.5
id-05652	10	9	19	0.3
id-05653	6	7	30	0.5
id-05654	5	4	19	0.3
id-05655	9	10	27	0.3
id-05656	6	3	17	0.3
id-05657	3	4	12	0.4
id-05658	6	5	7	0.5
id-05659	5	9	11	0.5
id-05660	4	4	29	0.2
id-05661	9	17	19	0.4
id-05662	5	2	21	0.3
id-05663	1	2	12	0.4
id-05664	2	4	18	0.2
id-05665	4	2	11	0.3
id-05666	10	3	27	0.5
id-05667	4	5	10	0.4
id-05668	9	16	16	0.3
id-05669	8	16	19	0.5
id-05670	9	11	1	0.2
id-05671	6	6	22	0.5
id-05672	5	9	11	0.2
id-05673	7	6	17	0.2
id-05674	7	2	5	0.5
id-05675	6	8	13	0.4
id-05676	9	17	9	0.3
id-05677	9	6	17	0.2
id-05678	8	11	1	0.3
id-05679	5	3	19	0.3
id-05680	8	8	26	0.2
id-05681	6	3	2	0.4
id-05682	7	3	23	0.2
id-05683	6	2	26	0.2
id-05684	2	3	9	0.5
id-05685	6	9	30	0.3
id-05686	4	3	19	0.2
id-05687	2	4	28	0.2
id-05688	9	3	29	0.2
id-05689	6	8	30	0.2
id-05690	7	5	4	0.4
id-05691	9	12	24	0.3
id-05692	7	10	12	0.4
id-05693	4	3	4	0.4
id-05694	7	13	4	0.4
id-05695	9	9	16	0.2
id-05696	3	2	13	0.4
id-05697	2	4	25	0.3
id-05698	8	16	5	0.5
id-05699	10	15	14	0.4
id-05700	8	5	25	0.3
id-05701	4	5	14	0.3
id-05702	6	11	30	0.4
id-05703	1	2	7	0.3
id-05704	3	3	28	0.5
id-05705	8	2	20	0.5
id-05706	8	8	29	0.4
id-05707	3	4	28	0.2
id-05708	8	6	21	0.4
id-05709	3	4	16	0.4
id-05710	9	14	23	0.3
id-05711	7	4	17	0.5
id-05712	7	10	7	0.4
id-05713	7	3	27	0.3
id-05714	7	11	12	0.3
id-05715	3	2	14	0.3
id-05716	5	4	17	0.3
id-05717	6	12	1	0.2
id-05718	1	2	19	0.3
id-05719	8	3	18	0.5
id-05720	3	4	12	0.3
id-05721	4	3	20	0.5
id-05722	3	4	30	0.3
id-05723	5	7	19	0.4
id-05724	7	2	30	0.2
id-05725	8	13	22	0.4
id-05726	7	8	23	0.3
id-05727	6	11	22	0.2
id-05728	5	4	6	0.2
id-05729	2	4	4	0.5
id-05730	2	2	10	0.4
id-05731	10	11	20	0.3
id-05732	1	2	18	0.2
id-05733	3	5	27	0.5
id-05734	1	2	30	0.4
id-05735	7	9	16	0.3
id-05736	9	8	7	0.2
id-05737	2	3	4	0.3
id-05738	5	7	17	0.3
id-05739	5	10	25	0.4
id-05740	7	13	4	0.3
id-05741	4	8	30	0.3
id-05742	9	18	19	0.4
id-05743	7	6	13	0.2
id-05744	6	10	21	0.2
id-05745	9	14	7	0.3
id-05746	3	3	1	0.3
id-05747	10	15	22	0.4
id-05748	10	8	30	0.5
id-05749	6	10	20	0.4
id-05750	5	2	6	0.5
id-05751	5	5	25	0.2
id-05752	5	10	19	0.4
id-05753	10	15	1	0.3
id-05754	1	2	19	0.4
id-05755	4	7	14	0.2
id-05756	6	4	8	0.4
id-05757	2	2	19	0.4
id-05758	7	10	1	0.3
id-05759	7	6	8	0.4
id-05760	2	4	16	0.4
id-05761	4	4	30	0.5
id-05762	5	7	3	0.3
id-05763	2	4	29	0.4
id-05764	10	4	25	0.4
id-05765	4	7	4	0.4
id-05766	9	6	26	0.3
id-05767	10	6	26	0.2
id-05768	3	6	22	0.3
id-05769	1	2	22	0.4
id-05770	6	8	17	0.2
id-05771	2	4	16	0.2
id-05772	3	2	3	0.2
id-05773	5	7	24	0.2
id-05774	7	7	12	0.4
id-05775	9	10	19	0.4
id-05776	4	6	2	0.3
id-05777	4	4	2	0.3
id-05778	6	11	12	0.3
id-05779	8	5	1	0.4
id-05780	3	6	23	0.4
id-05781	1	2	22	0.3
id-05782	8	2	1	0.2
id-05783	5	6	28	0.3
id-05784	5	9	3	0.4
id-05785	9	6	30	0.3
id-05786	10	6	16	0.3
id-05787	10	19	14	0.3
id-05788	2	2	24	0.2
id-05789	7	11	13	0.4
id-05790	1	2	22	0.3
id-05791	1	2	5	0.3
id-05792	2	3	23	0.3
id-05793	2	2	23	0.4
id-05794	2	4	26	0.3
id-05795	2	4	1	0.4
id-05796	10	4	11	0.2
id-05797	8	8	27	0.4
id-05798	7	7	23	0.3
id-05799	5	3	22	0.2
id-05800	4	6	1	0.4
id-05801	5	3	21	0.4
id-05802	4	5	12	0.5
id-05803	7	7	26	0.3
id-05804	5	3	14	0.3
id-05805	3	2	11	0.5
id-05806	4	3	7	0.3
id-05807	10	5	18	0.4
id-05808	8	9	19	0.3
id-05809	4	6	12	0.4
id-05810	7	8	24	0.5
id-05811	1	2	3	0.4
id-05812	6	2	18	0.4
id-05813	3	4	23	0.4
id-05814	9	17	13	0.4
id-05815	2	3	29	0.4
id-05816	1	2	16	0.5
id-05817	9	4	28	0.3
id-05818	8	14	14	0.4
id-05819	4	8	23	0.3
id-05820	10	19	11	0.4
id-05821	2	4	6	0.4
id-05822	9	8	2	0.3
id-05823	7	5	26	0.2
id-05824	7	2	9	0.3
id-05825	10	16	17	0.3
id-05826	3	5	27	0.4
id-05827	5	7	21	0.3
id-05828	2	3	21	0.5
id-05829	4	3	24	0.4
id-05830	2	4	27	0.5
id-05831	9	14	21	0.2
id-05832	3	5	11	0.3
id-05833	10	18	22	0.4
id-05834	6	12	13	0.3
id-05835	6	5	17	0.5
id-05836	4	4	26	0.4
id-05837	8	11	24	0.5
id-05838	10	3	28	0.3
id-05839	8	9	27	0.4
id-05840	3	4	8	0.2
id-05841	3	5	1	0.3
id-05842	4	3	12	0.4
id-05843	4	4	7	0.3
id-05844	10	15	8	0.4
id-05845	4	2	16	0.5
id-05846	9	13	19	0.4
id-05847	3	4	22	0.3
id-05848	4	2	30	0.2
id-05849	3	2	3	0.3
id-05850	3	5	30	0.3
id-05851	6	9	20	0.4
id-05852	3	2	1	0.3
id-05853	7	5	20	0.3
id-05854	6	4	24	0.4
id-05855	9	8	28	0.3
id-05856	5	7	12	0.5
id-05857	9	12	29	0.5
id-05858	6	12	16	0.4
id-05859	5	7	10	0.4
id-05860	4	3	4	0.3
id-05861	6	5	23	0.3
id-05862	1	2	5	0.3
id-05863	10	3	30	0.4
id-05864	8	16	24	0.5
id-05865	2	3	8	0.3
id-05866	10	10	13	0.3
id-05867	8	13	18	0.5
id-05868	1	2	3	0.5
id-05869	7	4	30	0.5
id-05870	3	3	28	0.4
id-05871	1	2	9	0.5
id-05872	10	3	1	0.4
id-05873	5	8	8	0.3
id-05874	7	12	25	0.3
id-05875	7	13	7	0.4
id-05876	2	2	20	0.2
id-05877	6	9	10	0.3
id-05878	2	2	15	0.4
id-05879	6	11	6	0.5
id-05880	6	7	28	0.5
id-05881	9	14	8	0.3
id-05882	1	2	25	0.3
id-05883	2	2	24	0.4
id-05884	3	4	25	0.5
id-05885	4	6	14	0.3
id-05886	6	12	26	0.3
id-05887	8	2	16	0.4
id-05888	10	15	5	0.3
id-05889	1	2	18	0.2
id-05890	3	2	7	0.3
id-05891	7	5	5	0.4
id-05892	8	9	1	0.4
id-05893	4	8	17	0.2
id-05894	8	2	28	0.5
id-05895	10	11	4	0.5
id-05896	2	4	18	0.4
id-05897	9	9	4	0.4
id-05898	9	3	16	0.5
id-05899	6	12	23	0.4
id-05900	8	6	12	0.4
id-05901	3	2	5	0.5
id-05902	8	15	4	0.3
id-05903	10	15	14	0.4
id-05904	7	3	27	0.5
id-05905	9	8	14	0.3
id-05906	3	6	17	0.5
id-05907	4	7	24	0.2
id-05908	8	13	19	0.3
id-05909	1	2	5	0.4
id-05910	5	3	8	0.3
id-05911	4	5	4	0.5
id-05912	5	3	15	0.4
id-05913	5	9	9	0.3
id-05914	9	10	13	0.2
id-05915	3	6	23	0.5
id-05916	2	2	17	0.5
id-05917	4	7	21	0.4
id-05918	1	2	25	0.3
id-05919	8	15	13	0.3
id-05920	7	3	25	0.3
id-05921	10	20	14	0.4
id-05922	7	2	9	0.4
id-05923	9	7	9	0.2
id-05924	9	13	21	0.5
id-05925	7	6	3	0.2
id-05926	2	2	10	0.3
id-05927	10	11	15	0.3
id-05928	6	8	4	0.3
id-05929	2	4	18	0.4
id-05930	4	4	18	0.3
id-05931	4	4	10	0.2
id-05932	5	7	28	0.3
id-05933	1	2	27	0.2
id-05934	4	5	17	0.5
id-05935	8	14	12	0.5
id-05936	7	2	13	0.4
id-05937	9	15	1	0.4
id-05938	6	12	26	0.4
id-05939	3	4	24	0.4
id-05940	9	6	21	0.4
id-05941	2	4	17	0.2
id-05942	1	2	13	0.4
id-05943	1	2	12	0.4
id-05944	4	3	1	0.5
id-05945	6	9	11	0.2
id-05946	6	9	19	0.2
id-05947	7	7	19	0.2
id-05948	5	2	4	0.3
id-05949	1	2	11	0.5
id-05950	1	2	28	0.4
id-05951	1	2	17	0.2
id-05952	7	9	23	0.5
id-05953	6	6	26	0.4
id-05954	5	8	11	0.4
id-05955	5	6	7	0.5
id-05956	8	7	4	0.3
id-05957	10	12	12	0.2
id-05958	1	2	22	0.3
id-05959	6	10	8	0.5
id-05960	8	8	7	0.4
id-05961	5	7	27	0.2
id-05962	2	4	30	0.3
id-05963	5	9	8	0.4
id-05964	10	2	16	0.4
id-05965	4	3	17	0.3
id-05966	2	4	6	0.4
id-05967	9	4	15	0.5
id-05968	2	2	24	0.2
id-05969	10	17	21	0.3
id-05970	8	4	7	0.3
id-05971	6	8	17	0.5
id-05972	7	10	20	0.4
id-05973	1	2	2	0.3
id-05974	3	6	28	0.5
id-05975	7	6	10	0.3
id-05976	6	12	22	0.3
id-05977	2	4	12	0.4
id-05978	4	3	7	0.5
id-05979	1	2	29	0.4
id-05980	4	3	14	0.4
id-05981	6	4	2	0.5
id-05982	6	9	23	0.3
id-05983	8	11	11	0.3
id-05984	8	10	14	0.2
id-05985	1	2	14	0.5
id-05986	6	11	22	0.5
id-05987	1	2	19	0.3
id-05988	7	11	29	0.4
id-05989	5	2	29	0.3
id-05990	6	12	15	0.2
id-05991	2	4	5	0.4
id-05992	6	6	3	0.4
id-05993	1	2	14	0.5
id-05994	10	2	29	0.3
id-05995	9	13	19	0.3
id-05996	7	4	17	0.4
id-05997	5	8	30	0.4
id-05998	4	5	29	0.2
id-05999	10	8	4	0.3
id-06000	5	5	2	0.4
id-06001	8	7	28	0.3
id-06002	8	9	12	0.3
id-06003	2	4	21	0.5
id-06004	9	5	18	0.3
id-06005	3	5	17	0.5
id-06006	9	10	9	0.5
id-06007	10	16	21	0.2
id-06008	2	2	22	0.4
id-06009	5	9	3	0.3
id-06010	9	4	25	0.4
id-06011	3	2	11	0.5
id-06012	2	4	29	0.4
id-06013	9	17	30	0.5
id-06014	8	11	21	0.3
id-06015	10	9	7	0.3
id-06016	3	5	26	0.2
id-06017	8	15	25	0.5
id-06018	7	2	29	0.3
id-06019	6	7	22	0.3
id-06020	4	3	29	0.2
id-06021	6	10	29	0.4
id-06022	4	7	22	0.5
id-06023	3	4	11	0.2
id-06024	2	4	5	0.2
id-06025	1	2	20	0.5
id-06026	1	2	16	0.4
id-06027	9	18	8	0.5
id-06028	9	12	2	0.4
id-06029	6	11	15	0.3
id-06030	9	4	16	0.2
id-06031	10	14	17	0.3
id-06032	10	6	14	0.3
id-06033	4	3	9	0.3
id-06034	7	7	2	0.4
id-06035	3	2	3	0.3
id-06036	5	3	15	0.3
id-06037	3	6	20	0.2
id-06038	8	3	8	0.2
id-06039	5	3	17	0.4
id-06040	8	13	29	0.5
id-06041	3	2	14	0.3
id-06042	1	2	9	0.4
id-06043	1	2	13	0.2
id-06044	1	2	19	0.3
id-06045	8	10	28	0.3
id-06046	3	3	13	0.4
id-06047	5	7	19	0.4
id-06048	6	8	1	0.2
id-06049	9	6	28	0.4
id-06050	4	2	9	0.3
id-06051	10	3	11	0.5
id-06052	7	14	26	0.5
id-06053	7	14	27	0.2
id-06054	1	2	16	0.5
id-06055	5	9	10	0.3
id-06056	6	12	9	0.3
id-06057	3	4	4	0.3
id-06058	8	6	11	0.4
id-06059	9	11	1	0.5
id-06060	6	5	27	0.2
id-06061	2	3	8	0.2
id-06062	5	6	17	0.3
id-06063	4	4	8	0.3
id-06064	1	2	6	0.2
id-06065	5	3	27	0.5
id-06066	3	4	16	0.4
id-06067	9	10	14	0.4
id-06068	5	9	9	0.3
id-06069	5	5	2	0.3
id-06070	3	5	3	0.3
id-06071	1	2	27	0.3
id-06072	4	4	8	0.3
id-06073	8	4	24	0.5
id-06074	2	2	4	0.5
id-06075	9	9	13	0.3
id-06076	2	2	29	0.3
id-06077	3	4	27	0.2
id-06078	8	9	14	0.3
id-06079	4	6	8	0.4
id-06080	9	6	3	0.2
id-06081	3	5	28	0.4
id-06082	5	3	8	0.3
id-06083	3	5	14	0.4
id-06084	1	2	20	0.5
id-06085	7	10	13	0.5
id-06086	4	3	28	0.4
id-06087	3	2	8	0.4
id-06088	8	8	28	0.4
id-06089	5	10	7	0.3
id-06090	10	8	20	0.3
id-06091	2	4	21	0.3
id-06092	7	7	3	0.5
id-06093	1	2	4	0.3
id-06094	4	5	24	0.3
id-06095	6	4	12	0.3
id-06096	8	12	9	0.4
id-06097	3	2	29	0.2
id-06098	1	2	5	0.4
id-06099	7	12	16	0.3
id-06100	2	4	13	0.5
id-06101	3	3	8	0.5
id-06102	1	2	26	0.3
id-06103	6	2	18	0.4
id-06104	4	3	20	0.4
id-06105	6	2	20	0.5
id-06106	7	4	14	0.2
id-06107	7	9	15	0.3
id-06108	8	2	3	0.4
id-06109	7	12	12	0.4
id-06110	7	5	25	0.4
id-06111	5	2	28	0.3
id-06112	4	6	12	0.4
id-06113	9	2	26	0.3
id-06114	10	15	6	0.3
id-06115	4	4	19	0.4
id-06116	1	2	27	0.2
id-06117	4	6	6	0.5
id-06118	4	3	24	0.2
id-06119	8	10	29	0.5
id-06120	10	20	27	0.2
id-06121	3	5	8	0.3
id-06122	6	2	20	0.3
id-06123	6	4	3	0.3
id-06124	6	4	25	0.3
id-06125	9	14	15	0.4
id-06126	1	2	15	0.2
id-06127	1	2	25	0.4
id-06128	4	5	20	0.2
id-06129	5	3	22	0.4
id-06130	5	5	6	0.4
id-06131	4	6	24	0.5
id-06132	5	3	15	0.3
id-06133	6	3	8	0.4
id-06134	3	2	2	0.2
id-06135	10	19	11	0.4
id-06136	8	8	22	0.4
id-06137	4	5	8	0.4
id-06138	5	3	8	0.4
id-06139	7	10	4	0.3
id-06140	2	2	2	0.4
id-06141	9	17	14	0.3
id-06142	2	4	19	0.3
id-06143	1	2	17	0.3
id-06144	9	14	29	0.4
id-06145	5	2	13	0.5
id-06146	9	5	11	0.5
id-06147	5	4	30	0.3
id-06148	3	3	1	0.3
id-06149	5	6	30	0.3
id-06150	9	8	27	0.3
id-06151	9	15	29	0.5
id-06152	2	2	19	0.5
id-06153	1	2	7	0.3
id-06154	8	11	24	0.4
id-06155	8	2	24	0.2
id-06156	10	20	6	0.4
id-06157	3	5	16	0.3
id-06158	10	3	30	0.2
id-06159	8	12	29	0.4
id-06160	1	2	11	0.4
id-06161	8	12	22	0.4
id-06162	2	3	23	0.3
id-06163	2	4	14	0.3
id-06164	5	9	28	0.3
id-06165	2	4	18	0.4
id-06166	8	2	3	0.2
id-06167	5	3	7	0.4
id-06168	1	2	11	0.4
id-06169	9	6	11	0.4
id-06170	7	13	23	0.3
id-06171	3	4	5	0.4
id-06172	3	6	28	0.3
id-06173	10	4	14	0.3
id-06174	6	4	6	0.3
id-06175	7	3	1	0.4
id-06176	10	2	22	0.2
id-06177	4	2	25	0.4
id-06178	3	5	18	0.3
id-06179	7	10	26	0.4
id-06180	1	2	13	0.2
id-06181	9	2	16	0.5
id-06182	2	4	19	0.4
id-06183	5	8	19	0.2
id-06184	4	7	10	0.2
id-06185	7	9	7	0.3
id-06186	9	7	22	0.2
id-06187	6	7	11	0.5
id-06188	6	11	22	0.4
id-06189	6	3	10	0.5
id-06190	6	6	17	0.2
id-06191	5	10	16	0.4
id-06192	10	15	25	0.4
id-06193	8	14	3	0.2
id-06194	10	8	19	0.3
id-06195	8	9	13	0.3
id-06196	5	5	23	0.5
id-06197	1	2	6	0.3
id-06198	5	7	7	0.4
id-06199	8	12	12	0.4
id-06200	2	2	22	0.5
id-06201	1	2	5	0.4
id-06202	9	6	28	0.4
id-06203	2	4	20	0.5
id-06204	10	4	8	0.3
id-06205	9	16	29	0.2
id-06206	4	2	18	0.2
id-06207	6	8	15	0.2
id-06208	10	10	4	0.2
id-06209	8	2	19	0.4
id-06210	4	4	21	0.3
id-06211	3	6	19	0.5
id-06212	3	3	3	0.3
id-06213	2	4	6	0.4
id-06214	1	2	23	0.3
id-06215	3	6	7	0.4
id-06216	7	11	9	0.3
id-06217	5	9	3	0.5
id-06218	5	9	18	0.3
id-06219	2	4	4	0.4
id-06220	3	2	20	0.4
id-06221	5	7	17	0.5
id-06222	10	3	30	0.3
id-06223	2	4	29	0.2
id-06224	5	10	6	0.4
id-06225	2	2	29	0.5
id-06226	7	3	3	0.3
id-06227	1	2	2	0.3
id-06228	7	3	19	0.4
id-06229	6	3	29	0.2
id-06230	3	5	10	0.3
id-06231	10	6	13	0.2
id-06232	9	15	28	0.4
id-06233	4	8	16	0.4
id-06234	2	3	5	0.3
id-06235	9	18	4	0.3
id-06236	6	11	20	0.4
id-06237	8	12	15	0.4
id-06238	7	14	29	0.3
id-06239	1	2	9	0.2
id-06240	5	6	27	0.4
id-06241	6	12	20	0.5
id-06242	5	3	20	0.4
id-06243	1	2	15	0.4
id-06244	8	15	1	0.3
id-06245	3	4	9	0.5
id-06246	2	4	29	0.4
id-06247	3	3	21	0.4
id-06248	8	9	3	0.4
id-06249	10	18	2	0.4
id-06250	2	3	21	0.5
id-06251	3	3	4	0.3
id-06252	5	2	25	0.5
id-06253	10	20	6	0.4
id-06254	7	9	27	0.3
id-06255	7	11	2	0.4
id-06256	10	9	4	0.5
id-06257	10	19	20	0.4
id-06258	4	2	20	0.5
id-06259	5	2	30	0.5
id-06260	8	12	12	0.4
id-06261	5	8	2	0.3
id-06262	2	2	23	0.4
id-06263	5	6	19	0.4
id-06264	7	3	3	0.3
id-06265	2	4	23	0.2
id-06266	2	2	17	0.5
id-06267	3	6	5	0.4
id-06268	9	17	26	0.5
id-06269	9	5	21	0.2
id-06270	7	13	8	0.5
id-06271	10	3	26	0.4
id-06272	10	16	7	0.2
id-06273	1	2	12	0.2
id-06274	3	2	26	0.3
id-06275	6	10	7	0.3
id-06276	8	6	10	0.3
id-06277	10	15	13	0.4
id-06278	6	11	26	0.3
id-06279	2	3	10	0.3
id-06280	3	3	2	0.3
id-06281	10	4	3	0.2
id-06282	5	4	20	0.4
id-06283	5	3	8	0.2
id-06284	2	2	28	0.4
id-06285	10	17	15	0.4
id-06286	2	3	12	0.2
id-06287	7	12	30	0.4
id-06288	9	3	9	0.2
id-06289	1	2	9	0.3
id-06290	10	6	1	0.5
id-06291	8	5	4	0.2
id-06292	1	2	19	0.5
id-06293	5	4	4	0.3
id-06294	2	3	14	0.3
id-06295	4	4	9	0.3
id-06296	5	9	30	0.4
id-06297	9	13	5	0.3
id-06298	4	8	30	0.4
id-06299	8	5	5	0.3
id-06300	9	4	23	0.5
id-06301	7	7	19	0.3
id-06302	6	5	2	0.4
id-06303	4	6	17	0.2
id-06304	2	4	24	0.4
id-06305	8	4	10	0.3
id-06306	7	6	2	0.4
id-06307	9	13	7	0.3
id-06308	9	3	7	0.3
id-06309	1	2	9	0.4
id-06310	7	2	11	0.3
id-06311	1	2	9	0.2
id-06312	7	12	25	0.4
id-06313	3	6	3	0.4
id-06314	6	3	14	0.3
id-06315	4	4	23	0.4
id-06316	2	2	4	0.4
id-06317	6	5	3	0.3
id-06318	2	4	8	0.4
id-06319	5	8	13	0.5
id-06320	1	2	16	0.4
id-06321	7	8	23	0.2
id-06322	8	13	17	0.5
id-06323	4	7	2	0.3
id-06324	2	4	12	0.5
id-06325	2	2	7	0.3
id-06326	5	8	26	0.5
id-06327	2	2	27	0.2
id-06328	6	7	20	0.3
id-06329	3	6	30	0.3
id-06330	7	4	6	0.2
id-06331	9	6	13	0.4
id-06332	8	10	30	0.3
id-06333	9	15	20	0.3
id-06334	3	6	21	0.5
id-06335	7	6	27	0.3
id-06336	9	15	10	0.3
id-06337	8	6	19	0.3
id-06338	6	7	13	0.2
id-06339	5	4	28	0.4
id-06340	9	6	3	0.3
id-06341	8	8	30	0.3
id-06342	8	5	5	0.5
id-06343	4	2	29	0.2
id-06344	7	8	30	0.2
id-06345	1	2	10	0.3
id-06346	5	7	24	0.3
id-06347	7	4	7	0.2
id-06348	6	5	23	0.2
id-06349	1	2	12	0.4
id-06350	4	6	19	0.3
id-06351	4	6	15	0.4
id-06352	3	5	17	0.4
id-06353	5	4	20	0.2
id-06354	1	2	24	0.3
id-06355	2	3	26	0.3
id-06356	1	2	26	0.5
id-06357	8	9	1	0.4
id-06358	1	2	12	0.3
id-06359	4	4	10	0.3
id-06360	9	2	30	0.3
id-06361	8	6	8	0.2
id-06362	2	4	30	0.2
id-06363	6	7	14	0.4
id-06364	2	3	28	0.5
id-06365	2	3	24	0.2
id-06366	3	3	26	0.3
id-06367	8	3	12	0.5
id-06368	2	2	24	0.2
id-06369	2	4	24	0.5
id-06370	2	3	27	0.4
id-06371	3	5	11	0.4
id-06372	8	8	9	0.3
id-06373	3	4	15	0.4
id-06374	8	4	18	0.3
id-06375	10	8	29	0.4
id-06376	1	2	14	0.3
id-06377	2	2	15	0.3
id-06378	2	2	3	0.4
id-06379	6	4	3	0.4
id-06380	1	2	4	0.4
id-06381	1	2	29	0.5
id-06382	2	2	25	0.3
id-06383	10	7	21	0.2
id-06384	8	3	24	0.3
id-06385	10	6	25	0.4
id-06386	9	17	12	0.4
id-06387	2	2	2	0.2
id-06388	2	2	28	0.3
id-06389	5	10	8	0.4
id-06390	6	7	2	0.4
id-06391	2	3	2	0.4
id-06392	8	15	11	0.2
id-06393	5	6	14	0.2
id-06394	4	3	6	0.3
id-06395	9	18	7	0.4
id-06396	7	9	5	0.4
id-06397	4	3	6	0.3
id-06398	9	3	2	0.5
id-06399	1	2	16	0.2
id-06400	6	7	16	0.2
id-06401	7	12	29	0.3
id-06402	4	4	25	0.3
id-06403	5	10	25	0.3
id-06404	6	4	23	0.2
id-06405	6	9	1	0.2
id-06406	7	10	6	0.3
id-06407	4	5	25	0.5
id-06408	8	3	13	0.3
id-06409	9	5	16	0.4
id-06410	2	2	30	0.5
id-06411	3	4	18	0.4
id-06412	1	2	20	0.4
id-06413	3	3	21	0.3
id-06414	7	3	5	0.3
id-06415	7	8	11	0.4
id-06416	1	2	22	0.4
id-06417	5	7	22	0.2
id-06418	2	2	11	0.3
id-06419	3	3	12	0.2
id-06420	1	2	7	0.3
id-06421	1	2	13	0.2
id-06422	3	5	9	0.4
id-06423	3	5	22	0.5
id-06424	10	12	23	0.4
id-06425	10	18	10	0.3
id-06426	6	8	20	0.4
id-06427	1	2	12	0.4
id-06428	5	10	26	0.5
id-06429	1	2	21	0.4
id-06430	10	5	26	0.4
id-06431	10	16	8	0.3
id-06432	5	6	12	0.2
id-06433	5	3	25	0.2
id-06434	5	4	1	0.4
id-06435	7	2	3	0.5
id-06436	7	2	5	0.3
id-06437	1	2	30	0.3
id-06438	5	4	25	0.3
id-06439	6	2	10	0.3
id-06440	5	10	2	0.3
id-06441	7	10	7	0.4
id-06442	2	2	20	0.3
id-06443	3	2	15	0.5
id-06444	5	2	25	0.3
id-06445	9	11	30	0.4
id-06446	8	6	30	0.4
id-06447	5	10	5	0.4
id-06448	5	4	9	0.2
id-06449	1	2	5	0.4
id-06450	1	2	24	0.5
id-06451	2	4	12	0.3
id-06452	1	2	5	0.5
id-06453	5	10	12	0.2
id-06454	7	7	29	0.2
id-06455	1	2	1	0.4
id-06456	7	3	27	0.2
id-06457	1	2	27	0.2
id-06458	10	5	3	0.3
id-06459	4	5	28	0.5
id-06460	5	2	15	0.4
id-06461	7	4	29	0.4
id-06462	1	2	8	0.3
id-06463	1	2	21	0.3
id-06464	8	7	3	0.3
id-06465	8	11	12	0.4
id-06466	9	15	3	0.2
id-06467	10	3	10	0.2
id-06468	5	2	7	0.5
id-06469	9	16	22	0.2
id-06470	4	7	19	0.2
id-06471	10	10	16	0.3
id-06472	7	12	8	0.3
id-06473	2	3	22	0.2
id-06474	8	2	15	0.3
id-06475	5	8	27	0.4
id-06476	4	7	13	0.5
id-06477	3	5	9	0.4
id-06478	7	13	11	0.2
id-06479	4	4	8	0.3
id-06480	7	9	14	0.2
id-06481	7	2	17	0.3
id-06482	1	2	26	0.2
id-06483	6	10	13	0.3
id-06484	10	14	2	0.4
id-06485	10	19	6	0.3
id-06486	6	8	6	0.5
id-06487	5	10	14	0.4
id-06488	8	7	14	0.4
id-06489	7	4	11	0.4
id-06490	2	4	16	0.3
id-06491	8	9	23	0.3
id-06492	6	10	16	0.2
id-06493	10	18	18	0.5
id-06494	8	15	22	0.5
id-06495	8	9	27	0.3
id-06496	1	2	22	0.5
id-06497	7	10	11	0.3
id-06498	2	3	16	0.2
id-06499	3	4	18	0.5
id-06500	2	2	26	0.4
id-06501	8	7	26	0.2
id-06502	6	7	13	0.4
id-06503	2	3	22	0.5
id-06504	2	3	8	0.4
id-06505	10	19	24	0.5
id-06506	7	12	19	0.4
id-06507	5	3	11	0.5
id-06508	10	16	6	0.5
id-06509	8	12	23	0.5
id-06510	1	2	10	0.4
id-06511	3	6	21	0.3
id-06512	6	6	18	0.3
id-06513	6	4	1	0.4
id-06514	7	8	29	0.2
id-06515	5	5	17	0.5
id-06516	7	3	23	0.3
id-06517	6	12	28	0.3
id-06518	1	2	28	0.3
id-06519	10	9	12	0.3
id-06520	1	2	9	0.2
id-06521	4	6	29	0.4
id-06522	4	7	16	0.3
id-06523	4	2	29	0.2
id-06524	1	2	16	0.2
id-06525	1	2	5	0.3
id-06526	4	5	30	0.5
id-06527	2	4	11	0.3
id-06528	2	4	9	0.5
id-06529	6	6	22	0.2
id-06530	3	4	5	0.3
id-06531	8	15	2	0.4
id-06532	2	4	30	0.4
id-06533	6	7	30	0.3
id-06534	6	2	8	0.3
id-06535	4	6	30	0.4
id-06536	7	12	25	0.3
id-06537	5	7	12	0.4
id-06538	2	4	4	0.3
id-06539	3	4	20	0.4
id-06540	5	6	17	0.3
id-06541	1	2	30	0.3
id-06542	6	4	10	0.3
id-06543	4	5	7	0.3
id-06544	10	17	3	0.3
id-06545	9	9	20	0.3
id-06546	3	4	25	0.5
id-06547	8	13	25	0.5
id-06548	3	2	25	0.3
id-06549	9	10	12	0.2
id-06550	7	13	12	0.2
id-06551	2	3	1	0.4
id-06552	4	5	3	0.3
id-06553	3	3	18	0.2
id-06554	5	10	13	0.2
id-06555	8	6	30	0.5
id-06556	4	7	7	0.5
id-06557	8	5	29	0.4
id-06558	9	18	29	0.3
id-06559	6	4	6	0.3
id-06560	7	12	26	0.4
id-06561	4	2	29	0.3
id-06562	2	4	14	0.3
id-06563	3	3	28	0.4
id-06564	2	2	28	0.3
id-06565	4	6	27	0.3
id-06566	10	12	22	0.4
id-06567	1	2	16	0.4
id-06568	2	2	5	0.3
id-06569	4	3	15	0.2
id-06570	4	2	1	0.5
id-06571	6	4	7	0.3
id-06572	4	8	11	0.4
id-06573	1	2	18	0.3
id-06574	2	3	15	0.4
id-06575	1	2	22	0.3
id-06576	10	15	2	0.3
id-06577	5	3	21	0.3
id-06578	6	12	13	0.4
id-06579	4	5	11	0.3
id-06580	1	2	29	0.5
id-06581	7	3	5	0.5
id-06582	5	7	17	0.2
id-06583	2	4	18	0.5
id-06584	10	6	3	0.4
id-06585	1	2	21	0.2
id-06586	1	2	15	0.3
id-06587	10	13	10	0.3
id-06588	1	2	21	0.2
id-06589	4	6	12	0.4
id-06590	3	6	26	0.5
id-06591	5	6	7	0.3
id-06592	5	3	22	0.5
id-06593	6	11	22	0.2
id-06594	2	2	14	0.2
id-06595	4	2	19	0.4
id-06596	2	2	25	0.2
id-06597	4	2	14	0.5
id-06598	6	3	19	0.2
id-06599	6	2	13	0.4
id-06600	8	10	15	0.4
id-06601	5	4	4	0.2
id-06602	1	2	4	0.5
id-06603	2	3	12	0.2
id-06604	4	8	16	0.3
id-06605	6	10	12	0.3
id-06606	7	8	16	0.5
id-06607	9	15	9	0.5
id-06608	6	8	17	0.5
id-06609	1	2	11	0.5
id-06610	6	12	14	0.3
id-06611	4	4	24	0.4
id-06612	10	18	9	0.2
id-06613	2	4	10	0.3
id-06614	6	9	1	0.5
id-06615	8	3	17	0.3
id-06616	4	3	24	0.2
id-06617	4	6	13	0.3
id-06618	7	8	22	0.4
id-06619	4	7	19	0.2
id-06620	2	3	30	0.2
id-06621	2	2	3	0.3
id-06622	5	2	26	0.3
id-06623	1	2	3	0.4
id-06624	8	7	6	0.5
id-06625	6	8	6	0.4
id-06626	1	2	17	0.3
id-06627	9	9	9	0.2
id-06628	5	9	14	0.4
id-06629	7	10	2	0.3
id-06630	6	12	11	0.3
id-06631	6	6	8	0.3
id-06632	1	2	12	0.5
id-06633	4	8	27	0.3
id-06634	10	11	16	0.2
id-06635	1	2	13	0.4
id-06636	1	2	21	0.4
id-06637	2	2	5	0.4
id-06638	2	4	16	0.4
id-06639	2	2	5	0.3
id-06640	8	2	10	0.3
id-06641	2	3	19	0.4
id-06642	7	4	5	0.4
id-06643	4	6	11	0.2
id-06644	7	10	20	0.3
id-06645	3	3	15	0.5
id-06646	4	5	18	0.3
id-06647	3	5	22	0.5
id-06648	8	14	17	0.2
id-06649	1	2	25	0.3
id-06650	7	6	14	0.5
id-06651	9	17	6	0.3
id-06652	2	3	20	0.4
id-06653	4	6	8	0.2
id-06654	2	3	28	0.3
id-06655	2	3	3	0.5
id-06656	4	2	14	0.5
id-06657	8	12	10	0.4
id-06658	5	6	29	0.2
id-06659	5	3	2	0.4
id-06660	5	5	6	0.3
id-06661	1	2	22	0.3
id-06662	9	2	29	0.2
id-06663	6	10	2	0.3
id-06664	10	11	19	0.3
id-06665	2	3	12	0.4
id-06666	4	4	2	0.4
id-06667	4	8	7	0.5
id-06668	8	5	8	0.4
id-06669	7	11	29	0.4
id-06670	8	14	7	0.4
id-06671	4	4	28	0.4
id-06672	10	17	20	0.4
id-06673	10	2	21	0.5
id-06674	3	5	21	0.4
id-06675	10	12	10	0.4
id-06676	5	2	18	0.3
id-06677	5	3	20	0.3
id-06678	3	3	18	0.3
id-06679	1	2	24	0.4
id-06680	10	14	28	0.5
id-06681	2	4	26	0.3
id-06682	3	3	3	0.4
id-06683	6	9	18	0.2
id-06684	1	2	17	0.3
id-06685	6	10	6	0.5
id-06686	1	2	12	0.4
id-06687	5	5	17	0.4
id-06688	1	2	19	0.3
id-06689	1	2	30	0.4
id-06690	10	5	4	0.4
id-06691	3	3	19	0.4
id-06692	5	9	25	0.2
id-06693	5	2	21	0.4
id-06694	7	3	8	0.3
id-06695	8	3	6	0.2
id-06696	6	8	7	0.3
id-06697	2	4	16	0.3
id-06698	9	8	24	0.4
id-06699	9	14	5	0.4
id-06700	8	11	22	0.3
id-06701	3	3	17	0.3
id-06702	10	15	27	0.3
id-06703	4	6	26	0.5
id-06704	2	2	23	0.3
id-06705	7	7	4	0.5
id-06706	5	3	17	0.4
id-06707	9	4	2	0.3
id-06708	6	3	26	0.4
id-06709	1	2	22	0.4
id-06710	8	3	2	0.5
id-06711	9	18	21	0.4
id-06712	9	15	7	0.5
id-06713	7	10	8	0.3
id-06714	7	9	10	0.3
id-06715	10	17	6	0.3
id-06716	10	14	20	0.5
id-06717	8	16	1	0.3
id-06718	4	5	19	0.4
id-06719	8	13	30	0.5
id-06720	8	7	21	0.4
id-06721	1	2	12	0.3
id-06722	4	3	24	0.4
id-06723	2	4	12	0.3
id-06724	1	2	7	0.3
id-06725	8	14	16	0.2
id-06726	8	2	23	0.2
id-06727	4	4	1	0.3
id-06728	3	6	16	0.3
id-06729	3	2	26	0.3
id-06730	3	5	2	0.5
id-06731	10	17	23	0.2
id-06732	8	15	17	0.3
id-06733	5	2	8	0.2
id-06734	8	3	22	0.4
id-06735	4	4	22	0.3
id-06736	7	9	26	0.3
id-06737	4	5	26	0.4
id-06738	6	6	3	0.3
id-06739	9	7	11	0.3
id-06740	10	3	22	0.3
id-06741	3	2	12	0.5
id-06742	3	2	30	0.3
id-06743	6	6	24	0.4
id-06744	2	4	6	0.3
id-06745	1	2	3	0.3
id-06746	9	15	11	0.3
id-06747	7	13	15	0.5
id-06748	2	4	16	0.4
id-06749	7	10	19	0.4
id-06750	2	2	5	0.2
id-06751	8	5	30	0.3
id-06752	8	11	27	0.2
id-06753	9	2	13	0.4
id-06754	3	5	19	0.3
id-06755	4	4	22	0.4
id-06756	3	2	20	0.3
id-06757	2	4	6	0.4
id-06758	9	7	27	0.3
id-06759	8	16	13	0.5
id-06760	6	5	12	0.3
id-06761	10	11	19	0.4
id-06762	8	6	5	0.5
id-06763	1	2	21	0.2
id-06764	3	5	20	0.4
id-06765	6	10	8	0.3
id-06766	7	3	30	0.4
id-06767	2	2	28	0.2
id-06768	8	6	6	0.3
id-06769	7	9	12	0.3
id-06770	5	5	7	0.3
id-06771	3	4	5	0.3
id-06772	9	17	20	0.3
id-06773	9	10	4	0.2
id-06774	9	10	2	0.4
id-06775	2	4	8	0.3
id-06776	7	9	30	0.5
id-06777	3	5	30	0.3
id-06778	6	12	26	0.2
id-06779	1	2	20	0.3
id-06780	6	7	21	0.5
id-06781	9	16	25	0.5
id-06782	6	7	25	0.2
id-06783	1	2	1	0.2
id-06784	10	18	3	0.4
id-06785	9	14	6	0.4
id-06786	6	5	7	0.5
id-06787	2	4	25	0.3
id-06788	7	8	26	0.4
id-06789	1	2	22	0.4
id-06790	1	2	29	0.5
id-06791	1	2	12	0.3
id-06792	4	4	27	0.2
id-06793	4	8	16	0.5
id-06794	5	5	5	0.3
id-06795	2	2	30	0.4
id-06796	8	10	5	0.4
id-06797	1	2	8	0.3
id-06798	8	10	9	0.3
id-06799	6	3	29	0.5
id-06800	4	5	11	0.3
id-06801	2	2	19	0.3
id-06802	5	6	12	0.4
id-06803	10	7	27	0.3
id-06804	8	11	5	0.2
id-06805	3	2	30	0.4
id-06806	1	2	8	0.5
id-06807	1	2	22	0.5
id-06808	2	2	17	0.3
id-06809	5	6	12	0.2
id-06810	8	10	8	0.4
id-06811	5	5	14	0.3
id-06812	2	2	8	0.4
id-06813	6	12	9	0.5
id-06814	3	5	21	0.3
id-06815	4	7	5	0.4
id-06816	10	10	11	0.4
id-06817	1	2	9	0.2
id-06818	6	10	3	0.4
id-06819	1	2	23	0.5
id-06820	10	17	12	0.5
id-06821	10	14	28	0.4
id-06822	8	9	11	0.3
id-06823	3	3	23	0.5
id-06824	4	6	27	0.5
id-06825	3	6	16	0.4
id-06826	6	10	26	0.3
id-06827	1	2	14	0.2
id-06828	10	10	28	0.3
id-06829	6	12	7	0.3
id-06830	6	10	10	0.4
id-06831	7	5	22	0.4
id-06832	8	12	23	0.3
id-06833	5	3	26	0.3
id-06834	4	8	17	0.4
id-06835	1	2	30	0.3
id-06836	5	5	22	0.3
id-06837	3	2	2	0.3
id-06838	6	7	23	0.2
id-06839	10	19	10	0.3
id-06840	1	2	23	0.2
id-06841	3	4	30	0.2
id-06842	3	3	24	0.3
id-06843	8	10	25	0.5
id-06844	10	19	10	0.4
id-06845	8	6	23	0.2
id-06846	10	20	27	0.4
id-06847	5	8	23	0.4
id-06848	9	11	11	0.2
id-06849	7	10	26	0.3
id-06850	4	2	6	0.5
id-06851	1	2	10	0.3
id-06852	1	2	16	0.4
id-06853	9	13	20	0.3
id-06854	3	2	6	0.5
id-06855	5	2	29	0.3
id-06856	4	8	15	0.4
id-06857	6	6	29	0.4
id-06858	3	2	21	0.2
id-06859	3	6	14	0.3
id-06860	9	18	8	0.5
id-06861	9	6	20	0.2
id-06862	5	7	4	0.3
id-06863	6	8	14	0.3
id-06864	1	2	26	0.4
id-06865	5	2	17	0.3
id-06866	9	10	2	0.5
id-06867	4	5	20	0.2
id-06868	9	12	19	0.3
id-06869	4	4	16	0.4
id-06870	9	11	5	0.4
id-06871	4	8	15	0.4
id-06872	1	2	15	0.4
id-06873	5	9	18	0.5
id-06874	6	8	2	0.3
id-06875	5	2	16	0.3
id-06876	5	2	18	0.5
id-06877	10	12	24	0.4
id-06878	6	12	2	0.4
id-06879	4	3	15	0.4
id-06880	8	4	30	0.4
id-06881	1	2	8	0.5
id-06882	3	2	12	0.3
id-06883	4	4	10	0.3
id-06884	5	3	3	0.4
id-06885	2	3	26	0.4
id-06886	5	8	6	0.4
id-06887	6	7	6	0.4
id-06888	1	2	4	0.4
id-06889	9	9	26	0.3
id-06890	7	14	9	0.4
id-06891	7	5	9	0.4
id-06892	5	4	4	0.4
id-06893	2	2	17	0.4
id-06894	3	3	16	0.5
id-06895	1	2	15	0.5
id-06896	5	9	3	0.4
id-06897	6	9	17	0.5
id-06898	1	2	5	0.3
id-06899	3	4	10	0.3
id-06900	6	7	13	0.5
id-06901	10	7	15	0.2
id-06902	8	5	18	0.4
id-06903	3	4	3	0.3
id-06904	4	6	10	0.4
id-06905	7	2	3	0.3
id-06906	9	16	16	0.4
id-06907	10	13	18	0.4
id-06908	10	13	6	0.3
id-06909	4	3	4	0.3
id-06910	7	6	7	0.4
id-06911	1	2	12	0.4
id-06912	4	7	30	0.4
id-06913	7	9	21	0.2
id-06914	4	8	8	0.3
id-06915	1	2	14	0.2
id-06916	1	2	7	0.5
id-06917	9	7	10	0.5
id-06918	9	11	19	0.3
id-06919	6	7	26	0.2
id-06920	6	2	9	0.2
id-06921	10	17	4	0.5
id-06922	5	10	13	0.3
id-06923	6	2	19	0.3
id-06924	1	2	8	0.4
id-06925	10	9	12	0.3
id-06926	7	10	20	0.3
id-06927	6	2	17	0.4
id-06928	4	7	24	0.5
id-06929	5	5	11	0.5
id-06930	4	3	7	0.5
id-06931	5	6	23	0.5
id-06932	4	6	5	0.3
id-06933	7	8	27	0.3
id-06934	7	3	3	0.3
id-06935	9	8	27	0.3
id-06936	5	5	30	0.2
id-06937	10	14	30	0.3
id-06938	1	2	13	0.4
id-06939	9	9	6	0.4
id-06940	2	2	25	0.2
id-06941	7	5	26	0.4
id-06942	10	3	3	0.3
id-06943	7	8	1	0.3
id-06944	2	3	30	0.3
id-06945	7	9	27	0.4
id-06946	5	2	7	0.2
id-06947	1	2	21	0.3
id-06948	3	6	23	0.3
id-06949	4	3	15	0.4
id-06950	3	3	3	0.5
id-06951	5	8	1	0.4
id-06952	4	2	21	0.2
id-06953	9	14	16	0.3
id-06954	6	2	11	0.4
id-06955	4	5	4	0.3
id-06956	5	7	7	0.3
id-06957	8	15	19	0.2
id-06958	4	5	1	0.2
id-06959	9	18	17	0.3
id-06960	10	13	17	0.4
id-06961	5	10	10	0.3
id-06962	6	2	11	0.3
id-06963	8	2	21	0.5
id-06964	5	9	10	0.4
id-06965	7	10	27	0.4
id-06966	8	16	28	0.2
id-06967	8	15	15	0.2
id-06968	2	4	25	0.3
id-06969	5	3	10	0.4
id-06970	5	4	29	0.3
id-06971	5	7	15	0.2
id-06972	10	19	1	0.5
id-06973	10	18	23	0.5
id-06974	7	6	14	0.3
id-06975	9	18	27	0.3
id-06976	4	8	10	0.2
id-06977	1	2	30	0.2
id-06978	2	3	10	0.2
id-06979	8	9	6	0.3
id-06980	5	6	30	0.2
id-06981	10	5	13	0.2
id-06982	1	2	19	0.4
id-06983	2	4	10	0.3
id-06984	4	3	14	0.2
id-06985	1	2	28	0.3
id-06986	2	2	12	0.3
id-06987	6	10	12	0.3
id-06988	10	10	6	0.2
id-06989	3	4	20	0.4
id-06990	2	4	10	0.3
id-06991	10	8	15	0.5
id-06992	4	6	13	0.3
id-06993	4	3	28	0.3
id-06994	8	10	26	0.3
id-06995	10	19	12	0.5
id-06996	7	7	4	0.4
id-06997	6	2	17	0.3
id-06998	4	8	25	0.2
id-06999	4	3	26	0.3
id-07000	6	3	3	0.3
id-07001	4	4	13	0.4
id-07002	10	16	28	0.3
id-07003	4	3	16	0.2
id-07004	8	10	21	0.3
id-07005	6	9	25	0.4
id-07006	6	8	24	0.5
id-07007	5	10	7	0.2
id-07008	2	3	1	0.4
id-07009	6	7	29	0.3
id-07010	3	2	19	0.2
id-07011	2	2	11	0.4
id-07012	10	2	13	0.3
id-07013	3	4	29	0.3
id-07014	7	3	4	0.2
id-07015	9	12	25	0.2
id-07016	9	5	2	0.2
id-07017	7	2	6	0.4
id-07018	5	8	10	0.4
id-07019	6	3	14	0.2
id-07020	10	5	5	0.4
id-07021	4	3	14	0.3
id-07022	8	3	3	0.5
id-07023	7	8	19	0.4
id-07024	2	4	3	0.5
id-07025	4	8	4	0.5
id-07026	6	3	11	0.2
id-07027	10	12	16	0.3
id-07028	9	7	21	0.5
id-07029	10	20	30	0.3
id-07030	10	8	2	0.3
id-07031	9	10	10	0.3
id-07032	2	4	28	0.4
id-07033	8	8	12	0.3
id-07034	7	11	4	0.3
id-07035	10	10	15	0.2
id-07036	6	7	8	0.5
id-07037	5	9	7	0.3
id-07038	4	2	5	0.4
id-07039	1	2	11	0.2
id-07040	4	8	2	0.2
id-07041	8	4	28	0.2
id-07042	6	5	17	0.4
id-07043	5	8	5	0.3
id-07044	6	2	1	0.3
id-07045	10	14	2	0.5
id-07046	9	8	30	0.3
id-07047	3	5	4	0.4
id-07048	4	2	29	0.5
id-07049	6	4	16	0.2
id-07050	1	2	18	0.3
id-07051	5	7	25	0.2
id-07052	9	12	8	0.4
id-07053	3	4	18	0.5
id-07054	9	7	23	0.3
id-07055	10	7	1	0.2
id-07056	7	11	29	0.4
id-07057	1	2	9	0.4
id-07058	4	4	24	0.4
id-07059	3	6	1	0.4
id-07060	10	15	8	0.2
id-07061	6	12	22	0.3
id-07062	5	2	16	0.3
id-07063	9	15	8	0.3
id-07064	8	4	7	0.5
id-07065	7	10	29	0.3
id-07066	2	3	22	0.5
id-07067	5	6	16	0.3
id-07068	3	6	5	0.2
id-07069	9	8	29	0.3
id-07070	1	2	7	0.4
id-07071	10	7	26	0.3
id-07072	6	6	13	0.4
id-07073	1	2	16	0.4
id-07074	7	3	9	0.4
id-07075	1	2	7	0.2
id-07076	9	3	7	0.2
id-07077	2	2	13	0.3
id-07078	9	5	23	0.3
id-07079	10	9	17	0.3
id-07080	5	8	10	0.2
id-07081	8	3	24	0.3
id-07082	1	2	30	0.5
id-07083	3	2	6	0.4
id-07084	1	2	29	0.2
id-07085	4	3	22	0.2
id-07086	1	2	20	0.5
id-07087	2	2	12	0.2
id-07088	2	3	26	0.3
id-07089	2	3	6	0.4
id-07090	4	8	21	0.5
id-07091	7	2	1	0.3
id-07092	9	10	26	0.5
id-07093	8	15	22	0.4
id-07094	1	2	13	0.5
id-07095	5	3	5	0.2
id-07096	3	2	15	0.5
id-07097	5	5	2	0.2
id-07098	4	7	19	0.3
id-07099	1	2	17	0.4
id-07100	10	15	27	0.3
id-07101	10	5	30	0.4
id-07102	7	2	20	0.4
id-07103	6	9	19	0.5
id-07104	2	2	10	0.2
id-07105	2	2	7	0.3
id-07106	9	8	1	0.4
id-07107	9	15	24	0.4
id-07108	9	4	30	0.2
id-07109	8	14	24	0.5
id-07110	3	2	29	0.5
id-07111	5	4	5	0.5
id-07112	3	3	23	0.4
id-07113	10	16	30	0.4
id-07114	5	5	9	0.2
id-07115	8	10	23	0.4
id-07116	5	10	27	0.4
id-07117	3	5	11	0.4
id-07118	2	3	20	0.5
id-07119	1	2	4	0.4
id-07120	6	9	26	0.4
id-07121	4	5	2	0.3
id-07122	6	5	14	0.2
id-07123	10	11	26	0.4
id-07124	3	2	2	0.2
id-07125	7	14	7	0.2
id-07126	5	10	29	0.4
id-07127	1	2	24	0.4
id-07128	6	2	11	0.2
id-07129	5	5	14	0.2
id-07130	3	3	29	0.2
id-07131	1	2	9	0.3
id-07132	6	9	4	0.4
id-07133	4	2	25	0.3
id-07134	1	2	22	0.4
id-07135	5	7	30	0.4
id-07136	4	5	14	0.5
id-07137	3	2	6	0.2
id-07138	3	3	24	0.4
id-07139	8	9	14	0.3
id-07140	2	4	28	0.4
id-07141	9	18	29	0.3
id-07142	8	13	5	0.3
id-07143	1	2	17	0.4
id-07144	6	3	30	0.4
id-07145	9	12	1	0.4
id-07146	4	2	23	0.3
id-07147	10	8	9	0.2
id-07148	5	7	25	0.2
id-07149	5	3	24	0.4
id-07150	9	12	21	0.4
id-07151	8	6	2	0.2
id-07152	1	2	30	0.3
id-07153	9	10	2	0.3
id-07154	6	4	4	0.4
id-07155	1	2	8	0.5
id-07156	10	5	13	0.5
id-07157	2	4	26	0.4
id-07158	3	5	4	0.4
id-07159	1	2	29	0.4
id-07160	2	2	7	0.5
id-07161	9	5	3	0.3
id-07162	5	8	18	0.2
id-07163	3	4	1	0.4
id-07164	1	2	6	0.4
id-07165	6	3	24	0.2
id-07166	9	2	16	0.4
id-07167	6	2	27	0.2
id-07168	7	11	6	0.2
id-07169	10	18	19	0.4
id-07170	9	18	10	0.5
id-07171	4	4	16	0.5
id-07172	6	6	10	0.4
id-07173	3	2	15	0.3
id-07174	6	8	8	0.2
id-07175	5	4	1	0.3
id-07176	3	3	3	0.3
id-07177	3	2	3	0.3
id-07178	6	2	30	0.5
id-07179	10	2	26	0.3
id-07180	2	2	27	0.4
id-07181	2	2	13	0.2
id-07182	9	5	4	0.3
id-07183	2	3	1	0.3
id-07184	6	7	7	0.5
id-07185	5	5	25	0.2
id-07186	6	8	25	0.4
id-07187	3	6	28	0.3
id-07188	1	2	17	0.4
id-07189	8	16	26	0.4
id-07190	4	5	25	0.3
id-07191	3	4	27	0.3
id-07192	10	18	13	0.3
id-07193	4	3	23	0.3
id-07194	10	11	13	0.4
id-07195	9	16	13	0.5
id-07196	5	6	13	0.5
id-07197	3	4	19	0.2
id-07198	9	4	9	0.5
id-07199	4	7	1	0.5
id-07200	5	6	26	0.4
id-07201	5	9	9	0.4
id-07202	2	2	16	0.3
id-07203	6	6	30	0.2
id-07204	10	7	17	0.5
id-07205	10	3	11	0.2
id-07206	5	9	30	0.3
id-07207	8	11	2	0.4
id-07208	10	10	4	0.4
id-07209	5	9	27	0.5
id-07210	5	8	29	0.3
id-07211	7	9	3	0.4
id-07212	6	3	29	0.4
id-07213	9	6	12	0.4
id-07214	4	8	21	0.4
id-07215	4	6	12	0.3
id-07216	4	4	26	0.2
id-07217	5	7	7	0.4
id-07218	8	13	21	0.2
id-07219	10	15	23	0.3
id-07220	8	15	5	0.3
id-07221	4	2	11	0.5
id-07222	1	2	27	0.4
id-07223	3	3	3	0.5
id-07224	2	4	9	0.2
id-07225	7	10	13	0.2
id-07226	10	18	22	0.5
id-07227	4	7	22	0.4
id-07228	9	17	8	0.3
id-07229	10	15	3	0.5
id-07230	5	7	20	0.5
id-07231	6	11	18	0.4
id-07232	7	10	17	0.4
id-07233	2	3	13	0.4
id-07234	10	16	15	0.5
id-07235	8	15	21	0.3
id-07236	7	2	13	0.3
id-07237	7	11	14	0.3
id-07238	10	3	11	0.2
id-07239	6	9	15	0.4
id-07240	1	2	9	0.4
id-07241	8	9	13	0.4
id-07242	4	2	17	0.3
id-07243	3	3	2	0.4
id-07244	4	6	1	0.3
id-07245	4	6	20	0.4
id-07246	5	6	16	0.4
id-07247	9	7	9	0.4
id-07248	6	11	14	0.2
id-07249	5	3	3	0.3
id-07250	10	8	14	0.3
id-07251	1	2	5	0.2
id-07252	6	12	15	0.5
id-07253	9	2	22	0.2
id-07254	10	8	17	0.4
id-07255	1	2	15	0.4
id-07256	1	2	20	0.4
id-07257	1	2	27	0.3
id-07258	7	9	23	0.3
id-07259	3	5	6	0.3
id-07260	10	11	4	0.2
id-07261	1	2	6	0.4
id-07262	10	18	24	0.2
id-07263	9	3	5	0.2
id-07264	2	4	18	0.3
id-07265	4	5	27	0.4
id-07266	3	6	1	0.4
id-07267	10	2	13	0.3
id-07268	6	3	12	0.3
id-07269	4	2	28	0.3
id-07270	5	8	17	0.5
id-07271	8	13	29	0.3
id-07272	3	2	20	0.4
id-07273	4	6	23	0.5
id-07274	5	8	22	0.5
id-07275	7	4	22	0.4
id-07276	5	5	15	0.4
id-07277	3	3	5	0.3
id-07278	3	4	27	0.5
id-07279	1	2	29	0.4
id-07280	10	16	16	0.5
id-07281	5	4	22	0.3
id-07282	1	2	7	0.3
id-07283	4	4	14	0.3
id-07284	6	9	27	0.3
id-07285	6	6	18	0.3
id-07286	3	2	25	0.3
id-07287	8	3	5	0.2
id-07288	7	2	23	0.3
id-07289	6	6	24	0.4
id-07290	7	11	22	0.5
id-07291	6	6	11	0.4
id-07292	8	13	6	0.3
id-07293	8	12	20	0.5
id-07294	2	2	9	0.5
id-07295	10	6	9	0.2
id-07296	1	2	25	0.5
id-07297	4	6	13	0.2
id-07298	9	12	6	0.5
id-07299	10	14	13	0.3
id-07300	3	2	17	0.4
id-07301	6	4	18	0.4
id-07302	6	6	16	0.5
id-07303	5	5	1	0.2
id-07304	3	4	9	0.2
id-07305	3	4	10	0.3
id-07306	9	4	10	0.4
id-07307	9	14	20	0.3
id-07308	6	3	14	0.2
id-07309	5	8	23	0.5
id-07310	1	2	25	0.3
id-07311	8	12	7	0.3
id-07312	1	2	4	0.4
id-07313	6	7	6	0.2
id-07314	9	11	7	0.3
id-07315	6	10	29	0.5
id-07316	8	13	15	0.5
id-07317	8	14	26	0.4
id-07318	4	2	22	0.5
id-07319	5	7	11	0.4
id-07320	9	3	23	0.5
id-07321	8	15	29	0.4
id-07322	8	4	10	0.2
id-07323	5	5	14	0.3
id-07324	3	3	17	0.4
id-07325	1	2	23	0.2
id-07326	6	10	29	0.4
id-07327	9	9	8	0.2
id-07328	1	2	18	0.3
id-07329	10	17	22	0.3
id-07330	10	10	26	0.5
id-07331	5	7	30	0.3
id-07332	3	5	23	0.3
id-07333	8	6	26	0.4
id-07334	5	8	4	0.2
id-07335	8	10	1	0.2
id-07336	5	3	23	0.4
id-07337	4	3	4	0.5
id-07338	4	2	29	0.5
id-07339	2	2	17	0.2
id-07340	9	9	24	0.4
id-07341	2	2	18	0.3
id-07342	6	4	22	0.5
id-07343	9	2	13	0.4
id-07344	4	2	19	0.2
id-07345	2	4	2	0.3
id-07346	1	2	18	0.4
id-07347	8	5	30	0.3
id-07348	2	2	26	0.4
id-07349	10	19	24	0.2
id-07350	7	2	6	0.3
id-07351	10	13	24	0.4
id-07352	3	6	1	0.5
id-07353	4	8	20	0.4
id-07354	3	3	17	0.4
id-07355	3	4	2	0.4
id-07356	10	13	16	0.4
id-07357	8	3	22	0.3
id-07358	1	2	6	0.4
id-07359	4	3	8	0.5
id-07360	8	2	20	0.2
id-07361	5	10	25	0.3
id-07362	4	3	24	0.3
id-07363	1	2	15	0.4
id-07364	4	4	29	0.2
id-07365	9	4	27	0.3
id-07366	1	2	3	0.4
id-07367	1	2	20	0.5
id-07368	8	9	22	0.5
id-07369	8	8	14	0.3
id-07370	6	9	13	0.2
id-07371	2	2	8	0.3
id-07372	7	4	16	0.4
id-07373	2	2	5	0.4
id-07374	8	15	18	0.3
id-07375	4	3	3	0.3
id-07376	8	10	9	0.3
id-07377	5	6	9	0.4
id-07378	8	3	20	0.3
id-07379	9	11	29	0.4
id-07380	6	8	1	0.2
id-07381	6	2	3	0.5
id-07382	3	4	28	0.3
id-07383	1	2	1	0.2
id-07384	8	10	20	0.3
id-07385	10	7	19	0.2
id-07386	2	3	11	0.5
id-07387	6	11	20	0.3
id-07388	8	4	4	0.3
id-07389	7	10	28	0.3
id-07390	8	13	7	0.3
id-07391	3	5	12	0.3
id-07392	9	14	8	0.5
id-07393	1	2	14	0.3
id-07394	3	2	20	0.2
id-07395	10	20	25	0.4
id-07396	3	2	16	0.2
id-07397	6	11	28	0.4
id-07398	1	2	8	0.2
id-07399	7	6	21	0.2
id-07400	6	2	30	0.3
id-07401	7	10	6	0.3
id-07402	6	12	27	0.5
id-07403	2	4	4	0.3
id-07404	9	7	15	0.5
id-07405	3	5	19	0.3
id-07406	8	5	21	0.2
id-07407	1	2	13	0.3
id-07408	7	6	24	0.3
id-07409	10	13	25	0.2
id-07410	5	2	28	0.4
id-07411	5	10	25	0.3
id-07412	4	8	22	0.4
id-07413	4	2	7	0.4
id-07414	8	2	13	0.4
id-07415	7	8	14	0.3
id-07416	9	2	2	0.5
id-07417	7	14	18	0.3
id-07418	8	6	26	0.5
id-07419	5	2	2	0.3
id-07420	7	12	11	0.4
id-07421	8	14	14	0.3
id-07422	3	4	29	0.5
id-07423	2	3	10	0.2
id-07424	10	13	20	0.4
id-07425	3	6	28	0.4
id-07426	5	3	7	0.2
id-07427	1	2	19	0.3
id-07428	9	4	29	0.5
id-07429	2	2	30	0.4
id-07430	8	7	26	0.3
id-07431	1	2	1	0.2
id-07432	9	17	22	0.3
id-07433	3	6	18	0.5
id-07434	9	18	21	0.3
id-07435	6	4	20	0.5
id-07436	9	6	23	0.3
id-07437	5	6	23	0.4
id-07438	5	4	18	0.3
id-07439	4	3	20	0.4
id-07440	1	2	5	0.3
id-07441	4	2	1	0.3
id-07442	2	2	18	0.3
id-07443	5	9	17	0.4
id-07444	5	7	28	0.2
id-07445	4	8	8	0.4
id-07446	4	6	19	0.3
id-07447	3	6	7	0.4
id-07448	9	13	12	0.3
id-07449	6	3	5	0.4
id-07450	5	5	25	0.2
id-07451	8	3	1	0.4
id-07452	10	13	18	0.3
id-07453	1	2	4	0.3
id-07454	5	3	9	0.4
id-07455	4	6	27	0.2
id-07456	8	12	11	0.3
id-07457	5	5	7	0.4
id-07458	5	10	14	0.3
id-07459	6	11	18	0.2
id-07460	3	4	25	0.5
id-07461	8	12	25	0.5
id-07462	3	4	5	0.3
id-07463	6	6	18	0.2
id-07464	8	11	30	0.2
id-07465	8	7	25	0.2
id-07466	8	14	18	0.3
id-07467	8	3	20	0.4
id-07468	3	3	23	0.4
id-07469	1	2	8	0.4
id-07470	1	2	3	0.4
id-07471	8	3	17	0.3
id-07472	4	5	7	0.3
id-07473	8	14	14	0.2
id-07474	4	4	19	0.2
id-07475	7	12	5	0.3
id-07476	7	2	28	0.4
id-07477	2	3	11	0.3
id-07478	4	7	29	0.2
id-07479	7	14	20	0.3
id-07480	8	6	5	0.3
id-07481	2	3	14	0.2
id-07482	2	4	23	0.5
id-07483	8	13	3	0.3
id-07484	8	3	17	0.5
id-07485	7	4	21	0.3
id-07486	8	9	4	0.4
id-07487	3	6	10	0.3
id-07488	2	2	21	0.5
id-07489	8	6	12	0.2
id-07490	2	4	14	0.3
id-07491	1	2	3	0.3
id-07492	4	5	9	0.2
id-07493	4	2	22	0.3
id-07494	8	10	8	0.5
id-07495	4	6	23	0.3
id-07496	1	2	5	0.4
id-07497	9	8	1	0.3
id-07498	1	2	23	0.4
id-07499	1	2	15	0.2
id-07500	10	3	21	0.4
id-07501	3	5	16	0.2
id-07502	9	4	15	0.4
id-07503	4	6	14	0.4
id-07504	8	2	7	0.3
id-07505	9	7	18	0.4
id-07506	4	8	27	0.5
id-07507	7	7	15	0.3
id-07508	2	2	9	0.2
id-07509	8	8	9	0.4
id-07510	5	5	2	0.2
id-07511	10	10	13	0.3
id-07512	4	6	30	0.3
id-07513	5	5	7	0.5
id-07514	3	2	16	0.2
id-07515	1	2	6	0.4
id-07516	5	2	16	0.4
id-07517	1	2	22	0.4
id-07518	6	9	20	0.3
id-07519	4	7	7	0.4
id-07520	2	2	23	0.3
id-07521	8	12	19	0.3
id-07522	9	8	2	0.2
id-07523	5	8	17	0.5
id-07524	2	2	24	0.2
id-07525	9	8	4	0.4
id-07526	10	11	2	0.3
id-07527	5	2	3	0.4
id-07528	10	18	3	0.5
id-07529	4	2	20	0.3
id-07530	2	4	14	0.3
id-07531	4	8	19	0.3
id-07532	2	4	4	0.2
id-07533	6	2	14	0.5
id-07534	10	12	18	0.5
id-07535	10	2	21	0.5
id-07536	8	15	30	0.4
id-07537	4	4	14	0.3
id-07538	8	10	15	0.4
id-07539	7	6	8	0.5
id-07540	5	3	25	0.5
id-07541	10	4	25	0.4
id-07542	7	2	8	0.2
id-07543	5	5	3	0.4
id-07544	6	10	27	0.4
id-07545	1	2	12	0.4
id-07546	8	2	7	0.2
id-07547	4	2	3	0.3
id-07548	2	3	8	0.3
id-07549	2	4	5	0.3
id-07550	10	7	27	0.4
id-07551	4	3	4	0.3
id-07552	9	18	26	0.4
id-07553	5	6	4	0.4
id-07554	1	2	29	0.5
id-07555	6	3	12	0.4
id-07556	3	2	1	0.3
id-07557	6	5	17	0.4
id-07558	8	5	4	0.3
id-07559	6	6	1	0.3
id-07560	7	12	21	0.3
id-07561	2	3	27	0.2
id-07562	2	4	3	0.2
id-07563	1	2	16	0.4
id-07564	7	10	14	0.4
id-07565	1	2	16	0.4
id-07566	2	2	16	0.5
id-07567	2	4	26	0.5
id-07568	2	3	12	0.2
id-07569	9	9	29	0.4
id-07570	9	3	4	0.4
id-07571	5	8	8	0.5
id-07572	7	8	28	0.3
id-07573	8	13	22	0.3
id-07574	1	2	11	0.2
id-07575	8	16	30	0.3
id-07576	10	11	24	0.3
id-07577	10	20	2	0.2
id-07578	10	16	11	0.2
id-07579	7	11	12	0.3
id-07580	7	8	13	0.3
id-07581	8	6	11	0.5
id-07582	5	5	17	0.2
id-07583	5	6	16	0.3
id-07584	9	8	8	0.3
id-07585	7	14	13	0.3
id-07586	4	7	2	0.2
id-07587	9	4	17	0.3
id-07588	3	3	29	0.5
id-07589	1	2	8	0.4
id-07590	1	2	27	0.3
id-07591	6	7	3	0.3
id-07592	8	9	19	0.4
id-07593	5	5	9	0.3
id-07594	2	4	20	0.4
id-07595	2	3	2	0.4
id-07596	2	3	4	0.4
id-07597	6	5	27	0.2
id-07598	10	2	29	0.5
id-07599	5	6	25	0.3
id-07600	9	4	21	0.4
id-07601	1	2	18	0.4
id-07602	9	3	21	0.2
id-07603	2	4	6	0.4
id-07604	9	7	16	0.4
id-07605	10	16	10	0.2
id-07606	3	4	13	0.4
id-07607	3	5	9	0.2
id-07608	4	7	16	0.4
id-07609	3	5	24	0.2
id-07610	2	2	26	0.5
id-07611	3	5	13	0.4
id-07612	6	5	25	0.4
id-07613	9	10	13	0.3
id-07614	4	6	22	0.5
id-07615	2	3	3	0.2
id-07616	5	2	6	0.2
id-07617	8	14	13	0.3
id-07618	2	3	16	0.5
id-07619	2	3	3	0.4
id-07620	10	18	8	0.3
id-07621	5	7	2	0.3
id-07622	7	13	2	0.4
id-07623	7	8	5	0.4
id-07624	4	5	5	0.3
id-07625	7	5	10	0.3
id-07626	10	6	2	0.4
id-07627	6	3	21	0.5
id-07628	9	17	14	0.3
id-07629	9	5	29	0.4
id-07630	7	2	8	0.4
id-07631	7	5	30	0.3
id-07632	4	7	21	0.4
id-07633	5	6	8	0.5
id-07634	1	2	19	0.4
id-07635	1	2	16	0.3
id-07636	3	4	23	0.4
id-07637	1	2	7	0.3
id-07638	3	4	8	0.3
id-07639	5	8	4	0.3
id-07640	10	15	28	0.4
id-07641	6	7	23	0.3
id-07642	2	2	5	0.3
id-07643	10	12	17	0.4
id-07644	2	3	30	0.3
id-07645	6	11	10	0.2
id-07646	3	3	9	0.3
id-07647	10	8	27	0.3
id-07648	6	11	9	0.4
id-07649	4	6	30	0.4
id-07650	7	10	11	0.5
id-07651	9	9	21	0.2
id-07652	10	14	17	0.4
id-07653	7	14	12	0.3
id-07654	7	5	13	0.3
id-07655	5	5	13	0.3
id-07656	9	5	16	0.3
id-07657	8	14	2	0.4
id-07658	3	4	17	0.2
id-07659	6	9	26	0.4
id-07660	8	9	19	0.4
id-07661	7	12	4	0.5
id-07662	3	3	10	0.5
id-07663	6	3	8	0.4
id-07664	6	4	19	0.3
id-07665	3	4	18	0.5
id-07666	10	8	18	0.2
id-07667	6	3	1	0.5
id-07668	7	12	23	0.4
id-07669	7	7	24	0.2
id-07670	9	18	23	0.3
id-07671	9	17	14	0.3
id-07672	10	8	3	0.4
id-07673	9	5	24	0.3
id-07674	8	11	4	0.4
id-07675	9	2	17	0.4
id-07676	10	10	25	0.3
id-07677	6	11	16	0.3
id-07678	8	3	2	0.4
id-07679	5	3	21	0.4
id-07680	10	14	17	0.5
id-07681	10	16	23	0.5
id-07682	4	5	30	0.5
id-07683	6	8	27	0.3
id-07684	4	4	1	0.2
id-07685	1	2	19	0.5
id-07686	9	17	8	0.5
id-07687	3	3	17	0.2
id-07688	10	9	22	0.2
id-07689	7	3	24	0.4
id-07690	5	6	22	0.2
id-07691	7	14	17	0.3
id-07692	6	8	7	0.4
id-07693	9	12	6	0.5
id-07694	2	2	2	0.2
id-07695	10	4	17	0.4
id-07696	9	9	2	0.2
id-07697	1	2	9	0.4
id-07698	3	6	20	0.2
id-07699	4	3	29	0.3
id-07700	5	3	8	0.2
id-07701	8	11	9	0.4
id-07702	3	5	17	0.2
id-07703	5	4	29	0.2
id-07704	7	5	2	0.4
id-07705	6	8	11	0.2
id-07706	1	2	13	0.2
id-07707	9	18	19	0.2
id-07708	2	3	22	0.4
id-07709	9	12	7	0.2
id-07710	8	9	16	0.4
id-07711	7	6	5	0.4
id-07712	1	2	23	0.2
id-07713	7	8	17	0.5
id-07714	10	6	20	0.2
id-07715	2	3	12	0.3
id-07716	7	14	30	0.3
id-07717	7	3	23	0.3
id-07718	7	5	2	0.3
id-07719	5	4	6	0.2
id-07720	6	7	30	0.2
id-07721	5	8	19	0.5
id-07722	5	3	8	0.4
id-07723	8	5	2	0.4
id-07724	7	12	14	0.4
id-07725	9	12	23	0.4
id-07726	7	10	1	0.3
id-07727	7	2	9	0.4
id-07728	7	10	13	0.5
id-07729	4	8	28	0.5
id-07730	2	3	28	0.3
id-07731	4	3	19	0.5
id-07732	1	2	24	0.3
id-07733	7	5	1	0.5
id-07734	4	5	21	0.3
id-07735	7	13	20	0.3
id-07736	9	16	6	0.3
id-07737	7	7	10	0.2
id-07738	6	2	15	0.3
id-07739	7	2	19	0.2
id-07740	9	4	17	0.3
id-07741	10	2	18	0.2
id-07742	5	10	16	0.3
id-07743	10	20	18	0.5
id-07744	8	16	11	0.4
id-07745	9	6	27	0.3
id-07746	7	6	30	0.2
id-07747	10	6	5	0.3
id-07748	1	2	13	0.3
id-07749	4	3	10	0.3
id-07750	3	3	3	0.4
id-07751	8	4	23	0.3
id-07752	10	7	4	0.2
id-07753	8	5	15	0.4
id-07754	8	16	5	0.3
id-07755	5	8	18	0.2
id-07756	5	6	1	0.3
id-07757	1	2	3	0.2
id-07758	5	3	26	0.4
id-07759	6	7	10	0.4
id-07760	10	3	25	0.2
id-07761	5	10	15	0.3
id-07762	9	3	11	0.3
id-07763	6	10	21	0.5
id-07764	3	3	7	0.5
id-07765	7	14	22	0.3
id-07766	3	3	21	0.4
id-07767	1	2	18	0.5
id-07768	7	4	1	0.3
id-07769	10	15	22	0.2
id-07770	10	15	21	0.5
id-07771	8	16	29	0.2
id-07772	1	2	4	0.3
id-07773	9	3	27	0.3
id-07774	10	4	4	0.5
id-07775	10	8	26	0.3
id-07776	2	4	21	0.5
id-07777	10	7	13	0.3
id-07778	4	8	9	0.5
id-07779	1	2	14	0.2
id-07780	8	4	15	0.2
id-07781	4	6	17	0.3
id-07782	10	7	29	0.4
id-07783	1	2	6	0.2
id-07784	8	16	12	0.3
id-07785	6	5	7	0.3
id-07786	1	2	24	0.4
id-07787	7	7	4	0.5
id-07788	2	2	19	0.2
id-07789	7	12	7	0.3
id-07790	9	9	28	0.3
id-07791	7	8	2	0.3
id-07792	4	6	11	0.2
id-07793	3	5	11	0.3
id-07794	4	7	18	0.5
id-07795	1	2	25	0.3
id-07796	8	4	12	0.4
id-07797	4	4	18	0.4
id-07798	7	3	10	0.3
id-07799	10	13	22	0.4
id-07800	4	3	18	0.3
id-07801	9	18	24	0.4
id-07802	5	3	11	0.3
id-07803	8	7	15	0.2
id-07804	6	9	8	0.4
id-07805	9	10	9	0.4
id-07806	7	14	26	0.4
id-07807	8	11	5	0.4
id-07808	5	5	9	0.3
id-07809	7	12	27	0.4
id-07810	10	9	6	0.4
id-07811	10	20	8	0.3
id-07812	4	6	3	0.3
id-07813	3	4	26	0.5
id-07814	3	4	22	0.2
id-07815	5	10	9	0.5
id-07816	1	2	29	0.3
id-07817	9	16	3	0.3
id-07818	10	5	12	0.5
id-07819	10	19	1	0.2
id-07820	7	13	27	0.4
id-07821	10	20	17	0.3
id-07822	7	9	5	0.5
id-07823	7	14	19	0.2
id-07824	4	8	10	0.3
id-07825	3	4	12	0.4
id-07826	2	4	17	0.4
id-07827	4	7	11	0.5
id-07828	3	3	17	0.3
id-07829	4	3	2	0.3
id-07830	7	7	30	0.2
id-07831	1	2	17	0.4
id-07832	3	2	4	0.5
id-07833	4	7	3	0.2
id-07834	10	8	4	0.2
id-07835	1	2	15	0.4
id-07836	10	17	15	0.4
id-07837	1	2	28	0.3
id-07838	3	2	28	0.3
id-07839	10	7	21	0.4
id-07840	6	9	11	0.3
id-07841	7	14	29	0.4
id-07842	8	2	16	0.4
id-07843	3	6	17	0.4
id-07844	1	2	25	0.4
id-07845	7	12	27	0.2
id-07846	6	12	10	0.3
id-07847	10	18	1	0.3
id-07848	1	2	23	0.2
id-07849	8	11	26	0.4
id-07850	10	12	26	0.4
id-07851	2	3	2	0.4
id-07852	8	14	14	0.4
id-07853	6	9	15	0.2
id-07854	6	2	6	0.2
id-07855	9	12	11	0.2
id-07856	10	7	4	0.4
id-07857	4	5	7	0.3
id-07858	8	3	3	0.4
id-07859	1	2	6	0.2
id-07860	4	4	21	0.3
id-07861	9	5	3	0.3
id-07862	9	14	19	0.2
id-07863	3	2	22	0.3
id-07864	4	3	21	0.4
id-07865	4	8	17	0.4
id-07866	1	2	27	0.4
id-07867	7	13	20	0.5
id-07868	8	7	12	0.4
id-07869	9	17	2	0.4
id-07870	2	4	1	0.3
id-07871	8	2	12	0.5
id-07872	2	2	29	0.4
id-07873	2	3	27	0.5
id-07874	3	2	3	0.5
id-07875	6	5	30	0.3
id-07876	8	12	18	0.4
id-07877	9	12	26	0.5
id-07878	3	5	20	0.4
id-07879	8	9	6	0.4
id-07880	1	2	1	0.3
id-07881	8	7	21	0.5
id-07882	10	20	13	0.4
id-07883	6	5	3	0.2
id-07884	10	17	11	0.4
id-07885	2	4	23	0.2
id-07886	6	5	3	0.5
id-07887	6	10	29	0.4
id-07888	1	2	1	0.5
id-07889	10	6	1	0.4
id-07890	2	3	10	0.2
id-07891	10	10	29	0.4
id-07892	2	4	29	0.4
id-07893	5	8	11	0.5
id-07894	7	11	14	0.2
id-07895	1	2	29	0.3
id-07896	2	3	29	0.4
id-07897	9	5	10	0.4
id-07898	2	3	9	0.4
id-07899	3	6	26	0.3
id-07900	3	6	21	0.4
id-07901	8	15	11	0.4
id-07902	5	7	22	0.4
id-07903	4	3	15	0.3
id-07904	3	2	6	0.4
id-07905	9	17	29	0.4
id-07906	1	2	27	0.3
id-07907	6	5	5	0.4
id-07908	7	6	9	0.4
id-07909	8	12	11	0.4
id-07910	5	8	6	0.5
id-07911	8	12	7	0.4
id-07912	4	6	23	0.5
id-07913	7	8	18	0.4
id-07914	1	2	13	0.4
id-07915	7	4	2	0.5
id-07916	3	2	30	0.2
id-07917	8	16	30	0.2
id-07918	5	7	8	0.4
id-07919	2	4	15	0.4
id-07920	7	5	15	0.4
id-07921	5	8	23	0.4
id-07922	6	11	29	0.4
id-07923	10	5	1	0.5
id-07924	6	7	2	0.4
id-07925	6	2	28	0.5
id-07926	4	4	21	0.2
id-07927	9	10	8	0.4
id-07928	10	5	7	0.4
id-07929	5	2	16	0.3
id-07930	1	2	16	0.2
id-07931	5	9	20	0.2
id-07932	1	2	20	0.4
id-07933	1	2	30	0.4
id-07934	4	2	11	0.3
id-07935	2	2	29	0.4
id-07936	2	2	7	0.3
id-07937	6	9	27	0.5
id-07938	7	5	30	0.4
id-07939	9	3	13	0.3
id-07940	8	15	18	0.2
id-07941	7	3	11	0.5
id-07942	10	7	23	0.3
id-07943	2	4	15	0.4
id-07944	4	3	19	0.4
id-07945	3	4	14	0.2
id-07946	5	3	15	0.4
id-07947	8	4	8	0.5
id-07948	2	4	2	0.3
id-07949	7	4	15	0.2
id-07950	3	2	8	0.4
id-07951	9	6	16	0.4
id-07952	8	6	24	0.4
id-07953	10	10	13	0.2
id-07954	3	6	12	0.2
id-07955	7	14	12	0.3
id-07956	4	2	6	0.3
id-07957	4	8	1	0.2
id-07958	2	3	21	0.2
id-07959	7	13	9	0.3
id-07960	8	15	22	0.5
id-07961	3	5	2	0.3
id-07962	4	2	10	0.5
id-07963	9	14	5	0.3
id-07964	5	3	24	0.4
id-07965	2	4	27	0.5
id-07966	6	9	5	0.3
id-07967	8	5	20	0.4
id-07968	5	8	14	0.4
id-07969	7	11	15	0.3
id-07970	3	2	21	0.3
id-07971	9	4	9	0.2
id-07972	10	14	4	0.5
id-07973	3	4	23	0.5
id-07974	3	4	30	0.4
id-07975	6	5	6	0.3
id-07976	4	7	7	0.2
id-07977	7	10	1	0.2
id-07978	8	12	13	0.2
id-07979	4	2	9	0.3
id-07980	6	7	7	0.2
id-07981	3	5	13	0.2
id-07982	8	8	28	0.3
id-07983	6	9	11	0.3
id-07984	1	2	8	0.3
id-07985	9	10	21	0.4
id-07986	8	15	10	0.4
id-07987	8	3	13	0.3
id-07988	3	3	7	0.5
id-07989	10	10	4	0.4
id-07990	4	7	25	0.3
id-07991	4	6	27	0.2
id-07992	2	3	2	0.3
id-07993	4	5	16	0.3
id-07994	10	16	30	0.2
id-07995	2	3	21	0.3
id-07996	10	7	10	0.3
id-07997	5	6	4	0.3
id-07998	2	3	27	0.2
id-07999	2	3	22	0.4
id-08000	6	5	13	0.2
id-08001	7	6	26	0.3
id-08002	4	4	26	0.3
id-08003	4	8	18	0.4
id-08004	7	7	27	0.2
id-08005	2	4	24	0.4
id-08006	6	8	4	0.3
id-08007	7	7	15	0.3
id-08008	8	8	16	0.4
id-08009	1	2	8	0.5
id-08010	3	6	4	0.5
id-08011	4	4	26	0.5
id-08012	7	12	18	0.3
id-08013	1	2	17	0.3
id-08014	6	6	5	0.5
id-08015	4	2	8	0.3
id-08016	5	5	13	0.3
id-08017	8	8	20	0.3
id-08018	3	6	11	0.5
id-08019	9	7	7	0.3
id-08020	2	2	4	0.4
id-08021	3	4	15	0.4
id-08022	1	2	4	0.5
id-08023	10	20	1	0.3
id-08024	6	8	24	0.2
id-08025	9	17	27	0.3
id-08026	4	5	26	0.3
id-08027	5	10	3	0.4
id-08028	7	2	1	0.3
id-08029	9	18	29	0.3
id-08030	7	9	2	0.4
id-08031	2	3	20	0.4
id-08032	6	11	4	0.4
id-08033	9	15	23	0.4
id-08034	3	4	26	0.5
id-08035	10	7	23	0.2
id-08036	3	3	24	0.3
id-08037	1	2	17	0.4
id-08038	9	4	15	0.2
id-08039	1	2	27	0.4
id-08040	4	3	27	0.2
id-08041	1	2	10	0.4
id-08042	1	2	2	0.2
id-08043	10	18	20	0.5
id-08044	3	6	22	0.5
id-08045	7	2	7	0.4
id-08046	6	10	13	0.3
id-08047	10	15	29	0.2
id-08048	1	2	16	0.2
id-08049	1	2	28	0.4
id-08050	9	15	3	0.2
id-08051	1	2	7	0.4
id-08052	9	4	7	0.4
id-08053	1	2	11	0.3
id-08054	10	15	19	0.2
id-08055	3	4	3	0.4
id-08056	6	4	17	0.3
id-08057	8	3	12	0.2
id-08058	3	6	16	0.4
id-08059	7	12	26	0.3
id-08060	2	2	20	0.3
id-08061	8	4	23	0.5
id-08062	10	11	15	0.4
id-08063	9	6	18	0.3
id-08064	3	5	11	0.4
id-08065	2	4	30	0.4
id-08066	2	4	29	0.3
id-08067	4	4	25	0.4
id-08068	5	6	11	0.3
id-08069	9	18	16	0.4
id-08070	2	4	24	0.2
id-08071	4	6	13	0.3
id-08072	5	9	12	0.3
id-08073	5	10	18	0.5
id-08074	2	2	21	0.3
id-08075	8	4	22	0.2
id-08076	3	6	27	0.5
id-08077	2	2	11	0.5
id-08078	9	7	14	0.3
id-08079	3	4	6	0.3
id-08080	9	5	28	0.5
id-08081	2	2	27	0.3
id-08082	7	2	29	0.4
id-08083	5	8	11	0.3
id-08084	10	15	14	0.3
id-08085	6	8	26	0.3
id-08086	5	2	14	0.5
id-08087	5	5	26	0.3
id-08088	6	11	19	0.4
id-08089	3	6	15	0.5
id-08090	7	13	5	0.4
id-08091	1	2	5	0.5
id-08092	1	2	10	0.3
id-08093	2	2	6	0.3
id-08094	7	3	13	0.3
id-08095	2	2	14	0.3
id-08096	3	4	11	0.3
id-08097	10	6	25	0.5
id-08098	9	15	13	0.2
id-08099	1	2	15	0.4
id-08100	2	2	11	0.5
id-08101	3	4	19	0.3
id-08102	9	9	24	0.4
id-08103	3	3	15	0.2
id-08104	8	5	18	0.2
id-08105	5	3	2	0.4
id-08106	10	5	16	0.4
id-08107	2	3	1	0.3
id-08108	1	2	2	0.5
id-08109	2	2	17	0.3
id-08110	10	7	27	0.3
id-08111	6	12	3	0.3
id-08112	5	5	11	0.5
id-08113	3	3	4	0.4
id-08114	3	6	19	0.2
id-08115	3	4	25	0.4
id-08116	10	14	30	0.5
id-08117	2	3	30	0.4
id-08118	8	11	23	0.3
id-08119	2	3	13	0.5
id-08120	5	6	1	0.3
id-08121	3	3	12	0.2
id-08122	10	2	21	0.5
id-08123	3	6	26	0.3
id-08124	9	17	15	0.3
id-08125	2	4	14	0.5
id-08126	2	4	28	0.5
id-08127	8	14	7	0.4
id-08128	9	16	9	0.2
id-08129	5	3	4	0.4
id-08130	4	2	17	0.5
id-08131	6	8	20	0.3
id-08132	1	2	2	0.5
id-08133	5	3	6	0.3
id-08134	5	8	6	0.3
id-08135	5	8	26	0.3
id-08136	5	2	23	0.4
id-08137	8	14	8	0.5
id-08138	5	3	14	0.4
id-08139	5	4	25	0.4
id-08140	8	3	23	0.4
id-08141	9	8	8	0.2
id-08142	9	3	28	0.5
id-08143	1	2	25	0.3
id-08144	2	2	14	0.3
id-08145	2	4	30	0.3
id-08146	3	3	17	0.3
id-08147	7	4	17	0.4
id-08148	8	11	4	0.5
id-08149	4	5	29	0.4
id-08150	8	4	13	0.4
id-08151	6	5	8	0.3
id-08152	5	3	17	0.2
id-08153	7	11	25	0.4
id-08154	8	5	5	0.4
id-08155	3	5	13	0.4
id-08156	1	2	11	0.3
id-08157	9	2	11	0.5
id-08158	4	4	12	0.5
id-08159	8	9	18	0.4
id-08160	1	2	28	0.4
id-08161	4	4	14	0.5
id-08162	7	7	6	0.3
id-08163	6	5	30	0.4
id-08164	3	4	7	0.5
id-08165	6	6	14	0.4
id-08166	10	5	12	0.3
id-08167	3	6	13	0.3
id-08168	6	12	19	0.2
id-08169	9	3	6	0.4
id-08170	6	10	2	0.5
id-08171	8	9	5	0.4
id-08172	7	12	6	0.3
id-08173	10	10	3	0.4
id-08174	3	6	2	0.2
id-08175	8	14	27	0.4
id-08176	5	6	7	0.2
id-08177	4	6	21	0.2
id-08178	3	6	16	0.3
id-08179	4	3	30	0.3
id-08180	4	6	8	0.4
id-08181	6	11	19	0.3
id-08182	1	2	15	0.3
id-08183	3	5	16	0.3
id-08184	9	7	6	0.4
id-08185	3	3	16	0.4
id-08186	3	6	6	0.3
id-08187	9	16	11	0.3
id-08188	8	5	2	0.2
id-08189	2	2	17	0.5
id-08190	10	20	22	0.4
id-08191	4	6	9	0.3
id-08192	10	12	22	0.4
id-08193	5	6	21	0.4
id-08194	8	2	7	0.5
id-08195	2	3	27	0.4
id-08196	1	2	24	0.4
id-08197	4	6	12	0.4
id-08198	8	16	12	0.4
id-08199	4	3	5	0.4
id-08200	3	4	7	0.4
id-08201	2	2	7	0.5
id-08202	2	4	12	0.5
id-08203	1	2	5	0.2
id-08204	10	8	17	0.4
id-08205	5	6	22	0.2
id-08206	4	4	5	0.2
id-08207	3	3	23	0.3
id-08208	8	10	17	0.2
id-08209	1	2	10	0.5
id-08210	4	4	6	0.2
id-08211	8	15	14	0.4
id-08212	3	3	18	0.5
id-08213	5	5	15	0.4
id-08214	9	2	11	0.3
id-08215	5	5	24	0.3
id-08216	5	8	22	0.3
id-08217	3	6	4	0.3
id-08218	7	8	7	0.2
id-08219	2	2	14	0.4
id-08220	5	2	17	0.2
id-08221	1	2	16	0.3
id-08222	1	2	20	0.5
id-08223	2	2	6	0.3
id-08224	4	3	24	0.5
id-08225	2	3	20	0.2
id-08226	1	2	22	0.3
id-08227	3	6	8	0.2
id-08228	1	2	15	0.4
id-08229	10	2	15	0.3
id-08230	8	5	26	0.2
id-08231	5	10	3	0.3
id-08232	8	16	28	0.3
id-08233	1	2	24	0.4
id-08234	10	10	9	0.4
id-08235	4	2	8	0.3
id-08236	1	2	21	0.3
id-08237	4	6	15	0.4
id-08238	3	3	14	0.2
id-08239	10	15	22	0.4
id-08240	4	2	21	0.5
id-08241	5	5	29	0.5
id-08242	10	20	29	0.3
id-08243	7	6	1	0.4
id-08244	10	10	26	0.4
id-08245	6	6	21	0.2
id-08246	5	6	26	0.5
id-08247	2	3	4	0.5
id-08248	2	3	7	0.4
id-08249	8	5	9	0.4
id-08250	4	7	2	0.3
id-08251	10	5	11	0.4
id-08252	2	3	27	0.5
id-08253	7	12	24	0.5
id-08254	7	3	7	0.2
id-08255	9	13	18	0.4
id-08256	10	20	6	0.5
id-08257	4	3	17	0.4
id-08258	10	12	13	0.4
id-08259	5	10	19	0.3
id-08260	7	13	25	0.2
id-08261	3	5	9	0.4
id-08262	3	2	6	0.2
id-08263	9	17	20	0.4
id-08264	3	5	13	0.3
id-08265	5	3	15	0.3
id-08266	8	6	30	0.4
id-08267	9	14	1	0.2
id-08268	10	4	29	0.3
id-08269	6	9	21	0.5
id-08270	6	10	30	0.3
id-08271	6	4	1	0.3
id-08272	8	9	2	0.5
id-08273	5	9	12	0.5
id-08274	1	2	30	0.3
id-08275	3	6	27	0.2
id-08276	6	11	26	0.3
id-08277	1	2	24	0.4
id-08278	8	3	15	0.4
id-08279	8	5	8	0.5
id-08280	6	11	5	0.5
id-08281	1	2	20	0.5
id-08282	9	3	6	0.5
id-08283	7	5	6	0.4
id-08284	10	3	6	0.5
id-08285	4	3	17	0.2
id-08286	1	2	20	0.3
id-08287	5	7	8	0.4
id-08288	10	17	29	0.4
id-08289	6	10	13	0.3
id-08290	7	3	14	0.3
id-08291	6	10	24	0.3
id-08292	1	2	23	0.4
id-08293	7	9	14	0.3
id-08294	7	3	17	0.3
id-08295	5	5	7	0.3
id-08296	3	2	7	0.4
id-08297	5	9	19	0.3
id-08298	9	6	6	0.4
id-08299	6	3	7	0.2
id-08300	6	6	20	0.3
id-08301	1	2	10	0.4
id-08302	8	3	4	0.2
id-08303	2	4	28	0.2
id-08304	5	10	25	0.3
id-08305	4	4	9	0.4
id-08306	3	5	18	0.2
id-08307	1	2	25	0.4
id-08308	2	3	22	0.3
id-08309	6	6	7	0.4
id-08310	10	9	23	0.5
id-08311	5	5	17	0.5
id-08312	4	5	18	0.4
id-08313	4	8	7	0.3
id-08314	4	3	22	0.4
id-08315	9	7	26	0.3
id-08316	7	12	30	0.3
id-08317	6	2	25	0.3
id-08318	8	12	26	0.4
id-08319	4	2	4	0.3
id-08320	3	2	11	0.4
id-08321	4	2	18	0.5
id-08322	4	5	4	0.3
id-08323	5	2	13	0.2
id-08324	4	2	25	0.4
id-08325	9	18	1	0.3
id-08326	6	2	8	0.4
id-08327	7	11	4	0.4
id-08328	4	5	5	0.2
id-08329	6	8	12	0.4
id-08330	3	5	28	0.4
id-08331	4	2	23	0.3
id-08332	1	2	30	0.3
id-08333	10	12	18	0.5
id-08334	8	10	26	0.5
id-08335	7	3	1	0.2
id-08336	9	4	12	0.3
id-08337	3	4	21	0.3
id-08338	8	4	20	0.3
id-08339	10	5	10	0.4
id-08340	6	2	19	0.4
id-08341	1	2	3	0.2
id-08342	5	6	15	0.3
id-08343	5	4	24	0.4
id-08344	4	7	9	0.2
id-08345	8	5	20	0.4
id-08346	9	16	19	0.4
id-08347	2	2	7	0.3
id-08348	10	18	10	0.5
id-08349	1	2	24	0.5
id-08350	4	4	8	0.4
id-08351	9	13	5	0.4
id-08352	1	2	20	0.3
id-08353	3	2	28	0.4
id-08354	8	5	29	0.3
id-08355	8	7	30	0.3
id-08356	4	7	16	0.4
id-08357	7	8	16	0.4
id-08358	8	3	26	0.4
id-08359	2	4	11	0.3
id-08360	1	2	4	0.3
id-08361	8	2	5	0.2
id-08362	3	5	21	0.4
id-08363	9	2	28	0.3
id-08364	6	7	9	0.5
id-08365	5	10	10	0.3
id-08366	6	11	2	0.3
id-08367	10	8	19	0.4
id-08368	5	5	13	0.5
id-08369	2	3	16	0.3
id-08370	9	16	8	0.3
id-08371	3	6	19	0.3
id-08372	6	6	24	0.5
id-08373	5	8	5	0.4
id-08374	10	17	18	0.5
id-08375	2	2	13	0.4
id-08376	4	2	11	0.5
id-08377	5	9	20	0.2
id-08378	9	3	14	0.2
id-08379	1	2	16	0.4
id-08380	3	3	28	0.4
id-08381	8	3	25	0.4
id-08382	4	3	28	0.2
id-08383	1	2	19	0.3
id-08384	10	16	23	0.3
id-08385	8	5	17	0.3
id-08386	10	4	10	0.3
id-08387	5	4	15	0.5
id-08388	6	6	30	0.2
id-08389	3	5	8	0.5
id-08390	8	12	30	0.5
id-08391	4	4	3	0.4
id-08392	2	3	19	0.4
id-08393	6	3	11	0.4
id-08394	8	13	11	0.4
id-08395	2	2	5	0.3
id-08396	5	9	30	0.4
id-08397	7	14	5	0.3
id-08398	3	2	16	0.3
id-08399	5	3	28	0.5
id-08400	3	4	22	0.3
id-08401	4	6	8	0.5
id-08402	7	12	28	0.3
id-08403	9	15	28	0.5
id-08404	5	5	29	0.4
id-08405	8	8	21	0.4
id-08406	8	7	15	0.4
id-08407	4	2	30	0.4
id-08408	1	2	17	0.4
id-08409	2	2	12	0.2
id-08410	5	4	4	0.4
id-08411	4	5	11	0.3
id-08412	3	5	27	0.5
id-08413	5	10	24	0.5
id-08414	6	7	6	0.5
id-08415	7	6	18	0.2
id-08416	1	2	25	0.3
id-08417	9	11	13	0.2
id-08418	6	3	15	0.4
id-08419	7	11	13	0.2
id-08420	5	6	8	0.4
id-08421	8	11	11	0.3
id-08422	2	4	7	0.3
id-08423	6	9	17	0.4
id-08424	1	2	20	0.4
id-08425	7	8	1	0.3
id-08426	9	3	7	0.3
id-08427	5	9	4	0.2
id-08428	4	4	26	0.4
id-08429	8	2	20	0.2
id-08430	10	13	15	0.4
id-08431	10	5	20	0.4
id-08432	4	6	20	0.5
id-08433	10	13	8	0.5
id-08434	6	6	8	0.4
id-08435	9	7	23	0.2
id-08436	2	2	23	0.2
id-08437	2	4	15	0.3
id-08438	8	2	1	0.5
id-08439	2	2	11	0.4
id-08440	1	2	8	0.3
id-08441	4	3	28	0.3
id-08442	4	2	13	0.4
id-08443	7	8	22	0.3
id-08444	4	3	13	0.4
id-08445	6	12	25	0.4
id-08446	4	4	2	0.4
id-08447	4	4	30	0.3
id-08448	10	6	10	0.3
id-08449	10	16	25	0.5
id-08450	4	2	14	0.4
id-08451	5	3	6	0.3
id-08452	7	10	12	0.4
id-08453	9	6	1	0.2
id-08454	5	6	20	0.3
id-08455	4	7	10	0.4
id-08456	9	5	24	0.5
id-08457	4	6	25	0.3
id-08458	10	19	4	0.3
id-08459	5	9	17	0.4
id-08460	1	2	30	0.3
id-08461	3	2	30	0.4
id-08462	4	2	29	0.2
id-08463	10	11	16	0.3
id-08464	2	2	15	0.3
id-08465	5	3	2	0.4
id-08466	6	12	8	0.5
id-08467	10	15	22	0.4
id-08468	9	5	7	0.2
id-08469	3	4	24	0.5
id-08470	3	5	13	0.4
id-08471	5	4	26	0.4
id-08472	4	3	10	0.2
id-08473	7	6	20	0.4
id-08474	1	2	10	0.5
id-08475	7	4	30	0.2
id-08476	7	6	28	0.2
id-08477	4	4	7	0.3
id-08478	10	6	6	0.5
id-08479	5	10	15	0.3
id-08480	10	17	1	0.4
id-08481	4	6	28	0.2
id-08482	7	11	15	0.3
id-08483	7	12	29	0.3
id-08484	2	3	19	0.3
id-08485	7	2	11	0.3
id-08486	2	4	1	0.4
id-08487	4	3	4	0.3
id-08488	2	2	25	0.2
id-08489	8	5	18	0.4
id-08490	7	11	22	0.3
id-08491	3	6	8	0.4
id-08492	7	5	2	0.2
id-08493	8	8	13	0.5
id-08494	3	2	10	0.3
id-08495	1	2	4	0.2
id-08496	1	2	19	0.4
id-08497	9	10	26	0.3
id-08498	2	3	12	0.3
id-08499	2	2	18	0.3
id-08500	9	11	30	0.4
id-08501	8	3	21	0.2
id-08502	1	2	25	0.4
id-08503	2	2	23	0.2
id-08504	8	10	12	0.2
id-08505	9	15	12	0.3
id-08506	7	9	22	0.4
id-08507	10	17	22	0.4
id-08508	4	4	4	0.5
id-08509	7	14	13	0.2
id-08510	5	10	9	0.3
id-08511	5	9	8	0.3
id-08512	3	4	28	0.4
id-08513	1	2	25	0.4
id-08514	4	2	6	0.3
id-08515	4	3	9	0.2
id-08516	4	8	16	0.3
id-08517	2	3	13	0.2
id-08518	2	3	24	0.3
id-08519	8	12	6	0.4
id-08520	10	9	29	0.4
id-08521	8	16	10	0.3
id-08522	5	8	9	0.3
id-08523	8	16	7	0.2
id-08524	8	9	29	0.4
id-08525	1	2	26	0.3
id-08526	7	11	8	0.2
id-08527	7	2	12	0.4
id-08528	8	8	4	0.5
id-08529	8	8	29	0.3
id-08530	4	8	8	0.4
id-08531	10	7	7	0.5
id-08532	3	4	10	0.5
id-08533	4	2	19	0.5
id-08534	3	3	20	0.3
id-08535	6	6	28	0.4
id-08536	2	4	15	0.4
id-08537	7	10	14	0.3
id-08538	5	8	30	0.3
id-08539	4	2	29	0.2
id-08540	3	4	29	0.5
id-08541	10	15	29	0.4
id-08542	10	15	27	0.4
id-08543	2	2	20	0.4
id-08544	3	5	9	0.4
id-08545	7	7	26	0.4
id-08546	1	2	25	0.3
id-08547	1	2	5	0.2
id-08548	8	14	7	0.3
id-08549	9	5	29	0.2
id-08550	5	6	21	0.3
id-08551	10	20	3	0.3
id-08552	8	14	22	0.4
id-08553	10	17	29	0.5
id-08554	1	2	14	0.5
id-08555	1	2	25	0.5
id-08556	2	4	20	0.4
id-08557	8	13	8	0.5
id-08558	3	3	16	0.3
id-08559	7	11	1	0.4
id-08560	9	2	1	0.4
id-08561	2	2	29	0.2
id-08562	4	8	12	0.3
id-08563	3	3	17	0.4
id-08564	2	4	27	0.4
id-08565	7	12	5	0.5
id-08566	9	14	22	0.5
id-08567	10	4	24	0.4
id-08568	10	11	17	0.4
id-08569	4	8	23	0.3
id-08570	4	2	16	0.3
id-08571	8	9	21	0.5
id-08572	7	3	10	0.3
id-08573	5	7	20	0.5
id-08574	7	8	13	0.3
id-08575	5	8	15	0.3
id-08576	7	5	28	0.5
id-08577	4	8	11	0.3
id-08578	6	3	25	0.2
id-08579	1	2	9	0.2
id-08580	1	2	12	0.5
id-08581	3	5	3	0.4
id-08582	9	17	3	0.5
id-08583	9	3	5	0.2
id-08584	2	2	22	0.4
id-08585	3	5	29	0.2
id-08586	5	8	4	0.3
id-08587	10	19	10	0.5
id-08588	3	5	19	0.5
id-08589	7	4	12	0.5
id-08590	4	5	27	0.3
id-08591	1	2	18	0.4
id-08592	6	11	12	0.4
id-08593	8	3	10	0.5
id-08594	9	12	22	0.5
id-08595	6	10	8	0.3
id-08596	9	15	17	0.2
id-08597	9	10	25	0.5
id-08598	6	4	13	0.2
id-08599	8	6	28	0.2
id-08600	4	6	22	0.4
id-08601	2	4	17	0.4
id-08602	6	5	1	0.4
id-08603	9	17	9	0.3
id-08604	2	2	15	0.2
id-08605	7	12	15	0.3
id-08606	10	8	24	0.4
id-08607	3	6	22	0.4
id-08608	3	5	1	0.2
id-08609	3	5	20	0.3
id-08610	7	12	4	0.5
id-08611	10	2	9	0.2
id-08612	4	6	28	0.5
id-08613	7	10	19	0.2
id-08614	6	9	16	0.3
id-08615	10	5	19	0.4
id-08616	9	7	6	0.5
id-08617	8	14	23	0.4
id-08618	3	6	3	0.5
id-08619	3	2	15	0.3
id-08620	10	4	28	0.5
id-08621	3	5	22	0.5
id-08622	7	9	12	0.2
id-08623	1	2	18	0.4
id-08624	9	6	3	0.3
id-08625	9	17	5	0.5
id-08626	6	12	7	0.3
id-08627	4	4	13	0.3
id-08628	10	19	27	0.4
id-08629	10	11	14	0.4
id-08630	2	2	12	0.4
id-08631	3	2	14	0.3
id-08632	2	2	3	0.2
id-08633	5	6	5	0.3
id-08634	1	2	26	0.5
id-08635	3	6	12	0.3
id-08636	10	6	8	0.3
id-08637	4	2	8	0.2
id-08638	10	5	15	0.3
id-08639	8	6	6	0.3
id-08640	9	11	18	0.4
id-08641	3	5	22	0.4
id-08642	6	6	13	0.3
id-08643	3	5	19	0.4
id-08644	9	15	29	0.4
id-08645	6	11	10	0.3
id-08646	2	4	4	0.2
id-08647	4	2	17	0.4
id-08648	5	4	24	0.4
id-08649	7	4	29	0.5
id-08650	7	12	1	0.4
id-08651	1	2	7	0.3
id-08652	7	2	14	0.5
id-08653	5	3	9	0.3
id-08654	2	3	20	0.4
id-08655	10	10	13	0.2
id-08656	3	2	16	0.5
id-08657	10	18	25	0.3
id-08658	1	2	21	0.3
id-08659	2	3	13	0.4
id-08660	5	5	16	0.2
id-08661	3	4	24	0.4
id-08662	4	6	6	0.5
id-08663	3	5	27	0.3
id-08664	5	4	3	0.4
id-08665	4	4	24	0.2
id-08666	4	7	4	0.4
id-08667	8	14	20	0.3
id-08668	9	13	1	0.3
id-08669	4	8	18	0.4
id-08670	5	8	13	0.3
id-08671	4	2	30	0.3
id-08672	1	2	27	0.3
id-08673	6	9	16	0.4
id-08674	10	12	18	0.4
id-08675	3	2	27	0.3
id-08676	3	3	23	0.2
id-08677	3	2	1	0.3
id-08678	2	2	19	0.4
id-08679	10	9	22	0.5
id-08680	5	4	15	0.4
id-08681	10	11	29	0.4
id-08682	7	7	1	0.2
id-08683	4	8	21	0.3
id-08684	4	2	14	0.3
id-08685	7	5	19	0.4
id-08686	9	14	30	0.3
id-08687	8	16	3	0.4
id-08688	5	10	20	0.5
id-08689	7	2	19	0.3
id-08690	6	10	18	0.3
id-08691	10	8	14	0.4
id-08692	2	4	16	0.3
id-08693	7	14	20	0.3
id-08694	3	6	24	0.5
id-08695	3	2	17	0.2
id-08696	4	6	24	0.3
id-08697	1	2	25	0.5
id-08698	3	5	20	0.4
id-08699	9	7	12	0.2
id-08700	6	11	12	0.4
id-08701	4	5	13	0.5
id-08702	8	5	9	0.2
id-08703	2	2	21	0.3
id-08704	4	2	24	0.4
id-08705	8	8	27	0.5
id-08706	6	2	9	0.4
id-08707	7	13	3	0.5
id-08708	1	2	30	0.2
id-08709	1	2	1	0.2
id-08710	6	2	28	0.4
id-08711	9	3	4	0.2
id-08712	8	12	7	0.5
id-08713	4	2	26	0.2
id-08714	10	5	5	0.4
id-08715	1	2	22	0.3
id-08716	8	7	11	0.4
id-08717	9	9	29	0.3
id-08718	6	4	24	0.2
id-08719	7	2	24	0.5
id-08720	4	6	13	0.4
id-08721	3	6	21	0.4
id-08722	2	2	23	0.3
id-08723	6	4	3	0.3
id-08724	5	8	29	0.3
id-08725	7	6	28	0.2
id-08726	7	9	11	0.4
id-08727	8	7	17	0.4
id-08728	7	13	12	0.2
id-08729	2	4	24	0.4
id-08730	9	5	6	0.5
id-08731	1	2	17	0.4
id-08732	6	2	14	0.5
id-08733	10	13	5	0.5
id-08734	5	4	20	0.4
id-08735	10	3	21	0.4
id-08736	6	7	18	0.3
id-08737	7	4	23	0.4
id-08738	6	5	20	0.4
id-08739	4	6	14	0.3
id-08740	5	10	1	0.4
id-08741	1	2	11	0.4
id-08742	6	12	9	0.5
id-08743	8	3	5	0.4
id-08744	3	2	10	0.2
id-08745	7	6	28	0.3
id-08746	2	3	16	0.4
id-08747	4	3	27	0.5
id-08748	9	14	1	0.3
id-08749	9	17	6	0.2
id-08750	2	2	10	0.3
id-08751	9	3	24	0.3
id-08752	4	2	20	0.3
id-08753	5	8	15	0.3
id-08754	8	12	16	0.2
id-08755	3	3	15	0.4
id-08756	5	4	19	0.2
id-08757	6	12	20	0.3
id-08758	1	2	1	0.2
id-08759	4	4	8	0.2
id-08760	9	13	24	0.3
id-08761	7	5	16	0.4
id-08762	3	5	25	0.3
id-08763	4	2	1	0.4
id-08764	9	17	22	0.4
id-08765	4	5	24	0.4
id-08766	10	14	14	0.4
id-08767	9	2	9	0.3
id-08768	8	11	19	0.2
id-08769	6	5	13	0.4
id-08770	10	10	10	0.5
id-08771	6	8	20	0.2
id-08772	3	2	5	0.3
id-08773	5	10	23	0.4
id-08774	5	3	28	0.5
id-08775	4	4	26	0.3
id-08776	6	4	20	0.3
id-08777	8	4	9	0.2
id-08778	6	2	21	0.4
id-08779	8	8	5	0.4
id-08780	10	17	3	0.3
id-08781	4	5	21	0.2
id-08782	3	4	16	0.4
id-08783	5	4	18	0.4
id-08784	1	2	2	0.2
id-08785	4	7	2	0.3
id-08786	8	4	30	0.3
id-08787	3	2	29	0.5
id-08788	8	4	10	0.4
id-08789	1	2	26	0.3
id-08790	5	4	25	0.3
id-08791	4	3	9	0.4
id-08792	7	4	8	0.2
id-08793	9	5	20	0.5
id-08794	1	2	19	0.4
id-08795	7	4	4	0.5
id-08796	8	16	24	0.2
id-08797	9	8	21	0.5
id-08798	7	4	23	0.5
id-08799	1	2	11	0.5
id-08800	4	4	20	0.3
id-08801	5	5	5	0.2
id-08802	9	11	28	0.2
id-08803	2	3	18	0.3
id-08804	2	3	15	0.5
id-08805	8	2	23	0.2
id-08806	4	8	8	0.5
id-08807	1	2	19	0.4
id-08808	4	5	9	0.5
id-08809	5	4	13	0.5
id-08810	7	14	21	0.4
id-08811	6	7	30	0.4
id-08812	9	8	6	0.4
id-08813	4	8	28	0.2
id-08814	10	14	18	0.2
id-08815	8	16	30	0.2
id-08816	6	7	8	0.4
id-08817	9	9	11	0.2
id-08818	4	6	10	0.2
id-08819	3	3	16	0.4
id-08820	3	4	1	0.3
id-08821	7	8	18	0.5
id-08822	2	2	10	0.3
id-08823	5	3	5	0.4
id-08824	3	6	14	0.4
id-08825	2	3	15	0.4
id-08826	4	6	25	0.4
id-08827	9	8	13	0.4
id-08828	9	16	19	0.4
id-08829	1	2	8	0.3
id-08830	7	8	27	0.3
id-08831	9	17	22	0.3
id-08832	4	8	19	0.3
id-08833	5	7	18	0.2
id-08834	4	4	8	0.4
id-08835	4	2	2	0.4
id-08836	4	4	17	0.5
id-08837	5	2	11	0.4
id-08838	8	4	29	0.5
id-08839	5	3	22	0.2
id-08840	8	5	3	0.4
id-08841	10	12	19	0.4
id-08842	4	6	7	0.4
id-08843	9	2	26	0.4
id-08844	7	9	1	0.2
id-08845	8	12	11	0.5
id-08846	6	10	18	0.3
id-08847	6	7	12	0.3
id-08848	9	2	17	0.3
id-08849	8	3	18	0.4
id-08850	9	13	16	0.4
id-08851	10	10	8	0.2
id-08852	3	5	7	0.5
id-08853	4	7	3	0.4
id-08854	5	8	15	0.3
id-08855	8	12	17	0.3
id-08856	5	7	19	0.4
id-08857	6	5	27	0.3
id-08858	7	9	14	0.5
id-08859	2	4	9	0.2
id-08860	6	4	3	0.3
id-08861	1	2	17	0.4
id-08862	9	10	5	0.3
id-08863	6	7	22	0.4
id-08864	7	13	16	0.3
id-08865	5	8	19	0.2
id-08866	4	6	28	0.4
id-08867	7	8	29	0.4
id-08868	4	4	15	0.4
id-08869	6	3	17	0.3
id-08870	5	8	25	0.4
id-08871	5	3	4	0.2
id-08872	2	2	3	0.3
id-08873	7	4	30	0.3
id-08874	3	5	7	0.5
id-08875	4	4	16	0.4
id-08876	7	3	14	0.5
id-08877	10	14	21	0.4
id-08878	6	5	4	0.4
id-08879	3	6	17	0.3
id-08880	7	11	9	0.4
id-08881	10	15	5	0.4
id-08882	8	10	30	0.2
id-08883	7	7	27	0.5
id-08884	5	7	7	0.2
id-08885	3	5	23	0.4
id-08886	3	2	27	0.3
id-08887	10	2	1	0.2
id-08888	1	2	8	0.4
id-08889	10	15	27	0.4
id-08890	3	4	18	0.4
id-08891	5	5	14	0.4
id-08892	8	13	6	0.2
id-08893	10	7	13	0.3
id-08894	2	4	27	0.3
id-08895	10	3	26	0.5
id-08896	9	15	29	0.3
id-08897	5	4	6	0.4
id-08898	7	6	9	0.5
id-08899	9	10	4	0.3
id-08900	10	4	6	0.4
id-08901	5	9	2	0.4
id-08902	6	4	10	0.2
id-08903	10	11	24	0.5
id-08904	8	15	29	0.4
id-08905	6	11	2	0.4
id-08906	4	8	27	0.3
id-08907	2	4	26	0.3
id-08908	5	6	7	0.2
id-08909	4	2	19	0.4
id-08910	6	3	28	0.4
id-08911	2	4	14	0.3
id-08912	9	13	21	0.5
id-08913	8	9	4	0.3
id-08914	7	14	24	0.4
id-08915	5	8	1	0.2
id-08916	9	3	1	0.3
id-08917	1	2	7	0.4
id-08918	1	2	25	0.2
id-08919	9	2	27	0.3
id-08920	9	7	2	0.3
id-08921	5	7	17	0.4
id-08922	1	2	12	0.2
id-08923	4	8	4	0.4
id-08924	5	8	21	0.3
id-08925	10	8	27	0.4
id-08926	1	2	25	0.3
id-08927	5	8	3	0.5
id-08928	8	3	28	0.3
id-08929	5	3	15	0.2
id-08930	2	4	13	0.4
id-08931	8	8	16	0.2
id-08932	7	8	5	0.4
id-08933	1	2	17	0.2
id-08934	1	2	8	0.4
id-08935	10	5	21	0.4
id-08936	7	3	27	0.4
id-08937	7	14	7	0.3
id-08938	10	7	20	0.3
id-08939	7	12	13	0.3
id-08940	1	2	27	0.4
id-08941	3	3	13	0.3
id-08942	4	5	24	0.3
id-08943	10	6	23	0.5
id-08944	9	11	8	0.3
id-08945	3	5	3	0.4
id-08946	10	13	29	0.5
id-08947	9	2	23	0.2
id-08948	6	6	10	0.4
id-08949	10	8	9	0.3
id-08950	8	6	26	0.4
id-08951	9	3	6	0.3
id-08952	6	11	26	0.3
id-08953	10	17	2	0.4
id-08954	4	6	10	0.5
id-08955	7	8	27	0.4
id-08956	6	12	3	0.5
id-08957	4	8	21	0.3
id-08958	8	8	20	0.3
id-08959	5	4	2	0.4
id-08960	4	6	20	0.3
id-08961	1	2	11	0.3
id-08962	7	11	7	0.4
id-08963	6	10	23	0.4
id-08964	9	3	6	0.3
id-08965	6	2	30	0.3
id-08966	1	2	19	0.3
id-08967	5	2	2	0.3
id-08968	1	2	15	0.4
id-08969	1	2	15	0.4
id-08970	1	2	3	0.4
id-08971	1	2	15	0.3
id-08972	7	12	21	0.3
id-08973	8	15	4	0.4
id-08974	1	2	12	0.4
id-08975	4	2	5	0.5
id-08976	8	4	8	0.4
id-08977	10	9	17	0.4
id-08978	8	5	28	0.2
id-08979	6	4	12	0.3
id-08980	5	5	30	0.4
id-08981	4	4	22	0.5
id-08982	3	5	24	0.5
id-08983	9	11	2	0.3
id-08984	10	15	1	0.2
id-08985	3	4	2	0.4
id-08986	10	20	29	0.4
id-08987	10	20	28	0.4
id-08988	1	2	21	0.5
id-08989	1	2	27	0.4
id-08990	10	8	16	0.5
id-08991	6	12	4	0.4
id-08992	7	13	6	0.2
id-08993	5	6	11	0.3
id-08994	5	4	29	0.3
id-08995	5	10	2	0.4
id-08996	10	12	15	0.5
id-08997	6	2	18	0.4
id-08998	8	10	10	0.5
id-08999	5	5	24	0.3
id-09000	4	5	1	0.3
id-09001	10	15	10	0.3
id-09002	7	3	25	0.3
id-09003	6	2	25	0.4
id-09004	3	3	22	0.4
id-09005	7	10	22	0.4
id-09006	6	5	15	0.4
id-09007	5	8	13	0.3
id-09008	6	9	27	0.5
id-09009	8	12	21	0.2
id-09010	3	4	23	0.2
id-09011	5	10	26	0.3
id-09012	6	7	29	0.4
id-09013	9	17	18	0.5
id-09014	2	2	24	0.2
id-09015	8	6	10	0.2
id-09016	3	5	20	0.3
id-09017	6	8	22	0.3
id-09018	9	5	22	0.3
id-09019	1	2	15	0.3
id-09020	1	2	27	0.3
id-09021	5	4	11	0.5
id-09022	4	2	1	0.2
id-09023	8	11	5	0.2
id-09024	8	4	25	0.5
id-09025	10	2	10	0.3
id-09026	4	6	19	0.2
id-09027	4	8	1	0.3
id-09028	6	6	20	0.3
id-09029	4	5	24	0.5
id-09030	10	14	11	0.5
id-09031	7	4	7	0.3
id-09032	3	6	3	0.2
id-09033	8	16	5	0.5
id-09034	10	18	11	0.4
id-09035	10	6	11	0.4
id-09036	7	13	16	0.2
id-09037	3	2	23	0.2
id-09038	5	7	17	0.3
id-09039	4	3	19	0.2
id-09040	4	7	20	0.3
id-09041	5	6	2	0.3
id-09042	5	5	25	0.4
id-09043	8	8	29	0.4
id-09044	7	7	19	0.3
id-09045	4	3	5	0.3
id-09046	6	5	15	0.5
id-09047	6	5	19	0.5
id-09048	1	2	9	0.4
id-09049	8	14	27	0.3
id-09050	2	4	25	0.3
id-09051	7	13	27	0.3
id-09052	5	5	12	0.2
id-09053	1	2	22	0.4
id-09054	7	14	15	0.4
id-09055	7	2	18	0.4
id-09056	7	4	19	0.3
id-09057	10	7	25	0.3
id-09058	4	4	18	0.4
id-09059	2	3	8	0.5
id-09060	7	11	14	0.3
id-09061	9	6	22	0.2
id-09062	2	2	6	0.5
id-09063	1	2	17	0.4
id-09064	7	2	25	0.3
id-09065	3	2	13	0.4
id-09066	9	8	30	0.5
id-09067	5	3	29	0.2
id-09068	5	9	23	0.3
id-09069	2	4	5	0.3
id-09070	1	2	21	0.5
id-09071	4	6	24	0.3
id-09072	10	11	19	0.3
id-09073	2	2	25	0.2
id-09074	4	4	16	0.5
id-09075	4	8	24	0.4
id-09076	5	10	10	0.2
id-09077	9	4	3	0.3
id-09078	2	4	5	0.4
id-09079	6	3	6	0.3
id-09080	10	4	7	0.3
id-09081	10	14	29	0.4
id-09082	5	9	7	0.3
id-09083	2	4	2	0.4
id-09084	5	9	19	0.5
id-09085	1	2	10	0.4
id-09086	4	3	10	0.3
id-09087	3	2	22	0.3
id-09088	1	2	11	0.5
id-09089	7	2	30	0.4
id-09090	8	5	2	0.3
id-09091	9	2	13	0.3
id-09092	4	6	13	0.3
id-09093	9	7	2	0.2
id-09094	7	3	24	0.4
id-09095	3	2	13	0.3
id-09096	8	5	10	0.5
id-09097	2	2	16	0.5
id-09098	1	2	5	0.2
id-09099	4	2	21	0.5
id-09100	9	18	9	0.4
id-09101	1	2	24	0.3
id-09102	2	2	30	0.4
id-09103	1	2	7	0.3
id-09104	9	17	16	0.2
id-09105	1	2	9	0.4
id-09106	2	3	7	0.5
id-09107	2	3	19	0.3
id-09108	10	15	12	0.3
id-09109	6	11	20	0.3
id-09110	3	6	15	0.3
id-09111	1	2	26	0.4
id-09112	9	4	14	0.5
id-09113	2	4	29	0.4
id-09114	5	5	4	0.2
id-09115	6	2	24	0.5
id-09116	5	6	7	0.4
id-09117	4	3	28	0.3
id-09118	9	5	5	0.4
id-09119	3	3	14	0.3
id-09120	1	2	6	0.3
id-09121	2	4	2	0.2
id-09122	3	3	28	0.3
id-09123	5	5	7	0.4
id-09124	3	3	14	0.2
id-09125	8	7	24	0.4
id-09126	5	5	9	0.4
id-09127	9	11	22	0.2
id-09128	5	2	27	0.5
id-09129	4	4	27	0.3
id-09130	3	4	20	0.4
id-09131	1	2	8	0.4
id-09132	3	3	1	0.3
id-09133	6	5	18	0.3
id-09134	2	3	11	0.5
id-09135	7	8	24	0.4
id-09136	7	7	22	0.3
id-09137	4	6	9	0.3
id-09138	6	9	10	0.3
id-09139	4	5	21	0.2
id-09140	9	12	2	0.2
id-09141	1	2	21	0.3
id-09142	5	10	11	0.4
id-09143	6	3	7	0.4
id-09144	5	3	13	0.3
id-09145	10	3	27	0.2
id-09146	4	6	5	0.3
id-09147	1	2	25	0.2
id-09148	1	2	8	0.4
id-09149	1	2	26	0.4
id-09150	4	5	11	0.4
id-09151	7	4	8	0.4
id-09152	9	12	10	0.3
id-09153	4	5	21	0.2
id-09154	4	8	17	0.3
id-09155	7	6	18	0.4
id-09156	10	13	28	0.2
id-09157	3	5	24	0.2
id-09158	9	18	10	0.3
id-09159	5	5	2	0.3
id-09160	9	7	17	0.5
id-09161	10	14	15	0.5
id-09162	8	13	19	0.2
id-09163	9	18	13	0.2
id-09164	5	8	17	0.4
id-09165	9	13	13	0.2
id-09166	7	3	19	0.2
id-09167	9	13	20	0.5
id-09168	4	6	1	0.2
id-09169	7	2	25	0.4
id-09170	2	4	11	0.4
id-09171	6	10	7	0.3
id-09172	1	2	12	0.3
id-09173	5	3	11	0.2
id-09174	5	6	1	0.5
id-09175	6	2	27	0.3
id-09176	5	4	24	0.3
id-09177	10	4	21	0.5
id-09178	1	2	23	0.2
id-09179	7	11	25	0.2
id-09180	4	4	21	0.3
id-09181	1	2	13	0.3
id-09182	7	5	7	0.4
id-09183	4	4	10	0.4
id-09184	7	10	4	0.3
id-09185	5	5	17	0.4
id-09186	6	3	29	0.3
id-09187	4	8	18	0.3
id-09188	6	8	18	0.4
id-09189	5	6	26	0.4
id-09190	8	13	17	0.4
id-09191	1	2	1	0.5
id-09192	3	5	22	0.4
id-09193	5	4	7	0.5
id-09194	9	6	4	0.5
id-09195	4	6	25	0.4
id-09196	7	2	11	0.3
id-09197	1	2	15	0.4
id-09198	6	7	27	0.3
id-09199	2	2	2	0.2
id-09200	5	8	8	0.3
id-09201	9	13	1	0.4
id-09202	4	8	15	0.3
id-09203	7	9	10	0.5
id-09204	7	7	16	0.2
id-09205	1	2	29	0.3
id-09206	3	2	17	0.3
id-09207	3	5	11	0.3
id-09208	2	3	10	0.4
id-09209	1	2	14	0.4
id-09210	8	8	20	0.4
id-09211	7	4	21	0.4
id-09212	1	2	3	0.2
id-09213	8	11	24	0.3
id-09214	6	4	4	0.2
id-09215	2	2	30	0.4
id-09216	9	5	1	0.5
id-09217	6	3	26	0.2
id-09218	1	2	27	0.3
id-09219	4	2	12	0.4
id-09220	8	12	22	0.4
id-09221	1	2	12	0.3
id-09222	1	2	5	0.5
id-09223	4	5	27	0.3
id-09224	7	10	11	0.2
id-09225	9	14	23	0.5
id-09226	7	2	28	0.5
id-09227	1	2	18	0.5
id-09228	1	2	17	0.3
id-09229	6	7	7	0.2
id-09230	5	5	9	0.3
id-09231	5	5	7	0.3
id-09232	8	16	24	0.4
id-09233	5	6	10	0.5
id-09234	9	10	11	0.3
id-09235	9	12	15	0.3
id-09236	9	14	3	0.3
id-09237	10	19	17	0.5
id-09238	10	9	23	0.3
id-09239	10	11	22	0.3
id-09240	1	2	14	0.4
id-09241	7	6	20	0.4
id-09242	10	9	18	0.3
id-09243	7	14	15	0.5
id-09244	6	8	15	0.2
id-09245	5	8	20	0.4
id-09246	8	4	21	0.5
id-09247	10	18	27	0.5
id-09248	1	2	25	0.4
id-09249	7	6	3	0.3
id-09250	8	3	25	0.4
id-09251	3	2	15	0.3
id-09252	1	2	4	0.3
id-09253	9	11	13	0.3
id-09254	6	5	30	0.2
id-09255	10	12	2	0.4
id-09256	5	4	11	0.4
id-09257	6	6	2	0.3
id-09258	4	5	29	0.3
id-09259	7	9	8	0.5
id-09260	10	18	7	0.4
id-09261	9	6	8	0.3
id-09262	1	2	10	0.4
id-09263	8	5	3	0.5
id-09264	8	6	15	0.3
id-09265	9	4	26	0.5
id-09266	2	3	16	0.3
id-09267	4	3	10	0.2
id-09268	2	4	12	0.3
id-09269	6	4	4	0.5
id-09270	6	3	9	0.4
id-09271	4	6	5	0.4
id-09272	2	2	12	0.3
id-09273	5	7	13	0.4
id-09274	7	11	8	0.3
id-09275	6	8	16	0.2
id-09276	8	4	10	0.4
id-09277	4	3	3	0.2
id-09278	10	5	6	0.4
id-09279	10	14	7	0.3
id-09280	9	4	7	0.4
id-09281	9	2	29	0.3
id-09282	6	2	28	0.4
id-09283	10	9	16	0.3
id-09284	6	11	20	0.4
id-09285	8	12	25	0.4
id-09286	6	12	5	0.5
id-09287	10	8	13	0.4
id-09288	8	7	11	0.4
id-09289	3	4	12	0.4
id-09290	4	2	3	0.3
id-09291	3	2	14	0.4
id-09292	1	2	19	0.5
id-09293	7	3	19	0.4
id-09294	10	16	20	0.5
id-09295	7	6	24	0.3
id-09296	1	2	4	0.3
id-09297	4	6	20	0.4
id-09298	8	5	15	0.3
id-09299	1	2	11	0.4
id-09300	5	7	15	0.2
id-09301	6	10	22	0.4
id-09302	1	2	19	0.3
id-09303	7	14	16	0.5
id-09304	2	4	11	0.2
id-09305	3	4	30	0.3
id-09306	1	2	25	0.5
id-09307	9	2	6	0.4
id-09308	7	6	10	0.2
id-09309	10	5	29	0.3
id-09310	4	3	3	0.3
id-09311	2	3	18	0.4
id-09312	9	9	20	0.3
id-09313	5	4	7	0.4
id-09314	4	3	5	0.3
id-09315	6	2	23	0.3
id-09316	1	2	2	0.5
id-09317	9	9	24	0.3
id-09318	2	4	26	0.2
id-09319	3	5	12	0.4
id-09320	8	8	10	0.5
id-09321	3	4	1	0.3
id-09322	7	4	1	0.3
id-09323	10	2	23	0.4
id-09324	5	3	15	0.3
id-09325	10	10	19	0.4
id-09326	5	6	29	0.2
id-09327	3	5	16	0.5
id-09328	3	3	17	0.3
id-09329	4	4	27	0.2
id-09330	1	2	29	0.2
id-09331	9	10	26	0.5
id-09332	1	2	5	0.3
id-09333	2	3	19	0.4
id-09334	1	2	18	0.2
id-09335	7	14	11	0.3
id-09336	8	15	9	0.4
id-09337	1	2	30	0.4
id-09338	10	10	3	0.2
id-09339	5	10	16	0.2
id-09340	2	2	6	0.3
id-09341	3	6	17	0.2
id-09342	7	8	17	0.4
id-09343	10	17	14	0.4
id-09344	4	6	16	0.4
id-09345	4	6	21	0.5
id-09346	2	2	27	0.2
id-09347	5	3	13	0.3
id-09348	4	5	27	0.2
id-09349	1	2	12	0.4
id-09350	10	11	17	0.3
id-09351	3	3	6	0.4
id-09352	6	6	2	0.2
id-09353	1	2	19	0.4
id-09354	10	20	9	0.5
id-09355	5	10	27	0.5
id-09356	6	12	27	0.4
id-09357	4	7	21	0.4
id-09358	9	2	27	0.5
id-09359	1	2	15	0.3
id-09360	1	2	3	0.2
id-09361	5	3	1	0.2
id-09362	3	2	2	0.3
id-09363	10	3	22	0.3
id-09364	4	4	13	0.4
id-09365	1	2	28	0.4
id-09366	1	2	29	0.4
id-09367	8	12	17	0.2
id-09368	4	3	5	0.4
id-09369	2	3	11	0.2
id-09370	1	2	5	0.2
id-09371	7	6	24	0.4
id-09372	5	2	1	0.5
id-09373	3	6	8	0.3
id-09374	7	7	7	0.2
id-09375	2	3	21	0.3
id-09376	2	3	8	0.5
id-09377	4	3	13	0.4
id-09378	10	8	2	0.4
id-09379	9	15	14	0.3
id-09380	4	6	28	0.5
id-09381	7	6	13	0.3
id-09382	6	4	27	0.2
id-09383	1	2	29	0.5
id-09384	5	4	20	0.5
id-09385	10	20	18	0.4
id-09386	9	7	5	0.5
id-09387	6	8	9	0.2
id-09388	2	2	22	0.2
id-09389	4	5	15	0.5
id-09390	4	4	13	0.2
id-09391	10	15	2	0.5
id-09392	9	11	3	0.2
id-09393	5	8	1	0.2
id-09394	8	14	8	0.4
id-09395	2	2	27	0.5
id-09396	4	3	14	0.3
id-09397	7	5	4	0.4
id-09398	10	13	23	0.2
id-09399	6	5	22	0.3
id-09400	2	2	27	0.3
id-09401	1	2	7	0.4
id-09402	1	2	11	0.4
id-09403	7	7	14	0.5
id-09404	9	6	18	0.3
id-09405	10	15	20	0.4
id-09406	6	4	21	0.3
id-09407	3	4	17	0.2
id-09408	1	2	19	0.2
id-09409	1	2	24	0.5
id-09410	10	13	14	0.2
id-09411	6	6	27	0.4
id-09412	6	7	2	0.3
id-09413	6	11	24	0.3
id-09414	9	16	7	0.3
id-09415	5	2	4	0.4
id-09416	7	12	10	0.4
id-09417	8	16	30	0.4
id-09418	9	10	12	0.3
id-09419	10	2	30	0.5
id-09420	4	5	7	0.4
id-09421	10	17	1	0.5
id-09422	6	7	27	0.5
id-09423	10	6	17	0.5
id-09424	2	2	16	0.4
id-09425	6	3	15	0.3
id-09426	9	16	19	0.4
id-09427	2	4	18	0.3
id-09428	7	9	15	0.4
id-09429	9	16	13	0.5
id-09430	10	8	17	0.4
id-09431	2	3	13	0.4
id-09432	2	2	14	0.4
id-09433	6	8	11	0.3
id-09434	9	9	23	0.5
id-09435	4	5	13	0.4
id-09436	2	2	6	0.2
id-09437	3	2	6	0.4
id-09438	8	8	28	0.4
id-09439	7	9	12	0.3
id-09440	7	12	8	0.3
id-09441	5	2	26	0.4
id-09442	6	9	5	0.4
id-09443	1	2	3	0.4
id-09444	6	12	24	0.2
id-09445	10	9	5	0.3
id-09446	2	3	9	0.5
id-09447	6	4	25	0.4
id-09448	3	3	21	0.3
id-09449	4	4	28	0.4
id-09450	3	6	8	0.4
id-09451	8	12	9	0.2
id-09452	7	9	2	0.5
id-09453	2	3	12	0.4
id-09454	2	4	23	0.4
id-09455	6	2	7	0.4
id-09456	3	5	27	0.2
id-09457	9	17	17	0.4
id-09458	3	6	29	0.3
id-09459	6	8	4	0.3
id-09460	8	6	25	0.3
id-09461	4	4	26	0.5
id-09462	4	2	16	0.2
id-09463	10	16	27	0.4
id-09464	7	9	6	0.3
id-09465	8	10	30	0.3
id-09466	8	4	24	0.4
id-09467	7	10	24	0.3
id-09468	9	18	22	0.5
id-09469	6	10	21	0.4
id-09470	2	4	3	0.4
id-09471	10	4	10	0.3
id-09472	7	8	21	0.5
id-09473	7	4	30	0.4
id-09474	2	3	1	0.4
id-09475	3	4	27	0.3
id-09476	7	7	10	0.4
id-09477	1	2	16	0.2
id-09478	6	9	21	0.5
id-09479	3	5	23	0.4
id-09480	6	5	8	0.5
id-09481	3	4	9	0.3
id-09482	5	3	15	0.4
id-09483	1	2	1	0.4
id-09484	3	4	18	0.5
id-09485	5	9	24	0.3
id-09486	8	13	17	0.3
id-09487	7	10	10	0.4
id-09488	8	4	22	0.4
id-09489	1	2	20	0.4
id-09490	9	7	25	0.2
id-09491	9	12	18	0.2
id-09492	6	3	13	0.2
id-09493	3	4	26	0.3
id-09494	6	3	8	0.2
id-09495	8	14	11	0.4
id-09496	9	9	25	0.5
id-09497	4	7	14	0.4
id-09498	2	3	26	0.4
id-09499	9	17	8	0.2
id-09500	6	2	10	0.5
id-09501	10	18	4	0.4
id-09502	10	4	24	0.5
id-09503	5	7	29	0.3
id-09504	6	3	21	0.2
id-09505	6	8	4	0.2
id-09506	2	3	5	0.3
id-09507	4	6	5	0.5
id-09508	6	9	8	0.4
id-09509	10	2	18	0.4
id-09510	9	3	30	0.4
id-09511	5	2	20	0.3
id-09512	4	6	24	0.5
id-09513	6	12	10	0.2
id-09514	7	14	23	0.4
id-09515	5	4	1	0.4
id-09516	5	2	4	0.4
id-09517	6	3	22	0.4
id-09518	9	7	20	0.3
id-09519	10	4	18	0.5
id-09520	9	4	6	0.3
id-09521	5	8	2	0.4
id-09522	10	20	3	0.4
id-09523	7	4	6	0.5
id-09524	2	4	9	0.4
id-09525	3	5	6	0.4
id-09526	4	5	25	0.5
id-09527	2	2	20	0.2
id-09528	9	16	26	0.2
id-09529	2	2	3	0.4
id-09530	7	10	6	0.5
id-09531	5	5	19	0.5
id-09532	7	7	30	0.3
id-09533	7	4	18	0.2
id-09534	8	8	15	0.4
id-09535	2	4	20	0.4
id-09536	4	8	12	0.3
id-09537	8	16	25	0.3
id-09538	7	11	20	0.3
id-09539	4	4	13	0.5
id-09540	4	4	22	0.2
id-09541	10	19	20	0.4
id-09542	3	4	8	0.4
id-09543	9	4	13	0.3
id-09544	6	3	2	0.4
id-09545	8	6	21	0.4
id-09546	6	8	20	0.3
id-09547	1	2	27	0.5
id-09548	4	3	10	0.3
id-09549	1	2	14	0.5
id-09550	6	8	25	0.4
id-09551	3	2	29	0.3
id-09552	6	6	7	0.2
id-09553	9	11	5	0.2
id-09554	8	16	27	0.5
id-09555	7	6	21	0.2
id-09556	9	10	23	0.3
id-09557	4	8	17	0.3
id-09558	6	2	20	0.4
id-09559	4	6	16	0.4
id-09560	6	5	4	0.3
id-09561	5	3	17	0.3
id-09562	3	5	10	0.3
id-09563	7	6	22	0.3
id-09564	9	7	13	0.5
id-09565	2	4	19	0.4
id-09566	9	11	13	0.3
id-09567	1	2	18	0.4
id-09568	8	12	10	0.3
id-09569	10	3	3	0.2
id-09570	9	9	18	0.4
id-09571	10	15	27	0.4
id-09572	3	3	10	0.3
id-09573	6	4	7	0.3
id-09574	9	8	27	0.3
id-09575	4	2	30	0.4
id-09576	6	10	23	0.4
id-09577	9	16	2	0.4
id-09578	8	14	28	0.2
id-09579	10	13	14	0.4
id-09580	10	5	24	0.3
id-09581	4	6	9	0.4
id-09582	10	4	12	0.3
id-09583	1	2	28	0.4
id-09584	5	4	11	0.3
id-09585	9	8	1	0.4
id-09586	9	13	1	0.3
id-09587	5	3	21	0.2
id-09588	10	11	22	0.4
id-09589	1	2	12	0.5
id-09590	6	9	28	0.2
id-09591	1	2	18	0.3
id-09592	9	18	28	0.4
id-09593	3	2	23	0.3
id-09594	6	9	6	0.4
id-09595	1	2	15	0.4
id-09596	2	3	6	0.4
id-09597	2	4	7	0.4
id-09598	5	8	24	0.4
id-09599	3	2	3	0.5
id-09600	5	7	9	0.4
id-09601	8	7	30	0.3
id-09602	5	3	7	0.2
id-09603	5	7	18	0.5
id-09604	5	7	2	0.2
id-09605	8	7	9	0.5
id-09606	10	5	10	0.2
id-09607	7	14	23	0.2
id-09608	4	7	24	0.2
id-09609	7	8	27	0.4
id-09610	2	2	24	0.5
id-09611	3	4	15	0.2
id-09612	6	9	17	0.4
id-09613	7	13	27	0.3
id-09614	5	6	4	0.5
id-09615	3	6	15	0.4
id-09616	7	7	27	0.3
id-09617	9	4	4	0.3
id-09618	10	13	8	0.4
id-09619	7	13	26	0.2
id-09620	1	2	24	0.4
id-09621	5	4	16	0.4
id-09622	6	4	15	0.3
id-09623	5	9	1	0.3
id-09624	9	6	1	0.3
id-09625	10	11	15	0.5
id-09626	1	2	24	0.4
id-09627	2	4	15	0.3
id-09628	10	7	27	0.4
id-09629	1	2	3	0.4
id-09630	6	5	26	0.3
id-09631	6	7	21	0.3
id-09632	1	2	23	0.5
id-09633	10	19	28	0.2
id-09634	4	2	13	0.4
id-09635	5	8	21	0.4
id-09636	10	7	21	0.3
id-09637	7	6	11	0.5
id-09638	3	5	24	0.4
id-09639	7	7	23	0.5
id-09640	1	2	19	0.5
id-09641	8	11	20	0.2
id-09642	2	4	3	0.3
id-09643	6	11	3	0.5
id-09644	7	2	10	0.4
id-09645	5	7	18	0.5
id-09646	1	2	22	0.4
id-09647	8	10	30	0.2
id-09648	1	2	27	0.2
id-09649	1	2	7	0.5
id-09650	5	9	24	0.4
id-09651	3	6	5	0.3
id-09652	1	2	24	0.2
id-09653	9	6	1	0.4
id-09654	3	6	20	0.2
id-09655	9	7	19	0.4
id-09656	8	6	30	0.3
id-09657	10	18	29	0.4
id-09658	6	11	20	0.3
id-09659	2	2	7	0.4
id-09660	5	3	21	0.5
id-09661	3	2	4	0.5
id-09662	4	7	14	0.2
id-09663	1	2	4	0.2
id-09664	6	4	19	0.2
id-09665	8	12	30	0.2
id-09666	10	17	1	0.3
id-09667	3	3	14	0.2
id-09668	3	2	14	0.3
id-09669	1	2	7	0.4
id-09670	2	4	24	0.2
id-09671	1	2	5	0.2
id-09672	7	4	6	0.5
id-09673	3	2	16	0.3
id-09674	8	10	20	0.3
id-09675	6	3	27	0.2
id-09676	6	2	11	0.3
id-09677	3	6	29	0.2
id-09678	1	2	4	0.5
id-09679	4	5	7	0.4
id-09680	2	2	20	0.4
id-09681	1	2	7	0.4
id-09682	6	9	19	0.2
id-09683	6	7	24	0.4
id-09684	8	16	26	0.2
id-09685	5	2	24	0.3
id-09686	8	10	10	0.5
id-09687	9	14	22	0.5
id-09688	2	2	15	0.3
id-09689	1	2	19	0.4
id-09690	3	3	28	0.3
id-09691	7	2	6	0.2
id-09692	8	4	8	0.4
id-09693	3	3	9	0.3
id-09694	6	10	10	0.4
id-09695	4	7	19	0.3
id-09696	10	16	7	0.4
id-09697	3	2	11	0.5
id-09698	5	9	15	0.2
id-09699	9	18	23	0.3
id-09700	9	3	23	0.3
id-09701	4	2	24	0.4
id-09702	9	2	28	0.4
id-09703	1	2	4	0.3
id-09704	3	5	14	0.5
id-09705	1	2	30	0.4
id-09706	7	5	13	0.3
id-09707	2	3	12	0.4
id-09708	6	11	21	0.4
id-09709	4	4	4	0.3
id-09710	6	12	10	0.4
id-09711	8	2	3	0.5
id-09712	6	5	8	0.5
id-09713	8	4	17	0.5
id-09714	7	13	23	0.3
id-09715	1	2	15	0.3
id-09716	6	12	8	0.5
id-09717	10	5	4	0.2
id-09718	8	3	10	0.2
id-09719	1	2	13	0.5
id-09720	9	3	28	0.4
id-09721	9	3	24	0.2
id-09722	3	5	28	0.2
id-09723	10	9	13	0.4
id-09724	2	4	8	0.3
id-09725	8	4	29	0.4
id-09726	6	12	9	0.3
id-09727	1	2	18	0.4
id-09728	7	14	27	0.3
id-09729	5	10	22	0.4
id-09730	2	4	3	0.4
id-09731	4	8	12	0.3
id-09732	7	6	30	0.2
id-09733	7	9	18	0.2
id-09734	6	5	12	0.4
id-09735	3	3	24	0.4
id-09736	10	10	26	0.3
id-09737	10	10	27	0.3
id-09738	1	2	21	0.5
id-09739	5	5	10	0.2
id-09740	3	2	21	0.4
id-09741	5	3	2	0.4
id-09742	4	3	21	0.3
id-09743	4	6	21	0.3
id-09744	10	18	16	0.4
id-09745	9	3	6	0.3
id-09746	10	8	29	0.4
id-09747	9	12	13	0.2
id-09748	2	4	10	0.3
id-09749	3	3	8	0.2
id-09750	9	12	17	0.4
id-09751	10	14	23	0.4
id-09752	10	12	16	0.3
id-09753	2	4	24	0.4
id-09754	2	2	21	0.4
id-09755	4	4	7	0.3
id-09756	6	12	25	0.2
id-09757	1	2	25	0.3
id-09758	1	2	3	0.4
id-09759	1	2	5	0.5
id-09760	4	5	19	0.4
id-09761	3	6	7	0.4
id-09762	1	2	26	0.5
id-09763	8	14	3	0.4
id-09764	10	15	29	0.3
id-09765	7	3	18	0.4
id-09766	1	2	11	0.5
id-09767	5	9	3	0.2
id-09768	3	4	7	0.5
id-09769	1	2	20	0.2
id-09770	3	6	6	0.5
id-09771	8	2	26	0.2
id-09772	1	2	8	0.3
id-09773	8	11	6	0.3
id-09774	3	3	10	0.4
id-09775	4	3	8	0.2
id-09776	3	6	29	0.5
id-09777	2	2	1	0.3
id-09778	7	2	26	0.3
id-09779	7	12	9	0.3
id-09780	5	6	1	0.2
id-09781	5	6	25	0.5
id-09782	9	4	5	0.3
id-09783	10	2	24	0.4
id-09784	10	10	23	0.3
id-09785	2	2	17	0.5
id-09786	1	2	10	0.3
id-09787	2	2	6	0.4
id-09788	3	6	12	0.4
id-09789	2	3	3	0.5
id-09790	8	7	21	0.3
id-09791	3	4	5	0.3
id-09792	1	2	18	0.3
id-09793	5	2	19	0.3
id-09794	1	2	22	0.4
id-09795	3	5	6	0.5
id-09796	2	3	16	0.5
id-09797	9	16	8	0.4
id-09798	4	8	16	0.4
id-09799	7	7	26	0.3
id-09800	6	7	26	0.3
id-09801	10	12	27	0.4
id-09802	3	4	22	0.4
id-09803	9	11	7	0.3
id-09804	6	8	22	0.4
id-09805	6	11	28	0.4
id-09806	5	7	20	0.3
id-09807	4	4	13	0.3
id-09808	5	3	12	0.5
id-09809	1	2	10	0.3
id-09810	9	12	23	0.4
id-09811	3	4	29	0.3
id-09812	6	4	12	0.4
id-09813	7	10	9	0.2
id-09814	8	7	14	0.5
id-09815	1	2	11	0.4
id-09816	1	2	17	0.3
id-09817	6	5	5	0.4
id-09818	7	3	11	0.2
id-09819	6	2	24	0.2
id-09820	5	5	7	0.2
id-09821	9	6	27	0.4
id-09822	3	5	9	0.5
id-09823	6	8	19	0.4
id-09824	4	2	13	0.2
id-09825	5	7	6	0.3
id-09826	10	16	29	0.2
id-09827	10	7	3	0.3
id-09828	7	9	22	0.4
id-09829	6	8	28	0.3
id-09830	6	6	19	0.2
id-09831	6	8	7	0.2
id-09832	1	2	25	0.4
id-09833	5	2	22	0.3
id-09834	2	4	20	0.5
id-09835	9	14	3	0.5
id-09836	6	8	15	0.2
id-09837	2	3	5	0.5
id-09838	9	15	7	0.4
id-09839	7	5	6	0.5
id-09840	3	3	19	0.5
id-09841	9	2	26	0.4
id-09842	9	8	9	0.2
id-09843	5	5	9	0.3
id-09844	5	8	28	0.4
id-09845	6	2	27	0.3
id-09846	3	3	2	0.4
id-09847	4	8	1	0.3
id-09848	2	3	28	0.5
id-09849	7	4	7	0.3
id-09850	1	2	18	0.5
id-09851	4	3	19	0.3
id-09852	6	7	17	0.3
id-09853	4	3	20	0.4
id-09854	2	4	23	0.4
id-09855	1	2	25	0.4
id-09856	6	5	30	0.5
id-09857	2	3	24	0.2
id-09858	6	2	22	0.5
id-09859	10	6	6	0.3
id-09860	4	3	30	0.4
id-09861	4	5	10	0.3
id-09862	8	16	22	0.3
id-09863	4	4	11	0.4
id-09864	6	4	25	0.4
id-09865	8	12	8	0.3
id-09866	9	12	10	0.5
id-09867	6	9	17	0.3
id-09868	7	10	12	0.3
id-09869	3	5	21	0.2
id-09870	5	7	14	0.4
id-09871	4	7	1	0.3
id-09872	9	7	19	0.4
id-09873	3	4	10	0.3
id-09874	4	2	12	0.3
id-09875	3	3	7	0.3
id-09876	9	3	30	0.4
id-09877	3	5	13	0.4
id-09878	10	13	18	0.5
id-09879	10	20	1	0.4
id-09880	6	12	2	0.4
id-09881	5	10	2	0.3
id-09882	9	15	14	0.3
id-09883	7	11	7	0.2
id-09884	10	5	29	0.4
id-09885	1	2	29	0.4
id-09886	4	2	24	0.4
id-09887	2	4	17	0.3
id-09888	7	6	11	0.5
id-09889	2	4	15	0.2
id-09890	6	11	19	0.3
id-09891	8	16	26	0.4
id-09892	6	2	15	0.4
id-09893	6	4	5	0.5
id-09894	7	9	6	0.2
id-09895	10	11	18	0.4
id-09896	2	3	7	0.3
id-09897	4	7	3	0.4
id-09898	2	4	29	0.4
id-09899	10	12	5	0.5
id-09900	7	13	5	0.4
id-09901	3	4	29	0.3
id-09902	8	10	9	0.3
id-09903	6	7	10	0.5
id-09904	9	14	21	0.5
id-09905	7	5	18	0.4
id-09906	2	4	14	0.5
id-09907	10	3	11	0.4
id-09908	1	2	20	0.3
id-09909	8	12	6	0.3
id-09910	6	8	5	0.3
id-09911	4	2	9	0.4
id-09912	3	3	22	0.3
id-09913	3	2	15	0.2
id-09914	3	3	1	0.4
id-09915	8	8	12	0.3
id-09916	1	2	4	0.2
id-09917	7	11	27	0.5
id-09918	9	16	15	0.4
id-09919	8	5	28	0.3
id-09920	5	4	25	0.3
id-09921	4	7	20	0.3
id-09922	4	2	10	0.5
id-09923	1	2	27	0.5
id-09924	5	2	25	0.3
id-09925	5	5	19	0.4
id-09926	5	6	17	0.4
id-09927	1	2	29	0.3
id-09928	5	5	23	0.3
id-09929	2	4	12	0.3
id-09930	9	18	12	0.5
id-09931	7	11	7	0.4
id-09932	9	10	14	0.2
id-09933	4	6	24	0.2
id-09934	7	4	8	0.2
id-09935	3	5	24	0.4
id-09936	10	7	2	0.5
id-09937	8	10	25	0.4
id-09938	10	11	2	0.3
id-09939	10	17	4	0.5
id-09940	6	6	21	0.3
id-09941	6	9	2	0.2
id-09942	3	2	22	0.3
id-09943	1	2	4	0.4
id-09944	3	4	25	0.2
id-09945	8	11	25	0.3
id-09946	7	6	21	0.4
id-09947	8	13	26	0.4
id-09948	6	6	7	0.3
id-09949	6	9	21	0.4
id-09950	9	10	3	0.4
id-09951	9	8	2	0.3
id-09952	7	11	1	0.5
id-09953	3	5	26	0.3
id-09954	9	4	1	0.4
id-09955	7	2	6	0.3
id-09956	4	5	2	0.5
id-09957	1	2	22	0.4
id-09958	4	2	13	0.4
id-09959	10	11	29	0.3
id-09960	7	3	25	0.4
id-09961	6	5	24	0.5
id-09962	1	2	8	0.5
id-09963	9	15	13	0.3
id-09964	6	9	21	0.4
id-09965	5	7	28	0.4
id-09966	9	11	30	0.4
id-09967	3	3	3	0.5
id-09968	6	4	3	0.4
id-09969	10	20	27	0.3
id-09970	6	12	10	0.3
id-09971	10	8	29	0.4
id-09972	8	5	3	0.4
id-09973	10	2	3	0.5
id-09974	5	2	5	0.4
id-09975	7	12	15	0.5
id-09976	1	2	23	0.5
id-09977	6	4	28	0.3
id-09978	9	2	28	0.4
id-09979	4	7	28	0.2
id-09980	6	6	18	0.4
id-09981	8	9	14	0.4
id-09982	7	5	12	0.4
id-09983	5	6	25	0.3
id-09984	6	5	12	0.5
id-09985	4	2	28	0.4
id-09986	9	10	20	0.4
id-09987	6	10	4	0.2
id-09988	9	15	6	0.4
id-09989	9	17	19	0.4
id-09990	3	5	19	0.4
id-09991	6	8	17	0.4
id-09992	6	10	2	0.3
id-09993	10	10	24	0.4
id-09994	8	10	13	0.2
id-09995	2	2	1	0.4
id-09996	1	2	14	0.4
id-09997	7	2	18	0.5
id-09998	3	5	20	0.5
id-09999	6	12	22	0.3
id-10000	5	10	17	0.4
id-10001	5	4	16	0.5
id-10002	10	4	18	0.4
id-10003	2	2	6	0.4
id-10004	3	6	18	0.4
id-10005	8	9	22	0.5
id-10006	10	13	12	0.4
id-10007	3	3	7	0.4
id-10008	9	17	11	0.3
id-10009	8	3	5	0.2
id-10010	8	3	18	0.3
id-10011	1	2	19	0.5
id-10012	10	6	10	0.5
id-10013	5	6	4	0.4
id-10014	7	10	30	0.4
id-10015	1	2	25	0.4
id-10016	7	14	14	0.4
id-10017	1	2	11	0.3
id-10018	5	3	6	0.3
id-10019	8	8	1	0.4
id-10020	7	9	24	0.3
id-10021	2	3	7	0.3
id-10022	9	2	6	0.2
id-10023	7	4	19	0.5
id-10024	5	10	1	0.4
id-10025	3	3	26	0.4
id-10026	10	11	12	0.4
id-10027	3	6	29	0.5
id-10028	10	3	26	0.2
id-10029	7	10	8	0.2
id-10030	2	2	22	0.5
id-10031	9	15	22	0.3
id-10032	1	2	22	0.3
id-10033	7	11	22	0.4
id-10034	8	7	5	0.3
id-10035	5	7	9	0.4
id-10036	7	3	4	0.4
id-10037	3	2	16	0.4
id-10038	4	5	3	0.4
id-10039	4	7	5	0.3
id-10040	6	3	20	0.4
id-10041	2	3	15	0.3
id-10042	6	4	8	0.2
id-10043	4	3	3	0.3
id-10044	9	11	7	0.2
id-10045	3	2	18	0.3
id-10046	9	6	1	0.5
id-10047	9	12	10	0.3
id-10048	3	2	9	0.3
id-10049	9	17	17	0.4
id-10050	9	17	21	0.4
id-10051	3	2	25	0.2
id-10052	7	14	15	0.5
id-10053	1	2	28	0.3
id-10054	9	4	14	0.3
id-10055	6	8	3	0.3
id-10056	6	12	2	0.4
id-10057	5	9	16	0.3
id-10058	7	3	27	0.4
id-10059	3	2	12	0.4
id-10060	3	4	21	0.3
id-10061	10	12	20	0.2
id-10062	4	4	3	0.2
id-10063	10	5	29	0.5
id-10064	3	4	7	0.3
id-10065	4	8	6	0.4
id-10066	10	8	12	0.5
id-10067	3	4	1	0.3
id-10068	3	3	3	0.2
id-10069	4	2	27	0.4
id-10070	3	2	11	0.3
id-10071	10	18	3	0.2
id-10072	3	4	27	0.4
id-10073	10	17	11	0.2
id-10074	6	12	16	0.3
id-10075	9	6	27	0.3
id-10076	1	2	5	0.5
id-10077	5	6	18	0.3
id-10078	4	4	27	0.5
id-10079	9	2	18	0.5
id-10080	8	14	21	0.3
id-10081	4	8	26	0.2
id-10082	10	17	4	0.2
id-10083	2	3	11	0.2
id-10084	3	3	22	0.4
id-10085	9	3	4	0.2
id-10086	3	5	11	0.2
id-10087	10	14	9	0.4
id-10088	9	8	2	0.5
id-10089	1	2	29	0.4
id-10090	10	5	27	0.3
id-10091	7	2	9	0.4
id-10092	9	14	25	0.2
id-10093	2	2	8	0.4
id-10094	6	8	20	0.4
id-10095	10	20	9	0.3
id-10096	8	9	9	0.3
id-10097	10	15	8	0.3
id-10098	2	2	1	0.4
id-10099	4	7	23	0.2
id-10100	10	7	4	0.2
id-10101	5	9	23	0.5
id-10102	8	3	11	0.3
id-10103	2	4	24	0.3
id-10104	8	10	17	0.2
id-10105	1	2	13	0.4
id-10106	4	2	4	0.4
id-10107	10	4	12	0.3
id-10108	5	5	18	0.4
id-10109	3	3	1	0.3
id-10110	2	2	1	0.5
id-10111	9	10	22	0.3
id-10112	2	4	19	0.2
id-10113	6	8	30	0.2
id-10114	8	11	25	0.4
id-10115	3	4	30	0.3
id-10116	10	10	3	0.5
id-10117	7	12	2	0.4
id-10118	9	17	16	0.2
id-10119	10	13	23	0.4
id-10120	3	4	25	0.5
id-10121	10	6	26	0.2
id-10122	6	5	22	0.2
id-10123	4	3	3	0.4
id-10124	7	8	14	0.4
id-10125	1	2	27	0.5
id-10126	5	10	5	0.2
id-10127	4	2	9	0.3
id-10128	9	13	13	0.3
id-10129	10	17	11	0.5
id-10130	2	3	30	0.3
id-10131	8	12	8	0.3
id-10132	5	8	27	0.3
id-10133	10	8	21	0.3
id-10134	9	5	12	0.5
id-10135	4	6	22	0.2
id-10136	9	12	28	0.4
id-10137	10	19	25	0.4
id-10138	1	2	4	0.3
id-10139	10	9	21	0.3
id-10140	1	2	11	0.4
id-10141	9	15	2	0.2
id-10142	8	8	25	0.4
id-10143	8	14	26	0.4
id-10144	5	9	9	0.4
id-10145	10	16	12	0.5
id-10146	8	16	5	0.5
id-10147	5	5	15	0.5
id-10148	2	4	20	0.3
id-10149	8	6	25	0.3
id-10150	5	5	9	0.5
id-10151	4	6	2	0.2
id-10152	4	8	2	0.2
id-10153	2	3	15	0.3
id-10154	10	20	10	0.3
id-10155	2	4	3	0.5
id-10156	1	2	19	0.4
id-10157	4	8	20	0.3
id-10158	8	7	5	0.4
id-10159	10	7	5	0.4
id-10160	7	9	18	0.3
id-10161	10	2	17	0.3
id-10162	1	2	5	0.4
id-10163	2	2	17	0.4
id-10164	4	4	23	0.3
id-10165	9	9	12	0.4
id-10166	4	8	21	0.3
id-10167	10	11	30	0.4
id-10168	1	2	1	0.3
id-10169	4	7	7	0.2
id-10170	1	2	9	0.5
id-10171	7	7	23	0.4
id-10172	3	6	5	0.4
id-10173	9	6	16	0.4
id-10174	5	3	15	0.5
id-10175	4	3	10	0.4
id-10176	7	7	28	0.3
id-10177	6	9	22	0.2
id-10178	7	7	17	0.4
id-10179	2	3	20	0.4
id-10180	8	9	15	0.3
id-10181	5	4	21	0.4
id-10182	6	12	3	0.3
id-10183	9	8	9	0.3
id-10184	6	4	6	0.3
id-10185	5	5	12	0.5
id-10186	3	4	9	0.5
id-10187	9	6	16	0.2
id-10188	7	6	21	0.5
id-10189	6	6	23	0.2
id-10190	1	2	21	0.4
id-10191	7	8	16	0.3
id-10192	3	3	13	0.5
id-10193	8	3	2	0.5
id-10194	7	9	30	0.3
id-10195	5	6	16	0.2
id-10196	7	7	7	0.5
id-10197	3	6	13	0.4
id-10198	2	4	7	0.3
id-10199	8	15	21	0.3
id-10200	9	8	28	0.4
id-10201	9	15	18	0.3
id-10202	1	2	27	0.2
id-10203	1	2	20	0.4
id-10204	7	13	24	0.3
id-10205	8	9	4	0.4
id-10206	8	6	20	0.3
id-10207	10	11	20	0.3
id-10208	1	2	27	0.3
id-10209	5	5	30	0.3
id-10210	2	4	25	0.4
id-10211	3	5	28	0.5
id-10212	2	2	2	0.3
id-10213	3	2	9	0.4
id-10214	5	5	28	0.4
id-10215	2	3	11	0.5
id-10216	6	2	27	0.3
id-10217	8	6	16	0.5
id-10218	6	12	12	0.4
id-10219	5	8	23	0.4
id-10220	10	7	12	0.4
id-10221	3	4	12	0.4
id-10222	6	12	26	0.2
id-10223	2	2	16	0.5
id-10224	10	9	2	0.2
id-10225	3	3	22	0.3
id-10226	8	2	30	0.2
id-10227	2	3	6	0.5
id-10228	6	10	12	0.5
id-10229	4	7	25	0.3
id-10230	6	6	27	0.3
id-10231	7	3	12	0.5
id-10232	7	14	20	0.2
id-10233	3	6	11	0.3
id-10234	1	2	21	0.3
id-10235	2	4	17	0.3
id-10236	6	5	13	0.4
id-10237	4	4	26	0.3
id-10238	9	16	28	0.2
id-10239	1	2	11	0.4
id-10240	3	4	3	0.3
id-10241	7	5	5	0.3
id-10242	7	9	21	0.5
id-10243	1	2	22	0.4
id-10244	8	3	21	0.4
id-10245	2	4	2	0.4
id-10246	5	3	21	0.5
id-10247	8	7	22	0.4
id-10248	1	2	12	0.5
id-10249	9	12	17	0.3
id-10250	10	20	30	0.3
id-10251	2	2	16	0.5
id-10252	9	3	4	0.2
id-10253	6	5	19	0.5
id-10254	6	10	11	0.4
id-10255	2	3	27	0.5
id-10256	2	2	20	0.3
id-10257	4	2	14	0.3
id-10258	10	19	27	0.2
id-10259	7	12	25	0.4
id-10260	6	4	27	0.3
id-10261	4	8	26	0.5
id-10262	1	2	1	0.4
id-10263	7	10	1	0.4
id-10264	4	4	9	0.3
id-10265	1	2	14	0.4
id-10266	5	3	18	0.3
id-10267	9	4	30	0.5
id-10268	6	3	12	0.3
id-10269	10	9	14	0.4
id-10270	5	10	30	0.3
id-10271	7	8	10	0.2
id-10272	3	5	13	0.4
id-10273	8	12	6	0.5
id-10274	1	2	28	0.3
id-10275	5	4	19	0.3
id-10276	5	4	1	0.3
id-10277	3	2	8	0.5
id-10278	6	6	15	0.4
id-10279	7	11	16	0.4
id-10280	10	5	3	0.3
id-10281	2	4	25	0.4
id-10282	4	4	10	0.3
id-10283	7	3	29	0.4
id-10284	2	3	10	0.4
id-10285	6	8	12	0.5
id-10286	2	2	20	0.2
id-10287	3	4	1	0.2
id-10288	7	10	16	0.3
id-10289	4	2	20	0.2
id-10290	3	4	16	0.2
id-10291	1	2	13	0.4
id-10292	5	6	18	0.3
id-10293	1	2	19	0.4
id-10294	8	9	13	0.2
id-10295	3	4	27	0.4
id-10296	7	3	27	0.3
id-10297	9	2	27	0.4
id-10298	7	4	29	0.4
id-10299	9	8	19	0.4
id-10300	9	15	3	0.3
id-10301	7	12	21	0.4
id-10302	9	10	4	0.4
id-10303	6	10	6	0.4
id-10304	4	8	29	0.4
id-10305	3	6	23	0.2
id-10306	3	6	11	0.5
id-10307	6	12	13	0.4
id-10308	6	6	8	0.5
id-10309	2	2	1	0.3
id-10310	2	3	9	0.3
id-10311	4	4	17	0.4
id-10312	2	4	19	0.3
id-10313	4	6	8	0.4
id-10314	5	10	26	0.3
id-10315	4	4	22	0.2
id-10316	9	11	17	0.4
id-10317	9	13	26	0.3
id-10318	7	4	1	0.3
id-10319	4	3	19	0.3
id-10320	5	3	21	0.3
id-10321	1	2	15	0.4
id-10322	4	6	22	0.2
id-10323	6	9	24	0.4
id-10324	3	3	28	0.4
id-10325	9	9	28	0.2
id-10326	2	4	1	0.3
id-10327	7	4	19	0.3
id-10328	10	8	1	0.3
id-10329	2	3	15	0.3
id-10330	1	2	30	0.4
id-10331	10	4	5	0.4
id-10332	7	6	22	0.4
id-10333	6	10	24	0.4
id-10334	9	18	13	0.4
id-10335	10	13	28	0.4
id-10336	9	12	17	0.3
id-10337	9	17	20	0.5
id-10338	1	2	10	0.4
id-10339	6	5	26	0.3
id-10340	1	2	21	0.4
id-10341	3	4	10	0.3
id-10342	10	14	6	0.2
id-10343	5	4	20	0.2
id-10344	3	4	11	0.4
id-10345	1	2	9	0.3
id-10346	8	2	5	0.3
id-10347	7	2	9	0.4
id-10348	1	2	28	0.3
id-10349	1	2	30	0.5
id-10350	8	7	7	0.4
id-10351	5	9	26	0.5
id-10352	5	9	24	0.2
id-10353	9	10	12	0.4
id-10354	1	2	5	0.5
id-10355	3	4	27	0.4
id-10356	10	11	29	0.3
id-10357	1	2	4	0.2
id-10358	4	3	17	0.4
id-10359	2	3	1	0.3
id-10360	5	7	11	0.2
id-10361	8	2	12	0.3
id-10362	6	9	21	0.2
id-10363	5	2	15	0.4
id-10364	2	4	20	0.3
id-10365	6	10	17	0.3
id-10366	5	3	8	0.4
id-10367	10	19	6	0.3
id-10368	2	4	12	0.3
id-10369	7	9	16	0.4
id-10370	5	5	24	0.4
id-10371	4	7	2	0.5
id-10372	3	5	27	0.3
id-10373	6	2	15	0.5
id-10374	3	6	28	0.4
id-10375	7	2	27	0.4
id-10376	4	4	22	0.3
id-10377	1	2	16	0.3
id-10378	5	2	18	0.3
id-10379	9	13	10	0.3
id-10380	2	4	4	0.5
id-10381	3	4	24	0.3
id-10382	1	2	4	0.3
id-10383	9	8	24	0.3
id-10384	5	8	27	0.5
id-10385	10	14	8	0.4
id-10386	1	2	25	0.3
id-10387	4	4	28	0.5
id-10388	1	2	1	0.2
id-10389	8	16	15	0.3
id-10390	1	2	25	0.5
id-10391	10	17	8	0.2
id-10392	10	10	29	0.3
id-10393	5	8	24	0.3
id-10394	5	7	13	0.3
id-10395	8	11	30	0.3
id-10396	10	13	22	0.3
id-10397	6	8	1	0.2
id-10398	4	6	10	0.2
id-10399	9	3	23	0.5
id-10400	5	8	1	0.4
id-10401	9	4	23	0.3
id-10402	5	2	16	0.3
id-10403	6	6	25	0.3
id-10404	2	4	18	0.4
id-10405	9	13	24	0.4
id-10406	7	4	13	0.4
id-10407	6	2	28	0.2
id-10408	10	4	14	0.3
id-10409	2	4	8	0.2
id-10410	10	12	17	0.3
id-10411	4	3	9	0.3
id-10412	3	4	20	0.4
id-10413	6	8	4	0.5
id-10414	9	10	18	0.5
id-10415	1	2	1	0.5
id-10416	6	9	8	0.3
id-10417	5	4	25	0.5
id-10418	4	8	29	0.5
id-10419	2	2	14	0.4
id-10420	4	5	27	0.4
id-10421	7	5	15	0.3
id-10422	8	13	19	0.3
id-10423	7	3	30	0.4
id-10424	4	5	2	0.5
id-10425	4	5	2	0.3
id-10426	2	3	17	0.3
id-10427	7	3	30	0.3
id-10428	6	4	23	0.4
id-10429	1	2	3	0.3
id-10430	5	2	12	0.4
id-10431	5	5	19	0.3
id-10432	9	6	27	0.4
id-10433	5	2	12	0.4
id-10434	2	3	3	0.4
id-10435	9	2	10	0.3
id-10436	9	10	17	0.3
id-10437	5	10	2	0.4
id-10438	2	2	2	0.4
id-10439	2	3	14	0.4
id-10440	10	19	5	0.5
id-10441	10	14	13	0.4
id-10442	2	2	6	0.5
id-10443	3	6	6	0.3
id-10444	10	4	13	0.4
id-10445	6	2	4	0.3
id-10446	5	6	21	0.4
id-10447	8	13	22	0.3
id-10448	10	15	16	0.2
id-10449	2	3	11	0.5
id-10450	8	12	20	0.3
id-10451	9	7	18	0.5
id-10452	7	5	4	0.4
id-10453	5	10	6	0.4
id-10454	9	6	23	0.3
id-10455	8	7	27	0.2
id-10456	6	2	4	0.2
id-10457	5	3	18	0.3
id-10458	5	5	28	0.4
id-10459	5	7	16	0.3
id-10460	3	6	26	0.5
id-10461	2	3	14	0.3
id-10462	6	11	28	0.2
id-10463	7	9	30	0.5
id-10464	9	8	26	0.3
id-10465	7	6	29	0.2
id-10466	4	3	5	0.5
id-10467	8	13	20	0.4
id-10468	7	14	24	0.5
id-10469	7	5	9	0.3
id-10470	1	2	10	0.3
id-10471	4	5	2	0.5
id-10472	10	15	3	0.5
id-10473	2	4	17	0.4
id-10474	4	3	25	0.3
id-10475	3	2	23	0.2
id-10476	10	2	10	0.4
id-10477	1	2	23	0.4
id-10478	10	12	11	0.2
id-10479	2	4	15	0.2
id-10480	4	8	21	0.3
id-10481	4	8	12	0.4
id-10482	2	3	15	0.4
id-10483	3	3	21	0.4
id-10484	2	3	26	0.2
id-10485	3	4	11	0.4
id-10486	9	3	17	0.2
id-10487	10	9	1	0.3
id-10488	8	10	26	0.3
id-10489	5	4	16	0.3
id-10490	1	2	7	0.4
id-10491	6	9	28	0.3
id-10492	10	13	1	0.5
id-10493	4	8	5	0.3
id-10494	4	7	5	0.4
id-10495	5	10	30	0.3
id-10496	2	3	6	0.4
id-10497	9	4	11	0.3
id-10498	4	4	15	0.3
id-10499	6	8	29	0.3
id-10500	6	6	17	0.5
id-10501	4	8	27	0.3
id-10502	9	2	7	0.4
id-10503	10	11	29	0.2
id-10504	3	2	11	0.4
id-10505	4	4	9	0.4
id-10506	8	12	28	0.4
id-10507	3	6	7	0.5
id-10508	1	2	11	0.3
id-10509	5	10	20	0.4
id-10510	3	3	12	0.3
id-10511	6	6	16	0.3
id-10512	6	4	15	0.4
id-10513	9	11	1	0.5
id-10514	10	5	22	0.4
id-10515	10	9	10	0.3
id-10516	3	2	12	0.4
id-10517	4	8	11	0.4
id-10518	1	2	29	0.5
id-10519	10	14	23	0.3
id-10520	7	8	5	0.3
id-10521	8	16	16	0.4
id-10522	8	15	8	0.2
id-10523	3	2	14	0.4
id-10524	10	4	18	0.4
id-10525	6	8	10	0.3
id-10526	6	8	22	0.4
id-10527	4	8	23	0.3
id-10528	9	16	20	0.3
id-10529	8	6	30	0.3
id-10530	6	8	15	0.4
id-10531	10	2	1	0.5
id-10532	4	6	5	0.5
id-10533	4	7	28	0.3
id-10534	5	4	20	0.3
id-10535	6	12	20	0.4
id-10536	6	3	29	0.5
id-10537	7	5	12	0.4
id-10538	9	8	20	0.4
id-10539	3	3	20	0.5
id-10540	7	4	9	0.2
id-10541	6	8	6	0.3
id-10542	8	6	16	0.3
id-10543	4	7	15	0.3
id-10544	10	16	5	0.4
id-10545	8	15	2	0.3
id-10546	8	15	23	0.4
id-10547	5	7	8	0.3
id-10548	10	17	4	0.5
id-10549	10	11	21	0.4
id-10550	6	5	14	0.5
id-10551	9	14	6	0.4
id-10552	7	10	18	0.5
id-10553	3	5	21	0.4
id-10554	6	8	3	0.4
id-10555	2	4	5	0.3
id-10556	1	2	3	0.4
id-10557	9	4	26	0.4
id-10558	9	17	19	0.3
id-10559	4	7	19	0.2
id-10560	8	7	26	0.2
id-10561	6	8	16	0.3
id-10562	3	5	25	0.3
id-10563	8	6	9	0.3
id-10564	5	2	24	0.4
id-10565	10	14	10	0.3
id-10566	6	7	4	0.4
id-10567	4	6	8	0.4
id-10568	5	5	30	0.3
id-10569	9	5	16	0.4
id-10570	6	6	14	0.3
id-10571	10	14	22	0.2
id-10572	7	13	13	0.2
id-10573	3	2	27	0.5
id-10574	10	9	19	0.4
id-10575	7	9	2	0.4
id-10576	8	12	4	0.4
id-10577	5	5	7	0.2
id-10578	1	2	21	0.3
id-10579	3	4	24	0.4
id-10580	3	6	7	0.3
id-10581	2	4	6	0.3
id-10582	9	15	10	0.4
id-10583	7	13	21	0.3
id-10584	6	12	26	0.4
id-10585	8	11	14	0.4
id-10586	10	6	21	0.5
id-10587	8	6	15	0.4
id-10588	1	2	4	0.2
id-10589	2	3	27	0.2
id-10590	6	6	30	0.2
id-10591	1	2	14	0.3
id-10592	8	12	19	0.3
id-10593	2	4	14	0.4
id-10594	10	20	28	0.4
id-10595	6	12	15	0.5
id-10596	2	3	15	0.2
id-10597	7	8	11	0.5
id-10598	10	4	1	0.2
id-10599	6	8	29	0.4
id-10600	7	8	8	0.5
id-10601	5	3	7	0.4
id-10602	9	11	20	0.4
id-10603	9	12	9	0.4
id-10604	3	4	7	0.4
id-10605	6	8	29	0.5
id-10606	10	4	19	0.5
id-10607	7	12	19	0.2
id-10608	2	2	25	0.4
id-10609	4	5	13	0.4
id-10610	9	2	2	0.3
id-10611	5	3	14	0.3
id-10612	2	3	17	0.3
id-10613	8	3	27	0.4
id-10614	3	6	3	0.5
id-10615	1	2	16	0.3
id-10616	8	9	6	0.3
id-10617	2	2	14	0.4
id-10618	6	6	3	0.3
id-10619	8	10	25	0.4
id-10620	10	4	16	0.3
id-10621	9	8	5	0.4
id-10622	9	8	23	0.3
id-10623	10	20	23	0.4
id-10624	9	17	5	0.3
id-10625	6	6	16	0.3
id-10626	3	6	13	0.4
id-10627	6	10	17	0.5
id-10628	2	2	30	0.4
id-10629	10	19	26	0.3
id-10630	4	3	6	0.5
id-10631	8	8	5	0.4
id-10632	2	4	23	0.5
id-10633	8	2	13	0.3
id-10634	6	8	11	0.3
id-10635	1	2	24	0.5
id-10636	10	10	5	0.3
id-10637	8	14	13	0.3
id-10638	1	2	8	0.4
id-10639	8	10	6	0.4
id-10640	2	4	20	0.3
id-10641	5	5	23	0.3
id-10642	6	4	12	0.2
id-10643	4	8	6	0.4
id-10644	8	2	12	0.2
id-10645	4	8	7	0.2
id-10646	8	14	15	0.4
id-10647	7	3	30	0.4
id-10648	8	4	18	0.4
id-10649	3	6	30	0.3
id-10650	8	12	5	0.5
id-10651	4	4	11	0.5
id-10652	9	17	5	0.4
id-10653	2	4	16	0.4
id-10654	2	3	14	0.4
id-10655	4	3	13	0.4
id-10656	10	5	27	0.4
id-10657	10	3	7	0.5
id-10658	8	15	3	0.3
id-10659	4	2	15	0.3
id-10660	9	14	17	0.2
id-10661	9	14	7	0.5
id-10662	1	2	4	0.3
id-10663	6	8	6	0.4
id-10664	7	6	16	0.3
id-10665	4	8	20	0.3
id-10666	7	7	27	0.4
id-10667	4	2	3	0.4
id-10668	2	3	26	0.5
id-10669	9	2	29	0.5
id-10670	10	13	7	0.3
id-10671	1	2	28	0.4
id-10672	2	3	4	0.3
id-10673	2	2	22	0.4
id-10674	9	7	29	0.3
id-10675	5	2	4	0.4
id-10676	3	6	26	0.3
id-10677	4	5	16	0.5
id-10678	7	12	1	0.2
id-10679	4	5	28	0.4
id-10680	7	6	26	0.4
id-10681	6	8	6	0.5
id-10682	6	8	6	0.3
id-10683	7	14	9	0.3
id-10684	3	6	4	0.4
id-10685	3	4	11	0.2
id-10686	10	12	10	0.4
id-10687	3	4	1	0.4
id-10688	7	8	13	0.3
id-10689	5	4	27	0.4
id-10690	5	4	2	0.2
id-10691	3	5	4	0.3
id-10692	10	16	6	0.3
id-10693	6	2	20	0.3
id-10694	10	2	16	0.2
id-10695	6	6	1	0.3
id-10696	4	4	26	0.2
id-10697	7	4	1	0.4
id-10698	2	3	14	0.4
id-10699	1	2	6	0.3
id-10700	8	2	10	0.5
id-10701	1	2	24	0.4
id-10702	5	9	5	0.2
id-10703	10	19	23	0.4
id-10704	10	9	15	0.3
id-10705	9	17	12	0.3
id-10706	7	5	25	0.4
id-10707	4	8	23	0.2
id-10708	7	9	14	0.4
id-10709	2	4	9	0.4
id-10710	10	6	21	0.2
id-10711	1	2	25	0.5
id-10712	6	5	20	0.5
id-10713	7	10	30	0.5
id-10714	2	4	21	0.3
id-10715	3	3	23	0.3
id-10716	10	6	13	0.3
id-10717	4	4	25	0.5
id-10718	8	13	22	0.4
id-10719	9	5	19	0.3
id-10720	8	3	26	0.3
id-10721	1	2	19	0.4
id-10722	7	10	6	0.3
id-10723	5	5	21	0.4
id-10724	6	8	10	0.4
id-10725	10	18	19	0.4
id-10726	9	4	27	0.3
id-10727	2	4	27	0.2
id-10728	3	5	2	0.3
id-10729	5	9	17	0.2
id-10730	9	6	19	0.5
id-10731	9	13	7	0.3
id-10732	4	5	4	0.4
id-10733	3	3	12	0.2
id-10734	8	16	17	0.2
id-10735	5	8	1	0.4
id-10736	3	5	29	0.2
id-10737	4	4	16	0.4
id-10738	5	8	25	0.3
id-10739	6	11	14	0.5
id-10740	4	5	13	0.4
id-10741	9	7	2	0.5
id-10742	6	9	7	0.5
id-10743	3	3	16	0.4
id-10744	8	9	12	0.2
id-10745	6	4	15	0.5
id-10746	10	5	20	0.5
id-10747	3	4	15	0.5
id-10748	8	9	9	0.3
id-10749	9	6	17	0.2
id-10750	1	2	25	0.2
id-10751	8	11	30	0.4
id-10752	6	9	8	0.4
id-10753	8	16	28	0.2
id-10754	2	4	26	0.2
id-10755	8	5	3	0.3
id-10756	10	16	10	0.3
id-10757	5	6	12	0.2
id-10758	10	11	28	0.4
id-10759	4	7	30	0.3
id-10760	1	2	27	0.2
id-10761	4	7	28	0.4
id-10762	8	14	30	0.4
id-10763	1	2	18	0.2
id-10764	7	4	4	0.3
id-10765	8	6	9	0.3
id-10766	1	2	29	0.3
id-10767	1	2	14	0.2
id-10768	8	7	7	0.4
id-10769	4	4	5	0.3
id-10770	8	6	23	0.3
id-10771	2	2	29	0.5
id-10772	10	20	6	0.5
id-10773	7	8	19	0.5
id-10774	10	7	23	0.2
id-10775	7	9	30	0.4
id-10776	9	11	27	0.5
id-10777	8	11	5	0.5
id-10778	10	17	9	0.5
id-10779	3	2	13	0.2
id-10780	10	13	19	0.3
id-10781	1	2	9	0.2
id-10782	5	9	4	0.4
id-10783	6	10	14	0.3
id-10784	10	6	18	0.5
id-10785	6	7	5	0.2
id-10786	10	18	21	0.3
id-10787	9	4	30	0.2
id-10788	3	6	28	0.3
id-10789	7	5	9	0.4
id-10790	2	3	12	0.3
id-10791	4	4	2	0.3
id-10792	5	4	21	0.3
id-10793	1	2	28	0.5
id-10794	7	9	9	0.3
id-10795	1	2	28	0.4
id-10796	4	7	19	0.2
id-10797	2	4	25	0.4
id-10798	6	10	25	0.4
id-10799	9	7	13	0.2
id-10800	10	19	3	0.5
id-10801	5	6	12	0.2
id-10802	4	5	9	0.5
id-10803	1	2	13	0.3
id-10804	6	11	9	0.3
id-10805	7	13	23	0.5
id-10806	5	2	29	0.5
id-10807	9	11	10	0.5
id-10808	6	10	15	0.4
id-10809	8	10	21	0.4
id-10810	5	7	30	0.3
id-10811	5	4	5	0.5
id-10812	10	7	26	0.3
id-10813	6	11	23	0.5
id-10814	10	12	10	0.3
id-10815	10	15	27	0.2
id-10816	3	2	29	0.3
id-10817	7	5	18	0.5
id-10818	2	2	7	0.5
id-10819	3	2	14	0.4
id-10820	9	7	26	0.3
id-10821	6	8	14	0.2
id-10822	6	7	4	0.2
id-10823	7	7	26	0.3
id-10824	1	2	9	0.2
id-10825	5	5	14	0.3
id-10826	4	6	28	0.2
id-10827	1	2	6	0.3
id-10828	3	5	10	0.5
id-10829	5	9	12	0.3
id-10830	9	16	21	0.5
id-10831	3	6	3	0.2
id-10832	1	2	16	0.5
id-10833	10	2	30	0.3
id-10834	4	4	18	0.4
id-10835	9	14	26	0.4
id-10836	6	9	17	0.4
id-10837	6	7	11	0.4
id-10838	10	17	3	0.2
id-10839	7	13	10	0.4
id-10840	9	2	5	0.4
id-10841	3	3	24	0.4
id-10842	7	9	25	0.2
id-10843	9	11	26	0.2
id-10844	8	3	9	0.2
id-10845	5	8	28	0.4
id-10846	5	10	2	0.4
id-10847	1	2	14	0.2
id-10848	4	6	7	0.5
id-10849	8	16	22	0.4
id-10850	5	4	28	0.3
id-10851	1	2	7	0.2
id-10852	3	6	7	0.2
id-10853	2	3	7	0.5
id-10854	8	9	10	0.4
id-10855	7	7	4	0.5
id-10856	4	4	14	0.2
id-10857	6	11	29	0.5
id-10858	9	8	10	0.3
id-10859	5	8	17	0.3
id-10860	4	6	4	0.2
id-10861	1	2	26	0.2
id-10862	3	2	30	0.5
id-10863	10	20	1	0.5
id-10864	4	4	4	0.5
id-10865	5	8	28	0.3
id-10866	2	2	22	0.2
id-10867	1	2	1	0.5
id-10868	5	6	1	0.2
id-10869	8	14	14	0.5
id-10870	9	4	18	0.4
id-10871	4	4	21	0.2
id-10872	6	7	4	0.3
id-10873	9	12	26	0.3
id-10874	5	9	5	0.3
id-10875	8	16	11	0.3
id-10876	9	17	24	0.2
id-10877	4	4	1	0.5
id-10878	1	2	9	0.5
id-10879	2	4	14	0.5
id-10880	9	15	27	0.3
id-10881	10	9	23	0.2
id-10882	8	6	8	0.4
id-10883	8	13	19	0.4
id-10884	3	5	22	0.4
id-10885	9	3	27	0.3
id-10886	6	3	12	0.5
id-10887	3	6	27	0.2
id-10888	2	4	11	0.3
id-10889	9	14	11	0.4
id-10890	4	6	10	0.3
id-10891	7	4	14	0.3
id-10892	10	7	18	0.4
id-10893	3	2	2	0.5
id-10894	2	3	26	0.5
id-10895	1	2	26	0.4
id-10896	4	7	23	0.4
id-10897	4	3	30	0.4
id-10898	9	3	3	0.3
id-10899	7	8	19	0.2
id-10900	2	3	14	0.3
id-10901	3	6	29	0.4
id-10902	3	5	18	0.3
id-10903	2	4	7	0.4
id-10904	10	4	15	0.4
id-10905	4	3	20	0.5
id-10906	1	2	2	0.4
id-10907	4	2	13	0.3
id-10908	4	7	6	0.4
id-10909	3	3	30	0.4
id-10910	7	12	16	0.4
id-10911	5	9	28	0.3
id-10912	7	3	29	0.5
id-10913	3	2	10	0.3
id-10914	5	10	29	0.4
id-10915	9	15	19	0.4
id-10916	4	7	14	0.3
id-10917	9	16	3	0.4
id-10918	2	4	21	0.3
id-10919	6	8	7	0.3
id-10920	2	4	23	0.3
id-10921	3	6	19	0.4
id-10922	1	2	28	0.5
id-10923	10	19	23	0.3
id-10924	3	4	30	0.3
id-10925	9	7	10	0.4
id-10926	1	2	2	0.3
id-10927	4	4	22	0.3
id-10928	7	5	22	0.4
id-10929	6	9	29	0.5
id-10930	10	10	17	0.5
id-10931	6	12	11	0.3
id-10932	8	15	28	0.3
id-10933	8	14	8	0.2
id-10934	2	4	14	0.4
id-10935	5	8	1	0.4
id-10936	3	4	13	0.3
id-10937	9	6	26	0.3
id-10938	6	11	1	0.2
id-10939	9	13	7	0.3
id-10940	3	2	17	0.4
id-10941	1	2	19	0.4
id-10942	8	10	4	0.4
id-10943	10	19	21	0.4
id-10944	10	7	30	0.2
id-10945	3	6	6	0.5
id-10946	7	5	15	0.4
id-10947	10	14	1	0.3
id-10948	1	2	27	0.5
id-10949	9	12	17	0.3
id-10950	10	11	16	0.4
id-10951	1	2	1	0.3
id-10952	4	2	20	0.4
id-10953	2	3	8	0.5
id-10954	4	8	23	0.4
id-10955	4	8	13	0.4
id-10956	7	7	27	0.4
id-10957	10	8	13	0.2
id-10958	5	2	15	0.4
id-10959	4	7	15	0.5
id-10960	5	10	2	0.4
id-10961	1	2	4	0.4
id-10962	7	4	14	0.2
id-10963	8	13	6	0.3
id-10964	6	12	24	0.4
id-10965	2	2	22	0.4
id-10966	1	2	16	0.2
id-10967	1	2	21	0.2
id-10968	5	7	29	0.5
id-10969	1	2	7	0.4
id-10970	3	6	2	0.3
id-10971	6	2	18	0.2
id-10972	5	4	20	0.4
id-10973	2	2	20	0.2
id-10974	4	6	18	0.3
id-10975	5	9	3	0.5
id-10976	8	2	8	0.4
id-10977	2	4	29	0.4
id-10978	9	7	1	0.4
id-10979	1	2	27	0.3
id-10980	9	10	26	0.3
id-10981	6	12	2	0.4
id-10982	5	4	19	0.3
id-10983	9	16	30	0.5
id-10984	10	9	1	0.5
id-10985	7	2	1	0.4
id-10986	9	18	20	0.4
id-10987	8	10	2	0.2
id-10988	2	3	18	0.4
id-10989	7	3	6	0.4
id-10990	7	4	25	0.2
id-10991	4	6	8	0.5
id-10992	10	15	8	0.2
id-10993	4	3	18	0.3
id-10994	3	4	27	0.4
id-10995	6	12	9	0.2
id-10996	9	14	8	0.5
id-10997	4	2	1	0.2
id-10998	6	9	6	0.3
id-10999	2	3	29	0.5
id-11000	5	9	21	0.3
id-11001	9	16	15	0.5
id-11002	7	2	18	0.2
id-11003	10	7	7	0.3
id-11004	4	4	17	0.3
id-11005	4	6	4	0.2
id-11006	10	8	6	0.3
id-11007	8	11	6	0.2
id-11008	4	4	4	0.4
id-11009	6	6	5	0.3
id-11010	10	3	23	0.2
id-11011	1	2	15	0.3
id-11012	2	4	9	0.3
id-11013	5	3	15	0.4
id-11014	7	12	20	0.4
id-11015	6	7	1	0.2
id-11016	2	4	7	0.3
id-11017	1	2	10	0.3
id-11018	6	11	1	0.3
id-11019	9	18	10	0.4
id-11020	7	7	19	0.2
id-11021	6	12	19	0.3
id-11022	8	5	23	0.3
id-11023	3	4	20	0.4
id-11024	5	5	14	0.5
id-11025	3	6	16	0.3
id-11026	6	7	1	0.5
id-11027	1	2	10	0.3
id-11028	10	15	5	0.4
id-11029	5	10	20	0.4
id-11030	2	4	5	0.3
id-11031	10	7	15	0.2
id-11032	7	2	8	0.2
id-11033	10	3	5	0.5
id-11034	8	2	4	0.2
id-11035	6	9	24	0.4
id-11036	4	8	11	0.2
id-11037	4	4	5	0.5
id-11038	6	9	14	0.5
id-11039	5	8	29	0.5
id-11040	2	3	4	0.5
id-11041	4	6	17	0.3
id-11042	3	5	27	0.5
id-11043	6	4	15	0.5
id-11044	7	6	9	0.5
id-11045	4	6	25	0.4
id-11046	9	4	6	0.4
id-11047	9	15	17	0.4
id-11048	3	6	23	0.4
id-11049	1	2	26	0.3
id-11050	7	2	18	0.3
id-11051	7	3	22	0.3
id-11052	3	2	8	0.2
id-11053	3	4	3	0.4
id-11054	9	10	2	0.4
id-11055	9	14	20	0.3
id-11056	3	6	17	0.4
id-11057	10	19	14	0.4
id-11058	2	3	6	0.3
id-11059	4	7	26	0.3
id-11060	10	16	3	0.3
id-11061	4	8	4	0.2
id-11062	7	6	10	0.4
id-11063	5	6	12	0.4
id-11064	4	4	22	0.4
id-11065	4	3	13	0.3
id-11066	7	5	4	0.4
id-11067	3	6	21	0.4
id-11068	2	3	30	0.4
id-11069	1	2	13	0.2
id-11070	10	9	11	0.4
id-11071	10	7	13	0.4
id-11072	1	2	24	0.2
id-11073	10	2	1	0.5
id-11074	2	3	24	0.5
id-11075	3	3	7	0.3
id-11076	3	4	3	0.3
id-11077	3	2	18	0.5
id-11078	3	6	25	0.3
id-11079	9	14	28	0.3
id-11080	5	5	13	0.4
id-11081	7	2	25	0.5
id-11082	1	2	12	0.3
id-11083	1	2	9	0.4
id-11084	7	9	16	0.4
id-11085	7	12	9	0.4
id-11086	6	2	16	0.3
id-11087	3	5	18	0.5
id-11088	4	2	24	0.4
id-11089	9	13	6	0.3
id-11090	9	11	20	0.3
id-11091	3	2	30	0.4
id-11092	9	8	2	0.3
id-11093	7	14	12	0.4
id-11094	2	2	11	0.5
id-11095	9	17	22	0.4
id-11096	6	8	28	0.4
id-11097	6	11	15	0.3
id-11098	10	12	8	0.4
id-11099	4	8	21	0.5
id-11100	4	7	22	0.3
id-11101	8	16	12	0.4
id-11102	9	4	16	0.5
id-11103	10	16	14	0.4
id-11104	10	13	1	0.5
id-11105	9	4	1	0.4
id-11106	9	9	14	0.4
id-11107	9	3	4	0.5
id-11108	6	12	20	0.3
id-11109	6	10	30	0.5
id-11110	8	11	22	0.3
id-11111	6	2	7	0.5
id-11112	9	4	6	0.2
id-11113	9	3	2	0.4
id-11114	8	12	15	0.3
id-11115	4	5	17	0.4
id-11116	5	9	6	0.3
id-11117	9	6	17	0.2
id-11118	3	5	21	0.2
id-11119	8	2	19	0.3
id-11120	10	4	11	0.5
id-11121	5	2	20	0.3
id-11122	2	3	21	0.4
id-11123	5	7	24	0.5
id-11124	5	9	7	0.5
id-11125	9	4	30	0.5
id-11126	8	15	28	0.5
id-11127	3	6	13	0.4
id-11128	1	2	20	0.3
id-11129	9	3	17	0.4
id-11130	6	5	23	0.2
id-11131	7	10	10	0.2
id-11132	2	2	22	0.3
id-11133	1	2	19	0.4
id-11134	9	16	3	0.5
id-11135	2	2	21	0.4
id-11136	9	17	30	0.5
id-11137	6	2	24	0.3
id-11138	8	7	19	0.4
id-11139	9	11	13	0.3
id-11140	8	6	12	0.5
id-11141	10	18	21	0.5
id-11142	5	7	5	0.4
id-11143	3	3	24	0.4
id-11144	6	8	5	0.3
id-11145	5	10	24	0.4
id-11146	2	2	7	0.3
id-11147	6	3	15	0.4
id-11148	8	6	5	0.4
id-11149	2	2	15	0.4
id-11150	4	4	2	0.2
id-11151	5	3	2	0.5
id-11152	6	7	21	0.2
id-11153	5	7	12	0.5
id-11154	1	2	26	0.3
id-11155	9	10	6	0.3
id-11156	9	17	22	0.2
id-11157	4	2	12	0.2
id-11158	6	9	8	0.3
id-11159	5	10	10	0.4
id-11160	9	6	24	0.5
id-11161	6	10	12	0.3
id-11162	2	4	11	0.5
id-11163	6	8	25	0.2
id-11164	4	7	10	0.4
id-11165	8	11	21	0.4
id-11166	3	3	8	0.3
id-11167	2	2	24	0.5
id-11168	3	6	21	0.4
id-11169	7	7	18	0.4
id-11170	1	2	18	0.3
id-11171	3	4	17	0.3
id-11172	8	4	10	0.4
id-11173	9	2	1	0.4
id-11174	1	2	6	0.4
id-11175	10	13	28	0.5
id-11176	3	5	10	0.4
id-11177	6	4	13	0.3
id-11178	9	15	19	0.4
id-11179	4	7	3	0.3
id-11180	1	2	10	0.2
id-11181	7	12	22	0.3
id-11182	8	6	26	0.4
id-11183	4	4	11	0.3
id-11184	1	2	5	0.5
id-11185	6	10	1	0.2
id-11186	7	13	24	0.4
id-11187	2	4	16	0.4
id-11188	1	2	8	0.4
id-11189	2	2	4	0.2
id-11190	9	2	3	0.4
id-11191	4	2	6	0.5
id-11192	2	4	5	0.4
id-11193	1	2	4	0.4
id-11194	2	4	24	0.5
id-11195	7	4	23	0.3
id-11196	4	3	19	0.4
id-11197	7	10	1	0.2
id-11198	9	7	25	0.3
id-11199	10	9	11	0.5
id-11200	4	6	9	0.2
id-11201	9	15	5	0.4
id-11202	2	3	11	0.5
id-11203	4	6	4	0.4
id-11204	8	16	27	0.4
id-11205	4	3	7	0.2
id-11206	7	10	6	0.2
id-11207	9	12	23	0.3
id-11208	6	7	2	0.4
id-11209	8	6	4	0.2
id-11210	1	2	21	0.4
id-11211	9	5	6	0.3
id-11212	5	3	22	0.3
id-11213	5	9	7	0.4
id-11214	4	7	20	0.4
id-11215	6	4	10	0.3
id-11216	1	2	7	0.2
id-11217	6	8	10	0.3
id-11218	1	2	6	0.4
id-11219	5	6	10	0.3
id-11220	5	7	14	0.4
id-11221	4	3	17	0.3
id-11222	8	6	19	0.3
id-11223	8	15	19	0.4
id-11224	1	2	26	0.4
id-11225	3	3	23	0.3
id-11226	5	10	14	0.3
id-11227	4	3	8	0.2
id-11228	8	11	5	0.4
id-11229	1	2	11	0.4
id-11230	5	8	4	0.4
id-11231	10	8	13	0.2
id-11232	8	10	18	0.5
id-11233	3	6	13	0.3
id-11234	2	2	14	0.3
id-11235	1	2	9	0.3
id-11236	10	5	13	0.4
id-11237	8	3	13	0.4
id-11238	6	12	4	0.4
id-11239	2	4	11	0.4
id-11240	7	11	29	0.2
id-11241	6	5	16	0.4
id-11242	9	11	27	0.4
id-11243	3	2	9	0.3
id-11244	6	6	5	0.4
id-11245	9	9	30	0.3
id-11246	4	5	19	0.3
id-11247	8	3	30	0.4
id-11248	8	11	27	0.3
id-11249	8	11	11	0.5
id-11250	1	2	3	0.2
id-11251	7	8	10	0.3
id-11252	8	9	16	0.5
id-11253	5	10	9	0.5
id-11254	1	2	30	0.2
id-11255	2	4	11	0.3
id-11256	1	2	7	0.4
id-11257	5	3	26	0.3
id-11258	3	3	2	0.4
id-11259	8	7	21	0.4
id-11260	1	2	29	0.4
id-11261	1	2	1	0.4
id-11262	8	15	21	0.2
id-11263	6	8	12	0.3
id-11264	4	6	11	0.3
id-11265	5	6	9	0.2
id-11266	7	11	15	0.4
id-11267	6	5	8	0.3
id-11268	1	2	1	0.2
id-11269	3	3	7	0.3
id-11270	2	4	8	0.5
id-11271	6	12	19	0.3
id-11272	7	12	23	0.4
id-11273	3	6	18	0.4
id-11274	1	2	29	0.4
id-11275	6	2	6	0.4
id-11276	8	15	3	0.3
id-11277	10	8	27	0.5
id-11278	3	2	12	0.3
id-11279	10	13	30	0.4
id-11280	2	2	4	0.3
id-11281	9	17	7	0.3
id-11282	10	11	3	0.5
id-11283	3	5	3	0.3
id-11284	6	6	27	0.3
id-11285	9	16	17	0.4
id-11286	1	2	1	0.5
id-11287	8	9	23	0.5
id-11288	5	5	25	0.2
id-11289	2	4	20	0.3
id-11290	8	14	1	0.2
id-11291	7	8	8	0.4
id-11292	1	2	29	0.3
id-11293	2	4	20	0.2
id-11294	1	2	23	0.4
id-11295	10	13	23	0.2
id-11296	8	15	19	0.4
id-11297	6	8	10	0.3
id-11298	1	2	9	0.5
id-11299	5	4	10	0.4
id-11300	6	3	26	0.2
id-11301	10	8	9	0.5
id-11302	6	6	27	0.3
id-11303	4	5	27	0.4
id-11304	6	9	23	0.2
id-11305	10	13	18	0.3
id-11306	2	2	18	0.4
id-11307	10	6	27	0.4
id-11308	7	9	10	0.3
id-11309	10	9	21	0.3
id-11310	4	3	29	0.3
id-11311	1	2	8	0.3
id-11312	1	2	1	0.4
id-11313	1	2	24	0.4
id-11314	10	8	14	0.3
id-11315	3	2	4	0.4
id-11316	2	4	30	0.3
id-11317	5	6	18	0.2
id-11318	3	3	2	0.4
id-11319	4	2	6	0.2
id-11320	8	9	2	0.4
id-11321	7	4	19	0.3
id-11322	2	3	30	0.4
id-11323	7	7	13	0.4
id-11324	2	4	10	0.3
id-11325	8	13	11	0.4
id-11326	9	14	2	0.3
id-11327	9	2	15	0.5
id-11328	4	5	20	0.3
id-11329	5	7	7	0.4
id-11330	2	2	1	0.4
id-11331	9	16	28	0.4
id-11332	3	5	24	0.3
id-11333	8	8	29	0.3
id-11334	6	6	22	0.4
id-11335	4	6	2	0.4
id-11336	5	7	23	0.5
id-11337	7	4	17	0.2
id-11338	9	7	27	0.4
id-11339	2	2	24	0.4
id-11340	1	2	7	0.3
id-11341	6	4	18	0.2
id-11342	9	13	21	0.3
id-11343	10	18	15	0.4
id-11344	2	4	28	0.3
id-11345	4	5	12	0.3
id-11346	5	3	13	0.4
id-11347	8	12	5	0.2
id-11348	6	8	27	0.5
id-11349	7	11	12	0.5
id-11350	5	7	21	0.2
id-11351	7	5	2	0.5
id-11352	4	2	6	0.4
id-11353	9	14	3	0.5
id-11354	9	16	9	0.3
id-11355	7	11	16	0.3
id-11356	10	20	13	0.3
id-11357	9	10	7	0.3
id-11358	2	4	19	0.5
id-11359	1	2	5	0.5
id-11360	5	4	11	0.4
id-11361	6	4	17	0.4
id-11362	10	9	12	0.5
id-11363	7	8	11	0.2
id-11364	7	12	17	0.5
id-11365	9	16	29	0.3
id-11366	6	7	25	0.3
id-11367	10	13	27	0.3
id-11368	6	5	7	0.4
id-11369	6	12	29	0.3
id-11370	8	2	16	0.2
id-11371	6	9	17	0.4
id-11372	5	5	14	0.2
id-11373	8	4	27	0.2
id-11374	1	2	14	0.4
id-11375	10	2	15	0.4
id-11376	10	2	21	0.5
id-11377	1	2	2	0.3
id-11378	7	9	8	0.3
id-11379	4	2	17	0.5
id-11380	4	6	28	0.3
id-11381	5	8	17	0.3
id-11382	8	5	21	0.3
id-11383	4	4	11	0.4
id-11384	2	2	4	0.2
id-11385	2	3	15	0.4
id-11386	4	2	22	0.5
id-11387	2	4	19	0.4
id-11388	5	2	16	0.2
id-11389	4	7	6	0.3
id-11390	3	5	4	0.3
id-11391	2	2	17	0.3
id-11392	5	5	23	0.4
id-11393	2	3	2	0.3
id-11394	6	4	3	0.5
id-11395	7	13	19	0.2
id-11396	8	15	2	0.3
id-11397	9	3	7	0.5
id-11398	6	10	26	0.4
id-11399	10	4	12	0.4
id-11400	5	2	30	0.4
id-11401	8	15	5	0.4
id-11402	4	2	15	0.2
id-11403	5	6	29	0.4
id-11404	7	12	20	0.5
id-11405	5	9	12	0.5
id-11406	2	2	23	0.2
id-11407	9	5	19	0.3
id-11408	5	10	2	0.2
id-11409	4	2	30	0.5
id-11410	5	10	23	0.4
id-11411	4	8	22	0.2
id-11412	2	4	17	0.3
id-11413	8	5	20	0.3
id-11414	9	12	10	0.2
id-11415	3	5	14	0.4
id-11416	2	2	22	0.5
id-11417	1	2	12	0.2
id-11418	5	6	17	0.4
id-11419	7	7	1	0.4
id-11420	8	11	16	0.4
id-11421	1	2	19	0.5
id-11422	9	13	25	0.2
id-11423	2	4	15	0.3
id-11424	1	2	15	0.4
id-11425	8	8	29	0.4
id-11426	8	12	26	0.3
id-11427	7	13	27	0.3
id-11428	3	2	23	0.3
id-11429	2	4	13	0.3
id-11430	10	4	16	0.3
id-11431	1	2	18	0.4
id-11432	5	3	20	0.3
id-11433	8	14	23	0.2
id-11434	10	13	25	0.3
id-11435	3	4	13	0.4
id-11436	4	7	18	0.3
id-11437	1	2	12	0.3
id-11438	6	10	6	0.3
id-11439	8	9	16	0.2
id-11440	2	3	5	0.4
id-11441	3	6	5	0.3
id-11442	5	5	16	0.3
id-11443	8	9	30	0.4
id-11444	6	12	20	0.4
id-11445	4	6	21	0.5
id-11446	6	6	7	0.4
id-11447	6	3	10	0.2
id-11448	1	2	2	0.2
id-11449	4	2	19	0.4
id-11450	10	5	27	0.3
id-11451	10	7	15	0.3
id-11452	4	8	1	0.5
id-11453	9	4	6	0.4
id-11454	10	20	17	0.4
id-11455	9	7	23	0.2
id-11456	10	10	8	0.2
id-11457	8	10	5	0.3
id-11458	9	11	15	0.4
id-11459	8	10	14	0.3
id-11460	5	2	2	0.2
id-11461	10	7	2	0.4
id-11462	1	2	3	0.2
id-11463	7	11	1	0.3
id-11464	3	4	13	0.5
id-11465	3	4	22	0.4
id-11466	1	2	5	0.5
id-11467	6	11	10	0.3
id-11468	3	6	12	0.2
id-11469	10	11	3	0.2
id-11470	9	11	26	0.3
id-11471	1	2	14	0.3
id-11472	2	3	6	0.5
id-11473	8	4	16	0.5
id-11474	10	14	3	0.3
id-11475	3	6	5	0.4
id-11476	4	8	10	0.5
id-11477	8	6	8	0.5
id-11478	3	4	8	0.4
id-11479	9	3	20	0.4
id-11480	8	4	12	0.4
id-11481	8	15	9	0.2
id-11482	7	3	17	0.3
id-11483	2	2	23	0.3
id-11484	6	9	2	0.5
id-11485	3	3	20	0.3
id-11486	4	6	12	0.4
id-11487	9	16	2	0.3
id-11488	8	6	29	0.4
id-11489	6	2	9	0.2
id-11490	1	2	4	0.4
id-11491	2	3	17	0.5
id-11492	8	15	5	0.3
id-11493	5	3	7	0.5
id-11494	6	3	12	0.5
id-11495	10	7	17	0.4
id-11496	2	2	29	0.4
id-11497	3	4	14	0.4
id-11498	5	7	13	0.4
id-11499	9	13	13	0.4
id-11500	2	3	15	0.4
id-11501	6	11	16	0.4
id-11502	7	9	10	0.4
id-11503	7	3	12	0.3
id-11504	6	9	14	0.4
id-11505	4	3	15	0.5
id-11506	2	3	4	0.3
id-11507	4	2	7	0.4
id-11508	7	5	22	0.5
id-11509	9	6	23	0.4
id-11510	10	16	6	0.5
id-11511	5	4	8	0.5
id-11512	7	6	4	0.4
id-11513	2	4	14	0.3
id-11514	10	9	8	0.4
id-11515	5	8	6	0.5
id-11516	9	12	23	0.4
id-11517	3	2	14	0.3
id-11518	9	3	6	0.5
id-11519	10	9	21	0.3
id-11520	6	11	18	0.3
id-11521	3	3	23	0.4
id-11522	6	9	21	0.3
id-11523	4	8	6	0.3
id-11524	1	2	17	0.4
id-11525	3	4	16	0.2
id-11526	5	4	29	0.2
id-11527	6	4	13	0.2
id-11528	4	3	16	0.4
id-11529	6	6	20	0.2
id-11530	4	6	25	0.3
id-11531	4	3	22	0.4
id-11532	7	4	26	0.2
id-11533	2	3	4	0.3
id-11534	1	2	23	0.4
id-11535	4	2	9	0.2
id-11536	4	7	15	0.3
id-11537	8	9	13	0.3
id-11538	7	6	24	0.4
id-11539	10	8	21	0.3
id-11540	2	3	1	0.3
id-11541	4	8	26	0.3
id-11542	7	6	5	0.3
id-11543	7	6	1	0.3
id-11544	4	6	5	0.4
id-11545	5	7	30	0.3
id-11546	1	2	20	0.3
id-11547	9	10	24	0.3
id-11548	2	4	29	0.3
id-11549	1	2	27	0.2
id-11550	4	3	11	0.2
id-11551	1	2	22	0.4
id-11552	1	2	16	0.5
id-11553	8	16	14	0.3
id-11554	2	3	29	0.3
id-11555	8	3	7	0.2
id-11556	8	9	2	0.4
id-11557	10	18	2	0.4
id-11558	2	4	13	0.5
id-11559	4	7	16	0.4
id-11560	3	3	5	0.2
id-11561	4	3	10	0.4
id-11562	10	18	14	0.5
id-11563	4	6	23	0.4
id-11564	7	9	15	0.4
id-11565	9	12	16	0.3
id-11566	9	2	10	0.4
id-11567	7	14	1	0.2
id-11568	2	4	5	0.2
id-11569	5	4	13	0.5
id-11570	2	4	19	0.3
id-11571	7	2	21	0.4
id-11572	8	8	22	0.4
id-11573	9	15	10	0.4
id-11574	6	10	2	0.3
id-11575	10	19	24	0.4
id-11576	4	4	16	0.3
id-11577	8	11	20	0.3
id-11578	8	11	1	0.3
id-11579	8	12	6	0.2
id-11580	2	2	14	0.3
id-11581	5	6	30	0.3
id-11582	5	8	22	0.5
id-11583	10	7	23	0.3
id-11584	2	3	18	0.5
id-11585	3	2	11	0.3
id-11586	10	5	7	0.3
id-11587	8	11	23	0.2
id-11588	2	4	9	0.5
id-11589	10	2	2	0.4
id-11590	8	10	8	0.4
id-11591	3	2	2	0.5
id-11592	1	2	4	0.3
id-11593	9	3	11	0.3
id-11594	8	16	2	0.5
id-11595	10	3	14	0.4
id-11596	5	10	18	0.3
id-11597	4	6	28	0.2
id-11598	5	2	27	0.3
id-11599	5	6	21	0.5
id-11600	10	19	12	0.4
id-11601	2	2	19	0.3
id-11602	10	10	12	0.3
id-11603	3	4	2	0.4
id-11604	4	3	8	0.3
id-11605	1	2	19	0.2
id-11606	3	2	26	0.4
id-11607	1	2	13	0.4
id-11608	10	5	25	0.3
id-11609	4	7	12	0.3
id-11610	6	5	29	0.5
id-11611	6	4	11	0.3
id-11612	1	2	24	0.2
id-11613	5	3	16	0.3
id-11614	1	2	7	0.2
id-11615	1	2	24	0.3
id-11616	8	16	4	0.3
id-11617	5	3	1	0.5
id-11618	1	2	2	0.5
id-11619	5	5	8	0.5
id-11620	4	8	1	0.3
id-11621	8	14	18	0.5
id-11622	8	16	30	0.2
id-11623	2	2	20	0.2
id-11624	8	9	23	0.3
id-11625	4	4	21	0.3
id-11626	7	11	27	0.3
id-11627	8	16	25	0.3
id-11628	3	6	24	0.4
id-11629	5	3	6	0.4
id-11630	1	2	21	0.2
id-11631	8	14	18	0.2
id-11632	3	5	26	0.4
id-11633	3	6	3	0.3
id-11634	1	2	2	0.2
id-11635	5	6	24	0.3
id-11636	6	2	21	0.4
id-11637	9	11	4	0.3
id-11638	1	2	15	0.2
id-11639	4	4	22	0.2
id-11640	1	2	18	0.3
id-11641	3	4	7	0.4
id-11642	10	6	2	0.4
id-11643	8	15	29	0.4
id-11644	8	13	11	0.4
id-11645	1	2	22	0.4
id-11646	9	18	1	0.4
id-11647	1	2	6	0.2
id-11648	5	4	13	0.2
id-11649	9	17	21	0.4
id-11650	5	7	3	0.4
id-11651	1	2	15	0.3
id-11652	5	4	13	0.3
id-11653	2	3	30	0.4
id-11654	1	2	7	0.2
id-11655	8	10	20	0.4
id-11656	10	8	10	0.3
id-11657	6	12	14	0.4
id-11658	8	2	12	0.3
id-11659	10	2	10	0.3
id-11660	4	2	5	0.4
id-11661	7	12	8	0.2
id-11662	2	2	14	0.4
id-11663	9	10	28	0.2
id-11664	9	5	30	0.4
id-11665	6	2	20	0.4
id-11666	6	2	5	0.4
id-11667	5	8	8	0.3
id-11668	5	10	6	0.4
id-11669	6	5	5	0.2
id-11670	7	2	15	0.2
id-11671	7	5	5	0.2
id-11672	5	4	24	0.3
id-11673	5	10	24	0.2
id-11674	10	15	8	0.4
id-11675	2	3	29	0.4
id-11676	1	2	29	0.4
id-11677	7	6	26	0.5
id-11678	4	4	15	0.4
id-11679	10	9	2	0.4
id-11680	6	5	11	0.3
id-11681	9	2	5	0.4
id-11682	3	2	20	0.3
id-11683	9	18	24	0.3
id-11684	5	3	13	0.2
id-11685	7	9	23	0.5
id-11686	3	3	24	0.3
id-11687	5	2	20	0.3
id-11688	4	4	11	0.3
id-11689	5	7	15	0.4
id-11690	1	2	6	0.5
id-11691	9	13	1	0.4
id-11692	5	3	6	0.5
id-11693	6	7	9	0.5
id-11694	10	6	17	0.4
id-11695	10	4	26	0.3
id-11696	4	3	7	0.2
id-11697	2	2	3	0.4
id-11698	2	3	16	0.4
id-11699	4	6	30	0.3
id-11700	7	6	18	0.5
id-11701	2	2	29	0.3
id-11702	2	4	3	0.3
id-11703	4	5	5	0.2
id-11704	3	6	4	0.4
id-11705	10	12	11	0.2
id-11706	4	7	21	0.4
id-11707	4	5	1	0.2
id-11708	6	11	5	0.5
id-11709	7	2	6	0.4
id-11710	8	12	18	0.3
id-11711	3	6	15	0.5
id-11712	3	6	15	0.3
id-11713	5	6	28	0.4
id-11714	6	4	14	0.3
id-11715	2	4	16	0.3
id-11716	4	8	11	0.5
id-11717	3	3	25	0.5
id-11718	8	10	16	0.5
id-11719	8	16	8	0.2
id-11720	8	4	3	0.4
id-11721	10	3	28	0.4
id-11722	1	2	25	0.2
id-11723	2	2	16	0.4
id-11724	4	2	15	0.4
id-11725	2	4	12	0.2
id-11726	3	3	20	0.3
id-11727	8	11	23	0.3
id-11728	3	6	27	0.4
id-11729	6	6	21	0.2
id-11730	6	9	9	0.4
id-11731	6	6	21	0.4
id-11732	4	3	26	0.3
id-11733	2	2	25	0.5
id-11734	7	9	22	0.3
id-11735	5	10	30	0.4
id-11736	1	2	26	0.3
id-11737	1	2	29	0.5
id-11738	1	2	7	0.3
id-11739	10	18	7	0.5
id-11740	1	2	8	0.4
id-11741	1	2	1	0.2
id-11742	4	8	1	0.4
id-11743	6	10	27	0.3
id-11744	2	4	3	0.4
id-11745	6	8	1	0.4
id-11746	5	4	27	0.4
id-11747	6	6	13	0.3
id-11748	7	12	17	0.3
id-11749	1	2	29	0.2
id-11750	2	3	3	0.5
id-11751	10	5	20	0.4
id-11752	7	5	27	0.3
id-11753	5	6	1	0.5
id-11754	9	12	14	0.3
id-11755	1	2	18	0.3
id-11756	8	9	11	0.3
id-11757	8	16	11	0.4
id-11758	10	15	25	0.3
id-11759	4	8	17	0.5
id-11760	1	2	29	0.4
id-11761	6	6	29	0.4
id-11762	3	5	27	0.4
id-11763	9	2	20	0.2
id-11764	8	13	4	0.2
id-11765	10	7	29	0.2
id-11766	4	8	24	0.3
id-11767	3	4	9	0.5
id-11768	5	4	11	0.4
id-11769	2	3	10	0.3
id-11770	10	13	6	0.4
id-11771	2	3	22	0.3
id-11772	6	3	16	0.2
id-11773	5	7	22	0.4
id-11774	8	6	19	0.2
id-11775	2	4	20	0.3
id-11776	6	11	1	0.2
id-11777	7	3	16	0.4
id-11778	2	3	16	0.4
id-11779	9	17	19	0.3
id-11780	6	10	16	0.4
id-11781	6	9	15	0.3
id-11782	7	2	17	0.2
id-11783	6	5	24	0.5
id-11784	2	4	3	0.3
id-11785	6	11	16	0.5
id-11786	4	7	28	0.5
id-11787	7	3	21	0.4
id-11788	8	16	26	0.4
id-11789	5	3	19	0.3
id-11790	6	12	29	0.3
id-11791	1	2	22	0.4
id-11792	8	2	21	0.3
id-11793	7	6	25	0.2
id-11794	1	2	13	0.5
id-11795	9	4	21	0.4
id-11796	2	4	13	0.5
id-11797	2	4	11	0.4
id-11798	4	2	18	0.3
id-11799	8	4	14	0.4
id-11800	3	3	15	0.3
id-11801	8	6	22	0.3
id-11802	8	10	4	0.3
id-11803	5	10	3	0.3
id-11804	8	11	28	0.5
id-11805	9	17	10	0.4
id-11806	6	10	27	0.4
id-11807	9	10	13	0.3
id-11808	6	2	19	0.4
id-11809	9	11	14	0.5
id-11810	1	2	11	0.3
id-11811	2	2	3	0.3
id-11812	5	7	17	0.4
id-11813	8	10	2	0.2
id-11814	7	2	11	0.3
id-11815	3	5	30	0.2
id-11816	10	8	19	0.2
id-11817	4	6	8	0.3
id-11818	9	5	29	0.2
id-11819	3	5	20	0.3
id-11820	10	13	1	0.3
id-11821	9	5	17	0.4
id-11822	1	2	27	0.4
id-11823	6	11	11	0.3
id-11824	6	7	24	0.3
id-11825	1	2	9	0.4
id-11826	2	3	3	0.4
id-11827	10	13	4	0.4
id-11828	8	5	16	0.4
id-11829	5	3	1	0.2
id-11830	8	16	17	0.4
id-11831	3	2	7	0.4
id-11832	9	18	28	0.4
id-11833	8	10	8	0.3
id-11834	4	7	2	0.3
id-11835	6	12	29	0.3
id-11836	4	2	5	0.4
id-11837	1	2	20	0.3
id-11838	6	3	17	0.2
id-11839	7	13	22	0.2
id-11840	9	10	29	0.4
id-11841	8	12	20	0.4
id-11842	10	5	22	0.4
id-11843	10	2	13	0.3
id-11844	8	4	23	0.4
id-11845	6	8	6	0.4
id-11846	5	3	26	0.3
id-11847	5	6	8	0.3
id-11848	7	12	3	0.3
id-11849	10	10	17	0.3
id-11850	1	2	18	0.3
id-11851	6	8	14	0.3
id-11852	10	10	12	0.3
id-11853	6	9	8	0.2
id-11854	10	3	22	0.3
id-11855	9	15	23	0.3
id-11856	5	4	24	0.3
id-11857	3	6	24	0.3
id-11858	10	11	19	0.2
id-11859	9	12	12	0.3
id-11860	9	2	22	0.4
id-11861	9	2	1	0.2
id-11862	9	3	28	0.4
id-11863	6	9	3	0.3
id-11864	2	4	7	0.2
id-11865	1	2	7	0.5
id-11866	10	2	14	0.4
id-11867	4	6	12	0.5
id-11868	7	13	15	0.3
id-11869	4	2	26	0.5
id-11870	4	7	15	0.2
id-11871	10	5	24	0.4
id-11872	5	9	7	0.5
id-11873	2	2	9	0.2
id-11874	1	2	18	0.4
id-11875	3	5	18	0.3
id-11876	9	15	29	0.3
id-11877	5	7	19	0.4
id-11878	2	3	25	0.4
id-11879	6	10	22	0.5
id-11880	8	13	22	0.5
id-11881	4	4	6	0.4
id-11882	1	2	10	0.4
id-11883	4	4	8	0.4
id-11884	3	2	21	0.2
id-11885	2	2	23	0.2
id-11886	7	12	27	0.5
id-11887	1	2	30	0.5
id-11888	5	4	22	0.3
id-11889	4	5	30	0.5
id-11890	2	2	19	0.4
id-11891	10	7	13	0.4
id-11892	10	2	2	0.3
id-11893	9	12	5	0.4
id-11894	5	8	19	0.5
id-11895	1	2	5	0.3
id-11896	3	4	13	0.5
id-11897	3	3	24	0.4
id-11898	8	6	11	0.2
id-11899	6	4	30	0.3
id-11900	3	4	20	0.4
id-11901	10	9	19	0.2
id-11902	3	2	6	0.5
id-11903	4	5	29	0.3
id-11904	6	2	20	0.5
id-11905	7	13	6	0.4
id-11906	2	2	10	0.4
id-11907	5	3	18	0.4
id-11908	4	8	15	0.5
id-11909	10	15	26	0.3
id-11910	3	6	3	0.3
id-11911	7	5	13	0.4
id-11912	5	5	30	0.4
id-11913	7	12	14	0.5
id-11914	6	6	2	0.3
id-11915	1	2	18	0.3
id-11916	9	12	26	0.4
id-11917	8	8	27	0.2
id-11918	6	12	22	0.2
id-11919	3	2	28	0.3
id-11920	4	8	1	0.3
id-11921	1	2	9	0.4
id-11922	10	11	16	0.4
id-11923	1	2	13	0.3
id-11924	10	11	28	0.5
id-11925	3	5	8	0.3
id-11926	1	2	14	0.4
id-11927	3	3	21	0.5
id-11928	5	8	12	0.3
id-11929	10	12	28	0.3
id-11930	7	2	22	0.4
id-11931	8	7	15	0.4
id-11932	10	16	15	0.4
id-11933	8	13	18	0.3
id-11934	9	3	15	0.4
id-11935	6	11	30	0.4
id-11936	6	5	21	0.4
id-11937	10	5	28	0.3
id-11938	5	7	15	0.4
id-11939	8	13	23	0.4
id-11940	5	9	28	0.3
id-11941	4	3	17	0.3
id-11942	10	17	28	0.4
id-11943	2	3	20	0.3
id-11944	1	2	15	0.4
id-11945	3	5	10	0.2
id-11946	8	10	13	0.3
id-11947	3	4	30	0.4
id-11948	8	8	23	0.4
id-11949	5	10	13	0.5
id-11950	10	2	3	0.4
id-11951	1	2	20	0.4
id-11952	7	4	23	0.3
id-11953	4	2	17	0.2
id-11954	3	3	23	0.4
id-11955	2	4	25	0.4
id-11956	7	9	13	0.4
id-11957	8	10	20	0.3
id-11958	7	11	28	0.2
id-11959	7	13	14	0.3
id-11960	8	9	18	0.5
id-11961	8	7	19	0.3
id-11962	3	2	8	0.4
id-11963	2	2	22	0.3
id-11964	5	4	30	0.4
id-11965	10	17	13	0.4
id-11966	2	3	23	0.5
id-11967	9	17	21	0.4
id-11968	6	8	13	0.4
id-11969	9	17	26	0.3
id-11970	7	10	8	0.5
id-11971	10	2	18	0.5
id-11972	4	8	19	0.4
id-11973	3	2	14	0.2
id-11974	10	16	15	0.3
id-11975	9	5	28	0.4
id-11976	9	13	25	0.5
id-11977	4	8	18	0.5
id-11978	7	2	8	0.3
id-11979	2	4	25	0.3
id-11980	10	15	12	0.5
id-11981	3	2	19	0.2
id-11982	10	7	23	0.2
id-11983	3	2	28	0.2
id-11984	9	8	7	0.4
id-11985	6	10	17	0.4
id-11986	3	2	28	0.2
id-11987	9	14	4	0.4
id-11988	8	12	11	0.2
id-11989	3	2	10	0.5
id-11990	8	16	10	0.2
id-11991	10	7	16	0.4
id-11992	9	8	28	0.3
id-11993	4	8	9	0.4
id-11994	4	8	1	0.3
id-11995	6	7	26	0.2
id-11996	2	3	9	0.5
id-11997	9	16	20	0.3
id-11998	4	3	9	0.2
id-11999	3	6	23	0.2
id-12000	1	2	16	0.3
id-12001	8	4	15	0.2
id-12002	6	11	3	0.4
id-12003	10	9	30	0.3
id-12004	9	14	19	0.5
id-12005	8	6	1	0.2
id-12006	1	2	8	0.4
id-12007	2	2	17	0.3
id-12008	8	7	22	0.3
id-12009	9	7	19	0.4
id-12010	4	2	13	0.5
id-12011	8	10	22	0.4
id-12012	10	12	7	0.2
id-12013	2	4	8	0.3
id-12014	9	7	7	0.2
id-12015	5	6	30	0.3
id-12016	8	14	23	0.3
id-12017	2	2	21	0.2
id-12018	6	11	23	0.4
id-12019	2	2	29	0.2
id-12020	9	10	2	0.5
id-12021	3	2	19	0.5
id-12022	8	10	15	0.5
id-12023	5	7	21	0.4
id-12024	5	4	19	0.2
id-12025	7	14	24	0.5
id-12026	10	3	15	0.2
id-12027	2	3	13	0.4
id-12028	1	2	25	0.4
id-12029	1	2	3	0.5
id-12030	1	2	2	0.3
id-12031	6	6	23	0.3
id-12032	10	2	22	0.5
id-12033	5	3	12	0.2
id-12034	3	2	19	0.5
id-12035	7	7	30	0.3
id-12036	8	3	9	0.4
id-12037	6	7	23	0.5
id-12038	2	4	26	0.2
id-12039	10	12	14	0.3
id-12040	9	14	27	0.2
id-12041	6	11	11	0.3
id-12042	3	6	22	0.2
id-12043	9	8	15	0.5
id-12044	8	9	7	0.2
id-12045	2	4	7	0.3
id-12046	8	11	3	0.3
id-12047	6	9	27	0.3
id-12048	2	2	3	0.2
id-12049	1	2	3	0.4
id-12050	2	3	2	0.3
id-12051	2	4	10	0.3
id-12052	10	3	2	0.4
id-12053	4	3	8	0.2
id-12054	2	4	16	0.4
id-12055	9	2	25	0.3
id-12056	3	6	8	0.3
id-12057	4	8	21	0.4
id-12058	6	8	1	0.3
id-12059	6	9	24	0.4
id-12060	3	6	30	0.3
id-12061	5	5	28	0.3
id-12062	2	4	16	0.4
id-12063	5	3	7	0.4
id-12064	9	5	24	0.3
id-12065	9	15	11	0.4
id-12066	10	9	23	0.5
id-12067	7	3	25	0.5
id-12068	8	8	13	0.5
id-12069	10	11	8	0.2
id-12070	10	2	30	0.4
id-12071	6	8	18	0.5
id-12072	5	5	3	0.3
id-12073	7	7	8	0.3
id-12074	1	2	1	0.3
id-12075	2	2	22	0.2
id-12076	10	17	18	0.3
id-12077	6	11	23	0.4
id-12078	10	19	24	0.3
id-12079	1	2	15	0.5
id-12080	1	2	27	0.2
id-12081	5	5	24	0.3
id-12082	6	3	22	0.4
id-12083	5	10	25	0.3
id-12084	4	2	3	0.2
id-12085	3	5	9	0.5
id-12086	7	12	30	0.2
id-12087	5	5	26	0.3
id-12088	8	16	21	0.3
id-12089	10	16	1	0.2
id-12090	1	2	6	0.4
id-12091	5	10	27	0.3
id-12092	10	2	3	0.4
id-12093	3	2	15	0.3
id-12094	6	7	22	0.3
id-12095	9	7	17	0.5
id-12096	9	2	14	0.3
id-12097	5	10	20	0.5
id-12098	10	17	19	0.4
id-12099	10	14	22	0.3
id-12100	6	4	27	0.3
id-12101	9	15	13	0.5
id-12102	4	6	16	0.3
id-12103	8	14	10	0.3
id-12104	2	3	29	0.4
id-12105	9	3	6	0.3
id-12106	8	15	22	0.2
id-12107	6	6	16	0.4
id-12108	5	2	24	0.5
id-12109	9	3	18	0.4
id-12110	2	3	13	0.4
id-12111	8	8	17	0.4
id-12112	4	2	13	0.2
id-12113	1	2	26	0.5
id-12114	8	14	26	0.3
id-12115	5	3	3	0.2
id-12116	8	8	29	0.3
id-12117	3	6	16	0.5
id-12118	9	11	4	0.3
id-12119	1	2	26	0.3
id-12120	9	10	15	0.4
id-12121	6	2	12	0.5
id-12122	6	9	21	0.3
id-12123	9	2	21	0.5
id-12124	8	3	1	0.2
id-12125	4	5	17	0.4
id-12126	7	8	7	0.4
id-12127	5	5	21	0.5
id-12128	2	2	19	0.3
id-12129	3	4	13	0.3
id-12130	5	6	24	0.2
id-12131	8	10	8	0.5
id-12132	10	11	25	0.2
id-12133	10	3	19	0.5
id-12134	8	9	30	0.3
id-12135	2	3	20	0.4
id-12136	10	7	8	0.5
id-12137	9	12	11	0.4
id-12138	6	11	1	0.5
id-12139	10	4	2	0.4
id-12140	8	12	5	0.5
id-12141	5	5	2	0.3
id-12142	4	2	26	0.2
id-12143	5	8	21	0.2
id-12144	10	15	15	0.3
id-12145	8	3	30	0.3
id-12146	5	5	8	0.2
id-12147	7	10	21	0.4
id-12148	4	8	27	0.4
id-12149	7	11	23	0.5
id-12150	2	4	6	0.3
id-12151	5	10	12	0.3
id-12152	6	7	25	0.4
id-12153	10	11	3	0.3
id-12154	8	8	16	0.3
id-12155	3	4	13	0.3
id-12156	3	6	23	0.2
id-12157	10	16	22	0.4
id-12158	1	2	24	0.5
id-12159	3	5	1	0.3
id-12160	5	2	22	0.4
id-12161	1	2	16	0.4
id-12162	8	12	26	0.3
id-12163	5	10	9	0.3
id-12164	7	14	10	0.4
id-12165	8	15	14	0.3
id-12166	7	10	2	0.2
id-12167	7	9	18	0.3
id-12168	10	6	29	0.4
id-12169	4	7	16	0.4
id-12170	10	14	25	0.5
id-12171	7	12	12	0.2
id-12172	5	4	2	0.5
id-12173	7	10	15	0.4
id-12174	3	4	18	0.3
id-12175	1	2	6	0.3
id-12176	9	10	23	0.2
id-12177	10	6	11	0.4
id-12178	6	10	20	0.2
id-12179	7	2	18	0.2
id-12180	9	9	20	0.4
id-12181	9	7	12	0.3
id-12182	2	3	30	0.2
id-12183	2	4	14	0.4
id-12184	7	4	24	0.5
id-12185	5	8	11	0.3
id-12186	9	14	5	0.2
id-12187	5	3	3	0.2
id-12188	10	7	29	0.3
id-12189	2	2	17	0.3
id-12190	6	4	25	0.4
id-12191	4	7	29	0.3
id-12192	2	4	30	0.5
id-12193	1	2	20	0.4
id-12194	4	2	1	0.4
id-12195	7	10	26	0.3
id-12196	2	3	18	0.3
id-12197	4	2	27	0.3
id-12198	10	19	5	0.3
id-12199	2	3	21	0.3
id-12200	3	6	20	0.3
id-12201	5	5	4	0.4
id-12202	6	7	16	0.3
id-12203	4	7	16	0.5
id-12204	7	2	14	0.3
id-12205	9	11	29	0.2
id-12206	3	6	6	0.2
id-12207	5	2	26	0.3
id-12208	2	2	30	0.2
id-12209	4	5	6	0.3
id-12210	2	4	11	0.3
id-12211	1	2	25	0.2
id-12212	10	10	29	0.3
id-12213	9	17	29	0.3
id-12214	3	3	30	0.2
id-12215	8	2	22	0.4
id-12216	6	6	10	0.3
id-12217	1	2	26	0.3
id-12218	3	4	19	0.2
id-12219	5	5	8	0.5
id-12220	7	7	21	0.3
id-12221	8	9	13	0.5
id-12222	5	3	18	0.2
id-12223	1	2	25	0.4
id-12224	8	4	14	0.2
id-12225	3	3	24	0.4
id-12226	9	14	18	0.5
id-12227	4	8	8	0.4
id-12228	6	2	21	0.2
id-12229	4	6	22	0.4
id-12230	10	15	19	0.5
id-12231	8	8	13	0.5
id-12232	8	3	4	0.4
id-12233	2	2	17	0.3
id-12234	3	6	3	0.5
id-12235	9	17	12	0.5
id-12236	3	3	7	0.4
id-12237	5	6	9	0.4
id-12238	5	6	6	0.3
id-12239	4	7	6	0.2
id-12240	3	5	9	0.3
id-12241	5	3	7	0.3
id-12242	8	4	9	0.4
id-12243	4	2	11	0.3
id-12244	3	3	3	0.4
id-12245	2	2	7	0.3
id-12246	6	10	24	0.4
id-12247	1	2	3	0.3
id-12248	4	3	4	0.3
id-12249	4	6	2	0.2
id-12250	6	7	28	0.5
id-12251	2	4	25	0.2
id-12252	10	2	27	0.4
id-12253	9	12	3	0.3
id-12254	6	12	18	0.4
id-12255	2	3	29	0.5
id-12256	6	5	3	0.5
id-12257	1	2	23	0.5
id-12258	5	6	17	0.5
id-12259	2	2	11	0.2
id-12260	8	4	6	0.5
id-12261	4	8	29	0.4
id-12262	1	2	2	0.4
id-12263	6	11	20	0.4
id-12264	1	2	20	0.4
id-12265	3	5	25	0.3
id-12266	7	4	30	0.2
id-12267	1	2	22	0.2
id-12268	9	5	8	0.2
id-12269	6	12	27	0.3
id-12270	9	17	3	0.3
id-12271	3	5	22	0.5
id-12272	2	4	22	0.3
id-12273	2	2	23	0.3
id-12274	5	10	29	0.5
id-12275	8	8	17	0.4
id-12276	9	4	2	0.4
id-12277	7	9	22	0.2
id-12278	5	5	6	0.4
id-12279	2	2	4	0.3
id-12280	4	4	28	0.5
id-12281	10	10	13	0.2
id-12282	2	2	17	0.3
id-12283	8	11	11	0.4
id-12284	5	3	11	0.2
id-12285	7	14	25	0.4
id-12286	7	14	8	0.3
id-12287	5	8	27	0.4
id-12288	2	2	25	0.4
id-12289	6	5	24	0.5
id-12290	4	6	4	0.5
id-12291	9	13	21	0.3
id-12292	7	10	13	0.5
id-12293	6	10	28	0.4
id-12294	8	11	15	0.4
id-12295	3	5	18	0.4
id-12296	6	9	23	0.2
id-12297	1	2	30	0.3
id-12298	2	4	10	0.4
id-12299	8	3	12	0.2
id-12300	6	6	29	0.3
id-12301	5	3	27	0.2
id-12302	5	6	19	0.4
id-12303	3	5	22	0.4
id-12304	4	8	21	0.4
id-12305	3	2	10	0.4
id-12306	5	7	2	0.3
id-12307	9	5	14	0.3
id-12308	7	4	14	0.2
id-12309	1	2	6	0.3
id-12310	7	11	21	0.3
id-12311	8	6	8	0.3
id-12312	6	5	5	0.3
id-12313	1	2	27	0.3
id-12314	10	5	28	0.3
id-12315	5	10	13	0.3
id-12316	3	4	12	0.3
id-12317	6	8	13	0.4
id-12318	10	3	7	0.3
id-12319	1	2	29	0.4
id-12320	9	2	28	0.4
id-12321	8	14	17	0.4
id-12322	5	8	25	0.5
id-12323	10	18	6	0.4
id-12324	2	3	24	0.5
id-12325	5	9	12	0.3
id-12326	10	15	26	0.4
id-12327	1	2	5	0.4
id-12328	1	2	8	0.4
id-12329	6	2	22	0.5
id-12330	4	3	22	0.5
id-12331	5	9	8	0.4
id-12332	5	6	29	0.3
id-12333	8	10	15	0.3
id-12334	3	6	23	0.4
id-12335	6	6	30	0.4
id-12336	1	2	7	0.4
id-12337	5	6	17	0.4
id-12338	9	14	18	0.2
id-12339	5	4	6	0.5
id-12340	10	10	2	0.3
id-12341	9	9	2	0.4
id-12342	8	3	28	0.3
id-12343	8	7	6	0.4
id-12344	7	14	9	0.4
id-12345	6	12	20	0.5
id-12346	8	8	4	0.3
id-12347	2	3	7	0.4
id-12348	2	2	13	0.3
id-12349	5	6	9	0.4
id-12350	2	3	28	0.5
id-12351	10	11	30	0.2
id-12352	4	7	28	0.3
id-12353	3	3	13	0.4
id-12354	9	7	8	0.4
id-12355	8	4	8	0.4
id-12356	7	4	1	0.4
id-12357	8	11	11	0.3
id-12358	3	3	23	0.3
id-12359	8	2	18	0.4
id-12360	9	3	1	0.4
id-12361	9	12	13	0.5
id-12362	5	2	11	0.3
id-12363	1	2	5	0.2
id-12364	2	3	5	0.2
id-12365	4	6	2	0.3
id-12366	1	2	23	0.3
id-12367	10	7	8	0.4
id-12368	2	4	30	0.4
id-12369	1	2	7	0.3
id-12370	10	18	3	0.2
id-12371	10	13	12	0.2
id-12372	3	3	5	0.4
id-12373	9	2	1	0.3
id-12374	3	4	9	0.4
id-12375	7	9	12	0.3
id-12376	8	15	22	0.3
id-12377	3	3	5	0.2
id-12378	7	11	8	0.4
id-12379	4	2	23	0.4
id-12380	2	2	17	0.2
id-12381	2	4	9	0.2
id-12382	4	6	22	0.4
id-12383	7	4	9	0.3
id-12384	9	14	18	0.3
id-12385	3	3	21	0.5
id-12386	6	9	28	0.3
id-12387	5	10	2	0.4
id-12388	2	4	8	0.3
id-12389	1	2	21	0.4
id-12390	8	15	18	0.3
id-12391	7	11	4	0.4
id-12392	10	16	20	0.3
id-12393	8	2	5	0.4
id-12394	7	2	25	0.3
id-12395	8	8	8	0.4
id-12396	7	3	20	0.4
id-12397	9	2	27	0.3
id-12398	4	5	21	0.3
id-12399	1	2	23	0.2
id-12400	3	6	24	0.4
id-12401	8	4	23	0.3
id-12402	8	11	1	0.5
id-12403	3	3	7	0.3
id-12404	5	8	28	0.3
id-12405	5	3	27	0.3
id-12406	10	16	15	0.5
id-12407	7	13	20	0.2
id-12408	5	3	18	0.4
id-12409	10	20	12	0.3
id-12410	2	3	6	0.3
id-12411	10	18	18	0.5
id-12412	10	10	16	0.2
id-12413	5	10	4	0.5
id-12414	6	3	17	0.4
id-12415	6	4	16	0.2
id-12416	7	5	6	0.3
id-12417	1	2	20	0.5
id-12418	9	4	20	0.2
id-12419	9	5	11	0.2
id-12420	3	3	22	0.3
id-12421	8	11	24	0.3
id-12422	5	6	17	0.3
id-12423	5	6	8	0.4
id-12424	7	7	9	0.4
id-12425	6	5	1	0.4
id-12426	2	2	24	0.3
id-12427	7	11	30	0.4
id-12428	5	8	22	0.4
id-12429	6	5	4	0.5
id-12430	5	10	9	0.4
id-12431	8	3	22	0.2
id-12432	2	2	24	0.3
id-12433	3	2	26	0.5
id-12434	4	2	13	0.3
id-12435	5	8	25	0.2
id-12436	1	2	10	0.3
id-12437	10	2	17	0.4
id-12438	4	3	11	0.3
id-12439	2	4	23	0.2
id-12440	3	6	15	0.3
id-12441	7	4	9	0.5
id-12442	4	2	15	0.5
id-12443	5	2	1	0.3
id-12444	5	9	19	0.3
id-12445	5	6	28	0.3
id-12446	3	5	27	0.2
id-12447	8	11	14	0.5
id-12448	10	14	19	0.2
id-12449	4	8	29	0.4
id-12450	3	3	17	0.5
id-12451	7	11	1	0.3
id-12452	2	2	26	0.4
id-12453	10	4	5	0.4
id-12454	5	5	14	0.3
id-12455	7	5	4	0.4
id-12456	2	2	3	0.4
id-12457	10	12	7	0.4
id-12458	10	16	9	0.2
id-12459	10	16	2	0.2
id-12460	8	7	8	0.4
id-12461	10	13	21	0.3
id-12462	6	3	6	0.4
id-12463	10	15	3	0.3
id-12464	9	6	11	0.4
id-12465	9	9	23	0.2
id-12466	1	2	1	0.3
id-12467	6	9	23	0.2
id-12468	9	10	27	0.2
id-12469	6	12	26	0.4
id-12470	4	8	26	0.2
id-12471	2	3	16	0.5
id-12472	2	4	20	0.2
id-12473	1	2	6	0.5
id-12474	4	7	5	0.4
id-12475	1	2	24	0.3
id-12476	5	10	1	0.3
id-12477	6	2	8	0.5
id-12478	3	2	19	0.2
id-12479	6	11	29	0.3
id-12480	2	4	18	0.4
id-12481	6	9	10	0.4
id-12482	6	9	8	0.3
id-12483	4	5	30	0.4
id-12484	5	5	9	0.4
id-12485	10	20	28	0.2
id-12486	5	9	19	0.4
id-12487	2	4	2	0.4
id-12488	8	3	4	0.3
id-12489	2	2	10	0.4
id-12490	1	2	6	0.4
id-12491	1	2	24	0.4
id-12492	8	16	26	0.3
id-12493	3	3	10	0.3
id-12494	4	5	8	0.5
id-12495	2	2	20	0.4
id-12496	2	4	28	0.4
id-12497	8	3	12	0.3
id-12498	9	6	7	0.4
id-12499	2	4	15	0.2
id-12500	1	2	4	0.2
id-12501	9	2	17	0.3
id-12502	9	16	2	0.4
id-12503	5	7	27	0.4
id-12504	2	2	20	0.4
id-12505	4	7	20	0.4
id-12506	6	8	1	0.5
id-12507	4	6	28	0.5
id-12508	4	5	12	0.3
id-12509	8	16	7	0.3
id-12510	3	3	30	0.4
id-12511	7	11	11	0.4
id-12512	1	2	17	0.3
id-12513	7	2	13	0.4
id-12514	8	3	14	0.4
id-12515	3	3	25	0.5
id-12516	1	2	28	0.4
id-12517	2	3	4	0.4
id-12518	4	8	13	0.3
id-12519	1	2	28	0.5
id-12520	7	12	1	0.4
id-12521	4	4	27	0.3
id-12522	3	3	17	0.3
id-12523	10	6	1	0.4
id-12524	5	8	16	0.5
id-12525	4	2	15	0.2
id-12526	4	3	30	0.5
id-12527	5	5	18	0.2
id-12528	2	3	12	0.2
id-12529	6	3	10	0.4
id-12530	7	10	4	0.5
id-12531	7	10	8	0.4
id-12532	3	5	13	0.3
id-12533	9	17	27	0.3
id-12534	9	4	27	0.3
id-12535	10	15	9	0.4
id-12536	9	4	10	0.5
id-12537	1	2	10	0.3
id-12538	8	6	12	0.3
id-12539	10	16	28	0.4
id-12540	9	9	18	0.3
id-12541	8	3	15	0.4
id-12542	4	8	25	0.4
id-12543	9	6	7	0.3
id-12544	3	5	4	0.4
id-12545	10	5	25	0.3
id-12546	1	2	10	0.3
id-12547	9	17	30	0.4
id-12548	9	3	27	0.2
id-12549	2	3	24	0.3
id-12550	5	2	27	0.4
id-12551	9	3	11	0.5
id-12552	3	3	12	0.5
id-12553	3	3	16	0.3
id-12554	4	8	12	0.2
id-12555	9	8	21	0.3
id-12556	7	9	9	0.3
id-12557	1	2	28	0.4
id-12558	2	2	6	0.3
id-12559	5	4	3	0.4
id-12560	1	2	9	0.2
id-12561	7	5	11	0.2
id-12562	7	9	24	0.4
id-12563	5	7	13	0.3
id-12564	1	2	25	0.4
id-12565	6	3	12	0.3
id-12566	5	3	2	0.3
id-12567	1	2	12	0.4
id-12568	4	6	6	0.2
id-12569	1	2	3	0.4
id-12570	1	2	19	0.4
id-12571	5	10	25	0.4
id-12572	9	9	26	0.3
id-12573	6	12	10	0.3
id-12574	8	14	18	0.4
id-12575	4	4	29	0.2
id-12576	8	16	5	0.4
id-12577	4	3	25	0.4
id-12578	8	7	28	0.4
id-12579	10	8	17	0.3
id-12580	4	2	15	0.4
id-12581	8	11	28	0.4
id-12582	8	12	2	0.5
id-12583	8	11	2	0.4
id-12584	3	3	8	0.2
id-12585	7	3	2	0.5
id-12586	9	18	2	0.4
id-12587	5	6	18	0.2
id-12588	9	15	29	0.2
id-12589	8	15	28	0.3
id-12590	9	3	8	0.3
id-12591	7	9	9	0.4
id-12592	8	15	11	0.3
id-12593	2	2	21	0.4
id-12594	7	4	13	0.4
id-12595	7	2	6	0.4
id-12596	10	11	19	0.3
id-12597	8	9	25	0.3
id-12598	1	2	30	0.4
id-12599	1	2	16	0.3
id-12600	9	11	30	0.5
id-12601	10	16	12	0.3
id-12602	1	2	13	0.5
id-12603	6	11	30	0.3
id-12604	9	7	18	0.5
id-12605	4	3	18	0.3
id-12606	5	3	5	0.4
id-12607	8	7	12	0.3
id-12608	7	11	10	0.4
id-12609	2	2	24	0.3
id-12610	8	9	19	0.4
id-12611	10	10	28	0.3
id-12612	6	11	23	0.2
id-12613	1	2	15	0.5
id-12614	2	2	26	0.4
id-12615	6	2	29	0.4
id-12616	10	5	30	0.4
id-12617	1	2	1	0.5
id-12618	2	2	15	0.3
id-12619	1	2	11	0.5
id-12620	2	3	20	0.2
id-12621	6	2	1	0.3
id-12622	8	13	1	0.5
id-12623	3	6	19	0.4
id-12624	9	18	12	0.3
id-12625	3	5	13	0.2
id-12626	1	2	25	0.4
id-12627	7	2	24	0.2
id-12628	10	15	13	0.5
id-12629	10	6	14	0.2
id-12630	10	16	8	0.3
id-12631	8	11	16	0.3
id-12632	3	3	8	0.4
id-12633	5	10	12	0.2
id-12634	9	10	20	0.5
id-12635	4	6	6	0.4
id-12636	4	2	16	0.3
id-12637	2	4	29	0.4
id-12638	8	8	7	0.3
id-12639	4	3	1	0.4
id-12640	2	2	4	0.3
id-12641	3	6	2	0.3
id-12642	6	4	25	0.3
id-12643	1	2	13	0.3
id-12644	8	14	26	0.4
id-12645	6	10	2	0.4
id-12646	9	13	11	0.5
id-12647	9	17	13	0.4
id-12648	7	4	21	0.5
id-12649	5	10	23	0.5
id-12650	3	3	18	0.3
id-12651	5	3	19	0.5
id-12652	8	5	3	0.4
id-12653	2	3	14	0.3
id-12654	4	3	30	0.4
id-12655	4	6	29	0.4
id-12656	9	15	19	0.3
id-12657	9	3	29	0.3
id-12658	10	18	27	0.2
id-12659	6	4	21	0.3
id-12660	9	14	24	0.5
id-12661	7	12	27	0.2
id-12662	4	6	26	0.2
id-12663	2	2	9	0.5
id-12664	4	6	23	0.3
id-12665	7	14	13	0.2
id-12666	7	2	13	0.5
id-12667	2	4	13	0.4
id-12668	9	16	6	0.4
id-12669	6	7	2	0.2
id-12670	8	11	2	0.5
id-12671	8	9	29	0.5
id-12672	2	2	11	0.5
id-12673	4	2	22	0.3
id-12674	9	13	5	0.5
id-12675	10	15	24	0.2
id-12676	5	5	24	0.4
id-12677	4	6	21	0.5
id-12678	7	8	16	0.3
id-12679	2	4	26	0.4
id-12680	9	4	9	0.2
id-12681	7	5	9	0.2
id-12682	10	8	12	0.2
id-12683	8	14	16	0.2
id-12684	3	6	3	0.3
id-12685	3	4	6	0.3
id-12686	5	10	2	0.3
id-12687	1	2	13	0.4
id-12688	8	7	28	0.3
id-12689	2	4	4	0.5
id-12690	8	7	23	0.3
id-12691	1	2	10	0.4
id-12692	10	3	18	0.4
id-12693	7	7	30	0.3
id-12694	8	9	20	0.4
id-12695	2	2	9	0.3
id-12696	2	3	23	0.4
id-12697	7	3	10	0.3
id-12698	6	7	6	0.4
id-12699	7	9	5	0.3
id-12700	1	2	22	0.4
id-12701	7	10	11	0.4
id-12702	2	3	21	0.4
id-12703	2	4	1	0.2
id-12704	4	7	22	0.3
id-12705	8	14	6	0.4
id-12706	3	2	16	0.2
id-12707	8	9	8	0.2
id-12708	4	4	2	0.4
id-12709	6	10	25	0.4
id-12710	6	2	4	0.4
id-12711	3	4	14	0.3
id-12712	3	2	24	0.3
id-12713	9	4	1	0.3
id-12714	9	9	30	0.4
id-12715	2	2	1	0.5
id-12716	7	4	24	0.2
id-12717	4	3	20	0.3
id-12718	1	2	9	0.4
id-12719	1	2	15	0.2
id-12720	3	4	2	0.4
id-12721	8	4	15	0.4
id-12722	5	3	19	0.2
id-12723	5	3	3	0.4
id-12724	3	2	25	0.3
id-12725	5	6	27	0.2
id-12726	2	4	17	0.2
id-12727	3	2	2	0.5
id-12728	9	5	1	0.4
id-12729	7	2	16	0.4
id-12730	1	2	11	0.5
id-12731	2	3	4	0.2
id-12732	8	16	10	0.5
id-12733	3	2	14	0.5
id-12734	1	2	7	0.4
id-12735	4	3	24	0.5
id-12736	2	2	21	0.5
id-12737	10	5	23	0.5
id-12738	9	14	3	0.5
id-12739	4	5	4	0.5
id-12740	5	2	13	0.3
id-12741	3	6	29	0.2
id-12742	4	8	22	0.5
id-12743	10	20	7	0.4
id-12744	2	4	2	0.3
id-12745	9	15	7	0.3
id-12746	6	3	26	0.4
id-12747	4	4	15	0.3
id-12748	9	7	11	0.2
id-12749	9	6	13	0.3
id-12750	9	13	14	0.5
id-12751	1	2	15	0.3
id-12752	10	14	9	0.2
id-12753	8	16	6	0.4
id-12754	6	4	6	0.2
id-12755	2	4	20	0.4
id-12756	10	4	25	0.4
id-12757	2	3	17	0.5
id-12758	4	7	20	0.5
id-12759	6	11	24	0.4
id-12760	4	6	7	0.3
id-12761	6	3	12	0.2
id-12762	2	2	30	0.3
id-12763	10	5	27	0.3
id-12764	10	12	11	0.2
id-12765	1	2	5	0.3
id-12766	5	3	25	0.2
id-12767	4	5	15	0.2
id-12768	1	2	4	0.3
id-12769	9	4	20	0.3
id-12770	2	3	1	0.5
id-12771	6	5	8	0.2
id-12772	3	2	9	0.3
id-12773	5	8	29	0.4
id-12774	1	2	24	0.3
id-12775	4	5	30	0.3
id-12776	3	6	13	0.4
id-12777	2	2	19	0.4
id-12778	5	5	29	0.5
id-12779	8	8	11	0.2
id-12780	5	9	14	0.2
id-12781	6	7	11	0.3
id-12782	10	20	9	0.5
id-12783	8	15	3	0.4
id-12784	9	5	3	0.2
id-12785	4	3	1	0.4
id-12786	1	2	29	0.5
id-12787	8	8	18	0.3
id-12788	3	4	28	0.5
id-12789	1	2	2	0.3
id-12790	1	2	7	0.5
id-12791	6	12	20	0.3
id-12792	6	5	11	0.4
id-12793	7	14	28	0.3
id-12794	5	4	25	0.2
id-12795	3	2	13	0.2
id-12796	10	14	3	0.4
id-12797	6	3	28	0.3
id-12798	7	6	15	0.4
id-12799	5	8	16	0.4
id-12800	5	7	16	0.5
id-12801	10	16	9	0.3
id-12802	10	18	9	0.5
id-12803	8	11	14	0.3
id-12804	4	2	2	0.2
id-12805	8	16	5	0.3
id-12806	4	3	1	0.2
id-12807	9	3	22	0.3
id-12808	8	9	8	0.5
id-12809	10	3	5	0.5
id-12810	2	4	15	0.2
id-12811	1	2	4	0.5
id-12812	2	2	29	0.4
id-12813	5	10	8	0.4
id-12814	8	5	11	0.5
id-12815	6	11	6	0.3
id-12816	1	2	15	0.3
id-12817	6	4	19	0.3
id-12818	5	5	9	0.5
id-12819	8	15	19	0.3
id-12820	7	11	27	0.3
id-12821	8	8	4	0.3
id-12822	3	3	12	0.3
id-12823	7	2	6	0.2
id-12824	6	5	4	0.3
id-12825	10	20	25	0.2
id-12826	4	5	15	0.4
id-12827	5	6	4	0.5
id-12828	3	2	14	0.2
id-12829	8	13	20	0.4
id-12830	5	3	25	0.5
id-12831	4	7	17	0.3
id-12832	7	12	11	0.2
id-12833	6	12	29	0.4
id-12834	10	2	9	0.4
id-12835	7	8	1	0.4
id-12836	2	4	6	0.4
id-12837	4	8	16	0.2
id-12838	10	19	4	0.5
id-12839	5	5	29	0.4
id-12840	6	4	27	0.4
id-12841	9	11	22	0.3
id-12842	9	10	19	0.4
id-12843	7	3	2	0.5
id-12844	1	2	9	0.2
id-12845	6	8	25	0.3
id-12846	7	4	9	0.2
id-12847	6	8	27	0.3
id-12848	9	6	7	0.3
id-12849	10	2	18	0.5
id-12850	10	12	2	0.3
id-12851	10	16	29	0.2
id-12852	10	15	1	0.3
id-12853	6	2	14	0.3
id-12854	3	5	23	0.3
id-12855	6	12	8	0.2
id-12856	10	19	9	0.4
id-12857	10	5	24	0.5
id-12858	7	7	25	0.2
id-12859	7	6	23	0.3
id-12860	10	16	27	0.3
id-12861	4	6	10	0.4
id-12862	2	2	29	0.2
id-12863	5	10	15	0.4
id-12864	9	10	17	0.4
id-12865	9	3	9	0.4
id-12866	6	6	16	0.5
id-12867	6	3	24	0.3
id-12868	5	8	23	0.2
id-12869	6	5	28	0.2
id-12870	1	2	24	0.4
id-12871	2	2	29	0.3
id-12872	3	2	12	0.4
id-12873	9	10	17	0.4
id-12874	10	13	27	0.4
id-12875	10	14	10	0.2
id-12876	8	16	4	0.3
id-12877	10	20	1	0.3
id-12878	7	2	18	0.3
id-12879	6	11	15	0.5
id-12880	5	9	9	0.4
id-12881	9	10	6	0.4
id-12882	1	2	24	0.4
id-12883	7	7	14	0.3
id-12884	6	10	28	0.3
id-12885	6	10	17	0.4
id-12886	9	13	19	0.2
id-12887	5	5	20	0.5
id-12888	7	8	4	0.5
id-12889	6	4	29	0.3
id-12890	4	6	3	0.4
id-12891	4	7	15	0.4
id-12892	1	2	10	0.2
id-12893	3	2	8	0.4
id-12894	3	6	12	0.3
id-12895	8	3	3	0.2
id-12896	7	4	9	0.3
id-12897	3	5	26	0.3
id-12898	8	12	11	0.3
id-12899	3	3	26	0.2
id-12900	10	11	1	0.3
id-12901	3	3	30	0.4
id-12902	4	3	27	0.2
id-12903	4	7	17	0.4
id-12904	4	6	25	0.3
id-12905	4	3	18	0.4
id-12906	4	5	9	0.4
id-12907	2	4	19	0.4
id-12908	3	6	18	0.4
id-12909	3	5	29	0.3
id-12910	9	9	9	0.5
id-12911	4	2	25	0.4
id-12912	9	3	19	0.3
id-12913	7	12	30	0.4
id-12914	10	11	25	0.5
id-12915	3	6	8	0.3
id-12916	8	4	30	0.3
id-12917	3	2	27	0.4
id-12918	3	2	28	0.2
id-12919	10	15	18	0.3
id-12920	4	7	14	0.3
id-12921	8	12	23	0.4
id-12922	1	2	9	0.3
id-12923	7	3	1	0.2
id-12924	10	19	17	0.4
id-12925	6	12	30	0.5
id-12926	6	10	13	0.5
id-12927	4	8	1	0.4
id-12928	1	2	13	0.3
id-12929	8	14	25	0.4
id-12930	5	2	25	0.3
id-12931	9	8	4	0.4
id-12932	9	4	30	0.3
id-12933	7	5	6	0.4
id-12934	7	11	23	0.4
id-12935	5	8	19	0.5
id-12936	9	11	1	0.3
id-12937	4	2	2	0.2
id-12938	1	2	17	0.3
id-12939	10	20	27	0.3
id-12940	10	15	22	0.2
id-12941	3	5	10	0.4
id-12942	5	5	11	0.4
id-12943	3	5	11	0.2
id-12944	3	6	7	0.3
id-12945	3	4	22	0.2
id-12946	4	7	9	0.4
id-12947	10	7	5	0.3
id-12948	6	4	8	0.2
id-12949	8	12	26	0.4
id-12950	5	8	9	0.3
id-12951	9	9	5	0.4
id-12952	8	16	19	0.4
id-12953	7	8	19	0.3
id-12954	9	9	23	0.3
id-12955	1	2	26	0.5
id-12956	4	5	6	0.2
id-12957	3	6	18	0.3
id-12958	7	3	30	0.5
id-12959	3	2	5	0.2
id-12960	2	2	4	0.5
id-12961	8	13	20	0.3
id-12962	1	2	8	0.3
id-12963	5	3	29	0.4
id-12964	5	7	4	0.4
id-12965	2	3	17	0.5
id-12966	10	16	10	0.3
id-12967	3	6	8	0.2
id-12968	3	3	15	0.3
id-12969	8	13	6	0.4
id-12970	2	2	27	0.2
id-12971	1	2	21	0.4
id-12972	9	5	23	0.3
id-12973	1	2	2	0.5
id-12974	7	13	10	0.2
id-12975	4	8	11	0.2
id-12976	9	12	12	0.3
id-12977	4	6	3	0.5
id-12978	7	4	20	0.3
id-12979	2	2	15	0.3
id-12980	3	2	18	0.5
id-12981	2	2	26	0.2
id-12982	8	9	26	0.5
id-12983	1	2	27	0.5
id-12984	4	2	20	0.5
id-12985	10	2	19	0.4
id-12986	4	6	26	0.3
id-12987	9	5	2	0.5
id-12988	9	8	16	0.3
id-12989	6	7	10	0.5
id-12990	1	2	25	0.3
id-12991	1	2	6	0.2
id-12992	9	13	9	0.2
id-12993	9	11	17	0.2
id-12994	6	7	23	0.2
id-12995	10	9	7	0.4
id-12996	1	2	25	0.5
id-12997	6	11	22	0.4
id-12998	6	8	24	0.3
id-12999	4	5	28	0.3
id-13000	9	5	5	0.3
id-13001	5	4	16	0.4
id-13002	1	2	4	0.2
id-13003	6	9	15	0.4
id-13004	4	6	9	0.2
id-13005	9	8	27	0.2
id-13006	3	4	3	0.2
id-13007	6	2	13	0.4
id-13008	9	2	26	0.4
id-13009	1	2	9	0.4
id-13010	6	9	26	0.5
id-13011	6	11	10	0.5
id-13012	2	3	19	0.5
id-13013	8	9	20	0.4
id-13014	1	2	1	0.4
id-13015	10	2	11	0.5
id-13016	6	10	12	0.4
id-13017	4	2	15	0.2
id-13018	10	8	28	0.4
id-13019	8	16	27	0.4
id-13020	7	5	25	0.5
id-13021	5	3	15	0.3
id-13022	8	14	28	0.3
id-13023	9	5	5	0.3
id-13024	6	6	19	0.5
id-13025	9	3	24	0.3
id-13026	10	19	15	0.5
id-13027	5	3	27	0.3
id-13028	6	9	27	0.2
id-13029	4	5	5	0.3
id-13030	6	9	27	0.3
id-13031	10	18	20	0.5
id-13032	7	12	3	0.3
id-13033	8	4	4	0.3
id-13034	2	4	20	0.4
id-13035	3	3	14	0.4
id-13036	4	7	13	0.4
id-13037	4	8	2	0.4
id-13038	6	11	27	0.4
id-13039	2	2	22	0.3
id-13040	10	11	2	0.2
id-13041	10	2	20	0.4
id-13042	8	13	9	0.2
id-13043	10	18	1	0.3
id-13044	7	11	2	0.4
id-13045	10	2	28	0.5
id-13046	2	4	9	0.3
id-13047	6	8	27	0.3
id-13048	3	5	8	0.4
id-13049	9	3	10	0.3
id-13050	7	12	2	0.3
id-13051	6	3	24	0.3
id-13052	9	5	4	0.4
id-13053	7	5	5	0.3
id-13054	8	11	23	0.4
id-13055	3	2	19	0.3
id-13056	4	2	18	0.5
id-13057	5	7	24	0.2
id-13058	3	4	20	0.2
id-13059	5	10	14	0.3
id-13060	7	6	17	0.3
id-13061	9	16	18	0.4
id-13062	6	7	15	0.5
id-13063	9	4	16	0.2
id-13064	6	10	26	0.2
id-13065	9	3	5	0.4
id-13066	2	3	2	0.4
id-13067	2	3	28	0.3
id-13068	1	2	7	0.4
id-13069	4	3	20	0.5
id-13070	6	4	27	0.4
id-13071	3	4	10	0.5
id-13072	5	6	12	0.4
id-13073	1	2	23	0.5
id-13074	10	17	4	0.2
id-13075	4	7	3	0.3
id-13076	7	11	4	0.4
id-13077	7	11	2	0.3
id-13078	6	3	11	0.5
id-13079	10	2	18	0.4
id-13080	4	5	5	0.4
id-13081	3	5	2	0.3
id-13082	10	17	19	0.3
id-13083	8	9	30	0.3
id-13084	5	5	7	0.5
id-13085	2	3	3	0.4
id-13086	5	7	2	0.3
id-13087	9	15	16	0.3
id-13088	1	2	9	0.4
id-13089	9	2	30	0.3
id-13090	3	6	7	0.4
id-13091	6	2	25	0.4
id-13092	3	2	16	0.5
id-13093	2	2	29	0.3
id-13094	9	5	19	0.4
id-13095	5	5	29	0.4
id-13096	4	4	16	0.5
id-13097	4	2	17	0.2
id-13098	1	2	13	0.4
id-13099	5	7	28	0.4
id-13100	3	6	16	0.5
id-13101	7	12	6	0.4
id-13102	1	2	17	0.3
id-13103	4	3	16	0.2
id-13104	1	2	13	0.3
id-13105	1	2	20	0.3
id-13106	4	5	27	0.3
id-13107	7	5	13	0.5
id-13108	7	7	12	0.4
id-13109	3	2	9	0.5
id-13110	5	7	19	0.3
id-13111	3	6	4	0.3
id-13112	7	11	1	0.3
id-13113	8	6	10	0.4
id-13114	5	10	15	0.3
id-13115	2	2	21	0.3
id-13116	4	6	14	0.3
id-13117	8	5	10	0.2
id-13118	10	10	8	0.3
id-13119	5	3	26	0.3
id-13120	2	4	27	0.3
id-13121	3	3	18	0.5
id-13122	6	10	27	0.5
id-13123	7	5	10	0.2
id-13124	7	9	23	0.2
id-13125	8	10	2	0.2
id-13126	3	2	4	0.4
id-13127	3	6	28	0.3
id-13128	7	8	29	0.5
id-13129	2	2	8	0.5
id-13130	4	2	22	0.2
id-13131	6	8	11	0.4
id-13132	8	14	12	0.2
id-13133	1	2	2	0.3
id-13134	4	2	15	0.3
id-13135	9	5	25	0.2
id-13136	1	2	14	0.3
id-13137	1	2	7	0.4
id-13138	2	4	27	0.3
id-13139	9	16	6	0.3
id-13140	6	7	16	0.4
id-13141	9	5	11	0.4
id-13142	8	3	19	0.3
id-13143	6	7	21	0.4
id-13144	8	8	3	0.3
id-13145	1	2	3	0.4
id-13146	5	6	9	0.3
id-13147	6	3	8	0.5
id-13148	5	6	6	0.4
id-13149	5	9	10	0.5
id-13150	8	3	22	0.2
id-13151	6	6	30	0.4
id-13152	9	2	23	0.4
id-13153	10	17	13	0.4
id-13154	6	11	17	0.2
id-13155	1	2	9	0.3
id-13156	9	14	15	0.2
id-13157	9	5	19	0.3
id-13158	4	3	28	0.4
id-13159	5	5	2	0.4
id-13160	1	2	28	0.3
id-13161	9	18	21	0.2
id-13162	4	3	25	0.3
id-13163	9	12	9	0.3
id-13164	8	8	11	0.5
id-13165	9	6	17	0.3
id-13166	6	12	26	0.4
id-13167	1	2	16	0.3
id-13168	2	2	26	0.2
id-13169	5	2	18	0.5
id-13170	9	9	21	0.4
id-13171	4	2	16	0.2
id-13172	6	2	28	0.2
id-13173	10	4	4	0.4
id-13174	7	9	14	0.4
id-13175	10	6	20	0.3
id-13176	6	6	19	0.2
id-13177	5	7	2	0.5
id-13178	3	6	21	0.4
id-13179	2	4	13	0.4
id-13180	7	2	11	0.4
id-13181	4	7	6	0.3
id-13182	10	8	27	0.2
id-13183	4	2	1	0.3
id-13184	2	3	24	0.2
id-13185	3	2	8	0.4
id-13186	1	2	20	0.2
id-13187	8	6	15	0.4
id-13188	6	4	21	0.3
id-13189	3	5	1	0.5
id-13190	9	15	6	0.2
id-13191	4	4	5	0.5
id-13192	9	13	8	0.4
id-13193	6	3	12	0.5
id-13194	10	12	15	0.4
id-13195	1	2	10	0.4
id-13196	6	7	12	0.3
id-13197	7	2	29	0.3
id-13198	8	8	17	0.4
id-13199	2	3	14	0.4
id-13200	4	6	13	0.3
id-13201	7	7	15	0.5
id-13202	10	5	5	0.3
id-13203	7	8	12	0.2
id-13204	8	13	29	0.2
id-13205	9	14	11	0.4
id-13206	4	6	20	0.3
id-13207	2	4	27	0.3
id-13208	3	6	23	0.3
id-13209	1	2	26	0.4
id-13210	1	2	17	0.3
id-13211	5	6	7	0.4
id-13212	7	7	26	0.3
id-13213	8	6	17	0.3
id-13214	8	9	22	0.5
id-13215	9	5	12	0.4
id-13216	9	4	30	0.3
id-13217	5	2	23	0.4
id-13218	9	8	18	0.3
id-13219	2	2	1	0.4
id-13220	5	7	12	0.2
id-13221	8	4	20	0.5
id-13222	9	16	30	0.5
id-13223	1	2	16	0.5
id-13224	6	11	9	0.4
id-13225	2	4	28	0.4
id-13226	2	2	21	0.2
id-13227	6	11	29	0.4
id-13228	7	11	21	0.4
id-13229	2	2	10	0.3
id-13230	7	5	8	0.4
id-13231	4	4	21	0.4
id-13232	6	2	12	0.4
id-13233	5	9	19	0.3
id-13234	6	7	16	0.2
id-13235	7	11	24	0.2
id-13236	6	8	1	0.2
id-13237	5	3	9	0.4
id-13238	10	14	18	0.4
id-13239	10	7	2	0.3
id-13240	8	7	1	0.3
id-13241	6	8	16	0.5
id-13242	5	6	26	0.4
id-13243	2	2	21	0.4
id-13244	3	2	16	0.5
id-13245	10	3	1	0.2
id-13246	3	6	28	0.2
id-13247	10	11	15	0.4
id-13248	2	4	10	0.2
id-13249	1	2	28	0.2
id-13250	5	3	20	0.5
id-13251	2	3	10	0.4
id-13252	6	9	3	0.2
id-13253	7	7	25	0.4
id-13254	1	2	28	0.4
id-13255	8	7	6	0.5
id-13256	6	7	17	0.4
id-13257	10	15	11	0.4
id-13258	3	4	26	0.3
id-13259	4	5	22	0.5
id-13260	8	16	1	0.2
id-13261	2	2	15	0.3
id-13262	10	9	10	0.3
id-13263	7	5	7	0.5
id-13264	7	4	6	0.4
id-13265	8	6	19	0.3
id-13266	1	2	19	0.3
id-13267	10	11	23	0.4
id-13268	4	5	21	0.3
id-13269	7	10	30	0.2
id-13270	9	14	10	0.5
id-13271	6	8	6	0.4
id-13272	2	4	4	0.2
id-13273	1	2	21	0.2
id-13274	2	3	11	0.4
id-13275	5	3	11	0.3
id-13276	1	2	27	0.2
id-13277	8	15	24	0.5
id-13278	10	14	18	0.5
id-13279	4	8	13	0.4
id-13280	6	2	15	0.2
id-13281	8	7	26	0.4
id-13282	10	3	17	0.3
id-13283	5	10	11	0.4
id-13284	7	6	28	0.3
id-13285	9	11	8	0.4
id-13286	9	5	21	0.3
id-13287	5	9	23	0.4
id-13288	10	10	30	0.5
id-13289	5	4	10	0.3
id-13290	1	2	29	0.4
id-13291	1	2	27	0.4
id-13292	8	11	30	0.4
id-13293	6	7	12	0.4
id-13294	4	4	9	0.3
id-13295	1	2	22	0.4
id-13296	9	6	8	0.3
id-13297	1	2	24	0.5
id-13298	10	7	8	0.3
id-13299	10	11	17	0.3
id-13300	6	3	23	0.3
id-13301	7	6	27	0.3
id-13302	10	16	15	0.3
id-13303	4	7	8	0.3
id-13304	10	8	11	0.2
id-13305	10	9	19	0.4
id-13306	1	2	20	0.4
id-13307	8	12	7	0.5
id-13308	7	14	9	0.5
id-13309	1	2	21	0.4
id-13310	10	12	22	0.5
id-13311	1	2	10	0.4
id-13312	8	14	2	0.3
id-13313	9	18	15	0.3
id-13314	7	13	16	0.2
id-13315	9	7	30	0.3
id-13316	8	4	6	0.5
id-13317	2	2	26	0.5
id-13318	10	14	18	0.3
id-13319	6	11	28	0.5
id-13320	1	2	20	0.4
id-13321	10	14	19	0.4
id-13322	4	7	10	0.2
id-13323	10	12	15	0.4
id-13324	5	4	21	0.2
id-13325	1	2	15	0.3
id-13326	6	7	28	0.2
id-13327	9	5	17	0.3
id-13328	7	8	15	0.2
id-13329	5	6	3	0.3
id-13330	9	2	26	0.3
id-13331	4	4	30	0.3
id-13332	4	6	18	0.4
id-13333	8	9	21	0.4
id-13334	5	4	16	0.3
id-13335	1	2	2	0.3
id-13336	1	2	22	0.4
id-13337	8	11	20	0.3
id-13338	1	2	4	0.2
id-13339	2	3	19	0.5
id-13340	6	10	29	0.2
id-13341	6	8	4	0.4
id-13342	4	6	22	0.2
id-13343	9	9	12	0.5
id-13344	5	6	21	0.3
id-13345	2	3	2	0.5
id-13346	1	2	4	0.3
id-13347	9	4	10	0.3
id-13348	3	4	4	0.4
id-13349	1	2	10	0.2
id-13350	9	11	25	0.3
id-13351	5	6	17	0.5
id-13352	8	6	14	0.5
id-13353	9	2	18	0.2
id-13354	7	10	23	0.4
id-13355	2	3	16	0.5
id-13356	4	7	2	0.3
id-13357	3	2	14	0.3
id-13358	10	15	7	0.2
id-13359	6	5	19	0.4
id-13360	7	2	26	0.3
id-13361	10	3	13	0.2
id-13362	6	4	23	0.4
id-13363	7	12	24	0.4
id-13364	10	6	5	0.4
id-13365	9	11	28	0.4
id-13366	6	6	22	0.3
id-13367	10	6	30	0.5
id-13368	1	2	25	0.4
id-13369	3	4	9	0.3
id-13370	8	15	2	0.3
id-13371	9	9	3	0.2
id-13372	1	2	12	0.3
id-13373	4	6	7	0.3
id-13374	4	7	6	0.3
id-13375	2	3	30	0.3
id-13376	10	20	1	0.5
id-13377	8	6	12	0.4
id-13378	10	11	17	0.3
id-13379	6	10	25	0.3
id-13380	9	15	22	0.4
id-13381	2	3	27	0.4
id-13382	4	2	16	0.3
id-13383	9	10	21	0.4
id-13384	5	9	26	0.2
id-13385	5	4	19	0.3
id-13386	1	2	19	0.3
id-13387	6	9	17	0.3
id-13388	5	3	20	0.5
id-13389	3	5	17	0.4
id-13390	2	4	24	0.2
id-13391	1	2	20	0.4
id-13392	1	2	7	0.4
id-13393	10	5	21	0.5
id-13394	6	4	2	0.5
id-13395	10	4	24	0.4
id-13396	7	4	15	0.3
id-13397	2	3	16	0.3
id-13398	4	6	4	0.4
id-13399	4	6	27	0.3
id-13400	4	8	14	0.5
id-13401	8	13	10	0.5
id-13402	1	2	21	0.3
id-13403	9	10	12	0.3
id-13404	9	7	26	0.3
id-13405	3	6	26	0.3
id-13406	9	8	11	0.3
id-13407	4	5	4	0.5
id-13408	10	8	29	0.3
id-13409	3	2	14	0.3
id-13410	4	5	5	0.3
id-13411	7	5	14	0.4
id-13412	6	7	14	0.4
id-13413	9	5	3	0.4
id-13414	9	14	16	0.3
id-13415	9	7	23	0.3
id-13416	2	4	10	0.4
id-13417	8	14	6	0.4
id-13418	5	8	21	0.3
id-13419	7	14	13	0.3
id-13420	8	2	27	0.4
id-13421	1	2	29	0.3
id-13422	3	4	13	0.3
id-13423	9	16	10	0.3
id-13424	8	6	26	0.4
id-13425	1	2	26	0.5
id-13426	5	3	9	0.2
id-13427	6	7	26	0.2
id-13428	2	3	1	0.5
id-13429	4	3	2	0.2
id-13430	6	2	18	0.2
id-13431	7	12	18	0.3
id-13432	8	7	2	0.3
id-13433	3	3	29	0.3
id-13434	1	2	23	0.3
id-13435	8	15	28	0.5
id-13436	9	7	29	0.2
id-13437	7	14	22	0.4
id-13438	6	10	29	0.4
id-13439	8	2	12	0.4
id-13440	3	4	7	0.3
id-13441	1	2	23	0.3
id-13442	9	13	25	0.2
id-13443	8	10	21	0.3
id-13444	10	13	29	0.3
id-13445	4	6	13	0.3
id-13446	4	3	29	0.4
id-13447	1	2	21	0.2
id-13448	6	9	1	0.2
id-13449	2	2	26	0.5
id-13450	9	13	21	0.3
id-13451	6	6	1	0.3
id-13452	5	8	3	0.4
id-13453	4	6	27	0.3
id-13454	3	3	2	0.2
id-13455	2	2	1	0.5
id-13456	8	12	21	0.2
id-13457	3	3	27	0.2
id-13458	7	6	21	0.4
id-13459	5	6	30	0.4
id-13460	1	2	9	0.3
id-13461	2	2	3	0.3
id-13462	8	15	10	0.3
id-13463	3	5	8	0.2
id-13464	9	16	20	0.4
id-13465	5	7	8	0.4
id-13466	4	6	1	0.5
id-13467	1	2	5	0.3
id-13468	9	9	25	0.2
id-13469	4	6	24	0.4
id-13470	4	8	28	0.4
id-13471	4	6	14	0.3
id-13472	9	10	11	0.4
id-13473	8	11	30	0.4
id-13474	3	2	7	0.2
id-13475	9	13	8	0.4
id-13476	1	2	1	0.2
id-13477	8	4	21	0.3
id-13478	9	14	25	0.3
id-13479	1	2	1	0.4
id-13480	5	9	18	0.3
id-13481	4	8	25	0.4
id-13482	5	6	12	0.2
id-13483	4	8	13	0.2
id-13484	5	6	16	0.4
id-13485	2	2	27	0.3
id-13486	5	6	25	0.5
id-13487	8	4	20	0.2
id-13488	3	6	15	0.3
id-13489	10	16	27	0.2
id-13490	10	19	26	0.2
id-13491	9	9	10	0.4
id-13492	5	7	28	0.3
id-13493	9	3	6	0.5
id-13494	8	14	25	0.4
id-13495	1	2	23	0.2
id-13496	5	4	5	0.3
id-13497	9	11	25	0.2
id-13498	6	12	25	0.4
id-13499	9	5	26	0.4
id-13500	6	12	8	0.3
id-13501	9	18	17	0.4
id-13502	6	8	23	0.4
id-13503	7	3	4	0.5
id-13504	9	8	15	0.2
id-13505	1	2	26	0.5
id-13506	3	5	15	0.4
id-13507	9	3	10	0.2
id-13508	6	4	30	0.2
id-13509	7	6	26	0.3
id-13510	9	11	13	0.5
id-13511	7	12	20	0.3
id-13512	10	3	25	0.2
id-13513	10	2	20	0.3
id-13514	8	9	23	0.3
id-13515	3	5	2	0.3
id-13516	1	2	30	0.5
id-13517	5	2	10	0.3
id-13518	8	10	6	0.3
id-13519	4	6	20	0.3
id-13520	1	2	20	0.4
id-13521	7	6	16	0.5
id-13522	7	9	4	0.5
id-13523	4	3	28	0.4
id-13524	7	11	2	0.4
id-13525	2	4	4	0.3
id-13526	7	6	23	0.4
id-13527	2	3	28	0.3
id-13528	9	7	23	0.2
id-13529	10	9	12	0.5
id-13530	5	6	28	0.4
id-13531	5	2	28	0.4
id-13532	2	3	4	0.4
id-13533	9	7	12	0.2
id-13534	1	2	15	0.3
id-13535	7	10	13	0.4
id-13536	7	11	23	0.4
id-13537	6	9	9	0.4
id-13538	7	14	11	0.3
id-13539	7	12	15	0.5
id-13540	10	10	7	0.2
id-13541	2	2	3	0.3
id-13542	8	14	7	0.4
id-13543	5	8	21	0.3
id-13544	6	5	24	0.5
id-13545	6	10	15	0.4
id-13546	4	4	10	0.5
id-13547	10	11	30	0.4
id-13548	1	2	2	0.4
id-13549	7	14	26	0.4
id-13550	3	4	1	0.4
id-13551	6	6	13	0.3
id-13552	2	3	14	0.5
id-13553	9	13	28	0.3
id-13554	2	3	26	0.5
id-13555	5	3	8	0.2
id-13556	7	12	22	0.2
id-13557	8	13	9	0.5
id-13558	8	5	15	0.5
id-13559	5	5	12	0.2
id-13560	2	3	13	0.3
id-13561	8	8	29	0.2
id-13562	10	2	4	0.4
id-13563	10	9	14	0.5
id-13564	9	5	5	0.3
id-13565	9	17	20	0.5
id-13566	9	16	20	0.3
id-13567	9	13	19	0.4
id-13568	9	5	22	0.5
id-13569	2	4	23	0.3
id-13570	9	15	8	0.3
id-13571	7	7	27	0.3
id-13572	4	8	30	0.3
id-13573	3	6	8	0.3
id-13574	8	11	19	0.3
id-13575	1	2	21	0.2
id-13576	4	2	3	0.4
id-13577	4	5	25	0.4
id-13578	8	15	27	0.3
id-13579	9	8	25	0.4
id-13580	2	3	8	0.5
id-13581	7	6	14	0.4
id-13582	9	12	13	0.3
id-13583	9	13	18	0.3
id-13584	2	4	1	0.4
id-13585	6	9	4	0.5
id-13586	2	3	15	0.2
id-13587	8	4	27	0.4
id-13588	9	6	22	0.4
id-13589	9	18	10	0.4
id-13590	2	4	19	0.2
id-13591	5	6	7	0.3
id-13592	7	8	28	0.4
id-13593	8	3	6	0.4
id-13594	10	8	10	0.3
id-13595	5	3	22	0.4
id-13596	2	4	2	0.3
id-13597	1	2	7	0.4
id-13598	9	17	21	0.4
id-13599	2	4	24	0.5
id-13600	1	2	15	0.4
id-13601	2	2	9	0.3
id-13602	1	2	30	0.3
id-13603	7	12	11	0.3
id-13604	8	10	8	0.3
id-13605	4	3	24	0.4
id-13606	1	2	16	0.4
id-13607	5	10	10	0.3
id-13608	6	10	23	0.3
id-13609	3	6	8	0.3
id-13610	5	7	23	0.2
id-13611	4	2	10	0.4
id-13612	2	3	18	0.5
id-13613	5	7	17	0.3
id-13614	8	10	6	0.3
id-13615	5	4	24	0.3
id-13616	1	2	29	0.3
id-13617	10	7	29	0.3
id-13618	2	4	27	0.2
id-13619	8	11	7	0.3
id-13620	1	2	4	0.5
id-13621	1	2	13	0.2
id-13622	4	4	23	0.3
id-13623	6	11	24	0.3
id-13624	7	10	19	0.4
id-13625	6	6	18	0.3
id-13626	1	2	26	0.3
id-13627	5	6	13	0.3
id-13628	9	6	28	0.4
id-13629	4	7	24	0.3
id-13630	2	3	19	0.4
id-13631	8	12	23	0.3
id-13632	4	5	2	0.2
id-13633	4	7	25	0.3
id-13634	1	2	23	0.2
id-13635	3	4	16	0.5
id-13636	1	2	25	0.3
id-13637	8	10	14	0.3
id-13638	8	9	28	0.5
id-13639	10	2	7	0.2
id-13640	10	10	19	0.4
id-13641	8	11	16	0.3
id-13642	7	10	8	0.4
id-13643	10	7	15	0.5
id-13644	7	10	27	0.3
id-13645	3	3	24	0.3
id-13646	1	2	2	0.4
id-13647	6	4	14	0.4
id-13648	3	3	18	0.3
id-13649	7	2	14	0.3
id-13650	2	2	17	0.4
id-13651	4	4	7	0.3
id-13652	4	8	7	0.3
id-13653	9	5	18	0.5
id-13654	3	2	15	0.4
id-13655	3	6	4	0.2
id-13656	3	6	6	0.5
id-13657	4	2	6	0.5
id-13658	6	4	10	0.4
id-13659	3	4	3	0.4
id-13660	7	12	1	0.4
id-13661	10	13	2	0.4
id-13662	4	8	27	0.4
id-13663	10	7	8	0.4
id-13664	9	4	3	0.3
id-13665	1	2	27	0.5
id-13666	2	3	1	0.2
id-13667	5	2	30	0.4
id-13668	2	4	20	0.4
id-13669	7	5	8	0.3
id-13670	2	4	4	0.3
id-13671	9	5	5	0.3
id-13672	4	3	28	0.3
id-13673	10	11	27	0.3
id-13674	1	2	6	0.4
id-13675	6	6	13	0.3
id-13676	10	13	20	0.5
id-13677	9	18	19	0.5
id-13678	7	3	1	0.2
id-13679	3	6	28	0.3
id-13680	1	2	27	0.3
id-13681	4	5	16	0.2
id-13682	1	2	28	0.3
id-13683	4	7	23	0.3
id-13684	5	8	2	0.4
id-13685	10	13	18	0.3
id-13686	9	2	6	0.3
id-13687	6	12	6	0.2
id-13688	8	9	18	0.4
id-13689	10	9	24	0.3
id-13690	6	7	2	0.3
id-13691	6	6	10	0.5
id-13692	7	2	24	0.3
id-13693	4	8	15	0.3
id-13694	9	13	5	0.5
id-13695	6	6	1	0.5
id-13696	5	2	9	0.4
id-13697	4	3	23	0.3
id-13698	2	2	19	0.3
id-13699	5	7	6	0.3
id-13700	6	6	18	0.5
id-13701	1	2	9	0.4
id-13702	3	5	6	0.3
id-13703	8	10	21	0.5
id-13704	4	5	25	0.4
id-13705	3	5	11	0.4
id-13706	3	2	24	0.4
id-13707	4	6	3	0.4
id-13708	4	6	1	0.3
id-13709	8	7	2	0.3
id-13710	3	5	6	0.2
id-13711	2	4	15	0.3
id-13712	7	12	12	0.4
id-13713	9	16	17	0.3
id-13714	7	14	19	0.4
id-13715	5	7	12	0.5
id-13716	6	6	27	0.3
id-13717	10	20	18	0.3
id-13718	1	2	1	0.3
id-13719	4	6	1	0.3
id-13720	8	4	22	0.3
id-13721	5	2	17	0.4
id-13722	10	18	7	0.3
id-13723	7	12	13	0.4
id-13724	2	2	2	0.2
id-13725	7	2	19	0.3
id-13726	7	8	15	0.3
id-13727	8	11	12	0.4
id-13728	3	2	26	0.4
id-13729	6	10	10	0.4
id-13730	8	14	17	0.4
id-13731	1	2	22	0.4
id-13732	8	7	15	0.3
id-13733	6	12	4	0.3
id-13734	3	2	10	0.5
id-13735	8	5	20	0.4
id-13736	3	5	28	0.3
id-13737	6	8	24	0.3
id-13738	2	2	23	0.4
id-13739	1	2	5	0.5
id-13740	6	11	17	0.5
id-13741	8	16	4	0.4
id-13742	5	3	9	0.3
id-13743	10	2	13	0.3
id-13744	5	9	8	0.4
id-13745	5	9	27	0.3
id-13746	1	2	22	0.5
id-13747	10	16	7	0.2
id-13748	2	4	16	0.3
id-13749	5	9	2	0.4
id-13750	7	6	2	0.3
id-13751	8	4	9	0.3
id-13752	9	17	29	0.4
id-13753	7	5	8	0.4
id-13754	2	3	11	0.4
id-13755	7	14	3	0.5
id-13756	3	4	27	0.5
id-13757	5	9	16	0.4
id-13758	2	3	8	0.3
id-13759	2	2	21	0.2
id-13760	8	10	22	0.4
id-13761	4	5	2	0.3
id-13762	8	3	30	0.4
id-13763	2	2	3	0.4
id-13764	2	3	14	0.5
id-13765	7	6	8	0.4
id-13766	5	10	18	0.2
id-13767	8	13	11	0.3
id-13768	1	2	6	0.2
id-13769	6	8	14	0.2
id-13770	1	2	10	0.3
id-13771	1	2	27	0.3
id-13772	3	3	23	0.3
id-13773	10	15	6	0.3
id-13774	6	2	17	0.4
id-13775	8	15	10	0.3
id-13776	9	14	6	0.3
id-13777	2	2	3	0.3
id-13778	4	3	24	0.3
id-13779	10	7	22	0.3
id-13780	2	2	19	0.3
id-13781	1	2	14	0.3
id-13782	7	13	23	0.4
id-13783	4	7	5	0.4
id-13784	2	4	3	0.4
id-13785	6	11	10	0.3
id-13786	6	12	16	0.5
id-13787	1	2	14	0.4
id-13788	10	13	11	0.4
id-13789	10	6	14	0.3
id-13790	7	3	21	0.5
id-13791	6	11	29	0.4
id-13792	6	10	17	0.3
id-13793	2	3	18	0.4
id-13794	3	2	6	0.3
id-13795	10	7	29	0.2
id-13796	4	5	3	0.4
id-13797	10	9	13	0.5
id-13798	5	4	7	0.4
id-13799	1	2	25	0.5
id-13800	6	3	14	0.2
id-13801	9	4	3	0.4
id-13802	8	2	17	0.3
id-13803	5	8	28	0.5
id-13804	7	4	13	0.3
id-13805	3	3	14	0.3
id-13806	3	2	29	0.3
id-13807	9	18	28	0.3
id-13808	7	11	20	0.4
id-13809	8	5	7	0.3
id-13810	1	2	25	0.3
id-13811	6	12	25	0.4
id-13812	5	5	6	0.4
id-13813	6	5	23	0.2
id-13814	9	8	19	0.4
id-13815	1	2	18	0.2
id-13816	7	7	18	0.4
id-13817	7	11	23	0.4
id-13818	10	4	4	0.4
id-13819	6	8	24	0.4
id-13820	6	10	19	0.3
id-13821	6	8	28	0.3
id-13822	2	3	20	0.3
id-13823	10	14	24	0.4
id-13824	9	4	10	0.2
id-13825	1	2	6	0.3
id-13826	8	16	18	0.3
id-13827	4	7	28	0.5
id-13828	5	8	29	0.2
id-13829	4	4	29	0.5
id-13830	6	5	16	0.2
id-13831	4	6	19	0.4
id-13832	6	10	30	0.5
id-13833	5	8	26	0.2
id-13834	3	2	30	0.2
id-13835	3	5	8	0.3
id-13836	6	12	9	0.3
id-13837	4	8	9	0.4
id-13838	3	6	15	0.4
id-13839	3	6	23	0.5
id-13840	10	19	28	0.4
id-13841	7	6	9	0.5
id-13842	10	15	9	0.4
id-13843	8	7	19	0.3
id-13844	4	4	8	0.4
id-13845	6	4	16	0.5
id-13846	9	12	18	0.4
id-13847	4	6	9	0.5
id-13848	3	6	10	0.4
id-13849	9	12	25	0.5
id-13850	8	5	24	0.2
id-13851	8	15	21	0.4
id-13852	2	4	21	0.3
id-13853	8	8	9	0.4
id-13854	6	10	7	0.5
id-13855	7	12	8	0.4
id-13856	6	8	30	0.4
id-13857	9	8	18	0.4
id-13858	1	2	16	0.4
id-13859	3	6	2	0.3
id-13860	7	5	1	0.4
id-13861	3	6	3	0.3
id-13862	4	7	15	0.3
id-13863	5	9	8	0.4
id-13864	2	4	23	0.5
id-13865	1	2	27	0.2
id-13866	1	2	20	0.3
id-13867	8	6	29	0.3
id-13868	2	2	21	0.2
id-13869	7	10	24	0.2
id-13870	8	5	6	0.4
id-13871	2	2	26	0.3
id-13872	2	2	8	0.4
id-13873	10	15	21	0.4
id-13874	5	3	7	0.5
id-13875	3	3	28	0.4
id-13876	1	2	7	0.3
id-13877	7	2	13	0.4
id-13878	4	5	15	0.4
id-13879	2	2	30	0.2
id-13880	8	10	8	0.2
id-13881	2	4	22	0.4
id-13882	10	2	14	0.4
id-13883	9	16	27	0.2
id-13884	5	5	27	0.2
id-13885	8	3	27	0.4
id-13886	5	4	6	0.5
id-13887	9	16	7	0.5
id-13888	3	5	8	0.4
id-13889	5	2	23	0.4
id-13890	7	10	22	0.5
id-13891	7	11	25	0.4
id-13892	6	6	13	0.4
id-13893	9	2	20	0.4
id-13894	7	10	5	0.4
id-13895	6	4	1	0.3
id-13896	7	10	29	0.4
id-13897	10	20	3	0.3
id-13898	4	5	25	0.5
id-13899	6	11	10	0.4
id-13900	4	8	20	0.5
id-13901	4	6	8	0.3
id-13902	9	8	26	0.2
id-13903	4	8	21	0.5
id-13904	2	2	28	0.3
id-13905	10	2	23	0.3
id-13906	8	10	12	0.3
id-13907	6	11	4	0.4
id-13908	2	3	12	0.2
id-13909	3	6	6	0.2
id-13910	9	18	6	0.5
id-13911	8	14	30	0.4
id-13912	6	6	21	0.4
id-13913	6	11	26	0.5
id-13914	3	2	1	0.3
id-13915	5	10	23	0.3
id-13916	8	14	1	0.3
id-13917	1	2	8	0.2
id-13918	10	8	7	0.4
id-13919	9	4	14	0.2
id-13920	9	17	12	0.4
id-13921	4	2	14	0.5
id-13922	6	2	3	0.2
id-13923	3	6	27	0.3
id-13924	6	11	3	0.4
id-13925	1	2	27	0.3
id-13926	7	14	26	0.4
id-13927	5	9	17	0.3
id-13928	5	10	2	0.3
id-13929	8	14	16	0.3
id-13930	2	3	30	0.5
id-13931	2	4	3	0.3
id-13932	7	12	30	0.3
id-13933	9	9	23	0.4
id-13934	6	8	18	0.3
id-13935	3	5	14	0.2
id-13936	3	3	13	0.4
id-13937	2	2	8	0.4
id-13938	1	2	17	0.3
id-13939	4	6	8	0.4
id-13940	9	7	13	0.4
id-13941	6	11	19	0.4
id-13942	2	4	16	0.4
id-13943	1	2	21	0.3
id-13944	3	3	5	0.2
id-13945	6	7	2	0.3
id-13946	9	5	15	0.4
id-13947	3	3	20	0.4
id-13948	9	9	12	0.3
id-13949	2	2	3	0.5
id-13950	2	3	14	0.4
id-13951	10	6	20	0.4
id-13952	4	2	20	0.2
id-13953	4	7	15	0.5
id-13954	5	4	12	0.4
id-13955	6	4	4	0.4
id-13956	7	2	25	0.5
id-13957	3	5	27	0.3
id-13958	6	2	23	0.4
id-13959	7	2	12	0.3
id-13960	9	3	5	0.4
id-13961	5	8	24	0.2
id-13962	7	7	10	0.3
id-13963	4	4	27	0.3
id-13964	1	2	8	0.3
id-13965	3	4	30	0.3
id-13966	7	8	7	0.4
id-13967	8	10	7	0.3
id-13968	9	16	30	0.4
id-13969	9	10	29	0.5
id-13970	1	2	13	0.2
id-13971	8	15	23	0.3
id-13972	5	4	28	0.2
id-13973	10	17	26	0.5
id-13974	8	7	10	0.5
id-13975	6	7	20	0.2
id-13976	8	13	27	0.5
id-13977	9	9	16	0.3
id-13978	2	2	9	0.5
id-13979	6	3	6	0.3
id-13980	9	8	21	0.4
id-13981	7	4	4	0.2
id-13982	5	7	4	0.5
id-13983	8	13	4	0.5
id-13984	2	4	28	0.3
id-13985	10	18	18	0.4
id-13986	3	2	4	0.5
id-13987	3	6	8	0.3
id-13988	2	2	14	0.3
id-13989	3	3	4	0.4
id-13990	7	7	25	0.2
id-13991	8	13	14	0.4
id-13992	9	2	7	0.3
id-13993	3	4	23	0.2
id-13994	1	2	20	0.4
id-13995	4	2	21	0.2
id-13996	10	6	14	0.3
id-13997	2	2	15	0.2
id-13998	7	5	25	0.3
id-13999	10	2	19	0.3
id-14000	3	4	30	0.4
id-14001	1	2	16	0.5
id-14002	2	4	14	0.4
id-14003	5	10	20	0.5
id-14004	6	2	9	0.4
id-14005	4	5	4	0.3
id-14006	4	7	10	0.4
id-14007	8	7	16	0.3
id-14008	3	4	7	0.3
id-14009	5	7	29	0.2
id-14010	7	12	8	0.3
id-14011	2	3	8	0.3
id-14012	10	8	18	0.3
id-14013	2	2	28	0.2
id-14014	2	3	11	0.3
id-14015	8	10	22	0.2
id-14016	7	8	18	0.3
id-14017	7	14	24	0.5
id-14018	1	2	16	0.5
id-14019	3	2	7	0.4
id-14020	7	3	13	0.2
id-14021	6	9	27	0.2
id-14022	6	4	12	0.3
id-14023	7	4	23	0.3
id-14024	9	18	22	0.3
id-14025	4	8	3	0.2
id-14026	7	3	5	0.4
id-14027	4	8	17	0.2
id-14028	8	16	13	0.3
id-14029	4	4	11	0.5
id-14030	6	6	2	0.3
id-14031	8	2	3	0.2
id-14032	7	10	7	0.4
id-14033	5	2	29	0.4
id-14034	5	4	14	0.4
id-14035	8	6	24	0.4
id-14036	4	7	14	0.4
id-14037	10	7	19	0.4
id-14038	8	9	5	0.3
id-14039	6	6	16	0.5
id-14040	4	5	25	0.4
id-14041	6	7	22	0.4
id-14042	4	6	16	0.3
id-14043	4	5	24	0.3
id-14044	7	4	27	0.3
id-14045	3	2	3	0.4
id-14046	8	15	7	0.5
id-14047	1	2	24	0.3
id-14048	3	3	1	0.3
id-14049	3	5	27	0.2
id-14050	8	16	25	0.5
id-14051	8	3	26	0.4
id-14052	5	8	16	0.2
id-14053	1	2	8	0.4
id-14054	10	6	19	0.3
id-14055	4	7	11	0.3
id-14056	5	3	24	0.2
id-14057	8	13	10	0.5
id-14058	7	11	8	0.3
id-14059	7	13	14	0.3
id-14060	4	7	5	0.3
id-14061	8	11	14	0.4
id-14062	9	17	3	0.4
id-14063	8	6	25	0.5
id-14064	9	15	15	0.5
id-14065	5	9	13	0.2
id-14066	7	7	2	0.3
id-14067	7	3	23	0.3
id-14068	10	10	17	0.3
id-14069	4	8	26	0.4
id-14070	1	2	9	0.5
id-14071	1	2	15	0.4
id-14072	1	2	13	0.5
id-14073	2	3	17	0.4
id-14074	9	12	11	0.4
id-14075	7	14	13	0.2
id-14076	10	14	1	0.5
id-14077	4	7	15	0.2
id-14078	3	4	16	0.4
id-14079	3	6	15	0.4
id-14080	7	8	13	0.4
id-14081	8	9	11	0.5
id-14082	2	4	28	0.5
id-14083	7	10	4	0.4
id-14084	6	3	25	0.5
id-14085	2	2	15	0.2
id-14086	3	3	18	0.2
id-14087	3	2	24	0.2
id-14088	4	8	19	0.4
id-14089	1	2	28	0.4
id-14090	3	2	26	0.3
id-14091	8	5	27	0.3
id-14092	5	5	14	0.2
id-14093	9	12	15	0.5
id-14094	9	17	18	0.4
id-14095	2	4	24	0.4
id-14096	8	15	27	0.2
id-14097	6	3	20	0.4
id-14098	8	10	18	0.4
id-14099	5	9	21	0.4
id-14100	5	7	23	0.3
id-14101	1	2	24	0.4
id-14102	5	3	18	0.3
id-14103	1	2	5	0.4
id-14104	6	6	29	0.5
id-14105	1	2	23	0.3
id-14106	2	3	21	0.5
id-14107	3	2	17	0.4
id-14108	10	6	21	0.2
id-14109	4	6	24	0.2
id-14110	3	6	15	0.5
id-14111	8	13	5	0.3
id-14112	4	4	22	0.4
id-14113	8	3	2	0.3
id-14114	2	4	4	0.4
id-14115	2	4	10	0.3
id-14116	2	4	20	0.3
id-14117	9	6	22	0.3
id-14118	8	11	30	0.5
id-14119	1	2	12	0.5
id-14120	8	8	11	0.3
id-14121	3	3	8	0.5
id-14122	10	2	21	0.4
id-14123	1	2	6	0.4
id-14124	4	5	21	0.2
id-14125	5	2	11	0.3
id-14126	7	12	25	0.2
id-14127	7	9	27	0.3
id-14128	6	9	4	0.4
id-14129	8	4	1	0.5
id-14130	5	8	23	0.3
id-14131	8	3	17	0.4
id-14132	8	5	2	0.4
id-14133	5	6	20	0.4
id-14134	8	10	30	0.4
id-14135	6	10	15	0.2
id-14136	9	16	25	0.2
id-14137	1	2	4	0.3
id-14138	4	5	22	0.4
id-14139	5	8	19	0.5
id-14140	7	8	22	0.4
id-14141	5	7	19	0.5
id-14142	8	12	27	0.4
id-14143	6	12	15	0.2
id-14144	5	4	2	0.5
id-14145	5	5	27	0.4
id-14146	4	2	4	0.4
id-14147	4	6	10	0.5
id-14148	10	5	18	0.3
id-14149	3	3	24	0.2
id-14150	7	4	14	0.4
id-14151	9	15	26	0.4
id-14152	1	2	27	0.5
id-14153	3	6	8	0.3
id-14154	4	5	12	0.4
id-14155	8	2	23	0.3
id-14156	7	14	8	0.4
id-14157	10	11	11	0.3
id-14158	2	2	24	0.3
id-14159	3	3	23	0.2
id-14160	4	3	12	0.5
id-14161	10	18	22	0.3
id-14162	3	5	17	0.2
id-14163	2	3	2	0.4
id-14164	7	7	10	0.4
id-14165	3	4	11	0.2
id-14166	1	2	17	0.3
id-14167	8	8	28	0.4
id-14168	6	11	20	0.4
id-14169	1	2	4	0.3
id-14170	3	2	21	0.2
id-14171	6	4	10	0.4
id-14172	4	2	18	0.2
id-14173	1	2	19	0.3
id-14174	6	12	14	0.2
id-14175	1	2	4	0.2
id-14176	3	2	16	0.2
id-14177	3	2	3	0.3
id-14178	7	5	9	0.5
id-14179	2	4	10	0.4
id-14180	5	2	24	0.4
id-14181	2	2	4	0.3
id-14182	6	8	14	0.5
id-14183	6	10	21	0.3
id-14184	7	13	14	0.3
id-14185	5	10	2	0.4
id-14186	2	4	9	0.2
id-14187	2	3	19	0.4
id-14188	8	9	19	0.3
id-14189	3	4	18	0.3
id-14190	6	5	18	0.3
id-14191	6	7	19	0.2
id-14192	6	9	28	0.2
id-14193	5	6	29	0.4
id-14194	10	19	22	0.4
id-14195	2	4	15	0.3
id-14196	1	2	27	0.4
id-14197	6	3	17	0.2
id-14198	6	6	29	0.5
id-14199	7	3	29	0.3
id-14200	5	4	22	0.4
id-14201	6	12	21	0.4
id-14202	7	13	16	0.4
id-14203	10	9	26	0.4
id-14204	6	9	4	0.5
id-14205	5	7	12	0.2
id-14206	7	13	15	0.4
id-14207	10	9	14	0.4
id-14208	7	9	14	0.3
id-14209	5	7	16	0.3
id-14210	2	3	9	0.3
id-14211	10	16	3	0.5
id-14212	6	8	12	0.4
id-14213	3	3	14	0.4
id-14214	1	2	5	0.5
id-14215	9	6	30	0.4
id-14216	6	8	1	0.3
id-14217	8	8	27	0.3
id-14218	10	9	6	0.3
id-14219	8	5	22	0.3
id-14220	2	4	4	0.4
id-14221	1	2	11	0.5
id-14222	10	17	21	0.2
id-14223	4	3	22	0.4
id-14224	5	4	8	0.3
id-14225	3	5	19	0.2
id-14226	6	7	15	0.4
id-14227	3	5	5	0.5
id-14228	10	13	27	0.3
id-14229	4	7	10	0.4
id-14230	5	6	20	0.2
id-14231	4	7	25	0.3
id-14232	2	3	4	0.4
id-14233	2	2	28	0.4
id-14234	10	7	29	0.2
id-14235	1	2	22	0.3
id-14236	2	3	28	0.2
id-14237	3	4	13	0.3
id-14238	7	9	28	0.5
id-14239	4	3	21	0.5
id-14240	10	16	20	0.2
id-14241	10	9	23	0.3
id-14242	2	4	20	0.3
id-14243	6	5	27	0.4
id-14244	9	8	26	0.4
id-14245	10	19	29	0.3
id-14246	10	9	7	0.3
id-14247	10	10	19	0.4
id-14248	4	8	10	0.4
id-14249	10	6	16	0.4
id-14250	9	12	21	0.2
id-14251	9	11	5	0.4
id-14252	9	18	16	0.3
id-14253	7	14	2	0.5
id-14254	1	2	14	0.3
id-14255	3	6	16	0.3
id-14256	2	3	1	0.3
id-14257	4	8	23	0.3
id-14258	1	2	2	0.4
id-14259	7	4	8	0.3
id-14260	1	2	1	0.3
id-14261	4	3	4	0.3
id-14262	9	11	28	0.2
id-14263	3	2	16	0.2
id-14264	6	12	4	0.3
id-14265	1	2	25	0.3
id-14266	7	2	20	0.3
id-14267	2	4	25	0.2
id-14268	3	3	16	0.4
id-14269	1	2	12	0.4
id-14270	4	4	30	0.3
id-14271	5	3	9	0.4
id-14272	10	15	30	0.5
id-14273	3	5	30	0.4
id-14274	2	4	26	0.2
id-14275	10	17	22	0.4
id-14276	9	8	11	0.3
id-14277	6	6	15	0.4
id-14278	10	11	25	0.3
id-14279	1	2	13	0.3
id-14280	1	2	19	0.4
id-14281	4	5	4	0.3
id-14282	1	2	4	0.4
id-14283	3	2	18	0.2
id-14284	10	16	13	0.3
id-14285	8	7	22	0.2
id-14286	9	16	30	0.3
id-14287	10	6	10	0.4
id-14288	10	3	5	0.4
id-14289	2	3	17	0.4
id-14290	8	4	8	0.2
id-14291	5	3	9	0.4
id-14292	6	2	30	0.4
id-14293	5	4	22	0.3
id-14294	8	2	27	0.3
id-14295	2	3	8	0.3
id-14296	8	8	18	0.4
id-14297	1	2	11	0.4
id-14298	6	6	22	0.3
id-14299	1	2	5	0.4
id-14300	8	11	10	0.3
id-14301	10	5	11	0.3
id-14302	5	6	2	0.4
id-14303	4	3	25	0.2
id-14304	6	7	24	0.5
id-14305	3	3	3	0.3
id-14306	7	11	18	0.3
id-14307	8	7	7	0.2
id-14308	8	12	25	0.3
id-14309	4	5	11	0.4
id-14310	1	2	24	0.3
id-14311	2	4	17	0.2
id-14312	9	9	30	0.4
id-14313	6	3	14	0.3
id-14314	9	15	9	0.2
id-14315	6	3	19	0.3
id-14316	10	6	14	0.4
id-14317	5	6	24	0.3
id-14318	8	5	12	0.4
id-14319	1	2	5	0.3
id-14320	4	8	21	0.2
id-14321	3	3	16	0.3
id-14322	1	2	18	0.4
id-14323	7	13	27	0.4
id-14324	6	5	8	0.4
id-14325	10	11	17	0.4
id-14326	1	2	18	0.5
id-14327	2	4	1	0.4
id-14328	7	14	7	0.2
id-14329	6	3	10	0.5
id-14330	9	5	10	0.4
id-14331	10	15	16	0.5
id-14332	2	2	24	0.3
id-14333	2	3	22	0.2
id-14334	2	3	12	0.5
id-14335	3	3	8	0.4
id-14336	1	2	29	0.2
id-14337	9	13	11	0.3
id-14338	5	8	24	0.3
id-14339	2	3	10	0.4
id-14340	2	2	27	0.5
id-14341	5	3	19	0.4
id-14342	1	2	28	0.3
id-14343	10	8	22	0.4
id-14344	2	2	22	0.3
id-14345	4	2	10	0.5
id-14346	2	3	26	0.3
id-14347	4	8	25	0.4
id-14348	3	2	4	0.5
id-14349	9	4	21	0.3
id-14350	5	5	22	0.2
id-14351	7	8	12	0.3
id-14352	2	3	26	0.3
id-14353	1	2	22	0.3
id-14354	8	10	4	0.3
id-14355	1	2	19	0.5
id-14356	2	4	25	0.5
id-14357	5	8	15	0.3
id-14358	7	13	10	0.5
id-14359	5	2	9	0.4
id-14360	2	2	4	0.4
id-14361	9	2	22	0.3
id-14362	5	10	30	0.4
id-14363	8	2	1	0.4
id-14364	8	8	24	0.5
id-14365	3	3	1	0.3
id-14366	3	5	10	0.4
id-14367	4	7	16	0.3
id-14368	8	5	8	0.3
id-14369	7	10	11	0.4
id-14370	6	4	16	0.5
id-14371	2	3	13	0.5
id-14372	4	7	5	0.4
id-14373	10	2	7	0.5
id-14374	2	4	12	0.5
id-14375	4	7	1	0.4
id-14376	2	4	25	0.3
id-14377	3	3	3	0.2
id-14378	5	7	5	0.2
id-14379	8	8	5	0.4
id-14380	10	15	10	0.4
id-14381	2	4	21	0.3
id-14382	8	2	18	0.4
id-14383	5	9	27	0.2
id-14384	1	2	11	0.3
id-14385	6	11	10	0.4
id-14386	7	2	24	0.5
id-14387	4	6	25	0.3
id-14388	6	4	1	0.4
id-14389	9	4	2	0.4
id-14390	10	17	1	0.3
id-14391	7	2	1	0.2
id-14392	9	15	16	0.2
id-14393	10	9	9	0.2
id-14394	2	3	6	0.2
id-14395	8	9	10	0.3
id-14396	2	3	22	0.5
id-14397	1	2	1	0.5
id-14398	4	8	21	0.2
id-14399	5	9	25	0.3
id-14400	7	8	18	0.2
id-14401	9	14	12	0.2
id-14402	1	2	9	0.2
id-14403	2	4	21	0.5
id-14404	8	4	12	0.4
id-14405	6	8	13	0.4
id-14406	7	5	26	0.3
id-14407	2	3	29	0.4
id-14408	7	10	8	0.4
id-14409	10	7	12	0.2
id-14410	10	16	8	0.3
id-14411	10	15	15	0.4
id-14412	1	2	18	0.3
id-14413	2	3	8	0.2
id-14414	3	6	16	0.5
id-14415	3	4	1	0.3
id-14416	6	8	27	0.4
id-14417	10	10	23	0.2
id-14418	2	3	9	0.4
id-14419	5	6	19	0.4
id-14420	2	3	27	0.3
id-14421	6	10	24	0.3
id-14422	1	2	16	0.4
id-14423	8	9	6	0.4
id-14424	9	5	2	0.5
id-14425	3	6	1	0.2
id-14426	4	2	10	0.3
id-14427	7	4	25	0.2
id-14428	7	8	20	0.3
id-14429	4	2	7	0.4
id-14430	4	6	22	0.5
id-14431	1	2	13	0.3
id-14432	5	8	3	0.5
id-14433	5	5	19	0.3
id-14434	10	13	1	0.2
id-14435	1	2	14	0.2
id-14436	10	12	17	0.4
id-14437	3	3	10	0.4
id-14438	4	6	25	0.2
id-14439	10	12	27	0.3
id-14440	6	8	23	0.4
id-14441	3	6	5	0.4
id-14442	3	4	11	0.4
id-14443	7	4	8	0.5
id-14444	5	5	18	0.3
id-14445	9	16	1	0.3
id-14446	4	8	26	0.5
id-14447	3	2	15	0.3
id-14448	5	2	10	0.3
id-14449	6	5	7	0.4
id-14450	4	3	15	0.5
id-14451	3	4	21	0.4
id-14452	3	6	29	0.4
id-14453	5	2	27	0.2
id-14454	8	2	23	0.4
id-14455	10	4	6	0.3
id-14456	5	9	2	0.4
id-14457	1	2	6	0.3
id-14458	7	5	11	0.3
id-14459	9	12	13	0.3
id-14460	6	7	20	0.3
id-14461	1	2	29	0.5
id-14462	6	10	2	0.5
id-14463	1	2	24	0.4
id-14464	10	18	7	0.3
id-14465	8	11	5	0.3
id-14466	2	4	14	0.4
id-14467	10	15	22	0.5
id-14468	9	11	21	0.4
id-14469	9	11	17	0.4
id-14470	3	4	9	0.4
id-14471	10	15	20	0.3
id-14472	6	9	13	0.4
id-14473	6	7	27	0.3
id-14474	3	6	11	0.4
id-14475	8	14	27	0.4
id-14476	1	2	26	0.4
id-14477	6	5	25	0.3
id-14478	6	5	27	0.2
id-14479	8	4	27	0.2
id-14480	9	8	13	0.3
id-14481	1	2	5	0.3
id-14482	4	6	10	0.3
id-14483	4	3	23	0.3
id-14484	9	11	27	0.4
id-14485	2	2	26	0.4
id-14486	5	10	13	0.5
id-14487	9	5	12	0.3
id-14488	5	5	21	0.5
id-14489	2	3	7	0.4
id-14490	8	13	13	0.5
id-14491	3	4	26	0.4
id-14492	4	4	5	0.3
id-14493	10	4	1	0.2
id-14494	10	20	7	0.3
id-14495	8	9	13	0.5
id-14496	2	2	14	0.3
id-14497	10	20	5	0.5
id-14498	6	6	11	0.4
id-14499	2	4	13	0.3
id-14500	10	19	21	0.3
id-14501	9	17	4	0.4
id-14502	5	10	10	0.4
id-14503	2	3	25	0.5
id-14504	3	6	12	0.2
id-14505	2	4	27	0.4
id-14506	5	8	20	0.3
id-14507	8	4	2	0.4
id-14508	6	4	23	0.4
id-14509	3	2	14	0.4
id-14510	6	11	24	0.3
id-14511	2	3	11	0.4
id-14512	7	3	23	0.4
id-14513	5	4	14	0.2
id-14514	6	4	13	0.2
id-14515	2	3	27	0.3
id-14516	3	6	11	0.3
id-14517	1	2	22	0.4
id-14518	6	3	20	0.3
id-14519	9	6	23	0.4
id-14520	1	2	29	0.5
id-14521	9	10	1	0.5
id-14522	7	10	27	0.5
id-14523	1	2	24	0.5
id-14524	10	15	21	0.2
id-14525	9	18	7	0.4
id-14526	6	7	10	0.4
id-14527	4	8	28	0.3
id-14528	5	9	15	0.4
id-14529	2	2	3	0.4
id-14530	2	3	3	0.3
id-14531	8	2	12	0.3
id-14532	8	2	9	0.5
id-14533	4	8	2	0.4
id-14534	10	5	2	0.5
id-14535	7	11	11	0.4
id-14536	6	3	18	0.2
id-14537	5	10	28	0.3
id-14538	1	2	9	0.5
id-14539	5	7	23	0.2
id-14540	9	13	19	0.4
id-14541	7	12	22	0.4
id-14542	2	4	7	0.5
id-14543	3	4	9	0.3
id-14544	10	15	9	0.4
id-14545	3	3	17	0.3
id-14546	5	3	4	0.4
id-14547	8	10	17	0.4
id-14548	5	2	14	0.4
id-14549	6	2	11	0.5
id-14550	1	2	9	0.4
id-14551	4	4	24	0.2
id-14552	2	4	25	0.4
id-14553	10	18	27	0.5
id-14554	6	2	8	0.4
id-14555	10	6	2	0.3
id-14556	3	3	4	0.4
id-14557	9	16	12	0.4
id-14558	5	7	15	0.5
id-14559	4	8	30	0.5
id-14560	8	3	3	0.5
id-14561	1	2	17	0.3
id-14562	2	2	14	0.4
id-14563	9	9	19	0.4
id-14564	9	9	19	0.4
id-14565	5	6	29	0.4
id-14566	9	13	4	0.2
id-14567	1	2	15	0.4
id-14568	7	5	22	0.5
id-14569	10	16	20	0.3
id-14570	5	5	20	0.2
id-14571	10	7	16	0.5
id-14572	2	2	7	0.4
id-14573	2	2	14	0.2
id-14574	9	17	24	0.3
id-14575	3	5	4	0.3
id-14576	10	3	24	0.3
id-14577	5	5	19	0.2
id-14578	6	12	17	0.3
id-14579	6	3	4	0.3
id-14580	8	15	8	0.4
id-14581	2	3	25	0.4
id-14582	8	6	30	0.2
id-14583	1	2	29	0.3
id-14584	2	2	22	0.4
id-14585	10	16	19	0.4
id-14586	7	2	21	0.4
id-14587	8	6	1	0.3
id-14588	2	2	5	0.4
id-14589	10	17	19	0.2
id-14590	6	5	18	0.3
id-14591	8	7	19	0.4
id-14592	3	2	29	0.4
id-14593	6	11	29	0.3
id-14594	4	4	3	0.3
id-14595	5	10	22	0.4
id-14596	3	6	25	0.4
id-14597	3	6	3	0.2
id-14598	7	3	13	0.4
id-14599	6	8	9	0.3
id-14600	8	9	22	0.4
id-14601	10	11	8	0.3
id-14602	5	2	18	0.5
id-14603	2	2	24	0.4
id-14604	7	12	25	0.3
id-14605	8	16	14	0.2
id-14606	7	13	27	0.3
id-14607	3	2	9	0.2
id-14608	1	2	3	0.4
id-14609	9	5	5	0.4
id-14610	10	18	12	0.5
id-14611	3	5	23	0.2
id-14612	2	3	13	0.4
id-14613	5	7	18	0.3
id-14614	8	11	22	0.3
id-14615	2	2	10	0.3
id-14616	1	2	22	0.3
id-14617	2	4	8	0.4
id-14618	7	8	21	0.2
id-14619	2	2	18	0.5
id-14620	2	4	6	0.2
id-14621	5	9	30	0.4
id-14622	9	2	7	0.4
id-14623	8	10	26	0.4
id-14624	9	12	17	0.4
id-14625	6	5	19	0.3
id-14626	2	4	10	0.5
id-14627	10	17	9	0.4
id-14628	10	4	16	0.4
id-14629	5	5	13	0.3
id-14630	6	5	10	0.4
id-14631	9	11	3	0.3
id-14632	4	5	13	0.4
id-14633	6	6	18	0.3
id-14634	2	4	17	0.3
id-14635	2	2	14	0.4
id-14636	6	5	5	0.2
id-14637	5	2	24	0.5
id-14638	2	2	11	0.4
id-14639	5	7	19	0.3
id-14640	6	4	26	0.2
id-14641	7	12	17	0.3
id-14642	7	14	21	0.3
id-14643	4	4	26	0.2
id-14644	5	8	22	0.5
id-14645	10	4	19	0.4
id-14646	6	7	22	0.3
id-14647	6	12	28	0.2
id-14648	5	5	3	0.4
id-14649	8	3	25	0.3
id-14650	6	6	19	0.2
id-14651	6	10	23	0.5
id-14652	10	4	29	0.4
id-14653	1	2	2	0.3
id-14654	3	5	24	0.3
id-14655	4	4	19	0.3
id-14656	8	2	9	0.3
id-14657	4	8	20	0.2
id-14658	4	4	9	0.2
id-14659	5	8	2	0.3
id-14660	2	3	26	0.2
id-14661	8	6	12	0.3
id-14662	2	4	7	0.2
id-14663	5	3	12	0.3
id-14664	8	3	16	0.4
id-14665	1	2	11	0.4
id-14666	3	2	26	0.4
id-14667	6	2	16	0.4
id-14668	4	2	29	0.4
id-14669	2	2	22	0.4
id-14670	2	2	27	0.3
id-14671	5	10	29	0.3
id-14672	3	4	7	0.2
id-14673	6	7	18	0.4
id-14674	6	11	18	0.4
id-14675	9	6	6	0.4
id-14676	5	6	7	0.4
id-14677	5	8	12	0.5
id-14678	6	12	2	0.3
id-14679	10	15	26	0.3
id-14680	9	17	27	0.4
id-14681	2	2	13	0.2
id-14682	8	10	28	0.4
id-14683	3	5	18	0.3
id-14684	10	7	15	0.3
id-14685	7	9	22	0.3
id-14686	1	2	13	0.4
id-14687	1	2	17	0.4
id-14688	2	3	24	0.4
id-14689	4	3	3	0.2
id-14690	9	7	19	0.4
id-14691	2	3	7	0.4
id-14692	2	3	9	0.4
id-14693	1	2	9	0.3
id-14694	9	8	19	0.3
id-14695	5	9	17	0.3
id-14696	1	2	14	0.3
id-14697	9	8	3	0.2
id-14698	3	3	4	0.5
id-14699	6	7	19	0.5
id-14700	6	5	16	0.4
id-14701	8	10	1	0.4
id-14702	7	10	19	0.4
id-14703	8	7	24	0.3
id-14704	3	6	6	0.5
id-14705	4	5	13	0.2
id-14706	9	18	4	0.4
id-14707	4	7	17	0.4
id-14708	6	7	14	0.5
id-14709	4	5	20	0.3
id-14710	9	4	7	0.2
id-14711	6	12	12	0.4
id-14712	5	8	10	0.3
id-14713	4	6	4	0.4
id-14714	7	10	4	0.5
id-14715	8	14	13	0.4
id-14716	1	2	29	0.4
id-14717	3	5	18	0.4
id-14718	9	15	9	0.4
id-14719	8	8	20	0.5
id-14720	8	4	14	0.2
id-14721	9	8	30	0.2
id-14722	6	9	1	0.5
id-14723	10	12	24	0.2
id-14724	4	7	26	0.4
id-14725	5	6	11	0.4
id-14726	2	3	13	0.3
id-14727	2	2	6	0.3
id-14728	3	4	15	0.5
id-14729	8	9	15	0.2
id-14730	10	4	18	0.2
id-14731	3	2	13	0.2
id-14732	1	2	7	0.5
id-14733	8	2	6	0.2
id-14734	5	2	1	0.3
id-14735	2	4	9	0.4
id-14736	3	3	16	0.2
id-14737	10	6	2	0.2
id-14738	10	14	4	0.3
id-14739	1	2	8	0.5
id-14740	3	3	29	0.4
id-14741	2	2	5	0.3
id-14742	1	2	8	0.2
id-14743	1	2	29	0.3
id-14744	3	6	7	0.5
id-14745	7	11	7	0.3
id-14746	3	4	17	0.4
id-14747	6	2	4	0.2
id-14748	6	11	22	0.3
id-14749	10	5	13	0.2
id-14750	9	18	15	0.3
id-14751	10	14	17	0.2
id-14752	6	9	26	0.2
id-14753	7	6	11	0.4
id-14754	9	18	11	0.4
id-14755	3	2	16	0.3
id-14756	5	10	18	0.5
id-14757	6	7	30	0.3
id-14758	1	2	3	0.3
id-14759	5	6	19	0.3
id-14760	10	18	8	0.4
id-14761	7	5	10	0.2
id-14762	5	2	11	0.5
id-14763	1	2	3	0.3
id-14764	8	9	6	0.4
id-14765	1	2	1	0.2
id-14766	7	8	26	0.4
id-14767	1	2	14	0.2
id-14768	3	5	4	0.2
id-14769	2	4	25	0.3
id-14770	3	3	5	0.2
id-14771	4	2	4	0.5
id-14772	8	9	22	0.2
id-14773	5	7	12	0.2
id-14774	3	3	27	0.3
id-14775	4	6	3	0.4
id-14776	5	9	25	0.3
id-14777	10	2	7	0.3
id-14778	6	8	3	0.3
id-14779	8	7	5	0.3
id-14780	2	2	14	0.4
id-14781	10	6	8	0.5
id-14782	6	9	6	0.2
id-14783	2	3	22	0.3
id-14784	2	2	25	0.5
id-14785	4	3	23	0.4
id-14786	10	9	19	0.4
id-14787	5	2	26	0.4
id-14788	4	7	17	0.4
id-14789	5	3	25	0.4
id-14790	8	12	5	0.4
id-14791	7	2	16	0.4
id-14792	8	4	21	0.5
id-14793	2	2	24	0.4
id-14794	5	6	8	0.4
id-14795	10	3	11	0.3
id-14796	10	2	16	0.3
id-14797	1	2	21	0.2
id-14798	3	2	29	0.5
id-14799	5	2	26	0.4
id-14800	2	4	21	0.4
id-14801	3	4	24	0.5
id-14802	6	5	28	0.3
id-14803	2	4	28	0.3
id-14804	4	4	10	0.5
id-14805	5	5	30	0.4
id-14806	7	4	3	0.3
id-14807	8	6	27	0.5
id-14808	3	4	8	0.3
id-14809	4	2	28	0.3
id-14810	8	4	17	0.5
id-14811	2	4	17	0.5
id-14812	6	5	25	0.2
id-14813	3	5	13	0.4
id-14814	7	11	19	0.2
id-14815	4	6	1	0.3
id-14816	8	7	30	0.5
id-14817	5	4	22	0.4
id-14818	4	4	4	0.3
id-14819	6	11	17	0.3
id-14820	6	5	17	0.4
id-14821	4	6	7	0.4
id-14822	9	11	18	0.4
id-14823	5	3	2	0.5
id-14824	7	3	26	0.3
id-14825	3	6	23	0.4
id-14826	7	2	24	0.2
id-14827	3	2	14	0.4
id-14828	4	4	16	0.4
id-14829	6	10	22	0.4
id-14830	4	5	2	0.5
id-14831	5	9	20	0.4
id-14832	5	3	6	0.4
id-14833	2	2	12	0.5
id-14834	4	4	2	0.2
id-14835	2	4	8	0.3
id-14836	4	5	7	0.3
id-14837	5	6	5	0.4
id-14838	7	7	29	0.5
id-14839	2	2	25	0.2
id-14840	9	12	13	0.5
id-14841	9	3	1	0.2
id-14842	7	5	11	0.2
id-14843	5	2	16	0.4
id-14844	5	7	19	0.4
id-14845	9	3	14	0.4
id-14846	9	2	2	0.2
id-14847	9	15	12	0.4
id-14848	8	6	8	0.3
id-14849	9	18	18	0.4
id-14850	5	8	18	0.5
id-14851	3	6	20	0.4
id-14852	2	4	8	0.3
id-14853	7	12	4	0.3
id-14854	8	14	2	0.5
id-14855	4	4	26	0.5
id-14856	3	6	16	0.3
id-14857	10	20	17	0.2
id-14858	5	8	18	0.2
id-14859	7	7	29	0.5
id-14860	2	4	29	0.3
id-14861	5	2	14	0.4
id-14862	4	6	18	0.2
id-14863	4	8	29	0.2
id-14864	8	13	23	0.3
id-14865	10	16	9	0.2
id-14866	3	4	22	0.4
id-14867	7	10	21	0.3
id-14868	6	3	24	0.4
id-14869	5	3	2	0.3
id-14870	7	6	2	0.2
id-14871	3	2	30	0.4
id-14872	6	9	3	0.5
id-14873	9	5	4	0.2
id-14874	1	2	9	0.3
id-14875	9	8	3	0.2
id-14876	7	4	25	0.5
id-14877	1	2	19	0.2
id-14878	8	8	25	0.5
id-14879	2	3	23	0.3
id-14880	2	3	10	0.3
id-14881	2	2	19	0.2
id-14882	9	9	23	0.4
id-14883	8	11	24	0.5
id-14884	8	4	8	0.4
id-14885	2	3	16	0.3
id-14886	6	6	8	0.4
id-14887	2	4	3	0.4
id-14888	6	8	23	0.2
id-14889	3	3	11	0.3
id-14890	8	13	23	0.3
id-14891	5	5	25	0.2
id-14892	1	2	24	0.3
id-14893	1	2	10	0.3
id-14894	5	4	22	0.4
id-14895	10	3	3	0.5
id-14896	6	10	15	0.5
id-14897	8	10	28	0.4
id-14898	9	18	11	0.3
id-14899	3	5	14	0.3
id-14900	9	3	20	0.3
id-14901	3	5	30	0.4
id-14902	9	5	13	0.3
id-14903	8	9	30	0.4
id-14904	2	3	5	0.4
id-14905	5	4	2	0.3
id-14906	9	2	14	0.2
id-14907	4	3	28	0.4
id-14908	3	3	15	0.4
id-14909	8	9	6	0.4
id-14910	8	15	1	0.3
id-14911	9	9	7	0.4
id-14912	2	4	8	0.3
id-14913	4	3	13	0.3
id-14914	9	8	23	0.3
id-14915	3	5	12	0.4
id-14916	5	8	9	0.2
id-14917	7	9	22	0.4
id-14918	1	2	30	0.3
id-14919	10	16	18	0.3
id-14920	5	9	5	0.2
id-14921	3	2	15	0.5
id-14922	4	5	2	0.4
id-14923	8	14	11	0.4
id-14924	5	7	19	0.4
id-14925	7	13	21	0.2
id-14926	6	3	17	0.4
id-14927	1	2	29	0.3
id-14928	3	2	15	0.4
id-14929	9	8	5	0.4
id-14930	7	11	9	0.4
id-14931	2	4	25	0.5
id-14932	2	2	21	0.3
id-14933	1	2	7	0.2
id-14934	2	3	23	0.4
id-14935	1	2	16	0.2
id-14936	5	10	10	0.5
id-14937	2	2	12	0.5
id-14938	8	8	17	0.4
id-14939	5	9	12	0.4
id-14940	7	6	7	0.4
id-14941	9	6	6	0.4
id-14942	2	4	26	0.3
id-14943	3	6	3	0.4
id-14944	2	3	11	0.4
id-14945	8	2	24	0.2
id-14946	2	2	20	0.3
id-14947	7	3	6	0.4
id-14948	10	15	24	0.4
id-14949	6	3	24	0.5
id-14950	3	5	3	0.5
id-14951	6	9	10	0.2
id-14952	2	3	4	0.3
id-14953	6	10	17	0.3
id-14954	7	5	15	0.4
id-14955	9	8	2	0.3
id-14956	6	12	27	0.3
id-14957	6	5	10	0.4
id-14958	1	2	23	0.2
id-14959	4	7	26	0.5
id-14960	2	2	23	0.4
id-14961	8	4	2	0.2
id-14962	3	3	15	0.2
id-14963	5	5	16	0.3
id-14964	2	4	26	0.3
id-14965	10	15	2	0.3
id-14966	3	3	5	0.2
id-14967	3	4	19	0.5
id-14968	3	2	28	0.5
id-14969	4	2	7	0.2
id-14970	7	2	1	0.5
id-14971	8	16	5	0.4
id-14972	5	8	2	0.3
id-14973	3	3	14	0.3
id-14974	3	4	12	0.3
id-14975	4	5	30	0.4
id-14976	10	19	6	0.2
id-14977	6	8	7	0.3
id-14978	10	5	12	0.4
id-14979	9	8	22	0.4
id-14980	9	11	8	0.2
id-14981	5	2	7	0.5
id-14982	4	4	18	0.4
id-14983	10	4	12	0.2
id-14984	5	8	23	0.3
id-14985	10	4	23	0.5
id-14986	9	17	20	0.3
id-14987	4	8	26	0.4
id-14988	9	9	2	0.3
id-14989	2	4	3	0.2
id-14990	5	5	25	0.3
id-14991	7	4	18	0.4
id-14992	5	3	27	0.5
id-14993	8	16	12	0.2
id-14994	6	12	18	0.5
id-14995	7	6	15	0.3
id-14996	6	6	16	0.2
id-14997	4	8	29	0.3
id-14998	9	7	20	0.3
id-14999	10	12	26	0.5
id-15000	4	7	6	0.3
id-15001	6	6	18	0.5
id-15002	1	2	19	0.4
id-15003	3	5	25	0.3
id-15004	3	2	24	0.3
id-15005	7	8	1	0.5
id-15006	2	4	15	0.5
id-15007	1	2	16	0.4
id-15008	7	5	16	0.3
id-15009	10	10	7	0.4
id-15010	5	4	11	0.2
id-15011	1	2	8	0.3
id-15012	1	2	1	0.5
id-15013	10	5	26	0.5
id-15014	1	2	5	0.5
id-15015	10	19	19	0.3
id-15016	9	18	9	0.3
id-15017	5	4	15	0.3
id-15018	7	14	24	0.5
id-15019	9	17	20	0.2
id-15020	10	9	12	0.3
id-15021	4	3	21	0.4
id-15022	4	2	23	0.4
id-15023	1	2	1	0.2
id-15024	4	2	24	0.4
id-15025	1	2	12	0.4
id-15026	2	3	20	0.3
id-15027	2	2	4	0.4
id-15028	2	2	10	0.4
id-15029	4	6	25	0.5
id-15030	7	6	12	0.2
id-15031	9	17	29	0.3
id-15032	2	2	28	0.3
id-15033	10	5	20	0.3
id-15034	10	6	27	0.4
id-15035	2	3	17	0.3
id-15036	4	4	10	0.3
id-15037	9	15	1	0.2
id-15038	8	2	2	0.4
id-15039	9	17	4	0.4
id-15040	1	2	7	0.3
id-15041	4	3	6	0.5
id-15042	5	7	18	0.5
id-15043	2	2	7	0.2
id-15044	10	3	22	0.4
id-15045	10	14	10	0.5
id-15046	1	2	22	0.4
id-15047	6	9	14	0.3
id-15048	6	3	26	0.2
id-15049	5	8	9	0.5
id-15050	3	6	6	0.4
id-15051	2	4	22	0.4
id-15052	2	4	13	0.4
id-15053	10	14	19	0.3
id-15054	1	2	12	0.4
id-15055	5	4	21	0.5
id-15056	2	4	4	0.5
id-15057	6	10	20	0.4
id-15058	2	4	10	0.3
id-15059	1	2	29	0.4
id-15060	6	2	28	0.3
id-15061	3	5	10	0.3
id-15062	5	10	3	0.4
id-15063	2	3	7	0.3
id-15064	7	8	18	0.4
id-15065	5	8	8	0.4
id-15066	1	2	11	0.3
id-15067	6	10	7	0.3
id-15068	5	8	11	0.3
id-15069	3	6	8	0.2
id-15070	1	2	9	0.3
id-15071	3	2	12	0.4
id-15072	6	2	13	0.3
id-15073	6	2	30	0.3
id-15074	3	2	30	0.3
id-15075	1	2	25	0.3
id-15076	8	14	9	0.4
id-15077	5	5	24	0.4
id-15078	6	9	29	0.2
id-15079	6	12	17	0.2
id-15080	9	10	15	0.2
id-15081	4	6	16	0.5
id-15082	7	14	18	0.3
id-15083	4	2	27	0.5
id-15084	7	7	9	0.3
id-15085	10	7	23	0.5
id-15086	8	8	1	0.2
id-15087	1	2	3	0.3
id-15088	2	4	23	0.2
id-15089	5	7	3	0.5
id-15090	3	2	10	0.2
id-15091	3	5	15	0.3
id-15092	10	19	28	0.2
id-15093	6	7	23	0.4
id-15094	4	6	20	0.3
id-15095	10	18	25	0.3
id-15096	6	10	28	0.3
id-15097	6	12	25	0.3
id-15098	3	3	9	0.2
id-15099	1	2	20	0.4
id-15100	8	15	15	0.4
id-15101	1	2	18	0.3
id-15102	6	11	14	0.4
id-15103	8	2	24	0.4
id-15104	1	2	28	0.5
id-15105	1	2	5	0.3
id-15106	10	12	9	0.3
id-15107	3	3	11	0.5
id-15108	9	15	14	0.3
id-15109	4	7	2	0.4
id-15110	4	8	30	0.2
id-15111	3	2	10	0.3
id-15112	2	4	12	0.5
id-15113	7	5	17	0.3
id-15114	5	8	25	0.2
id-15115	3	3	10	0.2
id-15116	3	5	8	0.2
id-15117	6	8	11	0.2
id-15118	7	7	30	0.4
id-15119	5	8	19	0.3
id-15120	8	13	28	0.4
id-15121	5	7	25	0.3
id-15122	4	8	22	0.3
id-15123	3	4	21	0.4
id-15124	7	3	25	0.4
id-15125	4	7	18	0.4
id-15126	2	3	14	0.5
id-15127	8	10	8	0.4
id-15128	4	2	30	0.4
id-15129	1	2	26	0.3
id-15130	2	2	17	0.4
id-15131	2	4	7	0.3
id-15132	7	2	6	0.4
id-15133	5	10	8	0.4
id-15134	7	11	9	0.2
id-15135	1	2	14	0.3
id-15136	8	7	24	0.5
id-15137	7	6	18	0.3
id-15138	3	6	28	0.2
id-15139	4	5	18	0.2
id-15140	8	6	15	0.5
id-15141	7	6	29	0.4
id-15142	2	3	16	0.4
id-15143	8	7	19	0.5
id-15144	7	7	4	0.3
id-15145	3	5	29	0.4
id-15146	4	8	17	0.4
id-15147	9	3	7	0.3
id-15148	1	2	30	0.4
id-15149	2	2	10	0.5
id-15150	3	4	1	0.2
id-15151	8	10	23	0.2
id-15152	9	2	17	0.3
id-15153	9	7	7	0.2
id-15154	4	2	14	0.3
id-15155	9	7	9	0.5
id-15156	1	2	12	0.2
id-15157	10	18	3	0.2
id-15158	3	2	27	0.2
id-15159	8	3	19	0.3
id-15160	5	8	27	0.4
id-15161	2	3	30	0.3
id-15162	9	11	1	0.5
id-15163	10	11	22	0.3
id-15164	9	12	26	0.2
id-15165	3	5	22	0.3
id-15166	8	8	17	0.4
id-15167	2	2	11	0.4
id-15168	2	3	19	0.3
id-15169	9	8	24	0.2
id-15170	9	15	4	0.5
id-15171	7	4	15	0.2
id-15172	1	2	19	0.2
id-15173	9	17	24	0.2
id-15174	4	5	12	0.4
id-15175	6	6	12	0.3
id-15176	9	6	21	0.2
id-15177	3	3	4	0.3
id-15178	3	2	12	0.3
id-15179	7	13	26	0.4
id-15180	8	14	4	0.2
id-15181	2	4	27	0.2
id-15182	2	3	11	0.3
id-15183	1	2	3	0.3
id-15184	8	15	23	0.3
id-15185	8	10	17	0.4
id-15186	9	4	30	0.4
id-15187	4	6	30	0.2
id-15188	9	5	27	0.2
id-15189	2	3	25	0.4
id-15190	5	6	8	0.3
id-15191	6	8	4	0.4
id-15192	3	6	27	0.2
id-15193	1	2	22	0.3
id-15194	7	4	21	0.4
id-15195	5	8	27	0.5
id-15196	2	4	14	0.4
id-15197	1	2	9	0.2
id-15198	1	2	30	0.4
id-15199	6	11	30	0.5
id-15200	5	7	12	0.3
id-15201	1	2	16	0.5
id-15202	2	4	5	0.5
id-15203	6	12	4	0.4
id-15204	9	10	8	0.3
id-15205	4	8	28	0.4
id-15206	6	6	13	0.2
id-15207	9	16	28	0.4
id-15208	10	17	1	0.4
id-15209	1	2	25	0.5
id-15210	2	3	12	0.3
id-15211	10	8	30	0.2
id-15212	6	9	22	0.3
id-15213	3	4	15	0.4
id-15214	6	3	1	0.4
id-15215	2	3	17	0.3
id-15216	1	2	22	0.3
id-15217	1	2	9	0.5
id-15218	4	6	2	0.4
id-15219	1	2	27	0.5
id-15220	1	2	12	0.4
id-15221	5	6	15	0.2
id-15222	3	3	24	0.5
id-15223	7	2	29	0.3
id-15224	3	6	4	0.4
id-15225	9	5	24	0.4
id-15226	10	2	25	0.4
id-15227	10	8	15	0.3
id-15228	6	3	2	0.5
id-15229	5	3	23	0.4
id-15230	1	2	3	0.3
id-15231	3	2	13	0.5
id-15232	8	16	7	0.5
id-15233	4	4	5	0.5
id-15234	2	2	20	0.5
id-15235	4	7	10	0.2
id-15236	7	12	12	0.4
id-15237	2	2	5	0.3
id-15238	9	14	13	0.3
id-15239	7	12	21	0.3
id-15240	5	6	2	0.4
id-15241	2	3	5	0.4
id-15242	1	2	2	0.3
id-15243	8	15	19	0.4
id-15244	3	6	21	0.4
id-15245	7	11	7	0.4
id-15246	10	10	1	0.3
id-15247	5	5	12	0.4
id-15248	5	10	19	0.3
id-15249	3	3	6	0.3
id-15250	8	7	23	0.5
id-15251	3	5	24	0.3
id-15252	2	2	2	0.5
id-15253	6	11	22	0.4
id-15254	3	3	25	0.3
id-15255	1	2	25	0.4
id-15256	6	4	13	0.4
id-15257	2	4	20	0.4
id-15258	4	8	2	0.4
id-15259	8	7	14	0.5
id-15260	4	7	8	0.3
id-15261	2	2	24	0.4
id-15262	3	5	20	0.3
id-15263	5	10	9	0.4
id-15264	2	2	16	0.3
id-15265	4	6	20	0.4
id-15266	2	4	2	0.5
id-15267	9	17	8	0.4
id-15268	2	3	7	0.3
id-15269	8	9	27	0.4
id-15270	4	8	1	0.3
id-15271	3	4	24	0.3
id-15272	5	4	3	0.4
id-15273	6	12	10	0.4
id-15274	4	3	27	0.4
id-15275	4	8	5	0.3
id-15276	8	5	8	0.3
id-15277	6	6	3	0.2
id-15278	3	4	11	0.4
id-15279	7	14	11	0.3
id-15280	10	15	22	0.5
id-15281	10	2	5	0.3
id-15282	10	15	19	0.2
id-15283	2	4	7	0.4
id-15284	3	2	1	0.5
id-15285	2	4	21	0.4
id-15286	5	5	14	0.4
id-15287	6	3	2	0.4
id-15288	9	5	2	0.3
id-15289	1	2	25	0.5
id-15290	3	4	25	0.4
id-15291	8	10	21	0.4
id-15292	5	7	22	0.4
id-15293	5	8	23	0.4
id-15294	6	3	8	0.3
id-15295	3	3	7	0.3
id-15296	5	5	28	0.4
id-15297	9	7	19	0.2
id-15298	4	4	4	0.3
id-15299	6	2	24	0.5
id-15300	5	5	4	0.2
id-15301	10	8	7	0.3
id-15302	10	14	26	0.5
id-15303	10	15	26	0.4
id-15304	3	2	16	0.5
id-15305	8	3	6	0.5
id-15306	6	12	21	0.5
id-15307	4	2	6	0.5
id-15308	2	3	20	0.4
id-15309	10	2	17	0.3
id-15310	3	2	7	0.3
id-15311	5	8	18	0.4
id-15312	10	8	6	0.2
id-15313	10	9	5	0.5
id-15314	3	2	23	0.2
id-15315	8	6	10	0.5
id-15316	9	18	25	0.3
id-15317	6	3	20	0.4
id-15318	9	2	24	0.3
id-15319	7	11	17	0.3
id-15320	5	10	21	0.3
id-15321	6	11	24	0.4
id-15322	5	6	15	0.3
id-15323	2	3	23	0.4
id-15324	8	11	12	0.5
id-15325	6	2	23	0.3
id-15326	8	16	7	0.5
id-15327	5	8	20	0.4
id-15328	5	7	28	0.2
id-15329	3	2	5	0.4
id-15330	8	16	9	0.4
id-15331	8	2	24	0.5
id-15332	4	2	16	0.4
id-15333	1	2	12	0.4
id-15334	9	3	16	0.4
id-15335	7	7	9	0.4
id-15336	1	2	28	0.4
id-15337	3	5	18	0.3
id-15338	4	4	23	0.5
id-15339	3	4	12	0.3
id-15340	3	2	18	0.5
id-15341	1	2	12	0.4
id-15342	5	2	4	0.3
id-15343	9	5	13	0.4
id-15344	1	2	3	0.3
id-15345	1	2	16	0.4
id-15346	4	8	25	0.5
id-15347	4	3	29	0.2
id-15348	2	4	4	0.5
id-15349	10	18	16	0.3
id-15350	4	6	26	0.3
id-15351	2	3	23	0.2
id-15352	5	2	27	0.3
id-15353	4	6	3	0.4
id-15354	7	13	4	0.4
id-15355	4	5	26	0.2
id-15356	9	12	5	0.4
id-15357	6	10	27	0.3
id-15358	6	9	29	0.2
id-15359	1	2	6	0.4
id-15360	2	2	18	0.3
id-15361	4	3	10	0.3
id-15362	7	4	30	0.2
id-15363	8	13	20	0.4
id-15364	9	8	19	0.4
id-15365	3	5	10	0.3
id-15366	8	8	28	0.5
id-15367	1	2	19	0.4
id-15368	4	2	26	0.4
id-15369	4	4	9	0.4
id-15370	6	11	13	0.2
id-15371	6	6	6	0.3
id-15372	4	5	11	0.3
id-15373	5	6	27	0.3
id-15374	5	6	30	0.2
id-15375	5	2	24	0.5
id-15376	7	9	25	0.3
id-15377	2	2	30	0.5
id-15378	6	9	4	0.3
id-15379	1	2	18	0.4
id-15380	5	8	8	0.4
id-15381	5	5	7	0.4
id-15382	6	8	5	0.3
id-15383	9	8	14	0.3
id-15384	2	2	13	0.3
id-15385	8	16	15	0.2
id-15386	7	3	5	0.4
id-15387	7	10	17	0.3
id-15388	8	7	14	0.2
id-15389	5	4	4	0.3
id-15390	2	3	2	0.4
id-15391	10	18	2	0.4
id-15392	2	2	16	0.3
id-15393	2	3	13	0.3
id-15394	3	6	13	0.4
id-15395	9	15	6	0.3
id-15396	7	9	28	0.4
id-15397	2	3	8	0.4
id-15398	9	12	28	0.5
id-15399	9	14	30	0.5
id-15400	1	2	23	0.4
id-15401	7	10	14	0.3
id-15402	7	8	22	0.2
id-15403	10	10	4	0.3
id-15404	9	8	10	0.2
id-15405	8	2	3	0.4
id-15406	4	3	13	0.3
id-15407	10	19	2	0.4
id-15408	2	3	10	0.2
id-15409	3	5	2	0.3
id-15410	8	9	24	0.2
id-15411	2	2	2	0.2
id-15412	10	2	16	0.4
id-15413	10	18	17	0.2
id-15414	7	6	21	0.5
id-15415	10	14	19	0.3
id-15416	6	9	13	0.3
id-15417	6	5	5	0.5
id-15418	4	5	24	0.4
id-15419	8	4	3	0.4
id-15420	10	5	21	0.3
id-15421	9	11	23	0.3
id-15422	1	2	25	0.3
id-15423	7	8	14	0.2
id-15424	5	3	15	0.4
id-15425	9	13	25	0.2
id-15426	8	7	20	0.2
id-15427	4	8	18	0.3
id-15428	4	4	22	0.4
id-15429	10	12	1	0.3
id-15430	5	10	27	0.3
id-15431	2	2	10	0.3
id-15432	7	11	21	0.3
id-15433	9	5	2	0.4
id-15434	7	9	11	0.2
id-15435	9	11	3	0.4
id-15436	8	12	26	0.3
id-15437	6	9	12	0.2
id-15438	10	11	14	0.2
id-15439	9	12	12	0.2
id-15440	10	6	1	0.3
id-15441	10	10	5	0.5
id-15442	7	8	18	0.3
id-15443	7	10	30	0.5
id-15444	2	3	30	0.3
id-15445	10	17	9	0.4
id-15446	9	7	14	0.5
id-15447	7	14	25	0.3
id-15448	8	2	14	0.4
id-15449	5	8	27	0.3
id-15450	7	4	1	0.4
id-15451	1	2	21	0.3
id-15452	8	12	27	0.3
id-15453	4	7	17	0.3
id-15454	2	3	15	0.3
id-15455	9	10	30	0.4
id-15456	5	2	22	0.4
id-15457	9	9	13	0.4
id-15458	1	2	6	0.3
id-15459	10	4	14	0.5
id-15460	1	2	22	0.3
id-15461	6	2	30	0.3
id-15462	3	5	3	0.4
id-15463	7	4	11	0.2
id-15464	1	2	4	0.3
id-15465	1	2	3	0.5
id-15466	3	6	28	0.2
id-15467	6	2	1	0.4
id-15468	7	3	5	0.3
id-15469	5	10	5	0.3
id-15470	4	4	20	0.2
id-15471	1	2	27	0.4
id-15472	3	3	3	0.2
id-15473	1	2	16	0.4
id-15474	9	5	2	0.2
id-15475	5	9	27	0.5
id-15476	8	9	7	0.4
id-15477	3	6	22	0.3
id-15478	2	2	24	0.2
id-15479	1	2	16	0.4
id-15480	1	2	5	0.4
id-15481	3	3	23	0.2
id-15482	7	7	23	0.4
id-15483	7	11	16	0.4
id-15484	7	13	7	0.4
id-15485	10	17	23	0.4
id-15486	4	3	3	0.5
id-15487	6	8	29	0.5
id-15488	7	2	2	0.2
id-15489	1	2	29	0.5
id-15490	5	10	28	0.5
id-15491	8	14	17	0.3
id-15492	2	2	3	0.5
id-15493	8	10	9	0.3
id-15494	3	3	16	0.3
id-15495	1	2	27	0.5
id-15496	5	10	5	0.2
id-15497	8	6	9	0.3
id-15498	10	10	29	0.3
id-15499	4	6	11	0.3
id-15500	9	16	12	0.5
id-15501	5	8	30	0.4
id-15502	7	8	14	0.3
id-15503	1	2	9	0.4
id-15504	8	11	8	0.4
id-15505	9	16	21	0.3
id-15506	5	2	7	0.4
id-15507	6	9	12	0.4
id-15508	6	9	10	0.5
id-15509	8	7	12	0.4
id-15510	10	18	27	0.4
id-15511	4	4	14	0.3
id-15512	5	3	4	0.5
id-15513	3	3	14	0.3
id-15514	6	3	13	0.2
id-15515	4	3	3	0.3
id-15516	7	14	5	0.3
id-15517	4	4	7	0.3
id-15518	9	9	4	0.3
id-15519	8	16	3	0.3
id-15520	1	2	7	0.3
id-15521	3	4	16	0.4
id-15522	6	6	24	0.3
id-15523	3	3	22	0.4
id-15524	10	3	3	0.5
id-15525	2	4	17	0.3
id-15526	1	2	11	0.4
id-15527	5	2	10	0.5
id-15528	9	2	8	0.5
id-15529	3	5	11	0.2
id-15530	7	9	7	0.5
id-15531	5	4	12	0.3
id-15532	9	2	16	0.5
id-15533	3	2	3	0.4
id-15534	3	2	26	0.5
id-15535	1	2	17	0.3
id-15536	1	2	11	0.4
id-15537	8	5	12	0.3
id-15538	3	6	6	0.3
id-15539	4	2	27	0.2
id-15540	6	11	10	0.4
id-15541	7	7	25	0.2
id-15542	10	11	11	0.3
id-15543	7	11	19	0.4
id-15544	6	7	19	0.2
id-15545	5	4	10	0.2
id-15546	7	2	2	0.4
id-15547	8	5	2	0.4
id-15548	7	11	9	0.4
id-15549	6	8	9	0.3
id-15550	1	2	18	0.4
id-15551	8	9	3	0.5
id-15552	4	4	22	0.4
id-15553	10	9	1	0.4
id-15554	6	11	22	0.3
id-15555	2	2	10	0.3
id-15556	4	6	11	0.4
id-15557	9	10	14	0.5
id-15558	3	4	11	0.3
id-15559	10	2	11	0.3
id-15560	2	2	2	0.3
id-15561	10	7	3	0.3
id-15562	3	5	15	0.3
id-15563	3	3	30	0.4
id-15564	7	9	9	0.4
id-15565	10	16	16	0.4
id-15566	7	10	24	0.2
id-15567	10	11	20	0.5
id-15568	9	2	9	0.2
id-15569	1	2	9	0.4
id-15570	10	7	16	0.5
id-15571	8	5	26	0.5
id-15572	4	3	2	0.4
id-15573	4	7	18	0.2
id-15574	4	8	12	0.3
id-15575	8	8	13	0.3
id-15576	3	4	29	0.4
id-15577	10	9	23	0.2
id-15578	8	3	19	0.4
id-15579	10	9	13	0.3
id-15580	8	15	25	0.3
id-15581	4	3	16	0.4
id-15582	3	2	15	0.3
id-15583	8	15	13	0.3
id-15584	7	2	11	0.5
id-15585	7	10	6	0.3
id-15586	3	3	18	0.2
id-15587	1	2	9	0.3
id-15588	2	4	28	0.4
id-15589	6	5	16	0.3
id-15590	3	3	21	0.4
id-15591	3	2	8	0.5
id-15592	6	12	30	0.3
id-15593	5	9	21	0.4
id-15594	9	11	6	0.4
id-15595	6	4	9	0.5
id-15596	5	8	23	0.5
id-15597	6	8	24	0.4
id-15598	6	9	4	0.3
id-15599	5	2	4	0.4
id-15600	9	4	7	0.2
id-15601	9	18	23	0.3
id-15602	1	2	20	0.3
id-15603	6	10	10	0.2
id-15604	4	6	8	0.3
id-15605	4	4	9	0.4
id-15606	5	6	12	0.5
id-15607	7	9	30	0.4
id-15608	2	4	6	0.5
id-15609	1	2	25	0.3
id-15610	8	3	21	0.5
id-15611	10	16	26	0.5
id-15612	6	8	19	0.3
id-15613	1	2	22	0.3
id-15614	7	5	21	0.5
id-15615	6	4	19	0.2
id-15616	8	15	21	0.5
id-15617	1	2	13	0.4
id-15618	4	3	24	0.2
id-15619	9	3	23	0.4
id-15620	3	3	16	0.4
id-15621	8	5	5	0.3
id-15622	7	10	14	0.4
id-15623	5	8	9	0.3
id-15624	3	6	8	0.3
id-15625	5	7	24	0.5
id-15626	8	15	11	0.3
id-15627	3	3	10	0.3
id-15628	10	17	6	0.4
id-15629	5	4	10	0.4
id-15630	1	2	13	0.4
id-15631	8	12	12	0.3
id-15632	6	6	24	0.4
id-15633	4	5	8	0.4
id-15634	3	4	19	0.5
id-15635	5	6	7	0.4
id-15636	7	2	17	0.4
id-15637	6	10	4	0.5
id-15638	4	7	8	0.3
id-15639	1	2	12	0.4
id-15640	1	2	2	0.4
id-15641	9	8	17	0.3
id-15642	8	9	18	0.2
id-15643	4	7	5	0.4
id-15644	6	5	18	0.2
id-15645	3	2	20	0.3
id-15646	10	12	26	0.4
id-15647	6	3	17	0.3
id-15648	2	3	8	0.5
id-15649	5	4	25	0.4
id-15650	8	9	18	0.2
id-15651	3	6	5	0.5
id-15652	5	6	6	0.5
id-15653	9	2	22	0.5
id-15654	4	2	15	0.5
id-15655	10	7	4	0.5
id-15656	3	5	4	0.2
id-15657	5	2	21	0.5
id-15658	8	14	15	0.4
id-15659	1	2	24	0.5
id-15660	8	8	3	0.4
id-15661	5	3	14	0.3
id-15662	10	10	24	0.4
id-15663	9	14	4	0.2
id-15664	2	2	8	0.4
id-15665	2	2	14	0.4
id-15666	8	14	11	0.3
id-15667	8	4	14	0.3
id-15668	3	3	20	0.5
id-15669	6	12	16	0.3
id-15670	4	4	7	0.2
id-15671	1	2	27	0.3
id-15672	6	12	2	0.4
id-15673	9	7	18	0.4
id-15674	4	4	21	0.3
id-15675	4	6	8	0.5
id-15676	10	12	2	0.4
id-15677	7	10	1	0.3
id-15678	9	3	7	0.3
id-15679	10	16	29	0.4
id-15680	8	3	14	0.3
id-15681	5	8	29	0.3
id-15682	4	5	17	0.4
id-15683	6	11	29	0.3
id-15684	9	10	3	0.5
id-15685	5	10	20	0.3
id-15686	4	3	21	0.4
id-15687	4	6	20	0.5
id-15688	2	4	20	0.3
id-15689	7	8	8	0.4
id-15690	10	13	29	0.3
id-15691	2	3	11	0.4
id-15692	9	7	10	0.5
id-15693	2	3	7	0.2
id-15694	8	9	10	0.4
id-15695	3	2	1	0.2
id-15696	10	6	14	0.3
id-15697	7	3	25	0.5
id-15698	10	13	27	0.4
id-15699	7	4	18	0.3
id-15700	7	14	12	0.5
id-15701	4	2	17	0.4
id-15702	7	5	15	0.3
id-15703	5	9	9	0.3
id-15704	7	11	4	0.5
id-15705	6	9	4	0.4
id-15706	4	4	23	0.3
id-15707	4	6	19	0.5
id-15708	6	4	16	0.3
id-15709	9	18	4	0.2
id-15710	4	3	8	0.4
id-15711	10	20	28	0.4
id-15712	8	5	25	0.3
id-15713	6	11	19	0.2
id-15714	6	6	23	0.3
id-15715	1	2	19	0.4
id-15716	4	3	8	0.3
id-15717	9	5	17	0.3
id-15718	1	2	3	0.3
id-15719	4	6	10	0.2
id-15720	9	9	10	0.2
id-15721	3	6	14	0.5
id-15722	7	13	27	0.3
id-15723	3	5	29	0.3
id-15724	9	5	16	0.3
id-15725	7	12	10	0.4
id-15726	10	5	18	0.4
id-15727	9	12	8	0.3
id-15728	7	6	12	0.4
id-15729	3	6	1	0.4
id-15730	7	7	5	0.2
id-15731	6	12	24	0.3
id-15732	1	2	22	0.4
id-15733	8	7	5	0.3
id-15734	9	5	20	0.4
id-15735	8	3	2	0.4
id-15736	2	4	13	0.2
id-15737	6	7	12	0.4
id-15738	7	12	12	0.4
id-15739	1	2	30	0.5
id-15740	9	12	21	0.3
id-15741	2	4	2	0.3
id-15742	4	5	4	0.4
id-15743	1	2	20	0.3
id-15744	10	6	30	0.3
id-15745	10	18	19	0.4
id-15746	2	3	26	0.4
id-15747	1	2	26	0.5
id-15748	8	5	4	0.2
id-15749	5	8	7	0.3
id-15750	6	8	15	0.2
id-15751	7	14	5	0.4
id-15752	4	2	20	0.3
id-15753	3	5	17	0.3
id-15754	6	2	1	0.3
id-15755	9	17	12	0.3
id-15756	5	7	26	0.3
id-15757	4	5	12	0.2
id-15758	10	16	16	0.3
id-15759	7	11	29	0.4
id-15760	10	9	4	0.4
id-15761	10	2	20	0.3
id-15762	5	4	22	0.4
id-15763	9	3	8	0.3
id-15764	4	5	26	0.4
id-15765	7	8	18	0.2
id-15766	7	2	22	0.5
id-15767	6	5	14	0.3
id-15768	1	2	30	0.4
id-15769	10	9	23	0.5
id-15770	9	14	12	0.3
id-15771	8	4	12	0.4
id-15772	9	12	8	0.4
id-15773	3	6	21	0.3
id-15774	10	11	23	0.3
id-15775	4	5	13	0.4
id-15776	1	2	16	0.5
id-15777	9	7	30	0.3
id-15778	4	2	13	0.2
id-15779	4	8	17	0.3
id-15780	6	11	5	0.3
id-15781	7	5	12	0.5
id-15782	8	10	21	0.3
id-15783	5	2	11	0.5
id-15784	5	2	10	0.3
id-15785	6	9	10	0.3
id-15786	10	8	3	0.4
id-15787	10	13	11	0.4
id-15788	10	16	25	0.4
id-15789	2	2	16	0.3
id-15790	6	4	9	0.5
id-15791	8	10	15	0.5
id-15792	9	2	19	0.3
id-15793	7	4	8	0.3
id-15794	5	9	30	0.4
id-15795	10	6	7	0.4
id-15796	8	14	30	0.5
id-15797	10	11	28	0.4
id-15798	2	3	27	0.4
id-15799	10	10	30	0.4
id-15800	4	3	6	0.4
id-15801	2	2	28	0.4
id-15802	6	7	30	0.5
id-15803	4	7	22	0.3
id-15804	4	2	12	0.2
id-15805	10	7	29	0.5
id-15806	9	11	22	0.4
id-15807	7	11	1	0.5
id-15808	3	6	3	0.3
id-15809	9	3	7	0.5
id-15810	3	6	6	0.5
id-15811	3	3	29	0.4
id-15812	7	11	13	0.3
id-15813	1	2	10	0.2
id-15814	9	13	10	0.5
id-15815	8	11	7	0.4
id-15816	4	2	15	0.2
id-15817	8	14	8	0.2
id-15818	6	2	3	0.5
id-15819	5	2	30	0.4
id-15820	5	6	16	0.4
id-15821	10	3	22	0.2
id-15822	7	5	12	0.2
id-15823	7	5	3	0.4
id-15824	2	2	8	0.5
id-15825	8	11	8	0.3
id-15826	6	8	2	0.3
id-15827	5	10	3	0.2
id-15828	6	8	2	0.4
id-15829	8	16	7	0.3
id-15830	10	3	11	0.4
id-15831	2	4	30	0.2
id-15832	2	2	11	0.4
id-15833	1	2	9	0.4
id-15834	10	2	11	0.3
id-15835	10	16	10	0.3
id-15836	9	18	26	0.3
id-15837	1	2	15	0.4
id-15838	2	4	9	0.2
id-15839	2	3	22	0.4
id-15840	6	3	2	0.3
id-15841	8	6	11	0.2
id-15842	9	4	14	0.4
id-15843	1	2	5	0.5
id-15844	3	4	11	0.4
id-15845	1	2	12	0.3
id-15846	1	2	5	0.5
id-15847	3	6	22	0.4
id-15848	10	15	16	0.4
id-15849	10	10	1	0.4
id-15850	9	16	19	0.4
id-15851	2	4	23	0.3
id-15852	3	3	22	0.4
id-15853	2	4	19	0.2
id-15854	2	3	10	0.4
id-15855	2	3	8	0.3
id-15856	8	2	13	0.3
id-15857	10	17	26	0.4
id-15858	3	3	7	0.5
id-15859	5	8	24	0.3
id-15860	10	10	26	0.4
id-15861	8	10	11	0.5
id-15862	8	4	9	0.3
id-15863	5	10	4	0.5
id-15864	8	2	25	0.5
id-15865	7	5	4	0.5
id-15866	8	2	12	0.5
id-15867	10	2	25	0.5
id-15868	1	2	4	0.3
id-15869	7	8	12	0.3
id-15870	2	4	19	0.3
id-15871	3	5	27	0.4
id-15872	7	9	26	0.5
id-15873	6	2	24	0.5
id-15874	5	5	7	0.4
id-15875	1	2	15	0.3
id-15876	7	5	15	0.2
id-15877	3	4	9	0.3
id-15878	2	2	16	0.2
id-15879	5	10	14	0.3
id-15880	1	2	12	0.5
id-15881	9	16	20	0.3
id-15882	5	8	23	0.2
id-15883	7	12	13	0.4
id-15884	7	10	9	0.4
id-15885	6	9	24	0.2
id-15886	2	3	6	0.2
id-15887	2	3	12	0.2
id-15888	8	15	20	0.3
id-15889	4	7	24	0.2
id-15890	2	3	1	0.3
id-15891	1	2	24	0.2
id-15892	10	10	20	0.2
id-15893	4	8	11	0.5
id-15894	7	14	29	0.4
id-15895	7	2	20	0.5
id-15896	7	2	13	0.3
id-15897	4	8	25	0.3
id-15898	10	17	21	0.4
id-15899	3	5	14	0.5
id-15900	4	2	12	0.2
id-15901	10	4	22	0.2
id-15902	10	9	18	0.5
id-15903	8	11	25	0.4
id-15904	4	2	12	0.4
id-15905	4	6	26	0.4
id-15906	6	4	22	0.5
id-15907	4	6	11	0.3
id-15908	8	12	2	0.2
id-15909	8	13	2	0.4
id-15910	5	3	9	0.4
id-15911	7	14	7	0.4
id-15912	8	12	24	0.5
id-15913	1	2	15	0.2
id-15914	6	10	8	0.2
id-15915	8	3	4	0.2
id-15916	3	2	4	0.3
id-15917	9	10	4	0.4
id-15918	10	8	12	0.2
id-15919	1	2	15	0.3
id-15920	10	4	3	0.5
id-15921	6	12	9	0.3
id-15922	2	2	3	0.5
id-15923	4	2	13	0.4
id-15924	9	4	18	0.2
id-15925	9	3	6	0.4
id-15926	7	11	25	0.4
id-15927	1	2	15	0.4
id-15928	8	14	15	0.5
id-15929	10	11	20	0.4
id-15930	3	5	27	0.5
id-15931	8	10	25	0.4
id-15932	4	3	16	0.2
id-15933	6	9	13	0.4
id-15934	2	3	24	0.4
id-15935	9	3	15	0.4
id-15936	5	10	5	0.4
id-15937	2	4	4	0.5
id-15938	7	11	27	0.4
id-15939	6	11	14	0.3
id-15940	3	6	23	0.3
id-15941	4	5	18	0.2
id-15942	1	2	20	0.2
id-15943	5	6	7	0.2
id-15944	4	4	11	0.3
id-15945	10	13	19	0.2
id-15946	6	11	2	0.4
id-15947	6	9	6	0.4
id-15948	5	3	7	0.2
id-15949	5	2	24	0.3
id-15950	5	3	6	0.4
id-15951	5	10	8	0.4
id-15952	9	4	7	0.4
id-15953	8	10	23	0.3
id-15954	7	14	13	0.2
id-15955	6	4	18	0.4
id-15956	7	2	6	0.5
id-15957	8	9	29	0.4
id-15958	8	10	5	0.3
id-15959	1	2	26	0.3
id-15960	6	12	7	0.3
id-15961	2	4	21	0.2
id-15962	4	4	27	0.2
id-15963	2	4	14	0.3
id-15964	7	2	4	0.2
id-15965	5	7	22	0.4
id-15966	2	4	6	0.4
id-15967	2	3	5	0.4
id-15968	8	16	25	0.2
id-15969	4	2	13	0.5
id-15970	7	9	15	0.2
id-15971	8	13	9	0.3
id-15972	2	3	10	0.5
id-15973	9	18	4	0.3
id-15974	2	3	29	0.3
id-15975	3	2	28	0.3
id-15976	2	2	24	0.2
id-15977	3	6	30	0.3
id-15978	1	2	30	0.3
id-15979	10	20	5	0.3
id-15980	7	11	6	0.4
id-15981	1	2	21	0.3
id-15982	5	4	4	0.5
id-15983	5	4	28	0.3
id-15984	8	12	16	0.3
id-15985	3	4	4	0.3
id-15986	2	3	15	0.3
id-15987	5	5	13	0.5
id-15988	6	10	14	0.4
id-15989	10	4	27	0.5
id-15990	4	2	1	0.2
id-15991	10	7	3	0.3
id-15992	2	3	7	0.4
id-15993	4	4	2	0.5
id-15994	5	10	22	0.3
id-15995	9	17	19	0.5
id-15996	8	16	19	0.4
id-15997	9	5	30	0.5
id-15998	6	2	18	0.5
id-15999	2	2	26	0.3
id-16000	4	2	6	0.3
id-16001	4	2	22	0.2
id-16002	9	2	1	0.5
id-16003	10	16	30	0.2
id-16004	2	4	25	0.4
id-16005	6	5	6	0.4
id-16006	7	2	14	0.4
id-16007	10	15	15	0.4
id-16008	9	17	29	0.5
id-16009	8	14	25	0.5
id-16010	2	4	26	0.3
id-16011	5	3	12	0.3
id-16012	2	4	25	0.4
id-16013	3	6	7	0.4
id-16014	4	3	12	0.4
id-16015	9	15	11	0.5
id-16016	10	9	5	0.2
id-16017	8	13	1	0.3
id-16018	7	11	14	0.2
id-16019	2	4	14	0.3
id-16020	6	10	10	0.3
id-16021	9	15	3	0.3
id-16022	6	7	12	0.3
id-16023	8	7	20	0.4
id-16024	9	8	30	0.5
id-16025	7	11	8	0.2
id-16026	4	5	26	0.4
id-16027	8	16	14	0.3
id-16028	6	3	27	0.4
id-16029	7	11	5	0.3
id-16030	4	4	15	0.2
id-16031	8	13	19	0.4
id-16032	1	2	4	0.2
id-16033	7	13	24	0.3
id-16034	5	7	9	0.4
id-16035	8	10	4	0.2
id-16036	1	2	1	0.4
id-16037	5	3	6	0.4
id-16038	8	13	24	0.4
id-16039	10	10	8	0.3
id-16040	7	11	3	0.2
id-16041	2	3	29	0.3
id-16042	5	2	30	0.2
id-16043	4	4	26	0.4
id-16044	10	18	7	0.5
id-16045	8	5	18	0.3
id-16046	9	7	11	0.5
id-16047	6	6	7	0.3
id-16048	10	8	17	0.4
id-16049	9	10	8	0.3
id-16050	9	17	13	0.4
id-16051	9	5	6	0.3
id-16052	6	5	24	0.4
id-16053	7	3	28	0.2
id-16054	9	5	3	0.2
id-16055	10	8	30	0.4
id-16056	9	14	28	0.4
id-16057	5	5	29	0.4
id-16058	5	9	11	0.3
id-16059	5	5	17	0.2
id-16060	9	5	22	0.5
id-16061	10	15	18	0.2
id-16062	8	5	1	0.4
id-16063	8	2	3	0.2
id-16064	4	4	5	0.2
id-16065	5	7	3	0.4
id-16066	4	7	5	0.3
id-16067	10	5	24	0.2
id-16068	10	2	4	0.3
id-16069	5	6	11	0.2
id-16070	3	5	26	0.4
id-16071	9	3	7	0.2
id-16072	4	8	15	0.4
id-16073	5	10	27	0.5
id-16074	2	4	13	0.2
id-16075	6	6	19	0.3
id-16076	7	8	5	0.2
id-16077	3	5	14	0.3
id-16078	8	2	30	0.4
id-16079	4	2	8	0.2
id-16080	10	5	24	0.5
id-16081	10	9	3	0.2
id-16082	10	7	26	0.2
id-16083	3	5	30	0.4
id-16084	8	3	18	0.3
id-16085	3	4	14	0.2
id-16086	8	5	1	0.4
id-16087	7	14	7	0.2
id-16088	6	2	17	0.5
id-16089	10	6	13	0.3
id-16090	7	3	2	0.4
id-16091	10	16	25	0.4
id-16092	1	2	30	0.4
id-16093	9	18	24	0.2
id-16094	1	2	9	0.3
id-16095	6	11	30	0.4
id-16096	6	11	1	0.2
id-16097	5	6	25	0.3
id-16098	3	5	20	0.3
id-16099	5	9	17	0.3
id-16100	3	5	8	0.4
id-16101	5	2	5	0.2
id-16102	9	14	12	0.4
id-16103	6	2	2	0.3
id-16104	2	3	21	0.2
id-16105	3	6	16	0.5
id-16106	10	13	21	0.4
id-16107	10	12	27	0.3
id-16108	9	16	30	0.5
id-16109	10	2	9	0.3
id-16110	1	2	7	0.3
id-16111	5	5	19	0.3
id-16112	6	9	8	0.3
id-16113	4	8	14	0.5
id-16114	4	4	15	0.5
id-16115	3	2	29	0.2
id-16116	9	11	17	0.2
id-16117	6	6	20	0.4
id-16118	5	2	21	0.3
id-16119	2	2	29	0.5
id-16120	8	8	24	0.5
id-16121	2	4	11	0.3
id-16122	10	15	19	0.4
id-16123	6	12	21	0.4
id-16124	2	3	16	0.3
id-16125	7	3	25	0.2
id-16126	3	5	20	0.4
id-16127	6	12	4	0.3
id-16128	10	12	6	0.3
id-16129	7	9	26	0.4
id-16130	7	12	16	0.5
id-16131	2	4	15	0.3
id-16132	5	2	15	0.4
id-16133	1	2	16	0.2
id-16134	5	8	25	0.4
id-16135	8	12	29	0.5
id-16136	3	2	28	0.2
id-16137	10	12	25	0.3
id-16138	7	13	8	0.2
id-16139	9	3	4	0.4
id-16140	8	7	1	0.2
id-16141	9	8	5	0.3
id-16142	10	12	25	0.3
id-16143	5	3	17	0.3
id-16144	9	6	20	0.3
id-16145	2	4	3	0.4
id-16146	10	16	1	0.5
id-16147	9	9	1	0.3
id-16148	10	18	9	0.3
id-16149	3	5	26	0.4
id-16150	8	13	28	0.5
id-16151	6	6	27	0.3
id-16152	4	7	21	0.5
id-16153	8	16	20	0.2
id-16154	8	7	9	0.3
id-16155	1	2	10	0.4
id-16156	10	3	4	0.5
id-16157	2	2	30	0.2
id-16158	1	2	30	0.3
id-16159	6	7	18	0.3
id-16160	2	4	22	0.4
id-16161	1	2	11	0.5
id-16162	3	5	25	0.4
id-16163	6	7	2	0.2
id-16164	2	2	1	0.3
id-16165	9	5	3	0.4
id-16166	3	5	28	0.2
id-16167	4	5	19	0.2
id-16168	7	6	10	0.3
id-16169	4	4	4	0.2
id-16170	3	3	26	0.5
id-16171	6	7	21	0.3
id-16172	3	2	7	0.4
id-16173	4	8	8	0.4
id-16174	3	3	27	0.5
id-16175	4	6	4	0.2
id-16176	9	13	25	0.4
id-16177	6	5	28	0.3
id-16178	4	3	5	0.3
id-16179	4	3	26	0.2
id-16180	5	7	5	0.4
id-16181	3	5	20	0.4
id-16182	10	13	4	0.4
id-16183	2	2	18	0.3
id-16184	2	3	18	0.5
id-16185	3	3	2	0.4
id-16186	6	3	2	0.2
id-16187	4	2	9	0.4
id-16188	1	2	1	0.4
id-16189	8	2	3	0.2
id-16190	2	2	7	0.3
id-16191	9	16	14	0.4
id-16192	4	4	27	0.2
id-16193	5	5	11	0.5
id-16194	9	3	16	0.3
id-16195	7	13	29	0.5
id-16196	1	2	4	0.2
id-16197	4	3	25	0.3
id-16198	10	5	13	0.4
id-16199	2	2	30	0.5
id-16200	3	6	1	0.3
id-16201	4	4	19	0.4
id-16202	8	4	27	0.3
id-16203	1	2	15	0.2
id-16204	10	4	24	0.3
id-16205	6	2	22	0.2
id-16206	2	4	22	0.2
id-16207	9	17	18	0.2
id-16208	4	4	26	0.3
id-16209	4	8	4	0.3
id-16210	8	13	9	0.4
id-16211	8	9	11	0.3
id-16212	4	3	8	0.4
id-16213	7	4	29	0.2
id-16214	6	3	3	0.3
id-16215	9	17	20	0.4
id-16216	1	2	16	0.5
id-16217	6	11	13	0.4
id-16218	10	11	5	0.2
id-16219	8	6	9	0.3
id-16220	10	20	4	0.4
id-16221	8	10	30	0.4
id-16222	8	16	6	0.3
id-16223	3	3	29	0.4
id-16224	4	3	8	0.4
id-16225	4	5	2	0.5
id-16226	4	2	2	0.3
id-16227	1	2	23	0.2
id-16228	2	4	13	0.3
id-16229	3	3	2	0.3
id-16230	3	3	5	0.5
id-16231	9	5	17	0.4
id-16232	1	2	13	0.4
id-16233	5	5	15	0.2
id-16234	10	6	23	0.3
id-16235	6	10	29	0.2
id-16236	6	9	13	0.3
id-16237	8	10	23	0.5
id-16238	10	9	15	0.4
id-16239	8	6	9	0.3
id-16240	3	4	30	0.4
id-16241	10	18	12	0.4
id-16242	2	2	11	0.5
id-16243	2	2	30	0.2
id-16244	10	6	17	0.3
id-16245	7	3	19	0.3
id-16246	10	10	4	0.4
id-16247	5	6	23	0.2
id-16248	8	15	29	0.3
id-16249	3	3	10	0.4
id-16250	4	5	7	0.5
id-16251	5	9	29	0.5
id-16252	10	19	26	0.2
id-16253	5	6	6	0.3
id-16254	1	2	28	0.4
id-16255	8	8	26	0.3
id-16256	1	2	30	0.3
id-16257	4	4	13	0.4
id-16258	10	8	22	0.2
id-16259	3	6	28	0.3
id-16260	9	16	10	0.3
id-16261	6	6	29	0.4
id-16262	7	14	3	0.3
id-16263	1	2	10	0.4
id-16264	10	12	28	0.4
id-16265	10	15	27	0.4
id-16266	4	7	30	0.2
id-16267	6	7	20	0.3
id-16268	7	14	15	0.4
id-16269	8	16	3	0.2
id-16270	5	4	7	0.5
id-16271	7	13	23	0.4
id-16272	8	15	5	0.2
id-16273	5	2	11	0.3
id-16274	3	2	13	0.2
id-16275	4	5	11	0.3
id-16276	8	5	16	0.4
id-16277	5	7	11	0.2
id-16278	7	12	28	0.5
id-16279	7	11	26	0.2
id-16280	10	17	30	0.4
id-16281	3	5	10	0.3
id-16282	7	3	3	0.5
id-16283	8	10	14	0.3
id-16284	2	3	21	0.4
id-16285	5	6	1	0.3
id-16286	9	18	17	0.5
id-16287	9	5	13	0.5
id-16288	1	2	2	0.3
id-16289	5	10	27	0.4
id-16290	3	2	30	0.5
id-16291	8	4	26	0.5
id-16292	7	2	19	0.2
id-16293	9	4	18	0.5
id-16294	8	4	6	0.3
id-16295	9	15	24	0.2
id-16296	4	7	23	0.2
id-16297	9	7	28	0.3
id-16298	1	2	28	0.3
id-16299	5	6	24	0.4
id-16300	9	7	28	0.3
id-16301	1	2	1	0.3
id-16302	5	7	25	0.2
id-16303	6	7	12	0.4
id-16304	5	7	15	0.4
id-16305	5	3	13	0.3
id-16306	9	13	26	0.3
id-16307	7	3	11	0.5
id-16308	4	8	28	0.3
id-16309	1	2	24	0.2
id-16310	1	2	4	0.2
id-16311	6	5	21	0.2
id-16312	6	6	29	0.3
id-16313	7	14	17	0.2
id-16314	7	11	6	0.2
id-16315	2	4	22	0.5
id-16316	8	5	30	0.3
id-16317	4	6	21	0.2
id-16318	3	2	30	0.3
id-16319	10	15	8	0.2
id-16320	4	7	6	0.2
id-16321	4	8	1	0.5
id-16322	7	13	26	0.3
id-16323	1	2	9	0.2
id-16324	2	3	27	0.5
id-16325	6	12	2	0.3
id-16326	10	15	7	0.4
id-16327	4	6	26	0.2
id-16328	8	9	15	0.5
id-16329	1	2	12	0.3
id-16330	1	2	11	0.4
id-16331	8	7	30	0.3
id-16332	8	2	20	0.5
id-16333	7	11	1	0.5
id-16334	7	2	23	0.4
id-16335	3	6	17	0.3
id-16336	7	6	23	0.4
id-16337	7	9	23	0.3
id-16338	6	6	9	0.4
id-16339	5	3	23	0.3
id-16340	3	6	7	0.4
id-16341	8	3	17	0.4
id-16342	6	4	4	0.2
id-16343	2	2	21	0.4
id-16344	2	3	15	0.3
id-16345	2	2	6	0.3
id-16346	5	2	28	0.2
id-16347	7	8	18	0.2
id-16348	1	2	7	0.4
id-16349	6	4	10	0.2
id-16350	4	5	9	0.2
id-16351	7	3	1	0.3
id-16352	10	16	28	0.3
id-16353	8	5	20	0.3
id-16354	9	5	22	0.4
id-16355	7	10	12	0.4
id-16356	5	6	29	0.2
id-16357	2	4	8	0.4
id-16358	9	12	19	0.4
id-16359	7	7	3	0.4
id-16360	10	17	26	0.4
id-16361	10	20	23	0.3
id-16362	5	9	28	0.4
id-16363	10	8	29	0.3
id-16364	6	8	29	0.2
id-16365	10	7	15	0.5
id-16366	10	12	26	0.4
id-16367	2	3	28	0.3
id-16368	7	12	9	0.4
id-16369	3	5	30	0.4
id-16370	5	9	2	0.3
id-16371	10	2	7	0.2
id-16372	5	4	25	0.4
id-16373	10	16	27	0.2
id-16374	1	2	1	0.4
id-16375	6	7	14	0.2
id-16376	6	4	21	0.2
id-16377	9	2	30	0.4
id-16378	8	9	1	0.2
id-16379	8	5	27	0.4
id-16380	4	3	8	0.3
id-16381	10	7	9	0.5
id-16382	1	2	26	0.4
id-16383	2	3	1	0.4
id-16384	4	4	14	0.4
id-16385	7	6	15	0.3
id-16386	4	5	17	0.2
id-16387	5	5	13	0.4
id-16388	9	16	2	0.3
id-16389	5	6	27	0.4
id-16390	9	4	23	0.3
id-16391	7	4	7	0.5
id-16392	7	4	12	0.5
id-16393	7	3	6	0.4
id-16394	7	9	18	0.5
id-16395	7	4	12	0.5
id-16396	10	13	3	0.3
id-16397	1	2	27	0.3
id-16398	9	14	22	0.4
id-16399	7	5	25	0.2
id-16400	10	18	18	0.2
id-16401	9	17	4	0.4
id-16402	7	13	22	0.3
id-16403	6	8	13	0.3
id-16404	1	2	29	0.5
id-16405	1	2	29	0.2
id-16406	6	9	28	0.4
id-16407	7	12	28	0.3
id-16408	6	2	17	0.5
id-16409	8	7	27	0.4
id-16410	2	3	12	0.2
id-16411	9	4	1	0.3
id-16412	4	3	29	0.3
id-16413	9	10	30	0.3
id-16414	4	7	30	0.3
id-16415	3	5	27	0.5
id-16416	3	4	9	0.3
id-16417	2	4	11	0.5
id-16418	10	17	25	0.2
id-16419	9	13	14	0.2
id-16420	10	8	7	0.2
id-16421	1	2	1	0.5
id-16422	2	3	23	0.4
id-16423	6	6	1	0.4
id-16424	1	2	29	0.4
id-16425	8	6	25	0.4
id-16426	5	7	26	0.4
id-16427	9	9	26	0.4
id-16428	3	2	24	0.3
id-16429	2	2	10	0.3
id-16430	1	2	16	0.3
id-16431	7	8	3	0.3
id-16432	4	7	21	0.3
id-16433	4	3	16	0.5
id-16434	2	3	16	0.4
id-16435	5	3	23	0.4
id-16436	7	10	13	0.4
id-16437	10	14	23	0.5
id-16438	1	2	15	0.5
id-16439	7	13	4	0.4
id-16440	8	2	20	0.3
id-16441	10	15	19	0.4
id-16442	3	6	25	0.2
id-16443	8	2	17	0.2
id-16444	10	15	19	0.2
id-16445	6	3	23	0.3
id-16446	4	7	16	0.4
id-16447	4	2	4	0.2
id-16448	8	3	15	0.2
id-16449	8	15	7	0.4
id-16450	10	7	17	0.4
id-16451	6	11	23	0.3
id-16452	9	17	9	0.3
id-16453	10	17	27	0.5
id-16454	3	2	10	0.5
id-16455	1	2	2	0.2
id-16456	2	2	16	0.4
id-16457	4	5	23	0.3
id-16458	3	3	11	0.4
id-16459	5	3	21	0.4
id-16460	8	6	22	0.2
id-16461	7	6	27	0.5
id-16462	3	2	28	0.4
id-16463	8	6	13	0.3
id-16464	9	4	15	0.3
id-16465	8	8	19	0.4
id-16466	2	3	14	0.5
id-16467	9	12	11	0.3
id-16468	6	7	8	0.3
id-16469	4	6	27	0.4
id-16470	8	12	5	0.5
id-16471	5	9	26	0.5
id-16472	5	5	5	0.3
id-16473	6	11	4	0.3
id-16474	5	7	12	0.5
id-16475	9	3	22	0.4
id-16476	2	4	5	0.2
id-16477	2	3	10	0.2
id-16478	9	6	24	0.3
id-16479	9	15	3	0.4
id-16480	6	5	21	0.3
id-16481	7	14	28	0.2
id-16482	9	4	26	0.2
id-16483	10	7	28	0.4
id-16484	6	6	28	0.5
id-16485	4	8	21	0.4
id-16486	8	3	9	0.3
id-16487	6	12	6	0.2
id-16488	5	4	17	0.3
id-16489	2	4	25	0.5
id-16490	7	3	15	0.5
id-16491	3	5	25	0.3
id-16492	6	12	26	0.3
id-16493	7	13	27	0.5
id-16494	8	2	23	0.2
id-16495	7	4	24	0.4
id-16496	4	8	20	0.3
id-16497	7	6	30	0.4
id-16498	7	5	2	0.5
id-16499	3	4	16	0.4
id-16500	6	9	25	0.4
id-16501	7	13	17	0.4
id-16502	3	5	19	0.4
id-16503	10	2	27	0.5
id-16504	4	5	28	0.3
id-16505	10	12	22	0.5
id-16506	4	4	12	0.5
id-16507	9	12	25	0.3
id-16508	4	5	21	0.3
id-16509	2	4	28	0.4
id-16510	4	8	18	0.2
id-16511	5	10	16	0.5
id-16512	2	3	27	0.5
id-16513	6	11	30	0.5
id-16514	8	6	28	0.2
id-16515	7	11	4	0.2
id-16516	6	5	27	0.4
id-16517	3	4	7	0.2
id-16518	1	2	12	0.4
id-16519	10	17	11	0.5
id-16520	9	4	2	0.2
id-16521	4	3	6	0.4
id-16522	1	2	21	0.3
id-16523	3	6	14	0.3
id-16524	9	17	8	0.2
id-16525	7	5	4	0.4
id-16526	9	3	13	0.4
id-16527	9	11	30	0.5
id-16528	1	2	13	0.4
id-16529	6	9	26	0.4
id-16530	1	2	26	0.2
id-16531	9	13	20	0.5
id-16532	6	6	16	0.2
id-16533	10	5	28	0.3
id-16534	1	2	22	0.4
id-16535	7	8	11	0.5
id-16536	6	9	12	0.2
id-16537	4	7	2	0.2
id-16538	6	3	24	0.4
id-16539	6	7	18	0.5
id-16540	9	13	2	0.4
id-16541	3	6	30	0.2
id-16542	1	2	17	0.3
id-16543	10	20	25	0.4
id-16544	1	2	29	0.4
id-16545	7	6	5	0.3
id-16546	8	2	29	0.2
id-16547	7	12	27	0.3
id-16548	9	12	22	0.2
id-16549	4	3	29	0.4
id-16550	5	8	21	0.2
id-16551	8	6	23	0.5
id-16552	8	7	7	0.3
id-16553	3	3	29	0.4
id-16554	5	6	15	0.3
id-16555	3	5	6	0.4
id-16556	8	8	20	0.5
id-16557	8	5	1	0.4
id-16558	7	12	6	0.5
id-16559	9	17	19	0.4
id-16560	10	10	6	0.4
id-16561	8	3	9	0.2
id-16562	9	11	7	0.3
id-16563	6	9	12	0.4
id-16564	3	2	17	0.5
id-16565	4	8	19	0.2
id-16566	10	20	27	0.5
id-16567	3	5	4	0.5
id-16568	4	6	6	0.5
id-16569	5	7	16	0.2
id-16570	6	9	27	0.2
id-16571	6	7	15	0.2
id-16572	9	18	26	0.4
id-16573	5	4	6	0.3
id-16574	4	2	3	0.3
id-16575	4	3	6	0.3
id-16576	4	8	24	0.4
id-16577	4	2	3	0.4
id-16578	8	13	18	0.3
id-16579	3	5	16	0.5
id-16580	9	18	9	0.4
id-16581	6	2	9	0.5
id-16582	7	5	20	0.3
id-16583	6	11	24	0.2
id-16584	1	2	6	0.4
id-16585	10	17	4	0.2
id-16586	6	4	29	0.3
id-16587	8	16	1	0.3
id-16588	5	6	13	0.3
id-16589	3	5	2	0.2
id-16590	8	14	25	0.4
id-16591	1	2	5	0.2
id-16592	7	5	21	0.4
id-16593	4	5	13	0.2
id-16594	8	11	4	0.4
id-16595	8	5	3	0.3
id-16596	2	4	25	0.5
id-16597	3	6	14	0.2
id-16598	7	10	8	0.4
id-16599	5	2	27	0.3
id-16600	7	9	29	0.4
id-16601	4	2	29	0.4
id-16602	2	4	11	0.3
id-16603	1	2	29	0.4
id-16604	2	3	25	0.4
id-16605	1	2	7	0.3
id-16606	4	4	18	0.3
id-16607	1	2	28	0.4
id-16608	5	9	24	0.4
id-16609	5	10	27	0.4
id-16610	4	7	6	0.3
id-16611	2	3	20	0.4
id-16612	4	5	1	0.3
id-16613	8	6	26	0.4
id-16614	9	2	30	0.4
id-16615	6	7	7	0.3
id-16616	4	6	10	0.2
id-16617	4	8	20	0.4
id-16618	6	10	23	0.5
id-16619	7	11	20	0.4
id-16620	1	2	15	0.4
id-16621	2	2	4	0.3
id-16622	9	16	11	0.3
id-16623	6	8	16	0.4
id-16624	5	4	18	0.2
id-16625	8	11	28	0.4
id-16626	10	15	27	0.2
id-16627	8	10	1	0.4
id-16628	4	6	21	0.3
id-16629	1	2	13	0.2
id-16630	2	2	17	0.4
id-16631	2	4	18	0.4
id-16632	2	2	12	0.4
id-16633	8	11	8	0.3
id-16634	5	8	2	0.4
id-16635	3	3	15	0.5
id-16636	2	4	14	0.5
id-16637	5	9	3	0.2
id-16638	9	10	25	0.4
id-16639	9	14	20	0.4
id-16640	10	5	18	0.4
id-16641	2	4	12	0.3
id-16642	5	7	28	0.3
id-16643	9	9	16	0.3
id-16644	9	4	17	0.3
id-16645	7	11	3	0.3
id-16646	3	4	7	0.5
id-16647	1	2	12	0.4
id-16648	8	5	7	0.3
id-16649	4	4	1	0.5
id-16650	8	7	25	0.2
id-16651	10	17	3	0.3
id-16652	7	6	14	0.4
id-16653	10	8	2	0.4
id-16654	6	8	30	0.5
id-16655	2	4	5	0.5
id-16656	10	11	14	0.3
id-16657	3	3	16	0.2
id-16658	3	5	8	0.3
id-16659	3	6	9	0.4
id-16660	4	6	16	0.5
id-16661	9	2	22	0.4
id-16662	1	2	21	0.4
id-16663	8	7	10	0.2
id-16664	5	4	6	0.5
id-16665	10	14	29	0.3
id-16666	2	3	29	0.3
id-16667	2	3	8	0.3
id-16668	1	2	16	0.2
id-16669	5	4	10	0.3
id-16670	7	9	19	0.2
id-16671	6	5	1	0.4
id-16672	4	3	26	0.3
id-16673	2	4	25	0.3
id-16674	2	2	20	0.3
id-16675	1	2	7	0.2
id-16676	9	7	2	0.4
id-16677	10	18	17	0.3
id-16678	3	4	19	0.2
id-16679	1	2	4	0.4
id-16680	5	4	13	0.4
id-16681	9	7	18	0.5
id-16682	9	16	18	0.3
id-16683	10	16	9	0.5
id-16684	5	6	1	0.2
id-16685	8	3	15	0.5
id-16686	3	4	11	0.4
id-16687	8	2	23	0.4
id-16688	5	4	22	0.3
id-16689	5	10	19	0.3
id-16690	5	2	30	0.3
id-16691	2	4	3	0.3
id-16692	4	2	21	0.4
id-16693	6	12	5	0.2
id-16694	4	6	2	0.3
id-16695	4	2	27	0.3
id-16696	10	19	27	0.4
id-16697	2	4	4	0.4
id-16698	10	7	9	0.3
id-16699	5	6	26	0.5
id-16700	6	8	22	0.4
id-16701	4	2	26	0.3
id-16702	2	3	11	0.3
id-16703	5	3	10	0.4
id-16704	2	4	22	0.4
id-16705	5	5	23	0.4
id-16706	6	9	20	0.4
id-16707	1	2	17	0.4
id-16708	2	2	2	0.3
id-16709	8	14	24	0.4
id-16710	5	10	28	0.3
id-16711	6	11	24	0.4
id-16712	10	6	2	0.2
id-16713	1	2	26	0.3
id-16714	6	11	17	0.4
id-16715	5	9	29	0.3
id-16716	1	2	28	0.3
id-16717	5	4	10	0.3
id-16718	7	3	30	0.3
id-16719	4	6	29	0.4
id-16720	9	4	20	0.3
id-16721	7	5	5	0.3
id-16722	5	5	26	0.4
id-16723	7	2	18	0.4
id-16724	10	12	12	0.4
id-16725	10	20	14	0.3
id-16726	9	12	6	0.2
id-16727	10	4	17	0.2
id-16728	6	5	11	0.4
id-16729	3	5	30	0.3
id-16730	2	2	4	0.4
id-16731	2	4	8	0.4
id-16732	1	2	10	0.4
id-16733	9	10	12	0.3
id-16734	2	4	28	0.2
id-16735	1	2	8	0.3
id-16736	4	7	9	0.4
id-16737	1	2	27	0.3
id-16738	6	10	14	0.4
id-16739	1	2	23	0.3
id-16740	5	8	23	0.4
id-16741	7	8	6	0.2
id-16742	4	7	15	0.2
id-16743	7	6	25	0.2
id-16744	10	8	23	0.2
id-16745	4	7	28	0.4
id-16746	4	8	16	0.4
id-16747	5	3	15	0.3
id-16748	10	3	4	0.2
id-16749	7	6	12	0.3
id-16750	7	7	4	0.2
id-16751	8	4	29	0.2
id-16752	3	5	4	0.3
id-16753	4	7	14	0.3
id-16754	4	2	30	0.3
id-16755	5	7	11	0.5
id-16756	4	2	21	0.2
id-16757	4	2	6	0.2
id-16758	7	3	7	0.2
id-16759	3	3	23	0.5
id-16760	2	2	6	0.4
id-16761	6	12	29	0.2
id-16762	2	4	3	0.3
id-16763	8	12	14	0.5
id-16764	6	7	24	0.5
id-16765	10	13	2	0.3
id-16766	1	2	8	0.4
id-16767	1	2	21	0.2
id-16768	3	6	1	0.4
id-16769	6	7	18	0.4
id-16770	7	8	23	0.4
id-16771	6	4	28	0.3
id-16772	3	5	27	0.3
id-16773	6	11	12	0.3
id-16774	8	9	12	0.2
id-16775	1	2	24	0.3
id-16776	10	14	3	0.4
id-16777	1	2	25	0.3
id-16778	1	2	8	0.2
id-16779	10	11	14	0.4
id-16780	10	18	17	0.5
id-16781	9	11	5	0.2
id-16782	1	2	1	0.3
id-16783	7	14	27	0.2
id-16784	5	3	1	0.4
id-16785	8	15	23	0.2
id-16786	10	5	6	0.4
id-16787	8	11	5	0.5
id-16788	6	6	22	0.3
id-16789	3	5	14	0.4
id-16790	7	9	20	0.4
id-16791	2	4	9	0.3
id-16792	2	4	26	0.3
id-16793	5	10	21	0.5
id-16794	5	7	18	0.4
id-16795	9	18	25	0.4
id-16796	10	15	15	0.3
id-16797	2	4	4	0.3
id-16798	5	9	18	0.4
id-16799	2	2	10	0.3
id-16800	8	14	23	0.2
id-16801	10	6	14	0.3
id-16802	2	3	9	0.4
id-16803	3	5	26	0.4
id-16804	1	2	6	0.3
id-16805	3	5	24	0.3
id-16806	8	15	22	0.4
id-16807	6	4	13	0.5
id-16808	4	4	16	0.2
id-16809	5	7	28	0.3
id-16810	9	15	19	0.3
id-16811	3	2	19	0.4
id-16812	6	10	7	0.4
id-16813	5	7	9	0.5
id-16814	7	5	9	0.3
id-16815	1	2	29	0.4
id-16816	10	10	20	0.2
id-16817	7	8	30	0.4
id-16818	1	2	19	0.5
id-16819	7	9	15	0.5
id-16820	6	2	2	0.4
id-16821	5	7	21	0.4
id-16822	4	6	15	0.4
id-16823	6	7	15	0.5
id-16824	7	3	6	0.2
id-16825	2	2	8	0.3
id-16826	10	20	18	0.3
id-16827	3	6	9	0.4
id-16828	8	8	21	0.2
id-16829	5	9	5	0.5
id-16830	10	18	8	0.4
id-16831	4	7	25	0.4
id-16832	3	4	19	0.3
id-16833	6	4	6	0.2
id-16834	5	6	25	0.4
id-16835	3	6	18	0.4
id-16836	1	2	18	0.4
id-16837	7	14	27	0.2
id-16838	3	5	18	0.4
id-16839	10	12	22	0.5
id-16840	8	3	23	0.3
id-16841	10	12	9	0.5
id-16842	6	4	28	0.4
id-16843	3	5	30	0.4
id-16844	8	5	16	0.4
id-16845	1	2	5	0.5
id-16846	9	18	5	0.5
id-16847	2	2	1	0.2
id-16848	2	2	5	0.3
id-16849	9	17	17	0.3
id-16850	4	4	5	0.2
id-16851	7	7	17	0.3
id-16852	7	6	19	0.3
id-16853	1	2	7	0.4
id-16854	7	2	14	0.3
id-16855	2	2	11	0.3
id-16856	8	4	3	0.3
id-16857	6	7	22	0.4
id-16858	7	5	11	0.4
id-16859	3	4	5	0.4
id-16860	8	14	19	0.5
id-16861	9	5	8	0.5
id-16862	10	16	9	0.4
id-16863	10	8	30	0.3
id-16864	5	5	11	0.3
id-16865	5	5	28	0.3
id-16866	7	6	13	0.2
id-16867	3	5	16	0.4
id-16868	9	12	17	0.4
id-16869	10	10	2	0.4
id-16870	7	2	6	0.3
id-16871	4	8	30	0.2
id-16872	6	7	24	0.3
id-16873	5	9	19	0.3
id-16874	10	4	27	0.2
id-16875	9	5	13	0.4
id-16876	7	10	30	0.3
id-16877	1	2	14	0.3
id-16878	2	2	15	0.3
id-16879	10	7	10	0.3
id-16880	9	8	10	0.3
id-16881	3	4	18	0.3
id-16882	6	6	21	0.4
id-16883	2	3	20	0.5
id-16884	5	6	30	0.5
id-16885	7	9	30	0.3
id-16886	4	5	20	0.4
id-16887	9	15	4	0.5
id-16888	6	3	2	0.3
id-16889	10	4	19	0.3
id-16890	8	10	21	0.5
id-16891	7	4	10	0.2
id-16892	9	6	27	0.5
id-16893	6	7	28	0.4
id-16894	4	7	11	0.3
id-16895	5	10	22	0.5
id-16896	1	2	12	0.3
id-16897	6	4	29	0.2
id-16898	4	4	30	0.5
id-16899	4	6	25	0.4
id-16900	10	12	29	0.3
id-16901	1	2	4	0.4
id-16902	3	4	14	0.3
id-16903	8	11	26	0.2
id-16904	9	5	6	0.2
id-16905	3	3	14	0.4
id-16906	8	16	3	0.5
id-16907	3	5	4	0.4
id-16908	6	5	14	0.5
id-16909	4	8	18	0.4
id-16910	8	2	9	0.4
id-16911	8	11	10	0.4
id-16912	5	7	19	0.4
id-16913	8	7	29	0.2
id-16914	6	4	23	0.2
id-16915	2	2	27	0.3
id-16916	5	4	9	0.4
id-16917	7	12	17	0.5
id-16918	6	10	13	0.5
id-16919	3	5	28	0.5
id-16920	1	2	11	0.4
id-16921	10	20	24	0.3
id-16922	8	2	2	0.5
id-16923	4	2	17	0.4
id-16924	2	3	5	0.5
id-16925	5	4	12	0.3
id-16926	2	3	17	0.3
id-16927	10	14	15	0.3
id-16928	9	12	5	0.2
id-16929	8	8	10	0.3
id-16930	5	4	29	0.5
id-16931	5	3	6	0.3
id-16932	3	5	7	0.3
id-16933	3	6	5	0.5
id-16934	9	2	21	0.3
id-16935	4	6	30	0.3
id-16936	5	10	30	0.4
id-16937	3	5	29	0.3
id-16938	10	19	27	0.4
id-16939	7	11	5	0.3
id-16940	9	12	23	0.2
id-16941	10	7	14	0.5
id-16942	5	7	8	0.3
id-16943	6	3	7	0.3
id-16944	3	4	15	0.3
id-16945	2	4	4	0.4
id-16946	7	4	15	0.3
id-16947	3	2	2	0.2
id-16948	6	3	16	0.5
id-16949	1	2	6	0.3
id-16950	3	2	21	0.3
id-16951	9	12	30	0.3
id-16952	10	15	26	0.2
id-16953	3	6	13	0.2
id-16954	6	5	26	0.4
id-16955	2	2	20	0.5
id-16956	7	9	7	0.4
id-16957	10	6	17	0.4
id-16958	8	7	25	0.2
id-16959	10	11	7	0.4
id-16960	4	7	3	0.3
id-16961	3	5	16	0.4
id-16962	1	2	28	0.4
id-16963	10	2	10	0.2
id-16964	9	13	14	0.4
id-16965	8	7	22	0.5
id-16966	9	17	17	0.4
id-16967	2	4	27	0.3
id-16968	8	11	10	0.3
id-16969	6	2	2	0.4
id-16970	10	19	3	0.2
id-16971	10	20	20	0.3
id-16972	6	2	6	0.3
id-16973	9	13	18	0.3
id-16974	8	3	21	0.5
id-16975	2	4	29	0.5
id-16976	10	5	7	0.2
id-16977	2	2	10	0.4
id-16978	1	2	29	0.4
id-16979	7	7	21	0.3
id-16980	6	4	18	0.3
id-16981	2	3	7	0.2
id-16982	6	7	7	0.4
id-16983	1	2	9	0.3
id-16984	5	4	9	0.3
id-16985	9	11	9	0.4
id-16986	9	14	25	0.5
id-16987	7	5	29	0.5
id-16988	9	3	9	0.3
id-16989	8	6	25	0.5
id-16990	1	2	21	0.5
id-16991	1	2	14	0.3
id-16992	6	12	26	0.4
id-16993	5	8	30	0.5
id-16994	6	3	1	0.5
id-16995	10	20	12	0.3
id-16996	1	2	24	0.3
id-16997	9	9	13	0.3
id-16998	9	11	23	0.4
id-16999	10	15	11	0.4
id-17000	1	2	9	0.4
id-17001	2	3	8	0.4
id-17002	3	6	6	0.4
id-17003	10	6	6	0.3
id-17004	4	8	3	0.3
id-17005	9	13	7	0.2
id-17006	1	2	3	0.3
id-17007	5	3	2	0.2
id-17008	8	15	8	0.4
id-17009	5	8	30	0.4
id-17010	8	14	14	0.3
id-17011	4	8	30	0.5
id-17012	8	12	7	0.2
id-17013	1	2	24	0.2
id-17014	6	8	23	0.2
id-17015	10	14	25	0.4
id-17016	2	4	12	0.5
id-17017	7	9	1	0.4
id-17018	6	5	7	0.5
id-17019	8	7	9	0.5
id-17020	10	11	20	0.3
id-17021	4	6	22	0.3
id-17022	9	14	17	0.3
id-17023	4	6	21	0.5
id-17024	1	2	27	0.4
id-17025	6	3	6	0.5
id-17026	8	13	25	0.3
id-17027	8	11	1	0.2
id-17028	10	13	26	0.4
id-17029	3	5	4	0.3
id-17030	10	14	25	0.3
id-17031	5	4	23	0.4
id-17032	9	15	28	0.5
id-17033	2	2	4	0.4
id-17034	9	7	21	0.2
id-17035	2	2	5	0.4
id-17036	2	3	7	0.2
id-17037	8	11	21	0.2
id-17038	7	4	20	0.5
id-17039	10	2	11	0.4
id-17040	4	2	2	0.4
id-17041	4	6	10	0.3
id-17042	6	5	22	0.3
id-17043	7	6	15	0.3
id-17044	5	7	13	0.3
id-17045	1	2	29	0.2
id-17046	5	2	13	0.4
id-17047	5	7	11	0.3
id-17048	9	3	16	0.2
id-17049	4	2	12	0.5
id-17050	3	6	1	0.5
id-17051	6	4	5	0.3
id-17052	10	20	24	0.4
id-17053	8	9	4	0.4
id-17054	10	20	16	0.2
id-17055	3	4	26	0.2
id-17056	2	3	10	0.3
id-17057	8	13	16	0.5
id-17058	9	15	23	0.5
id-17059	2	3	5	0.2
id-17060	5	9	28	0.5
id-17061	9	9	2	0.3
id-17062	9	15	23	0.3
id-17063	5	5	16	0.3
id-17064	4	5	9	0.3
id-17065	10	2	6	0.5
id-17066	5	8	13	0.4
id-17067	2	3	5	0.5
id-17068	1	2	20	0.2
id-17069	3	2	30	0.5
id-17070	10	3	7	0.5
id-17071	3	5	14	0.4
id-17072	2	4	22	0.4
id-17073	7	13	25	0.3
id-17074	8	14	4	0.2
id-17075	9	11	14	0.5
id-17076	6	3	28	0.3
id-17077	10	14	13	0.2
id-17078	6	2	24	0.3
id-17079	7	14	5	0.4
id-17080	8	12	12	0.2
id-17081	8	9	8	0.3
id-17082	9	15	3	0.2
id-17083	5	2	10	0.4
id-17084	7	7	5	0.3
id-17085	10	19	22	0.3
id-17086	5	10	10	0.3
id-17087	5	8	7	0.5
id-17088	4	5	2	0.2
id-17089	4	3	14	0.2
id-17090	10	6	21	0.5
id-17091	6	10	20	0.5
id-17092	7	14	19	0.3
id-17093	2	3	15	0.4
id-17094	2	2	8	0.5
id-17095	6	12	15	0.3
id-17096	7	10	1	0.5
id-17097	9	17	19	0.4
id-17098	6	6	10	0.5
id-17099	5	9	11	0.4
id-17100	4	4	23	0.2
id-17101	4	5	27	0.4
id-17102	4	8	16	0.3
id-17103	6	8	27	0.3
id-17104	7	13	1	0.3
id-17105	10	20	11	0.4
id-17106	6	11	11	0.3
id-17107	7	4	12	0.3
id-17108	3	5	5	0.3
id-17109	10	15	14	0.5
id-17110	10	12	4	0.2
id-17111	4	2	8	0.4
id-17112	2	4	13	0.4
id-17113	4	4	20	0.3
id-17114	6	12	12	0.3
id-17115	3	3	28	0.3
id-17116	1	2	17	0.4
id-17117	9	7	3	0.4
id-17118	2	2	15	0.4
id-17119	8	11	4	0.3
id-17120	4	8	6	0.4
id-17121	6	7	23	0.5
id-17122	5	5	26	0.3
id-17123	7	7	27	0.3
id-17124	7	13	18	0.3
id-17125	10	12	3	0.2
id-17126	7	6	3	0.5
id-17127	1	2	14	0.2
id-17128	4	3	24	0.5
id-17129	2	2	4	0.3
id-17130	10	3	22	0.2
id-17131	3	2	16	0.4
id-17132	7	11	19	0.3
id-17133	5	2	12	0.4
id-17134	8	2	15	0.4
id-17135	1	2	24	0.3
id-17136	1	2	25	0.4
id-17137	1	2	25	0.3
id-17138	10	15	27	0.3
id-17139	4	6	10	0.4
id-17140	5	5	9	0.5
id-17141	5	7	28	0.4
id-17142	8	16	8	0.4
id-17143	1	2	3	0.3
id-17144	3	6	20	0.3
id-17145	3	2	2	0.4
id-17146	10	6	3	0.2
id-17147	10	7	2	0.2
id-17148	8	8	3	0.4
id-17149	8	14	15	0.3
id-17150	10	6	21	0.3
id-17151	10	15	14	0.3
id-17152	5	6	8	0.2
id-17153	10	4	11	0.4
id-17154	6	7	24	0.5
id-17155	5	5	10	0.3
id-17156	8	8	27	0.4
id-17157	7	11	14	0.4
id-17158	10	17	21	0.5
id-17159	2	3	22	0.4
id-17160	2	3	2	0.3
id-17161	5	2	26	0.2
id-17162	1	2	17	0.4
id-17163	5	8	20	0.2
id-17164	5	10	6	0.2
id-17165	5	9	1	0.4
id-17166	9	8	8	0.3
id-17167	6	6	1	0.3
id-17168	7	14	22	0.4
id-17169	9	10	10	0.4
id-17170	2	4	10	0.4
id-17171	6	12	5	0.4
id-17172	4	7	2	0.5
id-17173	10	15	30	0.3
id-17174	3	6	2	0.3
id-17175	8	2	2	0.5
id-17176	3	6	9	0.4
id-17177	6	11	7	0.4
id-17178	10	7	20	0.2
id-17179	8	11	18	0.4
id-17180	7	12	30	0.5
id-17181	4	4	18	0.2
id-17182	2	3	26	0.4
id-17183	4	5	2	0.4
id-17184	7	8	15	0.2
id-17185	10	7	14	0.5
id-17186	8	9	17	0.3
id-17187	7	3	2	0.4
id-17188	4	7	19	0.5
id-17189	4	2	20	0.3
id-17190	6	10	24	0.3
id-17191	3	5	25	0.3
id-17192	4	6	1	0.5
id-17193	8	4	27	0.3
id-17194	4	2	19	0.3
id-17195	7	13	3	0.3
id-17196	9	2	23	0.3
id-17197	7	6	17	0.4
id-17198	6	8	8	0.4
id-17199	8	5	25	0.3
id-17200	3	2	10	0.2
id-17201	9	10	3	0.2
id-17202	5	9	16	0.3
id-17203	3	3	6	0.4
id-17204	4	2	21	0.4
id-17205	8	12	16	0.5
id-17206	1	2	7	0.5
id-17207	4	5	11	0.2
id-17208	6	8	18	0.4
id-17209	7	8	27	0.4
id-17210	5	5	16	0.4
id-17211	9	12	21	0.5
id-17212	8	7	17	0.5
id-17213	1	2	9	0.5
id-17214	3	6	23	0.3
id-17215	4	5	25	0.4
id-17216	7	14	25	0.4
id-17217	5	9	5	0.3
id-17218	8	4	29	0.3
id-17219	7	8	1	0.3
id-17220	3	3	30	0.4
id-17221	5	7	9	0.5
id-17222	7	2	29	0.2
id-17223	5	4	10	0.4
id-17224	3	3	29	0.3
id-17225	5	6	2	0.4
id-17226	5	8	19	0.3
id-17227	3	5	17	0.5
id-17228	4	6	7	0.3
id-17229	4	7	30	0.3
id-17230	8	11	29	0.4
id-17231	7	14	15	0.3
id-17232	3	4	16	0.4
id-17233	7	5	1	0.2
id-17234	1	2	2	0.3
id-17235	7	7	9	0.3
id-17236	2	2	20	0.3
id-17237	4	7	19	0.2
id-17238	2	2	19	0.4
id-17239	5	6	24	0.4
id-17240	2	2	17	0.3
id-17241	6	3	23	0.3
id-17242	9	5	18	0.3
id-17243	1	2	18	0.4
id-17244	3	6	12	0.4
id-17245	10	9	28	0.3
id-17246	10	7	19	0.4
id-17247	3	2	7	0.4
id-17248	4	8	17	0.3
id-17249	4	2	1	0.5
id-17250	8	6	3	0.3
id-17251	7	14	7	0.4
id-17252	1	2	19	0.5
id-17253	3	4	7	0.3
id-17254	10	13	5	0.3
id-17255	1	2	13	0.4
id-17256	10	4	3	0.3
id-17257	1	2	10	0.2
id-17258	10	14	4	0.3
id-17259	5	2	1	0.2
id-17260	1	2	7	0.4
id-17261	9	18	10	0.2
id-17262	9	9	4	0.5
id-17263	5	6	26	0.5
id-17264	5	9	26	0.4
id-17265	3	2	3	0.3
id-17266	1	2	14	0.2
id-17267	1	2	3	0.2
id-17268	4	8	15	0.5
id-17269	7	7	14	0.5
id-17270	1	2	24	0.5
id-17271	5	10	12	0.2
id-17272	7	8	28	0.4
id-17273	9	18	24	0.4
id-17274	5	5	30	0.3
id-17275	4	2	17	0.4
id-17276	4	8	7	0.3
id-17277	9	10	8	0.3
id-17278	3	5	11	0.2
id-17279	3	4	4	0.5
id-17280	2	4	1	0.5
id-17281	7	7	27	0.2
id-17282	9	9	21	0.4
id-17283	6	8	5	0.5
id-17284	6	3	24	0.2
id-17285	5	5	13	0.5
id-17286	5	6	7	0.3
id-17287	4	6	3	0.3
id-17288	7	5	11	0.5
id-17289	3	3	4	0.4
id-17290	8	4	20	0.5
id-17291	3	6	27	0.3
id-17292	2	3	1	0.2
id-17293	9	10	6	0.4
id-17294	9	13	1	0.5
id-17295	3	2	29	0.5
id-17296	8	10	7	0.3
id-17297	4	5	18	0.3
id-17298	7	6	26	0.4
id-17299	6	11	7	0.2
id-17300	6	10	11	0.3
id-17301	1	2	25	0.4
id-17302	9	6	9	0.2
id-17303	7	3	8	0.4
id-17304	10	18	17	0.3
id-17305	1	2	17	0.5
id-17306	1	2	20	0.3
id-17307	9	9	16	0.4
id-17308	6	3	16	0.4
id-17309	10	7	27	0.3
id-17310	2	2	10	0.2
id-17311	1	2	5	0.3
id-17312	1	2	28	0.3
id-17313	4	3	22	0.4
id-17314	2	3	1	0.3
id-17315	6	11	9	0.4
id-17316	7	10	26	0.4
id-17317	3	6	18	0.3
id-17318	1	2	29	0.2
id-17319	4	6	26	0.4
id-17320	5	3	6	0.5
id-17321	7	12	20	0.3
id-17322	2	4	1	0.2
id-17323	5	9	12	0.4
id-17324	5	6	8	0.4
id-17325	1	2	7	0.3
id-17326	10	5	3	0.2
id-17327	1	2	13	0.4
id-17328	6	2	21	0.4
id-17329	1	2	17	0.4
id-17330	2	3	7	0.5
id-17331	6	5	5	0.2
id-17332	1	2	4	0.3
id-17333	8	9	15	0.2
id-17334	2	3	18	0.3
id-17335	7	11	25	0.2
id-17336	7	13	23	0.3
id-17337	7	7	1	0.4
id-17338	5	3	26	0.3
id-17339	2	3	23	0.4
id-17340	10	10	22	0.4
id-17341	7	3	20	0.2
id-17342	3	6	6	0.4
id-17343	2	3	23	0.5
id-17344	1	2	13	0.4
id-17345	9	3	22	0.2
id-17346	4	6	18	0.3
id-17347	3	4	24	0.2
id-17348	2	2	7	0.4
id-17349	5	6	4	0.4
id-17350	5	7	19	0.3
id-17351	1	2	1	0.3
id-17352	1	2	18	0.2
id-17353	6	9	30	0.3
id-17354	5	8	19	0.5
id-17355	4	2	23	0.3
id-17356	4	8	25	0.5
id-17357	3	4	10	0.4
id-17358	1	2	1	0.4
id-17359	6	7	1	0.3
id-17360	4	7	29	0.5
id-17361	10	8	25	0.4
id-17362	4	4	24	0.5
id-17363	6	3	7	0.4
id-17364	10	18	16	0.4
id-17365	4	3	14	0.4
id-17366	9	14	12	0.2
id-17367	8	12	5	0.2
id-17368	2	3	22	0.5
id-17369	8	8	12	0.3
id-17370	9	12	24	0.5
id-17371	6	9	7	0.4
id-17372	2	2	15	0.3
id-17373	2	3	3	0.3
id-17374	4	7	2	0.5
id-17375	10	11	28	0.2
id-17376	3	4	23	0.4
id-17377	3	5	27	0.4
id-17378	2	3	26	0.2
id-17379	3	2	15	0.4
id-17380	9	6	11	0.3
id-17381	1	2	11	0.4
id-17382	1	2	30	0.3
id-17383	10	5	28	0.4
id-17384	7	13	4	0.2
id-17385	2	3	28	0.3
id-17386	8	9	7	0.3
id-17387	1	2	13	0.3
id-17388	1	2	8	0.3
id-17389	1	2	21	0.5
id-17390	6	4	3	0.2
id-17391	5	7	16	0.4
id-17392	7	2	2	0.2
id-17393	6	2	29	0.2
id-17394	2	2	3	0.3
id-17395	3	2	23	0.4
id-17396	9	10	25	0.4
id-17397	10	9	13	0.3
id-17398	6	5	20	0.5
id-17399	7	6	8	0.5
id-17400	8	6	20	0.4
id-17401	9	15	21	0.5
id-17402	10	14	9	0.3
id-17403	7	9	14	0.5
id-17404	8	12	20	0.4
id-17405	5	3	8	0.5
id-17406	1	2	2	0.4
id-17407	1	2	21	0.4
id-17408	3	5	19	0.5
id-17409	7	3	16	0.2
id-17410	9	6	7	0.3
id-17411	8	14	10	0.3
id-17412	10	10	30	0.4
id-17413	8	16	24	0.4
id-17414	2	2	4	0.3
id-17415	4	2	26	0.4
id-17416	8	4	8	0.4
id-17417	8	8	1	0.3
id-17418	9	9	7	0.2
id-17419	6	3	16	0.2
id-17420	9	18	9	0.4
id-17421	2	2	27	0.3
id-17422	6	11	23	0.3
id-17423	7	3	5	0.4
id-17424	6	3	15	0.4
id-17425	2	4	3	0.4
id-17426	6	12	10	0.2
id-17427	1	2	19	0.5
id-17428	9	17	30	0.3
id-17429	4	2	7	0.2
id-17430	8	7	19	0.5
id-17431	3	3	27	0.3
id-17432	9	9	6	0.5
id-17433	10	3	14	0.4
id-17434	10	8	2	0.3
id-17435	1	2	19	0.5
id-17436	9	17	12	0.4
id-17437	7	5	2	0.5
id-17438	2	4	10	0.5
id-17439	6	9	9	0.5
id-17440	5	6	1	0.2
id-17441	6	4	18	0.4
id-17442	1	2	27	0.4
id-17443	7	10	1	0.2
id-17444	3	5	15	0.3
id-17445	1	2	20	0.2
id-17446	4	2	28	0.4
id-17447	5	9	16	0.5
id-17448	8	10	30	0.3
id-17449	6	12	17	0.4
id-17450	10	5	20	0.4
id-17451	7	4	1	0.3
id-17452	7	11	25	0.3
id-17453	9	12	2	0.2
id-17454	2	4	23	0.4
id-17455	4	4	6	0.5
id-17456	2	4	23	0.3
id-17457	3	2	4	0.3
id-17458	1	2	1	0.4
id-17459	5	6	2	0.3
id-17460	9	7	4	0.3
id-17461	3	5	27	0.2
id-17462	7	10	16	0.3
id-17463	8	4	5	0.4
id-17464	9	13	30	0.4
id-17465	5	6	27	0.2
id-17466	6	5	17	0.2
id-17467	10	12	22	0.3
id-17468	6	8	23	0.3
id-17469	2	4	7	0.3
id-17470	4	3	30	0.4
id-17471	2	4	9	0.5
id-17472	3	3	30	0.4
id-17473	1	2	14	0.4
id-17474	6	10	25	0.4
id-17475	2	3	9	0.2
id-17476	4	3	22	0.3
id-17477	2	3	8	0.4
id-17478	5	2	22	0.4
id-17479	5	3	20	0.3
id-17480	3	5	1	0.3
id-17481	4	7	4	0.4
id-17482	1	2	13	0.3
id-17483	4	3	12	0.4
id-17484	8	15	17	0.3
id-17485	1	2	7	0.2
id-17486	3	2	29	0.5
id-17487	2	3	13	0.4
id-17488	4	7	23	0.3
id-17489	7	13	18	0.4
id-17490	8	3	29	0.3
id-17491	7	6	1	0.4
id-17492	2	3	24	0.5
id-17493	4	3	7	0.3
id-17494	8	9	6	0.4
id-17495	2	4	6	0.5
id-17496	5	8	11	0.3
id-17497	4	5	28	0.5
id-17498	4	7	5	0.2
id-17499	4	7	26	0.4
id-17500	7	3	4	0.5
id-17501	10	6	9	0.2
id-17502	7	14	30	0.2
id-17503	4	4	6	0.4
id-17504	7	3	20	0.4
id-17505	10	16	26	0.3
id-17506	5	8	2	0.4
id-17507	1	2	16	0.5
id-17508	1	2	30	0.3
id-17509	9	2	10	0.4
id-17510	6	7	11	0.3
id-17511	2	4	1	0.4
id-17512	5	8	16	0.3
id-17513	5	4	6	0.5
id-17514	8	12	3	0.3
id-17515	4	6	13	0.5
id-17516	2	4	21	0.3
id-17517	10	5	7	0.3
id-17518	9	8	1	0.4
id-17519	7	5	4	0.3
id-17520	9	14	2	0.4
id-17521	5	4	20	0.4
id-17522	10	11	3	0.5
id-17523	7	5	29	0.3
id-17524	4	4	24	0.3
id-17525	6	10	6	0.4
id-17526	7	7	4	0.4
id-17527	10	10	28	0.4
id-17528	2	2	29	0.4
id-17529	3	4	19	0.4
id-17530	9	11	8	0.4
id-17531	4	6	11	0.2
id-17532	8	12	27	0.5
id-17533	6	8	15	0.3
id-17534	10	5	19	0.5
id-17535	8	5	20	0.4
id-17536	6	6	26	0.4
id-17537	8	15	22	0.3
id-17538	4	6	14	0.3
id-17539	10	20	26	0.3
id-17540	10	15	3	0.4
id-17541	5	9	24	0.4
id-17542	8	13	7	0.3
id-17543	4	7	12	0.2
id-17544	9	10	16	0.4
id-17545	4	7	4	0.4
id-17546	4	2	22	0.3
id-17547	7	12	24	0.3
id-17548	2	4	17	0.4
id-17549	5	9	12	0.3
id-17550	3	6	30	0.3
id-17551	8	7	22	0.3
id-17552	9	8	13	0.3
id-17553	10	20	5	0.3
id-17554	8	8	18	0.5
id-17555	9	7	30	0.4
id-17556	4	7	19	0.2
id-17557	3	4	20	0.3
id-17558	8	9	22	0.4
id-17559	9	17	1	0.3
id-17560	1	2	21	0.3
id-17561	8	15	29	0.3
id-17562	5	8	6	0.3
id-17563	7	12	8	0.4
id-17564	7	9	26	0.4
id-17565	1	2	9	0.3
id-17566	9	8	11	0.5
id-17567	3	2	2	0.2
id-17568	10	4	23	0.4
id-17569	9	13	5	0.3
id-17570	2	2	11	0.5
id-17571	2	4	25	0.4
id-17572	9	5	13	0.2
id-17573	9	11	21	0.4
id-17574	2	2	14	0.5
id-17575	5	4	13	0.2
id-17576	5	6	22	0.3
id-17577	9	11	2	0.4
id-17578	6	8	16	0.3
id-17579	7	8	23	0.5
id-17580	10	18	21	0.5
id-17581	6	5	28	0.2
id-17582	8	5	13	0.4
id-17583	10	10	30	0.4
id-17584	7	5	23	0.3
id-17585	3	2	6	0.4
id-17586	6	4	22	0.4
id-17587	3	4	25	0.3
id-17588	1	2	29	0.4
id-17589	9	5	10	0.3
id-17590	8	2	30	0.4
id-17591	10	2	23	0.2
id-17592	5	2	7	0.2
id-17593	9	18	7	0.4
id-17594	7	3	6	0.3
id-17595	4	6	16	0.4
id-17596	7	12	23	0.4
id-17597	9	12	11	0.2
id-17598	2	3	30	0.4
id-17599	1	2	2	0.4
id-17600	8	15	21	0.3
id-17601	10	8	28	0.2
id-17602	7	7	22	0.3
id-17603	10	18	9	0.2
id-17604	10	15	12	0.5
id-17605	1	2	22	0.5
id-17606	5	6	28	0.4
id-17607	1	2	20	0.2
id-17608	9	3	4	0.3
id-17609	4	6	18	0.3
id-17610	4	5	16	0.3
id-17611	7	4	21	0.3
id-17612	5	4	14	0.3
id-17613	9	6	30	0.3
id-17614	8	13	20	0.5
id-17615	9	2	21	0.4
id-17616	7	8	14	0.3
id-17617	3	5	9	0.4
id-17618	9	11	16	0.3
id-17619	10	2	24	0.4
id-17620	10	2	17	0.4
id-17621	6	7	23	0.4
id-17622	5	2	26	0.4
id-17623	3	2	13	0.5
id-17624	6	2	15	0.3
id-17625	7	4	28	0.3
id-17626	8	4	20	0.2
id-17627	7	8	11	0.4
id-17628	10	8	14	0.4
id-17629	7	14	20	0.4
id-17630	4	8	20	0.5
id-17631	9	9	23	0.3
id-17632	4	8	29	0.4
id-17633	1	2	2	0.3
id-17634	2	4	19	0.3
id-17635	4	3	12	0.4
id-17636	5	8	23	0.5
id-17637	1	2	27	0.3
id-17638	6	4	27	0.3
id-17639	2	4	7	0.3
id-17640	5	10	3	0.2
id-17641	7	10	17	0.4
id-17642	2	2	18	0.4
id-17643	3	6	16	0.5
id-17644	1	2	21	0.4
id-17645	3	2	8	0.3
id-17646	6	4	6	0.3
id-17647	1	2	20	0.4
id-17648	6	9	20	0.3
id-17649	1	2	14	0.5
id-17650	2	2	26	0.3
id-17651	6	5	10	0.3
id-17652	4	3	11	0.3
id-17653	5	9	12	0.5
id-17654	3	2	17	0.2
id-17655	6	2	21	0.2
id-17656	2	3	3	0.2
id-17657	2	4	13	0.2
id-17658	10	18	10	0.3
id-17659	8	14	24	0.5
id-17660	5	3	4	0.4
id-17661	6	12	24	0.3
id-17662	7	11	24	0.5
id-17663	10	18	9	0.2
id-17664	2	3	5	0.5
id-17665	10	6	10	0.5
id-17666	7	13	19	0.4
id-17667	5	4	21	0.3
id-17668	10	2	8	0.5
id-17669	3	4	2	0.3
id-17670	5	7	11	0.3
id-17671	2	3	30	0.3
id-17672	8	11	21	0.2
id-17673	7	14	21	0.5
id-17674	3	6	5	0.3
id-17675	5	7	24	0.3
id-17676	7	12	28	0.5
id-17677	9	17	11	0.3
id-17678	8	16	30	0.3
id-17679	1	2	21	0.4
id-17680	4	6	26	0.3
id-17681	10	15	27	0.3
id-17682	8	9	29	0.3
id-17683	4	4	1	0.3
id-17684	7	6	19	0.4
id-17685	3	4	18	0.4
id-17686	8	11	28	0.2
id-17687	7	3	13	0.3
id-17688	7	7	17	0.3
id-17689	1	2	28	0.5
id-17690	5	10	16	0.2
id-17691	9	14	11	0.4
id-17692	4	2	4	0.3
id-17693	10	12	12	0.4
id-17694	3	5	18	0.4
id-17695	6	2	11	0.4
id-17696	8	7	23	0.3
id-17697	8	12	5	0.5
id-17698	9	9	16	0.4
id-17699	1	2	27	0.3
id-17700	8	4	20	0.4
id-17701	3	6	5	0.4
id-17702	8	6	6	0.4
id-17703	9	8	9	0.3
id-17704	10	3	30	0.5
id-17705	1	2	14	0.3
id-17706	10	14	20	0.3
id-17707	6	9	8	0.3
id-17708	7	12	1	0.3
id-17709	10	18	22	0.5
id-17710	10	7	22	0.4
id-17711	2	4	7	0.5
id-17712	5	5	7	0.4
id-17713	2	4	9	0.3
id-17714	10	6	7	0.4
id-17715	9	10	5	0.5
id-17716	5	5	4	0.5
id-17717	10	7	15	0.2
id-17718	6	5	19	0.3
id-17719	2	3	15	0.4
id-17720	10	17	18	0.4
id-17721	8	14	21	0.3
id-17722	6	9	18	0.4
id-17723	1	2	15	0.3
id-17724	9	12	19	0.5
id-17725	1	2	21	0.3
id-17726	5	3	15	0.4
id-17727	3	2	19	0.2
id-17728	5	9	22	0.4
id-17729	9	3	27	0.3
id-17730	9	14	30	0.4
id-17731	7	8	23	0.2
id-17732	7	9	2	0.3
id-17733	2	3	8	0.4
id-17734	10	14	14	0.4
id-17735	9	2	8	0.2
id-17736	2	2	13	0.4
id-17737	6	2	24	0.3
id-17738	8	8	19	0.5
id-17739	9	12	25	0.3
id-17740	6	10	18	0.5
id-17741	4	2	10	0.3
id-17742	9	4	5	0.4
id-17743	4	7	19	0.3
id-17744	10	12	29	0.2
id-17745	9	17	20	0.4
id-17746	10	12	26	0.4
id-17747	9	15	14	0.5
id-17748	5	2	13	0.2
id-17749	4	2	18	0.3
id-17750	9	5	16	0.4
id-17751	5	9	3	0.4
id-17752	6	3	5	0.2
id-17753	8	11	9	0.2
id-17754	5	6	21	0.4
id-17755	9	3	26	0.4
id-17756	1	2	30	0.4
id-17757	9	4	20	0.4
id-17758	9	11	25	0.3
id-17759	9	15	9	0.3
id-17760	8	12	12	0.4
id-17761	5	10	22	0.3
id-17762	4	4	27	0.4
id-17763	4	2	24	0.2
id-17764	8	11	20	0.3
id-17765	1	2	4	0.5
id-17766	5	8	10	0.3
id-17767	5	2	22	0.4
id-17768	5	3	12	0.3
id-17769	8	5	23	0.3
id-17770	2	3	24	0.4
id-17771	4	4	25	0.5
id-17772	3	4	24	0.3
id-17773	2	4	16	0.2
id-17774	7	5	28	0.3
id-17775	4	7	13	0.4
id-17776	7	2	13	0.4
id-17777	8	4	10	0.3
id-17778	10	4	11	0.3
id-17779	2	4	23	0.3
id-17780	10	15	24	0.3
id-17781	5	7	15	0.3
id-17782	1	2	8	0.4
id-17783	2	4	30	0.2
id-17784	1	2	22	0.4
id-17785	2	3	21	0.4
id-17786	7	14	9	0.3
id-17787	9	5	19	0.4
id-17788	1	2	13	0.3
id-17789	10	5	9	0.3
id-17790	6	4	23	0.2
id-17791	4	2	25	0.5
id-17792	1	2	17	0.2
id-17793	5	7	18	0.2
id-17794	9	15	9	0.3
id-17795	6	2	17	0.3
id-17796	7	2	10	0.2
id-17797	8	9	12	0.4
id-17798	10	13	14	0.3
id-17799	3	5	29	0.5
id-17800	3	3	22	0.2
id-17801	7	9	27	0.3
id-17802	9	18	21	0.3
id-17803	6	8	1	0.4
id-17804	3	2	6	0.4
id-17805	4	6	30	0.4
id-17806	6	10	10	0.4
id-17807	6	12	1	0.4
id-17808	8	11	29	0.3
id-17809	3	3	28	0.2
id-17810	8	2	9	0.5
id-17811	7	3	18	0.3
id-17812	1	2	20	0.4
id-17813	1	2	5	0.4
id-17814	7	5	14	0.3
id-17815	1	2	6	0.5
id-17816	9	11	17	0.4
id-17817	7	3	7	0.4
id-17818	3	4	28	0.5
id-17819	10	6	30	0.5
id-17820	5	6	25	0.2
id-17821	2	4	26	0.5
id-17822	10	15	11	0.4
id-17823	2	2	2	0.3
id-17824	10	10	14	0.3
id-17825	6	12	21	0.4
id-17826	3	6	19	0.3
id-17827	4	4	21	0.4
id-17828	8	13	19	0.4
id-17829	10	2	4	0.3
id-17830	10	9	14	0.5
id-17831	8	2	8	0.4
id-17832	8	14	11	0.4
id-17833	5	6	19	0.2
id-17834	2	2	4	0.4
id-17835	8	2	18	0.4
id-17836	9	7	22	0.4
id-17837	4	7	3	0.4
id-17838	1	2	25	0.4
id-17839	4	4	25	0.5
id-17840	9	2	4	0.5
id-17841	3	2	20	0.4
id-17842	5	9	3	0.4
id-17843	5	6	16	0.3
id-17844	9	8	13	0.4
id-17845	1	2	2	0.4
id-17846	1	2	10	0.2
id-17847	1	2	17	0.3
id-17848	3	3	15	0.4
id-17849	9	12	5	0.2
id-17850	4	5	5	0.2
id-17851	4	5	23	0.3
id-17852	4	3	10	0.3
id-17853	10	4	24	0.2
id-17854	6	5	12	0.4
id-17855	1	2	11	0.2
id-17856	10	14	19	0.3
id-17857	10	12	6	0.2
id-17858	2	3	27	0.3
id-17859	4	3	15	0.4
id-17860	1	2	8	0.3
id-17861	10	3	22	0.3
id-17862	4	5	15	0.3
id-17863	1	2	15	0.3
id-17864	2	3	21	0.4
id-17865	5	7	4	0.2
id-17866	7	9	2	0.5
id-17867	6	4	17	0.4
id-17868	7	14	30	0.5
id-17869	9	16	12	0.2
id-17870	4	3	27	0.5
id-17871	3	6	3	0.2
id-17872	10	13	17	0.4
id-17873	2	3	24	0.4
id-17874	5	9	30	0.3
id-17875	3	3	28	0.3
id-17876	3	4	26	0.3
id-17877	8	14	15	0.3
id-17878	4	5	16	0.2
id-17879	1	2	14	0.4
id-17880	7	9	19	0.4
id-17881	10	8	23	0.4
id-17882	8	7	12	0.4
id-17883	1	2	10	0.4
id-17884	6	10	11	0.4
id-17885	3	4	15	0.4
id-17886	7	9	21	0.3
id-17887	8	9	4	0.2
id-17888	6	7	25	0.4
id-17889	3	5	27	0.4
id-17890	8	13	17	0.2
id-17891	1	2	3	0.3
id-17892	1	2	28	0.2
id-17893	2	4	24	0.5
id-17894	10	2	21	0.3
id-17895	1	2	4	0.5
id-17896	6	10	14	0.3
id-17897	5	9	22	0.4
id-17898	6	8	1	0.4
id-17899	4	3	23	0.4
id-17900	3	2	18	0.4
id-17901	3	3	26	0.2
id-17902	1	2	19	0.5
id-17903	6	8	12	0.4
id-17904	10	3	14	0.2
id-17905	7	2	30	0.4
id-17906	3	2	25	0.4
id-17907	1	2	1	0.3
id-17908	9	4	14	0.4
id-17909	5	7	19	0.4
id-17910	4	8	28	0.3
id-17911	4	7	27	0.4
id-17912	2	3	27	0.4
id-17913	3	4	17	0.3
id-17914	5	8	24	0.4
id-17915	10	12	17	0.3
id-17916	2	2	18	0.3
id-17917	6	8	8	0.4
id-17918	6	3	26	0.5
id-17919	10	2	26	0.5
id-17920	4	3	20	0.3
id-17921	9	3	3	0.4
id-17922	10	19	14	0.3
id-17923	2	3	8	0.3
id-17924	4	2	19	0.4
id-17925	1	2	25	0.3
id-17926	3	4	14	0.5
id-17927	6	12	24	0.3
id-17928	9	10	8	0.3
id-17929	5	10	11	0.4
id-17930	3	4	6	0.4
id-17931	1	2	22	0.5
id-17932	4	7	3	0.5
id-17933	1	2	14	0.5
id-17934	2	4	10	0.4
id-17935	8	5	11	0.3
id-17936	3	3	22	0.3
id-17937	3	3	15	0.5
id-17938	5	3	17	0.4
id-17939	7	9	25	0.4
id-17940	3	4	24	0.2
id-17941	2	2	13	0.3
id-17942	4	2	27	0.5
id-17943	6	6	15	0.2
id-17944	3	4	14	0.5
id-17945	2	2	18	0.2
id-17946	10	16	5	0.3
id-17947	2	4	5	0.2
id-17948	7	13	26	0.4
id-17949	8	12	9	0.4
id-17950	9	17	2	0.5
id-17951	6	11	3	0.3
id-17952	6	11	8	0.4
id-17953	6	4	10	0.3
id-17954	4	8	23	0.4
id-17955	4	6	20	0.4
id-17956	3	4	13	0.4
id-17957	3	6	16	0.3
id-17958	10	18	15	0.4
id-17959	6	9	26	0.4
id-17960	7	5	30	0.5
id-17961	9	4	11	0.4
id-17962	9	2	11	0.5
id-17963	1	2	14	0.2
id-17964	4	8	27	0.2
id-17965	3	2	13	0.2
id-17966	3	3	4	0.3
id-17967	10	10	2	0.2
id-17968	5	8	11	0.3
id-17969	6	4	27	0.4
id-17970	4	5	11	0.4
id-17971	3	5	25	0.3
id-17972	10	6	8	0.3
id-17973	1	2	9	0.5
id-17974	4	6	5	0.3
id-17975	3	3	28	0.3
id-17976	9	13	15	0.3
id-17977	7	10	11	0.4
id-17978	10	14	11	0.3
id-17979	9	3	19	0.2
id-17980	5	3	21	0.5
id-17981	10	13	29	0.5
id-17982	1	2	21	0.2
id-17983	3	5	28	0.3
id-17984	9	5	15	0.2
id-17985	5	2	23	0.5
id-17986	2	2	6	0.5
id-17987	8	11	5	0.4
id-17988	4	8	10	0.4
id-17989	7	14	27	0.3
id-17990	9	10	21	0.5
id-17991	8	3	26	0.2
id-17992	6	3	14	0.3
id-17993	6	5	16	0.4
id-17994	8	12	18	0.5
id-17995	9	12	22	0.4
id-17996	6	6	27	0.3
id-17997	5	9	3	0.2
id-17998	1	2	3	0.5
id-17999	6	8	22	0.2
id-18000	7	4	11	0.3
id-18001	8	10	12	0.4
id-18002	7	9	3	0.4
id-18003	3	5	12	0.3
id-18004	7	12	21	0.3
id-18005	10	15	9	0.4
id-18006	9	13	26	0.5
id-18007	5	2	29	0.4
id-18008	6	3	14	0.2
id-18009	7	13	13	0.3
id-18010	9	7	14	0.3
id-18011	10	10	22	0.3
id-18012	2	3	8	0.5
id-18013	8	13	21	0.4
id-18014	4	7	10	0.5
id-18015	2	4	12	0.3
id-18016	7	7	8	0.4
id-18017	7	14	30	0.2
id-18018	1	2	12	0.3
id-18019	8	4	2	0.4
id-18020	7	3	28	0.2
id-18021	9	9	20	0.4
id-18022	1	2	29	0.4
id-18023	6	2	16	0.3
id-18024	5	2	3	0.3
id-18025	1	2	5	0.3
id-18026	9	9	30	0.2
id-18027	5	6	7	0.5
id-18028	8	13	1	0.4
id-18029	6	7	22	0.3
id-18030	10	3	18	0.4
id-18031	8	13	27	0.4
id-18032	4	4	18	0.3
id-18033	2	4	19	0.3
id-18034	8	11	14	0.2
id-18035	7	12	18	0.4
id-18036	10	16	19	0.4
id-18037	5	5	25	0.4
id-18038	4	4	26	0.3
id-18039	9	2	11	0.3
id-18040	7	4	28	0.4
id-18041	1	2	18	0.5
id-18042	4	2	26	0.5
id-18043	6	2	30	0.3
id-18044	2	4	15	0.5
id-18045	8	8	10	0.2
id-18046	2	2	25	0.3
id-18047	10	12	21	0.4
id-18048	1	2	7	0.4
id-18049	9	5	4	0.3
id-18050	2	4	6	0.2
id-18051	10	11	10	0.4
id-18052	3	3	2	0.4
id-18053	9	15	29	0.4
id-18054	4	2	2	0.5
id-18055	7	4	7	0.4
id-18056	3	5	13	0.5
id-18057	10	6	23	0.4
id-18058	7	9	19	0.3
id-18059	1	2	18	0.2
id-18060	3	4	28	0.3
id-18061	4	5	18	0.4
id-18062	1	2	1	0.4
id-18063	9	2	27	0.3
id-18064	7	9	3	0.4
id-18065	10	4	3	0.2
id-18066	3	6	12	0.5
id-18067	6	3	24	0.4
id-18068	7	7	29	0.2
id-18069	6	12	11	0.3
id-18070	3	6	22	0.5
id-18071	9	14	23	0.4
id-18072	9	8	1	0.3
id-18073	10	3	28	0.5
id-18074	9	2	24	0.5
id-18075	2	3	20	0.3
id-18076	1	2	25	0.5
id-18077	2	3	30	0.4
id-18078	2	3	1	0.5
id-18079	10	2	17	0.3
id-18080	3	3	29	0.3
id-18081	10	16	11	0.3
id-18082	8	14	23	0.3
id-18083	5	4	20	0.3
id-18084	4	7	26	0.4
id-18085	3	6	28	0.2
id-18086	8	9	17	0.3
id-18087	1	2	7	0.5
id-18088	3	5	10	0.5
id-18089	2	3	2	0.4
id-18090	2	2	18	0.3
id-18091	1	2	24	0.5
id-18092	8	2	10	0.2
id-18093	7	12	20	0.3
id-18094	8	4	2	0.3
id-18095	3	3	7	0.4
id-18096	7	6	20	0.3
id-18097	3	5	7	0.5
id-18098	3	4	7	0.3
id-18099	1	2	26	0.4
id-18100	9	4	8	0.3
id-18101	5	9	21	0.3
id-18102	5	4	25	0.3
id-18103	8	5	27	0.3
id-18104	8	2	4	0.5
id-18105	8	7	2	0.2
id-18106	5	3	20	0.5
id-18107	10	2	29	0.4
id-18108	1	2	25	0.4
id-18109	9	10	15	0.2
id-18110	8	9	8	0.2
id-18111	3	6	15	0.3
id-18112	8	4	8	0.4
id-18113	6	11	24	0.4
id-18114	5	3	16	0.4
id-18115	6	11	13	0.4
id-18116	8	8	16	0.4
id-18117	2	3	20	0.3
id-18118	3	3	5	0.3
id-18119	9	15	23	0.3
id-18120	2	3	1	0.5
id-18121	9	7	20	0.3
id-18122	8	12	2	0.2
id-18123	2	2	14	0.2
id-18124	3	2	12	0.4
id-18125	4	4	24	0.3
id-18126	3	3	1	0.4
id-18127	10	15	18	0.3
id-18128	4	8	10	0.4
id-18129	7	3	23	0.3
id-18130	1	2	24	0.4
id-18131	10	2	5	0.5
id-18132	4	4	19	0.4
id-18133	7	10	22	0.4
id-18134	2	4	22	0.3
id-18135	9	10	7	0.4
id-18136	10	5	18	0.3
id-18137	6	10	26	0.4
id-18138	8	3	15	0.2
id-18139	10	9	20	0.4
id-18140	4	5	27	0.4
id-18141	8	6	3	0.4
id-18142	6	7	29	0.3
id-18143	2	3	28	0.4
id-18144	4	4	21	0.4
id-18145	1	2	19	0.3
id-18146	1	2	30	0.4
id-18147	5	9	13	0.5
id-18148	5	10	20	0.2
id-18149	9	6	18	0.4
id-18150	8	13	2	0.3
id-18151	6	3	4	0.3
id-18152	10	14	2	0.4
id-18153	1	2	14	0.5
id-18154	8	9	19	0.4
id-18155	3	3	3	0.5
id-18156	6	10	25	0.5
id-18157	4	4	9	0.2
id-18158	3	5	4	0.5
id-18159	7	9	27	0.4
id-18160	1	2	15	0.3
id-18161	6	4	18	0.3
id-18162	2	4	5	0.2
id-18163	9	7	24	0.2
id-18164	3	6	14	0.4
id-18165	1	2	27	0.5
id-18166	5	8	2	0.2
id-18167	3	2	22	0.4
id-18168	8	16	9	0.3
id-18169	7	4	25	0.3
id-18170	1	2	30	0.3
id-18171	9	5	25	0.2
id-18172	5	3	11	0.4
id-18173	6	9	20	0.2
id-18174	7	3	12	0.3
id-18175	2	3	29	0.3
id-18176	6	2	30	0.3
id-18177	8	13	3	0.5
id-18178	4	4	24	0.3
id-18179	7	4	14	0.2
id-18180	9	7	29	0.5
id-18181	1	2	30	0.2
id-18182	3	2	2	0.5
id-18183	5	4	10	0.4
id-18184	2	3	5	0.4
id-18185	4	8	22	0.2
id-18186	3	6	5	0.3
id-18187	1	2	14	0.2
id-18188	6	2	30	0.3
id-18189	1	2	20	0.2
id-18190	8	16	9	0.3
id-18191	8	14	5	0.3
id-18192	6	6	14	0.5
id-18193	9	8	1	0.3
id-18194	7	7	11	0.3
id-18195	10	8	25	0.3
id-18196	9	11	2	0.4
id-18197	4	6	27	0.4
id-18198	2	3	1	0.3
id-18199	6	11	25	0.4
id-18200	10	15	15	0.3
id-18201	6	10	30	0.2
id-18202	3	5	11	0.5
id-18203	2	4	13	0.3
id-18204	5	5	13	0.3
id-18205	7	9	16	0.5
id-18206	5	9	30	0.4
id-18207	1	2	8	0.4
id-18208	6	10	24	0.2
id-18209	10	20	9	0.4
id-18210	1	2	26	0.2
id-18211	7	12	19	0.4
id-18212	4	2	22	0.3
id-18213	1	2	16	0.5
id-18214	10	11	13	0.4
id-18215	3	6	14	0.4
id-18216	6	8	14	0.4
id-18217	4	4	4	0.4
id-18218	1	2	24	0.3
id-18219	1	2	9	0.4
id-18220	5	5	18	0.4
id-18221	5	9	5	0.5
id-18222	10	10	6	0.4
id-18223	6	4	15	0.3
id-18224	9	15	30	0.3
id-18225	4	6	30	0.3
id-18226	7	7	14	0.3
id-18227	3	6	21	0.4
id-18228	4	8	25	0.4
id-18229	8	11	24	0.5
id-18230	3	5	10	0.4
id-18231	2	3	16	0.4
id-18232	6	3	29	0.2
id-18233	10	16	26	0.2
id-18234	8	4	9	0.2
id-18235	10	11	24	0.4
id-18236	1	2	8	0.3
id-18237	1	2	5	0.3
id-18238	8	10	14	0.4
id-18239	1	2	23	0.5
id-18240	5	4	10	0.4
id-18241	2	2	29	0.4
id-18242	1	2	13	0.3
id-18243	6	12	6	0.3
id-18244	7	11	19	0.4
id-18245	9	14	8	0.3
id-18246	2	3	3	0.2
id-18247	2	2	27	0.4
id-18248	7	9	27	0.3
id-18249	2	3	12	0.2
id-18250	9	13	5	0.2
id-18251	6	8	1	0.3
id-18252	3	2	2	0.4
id-18253	7	14	1	0.4
id-18254	6	12	17	0.3
id-18255	5	9	18	0.3
id-18256	6	11	29	0.5
id-18257	3	5	20	0.3
id-18258	10	14	16	0.4
id-18259	4	5	7	0.3
id-18260	7	5	20	0.2
id-18261	1	2	10	0.4
id-18262	7	13	23	0.4
id-18263	3	2	3	0.5
id-18264	4	2	26	0.4
id-18265	4	6	5	0.2
id-18266	7	3	27	0.2
id-18267	10	20	26	0.4
id-18268	10	15	3	0.2
id-18269	1	2	24	0.2
id-18270	6	8	6	0.2
id-18271	8	5	23	0.3
id-18272	8	7	6	0.3
id-18273	10	7	18	0.5
id-18274	6	12	4	0.2
id-18275	1	2	5	0.4
id-18276	8	4	12	0.4
id-18277	4	2	30	0.2
id-18278	1	2	16	0.2
id-18279	5	7	15	0.2
id-18280	7	2	26	0.5
id-18281	10	16	22	0.2
id-18282	10	4	28	0.3
id-18283	8	3	16	0.2
id-18284	3	3	8	0.3
id-18285	5	5	21	0.4
id-18286	2	2	22	0.5
id-18287	1	2	19	0.3
id-18288	1	2	21	0.4
id-18289	8	13	22	0.2
id-18290	6	6	23	0.3
id-18291	6	12	15	0.2
id-18292	6	12	28	0.4
id-18293	4	3	14	0.2
id-18294	4	8	29	0.2
id-18295	7	4	10	0.3
id-18296	3	3	27	0.3
id-18297	1	2	6	0.3
id-18298	1	2	22	0.3
id-18299	10	4	8	0.3
id-18300	6	11	12	0.2
id-18301	7	2	22	0.4
id-18302	7	11	2	0.3
id-18303	2	4	22	0.3
id-18304	5	2	12	0.2
id-18305	7	11	10	0.5
id-18306	5	5	25	0.4
id-18307	10	11	23	0.5
id-18308	2	3	11	0.3
id-18309	1	2	17	0.4
id-18310	10	6	1	0.3
id-18311	7	12	15	0.5
id-18312	4	7	12	0.3
id-18313	6	7	1	0.2
id-18314	1	2	12	0.3
id-18315	9	7	4	0.3
id-18316	2	3	2	0.4
id-18317	4	3	29	0.2
id-18318	3	2	30	0.5
id-18319	9	10	18	0.4
id-18320	2	2	3	0.5
id-18321	2	3	27	0.3
id-18322	9	18	17	0.2
id-18323	8	4	4	0.3
id-18324	9	5	18	0.5
id-18325	6	10	22	0.3
id-18326	3	4	15	0.5
id-18327	1	2	14	0.4
id-18328	3	6	11	0.4
id-18329	8	2	15	0.3
id-18330	8	4	5	0.4
id-18331	4	4	20	0.2
id-18332	7	8	6	0.4
id-18333	3	4	27	0.4
id-18334	6	3	5	0.4
id-18335	5	5	23	0.3
id-18336	2	3	26	0.3
id-18337	4	4	29	0.5
id-18338	8	16	23	0.4
id-18339	3	4	8	0.2
id-18340	3	2	15	0.4
id-18341	2	3	30	0.4
id-18342	5	10	4	0.4
id-18343	1	2	27	0.3
id-18344	8	9	28	0.2
id-18345	6	8	19	0.3
id-18346	2	3	21	0.5
id-18347	1	2	25	0.5
id-18348	1	2	14	0.5
id-18349	10	19	8	0.4
id-18350	4	2	19	0.4
id-18351	8	8	19	0.3
id-18352	8	7	2	0.2
id-18353	3	5	3	0.4
id-18354	9	8	28	0.2
id-18355	6	3	30	0.4
id-18356	4	4	30	0.3
id-18357	10	18	1	0.3
id-18358	5	6	13	0.4
id-18359	9	16	16	0.3
id-18360	3	4	28	0.5
id-18361	10	17	15	0.4
id-18362	3	4	15	0.4
id-18363	2	4	3	0.4
id-18364	8	5	29	0.3
id-18365	3	3	14	0.5
id-18366	2	4	10	0.3
id-18367	5	10	17	0.3
id-18368	2	4	11	0.5
id-18369	8	5	7	0.3
id-18370	8	2	15	0.4
id-18371	1	2	6	0.5
id-18372	8	8	5	0.3
id-18373	6	6	12	0.5
id-18374	1	2	10	0.2
id-18375	7	9	6	0.5
id-18376	5	3	11	0.3
id-18377	5	10	4	0.4
id-18378	8	6	1	0.3
id-18379	3	4	13	0.2
id-18380	1	2	13	0.5
id-18381	8	14	3	0.4
id-18382	3	2	26	0.4
id-18383	10	3	9	0.4
id-18384	7	2	10	0.5
id-18385	10	10	17	0.5
id-18386	7	14	4	0.4
id-18387	4	4	19	0.2
id-18388	6	10	19	0.3
id-18389	3	4	24	0.2
id-18390	7	13	14	0.3
id-18391	1	2	14	0.4
id-18392	1	2	5	0.2
id-18393	1	2	26	0.5
id-18394	4	2	23	0.3
id-18395	1	2	3	0.4
id-18396	8	14	2	0.5
id-18397	10	10	28	0.3
id-18398	8	10	7	0.3
id-18399	3	2	5	0.4
id-18400	10	2	20	0.3
id-18401	9	6	21	0.3
id-18402	9	6	25	0.3
id-18403	7	11	15	0.5
id-18404	8	6	5	0.4
id-18405	6	6	16	0.2
id-18406	8	8	27	0.3
id-18407	9	7	4	0.4
id-18408	3	4	3	0.2
id-18409	1	2	10	0.3
id-18410	3	2	29	0.3
id-18411	1	2	16	0.5
id-18412	10	10	10	0.3
id-18413	5	10	25	0.3
id-18414	2	3	12	0.3
id-18415	2	3	22	0.2
id-18416	7	14	20	0.5
id-18417	7	2	29	0.3
id-18418	7	7	7	0.4
id-18419	9	3	26	0.3
id-18420	2	3	4	0.5
id-18421	3	2	19	0.4
id-18422	9	14	27	0.5
id-18423	5	6	10	0.2
id-18424	6	10	27	0.5
id-18425	4	7	18	0.5
id-18426	5	4	30	0.2
id-18427	4	2	24	0.3
id-18428	7	8	26	0.3
id-18429	4	2	14	0.4
id-18430	2	4	10	0.2
id-18431	2	4	5	0.5
id-18432	8	4	14	0.2
id-18433	5	9	4	0.5
id-18434	10	5	12	0.3
id-18435	6	7	20	0.4
id-18436	4	5	5	0.3
id-18437	5	9	28	0.2
id-18438	10	7	4	0.2
id-18439	1	2	27	0.4
id-18440	4	2	13	0.3
id-18441	8	2	23	0.4
id-18442	3	5	21	0.3
id-18443	4	5	1	0.4
id-18444	10	18	15	0.4
id-18445	2	3	13	0.5
id-18446	2	4	13	0.5
id-18447	5	3	13	0.4
id-18448	4	3	26	0.3
id-18449	3	5	22	0.5
id-18450	2	3	22	0.3
id-18451	5	5	7	0.3
id-18452	2	3	27	0.5
id-18453	3	5	10	0.5
id-18454	8	5	7	0.4
id-18455	3	3	13	0.3
id-18456	2	4	29	0.4
id-18457	5	8	15	0.3
id-18458	3	6	28	0.2
id-18459	9	4	6	0.2
id-18460	3	6	22	0.5
id-18461	7	4	29	0.4
id-18462	2	4	8	0.3
id-18463	3	5	28	0.2
id-18464	2	4	12	0.5
id-18465	1	2	9	0.2
id-18466	6	2	17	0.2
id-18467	2	4	20	0.2
id-18468	10	13	3	0.3
id-18469	7	8	24	0.2
id-18470	7	14	1	0.5
id-18471	5	5	22	0.5
id-18472	1	2	27	0.3
id-18473	8	4	4	0.5
id-18474	3	4	21	0.4
id-18475	10	9	14	0.4
id-18476	3	2	2	0.3
id-18477	6	8	1	0.4
id-18478	6	9	3	0.4
id-18479	7	11	23	0.3
id-18480	9	7	25	0.5
id-18481	7	3	12	0.3
id-18482	6	4	24	0.3
id-18483	2	2	26	0.3
id-18484	8	10	20	0.5
id-18485	7	11	9	0.3
id-18486	1	2	8	0.4
id-18487	6	5	8	0.4
id-18488	6	5	13	0.3
id-18489	6	4	30	0.3
id-18490	5	7	6	0.4
id-18491	3	4	11	0.3
id-18492	5	4	14	0.3
id-18493	2	4	14	0.5
id-18494	10	18	29	0.2
id-18495	10	12	10	0.4
id-18496	10	20	2	0.4
id-18497	9	10	27	0.5
id-18498	3	6	16	0.5
id-18499	9	8	8	0.4
id-18500	10	7	29	0.5
id-18501	3	5	22	0.3
id-18502	9	18	11	0.4
id-18503	1	2	22	0.4
id-18504	7	6	4	0.5
id-18505	9	3	20	0.5
id-18506	3	3	17	0.4
id-18507	2	2	21	0.4
id-18508	1	2	11	0.3
id-18509	8	10	4	0.4
id-18510	1	2	16	0.2
id-18511	6	7	16	0.4
id-18512	9	9	2	0.5
id-18513	1	2	17	0.3
id-18514	6	8	9	0.4
id-18515	7	9	13	0.3
id-18516	9	2	25	0.2
id-18517	7	3	27	0.3
id-18518	9	13	4	0.3
id-18519	7	11	11	0.3
id-18520	10	3	5	0.2
id-18521	7	8	18	0.3
id-18522	9	7	27	0.4
id-18523	4	3	29	0.3
id-18524	4	7	26	0.5
id-18525	10	4	22	0.2
id-18526	1	2	24	0.4
id-18527	2	4	29	0.2
id-18528	1	2	18	0.4
id-18529	4	3	12	0.4
id-18530	1	2	25	0.5
id-18531	3	3	25	0.2
id-18532	10	18	23	0.3
id-18533	9	15	11	0.3
id-18534	4	5	21	0.3
id-18535	6	6	3	0.5
id-18536	8	14	1	0.4
id-18537	5	8	30	0.5
id-18538	10	5	1	0.3
id-18539	8	12	9	0.4
id-18540	1	2	19	0.4
id-18541	7	7	20	0.2
id-18542	4	3	7	0.4
id-18543	10	16	17	0.4
id-18544	7	14	24	0.4
id-18545	8	8	17	0.2
id-18546	9	8	24	0.3
id-18547	6	8	15	0.5
id-18548	7	14	24	0.3
id-18549	6	5	29	0.2
id-18550	1	2	24	0.3
id-18551	6	6	25	0.3
id-18552	3	3	26	0.4
id-18553	9	3	5	0.4
id-18554	2	2	7	0.3
id-18555	3	6	20	0.5
id-18556	9	16	2	0.4
id-18557	5	9	2	0.3
id-18558	8	14	5	0.3
id-18559	3	6	3	0.3
id-18560	10	9	11	0.4
id-18561	9	3	8	0.3
id-18562	5	4	26	0.2
id-18563	3	6	21	0.3
id-18564	6	6	15	0.4
id-18565	5	9	24	0.4
id-18566	2	2	3	0.3
id-18567	8	16	25	0.2
id-18568	5	5	16	0.4
id-18569	4	5	9	0.4
id-18570	9	12	5	0.5
id-18571	4	6	8	0.4
id-18572	6	3	13	0.3
id-18573	3	6	10	0.4
id-18574	1	2	19	0.4
id-18575	8	7	28	0.4
id-18576	1	2	8	0.4
id-18577	4	4	5	0.5
id-18578	2	3	29	0.4
id-18579	6	8	30	0.5
id-18580	5	10	13	0.3
id-18581	7	12	2	0.2
id-18582	2	4	17	0.4
id-18583	1	2	20	0.3
id-18584	10	19	10	0.2
id-18585	2	4	17	0.4
id-18586	6	8	28	0.5
id-18587	5	9	25	0.3
id-18588	1	2	14	0.4
id-18589	9	13	1	0.5
id-18590	3	2	5	0.4
id-18591	1	2	30	0.3
id-18592	8	14	29	0.3
id-18593	8	8	8	0.5
id-18594	9	9	27	0.2
id-18595	4	3	21	0.5
id-18596	3	4	5	0.5
id-18597	8	5	10	0.4
id-18598	2	2	12	0.4
id-18599	4	5	10	0.4
id-18600	8	7	29	0.2
id-18601	6	3	26	0.4
id-18602	10	14	11	0.4
id-18603	9	5	19	0.4
id-18604	8	15	13	0.4
id-18605	10	17	8	0.5
id-18606	2	3	14	0.3
id-18607	2	2	12	0.3
id-18608	7	8	25	0.4
id-18609	4	3	14	0.2
id-18610	1	2	5	0.4
id-18611	6	5	10	0.4
id-18612	10	12	5	0.5
id-18613	9	15	9	0.2
id-18614	10	10	8	0.2
id-18615	3	4	18	0.5
id-18616	5	6	10	0.5
id-18617	2	2	27	0.4
id-18618	8	13	15	0.4
id-18619	2	2	12	0.2
id-18620	4	8	8	0.2
id-18621	6	11	22	0.5
id-18622	8	11	9	0.4
id-18623	1	2	15	0.4
id-18624	2	4	18	0.2
id-18625	1	2	9	0.3
id-18626	4	5	18	0.2
id-18627	9	12	2	0.4
id-18628	2	4	23	0.5
id-18629	6	7	28	0.2
id-18630	6	6	12	0.4
id-18631	5	4	1	0.5
id-18632	4	5	26	0.2
id-18633	3	6	30	0.4
id-18634	7	13	8	0.4
id-18635	10	9	16	0.3
id-18636	3	3	9	0.3
id-18637	2	3	12	0.4
id-18638	10	9	5	0.5
id-18639	2	2	13	0.3
id-18640	9	9	12	0.4
id-18641	7	3	10	0.3
id-18642	8	12	7	0.3
id-18643	8	2	2	0.3
id-18644	9	10	1	0.2
id-18645	2	2	25	0.3
id-18646	5	5	5	0.4
id-18647	4	2	26	0.5
id-18648	10	20	20	0.5
id-18649	10	20	16	0.2
id-18650	3	5	29	0.3
id-18651	3	3	22	0.3
id-18652	1	2	20	0.3
id-18653	8	10	28	0.4
id-18654	7	7	2	0.3
id-18655	5	4	14	0.2
id-18656	3	6	21	0.4
id-18657	3	5	10	0.3
id-18658	7	8	26	0.4
id-18659	8	12	3	0.4
id-18660	3	6	22	0.2
id-18661	6	5	20	0.4
id-18662	4	8	22	0.3
id-18663	8	6	5	0.2
id-18664	10	14	11	0.3
id-18665	1	2	11	0.4
id-18666	5	4	5	0.4
id-18667	10	6	16	0.4
id-18668	1	2	13	0.4
id-18669	5	6	7	0.3
id-18670	8	14	16	0.2
id-18671	9	14	7	0.4
id-18672	4	2	21	0.5
id-18673	8	4	4	0.2
id-18674	6	6	20	0.4
id-18675	6	3	21	0.4
id-18676	6	12	28	0.3
id-18677	3	5	27	0.2
id-18678	10	4	27	0.4
id-18679	9	9	11	0.4
id-18680	4	5	4	0.4
id-18681	10	6	4	0.3
id-18682	6	2	17	0.4
id-18683	9	14	3	0.3
id-18684	3	6	16	0.5
id-18685	5	3	2	0.4
id-18686	7	14	13	0.3
id-18687	1	2	21	0.2
id-18688	4	8	24	0.3
id-18689	6	3	8	0.5
id-18690	9	16	30	0.3
id-18691	10	13	4	0.2
id-18692	3	5	21	0.4
id-18693	5	8	7	0.4
id-18694	1	2	29	0.4
id-18695	6	5	14	0.2
id-18696	10	17	24	0.2
id-18697	7	5	2	0.4
id-18698	2	4	20	0.4
id-18699	9	11	7	0.5
id-18700	8	13	9	0.2
id-18701	2	2	22	0.3
id-18702	5	5	7	0.4
id-18703	1	2	17	0.4
id-18704	8	10	29	0.3
id-18705	1	2	20	0.3
id-18706	6	4	9	0.2
id-18707	3	4	3	0.4
id-18708	6	3	25	0.3
id-18709	2	2	26	0.3
id-18710	4	2	19	0.4
id-18711	10	9	28	0.5
id-18712	2	4	7	0.2
id-18713	9	6	13	0.3
id-18714	7	5	10	0.4
id-18715	2	4	24	0.2
id-18716	9	11	20	0.4
id-18717	10	15	19	0.4
id-18718	9	5	8	0.3
id-18719	1	2	25	0.4
id-18720	5	2	9	0.2
id-18721	7	2	16	0.3
id-18722	4	7	10	0.3
id-18723	4	6	8	0.3
id-18724	6	10	2	0.5
id-18725	8	15	28	0.3
id-18726	10	6	18	0.3
id-18727	1	2	12	0.3
id-18728	1	2	4	0.3
id-18729	5	4	25	0.4
id-18730	5	3	9	0.4
id-18731	2	3	17	0.3
id-18732	3	3	12	0.4
id-18733	10	17	7	0.2
id-18734	10	19	14	0.3
id-18735	7	5	11	0.3
id-18736	8	16	2	0.2
id-18737	8	16	2	0.4
id-18738	4	8	6	0.3
id-18739	10	3	9	0.4
id-18740	3	5	12	0.2
id-18741	6	12	13	0.4
id-18742	4	4	27	0.5
id-18743	2	2	16	0.2
id-18744	2	4	7	0.2
id-18745	3	3	5	0.3
id-18746	1	2	12	0.3
id-18747	4	3	19	0.4
id-18748	3	4	8	0.4
id-18749	6	2	19	0.4
id-18750	5	2	28	0.3
id-18751	7	9	25	0.5
id-18752	8	16	2	0.3
id-18753	1	2	3	0.4
id-18754	5	7	4	0.4
id-18755	9	13	4	0.2
id-18756	7	10	11	0.4
id-18757	8	2	15	0.2
id-18758	2	4	14	0.3
id-18759	1	2	23	0.3
id-18760	8	11	6	0.3
id-18761	3	6	15	0.3
id-18762	2	3	9	0.3
id-18763	1	2	8	0.4
id-18764	1	2	16	0.4
id-18765	10	17	17	0.4
id-18766	7	9	28	0.4
id-18767	1	2	1	0.3
id-18768	5	2	10	0.3
id-18769	4	3	23	0.5
id-18770	7	8	30	0.5
id-18771	3	6	27	0.3
id-18772	7	13	21	0.4
id-18773	4	4	25	0.4
id-18774	1	2	30	0.5
id-18775	7	9	11	0.3
id-18776	3	6	11	0.5
id-18777	9	6	10	0.4
id-18778	8	16	13	0.5
id-18779	2	2	13	0.3
id-18780	3	2	10	0.3
id-18781	2	4	5	0.3
id-18782	10	8	1	0.5
id-18783	6	2	1	0.2
id-18784	5	2	29	0.2
id-18785	7	9	17	0.4
id-18786	1	2	7	0.3
id-18787	4	3	16	0.5
id-18788	2	3	14	0.3
id-18789	4	7	8	0.5
id-18790	2	4	16	0.2
id-18791	9	13	1	0.2
id-18792	10	10	13	0.4
id-18793	10	12	23	0.3
id-18794	10	4	12	0.2
id-18795	2	3	3	0.4
id-18796	5	3	22	0.4
id-18797	10	17	21	0.5
id-18798	1	2	15	0.4
id-18799	6	2	16	0.4
id-18800	5	5	20	0.4
id-18801	7	11	10	0.4
id-18802	2	3	1	0.4
id-18803	7	14	19	0.4
id-18804	4	8	16	0.2
id-18805	8	8	20	0.3
id-18806	8	11	3	0.4
id-18807	7	7	2	0.3
id-18808	1	2	21	0.5
id-18809	4	6	16	0.3
id-18810	10	6	7	0.2
id-18811	10	10	15	0.5
id-18812	8	13	21	0.3
id-18813	9	2	18	0.5
id-18814	9	12	7	0.5
id-18815	10	8	13	0.3
id-18816	4	8	5	0.3
id-18817	8	14	4	0.2
id-18818	2	4	1	0.3
id-18819	1	2	30	0.2
id-18820	9	17	9	0.2
id-18821	8	16	20	0.4
id-18822	5	4	2	0.3
id-18823	7	7	18	0.3
id-18824	6	5	3	0.3
id-18825	1	2	9	0.4
id-18826	2	2	14	0.3
id-18827	5	6	12	0.3
id-18828	10	8	2	0.2
id-18829	1	2	2	0.5
id-18830	4	8	26	0.5
id-18831	3	5	9	0.3
id-18832	9	7	19	0.4
id-18833	8	15	30	0.4
id-18834	8	5	25	0.3
id-18835	9	2	21	0.5
id-18836	3	6	3	0.5
id-18837	5	7	6	0.2
id-18838	7	7	27	0.3
id-18839	2	4	17	0.4
id-18840	8	14	9	0.5
id-18841	3	5	26	0.3
id-18842	9	12	1	0.4
id-18843	2	4	24	0.2
id-18844	8	6	1	0.2
id-18845	7	7	3	0.3
id-18846	6	8	14	0.3
id-18847	10	12	28	0.2
id-18848	8	4	6	0.3
id-18849	4	2	27	0.3
id-18850	5	2	5	0.3
id-18851	3	6	20	0.3
id-18852	2	2	15	0.4
id-18853	8	6	7	0.4
id-18854	5	8	4	0.4
id-18855	4	8	11	0.3
id-18856	5	4	22	0.3
id-18857	9	7	28	0.2
id-18858	4	7	16	0.5
id-18859	6	4	6	0.2
id-18860	2	2	26	0.3
id-18861	4	7	1	0.5
id-18862	5	7	15	0.2
id-18863	8	6	11	0.3
id-18864	10	9	14	0.4
id-18865	6	2	14	0.2
id-18866	2	2	16	0.4
id-18867	10	17	18	0.4
id-18868	1	2	12	0.3
id-18869	6	10	11	0.4
id-18870	5	2	12	0.5
id-18871	1	2	28	0.3
id-18872	8	13	22	0.4
id-18873	1	2	1	0.4
id-18874	4	3	2	0.3
id-18875	4	4	19	0.3
id-18876	4	4	24	0.3
id-18877	6	10	25	0.2
id-18878	6	10	1	0.5
id-18879	3	5	4	0.4
id-18880	10	13	18	0.4
id-18881	1	2	9	0.3
id-18882	10	6	20	0.3
id-18883	6	3	12	0.2
id-18884	10	19	10	0.3
id-18885	6	9	15	0.4
id-18886	8	13	18	0.2
id-18887	3	5	2	0.2
id-18888	7	8	23	0.4
id-18889	5	6	27	0.2
id-18890	9	18	2	0.5
id-18891	5	5	6	0.4
id-18892	2	2	17	0.3
id-18893	3	6	5	0.4
id-18894	5	5	15	0.4
id-18895	10	15	4	0.5
id-18896	3	6	9	0.3
id-18897	7	3	23	0.3
id-18898	7	10	28	0.3
id-18899	1	2	9	0.5
id-18900	4	2	2	0.3
id-18901	5	9	9	0.4
id-18902	5	7	27	0.2
id-18903	9	16	3	0.5
id-18904	9	11	20	0.2
id-18905	7	9	4	0.4
id-18906	6	12	9	0.5
id-18907	8	12	6	0.4
id-18908	1	2	9	0.4
id-18909	4	5	8	0.4
id-18910	8	9	21	0.5
id-18911	1	2	13	0.2
id-18912	7	11	15	0.4
id-18913	5	9	20	0.3
id-18914	2	4	21	0.4
id-18915	1	2	14	0.5
id-18916	7	10	7	0.4
id-18917	5	5	6	0.3
id-18918	5	8	24	0.3
id-18919	2	4	9	0.2
id-18920	4	6	18	0.2
id-18921	7	14	16	0.2
id-18922	4	8	15	0.3
id-18923	3	6	14	0.5
id-18924	2	3	22	0.4
id-18925	4	6	23	0.3
id-18926	5	4	26	0.2
id-18927	6	6	3	0.5
id-18928	3	5	4	0.2
id-18929	10	16	21	0.3
id-18930	2	3	27	0.2
id-18931	5	4	8	0.4
id-18932	5	10	13	0.3
id-18933	8	11	15	0.3
id-18934	4	6	12	0.3
id-18935	1	2	25	0.2
id-18936	2	4	7	0.3
id-18937	4	6	21	0.3
id-18938	8	13	13	0.5
id-18939	2	2	7	0.5
id-18940	5	10	16	0.5
id-18941	3	2	2	0.4
id-18942	4	7	27	0.2
id-18943	5	3	8	0.4
id-18944	4	6	13	0.3
id-18945	9	13	15	0.3
id-18946	9	3	1	0.3
id-18947	2	3	26	0.4
id-18948	3	5	29	0.3
id-18949	5	8	23	0.5
id-18950	8	7	21	0.4
id-18951	1	2	29	0.5
id-18952	1	2	7	0.4
id-18953	9	2	22	0.4
id-18954	8	10	21	0.3
id-18955	5	8	18	0.5
id-18956	5	2	18	0.2
id-18957	8	14	9	0.4
id-18958	2	3	3	0.4
id-18959	6	7	11	0.5
id-18960	3	4	9	0.3
id-18961	3	6	23	0.2
id-18962	2	4	21	0.5
id-18963	10	10	6	0.3
id-18964	10	13	7	0.4
id-18965	4	7	25	0.5
id-18966	8	15	21	0.3
id-18967	7	8	6	0.4
id-18968	9	5	21	0.2
id-18969	4	7	27	0.4
id-18970	1	2	13	0.3
id-18971	1	2	25	0.3
id-18972	7	4	15	0.3
id-18973	6	4	7	0.3
id-18974	8	5	15	0.4
id-18975	8	15	25	0.5
id-18976	8	6	22	0.5
id-18977	4	3	3	0.5
id-18978	8	6	18	0.4
id-18979	4	4	5	0.4
id-18980	3	2	14	0.4
id-18981	8	10	7	0.3
id-18982	4	4	26	0.3
id-18983	3	2	18	0.4
id-18984	1	2	16	0.3
id-18985	1	2	6	0.5
id-18986	3	3	18	0.3
id-18987	3	5	15	0.2
id-18988	8	2	3	0.2
id-18989	6	8	16	0.3
id-18990	3	4	25	0.4
id-18991	9	17	2	0.4
id-18992	8	3	14	0.2
id-18993	8	15	13	0.3
id-18994	8	9	26	0.4
id-18995	8	16	21	0.4
id-18996	6	10	28	0.4
id-18997	9	18	2	0.4
id-18998	8	9	1	0.5
id-18999	7	12	25	0.5
id-19000	1	2	15	0.5
id-19001	1	2	12	0.4
id-19002	2	3	9	0.2
id-19003	2	3	18	0.5
id-19004	2	4	30	0.3
id-19005	9	12	21	0.3
id-19006	4	8	19	0.4
id-19007	9	2	2	0.4
id-19008	3	5	20	0.4
id-19009	5	5	19	0.2
id-19010	5	10	6	0.4
id-19011	9	4	22	0.2
id-19012	8	16	25	0.4
id-19013	9	4	12	0.3
id-19014	5	8	3	0.3
id-19015	9	6	11	0.4
id-19016	7	7	3	0.3
id-19017	5	2	26	0.3
id-19018	5	2	26	0.5
id-19019	7	11	25	0.3
id-19020	7	8	12	0.3
id-19021	10	5	6	0.3
id-19022	3	3	2	0.2
id-19023	5	8	21	0.3
id-19024	2	4	25	0.3
id-19025	10	20	17	0.3
id-19026	7	7	7	0.4
id-19027	9	4	13	0.3
id-19028	7	11	10	0.3
id-19029	5	7	21	0.4
id-19030	6	2	14	0.5
id-19031	6	5	3	0.2
id-19032	8	13	22	0.2
id-19033	10	12	24	0.5
id-19034	7	6	18	0.4
id-19035	3	3	25	0.3
id-19036	2	4	19	0.3
id-19037	2	4	1	0.4
id-19038	9	10	24	0.2
id-19039	2	4	4	0.3
id-19040	8	12	3	0.3
id-19041	3	4	3	0.2
id-19042	1	2	17	0.2
id-19043	4	5	12	0.5
id-19044	4	5	23	0.2
id-19045	4	4	30	0.3
id-19046	5	8	4	0.3
id-19047	4	8	11	0.4
id-19048	2	3	11	0.4
id-19049	6	12	18	0.3
id-19050	5	9	26	0.3
id-19051	9	11	19	0.4
id-19052	5	4	3	0.4
id-19053	3	5	6	0.2
id-19054	7	14	19	0.4
id-19055	7	5	3	0.2
id-19056	3	2	20	0.4
id-19057	4	8	16	0.4
id-19058	7	14	3	0.5
id-19059	8	7	2	0.4
id-19060	10	7	8	0.3
id-19061	6	7	12	0.3
id-19062	9	16	10	0.3
id-19063	10	7	19	0.3
id-19064	7	12	5	0.5
id-19065	5	8	5	0.4
id-19066	4	6	13	0.4
id-19067	8	6	11	0.5
id-19068	3	5	3	0.3
id-19069	5	7	17	0.3
id-19070	6	11	22	0.3
id-19071	6	3	24	0.3
id-19072	9	7	16	0.3
id-19073	2	3	9	0.3
id-19074	4	7	22	0.5
id-19075	5	5	9	0.5
id-19076	8	8	10	0.2
id-19077	6	9	14	0.4
id-19078	6	7	29	0.4
id-19079	2	4	22	0.4
id-19080	9	3	30	0.4
id-19081	7	11	23	0.5
id-19082	7	4	9	0.4
id-19083	6	6	9	0.3
id-19084	6	5	16	0.4
id-19085	5	4	25	0.2
id-19086	1	2	15	0.3
id-19087	9	17	4	0.2
id-19088	1	2	16	0.5
id-19089	2	4	21	0.2
id-19090	6	2	5	0.3
id-19091	4	7	11	0.5
id-19092	6	11	22	0.5
id-19093	1	2	23	0.5
id-19094	9	17	9	0.5
id-19095	8	13	22	0.2
id-19096	3	3	24	0.3
id-19097	3	4	16	0.5
id-19098	9	12	11	0.5
id-19099	8	7	9	0.3
id-19100	9	11	7	0.5
id-19101	3	2	18	0.5
id-19102	4	4	14	0.4
id-19103	9	18	15	0.2
id-19104	4	7	6	0.3
id-19105	4	8	17	0.4
id-19106	3	3	17	0.3
id-19107	4	8	9	0.3
id-19108	9	16	27	0.5
id-19109	10	13	19	0.2
id-19110	10	19	23	0.5
id-19111	6	11	18	0.3
id-19112	10	15	15	0.2
id-19113	9	17	24	0.4
id-19114	1	2	15	0.4
id-19115	9	16	10	0.4
id-19116	6	11	3	0.4
id-19117	1	2	23	0.3
id-19118	7	4	25	0.3
id-19119	1	2	30	0.4
id-19120	8	15	5	0.4
id-19121	1	2	2	0.3
id-19122	2	4	9	0.4
id-19123	3	5	2	0.4
id-19124	7	14	10	0.2
id-19125	10	8	20	0.3
id-19126	6	2	27	0.3
id-19127	7	11	10	0.5
id-19128	10	8	27	0.2
id-19129	1	2	4	0.3
id-19130	3	2	11	0.4
id-19131	8	3	5	0.5
id-19132	5	4	18	0.3
id-19133	10	7	16	0.4
id-19134	5	4	10	0.3
id-19135	10	7	7	0.5
id-19136	10	17	5	0.3
id-19137	5	7	21	0.4
id-19138	2	2	20	0.4
id-19139	8	7	21	0.5
id-19140	5	7	5	0.4
id-19141	8	13	2	0.5
id-19142	8	15	13	0.4
id-19143	7	2	29	0.3
id-19144	9	10	17	0.4
id-19145	5	2	28	0.4
id-19146	4	8	12	0.5
id-19147	8	10	15	0.3
id-19148	8	3	17	0.3
id-19149	10	17	5	0.3
id-19150	2	3	12	0.5
id-19151	3	6	18	0.4
id-19152	3	2	1	0.3
id-19153	7	11	3	0.2
id-19154	1	2	25	0.3
id-19155	7	10	7	0.3
id-19156	1	2	21	0.4
id-19157	6	3	30	0.4
id-19158	1	2	12	0.3
id-19159	3	3	11	0.4
id-19160	9	10	20	0.2
id-19161	9	15	15	0.4
id-19162	10	3	8	0.3
id-19163	1	2	25	0.3
id-19164	1	2	29	0.3
id-19165	6	9	12	0.3
id-19166	8	4	19	0.5
id-19167	5	9	4	0.3
id-19168	7	11	18	0.3
id-19169	8	8	7	0.3
id-19170	10	12	5	0.5
id-19171	9	10	23	0.5
id-19172	3	4	6	0.4
id-19173	1	2	6	0.3
id-19174	6	2	18	0.3
id-19175	1	2	30	0.4
id-19176	8	15	7	0.2
id-19177	3	2	12	0.4
id-19178	10	17	27	0.4
id-19179	9	15	8	0.2
id-19180	5	8	1	0.5
id-19181	4	6	9	0.4
id-19182	7	3	10	0.2
id-19183	4	6	30	0.4
id-19184	7	10	19	0.4
id-19185	9	15	29	0.4
id-19186	4	4	18	0.3
id-19187	6	10	16	0.4
id-19188	3	4	16	0.5
id-19189	1	2	21	0.5
id-19190	9	6	14	0.5
id-19191	4	5	23	0.2
id-19192	5	9	9	0.4
id-19193	10	8	7	0.4
id-19194	6	2	22	0.2
id-19195	10	4	11	0.4
id-19196	2	3	19	0.3
id-19197	3	5	13	0.3
id-19198	2	3	5	0.5
id-19199	9	9	22	0.4
id-19200	5	10	8	0.3
id-19201	6	5	9	0.4
id-19202	2	2	16	0.3
id-19203	5	3	28	0.3
id-19204	1	2	21	0.2
id-19205	1	2	6	0.5
id-19206	6	12	13	0.4
id-19207	10	16	14	0.4
id-19208	4	6	29	0.3
id-19209	2	4	17	0.4
id-19210	1	2	26	0.4
id-19211	7	13	19	0.4
id-19212	10	12	2	0.3
id-19213	4	8	23	0.2
id-19214	6	4	15	0.3
id-19215	2	2	1	0.3
id-19216	10	2	30	0.5
id-19217	9	12	29	0.4
id-19218	3	4	27	0.3
id-19219	8	9	3	0.4
id-19220	9	17	18	0.5
id-19221	5	2	17	0.4
id-19222	10	20	5	0.3
id-19223	7	8	26	0.5
id-19224	5	8	13	0.3
id-19225	3	5	17	0.3
id-19226	4	8	5	0.5
id-19227	8	9	24	0.4
id-19228	4	4	6	0.2
id-19229	4	5	4	0.4
id-19230	10	10	1	0.3
id-19231	9	18	6	0.2
id-19232	4	5	3	0.3
id-19233	3	2	12	0.2
id-19234	9	5	12	0.5
id-19235	2	2	4	0.4
id-19236	10	8	14	0.4
id-19237	6	8	5	0.4
id-19238	3	3	12	0.4
id-19239	4	6	21	0.4
id-19240	8	4	9	0.5
id-19241	4	7	25	0.4
id-19242	3	3	4	0.4
id-19243	3	3	20	0.3
id-19244	2	3	14	0.5
id-19245	4	2	29	0.5
id-19246	10	6	6	0.4
id-19247	4	6	6	0.2
id-19248	8	8	3	0.3
id-19249	10	20	26	0.2
id-19250	6	2	23	0.4
id-19251	4	5	6	0.4
id-19252	8	13	30	0.2
id-19253	10	8	6	0.3
id-19254	9	10	17	0.3
id-19255	4	8	13	0.4
id-19256	6	9	13	0.4
id-19257	7	13	26	0.3
id-19258	2	3	7	0.4
id-19259	10	8	9	0.3
id-19260	3	2	12	0.4
id-19261	5	8	29	0.3
id-19262	6	3	3	0.5
id-19263	10	9	30	0.3
id-19264	4	6	25	0.2
id-19265	1	2	7	0.5
id-19266	4	8	12	0.3
id-19267	6	5	2	0.3
id-19268	3	6	2	0.4
id-19269	1	2	15	0.3
id-19270	8	15	14	0.3
id-19271	10	12	16	0.5
id-19272	7	13	26	0.4
id-19273	4	6	19	0.2
id-19274	8	4	21	0.2
id-19275	1	2	4	0.4
id-19276	5	6	6	0.3
id-19277	3	4	13	0.2
id-19278	1	2	23	0.4
id-19279	3	5	17	0.5
id-19280	9	13	6	0.2
id-19281	7	2	18	0.4
id-19282	5	6	4	0.3
id-19283	8	7	19	0.4
id-19284	9	15	12	0.2
id-19285	9	11	13	0.4
id-19286	1	2	24	0.4
id-19287	2	2	14	0.4
id-19288	4	6	19	0.4
id-19289	4	8	15	0.2
id-19290	7	5	27	0.2
id-19291	7	10	19	0.3
id-19292	7	4	12	0.4
id-19293	9	7	18	0.3
id-19294	6	9	14	0.3
id-19295	5	6	14	0.3
id-19296	2	4	27	0.2
id-19297	6	2	8	0.3
id-19298	3	6	15	0.2
id-19299	1	2	4	0.4
id-19300	9	14	24	0.5
id-19301	1	2	11	0.3
id-19302	5	10	10	0.4
id-19303	8	2	7	0.2
id-19304	3	2	30	0.3
id-19305	6	12	1	0.5
id-19306	10	13	22	0.3
id-19307	10	5	3	0.2
id-19308	2	4	13	0.3
id-19309	10	7	19	0.4
id-19310	9	16	4	0.5
id-19311	9	6	7	0.4
id-19312	9	7	2	0.5
id-19313	2	2	20	0.4
id-19314	4	8	12	0.2
id-19315	8	9	9	0.2
id-19316	7	14	28	0.4
id-19317	10	9	17	0.4
id-19318	7	9	21	0.5
id-19319	4	2	22	0.2
id-19320	7	5	17	0.4
id-19321	2	3	28	0.4
id-19322	6	6	4	0.4
id-19323	1	2	8	0.3
id-19324	3	2	29	0.5
id-19325	8	6	26	0.2
id-19326	3	4	2	0.4
id-19327	8	4	26	0.4
id-19328	2	3	17	0.5
id-19329	3	2	16	0.2
id-19330	3	2	27	0.3
id-19331	3	5	10	0.2
id-19332	4	3	4	0.2
id-19333	2	4	16	0.3
id-19334	6	7	25	0.3
id-19335	5	9	19	0.4
id-19336	5	7	5	0.3
id-19337	9	18	23	0.5
id-19338	5	3	14	0.4
id-19339	1	2	10	0.2
id-19340	9	17	28	0.3
id-19341	6	10	26	0.3
id-19342	4	3	20	0.4
id-19343	8	4	11	0.3
id-19344	8	12	14	0.3
id-19345	2	2	28	0.5
id-19346	7	5	29	0.4
id-19347	3	4	12	0.4
id-19348	5	6	6	0.3
id-19349	8	8	7	0.5
id-19350	7	9	10	0.3
id-19351	9	15	3	0.4
id-19352	8	10	9	0.3
id-19353	4	8	14	0.4
id-19354	9	17	23	0.4
id-19355	1	2	8	0.4
id-19356	2	3	26	0.2
id-19357	7	6	26	0.4
id-19358	10	13	17	0.4
id-19359	9	13	9	0.3
id-19360	3	3	3	0.4
id-19361	2	4	17	0.4
id-19362	2	2	20	0.5
id-19363	7	11	17	0.3
id-19364	2	4	2	0.2
id-19365	2	2	10	0.3
id-19366	8	2	25	0.5
id-19367	8	11	5	0.2
id-19368	9	6	13	0.5
id-19369	7	11	4	0.3
id-19370	10	13	4	0.2
id-19371	6	6	5	0.4
id-19372	10	5	10	0.3
id-19373	5	9	22	0.3
id-19374	3	6	13	0.5
id-19375	3	5	30	0.4
id-19376	4	3	30	0.3
id-19377	3	6	26	0.3
id-19378	4	8	2	0.4
id-19379	10	15	10	0.4
id-19380	7	14	9	0.5
id-19381	6	2	19	0.5
id-19382	4	8	4	0.2
id-19383	2	2	15	0.4
id-19384	6	10	30	0.3
id-19385	2	2	3	0.5
id-19386	7	7	28	0.4
id-19387	4	8	10	0.5
id-19388	6	9	25	0.5
id-19389	2	4	28	0.3
id-19390	3	2	22	0.4
id-19391	2	3	24	0.5
id-19392	3	6	30	0.5
id-19393	2	2	10	0.4
id-19394	4	7	29	0.4
id-19395	10	11	29	0.4
id-19396	3	5	11	0.4
id-19397	8	16	10	0.4
id-19398	3	4	14	0.4
id-19399	6	11	29	0.5
id-19400	7	9	6	0.3
id-19401	9	15	11	0.2
id-19402	3	6	10	0.5
id-19403	5	7	28	0.5
id-19404	7	3	10	0.2
id-19405	7	5	11	0.4
id-19406	6	8	5	0.3
id-19407	8	6	23	0.3
id-19408	2	4	5	0.4
id-19409	6	2	12	0.5
id-19410	8	10	16	0.3
id-19411	7	13	6	0.3
id-19412	10	20	22	0.4
id-19413	4	6	14	0.5
id-19414	5	3	2	0.2
id-19415	8	7	15	0.4
id-19416	7	7	6	0.4
id-19417	7	12	7	0.4
id-19418	8	13	24	0.5
id-19419	8	16	24	0.2
id-19420	6	7	8	0.3
id-19421	6	5	2	0.5
id-19422	6	12	10	0.5
id-19423	7	8	30	0.4
id-19424	3	2	15	0.3
id-19425	1	2	27	0.4
id-19426	7	2	8	0.4
id-19427	3	3	21	0.3
id-19428	8	15	2	0.4
id-19429	5	8	14	0.3
id-19430	10	11	29	0.3
id-19431	2	3	1	0.5
id-19432	5	5	2	0.3
id-19433	2	4	17	0.5
id-19434	5	9	5	0.3
id-19435	1	2	14	0.3
id-19436	7	10	1	0.4
id-19437	5	7	10	0.3
id-19438	9	12	29	0.3
id-19439	8	4	26	0.2
id-19440	6	2	28	0.5
id-19441	3	3	20	0.4
id-19442	2	4	6	0.3
id-19443	10	5	9	0.4
id-19444	5	5	7	0.4
id-19445	9	11	14	0.4
id-19446	6	6	2	0.4
id-19447	9	11	23	0.4
id-19448	2	4	5	0.5
id-19449	3	4	1	0.4
id-19450	8	13	26	0.5
id-19451	9	2	25	0.2
id-19452	9	7	5	0.4
id-19453	5	3	5	0.2
id-19454	8	10	25	0.2
id-19455	6	12	27	0.3
id-19456	2	3	26	0.4
id-19457	2	4	5	0.4
id-19458	2	4	14	0.2
id-19459	9	4	17	0.4
id-19460	8	12	18	0.5
id-19461	2	2	18	0.4
id-19462	10	5	11	0.2
id-19463	7	6	22	0.4
id-19464	1	2	11	0.3
id-19465	10	16	6	0.3
id-19466	2	4	9	0.5
id-19467	7	10	13	0.3
id-19468	6	7	2	0.3
id-19469	1	2	12	0.3
id-19470	7	3	11	0.3
id-19471	8	5	17	0.3
id-19472	3	2	28	0.5
id-19473	3	5	26	0.2
id-19474	1	2	12	0.3
id-19475	8	15	10	0.2
id-19476	4	2	26	0.5
id-19477	9	17	27	0.3
id-19478	6	6	12	0.3
id-19479	1	2	19	0.3
id-19480	8	12	9	0.5
id-19481	2	3	18	0.2
id-19482	2	4	2	0.4
id-19483	2	3	6	0.5
id-19484	6	3	13	0.4
id-19485	5	7	15	0.5
id-19486	9	18	10	0.4
id-19487	2	3	29	0.4
id-19488	3	6	11	0.5
id-19489	4	4	1	0.2
id-19490	8	9	25	0.5
id-19491	6	7	5	0.5
id-19492	3	2	25	0.4
id-19493	4	8	23	0.4
id-19494	7	12	19	0.4
id-19495	4	3	13	0.3
id-19496	1	2	10	0.4
id-19497	10	15	10	0.4
id-19498	1	2	25	0.5
id-19499	8	4	13	0.5
id-19500	2	2	27	0.3
id-19501	5	8	2	0.4
id-19502	5	4	11	0.2
id-19503	7	4	5	0.5
id-19504	10	9	27	0.5
id-19505	9	7	21	0.3
id-19506	4	2	2	0.3
id-19507	4	4	10	0.2
id-19508	9	8	20	0.4
id-19509	1	2	20	0.3
id-19510	10	16	2	0.2
id-19511	6	2	12	0.4
id-19512	8	12	8	0.2
id-19513	2	3	6	0.4
id-19514	1	2	5	0.3
id-19515	4	7	6	0.4
id-19516	4	3	27	0.2
id-19517	5	3	22	0.3
id-19518	4	8	11	0.5
id-19519	10	10	2	0.5
id-19520	1	2	20	0.4
id-19521	8	13	5	0.3
id-19522	6	2	2	0.3
id-19523	7	7	3	0.2
id-19524	2	2	16	0.3
id-19525	4	8	30	0.4
id-19526	7	8	4	0.4
id-19527	4	3	1	0.3
id-19528	3	6	9	0.4
id-19529	3	4	22	0.4
id-19530	5	3	2	0.4
id-19531	4	5	21	0.4
id-19532	10	17	5	0.5
id-19533	6	3	6	0.4
id-19534	10	7	1	0.3
id-19535	4	5	8	0.3
id-19536	10	9	21	0.3
id-19537	9	8	16	0.4
id-19538	9	11	14	0.2
id-19539	9	12	13	0.2
id-19540	7	11	16	0.5
id-19541	10	16	9	0.5
id-19542	4	5	7	0.2
id-19543	6	11	27	0.2
id-19544	5	8	25	0.4
id-19545	5	8	27	0.2
id-19546	7	8	17	0.2
id-19547	10	19	6	0.5
id-19548	6	9	13	0.2
id-19549	10	11	27	0.3
id-19550	1	2	29	0.3
id-19551	4	7	3	0.3
id-19552	8	5	23	0.4
id-19553	9	14	17	0.2
id-19554	8	15	20	0.5
id-19555	2	3	26	0.5
id-19556	3	3	10	0.4
id-19557	6	12	13	0.5
id-19558	10	8	24	0.2
id-19559	4	6	22	0.3
id-19560	5	4	19	0.3
id-19561	2	2	2	0.2
id-19562	5	7	6	0.5
id-19563	6	3	3	0.4
id-19564	6	2	2	0.3
id-19565	9	18	22	0.2
id-19566	8	8	24	0.4
id-19567	8	6	15	0.2
id-19568	1	2	17	0.3
id-19569	1	2	16	0.4
id-19570	2	2	3	0.4
id-19571	8	9	18	0.4
id-19572	10	6	17	0.3
id-19573	1	2	30	0.4
id-19574	2	2	24	0.4
id-19575	10	10	29	0.4
id-19576	10	11	26	0.3
id-19577	7	2	8	0.5
id-19578	1	2	29	0.3
id-19579	3	4	8	0.4
id-19580	1	2	20	0.4
id-19581	3	3	29	0.5
id-19582	7	6	20	0.3
id-19583	9	16	20	0.5
id-19584	5	8	4	0.4
id-19585	2	4	3	0.2
id-19586	4	7	14	0.2
id-19587	3	5	1	0.3
id-19588	6	8	12	0.5
id-19589	5	6	6	0.5
id-19590	6	2	16	0.3
id-19591	2	2	27	0.4
id-19592	4	3	24	0.4
id-19593	2	2	12	0.3
id-19594	5	7	21	0.4
id-19595	10	2	16	0.5
id-19596	3	3	28	0.2
id-19597	3	2	1	0.4
id-19598	3	2	13	0.5
id-19599	4	5	21	0.3
id-19600	10	11	24	0.4
id-19601	5	8	29	0.2
id-19602	10	10	29	0.5
id-19603	6	4	27	0.3
id-19604	2	3	29	0.4
id-19605	9	7	15	0.5
id-19606	8	14	18	0.2
id-19607	5	9	18	0.5
id-19608	2	3	7	0.4
id-19609	6	10	6	0.3
id-19610	5	9	21	0.3
id-19611	7	3	7	0.3
id-19612	10	3	21	0.4
id-19613	9	5	10	0.5
id-19614	6	11	29	0.2
id-19615	10	9	21	0.3
id-19616	6	5	16	0.4
id-19617	7	6	27	0.4
id-19618	2	2	6	0.3
id-19619	10	13	14	0.4
id-19620	4	3	6	0.4
id-19621	7	14	26	0.4
id-19622	5	5	6	0.5
id-19623	9	5	22	0.3
id-19624	3	4	25	0.2
id-19625	6	8	2	0.3
id-19626	1	2	4	0.3
id-19627	3	6	16	0.2
id-19628	3	2	6	0.5
id-19629	5	9	17	0.3
id-19630	10	15	18	0.4
id-19631	6	11	29	0.5
id-19632	6	6	10	0.3
id-19633	5	8	25	0.5
id-19634	5	9	19	0.4
id-19635	2	4	13	0.3
id-19636	4	4	19	0.5
id-19637	10	6	11	0.2
id-19638	9	12	29	0.3
id-19639	3	6	24	0.3
id-19640	4	2	20	0.5
id-19641	6	2	20	0.3
id-19642	4	4	3	0.3
id-19643	1	2	21	0.2
id-19644	10	3	18	0.5
id-19645	7	14	23	0.2
id-19646	4	2	17	0.5
id-19647	9	3	1	0.3
id-19648	7	14	1	0.2
id-19649	10	13	29	0.3
id-19650	8	12	3	0.3
id-19651	9	5	28	0.3
id-19652	10	3	13	0.4
id-19653	3	5	21	0.2
id-19654	7	5	13	0.5
id-19655	4	2	5	0.3
id-19656	10	18	20	0.3
id-19657	1	2	20	0.3
id-19658	3	4	20	0.2
id-19659	3	3	18	0.2
id-19660	8	15	25	0.3
id-19661	4	8	26	0.3
id-19662	2	4	29	0.3
id-19663	10	20	11	0.5
id-19664	7	3	4	0.4
id-19665	9	6	2	0.5
id-19666	8	2	5	0.3
id-19667	9	4	2	0.3
id-19668	9	18	26	0.4
id-19669	5	8	28	0.3
id-19670	1	2	13	0.2
id-19671	9	4	26	0.3
id-19672	7	2	19	0.3
id-19673	2	3	30	0.4
id-19674	4	7	1	0.4
id-19675	7	10	11	0.4
id-19676	10	14	29	0.2
id-19677	10	2	2	0.2
id-19678	5	7	8	0.4
id-19679	2	4	1	0.4
id-19680	2	2	18	0.3
id-19681	7	11	19	0.2
id-19682	5	9	19	0.3
id-19683	8	14	28	0.2
id-19684	2	2	23	0.4
id-19685	1	2	10	0.3
id-19686	9	16	25	0.3
id-19687	10	15	28	0.3
id-19688	5	2	8	0.3
id-19689	4	6	25	0.3
id-19690	7	9	20	0.3
id-19691	6	3	3	0.5
id-19692	6	6	14	0.3
id-19693	5	6	22	0.4
id-19694	8	3	1	0.3
id-19695	2	4	4	0.4
id-19696	2	4	13	0.4
id-19697	5	8	28	0.3
id-19698	9	2	5	0.3
id-19699	5	7	5	0.4
id-19700	4	4	9	0.2
id-19701	2	4	26	0.4
id-19702	2	2	3	0.2
id-19703	3	3	8	0.3
id-19704	10	3	30	0.2
id-19705	5	8	27	0.2
id-19706	3	2	29	0.3
id-19707	5	3	3	0.2
id-19708	4	2	8	0.4
id-19709	4	8	28	0.5
id-19710	1	2	11	0.2
id-19711	8	16	7	0.3
id-19712	4	8	25	0.3
id-19713	5	7	9	0.3
id-19714	6	10	30	0.4
id-19715	8	15	22	0.4
id-19716	5	4	21	0.4
id-19717	10	7	4	0.3
id-19718	1	2	26	0.5
id-19719	6	12	3	0.5
id-19720	5	4	27	0.5
id-19721	7	11	10	0.3
id-19722	4	5	25	0.5
id-19723	9	12	25	0.4
id-19724	9	3	23	0.2
id-19725	5	4	13	0.4
id-19726	1	2	1	0.2
id-19727	9	8	5	0.5
id-19728	7	4	14	0.4
id-19729	3	5	28	0.4
id-19730	9	4	28	0.2
id-19731	3	2	24	0.2
id-19732	6	4	13	0.4
id-19733	7	9	21	0.2
id-19734	8	5	7	0.3
id-19735	3	6	9	0.4
id-19736	8	15	16	0.2
id-19737	1	2	25	0.3
id-19738	9	14	23	0.4
id-19739	6	6	22	0.4
id-19740	6	4	13	0.3
id-19741	6	3	8	0.3
id-19742	3	6	2	0.4
id-19743	4	2	26	0.4
id-19744	5	8	13	0.3
id-19745	10	6	21	0.4
id-19746	5	4	27	0.4
id-19747	5	6	30	0.4
id-19748	3	3	21	0.5
id-19749	3	4	7	0.4
id-19750	10	3	25	0.3
id-19751	8	11	18	0.4
id-19752	1	2	26	0.3
id-19753	3	3	26	0.5
id-19754	6	4	28	0.5
id-19755	5	7	13	0.2
id-19756	1	2	18	0.4
id-19757	8	13	26	0.3
id-19758	1	2	9	0.5
id-19759	8	3	10	0.4
id-19760	7	9	16	0.3
id-19761	4	5	13	0.4
id-19762	8	4	26	0.2
id-19763	4	5	8	0.4
id-19764	9	14	9	0.5
id-19765	1	2	16	0.3
id-19766	10	7	25	0.4
id-19767	1	2	1	0.2
id-19768	6	10	14	0.4
id-19769	5	8	16	0.3
id-19770	6	3	26	0.3
id-19771	10	3	5	0.4
id-19772	8	4	20	0.3
id-19773	9	11	18	0.5
id-19774	8	5	18	0.4
id-19775	7	9	19	0.4
id-19776	5	2	13	0.4
id-19777	10	20	1	0.3
id-19778	6	7	30	0.4
id-19779	8	6	17	0.4
id-19780	3	4	11	0.2
id-19781	1	2	1	0.4
id-19782	7	9	12	0.2
id-19783	4	5	19	0.4
id-19784	3	4	30	0.4
id-19785	9	18	16	0.4
id-19786	4	4	9	0.3
id-19787	9	12	2	0.4
id-19788	6	12	26	0.2
id-19789	9	7	1	0.5
id-19790	10	19	3	0.5
id-19791	1	2	17	0.4
id-19792	1	2	16	0.2
id-19793	5	3	13	0.3
id-19794	1	2	6	0.4
id-19795	10	5	27	0.5
id-19796	1	2	15	0.2
id-19797	3	4	16	0.5
id-19798	6	11	14	0.3
id-19799	1	2	30	0.4
id-19800	9	14	10	0.2
id-19801	6	4	11	0.3
id-19802	9	2	19	0.3
id-19803	7	11	15	0.4
id-19804	9	17	3	0.3
id-19805	6	9	16	0.3
id-19806	4	3	9	0.4
id-19807	1	2	4	0.2
id-19808	2	4	30	0.3
id-19809	7	14	18	0.3
id-19810	3	2	1	0.2
id-19811	2	4	2	0.3
id-19812	10	15	1	0.3
id-19813	1	2	14	0.4
id-19814	7	10	28	0.4
id-19815	10	9	22	0.3
id-19816	3	2	25	0.2
id-19817	7	7	3	0.4
id-19818	9	5	24	0.4
id-19819	7	4	6	0.3
id-19820	2	4	1	0.4
id-19821	6	3	16	0.3
id-19822	8	11	29	0.4
id-19823	5	6	2	0.4
id-19824	10	15	10	0.3
id-19825	7	3	23	0.4
id-19826	6	12	12	0.4
id-19827	7	13	17	0.5
id-19828	2	4	30	0.5
id-19829	3	5	24	0.3
id-19830	8	13	25	0.4
id-19831	10	18	19	0.5
id-19832	10	13	18	0.5
id-19833	2	3	13	0.3
id-19834	3	5	13	0.5
id-19835	10	19	11	0.4
id-19836	4	2	6	0.3
id-19837	6	6	14	0.5
id-19838	8	12	23	0.4
id-19839	1	2	29	0.2
id-19840	7	13	4	0.4
id-19841	1	2	1	0.5
id-19842	9	4	26	0.4
id-19843	2	2	23	0.2
id-19844	5	6	25	0.4
id-19845	1	2	4	0.4
id-19846	2	4	19	0.2
id-19847	8	15	7	0.5
id-19848	3	5	16	0.4
id-19849	6	11	17	0.3
id-19850	9	14	19	0.2
id-19851	7	12	2	0.4
id-19852	3	2	12	0.3
id-19853	8	15	26	0.2
id-19854	7	11	6	0.4
id-19855	5	9	13	0.3
id-19856	3	3	15	0.3
id-19857	7	10	7	0.5
id-19858	2	4	11	0.3
id-19859	2	2	3	0.3
id-19860	7	7	28	0.3
id-19861	6	8	14	0.2
id-19862	4	2	25	0.3
id-19863	3	3	15	0.4
id-19864	5	10	6	0.3
id-19865	2	3	17	0.4
id-19866	5	9	11	0.5
id-19867	5	9	24	0.4
id-19868	1	2	3	0.5
id-19869	3	4	14	0.5
id-19870	8	9	20	0.4
id-19871	3	5	28	0.2
id-19872	10	4	12	0.3
id-19873	3	5	22	0.2
id-19874	3	3	2	0.5
id-19875	5	10	3	0.3
id-19876	9	3	6	0.4
id-19877	2	4	3	0.3
id-19878	10	18	19	0.3
id-19879	1	2	21	0.2
id-19880	2	4	26	0.4
id-19881	5	7	12	0.2
id-19882	3	2	19	0.5
id-19883	5	10	19	0.3
id-19884	2	3	16	0.3
id-19885	8	3	22	0.3
id-19886	8	10	30	0.4
id-19887	10	2	27	0.4
id-19888	6	8	10	0.4
id-19889	9	4	24	0.3
id-19890	10	19	5	0.5
id-19891	8	4	13	0.2
id-19892	7	11	21	0.5
id-19893	1	2	5	0.2
id-19894	9	8	21	0.2
id-19895	8	11	10	0.4
id-19896	8	9	17	0.4
id-19897	9	17	18	0.3
id-19898	5	9	13	0.5
id-19899	1	2	10	0.4
id-19900	4	6	2	0.4
id-19901	1	2	22	0.4
id-19902	5	4	17	0.5
id-19903	8	14	9	0.5
id-19904	7	4	30	0.2
id-19905	8	12	7	0.4
id-19906	4	6	17	0.4
id-19907	1	2	5	0.4
id-19908	3	3	11	0.4
id-19909	2	3	7	0.3
id-19910	6	10	10	0.3
id-19911	9	14	13	0.5
id-19912	1	2	19	0.4
id-19913	4	4	16	0.3
id-19914	5	7	17	0.4
id-19915	5	2	3	0.3
id-19916	8	14	26	0.4
id-19917	3	5	26	0.4
id-19918	9	12	1	0.4
id-19919	7	10	14	0.4
id-19920	7	10	27	0.3
id-19921	4	7	1	0.5
id-19922	5	2	3	0.3
id-19923	4	8	6	0.3
id-19924	1	2	8	0.4
id-19925	2	3	27	0.3
id-19926	10	8	12	0.4
id-19927	4	8	26	0.4
id-19928	10	11	13	0.2
id-19929	5	3	25	0.2
id-19930	2	4	2	0.4
id-19931	3	4	20	0.4
id-19932	7	8	1	0.2
id-19933	6	11	8	0.4
id-19934	3	6	17	0.2
id-19935	9	10	13	0.4
id-19936	5	3	12	0.2
id-19937	10	15	22	0.5
id-19938	5	4	20	0.2
id-19939	8	12	16	0.4
id-19940	6	4	11	0.5
id-19941	9	15	23	0.3
id-19942	8	8	28	0.3
id-19943	6	6	25	0.5
id-19944	9	11	2	0.2
id-19945	9	9	15	0.2
id-19946	4	8	5	0.3
id-19947	3	5	12	0.2
id-19948	2	2	25	0.4
id-19949	10	12	22	0.3
id-19950	6	8	15	0.5
id-19951	1	2	25	0.3
id-19952	9	14	28	0.4
id-19953	10	14	29	0.4
id-19954	7	4	27	0.2
id-19955	3	2	26	0.4
id-19956	8	11	19	0.4
id-19957	7	4	25	0.2
id-19958	4	5	8	0.4
id-19959	9	18	15	0.4
id-19960	1	2	4	0.4
id-19961	2	4	3	0.5
id-19962	9	3	23	0.2
id-19963	6	5	21	0.3
id-19964	10	19	1	0.4
id-19965	2	4	28	0.3
id-19966	10	5	28	0.4
id-19967	3	5	29	0.4
id-19968	9	9	16	0.5
id-19969	5	10	6	0.3
id-19970	8	15	7	0.3
id-19971	5	8	23	0.4
id-19972	10	6	12	0.3
id-19973	3	2	20	0.2
id-19974	8	4	12	0.2
id-19975	4	2	12	0.3
id-19976	1	2	26	0.4
id-19977	6	3	25	0.2
id-19978	9	8	7	0.4
id-19979	10	12	24	0.3
id-19980	6	2	4	0.3
id-19981	8	3	6	0.5
id-19982	9	6	21	0.3
id-19983	5	9	17	0.3
id-19984	7	9	23	0.5
id-19985	2	4	8	0.2
id-19986	7	12	20	0.3
id-19987	10	16	17	0.4
id-19988	5	5	14	0.3
id-19989	4	6	21	0.2
id-19990	5	2	10	0.5
id-19991	7	4	24	0.3
id-19992	9	14	4	0.4
id-19993	4	3	7	0.3
id-19994	1	2	1	0.4
id-19995	2	2	17	0.3
id-19996	5	3	23	0.4
id-19997	4	3	12	0.4
id-19998	2	4	17	0.2
id-19999	2	4	15	0.3
