id-00000	9	13	28	0.2
id-00001	9	7	21	0.5
id-00002	6	11	17	0.2
id-00003	6	7	16	0.5
id-00004	1	2	21	0.3
id-00005	6	10	9	0.3
id-00006	5	7	22	0.5
id-00007	9	12	21	0.2
id-00008	2	3	25	0.5
id-00009	4	8	30	0.5
id-00010	5	8	12	0.4
id-00011	6	7	3	0.2
id-00012	1	2	9	0.4
id-00013	5	9	5	0.4
id-00014	3	5	22	0.4
id-00015	3	3	21	0.4
id-00016	7	4	1	0.3
id-00017	5	5	2	0.4
id-00018	6	8	8	0.3
id-00019	9	2	12	0.5
id-00020	10	19	15	0.4
id-00021	8	13	7	0.2
id-00022	6	8	29	0.4
id-00023	7	8	28	0.3
id-00024	3	2	28	0.4
id-00025	2	2	16	0.3
id-00026	7	7	23	0.5
id-00027	5	4	28	0.4
id-00028	1	2	28	0.3
id-00029	3	5	6	0.2
id-00030	8	9	19	0.5
id-00031	2	3	7	0.3
id-00032	4	4	18	0.5
id-00033	1	2	14	0.5
id-00034	6	5	21	0.5
id-00035	5	8	14	0.4
id-00036	8	4	15	0.4
id-00037	7	12	25	0.3
id-00038	8	10	13	0.3
id-00039	5	9	15	0.4
id-00040	10	5	14	0.4
id-00041	9	13	17	0.3
id-00042	5	8	30	0.4
id-00043	6	11	1	0.3
id-00044	4	3	9	0.5
id-00045	10	19	3	0.5
id-00046	9	3	15	0.4
id-00047	8	11	17	0.2
id-00048	9	12	18	0.4
id-00049	4	8	6	0.5
id-00050	3	4	12	0.4
id-00051	1	2	6	0.5
id-00052	10	8	14	0.4
id-00053	5	9	12	0.4
id-00054	2	2	4	0.5
id-00055	9	4	16	0.2
id-00056	8	2	11	0.3
id-00057	3	3	5	0.3
id-00058	5	5	14	0.3
id-00059	9	3	26	0.3
id-00060	4	4	14	0.4
id-00061	4	7	8	0.3
id-00062	3	4	29	0.3
id-00063	7	11	5	0.3
id-00064	4	6	13	0.5
id-00065	5	6	9	0.2
id-00066	3	6	8	0.2
id-00067	9	11	26	0.5
id-00068	3	2	5	0.2
id-00069	2	2	16	0.3
id-00070	10	4	21	0.3
id-00071	4	8	30	0.3
id-00072	9	17	11	0.4
id-00073	7	13	6	0.3
id-00074	3	4	13	0.2
id-00075	1	2	5	0.2
id-00076	10	9	6	0.3
id-00077	7	4	29	0.4
id-00078	2	2	5	0.4
id-00079	8	16	13	0.3
id-00080	3	3	5	0.2
id-00081	1	2	7	0.2
id-00082	5	6	26	0.5
id-00083	6	7	27	0.2
id-00084	8	11	16	0.3
id-00085	2	2	17	0.4
id-00086	2	3	5	0.3
id-00087	9	2	20	0.4
id-00088	9	18	10	0.4
id-00089	5	2	5	0.3
id-00090	8	5	27	0.3
id-00091	10	17	23	0.4
id-00092	5	10	3	0.4
id-00093	2	3	20	0.2
id-00094	9	10	10	0.3
id-00095	9	3	14	0.3
id-00096	3	6	23	0.2
id-00097	5	3	7	0.3
id-00098	6	5	21	0.4
id-00099	7	8	27	0.3
id-00100	1	2	5	0.3
id-00101	4	3	21	0.4
id-00102	2	3	27	0.2
id-00103	10	9	30	0.3
id-00104	6	7	1	0.3
id-00105	2	2	12	0.4
id-00106	1	2	7	0.4
id-00107	2	3	3	0.4
id-00108	7	4	15	0.4
id-00109	5	4	27	0.4
id-00110	7	6	2	0.5
id-00111	1	2	7	0.4
id-00112	9	5	19	0.4
id-00113	10	4	19	0.2
id-00114	5	3	16	0.2
id-00115	6	8	8	0.4
id-00116	5	10	2	0.3
id-00117	1	2	4	0.4
id-00118	1	2	3	0.3
id-00119	10	8	22	0.5
id-00120	8	14	2	0.5
id-00121	1	2	6	0.3
id-00122	4	8	4	0.3
id-00123	8	10	7	0.3
id-00124	8	5	16	0.5
id-00125	6	9	29	0.2
id-00126	6	3	27	0.3
id-00127	2	3	8	0.2
id-00128	10	11	24	0.2
id-00129	1	2	10	0.3
id-00130	8	12	6	0.4
id-00131	7	11	20	0.2
id-00132	10	10	14	0.4
id-00133	6	3	30	0.2
id-00134	3	3	11	0.2
id-00135	3	4	20	0.4
id-00136	5	4	24	0.3
id-00137	3	3	19	0.2
id-00138	7	11	7	0.2
id-00139	5	2	16	0.2
id-00140	7	2	2	0.5
id-00141	5	6	21	0.3
id-00142	4	2	14	0.2
id-00143	2	3	23	0.5
id-00144	7	5	16	0.3
id-00145	6	2	19	0.5
id-00146	1	2	19	0.4
id-00147	5	5	15	0.5
id-00148	5	5	4	0.4
id-00149	4	2	5	0.3
id-00150	5	6	23	0.3
id-00151	2	4	6	0.4
id-00152	10	15	13	0.4
id-00153	5	7	22	0.5
id-00154	3	4	14	0.2
id-00155	6	11	17	0.5
id-00156	10	3	30	0.4
id-00157	10	13	8	0.4
id-00158	8	2	4	0.5
id-00159	1	2	28	0.4
id-00160	8	8	25	0.4
id-00161	9	17	5	0.4
id-00162	9	8	12	0.3
id-00163	6	7	3	0.3
id-00164	2	3	17	0.3
id-00165	7	12	22	0.3
id-00166	10	7	8	0.4
id-00167	1	2	12	0.2
id-00168	4	2	9	0.4
id-00169	6	12	21	0.3
id-00170	4	5	9	0.4
id-00171	4	4	10	0.4
id-00172	4	7	23	0.4
id-00173	7	11	28	0.5
id-00174	2	2	3	0.4
id-00175	6	3	7	0.3
id-00176	3	2	27	0.2
id-00177	3	6	12	0.4
id-00178	10	19	29	0.3
id-00179	7	5	4	0.2
id-00180	6	5	13	0.4
id-00181	4	2	22	0.2
id-00182	8	3	20	0.4
id-00183	5	5	5	0.3
id-00184	1	2	13	0.3
id-00185	6	2	13	0.4
id-00186	3	3	2	0.5
id-00187	6	8	26	0.2
id-00188	10	19	8	0.4
id-00189	2	3	30	0.5
id-00190	10	16	18	0.4
id-00191	5	9	5	0.5
id-00192	3	5	22	0.3
id-00193	8	14	16	0.5
id-00194	1	2	27	0.4
id-00195	6	12	2	0.2
id-00196	3	5	20	0.4
id-00197	2	3	5	0.3
id-00198	6	12	21	0.2
id-00199	4	2	8	0.5
id-00200	1	2	5	0.2
id-00201	2	2	1	0.3
id-00202	6	12	6	0.2
id-00203	7	8	21	0.2
id-00204	4	5	30	0.4
id-00205	7	4	21	0.2
id-00206	4	3	12	0.5
id-00207	1	2	28	0.5
id-00208	2	4	8	0.3
id-00209	2	4	8	0.3
id-00210	3	2	28	0.3
id-00211	6	9	2	0.4
id-00212	3	2	27	0.3
id-00213	9	15	20	0.3
id-00214	2	3	16	0.4
id-00215	4	2	27	0.4
id-00216	4	7	7	0.4
id-00217	7	14	7	0.4
id-00218	1	2	6	0.4
id-00219	8	13	30	0.2
id-00220	6	10	12	0.4
id-00221	1	2	12	0.5
id-00222	10	19	13	0.2
id-00223	7	11	15	0.5
id-00224	7	6	2	0.5
id-00225	3	2	1	0.5
id-00226	9	2	28	0.4
id-00227	8	12	12	0.3
id-00228	6	7	29	0.2
id-00229	1	2	12	0.3
id-00230	8	8	19	0.4
id-00231	4	5	1	0.2
id-00232	7	12	2	0.4
id-00233	4	2	3	0.4
id-00234	8	6	2	0.2
id-00235	8	15	11	0.3
id-00236	4	7	16	0.3
id-00237	9	18	20	0.5
id-00238	8	14	25	0.4
id-00239	7	12	7	0.4
id-00240	2	4	14	0.3
id-00241	1	2	6	0.5
id-00242	6	6	30	0.4
id-00243	8	3	16	0.3
id-00244	2	4	16	0.4
id-00245	9	2	1	0.2
id-00246	3	2	18	0.5
id-00247	4	3	27	0.4
id-00248	1	2	9	0.3
id-00249	1	2	28	0.5
id-00250	6	9	7	0.3
id-00251	8	9	16	0.4
id-00252	5	2	8	0.2
id-00253	10	10	3	0.2
id-00254	10	11	21	0.3
id-00255	4	7	27	0.5
id-00256	10	15	18	0.2
id-00257	8	5	3	0.4
id-00258	9	9	10	0.5
id-00259	8	2	16	0.4
id-00260	7	13	7	0.3
id-00261	1	2	6	0.5
id-00262	8	9	13	0.4
id-00263	1	2	3	0.3
id-00264	5	10	11	0.4
id-00265	6	9	25	0.3
id-00266	3	6	8	0.4
id-00267	4	6	29	0.4
id-00268	2	4	23	0.5
id-00269	2	3	20	0.4
id-00270	1	2	1	0.4
id-00271	1	2	19	0.4
id-00272	4	5	5	0.5
id-00273	4	8	11	0.3
id-00274	3	4	13	0.2
id-00275	8	15	4	0.3
id-00276	10	16	9	0.4
id-00277	2	3	4	0.4
id-00278	5	6	26	0.4
id-00279	5	7	29	0.3
id-00280	8	15	7	0.3
id-00281	2	4	17	0.3
id-00282	3	4	19	0.3
id-00283	8	4	25	0.3
id-00284	1	2	6	0.5
id-00285	6	2	15	0.3
id-00286	2	2	11	0.3
id-00287	10	4	22	0.3
id-00288	2	2	17	0.4
id-00289	8	6	24	0.4
id-00290	7	6	22	0.3
id-00291	4	6	27	0.2
id-00292	6	6	26	0.3
id-00293	5	8	19	0.4
id-00294	1	2	25	0.3
id-00295	7	2	5	0.4
id-00296	10	12	20	0.5
id-00297	6	8	19	0.2
id-00298	1	2	17	0.3
id-00299	8	13	27	0.4
id-00300	10	12	10	0.4
id-00301	9	5	3	0.5
id-00302	7	4	25	0.3
id-00303	7	4	7	0.4
id-00304	3	5	19	0.4
id-00305	8	9	25	0.3
id-00306	8	16	18	0.4
id-00307	5	5	21	0.2
id-00308	10	18	22	0.4
id-00309	10	12	15	0.3
id-00310	9	10	8	0.3
id-00311	10	20	6	0.4
id-00312	1	2	15	0.4
id-00313	6	7	4	0.3
id-00314	10	6	18	0.4
id-00315	8	2	10	0.3
id-00316	4	2	2	0.4
id-00317	4	2	22	0.4
id-00318	10	7	14	0.3
id-00319	4	2	16	0.3
id-00320	5	10	5	0.3
id-00321	7	14	20	0.4
id-00322	9	15	23	0.4
id-00323	3	3	16	0.3
id-00324	7	9	24	0.5
id-00325	1	2	27	0.2
id-00326	5	4	18	0.3
id-00327	2	2	27	0.5
id-00328	8	13	29	0.2
id-00329	5	5	9	0.3
id-00330	9	7	14	0.3
id-00331	7	13	13	0.4
id-00332	8	13	7	0.3
id-00333	3	2	12	0.3
id-00334	2	3	6	0.3
id-00335	9	10	12	0.3
id-00336	1	2	16	0.2
id-00337	9	18	26	0.3
id-00338	10	2	1	0.3
id-00339	4	8	7	0.5
id-00340	3	2	11	0.4
id-00341	8	15	27	0.3
id-00342	4	2	10	0.5
id-00343	4	8	14	0.3
id-00344	7	10	24	0.5
id-00345	1	2	2	0.3
id-00346	2	2	16	0.4
id-00347	9	8	25	0.3
id-00348	2	2	17	0.4
id-00349	2	2	16	0.5
id-00350	9	2	18	0.4
id-00351	7	13	11	0.2
id-00352	9	9	8	0.4
id-00353	3	5	21	0.2
id-00354	5	4	19	0.4
id-00355	1	2	5	0.4
id-00356	8	13	10	0.3
id-00357	3	2	2	0.3
id-00358	4	5	10	0.4
id-00359	6	5	13	0.3
id-00360	3	5	10	0.4
id-00361	2	3	15	0.2
id-00362	10	7	26	0.2
id-00363	7	10	5	0.3
id-00364	6	11	30	0.2
id-00365	6	9	3	0.3
id-00366	7	11	1	0.4
id-00367	6	5	23	0.4
id-00368	10	3	11	0.3
id-00369	2	2	15	0.4
id-00370	3	6	30	0.4
id-00371	9	9	22	0.3
id-00372	4	4	16	0.4
id-00373	6	3	26	0.5
id-00374	2	3	4	0.4
id-00375	4	2	8	0.4
id-00376	6	6	13	0.3
id-00377	3	5	13	0.4
id-00378	9	9	4	0.4
id-00379	3	3	29	0.5
id-00380	4	4	24	0.4
id-00381	2	4	25	0.3
id-00382	4	4	5	0.4
id-00383	9	15	7	0.3
id-00384	5	2	28	0.2
id-00385	10	9	16	0.3
id-00386	7	13	21	0.3
id-00387	4	8	2	0.4
id-00388	2	4	12	0.3
id-00389	3	4	24	0.3
id-00390	3	6	30	0.3
id-00391	3	6	14	0.4
id-00392	10	17	25	0.3
id-00393	5	4	5	0.4
id-00394	8	2	5	0.4
id-00395	1	2	27	0.2
id-00396	5	9	22	0.5
id-00397	2	2	14	0.4
id-00398	4	5	30	0.2
id-00399	9	9	4	0.3
id-00400	7	5	13	0.4
id-00401	6	2	19	0.3
id-00402	4	5	11	0.5
id-00403	9	5	15	0.2
id-00404	8	14	4	0.5
id-00405	4	8	16	0.3
id-00406	7	6	21	0.4
id-00407	10	20	22	0.3
id-00408	9	13	8	0.3
id-00409	7	11	8	0.3
id-00410	9	6	24	0.5
id-00411	5	6	23	0.4
id-00412	1	2	22	0.2
id-00413	2	3	12	0.3
id-00414	3	2	23	0.4
id-00415	9	8	15	0.3
id-00416	3	4	20	0.5
id-00417	8	5	15	0.3
id-00418	1	2	25	0.5
id-00419	8	7	16	0.4
id-00420	10	9	25	0.4
id-00421	9	10	10	0.4
id-00422	2	3	21	0.5
id-00423	7	4	8	0.4
id-00424	6	9	30	0.5
id-00425	9	10	2	0.3
id-00426	2	4	16	0.5
id-00427	6	11	22	0.5
id-00428	4	2	8	0.5
id-00429	9	18	11	0.2
id-00430	2	2	23	0.3
id-00431	4	5	25	0.5
id-00432	7	14	14	0.3
id-00433	3	4	16	0.4
id-00434	3	5	14	0.3
id-00435	3	3	21	0.2
id-00436	9	9	1	0.3
id-00437	9	13	22	0.3
id-00438	1	2	14	0.3
id-00439	9	6	6	0.3
id-00440	10	18	23	0.3
id-00441	3	6	12	0.5
id-00442	5	10	21	0.5
id-00443	1	2	30	0.4
id-00444	2	3	22	0.3
id-00445	8	3	29	0.4
id-00446	3	6	8	0.4
id-00447	5	2	28	0.2
id-00448	9	3	18	0.5
id-00449	9	10	12	0.3
id-00450	1	2	6	0.4
id-00451	7	5	9	0.5
id-00452	9	3	5	0.2
id-00453	4	8	5	0.2
id-00454	5	2	6	0.3
id-00455	10	8	13	0.5
id-00456	6	6	5	0.5
id-00457	1	2	22	0.4
id-00458	3	4	14	0.4
id-00459	10	20	15	0.2
id-00460	10	15	25	0.2
id-00461	9	7	5	0.4
id-00462	8	10	28	0.3
id-00463	7	10	27	0.2
id-00464	10	3	21	0.4
id-00465	4	2	28	0.5
id-00466	8	6	15	0.3
id-00467	7	6	13	0.5
id-00468	4	7	30	0.3
id-00469	4	6	21	0.3
id-00470	8	7	6	0.3
id-00471	3	5	14	0.2
id-00472	4	6	18	0.4
id-00473	1	2	7	0.5
id-00474	6	4	11	0.3
id-00475	5	8	18	0.5
id-00476	8	9	21	0.4
id-00477	9	10	16	0.3
id-00478	4	5	9	0.3
id-00479	7	11	30	0.4
id-00480	8	12	25	0.4
id-00481	6	9	4	0.3
id-00482	2	4	26	0.5
id-00483	8	2	18	0.3
id-00484	2	4	6	0.4
id-00485	4	4	23	0.5
id-00486	3	5	8	0.5
id-00487	2	4	11	0.3
id-00488	4	8	8	0.5
id-00489	7	4	23	0.5
id-00490	7	13	6	0.2
id-00491	4	3	11	0.5
id-00492	8	13	26	0.5
id-00493	6	8	7	0.5
id-00494	2	3	28	0.5
id-00495	7	10	10	0.3
id-00496	7	3	6	0.4
id-00497	2	3	3	0.4
id-00498	8	7	17	0.3
id-00499	2	4	24	0.3
id-00500	8	3	30	0.4
id-00501	1	2	10	0.3
id-00502	8	5	20	0.4
id-00503	8	2	20	0.3
id-00504	6	3	29	0.4
id-00505	10	18	5	0.5
id-00506	7	8	27	0.3
id-00507	5	3	17	0.5
id-00508	4	6	21	0.3
id-00509	6	4	5	0.3
id-00510	3	5	6	0.4
id-00511	10	18	29	0.4
id-00512	8	9	20	0.3
id-00513	4	2	24	0.4
id-00514	6	8	9	0.3
id-00515	6	11	26	0.4
id-00516	7	2	3	0.4
id-00517	10	16	30	0.4
id-00518	5	2	4	0.3
id-00519	9	15	13	0.5
id-00520	4	7	30	0.2
id-00521	10	20	28	0.3
id-00522	9	15	30	0.3
id-00523	7	14	22	0.5
id-00524	2	3	3	0.5
id-00525	3	4	4	0.3
id-00526	1	2	27	0.3
id-00527	5	5	23	0.3
id-00528	9	2	11	0.5
id-00529	6	3	11	0.3
id-00530	6	9	5	0.3
id-00531	3	6	28	0.4
id-00532	9	5	14	0.2
id-00533	3	5	29	0.2
id-00534	5	4	3	0.2
id-00535	3	3	18	0.4
id-00536	3	3	9	0.3
id-00537	10	9	9	0.3
id-00538	4	6	5	0.3
id-00539	6	2	13	0.3
id-00540	2	3	3	0.3
id-00541	7	11	12	0.4
id-00542	2	3	16	0.3
id-00543	8	9	18	0.3
id-00544	3	2	4	0.4
id-00545	6	7	25	0.3
id-00546	8	12	27	0.3
id-00547	2	2	9	0.5
id-00548	2	2	6	0.2
id-00549	8	9	29	0.5
id-00550	7	4	19	0.4
id-00551	4	2	8	0.3
id-00552	10	18	19	0.4
id-00553	9	2	20	0.4
id-00554	1	2	16	0.3
id-00555	5	9	25	0.4
id-00556	4	4	15	0.4
id-00557	10	15	12	0.3
id-00558	10	11	21	0.5
id-00559	3	4	12	0.3
id-00560	2	4	23	0.5
id-00561	4	3	26	0.3
id-00562	4	6	21	0.5
id-00563	3	4	3	0.5
id-00564	6	5	19	0.5
id-00565	3	4	5	0.5
id-00566	6	2	23	0.3
id-00567	8	10	30	0.4
id-00568	9	14	8	0.2
id-00569	6	9	7	0.3
id-00570	10	6	1	0.3
id-00571	1	2	15	0.5
id-00572	2	4	28	0.4
id-00573	3	3	5	0.4
id-00574	9	16	2	0.3
id-00575	5	8	20	0.4
id-00576	5	6	18	0.3
id-00577	5	3	14	0.5
id-00578	6	8	2	0.3
id-00579	1	2	2	0.5
id-00580	1	2	25	0.2
id-00581	3	2	15	0.4
id-00582	1	2	17	0.4
id-00583	1	2	26	0.5
id-00584	9	15	15	0.3
id-00585	10	10	21	0.3
id-00586	9	8	8	0.3
id-00587	1	2	10	0.5
id-00588	1	2	10	0.3
id-00589	6	6	18	0.3
id-00590	8	6	25	0.2
id-00591	4	3	13	0.4
id-00592	7	3	26	0.4
id-00593	8	15	13	0.2
id-00594	1	2	13	0.5
id-00595	7	4	18	0.2
id-00596	6	3	22	0.2
id-00597	1	2	23	0.4
id-00598	8	4	18	0.3
id-00599	2	3	19	0.3
id-00600	8	9	16	0.2
id-00601	2	2	18	0.3
id-00602	9	6	11	0.5
id-00603	10	3	4	0.3
id-00604	10	8	20	0.4
id-00605	7	6	9	0.4
id-00606	3	6	10	0.5
id-00607	6	4	19	0.2
id-00608	2	3	23	0.5
id-00609	5	9	25	0.4
id-00610	6	7	21	0.4
id-00611	3	3	4	0.5
id-00612	1	2	15	0.5
id-00613	8	4	15	0.3
id-00614	8	11	10	0.4
id-00615	1	2	12	0.4
id-00616	7	5	10	0.4
id-00617	7	13	26	0.5
id-00618	4	8	18	0.4
id-00619	3	6	21	0.3
id-00620	2	3	22	0.3
id-00621	6	9	12	0.5
id-00622	8	14	14	0.2
id-00623	9	11	30	0.3
id-00624	7	2	22	0.4
id-00625	7	10	6	0.5
id-00626	9	11	11	0.4
id-00627	2	4	18	0.4
id-00628	2	3	29	0.4
id-00629	10	7	28	0.5
id-00630	9	16	14	0.3
id-00631	8	6	19	0.3
id-00632	8	3	18	0.2
id-00633	8	14	3	0.3
id-00634	3	3	21	0.5
id-00635	5	3	16	0.5
id-00636	3	6	14	0.4
id-00637	8	16	13	0.3
id-00638	7	11	23	0.4
id-00639	5	5	4	0.3
id-00640	6	2	3	0.2
id-00641	6	7	8	0.4
id-00642	2	4	23	0.3
id-00643	8	14	28	0.3
id-00644	8	3	17	0.3
id-00645	7	7	15	0.3
id-00646	3	6	11	0.4
id-00647	2	3	17	0.3
id-00648	6	11	3	0.5
id-00649	1	2	15	0.3
id-00650	4	2	15	0.3
id-00651	10	4	17	0.3
id-00652	8	13	14	0.4
id-00653	10	14	12	0.4
id-00654	3	2	4	0.5
id-00655	2	2	26	0.4
id-00656	6	8	9	0.3
id-00657	4	5	22	0.3
id-00658	9	3	21	0.4
id-00659	8	2	24	0.4
id-00660	7	10	11	0.2
id-00661	6	9	26	0.3
id-00662	8	12	25	0.2
id-00663	8	12	6	0.4
id-00664	7	10	24	0.2
id-00665	3	6	24	0.3
id-00666	2	2	28	0.3
id-00667	2	2	23	0.4
id-00668	4	8	9	0.2
id-00669	2	4	17	0.2
id-00670	4	6	19	0.2
id-00671	5	10	12	0.4
id-00672	2	2	14	0.4
id-00673	5	5	28	0.5
id-00674	5	2	11	0.3
id-00675	9	4	24	0.3
id-00676	8	6	16	0.5
id-00677	9	10	1	0.5
id-00678	7	6	16	0.5
id-00679	6	11	4	0.3
id-00680	1	2	11	0.5
id-00681	5	3	22	0.5
id-00682	5	5	19	0.3
id-00683	4	5	23	0.2
id-00684	5	9	25	0.4
id-00685	8	2	30	0.4
id-00686	9	11	2	0.4
id-00687	6	11	8	0.4
id-00688	6	10	29	0.4
id-00689	5	2	7	0.3
id-00690	4	7	1	0.3
id-00691	7	9	2	0.3
id-00692	7	5	20	0.4
id-00693	1	2	22	0.5
id-00694	2	4	25	0.2
id-00695	8	9	27	0.2
id-00696	1	2	14	0.2
id-00697	3	3	28	0.4
id-00698	1	2	8	0.4
id-00699	6	7	12	0.4
id-00700	1	2	11	0.3
id-00701	10	15	8	0.3
id-00702	2	4	20	0.4
id-00703	2	4	30	0.3
id-00704	8	6	13	0.2
id-00705	10	18	5	0.4
id-00706	3	6	13	0.2
id-00707	3	2	1	0.2
id-00708	2	4	23	0.2
id-00709	7	6	18	0.4
id-00710	6	8	5	0.2
id-00711	6	10	17	0.5
id-00712	6	8	16	0.3
id-00713	3	2	11	0.2
id-00714	5	7	15	0.2
id-00715	5	5	13	0.2
id-00716	6	9	16	0.3
id-00717	10	19	20	0.3
id-00718	6	8	14	0.4
id-00719	1	2	4	0.4
id-00720	9	6	16	0.5
id-00721	2	2	29	0.4
id-00722	8	3	27	0.3
id-00723	9	12	3	0.4
id-00724	9	9	16	0.4
id-00725	4	5	17	0.3
id-00726	2	2	3	0.2
id-00727	7	9	14	0.4
id-00728	8	13	21	0.5
id-00729	3	4	22	0.2
id-00730	10	18	21	0.5
id-00731	1	2	13	0.3
id-00732	10	10	7	0.3
id-00733	4	6	4	0.4
id-00734	8	15	27	0.3
id-00735	9	5	12	0.3
id-00736	3	3	20	0.4
id-00737	2	3	5	0.4
id-00738	2	2	25	0.3
id-00739	8	8	5	0.5
id-00740	4	4	6	0.3
id-00741	10	10	3	0.2
id-00742	9	10	12	0.2
id-00743	4	2	20	0.2
id-00744	2	4	11	0.2
id-00745	8	4	9	0.3
id-00746	10	16	30	0.3
id-00747	2	3	17	0.4
id-00748	8	15	26	0.5
id-00749	2	2	21	0.4
id-00750	2	2	1	0.3
id-00751	4	3	6	0.4
id-00752	10	17	22	0.4
id-00753	2	3	28	0.3
id-00754	2	4	9	0.4
id-00755	9	2	19	0.3
id-00756	5	6	30	0.4
id-00757	2	4	27	0.4
id-00758	5	6	9	0.3
id-00759	7	5	11	0.4
id-00760	8	16	23	0.3
id-00761	4	4	12	0.4
id-00762	5	8	10	0.3
id-00763	8	7	26	0.2
id-00764	1	2	1	0.2
id-00765	9	14	6	0.4
id-00766	1	2	9	0.2
id-00767	8	6	7	0.2
id-00768	7	5	1	0.4
id-00769	2	4	23	0.4
id-00770	2	3	12	0.4
id-00771	5	2	8	0.2
id-00772	2	3	8	0.2
id-00773	1	2	2	0.5
id-00774	4	7	1	0.4
id-00775	8	8	10	0.2
id-00776	7	3	10	0.2
id-00777	1	2	20	0.4
id-00778	2	3	7	0.3
id-00779	3	2	7	0.5
id-00780	10	16	9	0.2
id-00781	3	2	17	0.4
id-00782	1	2	29	0.3
id-00783	10	18	13	0.3
id-00784	8	3	5	0.4
id-00785	5	7	19	0.3
id-00786	1	2	5	0.4
id-00787	7	3	17	0.3
id-00788	5	4	23	0.3
id-00789	5	7	4	0.3
id-00790	1	2	16	0.4
id-00791	2	2	27	0.3
id-00792	9	16	28	0.4
id-00793	8	12	21	0.3
id-00794	5	10	14	0.3
id-00795	4	8	14	0.4
id-00796	2	3	9	0.4
id-00797	10	7	26	0.5
id-00798	8	6	22	0.5
id-00799	8	2	25	0.5
id-00800	5	3	20	0.4
id-00801	9	14	23	0.3
id-00802	1	2	16	0.3
id-00803	4	5	1	0.4
id-00804	10	4	5	0.4
id-00805	6	6	8	0.5
id-00806	1	2	4	0.4
id-00807	2	3	17	0.4
id-00808	1	2	22	0.3
id-00809	9	4	8	0.4
id-00810	6	5	9	0.2
id-00811	1	2	3	0.3
id-00812	1	2	14	0.3
id-00813	8	4	9	0.4
id-00814	2	2	20	0.3
id-00815	10	16	22	0.4
id-00816	5	6	11	0.4
id-00817	6	10	18	0.3
id-00818	6	7	15	0.2
id-00819	3	5	26	0.3
id-00820	7	12	17	0.4
id-00821	2	4	7	0.2
id-00822	4	5	18	0.4
id-00823	8	2	10	0.4
id-00824	4	6	12	0.4
id-00825	6	10	29	0.3
id-00826	5	9	25	0.4
id-00827	10	9	9	0.3
id-00828	1	2	22	0.2
id-00829	3	4	14	0.3
id-00830	2	3	1	0.2
id-00831	3	4	4	0.4
id-00832	8	4	21	0.2
id-00833	10	5	24	0.3
id-00834	6	11	9	0.2
id-00835	4	2	18	0.3
id-00836	10	7	27	0.3
id-00837	2	3	9	0.3
id-00838	10	2	1	0.3
id-00839	7	10	28	0.4
id-00840	10	6	26	0.5
id-00841	4	3	21	0.3
id-00842	9	8	17	0.4
id-00843	5	9	30	0.4
id-00844	3	4	12	0.3
id-00845	3	6	21	0.3
id-00846	4	6	7	0.3
id-00847	3	2	10	0.5
id-00848	7	3	7	0.3
id-00849	5	10	23	0.4
id-00850	2	2	7	0.2
id-00851	7	3	13	0.3
id-00852	5	2	11	0.2
id-00853	4	7	19	0.3
id-00854	1	2	22	0.4
id-00855	9	8	2	0.2
id-00856	5	2	17	0.4
id-00857	8	8	9	0.5
id-00858	9	8	29	0.4
id-00859	1	2	21	0.5
id-00860	7	10	9	0.4
id-00861	10	4	27	0.5
id-00862	2	4	7	0.3
id-00863	8	13	17	0.3
id-00864	2	2	5	0.4
id-00865	7	9	5	0.4
id-00866	5	4	26	0.5
id-00867	2	2	11	0.3
id-00868	1	2	9	0.4
id-00869	8	7	5	0.3
id-00870	7	10	10	0.3
id-00871	5	10	12	0.3
id-00872	4	3	5	0.5
id-00873	10	12	12	0.5
id-00874	3	4	12	0.5
id-00875	4	5	29	0.3
id-00876	7	3	14	0.4
id-00877	7	2	1	0.4
id-00878	8	9	26	0.5
id-00879	3	6	30	0.2
id-00880	4	8	10	0.4
id-00881	8	12	28	0.3
id-00882	10	9	25	0.4
id-00883	1	2	29	0.3
id-00884	5	9	1	0.4
id-00885	6	8	10	0.5
id-00886	5	10	5	0.2
id-00887	6	4	7	0.2
id-00888	7	10	30	0.3
id-00889	8	13	18	0.2
id-00890	2	3	29	0.5
id-00891	5	6	8	0.3
id-00892	2	2	8	0.3
id-00893	8	6	19	0.5
id-00894	3	2	29	0.5
id-00895	8	13	8	0.4
id-00896	7	14	17	0.5
id-00897	3	2	17	0.4
id-00898	9	16	12	0.5
id-00899	10	14	30	0.3
id-00900	8	9	9	0.3
id-00901	10	16	22	0.4
id-00902	6	3	12	0.2
id-00903	1	2	20	0.3
id-00904	4	8	28	0.3
id-00905	6	3	19	0.3
id-00906	8	2	25	0.4
id-00907	9	3	28	0.3
id-00908	5	2	22	0.5
id-00909	3	6	12	0.5
id-00910	8	12	24	0.4
id-00911	1	2	5	0.4
id-00912	5	5	5	0.4
id-00913	6	9	6	0.3
id-00914	9	6	17	0.2
id-00915	6	6	1	0.5
id-00916	6	11	13	0.2
id-00917	7	6	10	0.3
id-00918	2	4	16	0.5
id-00919	3	5	11	0.3
id-00920	1	2	24	0.3
id-00921	10	19	11	0.4
id-00922	3	2	25	0.3
id-00923	9	8	11	0.3
id-00924	6	2	27	0.4
id-00925	5	2	18	0.4
id-00926	4	5	26	0.5
id-00927	4	4	3	0.2
id-00928	4	3	23	0.3
id-00929	4	4	13	0.5
id-00930	6	3	11	0.3
id-00931	4	7	30	0.3
id-00932	4	3	15	0.3
id-00933	3	5	7	0.3
id-00934	4	5	10	0.5
id-00935	8	16	8	0.4
id-00936	2	3	25	0.4
id-00937	10	11	23	0.4
id-00938	3	4	24	0.5
id-00939	10	18	2	0.4
id-00940	2	2	20	0.5
id-00941	5	2	27	0.3
id-00942	6	8	15	0.4
id-00943	8	15	21	0.4
id-00944	7	13	2	0.3
id-00945	10	6	5	0.3
id-00946	8	6	22	0.2
id-00947	1	2	21	0.5
id-00948	3	6	2	0.3
id-00949	4	6	29	0.2
id-00950	4	3	3	0.4
id-00951	8	8	8	0.3
id-00952	4	7	22	0.2
id-00953	4	2	25	0.3
id-00954	1	2	19	0.3
id-00955	7	12	16	0.5
id-00956	1	2	22	0.3
id-00957	9	7	10	0.4
id-00958	7	7	19	0.3
id-00959	1	2	23	0.5
id-00960	4	4	23	0.4
id-00961	1	2	27	0.5
id-00962	3	2	2	0.3
id-00963	7	5	26	0.3
id-00964	8	6	3	0.4
id-00965	3	6	27	0.3
id-00966	6	11	28	0.4
id-00967	7	2	4	0.4
id-00968	10	20	13	0.3
id-00969	5	3	1	0.4
id-00970	10	13	8	0.5
id-00971	6	2	9	0.2
id-00972	2	4	6	0.3
id-00973	6	3	24	0.5
id-00974	3	6	18	0.4
id-00975	3	6	7	0.5
id-00976	9	9	19	0.3
id-00977	1	2	21	0.2
id-00978	2	4	9	0.3
id-00979	1	2	21	0.4
id-00980	10	4	29	0.4
id-00981	3	5	5	0.4
id-00982	3	5	15	0.4
id-00983	5	6	1	0.5
id-00984	1	2	13	0.4
id-00985	10	8	18	0.4
id-00986	10	9	24	0.3
id-00987	1	2	26	0.3
id-00988	2	2	22	0.3
id-00989	9	10	26	0.5
id-00990	4	4	14	0.2
id-00991	9	18	7	0.3
id-00992	9	7	1	0.5
id-00993	10	18	15	0.5
id-00994	7	5	29	0.5
id-00995	6	8	18	0.5
id-00996	1	2	24	0.4
id-00997	5	6	4	0.3
id-00998	10	9	13	0.4
id-00999	7	10	23	0.3
id-01000	4	7	4	0.3
id-01001	6	6	9	0.3
id-01002	7	3	6	0.2
id-01003	8	13	13	0.5
id-01004	1	2	11	0.4
id-01005	2	4	27	0.4
id-01006	9	5	11	0.2
id-01007	2	4	5	0.4
id-01008	8	16	10	0.2
id-01009	5	2	27	0.4
id-01010	3	5	26	0.2
id-01011	9	2	8	0.5
id-01012	3	3	21	0.4
id-01013	3	2	19	0.4
id-01014	7	7	8	0.4
id-01015	1	2	30	0.5
id-01016	6	8	1	0.3
id-01017	10	4	15	0.5
id-01018	10	11	4	0.3
id-01019	6	2	7	0.4
id-01020	4	6	13	0.4
id-01021	8	14	29	0.3
id-01022	4	8	13	0.5
id-01023	1	2	26	0.3
id-01024	9	15	14	0.4
id-01025	3	2	17	0.3
id-01026	5	2	18	0.4
id-01027	3	5	13	0.3
id-01028	1	2	1	0.4
id-01029	6	8	14	0.5
id-01030	1	2	17	0.3
id-01031	5	10	28	0.4
id-01032	3	4	9	0.4
id-01033	2	4	2	0.3
id-01034	5	10	17	0.4
id-01035	4	6	5	0.4
id-01036	6	6	20	0.4
id-01037	3	6	8	0.5
id-01038	10	2	2	0.2
id-01039	7	4	30	0.4
id-01040	2	3	5	0.3
id-01041	2	2	8	0.4
id-01042	6	2	21	0.2
id-01043	7	3	5	0.4
id-01044	10	2	18	0.3
id-01045	9	15	29	0.4
id-01046	9	16	26	0.2
id-01047	10	3	2	0.3
id-01048	9	8	18	0.2
id-01049	10	14	13	0.5
id-01050	1	2	28	0.3
id-01051	1	2	1	0.4
id-01052	4	3	4	0.2
id-01053	1	2	6	0.5
id-01054	2	4	12	0.3
id-01055	5	7	9	0.5
id-01056	10	19	15	0.4
id-01057	8	8	15	0.5
id-01058	7	5	14	0.3
id-01059	4	7	4	0.5
id-01060	9	12	6	0.4
id-01061	3	4	29	0.3
id-01062	2	4	19	0.5
id-01063	1	2	10	0.3
id-01064	6	11	21	0.2
id-01065	6	7	13	0.4
id-01066	2	2	18	0.4
id-01067	6	5	2	0.2
id-01068	5	10	19	0.4
id-01069	4	8	28	0.4
id-01070	3	3	21	0.3
id-01071	8	6	25	0.4
id-01072	9	13	16	0.3
id-01073	1	2	14	0.4
id-01074	10	9	3	0.4
id-01075	2	3	14	0.4
id-01076	6	10	4	0.3
id-01077	10	3	22	0.3
id-01078	6	11	19	0.5
id-01079	3	5	4	0.4
id-01080	9	7	12	0.3
id-01081	6	3	21	0.4
id-01082	1	2	8	0.3
id-01083	3	3	15	0.3
id-01084	9	5	4	0.5
id-01085	1	2	22	0.4
id-01086	8	15	21	0.2
id-01087	10	5	19	0.5
id-01088	4	3	28	0.3
id-01089	10	6	27	0.5
id-01090	5	7	19	0.4
id-01091	10	18	14	0.3
id-01092	4	7	26	0.5
id-01093	1	2	4	0.3
id-01094	9	15	19	0.5
id-01095	5	10	13	0.3
id-01096	3	5	2	0.4
id-01097	9	17	3	0.4
id-01098	6	4	26	0.4
id-01099	9	18	20	0.4
id-01100	10	18	26	0.5
id-01101	9	2	22	0.4
id-01102	6	6	18	0.3
id-01103	10	14	13	0.2
id-01104	9	3	14	0.2
id-01105	10	20	26	0.5
id-01106	1	2	27	0.3
id-01107	4	8	30	0.2
id-01108	7	5	4	0.5
id-01109	6	2	25	0.4
id-01110	7	2	11	0.4
id-01111	1	2	27	0.4
id-01112	4	5	21	0.4
id-01113	6	6	13	0.4
id-01114	2	2	25	0.2
id-01115	7	12	15	0.3
id-01116	6	3	17	0.3
id-01117	5	5	1	0.4
id-01118	3	2	17	0.4
id-01119	4	2	7	0.4
id-01120	10	16	14	0.5
id-01121	9	2	26	0.5
id-01122	9	10	21	0.4
id-01123	6	12	14	0.3
id-01124	4	6	29	0.4
id-01125	1	2	8	0.3
id-01126	9	17	29	0.4
id-01127	3	6	21	0.2
id-01128	3	4	24	0.4
id-01129	7	9	6	0.4
id-01130	3	6	8	0.3
id-01131	9	2	8	0.3
id-01132	3	5	29	0.3
id-01133	10	15	25	0.3
id-01134	8	13	30	0.3
id-01135	6	9	20	0.3
id-01136	2	2	29	0.2
id-01137	9	13	4	0.5
id-01138	1	2	27	0.2
id-01139	2	3	7	0.4
id-01140	2	4	26	0.3
id-01141	9	15	25	0.4
id-01142	9	11	21	0.2
id-01143	5	5	13	0.2
id-01144	3	2	1	0.4
id-01145	8	2	6	0.3
id-01146	8	15	23	0.2
id-01147	5	7	20	0.3
id-01148	6	5	5	0.3
id-01149	3	4	12	0.3
id-01150	6	9	26	0.4
id-01151	9	11	20	0.4
id-01152	3	3	21	0.5
id-01153	3	3	18	0.4
id-01154	3	5	20	0.3
id-01155	8	3	12	0.3
id-01156	4	8	8	0.2
id-01157	6	9	11	0.5
id-01158	2	2	27	0.4
id-01159	8	2	28	0.4
id-01160	8	13	5	0.3
id-01161	7	2	27	0.4
id-01162	10	10	21	0.2
id-01163	8	7	25	0.5
id-01164	6	5	13	0.4
id-01165	9	13	2	0.3
id-01166	10	14	23	0.4
id-01167	8	15	4	0.4
id-01168	8	12	15	0.2
id-01169	3	4	22	0.4
id-01170	3	4	8	0.5
id-01171	10	7	26	0.5
id-01172	2	2	25	0.5
id-01173	2	4	30	0.4
id-01174	2	2	7	0.5
id-01175	3	2	5	0.2
id-01176	7	13	12	0.2
id-01177	6	3	27	0.3
id-01178	10	19	28	0.4
id-01179	1	2	28	0.3
id-01180	9	6	14	0.3
id-01181	8	15	28	0.5
id-01182	6	9	12	0.5
id-01183	4	3	7	0.3
id-01184	8	2	3	0.3
id-01185	1	2	17	0.4
id-01186	6	2	17	0.4
id-01187	8	16	30	0.4
id-01188	5	5	3	0.4
id-01189	3	3	3	0.3
id-01190	10	19	30	0.3
id-01191	7	7	10	0.3
id-01192	7	4	29	0.4
id-01193	4	6	5	0.4
id-01194	5	3	28	0.4
id-01195	4	7	15	0.4
id-01196	5	6	5	0.3
id-01197	9	9	6	0.3
id-01198	4	8	13	0.2
id-01199	2	2	7	0.4
id-01200	1	2	22	0.4
id-01201	2	3	4	0.3
id-01202	4	7	27	0.4
id-01203	3	4	9	0.2
id-01204	7	9	29	0.4
id-01205	8	8	16	0.5
id-01206	1	2	19	0.4
id-01207	3	4	4	0.2
id-01208	3	6	12	0.5
id-01209	5	10	17	0.5
id-01210	4	3	8	0.5
id-01211	2	4	14	0.3
id-01212	8	16	10	0.5
id-01213	2	4	15	0.3
id-01214	10	13	21	0.4
id-01215	8	3	8	0.3
id-01216	10	16	1	0.3
id-01217	7	3	10	0.2
id-01218	5	8	5	0.4
id-01219	6	4	8	0.5
id-01220	5	7	29	0.4
id-01221	5	3	14	0.4
id-01222	5	4	14	0.3
id-01223	2	3	30	0.3
id-01224	4	2	21	0.4
id-01225	1	2	27	0.4
id-01226	6	12	17	0.5
id-01227	8	8	25	0.3
id-01228	9	5	19	0.3
id-01229	9	8	11	0.2
id-01230	2	2	4	0.5
id-01231	10	5	16	0.4
id-01232	8	9	15	0.3
id-01233	10	8	11	0.4
id-01234	10	3	27	0.4
id-01235	2	3	19	0.4
id-01236	2	4	1	0.4
id-01237	8	6	9	0.4
id-01238	7	13	22	0.3
id-01239	4	4	18	0.4
id-01240	1	2	24	0.3
id-01241	6	9	26	0.3
id-01242	10	6	26	0.4
id-01243	10	4	6	0.5
id-01244	6	11	8	0.4
id-01245	8	13	27	0.4
id-01246	9	6	14	0.3
id-01247	6	7	14	0.5
id-01248	5	9	23	0.4
id-01249	9	14	4	0.4
id-01250	6	12	29	0.4
id-01251	4	8	25	0.3
id-01252	9	7	9	0.5
id-01253	4	5	6	0.4
id-01254	4	6	1	0.4
id-01255	6	11	15	0.3
id-01256	5	9	7	0.5
id-01257	8	11	28	0.5
id-01258	4	7	21	0.5
id-01259	7	7	22	0.5
id-01260	9	13	18	0.5
id-01261	9	4	30	0.5
id-01262	4	6	5	0.2
id-01263	1	2	1	0.3
id-01264	2	4	21	0.3
id-01265	10	15	1	0.5
id-01266	9	12	2	0.3
id-01267	7	5	10	0.3
id-01268	8	10	5	0.4
id-01269	2	4	8	0.4
id-01270	7	9	22	0.4
id-01271	6	10	30	0.4
id-01272	7	8	5	0.4
id-01273	4	6	19	0.2
id-01274	3	4	7	0.3
id-01275	2	4	25	0.4
id-01276	5	7	8	0.2
id-01277	5	4	19	0.5
id-01278	8	11	29	0.2
id-01279	1	2	12	0.3
id-01280	9	12	26	0.3
id-01281	10	16	26	0.3
id-01282	1	2	2	0.2
id-01283	8	15	28	0.2
id-01284	10	20	28	0.2
id-01285	5	7	28	0.4
id-01286	9	9	29	0.4
id-01287	4	7	25	0.2
id-01288	6	12	3	0.4
id-01289	10	10	27	0.5
id-01290	3	4	2	0.3
id-01291	8	15	2	0.4
id-01292	5	7	25	0.5
id-01293	3	6	7	0.5
id-01294	3	4	23	0.4
id-01295	8	6	16	0.4
id-01296	5	5	13	0.3
id-01297	4	4	16	0.5
id-01298	10	8	22	0.4
id-01299	4	3	26	0.2
id-01300	6	10	1	0.5
id-01301	3	3	8	0.4
id-01302	8	8	26	0.2
id-01303	10	15	25	0.5
id-01304	7	10	11	0.3
id-01305	10	15	2	0.4
id-01306	7	5	20	0.3
id-01307	10	17	16	0.2
id-01308	7	9	21	0.3
id-01309	5	8	27	0.4
id-01310	5	10	14	0.3
id-01311	6	9	1	0.4
id-01312	8	15	23	0.4
id-01313	10	9	2	0.2
id-01314	10	3	26	0.5
id-01315	10	16	8	0.4
id-01316	1	2	5	0.4
id-01317	3	5	17	0.3
id-01318	5	3	3	0.2
id-01319	3	5	8	0.5
id-01320	6	10	22	0.5
id-01321	4	7	17	0.4
id-01322	6	6	26	0.4
id-01323	7	8	10	0.4
id-01324	6	4	5	0.4
id-01325	8	5	5	0.4
id-01326	5	6	8	0.2
id-01327	7	8	6	0.3
id-01328	4	5	21	0.4
id-01329	7	7	9	0.3
id-01330	4	8	6	0.4
id-01331	4	5	8	0.5
id-01332	6	6	17	0.5
id-01333	2	3	16	0.2
id-01334	6	2	13	0.3
id-01335	7	7	29	0.4
id-01336	6	12	10	0.4
id-01337	6	12	26	0.5
id-01338	2	4	17	0.3
id-01339	5	5	23	0.5
id-01340	6	3	20	0.3
id-01341	3	5	2	0.5
id-01342	5	3	30	0.2
id-01343	9	15	11	0.3
id-01344	3	6	8	0.4
id-01345	3	4	29	0.5
id-01346	7	14	18	0.4
id-01347	3	4	14	0.4
id-01348	10	20	4	0.3
id-01349	1	2	17	0.4
id-01350	5	8	29	0.3
id-01351	1	2	4	0.2
id-01352	10	6	14	0.2
id-01353	5	6	2	0.3
id-01354	6	3	17	0.4
id-01355	3	5	26	0.4
id-01356	6	2	27	0.4
id-01357	10	5	10	0.3
id-01358	5	4	15	0.4
id-01359	8	5	27	0.3
id-01360	5	10	11	0.4
id-01361	4	5	16	0.3
id-01362	7	12	11	0.4
id-01363	6	11	5	0.5
id-01364	8	3	18	0.3
id-01365	3	2	18	0.5
id-01366	8	8	11	0.3
id-01367	7	9	22	0.4
id-01368	9	15	8	0.3
id-01369	10	8	23	0.3
id-01370	5	8	15	0.3
id-01371	9	6	11	0.4
id-01372	4	2	29	0.2
id-01373	10	8	23	0.3
id-01374	9	9	21	0.4
id-01375	2	4	13	0.3
id-01376	8	14	24	0.2
id-01377	9	6	1	0.2
id-01378	5	5	15	0.4
id-01379	10	5	28	0.3
id-01380	7	3	26	0.3
id-01381	3	4	17	0.2
id-01382	5	9	3	0.4
id-01383	3	2	27	0.4
id-01384	7	11	22	0.2
id-01385	3	2	21	0.3
id-01386	7	5	1	0.4
id-01387	1	2	26	0.5
id-01388	7	10	18	0.3
id-01389	8	3	19	0.4
id-01390	2	3	28	0.3
id-01391	4	7	8	0.3
id-01392	2	3	5	0.4
id-01393	1	2	28	0.3
id-01394	3	3	4	0.4
id-01395	5	6	2	0.4
id-01396	8	16	7	0.2
id-01397	9	13	21	0.5
id-01398	8	13	12	0.3
id-01399	6	9	10	0.4
id-01400	6	2	2	0.4
id-01401	1	2	6	0.3
id-01402	7	13	22	0.4
id-01403	4	2	8	0.5
id-01404	3	6	21	0.4
id-01405	1	2	22	0.4
id-01406	3	3	13	0.2
id-01407	2	2	16	0.3
id-01408	3	5	16	0.5
id-01409	6	4	21	0.4
id-01410	7	12	12	0.2
id-01411	9	2	1	0.3
id-01412	4	7	17	0.4
id-01413	10	13	27	0.5
id-01414	9	5	10	0.2
id-01415	4	2	27	0.3
id-01416	10	16	22	0.4
id-01417	10	11	21	0.3
id-01418	2	2	30	0.3
id-01419	1	2	26	0.4
id-01420	10	19	26	0.4
id-01421	8	7	12	0.4
id-01422	4	4	3	0.3
id-01423	5	4	20	0.3
id-01424	2	2	19	0.4
id-01425	1	2	8	0.2
id-01426	4	3	5	0.3
id-01427	3	6	27	0.3
id-01428	5	5	16	0.2
id-01429	6	2	23	0.4
id-01430	10	11	1	0.4
id-01431	7	4	8	0.3
id-01432	10	8	5	0.3
id-01433	10	16	13	0.2
id-01434	8	16	27	0.3
id-01435	7	10	16	0.3
id-01436	5	10	15	0.4
id-01437	2	4	3	0.4
id-01438	10	17	8	0.3
id-01439	6	8	17	0.4
id-01440	7	4	9	0.2
id-01441	6	3	27	0.3
id-01442	6	11	20	0.5
id-01443	9	8	2	0.5
id-01444	10	17	15	0.4
id-01445	6	4	18	0.2
id-01446	6	5	5	0.2
id-01447	6	8	24	0.2
id-01448	1	2	22	0.4
id-01449	2	4	20	0.4
id-01450	8	10	11	0.2
id-01451	1	2	4	0.4
id-01452	10	9	18	0.4
id-01453	9	7	29	0.5
id-01454	3	4	21	0.2
id-01455	5	5	17	0.5
id-01456	10	14	6	0.4
id-01457	9	4	10	0.4
id-01458	6	5	14	0.5
id-01459	1	2	26	0.3
id-01460	7	14	24	0.3
id-01461	10	17	10	0.3
id-01462	3	5	3	0.4
id-01463	8	9	8	0.5
id-01464	3	4	21	0.3
id-01465	6	2	4	0.3
id-01466	6	2	30	0.2
id-01467	6	4	8	0.3
id-01468	9	9	8	0.4
id-01469	1	2	7	0.2
id-01470	3	5	5	0.2
id-01471	1	2	23	0.4
id-01472	9	15	2	0.3
id-01473	4	6	28	0.4
id-01474	4	2	11	0.3
id-01475	9	15	22	0.4
id-01476	1	2	26	0.3
id-01477	1	2	29	0.4
id-01478	7	2	15	0.2
id-01479	9	14	6	0.3
id-01480	6	7	29	0.2
id-01481	8	7	27	0.5
id-01482	5	7	12	0.3
id-01483	2	4	23	0.3
id-01484	7	5	15	0.2
id-01485	6	11	28	0.3
id-01486	1	2	6	0.4
id-01487	4	3	30	0.5
id-01488	2	4	14	0.5
id-01489	9	8	24	0.3
id-01490	4	4	19	0.2
id-01491	1	2	14	0.4
id-01492	7	14	21	0.4
id-01493	3	4	26	0.3
id-01494	10	6	4	0.5
id-01495	9	17	2	0.3
id-01496	3	5	5	0.5
id-01497	10	15	28	0.4
id-01498	8	4	11	0.2
id-01499	6	12	15	0.4
id-01500	2	3	7	0.4
id-01501	2	4	18	0.4
id-01502	10	9	2	0.2
id-01503	2	3	25	0.5
id-01504	7	11	5	0.2
id-01505	4	4	13	0.4
id-01506	6	12	26	0.4
id-01507	4	2	27	0.5
id-01508	1	2	10	0.3
id-01509	3	3	2	0.3
id-01510	8	10	30	0.3
id-01511	5	8	7	0.3
id-01512	10	4	28	0.4
id-01513	10	11	21	0.4
id-01514	8	2	25	0.2
id-01515	8	2	17	0.5
id-01516	5	3	8	0.2
id-01517	9	13	24	0.3
id-01518	5	5	25	0.4
id-01519	2	3	4	0.5
id-01520	1	2	2	0.3
id-01521	4	5	2	0.3
id-01522	8	2	14	0.3
id-01523	1	2	26	0.2
id-01524	4	6	11	0.2
id-01525	8	15	9	0.5
id-01526	6	4	12	0.5
id-01527	2	2	5	0.3
id-01528	4	7	7	0.5
id-01529	3	3	10	0.3
id-01530	1	2	17	0.4
id-01531	9	15	28	0.2
id-01532	9	4	30	0.4
id-01533	4	3	20	0.3
id-01534	10	11	10	0.4
id-01535	4	4	6	0.5
id-01536	7	10	30	0.2
id-01537	2	2	14	0.3
id-01538	8	11	19	0.3
id-01539	3	4	16	0.2
id-01540	8	7	26	0.4
id-01541	3	3	6	0.3
id-01542	10	3	23	0.4
id-01543	7	14	13	0.4
id-01544	4	7	8	0.3
id-01545	9	18	19	0.5
id-01546	2	4	10	0.4
id-01547	3	4	12	0.5
id-01548	9	6	28	0.3
id-01549	10	3	2	0.4
id-01550	7	13	4	0.4
id-01551	1	2	29	0.2
id-01552	10	4	28	0.3
id-01553	9	2	21	0.3
id-01554	6	2	21	0.5
id-01555	9	18	19	0.4
id-01556	6	2	8	0.4
id-01557	9	18	20	0.3
id-01558	1	2	23	0.2
id-01559	8	11	12	0.2
id-01560	10	2	5	0.4
id-01561	6	10	5	0.3
id-01562	6	11	27	0.3
id-01563	6	10	25	0.4
id-01564	7	10	29	0.4
id-01565	9	17	27	0.2
id-01566	1	2	11	0.4
id-01567	5	5	3	0.4
id-01568	6	4	20	0.2
id-01569	5	9	22	0.3
id-01570	6	2	19	0.3
id-01571	4	8	11	0.4
id-01572	6	2	25	0.2
id-01573	1	2	4	0.4
id-01574	1	2	6	0.4
id-01575	4	4	29	0.4
id-01576	4	7	10	0.4
id-01577	8	11	1	0.5
id-01578	6	12	22	0.4
id-01579	4	5	11	0.3
id-01580	10	10	17	0.3
id-01581	4	7	5	0.3
id-01582	5	4	26	0.3
id-01583	4	6	25	0.5
id-01584	2	4	8	0.2
id-01585	6	5	30	0.5
id-01586	6	8	15	0.5
id-01587	2	4	14	0.4
id-01588	6	10	6	0.2
id-01589	9	11	15	0.5
id-01590	9	13	30	0.3
id-01591	8	14	26	0.3
id-01592	5	7	19	0.4
id-01593	10	11	5	0.4
id-01594	9	2	22	0.2
id-01595	8	6	20	0.2
id-01596	8	6	15	0.3
id-01597	1	2	28	0.2
id-01598	4	6	6	0.4
id-01599	9	18	28	0.3
id-01600	9	16	22	0.4
id-01601	9	10	24	0.3
id-01602	1	2	18	0.5
id-01603	7	7	14	0.3
id-01604	4	4	29	0.3
id-01605	2	2	30	0.4
id-01606	5	3	19	0.5
id-01607	5	4	26	0.5
id-01608	7	14	12	0.3
id-01609	7	11	24	0.2
id-01610	1	2	28	0.3
id-01611	9	14	2	0.2
id-01612	9	11	16	0.4
id-01613	4	4	16	0.2
id-01614	10	11	30	0.4
id-01615	8	8	17	0.4
id-01616	3	3	6	0.5
id-01617	1	2	1	0.3
id-01618	10	5	6	0.4
id-01619	10	10	8	0.3
id-01620	4	5	19	0.3
id-01621	3	6	24	0.4
id-01622	6	5	11	0.5
id-01623	5	8	1	0.3
id-01624	2	2	18	0.2
id-01625	3	6	9	0.4
id-01626	1	2	14	0.4
id-01627	8	10	5	0.2
id-01628	2	2	28	0.4
id-01629	10	8	20	0.3
id-01630	10	18	8	0.5
id-01631	2	4	11	0.4
id-01632	9	10	30	0.5
id-01633	7	7	9	0.5
id-01634	6	8	1	0.2
id-01635	10	10	8	0.4
id-01636	7	12	11	0.3
id-01637	5	9	17	0.4
id-01638	6	5	27	0.5
id-01639	7	13	27	0.3
id-01640	2	2	15	0.5
id-01641	10	3	19	0.2
id-01642	9	18	10	0.3
id-01643	4	8	19	0.4
id-01644	2	2	20	0.5
id-01645	9	7	8	0.4
id-01646	7	6	25	0.3
id-01647	6	7	4	0.2
id-01648	9	16	3	0.5
id-01649	7	12	13	0.2
id-01650	1	2	5	0.3
id-01651	3	3	15	0.2
id-01652	7	7	11	0.3
id-01653	5	8	23	0.5
id-01654	7	13	21	0.4
id-01655	2	4	21	0.4
id-01656	5	10	8	0.2
id-01657	5	6	18	0.4
id-01658	5	9	9	0.3
id-01659	9	8	7	0.4
id-01660	8	5	18	0.4
id-01661	10	19	10	0.4
id-01662	6	10	26	0.3
id-01663	9	10	14	0.3
id-01664	6	7	12	0.5
id-01665	3	6	16	0.4
id-01666	8	2	18	0.4
id-01667	1	2	17	0.3
id-01668	7	13	9	0.5
id-01669	8	16	3	0.3
id-01670	6	7	15	0.4
id-01671	9	15	20	0.4
id-01672	10	5	16	0.2
id-01673	3	5	30	0.3
id-01674	8	6	6	0.3
id-01675	2	2	25	0.3
id-01676	7	9	8	0.5
id-01677	5	9	14	0.2
id-01678	7	2	20	0.4
id-01679	9	10	23	0.2
id-01680	4	7	15	0.3
id-01681	4	3	21	0.3
id-01682	9	4	15	0.2
id-01683	5	5	10	0.5
id-01684	2	3	18	0.2
id-01685	9	2	8	0.3
id-01686	4	3	19	0.3
id-01687	6	10	4	0.5
id-01688	8	5	26	0.4
id-01689	8	8	19	0.4
id-01690	8	7	28	0.4
id-01691	9	14	12	0.4
id-01692	7	7	26	0.4
id-01693	9	17	19	0.4
id-01694	8	12	11	0.3
id-01695	2	4	11	0.3
id-01696	2	4	18	0.4
id-01697	10	12	29	0.4
id-01698	8	5	5	0.2
id-01699	4	4	25	0.4
id-01700	7	2	26	0.2
id-01701	4	6	4	0.5
id-01702	8	11	22	0.3
id-01703	5	9	15	0.4
id-01704	2	4	5	0.3
id-01705	5	2	29	0.4
id-01706	10	17	26	0.4
id-01707	6	3	1	0.4
id-01708	1	2	8	0.4
id-01709	2	2	22	0.2
id-01710	4	3	26	0.3
id-01711	9	18	22	0.4
id-01712	8	2	20	0.4
id-01713	10	12	18	0.3
id-01714	6	11	17	0.3
id-01715	10	19	6	0.3
id-01716	1	2	21	0.3
id-01717	9	18	1	0.4
id-01718	5	3	12	0.4
id-01719	6	4	7	0.5
id-01720	10	18	26	0.3
id-01721	6	3	9	0.3
id-01722	6	11	22	0.2
id-01723	8	15	1	0.3
id-01724	8	6	20	0.4
id-01725	7	10	6	0.3
id-01726	2	4	26	0.5
id-01727	8	12	5	0.5
id-01728	3	5	6	0.3
id-01729	7	7	8	0.5
id-01730	2	2	20	0.5
id-01731	6	5	4	0.2
id-01732	10	5	5	0.2
id-01733	7	11	3	0.4
id-01734	10	9	25	0.3
id-01735	7	10	28	0.4
id-01736	8	7	10	0.3
id-01737	7	11	2	0.3
id-01738	3	5	10	0.2
id-01739	9	6	19	0.4
id-01740	2	3	5	0.5
id-01741	8	11	20	0.3
id-01742	4	2	9	0.4
id-01743	2	3	11	0.2
id-01744	9	7	27	0.3
id-01745	3	5	26	0.4
id-01746	10	13	18	0.5
id-01747	6	3	3	0.2
id-01748	5	10	9	0.2
id-01749	10	4	20	0.5
id-01750	6	12	19	0.4
id-01751	1	2	10	0.5
id-01752	2	4	6	0.3
id-01753	7	11	7	0.5
id-01754	1	2	30	0.3
id-01755	10	20	24	0.3
id-01756	4	4	1	0.3
id-01757	8	15	30	0.3
id-01758	1	2	30	0.3
id-01759	6	7	30	0.3
id-01760	10	18	20	0.3
id-01761	1	2	24	0.5
id-01762	7	7	7	0.5
id-01763	8	15	8	0.2
id-01764	3	5	9	0.2
id-01765	7	2	19	0.4
id-01766	4	5	5	0.4
id-01767	1	2	24	0.4
id-01768	1	2	2	0.4
id-01769	10	6	25	0.4
id-01770	1	2	14	0.2
id-01771	5	3	29	0.2
id-01772	9	7	2	0.3
id-01773	5	10	17	0.5
id-01774	3	4	2	0.4
id-01775	2	3	22	0.5
id-01776	6	2	18	0.5
id-01777	6	4	16	0.5
id-01778	9	10	17	0.2
id-01779	2	4	2	0.4
id-01780	7	12	27	0.3
id-01781	1	2	8	0.4
id-01782	7	3	7	0.3
id-01783	2	4	12	0.4
id-01784	2	2	5	0.3
id-01785	7	10	18	0.3
id-01786	10	2	14	0.3
id-01787	1	2	17	0.3
id-01788	9	16	19	0.2
id-01789	9	14	17	0.3
id-01790	7	9	2	0.5
id-01791	1	2	1	0.2
id-01792	6	10	8	0.2
id-01793	6	8	16	0.4
id-01794	3	4	1	0.4
id-01795	2	3	16	0.4
id-01796	5	8	29	0.2
id-01797	1	2	8	0.4
id-01798	5	9	14	0.5
id-01799	2	2	1	0.3
id-01800	7	12	15	0.5
id-01801	4	8	13	0.3
id-01802	5	6	1	0.4
id-01803	10	14	16	0.5
id-01804	1	2	30	0.2
id-01805	3	2	23	0.3
id-01806	6	5	12	0.3
id-01807	5	2	23	0.2
id-01808	3	2	28	0.2
id-01809	1	2	2	0.3
id-01810	10	6	29	0.4
id-01811	1	2	27	0.4
id-01812	2	2	16	0.3
id-01813	1	2	3	0.4
id-01814	10	6	24	0.3
id-01815	1	2	23	0.4
id-01816	4	8	28	0.3
id-01817	3	6	2	0.4
id-01818	4	5	14	0.4
id-01819	6	7	5	0.4
id-01820	1	2	20	0.3
id-01821	5	7	12	0.3
id-01822	8	9	12	0.2
id-01823	4	8	25	0.3
id-01824	9	11	26	0.2
id-01825	4	5	25	0.3
id-01826	10	6	21	0.4
id-01827	8	15	2	0.3
id-01828	9	6	19	0.3
id-01829	9	12	1	0.5
id-01830	5	7	22	0.4
id-01831	2	2	1	0.4
id-01832	7	8	26	0.3
id-01833	4	6	2	0.3
id-01834	9	13	15	0.4
id-01835	5	7	22	0.4
id-01836	5	9	16	0.4
id-01837	1	2	9	0.2
id-01838	9	15	9	0.2
id-01839	6	12	6	0.3
id-01840	6	2	29	0.3
id-01841	7	4	14	0.5
id-01842	9	14	29	0.4
id-01843	7	6	28	0.4
id-01844	8	11	22	0.3
id-01845	3	5	24	0.2
id-01846	4	8	16	0.3
id-01847	8	7	27	0.3
id-01848	9	16	25	0.3
id-01849	2	3	16	0.4
id-01850	2	2	20	0.3
id-01851	5	9	25	0.5
id-01852	5	7	4	0.3
id-01853	2	3	9	0.5
id-01854	2	3	6	0.3
id-01855	2	2	13	0.5
id-01856	2	3	3	0.3
id-01857	6	12	23	0.4
id-01858	5	8	19	0.2
id-01859	7	12	13	0.3
id-01860	8	2	21	0.3
id-01861	8	7	24	0.4
id-01862	10	6	2	0.3
id-01863	3	6	30	0.2
id-01864	5	7	6	0.2
id-01865	8	6	22	0.4
id-01866	4	8	2	0.2
id-01867	9	5	26	0.5
id-01868	3	6	8	0.2
id-01869	3	2	14	0.3
id-01870	8	5	20	0.4
id-01871	5	6	24	0.3
id-01872	5	4	22	0.4
id-01873	2	2	15	0.4
id-01874	10	3	7	0.3
id-01875	10	17	13	0.4
id-01876	4	7	24	0.3
id-01877	2	2	2	0.3
id-01878	5	9	20	0.3
id-01879	5	3	8	0.3
id-01880	6	7	21	0.4
id-01881	5	7	18	0.4
id-01882	5	9	23	0.4
id-01883	8	11	4	0.5
id-01884	9	5	8	0.5
id-01885	3	5	24	0.5
id-01886	2	4	3	0.3
id-01887	5	4	26	0.5
id-01888	9	12	13	0.3
id-01889	4	2	28	0.3
id-01890	7	2	23	0.3
id-01891	1	2	21	0.5
id-01892	7	14	14	0.4
id-01893	3	2	11	0.4
id-01894	6	11	6	0.5
id-01895	3	5	22	0.3
id-01896	6	9	15	0.4
id-01897	8	14	13	0.4
id-01898	9	11	27	0.4
id-01899	4	6	23	0.2
id-01900	9	12	23	0.4
id-01901	6	11	28	0.5
id-01902	4	8	4	0.4
id-01903	5	5	5	0.5
id-01904	10	13	23	0.3
id-01905	2	3	24	0.4
id-01906	4	4	7	0.3
id-01907	2	4	14	0.3
id-01908	1	2	25	0.2
id-01909	9	9	23	0.4
id-01910	9	12	21	0.5
id-01911	4	4	8	0.4
id-01912	8	3	13	0.4
id-01913	9	4	13	0.2
id-01914	5	9	13	0.4
id-01915	9	5	24	0.4
id-01916	10	10	26	0.5
id-01917	1	2	3	0.4
id-01918	8	6	14	0.3
id-01919	6	6	28	0.4
id-01920	9	13	2	0.4
id-01921	5	8	8	0.3
id-01922	2	3	8	0.3
id-01923	9	7	28	0.4
id-01924	6	6	29	0.4
id-01925	10	18	18	0.4
id-01926	3	3	9	0.5
id-01927	5	7	2	0.5
id-01928	9	5	25	0.4
id-01929	9	8	12	0.4
id-01930	10	19	24	0.3
id-01931	10	19	13	0.3
id-01932	1	2	25	0.3
id-01933	1	2	18	0.4
id-01934	2	4	8	0.3
id-01935	3	5	30	0.4
id-01936	7	5	30	0.3
id-01937	8	15	8	0.3
id-01938	5	3	28	0.5
id-01939	5	8	2	0.3
id-01940	9	9	29	0.3
id-01941	10	12	16	0.4
id-01942	6	9	15	0.5
id-01943	10	9	22	0.5
id-01944	6	2	28	0.2
id-01945	10	11	26	0.5
id-01946	4	6	6	0.3
id-01947	5	6	11	0.3
id-01948	8	12	1	0.4
id-01949	2	2	23	0.2
id-01950	1	2	5	0.3
id-01951	2	4	29	0.2
id-01952	7	9	11	0.2
id-01953	8	4	25	0.2
id-01954	9	13	11	0.4
id-01955	10	2	8	0.3
id-01956	1	2	26	0.2
id-01957	9	12	16	0.3
id-01958	10	6	7	0.3
id-01959	7	9	27	0.4
id-01960	7	4	14	0.4
id-01961	10	13	18	0.4
id-01962	7	11	29	0.5
id-01963	3	6	13	0.4
id-01964	4	3	9	0.5
id-01965	9	9	12	0.4
id-01966	8	8	22	0.2
id-01967	8	8	22	0.2
id-01968	1	2	13	0.5
id-01969	1	2	12	0.4
id-01970	1	2	8	0.5
id-01971	2	2	11	0.4
id-01972	2	3	15	0.5
id-01973	7	13	21	0.4
id-01974	10	12	7	0.3
id-01975	2	3	30	0.2
id-01976	10	2	3	0.5
id-01977	5	10	15	0.3
id-01978	4	3	5	0.4
id-01979	4	2	29	0.4
id-01980	5	3	18	0.4
id-01981	8	5	9	0.2
id-01982	7	2	10	0.3
id-01983	8	11	27	0.5
id-01984	10	10	27	0.5
id-01985	1	2	16	0.5
id-01986	4	2	19	0.2
id-01987	6	4	9	0.2
id-01988	10	7	10	0.2
id-01989	2	2	13	0.5
id-01990	6	7	12	0.4
id-01991	1	2	17	0.2
id-01992	7	14	17	0.4
id-01993	9	12	11	0.4
id-01994	3	5	25	0.2
id-01995	6	6	13	0.3
id-01996	7	9	12	0.5
id-01997	5	10	8	0.2
id-01998	3	5	24	0.3
id-01999	8	5	26	0.5
id-02000	2	3	12	0.4
id-02001	1	2	26	0.4
id-02002	2	3	12	0.3
id-02003	8	16	28	0.3
id-02004	1	2	19	0.4
id-02005	1	2	29	0.5
id-02006	9	8	22	0.3
id-02007	3	6	20	0.2
id-02008	7	2	5	0.5
id-02009	5	8	25	0.4
id-02010	4	4	21	0.3
id-02011	9	6	26	0.3
id-02012	8	6	9	0.4
id-02013	1	2	12	0.4
id-02014	5	5	26	0.4
id-02015	10	3	4	0.4
id-02016	4	5	16	0.4
id-02017	4	5	17	0.3
id-02018	6	7	13	0.4
id-02019	10	4	20	0.4
id-02020	5	2	10	0.4
id-02021	6	7	11	0.4
id-02022	7	11	7	0.4
id-02023	7	10	21	0.5
id-02024	1	2	21	0.3
id-02025	3	6	12	0.4
id-02026	2	4	26	0.5
id-02027	1	2	27	0.5
id-02028	2	3	23	0.5
id-02029	3	3	21	0.3
id-02030	1	2	5	0.3
id-02031	8	14	28	0.4
id-02032	6	11	24	0.4
id-02033	10	19	9	0.5
id-02034	5	7	21	0.4
id-02035	10	4	14	0.5
id-02036	3	3	2	0.4
id-02037	8	2	17	0.3
id-02038	2	3	29	0.5
id-02039	9	17	30	0.3
id-02040	3	5	3	0.3
id-02041	9	5	11	0.2
id-02042	3	4	20	0.4
id-02043	3	3	2	0.3
id-02044	5	6	12	0.4
id-02045	10	7	13	0.3
id-02046	6	7	14	0.3
id-02047	9	13	1	0.4
id-02048	5	6	19	0.3
id-02049	10	9	20	0.5
id-02050	2	2	27	0.3
id-02051	9	3	28	0.5
id-02052	4	7	29	0.2
id-02053	7	14	27	0.2
id-02054	1	2	6	0.5
id-02055	6	5	27	0.3
id-02056	1	2	21	0.2
id-02057	2	3	9	0.4
id-02058	6	6	13	0.5
id-02059	2	3	24	0.4
id-02060	9	5	5	0.3
id-02061	5	9	18	0.3
id-02062	6	4	6	0.5
id-02063	4	6	9	0.4
id-02064	3	4	2	0.2
id-02065	5	3	18	0.3
id-02066	4	6	16	0.2
id-02067	3	3	16	0.3
id-02068	7	4	3	0.5
id-02069	9	11	13	0.4
id-02070	2	4	2	0.5
id-02071	9	15	12	0.3
id-02072	3	4	28	0.4
id-02073	1	2	21	0.2
id-02074	10	10	5	0.3
id-02075	8	5	18	0.2
id-02076	3	2	16	0.3
id-02077	3	5	6	0.3
id-02078	7	9	7	0.2
id-02079	1	2	19	0.5
id-02080	9	9	26	0.2
id-02081	6	8	29	0.3
id-02082	4	2	18	0.3
id-02083	10	6	5	0.5
id-02084	3	6	5	0.4
id-02085	10	18	19	0.5
id-02086	5	10	18	0.2
id-02087	5	3	5	0.3
id-02088	3	4	13	0.3
id-02089	7	6	15	0.5
id-02090	2	4	15	0.2
id-02091	1	2	22	0.3
id-02092	2	4	18	0.4
id-02093	6	12	2	0.5
id-02094	2	3	26	0.5
id-02095	4	2	4	0.3
id-02096	5	10	30	0.3
id-02097	9	15	4	0.2
id-02098	4	8	19	0.5
id-02099	5	4	24	0.4
id-02100	5	3	28	0.5
id-02101	4	7	23	0.5
id-02102	4	7	30	0.4
id-02103	8	16	10	0.2
id-02104	7	2	24	0.4
id-02105	8	6	27	0.2
id-02106	6	3	22	0.4
id-02107	4	7	25	0.4
id-02108	4	5	4	0.4
id-02109	2	3	21	0.2
id-02110	1	2	11	0.3
id-02111	3	4	13	0.2
id-02112	6	4	11	0.3
id-02113	9	7	24	0.2
id-02114	10	8	25	0.3
id-02115	4	4	24	0.3
id-02116	2	3	30	0.5
id-02117	6	12	24	0.3
id-02118	1	2	23	0.3
id-02119	7	3	20	0.4
id-02120	3	2	29	0.5
id-02121	6	5	25	0.3
id-02122	7	14	21	0.4
id-02123	2	3	4	0.4
id-02124	8	3	24	0.3
id-02125	10	2	5	0.3
id-02126	9	12	11	0.4
id-02127	8	10	5	0.3
id-02128	2	2	28	0.4
id-02129	6	10	29	0.2
id-02130	7	7	7	0.2
id-02131	1	2	14	0.4
id-02132	2	2	26	0.3
id-02133	6	9	19	0.4
id-02134	10	3	17	0.3
id-02135	8	8	21	0.5
id-02136	7	5	25	0.5
id-02137	3	4	4	0.5
id-02138	4	2	22	0.4
id-02139	3	2	9	0.4
id-02140	7	4	12	0.3
id-02141	2	4	7	0.5
id-02142	6	6	18	0.2
id-02143	2	2	21	0.4
id-02144	5	9	3	0.3
id-02145	2	2	13	0.3
id-02146	5	10	1	0.2
id-02147	1	2	6	0.3
id-02148	4	6	4	0.5
id-02149	9	15	23	0.3
id-02150	9	15	2	0.4
id-02151	2	4	7	0.3
id-02152	10	12	29	0.5
id-02153	7	7	10	0.4
id-02154	5	6	2	0.4
id-02155	10	15	25	0.3
id-02156	2	3	11	0.4
id-02157	6	11	5	0.4
id-02158	7	3	7	0.4
id-02159	2	4	27	0.4
id-02160	4	6	17	0.2
id-02161	3	5	16	0.3
id-02162	10	18	17	0.3
id-02163	8	6	26	0.5
id-02164	1	2	14	0.3
id-02165	9	17	13	0.3
id-02166	9	18	12	0.2
id-02167	9	7	7	0.4
id-02168	8	14	10	0.5
id-02169	1	2	5	0.3
id-02170	1	2	14	0.5
id-02171	9	9	18	0.4
id-02172	8	4	3	0.4
id-02173	2	2	23	0.3
id-02174	10	11	25	0.3
id-02175	4	3	6	0.3
id-02176	4	3	2	0.3
id-02177	10	7	19	0.4
id-02178	7	5	7	0.4
id-02179	2	4	14	0.2
id-02180	8	6	23	0.4
id-02181	8	10	1	0.2
id-02182	1	2	19	0.4
id-02183	2	3	3	0.3
id-02184	9	5	14	0.2
id-02185	7	10	13	0.3
id-02186	1	2	12	0.2
id-02187	8	12	14	0.5
id-02188	7	8	4	0.4
id-02189	10	6	20	0.5
id-02190	5	2	10	0.4
id-02191	3	3	1	0.3
id-02192	9	12	13	0.4
id-02193	2	2	24	0.3
id-02194	8	16	22	0.3
id-02195	7	9	7	0.3
id-02196	6	4	6	0.3
id-02197	3	3	3	0.5
id-02198	3	4	6	0.3
id-02199	6	4	7	0.3
id-02200	8	2	25	0.4
id-02201	2	2	16	0.3
id-02202	6	12	14	0.3
id-02203	2	4	6	0.2
id-02204	7	3	15	0.4
id-02205	5	6	2	0.4
id-02206	4	7	4	0.5
id-02207	4	7	3	0.5
id-02208	9	4	21	0.5
id-02209	4	6	27	0.5
id-02210	4	2	11	0.4
id-02211	7	6	23	0.3
id-02212	8	15	10	0.5
id-02213	7	2	5	0.4
id-02214	7	7	5	0.2
id-02215	1	2	7	0.4
id-02216	9	8	28	0.3
id-02217	9	2	18	0.4
id-02218	8	16	22	0.4
id-02219	10	2	21	0.2
id-02220	6	7	8	0.3
id-02221	3	6	3	0.3
id-02222	1	2	26	0.4
id-02223	9	12	11	0.2
id-02224	4	6	9	0.4
id-02225	10	19	8	0.4
id-02226	2	3	7	0.4
id-02227	1	2	25	0.3
id-02228	7	9	29	0.5
id-02229	7	5	3	0.5
id-02230	10	16	30	0.4
id-02231	6	9	16	0.3
id-02232	1	2	13	0.5
id-02233	1	2	23	0.5
id-02234	3	6	29	0.2
id-02235	5	4	27	0.2
id-02236	9	17	6	0.4
id-02237	3	3	17	0.5
id-02238	9	7	22	0.5
id-02239	7	11	25	0.4
id-02240	2	4	27	0.5
id-02241	9	5	18	0.4
id-02242	10	19	30	0.4
id-02243	6	2	23	0.4
id-02244	1	2	22	0.4
id-02245	10	5	26	0.3
id-02246	7	6	7	0.4
id-02247	5	8	27	0.4
id-02248	3	4	24	0.2
id-02249	9	17	17	0.5
id-02250	2	2	28	0.3
id-02251	10	13	19	0.2
id-02252	2	4	9	0.4
id-02253	3	4	2	0.4
id-02254	2	2	5	0.4
id-02255	4	5	16	0.3
id-02256	9	7	28	0.2
id-02257	9	8	6	0.4
id-02258	1	2	10	0.3
id-02259	4	4	19	0.5
id-02260	2	2	25	0.2
id-02261	2	4	3	0.4
id-02262	6	12	11	0.3
id-02263	2	4	12	0.2
id-02264	4	3	17	0.4
id-02265	8	6	20	0.4
id-02266	7	7	26	0.4
id-02267	5	8	25	0.5
id-02268	7	8	27	0.4
id-02269	3	4	19	0.3
id-02270	4	7	7	0.4
id-02271	8	4	24	0.4
id-02272	3	3	19	0.2
id-02273	3	2	2	0.3
id-02274	10	14	21	0.5
id-02275	7	13	14	0.5
id-02276	3	4	4	0.4
id-02277	8	5	29	0.4
id-02278	7	12	15	0.5
id-02279	5	10	18	0.4
id-02280	8	8	7	0.3
id-02281	6	8	26	0.3
id-02282	3	3	2	0.3
id-02283	1	2	5	0.4
id-02284	6	11	19	0.4
id-02285	5	10	24	0.4
id-02286	9	8	22	0.4
id-02287	2	2	6	0.2
id-02288	4	7	30	0.3
id-02289	5	2	13	0.3
id-02290	4	3	10	0.3
id-02291	10	2	22	0.4
id-02292	7	9	2	0.5
id-02293	1	2	15	0.4
id-02294	4	2	28	0.4
id-02295	5	10	30	0.3
id-02296	10	14	17	0.5
id-02297	3	3	7	0.3
id-02298	1	2	19	0.4
id-02299	2	2	27	0.4
id-02300	4	6	28	0.4
id-02301	1	2	8	0.3
id-02302	2	3	5	0.3
id-02303	3	4	15	0.2
id-02304	4	3	2	0.4
id-02305	8	11	17	0.5
id-02306	1	2	25	0.3
id-02307	1	2	25	0.4
id-02308	1	2	16	0.4
id-02309	7	4	11	0.4
id-02310	1	2	20	0.3
id-02311	7	8	22	0.4
id-02312	5	10	1	0.2
id-02313	7	5	20	0.3
id-02314	5	5	18	0.3
id-02315	5	8	1	0.3
id-02316	1	2	5	0.3
id-02317	9	9	24	0.4
id-02318	3	2	16	0.4
id-02319	7	10	1	0.3
id-02320	9	4	19	0.5
id-02321	2	3	19	0.3
id-02322	1	2	7	0.4
id-02323	6	12	10	0.2
id-02324	9	2	9	0.4
id-02325	8	4	20	0.2
id-02326	3	4	24	0.3
id-02327	1	2	20	0.3
id-02328	2	2	5	0.4
id-02329	4	7	15	0.4
id-02330	2	2	13	0.4
id-02331	5	4	12	0.4
id-02332	2	4	13	0.3
id-02333	1	2	25	0.4
id-02334	10	16	18	0.3
id-02335	2	2	20	0.4
id-02336	8	10	1	0.3
id-02337	9	10	23	0.3
id-02338	5	4	29	0.4
id-02339	3	4	3	0.3
id-02340	2	3	13	0.2
id-02341	3	3	5	0.2
id-02342	3	5	17	0.3
id-02343	10	20	24	0.4
id-02344	3	3	30	0.4
id-02345	4	2	9	0.2
id-02346	9	3	7	0.2
id-02347	9	8	22	0.5
id-02348	1	2	21	0.2
id-02349	1	2	13	0.4
id-02350	5	2	3	0.4
id-02351	9	6	23	0.5
id-02352	8	11	9	0.2
id-02353	10	16	9	0.4
id-02354	4	6	5	0.4
id-02355	5	2	17	0.5
id-02356	9	11	4	0.4
id-02357	7	4	17	0.4
id-02358	6	10	19	0.3
id-02359	4	2	19	0.2
id-02360	2	4	24	0.5
id-02361	6	2	29	0.2
id-02362	6	7	18	0.5
id-02363	4	7	24	0.3
id-02364	6	7	4	0.3
id-02365	6	6	13	0.3
id-02366	4	7	1	0.4
id-02367	7	13	24	0.4
id-02368	9	4	26	0.2
id-02369	8	14	7	0.5
id-02370	3	4	7	0.5
id-02371	9	9	23	0.4
id-02372	2	2	20	0.3
id-02373	6	2	5	0.4
id-02374	6	4	10	0.4
id-02375	10	5	9	0.3
id-02376	2	3	3	0.4
id-02377	9	4	25	0.5
id-02378	9	9	30	0.3
id-02379	1	2	17	0.2
id-02380	8	8	12	0.3
id-02381	8	3	21	0.5
id-02382	9	9	9	0.4
id-02383	8	13	10	0.3
id-02384	6	3	23	0.5
id-02385	10	9	13	0.3
id-02386	1	2	25	0.5
id-02387	4	2	27	0.2
id-02388	2	2	14	0.3
id-02389	7	10	7	0.4
id-02390	4	4	4	0.4
id-02391	10	4	19	0.3
id-02392	4	6	21	0.3
id-02393	1	2	30	0.5
id-02394	6	6	22	0.4
id-02395	6	6	4	0.2
id-02396	9	11	4	0.3
id-02397	3	3	8	0.4
id-02398	3	5	29	0.5
id-02399	5	3	7	0.4
id-02400	3	6	25	0.3
id-02401	5	4	28	0.3
id-02402	5	9	28	0.2
id-02403	9	17	26	0.4
id-02404	3	2	3	0.4
id-02405	9	13	9	0.4
id-02406	3	6	5	0.5
id-02407	4	3	28	0.5
id-02408	9	9	26	0.3
id-02409	8	2	7	0.2
id-02410	9	17	18	0.4
id-02411	7	7	5	0.2
id-02412	7	4	17	0.4
id-02413	7	2	1	0.4
id-02414	5	7	13	0.4
id-02415	5	3	22	0.2
id-02416	6	2	11	0.3
id-02417	10	13	2	0.2
id-02418	7	12	13	0.4
id-02419	5	7	25	0.4
id-02420	5	2	5	0.3
id-02421	6	3	16	0.4
id-02422	6	10	7	0.5
id-02423	1	2	15	0.3
id-02424	3	4	30	0.4
id-02425	5	5	4	0.4
id-02426	6	5	22	0.4
id-02427	9	2	14	0.3
id-02428	5	3	2	0.4
id-02429	5	9	17	0.3
id-02430	9	17	5	0.5
id-02431	7	6	7	0.2
id-02432	9	15	15	0.3
id-02433	6	8	26	0.4
id-02434	3	6	23	0.3
id-02435	5	3	17	0.3
id-02436	9	5	3	0.2
id-02437	8	3	30	0.5
id-02438	1	2	4	0.4
id-02439	2	3	6	0.4
id-02440	5	5	26	0.3
id-02441	4	7	14	0.4
id-02442	2	4	12	0.5
id-02443	5	7	14	0.4
id-02444	5	7	25	0.3
id-02445	10	16	10	0.5
id-02446	8	4	5	0.4
id-02447	2	3	18	0.4
id-02448	4	6	8	0.2
id-02449	6	8	30	0.4
id-02450	7	4	14	0.4
id-02451	6	5	5	0.3
id-02452	5	9	13	0.4
id-02453	2	4	29	0.5
id-02454	1	2	10	0.3
id-02455	8	3	23	0.4
id-02456	5	5	6	0.2
id-02457	2	3	10	0.3
id-02458	7	13	14	0.3
id-02459	3	2	24	0.3
id-02460	3	6	18	0.4
id-02461	1	2	26	0.2
id-02462	7	3	11	0.2
id-02463	3	6	10	0.3
id-02464	2	4	12	0.3
id-02465	4	7	16	0.5
id-02466	7	8	18	0.4
id-02467	10	12	20	0.4
id-02468	9	5	16	0.4
id-02469	6	2	10	0.3
id-02470	4	8	21	0.4
id-02471	1	2	24	0.4
id-02472	5	7	5	0.4
id-02473	4	8	30	0.4
id-02474	4	2	2	0.3
id-02475	8	6	1	0.3
id-02476	5	2	6	0.2
id-02477	10	15	30	0.5
id-02478	1	2	21	0.5
id-02479	10	11	21	0.2
id-02480	2	3	4	0.2
id-02481	10	16	30	0.3
id-02482	2	4	6	0.4
id-02483	7	8	19	0.4
id-02484	3	3	7	0.4
id-02485	10	6	7	0.4
id-02486	9	4	21	0.3
id-02487	4	8	15	0.2
id-02488	3	3	30	0.2
id-02489	10	11	17	0.3
id-02490	3	6	19	0.2
id-02491	6	7	17	0.5
id-02492	4	4	4	0.4
id-02493	1	2	17	0.3
id-02494	7	8	30	0.5
id-02495	2	4	27	0.2
id-02496	5	7	30	0.3
id-02497	10	5	4	0.4
id-02498	8	5	28	0.5
id-02499	7	3	2	0.4
id-02500	1	2	3	0.4
id-02501	1	2	22	0.3
id-02502	4	6	15	0.3
id-02503	5	10	29	0.4
id-02504	8	6	8	0.4
id-02505	3	4	2	0.3
id-02506	10	8	21	0.3
id-02507	4	2	28	0.4
id-02508	9	5	9	0.5
id-02509	10	2	20	0.4
id-02510	3	6	30	0.2
id-02511	8	11	6	0.2
id-02512	8	9	18	0.2
id-02513	8	13	21	0.4
id-02514	3	2	12	0.2
id-02515	7	7	6	0.3
id-02516	1	2	18	0.3
id-02517	9	7	12	0.4
id-02518	2	2	12	0.4
id-02519	9	2	28	0.5
id-02520	6	5	4	0.3
id-02521	8	12	23	0.5
id-02522	7	13	11	0.4
id-02523	2	3	10	0.3
id-02524	7	9	26	0.3
id-02525	4	3	28	0.4
id-02526	5	5	4	0.4
id-02527	10	12	25	0.5
id-02528	1	2	23	0.4
id-02529	1	2	18	0.3
id-02530	3	4	6	0.5
id-02531	10	2	18	0.3
id-02532	6	4	15	0.2
id-02533	5	8	30	0.2
id-02534	1	2	22	0.3
id-02535	9	9	28	0.4
id-02536	3	3	19	0.4
id-02537	7	2	11	0.4
id-02538	8	16	4	0.2
id-02539	8	3	12	0.5
id-02540	4	7	18	0.5
id-02541	6	4	25	0.5
id-02542	9	16	14	0.3
id-02543	1	2	1	0.2
id-02544	5	4	26	0.3
id-02545	4	5	23	0.4
id-02546	6	8	23	0.4
id-02547	5	9	15	0.3
id-02548	9	12	16	0.4
id-02549	1	2	2	0.3
id-02550	4	8	29	0.3
id-02551	7	11	26	0.5
id-02552	2	3	13	0.2
id-02553	10	2	3	0.3
id-02554	1	2	7	0.5
id-02555	10	7	18	0.3
id-02556	4	2	28	0.2
id-02557	3	4	2	0.3
id-02558	3	3	30	0.4
id-02559	3	3	28	0.3
id-02560	7	2	10	0.4
id-02561	3	2	15	0.4
id-02562	8	14	11	0.5
id-02563	3	4	29	0.3
id-02564	10	11	21	0.4
id-02565	1	2	26	0.5
id-02566	2	3	28	0.3
id-02567	2	2	30	0.4
id-02568	2	2	21	0.5
id-02569	4	5	15	0.2
id-02570	3	2	4	0.3
id-02571	6	9	14	0.3
id-02572	5	10	12	0.3
id-02573	3	3	12	0.4
id-02574	10	11	30	0.3
id-02575	3	4	23	0.2
id-02576	3	2	4	0.3
id-02577	5	2	18	0.3
id-02578	10	6	25	0.2
id-02579	3	4	7	0.4
id-02580	1	2	30	0.4
id-02581	10	18	21	0.2
id-02582	2	3	14	0.5
id-02583	5	10	2	0.3
id-02584	6	3	3	0.5
id-02585	2	3	25	0.4
id-02586	6	6	6	0.3
id-02587	10	4	20	0.4
id-02588	9	10	26	0.4
id-02589	3	6	8	0.4
id-02590	8	11	28	0.5
id-02591	10	13	27	0.3
id-02592	4	8	5	0.4
id-02593	7	9	21	0.4
id-02594	1	2	4	0.4
id-02595	2	4	9	0.4
id-02596	8	15	12	0.5
id-02597	6	11	5	0.3
id-02598	9	14	2	0.4
id-02599	10	10	13	0.2
id-02600	10	4	27	0.4
id-02601	4	2	12	0.5
id-02602	5	8	15	0.3
id-02603	4	2	25	0.5
id-02604	7	14	28	0.3
id-02605	5	4	15	0.3
id-02606	8	16	15	0.3
id-02607	8	14	13	0.4
id-02608	8	15	12	0.4
id-02609	1	2	28	0.3
id-02610	6	3	4	0.2
id-02611	8	13	12	0.4
id-02612	3	6	7	0.5
id-02613	1	2	6	0.5
id-02614	8	6	15	0.5
id-02615	8	12	18	0.5
id-02616	5	10	22	0.3
id-02617	10	7	29	0.3
id-02618	2	4	23	0.4
id-02619	1	2	6	0.3
id-02620	4	5	16	0.3
id-02621	3	4	22	0.3
id-02622	4	3	13	0.5
id-02623	9	4	3	0.3
id-02624	1	2	5	0.4
id-02625	8	14	23	0.4
id-02626	7	8	7	0.2
id-02627	4	3	26	0.3
id-02628	8	13	28	0.5
id-02629	5	7	5	0.5
id-02630	3	2	28	0.5
id-02631	3	3	7	0.4
id-02632	3	4	19	0.4
id-02633	9	6	9	0.3
id-02634	10	11	30	0.5
id-02635	2	2	19	0.4
id-02636	7	12	12	0.3
id-02637	10	5	17	0.4
id-02638	7	13	1	0.3
id-02639	9	15	28	0.2
id-02640	3	4	7	0.4
id-02641	8	8	8	0.5
id-02642	3	5	26	0.2
id-02643	1	2	1	0.3
id-02644	8	3	1	0.5
id-02645	2	4	7	0.4
id-02646	4	5	8	0.3
id-02647	4	5	19	0.2
id-02648	7	8	2	0.4
id-02649	3	5	8	0.3
id-02650	7	8	27	0.4
id-02651	3	2	6	0.3
id-02652	6	12	25	0.3
id-02653	4	4	3	0.4
id-02654	6	5	25	0.4
id-02655	9	17	3	0.5
id-02656	5	2	19	0.3
id-02657	4	7	8	0.4
id-02658	9	17	29	0.3
id-02659	8	12	18	0.3
id-02660	9	6	11	0.5
id-02661	10	19	9	0.3
id-02662	7	14	25	0.2
id-02663	2	3	27	0.5
id-02664	5	5	17	0.4
id-02665	7	3	24	0.4
id-02666	9	5	9	0.2
id-02667	1	2	15	0.2
id-02668	10	8	5	0.4
id-02669	8	9	23	0.4
id-02670	4	6	21	0.4
id-02671	2	2	6	0.3
id-02672	3	2	25	0.2
id-02673	1	2	23	0.3
id-02674	1	2	29	0.3
id-02675	3	4	20	0.3
id-02676	1	2	30	0.3
id-02677	4	6	21	0.3
id-02678	1	2	11	0.3
id-02679	9	12	24	0.5
id-02680	8	13	30	0.3
id-02681	4	2	16	0.4
id-02682	9	12	7	0.4
id-02683	5	9	10	0.3
id-02684	9	10	21	0.2
id-02685	10	17	22	0.2
id-02686	6	7	17	0.2
id-02687	7	7	24	0.3
id-02688	1	2	11	0.5
id-02689	2	3	4	0.2
id-02690	2	2	10	0.4
id-02691	2	2	24	0.3
id-02692	8	4	11	0.4
id-02693	7	6	14	0.4
id-02694	9	9	23	0.3
id-02695	4	8	20	0.5
id-02696	4	6	24	0.3
id-02697	7	9	13	0.5
id-02698	2	2	28	0.4
id-02699	9	5	4	0.2
id-02700	9	9	26	0.4
id-02701	5	5	6	0.5
id-02702	1	2	14	0.3
id-02703	6	2	16	0.5
id-02704	10	13	14	0.3
id-02705	10	10	26	0.5
id-02706	7	8	23	0.4
id-02707	7	3	1	0.2
id-02708	9	11	21	0.2
id-02709	9	10	27	0.2
id-02710	8	5	29	0.3
id-02711	9	8	13	0.4
id-02712	9	10	14	0.3
id-02713	10	10	2	0.3
id-02714	7	12	6	0.5
id-02715	10	4	6	0.2
id-02716	10	20	3	0.4
id-02717	7	2	8	0.4
id-02718	5	4	5	0.3
id-02719	2	2	2	0.2
id-02720	9	15	8	0.3
id-02721	7	5	10	0.3
id-02722	10	9	30	0.2
id-02723	1	2	4	0.4
id-02724	9	9	9	0.4
id-02725	7	5	13	0.2
id-02726	2	2	10	0.3
id-02727	7	12	24	0.4
id-02728	8	12	23	0.5
id-02729	2	4	15	0.3
id-02730	9	6	23	0.2
id-02731	6	9	27	0.4
id-02732	2	3	29	0.4
id-02733	10	6	15	0.5
id-02734	9	4	26	0.3
id-02735	4	2	26	0.3
id-02736	3	6	9	0.2
id-02737	10	15	26	0.3
id-02738	5	6	18	0.5
id-02739	4	2	8	0.3
id-02740	7	7	19	0.4
id-02741	2	2	11	0.5
id-02742	2	4	19	0.3
id-02743	1	2	25	0.4
id-02744	3	4	15	0.3
id-02745	8	13	24	0.4
id-02746	7	14	1	0.3
id-02747	1	2	22	0.4
id-02748	3	6	20	0.3
id-02749	8	3	21	0.3
id-02750	6	11	18	0.4
id-02751	5	3	6	0.4
id-02752	10	8	4	0.4
id-02753	5	2	17	0.4
id-02754	9	3	13	0.2
id-02755	9	6	14	0.4
id-02756	4	8	6	0.5
id-02757	10	11	21	0.4
id-02758	6	8	26	0.3
id-02759	1	2	14	0.4
id-02760	6	2	19	0.4
id-02761	7	3	4	0.4
id-02762	9	9	17	0.3
id-02763	3	3	1	0.3
id-02764	8	14	30	0.5
id-02765	3	3	10	0.4
id-02766	6	8	19	0.4
id-02767	4	6	23	0.4
id-02768	1	2	5	0.4
id-02769	4	7	30	0.4
id-02770	2	2	4	0.4
id-02771	5	9	19	0.4
id-02772	2	2	6	0.5
id-02773	8	16	27	0.4
id-02774	8	4	27	0.4
id-02775	3	2	13	0.3
id-02776	8	9	25	0.2
id-02777	10	6	18	0.2
id-02778	10	6	4	0.5
id-02779	2	2	2	0.4
id-02780	2	3	5	0.4
id-02781	10	7	25	0.4
id-02782	4	2	24	0.5
id-02783	4	2	14	0.4
id-02784	6	2	10	0.2
id-02785	10	13	6	0.4
id-02786	7	10	22	0.2
id-02787	5	8	9	0.3
id-02788	1	2	4	0.5
id-02789	10	13	20	0.3
id-02790	4	8	17	0.3
id-02791	10	4	8	0.4
id-02792	5	5	13	0.4
id-02793	4	2	20	0.5
id-02794	6	3	4	0.4
id-02795	5	2	11	0.5
id-02796	10	11	30	0.4
id-02797	1	2	30	0.2
id-02798	2	4	26	0.4
id-02799	10	12	24	0.3
id-02800	4	8	8	0.4
id-02801	8	10	20	0.5
id-02802	7	7	2	0.5
id-02803	1	2	8	0.4
id-02804	5	7	11	0.4
id-02805	6	3	15	0.2
id-02806	7	2	25	0.2
id-02807	2	4	22	0.2
id-02808	5	6	2	0.4
id-02809	2	3	27	0.2
id-02810	8	12	6	0.3
id-02811	8	3	26	0.2
id-02812	6	8	8	0.4
id-02813	7	10	25	0.2
id-02814	9	8	10	0.4
id-02815	10	18	4	0.3
id-02816	7	13	26	0.4
id-02817	8	15	8	0.4
id-02818	9	17	3	0.3
id-02819	2	3	21	0.3
id-02820	9	4	12	0.3
id-02821	4	6	21	0.5
id-02822	1	2	21	0.3
id-02823	9	2	6	0.4
id-02824	7	11	18	0.3
id-02825	3	3	9	0.4
id-02826	6	5	28	0.3
id-02827	10	15	25	0.5
id-02828	10	8	15	0.4
id-02829	1	2	2	0.4
id-02830	5	9	29	0.2
id-02831	2	4	27	0.2
id-02832	6	3	22	0.4
id-02833	1	2	14	0.4
id-02834	1	2	18	0.2
id-02835	4	3	5	0.4
id-02836	4	3	14	0.3
id-02837	6	4	10	0.3
id-02838	8	5	15	0.5
id-02839	6	5	17	0.5
id-02840	4	8	30	0.4
id-02841	8	14	2	0.4
id-02842	6	4	3	0.5
id-02843	3	4	16	0.4
id-02844	10	10	13	0.4
id-02845	10	16	9	0.3
id-02846	5	3	25	0.2
id-02847	6	2	20	0.3
id-02848	3	2	27	0.4
id-02849	7	4	17	0.3
id-02850	5	8	17	0.5
id-02851	9	18	20	0.4
id-02852	1	2	23	0.4
id-02853	7	11	28	0.4
id-02854	10	16	10	0.3
id-02855	4	4	2	0.4
id-02856	8	11	1	0.3
id-02857	7	11	28	0.3
id-02858	7	13	12	0.3
id-02859	9	3	13	0.3
id-02860	8	12	27	0.3
id-02861	6	9	21	0.4
id-02862	4	5	8	0.3
id-02863	7	9	2	0.3
id-02864	5	2	9	0.3
id-02865	2	3	10	0.2
id-02866	8	5	7	0.2
id-02867	1	2	5	0.5
id-02868	3	6	28	0.4
id-02869	8	7	3	0.3
id-02870	2	4	15	0.3
id-02871	1	2	11	0.5
id-02872	5	6	23	0.4
id-02873	3	4	16	0.2
id-02874	9	4	13	0.2
id-02875	4	7	25	0.4
id-02876	6	12	22	0.4
id-02877	2	2	22	0.2
id-02878	9	14	2	0.3
id-02879	9	7	27	0.3
id-02880	10	19	18	0.3
id-02881	6	5	18	0.2
id-02882	7	2	5	0.4
id-02883	10	17	18	0.5
id-02884	8	3	12	0.4
id-02885	3	4	8	0.5
id-02886	3	5	1	0.4
id-02887	9	11	8	0.2
id-02888	7	4	11	0.3
id-02889	10	14	2	0.5
id-02890	9	13	14	0.5
id-02891	10	18	4	0.3
id-02892	1	2	7	0.4
id-02893	1	2	3	0.4
id-02894	5	5	6	0.4
id-02895	4	3	14	0.3
id-02896	5	5	5	0.4
id-02897	6	4	16	0.3
id-02898	10	13	10	0.3
id-02899	1	2	9	0.4
id-02900	6	7	28	0.3
id-02901	7	13	3	0.4
id-02902	6	6	20	0.4
id-02903	4	3	7	0.3
id-02904	10	18	21	0.4
id-02905	9	12	21	0.5
id-02906	6	5	18	0.4
id-02907	6	11	7	0.4
id-02908	10	6	10	0.4
id-02909	8	9	20	0.4
id-02910	10	14	9	0.4
id-02911	4	5	11	0.2
id-02912	2	3	15	0.4
id-02913	10	13	18	0.4
id-02914	7	6	15	0.3
id-02915	8	14	17	0.4
id-02916	8	3	17	0.4
id-02917	6	7	12	0.3
id-02918	8	7	24	0.3
id-02919	8	7	26	0.3
id-02920	5	10	11	0.5
id-02921	10	16	27	0.4
id-02922	3	5	19	0.3
id-02923	6	9	20	0.5
id-02924	10	6	2	0.5
id-02925	6	3	3	0.5
id-02926	3	5	18	0.5
id-02927	1	2	3	0.3
id-02928	4	7	25	0.3
id-02929	4	3	11	0.3
id-02930	5	10	9	0.3
id-02931	8	9	8	0.4
id-02932	10	3	11	0.2
id-02933	4	8	24	0.4
id-02934	2	4	23	0.5
id-02935	4	4	15	0.3
id-02936	7	7	6	0.3
id-02937	5	6	1	0.3
id-02938	9	12	5	0.3
id-02939	6	11	1	0.4
id-02940	3	4	19	0.2
id-02941	6	8	22	0.2
id-02942	5	7	17	0.5
id-02943	6	6	1	0.2
id-02944	2	2	15	0.5
id-02945	5	5	17	0.4
id-02946	4	2	12	0.3
id-02947	2	3	17	0.3
id-02948	1	2	13	0.2
id-02949	10	4	20	0.2
id-02950	2	3	22	0.3
id-02951	3	3	27	0.5
id-02952	2	4	12	0.2
id-02953	3	6	28	0.5
id-02954	4	3	11	0.3
id-02955	1	2	26	0.5
id-02956	4	7	1	0.5
id-02957	5	10	8	0.3
id-02958	10	19	15	0.3
id-02959	8	4	3	0.4
id-02960	2	4	7	0.3
id-02961	10	18	15	0.2
id-02962	6	12	30	0.3
id-02963	3	2	30	0.5
id-02964	7	3	26	0.5
id-02965	5	6	5	0.4
id-02966	9	18	13	0.2
id-02967	4	8	30	0.2
id-02968	4	3	8	0.2
id-02969	8	7	27	0.4
id-02970	3	5	22	0.5
id-02971	10	3	23	0.4
id-02972	1	2	25	0.3
id-02973	1	2	12	0.3
id-02974	10	4	26	0.4
id-02975	8	10	15	0.2
id-02976	6	12	7	0.5
id-02977	6	6	3	0.3
id-02978	1	2	4	0.4
id-02979	9	16	19	0.3
id-02980	3	3	6	0.3
id-02981	4	3	11	0.3
id-02982	1	2	22	0.4
id-02983	4	4	9	0.3
id-02984	6	5	13	0.2
id-02985	7	10	5	0.4
id-02986	6	9	20	0.5
id-02987	4	2	5	0.3
id-02988	2	4	26	0.4
id-02989	5	7	2	0.3
id-02990	6	3	25	0.4
id-02991	4	6	9	0.4
id-02992	10	6	22	0.3
id-02993	4	2	14	0.4
id-02994	6	5	27	0.4
id-02995	3	2	12	0.3
id-02996	8	10	23	0.2
id-02997	9	5	25	0.5
id-02998	3	4	3	0.4
id-02999	8	8	30	0.4
id-03000	1	2	20	0.3
id-03001	8	10	19	0.2
id-03002	7	2	19	0.2
id-03003	5	3	7	0.3
id-03004	7	11	20	0.3
id-03005	9	18	22	0.5
id-03006	10	7	11	0.5
id-03007	1	2	6	0.2
id-03008	4	3	10	0.3
id-03009	9	17	6	0.3
id-03010	3	3	21	0.4
id-03011	6	5	6	0.4
id-03012	1	2	12	0.3
id-03013	7	6	13	0.2
id-03014	2	2	23	0.5
id-03015	6	11	23	0.2
id-03016	3	5	24	0.3
id-03017	9	14	25	0.4
id-03018	8	9	15	0.4
id-03019	1	2	12	0.4
id-03020	10	20	23	0.4
id-03021	9	12	7	0.2
id-03022	6	8	25	0.4
id-03023	6	8	23	0.4
id-03024	8	4	27	0.4
id-03025	1	2	2	0.4
id-03026	3	3	25	0.4
id-03027	7	11	18	0.5
id-03028	7	11	25	0.2
id-03029	1	2	20	0.5
id-03030	8	11	10	0.2
id-03031	9	8	15	0.3
id-03032	1	2	6	0.4
id-03033	9	16	14	0.5
id-03034	3	4	24	0.2
id-03035	9	14	12	0.3
id-03036	6	4	23	0.2
id-03037	10	7	5	0.5
id-03038	3	2	16	0.3
id-03039	8	8	18	0.2
id-03040	10	17	18	0.5
id-03041	2	2	18	0.4
id-03042	4	3	17	0.5
id-03043	2	4	17	0.3
id-03044	6	12	29	0.3
id-03045	9	17	18	0.4
id-03046	3	4	6	0.4
id-03047	3	6	5	0.5
id-03048	8	4	15	0.2
id-03049	1	2	23	0.2
id-03050	2	2	3	0.2
id-03051	9	9	12	0.3
id-03052	10	2	2	0.5
id-03053	6	4	4	0.4
id-03054	9	6	28	0.4
id-03055	7	14	9	0.5
id-03056	10	10	20	0.5
id-03057	1	2	20	0.2
id-03058	5	8	9	0.2
id-03059	9	15	30	0.3
id-03060	10	17	11	0.3
id-03061	10	8	25	0.3
id-03062	10	17	16	0.5
id-03063	9	9	15	0.3
id-03064	4	8	29	0.5
id-03065	7	14	24	0.2
id-03066	1	2	22	0.4
id-03067	3	3	1	0.3
id-03068	3	5	8	0.4
id-03069	5	4	22	0.3
id-03070	2	2	21	0.5
id-03071	2	2	14	0.2
id-03072	5	7	9	0.3
id-03073	6	5	21	0.3
id-03074	3	2	27	0.4
id-03075	6	7	1	0.3
id-03076	4	3	14	0.3
id-03077	7	13	1	0.4
id-03078	5	10	1	0.3
id-03079	2	4	20	0.4
id-03080	6	7	29	0.3
id-03081	5	8	5	0.3
id-03082	1	2	23	0.2
id-03083	4	8	11	0.4
id-03084	4	5	25	0.3
id-03085	4	7	4	0.5
id-03086	7	4	3	0.3
id-03087	4	3	18	0.3
id-03088	2	2	28	0.3
id-03089	8	6	18	0.4
id-03090	4	6	25	0.4
id-03091	1	2	4	0.5
id-03092	7	8	8	0.4
id-03093	1	2	12	0.3
id-03094	7	12	11	0.3
id-03095	9	9	17	0.3
id-03096	1	2	23	0.3
id-03097	3	2	17	0.3
id-03098	7	2	8	0.3
id-03099	1	2	29	0.4
id-03100	5	9	28	0.4
id-03101	6	8	26	0.5
id-03102	2	4	29	0.3
id-03103	6	12	6	0.3
id-03104	4	3	5	0.5
id-03105	8	15	15	0.3
id-03106	6	7	12	0.4
id-03107	4	2	27	0.3
id-03108	9	5	25	0.4
id-03109	2	3	21	0.3
id-03110	3	3	18	0.3
id-03111	9	10	1	0.4
id-03112	9	8	1	0.4
id-03113	10	4	21	0.4
id-03114	2	4	26	0.3
id-03115	4	2	1	0.5
id-03116	6	6	24	0.2
id-03117	5	7	9	0.5
id-03118	6	10	21	0.4
id-03119	9	18	23	0.3
id-03120	10	19	8	0.3
id-03121	5	10	20	0.4
id-03122	7	3	29	0.5
id-03123	7	11	24	0.3
id-03124	4	6	25	0.3
id-03125	3	5	22	0.2
id-03126	10	19	6	0.5
id-03127	5	4	28	0.2
id-03128	2	3	8	0.2
id-03129	5	4	25	0.3
id-03130	10	9	9	0.4
id-03131	5	9	26	0.5
id-03132	1	2	14	0.4
id-03133	9	9	12	0.4
id-03134	7	13	13	0.3
id-03135	8	10	11	0.4
id-03136	5	8	25	0.2
id-03137	4	5	30	0.4
id-03138	7	11	4	0.4
id-03139	2	2	15	0.5
id-03140	10	14	25	0.4
id-03141	9	10	12	0.4
id-03142	10	20	21	0.4
id-03143	8	13	2	0.2
id-03144	2	4	26	0.3
id-03145	5	8	5	0.3
id-03146	1	2	7	0.5
id-03147	7	10	16	0.4
id-03148	9	5	28	0.4
id-03149	10	8	13	0.3
id-03150	7	11	3	0.4
id-03151	8	8	13	0.3
id-03152	3	6	7	0.4
id-03153	9	11	7	0.3
id-03154	2	3	8	0.5
id-03155	8	5	17	0.3
id-03156	10	6	20	0.4
id-03157	8	16	28	0.4
id-03158	9	4	19	0.3
id-03159	9	18	29	0.5
id-03160	6	3	15	0.4
id-03161	10	15	26	0.3
id-03162	4	4	16	0.3
id-03163	2	4	15	0.2
id-03164	8	8	3	0.3
id-03165	1	2	4	0.2
id-03166	4	4	25	0.3
id-03167	5	8	25	0.4
id-03168	9	15	23	0.5
id-03169	7	2	9	0.4
id-03170	1	2	22	0.4
id-03171	10	16	4	0.3
id-03172	4	5	4	0.3
id-03173	3	6	22	0.4
id-03174	7	3	8	0.3
id-03175	7	10	4	0.3
id-03176	4	4	5	0.2
id-03177	6	7	19	0.3
id-03178	8	7	1	0.2
id-03179	1	2	11	0.5
id-03180	7	10	25	0.5
id-03181	10	4	28	0.5
id-03182	1	2	16	0.4
id-03183	4	7	27	0.3
id-03184	8	13	7	0.5
id-03185	6	2	27	0.4
id-03186	1	2	1	0.4
id-03187	3	6	26	0.4
id-03188	10	2	2	0.4
id-03189	5	9	16	0.3
id-03190	9	17	29	0.4
id-03191	8	4	22	0.3
id-03192	5	3	11	0.4
id-03193	7	2	16	0.2
id-03194	6	3	15	0.3
id-03195	2	3	18	0.5
id-03196	2	3	2	0.3
id-03197	9	14	6	0.4
id-03198	4	2	22	0.3
id-03199	1	2	25	0.3
id-03200	8	15	26	0.3
id-03201	10	3	26	0.2
id-03202	8	11	4	0.4
id-03203	4	5	29	0.3
id-03204	5	7	6	0.3
id-03205	8	12	27	0.2
id-03206	9	15	19	0.5
id-03207	7	12	18	0.2
id-03208	9	18	26	0.5
id-03209	6	8	30	0.5
id-03210	10	12	24	0.3
id-03211	2	2	18	0.3
id-03212	10	15	9	0.3
id-03213	9	5	14	0.3
id-03214	3	3	19	0.5
id-03215	4	4	24	0.4
id-03216	1	2	4	0.3
id-03217	10	8	1	0.5
id-03218	8	7	30	0.4
id-03219	1	2	12	0.3
id-03220	6	5	15	0.4
id-03221	6	7	27	0.3
id-03222	2	4	10	0.2
id-03223	9	11	7	0.5
id-03224	10	6	24	0.2
id-03225	9	4	9	0.3
id-03226	9	5	29	0.4
id-03227	7	13	10	0.4
id-03228	9	16	1	0.3
id-03229	6	7	6	0.2
id-03230	10	11	11	0.4
id-03231	1	2	27	0.3
id-03232	2	2	23	0.3
id-03233	1	2	20	0.4
id-03234	4	7	30	0.3
id-03235	8	8	29	0.4
id-03236	7	5	16	0.4
id-03237	6	4	6	0.4
id-03238	9	6	22	0.3
id-03239	10	9	12	0.4
id-03240	3	2	30	0.3
id-03241	7	5	9	0.4
id-03242	5	9	19	0.3
id-03243	4	5	28	0.3
id-03244	6	11	18	0.3
id-03245	10	12	29	0.5
id-03246	4	3	18	0.4
id-03247	6	5	28	0.5
id-03248	4	5	15	0.5
id-03249	2	3	21	0.4
id-03250	5	10	17	0.4
id-03251	1	2	14	0.3
id-03252	7	9	10	0.4
id-03253	2	2	21	0.2
id-03254	8	13	2	0.3
id-03255	8	8	26	0.3
id-03256	8	8	25	0.5
id-03257	1	2	24	0.3
id-03258	9	5	6	0.3
id-03259	2	2	9	0.4
id-03260	7	14	17	0.5
id-03261	4	8	26	0.4
id-03262	9	9	10	0.4
id-03263	5	2	20	0.3
id-03264	4	6	15	0.3
id-03265	1	2	13	0.5
id-03266	10	6	13	0.3
id-03267	6	9	8	0.3
id-03268	4	6	4	0.4
id-03269	6	7	10	0.5
id-03270	8	2	19	0.5
id-03271	8	16	18	0.4
id-03272	1	2	28	0.3
id-03273	4	8	10	0.5
id-03274	6	7	5	0.4
id-03275	8	7	26	0.3
id-03276	9	8	25	0.2
id-03277	6	11	29	0.2
id-03278	1	2	20	0.3
id-03279	6	12	14	0.4
id-03280	4	7	21	0.3
id-03281	10	12	24	0.3
id-03282	1	2	16	0.3
id-03283	6	6	8	0.3
id-03284	2	3	26	0.3
id-03285	6	12	14	0.3
id-03286	10	16	24	0.3
id-03287	1	2	17	0.4
id-03288	3	4	22	0.5
id-03289	8	9	19	0.5
id-03290	10	2	16	0.2
id-03291	2	3	20	0.4
id-03292	2	2	20	0.5
id-03293	8	11	4	0.4
id-03294	6	4	3	0.3
id-03295	5	4	19	0.4
id-03296	9	18	23	0.3
id-03297	1	2	13	0.4
id-03298	5	7	16	0.3
id-03299	2	2	18	0.4
id-03300	5	4	3	0.5
id-03301	10	2	30	0.4
id-03302	3	2	27	0.5
id-03303	1	2	5	0.4
id-03304	8	15	2	0.2
id-03305	9	18	18	0.3
id-03306	10	20	23	0.4
id-03307	3	4	15	0.5
id-03308	4	8	14	0.4
id-03309	3	6	22	0.3
id-03310	3	4	16	0.5
id-03311	3	5	8	0.5
id-03312	9	7	19	0.5
id-03313	7	14	22	0.2
id-03314	7	3	22	0.5
id-03315	9	4	18	0.3
id-03316	3	5	21	0.4
id-03317	9	18	6	0.2
id-03318	10	8	7	0.3
id-03319	2	4	19	0.5
id-03320	3	3	15	0.3
id-03321	3	5	7	0.4
id-03322	4	6	1	0.2
id-03323	1	2	12	0.4
id-03324	10	19	18	0.3
id-03325	7	13	25	0.4
id-03326	8	7	11	0.3
id-03327	10	14	28	0.4
id-03328	9	5	26	0.3
id-03329	10	5	16	0.3
id-03330	9	16	3	0.3
id-03331	7	10	23	0.3
id-03332	2	4	22	0.3
id-03333	2	4	27	0.5
id-03334	4	6	7	0.4
id-03335	8	2	1	0.2
id-03336	8	16	25	0.3
id-03337	5	10	13	0.4
id-03338	10	14	27	0.2
id-03339	9	14	26	0.3
id-03340	8	10	2	0.3
id-03341	6	6	14	0.4
id-03342	4	8	15	0.4
id-03343	10	18	28	0.3
id-03344	9	18	25	0.4
id-03345	6	9	16	0.3
id-03346	8	3	10	0.4
id-03347	10	14	25	0.3
id-03348	8	6	17	0.4
id-03349	5	8	20	0.4
id-03350	8	5	30	0.2
id-03351	1	2	7	0.2
id-03352	2	3	14	0.4
id-03353	4	5	7	0.5
id-03354	5	8	21	0.5
id-03355	2	4	7	0.4
id-03356	1	2	7	0.5
id-03357	1	2	7	0.2
id-03358	1	2	1	0.2
id-03359	8	11	4	0.2
id-03360	7	4	26	0.3
id-03361	6	9	4	0.4
id-03362	7	2	21	0.3
id-03363	7	9	3	0.3
id-03364	10	2	25	0.5
id-03365	10	14	11	0.4
id-03366	10	17	15	0.4
id-03367	3	3	13	0.2
id-03368	7	12	1	0.5
id-03369	2	2	15	0.4
id-03370	3	2	23	0.4
id-03371	1	2	14	0.3
id-03372	1	2	10	0.4
id-03373	4	7	21	0.4
id-03374	10	16	16	0.2
id-03375	9	11	30	0.4
id-03376	10	8	25	0.2
id-03377	5	7	23	0.4
id-03378	3	6	28	0.3
id-03379	6	7	27	0.5
id-03380	7	7	11	0.4
id-03381	7	12	22	0.4
id-03382	4	8	8	0.4
id-03383	9	16	29	0.2
id-03384	5	5	16	0.3
id-03385	7	3	22	0.5
id-03386	3	5	6	0.2
id-03387	5	4	13	0.3
id-03388	6	3	11	0.5
id-03389	9	14	23	0.4
id-03390	6	7	14	0.4
id-03391	3	5	24	0.3
id-03392	2	4	27	0.5
id-03393	1	2	10	0.4
id-03394	8	15	12	0.2
id-03395	9	5	5	0.3
id-03396	10	8	21	0.4
id-03397	10	9	15	0.3
id-03398	9	8	18	0.5
id-03399	1	2	11	0.5
id-03400	5	7	2	0.4
id-03401	8	5	1	0.5
id-03402	9	12	14	0.3
id-03403	3	5	19	0.3
id-03404	8	6	26	0.2
id-03405	4	7	27	0.3
id-03406	5	4	9	0.4
id-03407	7	7	19	0.2
id-03408	1	2	15	0.4
id-03409	5	10	9	0.2
id-03410	3	3	7	0.3
id-03411	9	15	4	0.4
id-03412	2	3	26	0.2
id-03413	4	5	22	0.4
id-03414	4	5	13	0.4
id-03415	7	4	7	0.4
id-03416	6	3	6	0.2
id-03417	5	5	23	0.4
id-03418	4	2	19	0.5
id-03419	4	8	30	0.3
id-03420	8	9	7	0.5
id-03421	7	6	17	0.3
id-03422	5	3	8	0.2
id-03423	2	4	12	0.3
id-03424	6	11	24	0.2
id-03425	6	8	8	0.3
id-03426	3	4	14	0.4
id-03427	1	2	21	0.5
id-03428	9	6	3	0.3
id-03429	5	7	17	0.4
id-03430	5	10	21	0.2
id-03431	7	13	10	0.4
id-03432	9	11	12	0.5
id-03433	6	5	2	0.4
id-03434	2	4	23	0.2
id-03435	8	15	4	0.4
id-03436	7	5	29	0.3
id-03437	5	9	2	0.5
id-03438	8	14	30	0.5
id-03439	10	8	16	0.4
id-03440	3	3	18	0.4
id-03441	8	7	3	0.2
id-03442	2	2	26	0.3
id-03443	9	11	20	0.3
id-03444	5	5	5	0.3
id-03445	7	11	22	0.3
id-03446	5	4	6	0.4
id-03447	10	5	6	0.3
id-03448	10	6	18	0.5
id-03449	8	4	12	0.4
id-03450	8	14	17	0.2
id-03451	6	10	18	0.3
id-03452	8	2	10	0.4
id-03453	2	2	13	0.4
id-03454	6	12	22	0.3
id-03455	1	2	20	0.5
id-03456	1	2	23	0.2
id-03457	9	13	5	0.4
id-03458	8	11	23	0.3
id-03459	9	3	7	0.5
id-03460	5	2	24	0.3
id-03461	8	5	14	0.5
id-03462	10	2	15	0.4
id-03463	4	8	30	0.3
id-03464	5	9	10	0.2
id-03465	7	2	19	0.4
id-03466	2	4	13	0.2
id-03467	10	18	2	0.5
id-03468	2	2	28	0.4
id-03469	4	2	5	0.3
id-03470	1	2	4	0.4
id-03471	4	3	4	0.2
id-03472	9	8	18	0.4
id-03473	9	15	6	0.4
id-03474	2	4	5	0.5
id-03475	6	3	17	0.4
id-03476	1	2	3	0.4
id-03477	10	17	27	0.5
id-03478	5	8	3	0.4
id-03479	7	14	24	0.3
id-03480	9	4	18	0.4
id-03481	5	6	14	0.4
id-03482	9	8	1	0.4
id-03483	8	10	22	0.3
id-03484	10	11	8	0.4
id-03485	6	11	26	0.3
id-03486	6	2	21	0.3
id-03487	9	12	26	0.4
id-03488	1	2	19	0.4
id-03489	3	6	10	0.3
id-03490	10	2	15	0.2
id-03491	10	17	23	0.2
id-03492	6	9	14	0.4
id-03493	1	2	12	0.3
id-03494	9	14	7	0.3
id-03495	8	14	22	0.4
id-03496	8	3	24	0.3
id-03497	10	14	25	0.2
id-03498	9	10	12	0.4
id-03499	7	7	13	0.4
id-03500	6	11	29	0.3
id-03501	3	2	17	0.4
id-03502	2	2	16	0.3
id-03503	1	2	28	0.4
id-03504	7	6	24	0.2
id-03505	1	2	28	0.3
id-03506	8	16	9	0.3
id-03507	2	4	1	0.3
id-03508	7	6	18	0.2
id-03509	10	9	11	0.3
id-03510	9	8	16	0.3
id-03511	2	2	3	0.2
id-03512	5	6	29	0.5
id-03513	2	2	18	0.5
id-03514	1	2	28	0.5
id-03515	2	2	20	0.4
id-03516	6	4	7	0.4
id-03517	4	8	7	0.4
id-03518	1	2	13	0.5
id-03519	6	8	21	0.3
id-03520	6	2	10	0.2
id-03521	8	9	2	0.2
id-03522	3	3	20	0.3
id-03523	10	12	28	0.3
id-03524	7	4	2	0.4
id-03525	9	18	30	0.3
id-03526	6	9	29	0.2
id-03527	3	5	18	0.3
id-03528	5	9	9	0.3
id-03529	8	11	3	0.4
id-03530	8	9	9	0.4
id-03531	10	19	28	0.2
id-03532	10	11	3	0.3
id-03533	8	2	18	0.4
id-03534	5	3	2	0.4
id-03535	6	8	20	0.3
id-03536	9	15	10	0.3
id-03537	2	3	15	0.5
id-03538	2	3	11	0.3
id-03539	2	2	3	0.5
id-03540	9	17	21	0.5
id-03541	7	5	19	0.4
id-03542	2	3	2	0.4
id-03543	4	3	13	0.3
id-03544	5	2	13	0.4
id-03545	5	3	16	0.2
id-03546	2	3	19	0.3
id-03547	8	2	8	0.5
id-03548	2	4	26	0.4
id-03549	7	5	15	0.3
id-03550	4	3	17	0.4
id-03551	5	3	11	0.4
id-03552	1	2	27	0.2
id-03553	4	4	30	0.2
id-03554	2	4	13	0.4
id-03555	9	8	14	0.5
id-03556	9	16	3	0.4
id-03557	1	2	29	0.5
id-03558	4	8	26	0.3
id-03559	9	7	21	0.2
id-03560	3	3	7	0.5
id-03561	9	8	4	0.3
id-03562	7	6	4	0.2
id-03563	10	16	7	0.5
id-03564	2	3	8	0.4
id-03565	8	10	6	0.3
id-03566	6	3	5	0.3
id-03567	6	6	22	0.4
id-03568	6	2	5	0.4
id-03569	6	6	23	0.3
id-03570	1	2	1	0.3
id-03571	8	9	28	0.3
id-03572	8	2	25	0.4
id-03573	1	2	8	0.3
id-03574	4	4	19	0.2
id-03575	5	5	11	0.3
id-03576	7	8	30	0.4
id-03577	1	2	6	0.4
id-03578	1	2	24	0.5
id-03579	5	2	14	0.3
id-03580	10	15	7	0.4
id-03581	6	11	12	0.4
id-03582	9	4	25	0.3
id-03583	10	15	21	0.3
id-03584	4	2	12	0.5
id-03585	5	2	26	0.2
id-03586	5	7	24	0.2
id-03587	9	18	27	0.2
id-03588	5	4	7	0.5
id-03589	3	2	16	0.5
id-03590	3	4	15	0.5
id-03591	6	2	12	0.3
id-03592	2	4	27	0.4
id-03593	4	4	23	0.4
id-03594	9	11	11	0.3
id-03595	5	6	7	0.3
id-03596	8	4	12	0.5
id-03597	3	3	28	0.3
id-03598	10	9	25	0.4
id-03599	1	2	11	0.5
id-03600	9	16	10	0.2
id-03601	7	5	18	0.2
id-03602	8	6	30	0.3
id-03603	8	4	3	0.4
id-03604	10	19	1	0.4
id-03605	6	8	4	0.3
id-03606	5	8	20	0.4
id-03607	7	8	13	0.4
id-03608	6	4	13	0.3
id-03609	6	10	20	0.3
id-03610	1	2	30	0.3
id-03611	4	2	30	0.3
id-03612	5	10	10	0.4
id-03613	8	3	23	0.2
id-03614	7	8	17	0.3
id-03615	6	3	8	0.5
id-03616	9	9	10	0.5
id-03617	5	5	6	0.4
id-03618	6	12	26	0.4
id-03619	10	8	13	0.5
id-03620	8	12	16	0.3
id-03621	4	5	2	0.2
id-03622	2	4	3	0.2
id-03623	7	2	12	0.4
id-03624	8	12	27	0.2
id-03625	9	11	16	0.5
id-03626	2	3	23	0.3
id-03627	7	3	2	0.2
id-03628	5	2	6	0.4
id-03629	9	12	25	0.3
id-03630	10	19	5	0.3
id-03631	2	2	9	0.4
id-03632	2	4	19	0.4
id-03633	9	5	29	0.4
id-03634	2	4	2	0.2
id-03635	3	2	3	0.4
id-03636	1	2	27	0.5
id-03637	10	9	9	0.5
id-03638	9	6	3	0.2
id-03639	9	11	23	0.4
id-03640	2	4	13	0.4
id-03641	2	4	29	0.4
id-03642	3	5	22	0.3
id-03643	7	4	25	0.3
id-03644	9	16	28	0.3
id-03645	1	2	10	0.4
id-03646	9	9	6	0.2
id-03647	7	14	27	0.4
id-03648	9	14	30	0.4
id-03649	7	3	4	0.3
id-03650	3	4	28	0.3
id-03651	5	10	2	0.2
id-03652	8	2	13	0.5
id-03653	3	6	22	0.3
id-03654	7	14	7	0.2
id-03655	5	9	11	0.4
id-03656	10	16	17	0.2
id-03657	5	6	27	0.3
id-03658	8	2	10	0.5
id-03659	9	4	28	0.3
id-03660	9	6	21	0.3
id-03661	7	6	14	0.4
id-03662	7	10	16	0.2
id-03663	5	5	9	0.5
id-03664	4	8	2	0.4
id-03665	1	2	5	0.3
id-03666	2	4	3	0.5
id-03667	9	11	29	0.4
id-03668	8	2	29	0.4
id-03669	5	7	4	0.4
id-03670	5	9	26	0.4
id-03671	8	15	11	0.5
id-03672	3	6	22	0.3
id-03673	5	8	28	0.5
id-03674	6	3	29	0.2
id-03675	1	2	21	0.4
id-03676	10	17	8	0.5
id-03677	10	4	5	0.5
id-03678	4	7	22	0.3
id-03679	5	3	7	0.4
id-03680	1	2	10	0.3
id-03681	4	4	18	0.5
id-03682	10	18	29	0.4
id-03683	9	8	28	0.3
id-03684	3	3	3	0.4
id-03685	6	10	11	0.5
id-03686	5	5	26	0.4
id-03687	4	5	6	0.4
id-03688	10	12	13	0.3
id-03689	2	4	2	0.4
id-03690	8	12	28	0.5
id-03691	10	4	28	0.3
id-03692	2	4	27	0.5
id-03693	4	4	20	0.4
id-03694	9	15	24	0.2
id-03695	6	4	27	0.3
id-03696	7	4	21	0.4
id-03697	10	13	12	0.4
id-03698	5	9	4	0.5
id-03699	8	11	15	0.4
id-03700	5	7	21	0.4
id-03701	5	6	2	0.3
id-03702	1	2	9	0.5
id-03703	5	3	21	0.4
id-03704	1	2	6	0.3
id-03705	2	3	10	0.3
id-03706	8	10	29	0.4
id-03707	8	13	24	0.4
id-03708	9	13	23	0.4
id-03709	3	3	5	0.4
id-03710	5	5	11	0.4
id-03711	6	12	13	0.4
id-03712	3	5	22	0.4
id-03713	5	9	12	0.5
id-03714	4	6	14	0.3
id-03715	5	9	15	0.3
id-03716	9	8	15	0.3
id-03717	10	12	17	0.4
id-03718	1	2	29	0.3
id-03719	6	10	4	0.2
id-03720	8	11	14	0.3
id-03721	3	2	22	0.5
id-03722	10	7	16	0.2
id-03723	4	3	25	0.4
id-03724	6	6	1	0.4
id-03725	5	3	5	0.4
id-03726	1	2	12	0.3
id-03727	6	5	24	0.3
id-03728	4	5	30	0.5
id-03729	10	20	20	0.3
id-03730	5	8	22	0.3
id-03731	6	8	18	0.3
id-03732	1	2	20	0.4
id-03733	9	18	8	0.2
id-03734	10	10	30	0.4
id-03735	7	12	14	0.3
id-03736	8	7	13	0.3
id-03737	2	2	15	0.5
id-03738	2	4	22	0.5
id-03739	3	3	29	0.5
id-03740	10	5	26	0.2
id-03741	2	4	30	0.3
id-03742	2	2	28	0.4
id-03743	3	4	4	0.4
id-03744	3	5	24	0.3
id-03745	9	18	5	0.4
id-03746	5	9	24	0.5
id-03747	2	3	1	0.3
id-03748	2	2	26	0.4
id-03749	3	6	30	0.4
id-03750	4	5	23	0.3
id-03751	9	3	10	0.3
id-03752	9	13	24	0.5
id-03753	4	6	12	0.2
id-03754	10	13	30	0.5
id-03755	10	13	15	0.5
id-03756	5	3	9	0.4
id-03757	10	14	11	0.4
id-03758	8	2	1	0.4
id-03759	8	15	13	0.2
id-03760	5	5	7	0.5
id-03761	3	5	15	0.3
id-03762	1	2	13	0.3
id-03763	3	5	6	0.5
id-03764	2	2	3	0.3
id-03765	10	5	6	0.2
id-03766	9	13	15	0.2
id-03767	10	20	26	0.4
id-03768	9	5	9	0.5
id-03769	10	14	25	0.2
id-03770	10	6	11	0.4
id-03771	6	2	27	0.3
id-03772	7	6	23	0.2
id-03773	10	3	10	0.4
id-03774	7	12	28	0.3
id-03775	3	6	25	0.5
id-03776	6	5	26	0.3
id-03777	3	5	20	0.3
id-03778	4	2	24	0.3
id-03779	8	9	12	0.4
id-03780	3	3	23	0.3
id-03781	3	5	4	0.2
id-03782	7	13	7	0.2
id-03783	7	8	7	0.5
id-03784	7	8	22	0.3
id-03785	7	14	14	0.4
id-03786	4	8	26	0.2
id-03787	3	2	28	0.3
id-03788	4	6	14	0.3
id-03789	5	9	17	0.4
id-03790	8	13	10	0.2
id-03791	10	14	20	0.4
id-03792	8	2	25	0.3
id-03793	3	6	12	0.3
id-03794	6	12	30	0.3
id-03795	7	11	16	0.4
id-03796	1	2	30	0.4
id-03797	2	2	4	0.4
id-03798	1	2	30	0.4
id-03799	1	2	17	0.5
id-03800	1	2	9	0.3
id-03801	4	5	19	0.4
id-03802	8	15	5	0.3
id-03803	5	7	13	0.4
id-03804	3	6	6	0.5
id-03805	6	7	6	0.2
id-03806	5	9	22	0.2
id-03807	3	6	10	0.2
id-03808	1	2	6	0.5
id-03809	2	2	28	0.3
id-03810	3	4	11	0.3
id-03811	7	4	4	0.4
id-03812	3	6	13	0.4
id-03813	3	4	6	0.5
id-03814	1	2	22	0.2
id-03815	7	3	4	0.2
id-03816	9	14	14	0.5
id-03817	3	6	20	0.4
id-03818	1	2	27	0.4
id-03819	6	5	18	0.4
id-03820	10	12	4	0.4
id-03821	10	4	27	0.3
id-03822	6	12	15	0.3
id-03823	9	15	27	0.2
id-03824	9	14	28	0.5
id-03825	1	2	26	0.3
id-03826	5	4	21	0.2
id-03827	5	7	18	0.2
id-03828	2	4	27	0.3
id-03829	1	2	21	0.3
id-03830	5	8	23	0.3
id-03831	10	2	12	0.3
id-03832	3	5	27	0.4
id-03833	9	3	3	0.2
id-03834	8	8	7	0.3
id-03835	8	6	15	0.4
id-03836	5	9	25	0.5
id-03837	2	2	13	0.3
id-03838	3	6	11	0.4
id-03839	8	8	10	0.3
id-03840	2	4	15	0.3
id-03841	3	3	5	0.4
id-03842	1	2	13	0.3
id-03843	6	3	26	0.4
id-03844	6	6	9	0.3
id-03845	8	5	19	0.3
id-03846	2	3	2	0.3
id-03847	8	8	14	0.3
id-03848	4	5	9	0.5
id-03849	9	12	5	0.3
id-03850	6	7	11	0.5
id-03851	3	3	18	0.5
id-03852	5	5	1	0.2
id-03853	4	7	2	0.3
id-03854	7	11	1	0.3
id-03855	2	2	12	0.4
id-03856	3	6	25	0.5
id-03857	6	12	10	0.4
id-03858	5	7	15	0.4
id-03859	3	3	30	0.4
id-03860	1	2	8	0.3
id-03861	5	7	15	0.5
id-03862	9	8	24	0.5
id-03863	6	2	30	0.4
id-03864	5	5	2	0.3
id-03865	9	17	26	0.2
id-03866	9	2	28	0.3
id-03867	6	4	13	0.2
id-03868	1	2	14	0.3
id-03869	2	3	16	0.5
id-03870	2	3	19	0.4
id-03871	10	9	20	0.4
id-03872	9	11	3	0.3
id-03873	1	2	25	0.4
id-03874	5	8	24	0.4
id-03875	1	2	30	0.4
id-03876	10	6	28	0.3
id-03877	8	16	4	0.3
id-03878	3	2	23	0.2
id-03879	10	5	21	0.5
id-03880	1	2	30	0.5
id-03881	9	15	11	0.4
id-03882	5	6	17	0.4
id-03883	5	5	22	0.4
id-03884	6	6	25	0.4
id-03885	6	5	23	0.5
id-03886	7	9	18	0.3
id-03887	7	9	9	0.5
id-03888	6	4	2	0.3
id-03889	3	4	17	0.3
id-03890	6	4	1	0.3
id-03891	4	8	20	0.3
id-03892	10	2	19	0.5
id-03893	8	9	3	0.3
id-03894	10	16	30	0.3
id-03895	7	8	16	0.4
id-03896	10	20	17	0.5
id-03897	10	11	17	0.4
id-03898	6	9	12	0.2
id-03899	3	5	3	0.3
id-03900	10	8	27	0.4
id-03901	7	12	29	0.4
id-03902	8	13	18	0.3
id-03903	5	8	16	0.3
id-03904	1	2	9	0.4
id-03905	2	2	16	0.3
id-03906	4	7	29	0.4
id-03907	1	2	10	0.3
id-03908	7	13	8	0.3
id-03909	1	2	18	0.3
id-03910	6	4	29	0.5
id-03911	2	3	29	0.4
id-03912	9	3	23	0.5
id-03913	1	2	11	0.5
id-03914	10	11	20	0.4
id-03915	8	15	7	0.5
id-03916	9	18	26	0.4
id-03917	2	2	21	0.2
id-03918	9	8	13	0.3
id-03919	10	12	9	0.4
id-03920	6	3	10	0.2
id-03921	8	5	30	0.4
id-03922	2	2	6	0.3
id-03923	10	7	11	0.5
id-03924	9	12	12	0.2
id-03925	4	3	6	0.3
id-03926	4	8	26	0.4
id-03927	9	4	3	0.3
id-03928	3	5	29	0.4
id-03929	8	12	22	0.2
id-03930	2	4	15	0.4
id-03931	3	6	5	0.2
id-03932	9	2	21	0.4
id-03933	7	10	11	0.5
id-03934	10	16	12	0.4
id-03935	3	4	2	0.4
id-03936	5	10	29	0.3
id-03937	6	2	29	0.3
id-03938	6	2	20	0.2
id-03939	1	2	3	0.3
id-03940	8	8	26	0.4
id-03941	2	3	4	0.3
id-03942	1	2	19	0.4
id-03943	7	5	8	0.2
id-03944	8	10	10	0.2
id-03945	10	7	19	0.3
id-03946	1	2	13	0.2
id-03947	8	3	20	0.2
id-03948	7	14	18	0.4
id-03949	9	9	26	0.2
id-03950	7	2	6	0.4
id-03951	2	4	16	0.3
id-03952	4	7	29	0.2
id-03953	5	9	26	0.3
id-03954	7	10	12	0.4
id-03955	10	19	14	0.3
id-03956	1	2	11	0.4
id-03957	2	4	10	0.4
id-03958	7	4	19	0.5
id-03959	6	7	5	0.4
id-03960	2	4	20	0.2
id-03961	7	12	9	0.3
id-03962	10	14	28	0.3
id-03963	1	2	2	0.4
id-03964	10	19	4	0.4
id-03965	5	6	23	0.3
id-03966	9	9	20	0.5
id-03967	2	3	29	0.4
id-03968	2	4	26	0.2
id-03969	6	4	16	0.5
id-03970	2	2	29	0.3
id-03971	8	14	3	0.4
id-03972	8	4	22	0.4
id-03973	8	2	6	0.3
id-03974	2	3	29	0.5
id-03975	3	6	29	0.4
id-03976	3	5	22	0.4
id-03977	1	2	19	0.4
id-03978	1	2	22	0.4
id-03979	10	7	23	0.4
id-03980	8	4	11	0.3
id-03981	2	3	14	0.4
id-03982	9	10	17	0.4
id-03983	7	11	11	0.3
id-03984	8	14	29	0.2
id-03985	2	3	12	0.3
id-03986	3	3	16	0.5
id-03987	8	13	30	0.2
id-03988	7	4	11	0.5
id-03989	4	8	18	0.2
id-03990	9	4	15	0.5
id-03991	2	3	2	0.3
id-03992	2	2	26	0.4
id-03993	5	4	11	0.2
id-03994	7	10	10	0.4
id-03995	3	5	13	0.4
id-03996	7	2	11	0.4
id-03997	8	6	15	0.4
id-03998	8	3	29	0.3
id-03999	4	3	29	0.4
id-04000	7	12	22	0.3
id-04001	1	2	19	0.2
id-04002	6	11	22	0.4
id-04003	4	3	29	0.3
id-04004	6	7	26	0.3
id-04005	4	7	19	0.3
id-04006	1	2	7	0.5
id-04007	6	5	6	0.5
id-04008	6	10	4	0.2
id-04009	9	16	24	0.3
id-04010	3	5	1	0.4
id-04011	1	2	29	0.4
id-04012	9	6	26	0.5
id-04013	10	18	29	0.3
id-04014	5	3	23	0.3
id-04015	10	2	6	0.5
id-04016	8	10	25	0.3
id-04017	9	8	11	0.3
id-04018	7	13	20	0.4
id-04019	3	2	9	0.4
id-04020	2	3	11	0.2
id-04021	7	3	18	0.4
id-04022	2	3	28	0.4
id-04023	5	2	30	0.4
id-04024	5	5	27	0.3
id-04025	6	2	5	0.4
id-04026	6	4	3	0.3
id-04027	1	2	29	0.3
id-04028	1	2	2	0.2
id-04029	9	15	16	0.3
id-04030	4	5	20	0.3
id-04031	5	4	22	0.2
id-04032	6	8	2	0.5
id-04033	5	10	27	0.4
id-04034	6	6	30	0.5
id-04035	9	10	24	0.3
id-04036	7	8	29	0.3
id-04037	10	12	9	0.4
id-04038	7	14	11	0.2
id-04039	3	5	26	0.4
id-04040	4	7	27	0.4
id-04041	9	7	21	0.4
id-04042	4	5	16	0.3
id-04043	10	14	17	0.5
id-04044	4	7	27	0.3
id-04045	3	4	29	0.4
id-04046	8	16	25	0.4
id-04047	3	5	4	0.2
id-04048	3	3	15	0.4
id-04049	5	7	20	0.3
id-04050	5	4	26	0.4
id-04051	5	4	2	0.5
id-04052	4	4	4	0.3
id-04053	3	3	28	0.3
id-04054	4	5	9	0.3
id-04055	8	7	16	0.3
id-04056	2	3	3	0.4
id-04057	5	2	15	0.4
id-04058	8	14	16	0.3
id-04059	10	19	16	0.5
id-04060	7	2	30	0.3
id-04061	2	3	27	0.5
id-04062	3	2	27	0.2
id-04063	7	3	24	0.4
id-04064	1	2	25	0.3
id-04065	4	4	28	0.4
id-04066	3	2	3	0.2
id-04067	1	2	24	0.3
id-04068	1	2	9	0.4
id-04069	2	4	16	0.4
id-04070	8	14	2	0.3
id-04071	7	13	6	0.5
id-04072	4	4	7	0.3
id-04073	10	9	21	0.3
id-04074	1	2	2	0.3
id-04075	6	3	2	0.5
id-04076	3	2	9	0.4
id-04077	4	2	20	0.4
id-04078	7	2	21	0.4
id-04079	6	12	28	0.5
id-04080	5	4	27	0.2
id-04081	6	11	2	0.3
id-04082	9	10	5	0.2
id-04083	9	12	13	0.4
id-04084	2	2	11	0.3
id-04085	5	9	25	0.2
id-04086	5	7	13	0.3
id-04087	5	6	8	0.3
id-04088	10	15	21	0.3
id-04089	5	2	13	0.5
id-04090	1	2	7	0.4
id-04091	1	2	22	0.5
id-04092	4	4	14	0.5
id-04093	6	8	10	0.5
id-04094	7	6	9	0.2
id-04095	10	11	13	0.4
id-04096	2	3	4	0.2
id-04097	5	10	28	0.2
id-04098	7	3	3	0.4
id-04099	10	3	19	0.2
id-04100	8	6	7	0.3
id-04101	4	7	15	0.3
id-04102	10	20	16	0.3
id-04103	4	7	13	0.2
id-04104	5	9	15	0.4
id-04105	5	6	11	0.3
id-04106	7	9	19	0.3
id-04107	8	7	9	0.5
id-04108	6	5	16	0.4
id-04109	4	7	1	0.4
id-04110	10	8	16	0.4
id-04111	1	2	7	0.3
id-04112	10	15	9	0.5
id-04113	5	5	2	0.3
id-04114	9	8	8	0.5
id-04115	6	4	12	0.4
id-04116	4	2	7	0.3
id-04117	7	7	25	0.3
id-04118	4	8	29	0.4
id-04119	6	12	26	0.3
id-04120	4	6	26	0.2
id-04121	3	3	18	0.4
id-04122	1	2	25	0.5
id-04123	9	16	8	0.3
id-04124	2	4	22	0.2
id-04125	3	6	5	0.3
id-04126	7	5	18	0.4
id-04127	4	5	2	0.4
id-04128	8	9	13	0.4
id-04129	8	9	23	0.4
id-04130	4	4	24	0.3
id-04131	2	4	19	0.4
id-04132	3	5	27	0.5
id-04133	10	14	3	0.2
id-04134	10	8	6	0.2
id-04135	6	2	6	0.2
id-04136	8	6	26	0.4
id-04137	9	5	24	0.3
id-04138	5	4	26	0.2
id-04139	5	5	20	0.4
id-04140	3	2	12	0.5
id-04141	5	6	18	0.3
id-04142	3	6	23	0.4
id-04143	3	3	15	0.5
id-04144	10	11	2	0.4
id-04145	3	2	21	0.4
id-04146	10	3	13	0.5
id-04147	7	5	26	0.2
id-04148	3	3	18	0.3
id-04149	6	9	20	0.3
id-04150	4	7	28	0.3
id-04151	7	7	16	0.3
id-04152	6	3	1	0.4
id-04153	2	4	25	0.4
id-04154	9	9	1	0.3
id-04155	7	4	9	0.5
id-04156	7	4	30	0.4
id-04157	7	5	24	0.2
id-04158	6	9	13	0.3
id-04159	6	7	20	0.4
id-04160	6	10	11	0.3
id-04161	5	7	7	0.3
id-04162	5	3	10	0.2
id-04163	10	14	25	0.5
id-04164	1	2	5	0.4
id-04165	5	7	18	0.3
id-04166	4	6	11	0.3
id-04167	7	13	3	0.4
id-04168	9	14	17	0.5
id-04169	4	7	14	0.3
id-04170	3	5	1	0.5
id-04171	2	2	29	0.2
id-04172	5	2	16	0.5
id-04173	7	10	5	0.5
id-04174	4	8	24	0.4
id-04175	6	8	1	0.3
id-04176	2	3	26	0.2
id-04177	9	17	23	0.3
id-04178	7	3	2	0.4
id-04179	1	2	11	0.3
id-04180	9	13	11	0.4
id-04181	3	5	8	0.3
id-04182	3	3	7	0.4
id-04183	4	5	3	0.3
id-04184	7	14	5	0.5
id-04185	10	20	8	0.3
id-04186	9	5	2	0.3
id-04187	6	8	3	0.4
id-04188	1	2	28	0.3
id-04189	1	2	4	0.3
id-04190	10	7	15	0.3
id-04191	3	2	13	0.4
id-04192	10	17	22	0.3
id-04193	5	3	5	0.2
id-04194	5	4	6	0.2
id-04195	6	7	17	0.5
id-04196	5	5	2	0.3
id-04197	6	11	22	0.2
id-04198	9	12	2	0.3
id-04199	7	2	9	0.4
id-04200	5	6	24	0.4
id-04201	2	2	14	0.3
id-04202	4	7	19	0.4
id-04203	10	11	16	0.3
id-04204	2	3	23	0.5
id-04205	3	3	1	0.5
id-04206	7	11	24	0.5
id-04207	5	6	19	0.4
id-04208	9	7	30	0.3
id-04209	7	8	19	0.4
id-04210	6	6	25	0.5
id-04211	10	9	27	0.3
id-04212	4	6	29	0.3
id-04213	5	5	29	0.3
id-04214	9	18	10	0.3
id-04215	2	4	21	0.3
id-04216	10	8	16	0.3
id-04217	4	5	20	0.3
id-04218	6	12	26	0.4
id-04219	8	8	22	0.5
id-04220	8	2	13	0.2
id-04221	4	3	13	0.3
id-04222	10	14	1	0.2
id-04223	1	2	12	0.3
id-04224	1	2	4	0.3
id-04225	3	2	17	0.3
id-04226	5	10	4	0.3
id-04227	9	15	10	0.3
id-04228	10	2	9	0.5
id-04229	6	7	28	0.3
id-04230	1	2	17	0.5
id-04231	2	4	17	0.3
id-04232	4	8	30	0.5
id-04233	7	4	8	0.4
id-04234	10	14	29	0.3
id-04235	5	2	26	0.4
id-04236	4	2	22	0.5
id-04237	5	9	8	0.3
id-04238	5	5	16	0.5
id-04239	10	14	12	0.4
id-04240	10	20	3	0.3
id-04241	4	4	1	0.3
id-04242	1	2	30	0.2
id-04243	10	9	20	0.4
id-04244	8	14	2	0.2
id-04245	6	3	27	0.4
id-04246	7	8	9	0.4
id-04247	5	7	15	0.4
id-04248	1	2	29	0.3
id-04249	1	2	25	0.5
id-04250	4	3	1	0.3
id-04251	3	4	17	0.5
id-04252	6	8	6	0.3
id-04253	4	2	2	0.3
id-04254	3	3	8	0.4
id-04255	9	7	13	0.4
id-04256	3	2	21	0.3
id-04257	5	3	25	0.4
id-04258	7	10	2	0.3
id-04259	3	3	10	0.3
id-04260	4	4	25	0.4
id-04261	1	2	20	0.3
id-04262	10	19	17	0.3
id-04263	2	4	12	0.3
id-04264	3	3	27	0.4
id-04265	6	4	5	0.3
id-04266	6	8	15	0.3
id-04267	7	7	23	0.3
id-04268	6	2	23	0.3
id-04269	5	10	6	0.4
id-04270	8	10	16	0.2
id-04271	4	2	6	0.4
id-04272	4	2	9	0.3
id-04273	9	12	15	0.3
id-04274	5	6	29	0.3
id-04275	1	2	27	0.3
id-04276	1	2	2	0.2
id-04277	9	10	26	0.4
id-04278	4	8	17	0.5
id-04279	9	11	6	0.3
id-04280	10	19	26	0.4
id-04281	8	12	5	0.3
id-04282	1	2	6	0.4
id-04283	7	9	14	0.4
id-04284	3	6	7	0.4
id-04285	1	2	26	0.2
id-04286	4	8	27	0.2
id-04287	10	18	29	0.3
id-04288	1	2	28	0.3
id-04289	3	6	21	0.4
id-04290	1	2	3	0.3
id-04291	7	3	8	0.2
id-04292	1	2	23	0.2
id-04293	4	4	21	0.3
id-04294	9	12	20	0.5
id-04295	3	2	24	0.2
id-04296	10	6	21	0.2
id-04297	9	16	21	0.3
id-04298	2	4	21	0.3
id-04299	8	9	17	0.3
id-04300	2	2	30	0.4
id-04301	2	2	8	0.2
id-04302	8	15	12	0.4
id-04303	4	7	5	0.2
id-04304	1	2	8	0.3
id-04305	5	10	15	0.3
id-04306	10	12	1	0.5
id-04307	5	8	10	0.3
id-04308	2	3	27	0.3
id-04309	6	2	23	0.5
id-04310	9	15	17	0.5
id-04311	8	12	26	0.2
id-04312	9	14	28	0.3
id-04313	10	7	19	0.3
id-04314	8	6	14	0.2
id-04315	10	20	2	0.3
id-04316	2	2	25	0.4
id-04317	5	4	24	0.4
id-04318	6	9	23	0.3
id-04319	1	2	9	0.3
id-04320	7	11	26	0.4
id-04321	7	14	4	0.4
id-04322	2	3	24	0.3
id-04323	6	7	18	0.5
id-04324	6	2	25	0.4
id-04325	9	7	3	0.2
id-04326	6	10	4	0.4
id-04327	7	8	22	0.4
id-04328	1	2	9	0.4
id-04329	7	6	9	0.3
id-04330	4	6	9	0.4
id-04331	4	6	7	0.5
id-04332	2	2	19	0.3
id-04333	7	3	1	0.3
id-04334	5	8	12	0.2
id-04335	7	6	2	0.5
id-04336	4	2	18	0.3
id-04337	4	5	8	0.4
id-04338	7	9	21	0.4
id-04339	8	8	29	0.3
id-04340	10	5	9	0.4
id-04341	5	2	25	0.3
id-04342	6	9	7	0.2
id-04343	5	10	13	0.5
id-04344	6	7	9	0.4
id-04345	10	13	4	0.3
id-04346	2	2	19	0.3
id-04347	2	4	26	0.2
id-04348	9	6	22	0.5
id-04349	5	4	4	0.4
id-04350	3	6	6	0.4
id-04351	10	19	13	0.4
id-04352	8	6	15	0.4
id-04353	5	7	19	0.3
id-04354	10	15	28	0.4
id-04355	8	12	11	0.2
id-04356	2	3	8	0.5
id-04357	6	4	7	0.4
id-04358	4	7	12	0.4
id-04359	3	6	9	0.3
id-04360	1	2	15	0.3
id-04361	6	12	4	0.3
id-04362	4	5	8	0.2
id-04363	8	6	24	0.4
id-04364	8	5	4	0.3
id-04365	3	6	11	0.3
id-04366	6	11	24	0.4
id-04367	3	5	29	0.2
id-04368	6	2	28	0.4
id-04369	4	2	26	0.5
id-04370	10	6	18	0.2
id-04371	2	4	7	0.3
id-04372	3	2	4	0.3
id-04373	7	5	12	0.4
id-04374	2	3	26	0.2
id-04375	2	4	5	0.3
id-04376	7	4	21	0.4
id-04377	3	4	7	0.3
id-04378	1	2	7	0.5
id-04379	9	10	3	0.2
id-04380	5	4	26	0.3
id-04381	7	8	16	0.3
id-04382	7	12	6	0.3
id-04383	7	11	7	0.5
id-04384	3	6	20	0.5
id-04385	8	7	12	0.3
id-04386	4	4	18	0.3
id-04387	1	2	3	0.4
id-04388	8	6	12	0.2
id-04389	5	5	11	0.3
id-04390	5	10	16	0.2
id-04391	10	7	27	0.3
id-04392	5	5	22	0.3
id-04393	2	4	11	0.5
id-04394	7	14	5	0.4
id-04395	3	6	18	0.4
id-04396	7	9	27	0.5
id-04397	10	7	2	0.4
id-04398	9	18	30	0.4
id-04399	8	2	29	0.5
id-04400	4	4	27	0.2
id-04401	1	2	24	0.4
id-04402	1	2	2	0.4
id-04403	3	2	27	0.4
id-04404	7	6	9	0.3
id-04405	2	2	30	0.4
id-04406	10	8	21	0.2
id-04407	10	10	6	0.3
id-04408	4	4	16	0.4
id-04409	2	3	7	0.2
id-04410	2	3	20	0.3
id-04411	4	7	30	0.5
id-04412	8	8	24	0.4
id-04413	10	8	16	0.2
id-04414	5	7	23	0.2
id-04415	1	2	12	0.3
id-04416	4	5	18	0.4
id-04417	10	7	26	0.3
id-04418	6	4	1	0.2
id-04419	9	18	24	0.4
id-04420	1	2	10	0.4
id-04421	6	5	9	0.4
id-04422	3	5	18	0.2
id-04423	3	4	26	0.2
id-04424	5	9	8	0.4
id-04425	6	2	2	0.4
id-04426	3	4	20	0.5
id-04427	4	2	22	0.2
id-04428	6	5	23	0.3
id-04429	8	10	8	0.3
id-04430	10	5	28	0.3
id-04431	8	15	13	0.4
id-04432	2	2	16	0.3
id-04433	1	2	18	0.3
id-04434	6	3	23	0.4
id-04435	2	2	18	0.3
id-04436	5	10	13	0.4
id-04437	10	18	24	0.5
id-04438	5	6	4	0.4
id-04439	9	7	13	0.4
id-04440	2	2	16	0.3
id-04441	1	2	13	0.3
id-04442	2	3	17	0.4
id-04443	5	3	25	0.4
id-04444	1	2	21	0.5
id-04445	10	17	21	0.4
id-04446	1	2	20	0.3
id-04447	8	2	2	0.3
id-04448	4	7	2	0.4
id-04449	2	4	24	0.3
id-04450	7	11	29	0.4
id-04451	2	3	30	0.4
id-04452	4	6	1	0.3
id-04453	8	5	19	0.2
id-04454	3	3	10	0.4
id-04455	10	19	13	0.4
id-04456	10	9	15	0.2
id-04457	1	2	5	0.5
id-04458	5	7	14	0.4
id-04459	9	7	6	0.3
id-04460	9	15	5	0.5
id-04461	9	4	7	0.3
id-04462	7	14	21	0.3
id-04463	3	2	1	0.2
id-04464	10	9	27	0.4
id-04465	6	7	27	0.3
id-04466	10	13	25	0.5
id-04467	9	14	9	0.4
id-04468	9	12	26	0.3
id-04469	4	5	12	0.3
id-04470	1	2	30	0.3
id-04471	9	9	14	0.5
id-04472	7	7	3	0.3
id-04473	9	12	22	0.5
id-04474	6	4	15	0.2
id-04475	2	4	29	0.3
id-04476	4	2	29	0.5
id-04477	7	10	24	0.4
id-04478	2	4	12	0.3
id-04479	10	8	4	0.4
id-04480	4	2	17	0.5
id-04481	3	3	10	0.3
id-04482	6	9	6	0.3
id-04483	9	12	8	0.5
id-04484	8	13	2	0.5
id-04485	3	5	1	0.3
id-04486	4	7	18	0.4
id-04487	7	8	18	0.3
id-04488	7	4	5	0.4
id-04489	8	7	20	0.3
id-04490	8	3	12	0.5
id-04491	3	5	28	0.4
id-04492	10	4	4	0.2
id-04493	6	7	7	0.4
id-04494	10	7	2	0.4
id-04495	3	6	28	0.5
id-04496	1	2	20	0.3
id-04497	6	9	26	0.3
id-04498	3	3	2	0.2
id-04499	7	6	19	0.2
id-04500	8	13	26	0.3
id-04501	8	6	5	0.3
id-04502	1	2	30	0.5
id-04503	10	8	24	0.4
id-04504	5	10	30	0.5
id-04505	7	13	10	0.3
id-04506	5	9	24	0.2
id-04507	6	9	24	0.3
id-04508	5	3	26	0.2
id-04509	4	4	24	0.4
id-04510	9	10	2	0.2
id-04511	5	9	5	0.3
id-04512	1	2	17	0.3
id-04513	8	13	24	0.4
id-04514	4	8	3	0.3
id-04515	9	17	9	0.3
id-04516	7	14	24	0.3
id-04517	5	2	2	0.5
id-04518	5	6	19	0.5
id-04519	1	2	3	0.5
id-04520	4	6	12	0.2
id-04521	3	4	25	0.3
id-04522	3	6	25	0.3
id-04523	7	12	11	0.4
id-04524	1	2	17	0.3
id-04525	4	4	21	0.2
id-04526	7	13	15	0.5
id-04527	4	8	14	0.3
id-04528	1	2	12	0.3
id-04529	7	6	19	0.4
id-04530	7	11	28	0.4
id-04531	4	6	8	0.4
id-04532	9	9	9	0.4
id-04533	4	6	9	0.5
id-04534	9	10	11	0.3
id-04535	2	4	19	0.3
id-04536	3	2	30	0.4
id-04537	3	5	11	0.2
id-04538	9	6	16	0.2
id-04539	8	2	12	0.3
id-04540	8	15	13	0.4
id-04541	3	2	5	0.4
id-04542	4	3	28	0.4
id-04543	7	14	29	0.2
id-04544	1	2	19	0.3
id-04545	3	4	9	0.5
id-04546	6	7	23	0.5
id-04547	6	7	12	0.4
id-04548	4	5	27	0.3
id-04549	8	8	23	0.5
id-04550	4	8	12	0.3
id-04551	1	2	29	0.3
id-04552	5	10	23	0.4
id-04553	8	13	1	0.3
id-04554	4	7	2	0.5
id-04555	1	2	8	0.3
id-04556	6	11	11	0.3
id-04557	6	12	26	0.3
id-04558	2	4	13	0.3
id-04559	4	3	8	0.5
id-04560	8	11	10	0.3
id-04561	5	3	6	0.5
id-04562	10	4	8	0.4
id-04563	10	19	20	0.4
id-04564	1	2	18	0.4
id-04565	9	16	11	0.4
id-04566	1	2	26	0.4
id-04567	3	6	22	0.3
id-04568	10	14	28	0.2
id-04569	7	6	1	0.2
id-04570	9	6	7	0.2
id-04571	2	2	28	0.3
id-04572	7	2	30	0.2
id-04573	1	2	12	0.5
id-04574	3	3	12	0.2
id-04575	9	3	4	0.4
id-04576	3	4	17	0.4
id-04577	10	2	8	0.2
id-04578	10	6	14	0.4
id-04579	10	18	28	0.4
id-04580	6	10	21	0.4
id-04581	10	11	29	0.3
id-04582	10	16	11	0.4
id-04583	1	2	29	0.4
id-04584	8	9	26	0.5
id-04585	1	2	3	0.3
id-04586	7	3	5	0.2
id-04587	6	5	23	0.3
id-04588	10	3	23	0.3
id-04589	9	12	7	0.3
id-04590	7	9	5	0.2
id-04591	5	6	23	0.2
id-04592	7	2	27	0.5
id-04593	5	10	14	0.3
id-04594	2	2	28	0.2
id-04595	10	11	24	0.2
id-04596	4	6	9	0.5
id-04597	5	8	16	0.3
id-04598	9	13	11	0.4
id-04599	9	9	20	0.2
id-04600	8	10	28	0.3
id-04601	2	2	17	0.3
id-04602	5	7	24	0.5
id-04603	1	2	29	0.3
id-04604	5	7	25	0.3
id-04605	6	12	26	0.4
id-04606	5	3	9	0.2
id-04607	7	7	9	0.2
id-04608	8	10	7	0.4
id-04609	1	2	5	0.3
id-04610	3	5	11	0.4
id-04611	1	2	25	0.3
id-04612	2	3	4	0.4
id-04613	1	2	21	0.5
id-04614	7	14	22	0.5
id-04615	6	8	25	0.3
id-04616	10	3	17	0.4
id-04617	7	3	4	0.2
id-04618	1	2	10	0.3
id-04619	7	8	13	0.3
id-04620	8	8	10	0.2
id-04621	1	2	2	0.3
id-04622	9	15	10	0.2
id-04623	8	11	26	0.4
id-04624	3	4	15	0.3
id-04625	7	3	13	0.4
id-04626	3	4	9	0.2
id-04627	2	3	18	0.3
id-04628	7	13	4	0.3
id-04629	4	7	24	0.3
id-04630	1	2	22	0.3
id-04631	6	3	1	0.4
id-04632	2	4	6	0.2
id-04633	5	8	2	0.4
id-04634	4	2	3	0.5
id-04635	4	4	11	0.4
id-04636	9	8	17	0.2
id-04637	8	16	11	0.3
id-04638	6	5	3	0.3
id-04639	2	2	15	0.4
id-04640	9	4	29	0.5
id-04641	5	6	13	0.4
id-04642	7	11	5	0.4
id-04643	10	14	19	0.3
id-04644	9	13	25	0.3
id-04645	6	10	12	0.2
id-04646	10	14	16	0.4
id-04647	6	12	22	0.3
id-04648	9	10	24	0.4
id-04649	8	2	11	0.2
id-04650	6	5	2	0.3
id-04651	3	2	14	0.2
id-04652	3	5	5	0.3
id-04653	2	3	4	0.2
id-04654	6	6	27	0.3
id-04655	7	3	20	0.3
id-04656	4	7	5	0.4
id-04657	8	15	25	0.3
id-04658	6	9	19	0.5
id-04659	3	2	5	0.4
id-04660	10	7	22	0.3
id-04661	8	10	10	0.5
id-04662	8	7	27	0.3
id-04663	10	6	5	0.3
id-04664	3	3	13	0.3
id-04665	10	8	12	0.4
id-04666	2	3	2	0.4
id-04667	1	2	30	0.4
id-04668	2	2	18	0.4
id-04669	5	8	4	0.4
id-04670	6	3	8	0.4
id-04671	9	10	23	0.3
id-04672	6	12	1	0.3
id-04673	9	3	17	0.3
id-04674	7	11	6	0.3
id-04675	2	3	18	0.3
id-04676	6	12	19	0.4
id-04677	10	6	18	0.4
id-04678	3	2	28	0.4
id-04679	8	11	5	0.2
id-04680	8	10	8	0.4
id-04681	6	9	7	0.4
id-04682	7	3	5	0.3
id-04683	10	11	27	0.4
id-04684	5	6	18	0.4
id-04685	9	18	27	0.2
id-04686	9	4	4	0.5
id-04687	4	2	26	0.2
id-04688	8	13	11	0.3
id-04689	5	4	19	0.2
id-04690	1	2	18	0.3
id-04691	10	19	13	0.3
id-04692	1	2	27	0.4
id-04693	8	4	29	0.4
id-04694	8	8	4	0.5
id-04695	9	4	22	0.2
id-04696	6	11	5	0.4
id-04697	2	4	22	0.4
id-04698	1	2	13	0.4
id-04699	7	12	7	0.4
id-04700	8	5	16	0.3
id-04701	9	13	25	0.4
id-04702	4	6	2	0.4
id-04703	1	2	25	0.3
id-04704	5	10	18	0.4
id-04705	3	4	17	0.2
id-04706	7	12	2	0.5
id-04707	6	7	15	0.4
id-04708	9	12	19	0.4
id-04709	5	5	22	0.3
id-04710	1	2	13	0.3
id-04711	9	3	19	0.4
id-04712	4	3	23	0.3
id-04713	3	3	4	0.5
id-04714	8	7	25	0.4
id-04715	10	7	28	0.3
id-04716	4	3	11	0.2
id-04717	5	3	7	0.4
id-04718	1	2	3	0.5
id-04719	7	12	11	0.2
id-04720	2	3	8	0.4
id-04721	3	6	26	0.4
id-04722	10	16	14	0.4
id-04723	2	4	18	0.5
id-04724	6	6	23	0.3
id-04725	6	8	26	0.4
id-04726	6	10	9	0.4
id-04727	7	11	22	0.3
id-04728	2	3	17	0.3
id-04729	5	2	21	0.5
id-04730	6	2	30	0.5
id-04731	4	6	14	0.4
id-04732	7	11	1	0.4
id-04733	8	11	21	0.3
id-04734	6	11	30	0.2
id-04735	7	5	23	0.4
id-04736	1	2	15	0.2
id-04737	5	10	29	0.4
id-04738	9	10	8	0.4
id-04739	3	4	18	0.5
id-04740	7	9	3	0.4
id-04741	10	8	28	0.2
id-04742	3	3	16	0.5
id-04743	10	13	27	0.4
id-04744	5	7	5	0.5
id-04745	7	4	29	0.4
id-04746	5	3	25	0.3
id-04747	4	7	3	0.4
id-04748	3	3	6	0.4
id-04749	10	4	3	0.4
id-04750	5	5	2	0.5
id-04751	8	14	26	0.2
id-04752	8	12	12	0.2
id-04753	5	9	19	0.4
id-04754	8	4	22	0.4
id-04755	4	8	3	0.4
id-04756	5	10	23	0.4
id-04757	2	3	7	0.2
id-04758	3	6	12	0.2
id-04759	10	18	20	0.3
id-04760	9	5	26	0.2
id-04761	6	2	26	0.2
id-04762	9	8	28	0.5
id-04763	6	6	13	0.2
id-04764	4	4	3	0.3
id-04765	9	13	21	0.5
id-04766	3	2	9	0.2
id-04767	9	18	13	0.4
id-04768	10	8	24	0.4
id-04769	5	8	18	0.2
id-04770	7	9	24	0.3
id-04771	8	10	30	0.4
id-04772	7	7	4	0.5
id-04773	5	2	4	0.2
id-04774	10	6	24	0.3
id-04775	9	15	3	0.5
id-04776	2	3	4	0.2
id-04777	4	5	27	0.3
id-04778	2	3	12	0.4
id-04779	1	2	1	0.3
id-04780	5	10	4	0.4
id-04781	10	5	1	0.4
id-04782	4	3	3	0.3
id-04783	7	8	2	0.2
id-04784	10	5	1	0.4
id-04785	8	15	17	0.4
id-04786	1	2	3	0.3
id-04787	6	9	17	0.5
id-04788	6	6	16	0.2
id-04789	5	10	16	0.5
id-04790	4	6	28	0.2
id-04791	4	2	16	0.4
id-04792	9	2	20	0.3
id-04793	6	8	5	0.4
id-04794	3	5	25	0.4
id-04795	1	2	23	0.3
id-04796	4	5	3	0.4
id-04797	7	13	2	0.2
id-04798	10	19	12	0.4
id-04799	7	10	2	0.3
id-04800	2	4	5	0.4
id-04801	3	4	25	0.3
id-04802	7	2	8	0.3
id-04803	5	4	8	0.5
id-04804	4	7	13	0.2
id-04805	8	13	16	0.5
id-04806	8	10	20	0.3
id-04807	7	7	19	0.3
id-04808	10	4	9	0.4
id-04809	8	14	12	0.4
id-04810	8	6	15	0.4
id-04811	5	5	27	0.4
id-04812	3	4	25	0.4
id-04813	8	16	29	0.2
id-04814	6	5	26	0.4
id-04815	1	2	21	0.5
id-04816	2	3	23	0.2
id-04817	8	16	5	0.5
id-04818	2	4	25	0.2
id-04819	6	7	21	0.4
id-04820	4	8	19	0.4
id-04821	2	3	22	0.4
id-04822	3	4	4	0.4
id-04823	10	20	27	0.5
id-04824	8	16	2	0.5
id-04825	1	2	1	0.3
id-04826	9	7	28	0.3
id-04827	4	2	30	0.5
id-04828	6	8	25	0.3
id-04829	4	8	8	0.5
id-04830	5	4	5	0.4
id-04831	6	7	9	0.3
id-04832	3	4	5	0.3
id-04833	1	2	26	0.2
id-04834	9	7	24	0.4
id-04835	7	9	21	0.5
id-04836	7	11	15	0.4
id-04837	10	8	18	0.3
id-04838	10	10	3	0.4
id-04839	7	10	2	0.3
id-04840	9	9	4	0.5
id-04841	4	5	28	0.5
id-04842	9	17	20	0.4
id-04843	7	11	29	0.4
id-04844	10	3	30	0.4
id-04845	8	16	26	0.3
id-04846	3	2	23	0.3
id-04847	3	3	23	0.4
id-04848	4	8	4	0.4
id-04849	10	5	25	0.2
id-04850	3	2	26	0.3
id-04851	3	4	19	0.4
id-04852	4	7	9	0.4
id-04853	7	13	17	0.4
id-04854	4	8	13	0.2
id-04855	4	4	18	0.2
id-04856	4	7	6	0.5
id-04857	2	4	22	0.4
id-04858	9	8	30	0.5
id-04859	1	2	7	0.2
id-04860	6	9	20	0.5
id-04861	7	13	23	0.5
id-04862	10	11	19	0.3
id-04863	6	12	19	0.4
id-04864	7	14	5	0.2
id-04865	2	2	24	0.4
id-04866	7	13	30	0.2
id-04867	3	2	28	0.2
id-04868	2	3	29	0.3
id-04869	10	20	3	0.3
id-04870	9	2	15	0.3
id-04871	2	2	20	0.4
id-04872	4	3	18	0.4
id-04873	2	2	20	0.3
id-04874	1	2	18	0.2
id-04875	7	4	1	0.4
id-04876	10	5	1	0.2
id-04877	9	15	10	0.4
id-04878	2	4	11	0.2
id-04879	2	3	1	0.3
id-04880	7	9	8	0.3
id-04881	3	4	1	0.2
id-04882	5	8	6	0.3
id-04883	6	2	4	0.3
id-04884	5	2	25	0.3
id-04885	1	2	25	0.2
id-04886	10	6	15	0.4
id-04887	4	5	16	0.4
id-04888	5	9	20	0.2
id-04889	2	2	17	0.4
id-04890	6	5	10	0.4
id-04891	10	16	27	0.4
id-04892	7	6	23	0.4
id-04893	8	11	15	0.4
id-04894	7	10	15	0.3
id-04895	3	5	3	0.3
id-04896	6	2	30	0.3
id-04897	4	8	14	0.3
id-04898	2	3	19	0.3
id-04899	9	17	17	0.3
id-04900	10	20	20	0.4
id-04901	6	7	12	0.4
id-04902	5	7	9	0.5
id-04903	6	10	11	0.5
id-04904	4	6	20	0.3
id-04905	3	4	20	0.4
id-04906	9	11	16	0.4
id-04907	3	4	4	0.4
id-04908	7	8	22	0.3
id-04909	9	6	6	0.3
id-04910	3	5	29	0.4
id-04911	5	5	18	0.2
id-04912	9	14	10	0.3
id-04913	3	3	12	0.5
id-04914	9	13	22	0.5
id-04915	5	3	13	0.5
id-04916	1	2	2	0.4
id-04917	9	8	27	0.4
id-04918	6	12	28	0.4
id-04919	3	6	9	0.5
id-04920	2	3	12	0.5
id-04921	6	4	18	0.3
id-04922	8	3	5	0.2
id-04923	10	10	17	0.5
id-04924	4	7	13	0.3
id-04925	1	2	2	0.2
id-04926	7	3	20	0.3
id-04927	2	4	1	0.4
id-04928	2	2	27	0.5
id-04929	8	15	10	0.4
id-04930	8	13	16	0.3
id-04931	10	19	21	0.5
id-04932	4	5	20	0.2
id-04933	4	3	3	0.5
id-04934	8	3	16	0.4
id-04935	5	10	24	0.4
id-04936	8	12	19	0.5
id-04937	2	2	23	0.3
id-04938	9	12	13	0.5
id-04939	10	17	12	0.4
id-04940	7	8	13	0.2
id-04941	3	3	26	0.4
id-04942	6	5	21	0.4
id-04943	7	3	16	0.2
id-04944	4	4	8	0.3
id-04945	5	2	3	0.4
id-04946	5	3	26	0.4
id-04947	5	4	14	0.3
id-04948	3	2	11	0.4
id-04949	2	2	20	0.3
id-04950	7	7	20	0.4
id-04951	3	3	28	0.5
id-04952	1	2	5	0.3
id-04953	1	2	15	0.4
id-04954	9	13	27	0.3
id-04955	9	9	23	0.4
id-04956	4	3	4	0.3
id-04957	7	9	4	0.5
id-04958	3	6	11	0.2
id-04959	4	7	20	0.4
id-04960	5	6	4	0.5
id-04961	8	16	3	0.3
id-04962	8	10	7	0.3
id-04963	8	4	28	0.3
id-04964	9	14	7	0.4
id-04965	3	2	15	0.4
id-04966	3	5	23	0.3
id-04967	4	5	17	0.4
id-04968	2	2	3	0.4
id-04969	3	3	9	0.3
id-04970	10	3	23	0.4
id-04971	1	2	13	0.3
id-04972	5	9	16	0.5
id-04973	3	2	10	0.2
id-04974	10	20	21	0.5
id-04975	2	4	5	0.5
id-04976	3	4	27	0.4
id-04977	4	6	24	0.3
id-04978	5	9	9	0.5
id-04979	3	6	19	0.3
id-04980	2	2	27	0.5
id-04981	8	16	30	0.3
id-04982	4	4	4	0.3
id-04983	10	15	8	0.4
id-04984	7	6	14	0.4
id-04985	9	17	7	0.3
id-04986	1	2	8	0.4
id-04987	1	2	9	0.3
id-04988	4	8	15	0.5
id-04989	8	8	1	0.4
id-04990	10	8	22	0.4
id-04991	10	11	19	0.5
id-04992	5	7	9	0.3
id-04993	5	7	27	0.3
id-04994	3	4	5	0.4
id-04995	9	4	16	0.4
id-04996	8	5	25	0.3
id-04997	5	9	27	0.4
id-04998	7	14	3	0.4
id-04999	4	2	3	0.2
id-05000	2	2	20	0.4
id-05001	3	4	8	0.4
id-05002	8	15	6	0.2
id-05003	5	5	22	0.2
id-05004	4	6	17	0.5
id-05005	2	2	7	0.3
id-05006	2	3	12	0.4
id-05007	3	4	4	0.2
id-05008	5	6	21	0.4
id-05009	1	2	16	0.3
id-05010	9	17	2	0.4
id-05011	1	2	23	0.3
id-05012	4	3	21	0.5
id-05013	8	3	10	0.4
id-05014	5	6	6	0.4
id-05015	1	2	18	0.4
id-05016	7	3	23	0.2
id-05017	5	9	21	0.2
id-05018	7	2	7	0.3
id-05019	10	2	13	0.4
id-05020	1	2	21	0.4
id-05021	9	10	28	0.4
id-05022	3	2	13	0.4
id-05023	1	2	15	0.3
id-05024	9	13	13	0.3
id-05025	8	13	14	0.5
id-05026	2	4	2	0.3
id-05027	10	17	8	0.3
id-05028	5	6	21	0.5
id-05029	2	4	6	0.2
id-05030	7	2	7	0.5
id-05031	8	8	2	0.4
id-05032	3	4	16	0.2
id-05033	2	4	5	0.3
id-05034	7	8	3	0.2
id-05035	9	13	11	0.4
id-05036	3	4	25	0.4
id-05037	9	11	29	0.4
id-05038	10	3	17	0.2
id-05039	9	4	26	0.3
id-05040	3	2	30	0.3
id-05041	4	8	7	0.4
id-05042	6	10	4	0.5
id-05043	9	11	28	0.4
id-05044	3	5	12	0.2
id-05045	4	2	16	0.3
id-05046	8	6	18	0.3
id-05047	7	4	24	0.3
id-05048	8	3	7	0.3
id-05049	6	7	2	0.2
id-05050	1	2	3	0.2
id-05051	6	3	23	0.4
id-05052	9	13	17	0.5
id-05053	5	8	21	0.4
id-05054	4	7	3	0.2
id-05055	9	18	17	0.3
id-05056	2	3	13	0.2
id-05057	1	2	18	0.2
id-05058	10	10	26	0.5
id-05059	4	5	9	0.4
id-05060	9	13	17	0.4
id-05061	8	6	17	0.4
id-05062	3	6	27	0.2
id-05063	10	10	17	0.4
id-05064	3	6	28	0.3
id-05065	1	2	14	0.3
id-05066	8	5	30	0.5
id-05067	7	11	10	0.3
id-05068	6	5	27	0.4
id-05069	10	4	21	0.4
id-05070	9	3	22	0.4
id-05071	10	11	18	0.5
id-05072	7	9	7	0.5
id-05073	2	2	8	0.5
id-05074	3	6	28	0.5
id-05075	6	4	8	0.5
id-05076	1	2	7	0.4
id-05077	9	14	6	0.3
id-05078	8	3	23	0.2
id-05079	9	10	4	0.3
id-05080	9	11	1	0.3
id-05081	2	2	10	0.3
id-05082	1	2	17	0.4
id-05083	5	3	23	0.4
id-05084	2	2	22	0.3
id-05085	10	5	20	0.5
id-05086	7	10	20	0.4
id-05087	8	16	7	0.3
id-05088	9	3	7	0.4
id-05089	3	2	25	0.2
id-05090	4	6	16	0.3
id-05091	8	10	2	0.5
id-05092	5	8	20	0.3
id-05093	9	3	8	0.2
id-05094	1	2	17	0.4
id-05095	2	2	8	0.3
id-05096	3	5	17	0.4
id-05097	6	6	9	0.5
id-05098	8	3	24	0.5
id-05099	10	6	17	0.5
id-05100	9	18	4	0.4
id-05101	7	14	7	0.4
id-05102	4	3	26	0.3
id-05103	5	6	26	0.4
id-05104	1	2	13	0.3
id-05105	10	15	10	0.4
id-05106	4	6	20	0.5
id-05107	10	11	12	0.3
id-05108	10	13	6	0.2
id-05109	10	19	16	0.3
id-05110	1	2	29	0.3
id-05111	3	6	30	0.4
id-05112	5	4	9	0.4
id-05113	3	5	9	0.2
id-05114	4	5	18	0.4
id-05115	3	6	7	0.3
id-05116	7	11	18	0.2
id-05117	9	18	16	0.4
id-05118	9	11	28	0.2
id-05119	5	8	23	0.3
id-05120	9	13	6	0.4
id-05121	9	7	15	0.4
id-05122	3	3	17	0.3
id-05123	6	7	2	0.3
id-05124	7	12	5	0.4
id-05125	4	4	2	0.5
id-05126	1	2	5	0.4
id-05127	7	4	29	0.4
id-05128	8	2	17	0.2
id-05129	8	5	12	0.2
id-05130	7	3	30	0.4
id-05131	1	2	9	0.4
id-05132	10	13	26	0.4
id-05133	6	6	4	0.4
id-05134	3	2	28	0.3
id-05135	5	2	18	0.5
id-05136	6	3	11	0.2
id-05137	7	6	19	0.4
id-05138	8	15	21	0.3
id-05139	9	7	4	0.4
id-05140	7	2	29	0.3
id-05141	7	8	12	0.4
id-05142	8	16	11	0.3
id-05143	10	11	10	0.4
id-05144	7	3	23	0.3
id-05145	6	4	23	0.2
id-05146	2	2	25	0.3
id-05147	4	5	9	0.4
id-05148	6	7	7	0.3
id-05149	8	13	21	0.2
id-05150	4	2	17	0.4
id-05151	10	15	15	0.3
id-05152	2	2	24	0.4
id-05153	1	2	2	0.5
id-05154	10	3	23	0.4
id-05155	6	3	16	0.3
id-05156	6	10	6	0.3
id-05157	2	3	20	0.4
id-05158	9	3	19	0.5
id-05159	8	13	11	0.3
id-05160	6	2	23	0.3
id-05161	10	20	30	0.3
id-05162	5	6	25	0.3
id-05163	6	9	23	0.2
id-05164	5	6	2	0.3
id-05165	8	13	10	0.2
id-05166	2	2	10	0.3
id-05167	5	3	5	0.5
id-05168	10	12	6	0.4
id-05169	6	3	18	0.4
id-05170	4	3	27	0.4
id-05171	2	2	2	0.4
id-05172	1	2	22	0.4
id-05173	5	7	28	0.2
id-05174	3	3	26	0.5
id-05175	10	11	5	0.4
id-05176	10	4	5	0.3
id-05177	10	20	3	0.5
id-05178	8	5	4	0.4
id-05179	5	5	29	0.4
id-05180	5	10	1	0.4
id-05181	8	5	25	0.4
id-05182	7	7	6	0.3
id-05183	2	4	8	0.5
id-05184	6	7	17	0.3
id-05185	6	8	12	0.3
id-05186	4	6	8	0.4
id-05187	10	9	27	0.5
id-05188	6	11	16	0.4
id-05189	4	8	12	0.5
id-05190	10	16	21	0.3
id-05191	5	3	5	0.3
id-05192	7	5	26	0.3
id-05193	6	7	2	0.4
id-05194	6	4	7	0.4
id-05195	7	2	7	0.3
id-05196	1	2	28	0.3
id-05197	6	8	13	0.3
id-05198	4	8	10	0.3
id-05199	9	17	22	0.3
id-05200	8	12	25	0.3
id-05201	2	2	28	0.4
id-05202	4	7	2	0.2
id-05203	1	2	22	0.3
id-05204	1	2	26	0.4
id-05205	4	7	9	0.3
id-05206	6	8	16	0.5
id-05207	4	4	21	0.3
id-05208	4	3	5	0.2
id-05209	1	2	20	0.4
id-05210	6	7	2	0.5
id-05211	6	6	13	0.2
id-05212	8	16	25	0.4
id-05213	8	11	16	0.4
id-05214	6	8	26	0.2
id-05215	8	5	20	0.3
id-05216	1	2	13	0.3
id-05217	5	4	17	0.4
id-05218	3	2	17	0.4
id-05219	2	2	1	0.2
id-05220	2	4	26	0.3
id-05221	4	5	14	0.5
id-05222	1	2	22	0.3
id-05223	7	7	25	0.5
id-05224	8	5	6	0.4
id-05225	9	7	6	0.3
id-05226	8	3	12	0.3
id-05227	8	12	22	0.4
id-05228	9	14	22	0.3
id-05229	1	2	5	0.3
id-05230	6	8	26	0.4
id-05231	8	9	24	0.3
id-05232	4	8	28	0.4
id-05233	3	2	2	0.3
id-05234	1	2	24	0.3
id-05235	6	2	17	0.5
id-05236	5	5	16	0.2
id-05237	9	14	3	0.5
id-05238	10	8	25	0.3
id-05239	5	4	9	0.4
id-05240	10	8	30	0.3
id-05241	6	10	23	0.3
id-05242	6	6	6	0.3
id-05243	9	7	8	0.3
id-05244	4	3	17	0.5
id-05245	7	4	1	0.3
id-05246	4	3	19	0.2
id-05247	5	7	25	0.3
id-05248	5	3	28	0.3
id-05249	4	6	5	0.4
id-05250	5	5	29	0.3
id-05251	6	12	3	0.4
id-05252	4	5	8	0.3
id-05253	2	3	19	0.5
id-05254	2	3	20	0.2
id-05255	8	15	29	0.5
id-05256	6	11	21	0.5
id-05257	3	4	19	0.4
id-05258	5	4	28	0.2
id-05259	8	8	29	0.3
id-05260	10	10	5	0.4
id-05261	5	10	14	0.4
id-05262	3	2	14	0.3
id-05263	3	5	22	0.3
id-05264	1	2	30	0.4
id-05265	5	9	23	0.3
id-05266	10	11	24	0.4
id-05267	1	2	14	0.2
id-05268	2	2	13	0.3
id-05269	1	2	12	0.3
id-05270	1	2	4	0.3
id-05271	9	16	21	0.3
id-05272	8	13	1	0.2
id-05273	7	11	20	0.3
id-05274	3	4	10	0.4
id-05275	8	2	19	0.5
id-05276	9	6	1	0.4
id-05277	5	9	30	0.4
id-05278	4	2	3	0.3
id-05279	9	10	26	0.5
id-05280	3	3	24	0.4
id-05281	1	2	24	0.5
id-05282	4	7	2	0.4
id-05283	6	4	28	0.2
id-05284	2	2	14	0.2
id-05285	1	2	16	0.3
id-05286	9	8	16	0.5
id-05287	9	10	1	0.4
id-05288	7	10	15	0.4
id-05289	4	5	6	0.3
id-05290	4	3	23	0.2
id-05291	5	6	2	0.3
id-05292	10	13	21	0.3
id-05293	1	2	27	0.4
id-05294	1	2	13	0.3
id-05295	5	9	6	0.2
id-05296	3	6	9	0.3
id-05297	9	3	20	0.3
id-05298	4	4	11	0.3
id-05299	3	4	23	0.4
id-05300	7	2	26	0.4
id-05301	7	9	15	0.4
id-05302	1	2	28	0.5
id-05303	6	2	19	0.3
id-05304	6	10	23	0.4
id-05305	4	3	7	0.4
id-05306	7	4	22	0.5
id-05307	10	4	15	0.4
id-05308	9	10	23	0.5
id-05309	4	2	17	0.3
id-05310	9	5	14	0.5
id-05311	9	11	5	0.4
id-05312	1	2	6	0.5
id-05313	1	2	3	0.2
id-05314	9	15	24	0.3
id-05315	5	7	14	0.4
id-05316	2	2	5	0.2
id-05317	5	8	2	0.5
id-05318	3	3	25	0.3
id-05319	2	3	19	0.3
id-05320	4	6	9	0.4
id-05321	7	2	28	0.4
id-05322	4	2	4	0.3
id-05323	2	2	24	0.3
id-05324	2	3	2	0.3
id-05325	5	5	19	0.2
id-05326	8	12	20	0.5
id-05327	7	6	16	0.3
id-05328	2	3	22	0.5
id-05329	3	5	28	0.5
id-05330	9	14	25	0.3
id-05331	1	2	5	0.4
id-05332	3	3	13	0.4
id-05333	1	2	11	0.3
id-05334	6	2	2	0.4
id-05335	4	5	6	0.4
id-05336	8	3	27	0.3
id-05337	1	2	7	0.5
id-05338	5	4	13	0.5
id-05339	3	3	4	0.3
id-05340	8	13	2	0.3
id-05341	9	14	30	0.4
id-05342	9	17	12	0.3
id-05343	7	2	22	0.4
id-05344	7	8	27	0.2
id-05345	8	3	7	0.4
id-05346	2	4	8	0.5
id-05347	6	9	7	0.4
id-05348	5	7	6	0.2
id-05349	8	11	6	0.4
id-05350	2	4	3	0.3
id-05351	2	3	9	0.3
id-05352	7	7	5	0.4
id-05353	8	16	7	0.2
id-05354	2	2	11	0.3
id-05355	6	6	18	0.2
id-05356	1	2	23	0.2
id-05357	1	2	15	0.4
id-05358	1	2	19	0.3
id-05359	3	6	15	0.3
id-05360	3	5	10	0.2
id-05361	5	3	7	0.4
id-05362	3	6	3	0.3
id-05363	5	7	27	0.2
id-05364	10	20	4	0.4
id-05365	9	13	3	0.2
id-05366	9	5	30	0.5
id-05367	10	13	5	0.4
id-05368	8	6	21	0.3
id-05369	6	6	4	0.4
id-05370	1	2	9	0.2
id-05371	7	14	30	0.4
id-05372	4	5	10	0.4
id-05373	3	5	11	0.3
id-05374	1	2	29	0.3
id-05375	5	10	12	0.4
id-05376	3	3	21	0.4
id-05377	6	8	30	0.4
id-05378	1	2	10	0.4
id-05379	10	10	8	0.5
id-05380	6	8	7	0.5
id-05381	1	2	29	0.4
id-05382	10	16	30	0.5
id-05383	3	5	24	0.3
id-05384	3	4	28	0.3
id-05385	7	13	3	0.3
id-05386	9	10	18	0.3
id-05387	7	9	15	0.3
id-05388	1	2	24	0.2
id-05389	10	9	22	0.3
id-05390	2	3	20	0.3
id-05391	1	2	29	0.3
id-05392	5	2	22	0.5
id-05393	8	6	7	0.3
id-05394	7	5	4	0.4
id-05395	3	4	16	0.5
id-05396	6	7	2	0.4
id-05397	5	9	1	0.5
id-05398	5	6	16	0.3
id-05399	1	2	18	0.5
id-05400	7	14	7	0.5
id-05401	1	2	10	0.3
id-05402	7	6	23	0.4
id-05403	3	2	15	0.4
id-05404	9	14	24	0.3
id-05405	4	8	22	0.2
id-05406	7	9	5	0.4
id-05407	6	10	18	0.4
id-05408	3	2	9	0.3
id-05409	5	10	2	0.2
id-05410	3	2	26	0.4
id-05411	2	3	8	0.5
id-05412	10	4	20	0.4
id-05413	2	3	13	0.3
id-05414	2	4	10	0.2
id-05415	1	2	23	0.2
id-05416	9	5	1	0.4
id-05417	8	8	30	0.4
id-05418	4	7	7	0.5
id-05419	10	12	19	0.4
id-05420	5	8	28	0.5
id-05421	9	7	14	0.3
id-05422	4	5	22	0.4
id-05423	4	7	13	0.4
id-05424	1	2	20	0.2
id-05425	4	6	28	0.2
id-05426	8	4	23	0.3
id-05427	6	10	19	0.4
id-05428	9	5	17	0.3
id-05429	4	2	27	0.4
id-05430	7	8	24	0.2
id-05431	9	9	26	0.4
id-05432	5	7	27	0.3
id-05433	2	3	16	0.4
id-05434	7	6	24	0.4
id-05435	5	8	27	0.2
id-05436	10	12	28	0.3
id-05437	6	9	22	0.3
id-05438	6	9	26	0.2
id-05439	8	2	10	0.4
id-05440	5	2	23	0.4
id-05441	1	2	5	0.3
id-05442	7	12	1	0.3
id-05443	10	15	30	0.3
id-05444	5	6	29	0.3
id-05445	2	3	14	0.4
id-05446	5	6	22	0.3
id-05447	1	2	14	0.2
id-05448	1	2	23	0.5
id-05449	4	2	27	0.3
id-05450	9	16	24	0.3
id-05451	10	4	13	0.3
id-05452	1	2	8	0.2
id-05453	10	18	23	0.5
id-05454	8	11	14	0.4
id-05455	9	5	25	0.4
id-05456	4	7	16	0.3
id-05457	2	3	25	0.3
id-05458	9	17	3	0.3
id-05459	1	2	6	0.2
id-05460	8	4	3	0.3
id-05461	6	7	5	0.3
id-05462	5	4	21	0.4
id-05463	3	4	5	0.4
id-05464	7	13	30	0.4
id-05465	1	2	7	0.3
id-05466	9	7	23	0.2
id-05467	10	5	8	0.2
id-05468	8	16	5	0.3
id-05469	5	3	26	0.3
id-05470	5	10	3	0.4
id-05471	10	2	13	0.3
id-05472	3	5	19	0.3
id-05473	2	3	23	0.2
id-05474	7	3	5	0.5
id-05475	4	3	17	0.5
id-05476	6	10	26	0.2
id-05477	5	6	1	0.4
id-05478	8	11	25	0.3
id-05479	8	4	18	0.2
id-05480	3	4	1	0.3
id-05481	6	6	29	0.2
id-05482	8	10	18	0.5
id-05483	6	2	27	0.4
id-05484	3	4	13	0.3
id-05485	7	7	12	0.4
id-05486	5	7	30	0.2
id-05487	5	6	25	0.4
id-05488	5	4	21	0.2
id-05489	4	5	21	0.3
id-05490	2	2	20	0.5
id-05491	6	7	19	0.3
id-05492	7	4	23	0.5
id-05493	8	8	14	0.2
id-05494	10	2	14	0.5
id-05495	10	15	22	0.4
id-05496	5	4	27	0.4
id-05497	1	2	4	0.5
id-05498	5	5	20	0.3
id-05499	2	3	5	0.4
id-05500	9	6	29	0.3
id-05501	10	7	28	0.3
id-05502	5	2	16	0.4
id-05503	6	4	30	0.4
id-05504	2	3	9	0.5
id-05505	7	11	24	0.3
id-05506	6	11	27	0.4
id-05507	4	7	8	0.5
id-05508	7	12	29	0.2
id-05509	6	7	24	0.4
id-05510	6	12	21	0.2
id-05511	3	5	27	0.3
id-05512	6	10	13	0.3
id-05513	6	4	12	0.4
id-05514	1	2	28	0.5
id-05515	8	2	17	0.2
id-05516	9	10	19	0.2
id-05517	9	8	19	0.2
id-05518	2	3	16	0.4
id-05519	1	2	9	0.4
id-05520	2	3	10	0.3
id-05521	10	13	4	0.2
id-05522	8	5	12	0.4
id-05523	10	8	25	0.3
id-05524	8	4	27	0.5
id-05525	7	6	10	0.5
id-05526	4	2	12	0.4
id-05527	4	4	22	0.2
id-05528	9	5	1	0.3
id-05529	9	16	14	0.4
id-05530	5	9	15	0.3
id-05531	4	8	2	0.5
id-05532	10	10	9	0.3
id-05533	10	9	21	0.3
id-05534	3	2	18	0.5
id-05535	1	2	4	0.3
id-05536	9	15	24	0.3
id-05537	5	10	23	0.4
id-05538	8	8	5	0.3
id-05539	4	2	22	0.3
id-05540	6	9	11	0.5
id-05541	3	5	27	0.3
id-05542	9	4	14	0.3
id-05543	9	9	23	0.4
id-05544	2	2	18	0.4
id-05545	3	6	20	0.4
id-05546	7	2	14	0.3
id-05547	2	4	22	0.3
id-05548	5	6	26	0.4
id-05549	3	5	21	0.3
id-05550	3	5	30	0.4
id-05551	10	8	25	0.4
id-05552	4	4	18	0.3
id-05553	1	2	29	0.3
id-05554	7	7	18	0.2
id-05555	1	2	5	0.5
id-05556	1	2	20	0.5
id-05557	5	10	4	0.3
id-05558	3	3	16	0.3
id-05559	6	5	24	0.4
id-05560	5	3	3	0.4
id-05561	9	14	27	0.3
id-05562	7	11	4	0.4
id-05563	9	5	15	0.3
id-05564	2	3	6	0.3
id-05565	8	5	11	0.5
id-05566	3	4	17	0.4
id-05567	9	7	10	0.4
id-05568	7	12	9	0.4
id-05569	8	8	29	0.5
id-05570	6	7	1	0.3
id-05571	10	20	14	0.2
id-05572	3	6	4	0.3
id-05573	9	15	19	0.5
id-05574	10	20	8	0.2
id-05575	4	7	24	0.3
id-05576	9	5	19	0.4
id-05577	10	11	22	0.4
id-05578	1	2	3	0.3
id-05579	8	9	21	0.2
id-05580	6	8	21	0.5
id-05581	5	10	17	0.3
id-05582	6	2	1	0.3
id-05583	6	6	6	0.4
id-05584	6	10	13	0.4
id-05585	3	6	22	0.3
id-05586	8	6	19	0.4
id-05587	7	13	21	0.2
id-05588	10	10	16	0.4
id-05589	7	6	9	0.2
id-05590	4	5	28	0.5
id-05591	7	13	21	0.4
id-05592	1	2	8	0.3
id-05593	1	2	29	0.4
id-05594	2	2	17	0.3
id-05595	8	8	17	0.5
id-05596	7	6	3	0.3
id-05597	2	4	29	0.3
id-05598	8	12	14	0.5
id-05599	10	14	8	0.5
id-05600	3	5	27	0.5
id-05601	9	15	19	0.3
id-05602	7	9	4	0.5
id-05603	5	3	21	0.5
id-05604	3	4	17	0.3
id-05605	4	3	22	0.3
id-05606	3	2	13	0.3
id-05607	4	8	14	0.4
id-05608	10	13	25	0.2
id-05609	3	6	3	0.3
id-05610	10	15	2	0.5
id-05611	2	3	18	0.3
id-05612	6	7	15	0.3
id-05613	3	6	12	0.4
id-05614	2	2	17	0.5
id-05615	1	2	1	0.3
id-05616	2	4	19	0.4
id-05617	7	12	8	0.5
id-05618	4	7	12	0.3
id-05619	6	7	30	0.4
id-05620	6	9	6	0.3
id-05621	4	3	21	0.4
id-05622	9	16	23	0.3
id-05623	5	9	1	0.3
id-05624	9	15	20	0.3
id-05625	5	5	19	0.4
id-05626	9	6	4	0.2
id-05627	3	6	29	0.4
id-05628	10	15	15	0.4
id-05629	10	15	6	0.3
id-05630	2	4	23	0.2
id-05631	7	11	14	0.2
id-05632	1	2	1	0.3
id-05633	2	3	19	0.3
id-05634	2	3	27	0.3
id-05635	10	14	6	0.3
id-05636	10	12	28	0.2
id-05637	1	2	19	0.5
id-05638	6	5	15	0.3
id-05639	1	2	8	0.3
id-05640	1	2	25	0.2
id-05641	10	14	1	0.5
id-05642	2	2	6	0.3
id-05643	10	12	28	0.5
id-05644	10	11	9	0.3
id-05645	4	5	11	0.3
id-05646	4	6	10	0.3
id-05647	1	2	1	0.2
id-05648	2	2	26	0.4
id-05649	9	4	24	0.2
id-05650	8	4	14	0.2
id-05651	9	10	1	0.5
id-05652	5	10	9	0.5
id-05653	10	3	5	0.3
id-05654	10	13	29	0.3
id-05655	1	2	29	0.5
id-05656	1	2	3	0.5
id-05657	6	2	19	0.3
id-05658	9	5	12	0.5
id-05659	7	11	1	0.5
id-05660	5	9	14	0.3
id-05661	10	7	7	0.4
id-05662	6	10	18	0.3
id-05663	7	14	20	0.3
id-05664	7	11	18	0.3
id-05665	10	20	13	0.2
id-05666	1	2	29	0.2
id-05667	1	2	12	0.4
id-05668	6	12	4	0.5
id-05669	1	2	28	0.3
id-05670	4	4	17	0.4
id-05671	7	8	20	0.3
id-05672	5	10	30	0.2
id-05673	5	3	8	0.2
id-05674	3	4	2	0.3
id-05675	8	14	6	0.3
id-05676	10	17	27	0.3
id-05677	8	15	21	0.5
id-05678	6	9	1	0.4
id-05679	4	7	15	0.4
id-05680	7	14	19	0.5
id-05681	10	3	19	0.4
id-05682	4	7	9	0.5
id-05683	8	16	12	0.4
id-05684	2	3	28	0.4
id-05685	1	2	18	0.2
id-05686	1	2	28	0.2
id-05687	7	7	2	0.4
id-05688	10	16	13	0.2
id-05689	6	7	27	0.2
id-05690	3	2	3	0.2
id-05691	8	11	22	0.3
id-05692	8	14	29	0.3
id-05693	8	7	19	0.4
id-05694	5	4	17	0.3
id-05695	5	5	7	0.5
id-05696	2	3	21	0.4
id-05697	3	4	6	0.4
id-05698	3	5	22	0.3
id-05699	5	7	4	0.4
id-05700	6	9	4	0.5
id-05701	6	4	11	0.4
id-05702	8	6	29	0.5
id-05703	8	7	4	0.3
id-05704	1	2	29	0.2
id-05705	9	12	24	0.3
id-05706	2	3	20	0.2
id-05707	8	13	14	0.4
id-05708	5	9	19	0.4
id-05709	9	15	11	0.4
id-05710	5	2	24	0.3
id-05711	5	2	2	0.4
id-05712	3	2	17	0.2
id-05713	5	5	17	0.4
id-05714	10	20	26	0.4
id-05715	2	3	1	0.3
id-05716	9	16	6	0.4
id-05717	5	6	27	0.4
id-05718	4	4	17	0.5
id-05719	7	7	2	0.4
id-05720	2	3	24	0.3
id-05721	6	9	23	0.3
id-05722	5	3	2	0.2
id-05723	1	2	14	0.2
id-05724	7	2	23	0.4
id-05725	10	19	2	0.4
id-05726	1	2	25	0.5
id-05727	10	8	17	0.4
id-05728	9	13	30	0.2
id-05729	4	2	7	0.4
id-05730	6	2	16	0.2
id-05731	2	4	6	0.4
id-05732	2	2	2	0.5
id-05733	6	4	6	0.5
id-05734	8	6	23	0.3
id-05735	7	2	2	0.5
id-05736	3	4	29	0.2
id-05737	3	4	24	0.3
id-05738	1	2	22	0.3
id-05739	3	4	4	0.4
id-05740	1	2	7	0.5
id-05741	5	5	3	0.5
id-05742	5	4	21	0.3
id-05743	8	12	11	0.4
id-05744	2	3	2	0.4
id-05745	7	12	18	0.4
id-05746	2	3	4	0.4
id-05747	3	6	23	0.3
id-05748	5	6	7	0.3
id-05749	2	3	11	0.3
id-05750	2	2	18	0.3
id-05751	2	3	21	0.3
id-05752	6	11	16	0.4
id-05753	9	7	18	0.4
id-05754	5	8	2	0.3
id-05755	5	8	8	0.4
id-05756	8	6	10	0.3
id-05757	7	12	1	0.2
id-05758	5	4	25	0.4
id-05759	8	13	10	0.3
id-05760	5	2	25	0.3
id-05761	5	5	21	0.5
id-05762	8	12	11	0.3
id-05763	3	3	22	0.4
id-05764	7	13	2	0.4
id-05765	9	15	29	0.5
id-05766	6	4	20	0.4
id-05767	8	12	26	0.2
id-05768	8	16	19	0.2
id-05769	8	16	7	0.2
id-05770	1	2	29	0.4
id-05771	9	9	6	0.4
id-05772	8	16	23	0.3
id-05773	2	2	3	0.2
id-05774	9	18	4	0.3
id-05775	8	3	19	0.3
id-05776	3	5	3	0.3
id-05777	4	2	19	0.4
id-05778	8	13	11	0.2
id-05779	1	2	21	0.4
id-05780	3	5	5	0.4
id-05781	9	17	13	0.5
id-05782	3	2	11	0.4
id-05783	3	4	23	0.4
id-05784	10	12	8	0.5
id-05785	5	4	8	0.4
id-05786	6	9	3	0.2
id-05787	4	4	3	0.3
id-05788	8	11	6	0.3
id-05789	10	17	20	0.3
id-05790	1	2	11	0.3
id-05791	1	2	21	0.4
id-05792	1	2	14	0.4
id-05793	6	4	20	0.5
id-05794	3	3	13	0.3
id-05795	1	2	2	0.2
id-05796	2	4	20	0.4
id-05797	2	3	13	0.3
id-05798	1	2	27	0.3
id-05799	8	6	21	0.5
id-05800	3	4	29	0.3
id-05801	9	16	13	0.2
id-05802	7	9	18	0.4
id-05803	1	2	26	0.5
id-05804	9	10	12	0.5
id-05805	4	7	27	0.4
id-05806	9	5	26	0.3
id-05807	6	10	20	0.3
id-05808	4	2	15	0.4
id-05809	8	3	25	0.2
id-05810	1	2	18	0.3
id-05811	7	6	28	0.2
id-05812	7	5	4	0.3
id-05813	7	9	1	0.4
id-05814	5	4	20	0.4
id-05815	3	3	12	0.3
id-05816	8	12	6	0.3
id-05817	10	20	27	0.2
id-05818	8	4	11	0.5
id-05819	5	4	12	0.3
id-05820	5	2	18	0.3
id-05821	6	9	10	0.3
id-05822	2	3	2	0.5
id-05823	9	12	29	0.4
id-05824	4	2	20	0.3
id-05825	9	11	19	0.4
id-05826	9	8	8	0.5
id-05827	5	8	21	0.3
id-05828	8	14	6	0.4
id-05829	1	2	2	0.4
id-05830	9	14	26	0.3
id-05831	1	2	3	0.3
id-05832	9	5	7	0.2
id-05833	3	4	4	0.2
id-05834	7	6	11	0.3
id-05835	10	11	22	0.4
id-05836	7	4	1	0.2
id-05837	2	2	22	0.4
id-05838	4	6	23	0.4
id-05839	2	4	21	0.4
id-05840	2	3	27	0.4
id-05841	6	6	4	0.5
id-05842	1	2	14	0.5
id-05843	5	2	3	0.2
id-05844	3	4	19	0.2
id-05845	7	8	19	0.4
id-05846	1	2	1	0.5
id-05847	8	6	30	0.2
id-05848	9	4	4	0.3
id-05849	2	2	17	0.3
id-05850	10	20	9	0.4
id-05851	2	3	12	0.3
id-05852	9	13	22	0.3
id-05853	3	3	5	0.4
id-05854	6	2	13	0.4
id-05855	3	5	8	0.5
id-05856	8	12	26	0.3
id-05857	7	7	2	0.2
id-05858	6	10	8	0.4
id-05859	8	15	24	0.4
id-05860	7	14	10	0.3
id-05861	9	2	2	0.4
id-05862	7	5	4	0.2
id-05863	2	2	28	0.4
id-05864	2	3	22	0.4
id-05865	1	2	4	0.3
id-05866	5	10	10	0.2
id-05867	1	2	2	0.3
id-05868	8	11	1	0.3
id-05869	4	4	19	0.4
id-05870	10	10	15	0.5
id-05871	8	13	26	0.5
id-05872	8	9	16	0.4
id-05873	6	10	11	0.4
id-05874	8	12	29	0.4
id-05875	9	18	27	0.5
id-05876	3	5	17	0.3
id-05877	6	9	4	0.4
id-05878	1	2	16	0.3
id-05879	4	8	19	0.2
id-05880	6	2	19	0.2
id-05881	8	12	14	0.2
id-05882	7	5	3	0.3
id-05883	6	6	26	0.3
id-05884	2	3	30	0.4
id-05885	2	4	25	0.5
id-05886	2	2	29	0.5
id-05887	3	5	12	0.4
id-05888	9	12	23	0.3
id-05889	7	10	23	0.4
id-05890	4	6	7	0.4
id-05891	1	2	17	0.3
id-05892	4	8	15	0.3
id-05893	1	2	11	0.2
id-05894	7	4	8	0.3
id-05895	9	4	22	0.3
id-05896	7	3	18	0.3
id-05897	5	9	26	0.3
id-05898	1	2	6	0.3
id-05899	7	6	22	0.2
id-05900	10	15	1	0.2
id-05901	4	6	27	0.3
id-05902	5	7	25	0.4
id-05903	6	3	3	0.4
id-05904	2	2	7	0.5
id-05905	7	7	24	0.5
id-05906	8	4	7	0.4
id-05907	9	12	19	0.5
id-05908	5	6	30	0.4
id-05909	8	7	18	0.3
id-05910	7	8	23	0.5
id-05911	9	7	1	0.3
id-05912	7	6	1	0.4
id-05913	1	2	28	0.4
id-05914	1	2	14	0.4
id-05915	7	10	14	0.3
id-05916	3	6	20	0.4
id-05917	6	12	15	0.4
id-05918	6	9	14	0.3
id-05919	9	5	4	0.2
id-05920	5	10	28	0.4
id-05921	3	5	29	0.4
id-05922	8	5	16	0.3
id-05923	1	2	8	0.5
id-05924	3	6	6	0.3
id-05925	1	2	18	0.5
id-05926	9	9	3	0.3
id-05927	5	9	30	0.2
id-05928	8	3	20	0.4
id-05929	4	6	5	0.2
id-05930	5	2	6	0.5
id-05931	5	10	8	0.4
id-05932	1	2	2	0.3
id-05933	6	3	6	0.2
id-05934	4	7	27	0.5
id-05935	6	10	22	0.5
id-05936	3	5	14	0.4
id-05937	4	7	20	0.3
id-05938	2	2	15	0.5
id-05939	3	3	22	0.3
id-05940	9	3	5	0.4
id-05941	7	11	20	0.5
id-05942	4	6	3	0.5
id-05943	5	4	24	0.5
id-05944	1	2	3	0.5
id-05945	9	13	29	0.3
id-05946	10	15	7	0.3
id-05947	2	3	24	0.3
id-05948	1	2	6	0.5
id-05949	1	2	25	0.2
id-05950	9	18	24	0.5
id-05951	3	3	28	0.3
id-05952	7	3	6	0.5
id-05953	1	2	4	0.4
id-05954	1	2	7	0.5
id-05955	4	3	13	0.2
id-05956	1	2	12	0.4
id-05957	6	9	3	0.2
id-05958	9	9	17	0.4
id-05959	7	10	1	0.2
id-05960	8	14	22	0.4
id-05961	4	2	12	0.4
id-05962	8	9	19	0.3
id-05963	2	3	17	0.3
id-05964	7	6	21	0.5
id-05965	2	4	19	0.3
id-05966	8	10	9	0.3
id-05967	2	4	10	0.4
id-05968	10	11	19	0.3
id-05969	7	12	4	0.3
id-05970	4	3	17	0.4
id-05971	3	5	3	0.3
id-05972	8	13	10	0.4
id-05973	10	10	17	0.5
id-05974	4	7	25	0.4
id-05975	8	5	9	0.5
id-05976	3	5	9	0.3
id-05977	3	5	4	0.4
id-05978	5	8	11	0.5
id-05979	5	10	7	0.3
id-05980	5	6	17	0.4
id-05981	4	3	12	0.3
id-05982	2	2	19	0.3
id-05983	6	3	20	0.3
id-05984	6	10	28	0.5
id-05985	10	2	22	0.4
id-05986	4	8	22	0.4
id-05987	2	2	5	0.4
id-05988	3	3	30	0.3
id-05989	9	8	23	0.3
id-05990	6	11	16	0.5
id-05991	3	2	11	0.3
id-05992	2	4	20	0.4
id-05993	1	2	2	0.3
id-05994	8	7	12	0.3
id-05995	10	2	14	0.3
id-05996	6	7	10	0.3
id-05997	5	4	19	0.3
id-05998	4	4	9	0.3
id-05999	1	2	14	0.3
id-06000	10	16	16	0.3
id-06001	3	4	8	0.5
id-06002	1	2	6	0.5
id-06003	8	14	23	0.4
id-06004	9	14	5	0.5
id-06005	1	2	11	0.2
id-06006	5	5	11	0.3
id-06007	10	8	25	0.4
id-06008	2	2	21	0.2
id-06009	9	6	15	0.3
id-06010	6	5	4	0.4
id-06011	8	9	10	0.2
id-06012	9	4	22	0.4
id-06013	6	6	12	0.4
id-06014	4	2	12	0.3
id-06015	4	7	1	0.2
id-06016	8	13	29	0.2
id-06017	7	6	24	0.4
id-06018	4	5	26	0.3
id-06019	3	6	24	0.2
id-06020	3	5	17	0.4
id-06021	1	2	19	0.4
id-06022	9	13	23	0.4
id-06023	2	2	3	0.5
id-06024	10	10	30	0.5
id-06025	1	2	7	0.3
id-06026	6	5	30	0.3
id-06027	2	4	4	0.4
id-06028	5	8	5	0.4
id-06029	9	17	24	0.4
id-06030	3	3	28	0.2
id-06031	4	6	16	0.2
id-06032	1	2	18	0.2
id-06033	2	2	24	0.3
id-06034	1	2	26	0.2
id-06035	10	12	15	0.4
id-06036	4	7	17	0.4
id-06037	5	8	19	0.2
id-06038	1	2	16	0.5
id-06039	2	2	2	0.4
id-06040	7	7	20	0.3
id-06041	4	2	22	0.2
id-06042	4	8	4	0.4
id-06043	3	3	21	0.5
id-06044	7	4	7	0.4
id-06045	5	5	12	0.5
id-06046	3	6	24	0.3
id-06047	4	3	27	0.3
id-06048	3	5	7	0.4
id-06049	1	2	16	0.3
id-06050	1	2	19	0.3
id-06051	5	4	12	0.3
id-06052	1	2	7	0.3
id-06053	5	3	21	0.4
id-06054	10	10	10	0.4
id-06055	2	4	28	0.4
id-06056	6	10	19	0.3
id-06057	10	2	28	0.2
id-06058	10	18	22	0.2
id-06059	7	13	8	0.4
id-06060	7	4	8	0.4
id-06061	7	12	13	0.4
id-06062	2	4	19	0.2
id-06063	5	8	17	0.2
id-06064	7	10	20	0.5
id-06065	5	10	9	0.3
id-06066	7	6	16	0.4
id-06067	3	5	16	0.2
id-06068	6	12	23	0.2
id-06069	6	5	19	0.4
id-06070	6	12	29	0.4
id-06071	1	2	22	0.3
id-06072	7	6	30	0.3
id-06073	7	4	29	0.3
id-06074	10	11	5	0.3
id-06075	7	8	20	0.4
id-06076	3	5	1	0.2
id-06077	4	3	3	0.3
id-06078	10	17	1	0.4
id-06079	6	3	16	0.4
id-06080	4	6	23	0.4
id-06081	6	11	13	0.4
id-06082	6	2	6	0.3
id-06083	7	8	18	0.4
id-06084	6	6	23	0.3
id-06085	4	6	12	0.3
id-06086	6	6	11	0.3
id-06087	7	7	17	0.3
id-06088	5	2	9	0.2
id-06089	7	8	4	0.3
id-06090	2	2	29	0.3
id-06091	9	7	10	0.2
id-06092	10	7	19	0.5
id-06093	3	2	15	0.5
id-06094	9	17	29	0.2
id-06095	6	2	2	0.2
id-06096	3	2	7	0.4
id-06097	8	4	28	0.2
id-06098	4	4	11	0.2
id-06099	3	2	9	0.2
id-06100	6	12	5	0.3
id-06101	6	7	3	0.5
id-06102	10	16	4	0.4
id-06103	4	7	28	0.3
id-06104	4	2	4	0.4
id-06105	4	2	5	0.4
id-06106	6	5	15	0.4
id-06107	2	2	10	0.3
id-06108	4	4	27	0.4
id-06109	3	6	8	0.3
id-06110	10	7	1	0.5
id-06111	7	7	28	0.4
id-06112	2	3	22	0.2
id-06113	6	7	13	0.5
id-06114	1	2	26	0.2
id-06115	7	11	12	0.4
id-06116	1	2	28	0.4
id-06117	7	12	27	0.5
id-06118	6	5	4	0.4
id-06119	6	4	3	0.4
id-06120	8	11	17	0.2
id-06121	9	11	10	0.2
id-06122	1	2	29	0.4
id-06123	9	13	10	0.2
id-06124	2	3	4	0.3
id-06125	4	6	30	0.3
id-06126	10	8	30	0.4
id-06127	5	3	12	0.2
id-06128	5	6	24	0.4
id-06129	2	4	27	0.5
id-06130	10	10	3	0.5
id-06131	5	3	11	0.3
id-06132	8	12	2	0.3
id-06133	5	5	21	0.2
id-06134	4	7	13	0.3
id-06135	1	2	1	0.4
id-06136	8	4	27	0.4
id-06137	2	3	4	0.5
id-06138	8	15	18	0.2
id-06139	2	3	29	0.3
id-06140	3	4	12	0.3
id-06141	10	16	29	0.4
id-06142	6	8	25	0.5
id-06143	7	13	12	0.5
id-06144	9	16	24	0.3
id-06145	2	4	27	0.4
id-06146	10	16	2	0.2
id-06147	1	2	23	0.3
id-06148	6	7	3	0.4
id-06149	9	5	5	0.2
id-06150	7	9	29	0.4
id-06151	1	2	1	0.2
id-06152	8	5	20	0.3
id-06153	1	2	13	0.4
id-06154	4	6	18	0.4
id-06155	6	8	16	0.3
id-06156	6	9	27	0.4
id-06157	8	14	9	0.4
id-06158	3	6	25	0.4
id-06159	5	10	20	0.4
id-06160	2	3	24	0.5
id-06161	8	3	28	0.4
id-06162	4	8	19	0.3
id-06163	8	5	15	0.2
id-06164	2	4	20	0.4
id-06165	7	8	17	0.4
id-06166	4	5	2	0.4
id-06167	9	17	28	0.4
id-06168	7	8	6	0.2
id-06169	9	12	19	0.5
id-06170	4	2	10	0.5
id-06171	9	15	27	0.4
id-06172	1	2	6	0.3
id-06173	4	5	13	0.5
id-06174	2	4	12	0.3
id-06175	9	13	22	0.2
id-06176	6	12	14	0.4
id-06177	7	6	29	0.5
id-06178	1	2	29	0.4
id-06179	1	2	14	0.4
id-06180	2	3	6	0.2
id-06181	4	6	24	0.3
id-06182	1	2	25	0.3
id-06183	2	3	11	0.3
id-06184	6	2	27	0.5
id-06185	5	3	30	0.3
id-06186	1	2	22	0.5
id-06187	2	2	14	0.5
id-06188	6	12	9	0.5
id-06189	10	18	1	0.4
id-06190	4	4	1	0.2
id-06191	1	2	2	0.4
id-06192	5	4	13	0.4
id-06193	4	4	27	0.3
id-06194	1	2	18	0.4
id-06195	5	9	1	0.2
id-06196	6	2	8	0.3
id-06197	9	6	27	0.5
id-06198	1	2	8	0.3
id-06199	3	2	28	0.4
id-06200	10	16	1	0.4
id-06201	1	2	15	0.3
id-06202	5	9	10	0.5
id-06203	3	6	11	0.4
id-06204	7	14	14	0.4
id-06205	9	3	29	0.2
id-06206	10	14	4	0.2
id-06207	5	8	26	0.4
id-06208	5	10	16	0.4
id-06209	4	2	16	0.3
id-06210	1	2	20	0.3
id-06211	3	6	17	0.2
id-06212	6	12	9	0.2
id-06213	10	12	13	0.4
id-06214	4	8	24	0.5
id-06215	9	7	2	0.2
id-06216	7	10	6	0.4
id-06217	6	5	27	0.5
id-06218	1	2	27	0.3
id-06219	8	12	9	0.5
id-06220	3	3	30	0.2
id-06221	2	4	5	0.3
id-06222	10	10	26	0.4
id-06223	6	9	16	0.4
id-06224	8	3	26	0.5
id-06225	2	3	21	0.3
id-06226	3	3	18	0.5
id-06227	5	5	8	0.4
id-06228	6	9	5	0.3
id-06229	8	13	22	0.3
id-06230	6	11	24	0.3
id-06231	1	2	10	0.2
id-06232	6	11	12	0.3
id-06233	3	5	2	0.4
id-06234	1	2	27	0.2
id-06235	7	9	19	0.2
id-06236	7	10	21	0.5
id-06237	9	13	9	0.5
id-06238	10	4	29	0.3
id-06239	7	4	17	0.5
id-06240	10	12	1	0.5
id-06241	3	3	17	0.4
id-06242	6	7	13	0.4
id-06243	9	17	13	0.4
id-06244	5	2	17	0.4
id-06245	10	6	23	0.4
id-06246	1	2	13	0.3
id-06247	8	8	4	0.5
id-06248	2	2	23	0.4
id-06249	1	2	9	0.2
id-06250	7	12	25	0.3
id-06251	8	10	14	0.4
id-06252	8	7	8	0.3
id-06253	5	4	25	0.3
id-06254	9	2	30	0.5
id-06255	1	2	30	0.5
id-06256	1	2	7	0.5
id-06257	3	4	30	0.3
id-06258	4	4	7	0.4
id-06259	10	19	19	0.5
id-06260	4	6	9	0.2
id-06261	4	2	11	0.3
id-06262	2	4	27	0.4
id-06263	5	2	19	0.4
id-06264	1	2	18	0.3
id-06265	8	9	20	0.3
id-06266	6	12	26	0.4
id-06267	4	8	4	0.5
id-06268	5	3	28	0.4
id-06269	4	5	8	0.4
id-06270	8	10	19	0.3
id-06271	3	4	25	0.5
id-06272	8	14	2	0.5
id-06273	2	3	20	0.3
id-06274	7	4	1	0.2
id-06275	10	16	15	0.4
id-06276	10	17	17	0.4
id-06277	4	3	11	0.3
id-06278	8	8	5	0.3
id-06279	3	2	15	0.4
id-06280	1	2	30	0.5
id-06281	3	5	13	0.3
id-06282	1	2	17	0.4
id-06283	8	15	28	0.3
id-06284	7	8	16	0.4
id-06285	2	4	10	0.2
id-06286	6	7	13	0.5
id-06287	1	2	13	0.4
id-06288	6	8	3	0.5
id-06289	8	3	8	0.5
id-06290	4	7	13	0.4
id-06291	7	14	16	0.3
id-06292	7	3	17	0.5
id-06293	10	4	3	0.3
id-06294	10	4	21	0.5
id-06295	4	6	30	0.3
id-06296	1	2	12	0.2
id-06297	1	2	4	0.3
id-06298	3	3	17	0.4
id-06299	3	3	21	0.4
id-06300	2	3	13	0.5
id-06301	7	9	15	0.4
id-06302	8	9	10	0.3
id-06303	7	2	7	0.2
id-06304	2	3	21	0.4
id-06305	5	8	23	0.3
id-06306	2	2	28	0.4
id-06307	8	11	20	0.4
id-06308	9	6	28	0.3
id-06309	2	4	7	0.4
id-06310	8	5	7	0.2
id-06311	7	5	22	0.5
id-06312	8	7	19	0.3
id-06313	2	4	6	0.4
id-06314	2	3	20	0.3
id-06315	4	3	25	0.2
id-06316	6	11	21	0.4
id-06317	1	2	10	0.4
id-06318	5	7	12	0.4
id-06319	9	4	28	0.3
id-06320	3	3	21	0.2
id-06321	9	3	30	0.2
id-06322	10	9	18	0.4
id-06323	3	4	7	0.2
id-06324	1	2	2	0.4
id-06325	7	2	11	0.3
id-06326	3	6	13	0.5
id-06327	5	8	5	0.4
id-06328	1	2	2	0.4
id-06329	10	3	21	0.5
id-06330	3	3	17	0.4
id-06331	9	17	29	0.4
id-06332	1	2	23	0.2
id-06333	8	6	26	0.5
id-06334	3	3	8	0.3
id-06335	4	2	25	0.3
id-06336	6	5	4	0.2
id-06337	8	5	7	0.3
id-06338	6	6	2	0.4
id-06339	1	2	10	0.4
id-06340	5	6	12	0.3
id-06341	6	5	20	0.3
id-06342	4	6	25	0.4
id-06343	6	9	7	0.4
id-06344	10	6	6	0.3
id-06345	9	7	26	0.2
id-06346	4	6	15	0.2
id-06347	9	8	4	0.5
id-06348	1	2	1	0.4
id-06349	7	14	20	0.4
id-06350	10	14	22	0.5
id-06351	8	10	24	0.2
id-06352	7	5	16	0.3
id-06353	6	9	19	0.5
id-06354	3	4	19	0.3
id-06355	5	8	2	0.4
id-06356	4	5	11	0.5
id-06357	1	2	16	0.4
id-06358	10	14	6	0.3
id-06359	1	2	14	0.4
id-06360	9	5	1	0.3
id-06361	8	6	8	0.5
id-06362	4	2	8	0.4
id-06363	2	4	27	0.4
id-06364	2	2	27	0.2
id-06365	7	14	2	0.5
id-06366	4	4	14	0.4
id-06367	8	14	29	0.3
id-06368	6	2	7	0.4
id-06369	2	4	5	0.4
id-06370	8	16	25	0.5
id-06371	1	2	14	0.3
id-06372	7	11	17	0.3
id-06373	6	11	30	0.4
id-06374	8	9	23	0.4
id-06375	10	6	21	0.4
id-06376	2	2	16	0.4
id-06377	9	12	14	0.3
id-06378	5	8	1	0.5
id-06379	4	4	17	0.3
id-06380	10	14	1	0.5
id-06381	9	7	21	0.3
id-06382	6	2	17	0.5
id-06383	1	2	14	0.5
id-06384	5	5	11	0.3
id-06385	3	3	14	0.5
id-06386	10	8	17	0.4
id-06387	1	2	24	0.2
id-06388	3	2	24	0.5
id-06389	10	6	20	0.4
id-06390	7	13	26	0.4
id-06391	3	5	18	0.3
id-06392	8	4	28	0.3
id-06393	3	5	8	0.4
id-06394	3	6	26	0.2
id-06395	8	7	14	0.5
id-06396	4	7	1	0.3
id-06397	1	2	4	0.4
id-06398	4	2	16	0.5
id-06399	7	10	18	0.4
id-06400	8	12	18	0.3
id-06401	1	2	23	0.3
id-06402	10	6	26	0.5
id-06403	1	2	7	0.3
id-06404	2	4	3	0.2
id-06405	9	11	6	0.4
id-06406	9	14	15	0.2
id-06407	5	6	28	0.3
id-06408	6	8	28	0.4
id-06409	7	3	18	0.2
id-06410	6	10	3	0.4
id-06411	9	2	29	0.4
id-06412	4	7	27	0.2
id-06413	4	6	30	0.2
id-06414	5	7	22	0.3
id-06415	6	6	4	0.3
id-06416	10	5	26	0.5
id-06417	1	2	2	0.5
id-06418	9	16	22	0.4
id-06419	7	4	2	0.2
id-06420	2	2	8	0.2
id-06421	5	6	6	0.5
id-06422	4	5	26	0.2
id-06423	2	4	11	0.3
id-06424	8	8	24	0.4
id-06425	4	8	26	0.4
id-06426	9	13	25	0.5
id-06427	5	3	10	0.3
id-06428	7	3	23	0.4
id-06429	8	9	27	0.3
id-06430	5	4	15	0.5
id-06431	7	9	10	0.3
id-06432	8	2	20	0.3
id-06433	7	14	6	0.4
id-06434	9	8	25	0.4
id-06435	9	6	25	0.5
id-06436	10	9	20	0.4
id-06437	8	2	29	0.5
id-06438	2	4	14	0.2
id-06439	8	12	9	0.3
id-06440	9	14	16	0.4
id-06441	3	6	23	0.3
id-06442	10	5	2	0.4
id-06443	5	4	27	0.2
id-06444	4	5	20	0.5
id-06445	5	6	11	0.3
id-06446	9	18	8	0.5
id-06447	2	4	11	0.4
id-06448	8	16	17	0.4
id-06449	7	5	21	0.4
id-06450	3	5	13	0.4
id-06451	4	8	19	0.2
id-06452	1	2	21	0.2
id-06453	8	4	7	0.3
id-06454	4	2	6	0.2
id-06455	9	14	16	0.3
id-06456	7	7	29	0.2
id-06457	9	2	7	0.3
id-06458	4	4	5	0.4
id-06459	7	6	18	0.3
id-06460	3	6	1	0.3
id-06461	4	4	24	0.2
id-06462	9	16	22	0.3
id-06463	9	13	19	0.4
id-06464	4	2	17	0.3
id-06465	9	6	11	0.2
id-06466	10	11	17	0.2
id-06467	1	2	2	0.5
id-06468	7	7	27	0.3
id-06469	1	2	30	0.4
id-06470	3	3	21	0.4
id-06471	1	2	3	0.5
id-06472	7	8	14	0.3
id-06473	7	14	3	0.3
id-06474	8	8	23	0.4
id-06475	2	2	13	0.3
id-06476	7	13	1	0.3
id-06477	3	2	6	0.2
id-06478	10	13	17	0.4
id-06479	6	12	13	0.3
id-06480	7	2	15	0.3
id-06481	2	3	9	0.5
id-06482	9	13	18	0.4
id-06483	4	6	24	0.3
id-06484	6	5	6	0.2
id-06485	10	3	26	0.5
id-06486	6	2	16	0.3
id-06487	7	13	20	0.2
id-06488	1	2	27	0.3
id-06489	6	5	11	0.3
id-06490	8	4	1	0.3
id-06491	2	2	1	0.5
id-06492	2	4	30	0.3
id-06493	10	7	26	0.4
id-06494	1	2	13	0.4
id-06495	10	14	16	0.2
id-06496	10	5	9	0.2
id-06497	5	7	30	0.4
id-06498	3	2	1	0.5
id-06499	1	2	11	0.3
id-06500	1	2	17	0.3
id-06501	10	5	10	0.4
id-06502	10	7	4	0.5
id-06503	4	7	27	0.3
id-06504	10	9	4	0.4
id-06505	4	6	15	0.2
id-06506	6	2	26	0.4
id-06507	1	2	13	0.4
id-06508	10	20	8	0.3
id-06509	8	7	3	0.3
id-06510	7	8	29	0.3
id-06511	4	2	13	0.4
id-06512	4	8	30	0.3
id-06513	4	5	26	0.4
id-06514	7	13	13	0.3
id-06515	4	4	19	0.5
id-06516	7	13	11	0.4
id-06517	7	11	1	0.3
id-06518	9	7	13	0.2
id-06519	1	2	13	0.3
id-06520	1	2	25	0.4
id-06521	8	9	4	0.3
id-06522	9	7	16	0.4
id-06523	2	4	28	0.3
id-06524	6	11	3	0.3
id-06525	10	10	2	0.4
id-06526	2	3	26	0.3
id-06527	9	14	4	0.3
id-06528	2	3	25	0.2
id-06529	3	6	21	0.4
id-06530	2	2	21	0.5
id-06531	5	10	20	0.4
id-06532	10	2	29	0.2
id-06533	5	6	12	0.2
id-06534	4	3	1	0.2
id-06535	1	2	21	0.5
id-06536	7	9	13	0.5
id-06537	7	12	4	0.5
id-06538	9	18	15	0.4
id-06539	1	2	30	0.5
id-06540	1	2	7	0.3
id-06541	1	2	18	0.3
id-06542	1	2	6	0.5
id-06543	5	7	6	0.2
id-06544	2	4	26	0.4
id-06545	9	6	10	0.3
id-06546	8	8	19	0.4
id-06547	9	8	5	0.3
id-06548	2	3	20	0.3
id-06549	2	2	11	0.3
id-06550	9	7	4	0.5
id-06551	9	15	1	0.5
id-06552	1	2	9	0.3
id-06553	4	8	25	0.4
id-06554	3	2	23	0.3
id-06555	9	6	21	0.4
id-06556	2	2	13	0.5
id-06557	9	11	13	0.5
id-06558	10	2	7	0.4
id-06559	8	4	4	0.3
id-06560	3	3	24	0.5
id-06561	2	4	19	0.2
id-06562	2	3	9	0.5
id-06563	1	2	6	0.3
id-06564	5	7	12	0.3
id-06565	10	14	11	0.3
id-06566	8	11	21	0.4
id-06567	4	4	28	0.5
id-06568	7	2	19	0.3
id-06569	7	9	27	0.4
id-06570	5	3	2	0.4
id-06571	9	14	21	0.3
id-06572	3	6	18	0.3
id-06573	5	9	5	0.2
id-06574	2	2	11	0.4
id-06575	2	4	15	0.4
id-06576	8	13	1	0.4
id-06577	3	5	16	0.4
id-06578	2	4	19	0.4
id-06579	10	7	17	0.2
id-06580	8	5	3	0.5
id-06581	4	2	23	0.3
id-06582	7	14	4	0.3
id-06583	9	7	14	0.4
id-06584	4	3	22	0.4
id-06585	1	2	29	0.3
id-06586	6	9	25	0.3
id-06587	10	10	14	0.2
id-06588	3	3	12	0.2
id-06589	3	2	4	0.3
id-06590	10	20	21	0.3
id-06591	2	3	23	0.4
id-06592	4	5	3	0.4
id-06593	4	8	12	0.4
id-06594	8	12	10	0.3
id-06595	1	2	1	0.4
id-06596	4	4	21	0.3
id-06597	9	8	19	0.3
id-06598	4	7	4	0.3
id-06599	6	2	20	0.5
id-06600	2	2	27	0.4
id-06601	4	3	2	0.3
id-06602	5	3	12	0.2
id-06603	8	6	2	0.3
id-06604	10	9	23	0.3
id-06605	3	2	7	0.2
id-06606	3	2	3	0.3
id-06607	4	8	8	0.4
id-06608	3	5	20	0.4
id-06609	5	8	1	0.3
id-06610	2	4	12	0.3
id-06611	5	10	24	0.5
id-06612	2	4	30	0.5
id-06613	2	2	24	0.3
id-06614	6	10	6	0.5
id-06615	8	12	4	0.3
id-06616	1	2	20	0.4
id-06617	9	6	20	0.4
id-06618	2	4	10	0.4
id-06619	9	10	7	0.2
id-06620	2	2	14	0.2
id-06621	3	4	23	0.2
id-06622	4	5	21	0.2
id-06623	9	11	14	0.5
id-06624	7	13	27	0.5
id-06625	10	7	21	0.2
id-06626	7	11	19	0.3
id-06627	2	3	20	0.4
id-06628	1	2	24	0.4
id-06629	7	5	28	0.4
id-06630	10	16	12	0.5
id-06631	8	2	1	0.5
id-06632	9	11	2	0.5
id-06633	6	8	25	0.3
id-06634	4	7	23	0.2
id-06635	3	2	30	0.5
id-06636	6	9	18	0.3
id-06637	1	2	8	0.4
id-06638	7	7	24	0.4
id-06639	6	10	19	0.5
id-06640	2	3	7	0.3
id-06641	9	18	11	0.3
id-06642	2	3	7	0.4
id-06643	3	4	14	0.3
id-06644	10	13	10	0.4
id-06645	6	5	7	0.2
id-06646	5	9	14	0.4
id-06647	8	14	17	0.3
id-06648	1	2	30	0.3
id-06649	9	14	10	0.3
id-06650	1	2	25	0.4
id-06651	10	20	2	0.3
id-06652	8	6	13	0.2
id-06653	7	3	28	0.3
id-06654	9	9	11	0.2
id-06655	1	2	18	0.3
id-06656	5	8	23	0.4
id-06657	4	3	30	0.5
id-06658	6	4	29	0.2
id-06659	6	7	20	0.3
id-06660	2	2	13	0.2
id-06661	2	4	7	0.2
id-06662	3	2	1	0.5
id-06663	7	5	3	0.4
id-06664	6	10	12	0.3
id-06665	10	12	11	0.2
id-06666	2	4	29	0.3
id-06667	10	2	25	0.2
id-06668	7	10	10	0.4
id-06669	4	6	20	0.3
id-06670	4	2	1	0.5
id-06671	3	6	30	0.4
id-06672	8	2	19	0.3
id-06673	5	10	19	0.3
id-06674	6	12	7	0.4
id-06675	6	9	17	0.5
id-06676	7	3	20	0.3
id-06677	5	8	22	0.2
id-06678	2	2	15	0.2
id-06679	3	3	17	0.2
id-06680	10	10	12	0.2
id-06681	1	2	22	0.3
id-06682	1	2	6	0.5
id-06683	9	2	17	0.3
id-06684	1	2	10	0.3
id-06685	3	3	11	0.3
id-06686	9	4	2	0.3
id-06687	3	2	1	0.4
id-06688	10	16	23	0.4
id-06689	5	4	14	0.2
id-06690	1	2	8	0.2
id-06691	9	2	7	0.3
id-06692	4	2	14	0.4
id-06693	10	8	25	0.3
id-06694	2	4	10	0.3
id-06695	2	4	9	0.4
id-06696	10	17	13	0.2
id-06697	9	15	3	0.4
id-06698	10	20	12	0.3
id-06699	5	10	24	0.4
id-06700	10	15	16	0.4
id-06701	3	4	30	0.3
id-06702	6	8	12	0.2
id-06703	8	6	11	0.5
id-06704	7	3	27	0.4
id-06705	6	9	26	0.4
id-06706	4	4	5	0.4
id-06707	2	2	7	0.4
id-06708	8	8	4	0.4
id-06709	9	10	30	0.2
id-06710	6	8	25	0.4
id-06711	6	9	24	0.3
id-06712	9	6	16	0.4
id-06713	10	3	30	0.5
id-06714	7	13	21	0.3
id-06715	1	2	2	0.4
id-06716	8	11	21	0.3
id-06717	5	6	19	0.2
id-06718	1	2	21	0.3
id-06719	8	5	6	0.3
id-06720	5	7	24	0.3
id-06721	4	2	28	0.3
id-06722	5	10	2	0.2
id-06723	1	2	19	0.4
id-06724	9	5	16	0.4
id-06725	4	6	26	0.5
id-06726	2	4	21	0.5
id-06727	10	14	17	0.2
id-06728	7	10	11	0.4
id-06729	10	15	30	0.3
id-06730	1	2	2	0.2
id-06731	7	4	7	0.5
id-06732	1	2	17	0.3
id-06733	4	7	22	0.4
id-06734	10	3	24	0.5
id-06735	2	4	30	0.4
id-06736	6	3	9	0.4
id-06737	1	2	3	0.5
id-06738	8	6	15	0.4
id-06739	4	3	15	0.3
id-06740	4	5	13	0.4
id-06741	10	3	21	0.2
id-06742	2	4	10	0.2
id-06743	5	10	23	0.3
id-06744	2	3	24	0.5
id-06745	5	7	13	0.4
id-06746	8	8	20	0.2
id-06747	4	8	8	0.4
id-06748	10	8	25	0.4
id-06749	3	6	18	0.4
id-06750	2	3	7	0.3
id-06751	2	3	9	0.3
id-06752	1	2	13	0.5
id-06753	8	16	14	0.5
id-06754	3	2	8	0.2
id-06755	7	12	9	0.2
id-06756	1	2	18	0.3
id-06757	10	16	26	0.4
id-06758	3	6	17	0.4
id-06759	8	5	11	0.5
id-06760	1	2	3	0.2
id-06761	4	3	17	0.2
id-06762	8	5	7	0.3
id-06763	4	8	7	0.5
id-06764	1	2	12	0.3
id-06765	3	2	9	0.3
id-06766	8	13	20	0.4
id-06767	3	6	12	0.4
id-06768	3	4	4	0.4
id-06769	6	5	21	0.4
id-06770	7	11	1	0.3
id-06771	8	4	20	0.4
id-06772	8	6	4	0.3
id-06773	7	14	5	0.2
id-06774	5	5	25	0.5
id-06775	1	2	3	0.4
id-06776	10	15	20	0.3
id-06777	5	4	17	0.4
id-06778	3	4	18	0.2
id-06779	5	2	12	0.4
id-06780	9	11	14	0.2
id-06781	5	9	23	0.3
id-06782	4	3	1	0.2
id-06783	7	9	13	0.2
id-06784	7	13	25	0.4
id-06785	3	5	9	0.4
id-06786	3	2	9	0.4
id-06787	10	11	4	0.3
id-06788	1	2	3	0.2
id-06789	2	4	30	0.4
id-06790	8	15	23	0.3
id-06791	6	12	7	0.4
id-06792	8	13	20	0.5
id-06793	4	6	10	0.4
id-06794	5	8	28	0.5
id-06795	4	7	2	0.4
id-06796	1	2	4	0.4
id-06797	4	2	28	0.5
id-06798	7	13	25	0.5
id-06799	8	7	21	0.3
id-06800	4	7	14	0.2
id-06801	6	5	15	0.5
id-06802	3	4	2	0.3
id-06803	2	3	16	0.2
id-06804	2	3	12	0.5
id-06805	3	4	24	0.3
id-06806	10	8	13	0.4
id-06807	7	7	22	0.3
id-06808	7	9	30	0.4
id-06809	10	18	2	0.3
id-06810	5	4	29	0.2
id-06811	5	10	23	0.4
id-06812	5	5	9	0.4
id-06813	2	2	23	0.3
id-06814	1	2	22	0.4
id-06815	2	2	10	0.3
id-06816	7	4	23	0.2
id-06817	3	2	15	0.4
id-06818	8	8	5	0.3
id-06819	3	5	5	0.3
id-06820	5	5	29	0.4
id-06821	2	3	11	0.3
id-06822	5	3	30	0.5
id-06823	9	3	23	0.5
id-06824	6	4	19	0.2
id-06825	1	2	1	0.5
id-06826	10	16	24	0.3
id-06827	1	2	27	0.3
id-06828	2	2	3	0.3
id-06829	3	3	8	0.5
id-06830	1	2	16	0.3
id-06831	10	16	14	0.5
id-06832	8	15	5	0.3
id-06833	3	3	4	0.4
id-06834	3	5	20	0.4
id-06835	5	4	4	0.4
id-06836	1	2	5	0.2
id-06837	4	2	21	0.3
id-06838	8	10	12	0.4
id-06839	3	3	25	0.2
id-06840	2	2	5	0.5
id-06841	2	4	22	0.4
id-06842	9	10	9	0.2
id-06843	4	4	13	0.3
id-06844	6	8	4	0.4
id-06845	1	2	15	0.4
id-06846	8	11	19	0.3
id-06847	7	10	12	0.4
id-06848	3	4	21	0.3
id-06849	4	7	11	0.2
id-06850	4	6	3	0.3
id-06851	7	4	23	0.3
id-06852	3	5	22	0.3
id-06853	1	2	28	0.2
id-06854	3	2	25	0.3
id-06855	3	2	18	0.4
id-06856	1	2	16	0.4
id-06857	10	19	22	0.2
id-06858	8	13	30	0.3
id-06859	8	16	16	0.3
id-06860	2	3	8	0.5
id-06861	4	6	28	0.5
id-06862	3	5	8	0.5
id-06863	3	3	16	0.2
id-06864	2	4	10	0.2
id-06865	4	6	15	0.4
id-06866	8	3	11	0.2
id-06867	9	7	16	0.2
id-06868	7	3	7	0.3
id-06869	10	3	7	0.5
id-06870	3	5	15	0.2
id-06871	3	2	21	0.4
id-06872	4	6	7	0.3
id-06873	5	4	3	0.3
id-06874	10	9	28	0.5
id-06875	3	2	24	0.3
id-06876	7	12	30	0.4
id-06877	7	12	6	0.3
id-06878	1	2	25	0.4
id-06879	9	2	26	0.3
id-06880	6	6	2	0.5
id-06881	3	2	26	0.2
id-06882	7	9	23	0.5
id-06883	7	4	24	0.3
id-06884	7	3	8	0.3
id-06885	7	7	17	0.3
id-06886	2	2	21	0.4
id-06887	2	3	26	0.3
id-06888	9	17	25	0.3
id-06889	10	2	9	0.5
id-06890	7	8	15	0.3
id-06891	7	8	7	0.3
id-06892	10	8	8	0.4
id-06893	10	7	22	0.3
id-06894	6	6	28	0.5
id-06895	5	4	5	0.3
id-06896	1	2	24	0.5
id-06897	2	2	6	0.2
id-06898	5	8	25	0.4
id-06899	8	6	7	0.3
id-06900	5	3	22	0.3
id-06901	10	13	26	0.3
id-06902	1	2	4	0.3
id-06903	1	2	20	0.4
id-06904	4	5	18	0.4
id-06905	5	2	18	0.4
id-06906	8	14	1	0.4
id-06907	5	9	8	0.5
id-06908	9	16	16	0.2
id-06909	3	3	23	0.4
id-06910	6	6	13	0.3
id-06911	3	4	4	0.3
id-06912	5	2	2	0.3
id-06913	9	16	14	0.4
id-06914	9	3	3	0.4
id-06915	9	5	22	0.4
id-06916	7	9	17	0.2
id-06917	7	8	7	0.5
id-06918	3	6	5	0.4
id-06919	4	8	5	0.5
id-06920	10	17	23	0.3
id-06921	5	4	5	0.3
id-06922	7	11	22	0.2
id-06923	10	20	13	0.5
id-06924	10	18	19	0.4
id-06925	10	2	28	0.3
id-06926	9	3	23	0.2
id-06927	10	13	29	0.4
id-06928	2	4	13	0.4
id-06929	8	16	30	0.4
id-06930	1	2	15	0.4
id-06931	8	7	4	0.3
id-06932	6	7	28	0.3
id-06933	7	5	30	0.4
id-06934	6	10	13	0.3
id-06935	4	6	21	0.3
id-06936	1	2	19	0.3
id-06937	2	2	15	0.3
id-06938	6	11	23	0.3
id-06939	10	3	3	0.5
id-06940	8	14	1	0.4
id-06941	9	10	24	0.2
id-06942	2	4	29	0.5
id-06943	3	2	2	0.3
id-06944	10	4	12	0.3
id-06945	8	14	29	0.4
id-06946	4	6	30	0.4
id-06947	2	3	12	0.4
id-06948	3	5	17	0.3
id-06949	3	6	30	0.2
id-06950	10	18	21	0.5
id-06951	9	16	4	0.4
id-06952	2	3	20	0.4
id-06953	9	12	23	0.3
id-06954	3	5	21	0.4
id-06955	7	13	11	0.4
id-06956	5	3	26	0.3
id-06957	9	2	4	0.4
id-06958	6	5	21	0.3
id-06959	9	7	22	0.3
id-06960	10	11	2	0.2
id-06961	8	16	14	0.5
id-06962	8	16	20	0.3
id-06963	3	5	25	0.2
id-06964	9	18	29	0.4
id-06965	6	8	2	0.4
id-06966	7	2	27	0.3
id-06967	3	4	28	0.3
id-06968	9	14	8	0.3
id-06969	8	14	24	0.3
id-06970	2	2	6	0.5
id-06971	6	5	25	0.4
id-06972	3	6	11	0.2
id-06973	2	3	11	0.3
id-06974	10	12	26	0.5
id-06975	1	2	2	0.4
id-06976	1	2	5	0.3
id-06977	1	2	2	0.3
id-06978	1	2	23	0.4
id-06979	3	2	28	0.4
id-06980	1	2	3	0.4
id-06981	10	17	13	0.3
id-06982	5	4	9	0.3
id-06983	7	12	24	0.3
id-06984	7	8	1	0.3
id-06985	5	2	20	0.5
id-06986	2	2	22	0.4
id-06987	2	3	30	0.3
id-06988	9	4	2	0.5
id-06989	6	2	2	0.5
id-06990	4	7	9	0.3
id-06991	8	11	29	0.4
id-06992	4	2	19	0.3
id-06993	1	2	7	0.4
id-06994	3	5	18	0.2
id-06995	8	4	14	0.2
id-06996	2	4	23	0.2
id-06997	5	2	27	0.2
id-06998	9	7	14	0.3
id-06999	9	12	14	0.5
id-07000	8	9	24	0.4
id-07001	9	5	16	0.5
id-07002	2	4	6	0.2
id-07003	7	8	24	0.4
id-07004	1	2	9	0.3
id-07005	10	17	1	0.4
id-07006	2	2	21	0.4
id-07007	10	3	25	0.3
id-07008	9	9	27	0.2
id-07009	4	5	21	0.2
id-07010	2	2	21	0.3
id-07011	10	5	29	0.4
id-07012	10	19	5	0.4
id-07013	2	3	23	0.4
id-07014	1	2	30	0.4
id-07015	5	5	30	0.3
id-07016	10	16	10	0.4
id-07017	3	6	25	0.4
id-07018	6	10	24	0.4
id-07019	3	5	24	0.5
id-07020	7	4	4	0.4
id-07021	1	2	2	0.3
id-07022	8	12	3	0.5
id-07023	10	9	14	0.4
id-07024	7	7	6	0.2
id-07025	1	2	26	0.4
id-07026	3	4	7	0.3
id-07027	1	2	5	0.3
id-07028	3	4	5	0.3
id-07029	8	2	10	0.2
id-07030	8	6	7	0.4
id-07031	8	2	22	0.3
id-07032	3	4	10	0.5
id-07033	10	4	8	0.3
id-07034	4	3	25	0.5
id-07035	3	2	6	0.4
id-07036	9	3	27	0.5
id-07037	7	11	30	0.4
id-07038	4	8	16	0.5
id-07039	4	6	17	0.5
id-07040	1	2	11	0.4
id-07041	3	6	23	0.5
id-07042	6	2	21	0.5
id-07043	6	8	1	0.4
id-07044	8	10	14	0.3
id-07045	3	3	21	0.4
id-07046	9	11	19	0.4
id-07047	1	2	3	0.4
id-07048	9	9	29	0.5
id-07049	10	8	17	0.3
id-07050	5	9	21	0.3
id-07051	8	5	28	0.3
id-07052	9	12	15	0.4
id-07053	5	7	22	0.4
id-07054	10	7	16	0.5
id-07055	4	4	7	0.4
id-07056	6	6	6	0.3
id-07057	5	4	19	0.4
id-07058	3	3	22	0.3
id-07059	7	11	3	0.5
id-07060	3	3	7	0.3
id-07061	7	6	28	0.4
id-07062	2	4	21	0.4
id-07063	9	17	29	0.4
id-07064	5	5	28	0.4
id-07065	8	4	1	0.2
id-07066	1	2	12	0.3
id-07067	9	3	6	0.3
id-07068	8	12	4	0.4
id-07069	4	2	30	0.3
id-07070	6	2	6	0.3
id-07071	5	8	23	0.4
id-07072	1	2	27	0.5
id-07073	10	19	29	0.3
id-07074	1	2	19	0.3
id-07075	7	9	23	0.3
id-07076	9	12	22	0.5
id-07077	10	20	28	0.5
id-07078	10	12	4	0.4
id-07079	6	12	9	0.4
id-07080	5	10	10	0.5
id-07081	10	15	21	0.3
id-07082	10	8	24	0.4
id-07083	5	7	26	0.2
id-07084	6	11	22	0.2
id-07085	10	7	17	0.3
id-07086	7	11	5	0.2
id-07087	6	12	3	0.4
id-07088	10	15	1	0.3
id-07089	4	8	28	0.3
id-07090	6	9	14	0.2
id-07091	1	2	11	0.4
id-07092	5	3	4	0.4
id-07093	3	6	15	0.3
id-07094	8	9	25	0.2
id-07095	2	3	11	0.3
id-07096	6	11	9	0.3
id-07097	9	9	26	0.5
id-07098	9	6	18	0.4
id-07099	2	3	17	0.2
id-07100	5	4	21	0.2
id-07101	1	2	19	0.5
id-07102	5	10	26	0.3
id-07103	2	2	25	0.2
id-07104	7	8	25	0.5
id-07105	1	2	16	0.4
id-07106	9	15	20	0.2
id-07107	6	4	10	0.3
id-07108	6	4	24	0.3
id-07109	1	2	16	0.2
id-07110	4	5	14	0.2
id-07111	5	2	12	0.4
id-07112	1	2	21	0.3
id-07113	2	4	8	0.3
id-07114	5	10	13	0.3
id-07115	1	2	11	0.5
id-07116	4	8	8	0.4
id-07117	1	2	1	0.2
id-07118	5	5	17	0.2
id-07119	2	3	23	0.4
id-07120	10	18	6	0.5
id-07121	2	4	30	0.2
id-07122	4	7	16	0.2
id-07123	1	2	24	0.4
id-07124	2	2	8	0.3
id-07125	3	5	24	0.2
id-07126	2	4	13	0.2
id-07127	2	3	17	0.4
id-07128	4	4	23	0.4
id-07129	2	2	22	0.3
id-07130	4	3	13	0.4
id-07131	5	8	23	0.3
id-07132	2	2	11	0.4
id-07133	10	13	8	0.5
id-07134	4	4	25	0.3
id-07135	1	2	14	0.3
id-07136	6	3	5	0.4
id-07137	4	4	11	0.3
id-07138	9	4	11	0.4
id-07139	9	16	14	0.3
id-07140	4	3	29	0.3
id-07141	8	4	20	0.2
id-07142	9	13	16	0.5
id-07143	1	2	1	0.3
id-07144	1	2	23	0.2
id-07145	1	2	27	0.5
id-07146	8	14	14	0.4
id-07147	4	4	13	0.5
id-07148	9	13	1	0.4
id-07149	9	8	5	0.4
id-07150	8	5	9	0.3
id-07151	8	8	4	0.3
id-07152	2	4	9	0.3
id-07153	10	12	21	0.2
id-07154	5	6	15	0.2
id-07155	7	3	14	0.5
id-07156	9	5	16	0.3
id-07157	6	4	11	0.3
id-07158	7	9	2	0.3
id-07159	1	2	23	0.4
id-07160	5	10	27	0.4
id-07161	3	4	17	0.3
id-07162	8	9	26	0.2
id-07163	3	4	6	0.4
id-07164	5	6	22	0.3
id-07165	2	4	27	0.2
id-07166	4	4	17	0.3
id-07167	10	3	14	0.2
id-07168	9	16	15	0.4
id-07169	4	5	23	0.2
id-07170	6	6	12	0.4
id-07171	6	9	3	0.5
id-07172	1	2	28	0.5
id-07173	10	15	11	0.2
id-07174	9	15	5	0.3
id-07175	6	12	6	0.4
id-07176	6	10	13	0.4
id-07177	10	8	20	0.3
id-07178	10	13	25	0.3
id-07179	10	10	20	0.4
id-07180	2	4	21	0.4
id-07181	2	4	2	0.4
id-07182	3	2	13	0.5
id-07183	4	4	16	0.3
id-07184	2	4	4	0.2
id-07185	10	7	4	0.4
id-07186	2	3	28	0.4
id-07187	6	4	28	0.3
id-07188	2	2	23	0.2
id-07189	9	14	19	0.4
id-07190	6	11	20	0.2
id-07191	1	2	24	0.4
id-07192	5	9	16	0.2
id-07193	10	7	28	0.5
id-07194	9	12	19	0.3
id-07195	7	3	26	0.3
id-07196	4	8	9	0.5
id-07197	10	7	14	0.5
id-07198	9	4	13	0.3
id-07199	3	5	8	0.4
id-07200	8	12	19	0.4
id-07201	9	10	9	0.5
id-07202	6	5	24	0.2
id-07203	6	5	5	0.4
id-07204	7	8	3	0.2
id-07205	1	2	4	0.3
id-07206	4	3	19	0.2
id-07207	10	11	20	0.5
id-07208	2	4	8	0.4
id-07209	6	11	23	0.4
id-07210	9	2	14	0.4
id-07211	8	5	3	0.4
id-07212	6	2	6	0.2
id-07213	7	12	7	0.5
id-07214	8	8	4	0.4
id-07215	8	3	19	0.2
id-07216	6	7	2	0.3
id-07217	5	10	7	0.4
id-07218	9	8	23	0.3
id-07219	8	2	12	0.3
id-07220	2	2	18	0.3
id-07221	3	6	28	0.4
id-07222	8	12	10	0.5
id-07223	7	6	23	0.3
id-07224	7	6	5	0.4
id-07225	6	5	17	0.4
id-07226	10	15	22	0.4
id-07227	4	7	27	0.3
id-07228	3	4	12	0.2
id-07229	2	2	14	0.2
id-07230	10	10	8	0.5
id-07231	2	3	12	0.3
id-07232	1	2	30	0.5
id-07233	3	4	26	0.4
id-07234	5	8	11	0.3
id-07235	6	5	3	0.5
id-07236	6	12	8	0.4
id-07237	5	4	20	0.3
id-07238	6	3	15	0.5
id-07239	8	10	4	0.3
id-07240	2	2	17	0.5
id-07241	5	2	7	0.5
id-07242	3	2	7	0.2
id-07243	9	4	30	0.4
id-07244	9	17	25	0.5
id-07245	4	2	12	0.3
id-07246	2	2	27	0.4
id-07247	5	4	29	0.5
id-07248	4	8	28	0.3
id-07249	6	9	2	0.3
id-07250	8	10	4	0.4
id-07251	4	6	23	0.3
id-07252	1	2	23	0.4
id-07253	3	6	1	0.4
id-07254	4	2	3	0.4
id-07255	5	3	27	0.4
id-07256	3	6	5	0.3
id-07257	10	14	26	0.5
id-07258	5	9	17	0.4
id-07259	8	7	1	0.3
id-07260	5	9	10	0.4
id-07261	10	4	21	0.2
id-07262	6	5	2	0.2
id-07263	2	3	8	0.2
id-07264	1	2	27	0.5
id-07265	6	2	19	0.3
id-07266	1	2	7	0.4
id-07267	3	3	4	0.4
id-07268	5	7	23	0.3
id-07269	3	6	18	0.4
id-07270	7	9	12	0.4
id-07271	3	6	1	0.2
id-07272	4	8	11	0.3
id-07273	4	5	8	0.4
id-07274	7	7	15	0.2
id-07275	5	8	16	0.3
id-07276	10	19	25	0.3
id-07277	9	8	18	0.5
id-07278	9	12	23	0.4
id-07279	1	2	29	0.3
id-07280	10	17	5	0.3
id-07281	2	2	20	0.4
id-07282	9	12	21	0.4
id-07283	9	6	15	0.4
id-07284	2	4	22	0.5
id-07285	10	5	5	0.4
id-07286	6	6	2	0.2
id-07287	8	4	22	0.3
id-07288	1	2	9	0.5
id-07289	8	6	1	0.4
id-07290	6	4	25	0.3
id-07291	4	2	2	0.2
id-07292	1	2	19	0.2
id-07293	6	8	13	0.5
id-07294	9	11	14	0.4
id-07295	9	13	3	0.5
id-07296	7	2	1	0.4
id-07297	1	2	26	0.2
id-07298	5	3	24	0.5
id-07299	5	5	8	0.4
id-07300	2	3	7	0.4
id-07301	4	3	2	0.3
id-07302	8	9	20	0.3
id-07303	2	4	24	0.3
id-07304	7	8	3	0.5
id-07305	8	15	13	0.3
id-07306	1	2	5	0.3
id-07307	4	4	7	0.3
id-07308	1	2	18	0.3
id-07309	3	3	16	0.4
id-07310	3	3	5	0.5
id-07311	9	10	21	0.3
id-07312	3	3	12	0.4
id-07313	10	16	7	0.5
id-07314	3	3	9	0.5
id-07315	5	4	10	0.4
id-07316	8	2	30	0.3
id-07317	6	2	18	0.2
id-07318	1	2	29	0.3
id-07319	8	5	8	0.2
id-07320	6	9	1	0.4
id-07321	3	3	21	0.2
id-07322	5	10	2	0.5
id-07323	8	2	7	0.5
id-07324	1	2	25	0.4
id-07325	4	3	3	0.3
id-07326	9	11	19	0.3
id-07327	9	18	6	0.4
id-07328	6	4	15	0.4
id-07329	4	8	5	0.4
id-07330	4	4	27	0.5
id-07331	5	6	11	0.3
id-07332	2	4	9	0.4
id-07333	8	12	12	0.4
id-07334	6	4	24	0.2
id-07335	9	8	22	0.4
id-07336	9	14	6	0.3
id-07337	5	2	27	0.2
id-07338	10	10	11	0.3
id-07339	9	16	24	0.3
id-07340	4	3	21	0.3
id-07341	1	2	23	0.4
id-07342	1	2	20	0.3
id-07343	6	5	7	0.4
id-07344	6	5	29	0.3
id-07345	1	2	15	0.4
id-07346	9	5	28	0.3
id-07347	5	4	19	0.4
id-07348	1	2	7	0.5
id-07349	7	2	4	0.3
id-07350	10	9	13	0.4
id-07351	3	3	15	0.4
id-07352	1	2	14	0.4
id-07353	6	11	23	0.4
id-07354	9	12	9	0.2
id-07355	6	7	24	0.5
id-07356	3	2	23	0.3
id-07357	8	14	5	0.2
id-07358	1	2	18	0.2
id-07359	9	7	22	0.2
id-07360	5	7	6	0.3
id-07361	4	2	24	0.2
id-07362	8	3	27	0.4
id-07363	4	4	8	0.4
id-07364	8	4	21	0.3
id-07365	1	2	28	0.5
id-07366	2	2	4	0.5
id-07367	8	12	4	0.2
id-07368	4	3	11	0.5
id-07369	6	9	6	0.4
id-07370	9	18	10	0.2
id-07371	4	3	26	0.4
id-07372	8	14	7	0.4
id-07373	2	3	14	0.4
id-07374	7	7	26	0.3
id-07375	4	6	26	0.5
id-07376	7	4	26	0.5
id-07377	3	5	2	0.5
id-07378	9	15	5	0.5
id-07379	6	5	23	0.4
id-07380	8	15	11	0.3
id-07381	9	8	28	0.5
id-07382	1	2	8	0.3
id-07383	6	5	28	0.2
id-07384	6	12	3	0.4
id-07385	10	11	14	0.2
id-07386	8	11	4	0.5
id-07387	5	6	14	0.3
id-07388	6	6	11	0.2
id-07389	3	4	20	0.4
id-07390	10	9	7	0.4
id-07391	1	2	5	0.4
id-07392	4	2	12	0.3
id-07393	3	6	26	0.2
id-07394	4	6	21	0.4
id-07395	5	2	20	0.2
id-07396	6	5	1	0.3
id-07397	9	3	6	0.3
id-07398	5	3	28	0.4
id-07399	6	9	9	0.4
id-07400	6	11	23	0.4
id-07401	2	3	1	0.4
id-07402	6	12	16	0.3
id-07403	1	2	23	0.2
id-07404	1	2	17	0.3
id-07405	8	2	23	0.2
id-07406	10	9	14	0.3
id-07407	10	9	22	0.3
id-07408	5	3	9	0.3
id-07409	7	2	10	0.4
id-07410	4	8	14	0.3
id-07411	10	18	26	0.2
id-07412	5	2	29	0.4
id-07413	3	3	15	0.3
id-07414	2	2	18	0.3
id-07415	5	2	14	0.2
id-07416	2	4	19	0.4
id-07417	9	17	14	0.3
id-07418	4	2	9	0.5
id-07419	4	8	3	0.4
id-07420	9	16	28	0.2
id-07421	1	2	9	0.4
id-07422	7	5	10	0.4
id-07423	5	9	17	0.4
id-07424	1	2	27	0.5
id-07425	1	2	26	0.3
id-07426	2	2	9	0.4
id-07427	5	8	30	0.4
id-07428	8	3	19	0.4
id-07429	7	6	27	0.3
id-07430	7	14	1	0.5
id-07431	10	9	6	0.4
id-07432	10	12	7	0.4
id-07433	1	2	7	0.4
id-07434	5	5	26	0.3
id-07435	2	3	6	0.4
id-07436	9	18	29	0.2
id-07437	5	8	13	0.5
id-07438	3	5	14	0.4
id-07439	9	14	11	0.5
id-07440	8	6	16	0.3
id-07441	6	5	25	0.5
id-07442	7	14	7	0.2
id-07443	3	4	23	0.3
id-07444	6	3	30	0.3
id-07445	5	6	16	0.2
id-07446	3	3	11	0.3
id-07447	1	2	26	0.4
id-07448	10	18	19	0.3
id-07449	8	11	10	0.2
id-07450	5	8	17	0.2
id-07451	7	3	3	0.4
id-07452	3	5	27	0.5
id-07453	4	6	26	0.2
id-07454	3	5	18	0.4
id-07455	1	2	24	0.4
id-07456	6	7	30	0.5
id-07457	8	15	22	0.4
id-07458	4	8	7	0.2
id-07459	4	3	25	0.3
id-07460	7	7	25	0.2
id-07461	8	4	16	0.2
id-07462	8	12	24	0.5
id-07463	9	13	16	0.3
id-07464	3	3	14	0.4
id-07465	7	11	22	0.4
id-07466	4	5	23	0.4
id-07467	5	9	2	0.5
id-07468	3	2	8	0.3
id-07469	4	5	6	0.3
id-07470	3	4	20	0.2
id-07471	5	6	24	0.4
id-07472	4	6	19	0.3
id-07473	3	6	7	0.4
id-07474	10	4	24	0.4
id-07475	6	10	28	0.5
id-07476	2	4	7	0.4
id-07477	6	6	11	0.3
id-07478	7	3	13	0.5
id-07479	8	14	11	0.4
id-07480	8	2	17	0.2
id-07481	10	2	9	0.3
id-07482	2	4	11	0.3
id-07483	3	3	20	0.4
id-07484	4	3	6	0.5
id-07485	4	4	16	0.4
id-07486	1	2	24	0.4
id-07487	2	3	11	0.3
id-07488	1	2	29	0.2
id-07489	9	3	26	0.3
id-07490	8	2	21	0.4
id-07491	1	2	5	0.3
id-07492	8	2	6	0.4
id-07493	8	4	1	0.2
id-07494	6	8	23	0.3
id-07495	4	2	29	0.2
id-07496	5	6	6	0.5
id-07497	9	7	27	0.4
id-07498	9	9	6	0.4
id-07499	2	2	8	0.4
id-07500	2	2	23	0.3
id-07501	1	2	12	0.3
id-07502	3	4	27	0.3
id-07503	2	4	4	0.3
id-07504	10	7	30	0.5
id-07505	1	2	8	0.4
id-07506	5	3	19	0.3
id-07507	9	15	1	0.4
id-07508	7	13	7	0.3
id-07509	9	8	5	0.3
id-07510	2	2	15	0.4
id-07511	3	3	4	0.5
id-07512	6	9	5	0.5
id-07513	3	5	21	0.3
id-07514	8	6	18	0.3
id-07515	9	2	19	0.3
id-07516	7	6	27	0.4
id-07517	6	3	30	0.2
id-07518	4	3	2	0.2
id-07519	2	4	6	0.4
id-07520	8	3	22	0.2
id-07521	5	6	11	0.4
id-07522	5	3	1	0.3
id-07523	7	13	27	0.4
id-07524	1	2	23	0.4
id-07525	2	4	15	0.2
id-07526	7	6	26	0.4
id-07527	2	4	7	0.4
id-07528	1	2	4	0.4
id-07529	4	7	29	0.5
id-07530	5	10	2	0.5
id-07531	1	2	21	0.4
id-07532	4	6	6	0.4
id-07533	7	2	20	0.3
id-07534	5	10	12	0.2
id-07535	3	6	14	0.3
id-07536	4	5	19	0.4
id-07537	3	6	1	0.4
id-07538	2	4	25	0.2
id-07539	10	16	21	0.3
id-07540	9	10	26	0.5
id-07541	5	8	6	0.3
id-07542	6	10	13	0.3
id-07543	7	8	19	0.3
id-07544	7	9	14	0.2
id-07545	10	3	18	0.4
id-07546	3	5	27	0.3
id-07547	9	9	25	0.4
id-07548	4	4	17	0.4
id-07549	6	3	22	0.5
id-07550	9	7	21	0.2
id-07551	4	4	18	0.3
id-07552	5	8	13	0.4
id-07553	3	4	10	0.4
id-07554	3	5	16	0.4
id-07555	8	16	15	0.4
id-07556	6	12	8	0.3
id-07557	6	3	9	0.5
id-07558	1	2	20	0.3
id-07559	1	2	11	0.3
id-07560	1	2	29	0.5
id-07561	8	6	19	0.3
id-07562	4	6	25	0.3
id-07563	9	8	30	0.4
id-07564	10	10	21	0.4
id-07565	5	8	15	0.5
id-07566	5	8	8	0.2
id-07567	7	10	3	0.3
id-07568	2	3	19	0.5
id-07569	6	6	26	0.3
id-07570	7	4	26	0.4
id-07571	6	7	13	0.4
id-07572	7	6	23	0.2
id-07573	2	3	20	0.3
id-07574	1	2	11	0.5
id-07575	8	11	14	0.4
id-07576	2	3	2	0.3
id-07577	8	4	27	0.3
id-07578	8	11	27	0.5
id-07579	2	4	1	0.4
id-07580	4	8	12	0.5
id-07581	4	5	4	0.4
id-07582	2	3	18	0.4
id-07583	7	3	30	0.2
id-07584	8	8	2	0.5
id-07585	9	16	26	0.3
id-07586	1	2	12	0.2
id-07587	2	2	22	0.4
id-07588	8	6	18	0.4
id-07589	1	2	13	0.5
id-07590	4	5	15	0.4
id-07591	9	18	5	0.3
id-07592	5	3	22	0.4
id-07593	3	4	23	0.3
id-07594	1	2	14	0.2
id-07595	5	6	29	0.3
id-07596	7	5	11	0.5
id-07597	10	4	11	0.2
id-07598	5	2	1	0.5
id-07599	2	3	9	0.5
id-07600	8	5	17	0.3
id-07601	2	3	30	0.3
id-07602	5	4	27	0.2
id-07603	4	4	12	0.3
id-07604	10	6	7	0.3
id-07605	2	2	1	0.3
id-07606	4	5	26	0.3
id-07607	5	5	12	0.4
id-07608	2	4	17	0.4
id-07609	5	2	24	0.2
id-07610	4	8	13	0.3
id-07611	7	11	21	0.3
id-07612	4	3	22	0.4
id-07613	4	7	13	0.4
id-07614	6	11	2	0.3
id-07615	4	8	1	0.5
id-07616	7	3	6	0.3
id-07617	5	4	19	0.4
id-07618	8	10	18	0.4
id-07619	3	6	10	0.5
id-07620	6	10	18	0.4
id-07621	3	4	1	0.4
id-07622	1	2	1	0.3
id-07623	2	2	21	0.3
id-07624	3	3	6	0.3
id-07625	6	11	7	0.5
id-07626	3	2	4	0.4
id-07627	9	14	2	0.3
id-07628	10	11	6	0.5
id-07629	9	7	24	0.2
id-07630	8	9	10	0.4
id-07631	6	3	28	0.4
id-07632	7	11	17	0.5
id-07633	10	14	7	0.3
id-07634	6	5	29	0.4
id-07635	1	2	13	0.3
id-07636	9	16	3	0.2
id-07637	5	10	22	0.3
id-07638	4	4	27	0.4
id-07639	3	6	30	0.3
id-07640	10	16	13	0.3
id-07641	8	16	13	0.3
id-07642	9	4	18	0.3
id-07643	4	6	16	0.3
id-07644	2	4	30	0.2
id-07645	4	7	23	0.4
id-07646	4	4	10	0.3
id-07647	3	6	19	0.4
id-07648	7	2	20	0.4
id-07649	6	3	11	0.3
id-07650	5	2	24	0.4
id-07651	2	3	22	0.4
id-07652	1	2	3	0.3
id-07653	4	2	6	0.3
id-07654	6	10	10	0.3
id-07655	6	2	6	0.5
id-07656	8	8	2	0.5
id-07657	8	15	28	0.4
id-07658	3	3	30	0.4
id-07659	2	2	6	0.5
id-07660	7	13	3	0.4
id-07661	9	11	26	0.3
id-07662	5	3	3	0.4
id-07663	6	7	17	0.4
id-07664	5	10	16	0.5
id-07665	8	13	9	0.3
id-07666	5	10	26	0.5
id-07667	7	13	24	0.3
id-07668	2	4	3	0.2
id-07669	2	4	21	0.5
id-07670	4	4	13	0.4
id-07671	3	5	4	0.3
id-07672	1	2	3	0.5
id-07673	1	2	30	0.3
id-07674	7	10	9	0.3
id-07675	8	5	11	0.3
id-07676	9	18	9	0.3
id-07677	9	10	24	0.3
id-07678	1	2	27	0.4
id-07679	1	2	11	0.3
id-07680	1	2	20	0.2
id-07681	4	8	15	0.3
id-07682	4	5	30	0.4
id-07683	6	10	12	0.4
id-07684	5	2	13	0.3
id-07685	9	3	18	0.3
id-07686	3	2	4	0.3
id-07687	8	10	17	0.3
id-07688	3	6	12	0.4
id-07689	2	2	20	0.2
id-07690	2	3	14	0.3
id-07691	9	17	26	0.3
id-07692	3	4	19	0.3
id-07693	10	19	26	0.2
id-07694	2	3	21	0.3
id-07695	4	8	10	0.4
id-07696	7	12	20	0.3
id-07697	10	12	9	0.2
id-07698	9	9	26	0.4
id-07699	1	2	27	0.2
id-07700	2	4	30	0.4
id-07701	1	2	14	0.5
id-07702	5	9	6	0.4
id-07703	5	7	29	0.3
id-07704	5	9	24	0.4
id-07705	6	5	15	0.4
id-07706	4	6	3	0.3
id-07707	4	3	20	0.5
id-07708	2	4	30	0.4
id-07709	10	2	14	0.2
id-07710	8	16	26	0.4
id-07711	7	8	8	0.4
id-07712	3	6	9	0.2
id-07713	7	4	21	0.2
id-07714	6	6	16	0.2
id-07715	6	4	2	0.4
id-07716	4	6	22	0.3
id-07717	2	2	30	0.3
id-07718	8	2	14	0.3
id-07719	10	17	1	0.2
id-07720	1	2	5	0.3
id-07721	2	3	21	0.3
id-07722	10	18	29	0.4
id-07723	2	4	11	0.2
id-07724	5	2	29	0.4
id-07725	2	2	16	0.2
id-07726	2	2	19	0.4
id-07727	4	3	8	0.4
id-07728	9	14	16	0.5
id-07729	5	8	17	0.3
id-07730	1	2	21	0.5
id-07731	10	5	25	0.4
id-07732	10	16	15	0.3
id-07733	7	2	9	0.2
id-07734	5	6	23	0.3
id-07735	9	3	26	0.3
id-07736	1	2	17	0.3
id-07737	6	4	27	0.4
id-07738	5	8	4	0.4
id-07739	8	2	19	0.3
id-07740	1	2	19	0.5
id-07741	5	7	13	0.3
id-07742	6	6	3	0.3
id-07743	7	12	4	0.2
id-07744	6	8	8	0.2
id-07745	4	2	25	0.4
id-07746	4	3	5	0.3
id-07747	10	3	25	0.4
id-07748	8	11	3	0.4
id-07749	5	4	19	0.4
id-07750	7	4	10	0.3
id-07751	6	6	2	0.2
id-07752	5	4	14	0.4
id-07753	2	4	19	0.3
id-07754	7	12	25	0.5
id-07755	1	2	28	0.5
id-07756	3	2	21	0.3
id-07757	6	6	18	0.4
id-07758	8	10	6	0.3
id-07759	6	6	4	0.2
id-07760	10	15	13	0.4
id-07761	5	2	29	0.3
id-07762	8	14	3	0.4
id-07763	7	11	17	0.3
id-07764	10	2	7	0.4
id-07765	10	13	14	0.5
id-07766	8	9	1	0.5
id-07767	8	10	21	0.2
id-07768	3	2	2	0.2
id-07769	2	3	24	0.4
id-07770	5	8	7	0.4
id-07771	10	12	30	0.5
id-07772	8	2	25	0.5
id-07773	7	9	28	0.4
id-07774	7	10	2	0.4
id-07775	3	6	27	0.3
id-07776	4	6	24	0.4
id-07777	4	6	11	0.4
id-07778	7	5	26	0.2
id-07779	5	4	4	0.2
id-07780	3	5	19	0.5
id-07781	6	4	10	0.2
id-07782	6	11	7	0.4
id-07783	3	3	21	0.4
id-07784	3	6	27	0.4
id-07785	7	10	2	0.2
id-07786	5	10	14	0.5
id-07787	7	5	2	0.2
id-07788	8	7	27	0.3
id-07789	6	7	10	0.4
id-07790	4	6	2	0.5
id-07791	8	7	21	0.3
id-07792	8	13	24	0.3
id-07793	1	2	11	0.4
id-07794	7	13	1	0.5
id-07795	9	14	13	0.3
id-07796	3	4	26	0.3
id-07797	4	5	22	0.5
id-07798	2	3	25	0.4
id-07799	8	13	7	0.3
id-07800	7	10	21	0.3
id-07801	5	8	13	0.3
id-07802	4	7	13	0.3
id-07803	6	3	15	0.3
id-07804	2	4	15	0.3
id-07805	6	9	6	0.4
id-07806	4	6	25	0.5
id-07807	6	2	25	0.5
id-07808	7	8	11	0.2
id-07809	9	2	1	0.3
id-07810	2	3	26	0.3
id-07811	1	2	5	0.2
id-07812	2	3	30	0.3
id-07813	7	6	23	0.3
id-07814	3	4	24	0.4
id-07815	2	4	22	0.5
id-07816	10	10	16	0.2
id-07817	9	17	8	0.3
id-07818	4	6	11	0.5
id-07819	7	8	12	0.4
id-07820	6	5	15	0.4
id-07821	8	5	8	0.4
id-07822	4	4	16	0.4
id-07823	4	6	12	0.3
id-07824	3	4	7	0.4
id-07825	1	2	28	0.4
id-07826	3	5	17	0.3
id-07827	8	6	11	0.3
id-07828	10	11	27	0.3
id-07829	10	7	25	0.2
id-07830	7	11	24	0.5
id-07831	5	9	25	0.4
id-07832	2	2	15	0.3
id-07833	1	2	20	0.3
id-07834	3	5	13	0.4
id-07835	8	7	8	0.5
id-07836	10	9	15	0.3
id-07837	1	2	15	0.4
id-07838	6	12	23	0.3
id-07839	1	2	22	0.3
id-07840	1	2	12	0.2
id-07841	1	2	15	0.3
id-07842	8	14	11	0.4
id-07843	4	4	16	0.2
id-07844	3	6	30	0.2
id-07845	6	5	5	0.4
id-07846	3	4	18	0.2
id-07847	8	14	11	0.3
id-07848	3	2	19	0.3
id-07849	10	20	3	0.4
id-07850	1	2	2	0.3
id-07851	4	7	23	0.5
id-07852	9	5	19	0.3
id-07853	5	2	1	0.4
id-07854	4	6	7	0.3
id-07855	6	9	21	0.4
id-07856	9	5	30	0.4
id-07857	4	6	25	0.3
id-07858	10	20	2	0.5
id-07859	8	14	20	0.4
id-07860	7	7	21	0.5
id-07861	7	9	11	0.5
id-07862	8	3	3	0.3
id-07863	1	2	28	0.5
id-07864	1	2	28	0.3
id-07865	9	5	17	0.4
id-07866	6	7	23	0.2
id-07867	10	6	1	0.4
id-07868	9	2	16	0.5
id-07869	4	3	2	0.2
id-07870	8	5	18	0.4
id-07871	3	2	25	0.4
id-07872	2	2	2	0.4
id-07873	8	10	28	0.4
id-07874	2	3	17	0.5
id-07875	7	11	21	0.2
id-07876	9	6	10	0.4
id-07877	8	14	30	0.3
id-07878	9	13	15	0.5
id-07879	3	3	24	0.3
id-07880	4	6	21	0.4
id-07881	10	5	17	0.5
id-07882	6	11	15	0.3
id-07883	4	2	9	0.4
id-07884	5	2	6	0.4
id-07885	7	8	29	0.3
id-07886	7	9	4	0.3
id-07887	9	11	16	0.5
id-07888	7	4	13	0.3
id-07889	9	12	10	0.3
id-07890	2	3	6	0.5
id-07891	10	5	28	0.4
id-07892	6	3	20	0.4
id-07893	6	3	11	0.2
id-07894	2	2	13	0.5
id-07895	8	13	7	0.5
id-07896	8	6	20	0.3
id-07897	3	6	13	0.3
id-07898	6	3	30	0.5
id-07899	8	2	16	0.4
id-07900	6	4	24	0.4
id-07901	3	4	30	0.4
id-07902	8	12	29	0.5
id-07903	8	11	10	0.5
id-07904	5	9	22	0.3
id-07905	9	10	2	0.2
id-07906	2	3	15	0.3
id-07907	9	5	5	0.2
id-07908	6	10	3	0.3
id-07909	6	11	23	0.3
id-07910	4	2	21	0.4
id-07911	5	10	2	0.5
id-07912	2	3	18	0.3
id-07913	9	2	4	0.4
id-07914	6	2	19	0.4
id-07915	7	8	18	0.3
id-07916	1	2	16	0.4
id-07917	6	3	21	0.4
id-07918	5	8	13	0.4
id-07919	4	6	10	0.5
id-07920	6	4	3	0.5
id-07921	1	2	24	0.3
id-07922	5	8	27	0.3
id-07923	7	5	28	0.3
id-07924	3	4	2	0.3
id-07925	2	3	27	0.4
id-07926	7	5	15	0.3
id-07927	1	2	30	0.4
id-07928	7	10	9	0.4
id-07929	1	2	30	0.4
id-07930	8	8	6	0.3
id-07931	3	4	28	0.5
id-07932	6	3	30	0.4
id-07933	1	2	17	0.3
id-07934	4	6	16	0.5
id-07935	4	7	6	0.4
id-07936	3	3	19	0.4
id-07937	9	13	3	0.5
id-07938	3	5	28	0.4
id-07939	8	13	10	0.3
id-07940	5	9	28	0.5
id-07941	1	2	12	0.2
id-07942	2	3	6	0.4
id-07943	5	2	12	0.3
id-07944	8	10	10	0.3
id-07945	4	3	15	0.3
id-07946	7	7	22	0.3
id-07947	8	3	10	0.3
id-07948	6	11	24	0.3
id-07949	10	12	14	0.3
id-07950	8	4	14	0.3
id-07951	2	2	21	0.5
id-07952	8	15	7	0.4
id-07953	3	3	3	0.3
id-07954	1	2	18	0.3
id-07955	6	3	19	0.4
id-07956	2	2	30	0.3
id-07957	5	5	16	0.5
id-07958	8	10	28	0.4
id-07959	10	19	29	0.5
id-07960	2	3	22	0.5
id-07961	6	5	7	0.3
id-07962	5	10	4	0.4
id-07963	3	6	14	0.4
id-07964	10	9	15	0.5
id-07965	5	6	1	0.4
id-07966	1	2	20	0.5
id-07967	9	8	10	0.5
id-07968	8	7	13	0.4
id-07969	2	3	26	0.4
id-07970	7	12	15	0.5
id-07971	9	11	11	0.4
id-07972	6	11	29	0.5
id-07973	9	11	16	0.5
id-07974	2	3	13	0.5
id-07975	4	3	8	0.5
id-07976	8	2	10	0.3
id-07977	4	4	18	0.3
id-07978	5	8	23	0.5
id-07979	7	9	13	0.2
id-07980	4	6	5	0.5
id-07981	1	2	9	0.2
id-07982	9	12	4	0.5
id-07983	6	5	2	0.3
id-07984	2	2	20	0.5
id-07985	7	6	7	0.4
id-07986	1	2	13	0.4
id-07987	3	5	12	0.3
id-07988	3	4	14	0.3
id-07989	7	9	7	0.4
id-07990	1	2	2	0.4
id-07991	7	4	27	0.3
id-07992	6	3	20	0.3
id-07993	7	5	16	0.3
id-07994	2	3	28	0.3
id-07995	5	7	27	0.3
id-07996	2	4	18	0.5
id-07997	1	2	29	0.3
id-07998	8	13	8	0.4
id-07999	4	2	9	0.3
id-08000	3	3	13	0.5
id-08001	6	9	2	0.4
id-08002	9	14	21	0.4
id-08003	10	16	25	0.4
id-08004	7	2	15	0.3
id-08005	10	17	17	0.4
id-08006	9	7	15	0.2
id-08007	7	9	29	0.5
id-08008	6	9	22	0.2
id-08009	3	2	9	0.4
id-08010	1	2	11	0.2
id-08011	1	2	28	0.3
id-08012	7	10	5	0.5
id-08013	2	4	5	0.3
id-08014	8	7	19	0.3
id-08015	5	3	19	0.5
id-08016	3	4	20	0.4
id-08017	8	16	2	0.4
id-08018	8	10	13	0.4
id-08019	2	2	15	0.2
id-08020	6	12	28	0.4
id-08021	4	2	10	0.4
id-08022	3	3	4	0.4
id-08023	3	3	11	0.2
id-08024	5	3	4	0.4
id-08025	10	5	20	0.3
id-08026	8	3	27	0.3
id-08027	7	5	12	0.3
id-08028	3	6	19	0.3
id-08029	5	6	14	0.2
id-08030	8	8	24	0.2
id-08031	5	7	25	0.4
id-08032	10	8	14	0.2
id-08033	2	2	18	0.5
id-08034	4	8	21	0.3
id-08035	10	5	12	0.2
id-08036	8	16	10	0.2
id-08037	10	5	17	0.4
id-08038	6	3	4	0.3
id-08039	3	6	9	0.4
id-08040	3	3	20	0.3
id-08041	3	6	15	0.2
id-08042	3	6	11	0.4
id-08043	3	3	22	0.4
id-08044	5	5	1	0.3
id-08045	3	5	29	0.2
id-08046	6	4	1	0.4
id-08047	8	2	28	0.4
id-08048	5	8	3	0.3
id-08049	4	8	24	0.3
id-08050	1	2	7	0.4
id-08051	1	2	26	0.3
id-08052	10	9	2	0.2
id-08053	5	6	2	0.3
id-08054	8	12	17	0.5
id-08055	7	12	15	0.4
id-08056	1	2	3	0.2
id-08057	1	2	24	0.3
id-08058	2	2	2	0.3
id-08059	9	12	4	0.4
id-08060	3	5	25	0.3
id-08061	1	2	23	0.4
id-08062	9	15	28	0.3
id-08063	5	2	6	0.5
id-08064	3	6	14	0.2
id-08065	5	5	20	0.4
id-08066	8	6	4	0.3
id-08067	3	6	9	0.5
id-08068	3	4	8	0.4
id-08069	6	4	10	0.4
id-08070	2	3	6	0.5
id-08071	2	2	13	0.3
id-08072	1	2	5	0.5
id-08073	8	15	9	0.2
id-08074	7	13	11	0.4
id-08075	10	20	22	0.4
id-08076	8	13	30	0.4
id-08077	4	3	28	0.4
id-08078	6	8	6	0.4
id-08079	8	7	18	0.2
id-08080	5	6	6	0.4
id-08081	5	7	10	0.3
id-08082	8	11	29	0.4
id-08083	1	2	13	0.3
id-08084	8	11	2	0.3
id-08085	4	5	17	0.3
id-08086	6	8	28	0.3
id-08087	6	11	22	0.4
id-08088	7	12	19	0.2
id-08089	2	2	30	0.3
id-08090	1	2	29	0.3
id-08091	6	10	15	0.4
id-08092	2	2	26	0.4
id-08093	10	16	21	0.4
id-08094	3	6	27	0.3
id-08095	9	6	10	0.2
id-08096	8	8	13	0.2
id-08097	10	6	19	0.5
id-08098	10	14	27	0.2
id-08099	10	6	13	0.3
id-08100	8	13	21	0.3
id-08101	6	2	12	0.4
id-08102	2	2	6	0.4
id-08103	9	11	22	0.3
id-08104	4	5	25	0.4
id-08105	2	4	13	0.3
id-08106	9	16	20	0.2
id-08107	3	3	13	0.2
id-08108	4	4	10	0.3
id-08109	1	2	2	0.2
id-08110	3	5	13	0.3
id-08111	2	3	27	0.4
id-08112	6	11	19	0.2
id-08113	2	3	2	0.4
id-08114	2	4	16	0.3
id-08115	1	2	22	0.2
id-08116	5	3	13	0.4
id-08117	1	2	1	0.3
id-08118	3	6	11	0.4
id-08119	7	14	16	0.3
id-08120	5	6	1	0.2
id-08121	9	3	2	0.5
id-08122	2	4	7	0.5
id-08123	7	9	26	0.3
id-08124	8	8	12	0.3
id-08125	1	2	6	0.2
id-08126	7	2	17	0.4
id-08127	2	3	16	0.5
id-08128	1	2	20	0.3
id-08129	9	15	15	0.5
id-08130	2	4	25	0.2
id-08131	5	6	26	0.4
id-08132	6	8	7	0.4
id-08133	5	4	5	0.4
id-08134	2	2	19	0.5
id-08135	2	2	8	0.3
id-08136	1	2	2	0.3
id-08137	2	4	13	0.2
id-08138	6	7	14	0.2
id-08139	9	6	14	0.4
id-08140	5	2	4	0.2
id-08141	2	2	22	0.4
id-08142	7	9	27	0.2
id-08143	7	3	29	0.5
id-08144	9	11	27	0.5
id-08145	5	5	27	0.4
id-08146	3	3	27	0.3
id-08147	10	17	16	0.4
id-08148	6	11	30	0.5
id-08149	10	10	17	0.2
id-08150	5	3	22	0.5
id-08151	7	13	18	0.4
id-08152	5	2	6	0.5
id-08153	10	5	13	0.4
id-08154	10	15	17	0.3
id-08155	8	9	10	0.3
id-08156	4	5	30	0.4
id-08157	3	6	22	0.4
id-08158	3	5	11	0.4
id-08159	1	2	22	0.5
id-08160	3	3	5	0.5
id-08161	8	4	22	0.3
id-08162	1	2	26	0.4
id-08163	8	15	4	0.5
id-08164	2	4	13	0.3
id-08165	5	4	8	0.4
id-08166	5	10	8	0.2
id-08167	3	5	6	0.4
id-08168	9	12	21	0.3
id-08169	6	5	9	0.5
id-08170	5	5	10	0.3
id-08171	6	4	24	0.5
id-08172	5	10	9	0.3
id-08173	7	12	20	0.3
id-08174	4	6	12	0.3
id-08175	7	5	9	0.4
id-08176	4	4	26	0.4
id-08177	1	2	9	0.4
id-08178	10	12	4	0.3
id-08179	4	6	10	0.2
id-08180	1	2	2	0.2
id-08181	2	4	4	0.4
id-08182	7	8	3	0.3
id-08183	2	2	23	0.3
id-08184	3	4	24	0.5
id-08185	7	12	20	0.3
id-08186	5	6	29	0.4
id-08187	6	6	18	0.3
id-08188	10	6	16	0.3
id-08189	1	2	12	0.3
id-08190	5	2	26	0.2
id-08191	8	5	15	0.5
id-08192	6	3	2	0.3
id-08193	1	2	3	0.3
id-08194	10	5	24	0.3
id-08195	3	2	2	0.2
id-08196	3	2	25	0.2
id-08197	7	12	28	0.4
id-08198	3	3	11	0.2
id-08199	8	16	29	0.4
id-08200	6	11	28	0.3
id-08201	7	9	30	0.4
id-08202	6	7	24	0.5
id-08203	8	9	22	0.2
id-08204	1	2	12	0.2
id-08205	6	9	13	0.4
id-08206	5	9	2	0.4
id-08207	7	11	4	0.4
id-08208	4	4	24	0.4
id-08209	8	11	8	0.4
id-08210	9	14	20	0.4
id-08211	3	2	29	0.4
id-08212	5	4	10	0.4
id-08213	10	19	20	0.3
id-08214	3	2	24	0.2
id-08215	9	3	19	0.2
id-08216	1	2	30	0.3
id-08217	8	2	21	0.2
id-08218	8	7	26	0.2
id-08219	9	11	3	0.4
id-08220	3	2	9	0.2
id-08221	4	2	5	0.3
id-08222	7	4	2	0.4
id-08223	2	4	24	0.2
id-08224	6	3	8	0.3
id-08225	3	3	29	0.3
id-08226	4	6	18	0.3
id-08227	7	13	29	0.4
id-08228	5	3	9	0.4
id-08229	4	2	2	0.5
id-08230	1	2	25	0.5
id-08231	3	6	9	0.3
id-08232	1	2	13	0.3
id-08233	4	4	22	0.5
id-08234	6	8	10	0.4
id-08235	8	4	5	0.4
id-08236	9	11	14	0.3
id-08237	2	3	25	0.4
id-08238	9	15	30	0.3
id-08239	3	5	2	0.2
id-08240	3	3	11	0.2
id-08241	6	11	2	0.2
id-08242	6	2	22	0.3
id-08243	6	11	18	0.2
id-08244	4	5	29	0.4
id-08245	8	7	22	0.2
id-08246	2	3	13	0.2
id-08247	3	5	11	0.3
id-08248	1	2	19	0.3
id-08249	8	2	27	0.2
id-08250	4	4	16	0.4
id-08251	5	5	26	0.2
id-08252	2	4	27	0.3
id-08253	7	13	8	0.3
id-08254	7	12	14	0.4
id-08255	4	5	30	0.5
id-08256	6	7	7	0.3
id-08257	6	4	7	0.3
id-08258	9	17	21	0.2
id-08259	4	5	28	0.5
id-08260	1	2	28	0.3
id-08261	4	3	20	0.3
id-08262	4	7	25	0.2
id-08263	1	2	1	0.3
id-08264	4	2	19	0.4
id-08265	4	2	30	0.4
id-08266	1	2	25	0.4
id-08267	3	6	24	0.5
id-08268	8	14	19	0.2
id-08269	1	2	6	0.4
id-08270	2	4	4	0.5
id-08271	1	2	10	0.2
id-08272	8	14	30	0.4
id-08273	8	16	16	0.4
id-08274	6	2	27	0.3
id-08275	9	17	17	0.5
id-08276	7	8	25	0.3
id-08277	8	11	7	0.4
id-08278	6	5	20	0.4
id-08279	4	8	9	0.2
id-08280	5	3	14	0.5
id-08281	9	14	14	0.5
id-08282	6	7	8	0.3
id-08283	2	3	22	0.3
id-08284	3	3	14	0.3
id-08285	2	2	21	0.5
id-08286	8	7	29	0.2
id-08287	5	8	29	0.5
id-08288	8	16	2	0.3
id-08289	7	6	23	0.3
id-08290	10	18	17	0.5
id-08291	4	8	12	0.2
id-08292	5	10	18	0.4
id-08293	2	4	28	0.3
id-08294	3	5	1	0.5
id-08295	10	20	13	0.3
id-08296	2	3	12	0.4
id-08297	7	13	24	0.3
id-08298	8	15	11	0.4
id-08299	7	12	21	0.3
id-08300	8	15	19	0.3
id-08301	10	14	20	0.4
id-08302	8	4	19	0.3
id-08303	1	2	9	0.2
id-08304	2	2	13	0.3
id-08305	3	5	7	0.5
id-08306	4	3	17	0.3
id-08307	3	4	10	0.3
id-08308	10	13	8	0.2
id-08309	5	6	12	0.4
id-08310	5	7	12	0.5
id-08311	3	6	18	0.3
id-08312	3	6	27	0.2
id-08313	3	6	5	0.3
id-08314	3	5	14	0.2
id-08315	10	8	26	0.3
id-08316	6	2	29	0.3
id-08317	5	10	15	0.3
id-08318	4	5	19	0.3
id-08319	1	2	8	0.3
id-08320	10	8	13	0.3
id-08321	5	4	5	0.4
id-08322	6	11	21	0.4
id-08323	9	4	5	0.5
id-08324	1	2	6	0.2
id-08325	2	4	29	0.4
id-08326	8	3	12	0.5
id-08327	2	2	4	0.3
id-08328	2	3	26	0.3
id-08329	1	2	28	0.4
id-08330	4	7	22	0.4
id-08331	9	8	3	0.3
id-08332	8	4	22	0.4
id-08333	3	6	28	0.4
id-08334	8	5	10	0.3
id-08335	10	9	29	0.2
id-08336	2	3	6	0.3
id-08337	7	13	28	0.4
id-08338	8	16	7	0.5
id-08339	3	2	11	0.2
id-08340	3	6	10	0.2
id-08341	2	3	10	0.2
id-08342	6	5	19	0.4
id-08343	8	6	16	0.5
id-08344	10	3	12	0.5
id-08345	8	8	21	0.4
id-08346	3	6	23	0.5
id-08347	3	5	29	0.2
id-08348	5	7	4	0.3
id-08349	7	4	24	0.5
id-08350	10	13	9	0.3
id-08351	1	2	1	0.3
id-08352	8	3	4	0.4
id-08353	10	14	23	0.3
id-08354	3	4	20	0.5
id-08355	4	5	24	0.4
id-08356	1	2	16	0.2
id-08357	2	2	9	0.3
id-08358	8	13	28	0.5
id-08359	4	6	13	0.3
id-08360	9	5	19	0.4
id-08361	9	4	4	0.3
id-08362	8	7	17	0.4
id-08363	5	6	21	0.3
id-08364	1	2	23	0.4
id-08365	7	8	14	0.2
id-08366	9	17	11	0.2
id-08367	2	2	20	0.2
id-08368	7	9	12	0.2
id-08369	6	4	5	0.4
id-08370	10	8	28	0.3
id-08371	9	14	21	0.5
id-08372	5	10	16	0.2
id-08373	8	8	8	0.3
id-08374	5	10	1	0.4
id-08375	5	6	17	0.3
id-08376	9	2	15	0.3
id-08377	6	5	18	0.2
id-08378	10	12	2	0.5
id-08379	9	5	9	0.3
id-08380	7	9	21	0.2
id-08381	7	13	14	0.3
id-08382	6	8	2	0.3
id-08383	10	8	15	0.3
id-08384	4	6	19	0.2
id-08385	5	2	26	0.5
id-08386	6	9	18	0.2
id-08387	8	12	24	0.5
id-08388	6	5	4	0.3
id-08389	4	2	7	0.5
id-08390	10	3	17	0.3
id-08391	2	3	20	0.5
id-08392	2	2	21	0.5
id-08393	8	16	24	0.5
id-08394	5	9	15	0.4
id-08395	6	4	14	0.5
id-08396	7	6	3	0.3
id-08397	8	6	24	0.4
id-08398	5	5	7	0.4
id-08399	9	10	21	0.3
id-08400	8	9	28	0.5
id-08401	10	11	6	0.4
id-08402	6	10	14	0.2
id-08403	4	6	14	0.2
id-08404	1	2	24	0.3
id-08405	3	4	24	0.5
id-08406	2	3	19	0.3
id-08407	1	2	16	0.5
id-08408	9	15	5	0.2
id-08409	8	5	22	0.5
id-08410	1	2	19	0.2
id-08411	10	11	21	0.2
id-08412	2	2	18	0.5
id-08413	10	19	16	0.3
id-08414	5	3	17	0.2
id-08415	3	4	24	0.4
id-08416	3	3	10	0.4
id-08417	4	7	21	0.4
id-08418	3	2	24	0.3
id-08419	6	2	12	0.5
id-08420	6	8	20	0.4
id-08421	1	2	11	0.3
id-08422	2	2	7	0.5
id-08423	8	8	23	0.3
id-08424	2	2	6	0.3
id-08425	5	7	17	0.3
id-08426	2	2	15	0.3
id-08427	7	14	4	0.3
id-08428	6	9	14	0.3
id-08429	8	12	23	0.3
id-08430	1	2	3	0.5
id-08431	6	10	15	0.3
id-08432	3	6	13	0.3
id-08433	10	8	29	0.4
id-08434	10	7	12	0.4
id-08435	10	6	6	0.2
id-08436	3	5	23	0.4
id-08437	9	4	30	0.4
id-08438	4	6	14	0.3
id-08439	9	8	27	0.4
id-08440	7	6	5	0.3
id-08441	4	6	10	0.4
id-08442	3	6	19	0.4
id-08443	8	9	13	0.4
id-08444	4	2	15	0.4
id-08445	2	2	2	0.4
id-08446	8	8	2	0.4
id-08447	8	11	6	0.3
id-08448	7	9	2	0.4
id-08449	2	2	7	0.3
id-08450	9	16	19	0.3
id-08451	4	7	4	0.2
id-08452	10	3	10	0.4
id-08453	1	2	15	0.3
id-08454	3	5	23	0.4
id-08455	5	4	30	0.4
id-08456	6	4	19	0.5
id-08457	2	2	16	0.4
id-08458	4	3	16	0.5
id-08459	10	20	28	0.5
id-08460	8	3	24	0.2
id-08461	3	4	26	0.5
id-08462	5	2	21	0.4
id-08463	10	17	23	0.3
id-08464	3	5	15	0.2
id-08465	9	10	7	0.4
id-08466	3	2	1	0.3
id-08467	5	9	18	0.2
id-08468	8	15	20	0.3
id-08469	9	16	9	0.4
id-08470	5	6	25	0.3
id-08471	8	9	5	0.5
id-08472	6	12	3	0.2
id-08473	1	2	25	0.3
id-08474	5	5	10	0.4
id-08475	9	14	18	0.5
id-08476	4	3	26	0.5
id-08477	3	3	15	0.3
id-08478	5	9	13	0.3
id-08479	1	2	27	0.2
id-08480	9	12	25	0.4
id-08481	4	4	9	0.3
id-08482	3	2	28	0.2
id-08483	9	13	10	0.4
id-08484	1	2	22	0.5
id-08485	3	4	9	0.3
id-08486	3	4	19	0.3
id-08487	3	4	5	0.2
id-08488	3	4	6	0.3
id-08489	1	2	8	0.4
id-08490	7	8	13	0.4
id-08491	1	2	24	0.4
id-08492	6	11	11	0.3
id-08493	10	12	14	0.3
id-08494	6	11	11	0.3
id-08495	3	4	7	0.2
id-08496	9	10	18	0.4
id-08497	9	3	21	0.4
id-08498	5	8	5	0.3
id-08499	5	3	16	0.3
id-08500	9	10	3	0.4
id-08501	3	3	18	0.4
id-08502	3	6	29	0.5
id-08503	6	4	3	0.3
id-08504	4	3	14	0.3
id-08505	3	5	15	0.4
id-08506	8	13	21	0.2
id-08507	7	10	3	0.3
id-08508	8	14	27	0.5
id-08509	8	3	22	0.3
id-08510	8	16	17	0.4
id-08511	1	2	21	0.3
id-08512	9	8	6	0.4
id-08513	8	2	9	0.3
id-08514	1	2	17	0.4
id-08515	6	8	9	0.3
id-08516	7	5	1	0.3
id-08517	4	4	19	0.3
id-08518	5	9	30	0.5
id-08519	5	10	6	0.4
id-08520	5	8	7	0.3
id-08521	8	11	30	0.5
id-08522	2	3	9	0.3
id-08523	8	8	8	0.4
id-08524	5	9	12	0.3
id-08525	9	16	21	0.4
id-08526	10	7	12	0.4
id-08527	5	7	13	0.2
id-08528	2	4	29	0.4
id-08529	1	2	11	0.3
id-08530	4	7	20	0.4
id-08531	2	4	5	0.3
id-08532	3	5	17	0.4
id-08533	7	4	10	0.3
id-08534	7	12	11	0.4
id-08535	1	2	5	0.2
id-08536	2	2	2	0.4
id-08537	5	6	17	0.3
id-08538	6	2	25	0.4
id-08539	4	6	13	0.2
id-08540	7	12	13	0.2
id-08541	9	13	18	0.3
id-08542	2	2	28	0.4
id-08543	5	6	17	0.4
id-08544	5	4	11	0.4
id-08545	3	6	1	0.3
id-08546	1	2	16	0.2
id-08547	6	2	30	0.2
id-08548	1	2	16	0.3
id-08549	8	9	6	0.4
id-08550	7	3	16	0.5
id-08551	4	3	29	0.4
id-08552	9	13	22	0.4
id-08553	9	14	28	0.4
id-08554	7	12	6	0.3
id-08555	6	4	11	0.3
id-08556	9	6	14	0.4
id-08557	4	5	5	0.3
id-08558	9	14	9	0.4
id-08559	3	3	13	0.3
id-08560	3	3	26	0.3
id-08561	2	3	29	0.4
id-08562	7	3	13	0.5
id-08563	10	11	15	0.2
id-08564	1	2	10	0.2
id-08565	8	14	17	0.4
id-08566	3	2	26	0.2
id-08567	5	4	5	0.4
id-08568	8	11	28	0.5
id-08569	3	5	24	0.4
id-08570	4	8	15	0.5
id-08571	10	16	21	0.5
id-08572	3	3	13	0.4
id-08573	6	10	18	0.3
id-08574	2	4	28	0.2
id-08575	3	5	11	0.4
id-08576	1	2	2	0.3
id-08577	4	3	17	0.4
id-08578	4	4	5	0.3
id-08579	9	2	14	0.3
id-08580	7	10	27	0.3
id-08581	2	4	15	0.4
id-08582	2	4	1	0.3
id-08583	4	6	13	0.5
id-08584	1	2	1	0.3
id-08585	2	3	16	0.3
id-08586	3	2	29	0.3
id-08587	1	2	14	0.3
id-08588	10	3	8	0.3
id-08589	3	3	27	0.3
id-08590	4	4	23	0.3
id-08591	8	15	25	0.5
id-08592	5	10	24	0.4
id-08593	4	4	9	0.4
id-08594	2	3	28	0.2
id-08595	8	9	29	0.2
id-08596	8	13	5	0.4
id-08597	4	5	21	0.4
id-08598	6	4	25	0.3
id-08599	8	5	8	0.4
id-08600	1	2	25	0.3
id-08601	8	14	13	0.2
id-08602	5	3	10	0.5
id-08603	10	16	5	0.4
id-08604	9	17	9	0.4
id-08605	3	4	9	0.2
id-08606	7	14	14	0.2
id-08607	5	10	5	0.2
id-08608	3	2	18	0.4
id-08609	3	3	4	0.2
id-08610	6	10	16	0.2
id-08611	9	3	23	0.4
id-08612	7	7	1	0.3
id-08613	1	2	29	0.5
id-08614	8	13	29	0.3
id-08615	1	2	3	0.4
id-08616	1	2	23	0.4
id-08617	10	19	29	0.5
id-08618	4	8	10	0.4
id-08619	9	14	29	0.4
id-08620	8	14	13	0.5
id-08621	4	7	20	0.2
id-08622	4	8	3	0.4
id-08623	6	6	21	0.3
id-08624	9	15	8	0.2
id-08625	8	3	11	0.3
id-08626	1	2	26	0.3
id-08627	5	2	4	0.3
id-08628	4	7	19	0.5
id-08629	9	10	28	0.4
id-08630	3	2	11	0.3
id-08631	2	3	23	0.4
id-08632	3	2	17	0.5
id-08633	7	11	8	0.4
id-08634	1	2	3	0.3
id-08635	9	11	16	0.2
id-08636	3	3	13	0.2
id-08637	5	4	1	0.3
id-08638	1	2	22	0.3
id-08639	7	11	14	0.5
id-08640	3	2	11	0.5
id-08641	4	4	30	0.4
id-08642	2	4	14	0.4
id-08643	7	12	26	0.5
id-08644	8	10	16	0.4
id-08645	2	2	5	0.5
id-08646	5	8	11	0.5
id-08647	3	3	30	0.3
id-08648	4	5	18	0.5
id-08649	5	5	23	0.4
id-08650	3	2	30	0.4
id-08651	9	15	21	0.3
id-08652	6	7	21	0.3
id-08653	3	3	17	0.2
id-08654	10	13	22	0.3
id-08655	9	6	26	0.3
id-08656	8	2	29	0.3
id-08657	9	6	7	0.4
id-08658	4	6	30	0.2
id-08659	7	13	20	0.2
id-08660	6	2	17	0.5
id-08661	6	5	19	0.3
id-08662	1	2	13	0.4
id-08663	10	13	30	0.2
id-08664	4	6	5	0.2
id-08665	9	12	27	0.5
id-08666	6	5	26	0.3
id-08667	9	12	24	0.3
id-08668	6	8	7	0.3
id-08669	5	5	9	0.4
id-08670	2	3	30	0.4
id-08671	5	3	8	0.5
id-08672	10	18	3	0.4
id-08673	7	7	12	0.2
id-08674	5	4	24	0.2
id-08675	3	3	1	0.3
id-08676	10	2	18	0.4
id-08677	9	2	7	0.3
id-08678	7	4	2	0.4
id-08679	4	5	19	0.2
id-08680	10	13	8	0.4
id-08681	4	7	21	0.3
id-08682	9	6	13	0.2
id-08683	10	5	12	0.3
id-08684	6	7	17	0.5
id-08685	1	2	10	0.5
id-08686	10	16	18	0.2
id-08687	1	2	4	0.2
id-08688	5	10	12	0.2
id-08689	10	16	20	0.4
id-08690	2	3	19	0.4
id-08691	8	12	20	0.3
id-08692	1	2	7	0.2
id-08693	9	11	6	0.3
id-08694	4	7	10	0.2
id-08695	5	7	3	0.4
id-08696	5	5	1	0.3
id-08697	1	2	10	0.4
id-08698	2	2	13	0.4
id-08699	6	9	3	0.3
id-08700	7	8	1	0.2
id-08701	5	5	19	0.4
id-08702	6	9	10	0.4
id-08703	7	7	8	0.2
id-08704	8	8	21	0.2
id-08705	7	14	25	0.3
id-08706	10	13	26	0.5
id-08707	2	4	2	0.2
id-08708	2	4	21	0.2
id-08709	9	11	28	0.4
id-08710	4	6	13	0.5
id-08711	1	2	29	0.5
id-08712	2	3	7	0.3
id-08713	1	2	23	0.5
id-08714	9	8	8	0.4
id-08715	4	7	15	0.4
id-08716	8	13	29	0.4
id-08717	6	10	5	0.5
id-08718	6	2	10	0.4
id-08719	5	10	24	0.4
id-08720	9	4	22	0.5
id-08721	3	5	3	0.5
id-08722	8	8	8	0.4
id-08723	2	4	22	0.4
id-08724	6	7	9	0.2
id-08725	9	17	23	0.3
id-08726	5	6	6	0.5
id-08727	2	2	29	0.5
id-08728	3	3	1	0.5
id-08729	5	2	12	0.2
id-08730	2	3	7	0.4
id-08731	4	3	21	0.3
id-08732	8	9	11	0.4
id-08733	5	6	29	0.4
id-08734	4	5	21	0.2
id-08735	2	2	9	0.3
id-08736	6	11	26	0.5
id-08737	10	7	24	0.2
id-08738	9	8	1	0.4
id-08739	7	4	15	0.3
id-08740	5	7	21	0.3
id-08741	3	5	29	0.2
id-08742	7	5	10	0.5
id-08743	6	11	20	0.3
id-08744	10	6	11	0.4
id-08745	8	10	26	0.5
id-08746	1	2	29	0.3
id-08747	2	2	11	0.2
id-08748	1	2	1	0.5
id-08749	8	14	24	0.5
id-08750	4	5	17	0.2
id-08751	2	4	13	0.5
id-08752	2	4	22	0.4
id-08753	8	14	21	0.4
id-08754	1	2	7	0.2
id-08755	7	6	10	0.3
id-08756	2	3	8	0.3
id-08757	6	12	11	0.3
id-08758	7	9	20	0.2
id-08759	5	4	18	0.3
id-08760	4	6	8	0.3
id-08761	3	4	23	0.4
id-08762	3	2	13	0.4
id-08763	9	11	19	0.5
id-08764	6	9	11	0.5
id-08765	4	6	22	0.5
id-08766	1	2	27	0.3
id-08767	10	19	24	0.4
id-08768	6	6	19	0.4
id-08769	8	6	24	0.5
id-08770	8	9	7	0.5
id-08771	1	2	17	0.5
id-08772	3	3	17	0.3
id-08773	1	2	28	0.4
id-08774	9	18	19	0.5
id-08775	6	4	3	0.4
id-08776	2	2	1	0.2
id-08777	8	9	11	0.4
id-08778	9	6	12	0.2
id-08779	1	2	11	0.4
id-08780	3	4	21	0.5
id-08781	2	2	15	0.4
id-08782	2	2	30	0.3
id-08783	4	8	4	0.2
id-08784	1	2	28	0.3
id-08785	9	15	26	0.4
id-08786	9	13	1	0.2
id-08787	6	6	30	0.2
id-08788	5	5	17	0.2
id-08789	1	2	18	0.2
id-08790	3	2	18	0.5
id-08791	8	6	3	0.4
id-08792	2	3	26	0.3
id-08793	5	5	24	0.3
id-08794	9	3	4	0.4
id-08795	3	4	20	0.4
id-08796	7	5	23	0.2
id-08797	3	6	7	0.4
id-08798	10	9	30	0.5
id-08799	4	5	28	0.4
id-08800	5	5	24	0.5
id-08801	10	19	12	0.3
id-08802	4	4	14	0.2
id-08803	9	17	13	0.3
id-08804	7	13	20	0.5
id-08805	4	2	4	0.3
id-08806	2	3	21	0.5
id-08807	4	2	7	0.5
id-08808	2	2	16	0.2
id-08809	10	17	7	0.3
id-08810	6	7	16	0.5
id-08811	3	3	17	0.4
id-08812	8	4	18	0.4
id-08813	10	4	6	0.2
id-08814	9	7	23	0.4
id-08815	1	2	24	0.4
id-08816	6	7	21	0.5
id-08817	6	9	5	0.3
id-08818	4	6	7	0.5
id-08819	1	2	2	0.2
id-08820	7	8	1	0.4
id-08821	2	3	23	0.2
id-08822	7	8	24	0.4
id-08823	4	8	11	0.3
id-08824	10	10	11	0.3
id-08825	10	19	12	0.4
id-08826	3	6	1	0.4
id-08827	10	11	22	0.4
id-08828	10	16	10	0.5
id-08829	6	10	8	0.2
id-08830	9	10	18	0.2
id-08831	7	10	2	0.3
id-08832	6	7	15	0.4
id-08833	7	7	24	0.5
id-08834	5	10	15	0.4
id-08835	5	2	2	0.2
id-08836	3	5	29	0.5
id-08837	6	4	20	0.3
id-08838	3	3	28	0.3
id-08839	6	4	17	0.4
id-08840	7	8	11	0.2
id-08841	10	6	17	0.3
id-08842	9	2	19	0.3
id-08843	8	7	12	0.5
id-08844	8	9	23	0.3
id-08845	8	14	25	0.5
id-08846	5	4	12	0.4
id-08847	3	6	18	0.4
id-08848	10	11	19	0.4
id-08849	4	8	6	0.3
id-08850	7	14	8	0.3
id-08851	6	7	22	0.3
id-08852	3	5	21	0.5
id-08853	4	3	25	0.4
id-08854	6	3	14	0.3
id-08855	7	9	5	0.5
id-08856	5	6	21	0.3
id-08857	8	2	14	0.2
id-08858	8	7	27	0.5
id-08859	3	2	25	0.5
id-08860	6	8	24	0.4
id-08861	5	8	3	0.4
id-08862	10	17	3	0.3
id-08863	9	8	8	0.2
id-08864	9	13	3	0.5
id-08865	8	16	8	0.5
id-08866	7	6	29	0.2
id-08867	8	7	10	0.3
id-08868	10	6	3	0.4
id-08869	6	10	1	0.4
id-08870	1	2	22	0.3
id-08871	4	2	3	0.3
id-08872	8	12	26	0.3
id-08873	5	6	14	0.3
id-08874	9	7	20	0.4
id-08875	10	10	29	0.2
id-08876	7	11	5	0.4
id-08877	8	10	24	0.4
id-08878	1	2	30	0.4
id-08879	4	3	21	0.2
id-08880	7	10	21	0.5
id-08881	5	10	6	0.2
id-08882	7	14	25	0.3
id-08883	8	10	6	0.5
id-08884	10	5	28	0.2
id-08885	8	15	11	0.2
id-08886	7	14	16	0.4
id-08887	8	16	12	0.4
id-08888	7	10	7	0.2
id-08889	5	8	7	0.3
id-08890	3	2	7	0.2
id-08891	7	11	26	0.4
id-08892	3	4	21	0.3
id-08893	7	8	3	0.2
id-08894	6	9	5	0.5
id-08895	8	2	20	0.3
id-08896	6	4	6	0.2
id-08897	2	4	19	0.2
id-08898	10	13	8	0.2
id-08899	9	9	22	0.3
id-08900	1	2	4	0.3
id-08901	4	4	21	0.5
id-08902	4	8	21	0.4
id-08903	10	7	24	0.4
id-08904	8	9	1	0.4
id-08905	10	2	15	0.4
id-08906	7	14	29	0.4
id-08907	2	2	26	0.4
id-08908	8	16	10	0.3
id-08909	2	4	20	0.4
id-08910	4	4	30	0.3
id-08911	1	2	19	0.3
id-08912	10	8	3	0.3
id-08913	9	15	20	0.2
id-08914	7	3	15	0.2
id-08915	8	4	30	0.2
id-08916	3	3	8	0.3
id-08917	7	8	6	0.4
id-08918	9	17	30	0.4
id-08919	7	3	28	0.3
id-08920	7	10	23	0.3
id-08921	6	2	6	0.4
id-08922	8	10	22	0.3
id-08923	4	8	7	0.4
id-08924	1	2	22	0.3
id-08925	10	5	14	0.3
id-08926	3	4	19	0.2
id-08927	8	4	16	0.3
id-08928	5	2	11	0.3
id-08929	9	9	18	0.3
id-08930	6	5	4	0.2
id-08931	10	13	21	0.3
id-08932	2	4	3	0.3
id-08933	5	3	20	0.3
id-08934	4	8	4	0.3
id-08935	6	7	28	0.3
id-08936	2	3	27	0.3
id-08937	4	4	1	0.4
id-08938	9	10	1	0.3
id-08939	4	5	3	0.5
id-08940	6	7	4	0.5
id-08941	4	6	3	0.4
id-08942	1	2	16	0.2
id-08943	4	8	16	0.5
id-08944	10	17	29	0.4
id-08945	3	6	14	0.5
id-08946	10	6	24	0.5
id-08947	6	6	13	0.4
id-08948	3	2	10	0.3
id-08949	8	16	20	0.2
id-08950	8	9	29	0.4
id-08951	5	10	4	0.4
id-08952	9	16	20	0.4
id-08953	3	2	11	0.2
id-08954	4	7	30	0.4
id-08955	2	4	3	0.4
id-08956	1	2	3	0.5
id-08957	1	2	5	0.4
id-08958	7	8	24	0.3
id-08959	5	2	1	0.2
id-08960	9	16	19	0.4
id-08961	3	4	3	0.3
id-08962	8	3	13	0.3
id-08963	9	3	18	0.4
id-08964	7	12	22	0.5
id-08965	4	2	7	0.5
id-08966	9	5	23	0.4
id-08967	3	2	8	0.4
id-08968	4	8	30	0.2
id-08969	6	4	24	0.2
id-08970	6	5	17	0.4
id-08971	10	17	26	0.5
id-08972	2	2	6	0.5
id-08973	10	5	17	0.3
id-08974	4	8	7	0.3
id-08975	2	4	5	0.3
id-08976	7	4	2	0.4
id-08977	5	9	30	0.4
id-08978	1	2	9	0.5
id-08979	7	12	28	0.2
id-08980	2	3	27	0.3
id-08981	10	13	18	0.4
id-08982	10	17	26	0.5
id-08983	1	2	1	0.4
id-08984	4	6	1	0.5
id-08985	2	3	4	0.4
id-08986	1	2	6	0.5
id-08987	2	4	6	0.4
id-08988	4	3	2	0.4
id-08989	1	2	7	0.3
id-08990	7	12	2	0.5
id-08991	6	2	30	0.2
id-08992	5	6	25	0.4
id-08993	5	10	14	0.3
id-08994	7	8	20	0.4
id-08995	2	2	27	0.4
id-08996	7	3	15	0.2
id-08997	5	8	13	0.5
id-08998	4	3	23	0.4
id-08999	1	2	4	0.4
id-09000	1	2	5	0.5
id-09001	10	4	7	0.3
id-09002	2	3	4	0.4
id-09003	3	4	1	0.2
id-09004	2	2	22	0.4
id-09005	7	13	22	0.3
id-09006	2	2	29	0.2
id-09007	4	4	15	0.3
id-09008	9	16	20	0.3
id-09009	8	4	8	0.3
id-09010	8	10	4	0.3
id-09011	6	9	20	0.3
id-09012	7	12	11	0.5
id-09013	4	3	20	0.3
id-09014	6	6	8	0.5
id-09015	3	2	15	0.3
id-09016	3	4	14	0.4
id-09017	8	10	23	0.4
id-09018	1	2	10	0.3
id-09019	7	7	20	0.3
id-09020	5	10	24	0.3
id-09021	8	8	29	0.4
id-09022	9	12	9	0.4
id-09023	3	5	16	0.2
id-09024	4	5	8	0.3
id-09025	6	2	24	0.5
id-09026	7	7	26	0.3
id-09027	5	4	20	0.2
id-09028	9	15	1	0.4
id-09029	5	7	22	0.5
id-09030	3	3	23	0.3
id-09031	4	6	27	0.4
id-09032	10	16	12	0.3
id-09033	4	5	26	0.3
id-09034	6	3	11	0.3
id-09035	2	3	1	0.4
id-09036	2	2	22	0.3
id-09037	1	2	5	0.5
id-09038	4	3	24	0.4
id-09039	2	3	19	0.2
id-09040	10	3	11	0.4
id-09041	4	6	19	0.2
id-09042	3	5	21	0.3
id-09043	1	2	24	0.3
id-09044	2	4	23	0.5
id-09045	8	11	10	0.3
id-09046	1	2	20	0.4
id-09047	9	15	12	0.2
id-09048	10	9	28	0.3
id-09049	5	3	23	0.4
id-09050	9	15	10	0.5
id-09051	6	6	22	0.3
id-09052	2	3	3	0.4
id-09053	3	4	15	0.4
id-09054	10	3	28	0.4
id-09055	7	13	26	0.4
id-09056	9	14	26	0.4
id-09057	7	9	18	0.2
id-09058	9	15	24	0.2
id-09059	3	2	1	0.3
id-09060	5	7	9	0.3
id-09061	5	2	9	0.4
id-09062	5	8	26	0.2
id-09063	5	8	25	0.4
id-09064	2	3	2	0.4
id-09065	2	2	10	0.2
id-09066	3	3	10	0.3
id-09067	6	9	19	0.3
id-09068	6	9	15	0.3
id-09069	5	9	3	0.2
id-09070	1	2	29	0.5
id-09071	8	4	8	0.3
id-09072	5	8	9	0.2
id-09073	8	4	6	0.5
id-09074	1	2	1	0.3
id-09075	5	10	29	0.3
id-09076	6	5	26	0.4
id-09077	6	8	20	0.3
id-09078	7	3	12	0.4
id-09079	4	8	7	0.4
id-09080	6	7	11	0.3
id-09081	10	14	26	0.4
id-09082	1	2	4	0.3
id-09083	2	2	20	0.4
id-09084	8	13	25	0.4
id-09085	2	3	23	0.5
id-09086	1	2	7	0.3
id-09087	4	5	15	0.3
id-09088	8	6	4	0.5
id-09089	10	17	6	0.5
id-09090	10	19	13	0.3
id-09091	10	15	25	0.4
id-09092	1	2	9	0.3
id-09093	5	5	13	0.4
id-09094	4	5	5	0.3
id-09095	3	3	6	0.4
id-09096	3	5	23	0.4
id-09097	6	12	14	0.5
id-09098	2	3	10	0.3
id-09099	9	16	22	0.5
id-09100	1	2	4	0.4
id-09101	3	2	21	0.3
id-09102	7	9	28	0.4
id-09103	8	3	22	0.3
id-09104	4	5	24	0.4
id-09105	7	3	22	0.4
id-09106	3	2	3	0.4
id-09107	1	2	20	0.3
id-09108	4	7	17	0.3
id-09109	1	2	7	0.3
id-09110	10	2	26	0.4
id-09111	4	4	11	0.2
id-09112	2	4	3	0.3
id-09113	7	14	29	0.4
id-09114	7	7	21	0.4
id-09115	10	3	4	0.5
id-09116	10	20	13	0.3
id-09117	1	2	6	0.2
id-09118	3	4	28	0.4
id-09119	7	2	21	0.2
id-09120	8	10	11	0.3
id-09121	2	3	20	0.4
id-09122	4	3	24	0.2
id-09123	9	12	20	0.3
id-09124	1	2	11	0.3
id-09125	7	6	19	0.3
id-09126	8	9	28	0.5
id-09127	9	9	5	0.3
id-09128	9	3	19	0.2
id-09129	8	4	27	0.4
id-09130	10	8	4	0.2
id-09131	5	6	8	0.2
id-09132	8	16	17	0.3
id-09133	1	2	10	0.3
id-09134	10	19	17	0.3
id-09135	6	6	11	0.4
id-09136	3	4	3	0.2
id-09137	2	2	24	0.4
id-09138	9	17	23	0.4
id-09139	9	5	16	0.2
id-09140	10	12	30	0.5
id-09141	6	5	3	0.3
id-09142	4	4	2	0.2
id-09143	10	7	8	0.3
id-09144	7	13	1	0.4
id-09145	5	8	21	0.3
id-09146	10	5	9	0.4
id-09147	8	8	5	0.3
id-09148	8	2	21	0.5
id-09149	7	10	4	0.3
id-09150	2	4	9	0.4
id-09151	6	3	11	0.2
id-09152	5	2	8	0.3
id-09153	5	6	13	0.4
id-09154	9	17	3	0.4
id-09155	4	2	26	0.3
id-09156	8	15	22	0.4
id-09157	10	2	22	0.4
id-09158	3	6	2	0.3
id-09159	8	14	16	0.4
id-09160	5	6	1	0.4
id-09161	10	14	28	0.4
id-09162	1	2	30	0.4
id-09163	10	10	29	0.2
id-09164	7	7	7	0.3
id-09165	4	5	20	0.3
id-09166	8	2	30	0.5
id-09167	3	4	2	0.4
id-09168	3	4	17	0.4
id-09169	6	6	11	0.2
id-09170	2	4	12	0.4
id-09171	10	18	17	0.5
id-09172	9	5	25	0.5
id-09173	7	14	21	0.5
id-09174	3	5	25	0.5
id-09175	3	2	15	0.5
id-09176	5	4	22	0.3
id-09177	8	13	18	0.4
id-09178	7	4	26	0.5
id-09179	6	4	4	0.4
id-09180	10	17	29	0.5
id-09181	8	6	28	0.3
id-09182	4	6	9	0.2
id-09183	5	4	30	0.3
id-09184	6	11	2	0.5
id-09185	4	8	6	0.4
id-09186	3	4	6	0.3
id-09187	5	4	18	0.5
id-09188	5	6	22	0.4
id-09189	4	3	18	0.5
id-09190	7	13	26	0.3
id-09191	9	14	10	0.5
id-09192	6	6	4	0.3
id-09193	3	6	30	0.5
id-09194	3	6	25	0.3
id-09195	3	6	25	0.5
id-09196	3	2	27	0.3
id-09197	8	5	15	0.4
id-09198	2	4	14	0.4
id-09199	4	7	16	0.5
id-09200	8	6	12	0.3
id-09201	5	5	14	0.4
id-09202	3	6	15	0.2
id-09203	2	2	22	0.3
id-09204	10	16	25	0.3
id-09205	8	15	11	0.3
id-09206	7	14	21	0.5
id-09207	6	6	29	0.5
id-09208	6	7	16	0.5
id-09209	1	2	2	0.4
id-09210	7	4	12	0.3
id-09211	8	4	14	0.3
id-09212	7	13	12	0.2
id-09213	9	6	18	0.5
id-09214	5	6	4	0.3
id-09215	10	6	23	0.3
id-09216	5	3	10	0.2
id-09217	2	2	11	0.5
id-09218	3	4	8	0.2
id-09219	10	14	6	0.4
id-09220	8	7	22	0.3
id-09221	7	12	23	0.3
id-09222	8	4	7	0.4
id-09223	3	4	20	0.2
id-09224	7	14	23	0.4
id-09225	1	2	8	0.4
id-09226	1	2	4	0.5
id-09227	10	5	22	0.4
id-09228	1	2	5	0.3
id-09229	10	16	29	0.5
id-09230	1	2	25	0.4
id-09231	2	4	10	0.4
id-09232	7	8	17	0.4
id-09233	8	5	19	0.5
id-09234	8	7	14	0.3
id-09235	10	8	1	0.5
id-09236	4	3	23	0.4
id-09237	1	2	19	0.4
id-09238	10	11	14	0.2
id-09239	7	8	22	0.2
id-09240	1	2	21	0.2
id-09241	3	5	3	0.3
id-09242	1	2	30	0.3
id-09243	4	6	26	0.2
id-09244	8	6	14	0.5
id-09245	8	4	4	0.3
id-09246	8	3	19	0.4
id-09247	9	4	7	0.2
id-09248	3	6	19	0.5
id-09249	8	10	13	0.4
id-09250	6	11	17	0.5
id-09251	8	12	19	0.2
id-09252	5	3	19	0.3
id-09253	9	8	22	0.2
id-09254	3	5	24	0.2
id-09255	6	12	30	0.4
id-09256	2	2	16	0.4
id-09257	6	8	24	0.4
id-09258	8	9	13	0.3
id-09259	3	3	30	0.4
id-09260	4	6	26	0.4
id-09261	5	8	21	0.2
id-09262	2	4	29	0.5
id-09263	3	2	8	0.5
id-09264	5	6	22	0.4
id-09265	2	4	21	0.4
id-09266	4	8	11	0.3
id-09267	10	20	22	0.4
id-09268	5	6	29	0.4
id-09269	8	15	26	0.4
id-09270	8	10	2	0.2
id-09271	3	3	29	0.4
id-09272	7	5	15	0.2
id-09273	10	18	1	0.3
id-09274	3	5	1	0.4
id-09275	1	2	21	0.3
id-09276	8	5	1	0.3
id-09277	6	12	28	0.3
id-09278	10	13	5	0.2
id-09279	9	3	27	0.5
id-09280	2	3	29	0.2
id-09281	7	5	2	0.2
id-09282	8	2	25	0.5
id-09283	6	6	23	0.4
id-09284	6	9	9	0.5
id-09285	7	10	22	0.4
id-09286	1	2	4	0.4
id-09287	10	13	7	0.3
id-09288	2	2	18	0.4
id-09289	7	12	16	0.4
id-09290	10	9	27	0.5
id-09291	8	7	24	0.3
id-09292	8	5	10	0.2
id-09293	8	14	7	0.5
id-09294	1	2	12	0.2
id-09295	10	14	7	0.3
id-09296	2	2	11	0.3
id-09297	9	13	23	0.4
id-09298	8	8	20	0.5
id-09299	6	5	2	0.3
id-09300	8	3	4	0.4
id-09301	3	4	25	0.5
id-09302	9	13	14	0.3
id-09303	8	14	27	0.4
id-09304	9	2	29	0.4
id-09305	8	11	6	0.3
id-09306	9	18	29	0.4
id-09307	4	7	4	0.4
id-09308	4	7	20	0.2
id-09309	8	6	18	0.2
id-09310	1	2	12	0.3
id-09311	6	12	11	0.5
id-09312	4	3	11	0.4
id-09313	7	9	23	0.4
id-09314	10	18	8	0.5
id-09315	6	2	17	0.2
id-09316	10	2	16	0.3
id-09317	4	2	6	0.4
id-09318	3	4	3	0.4
id-09319	8	2	2	0.4
id-09320	8	8	24	0.3
id-09321	4	7	2	0.2
id-09322	5	5	11	0.3
id-09323	1	2	24	0.3
id-09324	5	7	3	0.4
id-09325	9	3	5	0.5
id-09326	2	3	7	0.3
id-09327	3	2	30	0.4
id-09328	9	6	17	0.4
id-09329	2	4	8	0.4
id-09330	6	3	26	0.3
id-09331	4	6	22	0.3
id-09332	3	5	22	0.2
id-09333	1	2	21	0.4
id-09334	2	4	18	0.4
id-09335	6	12	16	0.4
id-09336	1	2	5	0.3
id-09337	2	4	25	0.5
id-09338	3	4	22	0.2
id-09339	4	3	7	0.4
id-09340	7	10	19	0.4
id-09341	2	2	7	0.4
id-09342	7	11	7	0.3
id-09343	6	8	25	0.4
id-09344	10	3	8	0.5
id-09345	5	2	26	0.3
id-09346	7	8	11	0.3
id-09347	9	16	3	0.2
id-09348	5	6	1	0.3
id-09349	7	9	29	0.4
id-09350	3	4	6	0.4
id-09351	3	3	2	0.5
id-09352	4	5	22	0.2
id-09353	7	6	2	0.3
id-09354	8	9	23	0.4
id-09355	5	8	26	0.2
id-09356	5	4	22	0.4
id-09357	6	6	19	0.4
id-09358	8	13	13	0.2
id-09359	8	7	8	0.2
id-09360	9	7	16	0.3
id-09361	8	9	2	0.4
id-09362	5	9	30	0.3
id-09363	1	2	12	0.4
id-09364	7	2	13	0.3
id-09365	10	12	3	0.3
id-09366	1	2	26	0.4
id-09367	4	3	10	0.3
id-09368	10	2	14	0.3
id-09369	5	5	3	0.4
id-09370	5	6	25	0.3
id-09371	9	18	8	0.5
id-09372	3	2	7	0.4
id-09373	10	13	21	0.4
id-09374	9	4	9	0.2
id-09375	3	4	10	0.3
id-09376	6	3	21	0.3
id-09377	7	12	29	0.4
id-09378	10	18	9	0.3
id-09379	3	6	3	0.2
id-09380	4	4	11	0.5
id-09381	10	2	19	0.4
id-09382	7	13	17	0.4
id-09383	6	7	20	0.2
id-09384	2	3	19	0.3
id-09385	3	5	21	0.3
id-09386	3	4	13	0.5
id-09387	5	2	16	0.2
id-09388	1	2	28	0.3
id-09389	6	9	25	0.4
id-09390	7	2	24	0.4
id-09391	4	7	29	0.3
id-09392	6	11	27	0.2
id-09393	1	2	22	0.4
id-09394	5	2	5	0.2
id-09395	8	7	27	0.2
id-09396	8	10	10	0.5
id-09397	8	6	30	0.2
id-09398	2	3	29	0.5
id-09399	3	2	27	0.4
id-09400	3	2	3	0.4
id-09401	5	8	3	0.4
id-09402	9	18	2	0.4
id-09403	5	8	5	0.2
id-09404	5	8	25	0.5
id-09405	3	5	28	0.3
id-09406	10	10	29	0.4
id-09407	7	5	16	0.4
id-09408	7	13	3	0.4
id-09409	8	4	8	0.5
id-09410	8	5	5	0.3
id-09411	4	3	23	0.3
id-09412	1	2	29	0.3
id-09413	9	6	2	0.5
id-09414	6	2	23	0.3
id-09415	8	13	19	0.2
id-09416	6	9	20	0.4
id-09417	5	6	23	0.4
id-09418	10	4	8	0.2
id-09419	5	5	12	0.3
id-09420	10	20	6	0.3
id-09421	5	10	11	0.2
id-09422	6	3	14	0.5
id-09423	5	7	26	0.3
id-09424	6	3	26	0.5
id-09425	7	6	24	0.4
id-09426	4	2	14	0.3
id-09427	9	12	14	0.2
id-09428	9	6	16	0.4
id-09429	5	2	8	0.3
id-09430	8	10	2	0.3
id-09431	3	3	11	0.3
id-09432	5	7	5	0.3
id-09433	4	7	12	0.2
id-09434	5	2	29	0.3
id-09435	2	3	11	0.3
id-09436	4	4	7	0.3
id-09437	5	3	6	0.3
id-09438	6	3	28	0.5
id-09439	10	7	5	0.2
id-09440	10	3	25	0.4
id-09441	5	4	14	0.4
id-09442	8	12	27	0.3
id-09443	10	12	1	0.4
id-09444	6	8	7	0.2
id-09445	6	12	8	0.3
id-09446	9	17	27	0.4
id-09447	1	2	26	0.3
id-09448	9	11	17	0.3
id-09449	9	15	24	0.2
id-09450	9	15	27	0.5
id-09451	8	13	2	0.3
id-09452	9	11	29	0.3
id-09453	8	4	15	0.3
id-09454	2	2	19	0.2
id-09455	3	5	2	0.2
id-09456	5	2	30	0.3
id-09457	3	3	27	0.5
id-09458	9	14	28	0.4
id-09459	8	3	12	0.3
id-09460	3	6	8	0.4
id-09461	5	3	8	0.2
id-09462	3	6	10	0.4
id-09463	6	9	30	0.2
id-09464	6	10	6	0.4
id-09465	5	4	8	0.5
id-09466	4	8	17	0.5
id-09467	4	3	2	0.4
id-09468	6	9	23	0.3
id-09469	6	11	18	0.2
id-09470	3	5	30	0.4
id-09471	6	11	23	0.3
id-09472	9	5	11	0.4
id-09473	6	10	29	0.3
id-09474	9	9	10	0.4
id-09475	1	2	25	0.3
id-09476	6	9	21	0.4
id-09477	5	6	22	0.3
id-09478	9	3	20	0.5
id-09479	5	7	4	0.5
id-09480	5	2	1	0.3
id-09481	2	3	4	0.3
id-09482	1	2	10	0.3
id-09483	2	3	17	0.3
id-09484	5	6	8	0.3
id-09485	8	14	21	0.5
id-09486	9	14	26	0.5
id-09487	5	5	8	0.4
id-09488	3	5	4	0.4
id-09489	2	2	22	0.5
id-09490	3	5	18	0.4
id-09491	3	6	22	0.4
id-09492	4	7	18	0.5
id-09493	7	10	28	0.3
id-09494	8	14	28	0.2
id-09495	5	4	4	0.4
id-09496	10	17	15	0.2
id-09497	8	4	7	0.4
id-09498	2	2	7	0.4
id-09499	3	6	30	0.3
id-09500	8	11	5	0.3
id-09501	4	6	4	0.5
id-09502	10	5	1	0.3
id-09503	9	14	29	0.2
id-09504	2	4	27	0.3
id-09505	5	8	18	0.2
id-09506	7	3	16	0.3
id-09507	3	5	20	0.4
id-09508	7	8	4	0.3
id-09509	1	2	2	0.2
id-09510	6	8	4	0.4
id-09511	10	10	21	0.2
id-09512	1	2	3	0.3
id-09513	6	11	18	0.3
id-09514	2	3	20	0.4
id-09515	6	6	7	0.3
id-09516	10	16	28	0.3
id-09517	10	17	20	0.5
id-09518	1	2	6	0.5
id-09519	3	6	2	0.4
id-09520	2	3	12	0.4
id-09521	1	2	12	0.3
id-09522	7	3	1	0.2
id-09523	10	16	11	0.3
id-09524	1	2	9	0.2
id-09525	3	3	8	0.4
id-09526	3	5	14	0.4
id-09527	6	10	6	0.5
id-09528	5	6	30	0.5
id-09529	2	4	11	0.2
id-09530	10	8	28	0.2
id-09531	5	2	2	0.3
id-09532	9	6	6	0.4
id-09533	2	3	14	0.3
id-09534	3	2	5	0.4
id-09535	10	20	13	0.4
id-09536	4	6	24	0.4
id-09537	8	2	6	0.4
id-09538	9	18	25	0.3
id-09539	2	4	18	0.4
id-09540	6	10	29	0.2
id-09541	5	5	15	0.5
id-09542	2	3	16	0.4
id-09543	6	7	18	0.4
id-09544	6	7	10	0.4
id-09545	3	2	18	0.5
id-09546	4	4	22	0.5
id-09547	5	2	4	0.4
id-09548	7	10	10	0.3
id-09549	7	9	7	0.4
id-09550	10	19	6	0.5
id-09551	9	9	27	0.3
id-09552	5	4	16	0.5
id-09553	5	7	4	0.3
id-09554	6	12	12	0.5
id-09555	9	8	10	0.5
id-09556	8	4	6	0.5
id-09557	2	4	14	0.4
id-09558	10	18	9	0.3
id-09559	9	11	17	0.4
id-09560	9	16	3	0.5
id-09561	5	7	25	0.5
id-09562	9	7	4	0.2
id-09563	6	12	10	0.4
id-09564	5	5	30	0.3
id-09565	10	13	8	0.4
id-09566	6	10	2	0.5
id-09567	8	16	14	0.4
id-09568	2	4	19	0.4
id-09569	8	14	28	0.5
id-09570	9	5	4	0.3
id-09571	5	9	22	0.5
id-09572	2	4	13	0.3
id-09573	6	3	26	0.4
id-09574	5	2	12	0.2
id-09575	1	2	6	0.3
id-09576	9	13	20	0.3
id-09577	3	2	20	0.4
id-09578	4	2	22	0.3
id-09579	9	18	2	0.2
id-09580	4	3	3	0.4
id-09581	3	4	6	0.3
id-09582	10	5	4	0.2
id-09583	6	2	5	0.4
id-09584	2	4	17	0.3
id-09585	4	7	17	0.2
id-09586	5	5	1	0.4
id-09587	4	2	27	0.4
id-09588	5	2	4	0.2
id-09589	1	2	20	0.5
id-09590	5	7	25	0.4
id-09591	6	10	15	0.4
id-09592	10	5	21	0.4
id-09593	2	2	22	0.5
id-09594	5	5	5	0.2
id-09595	5	2	22	0.4
id-09596	10	5	13	0.5
id-09597	8	6	9	0.2
id-09598	7	4	1	0.2
id-09599	3	2	28	0.5
id-09600	4	6	29	0.5
id-09601	7	6	15	0.3
id-09602	6	7	22	0.5
id-09603	6	12	25	0.4
id-09604	3	4	8	0.2
id-09605	4	8	18	0.4
id-09606	6	6	27	0.4
id-09607	1	2	24	0.5
id-09608	10	16	30	0.4
id-09609	10	19	28	0.4
id-09610	1	2	25	0.5
id-09611	1	2	17	0.5
id-09612	3	6	19	0.3
id-09613	7	9	9	0.5
id-09614	10	2	26	0.2
id-09615	9	18	30	0.2
id-09616	4	3	12	0.4
id-09617	6	12	12	0.4
id-09618	4	6	10	0.4
id-09619	5	9	26	0.3
id-09620	8	4	20	0.3
id-09621	1	2	11	0.3
id-09622	7	7	1	0.3
id-09623	4	7	22	0.5
id-09624	3	4	29	0.3
id-09625	4	6	10	0.3
id-09626	2	3	17	0.4
id-09627	10	5	7	0.5
id-09628	8	5	30	0.5
id-09629	10	20	13	0.4
id-09630	6	7	18	0.3
id-09631	4	5	10	0.4
id-09632	10	13	10	0.3
id-09633	9	17	3	0.4
id-09634	5	10	12	0.5
id-09635	9	4	4	0.2
id-09636	3	4	24	0.3
id-09637	9	10	22	0.4
id-09638	3	4	19	0.3
id-09639	9	8	23	0.2
id-09640	8	3	25	0.3
id-09641	9	5	28	0.3
id-09642	10	14	21	0.3
id-09643	9	17	8	0.5
id-09644	9	14	25	0.3
id-09645	9	13	9	0.5
id-09646	8	13	10	0.4
id-09647	4	6	21	0.4
id-09648	6	3	23	0.4
id-09649	4	4	24	0.4
id-09650	6	7	26	0.3
id-09651	10	2	16	0.3
id-09652	2	3	8	0.4
id-09653	7	5	19	0.5
id-09654	8	15	16	0.3
id-09655	2	3	8	0.4
id-09656	5	9	22	0.4
id-09657	6	12	2	0.4
id-09658	2	3	9	0.4
id-09659	3	3	26	0.3
id-09660	6	10	15	0.3
id-09661	9	3	6	0.5
id-09662	7	13	27	0.2
id-09663	10	9	30	0.3
id-09664	10	2	26	0.5
id-09665	3	3	18	0.5
id-09666	1	2	16	0.2
id-09667	1	2	1	0.4
id-09668	5	4	30	0.3
id-09669	6	6	26	0.4
id-09670	7	4	27	0.5
id-09671	9	15	23	0.4
id-09672	10	3	29	0.3
id-09673	6	12	28	0.3
id-09674	5	4	4	0.4
id-09675	9	14	25	0.4
id-09676	5	5	20	0.4
id-09677	5	5	13	0.3
id-09678	6	9	1	0.5
id-09679	3	2	23	0.4
id-09680	3	4	5	0.3
id-09681	10	8	12	0.4
id-09682	1	2	5	0.4
id-09683	7	5	18	0.3
id-09684	8	2	19	0.4
id-09685	2	4	7	0.4
id-09686	3	3	18	0.4
id-09687	7	4	1	0.4
id-09688	4	4	1	0.3
id-09689	6	2	30	0.4
id-09690	8	4	24	0.2
id-09691	10	2	30	0.4
id-09692	7	11	11	0.3
id-09693	8	2	16	0.5
id-09694	7	7	29	0.4
id-09695	8	10	19	0.5
id-09696	1	2	24	0.3
id-09697	10	15	3	0.3
id-09698	4	2	14	0.3
id-09699	4	5	6	0.3
id-09700	3	4	7	0.5
id-09701	4	7	13	0.5
id-09702	7	7	16	0.5
id-09703	8	3	16	0.4
id-09704	3	3	24	0.4
id-09705	6	8	6	0.4
id-09706	6	2	10	0.3
id-09707	1	2	20	0.3
id-09708	7	2	8	0.2
id-09709	3	5	9	0.4
id-09710	6	10	27	0.2
id-09711	10	16	5	0.2
id-09712	8	15	22	0.2
id-09713	4	3	6	0.3
id-09714	3	4	15	0.5
id-09715	3	3	19	0.4
id-09716	6	11	13	0.3
id-09717	2	2	14	0.5
id-09718	10	6	7	0.2
id-09719	4	8	22	0.2
id-09720	8	2	1	0.3
id-09721	7	2	11	0.4
id-09722	6	12	24	0.3
id-09723	5	4	20	0.3
id-09724	1	2	11	0.5
id-09725	5	5	9	0.3
id-09726	2	4	29	0.2
id-09727	5	3	29	0.2
id-09728	10	18	24	0.2
id-09729	3	5	28	0.2
id-09730	8	12	24	0.3
id-09731	3	4	21	0.5
id-09732	2	2	30	0.3
id-09733	4	2	5	0.5
id-09734	6	5	25	0.4
id-09735	6	5	17	0.2
id-09736	1	2	22	0.5
id-09737	3	3	28	0.3
id-09738	6	8	29	0.4
id-09739	1	2	10	0.3
id-09740	10	10	2	0.5
id-09741	10	7	19	0.4
id-09742	1	2	19	0.4
id-09743	8	8	10	0.3
id-09744	9	9	16	0.4
id-09745	8	6	21	0.4
id-09746	4	3	21	0.2
id-09747	10	16	23	0.2
id-09748	6	6	23	0.4
id-09749	10	10	29	0.3
id-09750	6	12	17	0.4
id-09751	9	2	25	0.4
id-09752	8	4	9	0.4
id-09753	10	16	4	0.4
id-09754	1	2	4	0.5
id-09755	5	3	15	0.3
id-09756	9	4	11	0.4
id-09757	8	11	21	0.3
id-09758	4	2	22	0.4
id-09759	10	9	11	0.2
id-09760	9	16	2	0.3
id-09761	3	3	23	0.4
id-09762	8	13	15	0.2
id-09763	7	13	11	0.5
id-09764	6	10	3	0.3
id-09765	4	5	28	0.3
id-09766	7	11	18	0.5
id-09767	1	2	28	0.5
id-09768	2	2	29	0.3
id-09769	1	2	24	0.4
id-09770	3	2	13	0.4
id-09771	3	6	9	0.2
id-09772	1	2	26	0.4
id-09773	4	6	30	0.3
id-09774	4	4	25	0.4
id-09775	3	5	20	0.5
id-09776	3	2	28	0.5
id-09777	9	17	6	0.3
id-09778	7	8	25	0.3
id-09779	3	5	28	0.2
id-09780	1	2	30	0.3
id-09781	5	7	22	0.2
id-09782	8	8	21	0.4
id-09783	3	2	27	0.3
id-09784	9	11	20	0.3
id-09785	4	5	26	0.3
id-09786	1	2	9	0.3
id-09787	7	3	13	0.3
id-09788	3	4	12	0.3
id-09789	8	3	1	0.3
id-09790	4	2	23	0.2
id-09791	6	11	7	0.2
id-09792	3	2	17	0.3
id-09793	5	6	28	0.3
id-09794	7	12	20	0.5
id-09795	3	6	24	0.3
id-09796	10	13	16	0.3
id-09797	7	8	8	0.3
id-09798	8	16	11	0.3
id-09799	6	3	21	0.4
id-09800	6	9	12	0.4
id-09801	3	2	4	0.3
id-09802	1	2	10	0.2
id-09803	9	8	24	0.3
id-09804	9	3	2	0.4
id-09805	2	3	8	0.3
id-09806	4	5	27	0.3
id-09807	10	5	21	0.5
id-09808	6	5	25	0.5
id-09809	7	11	12	0.4
id-09810	8	6	26	0.5
id-09811	9	2	3	0.3
id-09812	7	8	29	0.3
id-09813	9	17	3	0.2
id-09814	1	2	12	0.2
id-09815	6	12	2	0.3
id-09816	4	3	17	0.3
id-09817	7	8	9	0.5
id-09818	6	6	8	0.5
id-09819	9	14	9	0.5
id-09820	8	12	26	0.3
id-09821	10	13	7	0.4
id-09822	4	5	22	0.2
id-09823	3	2	23	0.2
id-09824	7	7	25	0.3
id-09825	6	9	15	0.5
id-09826	6	12	7	0.4
id-09827	5	2	28	0.4
id-09828	5	7	17	0.3
id-09829	5	7	21	0.5
id-09830	4	2	28	0.4
id-09831	1	2	22	0.5
id-09832	7	5	1	0.5
id-09833	5	10	10	0.4
id-09834	5	2	3	0.3
id-09835	1	2	30	0.2
id-09836	7	11	19	0.2
id-09837	7	11	8	0.3
id-09838	2	2	13	0.3
id-09839	8	11	2	0.3
id-09840	2	2	23	0.5
id-09841	1	2	23	0.4
id-09842	1	2	19	0.3
id-09843	5	6	2	0.5
id-09844	5	7	22	0.3
id-09845	5	5	2	0.4
id-09846	1	2	30	0.4
id-09847	4	8	25	0.3
id-09848	1	2	27	0.2
id-09849	4	7	16	0.3
id-09850	4	6	10	0.5
id-09851	9	3	15	0.5
id-09852	5	10	1	0.4
id-09853	8	12	27	0.4
id-09854	3	5	17	0.4
id-09855	6	2	25	0.3
id-09856	10	12	22	0.5
id-09857	7	12	2	0.5
id-09858	9	8	2	0.4
id-09859	5	7	24	0.3
id-09860	3	2	22	0.3
id-09861	8	3	23	0.3
id-09862	1	2	25	0.3
id-09863	1	2	8	0.5
id-09864	9	15	27	0.4
id-09865	1	2	6	0.3
id-09866	8	14	12	0.3
id-09867	4	3	10	0.3
id-09868	10	5	24	0.4
id-09869	10	20	2	0.3
id-09870	9	6	26	0.3
id-09871	4	2	21	0.3
id-09872	2	4	19	0.3
id-09873	7	2	18	0.3
id-09874	1	2	25	0.3
id-09875	10	7	16	0.3
id-09876	10	11	15	0.4
id-09877	1	2	20	0.4
id-09878	3	5	14	0.4
id-09879	4	6	14	0.3
id-09880	2	4	29	0.4
id-09881	4	5	25	0.3
id-09882	2	3	17	0.4
id-09883	6	4	30	0.4
id-09884	4	7	30	0.2
id-09885	9	18	15	0.4
id-09886	3	4	25	0.2
id-09887	1	2	17	0.4
id-09888	7	12	27	0.4
id-09889	2	4	22	0.5
id-09890	10	10	20	0.4
id-09891	1	2	3	0.4
id-09892	4	7	19	0.2
id-09893	10	7	18	0.5
id-09894	8	6	8	0.4
id-09895	8	16	21	0.3
id-09896	8	16	5	0.3
id-09897	5	6	13	0.4
id-09898	3	5	12	0.3
id-09899	7	8	7	0.4
id-09900	7	13	2	0.2
id-09901	5	10	16	0.2
id-09902	4	5	2	0.3
id-09903	10	5	4	0.4
id-09904	4	2	13	0.2
id-09905	10	19	15	0.3
id-09906	3	6	29	0.2
id-09907	2	3	19	0.4
id-09908	3	3	11	0.4
id-09909	7	5	27	0.5
id-09910	10	19	6	0.5
id-09911	1	2	21	0.3
id-09912	4	5	29	0.4
id-09913	7	14	6	0.3
id-09914	8	4	11	0.4
id-09915	9	10	5	0.2
id-09916	8	6	25	0.5
id-09917	5	8	11	0.3
id-09918	7	8	7	0.4
id-09919	4	7	20	0.2
id-09920	4	6	29	0.2
id-09921	1	2	9	0.4
id-09922	10	18	20	0.3
id-09923	8	4	6	0.4
id-09924	6	6	15	0.5
id-09925	8	8	10	0.5
id-09926	2	4	28	0.5
id-09927	10	15	25	0.4
id-09928	8	4	16	0.3
id-09929	5	9	17	0.3
id-09930	10	17	21	0.4
id-09931	10	17	6	0.3
id-09932	8	11	2	0.4
id-09933	7	6	21	0.3
id-09934	1	2	22	0.3
id-09935	1	2	30	0.5
id-09936	8	7	19	0.3
id-09937	6	11	8	0.5
id-09938	7	4	17	0.4
id-09939	4	7	26	0.4
id-09940	6	8	30	0.2
id-09941	6	11	3	0.3
id-09942	5	2	7	0.3
id-09943	9	13	3	0.4
id-09944	5	2	8	0.4
id-09945	9	15	8	0.4
id-09946	9	13	12	0.4
id-09947	1	2	16	0.5
id-09948	3	2	6	0.3
id-09949	9	2	20	0.3
id-09950	2	4	13	0.4
id-09951	4	4	9	0.4
id-09952	6	9	7	0.2
id-09953	3	5	21	0.4
id-09954	1	2	7	0.5
id-09955	7	10	29	0.3
id-09956	9	2	25	0.3
id-09957	6	5	16	0.5
id-09958	7	6	12	0.4
id-09959	6	7	15	0.2
id-09960	3	6	2	0.2
id-09961	10	10	27	0.3
id-09962	3	3	16	0.3
id-09963	3	3	9	0.5
id-09964	9	7	10	0.4
id-09965	7	2	29	0.4
id-09966	4	7	16	0.4
id-09967	8	11	29	0.3
id-09968	5	5	28	0.3
id-09969	9	12	27	0.2
id-09970	4	2	17	0.4
id-09971	3	6	19	0.4
id-09972	5	10	5	0.4
id-09973	5	2	28	0.4
id-09974	5	8	7	0.4
id-09975	2	4	12	0.2
id-09976	2	3	5	0.2
id-09977	6	6	29	0.3
id-09978	9	3	27	0.3
id-09979	10	11	27	0.5
id-09980	9	8	20	0.4
id-09981	8	6	4	0.4
id-09982	2	2	21	0.4
id-09983	10	15	2	0.3
id-09984	10	9	3	0.2
id-09985	8	9	13	0.3
id-09986	3	5	23	0.2
id-09987	3	6	7	0.3
id-09988	3	4	9	0.3
id-09989	3	3	28	0.3
id-09990	8	2	21	0.4
id-09991	9	11	20	0.3
id-09992	4	3	13	0.2
id-09993	1	2	2	0.2
id-09994	6	9	24	0.4
id-09995	2	2	18	0.3
id-09996	7	5	9	0.5
id-09997	4	4	7	0.2
id-09998	3	5	10	0.2
id-09999	3	4	24	0.5
id-10000	3	3	5	0.4
id-10001	6	4	26	0.4
id-10002	4	5	21	0.4
id-10003	8	9	22	0.5
id-10004	5	4	6	0.3
id-10005	4	8	30	0.4
id-10006	4	2	4	0.2
id-10007	1	2	20	0.4
id-10008	8	14	26	0.2
id-10009	10	11	29	0.5
id-10010	3	6	27	0.3
id-10011	8	4	22	0.3
id-10012	7	4	23	0.4
id-10013	3	4	12	0.3
id-10014	4	4	1	0.5
id-10015	6	6	5	0.4
id-10016	3	3	27	0.4
id-10017	10	13	11	0.3
id-10018	10	2	5	0.3
id-10019	4	2	30	0.3
id-10020	8	15	25	0.5
id-10021	5	2	14	0.5
id-10022	10	7	9	0.5
id-10023	10	11	17	0.4
id-10024	6	4	2	0.3
id-10025	2	4	21	0.5
id-10026	6	11	27	0.3
id-10027	2	3	29	0.5
id-10028	5	3	29	0.4
id-10029	6	2	4	0.4
id-10030	7	2	24	0.4
id-10031	4	5	15	0.5
id-10032	4	3	24	0.3
id-10033	9	4	26	0.4
id-10034	9	15	10	0.5
id-10035	7	12	24	0.2
id-10036	1	2	13	0.3
id-10037	2	4	23	0.4
id-10038	2	4	17	0.2
id-10039	8	15	21	0.4
id-10040	8	7	22	0.3
id-10041	9	13	2	0.4
id-10042	3	3	16	0.2
id-10043	9	5	13	0.3
id-10044	1	2	1	0.2
id-10045	2	2	16	0.4
id-10046	4	2	19	0.4
id-10047	9	4	17	0.3
id-10048	7	7	26	0.3
id-10049	9	5	20	0.3
id-10050	6	9	11	0.2
id-10051	1	2	16	0.4
id-10052	4	4	21	0.3
id-10053	10	17	11	0.5
id-10054	1	2	17	0.4
id-10055	6	3	12	0.2
id-10056	9	13	3	0.5
id-10057	9	8	22	0.3
id-10058	2	4	27	0.4
id-10059	4	6	17	0.2
id-10060	1	2	14	0.2
id-10061	10	16	15	0.5
id-10062	1	2	1	0.5
id-10063	4	2	28	0.5
id-10064	6	10	18	0.3
id-10065	5	3	25	0.5
id-10066	6	5	7	0.2
id-10067	1	2	19	0.4
id-10068	6	2	16	0.4
id-10069	5	2	23	0.2
id-10070	5	2	20	0.3
id-10071	9	14	7	0.3
id-10072	6	10	7	0.4
id-10073	3	5	15	0.3
id-10074	6	4	14	0.2
id-10075	6	4	25	0.5
id-10076	2	2	3	0.4
id-10077	10	4	9	0.4
id-10078	7	14	25	0.4
id-10079	9	18	21	0.3
id-10080	4	2	28	0.3
id-10081	6	5	20	0.4
id-10082	9	16	10	0.2
id-10083	9	10	2	0.3
id-10084	7	8	3	0.3
id-10085	4	2	23	0.3
id-10086	3	6	3	0.2
id-10087	4	7	17	0.4
id-10088	7	5	30	0.3
id-10089	5	9	23	0.3
id-10090	6	5	14	0.4
id-10091	1	2	24	0.5
id-10092	10	2	24	0.2
id-10093	6	7	1	0.4
id-10094	1	2	1	0.3
id-10095	3	5	16	0.4
id-10096	1	2	17	0.4
id-10097	8	8	6	0.2
id-10098	3	6	14	0.2
id-10099	1	2	15	0.3
id-10100	2	3	2	0.3
id-10101	10	11	1	0.4
id-10102	7	9	14	0.5
id-10103	10	9	21	0.2
id-10104	10	4	30	0.4
id-10105	5	2	13	0.3
id-10106	8	8	3	0.2
id-10107	3	5	12	0.5
id-10108	8	15	28	0.4
id-10109	5	10	16	0.4
id-10110	3	6	27	0.3
id-10111	6	7	8	0.5
id-10112	6	7	10	0.5
id-10113	9	15	29	0.4
id-10114	9	8	10	0.4
id-10115	2	2	11	0.3
id-10116	7	5	15	0.4
id-10117	4	3	19	0.4
id-10118	6	8	16	0.5
id-10119	5	10	6	0.3
id-10120	10	20	26	0.2
id-10121	1	2	14	0.4
id-10122	10	6	18	0.3
id-10123	4	4	16	0.4
id-10124	1	2	19	0.4
id-10125	2	3	4	0.3
id-10126	4	3	15	0.3
id-10127	1	2	29	0.3
id-10128	9	10	18	0.5
id-10129	6	5	8	0.4
id-10130	7	2	6	0.3
id-10131	10	11	5	0.4
id-10132	4	5	18	0.3
id-10133	3	4	11	0.3
id-10134	2	3	30	0.3
id-10135	1	2	2	0.3
id-10136	2	4	25	0.4
id-10137	5	9	1	0.4
id-10138	9	14	4	0.2
id-10139	9	7	23	0.5
id-10140	6	4	5	0.4
id-10141	3	3	21	0.4
id-10142	10	14	26	0.4
id-10143	6	9	4	0.3
id-10144	8	10	27	0.4
id-10145	8	3	17	0.2
id-10146	7	2	11	0.5
id-10147	3	5	14	0.4
id-10148	1	2	10	0.4
id-10149	8	13	26	0.2
id-10150	1	2	20	0.3
id-10151	6	12	20	0.4
id-10152	6	4	23	0.5
id-10153	7	7	24	0.2
id-10154	3	6	14	0.5
id-10155	5	9	16	0.4
id-10156	5	4	13	0.3
id-10157	4	8	11	0.2
id-10158	9	7	21	0.4
id-10159	1	2	17	0.3
id-10160	5	3	5	0.4
id-10161	1	2	8	0.4
id-10162	1	2	10	0.4
id-10163	7	11	7	0.3
id-10164	4	5	2	0.3
id-10165	9	9	26	0.4
id-10166	1	2	4	0.2
id-10167	1	2	12	0.5
id-10168	3	2	18	0.4
id-10169	5	8	28	0.2
id-10170	4	4	2	0.4
id-10171	7	7	26	0.3
id-10172	7	13	15	0.4
id-10173	3	6	2	0.5
id-10174	7	13	1	0.3
id-10175	9	8	19	0.4
id-10176	2	4	7	0.3
id-10177	10	20	26	0.2
id-10178	6	3	26	0.2
id-10179	7	14	28	0.4
id-10180	9	9	11	0.3
id-10181	3	2	24	0.4
id-10182	4	6	21	0.3
id-10183	2	2	16	0.5
id-10184	7	5	25	0.2
id-10185	6	5	10	0.4
id-10186	9	10	1	0.4
id-10187	7	3	30	0.4
id-10188	9	18	30	0.2
id-10189	6	6	7	0.4
id-10190	2	4	12	0.5
id-10191	3	3	29	0.3
id-10192	6	2	14	0.5
id-10193	2	2	15	0.3
id-10194	8	9	30	0.4
id-10195	7	12	2	0.3
id-10196	8	14	4	0.4
id-10197	6	10	7	0.5
id-10198	1	2	21	0.4
id-10199	5	5	12	0.4
id-10200	1	2	8	0.3
id-10201	9	12	19	0.2
id-10202	6	7	20	0.3
id-10203	1	2	12	0.2
id-10204	2	3	12	0.2
id-10205	4	2	29	0.2
id-10206	1	2	23	0.3
id-10207	9	10	2	0.4
id-10208	1	2	25	0.4
id-10209	5	10	1	0.3
id-10210	4	5	8	0.3
id-10211	10	16	27	0.4
id-10212	6	3	9	0.3
id-10213	10	11	21	0.2
id-10214	2	3	22	0.5
id-10215	4	5	26	0.3
id-10216	9	18	7	0.3
id-10217	8	2	13	0.2
id-10218	10	7	12	0.3
id-10219	10	12	8	0.3
id-10220	1	2	25	0.2
id-10221	3	3	14	0.5
id-10222	5	10	11	0.3
id-10223	2	3	24	0.3
id-10224	1	2	23	0.4
id-10225	1	2	30	0.3
id-10226	9	6	24	0.4
id-10227	4	4	10	0.4
id-10228	6	9	25	0.2
id-10229	5	3	21	0.5
id-10230	3	5	3	0.4
id-10231	2	4	13	0.4
id-10232	1	2	17	0.3
id-10233	10	8	28	0.3
id-10234	8	11	2	0.3
id-10235	9	7	2	0.3
id-10236	8	7	9	0.3
id-10237	4	3	18	0.2
id-10238	4	2	24	0.3
id-10239	9	16	26	0.5
id-10240	9	12	12	0.3
id-10241	2	4	19	0.4
id-10242	1	2	2	0.3
id-10243	1	2	12	0.2
id-10244	9	6	7	0.4
id-10245	6	8	21	0.4
id-10246	9	6	27	0.3
id-10247	3	3	19	0.3
id-10248	1	2	12	0.3
id-10249	9	16	28	0.4
id-10250	5	10	16	0.4
id-10251	9	8	13	0.4
id-10252	8	3	26	0.4
id-10253	6	5	23	0.5
id-10254	1	2	26	0.4
id-10255	4	2	5	0.3
id-10256	5	5	8	0.4
id-10257	5	9	27	0.5
id-10258	2	4	8	0.3
id-10259	7	5	17	0.5
id-10260	7	12	17	0.3
id-10261	9	16	9	0.3
id-10262	3	2	13	0.5
id-10263	4	4	3	0.3
id-10264	4	7	30	0.2
id-10265	9	4	28	0.3
id-10266	6	5	18	0.3
id-10267	9	5	12	0.2
id-10268	7	14	15	0.3
id-10269	4	8	20	0.3
id-10270	6	6	11	0.3
id-10271	1	2	1	0.3
id-10272	3	5	18	0.4
id-10273	10	10	13	0.3
id-10274	3	5	14	0.3
id-10275	9	15	3	0.4
id-10276	10	10	18	0.3
id-10277	8	13	16	0.4
id-10278	9	11	9	0.5
id-10279	9	14	21	0.2
id-10280	9	14	18	0.2
id-10281	3	2	5	0.4
id-10282	3	3	16	0.3
id-10283	3	6	12	0.3
id-10284	1	2	18	0.3
id-10285	6	5	3	0.4
id-10286	4	7	10	0.4
id-10287	3	2	11	0.3
id-10288	1	2	15	0.5
id-10289	3	3	18	0.4
id-10290	9	12	28	0.4
id-10291	9	8	10	0.3
id-10292	5	3	19	0.3
id-10293	3	5	14	0.5
id-10294	10	13	28	0.5
id-10295	10	13	2	0.3
id-10296	10	4	5	0.3
id-10297	2	3	11	0.3
id-10298	10	20	11	0.3
id-10299	7	13	16	0.4
id-10300	4	8	19	0.4
id-10301	6	12	12	0.4
id-10302	8	15	14	0.4
id-10303	1	2	12	0.5
id-10304	1	2	16	0.4
id-10305	10	6	28	0.3
id-10306	1	2	3	0.3
id-10307	2	3	7	0.5
id-10308	10	6	30	0.5
id-10309	7	5	21	0.3
id-10310	2	2	18	0.3
id-10311	1	2	12	0.4
id-10312	6	10	4	0.4
id-10313	7	6	2	0.5
id-10314	7	9	12	0.3
id-10315	2	3	11	0.4
id-10316	3	5	13	0.4
id-10317	7	2	23	0.3
id-10318	8	3	1	0.3
id-10319	6	12	19	0.4
id-10320	10	19	21	0.4
id-10321	4	8	17	0.4
id-10322	7	7	10	0.2
id-10323	7	9	4	0.5
id-10324	7	12	7	0.4
id-10325	4	3	19	0.4
id-10326	10	20	22	0.3
id-10327	9	12	16	0.4
id-10328	8	2	14	0.2
id-10329	5	5	6	0.5
id-10330	2	3	25	0.3
id-10331	6	7	26	0.4
id-10332	5	2	23	0.2
id-10333	10	3	28	0.3
id-10334	8	16	19	0.3
id-10335	9	13	8	0.4
id-10336	8	13	15	0.4
id-10337	3	4	11	0.3
id-10338	3	3	2	0.4
id-10339	2	3	28	0.5
id-10340	1	2	20	0.2
id-10341	5	4	27	0.4
id-10342	2	2	19	0.4
id-10343	5	7	16	0.4
id-10344	4	4	2	0.2
id-10345	8	5	15	0.4
id-10346	5	8	13	0.2
id-10347	4	2	2	0.2
id-10348	1	2	5	0.5
id-10349	5	8	2	0.2
id-10350	8	16	29	0.5
id-10351	7	12	5	0.4
id-10352	1	2	21	0.2
id-10353	7	2	4	0.3
id-10354	3	6	15	0.3
id-10355	2	4	6	0.4
id-10356	6	5	26	0.2
id-10357	8	13	8	0.5
id-10358	6	4	20	0.3
id-10359	4	7	27	0.3
id-10360	3	4	3	0.4
id-10361	4	7	1	0.2
id-10362	6	4	5	0.5
id-10363	10	10	23	0.4
id-10364	5	4	5	0.4
id-10365	5	6	11	0.3
id-10366	10	17	13	0.3
id-10367	7	7	2	0.2
id-10368	1	2	30	0.4
id-10369	2	3	10	0.5
id-10370	1	2	13	0.4
id-10371	5	4	29	0.2
id-10372	3	6	22	0.4
id-10373	1	2	12	0.3
id-10374	9	4	2	0.3
id-10375	10	6	17	0.2
id-10376	3	6	30	0.4
id-10377	7	6	14	0.2
id-10378	7	9	29	0.4
id-10379	2	3	5	0.3
id-10380	9	8	14	0.3
id-10381	2	2	7	0.2
id-10382	10	2	13	0.4
id-10383	7	13	3	0.4
id-10384	7	11	22	0.3
id-10385	6	9	24	0.4
id-10386	2	2	2	0.4
id-10387	6	4	14	0.2
id-10388	6	7	20	0.3
id-10389	1	2	6	0.3
id-10390	5	8	30	0.3
id-10391	6	5	25	0.3
id-10392	4	4	14	0.3
id-10393	9	12	26	0.3
id-10394	10	14	4	0.4
id-10395	9	17	14	0.2
id-10396	4	4	22	0.3
id-10397	4	3	12	0.4
id-10398	4	3	21	0.3
id-10399	8	5	5	0.3
id-10400	4	8	17	0.4
id-10401	7	4	12	0.3
id-10402	7	14	26	0.4
id-10403	7	4	10	0.4
id-10404	9	9	4	0.3
id-10405	1	2	26	0.4
id-10406	8	3	22	0.4
id-10407	6	5	6	0.4
id-10408	9	5	23	0.4
id-10409	3	4	21	0.4
id-10410	3	6	14	0.3
id-10411	1	2	2	0.5
id-10412	10	5	6	0.4
id-10413	8	13	8	0.4
id-10414	7	2	25	0.3
id-10415	8	6	2	0.4
id-10416	8	8	19	0.4
id-10417	9	14	25	0.4
id-10418	3	3	21	0.3
id-10419	10	14	5	0.3
id-10420	9	17	27	0.3
id-10421	6	6	15	0.4
id-10422	7	3	11	0.3
id-10423	7	14	25	0.2
id-10424	3	4	6	0.2
id-10425	8	14	29	0.4
id-10426	7	12	24	0.5
id-10427	3	3	17	0.4
id-10428	2	4	2	0.3
id-10429	3	4	1	0.4
id-10430	4	6	21	0.4
id-10431	4	2	19	0.3
id-10432	8	7	28	0.5
id-10433	8	14	17	0.4
id-10434	3	6	14	0.2
id-10435	7	4	16	0.4
id-10436	10	13	4	0.2
id-10437	1	2	27	0.2
id-10438	6	5	25	0.4
id-10439	4	7	21	0.3
id-10440	5	4	13	0.3
id-10441	3	2	16	0.5
id-10442	6	9	14	0.5
id-10443	5	6	30	0.2
id-10444	7	8	17	0.3
id-10445	1	2	16	0.4
id-10446	3	5	23	0.3
id-10447	9	12	13	0.4
id-10448	7	8	18	0.4
id-10449	2	3	30	0.3
id-10450	1	2	6	0.2
id-10451	7	10	18	0.2
id-10452	7	2	14	0.5
id-10453	2	3	18	0.5
id-10454	8	5	23	0.2
id-10455	10	11	17	0.5
id-10456	8	14	26	0.3
id-10457	7	11	17	0.3
id-10458	9	12	21	0.3
id-10459	7	8	22	0.2
id-10460	6	6	1	0.2
id-10461	8	3	1	0.3
id-10462	9	18	15	0.3
id-10463	3	3	16	0.3
id-10464	9	6	21	0.4
id-10465	7	10	6	0.3
id-10466	6	10	13	0.5
id-10467	4	8	21	0.4
id-10468	3	4	5	0.3
id-10469	6	3	10	0.2
id-10470	6	10	1	0.3
id-10471	5	7	20	0.5
id-10472	9	9	19	0.3
id-10473	9	15	18	0.3
id-10474	4	5	19	0.2
id-10475	4	2	24	0.3
id-10476	6	9	30	0.5
id-10477	9	11	26	0.3
id-10478	6	5	14	0.5
id-10479	9	4	16	0.5
id-10480	1	2	11	0.3
id-10481	1	2	24	0.2
id-10482	4	7	8	0.2
id-10483	5	3	14	0.5
id-10484	7	8	15	0.4
id-10485	6	5	11	0.4
id-10486	8	11	25	0.4
id-10487	5	3	6	0.4
id-10488	2	4	10	0.4
id-10489	3	2	22	0.3
id-10490	1	2	1	0.4
id-10491	1	2	24	0.5
id-10492	3	2	15	0.3
id-10493	5	4	20	0.5
id-10494	10	10	4	0.3
id-10495	3	6	10	0.3
id-10496	6	11	3	0.4
id-10497	3	3	8	0.5
id-10498	7	11	10	0.2
id-10499	1	2	21	0.4
id-10500	2	4	29	0.5
id-10501	8	9	28	0.3
id-10502	10	17	29	0.5
id-10503	9	7	27	0.3
id-10504	2	4	4	0.4
id-10505	10	6	7	0.4
id-10506	2	4	9	0.4
id-10507	1	2	5	0.3
id-10508	6	3	28	0.2
id-10509	9	3	7	0.3
id-10510	1	2	1	0.4
id-10511	8	12	29	0.4
id-10512	7	11	3	0.3
id-10513	4	5	9	0.5
id-10514	10	15	17	0.2
id-10515	9	10	16	0.2
id-10516	5	6	15	0.4
id-10517	9	12	15	0.2
id-10518	2	4	26	0.5
id-10519	2	3	6	0.4
id-10520	8	6	16	0.4
id-10521	7	3	11	0.5
id-10522	9	16	19	0.4
id-10523	1	2	30	0.2
id-10524	5	2	27	0.2
id-10525	3	3	26	0.4
id-10526	7	4	24	0.5
id-10527	7	6	11	0.2
id-10528	9	9	16	0.3
id-10529	9	14	30	0.4
id-10530	9	11	30	0.3
id-10531	8	11	16	0.3
id-10532	3	2	15	0.3
id-10533	3	5	30	0.5
id-10534	1	2	1	0.3
id-10535	6	4	5	0.3
id-10536	6	7	15	0.3
id-10537	1	2	12	0.4
id-10538	10	17	12	0.3
id-10539	7	4	17	0.3
id-10540	3	5	12	0.4
id-10541	1	2	2	0.4
id-10542	7	7	21	0.2
id-10543	3	6	16	0.3
id-10544	10	16	28	0.2
id-10545	7	11	14	0.3
id-10546	1	2	30	0.4
id-10547	1	2	24	0.2
id-10548	5	5	10	0.2
id-10549	7	10	3	0.2
id-10550	4	8	18	0.4
id-10551	9	11	6	0.4
id-10552	9	12	6	0.2
id-10553	2	4	19	0.3
id-10554	4	8	30	0.3
id-10555	3	4	16	0.3
id-10556	2	2	2	0.2
id-10557	8	11	7	0.4
id-10558	3	5	25	0.4
id-10559	9	13	2	0.2
id-10560	3	5	29	0.2
id-10561	3	2	18	0.2
id-10562	9	8	3	0.4
id-10563	3	3	11	0.2
id-10564	4	4	12	0.2
id-10565	5	8	22	0.4
id-10566	1	2	12	0.3
id-10567	7	9	4	0.3
id-10568	6	9	1	0.4
id-10569	10	4	15	0.3
id-10570	8	6	9	0.4
id-10571	2	4	1	0.3
id-10572	4	2	19	0.5
id-10573	6	5	24	0.3
id-10574	2	3	22	0.3
id-10575	8	14	5	0.3
id-10576	3	2	9	0.4
id-10577	4	5	1	0.5
id-10578	7	13	22	0.5
id-10579	6	6	9	0.3
id-10580	7	5	27	0.4
id-10581	10	8	27	0.2
id-10582	8	3	22	0.4
id-10583	7	3	25	0.3
id-10584	3	2	9	0.4
id-10585	10	18	27	0.4
id-10586	1	2	12	0.2
id-10587	9	17	10	0.3
id-10588	3	5	30	0.2
id-10589	10	20	27	0.5
id-10590	10	10	12	0.4
id-10591	10	10	16	0.4
id-10592	3	3	24	0.5
id-10593	3	6	7	0.4
id-10594	10	10	12	0.4
id-10595	2	2	19	0.5
id-10596	8	11	15	0.2
id-10597	7	5	24	0.3
id-10598	8	13	4	0.4
id-10599	1	2	30	0.4
id-10600	8	7	4	0.4
id-10601	3	4	26	0.4
id-10602	6	11	26	0.4
id-10603	8	7	15	0.2
id-10604	6	12	29	0.3
id-10605	8	3	25	0.4
id-10606	9	7	26	0.4
id-10607	2	3	27	0.4
id-10608	2	3	28	0.5
id-10609	8	3	20	0.4
id-10610	3	4	14	0.2
id-10611	6	5	8	0.4
id-10612	5	9	1	0.2
id-10613	3	5	11	0.5
id-10614	5	7	10	0.3
id-10615	8	5	1	0.3
id-10616	5	7	2	0.4
id-10617	5	9	7	0.4
id-10618	1	2	6	0.3
id-10619	5	3	23	0.3
id-10620	6	4	21	0.3
id-10621	9	13	17	0.2
id-10622	4	5	20	0.4
id-10623	1	2	10	0.3
id-10624	6	9	5	0.4
id-10625	2	3	20	0.2
id-10626	9	10	30	0.2
id-10627	6	11	6	0.2
id-10628	1	2	3	0.4
id-10629	3	2	26	0.4
id-10630	3	4	13	0.3
id-10631	4	3	8	0.3
id-10632	2	3	21	0.2
id-10633	1	2	25	0.4
id-10634	2	3	28	0.3
id-10635	9	17	23	0.4
id-10636	10	6	17	0.4
id-10637	1	2	26	0.5
id-10638	1	2	2	0.4
id-10639	9	14	2	0.3
id-10640	3	2	13	0.3
id-10641	7	2	25	0.4
id-10642	6	5	1	0.3
id-10643	9	14	9	0.4
id-10644	2	4	10	0.3
id-10645	1	2	8	0.2
id-10646	6	7	15	0.2
id-10647	8	12	11	0.3
id-10648	7	2	28	0.3
id-10649	4	4	20	0.2
id-10650	7	14	8	0.5
id-10651	10	8	7	0.3
id-10652	10	8	1	0.3
id-10653	1	2	18	0.3
id-10654	10	12	1	0.4
id-10655	8	5	12	0.4
id-10656	4	4	10	0.4
id-10657	10	9	27	0.4
id-10658	9	3	24	0.4
id-10659	6	12	24	0.5
id-10660	4	5	13	0.3
id-10661	5	7	4	0.4
id-10662	5	8	25	0.2
id-10663	5	4	23	0.5
id-10664	7	12	10	0.5
id-10665	3	3	13	0.3
id-10666	4	2	14	0.4
id-10667	6	12	12	0.3
id-10668	5	10	30	0.2
id-10669	3	5	3	0.3
id-10670	2	4	8	0.3
id-10671	9	9	24	0.4
id-10672	9	5	2	0.2
id-10673	5	3	17	0.3
id-10674	4	8	5	0.5
id-10675	8	15	27	0.3
id-10676	9	7	24	0.3
id-10677	10	19	27	0.5
id-10678	7	7	2	0.4
id-10679	3	4	24	0.5
id-10680	3	2	14	0.3
id-10681	10	3	3	0.3
id-10682	5	3	28	0.2
id-10683	1	2	12	0.5
id-10684	9	11	17	0.3
id-10685	9	2	17	0.2
id-10686	6	10	5	0.3
id-10687	1	2	7	0.2
id-10688	10	12	17	0.3
id-10689	1	2	23	0.4
id-10690	4	2	17	0.3
id-10691	1	2	29	0.4
id-10692	3	4	21	0.5
id-10693	2	3	24	0.5
id-10694	8	16	21	0.4
id-10695	5	8	13	0.4
id-10696	4	2	12	0.3
id-10697	4	5	7	0.4
id-10698	4	8	4	0.4
id-10699	9	6	16	0.3
id-10700	6	12	4	0.4
id-10701	5	8	2	0.4
id-10702	9	9	9	0.2
id-10703	4	4	24	0.4
id-10704	10	3	29	0.3
id-10705	4	3	25	0.4
id-10706	10	19	18	0.3
id-10707	5	6	17	0.3
id-10708	5	8	2	0.2
id-10709	4	5	25	0.3
id-10710	4	3	24	0.5
id-10711	5	10	2	0.4
id-10712	3	6	16	0.2
id-10713	9	3	28	0.4
id-10714	7	11	14	0.2
id-10715	10	15	25	0.4
id-10716	4	6	13	0.3
id-10717	9	4	4	0.4
id-10718	8	4	3	0.5
id-10719	5	6	26	0.4
id-10720	3	6	30	0.5
id-10721	9	7	19	0.4
id-10722	3	4	13	0.4
id-10723	1	2	20	0.3
id-10724	1	2	12	0.3
id-10725	2	3	18	0.4
id-10726	10	3	11	0.3
id-10727	6	9	12	0.2
id-10728	5	8	22	0.3
id-10729	4	6	15	0.4
id-10730	5	8	8	0.2
id-10731	2	3	21	0.4
id-10732	5	9	28	0.3
id-10733	3	4	23	0.3
id-10734	10	9	2	0.4
id-10735	5	5	22	0.4
id-10736	2	2	15	0.5
id-10737	1	2	6	0.2
id-10738	5	3	23	0.4
id-10739	9	4	2	0.2
id-10740	7	13	20	0.2
id-10741	9	9	8	0.4
id-10742	10	2	18	0.3
id-10743	5	9	3	0.4
id-10744	6	3	5	0.4
id-10745	8	4	16	0.4
id-10746	2	4	12	0.2
id-10747	6	10	19	0.3
id-10748	3	3	9	0.5
id-10749	10	14	24	0.5
id-10750	6	3	30	0.5
id-10751	6	11	16	0.4
id-10752	6	5	20	0.4
id-10753	8	15	3	0.2
id-10754	10	17	7	0.3
id-10755	3	3	17	0.4
id-10756	9	16	30	0.5
id-10757	10	18	12	0.3
id-10758	9	16	1	0.4
id-10759	5	3	23	0.2
id-10760	8	10	2	0.2
id-10761	1	2	23	0.2
id-10762	10	16	30	0.5
id-10763	1	2	5	0.4
id-10764	9	11	7	0.2
id-10765	9	2	14	0.4
id-10766	1	2	3	0.3
id-10767	2	3	29	0.5
id-10768	9	7	6	0.3
id-10769	7	3	22	0.5
id-10770	7	3	6	0.4
id-10771	8	2	28	0.4
id-10772	3	6	22	0.2
id-10773	2	2	7	0.4
id-10774	6	8	3	0.4
id-10775	8	3	23	0.5
id-10776	3	6	9	0.4
id-10777	6	11	26	0.4
id-10778	7	6	1	0.4
id-10779	6	7	30	0.4
id-10780	3	2	26	0.3
id-10781	5	4	6	0.3
id-10782	6	11	11	0.5
id-10783	9	18	30	0.4
id-10784	6	6	5	0.2
id-10785	10	8	24	0.3
id-10786	7	5	17	0.5
id-10787	3	3	26	0.4
id-10788	1	2	24	0.4
id-10789	5	2	27	0.4
id-10790	4	4	17	0.5
id-10791	6	4	19	0.4
id-10792	8	2	5	0.2
id-10793	2	2	25	0.4
id-10794	5	3	9	0.5
id-10795	9	5	6	0.3
id-10796	3	3	13	0.3
id-10797	6	9	27	0.3
id-10798	9	3	27	0.4
id-10799	9	14	5	0.5
id-10800	2	3	3	0.2
id-10801	5	6	20	0.3
id-10802	5	2	27	0.2
id-10803	9	11	28	0.2
id-10804	7	3	27	0.4
id-10805	4	3	12	0.4
id-10806	6	3	5	0.4
id-10807	9	17	12	0.3
id-10808	3	2	24	0.2
id-10809	4	6	1	0.2
id-10810	3	6	18	0.3
id-10811	10	5	15	0.4
id-10812	8	16	9	0.4
id-10813	6	3	29	0.4
id-10814	8	15	1	0.3
id-10815	3	3	12	0.3
id-10816	4	4	7	0.3
id-10817	2	2	7	0.2
id-10818	4	7	17	0.5
id-10819	5	7	10	0.4
id-10820	5	8	14	0.4
id-10821	3	4	15	0.3
id-10822	7	6	4	0.4
id-10823	5	9	17	0.3
id-10824	2	3	10	0.4
id-10825	7	13	20	0.2
id-10826	10	3	2	0.3
id-10827	10	4	18	0.4
id-10828	8	16	18	0.2
id-10829	10	20	3	0.5
id-10830	6	5	25	0.5
id-10831	3	3	29	0.3
id-10832	7	5	19	0.4
id-10833	7	13	12	0.5
id-10834	8	15	9	0.5
id-10835	5	4	4	0.4
id-10836	4	3	12	0.4
id-10837	5	4	20	0.4
id-10838	5	3	2	0.5
id-10839	8	8	6	0.2
id-10840	6	8	13	0.3
id-10841	9	13	26	0.5
id-10842	6	6	24	0.2
id-10843	5	7	20	0.4
id-10844	2	3	5	0.3
id-10845	3	6	7	0.3
id-10846	5	8	30	0.2
id-10847	2	3	23	0.4
id-10848	6	7	26	0.5
id-10849	2	4	15	0.2
id-10850	8	12	5	0.4
id-10851	2	3	18	0.4
id-10852	7	2	14	0.3
id-10853	8	5	9	0.4
id-10854	9	9	9	0.4
id-10855	1	2	22	0.3
id-10856	8	4	16	0.5
id-10857	6	8	19	0.4
id-10858	5	2	30	0.5
id-10859	10	11	13	0.5
id-10860	3	6	20	0.4
id-10861	10	17	12	0.2
id-10862	7	3	6	0.5
id-10863	7	10	6	0.4
id-10864	7	5	4	0.3
id-10865	2	4	22	0.2
id-10866	4	7	20	0.4
id-10867	3	6	2	0.5
id-10868	9	5	3	0.4
id-10869	1	2	24	0.3
id-10870	5	5	9	0.2
id-10871	1	2	9	0.4
id-10872	6	11	14	0.3
id-10873	8	10	8	0.4
id-10874	8	9	8	0.4
id-10875	3	4	2	0.2
id-10876	2	4	9	0.3
id-10877	8	10	17	0.4
id-10878	6	3	3	0.3
id-10879	5	9	12	0.3
id-10880	10	12	5	0.2
id-10881	2	2	30	0.4
id-10882	1	2	25	0.3
id-10883	2	3	12	0.3
id-10884	2	2	2	0.4
id-10885	2	2	18	0.2
id-10886	6	3	1	0.3
id-10887	5	5	17	0.5
id-10888	9	14	20	0.4
id-10889	1	2	12	0.3
id-10890	10	9	30	0.3
id-10891	8	3	5	0.5
id-10892	9	8	4	0.4
id-10893	7	4	5	0.4
id-10894	8	5	25	0.3
id-10895	9	4	30	0.4
id-10896	2	4	14	0.5
id-10897	7	6	20	0.3
id-10898	9	6	5	0.5
id-10899	9	6	16	0.4
id-10900	5	10	30	0.3
id-10901	2	4	22	0.3
id-10902	10	5	30	0.4
id-10903	5	8	15	0.3
id-10904	4	8	22	0.4
id-10905	3	5	18	0.3
id-10906	8	12	29	0.3
id-10907	8	4	30	0.2
id-10908	2	4	26	0.4
id-10909	5	2	4	0.2
id-10910	9	11	8	0.5
id-10911	1	2	3	0.4
id-10912	10	14	8	0.2
id-10913	2	4	15	0.5
id-10914	5	4	1	0.3
id-10915	1	2	3	0.4
id-10916	6	5	19	0.3
id-10917	3	6	24	0.4
id-10918	6	3	3	0.5
id-10919	1	2	30	0.4
id-10920	3	6	30	0.3
id-10921	9	12	2	0.2
id-10922	6	8	7	0.4
id-10923	4	6	7	0.4
id-10924	4	3	23	0.3
id-10925	6	6	28	0.4
id-10926	8	9	28	0.3
id-10927	10	11	17	0.4
id-10928	8	4	28	0.5
id-10929	4	8	20	0.3
id-10930	9	18	30	0.3
id-10931	10	12	10	0.5
id-10932	3	6	23	0.4
id-10933	5	5	2	0.4
id-10934	2	3	27	0.4
id-10935	8	2	17	0.3
id-10936	3	5	2	0.3
id-10937	6	3	1	0.5
id-10938	7	10	11	0.5
id-10939	2	3	21	0.3
id-10940	4	6	19	0.4
id-10941	2	3	28	0.3
id-10942	4	8	2	0.5
id-10943	3	4	2	0.2
id-10944	9	10	6	0.3
id-10945	8	15	23	0.4
id-10946	5	10	21	0.4
id-10947	9	8	9	0.3
id-10948	4	6	21	0.5
id-10949	9	5	24	0.5
id-10950	4	4	6	0.3
id-10951	3	6	11	0.5
id-10952	2	2	8	0.3
id-10953	9	11	15	0.3
id-10954	8	9	7	0.4
id-10955	3	3	13	0.4
id-10956	7	5	6	0.4
id-10957	3	3	25	0.3
id-10958	9	2	17	0.3
id-10959	5	6	28	0.4
id-10960	1	2	17	0.3
id-10961	9	13	8	0.2
id-10962	2	3	16	0.5
id-10963	6	3	20	0.3
id-10964	6	2	10	0.4
id-10965	10	9	21	0.4
id-10966	6	6	14	0.2
id-10967	2	3	24	0.3
id-10968	10	9	16	0.4
id-10969	10	3	13	0.5
id-10970	4	5	16	0.2
id-10971	6	3	27	0.3
id-10972	8	3	16	0.3
id-10973	3	2	9	0.4
id-10974	2	2	5	0.3
id-10975	9	15	28	0.5
id-10976	5	2	29	0.3
id-10977	9	3	15	0.4
id-10978	2	3	27	0.3
id-10979	6	8	12	0.2
id-10980	4	5	28	0.2
id-10981	8	12	1	0.3
id-10982	8	11	5	0.4
id-10983	2	3	2	0.4
id-10984	3	2	28	0.3
id-10985	4	3	9	0.3
id-10986	6	8	6	0.4
id-10987	3	2	16	0.5
id-10988	5	7	7	0.2
id-10989	10	19	7	0.3
id-10990	5	10	21	0.2
id-10991	2	4	30	0.2
id-10992	3	2	25	0.3
id-10993	2	4	21	0.2
id-10994	4	2	2	0.3
id-10995	6	8	23	0.2
id-10996	7	14	1	0.3
id-10997	9	17	6	0.3
id-10998	9	14	2	0.3
id-10999	3	3	12	0.2
id-11000	8	11	25	0.2
id-11001	3	2	13	0.3
id-11002	9	7	25	0.2
id-11003	10	15	25	0.3
id-11004	2	2	29	0.3
id-11005	6	2	12	0.4
id-11006	1	2	22	0.4
id-11007	10	6	2	0.3
id-11008	9	5	23	0.2
id-11009	3	3	25	0.5
id-11010	8	6	13	0.4
id-11011	10	17	15	0.5
id-11012	9	15	19	0.2
id-11013	5	10	30	0.5
id-11014	10	8	10	0.2
id-11015	5	3	4	0.5
id-11016	8	2	15	0.4
id-11017	1	2	27	0.3
id-11018	3	4	7	0.2
id-11019	10	14	28	0.3
id-11020	8	11	16	0.3
id-11021	3	3	26	0.5
id-11022	8	7	7	0.3
id-11023	9	16	23	0.4
id-11024	10	2	23	0.4
id-11025	6	10	18	0.5
id-11026	9	12	30	0.5
id-11027	4	4	16	0.4
id-11028	5	4	21	0.2
id-11029	4	6	5	0.2
id-11030	6	2	26	0.2
id-11031	3	4	14	0.4
id-11032	2	2	21	0.4
id-11033	6	9	19	0.2
id-11034	5	6	22	0.5
id-11035	6	2	7	0.5
id-11036	3	6	27	0.5
id-11037	6	2	22	0.3
id-11038	7	11	19	0.5
id-11039	5	3	26	0.3
id-11040	3	4	2	0.2
id-11041	4	7	8	0.3
id-11042	8	10	18	0.4
id-11043	3	4	17	0.2
id-11044	8	6	4	0.3
id-11045	5	8	23	0.3
id-11046	8	9	18	0.4
id-11047	2	2	18	0.3
id-11048	9	18	3	0.2
id-11049	5	5	22	0.2
id-11050	10	5	6	0.5
id-11051	7	10	20	0.5
id-11052	10	11	14	0.3
id-11053	8	15	20	0.2
id-11054	10	11	28	0.4
id-11055	10	9	19	0.2
id-11056	9	9	28	0.4
id-11057	7	5	13	0.5
id-11058	8	5	17	0.5
id-11059	10	5	28	0.3
id-11060	6	8	14	0.3
id-11061	4	8	23	0.3
id-11062	10	12	4	0.5
id-11063	9	4	28	0.3
id-11064	2	4	17	0.3
id-11065	8	13	3	0.5
id-11066	10	9	10	0.5
id-11067	1	2	9	0.3
id-11068	4	6	28	0.5
id-11069	6	6	25	0.2
id-11070	7	3	30	0.2
id-11071	4	7	16	0.2
id-11072	10	18	20	0.3
id-11073	4	2	2	0.3
id-11074	2	3	24	0.2
id-11075	10	11	5	0.4
id-11076	1	2	8	0.3
id-11077	4	7	10	0.3
id-11078	6	5	5	0.4
id-11079	7	12	22	0.3
id-11080	8	3	14	0.3
id-11081	6	5	30	0.4
id-11082	10	5	5	0.2
id-11083	6	12	30	0.2
id-11084	3	6	17	0.4
id-11085	7	3	12	0.5
id-11086	1	2	5	0.3
id-11087	7	4	26	0.3
id-11088	1	2	4	0.5
id-11089	10	10	13	0.4
id-11090	3	2	3	0.5
id-11091	3	4	8	0.4
id-11092	6	4	2	0.2
id-11093	3	4	7	0.4
id-11094	10	6	9	0.4
id-11095	3	4	18	0.3
id-11096	5	2	9	0.3
id-11097	3	2	11	0.5
id-11098	5	4	24	0.3
id-11099	2	2	20	0.4
id-11100	2	4	14	0.5
id-11101	2	3	2	0.5
id-11102	2	4	1	0.4
id-11103	5	6	3	0.2
id-11104	1	2	23	0.3
id-11105	2	4	26	0.3
id-11106	9	16	9	0.4
id-11107	6	9	26	0.3
id-11108	4	4	24	0.3
id-11109	10	18	19	0.4
id-11110	10	5	2	0.2
id-11111	6	12	11	0.4
id-11112	10	5	17	0.3
id-11113	8	11	6	0.3
id-11114	7	2	15	0.4
id-11115	7	12	30	0.3
id-11116	10	12	24	0.3
id-11117	5	3	18	0.4
id-11118	7	10	26	0.4
id-11119	1	2	23	0.5
id-11120	9	3	1	0.4
id-11121	7	4	21	0.3
id-11122	2	2	7	0.4
id-11123	9	11	12	0.3
id-11124	6	2	26	0.3
id-11125	6	2	15	0.4
id-11126	4	7	3	0.3
id-11127	5	9	6	0.3
id-11128	3	6	5	0.5
id-11129	10	12	2	0.3
id-11130	8	10	17	0.5
id-11131	10	9	30	0.2
id-11132	10	20	28	0.2
id-11133	4	4	6	0.4
id-11134	8	11	18	0.2
id-11135	6	3	19	0.3
id-11136	4	2	25	0.4
id-11137	4	7	11	0.5
id-11138	5	5	20	0.4
id-11139	10	2	25	0.4
id-11140	6	11	19	0.3
id-11141	4	7	11	0.2
id-11142	1	2	19	0.3
id-11143	9	9	22	0.2
id-11144	7	14	1	0.2
id-11145	7	9	14	0.5
id-11146	3	4	6	0.2
id-11147	6	12	2	0.3
id-11148	1	2	3	0.2
id-11149	10	14	9	0.4
id-11150	4	8	12	0.2
id-11151	2	2	27	0.3
id-11152	1	2	1	0.3
id-11153	2	3	5	0.3
id-11154	8	16	12	0.2
id-11155	2	2	2	0.4
id-11156	2	2	16	0.3
id-11157	3	3	11	0.4
id-11158	5	2	7	0.3
id-11159	1	2	10	0.4
id-11160	2	4	25	0.5
id-11161	5	7	8	0.5
id-11162	2	4	19	0.4
id-11163	2	3	20	0.5
id-11164	8	15	11	0.2
id-11165	6	4	5	0.2
id-11166	2	4	25	0.4
id-11167	4	2	30	0.3
id-11168	10	13	28	0.4
id-11169	1	2	12	0.5
id-11170	3	2	2	0.5
id-11171	8	3	21	0.5
id-11172	10	3	15	0.4
id-11173	5	3	12	0.3
id-11174	5	7	18	0.4
id-11175	4	3	10	0.2
id-11176	2	3	13	0.3
id-11177	2	4	19	0.2
id-11178	4	8	23	0.3
id-11179	1	2	15	0.3
id-11180	6	10	6	0.3
id-11181	10	18	13	0.2
id-11182	1	2	17	0.2
id-11183	7	9	15	0.3
id-11184	2	3	12	0.5
id-11185	7	5	9	0.2
id-11186	2	4	28	0.3
id-11187	7	4	9	0.3
id-11188	8	7	29	0.2
id-11189	4	7	19	0.4
id-11190	4	7	24	0.4
id-11191	1	2	3	0.5
id-11192	8	9	7	0.4
id-11193	2	4	11	0.5
id-11194	7	11	19	0.2
id-11195	2	2	15	0.4
id-11196	1	2	23	0.4
id-11197	10	2	4	0.5
id-11198	4	3	12	0.4
id-11199	8	2	7	0.2
id-11200	7	9	15	0.3
id-11201	2	3	18	0.2
id-11202	3	2	2	0.4
id-11203	9	6	18	0.2
id-11204	5	10	12	0.5
id-11205	5	5	30	0.3
id-11206	1	2	3	0.4
id-11207	10	17	7	0.3
id-11208	1	2	16	0.4
id-11209	4	7	30	0.4
id-11210	1	2	9	0.4
id-11211	3	5	30	0.3
id-11212	3	6	20	0.4
id-11213	10	14	9	0.5
id-11214	4	2	18	0.4
id-11215	1	2	3	0.2
id-11216	8	6	2	0.4
id-11217	10	4	25	0.3
id-11218	5	3	22	0.3
id-11219	8	2	16	0.5
id-11220	8	3	29	0.3
id-11221	1	2	13	0.4
id-11222	2	3	22	0.2
id-11223	2	4	17	0.4
id-11224	9	16	21	0.3
id-11225	1	2	6	0.2
id-11226	6	12	16	0.4
id-11227	8	3	16	0.5
id-11228	7	3	14	0.4
id-11229	9	5	4	0.4
id-11230	4	8	8	0.4
id-11231	3	3	25	0.3
id-11232	5	3	11	0.3
id-11233	1	2	24	0.4
id-11234	5	4	23	0.4
id-11235	10	12	20	0.2
id-11236	9	9	5	0.4
id-11237	5	7	26	0.4
id-11238	6	11	15	0.5
id-11239	2	2	23	0.2
id-11240	1	2	3	0.3
id-11241	10	10	23	0.4
id-11242	4	5	29	0.5
id-11243	8	9	5	0.5
id-11244	10	14	23	0.3
id-11245	4	2	18	0.3
id-11246	8	12	21	0.3
id-11247	9	10	12	0.4
id-11248	2	2	5	0.3
id-11249	8	6	4	0.3
id-11250	1	2	30	0.2
id-11251	6	6	29	0.4
id-11252	9	12	14	0.3
id-11253	9	13	2	0.3
id-11254	6	4	27	0.5
id-11255	6	3	11	0.3
id-11256	7	2	1	0.4
id-11257	8	16	7	0.4
id-11258	3	2	24	0.3
id-11259	3	4	9	0.5
id-11260	6	7	1	0.4
id-11261	1	2	27	0.4
id-11262	9	10	20	0.4
id-11263	10	7	28	0.4
id-11264	3	6	8	0.4
id-11265	10	5	10	0.3
id-11266	5	10	8	0.3
id-11267	3	2	8	0.4
id-11268	10	20	30	0.2
id-11269	9	4	18	0.3
id-11270	3	6	5	0.3
id-11271	1	2	4	0.3
id-11272	8	14	19	0.4
id-11273	7	5	4	0.5
id-11274	1	2	11	0.4
id-11275	10	12	4	0.4
id-11276	2	2	1	0.4
id-11277	8	4	6	0.2
id-11278	5	6	11	0.4
id-11279	7	2	23	0.4
id-11280	1	2	5	0.4
id-11281	5	8	29	0.4
id-11282	7	4	24	0.5
id-11283	6	9	8	0.2
id-11284	10	11	1	0.4
id-11285	1	2	26	0.4
id-11286	8	13	6	0.3
id-11287	8	12	6	0.4
id-11288	7	9	6	0.3
id-11289	2	4	9	0.5
id-11290	9	5	16	0.4
id-11291	5	2	14	0.3
id-11292	4	5	8	0.3
id-11293	9	16	4	0.2
id-11294	5	7	29	0.2
id-11295	4	6	21	0.2
id-11296	10	12	4	0.3
id-11297	4	8	3	0.3
id-11298	6	6	3	0.4
id-11299	10	9	8	0.4
id-11300	6	11	14	0.4
id-11301	1	2	18	0.5
id-11302	7	3	28	0.3
id-11303	5	6	20	0.2
id-11304	2	3	17	0.5
id-11305	3	5	13	0.2
id-11306	6	10	30	0.2
id-11307	5	5	1	0.2
id-11308	8	2	11	0.4
id-11309	2	3	22	0.3
id-11310	3	6	11	0.3
id-11311	7	12	19	0.3
id-11312	1	2	25	0.3
id-11313	8	13	2	0.3
id-11314	6	2	20	0.3
id-11315	3	5	24	0.5
id-11316	8	12	14	0.3
id-11317	3	2	14	0.5
id-11318	5	3	21	0.5
id-11319	2	4	15	0.3
id-11320	2	2	14	0.5
id-11321	3	6	12	0.4
id-11322	4	3	19	0.4
id-11323	3	4	6	0.2
id-11324	2	3	29	0.4
id-11325	6	3	5	0.2
id-11326	2	2	13	0.3
id-11327	9	6	16	0.5
id-11328	9	3	30	0.3
id-11329	9	5	1	0.2
id-11330	5	6	27	0.4
id-11331	5	5	13	0.4
id-11332	9	7	4	0.4
id-11333	3	3	13	0.4
id-11334	1	2	28	0.2
id-11335	8	10	25	0.3
id-11336	7	4	15	0.3
id-11337	10	16	19	0.3
id-11338	5	4	23	0.2
id-11339	8	7	30	0.4
id-11340	8	6	27	0.3
id-11341	9	13	13	0.5
id-11342	1	2	29	0.3
id-11343	2	2	13	0.3
id-11344	10	6	26	0.4
id-11345	6	10	25	0.3
id-11346	9	15	16	0.2
id-11347	6	8	18	0.3
id-11348	6	2	20	0.3
id-11349	5	10	5	0.4
id-11350	6	7	30	0.3
id-11351	2	4	6	0.4
id-11352	2	3	3	0.3
id-11353	1	2	17	0.3
id-11354	9	10	20	0.3
id-11355	3	4	18	0.5
id-11356	5	10	6	0.3
id-11357	4	6	3	0.2
id-11358	10	4	7	0.4
id-11359	6	11	7	0.3
id-11360	10	8	6	0.4
id-11361	6	5	19	0.3
id-11362	6	2	11	0.4
id-11363	7	4	1	0.5
id-11364	5	10	5	0.3
id-11365	7	2	24	0.2
id-11366	10	7	24	0.2
id-11367	1	2	12	0.3
id-11368	7	12	25	0.3
id-11369	7	8	26	0.5
id-11370	7	7	22	0.5
id-11371	9	18	11	0.3
id-11372	10	7	26	0.4
id-11373	1	2	3	0.4
id-11374	8	7	10	0.5
id-11375	10	15	25	0.2
id-11376	10	10	11	0.4
id-11377	8	14	28	0.2
id-11378	5	2	29	0.3
id-11379	9	11	2	0.5
id-11380	6	2	30	0.3
id-11381	5	7	15	0.2
id-11382	9	4	24	0.2
id-11383	1	2	29	0.3
id-11384	8	9	9	0.4
id-11385	2	2	29	0.2
id-11386	10	14	14	0.4
id-11387	5	10	19	0.4
id-11388	6	11	19	0.2
id-11389	7	8	3	0.2
id-11390	5	8	8	0.2
id-11391	3	3	10	0.3
id-11392	10	6	7	0.4
id-11393	7	3	11	0.3
id-11394	3	2	29	0.4
id-11395	9	3	3	0.3
id-11396	1	2	26	0.4
id-11397	10	5	25	0.5
id-11398	8	15	8	0.4
id-11399	9	4	12	0.4
id-11400	7	13	14	0.3
id-11401	7	7	11	0.4
id-11402	7	10	25	0.2
id-11403	5	9	8	0.4
id-11404	5	10	2	0.4
id-11405	3	3	10	0.3
id-11406	7	13	21	0.4
id-11407	4	4	1	0.3
id-11408	4	5	18	0.4
id-11409	7	7	25	0.3
id-11410	10	5	2	0.5
id-11411	1	2	27	0.2
id-11412	7	6	10	0.3
id-11413	4	7	1	0.3
id-11414	1	2	4	0.3
id-11415	1	2	21	0.2
id-11416	6	6	18	0.3
id-11417	10	14	21	0.4
id-11418	5	3	13	0.3
id-11419	1	2	4	0.4
id-11420	1	2	8	0.4
id-11421	3	5	30	0.3
id-11422	6	9	17	0.4
id-11423	10	9	13	0.5
id-11424	7	5	29	0.5
id-11425	6	6	30	0.3
id-11426	1	2	8	0.3
id-11427	3	6	27	0.4
id-11428	9	16	14	0.5
id-11429	9	10	29	0.4
id-11430	4	7	20	0.4
id-11431	10	12	10	0.3
id-11432	2	3	10	0.4
id-11433	6	8	17	0.3
id-11434	4	6	27	0.3
id-11435	6	8	5	0.4
id-11436	10	18	23	0.5
id-11437	7	10	28	0.3
id-11438	2	2	10	0.4
id-11439	1	2	9	0.2
id-11440	4	7	22	0.4
id-11441	4	5	1	0.5
id-11442	9	5	24	0.4
id-11443	6	5	16	0.2
id-11444	3	5	2	0.5
id-11445	4	6	10	0.4
id-11446	2	4	8	0.5
id-11447	7	12	6	0.2
id-11448	3	4	23	0.5
id-11449	7	14	6	0.5
id-11450	3	3	19	0.4
id-11451	2	4	20	0.5
id-11452	2	4	16	0.5
id-11453	10	6	27	0.4
id-11454	10	20	28	0.4
id-11455	1	2	29	0.5
id-11456	6	4	29	0.3
id-11457	1	2	19	0.3
id-11458	7	13	27	0.4
id-11459	5	9	19	0.4
id-11460	6	4	23	0.4
id-11461	9	5	9	0.4
id-11462	2	2	8	0.3
id-11463	1	2	12	0.4
id-11464	1	2	30	0.4
id-11465	3	3	3	0.3
id-11466	1	2	2	0.3
id-11467	8	12	25	0.5
id-11468	8	11	26	0.5
id-11469	7	2	10	0.4
id-11470	7	5	24	0.3
id-11471	4	2	17	0.3
id-11472	5	3	26	0.2
id-11473	6	7	5	0.5
id-11474	3	2	5	0.4
id-11475	4	5	25	0.2
id-11476	5	4	17	0.4
id-11477	1	2	1	0.4
id-11478	1	2	19	0.4
id-11479	6	12	21	0.3
id-11480	6	7	30	0.3
id-11481	3	5	15	0.2
id-11482	9	18	30	0.5
id-11483	10	15	27	0.2
id-11484	10	5	19	0.4
id-11485	9	11	14	0.4
id-11486	3	2	1	0.3
id-11487	9	11	21	0.4
id-11488	3	3	6	0.2
id-11489	6	10	18	0.3
id-11490	4	5	21	0.2
id-11491	1	2	23	0.4
id-11492	6	6	21	0.3
id-11493	7	7	23	0.2
id-11494	9	4	26	0.3
id-11495	8	2	13	0.3
id-11496	10	2	11	0.4
id-11497	2	2	30	0.4
id-11498	8	12	7	0.5
id-11499	10	13	5	0.4
id-11500	9	5	10	0.4
id-11501	8	14	16	0.3
id-11502	3	5	28	0.4
id-11503	6	3	10	0.2
id-11504	5	6	8	0.5
id-11505	10	20	17	0.4
id-11506	7	2	16	0.3
id-11507	10	15	30	0.2
id-11508	3	4	15	0.2
id-11509	7	11	9	0.5
id-11510	3	4	5	0.4
id-11511	3	3	29	0.3
id-11512	5	3	23	0.3
id-11513	7	9	2	0.3
id-11514	7	5	10	0.2
id-11515	8	16	24	0.5
id-11516	8	5	14	0.4
id-11517	7	8	30	0.2
id-11518	6	12	20	0.5
id-11519	8	14	13	0.4
id-11520	2	3	1	0.4
id-11521	6	5	20	0.3
id-11522	1	2	23	0.3
id-11523	3	2	11	0.3
id-11524	8	12	22	0.3
id-11525	10	10	7	0.4
id-11526	7	7	8	0.4
id-11527	1	2	21	0.2
id-11528	5	8	14	0.2
id-11529	8	3	12	0.5
id-11530	8	6	28	0.4
id-11531	8	14	12	0.4
id-11532	9	4	30	0.4
id-11533	8	4	27	0.5
id-11534	6	2	7	0.4
id-11535	7	13	2	0.3
id-11536	2	2	18	0.5
id-11537	5	10	13	0.4
id-11538	8	5	19	0.4
id-11539	3	2	11	0.5
id-11540	6	3	7	0.2
id-11541	8	8	21	0.2
id-11542	6	11	27	0.5
id-11543	3	6	19	0.5
id-11544	5	2	23	0.4
id-11545	8	7	24	0.3
id-11546	8	5	25	0.2
id-11547	4	3	30	0.5
id-11548	2	4	23	0.4
id-11549	1	2	27	0.4
id-11550	8	11	28	0.4
id-11551	4	2	6	0.3
id-11552	4	4	24	0.3
id-11553	1	2	12	0.4
id-11554	8	10	7	0.2
id-11555	2	2	19	0.4
id-11556	2	4	27	0.3
id-11557	9	6	6	0.3
id-11558	4	4	10	0.5
id-11559	10	12	30	0.3
id-11560	2	3	7	0.5
id-11561	3	3	14	0.3
id-11562	10	20	1	0.2
id-11563	2	4	4	0.2
id-11564	6	7	4	0.4
id-11565	3	6	2	0.3
id-11566	7	9	15	0.3
id-11567	4	7	4	0.3
id-11568	7	6	1	0.3
id-11569	6	2	14	0.5
id-11570	8	5	18	0.3
id-11571	9	8	9	0.3
id-11572	5	5	10	0.3
id-11573	1	2	13	0.5
id-11574	9	16	20	0.2
id-11575	8	12	23	0.4
id-11576	4	5	3	0.3
id-11577	1	2	19	0.5
id-11578	10	15	18	0.4
id-11579	6	8	24	0.4
id-11580	2	2	13	0.5
id-11581	8	7	7	0.2
id-11582	2	2	20	0.4
id-11583	3	3	15	0.4
id-11584	8	11	29	0.2
id-11585	3	5	4	0.2
id-11586	6	12	10	0.3
id-11587	8	15	10	0.3
id-11588	1	2	23	0.5
id-11589	9	3	20	0.4
id-11590	9	10	2	0.3
id-11591	1	2	25	0.4
id-11592	10	4	23	0.4
id-11593	10	18	9	0.3
id-11594	2	4	27	0.3
id-11595	5	7	6	0.4
id-11596	2	2	8	0.4
id-11597	2	4	25	0.5
id-11598	1	2	5	0.2
id-11599	3	5	17	0.4
id-11600	6	8	29	0.3
id-11601	6	11	6	0.4
id-11602	2	2	7	0.3
id-11603	9	18	9	0.5
id-11604	7	11	1	0.4
id-11605	6	7	12	0.5
id-11606	8	7	30	0.4
id-11607	2	2	14	0.5
id-11608	7	4	28	0.4
id-11609	1	2	14	0.3
id-11610	1	2	22	0.3
id-11611	5	7	18	0.2
id-11612	7	3	29	0.4
id-11613	9	5	19	0.4
id-11614	9	15	3	0.4
id-11615	8	15	21	0.4
id-11616	5	3	23	0.3
id-11617	7	6	27	0.3
id-11618	1	2	29	0.4
id-11619	5	4	1	0.5
id-11620	9	9	4	0.4
id-11621	2	3	5	0.5
id-11622	3	4	18	0.2
id-11623	7	10	30	0.3
id-11624	2	4	15	0.5
id-11625	8	9	17	0.3
id-11626	6	5	21	0.3
id-11627	10	9	7	0.4
id-11628	4	8	6	0.5
id-11629	2	3	11	0.5
id-11630	9	10	21	0.3
id-11631	4	5	6	0.5
id-11632	2	4	16	0.4
id-11633	1	2	30	0.3
id-11634	1	2	7	0.5
id-11635	7	14	1	0.4
id-11636	4	5	9	0.2
id-11637	4	5	20	0.4
id-11638	6	6	8	0.2
id-11639	9	4	15	0.3
id-11640	4	7	13	0.4
id-11641	7	9	25	0.3
id-11642	10	14	21	0.3
id-11643	8	4	22	0.3
id-11644	5	2	9	0.3
id-11645	5	3	8	0.2
id-11646	5	9	24	0.2
id-11647	8	4	11	0.4
id-11648	4	7	4	0.3
id-11649	4	4	17	0.5
id-11650	1	2	23	0.4
id-11651	7	9	14	0.2
id-11652	5	10	2	0.5
id-11653	8	3	22	0.4
id-11654	2	2	12	0.4
id-11655	8	8	8	0.3
id-11656	10	18	15	0.4
id-11657	7	14	6	0.4
id-11658	4	5	30	0.4
id-11659	4	3	14	0.2
id-11660	4	2	6	0.4
id-11661	6	10	9	0.4
id-11662	2	3	5	0.2
id-11663	6	5	14	0.4
id-11664	10	20	14	0.4
id-11665	3	5	23	0.4
id-11666	6	5	17	0.4
id-11667	9	6	26	0.5
id-11668	10	11	30	0.4
id-11669	2	2	22	0.3
id-11670	2	3	5	0.4
id-11671	4	6	30	0.5
id-11672	9	18	19	0.4
id-11673	9	14	7	0.2
id-11674	3	6	15	0.4
id-11675	5	9	24	0.2
id-11676	9	17	3	0.4
id-11677	1	2	29	0.4
id-11678	4	5	14	0.5
id-11679	5	3	11	0.5
id-11680	4	8	17	0.2
id-11681	6	4	5	0.5
id-11682	10	7	23	0.2
id-11683	2	3	26	0.4
id-11684	9	12	19	0.5
id-11685	10	15	3	0.4
id-11686	8	11	5	0.4
id-11687	10	11	23	0.4
id-11688	1	2	6	0.4
id-11689	5	5	23	0.5
id-11690	7	14	30	0.3
id-11691	3	6	24	0.4
id-11692	2	4	29	0.4
id-11693	3	2	13	0.4
id-11694	7	13	11	0.3
id-11695	3	6	19	0.2
id-11696	2	2	2	0.3
id-11697	2	4	1	0.4
id-11698	4	3	8	0.3
id-11699	5	6	25	0.3
id-11700	6	6	4	0.5
id-11701	8	6	15	0.3
id-11702	3	3	29	0.2
id-11703	5	6	23	0.4
id-11704	6	3	16	0.4
id-11705	5	9	2	0.2
id-11706	5	5	28	0.3
id-11707	8	12	29	0.4
id-11708	4	7	9	0.2
id-11709	4	2	29	0.3
id-11710	6	8	30	0.4
id-11711	5	4	23	0.5
id-11712	4	6	17	0.4
id-11713	4	2	3	0.4
id-11714	10	7	26	0.3
id-11715	4	3	13	0.3
id-11716	8	12	12	0.2
id-11717	4	4	6	0.5
id-11718	10	4	22	0.5
id-11719	7	10	17	0.3
id-11720	1	2	15	0.4
id-11721	2	4	13	0.2
id-11722	5	8	13	0.3
id-11723	8	4	23	0.3
id-11724	4	5	16	0.2
id-11725	4	3	2	0.4
id-11726	4	4	2	0.5
id-11727	5	9	8	0.3
id-11728	5	10	19	0.3
id-11729	9	2	20	0.3
id-11730	9	9	20	0.4
id-11731	9	6	10	0.5
id-11732	3	3	10	0.4
id-11733	4	2	16	0.4
id-11734	9	3	7	0.4
id-11735	1	2	12	0.2
id-11736	2	3	1	0.2
id-11737	9	13	10	0.4
id-11738	4	7	17	0.2
id-11739	9	2	13	0.4
id-11740	4	8	15	0.5
id-11741	9	15	18	0.4
id-11742	7	5	9	0.4
id-11743	7	3	15	0.3
id-11744	3	4	24	0.5
id-11745	3	4	24	0.4
id-11746	10	14	11	0.4
id-11747	5	5	2	0.3
id-11748	2	4	4	0.3
id-11749	1	2	12	0.3
id-11750	9	7	5	0.2
id-11751	5	5	24	0.4
id-11752	9	5	21	0.4
id-11753	3	4	25	0.2
id-11754	8	9	14	0.5
id-11755	9	8	30	0.3
id-11756	1	2	4	0.4
id-11757	5	9	21	0.3
id-11758	7	10	13	0.4
id-11759	4	6	2	0.5
id-11760	2	2	15	0.4
id-11761	1	2	30	0.3
id-11762	2	2	7	0.4
id-11763	1	2	19	0.4
id-11764	2	3	13	0.2
id-11765	1	2	18	0.2
id-11766	6	10	13	0.3
id-11767	6	9	17	0.2
id-11768	1	2	21	0.3
id-11769	10	18	19	0.5
id-11770	1	2	19	0.3
id-11771	10	18	22	0.3
id-11772	2	2	14	0.4
id-11773	7	14	17	0.3
id-11774	4	8	18	0.4
id-11775	10	16	18	0.4
id-11776	6	2	21	0.4
id-11777	4	7	5	0.3
id-11778	9	3	29	0.3
id-11779	9	15	17	0.3
id-11780	9	17	26	0.5
id-11781	2	3	9	0.3
id-11782	7	14	21	0.3
id-11783	3	2	11	0.4
id-11784	10	19	13	0.3
id-11785	1	2	24	0.4
id-11786	2	4	26	0.2
id-11787	2	4	2	0.3
id-11788	10	18	16	0.3
id-11789	5	10	16	0.2
id-11790	7	5	5	0.2
id-11791	8	11	5	0.4
id-11792	8	16	14	0.3
id-11793	4	5	3	0.3
id-11794	2	4	6	0.4
id-11795	8	5	6	0.3
id-11796	8	4	30	0.4
id-11797	5	7	3	0.3
id-11798	5	9	21	0.3
id-11799	10	8	1	0.4
id-11800	10	20	12	0.3
id-11801	5	5	13	0.4
id-11802	2	4	18	0.5
id-11803	2	3	2	0.4
id-11804	8	10	6	0.4
id-11805	6	8	12	0.3
id-11806	8	11	20	0.4
id-11807	1	2	3	0.4
id-11808	5	7	24	0.5
id-11809	5	9	3	0.4
id-11810	8	12	1	0.4
id-11811	2	3	16	0.2
id-11812	2	3	13	0.3
id-11813	6	11	20	0.3
id-11814	1	2	21	0.3
id-11815	3	5	10	0.4
id-11816	8	15	19	0.4
id-11817	7	9	29	0.4
id-11818	7	14	25	0.4
id-11819	2	4	26	0.2
id-11820	8	14	6	0.3
id-11821	9	3	20	0.4
id-11822	4	2	23	0.5
id-11823	1	2	26	0.5
id-11824	1	2	9	0.3
id-11825	6	4	19	0.2
id-11826	8	14	12	0.3
id-11827	1	2	4	0.2
id-11828	7	11	6	0.5
id-11829	3	6	29	0.3
id-11830	7	4	5	0.4
id-11831	10	19	20	0.3
id-11832	4	8	7	0.5
id-11833	1	2	27	0.5
id-11834	9	3	28	0.3
id-11835	6	6	14	0.3
id-11836	10	18	13	0.4
id-11837	10	9	27	0.4
id-11838	8	7	27	0.3
id-11839	3	2	25	0.3
id-11840	6	9	18	0.2
id-11841	9	15	4	0.4
id-11842	3	5	17	0.4
id-11843	3	5	29	0.3
id-11844	7	12	9	0.3
id-11845	2	4	22	0.3
id-11846	4	7	13	0.3
id-11847	8	6	18	0.3
id-11848	10	14	20	0.2
id-11849	9	18	16	0.3
id-11850	6	4	13	0.3
id-11851	4	7	13	0.5
id-11852	3	4	3	0.3
id-11853	2	3	12	0.5
id-11854	10	3	30	0.2
id-11855	1	2	24	0.3
id-11856	8	3	29	0.4
id-11857	4	5	16	0.4
id-11858	5	3	17	0.3
id-11859	6	6	9	0.3
id-11860	5	4	8	0.4
id-11861	10	20	14	0.5
id-11862	9	18	15	0.4
id-11863	2	2	1	0.2
id-11864	10	7	29	0.5
id-11865	7	5	26	0.5
id-11866	7	8	5	0.3
id-11867	10	14	16	0.3
id-11868	8	16	3	0.5
id-11869	2	3	2	0.2
id-11870	4	4	19	0.3
id-11871	2	2	28	0.4
id-11872	9	16	1	0.2
id-11873	3	6	4	0.3
id-11874	8	3	30	0.4
id-11875	5	5	14	0.2
id-11876	2	3	6	0.4
id-11877	8	7	3	0.4
id-11878	7	6	14	0.2
id-11879	6	10	8	0.5
id-11880	10	6	28	0.5
id-11881	9	2	19	0.5
id-11882	2	3	2	0.2
id-11883	3	3	28	0.2
id-11884	10	8	26	0.2
id-11885	3	6	7	0.4
id-11886	6	2	29	0.3
id-11887	10	11	26	0.3
id-11888	7	13	10	0.4
id-11889	7	11	18	0.5
id-11890	5	10	17	0.2
id-11891	8	14	30	0.3
id-11892	9	6	27	0.4
id-11893	2	2	25	0.3
id-11894	1	2	2	0.5
id-11895	3	3	6	0.2
id-11896	7	7	5	0.4
id-11897	4	3	25	0.3
id-11898	3	4	2	0.2
id-11899	10	19	9	0.4
id-11900	7	10	12	0.4
id-11901	4	2	20	0.4
id-11902	8	12	14	0.2
id-11903	4	2	14	0.2
id-11904	2	2	13	0.4
id-11905	4	5	14	0.4
id-11906	2	2	8	0.2
id-11907	9	3	11	0.3
id-11908	1	2	7	0.3
id-11909	6	7	30	0.2
id-11910	4	8	15	0.3
id-11911	5	8	13	0.4
id-11912	8	5	4	0.3
id-11913	3	4	19	0.4
id-11914	10	19	16	0.4
id-11915	5	7	14	0.3
id-11916	10	2	7	0.3
id-11917	10	11	28	0.2
id-11918	10	6	17	0.3
id-11919	1	2	21	0.5
id-11920	6	5	3	0.3
id-11921	7	5	10	0.3
id-11922	8	8	13	0.3
id-11923	2	3	8	0.5
id-11924	2	4	3	0.4
id-11925	4	3	1	0.4
id-11926	8	15	22	0.3
id-11927	9	12	28	0.4
id-11928	1	2	17	0.5
id-11929	10	8	11	0.5
id-11930	9	3	24	0.3
id-11931	10	6	30	0.4
id-11932	6	12	11	0.4
id-11933	6	4	5	0.5
id-11934	9	17	30	0.3
id-11935	3	4	3	0.3
id-11936	5	7	24	0.3
id-11937	9	10	11	0.5
id-11938	6	4	15	0.3
id-11939	8	5	14	0.4
id-11940	2	2	30	0.2
id-11941	5	9	29	0.2
id-11942	5	2	28	0.2
id-11943	5	10	27	0.3
id-11944	10	3	21	0.4
id-11945	2	3	12	0.4
id-11946	1	2	30	0.3
id-11947	10	14	6	0.4
id-11948	1	2	5	0.4
id-11949	10	17	29	0.2
id-11950	8	5	15	0.3
id-11951	3	3	20	0.4
id-11952	10	9	10	0.2
id-11953	8	10	18	0.4
id-11954	5	6	3	0.3
id-11955	1	2	4	0.5
id-11956	3	6	22	0.2
id-11957	3	3	28	0.4
id-11958	5	4	19	0.4
id-11959	6	2	12	0.3
id-11960	1	2	14	0.4
id-11961	1	2	29	0.2
id-11962	4	4	15	0.5
id-11963	5	6	5	0.4
id-11964	7	9	8	0.4
id-11965	3	6	13	0.5
id-11966	2	3	25	0.2
id-11967	9	13	29	0.4
id-11968	5	7	16	0.2
id-11969	8	3	17	0.5
id-11970	3	6	5	0.2
id-11971	1	2	7	0.5
id-11972	8	4	28	0.4
id-11973	2	3	4	0.2
id-11974	8	8	25	0.5
id-11975	5	4	21	0.4
id-11976	2	2	7	0.3
id-11977	4	5	17	0.2
id-11978	10	2	13	0.4
id-11979	8	2	28	0.4
id-11980	8	15	11	0.4
id-11981	7	11	12	0.4
id-11982	2	2	19	0.3
id-11983	9	5	16	0.3
id-11984	6	5	6	0.5
id-11985	10	9	10	0.4
id-11986	4	5	1	0.2
id-11987	2	4	19	0.4
id-11988	6	10	3	0.4
id-11989	4	8	30	0.4
id-11990	7	11	14	0.4
id-11991	9	16	26	0.5
id-11992	6	9	13	0.4
id-11993	8	4	9	0.4
id-11994	10	2	28	0.2
id-11995	9	12	25	0.3
id-11996	8	12	17	0.4
id-11997	2	4	3	0.5
id-11998	3	5	28	0.4
id-11999	1	2	12	0.4
id-12000	8	13	16	0.5
id-12001	8	10	29	0.4
id-12002	10	2	9	0.3
id-12003	4	5	26	0.3
id-12004	9	15	28	0.3
id-12005	6	2	10	0.4
id-12006	5	7	6	0.3
id-12007	10	17	30	0.2
id-12008	5	9	14	0.3
id-12009	1	2	28	0.4
id-12010	7	7	29	0.5
id-12011	1	2	3	0.3
id-12012	5	3	2	0.5
id-12013	6	6	19	0.4
id-12014	3	5	7	0.3
id-12015	2	3	12	0.3
id-12016	10	7	20	0.4
id-12017	10	3	20	0.5
id-12018	5	7	26	0.4
id-12019	4	5	8	0.5
id-12020	5	2	27	0.4
id-12021	9	13	13	0.3
id-12022	9	2	17	0.5
id-12023	6	8	18	0.2
id-12024	10	7	28	0.4
id-12025	3	6	12	0.4
id-12026	5	9	20	0.3
id-12027	4	7	7	0.3
id-12028	9	13	23	0.3
id-12029	8	16	19	0.3
id-12030	1	2	25	0.4
id-12031	1	2	11	0.5
id-12032	9	18	10	0.5
id-12033	1	2	19	0.2
id-12034	2	2	5	0.3
id-12035	7	2	10	0.4
id-12036	6	2	3	0.4
id-12037	9	7	15	0.2
id-12038	7	8	27	0.4
id-12039	8	8	25	0.3
id-12040	2	4	30	0.3
id-12041	2	2	9	0.4
id-12042	2	3	21	0.3
id-12043	1	2	29	0.3
id-12044	10	7	25	0.3
id-12045	4	6	17	0.4
id-12046	5	4	14	0.4
id-12047	5	2	2	0.2
id-12048	1	2	22	0.3
id-12049	2	3	10	0.3
id-12050	3	4	24	0.4
id-12051	7	8	9	0.3
id-12052	2	4	3	0.3
id-12053	6	12	6	0.3
id-12054	5	8	23	0.3
id-12055	9	15	10	0.3
id-12056	3	4	15	0.2
id-12057	7	12	11	0.2
id-12058	1	2	7	0.4
id-12059	2	4	24	0.2
id-12060	10	14	8	0.3
id-12061	10	4	25	0.2
id-12062	2	4	14	0.3
id-12063	10	20	13	0.5
id-12064	8	10	27	0.3
id-12065	9	12	21	0.4
id-12066	10	18	30	0.4
id-12067	4	4	17	0.2
id-12068	5	7	7	0.2
id-12069	8	15	29	0.3
id-12070	9	16	25	0.3
id-12071	1	2	14	0.4
id-12072	6	3	26	0.4
id-12073	9	17	21	0.4
id-12074	1	2	22	0.5
id-12075	9	15	23	0.4
id-12076	8	15	15	0.2
id-12077	8	9	29	0.4
id-12078	9	17	8	0.3
id-12079	9	15	4	0.2
id-12080	3	3	23	0.5
id-12081	2	3	14	0.3
id-12082	6	3	5	0.4
id-12083	2	4	28	0.4
id-12084	3	5	22	0.4
id-12085	7	9	17	0.4
id-12086	5	6	5	0.3
id-12087	3	4	25	0.3
id-12088	8	14	12	0.4
id-12089	6	4	25	0.4
id-12090	4	7	17	0.4
id-12091	1	2	14	0.3
id-12092	8	12	2	0.4
id-12093	2	3	2	0.4
id-12094	9	9	29	0.4
id-12095	5	4	26	0.3
id-12096	2	2	2	0.4
id-12097	9	16	2	0.4
id-12098	8	12	3	0.3
id-12099	9	3	27	0.3
id-12100	10	19	16	0.2
id-12101	5	7	4	0.3
id-12102	2	2	7	0.3
id-12103	10	14	13	0.3
id-12104	6	6	16	0.2
id-12105	3	4	30	0.5
id-12106	4	3	13	0.3
id-12107	10	19	23	0.2
id-12108	9	12	24	0.3
id-12109	8	13	1	0.4
id-12110	3	3	25	0.3
id-12111	7	4	11	0.3
id-12112	9	6	1	0.4
id-12113	6	4	25	0.5
id-12114	2	4	27	0.3
id-12115	9	14	24	0.4
id-12116	4	5	17	0.3
id-12117	9	9	10	0.3
id-12118	1	2	25	0.2
id-12119	5	6	29	0.3
id-12120	5	10	18	0.4
id-12121	7	5	24	0.4
id-12122	5	3	30	0.5
id-12123	1	2	22	0.4
id-12124	8	12	26	0.4
id-12125	9	12	16	0.3
id-12126	4	3	5	0.4
id-12127	6	4	4	0.3
id-12128	9	3	8	0.5
id-12129	9	5	4	0.5
id-12130	7	6	14	0.4
id-12131	8	4	21	0.2
id-12132	3	5	10	0.3
id-12133	7	4	9	0.4
id-12134	3	6	13	0.5
id-12135	2	3	6	0.4
id-12136	3	6	19	0.3
id-12137	6	2	6	0.2
id-12138	4	7	7	0.3
id-12139	9	12	14	0.3
id-12140	1	2	22	0.4
id-12141	2	3	25	0.4
id-12142	7	5	30	0.2
id-12143	5	9	29	0.4
id-12144	10	13	7	0.5
id-12145	3	6	15	0.3
id-12146	8	16	5	0.3
id-12147	8	10	4	0.4
id-12148	4	6	7	0.3
id-12149	7	6	23	0.5
id-12150	1	2	16	0.3
id-12151	3	5	15	0.5
id-12152	4	2	6	0.4
id-12153	1	2	30	0.3
id-12154	5	9	27	0.4
id-12155	1	2	1	0.2
id-12156	7	5	8	0.4
id-12157	9	7	17	0.2
id-12158	9	14	27	0.4
id-12159	2	3	22	0.5
id-12160	3	4	12	0.4
id-12161	1	2	1	0.3
id-12162	5	8	9	0.3
id-12163	8	10	11	0.3
id-12164	9	11	13	0.3
id-12165	5	8	12	0.2
id-12166	5	9	7	0.3
id-12167	3	3	30	0.4
id-12168	4	2	27	0.2
id-12169	9	5	20	0.4
id-12170	5	10	28	0.5
id-12171	5	8	2	0.5
id-12172	1	2	12	0.2
id-12173	6	3	17	0.5
id-12174	1	2	15	0.3
id-12175	9	14	1	0.4
id-12176	4	7	9	0.2
id-12177	5	4	26	0.4
id-12178	5	8	3	0.5
id-12179	10	6	5	0.3
id-12180	9	2	30	0.4
id-12181	8	13	21	0.5
id-12182	3	3	30	0.3
id-12183	3	3	5	0.4
id-12184	9	3	9	0.5
id-12185	6	11	4	0.5
id-12186	8	4	2	0.4
id-12187	7	8	16	0.4
id-12188	10	13	19	0.3
id-12189	2	2	19	0.3
id-12190	5	2	6	0.5
id-12191	6	6	20	0.4
id-12192	6	5	4	0.4
id-12193	10	16	19	0.2
id-12194	1	2	9	0.4
id-12195	5	3	6	0.3
id-12196	3	6	4	0.4
id-12197	3	3	17	0.3
id-12198	6	6	5	0.4
id-12199	6	12	26	0.2
id-12200	8	5	6	0.5
id-12201	2	3	20	0.4
id-12202	2	3	9	0.4
id-12203	8	3	21	0.3
id-12204	7	8	15	0.4
id-12205	6	11	14	0.2
id-12206	8	10	16	0.4
id-12207	7	9	13	0.4
id-12208	9	15	28	0.4
id-12209	4	6	30	0.4
id-12210	1	2	23	0.3
id-12211	4	5	1	0.5
id-12212	1	2	25	0.3
id-12213	7	6	28	0.4
id-12214	2	2	26	0.5
id-12215	7	3	6	0.5
id-12216	3	6	17	0.4
id-12217	8	9	18	0.4
id-12218	4	3	8	0.3
id-12219	6	8	17	0.3
id-12220	6	4	13	0.3
id-12221	5	2	21	0.2
id-12222	6	3	6	0.3
id-12223	1	2	20	0.4
id-12224	10	6	6	0.3
id-12225	2	4	14	0.3
id-12226	6	12	29	0.4
id-12227	8	16	29	0.3
id-12228	4	3	20	0.3
id-12229	6	10	14	0.4
id-12230	7	8	28	0.5
id-12231	7	6	28	0.4
id-12232	2	3	11	0.3
id-12233	9	18	24	0.4
id-12234	5	2	21	0.2
id-12235	7	7	20	0.3
id-12236	9	9	6	0.4
id-12237	2	3	30	0.3
id-12238	8	4	10	0.4
id-12239	4	4	1	0.4
id-12240	3	6	16	0.4
id-12241	2	4	18	0.5
id-12242	4	8	25	0.5
id-12243	10	13	19	0.4
id-12244	3	2	6	0.4
id-12245	9	18	1	0.5
id-12246	3	4	10	0.3
id-12247	8	13	10	0.2
id-12248	9	6	17	0.4
id-12249	4	3	16	0.4
id-12250	3	3	20	0.4
id-12251	2	2	1	0.4
id-12252	7	11	4	0.4
id-12253	9	4	20	0.2
id-12254	4	8	4	0.5
id-12255	1	2	18	0.5
id-12256	8	6	16	0.2
id-12257	1	2	30	0.3
id-12258	3	4	4	0.2
id-12259	10	18	25	0.4
id-12260	6	4	12	0.4
id-12261	2	2	1	0.5
id-12262	1	2	24	0.5
id-12263	9	9	23	0.4
id-12264	1	2	23	0.4
id-12265	5	3	25	0.2
id-12266	10	5	23	0.3
id-12267	10	18	3	0.3
id-12268	3	6	3	0.3
id-12269	4	3	18	0.4
id-12270	4	7	23	0.3
id-12271	8	13	30	0.3
id-12272	6	2	2	0.3
id-12273	10	15	4	0.3
id-12274	6	3	29	0.3
id-12275	5	8	4	0.4
id-12276	10	5	18	0.5
id-12277	9	5	30	0.4
id-12278	6	5	21	0.4
id-12279	3	5	10	0.4
id-12280	6	6	13	0.4
id-12281	9	6	21	0.5
id-12282	3	4	2	0.4
id-12283	5	3	3	0.3
id-12284	1	2	8	0.2
id-12285	1	2	26	0.3
id-12286	10	2	7	0.4
id-12287	8	16	18	0.3
id-12288	10	3	3	0.3
id-12289	7	11	19	0.4
id-12290	5	7	24	0.5
id-12291	6	9	27	0.4
id-12292	8	10	3	0.3
id-12293	6	3	17	0.3
id-12294	2	4	26	0.5
id-12295	4	7	12	0.3
id-12296	6	9	17	0.4
id-12297	5	9	6	0.3
id-12298	5	7	4	0.4
id-12299	2	3	29	0.2
id-12300	10	13	30	0.3
id-12301	9	4	6	0.4
id-12302	2	4	27	0.4
id-12303	1	2	17	0.3
id-12304	3	2	3	0.4
id-12305	1	2	7	0.2
id-12306	7	2	4	0.2
id-12307	3	3	5	0.2
id-12308	8	11	27	0.3
id-12309	7	2	29	0.3
id-12310	6	12	1	0.4
id-12311	2	3	2	0.4
id-12312	3	4	27	0.4
id-12313	7	3	16	0.4
id-12314	1	2	3	0.2
id-12315	4	8	10	0.5
id-12316	1	2	29	0.4
id-12317	9	3	10	0.5
id-12318	9	5	22	0.4
id-12319	6	5	6	0.3
id-12320	1	2	2	0.4
id-12321	10	16	26	0.3
id-12322	7	5	4	0.5
id-12323	7	3	6	0.5
id-12324	10	17	24	0.3
id-12325	9	16	14	0.5
id-12326	1	2	20	0.4
id-12327	3	2	29	0.2
id-12328	8	8	30	0.2
id-12329	6	2	14	0.5
id-12330	10	13	26	0.5
id-12331	3	6	12	0.4
id-12332	8	2	11	0.2
id-12333	6	9	16	0.3
id-12334	1	2	6	0.3
id-12335	1	2	28	0.3
id-12336	3	2	2	0.4
id-12337	1	2	7	0.5
id-12338	6	12	17	0.5
id-12339	3	6	20	0.5
id-12340	2	3	19	0.5
id-12341	10	19	13	0.4
id-12342	9	7	25	0.3
id-12343	7	13	21	0.4
id-12344	3	5	19	0.4
id-12345	9	5	16	0.5
id-12346	10	10	14	0.5
id-12347	1	2	22	0.4
id-12348	8	16	6	0.4
id-12349	7	6	18	0.3
id-12350	7	7	11	0.4
id-12351	6	11	24	0.4
id-12352	8	4	29	0.4
id-12353	10	10	6	0.4
id-12354	6	10	22	0.4
id-12355	9	16	14	0.3
id-12356	6	4	18	0.3
id-12357	7	2	15	0.3
id-12358	9	14	8	0.2
id-12359	4	7	4	0.4
id-12360	3	6	28	0.4
id-12361	3	6	10	0.4
id-12362	2	3	7	0.4
id-12363	5	2	13	0.3
id-12364	7	6	13	0.3
id-12365	9	11	18	0.3
id-12366	8	4	24	0.3
id-12367	6	7	30	0.2
id-12368	6	5	7	0.4
id-12369	10	19	29	0.4
id-12370	10	4	20	0.4
id-12371	8	6	18	0.3
id-12372	2	2	26	0.4
id-12373	3	4	27	0.3
id-12374	2	4	13	0.3
id-12375	9	5	25	0.3
id-12376	7	13	3	0.4
id-12377	3	4	24	0.5
id-12378	10	17	22	0.4
id-12379	3	4	26	0.3
id-12380	6	9	29	0.4
id-12381	9	15	27	0.5
id-12382	5	7	27	0.3
id-12383	10	20	28	0.4
id-12384	3	2	1	0.4
id-12385	10	8	26	0.4
id-12386	3	3	22	0.5
id-12387	4	2	18	0.4
id-12388	10	16	21	0.4
id-12389	9	13	7	0.4
id-12390	2	4	22	0.3
id-12391	7	9	9	0.4
id-12392	4	3	16	0.3
id-12393	5	5	30	0.3
id-12394	5	5	10	0.4
id-12395	1	2	7	0.2
id-12396	6	6	25	0.5
id-12397	2	2	3	0.2
id-12398	10	19	21	0.3
id-12399	9	2	13	0.3
id-12400	6	12	21	0.3
id-12401	5	3	11	0.2
id-12402	2	2	6	0.4
id-12403	3	5	24	0.2
id-12404	2	4	29	0.3
id-12405	7	13	26	0.5
id-12406	5	10	18	0.4
id-12407	1	2	23	0.3
id-12408	7	2	8	0.4
id-12409	8	8	27	0.2
id-12410	2	3	21	0.5
id-12411	1	2	26	0.3
id-12412	8	15	16	0.5
id-12413	4	6	10	0.3
id-12414	7	8	7	0.3
id-12415	2	4	4	0.4
id-12416	1	2	16	0.3
id-12417	10	8	22	0.4
id-12418	9	2	24	0.3
id-12419	7	8	12	0.4
id-12420	9	8	14	0.4
id-12421	4	8	30	0.3
id-12422	8	12	27	0.4
id-12423	5	6	16	0.4
id-12424	2	2	26	0.3
id-12425	7	7	20	0.4
id-12426	1	2	28	0.4
id-12427	6	6	15	0.4
id-12428	6	8	30	0.3
id-12429	4	5	2	0.3
id-12430	7	7	17	0.5
id-12431	3	3	29	0.3
id-12432	1	2	19	0.5
id-12433	3	6	18	0.4
id-12434	1	2	9	0.3
id-12435	1	2	13	0.3
id-12436	4	6	17	0.5
id-12437	8	2	6	0.4
id-12438	4	8	25	0.3
id-12439	6	9	28	0.3
id-12440	3	5	11	0.3
id-12441	5	4	30	0.3
id-12442	9	4	20	0.4
id-12443	7	5	4	0.4
id-12444	6	5	6	0.4
id-12445	6	5	8	0.5
id-12446	9	18	11	0.5
id-12447	5	8	27	0.4
id-12448	7	4	24	0.5
id-12449	6	11	8	0.4
id-12450	2	2	11	0.4
id-12451	8	10	14	0.4
id-12452	6	5	6	0.4
id-12453	5	3	28	0.4
id-12454	3	2	12	0.2
id-12455	5	7	17	0.3
id-12456	5	8	12	0.2
id-12457	7	6	2	0.5
id-12458	9	7	23	0.4
id-12459	10	17	16	0.2
id-12460	3	2	16	0.4
id-12461	10	3	15	0.2
id-12462	4	7	18	0.2
id-12463	6	9	5	0.3
id-12464	5	9	12	0.3
id-12465	6	3	4	0.4
id-12466	4	2	7	0.5
id-12467	3	6	11	0.5
id-12468	6	6	6	0.4
id-12469	2	4	17	0.4
id-12470	9	9	6	0.4
id-12471	4	6	4	0.3
id-12472	6	2	25	0.4
id-12473	2	4	21	0.2
id-12474	5	9	30	0.3
id-12475	6	12	6	0.5
id-12476	10	3	6	0.2
id-12477	3	6	21	0.3
id-12478	8	13	22	0.4
id-12479	3	2	18	0.5
id-12480	9	12	8	0.4
id-12481	5	4	11	0.2
id-12482	1	2	26	0.3
id-12483	2	3	5	0.2
id-12484	7	7	25	0.3
id-12485	9	7	26	0.4
id-12486	9	13	10	0.3
id-12487	9	8	22	0.4
id-12488	1	2	2	0.2
id-12489	7	14	25	0.3
id-12490	2	3	8	0.4
id-12491	9	15	14	0.2
id-12492	2	3	10	0.4
id-12493	7	5	5	0.2
id-12494	6	5	3	0.4
id-12495	3	5	9	0.2
id-12496	7	13	1	0.5
id-12497	1	2	19	0.5
id-12498	7	5	5	0.5
id-12499	3	2	26	0.5
id-12500	6	2	17	0.3
id-12501	1	2	22	0.4
id-12502	1	2	10	0.4
id-12503	5	2	6	0.2
id-12504	8	14	18	0.4
id-12505	1	2	10	0.4
id-12506	9	16	16	0.4
id-12507	7	11	9	0.3
id-12508	5	7	18	0.4
id-12509	2	3	28	0.2
id-12510	5	5	5	0.2
id-12511	10	20	2	0.5
id-12512	4	5	12	0.3
id-12513	1	2	24	0.3
id-12514	3	5	8	0.3
id-12515	1	2	29	0.5
id-12516	9	6	6	0.3
id-12517	8	12	12	0.5
id-12518	1	2	23	0.3
id-12519	9	3	19	0.3
id-12520	6	11	17	0.4
id-12521	6	11	11	0.5
id-12522	8	7	23	0.4
id-12523	4	7	6	0.4
id-12524	9	17	28	0.4
id-12525	5	9	12	0.4
id-12526	2	4	18	0.4
id-12527	5	9	12	0.3
id-12528	9	3	11	0.5
id-12529	2	2	24	0.3
id-12530	2	4	15	0.2
id-12531	9	2	5	0.2
id-12532	3	5	4	0.4
id-12533	9	12	17	0.4
id-12534	2	4	17	0.4
id-12535	8	7	26	0.4
id-12536	9	8	10	0.3
id-12537	1	2	16	0.3
id-12538	5	3	8	0.4
id-12539	6	2	29	0.3
id-12540	9	7	13	0.3
id-12541	1	2	30	0.2
id-12542	9	5	25	0.2
id-12543	3	5	16	0.3
id-12544	10	9	17	0.3
id-12545	6	2	24	0.5
id-12546	2	2	7	0.3
id-12547	5	4	13	0.3
id-12548	5	5	22	0.5
id-12549	10	5	8	0.4
id-12550	10	20	15	0.3
id-12551	9	4	3	0.3
id-12552	8	13	23	0.4
id-12553	4	6	12	0.5
id-12554	4	8	28	0.2
id-12555	7	10	9	0.2
id-12556	4	4	19	0.2
id-12557	8	14	5	0.3
id-12558	1	2	22	0.3
id-12559	7	3	17	0.5
id-12560	10	16	23	0.3
id-12561	6	11	18	0.4
id-12562	10	17	2	0.5
id-12563	2	3	12	0.4
id-12564	3	5	7	0.2
id-12565	1	2	18	0.4
id-12566	6	10	22	0.2
id-12567	7	7	5	0.3
id-12568	4	5	27	0.4
id-12569	5	9	3	0.4
id-12570	3	6	3	0.3
id-12571	2	2	12	0.3
id-12572	2	3	1	0.5
id-12573	9	3	1	0.4
id-12574	2	3	4	0.5
id-12575	3	2	2	0.5
id-12576	7	11	7	0.4
id-12577	9	2	11	0.3
id-12578	7	14	15	0.4
id-12579	5	6	10	0.5
id-12580	3	5	2	0.4
id-12581	5	4	17	0.4
id-12582	9	14	29	0.2
id-12583	5	5	13	0.5
id-12584	5	7	11	0.2
id-12585	9	10	21	0.3
id-12586	3	5	24	0.5
id-12587	7	8	11	0.5
id-12588	5	5	19	0.3
id-12589	7	4	14	0.4
id-12590	8	10	1	0.4
id-12591	2	2	27	0.4
id-12592	10	20	25	0.3
id-12593	10	9	28	0.4
id-12594	7	6	28	0.4
id-12595	10	13	15	0.3
id-12596	4	5	19	0.2
id-12597	9	4	1	0.3
id-12598	10	15	20	0.3
id-12599	1	2	25	0.4
id-12600	9	12	25	0.3
id-12601	2	2	3	0.4
id-12602	3	2	13	0.3
id-12603	4	6	16	0.2
id-12604	3	2	25	0.4
id-12605	7	13	1	0.4
id-12606	9	5	23	0.4
id-12607	6	12	2	0.4
id-12608	2	3	11	0.3
id-12609	6	10	5	0.4
id-12610	10	2	14	0.5
id-12611	2	2	22	0.3
id-12612	4	2	23	0.4
id-12613	4	8	15	0.4
id-12614	5	7	25	0.2
id-12615	3	6	22	0.3
id-12616	3	4	17	0.4
id-12617	4	8	1	0.4
id-12618	9	10	13	0.5
id-12619	6	3	9	0.4
id-12620	8	8	1	0.3
id-12621	2	2	21	0.2
id-12622	5	10	7	0.2
id-12623	4	7	5	0.4
id-12624	6	4	9	0.3
id-12625	2	4	20	0.3
id-12626	10	13	10	0.4
id-12627	10	4	27	0.3
id-12628	3	2	18	0.3
id-12629	2	3	16	0.5
id-12630	4	3	11	0.3
id-12631	4	3	3	0.3
id-12632	5	8	20	0.3
id-12633	3	5	5	0.4
id-12634	4	8	18	0.2
id-12635	7	4	6	0.2
id-12636	9	13	24	0.3
id-12637	9	13	18	0.5
id-12638	10	12	3	0.2
id-12639	4	7	6	0.4
id-12640	9	10	24	0.2
id-12641	10	17	1	0.4
id-12642	8	16	3	0.4
id-12643	7	13	14	0.5
id-12644	7	10	30	0.4
id-12645	7	7	24	0.3
id-12646	4	4	5	0.2
id-12647	10	9	23	0.4
id-12648	8	3	30	0.4
id-12649	3	3	28	0.3
id-12650	8	11	6	0.4
id-12651	7	4	18	0.4
id-12652	2	2	16	0.3
id-12653	4	7	2	0.5
id-12654	4	5	18	0.4
id-12655	7	7	3	0.3
id-12656	10	20	16	0.3
id-12657	5	2	23	0.3
id-12658	10	2	27	0.3
id-12659	5	6	22	0.5
id-12660	7	13	20	0.5
id-12661	5	9	19	0.4
id-12662	7	3	21	0.5
id-12663	4	2	30	0.4
id-12664	9	14	14	0.5
id-12665	6	12	12	0.2
id-12666	6	9	1	0.5
id-12667	1	2	2	0.4
id-12668	1	2	28	0.2
id-12669	4	3	10	0.3
id-12670	6	4	1	0.4
id-12671	4	3	11	0.3
id-12672	3	6	3	0.4
id-12673	4	2	11	0.2
id-12674	8	16	21	0.4
id-12675	6	2	10	0.4
id-12676	7	5	25	0.4
id-12677	6	11	22	0.5
id-12678	6	6	20	0.2
id-12679	5	3	29	0.2
id-12680	6	8	1	0.4
id-12681	8	5	30	0.3
id-12682	8	7	11	0.2
id-12683	7	5	10	0.3
id-12684	9	4	6	0.4
id-12685	10	10	7	0.2
id-12686	7	3	1	0.2
id-12687	1	2	28	0.2
id-12688	7	8	28	0.4
id-12689	9	15	25	0.3
id-12690	9	15	1	0.2
id-12691	5	6	24	0.2
id-12692	2	3	27	0.2
id-12693	2	4	25	0.4
id-12694	9	5	29	0.3
id-12695	9	14	20	0.3
id-12696	2	4	1	0.2
id-12697	1	2	1	0.2
id-12698	3	2	20	0.5
id-12699	3	3	15	0.4
id-12700	8	12	10	0.5
id-12701	6	12	26	0.4
id-12702	1	2	14	0.2
id-12703	10	2	16	0.2
id-12704	2	3	23	0.3
id-12705	2	2	8	0.3
id-12706	3	2	22	0.4
id-12707	3	3	19	0.3
id-12708	9	16	14	0.4
id-12709	8	11	3	0.3
id-12710	2	3	4	0.3
id-12711	3	5	22	0.4
id-12712	1	2	5	0.5
id-12713	4	2	19	0.3
id-12714	4	5	1	0.3
id-12715	9	12	20	0.3
id-12716	9	17	15	0.3
id-12717	6	9	20	0.3
id-12718	3	4	29	0.3
id-12719	7	6	24	0.5
id-12720	6	6	17	0.5
id-12721	7	10	8	0.3
id-12722	9	10	8	0.3
id-12723	8	7	21	0.3
id-12724	6	9	12	0.5
id-12725	7	2	9	0.5
id-12726	3	3	23	0.3
id-12727	1	2	6	0.3
id-12728	7	4	27	0.5
id-12729	4	5	20	0.3
id-12730	9	17	11	0.4
id-12731	4	5	22	0.5
id-12732	9	13	19	0.3
id-12733	5	9	3	0.2
id-12734	7	7	28	0.2
id-12735	10	4	27	0.4
id-12736	10	8	15	0.4
id-12737	4	3	26	0.3
id-12738	8	5	21	0.3
id-12739	3	3	11	0.3
id-12740	2	2	3	0.3
id-12741	3	4	1	0.4
id-12742	9	8	19	0.3
id-12743	2	2	1	0.4
id-12744	1	2	11	0.3
id-12745	7	4	4	0.3
id-12746	2	3	22	0.3
id-12747	10	17	17	0.3
id-12748	8	5	2	0.3
id-12749	10	11	21	0.4
id-12750	8	11	1	0.3
id-12751	7	9	15	0.2
id-12752	3	3	21	0.3
id-12753	8	2	1	0.4
id-12754	5	10	29	0.4
id-12755	1	2	1	0.3
id-12756	9	6	20	0.3
id-12757	10	6	27	0.4
id-12758	8	13	26	0.2
id-12759	9	16	26	0.3
id-12760	3	2	10	0.3
id-12761	5	3	13	0.3
id-12762	7	12	15	0.3
id-12763	1	2	13	0.5
id-12764	2	3	2	0.3
id-12765	2	4	14	0.2
id-12766	6	5	6	0.4
id-12767	5	8	25	0.2
id-12768	6	10	17	0.4
id-12769	1	2	18	0.3
id-12770	10	6	30	0.3
id-12771	2	4	18	0.3
id-12772	5	9	2	0.3
id-12773	6	9	23	0.2
id-12774	5	10	29	0.4
id-12775	3	3	13	0.4
id-12776	2	2	7	0.4
id-12777	7	5	11	0.2
id-12778	10	5	22	0.3
id-12779	5	2	27	0.4
id-12780	10	15	29	0.4
id-12781	5	9	30	0.3
id-12782	4	5	1	0.5
id-12783	2	3	20	0.3
id-12784	10	3	28	0.3
id-12785	5	8	19	0.2
id-12786	2	4	20	0.2
id-12787	2	4	17	0.4
id-12788	4	7	2	0.3
id-12789	2	3	7	0.3
id-12790	5	2	15	0.5
id-12791	7	2	4	0.3
id-12792	7	9	18	0.3
id-12793	5	8	18	0.3
id-12794	6	3	17	0.3
id-12795	2	3	27	0.4
id-12796	3	5	1	0.3
id-12797	8	7	23	0.4
id-12798	8	5	14	0.4
id-12799	1	2	17	0.2
id-12800	6	11	3	0.3
id-12801	8	5	4	0.2
id-12802	7	6	25	0.5
id-12803	3	3	3	0.4
id-12804	8	11	19	0.4
id-12805	8	12	21	0.3
id-12806	6	5	10	0.5
id-12807	7	8	13	0.4
id-12808	10	9	8	0.2
id-12809	2	4	12	0.4
id-12810	9	4	3	0.3
id-12811	5	4	25	0.3
id-12812	1	2	8	0.5
id-12813	4	5	11	0.2
id-12814	10	7	12	0.4
id-12815	10	2	23	0.4
id-12816	3	4	19	0.3
id-12817	2	4	28	0.2
id-12818	9	16	10	0.3
id-12819	5	6	23	0.3
id-12820	7	13	20	0.2
id-12821	10	5	4	0.3
id-12822	5	3	13	0.2
id-12823	9	16	16	0.5
id-12824	10	11	5	0.3
id-12825	4	6	19	0.4
id-12826	3	4	16	0.2
id-12827	6	6	7	0.2
id-12828	9	2	28	0.3
id-12829	1	2	24	0.4
id-12830	7	11	8	0.3
id-12831	3	6	9	0.4
id-12832	1	2	15	0.4
id-12833	3	5	1	0.3
id-12834	4	3	25	0.2
id-12835	4	5	13	0.3
id-12836	8	16	28	0.5
id-12837	5	4	30	0.3
id-12838	9	16	21	0.3
id-12839	6	6	19	0.4
id-12840	2	2	25	0.4
id-12841	1	2	19	0.3
id-12842	2	4	15	0.3
id-12843	10	14	9	0.4
id-12844	6	11	30	0.2
id-12845	10	8	10	0.4
id-12846	4	8	28	0.4
id-12847	3	4	10	0.2
id-12848	4	7	7	0.4
id-12849	3	6	22	0.4
id-12850	9	12	21	0.5
id-12851	1	2	6	0.4
id-12852	2	2	11	0.3
id-12853	3	4	16	0.3
id-12854	2	3	7	0.4
id-12855	2	4	29	0.5
id-12856	5	8	14	0.4
id-12857	2	2	18	0.5
id-12858	6	11	15	0.2
id-12859	1	2	14	0.3
id-12860	4	5	26	0.4
id-12861	7	9	27	0.3
id-12862	7	13	6	0.4
id-12863	10	7	25	0.4
id-12864	8	7	20	0.4
id-12865	1	2	16	0.3
id-12866	6	8	13	0.2
id-12867	1	2	22	0.3
id-12868	9	4	12	0.5
id-12869	4	2	11	0.3
id-12870	1	2	1	0.3
id-12871	2	3	10	0.3
id-12872	7	2	22	0.3
id-12873	1	2	24	0.2
id-12874	10	7	28	0.4
id-12875	10	13	14	0.2
id-12876	2	4	18	0.5
id-12877	9	6	17	0.3
id-12878	5	9	21	0.4
id-12879	2	2	30	0.4
id-12880	1	2	15	0.3
id-12881	7	10	10	0.5
id-12882	10	7	10	0.3
id-12883	7	10	26	0.4
id-12884	5	3	24	0.4
id-12885	2	2	23	0.2
id-12886	7	7	16	0.3
id-12887	3	4	30	0.3
id-12888	9	10	7	0.2
id-12889	10	11	19	0.5
id-12890	1	2	8	0.4
id-12891	1	2	6	0.4
id-12892	7	14	10	0.4
id-12893	5	3	8	0.4
id-12894	2	2	7	0.4
id-12895	9	11	26	0.4
id-12896	3	3	10	0.4
id-12897	6	11	19	0.4
id-12898	1	2	23	0.2
id-12899	10	20	26	0.3
id-12900	5	3	18	0.2
id-12901	3	4	7	0.2
id-12902	9	8	9	0.2
id-12903	5	2	14	0.4
id-12904	3	6	4	0.4
id-12905	7	7	17	0.4
id-12906	2	2	22	0.3
id-12907	1	2	19	0.2
id-12908	10	12	9	0.4
id-12909	10	7	20	0.4
id-12910	5	5	3	0.3
id-12911	3	5	5	0.4
id-12912	10	7	4	0.3
id-12913	1	2	18	0.3
id-12914	5	9	21	0.4
id-12915	5	5	11	0.3
id-12916	4	8	24	0.4
id-12917	1	2	18	0.4
id-12918	7	4	1	0.2
id-12919	5	4	3	0.4
id-12920	1	2	27	0.4
id-12921	3	4	19	0.4
id-12922	2	3	22	0.5
id-12923	4	3	5	0.3
id-12924	7	12	27	0.4
id-12925	7	3	14	0.5
id-12926	3	5	1	0.3
id-12927	6	4	21	0.3
id-12928	3	5	8	0.2
id-12929	8	10	23	0.5
id-12930	3	6	1	0.3
id-12931	6	12	15	0.4
id-12932	1	2	8	0.4
id-12933	7	13	30	0.2
id-12934	1	2	4	0.3
id-12935	9	3	10	0.3
id-12936	6	7	30	0.2
id-12937	5	5	24	0.3
id-12938	10	14	12	0.3
id-12939	4	5	13	0.2
id-12940	4	4	26	0.3
id-12941	1	2	20	0.5
id-12942	8	6	1	0.4
id-12943	9	13	10	0.4
id-12944	4	6	19	0.5
id-12945	6	6	8	0.3
id-12946	9	6	15	0.3
id-12947	8	6	28	0.3
id-12948	8	12	21	0.3
id-12949	4	6	21	0.3
id-12950	7	10	4	0.3
id-12951	5	10	24	0.2
id-12952	1	2	9	0.4
id-12953	7	8	13	0.4
id-12954	2	3	13	0.3
id-12955	8	15	3	0.3
id-12956	8	4	28	0.5
id-12957	4	5	16	0.4
id-12958	10	7	11	0.3
id-12959	7	5	23	0.3
id-12960	1	2	26	0.3
id-12961	10	2	7	0.4
id-12962	1	2	3	0.5
id-12963	10	20	13	0.4
id-12964	9	14	28	0.4
id-12965	10	3	17	0.2
id-12966	4	3	3	0.3
id-12967	10	9	19	0.3
id-12968	4	2	1	0.4
id-12969	8	16	16	0.3
id-12970	8	2	16	0.5
id-12971	10	20	17	0.4
id-12972	3	3	8	0.4
id-12973	4	5	5	0.4
id-12974	9	17	18	0.4
id-12975	5	6	4	0.4
id-12976	6	12	18	0.4
id-12977	8	14	30	0.4
id-12978	1	2	5	0.5
id-12979	9	17	8	0.4
id-12980	5	2	25	0.5
id-12981	5	4	14	0.5
id-12982	1	2	15	0.4
id-12983	6	9	6	0.4
id-12984	1	2	27	0.4
id-12985	4	3	30	0.3
id-12986	4	4	25	0.5
id-12987	9	5	13	0.3
id-12988	9	8	27	0.4
id-12989	1	2	27	0.4
id-12990	1	2	17	0.4
id-12991	6	10	17	0.2
id-12992	5	5	2	0.3
id-12993	9	10	18	0.3
id-12994	8	3	15	0.4
id-12995	5	10	15	0.4
id-12996	8	4	14	0.4
id-12997	2	2	15	0.4
id-12998	3	4	5	0.3
id-12999	9	3	2	0.3
id-13000	10	7	29	0.3
id-13001	1	2	4	0.3
id-13002	3	4	29	0.2
id-13003	1	2	8	0.4
id-13004	1	2	23	0.3
id-13005	6	8	24	0.4
id-13006	8	16	18	0.2
id-13007	1	2	28	0.4
id-13008	8	12	18	0.4
id-13009	7	3	18	0.4
id-13010	9	5	18	0.3
id-13011	2	4	16	0.5
id-13012	4	6	22	0.2
id-13013	3	3	10	0.3
id-13014	7	6	28	0.3
id-13015	8	16	18	0.4
id-13016	6	9	22	0.3
id-13017	6	9	8	0.5
id-13018	10	4	9	0.3
id-13019	9	18	29	0.3
id-13020	1	2	5	0.5
id-13021	7	2	1	0.4
id-13022	10	18	3	0.3
id-13023	8	14	6	0.4
id-13024	10	10	2	0.4
id-13025	3	2	24	0.2
id-13026	9	3	20	0.4
id-13027	5	6	7	0.5
id-13028	5	9	1	0.2
id-13029	8	14	10	0.2
id-13030	6	10	27	0.4
id-13031	6	3	3	0.3
id-13032	9	6	20	0.4
id-13033	5	7	7	0.4
id-13034	3	2	11	0.4
id-13035	6	8	8	0.3
id-13036	2	3	20	0.5
id-13037	2	3	8	0.4
id-13038	9	18	30	0.2
id-13039	8	5	14	0.4
id-13040	4	3	12	0.5
id-13041	5	4	8	0.4
id-13042	9	8	3	0.2
id-13043	2	2	20	0.5
id-13044	5	2	14	0.3
id-13045	5	2	9	0.3
id-13046	9	18	29	0.4
id-13047	2	2	27	0.2
id-13048	2	3	13	0.2
id-13049	2	4	6	0.2
id-13050	8	14	4	0.4
id-13051	8	12	26	0.5
id-13052	5	8	14	0.4
id-13053	5	3	25	0.4
id-13054	6	3	1	0.3
id-13055	2	4	10	0.4
id-13056	7	13	2	0.4
id-13057	9	14	24	0.3
id-13058	3	4	2	0.4
id-13059	9	11	19	0.2
id-13060	5	7	6	0.5
id-13061	1	2	7	0.2
id-13062	4	8	3	0.3
id-13063	4	4	29	0.4
id-13064	2	3	29	0.4
id-13065	10	7	13	0.3
id-13066	8	4	15	0.4
id-13067	2	2	14	0.3
id-13068	5	3	8	0.3
id-13069	7	14	9	0.3
id-13070	6	8	8	0.3
id-13071	5	5	8	0.5
id-13072	3	4	30	0.5
id-13073	10	2	29	0.2
id-13074	7	12	10	0.4
id-13075	2	3	19	0.4
id-13076	1	2	9	0.4
id-13077	8	14	7	0.5
id-13078	3	6	14	0.5
id-13079	2	4	1	0.4
id-13080	9	6	4	0.2
id-13081	8	7	12	0.4
id-13082	6	2	2	0.5
id-13083	3	2	13	0.3
id-13084	4	6	30	0.3
id-13085	10	20	3	0.5
id-13086	10	13	3	0.3
id-13087	3	4	4	0.2
id-13088	7	9	13	0.3
id-13089	6	8	13	0.4
id-13090	7	10	18	0.4
id-13091	4	7	17	0.2
id-13092	2	2	14	0.4
id-13093	7	12	23	0.2
id-13094	3	5	14	0.4
id-13095	8	11	9	0.4
id-13096	1	2	3	0.4
id-13097	6	11	19	0.4
id-13098	7	8	1	0.3
id-13099	2	4	20	0.3
id-13100	5	9	16	0.4
id-13101	5	6	16	0.3
id-13102	7	8	16	0.3
id-13103	3	5	13	0.5
id-13104	7	8	12	0.4
id-13105	8	13	4	0.2
id-13106	8	14	11	0.5
id-13107	10	18	25	0.3
id-13108	1	2	1	0.3
id-13109	3	2	9	0.4
id-13110	1	2	8	0.3
id-13111	8	11	21	0.4
id-13112	10	2	23	0.5
id-13113	7	2	13	0.2
id-13114	2	4	5	0.5
id-13115	7	6	17	0.2
id-13116	2	2	7	0.4
id-13117	8	2	30	0.5
id-13118	7	11	3	0.2
id-13119	1	2	18	0.3
id-13120	2	4	17	0.4
id-13121	7	11	13	0.4
id-13122	8	9	24	0.4
id-13123	3	3	21	0.5
id-13124	10	12	10	0.4
id-13125	3	2	8	0.5
id-13126	1	2	26	0.2
id-13127	8	13	9	0.4
id-13128	10	3	29	0.5
id-13129	4	5	25	0.3
id-13130	2	4	19	0.5
id-13131	10	10	23	0.4
id-13132	8	11	15	0.3
id-13133	9	13	6	0.2
id-13134	6	12	3	0.3
id-13135	4	8	27	0.4
id-13136	10	16	6	0.3
id-13137	4	3	8	0.2
id-13138	2	2	14	0.2
id-13139	8	12	25	0.4
id-13140	8	8	4	0.3
id-13141	2	4	25	0.5
id-13142	8	12	15	0.2
id-13143	5	10	9	0.2
id-13144	8	12	16	0.4
id-13145	5	4	18	0.3
id-13146	1	2	24	0.5
id-13147	2	4	29	0.3
id-13148	8	8	8	0.3
id-13149	2	4	11	0.3
id-13150	1	2	17	0.2
id-13151	6	10	15	0.4
id-13152	4	6	13	0.5
id-13153	8	14	12	0.2
id-13154	9	3	9	0.4
id-13155	6	3	27	0.4
id-13156	3	4	28	0.3
id-13157	2	2	15	0.3
id-13158	7	12	28	0.3
id-13159	6	11	30	0.3
id-13160	10	16	15	0.3
id-13161	2	2	21	0.3
id-13162	7	8	23	0.4
id-13163	5	7	17	0.4
id-13164	1	2	10	0.4
id-13165	1	2	20	0.3
id-13166	10	20	2	0.5
id-13167	8	16	27	0.5
id-13168	5	7	14	0.3
id-13169	1	2	27	0.4
id-13170	2	4	21	0.4
id-13171	7	10	8	0.2
id-13172	6	10	24	0.3
id-13173	6	12	14	0.4
id-13174	2	4	15	0.4
id-13175	2	4	11	0.3
id-13176	1	2	5	0.3
id-13177	7	6	15	0.4
id-13178	3	4	8	0.2
id-13179	7	4	17	0.4
id-13180	3	2	29	0.2
id-13181	8	7	23	0.2
id-13182	3	6	10	0.4
id-13183	6	10	1	0.3
id-13184	1	2	21	0.4
id-13185	1	2	20	0.4
id-13186	2	4	9	0.4
id-13187	3	4	26	0.5
id-13188	9	4	18	0.4
id-13189	5	3	9	0.3
id-13190	1	2	2	0.2
id-13191	9	4	6	0.3
id-13192	7	6	15	0.3
id-13193	8	12	18	0.4
id-13194	9	15	24	0.2
id-13195	1	2	8	0.3
id-13196	5	6	21	0.3
id-13197	9	11	4	0.4
id-13198	3	5	11	0.2
id-13199	4	3	24	0.3
id-13200	7	13	1	0.3
id-13201	5	2	13	0.2
id-13202	2	3	1	0.3
id-13203	8	7	24	0.5
id-13204	7	6	17	0.2
id-13205	6	11	3	0.4
id-13206	1	2	3	0.5
id-13207	1	2	11	0.4
id-13208	6	2	10	0.4
id-13209	9	9	25	0.3
id-13210	8	4	12	0.3
id-13211	2	3	30	0.4
id-13212	1	2	13	0.4
id-13213	7	14	21	0.4
id-13214	9	4	28	0.2
id-13215	2	4	24	0.4
id-13216	5	3	5	0.4
id-13217	5	6	14	0.5
id-13218	6	11	1	0.4
id-13219	7	4	18	0.2
id-13220	7	11	23	0.4
id-13221	9	6	20	0.3
id-13222	3	6	5	0.3
id-13223	3	6	18	0.3
id-13224	10	2	6	0.4
id-13225	3	5	3	0.4
id-13226	1	2	16	0.3
id-13227	8	4	4	0.4
id-13228	2	2	4	0.5
id-13229	8	14	1	0.4
id-13230	10	8	17	0.4
id-13231	10	6	11	0.4
id-13232	6	7	24	0.3
id-13233	2	4	28	0.4
id-13234	2	3	16	0.2
id-13235	6	7	6	0.2
id-13236	9	2	27	0.3
id-13237	3	4	19	0.2
id-13238	1	2	6	0.2
id-13239	3	2	24	0.2
id-13240	2	2	19	0.4
id-13241	1	2	1	0.2
id-13242	1	2	13	0.5
id-13243	4	8	30	0.3
id-13244	10	8	7	0.3
id-13245	2	4	2	0.2
id-13246	10	20	13	0.4
id-13247	3	2	15	0.3
id-13248	9	5	12	0.4
id-13249	7	14	10	0.2
id-13250	1	2	24	0.3
id-13251	3	5	6	0.3
id-13252	8	11	30	0.3
id-13253	2	4	6	0.3
id-13254	4	7	30	0.4
id-13255	4	2	13	0.4
id-13256	3	4	23	0.5
id-13257	7	10	3	0.3
id-13258	10	19	21	0.3
id-13259	2	2	18	0.2
id-13260	5	4	5	0.3
id-13261	5	8	28	0.5
id-13262	2	4	4	0.2
id-13263	10	16	8	0.4
id-13264	6	4	16	0.2
id-13265	6	6	12	0.4
id-13266	9	3	11	0.5
id-13267	7	5	11	0.5
id-13268	1	2	8	0.4
id-13269	5	2	3	0.4
id-13270	2	2	2	0.3
id-13271	6	4	27	0.3
id-13272	10	9	12	0.4
id-13273	8	4	25	0.3
id-13274	9	6	23	0.4
id-13275	6	11	6	0.5
id-13276	4	3	12	0.3
id-13277	10	14	3	0.2
id-13278	5	2	20	0.3
id-13279	2	2	7	0.3
id-13280	2	3	15	0.3
id-13281	3	6	12	0.3
id-13282	7	11	26	0.4
id-13283	1	2	23	0.4
id-13284	6	2	6	0.3
id-13285	7	7	8	0.3
id-13286	7	6	19	0.2
id-13287	3	2	3	0.3
id-13288	3	5	7	0.4
id-13289	1	2	17	0.5
id-13290	10	3	16	0.5
id-13291	3	4	14	0.5
id-13292	8	6	21	0.3
id-13293	5	3	17	0.2
id-13294	1	2	12	0.4
id-13295	6	6	6	0.2
id-13296	10	3	11	0.3
id-13297	10	17	10	0.4
id-13298	1	2	29	0.3
id-13299	8	5	21	0.2
id-13300	1	2	30	0.4
id-13301	8	3	25	0.4
id-13302	1	2	20	0.4
id-13303	7	13	29	0.4
id-13304	10	7	5	0.3
id-13305	10	5	21	0.2
id-13306	7	8	11	0.3
id-13307	4	8	30	0.4
id-13308	1	2	12	0.3
id-13309	8	15	5	0.5
id-13310	7	14	24	0.2
id-13311	1	2	28	0.4
id-13312	8	9	21	0.2
id-13313	10	18	26	0.5
id-13314	2	4	28	0.2
id-13315	3	2	11	0.3
id-13316	7	9	9	0.5
id-13317	3	4	11	0.2
id-13318	1	2	6	0.2
id-13319	7	4	17	0.4
id-13320	4	5	19	0.4
id-13321	8	2	24	0.2
id-13322	9	8	27	0.4
id-13323	5	2	19	0.4
id-13324	8	14	4	0.5
id-13325	1	2	3	0.4
id-13326	5	10	2	0.2
id-13327	9	6	29	0.5
id-13328	8	4	13	0.4
id-13329	8	9	27	0.4
id-13330	10	9	9	0.5
id-13331	2	4	17	0.5
id-13332	10	4	18	0.3
id-13333	9	17	20	0.5
id-13334	3	2	9	0.2
id-13335	2	4	21	0.4
id-13336	5	10	13	0.3
id-13337	3	2	29	0.4
id-13338	3	3	14	0.4
id-13339	5	5	27	0.3
id-13340	2	3	22	0.3
id-13341	5	9	21	0.4
id-13342	7	12	2	0.2
id-13343	9	18	11	0.5
id-13344	2	2	4	0.4
id-13345	2	4	10	0.2
id-13346	3	6	17	0.3
id-13347	10	17	3	0.4
id-13348	10	11	15	0.3
id-13349	3	4	5	0.2
id-13350	5	9	25	0.5
id-13351	3	3	3	0.4
id-13352	2	4	18	0.3
id-13353	10	9	15	0.3
id-13354	1	2	13	0.4
id-13355	8	6	22	0.2
id-13356	3	6	26	0.4
id-13357	9	12	5	0.3
id-13358	10	10	5	0.4
id-13359	10	11	11	0.2
id-13360	8	10	22	0.3
id-13361	3	3	19	0.5
id-13362	2	2	29	0.4
id-13363	2	4	24	0.4
id-13364	7	7	27	0.4
id-13365	4	3	29	0.5
id-13366	5	3	8	0.5
id-13367	5	10	3	0.5
id-13368	5	8	10	0.3
id-13369	9	3	20	0.5
id-13370	10	4	30	0.2
id-13371	1	2	9	0.3
id-13372	1	2	8	0.4
id-13373	5	8	7	0.3
id-13374	8	6	11	0.5
id-13375	4	3	2	0.5
id-13376	2	4	1	0.5
id-13377	9	10	5	0.3
id-13378	1	2	4	0.3
id-13379	9	18	7	0.4
id-13380	6	5	30	0.4
id-13381	5	4	19	0.5
id-13382	10	17	16	0.3
id-13383	6	3	10	0.5
id-13384	7	5	2	0.5
id-13385	1	2	6	0.4
id-13386	4	8	6	0.4
id-13387	5	10	22	0.3
id-13388	8	6	21	0.3
id-13389	5	4	14	0.4
id-13390	1	2	29	0.2
id-13391	4	6	1	0.5
id-13392	5	4	7	0.4
id-13393	1	2	24	0.3
id-13394	2	4	7	0.5
id-13395	6	7	12	0.3
id-13396	8	3	30	0.3
id-13397	10	2	30	0.2
id-13398	8	14	21	0.3
id-13399	8	9	20	0.3
id-13400	1	2	2	0.3
id-13401	3	2	1	0.5
id-13402	1	2	27	0.5
id-13403	4	7	7	0.4
id-13404	9	18	6	0.3
id-13405	9	12	21	0.3
id-13406	5	2	8	0.4
id-13407	7	7	21	0.2
id-13408	4	7	22	0.4
id-13409	6	8	3	0.3
id-13410	6	9	23	0.3
id-13411	2	2	18	0.2
id-13412	5	4	13	0.3
id-13413	3	4	4	0.3
id-13414	2	2	6	0.4
id-13415	9	2	15	0.2
id-13416	4	5	29	0.4
id-13417	5	3	10	0.3
id-13418	3	5	19	0.2
id-13419	7	4	12	0.3
id-13420	10	4	25	0.2
id-13421	8	14	9	0.3
id-13422	3	6	27	0.5
id-13423	6	6	10	0.2
id-13424	4	5	16	0.3
id-13425	1	2	22	0.5
id-13426	9	3	14	0.5
id-13427	9	2	21	0.4
id-13428	6	7	29	0.4
id-13429	7	10	26	0.3
id-13430	10	18	30	0.4
id-13431	9	14	12	0.4
id-13432	5	3	21	0.2
id-13433	4	3	28	0.4
id-13434	2	2	2	0.3
id-13435	2	3	22	0.2
id-13436	2	4	16	0.3
id-13437	1	2	22	0.3
id-13438	8	10	2	0.5
id-13439	1	2	13	0.5
id-13440	2	2	26	0.2
id-13441	8	14	5	0.4
id-13442	8	4	2	0.3
id-13443	4	6	27	0.3
id-13444	6	8	1	0.4
id-13445	8	8	2	0.3
id-13446	2	4	14	0.4
id-13447	2	4	13	0.2
id-13448	5	7	20	0.2
id-13449	5	5	21	0.2
id-13450	3	6	28	0.3
id-13451	7	3	22	0.2
id-13452	6	7	27	0.4
id-13453	7	2	18	0.4
id-13454	1	2	28	0.5
id-13455	1	2	28	0.3
id-13456	8	7	7	0.5
id-13457	6	12	29	0.4
id-13458	6	10	4	0.4
id-13459	2	3	26	0.5
id-13460	10	7	1	0.3
id-13461	1	2	7	0.3
id-13462	1	2	2	0.4
id-13463	3	4	19	0.3
id-13464	9	7	13	0.5
id-13465	1	2	30	0.3
id-13466	7	10	16	0.4
id-13467	3	5	4	0.4
id-13468	5	3	4	0.5
id-13469	6	12	3	0.2
id-13470	6	10	7	0.5
id-13471	1	2	16	0.3
id-13472	5	8	19	0.4
id-13473	8	5	23	0.2
id-13474	2	3	15	0.5
id-13475	5	2	16	0.5
id-13476	1	2	20	0.2
id-13477	5	9	17	0.4
id-13478	1	2	28	0.3
id-13479	9	7	7	0.4
id-13480	1	2	17	0.5
id-13481	10	2	12	0.2
id-13482	5	10	15	0.3
id-13483	3	6	1	0.5
id-13484	7	6	15	0.4
id-13485	9	16	29	0.4
id-13486	9	11	25	0.4
id-13487	10	17	4	0.5
id-13488	3	2	20	0.3
id-13489	5	3	20	0.3
id-13490	2	3	27	0.4
id-13491	4	7	9	0.2
id-13492	8	3	4	0.3
id-13493	9	9	24	0.2
id-13494	8	16	11	0.4
id-13495	8	9	30	0.4
id-13496	3	3	28	0.3
id-13497	7	2	11	0.4
id-13498	9	9	22	0.3
id-13499	1	2	24	0.3
id-13500	6	6	17	0.4
id-13501	2	4	29	0.3
id-13502	3	4	3	0.5
id-13503	8	8	6	0.3
id-13504	10	18	28	0.3
id-13505	5	4	27	0.4
id-13506	9	2	1	0.3
id-13507	4	6	26	0.4
id-13508	9	13	28	0.4
id-13509	7	6	26	0.2
id-13510	8	11	25	0.4
id-13511	8	3	22	0.4
id-13512	1	2	8	0.2
id-13513	8	11	15	0.4
id-13514	5	7	19	0.5
id-13515	2	4	28	0.3
id-13516	7	2	20	0.4
id-13517	4	5	28	0.5
id-13518	5	7	16	0.3
id-13519	4	3	29	0.2
id-13520	4	3	22	0.3
id-13521	7	8	5	0.4
id-13522	10	6	6	0.3
id-13523	9	4	3	0.4
id-13524	3	6	23	0.2
id-13525	8	8	12	0.5
id-13526	4	3	23	0.4
id-13527	2	4	30	0.3
id-13528	7	3	21	0.4
id-13529	9	2	20	0.3
id-13530	8	8	8	0.4
id-13531	6	11	3	0.5
id-13532	3	4	28	0.4
id-13533	4	6	26	0.3
id-13534	5	7	8	0.3
id-13535	5	7	21	0.3
id-13536	9	9	9	0.3
id-13537	4	2	29	0.4
id-13538	4	2	4	0.3
id-13539	4	4	13	0.3
id-13540	10	17	7	0.4
id-13541	2	3	9	0.5
id-13542	6	8	20	0.5
id-13543	4	5	25	0.4
id-13544	8	12	16	0.3
id-13545	5	2	29	0.3
id-13546	5	2	16	0.4
id-13547	7	3	28	0.4
id-13548	2	3	12	0.3
id-13549	7	11	11	0.2
id-13550	6	3	3	0.3
id-13551	2	4	22	0.2
id-13552	3	4	1	0.5
id-13553	4	8	10	0.5
id-13554	1	2	19	0.3
id-13555	10	19	12	0.3
id-13556	7	9	16	0.4
id-13557	7	5	12	0.2
id-13558	10	9	21	0.3
id-13559	5	8	26	0.3
id-13560	3	3	17	0.5
id-13561	6	9	20	0.4
id-13562	2	2	26	0.4
id-13563	10	9	24	0.3
id-13564	10	11	22	0.5
id-13565	10	12	29	0.3
id-13566	7	6	26	0.4
id-13567	6	2	29	0.3
id-13568	10	7	20	0.2
id-13569	7	12	24	0.4
id-13570	6	11	17	0.3
id-13571	9	4	22	0.4
id-13572	1	2	29	0.3
id-13573	2	2	4	0.4
id-13574	1	2	9	0.4
id-13575	10	14	1	0.3
id-13576	5	3	14	0.3
id-13577	6	8	26	0.3
id-13578	9	15	30	0.3
id-13579	4	8	15	0.5
id-13580	5	5	19	0.4
id-13581	4	5	14	0.4
id-13582	3	5	23	0.5
id-13583	6	11	6	0.5
id-13584	5	5	13	0.4
id-13585	8	7	9	0.2
id-13586	8	2	14	0.5
id-13587	3	6	23	0.3
id-13588	5	8	26	0.3
id-13589	8	7	27	0.2
id-13590	7	12	3	0.3
id-13591	7	6	15	0.4
id-13592	4	7	24	0.3
id-13593	1	2	11	0.4
id-13594	9	16	25	0.4
id-13595	5	6	11	0.2
id-13596	5	7	22	0.4
id-13597	4	2	20	0.5
id-13598	3	2	3	0.3
id-13599	3	5	25	0.5
id-13600	7	10	29	0.4
id-13601	4	2	24	0.3
id-13602	6	5	21	0.4
id-13603	10	20	27	0.3
id-13604	1	2	14	0.3
id-13605	5	7	8	0.4
id-13606	6	4	29	0.4
id-13607	9	4	7	0.4
id-13608	5	2	6	0.3
id-13609	2	2	1	0.4
id-13610	5	9	22	0.4
id-13611	3	3	19	0.4
id-13612	6	4	11	0.4
id-13613	10	2	24	0.3
id-13614	3	3	6	0.3
id-13615	4	2	13	0.2
id-13616	7	3	29	0.4
id-13617	3	5	3	0.3
id-13618	10	9	13	0.4
id-13619	10	9	20	0.3
id-13620	3	4	18	0.5
id-13621	10	5	27	0.5
id-13622	5	8	5	0.4
id-13623	1	2	21	0.3
id-13624	9	5	27	0.4
id-13625	7	5	19	0.5
id-13626	7	10	14	0.4
id-13627	7	13	15	0.3
id-13628	7	11	2	0.5
id-13629	3	2	27	0.4
id-13630	9	2	14	0.4
id-13631	1	2	11	0.4
id-13632	6	5	14	0.2
id-13633	3	4	8	0.3
id-13634	2	4	14	0.3
id-13635	6	6	16	0.3
id-13636	10	20	25	0.2
id-13637	2	3	26	0.4
id-13638	5	3	11	0.4
id-13639	3	2	8	0.3
id-13640	3	6	28	0.3
id-13641	2	3	23	0.4
id-13642	10	2	19	0.3
id-13643	10	19	13	0.3
id-13644	10	15	26	0.3
id-13645	1	2	22	0.4
id-13646	9	3	21	0.4
id-13647	10	5	22	0.3
id-13648	2	3	27	0.2
id-13649	1	2	11	0.3
id-13650	6	5	18	0.3
id-13651	5	6	21	0.5
id-13652	3	6	27	0.5
id-13653	7	13	7	0.4
id-13654	5	10	15	0.4
id-13655	9	5	19	0.3
id-13656	6	8	3	0.4
id-13657	6	8	26	0.4
id-13658	10	19	30	0.3
id-13659	2	4	29	0.4
id-13660	8	7	26	0.2
id-13661	6	9	21	0.4
id-13662	10	7	9	0.5
id-13663	10	13	25	0.3
id-13664	4	3	9	0.2
id-13665	9	2	7	0.3
id-13666	9	8	9	0.2
id-13667	6	11	6	0.2
id-13668	4	4	10	0.3
id-13669	9	6	5	0.5
id-13670	1	2	14	0.4
id-13671	9	16	17	0.4
id-13672	3	6	30	0.4
id-13673	6	9	5	0.3
id-13674	7	8	9	0.3
id-13675	6	11	19	0.2
id-13676	10	17	28	0.4
id-13677	10	11	8	0.4
id-13678	1	2	7	0.2
id-13679	7	6	24	0.4
id-13680	3	4	12	0.2
id-13681	6	7	27	0.4
id-13682	7	3	6	0.3
id-13683	2	3	6	0.3
id-13684	6	9	7	0.5
id-13685	2	2	23	0.4
id-13686	3	4	23	0.4
id-13687	9	3	22	0.3
id-13688	10	15	1	0.3
id-13689	3	5	19	0.4
id-13690	3	5	15	0.5
id-13691	5	4	10	0.5
id-13692	7	6	20	0.5
id-13693	7	2	21	0.4
id-13694	4	8	21	0.3
id-13695	8	14	4	0.3
id-13696	9	4	18	0.4
id-13697	1	2	25	0.5
id-13698	6	10	12	0.3
id-13699	8	13	25	0.4
id-13700	8	10	3	0.2
id-13701	1	2	17	0.4
id-13702	7	14	12	0.4
id-13703	6	4	6	0.2
id-13704	3	4	4	0.3
id-13705	4	5	10	0.3
id-13706	9	2	13	0.4
id-13707	8	7	6	0.5
id-13708	1	2	29	0.3
id-13709	5	3	4	0.4
id-13710	3	6	8	0.4
id-13711	6	10	22	0.4
id-13712	4	8	18	0.4
id-13713	2	3	9	0.4
id-13714	8	10	29	0.2
id-13715	7	10	25	0.3
id-13716	6	3	12	0.4
id-13717	9	2	24	0.5
id-13718	5	4	30	0.2
id-13719	7	12	28	0.5
id-13720	8	12	6	0.3
id-13721	2	4	14	0.3
id-13722	3	4	30	0.4
id-13723	8	13	16	0.3
id-13724	10	4	13	0.5
id-13725	4	3	10	0.3
id-13726	8	12	16	0.4
id-13727	4	7	4	0.3
id-13728	10	8	13	0.5
id-13729	2	3	10	0.4
id-13730	5	9	1	0.4
id-13731	8	8	21	0.4
id-13732	9	9	14	0.4
id-13733	1	2	7	0.3
id-13734	10	4	23	0.3
id-13735	9	11	2	0.2
id-13736	7	5	11	0.3
id-13737	5	9	9	0.3
id-13738	9	12	24	0.4
id-13739	7	4	23	0.4
id-13740	8	13	25	0.3
id-13741	1	2	13	0.4
id-13742	3	2	18	0.5
id-13743	3	5	3	0.4
id-13744	2	3	20	0.2
id-13745	10	20	17	0.5
id-13746	5	2	22	0.5
id-13747	9	13	28	0.3
id-13748	5	9	12	0.4
id-13749	10	20	24	0.3
id-13750	2	3	17	0.4
id-13751	5	4	20	0.3
id-13752	10	20	7	0.2
id-13753	6	8	22	0.4
id-13754	2	3	23	0.3
id-13755	5	5	28	0.2
id-13756	9	3	29	0.5
id-13757	6	4	19	0.4
id-13758	3	5	4	0.4
id-13759	2	4	29	0.3
id-13760	6	4	5	0.2
id-13761	7	9	9	0.3
id-13762	6	8	19	0.4
id-13763	6	3	27	0.3
id-13764	6	12	1	0.3
id-13765	7	3	1	0.3
id-13766	4	7	25	0.4
id-13767	10	14	23	0.4
id-13768	8	14	15	0.3
id-13769	8	12	17	0.3
id-13770	1	2	11	0.4
id-13771	4	8	18	0.3
id-13772	6	4	1	0.3
id-13773	4	2	3	0.2
id-13774	10	14	7	0.4
id-13775	2	2	30	0.4
id-13776	8	16	28	0.5
id-13777	5	9	14	0.2
id-13778	6	12	24	0.5
id-13779	2	3	6	0.3
id-13780	1	2	26	0.3
id-13781	7	5	7	0.3
id-13782	7	11	15	0.4
id-13783	6	6	2	0.2
id-13784	4	7	17	0.4
id-13785	1	2	18	0.3
id-13786	8	14	22	0.5
id-13787	10	15	16	0.3
id-13788	4	7	26	0.3
id-13789	5	8	10	0.4
id-13790	10	20	6	0.3
id-13791	7	9	28	0.3
id-13792	1	2	15	0.4
id-13793	2	2	8	0.3
id-13794	7	8	6	0.5
id-13795	10	6	6	0.4
id-13796	4	6	20	0.4
id-13797	6	10	21	0.4
id-13798	5	3	30	0.4
id-13799	7	14	12	0.4
id-13800	6	12	21	0.4
id-13801	5	5	17	0.4
id-13802	9	17	2	0.3
id-13803	8	15	3	0.3
id-13804	6	10	20	0.4
id-13805	3	5	15	0.4
id-13806	10	11	29	0.3
id-13807	4	2	29	0.4
id-13808	4	5	30	0.3
id-13809	8	3	8	0.3
id-13810	5	7	12	0.5
id-13811	9	5	11	0.3
id-13812	4	7	23	0.3
id-13813	2	3	27	0.2
id-13814	5	4	8	0.3
id-13815	5	10	7	0.4
id-13816	7	9	11	0.4
id-13817	8	6	2	0.2
id-13818	2	3	8	0.3
id-13819	7	10	26	0.3
id-13820	8	6	30	0.5
id-13821	6	4	16	0.2
id-13822	6	2	26	0.5
id-13823	7	12	10	0.5
id-13824	7	5	24	0.5
id-13825	6	2	3	0.4
id-13826	6	6	14	0.2
id-13827	2	3	5	0.5
id-13828	6	2	12	0.4
id-13829	8	15	14	0.3
id-13830	1	2	6	0.2
id-13831	3	3	18	0.2
id-13832	7	10	6	0.5
id-13833	1	2	30	0.4
id-13834	7	10	5	0.3
id-13835	2	3	12	0.5
id-13836	9	15	28	0.4
id-13837	3	4	26	0.5
id-13838	10	17	4	0.3
id-13839	5	6	25	0.4
id-13840	8	2	25	0.4
id-13841	2	3	15	0.4
id-13842	9	17	19	0.3
id-13843	8	12	8	0.4
id-13844	5	9	27	0.3
id-13845	7	5	4	0.4
id-13846	1	2	17	0.3
id-13847	5	10	18	0.3
id-13848	9	3	7	0.4
id-13849	8	5	25	0.4
id-13850	9	16	30	0.2
id-13851	7	6	6	0.4
id-13852	8	6	18	0.4
id-13853	8	5	15	0.4
id-13854	7	14	10	0.5
id-13855	10	9	24	0.3
id-13856	2	2	24	0.4
id-13857	6	5	10	0.4
id-13858	10	11	22	0.2
id-13859	10	9	8	0.2
id-13860	3	3	4	0.3
id-13861	6	12	29	0.5
id-13862	7	3	23	0.3
id-13863	3	4	9	0.4
id-13864	4	3	11	0.3
id-13865	9	4	26	0.4
id-13866	9	12	29	0.4
id-13867	8	4	29	0.5
id-13868	10	16	16	0.2
id-13869	10	17	8	0.2
id-13870	4	2	6	0.3
id-13871	2	3	8	0.4
id-13872	2	3	19	0.4
id-13873	1	2	17	0.2
id-13874	3	6	12	0.3
id-13875	10	12	30	0.3
id-13876	2	3	28	0.4
id-13877	2	2	16	0.3
id-13878	3	2	16	0.2
id-13879	2	4	2	0.5
id-13880	3	6	1	0.5
id-13881	1	2	24	0.4
id-13882	2	4	2	0.4
id-13883	4	4	17	0.3
id-13884	5	9	8	0.5
id-13885	9	13	26	0.2
id-13886	10	16	21	0.4
id-13887	1	2	30	0.3
id-13888	2	4	29	0.2
id-13889	1	2	16	0.5
id-13890	4	5	14	0.4
id-13891	1	2	15	0.3
id-13892	6	7	14	0.5
id-13893	1	2	28	0.2
id-13894	9	3	9	0.4
id-13895	7	2	8	0.3
id-13896	7	8	3	0.5
id-13897	4	8	7	0.3
id-13898	3	3	26	0.2
id-13899	4	5	12	0.4
id-13900	4	8	13	0.4
id-13901	1	2	29	0.2
id-13902	10	3	9	0.3
id-13903	4	8	24	0.3
id-13904	1	2	28	0.3
id-13905	8	7	19	0.4
id-13906	3	4	5	0.4
id-13907	10	10	21	0.4
id-13908	4	2	11	0.4
id-13909	2	3	27	0.3
id-13910	7	14	11	0.3
id-13911	6	7	21	0.3
id-13912	6	4	22	0.2
id-13913	2	4	6	0.4
id-13914	5	5	6	0.3
id-13915	1	2	2	0.4
id-13916	2	2	4	0.5
id-13917	4	3	28	0.2
id-13918	7	5	21	0.2
id-13919	2	2	11	0.5
id-13920	2	2	8	0.5
id-13921	6	10	21	0.3
id-13922	4	8	18	0.3
id-13923	7	2	24	0.4
id-13924	9	11	27	0.3
id-13925	4	6	11	0.5
id-13926	7	11	1	0.5
id-13927	6	10	13	0.3
id-13928	2	2	24	0.3
id-13929	6	4	20	0.3
id-13930	3	6	6	0.4
id-13931	10	12	12	0.5
id-13932	4	3	20	0.4
id-13933	8	11	3	0.4
id-13934	9	17	1	0.4
id-13935	9	5	10	0.2
id-13936	7	2	22	0.2
id-13937	3	4	8	0.2
id-13938	7	4	14	0.4
id-13939	4	4	4	0.5
id-13940	1	2	28	0.4
id-13941	8	14	9	0.4
id-13942	8	12	16	0.4
id-13943	2	2	18	0.3
id-13944	2	2	15	0.3
id-13945	10	18	18	0.2
id-13946	4	8	9	0.3
id-13947	1	2	16	0.4
id-13948	5	4	9	0.4
id-13949	1	2	13	0.3
id-13950	8	13	2	0.3
id-13951	2	2	10	0.4
id-13952	2	2	18	0.2
id-13953	2	4	9	0.3
id-13954	4	8	24	0.3
id-13955	4	3	17	0.4
id-13956	8	6	13	0.4
id-13957	2	3	13	0.5
id-13958	10	3	4	0.3
id-13959	5	3	21	0.3
id-13960	2	3	22	0.5
id-13961	6	3	16	0.5
id-13962	7	5	23	0.5
id-13963	4	8	22	0.4
id-13964	8	4	29	0.3
id-13965	2	3	1	0.2
id-13966	8	11	17	0.3
id-13967	6	5	11	0.2
id-13968	2	4	27	0.3
id-13969	2	2	22	0.2
id-13970	1	2	15	0.3
id-13971	7	8	16	0.5
id-13972	7	13	15	0.2
id-13973	5	4	24	0.3
id-13974	9	4	15	0.2
id-13975	1	2	28	0.2
id-13976	10	6	6	0.5
id-13977	1	2	22	0.4
id-13978	5	4	11	0.3
id-13979	4	5	8	0.2
id-13980	10	15	4	0.3
id-13981	2	4	23	0.3
id-13982	2	3	20	0.4
id-13983	6	4	13	0.4
id-13984	1	2	11	0.3
id-13985	7	12	14	0.5
id-13986	9	12	22	0.4
id-13987	6	7	6	0.3
id-13988	9	2	11	0.2
id-13989	2	2	11	0.4
id-13990	2	2	14	0.4
id-13991	5	2	25	0.5
id-13992	7	12	23	0.3
id-13993	7	8	23	0.2
id-13994	7	7	19	0.3
id-13995	6	4	17	0.5
id-13996	3	5	1	0.4
id-13997	10	14	13	0.5
id-13998	5	6	17	0.3
id-13999	9	11	22	0.2
id-14000	1	2	21	0.3
id-14001	1	2	21	0.5
id-14002	1	2	4	0.5
id-14003	10	7	21	0.2
id-14004	6	6	25	0.5
id-14005	2	2	30	0.5
id-14006	1	2	16	0.5
id-14007	10	18	2	0.4
id-14008	8	16	10	0.2
id-14009	4	7	6	0.4
id-14010	3	6	6	0.3
id-14011	9	15	18	0.5
id-14012	2	4	26	0.2
id-14013	3	2	23	0.3
id-14014	4	5	26	0.3
id-14015	1	2	5	0.3
id-14016	4	8	8	0.4
id-14017	3	6	8	0.2
id-14018	1	2	27	0.2
id-14019	10	12	29	0.2
id-14020	9	10	21	0.2
id-14021	2	3	26	0.4
id-14022	7	4	15	0.4
id-14023	1	2	29	0.4
id-14024	7	14	16	0.5
id-14025	3	2	14	0.3
id-14026	6	2	9	0.3
id-14027	1	2	6	0.3
id-14028	2	2	22	0.5
id-14029	9	13	27	0.4
id-14030	1	2	21	0.4
id-14031	4	7	24	0.5
id-14032	7	9	3	0.4
id-14033	4	2	5	0.4
id-14034	6	3	6	0.3
id-14035	8	10	30	0.3
id-14036	5	10	10	0.4
id-14037	7	5	9	0.3
id-14038	9	18	1	0.3
id-14039	3	4	13	0.2
id-14040	2	4	9	0.4
id-14041	9	14	5	0.4
id-14042	4	2	9	0.4
id-14043	3	3	26	0.4
id-14044	4	4	5	0.3
id-14045	1	2	26	0.3
id-14046	4	7	30	0.3
id-14047	9	6	4	0.4
id-14048	9	3	29	0.4
id-14049	2	2	27	0.4
id-14050	6	9	3	0.4
id-14051	4	8	17	0.3
id-14052	7	10	29	0.5
id-14053	8	4	10	0.4
id-14054	6	8	19	0.2
id-14055	2	2	16	0.4
id-14056	3	4	20	0.4
id-14057	7	8	16	0.3
id-14058	10	20	24	0.5
id-14059	7	9	11	0.2
id-14060	6	5	20	0.4
id-14061	6	6	9	0.5
id-14062	3	6	20	0.4
id-14063	4	5	3	0.4
id-14064	5	6	16	0.4
id-14065	7	11	9	0.4
id-14066	10	10	18	0.3
id-14067	6	8	17	0.4
id-14068	6	4	1	0.3
id-14069	2	2	21	0.4
id-14070	8	16	14	0.2
id-14071	6	10	14	0.3
id-14072	3	2	30	0.2
id-14073	9	5	26	0.5
id-14074	7	14	6	0.3
id-14075	10	3	17	0.2
id-14076	8	7	27	0.3
id-14077	2	4	1	0.3
id-14078	1	2	10	0.4
id-14079	5	5	26	0.3
id-14080	10	13	17	0.3
id-14081	1	2	26	0.3
id-14082	7	2	2	0.4
id-14083	2	3	20	0.3
id-14084	3	5	26	0.2
id-14085	4	7	25	0.5
id-14086	10	15	6	0.2
id-14087	8	6	4	0.3
id-14088	6	2	18	0.4
id-14089	1	2	26	0.5
id-14090	6	4	27	0.4
id-14091	5	7	26	0.2
id-14092	1	2	22	0.4
id-14093	6	2	17	0.3
id-14094	6	12	30	0.5
id-14095	9	6	30	0.4
id-14096	8	12	29	0.3
id-14097	5	10	29	0.2
id-14098	9	10	22	0.3
id-14099	10	12	2	0.4
id-14100	7	6	17	0.4
id-14101	5	8	20	0.3
id-14102	7	2	6	0.5
id-14103	7	8	30	0.5
id-14104	9	14	16	0.3
id-14105	10	8	16	0.4
id-14106	2	3	5	0.4
id-14107	2	4	2	0.4
id-14108	10	10	6	0.4
id-14109	2	3	11	0.2
id-14110	3	2	20	0.4
id-14111	10	10	14	0.3
id-14112	3	4	17	0.3
id-14113	5	6	5	0.5
id-14114	5	10	23	0.4
id-14115	8	14	1	0.4
id-14116	7	12	7	0.3
id-14117	1	2	21	0.4
id-14118	3	6	16	0.3
id-14119	3	4	15	0.3
id-14120	10	18	9	0.5
id-14121	8	15	16	0.4
id-14122	2	2	20	0.3
id-14123	6	9	27	0.2
id-14124	5	7	24	0.2
id-14125	9	14	26	0.4
id-14126	2	2	25	0.3
id-14127	6	5	21	0.5
id-14128	1	2	7	0.4
id-14129	9	7	9	0.3
id-14130	4	7	4	0.3
id-14131	2	4	26	0.4
id-14132	9	2	16	0.3
id-14133	4	2	10	0.4
id-14134	6	9	26	0.5
id-14135	3	5	12	0.5
id-14136	5	3	17	0.4
id-14137	4	4	23	0.5
id-14138	7	10	8	0.2
id-14139	10	10	1	0.2
id-14140	1	2	23	0.3
id-14141	10	8	15	0.5
id-14142	5	7	7	0.3
id-14143	6	5	12	0.5
id-14144	7	11	20	0.3
id-14145	3	6	14	0.5
id-14146	5	6	17	0.4
id-14147	7	8	10	0.4
id-14148	4	2	4	0.3
id-14149	3	5	28	0.5
id-14150	2	4	7	0.5
id-14151	6	11	15	0.3
id-14152	7	14	20	0.4
id-14153	10	16	17	0.3
id-14154	4	5	5	0.4
id-14155	3	5	10	0.3
id-14156	6	11	1	0.5
id-14157	1	2	25	0.4
id-14158	9	11	26	0.5
id-14159	4	2	22	0.2
id-14160	8	15	29	0.4
id-14161	5	2	10	0.3
id-14162	4	8	29	0.4
id-14163	7	6	27	0.2
id-14164	6	5	10	0.5
id-14165	6	2	9	0.2
id-14166	1	2	9	0.4
id-14167	7	13	30	0.3
id-14168	7	14	25	0.3
id-14169	8	6	8	0.3
id-14170	10	5	17	0.4
id-14171	10	6	1	0.3
id-14172	5	3	6	0.3
id-14173	1	2	16	0.4
id-14174	6	5	14	0.3
id-14175	10	9	12	0.4
id-14176	6	10	17	0.4
id-14177	3	2	18	0.5
id-14178	6	6	9	0.2
id-14179	8	4	9	0.2
id-14180	6	3	19	0.3
id-14181	5	9	10	0.4
id-14182	1	2	23	0.3
id-14183	10	4	19	0.4
id-14184	7	7	23	0.3
id-14185	3	5	27	0.5
id-14186	5	2	26	0.3
id-14187	8	16	14	0.3
id-14188	9	3	11	0.5
id-14189	2	3	2	0.3
id-14190	5	8	29	0.3
id-14191	2	4	13	0.2
id-14192	4	4	18	0.4
id-14193	1	2	6	0.2
id-14194	9	9	15	0.5
id-14195	6	10	7	0.3
id-14196	1	2	6	0.3
id-14197	9	5	18	0.3
id-14198	7	3	9	0.2
id-14199	6	9	15	0.4
id-14200	8	7	2	0.4
id-14201	5	5	28	0.5
id-14202	3	3	25	0.3
id-14203	9	11	12	0.5
id-14204	3	5	30	0.3
id-14205	4	7	27	0.4
id-14206	5	7	23	0.5
id-14207	7	6	3	0.4
id-14208	5	6	6	0.4
id-14209	6	7	14	0.3
id-14210	4	3	17	0.3
id-14211	2	4	5	0.4
id-14212	9	17	17	0.3
id-14213	6	8	24	0.4
id-14214	2	3	20	0.4
id-14215	10	16	7	0.4
id-14216	4	3	21	0.4
id-14217	2	2	26	0.5
id-14218	3	5	4	0.4
id-14219	1	2	11	0.3
id-14220	5	6	27	0.2
id-14221	8	12	15	0.4
id-14222	4	6	28	0.3
id-14223	2	3	16	0.4
id-14224	5	3	21	0.4
id-14225	2	3	23	0.4
id-14226	4	6	26	0.3
id-14227	5	10	15	0.3
id-14228	2	4	11	0.2
id-14229	6	11	7	0.4
id-14230	5	6	20	0.5
id-14231	5	10	21	0.4
id-14232	8	8	24	0.3
id-14233	4	5	20	0.3
id-14234	3	4	10	0.2
id-14235	7	11	11	0.5
id-14236	6	11	2	0.2
id-14237	2	2	14	0.4
id-14238	8	11	15	0.3
id-14239	4	4	26	0.5
id-14240	3	2	8	0.2
id-14241	3	2	1	0.2
id-14242	10	9	27	0.5
id-14243	6	6	7	0.5
id-14244	10	12	21	0.3
id-14245	8	15	23	0.5
id-14246	1	2	9	0.3
id-14247	8	10	2	0.3
id-14248	10	18	20	0.4
id-14249	2	2	2	0.3
id-14250	4	3	10	0.2
id-14251	3	3	6	0.3
id-14252	5	5	10	0.2
id-14253	3	5	30	0.4
id-14254	4	4	10	0.4
id-14255	4	2	23	0.5
id-14256	7	5	1	0.3
id-14257	4	3	30	0.3
id-14258	4	3	9	0.2
id-14259	4	2	7	0.4
id-14260	5	6	3	0.3
id-14261	3	2	2	0.4
id-14262	6	5	20	0.3
id-14263	1	2	2	0.4
id-14264	9	15	11	0.3
id-14265	9	3	2	0.3
id-14266	7	10	6	0.4
id-14267	6	3	23	0.3
id-14268	2	2	24	0.3
id-14269	10	5	10	0.5
id-14270	6	11	17	0.2
id-14271	9	15	15	0.2
id-14272	3	2	16	0.3
id-14273	8	16	11	0.2
id-14274	5	7	22	0.4
id-14275	4	6	9	0.2
id-14276	8	13	3	0.5
id-14277	6	10	7	0.4
id-14278	5	4	9	0.4
id-14279	4	8	4	0.3
id-14280	9	4	29	0.4
id-14281	3	2	25	0.5
id-14282	3	4	3	0.2
id-14283	8	4	2	0.3
id-14284	6	12	3	0.4
id-14285	8	12	20	0.3
id-14286	10	13	20	0.3
id-14287	8	14	11	0.3
id-14288	9	5	18	0.2
id-14289	8	4	14	0.4
id-14290	5	7	7	0.2
id-14291	6	9	3	0.5
id-14292	2	3	14	0.4
id-14293	1	2	1	0.4
id-14294	1	2	6	0.2
id-14295	3	5	3	0.3
id-14296	2	2	19	0.3
id-14297	1	2	26	0.3
id-14298	10	9	16	0.3
id-14299	4	3	5	0.2
id-14300	3	2	13	0.5
id-14301	7	14	29	0.3
id-14302	3	5	19	0.4
id-14303	5	2	5	0.4
id-14304	8	14	27	0.3
id-14305	3	4	5	0.4
id-14306	4	6	29	0.4
id-14307	4	7	16	0.4
id-14308	7	4	11	0.3
id-14309	1	2	27	0.2
id-14310	9	7	29	0.4
id-14311	3	5	27	0.2
id-14312	10	9	22	0.3
id-14313	6	6	12	0.3
id-14314	4	7	25	0.3
id-14315	9	7	16	0.3
id-14316	6	5	17	0.4
id-14317	7	4	29	0.3
id-14318	8	8	21	0.3
id-14319	9	5	11	0.3
id-14320	5	2	17	0.4
id-14321	5	2	20	0.2
id-14322	7	14	8	0.4
id-14323	6	6	8	0.5
id-14324	4	5	27	0.4
id-14325	2	2	29	0.3
id-14326	10	20	8	0.5
id-14327	6	4	21	0.2
id-14328	3	3	4	0.5
id-14329	6	10	23	0.5
id-14330	3	2	19	0.3
id-14331	4	7	10	0.4
id-14332	8	4	25	0.5
id-14333	9	12	9	0.4
id-14334	4	5	18	0.3
id-14335	8	14	1	0.2
id-14336	10	7	15	0.3
id-14337	3	5	28	0.4
id-14338	5	8	1	0.3
id-14339	10	6	14	0.4
id-14340	4	5	27	0.3
id-14341	10	16	10	0.3
id-14342	10	8	21	0.5
id-14343	9	6	21	0.2
id-14344	2	2	14	0.3
id-14345	5	3	5	0.3
id-14346	5	6	12	0.3
id-14347	9	5	13	0.5
id-14348	10	6	30	0.5
id-14349	1	2	28	0.4
id-14350	7	12	23	0.5
id-14351	7	13	27	0.4
id-14352	8	11	18	0.4
id-14353	6	8	27	0.3
id-14354	9	7	10	0.2
id-14355	6	3	20	0.4
id-14356	9	8	3	0.5
id-14357	10	2	10	0.3
id-14358	6	5	17	0.3
id-14359	1	2	24	0.5
id-14360	8	7	13	0.3
id-14361	7	5	25	0.4
id-14362	5	2	9	0.4
id-14363	9	15	3	0.4
id-14364	2	3	1	0.5
id-14365	5	7	23	0.3
id-14366	6	11	9	0.2
id-14367	2	3	23	0.5
id-14368	10	2	28	0.3
id-14369	6	3	26	0.4
id-14370	7	8	7	0.5
id-14371	7	13	6	0.4
id-14372	6	12	20	0.4
id-14373	1	2	19	0.3
id-14374	1	2	28	0.3
id-14375	4	4	20	0.4
id-14376	10	2	19	0.3
id-14377	1	2	13	0.3
id-14378	9	5	22	0.4
id-14379	6	10	24	0.3
id-14380	9	14	24	0.3
id-14381	8	4	4	0.4
id-14382	8	4	6	0.3
id-14383	1	2	26	0.2
id-14384	4	7	21	0.3
id-14385	1	2	1	0.5
id-14386	5	3	10	0.4
id-14387	8	11	19	0.3
id-14388	1	2	21	0.4
id-14389	1	2	20	0.3
id-14390	1	2	5	0.3
id-14391	8	4	17	0.4
id-14392	9	12	11	0.2
id-14393	4	7	28	0.5
id-14394	2	4	11	0.3
id-14395	6	2	23	0.3
id-14396	2	3	12	0.3
id-14397	7	5	23	0.4
id-14398	4	2	5	0.4
id-14399	8	7	26	0.4
id-14400	8	8	16	0.5
id-14401	4	5	22	0.2
id-14402	7	7	28	0.2
id-14403	8	16	13	0.3
id-14404	10	10	22	0.2
id-14405	6	2	7	0.5
id-14406	8	8	27	0.2
id-14407	7	14	25	0.3
id-14408	3	5	19	0.4
id-14409	8	14	10	0.5
id-14410	1	2	10	0.4
id-14411	10	16	3	0.4
id-14412	1	2	3	0.4
id-14413	5	9	24	0.5
id-14414	2	4	16	0.4
id-14415	9	7	9	0.4
id-14416	3	2	24	0.3
id-14417	9	9	17	0.4
id-14418	6	11	15	0.3
id-14419	5	7	16	0.5
id-14420	4	5	4	0.4
id-14421	5	6	20	0.3
id-14422	2	2	12	0.4
id-14423	10	9	13	0.3
id-14424	1	2	17	0.3
id-14425	1	2	1	0.2
id-14426	3	2	1	0.3
id-14427	6	5	23	0.3
id-14428	10	13	21	0.2
id-14429	6	5	2	0.3
id-14430	5	5	7	0.3
id-14431	5	5	19	0.4
id-14432	3	3	29	0.4
id-14433	10	19	25	0.5
id-14434	2	4	8	0.4
id-14435	10	19	15	0.3
id-14436	2	3	12	0.3
id-14437	10	9	16	0.5
id-14438	5	10	12	0.2
id-14439	2	3	15	0.5
id-14440	4	6	13	0.3
id-14441	8	15	6	0.2
id-14442	7	11	7	0.4
id-14443	1	2	17	0.4
id-14444	4	6	3	0.5
id-14445	6	3	12	0.3
id-14446	6	2	8	0.3
id-14447	2	2	15	0.3
id-14448	6	12	20	0.4
id-14449	6	12	1	0.3
id-14450	2	2	6	0.4
id-14451	1	2	24	0.2
id-14452	9	8	13	0.4
id-14453	7	9	30	0.3
id-14454	9	13	7	0.5
id-14455	2	3	4	0.3
id-14456	8	6	21	0.3
id-14457	10	9	21	0.3
id-14458	9	10	4	0.5
id-14459	6	2	2	0.3
id-14460	8	9	27	0.3
id-14461	6	5	28	0.4
id-14462	3	2	4	0.3
id-14463	4	5	15	0.3
id-14464	5	3	8	0.4
id-14465	9	12	1	0.5
id-14466	6	12	18	0.5
id-14467	6	5	22	0.2
id-14468	4	4	15	0.3
id-14469	8	13	2	0.2
id-14470	6	4	2	0.4
id-14471	10	6	17	0.2
id-14472	1	2	1	0.5
id-14473	3	5	23	0.2
id-14474	1	2	19	0.4
id-14475	7	9	18	0.4
id-14476	6	8	29	0.3
id-14477	10	10	16	0.4
id-14478	9	11	30	0.2
id-14479	6	6	1	0.3
id-14480	10	4	26	0.4
id-14481	7	10	19	0.4
id-14482	5	9	4	0.5
id-14483	4	2	8	0.2
id-14484	2	2	2	0.3
id-14485	3	6	3	0.3
id-14486	5	5	24	0.5
id-14487	3	3	17	0.4
id-14488	10	10	28	0.3
id-14489	2	2	12	0.3
id-14490	4	4	29	0.3
id-14491	7	11	19	0.5
id-14492	6	3	24	0.2
id-14493	10	16	10	0.2
id-14494	4	7	5	0.4
id-14495	1	2	29	0.5
id-14496	7	7	18	0.3
id-14497	3	3	27	0.3
id-14498	9	11	4	0.2
id-14499	5	7	28	0.5
id-14500	4	7	17	0.4
id-14501	8	14	15	0.5
id-14502	10	14	6	0.3
id-14503	6	4	26	0.5
id-14504	2	2	12	0.2
id-14505	8	4	6	0.3
id-14506	9	18	2	0.4
id-14507	3	5	16	0.2
id-14508	5	2	29	0.4
id-14509	2	2	13	0.3
id-14510	1	2	29	0.4
id-14511	8	3	21	0.5
id-14512	4	4	9	0.4
id-14513	8	2	17	0.2
id-14514	6	3	27	0.4
id-14515	3	3	13	0.3
id-14516	2	3	26	0.2
id-14517	6	6	29	0.2
id-14518	9	18	9	0.5
id-14519	10	15	9	0.4
id-14520	2	2	10	0.2
id-14521	1	2	22	0.2
id-14522	7	11	19	0.5
id-14523	4	8	27	0.3
id-14524	7	6	17	0.3
id-14525	9	13	27	0.2
id-14526	2	4	7	0.3
id-14527	9	14	13	0.5
id-14528	3	3	10	0.2
id-14529	4	8	14	0.4
id-14530	5	10	5	0.5
id-14531	9	4	25	0.5
id-14532	1	2	27	0.3
id-14533	3	2	4	0.2
id-14534	4	2	23	0.3
id-14535	1	2	28	0.3
id-14536	10	15	25	0.4
id-14537	5	5	22	0.3
id-14538	10	3	20	0.2
id-14539	4	2	25	0.3
id-14540	7	11	7	0.3
id-14541	10	18	13	0.4
id-14542	2	3	9	0.2
id-14543	10	6	25	0.2
id-14544	7	14	19	0.4
id-14545	5	3	19	0.4
id-14546	2	4	2	0.5
id-14547	7	14	16	0.5
id-14548	2	3	21	0.3
id-14549	9	3	5	0.4
id-14550	5	7	22	0.2
id-14551	6	3	11	0.3
id-14552	6	3	12	0.3
id-14553	1	2	1	0.3
id-14554	5	6	17	0.2
id-14555	8	10	21	0.5
id-14556	2	3	2	0.3
id-14557	1	2	30	0.2
id-14558	7	7	23	0.4
id-14559	2	2	11	0.3
id-14560	10	11	19	0.3
id-14561	5	2	21	0.5
id-14562	2	3	25	0.3
id-14563	1	2	8	0.5
id-14564	5	5	24	0.5
id-14565	1	2	4	0.4
id-14566	1	2	23	0.3
id-14567	5	10	12	0.3
id-14568	9	18	6	0.4
id-14569	7	13	11	0.5
id-14570	9	14	28	0.5
id-14571	8	11	5	0.3
id-14572	6	6	21	0.5
id-14573	7	2	11	0.2
id-14574	9	12	22	0.4
id-14575	6	2	21	0.2
id-14576	2	3	1	0.3
id-14577	5	10	7	0.2
id-14578	9	12	23	0.3
id-14579	2	4	19	0.2
id-14580	6	5	14	0.4
id-14581	9	18	26	0.2
id-14582	3	5	8	0.3
id-14583	3	2	22	0.3
id-14584	7	11	11	0.3
id-14585	7	14	5	0.4
id-14586	9	3	15	0.2
id-14587	6	3	16	0.3
id-14588	7	12	20	0.5
id-14589	5	5	17	0.2
id-14590	1	2	6	0.5
id-14591	5	5	4	0.4
id-14592	8	14	29	0.4
id-14593	8	3	4	0.4
id-14594	2	4	23	0.4
id-14595	2	2	15	0.3
id-14596	3	5	13	0.3
id-14597	7	14	17	0.4
id-14598	1	2	15	0.3
id-14599	10	2	28	0.3
id-14600	7	11	26	0.4
id-14601	3	4	20	0.3
id-14602	1	2	27	0.4
id-14603	5	6	5	0.3
id-14604	1	2	14	0.3
id-14605	8	16	24	0.5
id-14606	5	2	16	0.3
id-14607	8	4	1	0.4
id-14608	7	9	7	0.5
id-14609	3	3	16	0.3
id-14610	4	3	23	0.3
id-14611	1	2	26	0.3
id-14612	8	14	25	0.4
id-14613	7	9	2	0.4
id-14614	8	15	6	0.4
id-14615	10	13	6	0.5
id-14616	5	3	18	0.3
id-14617	2	2	3	0.3
id-14618	3	4	14	0.4
id-14619	8	4	8	0.3
id-14620	6	10	17	0.4
id-14621	1	2	17	0.3
id-14622	9	13	5	0.2
id-14623	9	13	15	0.4
id-14624	7	13	1	0.4
id-14625	5	8	16	0.4
id-14626	3	3	20	0.4
id-14627	6	10	3	0.5
id-14628	4	8	8	0.2
id-14629	2	4	14	0.3
id-14630	7	2	3	0.3
id-14631	4	4	9	0.2
id-14632	3	3	15	0.5
id-14633	1	2	12	0.2
id-14634	1	2	29	0.4
id-14635	6	5	30	0.3
id-14636	4	8	7	0.4
id-14637	7	10	26	0.2
id-14638	4	2	25	0.3
id-14639	7	3	22	0.3
id-14640	8	15	21	0.2
id-14641	6	7	21	0.3
id-14642	9	10	10	0.3
id-14643	6	4	25	0.4
id-14644	7	14	14	0.5
id-14645	1	2	20	0.3
id-14646	7	6	9	0.5
id-14647	9	8	20	0.4
id-14648	9	18	2	0.4
id-14649	7	4	3	0.4
id-14650	5	2	5	0.2
id-14651	5	3	18	0.4
id-14652	2	4	30	0.2
id-14653	8	9	14	0.3
id-14654	5	5	24	0.3
id-14655	3	5	15	0.4
id-14656	1	2	5	0.3
id-14657	8	6	14	0.2
id-14658	5	10	3	0.4
id-14659	3	5	27	0.3
id-14660	3	4	24	0.3
id-14661	8	9	18	0.3
id-14662	7	12	8	0.3
id-14663	7	4	17	0.5
id-14664	1	2	17	0.4
id-14665	7	4	24	0.4
id-14666	6	4	25	0.3
id-14667	7	6	19	0.4
id-14668	7	8	8	0.4
id-14669	3	2	15	0.2
id-14670	6	7	21	0.3
id-14671	8	13	30	0.2
id-14672	6	7	12	0.4
id-14673	2	3	25	0.4
id-14674	3	4	24	0.3
id-14675	7	7	12	0.4
id-14676	8	13	2	0.4
id-14677	3	4	2	0.4
id-14678	2	2	26	0.4
id-14679	5	4	11	0.3
id-14680	5	4	19	0.3
id-14681	8	15	26	0.2
id-14682	3	6	2	0.3
id-14683	2	4	30	0.5
id-14684	4	4	23	0.2
id-14685	10	5	23	0.2
id-14686	8	11	6	0.4
id-14687	6	4	1	0.3
id-14688	7	6	17	0.2
id-14689	6	7	6	0.3
id-14690	8	12	1	0.3
id-14691	2	4	18	0.5
id-14692	1	2	17	0.5
id-14693	7	8	28	0.4
id-14694	2	2	6	0.2
id-14695	2	4	28	0.3
id-14696	3	6	24	0.4
id-14697	7	8	1	0.3
id-14698	5	5	16	0.3
id-14699	8	7	23	0.4
id-14700	9	9	24	0.3
id-14701	7	7	17	0.4
id-14702	4	4	8	0.3
id-14703	8	11	20	0.3
id-14704	3	2	6	0.2
id-14705	2	3	27	0.3
id-14706	2	2	21	0.2
id-14707	8	9	10	0.3
id-14708	6	10	7	0.2
id-14709	9	12	15	0.4
id-14710	8	7	10	0.4
id-14711	3	5	4	0.5
id-14712	3	3	27	0.3
id-14713	7	10	6	0.3
id-14714	7	8	2	0.3
id-14715	2	3	10	0.3
id-14716	1	2	23	0.2
id-14717	5	8	28	0.3
id-14718	6	11	10	0.3
id-14719	1	2	12	0.4
id-14720	3	5	29	0.3
id-14721	4	3	26	0.2
id-14722	2	3	17	0.2
id-14723	4	3	29	0.2
id-14724	5	8	14	0.5
id-14725	2	3	6	0.4
id-14726	10	2	29	0.4
id-14727	3	2	1	0.5
id-14728	1	2	7	0.4
id-14729	6	9	14	0.4
id-14730	9	17	23	0.4
id-14731	1	2	28	0.3
id-14732	8	2	6	0.4
id-14733	1	2	17	0.4
id-14734	10	11	22	0.5
id-14735	10	18	23	0.3
id-14736	2	2	29	0.4
id-14737	1	2	12	0.3
id-14738	2	2	24	0.2
id-14739	5	9	4	0.3
id-14740	8	16	5	0.4
id-14741	7	9	12	0.4
id-14742	7	9	17	0.4
id-14743	2	4	30	0.4
id-14744	5	3	11	0.3
id-14745	3	2	12	0.5
id-14746	8	5	1	0.5
id-14747	2	2	4	0.3
id-14748	8	4	20	0.4
id-14749	7	7	5	0.2
id-14750	5	9	7	0.5
id-14751	6	11	30	0.3
id-14752	8	12	10	0.5
id-14753	7	5	7	0.4
id-14754	6	2	5	0.2
id-14755	2	2	9	0.3
id-14756	4	4	24	0.3
id-14757	3	2	24	0.3
id-14758	10	14	29	0.2
id-14759	8	15	28	0.3
id-14760	7	3	18	0.2
id-14761	9	10	12	0.4
id-14762	6	5	3	0.4
id-14763	1	2	17	0.5
id-14764	8	10	19	0.5
id-14765	10	7	22	0.3
id-14766	7	6	27	0.4
id-14767	3	4	5	0.4
id-14768	5	3	19	0.5
id-14769	1	2	12	0.4
id-14770	6	10	23	0.4
id-14771	9	6	21	0.2
id-14772	9	6	16	0.3
id-14773	4	5	10	0.5
id-14774	4	5	21	0.3
id-14775	10	12	1	0.2
id-14776	3	4	1	0.4
id-14777	8	13	4	0.3
id-14778	7	10	27	0.3
id-14779	6	5	9	0.2
id-14780	9	8	7	0.5
id-14781	2	2	22	0.3
id-14782	7	9	2	0.4
id-14783	10	17	10	0.2
id-14784	5	6	27	0.2
id-14785	1	2	9	0.4
id-14786	7	10	5	0.3
id-14787	5	8	28	0.3
id-14788	5	4	9	0.2
id-14789	3	3	19	0.3
id-14790	3	3	10	0.3
id-14791	1	2	7	0.4
id-14792	9	11	27	0.3
id-14793	7	12	30	0.4
id-14794	2	4	12	0.3
id-14795	10	8	11	0.3
id-14796	6	2	22	0.5
id-14797	2	4	15	0.4
id-14798	5	10	25	0.2
id-14799	5	10	7	0.4
id-14800	4	8	16	0.4
id-14801	5	2	6	0.2
id-14802	5	5	27	0.4
id-14803	4	2	17	0.4
id-14804	3	6	16	0.4
id-14805	1	2	25	0.4
id-14806	9	17	20	0.3
id-14807	9	2	20	0.3
id-14808	8	13	10	0.3
id-14809	8	10	16	0.4
id-14810	10	5	6	0.3
id-14811	7	9	29	0.5
id-14812	8	7	27	0.4
id-14813	3	4	15	0.5
id-14814	5	8	12	0.2
id-14815	2	3	26	0.3
id-14816	6	4	19	0.3
id-14817	1	2	28	0.4
id-14818	4	4	13	0.3
id-14819	8	2	11	0.5
id-14820	7	8	10	0.5
id-14821	7	12	1	0.5
id-14822	8	2	13	0.2
id-14823	1	2	5	0.2
id-14824	9	16	20	0.3
id-14825	9	6	15	0.3
id-14826	6	6	20	0.4
id-14827	9	5	4	0.5
id-14828	8	8	19	0.4
id-14829	9	4	25	0.4
id-14830	6	10	19	0.4
id-14831	2	4	28	0.3
id-14832	4	7	11	0.4
id-14833	1	2	24	0.4
id-14834	2	3	23	0.5
id-14835	2	3	26	0.2
id-14836	1	2	13	0.3
id-14837	8	5	4	0.3
id-14838	9	13	17	0.4
id-14839	1	2	29	0.3
id-14840	4	3	30	0.2
id-14841	6	4	7	0.4
id-14842	10	12	21	0.2
id-14843	9	12	20	0.5
id-14844	7	11	4	0.3
id-14845	6	2	26	0.3
id-14846	5	10	25	0.4
id-14847	7	13	21	0.5
id-14848	6	8	3	0.3
id-14849	3	3	4	0.2
id-14850	4	2	23	0.3
id-14851	4	3	27	0.4
id-14852	6	11	8	0.4
id-14853	9	16	21	0.4
id-14854	1	2	15	0.4
id-14855	5	9	8	0.4
id-14856	7	12	19	0.3
id-14857	3	6	25	0.2
id-14858	8	12	13	0.4
id-14859	5	6	28	0.2
id-14860	7	12	30	0.3
id-14861	2	4	17	0.5
id-14862	5	4	14	0.4
id-14863	9	5	30	0.5
id-14864	5	5	1	0.2
id-14865	2	3	15	0.4
id-14866	9	7	7	0.5
id-14867	5	4	7	0.3
id-14868	10	15	25	0.4
id-14869	5	7	4	0.3
id-14870	5	10	26	0.3
id-14871	1	2	12	0.3
id-14872	9	4	9	0.5
id-14873	4	3	4	0.4
id-14874	9	13	12	0.2
id-14875	8	13	2	0.3
id-14876	10	8	1	0.3
id-14877	6	3	8	0.3
id-14878	2	4	3	0.2
id-14879	2	2	22	0.3
id-14880	4	3	1	0.4
id-14881	6	4	30	0.3
id-14882	5	8	21	0.3
id-14883	10	13	29	0.4
id-14884	10	5	10	0.2
id-14885	10	18	25	0.3
id-14886	2	3	8	0.5
id-14887	7	6	15	0.3
id-14888	9	7	28	0.3
id-14889	7	13	16	0.3
id-14890	4	5	5	0.3
id-14891	1	2	21	0.3
id-14892	5	3	10	0.3
id-14893	9	9	27	0.3
id-14894	4	8	18	0.4
id-14895	4	7	23	0.4
id-14896	9	11	8	0.3
id-14897	10	20	12	0.2
id-14898	2	2	17	0.5
id-14899	6	11	8	0.2
id-14900	6	5	14	0.4
id-14901	6	11	27	0.5
id-14902	5	2	10	0.3
id-14903	4	4	6	0.4
id-14904	8	7	20	0.4
id-14905	8	11	8	0.4
id-14906	6	6	13	0.5
id-14907	6	7	18	0.2
id-14908	8	4	1	0.4
id-14909	9	15	20	0.4
id-14910	8	16	15	0.4
id-14911	9	7	20	0.4
id-14912	7	11	26	0.5
id-14913	3	6	3	0.4
id-14914	5	5	6	0.3
id-14915	4	4	22	0.5
id-14916	8	11	27	0.5
id-14917	5	7	20	0.3
id-14918	10	14	25	0.5
id-14919	1	2	2	0.5
id-14920	4	8	1	0.2
id-14921	1	2	19	0.4
id-14922	8	5	13	0.4
id-14923	1	2	19	0.4
id-14924	3	4	8	0.2
id-14925	10	2	5	0.5
id-14926	10	10	21	0.2
id-14927	6	8	20	0.4
id-14928	4	5	12	0.4
id-14929	7	3	7	0.4
id-14930	7	6	14	0.4
id-14931	7	12	17	0.5
id-14932	8	7	29	0.3
id-14933	2	2	12	0.4
id-14934	10	17	22	0.4
id-14935	1	2	25	0.4
id-14936	8	8	11	0.4
id-14937	3	2	19	0.4
id-14938	2	4	3	0.2
id-14939	7	8	13	0.4
id-14940	3	6	28	0.2
id-14941	10	12	5	0.2
id-14942	8	13	8	0.2
id-14943	10	12	28	0.4
id-14944	4	2	29	0.4
id-14945	5	8	1	0.5
id-14946	7	9	8	0.3
id-14947	2	4	14	0.4
id-14948	3	6	10	0.2
id-14949	2	4	30	0.3
id-14950	1	2	22	0.3
id-14951	6	6	7	0.4
id-14952	8	9	7	0.5
id-14953	4	4	18	0.3
id-14954	4	4	24	0.3
id-14955	8	4	2	0.4
id-14956	2	4	26	0.4
id-14957	7	6	21	0.3
id-14958	3	4	13	0.4
id-14959	9	7	6	0.3
id-14960	7	9	10	0.3
id-14961	8	11	3	0.5
id-14962	3	4	20	0.3
id-14963	8	11	22	0.5
id-14964	4	4	25	0.5
id-14965	6	11	13	0.5
id-14966	8	8	2	0.3
id-14967	9	15	17	0.3
id-14968	6	3	30	0.4
id-14969	3	6	15	0.3
id-14970	2	3	13	0.3
id-14971	7	12	2	0.3
id-14972	2	3	14	0.4
id-14973	2	4	14	0.4
id-14974	5	3	18	0.3
id-14975	9	7	11	0.3
id-14976	6	12	11	0.5
id-14977	8	16	6	0.3
id-14978	8	4	6	0.3
id-14979	9	18	12	0.5
id-14980	2	2	17	0.3
id-14981	1	2	28	0.4
id-14982	5	7	8	0.4
id-14983	3	6	14	0.3
id-14984	6	7	24	0.3
id-14985	4	3	29	0.5
id-14986	9	7	1	0.3
id-14987	3	4	8	0.3
id-14988	9	2	24	0.3
id-14989	3	6	12	0.5
id-14990	7	8	14	0.2
id-14991	9	11	27	0.5
id-14992	1	2	23	0.3
id-14993	6	6	19	0.3
id-14994	4	3	9	0.3
id-14995	5	8	8	0.5
id-14996	9	3	2	0.5
id-14997	1	2	6	0.4
id-14998	4	7	5	0.4
id-14999	2	2	11	0.3
id-15000	1	2	15	0.4
id-15001	9	8	8	0.5
id-15002	10	14	28	0.3
id-15003	8	14	8	0.4
id-15004	2	4	26	0.4
id-15005	4	5	21	0.3
id-15006	10	6	2	0.2
id-15007	10	9	21	0.2
id-15008	8	8	7	0.2
id-15009	2	2	1	0.3
id-15010	6	6	17	0.2
id-15011	8	16	13	0.3
id-15012	5	8	6	0.5
id-15013	4	2	6	0.4
id-15014	1	2	17	0.3
id-15015	7	8	13	0.4
id-15016	8	11	26	0.4
id-15017	4	6	3	0.2
id-15018	4	6	22	0.5
id-15019	2	4	21	0.2
id-15020	10	8	22	0.4
id-15021	2	2	3	0.4
id-15022	2	3	4	0.3
id-15023	9	7	28	0.3
id-15024	8	15	30	0.4
id-15025	6	4	16	0.3
id-15026	3	6	26	0.5
id-15027	9	17	22	0.4
id-15028	8	8	13	0.3
id-15029	2	2	11	0.2
id-15030	3	3	5	0.4
id-15031	7	5	22	0.5
id-15032	1	2	22	0.5
id-15033	6	8	14	0.5
id-15034	8	3	27	0.4
id-15035	9	10	19	0.3
id-15036	3	4	3	0.4
id-15037	10	7	22	0.5
id-15038	1	2	19	0.3
id-15039	5	3	6	0.5
id-15040	2	3	19	0.3
id-15041	9	2	7	0.4
id-15042	8	10	22	0.3
id-15043	3	5	1	0.2
id-15044	9	8	12	0.4
id-15045	9	12	8	0.4
id-15046	8	16	16	0.4
id-15047	6	9	11	0.4
id-15048	7	4	21	0.4
id-15049	8	11	9	0.4
id-15050	7	3	26	0.3
id-15051	5	6	15	0.4
id-15052	5	10	27	0.4
id-15053	9	12	7	0.4
id-15054	8	3	3	0.3
id-15055	3	4	8	0.3
id-15056	3	6	30	0.5
id-15057	3	2	10	0.3
id-15058	6	6	23	0.3
id-15059	8	13	13	0.3
id-15060	8	13	13	0.3
id-15061	1	2	18	0.3
id-15062	9	16	11	0.4
id-15063	1	2	12	0.3
id-15064	10	16	4	0.4
id-15065	3	4	28	0.4
id-15066	7	9	3	0.5
id-15067	3	2	18	0.3
id-15068	4	2	12	0.3
id-15069	2	4	2	0.2
id-15070	2	4	20	0.3
id-15071	9	12	17	0.4
id-15072	1	2	7	0.5
id-15073	8	13	1	0.2
id-15074	1	2	11	0.2
id-15075	8	14	21	0.4
id-15076	1	2	5	0.5
id-15077	4	6	29	0.4
id-15078	4	8	15	0.3
id-15079	1	2	12	0.4
id-15080	2	2	14	0.3
id-15081	3	5	26	0.5
id-15082	3	6	10	0.4
id-15083	1	2	6	0.3
id-15084	9	8	3	0.3
id-15085	6	5	20	0.4
id-15086	4	5	14	0.3
id-15087	1	2	25	0.3
id-15088	7	9	11	0.3
id-15089	7	11	1	0.5
id-15090	6	6	10	0.4
id-15091	5	10	19	0.3
id-15092	5	7	12	0.2
id-15093	4	4	13	0.5
id-15094	2	4	17	0.3
id-15095	3	4	16	0.4
id-15096	2	3	10	0.3
id-15097	5	8	26	0.3
id-15098	2	3	2	0.4
id-15099	9	3	17	0.2
id-15100	2	4	1	0.2
id-15101	1	2	1	0.4
id-15102	3	5	18	0.4
id-15103	8	12	1	0.5
id-15104	9	2	12	0.3
id-15105	6	7	11	0.5
id-15106	9	15	19	0.4
id-15107	9	17	24	0.4
id-15108	9	16	16	0.4
id-15109	3	4	30	0.3
id-15110	2	4	7	0.4
id-15111	7	10	12	0.4
id-15112	6	3	6	0.4
id-15113	9	2	4	0.3
id-15114	8	6	23	0.2
id-15115	1	2	15	0.4
id-15116	7	4	16	0.4
id-15117	6	9	21	0.4
id-15118	9	10	15	0.5
id-15119	5	10	29	0.5
id-15120	10	10	19	0.3
id-15121	7	4	5	0.5
id-15122	4	8	15	0.3
id-15123	9	17	1	0.3
id-15124	10	4	6	0.3
id-15125	10	18	23	0.4
id-15126	1	2	1	0.4
id-15127	5	6	9	0.3
id-15128	9	2	16	0.4
id-15129	3	5	27	0.3
id-15130	10	8	21	0.3
id-15131	5	10	14	0.3
id-15132	1	2	26	0.2
id-15133	8	16	6	0.3
id-15134	7	7	9	0.2
id-15135	1	2	19	0.4
id-15136	4	5	20	0.3
id-15137	4	2	12	0.3
id-15138	4	6	20	0.3
id-15139	3	3	17	0.5
id-15140	2	4	26	0.5
id-15141	3	6	27	0.4
id-15142	6	6	17	0.3
id-15143	10	20	5	0.5
id-15144	10	15	15	0.3
id-15145	1	2	16	0.2
id-15146	8	2	9	0.4
id-15147	3	2	10	0.5
id-15148	3	3	7	0.2
id-15149	4	7	16	0.3
id-15150	1	2	25	0.5
id-15151	6	8	19	0.2
id-15152	4	3	29	0.3
id-15153	10	19	16	0.4
id-15154	6	2	13	0.4
id-15155	1	2	27	0.4
id-15156	5	5	24	0.4
id-15157	4	3	27	0.4
id-15158	3	5	28	0.2
id-15159	4	2	15	0.4
id-15160	7	7	21	0.3
id-15161	6	8	21	0.5
id-15162	4	3	12	0.3
id-15163	3	4	11	0.4
id-15164	3	2	16	0.5
id-15165	10	17	1	0.3
id-15166	9	15	18	0.3
id-15167	8	9	13	0.5
id-15168	2	3	9	0.5
id-15169	2	2	8	0.4
id-15170	3	6	11	0.4
id-15171	3	6	8	0.3
id-15172	1	2	21	0.3
id-15173	10	3	1	0.3
id-15174	5	10	2	0.2
id-15175	9	7	13	0.4
id-15176	1	2	29	0.4
id-15177	5	8	13	0.2
id-15178	6	3	12	0.4
id-15179	5	6	24	0.3
id-15180	8	11	17	0.3
id-15181	2	2	20	0.3
id-15182	4	8	20	0.3
id-15183	3	2	21	0.5
id-15184	7	9	20	0.3
id-15185	2	3	17	0.5
id-15186	4	5	24	0.2
id-15187	3	6	14	0.4
id-15188	7	12	5	0.5
id-15189	2	3	7	0.5
id-15190	9	15	22	0.3
id-15191	6	2	19	0.4
id-15192	3	4	7	0.4
id-15193	5	9	8	0.5
id-15194	3	2	4	0.4
id-15195	6	5	14	0.4
id-15196	5	9	13	0.3
id-15197	7	13	11	0.4
id-15198	3	5	6	0.2
id-15199	1	2	3	0.4
id-15200	6	4	13	0.4
id-15201	10	9	19	0.2
id-15202	7	12	5	0.5
id-15203	2	4	17	0.3
id-15204	6	3	12	0.4
id-15205	9	11	26	0.3
id-15206	8	2	10	0.4
id-15207	10	5	4	0.4
id-15208	1	2	8	0.2
id-15209	3	2	14	0.4
id-15210	2	3	11	0.2
id-15211	6	3	11	0.4
id-15212	10	4	27	0.3
id-15213	7	4	19	0.2
id-15214	5	8	5	0.3
id-15215	2	4	7	0.2
id-15216	5	5	19	0.2
id-15217	3	2	12	0.4
id-15218	8	4	29	0.3
id-15219	10	11	25	0.3
id-15220	4	4	3	0.5
id-15221	8	13	28	0.3
id-15222	7	12	30	0.2
id-15223	3	6	12	0.5
id-15224	10	5	2	0.4
id-15225	10	5	24	0.4
id-15226	2	2	17	0.3
id-15227	4	2	4	0.4
id-15228	6	10	1	0.3
id-15229	5	7	6	0.3
id-15230	9	8	26	0.5
id-15231	2	4	19	0.4
id-15232	7	9	13	0.2
id-15233	6	8	1	0.5
id-15234	9	13	20	0.3
id-15235	2	3	7	0.3
id-15236	2	2	27	0.5
id-15237	1	2	6	0.4
id-15238	6	7	20	0.4
id-15239	10	8	30	0.2
id-15240	8	6	13	0.5
id-15241	6	4	1	0.3
id-15242	6	4	7	0.4
id-15243	4	2	6	0.4
id-15244	10	4	10	0.5
id-15245	5	7	27	0.2
id-15246	4	6	22	0.3
id-15247	8	8	23	0.2
id-15248	1	2	14	0.2
id-15249	1	2	24	0.5
id-15250	3	4	11	0.5
id-15251	6	9	5	0.4
id-15252	5	4	12	0.3
id-15253	6	11	13	0.3
id-15254	3	4	12	0.4
id-15255	8	7	30	0.3
id-15256	8	15	28	0.3
id-15257	10	4	12	0.4
id-15258	3	2	7	0.4
id-15259	10	17	23	0.4
id-15260	9	5	27	0.3
id-15261	5	9	13	0.2
id-15262	1	2	14	0.3
id-15263	9	11	7	0.3
id-15264	4	3	29	0.2
id-15265	3	2	5	0.2
id-15266	7	11	27	0.3
id-15267	6	9	26	0.2
id-15268	7	7	27	0.3
id-15269	2	4	3	0.5
id-15270	10	8	12	0.4
id-15271	8	5	20	0.4
id-15272	8	14	15	0.4
id-15273	9	9	14	0.4
id-15274	10	5	24	0.4
id-15275	1	2	28	0.2
id-15276	5	2	5	0.4
id-15277	1	2	26	0.4
id-15278	5	6	13	0.4
id-15279	5	7	23	0.2
id-15280	6	7	4	0.2
id-15281	9	14	3	0.2
id-15282	1	2	25	0.3
id-15283	7	12	14	0.5
id-15284	3	6	17	0.3
id-15285	5	7	18	0.5
id-15286	3	2	23	0.3
id-15287	8	12	30	0.2
id-15288	4	8	29	0.4
id-15289	7	3	10	0.2
id-15290	4	2	16	0.4
id-15291	1	2	9	0.3
id-15292	6	4	19	0.4
id-15293	6	10	21	0.4
id-15294	10	6	17	0.2
id-15295	8	16	29	0.5
id-15296	3	5	30	0.2
id-15297	5	9	7	0.3
id-15298	9	2	21	0.2
id-15299	9	11	3	0.2
id-15300	10	7	3	0.4
id-15301	8	15	30	0.5
id-15302	10	13	17	0.5
id-15303	3	3	27	0.4
id-15304	3	5	21	0.4
id-15305	8	9	25	0.2
id-15306	7	9	7	0.5
id-15307	10	7	2	0.3
id-15308	5	2	19	0.4
id-15309	8	7	13	0.4
id-15310	1	2	13	0.4
id-15311	1	2	24	0.5
id-15312	10	13	16	0.2
id-15313	9	10	18	0.5
id-15314	7	12	22	0.2
id-15315	8	11	27	0.3
id-15316	4	5	16	0.3
id-15317	4	6	24	0.4
id-15318	10	18	22	0.5
id-15319	6	10	28	0.4
id-15320	6	3	5	0.2
id-15321	4	6	4	0.3
id-15322	2	2	28	0.5
id-15323	7	3	17	0.4
id-15324	9	18	8	0.2
id-15325	2	3	23	0.3
id-15326	1	2	25	0.2
id-15327	8	6	23	0.2
id-15328	8	15	4	0.4
id-15329	5	3	14	0.5
id-15330	6	6	9	0.5
id-15331	5	10	18	0.3
id-15332	8	14	21	0.4
id-15333	5	8	17	0.4
id-15334	5	8	2	0.5
id-15335	3	3	21	0.4
id-15336	10	5	8	0.3
id-15337	6	3	16	0.3
id-15338	1	2	5	0.2
id-15339	1	2	3	0.4
id-15340	1	2	24	0.2
id-15341	2	4	26	0.4
id-15342	3	3	13	0.5
id-15343	2	4	12	0.5
id-15344	10	2	3	0.3
id-15345	7	12	26	0.4
id-15346	5	4	27	0.4
id-15347	8	8	25	0.4
id-15348	9	7	23	0.4
id-15349	7	5	1	0.2
id-15350	10	4	22	0.3
id-15351	8	4	21	0.3
id-15352	1	2	26	0.3
id-15353	10	20	30	0.4
id-15354	4	8	24	0.2
id-15355	8	3	13	0.5
id-15356	4	7	22	0.5
id-15357	10	20	18	0.3
id-15358	6	6	25	0.4
id-15359	3	6	3	0.4
id-15360	10	11	12	0.4
id-15361	5	5	8	0.2
id-15362	8	10	23	0.5
id-15363	2	2	11	0.4
id-15364	4	7	7	0.2
id-15365	5	7	11	0.4
id-15366	10	18	18	0.4
id-15367	9	16	24	0.2
id-15368	10	15	21	0.3
id-15369	7	7	28	0.5
id-15370	10	10	1	0.4
id-15371	6	12	8	0.3
id-15372	1	2	6	0.3
id-15373	2	4	14	0.5
id-15374	2	4	13	0.3
id-15375	1	2	21	0.3
id-15376	1	2	24	0.3
id-15377	3	3	16	0.3
id-15378	5	3	2	0.4
id-15379	7	4	3	0.2
id-15380	6	12	1	0.2
id-15381	8	8	10	0.3
id-15382	8	6	23	0.2
id-15383	3	2	5	0.4
id-15384	7	10	27	0.3
id-15385	1	2	19	0.3
id-15386	10	12	1	0.3
id-15387	7	4	17	0.5
id-15388	8	5	14	0.4
id-15389	8	12	26	0.3
id-15390	8	6	20	0.2
id-15391	5	7	4	0.3
id-15392	10	12	21	0.4
id-15393	8	8	26	0.4
id-15394	3	3	13	0.3
id-15395	4	7	2	0.4
id-15396	9	10	28	0.4
id-15397	2	2	9	0.5
id-15398	4	6	21	0.5
id-15399	9	15	14	0.4
id-15400	7	5	24	0.2
id-15401	2	3	30	0.2
id-15402	4	3	26	0.3
id-15403	10	2	26	0.2
id-15404	5	7	11	0.5
id-15405	4	8	24	0.4
id-15406	7	10	17	0.4
id-15407	3	3	26	0.4
id-15408	10	6	25	0.3
id-15409	1	2	27	0.5
id-15410	8	11	1	0.5
id-15411	1	2	2	0.2
id-15412	3	3	3	0.4
id-15413	8	3	23	0.5
id-15414	2	2	10	0.4
id-15415	5	3	17	0.2
id-15416	8	11	11	0.3
id-15417	5	8	16	0.3
id-15418	6	5	30	0.4
id-15419	3	4	3	0.4
id-15420	5	7	18	0.2
id-15421	10	19	10	0.4
id-15422	3	5	8	0.3
id-15423	2	4	1	0.5
id-15424	3	4	8	0.4
id-15425	9	3	30	0.4
id-15426	7	11	12	0.2
id-15427	4	4	2	0.3
id-15428	2	2	1	0.4
id-15429	3	3	1	0.5
id-15430	9	12	16	0.3
id-15431	2	2	16	0.5
id-15432	7	10	1	0.3
id-15433	1	2	11	0.4
id-15434	6	6	19	0.4
id-15435	7	7	30	0.2
id-15436	6	4	24	0.3
id-15437	3	3	14	0.5
id-15438	1	2	2	0.2
id-15439	8	12	11	0.5
id-15440	8	3	18	0.4
id-15441	1	2	15	0.4
id-15442	4	3	28	0.4
id-15443	10	11	15	0.2
id-15444	4	4	29	0.5
id-15445	9	15	8	0.3
id-15446	9	15	20	0.2
id-15447	6	9	12	0.4
id-15448	3	3	19	0.4
id-15449	7	4	30	0.4
id-15450	2	3	8	0.3
id-15451	9	18	4	0.4
id-15452	4	3	10	0.3
id-15453	3	2	24	0.3
id-15454	1	2	12	0.4
id-15455	7	8	10	0.3
id-15456	10	11	22	0.5
id-15457	5	10	16	0.2
id-15458	7	12	17	0.5
id-15459	7	2	3	0.3
id-15460	7	8	7	0.5
id-15461	10	10	13	0.5
id-15462	9	6	21	0.3
id-15463	6	3	15	0.4
id-15464	6	5	1	0.3
id-15465	7	3	7	0.5
id-15466	4	5	22	0.2
id-15467	9	10	10	0.4
id-15468	6	2	4	0.3
id-15469	7	6	10	0.4
id-15470	4	4	15	0.4
id-15471	9	7	13	0.5
id-15472	5	6	14	0.2
id-15473	1	2	12	0.4
id-15474	8	13	12	0.3
id-15475	3	2	20	0.4
id-15476	4	5	7	0.4
id-15477	9	16	2	0.2
id-15478	3	3	18	0.3
id-15479	9	11	28	0.3
id-15480	7	2	1	0.2
id-15481	9	16	21	0.3
id-15482	4	2	4	0.3
id-15483	7	7	14	0.5
id-15484	5	3	23	0.3
id-15485	6	2	2	0.5
id-15486	3	6	27	0.3
id-15487	1	2	25	0.3
id-15488	6	5	22	0.4
id-15489	2	2	5	0.4
id-15490	4	2	25	0.3
id-15491	6	10	9	0.2
id-15492	6	2	24	0.2
id-15493	1	2	7	0.4
id-15494	7	12	15	0.4
id-15495	1	2	15	0.5
id-15496	8	15	12	0.3
id-15497	6	8	15	0.4
id-15498	10	10	5	0.5
id-15499	9	7	19	0.4
id-15500	10	3	24	0.4
id-15501	1	2	11	0.3
id-15502	9	4	14	0.2
id-15503	2	3	5	0.5
id-15504	4	7	18	0.5
id-15505	10	12	2	0.3
id-15506	10	19	3	0.3
id-15507	1	2	22	0.4
id-15508	1	2	11	0.4
id-15509	8	2	17	0.5
id-15510	2	4	17	0.3
id-15511	9	15	11	0.5
id-15512	6	4	15	0.4
id-15513	9	3	8	0.3
id-15514	2	2	20	0.4
id-15515	6	4	10	0.4
id-15516	9	11	23	0.5
id-15517	4	7	29	0.2
id-15518	1	2	15	0.3
id-15519	10	11	15	0.4
id-15520	10	17	23	0.4
id-15521	6	7	25	0.2
id-15522	10	17	7	0.2
id-15523	1	2	5	0.3
id-15524	6	4	4	0.3
id-15525	6	2	29	0.5
id-15526	8	7	19	0.4
id-15527	8	2	22	0.4
id-15528	7	4	18	0.2
id-15529	4	3	10	0.4
id-15530	3	4	15	0.2
id-15531	1	2	12	0.5
id-15532	2	4	10	0.3
id-15533	2	3	21	0.4
id-15534	10	11	5	0.3
id-15535	9	7	17	0.5
id-15536	2	2	14	0.4
id-15537	5	7	3	0.4
id-15538	9	18	8	0.5
id-15539	6	12	7	0.2
id-15540	2	3	9	0.2
id-15541	4	6	9	0.2
id-15542	2	4	3	0.5
id-15543	2	4	29	0.4
id-15544	4	8	16	0.3
id-15545	9	16	7	0.5
id-15546	10	12	20	0.3
id-15547	1	2	17	0.4
id-15548	9	15	14	0.2
id-15549	1	2	21	0.3
id-15550	9	6	18	0.4
id-15551	6	9	20	0.4
id-15552	1	2	29	0.4
id-15553	10	17	28	0.4
id-15554	2	3	26	0.3
id-15555	4	3	24	0.4
id-15556	7	13	22	0.3
id-15557	1	2	17	0.5
id-15558	10	13	8	0.4
id-15559	4	5	18	0.4
id-15560	1	2	28	0.2
id-15561	5	4	26	0.5
id-15562	9	7	29	0.3
id-15563	9	11	3	0.3
id-15564	9	3	27	0.3
id-15565	4	3	17	0.2
id-15566	5	10	23	0.4
id-15567	6	11	9	0.5
id-15568	9	6	11	0.4
id-15569	5	8	22	0.3
id-15570	10	14	10	0.5
id-15571	6	10	5	0.3
id-15572	6	3	8	0.4
id-15573	2	2	7	0.2
id-15574	1	2	14	0.4
id-15575	6	7	7	0.4
id-15576	6	6	26	0.4
id-15577	2	2	6	0.2
id-15578	7	4	6	0.3
id-15579	6	3	10	0.2
id-15580	9	7	27	0.5
id-15581	7	5	22	0.4
id-15582	7	5	10	0.4
id-15583	10	20	20	0.4
id-15584	8	6	1	0.4
id-15585	5	5	15	0.2
id-15586	3	2	18	0.2
id-15587	2	4	28	0.3
id-15588	10	10	13	0.4
id-15589	5	3	18	0.2
id-15590	6	9	29	0.3
id-15591	9	13	7	0.4
id-15592	7	4	12	0.3
id-15593	1	2	1	0.3
id-15594	9	7	22	0.2
id-15595	7	11	26	0.3
id-15596	8	5	30	0.3
id-15597	7	7	14	0.3
id-15598	8	13	21	0.3
id-15599	10	5	1	0.3
id-15600	8	5	2	0.4
id-15601	6	3	4	0.4
id-15602	2	3	28	0.3
id-15603	6	2	26	0.5
id-15604	1	2	26	0.4
id-15605	8	11	26	0.4
id-15606	4	2	6	0.4
id-15607	4	8	25	0.4
id-15608	2	3	8	0.4
id-15609	4	7	20	0.2
id-15610	3	3	4	0.3
id-15611	9	15	16	0.3
id-15612	7	7	21	0.4
id-15613	5	2	3	0.3
id-15614	7	11	21	0.2
id-15615	6	11	28	0.3
id-15616	5	6	6	0.2
id-15617	2	2	25	0.2
id-15618	2	2	30	0.5
id-15619	3	6	19	0.3
id-15620	10	17	4	0.3
id-15621	9	14	2	0.3
id-15622	3	4	24	0.2
id-15623	7	9	14	0.4
id-15624	6	7	4	0.4
id-15625	1	2	16	0.3
id-15626	6	10	25	0.3
id-15627	3	3	13	0.4
id-15628	6	7	8	0.3
id-15629	9	13	8	0.2
id-15630	4	3	19	0.3
id-15631	6	11	29	0.4
id-15632	7	8	22	0.3
id-15633	4	4	13	0.5
id-15634	5	9	2	0.3
id-15635	5	10	12	0.5
id-15636	10	13	2	0.4
id-15637	1	2	17	0.2
id-15638	3	6	3	0.5
id-15639	7	5	25	0.2
id-15640	7	7	16	0.3
id-15641	5	7	10	0.3
id-15642	6	6	21	0.3
id-15643	10	10	1	0.5
id-15644	2	4	8	0.2
id-15645	8	15	28	0.2
id-15646	2	2	25	0.5
id-15647	8	5	20	0.4
id-15648	6	4	3	0.3
id-15649	1	2	16	0.3
id-15650	5	6	3	0.3
id-15651	6	11	13	0.4
id-15652	2	3	21	0.5
id-15653	1	2	10	0.2
id-15654	9	12	26	0.2
id-15655	6	12	10	0.2
id-15656	2	4	10	0.3
id-15657	3	4	5	0.5
id-15658	7	12	6	0.5
id-15659	7	14	10	0.4
id-15660	7	5	8	0.3
id-15661	10	9	15	0.3
id-15662	3	3	26	0.3
id-15663	8	3	11	0.4
id-15664	6	8	23	0.4
id-15665	10	2	23	0.2
id-15666	4	6	19	0.5
id-15667	5	7	8	0.2
id-15668	6	7	23	0.3
id-15669	3	5	23	0.4
id-15670	6	6	27	0.5
id-15671	4	8	29	0.3
id-15672	1	2	30	0.3
id-15673	1	2	25	0.2
id-15674	7	4	30	0.3
id-15675	7	9	27	0.4
id-15676	10	5	22	0.2
id-15677	5	3	4	0.3
id-15678	8	11	23	0.3
id-15679	7	7	8	0.4
id-15680	8	14	6	0.2
id-15681	1	2	25	0.3
id-15682	4	3	3	0.5
id-15683	7	14	2	0.4
id-15684	8	12	8	0.3
id-15685	8	14	18	0.5
id-15686	4	5	6	0.3
id-15687	5	2	16	0.3
id-15688	1	2	10	0.5
id-15689	2	2	18	0.4
id-15690	9	6	16	0.4
id-15691	10	6	1	0.3
id-15692	3	2	21	0.3
id-15693	10	11	10	0.3
id-15694	7	2	7	0.3
id-15695	9	15	25	0.2
id-15696	4	4	27	0.3
id-15697	4	6	2	0.3
id-15698	4	8	8	0.3
id-15699	1	2	7	0.3
id-15700	4	2	11	0.5
id-15701	10	9	6	0.5
id-15702	1	2	12	0.2
id-15703	7	4	9	0.3
id-15704	3	3	26	0.3
id-15705	7	4	14	0.2
id-15706	5	8	13	0.5
id-15707	5	9	25	0.4
id-15708	1	2	29	0.4
id-15709	8	11	23	0.2
id-15710	6	3	11	0.2
id-15711	2	3	13	0.3
id-15712	5	9	11	0.2
id-15713	7	12	7	0.3
id-15714	7	12	5	0.3
id-15715	4	7	2	0.4
id-15716	6	2	26	0.4
id-15717	2	4	30	0.2
id-15718	6	7	1	0.3
id-15719	3	5	13	0.5
id-15720	7	11	10	0.5
id-15721	10	10	14	0.4
id-15722	4	4	19	0.3
id-15723	4	4	22	0.4
id-15724	5	10	12	0.3
id-15725	1	2	12	0.4
id-15726	7	12	17	0.5
id-15727	1	2	7	0.5
id-15728	8	13	8	0.5
id-15729	5	4	4	0.3
id-15730	4	4	8	0.3
id-15731	3	2	13	0.3
id-15732	2	3	7	0.2
id-15733	5	8	3	0.3
id-15734	10	5	19	0.2
id-15735	7	3	14	0.4
id-15736	10	2	29	0.4
id-15737	8	3	6	0.4
id-15738	6	4	25	0.3
id-15739	3	3	12	0.4
id-15740	4	8	18	0.3
id-15741	5	6	6	0.3
id-15742	2	3	26	0.5
id-15743	4	4	10	0.5
id-15744	6	10	10	0.3
id-15745	6	4	5	0.4
id-15746	1	2	30	0.4
id-15747	9	15	1	0.4
id-15748	2	2	16	0.4
id-15749	1	2	23	0.5
id-15750	3	3	30	0.3
id-15751	1	2	28	0.3
id-15752	5	8	16	0.2
id-15753	8	4	7	0.3
id-15754	4	5	14	0.3
id-15755	9	8	10	0.3
id-15756	10	2	26	0.3
id-15757	5	9	8	0.2
id-15758	6	6	18	0.3
id-15759	2	4	17	0.4
id-15760	1	2	6	0.4
id-15761	3	3	6	0.4
id-15762	2	3	20	0.4
id-15763	6	9	19	0.4
id-15764	10	18	10	0.3
id-15765	7	10	24	0.4
id-15766	2	4	3	0.4
id-15767	5	6	24	0.3
id-15768	8	14	11	0.4
id-15769	7	5	8	0.4
id-15770	2	2	25	0.4
id-15771	4	8	9	0.3
id-15772	6	3	26	0.4
id-15773	4	6	16	0.5
id-15774	7	4	3	0.2
id-15775	2	2	5	0.4
id-15776	7	11	3	0.3
id-15777	10	18	3	0.2
id-15778	5	7	14	0.2
id-15779	10	14	6	0.3
id-15780	3	2	3	0.4
id-15781	4	8	27	0.4
id-15782	4	6	28	0.5
id-15783	4	4	20	0.4
id-15784	6	7	3	0.3
id-15785	7	12	2	0.3
id-15786	6	7	5	0.4
id-15787	7	13	24	0.2
id-15788	9	14	27	0.4
id-15789	1	2	1	0.4
id-15790	6	7	2	0.5
id-15791	10	6	10	0.4
id-15792	10	8	16	0.3
id-15793	4	5	15	0.3
id-15794	7	8	27	0.5
id-15795	3	5	26	0.2
id-15796	5	5	24	0.2
id-15797	1	2	5	0.5
id-15798	8	7	17	0.4
id-15799	8	15	4	0.2
id-15800	5	7	15	0.3
id-15801	9	17	29	0.3
id-15802	9	12	23	0.3
id-15803	4	3	26	0.2
id-15804	6	10	30	0.3
id-15805	9	9	21	0.4
id-15806	10	7	14	0.2
id-15807	3	3	5	0.2
id-15808	5	5	13	0.5
id-15809	6	7	27	0.4
id-15810	10	6	26	0.3
id-15811	6	10	5	0.4
id-15812	4	3	22	0.3
id-15813	1	2	18	0.3
id-15814	8	13	12	0.5
id-15815	7	4	28	0.4
id-15816	9	4	24	0.5
id-15817	9	3	7	0.4
id-15818	4	7	26	0.3
id-15819	7	5	16	0.4
id-15820	1	2	12	0.4
id-15821	3	2	25	0.3
id-15822	9	18	30	0.5
id-15823	7	5	25	0.3
id-15824	9	11	1	0.5
id-15825	3	4	20	0.3
id-15826	5	10	13	0.3
id-15827	2	2	11	0.4
id-15828	8	6	23	0.4
id-15829	1	2	25	0.4
id-15830	2	2	6	0.4
id-15831	2	2	23	0.5
id-15832	4	2	2	0.5
id-15833	4	6	17	0.3
id-15834	1	2	21	0.4
id-15835	2	2	23	0.3
id-15836	8	13	7	0.4
id-15837	1	2	23	0.5
id-15838	6	8	30	0.3
id-15839	8	10	1	0.2
id-15840	4	5	7	0.5
id-15841	4	7	30	0.4
id-15842	10	13	6	0.4
id-15843	7	10	3	0.4
id-15844	5	3	28	0.3
id-15845	10	6	23	0.4
id-15846	10	15	13	0.4
id-15847	6	4	12	0.3
id-15848	1	2	6	0.4
id-15849	6	11	24	0.3
id-15850	3	5	13	0.5
id-15851	8	12	28	0.3
id-15852	7	13	25	0.2
id-15853	6	4	19	0.5
id-15854	4	5	14	0.4
id-15855	5	10	2	0.3
id-15856	9	2	14	0.2
id-15857	9	2	6	0.5
id-15858	7	10	2	0.2
id-15859	2	4	15	0.4
id-15860	3	5	11	0.5
id-15861	9	12	20	0.3
id-15862	5	10	4	0.4
id-15863	8	6	16	0.4
id-15864	8	3	19	0.2
id-15865	1	2	13	0.3
id-15866	9	11	24	0.3
id-15867	10	9	27	0.4
id-15868	10	16	24	0.4
id-15869	8	13	10	0.2
id-15870	7	14	2	0.4
id-15871	10	3	19	0.4
id-15872	7	9	17	0.5
id-15873	7	7	9	0.4
id-15874	7	14	19	0.4
id-15875	8	5	28	0.4
id-15876	4	4	11	0.2
id-15877	5	10	5	0.2
id-15878	5	4	29	0.5
id-15879	5	5	16	0.4
id-15880	9	15	25	0.4
id-15881	3	6	7	0.3
id-15882	3	5	30	0.4
id-15883	8	14	1	0.5
id-15884	6	9	28	0.2
id-15885	1	2	27	0.3
id-15886	5	4	20	0.4
id-15887	4	6	23	0.4
id-15888	6	4	7	0.4
id-15889	3	6	16	0.4
id-15890	1	2	11	0.2
id-15891	7	11	27	0.3
id-15892	3	4	8	0.4
id-15893	2	2	5	0.3
id-15894	5	3	22	0.4
id-15895	8	7	20	0.4
id-15896	5	2	21	0.2
id-15897	1	2	6	0.2
id-15898	9	2	18	0.3
id-15899	8	3	30	0.3
id-15900	6	2	6	0.4
id-15901	1	2	7	0.4
id-15902	4	6	5	0.5
id-15903	7	7	10	0.4
id-15904	3	2	20	0.2
id-15905	10	4	22	0.2
id-15906	8	3	27	0.5
id-15907	6	5	16	0.2
id-15908	8	12	8	0.4
id-15909	4	6	24	0.2
id-15910	8	15	2	0.3
id-15911	4	7	16	0.3
id-15912	3	5	7	0.5
id-15913	5	7	30	0.4
id-15914	3	4	15	0.3
id-15915	2	2	28	0.2
id-15916	7	4	27	0.4
id-15917	9	16	26	0.4
id-15918	9	11	30	0.4
id-15919	9	18	28	0.2
id-15920	8	4	25	0.3
id-15921	4	7	29	0.4
id-15922	4	2	19	0.5
id-15923	6	11	20	0.3
id-15924	6	4	27	0.5
id-15925	3	4	10	0.3
id-15926	5	5	11	0.3
id-15927	4	7	3	0.4
id-15928	8	13	12	0.4
id-15929	10	11	18	0.4
id-15930	2	4	7	0.4
id-15931	5	2	16	0.3
id-15932	1	2	21	0.2
id-15933	5	6	29	0.4
id-15934	4	4	21	0.3
id-15935	7	2	22	0.4
id-15936	5	3	26	0.3
id-15937	2	3	3	0.2
id-15938	5	3	2	0.2
id-15939	6	2	5	0.5
id-15940	6	10	22	0.5
id-15941	8	9	15	0.4
id-15942	1	2	15	0.5
id-15943	1	2	7	0.4
id-15944	2	4	11	0.5
id-15945	7	2	22	0.5
id-15946	6	6	13	0.4
id-15947	4	4	4	0.4
id-15948	3	3	20	0.5
id-15949	8	6	12	0.2
id-15950	7	5	2	0.5
id-15951	6	2	12	0.2
id-15952	10	4	6	0.2
id-15953	3	4	10	0.3
id-15954	3	3	10	0.3
id-15955	6	6	28	0.5
id-15956	7	2	4	0.4
id-15957	8	15	19	0.5
id-15958	8	10	8	0.3
id-15959	2	2	20	0.3
id-15960	10	20	10	0.5
id-15961	7	11	1	0.4
id-15962	9	17	5	0.4
id-15963	9	13	18	0.4
id-15964	8	9	8	0.3
id-15965	3	6	19	0.5
id-15966	9	12	16	0.4
id-15967	3	6	4	0.3
id-15968	4	3	11	0.3
id-15969	3	3	9	0.5
id-15970	6	2	14	0.3
id-15971	7	8	5	0.4
id-15972	5	2	24	0.2
id-15973	8	8	13	0.3
id-15974	10	9	18	0.5
id-15975	5	3	16	0.3
id-15976	6	4	25	0.3
id-15977	2	2	24	0.2
id-15978	4	6	14	0.4
id-15979	1	2	8	0.3
id-15980	6	5	4	0.5
id-15981	3	4	8	0.4
id-15982	8	3	13	0.3
id-15983	5	9	13	0.5
id-15984	5	8	19	0.3
id-15985	1	2	20	0.3
id-15986	3	3	8	0.3
id-15987	6	2	9	0.4
id-15988	5	9	1	0.3
id-15989	1	2	7	0.3
id-15990	6	6	19	0.2
id-15991	6	8	15	0.4
id-15992	4	5	30	0.3
id-15993	8	13	27	0.4
id-15994	1	2	6	0.4
id-15995	7	2	25	0.4
id-15996	8	9	4	0.4
id-15997	3	3	30	0.2
id-15998	2	4	18	0.3
id-15999	5	5	10	0.4
id-16000	6	10	27	0.2
id-16001	7	3	15	0.2
id-16002	4	8	4	0.5
id-16003	3	2	18	0.2
id-16004	7	13	22	0.2
id-16005	2	2	19	0.4
id-16006	4	2	4	0.3
id-16007	2	2	12	0.4
id-16008	7	2	21	0.3
id-16009	9	2	27	0.5
id-16010	3	2	5	0.5
id-16011	9	5	15	0.4
id-16012	2	3	9	0.4
id-16013	10	11	1	0.2
id-16014	5	8	30	0.4
id-16015	4	2	23	0.5
id-16016	3	6	30	0.2
id-16017	3	4	30	0.4
id-16018	9	15	3	0.3
id-16019	5	4	14	0.5
id-16020	4	5	17	0.4
id-16021	4	8	27	0.3
id-16022	3	2	11	0.3
id-16023	1	2	24	0.3
id-16024	8	15	27	0.5
id-16025	5	7	15	0.5
id-16026	10	6	17	0.4
id-16027	9	5	26	0.4
id-16028	7	8	5	0.2
id-16029	3	2	12	0.5
id-16030	7	7	19	0.3
id-16031	6	9	5	0.3
id-16032	1	2	20	0.3
id-16033	2	4	22	0.3
id-16034	4	7	5	0.3
id-16035	8	14	25	0.4
id-16036	2	4	1	0.4
id-16037	5	10	16	0.3
id-16038	4	5	11	0.5
id-16039	10	6	1	0.2
id-16040	5	8	16	0.3
id-16041	3	5	4	0.3
id-16042	7	12	27	0.3
id-16043	7	13	4	0.3
id-16044	9	7	27	0.5
id-16045	10	6	28	0.4
id-16046	7	5	5	0.4
id-16047	4	7	25	0.5
id-16048	4	6	11	0.5
id-16049	10	6	30	0.2
id-16050	1	2	1	0.3
id-16051	5	9	11	0.4
id-16052	6	8	13	0.5
id-16053	3	3	23	0.2
id-16054	4	2	20	0.3
id-16055	9	6	1	0.2
id-16056	9	6	25	0.4
id-16057	6	3	25	0.4
id-16058	8	15	4	0.3
id-16059	10	2	26	0.3
id-16060	5	2	12	0.3
id-16061	3	4	12	0.3
id-16062	5	6	12	0.5
id-16063	8	10	18	0.4
id-16064	4	4	13	0.2
id-16065	7	8	29	0.5
id-16066	9	12	29	0.4
id-16067	9	9	28	0.5
id-16068	6	12	25	0.4
id-16069	5	2	24	0.5
id-16070	1	2	13	0.3
id-16071	8	13	22	0.5
id-16072	5	2	2	0.2
id-16073	6	7	15	0.3
id-16074	6	11	13	0.5
id-16075	2	4	16	0.3
id-16076	7	6	11	0.2
id-16077	10	10	9	0.3
id-16078	6	8	8	0.3
id-16079	7	11	2	0.3
id-16080	5	2	8	0.4
id-16081	4	6	1	0.3
id-16082	1	2	22	0.4
id-16083	4	2	29	0.3
id-16084	1	2	20	0.5
id-16085	10	15	25	0.3
id-16086	1	2	1	0.3
id-16087	1	2	11	0.3
id-16088	8	8	11	0.3
id-16089	9	14	30	0.4
id-16090	4	4	4	0.5
id-16091	5	4	8	0.3
id-16092	7	12	27	0.4
id-16093	9	16	15	0.3
id-16094	9	12	15	0.2
id-16095	9	12	7	0.3
id-16096	9	12	11	0.4
id-16097	2	4	11	0.2
id-16098	8	12	5	0.4
id-16099	4	3	23	0.4
id-16100	6	10	11	0.4
id-16101	1	2	7	0.4
id-16102	3	3	10	0.2
id-16103	6	4	30	0.3
id-16104	2	4	21	0.3
id-16105	3	3	29	0.4
id-16106	7	10	20	0.3
id-16107	10	7	19	0.3
id-16108	8	16	19	0.2
id-16109	6	4	22	0.3
id-16110	3	3	30	0.4
id-16111	1	2	23	0.3
id-16112	6	2	7	0.4
id-16113	1	2	14	0.3
id-16114	3	3	7	0.5
id-16115	4	5	17	0.5
id-16116	7	12	10	0.2
id-16117	8	13	3	0.5
id-16118	10	8	22	0.3
id-16119	7	12	23	0.3
id-16120	8	11	14	0.4
id-16121	10	6	12	0.5
id-16122	6	9	11	0.4
id-16123	1	2	29	0.5
id-16124	2	2	3	0.3
id-16125	5	9	16	0.3
id-16126	7	6	25	0.4
id-16127	4	4	9	0.5
id-16128	1	2	21	0.5
id-16129	8	4	17	0.4
id-16130	9	5	12	0.5
id-16131	2	2	8	0.4
id-16132	1	2	1	0.4
id-16133	1	2	29	0.4
id-16134	8	10	3	0.3
id-16135	1	2	11	0.4
id-16136	3	6	12	0.4
id-16137	5	4	28	0.3
id-16138	1	2	6	0.3
id-16139	6	12	11	0.2
id-16140	1	2	6	0.3
id-16141	9	13	29	0.3
id-16142	3	6	23	0.3
id-16143	5	2	3	0.4
id-16144	10	11	3	0.4
id-16145	10	9	21	0.3
id-16146	1	2	28	0.5
id-16147	10	2	22	0.2
id-16148	2	4	14	0.5
id-16149	8	14	11	0.4
id-16150	8	11	20	0.2
id-16151	6	4	19	0.5
id-16152	10	6	23	0.4
id-16153	4	2	24	0.5
id-16154	9	12	12	0.2
id-16155	7	9	17	0.3
id-16156	7	12	5	0.5
id-16157	9	3	13	0.3
id-16158	2	4	7	0.5
id-16159	2	4	24	0.4
id-16160	2	2	29	0.4
id-16161	7	3	4	0.4
id-16162	10	8	27	0.5
id-16163	10	18	14	0.4
id-16164	2	4	20	0.2
id-16165	8	3	14	0.3
id-16166	7	13	21	0.4
id-16167	3	2	17	0.4
id-16168	3	6	4	0.2
id-16169	4	2	14	0.3
id-16170	3	5	15	0.3
id-16171	7	2	11	0.3
id-16172	4	5	5	0.3
id-16173	6	8	9	0.3
id-16174	10	14	17	0.5
id-16175	8	12	9	0.2
id-16176	9	6	20	0.4
id-16177	1	2	4	0.5
id-16178	9	11	21	0.3
id-16179	1	2	23	0.4
id-16180	10	17	3	0.3
id-16181	4	2	23	0.3
id-16182	10	14	5	0.4
id-16183	1	2	10	0.5
id-16184	8	10	30	0.3
id-16185	5	6	15	0.3
id-16186	5	5	10	0.5
id-16187	8	2	22	0.4
id-16188	7	10	20	0.3
id-16189	4	7	6	0.3
id-16190	1	2	9	0.4
id-16191	8	13	11	0.5
id-16192	10	10	19	0.5
id-16193	3	3	11	0.3
id-16194	10	14	20	0.3
id-16195	7	14	23	0.3
id-16196	1	2	21	0.2
id-16197	10	2	21	0.4
id-16198	3	5	12	0.2
id-16199	3	4	28	0.3
id-16200	4	3	7	0.5
id-16201	2	4	20	0.4
id-16202	6	12	23	0.5
id-16203	7	8	4	0.3
id-16204	2	2	14	0.2
id-16205	10	17	8	0.5
id-16206	10	14	30	0.2
id-16207	3	2	12	0.2
id-16208	7	3	20	0.4
id-16209	7	9	27	0.3
id-16210	9	6	5	0.4
id-16211	9	4	28	0.3
id-16212	6	8	22	0.4
id-16213	1	2	17	0.2
id-16214	6	3	26	0.3
id-16215	8	15	1	0.5
id-16216	9	8	15	0.4
id-16217	5	9	7	0.2
id-16218	1	2	7	0.5
id-16219	8	11	5	0.3
id-16220	2	4	22	0.4
id-16221	2	2	3	0.2
id-16222	2	4	1	0.3
id-16223	6	5	6	0.5
id-16224	6	4	25	0.5
id-16225	7	14	6	0.2
id-16226	2	2	17	0.3
id-16227	9	10	14	0.2
id-16228	7	10	15	0.4
id-16229	5	4	13	0.2
id-16230	1	2	10	0.4
id-16231	1	2	30	0.5
id-16232	5	9	23	0.2
id-16233	1	2	12	0.4
id-16234	4	2	15	0.4
id-16235	9	17	5	0.3
id-16236	2	4	24	0.2
id-16237	1	2	13	0.3
id-16238	10	14	7	0.3
id-16239	6	5	13	0.4
id-16240	2	2	9	0.5
id-16241	4	8	29	0.4
id-16242	7	10	17	0.3
id-16243	2	3	3	0.3
id-16244	8	11	3	0.3
id-16245	9	16	18	0.3
id-16246	4	3	8	0.3
id-16247	3	5	11	0.3
id-16248	10	6	27	0.4
id-16249	7	4	17	0.3
id-16250	3	3	13	0.4
id-16251	9	6	26	0.4
id-16252	7	2	3	0.2
id-16253	10	18	10	0.4
id-16254	9	16	9	0.4
id-16255	2	4	12	0.3
id-16256	6	7	7	0.2
id-16257	5	10	12	0.3
id-16258	10	13	10	0.4
id-16259	6	8	21	0.3
id-16260	8	15	29	0.5
id-16261	6	4	6	0.3
id-16262	3	4	19	0.4
id-16263	7	10	6	0.3
id-16264	7	13	17	0.3
id-16265	4	3	14	0.2
id-16266	4	4	29	0.3
id-16267	9	5	9	0.5
id-16268	9	2	8	0.3
id-16269	2	2	26	0.2
id-16270	4	4	30	0.4
id-16271	3	5	17	0.4
id-16272	7	12	11	0.3
id-16273	3	2	17	0.5
id-16274	9	17	10	0.4
id-16275	7	11	27	0.4
id-16276	7	10	24	0.2
id-16277	10	7	7	0.4
id-16278	1	2	3	0.3
id-16279	10	9	3	0.2
id-16280	3	5	30	0.4
id-16281	4	5	13	0.4
id-16282	1	2	18	0.2
id-16283	9	10	8	0.3
id-16284	1	2	25	0.4
id-16285	9	7	17	0.2
id-16286	3	3	19	0.5
id-16287	2	3	12	0.3
id-16288	5	10	27	0.3
id-16289	3	3	2	0.4
id-16290	2	4	26	0.4
id-16291	6	10	17	0.4
id-16292	4	7	25	0.2
id-16293	1	2	9	0.2
id-16294	6	2	19	0.2
id-16295	7	7	14	0.5
id-16296	1	2	17	0.4
id-16297	4	6	3	0.4
id-16298	3	5	29	0.3
id-16299	6	12	8	0.3
id-16300	5	8	25	0.3
id-16301	7	8	3	0.3
id-16302	5	2	20	0.3
id-16303	2	4	4	0.5
id-16304	5	8	18	0.4
id-16305	7	8	1	0.3
id-16306	2	2	17	0.5
id-16307	5	2	16	0.4
id-16308	3	3	21	0.3
id-16309	7	10	25	0.2
id-16310	10	9	29	0.5
id-16311	4	2	28	0.3
id-16312	9	15	27	0.2
id-16313	6	5	1	0.3
id-16314	10	11	18	0.5
id-16315	5	8	5	0.3
id-16316	6	12	23	0.5
id-16317	10	10	24	0.3
id-16318	7	4	3	0.2
id-16319	3	2	7	0.3
id-16320	9	4	24	0.4
id-16321	3	3	1	0.4
id-16322	6	11	24	0.5
id-16323	8	16	23	0.3
id-16324	5	2	3	0.4
id-16325	8	9	27	0.2
id-16326	3	6	7	0.3
id-16327	2	2	13	0.2
id-16328	2	2	10	0.3
id-16329	3	3	30	0.3
id-16330	5	2	15	0.5
id-16331	5	3	4	0.5
id-16332	8	14	8	0.3
id-16333	6	9	5	0.5
id-16334	10	20	20	0.3
id-16335	4	3	23	0.3
id-16336	2	3	1	0.3
id-16337	7	9	30	0.3
id-16338	8	10	1	0.2
id-16339	6	11	25	0.2
id-16340	8	7	2	0.4
id-16341	3	3	21	0.4
id-16342	3	5	20	0.3
id-16343	3	2	17	0.2
id-16344	4	6	11	0.4
id-16345	5	10	17	0.3
id-16346	8	6	14	0.4
id-16347	2	4	21	0.2
id-16348	1	2	18	0.2
id-16349	8	9	1	0.3
id-16350	7	3	5	0.3
id-16351	3	2	26	0.3
id-16352	10	12	16	0.2
id-16353	8	2	26	0.5
id-16354	2	4	22	0.3
id-16355	9	6	19	0.5
id-16356	4	3	23	0.2
id-16357	8	11	16	0.3
id-16358	10	2	19	0.2
id-16359	6	3	9	0.2
id-16360	9	16	8	0.3
id-16361	5	7	13	0.3
id-16362	2	3	3	0.5
id-16363	7	5	19	0.4
id-16364	1	2	22	0.4
id-16365	3	5	2	0.3
id-16366	7	6	20	0.2
id-16367	4	2	28	0.3
id-16368	3	6	23	0.3
id-16369	9	8	14	0.4
id-16370	9	16	5	0.4
id-16371	10	17	12	0.5
id-16372	9	2	4	0.4
id-16373	8	8	12	0.5
id-16374	4	7	19	0.5
id-16375	4	5	20	0.3
id-16376	1	2	19	0.4
id-16377	9	18	3	0.4
id-16378	4	3	7	0.3
id-16379	6	3	24	0.4
id-16380	2	3	18	0.4
id-16381	2	2	22	0.3
id-16382	1	2	16	0.3
id-16383	8	3	24	0.3
id-16384	10	6	18	0.4
id-16385	2	3	20	0.3
id-16386	7	2	27	0.5
id-16387	7	7	28	0.3
id-16388	1	2	12	0.3
id-16389	1	2	12	0.3
id-16390	3	3	5	0.2
id-16391	7	9	10	0.2
id-16392	2	2	22	0.3
id-16393	2	4	6	0.5
id-16394	3	5	24	0.3
id-16395	3	4	13	0.2
id-16396	3	6	22	0.4
id-16397	6	5	19	0.3
id-16398	6	3	24	0.5
id-16399	5	7	30	0.2
id-16400	8	7	15	0.3
id-16401	1	2	9	0.3
id-16402	6	8	13	0.5
id-16403	8	8	9	0.3
id-16404	9	15	26	0.4
id-16405	9	7	29	0.3
id-16406	9	8	15	0.2
id-16407	10	12	8	0.3
id-16408	3	5	1	0.3
id-16409	1	2	17	0.3
id-16410	9	4	11	0.5
id-16411	2	2	4	0.5
id-16412	5	9	20	0.4
id-16413	10	10	12	0.3
id-16414	10	10	12	0.4
id-16415	8	12	13	0.5
id-16416	6	3	28	0.4
id-16417	10	15	23	0.4
id-16418	5	10	16	0.3
id-16419	9	14	24	0.4
id-16420	2	2	5	0.5
id-16421	6	9	1	0.3
id-16422	2	2	25	0.3
id-16423	2	2	22	0.5
id-16424	7	11	16	0.3
id-16425	8	14	6	0.5
id-16426	7	8	2	0.3
id-16427	8	13	11	0.2
id-16428	2	4	2	0.5
id-16429	2	4	3	0.4
id-16430	4	7	5	0.5
id-16431	3	3	27	0.4
id-16432	5	3	30	0.2
id-16433	9	12	16	0.2
id-16434	6	2	30	0.4
id-16435	4	2	19	0.4
id-16436	5	2	15	0.4
id-16437	3	5	19	0.2
id-16438	5	8	22	0.4
id-16439	9	13	21	0.5
id-16440	2	3	7	0.5
id-16441	6	2	11	0.4
id-16442	6	7	8	0.4
id-16443	1	2	15	0.4
id-16444	2	2	5	0.3
id-16445	3	6	27	0.3
id-16446	7	6	25	0.4
id-16447	2	4	21	0.4
id-16448	6	6	29	0.3
id-16449	4	7	27	0.4
id-16450	7	10	24	0.4
id-16451	7	12	29	0.2
id-16452	1	2	18	0.4
id-16453	2	3	26	0.5
id-16454	10	12	13	0.4
id-16455	8	14	3	0.5
id-16456	9	4	17	0.2
id-16457	6	8	24	0.4
id-16458	10	16	6	0.3
id-16459	4	7	26	0.4
id-16460	7	14	22	0.2
id-16461	5	10	22	0.4
id-16462	4	5	19	0.3
id-16463	9	5	20	0.3
id-16464	8	11	15	0.4
id-16465	8	5	7	0.3
id-16466	3	6	8	0.3
id-16467	9	5	28	0.4
id-16468	6	9	3	0.4
id-16469	9	14	8	0.2
id-16470	1	2	5	0.3
id-16471	2	2	7	0.4
id-16472	6	4	14	0.4
id-16473	6	7	17	0.3
id-16474	7	7	5	0.5
id-16475	1	2	4	0.2
id-16476	7	2	2	0.3
id-16477	2	2	9	0.3
id-16478	2	2	25	0.5
id-16479	6	3	22	0.4
id-16480	4	6	28	0.4
id-16481	1	2	8	0.3
id-16482	5	7	21	0.3
id-16483	2	4	19	0.2
id-16484	3	4	16	0.3
id-16485	3	6	29	0.4
id-16486	3	5	8	0.5
id-16487	8	7	4	0.5
id-16488	4	2	20	0.3
id-16489	8	16	20	0.3
id-16490	10	4	13	0.3
id-16491	3	2	14	0.2
id-16492	2	4	16	0.3
id-16493	10	13	12	0.4
id-16494	7	9	4	0.4
id-16495	1	2	23	0.3
id-16496	1	2	18	0.2
id-16497	7	12	15	0.4
id-16498	10	10	28	0.4
id-16499	4	7	22	0.2
id-16500	6	6	8	0.3
id-16501	5	9	22	0.3
id-16502	2	2	25	0.3
id-16503	10	6	25	0.3
id-16504	8	5	15	0.4
id-16505	9	7	7	0.4
id-16506	10	12	12	0.5
id-16507	6	12	21	0.4
id-16508	1	2	2	0.2
id-16509	5	4	12	0.3
id-16510	9	15	30	0.3
id-16511	10	16	23	0.5
id-16512	10	6	27	0.3
id-16513	4	3	27	0.4
id-16514	10	18	3	0.4
id-16515	10	2	30	0.4
id-16516	10	3	16	0.4
id-16517	4	8	20	0.3
id-16518	7	5	4	0.4
id-16519	4	8	28	0.3
id-16520	5	4	10	0.3
id-16521	8	16	10	0.4
id-16522	10	9	13	0.4
id-16523	10	13	20	0.3
id-16524	8	12	29	0.3
id-16525	7	11	26	0.3
id-16526	3	6	6	0.4
id-16527	10	6	14	0.4
id-16528	5	6	24	0.3
id-16529	5	2	2	0.5
id-16530	9	12	19	0.4
id-16531	5	4	22	0.4
id-16532	5	6	9	0.2
id-16533	6	12	20	0.5
id-16534	3	2	22	0.5
id-16535	10	9	21	0.3
id-16536	7	3	20	0.3
id-16537	10	3	3	0.5
id-16538	4	4	20	0.4
id-16539	4	6	18	0.3
id-16540	4	3	2	0.4
id-16541	1	2	23	0.3
id-16542	7	13	11	0.3
id-16543	4	3	4	0.4
id-16544	1	2	26	0.2
id-16545	3	2	6	0.3
id-16546	9	15	1	0.3
id-16547	4	2	17	0.4
id-16548	8	4	6	0.3
id-16549	5	2	25	0.3
id-16550	5	5	11	0.5
id-16551	7	14	3	0.4
id-16552	2	2	29	0.2
id-16553	7	10	11	0.3
id-16554	7	12	28	0.4
id-16555	9	9	28	0.4
id-16556	7	7	17	0.5
id-16557	9	17	5	0.2
id-16558	8	9	27	0.4
id-16559	2	2	24	0.4
id-16560	8	11	29	0.4
id-16561	6	12	4	0.4
id-16562	1	2	22	0.3
id-16563	1	2	13	0.3
id-16564	5	3	25	0.5
id-16565	6	8	11	0.3
id-16566	2	4	28	0.3
id-16567	10	10	2	0.2
id-16568	1	2	24	0.4
id-16569	8	3	22	0.3
id-16570	8	5	3	0.3
id-16571	5	6	6	0.4
id-16572	9	18	28	0.5
id-16573	3	3	7	0.5
id-16574	5	5	12	0.5
id-16575	3	3	26	0.4
id-16576	5	7	23	0.3
id-16577	7	7	21	0.3
id-16578	5	7	4	0.3
id-16579	4	4	28	0.5
id-16580	10	11	13	0.4
id-16581	8	11	19	0.3
id-16582	6	9	14	0.2
id-16583	10	5	11	0.5
id-16584	2	3	16	0.3
id-16585	1	2	10	0.5
id-16586	8	3	24	0.4
id-16587	1	2	28	0.4
id-16588	7	3	10	0.3
id-16589	3	3	7	0.4
id-16590	5	10	21	0.3
id-16591	10	8	8	0.2
id-16592	10	9	23	0.2
id-16593	5	3	21	0.4
id-16594	10	8	7	0.2
id-16595	9	5	18	0.4
id-16596	7	6	7	0.3
id-16597	5	10	24	0.3
id-16598	6	10	27	0.5
id-16599	2	2	26	0.4
id-16600	9	14	5	0.3
id-16601	7	10	23	0.3
id-16602	2	3	7	0.3
id-16603	1	2	21	0.2
id-16604	5	10	4	0.3
id-16605	7	5	7	0.5
id-16606	6	10	9	0.3
id-16607	1	2	22	0.3
id-16608	4	8	7	0.3
id-16609	2	4	5	0.4
id-16610	10	12	30	0.4
id-16611	8	8	29	0.4
id-16612	4	3	23	0.5
id-16613	4	5	17	0.3
id-16614	1	2	20	0.2
id-16615	7	13	3	0.2
id-16616	3	5	14	0.4
id-16617	3	4	12	0.5
id-16618	6	4	2	0.2
id-16619	1	2	4	0.4
id-16620	10	2	8	0.3
id-16621	9	2	6	0.4
id-16622	7	8	14	0.2
id-16623	6	10	21	0.4
id-16624	9	18	26	0.5
id-16625	8	13	2	0.4
id-16626	9	18	6	0.4
id-16627	10	9	19	0.3
id-16628	8	5	6	0.4
id-16629	5	5	1	0.3
id-16630	5	7	15	0.3
id-16631	3	6	10	0.3
id-16632	8	9	8	0.3
id-16633	2	4	26	0.3
id-16634	1	2	9	0.4
id-16635	6	11	3	0.3
id-16636	5	8	23	0.5
id-16637	3	3	19	0.5
id-16638	2	4	10	0.5
id-16639	2	3	10	0.5
id-16640	10	7	13	0.4
id-16641	4	5	4	0.4
id-16642	2	4	9	0.2
id-16643	3	4	17	0.5
id-16644	8	9	15	0.3
id-16645	6	6	30	0.3
id-16646	4	2	1	0.4
id-16647	7	4	6	0.5
id-16648	4	3	2	0.5
id-16649	4	5	28	0.4
id-16650	8	16	16	0.4
id-16651	2	2	6	0.4
id-16652	6	2	5	0.4
id-16653	4	7	18	0.4
id-16654	4	8	16	0.4
id-16655	5	8	28	0.4
id-16656	6	4	25	0.5
id-16657	7	5	18	0.5
id-16658	10	3	15	0.3
id-16659	2	2	15	0.3
id-16660	6	10	19	0.5
id-16661	4	2	12	0.4
id-16662	8	14	14	0.3
id-16663	3	2	5	0.2
id-16664	9	18	3	0.3
id-16665	4	4	18	0.4
id-16666	1	2	2	0.4
id-16667	8	16	19	0.5
id-16668	7	12	27	0.4
id-16669	1	2	15	0.5
id-16670	3	5	11	0.4
id-16671	6	11	26	0.5
id-16672	10	10	27	0.3
id-16673	1	2	11	0.3
id-16674	5	2	19	0.4
id-16675	4	2	12	0.3
id-16676	8	6	25	0.5
id-16677	3	6	13	0.2
id-16678	8	16	23	0.3
id-16679	8	3	14	0.3
id-16680	9	14	15	0.2
id-16681	1	2	7	0.5
id-16682	5	10	4	0.5
id-16683	7	4	28	0.4
id-16684	1	2	24	0.4
id-16685	2	3	14	0.3
id-16686	6	3	13	0.4
id-16687	4	3	17	0.4
id-16688	3	6	18	0.2
id-16689	7	4	25	0.3
id-16690	4	5	7	0.4
id-16691	8	4	18	0.5
id-16692	2	4	12	0.5
id-16693	1	2	8	0.3
id-16694	3	4	13	0.3
id-16695	10	16	19	0.5
id-16696	1	2	4	0.3
id-16697	4	7	19	0.3
id-16698	2	2	25	0.2
id-16699	6	10	22	0.2
id-16700	10	13	14	0.4
id-16701	2	3	26	0.2
id-16702	3	6	6	0.3
id-16703	6	9	4	0.5
id-16704	6	7	18	0.3
id-16705	6	10	5	0.4
id-16706	7	11	28	0.5
id-16707	6	4	4	0.4
id-16708	10	6	21	0.3
id-16709	10	8	9	0.3
id-16710	7	4	16	0.2
id-16711	7	3	18	0.4
id-16712	10	18	21	0.4
id-16713	4	4	30	0.3
id-16714	2	3	6	0.2
id-16715	8	4	19	0.2
id-16716	8	13	8	0.4
id-16717	7	9	17	0.2
id-16718	4	6	1	0.2
id-16719	6	9	17	0.3
id-16720	2	2	22	0.3
id-16721	7	9	5	0.3
id-16722	7	6	8	0.4
id-16723	10	15	21	0.3
id-16724	5	8	26	0.3
id-16725	4	5	2	0.4
id-16726	7	6	20	0.5
id-16727	10	13	12	0.5
id-16728	6	7	30	0.4
id-16729	10	17	27	0.4
id-16730	8	8	12	0.2
id-16731	7	14	11	0.4
id-16732	3	4	18	0.3
id-16733	3	4	15	0.3
id-16734	4	8	13	0.2
id-16735	6	4	27	0.4
id-16736	10	17	30	0.5
id-16737	9	12	9	0.4
id-16738	6	2	17	0.3
id-16739	8	4	22	0.3
id-16740	1	2	1	0.4
id-16741	7	12	14	0.3
id-16742	5	6	6	0.4
id-16743	7	8	1	0.4
id-16744	9	17	24	0.5
id-16745	2	3	28	0.5
id-16746	3	2	6	0.3
id-16747	2	4	20	0.2
id-16748	10	9	11	0.5
id-16749	4	2	23	0.3
id-16750	4	8	13	0.3
id-16751	2	3	13	0.3
id-16752	3	5	21	0.3
id-16753	8	9	29	0.3
id-16754	8	15	12	0.3
id-16755	1	2	23	0.4
id-16756	10	16	1	0.4
id-16757	1	2	15	0.2
id-16758	9	13	15	0.2
id-16759	4	2	29	0.3
id-16760	4	6	19	0.4
id-16761	5	9	25	0.3
id-16762	5	9	7	0.4
id-16763	1	2	19	0.3
id-16764	6	5	11	0.3
id-16765	10	7	23	0.4
id-16766	2	2	22	0.4
id-16767	1	2	27	0.5
id-16768	9	2	18	0.4
id-16769	5	2	15	0.4
id-16770	2	3	25	0.2
id-16771	9	12	17	0.5
id-16772	9	12	23	0.3
id-16773	7	7	22	0.2
id-16774	5	7	8	0.4
id-16775	5	6	21	0.2
id-16776	10	15	27	0.3
id-16777	7	8	26	0.3
id-16778	3	3	11	0.3
id-16779	4	4	20	0.4
id-16780	1	2	1	0.4
id-16781	10	5	30	0.4
id-16782	3	5	20	0.5
id-16783	1	2	21	0.4
id-16784	3	2	18	0.3
id-16785	2	3	12	0.2
id-16786	7	5	10	0.4
id-16787	7	4	28	0.3
id-16788	3	5	19	0.4
id-16789	4	5	11	0.3
id-16790	9	17	21	0.4
id-16791	7	5	9	0.4
id-16792	4	2	14	0.4
id-16793	3	2	23	0.3
id-16794	2	4	18	0.5
id-16795	7	11	17	0.4
id-16796	9	11	25	0.4
id-16797	4	3	24	0.4
id-16798	2	4	14	0.3
id-16799	4	3	23	0.2
id-16800	9	3	12	0.3
id-16801	4	7	11	0.4
id-16802	6	2	1	0.3
id-16803	1	2	27	0.5
id-16804	8	12	7	0.3
id-16805	2	4	9	0.4
id-16806	6	2	3	0.4
id-16807	8	13	9	0.2
id-16808	1	2	5	0.4
id-16809	9	18	2	0.3
id-16810	1	2	27	0.4
id-16811	10	14	16	0.4
id-16812	1	2	28	0.4
id-16813	6	12	3	0.4
id-16814	7	12	17	0.2
id-16815	8	14	10	0.5
id-16816	5	9	2	0.3
id-16817	9	2	22	0.2
id-16818	3	6	27	0.4
id-16819	8	15	8	0.3
id-16820	2	2	9	0.3
id-16821	7	2	17	0.4
id-16822	10	4	6	0.3
id-16823	7	12	8	0.5
id-16824	3	2	11	0.4
id-16825	6	5	12	0.5
id-16826	1	2	13	0.5
id-16827	1	2	20	0.4
id-16828	4	8	7	0.2
id-16829	9	6	19	0.3
id-16830	2	2	13	0.4
id-16831	7	5	10	0.3
id-16832	5	10	15	0.3
id-16833	9	17	11	0.5
id-16834	6	3	7	0.4
id-16835	2	4	24	0.5
id-16836	4	4	3	0.2
id-16837	5	3	5	0.3
id-16838	1	2	10	0.2
id-16839	8	2	14	0.3
id-16840	4	5	20	0.4
id-16841	1	2	22	0.5
id-16842	4	3	13	0.5
id-16843	10	6	6	0.4
id-16844	10	8	2	0.4
id-16845	3	6	15	0.4
id-16846	9	6	3	0.3
id-16847	2	3	14	0.2
id-16848	5	8	22	0.4
id-16849	4	2	10	0.4
id-16850	2	4	2	0.4
id-16851	8	3	24	0.2
id-16852	7	11	20	0.2
id-16853	7	2	1	0.3
id-16854	2	4	22	0.3
id-16855	10	5	9	0.3
id-16856	2	4	17	0.3
id-16857	3	6	24	0.5
id-16858	2	3	26	0.3
id-16859	10	5	8	0.4
id-16860	8	8	29	0.5
id-16861	4	5	25	0.2
id-16862	2	2	14	0.3
id-16863	10	15	5	0.3
id-16864	7	9	18	0.3
id-16865	10	5	21	0.4
id-16866	9	8	26	0.3
id-16867	1	2	5	0.3
id-16868	6	9	19	0.3
id-16869	10	10	26	0.4
id-16870	1	2	4	0.3
id-16871	3	3	25	0.3
id-16872	2	4	1	0.2
id-16873	3	5	29	0.2
id-16874	10	13	10	0.4
id-16875	5	8	14	0.4
id-16876	10	16	7	0.4
id-16877	10	6	21	0.5
id-16878	2	2	22	0.5
id-16879	10	11	7	0.3
id-16880	3	2	24	0.4
id-16881	5	8	27	0.2
id-16882	7	3	11	0.4
id-16883	8	14	30	0.3
id-16884	2	4	26	0.5
id-16885	10	20	18	0.5
id-16886	6	12	20	0.4
id-16887	5	6	19	0.5
id-16888	5	2	7	0.2
id-16889	1	2	2	0.2
id-16890	1	2	6	0.4
id-16891	2	3	4	0.2
id-16892	1	2	28	0.4
id-16893	5	4	25	0.2
id-16894	1	2	24	0.3
id-16895	1	2	19	0.4
id-16896	4	2	26	0.3
id-16897	6	12	9	0.2
id-16898	7	7	15	0.4
id-16899	7	10	3	0.3
id-16900	6	5	18	0.4
id-16901	9	13	16	0.3
id-16902	4	3	20	0.5
id-16903	10	12	16	0.2
id-16904	4	4	16	0.4
id-16905	3	5	12	0.4
id-16906	10	4	28	0.4
id-16907	9	11	2	0.4
id-16908	6	6	14	0.4
id-16909	1	2	19	0.4
id-16910	7	3	20	0.2
id-16911	6	11	25	0.4
id-16912	6	12	7	0.3
id-16913	4	6	21	0.2
id-16914	3	2	23	0.3
id-16915	9	5	23	0.4
id-16916	9	7	21	0.4
id-16917	9	3	15	0.3
id-16918	4	3	19	0.3
id-16919	10	12	28	0.2
id-16920	5	3	4	0.4
id-16921	7	3	23	0.2
id-16922	6	2	11	0.4
id-16923	10	11	16	0.2
id-16924	7	12	8	0.4
id-16925	5	3	28	0.4
id-16926	10	9	30	0.5
id-16927	9	10	15	0.2
id-16928	2	2	13	0.2
id-16929	8	13	20	0.2
id-16930	4	3	20	0.4
id-16931	1	2	24	0.4
id-16932	3	6	8	0.4
id-16933	5	10	1	0.5
id-16934	9	10	20	0.4
id-16935	5	8	24	0.5
id-16936	1	2	20	0.4
id-16937	5	10	11	0.2
id-16938	6	8	24	0.2
id-16939	5	7	4	0.3
id-16940	8	10	13	0.4
id-16941	2	4	30	0.3
id-16942	10	19	18	0.4
id-16943	8	15	21	0.2
id-16944	10	12	19	0.3
id-16945	9	6	30	0.2
id-16946	3	3	17	0.5
id-16947	5	4	25	0.2
id-16948	4	6	15	0.4
id-16949	8	8	6	0.4
id-16950	3	5	7	0.2
id-16951	7	10	29	0.3
id-16952	3	4	28	0.2
id-16953	8	4	11	0.4
id-16954	4	5	12	0.3
id-16955	7	5	26	0.4
id-16956	3	5	8	0.4
id-16957	2	3	28	0.2
id-16958	6	7	4	0.5
id-16959	1	2	6	0.3
id-16960	4	8	19	0.2
id-16961	10	6	14	0.2
id-16962	1	2	22	0.4
id-16963	3	6	27	0.3
id-16964	3	4	12	0.3
id-16965	4	6	20	0.4
id-16966	5	7	15	0.3
id-16967	5	5	14	0.3
id-16968	1	2	8	0.4
id-16969	3	5	21	0.3
id-16970	5	3	16	0.2
id-16971	9	4	10	0.5
id-16972	6	3	29	0.4
id-16973	8	8	11	0.4
id-16974	9	7	20	0.3
id-16975	4	4	8	0.4
id-16976	1	2	1	0.3
id-16977	8	12	11	0.3
id-16978	10	13	20	0.4
id-16979	4	6	6	0.4
id-16980	2	3	2	0.4
id-16981	7	9	23	0.5
id-16982	5	10	26	0.3
id-16983	8	14	10	0.4
id-16984	8	8	23	0.5
id-16985	10	12	22	0.2
id-16986	4	5	5	0.3
id-16987	7	7	5	0.3
id-16988	7	10	17	0.3
id-16989	9	15	12	0.2
id-16990	8	5	1	0.4
id-16991	3	2	18	0.3
id-16992	3	4	5	0.3
id-16993	7	14	15	0.4
id-16994	1	2	24	0.4
id-16995	3	6	21	0.5
id-16996	9	8	7	0.5
id-16997	2	4	19	0.4
id-16998	5	8	27	0.2
id-16999	8	3	2	0.3
id-17000	10	6	30	0.2
id-17001	1	2	23	0.4
id-17002	8	4	6	0.2
id-17003	4	6	13	0.3
id-17004	10	15	26	0.4
id-17005	2	4	10	0.4
id-17006	1	2	12	0.3
id-17007	3	2	21	0.4
id-17008	4	7	9	0.4
id-17009	8	5	4	0.4
id-17010	2	4	9	0.3
id-17011	8	16	2	0.2
id-17012	7	7	25	0.3
id-17013	1	2	19	0.4
id-17014	4	3	15	0.3
id-17015	3	2	7	0.2
id-17016	7	8	28	0.3
id-17017	5	8	15	0.2
id-17018	10	8	17	0.4
id-17019	4	5	2	0.4
id-17020	2	2	29	0.4
id-17021	9	16	25	0.4
id-17022	7	5	3	0.3
id-17023	6	9	22	0.3
id-17024	1	2	27	0.3
id-17025	6	10	1	0.2
id-17026	9	15	30	0.4
id-17027	5	9	6	0.2
id-17028	9	12	14	0.4
id-17029	3	5	24	0.2
id-17030	6	2	7	0.5
id-17031	8	10	29	0.4
id-17032	6	8	5	0.2
id-17033	2	2	11	0.3
id-17034	1	2	21	0.5
id-17035	9	8	30	0.2
id-17036	7	5	11	0.3
id-17037	1	2	19	0.3
id-17038	10	2	24	0.2
id-17039	3	3	18	0.4
id-17040	10	12	26	0.4
id-17041	6	2	14	0.3
id-17042	1	2	24	0.3
id-17043	9	12	23	0.4
id-17044	7	9	17	0.2
id-17045	4	6	7	0.3
id-17046	6	7	26	0.2
id-17047	9	17	18	0.2
id-17048	2	3	8	0.5
id-17049	10	18	2	0.3
id-17050	7	2	27	0.3
id-17051	4	3	8	0.3
id-17052	8	5	21	0.5
id-17053	2	4	29	0.4
id-17054	6	9	6	0.2
id-17055	2	4	13	0.3
id-17056	10	7	11	0.2
id-17057	8	14	11	0.3
id-17058	10	19	6	0.2
id-17059	4	4	21	0.3
id-17060	7	11	18	0.2
id-17061	8	12	25	0.3
id-17062	5	2	1	0.2
id-17063	2	2	14	0.5
id-17064	10	20	2	0.3
id-17065	8	12	20	0.3
id-17066	3	2	23	0.3
id-17067	4	7	14	0.2
id-17068	5	8	22	0.5
id-17069	1	2	11	0.2
id-17070	4	4	11	0.3
id-17071	4	7	26	0.2
id-17072	4	5	15	0.2
id-17073	2	2	12	0.4
id-17074	1	2	8	0.3
id-17075	6	7	2	0.3
id-17076	8	3	12	0.4
id-17077	9	18	24	0.4
id-17078	5	8	22	0.4
id-17079	10	19	23	0.3
id-17080	3	3	26	0.5
id-17081	1	2	28	0.2
id-17082	10	15	20	0.4
id-17083	5	3	30	0.4
id-17084	10	6	15	0.4
id-17085	5	2	25	0.3
id-17086	1	2	21	0.2
id-17087	9	10	26	0.4
id-17088	3	2	23	0.2
id-17089	10	19	17	0.4
id-17090	10	2	2	0.4
id-17091	8	5	4	0.3
id-17092	9	8	13	0.5
id-17093	6	10	16	0.3
id-17094	3	6	8	0.2
id-17095	1	2	4	0.4
id-17096	7	10	21	0.5
id-17097	10	19	5	0.3
id-17098	10	6	10	0.3
id-17099	1	2	20	0.3
id-17100	3	4	25	0.2
id-17101	1	2	2	0.2
id-17102	10	13	16	0.3
id-17103	6	3	7	0.3
id-17104	8	3	9	0.5
id-17105	10	12	10	0.2
id-17106	10	10	6	0.3
id-17107	6	8	29	0.4
id-17108	7	14	10	0.4
id-17109	4	7	28	0.4
id-17110	1	2	12	0.2
id-17111	2	3	28	0.3
id-17112	1	2	18	0.4
id-17113	6	12	21	0.4
id-17114	3	6	2	0.2
id-17115	4	6	10	0.4
id-17116	7	10	15	0.4
id-17117	3	5	12	0.2
id-17118	8	5	13	0.5
id-17119	4	2	3	0.3
id-17120	9	7	19	0.2
id-17121	2	4	11	0.3
id-17122	6	11	28	0.5
id-17123	2	2	7	0.2
id-17124	10	9	15	0.2
id-17125	7	8	24	0.2
id-17126	9	3	20	0.5
id-17127	3	3	4	0.4
id-17128	5	9	4	0.4
id-17129	3	3	1	0.3
id-17130	8	7	29	0.4
id-17131	9	14	24	0.4
id-17132	5	2	12	0.5
id-17133	6	8	19	0.2
id-17134	3	3	15	0.5
id-17135	3	3	5	0.3
id-17136	10	14	16	0.4
id-17137	10	6	28	0.3
id-17138	2	4	28	0.4
id-17139	4	6	2	0.3
id-17140	3	4	8	0.5
id-17141	4	7	9	0.2
id-17142	5	5	12	0.5
id-17143	2	2	3	0.4
id-17144	9	18	7	0.5
id-17145	4	6	5	0.2
id-17146	8	15	5	0.3
id-17147	4	6	26	0.2
id-17148	9	15	11	0.3
id-17149	8	4	11	0.2
id-17150	6	12	1	0.4
id-17151	4	6	22	0.2
id-17152	10	6	9	0.3
id-17153	5	4	13	0.3
id-17154	8	10	12	0.3
id-17155	2	3	1	0.5
id-17156	8	5	26	0.3
id-17157	3	5	6	0.2
id-17158	2	2	3	0.3
id-17159	6	4	30	0.3
id-17160	6	7	25	0.3
id-17161	4	3	11	0.4
id-17162	3	5	6	0.3
id-17163	1	2	12	0.2
id-17164	4	3	22	0.4
id-17165	7	2	14	0.4
id-17166	6	5	13	0.4
id-17167	7	6	26	0.4
id-17168	3	4	19	0.2
id-17169	4	7	10	0.3
id-17170	4	4	29	0.4
id-17171	8	15	3	0.4
id-17172	5	5	14	0.4
id-17173	4	7	24	0.2
id-17174	2	2	20	0.3
id-17175	3	4	12	0.4
id-17176	4	6	27	0.4
id-17177	10	5	7	0.5
id-17178	6	7	6	0.3
id-17179	3	4	19	0.2
id-17180	3	5	2	0.3
id-17181	5	3	26	0.4
id-17182	2	2	20	0.2
id-17183	2	4	9	0.4
id-17184	8	4	11	0.4
id-17185	1	2	6	0.4
id-17186	4	4	21	0.3
id-17187	7	13	9	0.4
id-17188	7	12	8	0.2
id-17189	1	2	22	0.5
id-17190	7	5	2	0.3
id-17191	3	6	1	0.5
id-17192	4	4	30	0.3
id-17193	10	17	6	0.4
id-17194	8	4	4	0.4
id-17195	5	7	18	0.3
id-17196	10	5	27	0.2
id-17197	3	3	21	0.4
id-17198	7	10	24	0.3
id-17199	3	2	22	0.3
id-17200	10	17	27	0.4
id-17201	3	5	17	0.4
id-17202	1	2	18	0.4
id-17203	5	10	15	0.5
id-17204	7	9	24	0.4
id-17205	10	14	23	0.4
id-17206	5	4	11	0.3
id-17207	2	4	19	0.3
id-17208	9	2	20	0.3
id-17209	7	12	6	0.5
id-17210	6	6	9	0.5
id-17211	9	5	19	0.4
id-17212	6	6	12	0.5
id-17213	10	7	18	0.4
id-17214	8	5	27	0.2
id-17215	2	4	2	0.4
id-17216	3	4	7	0.4
id-17217	7	12	10	0.4
id-17218	7	3	24	0.3
id-17219	10	16	26	0.3
id-17220	8	13	5	0.3
id-17221	8	10	11	0.5
id-17222	5	5	29	0.3
id-17223	1	2	24	0.3
id-17224	2	3	29	0.2
id-17225	10	20	13	0.2
id-17226	3	4	5	0.2
id-17227	2	3	17	0.5
id-17228	1	2	27	0.4
id-17229	10	19	16	0.2
id-17230	6	4	3	0.3
id-17231	10	7	10	0.4
id-17232	5	9	3	0.3
id-17233	9	10	22	0.4
id-17234	3	2	4	0.4
id-17235	5	7	25	0.3
id-17236	3	5	9	0.3
id-17237	2	4	3	0.5
id-17238	9	5	6	0.2
id-17239	4	6	24	0.3
id-17240	7	10	5	0.3
id-17241	9	10	30	0.5
id-17242	3	2	2	0.4
id-17243	5	9	20	0.3
id-17244	7	6	10	0.2
id-17245	7	8	20	0.3
id-17246	9	17	12	0.2
id-17247	8	11	5	0.3
id-17248	4	4	7	0.2
id-17249	6	6	15	0.3
id-17250	3	2	20	0.3
id-17251	6	10	13	0.3
id-17252	3	4	25	0.2
id-17253	9	6	18	0.3
id-17254	7	9	21	0.4
id-17255	4	5	24	0.4
id-17256	10	6	2	0.2
id-17257	3	2	6	0.3
id-17258	2	4	26	0.4
id-17259	2	2	25	0.4
id-17260	5	9	22	0.4
id-17261	5	9	26	0.3
id-17262	5	2	6	0.2
id-17263	1	2	22	0.2
id-17264	8	9	18	0.5
id-17265	6	7	15	0.5
id-17266	1	2	19	0.5
id-17267	2	3	14	0.4
id-17268	9	5	10	0.2
id-17269	3	2	8	0.5
id-17270	10	17	24	0.4
id-17271	6	8	10	0.2
id-17272	7	4	24	0.2
id-17273	6	9	7	0.3
id-17274	1	2	3	0.3
id-17275	10	14	30	0.2
id-17276	5	6	10	0.4
id-17277	1	2	4	0.2
id-17278	10	12	12	0.3
id-17279	5	5	20	0.3
id-17280	9	5	24	0.4
id-17281	9	2	3	0.3
id-17282	5	2	18	0.4
id-17283	3	3	1	0.3
id-17284	5	3	23	0.4
id-17285	2	3	10	0.4
id-17286	7	12	12	0.2
id-17287	10	15	3	0.2
id-17288	3	4	15	0.4
id-17289	7	11	6	0.4
id-17290	1	2	13	0.3
id-17291	1	2	15	0.4
id-17292	9	13	22	0.2
id-17293	5	5	4	0.3
id-17294	1	2	30	0.3
id-17295	3	4	25	0.2
id-17296	2	2	23	0.5
id-17297	8	14	10	0.2
id-17298	10	2	12	0.4
id-17299	9	18	10	0.2
id-17300	3	3	14	0.4
id-17301	4	5	29	0.4
id-17302	1	2	28	0.3
id-17303	10	9	3	0.2
id-17304	1	2	17	0.3
id-17305	2	2	7	0.5
id-17306	8	6	1	0.3
id-17307	3	5	8	0.5
id-17308	5	4	12	0.2
id-17309	7	5	17	0.4
id-17310	6	2	2	0.3
id-17311	8	5	12	0.4
id-17312	9	2	11	0.5
id-17313	9	2	19	0.4
id-17314	3	2	25	0.5
id-17315	4	7	14	0.4
id-17316	9	11	12	0.5
id-17317	3	3	6	0.4
id-17318	3	6	12	0.3
id-17319	10	9	27	0.5
id-17320	3	2	2	0.5
id-17321	8	14	22	0.3
id-17322	8	2	7	0.3
id-17323	9	3	9	0.4
id-17324	5	9	16	0.3
id-17325	5	7	21	0.5
id-17326	4	2	11	0.2
id-17327	7	14	18	0.4
id-17328	6	2	1	0.2
id-17329	3	5	24	0.4
id-17330	1	2	6	0.3
id-17331	3	3	4	0.2
id-17332	7	5	13	0.4
id-17333	8	16	7	0.4
id-17334	2	4	18	0.3
id-17335	8	4	21	0.5
id-17336	6	5	23	0.3
id-17337	7	10	20	0.3
id-17338	1	2	14	0.2
id-17339	4	5	28	0.4
id-17340	6	2	17	0.3
id-17341	5	7	2	0.3
id-17342	4	4	19	0.3
id-17343	1	2	14	0.4
id-17344	1	2	19	0.2
id-17345	9	15	18	0.4
id-17346	9	17	28	0.4
id-17347	5	7	23	0.3
id-17348	10	3	5	0.4
id-17349	8	5	10	0.4
id-17350	1	2	3	0.2
id-17351	4	8	14	0.5
id-17352	3	5	29	0.3
id-17353	9	16	1	0.4
id-17354	3	2	28	0.4
id-17355	9	17	20	0.5
id-17356	1	2	12	0.4
id-17357	2	3	9	0.3
id-17358	6	9	17	0.4
id-17359	4	7	8	0.5
id-17360	9	9	27	0.4
id-17361	3	2	15	0.3
id-17362	7	12	22	0.3
id-17363	4	6	4	0.4
id-17364	1	2	25	0.3
id-17365	8	15	1	0.5
id-17366	6	9	19	0.3
id-17367	4	4	10	0.4
id-17368	4	5	16	0.2
id-17369	8	16	8	0.3
id-17370	3	4	6	0.5
id-17371	1	2	9	0.3
id-17372	10	3	16	0.3
id-17373	10	14	17	0.5
id-17374	9	17	6	0.5
id-17375	10	3	27	0.4
id-17376	8	15	27	0.5
id-17377	4	4	27	0.3
id-17378	3	6	15	0.4
id-17379	2	3	7	0.3
id-17380	5	9	27	0.3
id-17381	7	7	17	0.5
id-17382	1	2	4	0.2
id-17383	5	4	20	0.4
id-17384	9	2	19	0.3
id-17385	2	3	20	0.3
id-17386	8	13	23	0.3
id-17387	10	20	22	0.4
id-17388	7	2	16	0.5
id-17389	5	10	29	0.5
id-17390	1	2	1	0.3
id-17391	1	2	11	0.4
id-17392	8	14	18	0.4
id-17393	9	12	2	0.4
id-17394	1	2	18	0.3
id-17395	2	2	11	0.3
id-17396	7	5	16	0.2
id-17397	5	2	17	0.2
id-17398	10	12	5	0.4
id-17399	4	2	14	0.4
id-17400	5	7	13	0.2
id-17401	10	12	21	0.5
id-17402	4	7	18	0.4
id-17403	2	4	26	0.3
id-17404	7	7	8	0.4
id-17405	4	5	4	0.5
id-17406	8	14	27	0.5
id-17407	10	12	9	0.5
id-17408	5	8	7	0.5
id-17409	2	4	26	0.3
id-17410	9	8	7	0.3
id-17411	10	10	5	0.3
id-17412	10	9	5	0.2
id-17413	3	6	6	0.5
id-17414	2	3	27	0.2
id-17415	10	7	8	0.4
id-17416	9	18	9	0.2
id-17417	5	7	19	0.4
id-17418	6	4	23	0.3
id-17419	7	9	15	0.5
id-17420	5	3	22	0.3
id-17421	5	2	1	0.3
id-17422	7	6	26	0.4
id-17423	10	18	10	0.5
id-17424	3	6	11	0.5
id-17425	4	8	23	0.3
id-17426	8	6	12	0.2
id-17427	1	2	30	0.3
id-17428	8	9	8	0.3
id-17429	1	2	9	0.4
id-17430	4	6	18	0.4
id-17431	6	9	17	0.3
id-17432	3	5	3	0.3
id-17433	9	2	22	0.2
id-17434	9	3	18	0.4
id-17435	5	9	18	0.2
id-17436	9	17	28	0.4
id-17437	2	2	11	0.5
id-17438	2	2	7	0.5
id-17439	4	4	20	0.5
id-17440	3	3	19	0.4
id-17441	2	2	16	0.3
id-17442	8	11	27	0.4
id-17443	9	3	22	0.5
id-17444	2	4	20	0.5
id-17445	4	4	8	0.5
id-17446	5	3	17	0.4
id-17447	3	3	16	0.3
id-17448	9	4	7	0.2
id-17449	8	2	24	0.5
id-17450	6	2	6	0.3
id-17451	3	3	2	0.5
id-17452	6	6	30	0.5
id-17453	1	2	22	0.2
id-17454	9	14	19	0.4
id-17455	7	8	19	0.2
id-17456	6	9	5	0.3
id-17457	6	7	14	0.3
id-17458	9	17	4	0.5
id-17459	10	18	12	0.3
id-17460	9	4	27	0.5
id-17461	7	2	26	0.2
id-17462	5	2	16	0.4
id-17463	1	2	17	0.4
id-17464	2	2	10	0.2
id-17465	4	6	12	0.3
id-17466	1	2	19	0.3
id-17467	3	5	4	0.4
id-17468	7	5	26	0.3
id-17469	6	9	12	0.4
id-17470	7	8	7	0.3
id-17471	9	17	9	0.4
id-17472	8	5	22	0.4
id-17473	1	2	20	0.5
id-17474	2	3	18	0.3
id-17475	5	7	28	0.4
id-17476	5	5	6	0.4
id-17477	4	6	21	0.3
id-17478	10	5	27	0.4
id-17479	2	3	1	0.5
id-17480	10	16	15	0.3
id-17481	8	13	12	0.3
id-17482	7	9	11	0.4
id-17483	10	10	8	0.3
id-17484	5	5	11	0.4
id-17485	8	11	27	0.5
id-17486	1	2	30	0.3
id-17487	10	18	28	0.3
id-17488	5	5	1	0.3
id-17489	9	17	3	0.4
id-17490	9	17	18	0.4
id-17491	4	3	22	0.4
id-17492	4	3	25	0.3
id-17493	2	2	3	0.3
id-17494	10	5	29	0.5
id-17495	5	6	12	0.3
id-17496	7	4	11	0.4
id-17497	5	7	6	0.2
id-17498	3	3	19	0.4
id-17499	2	2	15	0.4
id-17500	2	4	10	0.3
id-17501	6	3	12	0.3
id-17502	5	9	19	0.3
id-17503	8	10	10	0.5
id-17504	1	2	29	0.3
id-17505	1	2	4	0.2
id-17506	5	5	22	0.5
id-17507	8	3	23	0.3
id-17508	7	3	9	0.2
id-17509	9	13	4	0.4
id-17510	7	3	27	0.4
id-17511	7	2	15	0.4
id-17512	3	4	14	0.3
id-17513	1	2	19	0.3
id-17514	6	5	16	0.4
id-17515	10	7	12	0.5
id-17516	10	20	28	0.3
id-17517	7	5	3	0.2
id-17518	9	5	7	0.4
id-17519	6	6	10	0.5
id-17520	9	10	20	0.4
id-17521	7	10	7	0.4
id-17522	4	5	27	0.4
id-17523	2	4	27	0.2
id-17524	10	20	18	0.3
id-17525	2	4	3	0.3
id-17526	5	9	2	0.5
id-17527	1	2	3	0.5
id-17528	8	9	17	0.2
id-17529	8	12	1	0.4
id-17530	2	3	9	0.2
id-17531	3	3	11	0.2
id-17532	5	3	29	0.4
id-17533	3	4	9	0.5
id-17534	1	2	3	0.4
id-17535	3	3	12	0.2
id-17536	8	16	30	0.3
id-17537	2	2	24	0.5
id-17538	2	3	19	0.2
id-17539	2	3	4	0.3
id-17540	4	7	23	0.3
id-17541	8	6	20	0.4
id-17542	9	5	22	0.4
id-17543	7	11	27	0.4
id-17544	3	3	16	0.2
id-17545	10	2	13	0.4
id-17546	5	6	10	0.5
id-17547	9	10	4	0.3
id-17548	9	6	4	0.3
id-17549	3	6	24	0.3
id-17550	1	2	25	0.2
id-17551	5	2	21	0.3
id-17552	8	6	1	0.2
id-17553	2	3	11	0.4
id-17554	9	12	14	0.2
id-17555	6	10	2	0.2
id-17556	10	14	11	0.2
id-17557	7	14	13	0.4
id-17558	6	7	7	0.4
id-17559	4	5	8	0.4
id-17560	3	4	8	0.4
id-17561	2	4	16	0.4
id-17562	10	2	3	0.5
id-17563	6	9	24	0.2
id-17564	9	6	16	0.4
id-17565	6	7	30	0.2
id-17566	8	10	13	0.4
id-17567	1	2	30	0.5
id-17568	6	10	26	0.3
id-17569	9	2	25	0.3
id-17570	2	2	3	0.4
id-17571	10	12	20	0.3
id-17572	6	7	13	0.4
id-17573	10	5	22	0.4
id-17574	8	14	7	0.4
id-17575	4	6	6	0.3
id-17576	2	2	6	0.4
id-17577	6	6	2	0.2
id-17578	9	5	7	0.4
id-17579	2	2	2	0.2
id-17580	10	8	8	0.4
id-17581	7	6	8	0.3
id-17582	2	2	10	0.4
id-17583	3	5	16	0.3
id-17584	5	7	27	0.3
id-17585	5	4	28	0.3
id-17586	10	6	8	0.5
id-17587	8	8	20	0.2
id-17588	4	4	26	0.5
id-17589	10	20	7	0.4
id-17590	1	2	5	0.2
id-17591	6	10	28	0.2
id-17592	10	6	22	0.2
id-17593	6	5	18	0.3
id-17594	8	8	17	0.3
id-17595	4	5	2	0.4
id-17596	3	5	19	0.2
id-17597	3	5	18	0.4
id-17598	4	2	2	0.2
id-17599	10	19	22	0.2
id-17600	9	6	14	0.5
id-17601	10	16	24	0.3
id-17602	8	10	2	0.2
id-17603	3	3	26	0.5
id-17604	5	3	20	0.5
id-17605	2	4	29	0.4
id-17606	2	4	13	0.4
id-17607	6	7	19	0.2
id-17608	7	3	11	0.5
id-17609	5	9	12	0.3
id-17610	4	5	2	0.5
id-17611	1	2	30	0.5
id-17612	4	8	14	0.3
id-17613	3	3	24	0.5
id-17614	10	6	7	0.3
id-17615	7	2	27	0.4
id-17616	7	10	21	0.3
id-17617	5	5	15	0.4
id-17618	6	2	5	0.2
id-17619	5	5	4	0.3
id-17620	6	6	18	0.3
id-17621	6	7	24	0.4
id-17622	3	6	12	0.4
id-17623	6	7	21	0.5
id-17624	3	2	21	0.4
id-17625	6	7	27	0.4
id-17626	10	7	28	0.4
id-17627	9	10	16	0.3
id-17628	3	5	17	0.4
id-17629	9	7	9	0.3
id-17630	3	3	22	0.5
id-17631	5	10	28	0.5
id-17632	6	12	23	0.2
id-17633	7	11	5	0.4
id-17634	7	3	27	0.4
id-17635	7	3	27	0.5
id-17636	7	9	12	0.3
id-17637	1	2	30	0.4
id-17638	6	11	2	0.5
id-17639	4	4	1	0.2
id-17640	6	4	9	0.4
id-17641	6	4	26	0.3
id-17642	4	4	15	0.4
id-17643	9	8	3	0.3
id-17644	8	10	23	0.5
id-17645	10	7	23	0.3
id-17646	4	7	3	0.4
id-17647	4	6	18	0.4
id-17648	1	2	3	0.3
id-17649	5	3	1	0.4
id-17650	5	4	23	0.4
id-17651	5	10	11	0.3
id-17652	3	5	1	0.4
id-17653	9	13	2	0.5
id-17654	2	4	6	0.3
id-17655	5	10	6	0.5
id-17656	6	8	7	0.4
id-17657	9	8	2	0.2
id-17658	6	10	16	0.3
id-17659	5	5	26	0.3
id-17660	1	2	7	0.4
id-17661	1	2	27	0.2
id-17662	5	8	17	0.3
id-17663	7	12	9	0.3
id-17664	1	2	10	0.4
id-17665	9	16	16	0.3
id-17666	6	10	14	0.3
id-17667	7	13	29	0.3
id-17668	4	3	6	0.4
id-17669	5	2	21	0.5
id-17670	1	2	3	0.3
id-17671	2	3	30	0.4
id-17672	6	10	18	0.2
id-17673	6	2	26	0.4
id-17674	8	4	14	0.4
id-17675	10	19	24	0.4
id-17676	5	8	10	0.4
id-17677	5	7	26	0.4
id-17678	9	16	30	0.4
id-17679	5	2	9	0.2
id-17680	5	8	11	0.5
id-17681	3	3	9	0.2
id-17682	2	2	28	0.3
id-17683	7	3	3	0.3
id-17684	8	5	12	0.2
id-17685	3	4	8	0.3
id-17686	7	4	17	0.3
id-17687	6	9	25	0.5
id-17688	10	15	28	0.4
id-17689	6	4	10	0.3
id-17690	3	4	28	0.4
id-17691	8	13	24	0.2
id-17692	10	11	4	0.3
id-17693	1	2	19	0.4
id-17694	7	4	15	0.3
id-17695	9	9	23	0.2
id-17696	5	3	2	0.3
id-17697	4	8	29	0.4
id-17698	10	11	5	0.2
id-17699	7	6	19	0.4
id-17700	10	9	16	0.4
id-17701	6	8	12	0.4
id-17702	4	7	2	0.3
id-17703	2	4	3	0.5
id-17704	2	3	1	0.4
id-17705	5	10	3	0.3
id-17706	10	5	20	0.5
id-17707	4	4	13	0.5
id-17708	2	3	16	0.4
id-17709	5	6	3	0.4
id-17710	2	2	25	0.2
id-17711	7	7	1	0.4
id-17712	3	6	23	0.5
id-17713	2	4	15	0.3
id-17714	7	13	28	0.3
id-17715	1	2	8	0.2
id-17716	3	6	4	0.3
id-17717	8	4	29	0.3
id-17718	3	6	11	0.2
id-17719	10	4	3	0.2
id-17720	1	2	28	0.2
id-17721	7	2	25	0.3
id-17722	8	6	21	0.3
id-17723	10	19	19	0.4
id-17724	8	13	4	0.4
id-17725	1	2	5	0.2
id-17726	8	7	12	0.2
id-17727	6	6	13	0.4
id-17728	4	7	13	0.3
id-17729	5	10	1	0.5
id-17730	6	3	18	0.4
id-17731	7	4	17	0.5
id-17732	5	10	26	0.3
id-17733	8	8	5	0.3
id-17734	4	8	3	0.3
id-17735	5	7	16	0.4
id-17736	1	2	3	0.4
id-17737	9	10	6	0.4
id-17738	2	3	24	0.4
id-17739	1	2	6	0.2
id-17740	6	8	10	0.3
id-17741	3	6	29	0.4
id-17742	10	20	30	0.3
id-17743	2	3	27	0.4
id-17744	9	13	20	0.3
id-17745	3	4	22	0.2
id-17746	10	18	21	0.3
id-17747	7	3	12	0.4
id-17748	2	2	23	0.4
id-17749	6	12	4	0.2
id-17750	6	7	14	0.5
id-17751	3	3	23	0.3
id-17752	2	3	4	0.4
id-17753	5	5	4	0.3
id-17754	10	15	12	0.4
id-17755	3	4	6	0.3
id-17756	3	6	27	0.2
id-17757	1	2	17	0.4
id-17758	3	2	23	0.4
id-17759	1	2	20	0.4
id-17760	8	5	17	0.4
id-17761	8	8	16	0.3
id-17762	6	4	5	0.3
id-17763	6	12	14	0.3
id-17764	5	2	5	0.4
id-17765	4	6	2	0.2
id-17766	4	5	7	0.3
id-17767	7	9	26	0.5
id-17768	4	4	28	0.3
id-17769	1	2	2	0.4
id-17770	10	16	19	0.2
id-17771	5	6	7	0.5
id-17772	1	2	22	0.4
id-17773	10	17	16	0.4
id-17774	9	9	23	0.5
id-17775	4	4	26	0.4
id-17776	2	3	27	0.2
id-17777	5	8	9	0.3
id-17778	1	2	16	0.3
id-17779	9	8	29	0.4
id-17780	4	6	7	0.5
id-17781	1	2	12	0.5
id-17782	8	16	1	0.4
id-17783	6	7	6	0.2
id-17784	7	5	8	0.4
id-17785	8	7	14	0.3
id-17786	6	6	30	0.4
id-17787	3	3	22	0.2
id-17788	6	8	17	0.4
id-17789	2	4	22	0.2
id-17790	8	15	20	0.2
id-17791	6	7	5	0.3
id-17792	7	12	9	0.3
id-17793	8	2	28	0.3
id-17794	5	9	19	0.4
id-17795	7	3	6	0.5
id-17796	1	2	10	0.4
id-17797	10	19	6	0.3
id-17798	4	8	5	0.4
id-17799	1	2	3	0.4
id-17800	10	13	20	0.3
id-17801	1	2	23	0.4
id-17802	5	3	3	0.4
id-17803	4	3	24	0.4
id-17804	2	2	8	0.5
id-17805	2	3	6	0.4
id-17806	1	2	25	0.4
id-17807	7	4	18	0.3
id-17808	3	5	10	0.3
id-17809	1	2	28	0.3
id-17810	3	2	6	0.5
id-17811	6	2	5	0.3
id-17812	2	3	20	0.4
id-17813	2	3	16	0.2
id-17814	5	9	26	0.4
id-17815	6	9	14	0.4
id-17816	5	2	21	0.4
id-17817	2	3	8	0.4
id-17818	2	3	5	0.3
id-17819	10	15	22	0.4
id-17820	8	4	18	0.5
id-17821	1	2	9	0.4
id-17822	6	10	26	0.5
id-17823	7	4	21	0.4
id-17824	6	12	9	0.2
id-17825	7	13	29	0.4
id-17826	1	2	12	0.3
id-17827	1	2	14	0.2
id-17828	4	6	7	0.2
id-17829	4	5	6	0.5
id-17830	3	2	7	0.3
id-17831	9	9	18	0.3
id-17832	8	8	5	0.3
id-17833	6	12	29	0.3
id-17834	3	4	20	0.5
id-17835	9	6	18	0.3
id-17836	1	2	21	0.4
id-17837	4	5	23	0.3
id-17838	10	8	1	0.3
id-17839	6	7	30	0.3
id-17840	1	2	20	0.4
id-17841	5	4	21	0.4
id-17842	9	4	5	0.5
id-17843	3	4	6	0.5
id-17844	1	2	11	0.4
id-17845	4	3	30	0.3
id-17846	4	3	7	0.2
id-17847	7	2	15	0.4
id-17848	10	3	28	0.3
id-17849	2	2	5	0.4
id-17850	1	2	6	0.2
id-17851	2	3	27	0.4
id-17852	2	3	27	0.2
id-17853	4	2	27	0.4
id-17854	3	3	14	0.5
id-17855	8	14	28	0.3
id-17856	5	6	1	0.5
id-17857	1	2	16	0.2
id-17858	10	9	15	0.4
id-17859	10	10	9	0.4
id-17860	4	6	8	0.3
id-17861	1	2	5	0.3
id-17862	1	2	26	0.4
id-17863	4	8	29	0.4
id-17864	10	16	6	0.2
id-17865	4	5	19	0.3
id-17866	10	12	11	0.5
id-17867	10	15	29	0.4
id-17868	3	2	6	0.5
id-17869	3	3	7	0.4
id-17870	10	3	12	0.2
id-17871	4	6	30	0.4
id-17872	1	2	15	0.4
id-17873	5	7	17	0.3
id-17874	6	5	22	0.3
id-17875	9	18	26	0.3
id-17876	3	3	25	0.3
id-17877	7	8	8	0.4
id-17878	8	10	2	0.2
id-17879	9	13	19	0.5
id-17880	4	6	18	0.2
id-17881	10	11	16	0.4
id-17882	3	3	24	0.3
id-17883	1	2	20	0.2
id-17884	3	6	11	0.3
id-17885	6	2	26	0.2
id-17886	5	6	2	0.4
id-17887	9	15	7	0.5
id-17888	3	5	6	0.2
id-17889	8	16	11	0.4
id-17890	1	2	26	0.3
id-17891	9	17	29	0.4
id-17892	10	2	23	0.3
id-17893	4	3	22	0.4
id-17894	6	7	2	0.2
id-17895	10	10	14	0.4
id-17896	8	5	4	0.5
id-17897	7	3	7	0.4
id-17898	9	3	22	0.3
id-17899	10	10	29	0.4
id-17900	2	2	3	0.4
id-17901	10	6	18	0.4
id-17902	2	4	10	0.4
id-17903	6	4	17	0.3
id-17904	9	10	2	0.3
id-17905	6	10	12	0.4
id-17906	9	2	24	0.4
id-17907	6	11	19	0.4
id-17908	2	3	23	0.4
id-17909	4	4	20	0.4
id-17910	9	3	19	0.3
id-17911	2	4	12	0.3
id-17912	6	5	17	0.4
id-17913	8	10	11	0.3
id-17914	4	4	13	0.2
id-17915	10	14	15	0.4
id-17916	2	2	25	0.4
id-17917	10	5	17	0.3
id-17918	5	3	23	0.3
id-17919	10	10	6	0.5
id-17920	4	2	30	0.3
id-17921	8	13	2	0.2
id-17922	6	9	9	0.5
id-17923	10	18	3	0.3
id-17924	5	8	10	0.3
id-17925	3	2	5	0.4
id-17926	1	2	22	0.2
id-17927	3	3	4	0.3
id-17928	6	6	9	0.4
id-17929	9	15	19	0.3
id-17930	8	9	16	0.4
id-17931	8	9	27	0.3
id-17932	3	2	6	0.5
id-17933	8	9	1	0.2
id-17934	4	4	23	0.5
id-17935	1	2	12	0.3
id-17936	4	4	22	0.5
id-17937	8	9	30	0.2
id-17938	2	2	8	0.2
id-17939	8	3	11	0.5
id-17940	8	8	19	0.3
id-17941	7	6	7	0.3
id-17942	1	2	3	0.3
id-17943	9	17	29	0.2
id-17944	8	8	24	0.3
id-17945	8	7	11	0.4
id-17946	7	7	6	0.3
id-17947	3	3	8	0.5
id-17948	5	4	15	0.4
id-17949	6	2	22	0.4
id-17950	3	2	20	0.5
id-17951	1	2	10	0.3
id-17952	6	12	26	0.4
id-17953	4	6	2	0.3
id-17954	9	15	17	0.4
id-17955	5	7	22	0.4
id-17956	9	2	29	0.5
id-17957	9	5	2	0.3
id-17958	9	13	24	0.4
id-17959	10	18	7	0.4
id-17960	5	5	25	0.3
id-17961	3	3	21	0.4
id-17962	2	2	6	0.4
id-17963	9	2	5	0.4
id-17964	8	11	22	0.3
id-17965	4	8	8	0.5
id-17966	6	4	4	0.5
id-17967	9	12	12	0.2
id-17968	2	3	28	0.2
id-17969	2	3	15	0.3
id-17970	4	4	7	0.4
id-17971	1	2	25	0.3
id-17972	2	2	18	0.2
id-17973	2	4	16	0.3
id-17974	1	2	8	0.5
id-17975	8	10	11	0.3
id-17976	9	13	12	0.4
id-17977	5	2	6	0.5
id-17978	9	11	30	0.4
id-17979	3	6	18	0.4
id-17980	7	14	7	0.4
id-17981	7	7	17	0.4
id-17982	10	17	18	0.4
id-17983	2	3	25	0.4
id-17984	9	8	27	0.4
id-17985	1	2	3	0.3
id-17986	4	7	18	0.5
id-17987	3	6	25	0.4
id-17988	10	6	11	0.3
id-17989	9	6	26	0.3
id-17990	4	4	7	0.2
id-17991	7	4	30	0.4
id-17992	1	2	22	0.3
id-17993	1	2	9	0.4
id-17994	9	6	16	0.3
id-17995	5	4	20	0.4
id-17996	10	13	28	0.4
id-17997	10	6	18	0.2
id-17998	8	13	14	0.3
id-17999	3	6	7	0.4
id-18000	5	5	30	0.4
id-18001	5	3	1	0.4
id-18002	10	18	5	0.4
id-18003	1	2	9	0.4
id-18004	4	7	25	0.3
id-18005	3	5	22	0.3
id-18006	1	2	9	0.2
id-18007	1	2	16	0.4
id-18008	5	3	15	0.3
id-18009	10	20	12	0.5
id-18010	5	8	12	0.3
id-18011	9	8	3	0.3
id-18012	8	7	28	0.2
id-18013	7	12	1	0.5
id-18014	4	5	21	0.4
id-18015	5	10	5	0.5
id-18016	5	2	30	0.5
id-18017	10	20	25	0.3
id-18018	5	6	6	0.5
id-18019	6	6	24	0.3
id-18020	2	3	23	0.2
id-18021	8	16	13	0.3
id-18022	9	10	11	0.2
id-18023	5	7	8	0.4
id-18024	9	2	13	0.3
id-18025	1	2	9	0.4
id-18026	1	2	7	0.3
id-18027	4	7	26	0.5
id-18028	7	12	21	0.3
id-18029	9	15	19	0.4
id-18030	8	8	26	0.3
id-18031	6	9	6	0.4
id-18032	3	5	17	0.3
id-18033	1	2	20	0.2
id-18034	3	6	21	0.3
id-18035	6	6	22	0.4
id-18036	8	2	10	0.3
id-18037	3	5	30	0.3
id-18038	3	2	12	0.3
id-18039	1	2	16	0.4
id-18040	9	13	12	0.2
id-18041	7	4	16	0.4
id-18042	6	11	5	0.4
id-18043	4	7	7	0.5
id-18044	5	9	29	0.2
id-18045	8	12	11	0.3
id-18046	7	12	20	0.3
id-18047	7	6	21	0.4
id-18048	3	5	13	0.3
id-18049	2	4	15	0.3
id-18050	3	6	6	0.3
id-18051	2	3	7	0.3
id-18052	7	14	25	0.2
id-18053	8	13	19	0.3
id-18054	5	8	15	0.3
id-18055	4	8	2	0.4
id-18056	4	4	1	0.4
id-18057	5	8	20	0.3
id-18058	6	4	8	0.3
id-18059	9	12	15	0.3
id-18060	6	4	3	0.2
id-18061	1	2	27	0.2
id-18062	1	2	1	0.5
id-18063	9	14	17	0.3
id-18064	1	2	11	0.5
id-18065	8	15	20	0.2
id-18066	1	2	17	0.4
id-18067	9	5	22	0.5
id-18068	5	4	27	0.4
id-18069	8	8	17	0.2
id-18070	3	2	9	0.4
id-18071	6	2	27	0.3
id-18072	9	14	27	0.4
id-18073	7	13	14	0.5
id-18074	10	19	30	0.5
id-18075	2	2	25	0.4
id-18076	1	2	14	0.3
id-18077	3	6	5	0.2
id-18078	9	3	9	0.4
id-18079	6	6	26	0.3
id-18080	4	8	25	0.4
id-18081	7	11	7	0.2
id-18082	10	2	4	0.5
id-18083	10	19	6	0.4
id-18084	3	5	5	0.3
id-18085	4	3	18	0.4
id-18086	6	2	13	0.4
id-18087	10	8	29	0.5
id-18088	4	5	21	0.3
id-18089	7	3	8	0.4
id-18090	5	6	24	0.3
id-18091	10	2	15	0.2
id-18092	4	7	4	0.4
id-18093	5	6	27	0.5
id-18094	8	8	8	0.2
id-18095	1	2	27	0.5
id-18096	1	2	22	0.3
id-18097	9	2	20	0.2
id-18098	4	2	25	0.5
id-18099	7	13	12	0.5
id-18100	9	15	1	0.3
id-18101	4	4	22	0.4
id-18102	8	6	13	0.3
id-18103	3	4	30	0.5
id-18104	6	2	7	0.4
id-18105	8	4	11	0.2
id-18106	9	2	28	0.3
id-18107	7	2	15	0.5
id-18108	1	2	12	0.4
id-18109	6	6	25	0.4
id-18110	5	4	15	0.5
id-18111	6	6	13	0.2
id-18112	8	15	21	0.4
id-18113	1	2	28	0.5
id-18114	4	8	13	0.3
id-18115	5	3	8	0.3
id-18116	6	10	7	0.2
id-18117	2	3	22	0.4
id-18118	1	2	5	0.5
id-18119	7	12	29	0.2
id-18120	8	13	25	0.3
id-18121	6	6	3	0.3
id-18122	3	4	24	0.4
id-18123	3	5	29	0.4
id-18124	8	12	29	0.5
id-18125	2	2	12	0.4
id-18126	5	8	5	0.5
id-18127	1	2	23	0.5
id-18128	7	10	10	0.5
id-18129	6	4	26	0.3
id-18130	1	2	17	0.3
id-18131	3	3	2	0.3
id-18132	4	3	10	0.2
id-18133	5	6	16	0.4
id-18134	2	4	25	0.3
id-18135	3	4	8	0.2
id-18136	3	3	16	0.3
id-18137	1	2	13	0.4
id-18138	4	5	18	0.4
id-18139	7	7	20	0.4
id-18140	4	7	16	0.4
id-18141	9	10	20	0.2
id-18142	6	9	14	0.3
id-18143	1	2	27	0.4
id-18144	3	4	14	0.3
id-18145	1	2	11	0.3
id-18146	4	3	17	0.4
id-18147	1	2	15	0.2
id-18148	1	2	28	0.3
id-18149	2	4	9	0.4
id-18150	10	11	3	0.4
id-18151	1	2	15	0.3
id-18152	9	18	30	0.4
id-18153	7	9	25	0.3
id-18154	4	2	18	0.3
id-18155	8	16	5	0.5
id-18156	7	2	22	0.5
id-18157	7	8	26	0.4
id-18158	9	12	13	0.4
id-18159	6	2	1	0.3
id-18160	9	11	10	0.2
id-18161	4	7	28	0.3
id-18162	2	2	22	0.5
id-18163	2	2	8	0.3
id-18164	2	4	29	0.4
id-18165	3	6	29	0.4
id-18166	9	12	18	0.4
id-18167	6	11	15	0.3
id-18168	10	13	18	0.4
id-18169	9	7	2	0.3
id-18170	3	6	10	0.5
id-18171	4	8	30	0.2
id-18172	2	4	8	0.5
id-18173	3	4	3	0.5
id-18174	5	4	17	0.3
id-18175	5	5	11	0.4
id-18176	2	4	23	0.2
id-18177	5	7	6	0.4
id-18178	5	7	2	0.4
id-18179	2	4	9	0.2
id-18180	6	2	1	0.5
id-18181	2	3	17	0.3
id-18182	5	10	1	0.4
id-18183	3	6	19	0.4
id-18184	2	3	29	0.3
id-18185	9	2	9	0.4
id-18186	5	10	8	0.4
id-18187	4	2	16	0.3
id-18188	5	2	13	0.5
id-18189	2	3	13	0.3
id-18190	3	3	14	0.4
id-18191	1	2	23	0.4
id-18192	6	9	30	0.3
id-18193	4	4	16	0.4
id-18194	2	4	8	0.3
id-18195	6	8	1	0.3
id-18196	8	8	6	0.5
id-18197	4	4	24	0.2
id-18198	5	8	22	0.4
id-18199	6	7	9	0.4
id-18200	9	3	26	0.4
id-18201	4	5	7	0.4
id-18202	6	3	3	0.3
id-18203	9	7	25	0.2
id-18204	3	4	26	0.2
id-18205	5	3	1	0.4
id-18206	3	4	18	0.4
id-18207	4	8	19	0.3
id-18208	7	7	23	0.4
id-18209	3	2	11	0.3
id-18210	6	7	21	0.3
id-18211	5	7	3	0.4
id-18212	9	16	14	0.3
id-18213	2	2	16	0.4
id-18214	8	14	28	0.4
id-18215	8	10	2	0.4
id-18216	4	6	16	0.5
id-18217	2	4	15	0.4
id-18218	1	2	9	0.2
id-18219	7	10	16	0.3
id-18220	5	5	11	0.4
id-18221	3	3	1	0.3
id-18222	8	4	18	0.3
id-18223	9	12	13	0.5
id-18224	7	13	11	0.5
id-18225	10	17	11	0.5
id-18226	4	2	25	0.4
id-18227	10	10	20	0.4
id-18228	3	3	11	0.2
id-18229	1	2	2	0.5
id-18230	4	5	8	0.4
id-18231	5	4	26	0.2
id-18232	9	7	15	0.5
id-18233	2	3	23	0.5
id-18234	7	8	25	0.4
id-18235	2	3	29	0.2
id-18236	3	2	14	0.3
id-18237	7	9	29	0.3
id-18238	4	2	1	0.3
id-18239	7	3	24	0.4
id-18240	9	18	11	0.4
id-18241	2	4	8	0.4
id-18242	6	2	24	0.3
id-18243	9	18	6	0.3
id-18244	7	13	25	0.3
id-18245	7	6	15	0.4
id-18246	7	6	26	0.5
id-18247	3	6	26	0.3
id-18248	2	3	19	0.4
id-18249	1	2	6	0.4
id-18250	5	10	28	0.4
id-18251	6	11	25	0.5
id-18252	8	8	28	0.2
id-18253	5	5	10	0.3
id-18254	8	16	25	0.5
id-18255	6	2	9	0.3
id-18256	5	9	13	0.3
id-18257	1	2	16	0.2
id-18258	1	2	28	0.3
id-18259	4	3	25	0.3
id-18260	4	3	19	0.4
id-18261	6	5	13	0.3
id-18262	7	8	9	0.4
id-18263	8	15	30	0.4
id-18264	2	2	11	0.5
id-18265	3	2	3	0.3
id-18266	3	6	13	0.3
id-18267	7	13	1	0.3
id-18268	10	19	9	0.5
id-18269	8	8	7	0.5
id-18270	3	6	14	0.4
id-18271	9	4	10	0.4
id-18272	6	6	14	0.3
id-18273	4	7	4	0.3
id-18274	5	6	18	0.4
id-18275	3	4	11	0.5
id-18276	7	11	15	0.3
id-18277	10	8	20	0.5
id-18278	10	14	20	0.3
id-18279	10	2	2	0.4
id-18280	6	5	18	0.4
id-18281	4	4	23	0.4
id-18282	4	8	26	0.3
id-18283	7	7	9	0.4
id-18284	9	6	21	0.2
id-18285	10	3	2	0.3
id-18286	2	3	14	0.4
id-18287	7	5	11	0.4
id-18288	9	17	8	0.3
id-18289	9	8	24	0.3
id-18290	9	2	15	0.2
id-18291	9	3	17	0.3
id-18292	9	5	13	0.3
id-18293	3	3	17	0.3
id-18294	8	9	12	0.5
id-18295	4	5	1	0.4
id-18296	5	10	23	0.3
id-18297	10	20	11	0.3
id-18298	2	4	11	0.4
id-18299	6	11	21	0.3
id-18300	3	4	13	0.4
id-18301	10	19	26	0.3
id-18302	6	9	16	0.2
id-18303	5	10	4	0.4
id-18304	6	7	21	0.2
id-18305	8	6	5	0.3
id-18306	7	14	9	0.3
id-18307	7	14	23	0.3
id-18308	10	20	14	0.5
id-18309	5	7	23	0.4
id-18310	2	3	23	0.3
id-18311	7	12	7	0.4
id-18312	4	5	15	0.5
id-18313	4	2	20	0.5
id-18314	6	12	2	0.4
id-18315	8	6	16	0.3
id-18316	9	10	15	0.2
id-18317	10	7	16	0.3
id-18318	6	11	1	0.4
id-18319	8	5	25	0.4
id-18320	10	3	20	0.3
id-18321	6	2	26	0.4
id-18322	2	3	24	0.4
id-18323	8	11	11	0.3
id-18324	6	3	30	0.5
id-18325	3	2	23	0.4
id-18326	7	3	11	0.3
id-18327	3	6	18	0.4
id-18328	3	3	30	0.3
id-18329	8	15	8	0.4
id-18330	4	8	14	0.3
id-18331	5	7	8	0.3
id-18332	4	2	16	0.2
id-18333	2	3	14	0.4
id-18334	3	3	7	0.2
id-18335	5	8	8	0.5
id-18336	6	5	1	0.3
id-18337	10	3	9	0.3
id-18338	5	3	25	0.2
id-18339	2	4	9	0.3
id-18340	2	4	16	0.5
id-18341	5	5	14	0.2
id-18342	7	2	18	0.2
id-18343	6	7	15	0.4
id-18344	8	7	15	0.4
id-18345	9	15	6	0.4
id-18346	9	6	12	0.5
id-18347	9	15	24	0.4
id-18348	4	6	25	0.2
id-18349	1	2	14	0.3
id-18350	5	2	1	0.4
id-18351	3	2	3	0.4
id-18352	10	13	14	0.3
id-18353	7	13	11	0.5
id-18354	9	18	29	0.3
id-18355	4	5	22	0.2
id-18356	2	4	24	0.3
id-18357	4	3	14	0.4
id-18358	6	4	10	0.3
id-18359	1	2	23	0.3
id-18360	8	11	2	0.3
id-18361	5	6	29	0.3
id-18362	5	2	8	0.3
id-18363	1	2	23	0.3
id-18364	6	9	21	0.3
id-18365	9	14	22	0.3
id-18366	8	13	3	0.4
id-18367	1	2	5	0.3
id-18368	4	2	6	0.5
id-18369	1	2	17	0.3
id-18370	5	2	9	0.3
id-18371	8	7	18	0.3
id-18372	5	6	3	0.2
id-18373	5	7	23	0.2
id-18374	6	11	19	0.4
id-18375	9	3	10	0.2
id-18376	10	5	23	0.3
id-18377	7	5	29	0.5
id-18378	3	6	22	0.3
id-18379	8	15	16	0.3
id-18380	2	2	28	0.3
id-18381	10	16	27	0.4
id-18382	8	6	13	0.3
id-18383	10	6	10	0.4
id-18384	3	4	18	0.3
id-18385	2	3	16	0.3
id-18386	4	5	12	0.4
id-18387	6	12	3	0.4
id-18388	1	2	27	0.5
id-18389	2	2	13	0.3
id-18390	3	6	16	0.5
id-18391	5	2	25	0.2
id-18392	5	7	3	0.4
id-18393	7	9	22	0.3
id-18394	4	3	10	0.5
id-18395	8	11	10	0.3
id-18396	7	2	16	0.3
id-18397	6	12	13	0.4
id-18398	8	13	13	0.4
id-18399	7	13	20	0.5
id-18400	2	4	21	0.4
id-18401	1	2	5	0.3
id-18402	1	2	29	0.4
id-18403	6	5	21	0.3
id-18404	2	3	12	0.3
id-18405	2	3	8	0.5
id-18406	7	5	7	0.2
id-18407	5	6	25	0.3
id-18408	4	7	17	0.5
id-18409	5	2	3	0.2
id-18410	4	2	12	0.5
id-18411	8	15	10	0.4
id-18412	4	6	11	0.3
id-18413	10	16	18	0.2
id-18414	3	2	4	0.5
id-18415	8	8	14	0.4
id-18416	5	10	4	0.3
id-18417	4	8	9	0.4
id-18418	2	4	25	0.4
id-18419	4	4	11	0.3
id-18420	5	2	27	0.4
id-18421	8	9	22	0.5
id-18422	9	16	6	0.5
id-18423	1	2	28	0.4
id-18424	9	13	21	0.2
id-18425	8	14	30	0.4
id-18426	6	11	9	0.2
id-18427	9	8	20	0.3
id-18428	7	3	19	0.4
id-18429	6	2	2	0.3
id-18430	7	5	9	0.3
id-18431	7	6	19	0.3
id-18432	6	11	4	0.4
id-18433	10	18	16	0.3
id-18434	7	4	19	0.4
id-18435	4	2	13	0.4
id-18436	6	7	16	0.3
id-18437	3	3	18	0.4
id-18438	10	16	29	0.2
id-18439	10	19	5	0.3
id-18440	10	8	23	0.3
id-18441	5	9	5	0.3
id-18442	8	11	7	0.2
id-18443	5	7	8	0.4
id-18444	1	2	1	0.3
id-18445	8	15	26	0.2
id-18446	5	2	17	0.4
id-18447	9	9	28	0.4
id-18448	4	2	12	0.4
id-18449	9	3	23	0.3
id-18450	8	5	3	0.4
id-18451	6	8	1	0.5
id-18452	3	3	21	0.2
id-18453	10	5	3	0.3
id-18454	1	2	3	0.4
id-18455	2	3	22	0.3
id-18456	10	3	22	0.3
id-18457	9	10	30	0.3
id-18458	6	4	22	0.4
id-18459	2	3	21	0.4
id-18460	8	13	4	0.3
id-18461	3	3	4	0.3
id-18462	6	3	22	0.2
id-18463	9	2	8	0.2
id-18464	3	4	15	0.4
id-18465	6	6	28	0.2
id-18466	10	4	14	0.3
id-18467	7	10	10	0.3
id-18468	1	2	28	0.3
id-18469	3	3	19	0.3
id-18470	9	10	8	0.5
id-18471	4	2	2	0.2
id-18472	10	14	23	0.2
id-18473	4	6	22	0.3
id-18474	9	7	27	0.2
id-18475	9	10	8	0.3
id-18476	2	3	26	0.5
id-18477	7	12	5	0.4
id-18478	10	2	19	0.2
id-18479	10	12	17	0.3
id-18480	2	2	14	0.4
id-18481	4	2	9	0.4
id-18482	9	12	28	0.3
id-18483	10	9	6	0.5
id-18484	2	4	23	0.2
id-18485	7	12	18	0.3
id-18486	8	13	30	0.4
id-18487	3	3	5	0.3
id-18488	6	12	13	0.5
id-18489	6	2	6	0.5
id-18490	5	3	26	0.5
id-18491	3	6	3	0.2
id-18492	7	4	7	0.4
id-18493	9	5	12	0.2
id-18494	7	11	3	0.4
id-18495	8	3	26	0.4
id-18496	1	2	21	0.3
id-18497	2	4	13	0.2
id-18498	3	6	15	0.4
id-18499	1	2	9	0.4
id-18500	9	16	30	0.3
id-18501	9	5	6	0.3
id-18502	2	4	21	0.4
id-18503	6	8	12	0.4
id-18504	4	2	29	0.3
id-18505	4	5	30	0.3
id-18506	6	9	16	0.4
id-18507	2	3	20	0.2
id-18508	2	2	15	0.3
id-18509	9	7	17	0.4
id-18510	7	6	25	0.3
id-18511	5	10	29	0.5
id-18512	9	18	25	0.2
id-18513	9	8	26	0.4
id-18514	10	19	27	0.3
id-18515	8	16	2	0.2
id-18516	6	5	10	0.3
id-18517	3	5	26	0.3
id-18518	9	2	18	0.4
id-18519	8	16	20	0.3
id-18520	2	4	30	0.4
id-18521	3	5	28	0.3
id-18522	9	16	12	0.2
id-18523	8	13	23	0.5
id-18524	2	3	15	0.4
id-18525	9	13	18	0.4
id-18526	6	12	23	0.3
id-18527	6	2	11	0.4
id-18528	3	2	11	0.3
id-18529	5	8	26	0.2
id-18530	8	10	1	0.3
id-18531	2	3	21	0.3
id-18532	4	2	25	0.3
id-18533	10	12	17	0.3
id-18534	3	5	3	0.3
id-18535	9	12	16	0.4
id-18536	1	2	14	0.3
id-18537	9	7	9	0.3
id-18538	7	7	15	0.4
id-18539	4	5	14	0.4
id-18540	9	8	17	0.2
id-18541	10	20	21	0.3
id-18542	4	4	21	0.4
id-18543	1	2	19	0.3
id-18544	9	3	10	0.4
id-18545	1	2	21	0.4
id-18546	10	14	10	0.4
id-18547	8	8	1	0.4
id-18548	5	10	17	0.2
id-18549	9	2	6	0.2
id-18550	3	6	21	0.4
id-18551	1	2	5	0.4
id-18552	1	2	23	0.4
id-18553	7	14	1	0.2
id-18554	5	9	22	0.5
id-18555	6	3	19	0.4
id-18556	4	5	8	0.2
id-18557	10	16	26	0.4
id-18558	7	4	8	0.3
id-18559	2	3	1	0.2
id-18560	8	12	13	0.5
id-18561	3	2	2	0.3
id-18562	8	4	1	0.3
id-18563	7	12	6	0.2
id-18564	4	4	7	0.3
id-18565	5	7	15	0.3
id-18566	3	5	28	0.3
id-18567	6	8	1	0.2
id-18568	10	8	5	0.4
id-18569	7	14	23	0.4
id-18570	2	4	7	0.4
id-18571	5	3	5	0.4
id-18572	7	3	25	0.3
id-18573	3	2	22	0.4
id-18574	4	3	28	0.3
id-18575	8	6	9	0.5
id-18576	1	2	27	0.4
id-18577	5	9	22	0.4
id-18578	1	2	16	0.4
id-18579	6	6	4	0.5
id-18580	6	3	20	0.3
id-18581	1	2	25	0.2
id-18582	3	6	11	0.4
id-18583	9	15	2	0.3
id-18584	4	6	10	0.2
id-18585	5	2	7	0.2
id-18586	2	2	29	0.5
id-18587	2	4	5	0.4
id-18588	5	7	2	0.4
id-18589	3	5	5	0.4
id-18590	1	2	10	0.3
id-18591	7	12	18	0.4
id-18592	6	6	30	0.3
id-18593	7	10	21	0.4
id-18594	9	15	22	0.2
id-18595	3	6	25	0.5
id-18596	2	3	26	0.2
id-18597	5	2	8	0.5
id-18598	1	2	2	0.4
id-18599	8	7	12	0.2
id-18600	6	11	23	0.4
id-18601	4	2	26	0.4
id-18602	1	2	12	0.4
id-18603	1	2	8	0.4
id-18604	1	2	21	0.4
id-18605	7	14	8	0.3
id-18606	3	4	3	0.4
id-18607	5	5	8	0.4
id-18608	7	4	9	0.5
id-18609	9	12	22	0.3
id-18610	3	6	13	0.5
id-18611	10	8	19	0.2
id-18612	9	7	19	0.5
id-18613	1	2	24	0.5
id-18614	1	2	5	0.5
id-18615	10	6	8	0.2
id-18616	1	2	19	0.4
id-18617	10	4	29	0.2
id-18618	10	10	6	0.2
id-18619	7	12	16	0.2
id-18620	5	2	28	0.3
id-18621	5	6	8	0.3
id-18622	10	14	24	0.5
id-18623	4	3	25	0.3
id-18624	2	3	24	0.3
id-18625	4	5	26	0.4
id-18626	8	6	3	0.2
id-18627	8	7	13	0.4
id-18628	4	3	22	0.3
id-18629	3	5	2	0.3
id-18630	8	6	20	0.3
id-18631	9	18	30	0.3
id-18632	5	10	8	0.3
id-18633	1	2	5	0.4
id-18634	9	18	2	0.4
id-18635	5	6	16	0.2
id-18636	2	4	23	0.2
id-18637	2	3	11	0.4
id-18638	7	7	28	0.3
id-18639	1	2	20	0.3
id-18640	10	7	22	0.3
id-18641	8	6	10	0.4
id-18642	4	6	14	0.5
id-18643	4	8	7	0.3
id-18644	7	6	30	0.3
id-18645	5	9	12	0.5
id-18646	8	15	14	0.2
id-18647	4	2	9	0.5
id-18648	3	5	30	0.4
id-18649	3	3	3	0.5
id-18650	6	12	29	0.4
id-18651	5	10	22	0.5
id-18652	2	2	6	0.4
id-18653	1	2	17	0.5
id-18654	7	13	3	0.4
id-18655	3	3	6	0.4
id-18656	2	3	27	0.2
id-18657	6	9	6	0.5
id-18658	2	2	27	0.5
id-18659	7	8	20	0.3
id-18660	7	6	2	0.2
id-18661	6	2	3	0.2
id-18662	4	5	3	0.2
id-18663	1	2	1	0.5
id-18664	10	8	11	0.4
id-18665	6	5	11	0.3
id-18666	5	3	1	0.4
id-18667	2	3	20	0.4
id-18668	7	4	3	0.2
id-18669	1	2	1	0.4
id-18670	1	2	30	0.3
id-18671	1	2	25	0.4
id-18672	6	8	1	0.4
id-18673	2	2	27	0.2
id-18674	9	6	27	0.3
id-18675	6	10	3	0.4
id-18676	4	7	20	0.4
id-18677	9	8	24	0.2
id-18678	10	19	6	0.3
id-18679	10	6	5	0.4
id-18680	6	8	9	0.4
id-18681	8	12	25	0.2
id-18682	9	11	23	0.3
id-18683	2	3	8	0.5
id-18684	2	2	14	0.4
id-18685	2	2	4	0.4
id-18686	2	3	5	0.3
id-18687	3	5	24	0.2
id-18688	2	3	10	0.2
id-18689	1	2	9	0.5
id-18690	8	5	7	0.4
id-18691	7	7	13	0.4
id-18692	7	10	11	0.3
id-18693	4	4	18	0.4
id-18694	1	2	20	0.4
id-18695	1	2	25	0.4
id-18696	6	9	2	0.5
id-18697	8	5	17	0.3
id-18698	2	3	9	0.3
id-18699	3	5	30	0.3
id-18700	8	9	17	0.2
id-18701	5	5	28	0.3
id-18702	4	5	24	0.5
id-18703	7	13	17	0.3
id-18704	6	5	6	0.4
id-18705	5	6	12	0.3
id-18706	1	2	28	0.5
id-18707	3	6	30	0.5
id-18708	2	2	30	0.3
id-18709	8	16	24	0.4
id-18710	2	3	17	0.4
id-18711	7	13	9	0.4
id-18712	10	11	2	0.2
id-18713	4	7	25	0.4
id-18714	6	8	10	0.3
id-18715	6	9	23	0.5
id-18716	2	2	21	0.4
id-18717	1	2	22	0.2
id-18718	6	8	29	0.4
id-18719	6	4	6	0.5
id-18720	7	3	29	0.4
id-18721	3	6	19	0.2
id-18722	2	4	14	0.4
id-18723	9	14	19	0.4
id-18724	5	2	2	0.5
id-18725	8	8	4	0.3
id-18726	2	2	16	0.5
id-18727	9	10	22	0.3
id-18728	8	9	6	0.4
id-18729	6	4	17	0.5
id-18730	1	2	10	0.3
id-18731	9	14	16	0.4
id-18732	10	5	28	0.4
id-18733	4	8	6	0.4
id-18734	5	9	21	0.4
id-18735	7	4	27	0.4
id-18736	4	4	4	0.3
id-18737	7	12	23	0.3
id-18738	4	4	14	0.5
id-18739	3	3	28	0.5
id-18740	8	4	1	0.3
id-18741	10	20	2	0.3
id-18742	6	2	18	0.3
id-18743	10	12	5	0.3
id-18744	8	15	11	0.3
id-18745	10	4	20	0.2
id-18746	4	4	28	0.3
id-18747	3	6	16	0.3
id-18748	4	6	12	0.4
id-18749	3	5	28	0.5
id-18750	1	2	10	0.2
id-18751	1	2	7	0.3
id-18752	4	6	15	0.3
id-18753	7	10	27	0.3
id-18754	1	2	18	0.4
id-18755	10	14	22	0.4
id-18756	9	7	17	0.2
id-18757	7	5	27	0.4
id-18758	3	4	29	0.4
id-18759	5	3	1	0.4
id-18760	3	5	30	0.4
id-18761	4	8	9	0.5
id-18762	4	3	20	0.2
id-18763	1	2	3	0.3
id-18764	6	12	4	0.3
id-18765	9	3	11	0.5
id-18766	5	7	8	0.2
id-18767	9	17	13	0.2
id-18768	9	13	12	0.4
id-18769	1	2	19	0.2
id-18770	3	4	4	0.2
id-18771	10	19	7	0.3
id-18772	1	2	22	0.4
id-18773	7	11	12	0.3
id-18774	10	3	17	0.5
id-18775	6	3	26	0.5
id-18776	6	2	28	0.2
id-18777	6	2	12	0.5
id-18778	9	18	26	0.5
id-18779	1	2	20	0.3
id-18780	7	6	17	0.5
id-18781	10	10	3	0.4
id-18782	4	4	4	0.2
id-18783	9	12	27	0.4
id-18784	6	3	27	0.4
id-18785	6	2	28	0.3
id-18786	5	6	21	0.2
id-18787	4	6	24	0.4
id-18788	9	7	14	0.4
id-18789	3	3	12	0.4
id-18790	2	3	25	0.2
id-18791	3	4	1	0.3
id-18792	4	7	7	0.4
id-18793	8	4	24	0.2
id-18794	7	2	27	0.5
id-18795	6	5	2	0.4
id-18796	5	3	2	0.4
id-18797	8	11	7	0.3
id-18798	10	6	19	0.2
id-18799	8	7	19	0.3
id-18800	6	11	5	0.4
id-18801	3	4	12	0.4
id-18802	7	9	8	0.3
id-18803	2	3	5	0.5
id-18804	2	2	30	0.3
id-18805	5	8	22	0.3
id-18806	1	2	7	0.4
id-18807	7	12	9	0.4
id-18808	3	6	27	0.5
id-18809	9	2	22	0.5
id-18810	2	2	2	0.3
id-18811	1	2	2	0.4
id-18812	3	2	18	0.4
id-18813	2	4	14	0.4
id-18814	8	14	11	0.3
id-18815	7	4	1	0.3
id-18816	7	13	3	0.4
id-18817	1	2	11	0.5
id-18818	8	2	8	0.2
id-18819	9	17	24	0.3
id-18820	3	4	12	0.4
id-18821	2	3	22	0.5
id-18822	3	2	11	0.3
id-18823	8	13	22	0.4
id-18824	3	3	21	0.2
id-18825	9	15	1	0.3
id-18826	3	3	21	0.4
id-18827	9	8	25	0.2
id-18828	4	5	3	0.3
id-18829	7	7	2	0.3
id-18830	6	6	22	0.2
id-18831	3	4	27	0.2
id-18832	3	2	20	0.3
id-18833	4	7	9	0.3
id-18834	7	12	17	0.4
id-18835	3	4	3	0.4
id-18836	10	10	12	0.4
id-18837	10	13	4	0.3
id-18838	10	18	29	0.3
id-18839	7	11	22	0.2
id-18840	7	11	27	0.3
id-18841	6	7	4	0.5
id-18842	2	3	1	0.2
id-18843	4	7	17	0.2
id-18844	2	3	9	0.5
id-18845	5	7	1	0.3
id-18846	10	12	30	0.3
id-18847	5	8	27	0.4
id-18848	7	5	19	0.4
id-18849	6	12	29	0.3
id-18850	10	5	12	0.4
id-18851	10	7	27	0.4
id-18852	10	3	30	0.4
id-18853	5	7	20	0.4
id-18854	9	15	29	0.5
id-18855	7	5	8	0.3
id-18856	2	4	27	0.3
id-18857	6	4	28	0.3
id-18858	1	2	23	0.3
id-18859	4	8	12	0.2
id-18860	8	6	15	0.3
id-18861	4	3	23	0.3
id-18862	8	10	29	0.4
id-18863	5	10	11	0.4
id-18864	4	4	6	0.5
id-18865	8	5	24	0.4
id-18866	9	8	10	0.4
id-18867	2	4	22	0.4
id-18868	5	6	8	0.4
id-18869	7	3	24	0.3
id-18870	7	4	3	0.4
id-18871	5	7	22	0.3
id-18872	10	9	7	0.5
id-18873	2	3	16	0.4
id-18874	9	10	16	0.3
id-18875	3	5	2	0.3
id-18876	5	10	29	0.3
id-18877	9	10	6	0.3
id-18878	3	3	22	0.4
id-18879	10	6	6	0.2
id-18880	6	4	23	0.5
id-18881	4	2	18	0.5
id-18882	2	4	19	0.4
id-18883	1	2	13	0.4
id-18884	5	9	5	0.4
id-18885	3	6	27	0.3
id-18886	6	10	1	0.3
id-18887	1	2	3	0.2
id-18888	7	10	25	0.4
id-18889	6	10	3	0.5
id-18890	1	2	14	0.3
id-18891	10	10	24	0.3
id-18892	7	3	23	0.3
id-18893	3	2	4	0.4
id-18894	7	4	19	0.3
id-18895	1	2	2	0.5
id-18896	10	11	7	0.4
id-18897	1	2	26	0.2
id-18898	5	5	24	0.4
id-18899	6	12	7	0.2
id-18900	2	4	28	0.3
id-18901	1	2	23	0.3
id-18902	4	2	8	0.5
id-18903	2	3	15	0.2
id-18904	1	2	7	0.5
id-18905	4	6	10	0.2
id-18906	2	3	22	0.4
id-18907	10	13	7	0.2
id-18908	3	2	13	0.3
id-18909	3	4	30	0.5
id-18910	2	2	26	0.4
id-18911	4	3	9	0.2
id-18912	5	4	28	0.4
id-18913	2	3	17	0.4
id-18914	9	11	4	0.2
id-18915	5	2	8	0.3
id-18916	4	7	1	0.4
id-18917	10	4	19	0.3
id-18918	6	3	7	0.4
id-18919	9	15	21	0.2
id-18920	4	3	23	0.3
id-18921	8	16	12	0.3
id-18922	3	2	2	0.4
id-18923	10	12	8	0.3
id-18924	8	14	1	0.3
id-18925	1	2	10	0.3
id-18926	6	6	7	0.3
id-18927	8	6	18	0.4
id-18928	5	3	10	0.3
id-18929	2	4	11	0.5
id-18930	5	10	20	0.2
id-18931	6	2	6	0.2
id-18932	9	15	18	0.3
id-18933	3	5	22	0.4
id-18934	3	4	24	0.3
id-18935	4	6	29	0.4
id-18936	5	7	27	0.4
id-18937	7	13	24	0.3
id-18938	3	6	25	0.4
id-18939	10	5	18	0.5
id-18940	2	2	22	0.2
id-18941	10	14	25	0.4
id-18942	10	17	20	0.3
id-18943	3	4	10	0.3
id-18944	5	5	13	0.3
id-18945	4	3	9	0.5
id-18946	8	7	19	0.2
id-18947	2	3	16	0.3
id-18948	10	8	9	0.2
id-18949	9	5	6	0.4
id-18950	5	4	13	0.5
id-18951	3	3	27	0.2
id-18952	3	2	21	0.5
id-18953	4	6	3	0.4
id-18954	6	7	26	0.4
id-18955	1	2	12	0.3
id-18956	7	9	26	0.5
id-18957	9	15	13	0.4
id-18958	6	5	27	0.4
id-18959	7	12	16	0.2
id-18960	6	8	11	0.2
id-18961	10	19	3	0.2
id-18962	7	13	29	0.3
id-18963	6	5	4	0.3
id-18964	5	7	11	0.5
id-18965	10	16	12	0.3
id-18966	6	2	3	0.5
id-18967	7	7	14	0.3
id-18968	6	4	7	0.5
id-18969	2	2	10	0.4
id-18970	8	13	29	0.3
id-18971	1	2	19	0.4
id-18972	5	7	3	0.3
id-18973	9	6	2	0.5
id-18974	4	3	11	0.3
id-18975	6	4	29	0.2
id-18976	4	8	8	0.5
id-18977	3	4	24	0.4
id-18978	9	4	24	0.3
id-18979	10	14	13	0.4
id-18980	9	6	12	0.4
id-18981	8	12	10	0.3
id-18982	8	7	20	0.4
id-18983	8	12	16	0.4
id-18984	9	4	19	0.5
id-18985	1	2	26	0.2
id-18986	7	13	7	0.4
id-18987	8	5	6	0.4
id-18988	8	12	4	0.3
id-18989	7	7	28	0.4
id-18990	3	6	16	0.3
id-18991	9	7	26	0.3
id-18992	3	5	28	0.3
id-18993	7	7	6	0.3
id-18994	2	2	24	0.4
id-18995	1	2	1	0.5
id-18996	8	12	26	0.3
id-18997	6	3	5	0.4
id-18998	6	2	23	0.3
id-18999	4	3	28	0.3
id-19000	8	10	1	0.4
id-19001	5	3	14	0.4
id-19002	1	2	2	0.3
id-19003	1	2	16	0.5
id-19004	1	2	7	0.3
id-19005	10	3	24	0.3
id-19006	2	2	7	0.2
id-19007	3	2	28	0.3
id-19008	9	5	2	0.2
id-19009	5	3	30	0.3
id-19010	1	2	28	0.2
id-19011	1	2	7	0.2
id-19012	2	4	10	0.4
id-19013	2	4	15	0.3
id-19014	6	9	12	0.4
id-19015	1	2	24	0.4
id-19016	2	3	4	0.2
id-19017	7	10	11	0.4
id-19018	2	2	10	0.3
id-19019	5	5	10	0.2
id-19020	7	9	18	0.3
id-19021	6	8	13	0.4
id-19022	8	11	20	0.4
id-19023	6	3	14	0.4
id-19024	5	8	16	0.3
id-19025	7	10	28	0.5
id-19026	2	2	27	0.4
id-19027	10	16	13	0.3
id-19028	8	16	23	0.3
id-19029	6	6	2	0.3
id-19030	2	4	1	0.3
id-19031	1	2	1	0.4
id-19032	2	3	22	0.4
id-19033	8	7	18	0.3
id-19034	2	3	22	0.3
id-19035	9	14	7	0.2
id-19036	2	2	7	0.3
id-19037	10	4	30	0.4
id-19038	5	6	17	0.3
id-19039	10	7	5	0.4
id-19040	1	2	3	0.3
id-19041	10	5	12	0.4
id-19042	5	8	8	0.2
id-19043	10	7	15	0.2
id-19044	6	9	27	0.4
id-19045	5	8	28	0.3
id-19046	10	10	2	0.5
id-19047	7	14	2	0.4
id-19048	2	3	18	0.5
id-19049	9	3	6	0.2
id-19050	1	2	18	0.3
id-19051	2	2	30	0.4
id-19052	4	4	21	0.3
id-19053	8	4	12	0.3
id-19054	4	2	4	0.3
id-19055	6	2	16	0.4
id-19056	8	16	9	0.4
id-19057	7	14	23	0.2
id-19058	4	5	9	0.3
id-19059	2	4	12	0.4
id-19060	10	3	20	0.3
id-19061	5	2	11	0.4
id-19062	4	4	25	0.4
id-19063	5	9	14	0.4
id-19064	2	2	11	0.2
id-19065	5	6	25	0.5
id-19066	10	2	9	0.2
id-19067	8	16	26	0.5
id-19068	10	13	24	0.3
id-19069	4	6	27	0.4
id-19070	10	6	22	0.3
id-19071	10	17	19	0.3
id-19072	3	5	12	0.3
id-19073	7	12	7	0.2
id-19074	9	7	25	0.4
id-19075	8	16	30	0.4
id-19076	1	2	2	0.3
id-19077	3	6	6	0.5
id-19078	1	2	22	0.3
id-19079	5	8	22	0.5
id-19080	1	2	24	0.2
id-19081	9	9	27	0.5
id-19082	1	2	19	0.4
id-19083	10	9	11	0.3
id-19084	2	2	21	0.3
id-19085	5	2	30	0.3
id-19086	4	2	9	0.2
id-19087	1	2	12	0.4
id-19088	5	6	18	0.2
id-19089	4	8	13	0.2
id-19090	8	10	12	0.2
id-19091	9	5	5	0.5
id-19092	4	4	18	0.2
id-19093	5	3	17	0.2
id-19094	10	6	10	0.3
id-19095	9	15	26	0.2
id-19096	4	3	8	0.2
id-19097	1	2	16	0.2
id-19098	1	2	12	0.3
id-19099	10	7	12	0.3
id-19100	4	6	8	0.3
id-19101	1	2	24	0.2
id-19102	9	9	12	0.2
id-19103	4	4	16	0.5
id-19104	7	2	24	0.2
id-19105	5	9	17	0.4
id-19106	7	6	5	0.4
id-19107	2	4	28	0.5
id-19108	6	9	23	0.3
id-19109	5	7	24	0.3
id-19110	9	11	17	0.2
id-19111	7	13	26	0.3
id-19112	5	4	16	0.2
id-19113	3	4	5	0.3
id-19114	6	4	26	0.4
id-19115	9	13	29	0.5
id-19116	4	5	30	0.4
id-19117	1	2	30	0.3
id-19118	5	6	9	0.3
id-19119	6	7	15	0.5
id-19120	1	2	16	0.5
id-19121	6	10	29	0.2
id-19122	9	13	27	0.5
id-19123	4	4	24	0.4
id-19124	1	2	22	0.2
id-19125	9	13	23	0.3
id-19126	6	3	14	0.3
id-19127	4	5	8	0.3
id-19128	8	12	2	0.4
id-19129	9	15	10	0.4
id-19130	3	5	9	0.5
id-19131	5	8	18	0.2
id-19132	4	4	24	0.4
id-19133	9	11	8	0.5
id-19134	9	14	2	0.2
id-19135	10	19	17	0.4
id-19136	8	11	26	0.4
id-19137	1	2	2	0.4
id-19138	4	2	15	0.4
id-19139	1	2	15	0.4
id-19140	9	12	16	0.3
id-19141	7	3	23	0.4
id-19142	6	10	21	0.3
id-19143	7	3	15	0.4
id-19144	1	2	7	0.2
id-19145	10	9	17	0.3
id-19146	9	10	11	0.3
id-19147	6	4	29	0.2
id-19148	1	2	13	0.5
id-19149	7	11	9	0.4
id-19150	8	11	2	0.3
id-19151	9	12	25	0.2
id-19152	1	2	21	0.3
id-19153	4	7	19	0.5
id-19154	3	4	3	0.4
id-19155	2	2	14	0.5
id-19156	7	13	16	0.4
id-19157	6	7	22	0.3
id-19158	8	6	25	0.3
id-19159	8	15	29	0.4
id-19160	9	16	3	0.4
id-19161	9	6	22	0.5
id-19162	2	2	18	0.4
id-19163	1	2	9	0.3
id-19164	9	9	8	0.4
id-19165	1	2	1	0.4
id-19166	8	9	29	0.4
id-19167	3	3	20	0.2
id-19168	8	15	30	0.4
id-19169	3	5	27	0.2
id-19170	4	3	12	0.4
id-19171	2	4	14	0.5
id-19172	9	9	5	0.5
id-19173	1	2	12	0.4
id-19174	2	2	23	0.3
id-19175	4	8	17	0.4
id-19176	7	2	29	0.5
id-19177	9	3	3	0.3
id-19178	2	4	12	0.4
id-19179	10	14	7	0.5
id-19180	8	4	20	0.4
id-19181	5	7	4	0.3
id-19182	10	18	17	0.4
id-19183	4	7	25	0.2
id-19184	5	3	15	0.4
id-19185	2	4	3	0.4
id-19186	7	4	13	0.4
id-19187	8	12	13	0.4
id-19188	8	13	25	0.4
id-19189	4	3	3	0.3
id-19190	10	3	18	0.2
id-19191	5	10	6	0.4
id-19192	3	3	10	0.4
id-19193	2	3	28	0.2
id-19194	6	6	26	0.3
id-19195	7	10	18	0.3
id-19196	2	4	29	0.4
id-19197	5	4	1	0.4
id-19198	3	2	19	0.5
id-19199	5	2	26	0.5
id-19200	4	6	21	0.4
id-19201	3	5	23	0.3
id-19202	6	12	29	0.4
id-19203	3	3	6	0.4
id-19204	5	2	1	0.2
id-19205	8	13	18	0.5
id-19206	3	4	2	0.4
id-19207	1	2	3	0.4
id-19208	2	4	25	0.4
id-19209	4	2	9	0.3
id-19210	7	8	22	0.5
id-19211	9	5	11	0.3
id-19212	3	2	14	0.5
id-19213	8	8	27	0.4
id-19214	3	3	17	0.2
id-19215	4	2	29	0.2
id-19216	7	8	1	0.2
id-19217	10	18	8	0.3
id-19218	10	19	22	0.3
id-19219	2	4	6	0.4
id-19220	8	16	6	0.5
id-19221	6	12	3	0.4
id-19222	4	8	19	0.4
id-19223	1	2	20	0.5
id-19224	8	4	14	0.3
id-19225	7	11	3	0.5
id-19226	7	12	18	0.3
id-19227	9	11	15	0.3
id-19228	6	12	19	0.2
id-19229	3	2	9	0.4
id-19230	4	4	15	0.5
id-19231	10	20	5	0.4
id-19232	4	7	7	0.4
id-19233	8	5	29	0.4
id-19234	9	4	19	0.3
id-19235	9	3	4	0.4
id-19236	6	5	16	0.4
id-19237	2	2	13	0.5
id-19238	6	8	22	0.5
id-19239	7	5	2	0.3
id-19240	3	2	11	0.5
id-19241	9	6	29	0.3
id-19242	1	2	30	0.4
id-19243	6	12	17	0.3
id-19244	3	4	14	0.3
id-19245	5	3	18	0.2
id-19246	4	6	4	0.2
id-19247	4	8	1	0.3
id-19248	6	6	25	0.3
id-19249	4	6	6	0.5
id-19250	6	6	7	0.5
id-19251	6	12	3	0.3
id-19252	10	16	8	0.3
id-19253	4	2	29	0.4
id-19254	9	8	15	0.2
id-19255	2	3	9	0.5
id-19256	10	16	16	0.4
id-19257	5	6	17	0.3
id-19258	3	4	18	0.4
id-19259	9	4	15	0.2
id-19260	1	2	23	0.4
id-19261	9	2	15	0.2
id-19262	6	2	11	0.2
id-19263	3	2	6	0.3
id-19264	7	12	24	0.3
id-19265	6	7	25	0.3
id-19266	5	7	23	0.3
id-19267	4	2	17	0.5
id-19268	4	5	5	0.5
id-19269	8	16	6	0.3
id-19270	2	2	24	0.3
id-19271	3	5	24	0.5
id-19272	2	2	3	0.4
id-19273	3	2	21	0.5
id-19274	2	2	19	0.3
id-19275	4	7	26	0.3
id-19276	4	2	22	0.3
id-19277	4	8	21	0.4
id-19278	3	2	10	0.3
id-19279	5	2	8	0.5
id-19280	2	3	15	0.5
id-19281	8	14	24	0.3
id-19282	1	2	24	0.4
id-19283	9	17	26	0.5
id-19284	8	14	24	0.3
id-19285	2	3	8	0.5
id-19286	10	17	23	0.3
id-19287	3	2	3	0.3
id-19288	10	13	27	0.4
id-19289	3	4	26	0.3
id-19290	4	7	27	0.3
id-19291	4	2	5	0.3
id-19292	2	2	14	0.4
id-19293	6	12	12	0.5
id-19294	8	6	27	0.3
id-19295	9	3	26	0.3
id-19296	6	7	29	0.5
id-19297	7	11	13	0.4
id-19298	3	3	8	0.2
id-19299	2	2	14	0.4
id-19300	5	4	27	0.4
id-19301	1	2	7	0.3
id-19302	2	3	7	0.5
id-19303	10	11	29	0.5
id-19304	10	4	12	0.3
id-19305	1	2	11	0.2
id-19306	2	3	10	0.3
id-19307	6	9	13	0.3
id-19308	3	6	1	0.4
id-19309	6	4	24	0.4
id-19310	7	12	30	0.4
id-19311	3	4	3	0.3
id-19312	1	2	23	0.3
id-19313	2	4	14	0.3
id-19314	1	2	5	0.5
id-19315	9	10	9	0.4
id-19316	4	3	21	0.4
id-19317	3	4	18	0.4
id-19318	3	6	26	0.3
id-19319	6	8	5	0.5
id-19320	5	6	18	0.3
id-19321	7	6	19	0.4
id-19322	8	12	7	0.3
id-19323	5	7	23	0.5
id-19324	9	14	28	0.3
id-19325	1	2	18	0.4
id-19326	1	2	5	0.4
id-19327	8	15	12	0.3
id-19328	7	8	9	0.3
id-19329	10	12	18	0.2
id-19330	6	4	2	0.2
id-19331	7	12	16	0.5
id-19332	9	18	18	0.2
id-19333	7	14	14	0.4
id-19334	3	6	10	0.2
id-19335	6	2	12	0.4
id-19336	1	2	24	0.4
id-19337	7	10	11	0.4
id-19338	3	2	19	0.3
id-19339	3	5	23	0.4
id-19340	8	5	5	0.3
id-19341	10	16	14	0.3
id-19342	5	5	20	0.4
id-19343	3	6	7	0.3
id-19344	4	6	12	0.4
id-19345	2	2	27	0.5
id-19346	1	2	25	0.4
id-19347	1	2	9	0.5
id-19348	2	3	12	0.2
id-19349	3	4	14	0.3
id-19350	4	2	2	0.2
id-19351	10	10	6	0.3
id-19352	4	3	3	0.3
id-19353	5	2	28	0.4
id-19354	2	2	19	0.3
id-19355	5	9	21	0.3
id-19356	2	4	30	0.2
id-19357	9	14	6	0.3
id-19358	9	7	2	0.4
id-19359	8	15	30	0.5
id-19360	8	15	6	0.5
id-19361	5	4	25	0.3
id-19362	4	8	27	0.4
id-19363	8	8	27	0.2
id-19364	8	3	22	0.4
id-19365	9	6	13	0.5
id-19366	2	3	3	0.4
id-19367	6	6	21	0.3
id-19368	1	2	10	0.5
id-19369	1	2	26	0.2
id-19370	5	8	15	0.2
id-19371	8	7	18	0.4
id-19372	9	10	13	0.4
id-19373	10	6	3	0.2
id-19374	9	13	16	0.4
id-19375	7	5	19	0.4
id-19376	2	3	17	0.4
id-19377	3	4	27	0.3
id-19378	9	10	26	0.4
id-19379	10	8	7	0.4
id-19380	6	7	21	0.5
id-19381	7	8	17	0.5
id-19382	5	2	16	0.4
id-19383	1	2	23	0.5
id-19384	1	2	20	0.3
id-19385	1	2	20	0.4
id-19386	1	2	17	0.4
id-19387	5	6	19	0.2
id-19388	9	16	6	0.3
id-19389	6	3	21	0.5
id-19390	9	13	17	0.4
id-19391	5	7	2	0.3
id-19392	9	16	23	0.4
id-19393	4	5	11	0.4
id-19394	7	3	27	0.4
id-19395	5	9	1	0.3
id-19396	3	6	13	0.3
id-19397	10	13	24	0.4
id-19398	7	11	12	0.4
id-19399	7	6	22	0.3
id-19400	1	2	16	0.2
id-19401	4	2	14	0.4
id-19402	7	2	12	0.4
id-19403	10	9	14	0.3
id-19404	1	2	23	0.4
id-19405	4	6	2	0.3
id-19406	9	3	13	0.3
id-19407	9	9	23	0.3
id-19408	5	3	8	0.3
id-19409	7	14	14	0.3
id-19410	9	16	28	0.3
id-19411	10	10	11	0.4
id-19412	4	2	17	0.2
id-19413	10	7	18	0.3
id-19414	2	3	14	0.3
id-19415	8	4	27	0.2
id-19416	1	2	18	0.2
id-19417	2	3	18	0.3
id-19418	4	2	21	0.5
id-19419	1	2	25	0.5
id-19420	10	11	1	0.4
id-19421	3	6	4	0.2
id-19422	7	4	15	0.2
id-19423	7	4	20	0.5
id-19424	9	6	28	0.2
id-19425	2	4	2	0.2
id-19426	7	14	7	0.5
id-19427	1	2	4	0.3
id-19428	7	11	18	0.4
id-19429	6	5	14	0.5
id-19430	1	2	4	0.3
id-19431	5	4	27	0.4
id-19432	4	5	21	0.4
id-19433	7	10	20	0.3
id-19434	7	5	5	0.4
id-19435	4	6	16	0.5
id-19436	1	2	25	0.4
id-19437	2	2	27	0.3
id-19438	1	2	17	0.3
id-19439	2	2	11	0.2
id-19440	3	5	21	0.4
id-19441	9	11	3	0.4
id-19442	6	10	28	0.4
id-19443	10	5	12	0.2
id-19444	1	2	21	0.4
id-19445	5	9	13	0.4
id-19446	8	7	5	0.2
id-19447	7	7	15	0.4
id-19448	10	16	18	0.2
id-19449	10	16	13	0.4
id-19450	1	2	17	0.4
id-19451	5	8	18	0.3
id-19452	6	9	7	0.3
id-19453	4	4	13	0.3
id-19454	5	6	13	0.5
id-19455	5	9	25	0.3
id-19456	2	4	1	0.4
id-19457	6	6	10	0.3
id-19458	7	4	2	0.3
id-19459	4	5	8	0.3
id-19460	1	2	9	0.2
id-19461	3	4	10	0.2
id-19462	2	4	7	0.4
id-19463	9	12	23	0.4
id-19464	4	7	5	0.4
id-19465	5	2	26	0.5
id-19466	7	8	9	0.3
id-19467	9	13	17	0.3
id-19468	7	7	10	0.3
id-19469	7	13	12	0.3
id-19470	6	9	7	0.2
id-19471	2	4	7	0.3
id-19472	5	9	11	0.4
id-19473	9	18	6	0.2
id-19474	9	15	7	0.4
id-19475	3	2	5	0.5
id-19476	8	4	7	0.2
id-19477	6	9	28	0.3
id-19478	6	3	12	0.2
id-19479	9	6	16	0.4
id-19480	3	6	14	0.3
id-19481	2	2	9	0.5
id-19482	9	17	22	0.2
id-19483	3	6	7	0.5
id-19484	2	4	26	0.5
id-19485	9	12	26	0.5
id-19486	3	2	17	0.2
id-19487	7	8	20	0.3
id-19488	2	2	7	0.5
id-19489	6	10	15	0.5
id-19490	6	8	8	0.3
id-19491	10	12	7	0.5
id-19492	6	4	25	0.4
id-19493	2	2	16	0.3
id-19494	8	5	15	0.2
id-19495	8	2	7	0.4
id-19496	7	7	9	0.5
id-19497	4	3	7	0.4
id-19498	1	2	30	0.3
id-19499	1	2	13	0.3
id-19500	10	9	26	0.5
id-19501	2	2	5	0.3
id-19502	9	18	8	0.2
id-19503	7	12	12	0.4
id-19504	6	6	19	0.4
id-19505	5	10	21	0.4
id-19506	8	12	17	0.3
id-19507	9	17	19	0.3
id-19508	10	4	6	0.3
id-19509	5	7	19	0.5
id-19510	3	2	26	0.3
id-19511	5	6	29	0.3
id-19512	5	9	3	0.2
id-19513	3	3	9	0.5
id-19514	6	6	2	0.4
id-19515	9	5	30	0.3
id-19516	5	7	15	0.4
id-19517	9	7	11	0.4
id-19518	1	2	1	0.5
id-19519	3	4	2	0.3
id-19520	1	2	2	0.5
id-19521	3	6	11	0.4
id-19522	2	3	20	0.5
id-19523	3	3	12	0.2
id-19524	5	2	30	0.2
id-19525	3	6	13	0.2
id-19526	9	7	2	0.4
id-19527	3	5	28	0.3
id-19528	2	2	14	0.2
id-19529	5	5	16	0.4
id-19530	8	14	20	0.3
id-19531	8	4	13	0.4
id-19532	1	2	14	0.3
id-19533	5	4	11	0.3
id-19534	7	9	1	0.4
id-19535	7	10	14	0.5
id-19536	1	2	23	0.4
id-19537	10	16	17	0.4
id-19538	10	7	21	0.3
id-19539	1	2	20	0.4
id-19540	8	9	7	0.2
id-19541	1	2	23	0.3
id-19542	6	3	15	0.4
id-19543	2	4	22	0.4
id-19544	2	3	13	0.4
id-19545	3	4	2	0.2
id-19546	6	6	23	0.5
id-19547	5	4	14	0.5
id-19548	9	8	7	0.3
id-19549	6	10	24	0.4
id-19550	2	4	16	0.4
id-19551	5	2	25	0.5
id-19552	4	4	27	0.4
id-19553	9	3	3	0.4
id-19554	8	6	17	0.5
id-19555	10	18	15	0.3
id-19556	2	3	12	0.3
id-19557	6	4	13	0.4
id-19558	8	5	3	0.4
id-19559	6	3	14	0.2
id-19560	3	3	10	0.3
id-19561	8	4	12	0.4
id-19562	5	9	7	0.2
id-19563	9	8	5	0.3
id-19564	6	5	29	0.3
id-19565	3	4	10	0.3
id-19566	5	9	25	0.3
id-19567	4	4	30	0.4
id-19568	2	4	22	0.3
id-19569	7	5	3	0.5
id-19570	1	2	8	0.5
id-19571	6	9	5	0.2
id-19572	5	8	16	0.4
id-19573	5	8	25	0.2
id-19574	8	14	2	0.3
id-19575	9	5	11	0.3
id-19576	3	6	14	0.4
id-19577	6	2	30	0.2
id-19578	10	16	10	0.2
id-19579	9	14	22	0.3
id-19580	7	11	19	0.4
id-19581	9	7	15	0.2
id-19582	8	5	27	0.5
id-19583	9	15	2	0.2
id-19584	6	3	22	0.3
id-19585	6	4	22	0.4
id-19586	3	2	15	0.4
id-19587	5	3	19	0.4
id-19588	8	2	21	0.4
id-19589	7	6	22	0.3
id-19590	7	4	26	0.3
id-19591	10	10	3	0.3
id-19592	4	8	6	0.2
id-19593	2	3	14	0.3
id-19594	6	3	25	0.3
id-19595	6	9	29	0.3
id-19596	6	5	18	0.4
id-19597	2	3	19	0.3
id-19598	5	4	7	0.3
id-19599	6	4	28	0.3
id-19600	6	5	12	0.4
id-19601	7	8	1	0.3
id-19602	6	9	25	0.4
id-19603	5	7	19	0.4
id-19604	7	4	12	0.5
id-19605	3	2	5	0.5
id-19606	2	4	26	0.2
id-19607	3	6	3	0.5
id-19608	1	2	16	0.3
id-19609	1	2	13	0.4
id-19610	2	3	18	0.3
id-19611	5	6	18	0.3
id-19612	7	2	19	0.4
id-19613	4	7	13	0.2
id-19614	3	5	28	0.3
id-19615	1	2	14	0.4
id-19616	3	4	3	0.4
id-19617	4	6	19	0.3
id-19618	1	2	10	0.4
id-19619	2	2	4	0.4
id-19620	1	2	11	0.4
id-19621	2	4	27	0.4
id-19622	3	6	17	0.5
id-19623	2	4	7	0.2
id-19624	6	4	13	0.5
id-19625	9	7	29	0.2
id-19626	10	16	22	0.5
id-19627	8	6	16	0.4
id-19628	4	5	22	0.3
id-19629	7	5	13	0.4
id-19630	3	5	22	0.2
id-19631	5	4	1	0.3
id-19632	3	5	12	0.5
id-19633	2	2	12	0.4
id-19634	8	5	12	0.5
id-19635	6	7	9	0.5
id-19636	1	2	13	0.3
id-19637	7	13	5	0.3
id-19638	3	2	24	0.3
id-19639	4	5	23	0.3
id-19640	4	2	1	0.3
id-19641	2	2	28	0.3
id-19642	3	2	12	0.3
id-19643	7	4	29	0.3
id-19644	2	2	25	0.3
id-19645	9	16	6	0.3
id-19646	6	6	13	0.4
id-19647	6	10	27	0.5
id-19648	2	4	15	0.3
id-19649	3	2	21	0.4
id-19650	5	2	3	0.2
id-19651	6	3	22	0.5
id-19652	2	4	13	0.4
id-19653	6	2	1	0.2
id-19654	4	4	7	0.3
id-19655	4	7	17	0.2
id-19656	10	17	22	0.4
id-19657	9	16	25	0.4
id-19658	9	14	11	0.4
id-19659	9	16	3	0.3
id-19660	6	9	1	0.3
id-19661	6	12	21	0.4
id-19662	4	2	30	0.2
id-19663	7	9	4	0.5
id-19664	9	17	15	0.5
id-19665	3	6	10	0.2
id-19666	2	4	12	0.4
id-19667	8	10	9	0.3
id-19668	6	6	23	0.4
id-19669	9	10	28	0.4
id-19670	9	18	20	0.3
id-19671	9	9	25	0.4
id-19672	10	13	28	0.5
id-19673	2	4	1	0.2
id-19674	6	6	3	0.3
id-19675	8	3	20	0.5
id-19676	4	3	17	0.3
id-19677	10	8	30	0.4
id-19678	10	2	6	0.4
id-19679	2	3	20	0.2
id-19680	5	9	27	0.3
id-19681	1	2	9	0.4
id-19682	1	2	12	0.3
id-19683	3	4	22	0.4
id-19684	7	6	23	0.4
id-19685	10	10	16	0.3
id-19686	5	6	21	0.3
id-19687	9	10	20	0.2
id-19688	1	2	17	0.2
id-19689	5	9	13	0.5
id-19690	3	4	22	0.4
id-19691	7	13	17	0.4
id-19692	2	2	27	0.3
id-19693	10	5	22	0.3
id-19694	1	2	2	0.2
id-19695	3	6	4	0.4
id-19696	5	5	16	0.3
id-19697	3	5	23	0.2
id-19698	6	7	9	0.4
id-19699	8	14	17	0.3
id-19700	5	3	14	0.4
id-19701	6	9	29	0.4
id-19702	10	19	24	0.5
id-19703	5	8	15	0.5
id-19704	6	4	7	0.3
id-19705	9	3	3	0.3
id-19706	3	6	25	0.3
id-19707	1	2	12	0.5
id-19708	6	12	18	0.4
id-19709	5	4	16	0.4
id-19710	10	14	18	0.4
id-19711	4	2	26	0.4
id-19712	4	6	24	0.3
id-19713	4	2	12	0.3
id-19714	1	2	4	0.4
id-19715	3	3	4	0.5
id-19716	3	5	21	0.2
id-19717	3	3	1	0.3
id-19718	8	13	2	0.4
id-19719	9	18	30	0.3
id-19720	7	9	17	0.4
id-19721	2	4	18	0.3
id-19722	10	15	22	0.3
id-19723	10	17	20	0.4
id-19724	5	10	23	0.2
id-19725	9	2	1	0.3
id-19726	9	3	7	0.3
id-19727	6	3	16	0.3
id-19728	5	7	2	0.3
id-19729	9	17	17	0.4
id-19730	1	2	1	0.3
id-19731	10	8	14	0.4
id-19732	8	4	2	0.3
id-19733	8	3	29	0.3
id-19734	10	8	2	0.2
id-19735	6	7	29	0.2
id-19736	8	16	1	0.3
id-19737	6	12	5	0.5
id-19738	9	13	29	0.4
id-19739	4	8	26	0.4
id-19740	3	2	13	0.4
id-19741	5	8	18	0.2
id-19742	2	3	18	0.4
id-19743	8	11	18	0.4
id-19744	1	2	20	0.5
id-19745	8	10	18	0.5
id-19746	4	8	17	0.3
id-19747	1	2	26	0.3
id-19748	2	4	5	0.2
id-19749	4	8	21	0.3
id-19750	9	13	29	0.3
id-19751	8	7	1	0.3
id-19752	2	2	9	0.2
id-19753	3	5	6	0.3
id-19754	7	4	19	0.3
id-19755	5	9	4	0.3
id-19756	6	2	6	0.5
id-19757	7	4	21	0.5
id-19758	9	12	16	0.3
id-19759	8	10	14	0.2
id-19760	6	11	5	0.4
id-19761	8	12	14	0.4
id-19762	7	10	30	0.3
id-19763	10	20	25	0.4
id-19764	10	9	23	0.4
id-19765	2	2	27	0.3
id-19766	4	3	2	0.4
id-19767	9	8	13	0.5
id-19768	3	6	18	0.3
id-19769	6	6	15	0.3
id-19770	8	10	16	0.5
id-19771	10	9	11	0.3
id-19772	3	3	7	0.3
id-19773	5	5	14	0.4
id-19774	3	5	26	0.4
id-19775	3	5	16	0.4
id-19776	2	2	14	0.4
id-19777	2	2	20	0.3
id-19778	5	5	24	0.5
id-19779	5	7	24	0.3
id-19780	3	2	28	0.3
id-19781	9	16	14	0.4
id-19782	9	18	16	0.4
id-19783	4	7	25	0.4
id-19784	5	10	8	0.2
id-19785	8	11	9	0.4
id-19786	5	7	28	0.2
id-19787	10	14	5	0.3
id-19788	3	6	20	0.4
id-19789	8	6	3	0.4
id-19790	2	4	12	0.5
id-19791	1	2	15	0.3
id-19792	1	2	28	0.4
id-19793	7	8	12	0.4
id-19794	3	3	14	0.4
id-19795	6	8	2	0.2
id-19796	10	8	13	0.2
id-19797	7	8	21	0.3
id-19798	10	10	27	0.4
id-19799	7	3	1	0.3
id-19800	6	6	28	0.4
id-19801	9	11	22	0.5
id-19802	6	10	10	0.4
id-19803	9	3	15	0.4
id-19804	8	4	26	0.3
id-19805	5	8	16	0.4
id-19806	7	6	12	0.2
id-19807	6	2	21	0.4
id-19808	2	2	1	0.4
id-19809	3	5	4	0.4
id-19810	5	8	19	0.5
id-19811	3	6	14	0.5
id-19812	1	2	7	0.4
id-19813	7	10	19	0.3
id-19814	10	18	21	0.2
id-19815	4	2	1	0.3
id-19816	1	2	2	0.4
id-19817	5	3	18	0.4
id-19818	7	3	13	0.4
id-19819	7	9	9	0.4
id-19820	1	2	6	0.3
id-19821	2	3	17	0.3
id-19822	10	17	20	0.5
id-19823	7	2	13	0.4
id-19824	3	6	22	0.3
id-19825	2	4	12	0.4
id-19826	3	2	17	0.4
id-19827	6	3	24	0.5
id-19828	9	5	8	0.2
id-19829	4	4	29	0.4
id-19830	4	4	17	0.4
id-19831	7	6	7	0.3
id-19832	3	6	20	0.4
id-19833	4	4	5	0.2
id-19834	1	2	15	0.3
id-19835	7	8	19	0.3
id-19836	4	5	28	0.3
id-19837	9	14	15	0.3
id-19838	2	3	5	0.2
id-19839	8	13	28	0.3
id-19840	2	4	12	0.2
id-19841	3	3	26	0.4
id-19842	7	13	24	0.3
id-19843	3	4	2	0.5
id-19844	1	2	24	0.3
id-19845	3	5	10	0.3
id-19846	9	3	8	0.4
id-19847	4	4	23	0.5
id-19848	6	3	14	0.4
id-19849	8	3	6	0.2
id-19850	10	13	28	0.5
id-19851	5	7	27	0.3
id-19852	3	5	14	0.5
id-19853	8	4	5	0.4
id-19854	2	4	24	0.3
id-19855	4	6	16	0.4
id-19856	4	4	24	0.2
id-19857	7	12	4	0.2
id-19858	9	17	21	0.3
id-19859	10	6	22	0.3
id-19860	8	10	22	0.4
id-19861	10	2	8	0.2
id-19862	2	2	6	0.4
id-19863	3	3	27	0.4
id-19864	2	2	2	0.4
id-19865	6	11	13	0.3
id-19866	7	4	4	0.3
id-19867	2	3	12	0.5
id-19868	4	5	1	0.3
id-19869	2	2	4	0.5
id-19870	4	4	18	0.3
id-19871	9	17	29	0.2
id-19872	10	20	26	0.4
id-19873	6	7	11	0.3
id-19874	7	10	18	0.3
id-19875	6	7	6	0.4
id-19876	2	3	13	0.4
id-19877	3	2	28	0.3
id-19878	2	2	15	0.2
id-19879	7	7	19	0.2
id-19880	4	5	19	0.4
id-19881	2	2	14	0.5
id-19882	2	4	20	0.4
id-19883	4	3	16	0.3
id-19884	4	2	8	0.2
id-19885	1	2	22	0.5
id-19886	8	8	2	0.2
id-19887	6	5	30	0.3
id-19888	9	12	19	0.4
id-19889	2	2	20	0.4
id-19890	7	11	1	0.3
id-19891	10	11	27	0.2
id-19892	6	5	14	0.5
id-19893	8	15	7	0.3
id-19894	2	4	24	0.5
id-19895	1	2	19	0.3
id-19896	6	2	17	0.5
id-19897	7	8	30	0.5
id-19898	4	4	14	0.2
id-19899	6	4	25	0.5
id-19900	5	3	24	0.2
id-19901	6	4	10	0.4
id-19902	8	5	24	0.2
id-19903	10	5	15	0.3
id-19904	5	4	28	0.2
id-19905	1	2	23	0.3
id-19906	9	2	25	0.2
id-19907	6	11	18	0.2
id-19908	2	2	12	0.2
id-19909	5	3	29	0.4
id-19910	8	5	9	0.2
id-19911	3	2	30	0.3
id-19912	2	2	1	0.2
id-19913	8	3	18	0.4
id-19914	1	2	21	0.3
id-19915	1	2	29	0.4
id-19916	10	6	30	0.3
id-19917	10	5	9	0.2
id-19918	5	9	23	0.3
id-19919	3	6	30	0.2
id-19920	1	2	27	0.5
id-19921	2	2	8	0.4
id-19922	6	3	17	0.2
id-19923	6	2	30	0.5
id-19924	8	10	19	0.3
id-19925	6	7	15	0.2
id-19926	2	4	12	0.4
id-19927	1	2	5	0.4
id-19928	10	5	9	0.3
id-19929	2	4	25	0.3
id-19930	2	2	15	0.4
id-19931	7	13	16	0.2
id-19932	3	5	22	0.3
id-19933	8	6	14	0.4
id-19934	10	11	27	0.3
id-19935	6	9	29	0.4
id-19936	3	4	27	0.4
id-19937	6	9	21	0.2
id-19938	1	2	22	0.3
id-19939	4	3	10	0.4
id-19940	2	4	7	0.2
id-19941	7	2	27	0.3
id-19942	9	14	27	0.4
id-19943	4	4	24	0.3
id-19944	1	2	11	0.3
id-19945	5	6	22	0.5
id-19946	7	4	8	0.3
id-19947	5	7	21	0.4
id-19948	4	7	25	0.4
id-19949	4	2	14	0.3
id-19950	2	4	15	0.3
id-19951	6	10	4	0.2
id-19952	7	5	24	0.4
id-19953	2	3	15	0.4
id-19954	6	3	8	0.5
id-19955	2	2	21	0.4
id-19956	9	13	6	0.2
id-19957	8	11	2	0.4
id-19958	6	9	21	0.4
id-19959	4	7	11	0.2
id-19960	6	11	27	0.4
id-19961	7	12	29	0.3
id-19962	8	15	18	0.3
id-19963	1	2	24	0.4
id-19964	8	11	17	0.3
id-19965	2	2	6	0.4
id-19966	1	2	5	0.3
id-19967	4	7	19	0.4
id-19968	4	7	17	0.4
id-19969	5	5	12	0.5
id-19970	2	3	22	0.2
id-19971	7	6	20	0.3
id-19972	2	2	22	0.2
id-19973	3	6	16	0.3
id-19974	3	2	4	0.2
id-19975	9	17	20	0.5
id-19976	9	18	19	0.3
id-19977	8	8	5	0.2
id-19978	2	3	4	0.4
id-19979	3	4	8	0.4
id-19980	3	2	18	0.3
id-19981	4	2	10	0.3
id-19982	4	7	3	0.2
id-19983	6	2	22	0.5
id-19984	1	2	16	0.3
id-19985	3	2	3	0.3
id-19986	1	2	27	0.3
id-19987	10	13	3	0.3
id-19988	3	2	28	0.3
id-19989	2	3	17	0.4
id-19990	4	2	30	0.4
id-19991	3	5	5	0.3
id-19992	7	9	20	0.3
id-19993	8	2	13	0.5
id-19994	7	4	12	0.5
id-19995	4	4	3	0.3
id-19996	1	2	15	0.5
id-19997	1	2	22	0.3
id-19998	9	3	27	0.3
id-19999	3	4	6	0.4
