id-00000	2	2	17	0.5
id-00001	2	3	30	0.4
id-00002	8	2	18	0.5
id-00003	8	10	28	0.3
id-00004	3	2	30	0.4
id-00005	8	2	26	0.2
id-00006	8	15	26	0.3
id-00007	7	4	7	0.2
id-00008	6	8	19	0.5
id-00009	8	5	26	0.3
id-00010	2	4	25	0.3
id-00011	10	9	23	0.3
id-00012	5	7	27	0.5
id-00013	7	7	28	0.4
id-00014	1	2	21	0.5
id-00015	8	11	2	0.4
id-00016	7	12	5	0.2
id-00017	8	16	22	0.5
id-00018	9	12	16	0.5
id-00019	5	9	18	0.3
id-00020	9	6	10	0.4
id-00021	4	2	22	0.3
id-00022	4	2	3	0.3
id-00023	3	6	12	0.2
id-00024	6	6	10	0.4
id-00025	5	5	23	0.2
id-00026	6	2	6	0.2
id-00027	8	7	9	0.3
id-00028	3	4	30	0.5
id-00029	3	6	18	0.4
id-00030	2	3	30	0.3
id-00031	6	11	14	0.4
id-00032	10	9	17	0.3
id-00033	5	8	7	0.3
id-00034	9	11	24	0.5
id-00035	10	11	21	0.2
id-00036	6	11	11	0.2
id-00037	3	4	3	0.4
id-00038	6	7	25	0.5
id-00039	8	16	21	0.2
id-00040	6	3	24	0.3
id-00041	7	8	3	0.4
id-00042	4	5	4	0.3
id-00043	2	2	28	0.2
id-00044	5	10	29	0.5
id-00045	8	14	28	0.3
id-00046	8	7	6	0.3
id-00047	9	9	19	0.3
id-00048	1	2	22	0.5
id-00049	2	4	16	0.4
id-00050	6	12	24	0.3
id-00051	7	5	21	0.3
id-00052	8	13	24	0.3
id-00053	4	7	14	0.5
id-00054	4	7	11	0.5
id-00055	2	3	13	0.4
id-00056	5	7	7	0.4
id-00057	8	8	12	0.3
id-00058	1	2	11	0.3
id-00059	4	4	7	0.4
id-00060	4	3	9	0.4
id-00061	6	2	15	0.3
id-00062	8	12	12	0.3
id-00063	7	2	9	0.4
id-00064	4	8	26	0.2
id-00065	2	2	2	0.4
id-00066	8	2	9	0.4
id-00067	5	2	30	0.4
id-00068	4	2	25	0.2
id-00069	9	16	24	0.2
id-00070	9	14	15	0.4
id-00071	1	2	2	0.3
id-00072	9	8	6	0.4
id-00073	6	9	15	0.2
id-00074	6	4	11	0.4
id-00075	10	4	30	0.5
id-00076	9	16	5	0.4
id-00077	10	16	2	0.4
id-00078	5	6	4	0.4
id-00079	6	5	17	0.2
id-00080	2	4	4	0.2
id-00081	10	20	22	0.4
id-00082	5	3	17	0.2
id-00083	8	5	22	0.4
id-00084	1	2	29	0.2
id-00085	5	2	17	0.3
id-00086	4	4	15	0.4
id-00087	3	3	22	0.5
id-00088	3	3	25	0.3
id-00089	2	4	15	0.3
id-00090	4	8	7	0.3
id-00091	3	6	14	0.4
id-00092	8	13	29	0.2
id-00093	6	10	28	0.2
id-00094	1	2	25	0.5
id-00095	9	6	28	0.2
id-00096	4	3	8	0.3
id-00097	2	3	24	0.5
id-00098	5	5	24	0.5
id-00099	10	7	15	0.2
id-00100	7	9	7	0.4
id-00101	4	5	14	0.2
id-00102	5	2	16	0.5
id-00103	6	7	28	0.4
id-00104	1	2	5	0.4
id-00105	7	2	5	0.3
id-00106	3	6	9	0.3
id-00107	10	15	1	0.3
id-00108	3	4	5	0.2
id-00109	5	5	14	0.3
id-00110	2	4	29	0.4
id-00111	1	2	21	0.4
id-00112	3	6	16	0.2
id-00113	4	6	26	0.3
id-00114	3	2	20	0.3
id-00115	10	6	16	0.2
id-00116	10	11	14	0.3
id-00117	1	2	17	0.3
id-00118	8	10	19	0.3
id-00119	7	13	29	0.3
id-00120	6	5	8	0.2
id-00121	5	9	13	0.4
id-00122	2	3	7	0.2
id-00123	9	3	18	0.2
id-00124	2	2	13	0.4
id-00125	10	16	29	0.5
id-00126	4	3	8	0.4
id-00127	4	7	27	0.4
id-00128	2	3	25	0.5
id-00129	1	2	26	0.4
id-00130	7	13	29	0.4
id-00131	8	16	7	0.4
id-00132	8	13	4	0.3
id-00133	6	12	20	0.3
id-00134	3	2	7	0.3
id-00135	9	17	25	0.4
id-00136	5	7	1	0.3
id-00137	2	2	28	0.4
id-00138	2	4	24	0.2
id-00139	9	10	28	0.2
id-00140	7	12	8	0.5
id-00141	7	8	3	0.3
id-00142	9	18	27	0.2
id-00143	8	9	30	0.3
id-00144	3	6	10	0.4
id-00145	9	10	12	0.2
id-00146	7	13	20	0.4
id-00147	9	7	17	0.3
id-00148	5	7	22	0.3
id-00149	6	7	12	0.3
id-00150	4	7	18	0.4
id-00151	9	16	17	0.3
id-00152	6	4	25	0.3
id-00153	3	3	30	0.4
id-00154	3	4	9	0.4
id-00155	7	12	28	0.3
id-00156	10	9	20	0.3
id-00157	7	5	10	0.2
id-00158	4	5	21	0.3
id-00159	7	2	16	0.2
id-00160	4	6	29	0.3
id-00161	5	2	15	0.3
id-00162	2	2	25	0.2
id-00163	6	10	21	0.3
id-00164	4	6	11	0.2
id-00165	10	16	8	0.4
id-00166	3	4	14	0.4
id-00167	9	18	2	0.3
id-00168	2	2	9	0.3
id-00169	2	4	22	0.3
id-00170	8	10	21	0.3
id-00171	3	5	3	0.2
id-00172	9	16	5	0.3
id-00173	3	3	7	0.3
id-00174	9	11	5	0.3
id-00175	9	6	11	0.4
id-00176	1	2	6	0.4
id-00177	4	6	19	0.4
id-00178	7	6	18	0.3
id-00179	8	13	26	0.2
id-00180	1	2	22	0.4
id-00181	10	15	1	0.3
id-00182	3	3	12	0.3
id-00183	5	2	18	0.3
id-00184	5	2	17	0.2
id-00185	8	3	1	0.5
id-00186	5	10	3	0.3
id-00187	4	4	6	0.2
id-00188	3	4	25	0.4
id-00189	8	11	14	0.3
id-00190	7	2	10	0.5
id-00191	3	4	17	0.4
id-00192	7	9	8	0.2
id-00193	3	6	15	0.5
id-00194	5	5	19	0.3
id-00195	2	4	25	0.3
id-00196	6	3	30	0.3
id-00197	2	4	21	0.4
id-00198	4	4	18	0.3
id-00199	6	12	29	0.4
id-00200	3	4	19	0.3
id-00201	8	8	16	0.2
id-00202	2	3	5	0.4
id-00203	4	3	21	0.5
id-00204	5	6	29	0.3
id-00205	3	5	12	0.2
id-00206	6	10	1	0.5
id-00207	5	4	16	0.2
id-00208	1	2	22	0.3
id-00209	4	5	29	0.2
id-00210	2	3	29	0.4
id-00211	7	12	22	0.5
id-00212	6	7	4	0.3
id-00213	1	2	5	0.4
id-00214	5	4	11	0.4
id-00215	3	6	1	0.2
id-00216	3	5	10	0.3
id-00217	5	2	17	0.3
id-00218	5	10	17	0.3
id-00219	5	4	25	0.3
id-00220	5	7	18	0.4
id-00221	6	9	11	0.2
id-00222	4	4	26	0.5
id-00223	8	15	22	0.4
id-00224	5	9	6	0.2
id-00225	6	8	21	0.4
id-00226	5	8	1	0.3
id-00227	7	2	4	0.3
id-00228	2	2	2	0.4
id-00229	5	7	21	0.4
id-00230	8	16	8	0.3
id-00231	7	4	27	0.2
id-00232	3	5	8	0.4
id-00233	2	3	2	0.3
id-00234	6	9	26	0.4
id-00235	10	7	1	0.4
id-00236	5	10	8	0.4
id-00237	2	3	29	0.3
id-00238	5	7	14	0.3
id-00239	5	4	21	0.3
id-00240	4	6	7	0.3
id-00241	10	4	20	0.2
id-00242	10	19	24	0.4
id-00243	10	19	30	0.2
id-00244	7	3	5	0.3
id-00245	1	2	22	0.2
id-00246	10	6	21	0.2
id-00247	9	13	30	0.3
id-00248	5	10	30	0.2
id-00249	7	7	18	0.4
id-00250	9	6	21	0.2
id-00251	3	2	6	0.3
id-00252	6	12	3	0.4
id-00253	3	2	24	0.4
id-00254	8	13	10	0.4
id-00255	10	11	30	0.2
id-00256	2	3	13	0.3
id-00257	1	2	29	0.4
id-00258	1	2	26	0.3
id-00259	1	2	19	0.5
id-00260	10	6	16	0.3
id-00261	6	7	6	0.2
id-00262	7	5	13	0.3
id-00263	7	2	27	0.3
id-00264	9	5	16	0.4
id-00265	9	15	4	0.2
id-00266	4	8	19	0.3
id-00267	7	9	1	0.2
id-00268	10	16	19	0.2
id-00269	10	6	29	0.3
id-00270	6	3	15	0.3
id-00271	5	3	13	0.2
id-00272	2	3	22	0.3
id-00273	7	6	29	0.3
id-00274	8	13	25	0.4
id-00275	8	9	26	0.3
id-00276	6	12	24	0.3
id-00277	10	10	18	0.4
id-00278	5	7	12	0.2
id-00279	3	6	7	0.2
id-00280	7	5	6	0.2
id-00281	7	2	3	0.4
id-00282	7	4	9	0.2
id-00283	8	8	5	0.3
id-00284	6	5	29	0.3
id-00285	5	8	20	0.4
id-00286	7	14	30	0.3
id-00287	6	8	10	0.3
id-00288	4	2	19	0.4
id-00289	5	10	5	0.2
id-00290	4	7	1	0.4
id-00291	8	8	9	0.4
id-00292	4	4	11	0.3
id-00293	7	11	26	0.3
id-00294	4	4	2	0.5
id-00295	4	4	23	0.3
id-00296	5	4	19	0.4
id-00297	6	7	13	0.3
id-00298	6	8	26	0.4
id-00299	9	17	12	0.2
id-00300	3	5	20	0.5
id-00301	8	11	24	0.4
id-00302	1	2	7	0.5
id-00303	8	7	30	0.3
id-00304	8	13	2	0.2
id-00305	1	2	23	0.2
id-00306	1	2	16	0.3
id-00307	5	7	27	0.2
id-00308	9	16	3	0.4
id-00309	5	2	29	0.3
id-00310	7	7	12	0.3
id-00311	7	2	27	0.4
id-00312	10	7	28	0.4
id-00313	2	4	14	0.4
id-00314	5	9	25	0.4
id-00315	5	6	30	0.4
id-00316	2	2	29	0.4
id-00317	1	2	30	0.3
id-00318	10	20	4	0.4
id-00319	5	7	25	0.2
id-00320	2	2	5	0.2
id-00321	3	4	30	0.5
id-00322	1	2	14	0.4
id-00323	4	3	1	0.2
id-00324	9	12	30	0.4
id-00325	2	3	16	0.3
id-00326	10	13	15	0.3
id-00327	1	2	14	0.5
id-00328	4	6	27	0.2
id-00329	4	4	27	0.5
id-00330	1	2	10	0.4
id-00331	5	10	27	0.2
id-00332	2	4	3	0.3
id-00333	6	11	12	0.2
id-00334	5	2	1	0.4
id-00335	6	4	15	0.3
id-00336	6	8	4	0.4
id-00337	3	4	23	0.3
id-00338	2	4	13	0.3
id-00339	10	8	6	0.2
id-00340	4	4	14	0.2
id-00341	7	2	30	0.4
id-00342	2	4	28	0.5
id-00343	7	2	13	0.3
id-00344	4	8	1	0.4
id-00345	3	2	8	0.3
id-00346	3	3	12	0.5
id-00347	2	4	12	0.5
id-00348	7	4	2	0.4
id-00349	3	5	13	0.3
id-00350	6	10	13	0.3
id-00351	8	16	16	0.4
id-00352	1	2	23	0.5
id-00353	7	3	17	0.5
id-00354	5	9	9	0.4
id-00355	2	3	6	0.5
id-00356	7	14	4	0.2
id-00357	2	3	22	0.5
id-00358	1	2	6	0.5
id-00359	4	2	16	0.5
id-00360	4	4	25	0.5
id-00361	7	5	25	0.5
id-00362	3	3	29	0.5
id-00363	7	14	18	0.5
id-00364	6	11	12	0.3
id-00365	6	11	29	0.3
id-00366	8	3	23	0.3
id-00367	6	8	17	0.2
id-00368	8	12	23	0.3
id-00369	2	3	4	0.5
id-00370	2	3	27	0.3
id-00371	6	4	9	0.3
id-00372	7	11	20	0.4
id-00373	4	6	25	0.2
id-00374	7	10	11	0.5
id-00375	9	18	27	0.2
id-00376	1	2	18	0.4
id-00377	6	7	3	0.4
id-00378	2	4	13	0.2
id-00379	4	7	25	0.3
id-00380	9	16	19	0.3
id-00381	9	14	8	0.3
id-00382	7	8	23	0.3
id-00383	7	6	3	0.3
id-00384	10	8	19	0.4
id-00385	1	2	12	0.4
id-00386	5	5	8	0.4
id-00387	5	3	4	0.3
id-00388	1	2	5	0.5
id-00389	5	9	13	0.4
id-00390	5	5	11	0.4
id-00391	8	10	6	0.3
id-00392	2	3	17	0.2
id-00393	5	7	25	0.5
id-00394	9	16	3	0.4
id-00395	6	2	23	0.3
id-00396	8	5	16	0.2
id-00397	3	5	16	0.5
id-00398	3	4	16	0.2
id-00399	3	5	26	0.3
id-00400	10	11	19	0.4
id-00401	8	12	22	0.4
id-00402	4	8	21	0.2
id-00403	8	6	7	0.4
id-00404	9	15	27	0.5
id-00405	5	5	6	0.3
id-00406	8	3	21	0.4
id-00407	2	2	21	0.3
id-00408	7	9	4	0.2
id-00409	4	2	28	0.3
id-00410	5	7	22	0.3
id-00411	7	13	17	0.4
id-00412	3	4	20	0.4
id-00413	4	8	25	0.4
id-00414	9	2	17	0.5
id-00415	4	7	26	0.3
id-00416	5	5	30	0.2
id-00417	2	2	22	0.2
id-00418	6	6	4	0.3
id-00419	3	3	8	0.5
id-00420	3	2	13	0.2
id-00421	6	2	16	0.3
id-00422	10	16	15	0.3
id-00423	8	12	6	0.2
id-00424	1	2	23	0.3
id-00425	9	18	6	0.4
id-00426	6	3	13	0.3
id-00427	3	6	29	0.4
id-00428	7	12	27	0.4
id-00429	10	12	10	0.2
id-00430	6	10	15	0.4
id-00431	2	4	21	0.3
id-00432	10	13	27	0.4
id-00433	7	6	8	0.3
id-00434	8	7	10	0.3
id-00435	1	2	26	0.3
id-00436	9	12	1	0.2
id-00437	8	16	22	0.4
id-00438	3	3	7	0.3
id-00439	3	3	5	0.4
id-00440	3	6	5	0.3
id-00441	10	20	24	0.4
id-00442	10	15	25	0.3
id-00443	7	4	24	0.3
id-00444	8	14	6	0.3
id-00445	6	10	25	0.4
id-00446	3	2	30	0.4
id-00447	9	11	10	0.4
id-00448	9	15	14	0.3
id-00449	6	3	25	0.4
id-00450	3	3	21	0.4
id-00451	7	11	23	0.4
id-00452	2	3	28	0.4
id-00453	1	2	3	0.4
id-00454	5	4	28	0.4
id-00455	6	2	1	0.3
id-00456	4	8	23	0.4
id-00457	5	3	12	0.3
id-00458	5	9	25	0.5
id-00459	6	5	20	0.3
id-00460	10	7	19	0.3
id-00461	1	2	29	0.4
id-00462	1	2	4	0.4
id-00463	10	18	26	0.4
id-00464	1	2	13	0.2
id-00465	9	3	17	0.4
id-00466	4	8	12	0.5
id-00467	9	8	17	0.5
id-00468	7	12	28	0.4
id-00469	7	7	14	0.2
id-00470	5	3	1	0.2
id-00471	9	18	3	0.4
id-00472	4	4	29	0.3
id-00473	10	12	17	0.2
id-00474	2	3	3	0.3
id-00475	9	13	23	0.5
id-00476	3	2	29	0.4
id-00477	10	14	29	0.4
id-00478	3	5	17	0.3
id-00479	7	10	28	0.3
id-00480	3	6	20	0.4
id-00481	7	5	2	0.4
id-00482	9	3	9	0.2
id-00483	7	12	1	0.5
id-00484	2	3	27	0.3
id-00485	7	4	1	0.4
id-00486	9	5	26	0.5
id-00487	7	13	25	0.2
id-00488	7	8	27	0.3
id-00489	9	14	2	0.3
id-00490	10	6	23	0.3
id-00491	9	11	20	0.4
id-00492	7	10	3	0.4
id-00493	9	17	13	0.4
id-00494	5	8	3	0.3
id-00495	2	2	19	0.4
id-00496	6	10	1	0.2
id-00497	2	2	6	0.4
id-00498	6	10	17	0.4
id-00499	5	4	21	0.4
id-00500	5	4	4	0.3
id-00501	1	2	16	0.4
id-00502	8	7	9	0.2
id-00503	8	11	7	0.3
id-00504	7	7	27	0.3
id-00505	6	8	27	0.4
id-00506	5	8	14	0.4
id-00507	2	2	30	0.2
id-00508	3	2	28	0.3
id-00509	2	2	9	0.3
id-00510	3	4	9	0.4
id-00511	7	11	20	0.3
id-00512	8	3	1	0.4
id-00513	7	2	11	0.3
id-00514	5	8	1	0.3
id-00515	10	17	7	0.4
id-00516	10	2	21	0.2
id-00517	8	3	24	0.4
id-00518	6	5	28	0.4
id-00519	10	4	4	0.4
id-00520	5	10	26	0.4
id-00521	3	4	1	0.3
id-00522	8	14	20	0.2
id-00523	4	4	1	0.3
id-00524	9	15	20	0.3
id-00525	2	4	2	0.5
id-00526	2	3	25	0.3
id-00527	4	4	15	0.4
id-00528	4	3	16	0.4
id-00529	1	2	18	0.4
id-00530	4	5	29	0.4
id-00531	2	4	22	0.5
id-00532	10	6	27	0.3
id-00533	1	2	17	0.3
id-00534	10	12	30	0.3
id-00535	4	6	5	0.4
id-00536	1	2	18	0.5
id-00537	9	6	10	0.4
id-00538	7	4	25	0.2
id-00539	8	9	11	0.4
id-00540	1	2	26	0.2
id-00541	9	17	27	0.2
id-00542	3	5	4	0.3
id-00543	4	3	10	0.3
id-00544	7	11	24	0.3
id-00545	9	14	22	0.2
id-00546	2	2	28	0.5
id-00547	1	2	4	0.3
id-00548	8	12	29	0.3
id-00549	4	3	12	0.3
id-00550	8	2	19	0.3
id-00551	1	2	24	0.3
id-00552	4	4	2	0.3
id-00553	10	15	2	0.3
id-00554	3	6	15	0.3
id-00555	7	14	16	0.3
id-00556	1	2	6	0.4
id-00557	5	10	27	0.3
id-00558	10	15	2	0.4
id-00559	4	3	7	0.3
id-00560	8	5	6	0.5
id-00561	9	7	16	0.4
id-00562	4	3	16	0.3
id-00563	5	5	3	0.3
id-00564	8	6	12	0.5
id-00565	5	8	10	0.4
id-00566	6	10	27	0.3
id-00567	2	4	4	0.2
id-00568	1	2	10	0.4
id-00569	1	2	30	0.5
id-00570	2	4	8	0.2
id-00571	6	2	8	0.4
id-00572	10	20	7	0.4
id-00573	5	8	22	0.4
id-00574	9	10	15	0.5
id-00575	2	2	13	0.2
id-00576	2	4	13	0.2
id-00577	4	3	3	0.4
id-00578	1	2	25	0.2
id-00579	6	11	4	0.3
id-00580	10	13	16	0.3
id-00581	2	2	22	0.5
id-00582	9	17	1	0.3
id-00583	9	16	19	0.5
id-00584	5	2	8	0.5
id-00585	6	6	4	0.3
id-00586	7	8	19	0.2
id-00587	1	2	29	0.3
id-00588	7	9	22	0.5
id-00589	10	18	25	0.4
id-00590	2	4	1	0.4
id-00591	10	6	10	0.4
id-00592	2	3	17	0.3
id-00593	2	2	29	0.3
id-00594	2	4	9	0.3
id-00595	10	9	14	0.4
id-00596	10	11	26	0.5
id-00597	10	14	1	0.3
id-00598	1	2	27	0.3
id-00599	5	5	7	0.4
id-00600	6	6	12	0.3
id-00601	6	8	16	0.4
id-00602	1	2	1	0.3
id-00603	6	2	11	0.3
id-00604	5	9	23	0.3
id-00605	3	4	13	0.3
id-00606	7	12	26	0.4
id-00607	6	3	30	0.3
id-00608	7	11	25	0.4
id-00609	4	8	10	0.3
id-00610	3	2	8	0.2
id-00611	5	8	17	0.3
id-00612	10	11	27	0.3
id-00613	4	8	28	0.3
id-00614	6	5	9	0.2
id-00615	4	8	12	0.3
id-00616	1	2	8	0.2
id-00617	9	5	19	0.3
id-00618	3	3	16	0.2
id-00619	9	6	25	0.4
id-00620	8	8	2	0.4
id-00621	1	2	3	0.4
id-00622	9	13	23	0.2
id-00623	5	9	13	0.2
id-00624	10	13	9	0.3
id-00625	3	6	16	0.5
id-00626	9	18	28	0.4
id-00627	7	10	3	0.4
id-00628	1	2	30	0.3
id-00629	6	9	5	0.4
id-00630	9	8	23	0.2
id-00631	7	5	10	0.3
id-00632	1	2	19	0.2
id-00633	1	2	18	0.3
id-00634	6	10	26	0.4
id-00635	8	10	16	0.4
id-00636	7	6	25	0.3
id-00637	5	3	9	0.2
id-00638	6	8	25	0.5
id-00639	6	3	26	0.4
id-00640	3	2	9	0.3
id-00641	4	8	30	0.4
id-00642	9	7	28	0.4
id-00643	3	5	17	0.4
id-00644	7	14	27	0.2
id-00645	7	13	29	0.3
id-00646	1	2	30	0.3
id-00647	6	6	5	0.5
id-00648	10	14	21	0.3
id-00649	8	16	22	0.3
id-00650	9	11	12	0.4
id-00651	9	11	14	0.4
id-00652	5	10	16	0.5
id-00653	6	9	8	0.5
id-00654	8	9	18	0.3
id-00655	3	6	2	0.4
id-00656	2	2	14	0.3
id-00657	4	4	12	0.5
id-00658	9	11	11	0.4
id-00659	2	2	23	0.3
id-00660	5	9	22	0.5
id-00661	7	13	8	0.3
id-00662	10	13	19	0.3
id-00663	7	3	23	0.5
id-00664	7	11	29	0.5
id-00665	2	3	4	0.4
id-00666	8	9	24	0.4
id-00667	6	4	30	0.2
id-00668	10	18	7	0.4
id-00669	10	4	27	0.5
id-00670	1	2	21	0.4
id-00671	8	4	21	0.4
id-00672	4	3	5	0.4
id-00673	10	13	13	0.4
id-00674	3	2	7	0.2
id-00675	8	13	24	0.3
id-00676	3	4	21	0.4
id-00677	1	2	17	0.4
id-00678	6	6	8	0.4
id-00679	8	16	25	0.3
id-00680	2	2	24	0.2
id-00681	5	6	7	0.3
id-00682	5	5	18	0.5
id-00683	6	10	4	0.2
id-00684	5	2	7	0.5
id-00685	3	2	9	0.3
id-00686	9	16	25	0.5
id-00687	4	8	7	0.4
id-00688	2	2	2	0.4
id-00689	4	5	10	0.4
id-00690	4	2	1	0.2
id-00691	4	6	24	0.3
id-00692	3	5	29	0.4
id-00693	3	6	2	0.5
id-00694	9	11	23	0.3
id-00695	8	9	10	0.3
id-00696	4	7	27	0.4
id-00697	5	9	23	0.2
id-00698	6	12	28	0.3
id-00699	2	3	24	0.2
id-00700	8	4	8	0.5
id-00701	3	5	18	0.3
id-00702	5	4	4	0.3
id-00703	4	5	13	0.4
id-00704	7	8	10	0.3
id-00705	6	7	17	0.4
id-00706	5	9	4	0.2
id-00707	10	16	26	0.4
id-00708	3	2	20	0.4
id-00709	3	6	30	0.4
id-00710	1	2	6	0.3
id-00711	10	20	1	0.4
id-00712	3	5	14	0.5
id-00713	2	3	3	0.2
id-00714	7	6	7	0.5
id-00715	4	4	5	0.3
id-00716	9	3	20	0.4
id-00717	8	16	6	0.3
id-00718	5	8	19	0.3
id-00719	3	5	1	0.3
id-00720	6	6	12	0.2
id-00721	4	8	21	0.3
id-00722	8	3	26	0.3
id-00723	1	2	15	0.4
id-00724	8	12	23	0.4
id-00725	4	4	9	0.5
id-00726	5	10	6	0.4
id-00727	1	2	14	0.3
id-00728	6	8	5	0.4
id-00729	2	2	23	0.4
id-00730	8	2	27	0.4
id-00731	4	2	8	0.3
id-00732	8	10	15	0.5
id-00733	4	3	27	0.3
id-00734	4	7	6	0.4
id-00735	6	2	27	0.3
id-00736	9	3	23	0.3
id-00737	4	4	24	0.3
id-00738	10	2	7	0.5
id-00739	7	5	29	0.4
id-00740	7	5	28	0.4
id-00741	4	2	24	0.4
id-00742	7	4	15	0.2
id-00743	7	3	18	0.2
id-00744	9	13	24	0.5
id-00745	2	4	29	0.3
id-00746	1	2	7	0.3
id-00747	7	3	21	0.3
id-00748	9	3	10	0.4
id-00749	3	3	11	0.3
id-00750	9	18	23	0.5
id-00751	6	6	2	0.5
id-00752	5	8	29	0.4
id-00753	1	2	25	0.4
id-00754	10	2	4	0.3
id-00755	3	6	15	0.5
id-00756	6	12	23	0.3
id-00757	4	4	5	0.2
id-00758	5	4	24	0.2
id-00759	8	8	15	0.5
id-00760	4	5	17	0.3
id-00761	9	13	22	0.3
id-00762	1	2	19	0.3
id-00763	2	2	30	0.4
id-00764	1	2	5	0.4
id-00765	8	2	20	0.3
id-00766	10	13	7	0.3
id-00767	5	3	7	0.4
id-00768	6	12	28	0.3
id-00769	3	5	13	0.3
id-00770	9	5	3	0.4
id-00771	1	2	11	0.3
id-00772	1	2	11	0.4
id-00773	5	5	19	0.3
id-00774	6	3	24	0.3
id-00775	5	8	1	0.3
id-00776	9	2	29	0.4
id-00777	8	2	9	0.4
id-00778	8	9	29	0.3
id-00779	2	3	22	0.3
id-00780	2	4	24	0.5
id-00781	2	3	22	0.5
id-00782	10	9	14	0.3
id-00783	5	2	7	0.3
id-00784	5	8	14	0.2
id-00785	7	7	17	0.3
id-00786	10	20	8	0.3
id-00787	5	4	29	0.4
id-00788	5	9	1	0.3
id-00789	9	8	16	0.5
id-00790	4	7	8	0.5
id-00791	5	3	1	0.2
id-00792	9	5	16	0.4
id-00793	10	20	10	0.4
id-00794	1	2	25	0.2
id-00795	2	4	8	0.2
id-00796	8	7	26	0.3
id-00797	1	2	14	0.5
id-00798	10	4	25	0.5
id-00799	8	5	20	0.2
id-00800	10	12	7	0.4
id-00801	10	15	10	0.4
id-00802	5	9	22	0.5
id-00803	8	10	11	0.4
id-00804	8	12	7	0.4
id-00805	9	14	14	0.2
id-00806	1	2	11	0.2
id-00807	6	10	2	0.5
id-00808	6	11	24	0.3
id-00809	7	9	8	0.5
id-00810	7	8	28	0.4
id-00811	5	2	24	0.4
id-00812	10	4	27	0.3
id-00813	2	4	30	0.3
id-00814	7	9	21	0.4
id-00815	2	4	6	0.3
id-00816	4	4	4	0.2
id-00817	9	16	25	0.4
id-00818	6	9	3	0.2
id-00819	10	19	17	0.4
id-00820	6	7	8	0.4
id-00821	3	5	12	0.3
id-00822	2	3	9	0.3
id-00823	9	16	13	0.3
id-00824	5	6	26	0.2
id-00825	5	6	19	0.4
id-00826	4	3	16	0.4
id-00827	1	2	27	0.3
id-00828	9	11	21	0.4
id-00829	2	4	23	0.2
id-00830	9	17	27	0.4
id-00831	4	7	6	0.3
id-00832	6	10	9	0.3
id-00833	6	11	25	0.2
id-00834	8	11	20	0.2
id-00835	9	14	26	0.3
id-00836	5	2	22	0.3
id-00837	2	3	14	0.3
id-00838	5	2	10	0.3
id-00839	10	6	30	0.3
id-00840	9	14	10	0.3
id-00841	3	6	14	0.3
id-00842	5	5	27	0.2
id-00843	1	2	23	0.2
id-00844	2	2	12	0.3
id-00845	10	9	11	0.4
id-00846	2	2	24	0.3
id-00847	9	18	11	0.4
id-00848	4	8	28	0.4
id-00849	9	18	24	0.4
id-00850	5	2	6	0.2
id-00851	10	20	7	0.4
id-00852	4	7	25	0.3
id-00853	8	11	11	0.3
id-00854	9	3	18	0.3
id-00855	7	3	30	0.3
id-00856	3	3	4	0.2
id-00857	5	8	13	0.3
id-00858	7	4	8	0.4
id-00859	7	7	4	0.3
id-00860	10	16	2	0.4
id-00861	8	16	26	0.3
id-00862	3	6	26	0.4
id-00863	2	2	28	0.4
id-00864	1	2	17	0.4
id-00865	5	3	16	0.5
id-00866	5	5	14	0.3
id-00867	7	5	7	0.2
id-00868	6	8	20	0.2
id-00869	3	6	24	0.5
id-00870	6	11	7	0.2
id-00871	7	10	26	0.5
id-00872	1	2	19	0.4
id-00873	9	10	11	0.3
id-00874	9	7	29	0.2
id-00875	1	2	12	0.4
id-00876	6	10	14	0.3
id-00877	6	11	1	0.2
id-00878	6	5	29	0.2
id-00879	7	11	4	0.4
id-00880	6	11	9	0.3
id-00881	6	2	21	0.3
id-00882	1	2	20	0.2
id-00883	2	2	21	0.3
id-00884	7	5	16	0.5
id-00885	5	9	17	0.3
id-00886	5	2	12	0.4
id-00887	1	2	2	0.3
id-00888	8	2	6	0.4
id-00889	3	5	3	0.3
id-00890	4	8	14	0.2
id-00891	5	6	23	0.4
id-00892	4	5	11	0.3
id-00893	1	2	3	0.4
id-00894	5	5	28	0.4
id-00895	9	17	19	0.2
id-00896	2	3	6	0.3
id-00897	6	4	21	0.5
id-00898	2	2	8	0.3
id-00899	9	12	15	0.2
id-00900	10	13	19	0.4
id-00901	6	11	6	0.5
id-00902	10	16	4	0.4
id-00903	1	2	15	0.3
id-00904	9	8	27	0.2
id-00905	5	8	30	0.4
id-00906	1	2	15	0.2
id-00907	5	2	9	0.2
id-00908	4	5	9	0.3
id-00909	7	6	15	0.4
id-00910	6	4	3	0.3
id-00911	2	2	2	0.4
id-00912	10	13	24	0.3
id-00913	3	3	29	0.3
id-00914	2	2	15	0.5
id-00915	6	3	22	0.3
id-00916	4	8	11	0.4
id-00917	9	6	23	0.4
id-00918	5	7	9	0.5
id-00919	5	9	23	0.5
id-00920	8	8	9	0.5
id-00921	4	5	13	0.3
id-00922	5	5	9	0.2
id-00923	7	8	9	0.5
id-00924	2	4	28	0.2
id-00925	8	12	16	0.4
id-00926	3	2	22	0.5
id-00927	10	20	8	0.2
id-00928	5	3	5	0.3
id-00929	3	5	26	0.5
id-00930	6	7	28	0.4
id-00931	8	14	9	0.3
id-00932	7	10	11	0.3
id-00933	7	5	27	0.4
id-00934	9	2	13	0.4
id-00935	6	5	12	0.3
id-00936	2	3	1	0.4
id-00937	4	8	19	0.2
id-00938	7	11	24	0.4
id-00939	10	20	22	0.3
id-00940	4	6	26	0.3
id-00941	1	2	4	0.2
id-00942	1	2	1	0.4
id-00943	3	4	8	0.2
id-00944	6	9	2	0.4
id-00945	9	18	6	0.3
id-00946	3	6	29	0.4
id-00947	5	5	22	0.4
id-00948	3	3	10	0.4
id-00949	2	3	9	0.5
id-00950	1	2	25	0.2
id-00951	10	19	28	0.3
id-00952	3	3	8	0.2
id-00953	5	9	25	0.4
id-00954	2	4	16	0.3
id-00955	10	6	16	0.3
id-00956	4	2	2	0.4
id-00957	5	9	10	0.4
id-00958	7	8	24	0.5
id-00959	6	10	9	0.3
id-00960	1	2	16	0.5
id-00961	5	9	19	0.3
id-00962	9	3	6	0.5
id-00963	3	5	3	0.5
id-00964	2	4	25	0.4
id-00965	10	9	17	0.5
id-00966	5	10	14	0.4
id-00967	9	17	18	0.4
id-00968	6	8	4	0.3
id-00969	4	3	15	0.5
id-00970	1	2	24	0.5
id-00971	3	4	25	0.5
id-00972	7	2	4	0.3
id-00973	2	4	1	0.3
id-00974	8	2	16	0.5
id-00975	1	2	10	0.4
id-00976	3	2	30	0.4
id-00977	5	3	13	0.4
id-00978	4	5	25	0.5
id-00979	7	3	6	0.3
id-00980	5	7	6	0.4
id-00981	10	18	29	0.5
id-00982	9	13	4	0.4
id-00983	6	5	30	0.3
id-00984	2	3	24	0.4
id-00985	2	4	14	0.3
id-00986	9	16	22	0.4
id-00987	1	2	28	0.5
id-00988	9	2	9	0.4
id-00989	9	10	17	0.4
id-00990	2	2	12	0.4
id-00991	10	5	18	0.4
id-00992	6	6	4	0.5
id-00993	5	7	28	0.4
id-00994	7	5	18	0.3
id-00995	4	6	23	0.4
id-00996	4	6	11	0.4
id-00997	3	6	5	0.3
id-00998	3	4	6	0.2
id-00999	3	5	1	0.5
id-01000	4	6	7	0.4
id-01001	1	2	20	0.4
id-01002	1	2	9	0.5
id-01003	6	4	19	0.4
id-01004	4	8	14	0.4
id-01005	9	6	5	0.5
id-01006	3	3	25	0.4
id-01007	7	13	26	0.4
id-01008	9	10	19	0.4
id-01009	5	6	30	0.5
id-01010	7	5	4	0.3
id-01011	3	6	18	0.4
id-01012	10	11	7	0.4
id-01013	4	4	8	0.2
id-01014	7	5	16	0.4
id-01015	5	7	2	0.4
id-01016	9	18	14	0.4
id-01017	8	8	2	0.4
id-01018	3	6	10	0.3
id-01019	3	3	6	0.3
id-01020	6	7	22	0.2
id-01021	2	2	19	0.4
id-01022	5	2	22	0.4
id-01023	7	5	28	0.5
id-01024	4	5	10	0.2
id-01025	4	6	30	0.3
id-01026	10	7	26	0.4
id-01027	3	6	22	0.3
id-01028	7	11	27	0.2
id-01029	3	2	17	0.3
id-01030	5	8	25	0.2
id-01031	7	8	20	0.3
id-01032	6	12	28	0.4
id-01033	1	2	17	0.4
id-01034	9	3	29	0.4
id-01035	4	3	8	0.2
id-01036	2	2	20	0.3
id-01037	5	2	5	0.3
id-01038	1	2	22	0.4
id-01039	10	5	23	0.4
id-01040	2	3	21	0.3
id-01041	10	14	17	0.4
id-01042	10	15	15	0.3
id-01043	6	11	16	0.3
id-01044	8	7	4	0.4
id-01045	5	5	3	0.4
id-01046	8	5	20	0.4
id-01047	4	3	9	0.2
id-01048	5	8	2	0.2
id-01049	2	4	21	0.3
id-01050	9	11	14	0.4
id-01051	9	17	17	0.3
id-01052	5	7	11	0.4
id-01053	3	4	7	0.2
id-01054	2	2	5	0.4
id-01055	5	2	26	0.2
id-01056	10	6	10	0.2
id-01057	9	12	9	0.3
id-01058	7	6	29	0.2
id-01059	4	4	24	0.3
id-01060	5	2	16	0.4
id-01061	7	5	3	0.2
id-01062	2	3	15	0.3
id-01063	3	3	5	0.4
id-01064	1	2	1	0.3
id-01065	5	7	23	0.3
id-01066	9	12	18	0.4
id-01067	5	8	12	0.3
id-01068	1	2	4	0.4
id-01069	7	6	18	0.4
id-01070	8	10	11	0.2
id-01071	6	11	15	0.2
id-01072	7	13	18	0.5
id-01073	5	7	9	0.4
id-01074	6	9	15	0.3
id-01075	6	3	5	0.4
id-01076	4	5	29	0.4
id-01077	6	8	13	0.3
id-01078	4	2	9	0.2
id-01079	7	7	4	0.4
id-01080	8	13	2	0.3
id-01081	7	8	4	0.3
id-01082	10	13	22	0.2
id-01083	2	3	7	0.5
id-01084	8	8	30	0.3
id-01085	10	17	4	0.2
id-01086	9	6	12	0.4
id-01087	10	7	19	0.4
id-01088	9	12	12	0.3
id-01089	4	2	1	0.5
id-01090	1	2	16	0.5
id-01091	3	3	27	0.2
id-01092	8	7	7	0.4
id-01093	5	10	19	0.3
id-01094	7	6	30	0.2
id-01095	8	14	29	0.4
id-01096	5	3	11	0.2
id-01097	1	2	17	0.4
id-01098	7	5	29	0.4
id-01099	5	7	20	0.3
id-01100	7	4	3	0.3
id-01101	1	2	25	0.4
id-01102	3	3	29	0.3
id-01103	4	4	15	0.5
id-01104	4	5	4	0.3
id-01105	4	5	3	0.3
id-01106	8	7	29	0.4
id-01107	5	8	19	0.5
id-01108	1	2	2	0.3
id-01109	3	2	28	0.3
id-01110	7	5	26	0.3
id-01111	7	11	10	0.3
id-01112	6	4	5	0.3
id-01113	1	2	29	0.4
id-01114	3	4	16	0.3
id-01115	6	7	27	0.2
id-01116	7	6	16	0.4
id-01117	6	12	16	0.2
id-01118	7	5	27	0.2
id-01119	8	15	23	0.3
id-01120	5	8	13	0.3
id-01121	2	3	26	0.3
id-01122	8	6	2	0.5
id-01123	2	4	16	0.3
id-01124	1	2	4	0.2
id-01125	9	9	19	0.3
id-01126	4	5	12	0.4
id-01127	1	2	28	0.4
id-01128	8	5	19	0.4
id-01129	4	8	15	0.4
id-01130	9	9	13	0.2
id-01131	1	2	24	0.5
id-01132	6	10	30	0.2
id-01133	6	3	1	0.4
id-01134	10	18	30	0.3
id-01135	6	7	16	0.3
id-01136	6	10	19	0.5
id-01137	5	8	16	0.5
id-01138	2	3	1	0.3
id-01139	4	3	25	0.2
id-01140	8	7	11	0.3
id-01141	2	3	30	0.5
id-01142	3	6	16	0.4
id-01143	6	3	3	0.4
id-01144	7	6	22	0.2
id-01145	10	12	7	0.4
id-01146	3	3	27	0.5
id-01147	5	7	12	0.5
id-01148	1	2	18	0.5
id-01149	10	5	24	0.4
id-01150	9	14	12	0.4
id-01151	4	8	26	0.5
id-01152	2	3	13	0.5
id-01153	5	9	18	0.3
id-01154	9	4	2	0.2
id-01155	2	4	11	0.4
id-01156	2	3	17	0.4
id-01157	9	7	13	0.3
id-01158	4	5	18	0.4
id-01159	7	8	5	0.4
id-01160	3	2	30	0.4
id-01161	6	11	22	0.2
id-01162	6	2	7	0.4
id-01163	9	13	17	0.2
id-01164	5	5	15	0.5
id-01165	9	18	12	0.4
id-01166	3	5	16	0.3
id-01167	3	3	27	0.3
id-01168	4	5	22	0.4
id-01169	1	2	8	0.3
id-01170	1	2	22	0.3
id-01171	8	6	30	0.3
id-01172	2	4	5	0.5
id-01173	10	16	14	0.3
id-01174	1	2	12	0.3
id-01175	2	3	28	0.3
id-01176	8	6	13	0.4
id-01177	5	5	1	0.5
id-01178	6	5	19	0.3
id-01179	10	10	24	0.3
id-01180	2	2	23	0.3
id-01181	4	2	7	0.3
id-01182	6	10	20	0.3
id-01183	10	7	19	0.3
id-01184	10	20	18	0.3
id-01185	2	4	27	0.4
id-01186	4	6	1	0.3
id-01187	4	5	7	0.4
id-01188	5	9	20	0.3
id-01189	2	4	3	0.5
id-01190	4	2	27	0.3
id-01191	4	7	29	0.5
id-01192	9	7	23	0.2
id-01193	10	14	29	0.3
id-01194	1	2	9	0.3
id-01195	9	11	4	0.4
id-01196	3	5	30	0.4
id-01197	10	8	27	0.5
id-01198	4	3	5	0.3
id-01199	8	5	4	0.3
id-01200	7	3	19	0.3
id-01201	7	5	17	0.2
id-01202	8	11	16	0.3
id-01203	8	11	22	0.2
id-01204	3	4	20	0.3
id-01205	5	8	26	0.4
id-01206	9	10	15	0.4
id-01207	6	11	26	0.4
id-01208	4	2	2	0.3
id-01209	1	2	11	0.5
id-01210	9	18	23	0.4
id-01211	1	2	12	0.2
id-01212	6	8	30	0.5
id-01213	5	5	15	0.5
id-01214	8	13	8	0.3
id-01215	3	4	21	0.4
id-01216	3	4	30	0.4
id-01217	4	2	11	0.4
id-01218	9	12	25	0.3
id-01219	2	4	1	0.5
id-01220	5	9	13	0.4
id-01221	1	2	4	0.3
id-01222	3	2	8	0.5
id-01223	10	8	14	0.4
id-01224	10	13	28	0.4
id-01225	10	4	15	0.2
id-01226	5	6	22	0.4
id-01227	9	8	6	0.5
id-01228	9	2	7	0.3
id-01229	2	2	22	0.4
id-01230	2	3	7	0.5
id-01231	8	8	16	0.3
id-01232	6	12	11	0.4
id-01233	9	2	19	0.3
id-01234	1	2	27	0.2
id-01235	4	7	24	0.3
id-01236	3	3	5	0.4
id-01237	7	9	12	0.3
id-01238	7	2	5	0.3
id-01239	4	8	6	0.2
id-01240	4	5	24	0.3
id-01241	8	5	22	0.3
id-01242	8	8	10	0.4
id-01243	4	5	23	0.3
id-01244	10	15	6	0.4
id-01245	7	5	21	0.3
id-01246	5	9	21	0.2
id-01247	9	15	24	0.3
id-01248	8	14	3	0.4
id-01249	7	7	10	0.5
id-01250	5	5	5	0.4
id-01251	6	3	28	0.3
id-01252	10	19	14	0.2
id-01253	1	2	7	0.4
id-01254	8	6	11	0.5
id-01255	7	7	29	0.3
id-01256	9	16	14	0.2
id-01257	7	7	3	0.2
id-01258	7	3	23	0.3
id-01259	4	2	14	0.3
id-01260	8	15	13	0.2
id-01261	6	7	13	0.3
id-01262	7	12	28	0.3
id-01263	9	15	6	0.3
id-01264	7	9	4	0.2
id-01265	4	6	21	0.4
id-01266	2	2	1	0.3
id-01267	6	11	1	0.3
id-01268	6	11	22	0.3
id-01269	7	13	13	0.4
id-01270	7	6	17	0.4
id-01271	3	6	22	0.5
id-01272	4	4	28	0.4
id-01273	10	7	10	0.4
id-01274	5	5	9	0.5
id-01275	7	7	21	0.4
id-01276	6	9	7	0.3
id-01277	7	8	21	0.3
id-01278	7	6	6	0.3
id-01279	3	6	6	0.5
id-01280	1	2	14	0.5
id-01281	8	3	6	0.5
id-01282	10	13	29	0.3
id-01283	6	9	20	0.5
id-01284	8	2	20	0.5
id-01285	7	13	26	0.3
id-01286	8	6	13	0.3
id-01287	8	11	6	0.4
id-01288	1	2	14	0.4
id-01289	7	8	13	0.5
id-01290	6	7	11	0.4
id-01291	4	3	2	0.4
id-01292	5	8	10	0.3
id-01293	2	3	20	0.2
id-01294	1	2	3	0.4
id-01295	6	4	28	0.4
id-01296	7	14	13	0.4
id-01297	10	8	20	0.2
id-01298	6	12	6	0.4
id-01299	1	2	24	0.2
id-01300	4	7	1	0.3
id-01301	3	6	19	0.5
id-01302	7	6	12	0.3
id-01303	4	2	16	0.2
id-01304	3	2	27	0.2
id-01305	3	3	27	0.5
id-01306	5	4	7	0.3
id-01307	3	4	25	0.4
id-01308	9	2	4	0.3
id-01309	5	6	29	0.3
id-01310	8	12	7	0.5
id-01311	1	2	15	0.5
id-01312	8	14	19	0.2
id-01313	1	2	14	0.4
id-01314	3	5	23	0.4
id-01315	9	14	18	0.4
id-01316	1	2	29	0.2
id-01317	1	2	15	0.5
id-01318	10	2	27	0.5
id-01319	2	4	28	0.3
id-01320	2	4	9	0.2
id-01321	10	13	3	0.5
id-01322	9	3	8	0.4
id-01323	10	2	28	0.3
id-01324	3	2	6	0.3
id-01325	9	4	29	0.4
id-01326	9	8	29	0.5
id-01327	2	4	26	0.2
id-01328	8	6	16	0.3
id-01329	6	8	17	0.2
id-01330	5	5	20	0.5
id-01331	8	9	10	0.2
id-01332	9	2	26	0.3
id-01333	7	4	7	0.4
id-01334	3	3	18	0.2
id-01335	1	2	9	0.5
id-01336	8	9	19	0.4
id-01337	4	3	7	0.2
id-01338	8	13	3	0.4
id-01339	7	5	27	0.2
id-01340	6	5	30	0.3
id-01341	10	4	8	0.4
id-01342	4	7	9	0.5
id-01343	10	17	10	0.2
id-01344	7	8	15	0.4
id-01345	8	6	14	0.4
id-01346	7	11	27	0.3
id-01347	3	3	16	0.3
id-01348	10	7	26	0.3
id-01349	5	7	23	0.4
id-01350	3	6	13	0.3
id-01351	4	7	24	0.3
id-01352	1	2	15	0.4
id-01353	4	3	9	0.2
id-01354	10	11	2	0.5
id-01355	10	4	1	0.5
id-01356	5	8	12	0.3
id-01357	7	11	12	0.5
id-01358	4	4	8	0.3
id-01359	1	2	30	0.2
id-01360	2	3	14	0.3
id-01361	3	3	15	0.2
id-01362	3	2	14	0.4
id-01363	6	3	26	0.5
id-01364	2	4	29	0.4
id-01365	10	11	21	0.4
id-01366	8	6	14	0.3
id-01367	10	10	1	0.4
id-01368	6	10	12	0.5
id-01369	2	2	4	0.3
id-01370	5	8	23	0.3
id-01371	8	10	15	0.2
id-01372	4	3	12	0.3
id-01373	7	13	27	0.3
id-01374	6	4	16	0.2
id-01375	9	10	10	0.3
id-01376	3	6	17	0.4
id-01377	3	4	1	0.4
id-01378	7	12	9	0.3
id-01379	2	4	9	0.2
id-01380	5	3	26	0.3
id-01381	4	4	13	0.2
id-01382	3	6	17	0.4
id-01383	9	6	7	0.3
id-01384	4	3	9	0.4
id-01385	10	3	21	0.4
id-01386	4	2	19	0.3
id-01387	7	2	5	0.3
id-01388	9	12	28	0.4
id-01389	1	2	19	0.2
id-01390	1	2	6	0.5
id-01391	8	7	17	0.3
id-01392	10	6	27	0.5
id-01393	6	9	17	0.4
id-01394	10	3	20	0.2
id-01395	8	12	2	0.3
id-01396	2	2	3	0.2
id-01397	4	6	16	0.3
id-01398	8	16	9	0.5
id-01399	9	6	5	0.2
id-01400	4	5	4	0.4
id-01401	6	4	12	0.4
id-01402	4	5	10	0.5
id-01403	10	6	29	0.5
id-01404	6	9	29	0.3
id-01405	3	3	27	0.5
id-01406	5	6	16	0.5
id-01407	4	7	21	0.2
id-01408	4	6	21	0.4
id-01409	3	2	26	0.4
id-01410	10	10	18	0.4
id-01411	3	5	27	0.4
id-01412	5	8	2	0.2
id-01413	9	12	10	0.5
id-01414	1	2	2	0.2
id-01415	5	4	29	0.3
id-01416	1	2	26	0.4
id-01417	9	15	30	0.4
id-01418	2	3	15	0.4
id-01419	5	2	28	0.3
id-01420	5	3	4	0.2
id-01421	7	5	25	0.4
id-01422	10	16	11	0.2
id-01423	9	8	7	0.4
id-01424	2	4	3	0.3
id-01425	9	7	22	0.4
id-01426	1	2	3	0.5
id-01427	7	3	17	0.3
id-01428	3	4	2	0.3
id-01429	10	5	4	0.5
id-01430	4	4	29	0.3
id-01431	6	12	20	0.2
id-01432	3	5	27	0.2
id-01433	3	3	10	0.4
id-01434	5	2	13	0.3
id-01435	7	14	25	0.4
id-01436	1	2	29	0.4
id-01437	9	4	17	0.3
id-01438	5	5	10	0.4
id-01439	6	11	5	0.4
id-01440	6	11	27	0.2
id-01441	10	15	24	0.4
id-01442	6	7	24	0.4
id-01443	4	6	19	0.5
id-01444	7	3	30	0.4
id-01445	10	14	24	0.4
id-01446	5	4	13	0.4
id-01447	4	2	4	0.5
id-01448	2	4	6	0.4
id-01449	10	2	3	0.2
id-01450	4	6	18	0.3
id-01451	5	4	18	0.2
id-01452	5	7	20	0.4
id-01453	8	2	23	0.2
id-01454	2	3	4	0.4
id-01455	3	5	27	0.2
id-01456	4	2	26	0.3
id-01457	2	3	23	0.2
id-01458	4	7	23	0.3
id-01459	1	2	19	0.3
id-01460	4	4	10	0.5
id-01461	6	10	9	0.5
id-01462	3	5	9	0.3
id-01463	10	11	4	0.4
id-01464	6	12	3	0.2
id-01465	1	2	23	0.4
id-01466	5	5	25	0.2
id-01467	6	8	3	0.3
id-01468	4	7	1	0.4
id-01469	2	2	30	0.5
id-01470	5	9	11	0.5
id-01471	9	8	18	0.4
id-01472	2	4	27	0.2
id-01473	3	3	26	0.2
id-01474	1	2	18	0.3
id-01475	4	7	6	0.2
id-01476	4	4	20	0.5
id-01477	4	6	20	0.4
id-01478	6	9	30	0.4
id-01479	2	4	27	0.3
id-01480	9	2	27	0.2
id-01481	9	12	19	0.4
id-01482	2	2	24	0.4
id-01483	3	4	7	0.5
id-01484	1	2	20	0.4
id-01485	5	7	15	0.4
id-01486	2	3	23	0.4
id-01487	6	6	10	0.4
id-01488	4	7	9	0.3
id-01489	4	7	16	0.4
id-01490	4	7	25	0.4
id-01491	1	2	23	0.4
id-01492	1	2	15	0.3
id-01493	10	19	13	0.4
id-01494	1	2	19	0.5
id-01495	9	8	3	0.3
id-01496	9	11	23	0.4
id-01497	6	6	18	0.2
id-01498	3	5	24	0.4
id-01499	10	17	6	0.3
id-01500	1	2	15	0.2
id-01501	1	2	20	0.2
id-01502	8	13	12	0.4
id-01503	10	15	9	0.4
id-01504	1	2	27	0.4
id-01505	4	7	22	0.5
id-01506	8	15	14	0.3
id-01507	1	2	12	0.3
id-01508	3	2	13	0.4
id-01509	1	2	24	0.3
id-01510	10	17	14	0.4
id-01511	2	2	27	0.4
id-01512	9	11	5	0.5
id-01513	3	6	25	0.4
id-01514	4	7	10	0.5
id-01515	6	3	11	0.2
id-01516	1	2	3	0.4
id-01517	4	8	7	0.5
id-01518	10	2	21	0.4
id-01519	8	2	3	0.4
id-01520	7	7	9	0.4
id-01521	3	5	18	0.5
id-01522	4	7	29	0.4
id-01523	8	16	28	0.4
id-01524	4	4	27	0.4
id-01525	6	8	2	0.3
id-01526	3	6	5	0.3
id-01527	9	10	4	0.4
id-01528	8	12	23	0.4
id-01529	3	6	11	0.3
id-01530	7	14	8	0.4
id-01531	5	5	29	0.2
id-01532	7	13	8	0.4
id-01533	7	12	26	0.5
id-01534	7	8	21	0.2
id-01535	1	2	15	0.2
id-01536	3	4	29	0.3
id-01537	1	2	22	0.3
id-01538	7	10	14	0.3
id-01539	9	18	11	0.3
id-01540	1	2	18	0.4
id-01541	3	4	24	0.4
id-01542	6	5	14	0.2
id-01543	10	15	20	0.3
id-01544	2	3	20	0.5
id-01545	10	10	7	0.5
id-01546	5	5	10	0.5
id-01547	6	3	22	0.4
id-01548	6	12	17	0.2
id-01549	8	9	3	0.4
id-01550	3	3	25	0.3
id-01551	9	6	1	0.3
id-01552	9	11	5	0.3
id-01553	9	9	15	0.4
id-01554	9	16	22	0.4
id-01555	3	4	10	0.4
id-01556	4	7	11	0.3
id-01557	5	6	10	0.4
id-01558	2	3	23	0.4
id-01559	10	13	5	0.3
id-01560	2	2	14	0.4
id-01561	1	2	22	0.5
id-01562	4	4	15	0.2
id-01563	8	5	28	0.4
id-01564	6	6	27	0.5
id-01565	4	5	10	0.2
id-01566	10	20	5	0.4
id-01567	6	7	27	0.3
id-01568	1	2	4	0.4
id-01569	6	5	25	0.2
id-01570	4	4	30	0.4
id-01571	8	5	18	0.2
id-01572	7	6	28	0.3
id-01573	1	2	17	0.2
id-01574	2	2	23	0.3
id-01575	1	2	15	0.3
id-01576	9	3	24	0.2
id-01577	7	2	10	0.4
id-01578	9	12	22	0.5
id-01579	8	14	18	0.3
id-01580	1	2	23	0.5
id-01581	4	3	29	0.5
id-01582	3	2	29	0.2
id-01583	9	7	24	0.3
id-01584	10	19	15	0.3
id-01585	4	2	1	0.5
id-01586	7	8	23	0.2
id-01587	1	2	27	0.3
id-01588	4	3	22	0.3
id-01589	6	12	12	0.4
id-01590	7	2	17	0.3
id-01591	6	2	11	0.4
id-01592	10	6	14	0.4
id-01593	6	7	12	0.3
id-01594	8	10	21	0.4
id-01595	2	2	9	0.5
id-01596	3	2	26	0.4
id-01597	7	12	24	0.3
id-01598	8	4	13	0.4
id-01599	8	2	12	0.4
id-01600	1	2	25	0.2
id-01601	5	10	30	0.4
id-01602	6	11	6	0.4
id-01603	7	11	16	0.5
id-01604	7	13	5	0.2
id-01605	2	3	4	0.3
id-01606	6	5	26	0.2
id-01607	1	2	25	0.4
id-01608	1	2	25	0.2
id-01609	2	2	17	0.3
id-01610	6	11	3	0.3
id-01611	1	2	7	0.3
id-01612	1	2	13	0.5
id-01613	8	14	8	0.3
id-01614	4	4	1	0.2
id-01615	8	7	24	0.4
id-01616	1	2	25	0.4
id-01617	10	6	8	0.3
id-01618	5	8	8	0.3
id-01619	6	2	9	0.3
id-01620	5	2	7	0.3
id-01621	7	3	16	0.5
id-01622	1	2	15	0.4
id-01623	5	6	5	0.4
id-01624	9	15	17	0.4
id-01625	4	5	7	0.4
id-01626	10	3	26	0.3
id-01627	9	3	26	0.4
id-01628	2	3	18	0.3
id-01629	1	2	21	0.4
id-01630	9	13	21	0.2
id-01631	8	8	15	0.4
id-01632	5	8	4	0.4
id-01633	3	6	12	0.3
id-01634	6	10	24	0.3
id-01635	2	4	4	0.2
id-01636	1	2	19	0.2
id-01637	9	11	29	0.4
id-01638	3	3	2	0.3
id-01639	4	6	25	0.4
id-01640	4	6	18	0.3
id-01641	6	10	25	0.3
id-01642	7	11	9	0.4
id-01643	1	2	7	0.3
id-01644	4	2	11	0.4
id-01645	9	2	4	0.4
id-01646	9	15	9	0.5
id-01647	6	6	9	0.5
id-01648	10	6	4	0.3
id-01649	10	18	8	0.4
id-01650	4	6	5	0.5
id-01651	5	6	5	0.5
id-01652	10	16	5	0.3
id-01653	4	6	23	0.3
id-01654	8	7	19	0.4
id-01655	10	4	29	0.3
id-01656	3	5	28	0.2
id-01657	1	2	21	0.5
id-01658	2	2	10	0.2
id-01659	4	8	6	0.4
id-01660	9	2	16	0.3
id-01661	4	5	1	0.3
id-01662	7	7	17	0.5
id-01663	9	6	3	0.3
id-01664	6	4	23	0.4
id-01665	3	6	25	0.4
id-01666	2	2	18	0.3
id-01667	10	11	3	0.3
id-01668	3	2	10	0.2
id-01669	8	14	7	0.5
id-01670	9	3	19	0.4
id-01671	6	4	20	0.3
id-01672	2	4	21	0.3
id-01673	7	8	29	0.5
id-01674	8	12	30	0.4
id-01675	4	2	3	0.2
id-01676	8	9	8	0.5
id-01677	8	16	13	0.4
id-01678	5	4	1	0.3
id-01679	7	2	5	0.4
id-01680	2	3	12	0.2
id-01681	2	3	3	0.4
id-01682	2	2	13	0.2
id-01683	4	2	12	0.5
id-01684	4	8	28	0.2
id-01685	10	15	17	0.3
id-01686	1	2	11	0.4
id-01687	1	2	30	0.3
id-01688	4	2	7	0.5
id-01689	6	3	22	0.4
id-01690	10	16	21	0.2
id-01691	8	8	16	0.3
id-01692	1	2	2	0.3
id-01693	6	4	16	0.4
id-01694	3	4	6	0.5
id-01695	4	4	24	0.3
id-01696	5	10	19	0.2
id-01697	7	12	12	0.2
id-01698	7	4	12	0.3
id-01699	3	3	17	0.4
id-01700	4	6	7	0.4
id-01701	1	2	16	0.4
id-01702	4	4	28	0.4
id-01703	6	8	29	0.5
id-01704	2	2	18	0.3
id-01705	1	2	1	0.3
id-01706	5	6	18	0.4
id-01707	10	5	2	0.4
id-01708	2	4	8	0.4
id-01709	5	6	10	0.3
id-01710	3	6	12	0.3
id-01711	2	2	15	0.4
id-01712	3	3	4	0.4
id-01713	1	2	8	0.3
id-01714	9	14	18	0.3
id-01715	6	5	2	0.3
id-01716	4	5	23	0.5
id-01717	1	2	8	0.4
id-01718	2	3	3	0.4
id-01719	9	8	11	0.5
id-01720	10	7	17	0.3
id-01721	6	9	27	0.5
id-01722	10	18	27	0.2
id-01723	5	8	23	0.4
id-01724	1	2	18	0.4
id-01725	9	15	15	0.2
id-01726	3	4	27	0.3
id-01727	4	8	1	0.3
id-01728	9	3	12	0.4
id-01729	6	2	10	0.3
id-01730	2	2	6	0.3
id-01731	6	12	2	0.3
id-01732	3	2	17	0.3
id-01733	1	2	24	0.3
id-01734	2	4	17	0.3
id-01735	9	11	3	0.3
id-01736	10	8	27	0.2
id-01737	9	16	23	0.4
id-01738	10	5	29	0.3
id-01739	7	2	16	0.4
id-01740	8	5	18	0.3
id-01741	1	2	6	0.4
id-01742	4	5	24	0.5
id-01743	9	12	15	0.4
id-01744	10	5	14	0.3
id-01745	2	2	19	0.5
id-01746	7	14	27	0.4
id-01747	2	3	22	0.3
id-01748	7	3	15	0.5
id-01749	6	8	20	0.2
id-01750	7	12	19	0.5
id-01751	4	8	28	0.3
id-01752	8	5	4	0.5
id-01753	5	6	3	0.4
id-01754	6	12	23	0.4
id-01755	6	12	10	0.3
id-01756	4	7	17	0.2
id-01757	8	13	16	0.5
id-01758	3	4	21	0.4
id-01759	6	12	11	0.4
id-01760	5	4	25	0.2
id-01761	5	8	21	0.5
id-01762	5	2	13	0.5
id-01763	10	8	16	0.4
id-01764	3	5	25	0.4
id-01765	10	18	13	0.4
id-01766	3	6	7	0.3
id-01767	5	4	8	0.4
id-01768	6	8	1	0.5
id-01769	3	3	12	0.3
id-01770	1	2	4	0.3
id-01771	2	2	5	0.5
id-01772	8	16	6	0.5
id-01773	9	8	8	0.3
id-01774	10	13	10	0.3
id-01775	4	7	23	0.3
id-01776	3	2	24	0.3
id-01777	10	3	11	0.3
id-01778	3	2	19	0.4
id-01779	9	11	6	0.2
id-01780	10	8	29	0.5
id-01781	7	10	25	0.4
id-01782	1	2	19	0.3
id-01783	5	9	3	0.3
id-01784	6	8	30	0.3
id-01785	7	2	5	0.3
id-01786	1	2	1	0.3
id-01787	7	4	30	0.3
id-01788	1	2	21	0.4
id-01789	10	16	16	0.3
id-01790	1	2	22	0.5
id-01791	8	16	8	0.3
id-01792	2	3	1	0.2
id-01793	9	4	13	0.2
id-01794	9	13	6	0.2
id-01795	1	2	9	0.4
id-01796	10	12	3	0.3
id-01797	10	13	3	0.2
id-01798	7	7	2	0.3
id-01799	2	3	15	0.3
id-01800	6	8	18	0.2
id-01801	9	6	29	0.5
id-01802	2	2	21	0.4
id-01803	8	6	25	0.4
id-01804	7	6	1	0.3
id-01805	5	2	15	0.3
id-01806	6	10	1	0.3
id-01807	9	17	2	0.3
id-01808	4	6	1	0.5
id-01809	2	4	7	0.4
id-01810	6	10	1	0.5
id-01811	3	4	26	0.5
id-01812	1	2	5	0.4
id-01813	2	2	19	0.4
id-01814	2	2	5	0.5
id-01815	3	3	23	0.2
id-01816	3	6	9	0.4
id-01817	10	10	18	0.4
id-01818	6	9	25	0.2
id-01819	10	8	5	0.3
id-01820	4	6	12	0.4
id-01821	7	6	16	0.5
id-01822	5	8	27	0.3
id-01823	9	9	17	0.3
id-01824	4	8	21	0.5
id-01825	7	12	14	0.3
id-01826	1	2	9	0.4
id-01827	3	4	20	0.2
id-01828	5	3	3	0.4
id-01829	7	5	30	0.3
id-01830	4	4	21	0.3
id-01831	2	4	9	0.3
id-01832	8	7	12	0.3
id-01833	8	11	5	0.5
id-01834	4	4	22	0.3
id-01835	4	3	1	0.3
id-01836	8	9	18	0.3
id-01837	1	2	5	0.4
id-01838	10	15	28	0.3
id-01839	3	5	21	0.4
id-01840	7	8	13	0.4
id-01841	6	2	7	0.3
id-01842	1	2	10	0.5
id-01843	1	2	13	0.3
id-01844	9	15	23	0.5
id-01845	4	3	9	0.4
id-01846	3	4	21	0.2
id-01847	7	5	22	0.4
id-01848	5	10	10	0.2
id-01849	8	10	11	0.5
id-01850	8	12	26	0.3
id-01851	2	4	13	0.3
id-01852	3	4	4	0.2
id-01853	10	3	10	0.5
id-01854	5	4	19	0.3
id-01855	7	4	5	0.5
id-01856	2	3	21	0.5
id-01857	8	16	18	0.2
id-01858	4	4	12	0.3
id-01859	6	11	22	0.5
id-01860	6	4	22	0.2
id-01861	5	2	1	0.5
id-01862	2	3	2	0.5
id-01863	9	8	1	0.5
id-01864	3	4	17	0.3
id-01865	2	3	16	0.4
id-01866	8	8	28	0.4
id-01867	7	14	28	0.4
id-01868	10	7	16	0.5
id-01869	10	12	5	0.2
id-01870	9	18	18	0.2
id-01871	9	13	19	0.5
id-01872	10	14	19	0.4
id-01873	10	2	18	0.4
id-01874	4	7	2	0.4
id-01875	8	9	20	0.3
id-01876	6	3	27	0.4
id-01877	7	13	16	0.4
id-01878	8	5	22	0.4
id-01879	5	4	11	0.2
id-01880	9	11	30	0.4
id-01881	8	3	12	0.2
id-01882	10	15	9	0.2
id-01883	6	6	16	0.5
id-01884	5	2	16	0.2
id-01885	1	2	21	0.3
id-01886	5	6	29	0.2
id-01887	2	3	1	0.3
id-01888	5	9	14	0.2
id-01889	3	6	26	0.4
id-01890	3	3	10	0.3
id-01891	7	13	10	0.3
id-01892	7	12	10	0.3
id-01893	3	5	23	0.4
id-01894	10	13	14	0.5
id-01895	4	8	24	0.3
id-01896	7	11	14	0.4
id-01897	4	8	15	0.3
id-01898	5	5	18	0.2
id-01899	3	2	19	0.4
id-01900	1	2	8	0.4
id-01901	4	6	23	0.3
id-01902	1	2	29	0.4
id-01903	2	2	7	0.4
id-01904	5	3	14	0.3
id-01905	8	9	26	0.5
id-01906	1	2	24	0.3
id-01907	7	2	23	0.2
id-01908	8	9	10	0.4
id-01909	10	10	7	0.4
id-01910	2	3	16	0.3
id-01911	9	11	19	0.3
id-01912	1	2	17	0.4
id-01913	4	4	9	0.2
id-01914	9	7	30	0.3
id-01915	3	4	17	0.3
id-01916	5	8	6	0.3
id-01917	7	8	9	0.3
id-01918	3	3	4	0.4
id-01919	3	6	20	0.2
id-01920	10	19	8	0.3
id-01921	2	3	2	0.3
id-01922	9	11	22	0.3
id-01923	7	11	2	0.4
id-01924	1	2	30	0.4
id-01925	6	9	18	0.4
id-01926	3	4	6	0.4
id-01927	4	5	5	0.4
id-01928	4	5	14	0.5
id-01929	2	3	20	0.4
id-01930	5	10	6	0.3
id-01931	1	2	20	0.3
id-01932	1	2	8	0.3
id-01933	5	8	18	0.5
id-01934	2	3	20	0.4
id-01935	3	6	22	0.5
id-01936	3	6	13	0.4
id-01937	10	4	11	0.4
id-01938	3	2	13	0.3
id-01939	7	5	22	0.4
id-01940	3	3	10	0.4
id-01941	7	4	14	0.4
id-01942	9	8	10	0.3
id-01943	2	2	19	0.3
id-01944	10	12	9	0.3
id-01945	8	12	29	0.3
id-01946	6	5	1	0.4
id-01947	7	13	29	0.4
id-01948	3	3	15	0.5
id-01949	8	5	21	0.3
id-01950	9	11	21	0.3
id-01951	5	8	7	0.2
id-01952	5	2	25	0.2
id-01953	1	2	3	0.3
id-01954	1	2	28	0.4
id-01955	4	8	11	0.3
id-01956	4	2	14	0.3
id-01957	7	6	23	0.4
id-01958	4	4	22	0.4
id-01959	10	12	7	0.2
id-01960	10	14	16	0.4
id-01961	2	2	29	0.3
id-01962	1	2	27	0.5
id-01963	7	13	7	0.2
id-01964	1	2	19	0.4
id-01965	3	6	21	0.3
id-01966	10	13	8	0.3
id-01967	3	5	6	0.2
id-01968	7	6	25	0.4
id-01969	5	10	30	0.5
id-01970	4	6	3	0.2
id-01971	3	3	25	0.3
id-01972	5	8	8	0.4
id-01973	10	14	11	0.5
id-01974	2	4	10	0.2
id-01975	3	6	14	0.3
id-01976	3	5	19	0.4
id-01977	3	3	21	0.2
id-01978	6	11	24	0.2
id-01979	7	12	19	0.3
id-01980	10	20	10	0.3
id-01981	10	4	12	0.5
id-01982	3	6	24	0.2
id-01983	8	14	7	0.3
id-01984	4	6	2	0.3
id-01985	2	3	10	0.4
id-01986	10	15	7	0.5
id-01987	9	8	27	0.2
id-01988	9	4	20	0.4
id-01989	10	18	25	0.5
id-01990	2	3	3	0.4
id-01991	8	9	5	0.3
id-01992	3	3	24	0.2
id-01993	8	13	22	0.3
id-01994	8	4	11	0.3
id-01995	8	8	17	0.2
id-01996	6	5	2	0.4
id-01997	9	14	3	0.3
id-01998	10	6	6	0.3
id-01999	10	11	20	0.4
id-02000	1	2	22	0.4
id-02001	4	5	22	0.5
id-02002	7	4	11	0.3
id-02003	5	6	27	0.2
id-02004	9	15	24	0.3
id-02005	1	2	3	0.3
id-02006	6	12	14	0.5
id-02007	4	8	20	0.2
id-02008	8	12	15	0.5
id-02009	7	3	3	0.5
id-02010	4	7	24	0.3
id-02011	2	4	26	0.4
id-02012	10	15	12	0.4
id-02013	9	9	3	0.4
id-02014	2	4	21	0.3
id-02015	5	3	17	0.4
id-02016	3	3	6	0.5
id-02017	9	17	27	0.5
id-02018	3	6	11	0.4
id-02019	8	6	3	0.4
id-02020	2	3	28	0.3
id-02021	1	2	28	0.3
id-02022	1	2	10	0.4
id-02023	9	13	28	0.2
id-02024	10	13	22	0.3
id-02025	8	7	26	0.4
id-02026	3	5	14	0.4
id-02027	1	2	16	0.3
id-02028	7	7	24	0.2
id-02029	8	4	11	0.5
id-02030	7	2	25	0.2
id-02031	4	5	23	0.3
id-02032	9	16	22	0.3
id-02033	8	13	5	0.4
id-02034	7	10	23	0.3
id-02035	2	2	21	0.5
id-02036	8	9	21	0.4
id-02037	4	2	3	0.3
id-02038	1	2	26	0.3
id-02039	9	7	30	0.2
id-02040	3	2	11	0.3
id-02041	9	10	4	0.4
id-02042	7	6	29	0.4
id-02043	5	9	22	0.3
id-02044	8	8	18	0.3
id-02045	10	6	11	0.2
id-02046	5	6	30	0.2
id-02047	10	6	3	0.4
id-02048	5	5	17	0.5
id-02049	1	2	27	0.3
id-02050	10	19	26	0.4
id-02051	10	3	10	0.5
id-02052	5	10	15	0.3
id-02053	4	6	5	0.3
id-02054	8	7	17	0.5
id-02055	9	11	26	0.5
id-02056	8	3	8	0.2
id-02057	6	7	22	0.5
id-02058	4	4	30	0.3
id-02059	6	4	9	0.4
id-02060	6	9	9	0.4
id-02061	8	6	28	0.2
id-02062	1	2	2	0.3
id-02063	4	7	18	0.2
id-02064	10	16	17	0.5
id-02065	3	3	8	0.5
id-02066	4	3	20	0.3
id-02067	10	7	29	0.2
id-02068	3	3	9	0.2
id-02069	9	18	27	0.4
id-02070	8	13	22	0.4
id-02071	4	3	2	0.5
id-02072	6	12	5	0.5
id-02073	10	6	16	0.4
id-02074	4	8	14	0.4
id-02075	6	8	24	0.5
id-02076	10	18	5	0.3
id-02077	8	4	26	0.4
id-02078	6	3	8	0.2
id-02079	2	3	8	0.2
id-02080	3	5	3	0.2
id-02081	8	4	22	0.3
id-02082	5	6	2	0.3
id-02083	2	3	23	0.3
id-02084	4	2	9	0.3
id-02085	1	2	18	0.3
id-02086	4	6	3	0.3
id-02087	2	4	18	0.4
id-02088	3	3	27	0.5
id-02089	10	3	18	0.4
id-02090	5	8	30	0.3
id-02091	8	7	17	0.2
id-02092	6	7	13	0.3
id-02093	9	5	4	0.4
id-02094	10	18	21	0.3
id-02095	4	5	29	0.4
id-02096	1	2	4	0.2
id-02097	3	6	4	0.2
id-02098	4	4	16	0.3
id-02099	2	2	7	0.5
id-02100	3	4	12	0.5
id-02101	2	4	23	0.4
id-02102	3	6	27	0.4
id-02103	1	2	18	0.3
id-02104	3	2	25	0.5
id-02105	4	6	18	0.4
id-02106	5	7	15	0.4
id-02107	4	2	6	0.5
id-02108	3	4	25	0.3
id-02109	10	18	1	0.5
id-02110	8	16	26	0.2
id-02111	8	3	6	0.4
id-02112	7	12	10	0.3
id-02113	7	11	9	0.3
id-02114	1	2	11	0.4
id-02115	5	7	2	0.5
id-02116	9	13	9	0.4
id-02117	9	7	11	0.3
id-02118	6	11	10	0.3
id-02119	6	10	16	0.2
id-02120	10	15	15	0.3
id-02121	3	4	25	0.2
id-02122	8	10	14	0.3
id-02123	7	14	14	0.4
id-02124	5	7	1	0.4
id-02125	3	3	19	0.3
id-02126	5	4	28	0.3
id-02127	8	5	20	0.3
id-02128	6	7	26	0.4
id-02129	4	8	7	0.4
id-02130	7	12	26	0.2
id-02131	9	18	5	0.4
id-02132	8	11	8	0.5
id-02133	6	10	14	0.4
id-02134	10	9	30	0.5
id-02135	1	2	15	0.3
id-02136	9	10	24	0.4
id-02137	2	3	19	0.4
id-02138	1	2	5	0.3
id-02139	10	9	22	0.3
id-02140	10	5	16	0.2
id-02141	6	12	30	0.4
id-02142	3	6	10	0.2
id-02143	7	4	9	0.4
id-02144	9	8	23	0.3
id-02145	5	8	23	0.4
id-02146	7	13	15	0.3
id-02147	8	6	4	0.5
id-02148	4	6	2	0.2
id-02149	5	3	13	0.2
id-02150	10	4	30	0.3
id-02151	3	6	15	0.3
id-02152	9	11	6	0.2
id-02153	3	3	20	0.2
id-02154	3	5	26	0.4
id-02155	1	2	5	0.4
id-02156	5	5	9	0.4
id-02157	2	2	1	0.4
id-02158	7	5	17	0.3
id-02159	3	6	25	0.4
id-02160	3	3	24	0.2
id-02161	1	2	5	0.5
id-02162	6	6	10	0.3
id-02163	7	8	24	0.2
id-02164	6	2	23	0.4
id-02165	9	11	8	0.2
id-02166	1	2	30	0.2
id-02167	4	3	23	0.4
id-02168	2	2	18	0.4
id-02169	8	7	22	0.5
id-02170	8	7	20	0.5
id-02171	4	2	1	0.2
id-02172	2	3	26	0.3
id-02173	8	12	12	0.2
id-02174	5	6	28	0.3
id-02175	10	17	12	0.4
id-02176	4	2	22	0.3
id-02177	8	7	15	0.3
id-02178	7	4	11	0.3
id-02179	8	2	1	0.3
id-02180	5	6	23	0.5
id-02181	3	3	23	0.4
id-02182	5	6	2	0.3
id-02183	3	6	25	0.4
id-02184	8	10	24	0.5
id-02185	3	5	26	0.4
id-02186	1	2	26	0.4
id-02187	10	20	29	0.3
id-02188	10	9	28	0.4
id-02189	10	8	20	0.4
id-02190	5	5	5	0.4
id-02191	8	16	16	0.2
id-02192	2	2	7	0.2
id-02193	8	10	3	0.2
id-02194	5	6	25	0.4
id-02195	10	5	12	0.4
id-02196	8	13	23	0.5
id-02197	10	17	26	0.4
id-02198	9	11	20	0.5
id-02199	7	6	26	0.3
id-02200	8	13	21	0.4
id-02201	3	3	14	0.2
id-02202	1	2	23	0.4
id-02203	4	4	4	0.3
id-02204	10	19	14	0.3
id-02205	7	6	4	0.3
id-02206	5	3	16	0.5
id-02207	2	3	19	0.4
id-02208	4	5	9	0.5
id-02209	4	3	25	0.3
id-02210	9	5	8	0.4
id-02211	2	2	14	0.5
id-02212	5	5	21	0.5
id-02213	3	3	24	0.3
id-02214	4	8	25	0.3
id-02215	2	4	24	0.4
id-02216	10	16	8	0.3
id-02217	4	5	1	0.3
id-02218	9	9	13	0.3
id-02219	4	5	8	0.4
id-02220	8	6	1	0.2
id-02221	7	7	26	0.4
id-02222	10	10	2	0.3
id-02223	10	19	17	0.4
id-02224	8	8	28	0.3
id-02225	1	2	26	0.4
id-02226	7	9	4	0.2
id-02227	10	15	16	0.5
id-02228	6	10	20	0.4
id-02229	10	14	18	0.3
id-02230	10	6	19	0.3
id-02231	9	17	12	0.3
id-02232	6	7	29	0.3
id-02233	1	2	16	0.4
id-02234	1	2	29	0.4
id-02235	9	4	15	0.4
id-02236	6	8	15	0.5
id-02237	2	4	18	0.3
id-02238	1	2	2	0.3
id-02239	9	13	11	0.5
id-02240	6	4	17	0.4
id-02241	8	16	12	0.3
id-02242	9	16	17	0.4
id-02243	5	2	20	0.5
id-02244	10	10	6	0.4
id-02245	9	14	16	0.5
id-02246	3	4	16	0.4
id-02247	3	4	10	0.4
id-02248	8	14	20	0.5
id-02249	5	6	2	0.4
id-02250	10	9	4	0.5
id-02251	3	5	5	0.3
id-02252	9	15	19	0.2
id-02253	2	2	25	0.4
id-02254	3	2	22	0.4
id-02255	7	10	18	0.2
id-02256	2	4	13	0.4
id-02257	5	3	23	0.4
id-02258	7	12	22	0.3
id-02259	8	11	27	0.4
id-02260	4	6	11	0.3
id-02261	4	2	21	0.3
id-02262	4	6	9	0.4
id-02263	1	2	18	0.3
id-02264	3	5	29	0.2
id-02265	8	5	19	0.2
id-02266	7	7	18	0.2
id-02267	6	8	4	0.4
id-02268	9	16	28	0.5
id-02269	2	4	26	0.3
id-02270	6	7	26	0.2
id-02271	9	14	14	0.4
id-02272	5	5	28	0.5
id-02273	7	6	3	0.5
id-02274	8	4	29	0.4
id-02275	8	2	19	0.2
id-02276	2	2	9	0.3
id-02277	2	3	5	0.2
id-02278	3	3	19	0.4
id-02279	3	4	26	0.2
id-02280	1	2	25	0.3
id-02281	4	3	18	0.4
id-02282	5	5	28	0.3
id-02283	1	2	26	0.4
id-02284	7	10	9	0.2
id-02285	4	4	25	0.3
id-02286	4	5	9	0.3
id-02287	4	4	5	0.3
id-02288	1	2	22	0.3
id-02289	8	5	1	0.4
id-02290	8	7	7	0.4
id-02291	8	3	13	0.3
id-02292	3	4	21	0.3
id-02293	3	5	7	0.5
id-02294	10	8	28	0.4
id-02295	8	13	29	0.3
id-02296	5	9	8	0.3
id-02297	4	8	7	0.3
id-02298	7	2	14	0.2
id-02299	4	7	8	0.2
id-02300	2	4	7	0.2
id-02301	6	10	2	0.4
id-02302	6	12	18	0.3
id-02303	3	3	1	0.3
id-02304	6	4	21	0.3
id-02305	7	8	6	0.2
id-02306	4	5	21	0.4
id-02307	2	3	29	0.4
id-02308	6	12	3	0.2
id-02309	9	8	29	0.5
id-02310	5	8	9	0.2
id-02311	3	4	25	0.3
id-02312	4	2	1	0.3
id-02313	8	11	4	0.4
id-02314	5	9	19	0.3
id-02315	1	2	7	0.3
id-02316	4	2	24	0.3
id-02317	6	7	7	0.4
id-02318	3	5	20	0.3
id-02319	9	8	25	0.3
id-02320	6	8	11	0.5
id-02321	3	4	22	0.2
id-02322	5	5	26	0.4
id-02323	6	5	27	0.4
id-02324	7	7	4	0.2
id-02325	7	4	19	0.4
id-02326	8	10	4	0.5
id-02327	1	2	23	0.3
id-02328	1	2	9	0.3
id-02329	4	3	21	0.3
id-02330	4	2	6	0.3
id-02331	4	8	14	0.4
id-02332	5	4	25	0.4
id-02333	1	2	30	0.4
id-02334	10	6	29	0.3
id-02335	4	5	26	0.4
id-02336	9	11	12	0.4
id-02337	7	9	15	0.3
id-02338	4	6	27	0.4
id-02339	10	12	5	0.4
id-02340	1	2	28	0.3
id-02341	6	7	6	0.4
id-02342	6	6	9	0.4
id-02343	4	5	4	0.3
id-02344	7	5	5	0.4
id-02345	1	2	27	0.5
id-02346	6	10	12	0.5
id-02347	7	3	2	0.2
id-02348	1	2	27	0.4
id-02349	4	8	17	0.4
id-02350	3	6	26	0.3
id-02351	6	7	27	0.5
id-02352	8	9	8	0.4
id-02353	2	4	9	0.3
id-02354	6	8	7	0.3
id-02355	8	13	24	0.3
id-02356	7	2	15	0.3
id-02357	10	4	3	0.4
id-02358	4	7	17	0.4
id-02359	6	4	11	0.3
id-02360	4	2	26	0.5
id-02361	2	4	13	0.5
id-02362	2	2	16	0.3
id-02363	7	13	30	0.2
id-02364	1	2	9	0.3
id-02365	4	6	13	0.4
id-02366	7	7	28	0.4
id-02367	1	2	10	0.3
id-02368	1	2	17	0.3
id-02369	4	3	24	0.4
id-02370	2	2	23	0.5
id-02371	6	7	13	0.3
id-02372	4	2	20	0.5
id-02373	3	5	15	0.3
id-02374	5	7	21	0.4
id-02375	1	2	29	0.5
id-02376	3	5	29	0.2
id-02377	7	11	25	0.2
id-02378	8	8	6	0.4
id-02379	4	5	20	0.3
id-02380	8	10	8	0.5
id-02381	1	2	20	0.2
id-02382	10	13	29	0.4
id-02383	10	19	25	0.2
id-02384	4	7	21	0.4
id-02385	9	2	17	0.4
id-02386	1	2	3	0.2
id-02387	3	4	1	0.2
id-02388	8	9	19	0.4
id-02389	6	9	9	0.3
id-02390	7	9	23	0.3
id-02391	2	3	12	0.3
id-02392	8	10	24	0.4
id-02393	6	5	17	0.4
id-02394	1	2	15	0.4
id-02395	3	3	16	0.4
id-02396	9	15	11	0.3
id-02397	2	2	7	0.2
id-02398	1	2	3	0.5
id-02399	7	5	2	0.5
id-02400	3	5	12	0.2
id-02401	8	2	16	0.5
id-02402	2	2	26	0.3
id-02403	6	11	17	0.3
id-02404	6	9	23	0.4
id-02405	4	6	24	0.4
id-02406	4	3	24	0.3
id-02407	6	8	25	0.4
id-02408	3	3	25	0.2
id-02409	4	8	29	0.3
id-02410	3	4	14	0.4
id-02411	10	2	17	0.3
id-02412	8	7	20	0.4
id-02413	1	2	24	0.5
id-02414	1	2	8	0.3
id-02415	10	7	21	0.5
id-02416	1	2	5	0.3
id-02417	2	3	7	0.5
id-02418	6	11	29	0.5
id-02419	3	6	28	0.5
id-02420	10	12	13	0.4
id-02421	2	3	6	0.5
id-02422	6	6	19	0.5
id-02423	4	2	22	0.2
id-02424	4	8	14	0.5
id-02425	2	4	11	0.5
id-02426	4	6	20	0.2
id-02427	7	13	29	0.2
id-02428	3	4	29	0.4
id-02429	8	15	17	0.2
id-02430	8	2	3	0.2
id-02431	2	2	25	0.3
id-02432	3	6	19	0.4
id-02433	6	7	30	0.2
id-02434	10	17	25	0.4
id-02435	7	14	26	0.4
id-02436	4	8	23	0.5
id-02437	2	2	3	0.3
id-02438	3	5	9	0.3
id-02439	5	7	1	0.4
id-02440	7	11	21	0.5
id-02441	6	2	5	0.3
id-02442	1	2	11	0.4
id-02443	3	3	7	0.4
id-02444	4	6	12	0.2
id-02445	3	2	6	0.3
id-02446	4	6	7	0.4
id-02447	3	5	30	0.5
id-02448	1	2	30	0.3
id-02449	9	3	24	0.4
id-02450	5	7	17	0.2
id-02451	3	3	12	0.2
id-02452	10	11	1	0.3
id-02453	8	6	10	0.3
id-02454	5	8	26	0.5
id-02455	1	2	11	0.4
id-02456	8	8	30	0.3
id-02457	4	4	2	0.3
id-02458	10	4	7	0.4
id-02459	2	2	2	0.3
id-02460	10	12	13	0.2
id-02461	6	8	13	0.4
id-02462	5	9	15	0.4
id-02463	10	16	16	0.4
id-02464	7	11	3	0.3
id-02465	2	3	14	0.4
id-02466	3	4	5	0.4
id-02467	1	2	12	0.2
id-02468	4	8	2	0.3
id-02469	8	4	15	0.3
id-02470	6	3	17	0.4
id-02471	5	2	16	0.4
id-02472	1	2	8	0.3
id-02473	4	8	22	0.2
id-02474	4	6	20	0.3
id-02475	9	7	19	0.4
id-02476	10	11	3	0.2
id-02477	5	4	5	0.4
id-02478	8	5	30	0.4
id-02479	1	2	1	0.4
id-02480	6	10	30	0.2
id-02481	8	5	15	0.5
id-02482	8	7	4	0.3
id-02483	1	2	27	0.4
id-02484	8	16	27	0.4
id-02485	8	3	3	0.4
id-02486	2	2	18	0.4
id-02487	3	5	28	0.5
id-02488	9	4	8	0.3
id-02489	10	11	1	0.3
id-02490	6	3	9	0.4
id-02491	2	4	18	0.3
id-02492	3	3	27	0.5
id-02493	6	8	27	0.2
id-02494	3	6	9	0.3
id-02495	2	3	25	0.2
id-02496	8	5	8	0.2
id-02497	5	2	21	0.3
id-02498	7	9	9	0.2
id-02499	7	13	21	0.5
id-02500	2	4	4	0.4
id-02501	5	2	29	0.4
id-02502	4	4	13	0.2
id-02503	7	2	1	0.5
id-02504	4	2	28	0.3
id-02505	8	3	26	0.3
id-02506	1	2	30	0.4
id-02507	9	3	22	0.3
id-02508	2	2	7	0.3
id-02509	4	6	24	0.4
id-02510	9	16	25	0.3
id-02511	2	4	16	0.3
id-02512	5	10	22	0.3
id-02513	8	8	7	0.4
id-02514	3	2	19	0.2
id-02515	6	2	12	0.4
id-02516	5	4	13	0.4
id-02517	8	16	26	0.4
id-02518	10	10	19	0.3
id-02519	8	7	19	0.5
id-02520	5	6	6	0.3
id-02521	6	9	15	0.4
id-02522	3	5	26	0.4
id-02523	1	2	3	0.3
id-02524	5	4	24	0.4
id-02525	3	6	9	0.3
id-02526	8	5	29	0.2
id-02527	7	3	23	0.5
id-02528	5	5	9	0.2
id-02529	4	7	23	0.2
id-02530	5	6	16	0.5
id-02531	5	5	29	0.3
id-02532	10	5	15	0.5
id-02533	9	11	20	0.5
id-02534	1	2	26	0.5
id-02535	2	2	21	0.2
id-02536	7	10	9	0.3
id-02537	3	4	22	0.5
id-02538	5	4	9	0.2
id-02539	7	3	29	0.3
id-02540	3	3	5	0.5
id-02541	10	16	15	0.2
id-02542	7	7	18	0.2
id-02543	6	3	13	0.2
id-02544	3	3	18	0.2
id-02545	10	14	27	0.3
id-02546	5	3	24	0.4
id-02547	8	9	26	0.3
id-02548	2	4	11	0.4
id-02549	3	5	27	0.3
id-02550	10	20	25	0.4
id-02551	3	5	17	0.3
id-02552	6	8	21	0.4
id-02553	9	17	23	0.4
id-02554	6	4	17	0.4
id-02555	4	4	22	0.3
id-02556	2	2	11	0.2
id-02557	4	3	22	0.3
id-02558	10	11	7	0.4
id-02559	2	3	30	0.5
id-02560	5	4	10	0.3
id-02561	5	3	16	0.2
id-02562	9	10	10	0.3
id-02563	2	3	30	0.2
id-02564	4	6	4	0.4
id-02565	1	2	19	0.3
id-02566	4	2	20	0.5
id-02567	1	2	4	0.2
id-02568	8	14	14	0.3
id-02569	1	2	21	0.5
id-02570	2	4	20	0.4
id-02571	10	5	9	0.4
id-02572	2	3	11	0.3
id-02573	3	5	22	0.4
id-02574	2	4	5	0.3
id-02575	7	4	14	0.3
id-02576	3	3	17	0.5
id-02577	1	2	15	0.2
id-02578	2	3	22	0.3
id-02579	1	2	15	0.2
id-02580	2	3	9	0.3
id-02581	4	5	30	0.5
id-02582	4	4	19	0.2
id-02583	2	2	22	0.3
id-02584	7	6	23	0.3
id-02585	10	10	10	0.5
id-02586	1	2	6	0.4
id-02587	1	2	14	0.5
id-02588	1	2	23	0.4
id-02589	9	3	25	0.2
id-02590	2	3	13	0.4
id-02591	6	6	27	0.2
id-02592	1	2	27	0.4
id-02593	6	10	4	0.4
id-02594	5	6	12	0.4
id-02595	3	3	6	0.5
id-02596	10	13	1	0.5
id-02597	8	3	25	0.2
id-02598	10	10	14	0.2
id-02599	7	5	23	0.3
id-02600	10	18	10	0.3
id-02601	8	5	11	0.4
id-02602	9	15	21	0.4
id-02603	5	3	19	0.3
id-02604	5	6	26	0.5
id-02605	10	4	17	0.4
id-02606	1	2	20	0.3
id-02607	5	9	5	0.4
id-02608	8	9	21	0.5
id-02609	3	3	19	0.4
id-02610	8	14	22	0.3
id-02611	10	8	3	0.4
id-02612	3	6	25	0.2
id-02613	6	7	10	0.4
id-02614	2	4	14	0.5
id-02615	5	8	15	0.2
id-02616	7	2	11	0.4
id-02617	2	4	11	0.3
id-02618	7	2	2	0.3
id-02619	9	17	8	0.3
id-02620	7	8	22	0.3
id-02621	9	2	22	0.2
id-02622	3	5	20	0.5
id-02623	3	5	12	0.3
id-02624	8	11	20	0.2
id-02625	8	5	5	0.3
id-02626	4	7	30	0.3
id-02627	9	5	13	0.2
id-02628	2	2	10	0.3
id-02629	8	8	21	0.3
id-02630	1	2	16	0.5
id-02631	7	5	9	0.3
id-02632	3	4	4	0.3
id-02633	5	6	23	0.5
id-02634	9	2	12	0.4
id-02635	4	8	19	0.2
id-02636	9	15	20	0.3
id-02637	5	9	19	0.3
id-02638	9	5	10	0.2
id-02639	10	14	2	0.4
id-02640	6	12	19	0.3
id-02641	7	2	16	0.3
id-02642	7	6	17	0.2
id-02643	8	10	2	0.3
id-02644	8	2	16	0.4
id-02645	7	11	16	0.3
id-02646	1	2	25	0.4
id-02647	5	2	15	0.3
id-02648	10	16	9	0.2
id-02649	9	16	3	0.5
id-02650	9	16	4	0.3
id-02651	5	2	15	0.2
id-02652	10	16	6	0.4
id-02653	4	3	28	0.3
id-02654	9	4	19	0.4
id-02655	6	3	23	0.2
id-02656	3	4	22	0.4
id-02657	10	9	8	0.3
id-02658	9	9	24	0.4
id-02659	7	10	10	0.3
id-02660	3	6	6	0.2
id-02661	3	6	29	0.2
id-02662	6	6	4	0.4
id-02663	10	12	11	0.3
id-02664	1	2	13	0.4
id-02665	2	3	8	0.4
id-02666	4	8	15	0.3
id-02667	2	2	10	0.3
id-02668	2	3	25	0.3
id-02669	9	15	30	0.3
id-02670	4	4	19	0.5
id-02671	8	4	27	0.3
id-02672	1	2	23	0.2
id-02673	4	4	14	0.5
id-02674	10	10	13	0.5
id-02675	2	3	26	0.5
id-02676	3	3	14	0.4
id-02677	5	8	25	0.2
id-02678	2	2	17	0.4
id-02679	4	4	24	0.3
id-02680	6	4	19	0.3
id-02681	10	8	27	0.3
id-02682	6	4	17	0.3
id-02683	10	3	18	0.4
id-02684	4	3	15	0.2
id-02685	1	2	28	0.2
id-02686	9	8	2	0.4
id-02687	7	6	28	0.4
id-02688	1	2	6	0.4
id-02689	3	5	23	0.5
id-02690	5	6	24	0.3
id-02691	10	12	26	0.4
id-02692	2	4	19	0.3
id-02693	3	2	5	0.2
id-02694	4	2	21	0.5
id-02695	1	2	29	0.5
id-02696	5	3	8	0.4
id-02697	10	14	4	0.3
id-02698	3	2	26	0.4
id-02699	8	9	18	0.4
id-02700	6	3	9	0.2
id-02701	4	3	7	0.4
id-02702	8	4	16	0.3
id-02703	4	4	26	0.5
id-02704	6	9	18	0.3
id-02705	5	10	10	0.5
id-02706	10	17	20	0.3
id-02707	9	2	19	0.5
id-02708	5	5	4	0.4
id-02709	8	7	27	0.4
id-02710	6	12	26	0.4
id-02711	6	10	30	0.4
id-02712	2	3	15	0.2
id-02713	6	2	19	0.5
id-02714	2	2	24	0.2
id-02715	6	5	12	0.2
id-02716	8	4	22	0.3
id-02717	1	2	27	0.2
id-02718	6	12	30	0.3
id-02719	5	4	15	0.4
id-02720	9	16	23	0.4
id-02721	2	4	13	0.3
id-02722	10	19	12	0.2
id-02723	3	6	24	0.4
id-02724	5	6	24	0.2
id-02725	4	7	7	0.3
id-02726	9	11	23	0.3
id-02727	7	5	21	0.3
id-02728	6	3	7	0.3
id-02729	3	3	23	0.5
id-02730	9	17	14	0.4
id-02731	10	11	1	0.5
id-02732	2	4	21	0.4
id-02733	6	8	8	0.2
id-02734	10	9	16	0.3
id-02735	5	6	28	0.3
id-02736	10	5	6	0.4
id-02737	7	7	18	0.5
id-02738	10	13	9	0.3
id-02739	3	4	9	0.2
id-02740	5	8	10	0.4
id-02741	3	5	17	0.4
id-02742	3	5	1	0.4
id-02743	1	2	22	0.3
id-02744	1	2	8	0.2
id-02745	10	19	11	0.4
id-02746	8	15	16	0.5
id-02747	2	3	3	0.3
id-02748	10	13	2	0.4
id-02749	10	14	17	0.4
id-02750	6	2	1	0.2
id-02751	2	3	14	0.4
id-02752	1	2	10	0.2
id-02753	3	2	14	0.2
id-02754	5	4	25	0.2
id-02755	5	2	10	0.2
id-02756	8	12	6	0.3
id-02757	8	16	11	0.4
id-02758	9	12	1	0.2
id-02759	3	5	3	0.3
id-02760	3	6	5	0.3
id-02761	9	16	4	0.5
id-02762	6	5	4	0.4
id-02763	2	3	20	0.3
id-02764	5	7	8	0.3
id-02765	3	4	7	0.4
id-02766	10	16	24	0.5
id-02767	8	2	9	0.5
id-02768	2	4	8	0.4
id-02769	8	12	16	0.4
id-02770	10	15	24	0.5
id-02771	10	13	1	0.5
id-02772	8	13	11	0.5
id-02773	8	6	1	0.2
id-02774	4	5	11	0.3
id-02775	6	2	7	0.5
id-02776	1	2	22	0.2
id-02777	5	8	5	0.2
id-02778	9	3	16	0.4
id-02779	5	8	10	0.2
id-02780	1	2	11	0.4
id-02781	2	4	1	0.5
id-02782	3	4	20	0.5
id-02783	2	4	4	0.3
id-02784	6	5	4	0.3
id-02785	7	11	1	0.3
id-02786	4	3	14	0.2
id-02787	3	2	23	0.3
id-02788	5	9	12	0.5
id-02789	7	14	23	0.5
id-02790	8	5	21	0.2
id-02791	6	2	18	0.5
id-02792	1	2	18	0.2
id-02793	6	6	18	0.3
id-02794	1	2	1	0.4
id-02795	10	17	7	0.4
id-02796	3	5	23	0.4
id-02797	1	2	9	0.2
id-02798	2	4	12	0.3
id-02799	6	6	17	0.3
id-02800	6	6	20	0.5
id-02801	9	18	10	0.2
id-02802	9	15	10	0.4
id-02803	10	19	4	0.3
id-02804	4	8	1	0.3
id-02805	5	10	1	0.3
id-02806	6	9	22	0.3
id-02807	8	2	19	0.5
id-02808	4	8	17	0.2
id-02809	9	13	12	0.5
id-02810	8	4	8	0.5
id-02811	5	7	27	0.4
id-02812	8	13	3	0.3
id-02813	10	19	28	0.3
id-02814	1	2	4	0.4
id-02815	5	5	3	0.3
id-02816	3	4	28	0.5
id-02817	2	4	30	0.3
id-02818	3	5	1	0.5
id-02819	4	4	18	0.5
id-02820	8	3	13	0.4
id-02821	4	6	6	0.4
id-02822	1	2	8	0.5
id-02823	8	8	12	0.4
id-02824	4	6	25	0.3
id-02825	4	3	26	0.4
id-02826	6	4	19	0.3
id-02827	8	16	6	0.5
id-02828	10	16	16	0.5
id-02829	4	8	1	0.4
id-02830	3	2	20	0.3
id-02831	3	2	4	0.2
id-02832	3	2	16	0.2
id-02833	2	3	27	0.3
id-02834	1	2	21	0.3
id-02835	5	6	1	0.3
id-02836	1	2	28	0.2
id-02837	9	16	27	0.2
id-02838	9	10	26	0.3
id-02839	5	7	13	0.5
id-02840	5	7	7	0.3
id-02841	8	6	27	0.2
id-02842	7	7	19	0.5
id-02843	1	2	1	0.2
id-02844	7	14	9	0.4
id-02845	9	11	3	0.3
id-02846	10	14	6	0.4
id-02847	7	10	15	0.4
id-02848	3	5	16	0.5
id-02849	7	3	17	0.4
id-02850	7	5	29	0.4
id-02851	9	7	30	0.3
id-02852	4	8	15	0.3
id-02853	4	8	19	0.4
id-02854	6	3	10	0.4
id-02855	2	3	4	0.2
id-02856	1	2	17	0.4
id-02857	8	7	27	0.2
id-02858	5	5	9	0.2
id-02859	5	8	6	0.3
id-02860	6	11	13	0.2
id-02861	8	4	28	0.3
id-02862	9	9	12	0.3
id-02863	3	5	29	0.4
id-02864	10	10	17	0.3
id-02865	2	4	20	0.5
id-02866	4	7	26	0.3
id-02867	3	6	27	0.3
id-02868	6	2	16	0.3
id-02869	9	15	28	0.5
id-02870	8	7	12	0.5
id-02871	7	8	25	0.3
id-02872	4	2	9	0.3
id-02873	3	6	28	0.5
id-02874	7	7	21	0.2
id-02875	10	9	11	0.2
id-02876	4	5	25	0.4
id-02877	2	2	13	0.3
id-02878	1	2	17	0.4
id-02879	2	4	7	0.4
id-02880	7	13	28	0.4
id-02881	10	13	19	0.2
id-02882	9	16	26	0.4
id-02883	5	4	30	0.3
id-02884	9	11	20	0.3
id-02885	10	4	14	0.3
id-02886	4	6	10	0.3
id-02887	4	3	20	0.2
id-02888	3	4	4	0.3
id-02889	2	3	5	0.2
id-02890	6	11	4	0.4
id-02891	10	2	20	0.2
id-02892	6	10	28	0.4
id-02893	3	3	3	0.3
id-02894	6	10	7	0.3
id-02895	9	2	29	0.3
id-02896	10	17	12	0.4
id-02897	2	4	18	0.4
id-02898	4	2	16	0.4
id-02899	3	6	2	0.4
id-02900	9	13	30	0.3
id-02901	8	7	9	0.3
id-02902	7	14	4	0.3
id-02903	5	3	26	0.3
id-02904	1	2	3	0.4
id-02905	1	2	22	0.3
id-02906	10	5	7	0.5
id-02907	6	11	21	0.2
id-02908	8	5	29	0.4
id-02909	4	5	13	0.5
id-02910	4	3	1	0.4
id-02911	1	2	17	0.3
id-02912	1	2	30	0.5
id-02913	4	4	22	0.5
id-02914	1	2	11	0.3
id-02915	7	8	24	0.4
id-02916	2	2	27	0.4
id-02917	5	9	6	0.2
id-02918	7	2	30	0.2
id-02919	10	9	14	0.3
id-02920	9	17	6	0.2
id-02921	4	8	6	0.3
id-02922	6	4	22	0.4
id-02923	9	9	25	0.3
id-02924	4	5	15	0.2
id-02925	4	2	13	0.2
id-02926	6	9	15	0.4
id-02927	10	16	7	0.3
id-02928	2	2	23	0.3
id-02929	8	16	23	0.3
id-02930	4	5	18	0.5
id-02931	1	2	23	0.4
id-02932	10	4	5	0.2
id-02933	8	5	12	0.4
id-02934	2	3	11	0.4
id-02935	3	2	14	0.2
id-02936	9	8	19	0.3
id-02937	3	2	3	0.4
id-02938	7	6	13	0.2
id-02939	1	2	25	0.5
id-02940	9	16	4	0.4
id-02941	10	19	1	0.4
id-02942	5	7	25	0.3
id-02943	2	3	14	0.3
id-02944	10	15	15	0.3
id-02945	1	2	18	0.3
id-02946	10	15	28	0.2
id-02947	9	4	16	0.5
id-02948	4	6	22	0.4
id-02949	1	2	15	0.2
id-02950	1	2	28	0.4
id-02951	9	14	9	0.3
id-02952	8	11	6	0.3
id-02953	3	2	10	0.4
id-02954	3	2	17	0.4
id-02955	6	10	6	0.4
id-02956	10	10	20	0.2
id-02957	6	5	29	0.4
id-02958	6	11	5	0.3
id-02959	7	14	8	0.4
id-02960	8	14	20	0.5
id-02961	7	13	17	0.4
id-02962	10	6	15	0.5
id-02963	4	3	9	0.4
id-02964	10	10	10	0.5
id-02965	9	5	13	0.3
id-02966	3	4	5	0.4
id-02967	1	2	11	0.5
id-02968	2	2	19	0.3
id-02969	3	3	7	0.5
id-02970	3	2	29	0.3
id-02971	8	15	1	0.4
id-02972	6	6	2	0.3
id-02973	2	4	1	0.2
id-02974	1	2	26	0.4
id-02975	6	11	20	0.4
id-02976	6	12	22	0.4
id-02977	3	6	11	0.5
id-02978	2	2	19	0.3
id-02979	5	2	17	0.2
id-02980	2	3	10	0.4
id-02981	2	2	29	0.2
id-02982	8	5	1	0.3
id-02983	2	4	3	0.4
id-02984	3	2	13	0.3
id-02985	9	6	24	0.3
id-02986	6	5	29	0.3
id-02987	9	14	7	0.2
id-02988	6	3	19	0.4
id-02989	2	2	17	0.3
id-02990	7	13	13	0.3
id-02991	4	7	3	0.2
id-02992	3	5	28	0.4
id-02993	7	6	5	0.4
id-02994	8	2	28	0.2
id-02995	3	5	17	0.3
id-02996	2	3	22	0.2
id-02997	8	5	13	0.3
id-02998	7	9	8	0.5
id-02999	2	2	17	0.2
id-03000	10	3	1	0.4
id-03001	2	4	17	0.3
id-03002	4	6	2	0.4
id-03003	2	2	22	0.3
id-03004	9	4	11	0.5
id-03005	7	4	10	0.3
id-03006	10	12	14	0.3
id-03007	7	4	3	0.4
id-03008	1	2	6	0.4
id-03009	10	15	4	0.2
id-03010	9	9	16	0.4
id-03011	3	6	24	0.3
id-03012	4	7	13	0.3
id-03013	9	15	19	0.3
id-03014	3	3	12	0.4
id-03015	4	4	1	0.5
id-03016	8	11	19	0.5
id-03017	6	3	23	0.3
id-03018	2	2	20	0.3
id-03019	2	2	2	0.2
id-03020	4	2	29	0.4
id-03021	10	8	13	0.4
id-03022	2	4	2	0.3
id-03023	1	2	28	0.4
id-03024	7	9	6	0.4
id-03025	8	7	21	0.2
id-03026	8	16	3	0.3
id-03027	1	2	8	0.5
id-03028	9	6	22	0.4
id-03029	10	6	27	0.5
id-03030	7	4	24	0.5
id-03031	9	2	21	0.2
id-03032	1	2	5	0.3
id-03033	4	2	2	0.2
id-03034	6	10	25	0.3
id-03035	1	2	4	0.2
id-03036	6	10	7	0.3
id-03037	6	3	14	0.2
id-03038	5	10	13	0.4
id-03039	8	2	22	0.5
id-03040	4	3	12	0.4
id-03041	10	12	25	0.3
id-03042	1	2	22	0.3
id-03043	2	3	24	0.4
id-03044	4	8	5	0.3
id-03045	10	12	10	0.4
id-03046	5	4	13	0.3
id-03047	1	2	18	0.2
id-03048	7	10	27	0.4
id-03049	4	8	20	0.2
id-03050	4	4	16	0.3
id-03051	9	3	15	0.4
id-03052	7	4	11	0.4
id-03053	4	6	29	0.3
id-03054	5	8	14	0.2
id-03055	8	16	3	0.2
id-03056	2	3	22	0.4
id-03057	9	5	17	0.3
id-03058	6	12	11	0.3
id-03059	3	4	23	0.3
id-03060	8	4	9	0.3
id-03061	9	6	8	0.5
id-03062	4	5	2	0.5
id-03063	9	12	26	0.2
id-03064	2	2	15	0.3
id-03065	8	12	26	0.4
id-03066	2	4	11	0.3
id-03067	1	2	23	0.4
id-03068	2	2	9	0.3
id-03069	5	8	29	0.3
id-03070	6	4	6	0.2
id-03071	9	3	29	0.2
id-03072	7	5	1	0.2
id-03073	7	6	16	0.2
id-03074	4	4	30	0.4
id-03075	1	2	2	0.2
id-03076	5	2	8	0.3
id-03077	6	6	12	0.2
id-03078	1	2	5	0.2
id-03079	1	2	2	0.4
id-03080	5	8	15	0.2
id-03081	10	7	10	0.4
id-03082	4	7	12	0.3
id-03083	5	3	4	0.4
id-03084	6	10	17	0.2
id-03085	7	5	26	0.5
id-03086	3	3	25	0.5
id-03087	3	3	30	0.3
id-03088	9	13	12	0.4
id-03089	4	4	7	0.3
id-03090	5	2	25	0.2
id-03091	10	13	23	0.5
id-03092	3	3	17	0.4
id-03093	4	7	22	0.4
id-03094	8	5	3	0.5
id-03095	3	4	24	0.4
id-03096	6	2	10	0.5
id-03097	10	15	1	0.2
id-03098	7	14	8	0.4
id-03099	10	3	14	0.3
id-03100	3	6	3	0.3
id-03101	10	5	4	0.2
id-03102	5	2	27	0.4
id-03103	5	5	10	0.3
id-03104	2	3	1	0.2
id-03105	7	2	12	0.3
id-03106	9	9	21	0.3
id-03107	1	2	21	0.3
id-03108	1	2	5	0.2
id-03109	1	2	5	0.3
id-03110	7	9	5	0.4
id-03111	1	2	8	0.4
id-03112	2	2	11	0.3
id-03113	10	7	16	0.4
id-03114	7	8	21	0.2
id-03115	4	7	29	0.5
id-03116	6	5	20	0.4
id-03117	5	4	15	0.5
id-03118	8	10	27	0.4
id-03119	10	16	14	0.2
id-03120	6	4	13	0.4
id-03121	7	8	5	0.5
id-03122	6	3	14	0.4
id-03123	3	6	26	0.3
id-03124	9	4	22	0.4
id-03125	3	3	25	0.4
id-03126	6	8	7	0.4
id-03127	7	2	16	0.4
id-03128	10	5	9	0.3
id-03129	7	6	25	0.2
id-03130	7	11	8	0.2
id-03131	2	2	21	0.3
id-03132	7	8	11	0.3
id-03133	9	14	8	0.2
id-03134	1	2	16	0.4
id-03135	2	2	9	0.2
id-03136	2	2	26	0.2
id-03137	7	12	2	0.4
id-03138	5	7	11	0.3
id-03139	5	10	8	0.3
id-03140	10	6	18	0.5
id-03141	1	2	5	0.4
id-03142	8	5	11	0.2
id-03143	3	5	4	0.3
id-03144	2	4	11	0.3
id-03145	4	2	12	0.4
id-03146	5	3	16	0.5
id-03147	8	9	8	0.4
id-03148	6	10	24	0.3
id-03149	5	4	22	0.4
id-03150	4	6	9	0.3
id-03151	10	10	10	0.5
id-03152	2	3	25	0.3
id-03153	9	18	30	0.3
id-03154	6	4	24	0.3
id-03155	4	7	3	0.4
id-03156	4	4	28	0.5
id-03157	1	2	3	0.2
id-03158	8	8	1	0.5
id-03159	10	5	3	0.4
id-03160	7	11	23	0.3
id-03161	8	7	10	0.2
id-03162	9	12	28	0.4
id-03163	9	4	7	0.3
id-03164	2	3	27	0.5
id-03165	8	11	1	0.4
id-03166	9	7	21	0.5
id-03167	3	2	17	0.4
id-03168	8	14	25	0.3
id-03169	3	5	13	0.5
id-03170	3	6	2	0.3
id-03171	5	2	12	0.4
id-03172	6	11	3	0.3
id-03173	7	12	5	0.3
id-03174	9	9	25	0.4
id-03175	1	2	15	0.5
id-03176	6	8	2	0.5
id-03177	10	10	13	0.3
id-03178	10	13	29	0.4
id-03179	4	8	13	0.3
id-03180	9	8	21	0.2
id-03181	5	3	21	0.3
id-03182	2	3	12	0.2
id-03183	10	20	23	0.5
id-03184	10	10	14	0.5
id-03185	10	11	7	0.3
id-03186	10	6	15	0.4
id-03187	8	10	2	0.2
id-03188	3	2	17	0.5
id-03189	6	11	10	0.4
id-03190	8	5	22	0.3
id-03191	9	15	30	0.2
id-03192	3	4	5	0.3
id-03193	1	2	21	0.4
id-03194	7	2	9	0.5
id-03195	3	6	25	0.2
id-03196	2	3	19	0.4
id-03197	10	10	13	0.4
id-03198	9	10	29	0.2
id-03199	2	3	9	0.4
id-03200	7	8	24	0.2
id-03201	7	14	26	0.2
id-03202	3	6	15	0.3
id-03203	7	13	17	0.2
id-03204	2	4	18	0.3
id-03205	6	12	15	0.3
id-03206	10	4	24	0.4
id-03207	7	5	25	0.2
id-03208	4	6	8	0.5
id-03209	7	11	4	0.4
id-03210	3	2	8	0.3
id-03211	6	4	10	0.5
id-03212	9	18	24	0.2
id-03213	10	20	7	0.4
id-03214	7	10	14	0.5
id-03215	10	6	18	0.4
id-03216	8	8	24	0.4
id-03217	9	5	10	0.3
id-03218	1	2	30	0.2
id-03219	2	4	4	0.3
id-03220	8	6	24	0.2
id-03221	3	5	7	0.4
id-03222	2	4	7	0.4
id-03223	8	7	21	0.3
id-03224	9	10	24	0.3
id-03225	5	4	10	0.4
id-03226	9	18	1	0.4
id-03227	2	4	2	0.3
id-03228	4	8	20	0.3
id-03229	9	18	6	0.5
id-03230	10	3	9	0.3
id-03231	9	12	14	0.4
id-03232	8	11	14	0.3
id-03233	1	2	1	0.4
id-03234	8	8	24	0.4
id-03235	8	11	6	0.4
id-03236	5	10	9	0.3
id-03237	7	4	15	0.5
id-03238	1	2	30	0.4
id-03239	4	6	30	0.3
id-03240	10	2	10	0.5
id-03241	7	13	12	0.4
id-03242	2	2	15	0.4
id-03243	7	9	7	0.4
id-03244	6	2	21	0.4
id-03245	2	3	21	0.4
id-03246	10	7	5	0.4
id-03247	3	4	5	0.3
id-03248	8	4	7	0.3
id-03249	10	11	2	0.4
id-03250	6	10	18	0.4
id-03251	8	14	7	0.3
id-03252	3	5	2	0.3
id-03253	4	6	7	0.3
id-03254	9	3	1	0.4
id-03255	2	2	19	0.4
id-03256	9	11	27	0.4
id-03257	5	5	2	0.2
id-03258	10	5	18	0.2
id-03259	7	4	15	0.4
id-03260	8	13	22	0.4
id-03261	10	6	4	0.3
id-03262	8	15	13	0.3
id-03263	9	17	5	0.4
id-03264	8	7	4	0.5
id-03265	2	4	5	0.5
id-03266	8	12	18	0.4
id-03267	4	7	28	0.4
id-03268	9	10	4	0.4
id-03269	7	2	3	0.3
id-03270	2	3	30	0.5
id-03271	7	4	11	0.4
id-03272	1	2	13	0.4
id-03273	6	11	9	0.2
id-03274	3	4	13	0.4
id-03275	3	4	27	0.5
id-03276	4	4	2	0.5
id-03277	7	14	16	0.3
id-03278	8	6	11	0.3
id-03279	8	13	18	0.3
id-03280	8	14	12	0.2
id-03281	5	4	25	0.3
id-03282	8	2	10	0.2
id-03283	1	2	26	0.4
id-03284	10	13	30	0.2
id-03285	8	16	12	0.4
id-03286	7	9	6	0.3
id-03287	6	5	16	0.2
id-03288	5	8	11	0.3
id-03289	10	17	14	0.3
id-03290	2	4	17	0.3
id-03291	6	12	14	0.4
id-03292	1	2	11	0.2
id-03293	10	20	9	0.3
id-03294	1	2	9	0.4
id-03295	1	2	5	0.5
id-03296	2	3	6	0.5
id-03297	1	2	13	0.5
id-03298	7	7	28	0.4
id-03299	6	9	21	0.5
id-03300	10	8	8	0.5
id-03301	4	8	10	0.3
id-03302	3	2	1	0.4
id-03303	2	2	1	0.4
id-03304	6	3	22	0.3
id-03305	10	6	6	0.5
id-03306	3	5	19	0.2
id-03307	7	10	8	0.2
id-03308	5	3	20	0.3
id-03309	7	6	22	0.2
id-03310	10	17	27	0.2
id-03311	5	8	28	0.4
id-03312	1	2	22	0.3
id-03313	4	3	24	0.2
id-03314	9	11	15	0.3
id-03315	5	9	17	0.5
id-03316	2	3	29	0.4
id-03317	4	7	25	0.5
id-03318	2	2	1	0.4
id-03319	10	17	18	0.4
id-03320	5	5	1	0.4
id-03321	7	8	13	0.4
id-03322	7	13	5	0.4
id-03323	5	6	22	0.4
id-03324	1	2	14	0.4
id-03325	5	2	10	0.4
id-03326	5	3	6	0.2
id-03327	7	9	28	0.5
id-03328	1	2	27	0.2
id-03329	9	11	4	0.4
id-03330	2	3	23	0.2
id-03331	2	4	7	0.2
id-03332	9	14	7	0.3
id-03333	4	4	6	0.4
id-03334	4	3	27	0.4
id-03335	9	7	4	0.2
id-03336	6	11	23	0.4
id-03337	1	2	10	0.2
id-03338	6	6	30	0.2
id-03339	3	2	17	0.3
id-03340	2	4	24	0.2
id-03341	4	8	17	0.3
id-03342	5	7	6	0.3
id-03343	2	2	2	0.2
id-03344	3	4	28	0.3
id-03345	8	11	3	0.4
id-03346	3	4	28	0.2
id-03347	10	13	1	0.3
id-03348	2	2	26	0.4
id-03349	1	2	3	0.5
id-03350	8	11	5	0.4
id-03351	10	20	27	0.4
id-03352	8	14	5	0.2
id-03353	4	2	29	0.2
id-03354	4	3	4	0.3
id-03355	5	7	22	0.3
id-03356	9	8	11	0.4
id-03357	7	13	2	0.4
id-03358	8	16	25	0.3
id-03359	5	7	10	0.3
id-03360	2	4	26	0.4
id-03361	2	3	21	0.2
id-03362	9	4	12	0.4
id-03363	3	4	30	0.4
id-03364	3	2	30	0.4
id-03365	1	2	8	0.3
id-03366	4	2	5	0.5
id-03367	2	2	12	0.2
id-03368	2	3	1	0.4
id-03369	6	6	6	0.4
id-03370	5	7	4	0.3
id-03371	8	10	9	0.5
id-03372	1	2	29	0.3
id-03373	9	16	28	0.3
id-03374	4	3	14	0.5
id-03375	5	5	25	0.4
id-03376	3	4	4	0.4
id-03377	3	4	12	0.3
id-03378	7	14	2	0.3
id-03379	10	17	27	0.4
id-03380	1	2	17	0.5
id-03381	4	2	19	0.3
id-03382	4	6	14	0.4
id-03383	9	2	6	0.4
id-03384	3	5	24	0.2
id-03385	8	9	17	0.2
id-03386	8	11	19	0.4
id-03387	6	5	23	0.2
id-03388	5	4	7	0.3
id-03389	1	2	19	0.5
id-03390	10	16	18	0.3
id-03391	8	9	11	0.3
id-03392	6	4	29	0.2
id-03393	10	4	18	0.4
id-03394	4	4	25	0.4
id-03395	5	10	26	0.3
id-03396	6	10	28	0.4
id-03397	6	6	7	0.3
id-03398	10	15	15	0.2
id-03399	2	4	20	0.3
id-03400	1	2	7	0.3
id-03401	9	14	15	0.2
id-03402	8	6	16	0.3
id-03403	6	11	12	0.2
id-03404	1	2	2	0.2
id-03405	5	10	19	0.4
id-03406	6	7	16	0.3
id-03407	7	4	8	0.3
id-03408	3	5	29	0.4
id-03409	1	2	13	0.3
id-03410	5	7	14	0.3
id-03411	3	4	16	0.3
id-03412	4	8	19	0.4
id-03413	10	16	25	0.5
id-03414	5	6	9	0.3
id-03415	3	5	24	0.5
id-03416	3	5	8	0.5
id-03417	10	3	17	0.5
id-03418	7	12	30	0.2
id-03419	8	3	26	0.3
id-03420	5	7	28	0.2
id-03421	5	3	23	0.5
id-03422	10	12	9	0.3
id-03423	2	4	17	0.3
id-03424	8	8	22	0.2
id-03425	2	3	5	0.4
id-03426	6	8	30	0.4
id-03427	5	5	26	0.3
id-03428	6	12	21	0.3
id-03429	2	3	8	0.3
id-03430	10	20	3	0.3
id-03431	4	8	11	0.3
id-03432	9	16	24	0.2
id-03433	4	2	23	0.5
id-03434	8	15	13	0.5
id-03435	5	5	13	0.4
id-03436	4	8	14	0.3
id-03437	1	2	13	0.4
id-03438	3	5	27	0.5
id-03439	2	4	29	0.5
id-03440	8	14	30	0.4
id-03441	2	2	2	0.5
id-03442	7	9	1	0.4
id-03443	6	7	24	0.2
id-03444	1	2	5	0.5
id-03445	4	6	29	0.3
id-03446	6	12	3	0.4
id-03447	8	6	26	0.5
id-03448	5	2	23	0.3
id-03449	1	2	3	0.4
id-03450	3	2	6	0.5
id-03451	5	4	4	0.5
id-03452	8	12	14	0.5
id-03453	6	9	6	0.3
id-03454	1	2	7	0.5
id-03455	3	6	3	0.4
id-03456	4	8	4	0.3
id-03457	10	2	11	0.5
id-03458	9	12	3	0.3
id-03459	10	9	3	0.4
id-03460	3	6	19	0.2
id-03461	3	3	15	0.5
id-03462	6	4	30	0.4
id-03463	4	3	26	0.4
id-03464	10	18	6	0.2
id-03465	4	8	27	0.4
id-03466	6	12	9	0.2
id-03467	1	2	22	0.5
id-03468	4	8	2	0.3
id-03469	8	10	13	0.3
id-03470	8	14	30	0.5
id-03471	5	7	30	0.3
id-03472	9	10	13	0.4
id-03473	1	2	4	0.2
id-03474	9	9	19	0.4
id-03475	9	2	16	0.4
id-03476	8	12	15	0.2
id-03477	9	4	5	0.3
id-03478	7	14	5	0.5
id-03479	9	10	20	0.4
id-03480	10	19	3	0.4
id-03481	4	2	16	0.3
id-03482	7	4	6	0.3
id-03483	7	5	19	0.3
id-03484	6	11	3	0.4
id-03485	2	2	3	0.3
id-03486	7	13	19	0.3
id-03487	2	2	24	0.4
id-03488	5	7	2	0.5
id-03489	8	3	21	0.5
id-03490	4	3	1	0.4
id-03491	10	10	29	0.2
id-03492	7	11	16	0.4
id-03493	1	2	3	0.3
id-03494	1	2	9	0.4
id-03495	10	4	27	0.4
id-03496	2	2	18	0.5
id-03497	6	3	2	0.3
id-03498	1	2	23	0.4
id-03499	6	6	21	0.4
id-03500	5	6	28	0.4
id-03501	3	3	11	0.5
id-03502	4	5	25	0.5
id-03503	6	2	14	0.4
id-03504	6	2	17	0.5
id-03505	3	3	10	0.2
id-03506	2	2	4	0.5
id-03507	2	3	23	0.4
id-03508	1	2	15	0.2
id-03509	9	13	18	0.5
id-03510	8	4	10	0.2
id-03511	5	8	20	0.2
id-03512	2	4	1	0.3
id-03513	5	2	23	0.3
id-03514	7	8	20	0.5
id-03515	9	3	16	0.3
id-03516	9	14	26	0.4
id-03517	1	2	22	0.4
id-03518	1	2	16	0.4
id-03519	5	9	9	0.4
id-03520	10	7	16	0.3
id-03521	10	19	25	0.4
id-03522	4	8	16	0.3
id-03523	10	5	21	0.3
id-03524	10	16	11	0.3
id-03525	8	7	13	0.2
id-03526	6	4	17	0.3
id-03527	8	15	15	0.5
id-03528	6	2	12	0.2
id-03529	9	15	19	0.3
id-03530	8	6	20	0.5
id-03531	6	8	27	0.2
id-03532	2	3	20	0.4
id-03533	4	4	16	0.2
id-03534	3	2	15	0.2
id-03535	5	2	28	0.3
id-03536	4	7	18	0.3
id-03537	6	8	28	0.3
id-03538	9	10	9	0.3
id-03539	6	12	18	0.4
id-03540	7	3	25	0.3
id-03541	6	10	7	0.3
id-03542	10	2	22	0.3
id-03543	8	5	30	0.3
id-03544	9	18	15	0.3
id-03545	2	4	23	0.3
id-03546	3	4	2	0.4
id-03547	7	4	26	0.3
id-03548	9	4	13	0.3
id-03549	6	10	28	0.4
id-03550	7	14	5	0.4
id-03551	2	2	5	0.2
id-03552	4	5	18	0.2
id-03553	7	5	1	0.5
id-03554	10	20	23	0.4
id-03555	1	2	15	0.3
id-03556	6	10	26	0.2
id-03557	6	11	13	0.5
id-03558	8	12	20	0.3
id-03559	3	4	16	0.4
id-03560	8	4	8	0.2
id-03561	9	10	9	0.4
id-03562	10	8	13	0.4
id-03563	1	2	23	0.4
id-03564	1	2	19	0.4
id-03565	2	2	30	0.3
id-03566	9	4	19	0.2
id-03567	9	14	1	0.4
id-03568	2	4	4	0.3
id-03569	8	7	28	0.4
id-03570	10	15	12	0.2
id-03571	7	7	14	0.4
id-03572	5	9	17	0.3
id-03573	6	5	13	0.4
id-03574	6	11	9	0.5
id-03575	9	18	14	0.3
id-03576	10	17	20	0.4
id-03577	9	7	4	0.5
id-03578	5	5	6	0.3
id-03579	4	6	3	0.4
id-03580	6	3	11	0.5
id-03581	7	9	12	0.4
id-03582	5	7	11	0.5
id-03583	6	11	13	0.2
id-03584	1	2	8	0.3
id-03585	6	9	22	0.5
id-03586	3	4	21	0.5
id-03587	10	4	2	0.3
id-03588	7	3	8	0.3
id-03589	5	6	23	0.2
id-03590	10	8	3	0.3
id-03591	1	2	24	0.4
id-03592	10	12	29	0.4
id-03593	4	6	3	0.3
id-03594	9	17	26	0.2
id-03595	7	12	27	0.4
id-03596	1	2	21	0.5
id-03597	3	2	10	0.3
id-03598	8	12	3	0.5
id-03599	3	5	12	0.4
id-03600	3	2	20	0.5
id-03601	5	3	6	0.3
id-03602	9	15	13	0.3
id-03603	6	6	15	0.4
id-03604	6	7	29	0.3
id-03605	10	2	30	0.3
id-03606	3	6	10	0.2
id-03607	8	14	21	0.3
id-03608	8	6	23	0.3
id-03609	4	4	28	0.5
id-03610	4	4	18	0.5
id-03611	4	5	6	0.4
id-03612	9	12	15	0.5
id-03613	8	13	1	0.2
id-03614	7	6	7	0.2
id-03615	4	8	30	0.5
id-03616	10	2	17	0.2
id-03617	5	7	20	0.4
id-03618	4	8	13	0.5
id-03619	10	7	20	0.4
id-03620	7	8	22	0.2
id-03621	5	4	30	0.4
id-03622	6	5	4	0.4
id-03623	8	9	26	0.4
id-03624	9	16	7	0.4
id-03625	3	6	17	0.4
id-03626	10	3	20	0.2
id-03627	7	9	20	0.3
id-03628	6	2	18	0.3
id-03629	6	11	19	0.5
id-03630	10	6	15	0.3
id-03631	1	2	13	0.4
id-03632	5	5	14	0.5
id-03633	9	9	1	0.4
id-03634	8	14	27	0.4
id-03635	1	2	29	0.3
id-03636	4	7	2	0.3
id-03637	1	2	6	0.5
id-03638	6	7	27	0.2
id-03639	5	8	17	0.4
id-03640	5	10	10	0.4
id-03641	7	4	5	0.5
id-03642	3	5	25	0.4
id-03643	2	2	19	0.4
id-03644	10	11	7	0.3
id-03645	6	4	29	0.4
id-03646	2	4	7	0.5
id-03647	3	3	17	0.4
id-03648	7	3	8	0.4
id-03649	3	5	10	0.3
id-03650	3	4	30	0.2
id-03651	6	7	28	0.5
id-03652	6	7	4	0.4
id-03653	9	14	6	0.4
id-03654	8	7	23	0.4
id-03655	6	9	11	0.5
id-03656	2	4	12	0.3
id-03657	4	8	4	0.4
id-03658	6	3	27	0.3
id-03659	9	8	2	0.4
id-03660	7	7	28	0.5
id-03661	5	4	2	0.3
id-03662	10	10	28	0.2
id-03663	3	6	20	0.4
id-03664	8	9	14	0.3
id-03665	3	2	18	0.4
id-03666	1	2	7	0.5
id-03667	1	2	14	0.4
id-03668	2	2	13	0.2
id-03669	5	5	22	0.3
id-03670	8	16	20	0.2
id-03671	3	3	4	0.3
id-03672	3	2	9	0.3
id-03673	2	3	8	0.2
id-03674	6	8	17	0.3
id-03675	10	11	16	0.2
id-03676	8	4	14	0.4
id-03677	4	6	19	0.4
id-03678	3	6	10	0.5
id-03679	8	13	14	0.5
id-03680	7	5	6	0.4
id-03681	4	4	14	0.2
id-03682	8	2	1	0.3
id-03683	7	11	6	0.4
id-03684	5	5	26	0.4
id-03685	6	7	28	0.4
id-03686	5	3	8	0.5
id-03687	6	10	16	0.3
id-03688	7	6	12	0.4
id-03689	10	4	28	0.3
id-03690	7	13	15	0.4
id-03691	10	19	26	0.2
id-03692	3	6	14	0.3
id-03693	10	13	9	0.3
id-03694	9	10	3	0.2
id-03695	4	8	21	0.4
id-03696	9	12	2	0.3
id-03697	10	11	15	0.4
id-03698	6	9	3	0.2
id-03699	5	10	30	0.4
id-03700	7	3	7	0.2
id-03701	2	4	1	0.5
id-03702	7	7	11	0.4
id-03703	5	3	14	0.4
id-03704	10	5	15	0.4
id-03705	2	3	8	0.4
id-03706	8	8	10	0.4
id-03707	8	5	16	0.5
id-03708	4	3	14	0.2
id-03709	3	6	3	0.4
id-03710	6	12	13	0.3
id-03711	7	14	15	0.3
id-03712	3	4	13	0.2
id-03713	5	10	20	0.4
id-03714	10	6	17	0.2
id-03715	8	13	21	0.3
id-03716	1	2	8	0.3
id-03717	10	2	30	0.5
id-03718	9	10	13	0.4
id-03719	7	8	17	0.3
id-03720	5	6	8	0.4
id-03721	5	7	16	0.4
id-03722	6	10	21	0.2
id-03723	8	4	25	0.3
id-03724	2	4	3	0.5
id-03725	5	5	14	0.2
id-03726	10	17	21	0.4
id-03727	5	7	22	0.5
id-03728	9	17	24	0.2
id-03729	8	15	27	0.4
id-03730	10	9	7	0.3
id-03731	4	7	13	0.4
id-03732	1	2	16	0.5
id-03733	10	9	2	0.4
id-03734	1	2	6	0.3
id-03735	7	7	29	0.4
id-03736	9	7	22	0.4
id-03737	5	9	24	0.5
id-03738	1	2	20	0.2
id-03739	7	3	13	0.3
id-03740	3	6	3	0.5
id-03741	7	13	3	0.4
id-03742	8	10	5	0.3
id-03743	9	4	23	0.4
id-03744	7	12	5	0.5
id-03745	9	12	14	0.3
id-03746	4	5	23	0.4
id-03747	1	2	16	0.4
id-03748	4	3	21	0.4
id-03749	2	3	12	0.3
id-03750	5	4	18	0.3
id-03751	9	18	10	0.5
id-03752	8	14	24	0.3
id-03753	4	7	19	0.5
id-03754	10	8	20	0.4
id-03755	4	3	18	0.3
id-03756	10	19	20	0.3
id-03757	4	6	17	0.3
id-03758	1	2	14	0.5
id-03759	8	12	13	0.3
id-03760	8	8	19	0.3
id-03761	3	6	8	0.3
id-03762	3	2	21	0.3
id-03763	10	12	22	0.3
id-03764	6	7	26	0.3
id-03765	2	2	5	0.3
id-03766	2	2	26	0.2
id-03767	3	6	9	0.3
id-03768	6	4	24	0.3
id-03769	4	2	20	0.5
id-03770	2	4	3	0.3
id-03771	8	14	7	0.5
id-03772	4	4	18	0.4
id-03773	9	16	10	0.2
id-03774	4	2	30	0.2
id-03775	4	4	28	0.3
id-03776	1	2	4	0.2
id-03777	9	9	21	0.5
id-03778	10	18	27	0.3
id-03779	2	4	29	0.3
id-03780	10	3	6	0.4
id-03781	9	16	1	0.3
id-03782	5	10	21	0.5
id-03783	3	3	19	0.4
id-03784	7	10	23	0.3
id-03785	4	7	20	0.3
id-03786	7	4	6	0.3
id-03787	7	2	20	0.4
id-03788	3	5	5	0.2
id-03789	4	5	12	0.2
id-03790	9	11	5	0.3
id-03791	9	9	4	0.3
id-03792	6	4	29	0.5
id-03793	5	7	24	0.3
id-03794	4	3	9	0.4
id-03795	8	4	14	0.3
id-03796	5	9	22	0.2
id-03797	1	2	3	0.2
id-03798	8	11	5	0.3
id-03799	4	4	20	0.4
id-03800	2	4	8	0.4
id-03801	1	2	24	0.3
id-03802	8	2	23	0.4
id-03803	3	4	11	0.3
id-03804	8	12	21	0.5
id-03805	8	12	25	0.4
id-03806	3	6	5	0.2
id-03807	1	2	1	0.5
id-03808	2	3	4	0.3
id-03809	5	10	6	0.3
id-03810	3	3	8	0.5
id-03811	7	14	2	0.3
id-03812	1	2	2	0.3
id-03813	5	8	1	0.5
id-03814	6	12	5	0.3
id-03815	1	2	7	0.4
id-03816	6	12	30	0.5
id-03817	1	2	4	0.5
id-03818	3	3	12	0.3
id-03819	3	2	8	0.3
id-03820	9	15	7	0.5
id-03821	9	2	16	0.5
id-03822	7	6	11	0.3
id-03823	2	2	16	0.3
id-03824	7	9	13	0.4
id-03825	7	12	6	0.4
id-03826	2	4	5	0.3
id-03827	2	2	17	0.5
id-03828	8	5	28	0.2
id-03829	4	2	5	0.3
id-03830	5	9	18	0.3
id-03831	6	11	30	0.4
id-03832	6	8	16	0.4
id-03833	5	8	29	0.5
id-03834	9	14	18	0.3
id-03835	10	15	8	0.3
id-03836	9	4	9	0.2
id-03837	4	8	20	0.3
id-03838	1	2	22	0.3
id-03839	8	12	23	0.3
id-03840	10	8	22	0.4
id-03841	10	20	11	0.3
id-03842	9	15	14	0.5
id-03843	3	3	8	0.4
id-03844	8	2	4	0.3
id-03845	10	4	11	0.3
id-03846	7	10	19	0.4
id-03847	7	12	23	0.3
id-03848	3	6	13	0.4
id-03849	2	2	29	0.2
id-03850	1	2	8	0.4
id-03851	7	5	13	0.3
id-03852	4	7	7	0.3
id-03853	2	3	29	0.2
id-03854	5	8	24	0.3
id-03855	5	7	14	0.4
id-03856	2	4	24	0.3
id-03857	5	4	18	0.3
id-03858	9	12	18	0.3
id-03859	7	14	20	0.3
id-03860	10	14	4	0.3
id-03861	9	9	8	0.2
id-03862	4	7	23	0.5
id-03863	5	9	29	0.3
id-03864	10	13	6	0.3
id-03865	9	13	22	0.4
id-03866	8	12	25	0.5
id-03867	4	4	8	0.4
id-03868	10	13	21	0.5
id-03869	3	5	2	0.3
id-03870	2	3	12	0.3
id-03871	4	2	2	0.4
id-03872	7	12	9	0.2
id-03873	9	8	22	0.4
id-03874	6	7	3	0.5
id-03875	10	5	26	0.3
id-03876	5	4	4	0.5
id-03877	10	2	11	0.5
id-03878	5	5	19	0.3
id-03879	3	6	23	0.5
id-03880	9	12	20	0.3
id-03881	1	2	26	0.4
id-03882	3	5	6	0.3
id-03883	10	9	26	0.3
id-03884	10	18	13	0.3
id-03885	2	4	11	0.4
id-03886	4	6	11	0.5
id-03887	9	13	21	0.2
id-03888	8	6	8	0.2
id-03889	6	7	18	0.4
id-03890	2	2	19	0.3
id-03891	8	11	6	0.2
id-03892	5	6	25	0.3
id-03893	5	6	30	0.5
id-03894	9	5	12	0.5
id-03895	3	6	29	0.3
id-03896	7	14	8	0.3
id-03897	1	2	30	0.5
id-03898	9	9	4	0.5
id-03899	2	3	12	0.4
id-03900	5	5	29	0.4
id-03901	1	2	3	0.5
id-03902	8	13	15	0.3
id-03903	8	5	14	0.5
id-03904	4	3	9	0.3
id-03905	5	5	26	0.4
id-03906	7	8	20	0.3
id-03907	9	17	8	0.3
id-03908	4	5	24	0.2
id-03909	1	2	30	0.3
id-03910	2	2	7	0.4
id-03911	2	2	29	0.3
id-03912	9	17	13	0.4
id-03913	3	3	4	0.3
id-03914	1	2	15	0.5
id-03915	4	4	6	0.3
id-03916	3	5	29	0.2
id-03917	9	8	23	0.2
id-03918	6	2	19	0.4
id-03919	6	5	8	0.4
id-03920	8	13	9	0.4
id-03921	8	13	26	0.5
id-03922	9	4	16	0.3
id-03923	5	5	26	0.4
id-03924	3	2	18	0.3
id-03925	3	5	16	0.5
id-03926	3	6	1	0.2
id-03927	6	12	13	0.5
id-03928	5	3	8	0.4
id-03929	3	6	17	0.4
id-03930	3	2	10	0.4
id-03931	3	2	19	0.2
id-03932	7	10	9	0.4
id-03933	10	2	26	0.4
id-03934	4	6	3	0.3
id-03935	1	2	13	0.3
id-03936	1	2	7	0.4
id-03937	3	5	30	0.5
id-03938	4	7	20	0.4
id-03939	3	3	28	0.2
id-03940	7	10	28	0.2
id-03941	9	6	10	0.4
id-03942	4	4	26	0.4
id-03943	10	19	23	0.4
id-03944	3	5	2	0.2
id-03945	8	7	6	0.4
id-03946	9	15	19	0.3
id-03947	8	2	7	0.2
id-03948	10	20	25	0.4
id-03949	6	12	17	0.3
id-03950	10	5	4	0.4
id-03951	2	3	20	0.5
id-03952	3	3	15	0.3
id-03953	3	5	19	0.4
id-03954	10	8	8	0.3
id-03955	10	7	7	0.4
id-03956	9	3	24	0.3
id-03957	5	2	24	0.4
id-03958	2	2	2	0.5
id-03959	10	10	15	0.3
id-03960	1	2	22	0.4
id-03961	9	13	1	0.5
id-03962	7	7	18	0.4
id-03963	5	10	18	0.3
id-03964	7	12	1	0.3
id-03965	9	16	16	0.2
id-03966	1	2	18	0.2
id-03967	9	14	18	0.3
id-03968	9	9	28	0.2
id-03969	4	6	1	0.3
id-03970	6	3	29	0.3
id-03971	8	5	7	0.4
id-03972	2	3	17	0.3
id-03973	3	3	18	0.4
id-03974	6	4	28	0.4
id-03975	3	6	6	0.5
id-03976	2	4	6	0.3
id-03977	10	5	27	0.3
id-03978	5	8	9	0.3
id-03979	8	14	22	0.4
id-03980	10	5	8	0.3
id-03981	2	4	24	0.4
id-03982	3	2	15	0.5
id-03983	5	9	22	0.3
id-03984	6	5	24	0.5
id-03985	8	6	29	0.3
id-03986	5	6	5	0.4
id-03987	4	3	16	0.4
id-03988	3	3	16	0.5
id-03989	5	2	17	0.4
id-03990	1	2	17	0.3
id-03991	6	7	18	0.4
id-03992	10	2	21	0.2
id-03993	6	8	30	0.5
id-03994	5	7	15	0.5
id-03995	2	2	9	0.5
id-03996	2	2	14	0.3
id-03997	5	10	11	0.4
id-03998	5	7	26	0.3
id-03999	1	2	28	0.5
id-04000	6	8	22	0.2
id-04001	5	9	8	0.3
id-04002	10	8	1	0.4
id-04003	10	6	18	0.2
id-04004	6	9	25	0.4
id-04005	10	8	21	0.3
id-04006	5	7	10	0.2
id-04007	9	16	18	0.4
id-04008	7	6	1	0.2
id-04009	9	15	6	0.4
id-04010	2	4	14	0.5
id-04011	1	2	29	0.5
id-04012	7	10	23	0.3
id-04013	9	16	19	0.4
id-04014	9	17	23	0.4
id-04015	6	7	20	0.5
id-04016	10	10	11	0.4
id-04017	8	13	5	0.4
id-04018	10	16	26	0.3
id-04019	9	5	12	0.5
id-04020	4	4	29	0.5
id-04021	8	11	14	0.4
id-04022	4	4	27	0.3
id-04023	9	8	28	0.2
id-04024	3	2	13	0.3
id-04025	3	5	7	0.2
id-04026	10	14	4	0.2
id-04027	8	9	16	0.4
id-04028	9	13	19	0.3
id-04029	1	2	16	0.4
id-04030	9	18	12	0.4
id-04031	7	9	3	0.4
id-04032	1	2	25	0.5
id-04033	2	4	20	0.3
id-04034	7	4	19	0.4
id-04035	1	2	16	0.2
id-04036	8	10	17	0.3
id-04037	2	3	10	0.5
id-04038	3	6	29	0.4
id-04039	5	8	30	0.3
id-04040	8	8	25	0.2
id-04041	4	2	21	0.5
id-04042	3	5	1	0.4
id-04043	6	2	23	0.5
id-04044	5	3	3	0.2
id-04045	9	4	11	0.3
id-04046	5	5	29	0.5
id-04047	3	4	9	0.3
id-04048	6	10	17	0.3
id-04049	10	8	24	0.4
id-04050	7	12	10	0.5
id-04051	3	2	6	0.2
id-04052	3	2	29	0.3
id-04053	3	2	16	0.3
id-04054	1	2	20	0.4
id-04055	1	2	4	0.4
id-04056	2	4	23	0.4
id-04057	9	8	13	0.4
id-04058	2	4	30	0.4
id-04059	8	4	10	0.3
id-04060	7	7	19	0.3
id-04061	5	6	22	0.3
id-04062	9	9	7	0.2
id-04063	9	7	23	0.5
id-04064	3	2	7	0.5
id-04065	10	9	28	0.5
id-04066	6	12	21	0.4
id-04067	9	9	23	0.3
id-04068	10	11	4	0.2
id-04069	4	6	24	0.4
id-04070	9	13	23	0.5
id-04071	7	5	23	0.2
id-04072	8	16	26	0.5
id-04073	3	5	27	0.3
id-04074	2	3	9	0.2
id-04075	7	10	30	0.2
id-04076	1	2	15	0.3
id-04077	3	5	7	0.4
id-04078	10	11	21	0.3
id-04079	5	3	7	0.3
id-04080	8	12	9	0.4
id-04081	4	3	14	0.2
id-04082	9	10	23	0.5
id-04083	5	2	26	0.4
id-04084	8	10	1	0.3
id-04085	3	3	8	0.4
id-04086	6	4	21	0.3
id-04087	6	2	27	0.3
id-04088	9	16	28	0.3
id-04089	9	3	21	0.5
id-04090	3	6	9	0.4
id-04091	10	14	30	0.3
id-04092	7	9	4	0.2
id-04093	6	11	20	0.3
id-04094	9	9	11	0.4
id-04095	4	4	12	0.3
id-04096	8	8	3	0.5
id-04097	9	6	3	0.4
id-04098	1	2	30	0.3
id-04099	4	2	16	0.4
id-04100	2	4	13	0.2
id-04101	5	8	10	0.3
id-04102	6	10	1	0.3
id-04103	9	3	28	0.3
id-04104	5	9	1	0.2
id-04105	3	4	4	0.3
id-04106	10	5	17	0.5
id-04107	5	2	30	0.2
id-04108	7	8	6	0.5
id-04109	3	3	28	0.5
id-04110	10	17	17	0.3
id-04111	7	12	4	0.3
id-04112	9	14	1	0.3
id-04113	4	6	25	0.5
id-04114	7	12	14	0.2
id-04115	4	5	9	0.3
id-04116	2	2	28	0.5
id-04117	10	15	8	0.3
id-04118	6	8	23	0.5
id-04119	1	2	15	0.3
id-04120	5	2	24	0.3
id-04121	10	4	4	0.2
id-04122	1	2	5	0.3
id-04123	4	8	5	0.4
id-04124	8	3	28	0.5
id-04125	1	2	14	0.4
id-04126	8	14	11	0.3
id-04127	10	16	2	0.2
id-04128	7	10	9	0.2
id-04129	5	7	20	0.5
id-04130	6	7	10	0.2
id-04131	6	12	3	0.2
id-04132	7	3	12	0.3
id-04133	1	2	3	0.3
id-04134	3	4	15	0.3
id-04135	7	4	1	0.3
id-04136	5	7	21	0.3
id-04137	2	2	22	0.2
id-04138	2	4	14	0.2
id-04139	7	3	15	0.4
id-04140	6	6	15	0.5
id-04141	6	11	17	0.4
id-04142	1	2	13	0.4
id-04143	7	14	11	0.2
id-04144	1	2	20	0.4
id-04145	7	13	13	0.3
id-04146	3	4	17	0.3
id-04147	3	5	29	0.4
id-04148	10	17	3	0.4
id-04149	3	6	27	0.3
id-04150	9	7	26	0.3
id-04151	3	2	22	0.4
id-04152	2	2	25	0.3
id-04153	6	3	12	0.2
id-04154	7	6	9	0.2
id-04155	3	2	17	0.4
id-04156	10	16	5	0.3
id-04157	10	9	14	0.5
id-04158	4	3	26	0.4
id-04159	9	16	4	0.4
id-04160	8	15	15	0.4
id-04161	4	8	2	0.3
id-04162	6	11	24	0.4
id-04163	4	3	13	0.3
id-04164	1	2	8	0.5
id-04165	8	4	24	0.3
id-04166	5	8	30	0.2
id-04167	10	13	15	0.2
id-04168	4	3	9	0.5
id-04169	9	8	11	0.5
id-04170	7	5	18	0.3
id-04171	8	6	15	0.4
id-04172	10	8	22	0.4
id-04173	1	2	26	0.5
id-04174	10	16	25	0.2
id-04175	3	6	24	0.2
id-04176	2	4	14	0.5
id-04177	8	3	3	0.5
id-04178	9	6	1	0.2
id-04179	9	3	8	0.3
id-04180	5	3	11	0.3
id-04181	8	6	18	0.3
id-04182	5	5	3	0.4
id-04183	1	2	16	0.5
id-04184	4	2	4	0.2
id-04185	10	14	15	0.2
id-04186	6	8	23	0.2
id-04187	9	17	29	0.2
id-04188	6	6	28	0.4
id-04189	7	13	4	0.3
id-04190	2	4	17	0.4
id-04191	2	4	18	0.4
id-04192	9	18	18	0.5
id-04193	3	6	20	0.5
id-04194	1	2	7	0.4
id-04195	10	14	11	0.4
id-04196	2	4	11	0.4
id-04197	5	7	30	0.3
id-04198	1	2	3	0.2
id-04199	6	9	24	0.5
id-04200	1	2	14	0.4
id-04201	4	7	12	0.4
id-04202	1	2	30	0.3
id-04203	1	2	8	0.2
id-04204	6	11	7	0.5
id-04205	4	4	27	0.4
id-04206	5	8	3	0.3
id-04207	5	5	11	0.3
id-04208	2	3	18	0.2
id-04209	10	18	10	0.4
id-04210	5	3	6	0.3
id-04211	9	9	20	0.5
id-04212	3	6	19	0.4
id-04213	4	4	7	0.4
id-04214	9	14	25	0.4
id-04215	5	8	29	0.5
id-04216	9	2	3	0.4
id-04217	5	6	28	0.3
id-04218	5	8	7	0.4
id-04219	2	3	21	0.4
id-04220	2	4	23	0.5
id-04221	3	4	26	0.5
id-04222	9	17	25	0.2
id-04223	7	8	17	0.5
id-04224	4	7	26	0.3
id-04225	1	2	28	0.3
id-04226	2	4	11	0.4
id-04227	1	2	20	0.3
id-04228	2	2	17	0.3
id-04229	1	2	6	0.4
id-04230	5	5	23	0.3
id-04231	10	19	18	0.5
id-04232	10	2	13	0.2
id-04233	2	2	26	0.2
id-04234	10	3	5	0.4
id-04235	3	2	7	0.4
id-04236	5	3	6	0.3
id-04237	9	12	12	0.3
id-04238	1	2	29	0.4
id-04239	3	5	30	0.5
id-04240	8	9	1	0.3
id-04241	1	2	26	0.4
id-04242	4	2	17	0.3
id-04243	7	4	26	0.2
id-04244	6	12	6	0.2
id-04245	7	7	14	0.5
id-04246	9	16	10	0.3
id-04247	2	3	7	0.3
id-04248	8	5	26	0.3
id-04249	7	2	24	0.3
id-04250	1	2	18	0.3
id-04251	6	4	9	0.3
id-04252	4	8	30	0.4
id-04253	6	12	3	0.5
id-04254	2	4	14	0.2
id-04255	7	13	5	0.4
id-04256	10	8	14	0.4
id-04257	7	14	14	0.4
id-04258	1	2	24	0.4
id-04259	9	3	2	0.4
id-04260	1	2	21	0.5
id-04261	8	5	19	0.4
id-04262	1	2	15	0.4
id-04263	9	5	21	0.4
id-04264	1	2	24	0.3
id-04265	3	2	27	0.4
id-04266	9	10	15	0.3
id-04267	8	9	30	0.2
id-04268	1	2	22	0.4
id-04269	5	4	22	0.4
id-04270	2	2	28	0.4
id-04271	1	2	11	0.3
id-04272	1	2	3	0.3
id-04273	9	7	2	0.4
id-04274	2	4	28	0.5
id-04275	10	8	8	0.2
id-04276	6	5	2	0.4
id-04277	5	8	28	0.3
id-04278	2	4	3	0.5
id-04279	7	3	5	0.2
id-04280	10	5	14	0.3
id-04281	6	3	24	0.2
id-04282	9	17	6	0.3
id-04283	5	10	3	0.5
id-04284	1	2	4	0.5
id-04285	2	3	6	0.3
id-04286	9	14	13	0.5
id-04287	5	5	20	0.5
id-04288	10	20	14	0.4
id-04289	6	3	28	0.5
id-04290	6	7	4	0.2
id-04291	1	2	24	0.4
id-04292	1	2	6	0.5
id-04293	5	7	11	0.2
id-04294	6	8	16	0.3
id-04295	8	14	9	0.4
id-04296	2	4	7	0.2
id-04297	7	8	12	0.3
id-04298	8	4	14	0.5
id-04299	5	3	7	0.4
id-04300	1	2	11	0.4
id-04301	4	2	4	0.3
id-04302	7	7	18	0.3
id-04303	10	17	20	0.2
id-04304	3	6	17	0.3
id-04305	7	13	3	0.4
id-04306	3	4	21	0.5
id-04307	2	2	12	0.4
id-04308	1	2	4	0.2
id-04309	7	6	23	0.4
id-04310	3	2	11	0.5
id-04311	2	3	12	0.4
id-04312	4	8	5	0.2
id-04313	5	4	6	0.4
id-04314	10	16	17	0.5
id-04315	3	4	24	0.2
id-04316	1	2	23	0.5
id-04317	8	13	15	0.3
id-04318	8	6	8	0.5
id-04319	2	3	13	0.2
id-04320	8	2	14	0.3
id-04321	7	11	30	0.4
id-04322	1	2	8	0.4
id-04323	10	6	3	0.3
id-04324	8	11	15	0.5
id-04325	9	3	15	0.4
id-04326	8	9	29	0.4
id-04327	7	6	8	0.4
id-04328	8	16	19	0.5
id-04329	9	16	19	0.3
id-04330	4	5	23	0.3
id-04331	4	2	9	0.4
id-04332	1	2	22	0.4
id-04333	3	4	20	0.3
id-04334	2	4	20	0.3
id-04335	8	4	24	0.3
id-04336	3	3	22	0.5
id-04337	1	2	13	0.3
id-04338	8	9	18	0.2
id-04339	4	8	27	0.4
id-04340	8	6	30	0.4
id-04341	5	7	27	0.3
id-04342	5	9	25	0.3
id-04343	10	8	12	0.4
id-04344	5	5	19	0.4
id-04345	10	3	26	0.3
id-04346	10	19	28	0.5
id-04347	1	2	27	0.3
id-04348	8	10	24	0.2
id-04349	1	2	29	0.4
id-04350	4	2	4	0.4
id-04351	8	15	2	0.3
id-04352	3	5	24	0.5
id-04353	9	17	10	0.3
id-04354	8	14	30	0.5
id-04355	3	2	6	0.3
id-04356	3	4	8	0.5
id-04357	3	5	12	0.4
id-04358	3	4	19	0.4
id-04359	7	9	26	0.3
id-04360	5	4	1	0.2
id-04361	2	3	25	0.5
id-04362	10	19	8	0.4
id-04363	4	7	26	0.2
id-04364	7	9	16	0.2
id-04365	1	2	1	0.5
id-04366	4	2	19	0.4
id-04367	9	18	5	0.4
id-04368	1	2	10	0.2
id-04369	5	3	23	0.3
id-04370	7	2	9	0.3
id-04371	5	10	30	0.3
id-04372	6	12	22	0.5
id-04373	8	6	27	0.2
id-04374	3	4	28	0.4
id-04375	7	3	9	0.4
id-04376	8	11	25	0.3
id-04377	7	7	29	0.3
id-04378	1	2	24	0.3
id-04379	5	10	19	0.3
id-04380	8	6	12	0.2
id-04381	3	6	14	0.3
id-04382	4	8	25	0.5
id-04383	4	7	19	0.5
id-04384	4	2	25	0.4
id-04385	1	2	3	0.5
id-04386	9	10	13	0.3
id-04387	10	11	29	0.2
id-04388	2	4	8	0.4
id-04389	6	7	27	0.5
id-04390	8	2	12	0.3
id-04391	6	11	21	0.4
id-04392	5	5	3	0.3
id-04393	3	2	10	0.2
id-04394	2	2	4	0.2
id-04395	9	3	3	0.5
id-04396	4	7	23	0.2
id-04397	7	7	4	0.3
id-04398	4	3	10	0.3
id-04399	10	5	7	0.3
id-04400	10	18	28	0.5
id-04401	5	2	6	0.3
id-04402	3	5	18	0.2
id-04403	7	14	14	0.4
id-04404	1	2	15	0.2
id-04405	10	18	1	0.3
id-04406	1	2	1	0.3
id-04407	6	8	29	0.5
id-04408	5	5	7	0.2
id-04409	4	3	26	0.4
id-04410	3	6	6	0.3
id-04411	9	10	3	0.4
id-04412	6	2	18	0.4
id-04413	7	14	16	0.3
id-04414	10	18	11	0.3
id-04415	4	5	5	0.3
id-04416	1	2	12	0.2
id-04417	1	2	9	0.4
id-04418	2	3	17	0.4
id-04419	7	12	13	0.5
id-04420	6	6	30	0.4
id-04421	2	4	5	0.5
id-04422	10	2	10	0.4
id-04423	7	13	2	0.4
id-04424	10	20	7	0.4
id-04425	8	13	2	0.3
id-04426	3	6	20	0.5
id-04427	8	12	27	0.3
id-04428	4	4	14	0.2
id-04429	5	2	26	0.2
id-04430	8	16	25	0.4
id-04431	1	2	28	0.4
id-04432	10	15	8	0.3
id-04433	9	15	24	0.2
id-04434	4	5	20	0.2
id-04435	5	7	30	0.4
id-04436	10	11	19	0.4
id-04437	7	8	4	0.4
id-04438	3	3	21	0.5
id-04439	8	2	7	0.2
id-04440	4	7	12	0.5
id-04441	6	4	3	0.5
id-04442	10	3	18	0.4
id-04443	9	10	23	0.3
id-04444	9	14	12	0.5
id-04445	8	11	8	0.5
id-04446	5	5	27	0.3
id-04447	10	3	13	0.2
id-04448	10	17	22	0.5
id-04449	8	4	12	0.4
id-04450	9	18	20	0.2
id-04451	4	7	26	0.4
id-04452	4	8	17	0.4
id-04453	8	13	13	0.3
id-04454	1	2	10	0.4
id-04455	9	12	23	0.3
id-04456	2	3	27	0.3
id-04457	2	4	7	0.5
id-04458	3	4	27	0.2
id-04459	9	13	4	0.4
id-04460	9	12	1	0.3
id-04461	9	11	24	0.3
id-04462	4	2	14	0.3
id-04463	7	4	23	0.3
id-04464	9	14	2	0.4
id-04465	7	14	15	0.2
id-04466	9	10	6	0.4
id-04467	3	4	4	0.4
id-04468	4	6	11	0.4
id-04469	4	4	29	0.4
id-04470	10	4	19	0.5
id-04471	4	2	23	0.5
id-04472	2	4	23	0.5
id-04473	1	2	25	0.4
id-04474	1	2	28	0.4
id-04475	9	18	5	0.2
id-04476	9	16	17	0.4
id-04477	10	17	9	0.2
id-04478	9	9	25	0.4
id-04479	5	3	30	0.5
id-04480	5	10	30	0.5
id-04481	10	17	7	0.3
id-04482	6	8	19	0.4
id-04483	2	4	30	0.3
id-04484	7	8	17	0.4
id-04485	10	8	21	0.4
id-04486	1	2	26	0.3
id-04487	3	6	20	0.5
id-04488	10	15	14	0.4
id-04489	10	8	29	0.5
id-04490	10	3	2	0.3
id-04491	5	3	10	0.3
id-04492	9	16	29	0.3
id-04493	5	2	14	0.3
id-04494	2	2	4	0.2
id-04495	1	2	25	0.4
id-04496	9	14	23	0.3
id-04497	2	3	2	0.4
id-04498	1	2	16	0.4
id-04499	10	8	14	0.3
id-04500	4	4	14	0.4
id-04501	8	4	21	0.3
id-04502	4	6	6	0.4
id-04503	1	2	14	0.5
id-04504	4	2	9	0.2
id-04505	7	6	6	0.5
id-04506	10	17	4	0.4
id-04507	1	2	4	0.2
id-04508	8	12	12	0.3
id-04509	5	3	24	0.4
id-04510	5	4	21	0.4
id-04511	7	3	19	0.2
id-04512	10	14	6	0.3
id-04513	10	2	4	0.2
id-04514	9	12	21	0.3
id-04515	9	12	28	0.5
id-04516	9	6	12	0.4
id-04517	1	2	4	0.2
id-04518	1	2	19	0.4
id-04519	6	7	15	0.5
id-04520	9	16	5	0.4
id-04521	3	3	13	0.5
id-04522	1	2	14	0.3
id-04523	8	11	10	0.2
id-04524	3	6	1	0.4
id-04525	6	10	22	0.4
id-04526	10	7	19	0.3
id-04527	10	2	4	0.2
id-04528	3	4	2	0.4
id-04529	3	6	16	0.2
id-04530	7	10	29	0.4
id-04531	8	7	21	0.4
id-04532	2	3	9	0.5
id-04533	2	2	30	0.4
id-04534	8	7	15	0.3
id-04535	3	5	22	0.3
id-04536	7	2	12	0.4
id-04537	2	4	22	0.2
id-04538	9	12	30	0.5
id-04539	10	2	4	0.3
id-04540	4	4	23	0.4
id-04541	3	2	21	0.4
id-04542	9	7	28	0.3
id-04543	9	11	1	0.4
id-04544	1	2	26	0.3
id-04545	8	15	8	0.3
id-04546	3	5	14	0.3
id-04547	9	16	2	0.4
id-04548	10	14	3	0.3
id-04549	6	8	10	0.3
id-04550	10	13	25	0.4
id-04551	7	10	15	0.3
id-04552	4	5	2	0.3
id-04553	9	12	16	0.2
id-04554	7	14	8	0.5
id-04555	4	7	10	0.2
id-04556	4	6	30	0.4
id-04557	7	14	23	0.4
id-04558	1	2	24	0.4
id-04559	2	3	23	0.3
id-04560	5	10	21	0.2
id-04561	10	16	27	0.4
id-04562	5	8	25	0.5
id-04563	2	3	29	0.4
id-04564	9	10	16	0.3
id-04565	10	2	18	0.5
id-04566	5	4	20	0.3
id-04567	2	3	5	0.4
id-04568	9	14	11	0.4
id-04569	9	11	7	0.5
id-04570	3	5	25	0.4
id-04571	4	6	20	0.4
id-04572	9	7	6	0.3
id-04573	8	16	22	0.4
id-04574	6	9	30	0.5
id-04575	9	15	30	0.3
id-04576	9	6	3	0.3
id-04577	4	8	3	0.4
id-04578	4	4	9	0.3
id-04579	3	3	21	0.3
id-04580	8	14	13	0.2
id-04581	9	12	11	0.4
id-04582	2	3	22	0.4
id-04583	4	6	22	0.3
id-04584	9	2	21	0.4
id-04585	10	10	11	0.3
id-04586	1	2	4	0.4
id-04587	3	6	4	0.4
id-04588	9	9	26	0.5
id-04589	7	11	27	0.4
id-04590	5	2	22	0.4
id-04591	5	2	1	0.3
id-04592	4	7	5	0.3
id-04593	3	4	26	0.5
id-04594	4	8	17	0.2
id-04595	6	12	18	0.3
id-04596	1	2	30	0.3
id-04597	8	2	9	0.5
id-04598	5	10	16	0.2
id-04599	8	4	18	0.4
id-04600	8	10	25	0.5
id-04601	5	7	12	0.3
id-04602	5	10	4	0.3
id-04603	9	3	29	0.2
id-04604	2	3	4	0.3
id-04605	6	3	14	0.4
id-04606	2	4	12	0.5
id-04607	3	5	10	0.3
id-04608	2	2	2	0.4
id-04609	10	6	16	0.5
id-04610	3	2	8	0.5
id-04611	6	7	6	0.3
id-04612	4	4	22	0.2
id-04613	10	9	5	0.4
id-04614	8	16	3	0.2
id-04615	1	2	25	0.2
id-04616	8	2	1	0.3
id-04617	8	8	21	0.4
id-04618	1	2	18	0.4
id-04619	4	4	2	0.3
id-04620	6	10	19	0.4
id-04621	2	2	12	0.2
id-04622	1	2	26	0.3
id-04623	5	2	11	0.3
id-04624	3	2	6	0.5
id-04625	5	10	15	0.3
id-04626	1	2	14	0.5
id-04627	3	6	14	0.3
id-04628	6	7	15	0.3
id-04629	2	2	13	0.2
id-04630	9	11	11	0.4
id-04631	7	5	15	0.3
id-04632	6	9	12	0.4
id-04633	10	7	26	0.2
id-04634	7	12	28	0.5
id-04635	3	6	22	0.4
id-04636	7	12	13	0.4
id-04637	8	8	3	0.3
id-04638	9	8	13	0.5
id-04639	4	2	7	0.4
id-04640	7	6	21	0.4
id-04641	9	12	24	0.3
id-04642	10	17	17	0.5
id-04643	1	2	22	0.3
id-04644	8	11	25	0.3
id-04645	4	2	11	0.3
id-04646	3	4	17	0.3
id-04647	4	2	22	0.5
id-04648	2	3	7	0.3
id-04649	4	3	13	0.3
id-04650	2	3	28	0.3
id-04651	5	6	20	0.4
id-04652	1	2	5	0.5
id-04653	10	15	5	0.2
id-04654	5	7	15	0.3
id-04655	7	3	1	0.5
id-04656	2	3	26	0.5
id-04657	1	2	12	0.2
id-04658	6	4	18	0.3
id-04659	5	9	12	0.3
id-04660	7	4	2	0.2
id-04661	9	18	20	0.4
id-04662	7	12	18	0.4
id-04663	2	3	17	0.5
id-04664	8	14	27	0.2
id-04665	1	2	28	0.3
id-04666	9	7	27	0.3
id-04667	2	2	5	0.4
id-04668	6	11	6	0.5
id-04669	2	4	16	0.5
id-04670	5	10	23	0.4
id-04671	6	8	30	0.2
id-04672	1	2	27	0.2
id-04673	2	4	12	0.3
id-04674	2	2	8	0.4
id-04675	5	8	25	0.3
id-04676	4	2	22	0.3
id-04677	10	5	6	0.3
id-04678	5	6	29	0.2
id-04679	8	14	1	0.4
id-04680	2	3	13	0.3
id-04681	6	2	8	0.3
id-04682	5	4	4	0.3
id-04683	4	5	29	0.4
id-04684	2	4	3	0.2
id-04685	6	7	24	0.5
id-04686	5	6	3	0.3
id-04687	4	5	21	0.5
id-04688	8	16	5	0.3
id-04689	6	10	16	0.3
id-04690	4	6	16	0.3
id-04691	7	11	11	0.3
id-04692	2	4	8	0.3
id-04693	2	2	14	0.3
id-04694	5	10	8	0.3
id-04695	3	6	9	0.2
id-04696	3	5	2	0.5
id-04697	10	18	24	0.2
id-04698	5	7	15	0.4
id-04699	6	3	5	0.3
id-04700	3	3	5	0.3
id-04701	2	2	12	0.2
id-04702	10	19	8	0.3
id-04703	8	16	25	0.2
id-04704	6	2	21	0.3
id-04705	2	3	20	0.4
id-04706	2	4	23	0.3
id-04707	6	7	10	0.3
id-04708	10	4	1	0.4
id-04709	9	10	23	0.2
id-04710	9	18	5	0.2
id-04711	9	16	22	0.4
id-04712	1	2	11	0.3
id-04713	8	9	27	0.3
id-04714	4	4	3	0.2
id-04715	5	7	18	0.4
id-04716	8	6	4	0.4
id-04717	8	10	13	0.4
id-04718	2	2	15	0.2
id-04719	5	10	16	0.4
id-04720	2	3	23	0.3
id-04721	10	19	26	0.3
id-04722	6	9	10	0.5
id-04723	7	6	2	0.5
id-04724	9	13	24	0.4
id-04725	9	4	9	0.2
id-04726	9	3	7	0.4
id-04727	1	2	11	0.5
id-04728	1	2	22	0.5
id-04729	3	2	6	0.4
id-04730	5	9	21	0.4
id-04731	2	2	7	0.5
id-04732	3	3	30	0.5
id-04733	1	2	4	0.4
id-04734	2	2	20	0.3
id-04735	2	2	7	0.4
id-04736	5	3	6	0.2
id-04737	5	2	13	0.4
id-04738	4	7	11	0.5
id-04739	2	3	17	0.4
id-04740	6	8	14	0.5
id-04741	10	8	20	0.3
id-04742	3	2	1	0.4
id-04743	6	3	24	0.4
id-04744	7	7	24	0.3
id-04745	2	2	24	0.5
id-04746	1	2	23	0.3
id-04747	1	2	4	0.5
id-04748	4	3	15	0.3
id-04749	10	17	12	0.3
id-04750	10	4	18	0.3
id-04751	7	10	21	0.3
id-04752	5	6	6	0.3
id-04753	10	17	20	0.4
id-04754	9	18	13	0.5
id-04755	9	7	24	0.4
id-04756	6	9	28	0.4
id-04757	10	13	14	0.5
id-04758	3	3	30	0.3
id-04759	5	2	16	0.4
id-04760	9	15	19	0.3
id-04761	6	5	1	0.2
id-04762	1	2	19	0.4
id-04763	5	10	9	0.4
id-04764	1	2	24	0.3
id-04765	10	17	18	0.3
id-04766	2	3	27	0.4
id-04767	1	2	22	0.5
id-04768	2	3	29	0.4
id-04769	9	8	16	0.2
id-04770	2	4	30	0.3
id-04771	5	10	18	0.4
id-04772	2	3	22	0.2
id-04773	3	4	24	0.3
id-04774	9	14	20	0.2
id-04775	8	9	3	0.5
id-04776	5	3	2	0.3
id-04777	5	2	18	0.3
id-04778	9	10	4	0.3
id-04779	2	3	9	0.4
id-04780	1	2	12	0.4
id-04781	10	2	9	0.4
id-04782	7	13	18	0.4
id-04783	5	2	2	0.3
id-04784	9	8	8	0.3
id-04785	7	11	30	0.3
id-04786	9	13	2	0.3
id-04787	2	2	27	0.4
id-04788	1	2	6	0.5
id-04789	4	7	30	0.4
id-04790	6	5	27	0.4
id-04791	4	5	21	0.4
id-04792	8	7	3	0.3
id-04793	3	5	3	0.3
id-04794	5	4	19	0.2
id-04795	4	2	24	0.2
id-04796	8	6	28	0.4
id-04797	5	3	24	0.5
id-04798	9	6	13	0.3
id-04799	5	8	10	0.3
id-04800	10	16	28	0.3
id-04801	2	3	8	0.3
id-04802	2	2	28	0.4
id-04803	7	4	13	0.5
id-04804	8	4	19	0.4
id-04805	10	8	5	0.3
id-04806	3	6	24	0.4
id-04807	4	5	12	0.4
id-04808	2	4	20	0.2
id-04809	8	10	29	0.4
id-04810	4	4	26	0.2
id-04811	8	5	7	0.4
id-04812	1	2	19	0.4
id-04813	8	3	21	0.2
id-04814	8	11	1	0.5
id-04815	3	4	5	0.5
id-04816	9	4	11	0.2
id-04817	5	9	17	0.2
id-04818	9	17	11	0.2
id-04819	5	10	11	0.5
id-04820	8	15	22	0.4
id-04821	8	6	1	0.4
id-04822	5	10	14	0.3
id-04823	8	10	23	0.4
id-04824	7	11	5	0.4
id-04825	2	4	2	0.3
id-04826	4	7	5	0.3
id-04827	10	3	28	0.4
id-04828	6	2	19	0.2
id-04829	6	9	17	0.4
id-04830	6	12	4	0.5
id-04831	9	4	22	0.2
id-04832	4	3	5	0.3
id-04833	9	10	9	0.3
id-04834	3	3	14	0.4
id-04835	5	8	25	0.4
id-04836	2	4	16	0.4
id-04837	9	11	12	0.3
id-04838	10	5	19	0.4
id-04839	8	13	4	0.5
id-04840	2	3	3	0.2
id-04841	10	11	30	0.5
id-04842	2	3	17	0.3
id-04843	9	16	13	0.4
id-04844	5	9	11	0.5
id-04845	7	9	27	0.3
id-04846	2	4	9	0.4
id-04847	8	15	25	0.4
id-04848	5	8	18	0.2
id-04849	2	2	7	0.4
id-04850	8	3	10	0.2
id-04851	3	2	1	0.5
id-04852	9	5	7	0.4
id-04853	3	2	13	0.2
id-04854	7	10	25	0.4
id-04855	1	2	11	0.4
id-04856	3	5	10	0.3
id-04857	5	2	27	0.3
id-04858	1	2	15	0.4
id-04859	6	12	20	0.5
id-04860	6	12	8	0.3
id-04861	8	6	1	0.4
id-04862	1	2	23	0.5
id-04863	5	6	21	0.4
id-04864	2	2	23	0.3
id-04865	10	4	4	0.3
id-04866	2	3	30	0.3
id-04867	4	3	12	0.5
id-04868	8	11	21	0.4
id-04869	7	3	24	0.3
id-04870	5	5	12	0.3
id-04871	3	3	16	0.3
id-04872	6	3	19	0.3
id-04873	6	12	4	0.5
id-04874	2	2	21	0.4
id-04875	9	15	25	0.3
id-04876	5	8	6	0.4
id-04877	7	6	4	0.3
id-04878	6	10	1	0.3
id-04879	3	6	11	0.2
id-04880	6	4	11	0.3
id-04881	10	2	15	0.4
id-04882	8	5	20	0.2
id-04883	9	18	27	0.4
id-04884	5	10	16	0.4
id-04885	1	2	4	0.3
id-04886	4	2	30	0.3
id-04887	10	17	23	0.3
id-04888	8	14	24	0.3
id-04889	4	4	7	0.4
id-04890	10	6	5	0.4
id-04891	1	2	27	0.4
id-04892	8	16	22	0.4
id-04893	10	20	21	0.3
id-04894	6	5	13	0.3
id-04895	2	2	26	0.3
id-04896	4	4	23	0.4
id-04897	1	2	20	0.2
id-04898	6	3	2	0.2
id-04899	9	4	4	0.4
id-04900	3	5	29	0.3
id-04901	9	2	19	0.4
id-04902	8	11	4	0.5
id-04903	1	2	9	0.5
id-04904	7	14	23	0.5
id-04905	6	2	10	0.4
id-04906	9	4	22	0.2
id-04907	7	4	14	0.4
id-04908	4	7	18	0.5
id-04909	7	9	12	0.2
id-04910	3	2	25	0.3
id-04911	3	5	12	0.3
id-04912	7	6	21	0.5
id-04913	6	6	17	0.4
id-04914	4	2	5	0.2
id-04915	3	2	22	0.3
id-04916	2	3	22	0.2
id-04917	3	4	1	0.5
id-04918	7	11	21	0.3
id-04919	7	12	1	0.2
id-04920	4	2	30	0.3
id-04921	7	9	27	0.4
id-04922	9	2	3	0.3
id-04923	7	13	6	0.4
id-04924	8	16	26	0.3
id-04925	7	4	10	0.2
id-04926	3	5	1	0.3
id-04927	4	5	12	0.5
id-04928	10	20	15	0.3
id-04929	9	16	28	0.4
id-04930	2	2	11	0.2
id-04931	8	7	26	0.4
id-04932	2	3	4	0.2
id-04933	10	6	9	0.3
id-04934	3	3	24	0.4
id-04935	9	9	9	0.2
id-04936	5	6	21	0.3
id-04937	3	6	6	0.4
id-04938	6	9	16	0.4
id-04939	8	13	19	0.3
id-04940	7	6	30	0.3
id-04941	6	5	11	0.2
id-04942	1	2	8	0.5
id-04943	10	3	17	0.5
id-04944	8	3	26	0.4
id-04945	5	3	5	0.2
id-04946	1	2	25	0.5
id-04947	2	4	17	0.3
id-04948	7	13	27	0.4
id-04949	1	2	20	0.4
id-04950	10	10	29	0.4
id-04951	3	6	5	0.5
id-04952	3	5	15	0.2
id-04953	1	2	6	0.3
id-04954	5	8	18	0.5
id-04955	2	3	21	0.3
id-04956	10	17	15	0.2
id-04957	2	2	9	0.3
id-04958	7	9	29	0.3
id-04959	6	4	5	0.3
id-04960	6	12	18	0.5
id-04961	1	2	1	0.4
id-04962	9	7	17	0.5
id-04963	2	2	22	0.3
id-04964	3	4	10	0.3
id-04965	9	5	2	0.3
id-04966	2	3	30	0.4
id-04967	1	2	27	0.4
id-04968	2	4	25	0.2
id-04969	3	3	2	0.2
id-04970	5	8	9	0.4
id-04971	7	14	30	0.2
id-04972	3	6	8	0.4
id-04973	10	9	25	0.4
id-04974	3	6	6	0.4
id-04975	2	4	13	0.4
id-04976	9	18	25	0.3
id-04977	10	20	14	0.3
id-04978	6	11	11	0.3
id-04979	8	7	14	0.3
id-04980	4	6	15	0.5
id-04981	3	4	29	0.4
id-04982	3	6	13	0.2
id-04983	1	2	19	0.3
id-04984	7	13	10	0.3
id-04985	4	7	21	0.3
id-04986	2	3	13	0.4
id-04987	3	6	28	0.5
id-04988	10	14	17	0.4
id-04989	4	5	27	0.4
id-04990	9	10	11	0.5
id-04991	9	6	8	0.4
id-04992	3	4	25	0.4
id-04993	4	4	3	0.4
id-04994	4	8	9	0.4
id-04995	2	3	3	0.3
id-04996	6	8	12	0.5
id-04997	7	12	25	0.3
id-04998	6	5	11	0.4
id-04999	8	9	9	0.5
id-05000	9	3	12	0.2
id-05001	5	10	3	0.4
id-05002	4	4	8	0.3
id-05003	5	8	4	0.4
id-05004	9	12	5	0.5
id-05005	6	10	30	0.3
id-05006	1	2	10	0.4
id-05007	9	12	19	0.4
id-05008	4	6	11	0.3
id-05009	10	10	3	0.4
id-05010	9	10	3	0.4
id-05011	5	6	13	0.5
id-05012	10	4	26	0.4
id-05013	6	9	12	0.4
id-05014	5	5	20	0.2
id-05015	3	4	24	0.4
id-05016	7	7	27	0.3
id-05017	4	8	11	0.5
id-05018	1	2	14	0.5
id-05019	7	3	20	0.4
id-05020	2	4	30	0.4
id-05021	10	18	23	0.5
id-05022	6	11	4	0.2
id-05023	7	2	23	0.3
id-05024	10	14	18	0.5
id-05025	9	2	10	0.2
id-05026	3	5	16	0.4
id-05027	1	2	12	0.4
id-05028	9	7	5	0.2
id-05029	10	20	30	0.3
id-05030	5	10	27	0.3
id-05031	7	13	10	0.2
id-05032	8	12	18	0.2
id-05033	5	2	6	0.3
id-05034	8	6	12	0.3
id-05035	9	6	10	0.2
id-05036	2	3	28	0.5
id-05037	9	5	7	0.5
id-05038	2	4	10	0.3
id-05039	4	2	10	0.5
id-05040	9	16	8	0.5
id-05041	7	11	4	0.5
id-05042	3	5	30	0.5
id-05043	4	4	29	0.3
id-05044	9	11	2	0.3
id-05045	7	14	10	0.4
id-05046	9	16	22	0.2
id-05047	3	6	23	0.2
id-05048	6	2	14	0.4
id-05049	7	3	17	0.3
id-05050	9	18	27	0.4
id-05051	4	2	30	0.3
id-05052	6	10	13	0.4
id-05053	10	2	5	0.3
id-05054	10	18	11	0.2
id-05055	6	5	16	0.2
id-05056	9	16	21	0.3
id-05057	3	6	22	0.4
id-05058	9	15	18	0.3
id-05059	10	18	29	0.2
id-05060	10	6	9	0.2
id-05061	7	14	14	0.5
id-05062	3	3	2	0.2
id-05063	3	6	1	0.4
id-05064	6	9	26	0.5
id-05065	1	2	4	0.4
id-05066	3	5	13	0.5
id-05067	1	2	5	0.3
id-05068	6	4	23	0.5
id-05069	1	2	7	0.3
id-05070	5	10	6	0.3
id-05071	10	13	13	0.4
id-05072	2	2	11	0.3
id-05073	10	16	15	0.2
id-05074	5	3	11	0.4
id-05075	7	7	23	0.3
id-05076	2	4	10	0.5
id-05077	8	3	8	0.3
id-05078	5	8	6	0.3
id-05079	5	8	7	0.5
id-05080	3	3	26	0.4
id-05081	2	4	28	0.4
id-05082	1	2	29	0.4
id-05083	5	8	30	0.4
id-05084	1	2	29	0.4
id-05085	5	10	24	0.5
id-05086	6	11	23	0.3
id-05087	5	3	24	0.2
id-05088	10	11	11	0.4
id-05089	5	8	11	0.4
id-05090	1	2	11	0.4
id-05091	10	4	1	0.3
id-05092	1	2	8	0.5
id-05093	6	6	20	0.5
id-05094	10	4	1	0.4
id-05095	9	8	12	0.3
id-05096	3	2	22	0.5
id-05097	8	9	14	0.2
id-05098	3	2	30	0.4
id-05099	8	14	2	0.4
id-05100	10	4	18	0.4
id-05101	4	7	24	0.4
id-05102	9	5	25	0.5
id-05103	9	15	9	0.4
id-05104	9	17	17	0.5
id-05105	6	11	14	0.4
id-05106	7	8	3	0.3
id-05107	10	12	30	0.3
id-05108	6	7	8	0.4
id-05109	1	2	28	0.3
id-05110	9	9	3	0.3
id-05111	10	9	25	0.5
id-05112	2	3	17	0.4
id-05113	4	6	3	0.5
id-05114	2	4	6	0.5
id-05115	5	8	8	0.3
id-05116	2	2	22	0.4
id-05117	8	7	5	0.5
id-05118	3	2	16	0.3
id-05119	4	6	8	0.3
id-05120	10	16	6	0.5
id-05121	8	7	9	0.4
id-05122	2	3	9	0.4
id-05123	9	8	6	0.4
id-05124	3	5	25	0.2
id-05125	10	2	25	0.4
id-05126	8	10	21	0.5
id-05127	6	10	24	0.4
id-05128	7	13	10	0.3
id-05129	8	6	3	0.3
id-05130	6	11	10	0.4
id-05131	8	11	25	0.5
id-05132	7	3	8	0.3
id-05133	8	4	12	0.5
id-05134	7	6	27	0.3
id-05135	5	9	4	0.5
id-05136	3	3	1	0.4
id-05137	8	7	16	0.3
id-05138	1	2	24	0.3
id-05139	1	2	14	0.3
id-05140	5	2	5	0.4
id-05141	6	8	24	0.4
id-05142	8	7	6	0.3
id-05143	6	3	29	0.4
id-05144	3	3	8	0.5
id-05145	4	5	9	0.4
id-05146	9	7	30	0.3
id-05147	6	9	4	0.4
id-05148	1	2	23	0.5
id-05149	6	4	14	0.3
id-05150	5	9	17	0.3
id-05151	1	2	12	0.5
id-05152	6	4	29	0.5
id-05153	9	13	3	0.4
id-05154	7	6	20	0.5
id-05155	5	4	25	0.4
id-05156	6	10	24	0.2
id-05157	6	11	4	0.5
id-05158	4	5	4	0.4
id-05159	9	7	7	0.4
id-05160	4	7	8	0.2
id-05161	7	2	6	0.4
id-05162	8	7	8	0.3
id-05163	3	6	18	0.5
id-05164	1	2	4	0.4
id-05165	1	2	9	0.4
id-05166	9	4	1	0.3
id-05167	6	5	14	0.3
id-05168	4	2	25	0.2
id-05169	4	6	18	0.4
id-05170	3	4	6	0.4
id-05171	10	19	17	0.3
id-05172	7	3	3	0.3
id-05173	8	12	22	0.2
id-05174	1	2	4	0.4
id-05175	6	12	10	0.5
id-05176	2	4	20	0.3
id-05177	9	4	2	0.3
id-05178	5	8	5	0.5
id-05179	3	2	14	0.2
id-05180	7	10	16	0.3
id-05181	6	7	18	0.5
id-05182	4	3	28	0.3
id-05183	6	9	28	0.5
id-05184	7	3	4	0.4
id-05185	1	2	14	0.2
id-05186	6	3	27	0.2
id-05187	6	9	12	0.4
id-05188	3	3	9	0.3
id-05189	8	10	12	0.2
id-05190	10	15	17	0.4
id-05191	7	13	14	0.4
id-05192	10	14	5	0.4
id-05193	6	12	20	0.4
id-05194	3	3	10	0.3
id-05195	9	6	21	0.4
id-05196	2	2	9	0.4
id-05197	1	2	13	0.4
id-05198	10	2	27	0.3
id-05199	4	2	4	0.4
id-05200	5	9	18	0.3
id-05201	2	2	2	0.5
id-05202	5	7	3	0.3
id-05203	5	6	5	0.4
id-05204	9	9	22	0.3
id-05205	2	4	25	0.5
id-05206	9	4	6	0.4
id-05207	9	14	28	0.3
id-05208	6	6	24	0.2
id-05209	8	6	26	0.3
id-05210	1	2	20	0.2
id-05211	4	6	27	0.3
id-05212	2	4	12	0.3
id-05213	9	14	6	0.4
id-05214	8	12	28	0.3
id-05215	2	4	10	0.4
id-05216	8	15	24	0.4
id-05217	3	5	28	0.3
id-05218	1	2	26	0.2
id-05219	1	2	14	0.3
id-05220	8	4	23	0.4
id-05221	10	19	10	0.4
id-05222	6	4	26	0.3
id-05223	9	11	28	0.3
id-05224	8	4	25	0.3
id-05225	4	5	19	0.4
id-05226	9	3	5	0.5
id-05227	10	2	2	0.3
id-05228	3	5	14	0.3
id-05229	4	7	25	0.2
id-05230	7	13	2	0.2
id-05231	7	12	1	0.3
id-05232	5	10	10	0.4
id-05233	1	2	15	0.4
id-05234	1	2	15	0.4
id-05235	4	2	16	0.2
id-05236	10	4	18	0.2
id-05237	7	2	13	0.2
id-05238	10	16	21	0.2
id-05239	6	3	22	0.3
id-05240	4	6	20	0.4
id-05241	9	6	9	0.3
id-05242	8	14	29	0.3
id-05243	2	4	8	0.5
id-05244	7	3	24	0.3
id-05245	6	9	3	0.3
id-05246	10	17	27	0.3
id-05247	8	3	10	0.3
id-05248	10	7	26	0.4
id-05249	1	2	11	0.4
id-05250	2	2	26	0.3
id-05251	3	2	17	0.3
id-05252	1	2	19	0.4
id-05253	9	12	7	0.3
id-05254	8	2	29	0.3
id-05255	3	5	24	0.3
id-05256	2	2	13	0.3
id-05257	5	9	24	0.4
id-05258	6	8	1	0.5
id-05259	8	12	9	0.4
id-05260	9	5	1	0.5
id-05261	10	7	21	0.3
id-05262	8	7	9	0.3
id-05263	4	7	7	0.4
id-05264	5	10	7	0.2
id-05265	5	9	21	0.4
id-05266	9	6	23	0.3
id-05267	7	2	29	0.4
id-05268	6	7	11	0.4
id-05269	4	5	7	0.3
id-05270	6	6	30	0.4
id-05271	7	7	16	0.3
id-05272	6	10	28	0.2
id-05273	8	7	2	0.4
id-05274	2	4	11	0.3
id-05275	5	7	17	0.4
id-05276	7	8	7	0.4
id-05277	1	2	13	0.5
id-05278	8	9	27	0.5
id-05279	8	16	12	0.3
id-05280	5	5	14	0.5
id-05281	2	2	14	0.3
id-05282	2	3	9	0.4
id-05283	5	10	25	0.3
id-05284	1	2	5	0.3
id-05285	10	10	18	0.2
id-05286	10	10	7	0.2
id-05287	4	2	4	0.4
id-05288	5	10	27	0.4
id-05289	1	2	3	0.3
id-05290	4	7	1	0.4
id-05291	7	2	28	0.2
id-05292	7	14	4	0.3
id-05293	4	8	6	0.5
id-05294	2	4	29	0.3
id-05295	2	2	11	0.4
id-05296	8	10	23	0.4
id-05297	6	9	9	0.3
id-05298	8	2	21	0.3
id-05299	4	7	23	0.3
id-05300	10	13	5	0.4
id-05301	1	2	9	0.3
id-05302	9	18	27	0.3
id-05303	8	9	13	0.3
id-05304	3	3	5	0.2
id-05305	5	5	26	0.5
id-05306	2	3	20	0.3
id-05307	7	7	14	0.5
id-05308	7	6	26	0.2
id-05309	1	2	17	0.2
id-05310	1	2	2	0.5
id-05311	10	11	26	0.3
id-05312	10	6	11	0.4
id-05313	8	8	10	0.4
id-05314	2	4	10	0.3
id-05315	8	11	20	0.3
id-05316	1	2	26	0.4
id-05317	1	2	10	0.4
id-05318	10	12	21	0.4
id-05319	1	2	3	0.5
id-05320	1	2	18	0.5
id-05321	6	5	17	0.5
id-05322	5	6	17	0.4
id-05323	4	7	5	0.2
id-05324	3	2	22	0.3
id-05325	6	5	7	0.3
id-05326	7	7	8	0.4
id-05327	3	6	10	0.4
id-05328	10	10	21	0.3
id-05329	9	8	12	0.3
id-05330	3	6	23	0.4
id-05331	6	8	19	0.3
id-05332	2	3	8	0.2
id-05333	4	6	11	0.3
id-05334	7	7	4	0.2
id-05335	5	4	18	0.3
id-05336	5	6	13	0.4
id-05337	2	2	23	0.4
id-05338	4	4	28	0.2
id-05339	8	14	18	0.4
id-05340	3	6	21	0.4
id-05341	7	6	29	0.3
id-05342	2	4	24	0.4
id-05343	5	10	25	0.3
id-05344	5	10	12	0.2
id-05345	9	7	5	0.5
id-05346	1	2	30	0.5
id-05347	2	2	26	0.4
id-05348	5	3	12	0.3
id-05349	1	2	15	0.4
id-05350	1	2	29	0.4
id-05351	5	4	19	0.3
id-05352	7	13	4	0.2
id-05353	2	4	2	0.3
id-05354	3	4	18	0.2
id-05355	3	3	1	0.3
id-05356	2	3	28	0.2
id-05357	5	10	7	0.5
id-05358	1	2	19	0.5
id-05359	10	16	18	0.3
id-05360	4	3	23	0.2
id-05361	6	10	29	0.4
id-05362	9	2	24	0.3
id-05363	3	6	21	0.4
id-05364	9	13	24	0.2
id-05365	2	4	30	0.2
id-05366	3	6	13	0.3
id-05367	4	2	11	0.4
id-05368	6	2	7	0.2
id-05369	8	3	13	0.2
id-05370	7	10	28	0.5
id-05371	6	6	28	0.4
id-05372	1	2	26	0.2
id-05373	3	5	7	0.4
id-05374	10	20	13	0.4
id-05375	5	7	17	0.4
id-05376	10	12	15	0.4
id-05377	8	5	3	0.4
id-05378	2	3	6	0.2
id-05379	10	7	5	0.4
id-05380	10	5	27	0.3
id-05381	10	11	12	0.3
id-05382	10	2	23	0.5
id-05383	9	12	23	0.3
id-05384	2	4	30	0.5
id-05385	3	5	20	0.3
id-05386	6	6	8	0.4
id-05387	4	5	22	0.4
id-05388	6	5	12	0.4
id-05389	4	7	14	0.4
id-05390	9	11	19	0.2
id-05391	7	13	29	0.3
id-05392	1	2	18	0.3
id-05393	1	2	2	0.3
id-05394	7	5	7	0.4
id-05395	10	6	19	0.5
id-05396	6	9	20	0.4
id-05397	9	5	22	0.3
id-05398	9	9	27	0.4
id-05399	10	17	9	0.2
id-05400	2	2	2	0.5
id-05401	8	14	18	0.2
id-05402	5	8	5	0.3
id-05403	5	6	13	0.4
id-05404	2	2	15	0.4
id-05405	5	5	3	0.3
id-05406	6	4	22	0.3
id-05407	7	11	20	0.2
id-05408	5	3	25	0.3
id-05409	9	17	11	0.3
id-05410	8	11	17	0.4
id-05411	3	5	2	0.3
id-05412	6	6	26	0.3
id-05413	9	13	13	0.4
id-05414	2	4	17	0.3
id-05415	6	4	9	0.3
id-05416	5	10	29	0.3
id-05417	1	2	12	0.3
id-05418	9	17	14	0.4
id-05419	8	7	19	0.5
id-05420	5	5	13	0.3
id-05421	3	5	4	0.2
id-05422	9	18	6	0.4
id-05423	7	8	9	0.4
id-05424	8	11	24	0.3
id-05425	2	2	29	0.4
id-05426	3	4	7	0.5
id-05427	2	2	20	0.3
id-05428	5	6	28	0.3
id-05429	1	2	14	0.5
id-05430	6	9	28	0.4
id-05431	4	5	4	0.4
id-05432	5	4	20	0.3
id-05433	10	18	7	0.5
id-05434	6	4	29	0.3
id-05435	7	2	28	0.4
id-05436	6	12	6	0.4
id-05437	5	3	24	0.3
id-05438	9	10	2	0.3
id-05439	6	3	28	0.5
id-05440	4	7	23	0.5
id-05441	6	11	23	0.4
id-05442	3	3	30	0.2
id-05443	4	4	30	0.5
id-05444	9	10	1	0.3
id-05445	2	4	17	0.3
id-05446	1	2	13	0.4
id-05447	7	14	26	0.2
id-05448	7	3	24	0.4
id-05449	4	8	23	0.4
id-05450	8	2	6	0.3
id-05451	5	3	18	0.4
id-05452	3	3	14	0.2
id-05453	1	2	20	0.4
id-05454	8	3	26	0.4
id-05455	1	2	16	0.4
id-05456	1	2	29	0.5
id-05457	7	13	27	0.3
id-05458	2	3	17	0.5
id-05459	8	11	30	0.4
id-05460	5	8	15	0.4
id-05461	5	6	10	0.3
id-05462	3	3	4	0.4
id-05463	3	2	16	0.3
id-05464	2	3	5	0.4
id-05465	4	2	7	0.3
id-05466	10	5	28	0.5
id-05467	10	18	27	0.3
id-05468	7	2	30	0.4
id-05469	5	5	3	0.4
id-05470	6	3	10	0.4
id-05471	1	2	9	0.5
id-05472	8	2	16	0.4
id-05473	2	4	14	0.4
id-05474	2	2	21	0.4
id-05475	1	2	9	0.5
id-05476	10	14	9	0.2
id-05477	1	2	13	0.2
id-05478	2	4	20	0.4
id-05479	5	5	1	0.5
id-05480	10	14	2	0.3
id-05481	4	6	19	0.4
id-05482	4	3	21	0.2
id-05483	3	2	5	0.2
id-05484	9	14	3	0.3
id-05485	3	5	9	0.2
id-05486	7	2	2	0.4
id-05487	6	2	16	0.2
id-05488	8	15	15	0.5
id-05489	7	9	26	0.2
id-05490	3	3	26	0.4
id-05491	5	10	28	0.3
id-05492	5	7	22	0.2
id-05493	8	4	17	0.3
id-05494	4	7	30	0.5
id-05495	6	7	10	0.5
id-05496	5	10	20	0.2
id-05497	1	2	21	0.2
id-05498	9	12	26	0.5
id-05499	1	2	18	0.4
id-05500	3	5	24	0.2
id-05501	5	7	10	0.3
id-05502	7	3	16	0.4
id-05503	3	6	29	0.3
id-05504	7	4	13	0.3
id-05505	6	5	29	0.3
id-05506	9	4	1	0.4
id-05507	8	14	14	0.3
id-05508	10	11	21	0.4
id-05509	5	2	16	0.5
id-05510	5	2	18	0.5
id-05511	3	2	8	0.5
id-05512	8	9	28	0.5
id-05513	4	6	24	0.5
id-05514	3	2	6	0.4
id-05515	3	3	27	0.4
id-05516	7	10	3	0.4
id-05517	2	4	26	0.3
id-05518	3	5	11	0.2
id-05519	1	2	12	0.4
id-05520	1	2	30	0.3
id-05521	7	4	24	0.3
id-05522	10	7	30	0.5
id-05523	10	9	12	0.3
id-05524	3	6	8	0.4
id-05525	6	11	28	0.4
id-05526	8	12	7	0.5
id-05527	6	10	5	0.3
id-05528	4	7	9	0.4
id-05529	7	14	9	0.3
id-05530	10	4	3	0.3
id-05531	9	16	3	0.4
id-05532	1	2	30	0.4
id-05533	10	12	1	0.3
id-05534	8	15	29	0.3
id-05535	8	9	8	0.4
id-05536	10	16	14	0.3
id-05537	2	4	26	0.4
id-05538	10	4	24	0.5
id-05539	2	4	23	0.4
id-05540	10	17	10	0.2
id-05541	6	3	17	0.4
id-05542	5	9	2	0.4
id-05543	1	2	29	0.4
id-05544	7	13	29	0.5
id-05545	4	8	18	0.3
id-05546	3	2	4	0.3
id-05547	7	4	28	0.4
id-05548	9	17	8	0.2
id-05549	4	6	1	0.3
id-05550	9	18	7	0.5
id-05551	4	3	22	0.3
id-05552	8	6	29	0.5
id-05553	6	10	6	0.4
id-05554	1	2	30	0.5
id-05555	3	5	30	0.3
id-05556	3	4	2	0.5
id-05557	9	4	12	0.4
id-05558	1	2	30	0.3
id-05559	9	7	2	0.3
id-05560	7	9	25	0.3
id-05561	5	3	9	0.4
id-05562	9	14	17	0.5
id-05563	2	3	9	0.3
id-05564	1	2	7	0.3
id-05565	1	2	29	0.3
id-05566	5	6	26	0.4
id-05567	2	2	22	0.2
id-05568	8	13	22	0.4
id-05569	9	6	15	0.4
id-05570	10	15	5	0.4
id-05571	9	6	4	0.2
id-05572	5	3	8	0.4
id-05573	4	5	30	0.5
id-05574	4	7	3	0.3
id-05575	6	2	16	0.3
id-05576	6	5	28	0.4
id-05577	10	13	27	0.4
id-05578	9	10	21	0.4
id-05579	3	3	20	0.4
id-05580	10	19	28	0.4
id-05581	10	13	18	0.4
id-05582	2	2	30	0.4
id-05583	1	2	8	0.3
id-05584	1	2	24	0.4
id-05585	3	3	4	0.2
id-05586	8	12	28	0.4
id-05587	3	4	30	0.5
id-05588	5	7	28	0.3
id-05589	3	6	25	0.3
id-05590	10	4	28	0.5
id-05591	10	18	25	0.4
id-05592	8	6	19	0.2
id-05593	2	3	1	0.2
id-05594	4	5	16	0.3
id-05595	7	14	5	0.3
id-05596	9	13	30	0.4
id-05597	7	7	26	0.4
id-05598	6	4	5	0.5
id-05599	7	4	6	0.5
id-05600	8	3	13	0.3
id-05601	6	3	25	0.2
id-05602	8	6	4	0.3
id-05603	10	8	23	0.3
id-05604	7	9	16	0.3
id-05605	3	5	11	0.4
id-05606	1	2	9	0.4
id-05607	4	3	4	0.4
id-05608	5	2	5	0.4
id-05609	10	12	24	0.4
id-05610	6	5	1	0.3
id-05611	6	9	1	0.2
id-05612	7	9	15	0.4
id-05613	1	2	26	0.2
id-05614	1	2	13	0.3
id-05615	4	8	16	0.4
id-05616	9	18	26	0.2
id-05617	6	10	5	0.2
id-05618	9	8	16	0.4
id-05619	8	15	22	0.4
id-05620	1	2	18	0.3
id-05621	5	8	26	0.3
id-05622	6	3	5	0.4
id-05623	1	2	9	0.3
id-05624	6	2	17	0.4
id-05625	5	6	21	0.3
id-05626	6	4	11	0.5
id-05627	2	4	8	0.2
id-05628	4	4	3	0.3
id-05629	10	10	8	0.4
id-05630	4	6	25	0.3
id-05631	5	8	24	0.2
id-05632	7	6	18	0.2
id-05633	6	12	23	0.2
id-05634	7	13	21	0.3
id-05635	5	2	30	0.2
id-05636	4	6	11	0.2
id-05637	2	4	25	0.3
id-05638	5	2	19	0.2
id-05639	5	9	24	0.4
id-05640	4	3	19	0.5
id-05641	9	16	27	0.4
id-05642	5	10	18	0.3
id-05643	10	6	12	0.2
id-05644	2	3	3	0.3
id-05645	10	19	19	0.4
id-05646	6	8	26	0.4
id-05647	1	2	21	0.3
id-05648	8	13	4	0.4
id-05649	7	8	17	0.4
id-05650	2	2	20	0.5
id-05651	1	2	26	0.3
id-05652	5	8	15	0.4
id-05653	10	20	27	0.3
id-05654	7	11	30	0.2
id-05655	7	2	3	0.4
id-05656	4	3	17	0.2
id-05657	5	3	17	0.4
id-05658	6	8	8	0.4
id-05659	3	4	21	0.3
id-05660	2	4	16	0.3
id-05661	7	9	12	0.4
id-05662	9	13	19	0.5
id-05663	10	13	9	0.3
id-05664	6	7	24	0.4
id-05665	4	7	10	0.5
id-05666	2	2	14	0.3
id-05667	9	9	15	0.4
id-05668	10	12	8	0.3
id-05669	9	2	18	0.4
id-05670	1	2	5	0.5
id-05671	1	2	3	0.4
id-05672	6	10	18	0.5
id-05673	3	2	10	0.3
id-05674	3	6	22	0.4
id-05675	8	11	15	0.2
id-05676	7	6	20	0.3
id-05677	3	6	9	0.3
id-05678	10	9	7	0.3
id-05679	3	2	10	0.4
id-05680	10	2	4	0.2
id-05681	7	4	9	0.4
id-05682	6	5	30	0.5
id-05683	3	4	2	0.4
id-05684	10	6	9	0.3
id-05685	9	13	29	0.4
id-05686	4	6	25	0.3
id-05687	5	8	13	0.4
id-05688	8	15	8	0.4
id-05689	2	4	2	0.3
id-05690	8	4	23	0.5
id-05691	2	3	25	0.5
id-05692	10	13	16	0.5
id-05693	4	5	14	0.4
id-05694	3	2	5	0.3
id-05695	2	3	30	0.3
id-05696	4	3	30	0.4
id-05697	3	5	8	0.4
id-05698	10	17	22	0.4
id-05699	9	15	6	0.4
id-05700	4	7	25	0.2
id-05701	1	2	27	0.4
id-05702	9	18	22	0.3
id-05703	1	2	28	0.3
id-05704	2	3	26	0.3
id-05705	8	13	16	0.2
id-05706	2	2	13	0.2
id-05707	8	4	7	0.4
id-05708	3	3	18	0.5
id-05709	10	11	8	0.3
id-05710	10	18	13	0.4
id-05711	9	6	27	0.2
id-05712	5	6	11	0.4
id-05713	6	3	21	0.3
id-05714	8	15	6	0.2
id-05715	5	9	30	0.2
id-05716	5	4	23	0.4
id-05717	10	19	2	0.3
id-05718	9	2	20	0.4
id-05719	7	14	20	0.3
id-05720	4	7	14	0.3
id-05721	4	7	15	0.3
id-05722	8	11	11	0.3
id-05723	7	12	20	0.4
id-05724	4	2	1	0.3
id-05725	9	8	7	0.3
id-05726	9	10	19	0.5
id-05727	1	2	20	0.4
id-05728	6	10	16	0.5
id-05729	1	2	11	0.3
id-05730	10	3	18	0.2
id-05731	5	9	18	0.5
id-05732	6	2	9	0.4
id-05733	7	11	1	0.2
id-05734	1	2	12	0.4
id-05735	10	14	10	0.4
id-05736	7	6	23	0.2
id-05737	9	12	8	0.2
id-05738	8	11	3	0.3
id-05739	1	2	19	0.4
id-05740	9	11	8	0.4
id-05741	6	12	6	0.3
id-05742	7	8	13	0.3
id-05743	4	6	16	0.3
id-05744	2	2	12	0.3
id-05745	6	7	12	0.4
id-05746	8	10	27	0.3
id-05747	6	9	20	0.5
id-05748	6	11	19	0.5
id-05749	5	5	29	0.2
id-05750	6	5	25	0.5
id-05751	6	3	29	0.5
id-05752	3	4	21	0.4
id-05753	2	3	16	0.3
id-05754	1	2	24	0.3
id-05755	4	3	5	0.3
id-05756	2	2	21	0.2
id-05757	2	3	26	0.2
id-05758	8	13	13	0.4
id-05759	9	2	2	0.2
id-05760	7	2	7	0.3
id-05761	5	3	26	0.5
id-05762	4	5	8	0.4
id-05763	5	5	3	0.2
id-05764	8	15	23	0.3
id-05765	4	8	13	0.2
id-05766	5	6	22	0.3
id-05767	3	5	7	0.4
id-05768	10	9	1	0.4
id-05769	1	2	1	0.2
id-05770	8	10	28	0.3
id-05771	7	7	12	0.3
id-05772	6	12	21	0.2
id-05773	2	4	29	0.4
id-05774	8	4	7	0.3
id-05775	6	2	19	0.3
id-05776	7	2	4	0.2
id-05777	1	2	9	0.4
id-05778	10	9	12	0.3
id-05779	7	11	23	0.5
id-05780	4	7	8	0.2
id-05781	1	2	17	0.2
id-05782	8	14	25	0.4
id-05783	10	12	8	0.3
id-05784	9	15	11	0.2
id-05785	4	2	16	0.3
id-05786	1	2	21	0.3
id-05787	10	4	10	0.5
id-05788	2	4	1	0.3
id-05789	8	8	7	0.5
id-05790	10	3	8	0.3
id-05791	9	15	26	0.3
id-05792	9	4	21	0.4
id-05793	2	3	17	0.5
id-05794	1	2	21	0.2
id-05795	9	13	12	0.4
id-05796	6	7	6	0.3
id-05797	2	2	6	0.2
id-05798	8	5	25	0.3
id-05799	10	19	4	0.4
id-05800	4	8	27	0.5
id-05801	6	12	3	0.3
id-05802	10	3	11	0.4
id-05803	9	6	14	0.4
id-05804	10	5	13	0.4
id-05805	7	11	20	0.4
id-05806	1	2	17	0.4
id-05807	9	5	4	0.4
id-05808	9	5	4	0.2
id-05809	8	7	29	0.3
id-05810	7	4	30	0.2
id-05811	10	9	11	0.2
id-05812	9	4	6	0.3
id-05813	2	4	18	0.2
id-05814	10	2	8	0.2
id-05815	8	6	16	0.3
id-05816	7	2	23	0.2
id-05817	7	9	11	0.2
id-05818	2	3	11	0.4
id-05819	3	3	15	0.2
id-05820	7	11	18	0.5
id-05821	1	2	5	0.3
id-05822	2	3	25	0.4
id-05823	3	2	12	0.3
id-05824	8	5	13	0.4
id-05825	8	3	27	0.2
id-05826	8	16	29	0.2
id-05827	4	2	2	0.5
id-05828	4	7	5	0.4
id-05829	4	2	30	0.4
id-05830	1	2	11	0.4
id-05831	9	14	16	0.4
id-05832	10	8	6	0.4
id-05833	3	2	18	0.3
id-05834	7	11	25	0.3
id-05835	7	7	16	0.5
id-05836	1	2	7	0.4
id-05837	7	11	14	0.4
id-05838	2	4	25	0.3
id-05839	9	9	30	0.3
id-05840	9	15	12	0.3
id-05841	7	5	12	0.3
id-05842	5	7	3	0.5
id-05843	4	5	1	0.3
id-05844	10	20	11	0.3
id-05845	2	4	10	0.3
id-05846	5	2	22	0.5
id-05847	4	4	20	0.3
id-05848	6	4	22	0.3
id-05849	2	4	21	0.4
id-05850	1	2	28	0.2
id-05851	5	10	12	0.3
id-05852	9	15	9	0.4
id-05853	7	13	8	0.5
id-05854	7	3	29	0.3
id-05855	1	2	1	0.4
id-05856	2	2	2	0.2
id-05857	2	3	4	0.3
id-05858	3	5	1	0.4
id-05859	1	2	2	0.4
id-05860	7	11	19	0.3
id-05861	1	2	22	0.3
id-05862	1	2	6	0.2
id-05863	6	11	3	0.2
id-05864	3	3	5	0.2
id-05865	6	7	13	0.5
id-05866	6	10	19	0.4
id-05867	8	3	17	0.2
id-05868	6	6	29	0.5
id-05869	6	2	28	0.3
id-05870	4	7	6	0.3
id-05871	5	7	13	0.4
id-05872	8	15	12	0.2
id-05873	9	14	13	0.3
id-05874	7	3	2	0.4
id-05875	5	4	5	0.4
id-05876	1	2	16	0.4
id-05877	5	2	11	0.4
id-05878	6	2	7	0.2
id-05879	1	2	15	0.4
id-05880	1	2	12	0.5
id-05881	6	9	10	0.5
id-05882	2	3	20	0.2
id-05883	10	18	12	0.4
id-05884	9	18	28	0.5
id-05885	9	4	20	0.3
id-05886	4	7	20	0.4
id-05887	8	9	2	0.4
id-05888	2	4	12	0.5
id-05889	4	6	8	0.3
id-05890	8	2	13	0.3
id-05891	8	15	1	0.4
id-05892	2	3	13	0.4
id-05893	9	8	24	0.3
id-05894	8	13	17	0.3
id-05895	2	3	6	0.2
id-05896	2	2	10	0.3
id-05897	9	6	23	0.5
id-05898	4	3	28	0.2
id-05899	4	4	29	0.2
id-05900	5	9	19	0.4
id-05901	9	3	1	0.5
id-05902	10	6	18	0.4
id-05903	4	2	26	0.3
id-05904	10	17	22	0.3
id-05905	2	2	30	0.5
id-05906	1	2	2	0.3
id-05907	3	5	6	0.4
id-05908	5	5	3	0.4
id-05909	3	2	12	0.4
id-05910	10	13	29	0.5
id-05911	9	5	20	0.4
id-05912	5	7	8	0.4
id-05913	5	10	26	0.3
id-05914	4	8	10	0.3
id-05915	10	8	2	0.4
id-05916	10	10	21	0.3
id-05917	6	6	15	0.4
id-05918	3	5	7	0.4
id-05919	3	6	8	0.3
id-05920	7	13	27	0.3
id-05921	9	17	22	0.3
id-05922	4	3	13	0.5
id-05923	2	4	21	0.2
id-05924	8	9	29	0.4
id-05925	3	5	24	0.4
id-05926	6	8	25	0.2
id-05927	2	4	22	0.5
id-05928	10	13	27	0.5
id-05929	10	6	3	0.3
id-05930	3	4	28	0.2
id-05931	2	3	15	0.4
id-05932	4	3	6	0.2
id-05933	5	5	13	0.5
id-05934	4	7	8	0.4
id-05935	6	12	6	0.5
id-05936	4	7	9	0.3
id-05937	6	10	17	0.3
id-05938	7	7	19	0.3
id-05939	4	5	5	0.3
id-05940	5	3	26	0.3
id-05941	9	5	28	0.3
id-05942	10	14	14	0.4
id-05943	5	4	1	0.2
id-05944	8	2	2	0.3
id-05945	7	2	26	0.5
id-05946	10	19	1	0.3
id-05947	3	6	6	0.3
id-05948	3	6	29	0.3
id-05949	4	6	11	0.4
id-05950	6	9	7	0.4
id-05951	4	5	27	0.2
id-05952	1	2	13	0.4
id-05953	10	15	20	0.4
id-05954	7	6	6	0.4
id-05955	5	5	29	0.3
id-05956	4	3	11	0.2
id-05957	1	2	15	0.5
id-05958	7	3	11	0.4
id-05959	10	20	21	0.2
id-05960	1	2	25	0.3
id-05961	7	14	27	0.3
id-05962	2	4	20	0.5
id-05963	8	7	10	0.4
id-05964	6	12	8	0.3
id-05965	7	10	22	0.4
id-05966	6	6	7	0.5
id-05967	9	12	7	0.4
id-05968	10	11	8	0.4
id-05969	5	4	22	0.3
id-05970	3	4	1	0.3
id-05971	3	6	28	0.4
id-05972	9	11	6	0.2
id-05973	8	10	20	0.3
id-05974	1	2	19	0.3
id-05975	5	2	19	0.2
id-05976	7	7	30	0.5
id-05977	4	6	26	0.4
id-05978	1	2	18	0.4
id-05979	8	9	4	0.2
id-05980	6	2	20	0.3
id-05981	8	4	22	0.2
id-05982	1	2	7	0.4
id-05983	10	12	26	0.3
id-05984	1	2	7	0.2
id-05985	8	3	15	0.4
id-05986	6	9	8	0.5
id-05987	9	6	17	0.3
id-05988	9	8	8	0.3
id-05989	5	5	30	0.4
id-05990	5	3	17	0.3
id-05991	5	6	10	0.3
id-05992	5	4	14	0.3
id-05993	10	3	22	0.4
id-05994	8	10	21	0.4
id-05995	10	17	29	0.5
id-05996	1	2	24	0.4
id-05997	4	6	14	0.2
id-05998	5	8	15	0.3
id-05999	1	2	24	0.3
id-06000	8	5	13	0.3
id-06001	2	3	24	0.2
id-06002	1	2	9	0.2
id-06003	9	11	18	0.4
id-06004	2	4	9	0.4
id-06005	3	6	15	0.4
id-06006	6	4	25	0.5
id-06007	10	7	13	0.5
id-06008	2	4	8	0.4
id-06009	3	2	15	0.2
id-06010	7	11	14	0.4
id-06011	8	14	18	0.4
id-06012	4	4	3	0.2
id-06013	8	9	8	0.4
id-06014	2	4	23	0.3
id-06015	5	8	20	0.4
id-06016	8	3	21	0.2
id-06017	10	8	1	0.3
id-06018	7	13	11	0.3
id-06019	10	14	7	0.4
id-06020	6	6	28	0.3
id-06021	7	10	22	0.3
id-06022	5	9	8	0.3
id-06023	6	2	7	0.5
id-06024	10	15	28	0.4
id-06025	9	11	24	0.4
id-06026	5	5	8	0.5
id-06027	7	5	5	0.2
id-06028	7	9	20	0.5
id-06029	10	2	29	0.3
id-06030	10	14	5	0.5
id-06031	7	12	18	0.4
id-06032	7	9	19	0.3
id-06033	3	6	16	0.4
id-06034	4	2	24	0.5
id-06035	6	2	17	0.5
id-06036	10	4	29	0.5
id-06037	3	4	13	0.2
id-06038	8	6	27	0.3
id-06039	3	3	9	0.4
id-06040	9	15	28	0.4
id-06041	4	2	2	0.3
id-06042	7	10	23	0.4
id-06043	3	2	6	0.2
id-06044	9	17	3	0.2
id-06045	9	15	3	0.5
id-06046	9	7	22	0.5
id-06047	1	2	27	0.4
id-06048	6	7	18	0.2
id-06049	2	4	11	0.4
id-06050	7	5	9	0.3
id-06051	9	17	1	0.2
id-06052	6	12	4	0.4
id-06053	7	4	27	0.4
id-06054	8	2	8	0.5
id-06055	2	4	21	0.5
id-06056	3	4	13	0.2
id-06057	8	7	4	0.3
id-06058	4	6	28	0.5
id-06059	1	2	18	0.3
id-06060	3	5	6	0.3
id-06061	5	10	25	0.3
id-06062	1	2	20	0.3
id-06063	7	3	7	0.4
id-06064	6	8	11	0.3
id-06065	5	4	4	0.4
id-06066	7	9	15	0.5
id-06067	1	2	24	0.5
id-06068	5	4	11	0.4
id-06069	9	16	14	0.4
id-06070	9	15	11	0.3
id-06071	3	5	5	0.4
id-06072	5	4	28	0.3
id-06073	8	11	11	0.4
id-06074	9	5	10	0.2
id-06075	3	3	3	0.4
id-06076	2	2	27	0.2
id-06077	1	2	14	0.3
id-06078	7	5	13	0.4
id-06079	10	15	9	0.3
id-06080	10	17	11	0.4
id-06081	3	5	9	0.4
id-06082	4	4	8	0.3
id-06083	7	10	24	0.3
id-06084	2	4	13	0.5
id-06085	6	7	19	0.4
id-06086	3	6	24	0.3
id-06087	5	4	30	0.3
id-06088	6	2	20	0.4
id-06089	3	3	15	0.4
id-06090	2	4	23	0.5
id-06091	4	6	6	0.3
id-06092	1	2	9	0.3
id-06093	2	4	14	0.4
id-06094	8	11	30	0.3
id-06095	4	2	20	0.3
id-06096	3	5	30	0.3
id-06097	6	10	22	0.3
id-06098	6	11	25	0.4
id-06099	8	14	3	0.2
id-06100	4	7	4	0.4
id-06101	8	15	21	0.5
id-06102	3	6	8	0.2
id-06103	7	9	8	0.5
id-06104	10	13	11	0.5
id-06105	8	11	1	0.4
id-06106	5	3	23	0.3
id-06107	6	4	1	0.5
id-06108	8	7	3	0.4
id-06109	7	5	2	0.3
id-06110	9	8	17	0.3
id-06111	1	2	12	0.3
id-06112	5	3	9	0.3
id-06113	7	5	8	0.3
id-06114	9	15	26	0.3
id-06115	7	8	16	0.4
id-06116	4	3	16	0.3
id-06117	7	8	21	0.4
id-06118	1	2	5	0.3
id-06119	5	6	16	0.2
id-06120	7	2	9	0.4
id-06121	3	2	22	0.4
id-06122	7	6	7	0.3
id-06123	1	2	23	0.5
id-06124	1	2	22	0.2
id-06125	3	3	27	0.3
id-06126	7	3	20	0.4
id-06127	8	7	14	0.3
id-06128	7	4	18	0.3
id-06129	4	5	19	0.3
id-06130	4	8	16	0.4
id-06131	3	5	14	0.3
id-06132	10	12	27	0.3
id-06133	3	4	4	0.2
id-06134	2	3	22	0.3
id-06135	10	7	22	0.3
id-06136	3	5	15	0.2
id-06137	1	2	28	0.5
id-06138	9	3	27	0.2
id-06139	3	3	11	0.3
id-06140	10	13	14	0.4
id-06141	10	16	3	0.3
id-06142	9	16	29	0.2
id-06143	5	9	3	0.3
id-06144	5	2	15	0.3
id-06145	10	9	2	0.2
id-06146	3	4	28	0.4
id-06147	3	2	15	0.4
id-06148	5	2	27	0.3
id-06149	2	4	25	0.3
id-06150	1	2	25	0.4
id-06151	2	4	2	0.4
id-06152	5	8	18	0.3
id-06153	5	4	9	0.3
id-06154	4	8	18	0.4
id-06155	7	7	12	0.4
id-06156	10	16	17	0.3
id-06157	2	4	28	0.4
id-06158	1	2	10	0.3
id-06159	10	9	27	0.5
id-06160	5	5	28	0.2
id-06161	9	9	29	0.2
id-06162	1	2	12	0.4
id-06163	2	2	23	0.4
id-06164	9	2	22	0.3
id-06165	4	2	25	0.5
id-06166	1	2	11	0.3
id-06167	1	2	3	0.4
id-06168	6	7	11	0.4
id-06169	3	4	15	0.3
id-06170	6	5	3	0.3
id-06171	10	2	18	0.2
id-06172	8	15	30	0.3
id-06173	2	2	25	0.2
id-06174	1	2	1	0.4
id-06175	6	10	19	0.4
id-06176	6	12	23	0.4
id-06177	3	2	25	0.3
id-06178	5	7	19	0.4
id-06179	4	8	22	0.3
id-06180	7	10	12	0.2
id-06181	9	17	23	0.3
id-06182	10	19	9	0.3
id-06183	9	6	10	0.3
id-06184	3	4	30	0.2
id-06185	8	7	5	0.4
id-06186	7	10	29	0.3
id-06187	3	4	25	0.2
id-06188	9	14	6	0.5
id-06189	1	2	21	0.5
id-06190	5	10	30	0.4
id-06191	3	4	9	0.4
id-06192	10	12	25	0.3
id-06193	6	10	1	0.3
id-06194	5	4	16	0.4
id-06195	10	13	11	0.4
id-06196	10	17	11	0.2
id-06197	9	12	2	0.3
id-06198	6	8	8	0.2
id-06199	3	2	25	0.2
id-06200	10	12	28	0.4
id-06201	7	3	28	0.3
id-06202	6	7	29	0.3
id-06203	6	8	21	0.5
id-06204	6	7	2	0.5
id-06205	9	5	13	0.4
id-06206	4	5	14	0.4
id-06207	5	2	14	0.3
id-06208	4	4	10	0.2
id-06209	5	5	11	0.5
id-06210	4	4	24	0.3
id-06211	9	4	23	0.2
id-06212	6	7	19	0.2
id-06213	9	16	30	0.2
id-06214	6	2	27	0.4
id-06215	5	9	30	0.3
id-06216	4	8	12	0.2
id-06217	9	13	27	0.5
id-06218	6	4	24	0.2
id-06219	8	12	1	0.2
id-06220	5	8	14	0.3
id-06221	4	8	22	0.4
id-06222	5	3	9	0.5
id-06223	3	4	24	0.4
id-06224	7	3	25	0.4
id-06225	3	2	10	0.4
id-06226	2	3	7	0.3
id-06227	7	5	7	0.3
id-06228	2	3	10	0.2
id-06229	1	2	20	0.5
id-06230	10	12	22	0.5
id-06231	6	5	27	0.4
id-06232	8	6	15	0.2
id-06233	7	7	24	0.5
id-06234	7	5	29	0.4
id-06235	7	12	30	0.5
id-06236	2	4	4	0.5
id-06237	7	13	26	0.3
id-06238	9	11	16	0.3
id-06239	5	10	13	0.5
id-06240	2	2	22	0.3
id-06241	1	2	10	0.3
id-06242	7	7	7	0.4
id-06243	7	13	20	0.4
id-06244	10	12	9	0.5
id-06245	2	2	4	0.3
id-06246	8	4	1	0.4
id-06247	4	8	12	0.4
id-06248	9	13	16	0.3
id-06249	9	2	27	0.2
id-06250	10	9	6	0.3
id-06251	8	12	18	0.3
id-06252	2	3	7	0.4
id-06253	7	3	24	0.4
id-06254	9	11	7	0.2
id-06255	10	6	22	0.3
id-06256	5	9	11	0.3
id-06257	7	12	3	0.2
id-06258	9	16	13	0.2
id-06259	9	14	30	0.5
id-06260	4	7	30	0.3
id-06261	10	11	8	0.3
id-06262	6	5	17	0.3
id-06263	2	2	1	0.5
id-06264	7	13	30	0.4
id-06265	7	13	25	0.5
id-06266	2	2	12	0.3
id-06267	7	10	1	0.3
id-06268	7	7	11	0.5
id-06269	3	2	16	0.4
id-06270	3	5	23	0.4
id-06271	5	4	9	0.3
id-06272	9	2	12	0.3
id-06273	9	5	19	0.4
id-06274	4	8	9	0.2
id-06275	5	9	18	0.4
id-06276	9	9	10	0.4
id-06277	9	9	5	0.5
id-06278	2	4	2	0.4
id-06279	7	9	11	0.2
id-06280	2	3	13	0.3
id-06281	1	2	9	0.4
id-06282	9	12	11	0.2
id-06283	8	11	27	0.4
id-06284	1	2	8	0.3
id-06285	9	17	25	0.4
id-06286	1	2	4	0.2
id-06287	1	2	9	0.2
id-06288	10	6	30	0.5
id-06289	5	3	22	0.3
id-06290	10	15	18	0.2
id-06291	5	2	27	0.5
id-06292	4	4	3	0.2
id-06293	5	10	11	0.4
id-06294	3	6	30	0.4
id-06295	2	2	19	0.5
id-06296	6	7	29	0.3
id-06297	8	9	29	0.3
id-06298	7	11	27	0.3
id-06299	2	2	30	0.2
id-06300	10	12	5	0.3
id-06301	10	17	4	0.4
id-06302	3	5	12	0.3
id-06303	2	4	4	0.2
id-06304	2	3	6	0.4
id-06305	7	14	14	0.4
id-06306	1	2	11	0.4
id-06307	6	10	9	0.3
id-06308	6	6	11	0.3
id-06309	7	14	4	0.2
id-06310	1	2	10	0.4
id-06311	5	9	3	0.2
id-06312	6	9	15	0.3
id-06313	8	5	27	0.4
id-06314	7	11	10	0.3
id-06315	9	11	26	0.5
id-06316	5	7	11	0.3
id-06317	6	5	12	0.5
id-06318	8	14	19	0.2
id-06319	7	3	6	0.4
id-06320	4	5	8	0.4
id-06321	5	4	16	0.4
id-06322	6	8	17	0.4
id-06323	2	4	17	0.3
id-06324	2	3	2	0.4
id-06325	2	2	26	0.5
id-06326	6	11	14	0.3
id-06327	6	10	12	0.5
id-06328	10	3	18	0.4
id-06329	5	2	18	0.5
id-06330	3	3	30	0.5
id-06331	5	2	12	0.2
id-06332	7	8	30	0.3
id-06333	9	18	15	0.5
id-06334	3	3	3	0.2
id-06335	6	3	27	0.4
id-06336	6	3	16	0.3
id-06337	6	2	10	0.4
id-06338	10	5	9	0.3
id-06339	6	10	5	0.3
id-06340	10	19	22	0.2
id-06341	3	3	9	0.4
id-06342	2	3	27	0.2
id-06343	8	16	9	0.5
id-06344	1	2	2	0.2
id-06345	1	2	11	0.5
id-06346	7	3	25	0.4
id-06347	6	7	3	0.4
id-06348	2	2	18	0.5
id-06349	2	3	16	0.4
id-06350	7	7	17	0.2
id-06351	4	6	5	0.3
id-06352	8	4	30	0.3
id-06353	5	4	25	0.4
id-06354	9	17	17	0.3
id-06355	6	7	3	0.3
id-06356	6	7	3	0.4
id-06357	10	10	18	0.2
id-06358	5	2	22	0.5
id-06359	8	11	22	0.3
id-06360	3	4	12	0.2
id-06361	10	13	30	0.2
id-06362	9	12	27	0.5
id-06363	7	6	8	0.4
id-06364	10	7	4	0.5
id-06365	1	2	17	0.3
id-06366	10	13	23	0.4
id-06367	7	2	29	0.4
id-06368	1	2	23	0.4
id-06369	9	4	9	0.4
id-06370	7	8	11	0.4
id-06371	6	12	1	0.4
id-06372	7	14	27	0.5
id-06373	8	6	5	0.4
id-06374	3	3	23	0.5
id-06375	9	12	20	0.3
id-06376	1	2	20	0.2
id-06377	8	10	20	0.4
id-06378	1	2	24	0.3
id-06379	9	10	19	0.3
id-06380	9	9	24	0.3
id-06381	9	4	10	0.3
id-06382	6	11	9	0.5
id-06383	4	2	1	0.5
id-06384	4	5	13	0.2
id-06385	8	10	13	0.4
id-06386	9	13	18	0.5
id-06387	7	13	2	0.5
id-06388	6	3	20	0.2
id-06389	5	10	24	0.5
id-06390	1	2	23	0.4
id-06391	2	2	28	0.4
id-06392	10	15	6	0.3
id-06393	1	2	7	0.3
id-06394	1	2	17	0.2
id-06395	9	6	24	0.4
id-06396	7	9	18	0.5
id-06397	6	3	27	0.4
id-06398	3	3	6	0.4
id-06399	4	5	20	0.2
id-06400	9	13	17	0.3
id-06401	6	9	22	0.3
id-06402	10	17	6	0.2
id-06403	10	14	17	0.5
id-06404	8	16	23	0.4
id-06405	4	2	22	0.3
id-06406	10	14	7	0.5
id-06407	8	5	16	0.3
id-06408	4	6	18	0.3
id-06409	3	5	8	0.4
id-06410	9	5	10	0.3
id-06411	10	2	18	0.4
id-06412	4	6	4	0.4
id-06413	6	9	4	0.2
id-06414	4	8	6	0.3
id-06415	2	3	11	0.5
id-06416	9	12	27	0.4
id-06417	8	10	15	0.5
id-06418	4	3	14	0.4
id-06419	5	10	13	0.5
id-06420	5	6	18	0.2
id-06421	4	5	21	0.5
id-06422	10	18	11	0.3
id-06423	1	2	26	0.3
id-06424	6	4	5	0.5
id-06425	2	2	8	0.3
id-06426	3	5	2	0.3
id-06427	2	2	15	0.3
id-06428	1	2	5	0.3
id-06429	6	6	25	0.3
id-06430	5	7	10	0.4
id-06431	7	13	2	0.3
id-06432	10	7	9	0.3
id-06433	10	4	29	0.2
id-06434	8	9	22	0.3
id-06435	8	9	18	0.3
id-06436	2	2	6	0.5
id-06437	3	6	28	0.2
id-06438	9	11	12	0.4
id-06439	8	15	25	0.3
id-06440	9	13	5	0.2
id-06441	10	18	1	0.4
id-06442	3	4	22	0.4
id-06443	3	3	29	0.5
id-06444	8	10	20	0.5
id-06445	9	10	8	0.4
id-06446	3	4	9	0.4
id-06447	4	3	19	0.3
id-06448	10	20	25	0.3
id-06449	6	11	6	0.4
id-06450	2	3	11	0.2
id-06451	2	4	17	0.2
id-06452	8	5	9	0.4
id-06453	2	2	21	0.4
id-06454	4	8	7	0.4
id-06455	6	4	20	0.3
id-06456	6	9	11	0.3
id-06457	5	4	9	0.5
id-06458	9	8	25	0.2
id-06459	3	5	5	0.4
id-06460	4	2	28	0.4
id-06461	9	3	18	0.3
id-06462	4	4	5	0.3
id-06463	3	3	4	0.5
id-06464	2	3	8	0.3
id-06465	5	10	2	0.3
id-06466	5	7	2	0.4
id-06467	8	3	24	0.3
id-06468	10	4	2	0.4
id-06469	9	18	13	0.4
id-06470	9	15	8	0.4
id-06471	5	6	15	0.5
id-06472	6	5	23	0.2
id-06473	10	20	24	0.2
id-06474	9	9	14	0.2
id-06475	8	2	21	0.4
id-06476	9	18	28	0.4
id-06477	8	12	25	0.3
id-06478	1	2	21	0.3
id-06479	8	10	16	0.3
id-06480	10	17	23	0.2
id-06481	1	2	14	0.4
id-06482	10	18	19	0.4
id-06483	3	2	30	0.3
id-06484	1	2	26	0.5
id-06485	3	3	22	0.4
id-06486	1	2	3	0.4
id-06487	4	7	2	0.3
id-06488	5	7	2	0.2
id-06489	1	2	11	0.4
id-06490	6	12	16	0.3
id-06491	5	3	3	0.3
id-06492	5	3	30	0.4
id-06493	3	2	18	0.3
id-06494	3	2	5	0.2
id-06495	6	5	8	0.3
id-06496	10	5	22	0.3
id-06497	1	2	6	0.3
id-06498	1	2	30	0.5
id-06499	6	3	20	0.4
id-06500	5	8	20	0.5
id-06501	7	9	17	0.5
id-06502	9	17	8	0.4
id-06503	5	10	6	0.3
id-06504	1	2	3	0.3
id-06505	10	17	10	0.3
id-06506	9	9	18	0.3
id-06507	1	2	12	0.5
id-06508	9	11	4	0.3
id-06509	1	2	14	0.4
id-06510	3	2	1	0.4
id-06511	2	4	18	0.3
id-06512	9	6	26	0.3
id-06513	7	7	24	0.3
id-06514	7	5	26	0.3
id-06515	4	3	17	0.3
id-06516	3	5	11	0.4
id-06517	2	2	26	0.3
id-06518	3	3	2	0.4
id-06519	10	7	3	0.5
id-06520	1	2	19	0.4
id-06521	8	8	29	0.4
id-06522	3	2	21	0.3
id-06523	9	6	19	0.2
id-06524	9	7	20	0.2
id-06525	1	2	28	0.3
id-06526	9	10	1	0.3
id-06527	4	7	15	0.3
id-06528	7	9	29	0.3
id-06529	1	2	17	0.4
id-06530	6	2	28	0.3
id-06531	10	20	18	0.4
id-06532	8	2	26	0.3
id-06533	9	10	26	0.3
id-06534	2	2	26	0.5
id-06535	2	3	18	0.2
id-06536	1	2	2	0.5
id-06537	2	4	19	0.5
id-06538	9	5	6	0.5
id-06539	9	2	29	0.3
id-06540	5	7	13	0.4
id-06541	1	2	19	0.4
id-06542	4	5	1	0.5
id-06543	9	2	6	0.3
id-06544	8	4	13	0.3
id-06545	2	4	28	0.2
id-06546	6	9	15	0.4
id-06547	5	3	4	0.5
id-06548	5	9	10	0.4
id-06549	1	2	11	0.5
id-06550	5	6	27	0.3
id-06551	7	4	25	0.4
id-06552	1	2	29	0.3
id-06553	10	18	29	0.3
id-06554	10	19	17	0.4
id-06555	2	3	7	0.3
id-06556	8	4	30	0.4
id-06557	4	8	22	0.3
id-06558	10	16	7	0.5
id-06559	4	5	5	0.4
id-06560	10	20	30	0.5
id-06561	1	2	10	0.4
id-06562	3	3	9	0.4
id-06563	7	11	13	0.3
id-06564	2	2	19	0.5
id-06565	10	15	19	0.5
id-06566	6	9	29	0.4
id-06567	9	6	3	0.4
id-06568	3	2	16	0.4
id-06569	9	11	1	0.3
id-06570	7	10	2	0.2
id-06571	10	6	25	0.4
id-06572	9	18	30	0.3
id-06573	4	4	7	0.5
id-06574	6	2	11	0.4
id-06575	2	2	12	0.5
id-06576	8	7	10	0.5
id-06577	2	4	28	0.4
id-06578	7	12	5	0.5
id-06579	2	3	19	0.4
id-06580	8	2	12	0.5
id-06581	9	8	29	0.3
id-06582	9	11	19	0.5
id-06583	3	2	3	0.2
id-06584	6	7	12	0.5
id-06585	4	7	15	0.3
id-06586	5	2	18	0.4
id-06587	10	14	2	0.4
id-06588	8	16	15	0.3
id-06589	7	4	4	0.4
id-06590	9	6	15	0.2
id-06591	4	2	8	0.2
id-06592	4	3	5	0.5
id-06593	4	7	9	0.2
id-06594	3	6	7	0.3
id-06595	6	8	25	0.3
id-06596	9	13	19	0.5
id-06597	10	20	7	0.5
id-06598	5	3	5	0.3
id-06599	8	2	6	0.4
id-06600	3	4	19	0.5
id-06601	4	8	4	0.3
id-06602	5	2	14	0.2
id-06603	3	4	12	0.4
id-06604	10	11	13	0.4
id-06605	2	3	9	0.2
id-06606	4	8	10	0.4
id-06607	1	2	14	0.4
id-06608	6	5	25	0.4
id-06609	6	9	28	0.2
id-06610	10	5	23	0.3
id-06611	6	3	13	0.3
id-06612	3	6	17	0.3
id-06613	4	6	22	0.4
id-06614	6	11	7	0.4
id-06615	2	4	30	0.3
id-06616	2	2	9	0.2
id-06617	8	7	27	0.3
id-06618	5	3	21	0.3
id-06619	5	2	25	0.3
id-06620	6	7	23	0.4
id-06621	6	11	1	0.3
id-06622	4	2	26	0.3
id-06623	6	11	13	0.3
id-06624	1	2	16	0.2
id-06625	3	4	28	0.3
id-06626	3	4	19	0.4
id-06627	6	12	24	0.2
id-06628	10	18	12	0.4
id-06629	7	3	7	0.3
id-06630	5	5	25	0.5
id-06631	6	5	14	0.4
id-06632	5	6	2	0.2
id-06633	4	6	12	0.3
id-06634	4	5	8	0.2
id-06635	2	3	22	0.3
id-06636	7	4	1	0.4
id-06637	4	4	24	0.3
id-06638	9	13	28	0.3
id-06639	3	5	10	0.2
id-06640	2	2	8	0.4
id-06641	4	6	12	0.4
id-06642	9	11	27	0.4
id-06643	5	4	2	0.3
id-06644	9	16	18	0.4
id-06645	5	6	8	0.4
id-06646	2	3	24	0.5
id-06647	3	3	2	0.4
id-06648	10	4	6	0.3
id-06649	3	6	13	0.4
id-06650	1	2	8	0.3
id-06651	9	11	28	0.5
id-06652	8	8	25	0.4
id-06653	3	2	22	0.2
id-06654	6	3	2	0.4
id-06655	3	4	13	0.4
id-06656	9	15	6	0.2
id-06657	7	9	30	0.5
id-06658	8	4	11	0.5
id-06659	9	16	29	0.4
id-06660	9	6	23	0.4
id-06661	7	4	12	0.3
id-06662	9	14	18	0.4
id-06663	3	4	4	0.5
id-06664	3	3	4	0.5
id-06665	7	9	29	0.4
id-06666	10	6	17	0.5
id-06667	10	6	28	0.4
id-06668	10	8	10	0.3
id-06669	8	2	12	0.2
id-06670	4	3	4	0.3
id-06671	8	10	8	0.3
id-06672	2	4	10	0.4
id-06673	2	3	8	0.3
id-06674	9	6	1	0.2
id-06675	4	4	23	0.2
id-06676	3	2	17	0.2
id-06677	9	7	4	0.3
id-06678	10	5	18	0.2
id-06679	5	8	3	0.3
id-06680	2	2	9	0.4
id-06681	2	3	22	0.2
id-06682	9	4	19	0.4
id-06683	1	2	8	0.5
id-06684	6	2	25	0.2
id-06685	2	2	30	0.5
id-06686	4	2	6	0.3
id-06687	7	8	10	0.3
id-06688	10	14	13	0.2
id-06689	10	14	28	0.4
id-06690	6	4	19	0.5
id-06691	3	6	7	0.4
id-06692	6	3	8	0.5
id-06693	10	14	12	0.4
id-06694	1	2	14	0.2
id-06695	10	3	26	0.4
id-06696	9	5	9	0.5
id-06697	5	3	13	0.4
id-06698	2	2	8	0.3
id-06699	3	2	22	0.3
id-06700	3	2	17	0.2
id-06701	8	6	16	0.4
id-06702	9	13	20	0.4
id-06703	3	6	23	0.4
id-06704	8	9	13	0.3
id-06705	10	20	23	0.5
id-06706	4	2	1	0.5
id-06707	1	2	3	0.5
id-06708	10	2	1	0.2
id-06709	3	6	5	0.2
id-06710	4	5	24	0.2
id-06711	2	3	14	0.4
id-06712	7	6	21	0.2
id-06713	2	3	3	0.4
id-06714	5	7	8	0.3
id-06715	2	3	8	0.3
id-06716	2	4	1	0.5
id-06717	4	3	29	0.3
id-06718	1	2	12	0.4
id-06719	3	3	10	0.4
id-06720	5	5	18	0.3
id-06721	1	2	2	0.5
id-06722	6	2	23	0.3
id-06723	1	2	7	0.4
id-06724	3	2	12	0.5
id-06725	6	4	16	0.3
id-06726	7	13	19	0.4
id-06727	2	2	19	0.4
id-06728	9	14	16	0.4
id-06729	6	9	19	0.2
id-06730	5	4	30	0.3
id-06731	8	3	11	0.3
id-06732	9	7	24	0.5
id-06733	5	6	22	0.2
id-06734	5	4	29	0.4
id-06735	5	7	11	0.2
id-06736	5	9	2	0.3
id-06737	5	2	12	0.3
id-06738	4	7	11	0.4
id-06739	9	9	2	0.4
id-06740	6	7	12	0.3
id-06741	9	13	1	0.2
id-06742	5	8	8	0.5
id-06743	5	10	17	0.4
id-06744	5	3	24	0.3
id-06745	1	2	14	0.3
id-06746	9	8	8	0.4
id-06747	6	5	12	0.4
id-06748	9	2	18	0.5
id-06749	6	8	14	0.4
id-06750	8	14	18	0.3
id-06751	10	20	9	0.4
id-06752	8	13	7	0.4
id-06753	10	18	20	0.3
id-06754	8	16	12	0.4
id-06755	2	4	29	0.4
id-06756	2	2	28	0.3
id-06757	10	18	20	0.4
id-06758	7	11	29	0.3
id-06759	3	2	5	0.3
id-06760	6	2	13	0.3
id-06761	5	7	17	0.3
id-06762	6	6	5	0.2
id-06763	2	2	10	0.2
id-06764	4	6	26	0.2
id-06765	4	7	26	0.3
id-06766	1	2	3	0.2
id-06767	6	3	29	0.5
id-06768	5	10	15	0.2
id-06769	1	2	5	0.5
id-06770	1	2	14	0.4
id-06771	6	10	4	0.3
id-06772	6	11	20	0.3
id-06773	4	4	1	0.4
id-06774	9	5	10	0.3
id-06775	9	15	9	0.4
id-06776	1	2	15	0.3
id-06777	1	2	27	0.4
id-06778	1	2	21	0.5
id-06779	7	6	1	0.4
id-06780	2	2	9	0.4
id-06781	9	2	6	0.4
id-06782	9	4	24	0.3
id-06783	7	5	2	0.2
id-06784	5	9	4	0.2
id-06785	1	2	16	0.4
id-06786	10	5	1	0.3
id-06787	8	8	16	0.4
id-06788	8	11	21	0.2
id-06789	7	11	23	0.3
id-06790	5	6	9	0.2
id-06791	4	5	9	0.3
id-06792	7	3	7	0.5
id-06793	6	6	12	0.4
id-06794	5	9	23	0.3
id-06795	10	5	29	0.3
id-06796	2	2	8	0.2
id-06797	5	5	5	0.2
id-06798	1	2	30	0.4
id-06799	10	9	10	0.5
id-06800	5	2	19	0.4
id-06801	8	3	27	0.2
id-06802	3	6	17	0.2
id-06803	2	2	6	0.4
id-06804	8	8	17	0.3
id-06805	8	7	29	0.4
id-06806	9	3	9	0.2
id-06807	9	4	7	0.4
id-06808	10	16	5	0.2
id-06809	1	2	22	0.4
id-06810	5	6	16	0.3
id-06811	6	2	21	0.2
id-06812	6	5	24	0.4
id-06813	5	8	11	0.4
id-06814	1	2	25	0.4
id-06815	2	3	19	0.5
id-06816	7	13	18	0.3
id-06817	2	2	30	0.3
id-06818	6	6	4	0.4
id-06819	2	3	16	0.4
id-06820	1	2	7	0.3
id-06821	7	4	1	0.3
id-06822	2	4	15	0.3
id-06823	10	14	29	0.2
id-06824	6	11	11	0.2
id-06825	8	3	9	0.3
id-06826	5	9	11	0.5
id-06827	2	2	17	0.3
id-06828	6	8	11	0.4
id-06829	7	8	28	0.5
id-06830	3	4	29	0.4
id-06831	5	5	3	0.5
id-06832	6	12	27	0.4
id-06833	5	4	9	0.2
id-06834	4	4	2	0.2
id-06835	9	17	17	0.2
id-06836	5	2	24	0.3
id-06837	9	15	1	0.3
id-06838	3	5	4	0.3
id-06839	6	6	15	0.4
id-06840	9	9	2	0.3
id-06841	8	16	11	0.4
id-06842	10	14	6	0.3
id-06843	9	14	2	0.2
id-06844	1	2	7	0.4
id-06845	2	2	22	0.4
id-06846	6	4	6	0.4
id-06847	8	9	3	0.3
id-06848	7	6	12	0.3
id-06849	9	5	3	0.4
id-06850	5	10	2	0.3
id-06851	7	3	4	0.4
id-06852	6	4	30	0.2
id-06853	1	2	8	0.3
id-06854	2	2	11	0.2
id-06855	1	2	18	0.3
id-06856	5	6	5	0.4
id-06857	8	4	22	0.3
id-06858	3	6	7	0.5
id-06859	5	6	2	0.5
id-06860	4	5	17	0.5
id-06861	4	8	24	0.4
id-06862	6	8	23	0.2
id-06863	6	3	14	0.4
id-06864	8	9	24	0.3
id-06865	1	2	7	0.4
id-06866	4	5	23	0.3
id-06867	3	3	13	0.3
id-06868	9	13	11	0.4
id-06869	4	4	17	0.4
id-06870	1	2	18	0.5
id-06871	2	4	21	0.2
id-06872	6	3	22	0.4
id-06873	10	12	4	0.2
id-06874	5	9	16	0.5
id-06875	9	6	21	0.2
id-06876	1	2	22	0.3
id-06877	10	6	13	0.2
id-06878	7	10	13	0.3
id-06879	3	3	18	0.5
id-06880	2	2	17	0.4
id-06881	7	8	15	0.4
id-06882	5	5	27	0.3
id-06883	3	4	22	0.4
id-06884	10	15	11	0.5
id-06885	1	2	18	0.5
id-06886	10	7	8	0.5
id-06887	8	16	12	0.4
id-06888	7	3	18	0.2
id-06889	3	4	8	0.2
id-06890	7	5	4	0.4
id-06891	4	5	20	0.5
id-06892	1	2	16	0.5
id-06893	8	9	19	0.2
id-06894	4	4	21	0.3
id-06895	9	14	8	0.3
id-06896	7	5	3	0.4
id-06897	1	2	16	0.2
id-06898	5	3	28	0.3
id-06899	6	4	13	0.5
id-06900	9	13	30	0.4
id-06901	4	7	22	0.4
id-06902	4	2	5	0.3
id-06903	4	6	8	0.3
id-06904	2	2	17	0.4
id-06905	2	3	13	0.4
id-06906	10	15	14	0.3
id-06907	1	2	7	0.3
id-06908	2	3	18	0.3
id-06909	7	14	27	0.2
id-06910	7	8	8	0.3
id-06911	1	2	4	0.3
id-06912	7	13	18	0.3
id-06913	5	7	12	0.5
id-06914	3	2	17	0.4
id-06915	7	14	6	0.5
id-06916	7	6	29	0.4
id-06917	3	6	14	0.3
id-06918	3	3	12	0.4
id-06919	5	4	30	0.4
id-06920	2	2	4	0.4
id-06921	5	3	8	0.5
id-06922	7	6	27	0.4
id-06923	1	2	4	0.3
id-06924	3	5	24	0.4
id-06925	2	2	19	0.4
id-06926	9	2	14	0.3
id-06927	5	8	20	0.4
id-06928	7	9	18	0.4
id-06929	3	4	7	0.4
id-06930	6	5	3	0.3
id-06931	10	11	28	0.3
id-06932	8	3	25	0.5
id-06933	1	2	24	0.3
id-06934	6	2	23	0.3
id-06935	9	10	21	0.4
id-06936	1	2	16	0.4
id-06937	8	10	2	0.5
id-06938	8	6	18	0.4
id-06939	7	6	21	0.5
id-06940	10	5	4	0.4
id-06941	4	8	15	0.3
id-06942	5	6	12	0.5
id-06943	1	2	4	0.3
id-06944	3	2	10	0.5
id-06945	4	6	2	0.3
id-06946	3	6	19	0.3
id-06947	5	2	25	0.5
id-06948	5	4	26	0.5
id-06949	1	2	8	0.2
id-06950	1	2	30	0.5
id-06951	3	2	12	0.3
id-06952	5	3	15	0.5
id-06953	7	14	7	0.3
id-06954	2	2	9	0.5
id-06955	8	8	22	0.4
id-06956	2	2	14	0.4
id-06957	1	2	8	0.5
id-06958	10	17	11	0.4
id-06959	1	2	7	0.3
id-06960	1	2	11	0.3
id-06961	10	18	2	0.5
id-06962	10	17	5	0.2
id-06963	8	3	17	0.2
id-06964	9	13	10	0.3
id-06965	6	3	13	0.2
id-06966	3	6	7	0.5
id-06967	5	9	5	0.3
id-06968	3	3	13	0.3
id-06969	6	11	20	0.4
id-06970	2	2	26	0.4
id-06971	3	3	14	0.4
id-06972	3	4	19	0.3
id-06973	7	10	19	0.4
id-06974	8	16	12	0.3
id-06975	7	7	30	0.4
id-06976	10	19	8	0.4
id-06977	3	5	20	0.3
id-06978	6	12	8	0.3
id-06979	4	5	10	0.2
id-06980	2	3	20	0.2
id-06981	3	3	20	0.3
id-06982	3	2	21	0.5
id-06983	5	7	19	0.3
id-06984	3	3	14	0.5
id-06985	1	2	13	0.4
id-06986	10	10	26	0.4
id-06987	5	5	4	0.3
id-06988	4	6	8	0.5
id-06989	1	2	6	0.3
id-06990	4	3	14	0.4
id-06991	7	2	26	0.3
id-06992	6	8	27	0.4
id-06993	2	3	6	0.3
id-06994	10	5	13	0.3
id-06995	1	2	22	0.2
id-06996	7	6	17	0.2
id-06997	2	3	7	0.2
id-06998	6	5	6	0.3
id-06999	4	3	12	0.2
id-07000	10	13	20	0.3
id-07001	9	10	8	0.4
id-07002	8	3	29	0.4
id-07003	4	7	2	0.2
id-07004	1	2	10	0.4
id-07005	9	18	13	0.3
id-07006	9	13	22	0.3
id-07007	8	12	30	0.5
id-07008	8	8	16	0.3
id-07009	8	11	30	0.4
id-07010	6	12	21	0.2
id-07011	5	4	24	0.4
id-07012	7	8	1	0.2
id-07013	1	2	2	0.4
id-07014	3	5	14	0.2
id-07015	5	2	30	0.3
id-07016	10	8	21	0.4
id-07017	1	2	29	0.2
id-07018	4	5	9	0.2
id-07019	8	13	27	0.2
id-07020	9	5	24	0.4
id-07021	5	5	5	0.4
id-07022	7	6	14	0.4
id-07023	7	7	19	0.3
id-07024	4	4	29	0.3
id-07025	10	17	27	0.4
id-07026	2	4	17	0.5
id-07027	7	2	10	0.2
id-07028	3	4	1	0.5
id-07029	9	16	7	0.2
id-07030	9	10	2	0.4
id-07031	4	4	21	0.3
id-07032	3	6	13	0.3
id-07033	5	5	21	0.4
id-07034	6	12	22	0.4
id-07035	4	3	13	0.3
id-07036	1	2	13	0.5
id-07037	2	2	29	0.2
id-07038	3	6	10	0.2
id-07039	8	11	18	0.3
id-07040	4	2	10	0.4
id-07041	2	2	25	0.5
id-07042	2	3	13	0.4
id-07043	2	2	18	0.2
id-07044	7	12	17	0.5
id-07045	7	7	30	0.4
id-07046	2	3	28	0.4
id-07047	7	10	7	0.3
id-07048	9	3	17	0.4
id-07049	7	7	15	0.4
id-07050	6	10	14	0.2
id-07051	8	5	30	0.3
id-07052	2	2	18	0.4
id-07053	1	2	27	0.3
id-07054	2	3	26	0.5
id-07055	2	2	10	0.4
id-07056	4	5	12	0.4
id-07057	4	8	22	0.5
id-07058	4	8	12	0.4
id-07059	9	7	17	0.2
id-07060	6	9	4	0.5
id-07061	6	3	4	0.3
id-07062	1	2	25	0.4
id-07063	9	2	27	0.3
id-07064	1	2	2	0.3
id-07065	3	4	6	0.2
id-07066	9	17	20	0.2
id-07067	8	11	23	0.2
id-07068	9	5	10	0.3
id-07069	3	2	12	0.4
id-07070	9	9	15	0.4
id-07071	8	12	3	0.2
id-07072	4	3	7	0.4
id-07073	3	4	24	0.3
id-07074	8	10	25	0.4
id-07075	9	3	22	0.3
id-07076	5	3	19	0.4
id-07077	7	14	16	0.3
id-07078	6	9	19	0.3
id-07079	2	3	24	0.4
id-07080	1	2	18	0.3
id-07081	2	2	19	0.4
id-07082	3	5	13	0.4
id-07083	4	2	29	0.3
id-07084	8	12	9	0.3
id-07085	8	10	22	0.2
id-07086	8	5	30	0.3
id-07087	10	19	29	0.2
id-07088	10	14	19	0.5
id-07089	5	9	4	0.4
id-07090	1	2	29	0.5
id-07091	6	7	23	0.5
id-07092	10	2	21	0.4
id-07093	5	8	9	0.3
id-07094	6	9	19	0.3
id-07095	4	7	21	0.3
id-07096	9	11	14	0.2
id-07097	4	6	14	0.3
id-07098	10	11	23	0.3
id-07099	1	2	30	0.2
id-07100	7	11	20	0.4
id-07101	4	5	13	0.2
id-07102	5	3	13	0.5
id-07103	10	5	14	0.3
id-07104	5	4	13	0.5
id-07105	9	14	6	0.2
id-07106	4	3	5	0.4
id-07107	4	2	10	0.4
id-07108	9	4	12	0.2
id-07109	8	3	28	0.3
id-07110	10	2	1	0.3
id-07111	6	10	22	0.3
id-07112	6	5	2	0.3
id-07113	9	7	23	0.4
id-07114	2	4	25	0.5
id-07115	7	8	30	0.4
id-07116	6	12	2	0.2
id-07117	7	11	28	0.4
id-07118	6	4	30	0.5
id-07119	8	4	24	0.3
id-07120	2	3	12	0.3
id-07121	5	6	10	0.3
id-07122	5	7	17	0.5
id-07123	9	14	22	0.2
id-07124	7	11	9	0.3
id-07125	10	7	26	0.4
id-07126	7	7	1	0.3
id-07127	5	7	29	0.4
id-07128	10	18	6	0.3
id-07129	9	4	2	0.4
id-07130	9	13	15	0.2
id-07131	5	4	19	0.2
id-07132	5	8	11	0.3
id-07133	5	7	29	0.4
id-07134	4	5	7	0.3
id-07135	6	7	3	0.2
id-07136	4	4	7	0.5
id-07137	2	3	23	0.2
id-07138	10	10	22	0.3
id-07139	5	10	13	0.5
id-07140	3	6	18	0.4
id-07141	6	12	26	0.2
id-07142	1	2	21	0.3
id-07143	6	12	24	0.5
id-07144	5	7	1	0.3
id-07145	4	6	7	0.5
id-07146	8	8	24	0.2
id-07147	4	2	15	0.5
id-07148	8	5	5	0.5
id-07149	7	11	13	0.3
id-07150	10	17	24	0.4
id-07151	5	6	14	0.3
id-07152	1	2	11	0.4
id-07153	1	2	17	0.3
id-07154	10	13	14	0.5
id-07155	5	2	11	0.2
id-07156	3	5	26	0.2
id-07157	9	5	19	0.4
id-07158	7	8	20	0.2
id-07159	10	5	22	0.4
id-07160	6	7	4	0.4
id-07161	3	3	25	0.2
id-07162	2	4	18	0.2
id-07163	5	8	6	0.2
id-07164	9	12	5	0.3
id-07165	4	4	23	0.4
id-07166	2	3	28	0.3
id-07167	5	10	18	0.2
id-07168	10	2	17	0.4
id-07169	1	2	20	0.4
id-07170	2	3	4	0.5
id-07171	1	2	1	0.3
id-07172	1	2	10	0.3
id-07173	9	9	2	0.5
id-07174	10	12	29	0.3
id-07175	4	4	12	0.4
id-07176	7	3	23	0.4
id-07177	9	16	12	0.3
id-07178	2	2	8	0.3
id-07179	8	3	10	0.4
id-07180	5	7	3	0.4
id-07181	2	2	18	0.3
id-07182	3	2	16	0.3
id-07183	4	2	25	0.2
id-07184	6	9	6	0.4
id-07185	6	9	12	0.5
id-07186	10	12	19	0.2
id-07187	6	4	26	0.5
id-07188	3	2	1	0.3
id-07189	10	14	21	0.3
id-07190	9	10	5	0.3
id-07191	3	6	1	0.4
id-07192	4	7	30	0.4
id-07193	9	16	6	0.3
id-07194	8	6	20	0.2
id-07195	2	3	21	0.4
id-07196	8	13	1	0.3
id-07197	4	4	24	0.3
id-07198	3	5	8	0.2
id-07199	3	5	2	0.5
id-07200	2	3	6	0.3
id-07201	4	6	9	0.3
id-07202	6	4	6	0.3
id-07203	6	4	25	0.3
id-07204	4	3	29	0.4
id-07205	6	8	22	0.4
id-07206	1	2	25	0.3
id-07207	10	12	9	0.3
id-07208	4	7	19	0.3
id-07209	4	8	22	0.5
id-07210	9	15	25	0.4
id-07211	5	9	3	0.4
id-07212	9	2	14	0.2
id-07213	3	6	16	0.3
id-07214	1	2	5	0.3
id-07215	8	12	10	0.3
id-07216	8	9	29	0.5
id-07217	8	16	26	0.3
id-07218	1	2	3	0.3
id-07219	7	6	4	0.3
id-07220	6	8	4	0.2
id-07221	9	15	16	0.2
id-07222	6	2	21	0.4
id-07223	6	6	27	0.5
id-07224	7	12	1	0.2
id-07225	7	12	9	0.2
id-07226	10	11	6	0.4
id-07227	7	8	28	0.4
id-07228	9	2	7	0.3
id-07229	2	3	22	0.4
id-07230	2	2	10	0.3
id-07231	1	2	20	0.2
id-07232	2	4	1	0.3
id-07233	7	5	29	0.3
id-07234	5	8	3	0.4
id-07235	1	2	29	0.4
id-07236	2	2	7	0.5
id-07237	5	4	8	0.3
id-07238	3	4	10	0.3
id-07239	6	6	10	0.3
id-07240	5	7	27	0.2
id-07241	3	2	30	0.4
id-07242	8	14	22	0.3
id-07243	9	2	6	0.5
id-07244	4	7	6	0.3
id-07245	7	11	7	0.4
id-07246	2	2	2	0.3
id-07247	4	3	13	0.3
id-07248	3	3	25	0.4
id-07249	4	5	20	0.3
id-07250	1	2	15	0.3
id-07251	2	4	19	0.4
id-07252	3	4	5	0.4
id-07253	9	9	22	0.3
id-07254	4	5	6	0.3
id-07255	3	4	29	0.4
id-07256	3	5	12	0.3
id-07257	4	8	18	0.3
id-07258	2	3	25	0.4
id-07259	1	2	3	0.4
id-07260	5	6	22	0.3
id-07261	2	4	10	0.3
id-07262	2	2	7	0.3
id-07263	1	2	27	0.5
id-07264	5	6	17	0.3
id-07265	6	4	28	0.3
id-07266	3	6	26	0.5
id-07267	10	18	20	0.2
id-07268	4	3	1	0.3
id-07269	1	2	10	0.2
id-07270	7	8	4	0.4
id-07271	8	8	11	0.4
id-07272	10	17	1	0.5
id-07273	3	5	18	0.5
id-07274	10	7	16	0.5
id-07275	1	2	14	0.3
id-07276	6	7	25	0.3
id-07277	1	2	13	0.5
id-07278	8	13	18	0.2
id-07279	8	15	11	0.4
id-07280	9	8	3	0.4
id-07281	5	10	25	0.4
id-07282	5	2	6	0.4
id-07283	5	5	12	0.3
id-07284	2	2	14	0.3
id-07285	4	8	20	0.4
id-07286	2	4	11	0.3
id-07287	2	4	25	0.4
id-07288	5	3	16	0.4
id-07289	9	3	30	0.4
id-07290	6	4	22	0.4
id-07291	2	4	23	0.3
id-07292	8	11	1	0.4
id-07293	4	4	6	0.2
id-07294	10	14	27	0.4
id-07295	10	2	18	0.3
id-07296	8	10	26	0.4
id-07297	10	13	21	0.3
id-07298	7	5	27	0.4
id-07299	6	4	28	0.4
id-07300	2	3	19	0.5
id-07301	3	4	22	0.4
id-07302	7	6	16	0.3
id-07303	7	2	30	0.3
id-07304	5	8	5	0.4
id-07305	6	7	17	0.4
id-07306	7	10	17	0.3
id-07307	7	3	11	0.3
id-07308	4	6	7	0.2
id-07309	10	14	21	0.5
id-07310	2	3	30	0.4
id-07311	4	5	8	0.4
id-07312	2	2	22	0.4
id-07313	9	9	16	0.4
id-07314	10	2	24	0.3
id-07315	2	3	29	0.4
id-07316	6	12	18	0.3
id-07317	8	14	9	0.3
id-07318	8	9	17	0.4
id-07319	2	4	24	0.3
id-07320	2	2	16	0.4
id-07321	6	10	2	0.4
id-07322	9	7	30	0.3
id-07323	8	11	23	0.4
id-07324	6	9	27	0.4
id-07325	5	3	24	0.4
id-07326	3	3	13	0.3
id-07327	2	3	6	0.4
id-07328	10	9	30	0.3
id-07329	4	5	16	0.3
id-07330	8	12	3	0.5
id-07331	3	6	22	0.3
id-07332	3	2	8	0.5
id-07333	10	7	3	0.5
id-07334	5	4	26	0.2
id-07335	8	7	15	0.3
id-07336	3	4	17	0.5
id-07337	4	2	27	0.3
id-07338	4	3	6	0.3
id-07339	2	4	6	0.4
id-07340	9	5	14	0.4
id-07341	6	8	18	0.5
id-07342	4	2	16	0.5
id-07343	1	2	13	0.3
id-07344	7	12	29	0.3
id-07345	7	9	30	0.5
id-07346	6	5	3	0.5
id-07347	9	18	26	0.4
id-07348	8	4	9	0.4
id-07349	3	6	29	0.4
id-07350	10	15	29	0.2
id-07351	7	11	25	0.4
id-07352	8	16	10	0.4
id-07353	2	2	2	0.4
id-07354	10	19	25	0.3
id-07355	1	2	18	0.5
id-07356	7	6	7	0.3
id-07357	3	5	23	0.2
id-07358	4	4	19	0.4
id-07359	1	2	4	0.3
id-07360	3	3	9	0.3
id-07361	5	2	7	0.3
id-07362	2	2	28	0.4
id-07363	7	9	4	0.4
id-07364	4	3	21	0.4
id-07365	8	12	28	0.2
id-07366	8	3	27	0.5
id-07367	6	9	27	0.3
id-07368	10	3	25	0.5
id-07369	4	5	22	0.3
id-07370	2	2	14	0.3
id-07371	8	11	23	0.2
id-07372	4	4	27	0.5
id-07373	6	10	25	0.4
id-07374	5	2	10	0.3
id-07375	2	4	11	0.4
id-07376	5	9	10	0.5
id-07377	4	7	17	0.4
id-07378	5	7	6	0.5
id-07379	7	13	9	0.2
id-07380	6	5	10	0.3
id-07381	10	19	29	0.3
id-07382	2	4	5	0.2
id-07383	4	3	3	0.4
id-07384	8	4	14	0.2
id-07385	2	4	2	0.3
id-07386	2	4	29	0.3
id-07387	1	2	3	0.2
id-07388	6	7	29	0.4
id-07389	5	2	9	0.3
id-07390	1	2	7	0.4
id-07391	1	2	8	0.3
id-07392	1	2	4	0.3
id-07393	6	3	10	0.3
id-07394	10	12	21	0.5
id-07395	6	12	6	0.2
id-07396	2	2	1	0.3
id-07397	9	14	21	0.3
id-07398	4	3	14	0.3
id-07399	7	8	12	0.3
id-07400	9	7	20	0.3
id-07401	6	10	29	0.4
id-07402	1	2	5	0.2
id-07403	2	3	9	0.3
id-07404	7	10	5	0.4
id-07405	3	2	18	0.3
id-07406	1	2	7	0.4
id-07407	4	2	27	0.5
id-07408	2	4	20	0.4
id-07409	4	6	9	0.5
id-07410	2	2	9	0.4
id-07411	6	10	4	0.5
id-07412	5	3	12	0.3
id-07413	2	2	14	0.4
id-07414	8	9	15	0.5
id-07415	4	5	22	0.4
id-07416	9	10	26	0.3
id-07417	6	3	18	0.2
id-07418	3	4	22	0.3
id-07419	1	2	5	0.3
id-07420	5	10	3	0.5
id-07421	1	2	26	0.4
id-07422	2	2	9	0.3
id-07423	5	9	6	0.3
id-07424	9	16	2	0.2
id-07425	4	7	16	0.4
id-07426	1	2	17	0.4
id-07427	3	2	13	0.5
id-07428	8	11	17	0.2
id-07429	9	13	5	0.3
id-07430	2	2	20	0.4
id-07431	6	6	8	0.3
id-07432	3	2	18	0.5
id-07433	1	2	11	0.2
id-07434	10	8	23	0.3
id-07435	8	14	12	0.5
id-07436	6	11	10	0.3
id-07437	4	8	5	0.5
id-07438	8	15	9	0.4
id-07439	8	13	7	0.2
id-07440	6	9	14	0.4
id-07441	9	5	8	0.3
id-07442	8	7	22	0.4
id-07443	6	12	14	0.4
id-07444	10	18	17	0.3
id-07445	6	4	13	0.5
id-07446	3	2	21	0.4
id-07447	10	16	23	0.3
id-07448	10	6	3	0.3
id-07449	9	12	5	0.2
id-07450	5	9	3	0.5
id-07451	8	12	24	0.2
id-07452	9	4	13	0.3
id-07453	3	4	1	0.2
id-07454	7	10	12	0.5
id-07455	7	6	26	0.4
id-07456	7	14	29	0.3
id-07457	6	9	25	0.3
id-07458	8	8	2	0.3
id-07459	3	3	30	0.5
id-07460	6	11	20	0.4
id-07461	3	6	3	0.4
id-07462	10	20	2	0.4
id-07463	7	4	19	0.4
id-07464	8	15	19	0.2
id-07465	6	5	12	0.3
id-07466	4	2	29	0.3
id-07467	1	2	19	0.3
id-07468	9	5	25	0.3
id-07469	1	2	20	0.4
id-07470	5	7	28	0.3
id-07471	7	4	28	0.4
id-07472	2	3	24	0.4
id-07473	7	12	11	0.3
id-07474	1	2	1	0.3
id-07475	8	11	11	0.4
id-07476	9	7	23	0.3
id-07477	6	8	8	0.3
id-07478	7	11	15	0.3
id-07479	10	9	1	0.3
id-07480	4	5	26	0.4
id-07481	10	15	7	0.2
id-07482	1	2	24	0.2
id-07483	3	6	19	0.2
id-07484	8	3	16	0.3
id-07485	4	7	3	0.3
id-07486	1	2	1	0.3
id-07487	5	9	6	0.5
id-07488	2	3	22	0.2
id-07489	5	9	17	0.3
id-07490	8	5	15	0.5
id-07491	9	16	20	0.2
id-07492	1	2	7	0.3
id-07493	8	14	7	0.4
id-07494	2	3	25	0.3
id-07495	9	11	17	0.2
id-07496	4	5	12	0.3
id-07497	10	2	2	0.4
id-07498	3	3	19	0.4
id-07499	8	14	2	0.3
id-07500	9	3	28	0.5
id-07501	2	3	23	0.5
id-07502	8	9	15	0.2
id-07503	1	2	4	0.4
id-07504	10	14	22	0.3
id-07505	6	4	14	0.3
id-07506	1	2	3	0.3
id-07507	1	2	29	0.3
id-07508	9	10	15	0.2
id-07509	1	2	1	0.2
id-07510	2	3	20	0.3
id-07511	8	14	14	0.4
id-07512	8	8	20	0.3
id-07513	10	19	6	0.5
id-07514	6	9	18	0.3
id-07515	2	3	27	0.5
id-07516	4	7	23	0.3
id-07517	5	8	1	0.5
id-07518	1	2	26	0.4
id-07519	8	10	17	0.4
id-07520	7	8	25	0.3
id-07521	3	6	20	0.3
id-07522	3	5	2	0.5
id-07523	7	5	23	0.3
id-07524	6	11	6	0.3
id-07525	6	7	14	0.5
id-07526	4	4	2	0.4
id-07527	10	5	26	0.3
id-07528	7	6	5	0.4
id-07529	1	2	10	0.4
id-07530	1	2	17	0.4
id-07531	2	2	14	0.4
id-07532	10	13	6	0.2
id-07533	3	3	22	0.5
id-07534	4	4	11	0.3
id-07535	4	5	28	0.5
id-07536	2	2	15	0.3
id-07537	10	5	26	0.4
id-07538	6	10	12	0.2
id-07539	2	4	16	0.3
id-07540	9	13	5	0.2
id-07541	8	15	7	0.3
id-07542	1	2	28	0.3
id-07543	6	4	15	0.2
id-07544	8	13	27	0.5
id-07545	9	11	16	0.3
id-07546	9	4	2	0.4
id-07547	6	7	28	0.5
id-07548	6	9	9	0.4
id-07549	7	5	26	0.3
id-07550	10	5	8	0.4
id-07551	1	2	5	0.3
id-07552	5	10	10	0.2
id-07553	6	3	1	0.4
id-07554	6	12	29	0.4
id-07555	10	20	5	0.4
id-07556	6	8	6	0.3
id-07557	10	9	22	0.4
id-07558	4	2	24	0.5
id-07559	10	6	28	0.2
id-07560	3	4	22	0.5
id-07561	9	17	10	0.4
id-07562	9	16	18	0.4
id-07563	6	6	5	0.2
id-07564	7	14	26	0.3
id-07565	6	3	20	0.3
id-07566	4	3	5	0.2
id-07567	5	6	15	0.4
id-07568	1	2	16	0.4
id-07569	5	7	26	0.4
id-07570	5	7	27	0.5
id-07571	7	14	12	0.4
id-07572	5	3	8	0.4
id-07573	7	2	18	0.5
id-07574	7	2	28	0.4
id-07575	2	3	17	0.5
id-07576	4	4	12	0.3
id-07577	1	2	4	0.4
id-07578	4	2	8	0.4
id-07579	3	4	26	0.2
id-07580	7	6	14	0.4
id-07581	1	2	11	0.4
id-07582	6	9	2	0.4
id-07583	1	2	28	0.3
id-07584	10	13	17	0.4
id-07585	1	2	6	0.2
id-07586	8	16	29	0.3
id-07587	7	13	13	0.2
id-07588	6	10	17	0.3
id-07589	4	6	14	0.3
id-07590	6	7	15	0.3
id-07591	2	2	17	0.3
id-07592	6	3	13	0.4
id-07593	4	7	20	0.4
id-07594	7	2	13	0.3
id-07595	7	11	11	0.4
id-07596	4	5	28	0.4
id-07597	5	9	17	0.4
id-07598	5	10	13	0.3
id-07599	3	2	19	0.4
id-07600	4	4	15	0.4
id-07601	3	4	1	0.3
id-07602	3	3	2	0.5
id-07603	6	11	4	0.3
id-07604	8	8	21	0.5
id-07605	8	5	1	0.4
id-07606	10	15	20	0.4
id-07607	3	4	10	0.3
id-07608	9	17	23	0.2
id-07609	10	4	9	0.4
id-07610	2	3	14	0.4
id-07611	1	2	12	0.5
id-07612	4	2	17	0.3
id-07613	2	3	27	0.2
id-07614	2	2	28	0.5
id-07615	7	10	9	0.3
id-07616	9	13	15	0.3
id-07617	6	11	16	0.4
id-07618	1	2	1	0.5
id-07619	2	4	9	0.2
id-07620	9	8	19	0.3
id-07621	8	8	27	0.3
id-07622	4	2	9	0.2
id-07623	8	13	6	0.4
id-07624	2	4	25	0.3
id-07625	1	2	15	0.5
id-07626	3	6	6	0.2
id-07627	3	4	27	0.3
id-07628	1	2	26	0.3
id-07629	8	16	16	0.2
id-07630	6	11	23	0.3
id-07631	4	2	15	0.3
id-07632	1	2	8	0.4
id-07633	9	10	28	0.4
id-07634	7	10	11	0.4
id-07635	8	14	16	0.4
id-07636	5	3	8	0.3
id-07637	1	2	17	0.3
id-07638	4	5	7	0.3
id-07639	2	3	25	0.3
id-07640	1	2	25	0.2
id-07641	8	11	28	0.5
id-07642	2	3	16	0.4
id-07643	1	2	22	0.2
id-07644	8	7	10	0.2
id-07645	5	8	22	0.2
id-07646	7	2	5	0.2
id-07647	10	8	27	0.3
id-07648	10	5	8	0.5
id-07649	2	2	1	0.2
id-07650	6	9	28	0.3
id-07651	7	11	28	0.4
id-07652	4	2	14	0.3
id-07653	6	2	24	0.4
id-07654	4	5	24	0.3
id-07655	10	20	7	0.2
id-07656	9	18	14	0.2
id-07657	5	6	17	0.5
id-07658	2	4	24	0.4
id-07659	5	10	21	0.5
id-07660	9	13	4	0.2
id-07661	2	3	21	0.4
id-07662	10	17	12	0.4
id-07663	2	2	20	0.2
id-07664	4	4	6	0.3
id-07665	10	17	6	0.3
id-07666	9	13	11	0.2
id-07667	4	6	30	0.3
id-07668	1	2	8	0.5
id-07669	4	2	27	0.2
id-07670	2	2	28	0.4
id-07671	4	6	10	0.5
id-07672	10	11	19	0.3
id-07673	4	3	13	0.3
id-07674	2	4	23	0.4
id-07675	4	4	22	0.2
id-07676	5	4	25	0.3
id-07677	2	3	2	0.4
id-07678	2	2	8	0.5
id-07679	5	2	23	0.4
id-07680	1	2	16	0.3
id-07681	8	11	23	0.4
id-07682	9	7	2	0.3
id-07683	10	4	25	0.4
id-07684	2	2	12	0.4
id-07685	10	17	1	0.4
id-07686	6	10	22	0.4
id-07687	7	10	9	0.5
id-07688	1	2	10	0.4
id-07689	5	3	21	0.5
id-07690	5	7	22	0.2
id-07691	9	3	24	0.3
id-07692	10	6	20	0.2
id-07693	1	2	7	0.5
id-07694	5	2	12	0.4
id-07695	3	6	7	0.4
id-07696	5	7	4	0.2
id-07697	9	16	1	0.2
id-07698	4	3	23	0.5
id-07699	10	19	7	0.5
id-07700	6	10	23	0.4
id-07701	8	9	21	0.5
id-07702	5	4	15	0.5
id-07703	5	8	7	0.4
id-07704	4	3	2	0.4
id-07705	1	2	28	0.3
id-07706	1	2	8	0.4
id-07707	4	7	18	0.5
id-07708	4	5	22	0.4
id-07709	4	4	21	0.3
id-07710	10	13	21	0.5
id-07711	10	2	8	0.4
id-07712	6	7	23	0.5
id-07713	9	11	22	0.3
id-07714	7	5	27	0.4
id-07715	9	18	4	0.5
id-07716	5	2	28	0.5
id-07717	7	7	26	0.5
id-07718	2	4	4	0.4
id-07719	1	2	19	0.4
id-07720	3	5	23	0.3
id-07721	8	13	11	0.5
id-07722	10	11	16	0.3
id-07723	2	4	25	0.4
id-07724	1	2	9	0.4
id-07725	3	5	7	0.5
id-07726	1	2	22	0.5
id-07727	7	3	25	0.2
id-07728	9	9	10	0.3
id-07729	10	2	5	0.2
id-07730	3	4	14	0.4
id-07731	1	2	18	0.5
id-07732	5	3	29	0.5
id-07733	8	5	10	0.3
id-07734	5	7	25	0.3
id-07735	5	5	1	0.5
id-07736	6	10	23	0.4
id-07737	10	17	6	0.5
id-07738	10	13	16	0.2
id-07739	6	3	21	0.4
id-07740	8	12	1	0.5
id-07741	5	3	19	0.3
id-07742	1	2	10	0.2
id-07743	5	3	7	0.2
id-07744	4	8	18	0.3
id-07745	10	8	2	0.4
id-07746	3	6	30	0.3
id-07747	7	10	20	0.4
id-07748	1	2	9	0.2
id-07749	1	2	3	0.4
id-07750	1	2	4	0.2
id-07751	7	4	22	0.5
id-07752	2	3	24	0.2
id-07753	6	2	9	0.3
id-07754	7	10	28	0.4
id-07755	6	4	18	0.3
id-07756	4	3	20	0.3
id-07757	3	2	29	0.4
id-07758	7	7	29	0.3
id-07759	7	11	17	0.4
id-07760	10	4	8	0.5
id-07761	10	8	7	0.4
id-07762	8	9	10	0.2
id-07763	3	2	16	0.4
id-07764	4	2	29	0.4
id-07765	1	2	2	0.2
id-07766	2	4	28	0.5
id-07767	6	10	19	0.5
id-07768	1	2	15	0.5
id-07769	9	9	17	0.4
id-07770	9	18	17	0.5
id-07771	10	4	25	0.3
id-07772	5	6	7	0.2
id-07773	1	2	19	0.3
id-07774	2	4	3	0.2
id-07775	10	12	24	0.4
id-07776	8	10	29	0.5
id-07777	5	7	10	0.4
id-07778	6	4	8	0.2
id-07779	8	7	6	0.5
id-07780	8	15	16	0.2
id-07781	5	4	28	0.5
id-07782	3	2	10	0.4
id-07783	2	4	13	0.4
id-07784	7	7	22	0.2
id-07785	2	2	5	0.2
id-07786	1	2	5	0.3
id-07787	7	14	14	0.3
id-07788	5	7	29	0.4
id-07789	9	17	21	0.3
id-07790	4	5	30	0.3
id-07791	3	3	1	0.3
id-07792	1	2	13	0.4
id-07793	3	4	17	0.2
id-07794	5	9	11	0.3
id-07795	8	9	29	0.4
id-07796	8	4	16	0.5
id-07797	6	6	15	0.5
id-07798	6	3	21	0.3
id-07799	9	12	23	0.3
id-07800	2	2	9	0.4
id-07801	4	2	27	0.2
id-07802	4	7	20	0.3
id-07803	7	2	2	0.3
id-07804	4	4	3	0.4
id-07805	3	6	24	0.4
id-07806	5	7	16	0.5
id-07807	6	12	9	0.4
id-07808	6	9	8	0.4
id-07809	9	15	3	0.5
id-07810	7	12	5	0.4
id-07811	4	6	11	0.5
id-07812	7	7	20	0.4
id-07813	9	7	6	0.4
id-07814	8	7	6	0.4
id-07815	3	2	7	0.2
id-07816	8	4	22	0.3
id-07817	8	9	27	0.4
id-07818	5	4	22	0.2
id-07819	1	2	8	0.3
id-07820	5	7	11	0.3
id-07821	2	4	3	0.2
id-07822	7	14	9	0.3
id-07823	10	13	4	0.4
id-07824	6	8	23	0.2
id-07825	7	11	24	0.4
id-07826	5	8	17	0.5
id-07827	2	4	25	0.4
id-07828	1	2	6	0.5
id-07829	5	10	6	0.3
id-07830	7	8	7	0.4
id-07831	2	3	27	0.5
id-07832	3	6	11	0.3
id-07833	5	4	10	0.4
id-07834	6	2	4	0.5
id-07835	5	3	6	0.3
id-07836	4	2	5	0.4
id-07837	10	17	6	0.3
id-07838	1	2	11	0.3
id-07839	1	2	11	0.3
id-07840	4	7	4	0.3
id-07841	10	14	6	0.4
id-07842	1	2	14	0.4
id-07843	8	9	23	0.5
id-07844	4	3	15	0.2
id-07845	10	10	29	0.3
id-07846	8	13	24	0.3
id-07847	3	3	17	0.3
id-07848	3	4	1	0.4
id-07849	10	2	2	0.4
id-07850	7	13	6	0.5
id-07851	2	3	4	0.3
id-07852	6	4	25	0.3
id-07853	9	16	13	0.3
id-07854	4	5	7	0.5
id-07855	2	3	26	0.4
id-07856	10	5	17	0.3
id-07857	7	9	23	0.2
id-07858	9	18	10	0.4
id-07859	9	9	24	0.5
id-07860	10	6	12	0.5
id-07861	2	2	18	0.2
id-07862	1	2	17	0.2
id-07863	10	12	4	0.4
id-07864	7	11	22	0.4
id-07865	4	3	24	0.3
id-07866	9	13	1	0.3
id-07867	5	3	18	0.3
id-07868	7	2	18	0.3
id-07869	3	5	15	0.5
id-07870	10	9	17	0.5
id-07871	8	14	17	0.2
id-07872	7	6	28	0.2
id-07873	8	7	10	0.4
id-07874	2	3	23	0.3
id-07875	6	6	29	0.5
id-07876	6	6	21	0.3
id-07877	10	6	25	0.5
id-07878	4	2	4	0.4
id-07879	10	4	23	0.4
id-07880	3	4	3	0.2
id-07881	9	7	17	0.4
id-07882	7	10	19	0.3
id-07883	9	14	25	0.5
id-07884	6	4	25	0.4
id-07885	9	12	25	0.4
id-07886	8	10	21	0.4
id-07887	8	3	7	0.2
id-07888	4	3	15	0.4
id-07889	10	2	13	0.2
id-07890	3	4	20	0.4
id-07891	4	6	25	0.4
id-07892	3	3	24	0.5
id-07893	6	9	2	0.5
id-07894	2	3	19	0.2
id-07895	7	8	16	0.4
id-07896	8	4	4	0.2
id-07897	5	10	10	0.2
id-07898	4	5	29	0.3
id-07899	10	16	15	0.3
id-07900	3	6	29	0.2
id-07901	9	10	18	0.3
id-07902	4	4	30	0.2
id-07903	9	3	30	0.5
id-07904	4	3	25	0.3
id-07905	8	2	27	0.5
id-07906	5	2	12	0.4
id-07907	2	3	12	0.4
id-07908	5	9	21	0.5
id-07909	1	2	9	0.3
id-07910	1	2	9	0.2
id-07911	8	8	22	0.5
id-07912	10	20	15	0.4
id-07913	4	7	29	0.3
id-07914	6	5	18	0.5
id-07915	8	10	17	0.3
id-07916	6	10	30	0.5
id-07917	2	2	9	0.4
id-07918	3	5	27	0.5
id-07919	4	7	13	0.4
id-07920	4	4	20	0.4
id-07921	2	4	30	0.4
id-07922	5	8	18	0.2
id-07923	5	2	29	0.3
id-07924	5	8	25	0.3
id-07925	6	7	19	0.3
id-07926	7	3	2	0.2
id-07927	6	9	29	0.3
id-07928	3	5	7	0.3
id-07929	10	11	14	0.5
id-07930	3	2	10	0.3
id-07931	2	4	27	0.3
id-07932	8	13	18	0.2
id-07933	1	2	24	0.3
id-07934	10	9	10	0.4
id-07935	2	4	24	0.5
id-07936	5	7	18	0.5
id-07937	3	3	1	0.3
id-07938	4	6	4	0.3
id-07939	4	8	21	0.3
id-07940	10	8	28	0.4
id-07941	7	4	21	0.4
id-07942	10	13	29	0.3
id-07943	5	4	10	0.4
id-07944	6	9	11	0.4
id-07945	9	7	15	0.4
id-07946	10	9	18	0.3
id-07947	4	7	25	0.3
id-07948	8	3	20	0.2
id-07949	4	6	19	0.3
id-07950	9	17	6	0.3
id-07951	2	3	8	0.3
id-07952	9	12	3	0.3
id-07953	7	6	16	0.3
id-07954	7	13	19	0.3
id-07955	10	19	26	0.3
id-07956	9	11	21	0.4
id-07957	9	4	6	0.3
id-07958	8	16	7	0.3
id-07959	8	14	3	0.5
id-07960	2	3	15	0.5
id-07961	2	4	10	0.4
id-07962	7	13	9	0.4
id-07963	8	4	13	0.3
id-07964	5	4	27	0.2
id-07965	9	2	10	0.2
id-07966	4	2	27	0.4
id-07967	7	14	23	0.2
id-07968	9	16	20	0.4
id-07969	9	3	18	0.4
id-07970	3	2	8	0.2
id-07971	5	7	5	0.4
id-07972	7	7	27	0.3
id-07973	1	2	14	0.3
id-07974	7	14	29	0.5
id-07975	2	4	6	0.5
id-07976	6	10	13	0.2
id-07977	8	3	4	0.2
id-07978	4	7	16	0.2
id-07979	8	10	13	0.3
id-07980	10	10	29	0.4
id-07981	4	7	13	0.4
id-07982	5	7	18	0.4
id-07983	8	5	19	0.3
id-07984	4	5	30	0.5
id-07985	9	18	10	0.4
id-07986	4	2	21	0.3
id-07987	5	10	2	0.4
id-07988	3	3	2	0.4
id-07989	6	2	10	0.3
id-07990	6	6	2	0.2
id-07991	9	13	29	0.3
id-07992	4	4	10	0.3
id-07993	3	5	4	0.2
id-07994	1	2	27	0.4
id-07995	3	3	4	0.4
id-07996	8	11	2	0.4
id-07997	6	12	2	0.3
id-07998	5	10	13	0.3
id-07999	4	7	24	0.2
id-08000	9	12	14	0.3
id-08001	8	11	17	0.5
id-08002	9	5	17	0.3
id-08003	10	20	27	0.5
id-08004	1	2	20	0.3
id-08005	2	4	17	0.4
id-08006	9	10	29	0.4
id-08007	4	3	19	0.4
id-08008	6	12	7	0.5
id-08009	7	4	26	0.3
id-08010	6	6	21	0.3
id-08011	7	5	8	0.2
id-08012	6	5	5	0.4
id-08013	1	2	10	0.4
id-08014	2	4	3	0.4
id-08015	9	14	20	0.4
id-08016	8	6	1	0.5
id-08017	1	2	6	0.4
id-08018	5	2	8	0.4
id-08019	3	2	1	0.3
id-08020	9	6	14	0.3
id-08021	10	17	6	0.2
id-08022	3	6	5	0.4
id-08023	8	16	18	0.4
id-08024	4	7	27	0.4
id-08025	1	2	5	0.3
id-08026	3	3	2	0.5
id-08027	4	3	30	0.4
id-08028	3	4	27	0.3
id-08029	3	6	13	0.4
id-08030	3	3	21	0.3
id-08031	1	2	14	0.3
id-08032	1	2	19	0.2
id-08033	4	7	22	0.4
id-08034	9	14	3	0.4
id-08035	10	12	11	0.3
id-08036	9	12	2	0.3
id-08037	9	4	9	0.5
id-08038	8	14	16	0.5
id-08039	9	9	13	0.2
id-08040	4	3	2	0.4
id-08041	3	6	2	0.3
id-08042	9	10	3	0.4
id-08043	9	6	21	0.2
id-08044	2	2	11	0.3
id-08045	2	4	13	0.4
id-08046	4	4	1	0.2
id-08047	8	16	16	0.3
id-08048	4	8	17	0.2
id-08049	3	5	13	0.5
id-08050	2	3	24	0.2
id-08051	6	4	7	0.2
id-08052	4	8	3	0.4
id-08053	10	7	14	0.4
id-08054	2	4	12	0.4
id-08055	1	2	11	0.5
id-08056	4	2	6	0.4
id-08057	6	8	22	0.2
id-08058	2	4	20	0.3
id-08059	6	12	25	0.3
id-08060	1	2	27	0.3
id-08061	10	7	18	0.4
id-08062	4	7	14	0.4
id-08063	1	2	21	0.5
id-08064	6	4	21	0.2
id-08065	8	7	7	0.3
id-08066	5	2	14	0.4
id-08067	8	4	4	0.3
id-08068	4	4	25	0.4
id-08069	6	11	2	0.4
id-08070	3	4	11	0.3
id-08071	4	2	5	0.2
id-08072	5	7	8	0.3
id-08073	8	11	10	0.3
id-08074	4	6	7	0.5
id-08075	3	4	5	0.5
id-08076	6	7	5	0.4
id-08077	7	3	1	0.3
id-08078	2	3	9	0.5
id-08079	1	2	7	0.4
id-08080	10	14	25	0.3
id-08081	6	5	9	0.3
id-08082	7	14	12	0.5
id-08083	6	10	22	0.2
id-08084	4	4	4	0.4
id-08085	10	7	5	0.2
id-08086	8	12	30	0.4
id-08087	10	6	15	0.2
id-08088	7	13	15	0.2
id-08089	3	2	23	0.4
id-08090	3	4	18	0.2
id-08091	5	5	12	0.4
id-08092	5	2	9	0.5
id-08093	5	7	19	0.3
id-08094	7	12	12	0.4
id-08095	5	5	5	0.5
id-08096	6	8	15	0.5
id-08097	2	3	4	0.3
id-08098	5	5	27	0.4
id-08099	1	2	27	0.3
id-08100	6	9	16	0.4
id-08101	7	9	28	0.2
id-08102	7	2	12	0.4
id-08103	9	16	19	0.2
id-08104	8	10	23	0.5
id-08105	6	4	2	0.4
id-08106	7	3	28	0.5
id-08107	3	5	1	0.3
id-08108	10	14	18	0.4
id-08109	3	3	18	0.3
id-08110	2	3	19	0.2
id-08111	7	14	10	0.4
id-08112	8	13	13	0.5
id-08113	10	16	2	0.4
id-08114	6	7	26	0.4
id-08115	9	2	1	0.3
id-08116	3	6	22	0.5
id-08117	3	6	8	0.3
id-08118	3	3	29	0.2
id-08119	5	6	14	0.5
id-08120	1	2	26	0.4
id-08121	3	4	3	0.3
id-08122	8	8	4	0.2
id-08123	10	2	5	0.5
id-08124	9	15	10	0.3
id-08125	5	10	19	0.3
id-08126	2	4	29	0.3
id-08127	1	2	13	0.2
id-08128	10	11	25	0.5
id-08129	1	2	26	0.5
id-08130	3	5	4	0.4
id-08131	6	8	24	0.3
id-08132	1	2	10	0.3
id-08133	2	4	13	0.3
id-08134	7	3	28	0.5
id-08135	3	3	7	0.3
id-08136	5	5	7	0.4
id-08137	5	10	26	0.5
id-08138	7	2	4	0.3
id-08139	6	5	17	0.3
id-08140	4	8	30	0.2
id-08141	3	4	22	0.3
id-08142	7	12	25	0.5
id-08143	8	13	20	0.4
id-08144	9	13	22	0.4
id-08145	5	4	19	0.4
id-08146	5	2	3	0.4
id-08147	6	6	14	0.2
id-08148	4	5	1	0.3
id-08149	5	8	14	0.4
id-08150	6	8	13	0.4
id-08151	7	8	15	0.3
id-08152	5	2	3	0.5
id-08153	6	3	23	0.4
id-08154	2	2	4	0.4
id-08155	4	6	9	0.3
id-08156	9	8	6	0.4
id-08157	1	2	22	0.4
id-08158	8	10	16	0.2
id-08159	9	12	19	0.4
id-08160	5	6	16	0.3
id-08161	8	4	7	0.2
id-08162	2	2	27	0.3
id-08163	9	13	4	0.3
id-08164	3	4	7	0.4
id-08165	2	3	8	0.3
id-08166	9	17	28	0.4
id-08167	2	2	2	0.4
id-08168	4	7	19	0.5
id-08169	2	4	3	0.4
id-08170	3	4	27	0.4
id-08171	2	2	16	0.4
id-08172	5	10	1	0.5
id-08173	2	4	27	0.2
id-08174	8	10	18	0.3
id-08175	4	8	3	0.2
id-08176	6	3	9	0.2
id-08177	8	10	26	0.4
id-08178	8	3	18	0.4
id-08179	4	5	28	0.2
id-08180	5	6	25	0.2
id-08181	3	5	6	0.5
id-08182	9	10	19	0.4
id-08183	8	3	26	0.2
id-08184	9	15	11	0.4
id-08185	6	6	30	0.2
id-08186	3	5	22	0.3
id-08187	6	11	28	0.3
id-08188	10	15	30	0.4
id-08189	7	14	1	0.5
id-08190	10	5	22	0.3
id-08191	4	8	19	0.5
id-08192	2	3	16	0.5
id-08193	4	4	1	0.2
id-08194	10	3	23	0.5
id-08195	3	5	4	0.3
id-08196	6	8	24	0.3
id-08197	6	6	8	0.3
id-08198	3	3	20	0.4
id-08199	8	8	9	0.3
id-08200	7	13	26	0.5
id-08201	8	16	24	0.2
id-08202	3	2	4	0.3
id-08203	10	7	8	0.3
id-08204	5	8	26	0.3
id-08205	2	2	28	0.3
id-08206	2	4	24	0.3
id-08207	1	2	8	0.4
id-08208	7	10	7	0.4
id-08209	7	8	19	0.3
id-08210	10	13	23	0.5
id-08211	3	2	7	0.3
id-08212	7	13	22	0.4
id-08213	3	4	12	0.4
id-08214	10	16	10	0.4
id-08215	2	3	12	0.5
id-08216	3	4	11	0.3
id-08217	9	15	16	0.4
id-08218	3	5	14	0.3
id-08219	4	4	6	0.4
id-08220	5	6	14	0.5
id-08221	10	16	11	0.3
id-08222	4	8	21	0.2
id-08223	3	6	9	0.3
id-08224	7	13	8	0.4
id-08225	5	7	26	0.5
id-08226	6	3	25	0.3
id-08227	10	4	20	0.5
id-08228	7	3	22	0.4
id-08229	2	3	14	0.3
id-08230	10	16	3	0.4
id-08231	6	12	4	0.2
id-08232	5	10	16	0.3
id-08233	3	3	22	0.3
id-08234	10	18	16	0.2
id-08235	6	4	26	0.4
id-08236	2	4	15	0.5
id-08237	2	3	14	0.3
id-08238	7	14	19	0.4
id-08239	5	5	10	0.4
id-08240	2	3	8	0.2
id-08241	4	5	19	0.4
id-08242	2	3	3	0.2
id-08243	2	2	30	0.4
id-08244	3	4	13	0.2
id-08245	3	3	2	0.4
id-08246	6	9	7	0.2
id-08247	2	2	24	0.2
id-08248	10	7	19	0.5
id-08249	6	3	11	0.3
id-08250	6	3	26	0.2
id-08251	7	2	19	0.3
id-08252	1	2	9	0.3
id-08253	8	10	25	0.4
id-08254	6	5	22	0.3
id-08255	9	13	13	0.4
id-08256	3	2	15	0.5
id-08257	6	12	27	0.4
id-08258	7	4	17	0.2
id-08259	7	8	9	0.4
id-08260	1	2	6	0.4
id-08261	5	3	4	0.2
id-08262	9	6	10	0.2
id-08263	1	2	5	0.3
id-08264	10	17	14	0.2
id-08265	8	2	7	0.4
id-08266	9	6	11	0.5
id-08267	5	9	25	0.3
id-08268	1	2	16	0.3
id-08269	7	2	5	0.4
id-08270	10	7	5	0.4
id-08271	5	7	24	0.4
id-08272	7	3	13	0.5
id-08273	2	2	10	0.4
id-08274	7	4	14	0.3
id-08275	10	16	18	0.2
id-08276	1	2	13	0.5
id-08277	1	2	27	0.5
id-08278	7	12	27	0.4
id-08279	3	2	28	0.3
id-08280	9	12	10	0.5
id-08281	3	6	17	0.5
id-08282	3	3	26	0.3
id-08283	7	8	20	0.3
id-08284	5	2	18	0.5
id-08285	1	2	29	0.3
id-08286	7	14	20	0.4
id-08287	4	7	29	0.5
id-08288	5	3	19	0.4
id-08289	3	3	5	0.2
id-08290	8	7	21	0.4
id-08291	3	3	9	0.3
id-08292	8	7	29	0.2
id-08293	3	3	19	0.3
id-08294	3	2	15	0.4
id-08295	7	12	11	0.2
id-08296	9	2	16	0.4
id-08297	1	2	10	0.3
id-08298	1	2	10	0.4
id-08299	8	3	19	0.4
id-08300	6	7	13	0.3
id-08301	10	9	30	0.4
id-08302	6	2	7	0.3
id-08303	10	2	24	0.2
id-08304	5	7	6	0.2
id-08305	8	3	27	0.4
id-08306	4	5	30	0.4
id-08307	3	5	15	0.2
id-08308	10	7	6	0.4
id-08309	5	3	3	0.2
id-08310	7	8	16	0.4
id-08311	7	12	17	0.4
id-08312	4	3	27	0.3
id-08313	5	5	27	0.3
id-08314	9	14	7	0.4
id-08315	4	6	8	0.4
id-08316	6	6	21	0.4
id-08317	1	2	1	0.4
id-08318	7	3	28	0.5
id-08319	10	11	25	0.4
id-08320	2	4	9	0.5
id-08321	4	3	10	0.3
id-08322	2	4	12	0.3
id-08323	3	4	4	0.5
id-08324	8	11	18	0.5
id-08325	3	3	30	0.2
id-08326	2	4	25	0.4
id-08327	9	8	30	0.3
id-08328	9	6	7	0.2
id-08329	1	2	26	0.3
id-08330	3	3	28	0.3
id-08331	9	17	17	0.4
id-08332	8	4	14	0.5
id-08333	7	8	21	0.3
id-08334	8	14	6	0.4
id-08335	1	2	2	0.4
id-08336	1	2	15	0.5
id-08337	7	9	25	0.4
id-08338	3	4	4	0.2
id-08339	6	3	9	0.4
id-08340	3	5	2	0.3
id-08341	7	11	18	0.4
id-08342	8	11	30	0.4
id-08343	3	5	11	0.4
id-08344	5	10	1	0.2
id-08345	8	5	15	0.3
id-08346	2	4	17	0.4
id-08347	4	8	3	0.5
id-08348	4	4	14	0.5
id-08349	2	4	28	0.4
id-08350	1	2	11	0.3
id-08351	5	2	12	0.3
id-08352	2	4	17	0.4
id-08353	9	17	6	0.4
id-08354	5	4	26	0.4
id-08355	6	12	21	0.2
id-08356	10	12	8	0.2
id-08357	9	17	2	0.3
id-08358	9	6	5	0.3
id-08359	10	20	27	0.3
id-08360	10	9	16	0.2
id-08361	4	2	28	0.3
id-08362	10	9	5	0.4
id-08363	1	2	26	0.3
id-08364	9	4	21	0.4
id-08365	9	7	18	0.3
id-08366	1	2	25	0.4
id-08367	4	8	5	0.5
id-08368	2	4	18	0.5
id-08369	8	5	14	0.3
id-08370	1	2	23	0.4
id-08371	3	6	13	0.3
id-08372	10	2	11	0.5
id-08373	3	5	15	0.3
id-08374	5	9	18	0.5
id-08375	3	5	21	0.3
id-08376	1	2	5	0.4
id-08377	8	3	10	0.4
id-08378	1	2	21	0.3
id-08379	4	5	2	0.5
id-08380	1	2	29	0.3
id-08381	8	16	28	0.3
id-08382	5	8	23	0.3
id-08383	8	4	11	0.3
id-08384	5	6	10	0.2
id-08385	9	7	2	0.3
id-08386	4	4	7	0.3
id-08387	1	2	8	0.4
id-08388	1	2	13	0.4
id-08389	9	18	12	0.3
id-08390	5	2	17	0.4
id-08391	10	13	24	0.4
id-08392	8	4	23	0.3
id-08393	2	3	9	0.3
id-08394	2	2	21	0.4
id-08395	5	4	29	0.4
id-08396	5	2	6	0.5
id-08397	1	2	6	0.4
id-08398	9	7	11	0.3
id-08399	8	13	16	0.4
id-08400	2	4	9	0.4
id-08401	5	5	29	0.5
id-08402	2	3	17	0.5
id-08403	8	2	7	0.5
id-08404	9	11	11	0.3
id-08405	4	7	5	0.2
id-08406	9	5	30	0.4
id-08407	2	2	11	0.3
id-08408	2	2	8	0.5
id-08409	6	8	10	0.3
id-08410	7	3	9	0.4
id-08411	7	3	8	0.3
id-08412	10	2	6	0.4
id-08413	10	13	7	0.4
id-08414	7	2	23	0.3
id-08415	2	3	22	0.2
id-08416	8	13	26	0.5
id-08417	8	6	9	0.4
id-08418	3	2	19	0.4
id-08419	8	4	20	0.4
id-08420	3	4	2	0.2
id-08421	1	2	9	0.2
id-08422	8	8	10	0.4
id-08423	6	2	14	0.4
id-08424	1	2	13	0.3
id-08425	5	9	11	0.2
id-08426	3	4	16	0.4
id-08427	4	8	16	0.2
id-08428	5	6	18	0.2
id-08429	5	7	9	0.4
id-08430	10	6	16	0.3
id-08431	1	2	18	0.2
id-08432	8	9	13	0.4
id-08433	8	13	1	0.3
id-08434	5	6	22	0.3
id-08435	2	3	3	0.4
id-08436	7	3	25	0.2
id-08437	7	4	28	0.2
id-08438	6	11	23	0.2
id-08439	10	15	16	0.3
id-08440	4	8	23	0.4
id-08441	5	10	26	0.3
id-08442	9	3	12	0.3
id-08443	9	2	5	0.2
id-08444	5	2	26	0.2
id-08445	4	8	8	0.5
id-08446	8	13	2	0.4
id-08447	5	6	16	0.5
id-08448	1	2	5	0.2
id-08449	3	4	1	0.2
id-08450	1	2	28	0.3
id-08451	9	8	10	0.3
id-08452	10	12	19	0.5
id-08453	8	2	5	0.2
id-08454	7	11	18	0.4
id-08455	3	5	19	0.4
id-08456	8	12	16	0.2
id-08457	6	5	10	0.5
id-08458	5	3	29	0.2
id-08459	3	4	27	0.5
id-08460	8	15	7	0.4
id-08461	9	18	9	0.4
id-08462	10	6	5	0.4
id-08463	8	10	15	0.2
id-08464	5	8	2	0.3
id-08465	7	9	7	0.4
id-08466	2	4	20	0.2
id-08467	5	2	5	0.5
id-08468	3	4	11	0.4
id-08469	6	8	7	0.2
id-08470	6	6	17	0.5
id-08471	8	16	11	0.5
id-08472	9	4	24	0.4
id-08473	1	2	15	0.3
id-08474	6	4	13	0.5
id-08475	8	10	23	0.4
id-08476	10	6	19	0.5
id-08477	2	2	8	0.3
id-08478	10	16	27	0.3
id-08479	1	2	2	0.4
id-08480	10	10	8	0.4
id-08481	4	2	7	0.4
id-08482	6	4	7	0.3
id-08483	4	8	11	0.5
id-08484	3	3	10	0.3
id-08485	3	2	27	0.2
id-08486	1	2	12	0.4
id-08487	4	5	11	0.5
id-08488	3	2	27	0.3
id-08489	5	10	26	0.4
id-08490	9	11	1	0.5
id-08491	5	8	28	0.2
id-08492	9	7	17	0.4
id-08493	3	6	26	0.3
id-08494	6	12	23	0.5
id-08495	6	3	6	0.2
id-08496	1	2	22	0.4
id-08497	2	4	16	0.3
id-08498	7	8	29	0.4
id-08499	4	2	5	0.3
id-08500	8	13	6	0.4
id-08501	10	8	22	0.4
id-08502	3	3	4	0.4
id-08503	10	17	21	0.3
id-08504	8	2	14	0.2
id-08505	5	7	14	0.5
id-08506	2	2	9	0.3
id-08507	9	18	2	0.4
id-08508	10	4	29	0.4
id-08509	7	11	30	0.2
id-08510	2	2	24	0.3
id-08511	4	6	28	0.5
id-08512	1	2	16	0.4
id-08513	6	6	14	0.3
id-08514	3	3	3	0.4
id-08515	9	15	14	0.5
id-08516	1	2	9	0.4
id-08517	7	14	13	0.5
id-08518	9	9	24	0.3
id-08519	2	3	11	0.5
id-08520	9	15	12	0.4
id-08521	7	7	27	0.2
id-08522	9	11	14	0.3
id-08523	10	4	25	0.4
id-08524	5	8	25	0.3
id-08525	3	5	22	0.3
id-08526	6	8	21	0.5
id-08527	1	2	2	0.5
id-08528	4	6	17	0.5
id-08529	3	3	12	0.3
id-08530	5	10	22	0.3
id-08531	4	4	27	0.2
id-08532	5	9	6	0.4
id-08533	2	3	13	0.2
id-08534	3	5	3	0.2
id-08535	2	3	4	0.4
id-08536	3	3	16	0.5
id-08537	9	15	3	0.5
id-08538	7	7	25	0.3
id-08539	4	2	16	0.3
id-08540	5	5	30	0.2
id-08541	7	5	7	0.2
id-08542	5	6	24	0.4
id-08543	3	4	5	0.5
id-08544	4	2	5	0.4
id-08545	4	5	16	0.2
id-08546	10	5	8	0.4
id-08547	1	2	29	0.5
id-08548	4	5	12	0.5
id-08549	2	2	8	0.2
id-08550	8	3	13	0.3
id-08551	1	2	16	0.2
id-08552	4	4	5	0.5
id-08553	9	6	25	0.5
id-08554	3	3	25	0.3
id-08555	2	3	26	0.4
id-08556	4	2	22	0.3
id-08557	10	19	3	0.5
id-08558	6	5	8	0.3
id-08559	6	2	4	0.5
id-08560	1	2	18	0.3
id-08561	4	6	18	0.5
id-08562	6	6	10	0.2
id-08563	3	2	7	0.3
id-08564	2	3	18	0.3
id-08565	1	2	11	0.5
id-08566	4	2	20	0.5
id-08567	2	3	2	0.2
id-08568	2	3	5	0.5
id-08569	2	4	15	0.3
id-08570	4	4	13	0.4
id-08571	7	6	28	0.4
id-08572	4	4	18	0.3
id-08573	8	9	9	0.2
id-08574	9	9	27	0.4
id-08575	2	3	4	0.5
id-08576	4	7	14	0.3
id-08577	8	12	30	0.3
id-08578	8	6	5	0.3
id-08579	1	2	26	0.3
id-08580	1	2	3	0.3
id-08581	7	6	14	0.2
id-08582	4	2	26	0.4
id-08583	3	2	27	0.3
id-08584	7	12	7	0.3
id-08585	3	6	23	0.4
id-08586	9	12	8	0.4
id-08587	5	3	22	0.4
id-08588	4	3	30	0.3
id-08589	1	2	21	0.3
id-08590	2	3	13	0.3
id-08591	3	3	23	0.4
id-08592	3	2	4	0.4
id-08593	4	3	6	0.4
id-08594	2	4	18	0.3
id-08595	1	2	16	0.3
id-08596	1	2	8	0.2
id-08597	2	3	16	0.3
id-08598	8	8	18	0.3
id-08599	7	14	22	0.2
id-08600	10	11	27	0.4
id-08601	3	6	21	0.2
id-08602	4	2	14	0.3
id-08603	5	7	13	0.3
id-08604	8	13	29	0.3
id-08605	10	9	9	0.4
id-08606	2	3	13	0.3
id-08607	3	3	8	0.3
id-08608	1	2	24	0.2
id-08609	6	7	30	0.3
id-08610	2	3	12	0.4
id-08611	2	3	15	0.3
id-08612	2	2	15	0.5
id-08613	8	14	21	0.2
id-08614	4	4	28	0.4
id-08615	7	9	21	0.3
id-08616	5	7	8	0.2
id-08617	3	3	25	0.5
id-08618	2	2	26	0.4
id-08619	10	5	9	0.2
id-08620	9	9	22	0.4
id-08621	10	2	14	0.2
id-08622	9	3	11	0.3
id-08623	10	9	16	0.3
id-08624	9	2	3	0.3
id-08625	10	16	23	0.2
id-08626	7	9	8	0.4
id-08627	7	11	18	0.3
id-08628	10	19	13	0.3
id-08629	1	2	18	0.2
id-08630	7	13	15	0.5
id-08631	4	6	17	0.2
id-08632	9	7	16	0.3
id-08633	3	3	11	0.2
id-08634	4	5	24	0.5
id-08635	2	3	27	0.5
id-08636	6	11	8	0.5
id-08637	2	2	26	0.5
id-08638	9	4	26	0.4
id-08639	5	7	4	0.4
id-08640	10	7	10	0.2
id-08641	8	9	5	0.4
id-08642	5	8	11	0.2
id-08643	7	12	29	0.5
id-08644	1	2	3	0.2
id-08645	7	13	20	0.2
id-08646	6	5	26	0.5
id-08647	1	2	17	0.3
id-08648	7	7	3	0.5
id-08649	9	14	23	0.5
id-08650	7	8	3	0.3
id-08651	10	17	1	0.2
id-08652	3	2	15	0.3
id-08653	4	7	15	0.5
id-08654	10	14	27	0.3
id-08655	1	2	29	0.4
id-08656	4	4	28	0.4
id-08657	2	2	17	0.3
id-08658	2	4	15	0.3
id-08659	6	2	4	0.2
id-08660	5	9	26	0.2
id-08661	7	12	22	0.2
id-08662	4	6	11	0.4
id-08663	5	8	22	0.4
id-08664	5	3	6	0.3
id-08665	8	2	13	0.4
id-08666	7	7	2	0.4
id-08667	6	12	19	0.2
id-08668	6	8	22	0.2
id-08669	4	5	6	0.2
id-08670	7	2	10	0.2
id-08671	2	2	18	0.3
id-08672	7	2	24	0.2
id-08673	9	9	21	0.2
id-08674	6	5	13	0.5
id-08675	8	13	29	0.5
id-08676	6	3	21	0.4
id-08677	9	14	2	0.4
id-08678	10	16	3	0.3
id-08679	1	2	26	0.2
id-08680	2	4	13	0.3
id-08681	10	2	17	0.4
id-08682	2	3	12	0.4
id-08683	4	7	18	0.2
id-08684	1	2	29	0.4
id-08685	7	8	20	0.3
id-08686	3	5	22	0.2
id-08687	9	4	18	0.2
id-08688	5	4	21	0.4
id-08689	9	2	24	0.3
id-08690	6	6	27	0.2
id-08691	9	17	12	0.5
id-08692	8	12	5	0.4
id-08693	10	14	16	0.3
id-08694	2	4	8	0.5
id-08695	2	3	1	0.5
id-08696	8	3	8	0.4
id-08697	7	5	30	0.3
id-08698	7	11	12	0.4
id-08699	3	4	13	0.3
id-08700	8	6	2	0.2
id-08701	10	17	28	0.2
id-08702	2	3	5	0.5
id-08703	2	2	3	0.3
id-08704	9	12	26	0.3
id-08705	6	3	12	0.4
id-08706	3	5	1	0.3
id-08707	2	4	26	0.2
id-08708	7	6	27	0.4
id-08709	1	2	22	0.3
id-08710	7	11	13	0.3
id-08711	4	6	27	0.3
id-08712	4	3	21	0.2
id-08713	7	12	14	0.4
id-08714	4	2	8	0.2
id-08715	7	11	9	0.5
id-08716	6	7	14	0.4
id-08717	9	2	19	0.5
id-08718	6	11	12	0.3
id-08719	8	13	11	0.3
id-08720	9	17	26	0.3
id-08721	2	2	10	0.5
id-08722	10	3	23	0.3
id-08723	8	11	8	0.3
id-08724	6	11	5	0.4
id-08725	8	11	2	0.3
id-08726	6	6	23	0.4
id-08727	5	7	11	0.2
id-08728	10	2	29	0.4
id-08729	1	2	23	0.3
id-08730	6	5	5	0.3
id-08731	9	10	5	0.3
id-08732	1	2	8	0.5
id-08733	4	7	26	0.3
id-08734	9	3	4	0.4
id-08735	8	9	1	0.3
id-08736	9	6	5	0.2
id-08737	3	2	2	0.4
id-08738	3	6	25	0.3
id-08739	4	6	2	0.3
id-08740	3	3	15	0.3
id-08741	3	4	21	0.2
id-08742	7	3	21	0.3
id-08743	8	8	23	0.2
id-08744	3	4	5	0.3
id-08745	10	5	6	0.5
id-08746	6	10	20	0.5
id-08747	4	8	4	0.2
id-08748	1	2	14	0.3
id-08749	1	2	6	0.3
id-08750	4	8	2	0.2
id-08751	6	7	26	0.5
id-08752	7	2	6	0.5
id-08753	5	2	14	0.4
id-08754	5	6	25	0.2
id-08755	2	4	16	0.3
id-08756	4	6	6	0.4
id-08757	1	2	1	0.3
id-08758	3	6	24	0.3
id-08759	8	11	29	0.5
id-08760	4	4	19	0.4
id-08761	4	4	28	0.4
id-08762	9	14	4	0.4
id-08763	8	9	4	0.3
id-08764	1	2	19	0.3
id-08765	2	2	29	0.4
id-08766	8	14	15	0.5
id-08767	4	3	6	0.3
id-08768	6	5	2	0.4
id-08769	6	9	7	0.3
id-08770	1	2	12	0.3
id-08771	1	2	28	0.4
id-08772	5	2	18	0.3
id-08773	3	3	18	0.4
id-08774	7	14	30	0.4
id-08775	3	6	1	0.4
id-08776	8	5	21	0.2
id-08777	8	8	29	0.4
id-08778	8	10	9	0.4
id-08779	3	3	26	0.3
id-08780	9	2	22	0.3
id-08781	9	14	22	0.3
id-08782	6	6	6	0.2
id-08783	1	2	5	0.4
id-08784	1	2	26	0.2
id-08785	4	8	18	0.5
id-08786	10	6	8	0.4
id-08787	1	2	1	0.4
id-08788	3	4	27	0.4
id-08789	2	4	28	0.4
id-08790	10	2	27	0.4
id-08791	5	9	15	0.4
id-08792	10	13	11	0.4
id-08793	9	17	3	0.4
id-08794	7	2	17	0.4
id-08795	9	12	24	0.3
id-08796	6	10	26	0.4
id-08797	3	4	7	0.5
id-08798	2	4	19	0.4
id-08799	7	10	23	0.2
id-08800	5	9	8	0.4
id-08801	9	3	25	0.2
id-08802	6	5	8	0.4
id-08803	5	4	16	0.3
id-08804	3	5	2	0.3
id-08805	5	2	14	0.3
id-08806	4	8	26	0.2
id-08807	5	3	7	0.3
id-08808	6	12	10	0.2
id-08809	8	7	13	0.3
id-08810	6	7	28	0.4
id-08811	7	13	28	0.3
id-08812	5	6	6	0.3
id-08813	8	2	9	0.4
id-08814	6	3	25	0.4
id-08815	8	11	12	0.5
id-08816	2	3	29	0.2
id-08817	7	13	7	0.3
id-08818	2	2	19	0.2
id-08819	6	3	3	0.3
id-08820	1	2	29	0.5
id-08821	10	7	25	0.3
id-08822	10	17	18	0.3
id-08823	2	4	18	0.4
id-08824	4	5	11	0.5
id-08825	5	6	20	0.2
id-08826	6	2	7	0.5
id-08827	7	12	25	0.3
id-08828	3	3	12	0.3
id-08829	2	3	1	0.3
id-08830	6	12	9	0.3
id-08831	7	12	30	0.5
id-08832	9	9	21	0.4
id-08833	10	19	23	0.4
id-08834	8	7	21	0.5
id-08835	8	7	11	0.3
id-08836	5	5	18	0.3
id-08837	3	3	1	0.4
id-08838	1	2	20	0.3
id-08839	3	4	24	0.4
id-08840	6	11	19	0.2
id-08841	6	6	19	0.5
id-08842	8	12	9	0.3
id-08843	6	9	6	0.2
id-08844	5	10	18	0.5
id-08845	2	2	4	0.4
id-08846	6	5	13	0.3
id-08847	2	4	8	0.3
id-08848	9	6	19	0.4
id-08849	5	8	19	0.4
id-08850	4	5	26	0.3
id-08851	6	6	4	0.3
id-08852	1	2	8	0.5
id-08853	8	4	4	0.4
id-08854	2	2	7	0.3
id-08855	10	7	5	0.2
id-08856	1	2	28	0.3
id-08857	8	8	26	0.4
id-08858	4	8	14	0.3
id-08859	2	3	2	0.4
id-08860	9	2	29	0.4
id-08861	4	5	21	0.5
id-08862	9	16	19	0.5
id-08863	8	10	17	0.4
id-08864	8	13	4	0.4
id-08865	2	2	27	0.3
id-08866	10	16	22	0.3
id-08867	5	9	23	0.3
id-08868	10	7	23	0.5
id-08869	2	4	19	0.2
id-08870	7	3	29	0.4
id-08871	6	10	23	0.5
id-08872	9	4	24	0.3
id-08873	3	4	10	0.2
id-08874	1	2	26	0.3
id-08875	10	9	5	0.4
id-08876	3	6	27	0.3
id-08877	10	19	11	0.5
id-08878	4	6	30	0.4
id-08879	2	2	30	0.5
id-08880	2	2	22	0.4
id-08881	5	7	18	0.4
id-08882	6	12	14	0.3
id-08883	6	4	19	0.4
id-08884	1	2	26	0.3
id-08885	1	2	26	0.3
id-08886	1	2	13	0.3
id-08887	8	8	24	0.3
id-08888	8	7	26	0.3
id-08889	5	7	30	0.2
id-08890	4	3	14	0.5
id-08891	8	12	27	0.4
id-08892	10	16	17	0.3
id-08893	2	2	7	0.3
id-08894	8	6	4	0.3
id-08895	8	10	9	0.4
id-08896	1	2	20	0.5
id-08897	1	2	13	0.4
id-08898	10	3	8	0.3
id-08899	9	14	5	0.3
id-08900	3	4	20	0.4
id-08901	5	5	10	0.4
id-08902	6	4	28	0.3
id-08903	5	6	11	0.5
id-08904	1	2	5	0.5
id-08905	9	17	27	0.4
id-08906	9	11	18	0.5
id-08907	9	8	28	0.4
id-08908	10	13	19	0.4
id-08909	2	4	22	0.2
id-08910	2	3	29	0.3
id-08911	9	15	2	0.4
id-08912	10	17	26	0.4
id-08913	10	11	21	0.3
id-08914	2	2	19	0.4
id-08915	1	2	15	0.3
id-08916	8	4	10	0.5
id-08917	6	12	2	0.3
id-08918	6	2	27	0.4
id-08919	9	9	21	0.4
id-08920	9	11	1	0.2
id-08921	9	3	21	0.3
id-08922	2	2	4	0.4
id-08923	3	6	4	0.3
id-08924	4	7	29	0.4
id-08925	6	12	17	0.3
id-08926	4	4	1	0.4
id-08927	1	2	21	0.4
id-08928	9	3	23	0.4
id-08929	7	12	22	0.3
id-08930	6	6	10	0.4
id-08931	7	2	20	0.3
id-08932	3	4	8	0.3
id-08933	10	20	3	0.5
id-08934	4	6	10	0.4
id-08935	4	6	13	0.4
id-08936	10	20	4	0.4
id-08937	9	14	29	0.3
id-08938	1	2	29	0.4
id-08939	1	2	9	0.2
id-08940	2	2	12	0.2
id-08941	1	2	25	0.4
id-08942	1	2	12	0.5
id-08943	8	9	29	0.3
id-08944	1	2	16	0.4
id-08945	6	12	4	0.3
id-08946	7	3	7	0.2
id-08947	10	5	20	0.3
id-08948	6	8	21	0.4
id-08949	6	11	3	0.4
id-08950	5	9	12	0.2
id-08951	8	3	12	0.4
id-08952	2	2	4	0.2
id-08953	10	16	9	0.3
id-08954	7	2	16	0.5
id-08955	5	4	14	0.4
id-08956	3	2	17	0.5
id-08957	7	4	20	0.4
id-08958	9	8	18	0.4
id-08959	2	4	2	0.5
id-08960	5	7	17	0.4
id-08961	9	16	29	0.3
id-08962	4	4	16	0.4
id-08963	6	5	12	0.4
id-08964	6	10	5	0.3
id-08965	7	3	17	0.4
id-08966	5	6	20	0.4
id-08967	7	6	14	0.2
id-08968	8	5	22	0.2
id-08969	10	13	19	0.3
id-08970	3	4	25	0.2
id-08971	4	5	5	0.5
id-08972	4	8	25	0.5
id-08973	3	2	16	0.5
id-08974	1	2	25	0.2
id-08975	7	6	1	0.3
id-08976	4	7	22	0.4
id-08977	9	13	17	0.2
id-08978	1	2	16	0.3
id-08979	8	16	18	0.2
id-08980	7	14	23	0.2
id-08981	5	7	11	0.3
id-08982	3	4	24	0.4
id-08983	6	5	15	0.4
id-08984	3	3	10	0.4
id-08985	3	2	29	0.3
id-08986	3	3	4	0.3
id-08987	1	2	21	0.4
id-08988	2	3	11	0.5
id-08989	1	2	17	0.5
id-08990	1	2	1	0.4
id-08991	4	2	25	0.4
id-08992	1	2	20	0.4
id-08993	6	5	19	0.5
id-08994	3	5	27	0.5
id-08995	3	2	26	0.4
id-08996	8	12	27	0.3
id-08997	1	2	16	0.2
id-08998	1	2	18	0.5
id-08999	8	14	2	0.2
id-09000	4	6	26	0.4
id-09001	4	7	6	0.5
id-09002	2	3	4	0.5
id-09003	9	3	11	0.5
id-09004	5	2	20	0.5
id-09005	4	5	26	0.3
id-09006	1	2	11	0.3
id-09007	4	6	5	0.4
id-09008	3	5	29	0.2
id-09009	8	9	2	0.4
id-09010	7	2	3	0.4
id-09011	2	3	10	0.4
id-09012	8	3	6	0.5
id-09013	8	9	24	0.4
id-09014	9	12	19	0.4
id-09015	3	6	29	0.4
id-09016	7	6	13	0.2
id-09017	9	14	26	0.2
id-09018	8	5	8	0.4
id-09019	6	2	8	0.4
id-09020	10	15	25	0.5
id-09021	4	7	6	0.4
id-09022	3	5	29	0.4
id-09023	8	14	26	0.2
id-09024	8	16	18	0.3
id-09025	8	7	16	0.4
id-09026	8	14	1	0.3
id-09027	3	6	7	0.3
id-09028	5	3	2	0.4
id-09029	5	8	20	0.4
id-09030	4	7	27	0.5
id-09031	2	2	26	0.4
id-09032	8	14	27	0.3
id-09033	2	4	15	0.4
id-09034	1	2	30	0.5
id-09035	9	2	19	0.2
id-09036	7	10	1	0.2
id-09037	3	6	17	0.3
id-09038	1	2	26	0.3
id-09039	6	7	13	0.2
id-09040	7	3	24	0.5
id-09041	6	5	29	0.2
id-09042	5	3	22	0.3
id-09043	3	4	2	0.5
id-09044	1	2	29	0.3
id-09045	4	6	20	0.2
id-09046	7	3	20	0.2
id-09047	1	2	12	0.4
id-09048	8	10	16	0.3
id-09049	3	6	28	0.4
id-09050	1	2	24	0.4
id-09051	6	6	29	0.5
id-09052	5	7	30	0.3
id-09053	4	6	6	0.4
id-09054	2	2	29	0.4
id-09055	4	8	21	0.3
id-09056	10	10	24	0.3
id-09057	5	9	23	0.2
id-09058	10	17	23	0.4
id-09059	2	3	24	0.4
id-09060	9	13	28	0.5
id-09061	3	3	10	0.4
id-09062	6	5	21	0.5
id-09063	8	3	16	0.4
id-09064	3	4	6	0.4
id-09065	10	20	18	0.4
id-09066	4	4	2	0.4
id-09067	9	9	23	0.3
id-09068	2	4	23	0.2
id-09069	9	16	28	0.3
id-09070	6	2	4	0.2
id-09071	9	13	10	0.5
id-09072	7	12	1	0.3
id-09073	4	8	8	0.4
id-09074	1	2	24	0.4
id-09075	5	4	4	0.4
id-09076	4	8	15	0.3
id-09077	2	3	2	0.3
id-09078	3	3	19	0.2
id-09079	5	7	5	0.2
id-09080	1	2	18	0.5
id-09081	1	2	16	0.3
id-09082	3	4	18	0.2
id-09083	1	2	27	0.5
id-09084	3	6	19	0.3
id-09085	4	6	26	0.3
id-09086	10	2	9	0.4
id-09087	5	10	5	0.5
id-09088	3	2	22	0.4
id-09089	8	4	7	0.4
id-09090	2	2	17	0.3
id-09091	1	2	29	0.3
id-09092	5	3	16	0.3
id-09093	6	11	20	0.2
id-09094	10	7	13	0.2
id-09095	9	7	7	0.5
id-09096	1	2	10	0.3
id-09097	6	7	20	0.5
id-09098	8	3	4	0.2
id-09099	5	7	21	0.3
id-09100	4	3	14	0.3
id-09101	10	16	28	0.3
id-09102	4	5	4	0.3
id-09103	3	3	29	0.2
id-09104	2	4	10	0.4
id-09105	1	2	13	0.4
id-09106	4	7	19	0.4
id-09107	2	3	8	0.2
id-09108	7	7	29	0.4
id-09109	10	12	25	0.3
id-09110	7	6	28	0.3
id-09111	1	2	15	0.3
id-09112	4	6	13	0.4
id-09113	9	9	27	0.5
id-09114	4	5	20	0.4
id-09115	10	6	16	0.3
id-09116	9	3	25	0.2
id-09117	1	2	3	0.2
id-09118	2	2	20	0.2
id-09119	7	5	18	0.3
id-09120	3	5	16	0.2
id-09121	10	18	26	0.5
id-09122	3	5	8	0.5
id-09123	7	9	18	0.5
id-09124	8	16	23	0.5
id-09125	2	4	11	0.4
id-09126	1	2	9	0.4
id-09127	6	10	4	0.3
id-09128	6	12	23	0.2
id-09129	6	3	5	0.4
id-09130	1	2	29	0.2
id-09131	5	8	12	0.2
id-09132	1	2	18	0.3
id-09133	10	2	26	0.2
id-09134	3	3	12	0.3
id-09135	4	6	18	0.4
id-09136	4	5	16	0.4
id-09137	2	3	29	0.2
id-09138	5	3	18	0.5
id-09139	10	2	13	0.3
id-09140	9	6	6	0.3
id-09141	4	7	17	0.4
id-09142	5	9	26	0.4
id-09143	9	5	22	0.3
id-09144	8	7	10	0.4
id-09145	8	8	1	0.5
id-09146	10	14	17	0.4
id-09147	3	5	14	0.4
id-09148	5	9	6	0.4
id-09149	6	4	17	0.2
id-09150	7	7	6	0.4
id-09151	1	2	24	0.5
id-09152	8	6	11	0.3
id-09153	9	18	21	0.4
id-09154	10	8	24	0.4
id-09155	8	16	21	0.4
id-09156	7	7	22	0.2
id-09157	6	2	14	0.5
id-09158	9	4	24	0.4
id-09159	10	14	28	0.3
id-09160	4	8	11	0.3
id-09161	7	13	18	0.4
id-09162	7	7	12	0.5
id-09163	1	2	18	0.3
id-09164	1	2	8	0.3
id-09165	8	2	16	0.5
id-09166	1	2	16	0.3
id-09167	2	4	16	0.4
id-09168	3	4	6	0.4
id-09169	9	2	28	0.3
id-09170	2	3	12	0.5
id-09171	3	3	6	0.4
id-09172	8	7	1	0.2
id-09173	3	3	9	0.3
id-09174	6	7	3	0.5
id-09175	10	18	25	0.2
id-09176	3	5	1	0.3
id-09177	8	13	27	0.3
id-09178	8	15	4	0.3
id-09179	8	6	16	0.2
id-09180	1	2	21	0.3
id-09181	6	3	5	0.4
id-09182	2	2	18	0.4
id-09183	6	8	30	0.3
id-09184	3	3	9	0.4
id-09185	2	4	11	0.4
id-09186	10	9	16	0.4
id-09187	8	13	17	0.3
id-09188	8	11	17	0.3
id-09189	3	3	14	0.5
id-09190	6	8	22	0.2
id-09191	3	6	30	0.4
id-09192	8	6	7	0.5
id-09193	5	5	26	0.5
id-09194	2	2	2	0.5
id-09195	4	8	20	0.4
id-09196	5	5	6	0.2
id-09197	5	10	8	0.3
id-09198	6	8	5	0.3
id-09199	4	5	3	0.4
id-09200	5	6	23	0.3
id-09201	6	12	28	0.4
id-09202	2	3	16	0.3
id-09203	10	6	6	0.2
id-09204	9	5	5	0.3
id-09205	2	2	22	0.3
id-09206	4	4	13	0.3
id-09207	5	3	12	0.3
id-09208	4	3	6	0.2
id-09209	2	2	9	0.4
id-09210	1	2	1	0.2
id-09211	1	2	16	0.4
id-09212	10	7	22	0.4
id-09213	8	9	7	0.3
id-09214	6	4	19	0.3
id-09215	2	2	4	0.2
id-09216	1	2	18	0.2
id-09217	10	3	3	0.2
id-09218	2	3	2	0.3
id-09219	2	3	5	0.3
id-09220	6	7	7	0.2
id-09221	6	12	19	0.4
id-09222	7	4	2	0.2
id-09223	9	12	6	0.3
id-09224	5	10	11	0.4
id-09225	9	2	30	0.3
id-09226	4	5	16	0.2
id-09227	3	4	19	0.2
id-09228	7	7	19	0.3
id-09229	2	2	13	0.2
id-09230	3	4	24	0.4
id-09231	4	5	10	0.4
id-09232	9	6	28	0.2
id-09233	6	12	25	0.3
id-09234	9	8	29	0.3
id-09235	4	3	18	0.4
id-09236	9	7	1	0.2
id-09237	3	4	28	0.3
id-09238	7	12	15	0.4
id-09239	10	4	20	0.4
id-09240	8	4	28	0.2
id-09241	7	4	16	0.2
id-09242	8	10	10	0.5
id-09243	3	6	25	0.4
id-09244	1	2	19	0.2
id-09245	6	4	2	0.3
id-09246	4	2	6	0.2
id-09247	9	15	10	0.4
id-09248	10	3	16	0.2
id-09249	1	2	3	0.2
id-09250	10	20	19	0.5
id-09251	8	11	29	0.3
id-09252	3	4	15	0.3
id-09253	6	11	4	0.2
id-09254	7	7	22	0.4
id-09255	7	7	15	0.3
id-09256	1	2	4	0.4
id-09257	2	4	21	0.3
id-09258	8	11	8	0.3
id-09259	7	4	18	0.4
id-09260	1	2	19	0.2
id-09261	10	16	9	0.4
id-09262	6	7	18	0.4
id-09263	6	6	2	0.4
id-09264	1	2	30	0.3
id-09265	1	2	25	0.2
id-09266	2	3	14	0.2
id-09267	8	14	20	0.2
id-09268	6	11	11	0.4
id-09269	5	4	4	0.3
id-09270	3	2	1	0.2
id-09271	6	7	5	0.3
id-09272	4	5	2	0.2
id-09273	2	2	22	0.5
id-09274	6	4	12	0.5
id-09275	9	13	12	0.4
id-09276	7	10	17	0.4
id-09277	8	11	2	0.5
id-09278	9	3	26	0.4
id-09279	9	5	11	0.4
id-09280	7	2	24	0.4
id-09281	1	2	6	0.3
id-09282	10	8	12	0.5
id-09283	10	18	5	0.4
id-09284	4	6	2	0.3
id-09285	3	2	21	0.4
id-09286	8	4	22	0.2
id-09287	6	3	2	0.3
id-09288	2	3	21	0.5
id-09289	6	7	25	0.4
id-09290	7	12	13	0.5
id-09291	10	9	16	0.4
id-09292	4	4	14	0.4
id-09293	4	5	15	0.4
id-09294	3	2	14	0.4
id-09295	5	4	3	0.5
id-09296	2	2	13	0.4
id-09297	1	2	17	0.4
id-09298	5	2	30	0.3
id-09299	1	2	17	0.2
id-09300	3	4	5	0.3
id-09301	8	6	22	0.4
id-09302	4	8	22	0.4
id-09303	10	12	9	0.3
id-09304	4	6	2	0.3
id-09305	3	2	19	0.4
id-09306	1	2	9	0.3
id-09307	6	12	3	0.4
id-09308	6	11	23	0.2
id-09309	1	2	1	0.3
id-09310	7	2	10	0.2
id-09311	5	6	7	0.4
id-09312	5	8	17	0.3
id-09313	10	7	8	0.5
id-09314	3	4	14	0.3
id-09315	2	2	25	0.5
id-09316	6	5	20	0.4
id-09317	6	10	20	0.3
id-09318	9	15	9	0.2
id-09319	2	4	7	0.4
id-09320	6	7	14	0.2
id-09321	2	2	20	0.2
id-09322	7	7	14	0.5
id-09323	6	12	21	0.3
id-09324	3	6	25	0.5
id-09325	9	17	16	0.5
id-09326	2	2	23	0.3
id-09327	5	3	18	0.3
id-09328	10	16	24	0.4
id-09329	4	7	4	0.4
id-09330	10	17	29	0.5
id-09331	7	9	28	0.5
id-09332	8	8	20	0.5
id-09333	8	11	13	0.3
id-09334	10	9	1	0.4
id-09335	7	5	12	0.4
id-09336	8	3	15	0.2
id-09337	3	2	27	0.5
id-09338	6	8	8	0.4
id-09339	2	3	14	0.3
id-09340	8	8	24	0.5
id-09341	5	5	30	0.4
id-09342	2	4	2	0.4
id-09343	8	4	14	0.4
id-09344	10	15	13	0.5
id-09345	7	3	14	0.3
id-09346	7	14	5	0.5
id-09347	8	14	16	0.4
id-09348	4	6	10	0.3
id-09349	8	16	27	0.5
id-09350	4	4	5	0.3
id-09351	10	2	20	0.4
id-09352	9	12	15	0.3
id-09353	4	2	24	0.4
id-09354	6	10	23	0.2
id-09355	7	13	8	0.3
id-09356	8	5	15	0.3
id-09357	9	4	28	0.3
id-09358	7	6	28	0.4
id-09359	9	18	3	0.3
id-09360	5	2	29	0.2
id-09361	2	3	7	0.4
id-09362	6	4	4	0.5
id-09363	9	18	11	0.3
id-09364	9	12	9	0.5
id-09365	5	6	5	0.3
id-09366	10	18	30	0.5
id-09367	2	2	22	0.3
id-09368	10	15	25	0.4
id-09369	9	6	2	0.2
id-09370	3	6	22	0.4
id-09371	5	9	18	0.4
id-09372	6	11	2	0.4
id-09373	7	13	13	0.2
id-09374	9	6	12	0.5
id-09375	1	2	3	0.3
id-09376	7	11	18	0.3
id-09377	4	8	1	0.3
id-09378	2	4	24	0.4
id-09379	7	3	4	0.3
id-09380	4	4	23	0.4
id-09381	8	5	14	0.2
id-09382	5	5	6	0.2
id-09383	3	5	23	0.4
id-09384	4	2	26	0.2
id-09385	5	7	21	0.3
id-09386	7	4	22	0.4
id-09387	1	2	12	0.4
id-09388	9	4	4	0.2
id-09389	4	3	18	0.5
id-09390	5	2	2	0.5
id-09391	7	14	13	0.2
id-09392	9	12	17	0.2
id-09393	7	9	14	0.3
id-09394	5	5	28	0.3
id-09395	8	14	23	0.3
id-09396	5	3	19	0.4
id-09397	6	5	3	0.2
id-09398	8	13	7	0.2
id-09399	2	4	13	0.4
id-09400	9	6	5	0.2
id-09401	9	10	4	0.4
id-09402	3	6	15	0.4
id-09403	2	3	22	0.4
id-09404	1	2	1	0.4
id-09405	6	6	8	0.3
id-09406	5	4	11	0.4
id-09407	5	9	29	0.4
id-09408	9	6	30	0.5
id-09409	8	6	7	0.5
id-09410	8	6	15	0.4
id-09411	9	18	18	0.4
id-09412	10	14	19	0.4
id-09413	8	2	16	0.4
id-09414	4	2	20	0.5
id-09415	1	2	22	0.5
id-09416	2	2	4	0.4
id-09417	4	5	25	0.4
id-09418	6	6	18	0.3
id-09419	2	3	20	0.4
id-09420	6	12	3	0.3
id-09421	9	5	14	0.4
id-09422	10	9	8	0.4
id-09423	3	2	3	0.3
id-09424	5	7	30	0.2
id-09425	7	5	24	0.4
id-09426	10	6	24	0.5
id-09427	4	3	12	0.4
id-09428	10	7	10	0.3
id-09429	8	11	24	0.4
id-09430	7	4	16	0.4
id-09431	7	13	23	0.2
id-09432	4	5	3	0.5
id-09433	7	12	18	0.3
id-09434	8	3	5	0.5
id-09435	8	16	10	0.2
id-09436	1	2	10	0.2
id-09437	1	2	5	0.4
id-09438	8	13	10	0.4
id-09439	3	3	12	0.3
id-09440	5	7	11	0.4
id-09441	5	6	28	0.2
id-09442	6	5	1	0.3
id-09443	5	7	2	0.4
id-09444	1	2	7	0.4
id-09445	10	16	7	0.4
id-09446	1	2	22	0.4
id-09447	2	3	28	0.3
id-09448	5	2	8	0.4
id-09449	4	8	18	0.3
id-09450	7	3	17	0.2
id-09451	2	2	22	0.5
id-09452	1	2	15	0.3
id-09453	10	11	22	0.3
id-09454	1	2	2	0.3
id-09455	10	7	20	0.4
id-09456	2	3	30	0.4
id-09457	6	6	12	0.2
id-09458	6	6	29	0.3
id-09459	4	2	24	0.4
id-09460	5	7	27	0.3
id-09461	8	5	25	0.2
id-09462	10	20	14	0.2
id-09463	1	2	4	0.2
id-09464	6	10	19	0.5
id-09465	1	2	7	0.3
id-09466	1	2	1	0.3
id-09467	2	3	15	0.4
id-09468	6	12	13	0.5
id-09469	9	4	5	0.3
id-09470	6	5	15	0.5
id-09471	10	13	8	0.4
id-09472	2	3	13	0.3
id-09473	3	6	6	0.2
id-09474	7	3	7	0.2
id-09475	4	7	1	0.4
id-09476	8	15	18	0.3
id-09477	7	5	20	0.4
id-09478	9	12	20	0.2
id-09479	10	8	8	0.3
id-09480	6	9	1	0.3
id-09481	6	3	4	0.4
id-09482	2	3	16	0.2
id-09483	4	8	15	0.2
id-09484	9	4	10	0.4
id-09485	5	3	4	0.3
id-09486	2	4	26	0.4
id-09487	3	5	11	0.3
id-09488	10	15	14	0.4
id-09489	4	6	26	0.4
id-09490	1	2	6	0.4
id-09491	9	11	6	0.3
id-09492	8	7	17	0.3
id-09493	9	6	25	0.2
id-09494	10	11	7	0.3
id-09495	6	3	24	0.4
id-09496	9	18	30	0.4
id-09497	10	9	21	0.2
id-09498	7	4	12	0.4
id-09499	9	16	11	0.3
id-09500	10	8	16	0.4
id-09501	1	2	15	0.3
id-09502	4	8	10	0.2
id-09503	9	6	27	0.2
id-09504	1	2	5	0.3
id-09505	5	4	20	0.3
id-09506	8	2	28	0.5
id-09507	5	10	13	0.3
id-09508	4	4	27	0.3
id-09509	1	2	30	0.5
id-09510	2	4	9	0.4
id-09511	9	13	5	0.3
id-09512	3	6	8	0.2
id-09513	10	16	9	0.5
id-09514	1	2	30	0.4
id-09515	5	8	20	0.3
id-09516	10	13	12	0.3
id-09517	1	2	10	0.5
id-09518	5	9	30	0.3
id-09519	2	3	11	0.4
id-09520	4	6	6	0.5
id-09521	2	3	17	0.5
id-09522	5	2	9	0.5
id-09523	1	2	19	0.2
id-09524	1	2	30	0.4
id-09525	10	19	24	0.2
id-09526	7	8	17	0.3
id-09527	5	4	4	0.4
id-09528	7	5	20	0.3
id-09529	4	7	14	0.4
id-09530	1	2	3	0.2
id-09531	1	2	18	0.4
id-09532	10	6	7	0.4
id-09533	8	2	29	0.3
id-09534	9	9	21	0.5
id-09535	10	17	21	0.2
id-09536	10	7	17	0.5
id-09537	9	8	25	0.5
id-09538	4	3	1	0.5
id-09539	5	2	26	0.4
id-09540	4	3	12	0.4
id-09541	7	9	11	0.5
id-09542	5	4	28	0.3
id-09543	5	5	24	0.4
id-09544	6	3	23	0.4
id-09545	8	5	23	0.2
id-09546	1	2	23	0.3
id-09547	8	15	7	0.3
id-09548	3	6	8	0.4
id-09549	1	2	30	0.2
id-09550	1	2	11	0.2
id-09551	5	4	8	0.2
id-09552	7	7	9	0.5
id-09553	5	6	20	0.5
id-09554	9	10	18	0.3
id-09555	7	2	28	0.3
id-09556	6	9	15	0.4
id-09557	8	15	11	0.5
id-09558	9	18	15	0.4
id-09559	3	6	20	0.3
id-09560	2	4	4	0.4
id-09561	3	5	3	0.2
id-09562	5	8	6	0.2
id-09563	7	13	10	0.4
id-09564	8	12	19	0.4
id-09565	3	6	7	0.4
id-09566	8	11	23	0.3
id-09567	8	6	24	0.4
id-09568	3	2	29	0.3
id-09569	7	10	19	0.2
id-09570	8	9	9	0.3
id-09571	8	13	20	0.2
id-09572	1	2	13	0.3
id-09573	6	10	6	0.5
id-09574	4	2	22	0.3
id-09575	4	3	17	0.3
id-09576	5	8	21	0.3
id-09577	2	4	15	0.2
id-09578	4	4	13	0.4
id-09579	3	4	8	0.2
id-09580	9	15	27	0.4
id-09581	5	3	27	0.4
id-09582	1	2	4	0.4
id-09583	4	2	27	0.3
id-09584	2	3	26	0.3
id-09585	4	8	5	0.4
id-09586	10	8	1	0.5
id-09587	5	10	30	0.3
id-09588	9	17	29	0.3
id-09589	7	13	6	0.2
id-09590	2	3	11	0.2
id-09591	10	14	12	0.4
id-09592	10	6	24	0.4
id-09593	2	3	22	0.4
id-09594	7	11	9	0.2
id-09595	1	2	12	0.2
id-09596	4	7	18	0.4
id-09597	2	4	26	0.3
id-09598	10	12	30	0.3
id-09599	4	5	1	0.4
id-09600	5	6	11	0.2
id-09601	5	3	28	0.4
id-09602	10	3	6	0.3
id-09603	5	6	14	0.2
id-09604	10	2	8	0.4
id-09605	8	9	15	0.5
id-09606	10	17	10	0.2
id-09607	2	2	29	0.4
id-09608	2	2	9	0.5
id-09609	5	9	26	0.2
id-09610	7	6	23	0.2
id-09611	4	6	20	0.3
id-09612	5	6	28	0.4
id-09613	3	3	8	0.4
id-09614	5	6	9	0.4
id-09615	4	6	24	0.2
id-09616	8	8	20	0.4
id-09617	2	2	25	0.3
id-09618	2	2	17	0.4
id-09619	8	12	12	0.5
id-09620	1	2	25	0.5
id-09621	10	12	27	0.5
id-09622	3	5	1	0.4
id-09623	5	3	9	0.4
id-09624	7	11	5	0.4
id-09625	9	9	24	0.5
id-09626	1	2	21	0.2
id-09627	3	3	29	0.3
id-09628	9	6	7	0.3
id-09629	4	2	19	0.3
id-09630	1	2	9	0.3
id-09631	4	5	21	0.5
id-09632	8	13	4	0.3
id-09633	3	2	17	0.3
id-09634	6	10	8	0.2
id-09635	8	11	20	0.5
id-09636	1	2	13	0.5
id-09637	10	16	20	0.2
id-09638	2	4	1	0.4
id-09639	9	2	29	0.3
id-09640	6	12	23	0.2
id-09641	1	2	7	0.2
id-09642	10	10	8	0.5
id-09643	1	2	21	0.5
id-09644	10	15	12	0.5
id-09645	9	15	16	0.4
id-09646	2	2	22	0.5
id-09647	8	12	6	0.5
id-09648	6	11	28	0.5
id-09649	8	3	3	0.2
id-09650	5	8	8	0.4
id-09651	10	10	29	0.4
id-09652	6	8	29	0.5
id-09653	4	7	29	0.4
id-09654	3	5	19	0.3
id-09655	7	3	7	0.4
id-09656	3	2	9	0.3
id-09657	3	6	15	0.2
id-09658	1	2	3	0.3
id-09659	10	2	6	0.3
id-09660	10	9	22	0.2
id-09661	8	6	23	0.2
id-09662	10	20	12	0.3
id-09663	1	2	1	0.4
id-09664	9	2	12	0.3
id-09665	1	2	23	0.2
id-09666	3	5	7	0.4
id-09667	5	9	14	0.3
id-09668	6	8	30	0.4
id-09669	10	18	16	0.3
id-09670	9	12	21	0.3
id-09671	2	3	28	0.2
id-09672	7	7	22	0.3
id-09673	10	7	11	0.4
id-09674	7	9	25	0.4
id-09675	10	20	18	0.3
id-09676	9	9	21	0.3
id-09677	10	16	4	0.4
id-09678	5	8	5	0.4
id-09679	6	3	10	0.3
id-09680	7	7	1	0.3
id-09681	10	12	1	0.3
id-09682	6	2	26	0.4
id-09683	2	2	13	0.4
id-09684	4	4	4	0.4
id-09685	8	10	28	0.4
id-09686	5	5	18	0.3
id-09687	6	12	25	0.4
id-09688	8	15	30	0.5
id-09689	4	5	9	0.3
id-09690	4	6	16	0.3
id-09691	8	2	10	0.3
id-09692	6	4	17	0.4
id-09693	4	3	8	0.2
id-09694	8	14	4	0.3
id-09695	4	2	25	0.4
id-09696	8	6	23	0.2
id-09697	9	4	24	0.3
id-09698	3	3	14	0.4
id-09699	8	15	3	0.4
id-09700	10	6	25	0.4
id-09701	1	2	20	0.2
id-09702	9	16	25	0.2
id-09703	9	2	25	0.2
id-09704	8	13	14	0.4
id-09705	9	9	24	0.4
id-09706	6	2	7	0.3
id-09707	7	2	30	0.2
id-09708	2	4	29	0.3
id-09709	3	2	25	0.5
id-09710	3	5	29	0.4
id-09711	9	5	16	0.4
id-09712	3	6	21	0.4
id-09713	3	5	21	0.2
id-09714	10	7	7	0.3
id-09715	4	6	6	0.3
id-09716	5	3	29	0.2
id-09717	4	8	28	0.4
id-09718	1	2	30	0.3
id-09719	2	4	20	0.3
id-09720	8	7	27	0.3
id-09721	9	9	21	0.2
id-09722	4	8	12	0.5
id-09723	10	16	25	0.3
id-09724	2	3	18	0.4
id-09725	1	2	10	0.2
id-09726	3	5	28	0.2
id-09727	8	9	29	0.3
id-09728	8	8	19	0.3
id-09729	8	2	23	0.4
id-09730	4	8	26	0.3
id-09731	5	6	9	0.5
id-09732	6	7	21	0.3
id-09733	7	11	28	0.4
id-09734	7	4	25	0.3
id-09735	8	9	3	0.5
id-09736	5	4	13	0.2
id-09737	6	4	12	0.4
id-09738	10	20	12	0.2
id-09739	10	10	25	0.5
id-09740	10	13	15	0.5
id-09741	3	6	12	0.2
id-09742	1	2	30	0.4
id-09743	8	3	26	0.2
id-09744	8	15	22	0.3
id-09745	2	4	23	0.2
id-09746	2	3	2	0.4
id-09747	7	9	2	0.3
id-09748	5	7	20	0.3
id-09749	7	5	19	0.3
id-09750	9	10	12	0.3
id-09751	2	4	2	0.3
id-09752	7	2	17	0.4
id-09753	1	2	20	0.4
id-09754	5	5	19	0.3
id-09755	5	3	10	0.4
id-09756	4	5	22	0.4
id-09757	10	16	6	0.2
id-09758	1	2	15	0.3
id-09759	4	7	14	0.5
id-09760	3	6	10	0.4
id-09761	2	2	20	0.3
id-09762	3	2	12	0.4
id-09763	7	11	8	0.3
id-09764	7	9	27	0.4
id-09765	3	2	21	0.2
id-09766	6	11	12	0.2
id-09767	1	2	21	0.3
id-09768	10	4	5	0.4
id-09769	5	6	12	0.3
id-09770	3	4	9	0.3
id-09771	7	14	13	0.4
id-09772	6	6	8	0.5
id-09773	5	9	14	0.2
id-09774	8	6	11	0.5
id-09775	2	4	6	0.4
id-09776	10	2	8	0.5
id-09777	1	2	29	0.2
id-09778	7	11	12	0.4
id-09779	7	6	9	0.4
id-09780	4	6	3	0.4
id-09781	3	3	13	0.4
id-09782	3	2	13	0.3
id-09783	8	2	30	0.3
id-09784	1	2	23	0.3
id-09785	10	12	11	0.5
id-09786	2	2	4	0.3
id-09787	2	2	26	0.5
id-09788	4	2	22	0.3
id-09789	7	4	24	0.4
id-09790	10	18	18	0.3
id-09791	7	6	5	0.5
id-09792	9	12	19	0.3
id-09793	10	13	23	0.3
id-09794	10	10	25	0.4
id-09795	6	2	6	0.5
id-09796	6	4	19	0.4
id-09797	10	13	23	0.4
id-09798	7	2	7	0.5
id-09799	3	4	1	0.4
id-09800	8	3	13	0.4
id-09801	5	8	3	0.5
id-09802	7	10	7	0.5
id-09803	1	2	30	0.5
id-09804	3	6	17	0.2
id-09805	4	5	25	0.3
id-09806	7	2	13	0.3
id-09807	9	13	12	0.4
id-09808	4	2	20	0.3
id-09809	1	2	6	0.3
id-09810	5	7	17	0.2
id-09811	9	8	24	0.3
id-09812	5	4	29	0.5
id-09813	2	4	3	0.3
id-09814	3	5	24	0.2
id-09815	7	14	24	0.3
id-09816	6	12	13	0.3
id-09817	1	2	16	0.3
id-09818	7	11	20	0.2
id-09819	1	2	2	0.5
id-09820	10	17	18	0.3
id-09821	5	9	13	0.3
id-09822	3	2	16	0.2
id-09823	2	4	25	0.3
id-09824	9	3	11	0.3
id-09825	9	18	24	0.2
id-09826	3	2	12	0.4
id-09827	8	6	22	0.4
id-09828	2	2	15	0.3
id-09829	4	6	3	0.3
id-09830	9	8	21	0.3
id-09831	9	3	29	0.4
id-09832	1	2	24	0.4
id-09833	4	3	10	0.4
id-09834	7	14	16	0.2
id-09835	4	8	21	0.2
id-09836	9	9	13	0.2
id-09837	9	7	12	0.2
id-09838	7	9	4	0.3
id-09839	4	2	22	0.3
id-09840	6	7	4	0.3
id-09841	9	10	11	0.3
id-09842	7	10	8	0.4
id-09843	9	3	7	0.3
id-09844	9	6	25	0.3
id-09845	5	10	25	0.5
id-09846	2	4	11	0.2
id-09847	10	3	29	0.2
id-09848	10	14	14	0.2
id-09849	4	8	19	0.4
id-09850	9	18	12	0.2
id-09851	7	4	7	0.5
id-09852	8	12	2	0.3
id-09853	4	3	13	0.4
id-09854	8	2	19	0.2
id-09855	10	13	1	0.5
id-09856	1	2	25	0.4
id-09857	2	3	10	0.2
id-09858	10	15	14	0.3
id-09859	7	8	8	0.4
id-09860	9	12	6	0.5
id-09861	7	13	11	0.4
id-09862	4	8	26	0.2
id-09863	1	2	11	0.5
id-09864	3	3	29	0.2
id-09865	6	11	16	0.2
id-09866	8	7	11	0.5
id-09867	3	3	3	0.3
id-09868	3	6	7	0.2
id-09869	10	11	14	0.3
id-09870	3	4	18	0.3
id-09871	3	4	18	0.3
id-09872	9	2	2	0.4
id-09873	3	2	12	0.5
id-09874	5	4	28	0.4
id-09875	3	5	23	0.3
id-09876	3	5	8	0.4
id-09877	4	4	21	0.3
id-09878	1	2	7	0.4
id-09879	1	2	26	0.5
id-09880	2	3	15	0.5
id-09881	10	18	24	0.4
id-09882	8	9	4	0.4
id-09883	9	8	25	0.4
id-09884	7	2	17	0.4
id-09885	5	6	16	0.5
id-09886	7	12	17	0.5
id-09887	4	6	6	0.3
id-09888	2	2	14	0.5
id-09889	9	13	1	0.2
id-09890	4	5	25	0.4
id-09891	8	3	22	0.4
id-09892	6	9	30	0.2
id-09893	3	6	7	0.3
id-09894	8	2	21	0.3
id-09895	1	2	17	0.2
id-09896	1	2	28	0.3
id-09897	8	5	7	0.2
id-09898	7	13	28	0.2
id-09899	5	10	22	0.5
id-09900	7	14	22	0.4
id-09901	5	4	7	0.4
id-09902	1	2	1	0.3
id-09903	10	8	28	0.3
id-09904	2	3	21	0.2
id-09905	4	4	8	0.5
id-09906	4	8	11	0.3
id-09907	7	10	27	0.2
id-09908	9	12	19	0.2
id-09909	9	8	3	0.4
id-09910	6	5	2	0.4
id-09911	10	15	10	0.4
id-09912	8	14	21	0.4
id-09913	1	2	15	0.4
id-09914	4	7	2	0.4
id-09915	8	7	24	0.4
id-09916	8	10	16	0.3
id-09917	7	10	21	0.4
id-09918	7	5	9	0.5
id-09919	6	12	29	0.3
id-09920	3	6	10	0.3
id-09921	7	8	12	0.5
id-09922	5	5	6	0.5
id-09923	7	11	4	0.5
id-09924	7	6	24	0.2
id-09925	2	2	10	0.3
id-09926	10	17	5	0.4
id-09927	4	5	1	0.2
id-09928	1	2	3	0.4
id-09929	3	3	27	0.4
id-09930	10	9	4	0.3
id-09931	5	2	23	0.3
id-09932	1	2	16	0.5
id-09933	8	7	12	0.3
id-09934	2	3	17	0.4
id-09935	9	3	26	0.4
id-09936	4	7	28	0.4
id-09937	7	4	1	0.4
id-09938	9	18	28	0.3
id-09939	2	3	12	0.3
id-09940	1	2	4	0.5
id-09941	4	2	15	0.5
id-09942	9	16	20	0.4
id-09943	9	7	24	0.3
id-09944	4	5	1	0.3
id-09945	2	3	16	0.4
id-09946	10	11	7	0.3
id-09947	4	4	30	0.3
id-09948	4	7	9	0.4
id-09949	1	2	17	0.3
id-09950	6	2	6	0.4
id-09951	2	3	5	0.4
id-09952	4	5	7	0.3
id-09953	3	5	6	0.4
id-09954	4	5	14	0.4
id-09955	5	9	3	0.3
id-09956	5	6	17	0.5
id-09957	7	5	15	0.4
id-09958	1	2	29	0.5
id-09959	9	16	13	0.2
id-09960	9	9	8	0.3
id-09961	2	2	1	0.3
id-09962	5	9	24	0.3
id-09963	7	11	30	0.3
id-09964	8	4	19	0.3
id-09965	2	2	28	0.3
id-09966	2	3	28	0.3
id-09967	9	8	18	0.4
id-09968	4	5	11	0.4
id-09969	2	2	12	0.4
id-09970	8	15	10	0.3
id-09971	9	10	15	0.4
id-09972	6	9	12	0.4
id-09973	7	2	30	0.3
id-09974	8	3	17	0.4
id-09975	3	6	4	0.3
id-09976	2	4	18	0.2
id-09977	1	2	5	0.5
id-09978	5	10	13	0.4
id-09979	5	8	7	0.5
id-09980	7	4	1	0.3
id-09981	1	2	26	0.4
id-09982	8	6	1	0.4
id-09983	1	2	13	0.5
id-09984	8	12	25	0.2
id-09985	9	4	15	0.3
id-09986	7	9	5	0.3
id-09987	2	3	21	0.2
id-09988	1	2	3	0.2
id-09989	1	2	18	0.4
id-09990	5	8	4	0.2
id-09991	2	2	20	0.4
id-09992	5	5	24	0.3
id-09993	5	7	17	0.2
id-09994	9	11	25	0.4
id-09995	10	9	10	0.2
id-09996	10	20	22	0.3
id-09997	7	11	20	0.2
id-09998	6	11	6	0.4
id-09999	8	7	3	0.5
id-10000	10	19	27	0.5
id-10001	3	3	13	0.5
id-10002	5	5	27	0.4
id-10003	8	8	16	0.3
id-10004	2	4	20	0.3
id-10005	3	4	6	0.5
id-10006	5	7	2	0.3
id-10007	4	5	6	0.3
id-10008	7	9	6	0.2
id-10009	8	7	17	0.2
id-10010	2	3	16	0.5
id-10011	10	6	19	0.3
id-10012	6	10	1	0.3
id-10013	9	16	25	0.3
id-10014	10	9	11	0.4
id-10015	2	2	26	0.3
id-10016	4	5	14	0.4
id-10017	2	2	14	0.4
id-10018	2	3	20	0.4
id-10019	9	8	19	0.3
id-10020	1	2	1	0.3
id-10021	3	6	22	0.4
id-10022	6	5	23	0.4
id-10023	7	14	5	0.4
id-10024	8	2	5	0.3
id-10025	6	12	4	0.4
id-10026	5	7	15	0.3
id-10027	5	10	9	0.3
id-10028	4	4	3	0.3
id-10029	7	3	22	0.4
id-10030	4	8	17	0.3
id-10031	1	2	4	0.4
id-10032	2	2	30	0.2
id-10033	10	2	14	0.3
id-10034	1	2	26	0.4
id-10035	3	3	6	0.4
id-10036	5	7	29	0.4
id-10037	4	6	21	0.2
id-10038	3	3	3	0.4
id-10039	3	3	27	0.4
id-10040	7	4	24	0.2
id-10041	5	10	28	0.4
id-10042	3	4	4	0.5
id-10043	2	2	18	0.5
id-10044	1	2	26	0.2
id-10045	5	2	12	0.3
id-10046	2	4	14	0.3
id-10047	6	4	16	0.5
id-10048	5	6	29	0.5
id-10049	6	8	1	0.3
id-10050	3	4	24	0.5
id-10051	2	3	13	0.5
id-10052	2	4	11	0.4
id-10053	8	9	9	0.2
id-10054	5	7	10	0.4
id-10055	2	4	30	0.3
id-10056	2	4	25	0.3
id-10057	10	14	17	0.4
id-10058	9	13	20	0.4
id-10059	5	10	24	0.4
id-10060	9	9	13	0.2
id-10061	1	2	16	0.2
id-10062	7	7	3	0.3
id-10063	2	2	26	0.2
id-10064	6	7	6	0.5
id-10065	10	15	30	0.3
id-10066	8	2	22	0.4
id-10067	8	5	25	0.5
id-10068	10	3	13	0.3
id-10069	1	2	18	0.5
id-10070	2	2	21	0.5
id-10071	1	2	29	0.4
id-10072	1	2	9	0.4
id-10073	3	5	28	0.3
id-10074	10	20	12	0.2
id-10075	6	4	13	0.3
id-10076	4	8	3	0.3
id-10077	4	5	30	0.4
id-10078	3	6	19	0.5
id-10079	2	2	3	0.3
id-10080	9	10	15	0.4
id-10081	5	6	5	0.5
id-10082	1	2	8	0.3
id-10083	8	11	20	0.2
id-10084	1	2	20	0.2
id-10085	10	13	11	0.5
id-10086	3	2	14	0.3
id-10087	2	4	27	0.2
id-10088	4	7	8	0.2
id-10089	8	6	2	0.4
id-10090	6	3	21	0.4
id-10091	8	2	4	0.4
id-10092	8	11	3	0.4
id-10093	3	3	10	0.4
id-10094	4	3	15	0.3
id-10095	6	3	30	0.5
id-10096	3	5	3	0.2
id-10097	3	6	26	0.4
id-10098	2	3	7	0.4
id-10099	1	2	5	0.5
id-10100	2	2	4	0.5
id-10101	4	2	16	0.3
id-10102	6	3	19	0.3
id-10103	1	2	15	0.5
id-10104	1	2	26	0.4
id-10105	6	9	16	0.2
id-10106	7	4	24	0.4
id-10107	9	11	21	0.5
id-10108	2	3	30	0.3
id-10109	5	10	5	0.2
id-10110	10	15	18	0.5
id-10111	5	9	2	0.3
id-10112	6	5	13	0.4
id-10113	1	2	2	0.4
id-10114	2	3	3	0.3
id-10115	2	4	10	0.4
id-10116	8	2	2	0.3
id-10117	6	7	2	0.4
id-10118	8	6	7	0.4
id-10119	10	14	5	0.4
id-10120	8	2	2	0.4
id-10121	7	7	28	0.2
id-10122	8	16	26	0.4
id-10123	9	4	4	0.4
id-10124	3	3	6	0.5
id-10125	2	3	27	0.3
id-10126	4	2	6	0.4
id-10127	5	10	21	0.4
id-10128	7	7	27	0.3
id-10129	4	6	21	0.3
id-10130	2	3	29	0.3
id-10131	1	2	27	0.4
id-10132	7	13	26	0.2
id-10133	7	4	18	0.5
id-10134	6	7	28	0.3
id-10135	6	11	12	0.3
id-10136	3	6	17	0.3
id-10137	5	5	11	0.4
id-10138	2	4	20	0.4
id-10139	10	13	1	0.4
id-10140	9	16	8	0.2
id-10141	2	3	22	0.3
id-10142	3	4	23	0.4
id-10143	4	3	10	0.5
id-10144	4	4	4	0.3
id-10145	9	3	11	0.3
id-10146	10	6	21	0.4
id-10147	1	2	24	0.4
id-10148	8	16	23	0.4
id-10149	10	18	11	0.5
id-10150	6	4	16	0.2
id-10151	9	9	12	0.3
id-10152	8	8	27	0.3
id-10153	6	4	9	0.2
id-10154	5	2	25	0.2
id-10155	6	2	25	0.3
id-10156	4	7	11	0.4
id-10157	4	6	10	0.2
id-10158	5	7	4	0.5
id-10159	5	9	18	0.3
id-10160	1	2	16	0.2
id-10161	1	2	4	0.4
id-10162	3	4	3	0.5
id-10163	2	2	30	0.4
id-10164	9	6	17	0.4
id-10165	4	8	13	0.2
id-10166	7	5	20	0.5
id-10167	9	10	16	0.5
id-10168	9	10	16	0.2
id-10169	2	3	24	0.3
id-10170	4	3	3	0.2
id-10171	5	4	16	0.4
id-10172	6	3	4	0.3
id-10173	9	17	19	0.4
id-10174	7	9	10	0.4
id-10175	10	11	30	0.4
id-10176	9	9	28	0.4
id-10177	10	5	7	0.2
id-10178	7	13	16	0.3
id-10179	2	2	19	0.5
id-10180	1	2	26	0.3
id-10181	3	4	6	0.4
id-10182	1	2	18	0.5
id-10183	4	3	23	0.2
id-10184	8	13	18	0.4
id-10185	10	19	5	0.2
id-10186	7	3	7	0.4
id-10187	10	7	13	0.3
id-10188	6	7	7	0.3
id-10189	4	8	26	0.4
id-10190	10	10	28	0.5
id-10191	5	5	10	0.3
id-10192	4	6	19	0.3
id-10193	4	7	6	0.5
id-10194	1	2	16	0.4
id-10195	6	3	7	0.2
id-10196	8	12	4	0.3
id-10197	9	13	5	0.4
id-10198	10	5	15	0.5
id-10199	9	3	27	0.2
id-10200	3	2	23	0.2
id-10201	1	2	26	0.5
id-10202	8	12	4	0.4
id-10203	1	2	16	0.4
id-10204	5	7	19	0.4
id-10205	8	7	7	0.3
id-10206	3	3	13	0.5
id-10207	2	3	5	0.3
id-10208	5	7	1	0.2
id-10209	4	3	5	0.3
id-10210	8	13	22	0.4
id-10211	3	6	19	0.4
id-10212	9	9	13	0.4
id-10213	6	7	16	0.3
id-10214	5	5	27	0.2
id-10215	10	11	30	0.2
id-10216	4	8	10	0.3
id-10217	6	3	21	0.3
id-10218	2	3	24	0.3
id-10219	8	8	17	0.3
id-10220	1	2	21	0.5
id-10221	6	6	22	0.5
id-10222	3	6	3	0.4
id-10223	9	3	5	0.3
id-10224	6	10	22	0.4
id-10225	9	10	9	0.3
id-10226	2	3	23	0.3
id-10227	7	10	25	0.3
id-10228	5	8	12	0.2
id-10229	1	2	27	0.4
id-10230	7	10	25	0.5
id-10231	1	2	10	0.4
id-10232	3	6	17	0.2
id-10233	4	3	30	0.3
id-10234	1	2	18	0.4
id-10235	1	2	29	0.4
id-10236	8	3	3	0.4
id-10237	5	2	19	0.5
id-10238	1	2	6	0.4
id-10239	6	2	18	0.3
id-10240	10	7	30	0.4
id-10241	8	6	28	0.4
id-10242	6	8	23	0.4
id-10243	5	2	19	0.5
id-10244	7	12	26	0.5
id-10245	6	8	13	0.3
id-10246	1	2	2	0.5
id-10247	4	4	8	0.4
id-10248	10	14	4	0.4
id-10249	9	17	3	0.3
id-10250	5	2	29	0.2
id-10251	8	12	20	0.5
id-10252	9	18	6	0.4
id-10253	7	4	16	0.5
id-10254	1	2	30	0.4
id-10255	5	7	11	0.4
id-10256	5	5	7	0.3
id-10257	10	3	5	0.3
id-10258	1	2	13	0.3
id-10259	6	5	30	0.2
id-10260	7	3	29	0.3
id-10261	2	4	13	0.2
id-10262	3	3	4	0.5
id-10263	7	11	6	0.3
id-10264	7	11	25	0.3
id-10265	7	14	19	0.2
id-10266	5	4	5	0.5
id-10267	1	2	8	0.2
id-10268	10	3	1	0.3
id-10269	8	13	28	0.2
id-10270	6	7	24	0.4
id-10271	3	2	19	0.4
id-10272	1	2	5	0.3
id-10273	8	4	8	0.4
id-10274	8	6	22	0.4
id-10275	9	8	14	0.4
id-10276	9	17	8	0.3
id-10277	6	2	6	0.4
id-10278	9	3	8	0.2
id-10279	9	8	25	0.4
id-10280	5	3	6	0.4
id-10281	3	2	19	0.2
id-10282	10	10	10	0.5
id-10283	1	2	29	0.3
id-10284	1	2	11	0.5
id-10285	2	4	1	0.4
id-10286	10	19	28	0.5
id-10287	8	4	21	0.4
id-10288	7	14	21	0.3
id-10289	3	5	29	0.5
id-10290	7	11	13	0.3
id-10291	2	4	25	0.3
id-10292	10	12	9	0.4
id-10293	8	4	28	0.4
id-10294	9	8	23	0.4
id-10295	3	2	6	0.5
id-10296	6	9	14	0.3
id-10297	7	8	12	0.3
id-10298	1	2	11	0.4
id-10299	10	18	3	0.5
id-10300	2	4	17	0.3
id-10301	9	15	30	0.2
id-10302	10	2	10	0.3
id-10303	4	7	14	0.4
id-10304	10	20	12	0.5
id-10305	10	18	22	0.2
id-10306	8	5	22	0.4
id-10307	2	3	30	0.3
id-10308	3	6	15	0.4
id-10309	6	2	22	0.2
id-10310	2	3	11	0.3
id-10311	9	11	9	0.4
id-10312	8	8	7	0.5
id-10313	8	16	9	0.4
id-10314	1	2	4	0.2
id-10315	9	7	13	0.4
id-10316	4	7	16	0.5
id-10317	1	2	11	0.3
id-10318	5	9	13	0.2
id-10319	8	12	8	0.4
id-10320	9	8	2	0.2
id-10321	9	9	13	0.5
id-10322	4	6	17	0.2
id-10323	6	4	12	0.5
id-10324	8	10	4	0.3
id-10325	8	16	11	0.5
id-10326	9	13	1	0.3
id-10327	2	3	16	0.2
id-10328	3	4	20	0.4
id-10329	10	20	6	0.4
id-10330	2	2	6	0.4
id-10331	10	3	23	0.4
id-10332	2	4	24	0.3
id-10333	9	6	7	0.3
id-10334	6	11	8	0.3
id-10335	6	5	10	0.4
id-10336	10	13	10	0.2
id-10337	9	4	15	0.3
id-10338	9	17	21	0.4
id-10339	5	2	11	0.3
id-10340	2	3	3	0.3
id-10341	3	5	27	0.2
id-10342	4	4	26	0.4
id-10343	1	2	17	0.4
id-10344	4	6	30	0.3
id-10345	9	12	24	0.2
id-10346	6	9	4	0.4
id-10347	2	4	23	0.4
id-10348	6	3	26	0.3
id-10349	3	6	30	0.4
id-10350	7	14	30	0.2
id-10351	5	10	27	0.3
id-10352	2	2	25	0.2
id-10353	9	11	25	0.5
id-10354	8	12	16	0.4
id-10355	8	8	20	0.3
id-10356	7	3	6	0.3
id-10357	1	2	6	0.5
id-10358	3	4	10	0.4
id-10359	4	3	10	0.4
id-10360	3	4	15	0.2
id-10361	8	3	29	0.4
id-10362	10	18	20	0.4
id-10363	7	7	12	0.3
id-10364	4	7	1	0.3
id-10365	1	2	1	0.4
id-10366	9	12	7	0.4
id-10367	5	7	24	0.5
id-10368	2	3	23	0.2
id-10369	8	2	13	0.2
id-10370	5	7	9	0.2
id-10371	2	3	19	0.5
id-10372	10	4	19	0.4
id-10373	4	6	15	0.4
id-10374	8	11	8	0.3
id-10375	10	11	14	0.4
id-10376	3	6	22	0.2
id-10377	10	8	17	0.4
id-10378	9	11	17	0.2
id-10379	2	3	14	0.3
id-10380	5	3	1	0.4
id-10381	8	12	29	0.3
id-10382	4	3	1	0.4
id-10383	9	15	18	0.4
id-10384	10	9	18	0.5
id-10385	8	6	17	0.4
id-10386	5	7	8	0.3
id-10387	7	11	6	0.3
id-10388	9	6	13	0.4
id-10389	5	5	3	0.4
id-10390	5	5	3	0.2
id-10391	3	3	18	0.3
id-10392	7	11	2	0.4
id-10393	6	3	6	0.3
id-10394	2	3	3	0.3
id-10395	8	10	19	0.3
id-10396	9	2	1	0.3
id-10397	8	8	6	0.4
id-10398	9	15	17	0.4
id-10399	5	6	16	0.3
id-10400	3	3	10	0.2
id-10401	10	12	1	0.3
id-10402	10	19	29	0.4
id-10403	4	6	18	0.4
id-10404	5	6	8	0.3
id-10405	9	15	12	0.4
id-10406	4	2	6	0.4
id-10407	6	12	21	0.3
id-10408	1	2	15	0.3
id-10409	1	2	24	0.2
id-10410	6	2	11	0.3
id-10411	9	8	4	0.5
id-10412	8	5	10	0.4
id-10413	5	4	28	0.2
id-10414	8	3	22	0.3
id-10415	9	7	15	0.2
id-10416	2	2	21	0.4
id-10417	7	6	4	0.3
id-10418	5	4	16	0.4
id-10419	7	4	25	0.5
id-10420	6	11	4	0.2
id-10421	3	2	30	0.2
id-10422	8	8	24	0.4
id-10423	2	2	15	0.3
id-10424	4	6	1	0.3
id-10425	3	4	29	0.5
id-10426	8	5	24	0.3
id-10427	10	15	6	0.2
id-10428	9	16	24	0.3
id-10429	3	2	7	0.4
id-10430	1	2	26	0.3
id-10431	4	5	21	0.5
id-10432	10	6	30	0.2
id-10433	2	2	7	0.3
id-10434	6	2	6	0.4
id-10435	8	4	18	0.2
id-10436	8	9	12	0.3
id-10437	8	9	7	0.3
id-10438	6	9	5	0.4
id-10439	7	11	22	0.4
id-10440	8	9	28	0.2
id-10441	5	3	27	0.4
id-10442	3	6	19	0.4
id-10443	9	3	6	0.3
id-10444	10	8	17	0.2
id-10445	7	4	14	0.4
id-10446	8	4	21	0.2
id-10447	6	9	2	0.3
id-10448	3	4	21	0.3
id-10449	1	2	16	0.4
id-10450	4	2	28	0.4
id-10451	9	2	11	0.5
id-10452	3	5	17	0.3
id-10453	5	9	7	0.4
id-10454	8	10	24	0.4
id-10455	10	20	20	0.3
id-10456	7	5	24	0.3
id-10457	3	6	4	0.4
id-10458	7	3	27	0.4
id-10459	5	8	1	0.3
id-10460	2	4	18	0.5
id-10461	3	5	29	0.3
id-10462	8	12	5	0.3
id-10463	1	2	18	0.2
id-10464	4	2	19	0.2
id-10465	6	2	10	0.5
id-10466	4	2	23	0.2
id-10467	8	16	3	0.4
id-10468	6	11	6	0.4
id-10469	8	13	7	0.3
id-10470	2	2	6	0.3
id-10471	9	6	7	0.4
id-10472	10	11	3	0.3
id-10473	2	3	25	0.4
id-10474	3	3	6	0.3
id-10475	2	2	24	0.2
id-10476	1	2	13	0.3
id-10477	8	16	13	0.4
id-10478	3	2	11	0.4
id-10479	4	3	20	0.4
id-10480	3	2	10	0.4
id-10481	8	15	5	0.3
id-10482	9	6	2	0.3
id-10483	3	3	26	0.2
id-10484	9	6	14	0.3
id-10485	2	3	25	0.4
id-10486	8	4	25	0.4
id-10487	3	5	29	0.5
id-10488	2	3	10	0.5
id-10489	1	2	2	0.4
id-10490	9	10	1	0.4
id-10491	6	3	22	0.4
id-10492	4	5	13	0.5
id-10493	9	7	26	0.4
id-10494	10	2	24	0.4
id-10495	1	2	3	0.3
id-10496	1	2	5	0.3
id-10497	6	2	13	0.4
id-10498	8	5	25	0.5
id-10499	9	12	8	0.3
id-10500	3	2	20	0.4
id-10501	10	14	23	0.4
id-10502	6	11	6	0.4
id-10503	3	3	30	0.2
id-10504	9	11	27	0.2
id-10505	9	7	23	0.2
id-10506	5	6	8	0.3
id-10507	10	4	24	0.3
id-10508	6	8	5	0.4
id-10509	7	10	27	0.5
id-10510	9	14	11	0.3
id-10511	8	2	18	0.3
id-10512	10	20	14	0.5
id-10513	9	8	23	0.3
id-10514	2	3	8	0.5
id-10515	6	4	7	0.3
id-10516	2	2	2	0.3
id-10517	10	12	2	0.2
id-10518	3	4	30	0.4
id-10519	9	3	7	0.5
id-10520	8	16	18	0.3
id-10521	6	7	1	0.4
id-10522	6	7	21	0.3
id-10523	8	9	13	0.3
id-10524	4	2	23	0.2
id-10525	8	6	5	0.5
id-10526	9	12	2	0.4
id-10527	6	10	14	0.4
id-10528	5	10	1	0.3
id-10529	7	10	29	0.4
id-10530	2	4	3	0.3
id-10531	2	4	22	0.4
id-10532	4	4	12	0.2
id-10533	7	12	8	0.4
id-10534	7	13	29	0.2
id-10535	1	2	26	0.4
id-10536	7	5	25	0.5
id-10537	5	6	27	0.3
id-10538	6	12	1	0.5
id-10539	1	2	1	0.4
id-10540	3	6	9	0.3
id-10541	8	10	1	0.3
id-10542	6	12	25	0.5
id-10543	4	4	7	0.3
id-10544	7	12	27	0.4
id-10545	5	10	9	0.2
id-10546	7	13	26	0.2
id-10547	7	9	20	0.2
id-10548	3	4	25	0.4
id-10549	3	2	24	0.4
id-10550	2	3	19	0.4
id-10551	8	9	24	0.3
id-10552	4	4	22	0.2
id-10553	7	5	16	0.4
id-10554	2	3	2	0.4
id-10555	7	5	20	0.3
id-10556	10	20	9	0.2
id-10557	5	3	22	0.5
id-10558	5	2	4	0.2
id-10559	6	8	9	0.3
id-10560	8	5	26	0.4
id-10561	3	5	1	0.4
id-10562	9	15	5	0.3
id-10563	2	2	6	0.4
id-10564	1	2	15	0.2
id-10565	10	8	18	0.3
id-10566	3	6	30	0.3
id-10567	1	2	12	0.3
id-10568	4	2	12	0.3
id-10569	8	3	3	0.2
id-10570	7	9	13	0.3
id-10571	3	5	28	0.5
id-10572	4	7	6	0.3
id-10573	3	5	9	0.4
id-10574	1	2	6	0.5
id-10575	6	7	13	0.3
id-10576	10	9	13	0.2
id-10577	1	2	4	0.2
id-10578	1	2	6	0.2
id-10579	2	4	11	0.2
id-10580	4	4	21	0.4
id-10581	1	2	13	0.2
id-10582	6	8	3	0.3
id-10583	6	2	29	0.3
id-10584	6	12	5	0.2
id-10585	5	6	10	0.4
id-10586	9	3	29	0.5
id-10587	7	10	13	0.4
id-10588	7	11	25	0.2
id-10589	9	10	22	0.3
id-10590	10	12	22	0.3
id-10591	4	8	27	0.3
id-10592	3	4	9	0.5
id-10593	10	3	26	0.4
id-10594	4	3	14	0.2
id-10595	9	5	19	0.4
id-10596	2	3	28	0.3
id-10597	3	4	20	0.2
id-10598	6	3	30	0.3
id-10599	1	2	9	0.3
id-10600	1	2	30	0.3
id-10601	10	12	30	0.5
id-10602	1	2	27	0.4
id-10603	10	20	20	0.3
id-10604	5	9	8	0.4
id-10605	5	5	10	0.4
id-10606	2	2	18	0.4
id-10607	7	13	28	0.5
id-10608	9	13	12	0.3
id-10609	7	8	22	0.4
id-10610	6	3	5	0.4
id-10611	1	2	13	0.3
id-10612	6	3	23	0.4
id-10613	10	17	7	0.3
id-10614	3	4	6	0.4
id-10615	8	6	16	0.3
id-10616	3	3	6	0.4
id-10617	4	6	19	0.3
id-10618	2	2	14	0.3
id-10619	8	5	29	0.3
id-10620	5	8	9	0.4
id-10621	2	3	22	0.2
id-10622	10	6	9	0.2
id-10623	3	3	5	0.3
id-10624	3	5	6	0.3
id-10625	10	12	9	0.5
id-10626	9	3	27	0.5
id-10627	1	2	16	0.4
id-10628	1	2	25	0.4
id-10629	10	2	29	0.5
id-10630	6	8	14	0.4
id-10631	1	2	2	0.4
id-10632	8	10	24	0.4
id-10633	7	5	15	0.4
id-10634	2	4	20	0.5
id-10635	8	9	6	0.3
id-10636	8	9	7	0.2
id-10637	7	6	21	0.3
id-10638	5	3	20	0.2
id-10639	3	6	26	0.4
id-10640	1	2	26	0.5
id-10641	5	9	21	0.3
id-10642	6	6	3	0.4
id-10643	6	9	18	0.3
id-10644	2	3	22	0.3
id-10645	7	4	29	0.3
id-10646	5	6	11	0.4
id-10647	7	2	3	0.3
id-10648	4	7	6	0.3
id-10649	1	2	8	0.4
id-10650	3	5	5	0.3
id-10651	6	9	3	0.4
id-10652	9	9	21	0.2
id-10653	6	10	5	0.4
id-10654	8	11	3	0.2
id-10655	5	2	8	0.3
id-10656	10	11	17	0.3
id-10657	2	4	18	0.5
id-10658	1	2	11	0.4
id-10659	3	6	5	0.3
id-10660	9	4	23	0.2
id-10661	5	4	7	0.4
id-10662	7	4	28	0.4
id-10663	4	5	17	0.3
id-10664	7	7	4	0.2
id-10665	3	6	7	0.2
id-10666	10	18	28	0.4
id-10667	7	10	24	0.4
id-10668	4	8	21	0.5
id-10669	5	3	28	0.4
id-10670	7	12	12	0.4
id-10671	9	11	5	0.4
id-10672	9	6	28	0.2
id-10673	8	6	21	0.4
id-10674	2	4	18	0.2
id-10675	2	3	21	0.3
id-10676	2	3	25	0.5
id-10677	1	2	17	0.3
id-10678	10	2	22	0.5
id-10679	10	18	7	0.5
id-10680	6	11	26	0.5
id-10681	6	2	5	0.4
id-10682	3	6	25	0.4
id-10683	9	16	19	0.3
id-10684	8	14	21	0.4
id-10685	10	13	25	0.2
id-10686	1	2	20	0.3
id-10687	10	6	2	0.2
id-10688	5	5	24	0.3
id-10689	5	3	8	0.2
id-10690	7	6	3	0.3
id-10691	5	6	4	0.3
id-10692	8	12	25	0.3
id-10693	3	2	18	0.5
id-10694	1	2	9	0.2
id-10695	1	2	27	0.4
id-10696	10	6	18	0.4
id-10697	5	7	15	0.2
id-10698	5	5	1	0.2
id-10699	3	6	26	0.4
id-10700	4	3	27	0.2
id-10701	3	2	25	0.5
id-10702	4	4	6	0.5
id-10703	1	2	25	0.5
id-10704	9	10	3	0.4
id-10705	4	6	12	0.3
id-10706	7	4	16	0.4
id-10707	10	10	27	0.3
id-10708	2	2	24	0.5
id-10709	4	2	26	0.3
id-10710	3	4	22	0.3
id-10711	5	5	21	0.3
id-10712	4	6	12	0.3
id-10713	7	3	16	0.3
id-10714	3	4	6	0.4
id-10715	5	4	18	0.2
id-10716	1	2	2	0.5
id-10717	4	4	24	0.2
id-10718	5	9	28	0.4
id-10719	9	13	4	0.5
id-10720	1	2	8	0.3
id-10721	3	4	17	0.3
id-10722	4	5	30	0.5
id-10723	8	12	28	0.4
id-10724	1	2	24	0.3
id-10725	5	3	22	0.4
id-10726	7	7	16	0.3
id-10727	5	7	26	0.3
id-10728	6	6	20	0.3
id-10729	1	2	1	0.3
id-10730	7	2	8	0.3
id-10731	1	2	2	0.3
id-10732	6	11	7	0.4
id-10733	9	7	16	0.2
id-10734	4	2	19	0.2
id-10735	5	8	25	0.3
id-10736	2	2	6	0.3
id-10737	1	2	15	0.4
id-10738	6	4	13	0.4
id-10739	4	3	4	0.2
id-10740	6	2	10	0.3
id-10741	3	3	12	0.4
id-10742	2	4	22	0.4
id-10743	5	2	6	0.3
id-10744	1	2	29	0.5
id-10745	1	2	11	0.2
id-10746	6	12	10	0.5
id-10747	10	10	11	0.4
id-10748	2	4	28	0.2
id-10749	9	18	13	0.5
id-10750	1	2	12	0.3
id-10751	4	6	11	0.3
id-10752	6	7	6	0.5
id-10753	2	4	30	0.4
id-10754	6	11	5	0.4
id-10755	2	2	21	0.5
id-10756	6	5	12	0.3
id-10757	9	11	1	0.3
id-10758	2	2	13	0.4
id-10759	7	10	24	0.5
id-10760	5	2	20	0.4
id-10761	8	13	23	0.5
id-10762	2	2	18	0.3
id-10763	8	15	5	0.4
id-10764	5	9	27	0.3
id-10765	3	6	13	0.3
id-10766	9	15	2	0.3
id-10767	7	6	6	0.3
id-10768	8	16	1	0.5
id-10769	5	5	11	0.3
id-10770	1	2	21	0.3
id-10771	2	4	4	0.3
id-10772	3	3	21	0.3
id-10773	3	5	1	0.3
id-10774	2	2	3	0.2
id-10775	3	2	9	0.2
id-10776	10	15	18	0.4
id-10777	9	6	11	0.2
id-10778	8	15	13	0.4
id-10779	9	8	18	0.4
id-10780	9	2	10	0.2
id-10781	2	4	6	0.3
id-10782	10	14	18	0.3
id-10783	2	4	23	0.4
id-10784	7	7	17	0.4
id-10785	1	2	26	0.2
id-10786	8	15	2	0.4
id-10787	8	9	2	0.4
id-10788	9	17	27	0.3
id-10789	6	7	1	0.3
id-10790	9	12	7	0.4
id-10791	1	2	25	0.2
id-10792	7	7	6	0.2
id-10793	1	2	16	0.2
id-10794	5	6	30	0.5
id-10795	4	6	4	0.3
id-10796	10	5	3	0.4
id-10797	8	13	10	0.4
id-10798	1	2	4	0.3
id-10799	3	4	1	0.3
id-10800	6	8	8	0.2
id-10801	7	11	29	0.2
id-10802	9	18	7	0.4
id-10803	2	2	18	0.3
id-10804	5	10	15	0.3
id-10805	8	8	1	0.3
id-10806	3	4	25	0.4
id-10807	4	5	2	0.3
id-10808	6	5	9	0.2
id-10809	4	3	13	0.3
id-10810	1	2	30	0.3
id-10811	9	11	19	0.4
id-10812	6	4	30	0.3
id-10813	6	6	15	0.3
id-10814	8	13	19	0.4
id-10815	1	2	20	0.4
id-10816	10	11	29	0.4
id-10817	3	4	14	0.3
id-10818	10	7	24	0.4
id-10819	5	7	19	0.3
id-10820	3	3	17	0.4
id-10821	5	8	17	0.3
id-10822	9	16	5	0.2
id-10823	9	2	29	0.5
id-10824	5	4	4	0.4
id-10825	9	6	11	0.5
id-10826	9	12	30	0.4
id-10827	7	10	11	0.2
id-10828	8	4	15	0.2
id-10829	3	4	16	0.5
id-10830	5	9	30	0.4
id-10831	9	3	17	0.4
id-10832	4	5	8	0.3
id-10833	1	2	17	0.5
id-10834	7	7	25	0.4
id-10835	9	8	28	0.3
id-10836	4	6	26	0.4
id-10837	9	14	7	0.3
id-10838	1	2	4	0.2
id-10839	7	5	14	0.4
id-10840	4	3	27	0.3
id-10841	3	2	30	0.2
id-10842	10	5	10	0.3
id-10843	5	4	4	0.3
id-10844	10	13	13	0.4
id-10845	10	12	16	0.5
id-10846	9	5	3	0.3
id-10847	9	6	6	0.4
id-10848	3	2	18	0.4
id-10849	10	14	25	0.2
id-10850	4	8	20	0.3
id-10851	3	2	14	0.4
id-10852	2	3	27	0.4
id-10853	2	2	1	0.4
id-10854	2	2	18	0.5
id-10855	4	2	30	0.3
id-10856	8	7	12	0.4
id-10857	3	6	29	0.2
id-10858	3	2	5	0.5
id-10859	7	4	4	0.2
id-10860	1	2	1	0.3
id-10861	10	14	24	0.2
id-10862	9	7	15	0.5
id-10863	3	3	16	0.4
id-10864	8	12	14	0.3
id-10865	4	5	3	0.4
id-10866	8	12	29	0.4
id-10867	2	3	18	0.2
id-10868	2	2	8	0.3
id-10869	2	4	26	0.3
id-10870	4	5	12	0.4
id-10871	9	9	25	0.4
id-10872	8	3	7	0.2
id-10873	5	5	21	0.4
id-10874	7	8	1	0.3
id-10875	4	3	6	0.4
id-10876	7	2	25	0.4
id-10877	10	14	5	0.3
id-10878	7	8	2	0.3
id-10879	3	4	8	0.3
id-10880	3	2	26	0.3
id-10881	2	2	18	0.2
id-10882	4	5	12	0.3
id-10883	3	4	3	0.5
id-10884	10	10	23	0.2
id-10885	8	2	6	0.4
id-10886	5	7	6	0.2
id-10887	4	5	3	0.4
id-10888	10	7	23	0.4
id-10889	10	4	7	0.4
id-10890	4	3	19	0.3
id-10891	1	2	6	0.4
id-10892	2	3	11	0.4
id-10893	8	3	6	0.3
id-10894	8	6	5	0.4
id-10895	2	4	25	0.2
id-10896	8	3	11	0.5
id-10897	7	3	29	0.4
id-10898	2	4	30	0.4
id-10899	5	5	5	0.4
id-10900	2	2	9	0.4
id-10901	5	2	16	0.3
id-10902	4	5	10	0.4
id-10903	8	13	12	0.5
id-10904	2	2	7	0.3
id-10905	6	11	16	0.2
id-10906	4	6	8	0.5
id-10907	9	12	6	0.4
id-10908	6	5	25	0.4
id-10909	7	3	16	0.3
id-10910	10	9	27	0.5
id-10911	5	2	27	0.2
id-10912	7	14	8	0.3
id-10913	2	2	9	0.4
id-10914	4	6	1	0.4
id-10915	3	5	15	0.4
id-10916	2	3	2	0.4
id-10917	6	12	20	0.3
id-10918	6	6	6	0.4
id-10919	10	20	17	0.4
id-10920	6	4	24	0.3
id-10921	2	2	23	0.4
id-10922	9	2	16	0.2
id-10923	4	3	22	0.2
id-10924	10	6	19	0.4
id-10925	6	12	17	0.2
id-10926	4	2	22	0.3
id-10927	5	6	1	0.4
id-10928	9	5	29	0.5
id-10929	6	9	17	0.5
id-10930	5	3	17	0.5
id-10931	8	3	5	0.4
id-10932	3	2	22	0.2
id-10933	2	2	2	0.3
id-10934	8	10	5	0.2
id-10935	7	8	15	0.2
id-10936	1	2	30	0.4
id-10937	10	19	16	0.4
id-10938	5	4	17	0.4
id-10939	1	2	18	0.4
id-10940	9	17	28	0.3
id-10941	5	10	24	0.2
id-10942	8	10	20	0.3
id-10943	9	15	8	0.3
id-10944	1	2	1	0.4
id-10945	1	2	7	0.2
id-10946	8	2	18	0.4
id-10947	10	18	11	0.3
id-10948	7	3	22	0.4
id-10949	7	4	2	0.2
id-10950	1	2	1	0.4
id-10951	8	12	19	0.5
id-10952	6	9	14	0.2
id-10953	9	18	21	0.5
id-10954	3	2	29	0.3
id-10955	2	3	2	0.2
id-10956	1	2	5	0.3
id-10957	4	3	24	0.5
id-10958	8	6	20	0.3
id-10959	8	16	29	0.5
id-10960	5	10	6	0.2
id-10961	7	11	12	0.3
id-10962	1	2	10	0.3
id-10963	1	2	3	0.4
id-10964	2	3	14	0.3
id-10965	4	8	8	0.4
id-10966	8	2	9	0.3
id-10967	9	13	5	0.4
id-10968	1	2	29	0.3
id-10969	3	2	26	0.4
id-10970	1	2	4	0.4
id-10971	10	18	17	0.3
id-10972	8	11	13	0.5
id-10973	7	7	10	0.2
id-10974	3	2	6	0.3
id-10975	10	14	11	0.2
id-10976	7	9	30	0.3
id-10977	9	6	15	0.2
id-10978	9	12	10	0.4
id-10979	3	6	26	0.2
id-10980	1	2	27	0.3
id-10981	9	10	10	0.4
id-10982	10	15	19	0.3
id-10983	7	12	13	0.2
id-10984	6	7	25	0.3
id-10985	7	7	28	0.4
id-10986	5	9	14	0.2
id-10987	4	4	28	0.3
id-10988	10	15	27	0.3
id-10989	9	7	28	0.3
id-10990	7	7	18	0.4
id-10991	5	4	4	0.4
id-10992	9	5	13	0.4
id-10993	1	2	28	0.4
id-10994	5	10	3	0.5
id-10995	5	10	30	0.3
id-10996	1	2	29	0.4
id-10997	3	5	11	0.4
id-10998	9	6	6	0.3
id-10999	5	7	10	0.3
id-11000	9	5	30	0.3
id-11001	3	2	12	0.3
id-11002	3	6	5	0.4
id-11003	1	2	19	0.3
id-11004	10	19	19	0.4
id-11005	8	12	4	0.5
id-11006	6	4	5	0.4
id-11007	10	2	12	0.3
id-11008	9	18	4	0.3
id-11009	3	4	3	0.2
id-11010	4	2	6	0.3
id-11011	3	6	20	0.3
id-11012	5	10	16	0.4
id-11013	4	5	7	0.4
id-11014	6	5	24	0.4
id-11015	2	3	4	0.5
id-11016	9	8	19	0.3
id-11017	6	10	28	0.4
id-11018	6	7	13	0.4
id-11019	6	11	19	0.3
id-11020	4	6	19	0.3
id-11021	8	5	15	0.3
id-11022	7	12	16	0.4
id-11023	7	3	13	0.3
id-11024	8	11	29	0.3
id-11025	7	7	5	0.4
id-11026	1	2	12	0.5
id-11027	3	3	20	0.3
id-11028	6	2	21	0.5
id-11029	1	2	11	0.3
id-11030	7	3	1	0.4
id-11031	6	2	15	0.5
id-11032	1	2	24	0.2
id-11033	9	6	23	0.2
id-11034	2	3	17	0.4
id-11035	5	3	14	0.3
id-11036	6	4	24	0.4
id-11037	6	6	26	0.4
id-11038	3	4	4	0.3
id-11039	3	3	4	0.3
id-11040	4	4	27	0.4
id-11041	6	3	25	0.2
id-11042	10	9	21	0.3
id-11043	4	3	17	0.3
id-11044	8	13	15	0.2
id-11045	1	2	28	0.5
id-11046	2	4	23	0.5
id-11047	2	3	13	0.5
id-11048	9	6	8	0.3
id-11049	3	3	15	0.3
id-11050	7	9	5	0.4
id-11051	2	4	29	0.4
id-11052	9	3	29	0.4
id-11053	7	5	21	0.5
id-11054	9	5	8	0.3
id-11055	3	3	9	0.3
id-11056	9	7	26	0.4
id-11057	10	19	30	0.5
id-11058	5	6	25	0.4
id-11059	4	4	5	0.3
id-11060	9	6	1	0.5
id-11061	4	2	25	0.3
id-11062	6	11	11	0.5
id-11063	10	8	19	0.3
id-11064	8	11	6	0.2
id-11065	5	9	27	0.5
id-11066	2	4	16	0.4
id-11067	8	3	15	0.3
id-11068	6	4	16	0.3
id-11069	7	14	21	0.2
id-11070	4	5	6	0.5
id-11071	2	3	19	0.5
id-11072	9	5	30	0.2
id-11073	6	8	8	0.4
id-11074	10	14	19	0.2
id-11075	9	18	4	0.2
id-11076	6	9	3	0.5
id-11077	3	6	15	0.4
id-11078	2	3	11	0.4
id-11079	8	9	10	0.3
id-11080	9	11	16	0.4
id-11081	9	17	13	0.2
id-11082	7	10	29	0.2
id-11083	6	9	23	0.2
id-11084	3	5	11	0.4
id-11085	4	8	16	0.3
id-11086	8	13	11	0.5
id-11087	8	8	9	0.3
id-11088	2	2	16	0.3
id-11089	9	6	2	0.3
id-11090	4	5	5	0.5
id-11091	8	10	9	0.4
id-11092	1	2	8	0.3
id-11093	5	8	5	0.2
id-11094	9	4	13	0.3
id-11095	5	5	9	0.3
id-11096	7	3	12	0.4
id-11097	10	5	23	0.4
id-11098	6	4	10	0.2
id-11099	9	18	15	0.2
id-11100	10	4	15	0.5
id-11101	3	4	11	0.4
id-11102	7	14	8	0.2
id-11103	6	2	10	0.5
id-11104	4	7	4	0.3
id-11105	8	12	13	0.4
id-11106	5	2	9	0.4
id-11107	1	2	21	0.3
id-11108	8	9	26	0.4
id-11109	6	10	7	0.2
id-11110	9	6	9	0.3
id-11111	9	5	16	0.5
id-11112	3	6	14	0.2
id-11113	5	6	7	0.5
id-11114	8	14	5	0.2
id-11115	9	2	1	0.5
id-11116	4	2	26	0.4
id-11117	9	4	21	0.3
id-11118	3	6	14	0.4
id-11119	3	4	26	0.3
id-11120	6	7	10	0.5
id-11121	6	5	8	0.4
id-11122	2	3	26	0.3
id-11123	7	12	30	0.4
id-11124	2	4	15	0.5
id-11125	7	7	13	0.5
id-11126	7	6	7	0.5
id-11127	9	3	26	0.4
id-11128	3	3	11	0.3
id-11129	10	5	12	0.4
id-11130	2	4	4	0.4
id-11131	7	7	24	0.4
id-11132	1	2	2	0.4
id-11133	8	9	16	0.2
id-11134	10	12	1	0.5
id-11135	7	4	29	0.4
id-11136	1	2	27	0.5
id-11137	10	20	10	0.3
id-11138	5	2	24	0.3
id-11139	10	15	1	0.5
id-11140	1	2	10	0.5
id-11141	2	4	1	0.4
id-11142	6	4	6	0.2
id-11143	3	4	12	0.4
id-11144	6	11	30	0.3
id-11145	9	4	28	0.3
id-11146	4	3	9	0.4
id-11147	2	4	6	0.4
id-11148	8	11	7	0.3
id-11149	1	2	15	0.4
id-11150	7	8	9	0.4
id-11151	2	4	3	0.5
id-11152	7	6	12	0.2
id-11153	3	6	7	0.4
id-11154	7	8	6	0.4
id-11155	1	2	25	0.5
id-11156	7	5	3	0.3
id-11157	7	5	1	0.2
id-11158	4	7	1	0.4
id-11159	10	4	1	0.3
id-11160	4	2	27	0.4
id-11161	1	2	3	0.5
id-11162	3	2	21	0.2
id-11163	5	10	14	0.3
id-11164	9	13	26	0.2
id-11165	10	7	9	0.3
id-11166	5	7	6	0.5
id-11167	7	6	9	0.4
id-11168	10	20	24	0.3
id-11169	4	8	9	0.5
id-11170	1	2	17	0.3
id-11171	7	9	29	0.3
id-11172	10	17	19	0.3
id-11173	8	13	11	0.4
id-11174	4	3	30	0.3
id-11175	5	3	8	0.3
id-11176	1	2	24	0.4
id-11177	9	14	18	0.4
id-11178	3	3	3	0.3
id-11179	9	9	19	0.3
id-11180	2	2	9	0.5
id-11181	2	2	6	0.3
id-11182	8	4	1	0.5
id-11183	8	4	7	0.3
id-11184	4	5	4	0.4
id-11185	8	4	17	0.3
id-11186	4	5	1	0.4
id-11187	3	5	18	0.4
id-11188	4	5	2	0.3
id-11189	8	5	24	0.3
id-11190	6	5	22	0.2
id-11191	10	15	17	0.3
id-11192	3	5	28	0.3
id-11193	7	6	15	0.2
id-11194	10	18	11	0.3
id-11195	9	4	17	0.2
id-11196	1	2	11	0.4
id-11197	9	12	9	0.2
id-11198	1	2	1	0.3
id-11199	7	12	2	0.5
id-11200	8	6	7	0.5
id-11201	7	7	5	0.5
id-11202	6	5	21	0.3
id-11203	6	6	22	0.4
id-11204	5	6	20	0.3
id-11205	10	16	7	0.3
id-11206	5	3	20	0.3
id-11207	1	2	8	0.2
id-11208	9	4	13	0.3
id-11209	4	7	28	0.3
id-11210	8	11	23	0.4
id-11211	9	12	23	0.3
id-11212	9	3	13	0.3
id-11213	8	7	14	0.4
id-11214	2	3	28	0.3
id-11215	6	8	7	0.4
id-11216	10	19	2	0.3
id-11217	2	2	4	0.3
id-11218	5	4	8	0.3
id-11219	4	4	7	0.5
id-11220	10	3	26	0.4
id-11221	1	2	30	0.3
id-11222	3	2	3	0.4
id-11223	7	9	13	0.4
id-11224	3	3	17	0.3
id-11225	4	4	25	0.4
id-11226	7	3	9	0.4
id-11227	4	6	25	0.3
id-11228	5	4	6	0.2
id-11229	9	3	1	0.4
id-11230	9	7	8	0.2
id-11231	8	12	12	0.5
id-11232	8	6	8	0.5
id-11233	1	2	1	0.2
id-11234	2	2	9	0.4
id-11235	10	11	6	0.5
id-11236	9	15	16	0.3
id-11237	3	5	27	0.5
id-11238	7	3	20	0.4
id-11239	9	17	2	0.4
id-11240	8	5	3	0.3
id-11241	3	6	22	0.3
id-11242	10	2	30	0.4
id-11243	6	3	3	0.3
id-11244	10	15	27	0.4
id-11245	6	11	27	0.4
id-11246	8	14	30	0.4
id-11247	9	9	18	0.3
id-11248	9	5	5	0.3
id-11249	4	2	13	0.4
id-11250	5	4	16	0.3
id-11251	7	4	25	0.3
id-11252	7	2	17	0.3
id-11253	10	6	15	0.2
id-11254	5	4	2	0.2
id-11255	9	11	16	0.4
id-11256	5	9	10	0.5
id-11257	7	12	6	0.3
id-11258	2	3	3	0.4
id-11259	1	2	19	0.5
id-11260	4	4	6	0.4
id-11261	10	13	14	0.5
id-11262	9	15	20	0.4
id-11263	7	5	26	0.3
id-11264	1	2	10	0.4
id-11265	6	7	19	0.4
id-11266	2	2	12	0.3
id-11267	9	11	6	0.3
id-11268	9	13	22	0.2
id-11269	3	5	22	0.3
id-11270	1	2	26	0.5
id-11271	3	4	20	0.4
id-11272	10	14	4	0.3
id-11273	10	10	20	0.2
id-11274	2	2	22	0.3
id-11275	7	2	6	0.3
id-11276	1	2	8	0.3
id-11277	10	12	12	0.5
id-11278	8	16	4	0.5
id-11279	3	2	24	0.4
id-11280	5	10	10	0.3
id-11281	9	16	30	0.4
id-11282	2	2	7	0.5
id-11283	8	5	8	0.5
id-11284	10	14	20	0.3
id-11285	7	8	14	0.3
id-11286	6	11	7	0.4
id-11287	6	8	30	0.4
id-11288	4	8	14	0.2
id-11289	2	4	10	0.3
id-11290	9	18	5	0.2
id-11291	8	9	25	0.3
id-11292	2	4	17	0.2
id-11293	2	4	15	0.2
id-11294	10	18	1	0.4
id-11295	8	2	20	0.5
id-11296	8	9	25	0.5
id-11297	6	8	28	0.3
id-11298	2	4	11	0.4
id-11299	6	5	28	0.4
id-11300	5	10	25	0.4
id-11301	8	5	23	0.4
id-11302	10	10	27	0.4
id-11303	9	13	3	0.3
id-11304	10	4	16	0.3
id-11305	10	18	2	0.4
id-11306	2	3	20	0.4
id-11307	5	8	2	0.3
id-11308	1	2	30	0.4
id-11309	2	3	10	0.4
id-11310	5	5	3	0.3
id-11311	6	7	8	0.4
id-11312	5	2	8	0.3
id-11313	6	7	25	0.3
id-11314	10	15	26	0.4
id-11315	3	4	22	0.3
id-11316	5	9	3	0.4
id-11317	2	3	14	0.2
id-11318	10	16	5	0.4
id-11319	8	16	28	0.3
id-11320	9	14	18	0.4
id-11321	9	9	26	0.4
id-11322	4	3	18	0.4
id-11323	1	2	17	0.4
id-11324	8	2	29	0.3
id-11325	5	3	21	0.3
id-11326	3	4	6	0.5
id-11327	6	3	7	0.5
id-11328	10	10	30	0.4
id-11329	8	10	9	0.3
id-11330	6	9	7	0.4
id-11331	4	2	10	0.2
id-11332	10	13	6	0.4
id-11333	9	4	26	0.5
id-11334	3	3	1	0.5
id-11335	7	5	22	0.4
id-11336	5	10	18	0.4
id-11337	7	13	9	0.3
id-11338	4	3	17	0.5
id-11339	4	2	21	0.4
id-11340	1	2	1	0.4
id-11341	1	2	26	0.3
id-11342	7	2	15	0.2
id-11343	4	8	27	0.3
id-11344	4	6	4	0.5
id-11345	7	9	16	0.5
id-11346	1	2	20	0.4
id-11347	5	9	28	0.4
id-11348	1	2	25	0.3
id-11349	8	15	18	0.4
id-11350	6	5	9	0.2
id-11351	7	4	11	0.4
id-11352	7	9	4	0.3
id-11353	5	8	3	0.3
id-11354	4	3	11	0.3
id-11355	4	7	6	0.3
id-11356	4	7	4	0.3
id-11357	9	4	13	0.2
id-11358	2	4	28	0.3
id-11359	3	4	25	0.3
id-11360	4	3	9	0.3
id-11361	2	3	6	0.3
id-11362	9	14	15	0.3
id-11363	3	3	29	0.2
id-11364	4	7	21	0.3
id-11365	10	11	29	0.4
id-11366	4	8	30	0.3
id-11367	1	2	24	0.5
id-11368	10	20	17	0.4
id-11369	5	9	21	0.4
id-11370	8	14	2	0.4
id-11371	6	5	14	0.5
id-11372	2	4	27	0.5
id-11373	3	5	14	0.5
id-11374	8	2	11	0.4
id-11375	3	2	29	0.3
id-11376	1	2	20	0.3
id-11377	1	2	20	0.4
id-11378	6	9	30	0.4
id-11379	3	2	25	0.4
id-11380	4	6	28	0.4
id-11381	3	6	16	0.3
id-11382	2	4	25	0.4
id-11383	7	12	26	0.5
id-11384	9	13	20	0.3
id-11385	5	9	26	0.3
id-11386	8	11	15	0.4
id-11387	1	2	1	0.2
id-11388	7	10	4	0.4
id-11389	3	4	18	0.3
id-11390	7	4	11	0.3
id-11391	10	3	7	0.2
id-11392	10	11	11	0.2
id-11393	3	2	19	0.4
id-11394	8	5	20	0.3
id-11395	9	14	15	0.3
id-11396	1	2	24	0.4
id-11397	5	8	16	0.2
id-11398	7	4	25	0.4
id-11399	8	2	17	0.4
id-11400	1	2	20	0.4
id-11401	6	10	20	0.3
id-11402	4	6	25	0.5
id-11403	10	8	27	0.2
id-11404	6	5	21	0.3
id-11405	8	3	19	0.3
id-11406	4	7	7	0.3
id-11407	4	6	20	0.3
id-11408	3	5	2	0.4
id-11409	2	2	11	0.3
id-11410	3	4	13	0.5
id-11411	7	8	24	0.4
id-11412	10	4	27	0.3
id-11413	6	11	20	0.4
id-11414	3	6	6	0.3
id-11415	4	5	17	0.2
id-11416	2	3	1	0.3
id-11417	3	6	8	0.2
id-11418	1	2	20	0.3
id-11419	2	4	21	0.3
id-11420	3	6	26	0.4
id-11421	3	3	13	0.2
id-11422	4	6	3	0.3
id-11423	7	9	29	0.3
id-11424	1	2	22	0.3
id-11425	9	4	23	0.2
id-11426	7	12	22	0.2
id-11427	7	4	9	0.5
id-11428	7	10	29	0.2
id-11429	7	8	15	0.5
id-11430	9	11	27	0.4
id-11431	3	6	8	0.3
id-11432	3	2	13	0.4
id-11433	5	10	7	0.4
id-11434	7	2	5	0.3
id-11435	1	2	19	0.2
id-11436	3	6	1	0.5
id-11437	6	10	17	0.5
id-11438	10	15	11	0.3
id-11439	10	15	23	0.4
id-11440	10	13	8	0.4
id-11441	9	12	4	0.2
id-11442	6	5	29	0.3
id-11443	5	10	4	0.3
id-11444	8	8	3	0.4
id-11445	5	4	30	0.2
id-11446	10	17	8	0.4
id-11447	5	3	20	0.3
id-11448	9	7	23	0.3
id-11449	9	15	30	0.3
id-11450	1	2	18	0.2
id-11451	6	9	8	0.3
id-11452	8	12	26	0.4
id-11453	1	2	30	0.3
id-11454	3	2	9	0.3
id-11455	1	2	2	0.4
id-11456	9	8	3	0.3
id-11457	10	5	8	0.3
id-11458	9	7	18	0.4
id-11459	3	5	20	0.3
id-11460	1	2	13	0.2
id-11461	1	2	13	0.4
id-11462	4	3	8	0.5
id-11463	1	2	25	0.3
id-11464	10	13	30	0.4
id-11465	9	7	30	0.3
id-11466	8	11	27	0.4
id-11467	8	6	8	0.3
id-11468	9	3	6	0.5
id-11469	5	10	25	0.3
id-11470	4	4	30	0.2
id-11471	4	5	12	0.2
id-11472	5	6	26	0.5
id-11473	3	3	10	0.5
id-11474	4	5	3	0.3
id-11475	6	7	17	0.3
id-11476	8	12	13	0.3
id-11477	8	6	27	0.3
id-11478	4	6	13	0.4
id-11479	5	2	12	0.2
id-11480	9	9	11	0.2
id-11481	9	7	14	0.3
id-11482	5	6	5	0.3
id-11483	3	2	3	0.3
id-11484	6	9	16	0.5
id-11485	5	10	13	0.3
id-11486	4	8	25	0.4
id-11487	8	8	6	0.4
id-11488	6	12	10	0.4
id-11489	8	6	16	0.3
id-11490	7	14	30	0.3
id-11491	8	14	6	0.2
id-11492	2	2	8	0.5
id-11493	5	7	17	0.3
id-11494	2	3	30	0.4
id-11495	10	5	21	0.2
id-11496	6	10	19	0.4
id-11497	7	6	14	0.5
id-11498	7	12	30	0.4
id-11499	2	2	2	0.2
id-11500	2	2	27	0.4
id-11501	4	2	17	0.3
id-11502	9	2	5	0.3
id-11503	1	2	10	0.3
id-11504	3	5	11	0.3
id-11505	9	3	28	0.3
id-11506	10	5	23	0.4
id-11507	2	3	27	0.3
id-11508	2	2	13	0.4
id-11509	3	5	15	0.3
id-11510	1	2	22	0.4
id-11511	2	3	23	0.5
id-11512	9	17	21	0.4
id-11513	8	8	28	0.4
id-11514	6	9	4	0.4
id-11515	7	11	3	0.2
id-11516	6	10	10	0.3
id-11517	6	4	25	0.4
id-11518	4	4	21	0.2
id-11519	7	10	30	0.4
id-11520	4	8	13	0.3
id-11521	1	2	30	0.2
id-11522	5	2	20	0.3
id-11523	10	3	12	0.2
id-11524	6	9	26	0.4
id-11525	2	3	10	0.3
id-11526	3	6	22	0.4
id-11527	5	4	29	0.3
id-11528	7	8	14	0.5
id-11529	9	10	24	0.2
id-11530	4	6	26	0.3
id-11531	8	10	14	0.5
id-11532	3	4	17	0.3
id-11533	3	6	19	0.4
id-11534	7	7	27	0.4
id-11535	5	10	20	0.4
id-11536	5	6	19	0.4
id-11537	3	5	10	0.3
id-11538	8	10	23	0.3
id-11539	4	3	1	0.3
id-11540	4	2	13	0.4
id-11541	1	2	11	0.5
id-11542	10	3	2	0.3
id-11543	1	2	10	0.3
id-11544	5	3	22	0.3
id-11545	1	2	9	0.3
id-11546	4	8	27	0.2
id-11547	6	6	22	0.3
id-11548	8	3	15	0.3
id-11549	2	2	15	0.3
id-11550	6	2	2	0.4
id-11551	3	3	2	0.3
id-11552	10	3	2	0.5
id-11553	2	3	27	0.2
id-11554	4	8	22	0.5
id-11555	5	8	4	0.3
id-11556	8	10	12	0.2
id-11557	3	6	26	0.4
id-11558	7	14	11	0.5
id-11559	2	2	15	0.5
id-11560	2	2	11	0.3
id-11561	9	6	18	0.3
id-11562	9	16	17	0.3
id-11563	4	5	18	0.2
id-11564	10	3	4	0.4
id-11565	6	8	26	0.2
id-11566	1	2	19	0.5
id-11567	1	2	27	0.2
id-11568	9	12	28	0.2
id-11569	4	4	8	0.4
id-11570	7	8	26	0.4
id-11571	7	10	26	0.5
id-11572	5	5	18	0.4
id-11573	7	9	6	0.4
id-11574	4	5	21	0.5
id-11575	3	4	6	0.4
id-11576	9	5	20	0.3
id-11577	5	7	10	0.5
id-11578	1	2	28	0.5
id-11579	4	4	22	0.4
id-11580	4	8	30	0.4
id-11581	3	6	22	0.3
id-11582	5	4	8	0.2
id-11583	5	2	24	0.4
id-11584	9	17	30	0.4
id-11585	8	6	6	0.4
id-11586	9	18	2	0.3
id-11587	7	9	13	0.3
id-11588	8	16	13	0.4
id-11589	10	3	8	0.5
id-11590	9	12	26	0.2
id-11591	2	3	28	0.3
id-11592	5	8	18	0.5
id-11593	8	6	3	0.5
id-11594	8	2	12	0.2
id-11595	1	2	30	0.4
id-11596	9	2	17	0.3
id-11597	5	8	23	0.5
id-11598	10	18	19	0.4
id-11599	6	12	30	0.5
id-11600	7	3	5	0.3
id-11601	4	5	14	0.2
id-11602	6	11	21	0.4
id-11603	6	4	14	0.2
id-11604	1	2	11	0.4
id-11605	6	5	24	0.5
id-11606	6	10	17	0.4
id-11607	10	2	30	0.2
id-11608	3	4	6	0.2
id-11609	6	4	5	0.5
id-11610	3	2	1	0.3
id-11611	7	6	1	0.5
id-11612	6	9	22	0.2
id-11613	9	15	8	0.3
id-11614	6	11	11	0.2
id-11615	8	9	18	0.3
id-11616	7	6	11	0.3
id-11617	5	7	16	0.5
id-11618	7	4	19	0.3
id-11619	4	4	27	0.3
id-11620	2	4	23	0.4
id-11621	9	11	15	0.3
id-11622	7	4	19	0.4
id-11623	3	6	26	0.3
id-11624	8	5	27	0.5
id-11625	5	2	27	0.4
id-11626	6	10	7	0.4
id-11627	7	8	4	0.5
id-11628	6	5	6	0.5
id-11629	8	3	12	0.3
id-11630	7	8	2	0.3
id-11631	8	13	14	0.4
id-11632	10	3	12	0.2
id-11633	2	4	21	0.5
id-11634	1	2	17	0.4
id-11635	9	3	22	0.4
id-11636	2	4	9	0.4
id-11637	1	2	7	0.3
id-11638	6	10	16	0.4
id-11639	1	2	1	0.4
id-11640	2	3	24	0.3
id-11641	4	3	19	0.2
id-11642	7	4	14	0.4
id-11643	5	9	1	0.5
id-11644	8	8	28	0.2
id-11645	6	10	8	0.3
id-11646	6	10	8	0.4
id-11647	3	4	16	0.4
id-11648	6	4	6	0.2
id-11649	10	9	25	0.3
id-11650	10	12	29	0.3
id-11651	10	5	19	0.5
id-11652	6	9	8	0.4
id-11653	10	20	23	0.3
id-11654	3	5	23	0.3
id-11655	9	4	8	0.2
id-11656	2	4	24	0.3
id-11657	8	2	29	0.4
id-11658	2	2	16	0.5
id-11659	7	12	21	0.3
id-11660	8	16	27	0.2
id-11661	4	2	5	0.4
id-11662	6	10	12	0.2
id-11663	10	6	25	0.2
id-11664	5	6	17	0.4
id-11665	2	2	30	0.4
id-11666	3	2	17	0.5
id-11667	9	18	13	0.4
id-11668	2	3	4	0.3
id-11669	4	2	12	0.2
id-11670	7	7	26	0.4
id-11671	7	6	20	0.4
id-11672	5	7	14	0.3
id-11673	8	13	28	0.3
id-11674	10	4	23	0.4
id-11675	3	4	12	0.3
id-11676	4	7	26	0.4
id-11677	1	2	14	0.3
id-11678	1	2	2	0.4
id-11679	5	3	9	0.3
id-11680	2	3	4	0.5
id-11681	10	8	9	0.5
id-11682	8	13	19	0.2
id-11683	5	9	1	0.2
id-11684	7	5	20	0.3
id-11685	1	2	11	0.4
id-11686	8	8	13	0.5
id-11687	1	2	15	0.2
id-11688	3	5	17	0.4
id-11689	5	4	15	0.3
id-11690	6	6	8	0.3
id-11691	9	2	25	0.5
id-11692	3	4	24	0.3
id-11693	6	2	17	0.3
id-11694	10	12	10	0.4
id-11695	4	5	3	0.4
id-11696	10	5	15	0.4
id-11697	6	9	13	0.2
id-11698	9	6	20	0.4
id-11699	7	13	25	0.3
id-11700	10	6	26	0.5
id-11701	2	3	1	0.3
id-11702	4	4	14	0.2
id-11703	8	4	15	0.3
id-11704	4	4	8	0.2
id-11705	5	9	20	0.4
id-11706	2	3	26	0.3
id-11707	5	2	13	0.5
id-11708	8	4	18	0.3
id-11709	1	2	10	0.2
id-11710	3	6	30	0.3
id-11711	2	4	6	0.5
id-11712	1	2	17	0.4
id-11713	9	11	27	0.3
id-11714	2	3	7	0.3
id-11715	6	4	2	0.3
id-11716	8	7	6	0.2
id-11717	7	5	2	0.2
id-11718	10	2	18	0.5
id-11719	5	2	23	0.4
id-11720	2	3	12	0.2
id-11721	4	8	26	0.2
id-11722	2	4	21	0.4
id-11723	8	3	9	0.4
id-11724	4	6	29	0.4
id-11725	10	20	4	0.5
id-11726	9	15	5	0.5
id-11727	1	2	21	0.2
id-11728	3	5	8	0.3
id-11729	1	2	29	0.4
id-11730	10	6	26	0.4
id-11731	7	8	26	0.4
id-11732	5	10	24	0.2
id-11733	4	2	14	0.3
id-11734	2	2	19	0.3
id-11735	1	2	7	0.5
id-11736	6	12	6	0.2
id-11737	1	2	5	0.3
id-11738	9	15	30	0.4
id-11739	3	6	17	0.3
id-11740	5	2	20	0.5
id-11741	8	6	27	0.4
id-11742	3	3	15	0.3
id-11743	2	2	4	0.4
id-11744	8	16	14	0.4
id-11745	10	2	12	0.2
id-11746	3	6	1	0.2
id-11747	2	2	20	0.5
id-11748	1	2	28	0.4
id-11749	3	5	26	0.3
id-11750	8	6	17	0.5
id-11751	5	7	1	0.4
id-11752	6	2	12	0.3
id-11753	8	7	29	0.5
id-11754	4	7	11	0.4
id-11755	4	6	15	0.3
id-11756	9	2	1	0.5
id-11757	9	10	10	0.3
id-11758	9	6	2	0.3
id-11759	7	14	11	0.2
id-11760	4	4	9	0.5
id-11761	1	2	29	0.4
id-11762	4	7	7	0.3
id-11763	5	4	29	0.3
id-11764	8	8	1	0.2
id-11765	7	8	1	0.3
id-11766	1	2	16	0.2
id-11767	3	2	10	0.3
id-11768	4	4	15	0.3
id-11769	7	4	13	0.5
id-11770	6	4	2	0.4
id-11771	4	6	8	0.5
id-11772	5	8	7	0.2
id-11773	4	6	12	0.3
id-11774	3	4	10	0.2
id-11775	8	6	12	0.4
id-11776	8	9	19	0.3
id-11777	4	3	4	0.3
id-11778	6	8	29	0.2
id-11779	8	11	6	0.3
id-11780	10	13	25	0.3
id-11781	5	2	8	0.4
id-11782	8	12	12	0.3
id-11783	10	14	30	0.3
id-11784	1	2	26	0.2
id-11785	7	3	19	0.3
id-11786	5	9	22	0.3
id-11787	3	2	15	0.3
id-11788	9	13	1	0.4
id-11789	3	4	3	0.4
id-11790	7	13	30	0.3
id-11791	10	6	14	0.3
id-11792	7	13	23	0.2
id-11793	4	5	26	0.3
id-11794	3	3	15	0.5
id-11795	10	20	20	0.3
id-11796	9	17	22	0.3
id-11797	5	9	17	0.4
id-11798	8	9	20	0.3
id-11799	5	9	4	0.3
id-11800	9	15	14	0.5
id-11801	9	17	19	0.2
id-11802	8	7	29	0.3
id-11803	2	4	25	0.3
id-11804	9	13	10	0.4
id-11805	6	6	7	0.3
id-11806	5	8	20	0.4
id-11807	5	2	25	0.4
id-11808	8	11	4	0.5
id-11809	2	4	24	0.2
id-11810	7	3	10	0.2
id-11811	2	2	20	0.3
id-11812	1	2	24	0.3
id-11813	9	11	8	0.2
id-11814	10	17	9	0.3
id-11815	2	2	27	0.3
id-11816	5	8	21	0.5
id-11817	7	13	14	0.4
id-11818	4	4	9	0.3
id-11819	5	10	5	0.4
id-11820	1	2	12	0.4
id-11821	4	6	4	0.4
id-11822	4	6	9	0.4
id-11823	2	4	16	0.4
id-11824	7	11	16	0.4
id-11825	2	2	9	0.2
id-11826	5	4	18	0.4
id-11827	6	4	5	0.4
id-11828	5	2	2	0.3
id-11829	1	2	28	0.3
id-11830	10	4	8	0.3
id-11831	6	5	1	0.3
id-11832	3	5	2	0.4
id-11833	9	13	17	0.5
id-11834	6	8	20	0.3
id-11835	5	2	14	0.4
id-11836	1	2	30	0.5
id-11837	9	3	13	0.3
id-11838	9	14	3	0.3
id-11839	8	2	25	0.4
id-11840	7	5	13	0.4
id-11841	10	13	15	0.4
id-11842	8	7	21	0.5
id-11843	3	3	15	0.4
id-11844	10	18	6	0.3
id-11845	5	4	1	0.2
id-11846	6	2	19	0.5
id-11847	7	11	16	0.3
id-11848	1	2	29	0.4
id-11849	10	14	11	0.4
id-11850	4	6	19	0.4
id-11851	1	2	8	0.5
id-11852	9	14	30	0.2
id-11853	4	6	30	0.2
id-11854	9	18	23	0.3
id-11855	6	7	24	0.3
id-11856	3	2	24	0.4
id-11857	7	4	3	0.2
id-11858	8	6	22	0.3
id-11859	1	2	25	0.5
id-11860	4	2	12	0.5
id-11861	3	6	15	0.4
id-11862	4	7	27	0.3
id-11863	4	8	5	0.4
id-11864	7	6	2	0.5
id-11865	1	2	5	0.4
id-11866	8	7	14	0.3
id-11867	7	9	20	0.4
id-11868	4	5	23	0.4
id-11869	5	9	12	0.5
id-11870	2	2	10	0.5
id-11871	9	9	19	0.3
id-11872	3	6	15	0.4
id-11873	6	8	27	0.2
id-11874	6	11	17	0.4
id-11875	1	2	1	0.4
id-11876	8	15	12	0.3
id-11877	8	10	16	0.2
id-11878	10	15	28	0.4
id-11879	10	17	7	0.2
id-11880	4	7	21	0.5
id-11881	6	12	12	0.5
id-11882	6	11	14	0.2
id-11883	6	10	26	0.4
id-11884	6	4	28	0.3
id-11885	5	3	12	0.3
id-11886	3	5	16	0.4
id-11887	6	8	3	0.5
id-11888	8	16	10	0.2
id-11889	7	13	10	0.2
id-11890	8	3	22	0.2
id-11891	7	3	12	0.4
id-11892	1	2	29	0.4
id-11893	2	2	2	0.4
id-11894	1	2	17	0.3
id-11895	4	4	19	0.3
id-11896	3	2	26	0.4
id-11897	3	4	11	0.4
id-11898	8	14	2	0.3
id-11899	3	3	18	0.4
id-11900	4	6	29	0.5
id-11901	2	3	27	0.3
id-11902	7	5	6	0.2
id-11903	10	7	25	0.3
id-11904	6	9	25	0.2
id-11905	4	7	15	0.4
id-11906	5	10	30	0.3
id-11907	2	4	19	0.5
id-11908	4	4	28	0.3
id-11909	3	5	28	0.2
id-11910	10	20	28	0.3
id-11911	4	3	14	0.3
id-11912	1	2	22	0.3
id-11913	6	4	3	0.3
id-11914	2	4	1	0.2
id-11915	2	3	30	0.4
id-11916	2	3	28	0.2
id-11917	10	18	26	0.4
id-11918	4	4	3	0.2
id-11919	5	6	24	0.2
id-11920	3	6	24	0.3
id-11921	6	6	16	0.3
id-11922	10	12	8	0.3
id-11923	10	8	15	0.3
id-11924	10	14	8	0.2
id-11925	1	2	1	0.3
id-11926	3	3	17	0.5
id-11927	10	10	17	0.3
id-11928	9	13	27	0.3
id-11929	5	9	6	0.4
id-11930	3	3	23	0.3
id-11931	3	5	19	0.3
id-11932	10	7	8	0.4
id-11933	10	2	6	0.4
id-11934	10	8	21	0.5
id-11935	9	13	17	0.4
id-11936	9	12	4	0.3
id-11937	7	4	30	0.2
id-11938	3	5	22	0.3
id-11939	7	14	7	0.4
id-11940	3	3	21	0.3
id-11941	4	3	1	0.5
id-11942	9	5	3	0.4
id-11943	5	2	11	0.3
id-11944	5	4	7	0.3
id-11945	6	11	12	0.3
id-11946	4	4	23	0.4
id-11947	6	11	21	0.4
id-11948	4	6	24	0.2
id-11949	6	10	22	0.4
id-11950	8	15	25	0.3
id-11951	3	3	21	0.2
id-11952	7	3	10	0.3
id-11953	4	8	20	0.2
id-11954	7	12	12	0.5
id-11955	2	4	10	0.3
id-11956	9	2	4	0.3
id-11957	6	9	9	0.4
id-11958	6	4	10	0.3
id-11959	10	5	22	0.2
id-11960	4	6	26	0.5
id-11961	1	2	15	0.2
id-11962	5	2	17	0.4
id-11963	3	4	6	0.2
id-11964	10	18	16	0.3
id-11965	4	3	9	0.3
id-11966	1	2	9	0.5
id-11967	10	11	8	0.3
id-11968	6	4	8	0.4
id-11969	7	14	19	0.2
id-11970	9	16	17	0.4
id-11971	3	5	29	0.3
id-11972	9	18	29	0.4
id-11973	2	3	28	0.4
id-11974	6	6	10	0.4
id-11975	1	2	23	0.5
id-11976	8	15	30	0.2
id-11977	3	2	17	0.3
id-11978	1	2	22	0.5
id-11979	3	6	6	0.5
id-11980	8	4	2	0.3
id-11981	9	6	4	0.4
id-11982	9	18	8	0.4
id-11983	5	5	4	0.2
id-11984	8	4	18	0.3
id-11985	9	5	4	0.4
id-11986	3	2	19	0.4
id-11987	7	10	26	0.4
id-11988	10	2	15	0.3
id-11989	1	2	7	0.4
id-11990	6	9	1	0.4
id-11991	10	12	6	0.2
id-11992	2	3	25	0.4
id-11993	7	10	1	0.5
id-11994	2	4	7	0.4
id-11995	9	2	27	0.4
id-11996	10	20	4	0.2
id-11997	3	6	27	0.3
id-11998	4	3	25	0.2
id-11999	3	6	26	0.5
id-12000	5	5	28	0.2
id-12001	9	17	2	0.2
id-12002	7	13	3	0.3
id-12003	6	5	26	0.3
id-12004	6	10	29	0.4
id-12005	3	3	25	0.2
id-12006	5	4	13	0.3
id-12007	10	16	25	0.5
id-12008	1	2	8	0.5
id-12009	7	13	21	0.2
id-12010	6	7	13	0.3
id-12011	4	5	3	0.4
id-12012	7	5	6	0.3
id-12013	5	9	27	0.3
id-12014	3	5	11	0.4
id-12015	4	6	17	0.4
id-12016	9	12	24	0.3
id-12017	10	19	22	0.4
id-12018	8	14	7	0.3
id-12019	6	12	23	0.3
id-12020	10	9	7	0.4
id-12021	6	7	9	0.4
id-12022	10	7	21	0.2
id-12023	8	8	9	0.3
id-12024	5	2	6	0.4
id-12025	2	2	20	0.4
id-12026	7	9	23	0.4
id-12027	5	5	6	0.5
id-12028	4	4	4	0.4
id-12029	7	11	12	0.5
id-12030	5	5	21	0.5
id-12031	9	9	11	0.3
id-12032	10	18	16	0.2
id-12033	10	15	8	0.3
id-12034	1	2	20	0.3
id-12035	1	2	26	0.4
id-12036	2	4	16	0.4
id-12037	10	16	5	0.4
id-12038	6	10	3	0.4
id-12039	7	14	6	0.3
id-12040	6	4	6	0.4
id-12041	8	12	11	0.3
id-12042	9	13	22	0.4
id-12043	2	3	10	0.5
id-12044	1	2	4	0.3
id-12045	5	6	4	0.2
id-12046	7	13	30	0.3
id-12047	2	2	10	0.4
id-12048	3	4	3	0.4
id-12049	1	2	3	0.2
id-12050	6	11	3	0.5
id-12051	2	3	25	0.3
id-12052	6	9	9	0.3
id-12053	6	12	30	0.2
id-12054	7	11	20	0.4
id-12055	5	10	5	0.2
id-12056	9	6	9	0.4
id-12057	6	11	13	0.2
id-12058	3	5	17	0.3
id-12059	7	7	12	0.3
id-12060	9	17	4	0.4
id-12061	1	2	2	0.5
id-12062	2	3	22	0.2
id-12063	7	5	12	0.2
id-12064	7	8	11	0.4
id-12065	6	9	7	0.4
id-12066	7	2	17	0.3
id-12067	7	2	16	0.5
id-12068	1	2	28	0.3
id-12069	5	3	3	0.5
id-12070	10	3	13	0.4
id-12071	1	2	6	0.3
id-12072	10	10	30	0.3
id-12073	7	11	20	0.2
id-12074	10	9	28	0.4
id-12075	7	8	29	0.4
id-12076	9	5	7	0.5
id-12077	4	2	30	0.3
id-12078	7	10	4	0.3
id-12079	5	3	2	0.4
id-12080	7	3	3	0.5
id-12081	8	16	18	0.2
id-12082	9	2	26	0.2
id-12083	9	9	30	0.2
id-12084	4	6	15	0.3
id-12085	9	9	25	0.3
id-12086	5	8	9	0.4
id-12087	10	11	21	0.4
id-12088	10	13	3	0.5
id-12089	10	3	20	0.3
id-12090	1	2	22	0.5
id-12091	8	12	29	0.4
id-12092	5	5	25	0.5
id-12093	9	9	2	0.5
id-12094	6	7	9	0.4
id-12095	5	5	24	0.2
id-12096	4	5	10	0.3
id-12097	5	4	30	0.3
id-12098	9	5	25	0.3
id-12099	4	4	24	0.3
id-12100	3	5	30	0.4
id-12101	3	6	11	0.3
id-12102	7	10	9	0.5
id-12103	7	14	30	0.3
id-12104	3	2	1	0.5
id-12105	10	4	14	0.2
id-12106	2	4	12	0.5
id-12107	5	8	29	0.3
id-12108	10	3	19	0.2
id-12109	1	2	20	0.4
id-12110	7	9	21	0.4
id-12111	9	11	4	0.3
id-12112	1	2	25	0.2
id-12113	7	9	1	0.3
id-12114	9	5	27	0.5
id-12115	6	5	2	0.4
id-12116	4	6	27	0.4
id-12117	10	15	18	0.4
id-12118	7	12	19	0.2
id-12119	10	13	28	0.4
id-12120	6	9	13	0.2
id-12121	5	3	26	0.3
id-12122	9	9	13	0.4
id-12123	7	4	4	0.2
id-12124	8	3	21	0.4
id-12125	3	6	13	0.3
id-12126	4	7	26	0.4
id-12127	6	9	8	0.3
id-12128	1	2	1	0.3
id-12129	9	6	27	0.3
id-12130	10	19	14	0.5
id-12131	10	13	25	0.4
id-12132	10	19	17	0.4
id-12133	5	7	6	0.4
id-12134	6	4	22	0.3
id-12135	6	7	24	0.4
id-12136	8	12	1	0.4
id-12137	6	12	28	0.5
id-12138	3	5	12	0.4
id-12139	7	6	28	0.4
id-12140	9	9	13	0.4
id-12141	2	3	27	0.4
id-12142	7	6	26	0.3
id-12143	5	9	11	0.3
id-12144	4	7	25	0.2
id-12145	3	4	18	0.4
id-12146	6	4	2	0.3
id-12147	3	6	22	0.3
id-12148	4	8	11	0.3
id-12149	6	12	14	0.3
id-12150	8	11	27	0.4
id-12151	2	4	8	0.4
id-12152	6	9	30	0.5
id-12153	1	2	18	0.3
id-12154	1	2	15	0.4
id-12155	6	11	19	0.4
id-12156	8	4	4	0.4
id-12157	1	2	27	0.3
id-12158	7	9	3	0.5
id-12159	6	2	19	0.2
id-12160	4	3	11	0.3
id-12161	10	18	21	0.3
id-12162	1	2	19	0.2
id-12163	1	2	24	0.2
id-12164	3	5	18	0.3
id-12165	3	5	28	0.4
id-12166	6	5	5	0.4
id-12167	6	4	22	0.2
id-12168	3	4	22	0.4
id-12169	5	8	12	0.4
id-12170	6	5	3	0.2
id-12171	8	5	10	0.2
id-12172	6	4	2	0.2
id-12173	3	2	4	0.3
id-12174	5	5	27	0.4
id-12175	6	9	7	0.3
id-12176	9	7	20	0.4
id-12177	3	6	20	0.5
id-12178	4	4	30	0.5
id-12179	4	3	4	0.4
id-12180	3	2	18	0.3
id-12181	5	2	10	0.3
id-12182	7	7	23	0.4
id-12183	2	3	19	0.4
id-12184	5	10	14	0.5
id-12185	5	10	19	0.5
id-12186	7	13	15	0.4
id-12187	4	8	21	0.3
id-12188	9	17	6	0.3
id-12189	4	7	3	0.5
id-12190	10	7	15	0.2
id-12191	5	4	25	0.4
id-12192	6	11	13	0.3
id-12193	5	10	3	0.3
id-12194	3	6	26	0.5
id-12195	4	5	27	0.3
id-12196	4	5	8	0.4
id-12197	3	5	22	0.3
id-12198	5	9	15	0.4
id-12199	2	4	8	0.4
id-12200	6	5	17	0.3
id-12201	5	4	11	0.3
id-12202	8	4	29	0.2
id-12203	8	9	18	0.4
id-12204	1	2	26	0.5
id-12205	2	3	15	0.4
id-12206	4	3	10	0.2
id-12207	5	10	24	0.4
id-12208	3	6	22	0.4
id-12209	6	9	24	0.4
id-12210	1	2	13	0.4
id-12211	5	10	6	0.5
id-12212	1	2	2	0.2
id-12213	4	4	7	0.5
id-12214	10	16	24	0.5
id-12215	3	6	5	0.2
id-12216	4	8	3	0.3
id-12217	8	2	14	0.4
id-12218	9	14	2	0.3
id-12219	6	4	8	0.5
id-12220	5	8	20	0.3
id-12221	3	4	9	0.3
id-12222	6	7	9	0.3
id-12223	6	7	25	0.4
id-12224	4	4	13	0.2
id-12225	4	3	12	0.3
id-12226	6	2	22	0.4
id-12227	1	2	23	0.5
id-12228	6	4	22	0.5
id-12229	8	7	17	0.5
id-12230	5	8	17	0.2
id-12231	5	4	7	0.4
id-12232	3	6	18	0.4
id-12233	2	4	10	0.4
id-12234	10	16	16	0.3
id-12235	8	4	23	0.3
id-12236	7	3	21	0.2
id-12237	8	6	10	0.4
id-12238	8	7	22	0.4
id-12239	7	2	5	0.4
id-12240	9	6	6	0.5
id-12241	9	8	17	0.4
id-12242	4	2	1	0.5
id-12243	2	2	22	0.5
id-12244	10	4	10	0.3
id-12245	3	2	8	0.3
id-12246	10	16	27	0.2
id-12247	1	2	21	0.4
id-12248	8	13	9	0.5
id-12249	7	3	26	0.5
id-12250	10	10	18	0.5
id-12251	9	13	9	0.4
id-12252	7	7	4	0.5
id-12253	9	16	8	0.3
id-12254	6	11	16	0.5
id-12255	1	2	22	0.4
id-12256	1	2	28	0.4
id-12257	2	3	28	0.3
id-12258	10	16	29	0.3
id-12259	10	4	20	0.4
id-12260	8	2	6	0.5
id-12261	6	8	13	0.4
id-12262	10	17	17	0.3
id-12263	5	7	15	0.3
id-12264	6	3	18	0.4
id-12265	8	15	19	0.3
id-12266	7	11	15	0.5
id-12267	6	10	16	0.5
id-12268	5	8	28	0.5
id-12269	1	2	6	0.3
id-12270	3	6	23	0.5
id-12271	8	3	4	0.4
id-12272	5	4	19	0.2
id-12273	10	4	19	0.3
id-12274	8	2	10	0.3
id-12275	6	11	14	0.3
id-12276	1	2	27	0.4
id-12277	5	7	4	0.2
id-12278	9	4	4	0.5
id-12279	7	3	14	0.3
id-12280	10	15	4	0.3
id-12281	6	11	20	0.3
id-12282	8	13	1	0.4
id-12283	7	13	20	0.3
id-12284	8	12	16	0.3
id-12285	4	4	29	0.4
id-12286	1	2	23	0.5
id-12287	8	15	15	0.2
id-12288	4	6	18	0.4
id-12289	6	8	18	0.4
id-12290	10	12	26	0.4
id-12291	8	14	20	0.3
id-12292	3	4	2	0.2
id-12293	7	14	14	0.2
id-12294	2	2	9	0.5
id-12295	7	13	29	0.3
id-12296	4	2	17	0.5
id-12297	4	7	8	0.3
id-12298	8	9	5	0.2
id-12299	9	11	29	0.5
id-12300	5	8	29	0.4
id-12301	8	15	12	0.2
id-12302	5	9	15	0.5
id-12303	4	5	28	0.4
id-12304	8	16	21	0.5
id-12305	10	20	4	0.5
id-12306	10	11	11	0.5
id-12307	9	18	12	0.3
id-12308	1	2	15	0.5
id-12309	8	2	25	0.3
id-12310	7	10	3	0.3
id-12311	3	5	7	0.4
id-12312	1	2	25	0.5
id-12313	6	9	22	0.4
id-12314	6	4	22	0.3
id-12315	9	13	13	0.5
id-12316	6	9	22	0.3
id-12317	9	6	1	0.5
id-12318	9	8	8	0.4
id-12319	8	13	11	0.2
id-12320	7	5	4	0.2
id-12321	1	2	1	0.5
id-12322	7	2	13	0.4
id-12323	4	7	12	0.3
id-12324	6	10	26	0.2
id-12325	4	3	15	0.4
id-12326	5	9	2	0.4
id-12327	10	18	9	0.5
id-12328	8	8	9	0.5
id-12329	2	4	19	0.3
id-12330	7	4	22	0.4
id-12331	10	18	15	0.2
id-12332	3	6	25	0.4
id-12333	10	14	29	0.3
id-12334	1	2	29	0.5
id-12335	7	13	14	0.5
id-12336	3	3	18	0.3
id-12337	7	9	16	0.4
id-12338	4	7	30	0.4
id-12339	1	2	14	0.3
id-12340	7	5	11	0.5
id-12341	1	2	28	0.3
id-12342	4	7	13	0.3
id-12343	5	2	17	0.4
id-12344	2	2	17	0.2
id-12345	5	2	16	0.4
id-12346	2	4	14	0.2
id-12347	6	7	18	0.5
id-12348	10	3	11	0.4
id-12349	6	11	29	0.2
id-12350	9	11	8	0.3
id-12351	2	4	9	0.5
id-12352	3	4	26	0.3
id-12353	6	10	5	0.4
id-12354	8	14	16	0.4
id-12355	1	2	4	0.4
id-12356	5	3	16	0.2
id-12357	2	2	15	0.3
id-12358	10	14	7	0.3
id-12359	1	2	29	0.2
id-12360	5	5	12	0.2
id-12361	3	5	2	0.4
id-12362	8	5	10	0.3
id-12363	5	6	8	0.3
id-12364	2	4	21	0.4
id-12365	1	2	2	0.4
id-12366	4	2	11	0.2
id-12367	6	6	5	0.5
id-12368	8	12	6	0.4
id-12369	5	5	27	0.4
id-12370	2	4	20	0.2
id-12371	5	4	3	0.5
id-12372	10	6	18	0.4
id-12373	1	2	30	0.4
id-12374	6	9	22	0.3
id-12375	5	5	29	0.3
id-12376	7	14	28	0.3
id-12377	8	14	27	0.4
id-12378	7	5	9	0.5
id-12379	7	14	21	0.4
id-12380	6	11	24	0.4
id-12381	3	4	25	0.4
id-12382	5	3	10	0.4
id-12383	5	10	24	0.3
id-12384	7	5	23	0.2
id-12385	9	9	8	0.2
id-12386	10	14	28	0.4
id-12387	7	2	11	0.3
id-12388	8	13	5	0.3
id-12389	3	5	4	0.4
id-12390	6	5	16	0.2
id-12391	8	11	12	0.2
id-12392	9	2	18	0.3
id-12393	2	3	23	0.3
id-12394	4	4	22	0.4
id-12395	9	12	5	0.4
id-12396	9	3	6	0.3
id-12397	4	3	11	0.4
id-12398	9	17	25	0.3
id-12399	7	6	10	0.2
id-12400	3	2	16	0.2
id-12401	1	2	4	0.4
id-12402	6	5	4	0.3
id-12403	2	4	27	0.2
id-12404	8	4	30	0.3
id-12405	3	6	18	0.5
id-12406	2	3	13	0.2
id-12407	1	2	19	0.3
id-12408	10	18	6	0.3
id-12409	8	16	19	0.3
id-12410	9	18	4	0.4
id-12411	2	2	23	0.2
id-12412	4	8	11	0.4
id-12413	9	14	21	0.3
id-12414	2	2	5	0.5
id-12415	2	3	2	0.2
id-12416	8	13	26	0.4
id-12417	9	9	7	0.4
id-12418	9	15	10	0.4
id-12419	10	9	9	0.2
id-12420	3	6	30	0.4
id-12421	5	9	5	0.2
id-12422	8	11	1	0.4
id-12423	3	5	3	0.3
id-12424	7	2	21	0.2
id-12425	6	10	4	0.2
id-12426	6	11	1	0.3
id-12427	5	6	18	0.5
id-12428	8	5	13	0.3
id-12429	5	2	29	0.4
id-12430	1	2	27	0.5
id-12431	7	11	16	0.3
id-12432	6	12	27	0.4
id-12433	8	15	8	0.3
id-12434	8	16	29	0.4
id-12435	2	4	28	0.2
id-12436	6	8	11	0.4
id-12437	5	9	29	0.4
id-12438	9	17	28	0.4
id-12439	5	10	1	0.4
id-12440	3	6	7	0.4
id-12441	2	4	4	0.3
id-12442	5	9	7	0.3
id-12443	9	8	17	0.4
id-12444	9	17	7	0.5
id-12445	5	5	18	0.3
id-12446	5	9	25	0.3
id-12447	2	2	29	0.3
id-12448	7	10	13	0.3
id-12449	5	4	14	0.3
id-12450	10	19	7	0.5
id-12451	4	3	15	0.4
id-12452	4	4	23	0.3
id-12453	8	5	24	0.3
id-12454	4	3	1	0.2
id-12455	6	10	11	0.4
id-12456	3	3	24	0.2
id-12457	5	9	25	0.3
id-12458	4	2	13	0.3
id-12459	9	12	20	0.4
id-12460	7	13	30	0.4
id-12461	7	5	20	0.4
id-12462	9	8	14	0.2
id-12463	4	7	18	0.3
id-12464	2	3	21	0.4
id-12465	7	10	27	0.3
id-12466	3	2	16	0.2
id-12467	2	2	7	0.5
id-12468	5	6	26	0.3
id-12469	5	6	10	0.3
id-12470	9	4	23	0.4
id-12471	10	16	21	0.4
id-12472	5	7	5	0.4
id-12473	8	4	11	0.4
id-12474	6	11	10	0.5
id-12475	1	2	3	0.3
id-12476	4	6	27	0.4
id-12477	6	12	2	0.3
id-12478	10	17	5	0.4
id-12479	9	16	24	0.3
id-12480	3	4	14	0.5
id-12481	8	7	12	0.3
id-12482	3	6	9	0.4
id-12483	7	7	29	0.5
id-12484	6	5	25	0.2
id-12485	6	4	29	0.5
id-12486	2	3	18	0.2
id-12487	1	2	29	0.4
id-12488	5	2	10	0.2
id-12489	7	2	10	0.3
id-12490	9	4	30	0.3
id-12491	1	2	28	0.4
id-12492	2	4	22	0.3
id-12493	1	2	11	0.3
id-12494	4	2	28	0.4
id-12495	8	14	21	0.4
id-12496	6	12	1	0.5
id-12497	7	10	7	0.2
id-12498	2	3	2	0.3
id-12499	5	8	1	0.4
id-12500	7	8	11	0.2
id-12501	2	2	11	0.3
id-12502	5	3	14	0.3
id-12503	8	12	12	0.3
id-12504	7	13	7	0.4
id-12505	10	19	14	0.4
id-12506	6	12	8	0.5
id-12507	4	3	10	0.4
id-12508	4	2	12	0.2
id-12509	3	4	21	0.2
id-12510	6	10	7	0.2
id-12511	1	2	29	0.5
id-12512	8	13	19	0.3
id-12513	6	6	17	0.4
id-12514	4	7	10	0.4
id-12515	6	10	19	0.3
id-12516	1	2	11	0.4
id-12517	9	2	11	0.4
id-12518	9	5	29	0.2
id-12519	4	5	10	0.4
id-12520	8	3	10	0.4
id-12521	2	2	9	0.2
id-12522	5	2	10	0.4
id-12523	9	13	9	0.3
id-12524	4	7	28	0.3
id-12525	1	2	20	0.5
id-12526	8	2	5	0.2
id-12527	10	19	30	0.3
id-12528	5	4	26	0.3
id-12529	2	4	20	0.3
id-12530	9	10	14	0.4
id-12531	7	3	2	0.3
id-12532	9	15	29	0.4
id-12533	5	5	6	0.4
id-12534	2	4	10	0.5
id-12535	5	10	20	0.3
id-12536	7	14	25	0.4
id-12537	1	2	12	0.4
id-12538	7	12	25	0.5
id-12539	8	13	25	0.4
id-12540	1	2	30	0.2
id-12541	8	4	22	0.3
id-12542	7	12	11	0.2
id-12543	1	2	14	0.5
id-12544	2	3	2	0.3
id-12545	7	6	9	0.3
id-12546	3	4	26	0.3
id-12547	8	4	2	0.2
id-12548	2	4	14	0.3
id-12549	7	12	1	0.5
id-12550	5	4	14	0.2
id-12551	7	4	30	0.4
id-12552	8	9	21	0.3
id-12553	7	2	24	0.2
id-12554	3	5	12	0.4
id-12555	8	4	23	0.3
id-12556	1	2	9	0.4
id-12557	9	5	8	0.4
id-12558	6	7	17	0.4
id-12559	3	6	18	0.2
id-12560	1	2	11	0.3
id-12561	7	14	21	0.5
id-12562	6	9	15	0.4
id-12563	1	2	25	0.5
id-12564	2	2	25	0.3
id-12565	6	2	7	0.5
id-12566	8	12	28	0.3
id-12567	3	4	19	0.4
id-12568	2	4	21	0.2
id-12569	7	8	24	0.3
id-12570	3	5	4	0.3
id-12571	6	9	6	0.3
id-12572	4	6	13	0.5
id-12573	4	6	12	0.4
id-12574	6	12	17	0.3
id-12575	8	10	20	0.4
id-12576	3	3	4	0.3
id-12577	4	8	5	0.4
id-12578	8	3	5	0.2
id-12579	2	3	20	0.3
id-12580	2	2	25	0.4
id-12581	1	2	2	0.4
id-12582	6	6	25	0.3
id-12583	8	15	27	0.4
id-12584	5	5	6	0.5
id-12585	3	5	30	0.5
id-12586	2	4	22	0.3
id-12587	2	3	27	0.5
id-12588	5	10	28	0.2
id-12589	3	4	8	0.5
id-12590	1	2	19	0.3
id-12591	8	2	1	0.5
id-12592	1	2	25	0.3
id-12593	10	15	5	0.4
id-12594	6	10	11	0.3
id-12595	7	14	20	0.3
id-12596	3	2	16	0.3
id-12597	2	3	21	0.3
id-12598	6	2	27	0.4
id-12599	1	2	24	0.4
id-12600	8	7	21	0.4
id-12601	3	5	23	0.3
id-12602	4	4	26	0.5
id-12603	8	2	15	0.4
id-12604	8	2	25	0.4
id-12605	8	6	10	0.5
id-12606	6	11	1	0.3
id-12607	1	2	13	0.3
id-12608	9	5	17	0.3
id-12609	9	17	18	0.2
id-12610	5	6	1	0.4
id-12611	3	2	5	0.2
id-12612	6	7	1	0.2
id-12613	8	2	24	0.3
id-12614	3	2	1	0.4
id-12615	2	4	6	0.4
id-12616	6	10	12	0.4
id-12617	2	3	14	0.4
id-12618	10	14	28	0.3
id-12619	10	17	7	0.4
id-12620	1	2	11	0.3
id-12621	8	7	21	0.4
id-12622	1	2	16	0.3
id-12623	5	10	3	0.5
id-12624	3	6	12	0.3
id-12625	7	9	7	0.4
id-12626	4	2	3	0.3
id-12627	9	7	24	0.5
id-12628	3	6	11	0.2
id-12629	3	3	4	0.2
id-12630	10	4	3	0.4
id-12631	9	17	2	0.3
id-12632	8	12	17	0.4
id-12633	3	5	23	0.4
id-12634	3	2	15	0.2
id-12635	10	19	6	0.4
id-12636	1	2	23	0.3
id-12637	2	2	29	0.4
id-12638	4	7	15	0.4
id-12639	6	11	10	0.4
id-12640	3	3	2	0.3
id-12641	10	18	19	0.5
id-12642	8	7	21	0.4
id-12643	4	2	19	0.3
id-12644	4	6	28	0.3
id-12645	6	2	23	0.4
id-12646	4	7	13	0.4
id-12647	5	7	11	0.4
id-12648	9	17	4	0.3
id-12649	6	9	18	0.5
id-12650	5	2	25	0.3
id-12651	6	8	30	0.2
id-12652	2	3	22	0.5
id-12653	7	8	26	0.3
id-12654	10	20	17	0.4
id-12655	4	6	24	0.3
id-12656	1	2	16	0.3
id-12657	3	4	26	0.3
id-12658	2	4	23	0.5
id-12659	1	2	29	0.3
id-12660	10	8	3	0.5
id-12661	8	10	5	0.5
id-12662	9	5	8	0.3
id-12663	5	9	5	0.2
id-12664	2	2	8	0.3
id-12665	8	15	14	0.2
id-12666	3	5	9	0.5
id-12667	1	2	5	0.3
id-12668	3	5	8	0.4
id-12669	9	8	30	0.3
id-12670	7	11	8	0.5
id-12671	3	3	25	0.4
id-12672	5	9	16	0.5
id-12673	5	7	30	0.3
id-12674	7	14	29	0.3
id-12675	9	9	8	0.2
id-12676	1	2	26	0.2
id-12677	7	11	6	0.2
id-12678	2	3	9	0.4
id-12679	2	2	4	0.2
id-12680	4	6	17	0.3
id-12681	3	2	28	0.3
id-12682	5	3	8	0.5
id-12683	5	2	14	0.3
id-12684	9	9	15	0.2
id-12685	10	4	27	0.4
id-12686	6	8	13	0.4
id-12687	5	9	25	0.2
id-12688	2	2	12	0.5
id-12689	1	2	1	0.3
id-12690	5	7	3	0.4
id-12691	9	9	7	0.4
id-12692	4	2	10	0.2
id-12693	5	7	7	0.3
id-12694	3	6	2	0.3
id-12695	6	9	10	0.2
id-12696	8	16	7	0.3
id-12697	7	4	3	0.3
id-12698	5	2	17	0.3
id-12699	9	12	3	0.5
id-12700	7	10	6	0.2
id-12701	5	3	2	0.5
id-12702	4	8	26	0.3
id-12703	8	2	27	0.2
id-12704	3	2	13	0.3
id-12705	2	4	1	0.2
id-12706	10	9	11	0.5
id-12707	9	12	6	0.2
id-12708	2	2	19	0.4
id-12709	8	2	12	0.4
id-12710	10	9	16	0.5
id-12711	7	3	12	0.4
id-12712	4	7	18	0.2
id-12713	2	2	7	0.3
id-12714	7	10	21	0.4
id-12715	1	2	28	0.4
id-12716	4	4	8	0.4
id-12717	9	7	1	0.5
id-12718	4	7	15	0.2
id-12719	9	15	11	0.3
id-12720	2	3	12	0.5
id-12721	4	8	14	0.3
id-12722	5	6	27	0.2
id-12723	10	3	24	0.5
id-12724	7	12	28	0.3
id-12725	10	19	1	0.4
id-12726	8	6	13	0.2
id-12727	1	2	6	0.4
id-12728	6	8	26	0.3
id-12729	1	2	13	0.5
id-12730	3	2	28	0.4
id-12731	2	2	1	0.5
id-12732	4	7	3	0.2
id-12733	8	14	15	0.3
id-12734	4	3	8	0.5
id-12735	10	10	12	0.2
id-12736	7	2	27	0.4
id-12737	3	5	19	0.3
id-12738	5	7	14	0.3
id-12739	9	8	11	0.5
id-12740	3	4	18	0.4
id-12741	3	6	2	0.5
id-12742	1	2	11	0.5
id-12743	1	2	22	0.5
id-12744	10	12	2	0.5
id-12745	7	8	24	0.4
id-12746	6	3	22	0.3
id-12747	3	4	1	0.4
id-12748	7	6	27	0.3
id-12749	3	6	7	0.3
id-12750	1	2	12	0.4
id-12751	5	8	2	0.4
id-12752	3	5	28	0.3
id-12753	4	5	10	0.4
id-12754	8	10	1	0.4
id-12755	8	9	9	0.5
id-12756	2	3	25	0.4
id-12757	4	3	6	0.3
id-12758	2	3	13	0.5
id-12759	7	10	4	0.4
id-12760	2	3	18	0.3
id-12761	8	2	27	0.3
id-12762	5	4	26	0.5
id-12763	4	3	8	0.2
id-12764	9	4	10	0.4
id-12765	7	8	3	0.2
id-12766	9	17	23	0.2
id-12767	3	2	30	0.4
id-12768	3	4	23	0.3
id-12769	1	2	10	0.3
id-12770	8	3	8	0.4
id-12771	10	16	19	0.4
id-12772	2	3	3	0.3
id-12773	7	9	1	0.4
id-12774	5	8	8	0.3
id-12775	1	2	10	0.3
id-12776	7	5	18	0.4
id-12777	2	4	12	0.3
id-12778	9	17	16	0.4
id-12779	9	4	29	0.5
id-12780	8	2	15	0.4
id-12781	4	2	24	0.4
id-12782	9	16	19	0.4
id-12783	3	4	20	0.2
id-12784	6	7	17	0.4
id-12785	7	8	17	0.3
id-12786	7	4	22	0.4
id-12787	5	4	11	0.5
id-12788	8	14	5	0.3
id-12789	9	4	13	0.5
id-12790	4	3	9	0.4
id-12791	9	11	3	0.4
id-12792	6	11	24	0.4
id-12793	5	5	18	0.2
id-12794	10	12	29	0.2
id-12795	7	12	6	0.3
id-12796	2	4	25	0.4
id-12797	6	8	28	0.4
id-12798	1	2	16	0.3
id-12799	9	10	25	0.2
id-12800	7	2	20	0.3
id-12801	4	4	24	0.3
id-12802	3	6	14	0.4
id-12803	4	4	14	0.5
id-12804	4	5	1	0.2
id-12805	3	4	1	0.4
id-12806	6	2	4	0.5
id-12807	2	3	30	0.4
id-12808	3	6	23	0.3
id-12809	9	8	9	0.3
id-12810	10	4	16	0.4
id-12811	5	3	24	0.3
id-12812	9	5	1	0.3
id-12813	7	10	8	0.5
id-12814	9	13	9	0.5
id-12815	8	15	16	0.3
id-12816	9	11	20	0.4
id-12817	2	3	18	0.3
id-12818	6	2	20	0.2
id-12819	7	7	21	0.2
id-12820	9	18	27	0.4
id-12821	2	2	18	0.5
id-12822	6	12	24	0.3
id-12823	8	9	29	0.2
id-12824	2	2	5	0.3
id-12825	7	12	26	0.4
id-12826	3	2	10	0.3
id-12827	6	11	21	0.3
id-12828	9	15	13	0.3
id-12829	1	2	21	0.5
id-12830	3	5	1	0.3
id-12831	6	10	25	0.3
id-12832	3	2	24	0.3
id-12833	5	5	10	0.5
id-12834	1	2	8	0.4
id-12835	3	5	7	0.2
id-12836	2	4	4	0.4
id-12837	6	12	6	0.4
id-12838	7	6	24	0.4
id-12839	5	9	25	0.5
id-12840	1	2	19	0.3
id-12841	7	10	29	0.3
id-12842	4	4	26	0.5
id-12843	10	5	8	0.3
id-12844	9	17	29	0.4
id-12845	1	2	3	0.4
id-12846	1	2	3	0.3
id-12847	9	8	4	0.3
id-12848	3	5	28	0.3
id-12849	6	2	5	0.5
id-12850	9	16	9	0.3
id-12851	6	6	29	0.3
id-12852	3	4	30	0.3
id-12853	7	14	1	0.5
id-12854	8	8	29	0.3
id-12855	5	9	4	0.3
id-12856	9	10	26	0.3
id-12857	5	5	11	0.2
id-12858	5	7	5	0.4
id-12859	2	3	6	0.4
id-12860	10	20	16	0.3
id-12861	5	9	9	0.3
id-12862	6	11	8	0.3
id-12863	1	2	8	0.4
id-12864	5	4	9	0.4
id-12865	2	2	27	0.3
id-12866	10	12	5	0.2
id-12867	7	11	15	0.5
id-12868	7	6	16	0.2
id-12869	2	2	12	0.3
id-12870	6	10	22	0.4
id-12871	3	2	11	0.3
id-12872	2	2	28	0.3
id-12873	1	2	17	0.3
id-12874	1	2	26	0.4
id-12875	10	4	6	0.4
id-12876	9	9	18	0.4
id-12877	5	8	26	0.4
id-12878	3	4	6	0.3
id-12879	8	4	26	0.2
id-12880	5	7	19	0.2
id-12881	3	2	23	0.3
id-12882	2	2	25	0.4
id-12883	7	2	11	0.4
id-12884	4	2	14	0.3
id-12885	5	6	14	0.3
id-12886	1	2	6	0.4
id-12887	9	10	26	0.5
id-12888	6	3	22	0.4
id-12889	5	8	10	0.4
id-12890	4	8	20	0.2
id-12891	8	13	9	0.2
id-12892	3	2	26	0.4
id-12893	6	10	29	0.4
id-12894	10	18	22	0.3
id-12895	8	11	8	0.4
id-12896	5	4	3	0.2
id-12897	3	4	28	0.5
id-12898	2	4	19	0.3
id-12899	2	3	25	0.5
id-12900	1	2	18	0.3
id-12901	5	2	25	0.4
id-12902	5	9	1	0.4
id-12903	3	5	20	0.3
id-12904	7	12	22	0.3
id-12905	7	12	11	0.3
id-12906	3	3	7	0.3
id-12907	4	8	18	0.3
id-12908	1	2	29	0.4
id-12909	10	4	6	0.3
id-12910	6	6	8	0.4
id-12911	4	5	2	0.4
id-12912	3	6	17	0.3
id-12913	7	9	21	0.5
id-12914	1	2	14	0.4
id-12915	7	3	2	0.4
id-12916	6	5	28	0.3
id-12917	4	8	5	0.5
id-12918	1	2	26	0.3
id-12919	3	2	17	0.4
id-12920	7	7	12	0.4
id-12921	4	4	9	0.4
id-12922	1	2	4	0.3
id-12923	8	14	26	0.2
id-12924	4	3	13	0.4
id-12925	3	6	1	0.3
id-12926	8	4	5	0.3
id-12927	8	11	11	0.4
id-12928	2	4	23	0.2
id-12929	6	11	27	0.5
id-12930	9	13	25	0.4
id-12931	4	2	8	0.4
id-12932	8	5	30	0.2
id-12933	6	5	25	0.5
id-12934	5	5	25	0.4
id-12935	5	3	12	0.5
id-12936	5	3	17	0.4
id-12937	4	4	13	0.4
id-12938	6	10	7	0.3
id-12939	5	2	19	0.4
id-12940	6	2	28	0.3
id-12941	5	5	22	0.3
id-12942	7	13	24	0.3
id-12943	3	2	25	0.2
id-12944	1	2	10	0.3
id-12945	5	5	17	0.4
id-12946	5	9	23	0.4
id-12947	2	3	14	0.3
id-12948	8	11	25	0.4
id-12949	6	3	30	0.3
id-12950	6	11	16	0.5
id-12951	6	9	13	0.3
id-12952	8	6	11	0.4
id-12953	6	6	13	0.3
id-12954	9	12	4	0.4
id-12955	8	8	2	0.4
id-12956	4	3	15	0.3
id-12957	10	16	11	0.4
id-12958	8	14	25	0.2
id-12959	2	4	16	0.2
id-12960	3	3	13	0.4
id-12961	3	2	24	0.3
id-12962	1	2	30	0.3
id-12963	10	13	3	0.3
id-12964	5	3	4	0.2
id-12965	6	3	21	0.3
id-12966	6	2	9	0.3
id-12967	4	7	24	0.3
id-12968	5	10	27	0.3
id-12969	6	4	19	0.4
id-12970	10	13	1	0.4
id-12971	3	5	23	0.3
id-12972	5	3	24	0.3
id-12973	1	2	12	0.2
id-12974	9	13	27	0.5
id-12975	3	6	4	0.3
id-12976	7	3	11	0.2
id-12977	10	7	6	0.5
id-12978	1	2	20	0.3
id-12979	8	5	14	0.5
id-12980	8	7	26	0.3
id-12981	5	9	24	0.4
id-12982	1	2	26	0.5
id-12983	4	5	19	0.4
id-12984	4	2	22	0.3
id-12985	10	3	29	0.3
id-12986	9	6	28	0.5
id-12987	10	9	18	0.3
id-12988	9	17	27	0.4
id-12989	10	12	25	0.2
id-12990	5	8	3	0.4
id-12991	5	8	23	0.2
id-12992	7	4	16	0.4
id-12993	2	4	2	0.3
id-12994	9	16	21	0.5
id-12995	3	6	10	0.3
id-12996	3	4	9	0.2
id-12997	4	2	23	0.4
id-12998	10	3	1	0.4
id-12999	8	6	14	0.3
id-13000	1	2	23	0.4
id-13001	1	2	4	0.3
id-13002	6	11	23	0.5
id-13003	8	11	24	0.4
id-13004	7	12	27	0.2
id-13005	8	6	24	0.3
id-13006	5	5	22	0.5
id-13007	3	5	3	0.3
id-13008	10	2	10	0.5
id-13009	6	12	15	0.3
id-13010	1	2	11	0.3
id-13011	3	6	9	0.4
id-13012	4	3	13	0.3
id-13013	3	3	1	0.3
id-13014	3	4	5	0.4
id-13015	4	2	10	0.3
id-13016	3	4	3	0.3
id-13017	1	2	21	0.4
id-13018	3	5	10	0.3
id-13019	8	8	25	0.4
id-13020	5	2	29	0.2
id-13021	2	2	16	0.4
id-13022	10	14	8	0.3
id-13023	4	5	11	0.3
id-13024	6	7	17	0.2
id-13025	3	3	17	0.4
id-13026	2	2	9	0.4
id-13027	2	4	12	0.3
id-13028	2	3	11	0.3
id-13029	7	13	7	0.3
id-13030	9	14	4	0.3
id-13031	3	5	12	0.5
id-13032	10	14	8	0.3
id-13033	3	6	17	0.4
id-13034	3	2	9	0.3
id-13035	6	11	25	0.4
id-13036	1	2	10	0.3
id-13037	5	7	22	0.3
id-13038	8	14	27	0.4
id-13039	4	4	15	0.3
id-13040	2	4	8	0.3
id-13041	3	6	4	0.2
id-13042	4	8	18	0.3
id-13043	5	10	25	0.4
id-13044	8	9	28	0.3
id-13045	1	2	10	0.3
id-13046	9	6	10	0.3
id-13047	4	4	30	0.4
id-13048	2	3	6	0.4
id-13049	8	3	10	0.4
id-13050	2	4	20	0.2
id-13051	4	6	25	0.4
id-13052	8	8	7	0.4
id-13053	4	4	17	0.5
id-13054	8	15	3	0.4
id-13055	4	8	29	0.2
id-13056	1	2	28	0.3
id-13057	4	7	11	0.4
id-13058	6	8	3	0.3
id-13059	3	6	15	0.4
id-13060	5	6	10	0.2
id-13061	3	2	28	0.5
id-13062	1	2	25	0.3
id-13063	6	4	15	0.3
id-13064	6	11	17	0.3
id-13065	8	6	8	0.3
id-13066	6	9	29	0.4
id-13067	8	14	19	0.4
id-13068	6	10	15	0.3
id-13069	4	8	2	0.2
id-13070	8	3	3	0.4
id-13071	2	4	5	0.2
id-13072	1	2	19	0.5
id-13073	5	10	1	0.2
id-13074	1	2	1	0.5
id-13075	9	16	12	0.3
id-13076	2	2	18	0.4
id-13077	7	8	24	0.3
id-13078	5	5	7	0.3
id-13079	3	6	30	0.3
id-13080	5	5	10	0.3
id-13081	6	11	26	0.4
id-13082	2	4	17	0.2
id-13083	6	4	16	0.4
id-13084	9	12	14	0.4
id-13085	1	2	24	0.4
id-13086	10	3	10	0.5
id-13087	4	7	20	0.4
id-13088	8	15	3	0.2
id-13089	2	2	1	0.2
id-13090	6	2	18	0.2
id-13091	10	9	6	0.3
id-13092	4	7	30	0.5
id-13093	5	3	27	0.5
id-13094	2	3	8	0.3
id-13095	8	5	14	0.3
id-13096	4	4	22	0.4
id-13097	7	3	3	0.2
id-13098	10	3	27	0.3
id-13099	6	10	12	0.4
id-13100	6	10	12	0.5
id-13101	2	3	8	0.4
id-13102	5	6	10	0.5
id-13103	4	3	16	0.5
id-13104	1	2	26	0.5
id-13105	1	2	30	0.5
id-13106	9	2	21	0.2
id-13107	7	13	4	0.4
id-13108	9	5	25	0.2
id-13109	8	12	14	0.3
id-13110	9	14	1	0.3
id-13111	9	14	10	0.3
id-13112	10	4	2	0.2
id-13113	2	3	20	0.2
id-13114	6	3	24	0.3
id-13115	4	6	29	0.2
id-13116	6	5	26	0.2
id-13117	1	2	24	0.3
id-13118	3	6	21	0.4
id-13119	3	4	19	0.4
id-13120	9	7	13	0.3
id-13121	1	2	11	0.2
id-13122	9	18	20	0.4
id-13123	1	2	1	0.2
id-13124	1	2	6	0.2
id-13125	4	8	11	0.4
id-13126	7	14	4	0.3
id-13127	5	6	15	0.2
id-13128	8	13	26	0.5
id-13129	2	3	9	0.3
id-13130	1	2	28	0.4
id-13131	6	3	8	0.4
id-13132	8	4	17	0.3
id-13133	10	7	23	0.2
id-13134	1	2	25	0.4
id-13135	5	8	11	0.2
id-13136	10	7	24	0.4
id-13137	1	2	11	0.4
id-13138	7	11	24	0.3
id-13139	9	17	23	0.4
id-13140	3	3	22	0.5
id-13141	6	2	1	0.4
id-13142	10	9	10	0.2
id-13143	7	9	23	0.2
id-13144	4	5	27	0.4
id-13145	1	2	15	0.3
id-13146	10	9	6	0.4
id-13147	3	3	6	0.2
id-13148	6	6	21	0.4
id-13149	3	4	6	0.4
id-13150	5	6	3	0.4
id-13151	9	6	28	0.4
id-13152	10	17	9	0.3
id-13153	9	10	15	0.3
id-13154	3	2	7	0.4
id-13155	7	4	12	0.5
id-13156	10	12	4	0.3
id-13157	7	14	3	0.4
id-13158	10	11	8	0.2
id-13159	10	18	9	0.3
id-13160	10	17	14	0.4
id-13161	8	13	7	0.3
id-13162	10	2	11	0.3
id-13163	6	6	28	0.4
id-13164	3	5	4	0.5
id-13165	2	2	6	0.2
id-13166	8	3	14	0.5
id-13167	3	5	6	0.2
id-13168	7	6	3	0.2
id-13169	5	4	9	0.3
id-13170	10	2	18	0.3
id-13171	2	2	5	0.2
id-13172	3	6	4	0.3
id-13173	3	2	17	0.5
id-13174	2	4	10	0.4
id-13175	4	8	27	0.4
id-13176	8	3	16	0.3
id-13177	2	2	25	0.5
id-13178	7	3	8	0.4
id-13179	4	5	10	0.4
id-13180	2	2	8	0.3
id-13181	7	6	22	0.4
id-13182	5	4	11	0.5
id-13183	2	2	15	0.4
id-13184	5	9	25	0.2
id-13185	10	19	21	0.2
id-13186	6	7	19	0.4
id-13187	5	4	20	0.3
id-13188	2	3	22	0.3
id-13189	8	11	30	0.4
id-13190	9	10	3	0.2
id-13191	1	2	8	0.3
id-13192	10	9	29	0.2
id-13193	5	7	26	0.3
id-13194	7	9	18	0.3
id-13195	4	6	25	0.5
id-13196	7	6	27	0.2
id-13197	5	8	1	0.2
id-13198	6	5	13	0.4
id-13199	6	6	1	0.3
id-13200	1	2	29	0.2
id-13201	7	12	11	0.4
id-13202	7	11	10	0.5
id-13203	8	9	17	0.4
id-13204	6	11	17	0.2
id-13205	10	9	16	0.5
id-13206	6	8	1	0.2
id-13207	1	2	4	0.2
id-13208	10	16	14	0.4
id-13209	10	2	11	0.4
id-13210	1	2	29	0.5
id-13211	9	13	16	0.3
id-13212	2	3	26	0.2
id-13213	5	10	20	0.3
id-13214	10	16	15	0.4
id-13215	7	2	26	0.4
id-13216	8	2	14	0.3
id-13217	3	6	22	0.3
id-13218	3	5	18	0.3
id-13219	1	2	21	0.3
id-13220	7	8	23	0.4
id-13221	9	10	13	0.4
id-13222	10	6	2	0.4
id-13223	1	2	27	0.3
id-13224	1	2	15	0.4
id-13225	8	11	10	0.3
id-13226	9	6	12	0.4
id-13227	9	18	22	0.3
id-13228	1	2	22	0.4
id-13229	1	2	21	0.4
id-13230	5	7	8	0.2
id-13231	8	8	27	0.5
id-13232	4	3	18	0.5
id-13233	2	2	26	0.3
id-13234	8	12	21	0.3
id-13235	10	11	20	0.4
id-13236	4	7	23	0.4
id-13237	8	12	10	0.5
id-13238	1	2	5	0.3
id-13239	1	2	11	0.4
id-13240	4	3	24	0.4
id-13241	6	3	28	0.4
id-13242	10	16	9	0.3
id-13243	10	7	20	0.3
id-13244	3	2	27	0.3
id-13245	5	10	7	0.3
id-13246	2	3	2	0.5
id-13247	8	2	30	0.3
id-13248	6	4	22	0.2
id-13249	10	15	2	0.5
id-13250	1	2	11	0.4
id-13251	9	16	24	0.3
id-13252	2	3	1	0.4
id-13253	9	12	24	0.3
id-13254	2	2	20	0.5
id-13255	1	2	27	0.4
id-13256	7	12	21	0.4
id-13257	9	11	17	0.4
id-13258	6	3	13	0.5
id-13259	6	8	21	0.3
id-13260	2	2	26	0.3
id-13261	10	10	3	0.4
id-13262	10	16	24	0.4
id-13263	8	15	6	0.4
id-13264	6	3	23	0.5
id-13265	8	8	30	0.4
id-13266	1	2	16	0.3
id-13267	1	2	29	0.4
id-13268	6	10	6	0.4
id-13269	10	5	21	0.4
id-13270	7	8	7	0.4
id-13271	10	20	5	0.4
id-13272	8	12	24	0.4
id-13273	1	2	5	0.2
id-13274	8	13	25	0.2
id-13275	9	18	9	0.4
id-13276	4	2	5	0.4
id-13277	7	11	20	0.5
id-13278	10	18	6	0.5
id-13279	6	12	4	0.3
id-13280	5	10	4	0.4
id-13281	4	4	22	0.3
id-13282	7	3	3	0.4
id-13283	6	4	21	0.2
id-13284	6	7	12	0.4
id-13285	5	3	2	0.4
id-13286	8	16	10	0.5
id-13287	10	14	17	0.2
id-13288	1	2	8	0.2
id-13289	9	13	25	0.4
id-13290	4	7	16	0.5
id-13291	9	3	2	0.2
id-13292	3	4	7	0.2
id-13293	4	8	5	0.3
id-13294	2	2	2	0.2
id-13295	9	2	28	0.3
id-13296	4	8	24	0.2
id-13297	5	4	10	0.3
id-13298	3	2	9	0.5
id-13299	7	11	14	0.4
id-13300	3	5	18	0.4
id-13301	3	3	3	0.3
id-13302	8	9	24	0.2
id-13303	1	2	5	0.2
id-13304	7	13	3	0.4
id-13305	5	7	5	0.5
id-13306	10	19	28	0.5
id-13307	9	10	10	0.2
id-13308	10	11	17	0.3
id-13309	10	19	19	0.2
id-13310	5	10	8	0.4
id-13311	7	9	26	0.5
id-13312	7	2	25	0.4
id-13313	9	2	1	0.5
id-13314	7	14	15	0.4
id-13315	3	2	2	0.4
id-13316	3	6	24	0.4
id-13317	6	5	16	0.5
id-13318	3	5	24	0.4
id-13319	1	2	30	0.4
id-13320	3	5	10	0.4
id-13321	3	6	1	0.3
id-13322	7	9	12	0.4
id-13323	1	2	4	0.2
id-13324	2	3	17	0.4
id-13325	8	12	19	0.3
id-13326	4	7	25	0.3
id-13327	2	2	22	0.5
id-13328	4	3	21	0.4
id-13329	1	2	8	0.5
id-13330	3	6	25	0.3
id-13331	2	4	29	0.3
id-13332	5	10	4	0.3
id-13333	3	4	9	0.5
id-13334	10	17	25	0.5
id-13335	6	12	18	0.4
id-13336	1	2	12	0.5
id-13337	2	4	5	0.5
id-13338	3	5	11	0.5
id-13339	2	3	10	0.4
id-13340	10	17	13	0.4
id-13341	10	19	24	0.4
id-13342	7	4	11	0.4
id-13343	7	14	14	0.4
id-13344	1	2	7	0.2
id-13345	3	4	10	0.2
id-13346	10	9	13	0.5
id-13347	4	3	28	0.3
id-13348	7	10	14	0.5
id-13349	9	11	20	0.2
id-13350	2	3	23	0.5
id-13351	1	2	28	0.2
id-13352	5	9	18	0.5
id-13353	5	5	4	0.3
id-13354	10	7	2	0.2
id-13355	4	2	25	0.3
id-13356	3	6	15	0.3
id-13357	6	6	1	0.3
id-13358	5	5	17	0.4
id-13359	6	3	4	0.2
id-13360	10	6	28	0.4
id-13361	6	2	12	0.4
id-13362	2	3	5	0.2
id-13363	2	2	3	0.3
id-13364	8	3	6	0.4
id-13365	9	3	28	0.2
id-13366	10	4	13	0.4
id-13367	3	2	28	0.4
id-13368	1	2	26	0.3
id-13369	4	5	2	0.4
id-13370	3	5	19	0.5
id-13371	4	7	21	0.4
id-13372	2	3	21	0.3
id-13373	1	2	30	0.4
id-13374	10	6	16	0.5
id-13375	1	2	26	0.5
id-13376	4	7	27	0.5
id-13377	4	6	2	0.5
id-13378	8	2	21	0.5
id-13379	7	4	2	0.2
id-13380	7	14	4	0.3
id-13381	9	2	26	0.3
id-13382	5	3	4	0.5
id-13383	10	15	13	0.2
id-13384	4	2	9	0.4
id-13385	2	3	6	0.4
id-13386	6	3	19	0.4
id-13387	9	10	13	0.4
id-13388	6	10	5	0.4
id-13389	8	3	21	0.4
id-13390	3	5	8	0.4
id-13391	6	8	14	0.2
id-13392	8	7	30	0.4
id-13393	4	8	22	0.5
id-13394	9	11	21	0.3
id-13395	6	8	19	0.3
id-13396	3	5	12	0.5
id-13397	10	16	10	0.4
id-13398	1	2	27	0.4
id-13399	6	2	14	0.5
id-13400	9	17	16	0.2
id-13401	9	14	27	0.3
id-13402	5	8	5	0.4
id-13403	9	18	20	0.3
id-13404	4	6	4	0.5
id-13405	5	10	24	0.3
id-13406	10	2	18	0.3
id-13407	5	5	12	0.4
id-13408	10	19	14	0.3
id-13409	2	3	16	0.2
id-13410	9	7	20	0.3
id-13411	6	2	5	0.5
id-13412	5	5	2	0.5
id-13413	9	9	17	0.3
id-13414	9	8	11	0.4
id-13415	10	8	12	0.2
id-13416	2	4	12	0.4
id-13417	1	2	3	0.4
id-13418	1	2	17	0.2
id-13419	4	5	23	0.3
id-13420	9	18	14	0.3
id-13421	10	16	24	0.5
id-13422	2	3	26	0.5
id-13423	7	2	5	0.2
id-13424	3	5	26	0.2
id-13425	10	2	29	0.3
id-13426	6	7	21	0.5
id-13427	3	3	24	0.5
id-13428	6	4	6	0.3
id-13429	6	7	26	0.4
id-13430	5	6	22	0.5
id-13431	4	4	26	0.3
id-13432	2	3	26	0.4
id-13433	4	5	13	0.2
id-13434	6	9	3	0.4
id-13435	5	7	23	0.4
id-13436	8	9	19	0.4
id-13437	8	5	4	0.5
id-13438	7	2	30	0.2
id-13439	5	10	4	0.2
id-13440	4	6	15	0.3
id-13441	3	6	24	0.4
id-13442	2	4	5	0.3
id-13443	4	4	14	0.4
id-13444	4	5	29	0.5
id-13445	1	2	13	0.2
id-13446	2	4	2	0.3
id-13447	10	12	7	0.3
id-13448	7	5	4	0.5
id-13449	10	3	7	0.3
id-13450	7	4	19	0.4
id-13451	6	2	27	0.2
id-13452	10	6	5	0.3
id-13453	7	9	17	0.4
id-13454	6	8	30	0.3
id-13455	5	7	18	0.3
id-13456	3	6	27	0.3
id-13457	9	11	4	0.4
id-13458	10	10	5	0.3
id-13459	3	4	17	0.3
id-13460	6	5	24	0.4
id-13461	3	2	27	0.3
id-13462	9	12	24	0.4
id-13463	1	2	26	0.5
id-13464	7	12	1	0.5
id-13465	2	4	7	0.3
id-13466	8	14	30	0.4
id-13467	8	7	5	0.4
id-13468	5	8	15	0.2
id-13469	3	2	7	0.2
id-13470	3	3	14	0.3
id-13471	10	11	9	0.4
id-13472	7	4	14	0.3
id-13473	1	2	3	0.3
id-13474	5	7	19	0.3
id-13475	2	2	23	0.2
id-13476	3	5	9	0.5
id-13477	8	4	6	0.5
id-13478	9	6	27	0.2
id-13479	10	12	25	0.3
id-13480	5	5	12	0.4
id-13481	9	18	2	0.5
id-13482	8	13	23	0.3
id-13483	8	15	10	0.3
id-13484	2	4	15	0.5
id-13485	3	2	23	0.2
id-13486	8	6	3	0.4
id-13487	5	6	13	0.5
id-13488	6	4	5	0.4
id-13489	4	4	10	0.3
id-13490	10	13	28	0.2
id-13491	1	2	23	0.5
id-13492	7	13	2	0.5
id-13493	5	10	8	0.3
id-13494	10	4	14	0.3
id-13495	9	18	20	0.3
id-13496	4	4	10	0.3
id-13497	10	2	16	0.4
id-13498	2	3	9	0.4
id-13499	7	4	2	0.3
id-13500	8	13	7	0.2
id-13501	5	9	21	0.4
id-13502	7	2	1	0.3
id-13503	4	4	4	0.4
id-13504	1	2	22	0.3
id-13505	9	6	24	0.2
id-13506	10	2	26	0.3
id-13507	5	9	1	0.5
id-13508	2	3	14	0.3
id-13509	6	12	16	0.3
id-13510	9	7	9	0.5
id-13511	2	2	1	0.3
id-13512	5	2	7	0.4
id-13513	5	6	25	0.4
id-13514	9	11	18	0.4
id-13515	4	3	13	0.3
id-13516	5	8	8	0.5
id-13517	3	6	11	0.5
id-13518	3	4	27	0.3
id-13519	1	2	17	0.3
id-13520	4	2	20	0.2
id-13521	2	3	24	0.4
id-13522	2	4	25	0.4
id-13523	6	9	3	0.5
id-13524	1	2	3	0.4
id-13525	9	14	6	0.3
id-13526	9	15	18	0.5
id-13527	7	3	16	0.3
id-13528	8	12	18	0.4
id-13529	1	2	11	0.2
id-13530	1	2	20	0.5
id-13531	6	11	30	0.2
id-13532	3	5	8	0.5
id-13533	6	12	29	0.3
id-13534	3	6	9	0.2
id-13535	10	2	25	0.2
id-13536	9	2	27	0.4
id-13537	7	9	3	0.3
id-13538	2	4	25	0.5
id-13539	10	16	13	0.3
id-13540	7	3	2	0.4
id-13541	6	8	19	0.4
id-13542	9	6	29	0.5
id-13543	6	3	19	0.3
id-13544	10	5	9	0.2
id-13545	9	15	27	0.3
id-13546	5	10	10	0.4
id-13547	6	3	26	0.2
id-13548	10	17	9	0.3
id-13549	6	7	13	0.5
id-13550	2	3	4	0.5
id-13551	10	5	5	0.3
id-13552	7	11	3	0.3
id-13553	3	2	24	0.3
id-13554	7	9	13	0.4
id-13555	8	11	16	0.2
id-13556	7	6	11	0.2
id-13557	10	11	28	0.4
id-13558	8	7	6	0.5
id-13559	5	5	26	0.5
id-13560	6	6	22	0.5
id-13561	6	8	1	0.4
id-13562	10	19	15	0.2
id-13563	2	3	5	0.3
id-13564	2	3	1	0.3
id-13565	1	2	13	0.4
id-13566	4	4	27	0.3
id-13567	8	8	5	0.3
id-13568	6	8	14	0.5
id-13569	4	8	17	0.4
id-13570	7	4	7	0.4
id-13571	5	4	20	0.4
id-13572	7	10	30	0.5
id-13573	9	11	4	0.5
id-13574	3	3	28	0.4
id-13575	10	12	29	0.4
id-13576	10	14	16	0.3
id-13577	9	7	23	0.2
id-13578	6	10	27	0.3
id-13579	3	4	20	0.5
id-13580	8	3	23	0.2
id-13581	6	2	21	0.2
id-13582	8	8	7	0.5
id-13583	3	4	4	0.2
id-13584	2	4	12	0.4
id-13585	10	9	29	0.4
id-13586	4	4	16	0.2
id-13587	4	8	30	0.4
id-13588	8	3	17	0.3
id-13589	9	14	23	0.3
id-13590	9	18	20	0.3
id-13591	9	17	20	0.5
id-13592	3	5	24	0.2
id-13593	1	2	17	0.4
id-13594	9	11	4	0.4
id-13595	1	2	6	0.2
id-13596	7	2	13	0.3
id-13597	10	3	18	0.4
id-13598	8	5	24	0.4
id-13599	1	2	12	0.2
id-13600	10	6	9	0.4
id-13601	6	4	2	0.4
id-13602	2	3	5	0.5
id-13603	5	6	18	0.3
id-13604	9	13	10	0.4
id-13605	3	4	11	0.4
id-13606	9	5	13	0.4
id-13607	10	18	17	0.2
id-13608	5	10	8	0.3
id-13609	10	17	19	0.2
id-13610	7	11	16	0.2
id-13611	2	2	15	0.4
id-13612	7	6	15	0.3
id-13613	1	2	4	0.3
id-13614	5	10	7	0.4
id-13615	10	12	15	0.4
id-13616	3	6	4	0.3
id-13617	1	2	30	0.4
id-13618	1	2	7	0.5
id-13619	3	5	6	0.4
id-13620	9	14	21	0.3
id-13621	4	8	29	0.3
id-13622	3	2	15	0.5
id-13623	3	4	25	0.5
id-13624	8	14	16	0.2
id-13625	9	5	26	0.2
id-13626	10	10	10	0.4
id-13627	10	14	23	0.3
id-13628	2	3	10	0.4
id-13629	3	2	24	0.4
id-13630	9	4	5	0.5
id-13631	1	2	25	0.4
id-13632	6	6	3	0.2
id-13633	6	9	2	0.3
id-13634	7	5	4	0.4
id-13635	7	4	17	0.3
id-13636	9	8	21	0.2
id-13637	4	5	24	0.3
id-13638	1	2	23	0.4
id-13639	7	9	17	0.4
id-13640	3	4	18	0.2
id-13641	3	3	8	0.4
id-13642	1	2	28	0.4
id-13643	7	14	30	0.4
id-13644	8	15	17	0.4
id-13645	4	3	17	0.2
id-13646	5	2	19	0.5
id-13647	10	6	14	0.4
id-13648	9	13	6	0.2
id-13649	4	6	12	0.3
id-13650	1	2	29	0.5
id-13651	7	13	4	0.4
id-13652	9	11	20	0.5
id-13653	9	7	3	0.3
id-13654	3	4	16	0.4
id-13655	5	6	21	0.3
id-13656	9	7	5	0.4
id-13657	1	2	21	0.3
id-13658	6	3	25	0.4
id-13659	10	19	24	0.5
id-13660	4	8	1	0.2
id-13661	2	3	26	0.2
id-13662	9	6	28	0.4
id-13663	4	5	2	0.4
id-13664	2	2	18	0.2
id-13665	3	4	12	0.3
id-13666	2	4	8	0.4
id-13667	7	2	9	0.2
id-13668	9	2	28	0.4
id-13669	5	6	10	0.4
id-13670	6	10	7	0.2
id-13671	10	9	8	0.3
id-13672	7	10	28	0.4
id-13673	8	2	28	0.3
id-13674	8	15	2	0.2
id-13675	7	8	16	0.5
id-13676	3	6	4	0.3
id-13677	2	4	10	0.3
id-13678	7	11	11	0.5
id-13679	10	3	3	0.4
id-13680	10	4	29	0.4
id-13681	7	10	24	0.4
id-13682	7	5	12	0.3
id-13683	2	4	18	0.4
id-13684	9	2	2	0.3
id-13685	2	2	9	0.4
id-13686	6	11	12	0.4
id-13687	5	6	27	0.4
id-13688	1	2	3	0.2
id-13689	1	2	11	0.3
id-13690	2	2	26	0.3
id-13691	6	7	22	0.3
id-13692	7	8	12	0.2
id-13693	1	2	12	0.3
id-13694	1	2	24	0.4
id-13695	3	3	25	0.4
id-13696	5	7	21	0.4
id-13697	4	3	2	0.2
id-13698	6	12	30	0.3
id-13699	10	18	22	0.4
id-13700	9	5	29	0.3
id-13701	4	5	5	0.4
id-13702	6	3	19	0.4
id-13703	7	10	17	0.3
id-13704	6	9	11	0.5
id-13705	8	11	2	0.4
id-13706	2	4	26	0.3
id-13707	5	8	20	0.5
id-13708	8	4	12	0.2
id-13709	5	2	8	0.2
id-13710	6	6	19	0.4
id-13711	9	5	14	0.3
id-13712	9	2	20	0.3
id-13713	8	6	26	0.5
id-13714	5	8	14	0.3
id-13715	6	4	10	0.3
id-13716	7	9	20	0.3
id-13717	4	2	8	0.3
id-13718	9	12	10	0.5
id-13719	7	10	30	0.5
id-13720	2	4	19	0.5
id-13721	7	13	19	0.4
id-13722	8	9	19	0.5
id-13723	2	4	3	0.3
id-13724	10	19	23	0.3
id-13725	8	9	26	0.3
id-13726	2	4	4	0.4
id-13727	6	9	14	0.4
id-13728	5	4	14	0.3
id-13729	5	8	12	0.4
id-13730	2	4	3	0.3
id-13731	10	4	1	0.4
id-13732	8	14	3	0.3
id-13733	7	12	18	0.4
id-13734	7	4	14	0.4
id-13735	3	6	20	0.4
id-13736	3	4	13	0.2
id-13737	5	10	29	0.4
id-13738	4	7	14	0.5
id-13739	7	5	4	0.3
id-13740	8	4	16	0.5
id-13741	3	5	3	0.3
id-13742	3	3	26	0.4
id-13743	4	2	16	0.5
id-13744	6	4	29	0.3
id-13745	9	3	3	0.4
id-13746	8	12	22	0.3
id-13747	10	3	6	0.4
id-13748	9	13	1	0.4
id-13749	5	6	21	0.4
id-13750	8	16	30	0.4
id-13751	9	11	23	0.3
id-13752	9	2	28	0.2
id-13753	4	4	28	0.2
id-13754	2	2	24	0.3
id-13755	1	2	12	0.2
id-13756	5	10	29	0.4
id-13757	4	7	16	0.5
id-13758	4	2	17	0.4
id-13759	4	3	4	0.2
id-13760	10	4	17	0.3
id-13761	10	14	29	0.3
id-13762	6	12	18	0.4
id-13763	8	5	19	0.2
id-13764	5	8	11	0.3
id-13765	1	2	9	0.3
id-13766	4	7	2	0.4
id-13767	8	11	29	0.2
id-13768	8	11	5	0.5
id-13769	10	5	25	0.3
id-13770	1	2	18	0.2
id-13771	4	3	22	0.4
id-13772	9	3	26	0.3
id-13773	8	15	21	0.2
id-13774	6	6	7	0.4
id-13775	3	3	4	0.4
id-13776	2	2	4	0.2
id-13777	5	9	19	0.2
id-13778	2	4	22	0.5
id-13779	10	11	17	0.3
id-13780	7	11	17	0.4
id-13781	7	12	13	0.5
id-13782	8	11	23	0.2
id-13783	4	7	12	0.4
id-13784	1	2	23	0.3
id-13785	7	6	11	0.5
id-13786	7	9	4	0.2
id-13787	4	4	27	0.3
id-13788	7	11	30	0.4
id-13789	1	2	29	0.3
id-13790	3	2	23	0.4
id-13791	7	6	30	0.3
id-13792	7	4	30	0.2
id-13793	8	2	29	0.3
id-13794	5	4	3	0.4
id-13795	10	19	12	0.2
id-13796	3	4	6	0.3
id-13797	2	4	6	0.5
id-13798	8	10	18	0.3
id-13799	3	2	21	0.5
id-13800	10	3	26	0.2
id-13801	1	2	30	0.2
id-13802	5	10	6	0.4
id-13803	8	8	13	0.5
id-13804	10	4	5	0.5
id-13805	5	6	1	0.5
id-13806	8	4	11	0.4
id-13807	8	10	12	0.5
id-13808	1	2	3	0.2
id-13809	3	2	15	0.4
id-13810	5	8	27	0.3
id-13811	2	2	2	0.2
id-13812	4	7	13	0.2
id-13813	9	2	2	0.5
id-13814	3	6	2	0.3
id-13815	5	6	8	0.4
id-13816	8	16	19	0.3
id-13817	9	4	9	0.5
id-13818	10	8	19	0.4
id-13819	7	11	7	0.3
id-13820	10	10	14	0.4
id-13821	9	7	9	0.3
id-13822	3	2	29	0.3
id-13823	2	3	6	0.5
id-13824	8	9	19	0.2
id-13825	8	2	9	0.4
id-13826	10	17	6	0.3
id-13827	8	7	3	0.3
id-13828	3	4	24	0.5
id-13829	4	3	25	0.2
id-13830	6	12	12	0.5
id-13831	1	2	7	0.3
id-13832	4	4	14	0.4
id-13833	6	9	23	0.5
id-13834	5	10	8	0.4
id-13835	3	3	28	0.3
id-13836	8	15	18	0.5
id-13837	5	10	6	0.3
id-13838	3	6	15	0.2
id-13839	8	5	20	0.2
id-13840	2	3	16	0.2
id-13841	9	9	27	0.3
id-13842	7	5	1	0.3
id-13843	8	15	16	0.5
id-13844	1	2	4	0.4
id-13845	10	2	15	0.4
id-13846	4	5	28	0.3
id-13847	8	8	4	0.2
id-13848	2	4	26	0.4
id-13849	1	2	6	0.3
id-13850	4	4	22	0.2
id-13851	6	3	29	0.5
id-13852	5	10	1	0.4
id-13853	8	10	13	0.5
id-13854	1	2	8	0.3
id-13855	8	2	10	0.3
id-13856	9	14	6	0.4
id-13857	4	8	21	0.4
id-13858	10	12	8	0.2
id-13859	1	2	4	0.4
id-13860	7	3	25	0.4
id-13861	10	15	1	0.3
id-13862	7	10	29	0.4
id-13863	4	7	14	0.5
id-13864	6	4	22	0.2
id-13865	9	18	28	0.2
id-13866	6	7	1	0.2
id-13867	9	8	2	0.3
id-13868	7	5	24	0.4
id-13869	10	10	27	0.5
id-13870	3	3	14	0.3
id-13871	10	12	14	0.4
id-13872	2	2	29	0.4
id-13873	6	11	30	0.4
id-13874	5	5	26	0.2
id-13875	1	2	9	0.5
id-13876	3	4	8	0.3
id-13877	4	4	11	0.4
id-13878	8	5	13	0.4
id-13879	4	4	30	0.4
id-13880	7	10	13	0.3
id-13881	9	16	25	0.4
id-13882	5	4	20	0.3
id-13883	9	11	9	0.2
id-13884	9	5	24	0.3
id-13885	9	13	25	0.3
id-13886	4	4	25	0.4
id-13887	6	9	9	0.5
id-13888	6	12	30	0.3
id-13889	5	8	3	0.4
id-13890	10	11	17	0.4
id-13891	3	5	11	0.5
id-13892	7	3	15	0.4
id-13893	1	2	22	0.4
id-13894	6	3	22	0.3
id-13895	10	9	24	0.3
id-13896	3	2	14	0.3
id-13897	10	5	1	0.5
id-13898	6	7	3	0.4
id-13899	2	3	25	0.5
id-13900	2	3	3	0.3
id-13901	7	12	11	0.4
id-13902	2	2	15	0.2
id-13903	5	6	23	0.5
id-13904	5	2	28	0.5
id-13905	8	4	29	0.2
id-13906	10	20	2	0.3
id-13907	1	2	20	0.4
id-13908	6	5	29	0.2
id-13909	10	2	24	0.4
id-13910	6	8	6	0.2
id-13911	10	19	18	0.5
id-13912	3	5	15	0.3
id-13913	9	6	12	0.5
id-13914	7	13	23	0.3
id-13915	9	16	27	0.3
id-13916	5	10	18	0.5
id-13917	6	6	27	0.5
id-13918	3	5	29	0.4
id-13919	3	6	21	0.3
id-13920	6	12	26	0.4
id-13921	6	8	6	0.4
id-13922	6	4	5	0.3
id-13923	3	5	26	0.2
id-13924	3	5	28	0.3
id-13925	3	6	5	0.5
id-13926	10	7	3	0.5
id-13927	9	3	8	0.3
id-13928	3	2	30	0.3
id-13929	6	12	10	0.2
id-13930	1	2	14	0.5
id-13931	5	9	24	0.3
id-13932	2	3	19	0.3
id-13933	9	13	9	0.3
id-13934	2	4	12	0.4
id-13935	10	2	6	0.4
id-13936	8	6	2	0.4
id-13937	8	4	13	0.4
id-13938	8	2	3	0.5
id-13939	3	3	26	0.4
id-13940	6	12	12	0.3
id-13941	4	2	9	0.3
id-13942	1	2	20	0.3
id-13943	7	9	4	0.3
id-13944	7	14	13	0.2
id-13945	1	2	22	0.4
id-13946	7	2	10	0.2
id-13947	4	2	14	0.4
id-13948	6	9	26	0.2
id-13949	4	6	25	0.4
id-13950	7	11	29	0.3
id-13951	6	7	14	0.4
id-13952	6	10	3	0.3
id-13953	7	7	3	0.4
id-13954	7	14	23	0.2
id-13955	5	4	9	0.3
id-13956	2	2	17	0.4
id-13957	10	6	11	0.2
id-13958	7	8	30	0.5
id-13959	9	18	26	0.5
id-13960	5	5	23	0.3
id-13961	6	8	12	0.4
id-13962	6	5	21	0.5
id-13963	4	7	13	0.5
id-13964	6	2	3	0.3
id-13965	3	5	16	0.5
id-13966	2	4	27	0.3
id-13967	8	6	9	0.4
id-13968	9	18	9	0.3
id-13969	5	10	2	0.2
id-13970	6	10	21	0.4
id-13971	7	11	21	0.3
id-13972	6	10	26	0.3
id-13973	8	5	25	0.3
id-13974	3	3	25	0.4
id-13975	6	2	16	0.3
id-13976	9	15	8	0.3
id-13977	4	2	10	0.2
id-13978	1	2	21	0.4
id-13979	5	7	6	0.3
id-13980	10	8	1	0.4
id-13981	4	3	12	0.3
id-13982	1	2	4	0.4
id-13983	5	2	12	0.3
id-13984	7	12	14	0.5
id-13985	6	11	29	0.4
id-13986	7	11	10	0.3
id-13987	6	6	20	0.4
id-13988	9	11	16	0.4
id-13989	1	2	2	0.3
id-13990	1	2	8	0.5
id-13991	4	5	12	0.4
id-13992	9	2	30	0.5
id-13993	7	13	20	0.4
id-13994	5	8	7	0.4
id-13995	7	8	5	0.2
id-13996	9	13	6	0.2
id-13997	8	4	1	0.2
id-13998	5	10	7	0.3
id-13999	4	7	29	0.5
id-14000	9	12	27	0.4
id-14001	9	10	3	0.3
id-14002	8	11	8	0.2
id-14003	1	2	30	0.4
id-14004	7	3	23	0.4
id-14005	7	5	24	0.4
id-14006	2	2	7	0.3
id-14007	2	3	22	0.5
id-14008	6	7	12	0.3
id-14009	3	3	26	0.2
id-14010	9	8	7	0.5
id-14011	4	4	12	0.5
id-14012	6	8	5	0.3
id-14013	9	2	7	0.5
id-14014	4	7	26	0.5
id-14015	6	9	9	0.2
id-14016	7	3	15	0.3
id-14017	5	4	19	0.3
id-14018	8	9	21	0.2
id-14019	1	2	28	0.4
id-14020	7	4	24	0.3
id-14021	5	8	3	0.3
id-14022	5	3	21	0.3
id-14023	2	3	30	0.2
id-14024	3	5	6	0.4
id-14025	3	3	7	0.3
id-14026	2	2	28	0.4
id-14027	9	11	4	0.5
id-14028	3	6	20	0.5
id-14029	2	4	20	0.3
id-14030	3	2	23	0.3
id-14031	3	3	3	0.5
id-14032	8	3	16	0.3
id-14033	9	13	7	0.5
id-14034	8	8	2	0.4
id-14035	10	9	27	0.4
id-14036	5	4	5	0.4
id-14037	10	11	27	0.5
id-14038	3	2	12	0.4
id-14039	10	15	21	0.5
id-14040	10	2	23	0.4
id-14041	2	4	24	0.3
id-14042	7	13	30	0.4
id-14043	4	8	4	0.2
id-14044	3	2	16	0.4
id-14045	2	2	18	0.3
id-14046	1	2	23	0.5
id-14047	9	9	6	0.4
id-14048	3	5	24	0.2
id-14049	2	3	13	0.3
id-14050	5	9	22	0.3
id-14051	5	2	2	0.4
id-14052	8	16	21	0.5
id-14053	3	3	7	0.3
id-14054	2	3	5	0.2
id-14055	6	5	18	0.2
id-14056	4	4	7	0.2
id-14057	9	5	30	0.4
id-14058	5	8	28	0.5
id-14059	8	2	1	0.3
id-14060	6	4	21	0.3
id-14061	8	8	25	0.2
id-14062	1	2	27	0.4
id-14063	9	7	30	0.4
id-14064	7	13	24	0.5
id-14065	5	6	28	0.4
id-14066	6	2	18	0.3
id-14067	6	8	19	0.3
id-14068	3	4	5	0.4
id-14069	7	11	21	0.2
id-14070	4	2	7	0.2
id-14071	3	4	24	0.3
id-14072	9	8	20	0.2
id-14073	6	8	30	0.3
id-14074	8	5	5	0.4
id-14075	8	16	7	0.3
id-14076	9	4	16	0.4
id-14077	9	17	7	0.2
id-14078	8	8	1	0.4
id-14079	2	3	20	0.4
id-14080	6	8	7	0.3
id-14081	6	11	30	0.4
id-14082	7	12	4	0.3
id-14083	3	3	22	0.2
id-14084	3	6	13	0.4
id-14085	10	5	4	0.4
id-14086	7	3	7	0.2
id-14087	3	5	25	0.5
id-14088	5	6	19	0.2
id-14089	9	18	7	0.4
id-14090	1	2	12	0.2
id-14091	3	3	13	0.5
id-14092	5	8	21	0.3
id-14093	2	4	8	0.4
id-14094	6	5	24	0.4
id-14095	6	3	19	0.4
id-14096	3	2	29	0.5
id-14097	7	6	14	0.4
id-14098	6	3	24	0.3
id-14099	2	2	19	0.4
id-14100	10	6	8	0.4
id-14101	1	2	16	0.4
id-14102	10	14	13	0.3
id-14103	1	2	3	0.4
id-14104	1	2	3	0.4
id-14105	6	11	19	0.4
id-14106	7	13	16	0.3
id-14107	5	7	22	0.4
id-14108	5	2	19	0.2
id-14109	1	2	27	0.4
id-14110	10	5	8	0.4
id-14111	10	13	30	0.3
id-14112	5	9	26	0.4
id-14113	3	3	28	0.4
id-14114	10	9	26	0.4
id-14115	1	2	14	0.5
id-14116	9	15	2	0.4
id-14117	1	2	15	0.2
id-14118	1	2	29	0.5
id-14119	8	2	19	0.3
id-14120	1	2	20	0.3
id-14121	9	12	28	0.3
id-14122	9	10	15	0.3
id-14123	6	9	23	0.4
id-14124	8	5	1	0.4
id-14125	4	2	24	0.5
id-14126	8	12	16	0.3
id-14127	9	4	5	0.5
id-14128	3	6	25	0.5
id-14129	8	16	3	0.5
id-14130	5	8	8	0.3
id-14131	9	6	25	0.2
id-14132	4	3	10	0.5
id-14133	6	8	30	0.2
id-14134	4	6	27	0.3
id-14135	5	3	9	0.3
id-14136	6	7	11	0.3
id-14137	7	8	23	0.2
id-14138	8	6	1	0.4
id-14139	9	5	27	0.5
id-14140	7	8	5	0.3
id-14141	1	2	5	0.5
id-14142	2	4	6	0.2
id-14143	4	4	18	0.3
id-14144	10	19	25	0.3
id-14145	6	3	25	0.2
id-14146	4	6	26	0.4
id-14147	8	13	7	0.4
id-14148	5	5	29	0.3
id-14149	10	5	22	0.3
id-14150	5	4	16	0.3
id-14151	2	4	9	0.4
id-14152	8	4	18	0.3
id-14153	9	7	10	0.2
id-14154	3	5	4	0.2
id-14155	4	8	14	0.3
id-14156	3	4	15	0.5
id-14157	9	10	28	0.3
id-14158	9	4	15	0.3
id-14159	5	2	16	0.3
id-14160	7	10	29	0.3
id-14161	7	10	7	0.4
id-14162	9	6	4	0.4
id-14163	10	8	27	0.5
id-14164	5	7	28	0.4
id-14165	8	16	30	0.4
id-14166	7	8	12	0.5
id-14167	4	7	9	0.3
id-14168	6	11	16	0.3
id-14169	1	2	8	0.4
id-14170	5	2	14	0.3
id-14171	4	6	20	0.4
id-14172	4	5	4	0.3
id-14173	6	7	4	0.3
id-14174	7	2	4	0.4
id-14175	10	4	24	0.5
id-14176	2	4	10	0.3
id-14177	10	5	19	0.3
id-14178	2	4	7	0.4
id-14179	4	2	8	0.5
id-14180	2	3	22	0.3
id-14181	8	11	29	0.3
id-14182	3	2	29	0.5
id-14183	7	5	3	0.5
id-14184	6	3	12	0.5
id-14185	8	7	3	0.3
id-14186	4	6	17	0.4
id-14187	1	2	26	0.4
id-14188	3	5	8	0.3
id-14189	5	2	11	0.3
id-14190	3	4	25	0.3
id-14191	3	2	14	0.5
id-14192	6	9	28	0.4
id-14193	4	5	29	0.4
id-14194	3	5	15	0.4
id-14195	6	4	25	0.5
id-14196	5	10	6	0.4
id-14197	10	9	20	0.5
id-14198	4	3	22	0.5
id-14199	6	7	11	0.2
id-14200	9	13	13	0.3
id-14201	4	6	3	0.2
id-14202	1	2	6	0.4
id-14203	1	2	5	0.4
id-14204	9	5	26	0.4
id-14205	3	5	7	0.2
id-14206	2	4	12	0.3
id-14207	7	9	11	0.2
id-14208	6	10	30	0.5
id-14209	4	7	30	0.3
id-14210	6	3	7	0.2
id-14211	7	2	24	0.4
id-14212	7	2	29	0.4
id-14213	7	6	25	0.5
id-14214	1	2	4	0.5
id-14215	7	3	12	0.3
id-14216	5	2	10	0.4
id-14217	5	3	5	0.5
id-14218	6	6	5	0.3
id-14219	7	12	1	0.3
id-14220	6	12	23	0.4
id-14221	4	8	17	0.2
id-14222	7	4	11	0.2
id-14223	3	6	11	0.4
id-14224	2	4	15	0.4
id-14225	8	6	12	0.2
id-14226	2	4	13	0.2
id-14227	8	3	24	0.3
id-14228	4	2	16	0.3
id-14229	4	6	19	0.5
id-14230	9	9	25	0.3
id-14231	5	4	1	0.3
id-14232	2	2	25	0.2
id-14233	2	3	18	0.3
id-14234	2	2	4	0.3
id-14235	5	6	16	0.5
id-14236	5	7	27	0.4
id-14237	5	9	18	0.3
id-14238	2	3	12	0.5
id-14239	8	8	29	0.3
id-14240	3	5	9	0.4
id-14241	1	2	24	0.2
id-14242	8	8	19	0.4
id-14243	4	4	4	0.2
id-14244	9	3	1	0.5
id-14245	2	3	26	0.4
id-14246	1	2	22	0.3
id-14247	9	12	30	0.2
id-14248	10	20	26	0.5
id-14249	9	8	13	0.2
id-14250	7	6	10	0.2
id-14251	1	2	24	0.5
id-14252	1	2	13	0.3
id-14253	7	5	12	0.3
id-14254	9	16	14	0.4
id-14255	10	11	1	0.4
id-14256	9	16	30	0.4
id-14257	6	12	8	0.4
id-14258	7	3	15	0.2
id-14259	7	7	15	0.4
id-14260	8	6	7	0.2
id-14261	9	5	19	0.3
id-14262	3	5	8	0.4
id-14263	1	2	14	0.4
id-14264	6	3	21	0.4
id-14265	1	2	26	0.3
id-14266	9	6	30	0.3
id-14267	2	3	6	0.5
id-14268	2	2	26	0.5
id-14269	1	2	20	0.2
id-14270	1	2	30	0.2
id-14271	8	7	22	0.3
id-14272	4	3	27	0.4
id-14273	7	4	18	0.3
id-14274	5	4	4	0.3
id-14275	5	2	27	0.4
id-14276	9	18	11	0.3
id-14277	1	2	5	0.3
id-14278	8	14	24	0.4
id-14279	8	5	5	0.4
id-14280	9	15	9	0.4
id-14281	2	3	4	0.3
id-14282	8	2	23	0.4
id-14283	2	2	29	0.4
id-14284	3	4	6	0.3
id-14285	8	2	24	0.5
id-14286	9	16	18	0.3
id-14287	4	2	30	0.4
id-14288	7	2	5	0.4
id-14289	4	3	1	0.5
id-14290	2	4	19	0.4
id-14291	9	17	13	0.3
id-14292	4	2	19	0.3
id-14293	6	7	19	0.3
id-14294	9	8	25	0.4
id-14295	9	9	9	0.3
id-14296	2	4	27	0.3
id-14297	2	3	18	0.4
id-14298	3	2	11	0.3
id-14299	3	2	6	0.4
id-14300	7	2	30	0.3
id-14301	10	17	26	0.3
id-14302	7	5	29	0.3
id-14303	10	3	4	0.3
id-14304	10	9	7	0.4
id-14305	6	3	12	0.2
id-14306	5	7	1	0.3
id-14307	2	3	18	0.3
id-14308	7	10	6	0.4
id-14309	4	4	3	0.3
id-14310	5	7	15	0.2
id-14311	1	2	1	0.4
id-14312	2	3	20	0.4
id-14313	8	11	30	0.3
id-14314	8	6	15	0.5
id-14315	10	6	28	0.4
id-14316	1	2	21	0.5
id-14317	5	10	22	0.3
id-14318	7	6	24	0.2
id-14319	9	7	9	0.4
id-14320	4	8	23	0.4
id-14321	9	7	10	0.3
id-14322	8	14	10	0.3
id-14323	9	8	26	0.3
id-14324	3	4	25	0.3
id-14325	7	5	1	0.4
id-14326	7	10	7	0.4
id-14327	6	12	1	0.3
id-14328	8	3	6	0.4
id-14329	1	2	25	0.3
id-14330	1	2	17	0.3
id-14331	1	2	4	0.4
id-14332	2	2	15	0.4
id-14333	4	7	14	0.3
id-14334	9	14	10	0.4
id-14335	5	8	23	0.5
id-14336	7	9	25	0.2
id-14337	9	5	12	0.4
id-14338	9	4	29	0.4
id-14339	2	4	7	0.2
id-14340	6	9	1	0.5
id-14341	10	4	5	0.3
id-14342	5	2	8	0.3
id-14343	9	7	18	0.2
id-14344	9	16	14	0.4
id-14345	1	2	15	0.5
id-14346	3	3	3	0.2
id-14347	1	2	23	0.5
id-14348	4	5	23	0.4
id-14349	2	3	5	0.3
id-14350	4	2	23	0.5
id-14351	1	2	16	0.5
id-14352	6	6	23	0.4
id-14353	6	6	5	0.3
id-14354	7	8	12	0.3
id-14355	2	4	8	0.4
id-14356	6	5	4	0.2
id-14357	8	10	30	0.3
id-14358	7	12	16	0.4
id-14359	3	6	12	0.5
id-14360	7	5	9	0.4
id-14361	7	13	4	0.4
id-14362	9	15	3	0.3
id-14363	9	9	29	0.5
id-14364	5	3	16	0.3
id-14365	4	4	4	0.4
id-14366	10	14	1	0.5
id-14367	5	9	4	0.3
id-14368	2	2	15	0.5
id-14369	7	10	13	0.3
id-14370	4	3	29	0.4
id-14371	2	3	3	0.3
id-14372	4	2	25	0.5
id-14373	3	5	9	0.5
id-14374	9	17	21	0.4
id-14375	9	14	28	0.3
id-14376	8	11	22	0.5
id-14377	6	3	24	0.2
id-14378	10	16	17	0.3
id-14379	10	20	14	0.4
id-14380	4	4	23	0.4
id-14381	3	6	14	0.4
id-14382	4	3	28	0.4
id-14383	1	2	21	0.3
id-14384	2	2	10	0.4
id-14385	3	4	18	0.5
id-14386	4	2	23	0.2
id-14387	1	2	17	0.2
id-14388	1	2	24	0.2
id-14389	4	4	3	0.3
id-14390	8	4	13	0.5
id-14391	2	2	1	0.5
id-14392	5	4	6	0.3
id-14393	4	7	25	0.3
id-14394	7	14	14	0.5
id-14395	9	5	17	0.3
id-14396	6	9	27	0.5
id-14397	7	11	13	0.4
id-14398	5	2	23	0.4
id-14399	3	4	17	0.4
id-14400	7	12	26	0.3
id-14401	5	9	17	0.4
id-14402	2	3	24	0.2
id-14403	7	7	15	0.3
id-14404	5	2	9	0.4
id-14405	4	2	30	0.2
id-14406	9	15	25	0.3
id-14407	6	3	21	0.3
id-14408	9	7	19	0.4
id-14409	8	5	26	0.3
id-14410	8	15	24	0.5
id-14411	8	7	18	0.4
id-14412	8	8	27	0.4
id-14413	5	2	30	0.3
id-14414	10	7	5	0.4
id-14415	10	17	1	0.3
id-14416	8	9	6	0.3
id-14417	5	7	28	0.4
id-14418	7	14	15	0.3
id-14419	9	13	11	0.3
id-14420	10	12	29	0.2
id-14421	10	15	14	0.2
id-14422	2	3	6	0.4
id-14423	3	6	6	0.3
id-14424	4	6	30	0.3
id-14425	2	4	24	0.3
id-14426	8	7	7	0.3
id-14427	4	2	7	0.4
id-14428	2	4	15	0.5
id-14429	5	10	7	0.2
id-14430	2	2	22	0.5
id-14431	5	10	8	0.5
id-14432	5	10	9	0.3
id-14433	10	7	15	0.5
id-14434	4	3	5	0.4
id-14435	9	15	11	0.2
id-14436	2	4	6	0.3
id-14437	6	7	30	0.5
id-14438	2	4	10	0.2
id-14439	6	10	1	0.3
id-14440	2	3	11	0.3
id-14441	1	2	10	0.3
id-14442	2	2	29	0.5
id-14443	10	20	18	0.2
id-14444	6	3	30	0.4
id-14445	2	2	14	0.5
id-14446	1	2	30	0.4
id-14447	5	6	25	0.5
id-14448	8	5	3	0.3
id-14449	1	2	15	0.4
id-14450	3	4	1	0.3
id-14451	10	11	29	0.3
id-14452	4	2	17	0.4
id-14453	6	11	23	0.5
id-14454	9	15	7	0.3
id-14455	2	2	21	0.3
id-14456	10	9	27	0.5
id-14457	10	2	17	0.2
id-14458	1	2	16	0.2
id-14459	6	6	23	0.3
id-14460	5	2	27	0.4
id-14461	4	8	10	0.2
id-14462	4	4	20	0.5
id-14463	10	13	25	0.2
id-14464	10	13	8	0.5
id-14465	10	16	4	0.2
id-14466	9	14	18	0.4
id-14467	10	17	23	0.3
id-14468	4	7	9	0.4
id-14469	4	4	5	0.4
id-14470	2	4	6	0.5
id-14471	3	2	12	0.4
id-14472	6	2	3	0.3
id-14473	7	7	2	0.2
id-14474	4	8	2	0.5
id-14475	4	3	1	0.5
id-14476	9	8	15	0.2
id-14477	4	5	3	0.2
id-14478	10	6	15	0.2
id-14479	6	12	30	0.4
id-14480	8	2	6	0.5
id-14481	7	2	14	0.5
id-14482	9	17	20	0.2
id-14483	8	2	26	0.4
id-14484	7	12	3	0.3
id-14485	9	18	5	0.3
id-14486	10	8	16	0.5
id-14487	7	8	10	0.5
id-14488	2	2	4	0.4
id-14489	5	6	13	0.2
id-14490	4	6	19	0.3
id-14491	5	3	30	0.4
id-14492	2	3	2	0.5
id-14493	3	5	6	0.4
id-14494	5	10	27	0.3
id-14495	9	5	1	0.4
id-14496	10	9	3	0.3
id-14497	2	4	8	0.4
id-14498	3	4	12	0.4
id-14499	1	2	16	0.4
id-14500	1	2	2	0.5
id-14501	2	3	22	0.4
id-14502	3	2	29	0.4
id-14503	3	2	25	0.3
id-14504	4	5	3	0.3
id-14505	3	6	23	0.4
id-14506	3	6	14	0.3
id-14507	8	15	3	0.4
id-14508	3	5	20	0.3
id-14509	5	4	10	0.4
id-14510	3	6	3	0.4
id-14511	9	5	27	0.3
id-14512	1	2	6	0.3
id-14513	2	3	13	0.3
id-14514	8	9	14	0.4
id-14515	4	8	24	0.3
id-14516	1	2	25	0.5
id-14517	3	6	27	0.5
id-14518	10	15	11	0.3
id-14519	10	8	4	0.4
id-14520	8	4	24	0.3
id-14521	5	6	25	0.3
id-14522	8	9	19	0.3
id-14523	7	11	7	0.4
id-14524	4	6	4	0.3
id-14525	9	9	17	0.2
id-14526	5	7	2	0.4
id-14527	10	11	25	0.3
id-14528	2	4	25	0.3
id-14529	9	3	15	0.3
id-14530	4	8	18	0.4
id-14531	4	5	26	0.3
id-14532	6	12	13	0.4
id-14533	10	10	27	0.3
id-14534	6	3	24	0.4
id-14535	9	11	13	0.2
id-14536	3	6	14	0.3
id-14537	10	5	18	0.5
id-14538	9	16	8	0.2
id-14539	6	5	16	0.5
id-14540	1	2	9	0.2
id-14541	8	6	29	0.3
id-14542	2	3	13	0.3
id-14543	10	4	8	0.4
id-14544	10	3	15	0.5
id-14545	6	7	24	0.3
id-14546	6	5	6	0.2
id-14547	2	2	8	0.3
id-14548	8	12	1	0.4
id-14549	9	18	29	0.3
id-14550	7	10	6	0.4
id-14551	9	9	16	0.3
id-14552	2	2	1	0.2
id-14553	6	5	7	0.3
id-14554	2	2	5	0.4
id-14555	3	3	1	0.4
id-14556	3	2	1	0.2
id-14557	7	3	13	0.5
id-14558	3	3	9	0.3
id-14559	4	8	20	0.4
id-14560	7	13	20	0.4
id-14561	2	4	27	0.3
id-14562	9	6	28	0.3
id-14563	2	2	27	0.5
id-14564	9	8	16	0.5
id-14565	10	17	23	0.2
id-14566	3	6	1	0.3
id-14567	5	8	14	0.3
id-14568	9	6	12	0.3
id-14569	6	11	23	0.2
id-14570	10	19	23	0.3
id-14571	2	2	8	0.2
id-14572	3	2	13	0.4
id-14573	5	2	26	0.4
id-14574	6	8	27	0.3
id-14575	4	2	29	0.5
id-14576	10	18	4	0.5
id-14577	4	4	1	0.4
id-14578	4	2	10	0.4
id-14579	3	5	21	0.4
id-14580	7	3	24	0.2
id-14581	5	3	18	0.4
id-14582	3	3	15	0.5
id-14583	9	13	3	0.3
id-14584	1	2	4	0.3
id-14585	1	2	8	0.4
id-14586	10	16	15	0.4
id-14587	9	6	17	0.2
id-14588	2	3	8	0.4
id-14589	3	6	13	0.3
id-14590	7	4	13	0.4
id-14591	10	18	7	0.4
id-14592	10	11	18	0.4
id-14593	1	2	13	0.2
id-14594	6	6	16	0.3
id-14595	6	8	22	0.4
id-14596	3	3	7	0.4
id-14597	3	3	1	0.3
id-14598	5	3	8	0.4
id-14599	4	7	29	0.4
id-14600	7	2	29	0.5
id-14601	8	11	13	0.4
id-14602	10	16	8	0.2
id-14603	7	11	9	0.4
id-14604	8	9	21	0.5
id-14605	1	2	14	0.5
id-14606	2	4	22	0.4
id-14607	4	6	27	0.2
id-14608	6	5	20	0.4
id-14609	10	9	12	0.2
id-14610	8	9	3	0.4
id-14611	3	3	3	0.5
id-14612	2	4	21	0.5
id-14613	1	2	8	0.2
id-14614	3	5	12	0.5
id-14615	8	14	27	0.5
id-14616	5	3	19	0.3
id-14617	7	12	27	0.3
id-14618	4	5	6	0.5
id-14619	5	2	22	0.3
id-14620	5	8	28	0.4
id-14621	3	4	25	0.2
id-14622	5	8	3	0.4
id-14623	1	2	1	0.3
id-14624	2	4	14	0.2
id-14625	8	7	6	0.3
id-14626	5	4	28	0.3
id-14627	2	4	1	0.2
id-14628	2	4	5	0.5
id-14629	7	5	30	0.3
id-14630	10	8	22	0.3
id-14631	4	3	16	0.3
id-14632	4	6	4	0.3
id-14633	2	2	22	0.3
id-14634	3	4	25	0.3
id-14635	9	8	19	0.2
id-14636	1	2	12	0.2
id-14637	8	6	17	0.2
id-14638	7	11	3	0.5
id-14639	6	7	23	0.5
id-14640	8	9	23	0.5
id-14641	1	2	14	0.3
id-14642	7	13	25	0.4
id-14643	4	8	23	0.3
id-14644	7	9	29	0.4
id-14645	4	6	14	0.3
id-14646	5	7	20	0.4
id-14647	4	8	7	0.5
id-14648	9	13	3	0.3
id-14649	8	4	25	0.5
id-14650	5	7	19	0.3
id-14651	4	7	9	0.4
id-14652	4	5	18	0.4
id-14653	1	2	10	0.2
id-14654	2	3	22	0.3
id-14655	6	3	16	0.2
id-14656	10	4	15	0.4
id-14657	4	3	1	0.4
id-14658	1	2	22	0.3
id-14659	9	9	12	0.3
id-14660	7	3	23	0.2
id-14661	6	5	17	0.3
id-14662	8	13	1	0.4
id-14663	5	4	13	0.4
id-14664	10	10	30	0.3
id-14665	5	2	10	0.3
id-14666	3	4	26	0.5
id-14667	3	2	9	0.4
id-14668	2	4	30	0.4
id-14669	4	5	3	0.3
id-14670	2	2	11	0.2
id-14671	3	6	3	0.3
id-14672	9	15	6	0.4
id-14673	6	2	25	0.4
id-14674	1	2	26	0.3
id-14675	8	4	28	0.4
id-14676	3	6	1	0.5
id-14677	9	8	27	0.3
id-14678	8	9	7	0.5
id-14679	7	3	12	0.3
id-14680	2	3	24	0.4
id-14681	2	4	26	0.5
id-14682	3	5	30	0.3
id-14683	6	9	25	0.4
id-14684	5	9	12	0.2
id-14685	7	13	29	0.2
id-14686	2	2	3	0.4
id-14687	4	5	28	0.3
id-14688	10	11	16	0.2
id-14689	10	14	28	0.4
id-14690	5	2	5	0.5
id-14691	3	3	29	0.2
id-14692	7	5	23	0.2
id-14693	8	14	17	0.4
id-14694	3	3	6	0.3
id-14695	8	15	19	0.3
id-14696	5	9	23	0.3
id-14697	5	4	27	0.4
id-14698	4	3	16	0.3
id-14699	2	2	19	0.4
id-14700	4	5	16	0.2
id-14701	1	2	22	0.3
id-14702	9	13	2	0.4
id-14703	7	4	18	0.3
id-14704	7	10	11	0.2
id-14705	6	11	11	0.4
id-14706	6	9	28	0.4
id-14707	9	7	18	0.2
id-14708	6	3	19	0.4
id-14709	2	2	21	0.4
id-14710	5	4	23	0.4
id-14711	2	4	14	0.2
id-14712	5	3	28	0.3
id-14713	1	2	20	0.3
id-14714	4	4	12	0.3
id-14715	3	3	7	0.3
id-14716	6	2	13	0.5
id-14717	10	7	15	0.4
id-14718	10	20	30	0.4
id-14719	6	11	2	0.4
id-14720	6	9	9	0.3
id-14721	10	14	3	0.3
id-14722	7	14	11	0.3
id-14723	8	7	2	0.3
id-14724	3	5	10	0.4
id-14725	7	11	7	0.5
id-14726	7	11	23	0.5
id-14727	8	10	8	0.3
id-14728	1	2	10	0.4
id-14729	2	3	23	0.4
id-14730	10	8	25	0.3
id-14731	9	18	29	0.4
id-14732	1	2	23	0.4
id-14733	1	2	27	0.2
id-14734	9	17	9	0.5
id-14735	4	5	9	0.4
id-14736	2	2	14	0.5
id-14737	3	5	5	0.4
id-14738	4	5	23	0.3
id-14739	3	2	2	0.3
id-14740	7	14	4	0.4
id-14741	1	2	17	0.2
id-14742	3	5	24	0.4
id-14743	1	2	11	0.3
id-14744	5	2	19	0.4
id-14745	2	3	7	0.3
id-14746	7	12	18	0.5
id-14747	7	14	8	0.4
id-14748	9	11	3	0.4
id-14749	10	16	19	0.5
id-14750	8	6	6	0.4
id-14751	2	3	4	0.4
id-14752	10	7	1	0.3
id-14753	9	2	18	0.5
id-14754	3	4	4	0.5
id-14755	7	3	1	0.4
id-14756	5	5	15	0.3
id-14757	2	3	9	0.3
id-14758	5	4	26	0.3
id-14759	7	10	23	0.3
id-14760	4	8	14	0.4
id-14761	9	14	17	0.3
id-14762	6	4	18	0.4
id-14763	4	5	22	0.3
id-14764	8	3	22	0.4
id-14765	2	2	19	0.4
id-14766	5	3	6	0.3
id-14767	4	6	23	0.5
id-14768	5	3	7	0.5
id-14769	9	7	2	0.4
id-14770	6	12	21	0.2
id-14771	4	5	21	0.3
id-14772	7	12	8	0.3
id-14773	2	3	24	0.4
id-14774	7	8	22	0.4
id-14775	8	2	28	0.3
id-14776	3	5	14	0.3
id-14777	4	5	30	0.3
id-14778	7	7	2	0.4
id-14779	4	8	1	0.3
id-14780	10	6	22	0.5
id-14781	9	3	20	0.4
id-14782	9	3	22	0.2
id-14783	2	2	6	0.2
id-14784	2	3	16	0.5
id-14785	3	5	9	0.4
id-14786	1	2	12	0.4
id-14787	3	2	16	0.3
id-14788	2	2	7	0.5
id-14789	3	5	17	0.2
id-14790	8	10	30	0.3
id-14791	7	11	3	0.3
id-14792	6	9	16	0.4
id-14793	4	6	16	0.4
id-14794	5	2	1	0.3
id-14795	2	3	15	0.4
id-14796	9	5	20	0.3
id-14797	7	11	18	0.3
id-14798	2	3	17	0.3
id-14799	9	5	15	0.5
id-14800	2	2	26	0.5
id-14801	6	12	4	0.3
id-14802	3	6	1	0.5
id-14803	8	11	18	0.2
id-14804	6	5	26	0.4
id-14805	8	4	7	0.3
id-14806	8	13	2	0.2
id-14807	5	3	30	0.2
id-14808	2	3	3	0.2
id-14809	4	6	29	0.3
id-14810	3	4	17	0.3
id-14811	8	5	27	0.5
id-14812	7	12	21	0.3
id-14813	4	8	23	0.3
id-14814	3	3	30	0.2
id-14815	3	2	10	0.5
id-14816	3	5	5	0.2
id-14817	2	2	26	0.3
id-14818	5	3	4	0.3
id-14819	8	7	27	0.3
id-14820	3	6	17	0.3
id-14821	5	5	8	0.4
id-14822	5	7	29	0.3
id-14823	8	15	27	0.4
id-14824	1	2	24	0.5
id-14825	5	2	22	0.3
id-14826	6	5	23	0.3
id-14827	5	9	4	0.5
id-14828	5	7	11	0.4
id-14829	1	2	28	0.3
id-14830	4	4	9	0.3
id-14831	1	2	17	0.3
id-14832	7	14	9	0.4
id-14833	2	3	24	0.3
id-14834	9	12	27	0.5
id-14835	1	2	23	0.4
id-14836	1	2	7	0.4
id-14837	2	4	14	0.3
id-14838	4	4	23	0.4
id-14839	8	2	26	0.2
id-14840	3	5	28	0.3
id-14841	3	5	13	0.3
id-14842	9	12	23	0.5
id-14843	7	11	30	0.4
id-14844	7	4	15	0.3
id-14845	5	5	12	0.4
id-14846	6	2	30	0.3
id-14847	9	10	6	0.4
id-14848	6	10	5	0.5
id-14849	8	9	25	0.5
id-14850	10	14	29	0.5
id-14851	5	10	17	0.4
id-14852	5	5	24	0.4
id-14853	2	2	30	0.4
id-14854	8	14	24	0.4
id-14855	5	3	6	0.4
id-14856	6	3	28	0.3
id-14857	2	4	15	0.5
id-14858	7	13	3	0.4
id-14859	5	3	12	0.3
id-14860	4	3	23	0.4
id-14861	10	10	15	0.4
id-14862	7	10	15	0.3
id-14863	2	2	4	0.5
id-14864	4	7	6	0.5
id-14865	2	2	21	0.4
id-14866	9	13	13	0.3
id-14867	3	4	18	0.4
id-14868	7	5	7	0.5
id-14869	7	7	8	0.3
id-14870	1	2	29	0.3
id-14871	10	17	27	0.5
id-14872	5	3	30	0.2
id-14873	2	3	14	0.5
id-14874	6	10	3	0.2
id-14875	7	5	28	0.4
id-14876	10	13	7	0.3
id-14877	2	4	27	0.3
id-14878	5	10	4	0.3
id-14879	10	8	16	0.5
id-14880	1	2	16	0.4
id-14881	1	2	28	0.3
id-14882	1	2	22	0.5
id-14883	2	4	15	0.3
id-14884	1	2	27	0.4
id-14885	6	3	12	0.3
id-14886	6	9	11	0.5
id-14887	9	2	23	0.3
id-14888	4	2	25	0.2
id-14889	5	5	16	0.2
id-14890	9	8	10	0.4
id-14891	10	18	13	0.2
id-14892	2	4	19	0.3
id-14893	1	2	18	0.4
id-14894	6	2	26	0.3
id-14895	6	5	23	0.3
id-14896	4	2	29	0.4
id-14897	2	4	15	0.3
id-14898	10	9	21	0.5
id-14899	2	4	15	0.3
id-14900	7	5	2	0.4
id-14901	9	11	8	0.3
id-14902	10	9	7	0.2
id-14903	4	7	9	0.3
id-14904	4	4	15	0.3
id-14905	8	15	20	0.2
id-14906	8	7	5	0.3
id-14907	3	4	8	0.3
id-14908	5	7	5	0.3
id-14909	5	2	20	0.5
id-14910	1	2	3	0.4
id-14911	3	5	17	0.3
id-14912	3	5	14	0.4
id-14913	2	4	11	0.4
id-14914	7	13	15	0.3
id-14915	7	11	22	0.4
id-14916	9	15	26	0.4
id-14917	7	4	29	0.3
id-14918	8	9	9	0.3
id-14919	1	2	13	0.4
id-14920	1	2	7	0.4
id-14921	1	2	2	0.2
id-14922	2	2	21	0.3
id-14923	1	2	11	0.5
id-14924	6	9	6	0.3
id-14925	7	4	15	0.2
id-14926	6	10	9	0.3
id-14927	5	6	23	0.5
id-14928	10	20	25	0.5
id-14929	3	2	17	0.2
id-14930	3	2	17	0.4
id-14931	10	9	26	0.3
id-14932	4	2	9	0.3
id-14933	8	6	15	0.2
id-14934	10	2	9	0.3
id-14935	6	11	28	0.4
id-14936	3	6	2	0.3
id-14937	10	6	14	0.4
id-14938	2	2	10	0.4
id-14939	5	6	17	0.3
id-14940	3	4	16	0.4
id-14941	3	3	11	0.5
id-14942	3	6	8	0.3
id-14943	10	20	8	0.4
id-14944	2	4	23	0.4
id-14945	8	4	11	0.3
id-14946	9	6	17	0.4
id-14947	9	7	24	0.3
id-14948	9	5	28	0.4
id-14949	8	12	7	0.3
id-14950	7	14	26	0.4
id-14951	9	6	24	0.2
id-14952	9	3	17	0.4
id-14953	7	7	30	0.4
id-14954	1	2	23	0.3
id-14955	10	16	23	0.5
id-14956	5	3	25	0.3
id-14957	6	6	11	0.3
id-14958	1	2	28	0.4
id-14959	3	3	7	0.2
id-14960	4	4	7	0.2
id-14961	8	5	13	0.4
id-14962	9	17	12	0.5
id-14963	7	7	20	0.4
id-14964	9	12	4	0.3
id-14965	5	6	18	0.4
id-14966	1	2	14	0.3
id-14967	7	12	3	0.3
id-14968	8	2	24	0.3
id-14969	4	2	29	0.3
id-14970	9	14	7	0.2
id-14971	5	6	5	0.4
id-14972	6	4	13	0.4
id-14973	3	4	20	0.4
id-14974	6	5	12	0.2
id-14975	9	12	30	0.5
id-14976	10	6	16	0.3
id-14977	10	3	12	0.3
id-14978	9	10	26	0.4
id-14979	1	2	28	0.5
id-14980	8	15	25	0.3
id-14981	6	9	14	0.5
id-14982	6	7	19	0.4
id-14983	2	2	22	0.4
id-14984	3	5	6	0.3
id-14985	7	14	18	0.3
id-14986	7	2	16	0.4
id-14987	2	4	14	0.5
id-14988	8	15	9	0.5
id-14989	9	6	18	0.4
id-14990	6	2	5	0.4
id-14991	2	3	26	0.4
id-14992	9	11	11	0.2
id-14993	4	4	30	0.4
id-14994	9	5	7	0.3
id-14995	3	6	23	0.5
id-14996	10	20	24	0.3
id-14997	2	2	27	0.4
id-14998	6	9	24	0.3
id-14999	2	4	3	0.4
id-15000	7	8	29	0.5
id-15001	8	8	16	0.2
id-15002	4	8	11	0.4
id-15003	8	12	15	0.2
id-15004	1	2	3	0.4
id-15005	8	3	10	0.3
id-15006	8	13	6	0.3
id-15007	10	15	5	0.4
id-15008	2	4	9	0.4
id-15009	7	11	4	0.3
id-15010	5	6	8	0.3
id-15011	2	4	8	0.3
id-15012	10	12	2	0.3
id-15013	8	15	15	0.4
id-15014	8	12	17	0.2
id-15015	9	17	15	0.2
id-15016	1	2	20	0.2
id-15017	4	6	12	0.3
id-15018	5	6	8	0.3
id-15019	5	6	14	0.5
id-15020	4	6	28	0.3
id-15021	2	4	8	0.4
id-15022	4	8	25	0.3
id-15023	4	5	20	0.4
id-15024	8	9	18	0.5
id-15025	7	8	11	0.3
id-15026	6	11	2	0.4
id-15027	1	2	20	0.5
id-15028	4	2	21	0.2
id-15029	9	15	9	0.5
id-15030	6	5	21	0.3
id-15031	1	2	11	0.4
id-15032	4	7	18	0.3
id-15033	6	3	2	0.3
id-15034	2	3	1	0.2
id-15035	6	3	28	0.3
id-15036	5	4	8	0.5
id-15037	6	5	11	0.5
id-15038	1	2	5	0.5
id-15039	1	2	26	0.3
id-15040	1	2	11	0.3
id-15041	7	2	1	0.3
id-15042	8	11	22	0.4
id-15043	6	12	11	0.2
id-15044	6	2	30	0.3
id-15045	8	10	19	0.3
id-15046	4	8	6	0.2
id-15047	7	12	16	0.3
id-15048	10	16	9	0.5
id-15049	2	2	23	0.3
id-15050	6	3	8	0.4
id-15051	3	3	18	0.4
id-15052	6	5	10	0.5
id-15053	10	6	22	0.2
id-15054	8	16	24	0.4
id-15055	6	3	17	0.5
id-15056	6	3	20	0.4
id-15057	9	11	30	0.3
id-15058	6	2	27	0.4
id-15059	2	3	10	0.2
id-15060	1	2	3	0.3
id-15061	1	2	10	0.4
id-15062	2	4	9	0.3
id-15063	6	9	5	0.4
id-15064	7	4	23	0.4
id-15065	5	6	13	0.3
id-15066	4	6	10	0.4
id-15067	3	4	26	0.4
id-15068	3	2	7	0.3
id-15069	8	11	4	0.5
id-15070	3	3	2	0.5
id-15071	3	6	16	0.3
id-15072	2	3	12	0.5
id-15073	2	2	30	0.3
id-15074	4	6	27	0.4
id-15075	3	6	28	0.3
id-15076	8	12	11	0.5
id-15077	3	3	1	0.3
id-15078	6	6	30	0.3
id-15079	7	4	29	0.4
id-15080	4	6	25	0.3
id-15081	6	9	10	0.5
id-15082	5	9	27	0.3
id-15083	2	3	8	0.4
id-15084	7	12	16	0.3
id-15085	8	14	28	0.4
id-15086	7	11	24	0.5
id-15087	8	3	4	0.2
id-15088	3	2	27	0.2
id-15089	5	5	26	0.4
id-15090	9	10	27	0.4
id-15091	10	11	15	0.5
id-15092	5	9	1	0.3
id-15093	10	7	9	0.2
id-15094	1	2	9	0.4
id-15095	6	2	28	0.2
id-15096	2	4	2	0.3
id-15097	3	2	21	0.3
id-15098	10	18	4	0.2
id-15099	4	3	6	0.3
id-15100	10	10	10	0.5
id-15101	2	2	21	0.4
id-15102	8	4	7	0.4
id-15103	4	5	9	0.3
id-15104	1	2	12	0.4
id-15105	1	2	26	0.4
id-15106	6	11	16	0.4
id-15107	5	4	28	0.2
id-15108	4	6	27	0.5
id-15109	4	5	21	0.4
id-15110	10	12	15	0.4
id-15111	7	11	15	0.5
id-15112	8	15	4	0.4
id-15113	6	12	17	0.2
id-15114	2	3	12	0.3
id-15115	6	9	26	0.4
id-15116	5	7	15	0.3
id-15117	3	4	19	0.3
id-15118	4	6	19	0.3
id-15119	10	17	23	0.5
id-15120	1	2	12	0.4
id-15121	2	3	17	0.3
id-15122	10	2	19	0.5
id-15123	1	2	21	0.3
id-15124	2	3	24	0.5
id-15125	6	10	1	0.2
id-15126	4	3	7	0.3
id-15127	7	11	30	0.3
id-15128	2	3	2	0.3
id-15129	6	4	27	0.3
id-15130	4	6	22	0.3
id-15131	4	4	11	0.4
id-15132	7	5	23	0.4
id-15133	7	11	8	0.2
id-15134	2	4	24	0.3
id-15135	9	8	7	0.5
id-15136	10	12	25	0.2
id-15137	9	18	12	0.2
id-15138	7	2	6	0.5
id-15139	6	11	20	0.2
id-15140	3	6	8	0.3
id-15141	6	2	3	0.4
id-15142	9	13	2	0.4
id-15143	2	3	26	0.4
id-15144	7	10	24	0.3
id-15145	8	14	6	0.3
id-15146	8	3	7	0.5
id-15147	8	3	3	0.3
id-15148	4	6	6	0.2
id-15149	5	5	4	0.3
id-15150	5	3	7	0.4
id-15151	10	13	9	0.4
id-15152	2	4	11	0.3
id-15153	6	7	27	0.3
id-15154	9	6	9	0.4
id-15155	7	13	16	0.5
id-15156	5	3	30	0.4
id-15157	2	2	4	0.2
id-15158	4	7	5	0.2
id-15159	2	3	8	0.3
id-15160	10	14	20	0.5
id-15161	10	10	26	0.4
id-15162	6	2	21	0.2
id-15163	5	5	7	0.4
id-15164	8	10	29	0.3
id-15165	3	3	28	0.2
id-15166	6	9	22	0.4
id-15167	7	8	15	0.5
id-15168	10	5	7	0.5
id-15169	6	12	10	0.4
id-15170	7	6	12	0.4
id-15171	10	11	22	0.3
id-15172	7	12	25	0.3
id-15173	10	15	14	0.5
id-15174	3	3	19	0.5
id-15175	5	3	15	0.4
id-15176	4	5	1	0.5
id-15177	3	6	16	0.3
id-15178	5	2	27	0.3
id-15179	10	11	20	0.3
id-15180	8	9	9	0.5
id-15181	4	3	5	0.4
id-15182	7	3	20	0.5
id-15183	8	3	7	0.3
id-15184	4	8	4	0.4
id-15185	1	2	8	0.3
id-15186	3	4	16	0.4
id-15187	1	2	6	0.3
id-15188	9	11	25	0.3
id-15189	6	6	27	0.5
id-15190	5	7	19	0.3
id-15191	7	8	18	0.2
id-15192	10	4	28	0.3
id-15193	2	2	24	0.5
id-15194	2	4	4	0.3
id-15195	3	2	25	0.5
id-15196	8	3	28	0.5
id-15197	5	9	7	0.4
id-15198	1	2	15	0.5
id-15199	7	14	16	0.3
id-15200	3	2	1	0.5
id-15201	1	2	12	0.5
id-15202	8	2	13	0.2
id-15203	6	3	20	0.3
id-15204	2	2	24	0.5
id-15205	8	15	3	0.4
id-15206	7	13	2	0.3
id-15207	10	2	14	0.3
id-15208	2	3	28	0.2
id-15209	6	5	5	0.4
id-15210	4	8	17	0.5
id-15211	8	2	17	0.4
id-15212	4	6	14	0.4
id-15213	3	6	23	0.5
id-15214	2	2	29	0.3
id-15215	10	5	13	0.2
id-15216	1	2	4	0.4
id-15217	2	4	12	0.3
id-15218	8	16	5	0.4
id-15219	5	4	8	0.3
id-15220	8	12	25	0.3
id-15221	4	2	3	0.4
id-15222	5	9	6	0.2
id-15223	7	4	30	0.4
id-15224	2	3	4	0.3
id-15225	1	2	28	0.4
id-15226	8	12	5	0.3
id-15227	6	2	30	0.3
id-15228	3	2	27	0.2
id-15229	6	5	20	0.3
id-15230	7	5	21	0.2
id-15231	6	4	24	0.4
id-15232	6	12	27	0.3
id-15233	6	9	18	0.5
id-15234	4	3	29	0.4
id-15235	4	4	15	0.5
id-15236	10	14	12	0.2
id-15237	4	4	9	0.5
id-15238	7	8	16	0.4
id-15239	6	10	6	0.5
id-15240	9	13	8	0.5
id-15241	6	11	22	0.2
id-15242	9	10	12	0.2
id-15243	2	3	9	0.5
id-15244	10	17	8	0.5
id-15245	7	6	16	0.5
id-15246	3	2	10	0.4
id-15247	2	3	20	0.5
id-15248	8	4	5	0.3
id-15249	2	4	24	0.2
id-15250	4	3	23	0.4
id-15251	1	2	29	0.2
id-15252	10	2	17	0.4
id-15253	3	3	17	0.5
id-15254	6	6	26	0.4
id-15255	5	10	24	0.5
id-15256	10	9	17	0.3
id-15257	4	2	17	0.4
id-15258	3	5	17	0.5
id-15259	8	5	4	0.3
id-15260	3	4	12	0.5
id-15261	8	14	9	0.5
id-15262	3	6	23	0.2
id-15263	6	11	12	0.4
id-15264	4	7	5	0.2
id-15265	5	9	19	0.5
id-15266	1	2	19	0.4
id-15267	8	12	25	0.4
id-15268	9	6	12	0.3
id-15269	5	5	24	0.5
id-15270	10	3	8	0.3
id-15271	4	6	19	0.4
id-15272	5	2	22	0.3
id-15273	5	2	28	0.4
id-15274	3	2	12	0.3
id-15275	3	5	5	0.3
id-15276	3	3	17	0.5
id-15277	1	2	13	0.3
id-15278	4	5	23	0.3
id-15279	1	2	21	0.5
id-15280	4	3	11	0.4
id-15281	7	2	7	0.2
id-15282	5	3	23	0.5
id-15283	7	14	3	0.4
id-15284	5	2	4	0.4
id-15285	10	8	23	0.4
id-15286	6	11	13	0.2
id-15287	4	3	9	0.4
id-15288	8	15	16	0.3
id-15289	6	10	9	0.4
id-15290	8	15	14	0.4
id-15291	4	7	13	0.3
id-15292	7	12	4	0.5
id-15293	10	6	5	0.2
id-15294	8	2	24	0.4
id-15295	4	6	7	0.3
id-15296	3	2	27	0.4
id-15297	3	5	3	0.3
id-15298	3	3	16	0.3
id-15299	7	5	28	0.3
id-15300	6	2	9	0.3
id-15301	1	2	1	0.4
id-15302	5	6	6	0.3
id-15303	3	5	20	0.2
id-15304	3	2	11	0.5
id-15305	4	4	22	0.3
id-15306	7	7	15	0.5
id-15307	8	3	23	0.4
id-15308	8	6	24	0.2
id-15309	8	4	15	0.3
id-15310	7	2	4	0.4
id-15311	9	11	26	0.4
id-15312	9	8	19	0.4
id-15313	2	2	19	0.4
id-15314	9	9	17	0.3
id-15315	6	9	24	0.4
id-15316	2	3	2	0.4
id-15317	4	2	13	0.4
id-15318	3	4	24	0.5
id-15319	1	2	14	0.3
id-15320	6	3	3	0.4
id-15321	3	5	25	0.4
id-15322	10	19	20	0.4
id-15323	6	6	20	0.4
id-15324	8	9	3	0.2
id-15325	5	7	20	0.4
id-15326	3	5	27	0.2
id-15327	2	3	21	0.3
id-15328	9	5	23	0.4
id-15329	10	4	17	0.4
id-15330	4	5	16	0.3
id-15331	8	2	26	0.4
id-15332	5	2	3	0.4
id-15333	9	13	8	0.5
id-15334	4	3	6	0.3
id-15335	2	3	29	0.3
id-15336	8	13	26	0.3
id-15337	7	4	21	0.3
id-15338	2	4	6	0.4
id-15339	7	10	2	0.4
id-15340	2	2	13	0.3
id-15341	10	4	24	0.3
id-15342	3	6	28	0.3
id-15343	2	3	19	0.3
id-15344	10	13	20	0.3
id-15345	10	6	7	0.4
id-15346	6	7	21	0.4
id-15347	3	3	17	0.5
id-15348	7	12	7	0.4
id-15349	7	3	13	0.3
id-15350	4	8	18	0.5
id-15351	4	4	13	0.4
id-15352	8	3	3	0.3
id-15353	5	8	9	0.3
id-15354	3	4	14	0.3
id-15355	7	14	26	0.3
id-15356	3	6	17	0.5
id-15357	3	6	3	0.4
id-15358	9	5	4	0.3
id-15359	10	17	2	0.4
id-15360	10	16	27	0.5
id-15361	7	11	10	0.5
id-15362	3	4	2	0.4
id-15363	5	2	8	0.4
id-15364	2	4	18	0.5
id-15365	7	9	7	0.2
id-15366	1	2	5	0.4
id-15367	7	6	10	0.3
id-15368	5	2	25	0.3
id-15369	7	10	16	0.4
id-15370	7	14	6	0.3
id-15371	9	10	29	0.3
id-15372	8	16	4	0.3
id-15373	5	9	22	0.5
id-15374	1	2	16	0.2
id-15375	10	15	29	0.4
id-15376	1	2	25	0.5
id-15377	9	11	2	0.2
id-15378	5	10	28	0.4
id-15379	8	7	18	0.3
id-15380	7	7	2	0.3
id-15381	10	18	2	0.3
id-15382	4	5	26	0.4
id-15383	10	19	12	0.5
id-15384	4	2	14	0.4
id-15385	2	2	21	0.4
id-15386	6	7	4	0.4
id-15387	7	11	14	0.3
id-15388	10	4	5	0.4
id-15389	3	3	12	0.4
id-15390	7	10	16	0.4
id-15391	10	18	18	0.2
id-15392	5	5	11	0.2
id-15393	6	4	11	0.3
id-15394	8	9	8	0.4
id-15395	1	2	21	0.4
id-15396	8	15	15	0.5
id-15397	2	2	1	0.4
id-15398	1	2	9	0.3
id-15399	1	2	6	0.4
id-15400	9	12	5	0.3
id-15401	7	7	22	0.2
id-15402	3	3	27	0.3
id-15403	7	8	27	0.2
id-15404	3	2	25	0.4
id-15405	4	5	8	0.5
id-15406	1	2	4	0.3
id-15407	3	5	18	0.3
id-15408	1	2	13	0.5
id-15409	10	5	20	0.5
id-15410	4	7	9	0.4
id-15411	3	2	29	0.3
id-15412	3	5	19	0.4
id-15413	10	8	9	0.4
id-15414	10	13	5	0.2
id-15415	9	5	21	0.3
id-15416	5	10	27	0.4
id-15417	10	3	6	0.3
id-15418	1	2	27	0.4
id-15419	3	4	22	0.4
id-15420	2	3	20	0.3
id-15421	1	2	30	0.3
id-15422	3	3	24	0.5
id-15423	5	8	14	0.3
id-15424	2	3	13	0.2
id-15425	3	4	28	0.2
id-15426	3	5	20	0.4
id-15427	10	14	24	0.3
id-15428	2	3	25	0.4
id-15429	8	15	30	0.5
id-15430	1	2	4	0.3
id-15431	7	14	17	0.3
id-15432	4	8	5	0.3
id-15433	7	13	11	0.5
id-15434	7	13	2	0.3
id-15435	2	4	7	0.5
id-15436	10	3	13	0.3
id-15437	1	2	10	0.4
id-15438	10	11	12	0.2
id-15439	5	5	4	0.2
id-15440	9	18	22	0.4
id-15441	6	3	7	0.4
id-15442	6	11	14	0.2
id-15443	10	6	14	0.4
id-15444	3	2	20	0.3
id-15445	10	10	29	0.3
id-15446	1	2	21	0.5
id-15447	7	13	9	0.3
id-15448	9	16	11	0.5
id-15449	10	14	20	0.3
id-15450	1	2	8	0.4
id-15451	2	4	27	0.4
id-15452	1	2	1	0.3
id-15453	3	4	13	0.4
id-15454	3	3	5	0.2
id-15455	4	6	24	0.3
id-15456	8	9	11	0.3
id-15457	2	3	22	0.5
id-15458	3	4	2	0.4
id-15459	10	7	20	0.4
id-15460	8	9	14	0.3
id-15461	9	2	30	0.5
id-15462	7	7	20	0.3
id-15463	10	6	26	0.4
id-15464	8	4	3	0.4
id-15465	9	11	25	0.3
id-15466	9	17	13	0.3
id-15467	6	4	27	0.2
id-15468	5	7	29	0.3
id-15469	6	5	29	0.2
id-15470	1	2	30	0.5
id-15471	10	6	11	0.3
id-15472	10	12	15	0.5
id-15473	8	15	22	0.3
id-15474	4	3	10	0.4
id-15475	1	2	1	0.2
id-15476	2	3	25	0.3
id-15477	9	9	4	0.3
id-15478	4	2	8	0.5
id-15479	6	5	1	0.4
id-15480	8	15	2	0.4
id-15481	5	2	20	0.4
id-15482	7	2	4	0.2
id-15483	1	2	10	0.4
id-15484	3	2	29	0.2
id-15485	9	13	6	0.5
id-15486	2	2	30	0.4
id-15487	1	2	23	0.3
id-15488	7	12	1	0.5
id-15489	5	6	18	0.4
id-15490	4	6	17	0.3
id-15491	4	5	13	0.3
id-15492	6	3	6	0.3
id-15493	2	3	8	0.3
id-15494	7	11	14	0.3
id-15495	10	19	7	0.4
id-15496	10	10	9	0.5
id-15497	8	12	2	0.5
id-15498	3	6	20	0.4
id-15499	7	10	25	0.3
id-15500	1	2	28	0.4
id-15501	8	10	29	0.4
id-15502	9	8	6	0.5
id-15503	9	17	29	0.5
id-15504	3	6	9	0.3
id-15505	5	9	12	0.4
id-15506	2	4	5	0.4
id-15507	10	7	2	0.5
id-15508	8	2	13	0.2
id-15509	9	16	18	0.3
id-15510	6	11	22	0.3
id-15511	4	5	21	0.2
id-15512	10	11	4	0.4
id-15513	10	20	18	0.4
id-15514	9	6	22	0.3
id-15515	1	2	28	0.2
id-15516	6	5	4	0.3
id-15517	3	4	21	0.4
id-15518	4	2	24	0.3
id-15519	5	9	13	0.2
id-15520	9	2	27	0.2
id-15521	8	8	19	0.2
id-15522	4	6	16	0.5
id-15523	6	5	30	0.2
id-15524	1	2	15	0.3
id-15525	5	8	15	0.5
id-15526	10	18	13	0.4
id-15527	2	2	5	0.4
id-15528	9	14	1	0.4
id-15529	9	6	6	0.5
id-15530	9	7	24	0.3
id-15531	9	16	18	0.3
id-15532	2	2	24	0.5
id-15533	4	4	8	0.2
id-15534	8	9	8	0.4
id-15535	2	4	11	0.3
id-15536	7	3	22	0.5
id-15537	7	7	9	0.3
id-15538	4	3	23	0.4
id-15539	1	2	2	0.4
id-15540	6	8	8	0.4
id-15541	1	2	2	0.5
id-15542	3	3	19	0.4
id-15543	9	11	4	0.2
id-15544	7	5	26	0.3
id-15545	5	6	14	0.5
id-15546	6	11	7	0.3
id-15547	6	11	12	0.2
id-15548	4	7	21	0.2
id-15549	7	4	18	0.4
id-15550	5	4	12	0.4
id-15551	6	8	29	0.4
id-15552	1	2	22	0.2
id-15553	7	13	17	0.4
id-15554	10	18	4	0.3
id-15555	8	5	28	0.5
id-15556	2	4	8	0.4
id-15557	9	17	30	0.4
id-15558	10	13	21	0.4
id-15559	1	2	8	0.4
id-15560	2	3	8	0.5
id-15561	3	2	5	0.5
id-15562	6	2	20	0.4
id-15563	3	3	6	0.3
id-15564	6	7	13	0.5
id-15565	10	3	20	0.2
id-15566	8	4	30	0.4
id-15567	10	9	7	0.2
id-15568	9	7	3	0.3
id-15569	4	2	30	0.3
id-15570	10	18	29	0.3
id-15571	4	5	18	0.3
id-15572	5	3	23	0.4
id-15573	9	4	17	0.3
id-15574	3	4	24	0.5
id-15575	3	4	5	0.5
id-15576	9	6	18	0.4
id-15577	2	3	19	0.5
id-15578	1	2	27	0.3
id-15579	6	3	28	0.3
id-15580	3	2	4	0.4
id-15581	4	6	19	0.4
id-15582	7	5	9	0.3
id-15583	1	2	1	0.4
id-15584	2	2	4	0.5
id-15585	4	4	2	0.4
id-15586	9	14	12	0.2
id-15587	7	12	21	0.4
id-15588	10	12	1	0.2
id-15589	4	5	28	0.2
id-15590	10	15	18	0.5
id-15591	9	15	5	0.4
id-15592	2	3	3	0.4
id-15593	5	9	24	0.2
id-15594	7	2	30	0.4
id-15595	5	8	27	0.4
id-15596	7	7	5	0.3
id-15597	5	9	25	0.4
id-15598	8	11	14	0.2
id-15599	9	3	9	0.2
id-15600	6	7	3	0.3
id-15601	3	5	3	0.2
id-15602	4	2	22	0.4
id-15603	2	4	26	0.4
id-15604	4	8	5	0.3
id-15605	1	2	13	0.5
id-15606	5	8	17	0.5
id-15607	9	18	12	0.4
id-15608	3	6	19	0.2
id-15609	8	12	13	0.4
id-15610	9	4	15	0.5
id-15611	2	4	1	0.4
id-15612	2	2	14	0.2
id-15613	9	16	29	0.4
id-15614	6	5	16	0.3
id-15615	8	10	15	0.3
id-15616	10	20	22	0.4
id-15617	2	2	18	0.3
id-15618	8	5	30	0.5
id-15619	2	4	20	0.3
id-15620	10	16	8	0.5
id-15621	9	9	25	0.4
id-15622	5	8	27	0.3
id-15623	3	2	17	0.3
id-15624	2	2	6	0.4
id-15625	4	2	11	0.4
id-15626	8	4	10	0.2
id-15627	3	3	9	0.4
id-15628	6	8	24	0.5
id-15629	9	5	23	0.5
id-15630	5	7	17	0.4
id-15631	5	2	30	0.3
id-15632	3	2	3	0.2
id-15633	8	3	13	0.4
id-15634	10	5	19	0.2
id-15635	1	2	24	0.2
id-15636	9	8	13	0.5
id-15637	2	2	9	0.5
id-15638	10	4	24	0.2
id-15639	5	9	29	0.4
id-15640	5	3	4	0.3
id-15641	4	7	13	0.4
id-15642	5	5	2	0.3
id-15643	1	2	21	0.4
id-15644	2	4	16	0.5
id-15645	9	14	29	0.4
id-15646	4	4	13	0.5
id-15647	7	5	4	0.2
id-15648	1	2	29	0.2
id-15649	2	4	2	0.3
id-15650	5	6	22	0.4
id-15651	7	8	8	0.5
id-15652	8	14	8	0.3
id-15653	6	2	10	0.2
id-15654	2	4	10	0.4
id-15655	3	3	19	0.3
id-15656	4	4	24	0.2
id-15657	1	2	20	0.5
id-15658	5	3	8	0.2
id-15659	9	9	20	0.3
id-15660	2	3	22	0.5
id-15661	4	8	30	0.5
id-15662	6	8	24	0.2
id-15663	7	6	4	0.4
id-15664	7	2	17	0.3
id-15665	4	4	9	0.5
id-15666	6	3	14	0.4
id-15667	1	2	9	0.5
id-15668	5	7	23	0.5
id-15669	9	7	9	0.3
id-15670	7	8	11	0.3
id-15671	10	14	17	0.5
id-15672	5	6	25	0.3
id-15673	2	3	26	0.4
id-15674	10	14	9	0.4
id-15675	9	5	12	0.4
id-15676	7	11	26	0.2
id-15677	2	2	5	0.3
id-15678	10	4	29	0.2
id-15679	5	3	4	0.4
id-15680	5	8	29	0.3
id-15681	2	3	17	0.4
id-15682	2	2	28	0.5
id-15683	2	3	16	0.5
id-15684	1	2	12	0.4
id-15685	3	5	21	0.4
id-15686	5	3	6	0.3
id-15687	4	8	8	0.3
id-15688	10	15	28	0.2
id-15689	7	6	27	0.4
id-15690	9	7	3	0.3
id-15691	5	9	9	0.5
id-15692	4	3	6	0.5
id-15693	5	4	3	0.4
id-15694	10	19	15	0.5
id-15695	5	3	18	0.5
id-15696	1	2	21	0.3
id-15697	6	12	25	0.4
id-15698	4	8	17	0.5
id-15699	7	13	25	0.3
id-15700	6	2	11	0.3
id-15701	6	11	22	0.4
id-15702	2	4	3	0.4
id-15703	5	5	20	0.2
id-15704	2	3	30	0.4
id-15705	9	6	5	0.3
id-15706	6	9	16	0.4
id-15707	6	12	5	0.3
id-15708	7	9	26	0.4
id-15709	2	4	2	0.4
id-15710	3	3	25	0.4
id-15711	2	4	17	0.2
id-15712	10	11	24	0.4
id-15713	5	3	15	0.2
id-15714	8	2	26	0.3
id-15715	1	2	1	0.3
id-15716	1	2	20	0.2
id-15717	1	2	15	0.4
id-15718	4	8	4	0.3
id-15719	9	5	18	0.2
id-15720	8	8	21	0.2
id-15721	8	9	29	0.4
id-15722	8	7	27	0.3
id-15723	1	2	21	0.2
id-15724	3	5	15	0.5
id-15725	6	12	3	0.5
id-15726	2	4	13	0.3
id-15727	4	3	26	0.4
id-15728	5	7	20	0.4
id-15729	3	3	22	0.3
id-15730	1	2	13	0.4
id-15731	7	7	19	0.3
id-15732	7	9	10	0.3
id-15733	10	14	30	0.2
id-15734	5	7	19	0.4
id-15735	4	3	4	0.4
id-15736	8	15	7	0.5
id-15737	9	5	12	0.3
id-15738	9	12	16	0.4
id-15739	1	2	2	0.2
id-15740	6	10	3	0.5
id-15741	5	2	23	0.3
id-15742	8	10	23	0.3
id-15743	7	5	18	0.3
id-15744	6	12	10	0.4
id-15745	10	15	5	0.4
id-15746	10	13	4	0.3
id-15747	2	3	12	0.2
id-15748	6	11	20	0.4
id-15749	2	4	7	0.3
id-15750	9	16	21	0.5
id-15751	2	3	10	0.4
id-15752	3	5	6	0.3
id-15753	5	3	11	0.4
id-15754	2	3	16	0.4
id-15755	3	5	27	0.4
id-15756	7	5	19	0.3
id-15757	2	4	26	0.2
id-15758	6	3	28	0.3
id-15759	4	2	23	0.3
id-15760	1	2	11	0.5
id-15761	3	6	20	0.4
id-15762	3	6	16	0.3
id-15763	4	6	28	0.2
id-15764	9	8	13	0.5
id-15765	2	4	4	0.3
id-15766	6	12	11	0.4
id-15767	10	13	3	0.2
id-15768	4	6	28	0.3
id-15769	6	12	19	0.4
id-15770	10	10	9	0.3
id-15771	1	2	28	0.4
id-15772	5	3	10	0.3
id-15773	8	11	2	0.2
id-15774	3	4	6	0.4
id-15775	6	2	14	0.3
id-15776	7	14	10	0.4
id-15777	3	5	12	0.4
id-15778	6	4	10	0.3
id-15779	8	9	21	0.5
id-15780	2	2	26	0.4
id-15781	10	5	29	0.4
id-15782	9	9	1	0.2
id-15783	1	2	3	0.3
id-15784	6	9	28	0.2
id-15785	8	15	4	0.3
id-15786	7	9	22	0.3
id-15787	6	4	28	0.4
id-15788	7	12	11	0.5
id-15789	9	18	27	0.4
id-15790	6	9	11	0.4
id-15791	10	12	14	0.4
id-15792	9	18	24	0.5
id-15793	2	3	13	0.3
id-15794	2	4	6	0.5
id-15795	6	8	3	0.3
id-15796	10	17	6	0.2
id-15797	7	6	6	0.5
id-15798	7	12	3	0.3
id-15799	7	7	6	0.4
id-15800	3	4	7	0.4
id-15801	3	3	10	0.2
id-15802	6	5	17	0.5
id-15803	8	7	12	0.3
id-15804	6	2	3	0.4
id-15805	6	11	19	0.4
id-15806	3	6	26	0.4
id-15807	4	4	12	0.4
id-15808	8	15	27	0.3
id-15809	5	9	1	0.3
id-15810	3	6	24	0.4
id-15811	9	18	28	0.4
id-15812	10	6	6	0.2
id-15813	4	4	21	0.2
id-15814	3	2	28	0.2
id-15815	7	6	20	0.4
id-15816	1	2	7	0.4
id-15817	10	7	18	0.3
id-15818	1	2	17	0.3
id-15819	9	7	24	0.4
id-15820	7	3	2	0.3
id-15821	5	4	8	0.2
id-15822	1	2	29	0.4
id-15823	10	6	12	0.3
id-15824	10	15	15	0.4
id-15825	1	2	27	0.4
id-15826	4	3	13	0.5
id-15827	5	2	30	0.2
id-15828	1	2	13	0.4
id-15829	3	3	7	0.3
id-15830	3	4	21	0.5
id-15831	8	4	12	0.3
id-15832	9	4	24	0.3
id-15833	5	6	10	0.2
id-15834	8	15	15	0.4
id-15835	4	4	10	0.5
id-15836	2	2	12	0.3
id-15837	10	16	27	0.3
id-15838	1	2	10	0.3
id-15839	8	5	8	0.2
id-15840	3	5	4	0.2
id-15841	6	12	27	0.2
id-15842	9	9	8	0.3
id-15843	10	14	2	0.4
id-15844	6	2	10	0.4
id-15845	8	13	23	0.5
id-15846	5	10	26	0.3
id-15847	4	3	29	0.3
id-15848	3	4	29	0.3
id-15849	2	2	25	0.5
id-15850	5	8	6	0.4
id-15851	3	3	1	0.4
id-15852	1	2	2	0.5
id-15853	10	8	2	0.5
id-15854	3	4	28	0.4
id-15855	2	3	21	0.3
id-15856	1	2	14	0.3
id-15857	8	9	27	0.2
id-15858	4	7	20	0.2
id-15859	3	2	14	0.3
id-15860	10	8	6	0.3
id-15861	8	15	29	0.4
id-15862	10	3	22	0.4
id-15863	1	2	10	0.3
id-15864	1	2	19	0.4
id-15865	9	18	1	0.3
id-15866	4	2	16	0.5
id-15867	10	12	28	0.4
id-15868	3	4	3	0.2
id-15869	9	10	25	0.3
id-15870	10	12	3	0.5
id-15871	1	2	18	0.2
id-15872	9	17	29	0.3
id-15873	6	7	20	0.4
id-15874	1	2	20	0.2
id-15875	6	12	16	0.2
id-15876	9	2	5	0.4
id-15877	1	2	24	0.3
id-15878	3	5	11	0.3
id-15879	10	3	19	0.4
id-15880	5	10	9	0.3
id-15881	4	6	3	0.4
id-15882	6	6	20	0.4
id-15883	9	13	8	0.5
id-15884	4	8	7	0.4
id-15885	5	3	27	0.4
id-15886	5	3	18	0.4
id-15887	2	2	2	0.5
id-15888	9	16	12	0.4
id-15889	3	4	9	0.3
id-15890	10	15	28	0.2
id-15891	7	9	9	0.3
id-15892	6	7	26	0.4
id-15893	8	12	11	0.3
id-15894	2	4	21	0.4
id-15895	7	7	28	0.3
id-15896	4	8	6	0.4
id-15897	4	8	3	0.3
id-15898	7	5	4	0.5
id-15899	5	9	12	0.4
id-15900	6	2	17	0.4
id-15901	9	11	2	0.5
id-15902	2	3	24	0.2
id-15903	1	2	6	0.3
id-15904	5	8	25	0.3
id-15905	3	5	13	0.4
id-15906	2	3	9	0.5
id-15907	4	7	26	0.4
id-15908	2	4	12	0.3
id-15909	4	8	26	0.3
id-15910	9	2	26	0.2
id-15911	7	6	14	0.4
id-15912	7	2	3	0.4
id-15913	10	17	3	0.4
id-15914	8	14	5	0.3
id-15915	9	13	8	0.2
id-15916	9	2	30	0.5
id-15917	2	4	4	0.3
id-15918	5	6	28	0.2
id-15919	3	2	25	0.3
id-15920	7	8	18	0.3
id-15921	9	5	20	0.5
id-15922	10	5	2	0.4
id-15923	1	2	15	0.4
id-15924	1	2	22	0.3
id-15925	5	3	20	0.3
id-15926	9	14	6	0.3
id-15927	7	11	10	0.5
id-15928	6	8	14	0.4
id-15929	8	11	30	0.2
id-15930	8	5	23	0.5
id-15931	9	15	28	0.2
id-15932	1	2	19	0.2
id-15933	10	4	6	0.2
id-15934	10	8	3	0.3
id-15935	5	9	15	0.5
id-15936	6	5	14	0.5
id-15937	5	2	19	0.2
id-15938	9	11	29	0.5
id-15939	7	11	17	0.4
id-15940	1	2	21	0.4
id-15941	2	4	15	0.5
id-15942	1	2	15	0.2
id-15943	1	2	2	0.4
id-15944	2	3	4	0.2
id-15945	3	5	24	0.3
id-15946	4	2	2	0.3
id-15947	2	2	20	0.3
id-15948	1	2	5	0.3
id-15949	10	19	4	0.5
id-15950	1	2	16	0.4
id-15951	9	8	29	0.5
id-15952	1	2	20	0.4
id-15953	9	16	10	0.4
id-15954	1	2	20	0.5
id-15955	7	9	27	0.5
id-15956	10	19	14	0.3
id-15957	4	8	22	0.4
id-15958	2	2	7	0.3
id-15959	2	2	20	0.5
id-15960	5	8	24	0.4
id-15961	4	8	10	0.2
id-15962	2	3	19	0.2
id-15963	10	9	13	0.3
id-15964	6	8	11	0.4
id-15965	8	16	25	0.4
id-15966	10	17	11	0.3
id-15967	8	6	11	0.3
id-15968	9	15	7	0.4
id-15969	7	4	24	0.4
id-15970	5	9	24	0.5
id-15971	7	8	27	0.4
id-15972	2	3	28	0.3
id-15973	3	6	6	0.3
id-15974	7	6	21	0.3
id-15975	4	5	27	0.3
id-15976	10	4	7	0.4
id-15977	6	6	20	0.2
id-15978	7	14	7	0.4
id-15979	2	4	22	0.4
id-15980	10	9	11	0.3
id-15981	10	16	13	0.3
id-15982	10	14	16	0.5
id-15983	2	3	15	0.2
id-15984	7	14	10	0.3
id-15985	6	4	15	0.3
id-15986	9	10	23	0.5
id-15987	6	6	12	0.4
id-15988	4	7	20	0.3
id-15989	2	3	15	0.5
id-15990	2	4	9	0.2
id-15991	8	4	8	0.3
id-15992	5	5	7	0.5
id-15993	7	9	27	0.3
id-15994	7	14	8	0.4
id-15995	1	2	12	0.3
id-15996	6	3	19	0.3
id-15997	9	4	29	0.4
id-15998	6	4	21	0.2
id-15999	1	2	3	0.3
id-16000	5	4	18	0.3
id-16001	2	4	30	0.3
id-16002	6	6	13	0.4
id-16003	7	3	25	0.4
id-16004	4	5	19	0.5
id-16005	5	6	19	0.4
id-16006	9	15	10	0.5
id-16007	7	6	19	0.3
id-16008	9	8	1	0.3
id-16009	8	10	13	0.3
id-16010	6	7	27	0.3
id-16011	3	6	20	0.3
id-16012	10	18	8	0.4
id-16013	4	8	28	0.3
id-16014	3	5	23	0.3
id-16015	6	3	28	0.3
id-16016	3	3	30	0.3
id-16017	8	3	8	0.5
id-16018	10	13	5	0.3
id-16019	8	7	22	0.3
id-16020	3	5	9	0.5
id-16021	8	13	14	0.2
id-16022	5	9	6	0.2
id-16023	6	6	21	0.3
id-16024	7	8	28	0.3
id-16025	9	16	4	0.3
id-16026	10	6	24	0.4
id-16027	2	4	28	0.4
id-16028	1	2	28	0.4
id-16029	1	2	12	0.3
id-16030	9	4	26	0.2
id-16031	8	9	2	0.3
id-16032	9	9	5	0.4
id-16033	5	4	23	0.3
id-16034	4	7	17	0.2
id-16035	5	2	23	0.4
id-16036	2	2	11	0.4
id-16037	10	2	2	0.4
id-16038	7	7	9	0.3
id-16039	10	8	5	0.2
id-16040	2	4	28	0.4
id-16041	6	6	28	0.5
id-16042	3	3	6	0.2
id-16043	5	9	4	0.5
id-16044	10	16	2	0.2
id-16045	4	3	25	0.3
id-16046	7	10	1	0.3
id-16047	7	5	28	0.3
id-16048	2	4	5	0.3
id-16049	5	10	18	0.3
id-16050	1	2	14	0.3
id-16051	8	4	11	0.4
id-16052	1	2	10	0.2
id-16053	5	4	10	0.2
id-16054	9	17	6	0.3
id-16055	3	5	7	0.4
id-16056	7	2	12	0.4
id-16057	10	2	15	0.3
id-16058	6	10	28	0.4
id-16059	9	12	22	0.5
id-16060	8	6	20	0.4
id-16061	10	3	5	0.3
id-16062	10	9	25	0.3
id-16063	10	5	10	0.4
id-16064	3	2	23	0.4
id-16065	9	4	1	0.5
id-16066	4	3	29	0.4
id-16067	10	13	2	0.4
id-16068	7	11	14	0.3
id-16069	10	17	21	0.4
id-16070	6	4	3	0.2
id-16071	8	14	17	0.5
id-16072	5	7	19	0.4
id-16073	5	7	25	0.2
id-16074	5	8	13	0.4
id-16075	10	18	1	0.5
id-16076	4	7	9	0.4
id-16077	6	12	24	0.5
id-16078	5	10	22	0.3
id-16079	7	14	16	0.2
id-16080	10	15	24	0.3
id-16081	2	2	22	0.4
id-16082	5	4	1	0.5
id-16083	9	8	15	0.4
id-16084	6	12	30	0.3
id-16085	8	5	28	0.5
id-16086	6	9	12	0.4
id-16087	9	11	13	0.4
id-16088	7	11	17	0.4
id-16089	8	8	14	0.4
id-16090	1	2	3	0.4
id-16091	9	14	30	0.4
id-16092	3	6	2	0.2
id-16093	6	6	12	0.4
id-16094	2	3	5	0.3
id-16095	4	8	24	0.4
id-16096	7	4	4	0.4
id-16097	3	5	16	0.5
id-16098	2	3	17	0.4
id-16099	6	2	2	0.3
id-16100	1	2	30	0.3
id-16101	6	3	30	0.3
id-16102	8	6	14	0.3
id-16103	8	15	3	0.5
id-16104	10	5	20	0.4
id-16105	1	2	6	0.3
id-16106	5	8	12	0.3
id-16107	9	7	22	0.4
id-16108	6	9	5	0.4
id-16109	4	7	14	0.3
id-16110	3	6	30	0.4
id-16111	6	4	27	0.3
id-16112	3	4	23	0.4
id-16113	5	8	21	0.3
id-16114	4	3	18	0.4
id-16115	10	8	5	0.5
id-16116	8	7	22	0.3
id-16117	6	7	5	0.4
id-16118	5	4	9	0.5
id-16119	7	14	10	0.3
id-16120	1	2	24	0.3
id-16121	10	18	24	0.4
id-16122	7	3	5	0.4
id-16123	4	3	25	0.4
id-16124	6	6	15	0.2
id-16125	2	2	9	0.4
id-16126	5	10	23	0.3
id-16127	9	12	30	0.2
id-16128	7	2	10	0.2
id-16129	9	2	4	0.5
id-16130	3	2	15	0.3
id-16131	9	14	28	0.4
id-16132	9	6	29	0.4
id-16133	4	4	14	0.3
id-16134	3	4	6	0.4
id-16135	1	2	18	0.4
id-16136	3	4	16	0.3
id-16137	9	6	21	0.2
id-16138	5	5	4	0.3
id-16139	1	2	24	0.2
id-16140	3	3	16	0.4
id-16141	5	10	24	0.3
id-16142	5	3	23	0.3
id-16143	5	2	15	0.2
id-16144	1	2	9	0.5
id-16145	1	2	22	0.3
id-16146	8	16	25	0.2
id-16147	6	2	1	0.4
id-16148	10	3	24	0.3
id-16149	1	2	1	0.2
id-16150	5	4	19	0.4
id-16151	9	16	27	0.3
id-16152	6	10	4	0.5
id-16153	3	4	11	0.5
id-16154	9	16	22	0.5
id-16155	10	7	27	0.4
id-16156	3	5	24	0.4
id-16157	6	11	4	0.3
id-16158	4	7	10	0.4
id-16159	5	6	22	0.3
id-16160	1	2	22	0.4
id-16161	1	2	1	0.4
id-16162	10	3	2	0.4
id-16163	4	7	5	0.2
id-16164	3	2	28	0.2
id-16165	1	2	5	0.4
id-16166	3	3	23	0.3
id-16167	2	3	22	0.4
id-16168	5	6	4	0.3
id-16169	6	9	22	0.3
id-16170	1	2	1	0.2
id-16171	8	3	18	0.4
id-16172	7	9	15	0.3
id-16173	8	9	4	0.2
id-16174	5	7	17	0.5
id-16175	9	7	5	0.2
id-16176	7	11	17	0.5
id-16177	4	2	28	0.4
id-16178	8	13	13	0.2
id-16179	1	2	3	0.3
id-16180	10	16	8	0.4
id-16181	6	10	30	0.4
id-16182	4	7	25	0.4
id-16183	1	2	27	0.4
id-16184	1	2	30	0.2
id-16185	8	6	8	0.2
id-16186	1	2	20	0.5
id-16187	9	12	13	0.2
id-16188	2	2	6	0.3
id-16189	7	13	14	0.2
id-16190	3	4	20	0.5
id-16191	2	3	25	0.4
id-16192	10	4	20	0.3
id-16193	3	5	2	0.2
id-16194	10	11	15	0.4
id-16195	7	10	6	0.4
id-16196	3	5	15	0.4
id-16197	8	9	18	0.4
id-16198	1	2	30	0.3
id-16199	4	7	1	0.3
id-16200	9	8	30	0.3
id-16201	8	11	6	0.2
id-16202	7	4	2	0.2
id-16203	7	2	24	0.3
id-16204	8	16	2	0.3
id-16205	1	2	22	0.5
id-16206	7	4	30	0.5
id-16207	7	13	8	0.2
id-16208	2	4	5	0.2
id-16209	10	13	22	0.3
id-16210	6	3	21	0.5
id-16211	6	12	26	0.4
id-16212	7	5	3	0.4
id-16213	5	8	27	0.3
id-16214	1	2	13	0.4
id-16215	5	5	11	0.4
id-16216	5	3	29	0.3
id-16217	3	4	29	0.4
id-16218	6	4	21	0.3
id-16219	10	17	23	0.3
id-16220	6	11	15	0.3
id-16221	9	7	18	0.5
id-16222	3	3	13	0.5
id-16223	1	2	7	0.3
id-16224	5	5	5	0.4
id-16225	3	2	2	0.3
id-16226	4	6	14	0.5
id-16227	3	3	16	0.4
id-16228	10	11	16	0.4
id-16229	8	10	6	0.3
id-16230	6	8	22	0.3
id-16231	10	3	4	0.5
id-16232	3	3	9	0.4
id-16233	6	10	2	0.4
id-16234	3	5	15	0.5
id-16235	2	3	18	0.5
id-16236	7	12	20	0.5
id-16237	1	2	2	0.3
id-16238	6	8	17	0.4
id-16239	6	5	22	0.2
id-16240	1	2	24	0.2
id-16241	7	9	14	0.4
id-16242	8	3	24	0.2
id-16243	9	6	19	0.3
id-16244	3	2	1	0.3
id-16245	5	3	6	0.3
id-16246	9	10	22	0.5
id-16247	6	5	30	0.4
id-16248	6	8	16	0.4
id-16249	7	6	15	0.4
id-16250	9	2	11	0.3
id-16251	8	5	10	0.3
id-16252	1	2	5	0.2
id-16253	5	7	6	0.3
id-16254	3	4	16	0.4
id-16255	8	4	30	0.2
id-16256	5	10	26	0.4
id-16257	8	15	21	0.3
id-16258	10	13	26	0.5
id-16259	1	2	9	0.4
id-16260	9	13	4	0.2
id-16261	2	3	22	0.4
id-16262	6	11	29	0.3
id-16263	6	8	1	0.3
id-16264	10	20	8	0.4
id-16265	1	2	23	0.4
id-16266	7	8	17	0.4
id-16267	7	5	17	0.4
id-16268	9	18	24	0.2
id-16269	2	4	4	0.2
id-16270	10	15	24	0.5
id-16271	8	3	13	0.4
id-16272	8	9	4	0.3
id-16273	2	2	7	0.3
id-16274	4	4	26	0.4
id-16275	10	15	27	0.2
id-16276	2	2	10	0.4
id-16277	6	10	26	0.4
id-16278	7	9	25	0.5
id-16279	9	9	12	0.4
id-16280	2	3	18	0.3
id-16281	1	2	17	0.5
id-16282	1	2	6	0.5
id-16283	4	5	10	0.4
id-16284	5	2	4	0.4
id-16285	10	20	10	0.3
id-16286	5	2	28	0.2
id-16287	7	14	15	0.4
id-16288	1	2	23	0.3
id-16289	7	10	30	0.4
id-16290	2	4	13	0.3
id-16291	1	2	20	0.4
id-16292	4	2	1	0.2
id-16293	9	13	11	0.5
id-16294	5	2	1	0.3
id-16295	5	7	17	0.3
id-16296	3	3	6	0.4
id-16297	10	14	30	0.4
id-16298	8	3	25	0.4
id-16299	9	3	26	0.5
id-16300	5	4	13	0.2
id-16301	1	2	20	0.3
id-16302	2	4	15	0.2
id-16303	1	2	25	0.4
id-16304	4	2	18	0.2
id-16305	10	12	12	0.3
id-16306	7	7	10	0.5
id-16307	9	13	11	0.3
id-16308	9	12	28	0.5
id-16309	5	7	6	0.3
id-16310	7	2	25	0.4
id-16311	3	2	19	0.2
id-16312	3	4	8	0.2
id-16313	9	12	9	0.5
id-16314	4	7	23	0.4
id-16315	9	17	13	0.2
id-16316	6	4	11	0.5
id-16317	9	6	30	0.4
id-16318	8	7	9	0.5
id-16319	1	2	7	0.3
id-16320	1	2	17	0.5
id-16321	5	4	15	0.3
id-16322	3	3	16	0.3
id-16323	2	2	4	0.3
id-16324	1	2	27	0.3
id-16325	3	4	12	0.3
id-16326	2	4	3	0.4
id-16327	3	4	28	0.2
id-16328	6	11	12	0.2
id-16329	5	8	19	0.3
id-16330	3	2	7	0.3
id-16331	3	5	5	0.2
id-16332	7	14	8	0.4
id-16333	8	10	23	0.3
id-16334	2	4	10	0.3
id-16335	1	2	5	0.2
id-16336	10	17	19	0.4
id-16337	3	2	2	0.3
id-16338	10	12	5	0.3
id-16339	1	2	9	0.4
id-16340	6	5	21	0.3
id-16341	5	10	14	0.3
id-16342	6	4	7	0.3
id-16343	9	9	10	0.4
id-16344	7	6	29	0.2
id-16345	3	2	1	0.2
id-16346	9	14	27	0.2
id-16347	2	2	4	0.3
id-16348	3	3	3	0.2
id-16349	8	9	27	0.4
id-16350	9	9	2	0.5
id-16351	5	6	2	0.3
id-16352	9	13	8	0.2
id-16353	7	9	15	0.5
id-16354	3	6	3	0.3
id-16355	8	3	21	0.2
id-16356	8	9	21	0.2
id-16357	2	3	7	0.5
id-16358	10	7	18	0.4
id-16359	8	16	21	0.2
id-16360	8	5	24	0.3
id-16361	1	2	17	0.4
id-16362	10	16	17	0.3
id-16363	6	7	10	0.3
id-16364	5	3	23	0.2
id-16365	8	5	6	0.3
id-16366	10	10	29	0.5
id-16367	7	3	21	0.4
id-16368	5	7	26	0.4
id-16369	8	16	27	0.2
id-16370	6	4	2	0.3
id-16371	7	12	4	0.3
id-16372	10	13	3	0.3
id-16373	6	6	8	0.4
id-16374	7	6	21	0.4
id-16375	3	6	5	0.4
id-16376	9	8	7	0.4
id-16377	4	4	11	0.3
id-16378	10	13	2	0.4
id-16379	3	3	18	0.4
id-16380	5	5	14	0.4
id-16381	10	13	30	0.2
id-16382	2	4	2	0.4
id-16383	4	5	23	0.4
id-16384	6	10	12	0.4
id-16385	5	7	6	0.3
id-16386	1	2	13	0.5
id-16387	8	16	7	0.4
id-16388	5	9	22	0.2
id-16389	8	13	16	0.5
id-16390	3	4	27	0.4
id-16391	5	5	4	0.2
id-16392	5	7	4	0.4
id-16393	4	2	20	0.3
id-16394	1	2	4	0.3
id-16395	10	16	26	0.3
id-16396	7	6	13	0.4
id-16397	9	17	9	0.5
id-16398	6	2	10	0.3
id-16399	9	4	7	0.5
id-16400	1	2	9	0.2
id-16401	1	2	19	0.3
id-16402	1	2	16	0.3
id-16403	2	4	21	0.2
id-16404	7	2	19	0.3
id-16405	6	4	21	0.4
id-16406	9	16	22	0.3
id-16407	7	7	4	0.2
id-16408	4	4	8	0.2
id-16409	4	2	8	0.3
id-16410	2	2	28	0.4
id-16411	8	4	23	0.5
id-16412	4	8	23	0.2
id-16413	1	2	27	0.3
id-16414	3	2	19	0.2
id-16415	1	2	23	0.4
id-16416	4	5	9	0.4
id-16417	8	7	13	0.3
id-16418	2	3	11	0.3
id-16419	9	15	8	0.4
id-16420	1	2	16	0.2
id-16421	4	3	29	0.3
id-16422	7	14	13	0.4
id-16423	1	2	25	0.4
id-16424	9	16	17	0.4
id-16425	8	2	21	0.3
id-16426	6	5	9	0.4
id-16427	8	6	26	0.2
id-16428	6	3	7	0.4
id-16429	7	14	18	0.3
id-16430	4	6	30	0.3
id-16431	2	2	3	0.3
id-16432	7	2	12	0.5
id-16433	3	2	7	0.3
id-16434	9	10	23	0.3
id-16435	1	2	15	0.3
id-16436	2	3	6	0.5
id-16437	2	2	25	0.4
id-16438	3	3	21	0.5
id-16439	1	2	19	0.5
id-16440	7	14	30	0.3
id-16441	7	6	20	0.4
id-16442	4	2	23	0.4
id-16443	1	2	19	0.4
id-16444	3	6	12	0.4
id-16445	9	2	16	0.4
id-16446	1	2	26	0.3
id-16447	4	7	8	0.4
id-16448	4	4	14	0.4
id-16449	7	2	6	0.4
id-16450	9	11	25	0.4
id-16451	10	16	5	0.4
id-16452	9	13	10	0.4
id-16453	8	6	16	0.3
id-16454	4	2	26	0.3
id-16455	3	3	7	0.5
id-16456	6	6	11	0.4
id-16457	3	2	29	0.2
id-16458	5	7	2	0.4
id-16459	3	4	19	0.3
id-16460	10	20	11	0.4
id-16461	8	16	15	0.5
id-16462	6	7	24	0.3
id-16463	3	5	8	0.2
id-16464	3	3	27	0.4
id-16465	3	4	24	0.3
id-16466	7	5	19	0.4
id-16467	5	7	8	0.3
id-16468	1	2	28	0.5
id-16469	9	6	7	0.3
id-16470	3	2	2	0.3
id-16471	6	9	6	0.2
id-16472	9	9	14	0.2
id-16473	1	2	22	0.4
id-16474	9	9	21	0.2
id-16475	3	4	16	0.4
id-16476	9	5	16	0.5
id-16477	10	18	24	0.3
id-16478	10	4	18	0.3
id-16479	3	6	7	0.5
id-16480	3	2	1	0.4
id-16481	8	2	19	0.3
id-16482	8	8	21	0.4
id-16483	5	10	14	0.3
id-16484	8	16	16	0.4
id-16485	7	12	4	0.4
id-16486	10	3	12	0.3
id-16487	2	2	26	0.5
id-16488	6	7	30	0.5
id-16489	5	8	22	0.3
id-16490	6	10	28	0.5
id-16491	4	7	14	0.3
id-16492	9	13	5	0.3
id-16493	2	3	26	0.5
id-16494	6	3	19	0.4
id-16495	6	5	15	0.3
id-16496	4	8	21	0.3
id-16497	10	4	13	0.5
id-16498	2	2	28	0.5
id-16499	3	2	10	0.3
id-16500	5	10	21	0.4
id-16501	7	12	28	0.4
id-16502	9	14	15	0.5
id-16503	6	2	6	0.4
id-16504	10	3	17	0.5
id-16505	2	2	22	0.2
id-16506	3	5	4	0.3
id-16507	9	15	15	0.4
id-16508	4	4	27	0.4
id-16509	4	3	29	0.4
id-16510	9	3	3	0.3
id-16511	9	8	16	0.5
id-16512	7	7	3	0.3
id-16513	10	13	5	0.2
id-16514	2	3	4	0.4
id-16515	9	2	24	0.4
id-16516	2	3	27	0.4
id-16517	7	5	5	0.3
id-16518	1	2	8	0.2
id-16519	5	5	16	0.5
id-16520	7	7	3	0.4
id-16521	8	2	17	0.3
id-16522	1	2	21	0.5
id-16523	9	3	28	0.3
id-16524	6	6	15	0.3
id-16525	6	9	18	0.4
id-16526	9	9	20	0.3
id-16527	7	14	23	0.5
id-16528	7	10	11	0.4
id-16529	3	2	7	0.3
id-16530	7	7	22	0.5
id-16531	8	12	12	0.3
id-16532	1	2	23	0.4
id-16533	1	2	11	0.2
id-16534	9	5	27	0.3
id-16535	4	4	12	0.3
id-16536	2	4	8	0.4
id-16537	3	4	14	0.4
id-16538	4	3	18	0.3
id-16539	8	12	24	0.3
id-16540	4	5	18	0.5
id-16541	6	9	28	0.3
id-16542	5	2	12	0.3
id-16543	4	7	7	0.3
id-16544	3	2	15	0.3
id-16545	9	3	27	0.4
id-16546	8	5	2	0.4
id-16547	2	2	7	0.2
id-16548	3	5	13	0.4
id-16549	7	3	9	0.2
id-16550	1	2	30	0.4
id-16551	3	6	20	0.5
id-16552	2	3	4	0.4
id-16553	3	4	11	0.3
id-16554	5	2	24	0.2
id-16555	6	10	24	0.4
id-16556	6	4	16	0.3
id-16557	6	7	5	0.3
id-16558	3	5	30	0.4
id-16559	1	2	4	0.4
id-16560	4	4	4	0.2
id-16561	3	5	30	0.4
id-16562	6	2	1	0.4
id-16563	6	6	28	0.4
id-16564	1	2	9	0.4
id-16565	5	10	5	0.5
id-16566	10	16	2	0.5
id-16567	2	2	7	0.2
id-16568	3	4	13	0.3
id-16569	2	2	15	0.3
id-16570	2	4	28	0.3
id-16571	6	4	26	0.3
id-16572	4	7	11	0.3
id-16573	7	2	30	0.4
id-16574	10	17	16	0.5
id-16575	2	2	16	0.5
id-16576	7	2	28	0.5
id-16577	6	10	16	0.2
id-16578	1	2	29	0.3
id-16579	10	4	25	0.5
id-16580	7	11	3	0.4
id-16581	6	8	29	0.4
id-16582	5	4	29	0.2
id-16583	4	8	20	0.2
id-16584	8	3	26	0.3
id-16585	10	10	14	0.4
id-16586	1	2	14	0.4
id-16587	5	6	30	0.4
id-16588	1	2	21	0.3
id-16589	1	2	22	0.5
id-16590	4	6	25	0.3
id-16591	8	5	17	0.4
id-16592	8	13	23	0.4
id-16593	8	4	20	0.4
id-16594	7	4	30	0.3
id-16595	8	14	29	0.5
id-16596	9	5	24	0.3
id-16597	1	2	14	0.4
id-16598	8	6	22	0.3
id-16599	8	13	14	0.4
id-16600	4	2	13	0.3
id-16601	3	4	2	0.3
id-16602	1	2	19	0.4
id-16603	8	16	15	0.3
id-16604	3	5	16	0.3
id-16605	10	16	4	0.4
id-16606	2	2	12	0.4
id-16607	2	4	6	0.5
id-16608	9	10	14	0.3
id-16609	10	18	16	0.3
id-16610	3	6	6	0.3
id-16611	6	3	13	0.3
id-16612	8	2	29	0.4
id-16613	9	13	14	0.4
id-16614	9	2	4	0.3
id-16615	2	3	6	0.2
id-16616	4	4	2	0.5
id-16617	2	2	7	0.5
id-16618	2	3	24	0.3
id-16619	5	8	23	0.4
id-16620	2	3	5	0.4
id-16621	9	12	19	0.4
id-16622	2	3	6	0.4
id-16623	6	10	20	0.5
id-16624	10	14	7	0.2
id-16625	6	9	29	0.4
id-16626	5	8	29	0.5
id-16627	1	2	30	0.4
id-16628	1	2	9	0.2
id-16629	5	4	14	0.2
id-16630	10	10	11	0.4
id-16631	4	7	8	0.2
id-16632	5	4	9	0.5
id-16633	2	3	14	0.3
id-16634	10	8	22	0.4
id-16635	3	4	14	0.3
id-16636	7	2	19	0.3
id-16637	9	10	13	0.4
id-16638	5	5	17	0.5
id-16639	2	4	7	0.2
id-16640	7	10	27	0.4
id-16641	9	17	16	0.2
id-16642	1	2	18	0.4
id-16643	7	7	7	0.4
id-16644	1	2	14	0.2
id-16645	4	7	3	0.4
id-16646	9	4	25	0.2
id-16647	8	6	18	0.3
id-16648	6	2	30	0.3
id-16649	9	15	13	0.3
id-16650	6	9	21	0.3
id-16651	2	2	8	0.4
id-16652	6	3	8	0.3
id-16653	4	6	9	0.4
id-16654	7	7	8	0.4
id-16655	3	2	7	0.4
id-16656	3	5	16	0.5
id-16657	9	18	17	0.3
id-16658	6	11	14	0.3
id-16659	6	6	4	0.2
id-16660	10	11	30	0.3
id-16661	2	3	17	0.3
id-16662	8	12	15	0.3
id-16663	1	2	7	0.4
id-16664	9	9	3	0.5
id-16665	5	7	28	0.2
id-16666	4	4	26	0.4
id-16667	6	5	5	0.2
id-16668	7	4	14	0.3
id-16669	9	9	29	0.5
id-16670	7	2	4	0.4
id-16671	9	2	26	0.2
id-16672	5	2	12	0.4
id-16673	3	6	5	0.3
id-16674	9	18	27	0.5
id-16675	3	5	15	0.5
id-16676	3	3	4	0.3
id-16677	6	3	13	0.4
id-16678	1	2	22	0.4
id-16679	7	6	13	0.3
id-16680	2	4	5	0.3
id-16681	8	4	21	0.4
id-16682	4	2	3	0.5
id-16683	9	6	17	0.4
id-16684	2	3	22	0.3
id-16685	2	3	27	0.3
id-16686	2	4	17	0.3
id-16687	1	2	22	0.4
id-16688	1	2	3	0.4
id-16689	2	2	18	0.2
id-16690	3	5	6	0.3
id-16691	6	12	3	0.3
id-16692	6	5	24	0.5
id-16693	6	8	12	0.4
id-16694	9	5	14	0.2
id-16695	5	2	9	0.2
id-16696	7	2	4	0.2
id-16697	6	5	5	0.3
id-16698	4	3	19	0.3
id-16699	2	2	28	0.4
id-16700	5	7	30	0.3
id-16701	8	3	14	0.2
id-16702	8	10	15	0.5
id-16703	9	13	25	0.5
id-16704	2	4	17	0.2
id-16705	10	6	4	0.4
id-16706	10	12	23	0.4
id-16707	5	9	3	0.2
id-16708	8	16	27	0.4
id-16709	3	3	16	0.5
id-16710	1	2	22	0.3
id-16711	2	4	21	0.5
id-16712	1	2	10	0.5
id-16713	7	14	5	0.3
id-16714	5	10	26	0.3
id-16715	2	3	29	0.4
id-16716	1	2	25	0.2
id-16717	3	3	20	0.3
id-16718	3	3	14	0.4
id-16719	10	8	14	0.4
id-16720	6	7	27	0.3
id-16721	6	12	14	0.4
id-16722	10	9	14	0.3
id-16723	9	3	10	0.2
id-16724	1	2	25	0.3
id-16725	4	3	7	0.4
id-16726	7	8	16	0.5
id-16727	6	7	3	0.4
id-16728	6	3	11	0.3
id-16729	9	15	18	0.3
id-16730	4	4	6	0.3
id-16731	1	2	22	0.4
id-16732	9	8	12	0.3
id-16733	8	11	18	0.5
id-16734	7	6	16	0.3
id-16735	2	4	12	0.5
id-16736	10	11	23	0.3
id-16737	5	6	30	0.2
id-16738	10	19	12	0.4
id-16739	2	4	6	0.3
id-16740	6	10	24	0.5
id-16741	5	10	7	0.3
id-16742	9	17	15	0.5
id-16743	4	5	8	0.5
id-16744	9	6	12	0.2
id-16745	5	8	25	0.3
id-16746	8	10	7	0.3
id-16747	8	4	28	0.3
id-16748	2	4	18	0.4
id-16749	6	12	22	0.3
id-16750	6	3	3	0.5
id-16751	5	9	14	0.4
id-16752	6	8	8	0.2
id-16753	3	5	1	0.2
id-16754	3	3	8	0.2
id-16755	3	3	7	0.3
id-16756	3	3	13	0.4
id-16757	4	4	7	0.5
id-16758	1	2	15	0.3
id-16759	9	3	2	0.4
id-16760	7	12	11	0.4
id-16761	1	2	10	0.2
id-16762	5	3	2	0.2
id-16763	2	2	25	0.2
id-16764	1	2	20	0.5
id-16765	1	2	15	0.4
id-16766	3	2	1	0.5
id-16767	6	9	28	0.4
id-16768	10	13	19	0.5
id-16769	7	6	12	0.3
id-16770	4	8	27	0.5
id-16771	8	12	23	0.5
id-16772	4	2	23	0.4
id-16773	5	9	28	0.3
id-16774	8	3	15	0.4
id-16775	5	9	19	0.3
id-16776	6	12	16	0.2
id-16777	2	2	26	0.4
id-16778	2	3	4	0.5
id-16779	2	4	7	0.2
id-16780	3	6	15	0.3
id-16781	4	4	9	0.3
id-16782	9	2	3	0.2
id-16783	3	4	5	0.3
id-16784	3	3	20	0.4
id-16785	2	4	18	0.4
id-16786	4	5	1	0.4
id-16787	9	10	26	0.2
id-16788	5	5	2	0.3
id-16789	9	18	5	0.5
id-16790	3	3	2	0.4
id-16791	8	14	20	0.3
id-16792	9	8	13	0.2
id-16793	4	3	28	0.3
id-16794	2	2	25	0.3
id-16795	7	2	8	0.4
id-16796	10	10	22	0.3
id-16797	1	2	28	0.3
id-16798	7	6	8	0.5
id-16799	5	8	13	0.2
id-16800	2	4	8	0.4
id-16801	5	10	27	0.4
id-16802	9	7	4	0.4
id-16803	6	4	17	0.2
id-16804	9	5	26	0.4
id-16805	8	8	6	0.3
id-16806	2	4	2	0.3
id-16807	5	7	18	0.2
id-16808	6	5	5	0.5
id-16809	8	15	3	0.2
id-16810	3	2	9	0.3
id-16811	6	3	6	0.4
id-16812	6	6	19	0.4
id-16813	1	2	16	0.3
id-16814	10	10	26	0.4
id-16815	10	9	29	0.3
id-16816	7	9	3	0.4
id-16817	3	4	3	0.4
id-16818	9	4	5	0.5
id-16819	9	13	28	0.2
id-16820	4	7	24	0.3
id-16821	7	7	25	0.4
id-16822	4	5	24	0.4
id-16823	3	3	8	0.3
id-16824	10	10	18	0.4
id-16825	8	15	2	0.2
id-16826	3	2	6	0.3
id-16827	5	3	26	0.2
id-16828	3	6	29	0.4
id-16829	2	3	11	0.3
id-16830	9	6	25	0.3
id-16831	7	4	21	0.3
id-16832	7	6	7	0.4
id-16833	9	9	15	0.4
id-16834	5	10	7	0.2
id-16835	8	10	12	0.4
id-16836	9	17	9	0.4
id-16837	2	4	4	0.3
id-16838	2	4	21	0.5
id-16839	7	5	11	0.3
id-16840	3	3	29	0.5
id-16841	3	2	5	0.4
id-16842	4	8	13	0.3
id-16843	8	12	14	0.4
id-16844	6	5	28	0.4
id-16845	4	4	2	0.2
id-16846	8	8	3	0.4
id-16847	8	13	10	0.5
id-16848	2	3	17	0.4
id-16849	7	10	18	0.2
id-16850	6	7	6	0.4
id-16851	4	8	4	0.2
id-16852	8	15	16	0.2
id-16853	8	8	23	0.4
id-16854	8	15	15	0.4
id-16855	10	15	2	0.4
id-16856	4	4	9	0.5
id-16857	5	9	25	0.5
id-16858	3	6	11	0.4
id-16859	4	3	17	0.3
id-16860	7	11	1	0.3
id-16861	2	3	14	0.2
id-16862	9	9	8	0.3
id-16863	1	2	8	0.5
id-16864	6	10	19	0.4
id-16865	9	7	11	0.3
id-16866	10	4	23	0.2
id-16867	1	2	30	0.3
id-16868	3	2	4	0.5
id-16869	7	14	11	0.3
id-16870	3	3	4	0.4
id-16871	10	19	2	0.4
id-16872	5	9	29	0.4
id-16873	9	14	1	0.3
id-16874	1	2	17	0.4
id-16875	3	2	8	0.5
id-16876	4	4	7	0.4
id-16877	6	12	20	0.5
id-16878	8	16	7	0.4
id-16879	8	6	7	0.3
id-16880	1	2	29	0.3
id-16881	3	4	22	0.3
id-16882	4	5	22	0.5
id-16883	1	2	7	0.3
id-16884	2	2	8	0.2
id-16885	2	4	29	0.2
id-16886	3	3	2	0.4
id-16887	10	11	24	0.5
id-16888	9	8	4	0.4
id-16889	1	2	2	0.4
id-16890	10	3	15	0.4
id-16891	9	2	26	0.4
id-16892	8	7	17	0.4
id-16893	5	7	30	0.4
id-16894	2	2	30	0.5
id-16895	3	3	16	0.4
id-16896	7	13	13	0.4
id-16897	6	5	9	0.4
id-16898	7	2	7	0.5
id-16899	2	4	26	0.4
id-16900	5	5	28	0.4
id-16901	3	6	6	0.2
id-16902	5	3	12	0.3
id-16903	2	4	26	0.4
id-16904	5	6	8	0.2
id-16905	4	5	3	0.3
id-16906	8	10	29	0.3
id-16907	8	3	6	0.5
id-16908	3	5	25	0.4
id-16909	6	12	29	0.3
id-16910	6	3	4	0.4
id-16911	4	3	5	0.5
id-16912	1	2	13	0.5
id-16913	7	8	18	0.4
id-16914	4	5	13	0.2
id-16915	1	2	6	0.4
id-16916	5	9	1	0.5
id-16917	8	4	26	0.4
id-16918	3	6	11	0.3
id-16919	7	9	2	0.4
id-16920	10	18	1	0.4
id-16921	3	6	27	0.3
id-16922	4	5	13	0.4
id-16923	4	5	27	0.5
id-16924	2	3	6	0.5
id-16925	4	5	27	0.4
id-16926	10	8	5	0.4
id-16927	1	2	11	0.4
id-16928	9	10	9	0.5
id-16929	3	3	17	0.3
id-16930	7	3	25	0.4
id-16931	8	7	27	0.3
id-16932	3	6	15	0.3
id-16933	7	14	9	0.2
id-16934	1	2	20	0.5
id-16935	10	12	15	0.3
id-16936	8	7	6	0.4
id-16937	4	2	7	0.2
id-16938	4	5	13	0.4
id-16939	2	2	30	0.2
id-16940	4	4	24	0.3
id-16941	5	8	6	0.4
id-16942	9	3	21	0.3
id-16943	8	13	21	0.5
id-16944	2	2	1	0.3
id-16945	4	2	15	0.5
id-16946	10	13	26	0.4
id-16947	7	3	26	0.4
id-16948	5	6	10	0.3
id-16949	8	2	28	0.4
id-16950	8	7	11	0.2
id-16951	4	7	23	0.4
id-16952	10	9	12	0.5
id-16953	10	14	30	0.2
id-16954	6	12	7	0.3
id-16955	8	6	24	0.4
id-16956	3	4	6	0.4
id-16957	10	6	5	0.3
id-16958	7	13	1	0.3
id-16959	3	3	28	0.5
id-16960	9	15	10	0.3
id-16961	10	6	11	0.5
id-16962	5	4	24	0.5
id-16963	2	4	8	0.5
id-16964	8	6	10	0.2
id-16965	8	4	18	0.3
id-16966	3	4	28	0.5
id-16967	3	3	2	0.3
id-16968	10	15	26	0.5
id-16969	6	12	12	0.2
id-16970	8	7	19	0.4
id-16971	5	10	20	0.4
id-16972	5	2	23	0.4
id-16973	10	3	14	0.3
id-16974	8	15	16	0.4
id-16975	9	14	15	0.3
id-16976	1	2	10	0.5
id-16977	7	12	11	0.4
id-16978	7	8	11	0.4
id-16979	3	5	23	0.3
id-16980	5	4	3	0.3
id-16981	5	5	3	0.4
id-16982	1	2	19	0.3
id-16983	8	4	7	0.3
id-16984	5	7	24	0.3
id-16985	10	10	3	0.2
id-16986	9	18	8	0.5
id-16987	4	8	24	0.4
id-16988	9	12	28	0.5
id-16989	6	10	20	0.3
id-16990	2	4	4	0.2
id-16991	6	11	21	0.2
id-16992	8	11	1	0.3
id-16993	1	2	26	0.4
id-16994	6	7	25	0.3
id-16995	1	2	14	0.2
id-16996	6	10	5	0.3
id-16997	2	2	14	0.4
id-16998	3	5	16	0.3
id-16999	8	14	29	0.2
id-17000	4	5	25	0.3
id-17001	5	4	10	0.4
id-17002	10	12	9	0.4
id-17003	2	3	2	0.4
id-17004	6	5	10	0.2
id-17005	3	5	24	0.3
id-17006	10	16	1	0.4
id-17007	8	14	20	0.3
id-17008	8	9	14	0.4
id-17009	8	14	21	0.3
id-17010	10	9	30	0.4
id-17011	8	10	5	0.3
id-17012	9	18	20	0.3
id-17013	7	3	28	0.2
id-17014	4	2	15	0.3
id-17015	4	8	2	0.4
id-17016	1	2	18	0.3
id-17017	10	7	6	0.2
id-17018	5	6	7	0.3
id-17019	4	2	19	0.3
id-17020	10	2	21	0.4
id-17021	2	4	3	0.5
id-17022	4	7	20	0.4
id-17023	5	9	27	0.3
id-17024	3	5	26	0.5
id-17025	2	3	24	0.4
id-17026	5	10	2	0.2
id-17027	4	7	30	0.3
id-17028	7	2	11	0.4
id-17029	8	13	9	0.3
id-17030	2	3	18	0.5
id-17031	10	20	7	0.3
id-17032	6	10	13	0.3
id-17033	4	8	1	0.3
id-17034	2	4	2	0.2
id-17035	8	15	21	0.4
id-17036	1	2	2	0.4
id-17037	9	11	28	0.5
id-17038	5	5	30	0.4
id-17039	3	5	14	0.5
id-17040	8	11	26	0.3
id-17041	1	2	12	0.4
id-17042	3	2	21	0.4
id-17043	5	6	24	0.4
id-17044	2	4	16	0.2
id-17045	9	5	10	0.5
id-17046	3	3	1	0.5
id-17047	7	7	28	0.2
id-17048	8	9	4	0.5
id-17049	4	5	28	0.5
id-17050	5	7	2	0.5
id-17051	6	11	7	0.2
id-17052	6	3	25	0.4
id-17053	7	6	26	0.4
id-17054	1	2	18	0.2
id-17055	5	8	20	0.5
id-17056	5	2	18	0.2
id-17057	5	9	2	0.3
id-17058	2	2	13	0.5
id-17059	1	2	6	0.5
id-17060	9	7	15	0.5
id-17061	5	9	8	0.3
id-17062	7	12	20	0.4
id-17063	2	4	22	0.5
id-17064	4	4	13	0.4
id-17065	3	2	20	0.2
id-17066	4	5	8	0.3
id-17067	2	3	12	0.4
id-17068	10	9	14	0.2
id-17069	2	3	13	0.3
id-17070	8	9	21	0.4
id-17071	5	5	17	0.5
id-17072	6	4	3	0.4
id-17073	5	7	4	0.2
id-17074	6	7	20	0.3
id-17075	10	7	30	0.3
id-17076	2	2	21	0.4
id-17077	2	4	22	0.5
id-17078	4	8	30	0.4
id-17079	5	10	20	0.4
id-17080	6	10	27	0.2
id-17081	10	16	2	0.2
id-17082	1	2	7	0.3
id-17083	7	7	9	0.4
id-17084	6	9	20	0.3
id-17085	4	2	17	0.4
id-17086	9	13	12	0.5
id-17087	5	2	19	0.2
id-17088	7	5	6	0.3
id-17089	1	2	8	0.3
id-17090	6	2	21	0.3
id-17091	2	3	29	0.3
id-17092	2	2	12	0.4
id-17093	2	3	19	0.2
id-17094	4	3	20	0.2
id-17095	9	13	30	0.5
id-17096	7	7	17	0.3
id-17097	7	9	23	0.4
id-17098	2	4	23	0.2
id-17099	5	5	24	0.3
id-17100	1	2	24	0.3
id-17101	4	6	27	0.4
id-17102	10	15	25	0.3
id-17103	8	16	23	0.4
id-17104	9	15	20	0.3
id-17105	3	3	30	0.5
id-17106	7	8	26	0.2
id-17107	7	10	27	0.3
id-17108	1	2	4	0.3
id-17109	5	3	21	0.5
id-17110	1	2	20	0.3
id-17111	10	14	13	0.3
id-17112	3	5	30	0.4
id-17113	9	4	25	0.4
id-17114	2	3	21	0.4
id-17115	6	7	25	0.5
id-17116	8	9	19	0.3
id-17117	10	11	21	0.3
id-17118	1	2	5	0.4
id-17119	6	9	18	0.2
id-17120	8	16	29	0.3
id-17121	5	8	13	0.4
id-17122	3	2	21	0.3
id-17123	8	11	15	0.3
id-17124	2	2	4	0.4
id-17125	4	6	2	0.2
id-17126	4	6	16	0.5
id-17127	8	15	29	0.4
id-17128	4	5	19	0.3
id-17129	5	6	11	0.3
id-17130	7	5	8	0.3
id-17131	4	3	15	0.4
id-17132	4	5	2	0.3
id-17133	8	13	22	0.3
id-17134	4	3	3	0.3
id-17135	10	15	9	0.4
id-17136	3	4	15	0.3
id-17137	2	4	1	0.4
id-17138	7	4	4	0.3
id-17139	2	4	25	0.4
id-17140	8	15	22	0.4
id-17141	6	7	22	0.4
id-17142	6	8	11	0.4
id-17143	6	3	3	0.3
id-17144	6	7	11	0.4
id-17145	9	9	8	0.3
id-17146	6	9	13	0.3
id-17147	6	11	10	0.4
id-17148	5	5	11	0.4
id-17149	7	12	28	0.5
id-17150	9	3	26	0.2
id-17151	10	7	26	0.3
id-17152	8	9	10	0.4
id-17153	7	9	30	0.2
id-17154	10	15	3	0.5
id-17155	5	7	13	0.4
id-17156	1	2	3	0.4
id-17157	8	9	20	0.4
id-17158	6	8	19	0.4
id-17159	6	12	1	0.3
id-17160	5	6	29	0.2
id-17161	9	4	21	0.3
id-17162	6	8	27	0.5
id-17163	10	13	6	0.4
id-17164	6	12	21	0.2
id-17165	7	8	5	0.4
id-17166	8	16	27	0.4
id-17167	8	8	27	0.2
id-17168	3	4	16	0.4
id-17169	6	4	6	0.5
id-17170	4	8	8	0.2
id-17171	9	17	11	0.3
id-17172	10	13	23	0.4
id-17173	3	4	29	0.5
id-17174	4	6	25	0.4
id-17175	8	12	1	0.3
id-17176	8	9	28	0.3
id-17177	3	5	14	0.3
id-17178	6	12	8	0.3
id-17179	7	7	5	0.2
id-17180	7	11	29	0.4
id-17181	1	2	20	0.3
id-17182	3	3	8	0.4
id-17183	3	2	5	0.4
id-17184	10	18	25	0.3
id-17185	8	16	12	0.4
id-17186	4	6	11	0.3
id-17187	2	4	13	0.4
id-17188	9	13	22	0.4
id-17189	1	2	27	0.3
id-17190	2	4	12	0.4
id-17191	9	8	9	0.4
id-17192	9	15	12	0.4
id-17193	5	7	7	0.3
id-17194	4	2	22	0.3
id-17195	7	11	5	0.3
id-17196	4	4	8	0.3
id-17197	3	4	27	0.5
id-17198	9	18	2	0.4
id-17199	3	6	13	0.2
id-17200	7	7	8	0.2
id-17201	5	6	25	0.5
id-17202	9	15	6	0.3
id-17203	7	7	30	0.3
id-17204	10	12	25	0.4
id-17205	3	3	12	0.4
id-17206	1	2	13	0.4
id-17207	5	7	21	0.2
id-17208	4	4	18	0.4
id-17209	4	2	12	0.3
id-17210	7	13	26	0.5
id-17211	2	4	29	0.3
id-17212	10	9	6	0.2
id-17213	7	10	21	0.4
id-17214	8	14	24	0.3
id-17215	3	6	6	0.3
id-17216	5	8	21	0.2
id-17217	7	3	16	0.4
id-17218	5	3	7	0.4
id-17219	7	9	21	0.3
id-17220	1	2	25	0.5
id-17221	1	2	9	0.3
id-17222	3	2	12	0.5
id-17223	8	13	5	0.4
id-17224	5	10	11	0.5
id-17225	3	6	2	0.4
id-17226	4	4	4	0.3
id-17227	1	2	1	0.3
id-17228	5	6	8	0.3
id-17229	10	15	29	0.4
id-17230	8	16	16	0.5
id-17231	3	2	23	0.4
id-17232	10	20	17	0.2
id-17233	9	2	29	0.3
id-17234	9	8	17	0.2
id-17235	5	5	3	0.4
id-17236	1	2	1	0.4
id-17237	7	3	19	0.3
id-17238	5	3	29	0.3
id-17239	4	3	14	0.4
id-17240	2	2	20	0.2
id-17241	10	14	19	0.2
id-17242	4	3	14	0.4
id-17243	3	4	5	0.4
id-17244	6	7	7	0.4
id-17245	8	8	23	0.3
id-17246	5	10	17	0.2
id-17247	3	2	18	0.5
id-17248	5	2	4	0.5
id-17249	8	9	28	0.2
id-17250	2	4	28	0.4
id-17251	2	4	15	0.5
id-17252	9	18	29	0.4
id-17253	5	4	16	0.3
id-17254	1	2	20	0.2
id-17255	5	6	20	0.5
id-17256	3	2	27	0.3
id-17257	10	5	4	0.4
id-17258	8	3	20	0.5
id-17259	3	3	19	0.2
id-17260	1	2	27	0.3
id-17261	4	7	20	0.4
id-17262	5	10	4	0.4
id-17263	7	10	9	0.4
id-17264	3	4	12	0.3
id-17265	6	6	14	0.4
id-17266	9	13	26	0.4
id-17267	8	6	4	0.3
id-17268	3	3	12	0.4
id-17269	1	2	10	0.2
id-17270	3	3	20	0.2
id-17271	5	4	13	0.4
id-17272	7	2	24	0.2
id-17273	2	2	9	0.5
id-17274	2	2	14	0.5
id-17275	2	4	25	0.3
id-17276	7	2	18	0.4
id-17277	9	5	27	0.4
id-17278	9	4	12	0.2
id-17279	4	7	13	0.4
id-17280	3	5	30	0.3
id-17281	4	7	13	0.5
id-17282	2	3	18	0.2
id-17283	6	12	27	0.5
id-17284	1	2	2	0.5
id-17285	6	6	22	0.5
id-17286	4	2	3	0.4
id-17287	1	2	6	0.2
id-17288	2	3	28	0.4
id-17289	1	2	5	0.4
id-17290	4	6	17	0.4
id-17291	3	6	28	0.2
id-17292	6	7	21	0.5
id-17293	3	5	18	0.5
id-17294	6	12	30	0.3
id-17295	6	6	10	0.5
id-17296	1	2	27	0.2
id-17297	9	12	17	0.3
id-17298	9	5	19	0.4
id-17299	3	4	16	0.3
id-17300	4	6	3	0.5
id-17301	7	2	22	0.2
id-17302	7	13	2	0.3
id-17303	10	13	25	0.3
id-17304	5	9	30	0.5
id-17305	9	8	23	0.4
id-17306	3	3	8	0.3
id-17307	7	14	26	0.4
id-17308	9	15	29	0.2
id-17309	4	8	29	0.3
id-17310	9	9	2	0.5
id-17311	10	13	22	0.2
id-17312	7	4	2	0.4
id-17313	2	2	13	0.4
id-17314	2	2	17	0.2
id-17315	4	2	13	0.3
id-17316	1	2	28	0.3
id-17317	9	3	22	0.4
id-17318	7	12	29	0.5
id-17319	1	2	4	0.3
id-17320	4	2	20	0.2
id-17321	2	3	30	0.4
id-17322	9	7	6	0.3
id-17323	3	6	7	0.2
id-17324	5	2	1	0.3
id-17325	5	9	15	0.3
id-17326	7	8	30	0.4
id-17327	6	10	7	0.2
id-17328	4	3	29	0.2
id-17329	3	6	24	0.2
id-17330	7	2	11	0.3
id-17331	2	3	4	0.3
id-17332	2	2	17	0.4
id-17333	7	4	17	0.3
id-17334	3	5	14	0.3
id-17335	9	3	3	0.4
id-17336	10	6	16	0.2
id-17337	2	4	6	0.3
id-17338	6	2	5	0.2
id-17339	6	4	17	0.3
id-17340	1	2	27	0.4
id-17341	2	3	23	0.3
id-17342	5	3	2	0.4
id-17343	2	3	3	0.2
id-17344	2	4	29	0.4
id-17345	2	4	14	0.4
id-17346	9	11	8	0.4
id-17347	6	5	25	0.3
id-17348	10	2	19	0.4
id-17349	9	15	29	0.4
id-17350	8	13	1	0.4
id-17351	4	2	13	0.4
id-17352	3	6	11	0.3
id-17353	8	15	4	0.4
id-17354	5	10	20	0.2
id-17355	7	5	18	0.4
id-17356	10	20	7	0.5
id-17357	8	10	17	0.2
id-17358	9	13	29	0.3
id-17359	1	2	24	0.4
id-17360	10	5	25	0.2
id-17361	8	7	6	0.4
id-17362	10	18	30	0.3
id-17363	6	3	27	0.5
id-17364	9	7	14	0.3
id-17365	6	7	23	0.2
id-17366	6	4	12	0.3
id-17367	3	3	28	0.4
id-17368	1	2	1	0.3
id-17369	7	7	29	0.2
id-17370	9	7	20	0.4
id-17371	8	2	30	0.4
id-17372	9	4	4	0.3
id-17373	7	4	6	0.3
id-17374	9	4	8	0.3
id-17375	5	8	3	0.4
id-17376	4	4	18	0.4
id-17377	7	5	20	0.4
id-17378	6	12	21	0.2
id-17379	5	10	7	0.3
id-17380	3	4	24	0.5
id-17381	1	2	17	0.3
id-17382	4	5	25	0.3
id-17383	4	8	22	0.4
id-17384	10	4	6	0.2
id-17385	6	9	15	0.4
id-17386	1	2	12	0.2
id-17387	2	4	4	0.4
id-17388	9	7	22	0.5
id-17389	1	2	14	0.5
id-17390	8	8	12	0.5
id-17391	1	2	16	0.5
id-17392	9	7	2	0.4
id-17393	4	8	20	0.3
id-17394	2	3	12	0.3
id-17395	4	4	8	0.3
id-17396	3	3	19	0.2
id-17397	2	4	29	0.2
id-17398	2	2	11	0.3
id-17399	6	4	17	0.3
id-17400	5	6	12	0.3
id-17401	3	4	23	0.2
id-17402	4	2	16	0.3
id-17403	3	2	2	0.3
id-17404	4	4	22	0.3
id-17405	4	2	28	0.2
id-17406	2	4	29	0.4
id-17407	5	4	18	0.4
id-17408	2	4	17	0.3
id-17409	9	9	4	0.4
id-17410	3	6	5	0.3
id-17411	4	4	16	0.5
id-17412	1	2	6	0.4
id-17413	5	3	24	0.4
id-17414	6	8	27	0.4
id-17415	5	8	4	0.3
id-17416	4	5	29	0.4
id-17417	8	6	1	0.4
id-17418	3	6	8	0.3
id-17419	7	4	13	0.4
id-17420	4	6	4	0.2
id-17421	1	2	30	0.4
id-17422	7	3	17	0.5
id-17423	3	5	17	0.4
id-17424	2	3	12	0.4
id-17425	1	2	8	0.4
id-17426	7	12	7	0.2
id-17427	10	11	28	0.3
id-17428	6	4	10	0.5
id-17429	7	2	6	0.4
id-17430	5	7	30	0.4
id-17431	9	15	3	0.2
id-17432	9	12	1	0.5
id-17433	5	5	3	0.4
id-17434	5	5	17	0.3
id-17435	8	7	18	0.2
id-17436	6	11	16	0.2
id-17437	8	2	4	0.3
id-17438	10	15	30	0.4
id-17439	10	18	23	0.3
id-17440	8	16	8	0.4
id-17441	7	9	8	0.4
id-17442	4	6	25	0.4
id-17443	6	10	20	0.3
id-17444	9	13	13	0.4
id-17445	4	7	25	0.5
id-17446	2	4	23	0.4
id-17447	5	4	27	0.4
id-17448	6	2	5	0.2
id-17449	2	3	20	0.3
id-17450	9	7	29	0.4
id-17451	8	6	24	0.5
id-17452	3	5	17	0.3
id-17453	3	2	28	0.2
id-17454	9	2	16	0.3
id-17455	1	2	18	0.4
id-17456	4	4	21	0.2
id-17457	7	2	9	0.4
id-17458	8	4	2	0.3
id-17459	7	3	16	0.3
id-17460	2	4	30	0.3
id-17461	4	6	30	0.4
id-17462	2	3	1	0.3
id-17463	2	2	15	0.5
id-17464	9	10	28	0.4
id-17465	3	6	2	0.3
id-17466	3	4	7	0.3
id-17467	4	6	20	0.4
id-17468	3	3	4	0.2
id-17469	1	2	10	0.4
id-17470	2	3	18	0.3
id-17471	1	2	17	0.5
id-17472	8	2	17	0.2
id-17473	10	3	10	0.4
id-17474	8	12	22	0.4
id-17475	7	10	27	0.5
id-17476	9	6	20	0.3
id-17477	1	2	22	0.2
id-17478	6	6	27	0.4
id-17479	7	6	26	0.4
id-17480	5	8	7	0.4
id-17481	4	5	30	0.3
id-17482	5	4	21	0.2
id-17483	7	4	5	0.5
id-17484	4	7	19	0.2
id-17485	3	4	18	0.3
id-17486	7	14	29	0.2
id-17487	7	6	24	0.3
id-17488	2	2	24	0.3
id-17489	4	6	29	0.3
id-17490	5	3	11	0.5
id-17491	3	4	12	0.2
id-17492	7	8	2	0.4
id-17493	7	6	11	0.3
id-17494	9	15	28	0.3
id-17495	7	5	4	0.2
id-17496	8	4	26	0.3
id-17497	6	10	9	0.4
id-17498	6	2	15	0.5
id-17499	7	5	18	0.4
id-17500	1	2	21	0.5
id-17501	4	8	2	0.2
id-17502	5	8	22	0.3
id-17503	2	4	3	0.4
id-17504	3	2	21	0.5
id-17505	9	16	7	0.3
id-17506	9	8	9	0.3
id-17507	5	7	26	0.4
id-17508	2	3	14	0.4
id-17509	5	4	16	0.4
id-17510	3	5	28	0.2
id-17511	2	4	3	0.4
id-17512	2	2	11	0.4
id-17513	6	7	5	0.4
id-17514	7	13	24	0.5
id-17515	5	5	6	0.3
id-17516	6	5	5	0.3
id-17517	1	2	9	0.4
id-17518	7	10	28	0.4
id-17519	4	2	14	0.3
id-17520	9	12	5	0.5
id-17521	7	13	15	0.3
id-17522	4	3	18	0.3
id-17523	2	4	19	0.5
id-17524	6	3	29	0.4
id-17525	2	3	9	0.4
id-17526	6	12	21	0.4
id-17527	5	5	25	0.2
id-17528	1	2	18	0.4
id-17529	3	3	24	0.5
id-17530	6	10	15	0.4
id-17531	6	9	14	0.5
id-17532	8	5	15	0.2
id-17533	2	2	1	0.3
id-17534	7	14	25	0.2
id-17535	6	12	30	0.3
id-17536	7	7	12	0.3
id-17537	6	9	1	0.4
id-17538	3	6	17	0.3
id-17539	8	3	20	0.5
id-17540	4	2	13	0.2
id-17541	10	19	13	0.2
id-17542	10	20	27	0.4
id-17543	8	16	4	0.4
id-17544	5	4	10	0.2
id-17545	4	7	16	0.4
id-17546	10	6	15	0.5
id-17547	1	2	29	0.2
id-17548	1	2	19	0.2
id-17549	2	2	22	0.4
id-17550	7	10	23	0.4
id-17551	1	2	7	0.3
id-17552	10	4	3	0.5
id-17553	9	16	12	0.5
id-17554	9	2	22	0.2
id-17555	7	14	28	0.3
id-17556	1	2	19	0.2
id-17557	1	2	26	0.3
id-17558	3	4	26	0.4
id-17559	6	7	7	0.5
id-17560	5	10	8	0.5
id-17561	1	2	21	0.5
id-17562	5	9	14	0.5
id-17563	2	4	9	0.5
id-17564	8	3	6	0.3
id-17565	2	4	2	0.3
id-17566	10	5	17	0.5
id-17567	9	13	14	0.3
id-17568	5	8	5	0.5
id-17569	7	6	18	0.4
id-17570	6	4	15	0.4
id-17571	6	2	18	0.2
id-17572	8	4	15	0.3
id-17573	8	11	3	0.5
id-17574	1	2	15	0.4
id-17575	8	6	9	0.2
id-17576	10	18	18	0.4
id-17577	9	17	16	0.3
id-17578	10	6	23	0.4
id-17579	2	3	9	0.4
id-17580	6	3	9	0.5
id-17581	4	4	8	0.3
id-17582	10	9	20	0.3
id-17583	5	10	25	0.2
id-17584	7	10	29	0.5
id-17585	4	3	6	0.3
id-17586	8	5	3	0.2
id-17587	8	11	8	0.2
id-17588	9	18	12	0.2
id-17589	6	12	17	0.5
id-17590	6	2	30	0.4
id-17591	5	2	20	0.4
id-17592	3	3	7	0.3
id-17593	9	10	15	0.2
id-17594	5	6	19	0.3
id-17595	5	2	16	0.2
id-17596	7	9	14	0.5
id-17597	9	9	7	0.3
id-17598	1	2	10	0.5
id-17599	10	14	19	0.5
id-17600	10	10	7	0.2
id-17601	3	2	7	0.5
id-17602	9	3	8	0.4
id-17603	1	2	20	0.4
id-17604	4	2	22	0.3
id-17605	6	7	10	0.5
id-17606	9	6	30	0.4
id-17607	1	2	13	0.4
id-17608	8	8	27	0.5
id-17609	7	10	20	0.3
id-17610	8	10	3	0.2
id-17611	9	4	24	0.3
id-17612	6	3	30	0.3
id-17613	10	9	24	0.4
id-17614	9	11	14	0.5
id-17615	3	4	29	0.4
id-17616	4	4	5	0.3
id-17617	2	3	7	0.4
id-17618	5	9	17	0.5
id-17619	5	5	27	0.2
id-17620	3	4	21	0.3
id-17621	10	13	9	0.5
id-17622	9	5	8	0.4
id-17623	4	2	8	0.5
id-17624	6	3	7	0.3
id-17625	2	3	21	0.4
id-17626	2	4	21	0.4
id-17627	9	10	19	0.2
id-17628	9	7	29	0.3
id-17629	4	3	30	0.3
id-17630	10	15	3	0.5
id-17631	5	6	20	0.4
id-17632	3	4	5	0.3
id-17633	7	10	6	0.2
id-17634	1	2	23	0.3
id-17635	5	4	8	0.3
id-17636	1	2	22	0.4
id-17637	5	5	21	0.3
id-17638	1	2	9	0.4
id-17639	9	15	2	0.3
id-17640	4	3	1	0.2
id-17641	8	4	9	0.2
id-17642	6	5	11	0.5
id-17643	8	11	17	0.3
id-17644	7	8	16	0.4
id-17645	5	2	20	0.3
id-17646	9	7	26	0.3
id-17647	5	4	25	0.3
id-17648	4	5	14	0.4
id-17649	3	5	20	0.5
id-17650	3	3	27	0.4
id-17651	3	4	17	0.4
id-17652	2	4	6	0.3
id-17653	1	2	27	0.5
id-17654	4	6	11	0.2
id-17655	3	6	20	0.4
id-17656	7	7	29	0.3
id-17657	2	2	30	0.2
id-17658	9	11	14	0.3
id-17659	8	15	28	0.5
id-17660	10	20	12	0.2
id-17661	3	5	20	0.5
id-17662	5	3	8	0.4
id-17663	2	2	23	0.4
id-17664	1	2	27	0.3
id-17665	7	8	25	0.4
id-17666	6	7	25	0.2
id-17667	3	5	18	0.2
id-17668	5	7	10	0.2
id-17669	8	3	2	0.3
id-17670	8	11	11	0.4
id-17671	3	5	7	0.3
id-17672	1	2	17	0.4
id-17673	10	18	23	0.3
id-17674	8	6	20	0.4
id-17675	2	3	25	0.4
id-17676	6	5	23	0.5
id-17677	7	11	24	0.5
id-17678	9	6	14	0.3
id-17679	6	10	25	0.2
id-17680	6	7	28	0.4
id-17681	2	2	18	0.3
id-17682	2	3	21	0.4
id-17683	9	4	25	0.2
id-17684	3	3	27	0.4
id-17685	2	3	23	0.5
id-17686	7	2	21	0.2
id-17687	2	3	15	0.4
id-17688	4	7	6	0.3
id-17689	4	8	8	0.5
id-17690	4	3	19	0.3
id-17691	5	5	22	0.2
id-17692	7	2	28	0.4
id-17693	2	3	10	0.3
id-17694	9	13	24	0.5
id-17695	2	2	15	0.4
id-17696	1	2	28	0.3
id-17697	8	16	7	0.5
id-17698	8	3	17	0.3
id-17699	1	2	26	0.2
id-17700	7	4	25	0.3
id-17701	7	14	9	0.2
id-17702	1	2	27	0.2
id-17703	7	3	22	0.3
id-17704	4	5	27	0.3
id-17705	4	2	24	0.4
id-17706	1	2	26	0.4
id-17707	4	6	4	0.2
id-17708	5	2	6	0.4
id-17709	7	9	23	0.3
id-17710	10	7	10	0.4
id-17711	10	4	2	0.4
id-17712	10	7	18	0.5
id-17713	9	8	23	0.3
id-17714	8	3	1	0.2
id-17715	7	8	3	0.3
id-17716	8	6	26	0.2
id-17717	8	7	25	0.3
id-17718	1	2	3	0.4
id-17719	4	3	2	0.5
id-17720	6	2	5	0.3
id-17721	1	2	11	0.4
id-17722	3	5	1	0.5
id-17723	6	11	16	0.3
id-17724	5	3	6	0.5
id-17725	7	8	10	0.4
id-17726	6	6	25	0.5
id-17727	9	10	3	0.4
id-17728	4	8	25	0.5
id-17729	10	9	27	0.2
id-17730	5	9	4	0.5
id-17731	8	12	12	0.4
id-17732	5	5	24	0.2
id-17733	8	4	21	0.4
id-17734	6	8	8	0.2
id-17735	2	4	28	0.3
id-17736	7	4	24	0.5
id-17737	10	20	27	0.5
id-17738	7	13	2	0.5
id-17739	7	13	2	0.4
id-17740	1	2	4	0.3
id-17741	9	8	12	0.4
id-17742	8	12	16	0.3
id-17743	3	2	3	0.4
id-17744	6	8	9	0.5
id-17745	7	5	11	0.4
id-17746	10	19	23	0.4
id-17747	8	7	5	0.3
id-17748	7	7	13	0.5
id-17749	4	7	16	0.4
id-17750	6	8	11	0.2
id-17751	7	11	10	0.3
id-17752	6	9	5	0.2
id-17753	9	5	7	0.3
id-17754	9	5	12	0.3
id-17755	9	16	14	0.3
id-17756	5	10	10	0.2
id-17757	6	4	8	0.4
id-17758	3	4	14	0.3
id-17759	4	8	24	0.4
id-17760	10	9	8	0.3
id-17761	6	7	24	0.4
id-17762	5	5	28	0.3
id-17763	1	2	4	0.3
id-17764	7	14	15	0.2
id-17765	8	9	20	0.3
id-17766	8	12	14	0.4
id-17767	2	3	23	0.3
id-17768	2	2	13	0.5
id-17769	10	12	11	0.4
id-17770	9	2	7	0.4
id-17771	2	3	8	0.2
id-17772	3	4	23	0.3
id-17773	7	4	26	0.3
id-17774	10	3	25	0.4
id-17775	2	2	24	0.3
id-17776	3	6	5	0.5
id-17777	10	9	3	0.4
id-17778	7	11	24	0.4
id-17779	5	2	3	0.3
id-17780	10	9	8	0.2
id-17781	9	8	20	0.3
id-17782	7	13	28	0.5
id-17783	2	3	30	0.2
id-17784	6	11	6	0.3
id-17785	5	7	24	0.5
id-17786	2	3	27	0.3
id-17787	4	3	26	0.3
id-17788	1	2	16	0.2
id-17789	3	3	29	0.3
id-17790	8	12	20	0.3
id-17791	4	7	4	0.3
id-17792	10	9	10	0.3
id-17793	9	16	10	0.3
id-17794	2	3	13	0.3
id-17795	9	12	1	0.5
id-17796	1	2	16	0.5
id-17797	7	5	19	0.3
id-17798	5	4	2	0.4
id-17799	6	3	25	0.2
id-17800	1	2	13	0.4
id-17801	8	10	16	0.2
id-17802	5	3	5	0.4
id-17803	2	2	26	0.3
id-17804	9	8	14	0.3
id-17805	3	5	28	0.2
id-17806	2	4	15	0.4
id-17807	7	11	5	0.4
id-17808	9	14	3	0.2
id-17809	6	5	12	0.5
id-17810	5	10	16	0.2
id-17811	3	3	3	0.4
id-17812	6	9	14	0.2
id-17813	6	8	19	0.3
id-17814	7	8	1	0.5
id-17815	1	2	12	0.4
id-17816	9	9	4	0.3
id-17817	7	13	26	0.4
id-17818	3	5	4	0.5
id-17819	7	5	21	0.3
id-17820	1	2	22	0.3
id-17821	10	19	3	0.4
id-17822	5	9	7	0.5
id-17823	10	19	14	0.5
id-17824	8	9	20	0.4
id-17825	7	2	21	0.5
id-17826	3	2	14	0.3
id-17827	1	2	13	0.2
id-17828	10	13	18	0.4
id-17829	7	14	12	0.4
id-17830	6	9	2	0.3
id-17831	6	11	14	0.4
id-17832	4	6	26	0.4
id-17833	10	15	19	0.3
id-17834	2	3	24	0.4
id-17835	8	2	30	0.5
id-17836	2	4	9	0.3
id-17837	6	4	12	0.2
id-17838	5	10	15	0.3
id-17839	10	11	18	0.2
id-17840	8	8	20	0.4
id-17841	8	12	7	0.3
id-17842	9	5	7	0.3
id-17843	8	6	15	0.3
id-17844	1	2	29	0.5
id-17845	3	3	20	0.2
id-17846	3	5	29	0.4
id-17847	8	2	5	0.4
id-17848	6	10	15	0.4
id-17849	1	2	19	0.4
id-17850	7	5	12	0.3
id-17851	6	7	1	0.3
id-17852	2	3	23	0.5
id-17853	9	3	22	0.3
id-17854	1	2	17	0.4
id-17855	8	16	19	0.2
id-17856	4	6	22	0.3
id-17857	9	17	5	0.2
id-17858	9	11	17	0.4
id-17859	10	7	1	0.4
id-17860	3	6	24	0.2
id-17861	6	5	21	0.4
id-17862	3	3	16	0.3
id-17863	5	9	24	0.3
id-17864	1	2	6	0.3
id-17865	9	5	14	0.3
id-17866	7	14	23	0.3
id-17867	7	11	18	0.4
id-17868	1	2	5	0.4
id-17869	9	16	9	0.2
id-17870	6	8	10	0.4
id-17871	6	3	5	0.4
id-17872	9	13	23	0.3
id-17873	2	4	23	0.2
id-17874	5	5	29	0.3
id-17875	2	4	1	0.4
id-17876	2	2	1	0.3
id-17877	7	13	13	0.3
id-17878	4	7	25	0.2
id-17879	5	8	4	0.4
id-17880	7	6	22	0.4
id-17881	4	4	7	0.3
id-17882	5	7	24	0.3
id-17883	3	4	4	0.5
id-17884	5	7	10	0.2
id-17885	6	11	1	0.3
id-17886	3	4	17	0.4
id-17887	9	18	8	0.2
id-17888	7	11	26	0.5
id-17889	5	2	22	0.2
id-17890	7	7	12	0.3
id-17891	10	20	20	0.3
id-17892	8	2	2	0.4
id-17893	8	6	24	0.3
id-17894	5	8	14	0.2
id-17895	7	3	10	0.2
id-17896	6	3	27	0.5
id-17897	3	3	28	0.4
id-17898	9	17	2	0.3
id-17899	7	9	7	0.4
id-17900	7	4	5	0.3
id-17901	8	2	18	0.4
id-17902	8	12	14	0.2
id-17903	10	4	30	0.5
id-17904	4	6	23	0.3
id-17905	10	9	11	0.3
id-17906	2	2	15	0.4
id-17907	8	8	17	0.4
id-17908	6	9	11	0.4
id-17909	8	9	28	0.3
id-17910	9	9	19	0.4
id-17911	7	9	22	0.4
id-17912	9	18	4	0.2
id-17913	2	2	17	0.4
id-17914	1	2	7	0.4
id-17915	4	8	30	0.3
id-17916	6	11	22	0.3
id-17917	5	10	23	0.4
id-17918	6	9	26	0.4
id-17919	1	2	1	0.5
id-17920	4	7	23	0.4
id-17921	10	11	15	0.2
id-17922	2	2	7	0.3
id-17923	9	14	3	0.3
id-17924	2	3	9	0.3
id-17925	3	3	23	0.4
id-17926	2	2	9	0.3
id-17927	9	2	23	0.4
id-17928	6	5	8	0.4
id-17929	1	2	21	0.4
id-17930	2	3	14	0.4
id-17931	8	5	3	0.3
id-17932	6	2	8	0.2
id-17933	2	2	28	0.4
id-17934	7	6	9	0.4
id-17935	7	13	12	0.4
id-17936	2	3	7	0.4
id-17937	7	13	12	0.4
id-17938	1	2	25	0.3
id-17939	6	2	2	0.3
id-17940	9	15	16	0.4
id-17941	5	10	1	0.4
id-17942	2	2	11	0.3
id-17943	4	6	23	0.4
id-17944	1	2	2	0.2
id-17945	8	8	22	0.5
id-17946	4	4	11	0.4
id-17947	5	3	21	0.3
id-17948	5	5	2	0.3
id-17949	2	4	12	0.2
id-17950	7	11	3	0.4
id-17951	4	6	12	0.3
id-17952	7	10	25	0.4
id-17953	1	2	8	0.5
id-17954	8	16	7	0.4
id-17955	1	2	25	0.3
id-17956	1	2	19	0.4
id-17957	9	12	30	0.3
id-17958	4	3	27	0.5
id-17959	5	2	19	0.4
id-17960	1	2	29	0.4
id-17961	9	14	11	0.5
id-17962	2	2	28	0.5
id-17963	3	4	21	0.2
id-17964	2	3	3	0.4
id-17965	7	13	28	0.4
id-17966	6	6	20	0.3
id-17967	1	2	16	0.3
id-17968	7	14	26	0.5
id-17969	5	3	24	0.5
id-17970	7	4	13	0.3
id-17971	5	7	4	0.2
id-17972	3	5	30	0.2
id-17973	2	2	22	0.2
id-17974	8	13	2	0.4
id-17975	7	14	16	0.4
id-17976	3	5	21	0.2
id-17977	8	14	15	0.3
id-17978	7	9	9	0.3
id-17979	6	10	5	0.4
id-17980	1	2	24	0.3
id-17981	1	2	10	0.5
id-17982	7	5	9	0.5
id-17983	2	2	14	0.5
id-17984	6	10	30	0.5
id-17985	7	8	9	0.3
id-17986	6	3	8	0.4
id-17987	9	7	24	0.5
id-17988	4	2	3	0.3
id-17989	7	3	9	0.3
id-17990	3	2	7	0.4
id-17991	2	4	22	0.3
id-17992	5	7	26	0.3
id-17993	1	2	24	0.3
id-17994	8	10	23	0.4
id-17995	2	4	19	0.3
id-17996	8	10	28	0.4
id-17997	5	5	21	0.5
id-17998	8	4	14	0.5
id-17999	1	2	25	0.4
id-18000	1	2	12	0.3
id-18001	7	13	10	0.3
id-18002	6	5	2	0.4
id-18003	2	4	5	0.5
id-18004	8	6	4	0.3
id-18005	4	8	9	0.5
id-18006	2	4	9	0.4
id-18007	4	6	30	0.2
id-18008	9	9	22	0.2
id-18009	3	6	10	0.3
id-18010	2	4	27	0.4
id-18011	5	10	4	0.3
id-18012	9	6	15	0.3
id-18013	5	3	22	0.4
id-18014	3	4	3	0.3
id-18015	6	4	17	0.5
id-18016	5	5	23	0.4
id-18017	6	6	26	0.5
id-18018	6	8	16	0.5
id-18019	3	2	9	0.4
id-18020	2	4	1	0.5
id-18021	9	6	2	0.3
id-18022	10	6	20	0.2
id-18023	6	3	15	0.5
id-18024	10	10	4	0.4
id-18025	3	3	3	0.3
id-18026	7	6	27	0.4
id-18027	4	2	20	0.3
id-18028	6	3	19	0.4
id-18029	1	2	6	0.2
id-18030	5	10	24	0.2
id-18031	4	5	21	0.2
id-18032	3	6	3	0.3
id-18033	10	10	27	0.4
id-18034	4	3	17	0.3
id-18035	7	3	8	0.2
id-18036	1	2	18	0.3
id-18037	5	3	21	0.3
id-18038	8	8	16	0.3
id-18039	6	11	19	0.3
id-18040	7	4	6	0.4
id-18041	3	5	20	0.3
id-18042	9	11	28	0.3
id-18043	8	8	11	0.2
id-18044	3	2	6	0.4
id-18045	7	11	12	0.5
id-18046	5	5	15	0.3
id-18047	8	4	18	0.4
id-18048	10	10	10	0.5
id-18049	3	2	24	0.3
id-18050	5	7	21	0.3
id-18051	7	3	22	0.3
id-18052	5	10	19	0.5
id-18053	2	2	12	0.3
id-18054	10	13	17	0.5
id-18055	9	7	1	0.3
id-18056	5	7	10	0.5
id-18057	3	5	16	0.4
id-18058	8	9	10	0.3
id-18059	7	9	22	0.5
id-18060	3	2	21	0.4
id-18061	6	2	30	0.4
id-18062	9	10	13	0.3
id-18063	10	12	8	0.5
id-18064	1	2	22	0.5
id-18065	5	6	4	0.3
id-18066	7	2	11	0.3
id-18067	9	16	16	0.3
id-18068	1	2	4	0.4
id-18069	9	12	17	0.2
id-18070	10	20	21	0.3
id-18071	10	12	30	0.3
id-18072	10	20	14	0.2
id-18073	10	5	27	0.3
id-18074	7	9	26	0.3
id-18075	9	16	26	0.2
id-18076	9	2	9	0.4
id-18077	4	3	28	0.2
id-18078	6	7	7	0.2
id-18079	1	2	3	0.2
id-18080	6	11	29	0.2
id-18081	6	12	30	0.4
id-18082	4	2	7	0.4
id-18083	10	6	15	0.5
id-18084	1	2	18	0.4
id-18085	3	6	29	0.5
id-18086	2	4	28	0.4
id-18087	8	8	11	0.4
id-18088	7	11	5	0.5
id-18089	2	2	6	0.5
id-18090	2	2	25	0.3
id-18091	8	12	12	0.4
id-18092	8	4	18	0.5
id-18093	5	9	16	0.3
id-18094	5	10	10	0.4
id-18095	8	15	25	0.4
id-18096	9	8	5	0.5
id-18097	4	6	26	0.3
id-18098	4	4	13	0.4
id-18099	3	3	3	0.3
id-18100	9	17	8	0.3
id-18101	10	16	11	0.5
id-18102	4	2	30	0.3
id-18103	8	13	19	0.4
id-18104	3	3	11	0.3
id-18105	2	3	28	0.3
id-18106	10	20	5	0.3
id-18107	3	4	24	0.3
id-18108	5	4	19	0.5
id-18109	10	4	15	0.4
id-18110	5	3	11	0.4
id-18111	7	12	24	0.4
id-18112	3	6	23	0.3
id-18113	5	7	3	0.3
id-18114	5	9	13	0.5
id-18115	3	4	28	0.3
id-18116	4	6	12	0.5
id-18117	10	8	13	0.3
id-18118	9	2	7	0.4
id-18119	4	6	3	0.2
id-18120	5	8	4	0.5
id-18121	7	13	30	0.2
id-18122	4	5	3	0.5
id-18123	3	6	6	0.2
id-18124	4	6	16	0.3
id-18125	6	11	11	0.5
id-18126	3	3	3	0.4
id-18127	2	3	11	0.4
id-18128	9	13	25	0.3
id-18129	9	12	4	0.5
id-18130	2	2	10	0.2
id-18131	1	2	6	0.3
id-18132	7	6	14	0.3
id-18133	10	11	23	0.2
id-18134	2	3	3	0.3
id-18135	10	8	14	0.4
id-18136	10	13	2	0.3
id-18137	10	3	15	0.2
id-18138	1	2	24	0.3
id-18139	5	2	17	0.3
id-18140	10	18	11	0.3
id-18141	3	3	14	0.3
id-18142	1	2	21	0.2
id-18143	5	7	29	0.3
id-18144	8	3	4	0.4
id-18145	4	6	22	0.4
id-18146	8	4	10	0.3
id-18147	6	4	25	0.5
id-18148	4	5	4	0.4
id-18149	4	4	19	0.3
id-18150	1	2	6	0.4
id-18151	4	7	18	0.5
id-18152	7	8	17	0.3
id-18153	9	18	27	0.3
id-18154	9	2	25	0.4
id-18155	7	9	4	0.2
id-18156	8	14	23	0.2
id-18157	2	4	7	0.5
id-18158	1	2	17	0.5
id-18159	8	6	28	0.2
id-18160	6	12	24	0.5
id-18161	2	3	17	0.3
id-18162	1	2	7	0.3
id-18163	4	8	14	0.2
id-18164	7	10	16	0.5
id-18165	5	6	21	0.2
id-18166	7	6	12	0.4
id-18167	4	8	6	0.4
id-18168	7	8	15	0.3
id-18169	5	6	8	0.4
id-18170	10	5	29	0.4
id-18171	5	6	18	0.2
id-18172	7	5	25	0.3
id-18173	6	5	4	0.4
id-18174	6	3	24	0.5
id-18175	8	2	8	0.4
id-18176	9	3	3	0.5
id-18177	7	14	1	0.3
id-18178	7	3	12	0.4
id-18179	7	4	30	0.4
id-18180	9	13	24	0.2
id-18181	3	6	7	0.2
id-18182	10	16	14	0.3
id-18183	5	4	25	0.4
id-18184	5	7	29	0.4
id-18185	8	7	27	0.4
id-18186	2	4	28	0.2
id-18187	10	4	19	0.5
id-18188	9	5	18	0.3
id-18189	8	5	23	0.4
id-18190	1	2	21	0.4
id-18191	8	10	5	0.4
id-18192	8	14	27	0.3
id-18193	7	7	2	0.4
id-18194	5	4	23	0.3
id-18195	6	3	25	0.3
id-18196	8	4	23	0.2
id-18197	9	13	19	0.2
id-18198	4	3	10	0.2
id-18199	1	2	27	0.2
id-18200	2	4	7	0.2
id-18201	5	8	5	0.2
id-18202	3	4	19	0.4
id-18203	8	2	14	0.3
id-18204	5	9	10	0.4
id-18205	6	2	22	0.4
id-18206	9	7	11	0.5
id-18207	3	3	23	0.3
id-18208	8	4	26	0.3
id-18209	3	3	25	0.2
id-18210	4	8	27	0.5
id-18211	3	4	5	0.4
id-18212	6	9	1	0.2
id-18213	8	10	11	0.4
id-18214	8	8	25	0.4
id-18215	7	6	16	0.5
id-18216	5	2	29	0.3
id-18217	7	3	30	0.4
id-18218	1	2	22	0.5
id-18219	8	13	13	0.2
id-18220	9	3	30	0.4
id-18221	2	2	26	0.4
id-18222	1	2	28	0.3
id-18223	8	7	30	0.2
id-18224	6	9	29	0.3
id-18225	4	2	15	0.4
id-18226	3	5	15	0.2
id-18227	3	6	16	0.4
id-18228	1	2	12	0.4
id-18229	7	14	8	0.4
id-18230	3	5	26	0.2
id-18231	5	9	30	0.2
id-18232	8	8	14	0.4
id-18233	4	6	24	0.4
id-18234	4	2	28	0.4
id-18235	5	5	13	0.3
id-18236	2	3	28	0.5
id-18237	1	2	28	0.5
id-18238	7	2	26	0.4
id-18239	2	4	29	0.4
id-18240	4	6	13	0.5
id-18241	2	4	23	0.4
id-18242	9	8	11	0.5
id-18243	10	11	9	0.4
id-18244	6	11	3	0.5
id-18245	7	3	14	0.4
id-18246	5	3	30	0.2
id-18247	1	2	21	0.2
id-18248	7	10	27	0.3
id-18249	1	2	13	0.5
id-18250	10	7	13	0.3
id-18251	3	3	20	0.4
id-18252	6	5	1	0.2
id-18253	5	6	12	0.5
id-18254	7	6	24	0.2
id-18255	7	10	16	0.5
id-18256	4	4	10	0.5
id-18257	9	15	13	0.3
id-18258	2	3	6	0.3
id-18259	6	10	7	0.2
id-18260	1	2	17	0.5
id-18261	6	12	27	0.3
id-18262	10	6	13	0.4
id-18263	3	6	21	0.2
id-18264	5	6	8	0.3
id-18265	6	11	17	0.4
id-18266	9	15	7	0.5
id-18267	1	2	27	0.3
id-18268	10	6	18	0.5
id-18269	3	3	17	0.4
id-18270	4	8	17	0.4
id-18271	1	2	13	0.3
id-18272	3	6	25	0.5
id-18273	8	6	27	0.4
id-18274	9	5	3	0.2
id-18275	8	14	26	0.2
id-18276	4	6	10	0.4
id-18277	10	4	2	0.4
id-18278	1	2	10	0.2
id-18279	2	2	14	0.4
id-18280	8	9	8	0.2
id-18281	7	13	13	0.4
id-18282	6	3	16	0.4
id-18283	7	8	8	0.4
id-18284	8	11	7	0.3
id-18285	1	2	2	0.4
id-18286	8	5	9	0.3
id-18287	1	2	6	0.4
id-18288	9	11	6	0.5
id-18289	10	9	29	0.4
id-18290	2	4	10	0.3
id-18291	3	2	20	0.3
id-18292	9	10	20	0.4
id-18293	4	8	16	0.3
id-18294	8	2	19	0.4
id-18295	6	4	23	0.5
id-18296	6	9	20	0.3
id-18297	2	4	17	0.3
id-18298	7	5	6	0.4
id-18299	3	2	22	0.5
id-18300	2	2	29	0.4
id-18301	9	6	16	0.3
id-18302	9	9	11	0.3
id-18303	2	3	27	0.4
id-18304	2	4	30	0.4
id-18305	2	4	1	0.3
id-18306	7	7	17	0.2
id-18307	3	5	11	0.4
id-18308	7	13	2	0.3
id-18309	4	4	24	0.3
id-18310	3	4	9	0.5
id-18311	5	4	3	0.3
id-18312	8	4	5	0.3
id-18313	7	2	5	0.5
id-18314	4	3	15	0.5
id-18315	4	2	16	0.3
id-18316	7	5	22	0.5
id-18317	1	2	29	0.2
id-18318	1	2	14	0.5
id-18319	7	13	16	0.3
id-18320	4	3	23	0.3
id-18321	8	7	19	0.4
id-18322	4	8	27	0.4
id-18323	6	10	1	0.5
id-18324	9	17	25	0.4
id-18325	7	3	10	0.2
id-18326	6	11	23	0.3
id-18327	9	18	6	0.5
id-18328	10	3	25	0.3
id-18329	7	4	23	0.3
id-18330	3	4	24	0.5
id-18331	5	9	30	0.4
id-18332	6	12	30	0.2
id-18333	1	2	18	0.3
id-18334	8	3	7	0.4
id-18335	7	3	25	0.4
id-18336	7	4	4	0.5
id-18337	9	18	14	0.2
id-18338	9	2	27	0.3
id-18339	10	9	28	0.3
id-18340	1	2	15	0.3
id-18341	1	2	23	0.2
id-18342	4	2	16	0.3
id-18343	4	5	5	0.3
id-18344	8	7	27	0.3
id-18345	2	2	7	0.3
id-18346	10	2	3	0.4
id-18347	2	4	20	0.3
id-18348	1	2	29	0.3
id-18349	9	4	30	0.3
id-18350	4	5	5	0.2
id-18351	9	18	3	0.4
id-18352	4	7	10	0.5
id-18353	7	7	17	0.2
id-18354	6	8	26	0.4
id-18355	1	2	14	0.2
id-18356	7	14	30	0.3
id-18357	7	10	15	0.2
id-18358	1	2	7	0.2
id-18359	1	2	1	0.4
id-18360	6	2	10	0.5
id-18361	1	2	7	0.3
id-18362	3	6	12	0.4
id-18363	8	11	5	0.2
id-18364	8	7	8	0.4
id-18365	6	6	14	0.5
id-18366	2	2	21	0.3
id-18367	9	9	17	0.3
id-18368	8	7	2	0.2
id-18369	6	8	17	0.3
id-18370	3	4	3	0.3
id-18371	8	10	26	0.3
id-18372	10	13	16	0.4
id-18373	7	10	17	0.5
id-18374	2	3	18	0.3
id-18375	7	5	21	0.5
id-18376	5	7	5	0.3
id-18377	4	2	14	0.4
id-18378	1	2	14	0.4
id-18379	7	6	26	0.3
id-18380	1	2	4	0.3
id-18381	5	5	17	0.4
id-18382	9	15	14	0.3
id-18383	2	3	7	0.4
id-18384	1	2	13	0.5
id-18385	6	8	24	0.3
id-18386	7	12	30	0.4
id-18387	8	14	22	0.5
id-18388	3	4	12	0.3
id-18389	7	3	17	0.3
id-18390	3	5	22	0.2
id-18391	8	11	28	0.4
id-18392	7	7	1	0.4
id-18393	10	16	18	0.5
id-18394	7	11	26	0.4
id-18395	7	8	15	0.4
id-18396	8	14	25	0.5
id-18397	1	2	18	0.3
id-18398	3	6	10	0.3
id-18399	8	3	24	0.4
id-18400	6	6	19	0.2
id-18401	8	4	27	0.2
id-18402	2	2	13	0.5
id-18403	5	9	5	0.3
id-18404	5	6	26	0.3
id-18405	8	6	14	0.4
id-18406	10	10	15	0.4
id-18407	6	12	27	0.4
id-18408	8	14	23	0.4
id-18409	10	14	25	0.3
id-18410	9	14	18	0.3
id-18411	10	14	14	0.4
id-18412	1	2	14	0.4
id-18413	10	7	28	0.5
id-18414	2	3	4	0.4
id-18415	7	9	29	0.5
id-18416	4	3	22	0.4
id-18417	7	11	22	0.4
id-18418	3	6	14	0.4
id-18419	8	2	30	0.3
id-18420	6	6	29	0.3
id-18421	4	2	30	0.2
id-18422	1	2	26	0.3
id-18423	9	4	19	0.5
id-18424	2	3	26	0.4
id-18425	5	2	8	0.3
id-18426	5	5	18	0.4
id-18427	8	16	24	0.5
id-18428	5	8	26	0.2
id-18429	7	2	1	0.4
id-18430	10	10	21	0.4
id-18431	2	4	15	0.5
id-18432	7	5	15	0.3
id-18433	10	8	5	0.5
id-18434	6	11	28	0.4
id-18435	5	6	11	0.3
id-18436	4	3	2	0.4
id-18437	2	2	24	0.2
id-18438	3	5	18	0.4
id-18439	6	3	25	0.2
id-18440	2	4	23	0.3
id-18441	2	2	23	0.3
id-18442	4	5	14	0.3
id-18443	5	3	3	0.4
id-18444	10	3	23	0.4
id-18445	3	3	21	0.5
id-18446	3	2	15	0.4
id-18447	2	4	28	0.2
id-18448	7	10	5	0.3
id-18449	8	12	16	0.2
id-18450	7	10	9	0.4
id-18451	6	4	8	0.4
id-18452	5	4	29	0.4
id-18453	5	9	28	0.2
id-18454	4	7	8	0.2
id-18455	4	8	14	0.3
id-18456	3	4	19	0.4
id-18457	3	3	22	0.2
id-18458	7	7	22	0.3
id-18459	3	5	18	0.5
id-18460	5	10	9	0.5
id-18461	7	2	18	0.5
id-18462	8	11	28	0.3
id-18463	3	3	19	0.4
id-18464	7	12	15	0.3
id-18465	8	11	2	0.4
id-18466	4	7	12	0.4
id-18467	6	9	6	0.5
id-18468	8	9	7	0.3
id-18469	3	5	20	0.4
id-18470	4	2	20	0.5
id-18471	1	2	7	0.3
id-18472	1	2	29	0.4
id-18473	5	2	19	0.4
id-18474	4	6	27	0.3
id-18475	2	4	16	0.4
id-18476	10	4	12	0.3
id-18477	10	20	27	0.3
id-18478	3	3	18	0.3
id-18479	3	2	15	0.5
id-18480	1	2	22	0.5
id-18481	2	4	9	0.2
id-18482	3	4	2	0.3
id-18483	3	2	11	0.3
id-18484	2	2	13	0.2
id-18485	7	7	24	0.4
id-18486	3	6	1	0.3
id-18487	10	5	20	0.4
id-18488	7	6	25	0.5
id-18489	1	2	20	0.3
id-18490	10	19	21	0.4
id-18491	10	20	16	0.4
id-18492	7	4	7	0.2
id-18493	5	9	29	0.3
id-18494	6	9	27	0.5
id-18495	1	2	26	0.3
id-18496	5	4	25	0.4
id-18497	6	8	4	0.4
id-18498	1	2	27	0.3
id-18499	9	15	23	0.3
id-18500	6	5	22	0.4
id-18501	9	3	6	0.4
id-18502	5	8	17	0.4
id-18503	10	5	20	0.4
id-18504	8	5	6	0.4
id-18505	9	18	10	0.3
id-18506	9	5	26	0.3
id-18507	2	2	19	0.4
id-18508	6	11	30	0.2
id-18509	7	6	10	0.4
id-18510	8	2	2	0.4
id-18511	5	6	19	0.2
id-18512	9	18	4	0.5
id-18513	3	2	20	0.2
id-18514	5	2	3	0.2
id-18515	9	4	12	0.3
id-18516	8	15	29	0.4
id-18517	3	5	26	0.3
id-18518	10	7	4	0.4
id-18519	6	3	19	0.2
id-18520	1	2	7	0.3
id-18521	6	11	4	0.5
id-18522	4	5	28	0.4
id-18523	10	18	11	0.2
id-18524	5	8	7	0.5
id-18525	9	13	17	0.2
id-18526	9	10	22	0.3
id-18527	7	3	20	0.4
id-18528	5	5	15	0.3
id-18529	2	2	10	0.3
id-18530	5	9	30	0.2
id-18531	10	8	21	0.3
id-18532	9	17	10	0.4
id-18533	4	4	17	0.4
id-18534	8	6	3	0.4
id-18535	6	3	22	0.3
id-18536	5	3	5	0.3
id-18537	4	8	21	0.3
id-18538	10	2	5	0.4
id-18539	3	3	26	0.5
id-18540	2	4	10	0.5
id-18541	10	17	28	0.4
id-18542	9	4	23	0.2
id-18543	9	11	8	0.2
id-18544	2	4	12	0.4
id-18545	3	2	11	0.2
id-18546	9	14	14	0.4
id-18547	6	6	22	0.2
id-18548	5	2	11	0.3
id-18549	5	7	20	0.3
id-18550	1	2	3	0.4
id-18551	9	6	23	0.2
id-18552	2	4	23	0.4
id-18553	3	4	1	0.4
id-18554	2	2	10	0.2
id-18555	7	12	8	0.3
id-18556	5	3	10	0.3
id-18557	8	10	8	0.2
id-18558	6	2	13	0.4
id-18559	4	5	13	0.4
id-18560	1	2	6	0.5
id-18561	6	11	10	0.4
id-18562	2	2	13	0.3
id-18563	8	9	5	0.2
id-18564	1	2	26	0.2
id-18565	10	17	29	0.4
id-18566	5	7	29	0.2
id-18567	7	4	8	0.4
id-18568	10	8	24	0.3
id-18569	5	7	27	0.3
id-18570	5	10	13	0.4
id-18571	2	3	29	0.5
id-18572	5	6	13	0.2
id-18573	4	6	26	0.4
id-18574	6	10	29	0.3
id-18575	1	2	3	0.5
id-18576	10	4	30	0.5
id-18577	8	7	1	0.4
id-18578	2	4	16	0.2
id-18579	4	3	8	0.5
id-18580	6	4	17	0.3
id-18581	7	13	24	0.2
id-18582	9	16	30	0.4
id-18583	4	8	21	0.5
id-18584	2	2	24	0.3
id-18585	1	2	1	0.4
id-18586	1	2	13	0.3
id-18587	7	10	30	0.5
id-18588	6	9	24	0.3
id-18589	9	15	26	0.3
id-18590	9	14	27	0.3
id-18591	3	2	27	0.3
id-18592	8	7	8	0.3
id-18593	7	7	19	0.3
id-18594	5	3	12	0.3
id-18595	4	7	23	0.5
id-18596	3	3	6	0.3
id-18597	6	5	29	0.4
id-18598	10	19	3	0.3
id-18599	9	3	1	0.4
id-18600	10	17	10	0.3
id-18601	4	3	15	0.3
id-18602	5	9	1	0.4
id-18603	6	10	9	0.5
id-18604	8	9	7	0.5
id-18605	7	3	6	0.4
id-18606	3	3	3	0.4
id-18607	2	4	27	0.5
id-18608	4	7	10	0.4
id-18609	6	12	2	0.3
id-18610	2	4	27	0.4
id-18611	9	16	6	0.5
id-18612	2	4	27	0.3
id-18613	7	6	19	0.3
id-18614	6	3	9	0.3
id-18615	10	10	4	0.3
id-18616	3	2	18	0.2
id-18617	4	4	20	0.3
id-18618	10	9	6	0.5
id-18619	8	12	12	0.5
id-18620	8	5	12	0.4
id-18621	9	10	6	0.5
id-18622	3	4	11	0.3
id-18623	6	2	6	0.3
id-18624	1	2	24	0.5
id-18625	7	11	8	0.2
id-18626	9	13	9	0.3
id-18627	4	3	13	0.5
id-18628	7	12	20	0.4
id-18629	3	4	22	0.5
id-18630	8	2	12	0.3
id-18631	2	4	2	0.5
id-18632	8	14	5	0.5
id-18633	1	2	14	0.2
id-18634	8	15	16	0.3
id-18635	3	5	2	0.4
id-18636	1	2	6	0.2
id-18637	2	4	20	0.2
id-18638	3	6	10	0.4
id-18639	9	8	8	0.5
id-18640	2	4	10	0.5
id-18641	6	4	4	0.3
id-18642	3	4	16	0.4
id-18643	3	6	7	0.3
id-18644	8	2	12	0.5
id-18645	2	3	22	0.5
id-18646	9	12	18	0.3
id-18647	3	6	30	0.2
id-18648	3	3	21	0.5
id-18649	2	2	25	0.4
id-18650	9	5	29	0.3
id-18651	6	2	19	0.5
id-18652	1	2	28	0.4
id-18653	5	2	17	0.3
id-18654	2	3	18	0.3
id-18655	10	15	12	0.3
id-18656	2	4	27	0.3
id-18657	9	10	2	0.4
id-18658	8	10	7	0.2
id-18659	10	4	9	0.5
id-18660	5	10	21	0.3
id-18661	5	9	21	0.3
id-18662	3	3	9	0.2
id-18663	4	8	10	0.3
id-18664	1	2	7	0.3
id-18665	4	3	29	0.5
id-18666	4	5	8	0.4
id-18667	7	13	15	0.4
id-18668	7	8	17	0.5
id-18669	5	6	20	0.4
id-18670	10	20	3	0.4
id-18671	5	2	19	0.5
id-18672	1	2	12	0.3
id-18673	8	12	25	0.5
id-18674	4	4	20	0.4
id-18675	5	6	28	0.4
id-18676	8	15	17	0.2
id-18677	2	4	14	0.2
id-18678	2	4	30	0.4
id-18679	1	2	17	0.4
id-18680	10	14	21	0.4
id-18681	8	4	14	0.5
id-18682	2	4	10	0.4
id-18683	7	5	11	0.4
id-18684	7	4	4	0.3
id-18685	7	10	3	0.5
id-18686	6	12	7	0.2
id-18687	10	8	20	0.2
id-18688	6	7	29	0.4
id-18689	10	13	28	0.2
id-18690	5	8	6	0.4
id-18691	8	10	24	0.3
id-18692	6	7	21	0.5
id-18693	3	2	6	0.3
id-18694	9	8	7	0.2
id-18695	6	2	24	0.3
id-18696	8	5	23	0.4
id-18697	9	14	26	0.5
id-18698	10	20	7	0.4
id-18699	6	7	29	0.3
id-18700	2	2	26	0.4
id-18701	10	4	11	0.3
id-18702	6	6	19	0.5
id-18703	7	14	20	0.4
id-18704	5	9	5	0.4
id-18705	5	8	12	0.3
id-18706	5	2	5	0.3
id-18707	4	2	19	0.5
id-18708	4	6	5	0.3
id-18709	3	2	7	0.2
id-18710	9	11	22	0.3
id-18711	9	10	20	0.4
id-18712	1	2	24	0.2
id-18713	7	14	1	0.2
id-18714	1	2	8	0.5
id-18715	7	2	29	0.3
id-18716	6	7	23	0.3
id-18717	3	3	30	0.3
id-18718	9	7	28	0.4
id-18719	2	4	12	0.3
id-18720	10	12	9	0.3
id-18721	4	5	12	0.2
id-18722	3	6	22	0.4
id-18723	1	2	24	0.4
id-18724	7	4	30	0.4
id-18725	5	5	16	0.2
id-18726	10	20	2	0.4
id-18727	4	7	9	0.2
id-18728	8	13	6	0.4
id-18729	3	3	7	0.4
id-18730	2	2	21	0.3
id-18731	5	9	24	0.3
id-18732	1	2	1	0.3
id-18733	5	5	7	0.3
id-18734	1	2	9	0.3
id-18735	4	2	5	0.2
id-18736	10	2	20	0.2
id-18737	2	3	6	0.3
id-18738	1	2	15	0.3
id-18739	3	2	4	0.4
id-18740	8	16	1	0.3
id-18741	6	12	10	0.4
id-18742	8	3	8	0.4
id-18743	4	2	17	0.5
id-18744	2	3	18	0.3
id-18745	8	16	13	0.3
id-18746	3	6	4	0.5
id-18747	6	5	3	0.5
id-18748	4	8	18	0.5
id-18749	5	3	27	0.4
id-18750	10	15	12	0.5
id-18751	2	2	27	0.2
id-18752	8	10	1	0.5
id-18753	2	4	8	0.3
id-18754	9	17	24	0.2
id-18755	7	4	22	0.3
id-18756	7	13	5	0.3
id-18757	10	16	14	0.4
id-18758	1	2	24	0.4
id-18759	4	2	19	0.4
id-18760	9	16	15	0.4
id-18761	10	4	3	0.3
id-18762	9	18	1	0.4
id-18763	6	9	21	0.2
id-18764	9	16	11	0.3
id-18765	3	3	27	0.5
id-18766	5	8	24	0.5
id-18767	6	6	11	0.5
id-18768	10	12	30	0.4
id-18769	2	2	15	0.5
id-18770	3	4	25	0.3
id-18771	6	4	12	0.3
id-18772	4	4	17	0.3
id-18773	10	18	19	0.4
id-18774	2	4	20	0.5
id-18775	9	12	11	0.5
id-18776	8	2	12	0.2
id-18777	3	6	6	0.3
id-18778	1	2	29	0.4
id-18779	3	2	11	0.4
id-18780	1	2	27	0.3
id-18781	2	3	25	0.3
id-18782	10	16	16	0.3
id-18783	5	2	20	0.3
id-18784	3	6	8	0.3
id-18785	2	4	12	0.3
id-18786	1	2	26	0.3
id-18787	6	6	17	0.3
id-18788	10	18	10	0.5
id-18789	9	5	29	0.3
id-18790	3	3	14	0.2
id-18791	9	3	3	0.4
id-18792	10	17	11	0.3
id-18793	2	2	25	0.3
id-18794	7	14	19	0.2
id-18795	9	3	16	0.3
id-18796	5	9	8	0.4
id-18797	4	2	4	0.3
id-18798	5	6	3	0.4
id-18799	7	11	21	0.3
id-18800	1	2	21	0.5
id-18801	10	9	3	0.3
id-18802	2	3	6	0.2
id-18803	4	5	5	0.2
id-18804	6	2	2	0.4
id-18805	7	6	13	0.3
id-18806	5	10	15	0.2
id-18807	7	12	5	0.4
id-18808	1	2	22	0.3
id-18809	5	5	24	0.4
id-18810	9	12	24	0.4
id-18811	1	2	6	0.2
id-18812	5	7	3	0.5
id-18813	6	5	26	0.3
id-18814	10	7	23	0.4
id-18815	7	3	19	0.4
id-18816	4	2	22	0.3
id-18817	3	4	14	0.3
id-18818	5	10	9	0.4
id-18819	7	11	27	0.5
id-18820	7	8	5	0.4
id-18821	6	11	10	0.3
id-18822	8	7	1	0.5
id-18823	3	6	4	0.4
id-18824	1	2	18	0.5
id-18825	3	2	4	0.4
id-18826	9	12	8	0.5
id-18827	4	8	6	0.4
id-18828	2	2	25	0.4
id-18829	1	2	20	0.4
id-18830	9	5	8	0.3
id-18831	6	2	3	0.3
id-18832	6	10	5	0.2
id-18833	6	11	27	0.5
id-18834	5	6	9	0.3
id-18835	6	7	26	0.5
id-18836	10	7	28	0.4
id-18837	10	19	1	0.2
id-18838	10	9	16	0.4
id-18839	9	2	13	0.4
id-18840	8	6	1	0.5
id-18841	8	6	9	0.4
id-18842	9	4	17	0.5
id-18843	9	13	3	0.3
id-18844	1	2	3	0.3
id-18845	7	14	26	0.5
id-18846	3	5	25	0.2
id-18847	6	9	5	0.3
id-18848	1	2	24	0.3
id-18849	4	7	3	0.3
id-18850	7	9	26	0.2
id-18851	9	5	17	0.4
id-18852	9	6	21	0.2
id-18853	4	3	25	0.3
id-18854	8	9	14	0.5
id-18855	8	6	11	0.2
id-18856	5	5	10	0.5
id-18857	8	15	26	0.4
id-18858	2	3	21	0.2
id-18859	8	9	13	0.4
id-18860	7	2	13	0.3
id-18861	4	6	4	0.5
id-18862	6	6	23	0.3
id-18863	6	12	10	0.4
id-18864	5	9	21	0.3
id-18865	9	16	9	0.2
id-18866	6	12	17	0.3
id-18867	4	8	4	0.5
id-18868	9	15	24	0.2
id-18869	4	3	2	0.4
id-18870	10	12	16	0.2
id-18871	4	3	23	0.3
id-18872	7	3	13	0.3
id-18873	4	5	2	0.3
id-18874	2	4	11	0.3
id-18875	5	5	15	0.3
id-18876	2	2	23	0.5
id-18877	6	3	5	0.3
id-18878	3	5	18	0.5
id-18879	10	2	30	0.5
id-18880	2	4	23	0.4
id-18881	4	6	4	0.2
id-18882	7	3	7	0.2
id-18883	4	4	16	0.5
id-18884	9	15	9	0.3
id-18885	2	2	26	0.3
id-18886	2	4	28	0.3
id-18887	9	5	6	0.3
id-18888	4	6	2	0.4
id-18889	8	9	9	0.4
id-18890	7	10	24	0.4
id-18891	8	12	25	0.2
id-18892	4	4	16	0.4
id-18893	9	6	5	0.5
id-18894	9	12	21	0.3
id-18895	1	2	3	0.4
id-18896	2	3	18	0.4
id-18897	2	2	3	0.4
id-18898	2	4	21	0.3
id-18899	6	12	12	0.4
id-18900	6	8	8	0.4
id-18901	8	11	29	0.4
id-18902	10	3	9	0.5
id-18903	3	4	22	0.4
id-18904	9	15	13	0.4
id-18905	4	8	25	0.4
id-18906	4	6	28	0.4
id-18907	2	2	13	0.3
id-18908	9	12	10	0.2
id-18909	3	3	21	0.2
id-18910	7	2	21	0.3
id-18911	7	2	17	0.3
id-18912	1	2	17	0.4
id-18913	3	2	24	0.3
id-18914	9	18	17	0.2
id-18915	10	19	3	0.3
id-18916	9	16	18	0.3
id-18917	7	12	15	0.3
id-18918	9	15	11	0.3
id-18919	10	7	14	0.4
id-18920	7	3	8	0.5
id-18921	3	2	15	0.5
id-18922	9	17	28	0.3
id-18923	10	2	8	0.2
id-18924	10	14	28	0.3
id-18925	8	12	27	0.3
id-18926	7	13	28	0.3
id-18927	3	2	23	0.4
id-18928	1	2	1	0.2
id-18929	10	5	9	0.4
id-18930	2	2	26	0.4
id-18931	3	2	21	0.3
id-18932	6	11	17	0.5
id-18933	1	2	3	0.3
id-18934	5	8	12	0.3
id-18935	7	11	8	0.5
id-18936	1	2	1	0.3
id-18937	1	2	13	0.3
id-18938	6	3	11	0.4
id-18939	7	5	24	0.5
id-18940	2	2	2	0.5
id-18941	8	4	1	0.3
id-18942	10	6	1	0.5
id-18943	6	7	10	0.4
id-18944	4	4	19	0.2
id-18945	5	7	26	0.4
id-18946	8	14	4	0.5
id-18947	6	2	15	0.4
id-18948	2	2	2	0.3
id-18949	5	8	21	0.4
id-18950	10	15	6	0.4
id-18951	6	10	10	0.4
id-18952	5	5	9	0.4
id-18953	1	2	17	0.2
id-18954	9	10	16	0.4
id-18955	5	4	22	0.3
id-18956	1	2	6	0.4
id-18957	8	14	2	0.5
id-18958	6	4	26	0.4
id-18959	2	4	29	0.3
id-18960	3	4	25	0.5
id-18961	10	4	30	0.2
id-18962	8	11	28	0.4
id-18963	6	7	21	0.5
id-18964	5	3	6	0.2
id-18965	8	9	4	0.5
id-18966	3	3	1	0.4
id-18967	3	2	10	0.4
id-18968	7	5	16	0.2
id-18969	10	4	23	0.5
id-18970	8	6	16	0.4
id-18971	7	12	20	0.5
id-18972	8	13	15	0.2
id-18973	5	4	30	0.4
id-18974	3	6	26	0.3
id-18975	10	16	21	0.4
id-18976	7	8	23	0.4
id-18977	4	7	23	0.2
id-18978	9	9	9	0.5
id-18979	8	2	15	0.4
id-18980	10	8	19	0.5
id-18981	10	2	18	0.3
id-18982	2	3	3	0.5
id-18983	3	2	26	0.4
id-18984	3	6	3	0.5
id-18985	7	7	29	0.3
id-18986	8	3	14	0.3
id-18987	10	7	26	0.4
id-18988	2	2	14	0.2
id-18989	9	13	13	0.4
id-18990	1	2	3	0.4
id-18991	4	5	29	0.5
id-18992	10	6	3	0.4
id-18993	8	14	2	0.4
id-18994	9	2	29	0.2
id-18995	8	2	25	0.3
id-18996	5	4	17	0.5
id-18997	1	2	27	0.3
id-18998	6	3	6	0.4
id-18999	7	8	28	0.3
id-19000	8	3	6	0.5
id-19001	6	4	27	0.5
id-19002	6	9	30	0.3
id-19003	5	6	1	0.4
id-19004	7	12	13	0.4
id-19005	10	11	16	0.2
id-19006	6	5	29	0.3
id-19007	2	3	26	0.2
id-19008	4	4	12	0.3
id-19009	10	12	3	0.4
id-19010	3	6	15	0.4
id-19011	6	6	16	0.4
id-19012	4	6	2	0.4
id-19013	7	6	6	0.3
id-19014	2	4	2	0.3
id-19015	5	8	8	0.3
id-19016	7	4	29	0.2
id-19017	6	3	1	0.4
id-19018	7	6	19	0.3
id-19019	9	4	9	0.4
id-19020	10	19	7	0.4
id-19021	5	2	4	0.3
id-19022	3	6	20	0.3
id-19023	10	20	27	0.4
id-19024	6	5	24	0.4
id-19025	5	7	30	0.3
id-19026	3	3	27	0.2
id-19027	7	3	26	0.3
id-19028	6	10	27	0.5
id-19029	8	6	26	0.5
id-19030	10	4	23	0.4
id-19031	4	6	29	0.3
id-19032	5	2	13	0.2
id-19033	3	3	3	0.4
id-19034	1	2	15	0.5
id-19035	6	11	23	0.2
id-19036	8	9	14	0.2
id-19037	2	4	8	0.3
id-19038	10	11	30	0.2
id-19039	9	5	4	0.4
id-19040	7	8	23	0.5
id-19041	10	11	30	0.4
id-19042	3	3	5	0.2
id-19043	1	2	13	0.5
id-19044	4	2	29	0.4
id-19045	2	4	29	0.4
id-19046	9	6	20	0.2
id-19047	6	6	5	0.3
id-19048	2	2	25	0.3
id-19049	2	4	30	0.4
id-19050	5	5	5	0.3
id-19051	6	10	5	0.3
id-19052	10	11	4	0.3
id-19053	10	6	28	0.4
id-19054	7	10	19	0.3
id-19055	4	6	13	0.3
id-19056	7	10	18	0.3
id-19057	2	3	28	0.3
id-19058	3	5	12	0.2
id-19059	9	11	18	0.4
id-19060	3	2	25	0.2
id-19061	10	4	2	0.3
id-19062	5	10	3	0.5
id-19063	2	3	12	0.4
id-19064	5	6	17	0.3
id-19065	5	9	28	0.3
id-19066	6	8	30	0.2
id-19067	3	6	28	0.3
id-19068	7	13	10	0.3
id-19069	3	4	15	0.3
id-19070	5	8	9	0.4
id-19071	8	10	4	0.4
id-19072	1	2	20	0.3
id-19073	4	3	30	0.2
id-19074	2	4	8	0.3
id-19075	4	5	11	0.3
id-19076	7	7	12	0.2
id-19077	2	3	30	0.4
id-19078	1	2	28	0.2
id-19079	7	13	20	0.2
id-19080	10	10	5	0.4
id-19081	2	3	16	0.3
id-19082	5	4	9	0.3
id-19083	7	13	17	0.4
id-19084	1	2	7	0.3
id-19085	6	12	9	0.3
id-19086	8	15	16	0.3
id-19087	5	3	5	0.2
id-19088	6	6	14	0.3
id-19089	1	2	13	0.3
id-19090	6	5	1	0.2
id-19091	3	6	10	0.3
id-19092	6	10	25	0.4
id-19093	5	10	4	0.3
id-19094	3	5	16	0.4
id-19095	4	7	12	0.2
id-19096	10	15	18	0.3
id-19097	3	4	14	0.4
id-19098	1	2	6	0.4
id-19099	5	3	29	0.2
id-19100	3	6	25	0.3
id-19101	8	6	17	0.3
id-19102	8	14	19	0.3
id-19103	3	5	17	0.3
id-19104	7	6	15	0.2
id-19105	3	2	1	0.3
id-19106	10	2	6	0.2
id-19107	9	9	24	0.3
id-19108	10	8	18	0.3
id-19109	9	18	27	0.2
id-19110	10	2	6	0.2
id-19111	7	3	9	0.4
id-19112	5	2	8	0.3
id-19113	1	2	29	0.4
id-19114	7	2	8	0.3
id-19115	3	3	9	0.4
id-19116	8	8	23	0.5
id-19117	5	3	10	0.4
id-19118	3	5	9	0.4
id-19119	4	5	16	0.4
id-19120	4	4	25	0.2
id-19121	3	2	8	0.5
id-19122	10	14	6	0.4
id-19123	4	7	22	0.4
id-19124	1	2	16	0.4
id-19125	2	3	14	0.5
id-19126	2	3	22	0.5
id-19127	6	6	30	0.4
id-19128	4	8	3	0.5
id-19129	9	12	21	0.2
id-19130	6	6	24	0.5
id-19131	2	2	13	0.3
id-19132	1	2	13	0.2
id-19133	4	2	27	0.3
id-19134	3	6	3	0.2
id-19135	9	7	8	0.3
id-19136	2	2	29	0.3
id-19137	10	11	30	0.3
id-19138	3	4	30	0.4
id-19139	6	11	12	0.4
id-19140	10	11	8	0.4
id-19141	10	18	9	0.5
id-19142	3	5	16	0.5
id-19143	5	3	23	0.4
id-19144	6	9	9	0.4
id-19145	7	14	21	0.4
id-19146	5	2	13	0.3
id-19147	8	12	27	0.4
id-19148	4	2	5	0.3
id-19149	4	8	2	0.4
id-19150	10	7	23	0.3
id-19151	5	4	18	0.4
id-19152	4	3	13	0.3
id-19153	2	4	18	0.2
id-19154	4	7	24	0.4
id-19155	3	4	18	0.5
id-19156	3	3	15	0.3
id-19157	10	17	16	0.3
id-19158	9	4	18	0.3
id-19159	9	15	7	0.2
id-19160	2	2	13	0.2
id-19161	7	13	13	0.4
id-19162	2	4	2	0.3
id-19163	8	3	4	0.4
id-19164	2	4	27	0.3
id-19165	7	4	29	0.2
id-19166	3	3	22	0.4
id-19167	1	2	3	0.4
id-19168	3	4	16	0.4
id-19169	4	5	9	0.4
id-19170	5	5	15	0.4
id-19171	10	15	13	0.3
id-19172	5	2	12	0.4
id-19173	7	2	18	0.4
id-19174	9	3	17	0.2
id-19175	7	3	25	0.4
id-19176	8	14	1	0.2
id-19177	8	2	1	0.4
id-19178	7	10	20	0.3
id-19179	10	19	17	0.4
id-19180	7	14	30	0.5
id-19181	3	6	13	0.3
id-19182	8	10	19	0.4
id-19183	9	4	10	0.3
id-19184	10	14	17	0.4
id-19185	6	11	19	0.3
id-19186	4	2	3	0.2
id-19187	5	3	19	0.3
id-19188	7	14	19	0.4
id-19189	3	5	3	0.4
id-19190	10	3	9	0.3
id-19191	9	18	28	0.4
id-19192	7	2	2	0.3
id-19193	8	14	15	0.4
id-19194	5	3	11	0.3
id-19195	4	3	28	0.2
id-19196	3	2	4	0.5
id-19197	6	4	21	0.4
id-19198	7	2	30	0.3
id-19199	7	5	13	0.5
id-19200	1	2	10	0.4
id-19201	3	2	2	0.4
id-19202	1	2	20	0.4
id-19203	9	2	4	0.3
id-19204	2	4	5	0.4
id-19205	3	6	29	0.3
id-19206	2	3	16	0.3
id-19207	3	6	26	0.4
id-19208	5	4	12	0.2
id-19209	6	10	29	0.3
id-19210	7	6	15	0.5
id-19211	2	3	11	0.4
id-19212	10	4	1	0.4
id-19213	5	6	27	0.2
id-19214	10	19	9	0.2
id-19215	8	11	1	0.5
id-19216	6	8	28	0.3
id-19217	3	6	12	0.3
id-19218	7	4	14	0.5
id-19219	2	3	16	0.2
id-19220	7	7	26	0.3
id-19221	5	3	26	0.3
id-19222	8	4	19	0.4
id-19223	3	5	19	0.2
id-19224	7	14	20	0.3
id-19225	2	3	1	0.3
id-19226	2	3	28	0.4
id-19227	2	3	5	0.4
id-19228	3	2	23	0.4
id-19229	8	12	16	0.3
id-19230	7	9	28	0.5
id-19231	3	5	23	0.3
id-19232	7	13	26	0.2
id-19233	4	6	24	0.2
id-19234	10	2	24	0.2
id-19235	4	7	26	0.5
id-19236	9	7	17	0.4
id-19237	1	2	17	0.3
id-19238	2	3	26	0.3
id-19239	1	2	28	0.3
id-19240	7	13	6	0.4
id-19241	8	3	9	0.4
id-19242	10	18	9	0.4
id-19243	8	12	11	0.3
id-19244	7	6	19	0.4
id-19245	10	8	4	0.4
id-19246	1	2	24	0.3
id-19247	9	16	21	0.4
id-19248	9	8	2	0.4
id-19249	1	2	25	0.3
id-19250	10	15	7	0.4
id-19251	10	3	2	0.4
id-19252	6	5	27	0.3
id-19253	4	7	15	0.5
id-19254	7	2	9	0.2
id-19255	6	12	21	0.4
id-19256	4	2	1	0.5
id-19257	5	5	17	0.3
id-19258	8	9	2	0.2
id-19259	2	4	17	0.3
id-19260	3	5	9	0.4
id-19261	2	3	16	0.3
id-19262	6	5	29	0.5
id-19263	8	7	30	0.3
id-19264	5	2	16	0.4
id-19265	3	3	30	0.4
id-19266	5	8	14	0.4
id-19267	7	11	21	0.3
id-19268	2	2	10	0.3
id-19269	10	3	6	0.2
id-19270	3	6	20	0.3
id-19271	10	10	12	0.2
id-19272	10	16	11	0.4
id-19273	4	8	17	0.5
id-19274	1	2	3	0.3
id-19275	8	14	26	0.5
id-19276	8	8	6	0.3
id-19277	10	12	27	0.4
id-19278	10	14	22	0.4
id-19279	8	15	30	0.2
id-19280	7	13	29	0.3
id-19281	1	2	30	0.5
id-19282	5	8	30	0.4
id-19283	10	10	5	0.2
id-19284	5	9	17	0.5
id-19285	6	4	2	0.3
id-19286	7	5	28	0.4
id-19287	1	2	24	0.5
id-19288	7	4	17	0.5
id-19289	9	5	25	0.4
id-19290	10	12	3	0.3
id-19291	3	2	10	0.2
id-19292	10	20	25	0.4
id-19293	10	7	4	0.5
id-19294	3	3	2	0.3
id-19295	2	4	24	0.4
id-19296	6	12	11	0.4
id-19297	5	9	30	0.3
id-19298	5	10	20	0.4
id-19299	8	7	25	0.4
id-19300	10	10	13	0.4
id-19301	10	12	26	0.4
id-19302	1	2	24	0.4
id-19303	1	2	18	0.4
id-19304	4	3	14	0.2
id-19305	2	2	9	0.5
id-19306	6	12	17	0.4
id-19307	3	2	27	0.3
id-19308	3	6	5	0.3
id-19309	10	4	18	0.2
id-19310	2	4	10	0.2
id-19311	9	8	10	0.4
id-19312	10	5	11	0.3
id-19313	6	6	11	0.3
id-19314	7	10	17	0.3
id-19315	9	14	4	0.5
id-19316	5	9	8	0.5
id-19317	6	5	16	0.4
id-19318	2	4	29	0.2
id-19319	7	4	18	0.3
id-19320	8	13	7	0.2
id-19321	3	6	30	0.5
id-19322	3	5	24	0.2
id-19323	4	2	2	0.5
id-19324	1	2	21	0.3
id-19325	9	13	17	0.5
id-19326	5	3	14	0.4
id-19327	3	5	27	0.4
id-19328	5	8	30	0.5
id-19329	10	16	1	0.4
id-19330	1	2	17	0.3
id-19331	2	2	9	0.2
id-19332	5	5	28	0.4
id-19333	6	11	26	0.3
id-19334	3	5	26	0.4
id-19335	9	6	24	0.3
id-19336	3	5	13	0.4
id-19337	8	10	9	0.3
id-19338	1	2	12	0.3
id-19339	4	8	4	0.5
id-19340	5	8	11	0.4
id-19341	1	2	1	0.3
id-19342	2	3	8	0.4
id-19343	6	10	8	0.3
id-19344	1	2	23	0.4
id-19345	5	10	5	0.3
id-19346	4	2	29	0.3
id-19347	10	4	12	0.4
id-19348	9	18	16	0.3
id-19349	5	10	8	0.3
id-19350	10	19	19	0.4
id-19351	4	7	18	0.4
id-19352	5	6	18	0.3
id-19353	2	3	20	0.3
id-19354	2	2	14	0.4
id-19355	4	6	15	0.3
id-19356	9	10	23	0.2
id-19357	10	20	27	0.3
id-19358	4	2	22	0.4
id-19359	8	4	17	0.5
id-19360	5	8	25	0.4
id-19361	5	5	21	0.4
id-19362	1	2	10	0.3
id-19363	6	3	16	0.3
id-19364	5	10	8	0.3
id-19365	9	17	21	0.3
id-19366	1	2	5	0.5
id-19367	5	2	29	0.2
id-19368	1	2	22	0.4
id-19369	7	7	25	0.4
id-19370	6	6	12	0.4
id-19371	5	2	22	0.3
id-19372	4	3	30	0.4
id-19373	2	4	24	0.4
id-19374	5	4	18	0.3
id-19375	7	9	2	0.5
id-19376	2	4	1	0.4
id-19377	10	16	13	0.4
id-19378	6	11	7	0.4
id-19379	6	7	15	0.2
id-19380	5	8	15	0.3
id-19381	8	8	1	0.4
id-19382	4	2	18	0.3
id-19383	2	3	16	0.2
id-19384	6	8	11	0.2
id-19385	3	5	25	0.5
id-19386	3	2	3	0.5
id-19387	2	3	19	0.5
id-19388	5	7	28	0.5
id-19389	5	4	8	0.4
id-19390	6	9	2	0.3
id-19391	4	7	30	0.3
id-19392	1	2	24	0.2
id-19393	4	8	23	0.2
id-19394	7	10	12	0.3
id-19395	2	4	17	0.3
id-19396	2	3	2	0.2
id-19397	9	17	4	0.2
id-19398	4	8	2	0.5
id-19399	10	20	21	0.5
id-19400	3	5	26	0.2
id-19401	8	6	4	0.2
id-19402	4	8	3	0.2
id-19403	5	6	28	0.2
id-19404	9	4	9	0.4
id-19405	1	2	6	0.4
id-19406	3	4	10	0.2
id-19407	3	2	23	0.5
id-19408	8	5	22	0.5
id-19409	6	7	23	0.4
id-19410	5	2	3	0.4
id-19411	1	2	4	0.4
id-19412	9	4	23	0.4
id-19413	2	3	7	0.3
id-19414	1	2	23	0.3
id-19415	4	6	4	0.3
id-19416	4	3	9	0.5
id-19417	7	11	11	0.2
id-19418	7	9	28	0.4
id-19419	6	4	30	0.2
id-19420	8	6	12	0.4
id-19421	5	4	24	0.4
id-19422	6	10	22	0.3
id-19423	7	10	6	0.4
id-19424	6	3	14	0.3
id-19425	4	6	2	0.2
id-19426	9	2	8	0.4
id-19427	5	4	9	0.4
id-19428	9	6	7	0.3
id-19429	8	12	16	0.4
id-19430	1	2	20	0.5
id-19431	5	4	17	0.3
id-19432	5	2	24	0.4
id-19433	1	2	21	0.5
id-19434	9	4	22	0.5
id-19435	6	9	23	0.3
id-19436	1	2	28	0.2
id-19437	7	14	12	0.2
id-19438	10	17	18	0.3
id-19439	6	7	17	0.2
id-19440	5	8	9	0.4
id-19441	4	7	26	0.4
id-19442	5	6	14	0.3
id-19443	5	2	20	0.4
id-19444	4	6	27	0.3
id-19445	2	3	30	0.4
id-19446	2	2	14	0.4
id-19447	5	5	22	0.4
id-19448	7	7	28	0.4
id-19449	3	2	19	0.5
id-19450	9	3	14	0.3
id-19451	10	11	19	0.4
id-19452	8	6	29	0.5
id-19453	5	4	10	0.4
id-19454	10	15	11	0.5
id-19455	9	8	27	0.3
id-19456	3	5	16	0.3
id-19457	8	5	1	0.3
id-19458	8	8	13	0.4
id-19459	4	2	24	0.4
id-19460	2	3	25	0.4
id-19461	4	6	26	0.3
id-19462	8	3	17	0.2
id-19463	10	5	25	0.2
id-19464	3	2	24	0.3
id-19465	5	8	12	0.5
id-19466	3	5	24	0.3
id-19467	9	3	29	0.3
id-19468	8	7	16	0.4
id-19469	6	11	30	0.4
id-19470	5	7	5	0.3
id-19471	3	6	22	0.3
id-19472	9	8	17	0.5
id-19473	1	2	20	0.5
id-19474	8	4	10	0.5
id-19475	3	6	13	0.2
id-19476	10	12	15	0.5
id-19477	2	4	22	0.5
id-19478	6	4	15	0.3
id-19479	1	2	19	0.5
id-19480	5	8	18	0.2
id-19481	3	5	29	0.4
id-19482	1	2	7	0.5
id-19483	8	11	4	0.3
id-19484	4	7	24	0.3
id-19485	2	4	8	0.4
id-19486	8	3	11	0.5
id-19487	1	2	5	0.2
id-19488	3	2	24	0.4
id-19489	5	7	2	0.5
id-19490	10	13	23	0.5
id-19491	6	6	2	0.2
id-19492	3	5	17	0.5
id-19493	5	9	1	0.5
id-19494	8	6	13	0.2
id-19495	6	9	10	0.3
id-19496	6	12	23	0.5
id-19497	3	5	8	0.2
id-19498	2	3	11	0.3
id-19499	2	4	29	0.3
id-19500	6	6	16	0.3
id-19501	5	6	23	0.4
id-19502	7	8	19	0.3
id-19503	10	10	17	0.3
id-19504	5	8	29	0.2
id-19505	3	3	22	0.4
id-19506	7	13	26	0.4
id-19507	3	2	4	0.2
id-19508	3	6	12	0.3
id-19509	9	17	27	0.4
id-19510	1	2	11	0.5
id-19511	8	15	8	0.2
id-19512	8	13	7	0.3
id-19513	6	9	22	0.3
id-19514	3	6	17	0.4
id-19515	4	6	8	0.3
id-19516	3	4	1	0.4
id-19517	2	3	28	0.4
id-19518	1	2	27	0.4
id-19519	1	2	16	0.4
id-19520	4	2	21	0.3
id-19521	6	9	14	0.4
id-19522	2	4	5	0.3
id-19523	5	7	18	0.4
id-19524	8	4	28	0.3
id-19525	7	11	14	0.4
id-19526	5	8	17	0.5
id-19527	9	7	21	0.2
id-19528	6	6	17	0.3
id-19529	4	5	19	0.4
id-19530	7	13	13	0.3
id-19531	10	2	13	0.3
id-19532	1	2	28	0.3
id-19533	3	5	16	0.3
id-19534	3	3	17	0.5
id-19535	9	10	9	0.5
id-19536	5	10	19	0.3
id-19537	8	6	2	0.3
id-19538	6	5	20	0.4
id-19539	2	3	24	0.5
id-19540	7	4	17	0.4
id-19541	1	2	23	0.4
id-19542	9	16	6	0.5
id-19543	1	2	18	0.3
id-19544	2	3	21	0.4
id-19545	8	5	30	0.3
id-19546	3	3	23	0.5
id-19547	8	2	11	0.5
id-19548	10	15	24	0.5
id-19549	5	8	23	0.2
id-19550	10	12	25	0.4
id-19551	8	15	6	0.4
id-19552	10	9	18	0.2
id-19553	2	4	13	0.5
id-19554	6	5	19	0.4
id-19555	10	17	19	0.4
id-19556	5	5	26	0.4
id-19557	7	11	2	0.3
id-19558	10	12	1	0.4
id-19559	8	10	6	0.4
id-19560	6	4	15	0.4
id-19561	5	8	9	0.5
id-19562	5	5	27	0.4
id-19563	1	2	16	0.4
id-19564	4	7	4	0.3
id-19565	7	3	8	0.5
id-19566	5	9	20	0.4
id-19567	7	11	3	0.4
id-19568	7	6	14	0.2
id-19569	6	5	16	0.5
id-19570	3	5	13	0.3
id-19571	9	4	8	0.3
id-19572	4	6	16	0.4
id-19573	10	16	6	0.4
id-19574	8	6	12	0.2
id-19575	10	5	16	0.3
id-19576	3	2	15	0.3
id-19577	7	6	4	0.3
id-19578	4	3	21	0.4
id-19579	5	5	7	0.3
id-19580	10	9	13	0.2
id-19581	7	13	11	0.5
id-19582	4	6	14	0.3
id-19583	8	16	22	0.5
id-19584	7	3	7	0.4
id-19585	8	4	7	0.2
id-19586	5	6	2	0.4
id-19587	10	13	13	0.5
id-19588	4	8	17	0.4
id-19589	8	7	26	0.2
id-19590	7	12	5	0.4
id-19591	3	6	3	0.2
id-19592	8	3	10	0.3
id-19593	9	15	24	0.5
id-19594	2	3	10	0.3
id-19595	2	2	14	0.3
id-19596	10	13	9	0.3
id-19597	1	2	2	0.5
id-19598	10	11	8	0.5
id-19599	5	10	30	0.3
id-19600	6	4	1	0.2
id-19601	8	2	12	0.4
id-19602	3	3	9	0.5
id-19603	1	2	24	0.3
id-19604	5	6	26	0.4
id-19605	3	6	30	0.4
id-19606	5	3	4	0.3
id-19607	3	4	17	0.3
id-19608	10	8	23	0.4
id-19609	8	12	2	0.4
id-19610	10	9	2	0.2
id-19611	5	9	24	0.5
id-19612	6	12	2	0.4
id-19613	2	3	4	0.2
id-19614	1	2	29	0.5
id-19615	6	8	3	0.2
id-19616	7	7	10	0.3
id-19617	10	7	17	0.4
id-19618	2	4	24	0.2
id-19619	6	12	4	0.4
id-19620	8	15	23	0.2
id-19621	6	6	4	0.3
id-19622	3	5	18	0.3
id-19623	9	9	14	0.4
id-19624	5	8	24	0.4
id-19625	2	4	27	0.3
id-19626	9	14	1	0.4
id-19627	5	6	10	0.2
id-19628	6	4	11	0.4
id-19629	3	2	25	0.3
id-19630	5	2	3	0.4
id-19631	10	4	21	0.3
id-19632	2	3	10	0.5
id-19633	7	5	23	0.4
id-19634	3	5	21	0.4
id-19635	2	3	24	0.5
id-19636	2	3	12	0.5
id-19637	6	3	14	0.5
id-19638	8	11	4	0.3
id-19639	2	3	5	0.3
id-19640	5	3	30	0.4
id-19641	6	4	19	0.5
id-19642	2	3	28	0.3
id-19643	9	6	26	0.2
id-19644	7	11	14	0.5
id-19645	7	4	9	0.2
id-19646	5	2	1	0.2
id-19647	6	12	8	0.2
id-19648	8	16	27	0.2
id-19649	9	15	10	0.4
id-19650	9	14	9	0.5
id-19651	6	12	28	0.3
id-19652	10	20	14	0.4
id-19653	9	13	5	0.2
id-19654	6	10	3	0.3
id-19655	10	3	19	0.4
id-19656	6	4	16	0.5
id-19657	10	17	8	0.2
id-19658	3	2	4	0.2
id-19659	6	7	18	0.4
id-19660	7	9	6	0.3
id-19661	6	10	11	0.3
id-19662	7	5	24	0.4
id-19663	4	8	16	0.5
id-19664	8	13	16	0.3
id-19665	5	5	30	0.3
id-19666	2	3	18	0.4
id-19667	3	5	4	0.2
id-19668	1	2	30	0.4
id-19669	7	5	21	0.5
id-19670	6	5	16	0.4
id-19671	5	2	15	0.2
id-19672	6	2	13	0.3
id-19673	6	4	3	0.3
id-19674	2	2	6	0.3
id-19675	10	11	9	0.4
id-19676	8	15	28	0.5
id-19677	5	4	22	0.5
id-19678	10	2	26	0.4
id-19679	9	5	1	0.3
id-19680	7	14	12	0.5
id-19681	1	2	25	0.4
id-19682	6	12	27	0.5
id-19683	2	4	14	0.4
id-19684	9	11	23	0.5
id-19685	9	15	25	0.2
id-19686	6	11	10	0.3
id-19687	7	9	18	0.5
id-19688	4	3	22	0.5
id-19689	6	6	19	0.4
id-19690	3	2	16	0.2
id-19691	8	12	16	0.4
id-19692	4	3	16	0.5
id-19693	3	6	5	0.4
id-19694	1	2	22	0.2
id-19695	6	5	26	0.5
id-19696	7	12	21	0.4
id-19697	2	4	5	0.4
id-19698	3	3	25	0.3
id-19699	1	2	23	0.4
id-19700	5	8	30	0.3
id-19701	9	9	19	0.3
id-19702	3	6	11	0.5
id-19703	6	8	22	0.4
id-19704	3	2	21	0.3
id-19705	7	5	20	0.3
id-19706	10	10	20	0.2
id-19707	1	2	23	0.5
id-19708	7	3	6	0.5
id-19709	5	2	19	0.4
id-19710	10	9	24	0.3
id-19711	4	4	25	0.2
id-19712	1	2	2	0.2
id-19713	1	2	7	0.4
id-19714	9	3	25	0.3
id-19715	8	5	23	0.4
id-19716	3	6	7	0.3
id-19717	6	12	13	0.5
id-19718	4	3	30	0.4
id-19719	1	2	26	0.5
id-19720	5	6	2	0.3
id-19721	5	7	28	0.3
id-19722	4	2	19	0.2
id-19723	5	5	17	0.5
id-19724	10	15	16	0.3
id-19725	9	15	22	0.4
id-19726	6	12	16	0.3
id-19727	3	2	9	0.2
id-19728	1	2	8	0.4
id-19729	9	14	22	0.3
id-19730	10	14	22	0.5
id-19731	4	6	24	0.4
id-19732	8	5	28	0.2
id-19733	9	4	2	0.3
id-19734	8	10	13	0.3
id-19735	6	5	30	0.3
id-19736	8	13	23	0.4
id-19737	5	2	26	0.3
id-19738	10	4	17	0.3
id-19739	4	5	7	0.4
id-19740	7	13	10	0.3
id-19741	4	7	6	0.3
id-19742	7	14	20	0.3
id-19743	7	6	19	0.5
id-19744	9	10	10	0.4
id-19745	3	6	9	0.5
id-19746	10	20	25	0.2
id-19747	10	14	3	0.4
id-19748	5	9	10	0.3
id-19749	1	2	5	0.3
id-19750	10	10	11	0.2
id-19751	5	8	5	0.4
id-19752	8	5	24	0.4
id-19753	9	10	14	0.3
id-19754	7	10	15	0.2
id-19755	3	4	30	0.3
id-19756	5	7	22	0.2
id-19757	8	11	26	0.3
id-19758	3	5	29	0.4
id-19759	7	11	10	0.3
id-19760	7	4	2	0.4
id-19761	8	5	26	0.4
id-19762	7	11	23	0.5
id-19763	7	13	13	0.5
id-19764	4	3	21	0.3
id-19765	4	5	18	0.4
id-19766	5	6	24	0.3
id-19767	5	8	18	0.3
id-19768	9	6	7	0.4
id-19769	4	5	13	0.2
id-19770	8	11	17	0.5
id-19771	6	2	15	0.4
id-19772	8	2	4	0.3
id-19773	7	5	9	0.5
id-19774	1	2	9	0.3
id-19775	2	4	2	0.3
id-19776	1	2	6	0.4
id-19777	5	6	27	0.4
id-19778	2	2	3	0.2
id-19779	8	9	13	0.2
id-19780	9	5	1	0.3
id-19781	6	3	23	0.2
id-19782	10	19	27	0.2
id-19783	6	8	4	0.4
id-19784	2	3	6	0.4
id-19785	3	5	6	0.3
id-19786	8	15	26	0.3
id-19787	6	9	21	0.4
id-19788	6	2	18	0.4
id-19789	3	2	16	0.4
id-19790	3	6	26	0.4
id-19791	6	7	13	0.4
id-19792	8	13	6	0.5
id-19793	4	4	27	0.4
id-19794	9	6	11	0.4
id-19795	8	11	6	0.4
id-19796	9	17	14	0.5
id-19797	7	8	2	0.4
id-19798	6	2	1	0.4
id-19799	4	4	15	0.3
id-19800	1	2	9	0.3
id-19801	3	4	22	0.4
id-19802	8	14	5	0.3
id-19803	2	2	17	0.5
id-19804	10	6	14	0.3
id-19805	5	5	15	0.5
id-19806	10	6	3	0.4
id-19807	4	8	6	0.4
id-19808	5	4	24	0.2
id-19809	4	6	14	0.4
id-19810	1	2	3	0.4
id-19811	10	20	24	0.2
id-19812	2	4	7	0.3
id-19813	1	2	16	0.5
id-19814	8	10	3	0.4
id-19815	7	12	26	0.4
id-19816	8	10	10	0.3
id-19817	9	17	5	0.3
id-19818	9	7	8	0.3
id-19819	5	6	26	0.5
id-19820	10	9	30	0.4
id-19821	2	3	23	0.3
id-19822	10	11	26	0.4
id-19823	5	9	30	0.5
id-19824	7	9	18	0.4
id-19825	9	18	20	0.3
id-19826	9	2	26	0.2
id-19827	7	12	9	0.2
id-19828	9	6	18	0.3
id-19829	6	12	1	0.4
id-19830	9	6	14	0.5
id-19831	5	6	15	0.4
id-19832	8	4	1	0.4
id-19833	5	7	29	0.5
id-19834	2	2	17	0.3
id-19835	7	2	5	0.4
id-19836	7	13	15	0.3
id-19837	7	6	4	0.3
id-19838	4	8	25	0.3
id-19839	6	5	29	0.4
id-19840	2	3	1	0.4
id-19841	5	8	22	0.4
id-19842	5	2	25	0.3
id-19843	7	4	27	0.4
id-19844	7	9	14	0.4
id-19845	3	4	6	0.2
id-19846	7	5	18	0.3
id-19847	4	2	29	0.5
id-19848	10	14	12	0.5
id-19849	7	11	5	0.5
id-19850	8	4	10	0.4
id-19851	8	10	29	0.3
id-19852	1	2	7	0.4
id-19853	8	8	3	0.4
id-19854	6	4	12	0.3
id-19855	6	3	16	0.3
id-19856	8	6	8	0.2
id-19857	6	12	21	0.3
id-19858	9	10	19	0.5
id-19859	4	5	13	0.2
id-19860	3	3	19	0.3
id-19861	2	3	27	0.4
id-19862	7	11	27	0.4
id-19863	1	2	29	0.2
id-19864	5	5	3	0.5
id-19865	1	2	5	0.4
id-19866	3	6	2	0.2
id-19867	8	12	17	0.3
id-19868	9	18	22	0.2
id-19869	1	2	27	0.3
id-19870	2	3	7	0.5
id-19871	7	13	24	0.4
id-19872	4	7	19	0.4
id-19873	2	3	8	0.3
id-19874	10	13	7	0.3
id-19875	4	7	26	0.3
id-19876	2	4	23	0.5
id-19877	2	4	22	0.4
id-19878	4	8	11	0.4
id-19879	8	14	14	0.4
id-19880	4	8	26	0.2
id-19881	5	3	14	0.3
id-19882	7	8	2	0.4
id-19883	1	2	29	0.3
id-19884	4	6	25	0.5
id-19885	4	8	5	0.3
id-19886	6	3	30	0.4
id-19887	5	5	18	0.4
id-19888	9	18	12	0.3
id-19889	9	15	27	0.5
id-19890	6	8	14	0.4
id-19891	8	5	1	0.4
id-19892	1	2	18	0.3
id-19893	3	5	29	0.3
id-19894	2	4	19	0.4
id-19895	3	6	21	0.4
id-19896	3	3	11	0.2
id-19897	8	10	14	0.3
id-19898	6	2	14	0.2
id-19899	3	3	17	0.3
id-19900	3	2	28	0.4
id-19901	9	13	8	0.2
id-19902	7	10	17	0.3
id-19903	5	9	25	0.4
id-19904	5	4	5	0.5
id-19905	10	20	5	0.4
id-19906	9	14	24	0.2
id-19907	4	2	8	0.2
id-19908	1	2	10	0.5
id-19909	1	2	20	0.4
id-19910	5	9	24	0.3
id-19911	10	5	16	0.3
id-19912	5	5	22	0.2
id-19913	5	2	7	0.3
id-19914	9	12	9	0.5
id-19915	10	12	14	0.3
id-19916	1	2	8	0.3
id-19917	10	13	3	0.2
id-19918	4	7	2	0.4
id-19919	10	11	23	0.4
id-19920	3	4	16	0.4
id-19921	9	9	6	0.3
id-19922	3	2	21	0.3
id-19923	3	6	22	0.4
id-19924	1	2	3	0.5
id-19925	9	13	13	0.5
id-19926	3	3	12	0.2
id-19927	6	8	21	0.3
id-19928	7	9	9	0.3
id-19929	1	2	27	0.3
id-19930	1	2	28	0.5
id-19931	10	5	8	0.4
id-19932	3	3	12	0.5
id-19933	6	6	2	0.4
id-19934	7	11	23	0.3
id-19935	7	4	4	0.3
id-19936	4	6	17	0.3
id-19937	6	8	27	0.3
id-19938	7	14	3	0.3
id-19939	3	5	3	0.3
id-19940	2	4	6	0.4
id-19941	9	18	4	0.3
id-19942	8	16	23	0.3
id-19943	8	15	12	0.5
id-19944	3	2	21	0.5
id-19945	1	2	6	0.5
id-19946	9	4	10	0.3
id-19947	9	15	12	0.3
id-19948	5	3	14	0.2
id-19949	4	6	7	0.4
id-19950	6	11	18	0.4
id-19951	3	6	1	0.3
id-19952	8	9	12	0.4
id-19953	10	7	15	0.4
id-19954	7	10	22	0.5
id-19955	2	2	23	0.3
id-19956	10	8	24	0.4
id-19957	2	4	25	0.3
id-19958	8	2	8	0.3
id-19959	7	11	17	0.3
id-19960	1	2	29	0.5
id-19961	1	2	26	0.4
id-19962	1	2	22	0.3
id-19963	7	9	26	0.2
id-19964	5	10	7	0.5
id-19965	10	18	8	0.3
id-19966	6	12	11	0.4
id-19967	4	7	24	0.5
id-19968	8	7	20	0.4
id-19969	10	4	25	0.3
id-19970	5	5	4	0.5
id-19971	8	11	8	0.5
id-19972	3	4	26	0.3
id-19973	1	2	12	0.5
id-19974	1	2	8	0.2
id-19975	3	3	20	0.3
id-19976	1	2	13	0.4
id-19977	7	7	28	0.4
id-19978	6	6	7	0.3
id-19979	7	14	21	0.4
id-19980	6	5	23	0.3
id-19981	8	15	23	0.4
id-19982	3	3	6	0.3
id-19983	5	3	5	0.2
id-19984	1	2	16	0.3
id-19985	2	3	8	0.4
id-19986	10	17	4	0.3
id-19987	2	2	6	0.4
id-19988	10	13	7	0.4
id-19989	2	3	4	0.3
id-19990	10	5	17	0.4
id-19991	1	2	19	0.2
id-19992	9	15	19	0.3
id-19993	1	2	18	0.3
id-19994	4	6	28	0.5
id-19995	9	9	21	0.4
id-19996	6	12	22	0.3
id-19997	4	5	20	0.4
id-19998	3	3	25	0.5
id-19999	2	2	23	0.3
