id-00000	2	2	23	6.0
id-00001	2	4	23	6.3
id-00002	4	3	16	5.3
id-00003	3	2	11	5.6
id-00004	7	11	21	6.7
id-00005	10	14	5	6.0
id-00006	5	9	6	5.3
id-00007	9	10	7	5.4
id-00008	2	2	19	6.7
id-00009	4	2	14	6.7
id-00010	8	3	17	6.2
id-00011	1	2	13	5.3
id-00012	10	4	1	5.2
id-00013	5	4	25	5.3
id-00014	9	13	16	6.6
id-00015	7	11	30	6.9
id-00016	4	2	23	6.9
id-00017	2	3	23	6.1
id-00018	9	12	8	6.4
id-00019	4	3	17	6.3
id-00020	6	8	19	5.4
id-00021	8	2	20	6.0
id-00022	1	2	19	6.8
id-00023	3	4	24	6.6
id-00024	1	2	9	5.1
id-00025	10	5	19	5.3
id-00026	7	5	17	6.7
id-00027	7	4	29	6.9
id-00028	1	2	26	6.7
id-00029	7	3	1	5.3
id-00030	6	12	17	7.0
id-00031	2	3	30	5.9
id-00032	8	11	23	7.0
id-00033	4	6	19	6.6
id-00034	9	4	23	6.8
id-00035	5	7	11	6.3
id-00036	7	7	19	5.0
id-00037	8	7	10	5.2
id-00038	4	2	14	6.7
id-00039	6	7	21	5.4
id-00040	6	8	1	5.2
id-00041	5	4	21	5.4
id-00042	4	6	13	5.6
id-00043	8	12	27	5.6
id-00044	6	9	16	5.6
id-00045	5	8	10	5.6
id-00046	4	6	7	6.9
id-00047	10	10	16	6.8
id-00048	3	4	21	5.6
id-00049	9	15	22	5.6
id-00050	5	10	9	5.0
id-00051	6	2	30	5.2
id-00052	8	11	18	6.5
id-00053	9	12	17	6.2
id-00054	5	8	5	6.6
id-00055	8	4	2	5.0
id-00056	4	8	27	6.8
id-00057	2	4	25	5.5
id-00058	7	11	14	5.1
id-00059	8	9	2	6.3
id-00060	9	17	19	5.5
id-00061	3	6	15	5.5
id-00062	2	4	8	5.7
id-00063	5	9	11	5.5
id-00064	2	3	6	5.6
id-00065	4	2	22	6.5
id-00066	8	3	24	6.6
id-00067	4	2	9	6.9
id-00068	2	4	2	6.4
id-00069	8	16	23	5.1
id-00070	2	2	15	6.3
id-00071	2	4	29	6.8
id-00072	10	16	18	6.2
id-00073	9	10	10	6.4
id-00074	8	11	14	6.5
id-00075	5	9	21	5.7
id-00076	1	2	13	6.8
id-00077	1	2	14	6.8
id-00078	4	7	9	6.0
id-00079	6	6	5	5.2
id-00080	10	11	28	6.1
id-00081	6	2	30	5.6
id-00082	6	4	28	6.0
id-00083	2	4	29	6.4
id-00084	6	2	16	5.4
id-00085	9	12	3	5.7
id-00086	9	18	5	6.9
id-00087	6	4	4	6.9
id-00088	2	4	7	5.0
id-00089	4	7	18	5.7
id-00090	7	7	29	7.0
id-00091	7	14	28	6.4
id-00092	4	5	28	6.5
id-00093	1	2	17	5.3
id-00094	2	4	19	5.0
id-00095	10	10	30	5.2
id-00096	9	2	25	6.1
id-00097	7	8	5	5.3
id-00098	2	2	9	6.5
id-00099	10	20	22	6.0
id-00100	1	2	10	5.1
id-00101	7	9	18	6.8
id-00102	1	2	5	6.5
id-00103	6	6	17	7.0
id-00104	7	10	5	5.8
id-00105	4	3	3	6.7
id-00106	5	7	20	6.8
id-00107	5	9	23	6.0
id-00108	9	10	8	7.0
id-00109	6	5	20	6.2
id-00110	5	9	13	5.3
id-00111	10	17	26	6.2
id-00112	9	4	18	6.3
id-00113	5	6	1	5.6
id-00114	8	16	5	6.7
id-00115	5	5	18	6.9
id-00116	4	6	21	5.3
id-00117	9	14	8	5.4
id-00118	6	10	22	5.3
id-00119	1	2	10	7.0
id-00120	10	18	27	5.1
id-00121	9	11	5	5.5
id-00122	8	13	7	6.5
id-00123	2	2	8	6.7
id-00124	7	7	24	5.4
id-00125	8	13	14	5.5
id-00126	7	6	25	5.2
id-00127	7	9	24	7.0
id-00128	3	2	15	6.2
id-00129	6	11	30	5.3
id-00130	5	6	2	5.5
id-00131	7	7	27	6.4
id-00132	4	4	3	5.1
id-00133	2	3	23	6.8
id-00134	9	18	30	5.8
id-00135	9	6	16	6.1
id-00136	7	4	22	6.2
id-00137	10	3	4	6.4
id-00138	2	2	25	5.7
id-00139	6	2	13	5.7
id-00140	7	9	9	6.0
id-00141	8	9	14	5.8
id-00142	9	8	7	5.8
id-00143	8	3	10	6.8
id-00144	2	2	13	6.7
id-00145	2	4	13	6.1
id-00146	2	4	24	5.5
id-00147	7	13	4	5.0
id-00148	1	2	11	6.5
id-00149	10	18	4	6.0
id-00150	6	10	25	6.5
id-00151	10	6	23	5.7
id-00152	3	6	7	5.3
id-00153	6	12	15	5.1
id-00154	7	7	19	5.3
id-00155	9	15	4	5.7
id-00156	7	14	18	6.9
id-00157	1	2	21	6.8
id-00158	6	9	22	5.2
id-00159	2	3	19	6.2
id-00160	8	6	28	5.3
id-00161	8	6	23	6.9
id-00162	8	5	27	6.8
id-00163	4	3	20	5.5
id-00164	4	3	15	5.7
id-00165	5	8	20	5.2
id-00166	4	2	25	5.5
id-00167	9	13	10	7.0
id-00168	10	6	26	5.3
id-00169	10	11	16	5.2
id-00170	4	4	16	5.9
id-00171	6	3	30	6.5
id-00172	1	2	8	5.3
id-00173	2	2	11	5.2
id-00174	7	14	15	6.7
id-00175	1	2	21	5.7
id-00176	7	11	9	6.1
id-00177	4	8	26	5.1
id-00178	5	3	7	6.6
id-00179	6	3	25	5.5
id-00180	4	4	21	5.4
id-00181	4	8	29	6.6
id-00182	9	6	21	6.5
id-00183	2	3	20	6.0
id-00184	6	6	21	6.4
id-00185	4	5	10	6.1
id-00186	6	11	7	6.9
id-00187	5	2	19	7.0
id-00188	8	7	24	5.6
id-00189	8	13	1	6.4
id-00190	5	10	4	5.4
id-00191	10	17	2	6.7
id-00192	5	2	4	6.3
id-00193	5	8	3	6.6
id-00194	7	7	13	6.3
id-00195	5	7	8	6.6
id-00196	7	4	26	6.2
id-00197	6	10	10	5.6
id-00198	3	4	7	5.2
id-00199	3	4	23	5.2
id-00200	10	9	12	6.3
id-00201	1	2	11	6.8
id-00202	6	7	19	5.9
id-00203	10	15	13	6.5
id-00204	10	8	25	6.1
id-00205	1	2	27	6.7
id-00206	5	8	23	5.9
id-00207	5	8	26	6.9
id-00208	1	2	5	6.0
id-00209	2	3	14	5.7
id-00210	5	5	5	5.1
id-00211	8	14	17	5.3
id-00212	3	6	30	6.1
id-00213	7	6	30	5.5
id-00214	2	4	11	5.4
id-00215	10	8	5	6.2
id-00216	10	20	23	5.2
id-00217	7	3	3	6.7
id-00218	10	11	11	6.1
id-00219	10	6	20	6.8
id-00220	2	2	15	6.4
id-00221	5	10	9	6.5
id-00222	7	6	18	5.3
id-00223	4	8	23	6.9
id-00224	8	6	18	5.0
id-00225	9	6	6	6.4
id-00226	2	2	2	5.2
id-00227	5	8	23	5.2
id-00228	10	10	24	6.4
id-00229	9	15	18	6.1
id-00230	5	8	24	6.5
id-00231	1	2	24	5.2
id-00232	6	6	6	5.9
id-00233	1	2	24	6.2
id-00234	5	10	5	5.9
id-00235	10	12	22	5.5
id-00236	1	2	8	6.7
id-00237	1	2	8	5.5
id-00238	5	8	16	5.8
id-00239	3	3	20	6.5
id-00240	5	6	7	6.6
id-00241	2	4	30	6.0
id-00242	1	2	15	6.5
id-00243	5	8	19	6.2
id-00244	6	9	6	5.7
id-00245	7	9	24	5.4
id-00246	9	16	3	6.8
id-00247	8	16	30	6.6
id-00248	2	4	5	5.9
id-00249	8	13	4	5.0
id-00250	7	8	9	6.4
id-00251	4	5	27	5.6
id-00252	4	8	16	6.4
id-00253	10	10	4	5.5
id-00254	7	2	27	6.4
id-00255	3	6	23	6.5
id-00256	4	5	15	6.0
id-00257	8	15	2	6.3
id-00258	8	14	20	6.7
id-00259	2	4	11	6.9
id-00260	2	4	27	5.2
id-00261	4	6	13	5.9
id-00262	9	12	18	5.9
id-00263	5	4	8	5.1
id-00264	2	2	21	6.7
id-00265	8	10	30	6.6
id-00266	10	20	23	6.2
id-00267	7	3	18	5.9
id-00268	10	14	26	6.3
id-00269	5	10	28	6.7
id-00270	4	3	18	6.7
id-00271	6	7	12	6.7
id-00272	7	3	26	5.5
id-00273	9	5	24	6.8
id-00274	6	9	27	6.7
id-00275	7	4	4	6.0
id-00276	6	7	8	5.1
id-00277	5	2	11	6.4
id-00278	6	4	24	6.2
id-00279	6	7	14	5.0
id-00280	7	4	3	5.8
id-00281	2	3	24	5.3
id-00282	2	2	2	5.9
id-00283	7	12	3	5.4
id-00284	7	3	30	5.1
id-00285	7	12	27	5.4
id-00286	7	10	5	5.2
id-00287	5	10	18	6.4
id-00288	6	10	11	5.7
id-00289	1	2	29	6.8
id-00290	2	2	30	5.3
id-00291	1	2	16	6.4
id-00292	2	2	18	6.1
id-00293	7	8	26	5.8
id-00294	4	3	1	6.2
id-00295	7	13	7	6.8
id-00296	4	5	21	5.6
id-00297	8	14	26	6.7
id-00298	8	14	23	5.8
id-00299	7	9	5	5.5
id-00300	9	5	13	6.8
id-00301	3	2	19	6.4
id-00302	9	7	1	5.2
id-00303	5	4	21	5.0
id-00304	9	14	8	6.2
id-00305	3	5	21	5.0
id-00306	6	10	14	5.2
id-00307	10	10	1	5.6
id-00308	10	20	30	6.8
id-00309	1	2	9	6.7
id-00310	1	2	23	5.5
id-00311	10	18	4	6.1
id-00312	8	6	10	5.9
id-00313	5	3	28	6.3
id-00314	3	6	19	7.0
id-00315	9	9	7	6.5
id-00316	8	13	14	5.6
id-00317	10	16	11	5.1
id-00318	10	17	21	6.7
id-00319	6	12	13	6.2
id-00320	5	5	28	6.1
id-00321	7	8	2	6.9
id-00322	10	11	23	5.2
id-00323	5	9	20	6.6
id-00324	8	15	30	6.7
id-00325	5	2	22	6.6
id-00326	9	17	4	5.7
id-00327	10	11	21	5.3
id-00328	6	12	12	6.7
id-00329	2	3	15	5.3
id-00330	4	3	30	6.5
id-00331	2	4	20	6.0
id-00332	2	4	4	6.1
id-00333	10	8	25	6.6
id-00334	6	6	2	5.2
id-00335	3	4	13	6.1
id-00336	4	3	9	5.1
id-00337	7	11	20	5.3
id-00338	3	3	14	5.6
id-00339	5	4	1	5.9
id-00340	10	16	16	6.4
id-00341	3	5	15	5.4
id-00342	6	12	4	5.4
id-00343	9	15	21	6.5
id-00344	8	12	22	5.9
id-00345	5	10	18	6.6
id-00346	3	2	28	6.1
id-00347	3	5	22	5.2
id-00348	3	6	28	6.6
id-00349	7	8	10	5.2
id-00350	8	7	19	5.3
id-00351	7	12	18	6.9
id-00352	10	5	27	5.2
id-00353	1	2	7	6.4
id-00354	7	7	7	5.6
id-00355	2	3	29	6.9
id-00356	10	9	25	7.0
id-00357	5	9	3	5.4
id-00358	7	8	15	5.4
id-00359	7	12	16	5.6
id-00360	2	4	28	7.0
id-00361	7	10	17	5.7
id-00362	4	8	12	6.1
id-00363	1	2	20	5.9
id-00364	3	3	25	6.3
id-00365	4	5	24	5.8
id-00366	6	11	3	5.8
id-00367	7	4	19	6.7
id-00368	9	4	15	6.8
id-00369	3	6	23	5.5
id-00370	3	2	28	5.3
id-00371	3	3	23	5.3
id-00372	10	8	28	6.3
id-00373	10	20	2	5.1
id-00374	5	2	7	6.6
id-00375	3	4	10	5.1
id-00376	10	4	25	6.2
id-00377	1	2	3	6.1
id-00378	6	6	10	5.7
id-00379	1	2	25	6.0
id-00380	7	2	24	6.3
id-00381	8	14	19	7.0
id-00382	3	5	27	6.5
id-00383	5	10	29	5.1
id-00384	2	2	25	5.5
id-00385	3	5	15	6.5
id-00386	6	5	2	5.9
id-00387	4	3	17	5.3
id-00388	1	2	7	5.1
id-00389	6	10	1	5.8
id-00390	10	4	16	6.0
id-00391	10	14	2	5.2
id-00392	3	6	3	5.8
id-00393	10	20	30	5.8
id-00394	2	2	18	5.9
id-00395	1	2	18	5.8
id-00396	10	12	8	6.3
id-00397	6	7	24	6.4
id-00398	7	8	14	7.0
id-00399	8	15	3	6.0
id-00400	8	7	22	5.1
id-00401	1	2	8	5.4
id-00402	2	3	5	5.4
id-00403	8	7	22	5.5
id-00404	2	3	12	6.1
id-00405	7	10	6	6.4
id-00406	10	4	5	6.7
id-00407	2	2	1	5.7
id-00408	8	5	15	5.5
id-00409	7	12	22	6.9
id-00410	6	9	23	5.5
id-00411	5	6	4	5.9
id-00412	10	4	3	6.3
id-00413	6	3	13	5.7
id-00414	8	6	11	6.7
id-00415	1	2	19	5.8
id-00416	3	5	7	6.4
id-00417	7	3	22	6.4
id-00418	5	2	30	6.4
id-00419	5	5	11	6.5
id-00420	8	14	29	6.1
id-00421	3	3	14	6.2
id-00422	8	13	5	5.2
id-00423	8	5	9	6.6
id-00424	5	9	29	5.3
id-00425	3	3	3	5.9
id-00426	1	2	23	5.1
id-00427	1	2	12	5.1
id-00428	7	10	4	5.9
id-00429	10	5	30	5.7
id-00430	5	8	9	6.3
id-00431	7	2	26	5.7
id-00432	1	2	26	6.0
id-00433	9	13	2	5.3
id-00434	9	9	25	5.9
id-00435	8	14	29	5.7
id-00436	10	7	12	5.2
id-00437	8	12	19	5.3
id-00438	2	3	25	7.0
id-00439	8	7	16	5.6
id-00440	5	7	8	6.8
id-00441	8	8	30	5.4
id-00442	9	18	14	7.0
id-00443	10	7	1	7.0
id-00444	10	5	17	6.8
id-00445	6	8	21	5.4
id-00446	3	2	23	6.4
id-00447	5	4	26	6.0
id-00448	6	3	4	5.2
id-00449	9	17	25	6.1
id-00450	8	14	24	5.8
id-00451	5	8	26	5.3
id-00452	10	2	17	6.7
id-00453	10	15	14	6.1
id-00454	5	5	24	6.4
id-00455	9	11	5	5.6
id-00456	3	3	17	6.2
id-00457	7	8	29	5.3
id-00458	10	4	6	5.1
id-00459	4	5	1	6.9
id-00460	10	6	4	5.2
id-00461	4	8	10	5.2
id-00462	5	8	18	6.9
id-00463	7	2	20	5.1
id-00464	2	4	8	5.9
id-00465	6	9	28	5.8
id-00466	9	15	4	5.6
id-00467	9	14	1	6.5
id-00468	10	2	27	6.4
id-00469	4	6	19	5.8
id-00470	2	2	27	5.1
id-00471	8	16	12	5.4
id-00472	1	2	12	5.9
id-00473	4	7	3	5.1
id-00474	9	10	27	5.1
id-00475	4	6	21	5.1
id-00476	7	10	26	6.9
id-00477	6	11	26	5.3
id-00478	3	6	18	6.3
id-00479	9	4	18	6.9
id-00480	9	16	7	5.8
id-00481	7	14	24	6.7
id-00482	8	10	20	5.3
id-00483	6	12	15	6.9
id-00484	3	5	14	5.9
id-00485	3	5	4	6.2
id-00486	2	4	21	5.8
id-00487	7	5	21	6.2
id-00488	3	3	1	6.2
id-00489	10	9	3	5.2
id-00490	10	10	14	6.6
id-00491	8	3	28	6.6
id-00492	3	3	28	6.0
id-00493	9	4	23	6.5
id-00494	7	2	10	6.5
id-00495	7	13	9	5.2
id-00496	9	4	1	6.2
id-00497	6	4	17	5.3
id-00498	7	6	5	6.8
id-00499	7	14	5	5.9
id-00500	1	2	7	6.4
id-00501	6	12	20	5.9
id-00502	1	2	18	5.5
id-00503	1	2	12	5.2
id-00504	2	4	28	5.6
id-00505	9	16	11	6.2
id-00506	7	11	8	6.1
id-00507	7	9	24	6.6
id-00508	8	14	11	5.5
id-00509	7	8	16	5.5
id-00510	9	3	5	6.9
id-00511	7	12	22	5.6
id-00512	2	2	28	5.5
id-00513	4	5	16	6.5
id-00514	3	2	24	7.0
id-00515	10	10	25	5.1
id-00516	8	16	16	5.8
id-00517	2	3	13	5.3
id-00518	7	14	15	5.5
id-00519	2	3	26	6.2
id-00520	10	9	8	6.5
id-00521	10	14	8	6.1
id-00522	6	2	8	5.8
id-00523	7	6	13	6.7
id-00524	5	10	21	6.3
id-00525	8	6	13	6.5
id-00526	2	2	26	5.8
id-00527	6	8	26	5.1
id-00528	4	6	24	5.8
id-00529	8	3	14	6.2
id-00530	7	6	10	5.1
id-00531	10	3	25	6.7
id-00532	6	7	16	6.3
id-00533	5	7	11	5.8
id-00534	4	2	27	6.7
id-00535	10	7	4	5.6
id-00536	3	2	3	5.8
id-00537	2	3	17	7.0
id-00538	1	2	22	6.6
id-00539	5	10	7	5.7
id-00540	4	7	25	5.2
id-00541	8	9	22	6.4
id-00542	7	12	24	6.2
id-00543	3	5	30	6.6
id-00544	5	3	14	6.6
id-00545	10	17	28	6.6
id-00546	2	4	8	6.2
id-00547	10	7	25	6.6
id-00548	2	3	8	5.1
id-00549	8	4	4	5.4
id-00550	7	11	26	5.3
id-00551	6	11	23	5.7
id-00552	6	6	18	6.7
id-00553	6	7	10	5.3
id-00554	1	2	9	6.7
id-00555	2	4	29	6.0
id-00556	2	4	29	5.1
id-00557	5	4	18	6.3
id-00558	5	5	3	6.0
id-00559	8	7	29	6.4
id-00560	9	8	20	5.6
id-00561	6	9	2	5.1
id-00562	2	4	28	5.0
id-00563	1	2	8	6.4
id-00564	2	4	29	5.5
id-00565	4	7	27	6.9
id-00566	2	4	4	6.1
id-00567	3	2	23	6.1
id-00568	9	12	23	6.0
id-00569	5	4	27	7.0
id-00570	7	6	10	5.9
id-00571	2	4	16	6.0
id-00572	5	4	26	6.0
id-00573	6	4	21	5.6
id-00574	1	2	11	6.4
id-00575	4	8	22	5.8
id-00576	5	6	1	6.8
id-00577	4	6	19	5.6
id-00578	9	14	2	5.9
id-00579	2	2	23	6.2
id-00580	9	16	13	6.7
id-00581	4	4	27	5.5
id-00582	10	4	21	5.2
id-00583	4	8	25	5.8
id-00584	3	6	17	6.1
id-00585	4	8	18	6.7
id-00586	3	2	19	6.1
id-00587	7	5	17	6.0
id-00588	4	4	18	5.6
id-00589	5	10	18	6.2
id-00590	6	5	15	6.8
id-00591	4	8	27	5.8
id-00592	7	3	19	6.5
id-00593	5	8	24	6.5
id-00594	6	11	11	5.7
id-00595	9	8	19	5.6
id-00596	10	9	16	5.1
id-00597	10	15	30	6.7
id-00598	8	13	13	6.7
id-00599	7	13	17	6.6
id-00600	7	8	20	5.9
id-00601	8	2	16	5.8
id-00602	1	2	25	7.0
id-00603	10	11	12	5.2
id-00604	9	5	21	5.8
id-00605	3	5	27	6.0
id-00606	5	7	13	5.0
id-00607	9	15	15	6.0
id-00608	8	14	28	5.1
id-00609	10	12	9	6.4
id-00610	9	3	6	6.5
id-00611	2	4	23	5.4
id-00612	5	9	23	5.1
id-00613	6	4	25	6.2
id-00614	5	8	4	6.4
id-00615	4	6	6	6.8
id-00616	5	8	15	5.3
id-00617	6	2	3	6.8
id-00618	2	2	15	6.3
id-00619	1	2	23	5.3
id-00620	8	5	14	5.5
id-00621	3	6	26	5.0
id-00622	5	9	9	6.5
id-00623	9	10	3	5.5
id-00624	2	3	16	5.1
id-00625	9	8	29	5.9
id-00626	2	2	30	5.4
id-00627	3	3	26	5.9
id-00628	6	9	6	5.7
id-00629	9	10	1	5.4
id-00630	6	3	13	7.0
id-00631	6	11	7	5.8
id-00632	2	2	12	6.9
id-00633	3	6	27	7.0
id-00634	9	7	22	5.4
id-00635	4	8	13	6.0
id-00636	6	2	6	6.1
id-00637	4	2	28	6.6
id-00638	8	5	29	5.5
id-00639	4	8	23	6.0
id-00640	8	6	13	6.4
id-00641	9	10	7	6.5
id-00642	9	17	7	5.2
id-00643	4	3	11	6.2
id-00644	2	2	20	5.4
id-00645	7	11	24	6.1
id-00646	1	2	23	5.8
id-00647	9	13	9	6.1
id-00648	1	2	14	7.0
id-00649	2	4	15	6.5
id-00650	6	6	13	6.3
id-00651	5	3	2	5.5
id-00652	5	2	13	6.0
id-00653	1	2	13	6.8
id-00654	3	3	19	5.9
id-00655	2	2	17	6.7
id-00656	4	8	21	5.6
id-00657	6	6	6	5.5
id-00658	10	12	26	5.2
id-00659	10	18	11	6.5
id-00660	3	2	28	6.6
id-00661	10	20	7	5.2
id-00662	10	4	18	5.8
id-00663	5	2	3	6.4
id-00664	2	4	7	5.9
id-00665	4	4	28	6.0
id-00666	3	6	29	5.7
id-00667	6	10	19	6.2
id-00668	9	18	20	6.0
id-00669	4	3	1	5.1
id-00670	8	7	17	5.8
id-00671	3	4	2	5.2
id-00672	9	7	2	6.5
id-00673	10	15	30	6.0
id-00674	1	2	3	5.2
id-00675	4	3	18	6.7
id-00676	3	5	2	6.1
id-00677	4	5	12	5.9
id-00678	5	3	12	5.6
id-00679	9	10	29	6.5
id-00680	7	11	11	5.2
id-00681	7	9	29	5.7
id-00682	4	2	30	5.6
id-00683	2	3	4	6.3
id-00684	7	11	23	6.8
id-00685	8	6	30	6.2
id-00686	1	2	14	5.1
id-00687	7	4	27	5.1
id-00688	9	18	23	5.2
id-00689	9	7	13	5.8
id-00690	3	3	18	6.5
id-00691	9	10	13	6.0
id-00692	5	5	3	6.2
id-00693	10	5	13	5.9
id-00694	9	5	30	6.1
id-00695	10	17	2	5.9
id-00696	7	4	26	7.0
id-00697	1	2	19	5.5
id-00698	3	4	15	5.9
id-00699	3	6	15	5.6
id-00700	9	2	16	6.9
id-00701	1	2	17	5.4
id-00702	8	11	14	5.3
id-00703	2	3	20	5.1
id-00704	8	5	11	5.6
id-00705	6	8	14	5.2
id-00706	2	4	13	6.0
id-00707	4	3	26	6.0
id-00708	7	5	19	5.0
id-00709	10	17	8	6.5
id-00710	10	14	8	5.5
id-00711	5	3	10	6.0
id-00712	2	4	27	5.7
id-00713	2	4	16	6.2
id-00714	8	15	14	6.4
id-00715	3	6	6	6.1
id-00716	8	4	12	5.7
id-00717	1	2	20	5.9
id-00718	4	6	19	6.6
id-00719	9	12	18	5.6
id-00720	7	14	16	6.3
id-00721	7	3	26	6.3
id-00722	3	3	12	6.8
id-00723	4	8	12	5.5
id-00724	4	5	26	5.1
id-00725	5	7	3	5.1
id-00726	9	17	20	6.7
id-00727	6	10	12	5.1
id-00728	10	18	10	5.1
id-00729	5	5	7	6.3
id-00730	6	3	27	6.2
id-00731	1	2	28	5.5
id-00732	3	6	12	5.8
id-00733	7	14	28	5.9
id-00734	6	4	25	6.2
id-00735	7	13	22	5.5
id-00736	8	16	2	6.2
id-00737	3	2	10	5.8
id-00738	3	3	5	5.7
id-00739	4	4	12	5.8
id-00740	2	2	14	6.1
id-00741	6	7	11	5.6
id-00742	9	5	24	5.7
id-00743	1	2	14	5.8
id-00744	6	6	20	6.2
id-00745	3	2	19	5.4
id-00746	6	11	6	6.0
id-00747	4	3	19	5.2
id-00748	3	6	7	5.1
id-00749	9	17	9	5.4
id-00750	9	7	3	6.3
id-00751	6	7	20	5.9
id-00752	5	10	27	6.5
id-00753	9	7	1	5.0
id-00754	2	2	28	5.9
id-00755	7	7	19	6.2
id-00756	8	16	18	6.8
id-00757	3	5	29	6.2
id-00758	8	11	2	6.4
id-00759	8	8	9	5.3
id-00760	3	2	9	5.6
id-00761	4	4	3	5.6
id-00762	2	3	16	6.4
id-00763	9	6	14	5.8
id-00764	1	2	24	5.5
id-00765	6	8	8	6.8
id-00766	10	11	3	6.9
id-00767	4	3	23	6.2
id-00768	10	15	16	5.0
id-00769	1	2	11	6.8
id-00770	3	4	9	5.9
id-00771	10	16	25	5.6
id-00772	5	2	6	6.3
id-00773	7	13	29	5.3
id-00774	2	3	8	5.3
id-00775	8	7	25	6.5
id-00776	2	4	5	6.6
id-00777	8	7	25	5.6
id-00778	9	4	15	5.9
id-00779	9	6	1	5.7
id-00780	2	4	5	7.0
id-00781	3	2	20	5.3
id-00782	5	10	25	5.3
id-00783	7	13	22	6.0
id-00784	6	3	16	5.1
id-00785	1	2	27	6.1
id-00786	3	2	21	5.9
id-00787	7	13	17	5.4
id-00788	1	2	21	6.9
id-00789	3	6	27	6.1
id-00790	6	9	10	5.2
id-00791	6	7	29	6.5
id-00792	8	14	10	6.7
id-00793	5	2	11	5.8
id-00794	6	6	13	6.3
id-00795	7	3	18	6.4
id-00796	1	2	21	5.3
id-00797	6	6	15	6.3
id-00798	4	4	5	5.6
id-00799	10	5	12	5.1
id-00800	4	8	21	6.1
id-00801	4	8	2	6.3
id-00802	3	4	26	6.5
id-00803	2	2	11	5.7
id-00804	7	9	25	6.7
id-00805	8	9	28	6.0
id-00806	4	5	30	5.8
id-00807	1	2	10	6.2
id-00808	8	9	28	5.2
id-00809	3	5	8	6.2
id-00810	5	2	4	7.0
id-00811	3	6	28	6.3
id-00812	5	8	17	5.1
id-00813	4	6	17	5.8
id-00814	5	5	23	6.7
id-00815	2	2	23	5.8
id-00816	3	2	12	6.0
id-00817	8	11	19	6.5
id-00818	7	9	27	6.4
id-00819	5	7	4	5.9
id-00820	4	3	11	5.3
id-00821	8	4	10	6.4
id-00822	3	4	22	5.8
id-00823	4	5	6	5.4
id-00824	10	20	2	6.1
id-00825	2	4	7	5.1
id-00826	9	6	10	5.8
id-00827	9	16	15	6.0
id-00828	9	11	5	6.0
id-00829	9	4	28	6.2
id-00830	4	2	9	5.4
id-00831	8	7	29	6.6
id-00832	6	6	8	5.4
id-00833	9	5	15	6.9
id-00834	8	10	22	6.6
id-00835	2	4	16	6.3
id-00836	8	12	26	5.6
id-00837	3	3	16	5.3
id-00838	2	3	25	5.8
id-00839	4	6	1	5.8
id-00840	1	2	26	5.1
id-00841	5	10	6	5.7
id-00842	6	3	1	6.0
id-00843	6	8	12	6.0
id-00844	8	10	19	5.4
id-00845	1	2	12	5.2
id-00846	7	6	24	5.0
id-00847	3	3	24	5.1
id-00848	2	2	29	7.0
id-00849	1	2	2	5.7
id-00850	2	3	6	6.2
id-00851	3	3	12	6.7
id-00852	9	14	28	5.9
id-00853	4	2	26	6.6
id-00854	3	3	16	5.6
id-00855	4	3	23	5.9
id-00856	7	3	14	6.5
id-00857	4	4	3	6.5
id-00858	10	14	5	6.4
id-00859	6	6	28	6.3
id-00860	5	5	6	6.4
id-00861	5	7	11	5.5
id-00862	5	4	8	5.8
id-00863	6	3	27	6.3
id-00864	5	8	26	5.4
id-00865	4	8	28	5.7
id-00866	5	3	24	6.8
id-00867	4	8	9	6.5
id-00868	6	5	4	5.8
id-00869	4	7	24	5.5
id-00870	5	5	2	6.1
id-00871	3	2	19	5.6
id-00872	1	2	20	5.8
id-00873	5	6	17	5.3
id-00874	7	11	1	5.8
id-00875	3	6	25	5.5
id-00876	10	14	12	7.0
id-00877	3	6	12	5.4
id-00878	6	7	30	5.8
id-00879	9	6	8	6.5
id-00880	6	3	29	5.9
id-00881	6	6	1	5.9
id-00882	1	2	6	6.3
id-00883	8	10	23	6.1
id-00884	4	8	12	6.4
id-00885	3	6	14	6.2
id-00886	8	4	10	6.8
id-00887	6	7	10	6.8
id-00888	6	7	10	6.0
id-00889	7	7	6	5.3
id-00890	3	3	16	6.1
id-00891	10	13	25	5.5
id-00892	2	2	13	5.1
id-00893	5	2	7	5.8
id-00894	7	8	3	6.8
id-00895	8	3	21	5.1
id-00896	2	2	5	5.2
id-00897	9	18	1	6.4
id-00898	4	6	29	5.9
id-00899	7	5	13	6.8
id-00900	7	9	20	5.8
id-00901	3	2	2	6.4
id-00902	8	8	15	6.4
id-00903	4	4	18	6.2
id-00904	5	8	28	6.4
id-00905	8	9	10	6.8
id-00906	4	3	28	5.4
id-00907	1	2	14	6.2
id-00908	10	14	17	6.6
id-00909	1	2	5	6.2
id-00910	8	7	9	5.9
id-00911	3	5	27	6.5
id-00912	9	8	25	5.6
id-00913	5	2	9	5.8
id-00914	6	6	26	6.8
id-00915	7	4	20	6.7
id-00916	4	3	17	5.4
id-00917	5	5	28	5.2
id-00918	7	11	8	5.8
id-00919	9	15	22	6.4
id-00920	4	4	16	5.7
id-00921	10	5	20	6.7
id-00922	2	3	26	6.5
id-00923	8	8	11	6.6
id-00924	1	2	3	6.0
id-00925	9	5	21	7.0
id-00926	10	8	25	6.5
id-00927	10	20	16	6.7
id-00928	7	8	20	5.1
id-00929	9	10	8	6.5
id-00930	2	4	11	5.7
id-00931	1	2	10	6.6
id-00932	3	5	23	6.6
id-00933	3	6	8	6.5
id-00934	5	8	30	5.2
id-00935	2	2	29	5.9
id-00936	4	6	24	5.4
id-00937	7	7	9	6.1
id-00938	8	3	21	7.0
id-00939	8	12	28	5.6
id-00940	1	2	23	6.1
id-00941	6	7	1	6.1
id-00942	6	5	25	6.8
id-00943	2	3	24	5.1
id-00944	6	2	12	6.8
id-00945	9	16	14	6.1
id-00946	5	4	10	5.4
id-00947	5	6	26	5.3
id-00948	2	4	25	6.0
id-00949	9	6	11	5.8
id-00950	8	13	29	6.8
id-00951	7	7	30	6.0
id-00952	3	2	11	6.2
id-00953	9	5	15	6.7
id-00954	9	3	10	5.5
id-00955	7	5	16	6.5
id-00956	7	2	3	7.0
id-00957	6	11	7	5.8
id-00958	10	2	27	5.4
id-00959	4	6	27	6.9
id-00960	5	10	11	5.2
id-00961	8	15	26	6.2
id-00962	6	6	9	5.6
id-00963	10	20	27	6.9
id-00964	7	10	27	6.1
id-00965	9	2	14	6.7
id-00966	10	17	15	6.8
id-00967	10	18	17	5.4
id-00968	10	12	10	6.4
id-00969	9	2	30	6.0
id-00970	4	3	26	6.9
id-00971	3	4	15	6.7
id-00972	2	4	25	5.5
id-00973	3	2	2	5.5
id-00974	9	6	15	6.1
id-00975	6	10	15	6.4
id-00976	10	8	18	5.8
id-00977	8	3	20	6.0
id-00978	4	3	8	6.5
id-00979	8	10	13	6.0
id-00980	6	3	3	5.4
id-00981	9	8	17	5.5
id-00982	5	4	25	5.7
id-00983	8	8	7	6.7
id-00984	6	5	10	5.6
id-00985	8	2	8	5.4
id-00986	6	7	2	7.0
id-00987	7	5	18	6.7
id-00988	1	2	8	6.9
id-00989	1	2	20	5.7
id-00990	5	6	26	6.5
id-00991	8	4	12	5.9
id-00992	5	5	7	6.7
id-00993	8	13	30	6.3
id-00994	1	2	3	6.6
id-00995	1	2	12	6.5
id-00996	2	3	26	6.0
id-00997	8	3	27	5.9
id-00998	6	11	4	6.3
id-00999	3	4	4	6.5
id-01000	4	5	19	6.4
id-01001	8	15	23	5.6
id-01002	10	16	8	6.9
id-01003	9	4	8	5.2
id-01004	5	4	14	5.6
id-01005	1	2	15	5.3
id-01006	10	14	23	5.3
id-01007	7	11	18	6.2
id-01008	9	16	8	5.7
id-01009	3	5	25	5.9
id-01010	4	4	12	6.5
id-01011	1	2	8	5.2
id-01012	8	15	27	6.1
id-01013	4	6	25	6.2
id-01014	2	2	9	6.4
id-01015	5	6	16	5.2
id-01016	5	3	6	6.4
id-01017	2	4	6	7.0
id-01018	3	6	12	5.2
id-01019	5	3	12	6.5
id-01020	8	2	24	5.5
id-01021	4	8	22	6.3
id-01022	8	3	28	6.6
id-01023	6	4	8	5.3
id-01024	8	4	17	5.1
id-01025	4	8	4	6.6
id-01026	5	5	9	6.8
id-01027	9	2	14	6.4
id-01028	9	14	14	6.8
id-01029	1	2	29	6.3
id-01030	9	16	25	7.0
id-01031	10	2	12	5.3
id-01032	2	2	6	6.4
id-01033	9	13	29	5.7
id-01034	4	8	12	5.4
id-01035	4	6	16	6.3
id-01036	3	2	12	5.7
id-01037	6	8	9	5.7
id-01038	8	2	18	6.0
id-01039	5	5	8	7.0
id-01040	7	6	13	5.3
id-01041	3	5	26	6.3
id-01042	8	12	7	5.6
id-01043	2	3	19	5.5
id-01044	1	2	17	6.3
id-01045	3	4	4	5.5
id-01046	2	3	13	5.6
id-01047	1	2	9	6.8
id-01048	4	5	28	5.5
id-01049	9	4	2	6.3
id-01050	9	14	30	6.5
id-01051	8	6	1	5.5
id-01052	10	6	22	5.9
id-01053	4	5	5	5.3
id-01054	2	3	28	6.2
id-01055	8	11	13	5.1
id-01056	7	2	16	6.6
id-01057	10	14	20	5.8
id-01058	5	6	3	5.9
id-01059	10	2	9	6.3
id-01060	3	3	15	6.5
id-01061	6	9	22	5.9
id-01062	1	2	28	6.9
id-01063	9	4	2	6.3
id-01064	5	8	7	5.5
id-01065	2	2	21	5.6
id-01066	5	5	29	5.8
id-01067	9	9	14	6.5
id-01068	5	2	21	5.6
id-01069	2	2	23	6.1
id-01070	8	9	16	6.0
id-01071	9	4	14	6.1
id-01072	6	5	28	5.1
id-01073	4	6	7	6.8
id-01074	6	8	1	6.6
id-01075	1	2	21	6.8
id-01076	8	12	2	6.5
id-01077	2	4	3	5.3
id-01078	10	9	10	7.0
id-01079	3	4	17	6.4
id-01080	4	6	21	6.1
id-01081	8	15	17	6.7
id-01082	1	2	29	5.6
id-01083	1	2	22	6.5
id-01084	8	4	6	5.5
id-01085	3	3	5	5.7
id-01086	4	3	17	6.9
id-01087	9	7	26	5.6
id-01088	4	7	29	5.3
id-01089	9	3	9	6.7
id-01090	1	2	5	5.0
id-01091	10	11	16	5.7
id-01092	3	5	1	6.3
id-01093	4	5	20	6.0
id-01094	1	2	24	6.0
id-01095	1	2	28	6.5
id-01096	4	5	30	6.7
id-01097	1	2	23	5.5
id-01098	9	4	18	5.3
id-01099	4	2	3	6.6
id-01100	2	4	6	6.3
id-01101	10	14	2	6.7
id-01102	3	3	25	5.9
id-01103	10	18	3	5.2
id-01104	2	3	29	5.3
id-01105	1	2	10	5.3
id-01106	6	10	27	5.1
id-01107	10	19	15	6.8
id-01108	9	17	1	6.6
id-01109	7	9	18	6.9
id-01110	3	2	19	6.5
id-01111	2	3	16	5.0
id-01112	7	10	3	6.3
id-01113	5	2	7	5.9
id-01114	6	9	15	5.6
id-01115	3	4	16	6.8
id-01116	9	18	30	5.2
id-01117	9	18	5	6.1
id-01118	2	2	14	5.3
id-01119	3	3	26	5.9
id-01120	7	11	5	5.5
id-01121	3	2	17	6.1
id-01122	2	4	11	6.1
id-01123	4	3	7	5.7
id-01124	3	4	13	5.6
id-01125	3	4	4	5.1
id-01126	2	3	6	5.6
id-01127	8	7	19	5.1
id-01128	10	12	29	5.8
id-01129	8	3	19	5.6
id-01130	4	6	28	5.8
id-01131	8	6	26	5.1
id-01132	8	5	20	5.6
id-01133	4	8	8	5.3
id-01134	1	2	26	5.0
id-01135	10	5	1	6.3
id-01136	4	7	15	6.5
id-01137	4	5	2	6.5
id-01138	9	11	11	6.5
id-01139	7	6	20	6.6
id-01140	5	4	13	6.3
id-01141	4	5	14	5.0
id-01142	6	2	3	6.6
id-01143	10	5	26	6.3
id-01144	3	6	2	5.8
id-01145	4	5	2	5.2
id-01146	10	2	27	5.5
id-01147	2	3	26	5.1
id-01148	4	2	9	7.0
id-01149	3	4	9	5.5
id-01150	9	3	12	5.7
id-01151	1	2	14	5.1
id-01152	8	12	27	6.6
id-01153	2	3	20	6.3
id-01154	6	11	27	5.5
id-01155	8	11	1	6.8
id-01156	10	4	19	6.0
id-01157	7	11	4	6.6
id-01158	1	2	21	6.5
id-01159	4	2	12	5.0
id-01160	6	9	25	5.3
id-01161	6	5	4	5.0
id-01162	8	8	10	5.8
id-01163	10	18	30	5.9
id-01164	4	8	27	5.7
id-01165	9	6	30	6.9
id-01166	6	9	5	6.3
id-01167	4	4	2	6.0
id-01168	5	6	11	6.5
id-01169	4	6	30	5.8
id-01170	3	4	14	6.4
id-01171	5	4	8	5.2
id-01172	3	3	6	5.2
id-01173	8	8	27	6.3
id-01174	7	3	30	5.4
id-01175	10	14	28	5.2
id-01176	9	2	5	6.2
id-01177	10	17	26	6.6
id-01178	4	7	2	6.0
id-01179	9	17	16	6.5
id-01180	9	16	10	6.6
id-01181	1	2	3	5.7
id-01182	7	10	4	6.9
id-01183	5	7	17	5.5
id-01184	5	5	4	6.3
id-01185	3	4	22	5.4
id-01186	3	3	12	6.5
id-01187	5	10	1	6.4
id-01188	5	3	5	5.0
id-01189	8	10	6	5.9
id-01190	5	7	26	6.4
id-01191	9	10	20	5.2
id-01192	8	15	5	6.2
id-01193	7	12	4	6.9
id-01194	6	4	30	6.4
id-01195	6	5	2	6.9
id-01196	7	3	25	5.1
id-01197	1	2	4	6.7
id-01198	10	17	12	5.6
id-01199	4	2	26	6.6
id-01200	7	6	24	6.3
id-01201	1	2	23	6.3
id-01202	4	5	18	5.9
id-01203	3	4	12	5.5
id-01204	4	4	29	5.8
id-01205	10	18	21	6.9
id-01206	3	5	19	5.3
id-01207	8	13	22	5.5
id-01208	3	4	26	5.0
id-01209	7	11	8	5.5
id-01210	8	10	23	6.1
id-01211	10	3	22	5.0
id-01212	9	16	18	5.6
id-01213	9	16	3	5.8
id-01214	8	10	3	6.1
id-01215	9	17	1	6.0
id-01216	6	12	30	5.0
id-01217	3	4	6	5.7
id-01218	4	8	7	6.8
id-01219	7	9	25	5.7
id-01220	5	8	3	6.0
id-01221	5	3	17	6.6
id-01222	8	15	8	6.6
id-01223	1	2	2	6.2
id-01224	6	11	15	6.0
id-01225	3	2	1	6.6
id-01226	10	12	20	6.5
id-01227	7	5	16	6.3
id-01228	1	2	27	6.0
id-01229	4	4	22	5.2
id-01230	10	11	22	6.7
id-01231	10	14	3	6.7
id-01232	1	2	28	6.6
id-01233	5	4	9	5.1
id-01234	10	8	7	6.3
id-01235	5	8	21	6.7
id-01236	6	8	9	5.3
id-01237	1	2	2	5.6
id-01238	5	8	16	5.8
id-01239	2	2	28	5.8
id-01240	10	10	17	5.0
id-01241	1	2	6	7.0
id-01242	9	3	7	5.5
id-01243	4	5	28	6.2
id-01244	8	2	23	6.7
id-01245	3	5	13	6.4
id-01246	10	16	14	6.7
id-01247	6	6	16	5.9
id-01248	9	17	25	5.5
id-01249	6	5	4	5.8
id-01250	1	2	23	6.1
id-01251	10	12	4	6.3
id-01252	4	2	25	7.0
id-01253	7	3	3	5.9
id-01254	4	3	5	6.1
id-01255	8	4	2	5.4
id-01256	3	4	18	5.4
id-01257	8	2	30	5.7
id-01258	10	10	14	5.1
id-01259	4	3	14	5.2
id-01260	3	5	17	5.5
id-01261	2	3	20	5.7
id-01262	2	2	5	5.4
id-01263	7	5	7	5.0
id-01264	10	20	21	5.2
id-01265	3	5	24	5.7
id-01266	1	2	5	5.7
id-01267	5	10	11	5.4
id-01268	4	4	9	6.5
id-01269	9	15	11	6.0
id-01270	10	3	15	5.8
id-01271	4	5	30	6.2
id-01272	3	6	19	5.6
id-01273	3	2	30	6.3
id-01274	3	2	7	6.1
id-01275	5	8	7	7.0
id-01276	3	4	7	5.3
id-01277	5	6	26	6.4
id-01278	4	2	1	6.2
id-01279	1	2	30	5.6
id-01280	4	2	3	6.4
id-01281	7	14	2	6.6
id-01282	6	12	20	5.4
id-01283	4	2	1	5.4
id-01284	6	9	10	6.7
id-01285	2	2	13	6.0
id-01286	5	7	29	5.2
id-01287	1	2	21	5.8
id-01288	5	10	9	5.8
id-01289	2	4	4	5.5
id-01290	7	9	11	5.9
id-01291	5	8	8	6.7
id-01292	2	4	10	6.4
id-01293	5	7	24	6.2
id-01294	1	2	13	6.5
id-01295	9	13	25	6.7
id-01296	7	12	23	5.1
id-01297	5	6	9	5.1
id-01298	2	2	16	5.6
id-01299	7	2	18	6.5
id-01300	1	2	29	6.7
id-01301	10	3	27	5.0
id-01302	6	11	9	6.4
id-01303	3	6	18	6.7
id-01304	1	2	5	6.2
id-01305	3	3	15	6.5
id-01306	1	2	25	6.4
id-01307	5	9	14	6.6
id-01308	1	2	26	6.9
id-01309	5	6	16	5.6
id-01310	5	3	18	5.2
id-01311	1	2	15	6.6
id-01312	10	8	15	5.7
id-01313	3	2	26	5.1
id-01314	2	4	14	7.0
id-01315	8	2	5	5.9
id-01316	2	3	16	5.0
id-01317	2	4	15	5.1
id-01318	3	3	9	6.4
id-01319	6	6	23	5.3
id-01320	3	2	10	5.6
id-01321	10	2	22	6.1
id-01322	8	11	27	5.4
id-01323	7	10	13	5.7
id-01324	4	5	17	6.3
id-01325	7	8	25	5.1
id-01326	2	4	2	6.8
id-01327	5	6	12	6.3
id-01328	7	12	19	6.5
id-01329	3	2	30	5.7
id-01330	8	2	28	5.6
id-01331	10	2	1	6.3
id-01332	3	4	22	6.9
id-01333	3	6	20	5.9
id-01334	8	8	28	6.6
id-01335	10	15	3	6.2
id-01336	8	16	17	5.4
id-01337	1	2	5	5.6
id-01338	6	6	1	6.6
id-01339	9	8	23	5.2
id-01340	3	6	2	6.0
id-01341	1	2	11	5.6
id-01342	2	4	2	6.2
id-01343	9	8	17	7.0
id-01344	3	5	27	5.4
id-01345	3	2	13	5.6
id-01346	2	3	4	6.9
id-01347	4	6	3	5.1
id-01348	3	6	19	6.5
id-01349	1	2	13	6.3
id-01350	7	10	27	6.8
id-01351	6	11	24	5.5
id-01352	6	11	7	6.4
id-01353	8	7	27	5.2
id-01354	8	12	20	5.7
id-01355	4	5	18	5.3
id-01356	3	5	3	6.4
id-01357	9	14	12	6.5
id-01358	7	8	1	5.2
id-01359	1	2	26	5.9
id-01360	5	10	9	6.7
id-01361	2	2	5	5.1
id-01362	3	6	14	5.6
id-01363	1	2	18	5.1
id-01364	3	6	29	5.1
id-01365	2	4	16	5.3
id-01366	6	8	16	5.3
id-01367	10	19	1	5.6
id-01368	3	4	10	6.3
id-01369	10	9	18	5.1
id-01370	3	3	24	5.5
id-01371	7	10	2	5.7
id-01372	8	4	17	6.1
id-01373	8	7	14	5.1
id-01374	8	11	14	6.2
id-01375	9	11	25	5.3
id-01376	10	18	20	6.0
id-01377	3	3	17	6.6
id-01378	10	12	12	6.9
id-01379	9	12	16	7.0
id-01380	5	3	21	5.6
id-01381	10	15	26	6.4
id-01382	9	11	24	6.4
id-01383	3	2	14	7.0
id-01384	10	16	23	5.8
id-01385	3	2	27	5.1
id-01386	5	2	18	7.0
id-01387	4	5	8	5.5
id-01388	6	3	4	6.3
id-01389	10	18	27	5.6
id-01390	2	3	5	5.1
id-01391	4	3	7	5.8
id-01392	5	2	24	6.6
id-01393	6	9	1	6.3
id-01394	7	10	29	6.9
id-01395	6	6	19	5.2
id-01396	10	2	6	6.7
id-01397	6	5	2	5.9
id-01398	9	15	3	5.9
id-01399	6	5	25	5.1
id-01400	5	6	9	6.8
id-01401	8	9	9	5.6
id-01402	7	7	13	6.3
id-01403	9	7	6	5.6
id-01404	10	9	10	6.2
id-01405	9	12	3	5.6
id-01406	4	3	29	6.4
id-01407	1	2	24	6.0
id-01408	2	4	27	5.7
id-01409	1	2	26	5.8
id-01410	8	7	13	6.7
id-01411	5	9	6	6.9
id-01412	7	9	21	6.0
id-01413	4	2	20	5.3
id-01414	5	7	29	6.6
id-01415	1	2	28	6.2
id-01416	9	8	19	6.4
id-01417	1	2	11	5.3
id-01418	10	17	14	5.8
id-01419	1	2	3	5.9
id-01420	1	2	2	5.7
id-01421	10	7	19	6.3
id-01422	1	2	27	6.8
id-01423	4	7	6	5.2
id-01424	2	2	11	6.9
id-01425	8	15	27	5.6
id-01426	6	5	27	5.6
id-01427	4	2	21	6.7
id-01428	7	13	2	6.8
id-01429	8	16	18	5.8
id-01430	9	18	14	5.6
id-01431	1	2	11	6.4
id-01432	3	5	12	6.4
id-01433	8	14	30	5.9
id-01434	9	18	23	6.6
id-01435	6	4	9	6.5
id-01436	9	3	15	5.0
id-01437	4	4	21	6.7
id-01438	8	16	4	5.2
id-01439	1	2	14	6.8
id-01440	5	10	4	5.4
id-01441	8	7	2	5.4
id-01442	9	7	26	6.3
id-01443	6	11	8	6.4
id-01444	2	4	1	5.7
id-01445	10	2	27	5.2
id-01446	10	8	10	6.8
id-01447	8	11	16	5.6
id-01448	1	2	30	6.8
id-01449	4	7	20	6.5
id-01450	8	9	23	6.6
id-01451	5	4	6	7.0
id-01452	7	8	17	5.9
id-01453	2	2	18	6.0
id-01454	7	12	11	6.2
id-01455	1	2	1	6.6
id-01456	3	3	19	5.8
id-01457	3	2	25	5.4
id-01458	3	2	15	5.8
id-01459	8	14	28	6.5
id-01460	10	17	4	5.3
id-01461	5	9	15	6.7
id-01462	1	2	12	6.0
id-01463	1	2	4	5.8
id-01464	8	9	3	5.4
id-01465	7	13	17	5.6
id-01466	10	16	12	7.0
id-01467	3	2	24	6.2
id-01468	3	3	10	6.3
id-01469	1	2	29	6.7
id-01470	7	10	25	6.9
id-01471	9	16	17	5.0
id-01472	3	4	28	5.7
id-01473	10	5	12	5.9
id-01474	5	10	11	5.4
id-01475	8	14	1	6.3
id-01476	3	6	9	5.0
id-01477	10	9	17	5.2
id-01478	7	5	16	6.9
id-01479	6	3	12	6.2
id-01480	3	3	3	6.3
id-01481	1	2	22	5.3
id-01482	9	9	4	6.0
id-01483	6	2	8	5.4
id-01484	5	3	28	6.9
id-01485	8	12	23	5.6
id-01486	3	2	1	6.6
id-01487	2	4	22	5.4
id-01488	1	2	5	6.4
id-01489	10	10	3	6.8
id-01490	5	6	3	5.4
id-01491	8	6	9	5.8
id-01492	3	3	15	6.7
id-01493	6	6	4	5.1
id-01494	9	12	1	5.5
id-01495	10	11	17	5.4
id-01496	9	10	7	5.7
id-01497	7	5	23	6.1
id-01498	5	10	19	6.3
id-01499	2	3	29	5.6
id-01500	9	9	22	5.2
id-01501	9	16	4	7.0
id-01502	9	7	14	5.3
id-01503	4	8	12	5.6
id-01504	5	2	13	5.7
id-01505	3	3	13	6.8
id-01506	7	9	14	6.9
id-01507	4	5	25	7.0
id-01508	4	5	8	6.8
id-01509	1	2	30	5.3
id-01510	5	9	8	5.3
id-01511	10	9	5	5.4
id-01512	3	3	10	5.3
id-01513	10	6	14	5.0
id-01514	8	16	3	7.0
id-01515	10	5	16	6.9
id-01516	10	13	20	6.8
id-01517	10	6	30	5.2
id-01518	6	8	25	5.4
id-01519	3	6	2	6.6
id-01520	7	11	23	6.8
id-01521	4	4	9	6.8
id-01522	3	5	7	5.6
id-01523	5	2	7	6.6
id-01524	3	5	7	6.9
id-01525	10	2	2	5.4
id-01526	3	3	15	6.9
id-01527	3	5	21	6.0
id-01528	8	8	25	6.6
id-01529	6	3	2	5.1
id-01530	8	15	11	5.6
id-01531	10	15	2	5.6
id-01532	6	7	15	6.3
id-01533	1	2	10	6.7
id-01534	9	9	28	6.1
id-01535	10	19	17	5.1
id-01536	7	9	1	6.3
id-01537	6	3	27	6.3
id-01538	3	2	7	5.9
id-01539	9	2	3	6.7
id-01540	3	3	29	5.5
id-01541	1	2	28	6.8
id-01542	3	3	28	5.4
id-01543	1	2	21	5.9
id-01544	6	2	5	5.7
id-01545	7	5	17	5.3
id-01546	10	17	13	5.8
id-01547	1	2	10	7.0
id-01548	2	3	10	5.3
id-01549	8	14	2	6.3
id-01550	1	2	20	5.4
id-01551	3	2	2	5.2
id-01552	8	13	19	5.9
id-01553	6	10	27	6.3
id-01554	2	2	1	5.2
id-01555	4	8	3	5.2
id-01556	6	2	7	7.0
id-01557	4	6	9	5.4
id-01558	1	2	8	5.7
id-01559	4	8	29	5.8
id-01560	8	10	13	5.2
id-01561	2	3	27	6.1
id-01562	5	8	11	5.2
id-01563	8	2	3	6.9
id-01564	9	4	26	6.0
id-01565	1	2	3	6.3
id-01566	6	2	4	6.8
id-01567	3	2	10	6.9
id-01568	3	4	15	7.0
id-01569	4	5	8	5.8
id-01570	1	2	3	6.1
id-01571	10	16	3	6.4
id-01572	3	6	10	6.3
id-01573	9	18	16	6.9
id-01574	10	15	2	5.9
id-01575	6	8	26	6.4
id-01576	8	5	3	6.5
id-01577	6	9	4	6.8
id-01578	3	3	23	5.3
id-01579	2	4	27	6.2
id-01580	9	12	1	5.3
id-01581	6	2	28	6.0
id-01582	5	6	4	5.1
id-01583	6	6	21	6.2
id-01584	3	2	20	6.3
id-01585	1	2	22	6.2
id-01586	4	2	25	5.9
id-01587	1	2	1	6.0
id-01588	6	5	2	5.1
id-01589	2	4	28	5.3
id-01590	5	4	23	6.3
id-01591	5	10	22	6.9
id-01592	6	4	28	6.5
id-01593	3	2	8	6.0
id-01594	3	5	23	6.8
id-01595	4	4	24	5.0
id-01596	2	4	23	5.9
id-01597	8	9	29	6.4
id-01598	9	5	24	5.8
id-01599	3	3	7	6.5
id-01600	8	9	12	5.9
id-01601	2	2	2	6.8
id-01602	1	2	25	5.1
id-01603	5	5	24	5.2
id-01604	6	12	26	6.8
id-01605	9	3	20	6.3
id-01606	10	20	27	5.6
id-01607	6	12	13	6.7
id-01608	5	3	18	6.8
id-01609	10	10	2	5.1
id-01610	2	4	16	5.6
id-01611	3	2	3	5.8
id-01612	4	6	29	6.0
id-01613	3	4	24	5.1
id-01614	6	11	21	5.5
id-01615	4	6	1	6.4
id-01616	4	4	9	6.5
id-01617	3	5	13	5.6
id-01618	3	5	22	5.5
id-01619	7	8	1	5.7
id-01620	4	2	20	5.0
id-01621	5	7	29	6.6
id-01622	8	8	2	6.3
id-01623	1	2	13	6.3
id-01624	2	4	20	5.7
id-01625	10	6	11	6.5
id-01626	6	10	20	6.0
id-01627	7	12	1	6.4
id-01628	3	4	23	6.0
id-01629	8	10	25	7.0
id-01630	5	2	27	6.1
id-01631	5	8	25	6.6
id-01632	1	2	21	6.1
id-01633	1	2	24	6.2
id-01634	3	3	15	5.2
id-01635	6	8	9	6.4
id-01636	5	3	14	6.7
id-01637	6	5	14	6.6
id-01638	2	3	27	5.4
id-01639	9	2	27	5.6
id-01640	7	12	22	5.4
id-01641	4	2	22	5.1
id-01642	10	7	8	5.3
id-01643	3	5	29	5.5
id-01644	10	3	29	5.4
id-01645	6	7	19	6.6
id-01646	1	2	13	6.0
id-01647	5	10	25	5.4
id-01648	9	13	20	5.4
id-01649	8	11	5	5.0
id-01650	4	5	14	5.7
id-01651	1	2	21	5.3
id-01652	5	4	22	6.9
id-01653	5	4	11	6.0
id-01654	2	4	1	6.2
id-01655	6	4	4	5.1
id-01656	2	4	19	6.5
id-01657	5	8	28	5.0
id-01658	4	4	15	5.6
id-01659	3	2	2	5.5
id-01660	7	11	10	5.3
id-01661	10	17	10	5.9
id-01662	4	5	19	5.8
id-01663	3	3	17	5.8
id-01664	8	13	3	6.1
id-01665	10	8	27	5.4
id-01666	1	2	14	6.1
id-01667	4	6	15	5.7
id-01668	4	2	12	6.6
id-01669	8	12	22	6.5
id-01670	1	2	6	6.7
id-01671	8	5	29	5.5
id-01672	4	8	26	6.3
id-01673	10	2	11	6.4
id-01674	4	3	23	6.2
id-01675	7	4	26	5.2
id-01676	10	17	22	6.6
id-01677	8	4	2	5.3
id-01678	3	2	13	5.5
id-01679	4	4	7	5.5
id-01680	4	7	4	5.8
id-01681	7	3	8	5.2
id-01682	2	2	26	6.8
id-01683	5	9	3	5.1
id-01684	3	3	22	6.3
id-01685	4	6	13	6.7
id-01686	6	6	2	6.6
id-01687	9	14	2	5.7
id-01688	10	4	17	5.0
id-01689	7	7	18	5.7
id-01690	4	6	30	6.4
id-01691	7	9	25	5.9
id-01692	9	6	3	5.3
id-01693	4	8	15	5.7
id-01694	9	10	19	6.8
id-01695	10	14	4	6.5
id-01696	5	8	25	5.7
id-01697	6	6	14	6.3
id-01698	4	2	9	6.7
id-01699	1	2	17	6.1
id-01700	1	2	19	5.9
id-01701	5	5	11	6.6
id-01702	7	2	3	6.4
id-01703	1	2	23	6.1
id-01704	6	4	23	5.2
id-01705	6	8	9	5.6
id-01706	10	20	22	5.1
id-01707	6	7	3	6.3
id-01708	6	2	21	5.7
id-01709	8	14	8	5.6
id-01710	9	8	8	6.9
id-01711	9	17	16	5.4
id-01712	5	2	1	6.4
id-01713	7	3	2	5.5
id-01714	1	2	28	5.3
id-01715	6	3	30	5.1
id-01716	4	8	26	5.1
id-01717	5	8	24	6.1
id-01718	4	3	26	6.6
id-01719	5	9	14	6.9
id-01720	5	10	30	6.8
id-01721	1	2	10	5.5
id-01722	6	10	16	6.2
id-01723	8	6	23	5.1
id-01724	6	3	17	6.7
id-01725	2	2	17	6.2
id-01726	7	13	6	5.5
id-01727	5	6	21	5.9
id-01728	10	8	7	5.7
id-01729	3	5	25	5.0
id-01730	5	4	23	5.7
id-01731	8	7	23	6.5
id-01732	4	5	30	5.7
id-01733	1	2	30	6.4
id-01734	1	2	13	5.0
id-01735	2	4	19	6.0
id-01736	3	2	4	7.0
id-01737	6	9	16	6.5
id-01738	1	2	6	5.1
id-01739	10	18	25	6.9
id-01740	10	6	3	5.9
id-01741	8	10	22	6.7
id-01742	3	3	7	6.8
id-01743	7	7	25	5.2
id-01744	8	15	8	5.2
id-01745	5	5	17	6.8
id-01746	2	2	6	6.4
id-01747	1	2	25	6.1
id-01748	5	3	24	5.5
id-01749	10	17	1	5.3
id-01750	7	11	12	5.9
id-01751	3	6	8	5.6
id-01752	6	8	30	6.8
id-01753	7	2	28	5.7
id-01754	2	3	2	6.3
id-01755	4	5	4	6.5
id-01756	7	10	18	6.0
id-01757	8	12	1	5.5
id-01758	1	2	21	5.8
id-01759	9	11	12	5.8
id-01760	3	6	22	6.7
id-01761	2	3	17	5.1
id-01762	8	12	27	6.9
id-01763	3	3	29	5.3
id-01764	5	5	9	5.2
id-01765	4	5	9	6.0
id-01766	10	18	14	6.8
id-01767	7	8	20	5.1
id-01768	9	2	18	6.4
id-01769	2	2	1	5.9
id-01770	2	2	12	5.2
id-01771	4	2	29	6.3
id-01772	3	5	26	5.7
id-01773	2	3	25	6.0
id-01774	10	11	26	5.7
id-01775	10	17	9	7.0
id-01776	1	2	17	6.3
id-01777	5	10	26	6.3
id-01778	4	7	14	6.9
id-01779	6	5	10	6.5
id-01780	3	5	18	5.2
id-01781	10	7	24	6.5
id-01782	2	3	7	6.3
id-01783	8	8	27	5.2
id-01784	4	5	14	6.8
id-01785	7	5	16	5.7
id-01786	9	10	5	5.9
id-01787	3	2	25	5.4
id-01788	6	7	29	5.2
id-01789	10	18	29	5.1
id-01790	4	6	26	6.8
id-01791	8	3	12	5.5
id-01792	4	4	22	5.5
id-01793	4	4	15	6.7
id-01794	9	2	7	6.2
id-01795	6	8	29	6.5
id-01796	4	7	10	6.2
id-01797	3	5	15	5.1
id-01798	8	6	24	5.8
id-01799	9	10	2	6.2
id-01800	10	4	6	6.9
id-01801	10	12	11	5.0
id-01802	7	7	11	6.4
id-01803	2	3	12	6.8
id-01804	6	6	21	6.9
id-01805	5	3	17	6.6
id-01806	8	3	17	6.5
id-01807	6	11	5	6.3
id-01808	1	2	7	5.7
id-01809	6	5	2	6.8
id-01810	10	20	27	5.7
id-01811	9	14	16	6.6
id-01812	1	2	16	6.1
id-01813	4	4	20	5.9
id-01814	9	6	25	6.2
id-01815	9	15	27	6.1
id-01816	3	6	12	5.9
id-01817	3	5	22	5.2
id-01818	9	6	12	5.8
id-01819	7	4	8	5.5
id-01820	8	6	4	6.8
id-01821	6	8	8	6.8
id-01822	6	8	22	5.3
id-01823	1	2	30	6.6
id-01824	9	9	24	6.4
id-01825	9	18	3	5.2
id-01826	1	2	13	6.4
id-01827	5	5	24	6.2
id-01828	3	6	24	5.7
id-01829	9	6	29	6.3
id-01830	7	9	6	5.2
id-01831	10	2	2	6.1
id-01832	5	3	20	5.9
id-01833	3	6	5	6.9
id-01834	10	2	27	5.6
id-01835	2	4	25	5.6
id-01836	4	7	22	6.3
id-01837	6	8	22	5.9
id-01838	7	12	15	6.5
id-01839	5	5	9	5.2
id-01840	2	4	17	5.3
id-01841	1	2	16	6.8
id-01842	10	3	30	6.2
id-01843	3	6	8	6.7
id-01844	3	5	29	5.6
id-01845	4	8	18	6.9
id-01846	9	9	8	6.9
id-01847	10	2	29	6.5
id-01848	7	12	28	6.1
id-01849	9	11	20	5.4
id-01850	5	4	23	5.5
id-01851	5	5	7	6.2
id-01852	4	2	20	6.8
id-01853	8	7	2	6.8
id-01854	10	18	25	6.0
id-01855	8	2	5	5.9
id-01856	4	2	20	5.7
id-01857	10	2	16	5.0
id-01858	8	15	23	6.2
id-01859	9	15	22	5.3
id-01860	2	2	17	5.9
id-01861	6	10	15	6.4
id-01862	4	7	6	6.9
id-01863	10	19	6	6.3
id-01864	8	3	6	6.8
id-01865	10	11	25	5.6
id-01866	2	2	29	5.7
id-01867	2	2	23	5.8
id-01868	2	4	27	5.2
id-01869	2	4	7	5.0
id-01870	1	2	6	6.9
id-01871	3	4	25	5.2
id-01872	5	4	7	5.5
id-01873	7	10	25	6.0
id-01874	3	4	11	6.2
id-01875	5	8	26	5.0
id-01876	7	10	18	5.4
id-01877	8	4	9	6.0
id-01878	1	2	5	5.1
id-01879	6	5	17	5.8
id-01880	10	3	10	6.7
id-01881	9	16	11	5.2
id-01882	4	7	24	6.2
id-01883	1	2	4	5.7
id-01884	8	6	21	5.0
id-01885	10	4	11	6.6
id-01886	10	7	5	6.6
id-01887	3	5	24	6.5
id-01888	8	11	23	6.1
id-01889	2	4	8	5.6
id-01890	9	4	23	5.4
id-01891	3	6	9	6.5
id-01892	4	7	20	5.6
id-01893	5	2	30	6.2
id-01894	7	2	8	6.6
id-01895	3	4	12	5.9
id-01896	5	10	24	5.6
id-01897	4	7	28	5.2
id-01898	5	5	23	5.0
id-01899	6	3	7	6.4
id-01900	7	14	9	5.7
id-01901	4	6	8	5.2
id-01902	6	12	2	5.1
id-01903	4	4	1	6.1
id-01904	7	14	23	5.8
id-01905	9	7	21	5.1
id-01906	2	4	4	6.1
id-01907	2	4	10	5.6
id-01908	10	2	11	6.3
id-01909	2	3	30	6.7
id-01910	5	6	22	6.7
id-01911	5	4	24	6.1
id-01912	3	5	10	5.7
id-01913	4	8	13	6.3
id-01914	4	3	13	5.1
id-01915	10	9	15	5.9
id-01916	5	8	10	6.7
id-01917	4	7	9	5.3
id-01918	9	13	22	5.4
id-01919	6	10	15	7.0
id-01920	3	4	2	6.9
id-01921	1	2	1	6.0
id-01922	1	2	24	6.6
id-01923	8	6	28	6.0
id-01924	8	9	1	5.5
id-01925	3	4	28	6.0
id-01926	7	2	2	6.2
id-01927	6	4	28	6.7
id-01928	2	3	13	5.2
id-01929	7	12	6	6.4
id-01930	6	11	16	5.7
id-01931	8	7	2	6.5
id-01932	1	2	4	5.6
id-01933	9	12	25	6.7
id-01934	2	3	27	5.3
id-01935	6	12	17	5.8
id-01936	7	5	5	5.2
id-01937	3	5	13	7.0
id-01938	8	2	29	6.7
id-01939	1	2	24	6.2
id-01940	6	3	27	5.4
id-01941	9	16	30	5.2
id-01942	8	16	9	6.1
id-01943	4	3	12	6.3
id-01944	5	2	7	6.8
id-01945	7	12	4	5.0
id-01946	3	6	28	5.5
id-01947	1	2	25	6.0
id-01948	5	7	9	6.3
id-01949	8	3	2	6.8
id-01950	10	18	15	6.2
id-01951	3	5	29	5.9
id-01952	6	2	28	5.6
id-01953	9	13	14	7.0
id-01954	8	3	29	6.0
id-01955	4	6	5	5.9
id-01956	4	5	10	6.0
id-01957	7	7	19	5.8
id-01958	9	8	9	5.8
id-01959	5	3	3	6.4
id-01960	1	2	20	5.2
id-01961	6	12	23	6.0
id-01962	9	12	1	6.7
id-01963	10	19	4	5.2
id-01964	1	2	26	6.4
id-01965	5	5	23	6.0
id-01966	6	6	27	5.1
id-01967	2	2	11	5.3
id-01968	6	7	29	6.5
id-01969	1	2	14	5.1
id-01970	4	4	14	6.2
id-01971	1	2	27	6.5
id-01972	2	3	28	6.2
id-01973	9	17	20	5.1
id-01974	8	6	17	6.6
id-01975	1	2	5	6.1
id-01976	10	15	30	6.5
id-01977	10	3	3	5.3
id-01978	10	7	7	5.2
id-01979	9	18	3	6.7
id-01980	3	6	28	5.4
id-01981	2	2	18	6.4
id-01982	3	5	15	5.9
id-01983	6	8	10	6.3
id-01984	10	18	28	5.7
id-01985	6	2	5	6.7
id-01986	8	14	2	5.2
id-01987	10	18	25	5.9
id-01988	4	6	7	7.0
id-01989	8	9	29	6.6
id-01990	2	4	12	6.4
id-01991	9	5	13	5.5
id-01992	7	11	17	6.8
id-01993	10	14	27	6.9
id-01994	6	8	14	5.7
id-01995	4	5	25	5.2
id-01996	6	5	15	5.7
id-01997	1	2	14	5.6
id-01998	9	11	24	5.9
id-01999	5	4	12	6.5
id-02000	2	4	27	5.6
id-02001	2	3	14	5.3
id-02002	1	2	18	5.2
id-02003	9	13	7	5.2
id-02004	9	12	2	6.6
id-02005	8	8	2	5.7
id-02006	3	6	27	5.4
id-02007	2	4	19	5.8
id-02008	9	2	28	5.1
id-02009	1	2	1	6.6
id-02010	6	3	30	6.2
id-02011	6	5	25	5.7
id-02012	10	5	1	7.0
id-02013	2	4	20	5.3
id-02014	3	2	27	6.0
id-02015	5	5	17	5.4
id-02016	6	9	13	6.7
id-02017	3	6	27	6.3
id-02018	5	10	4	6.4
id-02019	5	6	20	5.9
id-02020	7	8	22	5.2
id-02021	6	10	5	6.2
id-02022	10	16	8	5.7
id-02023	3	3	10	6.4
id-02024	6	5	14	5.1
id-02025	7	13	15	5.1
id-02026	1	2	5	5.6
id-02027	7	9	24	6.8
id-02028	9	15	24	6.3
id-02029	9	16	19	5.3
id-02030	6	4	15	6.2
id-02031	4	2	22	5.2
id-02032	2	2	6	6.5
id-02033	1	2	20	5.9
id-02034	5	6	23	6.5
id-02035	3	6	15	6.8
id-02036	3	4	4	5.9
id-02037	7	5	12	6.9
id-02038	8	15	22	5.6
id-02039	3	4	20	5.5
id-02040	8	16	4	6.3
id-02041	2	2	7	6.9
id-02042	2	3	23	6.4
id-02043	6	3	6	5.9
id-02044	3	3	23	5.9
id-02045	5	4	15	6.4
id-02046	1	2	24	5.7
id-02047	10	16	20	6.5
id-02048	5	6	27	5.8
id-02049	9	14	1	6.7
id-02050	9	10	21	5.0
id-02051	3	4	10	5.4
id-02052	10	3	17	5.4
id-02053	1	2	27	5.9
id-02054	8	11	10	5.8
id-02055	3	6	23	5.4
id-02056	2	4	15	5.5
id-02057	7	5	23	5.5
id-02058	5	3	25	6.8
id-02059	3	4	27	6.9
id-02060	5	5	23	5.1
id-02061	10	4	14	6.0
id-02062	7	3	4	5.7
id-02063	8	12	9	5.9
id-02064	10	11	4	5.0
id-02065	1	2	26	5.4
id-02066	1	2	6	6.7
id-02067	2	2	11	6.4
id-02068	3	5	18	5.3
id-02069	3	3	15	5.3
id-02070	7	6	5	6.1
id-02071	6	11	20	6.9
id-02072	7	10	23	6.8
id-02073	5	4	23	5.0
id-02074	1	2	20	5.9
id-02075	9	11	28	5.9
id-02076	8	6	4	6.9
id-02077	1	2	19	5.7
id-02078	3	3	11	6.8
id-02079	7	8	13	6.7
id-02080	4	5	17	5.4
id-02081	10	3	8	5.6
id-02082	4	3	5	6.2
id-02083	2	2	13	5.0
id-02084	5	2	21	6.1
id-02085	10	10	29	6.0
id-02086	10	5	28	6.3
id-02087	5	4	2	6.4
id-02088	4	8	22	6.4
id-02089	1	2	4	6.0
id-02090	9	9	17	5.2
id-02091	5	7	21	6.8
id-02092	8	10	11	6.9
id-02093	4	5	29	5.6
id-02094	4	8	25	5.2
id-02095	8	16	29	5.3
id-02096	7	6	30	5.6
id-02097	1	2	13	5.9
id-02098	5	9	14	6.5
id-02099	8	12	22	6.2
id-02100	5	6	10	5.1
id-02101	7	14	10	6.4
id-02102	6	6	14	5.3
id-02103	7	2	4	6.8
id-02104	10	3	11	5.1
id-02105	2	2	25	7.0
id-02106	10	16	29	6.8
id-02107	5	2	19	6.2
id-02108	3	5	7	5.6
id-02109	2	2	19	5.7
id-02110	4	2	23	5.2
id-02111	2	3	20	5.1
id-02112	10	13	5	6.8
id-02113	9	11	13	6.3
id-02114	7	7	14	5.3
id-02115	5	7	21	6.5
id-02116	1	2	28	6.8
id-02117	4	8	26	6.2
id-02118	3	4	18	5.3
id-02119	3	3	28	5.7
id-02120	9	18	30	5.2
id-02121	3	5	6	6.7
id-02122	8	15	29	5.3
id-02123	10	8	20	6.9
id-02124	5	2	20	6.6
id-02125	8	15	3	6.8
id-02126	5	10	16	5.7
id-02127	8	14	10	5.3
id-02128	10	5	23	6.3
id-02129	5	2	10	6.6
id-02130	2	3	24	6.5
id-02131	6	11	18	6.8
id-02132	4	7	15	6.9
id-02133	3	3	15	6.3
id-02134	10	9	26	6.8
id-02135	6	2	7	5.2
id-02136	10	15	27	6.7
id-02137	9	11	20	6.4
id-02138	1	2	10	6.1
id-02139	2	2	30	5.7
id-02140	10	18	29	5.2
id-02141	1	2	18	5.6
id-02142	8	3	29	6.7
id-02143	3	5	23	6.9
id-02144	3	2	30	5.9
id-02145	8	14	19	6.8
id-02146	7	6	13	6.0
id-02147	4	7	1	5.5
id-02148	6	2	18	6.2
id-02149	2	2	13	6.9
id-02150	6	10	26	5.8
id-02151	6	3	6	6.6
id-02152	10	5	19	6.8
id-02153	5	6	10	6.8
id-02154	7	10	28	5.4
id-02155	5	6	16	6.4
id-02156	10	14	25	5.1
id-02157	7	10	13	6.1
id-02158	5	8	28	6.7
id-02159	8	5	28	6.1
id-02160	1	2	21	6.4
id-02161	4	3	10	6.2
id-02162	6	9	19	6.7
id-02163	3	6	14	5.2
id-02164	5	2	25	5.4
id-02165	10	17	8	6.1
id-02166	7	11	7	5.5
id-02167	5	2	15	6.4
id-02168	10	19	1	5.0
id-02169	10	8	22	5.7
id-02170	7	5	7	5.7
id-02171	1	2	4	6.8
id-02172	9	18	7	6.1
id-02173	1	2	21	6.4
id-02174	5	3	7	5.3
id-02175	6	11	8	6.7
id-02176	4	8	27	5.5
id-02177	5	10	9	6.0
id-02178	4	7	10	6.9
id-02179	6	11	6	6.8
id-02180	3	4	12	5.9
id-02181	6	12	18	6.7
id-02182	4	6	12	6.9
id-02183	5	8	10	6.6
id-02184	1	2	17	5.9
id-02185	5	7	21	6.8
id-02186	7	2	1	6.7
id-02187	10	15	13	6.7
id-02188	4	4	4	6.0
id-02189	2	3	14	6.5
id-02190	4	3	13	6.9
id-02191	7	7	5	6.5
id-02192	9	17	26	5.3
id-02193	7	14	3	6.0
id-02194	4	6	29	6.5
id-02195	7	13	15	6.7
id-02196	8	3	2	5.7
id-02197	3	5	29	5.5
id-02198	8	7	3	6.6
id-02199	5	6	16	5.6
id-02200	2	4	17	6.4
id-02201	8	2	19	5.9
id-02202	10	2	19	6.3
id-02203	3	5	9	5.4
id-02204	3	5	24	5.1
id-02205	2	2	6	6.8
id-02206	2	2	5	6.2
id-02207	9	9	12	7.0
id-02208	2	3	28	5.8
id-02209	9	6	11	5.1
id-02210	5	5	18	6.4
id-02211	5	9	7	5.6
id-02212	3	5	30	5.6
id-02213	8	16	5	7.0
id-02214	7	10	12	5.2
id-02215	4	5	23	5.4
id-02216	1	2	12	5.4
id-02217	1	2	1	5.8
id-02218	2	4	1	5.5
id-02219	9	7	21	6.1
id-02220	10	17	18	6.6
id-02221	1	2	15	6.3
id-02222	7	9	11	5.1
id-02223	8	5	29	5.8
id-02224	1	2	1	6.3
id-02225	3	3	19	6.3
id-02226	3	6	21	6.0
id-02227	9	9	29	5.8
id-02228	5	4	8	6.3
id-02229	6	11	18	6.6
id-02230	3	5	8	5.0
id-02231	5	4	12	6.8
id-02232	4	7	15	5.8
id-02233	6	12	12	6.1
id-02234	9	9	28	5.8
id-02235	9	9	8	6.7
id-02236	1	2	16	5.3
id-02237	5	3	23	6.5
id-02238	7	11	27	6.0
id-02239	5	9	4	5.7
id-02240	8	3	13	6.4
id-02241	8	16	28	5.9
id-02242	7	8	5	5.7
id-02243	1	2	12	6.7
id-02244	4	2	25	6.7
id-02245	8	10	14	6.0
id-02246	9	15	1	5.0
id-02247	6	7	29	6.2
id-02248	7	5	4	5.8
id-02249	6	7	11	5.7
id-02250	4	5	6	5.7
id-02251	1	2	28	6.8
id-02252	5	9	6	5.4
id-02253	3	2	27	5.4
id-02254	2	2	30	5.9
id-02255	10	16	15	6.7
id-02256	2	4	21	7.0
id-02257	4	3	17	6.3
id-02258	1	2	11	6.3
id-02259	3	6	23	5.8
id-02260	6	9	15	6.1
id-02261	5	6	28	5.4
id-02262	2	3	23	6.7
id-02263	7	6	7	6.6
id-02264	3	5	3	6.2
id-02265	4	3	13	5.7
id-02266	10	11	29	5.9
id-02267	2	2	30	5.3
id-02268	10	14	7	6.3
id-02269	4	4	8	5.2
id-02270	10	3	2	6.7
id-02271	4	4	24	6.4
id-02272	8	7	28	6.6
id-02273	10	12	24	6.3
id-02274	2	4	15	6.7
id-02275	1	2	5	6.8
id-02276	6	5	20	5.7
id-02277	8	9	30	6.5
id-02278	10	11	13	7.0
id-02279	6	7	14	5.6
id-02280	9	10	16	6.5
id-02281	7	4	10	6.7
id-02282	2	4	17	5.4
id-02283	1	2	21	5.9
id-02284	10	19	14	6.8
id-02285	3	5	19	6.7
id-02286	4	5	7	5.2
id-02287	8	3	22	5.8
id-02288	4	6	7	5.1
id-02289	3	5	7	6.0
id-02290	3	3	12	6.1
id-02291	10	7	1	6.8
id-02292	4	2	19	6.5
id-02293	8	12	7	6.4
id-02294	4	6	19	6.9
id-02295	9	5	30	5.4
id-02296	2	4	30	5.9
id-02297	3	2	8	5.8
id-02298	9	18	10	6.8
id-02299	6	6	26	6.9
id-02300	10	5	30	6.9
id-02301	3	3	1	5.0
id-02302	4	6	3	5.1
id-02303	7	14	29	6.5
id-02304	5	4	14	6.1
id-02305	9	9	6	6.6
id-02306	2	2	7	5.2
id-02307	2	3	27	6.5
id-02308	1	2	20	6.9
id-02309	8	6	1	6.0
id-02310	3	2	26	5.5
id-02311	2	4	2	6.7
id-02312	2	3	21	5.3
id-02313	8	9	19	6.0
id-02314	2	2	1	6.3
id-02315	1	2	26	5.8
id-02316	3	4	28	7.0
id-02317	7	14	24	6.4
id-02318	2	3	24	6.1
id-02319	2	4	18	5.5
id-02320	8	2	4	6.2
id-02321	7	6	28	6.2
id-02322	1	2	7	6.8
id-02323	6	7	2	6.3
id-02324	3	2	9	6.8
id-02325	10	4	16	6.8
id-02326	8	6	30	5.8
id-02327	7	4	13	6.8
id-02328	1	2	2	5.6
id-02329	2	3	26	5.5
id-02330	2	4	1	6.2
id-02331	7	8	10	6.5
id-02332	7	5	23	7.0
id-02333	6	4	17	6.9
id-02334	8	8	10	6.9
id-02335	3	3	23	7.0
id-02336	1	2	6	5.8
id-02337	9	2	19	5.8
id-02338	4	7	25	6.1
id-02339	2	2	16	6.9
id-02340	7	12	14	5.4
id-02341	8	5	29	6.0
id-02342	2	4	27	6.9
id-02343	5	7	12	6.4
id-02344	9	10	21	6.4
id-02345	2	3	30	6.8
id-02346	1	2	5	6.0
id-02347	10	4	29	5.0
id-02348	7	7	24	5.4
id-02349	1	2	30	6.6
id-02350	10	7	9	5.9
id-02351	7	6	29	6.9
id-02352	10	13	24	6.9
id-02353	3	4	22	5.4
id-02354	2	2	24	5.4
id-02355	2	4	10	6.1
id-02356	4	3	19	6.9
id-02357	2	3	29	5.2
id-02358	7	5	5	5.5
id-02359	8	3	13	5.8
id-02360	4	3	24	5.9
id-02361	6	4	30	6.6
id-02362	1	2	18	5.3
id-02363	2	3	1	5.4
id-02364	4	6	9	5.4
id-02365	3	4	6	6.5
id-02366	2	4	2	6.5
id-02367	1	2	27	5.2
id-02368	3	5	20	6.0
id-02369	2	2	14	6.4
id-02370	10	13	13	6.5
id-02371	10	8	20	5.5
id-02372	1	2	25	5.9
id-02373	2	3	14	5.8
id-02374	8	15	2	6.5
id-02375	7	2	27	6.3
id-02376	10	20	8	6.6
id-02377	10	7	16	6.1
id-02378	7	3	26	6.0
id-02379	4	2	29	6.3
id-02380	3	5	11	5.7
id-02381	4	3	14	6.5
id-02382	2	2	5	6.2
id-02383	5	5	25	5.3
id-02384	3	3	1	5.3
id-02385	7	14	14	6.1
id-02386	4	6	2	6.6
id-02387	1	2	10	5.0
id-02388	10	11	1	6.7
id-02389	3	2	30	5.9
id-02390	3	6	18	6.1
id-02391	8	7	12	5.0
id-02392	8	11	28	6.2
id-02393	6	2	13	5.5
id-02394	2	4	7	6.9
id-02395	10	12	17	6.2
id-02396	5	4	12	6.5
id-02397	3	3	17	6.3
id-02398	7	13	24	6.6
id-02399	9	3	5	5.8
id-02400	3	2	7	6.8
id-02401	5	5	27	5.5
id-02402	2	2	13	6.1
id-02403	10	15	19	5.7
id-02404	4	2	26	5.7
id-02405	10	2	10	5.5
id-02406	5	8	16	5.9
id-02407	6	12	4	6.7
id-02408	4	3	4	5.9
id-02409	8	9	14	5.3
id-02410	10	5	17	6.1
id-02411	7	6	17	6.2
id-02412	1	2	14	6.4
id-02413	2	3	9	5.4
id-02414	4	5	2	5.3
id-02415	5	6	26	5.3
id-02416	10	17	21	6.4
id-02417	10	7	27	5.6
id-02418	1	2	2	5.0
id-02419	7	9	3	6.5
id-02420	8	15	15	6.7
id-02421	8	13	4	5.0
id-02422	3	3	16	6.6
id-02423	4	7	18	5.2
id-02424	1	2	22	6.3
id-02425	4	6	25	6.7
id-02426	1	2	27	5.7
id-02427	5	5	7	5.7
id-02428	5	9	5	6.3
id-02429	2	3	18	5.3
id-02430	1	2	12	5.2
id-02431	6	9	30	6.1
id-02432	6	5	8	6.8
id-02433	3	2	7	6.8
id-02434	3	4	30	6.9
id-02435	6	10	24	6.1
id-02436	4	4	17	6.2
id-02437	4	3	25	5.8
id-02438	6	4	29	5.1
id-02439	4	3	28	6.9
id-02440	8	7	12	6.0
id-02441	2	4	5	5.2
id-02442	1	2	8	6.3
id-02443	5	10	6	5.2
id-02444	5	7	19	5.1
id-02445	8	15	23	5.2
id-02446	8	3	23	5.5
id-02447	5	8	3	6.5
id-02448	9	10	12	6.1
id-02449	10	16	18	6.9
id-02450	8	7	8	6.9
id-02451	6	2	18	5.8
id-02452	3	6	22	5.8
id-02453	7	9	19	5.3
id-02454	3	5	17	7.0
id-02455	1	2	12	6.1
id-02456	10	5	8	6.1
id-02457	1	2	4	6.6
id-02458	1	2	9	5.2
id-02459	5	2	27	6.0
id-02460	1	2	3	5.7
id-02461	5	4	11	5.6
id-02462	5	7	13	6.6
id-02463	10	11	22	5.0
id-02464	6	8	28	6.4
id-02465	9	15	26	5.8
id-02466	4	6	5	6.2
id-02467	8	2	25	5.2
id-02468	6	5	26	5.1
id-02469	5	7	1	6.0
id-02470	2	2	12	6.7
id-02471	9	11	18	6.4
id-02472	7	7	10	5.6
id-02473	4	8	9	5.6
id-02474	9	11	22	6.9
id-02475	1	2	5	6.6
id-02476	1	2	25	5.8
id-02477	1	2	9	6.7
id-02478	2	4	20	5.9
id-02479	1	2	7	6.2
id-02480	4	5	28	6.8
id-02481	5	3	2	5.4
id-02482	6	9	29	6.6
id-02483	9	13	16	6.3
id-02484	9	6	6	5.5
id-02485	2	4	23	6.7
id-02486	7	8	24	5.2
id-02487	10	20	14	5.3
id-02488	2	2	8	5.4
id-02489	10	17	2	6.6
id-02490	8	15	14	5.5
id-02491	4	4	9	6.3
id-02492	8	8	2	5.7
id-02493	10	16	13	5.9
id-02494	5	9	24	6.7
id-02495	7	13	12	6.9
id-02496	5	6	12	5.3
id-02497	2	3	22	6.2
id-02498	2	4	2	5.7
id-02499	9	18	28	5.8
id-02500	9	7	9	5.5
id-02501	4	6	13	5.9
id-02502	4	3	2	5.0
id-02503	5	8	22	6.6
id-02504	8	13	13	6.8
id-02505	2	2	11	6.0
id-02506	6	10	12	6.6
id-02507	5	10	5	5.7
id-02508	8	15	12	6.0
id-02509	7	5	19	6.4
id-02510	1	2	5	5.8
id-02511	4	2	4	5.8
id-02512	10	13	1	6.3
id-02513	8	5	9	5.6
id-02514	5	5	17	6.7
id-02515	2	2	22	6.5
id-02516	3	5	13	6.9
id-02517	5	8	3	5.1
id-02518	2	3	28	5.5
id-02519	3	3	11	6.3
id-02520	7	8	24	5.0
id-02521	4	7	22	5.0
id-02522	5	7	17	5.6
id-02523	8	7	12	6.8
id-02524	1	2	24	5.6
id-02525	10	4	29	6.3
id-02526	8	2	28	6.5
id-02527	2	3	3	5.1
id-02528	4	5	1	6.5
id-02529	4	2	11	5.4
id-02530	2	3	25	5.3
id-02531	10	14	29	6.2
id-02532	7	4	12	6.8
id-02533	5	4	26	5.9
id-02534	10	7	1	5.5
id-02535	3	3	13	5.4
id-02536	2	3	8	5.4
id-02537	2	3	10	6.8
id-02538	9	5	12	6.7
id-02539	9	7	3	6.5
id-02540	5	6	18	5.4
id-02541	6	8	5	5.1
id-02542	9	9	17	5.5
id-02543	1	2	9	6.8
id-02544	1	2	16	6.8
id-02545	2	2	24	6.6
id-02546	10	5	23	6.5
id-02547	3	4	4	5.1
id-02548	8	14	6	5.2
id-02549	2	4	11	5.1
id-02550	2	2	7	6.9
id-02551	4	4	4	5.7
id-02552	8	8	5	5.2
id-02553	4	7	22	5.6
id-02554	2	3	12	6.9
id-02555	4	2	22	5.0
id-02556	9	9	15	6.8
id-02557	9	10	28	6.8
id-02558	10	11	25	5.2
id-02559	5	7	8	5.1
id-02560	3	4	26	5.4
id-02561	8	9	15	6.7
id-02562	7	6	1	5.9
id-02563	4	8	23	5.6
id-02564	4	8	17	5.5
id-02565	3	2	13	6.1
id-02566	8	13	29	6.2
id-02567	2	2	5	5.1
id-02568	3	4	25	6.1
id-02569	10	6	12	5.9
id-02570	5	7	3	5.4
id-02571	4	8	13	5.1
id-02572	8	6	21	6.3
id-02573	5	7	3	5.7
id-02574	3	6	26	5.2
id-02575	6	6	13	5.7
id-02576	2	3	2	6.5
id-02577	2	4	28	6.3
id-02578	1	2	6	5.7
id-02579	2	4	9	5.7
id-02580	5	9	9	6.5
id-02581	1	2	19	5.4
id-02582	3	3	29	5.5
id-02583	1	2	4	5.4
id-02584	8	7	13	5.2
id-02585	2	4	29	6.4
id-02586	7	14	21	6.1
id-02587	9	17	2	7.0
id-02588	6	5	9	5.2
id-02589	9	9	7	7.0
id-02590	2	2	10	6.3
id-02591	6	6	5	5.1
id-02592	6	5	25	6.9
id-02593	8	7	26	6.5
id-02594	1	2	27	5.3
id-02595	7	12	6	5.4
id-02596	10	13	22	5.4
id-02597	7	10	11	6.8
id-02598	6	5	14	5.4
id-02599	8	3	11	6.0
id-02600	10	12	8	6.4
id-02601	8	11	20	6.5
id-02602	5	6	5	5.4
id-02603	8	15	17	6.6
id-02604	8	2	13	5.3
id-02605	9	3	17	5.2
id-02606	5	10	19	5.8
id-02607	4	4	6	6.1
id-02608	3	3	16	6.2
id-02609	10	12	19	6.9
id-02610	2	3	17	5.1
id-02611	9	8	3	6.8
id-02612	6	10	13	6.4
id-02613	8	11	23	6.7
id-02614	8	10	12	6.2
id-02615	2	2	18	6.6
id-02616	9	11	3	6.7
id-02617	6	7	27	5.7
id-02618	9	8	24	6.0
id-02619	6	3	14	5.5
id-02620	10	2	4	6.3
id-02621	2	3	15	5.4
id-02622	10	6	16	6.8
id-02623	10	10	17	6.9
id-02624	9	13	30	6.7
id-02625	7	4	19	5.8
id-02626	3	2	26	6.0
id-02627	4	7	4	6.7
id-02628	6	8	8	6.0
id-02629	8	12	14	6.8
id-02630	7	3	19	6.3
id-02631	3	4	2	5.1
id-02632	7	5	23	6.2
id-02633	5	8	26	7.0
id-02634	7	9	11	6.7
id-02635	4	7	6	5.3
id-02636	6	9	9	6.2
id-02637	8	6	15	6.0
id-02638	6	11	1	5.7
id-02639	5	9	6	5.9
id-02640	4	7	5	5.2
id-02641	8	9	30	5.7
id-02642	3	3	18	6.5
id-02643	6	10	9	6.8
id-02644	9	10	15	5.6
id-02645	10	12	29	5.4
id-02646	4	7	1	6.7
id-02647	5	8	6	5.4
id-02648	10	2	16	7.0
id-02649	2	4	11	5.1
id-02650	5	10	7	5.1
id-02651	7	13	6	5.0
id-02652	2	2	9	5.3
id-02653	5	6	14	6.8
id-02654	7	6	19	5.5
id-02655	9	3	30	6.0
id-02656	8	13	10	5.8
id-02657	10	7	22	6.0
id-02658	6	6	23	6.4
id-02659	3	6	4	6.0
id-02660	3	5	21	5.1
id-02661	8	8	16	6.7
id-02662	8	6	8	5.6
id-02663	4	6	9	5.3
id-02664	5	3	7	6.0
id-02665	1	2	19	5.5
id-02666	9	15	12	5.4
id-02667	6	10	27	6.2
id-02668	10	4	27	6.3
id-02669	6	2	18	5.8
id-02670	2	3	19	6.6
id-02671	1	2	21	6.8
id-02672	6	11	2	6.1
id-02673	4	3	17	6.7
id-02674	2	4	3	6.1
id-02675	3	4	17	5.9
id-02676	1	2	15	5.7
id-02677	10	2	17	5.1
id-02678	8	4	15	6.5
id-02679	7	7	19	5.9
id-02680	2	4	8	5.1
id-02681	8	3	17	5.7
id-02682	5	6	22	6.4
id-02683	5	10	12	6.1
id-02684	10	7	7	6.7
id-02685	8	12	6	5.9
id-02686	9	2	4	5.3
id-02687	3	3	14	6.9
id-02688	1	2	10	6.7
id-02689	9	11	14	6.1
id-02690	2	4	9	6.0
id-02691	7	9	1	5.4
id-02692	1	2	20	5.9
id-02693	1	2	3	5.2
id-02694	5	7	28	6.5
id-02695	9	14	26	5.7
id-02696	7	11	12	5.7
id-02697	3	2	18	5.8
id-02698	5	8	26	5.5
id-02699	2	2	7	5.7
id-02700	5	2	10	5.5
id-02701	9	9	3	5.9
id-02702	2	3	11	5.9
id-02703	1	2	15	5.3
id-02704	10	16	6	5.2
id-02705	1	2	15	6.9
id-02706	2	2	26	6.9
id-02707	3	6	1	5.9
id-02708	2	4	25	5.6
id-02709	9	13	13	5.9
id-02710	4	4	21	5.7
id-02711	8	2	26	5.8
id-02712	2	4	29	6.5
id-02713	7	7	9	5.6
id-02714	5	8	19	5.8
id-02715	5	10	10	6.8
id-02716	4	7	1	6.3
id-02717	3	2	13	5.5
id-02718	1	2	17	5.6
id-02719	10	16	19	5.7
id-02720	4	5	28	5.3
id-02721	6	11	13	6.5
id-02722	10	12	17	6.5
id-02723	4	3	8	6.9
id-02724	6	8	8	6.9
id-02725	2	4	27	6.0
id-02726	10	20	15	6.0
id-02727	4	6	17	5.5
id-02728	5	6	10	6.9
id-02729	10	16	14	6.7
id-02730	5	9	10	5.5
id-02731	10	7	20	6.7
id-02732	5	7	18	6.6
id-02733	8	9	13	6.7
id-02734	5	9	18	6.4
id-02735	8	7	29	6.4
id-02736	5	8	26	6.7
id-02737	2	2	20	5.1
id-02738	10	7	5	5.1
id-02739	6	5	17	5.6
id-02740	8	2	26	6.2
id-02741	7	7	3	6.0
id-02742	8	4	12	6.6
id-02743	1	2	5	5.6
id-02744	6	6	9	5.2
id-02745	1	2	1	6.4
id-02746	1	2	27	5.5
id-02747	6	3	18	5.9
id-02748	4	3	12	6.6
id-02749	5	3	6	5.0
id-02750	3	6	27	5.8
id-02751	9	9	21	6.8
id-02752	9	14	17	6.6
id-02753	1	2	8	6.5
id-02754	3	3	13	6.2
id-02755	6	7	24	5.3
id-02756	7	8	24	5.5
id-02757	4	6	20	6.3
id-02758	6	10	7	5.0
id-02759	8	7	11	5.5
id-02760	6	10	22	5.7
id-02761	5	9	12	5.8
id-02762	3	6	14	6.1
id-02763	4	4	24	6.0
id-02764	8	5	7	5.2
id-02765	1	2	19	5.9
id-02766	8	12	21	5.2
id-02767	9	18	24	5.4
id-02768	7	5	23	6.0
id-02769	4	5	16	5.0
id-02770	6	7	6	5.2
id-02771	10	5	7	7.0
id-02772	10	12	3	5.2
id-02773	5	8	4	7.0
id-02774	2	3	2	6.3
id-02775	10	3	6	5.4
id-02776	5	3	23	5.2
id-02777	1	2	21	5.5
id-02778	5	4	22	5.6
id-02779	4	2	25	5.3
id-02780	1	2	3	6.7
id-02781	2	4	9	5.9
id-02782	9	14	23	5.9
id-02783	2	3	5	6.8
id-02784	2	2	3	5.5
id-02785	9	5	14	6.6
id-02786	8	11	28	5.6
id-02787	5	6	2	6.8
id-02788	3	2	30	6.0
id-02789	7	10	27	6.0
id-02790	2	4	2	5.9
id-02791	5	2	9	5.5
id-02792	4	8	12	5.8
id-02793	5	3	22	5.4
id-02794	10	9	24	6.8
id-02795	4	6	26	6.0
id-02796	4	7	19	6.6
id-02797	6	6	30	5.8
id-02798	4	7	18	6.5
id-02799	3	4	16	5.7
id-02800	8	7	11	6.7
id-02801	1	2	14	6.2
id-02802	5	6	20	7.0
id-02803	4	2	23	6.0
id-02804	2	2	15	6.3
id-02805	8	16	23	6.3
id-02806	1	2	4	5.7
id-02807	7	4	29	6.4
id-02808	10	20	25	5.3
id-02809	7	4	10	6.7
id-02810	5	6	10	6.9
id-02811	9	15	30	5.3
id-02812	3	4	24	5.1
id-02813	8	16	26	5.0
id-02814	5	7	28	6.5
id-02815	2	4	7	6.0
id-02816	2	2	17	6.5
id-02817	1	2	29	6.1
id-02818	10	18	12	5.5
id-02819	8	9	26	6.7
id-02820	10	3	27	5.2
id-02821	8	2	9	5.1
id-02822	8	5	4	5.8
id-02823	2	4	17	6.7
id-02824	10	17	17	6.7
id-02825	1	2	12	6.0
id-02826	6	11	10	6.5
id-02827	10	8	9	5.5
id-02828	6	12	21	6.2
id-02829	2	3	9	6.2
id-02830	10	7	19	6.8
id-02831	5	5	27	6.6
id-02832	5	8	16	6.3
id-02833	3	2	6	6.3
id-02834	4	2	25	5.3
id-02835	10	11	22	7.0
id-02836	2	2	3	5.8
id-02837	8	5	11	5.2
id-02838	9	11	2	6.6
id-02839	2	3	25	5.4
id-02840	9	15	6	5.4
id-02841	7	5	26	5.7
id-02842	1	2	28	5.3
id-02843	1	2	17	6.1
id-02844	6	4	28	6.3
id-02845	8	14	28	6.9
id-02846	4	3	3	5.5
id-02847	4	7	13	6.8
id-02848	7	3	23	5.5
id-02849	8	2	26	6.3
id-02850	8	15	26	6.3
id-02851	7	5	14	6.7
id-02852	1	2	26	5.3
id-02853	9	8	14	6.5
id-02854	3	6	22	5.1
id-02855	1	2	15	5.9
id-02856	6	6	1	6.9
id-02857	8	12	9	6.4
id-02858	2	3	20	5.4
id-02859	7	8	22	5.9
id-02860	7	9	18	6.2
id-02861	5	2	19	7.0
id-02862	9	15	8	5.1
id-02863	5	8	22	5.4
id-02864	7	2	19	6.2
id-02865	8	7	26	5.1
id-02866	7	10	1	6.5
id-02867	7	10	24	6.4
id-02868	10	14	15	6.8
id-02869	1	2	21	6.5
id-02870	10	19	29	6.9
id-02871	3	3	2	6.6
id-02872	7	7	16	5.8
id-02873	6	5	15	6.4
id-02874	10	3	10	6.7
id-02875	2	3	29	6.3
id-02876	3	5	21	6.4
id-02877	5	4	24	6.2
id-02878	5	10	4	6.6
id-02879	7	6	2	5.7
id-02880	6	2	6	5.7
id-02881	2	2	1	7.0
id-02882	10	3	1	6.8
id-02883	6	7	10	5.5
id-02884	4	8	25	5.7
id-02885	4	7	15	7.0
id-02886	8	2	7	6.1
id-02887	1	2	6	5.9
id-02888	9	13	23	6.5
id-02889	5	3	1	6.5
id-02890	1	2	22	5.8
id-02891	1	2	9	5.4
id-02892	4	3	23	6.7
id-02893	8	10	10	6.6
id-02894	1	2	14	5.7
id-02895	5	4	29	5.3
id-02896	6	10	27	6.2
id-02897	4	3	27	5.5
id-02898	1	2	18	6.7
id-02899	4	5	21	6.4
id-02900	2	4	4	5.8
id-02901	5	7	29	6.4
id-02902	10	15	5	6.2
id-02903	9	2	25	7.0
id-02904	10	6	24	6.4
id-02905	8	10	26	6.2
id-02906	2	3	8	5.1
id-02907	3	2	27	6.1
id-02908	4	8	22	5.5
id-02909	1	2	13	6.6
id-02910	4	5	29	5.1
id-02911	3	3	24	7.0
id-02912	2	2	20	5.4
id-02913	10	16	24	5.0
id-02914	9	18	12	6.0
id-02915	6	9	7	5.1
id-02916	9	18	20	6.5
id-02917	10	2	13	6.1
id-02918	9	17	21	6.3
id-02919	10	13	16	6.3
id-02920	9	6	2	5.6
id-02921	7	8	21	5.4
id-02922	9	3	26	5.3
id-02923	9	6	24	5.5
id-02924	6	12	30	5.4
id-02925	8	10	7	6.4
id-02926	7	2	5	5.2
id-02927	2	3	19	6.6
id-02928	8	11	7	5.4
id-02929	3	5	8	6.7
id-02930	8	9	8	6.2
id-02931	9	4	10	5.4
id-02932	9	3	30	6.2
id-02933	10	16	27	6.8
id-02934	10	11	22	6.3
id-02935	1	2	1	6.0
id-02936	6	6	13	6.7
id-02937	10	20	17	6.0
id-02938	1	2	18	6.0
id-02939	8	10	3	5.1
id-02940	6	12	28	6.0
id-02941	9	2	21	6.5
id-02942	8	13	26	5.9
id-02943	3	2	9	6.9
id-02944	6	4	23	5.0
id-02945	1	2	3	6.6
id-02946	10	4	2	6.2
id-02947	7	6	13	5.3
id-02948	10	7	1	6.8
id-02949	6	6	23	6.3
id-02950	9	8	25	6.8
id-02951	2	4	29	6.3
id-02952	4	2	6	5.5
id-02953	4	2	24	5.7
id-02954	7	13	3	6.4
id-02955	1	2	19	6.4
id-02956	1	2	16	5.0
id-02957	7	12	6	6.0
id-02958	1	2	11	6.5
id-02959	9	17	2	5.6
id-02960	7	4	19	6.6
id-02961	5	3	18	6.0
id-02962	9	12	8	6.0
id-02963	8	15	13	5.0
id-02964	5	8	24	5.6
id-02965	7	14	23	5.7
id-02966	9	8	23	5.7
id-02967	9	11	18	6.6
id-02968	2	4	3	5.5
id-02969	2	3	24	5.0
id-02970	9	8	9	5.7
id-02971	1	2	24	5.9
id-02972	8	10	12	5.6
id-02973	10	18	21	6.9
id-02974	3	6	3	6.0
id-02975	6	9	29	6.5
id-02976	5	10	11	5.1
id-02977	9	17	26	6.6
id-02978	5	8	18	6.0
id-02979	4	5	23	6.7
id-02980	1	2	5	6.0
id-02981	10	15	20	5.1
id-02982	3	2	7	5.3
id-02983	9	3	15	5.3
id-02984	4	6	7	5.3
id-02985	5	7	8	6.6
id-02986	5	10	19	5.6
id-02987	9	9	26	6.8
id-02988	8	5	11	6.0
id-02989	8	3	30	5.7
id-02990	5	7	28	5.1
id-02991	6	2	6	5.7
id-02992	1	2	13	6.2
id-02993	7	10	16	6.2
id-02994	8	9	16	6.1
id-02995	8	2	14	5.2
id-02996	2	2	22	5.9
id-02997	1	2	13	6.5
id-02998	2	2	22	5.9
id-02999	3	2	2	5.1
id-03000	1	2	18	5.3
id-03001	10	5	2	5.2
id-03002	10	12	8	6.6
id-03003	8	10	8	6.4
id-03004	5	7	27	5.4
id-03005	7	8	30	6.5
id-03006	3	2	13	7.0
id-03007	1	2	6	6.9
id-03008	6	8	5	6.8
id-03009	4	3	9	6.3
id-03010	3	3	25	5.1
id-03011	4	8	11	6.8
id-03012	2	3	5	5.9
id-03013	3	6	7	6.4
id-03014	9	17	28	6.7
id-03015	9	11	27	5.1
id-03016	7	4	1	5.2
id-03017	2	3	17	6.0
id-03018	3	2	5	5.3
id-03019	10	4	10	5.6
id-03020	9	11	9	6.5
id-03021	10	15	24	6.2
id-03022	1	2	19	5.6
id-03023	10	4	22	6.3
id-03024	10	6	21	6.6
id-03025	1	2	30	5.5
id-03026	5	3	27	6.8
id-03027	1	2	9	6.6
id-03028	10	11	24	6.6
id-03029	5	5	21	5.4
id-03030	8	7	17	5.0
id-03031	7	11	2	6.0
id-03032	5	10	23	7.0
id-03033	3	2	25	5.1
id-03034	10	2	29	6.6
id-03035	5	5	5	5.3
id-03036	5	4	9	6.2
id-03037	4	5	21	6.2
id-03038	2	4	21	6.0
id-03039	7	3	24	5.9
id-03040	10	17	22	6.8
id-03041	1	2	11	6.5
id-03042	7	6	1	5.1
id-03043	10	9	25	6.0
id-03044	3	5	30	6.2
id-03045	1	2	2	6.9
id-03046	6	9	22	6.4
id-03047	10	18	30	5.5
id-03048	6	7	17	5.3
id-03049	2	2	25	5.9
id-03050	6	4	5	5.7
id-03051	4	4	29	5.6
id-03052	2	3	2	5.2
id-03053	10	19	22	6.2
id-03054	1	2	10	6.3
id-03055	9	18	4	6.4
id-03056	10	7	2	5.5
id-03057	1	2	10	5.7
id-03058	9	17	27	5.6
id-03059	6	6	5	6.4
id-03060	4	6	26	6.6
id-03061	7	9	14	6.6
id-03062	5	9	9	6.0
id-03063	1	2	10	5.3
id-03064	6	10	7	5.0
id-03065	1	2	25	6.0
id-03066	1	2	4	5.6
id-03067	3	3	19	6.6
id-03068	1	2	11	6.0
id-03069	6	4	20	5.1
id-03070	3	5	17	5.6
id-03071	4	5	24	5.1
id-03072	10	10	18	6.6
id-03073	6	11	28	5.3
id-03074	5	9	27	6.2
id-03075	5	7	1	6.6
id-03076	7	3	1	5.9
id-03077	2	3	23	7.0
id-03078	5	2	5	6.1
id-03079	9	10	19	5.5
id-03080	4	2	27	6.1
id-03081	10	11	10	5.8
id-03082	5	3	9	6.0
id-03083	9	2	20	5.6
id-03084	10	12	3	5.2
id-03085	2	2	27	5.6
id-03086	6	12	19	5.6
id-03087	2	3	16	5.8
id-03088	3	2	24	6.1
id-03089	10	6	12	5.5
id-03090	9	15	18	6.6
id-03091	10	9	20	7.0
id-03092	8	16	3	6.3
id-03093	5	4	12	6.9
id-03094	8	6	24	5.2
id-03095	6	5	2	5.1
id-03096	10	13	15	5.5
id-03097	8	9	21	5.9
id-03098	9	2	5	5.2
id-03099	5	2	13	6.6
id-03100	3	6	28	5.4
id-03101	6	10	12	5.5
id-03102	3	3	22	6.7
id-03103	5	6	18	6.4
id-03104	7	4	1	5.1
id-03105	4	2	10	6.6
id-03106	5	6	27	5.2
id-03107	10	2	1	5.4
id-03108	3	2	29	6.3
id-03109	6	5	20	6.6
id-03110	4	4	16	6.7
id-03111	8	6	11	5.6
id-03112	7	6	8	6.8
id-03113	4	5	15	6.3
id-03114	8	12	3	6.4
id-03115	2	4	23	6.7
id-03116	7	4	24	5.1
id-03117	3	5	13	6.7
id-03118	8	7	11	6.4
id-03119	5	2	9	6.6
id-03120	8	13	18	5.4
id-03121	3	2	27	6.3
id-03122	2	3	16	6.4
id-03123	5	10	13	5.0
id-03124	3	3	12	7.0
id-03125	9	8	9	6.5
id-03126	7	8	15	6.7
id-03127	5	3	23	6.5
id-03128	8	2	20	5.1
id-03129	5	2	25	5.0
id-03130	3	5	8	6.5
id-03131	6	11	16	5.1
id-03132	1	2	9	5.2
id-03133	3	5	14	5.1
id-03134	6	10	30	5.5
id-03135	1	2	12	6.0
id-03136	3	6	14	5.2
id-03137	10	19	15	6.9
id-03138	6	6	21	5.5
id-03139	1	2	2	6.2
id-03140	4	4	27	5.7
id-03141	1	2	26	5.4
id-03142	6	6	15	6.5
id-03143	6	8	27	6.2
id-03144	7	3	22	6.6
id-03145	10	20	16	6.8
id-03146	8	6	13	5.5
id-03147	9	2	28	5.9
id-03148	2	3	6	5.0
id-03149	8	15	14	6.1
id-03150	3	5	26	6.8
id-03151	3	2	15	5.5
id-03152	1	2	16	5.9
id-03153	7	4	4	5.1
id-03154	3	4	22	5.5
id-03155	9	6	26	6.5
id-03156	9	2	23	6.8
id-03157	5	4	3	6.8
id-03158	4	3	18	5.5
id-03159	10	6	6	5.5
id-03160	7	6	27	6.2
id-03161	6	12	14	6.1
id-03162	7	5	5	5.7
id-03163	8	4	5	6.4
id-03164	7	7	27	5.2
id-03165	9	16	6	5.0
id-03166	10	3	12	5.7
id-03167	2	4	3	6.7
id-03168	2	3	13	6.0
id-03169	1	2	13	6.6
id-03170	4	2	1	5.5
id-03171	4	7	11	6.2
id-03172	4	4	17	5.4
id-03173	2	3	26	6.1
id-03174	6	8	18	5.5
id-03175	2	2	3	5.7
id-03176	8	6	24	6.9
id-03177	5	4	29	5.3
id-03178	3	6	29	5.4
id-03179	3	2	4	6.0
id-03180	1	2	27	5.3
id-03181	10	2	2	5.1
id-03182	7	7	28	5.6
id-03183	2	2	4	5.8
id-03184	3	6	1	6.7
id-03185	3	2	19	5.5
id-03186	6	12	17	5.4
id-03187	3	6	27	7.0
id-03188	4	4	7	6.9
id-03189	6	2	27	5.9
id-03190	7	10	18	6.1
id-03191	1	2	19	6.8
id-03192	1	2	21	5.3
id-03193	8	10	2	5.4
id-03194	5	4	13	6.1
id-03195	4	2	3	6.7
id-03196	3	6	1	5.1
id-03197	8	7	4	5.9
id-03198	4	4	20	5.6
id-03199	6	7	8	6.1
id-03200	10	20	4	5.5
id-03201	5	2	23	5.3
id-03202	6	3	13	6.4
id-03203	9	18	2	5.8
id-03204	5	5	29	5.6
id-03205	1	2	8	5.5
id-03206	10	12	5	6.9
id-03207	10	15	3	6.9
id-03208	2	4	24	6.4
id-03209	7	3	30	5.8
id-03210	5	3	19	6.8
id-03211	9	16	21	6.2
id-03212	4	5	14	6.7
id-03213	10	20	26	5.6
id-03214	6	6	28	5.2
id-03215	2	3	17	6.1
id-03216	2	3	28	6.1
id-03217	8	12	1	6.4
id-03218	8	8	18	5.1
id-03219	8	2	4	6.7
id-03220	9	8	4	5.8
id-03221	2	4	29	5.5
id-03222	2	4	27	5.6
id-03223	6	9	30	6.0
id-03224	1	2	19	6.7
id-03225	6	6	8	6.4
id-03226	10	15	11	6.1
id-03227	10	15	16	5.2
id-03228	9	12	13	5.1
id-03229	4	6	21	6.4
id-03230	5	3	29	6.7
id-03231	10	7	24	6.1
id-03232	1	2	21	5.1
id-03233	5	7	21	6.5
id-03234	3	5	18	5.7
id-03235	9	11	17	5.5
id-03236	3	4	23	6.8
id-03237	5	4	9	5.8
id-03238	6	3	8	5.1
id-03239	2	4	10	5.3
id-03240	6	5	15	6.0
id-03241	6	6	1	5.1
id-03242	4	6	1	6.6
id-03243	7	13	12	5.1
id-03244	4	7	9	5.4
id-03245	5	4	23	5.4
id-03246	7	11	7	6.1
id-03247	10	10	6	6.2
id-03248	10	4	24	6.9
id-03249	2	2	3	5.5
id-03250	10	15	6	6.6
id-03251	7	8	18	5.5
id-03252	8	4	25	5.2
id-03253	6	7	21	5.9
id-03254	5	9	3	5.2
id-03255	8	2	24	6.0
id-03256	9	10	12	5.4
id-03257	7	6	19	6.5
id-03258	7	13	26	6.9
id-03259	5	2	20	6.9
id-03260	9	9	11	6.8
id-03261	10	4	5	6.3
id-03262	1	2	1	5.1
id-03263	8	4	22	5.3
id-03264	4	6	21	6.9
id-03265	3	2	5	5.7
id-03266	8	12	30	6.9
id-03267	4	3	13	5.7
id-03268	7	3	18	5.2
id-03269	8	16	5	5.4
id-03270	4	7	8	5.3
id-03271	3	2	28	6.8
id-03272	4	3	28	5.7
id-03273	4	6	25	7.0
id-03274	2	4	29	6.4
id-03275	7	6	19	6.4
id-03276	5	8	5	6.2
id-03277	8	9	20	6.9
id-03278	5	7	28	6.0
id-03279	1	2	2	5.6
id-03280	5	7	16	6.1
id-03281	4	3	20	6.7
id-03282	4	6	21	6.2
id-03283	10	6	25	5.7
id-03284	6	6	23	6.9
id-03285	2	2	26	6.8
id-03286	6	8	12	6.2
id-03287	5	8	13	6.0
id-03288	1	2	19	5.2
id-03289	8	10	11	6.1
id-03290	7	12	28	5.2
id-03291	1	2	22	6.5
id-03292	4	4	4	5.8
id-03293	4	2	8	5.5
id-03294	10	19	26	6.9
id-03295	4	7	25	6.9
id-03296	5	5	23	5.1
id-03297	9	8	9	7.0
id-03298	5	10	23	6.3
id-03299	9	2	17	5.2
id-03300	8	12	1	5.6
id-03301	8	6	9	6.6
id-03302	7	12	25	5.7
id-03303	3	5	1	6.5
id-03304	6	2	16	5.8
id-03305	7	10	21	5.2
id-03306	10	6	2	5.9
id-03307	7	4	26	5.5
id-03308	7	8	7	5.8
id-03309	1	2	26	6.5
id-03310	5	4	30	5.5
id-03311	10	11	17	5.6
id-03312	10	7	10	5.5
id-03313	4	5	30	5.4
id-03314	3	5	26	5.9
id-03315	3	6	26	6.3
id-03316	4	7	26	6.6
id-03317	10	2	23	6.3
id-03318	2	2	19	5.4
id-03319	10	4	30	6.2
id-03320	3	5	4	5.1
id-03321	3	5	7	6.3
id-03322	9	15	4	6.8
id-03323	4	6	17	6.9
id-03324	2	2	27	6.7
id-03325	5	8	22	5.5
id-03326	7	5	15	5.4
id-03327	1	2	21	5.7
id-03328	1	2	8	5.0
id-03329	1	2	10	6.4
id-03330	7	10	11	6.9
id-03331	3	6	15	6.5
id-03332	9	4	29	6.3
id-03333	8	6	13	5.4
id-03334	2	2	29	6.6
id-03335	4	6	19	6.5
id-03336	1	2	15	6.8
id-03337	7	7	18	5.3
id-03338	7	12	17	5.5
id-03339	5	7	1	6.1
id-03340	4	7	11	5.1
id-03341	5	4	14	5.3
id-03342	3	2	12	5.6
id-03343	10	15	19	5.8
id-03344	1	2	3	5.6
id-03345	3	6	8	5.5
id-03346	7	11	15	6.6
id-03347	2	4	4	5.1
id-03348	1	2	1	6.5
id-03349	8	8	6	5.8
id-03350	8	2	19	5.1
id-03351	7	13	25	6.3
id-03352	5	7	22	6.3
id-03353	10	4	25	5.3
id-03354	9	6	16	5.1
id-03355	9	13	4	6.7
id-03356	8	2	19	6.9
id-03357	7	9	5	6.1
id-03358	10	12	12	5.9
id-03359	8	10	14	5.6
id-03360	10	3	27	6.2
id-03361	7	9	23	5.8
id-03362	7	8	28	5.7
id-03363	4	4	30	6.6
id-03364	10	3	3	5.6
id-03365	7	2	27	6.4
id-03366	3	6	14	7.0
id-03367	10	20	30	5.7
id-03368	3	4	27	6.4
id-03369	6	2	23	5.9
id-03370	8	12	20	5.3
id-03371	5	8	19	6.3
id-03372	3	6	14	6.9
id-03373	8	6	1	5.8
id-03374	3	2	16	6.9
id-03375	3	4	27	6.2
id-03376	2	4	17	5.3
id-03377	4	6	29	6.5
id-03378	3	6	18	6.6
id-03379	2	2	29	6.8
id-03380	6	8	18	5.4
id-03381	7	9	24	6.7
id-03382	8	8	13	6.4
id-03383	6	4	22	6.9
id-03384	6	9	24	6.2
id-03385	5	9	25	6.8
id-03386	3	4	5	6.5
id-03387	1	2	4	6.9
id-03388	9	18	25	5.2
id-03389	8	5	2	7.0
id-03390	8	5	5	5.1
id-03391	9	9	4	5.9
id-03392	4	5	17	6.4
id-03393	6	7	9	5.8
id-03394	2	2	23	5.5
id-03395	1	2	20	6.1
id-03396	7	2	9	7.0
id-03397	10	5	20	5.3
id-03398	6	8	5	5.5
id-03399	2	4	17	6.2
id-03400	5	7	22	5.1
id-03401	3	2	6	7.0
id-03402	10	20	15	6.9
id-03403	3	5	29	5.6
id-03404	10	19	18	6.9
id-03405	4	5	1	5.5
id-03406	6	4	20	5.4
id-03407	5	7	11	6.2
id-03408	6	4	1	6.5
id-03409	7	14	13	6.0
id-03410	6	5	7	5.9
id-03411	2	3	16	5.9
id-03412	5	6	3	6.2
id-03413	4	4	21	6.8
id-03414	1	2	15	5.3
id-03415	9	10	6	5.6
id-03416	2	3	27	5.7
id-03417	10	14	5	5.0
id-03418	5	7	4	5.4
id-03419	4	4	16	7.0
id-03420	8	5	6	5.2
id-03421	7	10	19	5.3
id-03422	8	5	1	6.0
id-03423	3	3	25	6.0
id-03424	10	9	30	6.5
id-03425	1	2	16	6.2
id-03426	4	2	2	5.9
id-03427	4	4	6	6.2
id-03428	2	3	25	6.8
id-03429	1	2	6	5.5
id-03430	7	10	17	5.8
id-03431	6	7	3	5.6
id-03432	2	2	5	6.2
id-03433	8	14	30	5.2
id-03434	2	3	3	6.8
id-03435	4	2	30	5.7
id-03436	7	5	19	6.8
id-03437	7	5	30	6.3
id-03438	9	2	26	7.0
id-03439	3	2	29	6.8
id-03440	3	6	3	6.3
id-03441	10	20	26	5.9
id-03442	5	8	16	5.3
id-03443	7	8	24	6.6
id-03444	2	4	28	5.1
id-03445	3	6	25	6.2
id-03446	1	2	5	5.3
id-03447	6	8	17	6.1
id-03448	5	4	8	5.7
id-03449	6	10	17	6.6
id-03450	6	9	27	6.7
id-03451	7	3	16	6.6
id-03452	9	16	30	6.6
id-03453	7	12	4	5.5
id-03454	8	14	20	5.7
id-03455	10	2	12	6.4
id-03456	9	12	18	5.5
id-03457	8	5	18	5.5
id-03458	8	12	11	5.3
id-03459	3	5	8	6.4
id-03460	9	6	1	6.0
id-03461	4	6	9	5.7
id-03462	1	2	7	6.7
id-03463	10	8	13	5.1
id-03464	4	6	18	6.7
id-03465	7	5	11	6.5
id-03466	8	3	7	6.9
id-03467	10	15	20	6.7
id-03468	8	7	1	6.3
id-03469	6	7	27	5.3
id-03470	3	2	23	5.0
id-03471	3	4	24	5.2
id-03472	6	12	17	6.1
id-03473	8	4	1	5.4
id-03474	6	9	2	5.1
id-03475	6	11	7	7.0
id-03476	9	7	11	5.8
id-03477	1	2	28	6.4
id-03478	4	3	22	6.9
id-03479	3	5	16	6.3
id-03480	8	10	26	5.2
id-03481	10	15	26	6.8
id-03482	1	2	21	6.0
id-03483	1	2	28	6.0
id-03484	6	8	24	5.9
id-03485	6	12	9	6.8
id-03486	6	10	1	6.0
id-03487	2	4	27	5.1
id-03488	7	4	5	5.1
id-03489	6	10	6	6.6
id-03490	7	8	8	6.9
id-03491	4	5	10	5.6
id-03492	7	8	21	6.2
id-03493	5	5	30	5.5
id-03494	8	7	9	5.3
id-03495	9	9	29	6.1
id-03496	5	2	15	6.3
id-03497	7	12	10	6.0
id-03498	3	3	28	6.9
id-03499	1	2	19	6.8
id-03500	2	2	28	6.4
id-03501	3	4	18	6.7
id-03502	8	12	16	5.3
id-03503	2	4	11	6.0
id-03504	10	15	21	5.6
id-03505	8	11	13	5.7
id-03506	7	2	7	5.7
id-03507	6	7	5	5.5
id-03508	1	2	17	5.5
id-03509	8	11	17	6.1
id-03510	1	2	1	6.1
id-03511	4	3	16	5.3
id-03512	8	3	17	5.8
id-03513	7	3	22	5.3
id-03514	9	4	17	5.8
id-03515	1	2	4	6.0
id-03516	7	14	23	5.6
id-03517	5	5	24	5.3
id-03518	8	3	20	6.0
id-03519	10	16	27	5.0
id-03520	7	14	28	6.5
id-03521	1	2	19	6.2
id-03522	4	4	25	5.6
id-03523	10	15	8	5.9
id-03524	6	10	3	6.2
id-03525	8	16	18	5.5
id-03526	8	6	22	5.7
id-03527	6	12	21	6.5
id-03528	3	3	20	6.5
id-03529	8	13	19	5.4
id-03530	7	4	15	6.0
id-03531	10	7	4	6.5
id-03532	9	5	29	6.3
id-03533	9	13	25	5.7
id-03534	5	2	2	5.4
id-03535	7	3	6	5.1
id-03536	1	2	30	5.4
id-03537	2	4	14	5.1
id-03538	8	10	8	6.1
id-03539	5	5	6	5.1
id-03540	7	13	12	5.2
id-03541	7	11	24	5.4
id-03542	2	4	20	7.0
id-03543	4	4	20	5.3
id-03544	7	9	23	5.3
id-03545	4	7	6	5.6
id-03546	10	15	20	5.3
id-03547	10	14	2	5.8
id-03548	9	8	8	6.1
id-03549	5	8	11	5.3
id-03550	4	8	23	5.8
id-03551	2	2	30	6.8
id-03552	8	14	24	5.1
id-03553	1	2	24	5.3
id-03554	3	2	24	5.1
id-03555	6	9	19	6.0
id-03556	9	4	23	5.3
id-03557	1	2	21	5.7
id-03558	9	5	15	6.6
id-03559	5	10	27	6.8
id-03560	7	12	18	6.1
id-03561	7	10	10	6.8
id-03562	7	8	20	5.0
id-03563	2	2	28	5.8
id-03564	10	3	13	5.6
id-03565	8	8	21	6.8
id-03566	2	4	10	5.8
id-03567	2	4	11	6.6
id-03568	9	15	29	6.3
id-03569	3	2	17	6.6
id-03570	10	16	30	6.0
id-03571	4	3	13	6.2
id-03572	3	6	3	6.6
id-03573	10	17	29	6.4
id-03574	7	9	30	5.7
id-03575	5	8	11	6.0
id-03576	6	6	14	6.8
id-03577	4	4	15	5.3
id-03578	4	8	12	5.1
id-03579	10	11	12	5.8
id-03580	4	2	4	6.0
id-03581	4	6	18	5.1
id-03582	4	3	2	6.0
id-03583	1	2	29	6.6
id-03584	4	7	28	6.5
id-03585	5	7	14	6.7
id-03586	7	13	11	6.0
id-03587	3	4	20	6.7
id-03588	1	2	3	6.8
id-03589	9	16	8	6.9
id-03590	6	6	20	5.7
id-03591	5	3	12	6.1
id-03592	7	13	9	6.9
id-03593	9	5	16	5.9
id-03594	10	13	17	5.5
id-03595	9	2	7	5.4
id-03596	10	11	9	5.9
id-03597	7	3	10	6.3
id-03598	4	7	8	6.4
id-03599	5	2	13	5.3
id-03600	6	7	30	6.1
id-03601	5	5	3	6.3
id-03602	3	5	3	5.9
id-03603	5	8	27	5.7
id-03604	6	6	20	5.4
id-03605	4	3	21	5.9
id-03606	4	6	10	5.8
id-03607	2	4	5	5.7
id-03608	3	6	7	6.4
id-03609	5	7	9	5.1
id-03610	6	9	9	6.1
id-03611	7	7	16	5.6
id-03612	3	3	30	6.7
id-03613	2	4	6	6.6
id-03614	7	14	16	6.1
id-03615	6	8	8	6.2
id-03616	3	4	18	5.6
id-03617	4	5	15	5.5
id-03618	8	14	19	6.4
id-03619	10	8	30	5.7
id-03620	2	2	4	6.5
id-03621	8	14	17	6.5
id-03622	1	2	19	6.7
id-03623	5	4	7	6.5
id-03624	9	6	23	5.4
id-03625	1	2	14	5.5
id-03626	8	3	28	5.7
id-03627	4	3	9	6.9
id-03628	6	8	30	6.0
id-03629	5	2	10	5.6
id-03630	1	2	8	5.5
id-03631	10	7	4	7.0
id-03632	8	11	15	5.2
id-03633	5	3	1	5.3
id-03634	8	14	30	5.1
id-03635	7	3	6	6.5
id-03636	10	19	4	5.8
id-03637	4	8	22	5.3
id-03638	3	3	25	5.6
id-03639	10	3	6	5.8
id-03640	8	4	7	6.8
id-03641	4	4	1	5.7
id-03642	10	13	2	6.8
id-03643	6	10	13	5.6
id-03644	3	4	18	6.9
id-03645	4	3	5	5.8
id-03646	1	2	12	6.7
id-03647	3	5	9	5.6
id-03648	6	8	24	5.6
id-03649	3	6	24	5.6
id-03650	5	2	6	5.7
id-03651	2	2	8	6.0
id-03652	5	4	4	6.9
id-03653	2	2	21	6.7
id-03654	5	7	30	5.0
id-03655	2	4	25	6.9
id-03656	9	18	2	5.6
id-03657	3	6	4	6.0
id-03658	2	2	23	6.1
id-03659	9	9	18	5.1
id-03660	2	2	7	5.3
id-03661	5	5	25	5.9
id-03662	2	4	20	6.0
id-03663	4	7	15	5.2
id-03664	9	17	7	6.7
id-03665	6	11	13	5.0
id-03666	8	12	24	6.4
id-03667	3	3	10	6.9
id-03668	5	10	26	5.1
id-03669	4	4	23	5.2
id-03670	6	9	10	6.1
id-03671	1	2	2	6.4
id-03672	9	5	15	6.0
id-03673	2	3	20	5.6
id-03674	5	3	28	6.1
id-03675	1	2	8	5.1
id-03676	1	2	9	5.1
id-03677	6	7	7	5.7
id-03678	5	7	3	6.6
id-03679	10	12	5	6.8
id-03680	5	10	19	5.3
id-03681	10	5	5	6.0
id-03682	8	2	28	5.5
id-03683	6	10	1	5.3
id-03684	1	2	5	5.2
id-03685	4	5	21	6.5
id-03686	7	4	10	5.5
id-03687	8	8	16	5.6
id-03688	8	9	3	6.9
id-03689	10	19	1	7.0
id-03690	4	2	24	5.7
id-03691	3	2	5	6.4
id-03692	9	11	15	5.9
id-03693	1	2	4	6.2
id-03694	1	2	14	5.3
id-03695	1	2	17	5.7
id-03696	8	2	13	5.5
id-03697	8	16	8	6.6
id-03698	8	14	8	6.7
id-03699	10	8	11	5.6
id-03700	1	2	3	6.0
id-03701	4	7	13	6.5
id-03702	5	8	6	6.0
id-03703	1	2	6	5.8
id-03704	8	9	21	6.1
id-03705	10	14	1	5.4
id-03706	5	9	24	5.8
id-03707	3	5	5	6.9
id-03708	1	2	1	5.7
id-03709	6	12	12	5.9
id-03710	7	4	8	5.0
id-03711	10	12	18	6.8
id-03712	10	13	23	5.4
id-03713	9	9	29	6.9
id-03714	9	18	12	6.7
id-03715	8	11	15	5.8
id-03716	10	4	19	6.7
id-03717	7	12	27	5.4
id-03718	3	6	5	5.3
id-03719	8	9	25	6.7
id-03720	10	16	7	6.1
id-03721	2	4	22	6.4
id-03722	7	8	12	5.9
id-03723	1	2	3	6.4
id-03724	10	15	28	6.1
id-03725	2	3	30	5.2
id-03726	10	5	22	6.8
id-03727	7	14	25	6.5
id-03728	1	2	18	6.4
id-03729	6	11	27	5.5
id-03730	3	6	12	6.5
id-03731	10	4	29	5.4
id-03732	1	2	11	6.8
id-03733	6	3	4	5.3
id-03734	7	8	11	6.5
id-03735	5	4	1	5.6
id-03736	7	9	3	6.7
id-03737	2	2	8	5.6
id-03738	2	2	6	6.2
id-03739	4	7	21	5.4
id-03740	6	12	2	5.5
id-03741	3	4	17	5.7
id-03742	3	5	2	6.7
id-03743	3	2	11	6.5
id-03744	10	11	12	5.8
id-03745	9	8	7	5.4
id-03746	7	8	16	6.8
id-03747	9	18	9	5.7
id-03748	8	3	21	6.3
id-03749	3	2	3	6.4
id-03750	5	2	1	6.3
id-03751	8	12	28	5.5
id-03752	9	4	9	5.1
id-03753	8	13	15	5.8
id-03754	3	5	30	5.4
id-03755	8	6	7	5.1
id-03756	5	4	16	6.7
id-03757	6	8	23	5.9
id-03758	4	3	15	5.7
id-03759	6	10	13	5.3
id-03760	10	4	22	5.2
id-03761	2	4	28	6.0
id-03762	4	7	5	6.6
id-03763	6	4	6	6.8
id-03764	2	4	13	5.6
id-03765	4	2	24	5.2
id-03766	10	18	28	5.3
id-03767	4	3	8	6.0
id-03768	4	8	15	5.4
id-03769	5	10	1	5.2
id-03770	7	7	13	6.3
id-03771	7	14	29	6.7
id-03772	4	3	14	5.0
id-03773	10	14	9	6.3
id-03774	1	2	29	6.9
id-03775	3	5	30	5.3
id-03776	9	3	4	5.7
id-03777	9	4	21	6.8
id-03778	5	8	5	6.4
id-03779	4	6	4	6.9
id-03780	1	2	8	5.8
id-03781	8	8	11	6.6
id-03782	9	5	13	6.9
id-03783	2	3	15	5.7
id-03784	8	12	19	6.6
id-03785	3	4	4	5.7
id-03786	7	14	16	5.5
id-03787	4	5	18	5.6
id-03788	7	6	15	6.0
id-03789	9	15	11	6.4
id-03790	10	6	11	5.3
id-03791	5	6	28	6.3
id-03792	6	11	5	5.5
id-03793	6	9	10	6.5
id-03794	10	6	6	5.7
id-03795	7	13	22	6.1
id-03796	9	10	2	5.5
id-03797	7	12	13	5.7
id-03798	4	4	22	6.5
id-03799	9	9	14	6.8
id-03800	2	4	15	6.6
id-03801	8	5	19	5.2
id-03802	9	3	27	6.5
id-03803	7	7	4	5.9
id-03804	6	6	30	5.8
id-03805	1	2	18	6.7
id-03806	1	2	14	6.5
id-03807	7	11	29	5.3
id-03808	8	15	3	6.9
id-03809	5	2	2	5.5
id-03810	9	5	6	5.7
id-03811	10	16	12	6.1
id-03812	9	7	28	6.2
id-03813	10	20	23	7.0
id-03814	6	10	2	6.7
id-03815	7	5	24	7.0
id-03816	1	2	21	6.1
id-03817	8	7	14	5.2
id-03818	8	7	25	6.9
id-03819	2	3	23	5.2
id-03820	7	4	6	5.4
id-03821	7	13	9	6.3
id-03822	8	13	16	5.2
id-03823	8	14	23	6.9
id-03824	6	8	23	5.4
id-03825	4	2	16	6.1
id-03826	2	3	14	5.2
id-03827	2	2	11	5.3
id-03828	9	15	26	5.5
id-03829	8	6	9	6.8
id-03830	4	8	4	5.5
id-03831	8	3	28	5.0
id-03832	7	5	11	7.0
id-03833	9	14	14	5.9
id-03834	6	9	6	5.9
id-03835	6	5	29	6.7
id-03836	5	2	27	5.1
id-03837	9	7	7	5.6
id-03838	6	5	3	6.3
id-03839	4	6	3	6.4
id-03840	5	8	7	6.8
id-03841	9	2	5	6.3
id-03842	8	8	10	6.0
id-03843	8	4	8	5.9
id-03844	4	8	8	6.2
id-03845	9	10	18	6.6
id-03846	3	6	13	6.0
id-03847	9	9	8	6.7
id-03848	6	10	5	5.7
id-03849	8	15	5	5.2
id-03850	5	2	25	6.7
id-03851	8	10	11	6.4
id-03852	6	11	25	5.7
id-03853	6	9	3	5.4
id-03854	7	2	1	5.7
id-03855	3	2	28	6.4
id-03856	5	5	13	5.8
id-03857	6	11	22	6.5
id-03858	5	8	20	5.8
id-03859	1	2	2	6.8
id-03860	10	4	16	5.8
id-03861	10	19	10	5.7
id-03862	6	5	10	5.2
id-03863	6	6	28	6.8
id-03864	1	2	4	5.4
id-03865	8	13	27	6.9
id-03866	10	13	5	6.2
id-03867	8	7	19	5.0
id-03868	6	7	2	6.9
id-03869	6	11	8	7.0
id-03870	6	2	8	6.0
id-03871	7	5	30	5.7
id-03872	3	5	8	6.3
id-03873	8	3	12	6.3
id-03874	4	7	9	6.5
id-03875	6	2	7	5.2
id-03876	10	15	10	6.3
id-03877	5	10	27	6.1
id-03878	7	6	15	5.6
id-03879	8	16	14	5.4
id-03880	1	2	2	5.8
id-03881	3	5	2	5.7
id-03882	3	4	4	6.0
id-03883	3	2	20	6.4
id-03884	4	3	25	7.0
id-03885	7	9	28	5.1
id-03886	9	8	26	5.0
id-03887	5	6	4	5.3
id-03888	9	6	22	6.8
id-03889	4	5	4	5.4
id-03890	5	8	23	5.8
id-03891	2	4	14	5.8
id-03892	3	3	21	5.7
id-03893	3	2	20	6.8
id-03894	4	4	3	6.4
id-03895	10	6	5	6.0
id-03896	7	5	9	5.9
id-03897	10	16	3	6.1
id-03898	1	2	18	6.5
id-03899	10	4	17	5.5
id-03900	9	13	26	5.2
id-03901	10	7	12	6.0
id-03902	2	3	24	6.8
id-03903	8	4	30	5.9
id-03904	7	8	3	6.4
id-03905	5	9	14	6.7
id-03906	1	2	18	5.4
id-03907	10	12	2	5.0
id-03908	8	14	17	5.2
id-03909	8	3	17	6.8
id-03910	6	10	1	5.9
id-03911	9	9	12	5.0
id-03912	10	7	4	6.7
id-03913	2	4	25	6.1
id-03914	3	6	14	6.7
id-03915	3	5	19	5.6
id-03916	9	16	24	6.5
id-03917	3	2	3	6.0
id-03918	7	2	21	6.8
id-03919	4	7	5	6.5
id-03920	10	19	23	6.3
id-03921	7	14	30	5.2
id-03922	4	3	18	5.3
id-03923	3	5	4	5.8
id-03924	9	12	5	5.5
id-03925	10	13	29	6.4
id-03926	6	6	5	6.6
id-03927	6	6	22	5.6
id-03928	5	8	30	6.6
id-03929	9	18	5	5.1
id-03930	10	4	23	5.4
id-03931	6	10	30	6.5
id-03932	5	8	14	6.8
id-03933	5	6	4	5.5
id-03934	8	14	17	6.2
id-03935	2	2	29	6.3
id-03936	3	3	20	5.9
id-03937	10	4	21	5.7
id-03938	3	4	8	5.1
id-03939	6	6	7	5.7
id-03940	5	5	12	5.9
id-03941	9	2	24	6.4
id-03942	9	9	29	6.2
id-03943	4	8	19	6.9
id-03944	7	11	26	6.0
id-03945	6	6	25	6.6
id-03946	8	6	13	5.5
id-03947	2	3	25	5.1
id-03948	7	10	19	5.8
id-03949	3	4	11	5.5
id-03950	3	6	28	5.4
id-03951	5	10	9	5.3
id-03952	10	12	11	5.7
id-03953	9	6	22	5.2
id-03954	5	4	19	5.6
id-03955	10	14	9	6.6
id-03956	4	2	17	5.4
id-03957	6	4	10	6.3
id-03958	10	14	30	5.5
id-03959	2	4	18	6.8
id-03960	3	3	13	6.9
id-03961	4	4	20	6.4
id-03962	9	12	14	5.7
id-03963	1	2	19	5.6
id-03964	2	3	15	5.1
id-03965	4	7	5	6.2
id-03966	3	4	12	6.8
id-03967	8	11	5	6.3
id-03968	3	2	19	6.0
id-03969	7	10	30	6.1
id-03970	6	6	20	5.3
id-03971	7	9	28	5.2
id-03972	4	8	12	5.7
id-03973	7	8	10	6.1
id-03974	10	20	16	5.0
id-03975	4	2	27	5.8
id-03976	5	2	18	5.1
id-03977	1	2	14	6.9
id-03978	6	5	17	6.9
id-03979	2	4	27	5.6
id-03980	3	4	9	6.2
id-03981	5	10	8	5.8
id-03982	10	19	17	6.1
id-03983	4	6	6	6.2
id-03984	6	8	29	6.5
id-03985	8	4	4	5.7
id-03986	7	9	25	6.2
id-03987	7	8	1	6.7
id-03988	10	7	23	6.4
id-03989	1	2	1	6.9
id-03990	8	8	26	5.6
id-03991	9	5	20	6.0
id-03992	9	15	6	5.5
id-03993	9	6	24	6.2
id-03994	7	7	9	5.5
id-03995	9	11	6	5.8
id-03996	1	2	8	6.9
id-03997	5	2	9	5.6
id-03998	7	14	11	6.7
id-03999	5	6	21	6.4
id-04000	5	4	4	6.6
id-04001	3	5	3	5.5
id-04002	7	6	25	5.1
id-04003	1	2	24	6.3
id-04004	10	2	18	5.3
id-04005	5	2	10	5.7
id-04006	3	4	5	5.9
id-04007	6	10	9	6.2
id-04008	5	7	25	5.9
id-04009	6	6	13	5.5
id-04010	5	3	7	6.8
id-04011	5	4	15	5.6
id-04012	6	8	8	5.7
id-04013	6	9	7	5.7
id-04014	9	8	6	5.8
id-04015	6	8	20	6.1
id-04016	1	2	19	5.8
id-04017	8	16	25	6.0
id-04018	3	5	14	6.0
id-04019	8	8	12	6.5
id-04020	4	5	24	6.4
id-04021	5	9	22	5.4
id-04022	3	6	5	5.1
id-04023	4	5	28	6.1
id-04024	6	4	6	5.4
id-04025	10	6	18	5.4
id-04026	6	6	30	6.4
id-04027	10	13	5	6.2
id-04028	8	15	5	5.3
id-04029	4	5	17	6.3
id-04030	9	4	12	5.3
id-04031	3	4	4	5.1
id-04032	7	14	1	5.6
id-04033	5	4	15	5.2
id-04034	2	4	2	5.6
id-04035	6	3	22	6.7
id-04036	7	7	27	5.6
id-04037	7	3	3	6.5
id-04038	10	12	11	5.2
id-04039	6	7	9	6.7
id-04040	8	9	27	6.0
id-04041	4	5	1	6.4
id-04042	9	13	27	5.1
id-04043	5	6	17	5.5
id-04044	4	2	16	6.7
id-04045	8	11	13	5.2
id-04046	9	2	15	5.5
id-04047	10	5	11	6.8
id-04048	3	5	22	5.6
id-04049	4	6	29	6.7
id-04050	3	5	9	5.2
id-04051	9	3	1	6.1
id-04052	9	5	30	5.7
id-04053	4	5	18	5.2
id-04054	8	3	6	6.7
id-04055	10	5	21	6.7
id-04056	3	2	16	6.6
id-04057	7	2	5	6.1
id-04058	9	12	7	5.9
id-04059	3	6	26	6.4
id-04060	4	8	2	6.4
id-04061	7	2	25	5.4
id-04062	3	3	25	6.7
id-04063	3	5	14	6.0
id-04064	9	17	13	5.8
id-04065	9	2	10	6.1
id-04066	10	5	25	6.7
id-04067	1	2	21	6.5
id-04068	9	12	30	5.9
id-04069	7	3	20	5.2
id-04070	2	4	13	6.9
id-04071	10	7	9	5.9
id-04072	9	8	12	6.9
id-04073	6	12	9	5.1
id-04074	1	2	25	7.0
id-04075	4	2	5	5.1
id-04076	5	10	4	6.5
id-04077	2	3	30	6.2
id-04078	1	2	29	6.3
id-04079	2	3	1	5.2
id-04080	4	2	29	6.0
id-04081	8	8	19	6.5
id-04082	5	4	21	6.6
id-04083	4	5	11	6.9
id-04084	3	2	6	5.8
id-04085	10	15	1	7.0
id-04086	5	8	13	6.9
id-04087	4	4	15	5.9
id-04088	4	5	22	6.4
id-04089	8	6	1	6.9
id-04090	8	11	29	6.4
id-04091	2	3	20	6.9
id-04092	1	2	20	6.6
id-04093	3	4	10	6.8
id-04094	3	2	15	6.2
id-04095	6	5	29	6.2
id-04096	4	5	6	6.0
id-04097	8	16	28	6.1
id-04098	8	15	9	5.8
id-04099	1	2	8	6.9
id-04100	10	9	23	5.3
id-04101	5	6	28	6.1
id-04102	6	10	24	5.3
id-04103	8	2	12	6.0
id-04104	4	6	20	5.4
id-04105	1	2	8	5.8
id-04106	5	8	8	6.0
id-04107	5	8	11	6.2
id-04108	2	2	22	6.7
id-04109	8	3	26	5.1
id-04110	7	6	27	5.7
id-04111	6	5	19	5.2
id-04112	2	2	21	6.2
id-04113	8	6	4	6.7
id-04114	1	2	29	6.0
id-04115	7	9	21	5.1
id-04116	2	3	17	6.5
id-04117	2	2	23	7.0
id-04118	7	11	16	5.9
id-04119	4	8	8	6.9
id-04120	8	16	16	5.7
id-04121	1	2	3	6.2
id-04122	3	3	28	5.3
id-04123	1	2	23	5.8
id-04124	6	5	17	6.0
id-04125	3	5	10	5.7
id-04126	7	11	10	5.2
id-04127	4	6	12	5.1
id-04128	10	19	16	6.1
id-04129	2	2	7	5.6
id-04130	2	4	19	5.7
id-04131	7	5	5	6.1
id-04132	10	3	12	6.6
id-04133	5	4	9	5.5
id-04134	4	8	9	5.5
id-04135	8	10	16	6.6
id-04136	6	8	7	6.7
id-04137	4	2	22	6.0
id-04138	9	13	27	6.2
id-04139	9	14	18	6.7
id-04140	8	7	15	5.3
id-04141	2	4	1	5.8
id-04142	9	3	17	5.8
id-04143	4	3	7	6.0
id-04144	3	2	22	6.7
id-04145	10	16	26	6.9
id-04146	8	2	18	6.8
id-04147	8	2	1	5.0
id-04148	8	6	16	5.2
id-04149	1	2	28	6.8
id-04150	5	6	10	5.6
id-04151	3	6	7	6.9
id-04152	10	11	10	5.7
id-04153	1	2	8	5.4
id-04154	6	5	18	5.5
id-04155	10	2	18	5.0
id-04156	5	5	25	5.0
id-04157	2	2	8	6.7
id-04158	10	6	23	6.5
id-04159	8	3	19	6.6
id-04160	2	2	12	6.9
id-04161	2	4	2	5.3
id-04162	5	4	8	6.2
id-04163	8	15	15	6.1
id-04164	2	4	3	5.0
id-04165	6	6	26	6.6
id-04166	2	4	24	6.9
id-04167	4	5	26	6.2
id-04168	2	3	19	5.5
id-04169	4	4	27	5.4
id-04170	1	2	6	5.6
id-04171	2	3	25	5.1
id-04172	2	4	14	5.6
id-04173	7	14	12	5.7
id-04174	3	4	13	5.6
id-04175	3	2	17	6.8
id-04176	9	17	13	5.7
id-04177	9	8	1	5.7
id-04178	7	4	14	5.6
id-04179	9	6	17	5.8
id-04180	8	16	5	7.0
id-04181	6	6	19	5.3
id-04182	9	3	4	5.9
id-04183	6	5	20	5.8
id-04184	8	15	12	6.9
id-04185	6	12	6	5.5
id-04186	2	3	18	6.1
id-04187	3	6	25	6.8
id-04188	6	8	20	5.9
id-04189	5	3	5	6.0
id-04190	6	11	15	6.2
id-04191	6	4	25	7.0
id-04192	3	2	9	5.3
id-04193	2	4	16	6.5
id-04194	7	7	27	5.1
id-04195	10	9	13	5.6
id-04196	10	19	19	5.8
id-04197	10	13	28	6.3
id-04198	6	12	11	6.8
id-04199	6	12	25	5.7
id-04200	8	13	8	6.8
id-04201	9	12	20	5.7
id-04202	2	3	16	5.0
id-04203	5	9	15	5.9
id-04204	9	14	22	5.6
id-04205	5	2	16	6.1
id-04206	2	4	8	6.5
id-04207	5	6	4	5.5
id-04208	6	3	29	6.6
id-04209	7	8	19	5.4
id-04210	2	2	15	5.7
id-04211	2	2	17	6.6
id-04212	1	2	8	6.9
id-04213	5	8	17	5.0
id-04214	9	11	15	5.3
id-04215	10	17	5	6.8
id-04216	7	3	17	6.7
id-04217	10	17	16	5.8
id-04218	2	3	24	6.8
id-04219	10	7	24	6.5
id-04220	6	12	30	5.9
id-04221	6	4	22	5.3
id-04222	6	8	22	6.7
id-04223	1	2	5	6.6
id-04224	10	19	6	5.2
id-04225	8	12	5	6.0
id-04226	7	7	15	6.1
id-04227	8	14	28	5.4
id-04228	9	11	22	5.3
id-04229	10	8	6	5.1
id-04230	8	16	26	5.8
id-04231	7	3	1	7.0
id-04232	2	2	8	5.9
id-04233	8	10	24	5.0
id-04234	3	2	17	5.5
id-04235	5	6	8	5.3
id-04236	2	2	11	6.0
id-04237	2	4	20	6.3
id-04238	3	4	7	6.7
id-04239	4	5	4	6.2
id-04240	5	5	16	6.7
id-04241	9	2	25	6.9
id-04242	8	3	17	5.8
id-04243	3	3	8	5.3
id-04244	7	3	18	5.8
id-04245	6	8	23	5.1
id-04246	10	7	22	5.4
id-04247	1	2	26	7.0
id-04248	2	2	9	6.1
id-04249	10	8	5	5.9
id-04250	1	2	17	5.8
id-04251	9	9	4	5.3
id-04252	8	4	2	5.6
id-04253	5	10	16	5.8
id-04254	1	2	3	6.4
id-04255	8	3	8	5.5
id-04256	5	2	9	6.2
id-04257	5	4	25	5.5
id-04258	9	8	17	5.2
id-04259	9	8	13	6.9
id-04260	7	13	26	5.1
id-04261	5	2	2	6.6
id-04262	4	8	16	5.6
id-04263	1	2	15	7.0
id-04264	1	2	28	6.6
id-04265	7	11	16	6.0
id-04266	1	2	24	6.0
id-04267	5	9	8	5.4
id-04268	8	14	28	5.9
id-04269	8	14	17	5.3
id-04270	2	4	13	6.3
id-04271	10	20	12	6.4
id-04272	9	4	14	6.7
id-04273	4	5	18	5.7
id-04274	5	4	1	6.2
id-04275	9	5	11	5.3
id-04276	6	2	7	5.5
id-04277	7	13	24	6.4
id-04278	7	12	17	5.6
id-04279	5	5	30	5.4
id-04280	1	2	26	6.0
id-04281	9	14	18	6.4
id-04282	5	4	2	6.6
id-04283	3	6	16	5.2
id-04284	2	2	2	6.8
id-04285	10	6	15	5.5
id-04286	10	13	14	5.0
id-04287	10	2	6	5.3
id-04288	3	3	7	5.4
id-04289	6	6	2	5.9
id-04290	1	2	1	6.7
id-04291	4	6	18	6.4
id-04292	9	12	13	5.1
id-04293	7	6	2	6.3
id-04294	9	16	26	5.4
id-04295	1	2	4	5.1
id-04296	9	12	15	5.7
id-04297	9	5	29	6.3
id-04298	4	5	23	5.2
id-04299	6	9	21	6.1
id-04300	5	8	17	6.7
id-04301	1	2	22	6.0
id-04302	8	13	7	5.1
id-04303	4	2	25	5.7
id-04304	1	2	29	6.8
id-04305	10	17	24	6.6
id-04306	1	2	11	6.8
id-04307	4	6	16	6.3
id-04308	4	4	28	6.9
id-04309	3	4	10	6.3
id-04310	2	3	27	6.0
id-04311	8	15	30	6.0
id-04312	1	2	28	5.4
id-04313	8	7	12	7.0
id-04314	9	12	1	6.9
id-04315	8	5	15	6.4
id-04316	8	13	10	6.6
id-04317	10	6	9	6.4
id-04318	8	3	16	5.3
id-04319	10	3	14	6.7
id-04320	5	5	21	5.4
id-04321	3	6	4	5.3
id-04322	6	5	16	6.6
id-04323	9	12	11	5.1
id-04324	3	5	15	5.8
id-04325	2	4	15	5.2
id-04326	9	10	22	6.4
id-04327	5	8	9	5.5
id-04328	4	6	27	5.0
id-04329	4	2	23	5.7
id-04330	8	2	23	6.4
id-04331	6	5	28	5.0
id-04332	10	9	9	5.5
id-04333	2	3	2	5.5
id-04334	7	5	15	5.3
id-04335	7	6	1	6.9
id-04336	10	11	10	5.8
id-04337	4	8	29	6.8
id-04338	9	13	18	7.0
id-04339	4	6	14	6.0
id-04340	9	8	18	5.1
id-04341	1	2	8	5.3
id-04342	10	9	25	5.7
id-04343	6	8	15	6.2
id-04344	2	4	25	5.8
id-04345	3	5	8	6.6
id-04346	2	3	13	5.5
id-04347	1	2	29	5.7
id-04348	5	3	27	6.1
id-04349	7	13	25	5.9
id-04350	2	3	20	5.0
id-04351	8	10	29	5.9
id-04352	3	5	6	5.2
id-04353	8	13	3	6.7
id-04354	5	6	13	6.5
id-04355	2	2	6	6.5
id-04356	7	2	3	6.9
id-04357	7	14	19	6.3
id-04358	6	6	8	5.9
id-04359	4	7	14	6.7
id-04360	5	7	16	6.0
id-04361	2	3	8	6.0
id-04362	8	7	17	5.7
id-04363	10	13	23	6.8
id-04364	8	10	1	5.7
id-04365	5	3	30	5.8
id-04366	6	8	29	5.5
id-04367	8	16	16	6.5
id-04368	5	9	4	6.4
id-04369	4	7	30	6.7
id-04370	1	2	2	5.7
id-04371	9	12	18	5.6
id-04372	2	2	10	5.5
id-04373	9	10	2	6.2
id-04374	4	7	5	5.2
id-04375	9	16	1	6.8
id-04376	6	2	28	5.1
id-04377	3	6	5	5.2
id-04378	4	2	8	6.9
id-04379	1	2	27	5.5
id-04380	6	3	11	6.4
id-04381	9	7	26	5.0
id-04382	4	2	10	5.9
id-04383	5	4	5	5.1
id-04384	3	2	8	5.5
id-04385	9	11	16	6.7
id-04386	10	4	23	6.0
id-04387	1	2	28	6.3
id-04388	5	3	21	7.0
id-04389	10	3	17	6.8
id-04390	7	14	12	5.0
id-04391	3	3	26	6.2
id-04392	5	6	21	6.4
id-04393	10	18	30	6.1
id-04394	9	5	13	5.3
id-04395	8	16	13	6.8
id-04396	9	11	15	5.1
id-04397	9	9	27	5.7
id-04398	5	5	7	6.4
id-04399	6	6	17	5.6
id-04400	8	12	14	6.7
id-04401	10	2	6	6.4
id-04402	7	3	4	5.5
id-04403	4	3	27	6.0
id-04404	7	5	13	5.1
id-04405	1	2	27	6.6
id-04406	4	7	30	5.9
id-04407	8	3	8	6.2
id-04408	10	20	28	6.2
id-04409	7	8	17	6.9
id-04410	8	3	3	6.7
id-04411	2	3	17	5.2
id-04412	10	17	1	5.7
id-04413	10	10	1	6.9
id-04414	3	4	19	6.8
id-04415	2	4	16	6.7
id-04416	5	8	5	5.5
id-04417	1	2	29	5.8
id-04418	6	7	10	5.3
id-04419	6	2	11	6.7
id-04420	10	4	14	6.4
id-04421	2	4	18	5.4
id-04422	2	2	9	6.2
id-04423	4	4	27	5.8
id-04424	10	13	12	5.5
id-04425	8	3	7	6.0
id-04426	2	4	20	6.4
id-04427	7	10	21	7.0
id-04428	6	4	11	5.2
id-04429	6	11	21	6.4
id-04430	8	7	3	5.2
id-04431	1	2	24	6.2
id-04432	7	9	29	6.2
id-04433	10	10	18	5.4
id-04434	3	5	1	5.2
id-04435	7	14	27	6.7
id-04436	9	8	11	5.1
id-04437	3	2	14	6.1
id-04438	3	3	27	5.6
id-04439	7	6	4	5.3
id-04440	1	2	21	6.8
id-04441	7	11	12	5.3
id-04442	3	5	10	5.2
id-04443	2	3	7	5.1
id-04444	4	7	17	6.9
id-04445	2	4	22	5.0
id-04446	2	4	13	6.3
id-04447	7	11	3	5.2
id-04448	1	2	24	5.0
id-04449	2	3	10	5.5
id-04450	8	8	14	6.0
id-04451	8	3	13	5.0
id-04452	5	3	29	6.3
id-04453	10	14	10	6.7
id-04454	5	2	5	6.8
id-04455	7	3	15	5.5
id-04456	7	11	7	6.8
id-04457	6	12	14	5.4
id-04458	5	6	1	5.7
id-04459	6	2	23	6.2
id-04460	8	10	22	5.1
id-04461	7	12	1	5.9
id-04462	3	5	23	6.4
id-04463	10	4	30	6.7
id-04464	3	5	5	5.9
id-04465	2	2	19	5.3
id-04466	3	3	25	5.3
id-04467	8	14	21	6.8
id-04468	7	4	13	5.4
id-04469	5	8	12	6.6
id-04470	8	8	28	6.5
id-04471	9	3	3	5.7
id-04472	2	4	3	5.1
id-04473	8	5	28	5.9
id-04474	2	2	5	6.6
id-04475	5	10	15	6.7
id-04476	3	5	20	6.9
id-04477	4	4	6	5.9
id-04478	3	5	11	5.2
id-04479	4	3	7	5.7
id-04480	4	6	29	6.4
id-04481	8	7	25	5.8
id-04482	8	15	7	6.5
id-04483	10	9	19	6.4
id-04484	5	4	11	6.0
id-04485	5	5	25	6.5
id-04486	9	5	22	6.2
id-04487	5	2	3	6.6
id-04488	3	4	19	6.6
id-04489	7	6	3	5.7
id-04490	9	7	27	6.9
id-04491	5	8	3	6.0
id-04492	7	9	7	5.9
id-04493	1	2	8	5.7
id-04494	1	2	11	6.7
id-04495	9	10	30	5.4
id-04496	6	10	8	6.1
id-04497	4	5	6	5.0
id-04498	8	12	19	5.6
id-04499	9	18	21	6.2
id-04500	6	9	26	7.0
id-04501	6	9	19	5.8
id-04502	6	5	29	5.8
id-04503	7	11	15	6.2
id-04504	9	9	4	5.2
id-04505	5	2	10	6.2
id-04506	3	4	26	6.1
id-04507	10	18	29	6.5
id-04508	10	4	19	5.6
id-04509	7	10	8	6.4
id-04510	8	6	3	5.4
id-04511	8	15	27	6.5
id-04512	1	2	22	6.0
id-04513	7	9	22	6.2
id-04514	9	12	10	5.8
id-04515	5	5	18	5.1
id-04516	4	4	21	6.0
id-04517	1	2	20	5.8
id-04518	10	17	1	6.6
id-04519	7	3	17	6.6
id-04520	9	17	9	6.1
id-04521	8	2	29	5.9
id-04522	7	8	28	5.4
id-04523	4	2	24	6.0
id-04524	10	15	20	5.1
id-04525	5	8	19	5.0
id-04526	9	7	16	5.0
id-04527	3	5	28	5.8
id-04528	9	7	21	6.5
id-04529	9	6	7	5.1
id-04530	9	3	15	5.6
id-04531	6	8	3	6.3
id-04532	7	2	14	6.8
id-04533	10	10	15	5.5
id-04534	2	2	9	6.5
id-04535	2	2	25	6.4
id-04536	4	2	23	5.7
id-04537	6	8	16	5.8
id-04538	5	10	30	6.5
id-04539	2	4	12	6.9
id-04540	3	4	28	6.7
id-04541	4	4	2	5.1
id-04542	6	6	5	6.3
id-04543	4	2	6	6.4
id-04544	8	4	14	5.7
id-04545	10	13	22	6.0
id-04546	1	2	25	5.5
id-04547	10	19	24	6.0
id-04548	9	11	25	6.0
id-04549	10	19	28	6.4
id-04550	9	14	4	6.4
id-04551	1	2	13	6.2
id-04552	5	9	5	5.2
id-04553	8	10	23	5.0
id-04554	8	15	20	5.5
id-04555	5	5	15	6.9
id-04556	9	8	10	6.7
id-04557	9	8	4	6.4
id-04558	7	2	4	6.1
id-04559	2	2	29	5.8
id-04560	8	14	13	5.6
id-04561	8	7	17	6.8
id-04562	9	2	28	6.8
id-04563	5	4	20	6.1
id-04564	3	6	30	6.2
id-04565	4	8	13	5.7
id-04566	5	3	21	7.0
id-04567	9	16	26	6.2
id-04568	8	6	19	5.3
id-04569	4	3	11	5.3
id-04570	5	5	28	5.2
id-04571	6	10	29	5.3
id-04572	4	3	1	6.6
id-04573	4	8	10	6.4
id-04574	6	6	14	5.5
id-04575	1	2	7	5.1
id-04576	6	8	29	5.7
id-04577	1	2	16	5.9
id-04578	9	11	20	6.5
id-04579	1	2	14	5.5
id-04580	1	2	5	6.3
id-04581	8	5	7	7.0
id-04582	5	10	6	6.5
id-04583	8	3	24	5.7
id-04584	6	6	13	6.5
id-04585	6	5	14	5.2
id-04586	8	9	30	6.8
id-04587	6	9	24	6.8
id-04588	4	8	13	6.6
id-04589	6	4	9	5.4
id-04590	5	3	28	5.5
id-04591	4	8	22	6.1
id-04592	6	6	16	6.7
id-04593	3	2	2	5.6
id-04594	5	7	30	5.9
id-04595	7	8	12	5.5
id-04596	1	2	20	6.3
id-04597	2	3	22	6.2
id-04598	2	3	20	5.5
id-04599	4	4	19	6.8
id-04600	9	3	10	5.1
id-04601	6	9	12	5.1
id-04602	7	9	18	6.5
id-04603	10	7	13	6.5
id-04604	2	2	3	6.4
id-04605	2	4	5	5.5
id-04606	1	2	4	6.4
id-04607	5	2	3	6.3
id-04608	9	13	9	5.0
id-04609	4	4	21	5.7
id-04610	7	13	22	6.1
id-04611	8	12	24	6.4
id-04612	5	6	11	5.2
id-04613	3	6	13	6.8
id-04614	8	4	12	5.9
id-04615	3	6	20	5.5
id-04616	3	2	7	5.2
id-04617	10	2	16	5.8
id-04618	7	7	25	5.6
id-04619	1	2	7	5.7
id-04620	10	14	28	6.9
id-04621	1	2	27	5.3
id-04622	10	4	22	6.2
id-04623	5	7	13	6.7
id-04624	3	5	6	6.9
id-04625	7	10	30	5.8
id-04626	6	11	13	6.1
id-04627	3	4	13	5.8
id-04628	10	2	16	5.6
id-04629	1	2	26	6.3
id-04630	2	4	7	5.9
id-04631	5	9	30	6.5
id-04632	7	13	11	6.8
id-04633	9	4	3	6.5
id-04634	2	4	2	5.5
id-04635	10	4	28	6.9
id-04636	10	9	16	6.1
id-04637	5	4	20	5.9
id-04638	5	5	5	6.5
id-04639	5	6	4	6.9
id-04640	2	4	20	6.7
id-04641	3	2	11	6.7
id-04642	7	10	26	6.7
id-04643	7	3	15	6.6
id-04644	2	4	3	5.1
id-04645	4	3	6	5.7
id-04646	8	15	13	6.9
id-04647	6	3	13	5.8
id-04648	4	2	6	5.1
id-04649	10	8	26	5.5
id-04650	7	4	3	5.9
id-04651	8	7	14	6.9
id-04652	4	5	23	6.0
id-04653	7	8	5	6.4
id-04654	10	9	17	6.0
id-04655	10	3	16	5.9
id-04656	1	2	10	5.4
id-04657	9	15	6	5.1
id-04658	8	9	30	6.9
id-04659	5	3	30	5.2
id-04660	3	5	5	6.3
id-04661	9	14	10	6.3
id-04662	6	5	26	6.5
id-04663	5	4	20	6.8
id-04664	8	8	25	6.2
id-04665	10	3	27	5.2
id-04666	4	5	27	6.4
id-04667	8	12	5	5.7
id-04668	1	2	14	5.6
id-04669	3	2	12	5.3
id-04670	6	10	11	5.3
id-04671	4	2	11	6.6
id-04672	5	10	3	6.9
id-04673	3	5	19	5.4
id-04674	1	2	30	5.7
id-04675	2	2	12	5.7
id-04676	5	7	29	6.3
id-04677	3	6	10	6.8
id-04678	2	4	2	5.5
id-04679	10	8	19	5.2
id-04680	8	16	2	5.1
id-04681	6	12	6	5.6
id-04682	3	3	11	7.0
id-04683	3	2	30	5.2
id-04684	4	5	8	6.7
id-04685	8	9	12	5.5
id-04686	2	3	13	5.6
id-04687	10	19	21	5.5
id-04688	3	4	14	7.0
id-04689	6	4	12	5.0
id-04690	2	3	5	5.1
id-04691	4	8	4	5.5
id-04692	9	11	16	6.5
id-04693	7	12	11	6.6
id-04694	1	2	9	5.4
id-04695	6	7	26	6.4
id-04696	1	2	10	6.1
id-04697	9	7	21	5.1
id-04698	2	4	24	5.7
id-04699	7	14	15	5.8
id-04700	7	9	23	5.6
id-04701	3	4	10	5.2
id-04702	4	4	20	6.1
id-04703	10	5	21	5.1
id-04704	10	4	13	5.5
id-04705	9	8	27	6.9
id-04706	8	11	4	6.5
id-04707	6	9	16	6.9
id-04708	4	7	14	5.8
id-04709	6	11	2	5.2
id-04710	6	4	24	6.2
id-04711	2	4	3	6.8
id-04712	9	11	17	6.3
id-04713	3	3	21	6.4
id-04714	5	5	18	5.2
id-04715	6	9	26	5.2
id-04716	3	5	9	5.6
id-04717	10	3	11	5.7
id-04718	2	4	19	5.2
id-04719	10	15	17	6.5
id-04720	7	11	24	5.1
id-04721	1	2	10	5.8
id-04722	4	4	1	6.0
id-04723	10	2	3	5.1
id-04724	10	13	1	6.5
id-04725	5	7	10	5.6
id-04726	4	4	20	5.3
id-04727	7	9	25	5.5
id-04728	2	4	28	6.2
id-04729	2	4	13	5.9
id-04730	7	6	18	6.0
id-04731	9	5	13	6.8
id-04732	3	6	18	5.3
id-04733	4	6	11	7.0
id-04734	4	2	3	6.1
id-04735	5	7	8	5.3
id-04736	7	6	18	5.2
id-04737	9	17	16	6.2
id-04738	4	8	22	6.4
id-04739	9	7	14	7.0
id-04740	3	2	25	5.6
id-04741	5	10	29	5.7
id-04742	9	16	12	7.0
id-04743	6	10	25	6.1
id-04744	3	5	25	6.7
id-04745	7	9	22	5.6
id-04746	10	2	12	7.0
id-04747	1	2	28	6.7
id-04748	9	17	22	5.5
id-04749	4	5	28	5.9
id-04750	2	3	2	6.7
id-04751	4	5	19	5.8
id-04752	1	2	1	5.3
id-04753	2	4	25	6.3
id-04754	4	6	14	6.3
id-04755	3	5	3	5.8
id-04756	7	4	12	5.9
id-04757	7	4	24	5.4
id-04758	4	3	7	6.4
id-04759	5	10	19	6.2
id-04760	6	9	15	6.3
id-04761	5	3	6	7.0
id-04762	7	6	14	5.6
id-04763	4	5	12	6.7
id-04764	8	8	22	6.5
id-04765	8	8	30	6.3
id-04766	5	5	29	5.5
id-04767	2	2	3	6.2
id-04768	5	7	12	6.7
id-04769	7	6	13	5.9
id-04770	4	4	5	5.1
id-04771	8	13	1	6.5
id-04772	10	3	23	5.7
id-04773	7	6	1	5.2
id-04774	7	10	6	5.2
id-04775	2	3	30	6.7
id-04776	3	2	22	6.6
id-04777	6	8	22	5.4
id-04778	5	5	11	5.1
id-04779	10	20	19	5.2
id-04780	7	11	4	6.3
id-04781	8	14	19	6.5
id-04782	10	10	7	6.2
id-04783	5	7	30	6.4
id-04784	4	8	22	5.7
id-04785	4	8	13	5.3
id-04786	3	5	19	5.1
id-04787	2	2	12	6.6
id-04788	2	3	17	6.3
id-04789	4	5	19	6.6
id-04790	4	7	27	5.3
id-04791	7	6	1	5.9
id-04792	3	6	17	5.4
id-04793	5	3	4	6.5
id-04794	3	3	1	5.5
id-04795	10	13	29	6.2
id-04796	7	7	2	6.8
id-04797	5	10	21	5.5
id-04798	6	9	30	5.3
id-04799	6	2	24	6.9
id-04800	5	7	2	5.2
id-04801	5	6	21	5.5
id-04802	10	8	8	5.1
id-04803	7	8	28	6.7
id-04804	5	9	4	6.4
id-04805	1	2	28	5.7
id-04806	3	3	16	6.1
id-04807	8	3	14	6.2
id-04808	2	2	23	6.8
id-04809	9	3	23	5.2
id-04810	2	3	6	5.5
id-04811	6	5	4	6.8
id-04812	6	9	6	6.1
id-04813	2	4	13	6.2
id-04814	2	2	22	5.9
id-04815	5	8	11	5.6
id-04816	3	2	5	6.2
id-04817	4	5	11	5.1
id-04818	9	3	27	6.5
id-04819	2	3	24	6.9
id-04820	8	13	25	5.3
id-04821	6	12	1	6.0
id-04822	2	2	24	5.1
id-04823	1	2	14	6.1
id-04824	8	14	29	6.6
id-04825	7	8	2	6.8
id-04826	3	2	25	7.0
id-04827	6	3	21	6.2
id-04828	9	17	11	5.3
id-04829	7	13	23	6.3
id-04830	3	2	20	5.4
id-04831	4	3	17	6.8
id-04832	5	5	15	6.7
id-04833	7	3	8	6.5
id-04834	5	7	30	6.8
id-04835	4	3	17	6.1
id-04836	5	2	20	6.6
id-04837	2	3	7	6.1
id-04838	7	12	21	5.2
id-04839	9	14	30	6.5
id-04840	10	5	6	6.1
id-04841	9	14	30	6.6
id-04842	8	3	27	5.6
id-04843	5	5	25	6.4
id-04844	10	8	14	5.9
id-04845	2	2	26	5.4
id-04846	8	2	7	6.9
id-04847	4	6	15	6.2
id-04848	1	2	1	5.6
id-04849	2	3	2	6.6
id-04850	3	2	14	6.4
id-04851	8	11	28	6.9
id-04852	6	10	26	6.9
id-04853	2	3	25	5.8
id-04854	10	8	13	5.2
id-04855	6	12	7	5.4
id-04856	2	2	17	6.1
id-04857	3	3	22	5.3
id-04858	7	8	13	6.8
id-04859	9	5	27	7.0
id-04860	4	2	22	5.2
id-04861	6	11	26	6.4
id-04862	2	4	30	6.5
id-04863	6	8	7	6.6
id-04864	2	4	26	5.6
id-04865	2	3	12	5.5
id-04866	7	10	7	7.0
id-04867	3	2	18	6.2
id-04868	2	2	17	6.7
id-04869	5	3	20	5.9
id-04870	7	3	5	6.8
id-04871	1	2	30	5.4
id-04872	3	6	27	6.3
id-04873	6	7	10	6.3
id-04874	3	2	26	5.5
id-04875	3	6	19	5.7
id-04876	10	11	8	6.8
id-04877	9	10	28	6.2
id-04878	7	2	9	6.5
id-04879	2	3	29	6.9
id-04880	9	5	2	5.9
id-04881	8	2	10	5.6
id-04882	9	12	6	6.3
id-04883	9	5	9	6.0
id-04884	9	2	11	6.6
id-04885	2	2	23	5.3
id-04886	2	2	13	6.8
id-04887	9	16	24	6.5
id-04888	3	4	30	5.7
id-04889	6	8	15	6.8
id-04890	3	5	22	6.2
id-04891	10	9	15	5.1
id-04892	5	8	24	5.8
id-04893	10	16	8	5.5
id-04894	2	3	25	7.0
id-04895	6	10	27	6.6
id-04896	6	12	1	5.4
id-04897	7	8	21	5.5
id-04898	6	7	5	6.5
id-04899	2	2	14	6.0
id-04900	5	10	2	5.2
id-04901	9	12	22	6.7
id-04902	7	11	24	5.3
id-04903	7	4	9	5.6
id-04904	6	8	19	6.8
id-04905	8	6	30	6.2
id-04906	9	17	3	5.9
id-04907	3	4	24	5.9
id-04908	8	8	19	6.3
id-04909	5	6	15	6.8
id-04910	5	2	17	5.9
id-04911	1	2	5	5.2
id-04912	6	9	25	5.8
id-04913	10	19	28	5.0
id-04914	9	5	2	5.1
id-04915	4	5	22	5.6
id-04916	4	5	5	5.4
id-04917	9	7	19	5.4
id-04918	9	15	24	5.0
id-04919	3	2	22	7.0
id-04920	9	18	26	6.2
id-04921	6	2	3	5.1
id-04922	8	4	8	5.5
id-04923	10	3	3	5.4
id-04924	10	17	21	5.7
id-04925	3	4	13	6.9
id-04926	8	16	8	5.9
id-04927	10	9	12	5.6
id-04928	4	5	5	5.8
id-04929	4	5	26	6.9
id-04930	10	9	16	5.2
id-04931	1	2	11	6.4
id-04932	7	14	25	6.3
id-04933	4	2	3	5.9
id-04934	5	3	17	6.8
id-04935	5	9	24	5.3
id-04936	8	6	25	6.3
id-04937	8	4	11	5.3
id-04938	3	3	29	5.9
id-04939	2	3	5	5.1
id-04940	3	2	25	5.4
id-04941	8	7	4	6.0
id-04942	6	6	22	6.5
id-04943	1	2	8	6.5
id-04944	10	18	24	6.1
id-04945	2	3	27	5.2
id-04946	6	5	27	5.8
id-04947	6	9	7	5.3
id-04948	8	8	23	6.8
id-04949	4	4	30	6.7
id-04950	6	12	30	5.7
id-04951	7	2	22	5.5
id-04952	6	6	11	5.3
id-04953	8	8	7	5.4
id-04954	7	12	23	5.1
id-04955	8	12	26	5.6
id-04956	6	4	13	5.9
id-04957	2	4	10	6.4
id-04958	10	18	29	6.0
id-04959	7	12	3	6.0
id-04960	10	5	12	6.8
id-04961	5	10	5	6.7
id-04962	10	19	19	5.4
id-04963	10	8	13	5.8
id-04964	10	17	20	5.6
id-04965	10	20	9	5.0
id-04966	9	10	9	6.3
id-04967	10	14	23	6.5
id-04968	5	8	3	5.4
id-04969	6	12	25	5.7
id-04970	10	4	1	6.5
id-04971	5	2	25	6.9
id-04972	10	20	16	6.1
id-04973	7	4	18	5.2
id-04974	10	8	7	5.3
id-04975	2	2	12	5.6
id-04976	1	2	29	7.0
id-04977	2	2	1	6.1
id-04978	1	2	29	5.1
id-04979	4	5	26	6.0
id-04980	10	2	16	5.1
id-04981	2	3	3	5.2
id-04982	8	14	17	6.3
id-04983	8	5	12	6.9
id-04984	3	2	26	6.7
id-04985	4	7	21	6.5
id-04986	2	4	3	6.9
id-04987	8	6	4	6.8
id-04988	8	9	9	5.7
id-04989	2	2	14	5.1
id-04990	5	3	12	5.4
id-04991	9	16	16	6.3
id-04992	1	2	22	5.8
id-04993	9	3	2	5.2
id-04994	1	2	8	5.1
id-04995	6	7	29	6.8
id-04996	7	6	8	5.3
id-04997	1	2	28	6.7
id-04998	2	3	17	5.3
id-04999	7	12	13	6.2
id-05000	7	10	17	6.2
id-05001	1	2	7	5.9
id-05002	5	4	4	6.7
id-05003	7	11	29	6.8
id-05004	10	2	21	6.7
id-05005	1	2	10	6.1
id-05006	2	4	16	5.5
id-05007	6	12	30	5.6
id-05008	2	2	14	6.1
id-05009	2	3	4	5.4
id-05010	6	5	6	5.4
id-05011	5	5	26	5.7
id-05012	7	7	19	5.6
id-05013	1	2	22	5.3
id-05014	3	4	20	5.5
id-05015	3	3	11	5.9
id-05016	9	14	1	5.3
id-05017	1	2	19	6.8
id-05018	5	5	4	6.2
id-05019	5	10	3	5.6
id-05020	9	7	9	6.5
id-05021	9	11	26	6.4
id-05022	3	5	10	6.8
id-05023	5	6	2	5.6
id-05024	7	3	3	6.9
id-05025	6	2	24	6.7
id-05026	9	18	16	6.4
id-05027	8	6	17	6.8
id-05028	6	6	28	6.5
id-05029	7	11	3	5.5
id-05030	4	5	24	5.4
id-05031	9	17	17	6.2
id-05032	6	12	5	5.9
id-05033	6	6	2	6.4
id-05034	5	9	14	6.7
id-05035	9	7	21	6.6
id-05036	9	15	17	6.8
id-05037	3	2	22	6.6
id-05038	8	13	24	5.8
id-05039	3	3	24	5.0
id-05040	9	16	14	5.5
id-05041	3	5	6	6.5
id-05042	5	8	19	6.5
id-05043	9	18	7	6.4
id-05044	10	19	25	5.1
id-05045	8	5	13	5.3
id-05046	5	7	24	6.3
id-05047	2	4	20	5.3
id-05048	1	2	12	5.9
id-05049	6	4	21	6.9
id-05050	2	4	21	6.7
id-05051	1	2	20	7.0
id-05052	3	5	14	5.6
id-05053	1	2	19	6.0
id-05054	7	9	22	5.1
id-05055	1	2	25	5.7
id-05056	3	3	5	6.5
id-05057	4	6	15	5.3
id-05058	6	4	10	5.2
id-05059	10	8	1	5.4
id-05060	3	5	1	7.0
id-05061	1	2	12	6.1
id-05062	7	9	2	6.1
id-05063	1	2	17	5.1
id-05064	7	3	20	6.2
id-05065	9	10	28	6.4
id-05066	6	5	3	5.3
id-05067	7	12	30	6.6
id-05068	2	4	4	7.0
id-05069	6	11	8	6.6
id-05070	7	14	11	6.4
id-05071	9	12	16	5.8
id-05072	10	18	15	5.4
id-05073	6	5	5	5.1
id-05074	3	6	6	5.1
id-05075	10	5	10	6.4
id-05076	6	8	23	5.9
id-05077	9	12	13	6.8
id-05078	10	9	10	6.3
id-05079	7	7	16	6.4
id-05080	9	5	2	5.9
id-05081	4	8	9	5.2
id-05082	9	12	12	5.0
id-05083	1	2	11	5.6
id-05084	1	2	11	6.8
id-05085	9	5	3	6.7
id-05086	9	5	1	5.9
id-05087	3	2	27	6.4
id-05088	5	4	1	5.3
id-05089	4	3	2	6.3
id-05090	5	8	3	5.4
id-05091	3	2	4	6.9
id-05092	4	8	21	5.6
id-05093	6	11	29	5.6
id-05094	10	17	18	6.4
id-05095	2	2	26	6.8
id-05096	4	4	23	7.0
id-05097	8	5	1	6.0
id-05098	7	14	17	5.8
id-05099	9	18	15	6.6
id-05100	2	2	18	5.9
id-05101	8	3	1	6.4
id-05102	7	9	5	6.9
id-05103	7	9	25	5.3
id-05104	2	4	29	5.1
id-05105	10	3	16	5.4
id-05106	7	10	12	5.3
id-05107	9	6	20	5.3
id-05108	4	4	11	6.2
id-05109	7	3	1	5.2
id-05110	5	6	12	5.9
id-05111	4	4	11	6.5
id-05112	9	10	21	6.7
id-05113	2	3	7	5.5
id-05114	5	6	22	5.5
id-05115	4	6	18	6.0
id-05116	3	2	23	5.8
id-05117	6	3	5	6.9
id-05118	9	4	26	5.9
id-05119	2	4	18	6.8
id-05120	6	8	22	5.8
id-05121	9	15	3	5.2
id-05122	6	3	1	5.8
id-05123	2	3	11	5.1
id-05124	7	14	2	7.0
id-05125	1	2	6	5.8
id-05126	4	5	8	5.9
id-05127	8	10	6	6.7
id-05128	8	6	23	5.6
id-05129	6	3	4	6.9
id-05130	9	10	11	6.8
id-05131	7	7	7	5.5
id-05132	2	4	4	5.9
id-05133	6	3	14	6.1
id-05134	10	19	22	5.2
id-05135	8	4	5	6.2
id-05136	5	7	27	5.1
id-05137	3	4	6	6.4
id-05138	5	9	7	5.8
id-05139	9	8	29	6.6
id-05140	7	4	8	5.3
id-05141	1	2	10	5.7
id-05142	1	2	24	5.7
id-05143	10	19	2	6.6
id-05144	3	5	6	6.3
id-05145	1	2	2	5.5
id-05146	3	3	17	5.6
id-05147	10	20	23	6.2
id-05148	7	3	26	7.0
id-05149	7	9	4	6.8
id-05150	10	20	16	6.1
id-05151	1	2	30	6.5
id-05152	8	5	30	6.6
id-05153	2	2	4	5.1
id-05154	2	2	19	5.8
id-05155	4	4	11	6.0
id-05156	9	8	21	6.3
id-05157	1	2	24	6.6
id-05158	2	2	20	5.4
id-05159	4	7	4	5.9
id-05160	3	6	2	5.8
id-05161	6	8	18	6.4
id-05162	7	11	24	6.8
id-05163	4	6	27	5.3
id-05164	10	12	11	6.3
id-05165	1	2	14	6.4
id-05166	4	4	2	6.1
id-05167	6	6	19	5.3
id-05168	8	10	2	6.1
id-05169	5	7	6	6.5
id-05170	2	4	26	6.8
id-05171	1	2	22	7.0
id-05172	2	3	29	5.8
id-05173	4	4	7	5.7
id-05174	5	9	28	5.5
id-05175	7	5	16	6.7
id-05176	5	3	29	5.3
id-05177	9	2	18	5.3
id-05178	1	2	6	5.6
id-05179	8	4	15	5.6
id-05180	2	3	26	6.2
id-05181	8	11	22	6.1
id-05182	8	16	15	5.6
id-05183	5	6	21	6.9
id-05184	4	5	7	6.7
id-05185	5	10	28	6.3
id-05186	4	5	23	6.6
id-05187	9	10	21	6.3
id-05188	9	4	28	7.0
id-05189	1	2	17	5.9
id-05190	2	2	8	5.7
id-05191	9	13	2	6.3
id-05192	1	2	21	5.1
id-05193	5	6	16	5.4
id-05194	1	2	26	5.9
id-05195	7	13	4	5.5
id-05196	3	2	21	5.5
id-05197	7	2	26	6.7
id-05198	6	5	25	5.4
id-05199	5	6	22	5.8
id-05200	5	9	22	5.7
id-05201	8	14	11	6.6
id-05202	4	3	21	5.2
id-05203	3	3	20	7.0
id-05204	9	9	28	5.4
id-05205	10	19	12	5.4
id-05206	8	2	2	5.8
id-05207	9	5	22	6.3
id-05208	8	5	19	5.5
id-05209	4	8	2	5.5
id-05210	2	2	7	6.4
id-05211	6	11	2	5.4
id-05212	2	3	14	5.4
id-05213	7	3	28	6.0
id-05214	9	2	23	6.3
id-05215	9	3	23	5.9
id-05216	10	4	10	5.0
id-05217	2	3	26	5.6
id-05218	3	2	1	5.1
id-05219	7	6	25	6.6
id-05220	10	7	8	6.9
id-05221	5	3	19	7.0
id-05222	8	6	5	5.5
id-05223	1	2	5	5.9
id-05224	9	8	8	5.3
id-05225	9	9	7	6.8
id-05226	4	5	7	6.5
id-05227	4	7	27	6.4
id-05228	7	5	21	6.3
id-05229	3	3	19	6.2
id-05230	1	2	11	5.9
id-05231	3	3	12	5.1
id-05232	10	13	29	5.9
id-05233	6	3	9	6.8
id-05234	9	9	18	6.9
id-05235	8	5	5	6.8
id-05236	1	2	16	5.9
id-05237	6	2	16	5.3
id-05238	2	2	18	5.7
id-05239	1	2	16	5.2
id-05240	2	3	28	6.2
id-05241	5	5	10	5.8
id-05242	5	7	28	6.8
id-05243	6	2	11	5.7
id-05244	7	3	26	6.6
id-05245	10	14	28	6.5
id-05246	1	2	11	5.5
id-05247	8	16	7	6.8
id-05248	1	2	14	6.6
id-05249	1	2	24	5.5
id-05250	8	10	5	6.7
id-05251	2	2	30	5.0
id-05252	5	9	19	5.2
id-05253	3	6	22	5.9
id-05254	5	7	23	5.5
id-05255	5	10	13	5.9
id-05256	2	3	14	5.2
id-05257	5	10	3	5.4
id-05258	4	8	9	5.6
id-05259	8	12	18	5.9
id-05260	9	6	3	5.3
id-05261	1	2	11	6.7
id-05262	4	8	13	5.6
id-05263	3	6	24	5.0
id-05264	10	13	4	6.8
id-05265	1	2	1	7.0
id-05266	4	2	23	6.6
id-05267	2	4	24	6.8
id-05268	9	9	30	5.7
id-05269	6	12	24	6.6
id-05270	6	7	29	6.5
id-05271	3	5	28	5.7
id-05272	6	7	10	5.1
id-05273	5	10	2	5.5
id-05274	6	12	25	5.4
id-05275	8	8	5	6.6
id-05276	8	14	10	6.6
id-05277	6	3	27	5.5
id-05278	1	2	5	6.1
id-05279	6	11	15	5.5
id-05280	8	16	2	6.3
id-05281	8	12	15	6.9
id-05282	10	10	5	6.0
id-05283	10	3	18	6.3
id-05284	2	3	3	5.4
id-05285	6	2	10	5.6
id-05286	7	8	1	5.1
id-05287	5	4	6	5.6
id-05288	5	8	25	6.7
id-05289	3	4	12	6.0
id-05290	3	4	16	6.4
id-05291	9	3	14	6.9
id-05292	7	9	2	5.9
id-05293	7	7	24	5.6
id-05294	3	6	19	5.3
id-05295	2	3	17	6.0
id-05296	3	3	18	6.0
id-05297	4	7	19	6.4
id-05298	10	5	12	5.1
id-05299	3	3	27	5.7
id-05300	8	11	17	6.7
id-05301	2	4	21	5.2
id-05302	10	4	1	5.2
id-05303	8	12	21	5.4
id-05304	4	4	5	5.2
id-05305	5	10	18	6.5
id-05306	3	3	6	5.2
id-05307	5	2	14	6.8
id-05308	4	5	3	6.3
id-05309	10	2	28	5.4
id-05310	8	11	28	6.4
id-05311	8	11	15	6.0
id-05312	8	3	14	6.0
id-05313	1	2	9	6.4
id-05314	10	4	20	5.2
id-05315	7	11	10	5.4
id-05316	9	11	19	5.5
id-05317	9	11	23	5.9
id-05318	10	11	1	6.0
id-05319	4	6	26	5.2
id-05320	8	10	11	5.3
id-05321	3	6	20	5.3
id-05322	2	4	13	6.5
id-05323	6	7	24	5.2
id-05324	10	15	29	6.1
id-05325	10	2	5	6.9
id-05326	7	8	22	5.9
id-05327	6	3	24	6.0
id-05328	1	2	16	6.5
id-05329	10	20	10	5.4
id-05330	2	2	16	6.4
id-05331	1	2	28	5.2
id-05332	4	7	11	5.3
id-05333	4	8	20	7.0
id-05334	7	10	28	5.7
id-05335	8	11	3	5.3
id-05336	10	10	3	5.5
id-05337	1	2	20	6.8
id-05338	1	2	26	6.5
id-05339	2	4	27	6.6
id-05340	8	14	7	5.1
id-05341	1	2	7	5.2
id-05342	10	20	18	6.9
id-05343	8	11	15	5.8
id-05344	7	8	23	6.1
id-05345	9	4	23	6.8
id-05346	5	2	20	6.9
id-05347	6	10	4	5.3
id-05348	7	10	17	7.0
id-05349	6	11	26	5.5
id-05350	9	3	18	5.0
id-05351	5	8	18	5.3
id-05352	5	10	25	7.0
id-05353	2	2	7	6.6
id-05354	8	4	16	6.6
id-05355	6	8	1	6.7
id-05356	10	12	29	5.9
id-05357	4	7	28	5.2
id-05358	3	4	5	5.3
id-05359	1	2	14	6.3
id-05360	3	6	25	5.5
id-05361	1	2	22	5.4
id-05362	6	8	9	5.8
id-05363	6	9	16	6.2
id-05364	6	6	6	6.4
id-05365	10	12	14	6.1
id-05366	8	14	11	6.3
id-05367	10	19	14	5.2
id-05368	2	4	28	6.3
id-05369	3	5	14	6.6
id-05370	2	3	10	5.6
id-05371	1	2	18	6.4
id-05372	4	5	7	5.7
id-05373	5	5	28	5.4
id-05374	4	4	23	5.7
id-05375	7	5	28	5.5
id-05376	5	3	8	5.5
id-05377	8	4	9	5.2
id-05378	8	2	2	5.4
id-05379	6	7	24	6.0
id-05380	1	2	14	5.5
id-05381	6	7	1	6.8
id-05382	7	10	10	6.1
id-05383	9	12	11	5.7
id-05384	1	2	26	6.2
id-05385	5	2	2	6.8
id-05386	6	7	12	7.0
id-05387	4	5	28	6.2
id-05388	8	12	5	5.6
id-05389	4	4	18	5.8
id-05390	2	4	26	6.4
id-05391	1	2	17	6.3
id-05392	5	6	17	5.6
id-05393	5	10	15	6.9
id-05394	10	7	3	5.4
id-05395	2	2	14	6.8
id-05396	1	2	17	5.2
id-05397	2	2	23	6.1
id-05398	9	18	9	5.3
id-05399	4	5	23	5.6
id-05400	4	2	23	5.9
id-05401	8	8	10	5.1
id-05402	7	4	24	6.7
id-05403	8	6	3	6.0
id-05404	3	5	4	5.4
id-05405	8	3	9	5.9
id-05406	2	4	21	5.1
id-05407	8	11	19	5.0
id-05408	5	7	8	6.4
id-05409	8	6	18	5.3
id-05410	7	14	18	5.1
id-05411	7	9	9	6.3
id-05412	10	13	23	6.6
id-05413	6	4	6	6.3
id-05414	8	15	24	6.8
id-05415	3	2	18	6.3
id-05416	1	2	4	5.2
id-05417	10	8	13	6.5
id-05418	6	8	9	6.9
id-05419	2	3	5	5.1
id-05420	7	6	4	5.0
id-05421	1	2	29	5.9
id-05422	8	13	9	6.7
id-05423	1	2	17	6.2
id-05424	5	8	28	6.3
id-05425	5	8	10	6.9
id-05426	1	2	26	6.6
id-05427	4	8	24	5.6
id-05428	4	3	21	6.4
id-05429	7	12	21	6.3
id-05430	3	2	2	5.3
id-05431	7	4	9	6.3
id-05432	4	7	22	5.8
id-05433	5	5	4	5.5
id-05434	4	2	3	5.8
id-05435	3	2	13	5.5
id-05436	1	2	9	6.2
id-05437	10	8	15	6.3
id-05438	6	2	11	5.6
id-05439	6	3	4	6.1
id-05440	8	4	1	6.3
id-05441	8	16	4	5.7
id-05442	6	12	24	6.3
id-05443	4	3	18	5.1
id-05444	6	10	12	6.8
id-05445	8	12	29	6.6
id-05446	2	3	19	5.2
id-05447	1	2	10	5.1
id-05448	6	11	6	6.7
id-05449	6	12	13	6.8
id-05450	9	2	9	6.9
id-05451	10	3	23	5.9
id-05452	2	4	21	6.0
id-05453	6	4	27	5.0
id-05454	1	2	10	5.8
id-05455	8	9	24	6.4
id-05456	9	7	28	6.1
id-05457	3	3	15	5.9
id-05458	2	4	20	5.4
id-05459	1	2	14	6.4
id-05460	2	3	5	6.1
id-05461	5	7	7	5.2
id-05462	6	10	23	5.7
id-05463	3	5	9	7.0
id-05464	10	14	5	6.1
id-05465	2	2	7	6.5
id-05466	4	2	24	6.3
id-05467	5	6	15	5.4
id-05468	2	3	9	5.1
id-05469	5	10	18	5.9
id-05470	2	3	6	6.1
id-05471	7	6	19	6.7
id-05472	3	4	2	6.7
id-05473	8	9	30	6.9
id-05474	7	14	18	5.1
id-05475	9	10	22	7.0
id-05476	5	10	22	6.6
id-05477	5	3	13	5.0
id-05478	7	9	15	5.7
id-05479	8	2	8	5.7
id-05480	10	8	11	7.0
id-05481	2	2	1	6.9
id-05482	9	7	11	5.8
id-05483	5	7	2	5.8
id-05484	7	7	30	5.0
id-05485	4	4	10	6.0
id-05486	6	4	26	6.5
id-05487	8	4	27	5.5
id-05488	2	3	21	5.9
id-05489	2	3	25	6.7
id-05490	3	5	14	5.7
id-05491	2	3	27	5.6
id-05492	1	2	2	6.7
id-05493	2	4	9	5.2
id-05494	8	13	11	5.3
id-05495	2	4	26	6.4
id-05496	5	4	24	5.6
id-05497	1	2	1	5.9
id-05498	8	3	14	7.0
id-05499	8	8	21	6.7
id-05500	3	4	17	6.5
id-05501	2	4	19	6.5
id-05502	4	2	26	6.6
id-05503	6	7	20	5.5
id-05504	5	4	18	5.2
id-05505	9	13	12	6.2
id-05506	9	4	27	5.1
id-05507	7	2	29	5.0
id-05508	6	11	19	6.3
id-05509	8	12	7	6.7
id-05510	8	10	4	6.3
id-05511	3	3	4	5.6
id-05512	7	6	19	5.7
id-05513	5	5	6	6.6
id-05514	3	4	30	5.5
id-05515	4	2	11	6.5
id-05516	1	2	14	6.2
id-05517	9	12	30	5.6
id-05518	8	2	9	6.4
id-05519	4	8	26	6.4
id-05520	5	5	23	6.7
id-05521	2	4	11	5.4
id-05522	10	7	28	6.6
id-05523	8	15	22	6.1
id-05524	4	7	17	6.2
id-05525	1	2	26	6.1
id-05526	2	2	30	6.2
id-05527	2	3	17	5.0
id-05528	5	4	22	5.6
id-05529	7	2	14	6.6
id-05530	2	4	13	6.7
id-05531	9	15	28	5.6
id-05532	7	6	3	5.8
id-05533	7	3	3	6.0
id-05534	10	17	20	6.5
id-05535	6	2	22	5.7
id-05536	8	7	4	5.6
id-05537	6	5	3	6.2
id-05538	9	5	16	6.1
id-05539	3	3	27	5.8
id-05540	9	17	27	6.5
id-05541	2	4	14	6.5
id-05542	3	2	10	5.8
id-05543	2	3	4	5.5
id-05544	10	15	26	6.6
id-05545	2	3	23	6.0
id-05546	4	5	6	6.5
id-05547	6	4	25	5.8
id-05548	2	2	22	6.7
id-05549	8	12	7	5.4
id-05550	6	5	8	5.7
id-05551	4	8	10	6.5
id-05552	1	2	3	5.4
id-05553	7	7	25	6.7
id-05554	5	5	29	5.5
id-05555	8	15	3	5.2
id-05556	5	10	6	5.3
id-05557	4	7	16	5.6
id-05558	6	10	15	5.8
id-05559	5	8	16	6.2
id-05560	8	3	10	5.4
id-05561	4	5	18	5.4
id-05562	3	4	14	7.0
id-05563	4	7	22	5.9
id-05564	2	4	4	5.4
id-05565	10	9	5	5.1
id-05566	9	9	5	6.7
id-05567	2	3	28	5.2
id-05568	1	2	18	6.7
id-05569	7	12	18	6.1
id-05570	5	10	17	5.5
id-05571	5	5	7	5.4
id-05572	6	8	19	6.1
id-05573	3	2	16	6.8
id-05574	6	7	1	6.4
id-05575	1	2	2	6.7
id-05576	1	2	27	6.0
id-05577	5	9	9	5.8
id-05578	4	2	10	5.6
id-05579	6	3	15	5.9
id-05580	8	4	29	6.7
id-05581	10	17	7	5.5
id-05582	4	4	27	5.7
id-05583	1	2	13	6.8
id-05584	3	6	14	5.8
id-05585	4	7	23	5.4
id-05586	4	4	30	5.9
id-05587	1	2	3	6.5
id-05588	1	2	8	6.4
id-05589	6	3	4	5.3
id-05590	10	9	20	6.3
id-05591	10	18	16	6.2
id-05592	1	2	4	5.5
id-05593	8	8	3	5.1
id-05594	4	7	5	5.3
id-05595	9	18	12	5.9
id-05596	5	10	14	5.2
id-05597	10	11	5	5.2
id-05598	9	10	26	6.4
id-05599	8	11	26	6.7
id-05600	6	4	14	5.3
id-05601	7	14	2	5.8
id-05602	6	2	4	6.0
id-05603	2	3	17	5.8
id-05604	8	7	6	5.3
id-05605	9	11	19	5.4
id-05606	2	2	25	5.3
id-05607	9	6	22	5.3
id-05608	3	3	18	6.3
id-05609	5	2	27	5.7
id-05610	3	4	1	5.5
id-05611	2	2	10	5.1
id-05612	6	6	30	6.5
id-05613	3	3	15	5.8
id-05614	10	8	7	6.5
id-05615	8	5	15	6.1
id-05616	6	6	22	5.7
id-05617	10	13	16	5.9
id-05618	2	4	2	6.4
id-05619	4	7	9	6.6
id-05620	3	2	6	5.7
id-05621	5	8	30	5.5
id-05622	5	7	7	6.5
id-05623	1	2	30	6.9
id-05624	1	2	30	6.8
id-05625	3	5	17	5.5
id-05626	5	8	8	6.6
id-05627	9	4	2	5.0
id-05628	6	3	9	6.8
id-05629	5	5	9	7.0
id-05630	10	12	15	5.0
id-05631	8	3	6	6.8
id-05632	4	7	14	5.2
id-05633	6	7	6	5.8
id-05634	2	2	3	6.2
id-05635	9	9	5	5.4
id-05636	3	2	5	6.9
id-05637	5	2	6	5.1
id-05638	6	7	16	5.0
id-05639	3	6	12	6.2
id-05640	9	4	19	5.0
id-05641	7	6	25	5.0
id-05642	1	2	10	6.2
id-05643	3	5	12	5.1
id-05644	7	3	18	6.8
id-05645	9	2	12	5.5
id-05646	6	5	3	5.6
id-05647	4	6	8	5.0
id-05648	5	3	11	6.0
id-05649	8	5	15	5.1
id-05650	1	2	17	6.1
id-05651	9	6	16	5.7
id-05652	7	4	17	6.5
id-05653	10	9	4	5.3
id-05654	10	6	19	6.0
id-05655	6	4	30	6.9
id-05656	8	11	22	6.5
id-05657	9	6	24	6.3
id-05658	7	12	27	6.8
id-05659	10	2	8	5.3
id-05660	6	6	9	6.3
id-05661	9	12	24	6.4
id-05662	10	11	17	5.8
id-05663	10	15	27	6.8
id-05664	10	16	12	7.0
id-05665	10	17	29	6.1
id-05666	9	13	29	5.2
id-05667	6	11	30	5.9
id-05668	4	6	27	5.9
id-05669	7	4	9	5.3
id-05670	3	2	5	5.3
id-05671	7	9	25	6.6
id-05672	10	3	20	6.5
id-05673	4	4	21	6.2
id-05674	7	11	14	5.8
id-05675	4	6	7	6.4
id-05676	8	10	22	5.0
id-05677	1	2	29	5.2
id-05678	9	17	27	6.0
id-05679	5	2	11	6.3
id-05680	7	10	23	5.3
id-05681	5	6	1	6.3
id-05682	1	2	26	6.8
id-05683	5	10	7	5.4
id-05684	9	3	25	5.4
id-05685	3	2	4	5.2
id-05686	6	5	15	6.7
id-05687	1	2	22	5.0
id-05688	2	3	26	6.3
id-05689	1	2	29	6.5
id-05690	6	3	28	5.5
id-05691	2	3	15	6.3
id-05692	10	4	9	5.8
id-05693	2	3	25	6.2
id-05694	7	11	17	5.9
id-05695	7	6	27	6.0
id-05696	1	2	27	5.7
id-05697	10	6	29	6.0
id-05698	10	14	3	5.0
id-05699	7	10	12	5.0
id-05700	2	4	3	5.2
id-05701	6	4	5	6.9
id-05702	1	2	21	6.4
id-05703	3	2	18	6.9
id-05704	9	14	22	6.9
id-05705	8	6	10	6.2
id-05706	3	6	5	6.5
id-05707	2	2	5	5.5
id-05708	10	12	26	6.7
id-05709	2	2	1	6.1
id-05710	6	11	15	6.7
id-05711	4	5	7	6.3
id-05712	8	4	3	5.6
id-05713	9	2	8	5.7
id-05714	8	11	28	6.2
id-05715	7	4	17	7.0
id-05716	5	6	12	5.4
id-05717	9	2	12	6.6
id-05718	2	4	29	6.1
id-05719	9	6	10	5.9
id-05720	5	4	15	5.0
id-05721	6	11	16	5.9
id-05722	6	4	2	5.7
id-05723	10	10	14	6.4
id-05724	8	11	24	5.5
id-05725	6	2	13	6.8
id-05726	5	2	24	7.0
id-05727	3	5	30	5.8
id-05728	7	7	7	5.1
id-05729	3	3	10	5.1
id-05730	8	16	16	6.9
id-05731	1	2	6	6.2
id-05732	8	6	6	6.2
id-05733	4	2	11	6.9
id-05734	4	8	5	6.3
id-05735	7	11	17	5.1
id-05736	8	11	5	5.2
id-05737	1	2	20	5.9
id-05738	5	3	20	6.1
id-05739	4	2	3	5.0
id-05740	5	8	10	6.1
id-05741	10	16	9	5.7
id-05742	3	2	17	6.8
id-05743	7	10	13	5.8
id-05744	5	8	7	6.5
id-05745	2	4	1	6.5
id-05746	10	17	12	5.5
id-05747	8	14	12	5.1
id-05748	8	5	27	6.9
id-05749	8	6	28	5.3
id-05750	9	5	26	5.7
id-05751	1	2	6	6.3
id-05752	10	7	28	6.5
id-05753	4	7	2	6.4
id-05754	8	13	4	6.2
id-05755	2	2	23	5.5
id-05756	1	2	30	5.4
id-05757	5	4	11	6.7
id-05758	6	5	8	5.4
id-05759	3	3	8	5.3
id-05760	3	5	27	5.3
id-05761	2	3	11	6.7
id-05762	3	3	21	5.6
id-05763	4	3	2	5.3
id-05764	2	4	16	5.2
id-05765	4	7	23	5.2
id-05766	7	4	21	5.4
id-05767	3	6	5	5.9
id-05768	1	2	7	6.1
id-05769	5	3	19	7.0
id-05770	3	3	28	6.4
id-05771	9	3	14	6.4
id-05772	1	2	10	5.8
id-05773	3	6	29	6.6
id-05774	7	10	23	5.9
id-05775	2	2	6	6.9
id-05776	10	4	30	6.8
id-05777	2	2	22	5.2
id-05778	7	2	28	6.5
id-05779	10	10	29	5.5
id-05780	2	3	4	6.0
id-05781	10	15	23	6.2
id-05782	9	13	21	6.4
id-05783	4	7	6	6.8
id-05784	7	2	14	5.7
id-05785	4	3	15	5.4
id-05786	9	12	8	6.5
id-05787	7	6	30	5.4
id-05788	2	4	19	5.9
id-05789	6	2	19	5.5
id-05790	1	2	5	5.9
id-05791	2	2	2	6.2
id-05792	9	8	9	5.0
id-05793	3	5	9	6.5
id-05794	7	11	2	6.3
id-05795	7	14	29	6.2
id-05796	4	2	14	5.3
id-05797	10	2	18	5.3
id-05798	1	2	28	6.6
id-05799	5	5	12	5.0
id-05800	5	5	3	5.8
id-05801	3	6	14	5.0
id-05802	3	4	13	6.4
id-05803	6	8	15	6.9
id-05804	8	12	9	6.0
id-05805	7	14	22	5.5
id-05806	3	2	8	5.3
id-05807	5	4	28	5.8
id-05808	6	10	22	5.5
id-05809	6	6	9	6.5
id-05810	9	7	7	5.6
id-05811	7	6	22	6.4
id-05812	7	8	21	5.5
id-05813	6	4	12	5.4
id-05814	9	4	14	6.5
id-05815	8	2	3	6.8
id-05816	8	15	28	6.4
id-05817	5	8	30	6.9
id-05818	6	10	13	5.7
id-05819	9	12	8	5.6
id-05820	9	11	1	5.4
id-05821	9	12	28	7.0
id-05822	10	17	11	6.2
id-05823	10	20	20	6.0
id-05824	8	6	16	6.7
id-05825	2	4	24	6.7
id-05826	8	5	26	5.9
id-05827	3	5	10	6.0
id-05828	10	17	2	5.9
id-05829	6	12	21	6.7
id-05830	10	7	27	6.4
id-05831	2	3	21	6.8
id-05832	4	4	5	6.5
id-05833	1	2	27	6.0
id-05834	1	2	30	6.8
id-05835	3	5	28	6.0
id-05836	1	2	21	5.7
id-05837	1	2	16	5.5
id-05838	5	3	13	5.8
id-05839	7	10	25	6.8
id-05840	7	7	21	6.1
id-05841	9	16	30	5.3
id-05842	8	12	16	5.9
id-05843	9	11	19	5.3
id-05844	5	8	27	5.3
id-05845	10	17	10	5.2
id-05846	6	4	27	6.9
id-05847	7	7	7	5.3
id-05848	6	3	24	5.5
id-05849	1	2	18	6.1
id-05850	4	8	13	6.7
id-05851	1	2	29	5.8
id-05852	7	6	16	6.3
id-05853	8	2	12	6.4
id-05854	6	4	8	5.3
id-05855	1	2	13	6.6
id-05856	3	6	11	6.9
id-05857	7	7	12	6.3
id-05858	8	7	17	5.8
id-05859	6	3	16	6.3
id-05860	10	17	21	5.9
id-05861	8	6	23	6.1
id-05862	10	20	13	6.2
id-05863	1	2	26	5.2
id-05864	8	16	14	5.7
id-05865	1	2	10	5.4
id-05866	6	5	10	6.4
id-05867	1	2	26	6.1
id-05868	9	10	23	6.4
id-05869	10	14	20	5.6
id-05870	3	3	8	6.7
id-05871	1	2	5	6.8
id-05872	5	2	4	5.4
id-05873	10	7	12	6.4
id-05874	3	6	9	5.8
id-05875	1	2	19	5.5
id-05876	6	8	9	6.2
id-05877	2	2	3	6.1
id-05878	3	5	29	5.1
id-05879	1	2	21	6.7
id-05880	1	2	3	6.7
id-05881	10	14	4	5.5
id-05882	2	3	25	6.2
id-05883	2	2	22	5.3
id-05884	2	2	5	5.7
id-05885	7	14	28	5.2
id-05886	10	13	8	5.5
id-05887	9	11	13	5.1
id-05888	6	6	2	6.1
id-05889	2	4	9	5.4
id-05890	9	15	16	6.9
id-05891	5	8	30	6.2
id-05892	2	3	8	7.0
id-05893	7	6	25	5.0
id-05894	10	15	1	5.2
id-05895	1	2	22	5.5
id-05896	1	2	15	7.0
id-05897	4	5	24	6.9
id-05898	2	3	16	6.4
id-05899	3	4	27	5.7
id-05900	9	3	8	6.1
id-05901	6	5	17	5.9
id-05902	7	14	17	5.5
id-05903	2	4	28	5.2
id-05904	7	13	25	6.0
id-05905	9	4	2	6.1
id-05906	3	2	12	5.3
id-05907	5	8	16	7.0
id-05908	4	3	20	6.4
id-05909	7	13	30	6.3
id-05910	4	3	16	5.7
id-05911	9	11	5	7.0
id-05912	4	4	19	6.9
id-05913	9	15	21	5.2
id-05914	2	4	8	6.9
id-05915	3	3	18	6.4
id-05916	5	6	14	6.4
id-05917	5	4	24	6.8
id-05918	2	3	12	5.9
id-05919	5	8	30	5.3
id-05920	9	8	1	5.9
id-05921	3	4	15	5.8
id-05922	6	11	8	5.5
id-05923	4	7	9	6.1
id-05924	5	5	4	5.4
id-05925	7	2	28	6.1
id-05926	6	6	15	5.5
id-05927	9	7	23	6.1
id-05928	5	3	8	6.2
id-05929	7	4	8	5.8
id-05930	9	14	10	6.9
id-05931	10	15	23	6.1
id-05932	3	5	21	6.1
id-05933	5	3	30	6.1
id-05934	9	2	27	6.8
id-05935	10	4	10	5.1
id-05936	10	9	4	6.1
id-05937	1	2	16	5.8
id-05938	7	12	14	6.9
id-05939	8	3	1	6.9
id-05940	6	10	13	6.3
id-05941	7	3	10	5.5
id-05942	1	2	23	5.3
id-05943	5	10	1	6.7
id-05944	2	4	13	6.2
id-05945	1	2	16	5.3
id-05946	2	2	27	5.8
id-05947	10	16	12	6.1
id-05948	3	2	28	6.0
id-05949	5	4	7	5.3
id-05950	3	5	13	6.0
id-05951	10	8	7	6.0
id-05952	9	11	13	5.2
id-05953	5	8	16	5.9
id-05954	1	2	10	6.1
id-05955	5	8	12	6.0
id-05956	6	5	23	6.4
id-05957	3	5	7	5.8
id-05958	6	6	1	6.8
id-05959	4	2	18	5.2
id-05960	6	9	10	7.0
id-05961	6	3	27	6.9
id-05962	7	12	15	5.6
id-05963	10	16	19	6.9
id-05964	9	10	3	6.1
id-05965	4	7	29	6.2
id-05966	9	14	10	6.1
id-05967	2	2	17	6.2
id-05968	1	2	30	5.1
id-05969	1	2	22	5.3
id-05970	6	5	4	6.5
id-05971	4	3	23	6.2
id-05972	2	2	25	5.5
id-05973	10	18	15	6.9
id-05974	8	14	6	5.1
id-05975	6	2	10	5.3
id-05976	7	7	2	6.4
id-05977	8	15	27	5.6
id-05978	5	2	14	5.2
id-05979	9	18	24	6.1
id-05980	2	3	3	5.5
id-05981	6	8	29	6.1
id-05982	5	10	5	6.1
id-05983	8	3	26	6.8
id-05984	3	3	11	5.5
id-05985	10	12	11	6.3
id-05986	5	8	28	6.0
id-05987	9	13	18	7.0
id-05988	3	2	18	5.7
id-05989	9	15	16	5.3
id-05990	7	14	30	5.1
id-05991	4	6	19	6.7
id-05992	1	2	26	6.1
id-05993	7	13	6	6.3
id-05994	9	15	21	5.4
id-05995	4	7	20	6.7
id-05996	7	3	23	5.8
id-05997	5	10	22	5.1
id-05998	4	2	21	5.8
id-05999	1	2	28	6.3
id-06000	7	8	2	6.1
id-06001	4	4	29	6.7
id-06002	2	4	7	6.9
id-06003	3	3	26	5.3
id-06004	8	9	8	6.5
id-06005	6	6	4	6.0
id-06006	9	13	23	6.2
id-06007	3	5	7	5.9
id-06008	3	5	22	6.2
id-06009	1	2	18	5.8
id-06010	10	6	29	6.7
id-06011	7	14	8	5.9
id-06012	9	16	16	6.2
id-06013	10	14	24	5.3
id-06014	7	12	6	6.3
id-06015	2	2	3	5.3
id-06016	1	2	18	6.0
id-06017	8	8	7	6.4
id-06018	5	10	21	6.9
id-06019	6	9	20	5.4
id-06020	1	2	25	5.7
id-06021	5	7	12	7.0
id-06022	7	11	13	5.4
id-06023	9	10	17	6.0
id-06024	3	6	25	5.9
id-06025	5	9	19	5.9
id-06026	1	2	24	7.0
id-06027	8	13	2	5.5
id-06028	6	7	13	5.0
id-06029	8	8	27	6.3
id-06030	8	2	20	5.0
id-06031	4	5	9	5.9
id-06032	4	4	14	6.6
id-06033	9	8	11	6.9
id-06034	9	5	19	5.8
id-06035	3	3	7	5.6
id-06036	9	7	22	6.3
id-06037	7	14	2	6.2
id-06038	2	2	21	5.8
id-06039	1	2	21	5.7
id-06040	7	4	12	5.6
id-06041	2	4	12	6.8
id-06042	6	10	8	6.5
id-06043	8	15	26	5.0
id-06044	10	9	22	6.7
id-06045	8	11	19	6.1
id-06046	1	2	1	5.7
id-06047	6	3	11	6.4
id-06048	4	4	21	6.7
id-06049	6	6	3	6.4
id-06050	5	8	17	5.6
id-06051	9	15	3	5.5
id-06052	6	6	14	6.9
id-06053	5	10	17	6.1
id-06054	10	3	4	5.2
id-06055	3	4	14	5.2
id-06056	5	6	2	5.7
id-06057	6	7	15	6.2
id-06058	9	9	14	6.7
id-06059	10	2	1	5.6
id-06060	7	7	28	5.8
id-06061	1	2	28	5.8
id-06062	4	6	17	6.6
id-06063	5	8	15	6.4
id-06064	7	5	23	6.8
id-06065	5	2	5	6.5
id-06066	2	4	25	5.4
id-06067	3	6	13	6.6
id-06068	2	2	19	6.4
id-06069	2	3	30	5.7
id-06070	2	2	8	6.3
id-06071	8	13	5	6.8
id-06072	10	14	5	6.7
id-06073	5	5	20	5.0
id-06074	1	2	26	5.4
id-06075	2	4	12	6.2
id-06076	3	2	15	6.2
id-06077	6	7	2	6.1
id-06078	8	16	29	6.4
id-06079	7	10	20	6.1
id-06080	1	2	11	5.4
id-06081	4	4	12	6.1
id-06082	9	18	2	5.7
id-06083	10	16	27	5.3
id-06084	8	15	4	5.6
id-06085	9	6	13	5.2
id-06086	8	8	13	5.8
id-06087	5	10	30	6.0
id-06088	1	2	14	5.9
id-06089	5	5	29	5.9
id-06090	4	8	23	6.5
id-06091	5	6	28	5.6
id-06092	5	5	11	6.9
id-06093	4	7	13	6.3
id-06094	8	11	25	6.2
id-06095	3	2	19	6.3
id-06096	2	4	16	6.4
id-06097	10	15	9	5.7
id-06098	5	9	22	5.6
id-06099	1	2	14	6.9
id-06100	3	2	8	6.6
id-06101	1	2	9	6.3
id-06102	7	9	12	6.8
id-06103	3	4	17	6.0
id-06104	5	2	15	6.4
id-06105	7	6	18	5.6
id-06106	6	3	19	5.3
id-06107	10	15	17	6.4
id-06108	3	4	11	5.1
id-06109	2	2	5	5.8
id-06110	7	6	1	5.6
id-06111	9	5	24	6.9
id-06112	1	2	19	6.0
id-06113	7	6	19	6.9
id-06114	6	12	8	6.0
id-06115	2	3	12	6.6
id-06116	4	5	30	5.6
id-06117	8	10	16	5.3
id-06118	7	5	10	5.5
id-06119	6	5	30	5.7
id-06120	7	8	11	5.9
id-06121	1	2	29	5.8
id-06122	3	5	2	5.2
id-06123	5	8	7	6.0
id-06124	2	3	23	6.2
id-06125	3	4	25	5.9
id-06126	10	17	14	6.3
id-06127	2	2	26	6.8
id-06128	2	4	12	5.7
id-06129	9	18	15	5.8
id-06130	9	17	19	6.7
id-06131	6	12	9	6.3
id-06132	10	16	7	5.6
id-06133	3	2	11	6.9
id-06134	4	7	13	5.7
id-06135	1	2	16	6.3
id-06136	5	10	9	5.9
id-06137	8	7	26	5.5
id-06138	6	3	15	6.7
id-06139	5	2	30	5.5
id-06140	1	2	30	6.2
id-06141	2	3	1	6.5
id-06142	5	3	11	5.0
id-06143	4	2	2	5.2
id-06144	10	11	9	5.8
id-06145	2	3	29	6.3
id-06146	2	2	19	5.1
id-06147	6	8	6	7.0
id-06148	2	4	15	5.6
id-06149	5	9	19	6.0
id-06150	4	5	17	6.6
id-06151	6	9	19	5.1
id-06152	9	14	21	6.2
id-06153	4	7	25	6.8
id-06154	4	4	1	6.8
id-06155	8	12	28	5.6
id-06156	9	14	9	6.9
id-06157	5	6	23	6.5
id-06158	3	5	5	6.6
id-06159	1	2	10	5.3
id-06160	3	4	3	5.3
id-06161	7	10	27	6.0
id-06162	8	3	23	7.0
id-06163	5	3	12	5.3
id-06164	5	3	30	5.7
id-06165	4	6	6	5.9
id-06166	6	7	23	5.9
id-06167	4	4	28	5.7
id-06168	10	12	15	5.1
id-06169	7	10	13	6.5
id-06170	6	5	7	6.8
id-06171	2	3	6	6.2
id-06172	7	12	9	6.9
id-06173	4	6	1	5.4
id-06174	5	9	26	6.7
id-06175	6	3	26	6.1
id-06176	4	8	29	6.2
id-06177	1	2	9	6.3
id-06178	4	6	3	5.6
id-06179	10	18	13	6.5
id-06180	1	2	28	5.1
id-06181	4	8	10	6.4
id-06182	2	2	12	6.4
id-06183	3	6	19	5.8
id-06184	4	3	24	6.0
id-06185	9	7	11	6.1
id-06186	9	15	28	5.0
id-06187	2	2	12	6.7
id-06188	1	2	8	6.7
id-06189	10	15	29	6.5
id-06190	4	2	20	5.1
id-06191	3	4	10	5.1
id-06192	7	4	22	5.0
id-06193	3	2	29	5.6
id-06194	2	3	15	6.4
id-06195	8	2	5	5.2
id-06196	2	2	14	6.7
id-06197	5	3	13	5.2
id-06198	2	3	10	5.4
id-06199	7	3	24	5.3
id-06200	1	2	17	6.3
id-06201	2	4	3	5.6
id-06202	10	13	11	6.9
id-06203	7	13	12	6.6
id-06204	3	3	30	5.5
id-06205	5	7	5	7.0
id-06206	3	6	2	5.5
id-06207	3	5	2	5.5
id-06208	2	4	1	5.8
id-06209	5	6	7	5.5
id-06210	4	6	10	7.0
id-06211	3	2	28	5.4
id-06212	6	12	13	6.6
id-06213	8	8	20	5.5
id-06214	1	2	2	6.0
id-06215	10	2	11	6.6
id-06216	6	8	6	6.1
id-06217	5	10	7	5.3
id-06218	2	2	29	5.8
id-06219	6	11	4	6.4
id-06220	8	13	19	5.3
id-06221	3	3	3	5.3
id-06222	4	2	4	6.6
id-06223	5	10	13	5.2
id-06224	6	9	10	6.1
id-06225	6	12	30	6.0
id-06226	9	15	7	5.8
id-06227	7	6	26	5.4
id-06228	8	12	9	5.2
id-06229	4	8	9	5.7
id-06230	1	2	12	6.0
id-06231	3	5	5	5.6
id-06232	1	2	5	6.9
id-06233	2	4	1	6.8
id-06234	3	5	5	5.9
id-06235	4	5	15	6.8
id-06236	2	4	16	5.8
id-06237	3	5	16	6.2
id-06238	8	8	26	5.9
id-06239	3	2	6	5.7
id-06240	3	2	17	6.0
id-06241	3	6	22	5.9
id-06242	4	3	19	6.8
id-06243	9	10	20	5.6
id-06244	1	2	17	5.5
id-06245	8	13	18	6.8
id-06246	9	7	26	6.0
id-06247	5	9	6	6.1
id-06248	7	3	25	6.2
id-06249	1	2	23	5.8
id-06250	9	15	24	6.9
id-06251	6	3	19	5.1
id-06252	7	13	20	7.0
id-06253	1	2	7	5.3
id-06254	5	3	24	5.6
id-06255	3	3	15	6.4
id-06256	5	8	19	6.6
id-06257	8	9	6	5.8
id-06258	4	7	11	5.0
id-06259	9	4	15	5.1
id-06260	6	3	2	5.4
id-06261	8	3	29	5.5
id-06262	10	10	16	6.6
id-06263	1	2	1	5.1
id-06264	5	3	13	5.6
id-06265	2	3	22	5.1
id-06266	7	10	16	6.9
id-06267	3	2	18	6.5
id-06268	8	6	17	6.2
id-06269	6	5	22	5.5
id-06270	2	2	2	5.1
id-06271	7	14	23	5.8
id-06272	2	2	13	6.7
id-06273	3	6	24	6.1
id-06274	3	5	12	5.2
id-06275	10	7	16	5.0
id-06276	2	2	28	6.6
id-06277	1	2	27	6.5
id-06278	7	9	18	5.7
id-06279	9	6	18	6.5
id-06280	6	5	1	6.6
id-06281	2	3	10	5.6
id-06282	10	9	5	5.4
id-06283	1	2	10	5.6
id-06284	9	17	21	5.2
id-06285	5	2	29	5.8
id-06286	6	4	8	5.8
id-06287	6	12	23	5.2
id-06288	2	4	16	5.4
id-06289	5	8	5	6.3
id-06290	4	8	13	5.3
id-06291	2	3	14	5.8
id-06292	3	4	12	5.9
id-06293	8	2	15	6.9
id-06294	8	8	21	6.8
id-06295	10	12	21	6.3
id-06296	2	4	15	5.9
id-06297	4	7	11	6.1
id-06298	10	14	16	6.6
id-06299	3	6	24	6.9
id-06300	2	2	5	6.5
id-06301	8	14	2	6.1
id-06302	4	5	9	6.5
id-06303	8	12	18	7.0
id-06304	8	4	15	5.1
id-06305	10	5	25	6.4
id-06306	9	16	27	6.3
id-06307	1	2	10	5.1
id-06308	6	10	20	5.7
id-06309	4	8	9	5.6
id-06310	7	3	22	6.3
id-06311	3	4	9	5.8
id-06312	5	2	26	6.1
id-06313	7	10	29	6.9
id-06314	2	3	30	6.3
id-06315	1	2	2	6.2
id-06316	4	3	19	5.8
id-06317	9	4	12	5.1
id-06318	7	4	24	6.0
id-06319	8	16	1	6.3
id-06320	8	11	12	5.2
id-06321	9	11	9	6.3
id-06322	5	5	30	5.2
id-06323	6	5	12	5.3
id-06324	7	11	26	5.9
id-06325	10	2	5	5.4
id-06326	6	6	7	6.5
id-06327	8	15	15	5.2
id-06328	9	9	15	6.0
id-06329	6	11	22	5.1
id-06330	3	4	11	5.3
id-06331	4	5	1	6.4
id-06332	10	10	18	5.7
id-06333	5	8	18	5.9
id-06334	4	5	28	6.7
id-06335	9	2	27	6.5
id-06336	6	10	29	6.9
id-06337	2	4	3	6.0
id-06338	1	2	3	6.6
id-06339	1	2	24	6.5
id-06340	1	2	24	5.8
id-06341	3	4	11	6.8
id-06342	6	11	8	6.2
id-06343	7	11	25	6.0
id-06344	1	2	14	6.4
id-06345	6	8	14	5.6
id-06346	10	18	30	6.0
id-06347	7	6	17	6.1
id-06348	7	10	19	6.3
id-06349	10	14	3	5.4
id-06350	8	7	27	5.0
id-06351	1	2	4	5.5
id-06352	3	2	24	5.6
id-06353	9	15	27	6.3
id-06354	4	2	16	6.4
id-06355	3	4	21	6.2
id-06356	1	2	14	5.6
id-06357	2	2	6	6.4
id-06358	9	18	18	5.1
id-06359	5	4	15	5.6
id-06360	10	2	26	6.8
id-06361	10	20	12	5.0
id-06362	6	7	22	5.8
id-06363	2	3	11	5.4
id-06364	9	10	26	6.4
id-06365	2	4	21	6.6
id-06366	8	2	13	5.4
id-06367	4	3	5	5.8
id-06368	2	2	27	7.0
id-06369	10	10	7	5.5
id-06370	8	10	11	5.4
id-06371	10	7	14	5.1
id-06372	3	5	6	5.6
id-06373	3	2	14	5.1
id-06374	9	9	26	6.0
id-06375	7	2	9	5.1
id-06376	7	11	9	6.6
id-06377	6	9	6	6.0
id-06378	1	2	12	6.9
id-06379	10	7	17	5.4
id-06380	10	15	3	6.5
id-06381	8	4	23	6.5
id-06382	3	4	23	5.1
id-06383	7	6	5	5.9
id-06384	3	4	8	5.0
id-06385	3	6	3	5.3
id-06386	5	4	1	5.4
id-06387	9	2	21	5.4
id-06388	7	2	1	5.2
id-06389	5	10	7	5.1
id-06390	9	12	2	5.8
id-06391	8	9	2	6.6
id-06392	7	8	7	5.2
id-06393	7	2	26	6.3
id-06394	8	8	30	6.2
id-06395	2	3	28	6.8
id-06396	3	5	27	5.9
id-06397	5	3	18	5.1
id-06398	4	8	19	6.9
id-06399	8	10	21	6.2
id-06400	10	11	18	5.1
id-06401	6	5	3	6.2
id-06402	3	5	20	6.2
id-06403	10	6	10	6.2
id-06404	5	3	4	6.3
id-06405	4	8	24	6.5
id-06406	8	9	25	6.5
id-06407	10	11	26	5.7
id-06408	9	8	10	5.5
id-06409	2	2	15	6.5
id-06410	7	11	2	6.6
id-06411	4	8	27	5.9
id-06412	5	7	6	6.6
id-06413	1	2	5	5.3
id-06414	4	6	27	6.2
id-06415	2	2	4	5.3
id-06416	3	5	23	7.0
id-06417	5	2	29	5.5
id-06418	4	3	20	5.1
id-06419	8	12	20	6.8
id-06420	2	4	16	5.6
id-06421	9	17	2	5.6
id-06422	5	8	4	5.5
id-06423	10	11	17	5.3
id-06424	5	9	25	6.3
id-06425	3	5	20	5.4
id-06426	5	7	18	5.4
id-06427	8	9	27	5.8
id-06428	2	4	16	7.0
id-06429	8	9	22	7.0
id-06430	3	4	5	5.5
id-06431	7	8	28	5.9
id-06432	1	2	16	7.0
id-06433	1	2	24	6.9
id-06434	3	6	2	5.8
id-06435	9	18	14	6.8
id-06436	5	6	24	5.0
id-06437	5	10	28	6.1
id-06438	10	3	4	6.8
id-06439	9	18	19	5.3
id-06440	7	13	9	6.6
id-06441	6	4	1	5.4
id-06442	8	10	1	6.2
id-06443	9	6	25	5.4
id-06444	6	5	11	5.0
id-06445	8	15	27	6.8
id-06446	10	2	15	6.6
id-06447	2	4	3	6.2
id-06448	6	12	14	5.6
id-06449	6	12	17	6.2
id-06450	2	3	30	6.2
id-06451	1	2	7	5.3
id-06452	5	7	12	6.0
id-06453	3	5	7	5.0
id-06454	6	4	12	6.2
id-06455	5	8	21	6.2
id-06456	8	11	10	5.2
id-06457	9	15	4	5.7
id-06458	7	8	17	6.2
id-06459	6	3	7	6.4
id-06460	6	11	11	5.5
id-06461	9	12	27	6.1
id-06462	7	6	1	6.4
id-06463	2	3	14	6.0
id-06464	6	2	18	6.5
id-06465	9	6	25	5.2
id-06466	2	4	20	5.0
id-06467	4	4	8	5.8
id-06468	2	4	18	6.7
id-06469	9	7	14	6.1
id-06470	1	2	23	5.4
id-06471	10	4	25	5.5
id-06472	2	3	12	5.3
id-06473	9	7	2	6.9
id-06474	6	7	30	5.2
id-06475	7	5	20	6.6
id-06476	10	14	21	6.2
id-06477	7	2	10	5.6
id-06478	8	5	23	7.0
id-06479	4	5	7	5.6
id-06480	3	5	1	5.3
id-06481	7	12	24	5.7
id-06482	10	19	16	5.8
id-06483	4	3	29	5.8
id-06484	8	2	30	6.6
id-06485	3	2	14	7.0
id-06486	5	2	12	6.2
id-06487	7	2	10	6.7
id-06488	6	8	2	6.3
id-06489	6	6	5	6.4
id-06490	10	2	15	5.2
id-06491	3	4	2	5.3
id-06492	4	5	8	5.9
id-06493	8	9	15	5.1
id-06494	3	5	15	6.5
id-06495	8	12	12	6.7
id-06496	5	8	15	5.4
id-06497	7	8	20	6.4
id-06498	10	19	21	6.6
id-06499	5	7	14	5.6
id-06500	4	7	13	5.9
id-06501	9	2	15	5.2
id-06502	8	15	4	6.1
id-06503	6	11	10	5.6
id-06504	4	3	7	5.1
id-06505	1	2	17	5.8
id-06506	3	3	18	6.4
id-06507	3	4	7	5.5
id-06508	3	2	3	5.5
id-06509	10	9	27	6.6
id-06510	10	20	6	5.1
id-06511	9	9	10	5.9
id-06512	8	3	19	6.7
id-06513	1	2	22	6.7
id-06514	1	2	2	5.8
id-06515	6	8	14	5.8
id-06516	3	5	10	6.8
id-06517	4	2	25	5.7
id-06518	3	5	26	5.1
id-06519	10	2	25	6.7
id-06520	4	2	7	6.0
id-06521	9	12	4	5.5
id-06522	5	5	17	6.0
id-06523	2	3	15	6.0
id-06524	6	10	29	5.1
id-06525	8	14	2	6.2
id-06526	10	16	26	6.4
id-06527	5	10	16	6.3
id-06528	2	4	30	6.3
id-06529	10	6	22	6.2
id-06530	2	3	20	5.3
id-06531	3	4	24	5.4
id-06532	2	3	14	5.9
id-06533	2	2	11	6.1
id-06534	3	6	26	6.7
id-06535	1	2	20	6.3
id-06536	4	7	8	6.9
id-06537	3	5	12	7.0
id-06538	5	10	3	6.1
id-06539	5	10	19	6.3
id-06540	5	9	9	5.7
id-06541	10	14	16	6.4
id-06542	5	4	12	6.7
id-06543	6	5	21	6.7
id-06544	1	2	22	5.2
id-06545	6	2	16	6.1
id-06546	10	9	27	6.5
id-06547	3	4	23	5.4
id-06548	8	14	24	5.0
id-06549	4	6	19	5.5
id-06550	1	2	12	5.2
id-06551	3	3	1	5.0
id-06552	2	4	7	5.0
id-06553	1	2	22	5.9
id-06554	2	3	4	5.1
id-06555	8	2	14	6.3
id-06556	2	2	3	6.0
id-06557	3	6	6	5.8
id-06558	9	6	8	5.8
id-06559	8	10	15	6.9
id-06560	3	5	23	6.9
id-06561	8	10	22	6.3
id-06562	8	14	24	5.7
id-06563	5	8	24	5.9
id-06564	8	7	27	5.8
id-06565	8	2	14	6.0
id-06566	4	4	17	6.4
id-06567	6	5	29	5.2
id-06568	5	8	6	6.5
id-06569	2	4	15	7.0
id-06570	8	6	14	6.8
id-06571	5	9	5	5.7
id-06572	2	3	27	5.4
id-06573	2	4	13	6.4
id-06574	3	5	17	5.4
id-06575	10	2	8	5.0
id-06576	5	9	17	5.1
id-06577	2	3	14	5.2
id-06578	8	16	5	5.3
id-06579	2	3	25	5.4
id-06580	8	6	24	5.8
id-06581	3	2	11	6.0
id-06582	1	2	27	5.3
id-06583	9	14	19	5.7
id-06584	4	6	29	6.5
id-06585	9	10	1	6.9
id-06586	3	6	25	6.7
id-06587	2	3	7	5.5
id-06588	9	13	14	5.4
id-06589	10	7	14	5.1
id-06590	5	7	7	5.2
id-06591	7	12	4	5.1
id-06592	4	7	29	6.7
id-06593	7	14	3	6.1
id-06594	6	2	16	6.0
id-06595	2	3	23	5.1
id-06596	5	4	22	6.7
id-06597	3	3	16	5.1
id-06598	3	4	19	5.9
id-06599	5	8	7	5.9
id-06600	1	2	16	5.8
id-06601	8	3	10	6.0
id-06602	4	7	4	6.6
id-06603	2	3	20	5.3
id-06604	6	6	14	6.6
id-06605	10	11	11	6.2
id-06606	1	2	25	5.3
id-06607	2	4	17	6.8
id-06608	4	8	30	6.6
id-06609	6	12	22	6.7
id-06610	3	6	24	6.4
id-06611	2	3	28	5.5
id-06612	9	17	14	6.2
id-06613	4	3	27	6.9
id-06614	7	13	10	6.9
id-06615	3	6	9	6.9
id-06616	3	4	18	5.8
id-06617	10	4	26	6.3
id-06618	3	4	5	6.2
id-06619	1	2	24	6.2
id-06620	9	15	4	6.6
id-06621	8	7	30	5.7
id-06622	7	12	4	5.1
id-06623	3	3	24	5.6
id-06624	2	3	15	5.7
id-06625	9	7	14	5.8
id-06626	5	4	8	6.7
id-06627	3	3	11	6.6
id-06628	3	5	21	6.7
id-06629	6	12	9	5.9
id-06630	5	8	26	6.6
id-06631	10	8	11	5.7
id-06632	2	4	4	6.6
id-06633	2	4	1	6.1
id-06634	8	3	24	6.8
id-06635	3	6	7	6.9
id-06636	10	8	21	5.9
id-06637	10	10	30	7.0
id-06638	5	8	23	5.1
id-06639	10	5	15	5.6
id-06640	3	4	11	6.3
id-06641	6	8	28	6.5
id-06642	5	7	27	5.6
id-06643	5	9	11	5.1
id-06644	4	8	28	6.0
id-06645	5	8	26	5.6
id-06646	4	5	11	6.8
id-06647	10	19	30	6.1
id-06648	8	6	8	5.8
id-06649	7	14	20	5.2
id-06650	1	2	28	5.2
id-06651	9	17	3	5.5
id-06652	6	9	29	6.2
id-06653	4	7	21	5.5
id-06654	8	11	13	6.8
id-06655	2	3	21	5.6
id-06656	10	19	3	6.4
id-06657	4	6	10	6.4
id-06658	9	17	7	6.9
id-06659	4	7	27	5.1
id-06660	6	11	27	5.8
id-06661	2	4	21	6.8
id-06662	10	11	6	5.4
id-06663	4	8	12	6.1
id-06664	10	20	8	5.0
id-06665	6	3	7	5.8
id-06666	4	2	20	5.9
id-06667	4	3	22	5.4
id-06668	10	7	24	7.0
id-06669	5	3	5	5.0
id-06670	3	6	10	6.1
id-06671	5	6	28	5.1
id-06672	3	2	30	5.4
id-06673	9	7	19	5.1
id-06674	5	9	5	5.9
id-06675	4	8	17	6.8
id-06676	1	2	10	6.2
id-06677	9	7	1	6.4
id-06678	6	7	23	5.5
id-06679	7	10	28	6.0
id-06680	1	2	16	6.3
id-06681	5	10	30	6.7
id-06682	7	7	11	6.0
id-06683	10	8	29	6.9
id-06684	5	3	1	6.0
id-06685	3	4	14	5.8
id-06686	9	11	25	6.0
id-06687	9	13	11	5.6
id-06688	1	2	3	5.9
id-06689	9	18	6	6.6
id-06690	7	5	16	5.2
id-06691	4	3	10	6.2
id-06692	9	14	5	5.9
id-06693	2	4	27	6.3
id-06694	10	15	5	6.5
id-06695	6	2	13	5.1
id-06696	1	2	22	6.4
id-06697	2	3	29	6.2
id-06698	5	8	18	5.8
id-06699	4	2	29	6.8
id-06700	1	2	16	6.7
id-06701	3	4	3	6.2
id-06702	7	9	3	6.9
id-06703	9	14	26	6.1
id-06704	4	7	30	6.7
id-06705	3	2	10	6.8
id-06706	3	5	20	5.9
id-06707	2	4	9	5.9
id-06708	8	13	10	6.0
id-06709	4	4	18	6.8
id-06710	7	5	5	6.1
id-06711	2	3	17	5.7
id-06712	6	3	29	5.7
id-06713	9	16	16	6.5
id-06714	3	4	5	6.4
id-06715	4	2	27	6.1
id-06716	5	7	22	5.5
id-06717	9	4	9	5.6
id-06718	3	4	28	6.7
id-06719	9	9	25	6.9
id-06720	8	12	28	6.9
id-06721	5	5	23	5.1
id-06722	1	2	8	5.6
id-06723	10	17	7	5.7
id-06724	5	7	7	5.0
id-06725	5	3	29	6.8
id-06726	4	7	2	6.5
id-06727	8	11	13	5.4
id-06728	1	2	16	5.2
id-06729	5	2	22	5.6
id-06730	7	5	22	6.7
id-06731	7	9	25	5.7
id-06732	5	4	12	6.5
id-06733	1	2	6	5.3
id-06734	4	5	10	5.9
id-06735	1	2	27	5.5
id-06736	6	10	12	6.7
id-06737	6	7	11	6.6
id-06738	4	7	6	5.3
id-06739	9	12	2	6.8
id-06740	9	9	22	6.4
id-06741	2	3	13	5.2
id-06742	3	2	20	7.0
id-06743	9	3	12	5.5
id-06744	8	16	18	6.3
id-06745	6	10	4	5.7
id-06746	4	4	18	5.9
id-06747	3	4	25	5.1
id-06748	9	3	29	5.4
id-06749	7	2	16	6.1
id-06750	7	12	4	5.8
id-06751	4	4	27	6.7
id-06752	4	6	3	6.2
id-06753	3	2	25	5.0
id-06754	5	4	16	5.3
id-06755	4	7	11	5.3
id-06756	7	11	10	5.2
id-06757	8	8	18	6.3
id-06758	7	14	15	5.7
id-06759	8	12	20	6.3
id-06760	7	2	18	6.0
id-06761	2	2	24	6.6
id-06762	2	3	16	5.7
id-06763	4	7	4	6.6
id-06764	2	4	27	5.3
id-06765	5	6	16	6.5
id-06766	5	6	28	5.5
id-06767	7	13	19	6.4
id-06768	6	5	18	5.3
id-06769	10	5	19	6.6
id-06770	1	2	1	6.5
id-06771	6	8	7	6.6
id-06772	1	2	7	6.7
id-06773	7	5	4	5.7
id-06774	3	6	19	5.7
id-06775	10	19	22	6.6
id-06776	1	2	6	6.8
id-06777	10	12	4	5.4
id-06778	1	2	3	5.8
id-06779	10	15	4	5.1
id-06780	3	3	1	6.0
id-06781	1	2	26	5.8
id-06782	7	2	17	6.8
id-06783	8	10	19	6.6
id-06784	10	8	12	6.9
id-06785	8	12	19	6.3
id-06786	7	5	6	5.7
id-06787	4	7	5	5.4
id-06788	3	2	19	5.7
id-06789	9	5	18	5.5
id-06790	10	12	26	6.2
id-06791	3	6	4	6.8
id-06792	10	13	10	5.4
id-06793	2	2	15	6.2
id-06794	5	9	29	6.3
id-06795	7	14	25	5.6
id-06796	7	3	10	6.2
id-06797	9	15	6	6.7
id-06798	6	2	18	6.5
id-06799	4	5	7	5.5
id-06800	6	5	7	5.8
id-06801	5	6	14	6.7
id-06802	3	3	18	6.6
id-06803	4	6	17	6.0
id-06804	6	8	9	6.4
id-06805	4	7	20	5.9
id-06806	6	7	18	5.9
id-06807	10	11	13	5.9
id-06808	2	4	28	5.3
id-06809	5	3	28	5.0
id-06810	6	7	10	5.9
id-06811	4	7	15	6.7
id-06812	3	6	7	6.9
id-06813	3	2	4	5.6
id-06814	5	6	7	6.4
id-06815	7	10	11	6.4
id-06816	9	14	22	6.6
id-06817	4	6	16	5.5
id-06818	7	7	17	5.3
id-06819	6	9	7	6.6
id-06820	6	4	24	5.5
id-06821	4	6	17	6.9
id-06822	3	2	12	5.9
id-06823	8	14	10	6.3
id-06824	8	16	12	6.3
id-06825	1	2	22	5.5
id-06826	4	6	25	6.2
id-06827	3	6	24	5.7
id-06828	9	7	16	6.0
id-06829	3	4	10	6.1
id-06830	3	4	24	5.8
id-06831	8	12	14	5.4
id-06832	6	2	3	5.3
id-06833	8	12	5	6.0
id-06834	3	2	2	6.1
id-06835	9	4	2	5.6
id-06836	5	3	28	7.0
id-06837	6	10	25	5.3
id-06838	6	9	15	6.8
id-06839	7	11	17	5.2
id-06840	7	4	12	5.3
id-06841	3	5	22	5.0
id-06842	4	3	28	5.8
id-06843	10	9	13	5.7
id-06844	4	4	13	5.5
id-06845	6	8	11	6.1
id-06846	1	2	9	6.2
id-06847	1	2	3	6.6
id-06848	5	7	4	5.2
id-06849	8	2	29	5.1
id-06850	10	20	23	6.9
id-06851	4	6	13	6.4
id-06852	3	4	3	6.8
id-06853	7	6	10	5.0
id-06854	3	6	12	5.8
id-06855	5	5	3	5.6
id-06856	3	3	1	5.2
id-06857	3	3	11	5.2
id-06858	5	3	23	5.1
id-06859	1	2	29	5.1
id-06860	9	4	2	6.0
id-06861	4	6	6	6.7
id-06862	1	2	26	6.9
id-06863	8	13	5	5.6
id-06864	3	4	19	6.9
id-06865	9	7	26	5.2
id-06866	6	10	2	6.6
id-06867	3	6	16	6.7
id-06868	10	7	3	5.4
id-06869	3	4	19	5.6
id-06870	6	9	30	6.5
id-06871	2	3	27	5.6
id-06872	4	7	16	5.9
id-06873	10	11	12	6.3
id-06874	3	3	26	6.2
id-06875	9	6	29	6.8
id-06876	7	5	25	6.6
id-06877	1	2	20	7.0
id-06878	10	18	2	6.4
id-06879	8	15	18	6.2
id-06880	9	9	7	6.4
id-06881	7	3	21	6.3
id-06882	4	4	27	6.4
id-06883	3	2	5	6.1
id-06884	9	7	10	5.5
id-06885	9	13	30	5.7
id-06886	2	3	21	6.7
id-06887	7	5	24	5.3
id-06888	2	2	15	5.9
id-06889	2	3	15	6.6
id-06890	1	2	28	6.9
id-06891	3	5	18	5.3
id-06892	10	16	23	5.5
id-06893	10	14	24	5.9
id-06894	5	3	18	5.3
id-06895	6	8	24	5.1
id-06896	3	4	3	6.8
id-06897	2	4	6	6.7
id-06898	8	6	7	5.3
id-06899	8	7	5	5.6
id-06900	4	8	13	5.8
id-06901	3	3	10	6.6
id-06902	7	6	30	5.3
id-06903	1	2	13	6.8
id-06904	3	3	24	6.4
id-06905	5	3	20	5.9
id-06906	1	2	21	5.6
id-06907	9	11	3	5.3
id-06908	2	2	30	5.3
id-06909	6	10	2	6.3
id-06910	2	4	9	6.2
id-06911	1	2	24	5.2
id-06912	9	10	25	5.2
id-06913	3	6	14	6.2
id-06914	3	5	15	5.1
id-06915	7	11	15	5.5
id-06916	3	6	3	5.7
id-06917	5	6	6	5.9
id-06918	3	4	22	5.6
id-06919	1	2	24	6.9
id-06920	4	8	27	6.2
id-06921	4	7	16	5.5
id-06922	6	11	27	6.5
id-06923	4	6	25	6.2
id-06924	5	7	8	5.7
id-06925	2	2	20	6.4
id-06926	4	3	29	6.1
id-06927	10	3	19	6.7
id-06928	4	2	3	5.7
id-06929	8	9	21	5.3
id-06930	7	8	27	6.0
id-06931	2	4	8	6.1
id-06932	5	6	4	5.6
id-06933	2	4	8	6.9
id-06934	8	6	22	6.1
id-06935	8	7	8	6.8
id-06936	9	14	18	6.4
id-06937	4	6	6	6.2
id-06938	1	2	2	6.5
id-06939	8	8	5	6.9
id-06940	9	3	12	5.6
id-06941	5	4	18	6.3
id-06942	6	3	17	6.0
id-06943	4	8	6	5.2
id-06944	9	10	17	6.6
id-06945	2	2	6	5.4
id-06946	5	4	5	5.1
id-06947	7	6	2	6.1
id-06948	3	3	5	6.5
id-06949	10	7	12	5.6
id-06950	5	2	19	5.7
id-06951	6	2	25	6.7
id-06952	7	6	25	6.8
id-06953	9	11	18	6.6
id-06954	3	5	7	5.2
id-06955	5	10	20	5.6
id-06956	6	4	11	5.7
id-06957	4	8	23	5.6
id-06958	5	9	25	5.2
id-06959	3	4	11	5.1
id-06960	1	2	10	5.2
id-06961	2	2	12	5.1
id-06962	9	8	13	6.0
id-06963	10	18	25	5.8
id-06964	4	6	14	6.3
id-06965	6	5	4	6.5
id-06966	4	4	29	5.2
id-06967	4	6	29	6.3
id-06968	7	4	17	6.3
id-06969	3	2	10	6.6
id-06970	6	4	28	6.4
id-06971	9	10	30	5.9
id-06972	9	11	6	5.3
id-06973	10	7	1	6.8
id-06974	2	2	20	5.5
id-06975	8	8	6	5.4
id-06976	4	7	10	5.6
id-06977	3	5	4	7.0
id-06978	6	7	21	6.3
id-06979	2	2	26	5.9
id-06980	4	8	8	6.0
id-06981	7	8	17	6.0
id-06982	3	6	28	5.7
id-06983	2	4	1	5.2
id-06984	9	17	18	5.5
id-06985	4	8	21	6.3
id-06986	10	12	13	6.2
id-06987	5	9	26	5.9
id-06988	9	4	22	6.6
id-06989	7	9	4	6.3
id-06990	1	2	6	5.8
id-06991	10	7	27	6.4
id-06992	8	7	6	6.6
id-06993	10	7	20	5.7
id-06994	9	17	25	6.5
id-06995	1	2	1	6.1
id-06996	7	4	19	5.9
id-06997	4	3	26	6.5
id-06998	9	4	3	5.0
id-06999	1	2	12	6.1
id-07000	2	3	21	6.6
id-07001	2	2	13	6.6
id-07002	10	12	12	5.3
id-07003	3	2	12	6.7
id-07004	6	2	9	5.4
id-07005	9	10	7	6.7
id-07006	1	2	18	6.6
id-07007	1	2	9	5.7
id-07008	7	14	24	5.5
id-07009	9	11	8	5.2
id-07010	6	10	14	5.5
id-07011	8	5	16	6.6
id-07012	10	7	24	6.8
id-07013	4	3	22	6.6
id-07014	9	15	13	5.8
id-07015	4	3	16	5.6
id-07016	4	7	9	6.6
id-07017	10	12	25	6.7
id-07018	5	9	18	5.4
id-07019	9	7	20	6.6
id-07020	5	5	23	5.7
id-07021	5	10	27	5.5
id-07022	10	2	19	5.4
id-07023	4	4	26	5.5
id-07024	6	3	30	6.9
id-07025	1	2	13	6.3
id-07026	10	11	4	6.6
id-07027	5	5	27	6.3
id-07028	7	8	13	6.7
id-07029	5	6	9	6.9
id-07030	6	3	7	5.0
id-07031	8	5	15	5.6
id-07032	9	18	17	6.5
id-07033	10	12	1	6.0
id-07034	3	6	20	6.3
id-07035	3	6	23	6.7
id-07036	1	2	14	6.2
id-07037	8	4	24	6.7
id-07038	5	5	30	5.7
id-07039	9	6	14	5.9
id-07040	3	4	3	6.1
id-07041	7	2	30	6.4
id-07042	9	5	17	5.7
id-07043	4	7	7	6.2
id-07044	8	9	14	7.0
id-07045	3	4	25	5.4
id-07046	4	5	12	6.8
id-07047	7	10	23	6.0
id-07048	8	4	30	6.6
id-07049	3	2	9	5.2
id-07050	9	9	6	6.2
id-07051	2	2	11	6.9
id-07052	7	10	24	5.4
id-07053	7	10	24	5.7
id-07054	8	9	23	6.0
id-07055	1	2	21	6.1
id-07056	9	10	5	5.2
id-07057	7	8	1	6.2
id-07058	6	6	13	6.2
id-07059	3	2	17	6.2
id-07060	3	5	25	6.5
id-07061	6	7	26	6.6
id-07062	4	7	6	5.4
id-07063	4	5	21	6.9
id-07064	1	2	27	6.7
id-07065	2	4	25	5.4
id-07066	6	9	22	6.0
id-07067	1	2	23	6.8
id-07068	7	3	24	6.9
id-07069	2	2	24	6.2
id-07070	2	3	9	6.2
id-07071	1	2	23	5.7
id-07072	9	6	11	6.0
id-07073	1	2	24	6.4
id-07074	8	5	21	6.9
id-07075	6	10	14	6.8
id-07076	2	2	12	5.0
id-07077	7	13	25	6.4
id-07078	3	3	26	6.7
id-07079	9	14	23	5.3
id-07080	4	6	27	5.2
id-07081	1	2	4	6.3
id-07082	3	5	1	5.0
id-07083	6	7	7	7.0
id-07084	4	8	16	5.8
id-07085	8	11	17	6.0
id-07086	5	6	14	6.1
id-07087	2	3	6	5.2
id-07088	6	6	2	6.8
id-07089	10	6	4	5.1
id-07090	10	13	29	5.8
id-07091	4	8	10	6.2
id-07092	2	4	16	6.5
id-07093	6	12	26	5.7
id-07094	2	4	12	6.2
id-07095	2	2	21	5.7
id-07096	5	3	3	6.6
id-07097	3	5	22	6.9
id-07098	6	4	16	6.7
id-07099	5	2	3	5.5
id-07100	1	2	8	6.6
id-07101	3	3	11	6.8
id-07102	8	7	21	6.9
id-07103	8	7	18	5.2
id-07104	5	8	27	5.1
id-07105	3	5	14	5.4
id-07106	8	10	22	6.2
id-07107	8	7	17	6.1
id-07108	9	11	8	5.1
id-07109	10	11	26	5.5
id-07110	10	12	7	5.6
id-07111	1	2	24	5.8
id-07112	9	8	19	5.3
id-07113	5	8	5	6.1
id-07114	7	11	8	6.8
id-07115	9	11	24	5.4
id-07116	4	6	29	6.6
id-07117	10	8	26	7.0
id-07118	2	4	20	5.0
id-07119	9	2	16	5.9
id-07120	5	4	7	6.2
id-07121	3	3	24	6.7
id-07122	9	18	11	5.5
id-07123	4	2	30	6.8
id-07124	5	3	2	5.2
id-07125	1	2	25	6.1
id-07126	2	3	18	6.6
id-07127	10	8	20	6.9
id-07128	2	3	30	6.1
id-07129	5	6	1	6.1
id-07130	4	5	27	5.5
id-07131	5	3	16	6.2
id-07132	9	3	4	6.7
id-07133	1	2	9	6.2
id-07134	10	6	13	5.8
id-07135	8	7	23	5.8
id-07136	1	2	27	5.3
id-07137	3	6	13	5.2
id-07138	7	10	11	6.8
id-07139	9	5	14	5.5
id-07140	4	4	24	6.6
id-07141	6	8	16	5.2
id-07142	3	6	10	6.9
id-07143	8	7	26	6.2
id-07144	3	6	18	6.1
id-07145	3	3	3	5.8
id-07146	2	2	5	5.6
id-07147	6	4	27	5.6
id-07148	7	6	8	5.3
id-07149	3	5	17	6.1
id-07150	6	8	26	6.7
id-07151	6	8	12	5.6
id-07152	10	18	16	5.9
id-07153	8	16	8	6.7
id-07154	3	2	26	6.3
id-07155	7	10	3	6.5
id-07156	3	6	9	6.4
id-07157	10	16	5	5.7
id-07158	10	17	23	6.2
id-07159	9	9	4	5.9
id-07160	4	3	14	6.9
id-07161	1	2	9	6.0
id-07162	8	11	21	6.3
id-07163	6	11	26	5.5
id-07164	10	8	8	5.1
id-07165	1	2	8	6.6
id-07166	5	10	2	6.7
id-07167	7	10	27	5.9
id-07168	6	6	18	5.3
id-07169	5	2	18	5.5
id-07170	4	4	17	6.7
id-07171	2	4	6	5.4
id-07172	6	2	1	5.5
id-07173	1	2	28	6.6
id-07174	1	2	11	5.8
id-07175	4	5	10	6.1
id-07176	9	3	4	5.5
id-07177	4	6	5	5.3
id-07178	7	9	23	5.6
id-07179	10	10	26	6.7
id-07180	6	2	21	6.4
id-07181	8	8	27	5.5
id-07182	7	4	25	5.2
id-07183	1	2	13	5.8
id-07184	8	7	21	6.5
id-07185	8	11	20	5.2
id-07186	1	2	20	6.7
id-07187	8	12	16	6.7
id-07188	7	13	27	6.4
id-07189	9	4	17	6.6
id-07190	8	8	6	5.7
id-07191	5	5	3	5.8
id-07192	10	16	25	5.2
id-07193	1	2	27	7.0
id-07194	8	5	3	6.2
id-07195	3	6	12	5.9
id-07196	1	2	14	6.3
id-07197	8	7	24	5.9
id-07198	6	5	8	5.4
id-07199	6	2	17	6.0
id-07200	10	8	26	6.5
id-07201	9	8	11	6.7
id-07202	8	2	19	6.4
id-07203	4	5	17	6.8
id-07204	1	2	21	6.9
id-07205	4	7	7	6.9
id-07206	2	2	19	5.1
id-07207	1	2	4	5.2
id-07208	7	13	12	5.3
id-07209	9	5	4	7.0
id-07210	8	7	6	7.0
id-07211	7	2	17	6.8
id-07212	6	11	10	5.7
id-07213	3	2	27	5.4
id-07214	6	3	25	5.3
id-07215	1	2	10	6.5
id-07216	1	2	15	5.1
id-07217	8	12	23	5.2
id-07218	4	5	30	5.9
id-07219	1	2	20	6.9
id-07220	10	8	15	5.9
id-07221	8	12	24	6.8
id-07222	7	13	24	5.9
id-07223	3	4	21	7.0
id-07224	9	14	11	6.3
id-07225	7	2	23	5.2
id-07226	5	7	27	6.7
id-07227	5	8	21	6.0
id-07228	9	6	20	5.5
id-07229	10	19	3	5.4
id-07230	10	4	21	5.1
id-07231	4	6	7	5.3
id-07232	5	7	30	6.0
id-07233	1	2	11	6.4
id-07234	10	6	28	6.8
id-07235	2	4	21	5.6
id-07236	8	13	29	5.6
id-07237	9	3	23	6.4
id-07238	10	11	7	6.2
id-07239	8	14	3	5.8
id-07240	1	2	14	6.4
id-07241	4	3	1	5.8
id-07242	4	7	23	5.4
id-07243	8	9	27	6.0
id-07244	3	3	8	6.7
id-07245	4	4	21	6.8
id-07246	1	2	24	5.6
id-07247	7	5	23	5.2
id-07248	10	17	21	6.4
id-07249	8	13	30	5.3
id-07250	1	2	21	6.4
id-07251	10	20	9	6.6
id-07252	9	5	25	5.3
id-07253	10	17	25	6.9
id-07254	5	10	18	6.5
id-07255	8	8	16	5.5
id-07256	3	5	27	5.3
id-07257	6	2	8	6.7
id-07258	10	8	11	6.6
id-07259	3	3	13	6.8
id-07260	3	4	3	6.2
id-07261	1	2	26	6.5
id-07262	7	8	28	6.1
id-07263	3	4	26	5.8
id-07264	3	5	29	5.7
id-07265	3	3	18	5.5
id-07266	9	4	25	6.5
id-07267	5	9	13	5.1
id-07268	5	5	7	6.2
id-07269	8	9	12	6.3
id-07270	7	6	25	6.0
id-07271	2	3	22	6.1
id-07272	4	4	8	6.3
id-07273	6	6	28	5.1
id-07274	9	14	14	6.2
id-07275	1	2	9	6.3
id-07276	6	11	29	5.9
id-07277	10	6	15	5.1
id-07278	8	8	3	5.4
id-07279	3	5	19	5.4
id-07280	2	3	16	5.5
id-07281	1	2	1	6.4
id-07282	4	8	12	5.5
id-07283	2	3	11	5.1
id-07284	9	16	12	6.1
id-07285	7	9	10	6.6
id-07286	4	7	24	5.6
id-07287	4	8	7	5.9
id-07288	3	2	4	5.3
id-07289	10	16	21	5.8
id-07290	6	8	20	5.2
id-07291	5	5	15	5.5
id-07292	10	6	10	6.5
id-07293	2	2	18	6.6
id-07294	10	16	12	5.8
id-07295	1	2	16	6.6
id-07296	4	5	9	6.0
id-07297	9	2	28	6.3
id-07298	10	8	28	6.9
id-07299	2	4	10	5.2
id-07300	10	20	17	5.7
id-07301	1	2	20	6.6
id-07302	6	8	17	6.6
id-07303	10	6	23	6.1
id-07304	4	4	5	6.1
id-07305	6	3	16	5.5
id-07306	7	9	2	5.9
id-07307	4	2	7	5.1
id-07308	7	6	20	5.2
id-07309	10	2	12	6.4
id-07310	10	15	24	6.1
id-07311	6	2	28	6.9
id-07312	8	15	5	6.4
id-07313	2	3	19	5.8
id-07314	1	2	18	6.3
id-07315	2	2	2	5.5
id-07316	3	2	6	6.6
id-07317	3	6	3	5.5
id-07318	3	4	6	5.3
id-07319	4	4	12	5.6
id-07320	5	5	9	5.0
id-07321	1	2	11	5.0
id-07322	5	5	25	5.1
id-07323	10	14	15	6.5
id-07324	9	15	2	7.0
id-07325	7	14	29	5.1
id-07326	2	3	20	6.9
id-07327	4	6	28	6.6
id-07328	10	9	6	5.7
id-07329	7	13	13	6.1
id-07330	1	2	6	6.3
id-07331	3	6	7	6.7
id-07332	3	2	18	5.4
id-07333	7	7	25	5.8
id-07334	3	4	12	6.4
id-07335	4	5	24	6.4
id-07336	2	4	2	5.0
id-07337	2	3	2	5.6
id-07338	10	13	4	6.7
id-07339	8	15	26	5.4
id-07340	8	2	1	6.0
id-07341	5	3	24	6.5
id-07342	4	4	23	5.9
id-07343	8	10	9	6.7
id-07344	1	2	8	6.9
id-07345	9	15	10	6.3
id-07346	1	2	5	6.8
id-07347	4	4	30	5.9
id-07348	3	4	25	5.1
id-07349	4	6	11	6.4
id-07350	4	8	17	5.4
id-07351	6	5	14	6.6
id-07352	7	3	12	6.8
id-07353	9	15	13	5.4
id-07354	5	4	8	5.6
id-07355	10	6	24	6.7
id-07356	4	6	8	5.9
id-07357	10	3	6	6.5
id-07358	5	4	13	5.2
id-07359	6	11	25	5.2
id-07360	3	5	24	6.8
id-07361	2	3	7	5.8
id-07362	7	6	12	6.8
id-07363	1	2	4	5.8
id-07364	2	3	5	5.2
id-07365	10	10	15	6.9
id-07366	4	4	10	5.5
id-07367	4	3	6	6.8
id-07368	7	5	12	5.3
id-07369	10	7	10	6.6
id-07370	4	5	24	6.2
id-07371	1	2	24	6.4
id-07372	2	4	27	6.8
id-07373	4	3	16	6.7
id-07374	10	19	19	6.9
id-07375	3	2	14	6.1
id-07376	4	3	30	6.3
id-07377	7	11	13	5.6
id-07378	4	5	11	6.4
id-07379	9	14	9	6.9
id-07380	2	4	9	5.4
id-07381	3	5	21	6.8
id-07382	8	4	5	6.6
id-07383	1	2	10	5.1
id-07384	2	2	1	5.6
id-07385	10	8	5	5.7
id-07386	10	20	1	6.7
id-07387	8	12	29	6.0
id-07388	10	5	22	5.8
id-07389	10	4	29	6.5
id-07390	7	10	14	6.7
id-07391	7	9	23	6.9
id-07392	7	13	12	5.7
id-07393	5	8	4	6.1
id-07394	10	4	30	5.1
id-07395	1	2	5	5.6
id-07396	2	3	10	5.7
id-07397	9	3	10	6.6
id-07398	1	2	7	6.6
id-07399	2	4	9	6.4
id-07400	3	5	18	6.7
id-07401	4	3	27	6.6
id-07402	1	2	1	6.3
id-07403	3	2	6	6.6
id-07404	4	7	30	5.7
id-07405	7	7	7	5.5
id-07406	2	4	22	5.2
id-07407	6	8	6	5.8
id-07408	6	8	4	5.2
id-07409	10	18	7	5.5
id-07410	10	17	15	7.0
id-07411	4	8	11	6.3
id-07412	8	13	15	5.4
id-07413	10	10	4	5.0
id-07414	6	7	21	6.3
id-07415	6	4	18	6.1
id-07416	10	8	24	6.6
id-07417	7	6	5	6.7
id-07418	4	8	10	7.0
id-07419	5	8	9	6.7
id-07420	9	17	12	6.3
id-07421	2	4	1	5.2
id-07422	6	8	4	5.3
id-07423	9	6	14	5.9
id-07424	7	7	22	6.1
id-07425	7	10	28	5.1
id-07426	8	9	14	5.3
id-07427	3	6	1	7.0
id-07428	2	4	15	7.0
id-07429	3	5	30	5.5
id-07430	8	6	8	5.4
id-07431	4	2	22	5.5
id-07432	6	8	8	5.2
id-07433	2	2	2	6.1
id-07434	1	2	2	5.1
id-07435	2	4	27	5.7
id-07436	5	9	22	5.9
id-07437	3	2	8	6.5
id-07438	6	10	16	5.6
id-07439	9	4	14	6.7
id-07440	7	7	16	6.8
id-07441	6	12	26	5.1
id-07442	6	5	9	6.4
id-07443	7	13	21	5.9
id-07444	3	4	15	6.1
id-07445	4	3	7	6.9
id-07446	8	9	30	5.3
id-07447	2	2	14	6.4
id-07448	2	2	15	5.3
id-07449	7	13	30	6.4
id-07450	3	2	30	6.6
id-07451	1	2	15	5.4
id-07452	6	3	25	6.0
id-07453	4	8	7	5.9
id-07454	8	15	8	6.4
id-07455	2	2	14	6.6
id-07456	1	2	4	7.0
id-07457	5	10	18	5.4
id-07458	8	4	29	5.7
id-07459	5	5	22	6.0
id-07460	1	2	11	6.1
id-07461	3	4	25	5.2
id-07462	5	8	20	6.7
id-07463	4	7	29	6.1
id-07464	5	2	6	6.8
id-07465	1	2	26	6.4
id-07466	1	2	13	6.8
id-07467	9	14	29	5.7
id-07468	10	13	9	5.6
id-07469	7	4	11	6.3
id-07470	2	2	28	6.7
id-07471	5	6	21	5.8
id-07472	9	11	28	5.7
id-07473	4	2	8	5.0
id-07474	2	3	4	5.1
id-07475	2	2	12	5.9
id-07476	9	14	20	6.7
id-07477	10	12	21	6.6
id-07478	10	20	9	6.3
id-07479	6	2	19	5.4
id-07480	7	14	3	5.0
id-07481	9	13	22	6.0
id-07482	9	12	16	6.3
id-07483	7	5	14	6.2
id-07484	8	5	13	6.1
id-07485	6	9	22	5.8
id-07486	1	2	4	5.6
id-07487	6	6	25	5.4
id-07488	5	3	27	5.7
id-07489	3	6	2	6.2
id-07490	10	2	26	5.6
id-07491	7	10	11	6.9
id-07492	4	8	18	6.9
id-07493	6	5	7	5.6
id-07494	9	13	29	5.1
id-07495	3	5	8	6.2
id-07496	3	2	2	5.3
id-07497	9	9	14	6.6
id-07498	4	7	29	6.1
id-07499	4	7	10	6.1
id-07500	3	6	22	5.9
id-07501	2	2	29	7.0
id-07502	9	3	18	5.4
id-07503	6	11	25	5.7
id-07504	3	3	20	6.2
id-07505	4	7	23	6.2
id-07506	5	9	16	6.9
id-07507	4	7	14	6.4
id-07508	3	2	13	5.9
id-07509	4	8	19	6.5
id-07510	5	9	24	5.0
id-07511	2	3	20	6.6
id-07512	1	2	18	6.2
id-07513	5	10	23	5.5
id-07514	5	3	8	5.1
id-07515	7	11	24	6.3
id-07516	7	12	3	6.9
id-07517	8	3	3	5.1
id-07518	5	4	2	5.8
id-07519	9	2	27	5.9
id-07520	1	2	1	6.8
id-07521	2	3	17	6.2
id-07522	10	17	3	5.5
id-07523	2	4	24	5.9
id-07524	4	5	29	6.1
id-07525	9	11	30	6.7
id-07526	2	4	14	6.5
id-07527	4	3	13	5.4
id-07528	3	2	12	6.4
id-07529	7	11	28	7.0
id-07530	10	7	24	5.0
id-07531	3	5	12	5.3
id-07532	5	5	15	6.5
id-07533	9	6	1	6.1
id-07534	2	4	13	6.5
id-07535	3	6	6	5.5
id-07536	4	5	6	6.7
id-07537	4	8	18	6.2
id-07538	3	3	1	6.2
id-07539	8	14	8	5.3
id-07540	2	3	23	5.1
id-07541	5	3	29	6.1
id-07542	1	2	11	6.6
id-07543	7	4	17	5.2
id-07544	5	5	11	6.9
id-07545	3	4	27	6.6
id-07546	3	4	4	6.4
id-07547	7	13	14	6.1
id-07548	9	6	12	5.3
id-07549	2	3	22	5.1
id-07550	9	7	25	6.4
id-07551	7	14	21	6.9
id-07552	9	12	20	5.8
id-07553	8	2	16	5.4
id-07554	5	2	11	5.8
id-07555	8	3	8	5.5
id-07556	2	3	15	6.9
id-07557	10	18	5	5.2
id-07558	1	2	10	6.6
id-07559	8	11	3	6.6
id-07560	7	7	19	5.5
id-07561	9	6	17	5.0
id-07562	9	18	24	5.7
id-07563	7	13	29	5.5
id-07564	3	6	1	6.0
id-07565	4	7	28	5.2
id-07566	4	8	10	5.6
id-07567	7	2	25	6.5
id-07568	4	2	27	5.2
id-07569	6	7	8	6.2
id-07570	3	4	13	6.0
id-07571	3	5	16	5.7
id-07572	4	7	18	6.0
id-07573	7	6	16	6.2
id-07574	8	3	20	5.7
id-07575	2	3	25	5.1
id-07576	3	6	19	7.0
id-07577	5	9	19	6.1
id-07578	4	6	10	5.9
id-07579	8	5	5	5.8
id-07580	4	6	20	6.9
id-07581	10	5	17	5.3
id-07582	5	9	2	5.0
id-07583	10	7	28	5.9
id-07584	6	3	20	5.5
id-07585	7	4	19	5.6
id-07586	10	2	24	5.6
id-07587	4	3	27	6.9
id-07588	1	2	15	6.7
id-07589	10	3	25	5.9
id-07590	9	16	2	6.6
id-07591	7	9	6	6.8
id-07592	2	2	6	5.6
id-07593	5	2	1	5.6
id-07594	4	6	16	6.5
id-07595	1	2	13	6.9
id-07596	2	4	20	6.7
id-07597	5	4	8	5.5
id-07598	9	7	4	6.5
id-07599	9	13	16	6.0
id-07600	7	14	27	6.4
id-07601	5	8	7	5.5
id-07602	4	8	10	6.5
id-07603	9	5	4	5.1
id-07604	2	2	12	6.4
id-07605	4	5	7	6.2
id-07606	4	4	4	5.4
id-07607	2	4	2	5.7
id-07608	4	4	9	5.3
id-07609	9	14	26	6.5
id-07610	5	6	18	5.3
id-07611	4	3	11	6.5
id-07612	9	11	17	6.1
id-07613	10	3	4	6.7
id-07614	6	12	27	5.0
id-07615	4	3	6	6.6
id-07616	8	3	24	6.8
id-07617	5	7	6	6.0
id-07618	1	2	2	5.7
id-07619	5	2	11	5.9
id-07620	3	5	1	7.0
id-07621	2	4	19	5.9
id-07622	7	13	6	5.3
id-07623	1	2	8	5.3
id-07624	5	10	27	5.6
id-07625	1	2	5	6.4
id-07626	9	18	15	5.5
id-07627	8	8	4	6.2
id-07628	9	9	24	6.9
id-07629	1	2	21	6.9
id-07630	5	3	8	6.6
id-07631	4	3	13	5.7
id-07632	7	13	6	6.0
id-07633	7	12	16	6.2
id-07634	2	2	12	5.7
id-07635	9	3	14	6.8
id-07636	4	3	3	5.2
id-07637	8	2	26	6.0
id-07638	5	8	4	6.3
id-07639	8	10	10	5.7
id-07640	5	6	19	6.6
id-07641	3	5	30	5.5
id-07642	10	18	26	5.1
id-07643	8	8	18	5.1
id-07644	10	9	19	6.8
id-07645	8	16	2	6.3
id-07646	9	2	14	6.2
id-07647	4	4	24	5.2
id-07648	10	10	7	6.4
id-07649	1	2	11	6.1
id-07650	4	3	23	6.5
id-07651	7	14	21	6.8
id-07652	8	8	29	6.2
id-07653	9	6	9	5.4
id-07654	8	6	2	6.5
id-07655	10	9	21	5.0
id-07656	2	4	3	5.8
id-07657	1	2	22	5.2
id-07658	2	2	24	6.9
id-07659	3	5	30	5.5
id-07660	1	2	26	5.7
id-07661	3	3	19	6.8
id-07662	10	20	25	5.0
id-07663	4	6	14	5.1
id-07664	5	2	3	6.7
id-07665	2	4	25	7.0
id-07666	9	14	29	5.4
id-07667	6	9	23	5.8
id-07668	4	5	27	5.3
id-07669	3	2	3	5.6
id-07670	10	14	2	6.4
id-07671	1	2	4	5.9
id-07672	6	10	9	6.0
id-07673	4	5	14	6.0
id-07674	4	8	24	6.5
id-07675	9	3	17	6.4
id-07676	8	8	21	5.1
id-07677	7	8	6	6.3
id-07678	5	2	11	6.1
id-07679	4	2	28	6.6
id-07680	8	14	1	5.3
id-07681	1	2	30	6.1
id-07682	4	3	20	5.6
id-07683	2	2	2	6.3
id-07684	10	15	23	6.0
id-07685	4	8	4	6.3
id-07686	10	10	19	6.1
id-07687	1	2	1	5.2
id-07688	9	11	26	6.9
id-07689	5	2	24	6.1
id-07690	3	4	2	5.7
id-07691	6	11	30	5.5
id-07692	3	3	28	6.2
id-07693	9	11	14	6.0
id-07694	7	14	1	5.4
id-07695	6	5	6	5.8
id-07696	10	19	17	6.8
id-07697	6	2	1	5.9
id-07698	7	14	17	6.4
id-07699	1	2	17	5.7
id-07700	2	2	18	6.7
id-07701	2	4	12	6.9
id-07702	4	6	3	6.9
id-07703	7	3	16	6.8
id-07704	7	2	10	6.7
id-07705	4	8	24	5.7
id-07706	9	9	13	6.8
id-07707	10	16	2	5.2
id-07708	1	2	28	5.3
id-07709	2	4	7	6.8
id-07710	6	4	17	5.6
id-07711	8	7	27	5.5
id-07712	2	3	15	6.0
id-07713	7	4	17	6.5
id-07714	10	4	2	6.2
id-07715	2	3	11	5.2
id-07716	10	9	10	6.7
id-07717	2	4	30	5.3
id-07718	9	2	7	5.8
id-07719	1	2	22	6.4
id-07720	9	14	3	5.8
id-07721	10	5	14	6.4
id-07722	5	9	24	5.7
id-07723	7	11	17	6.5
id-07724	7	5	20	6.0
id-07725	3	6	11	5.2
id-07726	6	7	29	6.6
id-07727	2	3	16	6.7
id-07728	1	2	13	5.8
id-07729	6	10	8	5.6
id-07730	4	7	11	6.2
id-07731	9	13	24	6.0
id-07732	6	8	14	5.4
id-07733	2	2	18	5.5
id-07734	9	16	28	6.9
id-07735	5	4	19	5.7
id-07736	9	11	26	5.8
id-07737	5	4	22	5.0
id-07738	5	8	7	5.6
id-07739	4	6	15	5.4
id-07740	5	3	12	6.2
id-07741	6	12	10	6.1
id-07742	3	2	6	5.5
id-07743	4	6	8	5.2
id-07744	3	6	16	5.8
id-07745	10	6	22	6.1
id-07746	3	6	10	5.3
id-07747	8	5	9	5.9
id-07748	3	6	24	5.4
id-07749	8	8	17	5.3
id-07750	3	4	14	6.8
id-07751	4	4	22	6.2
id-07752	10	13	30	5.8
id-07753	6	2	13	5.9
id-07754	10	11	8	6.2
id-07755	2	2	28	6.6
id-07756	3	2	11	6.9
id-07757	6	8	13	5.5
id-07758	4	3	21	5.9
id-07759	6	10	25	7.0
id-07760	2	4	9	5.3
id-07761	3	5	20	6.1
id-07762	7	2	10	6.1
id-07763	6	7	12	5.8
id-07764	3	5	8	5.0
id-07765	10	6	7	5.7
id-07766	4	2	28	6.5
id-07767	3	6	22	5.0
id-07768	8	10	18	5.8
id-07769	1	2	17	5.5
id-07770	5	10	30	5.7
id-07771	6	2	26	5.6
id-07772	10	5	25	5.0
id-07773	5	4	13	6.9
id-07774	2	2	3	5.2
id-07775	5	6	25	5.5
id-07776	1	2	22	5.8
id-07777	8	9	26	5.2
id-07778	3	5	3	5.8
id-07779	4	3	5	5.6
id-07780	10	19	17	5.5
id-07781	8	2	7	6.3
id-07782	6	4	22	5.9
id-07783	6	8	30	6.8
id-07784	8	3	5	5.5
id-07785	9	6	19	6.4
id-07786	6	8	4	6.8
id-07787	4	2	4	6.8
id-07788	10	6	19	6.4
id-07789	8	14	9	5.1
id-07790	10	16	30	5.4
id-07791	7	3	9	5.1
id-07792	9	15	23	6.3
id-07793	7	7	14	6.4
id-07794	9	8	19	6.1
id-07795	3	6	25	6.4
id-07796	9	9	2	5.7
id-07797	8	7	4	5.1
id-07798	6	9	15	5.4
id-07799	10	9	13	5.3
id-07800	6	6	30	5.4
id-07801	6	6	14	5.3
id-07802	9	10	28	6.1
id-07803	6	12	5	5.7
id-07804	9	5	28	6.9
id-07805	4	2	10	6.4
id-07806	9	15	9	7.0
id-07807	9	3	7	5.7
id-07808	9	18	20	6.3
id-07809	5	5	1	5.7
id-07810	1	2	8	5.1
id-07811	7	5	11	5.2
id-07812	4	6	11	5.5
id-07813	5	10	11	5.8
id-07814	10	3	8	5.5
id-07815	9	5	23	5.2
id-07816	3	5	19	6.9
id-07817	6	8	5	5.5
id-07818	4	7	14	6.1
id-07819	2	4	18	5.1
id-07820	2	2	22	5.7
id-07821	2	3	19	6.1
id-07822	5	4	10	6.4
id-07823	4	2	20	5.1
id-07824	9	14	3	6.3
id-07825	3	4	28	6.9
id-07826	8	8	27	6.3
id-07827	10	10	26	5.5
id-07828	10	17	19	6.3
id-07829	3	2	30	6.6
id-07830	8	15	25	6.6
id-07831	2	2	24	6.0
id-07832	2	4	23	5.2
id-07833	1	2	26	6.9
id-07834	10	16	27	6.2
id-07835	8	7	21	5.4
id-07836	4	8	14	6.1
id-07837	5	8	10	5.0
id-07838	1	2	22	6.2
id-07839	4	6	15	5.7
id-07840	5	8	9	7.0
id-07841	7	5	11	6.0
id-07842	7	12	20	6.2
id-07843	6	3	18	6.4
id-07844	7	12	10	5.1
id-07845	2	2	5	6.1
id-07846	3	4	16	6.8
id-07847	8	12	16	6.6
id-07848	8	11	1	6.0
id-07849	10	8	3	6.6
id-07850	6	11	29	6.0
id-07851	4	6	24	5.4
id-07852	4	3	6	5.5
id-07853	2	2	25	6.3
id-07854	2	2	4	5.6
id-07855	3	2	12	5.5
id-07856	6	6	21	6.1
id-07857	9	7	1	5.1
id-07858	2	2	16	6.9
id-07859	5	7	26	6.6
id-07860	2	4	27	5.2
id-07861	2	4	7	5.3
id-07862	4	2	13	6.0
id-07863	4	2	16	5.6
id-07864	5	8	24	6.5
id-07865	8	3	26	5.3
id-07866	8	12	8	6.1
id-07867	8	2	12	6.6
id-07868	5	9	22	6.8
id-07869	2	3	5	6.5
id-07870	4	2	25	6.5
id-07871	9	12	26	5.4
id-07872	9	11	5	6.3
id-07873	9	4	3	6.2
id-07874	6	5	21	5.8
id-07875	5	4	18	6.2
id-07876	1	2	18	5.8
id-07877	7	8	29	6.8
id-07878	4	2	7	7.0
id-07879	10	8	9	6.9
id-07880	9	2	27	6.0
id-07881	6	11	3	5.9
id-07882	6	3	11	5.6
id-07883	7	9	20	6.4
id-07884	3	6	14	5.9
id-07885	6	10	14	5.9
id-07886	7	14	5	6.1
id-07887	6	7	20	5.5
id-07888	3	2	20	6.7
id-07889	1	2	18	5.4
id-07890	1	2	28	6.0
id-07891	5	8	16	5.2
id-07892	5	10	5	5.3
id-07893	6	7	20	6.0
id-07894	5	9	30	6.4
id-07895	8	3	4	5.5
id-07896	5	5	18	5.3
id-07897	7	9	19	5.4
id-07898	8	10	2	5.8
id-07899	8	14	29	6.1
id-07900	10	10	30	6.2
id-07901	8	2	21	5.9
id-07902	7	10	14	6.9
id-07903	2	2	28	5.6
id-07904	2	2	20	6.8
id-07905	9	5	19	6.6
id-07906	5	6	14	5.5
id-07907	9	11	8	6.1
id-07908	1	2	4	5.2
id-07909	5	2	23	6.0
id-07910	4	4	14	6.7
id-07911	4	3	13	6.7
id-07912	1	2	14	6.5
id-07913	1	2	14	6.3
id-07914	3	6	9	6.2
id-07915	1	2	25	5.8
id-07916	10	11	9	5.8
id-07917	4	2	30	5.1
id-07918	9	16	6	6.9
id-07919	9	8	24	5.7
id-07920	10	20	21	5.2
id-07921	10	16	17	6.2
id-07922	6	7	19	5.4
id-07923	2	2	3	6.2
id-07924	9	3	6	6.2
id-07925	8	12	16	6.5
id-07926	8	15	10	5.8
id-07927	3	2	19	5.9
id-07928	6	10	20	6.5
id-07929	1	2	13	5.3
id-07930	3	3	24	6.9
id-07931	2	3	9	5.6
id-07932	9	2	25	6.3
id-07933	6	11	20	5.8
id-07934	5	6	7	6.4
id-07935	10	16	7	6.6
id-07936	9	14	26	6.4
id-07937	10	18	15	5.7
id-07938	10	9	19	6.4
id-07939	7	7	28	6.6
id-07940	4	8	2	6.0
id-07941	10	17	14	7.0
id-07942	10	19	19	6.0
id-07943	8	13	2	5.8
id-07944	5	3	11	5.4
id-07945	3	4	5	6.1
id-07946	6	6	12	6.9
id-07947	1	2	3	6.4
id-07948	2	3	6	5.8
id-07949	3	6	8	6.1
id-07950	10	20	27	6.6
id-07951	8	2	28	5.5
id-07952	2	3	24	6.8
id-07953	6	7	21	5.9
id-07954	7	2	1	6.3
id-07955	7	14	27	5.2
id-07956	4	5	13	6.0
id-07957	10	15	19	6.9
id-07958	7	13	30	6.0
id-07959	6	8	29	6.3
id-07960	6	8	4	5.3
id-07961	8	13	9	6.2
id-07962	8	6	20	6.1
id-07963	4	7	20	6.2
id-07964	7	7	10	6.1
id-07965	8	8	10	6.7
id-07966	4	5	2	6.0
id-07967	7	2	11	5.5
id-07968	10	9	13	5.8
id-07969	9	11	1	5.2
id-07970	6	8	13	6.3
id-07971	7	6	6	6.6
id-07972	7	9	16	5.7
id-07973	9	8	1	6.5
id-07974	2	4	29	5.3
id-07975	10	20	26	6.5
id-07976	3	2	25	5.0
id-07977	1	2	1	5.0
id-07978	1	2	2	6.5
id-07979	3	4	13	6.1
id-07980	9	3	25	5.7
id-07981	8	5	16	5.1
id-07982	5	2	11	5.8
id-07983	6	8	2	7.0
id-07984	5	8	30	5.5
id-07985	7	10	17	5.4
id-07986	5	8	28	6.0
id-07987	9	10	10	5.9
id-07988	2	4	29	6.7
id-07989	1	2	25	5.7
id-07990	9	17	29	5.9
id-07991	4	8	1	7.0
id-07992	5	6	11	5.9
id-07993	6	3	8	6.9
id-07994	7	8	20	5.7
id-07995	1	2	2	5.8
id-07996	10	20	7	5.8
id-07997	2	2	21	5.4
id-07998	6	3	7	5.9
id-07999	1	2	18	5.0
id-08000	5	10	21	6.6
id-08001	6	4	7	6.6
id-08002	5	7	21	5.5
id-08003	4	2	22	5.5
id-08004	9	8	23	5.7
id-08005	9	8	14	6.2
id-08006	1	2	18	6.4
id-08007	4	3	25	5.8
id-08008	5	4	1	5.5
id-08009	8	2	27	6.9
id-08010	4	7	7	5.5
id-08011	10	18	6	6.3
id-08012	7	13	20	6.2
id-08013	9	11	23	6.2
id-08014	4	2	21	5.3
id-08015	6	6	21	6.7
id-08016	7	10	23	6.9
id-08017	8	5	2	5.0
id-08018	4	3	6	6.5
id-08019	4	4	15	5.8
id-08020	1	2	28	6.2
id-08021	5	2	11	5.0
id-08022	10	7	2	5.4
id-08023	7	3	11	6.8
id-08024	8	15	9	5.5
id-08025	5	7	20	6.9
id-08026	6	7	27	6.3
id-08027	4	7	8	5.7
id-08028	8	12	20	6.5
id-08029	2	4	3	5.8
id-08030	6	6	24	6.1
id-08031	8	7	3	5.7
id-08032	10	9	3	6.8
id-08033	3	3	8	6.1
id-08034	6	11	21	6.1
id-08035	5	4	6	6.2
id-08036	3	2	14	6.3
id-08037	1	2	16	5.0
id-08038	5	8	24	5.3
id-08039	6	7	11	5.5
id-08040	7	14	20	6.2
id-08041	8	15	25	5.5
id-08042	9	8	17	6.5
id-08043	10	13	27	6.5
id-08044	8	12	14	5.1
id-08045	2	4	1	6.8
id-08046	1	2	30	6.5
id-08047	1	2	7	5.2
id-08048	8	11	15	6.2
id-08049	9	6	10	5.8
id-08050	7	2	21	6.1
id-08051	2	3	5	6.6
id-08052	4	8	8	6.6
id-08053	1	2	22	5.9
id-08054	10	7	7	6.4
id-08055	3	4	4	6.1
id-08056	4	2	22	6.5
id-08057	7	8	5	5.6
id-08058	2	2	13	6.5
id-08059	1	2	30	6.9
id-08060	1	2	20	5.6
id-08061	1	2	1	6.1
id-08062	4	2	16	5.5
id-08063	4	6	18	5.9
id-08064	9	5	14	5.6
id-08065	7	10	2	6.3
id-08066	10	10	22	6.1
id-08067	1	2	10	5.2
id-08068	2	3	10	6.7
id-08069	2	2	28	5.3
id-08070	2	2	29	5.2
id-08071	8	10	13	6.3
id-08072	4	7	7	5.0
id-08073	6	11	8	5.8
id-08074	7	14	4	5.6
id-08075	4	6	21	5.9
id-08076	9	3	25	6.0
id-08077	10	14	9	6.2
id-08078	8	16	15	5.2
id-08079	8	3	20	5.2
id-08080	9	12	12	5.8
id-08081	8	11	13	6.7
id-08082	3	4	20	5.6
id-08083	6	9	20	6.6
id-08084	8	15	4	6.4
id-08085	2	2	12	5.0
id-08086	1	2	9	7.0
id-08087	1	2	20	6.5
id-08088	10	11	29	5.2
id-08089	9	16	25	5.2
id-08090	8	8	28	6.6
id-08091	4	2	26	5.3
id-08092	3	6	16	5.7
id-08093	1	2	16	5.4
id-08094	10	3	17	6.5
id-08095	9	16	16	6.6
id-08096	10	2	9	6.3
id-08097	9	2	10	5.6
id-08098	8	9	28	5.4
id-08099	2	3	17	5.9
id-08100	4	3	9	6.5
id-08101	4	8	22	5.1
id-08102	1	2	29	5.3
id-08103	7	11	20	5.8
id-08104	4	2	30	5.7
id-08105	7	4	23	6.6
id-08106	3	4	25	6.0
id-08107	6	4	22	5.2
id-08108	1	2	15	6.1
id-08109	2	4	5	6.2
id-08110	7	13	9	6.0
id-08111	6	6	10	6.7
id-08112	6	10	14	5.3
id-08113	8	2	26	5.1
id-08114	1	2	23	5.3
id-08115	1	2	24	5.5
id-08116	1	2	12	6.5
id-08117	8	11	6	6.9
id-08118	3	4	4	6.8
id-08119	2	3	13	6.7
id-08120	10	2	20	6.4
id-08121	6	2	24	5.2
id-08122	4	5	27	5.8
id-08123	2	4	9	6.0
id-08124	3	2	27	6.1
id-08125	8	8	22	5.4
id-08126	2	4	3	5.6
id-08127	3	3	14	6.8
id-08128	5	5	20	5.8
id-08129	5	5	8	5.7
id-08130	6	7	29	6.5
id-08131	8	16	8	6.4
id-08132	4	4	17	6.8
id-08133	10	4	12	5.5
id-08134	5	9	2	6.0
id-08135	3	5	14	5.8
id-08136	1	2	5	6.0
id-08137	4	6	13	5.9
id-08138	2	2	10	5.6
id-08139	5	8	10	6.5
id-08140	7	8	7	6.6
id-08141	4	8	13	6.6
id-08142	4	7	27	5.6
id-08143	7	13	8	5.1
id-08144	1	2	18	5.6
id-08145	3	2	16	7.0
id-08146	7	7	20	5.7
id-08147	6	12	30	5.1
id-08148	3	4	20	6.7
id-08149	7	9	17	6.3
id-08150	2	3	16	6.8
id-08151	5	6	4	5.2
id-08152	7	2	17	6.2
id-08153	2	2	20	6.6
id-08154	4	8	21	5.4
id-08155	1	2	10	5.2
id-08156	3	6	2	5.7
id-08157	10	4	29	6.2
id-08158	5	6	20	5.6
id-08159	1	2	26	6.4
id-08160	8	10	8	5.9
id-08161	9	14	6	5.7
id-08162	2	2	10	6.1
id-08163	9	10	20	5.6
id-08164	4	6	22	5.3
id-08165	4	8	24	5.2
id-08166	7	4	22	6.6
id-08167	8	4	28	6.5
id-08168	1	2	29	5.3
id-08169	6	7	24	5.6
id-08170	4	4	12	6.4
id-08171	8	16	17	5.4
id-08172	8	10	29	5.7
id-08173	1	2	14	6.4
id-08174	7	7	23	5.6
id-08175	8	14	10	6.6
id-08176	9	16	27	5.9
id-08177	3	6	12	5.5
id-08178	5	2	5	6.8
id-08179	8	12	21	6.0
id-08180	3	6	12	5.2
id-08181	6	12	18	6.4
id-08182	2	2	26	6.1
id-08183	8	9	13	5.7
id-08184	8	14	29	6.8
id-08185	6	5	10	7.0
id-08186	7	8	15	5.6
id-08187	1	2	1	6.1
id-08188	6	9	22	6.2
id-08189	4	6	15	5.2
id-08190	1	2	18	5.1
id-08191	6	8	17	6.6
id-08192	2	4	24	5.8
id-08193	7	9	16	5.8
id-08194	8	11	2	6.9
id-08195	9	12	3	6.9
id-08196	2	2	19	7.0
id-08197	10	6	6	5.2
id-08198	10	13	8	5.4
id-08199	8	8	16	6.6
id-08200	7	2	20	6.7
id-08201	10	17	21	5.1
id-08202	7	7	9	6.0
id-08203	10	15	12	5.0
id-08204	9	16	13	5.4
id-08205	9	15	9	5.0
id-08206	8	10	11	5.3
id-08207	10	11	25	6.9
id-08208	2	3	28	6.8
id-08209	4	4	1	5.5
id-08210	9	2	2	5.3
id-08211	7	12	10	5.0
id-08212	2	3	19	5.8
id-08213	10	12	15	6.7
id-08214	6	11	10	6.6
id-08215	7	4	7	5.3
id-08216	4	4	23	6.2
id-08217	5	4	21	6.7
id-08218	5	10	5	6.6
id-08219	6	12	26	5.3
id-08220	2	2	28	5.8
id-08221	9	4	25	5.6
id-08222	10	8	9	5.8
id-08223	8	13	11	6.2
id-08224	3	3	11	5.2
id-08225	8	16	22	5.3
id-08226	8	13	1	6.2
id-08227	5	3	24	5.0
id-08228	8	12	6	5.5
id-08229	8	2	30	5.7
id-08230	9	3	4	6.4
id-08231	2	4	28	5.9
id-08232	10	5	7	6.8
id-08233	2	4	10	6.8
id-08234	6	3	7	5.0
id-08235	6	10	3	5.7
id-08236	6	12	6	6.6
id-08237	6	6	26	6.6
id-08238	10	7	28	5.9
id-08239	10	7	15	6.6
id-08240	7	11	26	7.0
id-08241	1	2	18	6.6
id-08242	9	11	11	5.2
id-08243	1	2	22	6.9
id-08244	10	6	26	6.7
id-08245	9	17	28	5.9
id-08246	8	3	28	6.3
id-08247	1	2	26	5.2
id-08248	3	5	23	6.1
id-08249	2	3	11	5.6
id-08250	2	2	13	5.4
id-08251	3	6	1	5.0
id-08252	1	2	29	5.6
id-08253	7	8	12	6.0
id-08254	3	4	25	5.2
id-08255	3	3	26	6.0
id-08256	8	11	24	6.1
id-08257	10	16	5	5.3
id-08258	5	4	23	5.4
id-08259	10	11	14	6.2
id-08260	3	4	1	5.8
id-08261	1	2	7	6.7
id-08262	6	5	12	6.7
id-08263	7	11	15	6.5
id-08264	3	5	7	6.1
id-08265	4	6	16	6.9
id-08266	9	16	8	5.3
id-08267	5	2	26	5.9
id-08268	8	10	26	6.7
id-08269	1	2	8	6.1
id-08270	2	3	4	6.9
id-08271	10	3	30	6.4
id-08272	6	7	5	5.8
id-08273	6	9	10	5.2
id-08274	9	17	14	5.5
id-08275	3	5	12	7.0
id-08276	8	5	1	5.1
id-08277	10	10	1	5.5
id-08278	5	4	13	5.2
id-08279	6	12	30	5.3
id-08280	8	6	18	6.1
id-08281	8	13	16	6.0
id-08282	9	10	6	5.2
id-08283	4	3	9	5.7
id-08284	6	9	9	6.8
id-08285	6	9	24	6.8
id-08286	5	5	11	5.9
id-08287	9	16	3	5.5
id-08288	6	5	14	5.5
id-08289	5	5	5	6.6
id-08290	8	14	13	5.3
id-08291	3	2	2	5.0
id-08292	1	2	24	5.8
id-08293	4	7	11	5.2
id-08294	7	12	15	6.4
id-08295	1	2	16	6.2
id-08296	3	6	21	6.2
id-08297	4	5	11	5.5
id-08298	1	2	7	5.3
id-08299	4	7	7	5.1
id-08300	1	2	13	6.2
id-08301	3	2	20	6.4
id-08302	8	11	27	5.7
id-08303	4	8	3	5.4
id-08304	2	3	25	6.8
id-08305	5	3	30	6.8
id-08306	10	10	17	5.8
id-08307	9	7	29	5.6
id-08308	7	9	19	5.9
id-08309	6	8	25	6.1
id-08310	8	16	29	6.5
id-08311	5	7	28	5.3
id-08312	8	2	20	5.3
id-08313	5	8	14	5.2
id-08314	5	4	1	5.5
id-08315	1	2	3	5.1
id-08316	3	4	11	5.4
id-08317	9	7	17	6.5
id-08318	8	4	14	6.9
id-08319	2	3	30	6.1
id-08320	5	7	27	5.3
id-08321	2	3	12	6.0
id-08322	7	8	11	5.5
id-08323	7	14	16	5.9
id-08324	2	3	15	6.4
id-08325	3	5	27	6.9
id-08326	10	19	13	5.7
id-08327	10	10	1	5.6
id-08328	6	10	17	6.8
id-08329	7	4	26	5.3
id-08330	4	3	16	5.6
id-08331	2	4	6	6.4
id-08332	3	3	10	6.0
id-08333	9	5	23	6.4
id-08334	1	2	13	5.5
id-08335	4	5	14	7.0
id-08336	2	4	25	6.1
id-08337	8	9	15	5.7
id-08338	6	4	1	6.6
id-08339	8	5	14	5.1
id-08340	6	2	4	6.7
id-08341	6	2	6	5.6
id-08342	2	2	22	5.8
id-08343	3	2	4	6.9
id-08344	1	2	14	6.3
id-08345	3	3	16	6.5
id-08346	3	5	20	5.2
id-08347	4	8	17	5.6
id-08348	9	3	16	5.8
id-08349	10	18	5	6.8
id-08350	1	2	30	5.4
id-08351	3	6	1	6.2
id-08352	3	6	9	6.8
id-08353	1	2	21	6.7
id-08354	9	15	8	6.2
id-08355	7	14	13	5.3
id-08356	2	4	21	5.5
id-08357	3	3	25	5.4
id-08358	6	8	27	6.6
id-08359	2	3	22	6.1
id-08360	7	11	17	5.1
id-08361	10	14	1	6.2
id-08362	10	8	23	5.8
id-08363	1	2	20	5.4
id-08364	8	8	4	6.0
id-08365	7	9	25	5.1
id-08366	10	20	28	6.5
id-08367	1	2	28	7.0
id-08368	2	2	7	6.2
id-08369	10	2	8	6.2
id-08370	10	17	18	5.1
id-08371	5	8	24	5.7
id-08372	8	9	20	6.0
id-08373	6	3	3	6.0
id-08374	9	14	30	5.9
id-08375	8	16	2	5.6
id-08376	1	2	1	6.1
id-08377	9	12	8	5.4
id-08378	4	4	3	5.2
id-08379	10	8	8	6.5
id-08380	4	7	16	6.2
id-08381	9	18	12	5.9
id-08382	4	3	22	6.4
id-08383	1	2	15	5.6
id-08384	6	4	2	6.2
id-08385	8	9	13	6.2
id-08386	1	2	25	5.4
id-08387	9	4	21	5.7
id-08388	10	18	4	5.0
id-08389	8	8	2	5.6
id-08390	5	7	5	6.4
id-08391	5	7	22	5.4
id-08392	1	2	4	6.1
id-08393	10	15	15	5.7
id-08394	1	2	11	6.1
id-08395	7	7	17	5.1
id-08396	5	2	1	5.9
id-08397	8	13	15	6.6
id-08398	1	2	4	6.7
id-08399	6	9	4	6.7
id-08400	8	4	28	6.8
id-08401	2	3	8	6.5
id-08402	9	14	16	6.4
id-08403	4	2	11	6.0
id-08404	9	10	30	5.1
id-08405	2	2	12	6.7
id-08406	7	12	18	5.5
id-08407	7	7	28	5.6
id-08408	5	6	2	6.8
id-08409	3	2	2	5.9
id-08410	1	2	27	6.4
id-08411	1	2	16	6.7
id-08412	2	4	3	5.7
id-08413	8	5	17	6.0
id-08414	3	6	24	5.1
id-08415	9	10	21	5.8
id-08416	2	4	19	6.0
id-08417	10	6	13	5.6
id-08418	1	2	30	6.7
id-08419	2	4	7	6.0
id-08420	8	16	12	5.7
id-08421	8	13	14	5.0
id-08422	6	2	10	5.7
id-08423	3	3	15	5.9
id-08424	7	10	18	6.9
id-08425	1	2	9	5.9
id-08426	3	6	22	5.5
id-08427	6	5	16	6.1
id-08428	5	3	15	6.2
id-08429	3	5	19	5.4
id-08430	7	9	5	6.6
id-08431	2	2	18	5.2
id-08432	4	5	7	6.5
id-08433	5	2	24	5.1
id-08434	1	2	21	6.5
id-08435	1	2	28	5.6
id-08436	6	2	10	5.2
id-08437	7	4	19	5.1
id-08438	4	2	4	6.2
id-08439	8	7	1	6.2
id-08440	3	3	5	5.9
id-08441	9	15	30	6.2
id-08442	6	8	11	5.3
id-08443	6	10	15	6.8
id-08444	10	15	29	6.6
id-08445	2	4	22	6.5
id-08446	6	10	21	5.4
id-08447	3	5	25	6.1
id-08448	9	12	21	6.9
id-08449	2	3	9	5.1
id-08450	1	2	15	5.1
id-08451	6	10	27	5.4
id-08452	2	4	10	6.0
id-08453	10	12	24	6.5
id-08454	6	12	23	6.7
id-08455	9	18	6	5.7
id-08456	7	3	16	5.8
id-08457	10	6	10	5.5
id-08458	10	9	14	6.8
id-08459	9	17	25	5.1
id-08460	1	2	12	6.4
id-08461	1	2	23	6.6
id-08462	2	2	21	5.9
id-08463	6	10	17	6.1
id-08464	4	2	22	6.1
id-08465	7	4	15	5.9
id-08466	3	4	25	6.8
id-08467	7	3	1	6.0
id-08468	3	3	8	6.5
id-08469	8	11	15	5.7
id-08470	10	17	9	6.9
id-08471	9	4	28	5.3
id-08472	8	15	5	6.3
id-08473	10	9	17	6.8
id-08474	4	7	5	5.6
id-08475	8	15	8	6.0
id-08476	6	12	25	6.9
id-08477	10	3	25	6.1
id-08478	2	4	24	5.9
id-08479	1	2	22	7.0
id-08480	6	7	25	5.6
id-08481	6	11	7	5.4
id-08482	6	6	8	6.4
id-08483	10	18	10	5.8
id-08484	3	3	24	5.9
id-08485	9	16	7	5.8
id-08486	10	9	11	5.8
id-08487	2	4	15	6.0
id-08488	7	8	7	5.8
id-08489	8	6	9	6.1
id-08490	7	14	9	6.5
id-08491	3	6	11	5.3
id-08492	6	4	28	7.0
id-08493	2	4	27	6.2
id-08494	9	6	30	5.3
id-08495	9	12	8	5.9
id-08496	2	4	27	6.1
id-08497	7	8	26	5.7
id-08498	8	16	10	5.6
id-08499	3	4	28	5.7
id-08500	7	5	23	5.1
id-08501	7	14	16	5.4
id-08502	2	3	7	6.6
id-08503	3	5	17	5.1
id-08504	9	2	11	7.0
id-08505	6	5	30	5.1
id-08506	3	6	19	6.9
id-08507	2	2	21	6.2
id-08508	1	2	10	6.9
id-08509	4	4	26	5.3
id-08510	1	2	11	6.6
id-08511	10	3	25	6.5
id-08512	5	7	8	6.7
id-08513	2	2	8	5.7
id-08514	6	4	7	6.0
id-08515	5	10	3	6.9
id-08516	2	4	18	7.0
id-08517	5	5	1	6.3
id-08518	7	8	28	5.6
id-08519	9	11	10	5.0
id-08520	10	20	24	5.9
id-08521	4	2	12	5.0
id-08522	5	9	27	7.0
id-08523	4	6	2	6.6
id-08524	3	4	9	6.2
id-08525	9	17	23	6.2
id-08526	1	2	14	6.0
id-08527	4	8	2	6.8
id-08528	6	5	27	6.8
id-08529	10	2	20	6.1
id-08530	5	4	11	7.0
id-08531	6	2	18	6.4
id-08532	10	2	22	5.1
id-08533	9	15	25	6.5
id-08534	8	15	27	5.2
id-08535	8	15	19	5.7
id-08536	2	2	15	6.6
id-08537	2	2	19	5.1
id-08538	8	12	22	7.0
id-08539	6	4	15	5.5
id-08540	1	2	23	5.0
id-08541	10	17	25	5.5
id-08542	8	12	12	5.5
id-08543	5	2	16	5.6
id-08544	5	6	20	6.4
id-08545	3	2	2	7.0
id-08546	1	2	14	6.0
id-08547	3	3	3	5.2
id-08548	4	6	25	5.4
id-08549	3	4	5	5.6
id-08550	10	20	21	6.2
id-08551	8	7	22	5.5
id-08552	7	7	26	6.1
id-08553	3	5	7	6.6
id-08554	3	4	29	5.7
id-08555	7	4	10	6.4
id-08556	10	9	5	6.6
id-08557	5	2	14	6.5
id-08558	6	10	11	5.8
id-08559	8	6	12	6.8
id-08560	1	2	26	6.3
id-08561	2	4	29	5.5
id-08562	7	11	22	6.5
id-08563	9	3	10	6.7
id-08564	5	6	14	6.5
id-08565	7	11	7	6.6
id-08566	4	8	6	6.1
id-08567	9	14	5	5.7
id-08568	2	3	22	5.5
id-08569	5	10	27	6.3
id-08570	8	5	2	5.6
id-08571	5	6	24	6.5
id-08572	4	5	16	5.6
id-08573	4	5	5	5.3
id-08574	7	3	12	6.4
id-08575	9	13	25	6.3
id-08576	4	6	22	5.9
id-08577	1	2	7	5.8
id-08578	2	3	8	6.2
id-08579	1	2	6	5.2
id-08580	8	16	1	6.1
id-08581	8	3	25	6.4
id-08582	4	5	13	5.3
id-08583	3	4	21	6.4
id-08584	6	9	19	6.6
id-08585	2	4	22	6.9
id-08586	9	18	24	5.5
id-08587	4	5	26	5.4
id-08588	9	7	11	6.5
id-08589	8	16	18	6.9
id-08590	5	3	13	5.5
id-08591	4	4	2	6.3
id-08592	8	12	3	5.3
id-08593	2	4	25	6.1
id-08594	4	3	29	5.1
id-08595	4	5	20	5.3
id-08596	9	18	30	6.9
id-08597	8	4	26	5.2
id-08598	10	20	20	5.9
id-08599	4	4	12	5.1
id-08600	4	5	29	6.0
id-08601	7	8	9	5.8
id-08602	8	6	9	6.1
id-08603	7	7	6	5.2
id-08604	10	3	22	6.0
id-08605	2	4	19	5.7
id-08606	8	11	26	5.3
id-08607	10	19	25	5.8
id-08608	6	4	29	5.2
id-08609	9	6	30	5.6
id-08610	7	5	3	6.3
id-08611	3	2	28	6.8
id-08612	3	4	4	6.7
id-08613	2	3	23	6.5
id-08614	5	4	6	5.2
id-08615	7	4	13	5.4
id-08616	4	4	19	6.1
id-08617	3	5	13	6.6
id-08618	8	16	15	6.0
id-08619	5	5	24	6.2
id-08620	5	4	2	6.2
id-08621	10	13	25	5.8
id-08622	7	3	1	7.0
id-08623	9	2	18	5.7
id-08624	2	2	19	7.0
id-08625	8	3	4	5.2
id-08626	4	3	7	5.3
id-08627	8	10	27	6.8
id-08628	10	5	11	5.9
id-08629	10	12	28	5.2
id-08630	3	2	20	5.5
id-08631	7	10	10	5.2
id-08632	5	4	25	6.3
id-08633	9	5	10	5.7
id-08634	6	7	23	5.4
id-08635	7	12	1	6.5
id-08636	6	9	12	5.3
id-08637	5	9	2	5.5
id-08638	3	3	19	6.1
id-08639	8	7	23	5.8
id-08640	4	6	29	6.5
id-08641	3	5	22	5.6
id-08642	1	2	13	5.5
id-08643	8	10	15	5.9
id-08644	9	4	25	5.3
id-08645	3	2	2	5.4
id-08646	9	17	5	5.7
id-08647	7	13	1	6.1
id-08648	7	9	4	5.3
id-08649	9	16	22	6.5
id-08650	9	15	11	6.2
id-08651	8	8	2	6.8
id-08652	5	10	9	5.7
id-08653	9	17	22	5.3
id-08654	10	11	4	5.8
id-08655	2	3	6	6.3
id-08656	9	15	9	6.3
id-08657	10	8	16	5.7
id-08658	7	3	25	6.7
id-08659	6	12	15	6.4
id-08660	3	3	13	5.1
id-08661	10	2	17	5.6
id-08662	3	5	10	6.7
id-08663	1	2	26	5.1
id-08664	5	6	14	5.6
id-08665	2	2	30	6.0
id-08666	6	5	29	6.5
id-08667	5	4	23	6.4
id-08668	6	10	11	5.1
id-08669	2	3	11	6.0
id-08670	4	6	11	5.3
id-08671	5	7	15	5.8
id-08672	2	4	15	6.3
id-08673	6	6	26	6.1
id-08674	9	12	26	6.1
id-08675	6	3	12	6.8
id-08676	6	8	1	5.2
id-08677	9	5	6	6.4
id-08678	6	12	14	5.8
id-08679	1	2	24	6.8
id-08680	8	2	19	6.3
id-08681	9	12	2	5.6
id-08682	8	2	24	5.2
id-08683	5	6	28	6.8
id-08684	5	7	26	6.7
id-08685	2	3	12	5.6
id-08686	9	8	23	6.5
id-08687	7	13	3	6.6
id-08688	10	12	27	6.8
id-08689	1	2	27	6.0
id-08690	2	3	22	5.7
id-08691	2	4	27	5.0
id-08692	9	9	8	6.5
id-08693	10	9	28	5.3
id-08694	10	16	22	6.1
id-08695	10	12	6	6.0
id-08696	3	4	1	6.2
id-08697	1	2	14	5.0
id-08698	4	7	25	6.7
id-08699	10	6	19	5.3
id-08700	1	2	10	6.6
id-08701	9	3	22	5.0
id-08702	7	3	1	6.9
id-08703	7	2	30	6.4
id-08704	7	13	3	5.2
id-08705	3	2	28	6.3
id-08706	3	6	13	6.6
id-08707	10	15	14	6.6
id-08708	2	2	21	5.7
id-08709	3	6	3	5.2
id-08710	9	18	4	6.7
id-08711	9	6	4	5.9
id-08712	2	2	9	6.3
id-08713	6	7	25	5.1
id-08714	3	6	17	6.9
id-08715	1	2	13	6.2
id-08716	7	8	24	6.8
id-08717	7	5	24	6.7
id-08718	8	16	13	6.3
id-08719	6	3	28	6.7
id-08720	8	8	23	6.4
id-08721	3	6	3	6.1
id-08722	2	4	18	6.9
id-08723	2	3	10	5.7
id-08724	3	5	7	5.2
id-08725	7	7	1	5.0
id-08726	7	14	6	6.7
id-08727	3	4	24	5.2
id-08728	4	5	5	6.8
id-08729	5	5	19	7.0
id-08730	9	5	16	6.7
id-08731	10	20	12	6.3
id-08732	6	12	26	6.6
id-08733	10	8	28	5.6
id-08734	10	13	22	6.5
id-08735	6	5	8	5.3
id-08736	7	2	15	6.2
id-08737	10	5	10	5.3
id-08738	6	10	17	5.3
id-08739	5	4	17	6.7
id-08740	4	4	20	5.2
id-08741	6	7	10	5.2
id-08742	9	17	15	6.6
id-08743	1	2	2	5.7
id-08744	10	13	11	6.2
id-08745	5	8	14	5.1
id-08746	6	10	28	5.6
id-08747	1	2	21	6.4
id-08748	4	7	26	5.9
id-08749	5	9	5	6.5
id-08750	5	5	21	5.3
id-08751	5	5	16	6.8
id-08752	1	2	20	6.7
id-08753	2	3	4	5.8
id-08754	6	6	13	6.7
id-08755	9	4	21	6.9
id-08756	4	6	1	6.5
id-08757	10	14	8	5.8
id-08758	3	3	1	6.8
id-08759	2	3	4	5.4
id-08760	4	8	18	5.1
id-08761	10	18	4	6.4
id-08762	7	8	7	6.6
id-08763	1	2	6	6.7
id-08764	7	10	4	6.5
id-08765	8	13	18	5.8
id-08766	6	12	16	5.9
id-08767	6	5	8	5.2
id-08768	6	11	7	6.1
id-08769	7	6	27	5.5
id-08770	8	12	10	5.3
id-08771	6	5	26	6.8
id-08772	2	3	16	5.0
id-08773	1	2	29	5.2
id-08774	3	6	1	6.3
id-08775	2	3	23	6.8
id-08776	5	2	8	7.0
id-08777	10	2	1	6.6
id-08778	6	2	15	5.2
id-08779	1	2	22	5.6
id-08780	7	5	28	7.0
id-08781	5	2	3	6.7
id-08782	10	19	7	5.5
id-08783	6	4	8	5.4
id-08784	8	9	12	5.7
id-08785	1	2	10	5.5
id-08786	10	5	17	6.5
id-08787	6	12	4	6.2
id-08788	2	2	15	6.5
id-08789	8	6	2	6.1
id-08790	7	7	13	5.1
id-08791	7	10	2	6.2
id-08792	6	10	28	5.7
id-08793	7	6	7	6.4
id-08794	1	2	6	5.2
id-08795	3	4	22	6.9
id-08796	10	14	11	6.4
id-08797	5	9	10	5.5
id-08798	1	2	29	6.1
id-08799	5	6	25	6.5
id-08800	2	2	26	5.4
id-08801	9	17	9	5.6
id-08802	10	20	11	5.9
id-08803	3	5	24	5.4
id-08804	9	17	13	5.7
id-08805	5	8	10	5.4
id-08806	8	7	20	6.3
id-08807	3	2	28	5.4
id-08808	6	9	3	6.6
id-08809	6	4	9	6.1
id-08810	8	6	26	5.1
id-08811	7	13	16	5.7
id-08812	1	2	19	7.0
id-08813	6	11	21	6.3
id-08814	4	8	22	5.8
id-08815	5	3	1	5.1
id-08816	7	4	25	5.3
id-08817	7	9	5	5.8
id-08818	2	4	9	5.5
id-08819	2	4	18	5.5
id-08820	10	11	5	5.4
id-08821	9	14	11	6.5
id-08822	5	8	2	5.9
id-08823	6	6	5	5.1
id-08824	6	11	14	6.2
id-08825	3	2	22	5.5
id-08826	3	2	22	6.4
id-08827	6	3	4	6.5
id-08828	6	3	7	5.1
id-08829	9	14	28	5.6
id-08830	4	5	2	5.8
id-08831	3	3	4	6.5
id-08832	5	7	9	6.3
id-08833	2	3	8	6.3
id-08834	6	7	21	6.0
id-08835	5	4	14	6.8
id-08836	5	2	3	6.9
id-08837	4	8	25	5.2
id-08838	4	4	28	6.3
id-08839	1	2	21	5.0
id-08840	5	4	30	5.7
id-08841	10	17	28	5.2
id-08842	8	3	15	6.1
id-08843	2	2	11	6.6
id-08844	3	3	23	5.8
id-08845	9	18	2	6.3
id-08846	9	9	17	6.9
id-08847	9	14	13	6.9
id-08848	8	15	8	5.5
id-08849	1	2	14	5.8
id-08850	10	8	11	5.3
id-08851	9	14	4	5.8
id-08852	8	15	13	6.1
id-08853	9	6	20	5.9
id-08854	8	3	5	6.0
id-08855	7	5	20	7.0
id-08856	6	2	30	6.1
id-08857	5	9	2	6.8
id-08858	8	12	27	5.3
id-08859	3	6	8	5.2
id-08860	9	6	3	6.9
id-08861	1	2	22	5.8
id-08862	1	2	5	6.1
id-08863	2	3	26	5.6
id-08864	4	6	10	6.5
id-08865	10	6	22	5.5
id-08866	2	4	10	5.8
id-08867	8	12	9	6.5
id-08868	8	13	30	5.4
id-08869	4	5	23	6.7
id-08870	7	4	30	6.1
id-08871	4	7	30	6.8
id-08872	7	12	23	6.4
id-08873	4	6	5	6.6
id-08874	10	10	23	6.0
id-08875	9	16	12	6.2
id-08876	10	13	8	6.8
id-08877	9	12	26	6.9
id-08878	4	3	23	5.3
id-08879	5	6	23	6.0
id-08880	10	7	19	6.1
id-08881	1	2	7	6.7
id-08882	6	8	27	5.3
id-08883	2	4	10	5.1
id-08884	2	2	17	5.4
id-08885	10	19	30	5.4
id-08886	3	3	30	5.2
id-08887	9	14	13	5.4
id-08888	10	2	1	6.6
id-08889	8	8	19	6.4
id-08890	3	4	2	5.3
id-08891	8	6	8	5.9
id-08892	2	2	27	5.1
id-08893	7	3	19	5.5
id-08894	9	8	19	6.2
id-08895	1	2	27	6.2
id-08896	8	6	7	6.8
id-08897	8	3	8	6.1
id-08898	10	4	27	6.3
id-08899	7	7	26	5.5
id-08900	10	2	10	6.5
id-08901	8	11	18	6.2
id-08902	4	2	24	6.7
id-08903	1	2	29	5.6
id-08904	9	12	16	5.5
id-08905	5	10	17	6.8
id-08906	10	14	3	5.5
id-08907	5	2	7	6.5
id-08908	4	5	5	6.5
id-08909	7	6	5	5.1
id-08910	4	5	18	6.3
id-08911	7	13	27	6.7
id-08912	3	4	7	5.8
id-08913	6	7	4	6.2
id-08914	10	13	13	5.5
id-08915	7	11	14	6.4
id-08916	9	10	4	5.7
id-08917	6	9	12	5.3
id-08918	1	2	8	5.8
id-08919	9	12	4	6.3
id-08920	2	4	17	6.8
id-08921	2	4	23	6.9
id-08922	7	8	17	5.9
id-08923	2	4	30	5.8
id-08924	4	8	14	6.5
id-08925	8	16	26	5.2
id-08926	2	3	10	6.0
id-08927	8	9	20	5.1
id-08928	3	2	21	5.8
id-08929	6	2	1	5.1
id-08930	10	11	25	5.1
id-08931	5	5	18	5.2
id-08932	3	6	4	6.7
id-08933	4	7	24	5.2
id-08934	8	12	9	5.8
id-08935	2	2	29	5.8
id-08936	7	10	23	6.9
id-08937	8	15	30	5.5
id-08938	6	7	21	5.4
id-08939	6	7	9	6.6
id-08940	5	8	27	5.9
id-08941	1	2	18	5.3
id-08942	4	4	24	6.3
id-08943	3	5	18	5.9
id-08944	1	2	14	5.1
id-08945	5	5	13	5.5
id-08946	7	11	19	6.8
id-08947	8	8	6	5.5
id-08948	4	5	11	6.2
id-08949	7	14	6	6.3
id-08950	5	8	2	5.1
id-08951	10	17	13	5.6
id-08952	10	11	6	6.4
id-08953	3	5	11	5.2
id-08954	3	3	7	5.9
id-08955	4	3	10	6.4
id-08956	4	4	2	5.1
id-08957	2	2	5	6.4
id-08958	1	2	4	5.2
id-08959	9	14	28	5.7
id-08960	7	7	7	5.3
id-08961	8	5	7	6.0
id-08962	7	11	7	6.8
id-08963	8	7	10	6.2
id-08964	8	15	17	6.6
id-08965	1	2	30	5.5
id-08966	9	2	19	6.0
id-08967	9	5	29	6.6
id-08968	5	2	5	5.7
id-08969	6	2	3	6.9
id-08970	3	5	8	5.4
id-08971	1	2	22	7.0
id-08972	5	9	18	5.8
id-08973	3	4	11	5.3
id-08974	2	2	4	5.6
id-08975	4	4	12	5.4
id-08976	7	6	24	5.5
id-08977	8	9	20	6.9
id-08978	5	10	9	6.6
id-08979	1	2	13	6.8
id-08980	2	3	20	6.8
id-08981	6	9	29	5.1
id-08982	8	15	20	6.7
id-08983	6	6	26	5.3
id-08984	4	6	28	5.3
id-08985	10	10	9	5.3
id-08986	2	2	13	6.3
id-08987	7	7	20	5.7
id-08988	4	6	23	6.4
id-08989	10	2	12	6.9
id-08990	8	14	7	5.6
id-08991	5	5	18	6.6
id-08992	7	4	12	5.7
id-08993	2	2	18	5.6
id-08994	10	7	15	6.1
id-08995	2	2	24	5.5
id-08996	3	5	19	6.1
id-08997	5	6	9	5.1
id-08998	8	5	28	5.9
id-08999	3	2	30	5.5
id-09000	10	10	2	5.2
id-09001	9	9	2	5.5
id-09002	6	8	1	5.6
id-09003	2	3	23	6.2
id-09004	6	9	9	5.2
id-09005	9	4	7	5.4
id-09006	5	6	16	5.6
id-09007	6	5	24	5.6
id-09008	4	6	12	6.6
id-09009	1	2	15	5.4
id-09010	10	7	3	5.6
id-09011	5	10	22	6.0
id-09012	9	10	25	6.5
id-09013	4	7	19	6.4
id-09014	8	10	6	6.7
id-09015	3	2	23	6.0
id-09016	9	15	26	5.8
id-09017	1	2	28	6.3
id-09018	9	7	8	6.7
id-09019	9	18	3	5.1
id-09020	4	7	7	6.2
id-09021	4	7	25	6.3
id-09022	5	8	8	6.2
id-09023	10	20	20	5.8
id-09024	9	6	30	7.0
id-09025	7	14	24	5.5
id-09026	4	4	27	6.5
id-09027	4	7	9	6.6
id-09028	2	2	24	5.6
id-09029	6	8	7	6.6
id-09030	10	20	15	5.9
id-09031	5	6	19	6.2
id-09032	1	2	22	5.4
id-09033	9	3	8	6.3
id-09034	3	5	4	5.1
id-09035	4	6	17	6.6
id-09036	1	2	13	5.4
id-09037	6	11	21	6.8
id-09038	5	3	28	6.4
id-09039	7	11	8	6.8
id-09040	3	5	15	5.5
id-09041	5	4	4	6.2
id-09042	3	4	27	5.8
id-09043	9	5	26	5.6
id-09044	3	6	6	5.5
id-09045	1	2	18	7.0
id-09046	5	7	10	6.2
id-09047	3	2	21	7.0
id-09048	1	2	12	6.5
id-09049	8	15	16	6.6
id-09050	4	8	14	6.2
id-09051	3	2	3	6.1
id-09052	2	4	30	6.1
id-09053	7	7	29	5.3
id-09054	5	8	19	6.4
id-09055	10	8	10	5.4
id-09056	5	9	24	5.3
id-09057	8	11	6	6.7
id-09058	6	7	2	6.8
id-09059	5	4	3	5.4
id-09060	3	2	7	6.4
id-09061	6	4	28	6.1
id-09062	9	14	19	6.2
id-09063	10	18	3	5.9
id-09064	9	7	12	5.3
id-09065	10	2	12	6.3
id-09066	2	2	26	5.4
id-09067	7	7	29	6.2
id-09068	2	2	10	5.7
id-09069	9	18	23	6.5
id-09070	5	5	16	5.9
id-09071	3	5	14	5.7
id-09072	6	10	9	5.7
id-09073	10	11	6	6.7
id-09074	4	5	27	5.3
id-09075	5	6	15	6.9
id-09076	7	13	18	5.2
id-09077	1	2	21	6.0
id-09078	2	2	23	6.0
id-09079	3	6	9	5.7
id-09080	8	7	1	5.5
id-09081	3	2	16	5.1
id-09082	7	12	15	6.9
id-09083	4	6	15	5.4
id-09084	8	12	25	6.0
id-09085	6	4	24	6.5
id-09086	10	14	27	5.1
id-09087	7	2	1	5.5
id-09088	1	2	9	5.3
id-09089	8	7	26	6.0
id-09090	5	10	8	6.8
id-09091	6	4	15	6.8
id-09092	4	8	26	6.0
id-09093	10	16	24	6.4
id-09094	6	3	1	6.3
id-09095	7	12	28	5.8
id-09096	8	8	23	6.6
id-09097	6	11	6	6.0
id-09098	9	18	27	5.7
id-09099	1	2	12	6.3
id-09100	3	3	23	6.8
id-09101	2	2	12	6.6
id-09102	6	11	30	5.8
id-09103	9	17	19	6.1
id-09104	2	4	17	6.5
id-09105	3	6	30	6.4
id-09106	3	4	7	5.2
id-09107	7	11	29	5.5
id-09108	5	3	26	6.5
id-09109	7	10	9	5.8
id-09110	6	7	25	7.0
id-09111	4	7	26	5.7
id-09112	8	15	21	5.7
id-09113	10	16	15	6.8
id-09114	5	10	7	6.5
id-09115	1	2	28	6.1
id-09116	1	2	2	5.4
id-09117	3	3	9	6.5
id-09118	3	4	7	6.7
id-09119	4	5	7	6.5
id-09120	3	2	24	6.7
id-09121	2	2	7	6.7
id-09122	3	5	28	5.9
id-09123	6	3	2	5.2
id-09124	10	16	29	6.3
id-09125	10	15	17	6.1
id-09126	4	3	19	6.6
id-09127	9	10	4	5.4
id-09128	4	5	11	6.1
id-09129	7	7	9	5.7
id-09130	7	14	4	5.3
id-09131	4	7	21	5.1
id-09132	7	7	23	5.1
id-09133	8	5	5	6.3
id-09134	1	2	28	6.5
id-09135	9	7	6	6.4
id-09136	5	4	29	5.2
id-09137	4	8	28	6.5
id-09138	2	4	24	5.1
id-09139	4	5	26	5.3
id-09140	7	8	8	6.3
id-09141	2	3	7	6.0
id-09142	5	5	24	6.9
id-09143	5	6	13	5.2
id-09144	6	9	24	5.3
id-09145	2	4	4	5.2
id-09146	5	2	21	6.3
id-09147	9	13	13	6.1
id-09148	3	4	12	6.5
id-09149	4	4	4	6.7
id-09150	3	2	6	6.6
id-09151	10	14	19	6.0
id-09152	3	4	25	6.8
id-09153	8	14	18	5.8
id-09154	10	16	29	5.7
id-09155	6	12	17	5.7
id-09156	6	9	28	5.2
id-09157	7	3	20	5.5
id-09158	3	6	15	5.8
id-09159	5	6	7	6.6
id-09160	1	2	6	6.9
id-09161	4	7	5	6.7
id-09162	3	6	24	5.1
id-09163	9	12	25	5.2
id-09164	2	4	9	6.9
id-09165	10	13	29	5.2
id-09166	2	2	10	6.9
id-09167	1	2	16	5.1
id-09168	10	7	15	5.2
id-09169	9	9	5	5.7
id-09170	3	2	18	5.4
id-09171	4	5	26	5.1
id-09172	5	7	29	6.1
id-09173	10	4	10	6.4
id-09174	4	8	1	5.7
id-09175	1	2	6	5.0
id-09176	1	2	16	6.1
id-09177	2	2	14	5.1
id-09178	9	16	29	5.4
id-09179	2	3	13	5.1
id-09180	6	8	20	6.3
id-09181	4	6	7	5.3
id-09182	5	5	3	6.4
id-09183	10	15	23	5.5
id-09184	3	4	19	5.1
id-09185	4	6	10	5.9
id-09186	5	2	7	6.5
id-09187	1	2	17	5.6
id-09188	8	8	21	5.7
id-09189	7	13	30	6.8
id-09190	8	11	26	6.1
id-09191	1	2	19	6.2
id-09192	2	2	6	6.1
id-09193	1	2	27	5.2
id-09194	1	2	16	6.4
id-09195	7	10	24	5.4
id-09196	7	12	1	6.7
id-09197	4	3	18	6.0
id-09198	1	2	9	7.0
id-09199	2	4	23	5.5
id-09200	3	6	12	6.2
id-09201	2	3	13	5.1
id-09202	9	13	8	5.6
id-09203	1	2	27	6.9
id-09204	6	6	21	7.0
id-09205	2	2	9	5.9
id-09206	6	5	6	6.2
id-09207	1	2	10	5.8
id-09208	9	3	17	6.4
id-09209	2	4	18	5.1
id-09210	5	7	2	6.5
id-09211	6	11	17	6.6
id-09212	5	4	21	6.3
id-09213	9	3	22	6.1
id-09214	9	15	23	5.7
id-09215	5	3	18	5.0
id-09216	7	11	2	6.8
id-09217	7	8	12	5.7
id-09218	4	2	21	5.3
id-09219	5	3	3	6.7
id-09220	4	7	20	6.5
id-09221	6	2	19	5.3
id-09222	9	11	28	6.0
id-09223	7	13	1	6.5
id-09224	6	6	17	5.9
id-09225	2	3	24	5.3
id-09226	6	8	4	6.4
id-09227	3	4	23	5.8
id-09228	2	4	30	5.2
id-09229	9	14	22	6.2
id-09230	2	4	14	5.7
id-09231	6	2	23	6.7
id-09232	6	4	25	5.0
id-09233	1	2	25	5.8
id-09234	2	4	13	5.3
id-09235	1	2	12	5.4
id-09236	8	3	19	5.7
id-09237	8	11	30	5.7
id-09238	1	2	5	6.8
id-09239	4	5	3	5.6
id-09240	7	5	27	6.9
id-09241	10	11	4	6.5
id-09242	4	5	2	7.0
id-09243	1	2	26	6.0
id-09244	4	4	26	5.3
id-09245	10	3	15	5.1
id-09246	4	4	15	5.4
id-09247	3	5	16	5.3
id-09248	2	3	19	5.7
id-09249	7	9	26	5.0
id-09250	2	3	28	6.0
id-09251	2	3	9	6.7
id-09252	2	2	10	5.6
id-09253	4	2	17	5.7
id-09254	4	4	21	5.1
id-09255	4	4	15	6.2
id-09256	2	2	28	5.3
id-09257	10	17	24	6.5
id-09258	6	10	25	5.5
id-09259	7	8	20	5.9
id-09260	6	5	20	6.5
id-09261	8	13	11	5.7
id-09262	8	7	14	6.4
id-09263	8	5	19	5.6
id-09264	2	2	2	6.1
id-09265	3	5	5	6.0
id-09266	9	7	27	6.0
id-09267	3	2	1	6.4
id-09268	4	7	12	5.2
id-09269	7	4	10	5.4
id-09270	7	8	6	6.8
id-09271	9	18	30	5.7
id-09272	9	17	7	6.2
id-09273	8	16	2	6.6
id-09274	8	4	10	6.7
id-09275	4	2	28	5.1
id-09276	7	6	24	5.8
id-09277	7	4	16	6.9
id-09278	2	2	20	6.0
id-09279	1	2	19	5.0
id-09280	2	4	10	6.5
id-09281	3	4	14	6.1
id-09282	5	10	16	5.2
id-09283	9	15	5	5.3
id-09284	5	8	9	6.9
id-09285	6	12	30	5.8
id-09286	3	2	29	5.6
id-09287	4	2	23	5.6
id-09288	7	6	10	6.8
id-09289	7	8	29	5.0
id-09290	10	16	20	6.1
id-09291	8	5	23	6.2
id-09292	3	2	14	5.3
id-09293	4	3	24	5.2
id-09294	5	2	14	6.6
id-09295	3	5	1	6.8
id-09296	3	4	21	5.3
id-09297	6	7	30	6.8
id-09298	6	7	17	5.2
id-09299	5	9	25	6.8
id-09300	9	4	25	6.5
id-09301	2	3	3	5.6
id-09302	1	2	1	6.4
id-09303	6	10	6	6.0
id-09304	8	9	23	5.5
id-09305	5	8	26	5.4
id-09306	7	5	26	5.4
id-09307	5	9	5	5.9
id-09308	6	3	11	6.5
id-09309	1	2	8	6.6
id-09310	9	5	13	6.6
id-09311	6	6	27	5.2
id-09312	10	14	3	6.3
id-09313	2	4	17	6.3
id-09314	4	6	22	5.2
id-09315	5	7	12	6.4
id-09316	6	5	21	5.3
id-09317	2	2	10	6.8
id-09318	1	2	9	6.5
id-09319	1	2	12	5.3
id-09320	7	2	29	5.7
id-09321	6	8	28	5.1
id-09322	8	15	15	6.2
id-09323	10	20	20	6.9
id-09324	2	3	22	5.7
id-09325	5	5	24	5.5
id-09326	3	5	14	6.0
id-09327	10	14	28	5.6
id-09328	5	8	23	5.1
id-09329	9	17	18	6.7
id-09330	10	18	13	6.9
id-09331	4	4	26	5.9
id-09332	1	2	12	6.3
id-09333	7	7	22	5.7
id-09334	10	16	13	6.8
id-09335	1	2	17	5.4
id-09336	2	2	3	5.1
id-09337	3	4	14	6.1
id-09338	10	17	14	6.5
id-09339	8	12	7	5.9
id-09340	7	6	11	6.1
id-09341	1	2	10	7.0
id-09342	4	6	16	6.5
id-09343	7	5	13	6.8
id-09344	6	7	11	6.3
id-09345	5	7	10	6.6
id-09346	3	4	10	5.4
id-09347	10	18	7	6.9
id-09348	6	12	1	6.0
id-09349	3	4	21	5.9
id-09350	10	13	10	6.4
id-09351	5	6	10	5.7
id-09352	5	8	26	6.4
id-09353	1	2	15	5.4
id-09354	8	8	19	6.9
id-09355	10	19	7	5.3
id-09356	6	8	11	6.6
id-09357	2	3	17	6.0
id-09358	10	4	7	5.8
id-09359	9	4	29	6.1
id-09360	7	14	22	5.5
id-09361	2	2	6	5.1
id-09362	3	4	12	6.3
id-09363	8	7	20	6.8
id-09364	3	5	17	5.0
id-09365	6	5	24	5.8
id-09366	2	3	17	5.2
id-09367	5	4	3	6.5
id-09368	7	12	9	6.4
id-09369	8	6	17	5.6
id-09370	5	2	4	6.5
id-09371	8	9	12	6.4
id-09372	8	2	2	6.4
id-09373	1	2	13	6.4
id-09374	1	2	2	6.1
id-09375	9	18	10	6.6
id-09376	3	5	10	5.5
id-09377	9	15	15	5.1
id-09378	4	7	21	6.3
id-09379	7	14	11	6.0
id-09380	9	11	23	5.6
id-09381	3	2	10	6.6
id-09382	10	17	14	6.0
id-09383	2	2	23	6.1
id-09384	2	2	29	6.4
id-09385	4	6	28	6.6
id-09386	3	4	19	5.8
id-09387	6	4	7	6.6
id-09388	9	4	19	5.9
id-09389	8	14	12	6.4
id-09390	2	3	2	6.8
id-09391	1	2	12	5.5
id-09392	8	11	18	5.6
id-09393	1	2	27	6.4
id-09394	7	6	25	5.8
id-09395	1	2	25	5.7
id-09396	6	4	4	5.6
id-09397	8	11	30	5.9
id-09398	4	5	16	6.3
id-09399	9	6	30	6.5
id-09400	5	5	10	5.9
id-09401	7	8	29	5.4
id-09402	10	13	30	6.1
id-09403	10	9	5	6.8
id-09404	9	11	11	6.9
id-09405	10	15	13	6.1
id-09406	8	2	11	6.2
id-09407	10	14	16	6.3
id-09408	3	6	28	6.6
id-09409	4	4	16	5.5
id-09410	5	10	22	6.1
id-09411	4	7	9	5.0
id-09412	7	3	17	5.3
id-09413	3	4	29	5.4
id-09414	8	9	7	5.7
id-09415	2	4	7	5.9
id-09416	4	2	6	6.9
id-09417	6	5	4	7.0
id-09418	10	19	16	6.9
id-09419	7	11	22	5.2
id-09420	7	13	25	6.5
id-09421	5	10	5	6.9
id-09422	9	7	5	5.9
id-09423	1	2	26	7.0
id-09424	8	3	15	5.2
id-09425	4	7	16	5.8
id-09426	1	2	6	6.7
id-09427	7	4	7	5.8
id-09428	9	16	12	6.1
id-09429	6	4	12	5.0
id-09430	3	6	15	5.7
id-09431	3	4	23	6.5
id-09432	7	10	8	6.1
id-09433	7	5	20	5.6
id-09434	8	2	7	6.4
id-09435	6	2	2	6.1
id-09436	3	6	7	6.2
id-09437	5	9	13	7.0
id-09438	8	13	14	6.3
id-09439	6	9	7	5.4
id-09440	7	14	11	5.8
id-09441	1	2	30	5.2
id-09442	6	2	13	5.1
id-09443	9	12	7	6.6
id-09444	4	5	10	5.2
id-09445	3	5	29	6.6
id-09446	1	2	4	5.3
id-09447	3	6	11	5.7
id-09448	9	16	13	6.9
id-09449	10	11	30	6.5
id-09450	9	5	18	5.2
id-09451	5	6	28	5.0
id-09452	10	7	17	5.1
id-09453	10	17	24	6.0
id-09454	6	12	4	6.2
id-09455	10	20	14	6.7
id-09456	2	2	21	6.2
id-09457	5	5	5	5.7
id-09458	5	4	27	6.2
id-09459	9	7	20	6.4
id-09460	2	4	9	6.7
id-09461	1	2	1	5.2
id-09462	3	4	4	6.9
id-09463	3	3	1	6.8
id-09464	10	8	5	5.0
id-09465	8	16	14	5.9
id-09466	3	2	21	6.5
id-09467	1	2	21	5.5
id-09468	2	2	2	5.0
id-09469	1	2	23	5.3
id-09470	1	2	2	6.1
id-09471	8	2	10	5.5
id-09472	3	4	27	5.3
id-09473	9	9	10	5.7
id-09474	10	2	15	6.2
id-09475	9	4	24	5.5
id-09476	5	9	20	6.2
id-09477	3	3	15	6.9
id-09478	6	5	7	5.5
id-09479	2	3	21	6.2
id-09480	1	2	25	6.0
id-09481	5	3	4	6.5
id-09482	3	3	8	6.5
id-09483	4	5	5	6.4
id-09484	5	10	22	6.3
id-09485	7	4	4	5.3
id-09486	6	3	4	5.5
id-09487	4	8	12	6.8
id-09488	4	6	18	6.7
id-09489	4	2	6	5.2
id-09490	7	2	22	5.1
id-09491	4	8	8	6.8
id-09492	1	2	20	5.8
id-09493	1	2	6	5.5
id-09494	6	2	14	6.2
id-09495	2	3	15	5.4
id-09496	8	10	28	6.2
id-09497	5	4	29	5.2
id-09498	2	3	4	5.8
id-09499	9	8	7	6.5
id-09500	2	4	15	5.1
id-09501	6	5	6	6.8
id-09502	3	6	16	6.9
id-09503	4	3	11	6.1
id-09504	2	2	13	5.3
id-09505	5	3	7	6.0
id-09506	8	16	25	6.3
id-09507	6	10	16	6.0
id-09508	1	2	22	5.5
id-09509	4	6	12	6.5
id-09510	10	19	25	5.3
id-09511	1	2	19	5.7
id-09512	6	8	6	6.8
id-09513	10	3	13	5.7
id-09514	3	2	9	5.7
id-09515	6	8	4	6.9
id-09516	1	2	22	5.2
id-09517	3	5	10	5.1
id-09518	7	4	11	6.6
id-09519	4	3	4	6.6
id-09520	8	6	22	5.4
id-09521	10	12	26	6.0
id-09522	6	12	7	5.1
id-09523	3	4	16	5.3
id-09524	3	4	27	5.9
id-09525	3	2	11	6.2
id-09526	10	12	27	6.5
id-09527	3	5	14	7.0
id-09528	2	3	20	5.5
id-09529	10	20	30	6.5
id-09530	3	2	10	6.5
id-09531	3	2	27	6.6
id-09532	5	10	22	6.1
id-09533	2	2	12	6.4
id-09534	3	4	30	5.7
id-09535	6	9	18	6.7
id-09536	9	7	25	5.0
id-09537	10	20	28	6.5
id-09538	6	11	10	6.3
id-09539	6	9	27	6.4
id-09540	2	3	28	6.9
id-09541	2	4	23	6.8
id-09542	2	4	14	6.9
id-09543	6	4	30	6.2
id-09544	3	4	2	6.8
id-09545	8	3	28	6.8
id-09546	4	4	7	6.6
id-09547	1	2	19	5.3
id-09548	6	4	17	6.4
id-09549	10	11	21	5.8
id-09550	2	4	4	5.5
id-09551	3	4	24	6.8
id-09552	9	16	8	6.4
id-09553	10	4	30	6.7
id-09554	8	2	1	6.1
id-09555	6	4	9	5.8
id-09556	5	8	30	5.4
id-09557	3	5	8	7.0
id-09558	1	2	9	5.2
id-09559	6	5	21	6.1
id-09560	9	18	27	5.8
id-09561	3	6	16	6.3
id-09562	3	4	19	6.2
id-09563	5	8	17	5.8
id-09564	6	9	7	5.0
id-09565	9	5	28	6.0
id-09566	6	11	18	5.2
id-09567	10	20	18	5.7
id-09568	4	4	10	6.4
id-09569	1	2	1	6.5
id-09570	8	5	15	5.9
id-09571	9	15	5	5.5
id-09572	9	14	22	5.7
id-09573	10	20	8	6.4
id-09574	6	10	19	6.4
id-09575	3	4	28	5.9
id-09576	6	8	22	6.4
id-09577	2	2	16	6.4
id-09578	2	2	21	5.2
id-09579	8	10	29	6.0
id-09580	1	2	2	6.8
id-09581	9	18	30	6.1
id-09582	8	4	27	6.8
id-09583	1	2	18	5.3
id-09584	7	5	27	5.1
id-09585	6	3	12	6.5
id-09586	8	14	8	5.8
id-09587	5	2	28	5.8
id-09588	9	18	2	6.0
id-09589	7	14	30	5.3
id-09590	1	2	22	6.2
id-09591	3	2	22	5.5
id-09592	3	5	13	6.4
id-09593	9	11	9	6.0
id-09594	9	9	1	5.5
id-09595	2	4	30	5.7
id-09596	2	3	6	6.6
id-09597	1	2	17	7.0
id-09598	6	5	12	5.6
id-09599	7	8	6	5.2
id-09600	7	11	10	5.7
id-09601	1	2	7	5.1
id-09602	7	14	26	5.7
id-09603	2	3	19	6.9
id-09604	2	3	14	6.9
id-09605	10	4	8	6.3
id-09606	5	9	4	6.0
id-09607	2	2	30	5.4
id-09608	6	4	4	6.5
id-09609	3	6	21	5.6
id-09610	7	13	1	5.3
id-09611	6	4	9	5.8
id-09612	3	3	19	5.1
id-09613	4	5	22	6.6
id-09614	7	4	15	5.3
id-09615	5	5	18	5.0
id-09616	8	15	8	5.4
id-09617	5	8	17	5.4
id-09618	9	16	18	6.2
id-09619	2	2	17	5.5
id-09620	4	2	6	6.0
id-09621	6	5	12	6.3
id-09622	3	5	24	6.1
id-09623	3	5	8	5.6
id-09624	9	7	26	5.2
id-09625	2	2	22	5.0
id-09626	9	4	1	5.1
id-09627	9	16	9	6.3
id-09628	6	2	16	6.5
id-09629	1	2	1	6.4
id-09630	10	8	19	6.6
id-09631	9	12	6	5.1
id-09632	8	14	28	6.7
id-09633	3	4	8	5.1
id-09634	3	5	18	6.2
id-09635	6	6	9	6.5
id-09636	8	15	7	6.9
id-09637	9	16	24	5.1
id-09638	3	2	2	5.2
id-09639	7	11	13	5.4
id-09640	10	8	3	5.2
id-09641	4	8	9	6.7
id-09642	5	7	30	7.0
id-09643	9	8	2	6.4
id-09644	7	14	2	6.7
id-09645	4	2	26	6.8
id-09646	5	10	13	6.9
id-09647	3	2	22	5.1
id-09648	5	5	11	5.3
id-09649	7	14	22	6.8
id-09650	10	10	26	5.2
id-09651	10	6	4	6.3
id-09652	8	7	3	5.8
id-09653	4	2	25	6.3
id-09654	10	8	14	5.0
id-09655	4	5	23	6.6
id-09656	5	10	9	5.7
id-09657	3	4	4	5.5
id-09658	9	4	1	5.2
id-09659	2	3	23	5.4
id-09660	2	2	17	6.3
id-09661	10	11	30	6.0
id-09662	4	5	11	5.2
id-09663	10	6	6	6.5
id-09664	3	5	24	6.0
id-09665	6	5	8	5.1
id-09666	1	2	9	6.4
id-09667	1	2	7	6.6
id-09668	8	2	1	5.8
id-09669	6	4	9	6.2
id-09670	9	9	10	6.9
id-09671	10	20	4	6.8
id-09672	10	19	15	5.3
id-09673	3	5	11	5.9
id-09674	2	3	18	6.0
id-09675	7	8	29	5.5
id-09676	8	3	28	6.3
id-09677	7	9	15	6.8
id-09678	2	2	18	6.7
id-09679	10	19	16	7.0
id-09680	9	15	21	5.3
id-09681	8	9	21	6.1
id-09682	6	10	25	6.1
id-09683	3	2	24	5.6
id-09684	10	16	20	6.6
id-09685	8	11	29	7.0
id-09686	5	4	1	7.0
id-09687	10	20	3	5.4
id-09688	8	3	30	6.4
id-09689	3	5	21	6.8
id-09690	1	2	23	6.1
id-09691	10	8	8	5.2
id-09692	8	9	18	6.9
id-09693	1	2	2	5.9
id-09694	2	3	11	5.8
id-09695	3	5	15	5.5
id-09696	1	2	25	5.5
id-09697	8	9	27	6.2
id-09698	2	2	30	5.2
id-09699	10	20	9	5.0
id-09700	7	13	10	5.2
id-09701	2	4	6	6.2
id-09702	7	3	25	6.2
id-09703	5	7	15	5.1
id-09704	4	5	5	5.7
id-09705	3	5	8	5.8
id-09706	4	8	28	6.9
id-09707	4	5	3	6.0
id-09708	4	6	30	6.3
id-09709	3	5	22	6.5
id-09710	10	7	30	6.5
id-09711	8	8	9	5.3
id-09712	10	20	3	5.7
id-09713	7	6	9	6.5
id-09714	8	15	17	5.5
id-09715	7	12	20	6.9
id-09716	4	5	5	5.8
id-09717	4	3	18	5.5
id-09718	3	2	16	6.7
id-09719	2	3	24	7.0
id-09720	3	6	29	6.9
id-09721	10	14	12	6.6
id-09722	3	4	29	5.7
id-09723	5	8	29	6.9
id-09724	5	4	27	5.8
id-09725	8	15	1	6.1
id-09726	8	10	11	6.6
id-09727	1	2	25	5.7
id-09728	4	6	21	5.4
id-09729	2	2	3	6.0
id-09730	8	13	17	5.6
id-09731	9	13	3	5.2
id-09732	4	5	28	6.4
id-09733	8	3	29	5.8
id-09734	7	13	22	6.2
id-09735	8	10	10	6.5
id-09736	5	3	30	6.7
id-09737	6	12	19	6.7
id-09738	5	7	22	6.6
id-09739	10	6	4	5.1
id-09740	4	3	3	6.8
id-09741	5	7	25	5.1
id-09742	4	5	28	6.7
id-09743	4	7	27	6.1
id-09744	2	3	15	5.5
id-09745	3	6	16	6.3
id-09746	4	5	9	6.7
id-09747	9	15	26	5.9
id-09748	10	12	16	6.8
id-09749	4	4	28	6.8
id-09750	2	2	28	5.9
id-09751	3	4	7	6.2
id-09752	10	7	24	6.1
id-09753	9	6	29	6.5
id-09754	9	3	21	5.6
id-09755	7	12	14	5.5
id-09756	4	3	1	5.1
id-09757	1	2	7	6.3
id-09758	7	4	12	6.4
id-09759	3	3	15	5.1
id-09760	9	11	23	6.5
id-09761	5	9	1	5.4
id-09762	1	2	25	6.7
id-09763	8	4	7	5.4
id-09764	7	3	14	6.1
id-09765	5	10	16	6.1
id-09766	6	11	14	5.1
id-09767	8	10	29	6.4
id-09768	3	5	14	6.6
id-09769	4	5	23	6.1
id-09770	5	4	28	5.1
id-09771	8	14	14	6.7
id-09772	2	2	23	5.1
id-09773	10	17	30	6.1
id-09774	8	3	17	5.8
id-09775	1	2	22	5.5
id-09776	7	5	17	6.4
id-09777	3	4	7	5.5
id-09778	4	2	7	5.1
id-09779	6	8	20	6.7
id-09780	8	8	29	6.1
id-09781	6	5	15	5.0
id-09782	5	3	1	6.1
id-09783	2	2	15	5.6
id-09784	1	2	9	6.9
id-09785	10	17	22	5.1
id-09786	7	8	9	6.4
id-09787	2	4	19	5.4
id-09788	5	9	28	6.5
id-09789	9	9	3	6.1
id-09790	2	2	5	6.6
id-09791	2	3	23	5.7
id-09792	5	8	15	6.5
id-09793	3	4	9	6.2
id-09794	8	11	23	6.6
id-09795	3	2	4	5.6
id-09796	8	13	12	5.4
id-09797	8	11	7	5.4
id-09798	8	7	2	5.8
id-09799	10	14	16	6.4
id-09800	9	11	18	5.9
id-09801	4	7	12	6.3
id-09802	3	2	14	6.5
id-09803	1	2	19	5.9
id-09804	2	3	4	6.7
id-09805	7	4	11	6.0
id-09806	2	3	26	5.5
id-09807	2	3	12	5.3
id-09808	9	9	24	6.9
id-09809	10	10	26	6.9
id-09810	3	6	6	5.8
id-09811	8	2	10	6.0
id-09812	2	2	1	6.2
id-09813	8	8	4	5.9
id-09814	10	20	2	6.0
id-09815	4	8	20	6.7
id-09816	5	7	12	5.9
id-09817	5	5	10	5.1
id-09818	3	5	4	5.3
id-09819	3	4	21	6.5
id-09820	5	10	28	6.5
id-09821	5	3	21	6.9
id-09822	1	2	19	5.2
id-09823	3	4	8	6.3
id-09824	3	2	30	6.5
id-09825	2	3	18	6.0
id-09826	1	2	30	6.8
id-09827	8	13	16	6.8
id-09828	1	2	11	6.2
id-09829	4	6	14	5.1
id-09830	1	2	22	5.2
id-09831	8	15	2	5.8
id-09832	8	10	21	6.7
id-09833	6	2	9	5.4
id-09834	9	14	10	6.3
id-09835	5	10	18	7.0
id-09836	1	2	5	6.5
id-09837	1	2	28	5.2
id-09838	2	3	8	5.3
id-09839	10	3	20	5.9
id-09840	3	3	28	6.3
id-09841	10	7	15	6.7
id-09842	3	5	26	6.5
id-09843	5	10	7	5.5
id-09844	5	8	26	5.9
id-09845	8	13	2	6.7
id-09846	10	5	25	6.9
id-09847	5	9	22	5.3
id-09848	5	8	2	6.3
id-09849	7	7	22	5.7
id-09850	5	9	12	5.4
id-09851	1	2	30	5.8
id-09852	7	2	3	5.1
id-09853	10	3	30	5.9
id-09854	2	2	20	5.7
id-09855	1	2	9	5.0
id-09856	6	2	26	6.3
id-09857	1	2	11	5.6
id-09858	7	2	3	5.4
id-09859	6	10	12	5.7
id-09860	9	5	10	6.5
id-09861	7	5	4	6.8
id-09862	10	12	19	6.0
id-09863	9	14	28	6.9
id-09864	7	5	9	5.2
id-09865	2	3	2	6.7
id-09866	5	10	25	6.4
id-09867	10	4	30	6.0
id-09868	2	3	22	6.1
id-09869	3	2	26	5.5
id-09870	6	7	10	5.8
id-09871	8	4	19	6.4
id-09872	4	6	29	5.8
id-09873	8	8	30	6.9
id-09874	2	4	15	6.2
id-09875	3	6	26	6.6
id-09876	7	9	8	6.1
id-09877	10	5	28	6.9
id-09878	7	13	26	5.8
id-09879	2	4	17	5.6
id-09880	5	9	21	6.1
id-09881	2	2	14	6.1
id-09882	7	6	6	6.0
id-09883	8	8	1	6.8
id-09884	5	2	17	5.7
id-09885	6	11	26	5.9
id-09886	7	13	2	5.5
id-09887	3	3	1	5.5
id-09888	5	4	30	6.1
id-09889	1	2	13	5.7
id-09890	8	8	9	6.8
id-09891	4	4	5	5.2
id-09892	5	9	3	6.1
id-09893	4	6	28	5.3
id-09894	9	14	10	5.9
id-09895	6	10	11	6.5
id-09896	9	14	22	5.4
id-09897	5	3	29	5.2
id-09898	6	2	8	6.4
id-09899	9	11	8	6.9
id-09900	2	3	24	6.1
id-09901	4	4	7	6.4
id-09902	10	2	8	7.0
id-09903	4	6	8	5.4
id-09904	8	8	14	6.9
id-09905	10	18	7	5.9
id-09906	1	2	3	5.2
id-09907	1	2	13	5.0
id-09908	9	12	27	6.1
id-09909	3	3	29	6.8
id-09910	2	4	6	5.4
id-09911	10	13	11	5.2
id-09912	2	4	16	5.2
id-09913	3	6	2	6.9
id-09914	9	16	19	5.7
id-09915	2	2	24	5.3
id-09916	3	3	19	5.3
id-09917	6	4	11	5.5
id-09918	10	7	13	5.5
id-09919	8	9	14	6.5
id-09920	4	8	9	6.8
id-09921	1	2	5	6.2
id-09922	9	4	19	6.0
id-09923	4	2	3	6.9
id-09924	6	4	13	6.7
id-09925	9	8	3	5.4
id-09926	10	12	8	6.6
id-09927	4	7	1	5.2
id-09928	2	4	27	6.8
id-09929	4	3	10	6.2
id-09930	2	4	27	6.0
id-09931	10	6	11	5.6
id-09932	8	3	8	6.5
id-09933	9	8	2	6.6
id-09934	2	3	4	5.9
id-09935	9	3	24	7.0
id-09936	2	3	17	5.4
id-09937	5	9	2	5.2
id-09938	10	6	4	6.3
id-09939	2	4	11	6.1
id-09940	5	5	27	6.8
id-09941	4	7	25	5.1
id-09942	1	2	18	5.0
id-09943	1	2	23	7.0
id-09944	7	12	21	6.1
id-09945	6	11	3	5.7
id-09946	1	2	27	5.2
id-09947	1	2	27	6.5
id-09948	7	8	13	5.9
id-09949	10	19	12	5.6
id-09950	7	3	26	6.5
id-09951	8	14	30	6.5
id-09952	3	4	27	6.0
id-09953	1	2	24	6.8
id-09954	8	8	16	5.8
id-09955	1	2	3	5.7
id-09956	1	2	11	5.3
id-09957	2	4	14	5.3
id-09958	9	13	3	5.6
id-09959	6	10	11	5.6
id-09960	2	3	8	6.8
id-09961	1	2	5	6.3
id-09962	3	3	29	5.6
id-09963	6	12	20	6.6
id-09964	4	5	5	5.5
id-09965	3	2	2	6.9
id-09966	4	6	10	6.9
id-09967	4	2	15	6.1
id-09968	5	2	29	6.0
id-09969	5	9	3	5.5
id-09970	7	6	9	5.5
id-09971	7	14	2	6.2
id-09972	2	2	5	6.5
id-09973	6	5	28	5.2
id-09974	5	8	8	6.1
id-09975	10	4	7	5.8
id-09976	6	6	16	6.2
id-09977	10	17	11	6.5
id-09978	2	3	18	6.6
id-09979	7	13	22	5.5
id-09980	2	4	5	6.7
id-09981	9	4	17	5.5
id-09982	7	4	4	5.6
id-09983	7	11	22	6.4
id-09984	9	5	7	5.6
id-09985	1	2	26	6.3
id-09986	2	4	30	5.0
id-09987	8	13	7	6.5
id-09988	9	17	22	5.2
id-09989	6	11	8	6.9
id-09990	4	2	6	6.8
id-09991	10	17	23	6.7
id-09992	2	4	25	6.5
id-09993	3	3	28	5.4
id-09994	8	9	18	6.5
id-09995	6	10	10	5.9
id-09996	6	7	20	5.2
id-09997	1	2	10	6.4
id-09998	10	13	14	5.3
id-09999	10	7	3	5.8
id-10000	7	8	24	5.6
id-10001	3	5	5	6.3
id-10002	6	5	19	5.6
id-10003	8	10	25	5.0
id-10004	9	15	14	6.0
id-10005	8	13	14	6.4
id-10006	5	3	27	6.0
id-10007	9	7	12	6.1
id-10008	4	2	18	6.2
id-10009	10	18	23	5.8
id-10010	3	3	28	5.5
id-10011	8	2	15	5.6
id-10012	2	2	13	5.3
id-10013	10	6	12	6.6
id-10014	9	18	8	6.0
id-10015	5	7	3	6.4
id-10016	8	11	24	5.3
id-10017	1	2	1	5.2
id-10018	10	11	26	6.8
id-10019	10	4	29	5.7
id-10020	5	10	11	5.9
id-10021	8	15	11	6.2
id-10022	9	10	10	5.7
id-10023	5	9	18	5.1
id-10024	6	3	4	6.5
id-10025	2	2	16	6.6
id-10026	2	4	30	5.8
id-10027	7	5	29	6.0
id-10028	4	2	17	5.7
id-10029	2	4	23	5.5
id-10030	3	4	5	5.5
id-10031	9	18	7	6.7
id-10032	10	2	18	6.9
id-10033	1	2	29	6.1
id-10034	8	13	24	5.3
id-10035	6	11	25	6.1
id-10036	10	7	27	5.4
id-10037	2	3	14	5.3
id-10038	7	12	13	5.4
id-10039	5	6	25	6.5
id-10040	4	7	14	6.4
id-10041	4	2	28	5.2
id-10042	6	9	8	5.5
id-10043	3	4	18	6.1
id-10044	3	2	7	5.5
id-10045	1	2	27	5.1
id-10046	7	13	2	5.8
id-10047	9	2	13	5.9
id-10048	8	11	6	5.6
id-10049	10	20	12	5.8
id-10050	4	4	9	6.7
id-10051	7	3	30	6.5
id-10052	3	2	3	5.8
id-10053	9	9	19	5.4
id-10054	6	10	1	6.5
id-10055	6	6	28	5.8
id-10056	6	10	13	6.6
id-10057	9	6	10	5.2
id-10058	4	5	13	5.6
id-10059	6	9	11	6.3
id-10060	9	14	15	6.5
id-10061	8	3	16	5.4
id-10062	1	2	4	6.3
id-10063	4	8	18	5.8
id-10064	5	4	30	6.7
id-10065	3	5	22	5.0
id-10066	3	5	26	6.3
id-10067	8	12	22	5.8
id-10068	6	10	25	5.7
id-10069	8	3	19	7.0
id-10070	4	3	23	6.5
id-10071	8	16	22	5.9
id-10072	7	4	2	5.8
id-10073	10	5	14	5.3
id-10074	5	3	20	6.2
id-10075	6	9	7	6.5
id-10076	9	3	4	6.8
id-10077	7	10	12	5.9
id-10078	6	10	26	7.0
id-10079	3	5	7	6.9
id-10080	9	16	24	6.6
id-10081	9	17	28	6.5
id-10082	6	8	22	6.9
id-10083	3	6	14	5.2
id-10084	1	2	24	6.7
id-10085	3	5	27	5.2
id-10086	10	15	21	5.7
id-10087	7	6	21	5.6
id-10088	10	14	8	6.4
id-10089	9	5	7	5.1
id-10090	1	2	8	5.9
id-10091	2	2	29	5.8
id-10092	7	10	2	5.9
id-10093	10	14	24	6.2
id-10094	8	4	20	5.3
id-10095	6	10	19	5.6
id-10096	4	7	24	5.6
id-10097	2	3	16	5.5
id-10098	6	7	29	5.7
id-10099	4	3	25	6.9
id-10100	9	11	2	5.5
id-10101	8	3	17	6.6
id-10102	8	13	20	6.1
id-10103	8	8	17	7.0
id-10104	5	9	15	5.6
id-10105	4	8	6	5.6
id-10106	5	4	11	6.5
id-10107	4	7	16	6.3
id-10108	7	3	24	5.3
id-10109	10	11	10	5.1
id-10110	4	4	29	6.8
id-10111	7	13	4	5.8
id-10112	10	11	27	5.7
id-10113	9	17	3	6.1
id-10114	2	3	3	6.9
id-10115	10	6	24	5.3
id-10116	3	2	11	6.1
id-10117	10	8	15	6.2
id-10118	7	12	11	6.3
id-10119	4	8	11	6.6
id-10120	4	4	28	5.2
id-10121	10	12	24	6.5
id-10122	8	2	19	6.4
id-10123	3	4	13	5.1
id-10124	2	4	23	5.2
id-10125	4	2	21	5.1
id-10126	10	14	15	6.1
id-10127	7	13	21	5.0
id-10128	2	4	12	5.6
id-10129	8	12	3	6.8
id-10130	1	2	29	5.2
id-10131	3	2	29	6.5
id-10132	3	2	14	5.3
id-10133	6	2	7	5.5
id-10134	8	5	27	6.8
id-10135	5	7	8	5.4
id-10136	2	3	14	6.9
id-10137	2	3	25	5.8
id-10138	5	9	14	6.7
id-10139	8	9	6	6.2
id-10140	6	8	23	5.0
id-10141	3	3	7	6.4
id-10142	2	4	21	5.8
id-10143	1	2	23	5.9
id-10144	5	9	12	5.6
id-10145	10	6	25	5.6
id-10146	1	2	27	6.2
id-10147	10	6	2	5.4
id-10148	9	3	22	5.0
id-10149	10	6	17	6.9
id-10150	10	19	15	5.2
id-10151	5	9	29	6.7
id-10152	7	6	16	5.6
id-10153	1	2	26	5.6
id-10154	9	17	24	6.5
id-10155	8	14	15	6.8
id-10156	6	12	6	5.3
id-10157	6	11	13	6.0
id-10158	5	5	30	5.7
id-10159	7	14	18	5.9
id-10160	9	8	23	5.7
id-10161	8	9	28	7.0
id-10162	6	12	5	5.4
id-10163	6	4	23	6.0
id-10164	2	3	30	6.2
id-10165	8	11	2	6.0
id-10166	1	2	9	5.4
id-10167	6	10	11	6.6
id-10168	9	9	27	6.0
id-10169	10	8	26	6.4
id-10170	4	4	19	6.0
id-10171	1	2	29	6.0
id-10172	2	3	26	6.5
id-10173	3	4	29	5.0
id-10174	6	6	7	6.7
id-10175	5	10	22	6.7
id-10176	8	12	15	6.3
id-10177	5	10	5	6.6
id-10178	10	11	2	5.8
id-10179	6	8	14	5.3
id-10180	4	4	15	6.3
id-10181	7	12	12	6.8
id-10182	6	2	23	5.3
id-10183	2	2	1	5.3
id-10184	1	2	16	6.0
id-10185	4	8	11	5.2
id-10186	3	5	9	5.9
id-10187	9	18	4	6.2
id-10188	3	6	20	5.4
id-10189	4	8	12	5.1
id-10190	5	6	21	6.7
id-10191	8	13	19	5.8
id-10192	9	2	14	6.3
id-10193	5	4	19	5.4
id-10194	1	2	3	5.0
id-10195	8	9	28	6.8
id-10196	6	3	26	5.2
id-10197	1	2	23	5.8
id-10198	1	2	27	5.5
id-10199	9	3	20	5.5
id-10200	2	3	30	6.6
id-10201	7	3	4	6.3
id-10202	6	7	28	6.6
id-10203	7	5	28	6.7
id-10204	2	4	23	5.2
id-10205	3	6	11	5.7
id-10206	5	5	29	5.6
id-10207	10	20	15	6.8
id-10208	9	3	12	5.8
id-10209	7	14	17	5.1
id-10210	2	4	24	5.6
id-10211	9	3	7	5.6
id-10212	6	6	18	5.5
id-10213	4	6	25	5.2
id-10214	8	7	13	6.2
id-10215	7	11	4	5.0
id-10216	9	17	30	6.3
id-10217	8	10	3	6.1
id-10218	5	7	6	6.1
id-10219	7	3	8	6.1
id-10220	7	14	9	6.6
id-10221	8	2	7	5.2
id-10222	6	10	25	6.2
id-10223	9	17	11	6.0
id-10224	4	6	13	5.1
id-10225	5	4	11	5.7
id-10226	2	4	5	6.1
id-10227	4	8	11	6.8
id-10228	3	2	17	5.6
id-10229	4	2	19	6.7
id-10230	2	4	1	6.0
id-10231	10	2	22	6.8
id-10232	9	7	13	5.5
id-10233	4	2	9	5.8
id-10234	1	2	9	5.2
id-10235	3	4	8	5.7
id-10236	10	14	22	5.6
id-10237	5	4	7	5.1
id-10238	4	8	28	7.0
id-10239	8	6	24	5.4
id-10240	1	2	20	5.4
id-10241	6	12	12	6.0
id-10242	1	2	25	5.1
id-10243	9	13	16	6.4
id-10244	10	2	26	5.5
id-10245	6	3	13	6.0
id-10246	4	6	12	5.9
id-10247	10	20	12	6.5
id-10248	5	9	21	5.1
id-10249	5	2	12	6.5
id-10250	8	3	23	6.9
id-10251	5	9	30	5.5
id-10252	4	6	30	6.5
id-10253	3	5	21	5.0
id-10254	2	3	17	5.9
id-10255	5	8	15	6.6
id-10256	3	2	28	6.5
id-10257	4	6	18	6.5
id-10258	1	2	9	6.2
id-10259	5	9	12	6.8
id-10260	4	6	1	5.6
id-10261	9	16	19	5.5
id-10262	4	4	27	6.7
id-10263	7	3	6	5.4
id-10264	7	8	3	6.4
id-10265	3	4	29	5.2
id-10266	4	4	18	5.1
id-10267	9	15	13	5.2
id-10268	3	2	12	6.7
id-10269	7	2	26	6.1
id-10270	10	16	9	6.3
id-10271	4	2	9	6.8
id-10272	10	7	12	6.7
id-10273	5	10	16	5.3
id-10274	10	18	1	6.5
id-10275	3	2	24	6.6
id-10276	6	2	15	6.0
id-10277	2	4	15	5.0
id-10278	4	4	5	6.1
id-10279	10	8	18	5.2
id-10280	8	5	4	5.5
id-10281	7	10	15	5.4
id-10282	8	13	13	6.1
id-10283	2	4	6	5.8
id-10284	5	5	25	5.0
id-10285	3	3	12	6.3
id-10286	6	12	26	5.9
id-10287	4	2	8	6.9
id-10288	4	8	9	5.5
id-10289	6	6	4	6.2
id-10290	1	2	19	5.4
id-10291	8	16	16	5.1
id-10292	1	2	16	6.2
id-10293	3	2	19	5.3
id-10294	4	5	14	5.4
id-10295	8	7	4	6.4
id-10296	2	4	2	6.9
id-10297	10	18	28	6.9
id-10298	5	5	26	5.8
id-10299	5	7	28	6.4
id-10300	4	2	23	5.4
id-10301	2	2	25	6.1
id-10302	3	5	30	5.3
id-10303	5	2	15	5.5
id-10304	9	4	8	5.4
id-10305	8	7	9	6.1
id-10306	1	2	10	6.6
id-10307	3	6	9	5.1
id-10308	10	9	7	5.6
id-10309	4	3	13	6.7
id-10310	2	2	6	5.2
id-10311	1	2	5	6.8
id-10312	5	7	18	5.8
id-10313	7	12	2	6.3
id-10314	5	5	15	5.6
id-10315	5	2	13	6.5
id-10316	2	4	1	6.0
id-10317	3	5	27	5.6
id-10318	6	2	25	6.0
id-10319	9	14	24	6.5
id-10320	3	3	18	5.2
id-10321	9	18	21	6.9
id-10322	5	7	15	6.5
id-10323	2	2	8	6.1
id-10324	8	10	10	6.0
id-10325	10	4	13	5.6
id-10326	1	2	13	5.1
id-10327	8	4	9	5.8
id-10328	3	4	3	5.6
id-10329	2	2	8	5.4
id-10330	7	3	17	5.7
id-10331	1	2	18	6.8
id-10332	4	7	29	6.5
id-10333	1	2	23	5.6
id-10334	5	9	9	5.1
id-10335	9	10	4	6.9
id-10336	4	4	2	6.4
id-10337	8	5	19	6.0
id-10338	2	3	5	5.1
id-10339	4	6	9	5.2
id-10340	8	4	26	5.8
id-10341	3	6	7	6.7
id-10342	1	2	12	5.7
id-10343	2	3	6	6.6
id-10344	6	8	9	5.5
id-10345	8	2	17	6.8
id-10346	4	7	22	6.5
id-10347	10	16	14	6.9
id-10348	9	9	3	6.0
id-10349	10	2	30	5.4
id-10350	3	6	18	5.0
id-10351	5	8	10	6.9
id-10352	4	6	28	5.6
id-10353	6	11	16	6.0
id-10354	6	6	26	7.0
id-10355	6	5	25	6.0
id-10356	10	2	16	5.8
id-10357	4	2	1	6.4
id-10358	2	3	11	6.5
id-10359	1	2	24	6.3
id-10360	4	7	9	5.8
id-10361	5	6	28	5.3
id-10362	4	8	24	5.9
id-10363	8	15	5	6.3
id-10364	1	2	5	6.9
id-10365	6	6	25	5.2
id-10366	8	13	26	6.6
id-10367	6	4	17	6.3
id-10368	7	12	11	6.7
id-10369	5	2	20	5.0
id-10370	9	10	20	5.4
id-10371	2	3	5	6.2
id-10372	10	20	7	5.4
id-10373	9	10	12	5.3
id-10374	7	4	10	6.4
id-10375	8	14	2	6.2
id-10376	3	3	23	6.1
id-10377	7	11	29	6.9
id-10378	5	8	14	6.8
id-10379	7	6	11	5.2
id-10380	1	2	15	5.5
id-10381	2	3	15	5.4
id-10382	7	3	5	5.7
id-10383	9	4	25	5.9
id-10384	10	16	24	5.6
id-10385	10	14	28	5.7
id-10386	5	8	30	5.2
id-10387	3	5	12	5.0
id-10388	7	12	11	6.6
id-10389	1	2	12	6.0
id-10390	9	2	6	5.5
id-10391	10	12	14	5.3
id-10392	6	6	16	6.6
id-10393	10	7	28	6.3
id-10394	10	14	23	5.7
id-10395	8	13	29	6.1
id-10396	7	2	30	6.4
id-10397	1	2	19	6.4
id-10398	5	5	30	6.3
id-10399	3	4	19	5.8
id-10400	2	3	24	6.8
id-10401	4	4	24	5.7
id-10402	10	20	6	6.9
id-10403	10	19	15	6.6
id-10404	4	6	26	5.5
id-10405	8	15	16	6.2
id-10406	3	5	29	6.4
id-10407	1	2	9	6.5
id-10408	5	7	5	6.5
id-10409	8	12	20	5.4
id-10410	1	2	27	6.4
id-10411	5	5	14	6.4
id-10412	1	2	25	6.7
id-10413	6	9	21	6.5
id-10414	8	16	14	5.5
id-10415	6	11	15	5.9
id-10416	1	2	19	6.9
id-10417	6	6	3	5.0
id-10418	4	4	20	6.7
id-10419	7	7	12	5.1
id-10420	3	4	27	6.3
id-10421	4	3	16	6.8
id-10422	2	2	5	5.5
id-10423	10	9	21	5.5
id-10424	7	2	15	5.6
id-10425	4	6	10	5.6
id-10426	5	8	16	6.2
id-10427	3	5	28	6.4
id-10428	4	7	25	6.8
id-10429	2	2	8	5.6
id-10430	2	2	15	5.1
id-10431	2	4	16	6.6
id-10432	5	5	8	6.2
id-10433	9	2	18	5.4
id-10434	5	10	24	5.8
id-10435	4	5	19	5.2
id-10436	10	4	8	5.6
id-10437	9	18	10	5.3
id-10438	8	3	13	5.1
id-10439	9	6	7	6.5
id-10440	5	2	30	7.0
id-10441	5	2	17	6.9
id-10442	5	7	28	5.7
id-10443	9	16	30	5.4
id-10444	6	3	5	6.2
id-10445	9	16	7	6.4
id-10446	10	15	16	6.9
id-10447	7	8	9	6.6
id-10448	7	14	6	6.4
id-10449	1	2	11	5.5
id-10450	3	3	28	6.4
id-10451	8	6	10	5.5
id-10452	4	2	11	5.8
id-10453	9	11	5	5.2
id-10454	1	2	1	6.8
id-10455	4	8	29	5.4
id-10456	9	2	19	6.8
id-10457	1	2	24	6.7
id-10458	7	7	5	6.0
id-10459	5	9	11	5.6
id-10460	5	9	23	5.1
id-10461	6	3	4	6.8
id-10462	5	3	26	5.2
id-10463	1	2	18	6.9
id-10464	5	3	4	6.3
id-10465	1	2	4	5.9
id-10466	10	13	27	6.3
id-10467	6	11	24	5.2
id-10468	2	2	24	5.3
id-10469	3	5	20	6.7
id-10470	10	3	28	6.9
id-10471	5	10	25	6.3
id-10472	1	2	16	5.5
id-10473	3	4	5	6.1
id-10474	7	6	30	5.9
id-10475	2	2	25	6.8
id-10476	6	11	29	5.4
id-10477	7	14	5	6.4
id-10478	1	2	19	5.9
id-10479	5	9	9	6.7
id-10480	3	6	1	6.8
id-10481	8	12	14	6.9
id-10482	3	5	7	6.9
id-10483	6	10	9	6.2
id-10484	10	4	17	6.8
id-10485	8	4	11	6.5
id-10486	7	11	25	6.2
id-10487	3	2	27	5.5
id-10488	4	4	15	6.2
id-10489	7	6	30	5.7
id-10490	9	2	7	5.1
id-10491	8	12	6	5.9
id-10492	2	2	4	6.3
id-10493	7	8	12	5.8
id-10494	2	4	26	6.2
id-10495	8	7	17	6.4
id-10496	6	10	13	5.0
id-10497	10	3	11	5.4
id-10498	9	16	9	5.5
id-10499	8	8	21	5.9
id-10500	4	2	28	5.5
id-10501	3	6	12	5.6
id-10502	6	3	13	5.5
id-10503	10	9	9	6.7
id-10504	4	3	16	5.6
id-10505	8	2	1	5.0
id-10506	10	12	22	5.7
id-10507	6	5	8	5.5
id-10508	8	7	30	6.5
id-10509	4	5	17	7.0
id-10510	1	2	18	6.1
id-10511	6	5	6	5.2
id-10512	2	2	17	5.6
id-10513	4	8	19	5.2
id-10514	3	6	14	6.5
id-10515	6	6	19	6.9
id-10516	3	4	30	6.7
id-10517	9	17	19	6.9
id-10518	3	2	1	5.0
id-10519	1	2	15	6.1
id-10520	7	14	12	6.8
id-10521	4	2	17	6.3
id-10522	7	9	16	7.0
id-10523	8	11	6	5.0
id-10524	9	17	8	5.6
id-10525	9	8	30	6.7
id-10526	4	4	20	5.9
id-10527	1	2	26	6.7
id-10528	10	9	24	5.1
id-10529	6	6	30	6.9
id-10530	3	5	18	5.1
id-10531	4	5	24	6.2
id-10532	1	2	20	6.5
id-10533	7	7	20	5.8
id-10534	10	12	13	6.3
id-10535	1	2	6	5.1
id-10536	6	6	14	5.4
id-10537	1	2	1	6.7
id-10538	4	6	12	6.5
id-10539	1	2	14	5.8
id-10540	1	2	27	6.4
id-10541	10	8	19	5.9
id-10542	1	2	19	6.2
id-10543	5	2	13	6.5
id-10544	2	3	27	5.7
id-10545	3	6	26	6.3
id-10546	10	5	29	6.7
id-10547	1	2	22	5.8
id-10548	10	8	30	6.8
id-10549	3	5	1	6.2
id-10550	10	2	4	6.0
id-10551	7	13	27	6.0
id-10552	10	7	5	6.8
id-10553	10	16	19	6.2
id-10554	8	10	1	6.3
id-10555	8	9	13	6.7
id-10556	10	11	7	5.3
id-10557	1	2	20	6.0
id-10558	7	5	6	5.4
id-10559	10	8	19	5.6
id-10560	2	3	22	6.3
id-10561	6	7	12	6.8
id-10562	9	17	9	5.1
id-10563	6	9	19	5.1
id-10564	6	7	6	6.8
id-10565	3	3	7	5.7
id-10566	10	5	14	5.7
id-10567	7	5	29	5.2
id-10568	4	3	2	6.2
id-10569	10	3	9	6.4
id-10570	9	12	6	5.3
id-10571	9	15	1	6.2
id-10572	5	9	30	6.5
id-10573	4	6	27	5.4
id-10574	3	4	2	6.0
id-10575	4	7	12	5.5
id-10576	8	12	24	5.2
id-10577	3	3	10	5.6
id-10578	4	7	13	5.7
id-10579	8	15	6	6.2
id-10580	5	4	12	6.2
id-10581	3	6	29	6.7
id-10582	8	13	2	5.4
id-10583	9	14	28	5.9
id-10584	4	5	11	5.5
id-10585	3	6	18	6.3
id-10586	2	4	10	6.4
id-10587	5	10	7	5.9
id-10588	10	7	17	5.5
id-10589	9	11	2	5.2
id-10590	2	4	3	6.7
id-10591	4	2	22	6.8
id-10592	10	16	8	5.0
id-10593	1	2	27	5.7
id-10594	3	6	24	5.3
id-10595	5	6	1	5.1
id-10596	9	8	1	5.2
id-10597	10	7	26	6.0
id-10598	7	7	27	5.7
id-10599	6	4	11	5.7
id-10600	7	12	4	6.5
id-10601	8	8	20	5.8
id-10602	4	3	16	6.5
id-10603	3	4	10	5.4
id-10604	7	2	1	6.2
id-10605	6	7	19	6.9
id-10606	8	6	28	5.0
id-10607	6	12	13	5.7
id-10608	10	6	21	6.3
id-10609	3	5	18	6.6
id-10610	6	11	17	6.2
id-10611	2	3	27	7.0
id-10612	2	4	7	5.3
id-10613	6	12	4	6.4
id-10614	3	5	6	6.5
id-10615	10	14	15	6.0
id-10616	8	8	10	6.9
id-10617	2	2	26	6.1
id-10618	6	6	1	6.7
id-10619	6	12	1	6.6
id-10620	2	4	12	6.2
id-10621	3	2	14	6.8
id-10622	10	7	11	5.6
id-10623	3	2	28	6.4
id-10624	5	8	3	5.4
id-10625	4	2	19	5.1
id-10626	4	4	23	5.7
id-10627	6	2	20	6.8
id-10628	4	4	29	6.8
id-10629	6	12	17	5.6
id-10630	10	14	1	6.5
id-10631	6	10	3	5.6
id-10632	10	2	22	5.6
id-10633	1	2	19	5.1
id-10634	1	2	16	6.9
id-10635	4	2	24	5.8
id-10636	1	2	17	6.1
id-10637	6	7	6	6.4
id-10638	2	4	7	6.8
id-10639	5	3	2	6.5
id-10640	8	6	24	6.7
id-10641	4	8	29	6.8
id-10642	8	11	6	6.9
id-10643	4	3	29	5.7
id-10644	5	4	8	6.0
id-10645	9	16	5	5.3
id-10646	8	14	9	5.3
id-10647	3	4	4	6.4
id-10648	3	3	14	5.0
id-10649	7	8	28	6.4
id-10650	10	17	12	6.7
id-10651	4	3	12	6.9
id-10652	8	4	18	6.1
id-10653	10	4	2	6.2
id-10654	1	2	20	7.0
id-10655	10	20	14	6.6
id-10656	2	2	27	5.1
id-10657	5	2	26	6.4
id-10658	6	5	13	6.6
id-10659	10	7	24	6.2
id-10660	7	12	5	6.7
id-10661	4	3	30	6.6
id-10662	4	7	7	6.9
id-10663	6	8	23	6.0
id-10664	5	8	28	5.3
id-10665	4	7	23	6.6
id-10666	2	2	2	5.6
id-10667	10	17	13	5.6
id-10668	6	2	17	6.6
id-10669	6	3	21	5.3
id-10670	3	2	24	6.0
id-10671	7	3	21	7.0
id-10672	2	4	12	5.3
id-10673	2	4	9	6.6
id-10674	3	2	11	5.8
id-10675	4	5	22	6.3
id-10676	6	2	4	6.1
id-10677	6	11	13	6.3
id-10678	10	3	29	5.2
id-10679	9	17	8	5.9
id-10680	6	7	1	6.4
id-10681	5	8	17	6.7
id-10682	8	11	28	5.4
id-10683	6	8	21	6.4
id-10684	9	7	28	5.7
id-10685	6	9	26	6.4
id-10686	7	6	13	5.3
id-10687	9	17	15	5.2
id-10688	6	12	24	5.9
id-10689	9	6	8	5.8
id-10690	10	7	13	5.3
id-10691	3	3	3	5.1
id-10692	4	4	26	5.2
id-10693	1	2	6	5.6
id-10694	5	10	12	5.2
id-10695	5	4	1	6.8
id-10696	3	6	20	6.1
id-10697	5	5	26	5.6
id-10698	6	10	28	5.9
id-10699	5	3	28	6.1
id-10700	7	11	22	5.2
id-10701	6	10	8	6.4
id-10702	9	8	1	5.6
id-10703	1	2	13	6.4
id-10704	1	2	17	5.4
id-10705	9	11	19	5.3
id-10706	6	3	14	5.2
id-10707	6	6	25	6.2
id-10708	7	8	9	5.4
id-10709	8	8	11	6.0
id-10710	5	7	8	6.1
id-10711	5	8	23	5.5
id-10712	7	9	15	5.3
id-10713	4	2	1	6.8
id-10714	4	4	14	5.7
id-10715	8	7	5	5.9
id-10716	6	7	30	7.0
id-10717	6	10	25	6.5
id-10718	3	2	6	5.4
id-10719	1	2	7	6.6
id-10720	3	3	3	5.4
id-10721	6	11	11	6.1
id-10722	7	11	7	6.8
id-10723	9	7	14	5.9
id-10724	1	2	25	6.2
id-10725	3	4	1	5.5
id-10726	1	2	16	5.8
id-10727	10	18	27	5.0
id-10728	3	4	8	5.7
id-10729	2	2	5	5.9
id-10730	7	5	12	5.4
id-10731	7	14	12	6.7
id-10732	8	13	5	5.7
id-10733	9	15	12	5.8
id-10734	1	2	6	5.5
id-10735	9	14	5	5.8
id-10736	1	2	20	5.9
id-10737	10	8	28	5.3
id-10738	1	2	23	5.1
id-10739	3	4	27	6.0
id-10740	2	2	24	5.3
id-10741	6	7	30	5.4
id-10742	9	7	19	6.2
id-10743	3	4	27	6.7
id-10744	10	11	13	6.7
id-10745	4	5	4	6.2
id-10746	7	4	29	6.9
id-10747	9	9	8	5.2
id-10748	8	9	10	5.4
id-10749	5	10	15	6.8
id-10750	7	9	11	5.4
id-10751	5	2	9	6.2
id-10752	6	2	14	5.0
id-10753	2	3	24	6.1
id-10754	8	9	15	5.2
id-10755	3	6	30	6.1
id-10756	10	7	11	5.8
id-10757	10	14	21	6.7
id-10758	10	10	2	5.3
id-10759	8	3	17	5.3
id-10760	10	19	16	6.2
id-10761	4	6	6	6.8
id-10762	8	10	24	6.7
id-10763	10	18	19	6.2
id-10764	8	10	13	5.2
id-10765	4	6	1	5.1
id-10766	6	4	4	6.0
id-10767	7	8	21	5.8
id-10768	8	8	24	5.4
id-10769	4	7	21	5.3
id-10770	3	6	4	6.4
id-10771	10	15	26	5.2
id-10772	9	7	28	6.8
id-10773	6	8	10	5.5
id-10774	9	13	15	6.4
id-10775	9	17	27	6.0
id-10776	1	2	12	6.7
id-10777	9	18	19	5.9
id-10778	2	4	10	6.2
id-10779	6	12	27	6.9
id-10780	3	6	8	6.7
id-10781	1	2	5	6.5
id-10782	4	3	2	5.4
id-10783	2	2	12	5.7
id-10784	8	15	5	5.1
id-10785	9	18	17	6.2
id-10786	5	10	12	6.1
id-10787	10	6	13	6.9
id-10788	6	6	15	5.2
id-10789	7	5	15	5.9
id-10790	3	2	5	5.5
id-10791	7	11	1	5.6
id-10792	2	4	3	5.2
id-10793	1	2	3	5.2
id-10794	2	2	7	6.8
id-10795	9	12	6	5.5
id-10796	5	10	7	5.9
id-10797	2	2	3	5.4
id-10798	2	2	10	6.4
id-10799	10	19	11	6.0
id-10800	6	3	2	6.3
id-10801	10	7	7	6.9
id-10802	5	3	1	6.0
id-10803	8	6	21	5.5
id-10804	7	11	4	5.6
id-10805	5	7	1	6.0
id-10806	7	2	18	5.2
id-10807	8	8	13	5.3
id-10808	9	10	24	5.9
id-10809	2	3	10	6.6
id-10810	4	2	19	5.3
id-10811	5	10	26	5.5
id-10812	3	6	27	6.2
id-10813	7	4	21	5.7
id-10814	3	5	27	5.2
id-10815	2	4	20	5.5
id-10816	7	10	19	5.2
id-10817	4	3	29	5.2
id-10818	2	3	8	5.1
id-10819	1	2	7	5.4
id-10820	5	2	13	6.9
id-10821	1	2	29	6.4
id-10822	5	8	8	5.3
id-10823	2	4	16	6.7
id-10824	3	4	1	5.4
id-10825	10	20	18	6.9
id-10826	2	4	7	6.7
id-10827	4	7	18	5.3
id-10828	7	10	27	6.6
id-10829	10	9	26	5.7
id-10830	6	8	4	6.5
id-10831	8	3	28	6.2
id-10832	4	8	26	6.2
id-10833	1	2	19	6.5
id-10834	8	15	24	6.9
id-10835	2	4	4	5.5
id-10836	7	10	2	5.3
id-10837	10	18	5	5.1
id-10838	1	2	11	5.8
id-10839	7	4	15	6.4
id-10840	7	2	3	5.2
id-10841	4	6	4	5.2
id-10842	5	8	12	5.3
id-10843	6	2	8	6.1
id-10844	2	4	21	6.5
id-10845	7	4	25	6.9
id-10846	2	3	24	6.2
id-10847	1	2	15	6.5
id-10848	5	5	25	5.7
id-10849	9	3	26	6.5
id-10850	3	6	1	6.7
id-10851	6	3	23	7.0
id-10852	10	8	22	5.8
id-10853	2	4	27	6.3
id-10854	2	4	8	5.2
id-10855	8	13	20	6.7
id-10856	1	2	15	5.7
id-10857	5	6	27	6.4
id-10858	6	6	14	5.5
id-10859	5	4	30	6.0
id-10860	1	2	24	5.3
id-10861	2	3	26	6.7
id-10862	10	13	17	6.5
id-10863	2	2	23	5.8
id-10864	10	19	3	5.6
id-10865	2	3	7	5.0
id-10866	6	8	19	5.7
id-10867	3	4	3	5.2
id-10868	6	9	23	6.8
id-10869	10	6	12	6.6
id-10870	2	4	10	5.9
id-10871	1	2	12	6.6
id-10872	4	5	16	5.8
id-10873	5	3	17	6.0
id-10874	10	16	21	6.2
id-10875	9	8	29	6.4
id-10876	10	8	21	6.9
id-10877	10	8	26	5.3
id-10878	5	5	5	6.3
id-10879	9	4	21	7.0
id-10880	4	5	19	5.5
id-10881	9	9	30	5.1
id-10882	8	4	2	6.6
id-10883	7	5	19	6.6
id-10884	2	2	21	6.8
id-10885	9	10	29	6.9
id-10886	2	2	15	6.9
id-10887	7	10	16	5.7
id-10888	10	6	15	6.0
id-10889	5	10	2	6.9
id-10890	1	2	4	5.9
id-10891	5	3	3	6.1
id-10892	1	2	15	5.2
id-10893	6	8	26	5.1
id-10894	6	6	27	6.1
id-10895	1	2	4	5.0
id-10896	4	5	15	5.2
id-10897	4	8	2	5.7
id-10898	3	3	27	5.7
id-10899	9	8	3	6.1
id-10900	7	3	30	5.1
id-10901	4	5	29	5.5
id-10902	4	4	11	5.4
id-10903	6	5	13	6.8
id-10904	2	3	23	5.2
id-10905	9	13	7	6.2
id-10906	4	3	27	5.9
id-10907	1	2	11	5.3
id-10908	8	6	26	5.6
id-10909	6	5	12	5.6
id-10910	6	9	10	6.1
id-10911	4	4	4	6.5
id-10912	1	2	2	5.3
id-10913	9	18	15	5.8
id-10914	9	2	6	6.3
id-10915	3	3	20	6.6
id-10916	9	8	15	5.3
id-10917	3	3	19	5.4
id-10918	3	5	4	5.1
id-10919	10	16	4	5.5
id-10920	8	8	16	5.2
id-10921	2	2	5	5.5
id-10922	8	6	6	6.5
id-10923	6	10	15	5.5
id-10924	10	2	23	5.2
id-10925	1	2	9	6.8
id-10926	6	12	21	5.8
id-10927	6	7	9	5.1
id-10928	3	4	14	6.0
id-10929	1	2	4	5.1
id-10930	7	14	25	5.4
id-10931	8	3	14	6.2
id-10932	6	11	27	6.2
id-10933	2	4	1	6.1
id-10934	9	2	28	5.8
id-10935	4	3	2	5.2
id-10936	6	8	15	6.7
id-10937	3	6	20	5.7
id-10938	7	12	18	6.0
id-10939	1	2	10	6.3
id-10940	2	3	19	5.7
id-10941	8	12	18	6.9
id-10942	8	11	14	6.6
id-10943	6	3	13	5.5
id-10944	1	2	16	6.0
id-10945	5	5	27	6.8
id-10946	1	2	2	5.9
id-10947	2	4	14	5.7
id-10948	3	3	24	5.5
id-10949	7	11	17	5.7
id-10950	1	2	14	6.6
id-10951	10	18	23	5.0
id-10952	5	10	16	5.4
id-10953	5	2	21	5.2
id-10954	9	7	13	6.2
id-10955	8	6	4	5.3
id-10956	6	11	3	5.5
id-10957	1	2	17	5.4
id-10958	3	5	20	6.8
id-10959	4	4	1	6.0
id-10960	3	3	25	5.1
id-10961	10	20	12	6.4
id-10962	8	9	7	7.0
id-10963	8	10	17	5.7
id-10964	2	4	4	7.0
id-10965	5	9	15	5.9
id-10966	9	6	21	6.4
id-10967	1	2	20	6.8
id-10968	9	13	12	5.3
id-10969	10	4	24	6.7
id-10970	1	2	10	5.2
id-10971	1	2	29	5.6
id-10972	8	16	3	5.0
id-10973	6	12	14	6.3
id-10974	9	10	20	6.1
id-10975	10	19	19	5.7
id-10976	8	7	19	6.7
id-10977	9	5	17	5.4
id-10978	1	2	19	6.0
id-10979	2	4	20	5.0
id-10980	10	11	8	5.4
id-10981	2	2	22	6.2
id-10982	1	2	10	6.1
id-10983	9	6	4	5.0
id-10984	9	14	19	6.6
id-10985	4	3	17	5.7
id-10986	9	9	4	5.2
id-10987	2	3	8	6.0
id-10988	2	4	5	5.6
id-10989	5	2	2	6.9
id-10990	3	3	28	7.0
id-10991	7	2	19	5.1
id-10992	7	8	19	5.6
id-10993	6	10	13	5.4
id-10994	7	11	23	5.7
id-10995	2	3	7	6.9
id-10996	1	2	7	6.8
id-10997	2	4	17	5.7
id-10998	8	10	21	5.9
id-10999	7	10	25	5.5
id-11000	10	7	23	5.2
id-11001	1	2	23	6.8
id-11002	6	4	7	6.0
id-11003	7	11	5	6.3
id-11004	5	8	4	6.3
id-11005	10	5	22	6.5
id-11006	2	2	5	5.2
id-11007	8	16	9	5.9
id-11008	4	7	1	6.3
id-11009	6	10	19	6.4
id-11010	7	5	8	5.8
id-11011	2	4	12	6.1
id-11012	5	10	18	6.3
id-11013	7	8	16	6.3
id-11014	10	3	14	6.3
id-11015	8	5	9	5.1
id-11016	5	10	1	5.4
id-11017	6	3	12	6.0
id-11018	9	18	11	5.8
id-11019	10	18	3	5.8
id-11020	10	12	24	6.2
id-11021	9	13	12	6.1
id-11022	1	2	23	7.0
id-11023	1	2	18	7.0
id-11024	3	4	21	5.8
id-11025	10	17	11	6.9
id-11026	10	9	5	6.0
id-11027	1	2	10	5.8
id-11028	1	2	13	5.2
id-11029	8	12	17	7.0
id-11030	10	13	8	5.3
id-11031	3	3	13	6.6
id-11032	5	9	30	6.0
id-11033	9	18	12	5.2
id-11034	7	8	5	6.9
id-11035	4	7	22	5.2
id-11036	2	3	20	7.0
id-11037	2	4	5	6.9
id-11038	8	14	4	6.9
id-11039	1	2	15	5.4
id-11040	3	5	22	6.5
id-11041	3	3	8	6.5
id-11042	4	6	24	5.0
id-11043	7	4	13	6.4
id-11044	6	4	8	5.5
id-11045	8	9	18	6.8
id-11046	7	3	13	6.7
id-11047	9	14	28	6.1
id-11048	8	12	15	5.8
id-11049	2	3	14	6.9
id-11050	4	8	21	5.5
id-11051	2	2	18	5.9
id-11052	8	10	26	6.9
id-11053	4	6	14	6.2
id-11054	4	3	9	5.9
id-11055	3	4	14	5.6
id-11056	7	10	7	5.3
id-11057	9	5	2	5.7
id-11058	8	10	23	6.9
id-11059	10	5	25	6.2
id-11060	8	6	24	6.0
id-11061	2	4	4	5.8
id-11062	9	15	4	6.9
id-11063	9	9	8	7.0
id-11064	3	6	18	5.3
id-11065	3	4	11	6.9
id-11066	10	10	10	5.9
id-11067	3	2	24	6.3
id-11068	4	8	30	6.0
id-11069	8	4	25	5.2
id-11070	3	3	7	6.3
id-11071	9	17	29	6.9
id-11072	4	5	20	5.5
id-11073	7	9	18	5.9
id-11074	7	10	17	5.3
id-11075	1	2	14	5.9
id-11076	3	4	27	6.8
id-11077	2	2	10	5.5
id-11078	8	16	1	6.6
id-11079	10	18	11	5.1
id-11080	8	15	15	5.2
id-11081	8	16	16	6.6
id-11082	9	9	29	5.7
id-11083	6	6	24	5.8
id-11084	2	3	29	6.1
id-11085	2	4	30	6.9
id-11086	7	7	20	5.4
id-11087	2	4	6	6.3
id-11088	9	8	21	5.3
id-11089	4	5	1	6.6
id-11090	1	2	10	5.9
id-11091	5	8	21	6.2
id-11092	4	7	5	5.3
id-11093	8	4	4	6.0
id-11094	7	2	18	5.4
id-11095	10	4	6	6.0
id-11096	8	11	29	6.2
id-11097	4	4	20	5.4
id-11098	4	3	5	5.9
id-11099	2	2	4	6.1
id-11100	9	4	24	6.9
id-11101	10	16	13	7.0
id-11102	5	4	27	5.0
id-11103	10	17	27	6.5
id-11104	8	10	21	6.3
id-11105	9	11	23	5.8
id-11106	3	5	25	5.3
id-11107	8	14	2	5.7
id-11108	2	4	18	5.9
id-11109	4	3	1	5.4
id-11110	1	2	25	5.2
id-11111	9	5	24	5.5
id-11112	8	4	6	5.9
id-11113	4	2	2	6.8
id-11114	2	2	23	5.3
id-11115	5	5	8	5.1
id-11116	7	10	16	5.4
id-11117	2	4	16	6.7
id-11118	3	4	3	5.3
id-11119	6	5	4	5.4
id-11120	8	6	6	5.5
id-11121	9	15	16	5.9
id-11122	5	2	10	6.2
id-11123	1	2	10	5.7
id-11124	3	5	20	6.2
id-11125	1	2	2	6.3
id-11126	8	4	30	6.2
id-11127	2	4	10	6.2
id-11128	9	17	5	5.0
id-11129	7	12	9	6.5
id-11130	7	8	20	5.1
id-11131	5	2	22	6.9
id-11132	6	6	30	6.1
id-11133	10	16	24	6.0
id-11134	10	6	22	5.2
id-11135	2	2	10	5.5
id-11136	1	2	26	6.9
id-11137	1	2	4	5.2
id-11138	5	5	22	5.9
id-11139	10	6	19	6.9
id-11140	10	18	15	6.5
id-11141	5	8	6	5.3
id-11142	3	6	22	6.3
id-11143	6	5	19	6.6
id-11144	8	5	2	5.1
id-11145	1	2	12	6.0
id-11146	9	15	30	7.0
id-11147	5	2	25	6.4
id-11148	3	5	13	5.5
id-11149	6	12	14	6.4
id-11150	8	7	14	6.8
id-11151	2	3	10	6.0
id-11152	3	2	7	6.0
id-11153	6	12	28	5.2
id-11154	3	6	26	6.8
id-11155	10	3	7	6.6
id-11156	4	7	8	6.7
id-11157	5	10	17	6.4
id-11158	3	3	2	5.8
id-11159	5	2	18	6.0
id-11160	5	10	8	6.9
id-11161	6	12	30	6.4
id-11162	5	4	4	6.9
id-11163	7	14	25	6.6
id-11164	3	4	16	5.1
id-11165	4	2	29	5.1
id-11166	7	7	15	5.8
id-11167	6	11	20	6.1
id-11168	4	8	15	5.3
id-11169	5	9	3	6.6
id-11170	7	5	30	6.9
id-11171	1	2	5	5.6
id-11172	3	6	17	6.7
id-11173	7	5	14	5.9
id-11174	2	2	21	6.9
id-11175	10	10	11	6.4
id-11176	2	2	1	5.3
id-11177	1	2	14	6.3
id-11178	6	5	26	6.4
id-11179	9	15	26	6.7
id-11180	2	4	24	5.8
id-11181	7	3	12	5.3
id-11182	7	8	26	6.1
id-11183	5	10	13	6.3
id-11184	9	15	21	6.6
id-11185	6	5	10	5.4
id-11186	4	4	14	6.6
id-11187	5	7	1	6.1
id-11188	3	2	16	6.4
id-11189	2	2	7	5.4
id-11190	1	2	1	6.9
id-11191	5	2	10	5.4
id-11192	3	5	4	6.9
id-11193	4	7	12	6.6
id-11194	2	3	25	5.9
id-11195	1	2	13	6.6
id-11196	5	10	13	6.4
id-11197	7	11	24	6.2
id-11198	5	3	8	5.7
id-11199	4	4	21	6.8
id-11200	1	2	28	6.4
id-11201	2	4	23	6.4
id-11202	4	2	5	5.5
id-11203	4	2	13	5.2
id-11204	1	2	2	6.9
id-11205	3	2	18	6.8
id-11206	5	9	10	6.6
id-11207	1	2	27	6.6
id-11208	3	5	24	6.1
id-11209	8	5	19	5.8
id-11210	4	2	4	6.4
id-11211	2	4	6	6.2
id-11212	1	2	1	6.2
id-11213	2	4	12	5.1
id-11214	9	18	16	6.8
id-11215	8	11	4	6.4
id-11216	1	2	9	5.7
id-11217	10	3	19	5.2
id-11218	7	11	11	6.6
id-11219	5	8	26	5.5
id-11220	2	4	24	6.8
id-11221	1	2	22	5.7
id-11222	1	2	18	6.2
id-11223	8	11	23	6.9
id-11224	6	4	13	5.9
id-11225	5	3	5	5.6
id-11226	6	8	23	5.3
id-11227	4	6	27	6.5
id-11228	7	11	17	6.1
id-11229	1	2	2	5.9
id-11230	1	2	25	6.1
id-11231	5	4	18	5.5
id-11232	10	19	28	5.8
id-11233	9	15	15	5.5
id-11234	10	19	17	6.7
id-11235	10	2	12	6.9
id-11236	8	14	29	5.1
id-11237	9	17	7	5.8
id-11238	7	9	6	5.8
id-11239	7	6	22	6.9
id-11240	6	9	11	5.9
id-11241	2	2	28	6.5
id-11242	5	5	25	6.1
id-11243	6	3	23	6.5
id-11244	2	4	25	6.9
id-11245	7	14	22	6.7
id-11246	7	8	24	6.9
id-11247	7	4	10	5.0
id-11248	5	2	3	6.7
id-11249	2	3	24	5.3
id-11250	4	2	8	5.3
id-11251	6	11	12	5.3
id-11252	7	12	21	6.4
id-11253	4	7	29	5.0
id-11254	10	17	7	5.1
id-11255	9	16	19	6.9
id-11256	10	14	27	6.0
id-11257	9	15	6	6.8
id-11258	3	5	28	6.9
id-11259	10	19	24	5.8
id-11260	9	5	2	5.9
id-11261	4	3	18	6.7
id-11262	9	3	4	6.9
id-11263	3	6	18	6.7
id-11264	9	4	8	5.7
id-11265	3	2	24	6.6
id-11266	1	2	28	6.3
id-11267	9	9	27	5.4
id-11268	6	11	9	5.9
id-11269	7	13	3	5.7
id-11270	6	3	30	6.8
id-11271	1	2	30	5.1
id-11272	1	2	18	6.2
id-11273	6	12	27	6.6
id-11274	5	10	11	6.3
id-11275	10	6	23	6.1
id-11276	10	19	11	6.7
id-11277	6	11	8	5.1
id-11278	1	2	13	6.8
id-11279	7	10	25	5.0
id-11280	3	6	11	6.8
id-11281	7	7	14	5.7
id-11282	10	20	6	6.7
id-11283	8	13	29	5.1
id-11284	3	5	16	5.2
id-11285	8	10	12	6.9
id-11286	6	3	27	5.8
id-11287	9	5	27	5.9
id-11288	7	12	19	5.9
id-11289	2	3	10	6.2
id-11290	4	5	6	6.8
id-11291	10	9	12	5.1
id-11292	2	2	22	5.1
id-11293	9	9	7	6.4
id-11294	1	2	16	5.1
id-11295	7	13	29	6.4
id-11296	7	10	30	5.8
id-11297	5	5	12	6.6
id-11298	3	3	25	5.1
id-11299	9	10	23	6.5
id-11300	1	2	1	6.8
id-11301	10	17	20	5.9
id-11302	7	11	29	5.3
id-11303	9	3	18	5.2
id-11304	8	12	15	6.1
id-11305	5	7	27	5.3
id-11306	5	4	25	6.0
id-11307	4	8	4	7.0
id-11308	3	3	8	5.4
id-11309	10	14	7	6.1
id-11310	9	4	13	5.9
id-11311	8	14	9	6.3
id-11312	10	7	7	5.2
id-11313	10	14	12	5.4
id-11314	8	8	25	6.0
id-11315	2	3	15	6.6
id-11316	8	3	26	5.6
id-11317	3	5	21	5.9
id-11318	8	8	1	6.9
id-11319	4	7	21	6.9
id-11320	8	7	10	6.2
id-11321	7	10	3	5.2
id-11322	10	9	5	6.2
id-11323	8	12	9	6.4
id-11324	3	6	15	5.7
id-11325	10	16	1	6.2
id-11326	6	7	21	5.6
id-11327	6	5	29	5.8
id-11328	8	9	12	5.3
id-11329	5	5	25	5.2
id-11330	10	17	26	6.2
id-11331	1	2	10	5.8
id-11332	10	15	16	6.8
id-11333	2	2	1	5.8
id-11334	5	5	8	6.4
id-11335	9	12	22	5.7
id-11336	1	2	7	5.4
id-11337	1	2	2	7.0
id-11338	3	5	15	5.2
id-11339	2	2	24	5.9
id-11340	5	6	22	6.8
id-11341	9	11	17	5.0
id-11342	2	3	5	5.8
id-11343	5	8	29	6.8
id-11344	5	9	7	5.1
id-11345	3	5	8	6.0
id-11346	10	14	24	5.4
id-11347	10	5	13	5.8
id-11348	10	14	27	5.3
id-11349	8	4	18	5.4
id-11350	9	4	11	6.8
id-11351	2	2	6	5.4
id-11352	6	8	6	5.1
id-11353	6	12	26	6.7
id-11354	2	3	19	5.7
id-11355	5	8	28	5.9
id-11356	4	2	25	6.2
id-11357	8	4	20	6.6
id-11358	6	11	15	5.8
id-11359	1	2	9	5.3
id-11360	1	2	28	5.2
id-11361	5	10	15	5.4
id-11362	8	7	10	6.4
id-11363	2	4	20	6.5
id-11364	4	4	10	5.2
id-11365	10	8	8	5.8
id-11366	1	2	9	5.1
id-11367	3	6	2	5.3
id-11368	1	2	17	5.2
id-11369	10	8	27	6.2
id-11370	4	5	25	5.1
id-11371	4	8	30	6.1
id-11372	9	11	2	6.4
id-11373	10	6	13	6.9
id-11374	9	18	11	5.1
id-11375	9	10	12	6.6
id-11376	3	5	17	6.6
id-11377	4	3	10	6.3
id-11378	9	3	4	6.4
id-11379	7	12	25	6.0
id-11380	4	3	12	5.3
id-11381	10	8	25	6.2
id-11382	2	4	14	6.7
id-11383	10	4	19	5.9
id-11384	8	7	11	6.6
id-11385	4	4	20	5.8
id-11386	8	7	27	6.3
id-11387	9	5	25	6.3
id-11388	2	2	16	6.4
id-11389	7	14	8	5.3
id-11390	4	2	12	6.1
id-11391	2	4	3	5.5
id-11392	2	3	7	5.4
id-11393	9	7	25	6.9
id-11394	6	2	9	6.1
id-11395	7	12	13	6.4
id-11396	4	7	1	6.8
id-11397	4	3	21	6.7
id-11398	6	5	3	5.7
id-11399	3	5	12	6.9
id-11400	5	8	13	6.5
id-11401	4	5	14	5.5
id-11402	9	12	25	5.6
id-11403	2	4	29	5.1
id-11404	1	2	30	6.9
id-11405	1	2	14	6.1
id-11406	7	3	5	6.0
id-11407	9	13	18	6.5
id-11408	6	12	7	6.6
id-11409	9	15	9	6.3
id-11410	1	2	18	5.9
id-11411	2	3	15	6.9
id-11412	10	13	27	5.0
id-11413	8	9	9	6.5
id-11414	7	12	2	5.4
id-11415	4	5	13	5.2
id-11416	2	3	22	5.7
id-11417	5	6	15	6.6
id-11418	2	4	16	5.5
id-11419	2	2	9	5.2
id-11420	10	14	20	6.9
id-11421	8	5	10	6.2
id-11422	4	6	3	6.5
id-11423	5	10	21	5.8
id-11424	8	10	5	5.8
id-11425	5	8	27	5.5
id-11426	1	2	29	6.0
id-11427	9	18	4	5.1
id-11428	8	12	13	5.8
id-11429	7	2	5	6.0
id-11430	8	12	5	5.3
id-11431	7	2	29	6.7
id-11432	8	3	4	5.9
id-11433	7	11	8	6.8
id-11434	10	10	16	5.3
id-11435	1	2	9	6.8
id-11436	4	6	18	6.9
id-11437	4	3	12	6.8
id-11438	4	8	13	6.9
id-11439	10	9	7	7.0
id-11440	2	2	6	5.0
id-11441	3	5	16	5.8
id-11442	7	5	6	6.4
id-11443	3	6	22	6.8
id-11444	8	16	23	5.8
id-11445	10	2	28	6.4
id-11446	9	15	23	5.7
id-11447	6	4	22	6.3
id-11448	2	3	8	6.5
id-11449	2	4	7	5.5
id-11450	5	8	18	6.0
id-11451	6	11	17	6.5
id-11452	5	7	26	6.4
id-11453	10	20	5	5.6
id-11454	1	2	23	5.7
id-11455	7	4	26	6.9
id-11456	5	6	9	6.7
id-11457	7	5	24	6.5
id-11458	2	3	8	7.0
id-11459	6	6	9	6.4
id-11460	9	13	21	6.2
id-11461	9	12	14	6.5
id-11462	6	8	14	6.2
id-11463	7	13	28	6.2
id-11464	8	5	28	7.0
id-11465	7	4	6	6.6
id-11466	5	7	27	7.0
id-11467	1	2	6	6.4
id-11468	4	6	5	6.4
id-11469	8	7	7	6.4
id-11470	5	7	4	5.3
id-11471	8	5	4	5.7
id-11472	6	7	12	6.4
id-11473	8	9	4	5.6
id-11474	6	4	26	5.3
id-11475	5	2	17	5.2
id-11476	8	7	14	5.9
id-11477	7	5	7	6.6
id-11478	1	2	23	5.8
id-11479	8	11	13	5.7
id-11480	1	2	14	6.8
id-11481	3	2	24	5.0
id-11482	3	5	13	5.6
id-11483	2	2	24	6.2
id-11484	8	12	9	5.3
id-11485	5	4	26	5.7
id-11486	8	5	5	5.6
id-11487	2	4	2	6.4
id-11488	1	2	25	6.3
id-11489	6	9	23	6.8
id-11490	4	2	22	6.1
id-11491	2	4	21	5.4
id-11492	1	2	7	6.1
id-11493	8	16	5	6.8
id-11494	3	5	24	5.6
id-11495	9	2	27	5.2
id-11496	3	2	26	6.4
id-11497	3	5	12	6.8
id-11498	3	3	20	5.2
id-11499	2	3	23	6.5
id-11500	8	3	16	6.5
id-11501	4	2	28	6.0
id-11502	7	7	15	5.6
id-11503	2	3	25	5.9
id-11504	6	7	20	6.6
id-11505	1	2	11	6.9
id-11506	8	2	8	6.0
id-11507	10	10	27	6.4
id-11508	1	2	23	6.3
id-11509	3	6	28	5.7
id-11510	8	10	30	6.8
id-11511	8	16	9	5.0
id-11512	7	4	17	5.3
id-11513	10	5	3	6.5
id-11514	3	6	4	6.5
id-11515	10	11	7	6.1
id-11516	2	2	30	6.7
id-11517	1	2	23	5.7
id-11518	8	8	28	5.4
id-11519	9	6	18	5.1
id-11520	3	6	13	6.0
id-11521	9	7	7	5.1
id-11522	1	2	10	6.3
id-11523	4	6	22	6.2
id-11524	4	8	14	5.5
id-11525	2	2	12	5.9
id-11526	6	7	11	6.2
id-11527	8	7	3	7.0
id-11528	9	13	19	5.6
id-11529	3	4	22	6.3
id-11530	2	4	12	6.1
id-11531	1	2	28	5.9
id-11532	10	13	1	6.5
id-11533	6	12	5	6.8
id-11534	2	2	7	6.3
id-11535	5	3	30	5.8
id-11536	7	13	5	6.3
id-11537	2	2	1	7.0
id-11538	10	12	5	5.7
id-11539	1	2	28	5.1
id-11540	4	8	22	6.6
id-11541	10	10	15	6.1
id-11542	7	4	16	6.4
id-11543	2	4	10	5.0
id-11544	10	19	28	5.7
id-11545	10	10	8	6.6
id-11546	5	10	15	5.2
id-11547	3	2	17	6.1
id-11548	5	9	29	6.4
id-11549	7	2	11	6.3
id-11550	6	7	28	5.7
id-11551	5	4	2	6.4
id-11552	8	13	8	6.0
id-11553	4	2	8	5.8
id-11554	1	2	30	5.1
id-11555	3	6	6	5.2
id-11556	8	16	9	5.7
id-11557	4	8	11	5.1
id-11558	10	16	21	5.3
id-11559	6	3	10	5.2
id-11560	5	10	30	6.6
id-11561	10	18	16	6.1
id-11562	5	2	21	5.8
id-11563	7	12	24	6.2
id-11564	2	2	17	5.8
id-11565	9	10	26	6.5
id-11566	5	8	20	5.5
id-11567	3	3	9	6.5
id-11568	9	9	10	5.5
id-11569	6	5	14	6.0
id-11570	3	3	29	6.1
id-11571	6	7	9	5.2
id-11572	8	15	29	6.6
id-11573	10	14	2	5.8
id-11574	2	2	17	5.6
id-11575	8	4	26	6.1
id-11576	8	8	21	5.3
id-11577	8	2	16	6.2
id-11578	5	6	8	6.7
id-11579	1	2	8	5.6
id-11580	8	15	9	5.5
id-11581	7	12	19	6.3
id-11582	6	5	8	5.2
id-11583	10	19	27	5.2
id-11584	9	2	16	5.1
id-11585	1	2	8	6.8
id-11586	10	3	15	5.9
id-11587	5	8	11	6.5
id-11588	8	4	2	6.9
id-11589	10	5	8	6.0
id-11590	4	3	3	5.3
id-11591	3	5	1	5.5
id-11592	9	14	7	5.6
id-11593	6	11	12	6.7
id-11594	3	4	5	5.6
id-11595	6	11	17	6.6
id-11596	3	2	20	5.8
id-11597	7	14	18	5.3
id-11598	5	8	7	6.9
id-11599	1	2	22	6.0
id-11600	10	7	12	5.5
id-11601	1	2	5	5.3
id-11602	8	5	21	5.9
id-11603	8	7	13	5.4
id-11604	6	10	3	7.0
id-11605	8	4	10	6.8
id-11606	8	4	5	6.5
id-11607	7	4	5	6.6
id-11608	6	11	20	6.3
id-11609	9	10	11	6.1
id-11610	3	3	22	6.0
id-11611	5	10	19	6.9
id-11612	2	3	8	6.9
id-11613	8	5	1	5.8
id-11614	3	4	9	6.4
id-11615	1	2	1	6.4
id-11616	10	4	10	6.1
id-11617	3	2	2	5.1
id-11618	5	7	26	6.3
id-11619	9	8	29	5.6
id-11620	9	14	29	6.3
id-11621	7	7	13	5.8
id-11622	6	4	5	5.3
id-11623	1	2	6	5.1
id-11624	3	4	8	6.3
id-11625	9	10	9	6.3
id-11626	10	13	14	6.4
id-11627	6	5	23	5.5
id-11628	6	7	22	5.9
id-11629	7	10	17	5.6
id-11630	5	5	22	5.4
id-11631	8	6	6	6.8
id-11632	9	17	12	6.3
id-11633	9	15	7	6.4
id-11634	8	16	9	5.4
id-11635	8	3	29	6.9
id-11636	6	10	12	6.4
id-11637	1	2	13	6.6
id-11638	8	8	12	6.7
id-11639	4	7	28	5.6
id-11640	7	14	3	6.6
id-11641	9	11	11	6.4
id-11642	5	7	21	6.2
id-11643	3	2	2	6.0
id-11644	3	3	15	5.8
id-11645	2	3	28	6.3
id-11646	3	4	22	5.6
id-11647	1	2	18	5.6
id-11648	9	13	27	5.9
id-11649	3	6	21	6.8
id-11650	5	4	29	5.3
id-11651	4	3	4	6.5
id-11652	6	11	23	6.6
id-11653	8	12	2	6.8
id-11654	4	7	21	5.8
id-11655	7	13	22	5.4
id-11656	5	9	28	6.1
id-11657	5	4	1	5.6
id-11658	6	11	26	5.1
id-11659	1	2	28	5.4
id-11660	10	19	26	6.1
id-11661	8	14	15	6.4
id-11662	10	14	5	5.5
id-11663	9	10	21	6.4
id-11664	6	10	30	6.4
id-11665	1	2	7	6.3
id-11666	9	7	8	5.4
id-11667	5	3	2	5.4
id-11668	4	7	25	6.1
id-11669	5	4	24	6.9
id-11670	7	2	15	5.1
id-11671	2	2	19	6.9
id-11672	7	11	4	5.6
id-11673	2	3	10	5.5
id-11674	3	2	7	5.4
id-11675	1	2	7	5.4
id-11676	2	2	17	6.0
id-11677	5	4	12	6.9
id-11678	3	4	11	6.2
id-11679	7	4	5	6.8
id-11680	7	3	11	6.4
id-11681	5	5	5	5.1
id-11682	1	2	16	6.3
id-11683	8	6	27	6.6
id-11684	4	3	1	6.5
id-11685	1	2	21	5.1
id-11686	8	7	8	5.2
id-11687	1	2	26	5.4
id-11688	7	6	19	5.6
id-11689	3	4	23	5.5
id-11690	2	3	22	5.1
id-11691	3	3	25	6.4
id-11692	2	2	18	5.4
id-11693	7	14	3	5.5
id-11694	2	3	25	6.9
id-11695	1	2	22	6.0
id-11696	8	12	16	5.8
id-11697	5	4	3	6.0
id-11698	5	5	16	5.1
id-11699	9	17	30	6.8
id-11700	4	6	3	6.7
id-11701	10	12	15	6.9
id-11702	5	3	6	5.3
id-11703	9	16	29	5.9
id-11704	3	5	2	6.7
id-11705	5	6	6	6.6
id-11706	2	3	13	5.3
id-11707	10	13	7	5.8
id-11708	10	16	16	6.1
id-11709	2	2	25	5.4
id-11710	7	13	4	5.0
id-11711	10	9	20	7.0
id-11712	7	12	1	6.7
id-11713	8	8	5	6.3
id-11714	9	11	18	6.6
id-11715	4	8	7	5.2
id-11716	9	7	29	6.6
id-11717	8	12	11	6.6
id-11718	3	5	9	6.2
id-11719	5	4	21	6.5
id-11720	8	10	24	5.5
id-11721	1	2	14	6.5
id-11722	3	5	15	6.2
id-11723	3	4	14	6.8
id-11724	5	7	23	6.3
id-11725	8	9	10	6.4
id-11726	1	2	19	6.9
id-11727	5	7	28	6.5
id-11728	7	5	27	6.7
id-11729	7	4	1	6.2
id-11730	5	2	8	6.9
id-11731	2	3	6	5.0
id-11732	2	4	17	6.2
id-11733	7	12	20	6.4
id-11734	9	7	19	5.0
id-11735	5	3	6	6.4
id-11736	5	2	6	5.7
id-11737	8	5	28	5.8
id-11738	9	13	12	6.9
id-11739	1	2	4	6.2
id-11740	4	7	1	6.7
id-11741	3	4	16	7.0
id-11742	6	5	1	5.5
id-11743	5	7	24	6.7
id-11744	6	2	19	6.8
id-11745	2	4	28	5.5
id-11746	5	4	25	5.7
id-11747	3	5	3	5.6
id-11748	5	9	17	5.4
id-11749	8	13	26	6.2
id-11750	5	8	4	6.9
id-11751	9	5	26	5.3
id-11752	6	11	5	6.0
id-11753	3	2	13	5.4
id-11754	6	10	28	5.2
id-11755	9	10	28	6.5
id-11756	2	4	13	6.8
id-11757	7	12	12	5.5
id-11758	5	9	4	6.1
id-11759	2	4	17	5.5
id-11760	6	11	13	5.9
id-11761	8	15	28	6.8
id-11762	3	4	16	5.6
id-11763	6	8	19	6.5
id-11764	6	2	11	7.0
id-11765	1	2	22	5.6
id-11766	3	3	27	5.1
id-11767	6	2	29	6.1
id-11768	6	7	23	5.2
id-11769	4	7	2	6.5
id-11770	2	2	19	5.2
id-11771	1	2	14	5.5
id-11772	10	17	1	6.8
id-11773	10	8	6	5.4
id-11774	3	6	13	6.7
id-11775	7	13	20	5.0
id-11776	3	4	22	5.5
id-11777	7	11	5	5.9
id-11778	2	4	13	5.9
id-11779	3	6	10	5.9
id-11780	8	11	13	6.5
id-11781	9	3	12	6.7
id-11782	8	8	5	5.2
id-11783	8	2	23	6.5
id-11784	1	2	13	6.9
id-11785	4	3	21	5.3
id-11786	4	3	26	5.0
id-11787	2	4	19	6.7
id-11788	8	15	2	6.4
id-11789	8	6	22	6.6
id-11790	5	7	9	6.5
id-11791	4	3	14	6.8
id-11792	3	5	15	6.1
id-11793	10	4	20	5.8
id-11794	9	12	22	5.0
id-11795	4	5	11	5.7
id-11796	7	7	29	5.1
id-11797	1	2	21	5.3
id-11798	8	10	21	6.5
id-11799	6	6	8	5.3
id-11800	3	2	19	6.1
id-11801	7	3	19	6.9
id-11802	10	15	26	5.5
id-11803	6	12	2	6.5
id-11804	3	5	28	6.1
id-11805	10	11	21	5.1
id-11806	7	5	13	6.9
id-11807	9	7	28	5.7
id-11808	4	3	15	6.2
id-11809	6	12	7	5.5
id-11810	8	4	16	6.0
id-11811	5	4	16	6.6
id-11812	8	10	13	5.5
id-11813	5	7	27	6.0
id-11814	10	10	14	6.4
id-11815	2	2	22	5.9
id-11816	5	8	5	6.8
id-11817	3	3	7	6.4
id-11818	8	3	8	6.3
id-11819	3	6	2	6.2
id-11820	5	8	20	5.2
id-11821	2	3	6	5.2
id-11822	1	2	29	6.5
id-11823	9	8	13	5.7
id-11824	4	7	1	5.8
id-11825	3	5	11	5.3
id-11826	8	14	11	5.1
id-11827	8	8	3	6.2
id-11828	6	6	25	5.9
id-11829	2	2	12	7.0
id-11830	8	11	20	6.2
id-11831	6	9	30	7.0
id-11832	8	2	23	5.6
id-11833	8	4	18	6.1
id-11834	9	14	10	5.8
id-11835	8	4	13	7.0
id-11836	5	8	13	6.2
id-11837	1	2	8	5.6
id-11838	4	8	3	5.4
id-11839	1	2	25	6.9
id-11840	8	6	15	6.9
id-11841	5	3	27	6.6
id-11842	10	19	25	5.9
id-11843	10	15	25	6.4
id-11844	4	8	21	6.1
id-11845	9	15	28	6.0
id-11846	8	9	2	6.6
id-11847	5	3	21	6.4
id-11848	7	4	13	6.9
id-11849	10	15	8	5.9
id-11850	9	14	22	6.6
id-11851	8	11	9	6.1
id-11852	10	8	1	5.7
id-11853	8	3	29	5.1
id-11854	4	4	8	6.1
id-11855	4	4	7	5.7
id-11856	6	7	22	5.4
id-11857	7	10	8	5.6
id-11858	5	2	13	5.4
id-11859	2	3	13	5.1
id-11860	3	3	15	6.7
id-11861	2	3	9	5.9
id-11862	10	16	29	5.2
id-11863	6	12	30	5.3
id-11864	7	6	27	6.0
id-11865	9	10	27	5.0
id-11866	9	2	20	6.2
id-11867	10	9	1	6.0
id-11868	5	10	13	6.6
id-11869	6	3	1	5.9
id-11870	2	3	11	6.4
id-11871	7	7	11	5.5
id-11872	7	6	6	6.2
id-11873	9	3	26	5.4
id-11874	7	9	25	6.9
id-11875	4	5	20	6.2
id-11876	6	4	3	5.6
id-11877	10	19	20	5.8
id-11878	7	14	30	5.8
id-11879	3	3	14	5.9
id-11880	1	2	5	5.0
id-11881	5	3	6	6.2
id-11882	4	2	30	6.5
id-11883	2	3	4	5.9
id-11884	4	7	17	5.1
id-11885	5	3	23	6.5
id-11886	3	3	15	5.6
id-11887	6	2	6	5.5
id-11888	1	2	5	5.9
id-11889	7	6	7	5.7
id-11890	7	9	3	5.6
id-11891	5	5	9	6.3
id-11892	6	12	16	5.6
id-11893	7	6	30	5.8
id-11894	2	3	15	5.9
id-11895	1	2	7	5.1
id-11896	1	2	23	5.8
id-11897	1	2	28	5.1
id-11898	9	17	11	5.9
id-11899	5	7	30	5.1
id-11900	9	16	15	6.9
id-11901	8	12	19	5.4
id-11902	3	2	5	6.3
id-11903	7	12	17	6.7
id-11904	2	3	18	5.2
id-11905	9	6	17	6.4
id-11906	8	12	19	6.2
id-11907	5	4	5	5.9
id-11908	1	2	29	5.4
id-11909	5	7	27	5.2
id-11910	7	2	12	6.5
id-11911	3	3	3	5.8
id-11912	4	6	22	6.1
id-11913	9	5	30	5.6
id-11914	1	2	24	6.6
id-11915	5	3	24	6.5
id-11916	3	5	16	6.4
id-11917	6	4	1	5.5
id-11918	10	7	4	6.4
id-11919	4	3	19	5.6
id-11920	10	11	24	6.2
id-11921	8	15	24	6.0
id-11922	4	4	20	5.3
id-11923	5	4	10	5.9
id-11924	6	3	5	7.0
id-11925	3	6	4	5.1
id-11926	9	4	8	6.2
id-11927	10	8	24	6.6
id-11928	10	10	11	6.3
id-11929	4	4	13	5.5
id-11930	8	16	17	5.4
id-11931	2	4	22	6.0
id-11932	3	2	26	5.6
id-11933	3	5	15	5.5
id-11934	3	5	12	5.6
id-11935	3	2	16	6.0
id-11936	5	9	23	6.3
id-11937	9	13	17	5.8
id-11938	9	6	30	5.3
id-11939	9	17	27	5.9
id-11940	9	10	18	5.3
id-11941	10	4	5	6.2
id-11942	9	9	4	7.0
id-11943	1	2	23	5.4
id-11944	8	4	29	5.3
id-11945	7	8	14	5.4
id-11946	7	4	27	5.3
id-11947	6	2	2	5.3
id-11948	5	2	1	6.8
id-11949	2	4	21	6.6
id-11950	7	5	24	6.8
id-11951	10	10	4	5.9
id-11952	8	16	14	7.0
id-11953	10	18	12	6.5
id-11954	2	2	18	6.3
id-11955	3	6	18	5.1
id-11956	10	18	30	5.6
id-11957	10	2	29	5.6
id-11958	1	2	18	5.4
id-11959	5	8	15	6.4
id-11960	4	5	27	6.5
id-11961	8	9	10	7.0
id-11962	6	7	14	6.2
id-11963	5	4	10	6.9
id-11964	7	12	11	5.8
id-11965	9	2	4	6.4
id-11966	9	16	8	5.5
id-11967	9	8	8	6.3
id-11968	7	13	30	6.3
id-11969	9	18	21	5.8
id-11970	8	15	17	5.4
id-11971	8	13	18	6.2
id-11972	2	3	19	5.7
id-11973	8	15	21	7.0
id-11974	5	4	14	5.7
id-11975	10	9	15	5.5
id-11976	7	8	24	5.2
id-11977	3	3	28	5.1
id-11978	8	4	27	6.5
id-11979	10	15	8	5.8
id-11980	9	12	23	5.6
id-11981	10	19	18	5.4
id-11982	2	2	9	5.3
id-11983	6	6	23	6.1
id-11984	3	4	7	6.4
id-11985	8	10	15	6.0
id-11986	3	6	25	7.0
id-11987	7	6	7	6.9
id-11988	9	16	12	6.5
id-11989	5	6	11	5.7
id-11990	8	6	5	5.2
id-11991	9	14	29	5.8
id-11992	3	4	21	5.4
id-11993	1	2	7	6.9
id-11994	5	3	13	6.5
id-11995	5	9	2	5.9
id-11996	4	3	3	6.9
id-11997	2	2	28	5.8
id-11998	9	8	17	6.9
id-11999	7	5	8	6.8
id-12000	6	2	4	5.1
id-12001	2	2	25	6.8
id-12002	2	4	12	5.9
id-12003	9	11	5	6.8
id-12004	2	4	4	6.2
id-12005	2	3	7	5.5
id-12006	6	4	30	5.6
id-12007	6	4	23	5.3
id-12008	8	8	28	7.0
id-12009	2	4	5	7.0
id-12010	3	2	18	6.6
id-12011	3	5	22	6.1
id-12012	6	8	14	5.9
id-12013	3	4	14	6.3
id-12014	6	7	6	6.0
id-12015	7	14	2	5.2
id-12016	6	6	12	6.7
id-12017	4	7	21	5.8
id-12018	3	2	7	5.3
id-12019	3	4	8	5.3
id-12020	3	3	7	5.9
id-12021	1	2	30	5.5
id-12022	9	15	26	6.6
id-12023	10	7	13	5.6
id-12024	1	2	26	6.0
id-12025	5	10	14	5.3
id-12026	4	2	17	5.4
id-12027	1	2	24	5.1
id-12028	8	16	16	6.1
id-12029	9	3	22	5.4
id-12030	10	9	30	6.5
id-12031	9	6	16	5.4
id-12032	6	2	6	6.2
id-12033	8	16	7	6.6
id-12034	1	2	26	5.2
id-12035	6	10	5	6.9
id-12036	2	3	20	6.4
id-12037	9	18	13	6.2
id-12038	3	6	3	6.5
id-12039	6	9	2	6.6
id-12040	7	5	11	7.0
id-12041	8	9	15	5.6
id-12042	5	6	5	5.8
id-12043	6	3	26	5.1
id-12044	9	8	9	5.7
id-12045	5	10	10	6.6
id-12046	4	7	30	6.9
id-12047	2	2	7	7.0
id-12048	5	9	10	6.2
id-12049	8	11	14	5.4
id-12050	3	5	21	6.1
id-12051	3	5	27	6.1
id-12052	8	11	5	5.3
id-12053	1	2	12	5.2
id-12054	6	4	7	5.7
id-12055	4	8	23	7.0
id-12056	3	4	24	6.5
id-12057	2	4	29	6.5
id-12058	10	20	14	6.3
id-12059	4	2	17	5.6
id-12060	8	14	22	5.7
id-12061	9	6	22	6.6
id-12062	1	2	12	5.7
id-12063	4	3	17	6.4
id-12064	8	7	9	6.5
id-12065	9	5	22	5.1
id-12066	8	4	7	6.4
id-12067	6	12	28	6.9
id-12068	1	2	3	6.6
id-12069	7	5	22	6.9
id-12070	7	13	22	5.6
id-12071	3	5	10	5.1
id-12072	9	5	15	5.6
id-12073	4	6	1	5.1
id-12074	4	2	27	5.8
id-12075	3	5	24	7.0
id-12076	9	10	1	5.1
id-12077	6	3	15	6.8
id-12078	9	7	26	5.3
id-12079	5	7	30	6.6
id-12080	10	20	5	6.6
id-12081	4	8	23	5.8
id-12082	2	4	26	6.4
id-12083	6	3	12	6.6
id-12084	2	3	15	5.7
id-12085	1	2	6	6.2
id-12086	7	12	10	5.6
id-12087	5	4	10	5.9
id-12088	1	2	28	6.2
id-12089	3	2	7	5.8
id-12090	6	5	28	6.3
id-12091	4	3	16	6.8
id-12092	7	10	6	6.8
id-12093	1	2	29	5.6
id-12094	1	2	30	5.8
id-12095	2	4	26	5.1
id-12096	2	4	14	6.9
id-12097	2	4	5	6.6
id-12098	10	4	29	5.3
id-12099	10	9	20	6.6
id-12100	6	2	13	6.0
id-12101	1	2	17	6.8
id-12102	5	2	20	5.4
id-12103	2	4	30	5.7
id-12104	9	2	12	6.4
id-12105	9	15	14	6.3
id-12106	6	2	29	5.3
id-12107	6	5	14	5.1
id-12108	10	8	18	5.7
id-12109	7	6	16	5.4
id-12110	2	2	16	5.1
id-12111	2	4	15	6.0
id-12112	8	11	15	5.7
id-12113	4	5	29	5.3
id-12114	3	6	20	6.3
id-12115	8	8	11	6.4
id-12116	8	13	11	5.7
id-12117	1	2	30	5.6
id-12118	9	6	12	6.3
id-12119	3	5	2	5.1
id-12120	5	3	25	5.8
id-12121	8	4	4	6.1
id-12122	3	2	17	7.0
id-12123	9	18	5	5.5
id-12124	2	4	25	6.7
id-12125	2	2	27	5.6
id-12126	7	12	15	5.7
id-12127	1	2	14	5.6
id-12128	8	8	20	6.9
id-12129	9	5	22	5.1
id-12130	2	2	14	6.0
id-12131	7	12	7	5.6
id-12132	3	5	17	5.4
id-12133	3	6	12	6.1
id-12134	10	15	26	5.2
id-12135	2	2	20	6.4
id-12136	4	3	25	6.5
id-12137	9	3	23	5.0
id-12138	9	9	19	5.4
id-12139	9	3	17	6.0
id-12140	2	4	29	6.0
id-12141	2	2	26	5.6
id-12142	3	6	1	5.8
id-12143	5	9	15	5.3
id-12144	4	3	12	6.3
id-12145	2	2	6	6.7
id-12146	6	7	18	6.3
id-12147	9	4	2	5.6
id-12148	1	2	29	5.5
id-12149	9	4	6	5.9
id-12150	1	2	22	5.8
id-12151	5	6	19	5.5
id-12152	8	13	3	5.5
id-12153	10	5	18	5.6
id-12154	10	17	3	5.3
id-12155	6	7	30	6.6
id-12156	8	5	27	5.4
id-12157	7	7	15	5.5
id-12158	5	3	4	5.0
id-12159	9	3	3	5.6
id-12160	1	2	11	6.1
id-12161	6	11	15	6.1
id-12162	4	2	30	5.4
id-12163	10	7	3	5.8
id-12164	9	5	30	6.0
id-12165	8	5	23	6.2
id-12166	9	11	18	5.7
id-12167	7	2	9	5.6
id-12168	5	4	17	6.5
id-12169	1	2	21	6.1
id-12170	8	3	25	5.4
id-12171	10	5	14	5.3
id-12172	4	5	15	6.2
id-12173	8	9	12	5.5
id-12174	7	2	22	5.3
id-12175	10	2	29	6.7
id-12176	3	2	21	6.6
id-12177	7	9	15	6.9
id-12178	5	5	13	6.8
id-12179	1	2	15	6.3
id-12180	9	10	12	6.0
id-12181	9	15	1	5.9
id-12182	10	5	27	6.3
id-12183	7	14	14	5.5
id-12184	10	17	30	6.5
id-12185	10	7	3	6.2
id-12186	4	7	27	5.4
id-12187	4	5	2	6.8
id-12188	3	5	10	5.4
id-12189	10	6	23	6.1
id-12190	2	3	8	5.4
id-12191	7	13	23	7.0
id-12192	2	2	8	6.4
id-12193	1	2	7	5.2
id-12194	5	10	22	6.6
id-12195	1	2	8	6.9
id-12196	8	3	13	6.8
id-12197	9	4	15	6.2
id-12198	9	17	9	6.8
id-12199	7	2	3	5.1
id-12200	9	6	18	6.9
id-12201	9	18	5	6.8
id-12202	7	2	6	5.4
id-12203	8	13	11	6.3
id-12204	1	2	23	6.7
id-12205	2	2	2	6.8
id-12206	5	5	29	5.2
id-12207	6	2	23	6.9
id-12208	6	11	7	6.4
id-12209	10	20	24	6.2
id-12210	7	14	20	5.6
id-12211	8	14	24	5.0
id-12212	9	14	29	5.7
id-12213	10	16	30	6.5
id-12214	3	2	10	5.6
id-12215	7	10	10	5.1
id-12216	10	5	2	5.5
id-12217	1	2	26	6.5
id-12218	2	4	10	5.2
id-12219	3	5	6	6.3
id-12220	4	4	10	5.5
id-12221	7	11	1	6.8
id-12222	6	8	20	5.9
id-12223	1	2	18	5.3
id-12224	6	9	7	5.1
id-12225	2	3	24	5.4
id-12226	5	5	24	6.1
id-12227	4	5	15	6.2
id-12228	6	8	27	5.8
id-12229	5	7	11	6.2
id-12230	2	2	23	6.1
id-12231	6	5	13	7.0
id-12232	5	7	11	6.2
id-12233	8	10	8	6.4
id-12234	3	4	15	6.1
id-12235	7	6	3	6.0
id-12236	3	4	24	5.3
id-12237	3	4	2	5.6
id-12238	6	11	22	6.5
id-12239	8	16	29	6.2
id-12240	1	2	23	6.7
id-12241	1	2	9	5.9
id-12242	10	10	14	5.2
id-12243	10	3	22	6.0
id-12244	4	4	15	5.0
id-12245	5	5	4	5.3
id-12246	3	5	13	6.0
id-12247	2	3	25	6.2
id-12248	8	10	9	6.7
id-12249	7	13	3	5.6
id-12250	6	8	26	5.5
id-12251	2	2	28	6.1
id-12252	2	2	1	5.3
id-12253	1	2	28	6.3
id-12254	7	5	22	6.5
id-12255	5	4	13	5.5
id-12256	10	4	29	5.7
id-12257	1	2	20	5.6
id-12258	6	8	19	6.2
id-12259	3	5	28	6.3
id-12260	5	9	15	6.1
id-12261	6	4	18	6.6
id-12262	7	5	17	5.4
id-12263	4	3	27	6.1
id-12264	8	12	20	5.9
id-12265	10	18	14	5.3
id-12266	4	3	6	6.8
id-12267	6	2	5	5.9
id-12268	10	2	17	5.5
id-12269	8	5	4	5.9
id-12270	9	6	21	6.9
id-12271	1	2	7	6.8
id-12272	6	6	19	5.2
id-12273	4	5	23	6.7
id-12274	9	3	26	7.0
id-12275	10	20	14	6.3
id-12276	6	7	12	5.6
id-12277	4	3	25	5.4
id-12278	1	2	25	6.0
id-12279	4	4	23	6.2
id-12280	5	10	12	5.6
id-12281	9	14	8	7.0
id-12282	2	4	5	6.2
id-12283	8	4	20	6.6
id-12284	8	5	20	5.3
id-12285	4	5	12	5.5
id-12286	9	6	23	6.8
id-12287	8	8	17	5.5
id-12288	10	20	28	5.4
id-12289	10	15	25	5.9
id-12290	7	14	29	5.7
id-12291	3	4	24	7.0
id-12292	7	5	7	5.8
id-12293	4	6	29	6.1
id-12294	9	6	1	6.2
id-12295	2	2	22	6.4
id-12296	4	7	12	6.6
id-12297	9	3	28	5.2
id-12298	8	13	3	6.2
id-12299	8	12	4	6.5
id-12300	1	2	20	6.6
id-12301	10	20	20	6.4
id-12302	9	3	24	5.7
id-12303	8	7	21	5.5
id-12304	4	3	25	6.7
id-12305	8	11	30	6.2
id-12306	2	2	10	6.7
id-12307	4	8	12	6.6
id-12308	5	3	4	5.7
id-12309	8	16	23	6.6
id-12310	8	6	26	5.8
id-12311	1	2	13	6.8
id-12312	6	11	1	5.5
id-12313	2	4	2	6.0
id-12314	9	7	16	6.4
id-12315	8	7	20	6.7
id-12316	4	8	13	5.6
id-12317	3	6	11	5.3
id-12318	8	16	27	6.5
id-12319	6	5	11	6.4
id-12320	10	20	27	6.4
id-12321	4	7	6	6.1
id-12322	10	17	3	5.6
id-12323	7	12	12	7.0
id-12324	3	6	20	6.4
id-12325	3	2	2	5.7
id-12326	6	4	19	5.9
id-12327	4	3	11	5.5
id-12328	1	2	11	6.1
id-12329	6	6	30	7.0
id-12330	3	4	15	5.8
id-12331	9	12	30	6.5
id-12332	10	14	18	5.8
id-12333	2	4	15	6.3
id-12334	9	13	4	6.1
id-12335	9	13	9	5.6
id-12336	4	2	2	5.2
id-12337	7	3	9	5.9
id-12338	8	10	5	7.0
id-12339	4	2	26	6.1
id-12340	4	3	28	6.0
id-12341	5	5	12	6.0
id-12342	3	5	9	6.5
id-12343	5	5	26	5.8
id-12344	5	10	12	5.1
id-12345	9	16	6	6.2
id-12346	2	3	1	6.3
id-12347	9	10	18	6.4
id-12348	2	4	17	6.7
id-12349	5	3	21	6.3
id-12350	10	3	6	6.3
id-12351	9	5	4	5.1
id-12352	2	2	6	6.5
id-12353	3	3	19	6.1
id-12354	6	5	28	6.6
id-12355	2	2	29	5.2
id-12356	5	2	26	5.5
id-12357	10	16	30	5.4
id-12358	8	6	15	6.2
id-12359	6	11	7	5.8
id-12360	2	3	16	5.7
id-12361	2	2	8	6.1
id-12362	7	6	7	5.6
id-12363	1	2	11	6.2
id-12364	9	14	19	6.3
id-12365	4	4	11	6.9
id-12366	10	19	3	5.8
id-12367	7	5	5	5.4
id-12368	2	3	7	5.2
id-12369	2	3	7	5.6
id-12370	4	8	3	5.2
id-12371	10	19	24	6.5
id-12372	4	6	1	5.1
id-12373	8	12	24	6.2
id-12374	10	17	26	6.2
id-12375	1	2	27	5.6
id-12376	6	11	16	5.9
id-12377	6	5	27	5.0
id-12378	8	2	24	6.0
id-12379	4	8	23	6.2
id-12380	7	5	20	5.5
id-12381	2	4	30	6.6
id-12382	6	12	29	6.0
id-12383	8	16	5	6.0
id-12384	5	10	21	6.6
id-12385	2	4	28	6.4
id-12386	4	3	2	6.5
id-12387	5	10	4	5.7
id-12388	4	4	17	6.8
id-12389	3	3	21	6.2
id-12390	3	2	7	5.9
id-12391	10	6	26	6.1
id-12392	1	2	7	5.6
id-12393	5	7	26	6.9
id-12394	10	6	7	6.2
id-12395	5	7	17	6.3
id-12396	2	2	7	5.3
id-12397	2	2	25	6.3
id-12398	10	3	29	6.8
id-12399	4	8	6	5.9
id-12400	8	6	14	6.2
id-12401	10	10	1	6.3
id-12402	2	3	25	6.2
id-12403	2	2	4	6.8
id-12404	5	4	9	6.5
id-12405	10	12	23	5.1
id-12406	4	4	23	7.0
id-12407	3	5	5	5.7
id-12408	7	7	13	6.4
id-12409	3	3	13	5.3
id-12410	6	11	11	5.1
id-12411	9	9	17	5.7
id-12412	9	9	8	5.3
id-12413	10	15	2	5.5
id-12414	2	4	1	6.2
id-12415	10	13	5	5.3
id-12416	4	8	29	6.9
id-12417	4	3	15	6.4
id-12418	8	2	1	6.4
id-12419	1	2	19	6.8
id-12420	7	5	28	6.8
id-12421	8	11	10	6.1
id-12422	2	2	25	5.7
id-12423	3	6	19	6.0
id-12424	2	2	1	5.5
id-12425	7	4	15	5.9
id-12426	1	2	23	6.8
id-12427	7	2	8	7.0
id-12428	8	15	4	5.3
id-12429	7	11	30	6.8
id-12430	10	13	3	5.8
id-12431	1	2	22	5.1
id-12432	4	2	2	5.4
id-12433	10	2	29	5.7
id-12434	4	6	27	5.6
id-12435	3	3	27	5.5
id-12436	6	4	6	6.1
id-12437	9	8	3	6.0
id-12438	4	4	11	6.5
id-12439	6	2	4	6.5
id-12440	2	4	1	5.3
id-12441	2	4	10	5.1
id-12442	5	7	15	6.6
id-12443	9	16	17	6.0
id-12444	7	4	17	5.9
id-12445	8	3	13	5.6
id-12446	7	13	10	5.1
id-12447	9	7	13	5.5
id-12448	2	4	16	6.1
id-12449	4	2	22	5.5
id-12450	7	6	21	6.3
id-12451	1	2	4	5.3
id-12452	1	2	4	5.8
id-12453	6	5	22	5.9
id-12454	6	6	9	6.2
id-12455	7	9	14	5.4
id-12456	4	8	8	6.4
id-12457	10	6	26	6.8
id-12458	7	7	23	5.1
id-12459	1	2	10	6.4
id-12460	7	7	17	6.3
id-12461	2	3	13	5.4
id-12462	7	9	22	5.8
id-12463	4	3	22	5.9
id-12464	9	9	9	5.8
id-12465	3	6	3	7.0
id-12466	9	7	15	5.6
id-12467	9	13	29	6.5
id-12468	1	2	30	5.9
id-12469	10	9	21	5.7
id-12470	3	5	18	5.8
id-12471	7	14	11	6.7
id-12472	1	2	26	6.5
id-12473	1	2	15	6.9
id-12474	2	3	1	5.1
id-12475	3	2	2	6.5
id-12476	3	6	2	6.2
id-12477	6	12	8	6.4
id-12478	2	3	23	6.5
id-12479	6	7	5	5.6
id-12480	10	7	12	5.8
id-12481	9	10	23	6.2
id-12482	2	3	23	6.0
id-12483	1	2	16	6.4
id-12484	8	7	1	5.6
id-12485	10	16	4	6.7
id-12486	9	6	4	6.8
id-12487	1	2	22	5.4
id-12488	6	2	28	5.4
id-12489	3	5	1	5.6
id-12490	7	12	13	5.1
id-12491	4	2	9	5.7
id-12492	8	10	22	6.9
id-12493	5	10	23	5.0
id-12494	5	9	20	6.0
id-12495	4	6	19	5.6
id-12496	1	2	22	5.7
id-12497	8	11	25	6.2
id-12498	4	6	13	6.0
id-12499	10	3	23	6.0
id-12500	1	2	19	5.2
id-12501	5	8	23	6.7
id-12502	4	4	14	5.5
id-12503	9	12	18	6.6
id-12504	9	13	2	5.7
id-12505	6	11	11	5.5
id-12506	4	2	11	5.0
id-12507	10	15	14	5.8
id-12508	5	6	3	6.1
id-12509	2	4	17	5.6
id-12510	9	10	20	6.5
id-12511	2	4	17	6.1
id-12512	7	8	25	6.2
id-12513	1	2	23	6.6
id-12514	3	5	6	5.6
id-12515	8	8	21	5.3
id-12516	4	4	20	5.9
id-12517	8	16	26	5.9
id-12518	8	4	8	7.0
id-12519	6	12	4	6.8
id-12520	9	13	17	5.8
id-12521	7	5	20	6.4
id-12522	10	11	4	5.3
id-12523	1	2	2	5.5
id-12524	6	2	28	5.6
id-12525	9	14	23	5.6
id-12526	2	2	28	6.9
id-12527	1	2	17	7.0
id-12528	1	2	5	5.9
id-12529	10	4	21	5.6
id-12530	7	13	29	5.8
id-12531	7	11	6	5.2
id-12532	6	5	14	6.4
id-12533	2	2	1	5.8
id-12534	10	12	19	5.8
id-12535	2	4	13	6.2
id-12536	2	3	8	6.7
id-12537	3	4	16	5.2
id-12538	3	3	21	6.1
id-12539	8	10	26	5.8
id-12540	9	4	26	6.7
id-12541	7	2	17	6.6
id-12542	1	2	29	5.0
id-12543	6	8	3	5.1
id-12544	9	11	24	6.7
id-12545	8	6	25	6.8
id-12546	6	11	30	5.2
id-12547	6	10	27	6.5
id-12548	10	8	4	6.2
id-12549	4	3	23	6.5
id-12550	10	20	6	5.2
id-12551	4	6	2	6.1
id-12552	5	3	28	5.7
id-12553	8	6	16	6.8
id-12554	3	4	20	6.3
id-12555	5	9	30	6.7
id-12556	3	5	7	6.9
id-12557	9	7	3	7.0
id-12558	3	3	10	5.3
id-12559	6	8	18	5.5
id-12560	6	6	23	6.6
id-12561	10	14	18	5.2
id-12562	8	11	28	5.8
id-12563	7	7	20	5.1
id-12564	6	5	14	6.6
id-12565	1	2	6	6.6
id-12566	4	7	5	5.7
id-12567	2	2	20	6.0
id-12568	5	10	4	5.4
id-12569	8	10	15	5.3
id-12570	6	3	20	5.2
id-12571	3	4	24	6.3
id-12572	9	14	19	6.8
id-12573	6	9	13	6.7
id-12574	3	2	22	5.7
id-12575	6	4	6	6.5
id-12576	4	7	21	6.4
id-12577	3	3	18	6.1
id-12578	4	5	17	5.2
id-12579	10	9	23	5.0
id-12580	5	7	4	6.7
id-12581	7	8	23	5.6
id-12582	2	3	8	5.0
id-12583	1	2	26	5.8
id-12584	6	10	9	6.8
id-12585	6	11	28	5.9
id-12586	5	6	23	5.5
id-12587	3	3	17	5.1
id-12588	5	2	19	5.7
id-12589	1	2	29	6.2
id-12590	4	2	21	6.7
id-12591	8	6	28	5.7
id-12592	9	2	28	6.3
id-12593	1	2	12	6.1
id-12594	9	14	12	6.9
id-12595	3	3	30	5.7
id-12596	5	5	29	5.2
id-12597	10	10	30	5.0
id-12598	4	4	4	5.8
id-12599	6	9	29	5.9
id-12600	10	5	3	5.1
id-12601	9	18	16	5.7
id-12602	5	3	15	6.3
id-12603	2	3	5	6.9
id-12604	1	2	24	5.1
id-12605	7	9	5	6.3
id-12606	7	5	20	6.7
id-12607	3	5	6	7.0
id-12608	6	2	30	6.9
id-12609	5	7	2	6.1
id-12610	9	12	12	5.3
id-12611	3	5	15	5.7
id-12612	10	5	12	6.9
id-12613	5	8	3	5.5
id-12614	9	5	28	6.7
id-12615	4	4	4	5.1
id-12616	7	9	22	6.1
id-12617	1	2	14	5.2
id-12618	5	2	19	6.2
id-12619	4	4	19	5.2
id-12620	1	2	22	6.1
id-12621	3	3	25	5.1
id-12622	3	5	10	5.9
id-12623	2	2	26	6.1
id-12624	4	2	9	6.8
id-12625	8	16	16	5.2
id-12626	5	5	27	5.4
id-12627	2	3	9	6.8
id-12628	8	7	5	6.3
id-12629	10	7	16	5.7
id-12630	9	5	25	5.0
id-12631	9	7	11	5.1
id-12632	8	11	20	6.1
id-12633	5	5	13	6.7
id-12634	4	3	12	6.2
id-12635	9	12	5	6.4
id-12636	6	11	13	6.1
id-12637	9	7	17	6.4
id-12638	7	2	23	5.8
id-12639	5	2	30	5.1
id-12640	2	4	2	6.4
id-12641	8	9	20	6.2
id-12642	9	8	15	6.1
id-12643	10	11	6	5.9
id-12644	10	8	11	6.4
id-12645	7	9	18	6.8
id-12646	9	17	27	5.7
id-12647	4	7	14	5.7
id-12648	8	15	10	6.8
id-12649	9	11	23	6.8
id-12650	6	11	20	6.7
id-12651	3	4	8	6.9
id-12652	6	10	14	6.9
id-12653	8	11	7	5.1
id-12654	6	10	19	5.0
id-12655	2	4	10	6.6
id-12656	8	6	16	5.5
id-12657	3	3	14	5.1
id-12658	1	2	4	5.4
id-12659	2	4	9	6.9
id-12660	7	8	20	5.7
id-12661	9	16	16	5.4
id-12662	6	5	2	6.6
id-12663	10	5	21	6.9
id-12664	10	15	20	6.3
id-12665	4	5	1	7.0
id-12666	5	5	8	5.7
id-12667	3	3	25	5.7
id-12668	4	7	14	5.1
id-12669	1	2	12	6.4
id-12670	7	3	5	6.9
id-12671	10	4	2	5.3
id-12672	8	11	8	5.4
id-12673	7	12	2	5.3
id-12674	2	2	27	5.6
id-12675	3	3	12	6.0
id-12676	7	3	27	6.1
id-12677	8	13	4	5.5
id-12678	5	6	11	5.6
id-12679	6	3	5	5.4
id-12680	10	8	20	6.4
id-12681	6	6	11	5.2
id-12682	9	12	30	5.2
id-12683	2	2	6	5.7
id-12684	7	3	1	6.4
id-12685	6	12	11	6.7
id-12686	8	2	15	6.5
id-12687	6	9	5	6.7
id-12688	1	2	17	6.9
id-12689	5	10	22	6.4
id-12690	10	8	9	6.2
id-12691	2	4	3	6.5
id-12692	3	4	27	5.4
id-12693	9	8	2	6.7
id-12694	3	4	16	6.6
id-12695	4	5	14	6.7
id-12696	3	3	8	5.5
id-12697	8	2	9	5.0
id-12698	1	2	14	6.9
id-12699	4	2	22	5.1
id-12700	7	2	3	5.4
id-12701	2	3	12	6.1
id-12702	6	10	15	6.7
id-12703	7	6	11	6.4
id-12704	8	5	22	7.0
id-12705	5	7	16	5.1
id-12706	8	10	5	5.8
id-12707	4	8	18	5.8
id-12708	1	2	13	5.4
id-12709	6	6	10	5.7
id-12710	10	13	12	6.3
id-12711	6	6	24	7.0
id-12712	7	2	21	5.8
id-12713	7	5	9	6.7
id-12714	6	10	30	6.6
id-12715	3	3	17	6.8
id-12716	2	4	25	5.2
id-12717	4	4	30	6.4
id-12718	6	8	26	6.4
id-12719	10	11	13	7.0
id-12720	3	6	14	5.6
id-12721	6	3	22	5.8
id-12722	10	14	15	5.6
id-12723	1	2	4	6.3
id-12724	4	6	11	6.4
id-12725	2	2	28	6.3
id-12726	9	15	16	6.7
id-12727	4	4	23	5.6
id-12728	2	4	6	6.8
id-12729	9	18	2	5.9
id-12730	8	10	10	6.9
id-12731	5	7	6	5.7
id-12732	3	3	25	5.6
id-12733	6	4	4	5.7
id-12734	8	8	12	5.6
id-12735	6	9	3	6.0
id-12736	10	10	8	5.2
id-12737	10	10	3	5.9
id-12738	5	9	9	6.1
id-12739	4	2	26	5.7
id-12740	10	10	21	5.9
id-12741	8	2	19	5.7
id-12742	6	9	26	6.0
id-12743	5	3	7	5.8
id-12744	7	12	13	6.8
id-12745	2	3	26	5.8
id-12746	4	8	22	6.3
id-12747	1	2	19	5.8
id-12748	3	2	1	5.8
id-12749	10	12	1	5.7
id-12750	9	5	18	5.0
id-12751	6	2	12	5.9
id-12752	5	3	15	5.4
id-12753	4	3	15	6.1
id-12754	2	2	27	6.0
id-12755	9	11	22	6.3
id-12756	4	6	27	6.0
id-12757	10	3	8	5.2
id-12758	3	2	4	6.2
id-12759	9	12	21	6.1
id-12760	1	2	18	5.9
id-12761	7	5	2	5.4
id-12762	8	16	18	6.1
id-12763	2	2	3	5.3
id-12764	3	4	19	5.5
id-12765	1	2	2	6.4
id-12766	10	4	26	6.5
id-12767	7	11	25	7.0
id-12768	10	8	19	6.7
id-12769	6	5	19	6.3
id-12770	10	10	2	5.6
id-12771	6	10	24	6.4
id-12772	4	6	28	5.3
id-12773	9	16	20	6.9
id-12774	8	15	12	6.5
id-12775	6	11	5	5.5
id-12776	4	8	5	6.3
id-12777	5	7	20	5.2
id-12778	4	5	2	6.4
id-12779	10	2	11	6.2
id-12780	8	14	28	5.5
id-12781	6	8	22	5.5
id-12782	6	12	11	6.2
id-12783	2	4	17	6.0
id-12784	7	3	1	6.6
id-12785	1	2	24	5.3
id-12786	3	5	29	6.3
id-12787	9	13	1	6.4
id-12788	4	6	28	6.3
id-12789	7	7	19	5.8
id-12790	8	14	2	6.7
id-12791	5	10	22	6.3
id-12792	4	5	19	6.0
id-12793	2	2	17	6.5
id-12794	7	2	3	5.6
id-12795	9	14	10	5.6
id-12796	2	2	8	6.3
id-12797	2	2	12	5.6
id-12798	2	4	8	6.8
id-12799	4	6	3	5.7
id-12800	2	2	16	5.3
id-12801	5	7	25	7.0
id-12802	4	7	5	5.6
id-12803	3	2	4	5.9
id-12804	5	9	4	5.6
id-12805	8	3	30	6.7
id-12806	8	15	13	5.6
id-12807	10	8	11	5.5
id-12808	1	2	7	6.2
id-12809	8	13	23	6.3
id-12810	2	2	28	5.7
id-12811	8	8	13	6.1
id-12812	10	4	10	6.2
id-12813	5	6	10	6.9
id-12814	7	11	4	5.4
id-12815	7	10	15	6.5
id-12816	10	9	28	5.3
id-12817	1	2	13	5.3
id-12818	4	5	22	6.7
id-12819	7	11	20	6.3
id-12820	8	9	12	6.3
id-12821	5	2	16	6.8
id-12822	6	6	10	6.4
id-12823	6	4	11	5.0
id-12824	8	8	29	6.5
id-12825	8	2	3	5.4
id-12826	3	4	8	5.6
id-12827	6	10	13	6.8
id-12828	8	11	17	5.6
id-12829	2	3	22	6.3
id-12830	7	6	14	5.2
id-12831	3	5	10	6.7
id-12832	8	6	2	6.4
id-12833	7	13	24	5.2
id-12834	8	10	24	6.7
id-12835	10	16	13	6.7
id-12836	9	13	2	5.8
id-12837	6	9	20	6.0
id-12838	9	5	18	6.1
id-12839	1	2	6	6.4
id-12840	2	3	19	6.0
id-12841	4	7	19	6.9
id-12842	2	3	15	5.8
id-12843	3	3	30	5.8
id-12844	6	11	6	5.3
id-12845	5	9	11	6.3
id-12846	5	5	27	5.0
id-12847	9	5	11	5.4
id-12848	8	3	8	6.2
id-12849	6	5	13	5.8
id-12850	2	3	17	6.7
id-12851	6	12	11	6.3
id-12852	1	2	27	5.3
id-12853	6	4	5	5.5
id-12854	3	3	16	6.0
id-12855	2	2	10	6.1
id-12856	5	10	8	6.7
id-12857	3	5	20	6.0
id-12858	3	3	20	6.8
id-12859	10	17	4	6.9
id-12860	5	6	20	6.4
id-12861	6	7	28	6.5
id-12862	8	2	4	6.5
id-12863	3	4	8	5.2
id-12864	7	6	19	5.2
id-12865	10	5	16	6.8
id-12866	2	4	2	5.7
id-12867	5	5	7	6.4
id-12868	6	3	10	7.0
id-12869	2	2	30	6.6
id-12870	1	2	14	6.7
id-12871	1	2	14	6.9
id-12872	5	5	23	5.5
id-12873	4	4	26	6.4
id-12874	9	10	5	6.9
id-12875	6	10	28	6.9
id-12876	3	4	1	6.9
id-12877	10	8	27	6.1
id-12878	7	4	15	6.9
id-12879	2	3	6	5.4
id-12880	5	8	15	6.5
id-12881	4	5	24	5.9
id-12882	4	7	13	6.4
id-12883	5	7	2	6.4
id-12884	2	3	29	5.5
id-12885	6	3	30	5.3
id-12886	7	7	17	5.2
id-12887	10	13	12	5.9
id-12888	2	3	25	6.7
id-12889	8	6	14	6.6
id-12890	8	3	27	5.5
id-12891	5	5	9	5.7
id-12892	4	8	18	5.5
id-12893	2	2	10	6.2
id-12894	6	9	7	6.0
id-12895	8	16	27	5.1
id-12896	8	5	26	5.4
id-12897	1	2	3	6.1
id-12898	10	9	16	5.5
id-12899	2	3	30	5.2
id-12900	5	3	10	5.6
id-12901	10	6	5	6.3
id-12902	9	11	15	5.9
id-12903	8	9	26	6.4
id-12904	9	13	9	5.4
id-12905	5	9	25	5.5
id-12906	7	7	17	5.3
id-12907	8	10	26	6.3
id-12908	7	12	8	5.3
id-12909	1	2	11	6.1
id-12910	10	15	4	6.4
id-12911	4	4	20	6.7
id-12912	9	3	29	6.5
id-12913	4	6	17	5.0
id-12914	5	8	24	5.2
id-12915	9	15	14	5.2
id-12916	8	14	29	5.2
id-12917	8	5	28	6.4
id-12918	8	16	19	5.6
id-12919	6	2	4	6.1
id-12920	4	6	13	6.4
id-12921	2	4	7	6.1
id-12922	6	7	18	5.8
id-12923	6	4	16	6.8
id-12924	3	3	23	5.5
id-12925	6	9	3	6.0
id-12926	5	8	4	6.8
id-12927	1	2	2	6.9
id-12928	8	9	8	5.7
id-12929	6	9	6	6.2
id-12930	3	4	29	6.5
id-12931	1	2	4	5.2
id-12932	3	6	14	5.5
id-12933	2	3	26	6.7
id-12934	9	16	27	6.3
id-12935	4	6	2	6.0
id-12936	1	2	8	6.8
id-12937	9	18	15	6.3
id-12938	3	5	22	6.5
id-12939	4	2	6	6.6
id-12940	7	4	18	6.7
id-12941	4	8	3	6.3
id-12942	5	4	28	5.1
id-12943	2	2	6	5.5
id-12944	4	8	21	6.0
id-12945	2	3	22	5.5
id-12946	8	8	2	6.2
id-12947	9	16	30	5.4
id-12948	4	5	12	5.4
id-12949	10	9	14	6.2
id-12950	5	9	21	5.5
id-12951	2	3	6	6.8
id-12952	9	14	4	5.7
id-12953	5	8	5	5.9
id-12954	7	5	5	6.7
id-12955	3	6	8	5.2
id-12956	3	4	14	5.3
id-12957	2	3	1	6.4
id-12958	5	6	12	6.3
id-12959	1	2	22	6.2
id-12960	1	2	1	6.2
id-12961	3	5	20	5.3
id-12962	4	8	19	6.0
id-12963	1	2	3	6.1
id-12964	4	7	16	5.4
id-12965	5	8	26	5.9
id-12966	9	8	16	5.4
id-12967	5	9	16	5.3
id-12968	5	5	14	6.8
id-12969	5	5	1	6.2
id-12970	2	2	6	5.5
id-12971	2	4	18	5.1
id-12972	2	4	1	6.8
id-12973	8	15	25	5.2
id-12974	9	13	11	6.1
id-12975	3	2	27	5.1
id-12976	3	4	15	7.0
id-12977	10	3	15	6.6
id-12978	8	16	16	6.9
id-12979	1	2	10	6.3
id-12980	3	4	15	5.3
id-12981	10	15	17	6.0
id-12982	3	3	26	6.8
id-12983	5	7	16	6.5
id-12984	2	4	18	5.8
id-12985	6	9	8	5.5
id-12986	8	2	30	5.9
id-12987	10	17	1	5.7
id-12988	1	2	4	5.9
id-12989	6	4	8	5.5
id-12990	5	4	4	5.5
id-12991	8	3	27	6.0
id-12992	4	8	8	5.8
id-12993	1	2	2	6.5
id-12994	6	7	20	5.5
id-12995	1	2	19	6.6
id-12996	2	3	18	6.1
id-12997	3	5	11	7.0
id-12998	2	2	12	6.1
id-12999	3	4	18	7.0
id-13000	5	8	10	6.0
id-13001	2	4	2	6.5
id-13002	5	5	30	5.2
id-13003	9	5	2	5.7
id-13004	4	2	13	5.7
id-13005	8	13	4	6.8
id-13006	6	9	10	6.5
id-13007	6	9	22	6.0
id-13008	6	12	29	6.5
id-13009	9	9	8	6.5
id-13010	5	3	3	5.9
id-13011	6	8	15	5.4
id-13012	4	7	30	5.4
id-13013	4	4	14	5.0
id-13014	3	2	20	6.4
id-13015	7	14	26	5.8
id-13016	1	2	4	5.1
id-13017	10	7	1	7.0
id-13018	5	4	25	6.1
id-13019	3	2	23	5.5
id-13020	3	6	24	5.5
id-13021	7	2	15	5.6
id-13022	4	3	23	5.9
id-13023	2	2	2	5.6
id-13024	9	3	17	5.4
id-13025	1	2	2	6.1
id-13026	3	2	19	5.1
id-13027	10	17	24	6.1
id-13028	8	4	10	5.1
id-13029	1	2	27	6.6
id-13030	10	14	12	5.6
id-13031	6	11	28	5.1
id-13032	1	2	21	6.6
id-13033	6	2	14	5.6
id-13034	7	2	16	5.9
id-13035	7	11	23	6.2
id-13036	4	5	12	5.0
id-13037	7	10	23	5.8
id-13038	6	6	21	6.4
id-13039	2	2	30	5.1
id-13040	1	2	3	5.2
id-13041	8	4	3	5.1
id-13042	3	5	20	6.2
id-13043	8	11	8	5.4
id-13044	5	5	20	6.8
id-13045	4	7	2	7.0
id-13046	6	5	26	5.3
id-13047	9	8	5	6.4
id-13048	9	13	11	6.2
id-13049	10	8	30	6.7
id-13050	6	12	6	6.9
id-13051	6	12	17	6.8
id-13052	7	2	30	5.6
id-13053	4	2	15	6.6
id-13054	7	10	17	5.3
id-13055	4	8	20	5.1
id-13056	4	3	8	5.1
id-13057	8	7	23	6.5
id-13058	9	5	1	6.6
id-13059	2	2	22	6.9
id-13060	4	4	3	5.5
id-13061	8	7	4	6.3
id-13062	2	4	24	6.0
id-13063	10	10	28	5.6
id-13064	2	2	21	7.0
id-13065	1	2	27	6.2
id-13066	8	13	28	5.9
id-13067	9	12	17	6.8
id-13068	8	8	20	5.2
id-13069	9	16	28	5.7
id-13070	9	5	4	6.6
id-13071	4	8	30	5.0
id-13072	6	6	18	5.8
id-13073	8	11	13	7.0
id-13074	7	8	21	6.6
id-13075	4	8	20	5.9
id-13076	8	10	8	5.5
id-13077	2	3	22	6.3
id-13078	4	3	13	6.8
id-13079	9	4	3	5.7
id-13080	5	4	15	6.2
id-13081	4	5	16	5.9
id-13082	3	2	7	5.7
id-13083	4	4	1	6.9
id-13084	7	14	20	6.4
id-13085	10	20	4	7.0
id-13086	7	9	20	6.2
id-13087	1	2	22	6.3
id-13088	7	8	12	5.5
id-13089	5	10	18	5.7
id-13090	2	4	12	6.0
id-13091	7	11	3	5.9
id-13092	9	16	15	6.9
id-13093	2	4	18	5.1
id-13094	8	12	14	6.7
id-13095	6	6	10	5.3
id-13096	10	18	3	6.8
id-13097	1	2	29	5.0
id-13098	10	16	27	6.8
id-13099	3	4	27	6.0
id-13100	7	12	9	5.7
id-13101	2	4	10	6.3
id-13102	2	3	19	5.2
id-13103	10	6	2	6.2
id-13104	2	4	18	6.5
id-13105	3	5	9	6.9
id-13106	7	13	30	6.5
id-13107	9	17	11	5.4
id-13108	7	4	3	6.0
id-13109	3	3	23	6.6
id-13110	10	19	13	6.3
id-13111	8	2	8	5.5
id-13112	2	2	5	5.8
id-13113	2	3	2	5.1
id-13114	2	3	23	6.3
id-13115	1	2	21	6.4
id-13116	7	5	12	6.6
id-13117	6	9	21	6.3
id-13118	4	6	26	5.2
id-13119	2	2	24	6.0
id-13120	7	9	24	5.8
id-13121	7	9	24	5.6
id-13122	1	2	22	5.7
id-13123	1	2	14	5.7
id-13124	9	9	19	5.7
id-13125	9	3	8	5.7
id-13126	9	4	28	6.6
id-13127	10	20	20	6.4
id-13128	10	19	3	6.1
id-13129	1	2	10	6.6
id-13130	10	18	2	5.9
id-13131	1	2	10	5.8
id-13132	6	2	23	6.2
id-13133	10	16	2	6.6
id-13134	10	13	9	5.2
id-13135	3	4	3	6.6
id-13136	2	3	22	6.8
id-13137	2	3	19	5.8
id-13138	4	7	28	5.3
id-13139	1	2	5	6.1
id-13140	7	13	17	5.8
id-13141	8	5	17	5.9
id-13142	6	10	15	6.7
id-13143	5	9	4	5.4
id-13144	5	7	18	5.9
id-13145	3	4	27	6.6
id-13146	3	2	21	6.8
id-13147	4	3	10	6.7
id-13148	4	7	15	6.9
id-13149	6	11	27	5.2
id-13150	5	6	18	6.2
id-13151	8	3	29	6.5
id-13152	3	4	12	6.0
id-13153	7	14	22	5.0
id-13154	10	11	29	6.7
id-13155	3	3	7	6.8
id-13156	7	10	5	6.6
id-13157	5	7	29	6.2
id-13158	9	2	9	6.2
id-13159	1	2	14	6.8
id-13160	2	3	28	6.8
id-13161	9	6	30	6.3
id-13162	3	5	10	6.6
id-13163	9	3	2	5.8
id-13164	4	2	20	6.2
id-13165	8	9	17	6.6
id-13166	8	9	19	5.9
id-13167	8	16	11	5.7
id-13168	3	4	4	5.5
id-13169	8	14	22	5.6
id-13170	8	5	18	6.7
id-13171	7	8	6	5.3
id-13172	4	2	13	5.4
id-13173	1	2	27	6.1
id-13174	10	20	13	5.6
id-13175	10	6	24	5.6
id-13176	6	11	16	6.5
id-13177	3	3	3	5.2
id-13178	5	3	30	5.7
id-13179	4	4	19	5.5
id-13180	6	11	13	6.7
id-13181	9	11	17	6.4
id-13182	5	3	14	5.5
id-13183	9	17	18	5.5
id-13184	10	9	30	5.5
id-13185	8	12	20	6.2
id-13186	8	3	30	7.0
id-13187	7	10	16	6.7
id-13188	2	3	4	5.9
id-13189	7	6	28	6.8
id-13190	3	4	15	5.0
id-13191	7	3	4	6.2
id-13192	8	5	10	6.1
id-13193	8	3	27	5.2
id-13194	5	10	11	5.5
id-13195	7	2	1	6.2
id-13196	4	5	8	5.1
id-13197	7	2	2	6.5
id-13198	2	3	2	5.7
id-13199	3	4	11	6.7
id-13200	6	5	29	5.7
id-13201	6	7	29	6.0
id-13202	4	5	25	6.3
id-13203	7	10	1	5.4
id-13204	6	2	26	5.9
id-13205	1	2	29	6.7
id-13206	1	2	15	5.6
id-13207	2	4	18	5.5
id-13208	5	6	17	6.8
id-13209	1	2	17	6.0
id-13210	10	18	5	6.3
id-13211	5	9	1	5.6
id-13212	6	3	30	5.5
id-13213	8	7	7	6.9
id-13214	7	8	17	5.3
id-13215	9	6	15	5.9
id-13216	1	2	19	5.1
id-13217	2	2	22	6.9
id-13218	8	7	24	5.5
id-13219	9	4	13	6.3
id-13220	3	4	25	6.1
id-13221	8	16	17	6.3
id-13222	2	4	11	6.3
id-13223	9	11	24	5.4
id-13224	7	4	25	5.2
id-13225	6	5	4	6.3
id-13226	4	7	10	6.2
id-13227	3	5	21	5.1
id-13228	5	4	21	5.5
id-13229	10	20	14	5.7
id-13230	4	3	4	6.1
id-13231	4	8	12	6.2
id-13232	8	11	27	6.9
id-13233	2	4	24	6.0
id-13234	9	5	14	6.5
id-13235	8	13	25	6.7
id-13236	2	2	19	5.1
id-13237	2	2	19	5.2
id-13238	10	3	30	6.1
id-13239	10	13	23	5.0
id-13240	9	6	20	6.8
id-13241	3	2	18	6.7
id-13242	1	2	7	6.1
id-13243	9	2	3	6.0
id-13244	4	7	17	6.7
id-13245	8	2	7	6.3
id-13246	6	4	23	6.9
id-13247	6	4	26	5.8
id-13248	8	4	1	5.3
id-13249	9	15	15	5.0
id-13250	10	12	1	5.2
id-13251	9	7	20	6.4
id-13252	2	2	28	5.4
id-13253	10	16	21	5.4
id-13254	4	5	27	6.9
id-13255	10	2	22	6.5
id-13256	10	15	5	6.5
id-13257	3	6	15	6.6
id-13258	9	2	17	7.0
id-13259	9	4	16	6.3
id-13260	6	12	19	5.2
id-13261	1	2	12	6.1
id-13262	1	2	17	5.7
id-13263	9	18	16	6.2
id-13264	2	3	19	6.4
id-13265	5	3	12	6.8
id-13266	10	20	8	5.7
id-13267	1	2	23	5.7
id-13268	2	3	17	6.9
id-13269	10	14	12	5.5
id-13270	4	2	8	6.0
id-13271	4	2	12	6.6
id-13272	10	3	25	6.3
id-13273	1	2	20	6.3
id-13274	1	2	21	5.2
id-13275	6	9	16	5.7
id-13276	6	3	21	5.1
id-13277	7	10	9	6.6
id-13278	6	5	2	5.6
id-13279	6	7	16	6.8
id-13280	7	13	1	6.0
id-13281	9	13	1	6.0
id-13282	2	2	25	6.9
id-13283	6	12	10	6.6
id-13284	2	4	3	5.4
id-13285	8	3	24	6.6
id-13286	6	3	30	5.4
id-13287	6	12	30	6.8
id-13288	9	16	7	6.7
id-13289	7	5	25	5.2
id-13290	9	12	25	5.5
id-13291	4	6	21	5.4
id-13292	6	11	3	6.1
id-13293	6	4	1	6.8
id-13294	3	3	5	6.8
id-13295	4	6	23	5.9
id-13296	6	8	4	5.1
id-13297	5	3	15	5.5
id-13298	9	7	30	6.4
id-13299	1	2	23	5.9
id-13300	10	20	11	5.7
id-13301	4	3	19	6.3
id-13302	9	14	13	6.4
id-13303	1	2	8	6.9
id-13304	9	11	2	6.1
id-13305	10	6	15	5.5
id-13306	9	4	12	6.4
id-13307	1	2	22	5.4
id-13308	2	4	27	5.8
id-13309	9	4	28	5.6
id-13310	1	2	22	6.3
id-13311	3	5	23	5.3
id-13312	10	17	30	6.1
id-13313	9	17	6	5.7
id-13314	1	2	27	5.7
id-13315	1	2	17	6.4
id-13316	2	4	23	6.3
id-13317	6	6	24	5.8
id-13318	10	10	2	5.1
id-13319	1	2	4	5.1
id-13320	5	10	13	5.3
id-13321	9	3	18	6.5
id-13322	2	3	6	6.5
id-13323	2	2	17	5.9
id-13324	2	4	26	5.2
id-13325	5	8	1	6.7
id-13326	8	5	30	5.5
id-13327	7	12	22	6.7
id-13328	5	6	15	6.1
id-13329	4	6	14	5.2
id-13330	9	15	3	5.9
id-13331	10	14	5	6.6
id-13332	7	8	20	7.0
id-13333	2	4	16	5.9
id-13334	6	9	6	6.6
id-13335	2	2	7	6.3
id-13336	4	3	22	5.6
id-13337	5	5	11	6.2
id-13338	6	6	13	5.1
id-13339	4	7	11	5.6
id-13340	5	6	28	5.9
id-13341	3	5	12	5.8
id-13342	7	8	23	5.7
id-13343	2	3	1	6.9
id-13344	1	2	29	6.2
id-13345	6	3	6	5.2
id-13346	5	2	24	6.4
id-13347	5	6	15	5.9
id-13348	6	12	2	6.1
id-13349	5	5	1	5.4
id-13350	2	2	26	5.8
id-13351	7	14	29	5.4
id-13352	8	2	21	6.9
id-13353	3	4	7	6.8
id-13354	8	3	28	6.8
id-13355	5	4	25	6.2
id-13356	6	4	30	5.1
id-13357	9	6	18	5.9
id-13358	5	6	13	6.9
id-13359	1	2	5	6.4
id-13360	1	2	11	5.1
id-13361	10	11	19	5.6
id-13362	9	6	22	6.9
id-13363	9	6	30	5.5
id-13364	8	15	12	6.9
id-13365	1	2	18	6.5
id-13366	8	12	22	5.5
id-13367	6	10	13	6.3
id-13368	3	5	22	6.5
id-13369	4	3	4	6.2
id-13370	4	4	29	6.3
id-13371	3	2	22	6.6
id-13372	5	2	3	6.7
id-13373	4	7	23	6.7
id-13374	9	14	15	5.1
id-13375	9	13	29	5.6
id-13376	1	2	3	5.7
id-13377	3	3	24	5.2
id-13378	4	5	14	6.0
id-13379	6	10	8	6.7
id-13380	3	6	8	6.6
id-13381	9	5	20	6.7
id-13382	10	6	3	5.2
id-13383	4	4	6	5.6
id-13384	7	8	8	5.2
id-13385	6	8	30	5.3
id-13386	9	7	4	5.9
id-13387	3	4	6	5.7
id-13388	1	2	1	5.0
id-13389	3	4	26	5.9
id-13390	2	2	10	6.8
id-13391	6	8	10	5.3
id-13392	10	10	6	6.7
id-13393	5	5	18	5.7
id-13394	2	2	9	5.2
id-13395	7	11	15	6.2
id-13396	8	4	3	5.4
id-13397	8	13	6	6.5
id-13398	5	5	9	5.3
id-13399	10	3	12	5.0
id-13400	10	3	3	5.1
id-13401	6	7	25	6.6
id-13402	8	9	6	6.9
id-13403	7	5	4	5.1
id-13404	5	10	29	5.2
id-13405	6	6	20	5.3
id-13406	10	9	6	5.8
id-13407	2	2	16	6.1
id-13408	3	6	4	6.3
id-13409	5	2	24	6.3
id-13410	1	2	14	6.5
id-13411	1	2	23	5.8
id-13412	7	9	25	5.4
id-13413	3	5	5	6.6
id-13414	3	6	2	6.2
id-13415	3	5	12	6.0
id-13416	6	12	15	6.6
id-13417	5	7	13	6.7
id-13418	8	11	27	6.1
id-13419	1	2	6	5.8
id-13420	3	3	9	6.9
id-13421	3	4	5	6.6
id-13422	4	8	11	5.9
id-13423	1	2	17	6.7
id-13424	10	6	5	5.2
id-13425	3	3	10	5.5
id-13426	6	9	25	6.9
id-13427	9	12	14	6.4
id-13428	6	10	16	5.2
id-13429	2	2	14	5.2
id-13430	9	7	12	6.8
id-13431	5	3	12	5.2
id-13432	2	2	19	5.5
id-13433	7	7	22	5.3
id-13434	5	2	9	5.9
id-13435	8	14	5	5.3
id-13436	7	6	16	6.4
id-13437	3	3	18	6.7
id-13438	7	10	4	5.7
id-13439	8	13	12	5.8
id-13440	7	6	12	5.3
id-13441	4	3	2	5.5
id-13442	1	2	30	5.4
id-13443	7	5	9	5.6
id-13444	4	7	23	5.8
id-13445	6	7	4	6.0
id-13446	10	13	8	5.4
id-13447	9	11	5	5.8
id-13448	7	4	19	5.7
id-13449	10	10	3	5.4
id-13450	10	19	10	6.6
id-13451	10	19	7	6.9
id-13452	2	4	30	5.3
id-13453	6	12	2	6.1
id-13454	2	2	25	5.7
id-13455	2	4	2	6.7
id-13456	5	7	27	5.8
id-13457	9	4	25	6.5
id-13458	7	11	11	5.6
id-13459	5	7	12	6.6
id-13460	3	3	27	6.4
id-13461	9	15	12	5.9
id-13462	2	2	18	5.9
id-13463	9	9	9	6.5
id-13464	3	3	2	5.2
id-13465	6	2	1	5.3
id-13466	5	7	17	5.2
id-13467	7	9	6	6.3
id-13468	7	9	1	6.0
id-13469	1	2	20	5.5
id-13470	5	8	12	6.6
id-13471	6	8	28	6.3
id-13472	1	2	9	5.7
id-13473	10	13	12	5.5
id-13474	8	6	21	5.6
id-13475	5	5	23	5.6
id-13476	10	9	13	6.1
id-13477	3	6	6	5.0
id-13478	6	6	15	5.4
id-13479	7	13	13	5.6
id-13480	10	6	26	6.0
id-13481	8	16	22	6.7
id-13482	6	2	27	7.0
id-13483	3	4	10	5.9
id-13484	7	7	23	6.6
id-13485	6	4	20	5.6
id-13486	10	4	7	6.7
id-13487	9	15	28	5.8
id-13488	8	5	5	5.5
id-13489	9	17	5	6.3
id-13490	6	2	16	5.3
id-13491	6	2	7	6.8
id-13492	5	7	24	5.5
id-13493	6	12	1	5.9
id-13494	9	16	22	6.6
id-13495	9	17	30	6.5
id-13496	9	4	24	6.0
id-13497	4	5	13	6.0
id-13498	2	2	17	5.5
id-13499	7	11	12	5.6
id-13500	8	15	18	6.8
id-13501	2	3	11	6.8
id-13502	6	8	16	6.3
id-13503	5	6	29	6.8
id-13504	4	4	11	6.9
id-13505	2	4	27	6.6
id-13506	3	2	27	5.1
id-13507	4	2	5	5.7
id-13508	1	2	20	5.7
id-13509	3	6	6	5.3
id-13510	10	12	5	5.3
id-13511	9	16	4	6.6
id-13512	7	11	27	6.4
id-13513	1	2	27	6.1
id-13514	5	4	22	6.1
id-13515	4	3	27	5.5
id-13516	9	6	13	6.0
id-13517	7	6	22	5.4
id-13518	6	12	1	5.7
id-13519	10	16	21	5.0
id-13520	7	13	25	6.1
id-13521	6	9	27	5.9
id-13522	3	2	2	5.1
id-13523	6	2	21	6.9
id-13524	7	3	26	6.7
id-13525	8	11	14	6.3
id-13526	9	10	12	7.0
id-13527	10	18	23	6.5
id-13528	2	4	22	6.8
id-13529	1	2	13	6.3
id-13530	9	15	5	5.0
id-13531	1	2	8	6.9
id-13532	5	10	9	6.0
id-13533	6	7	27	6.6
id-13534	6	2	21	6.0
id-13535	4	3	13	6.7
id-13536	5	3	21	5.4
id-13537	4	7	15	6.3
id-13538	7	9	24	5.7
id-13539	3	5	3	5.2
id-13540	7	6	27	6.2
id-13541	8	4	23	5.1
id-13542	1	2	23	5.6
id-13543	4	6	21	5.4
id-13544	8	13	25	5.3
id-13545	8	11	5	6.0
id-13546	5	4	5	6.9
id-13547	7	5	17	6.8
id-13548	3	4	25	6.5
id-13549	8	8	5	5.8
id-13550	6	5	6	6.8
id-13551	3	3	22	5.3
id-13552	4	6	6	6.9
id-13553	2	4	16	5.6
id-13554	4	4	10	6.5
id-13555	1	2	1	5.1
id-13556	10	10	25	6.6
id-13557	4	7	7	6.8
id-13558	1	2	27	5.1
id-13559	7	4	16	5.8
id-13560	2	3	21	6.3
id-13561	3	4	25	6.3
id-13562	5	8	21	5.0
id-13563	7	14	14	6.3
id-13564	8	9	24	6.3
id-13565	9	2	19	6.2
id-13566	6	9	3	5.8
id-13567	6	6	13	5.8
id-13568	5	4	10	5.6
id-13569	3	5	11	6.9
id-13570	5	8	5	6.2
id-13571	4	8	17	5.6
id-13572	7	5	8	6.6
id-13573	4	7	14	5.5
id-13574	1	2	14	6.7
id-13575	9	17	30	6.0
id-13576	6	12	23	6.3
id-13577	4	2	27	5.2
id-13578	10	13	17	5.3
id-13579	4	6	22	6.4
id-13580	4	7	9	5.5
id-13581	7	2	7	6.2
id-13582	7	11	2	6.9
id-13583	6	4	17	5.3
id-13584	9	10	17	5.7
id-13585	4	7	1	5.9
id-13586	1	2	13	5.5
id-13587	5	5	2	5.8
id-13588	5	6	10	5.1
id-13589	3	5	30	5.0
id-13590	1	2	6	5.2
id-13591	2	2	14	5.1
id-13592	4	5	11	5.8
id-13593	4	6	2	6.0
id-13594	3	3	25	5.6
id-13595	5	5	16	5.9
id-13596	3	2	8	6.3
id-13597	6	9	7	5.7
id-13598	3	5	9	5.4
id-13599	6	10	5	6.7
id-13600	2	3	1	5.5
id-13601	8	9	29	6.4
id-13602	7	2	8	5.5
id-13603	9	4	19	5.1
id-13604	2	4	2	6.3
id-13605	9	14	25	5.5
id-13606	8	5	8	5.8
id-13607	10	16	18	5.1
id-13608	2	3	10	6.2
id-13609	7	9	18	6.4
id-13610	10	8	8	5.6
id-13611	4	7	17	5.8
id-13612	8	8	25	5.2
id-13613	6	10	13	6.9
id-13614	5	10	2	5.8
id-13615	2	3	2	6.4
id-13616	1	2	20	6.6
id-13617	9	10	1	6.0
id-13618	4	8	2	5.1
id-13619	2	3	14	5.2
id-13620	5	10	19	6.9
id-13621	7	12	30	6.6
id-13622	3	6	12	6.1
id-13623	9	4	12	5.2
id-13624	7	4	6	5.6
id-13625	2	4	21	5.9
id-13626	6	4	15	7.0
id-13627	5	9	20	5.5
id-13628	7	10	21	5.7
id-13629	6	2	2	5.4
id-13630	4	6	4	6.6
id-13631	5	9	15	6.0
id-13632	3	2	12	5.1
id-13633	7	9	11	6.2
id-13634	6	3	4	6.9
id-13635	9	13	27	6.7
id-13636	6	7	25	6.7
id-13637	10	3	25	6.3
id-13638	7	14	28	6.7
id-13639	7	5	24	6.7
id-13640	3	6	5	5.1
id-13641	8	4	20	5.3
id-13642	10	9	24	5.8
id-13643	2	4	25	5.3
id-13644	5	9	7	5.8
id-13645	1	2	16	5.0
id-13646	9	6	10	6.9
id-13647	4	6	25	6.5
id-13648	1	2	8	6.2
id-13649	3	6	27	6.6
id-13650	6	9	11	5.0
id-13651	8	16	15	5.4
id-13652	3	6	26	6.0
id-13653	10	14	23	6.6
id-13654	1	2	28	5.1
id-13655	8	13	9	6.7
id-13656	9	11	6	6.1
id-13657	2	3	14	6.7
id-13658	1	2	23	6.6
id-13659	2	2	3	5.0
id-13660	7	10	27	6.1
id-13661	10	17	2	6.0
id-13662	8	4	15	6.1
id-13663	7	12	6	5.1
id-13664	7	5	11	6.3
id-13665	4	8	6	5.1
id-13666	4	6	11	5.1
id-13667	8	8	25	5.4
id-13668	1	2	10	6.3
id-13669	1	2	23	5.2
id-13670	8	8	3	5.2
id-13671	5	5	27	6.3
id-13672	8	8	6	6.4
id-13673	3	2	23	5.2
id-13674	8	12	21	5.4
id-13675	8	7	16	5.9
id-13676	6	6	23	6.4
id-13677	5	6	18	5.3
id-13678	2	2	4	6.5
id-13679	2	4	12	5.8
id-13680	2	3	14	6.1
id-13681	8	10	9	5.2
id-13682	7	8	9	6.2
id-13683	9	5	16	5.6
id-13684	7	8	9	5.6
id-13685	10	14	13	6.1
id-13686	10	4	29	5.3
id-13687	3	4	20	6.0
id-13688	10	12	28	5.7
id-13689	3	6	6	5.0
id-13690	3	2	1	7.0
id-13691	4	8	3	6.5
id-13692	9	3	10	6.1
id-13693	3	2	10	6.6
id-13694	3	6	9	5.2
id-13695	2	2	27	6.0
id-13696	10	5	26	5.1
id-13697	10	16	23	6.8
id-13698	8	2	4	5.9
id-13699	7	2	26	5.2
id-13700	10	2	24	6.3
id-13701	9	11	9	5.7
id-13702	3	4	28	6.0
id-13703	5	4	11	5.8
id-13704	7	2	24	6.1
id-13705	2	4	3	6.9
id-13706	3	4	30	6.6
id-13707	6	12	20	5.0
id-13708	9	5	6	5.0
id-13709	6	11	7	5.7
id-13710	2	3	18	5.2
id-13711	7	4	17	5.6
id-13712	1	2	14	6.3
id-13713	8	8	7	6.4
id-13714	5	8	20	6.7
id-13715	2	4	15	5.3
id-13716	2	2	13	5.4
id-13717	10	4	21	6.9
id-13718	9	8	21	5.0
id-13719	4	4	3	5.4
id-13720	1	2	11	6.8
id-13721	8	6	2	6.6
id-13722	5	9	17	6.7
id-13723	7	2	4	6.3
id-13724	1	2	12	6.2
id-13725	8	8	15	6.0
id-13726	6	5	25	6.3
id-13727	5	3	28	6.7
id-13728	3	5	17	5.2
id-13729	7	10	28	6.2
id-13730	4	3	24	6.7
id-13731	1	2	17	6.2
id-13732	5	10	21	6.9
id-13733	3	3	8	6.2
id-13734	8	16	10	6.5
id-13735	9	10	8	6.6
id-13736	9	17	18	5.5
id-13737	4	7	3	5.4
id-13738	9	3	27	5.5
id-13739	8	13	21	5.1
id-13740	3	6	30	5.0
id-13741	1	2	4	6.9
id-13742	4	3	23	6.3
id-13743	10	12	16	5.6
id-13744	6	8	10	6.6
id-13745	8	10	18	6.6
id-13746	5	10	6	5.2
id-13747	8	11	16	5.3
id-13748	1	2	17	5.4
id-13749	5	3	30	5.8
id-13750	8	15	8	6.2
id-13751	5	7	19	5.4
id-13752	10	8	8	5.7
id-13753	10	17	28	6.5
id-13754	2	4	24	5.3
id-13755	7	13	11	6.8
id-13756	1	2	6	5.5
id-13757	1	2	22	6.9
id-13758	1	2	9	6.8
id-13759	10	19	27	6.2
id-13760	3	4	8	6.9
id-13761	7	5	11	6.2
id-13762	9	18	13	6.3
id-13763	4	6	17	6.5
id-13764	10	14	7	6.8
id-13765	7	14	25	6.6
id-13766	3	5	11	5.7
id-13767	10	18	29	5.4
id-13768	9	2	18	5.2
id-13769	3	6	15	5.3
id-13770	5	2	26	7.0
id-13771	3	2	17	6.5
id-13772	3	4	27	5.2
id-13773	9	2	4	5.7
id-13774	9	15	12	6.0
id-13775	3	4	12	6.7
id-13776	8	11	11	5.5
id-13777	10	4	7	6.9
id-13778	2	4	24	6.6
id-13779	2	4	12	6.4
id-13780	7	8	4	6.3
id-13781	7	12	4	6.4
id-13782	5	4	1	6.8
id-13783	9	9	17	6.9
id-13784	3	6	24	6.1
id-13785	7	7	28	5.1
id-13786	4	5	10	6.4
id-13787	2	4	4	5.6
id-13788	2	2	27	5.1
id-13789	5	5	13	6.9
id-13790	4	2	28	5.5
id-13791	7	6	9	5.8
id-13792	2	2	4	6.1
id-13793	7	11	12	5.9
id-13794	1	2	25	5.3
id-13795	2	3	9	7.0
id-13796	4	4	3	5.6
id-13797	3	5	2	6.5
id-13798	6	6	26	6.9
id-13799	1	2	5	6.2
id-13800	5	7	24	5.5
id-13801	7	2	30	5.8
id-13802	8	7	28	5.7
id-13803	2	3	19	5.4
id-13804	7	13	10	5.5
id-13805	1	2	29	5.8
id-13806	1	2	13	5.2
id-13807	9	2	14	6.9
id-13808	6	10	23	6.3
id-13809	5	3	14	6.2
id-13810	9	4	26	6.2
id-13811	5	10	20	5.8
id-13812	6	2	3	6.8
id-13813	6	11	2	5.4
id-13814	3	5	23	5.3
id-13815	7	11	8	5.6
id-13816	5	6	15	6.8
id-13817	6	6	21	5.2
id-13818	7	5	19	5.0
id-13819	10	12	9	5.0
id-13820	6	7	10	6.3
id-13821	3	6	2	5.0
id-13822	9	14	19	5.6
id-13823	8	8	23	6.7
id-13824	8	11	9	6.5
id-13825	9	13	30	5.5
id-13826	8	8	16	6.5
id-13827	2	3	17	5.5
id-13828	1	2	30	6.3
id-13829	3	2	12	6.3
id-13830	8	5	28	5.6
id-13831	4	2	3	6.7
id-13832	3	2	29	6.9
id-13833	4	6	1	5.5
id-13834	5	10	10	6.7
id-13835	8	12	28	6.4
id-13836	3	4	8	6.5
id-13837	8	4	8	5.6
id-13838	6	12	7	6.9
id-13839	1	2	22	5.6
id-13840	10	3	28	5.2
id-13841	8	13	21	5.5
id-13842	2	4	2	5.9
id-13843	4	8	17	6.8
id-13844	8	3	11	6.3
id-13845	1	2	5	5.1
id-13846	4	7	1	5.6
id-13847	3	2	16	6.5
id-13848	8	14	8	5.6
id-13849	5	9	30	5.5
id-13850	5	8	17	6.7
id-13851	3	2	28	6.8
id-13852	6	9	1	5.2
id-13853	1	2	11	6.0
id-13854	8	9	26	5.1
id-13855	6	9	2	6.3
id-13856	2	2	24	6.2
id-13857	8	13	20	5.6
id-13858	2	3	2	5.1
id-13859	6	4	25	5.9
id-13860	4	4	8	5.1
id-13861	10	8	9	6.6
id-13862	9	13	7	7.0
id-13863	1	2	8	6.4
id-13864	3	4	30	5.3
id-13865	3	5	12	6.4
id-13866	7	12	3	6.5
id-13867	10	14	19	6.7
id-13868	4	8	21	5.8
id-13869	9	15	26	6.2
id-13870	4	7	15	5.5
id-13871	4	5	20	5.1
id-13872	2	4	8	6.0
id-13873	3	6	20	5.0
id-13874	4	2	11	5.4
id-13875	6	10	26	6.1
id-13876	10	15	11	6.7
id-13877	2	3	26	6.6
id-13878	3	6	18	6.6
id-13879	7	5	14	5.8
id-13880	9	3	28	5.5
id-13881	10	18	26	6.7
id-13882	7	6	3	5.0
id-13883	3	6	28	5.5
id-13884	4	8	19	5.9
id-13885	3	6	8	6.0
id-13886	1	2	27	5.8
id-13887	2	3	9	6.0
id-13888	8	11	2	5.2
id-13889	8	8	18	6.7
id-13890	7	2	5	6.6
id-13891	3	2	26	5.2
id-13892	4	8	30	6.0
id-13893	1	2	4	6.8
id-13894	9	16	26	5.0
id-13895	6	3	14	6.3
id-13896	7	11	2	6.7
id-13897	4	4	4	5.9
id-13898	10	16	21	6.0
id-13899	9	11	28	6.5
id-13900	3	6	1	5.5
id-13901	6	11	11	5.6
id-13902	2	3	4	6.0
id-13903	7	5	8	5.1
id-13904	10	2	9	6.7
id-13905	2	3	21	5.5
id-13906	5	3	4	5.1
id-13907	9	17	21	5.0
id-13908	3	6	29	6.4
id-13909	7	5	30	6.0
id-13910	1	2	16	6.7
id-13911	10	16	23	5.5
id-13912	10	15	3	6.3
id-13913	4	2	5	6.3
id-13914	1	2	10	6.1
id-13915	1	2	7	5.6
id-13916	2	3	26	5.6
id-13917	10	16	20	5.4
id-13918	2	4	30	5.8
id-13919	10	14	10	6.6
id-13920	8	14	18	6.3
id-13921	10	5	27	5.6
id-13922	1	2	21	6.4
id-13923	6	4	29	5.3
id-13924	9	8	3	6.5
id-13925	7	14	22	6.7
id-13926	5	2	25	5.2
id-13927	6	2	9	6.5
id-13928	6	5	9	5.4
id-13929	8	8	22	6.1
id-13930	7	12	3	6.8
id-13931	2	2	5	6.3
id-13932	1	2	9	6.3
id-13933	5	3	10	6.1
id-13934	2	3	16	5.3
id-13935	7	10	1	5.4
id-13936	10	20	12	6.2
id-13937	2	4	3	5.0
id-13938	5	2	5	5.3
id-13939	10	11	3	6.6
id-13940	9	5	13	6.5
id-13941	10	4	19	6.3
id-13942	4	5	1	5.5
id-13943	5	9	25	5.4
id-13944	8	6	8	5.9
id-13945	5	3	24	5.7
id-13946	9	10	20	5.4
id-13947	1	2	2	6.7
id-13948	5	9	14	6.5
id-13949	4	3	8	6.1
id-13950	7	3	24	6.2
id-13951	10	17	17	6.0
id-13952	10	9	2	5.6
id-13953	1	2	9	6.0
id-13954	6	7	25	5.3
id-13955	10	18	27	5.1
id-13956	6	7	13	6.0
id-13957	7	10	27	6.4
id-13958	7	13	26	6.3
id-13959	6	2	6	6.7
id-13960	2	4	26	5.1
id-13961	1	2	26	5.7
id-13962	9	4	6	5.5
id-13963	5	7	2	5.7
id-13964	10	13	10	6.8
id-13965	4	3	29	6.8
id-13966	4	7	26	5.4
id-13967	3	5	9	7.0
id-13968	7	14	3	6.2
id-13969	6	6	15	6.2
id-13970	4	2	8	5.6
id-13971	10	20	5	6.6
id-13972	1	2	26	5.2
id-13973	6	5	27	6.8
id-13974	10	10	24	6.9
id-13975	7	10	23	5.8
id-13976	3	4	28	6.9
id-13977	7	11	30	5.5
id-13978	5	7	27	5.7
id-13979	9	13	27	5.1
id-13980	8	5	5	6.5
id-13981	1	2	12	5.9
id-13982	2	2	27	6.3
id-13983	5	3	21	6.0
id-13984	6	8	21	5.1
id-13985	3	3	2	6.9
id-13986	3	3	13	5.9
id-13987	10	4	10	5.6
id-13988	2	3	1	5.7
id-13989	10	10	20	5.5
id-13990	1	2	28	5.0
id-13991	3	6	3	5.0
id-13992	3	4	16	5.2
id-13993	9	5	24	5.7
id-13994	10	10	26	5.5
id-13995	5	6	18	6.9
id-13996	4	5	12	6.8
id-13997	8	11	25	6.9
id-13998	7	10	14	6.2
id-13999	10	12	9	6.6
id-14000	4	2	25	6.3
id-14001	4	4	13	6.3
id-14002	3	5	11	6.6
id-14003	5	6	22	5.3
id-14004	1	2	25	6.1
id-14005	3	5	6	6.7
id-14006	8	14	1	5.6
id-14007	2	3	7	6.1
id-14008	9	13	19	5.2
id-14009	1	2	8	5.9
id-14010	4	7	21	5.2
id-14011	3	4	6	6.5
id-14012	9	15	6	6.0
id-14013	4	3	6	5.2
id-14014	7	14	15	6.7
id-14015	9	10	19	6.6
id-14016	5	4	16	6.6
id-14017	6	5	25	6.9
id-14018	2	3	23	6.4
id-14019	6	5	14	5.2
id-14020	7	13	23	5.3
id-14021	10	16	1	6.1
id-14022	4	3	15	6.2
id-14023	9	18	26	6.8
id-14024	4	4	9	6.2
id-14025	2	4	17	5.9
id-14026	1	2	29	5.5
id-14027	1	2	10	6.3
id-14028	8	5	21	6.2
id-14029	2	2	26	5.7
id-14030	4	5	18	5.4
id-14031	9	16	3	6.9
id-14032	4	5	3	7.0
id-14033	8	13	20	5.9
id-14034	6	2	25	5.7
id-14035	4	5	15	5.5
id-14036	6	7	3	6.0
id-14037	5	10	12	6.9
id-14038	3	6	24	5.8
id-14039	8	8	14	6.5
id-14040	10	10	24	5.1
id-14041	7	12	9	5.3
id-14042	4	8	13	6.7
id-14043	4	4	1	6.8
id-14044	2	4	20	5.9
id-14045	1	2	2	5.6
id-14046	5	10	27	5.6
id-14047	5	5	22	6.3
id-14048	5	8	14	5.9
id-14049	10	10	24	5.7
id-14050	2	2	22	6.9
id-14051	6	10	8	7.0
id-14052	10	16	18	6.6
id-14053	1	2	8	5.8
id-14054	7	14	22	6.5
id-14055	7	7	23	6.4
id-14056	1	2	24	6.3
id-14057	3	5	3	5.6
id-14058	1	2	29	5.9
id-14059	4	3	18	6.7
id-14060	9	14	26	6.3
id-14061	5	3	27	5.0
id-14062	8	16	26	6.5
id-14063	3	5	24	5.3
id-14064	3	4	18	6.7
id-14065	3	4	16	5.0
id-14066	1	2	23	6.8
id-14067	10	5	18	5.8
id-14068	10	3	16	6.6
id-14069	5	10	26	6.9
id-14070	9	3	4	6.2
id-14071	8	11	6	6.5
id-14072	1	2	17	5.3
id-14073	8	8	8	6.9
id-14074	3	6	4	6.3
id-14075	8	11	10	5.3
id-14076	3	2	14	6.4
id-14077	8	13	22	5.9
id-14078	10	7	12	6.4
id-14079	8	10	5	5.6
id-14080	5	6	26	6.2
id-14081	4	4	30	5.7
id-14082	9	9	20	5.4
id-14083	5	4	29	7.0
id-14084	3	6	16	6.4
id-14085	4	2	18	5.4
id-14086	7	3	18	5.1
id-14087	10	13	19	6.1
id-14088	2	3	19	6.7
id-14089	8	15	24	5.9
id-14090	4	6	6	6.8
id-14091	7	13	5	6.8
id-14092	8	8	8	5.8
id-14093	1	2	28	5.4
id-14094	4	3	26	6.0
id-14095	8	10	15	5.9
id-14096	9	3	12	5.9
id-14097	3	2	22	5.2
id-14098	2	2	22	5.6
id-14099	8	4	27	5.3
id-14100	9	17	10	6.3
id-14101	7	14	22	6.7
id-14102	10	14	6	5.0
id-14103	6	5	8	5.4
id-14104	2	4	11	5.6
id-14105	2	4	29	5.6
id-14106	2	4	25	5.1
id-14107	2	4	15	5.3
id-14108	1	2	24	6.0
id-14109	1	2	15	6.4
id-14110	2	4	20	6.1
id-14111	7	2	6	5.1
id-14112	7	9	12	6.8
id-14113	10	9	6	6.2
id-14114	9	7	13	6.1
id-14115	7	9	27	6.7
id-14116	7	7	30	6.5
id-14117	6	5	11	6.7
id-14118	10	4	3	6.9
id-14119	1	2	16	5.6
id-14120	9	9	13	6.5
id-14121	4	4	16	6.5
id-14122	5	8	1	5.4
id-14123	5	7	15	5.6
id-14124	9	16	3	5.8
id-14125	2	4	7	6.4
id-14126	6	4	3	5.7
id-14127	10	18	10	6.0
id-14128	5	4	13	5.2
id-14129	2	4	19	5.3
id-14130	10	17	3	6.2
id-14131	10	2	1	5.9
id-14132	5	9	23	6.1
id-14133	7	6	26	6.9
id-14134	9	8	21	6.1
id-14135	8	16	25	6.3
id-14136	9	3	11	5.6
id-14137	4	7	5	5.8
id-14138	4	5	18	5.3
id-14139	4	8	23	6.6
id-14140	3	6	16	6.1
id-14141	5	5	24	7.0
id-14142	9	17	26	5.9
id-14143	9	6	30	6.7
id-14144	3	5	23	6.7
id-14145	10	7	19	5.6
id-14146	9	12	27	5.1
id-14147	7	14	21	5.9
id-14148	8	6	14	5.9
id-14149	9	15	9	6.2
id-14150	5	3	18	5.1
id-14151	7	6	17	5.7
id-14152	6	2	6	6.0
id-14153	6	11	24	6.9
id-14154	3	2	26	5.7
id-14155	5	7	24	6.0
id-14156	9	17	29	5.6
id-14157	5	4	21	5.6
id-14158	1	2	21	5.1
id-14159	9	4	20	6.3
id-14160	3	6	26	5.9
id-14161	8	9	26	5.8
id-14162	10	4	28	6.1
id-14163	8	13	3	5.8
id-14164	7	10	19	5.6
id-14165	8	11	4	5.9
id-14166	8	2	22	6.8
id-14167	2	3	2	6.4
id-14168	4	7	1	7.0
id-14169	9	4	26	6.9
id-14170	9	5	6	5.2
id-14171	10	10	20	6.8
id-14172	3	6	3	6.2
id-14173	10	13	4	6.0
id-14174	2	4	26	5.1
id-14175	2	4	17	6.2
id-14176	1	2	5	6.3
id-14177	7	8	14	5.8
id-14178	5	6	3	6.1
id-14179	2	4	4	6.1
id-14180	7	11	26	5.4
id-14181	6	10	14	5.3
id-14182	5	4	27	5.6
id-14183	4	6	7	6.8
id-14184	5	10	5	5.2
id-14185	3	6	9	6.5
id-14186	10	2	7	6.4
id-14187	5	2	6	6.6
id-14188	8	10	26	5.8
id-14189	9	17	19	5.4
id-14190	4	5	29	5.1
id-14191	1	2	18	5.7
id-14192	7	2	3	6.3
id-14193	9	2	13	5.8
id-14194	5	3	3	5.5
id-14195	2	3	15	5.8
id-14196	4	8	21	5.7
id-14197	6	9	10	6.4
id-14198	3	3	30	5.2
id-14199	9	13	24	5.6
id-14200	3	6	3	6.6
id-14201	7	6	8	6.4
id-14202	10	6	4	6.6
id-14203	5	10	19	5.7
id-14204	9	9	22	5.7
id-14205	6	2	1	5.5
id-14206	3	2	1	5.9
id-14207	3	6	21	5.7
id-14208	8	10	1	5.2
id-14209	7	8	6	6.3
id-14210	1	2	28	6.6
id-14211	2	4	19	6.3
id-14212	6	3	2	5.1
id-14213	6	9	24	6.7
id-14214	8	16	16	5.4
id-14215	7	5	11	6.9
id-14216	10	19	1	7.0
id-14217	9	15	11	6.6
id-14218	10	2	8	6.0
id-14219	7	11	19	6.8
id-14220	9	4	18	6.5
id-14221	2	3	18	5.6
id-14222	8	15	29	5.5
id-14223	5	9	16	5.0
id-14224	4	8	21	6.1
id-14225	5	5	1	6.3
id-14226	2	2	28	6.3
id-14227	6	10	2	5.8
id-14228	7	2	29	5.2
id-14229	1	2	19	5.5
id-14230	3	4	2	5.9
id-14231	5	6	4	5.6
id-14232	10	3	3	5.2
id-14233	7	7	4	5.9
id-14234	6	5	29	5.6
id-14235	10	16	27	6.0
id-14236	4	5	19	6.1
id-14237	2	2	16	5.8
id-14238	4	3	15	6.7
id-14239	8	12	16	6.7
id-14240	1	2	27	6.5
id-14241	7	12	7	5.1
id-14242	5	10	20	6.9
id-14243	7	10	1	6.0
id-14244	2	4	2	7.0
id-14245	10	5	7	5.9
id-14246	2	3	13	5.7
id-14247	9	15	14	5.9
id-14248	9	5	2	5.7
id-14249	1	2	7	5.7
id-14250	3	6	22	5.3
id-14251	9	14	8	6.4
id-14252	8	4	8	5.5
id-14253	10	16	2	5.1
id-14254	10	11	7	5.9
id-14255	9	5	1	6.8
id-14256	10	11	5	5.1
id-14257	9	18	15	5.4
id-14258	9	8	27	6.9
id-14259	10	18	25	6.1
id-14260	3	6	9	6.7
id-14261	5	2	14	6.4
id-14262	5	4	27	6.4
id-14263	10	6	10	5.6
id-14264	10	10	20	5.8
id-14265	6	2	3	6.8
id-14266	7	5	4	6.4
id-14267	9	9	16	6.6
id-14268	8	3	25	6.3
id-14269	10	10	26	5.6
id-14270	2	2	7	5.6
id-14271	9	15	4	7.0
id-14272	3	6	23	5.6
id-14273	1	2	21	6.4
id-14274	6	7	12	5.2
id-14275	3	6	6	6.8
id-14276	10	20	6	5.9
id-14277	4	3	21	5.9
id-14278	3	5	11	5.9
id-14279	2	4	20	6.2
id-14280	6	3	3	6.2
id-14281	10	8	8	5.7
id-14282	4	7	21	5.6
id-14283	9	13	16	5.3
id-14284	6	10	5	5.2
id-14285	9	13	27	5.6
id-14286	4	3	29	5.1
id-14287	7	8	5	6.7
id-14288	5	2	26	6.4
id-14289	6	8	3	5.9
id-14290	6	8	29	5.8
id-14291	2	2	29	5.4
id-14292	10	3	13	5.6
id-14293	4	4	8	5.5
id-14294	8	15	18	5.4
id-14295	4	7	9	5.9
id-14296	6	5	19	6.6
id-14297	10	20	4	6.5
id-14298	6	11	10	5.1
id-14299	8	10	23	5.6
id-14300	4	7	23	5.5
id-14301	1	2	30	6.2
id-14302	8	11	16	6.0
id-14303	7	5	11	5.1
id-14304	3	3	12	6.8
id-14305	8	16	30	6.7
id-14306	5	3	14	6.2
id-14307	2	2	9	6.4
id-14308	10	17	23	6.1
id-14309	8	9	3	5.1
id-14310	7	5	2	7.0
id-14311	10	9	30	5.5
id-14312	8	11	15	6.6
id-14313	2	3	6	6.9
id-14314	8	12	25	6.6
id-14315	6	7	7	5.9
id-14316	4	3	22	5.6
id-14317	1	2	8	5.9
id-14318	6	8	4	6.0
id-14319	9	14	28	6.7
id-14320	1	2	8	5.2
id-14321	7	2	12	5.0
id-14322	5	7	28	5.7
id-14323	8	16	26	5.2
id-14324	2	3	8	5.4
id-14325	10	6	25	7.0
id-14326	9	8	11	6.5
id-14327	1	2	20	6.8
id-14328	9	10	10	5.4
id-14329	6	2	24	6.8
id-14330	2	2	20	6.9
id-14331	2	2	6	6.2
id-14332	4	3	18	6.5
id-14333	1	2	11	5.4
id-14334	4	3	24	6.2
id-14335	10	13	16	6.3
id-14336	2	3	20	6.7
id-14337	4	2	19	5.5
id-14338	9	18	18	6.4
id-14339	1	2	2	6.5
id-14340	9	8	4	5.2
id-14341	2	4	17	5.8
id-14342	10	20	9	6.8
id-14343	8	13	28	5.6
id-14344	9	8	8	6.6
id-14345	8	14	22	6.6
id-14346	2	3	19	6.7
id-14347	9	17	8	6.0
id-14348	8	11	27	5.3
id-14349	8	8	9	5.2
id-14350	8	10	17	5.1
id-14351	2	2	17	5.1
id-14352	4	8	12	6.0
id-14353	4	8	28	5.4
id-14354	4	6	2	6.4
id-14355	8	15	27	5.6
id-14356	5	3	8	5.8
id-14357	10	12	25	5.4
id-14358	6	7	18	6.0
id-14359	2	2	5	6.8
id-14360	1	2	20	5.4
id-14361	8	14	20	6.7
id-14362	5	7	23	6.6
id-14363	6	9	23	5.6
id-14364	10	8	27	6.3
id-14365	2	3	8	5.3
id-14366	7	10	18	5.5
id-14367	3	6	15	5.7
id-14368	4	2	30	6.8
id-14369	1	2	2	6.4
id-14370	9	6	10	5.5
id-14371	4	6	13	6.6
id-14372	9	3	30	6.4
id-14373	9	12	3	5.7
id-14374	1	2	1	6.6
id-14375	7	8	2	5.4
id-14376	2	4	9	5.0
id-14377	1	2	23	6.0
id-14378	3	2	15	6.3
id-14379	8	10	15	6.2
id-14380	6	12	24	6.2
id-14381	7	3	21	5.7
id-14382	6	9	17	5.2
id-14383	3	6	4	6.0
id-14384	10	11	11	6.2
id-14385	9	11	20	6.8
id-14386	3	2	17	5.1
id-14387	8	4	16	6.1
id-14388	5	3	7	5.9
id-14389	8	6	16	5.1
id-14390	10	3	19	6.6
id-14391	5	2	26	6.9
id-14392	5	2	9	6.3
id-14393	4	7	20	6.2
id-14394	2	2	13	5.9
id-14395	7	14	9	5.4
id-14396	9	4	3	5.4
id-14397	3	5	26	5.7
id-14398	3	6	20	6.8
id-14399	7	8	20	5.8
id-14400	2	2	18	6.5
id-14401	2	2	6	6.0
id-14402	1	2	2	5.3
id-14403	4	8	17	6.8
id-14404	1	2	9	5.4
id-14405	8	2	7	5.5
id-14406	2	2	26	5.6
id-14407	3	5	19	5.9
id-14408	6	5	14	5.4
id-14409	4	5	3	6.5
id-14410	1	2	4	5.1
id-14411	7	9	12	5.5
id-14412	1	2	12	6.0
id-14413	7	7	12	5.6
id-14414	6	11	11	5.6
id-14415	7	11	8	5.7
id-14416	1	2	3	6.3
id-14417	6	8	20	5.2
id-14418	7	11	14	5.6
id-14419	10	16	5	5.9
id-14420	3	4	8	6.5
id-14421	4	8	26	6.0
id-14422	10	9	4	6.1
id-14423	9	2	19	5.2
id-14424	2	2	11	6.9
id-14425	7	11	14	6.1
id-14426	2	4	22	5.6
id-14427	8	7	19	6.8
id-14428	6	10	7	6.6
id-14429	3	6	8	6.0
id-14430	4	7	29	6.8
id-14431	6	10	13	5.7
id-14432	5	8	22	6.3
id-14433	2	4	1	5.2
id-14434	8	2	5	6.7
id-14435	3	2	4	6.9
id-14436	5	6	14	5.4
id-14437	7	11	1	6.0
id-14438	8	13	21	5.6
id-14439	2	3	6	5.4
id-14440	2	3	18	5.4
id-14441	8	9	12	7.0
id-14442	10	12	22	5.5
id-14443	4	8	4	5.3
id-14444	9	8	23	6.9
id-14445	9	10	24	5.0
id-14446	5	9	28	6.4
id-14447	4	3	2	6.5
id-14448	3	2	2	5.8
id-14449	6	5	23	5.2
id-14450	1	2	8	5.5
id-14451	5	2	19	5.6
id-14452	4	2	22	5.7
id-14453	8	12	30	5.4
id-14454	10	3	23	6.8
id-14455	4	8	20	5.6
id-14456	10	5	6	5.2
id-14457	7	11	12	5.8
id-14458	9	2	29	6.2
id-14459	8	3	19	5.8
id-14460	2	2	20	5.0
id-14461	2	3	27	5.7
id-14462	9	6	25	5.7
id-14463	7	11	6	5.3
id-14464	1	2	3	7.0
id-14465	2	4	22	5.3
id-14466	4	6	27	6.5
id-14467	1	2	12	5.0
id-14468	8	13	1	6.2
id-14469	8	3	20	6.2
id-14470	10	5	15	6.8
id-14471	3	4	9	5.7
id-14472	7	6	9	5.3
id-14473	5	10	8	5.9
id-14474	6	12	2	6.7
id-14475	2	2	18	5.3
id-14476	9	16	17	6.1
id-14477	9	15	17	6.9
id-14478	2	3	14	7.0
id-14479	1	2	23	5.7
id-14480	6	7	9	6.6
id-14481	6	9	7	6.7
id-14482	9	10	14	6.6
id-14483	2	2	11	5.9
id-14484	10	14	13	6.5
id-14485	10	5	4	5.4
id-14486	7	6	19	6.2
id-14487	6	8	23	6.6
id-14488	10	3	12	5.2
id-14489	4	2	8	5.7
id-14490	9	8	15	6.1
id-14491	7	13	5	5.1
id-14492	9	13	6	6.9
id-14493	6	5	25	5.2
id-14494	2	3	23	5.2
id-14495	6	10	26	5.4
id-14496	1	2	1	5.6
id-14497	7	9	19	6.3
id-14498	3	3	21	5.6
id-14499	9	17	27	5.8
id-14500	7	4	2	6.8
id-14501	1	2	2	5.1
id-14502	9	10	18	6.7
id-14503	6	7	26	6.9
id-14504	6	4	22	5.8
id-14505	6	5	11	6.5
id-14506	3	6	24	6.1
id-14507	6	6	8	6.6
id-14508	2	4	30	5.8
id-14509	1	2	2	5.2
id-14510	5	2	11	5.9
id-14511	7	2	4	5.0
id-14512	4	3	5	6.2
id-14513	8	11	14	7.0
id-14514	7	12	9	6.6
id-14515	3	2	7	5.8
id-14516	2	4	21	5.2
id-14517	8	10	8	6.7
id-14518	5	2	27	6.8
id-14519	7	9	28	5.6
id-14520	3	3	22	6.9
id-14521	4	2	28	5.2
id-14522	8	15	25	5.4
id-14523	2	4	23	6.4
id-14524	10	4	14	5.1
id-14525	2	3	15	5.3
id-14526	10	20	15	5.3
id-14527	4	5	26	5.8
id-14528	9	6	15	5.1
id-14529	4	5	16	5.6
id-14530	9	4	19	6.7
id-14531	2	3	1	5.7
id-14532	1	2	26	6.0
id-14533	1	2	14	6.0
id-14534	5	4	11	5.5
id-14535	2	4	21	5.7
id-14536	2	2	17	5.0
id-14537	8	8	25	5.5
id-14538	7	4	1	6.3
id-14539	4	6	21	6.8
id-14540	9	12	11	6.9
id-14541	2	4	30	5.8
id-14542	3	2	8	5.5
id-14543	3	5	9	5.2
id-14544	8	13	15	6.2
id-14545	9	14	27	5.6
id-14546	8	15	19	6.0
id-14547	5	4	23	5.4
id-14548	10	6	1	5.9
id-14549	1	2	6	7.0
id-14550	10	14	27	5.3
id-14551	2	4	26	6.4
id-14552	2	2	20	5.2
id-14553	7	5	21	6.5
id-14554	3	3	3	6.4
id-14555	6	2	14	6.2
id-14556	2	4	22	5.0
id-14557	3	3	19	5.0
id-14558	4	2	28	6.0
id-14559	10	15	30	5.2
id-14560	9	14	1	6.8
id-14561	8	11	20	5.5
id-14562	6	3	1	5.5
id-14563	1	2	22	6.5
id-14564	6	12	28	5.7
id-14565	9	14	26	6.4
id-14566	10	10	3	5.1
id-14567	10	15	30	6.1
id-14568	1	2	6	5.2
id-14569	3	4	18	6.9
id-14570	4	3	7	5.4
id-14571	8	10	12	6.7
id-14572	6	11	15	6.3
id-14573	7	6	17	6.9
id-14574	10	2	2	6.6
id-14575	7	5	25	5.8
id-14576	4	7	24	5.5
id-14577	7	10	12	5.1
id-14578	4	7	14	5.6
id-14579	4	7	16	6.5
id-14580	4	7	12	6.5
id-14581	8	7	7	5.9
id-14582	2	4	25	6.6
id-14583	9	4	24	5.7
id-14584	9	9	24	6.5
id-14585	6	11	21	5.8
id-14586	9	7	1	5.3
id-14587	5	5	17	5.7
id-14588	10	13	11	6.5
id-14589	7	8	29	6.7
id-14590	6	7	19	5.0
id-14591	5	4	30	6.4
id-14592	9	10	2	5.3
id-14593	1	2	12	5.4
id-14594	2	3	3	6.3
id-14595	10	10	17	5.3
id-14596	7	4	30	6.9
id-14597	7	13	21	6.7
id-14598	10	14	20	5.2
id-14599	2	3	7	6.0
id-14600	2	4	25	6.0
id-14601	7	8	1	5.3
id-14602	7	14	6	5.3
id-14603	8	8	20	6.2
id-14604	6	2	23	6.7
id-14605	9	3	1	5.6
id-14606	2	2	26	6.6
id-14607	9	6	2	6.3
id-14608	2	2	28	6.8
id-14609	2	4	1	5.1
id-14610	10	9	25	5.2
id-14611	3	5	27	6.2
id-14612	4	2	2	6.7
id-14613	4	2	15	5.5
id-14614	3	2	25	5.9
id-14615	9	5	9	6.6
id-14616	10	9	30	5.9
id-14617	8	7	27	5.6
id-14618	9	15	9	6.2
id-14619	3	6	10	6.5
id-14620	4	4	10	6.2
id-14621	5	3	6	6.5
id-14622	1	2	26	5.3
id-14623	7	8	19	5.0
id-14624	7	4	29	5.9
id-14625	9	2	5	6.4
id-14626	2	4	19	6.6
id-14627	9	8	15	5.3
id-14628	5	10	14	6.8
id-14629	8	14	2	5.7
id-14630	8	13	9	5.5
id-14631	7	10	5	6.6
id-14632	7	3	8	5.2
id-14633	8	13	25	5.9
id-14634	3	2	15	6.7
id-14635	9	12	28	6.6
id-14636	5	2	17	5.4
id-14637	6	10	20	5.9
id-14638	10	9	8	6.5
id-14639	7	8	29	5.3
id-14640	4	5	20	6.3
id-14641	4	2	18	5.0
id-14642	8	15	21	6.5
id-14643	9	15	27	6.0
id-14644	6	4	2	6.7
id-14645	3	4	17	7.0
id-14646	1	2	5	6.2
id-14647	3	4	2	5.1
id-14648	7	4	13	6.0
id-14649	9	12	16	6.1
id-14650	4	7	1	5.3
id-14651	7	6	17	5.3
id-14652	9	4	10	6.2
id-14653	9	14	12	5.8
id-14654	4	6	10	5.3
id-14655	3	5	15	5.6
id-14656	10	12	5	6.9
id-14657	6	5	22	5.5
id-14658	8	11	12	5.1
id-14659	3	2	29	6.4
id-14660	6	9	2	5.7
id-14661	2	3	4	5.1
id-14662	6	4	12	5.2
id-14663	9	2	24	6.6
id-14664	7	3	4	5.7
id-14665	2	3	15	6.4
id-14666	10	15	28	7.0
id-14667	2	3	19	6.5
id-14668	3	3	5	6.2
id-14669	1	2	16	5.9
id-14670	6	10	18	5.6
id-14671	8	6	29	5.2
id-14672	3	4	6	5.6
id-14673	5	7	16	5.8
id-14674	5	6	16	5.7
id-14675	6	12	9	6.5
id-14676	9	18	19	6.8
id-14677	9	11	26	6.5
id-14678	2	3	18	5.8
id-14679	5	4	27	5.0
id-14680	3	5	8	6.5
id-14681	1	2	11	6.3
id-14682	2	2	5	6.3
id-14683	7	10	25	7.0
id-14684	5	2	15	5.5
id-14685	4	6	19	6.9
id-14686	5	10	8	5.8
id-14687	8	5	16	6.4
id-14688	4	3	27	6.1
id-14689	2	2	2	5.1
id-14690	5	4	27	6.8
id-14691	9	5	17	6.8
id-14692	1	2	23	6.7
id-14693	2	2	22	5.1
id-14694	5	6	15	5.0
id-14695	5	7	25	7.0
id-14696	7	11	27	5.2
id-14697	9	9	4	5.0
id-14698	9	7	17	5.5
id-14699	5	8	7	5.7
id-14700	2	2	8	5.4
id-14701	2	3	7	5.9
id-14702	3	4	10	6.2
id-14703	7	10	7	6.8
id-14704	8	14	18	6.5
id-14705	7	3	3	6.6
id-14706	9	8	3	6.1
id-14707	10	2	21	6.5
id-14708	5	10	23	6.8
id-14709	10	19	13	5.4
id-14710	3	2	9	6.0
id-14711	8	2	5	6.8
id-14712	8	12	14	6.0
id-14713	8	2	15	6.4
id-14714	2	3	21	5.0
id-14715	1	2	23	7.0
id-14716	5	2	18	5.8
id-14717	7	2	27	6.0
id-14718	7	8	13	5.4
id-14719	10	14	7	6.4
id-14720	8	4	15	5.9
id-14721	6	11	20	5.8
id-14722	4	6	28	6.9
id-14723	2	2	3	5.0
id-14724	8	16	27	5.5
id-14725	4	2	17	5.4
id-14726	5	7	23	5.7
id-14727	1	2	5	6.4
id-14728	9	9	13	6.0
id-14729	4	7	25	6.1
id-14730	6	7	13	6.1
id-14731	4	7	23	6.1
id-14732	8	10	29	5.8
id-14733	4	4	25	6.0
id-14734	9	4	18	5.5
id-14735	4	6	1	6.6
id-14736	10	14	14	5.4
id-14737	5	8	13	6.2
id-14738	9	12	13	6.0
id-14739	5	4	10	5.3
id-14740	5	3	27	6.8
id-14741	10	7	1	5.0
id-14742	6	3	24	7.0
id-14743	4	7	27	6.2
id-14744	4	6	26	6.6
id-14745	8	11	29	6.7
id-14746	9	15	13	6.7
id-14747	4	2	18	6.1
id-14748	9	13	9	5.0
id-14749	10	8	29	7.0
id-14750	3	6	28	6.2
id-14751	4	8	29	5.8
id-14752	10	4	17	7.0
id-14753	5	10	20	5.5
id-14754	8	12	8	6.0
id-14755	4	4	2	7.0
id-14756	10	13	20	6.2
id-14757	1	2	15	6.9
id-14758	3	4	25	6.0
id-14759	6	2	6	5.3
id-14760	8	4	19	6.5
id-14761	9	16	27	6.4
id-14762	7	10	9	6.0
id-14763	1	2	23	5.5
id-14764	8	8	23	5.8
id-14765	2	3	26	5.0
id-14766	4	4	29	6.4
id-14767	6	9	10	6.5
id-14768	7	3	25	6.5
id-14769	9	8	20	6.8
id-14770	2	2	3	5.6
id-14771	2	3	22	6.5
id-14772	8	6	14	5.3
id-14773	2	2	24	5.5
id-14774	4	8	1	5.6
id-14775	2	4	19	5.6
id-14776	6	2	12	5.1
id-14777	6	11	16	6.3
id-14778	4	6	26	5.9
id-14779	2	3	1	6.9
id-14780	5	9	30	5.2
id-14781	10	8	7	6.9
id-14782	5	6	4	6.4
id-14783	7	2	25	5.2
id-14784	1	2	13	6.7
id-14785	8	7	19	6.9
id-14786	6	2	22	6.6
id-14787	7	8	11	6.6
id-14788	3	3	16	5.4
id-14789	3	3	3	5.3
id-14790	3	2	3	5.4
id-14791	1	2	16	6.8
id-14792	2	2	24	6.0
id-14793	5	6	23	5.3
id-14794	7	8	24	6.1
id-14795	9	16	27	7.0
id-14796	7	3	12	6.8
id-14797	2	3	12	5.4
id-14798	8	2	5	5.0
id-14799	1	2	24	5.2
id-14800	9	16	4	5.4
id-14801	9	17	3	6.8
id-14802	3	2	24	7.0
id-14803	8	12	8	6.3
id-14804	2	4	5	6.2
id-14805	9	2	6	6.1
id-14806	8	11	26	6.7
id-14807	3	6	4	6.6
id-14808	4	7	19	5.6
id-14809	7	5	2	5.1
id-14810	9	6	30	5.1
id-14811	2	4	21	6.9
id-14812	4	5	2	6.8
id-14813	2	4	29	6.0
id-14814	8	13	4	5.4
id-14815	9	15	2	6.1
id-14816	9	10	11	6.2
id-14817	5	4	17	6.9
id-14818	7	11	13	6.0
id-14819	9	6	8	5.1
id-14820	2	2	12	6.0
id-14821	2	4	28	5.7
id-14822	8	2	23	5.4
id-14823	6	12	15	5.4
id-14824	3	4	11	5.9
id-14825	10	6	1	5.9
id-14826	4	4	28	6.2
id-14827	6	3	5	5.4
id-14828	9	3	10	6.0
id-14829	8	7	26	5.9
id-14830	9	11	2	6.3
id-14831	4	5	17	5.9
id-14832	3	4	14	6.3
id-14833	3	3	3	5.6
id-14834	9	4	10	5.4
id-14835	5	6	24	6.3
id-14836	6	4	10	6.5
id-14837	7	11	4	6.1
id-14838	9	2	27	6.1
id-14839	2	4	19	6.1
id-14840	8	6	5	6.8
id-14841	3	2	22	5.8
id-14842	5	3	19	6.8
id-14843	10	6	17	5.1
id-14844	3	6	8	5.6
id-14845	2	2	29	5.1
id-14846	4	7	26	5.9
id-14847	1	2	1	7.0
id-14848	6	9	10	6.4
id-14849	2	2	17	5.3
id-14850	8	7	10	5.2
id-14851	1	2	23	5.8
id-14852	9	15	4	6.3
id-14853	4	7	30	5.5
id-14854	5	9	10	5.8
id-14855	6	9	2	6.1
id-14856	8	11	3	6.6
id-14857	3	4	11	5.3
id-14858	6	7	8	5.3
id-14859	7	5	19	6.7
id-14860	10	7	23	6.7
id-14861	6	4	25	7.0
id-14862	7	8	2	6.6
id-14863	3	5	27	5.7
id-14864	6	7	16	5.1
id-14865	7	5	14	6.7
id-14866	9	3	13	6.6
id-14867	2	4	18	5.5
id-14868	9	17	27	6.3
id-14869	7	10	7	5.5
id-14870	9	13	13	6.6
id-14871	2	2	27	6.7
id-14872	8	16	5	6.2
id-14873	7	12	22	6.9
id-14874	7	11	15	6.2
id-14875	8	16	22	6.2
id-14876	2	4	14	5.8
id-14877	1	2	24	5.2
id-14878	9	18	8	5.8
id-14879	6	7	24	5.8
id-14880	1	2	19	6.8
id-14881	1	2	23	6.3
id-14882	3	2	5	6.8
id-14883	6	11	28	6.8
id-14884	2	3	21	5.7
id-14885	4	5	2	6.0
id-14886	3	3	14	5.3
id-14887	5	9	16	6.3
id-14888	6	5	29	5.5
id-14889	5	9	11	6.7
id-14890	4	7	16	5.5
id-14891	6	10	4	6.3
id-14892	3	3	1	5.6
id-14893	3	4	23	6.8
id-14894	4	2	29	6.2
id-14895	3	5	28	5.9
id-14896	1	2	17	5.9
id-14897	3	6	18	5.6
id-14898	5	10	3	6.9
id-14899	2	3	26	6.1
id-14900	4	4	18	6.6
id-14901	5	9	13	5.9
id-14902	10	12	15	5.3
id-14903	5	9	24	6.8
id-14904	4	5	20	6.0
id-14905	8	14	23	5.7
id-14906	8	16	8	5.0
id-14907	7	7	13	5.2
id-14908	10	14	19	6.9
id-14909	7	13	16	5.8
id-14910	5	10	19	5.0
id-14911	6	5	11	5.7
id-14912	9	6	29	6.4
id-14913	10	9	28	6.6
id-14914	3	6	6	6.8
id-14915	2	4	29	5.4
id-14916	2	4	4	5.6
id-14917	9	11	3	6.3
id-14918	8	15	4	6.9
id-14919	1	2	6	6.6
id-14920	10	14	6	5.3
id-14921	9	7	11	5.4
id-14922	5	7	13	6.4
id-14923	9	4	24	5.2
id-14924	3	4	5	6.3
id-14925	7	5	18	5.0
id-14926	9	15	25	5.1
id-14927	9	15	13	5.2
id-14928	4	6	10	6.0
id-14929	5	4	10	6.1
id-14930	3	6	15	5.3
id-14931	1	2	18	5.1
id-14932	8	15	21	5.8
id-14933	2	4	15	5.0
id-14934	5	2	3	7.0
id-14935	7	12	24	5.2
id-14936	1	2	7	6.7
id-14937	10	8	17	6.6
id-14938	10	2	10	6.2
id-14939	7	3	25	6.8
id-14940	8	8	16	5.6
id-14941	2	3	25	5.0
id-14942	1	2	19	5.7
id-14943	3	4	3	5.3
id-14944	8	12	27	6.9
id-14945	3	4	6	5.5
id-14946	5	8	15	5.8
id-14947	6	12	17	6.3
id-14948	4	4	3	6.0
id-14949	10	17	24	7.0
id-14950	8	7	15	5.2
id-14951	1	2	29	6.2
id-14952	6	10	26	5.2
id-14953	1	2	19	5.8
id-14954	6	3	19	6.1
id-14955	7	11	11	6.3
id-14956	7	8	22	6.8
id-14957	2	3	26	5.6
id-14958	4	6	8	5.2
id-14959	1	2	30	5.3
id-14960	7	11	22	6.1
id-14961	9	8	9	6.2
id-14962	1	2	21	5.6
id-14963	9	3	27	5.9
id-14964	10	10	23	6.4
id-14965	8	14	11	6.3
id-14966	8	8	24	6.8
id-14967	3	4	11	6.9
id-14968	7	2	3	6.3
id-14969	5	10	3	5.4
id-14970	9	16	14	5.4
id-14971	7	11	19	5.4
id-14972	2	4	11	6.1
id-14973	9	15	8	6.9
id-14974	7	4	19	5.3
id-14975	3	2	24	6.6
id-14976	4	8	11	5.8
id-14977	9	15	16	6.3
id-14978	4	3	7	6.6
id-14979	1	2	8	6.2
id-14980	6	12	3	6.8
id-14981	4	6	22	6.7
id-14982	3	6	22	6.0
id-14983	10	12	26	5.2
id-14984	6	3	15	6.3
id-14985	4	2	24	6.7
id-14986	5	4	17	5.3
id-14987	2	4	6	6.3
id-14988	6	11	16	5.2
id-14989	4	5	25	6.3
id-14990	3	2	23	5.5
id-14991	7	8	16	5.2
id-14992	9	16	17	6.3
id-14993	7	11	12	5.0
id-14994	8	7	3	5.6
id-14995	2	2	5	5.6
id-14996	9	2	19	6.9
id-14997	9	15	7	5.8
id-14998	7	13	6	6.8
id-14999	10	11	24	5.1
id-15000	8	2	5	5.7
id-15001	9	11	30	6.2
id-15002	6	11	29	5.6
id-15003	4	3	30	6.6
id-15004	10	10	9	5.2
id-15005	3	6	27	6.0
id-15006	7	3	12	5.9
id-15007	4	3	26	5.7
id-15008	5	6	9	6.2
id-15009	1	2	29	6.2
id-15010	3	4	20	5.5
id-15011	2	3	28	5.8
id-15012	2	4	16	5.9
id-15013	10	5	23	6.3
id-15014	9	9	28	5.9
id-15015	6	9	11	5.1
id-15016	5	3	4	6.8
id-15017	5	10	23	6.8
id-15018	8	14	18	5.3
id-15019	7	12	12	6.0
id-15020	3	3	1	5.9
id-15021	3	4	15	6.7
id-15022	2	3	22	5.6
id-15023	1	2	24	5.3
id-15024	4	5	16	5.7
id-15025	9	14	16	6.5
id-15026	6	12	13	5.2
id-15027	7	9	30	5.6
id-15028	7	14	11	6.3
id-15029	8	2	9	5.4
id-15030	6	5	4	6.2
id-15031	6	6	4	6.3
id-15032	9	4	4	6.2
id-15033	4	4	5	6.4
id-15034	10	20	12	5.8
id-15035	9	17	4	6.4
id-15036	4	5	19	5.4
id-15037	10	5	30	6.5
id-15038	8	12	19	6.7
id-15039	1	2	10	6.1
id-15040	4	3	15	5.7
id-15041	8	12	3	6.2
id-15042	9	13	18	5.7
id-15043	3	3	1	6.4
id-15044	9	14	12	5.9
id-15045	3	3	1	6.9
id-15046	5	5	8	6.8
id-15047	9	6	18	5.5
id-15048	6	10	22	6.5
id-15049	4	5	23	6.6
id-15050	9	15	30	5.4
id-15051	7	10	29	6.2
id-15052	8	10	23	5.8
id-15053	5	2	27	5.7
id-15054	6	8	8	6.2
id-15055	4	3	29	6.8
id-15056	10	18	7	6.5
id-15057	9	8	13	6.8
id-15058	1	2	2	5.8
id-15059	1	2	6	5.4
id-15060	8	5	1	6.8
id-15061	9	9	15	5.4
id-15062	9	4	28	6.8
id-15063	5	5	22	6.0
id-15064	7	4	24	6.5
id-15065	5	5	24	6.4
id-15066	2	3	1	5.7
id-15067	7	2	23	6.3
id-15068	6	8	2	6.9
id-15069	7	11	8	6.7
id-15070	6	8	16	5.9
id-15071	10	11	4	5.8
id-15072	6	8	3	5.1
id-15073	3	6	7	5.7
id-15074	6	2	2	5.5
id-15075	4	4	16	6.8
id-15076	7	14	10	5.0
id-15077	10	20	27	6.5
id-15078	8	14	20	6.6
id-15079	3	3	5	5.4
id-15080	8	15	30	6.3
id-15081	2	2	5	6.6
id-15082	6	11	21	6.2
id-15083	4	3	11	5.7
id-15084	2	4	12	5.5
id-15085	2	4	1	6.4
id-15086	6	11	6	5.2
id-15087	9	17	8	5.7
id-15088	9	8	29	5.3
id-15089	4	3	30	5.7
id-15090	6	9	19	5.9
id-15091	2	4	30	5.4
id-15092	1	2	10	5.9
id-15093	7	3	17	5.5
id-15094	10	20	5	6.0
id-15095	4	3	9	6.4
id-15096	10	19	15	5.9
id-15097	4	7	22	6.5
id-15098	8	7	23	5.7
id-15099	7	10	11	5.0
id-15100	5	9	7	6.1
id-15101	1	2	7	5.2
id-15102	1	2	27	5.4
id-15103	5	9	22	5.7
id-15104	6	5	9	5.4
id-15105	9	5	28	6.7
id-15106	7	6	27	6.6
id-15107	3	6	30	5.8
id-15108	5	6	17	6.7
id-15109	8	9	4	5.6
id-15110	7	10	26	6.4
id-15111	5	3	7	6.0
id-15112	4	2	27	6.2
id-15113	9	5	24	6.0
id-15114	1	2	25	6.4
id-15115	9	12	17	5.4
id-15116	2	2	13	6.5
id-15117	6	5	15	6.7
id-15118	2	2	24	5.5
id-15119	1	2	11	5.1
id-15120	8	7	21	5.4
id-15121	4	7	17	6.6
id-15122	3	6	6	5.5
id-15123	5	8	18	6.9
id-15124	2	3	8	5.7
id-15125	2	2	6	6.6
id-15126	5	4	21	5.1
id-15127	8	16	26	7.0
id-15128	4	3	16	5.4
id-15129	4	3	17	6.3
id-15130	4	3	1	6.5
id-15131	10	13	6	5.3
id-15132	10	4	10	5.4
id-15133	8	5	13	6.7
id-15134	4	5	28	5.5
id-15135	6	4	9	6.7
id-15136	3	3	20	5.6
id-15137	4	2	22	5.3
id-15138	9	14	27	5.4
id-15139	1	2	24	6.7
id-15140	6	4	17	5.1
id-15141	5	5	7	5.1
id-15142	4	2	7	5.8
id-15143	5	5	20	5.8
id-15144	3	2	21	7.0
id-15145	3	2	5	5.9
id-15146	1	2	10	5.5
id-15147	1	2	21	6.6
id-15148	3	5	26	5.3
id-15149	8	16	22	6.5
id-15150	5	10	12	5.4
id-15151	7	6	25	5.6
id-15152	8	16	28	5.5
id-15153	8	4	29	5.4
id-15154	5	2	18	5.7
id-15155	5	5	20	6.5
id-15156	9	16	27	6.1
id-15157	9	11	17	6.4
id-15158	1	2	15	6.2
id-15159	10	6	5	5.2
id-15160	10	19	25	6.1
id-15161	8	12	6	6.6
id-15162	4	6	16	6.7
id-15163	3	6	30	5.5
id-15164	8	4	14	5.5
id-15165	3	6	19	5.7
id-15166	1	2	8	6.9
id-15167	1	2	14	6.5
id-15168	7	14	7	6.0
id-15169	8	9	12	5.8
id-15170	6	8	7	5.6
id-15171	7	14	10	5.2
id-15172	3	6	7	6.6
id-15173	8	3	24	6.8
id-15174	7	11	9	6.9
id-15175	5	3	12	6.2
id-15176	9	11	17	6.3
id-15177	1	2	20	6.3
id-15178	2	4	6	5.6
id-15179	10	16	18	5.5
id-15180	10	19	20	7.0
id-15181	6	10	17	6.2
id-15182	5	6	7	6.6
id-15183	2	4	10	5.9
id-15184	9	14	11	5.1
id-15185	8	13	29	5.1
id-15186	8	7	24	5.4
id-15187	10	7	28	5.8
id-15188	4	5	30	6.2
id-15189	5	10	2	5.2
id-15190	1	2	26	6.5
id-15191	3	3	6	5.3
id-15192	9	15	24	6.3
id-15193	6	3	20	6.0
id-15194	6	12	1	6.2
id-15195	6	9	8	6.5
id-15196	9	12	29	6.7
id-15197	7	10	17	6.1
id-15198	6	4	27	6.5
id-15199	9	4	28	5.7
id-15200	6	12	24	5.7
id-15201	7	4	26	6.8
id-15202	6	4	23	5.9
id-15203	9	4	26	5.2
id-15204	3	4	26	6.1
id-15205	7	9	23	5.0
id-15206	9	12	30	5.3
id-15207	10	4	12	6.2
id-15208	10	2	19	5.7
id-15209	5	10	12	5.3
id-15210	5	2	10	5.5
id-15211	6	6	3	6.8
id-15212	7	4	29	7.0
id-15213	8	4	14	6.2
id-15214	1	2	6	6.1
id-15215	2	4	4	6.8
id-15216	10	5	10	6.1
id-15217	1	2	20	6.1
id-15218	1	2	20	5.9
id-15219	3	6	15	6.7
id-15220	1	2	9	5.9
id-15221	3	5	6	6.9
id-15222	10	13	21	5.4
id-15223	4	3	18	6.7
id-15224	7	5	6	6.0
id-15225	6	6	19	5.6
id-15226	2	4	11	5.7
id-15227	6	11	12	6.8
id-15228	2	4	9	5.2
id-15229	1	2	20	6.0
id-15230	7	2	3	5.6
id-15231	10	4	5	6.8
id-15232	5	5	23	6.3
id-15233	5	9	22	6.1
id-15234	2	2	8	5.9
id-15235	10	3	20	5.6
id-15236	3	2	7	5.9
id-15237	8	8	18	6.0
id-15238	7	8	23	6.1
id-15239	6	7	17	6.7
id-15240	10	4	26	6.2
id-15241	7	8	29	6.7
id-15242	5	9	8	6.4
id-15243	5	4	16	5.8
id-15244	3	6	1	5.7
id-15245	8	3	23	5.0
id-15246	2	4	6	6.4
id-15247	10	20	26	5.6
id-15248	5	4	5	5.5
id-15249	9	17	3	6.2
id-15250	2	2	10	5.8
id-15251	5	4	8	6.7
id-15252	1	2	15	6.9
id-15253	6	10	11	5.1
id-15254	2	3	25	5.1
id-15255	8	7	18	6.2
id-15256	7	13	17	6.8
id-15257	6	5	30	5.8
id-15258	1	2	21	6.1
id-15259	10	2	4	6.8
id-15260	3	5	28	5.8
id-15261	1	2	6	5.4
id-15262	10	20	22	5.5
id-15263	5	5	6	5.3
id-15264	8	16	21	6.6
id-15265	8	4	20	5.7
id-15266	10	10	27	5.7
id-15267	3	2	16	5.8
id-15268	7	3	27	5.7
id-15269	8	2	11	5.0
id-15270	2	4	28	6.8
id-15271	7	9	14	5.0
id-15272	9	7	7	6.9
id-15273	2	4	16	5.8
id-15274	6	5	4	5.2
id-15275	4	8	29	6.0
id-15276	3	5	17	5.9
id-15277	6	3	7	5.2
id-15278	4	6	30	5.8
id-15279	8	10	8	5.9
id-15280	8	14	17	6.3
id-15281	4	3	12	6.1
id-15282	10	5	25	5.9
id-15283	5	6	18	6.0
id-15284	10	4	14	5.7
id-15285	8	13	18	6.2
id-15286	10	11	9	6.8
id-15287	3	2	27	6.0
id-15288	4	6	30	6.7
id-15289	4	4	10	6.3
id-15290	9	2	16	6.2
id-15291	3	2	19	5.9
id-15292	3	3	10	6.1
id-15293	7	5	2	5.9
id-15294	6	7	17	5.5
id-15295	7	7	7	7.0
id-15296	1	2	18	5.2
id-15297	9	15	13	6.2
id-15298	2	4	27	6.5
id-15299	7	10	5	5.5
id-15300	7	7	3	5.5
id-15301	9	2	5	6.0
id-15302	4	2	20	6.7
id-15303	5	2	26	6.1
id-15304	5	3	14	7.0
id-15305	3	5	6	6.0
id-15306	10	13	16	5.2
id-15307	3	5	25	6.8
id-15308	10	15	29	6.1
id-15309	8	6	9	5.8
id-15310	6	2	12	6.7
id-15311	2	3	7	6.6
id-15312	8	7	25	5.9
id-15313	4	7	19	6.9
id-15314	10	3	15	6.5
id-15315	7	14	27	6.8
id-15316	9	5	24	5.5
id-15317	1	2	21	5.1
id-15318	1	2	26	6.2
id-15319	4	8	18	5.8
id-15320	7	8	29	6.6
id-15321	6	10	26	5.4
id-15322	1	2	28	6.9
id-15323	2	4	23	5.4
id-15324	10	6	14	5.7
id-15325	3	2	23	6.1
id-15326	3	2	24	5.8
id-15327	8	14	26	5.4
id-15328	9	6	16	5.3
id-15329	5	8	10	6.4
id-15330	7	4	13	6.9
id-15331	1	2	26	6.2
id-15332	5	3	25	6.9
id-15333	4	3	25	6.7
id-15334	7	4	10	6.6
id-15335	6	9	19	5.9
id-15336	3	2	9	6.4
id-15337	2	2	24	5.2
id-15338	1	2	21	6.7
id-15339	2	2	16	6.1
id-15340	4	2	19	6.3
id-15341	3	5	9	6.1
id-15342	3	5	19	6.0
id-15343	4	2	19	5.5
id-15344	1	2	28	6.7
id-15345	8	13	14	6.4
id-15346	6	9	19	6.1
id-15347	9	14	9	6.9
id-15348	8	3	12	5.6
id-15349	5	9	6	6.1
id-15350	7	7	11	7.0
id-15351	4	8	26	6.4
id-15352	5	10	21	6.5
id-15353	8	11	28	5.2
id-15354	10	4	6	6.0
id-15355	9	15	5	6.3
id-15356	5	6	28	5.5
id-15357	7	11	23	5.9
id-15358	3	4	12	5.6
id-15359	5	6	7	6.1
id-15360	5	5	7	6.4
id-15361	10	8	13	5.3
id-15362	2	4	21	6.5
id-15363	9	7	10	5.3
id-15364	9	8	22	6.1
id-15365	4	5	30	6.8
id-15366	8	10	23	5.3
id-15367	4	6	26	5.3
id-15368	8	8	11	6.1
id-15369	3	4	5	5.7
id-15370	10	10	3	6.6
id-15371	2	2	14	5.0
id-15372	10	7	27	6.8
id-15373	6	7	16	6.7
id-15374	10	7	23	5.8
id-15375	9	17	27	6.6
id-15376	7	13	25	6.5
id-15377	4	5	29	5.1
id-15378	4	5	16	5.9
id-15379	8	4	1	6.6
id-15380	5	10	22	6.7
id-15381	6	5	6	6.6
id-15382	4	6	24	6.4
id-15383	5	8	28	6.7
id-15384	4	2	14	5.2
id-15385	8	8	15	6.1
id-15386	2	3	10	6.0
id-15387	4	2	9	6.8
id-15388	9	5	27	6.4
id-15389	1	2	20	6.3
id-15390	3	5	12	6.6
id-15391	2	3	23	5.0
id-15392	8	8	7	5.5
id-15393	5	4	20	6.6
id-15394	3	4	3	5.0
id-15395	10	20	12	5.9
id-15396	4	2	25	5.3
id-15397	9	6	14	5.1
id-15398	2	3	18	6.3
id-15399	7	7	17	5.4
id-15400	10	19	18	5.4
id-15401	4	7	5	5.9
id-15402	5	6	8	6.6
id-15403	1	2	20	5.8
id-15404	2	3	6	5.1
id-15405	7	13	21	6.9
id-15406	5	10	14	5.4
id-15407	3	3	29	5.6
id-15408	7	11	17	5.4
id-15409	5	3	16	6.7
id-15410	6	10	23	5.5
id-15411	7	2	6	6.0
id-15412	10	18	28	6.7
id-15413	7	10	27	6.3
id-15414	8	3	23	6.7
id-15415	10	6	4	5.2
id-15416	3	6	26	6.1
id-15417	5	8	20	7.0
id-15418	6	12	12	5.8
id-15419	8	10	11	6.4
id-15420	5	9	29	5.3
id-15421	9	5	14	7.0
id-15422	7	14	21	6.2
id-15423	3	2	21	5.8
id-15424	1	2	11	5.6
id-15425	2	4	15	5.1
id-15426	8	12	15	7.0
id-15427	5	8	8	6.8
id-15428	6	2	10	6.4
id-15429	5	4	26	6.9
id-15430	7	2	13	5.1
id-15431	6	9	9	5.1
id-15432	10	19	18	6.7
id-15433	7	14	24	6.1
id-15434	10	7	8	5.2
id-15435	5	7	3	6.2
id-15436	7	7	5	5.2
id-15437	10	13	1	6.9
id-15438	4	4	26	6.0
id-15439	10	5	25	5.8
id-15440	10	5	29	6.4
id-15441	2	2	1	6.2
id-15442	3	6	15	6.7
id-15443	7	14	28	5.5
id-15444	6	10	15	5.3
id-15445	8	14	16	5.3
id-15446	10	13	19	5.6
id-15447	5	10	23	6.4
id-15448	7	5	14	6.2
id-15449	8	2	23	6.8
id-15450	6	6	14	6.8
id-15451	9	11	5	5.1
id-15452	10	19	25	6.2
id-15453	8	12	2	5.4
id-15454	4	2	19	5.3
id-15455	4	5	8	5.1
id-15456	3	5	13	5.6
id-15457	8	4	9	5.9
id-15458	5	9	16	6.4
id-15459	4	7	20	6.9
id-15460	4	8	18	5.7
id-15461	8	2	25	6.4
id-15462	10	12	16	5.5
id-15463	1	2	29	5.8
id-15464	6	8	23	6.3
id-15465	10	7	3	6.1
id-15466	3	5	6	6.5
id-15467	5	8	5	6.4
id-15468	6	7	3	6.7
id-15469	10	8	5	5.4
id-15470	8	2	11	6.4
id-15471	9	10	27	5.6
id-15472	10	17	7	7.0
id-15473	10	7	23	6.4
id-15474	10	9	9	6.1
id-15475	1	2	20	6.9
id-15476	9	7	26	6.3
id-15477	5	9	25	6.4
id-15478	5	3	7	5.1
id-15479	7	10	10	6.1
id-15480	10	4	1	5.8
id-15481	5	8	28	6.1
id-15482	3	2	5	7.0
id-15483	5	7	18	5.2
id-15484	6	11	8	5.8
id-15485	10	7	3	5.0
id-15486	7	12	5	5.2
id-15487	1	2	28	5.9
id-15488	9	12	10	6.1
id-15489	3	6	7	5.2
id-15490	7	7	12	6.9
id-15491	7	10	25	5.6
id-15492	6	8	19	6.5
id-15493	9	2	7	6.3
id-15494	3	2	26	6.0
id-15495	9	4	12	6.9
id-15496	3	5	21	5.3
id-15497	4	2	15	6.0
id-15498	8	14	28	6.0
id-15499	2	2	24	6.4
id-15500	6	11	27	5.0
id-15501	8	8	20	5.9
id-15502	5	7	9	6.8
id-15503	10	14	15	5.9
id-15504	7	4	2	6.6
id-15505	3	2	13	5.7
id-15506	5	10	16	6.5
id-15507	5	2	4	6.0
id-15508	1	2	30	6.0
id-15509	4	8	10	6.5
id-15510	9	3	11	6.7
id-15511	5	10	28	5.4
id-15512	10	18	25	6.9
id-15513	4	7	8	5.1
id-15514	7	3	21	6.7
id-15515	1	2	5	5.5
id-15516	8	14	25	6.8
id-15517	2	3	25	5.9
id-15518	5	10	8	6.7
id-15519	1	2	27	5.8
id-15520	9	18	10	6.4
id-15521	10	19	17	5.6
id-15522	5	8	11	5.6
id-15523	4	8	21	6.2
id-15524	8	4	15	6.3
id-15525	6	2	9	5.8
id-15526	6	10	22	6.5
id-15527	1	2	18	5.7
id-15528	6	7	4	6.5
id-15529	9	13	6	6.6
id-15530	10	16	4	5.9
id-15531	4	5	24	5.1
id-15532	5	9	25	6.7
id-15533	1	2	29	5.6
id-15534	5	4	21	5.5
id-15535	5	8	15	6.3
id-15536	4	4	17	6.0
id-15537	5	2	11	5.5
id-15538	10	6	23	5.0
id-15539	1	2	14	5.7
id-15540	8	2	29	6.7
id-15541	1	2	29	6.3
id-15542	8	11	23	6.3
id-15543	7	11	2	6.5
id-15544	4	2	3	6.8
id-15545	7	3	5	5.5
id-15546	8	14	4	5.7
id-15547	10	7	18	6.5
id-15548	4	6	21	5.1
id-15549	9	17	7	6.0
id-15550	2	2	27	5.3
id-15551	2	4	29	5.7
id-15552	8	12	4	6.5
id-15553	4	4	19	6.8
id-15554	10	18	21	5.8
id-15555	2	3	27	6.1
id-15556	2	2	30	6.0
id-15557	5	2	1	5.3
id-15558	1	2	3	6.2
id-15559	8	14	13	5.7
id-15560	6	12	23	5.5
id-15561	4	6	22	6.6
id-15562	2	2	14	5.4
id-15563	1	2	29	5.0
id-15564	5	3	27	5.0
id-15565	1	2	27	7.0
id-15566	5	9	6	6.8
id-15567	4	3	29	5.7
id-15568	4	4	29	5.4
id-15569	1	2	19	6.9
id-15570	6	11	2	5.8
id-15571	4	4	30	6.6
id-15572	7	13	1	6.8
id-15573	1	2	23	6.1
id-15574	2	3	27	5.5
id-15575	9	5	4	5.8
id-15576	5	7	7	6.0
id-15577	8	5	17	5.4
id-15578	7	8	23	6.0
id-15579	9	13	6	5.9
id-15580	8	11	15	5.4
id-15581	7	14	8	6.9
id-15582	1	2	23	5.8
id-15583	8	12	5	5.2
id-15584	7	10	11	6.0
id-15585	3	2	27	6.7
id-15586	10	4	29	5.5
id-15587	2	3	29	6.4
id-15588	1	2	4	5.6
id-15589	6	4	9	6.0
id-15590	7	9	9	6.6
id-15591	4	8	5	6.0
id-15592	5	2	21	6.3
id-15593	6	8	16	7.0
id-15594	5	3	30	5.0
id-15595	4	7	13	6.6
id-15596	2	2	20	5.6
id-15597	4	4	28	6.5
id-15598	6	10	16	7.0
id-15599	4	6	10	5.6
id-15600	5	7	28	5.8
id-15601	10	20	28	5.6
id-15602	6	9	17	5.5
id-15603	5	5	29	5.8
id-15604	8	5	30	6.1
id-15605	6	4	17	6.1
id-15606	9	4	19	6.5
id-15607	9	2	19	6.9
id-15608	10	8	4	5.7
id-15609	7	11	24	5.8
id-15610	9	4	5	5.2
id-15611	4	2	30	5.0
id-15612	7	7	10	6.7
id-15613	9	9	16	6.3
id-15614	1	2	10	6.4
id-15615	7	13	30	6.8
id-15616	6	6	27	6.8
id-15617	10	2	3	6.4
id-15618	5	10	11	5.1
id-15619	6	5	16	6.8
id-15620	1	2	15	5.1
id-15621	8	6	27	6.7
id-15622	9	14	21	6.9
id-15623	2	4	25	5.6
id-15624	10	20	2	5.7
id-15625	3	5	22	5.6
id-15626	2	2	4	6.8
id-15627	1	2	19	6.9
id-15628	3	2	18	5.8
id-15629	2	2	7	5.8
id-15630	9	13	14	6.3
id-15631	6	4	7	6.1
id-15632	2	4	29	6.9
id-15633	2	2	29	5.9
id-15634	1	2	24	5.9
id-15635	1	2	19	6.8
id-15636	4	3	29	6.5
id-15637	10	2	24	5.9
id-15638	10	16	8	5.6
id-15639	8	7	22	6.9
id-15640	10	4	10	6.3
id-15641	4	4	21	5.2
id-15642	2	2	10	5.3
id-15643	1	2	3	5.7
id-15644	4	2	13	6.8
id-15645	6	11	30	5.3
id-15646	7	4	19	5.7
id-15647	2	4	24	5.1
id-15648	9	14	28	6.5
id-15649	6	9	9	5.9
id-15650	4	6	21	5.4
id-15651	5	6	29	6.1
id-15652	10	12	18	5.9
id-15653	6	6	6	6.5
id-15654	6	5	20	5.4
id-15655	3	3	27	6.7
id-15656	3	3	15	6.9
id-15657	4	8	5	6.6
id-15658	6	3	30	5.4
id-15659	3	5	18	5.8
id-15660	9	4	20	5.8
id-15661	8	3	27	6.3
id-15662	4	2	19	6.4
id-15663	9	5	1	5.6
id-15664	2	3	24	6.9
id-15665	8	15	29	5.8
id-15666	10	10	24	5.9
id-15667	9	2	17	5.9
id-15668	2	3	11	5.3
id-15669	4	5	11	6.5
id-15670	7	4	30	5.2
id-15671	10	18	24	5.8
id-15672	6	5	4	5.7
id-15673	2	3	7	6.6
id-15674	3	3	27	5.1
id-15675	4	3	20	5.1
id-15676	9	7	27	5.5
id-15677	6	11	5	5.1
id-15678	8	8	16	6.4
id-15679	8	7	7	5.1
id-15680	10	14	26	6.3
id-15681	5	4	18	6.2
id-15682	4	3	14	6.8
id-15683	6	4	9	5.4
id-15684	4	2	22	6.9
id-15685	2	2	16	5.6
id-15686	4	3	20	6.6
id-15687	10	2	29	6.8
id-15688	8	13	20	6.6
id-15689	10	2	17	6.4
id-15690	6	10	4	5.2
id-15691	5	7	30	6.0
id-15692	9	18	7	6.2
id-15693	2	3	18	6.4
id-15694	9	18	5	6.0
id-15695	7	10	11	5.9
id-15696	3	2	9	6.3
id-15697	4	7	7	5.1
id-15698	10	11	30	6.4
id-15699	10	3	22	5.9
id-15700	1	2	30	6.8
id-15701	6	2	30	6.3
id-15702	10	18	23	5.1
id-15703	2	4	6	5.4
id-15704	10	2	17	6.1
id-15705	8	12	26	6.2
id-15706	10	13	8	6.6
id-15707	5	3	23	6.6
id-15708	9	3	21	5.2
id-15709	6	4	8	6.5
id-15710	1	2	24	6.8
id-15711	4	7	8	6.0
id-15712	5	9	20	5.2
id-15713	7	4	30	5.8
id-15714	7	8	21	6.0
id-15715	9	15	30	6.7
id-15716	6	10	14	5.9
id-15717	3	6	21	6.7
id-15718	3	6	13	6.4
id-15719	3	2	24	6.0
id-15720	7	6	24	5.3
id-15721	9	5	5	5.8
id-15722	3	5	24	5.5
id-15723	7	4	29	6.5
id-15724	10	14	1	6.7
id-15725	10	9	13	6.2
id-15726	6	5	20	5.9
id-15727	9	14	11	6.5
id-15728	4	6	11	6.4
id-15729	2	3	28	5.1
id-15730	6	10	27	5.3
id-15731	3	4	10	5.9
id-15732	8	6	23	6.0
id-15733	5	6	2	5.3
id-15734	6	12	21	6.4
id-15735	3	4	26	5.1
id-15736	1	2	2	6.1
id-15737	2	4	15	5.6
id-15738	1	2	12	5.3
id-15739	3	2	25	5.2
id-15740	2	4	27	5.5
id-15741	3	3	13	6.5
id-15742	10	19	4	5.6
id-15743	4	6	30	6.9
id-15744	4	3	9	5.1
id-15745	1	2	18	5.3
id-15746	3	5	21	5.4
id-15747	10	2	16	5.6
id-15748	10	9	30	5.2
id-15749	7	3	16	5.9
id-15750	9	9	29	7.0
id-15751	7	5	29	6.4
id-15752	8	9	13	6.7
id-15753	2	4	23	5.7
id-15754	7	6	28	6.5
id-15755	6	8	18	6.5
id-15756	6	5	24	6.1
id-15757	6	3	21	6.9
id-15758	1	2	30	6.7
id-15759	3	2	14	5.7
id-15760	9	16	6	6.6
id-15761	2	4	27	5.5
id-15762	10	4	2	5.8
id-15763	10	4	28	5.6
id-15764	7	8	25	6.6
id-15765	9	16	26	5.1
id-15766	4	2	5	5.2
id-15767	10	13	3	6.3
id-15768	10	16	2	6.2
id-15769	3	5	24	6.1
id-15770	9	17	12	6.5
id-15771	2	3	16	6.2
id-15772	2	3	28	6.6
id-15773	6	4	25	5.3
id-15774	5	6	6	6.4
id-15775	3	4	17	6.2
id-15776	2	3	4	6.4
id-15777	3	2	1	6.0
id-15778	6	12	20	6.8
id-15779	8	5	30	5.5
id-15780	8	3	18	6.7
id-15781	8	4	12	6.9
id-15782	1	2	2	6.0
id-15783	6	8	8	5.8
id-15784	10	4	14	6.9
id-15785	10	17	18	6.1
id-15786	10	16	20	6.7
id-15787	6	3	16	6.6
id-15788	1	2	18	5.0
id-15789	4	2	9	5.8
id-15790	6	5	25	5.3
id-15791	3	4	14	5.1
id-15792	7	12	5	6.8
id-15793	5	7	5	6.1
id-15794	7	14	14	6.6
id-15795	2	2	9	5.2
id-15796	6	9	26	6.0
id-15797	6	2	10	5.7
id-15798	1	2	29	5.0
id-15799	10	20	19	5.1
id-15800	8	12	15	5.1
id-15801	1	2	22	6.7
id-15802	5	2	4	6.6
id-15803	10	7	10	6.7
id-15804	2	4	1	6.7
id-15805	8	5	17	6.0
id-15806	2	3	12	6.4
id-15807	10	11	17	5.1
id-15808	3	6	21	6.6
id-15809	4	3	2	5.2
id-15810	9	4	6	5.9
id-15811	1	2	1	6.5
id-15812	9	3	12	6.1
id-15813	7	9	28	5.3
id-15814	10	8	28	5.1
id-15815	1	2	4	6.7
id-15816	6	6	5	5.5
id-15817	3	6	16	6.7
id-15818	9	3	4	6.1
id-15819	2	3	10	5.5
id-15820	5	8	22	6.4
id-15821	9	14	30	6.9
id-15822	10	15	22	6.5
id-15823	6	10	26	5.0
id-15824	6	3	10	6.5
id-15825	9	14	29	6.5
id-15826	8	2	6	6.0
id-15827	7	6	6	6.1
id-15828	10	2	21	5.7
id-15829	4	5	29	7.0
id-15830	8	2	23	6.2
id-15831	5	5	2	6.9
id-15832	3	5	23	6.9
id-15833	6	6	14	5.2
id-15834	1	2	26	6.8
id-15835	7	6	11	5.4
id-15836	4	4	4	6.3
id-15837	1	2	12	6.8
id-15838	9	5	1	5.6
id-15839	9	11	7	6.3
id-15840	5	9	2	6.7
id-15841	2	3	6	6.9
id-15842	9	11	20	6.9
id-15843	4	6	19	5.4
id-15844	6	3	18	6.7
id-15845	2	4	29	5.9
id-15846	5	5	4	5.1
id-15847	9	3	30	5.0
id-15848	5	3	4	6.0
id-15849	7	9	23	6.2
id-15850	2	2	4	6.3
id-15851	4	2	12	5.8
id-15852	2	3	10	5.7
id-15853	10	4	30	5.6
id-15854	9	13	23	6.5
id-15855	1	2	4	5.3
id-15856	5	3	3	5.6
id-15857	9	3	30	5.2
id-15858	10	13	8	5.5
id-15859	7	4	23	6.5
id-15860	5	10	8	6.8
id-15861	3	2	15	5.0
id-15862	3	4	7	6.9
id-15863	9	2	26	5.8
id-15864	8	15	30	6.2
id-15865	4	3	30	6.6
id-15866	3	6	1	6.5
id-15867	6	2	18	6.1
id-15868	10	9	14	5.6
id-15869	5	9	25	5.9
id-15870	9	2	27	6.6
id-15871	1	2	21	5.1
id-15872	5	10	28	6.4
id-15873	10	12	1	6.5
id-15874	8	4	1	6.0
id-15875	7	8	19	6.7
id-15876	6	9	29	6.7
id-15877	3	6	13	6.1
id-15878	8	16	17	5.0
id-15879	7	8	5	5.7
id-15880	9	15	18	5.7
id-15881	6	9	15	6.0
id-15882	10	19	24	6.6
id-15883	4	8	19	5.1
id-15884	6	6	21	6.2
id-15885	2	2	3	6.3
id-15886	1	2	5	7.0
id-15887	3	5	23	6.4
id-15888	8	9	2	5.8
id-15889	3	5	11	5.5
id-15890	4	5	3	5.4
id-15891	1	2	28	5.4
id-15892	6	4	17	6.3
id-15893	4	3	12	6.8
id-15894	4	5	11	5.6
id-15895	9	10	4	5.0
id-15896	7	3	19	6.8
id-15897	2	4	12	6.5
id-15898	7	8	30	5.9
id-15899	7	2	3	6.2
id-15900	1	2	5	5.2
id-15901	10	6	15	5.7
id-15902	2	2	11	5.1
id-15903	6	7	15	5.3
id-15904	5	3	15	6.8
id-15905	7	5	30	5.1
id-15906	8	3	17	5.1
id-15907	6	10	10	5.4
id-15908	2	4	21	6.2
id-15909	10	12	26	6.9
id-15910	9	16	10	5.3
id-15911	5	6	17	6.6
id-15912	1	2	8	6.4
id-15913	2	2	6	5.6
id-15914	10	4	25	6.3
id-15915	6	2	29	6.3
id-15916	7	12	25	5.1
id-15917	7	4	8	6.3
id-15918	3	2	8	5.3
id-15919	3	4	11	6.3
id-15920	6	11	24	6.9
id-15921	4	7	4	6.4
id-15922	9	6	21	6.3
id-15923	10	15	20	5.8
id-15924	1	2	7	6.1
id-15925	8	10	9	5.8
id-15926	9	11	1	6.0
id-15927	10	8	24	5.8
id-15928	4	6	1	5.5
id-15929	3	6	14	6.3
id-15930	4	8	25	5.7
id-15931	2	3	30	5.4
id-15932	9	11	28	6.7
id-15933	9	17	18	5.0
id-15934	7	10	10	6.6
id-15935	6	10	26	5.7
id-15936	1	2	26	6.8
id-15937	6	12	13	5.2
id-15938	7	14	20	5.4
id-15939	3	4	19	6.1
id-15940	1	2	30	5.7
id-15941	6	12	12	5.6
id-15942	8	10	28	5.3
id-15943	1	2	20	6.9
id-15944	3	4	12	6.0
id-15945	7	6	5	6.3
id-15946	9	16	21	6.6
id-15947	3	5	29	5.1
id-15948	3	6	22	6.5
id-15949	10	10	1	5.9
id-15950	9	14	1	6.2
id-15951	3	2	2	6.9
id-15952	3	6	20	6.2
id-15953	7	14	22	6.8
id-15954	9	10	10	6.0
id-15955	6	11	21	5.4
id-15956	7	10	2	6.1
id-15957	1	2	16	7.0
id-15958	1	2	27	5.0
id-15959	8	3	16	5.1
id-15960	5	10	22	5.2
id-15961	4	8	13	6.4
id-15962	8	14	27	5.0
id-15963	7	9	2	6.7
id-15964	3	3	10	6.6
id-15965	1	2	21	6.1
id-15966	9	7	1	5.4
id-15967	8	10	25	6.6
id-15968	5	6	10	5.0
id-15969	7	12	15	6.3
id-15970	8	3	6	6.5
id-15971	5	7	27	7.0
id-15972	3	2	27	5.3
id-15973	4	5	11	6.8
id-15974	2	3	30	7.0
id-15975	3	4	4	5.2
id-15976	5	8	5	5.4
id-15977	1	2	23	5.6
id-15978	3	4	30	6.0
id-15979	2	4	1	6.2
id-15980	9	8	21	6.0
id-15981	3	5	23	5.6
id-15982	3	6	9	5.6
id-15983	1	2	29	6.0
id-15984	3	6	30	6.9
id-15985	9	7	1	6.8
id-15986	5	9	28	7.0
id-15987	1	2	15	6.5
id-15988	8	5	3	6.7
id-15989	5	4	14	5.3
id-15990	10	14	8	5.2
id-15991	7	2	19	6.9
id-15992	6	10	25	5.3
id-15993	1	2	21	6.4
id-15994	5	5	14	6.5
id-15995	4	6	9	5.2
id-15996	6	3	7	6.7
id-15997	8	13	20	5.4
id-15998	8	13	24	6.6
id-15999	8	3	8	5.2
id-16000	5	9	27	5.5
id-16001	8	3	26	6.3
id-16002	5	8	7	6.4
id-16003	5	2	11	5.8
id-16004	7	4	5	6.4
id-16005	10	16	4	6.8
id-16006	1	2	19	6.1
id-16007	9	17	22	6.4
id-16008	1	2	19	5.7
id-16009	1	2	3	6.5
id-16010	5	8	23	6.2
id-16011	7	8	26	6.0
id-16012	5	6	27	6.9
id-16013	3	3	30	6.9
id-16014	5	6	26	6.2
id-16015	2	4	13	5.8
id-16016	3	5	4	5.7
id-16017	2	2	14	6.9
id-16018	10	3	24	5.6
id-16019	4	7	13	5.9
id-16020	5	10	12	5.4
id-16021	1	2	18	5.5
id-16022	6	5	16	5.9
id-16023	8	6	13	5.9
id-16024	8	6	29	6.8
id-16025	6	12	7	7.0
id-16026	7	3	5	6.7
id-16027	10	12	22	6.4
id-16028	9	11	4	6.4
id-16029	9	10	28	5.2
id-16030	6	6	11	6.9
id-16031	7	3	17	5.3
id-16032	5	9	28	5.6
id-16033	7	14	21	5.1
id-16034	5	10	8	5.5
id-16035	3	3	19	7.0
id-16036	6	12	4	6.1
id-16037	1	2	19	6.8
id-16038	1	2	11	5.6
id-16039	6	2	7	6.0
id-16040	4	8	30	5.2
id-16041	8	3	10	6.3
id-16042	2	3	13	5.2
id-16043	3	5	10	5.4
id-16044	3	3	3	6.1
id-16045	9	18	19	6.6
id-16046	1	2	1	6.6
id-16047	6	12	30	6.4
id-16048	1	2	3	5.4
id-16049	5	9	12	5.6
id-16050	6	10	27	6.6
id-16051	9	11	9	5.6
id-16052	2	4	11	5.2
id-16053	2	2	19	6.7
id-16054	5	6	5	5.6
id-16055	10	8	6	6.4
id-16056	3	3	3	6.5
id-16057	8	13	3	5.1
id-16058	5	9	21	5.3
id-16059	9	11	1	6.3
id-16060	6	9	11	5.7
id-16061	3	3	17	5.2
id-16062	6	8	22	6.8
id-16063	10	14	12	6.7
id-16064	4	2	22	6.7
id-16065	4	8	13	6.1
id-16066	9	15	24	6.9
id-16067	7	3	6	5.1
id-16068	8	6	30	5.0
id-16069	3	5	10	6.3
id-16070	9	13	1	5.4
id-16071	5	7	11	5.9
id-16072	10	16	23	6.5
id-16073	9	11	15	5.4
id-16074	7	7	23	6.1
id-16075	4	4	18	5.5
id-16076	2	3	3	6.0
id-16077	1	2	21	5.4
id-16078	3	6	5	5.5
id-16079	10	3	4	6.1
id-16080	3	4	6	5.2
id-16081	9	9	5	5.4
id-16082	8	7	10	6.4
id-16083	10	20	29	6.5
id-16084	2	4	5	6.4
id-16085	4	2	15	5.7
id-16086	1	2	21	6.4
id-16087	5	10	4	6.4
id-16088	3	3	4	5.7
id-16089	2	2	16	6.0
id-16090	8	8	10	7.0
id-16091	2	4	9	6.0
id-16092	3	3	3	6.4
id-16093	7	7	5	5.2
id-16094	2	3	19	5.9
id-16095	3	3	1	5.7
id-16096	1	2	12	6.2
id-16097	3	2	1	5.3
id-16098	2	3	26	5.0
id-16099	10	15	23	5.2
id-16100	8	14	10	7.0
id-16101	3	2	12	6.4
id-16102	7	9	1	5.3
id-16103	8	10	28	6.1
id-16104	4	4	13	5.6
id-16105	7	8	24	5.5
id-16106	10	11	25	5.2
id-16107	1	2	14	6.9
id-16108	7	8	7	6.2
id-16109	7	8	28	5.5
id-16110	8	3	6	5.0
id-16111	6	12	9	7.0
id-16112	7	11	29	6.6
id-16113	3	3	16	6.9
id-16114	6	12	28	6.6
id-16115	3	3	17	5.7
id-16116	9	18	4	6.6
id-16117	8	3	7	6.6
id-16118	9	16	16	6.0
id-16119	3	2	25	6.1
id-16120	3	6	4	5.4
id-16121	6	12	14	6.7
id-16122	8	12	5	5.3
id-16123	1	2	11	6.3
id-16124	7	10	25	5.9
id-16125	2	3	4	6.0
id-16126	7	3	4	5.7
id-16127	9	16	20	6.5
id-16128	10	5	24	6.1
id-16129	7	10	25	5.5
id-16130	9	14	14	5.9
id-16131	2	4	2	6.1
id-16132	5	6	28	6.2
id-16133	10	5	13	6.0
id-16134	7	7	16	6.9
id-16135	3	2	13	6.7
id-16136	4	5	23	6.4
id-16137	7	4	7	5.2
id-16138	8	15	5	6.7
id-16139	9	18	26	5.1
id-16140	3	6	14	5.6
id-16141	5	2	24	5.6
id-16142	2	3	28	6.7
id-16143	1	2	10	6.3
id-16144	7	14	17	6.0
id-16145	4	8	26	5.9
id-16146	5	7	21	5.3
id-16147	2	3	2	6.9
id-16148	1	2	20	5.7
id-16149	4	4	6	6.4
id-16150	1	2	30	6.1
id-16151	6	4	19	5.9
id-16152	6	2	25	6.4
id-16153	6	4	16	6.5
id-16154	8	2	29	6.6
id-16155	7	13	21	5.2
id-16156	1	2	14	5.9
id-16157	9	7	19	5.6
id-16158	5	3	1	5.4
id-16159	1	2	29	5.1
id-16160	2	2	14	5.8
id-16161	8	3	13	6.0
id-16162	1	2	1	6.8
id-16163	4	6	14	6.4
id-16164	10	17	17	6.9
id-16165	6	10	4	6.2
id-16166	9	9	15	6.7
id-16167	4	6	15	5.4
id-16168	3	4	9	7.0
id-16169	10	4	3	5.5
id-16170	5	8	24	6.5
id-16171	2	3	2	6.6
id-16172	3	4	20	6.8
id-16173	8	4	8	5.6
id-16174	10	11	27	5.7
id-16175	8	7	20	7.0
id-16176	2	4	24	6.5
id-16177	3	3	29	5.3
id-16178	5	3	16	5.3
id-16179	3	4	3	6.5
id-16180	2	4	3	6.4
id-16181	4	8	21	5.1
id-16182	4	8	11	6.7
id-16183	3	4	28	6.7
id-16184	7	8	25	6.2
id-16185	6	4	3	5.6
id-16186	8	15	1	6.5
id-16187	7	4	11	6.2
id-16188	6	11	18	5.3
id-16189	2	3	23	5.4
id-16190	6	12	24	5.4
id-16191	3	3	16	6.0
id-16192	1	2	17	5.8
id-16193	4	3	9	6.3
id-16194	1	2	12	6.7
id-16195	3	3	13	5.4
id-16196	6	9	1	6.8
id-16197	6	2	26	6.9
id-16198	2	2	11	6.7
id-16199	6	8	11	6.5
id-16200	9	13	24	6.7
id-16201	5	6	9	6.3
id-16202	7	8	29	5.8
id-16203	3	6	22	6.5
id-16204	5	3	7	5.4
id-16205	9	15	3	5.8
id-16206	5	5	19	5.0
id-16207	8	7	2	5.6
id-16208	6	10	24	5.9
id-16209	6	12	22	5.1
id-16210	4	3	7	6.6
id-16211	3	5	18	6.6
id-16212	4	4	7	5.4
id-16213	7	10	26	6.6
id-16214	5	8	22	5.3
id-16215	10	17	7	5.6
id-16216	10	19	6	6.9
id-16217	3	2	29	5.8
id-16218	3	2	7	5.7
id-16219	4	8	9	5.8
id-16220	10	5	12	6.4
id-16221	8	10	16	5.4
id-16222	1	2	5	6.1
id-16223	3	4	12	5.9
id-16224	6	8	26	5.9
id-16225	6	11	29	5.7
id-16226	5	7	22	5.9
id-16227	4	2	19	6.7
id-16228	9	12	29	6.5
id-16229	4	5	1	5.1
id-16230	5	6	8	5.0
id-16231	3	2	24	6.4
id-16232	6	10	12	5.3
id-16233	4	3	19	5.0
id-16234	5	10	10	5.9
id-16235	6	3	10	5.4
id-16236	2	2	27	6.7
id-16237	7	9	21	5.2
id-16238	6	12	15	6.9
id-16239	2	3	18	6.5
id-16240	9	17	3	6.3
id-16241	2	4	18	6.5
id-16242	5	8	25	7.0
id-16243	1	2	21	6.1
id-16244	2	3	11	6.5
id-16245	4	8	2	5.6
id-16246	3	4	28	5.8
id-16247	4	8	15	6.1
id-16248	2	4	2	6.2
id-16249	6	4	2	6.2
id-16250	1	2	25	6.5
id-16251	8	16	27	6.1
id-16252	1	2	8	6.4
id-16253	2	2	2	5.5
id-16254	9	13	16	5.2
id-16255	7	3	17	5.6
id-16256	3	6	25	6.9
id-16257	1	2	22	5.4
id-16258	6	12	7	6.8
id-16259	5	4	9	6.0
id-16260	6	8	1	6.1
id-16261	8	9	24	6.1
id-16262	2	4	27	5.1
id-16263	6	3	25	6.2
id-16264	2	3	5	6.8
id-16265	1	2	28	6.1
id-16266	10	18	6	6.6
id-16267	1	2	21	5.1
id-16268	6	2	3	6.0
id-16269	5	10	1	6.6
id-16270	3	5	8	5.1
id-16271	9	16	5	5.5
id-16272	8	10	7	5.7
id-16273	2	2	10	5.3
id-16274	3	3	23	6.4
id-16275	8	13	22	7.0
id-16276	1	2	18	5.1
id-16277	7	2	7	5.8
id-16278	1	2	13	7.0
id-16279	2	4	6	5.6
id-16280	6	11	21	6.8
id-16281	10	13	10	5.9
id-16282	5	6	18	5.9
id-16283	2	2	14	6.3
id-16284	5	3	5	5.7
id-16285	10	17	17	5.9
id-16286	8	9	6	6.4
id-16287	10	14	19	5.7
id-16288	1	2	4	6.8
id-16289	4	2	6	7.0
id-16290	1	2	16	5.7
id-16291	1	2	25	6.6
id-16292	2	4	18	6.0
id-16293	1	2	7	6.1
id-16294	8	4	18	6.6
id-16295	7	5	1	6.5
id-16296	1	2	30	5.7
id-16297	3	2	24	6.9
id-16298	9	5	16	5.1
id-16299	9	9	10	6.9
id-16300	5	6	11	5.0
id-16301	3	5	16	5.9
id-16302	1	2	12	6.6
id-16303	10	7	8	5.3
id-16304	4	2	24	5.9
id-16305	8	7	18	5.7
id-16306	2	4	7	7.0
id-16307	1	2	27	6.7
id-16308	10	16	22	6.6
id-16309	9	10	10	5.0
id-16310	3	5	3	5.9
id-16311	10	15	9	6.5
id-16312	1	2	6	6.7
id-16313	4	6	20	5.6
id-16314	10	5	13	5.2
id-16315	7	3	20	6.1
id-16316	5	9	2	6.4
id-16317	9	17	12	5.9
id-16318	10	19	13	7.0
id-16319	8	7	15	5.2
id-16320	2	3	3	6.5
id-16321	8	4	20	6.2
id-16322	8	11	14	7.0
id-16323	9	12	21	5.8
id-16324	1	2	23	5.4
id-16325	7	9	13	5.9
id-16326	7	2	16	5.7
id-16327	6	10	6	5.2
id-16328	7	2	17	6.0
id-16329	10	6	23	5.4
id-16330	9	13	1	6.9
id-16331	10	14	29	6.2
id-16332	1	2	4	7.0
id-16333	1	2	21	6.7
id-16334	4	7	12	5.2
id-16335	7	8	18	6.9
id-16336	6	11	4	6.8
id-16337	1	2	19	6.3
id-16338	10	3	15	5.3
id-16339	2	4	28	5.1
id-16340	4	5	27	6.7
id-16341	9	13	1	5.1
id-16342	9	14	27	6.0
id-16343	1	2	5	6.8
id-16344	7	14	7	5.7
id-16345	1	2	24	6.8
id-16346	10	10	2	6.7
id-16347	8	13	17	6.4
id-16348	4	2	16	5.4
id-16349	10	20	30	6.3
id-16350	7	7	27	5.5
id-16351	4	6	4	6.6
id-16352	6	5	27	5.6
id-16353	4	3	13	5.1
id-16354	9	10	11	5.7
id-16355	6	10	22	5.2
id-16356	7	2	6	6.6
id-16357	7	11	16	5.2
id-16358	1	2	10	6.7
id-16359	5	3	27	5.4
id-16360	2	3	10	5.1
id-16361	2	2	6	5.9
id-16362	6	6	3	5.3
id-16363	5	2	5	5.1
id-16364	10	18	9	6.4
id-16365	9	12	15	6.3
id-16366	5	8	25	5.2
id-16367	9	14	14	5.3
id-16368	7	6	4	5.1
id-16369	5	9	16	5.3
id-16370	5	7	9	5.3
id-16371	5	5	19	6.4
id-16372	8	14	5	6.6
id-16373	3	5	29	7.0
id-16374	6	5	8	6.7
id-16375	5	6	15	6.3
id-16376	4	4	14	6.0
id-16377	1	2	7	5.9
id-16378	7	7	15	6.5
id-16379	9	18	19	6.1
id-16380	5	10	30	5.6
id-16381	10	18	2	5.5
id-16382	2	4	20	6.4
id-16383	1	2	25	5.3
id-16384	2	4	11	5.3
id-16385	4	2	29	5.6
id-16386	5	7	8	6.8
id-16387	7	14	26	6.2
id-16388	5	2	19	6.8
id-16389	10	4	1	5.9
id-16390	9	14	11	5.7
id-16391	10	14	2	6.8
id-16392	5	8	15	5.7
id-16393	5	8	19	6.6
id-16394	4	8	1	5.4
id-16395	5	9	2	6.2
id-16396	6	7	3	5.6
id-16397	8	14	21	5.3
id-16398	7	5	18	6.7
id-16399	7	10	17	6.2
id-16400	9	8	5	6.9
id-16401	6	11	15	5.4
id-16402	5	4	28	6.7
id-16403	1	2	16	6.8
id-16404	3	3	7	6.6
id-16405	1	2	2	6.9
id-16406	8	13	13	6.6
id-16407	4	2	8	6.5
id-16408	6	4	18	5.3
id-16409	4	7	7	6.0
id-16410	5	5	21	5.3
id-16411	8	16	3	6.3
id-16412	2	4	1	6.1
id-16413	1	2	5	5.5
id-16414	3	4	14	5.7
id-16415	6	7	4	6.1
id-16416	9	6	14	6.3
id-16417	4	5	20	6.0
id-16418	7	8	5	6.3
id-16419	7	4	26	6.2
id-16420	9	10	24	6.6
id-16421	3	3	8	5.7
id-16422	4	5	20	6.4
id-16423	5	2	24	6.5
id-16424	4	3	6	6.5
id-16425	1	2	2	5.1
id-16426	4	7	22	5.1
id-16427	10	7	15	5.3
id-16428	3	5	18	5.1
id-16429	8	10	4	6.7
id-16430	4	7	27	5.1
id-16431	10	17	4	5.8
id-16432	8	7	15	6.9
id-16433	10	13	11	5.1
id-16434	9	14	19	6.4
id-16435	5	9	5	6.4
id-16436	10	8	1	5.2
id-16437	4	4	3	6.9
id-16438	8	15	2	6.4
id-16439	10	14	24	5.4
id-16440	8	16	14	5.5
id-16441	1	2	17	5.1
id-16442	6	11	30	5.0
id-16443	1	2	8	6.0
id-16444	10	10	22	5.8
id-16445	7	10	23	5.9
id-16446	6	10	18	6.2
id-16447	10	3	19	6.5
id-16448	10	9	15	7.0
id-16449	9	2	6	6.7
id-16450	8	6	20	6.1
id-16451	6	11	19	6.3
id-16452	4	3	8	5.5
id-16453	10	6	29	6.3
id-16454	4	6	22	5.2
id-16455	2	2	11	6.3
id-16456	10	7	4	6.7
id-16457	5	8	8	6.4
id-16458	3	4	6	5.4
id-16459	3	4	27	6.3
id-16460	4	6	21	7.0
id-16461	6	10	10	6.5
id-16462	2	3	8	6.7
id-16463	3	3	8	6.4
id-16464	7	3	9	6.4
id-16465	9	2	25	6.0
id-16466	3	6	6	6.7
id-16467	2	3	29	6.3
id-16468	4	6	3	6.9
id-16469	2	4	3	5.7
id-16470	7	3	8	5.4
id-16471	9	2	19	6.4
id-16472	1	2	25	5.9
id-16473	5	7	25	6.4
id-16474	8	4	21	5.7
id-16475	6	7	10	7.0
id-16476	8	14	7	5.2
id-16477	6	11	10	6.0
id-16478	8	6	15	6.7
id-16479	1	2	16	6.1
id-16480	4	6	13	5.5
id-16481	10	10	6	5.3
id-16482	3	3	7	6.9
id-16483	4	6	2	5.3
id-16484	1	2	12	6.0
id-16485	10	18	22	6.7
id-16486	5	6	28	6.7
id-16487	7	8	26	6.4
id-16488	9	5	25	6.2
id-16489	4	2	12	6.6
id-16490	10	15	14	6.0
id-16491	7	8	18	6.5
id-16492	4	3	14	6.7
id-16493	2	4	6	5.2
id-16494	9	7	17	5.2
id-16495	3	6	18	6.4
id-16496	7	6	25	5.6
id-16497	6	6	17	5.1
id-16498	9	14	19	6.3
id-16499	2	4	24	6.1
id-16500	6	12	14	6.8
id-16501	1	2	11	5.3
id-16502	5	9	2	5.0
id-16503	2	3	16	6.1
id-16504	10	9	13	6.6
id-16505	8	14	15	5.7
id-16506	4	6	4	6.8
id-16507	9	2	16	6.0
id-16508	3	6	16	6.7
id-16509	9	15	1	6.8
id-16510	1	2	20	6.6
id-16511	2	4	3	6.4
id-16512	6	10	21	6.7
id-16513	6	8	4	6.5
id-16514	6	8	28	6.5
id-16515	8	12	30	5.1
id-16516	3	3	17	6.4
id-16517	9	9	13	6.7
id-16518	9	5	15	6.2
id-16519	6	11	26	5.9
id-16520	10	16	15	5.7
id-16521	2	4	7	5.5
id-16522	4	5	5	6.6
id-16523	1	2	26	5.4
id-16524	9	15	30	6.9
id-16525	1	2	17	5.3
id-16526	9	8	19	6.8
id-16527	6	11	22	5.3
id-16528	3	2	15	6.1
id-16529	6	11	20	5.9
id-16530	4	6	21	6.2
id-16531	2	4	26	6.5
id-16532	8	9	4	5.1
id-16533	5	6	25	6.6
id-16534	3	6	4	5.4
id-16535	3	3	24	6.3
id-16536	8	6	21	6.6
id-16537	8	9	12	6.9
id-16538	3	3	7	5.9
id-16539	3	5	11	5.6
id-16540	8	10	14	6.7
id-16541	10	9	24	5.8
id-16542	5	2	8	5.2
id-16543	7	13	13	6.4
id-16544	9	2	24	6.9
id-16545	9	4	7	5.3
id-16546	2	3	21	5.7
id-16547	5	4	5	6.3
id-16548	1	2	7	5.6
id-16549	1	2	11	6.0
id-16550	3	3	16	5.4
id-16551	6	12	13	5.5
id-16552	9	5	2	5.4
id-16553	5	3	10	6.6
id-16554	10	7	9	5.1
id-16555	1	2	12	5.8
id-16556	1	2	4	6.1
id-16557	6	8	2	6.3
id-16558	5	7	17	5.1
id-16559	10	4	18	5.3
id-16560	3	3	18	5.7
id-16561	2	2	23	6.0
id-16562	2	2	27	5.8
id-16563	5	2	18	5.5
id-16564	5	7	25	6.3
id-16565	9	12	10	5.7
id-16566	1	2	8	6.6
id-16567	4	3	6	6.7
id-16568	1	2	20	5.2
id-16569	4	4	20	5.2
id-16570	5	5	7	5.8
id-16571	8	6	28	5.2
id-16572	1	2	19	5.1
id-16573	9	7	18	6.3
id-16574	1	2	17	5.6
id-16575	10	15	13	5.8
id-16576	5	9	24	6.3
id-16577	1	2	30	5.8
id-16578	5	2	2	5.7
id-16579	3	6	18	5.7
id-16580	10	12	23	7.0
id-16581	2	2	23	5.2
id-16582	5	4	27	5.5
id-16583	1	2	28	7.0
id-16584	1	2	22	5.0
id-16585	3	5	11	6.0
id-16586	8	8	21	6.9
id-16587	8	2	11	6.7
id-16588	10	9	16	6.2
id-16589	1	2	5	5.8
id-16590	6	4	17	6.1
id-16591	3	4	25	6.3
id-16592	5	6	26	6.6
id-16593	9	9	16	6.7
id-16594	8	8	19	5.7
id-16595	9	2	20	6.4
id-16596	2	3	11	5.1
id-16597	9	13	10	5.3
id-16598	7	11	16	6.6
id-16599	7	11	29	6.7
id-16600	6	4	13	7.0
id-16601	7	4	5	5.3
id-16602	7	6	21	5.6
id-16603	5	6	5	5.3
id-16604	6	2	4	5.8
id-16605	5	10	2	6.5
id-16606	2	4	22	6.0
id-16607	3	3	5	5.9
id-16608	4	5	24	6.4
id-16609	1	2	9	5.2
id-16610	6	2	5	5.5
id-16611	10	8	6	5.3
id-16612	3	2	21	6.6
id-16613	7	13	19	5.1
id-16614	2	4	17	6.1
id-16615	8	3	5	6.2
id-16616	6	5	1	5.8
id-16617	10	14	26	6.4
id-16618	1	2	19	6.3
id-16619	2	2	19	5.5
id-16620	3	5	13	6.3
id-16621	8	16	19	6.3
id-16622	1	2	28	5.1
id-16623	8	10	20	5.0
id-16624	5	9	12	5.5
id-16625	2	2	22	5.7
id-16626	7	12	24	6.4
id-16627	9	14	22	6.6
id-16628	1	2	9	6.8
id-16629	7	10	21	6.0
id-16630	6	11	8	5.7
id-16631	3	5	19	5.3
id-16632	10	8	8	5.9
id-16633	5	7	1	6.7
id-16634	8	6	16	5.9
id-16635	2	2	23	5.3
id-16636	1	2	17	5.8
id-16637	1	2	19	6.4
id-16638	10	10	6	6.1
id-16639	8	15	11	6.9
id-16640	9	4	18	5.9
id-16641	8	5	17	6.1
id-16642	2	4	1	7.0
id-16643	9	13	26	6.3
id-16644	5	4	14	6.0
id-16645	10	11	20	6.9
id-16646	5	9	1	6.3
id-16647	1	2	8	5.5
id-16648	7	7	21	6.8
id-16649	2	2	29	5.2
id-16650	1	2	28	6.1
id-16651	2	3	19	6.4
id-16652	1	2	10	5.7
id-16653	5	7	26	5.8
id-16654	6	4	18	6.1
id-16655	4	8	30	6.1
id-16656	3	6	27	6.8
id-16657	4	7	13	5.1
id-16658	8	8	2	5.2
id-16659	1	2	8	5.5
id-16660	7	11	17	5.2
id-16661	3	6	4	5.7
id-16662	9	15	3	5.6
id-16663	10	15	29	6.3
id-16664	9	13	18	6.7
id-16665	10	9	25	6.9
id-16666	5	5	7	6.3
id-16667	5	2	2	5.8
id-16668	10	10	15	5.6
id-16669	6	8	5	5.7
id-16670	5	6	12	5.1
id-16671	5	6	2	5.3
id-16672	5	6	26	6.1
id-16673	5	4	13	5.1
id-16674	8	4	30	6.2
id-16675	9	4	2	5.9
id-16676	3	2	1	5.8
id-16677	6	2	20	6.5
id-16678	10	7	12	5.1
id-16679	9	5	10	5.7
id-16680	4	7	4	6.6
id-16681	6	9	19	6.1
id-16682	5	3	25	5.4
id-16683	1	2	7	6.1
id-16684	7	4	21	6.5
id-16685	6	2	4	6.8
id-16686	5	4	5	5.7
id-16687	3	5	26	5.2
id-16688	7	4	26	6.4
id-16689	1	2	26	5.3
id-16690	6	5	21	6.9
id-16691	4	5	1	5.9
id-16692	6	3	19	5.2
id-16693	9	6	5	5.6
id-16694	2	3	10	6.9
id-16695	7	5	27	5.6
id-16696	4	7	10	5.6
id-16697	2	4	8	5.4
id-16698	2	2	30	6.9
id-16699	7	13	17	6.7
id-16700	8	4	5	6.5
id-16701	2	4	12	5.7
id-16702	7	8	11	6.1
id-16703	9	14	18	6.5
id-16704	6	7	21	6.6
id-16705	7	6	24	5.7
id-16706	1	2	7	5.9
id-16707	4	2	22	5.1
id-16708	3	3	26	5.9
id-16709	4	2	28	5.5
id-16710	6	11	3	6.0
id-16711	5	8	28	6.2
id-16712	7	5	8	6.9
id-16713	7	2	10	6.7
id-16714	9	15	28	5.7
id-16715	5	8	22	6.9
id-16716	4	3	21	5.5
id-16717	3	6	3	5.7
id-16718	1	2	25	6.6
id-16719	6	7	26	5.4
id-16720	1	2	5	6.9
id-16721	6	2	8	6.1
id-16722	7	14	4	5.2
id-16723	2	4	17	6.9
id-16724	1	2	7	5.7
id-16725	1	2	21	6.5
id-16726	10	8	9	5.4
id-16727	6	2	30	5.6
id-16728	9	10	15	5.0
id-16729	5	6	25	6.9
id-16730	4	6	8	6.4
id-16731	2	4	3	6.5
id-16732	3	2	18	6.4
id-16733	5	7	16	5.7
id-16734	8	7	26	6.0
id-16735	7	4	22	5.9
id-16736	10	17	10	6.3
id-16737	5	5	5	6.7
id-16738	2	4	30	6.8
id-16739	9	16	18	5.5
id-16740	5	4	6	6.7
id-16741	6	10	20	5.4
id-16742	5	10	6	5.3
id-16743	8	11	7	6.7
id-16744	8	8	1	5.7
id-16745	1	2	1	5.8
id-16746	7	14	2	5.8
id-16747	5	8	6	6.1
id-16748	9	16	1	5.0
id-16749	2	4	29	5.7
id-16750	9	18	5	5.6
id-16751	5	3	3	5.4
id-16752	9	13	30	5.9
id-16753	7	4	24	5.2
id-16754	7	9	17	5.0
id-16755	3	3	16	5.3
id-16756	10	6	22	6.6
id-16757	6	8	17	6.5
id-16758	4	5	19	6.1
id-16759	5	7	11	5.4
id-16760	6	10	23	6.5
id-16761	5	7	7	5.1
id-16762	10	11	6	6.6
id-16763	9	5	14	6.3
id-16764	2	2	4	6.4
id-16765	3	2	17	5.4
id-16766	4	6	29	6.6
id-16767	9	8	1	6.7
id-16768	6	5	5	6.3
id-16769	8	11	2	5.7
id-16770	9	12	13	5.5
id-16771	8	11	15	6.4
id-16772	4	4	17	5.4
id-16773	4	8	13	5.4
id-16774	7	8	9	5.3
id-16775	1	2	1	6.9
id-16776	6	6	10	5.9
id-16777	9	8	23	5.9
id-16778	4	3	25	6.8
id-16779	4	8	8	5.2
id-16780	10	15	4	5.5
id-16781	2	4	12	5.3
id-16782	2	3	28	6.4
id-16783	5	8	27	5.4
id-16784	9	3	24	5.4
id-16785	1	2	30	6.3
id-16786	5	2	29	6.1
id-16787	4	7	3	6.3
id-16788	6	11	22	6.4
id-16789	1	2	5	6.5
id-16790	5	9	16	6.3
id-16791	2	3	16	5.8
id-16792	8	15	7	5.8
id-16793	9	10	4	6.6
id-16794	6	6	20	6.6
id-16795	8	4	3	6.6
id-16796	4	3	22	6.1
id-16797	5	6	2	6.9
id-16798	9	9	26	5.4
id-16799	5	7	12	5.3
id-16800	9	7	24	5.2
id-16801	7	2	7	5.3
id-16802	7	3	23	6.4
id-16803	6	6	3	6.3
id-16804	3	3	23	6.9
id-16805	3	2	11	6.7
id-16806	7	11	20	6.1
id-16807	9	11	26	5.6
id-16808	8	9	17	6.2
id-16809	4	5	2	6.5
id-16810	2	3	20	5.4
id-16811	3	6	27	6.6
id-16812	4	5	15	5.0
id-16813	8	14	27	7.0
id-16814	5	5	28	5.9
id-16815	9	6	9	6.2
id-16816	7	12	23	5.6
id-16817	5	9	17	5.5
id-16818	9	11	21	5.3
id-16819	1	2	8	6.1
id-16820	1	2	11	5.1
id-16821	7	10	13	5.4
id-16822	7	14	12	6.5
id-16823	1	2	29	5.7
id-16824	10	16	23	5.3
id-16825	3	3	2	6.4
id-16826	8	5	7	5.3
id-16827	2	3	25	5.5
id-16828	8	5	11	5.8
id-16829	5	4	28	5.1
id-16830	8	3	1	6.6
id-16831	2	2	24	5.2
id-16832	4	3	27	5.6
id-16833	10	17	2	6.5
id-16834	10	2	28	5.3
id-16835	6	4	2	6.5
id-16836	1	2	12	5.3
id-16837	3	2	15	5.3
id-16838	6	11	6	6.7
id-16839	9	4	4	6.8
id-16840	3	3	14	5.4
id-16841	6	5	3	5.2
id-16842	9	4	3	6.5
id-16843	2	2	5	5.8
id-16844	9	11	13	6.0
id-16845	3	3	20	6.9
id-16846	3	2	1	6.8
id-16847	2	4	4	6.2
id-16848	9	15	21	5.1
id-16849	10	18	20	6.2
id-16850	4	7	11	5.3
id-16851	2	3	4	5.4
id-16852	3	4	3	6.8
id-16853	1	2	22	5.5
id-16854	3	3	29	6.6
id-16855	10	17	29	6.9
id-16856	10	16	22	6.3
id-16857	2	3	9	6.3
id-16858	2	2	23	6.7
id-16859	7	9	23	5.2
id-16860	3	2	16	5.5
id-16861	4	5	26	6.8
id-16862	2	2	5	5.8
id-16863	4	2	12	6.6
id-16864	6	3	22	5.0
id-16865	1	2	2	5.4
id-16866	8	4	29	5.3
id-16867	8	15	29	6.7
id-16868	4	3	7	6.9
id-16869	3	4	16	6.0
id-16870	6	4	8	6.7
id-16871	8	13	4	6.8
id-16872	8	6	22	5.4
id-16873	10	18	4	5.6
id-16874	6	12	16	5.1
id-16875	9	17	9	6.8
id-16876	1	2	22	6.6
id-16877	6	4	23	5.6
id-16878	7	12	16	6.2
id-16879	7	7	4	5.1
id-16880	4	7	17	5.9
id-16881	5	7	29	6.3
id-16882	5	9	6	7.0
id-16883	4	4	26	6.8
id-16884	10	10	28	6.2
id-16885	3	4	26	6.4
id-16886	8	2	17	6.7
id-16887	3	3	8	6.1
id-16888	3	5	13	5.3
id-16889	8	13	18	5.6
id-16890	6	10	9	5.0
id-16891	5	5	20	5.6
id-16892	4	3	1	5.5
id-16893	7	11	9	6.1
id-16894	6	3	1	6.5
id-16895	3	5	10	6.6
id-16896	2	4	30	5.2
id-16897	3	6	8	5.7
id-16898	3	2	10	6.7
id-16899	10	15	30	6.1
id-16900	10	13	19	5.7
id-16901	10	19	5	5.9
id-16902	10	15	28	6.7
id-16903	2	3	3	5.9
id-16904	2	4	21	5.1
id-16905	6	8	17	5.5
id-16906	4	7	9	6.4
id-16907	5	8	7	5.9
id-16908	9	18	3	5.9
id-16909	7	8	8	6.8
id-16910	9	6	20	6.0
id-16911	6	4	17	5.2
id-16912	5	7	2	5.4
id-16913	8	16	29	6.7
id-16914	4	2	11	5.1
id-16915	4	7	7	6.7
id-16916	9	4	6	5.6
id-16917	4	6	18	5.8
id-16918	1	2	23	5.8
id-16919	5	7	29	6.2
id-16920	2	4	23	6.4
id-16921	5	5	25	6.2
id-16922	5	9	14	6.4
id-16923	10	19	18	5.7
id-16924	10	3	23	6.5
id-16925	9	2	20	6.4
id-16926	5	8	7	6.1
id-16927	2	4	22	6.9
id-16928	3	2	19	6.4
id-16929	3	2	26	5.7
id-16930	2	4	30	6.0
id-16931	4	5	19	6.1
id-16932	1	2	3	6.3
id-16933	6	7	11	6.5
id-16934	2	4	21	6.7
id-16935	4	2	20	5.7
id-16936	1	2	17	6.8
id-16937	3	5	24	5.2
id-16938	1	2	24	6.5
id-16939	9	4	15	5.5
id-16940	10	11	26	5.9
id-16941	2	2	10	6.9
id-16942	4	7	26	6.4
id-16943	4	3	7	5.6
id-16944	2	2	13	6.6
id-16945	2	3	10	6.8
id-16946	6	9	18	6.7
id-16947	9	6	30	6.9
id-16948	1	2	20	7.0
id-16949	1	2	27	6.1
id-16950	3	3	21	6.9
id-16951	1	2	29	6.4
id-16952	7	5	2	6.2
id-16953	1	2	19	6.6
id-16954	5	8	21	6.9
id-16955	6	9	13	5.0
id-16956	6	9	25	5.6
id-16957	9	3	6	6.6
id-16958	9	16	26	5.3
id-16959	10	5	2	6.1
id-16960	7	9	22	5.6
id-16961	9	7	21	6.9
id-16962	6	5	29	6.4
id-16963	8	14	27	6.0
id-16964	9	14	18	5.9
id-16965	3	5	3	6.5
id-16966	8	8	30	6.5
id-16967	4	4	9	5.1
id-16968	7	4	9	6.6
id-16969	8	15	26	5.6
id-16970	5	9	25	6.4
id-16971	2	4	23	5.3
id-16972	7	14	21	6.6
id-16973	6	9	27	6.7
id-16974	8	12	14	6.7
id-16975	5	9	22	5.1
id-16976	4	7	15	6.7
id-16977	4	2	28	5.5
id-16978	10	11	6	6.6
id-16979	4	3	14	6.9
id-16980	3	3	5	5.0
id-16981	8	9	17	5.6
id-16982	4	6	2	6.1
id-16983	2	2	21	6.1
id-16984	6	11	10	5.4
id-16985	7	6	6	6.4
id-16986	3	6	19	6.1
id-16987	8	6	29	6.4
id-16988	9	2	18	6.1
id-16989	3	4	17	6.8
id-16990	2	4	17	6.2
id-16991	2	2	23	6.2
id-16992	6	6	15	5.9
id-16993	7	4	13	5.2
id-16994	6	11	28	5.4
id-16995	7	3	8	5.7
id-16996	9	13	14	6.5
id-16997	4	5	28	5.8
id-16998	7	9	5	6.3
id-16999	5	2	2	6.2
id-17000	2	3	30	5.2
id-17001	4	6	7	5.2
id-17002	1	2	1	5.2
id-17003	5	3	10	6.1
id-17004	7	4	9	5.0
id-17005	7	2	15	6.9
id-17006	9	15	7	5.8
id-17007	6	7	19	6.1
id-17008	8	4	19	5.9
id-17009	2	4	10	6.3
id-17010	1	2	29	6.0
id-17011	5	4	25	6.7
id-17012	7	14	19	5.1
id-17013	8	4	30	6.3
id-17014	3	2	12	6.7
id-17015	6	11	1	6.8
id-17016	8	5	15	6.7
id-17017	9	5	27	6.7
id-17018	5	2	10	5.6
id-17019	8	3	20	5.7
id-17020	10	10	12	5.8
id-17021	3	3	28	6.2
id-17022	6	12	19	6.0
id-17023	1	2	20	5.5
id-17024	9	10	24	6.3
id-17025	9	3	8	6.4
id-17026	10	8	17	6.8
id-17027	10	8	15	5.6
id-17028	7	6	3	5.5
id-17029	9	6	11	5.7
id-17030	7	9	8	6.0
id-17031	9	13	29	5.7
id-17032	6	7	5	5.2
id-17033	9	8	4	5.9
id-17034	2	4	22	5.5
id-17035	4	8	17	6.8
id-17036	5	6	23	6.7
id-17037	9	15	25	6.5
id-17038	1	2	12	5.1
id-17039	1	2	16	6.8
id-17040	6	9	19	6.0
id-17041	1	2	26	5.1
id-17042	5	9	11	6.6
id-17043	2	3	18	6.0
id-17044	1	2	1	6.7
id-17045	1	2	6	5.5
id-17046	1	2	25	6.1
id-17047	1	2	11	6.5
id-17048	3	2	29	5.9
id-17049	6	10	5	5.6
id-17050	4	8	19	6.1
id-17051	3	5	14	7.0
id-17052	8	8	3	5.2
id-17053	8	10	3	5.2
id-17054	10	16	7	5.3
id-17055	5	3	11	5.3
id-17056	3	2	21	6.3
id-17057	7	11	4	5.1
id-17058	9	16	29	6.7
id-17059	7	3	20	5.5
id-17060	10	14	16	6.3
id-17061	8	5	12	5.8
id-17062	3	3	24	6.2
id-17063	2	2	8	6.1
id-17064	5	10	5	5.5
id-17065	8	13	20	5.4
id-17066	6	2	6	7.0
id-17067	3	5	20	5.3
id-17068	6	2	11	6.0
id-17069	4	8	30	5.1
id-17070	4	8	13	5.5
id-17071	2	3	5	6.7
id-17072	10	15	21	5.1
id-17073	2	3	7	6.3
id-17074	1	2	4	5.1
id-17075	6	4	18	6.4
id-17076	6	7	10	5.5
id-17077	9	4	17	5.1
id-17078	4	8	25	6.4
id-17079	9	10	9	5.1
id-17080	5	3	13	5.7
id-17081	6	3	8	5.9
id-17082	1	2	30	5.1
id-17083	5	6	13	6.3
id-17084	1	2	18	5.5
id-17085	10	8	13	5.2
id-17086	7	14	13	5.5
id-17087	9	2	8	5.8
id-17088	3	2	17	5.0
id-17089	1	2	14	6.0
id-17090	2	3	3	6.7
id-17091	5	7	27	5.9
id-17092	4	3	10	5.8
id-17093	2	2	1	6.4
id-17094	8	5	9	6.4
id-17095	2	3	12	6.3
id-17096	5	2	5	5.0
id-17097	5	3	8	5.1
id-17098	4	4	23	6.6
id-17099	3	5	22	5.6
id-17100	8	4	25	6.9
id-17101	1	2	7	5.6
id-17102	9	9	18	5.1
id-17103	3	2	6	5.1
id-17104	9	4	24	5.6
id-17105	1	2	8	6.3
id-17106	8	7	3	6.4
id-17107	7	12	12	6.5
id-17108	7	4	23	5.5
id-17109	2	2	16	5.4
id-17110	4	4	12	5.4
id-17111	8	8	18	6.4
id-17112	1	2	16	6.2
id-17113	9	5	19	7.0
id-17114	2	2	16	6.5
id-17115	8	13	30	5.3
id-17116	1	2	14	6.7
id-17117	2	4	27	6.0
id-17118	5	9	19	5.9
id-17119	6	11	21	6.9
id-17120	1	2	4	6.1
id-17121	9	11	5	5.7
id-17122	9	5	24	5.4
id-17123	4	8	17	5.9
id-17124	4	4	10	7.0
id-17125	7	8	29	6.0
id-17126	2	2	1	5.9
id-17127	3	5	27	6.4
id-17128	4	8	24	5.0
id-17129	4	5	21	5.3
id-17130	10	20	10	5.6
id-17131	2	3	19	5.2
id-17132	10	13	15	5.3
id-17133	1	2	2	5.6
id-17134	8	15	7	5.6
id-17135	3	6	12	5.5
id-17136	1	2	7	6.4
id-17137	6	12	2	6.9
id-17138	3	2	1	5.3
id-17139	4	3	2	6.0
id-17140	4	2	14	5.2
id-17141	9	13	28	6.8
id-17142	6	3	15	5.1
id-17143	9	11	1	5.9
id-17144	7	4	30	5.0
id-17145	5	10	15	6.8
id-17146	1	2	19	6.9
id-17147	2	3	21	5.3
id-17148	6	7	1	6.4
id-17149	4	8	29	5.2
id-17150	3	6	9	6.9
id-17151	5	8	25	5.3
id-17152	8	7	19	5.4
id-17153	4	8	20	6.5
id-17154	5	5	23	6.6
id-17155	9	10	12	5.5
id-17156	4	4	27	6.3
id-17157	4	3	23	6.2
id-17158	4	2	30	5.1
id-17159	3	4	7	5.9
id-17160	8	12	20	6.9
id-17161	10	19	19	6.9
id-17162	8	13	29	5.1
id-17163	4	5	14	5.1
id-17164	10	7	1	6.0
id-17165	7	6	14	6.5
id-17166	4	4	1	6.7
id-17167	3	5	14	6.2
id-17168	10	9	30	7.0
id-17169	7	11	23	5.2
id-17170	8	9	19	6.1
id-17171	5	4	20	5.5
id-17172	8	16	29	5.9
id-17173	4	3	18	6.6
id-17174	6	5	20	6.2
id-17175	10	17	22	6.1
id-17176	8	16	23	5.3
id-17177	2	4	22	5.5
id-17178	7	7	3	6.8
id-17179	3	5	29	5.7
id-17180	7	13	16	6.6
id-17181	9	6	20	6.3
id-17182	7	6	11	5.2
id-17183	9	9	15	6.7
id-17184	7	6	12	5.7
id-17185	1	2	1	6.8
id-17186	8	15	4	6.6
id-17187	10	7	23	6.4
id-17188	8	4	19	5.0
id-17189	10	4	9	6.3
id-17190	10	15	13	6.4
id-17191	5	10	21	5.9
id-17192	7	6	8	6.8
id-17193	8	4	28	6.5
id-17194	1	2	14	5.9
id-17195	5	8	25	5.2
id-17196	6	3	12	6.4
id-17197	10	17	21	5.9
id-17198	9	3	20	5.1
id-17199	4	2	11	5.3
id-17200	8	8	3	6.6
id-17201	1	2	26	5.2
id-17202	5	3	26	7.0
id-17203	10	4	28	5.7
id-17204	7	14	18	5.9
id-17205	3	5	17	6.6
id-17206	2	3	3	7.0
id-17207	1	2	1	6.4
id-17208	3	6	29	6.9
id-17209	9	4	29	6.8
id-17210	2	2	6	5.1
id-17211	9	5	7	6.6
id-17212	2	3	24	5.5
id-17213	10	8	13	5.9
id-17214	1	2	19	5.2
id-17215	4	7	26	5.7
id-17216	10	13	16	6.9
id-17217	1	2	26	5.9
id-17218	3	6	22	6.3
id-17219	8	6	24	5.7
id-17220	3	3	13	5.8
id-17221	3	2	9	6.5
id-17222	8	3	8	6.1
id-17223	8	11	4	5.2
id-17224	5	6	12	7.0
id-17225	6	4	21	5.3
id-17226	8	14	11	6.0
id-17227	5	9	3	6.8
id-17228	4	3	29	6.4
id-17229	2	4	16	6.9
id-17230	5	3	23	5.9
id-17231	5	7	27	6.6
id-17232	4	2	15	6.8
id-17233	6	3	1	5.5
id-17234	7	5	13	6.5
id-17235	7	14	11	5.0
id-17236	7	5	3	5.1
id-17237	6	9	26	6.7
id-17238	6	10	12	5.4
id-17239	2	4	9	6.4
id-17240	7	14	12	6.4
id-17241	5	5	27	5.3
id-17242	2	2	17	5.8
id-17243	7	9	9	5.8
id-17244	2	2	16	6.7
id-17245	8	13	19	6.5
id-17246	1	2	2	6.3
id-17247	4	6	27	5.9
id-17248	10	10	18	6.8
id-17249	10	12	21	6.9
id-17250	3	5	9	6.1
id-17251	4	5	24	6.2
id-17252	2	3	3	6.2
id-17253	9	15	18	5.5
id-17254	8	8	7	5.2
id-17255	8	2	8	5.2
id-17256	6	7	24	5.4
id-17257	9	12	11	6.7
id-17258	3	2	20	5.2
id-17259	8	12	26	6.2
id-17260	1	2	22	5.4
id-17261	10	4	7	6.8
id-17262	5	2	10	6.4
id-17263	4	2	26	6.6
id-17264	2	2	4	5.9
id-17265	1	2	16	6.0
id-17266	8	2	19	5.2
id-17267	9	7	26	6.5
id-17268	5	5	24	5.7
id-17269	9	10	29	6.9
id-17270	8	7	28	6.5
id-17271	2	3	1	6.8
id-17272	2	4	4	5.5
id-17273	7	5	20	5.2
id-17274	10	2	27	6.3
id-17275	9	15	18	6.7
id-17276	1	2	9	5.7
id-17277	4	8	18	5.2
id-17278	6	12	8	6.1
id-17279	5	9	12	5.4
id-17280	9	15	28	5.9
id-17281	7	7	20	6.5
id-17282	1	2	19	6.5
id-17283	9	11	10	5.2
id-17284	6	2	29	5.1
id-17285	3	5	23	5.8
id-17286	7	7	13	5.3
id-17287	4	6	24	5.8
id-17288	6	11	30	7.0
id-17289	2	2	10	6.0
id-17290	2	3	23	5.0
id-17291	2	2	22	5.6
id-17292	9	14	12	5.2
id-17293	9	3	13	6.4
id-17294	9	9	22	6.9
id-17295	1	2	30	5.6
id-17296	4	5	30	6.5
id-17297	2	2	26	6.5
id-17298	10	16	23	6.5
id-17299	4	7	15	6.9
id-17300	4	4	13	6.0
id-17301	4	8	22	5.7
id-17302	6	11	6	6.3
id-17303	6	12	30	6.1
id-17304	6	6	26	6.9
id-17305	2	4	1	6.3
id-17306	8	9	14	5.8
id-17307	2	4	24	5.4
id-17308	5	10	10	5.9
id-17309	1	2	22	6.3
id-17310	3	2	14	6.9
id-17311	4	8	27	6.0
id-17312	9	2	14	5.4
id-17313	6	11	11	6.0
id-17314	2	3	29	6.4
id-17315	1	2	25	5.4
id-17316	9	12	21	5.2
id-17317	7	13	13	6.9
id-17318	10	15	10	5.6
id-17319	1	2	22	5.6
id-17320	9	9	4	7.0
id-17321	4	3	11	5.4
id-17322	9	4	25	6.6
id-17323	9	4	18	6.2
id-17324	6	12	13	5.0
id-17325	7	2	10	6.9
id-17326	4	4	22	5.5
id-17327	4	2	3	6.1
id-17328	2	2	9	6.0
id-17329	10	12	26	5.6
id-17330	5	6	14	5.9
id-17331	8	12	14	6.3
id-17332	3	3	10	6.1
id-17333	7	11	21	6.9
id-17334	2	2	4	6.6
id-17335	10	9	16	6.5
id-17336	10	6	16	6.2
id-17337	10	2	8	6.1
id-17338	6	4	6	5.3
id-17339	8	8	1	6.0
id-17340	5	2	19	5.9
id-17341	5	9	23	6.4
id-17342	7	7	12	5.8
id-17343	6	2	10	5.4
id-17344	5	5	9	5.9
id-17345	3	4	17	6.2
id-17346	7	2	10	6.3
id-17347	7	10	4	6.4
id-17348	1	2	26	5.5
id-17349	5	4	15	5.5
id-17350	5	4	24	6.0
id-17351	10	2	23	6.3
id-17352	6	6	10	6.2
id-17353	1	2	6	5.1
id-17354	2	4	9	6.3
id-17355	8	5	19	6.5
id-17356	4	5	13	6.7
id-17357	9	3	22	6.4
id-17358	3	6	14	5.9
id-17359	6	7	4	5.0
id-17360	4	5	1	5.6
id-17361	5	2	24	5.0
id-17362	1	2	1	6.2
id-17363	9	13	7	5.3
id-17364	6	9	26	6.5
id-17365	1	2	19	6.7
id-17366	3	5	5	5.2
id-17367	8	3	26	5.2
id-17368	6	7	21	5.8
id-17369	2	3	17	6.0
id-17370	6	6	9	6.9
id-17371	3	3	13	5.8
id-17372	1	2	29	6.2
id-17373	4	7	25	5.6
id-17374	4	2	3	6.1
id-17375	1	2	10	6.1
id-17376	5	9	7	5.7
id-17377	5	10	5	5.2
id-17378	7	12	28	6.3
id-17379	1	2	28	5.3
id-17380	8	13	17	5.6
id-17381	1	2	2	5.3
id-17382	5	3	13	5.8
id-17383	8	3	8	5.3
id-17384	8	16	1	5.4
id-17385	3	4	5	6.3
id-17386	6	2	15	5.7
id-17387	2	4	30	6.3
id-17388	10	4	9	6.7
id-17389	6	8	23	5.7
id-17390	8	14	10	5.4
id-17391	2	3	13	5.7
id-17392	7	9	18	6.1
id-17393	2	4	7	6.9
id-17394	7	2	17	6.2
id-17395	1	2	8	6.6
id-17396	1	2	18	5.8
id-17397	3	5	26	6.0
id-17398	4	2	10	6.3
id-17399	10	9	11	5.1
id-17400	5	10	11	5.5
id-17401	5	5	27	6.9
id-17402	9	14	16	6.2
id-17403	9	15	16	6.8
id-17404	4	5	20	6.6
id-17405	9	17	16	5.7
id-17406	1	2	19	5.3
id-17407	5	10	11	6.5
id-17408	2	3	8	5.9
id-17409	10	3	25	6.2
id-17410	2	4	22	6.8
id-17411	4	3	18	5.1
id-17412	4	3	24	6.5
id-17413	7	11	25	6.4
id-17414	10	2	27	5.3
id-17415	4	7	19	5.3
id-17416	2	3	16	5.6
id-17417	7	11	23	5.3
id-17418	2	3	7	5.2
id-17419	8	3	15	5.4
id-17420	2	2	8	6.4
id-17421	8	10	26	5.3
id-17422	3	6	20	6.3
id-17423	10	12	20	5.5
id-17424	6	11	20	6.3
id-17425	10	17	29	6.6
id-17426	8	6	1	5.9
id-17427	2	3	3	6.1
id-17428	2	4	23	6.0
id-17429	8	6	17	6.3
id-17430	8	13	5	5.6
id-17431	7	10	18	6.5
id-17432	2	2	2	6.0
id-17433	1	2	18	5.5
id-17434	5	6	22	5.7
id-17435	4	8	23	6.3
id-17436	10	16	6	5.2
id-17437	9	5	13	5.5
id-17438	5	9	2	5.3
id-17439	3	2	10	6.2
id-17440	8	5	28	6.4
id-17441	5	8	7	5.0
id-17442	7	5	15	6.6
id-17443	6	6	7	6.2
id-17444	10	12	13	5.2
id-17445	1	2	22	5.7
id-17446	1	2	25	5.3
id-17447	8	4	6	5.1
id-17448	5	9	7	6.4
id-17449	5	9	28	5.8
id-17450	10	11	22	6.4
id-17451	9	9	30	6.7
id-17452	3	2	8	6.9
id-17453	5	9	24	6.1
id-17454	7	9	3	6.0
id-17455	8	14	7	5.2
id-17456	3	3	16	5.5
id-17457	9	11	3	6.3
id-17458	8	6	29	6.3
id-17459	3	4	19	5.8
id-17460	4	4	7	6.9
id-17461	10	18	2	6.2
id-17462	8	2	25	6.9
id-17463	1	2	13	5.5
id-17464	9	8	13	6.3
id-17465	8	11	3	6.9
id-17466	8	12	16	6.8
id-17467	7	6	8	6.1
id-17468	3	6	17	6.7
id-17469	7	3	2	6.9
id-17470	5	9	21	5.6
id-17471	3	2	11	5.9
id-17472	8	7	22	6.4
id-17473	8	4	20	5.7
id-17474	2	3	15	5.5
id-17475	9	11	7	5.8
id-17476	4	7	30	6.8
id-17477	2	2	5	5.8
id-17478	2	2	15	6.5
id-17479	4	2	19	5.7
id-17480	5	7	10	6.3
id-17481	4	4	26	5.8
id-17482	6	2	1	6.1
id-17483	9	16	20	5.5
id-17484	3	4	11	6.2
id-17485	10	15	9	5.0
id-17486	7	5	30	6.1
id-17487	2	2	7	6.1
id-17488	5	5	20	6.4
id-17489	3	3	26	5.9
id-17490	2	4	7	5.6
id-17491	6	9	23	5.7
id-17492	3	5	13	5.5
id-17493	3	3	25	6.2
id-17494	3	4	24	6.1
id-17495	9	14	18	6.8
id-17496	4	8	28	6.1
id-17497	8	15	7	6.5
id-17498	6	8	11	6.0
id-17499	6	2	24	5.6
id-17500	1	2	18	6.2
id-17501	10	18	23	6.1
id-17502	5	7	1	5.3
id-17503	6	11	25	5.1
id-17504	4	8	12	6.1
id-17505	2	3	15	5.5
id-17506	8	14	24	6.3
id-17507	2	3	21	5.7
id-17508	9	5	29	6.0
id-17509	6	11	17	6.6
id-17510	5	9	10	5.5
id-17511	6	10	29	5.1
id-17512	7	12	16	6.3
id-17513	10	5	18	5.1
id-17514	6	9	28	5.4
id-17515	10	6	29	6.2
id-17516	8	7	19	6.7
id-17517	8	9	25	6.0
id-17518	6	5	14	5.2
id-17519	2	4	29	6.7
id-17520	7	11	5	5.4
id-17521	4	5	18	6.5
id-17522	3	3	1	5.4
id-17523	8	5	27	5.1
id-17524	1	2	15	5.2
id-17525	10	18	29	5.6
id-17526	7	13	21	6.3
id-17527	1	2	2	6.5
id-17528	4	4	12	5.7
id-17529	1	2	10	5.6
id-17530	9	17	24	5.0
id-17531	7	2	10	6.6
id-17532	8	6	9	6.9
id-17533	5	6	20	5.6
id-17534	6	11	20	6.8
id-17535	10	17	20	5.3
id-17536	9	17	24	5.2
id-17537	7	4	15	5.2
id-17538	4	2	26	6.1
id-17539	3	5	21	6.6
id-17540	7	10	13	6.6
id-17541	2	2	26	5.2
id-17542	2	3	19	5.2
id-17543	2	2	26	6.4
id-17544	10	10	6	5.5
id-17545	3	2	15	6.6
id-17546	8	6	7	5.2
id-17547	8	15	20	6.1
id-17548	9	11	16	5.5
id-17549	8	6	21	5.4
id-17550	4	6	7	6.9
id-17551	5	3	2	6.4
id-17552	3	4	8	6.5
id-17553	7	10	15	5.1
id-17554	10	16	12	5.8
id-17555	1	2	1	5.6
id-17556	4	6	18	6.4
id-17557	6	5	15	5.9
id-17558	5	8	6	6.3
id-17559	3	5	23	6.9
id-17560	6	10	5	6.6
id-17561	4	7	15	6.4
id-17562	4	6	19	5.7
id-17563	5	3	22	5.7
id-17564	3	2	12	5.2
id-17565	5	2	1	6.2
id-17566	1	2	5	5.5
id-17567	1	2	23	5.1
id-17568	9	16	21	6.4
id-17569	8	9	18	5.2
id-17570	1	2	30	5.7
id-17571	6	2	24	5.4
id-17572	5	9	25	5.6
id-17573	1	2	21	6.8
id-17574	5	3	1	6.7
id-17575	6	8	11	5.6
id-17576	3	2	30	6.0
id-17577	2	4	3	6.7
id-17578	7	14	2	6.5
id-17579	4	5	3	6.4
id-17580	9	3	4	6.1
id-17581	5	2	28	6.2
id-17582	5	4	2	5.5
id-17583	8	3	5	6.8
id-17584	5	9	26	5.2
id-17585	4	8	7	6.7
id-17586	2	2	17	6.1
id-17587	2	2	3	5.4
id-17588	9	15	14	5.9
id-17589	5	4	19	5.7
id-17590	1	2	24	5.7
id-17591	5	9	29	6.1
id-17592	2	4	2	6.7
id-17593	5	10	26	6.9
id-17594	4	8	11	6.5
id-17595	3	3	12	6.3
id-17596	7	9	23	5.0
id-17597	9	10	24	5.9
id-17598	7	14	24	6.1
id-17599	10	8	5	5.3
id-17600	8	15	7	6.7
id-17601	8	2	7	6.3
id-17602	7	7	5	6.5
id-17603	3	5	21	6.2
id-17604	4	5	17	5.1
id-17605	4	2	12	5.7
id-17606	2	3	5	6.1
id-17607	2	4	28	5.1
id-17608	9	12	26	6.2
id-17609	7	9	2	5.8
id-17610	4	4	20	5.3
id-17611	1	2	24	5.1
id-17612	6	8	6	5.2
id-17613	4	5	7	6.8
id-17614	10	2	21	5.3
id-17615	7	11	14	6.8
id-17616	3	2	3	6.0
id-17617	10	17	25	5.5
id-17618	1	2	19	5.1
id-17619	9	3	8	7.0
id-17620	3	3	30	6.2
id-17621	2	3	29	6.2
id-17622	3	2	11	5.5
id-17623	10	11	17	5.3
id-17624	10	9	7	5.1
id-17625	4	8	14	6.3
id-17626	7	10	18	6.6
id-17627	7	12	18	5.9
id-17628	9	14	12	5.4
id-17629	9	8	3	6.5
id-17630	10	15	13	5.6
id-17631	3	4	4	5.5
id-17632	8	9	12	5.9
id-17633	4	8	5	5.3
id-17634	8	3	1	6.9
id-17635	10	13	13	5.3
id-17636	7	4	2	5.1
id-17637	8	3	25	6.9
id-17638	2	2	14	6.3
id-17639	5	4	1	6.0
id-17640	9	17	11	6.5
id-17641	9	15	1	5.4
id-17642	3	4	5	5.8
id-17643	9	3	12	5.3
id-17644	6	8	1	5.9
id-17645	10	8	6	6.8
id-17646	3	6	15	6.1
id-17647	2	2	1	6.0
id-17648	9	8	4	5.8
id-17649	10	3	17	5.2
id-17650	9	7	15	5.8
id-17651	2	4	29	6.3
id-17652	1	2	10	6.3
id-17653	9	2	15	6.5
id-17654	4	4	28	5.6
id-17655	2	4	20	6.4
id-17656	2	4	21	5.4
id-17657	5	8	13	6.4
id-17658	8	13	5	5.0
id-17659	6	3	4	5.1
id-17660	2	2	7	5.7
id-17661	1	2	10	5.2
id-17662	1	2	15	5.2
id-17663	10	4	23	6.2
id-17664	2	4	16	5.2
id-17665	4	4	19	6.7
id-17666	8	2	27	6.5
id-17667	1	2	14	5.9
id-17668	3	5	6	5.2
id-17669	1	2	1	5.9
id-17670	2	2	4	6.7
id-17671	1	2	15	5.1
id-17672	9	10	14	5.3
id-17673	5	7	22	5.5
id-17674	4	7	28	6.2
id-17675	3	5	11	5.3
id-17676	8	14	24	5.8
id-17677	4	2	17	5.3
id-17678	1	2	18	6.9
id-17679	4	8	28	5.4
id-17680	2	4	30	5.1
id-17681	10	14	23	6.7
id-17682	1	2	28	5.5
id-17683	2	3	2	5.5
id-17684	4	6	27	7.0
id-17685	2	3	16	6.6
id-17686	1	2	16	6.1
id-17687	7	10	24	5.8
id-17688	9	3	25	6.5
id-17689	4	8	12	6.4
id-17690	3	2	4	5.7
id-17691	9	13	10	6.5
id-17692	1	2	2	6.3
id-17693	6	11	6	5.5
id-17694	6	4	17	6.2
id-17695	3	4	18	5.7
id-17696	9	17	5	5.4
id-17697	3	6	26	5.2
id-17698	7	12	4	6.0
id-17699	6	7	4	5.8
id-17700	8	15	11	6.7
id-17701	8	16	12	7.0
id-17702	9	16	28	5.4
id-17703	9	18	7	5.0
id-17704	3	2	27	5.7
id-17705	6	11	13	6.7
id-17706	1	2	4	6.2
id-17707	8	15	18	5.4
id-17708	3	5	25	5.8
id-17709	10	10	9	5.9
id-17710	7	12	3	6.0
id-17711	7	5	15	5.9
id-17712	2	3	4	5.3
id-17713	3	5	3	6.8
id-17714	10	18	3	5.7
id-17715	1	2	14	5.2
id-17716	6	12	2	7.0
id-17717	5	8	20	6.2
id-17718	2	2	6	6.1
id-17719	7	2	11	6.5
id-17720	3	3	13	6.3
id-17721	5	8	7	7.0
id-17722	4	8	15	7.0
id-17723	8	11	14	6.0
id-17724	2	2	24	5.4
id-17725	3	2	14	5.6
id-17726	1	2	22	5.4
id-17727	3	4	1	6.1
id-17728	7	5	17	5.4
id-17729	1	2	26	5.4
id-17730	4	4	10	6.2
id-17731	5	3	4	5.9
id-17732	4	8	19	6.9
id-17733	6	9	13	5.8
id-17734	7	12	26	5.1
id-17735	4	4	30	6.0
id-17736	7	11	18	6.1
id-17737	7	6	30	5.4
id-17738	9	18	30	6.0
id-17739	7	4	19	6.4
id-17740	1	2	6	5.5
id-17741	1	2	29	5.0
id-17742	8	12	14	5.3
id-17743	4	7	16	5.7
id-17744	3	6	8	6.7
id-17745	5	7	11	6.1
id-17746	3	3	27	5.5
id-17747	10	12	19	6.0
id-17748	6	3	21	6.9
id-17749	6	5	26	5.9
id-17750	9	15	25	5.0
id-17751	1	2	5	5.5
id-17752	8	14	22	6.9
id-17753	1	2	19	5.4
id-17754	5	3	7	5.0
id-17755	8	2	2	5.5
id-17756	3	5	17	6.4
id-17757	9	15	24	6.1
id-17758	7	11	20	6.4
id-17759	5	6	7	5.3
id-17760	1	2	6	6.5
id-17761	8	2	18	5.4
id-17762	2	2	4	5.3
id-17763	4	3	8	6.5
id-17764	6	7	18	6.2
id-17765	4	4	14	5.0
id-17766	8	10	5	6.3
id-17767	9	11	4	6.2
id-17768	3	2	11	5.5
id-17769	8	15	28	5.5
id-17770	5	8	14	6.7
id-17771	6	12	11	5.7
id-17772	5	10	4	5.9
id-17773	2	3	5	5.1
id-17774	9	10	7	6.7
id-17775	9	17	13	5.8
id-17776	5	9	28	6.2
id-17777	2	2	18	6.8
id-17778	10	15	2	6.6
id-17779	8	13	18	6.9
id-17780	10	11	17	5.8
id-17781	10	13	13	6.8
id-17782	2	4	5	6.6
id-17783	2	3	18	5.3
id-17784	7	7	30	5.9
id-17785	3	6	2	6.3
id-17786	4	8	29	5.7
id-17787	3	3	10	5.7
id-17788	3	2	28	6.5
id-17789	6	7	14	5.6
id-17790	2	2	19	6.2
id-17791	3	3	11	6.6
id-17792	2	3	24	6.3
id-17793	4	8	1	6.3
id-17794	8	15	20	5.2
id-17795	7	7	16	5.8
id-17796	1	2	19	5.7
id-17797	2	2	26	6.8
id-17798	7	5	21	6.6
id-17799	10	5	12	5.8
id-17800	10	9	24	5.0
id-17801	2	2	12	6.2
id-17802	1	2	18	5.2
id-17803	7	11	3	6.6
id-17804	10	8	4	5.7
id-17805	4	6	14	5.9
id-17806	9	6	21	5.1
id-17807	7	10	28	5.6
id-17808	10	14	5	5.9
id-17809	5	2	2	6.5
id-17810	4	3	5	5.9
id-17811	1	2	6	5.0
id-17812	9	6	7	6.0
id-17813	8	10	14	6.3
id-17814	9	17	9	5.1
id-17815	8	2	27	6.8
id-17816	1	2	5	6.0
id-17817	8	13	1	6.9
id-17818	4	4	4	5.9
id-17819	3	5	27	5.4
id-17820	1	2	20	5.7
id-17821	8	8	9	6.5
id-17822	10	9	4	6.3
id-17823	6	5	6	6.0
id-17824	6	9	5	5.8
id-17825	10	12	22	5.3
id-17826	9	6	17	5.2
id-17827	2	4	29	6.0
id-17828	6	3	20	6.8
id-17829	4	8	9	6.1
id-17830	7	10	4	5.4
id-17831	8	10	17	5.1
id-17832	3	3	17	6.4
id-17833	9	11	16	5.8
id-17834	6	11	17	5.1
id-17835	9	14	28	6.3
id-17836	6	10	17	6.3
id-17837	4	7	4	5.6
id-17838	7	14	6	6.6
id-17839	2	3	17	6.8
id-17840	7	3	9	6.8
id-17841	3	6	22	5.1
id-17842	4	6	19	5.9
id-17843	7	6	16	5.3
id-17844	8	14	12	5.8
id-17845	5	5	10	5.5
id-17846	8	2	17	6.7
id-17847	4	4	16	5.6
id-17848	9	18	30	6.1
id-17849	10	18	24	6.6
id-17850	5	6	3	6.5
id-17851	7	8	22	6.3
id-17852	8	6	6	5.6
id-17853	2	3	22	5.7
id-17854	2	4	21	6.7
id-17855	10	3	13	6.4
id-17856	5	4	24	6.2
id-17857	4	2	21	5.1
id-17858	10	8	21	5.3
id-17859	6	10	1	5.5
id-17860	4	7	5	5.1
id-17861	9	9	16	5.9
id-17862	2	2	29	6.0
id-17863	7	7	7	6.5
id-17864	5	8	6	5.3
id-17865	3	5	23	6.2
id-17866	6	5	18	6.2
id-17867	3	4	11	5.4
id-17868	7	14	1	5.4
id-17869	4	2	15	7.0
id-17870	9	8	29	5.3
id-17871	5	8	8	5.0
id-17872	2	2	3	5.6
id-17873	8	5	19	5.6
id-17874	10	7	5	6.9
id-17875	4	4	4	6.5
id-17876	9	6	14	6.1
id-17877	8	10	9	5.5
id-17878	3	4	28	6.5
id-17879	1	2	24	5.8
id-17880	8	12	23	6.9
id-17881	7	11	9	6.3
id-17882	1	2	30	5.8
id-17883	10	2	21	5.2
id-17884	2	4	2	5.4
id-17885	5	7	1	5.3
id-17886	2	2	8	5.0
id-17887	5	7	17	6.5
id-17888	7	3	18	5.9
id-17889	9	12	15	5.2
id-17890	1	2	21	6.1
id-17891	1	2	17	6.4
id-17892	6	7	28	6.7
id-17893	7	8	17	6.0
id-17894	7	11	4	5.6
id-17895	8	5	7	5.6
id-17896	1	2	17	5.3
id-17897	9	10	7	5.8
id-17898	6	2	11	6.1
id-17899	6	7	6	6.5
id-17900	8	5	7	6.4
id-17901	5	10	4	6.5
id-17902	5	2	17	5.9
id-17903	7	11	9	6.0
id-17904	2	2	27	6.8
id-17905	10	18	9	5.7
id-17906	1	2	28	5.0
id-17907	3	2	11	5.4
id-17908	4	3	15	6.6
id-17909	6	11	19	6.7
id-17910	8	4	17	6.8
id-17911	10	2	13	5.2
id-17912	6	9	10	5.3
id-17913	8	6	6	6.2
id-17914	3	3	11	6.5
id-17915	7	4	20	5.6
id-17916	10	19	23	5.0
id-17917	1	2	29	6.8
id-17918	9	7	22	5.2
id-17919	5	7	23	6.7
id-17920	7	13	22	6.4
id-17921	6	12	13	5.9
id-17922	2	3	6	6.6
id-17923	10	5	11	6.0
id-17924	4	5	5	5.3
id-17925	9	6	6	5.1
id-17926	2	2	3	5.0
id-17927	1	2	10	5.0
id-17928	6	3	5	6.3
id-17929	5	2	23	5.0
id-17930	1	2	11	6.8
id-17931	4	3	25	5.6
id-17932	5	10	21	6.5
id-17933	7	12	16	6.1
id-17934	2	3	20	5.2
id-17935	4	8	25	5.4
id-17936	4	2	4	6.9
id-17937	2	2	2	5.7
id-17938	8	4	13	5.3
id-17939	9	2	30	5.6
id-17940	4	6	4	6.8
id-17941	7	12	17	7.0
id-17942	4	5	24	5.8
id-17943	3	4	13	6.6
id-17944	1	2	20	5.2
id-17945	10	17	15	5.8
id-17946	5	9	17	6.2
id-17947	7	10	8	6.5
id-17948	4	4	25	5.8
id-17949	5	3	29	5.5
id-17950	9	2	13	5.3
id-17951	10	2	6	6.5
id-17952	7	9	30	6.1
id-17953	1	2	25	5.9
id-17954	4	4	30	6.5
id-17955	9	4	1	5.4
id-17956	8	4	13	5.2
id-17957	6	10	22	6.0
id-17958	8	10	5	6.7
id-17959	7	3	8	6.7
id-17960	8	7	22	6.2
id-17961	5	10	16	6.4
id-17962	7	9	8	6.7
id-17963	10	10	9	7.0
id-17964	2	2	3	6.6
id-17965	9	15	30	5.1
id-17966	3	3	27	6.4
id-17967	1	2	24	5.8
id-17968	5	4	24	6.5
id-17969	6	12	2	6.8
id-17970	4	8	6	5.8
id-17971	4	2	3	5.6
id-17972	1	2	7	5.3
id-17973	10	4	1	5.4
id-17974	3	3	21	6.1
id-17975	2	3	10	6.5
id-17976	9	9	2	5.4
id-17977	3	4	25	5.6
id-17978	6	8	21	5.5
id-17979	9	5	1	6.0
id-17980	8	6	12	5.6
id-17981	2	3	6	6.7
id-17982	9	5	29	6.1
id-17983	5	10	15	6.3
id-17984	7	3	6	5.9
id-17985	9	18	6	6.4
id-17986	3	3	3	5.5
id-17987	6	2	23	5.9
id-17988	8	10	14	5.3
id-17989	6	4	4	5.5
id-17990	9	14	9	5.9
id-17991	10	8	28	5.0
id-17992	2	4	12	5.9
id-17993	8	6	21	5.9
id-17994	2	4	26	6.6
id-17995	2	3	19	5.9
id-17996	8	8	22	5.4
id-17997	9	7	21	5.4
id-17998	7	5	21	5.9
id-17999	6	10	11	5.1
id-18000	8	6	19	6.6
id-18001	9	18	29	5.4
id-18002	5	4	20	6.1
id-18003	7	5	29	6.0
id-18004	4	3	2	5.2
id-18005	9	17	1	5.3
id-18006	7	6	8	6.7
id-18007	5	7	28	5.6
id-18008	10	16	1	6.5
id-18009	10	7	3	6.2
id-18010	2	3	9	5.2
id-18011	2	2	16	6.4
id-18012	4	2	2	5.5
id-18013	9	12	14	5.9
id-18014	5	9	5	5.4
id-18015	2	2	14	5.9
id-18016	4	8	13	5.9
id-18017	5	4	18	6.4
id-18018	7	8	15	5.1
id-18019	6	12	6	6.4
id-18020	8	2	26	5.7
id-18021	3	6	22	7.0
id-18022	4	8	8	6.4
id-18023	1	2	23	5.5
id-18024	9	6	18	6.5
id-18025	1	2	14	5.0
id-18026	6	6	19	6.7
id-18027	5	6	16	5.1
id-18028	10	12	22	6.9
id-18029	2	2	16	6.0
id-18030	7	2	8	6.7
id-18031	10	18	15	5.5
id-18032	5	5	4	5.5
id-18033	4	4	29	6.8
id-18034	7	11	26	6.5
id-18035	10	3	18	6.9
id-18036	9	15	1	5.2
id-18037	10	7	1	6.8
id-18038	4	7	25	6.7
id-18039	1	2	16	6.5
id-18040	7	5	16	5.2
id-18041	8	11	8	6.9
id-18042	4	6	2	6.6
id-18043	4	2	13	5.9
id-18044	4	7	14	5.8
id-18045	5	6	11	6.4
id-18046	7	12	10	5.6
id-18047	7	9	12	5.0
id-18048	10	12	16	5.4
id-18049	1	2	7	5.2
id-18050	8	16	16	5.0
id-18051	9	15	16	5.5
id-18052	5	4	5	5.6
id-18053	7	10	18	5.1
id-18054	10	15	29	7.0
id-18055	4	4	1	5.0
id-18056	8	16	11	5.5
id-18057	10	10	11	5.3
id-18058	3	2	25	6.0
id-18059	3	2	24	7.0
id-18060	10	4	8	6.3
id-18061	7	5	26	6.5
id-18062	7	7	20	5.9
id-18063	5	3	6	5.9
id-18064	9	11	26	6.7
id-18065	3	6	30	6.3
id-18066	10	17	24	6.8
id-18067	4	6	12	5.7
id-18068	1	2	4	7.0
id-18069	3	2	12	5.3
id-18070	7	3	17	5.5
id-18071	10	14	26	6.1
id-18072	6	3	21	5.5
id-18073	3	4	6	6.3
id-18074	8	15	24	5.9
id-18075	10	10	22	6.8
id-18076	2	3	23	5.0
id-18077	4	2	2	5.6
id-18078	4	8	9	5.7
id-18079	9	9	18	6.8
id-18080	3	3	3	6.6
id-18081	1	2	13	5.1
id-18082	3	4	16	6.1
id-18083	4	7	15	5.9
id-18084	9	5	17	5.6
id-18085	1	2	15	5.1
id-18086	1	2	17	5.6
id-18087	9	16	16	5.6
id-18088	9	7	15	6.0
id-18089	5	7	16	6.5
id-18090	10	4	8	5.3
id-18091	10	17	14	5.2
id-18092	3	2	12	5.5
id-18093	4	7	5	5.3
id-18094	9	14	13	6.9
id-18095	2	3	10	6.0
id-18096	5	7	16	6.3
id-18097	4	6	17	6.2
id-18098	4	3	19	5.0
id-18099	6	6	25	5.4
id-18100	7	14	10	6.1
id-18101	9	7	1	5.8
id-18102	10	11	27	5.8
id-18103	9	15	7	6.8
id-18104	7	2	20	5.5
id-18105	7	11	4	6.1
id-18106	6	12	29	6.7
id-18107	1	2	12	5.3
id-18108	10	18	21	6.5
id-18109	3	4	15	6.2
id-18110	1	2	8	6.0
id-18111	6	11	26	5.5
id-18112	9	2	4	6.5
id-18113	5	3	19	6.6
id-18114	6	9	11	5.0
id-18115	4	6	30	6.9
id-18116	2	3	13	5.6
id-18117	2	3	15	5.1
id-18118	10	6	27	6.2
id-18119	1	2	30	5.1
id-18120	3	5	21	5.5
id-18121	1	2	15	6.7
id-18122	2	3	30	7.0
id-18123	2	2	22	6.9
id-18124	9	12	26	5.1
id-18125	1	2	29	6.9
id-18126	10	9	5	6.9
id-18127	10	19	2	6.9
id-18128	3	4	30	5.7
id-18129	8	13	11	5.3
id-18130	4	3	19	5.4
id-18131	9	14	12	6.0
id-18132	9	14	10	6.5
id-18133	5	6	20	6.6
id-18134	10	8	1	5.1
id-18135	9	13	19	6.4
id-18136	1	2	16	5.9
id-18137	6	7	13	6.2
id-18138	6	11	1	5.6
id-18139	9	5	4	5.6
id-18140	6	5	12	5.4
id-18141	8	4	6	5.5
id-18142	5	6	15	5.7
id-18143	7	7	25	6.9
id-18144	1	2	2	5.5
id-18145	6	12	4	7.0
id-18146	6	7	7	6.8
id-18147	4	2	20	5.2
id-18148	6	2	16	6.0
id-18149	9	17	13	7.0
id-18150	7	11	18	6.1
id-18151	8	4	1	6.3
id-18152	4	3	26	5.6
id-18153	5	10	3	5.4
id-18154	5	10	11	5.3
id-18155	10	14	2	6.2
id-18156	1	2	9	6.1
id-18157	3	3	6	5.8
id-18158	5	7	21	7.0
id-18159	6	9	7	5.2
id-18160	10	2	28	6.7
id-18161	5	7	23	6.1
id-18162	10	10	30	5.4
id-18163	1	2	30	5.0
id-18164	2	3	16	5.5
id-18165	6	2	19	6.2
id-18166	1	2	5	5.8
id-18167	9	15	6	6.0
id-18168	1	2	10	5.7
id-18169	4	3	15	5.5
id-18170	5	5	6	6.3
id-18171	7	2	23	6.7
id-18172	8	11	15	5.5
id-18173	10	5	7	7.0
id-18174	7	2	3	5.6
id-18175	7	10	2	5.9
id-18176	9	13	27	6.7
id-18177	2	2	4	5.6
id-18178	2	2	17	6.6
id-18179	10	19	4	6.0
id-18180	1	2	21	5.3
id-18181	3	5	22	6.9
id-18182	4	8	12	5.1
id-18183	1	2	27	5.8
id-18184	10	3	14	5.9
id-18185	8	12	2	5.3
id-18186	2	4	9	5.7
id-18187	4	7	25	6.0
id-18188	10	14	18	5.3
id-18189	6	4	5	5.2
id-18190	6	9	25	5.3
id-18191	6	9	16	5.3
id-18192	4	2	29	5.8
id-18193	7	7	20	7.0
id-18194	5	3	1	6.8
id-18195	1	2	14	5.1
id-18196	10	9	4	5.0
id-18197	1	2	8	6.6
id-18198	4	8	17	6.8
id-18199	1	2	16	5.5
id-18200	2	3	16	6.5
id-18201	3	4	17	5.1
id-18202	1	2	22	6.5
id-18203	1	2	28	6.0
id-18204	8	15	28	5.4
id-18205	7	2	19	6.6
id-18206	8	8	26	6.9
id-18207	7	13	19	6.7
id-18208	1	2	27	5.4
id-18209	4	5	4	6.1
id-18210	3	5	1	5.8
id-18211	10	13	28	5.6
id-18212	6	6	8	5.1
id-18213	6	9	19	5.1
id-18214	6	12	20	7.0
id-18215	8	4	8	6.6
id-18216	5	9	11	5.9
id-18217	3	6	7	5.3
id-18218	9	4	23	6.5
id-18219	9	17	10	5.1
id-18220	10	7	19	5.1
id-18221	2	3	7	6.0
id-18222	8	7	8	5.7
id-18223	10	9	28	6.5
id-18224	4	5	4	5.8
id-18225	4	2	21	6.7
id-18226	7	7	3	5.0
id-18227	5	7	20	5.2
id-18228	10	18	26	6.6
id-18229	5	9	2	6.3
id-18230	4	6	12	6.1
id-18231	9	7	15	6.7
id-18232	1	2	9	6.9
id-18233	8	13	17	5.0
id-18234	5	10	9	6.9
id-18235	8	4	25	6.5
id-18236	3	3	18	5.8
id-18237	10	19	22	5.9
id-18238	9	12	1	5.9
id-18239	8	14	27	5.8
id-18240	1	2	19	5.6
id-18241	10	16	21	5.6
id-18242	9	11	20	5.8
id-18243	1	2	9	6.4
id-18244	9	6	14	6.4
id-18245	6	8	9	6.1
id-18246	9	16	11	5.3
id-18247	7	12	18	6.7
id-18248	6	6	28	5.9
id-18249	8	4	7	6.3
id-18250	7	13	1	6.8
id-18251	9	9	22	6.7
id-18252	8	16	22	6.3
id-18253	6	12	30	5.7
id-18254	8	10	11	5.9
id-18255	1	2	25	5.8
id-18256	10	5	12	6.4
id-18257	7	14	30	6.3
id-18258	1	2	11	6.4
id-18259	2	4	5	6.0
id-18260	4	8	20	5.5
id-18261	8	13	27	6.2
id-18262	3	4	1	6.1
id-18263	6	7	11	5.0
id-18264	9	11	25	5.5
id-18265	3	6	6	6.8
id-18266	6	12	29	6.9
id-18267	10	12	23	5.2
id-18268	3	4	5	6.6
id-18269	9	17	9	5.3
id-18270	5	9	25	5.2
id-18271	8	12	7	5.4
id-18272	8	8	4	5.3
id-18273	6	10	17	6.2
id-18274	2	4	23	6.9
id-18275	5	4	19	5.7
id-18276	3	2	23	5.1
id-18277	10	3	13	5.6
id-18278	8	11	28	5.4
id-18279	9	9	7	5.6
id-18280	3	2	26	5.7
id-18281	5	5	29	6.9
id-18282	1	2	2	5.7
id-18283	8	12	16	6.1
id-18284	8	14	4	6.9
id-18285	9	9	4	6.2
id-18286	6	4	6	6.4
id-18287	1	2	22	6.1
id-18288	7	11	6	5.3
id-18289	1	2	13	5.0
id-18290	4	6	21	5.3
id-18291	1	2	8	6.1
id-18292	9	3	7	6.7
id-18293	10	10	11	5.1
id-18294	5	8	6	5.9
id-18295	7	2	30	5.3
id-18296	4	2	9	5.3
id-18297	1	2	7	5.6
id-18298	3	2	3	5.7
id-18299	10	8	26	6.3
id-18300	10	18	26	5.7
id-18301	2	3	11	5.3
id-18302	1	2	16	6.9
id-18303	1	2	15	6.7
id-18304	3	4	2	5.1
id-18305	8	3	11	5.5
id-18306	6	3	22	5.6
id-18307	5	6	11	5.1
id-18308	10	7	15	5.5
id-18309	1	2	4	5.9
id-18310	2	4	10	6.7
id-18311	6	12	4	5.8
id-18312	10	4	25	5.8
id-18313	7	12	11	5.0
id-18314	2	4	11	5.3
id-18315	7	11	9	5.7
id-18316	7	3	4	5.1
id-18317	10	19	12	6.0
id-18318	10	10	14	6.5
id-18319	2	2	24	6.8
id-18320	9	8	4	6.6
id-18321	6	2	29	6.5
id-18322	1	2	11	5.7
id-18323	4	3	12	5.8
id-18324	8	7	29	5.4
id-18325	10	15	10	5.8
id-18326	10	2	23	5.6
id-18327	9	13	1	6.9
id-18328	8	5	15	5.7
id-18329	6	6	8	6.7
id-18330	1	2	16	6.7
id-18331	4	7	15	6.3
id-18332	7	7	16	5.9
id-18333	8	3	3	5.6
id-18334	9	10	16	6.8
id-18335	3	5	2	7.0
id-18336	9	8	10	6.5
id-18337	10	8	9	6.1
id-18338	3	2	1	5.2
id-18339	6	11	3	5.4
id-18340	2	3	21	6.2
id-18341	3	4	11	6.7
id-18342	6	3	4	5.3
id-18343	6	3	4	5.4
id-18344	3	4	23	6.5
id-18345	3	6	29	5.3
id-18346	10	5	26	5.1
id-18347	1	2	10	5.7
id-18348	1	2	14	5.6
id-18349	4	5	29	6.1
id-18350	2	4	13	7.0
id-18351	5	6	30	5.5
id-18352	7	10	10	6.7
id-18353	6	7	16	6.0
id-18354	4	3	1	6.4
id-18355	7	2	11	5.4
id-18356	7	2	29	6.2
id-18357	3	2	4	6.2
id-18358	5	2	4	5.8
id-18359	9	9	21	5.4
id-18360	7	11	28	6.1
id-18361	3	5	23	5.2
id-18362	9	14	20	5.5
id-18363	10	18	30	6.6
id-18364	3	3	27	5.1
id-18365	6	2	5	6.4
id-18366	4	2	15	5.8
id-18367	1	2	16	5.6
id-18368	4	7	25	6.3
id-18369	2	2	20	6.9
id-18370	4	7	13	6.5
id-18371	5	3	28	6.2
id-18372	9	6	12	5.5
id-18373	9	5	5	6.7
id-18374	10	6	25	6.9
id-18375	10	15	30	6.2
id-18376	6	8	27	6.8
id-18377	10	16	11	5.7
id-18378	9	4	1	6.8
id-18379	6	2	20	6.9
id-18380	3	5	2	6.3
id-18381	5	7	30	5.2
id-18382	2	3	13	6.3
id-18383	4	4	11	6.4
id-18384	6	7	19	5.8
id-18385	3	3	18	7.0
id-18386	7	8	30	5.2
id-18387	10	17	6	6.7
id-18388	10	4	12	6.3
id-18389	9	15	20	5.5
id-18390	1	2	12	6.4
id-18391	4	3	24	5.5
id-18392	5	9	1	6.8
id-18393	8	16	23	5.1
id-18394	8	10	18	6.2
id-18395	5	5	21	6.7
id-18396	1	2	17	5.4
id-18397	9	6	27	6.1
id-18398	10	8	28	6.9
id-18399	10	18	5	5.1
id-18400	4	2	4	6.3
id-18401	6	7	1	5.1
id-18402	4	8	13	5.5
id-18403	1	2	15	6.7
id-18404	1	2	2	5.4
id-18405	10	9	10	6.5
id-18406	4	6	24	5.6
id-18407	2	4	13	6.9
id-18408	1	2	29	6.8
id-18409	8	10	10	5.0
id-18410	3	5	4	6.5
id-18411	10	4	5	5.7
id-18412	1	2	2	6.4
id-18413	1	2	6	6.7
id-18414	4	6	19	5.5
id-18415	3	5	30	6.7
id-18416	9	8	3	6.2
id-18417	10	10	1	6.5
id-18418	2	2	12	5.9
id-18419	6	10	10	6.6
id-18420	8	3	13	6.2
id-18421	10	16	21	5.9
id-18422	5	2	5	6.1
id-18423	7	3	3	5.3
id-18424	9	6	15	6.3
id-18425	2	2	29	5.2
id-18426	3	2	22	6.3
id-18427	3	4	6	6.3
id-18428	9	2	28	6.9
id-18429	5	5	22	6.7
id-18430	8	5	12	6.1
id-18431	9	14	16	5.4
id-18432	3	3	20	5.5
id-18433	4	2	28	5.6
id-18434	4	8	6	6.1
id-18435	3	6	4	5.6
id-18436	2	3	30	5.2
id-18437	10	20	7	5.0
id-18438	3	3	18	5.9
id-18439	5	3	2	5.4
id-18440	3	6	30	6.0
id-18441	2	4	22	5.2
id-18442	7	13	10	6.6
id-18443	5	7	29	6.2
id-18444	2	3	25	6.6
id-18445	1	2	10	5.5
id-18446	7	13	17	6.9
id-18447	7	10	30	6.7
id-18448	3	6	20	6.4
id-18449	1	2	9	6.5
id-18450	8	14	11	5.4
id-18451	10	9	17	6.8
id-18452	3	5	11	6.4
id-18453	6	6	12	5.8
id-18454	6	5	20	5.9
id-18455	5	3	16	5.9
id-18456	6	12	6	5.6
id-18457	5	2	11	6.4
id-18458	1	2	21	5.1
id-18459	9	7	24	6.9
id-18460	5	6	20	5.1
id-18461	4	8	29	6.4
id-18462	7	10	27	5.7
id-18463	6	9	28	6.2
id-18464	5	10	15	6.3
id-18465	9	8	3	5.1
id-18466	3	2	21	5.3
id-18467	5	10	25	6.3
id-18468	7	8	1	5.2
id-18469	6	6	15	6.9
id-18470	9	2	29	5.6
id-18471	8	12	4	5.9
id-18472	6	12	21	5.2
id-18473	7	8	1	5.6
id-18474	9	7	1	6.6
id-18475	10	3	19	6.7
id-18476	3	3	25	6.5
id-18477	7	10	15	5.2
id-18478	3	5	30	5.4
id-18479	10	16	26	5.7
id-18480	7	2	15	5.7
id-18481	6	7	26	5.0
id-18482	8	13	4	6.3
id-18483	6	8	14	5.4
id-18484	5	10	29	6.2
id-18485	2	4	20	6.9
id-18486	4	5	3	5.7
id-18487	7	3	29	5.0
id-18488	2	4	29	5.1
id-18489	3	3	10	6.8
id-18490	6	4	29	5.8
id-18491	1	2	18	5.3
id-18492	8	11	6	6.9
id-18493	10	16	6	5.5
id-18494	3	3	15	5.7
id-18495	3	2	30	6.1
id-18496	1	2	22	5.6
id-18497	5	8	26	6.0
id-18498	7	13	1	5.9
id-18499	10	9	27	5.4
id-18500	5	9	7	6.3
id-18501	4	3	8	6.5
id-18502	4	7	20	6.4
id-18503	9	16	27	5.0
id-18504	7	13	19	5.8
id-18505	4	8	29	5.5
id-18506	4	8	30	6.5
id-18507	4	2	14	5.8
id-18508	5	3	12	5.2
id-18509	9	10	16	5.9
id-18510	1	2	18	6.1
id-18511	1	2	2	5.3
id-18512	7	10	7	6.1
id-18513	6	9	15	6.0
id-18514	3	6	10	5.3
id-18515	3	2	28	6.7
id-18516	10	13	6	6.5
id-18517	6	4	29	6.0
id-18518	5	2	14	5.3
id-18519	2	2	14	6.4
id-18520	10	4	30	7.0
id-18521	8	9	7	5.5
id-18522	6	11	19	5.9
id-18523	1	2	26	6.6
id-18524	10	19	4	5.5
id-18525	1	2	13	6.5
id-18526	10	9	6	6.7
id-18527	10	3	11	5.5
id-18528	3	2	22	5.9
id-18529	4	2	30	6.6
id-18530	3	6	27	5.3
id-18531	4	8	11	6.9
id-18532	5	6	23	5.4
id-18533	3	4	13	5.3
id-18534	8	6	27	6.0
id-18535	2	4	30	5.5
id-18536	8	7	6	6.0
id-18537	1	2	17	6.9
id-18538	8	7	3	6.6
id-18539	3	3	4	5.9
id-18540	3	4	2	5.5
id-18541	5	6	17	6.5
id-18542	2	4	6	6.2
id-18543	1	2	26	6.1
id-18544	4	6	24	6.3
id-18545	10	13	1	5.1
id-18546	6	5	26	6.6
id-18547	2	3	18	5.6
id-18548	1	2	16	6.0
id-18549	1	2	8	6.6
id-18550	4	4	5	6.3
id-18551	5	5	21	6.3
id-18552	7	12	23	6.3
id-18553	4	6	28	6.5
id-18554	5	5	20	5.1
id-18555	8	4	28	5.1
id-18556	10	12	22	5.9
id-18557	7	14	21	5.6
id-18558	8	5	27	5.7
id-18559	1	2	6	5.6
id-18560	7	14	12	5.6
id-18561	3	5	28	6.0
id-18562	6	2	3	6.5
id-18563	5	9	15	6.9
id-18564	7	11	12	6.3
id-18565	6	7	9	5.6
id-18566	9	18	20	5.4
id-18567	2	3	18	5.7
id-18568	5	9	18	6.2
id-18569	10	11	12	5.6
id-18570	9	7	26	6.5
id-18571	4	5	18	5.5
id-18572	5	7	27	5.3
id-18573	1	2	30	5.6
id-18574	5	4	1	5.8
id-18575	2	4	12	5.1
id-18576	3	3	9	5.5
id-18577	1	2	21	6.4
id-18578	10	20	14	5.6
id-18579	10	3	10	6.2
id-18580	1	2	23	6.7
id-18581	7	7	27	5.1
id-18582	2	3	3	5.0
id-18583	6	7	15	5.2
id-18584	10	12	29	6.4
id-18585	2	4	20	5.7
id-18586	5	2	27	5.5
id-18587	10	15	4	7.0
id-18588	8	6	4	6.8
id-18589	8	6	10	6.3
id-18590	9	18	18	5.1
id-18591	7	12	26	5.4
id-18592	6	5	9	5.1
id-18593	1	2	28	5.4
id-18594	1	2	18	5.7
id-18595	4	6	24	5.4
id-18596	2	2	15	6.3
id-18597	5	5	15	7.0
id-18598	5	10	3	5.0
id-18599	9	11	19	5.0
id-18600	7	12	1	6.8
id-18601	4	4	24	6.4
id-18602	9	13	30	5.2
id-18603	2	2	10	5.4
id-18604	4	4	20	6.3
id-18605	9	11	1	5.8
id-18606	1	2	22	5.7
id-18607	5	6	25	6.9
id-18608	4	4	17	6.3
id-18609	4	6	3	6.0
id-18610	10	19	13	6.3
id-18611	3	5	2	6.5
id-18612	5	2	18	6.4
id-18613	6	10	8	5.6
id-18614	1	2	29	6.4
id-18615	8	2	23	5.6
id-18616	4	6	27	5.3
id-18617	10	4	7	6.6
id-18618	1	2	6	5.4
id-18619	1	2	13	5.8
id-18620	1	2	16	6.9
id-18621	4	7	2	5.7
id-18622	10	7	21	6.6
id-18623	2	2	18	5.0
id-18624	10	2	23	6.7
id-18625	3	4	27	6.5
id-18626	10	18	14	5.6
id-18627	2	2	3	5.4
id-18628	2	2	25	5.4
id-18629	10	14	25	5.8
id-18630	1	2	24	6.8
id-18631	5	8	5	5.5
id-18632	6	12	10	6.1
id-18633	8	8	3	5.3
id-18634	8	12	7	5.3
id-18635	2	2	21	5.1
id-18636	7	13	1	6.0
id-18637	3	4	30	6.7
id-18638	3	4	11	5.8
id-18639	7	4	25	6.3
id-18640	1	2	27	5.5
id-18641	10	11	10	7.0
id-18642	6	10	23	6.0
id-18643	9	18	25	5.2
id-18644	8	13	23	5.1
id-18645	7	4	3	5.3
id-18646	4	2	21	5.6
id-18647	10	4	16	5.2
id-18648	1	2	6	5.7
id-18649	3	5	30	5.4
id-18650	8	2	30	6.3
id-18651	6	10	21	6.2
id-18652	5	8	1	6.2
id-18653	10	15	23	6.2
id-18654	7	8	29	6.7
id-18655	8	15	20	5.4
id-18656	4	4	17	5.2
id-18657	9	18	25	6.3
id-18658	1	2	21	5.1
id-18659	2	4	12	5.9
id-18660	5	4	23	6.2
id-18661	5	2	18	6.8
id-18662	6	11	29	5.9
id-18663	3	4	6	5.4
id-18664	8	14	9	6.8
id-18665	8	7	24	5.2
id-18666	7	6	6	6.2
id-18667	10	9	12	6.5
id-18668	5	2	26	5.4
id-18669	7	10	27	6.9
id-18670	2	4	4	6.1
id-18671	3	5	5	5.1
id-18672	2	2	8	5.0
id-18673	6	12	11	5.9
id-18674	7	3	7	6.2
id-18675	2	3	18	5.5
id-18676	4	7	27	6.3
id-18677	5	7	13	6.2
id-18678	8	3	17	6.0
id-18679	4	6	27	5.6
id-18680	6	10	10	5.6
id-18681	9	3	4	5.4
id-18682	1	2	29	5.0
id-18683	7	11	11	6.7
id-18684	9	17	12	5.5
id-18685	7	14	21	5.4
id-18686	2	3	12	6.7
id-18687	10	14	18	6.4
id-18688	8	12	20	6.7
id-18689	10	11	18	5.1
id-18690	2	3	14	6.4
id-18691	6	4	15	6.7
id-18692	6	12	4	6.2
id-18693	3	3	10	6.6
id-18694	2	4	11	5.9
id-18695	2	3	17	5.1
id-18696	6	3	20	6.0
id-18697	4	8	24	5.6
id-18698	10	18	3	6.4
id-18699	1	2	19	5.6
id-18700	3	5	9	6.9
id-18701	9	14	25	6.5
id-18702	1	2	16	5.6
id-18703	9	10	21	5.2
id-18704	2	3	8	6.9
id-18705	6	5	15	6.8
id-18706	9	7	12	6.9
id-18707	5	4	25	5.2
id-18708	5	3	20	6.7
id-18709	2	2	10	6.9
id-18710	7	10	22	6.4
id-18711	6	3	21	5.7
id-18712	7	14	6	5.3
id-18713	1	2	22	5.5
id-18714	6	7	20	6.7
id-18715	9	14	20	5.5
id-18716	5	5	27	5.2
id-18717	6	7	5	5.4
id-18718	5	9	10	5.4
id-18719	7	5	21	6.6
id-18720	9	4	13	6.3
id-18721	8	5	1	6.4
id-18722	1	2	1	5.9
id-18723	2	2	13	5.8
id-18724	7	4	22	5.3
id-18725	8	16	15	6.1
id-18726	7	5	27	5.3
id-18727	7	9	8	6.8
id-18728	3	6	4	6.2
id-18729	5	6	16	5.1
id-18730	5	2	29	5.4
id-18731	1	2	17	5.1
id-18732	5	10	22	5.3
id-18733	5	6	13	6.9
id-18734	10	5	29	6.1
id-18735	1	2	3	5.3
id-18736	2	2	12	5.9
id-18737	8	10	21	6.0
id-18738	9	6	12	6.3
id-18739	10	18	26	5.3
id-18740	4	4	14	6.1
id-18741	9	8	7	5.7
id-18742	4	5	8	5.6
id-18743	3	6	26	5.5
id-18744	10	12	10	5.5
id-18745	7	7	21	5.7
id-18746	6	10	23	6.5
id-18747	10	14	16	5.6
id-18748	9	18	27	6.5
id-18749	5	4	29	6.1
id-18750	10	10	13	5.3
id-18751	1	2	28	6.7
id-18752	9	14	20	5.3
id-18753	9	3	23	6.1
id-18754	1	2	8	6.7
id-18755	6	3	15	6.3
id-18756	9	5	18	5.4
id-18757	3	2	21	5.6
id-18758	8	9	3	5.7
id-18759	2	4	3	6.4
id-18760	8	16	24	5.9
id-18761	2	3	27	6.3
id-18762	6	11	12	5.9
id-18763	1	2	8	5.6
id-18764	1	2	15	5.8
id-18765	3	6	19	6.1
id-18766	4	6	28	5.9
id-18767	8	8	1	7.0
id-18768	10	13	16	6.4
id-18769	9	12	10	5.3
id-18770	8	9	25	5.7
id-18771	1	2	2	5.1
id-18772	7	9	12	6.4
id-18773	4	8	9	5.3
id-18774	1	2	6	6.5
id-18775	6	2	23	6.2
id-18776	5	10	3	7.0
id-18777	1	2	1	5.7
id-18778	7	9	6	5.7
id-18779	1	2	27	5.7
id-18780	8	9	21	6.8
id-18781	10	17	18	5.8
id-18782	10	5	20	6.6
id-18783	4	2	20	6.4
id-18784	2	2	18	5.6
id-18785	10	13	18	5.4
id-18786	1	2	26	5.7
id-18787	9	9	3	5.7
id-18788	8	10	15	6.1
id-18789	2	2	9	5.3
id-18790	7	10	14	6.1
id-18791	8	11	22	5.7
id-18792	9	6	24	5.5
id-18793	9	15	5	5.7
id-18794	4	6	17	6.2
id-18795	1	2	2	6.2
id-18796	3	5	10	6.1
id-18797	6	2	30	5.4
id-18798	3	3	25	5.4
id-18799	7	5	16	6.0
id-18800	9	17	8	6.0
id-18801	10	6	5	5.5
id-18802	5	5	10	5.9
id-18803	8	4	16	6.2
id-18804	9	8	14	5.5
id-18805	9	7	1	5.8
id-18806	8	8	12	5.0
id-18807	8	7	30	6.9
id-18808	1	2	2	5.3
id-18809	5	5	13	6.4
id-18810	5	8	19	6.0
id-18811	6	3	6	5.8
id-18812	6	10	19	6.0
id-18813	9	17	8	6.3
id-18814	8	16	19	5.3
id-18815	5	5	21	5.4
id-18816	4	7	6	6.4
id-18817	5	8	10	6.5
id-18818	5	3	29	6.8
id-18819	5	10	26	5.7
id-18820	1	2	10	5.2
id-18821	7	11	28	5.5
id-18822	2	4	16	5.6
id-18823	2	3	8	6.3
id-18824	4	2	16	5.2
id-18825	5	4	24	7.0
id-18826	1	2	29	5.5
id-18827	4	3	12	6.9
id-18828	1	2	17	6.0
id-18829	2	4	19	6.5
id-18830	10	2	28	6.0
id-18831	8	9	26	6.2
id-18832	3	4	10	6.0
id-18833	3	5	1	6.1
id-18834	8	13	1	6.4
id-18835	5	7	20	5.8
id-18836	7	3	3	6.6
id-18837	1	2	29	5.1
id-18838	6	9	24	5.2
id-18839	6	8	9	6.5
id-18840	7	10	20	5.1
id-18841	5	9	25	6.5
id-18842	5	8	13	5.8
id-18843	1	2	26	6.3
id-18844	1	2	13	5.5
id-18845	2	4	5	6.3
id-18846	3	5	13	6.4
id-18847	2	4	8	6.2
id-18848	10	5	29	5.3
id-18849	4	7	26	5.9
id-18850	8	11	11	6.8
id-18851	5	7	20	6.4
id-18852	10	15	1	5.8
id-18853	7	12	1	6.6
id-18854	4	8	5	5.5
id-18855	5	6	29	6.6
id-18856	8	13	30	6.9
id-18857	2	4	27	6.9
id-18858	10	11	29	6.9
id-18859	8	10	23	6.5
id-18860	9	8	25	5.1
id-18861	8	12	1	6.2
id-18862	5	9	7	5.4
id-18863	3	2	6	6.9
id-18864	5	5	26	7.0
id-18865	7	13	6	5.6
id-18866	7	10	2	5.5
id-18867	8	3	17	6.2
id-18868	5	2	12	6.5
id-18869	7	10	29	5.6
id-18870	10	13	29	5.3
id-18871	9	3	25	5.9
id-18872	4	7	26	6.4
id-18873	9	13	13	6.4
id-18874	10	17	20	6.2
id-18875	5	8	30	5.8
id-18876	4	7	24	5.9
id-18877	3	4	15	6.0
id-18878	10	8	23	5.2
id-18879	3	5	13	5.5
id-18880	7	10	2	6.4
id-18881	7	2	7	5.1
id-18882	7	8	5	5.2
id-18883	10	4	21	6.9
id-18884	3	3	20	6.8
id-18885	6	10	1	5.3
id-18886	8	3	5	5.5
id-18887	9	6	21	6.4
id-18888	3	6	23	5.3
id-18889	8	3	12	6.3
id-18890	9	12	1	6.9
id-18891	2	2	7	6.3
id-18892	6	2	21	6.6
id-18893	7	13	26	6.5
id-18894	7	2	20	5.9
id-18895	9	6	15	7.0
id-18896	1	2	3	6.5
id-18897	3	6	2	5.1
id-18898	6	10	29	5.9
id-18899	1	2	8	5.4
id-18900	1	2	6	6.8
id-18901	9	6	16	6.1
id-18902	10	14	22	6.2
id-18903	4	8	30	5.5
id-18904	5	4	2	6.3
id-18905	3	6	28	6.9
id-18906	7	5	9	5.1
id-18907	4	2	6	5.7
id-18908	3	4	28	6.9
id-18909	4	8	6	6.6
id-18910	8	2	11	5.7
id-18911	9	8	12	6.5
id-18912	2	3	24	6.6
id-18913	2	3	14	6.2
id-18914	8	4	26	6.7
id-18915	3	6	23	5.2
id-18916	5	7	28	5.3
id-18917	5	4	3	5.0
id-18918	3	2	7	6.6
id-18919	10	16	8	6.1
id-18920	6	7	1	5.4
id-18921	8	11	30	6.8
id-18922	4	4	8	5.6
id-18923	4	4	13	5.1
id-18924	8	3	8	6.1
id-18925	7	9	20	5.4
id-18926	10	10	28	6.2
id-18927	5	5	24	5.4
id-18928	2	2	26	6.0
id-18929	4	4	11	5.5
id-18930	4	8	14	5.6
id-18931	5	5	7	6.9
id-18932	6	5	19	5.7
id-18933	10	2	10	6.0
id-18934	10	3	23	5.9
id-18935	9	16	25	5.0
id-18936	2	4	6	6.4
id-18937	3	3	24	6.5
id-18938	7	9	28	5.1
id-18939	1	2	16	6.2
id-18940	3	5	7	6.1
id-18941	8	8	21	5.9
id-18942	7	6	18	5.6
id-18943	1	2	4	5.4
id-18944	3	2	1	5.8
id-18945	3	3	18	6.6
id-18946	10	4	12	6.9
id-18947	6	4	5	5.8
id-18948	8	7	2	6.6
id-18949	9	10	10	6.8
id-18950	10	17	11	5.3
id-18951	4	5	4	5.9
id-18952	10	7	12	5.4
id-18953	4	7	14	5.0
id-18954	10	7	13	5.7
id-18955	8	9	9	5.1
id-18956	10	9	22	5.6
id-18957	5	6	15	6.0
id-18958	8	16	8	6.5
id-18959	2	3	2	5.0
id-18960	10	20	1	6.9
id-18961	1	2	6	5.2
id-18962	9	2	1	5.2
id-18963	4	2	24	6.2
id-18964	6	12	3	6.1
id-18965	4	6	2	5.0
id-18966	3	4	17	6.4
id-18967	1	2	2	5.4
id-18968	6	8	1	5.3
id-18969	10	17	4	6.9
id-18970	5	7	6	5.5
id-18971	8	2	9	6.3
id-18972	2	4	26	5.8
id-18973	6	5	20	5.2
id-18974	1	2	16	5.9
id-18975	6	9	6	6.2
id-18976	5	6	27	6.1
id-18977	6	9	6	6.4
id-18978	3	6	28	5.1
id-18979	5	10	3	5.4
id-18980	6	4	21	6.5
id-18981	8	16	14	5.4
id-18982	6	7	14	5.0
id-18983	4	5	29	6.9
id-18984	10	4	1	5.7
id-18985	2	3	27	6.2
id-18986	3	5	4	6.2
id-18987	9	2	6	5.6
id-18988	7	6	29	6.7
id-18989	2	4	2	5.8
id-18990	5	8	4	5.9
id-18991	7	11	20	5.6
id-18992	8	7	8	5.3
id-18993	3	5	18	7.0
id-18994	1	2	28	5.7
id-18995	3	6	20	5.8
id-18996	9	17	13	5.9
id-18997	5	7	7	6.8
id-18998	6	2	23	6.2
id-18999	4	8	5	5.9
id-19000	6	5	12	5.2
id-19001	7	4	30	6.4
id-19002	7	13	16	5.8
id-19003	2	3	26	6.7
id-19004	10	20	29	6.3
id-19005	10	16	11	6.8
id-19006	9	17	16	6.8
id-19007	3	5	30	6.0
id-19008	7	10	4	6.5
id-19009	6	4	27	5.3
id-19010	2	3	8	6.3
id-19011	4	8	10	5.6
id-19012	2	3	11	6.5
id-19013	8	9	11	5.5
id-19014	4	8	25	5.2
id-19015	8	15	13	5.4
id-19016	7	3	24	6.9
id-19017	8	2	2	5.1
id-19018	9	7	28	5.4
id-19019	3	6	4	5.7
id-19020	4	3	22	6.0
id-19021	4	5	18	5.5
id-19022	10	9	6	5.8
id-19023	6	12	25	6.7
id-19024	3	2	21	5.9
id-19025	1	2	28	6.2
id-19026	10	15	29	6.7
id-19027	3	5	14	6.5
id-19028	2	4	19	5.2
id-19029	8	16	9	5.4
id-19030	3	6	19	6.5
id-19031	9	7	15	6.8
id-19032	10	20	27	6.8
id-19033	7	11	7	6.0
id-19034	4	4	25	5.5
id-19035	5	10	20	5.2
id-19036	2	3	28	5.1
id-19037	9	16	19	5.7
id-19038	7	3	15	5.9
id-19039	6	12	6	6.7
id-19040	10	4	3	5.1
id-19041	4	2	30	6.5
id-19042	8	6	23	5.9
id-19043	2	4	17	5.3
id-19044	5	5	4	6.7
id-19045	9	15	1	5.4
id-19046	6	9	11	5.6
id-19047	5	2	12	5.4
id-19048	9	18	16	6.6
id-19049	10	4	16	6.2
id-19050	7	5	2	6.4
id-19051	1	2	24	6.4
id-19052	6	6	17	5.8
id-19053	2	2	15	5.6
id-19054	4	6	30	6.2
id-19055	6	2	9	6.5
id-19056	7	9	19	6.5
id-19057	5	6	8	6.8
id-19058	1	2	21	5.3
id-19059	3	3	18	6.0
id-19060	2	3	12	5.9
id-19061	4	4	4	5.5
id-19062	6	11	9	6.5
id-19063	9	2	29	6.2
id-19064	7	3	2	6.4
id-19065	3	5	23	5.2
id-19066	6	4	28	6.0
id-19067	1	2	30	6.9
id-19068	1	2	9	6.2
id-19069	6	6	12	6.0
id-19070	8	9	6	5.6
id-19071	1	2	28	6.7
id-19072	3	3	13	6.2
id-19073	8	14	24	5.7
id-19074	8	8	28	5.4
id-19075	5	5	17	5.8
id-19076	10	4	21	6.8
id-19077	9	15	25	5.4
id-19078	1	2	6	6.9
id-19079	6	10	30	6.4
id-19080	4	5	9	6.5
id-19081	5	2	20	5.0
id-19082	5	9	14	5.3
id-19083	6	12	11	5.5
id-19084	9	3	3	6.7
id-19085	10	11	1	5.4
id-19086	10	19	20	6.2
id-19087	9	13	1	6.5
id-19088	10	9	1	5.7
id-19089	8	7	30	5.9
id-19090	2	4	29	6.0
id-19091	9	3	26	5.6
id-19092	10	11	3	6.8
id-19093	4	7	16	5.3
id-19094	10	7	28	7.0
id-19095	9	9	26	5.7
id-19096	9	7	29	5.0
id-19097	4	6	14	6.7
id-19098	4	4	5	5.5
id-19099	10	6	27	5.2
id-19100	8	5	26	5.7
id-19101	1	2	23	5.9
id-19102	5	10	5	6.0
id-19103	1	2	8	6.9
id-19104	2	3	3	5.6
id-19105	9	3	11	6.9
id-19106	3	2	9	7.0
id-19107	1	2	11	6.2
id-19108	2	4	24	6.4
id-19109	10	20	22	5.9
id-19110	9	18	26	5.2
id-19111	1	2	19	6.3
id-19112	5	3	21	6.4
id-19113	2	3	26	6.7
id-19114	5	8	13	6.6
id-19115	3	6	17	7.0
id-19116	3	5	29	5.1
id-19117	9	6	7	5.5
id-19118	6	8	24	6.4
id-19119	9	16	6	6.1
id-19120	5	2	8	6.9
id-19121	1	2	23	6.1
id-19122	8	13	14	5.3
id-19123	1	2	4	6.3
id-19124	6	11	3	5.8
id-19125	5	5	13	6.8
id-19126	6	5	7	6.3
id-19127	6	11	13	6.9
id-19128	1	2	28	5.5
id-19129	3	3	19	6.8
id-19130	5	4	10	5.3
id-19131	4	4	6	6.4
id-19132	1	2	21	6.1
id-19133	6	7	29	6.7
id-19134	9	16	13	6.6
id-19135	9	11	22	5.5
id-19136	6	8	22	5.5
id-19137	8	12	28	6.5
id-19138	7	6	18	6.5
id-19139	5	8	4	5.6
id-19140	1	2	12	6.3
id-19141	1	2	20	6.0
id-19142	3	3	8	5.8
id-19143	1	2	8	5.2
id-19144	3	6	26	5.4
id-19145	5	10	29	5.4
id-19146	2	4	11	6.3
id-19147	4	3	20	6.1
id-19148	1	2	15	6.3
id-19149	4	4	19	5.5
id-19150	5	8	19	5.6
id-19151	10	11	21	6.0
id-19152	5	4	28	6.4
id-19153	5	4	21	5.1
id-19154	5	8	4	6.7
id-19155	7	13	4	5.3
id-19156	10	10	27	6.5
id-19157	3	3	1	6.1
id-19158	6	2	14	5.7
id-19159	3	5	29	7.0
id-19160	9	5	19	6.6
id-19161	10	2	18	5.7
id-19162	4	4	11	5.8
id-19163	2	4	7	5.1
id-19164	5	10	22	6.2
id-19165	6	2	20	5.3
id-19166	9	2	27	5.6
id-19167	5	4	23	6.2
id-19168	6	6	13	5.3
id-19169	7	3	7	6.0
id-19170	5	4	27	5.5
id-19171	1	2	10	5.4
id-19172	10	2	25	6.6
id-19173	9	7	4	6.4
id-19174	10	18	7	6.1
id-19175	2	2	18	5.6
id-19176	5	4	13	6.0
id-19177	9	17	26	5.9
id-19178	7	2	16	5.2
id-19179	3	6	29	5.8
id-19180	7	5	30	5.4
id-19181	8	16	9	6.7
id-19182	1	2	13	5.5
id-19183	6	3	14	5.5
id-19184	5	8	4	5.4
id-19185	1	2	23	6.5
id-19186	5	3	21	6.5
id-19187	2	4	27	6.7
id-19188	7	12	26	5.4
id-19189	4	5	17	5.7
id-19190	5	6	18	5.1
id-19191	1	2	26	6.9
id-19192	6	2	1	6.2
id-19193	5	10	28	5.5
id-19194	3	3	10	6.6
id-19195	4	4	18	6.8
id-19196	9	2	14	6.3
id-19197	8	4	17	6.7
id-19198	3	5	1	6.6
id-19199	5	10	26	6.0
id-19200	1	2	1	5.5
id-19201	2	4	2	5.8
id-19202	1	2	24	5.5
id-19203	4	3	20	6.8
id-19204	6	10	30	5.8
id-19205	1	2	13	5.1
id-19206	1	2	10	6.0
id-19207	5	2	5	6.7
id-19208	6	10	15	5.1
id-19209	4	3	14	5.5
id-19210	5	4	18	5.1
id-19211	4	4	16	5.1
id-19212	4	5	19	5.8
id-19213	4	3	23	6.5
id-19214	8	4	12	6.7
id-19215	2	4	9	6.1
id-19216	4	4	29	6.2
id-19217	4	5	16	5.0
id-19218	8	13	22	5.3
id-19219	1	2	16	5.7
id-19220	10	10	24	6.9
id-19221	6	6	6	6.2
id-19222	4	7	13	6.7
id-19223	4	7	16	6.1
id-19224	2	4	30	6.4
id-19225	5	7	30	5.8
id-19226	1	2	26	5.9
id-19227	1	2	18	5.9
id-19228	3	5	7	5.2
id-19229	7	11	16	5.2
id-19230	9	6	13	5.9
id-19231	6	11	12	6.9
id-19232	2	2	10	6.0
id-19233	5	2	11	6.5
id-19234	7	12	3	6.5
id-19235	9	14	1	6.8
id-19236	6	7	14	6.3
id-19237	1	2	7	5.9
id-19238	6	6	25	6.8
id-19239	6	5	23	5.7
id-19240	9	13	7	7.0
id-19241	3	5	8	5.6
id-19242	6	2	1	6.2
id-19243	8	14	12	6.7
id-19244	7	2	29	6.5
id-19245	7	14	12	6.8
id-19246	3	5	6	5.6
id-19247	7	11	16	6.1
id-19248	5	7	2	5.7
id-19249	7	9	19	6.0
id-19250	5	9	26	6.6
id-19251	1	2	18	5.7
id-19252	6	2	4	5.8
id-19253	2	4	16	5.3
id-19254	1	2	7	5.1
id-19255	4	7	9	6.0
id-19256	1	2	14	5.5
id-19257	4	2	1	5.5
id-19258	4	5	17	5.1
id-19259	9	2	5	5.2
id-19260	8	11	16	6.1
id-19261	1	2	8	5.8
id-19262	8	16	29	6.0
id-19263	1	2	28	6.5
id-19264	5	6	10	5.9
id-19265	8	7	11	6.2
id-19266	8	16	3	5.6
id-19267	9	15	5	6.7
id-19268	6	6	14	6.5
id-19269	4	6	12	6.6
id-19270	3	6	13	7.0
id-19271	1	2	15	5.1
id-19272	1	2	18	6.7
id-19273	8	11	23	6.4
id-19274	2	4	29	7.0
id-19275	8	12	20	5.3
id-19276	4	2	27	6.7
id-19277	9	4	28	6.3
id-19278	8	3	8	6.9
id-19279	6	4	25	6.4
id-19280	7	7	5	5.0
id-19281	4	2	2	6.2
id-19282	4	8	6	6.2
id-19283	9	2	26	6.9
id-19284	7	5	28	6.8
id-19285	2	4	25	5.0
id-19286	8	10	15	5.5
id-19287	8	5	4	5.5
id-19288	6	5	1	6.9
id-19289	10	13	22	5.0
id-19290	4	4	6	6.6
id-19291	3	6	5	5.9
id-19292	6	4	27	6.9
id-19293	5	6	18	5.9
id-19294	4	3	3	6.0
id-19295	5	2	24	5.4
id-19296	6	9	20	6.5
id-19297	8	16	16	6.5
id-19298	6	5	14	5.0
id-19299	1	2	28	6.9
id-19300	3	4	24	6.7
id-19301	4	5	26	5.7
id-19302	4	8	25	5.4
id-19303	5	8	10	6.4
id-19304	2	3	4	6.3
id-19305	10	12	10	6.9
id-19306	9	11	10	6.4
id-19307	4	8	4	7.0
id-19308	10	6	29	6.9
id-19309	9	8	29	5.1
id-19310	3	3	21	6.5
id-19311	8	3	21	6.6
id-19312	5	4	19	5.4
id-19313	2	3	30	5.6
id-19314	3	3	28	6.8
id-19315	3	2	16	5.4
id-19316	3	2	11	6.8
id-19317	3	3	10	5.6
id-19318	6	9	5	5.5
id-19319	9	18	27	5.5
id-19320	5	10	4	6.8
id-19321	5	10	5	5.1
id-19322	1	2	26	5.1
id-19323	8	6	29	5.8
id-19324	4	6	2	6.1
id-19325	6	2	25	5.9
id-19326	3	4	13	5.1
id-19327	4	4	17	6.1
id-19328	6	12	12	6.9
id-19329	10	12	15	5.8
id-19330	6	11	24	6.4
id-19331	8	7	1	5.4
id-19332	6	3	29	6.3
id-19333	5	9	30	6.9
id-19334	7	12	22	6.8
id-19335	3	5	8	6.0
id-19336	7	2	14	6.2
id-19337	6	12	30	5.4
id-19338	10	16	26	6.3
id-19339	9	9	7	6.8
id-19340	5	8	21	5.5
id-19341	2	3	30	6.7
id-19342	5	2	14	6.2
id-19343	5	9	11	6.2
id-19344	5	7	28	6.0
id-19345	2	3	21	6.9
id-19346	1	2	12	6.4
id-19347	2	3	29	5.0
id-19348	1	2	20	5.9
id-19349	10	9	19	5.4
id-19350	2	4	1	5.4
id-19351	5	8	18	6.7
id-19352	4	3	26	6.4
id-19353	4	2	1	5.2
id-19354	6	9	5	5.9
id-19355	1	2	2	6.5
id-19356	8	10	2	5.8
id-19357	6	2	23	5.4
id-19358	8	5	8	5.8
id-19359	8	16	12	6.3
id-19360	7	13	13	6.8
id-19361	9	5	3	6.1
id-19362	6	8	5	6.7
id-19363	4	3	11	6.6
id-19364	2	3	13	6.7
id-19365	3	6	16	5.4
id-19366	6	9	19	6.4
id-19367	6	3	21	6.4
id-19368	8	12	3	5.7
id-19369	6	9	24	5.7
id-19370	3	4	7	6.2
id-19371	8	10	17	5.8
id-19372	7	11	14	5.6
id-19373	5	7	13	5.7
id-19374	10	7	23	6.4
id-19375	6	5	20	6.4
id-19376	4	3	21	6.5
id-19377	5	5	6	5.4
id-19378	2	4	12	6.3
id-19379	5	3	13	6.8
id-19380	4	6	16	5.4
id-19381	6	8	26	5.9
id-19382	8	12	4	5.5
id-19383	4	3	13	5.0
id-19384	3	6	29	6.8
id-19385	2	2	19	5.1
id-19386	5	9	2	5.5
id-19387	6	2	24	6.9
id-19388	4	7	17	5.6
id-19389	10	5	8	5.0
id-19390	10	6	2	5.1
id-19391	1	2	19	5.7
id-19392	5	7	29	6.0
id-19393	8	5	21	6.4
id-19394	6	7	20	5.4
id-19395	8	8	14	6.1
id-19396	7	3	13	6.0
id-19397	10	15	22	5.4
id-19398	4	5	14	6.3
id-19399	7	5	16	5.5
id-19400	4	7	8	6.2
id-19401	5	4	7	5.9
id-19402	7	3	13	6.5
id-19403	1	2	2	6.7
id-19404	4	4	2	6.8
id-19405	1	2	11	5.8
id-19406	8	8	28	6.8
id-19407	2	2	12	5.3
id-19408	1	2	22	6.3
id-19409	8	6	12	5.1
id-19410	9	17	10	5.1
id-19411	5	7	13	5.5
id-19412	4	4	13	5.4
id-19413	8	4	29	5.4
id-19414	6	11	11	5.2
id-19415	2	4	3	6.4
id-19416	10	16	23	5.3
id-19417	3	2	18	6.4
id-19418	10	13	1	6.5
id-19419	3	6	14	6.9
id-19420	1	2	26	5.8
id-19421	2	3	2	6.4
id-19422	1	2	2	6.8
id-19423	4	2	13	6.5
id-19424	3	2	30	6.7
id-19425	2	2	9	5.9
id-19426	8	4	1	5.8
id-19427	9	7	9	5.6
id-19428	7	3	1	6.7
id-19429	7	3	4	6.1
id-19430	8	8	28	5.7
id-19431	2	2	19	6.6
id-19432	8	11	11	5.7
id-19433	6	12	16	6.3
id-19434	7	6	17	6.8
id-19435	7	14	22	7.0
id-19436	5	3	5	5.1
id-19437	5	6	13	5.4
id-19438	4	6	10	5.8
id-19439	3	5	5	6.6
id-19440	4	8	15	5.5
id-19441	4	8	11	6.8
id-19442	7	3	24	7.0
id-19443	10	7	8	5.1
id-19444	3	3	14	7.0
id-19445	5	10	24	6.1
id-19446	9	16	24	6.8
id-19447	5	9	5	5.7
id-19448	2	2	26	5.8
id-19449	1	2	5	6.9
id-19450	9	11	27	7.0
id-19451	5	10	30	5.1
id-19452	6	11	13	6.6
id-19453	1	2	28	6.5
id-19454	3	4	6	5.1
id-19455	5	7	1	6.2
id-19456	6	3	22	5.2
id-19457	9	8	3	6.7
id-19458	3	3	11	5.8
id-19459	1	2	20	6.6
id-19460	7	11	29	5.7
id-19461	4	7	23	5.3
id-19462	1	2	28	6.2
id-19463	3	6	4	6.8
id-19464	1	2	4	5.1
id-19465	4	5	5	5.9
id-19466	7	2	5	7.0
id-19467	9	17	18	5.7
id-19468	10	14	11	5.6
id-19469	6	3	5	5.3
id-19470	5	5	6	5.4
id-19471	7	9	1	6.3
id-19472	8	3	29	7.0
id-19473	2	2	21	5.1
id-19474	3	5	3	6.7
id-19475	5	6	14	6.7
id-19476	3	2	24	5.6
id-19477	9	10	29	6.6
id-19478	6	9	11	5.5
id-19479	8	4	23	5.5
id-19480	5	7	8	6.7
id-19481	1	2	9	5.2
id-19482	7	7	20	5.0
id-19483	9	10	20	6.9
id-19484	10	20	28	6.6
id-19485	4	8	19	5.9
id-19486	9	6	5	5.1
id-19487	9	3	19	5.3
id-19488	4	2	28	5.4
id-19489	5	3	24	5.5
id-19490	3	2	19	5.6
id-19491	3	2	6	7.0
id-19492	8	9	2	6.7
id-19493	3	2	10	5.2
id-19494	4	5	17	5.4
id-19495	10	14	28	5.1
id-19496	8	14	28	6.9
id-19497	1	2	29	6.4
id-19498	8	13	24	5.0
id-19499	1	2	16	5.5
id-19500	1	2	26	6.8
id-19501	1	2	19	5.1
id-19502	3	3	29	6.2
id-19503	1	2	27	5.5
id-19504	1	2	13	5.8
id-19505	10	17	24	5.8
id-19506	10	12	27	5.4
id-19507	4	6	27	5.1
id-19508	3	2	5	5.6
id-19509	1	2	17	6.0
id-19510	9	12	28	6.4
id-19511	6	10	11	5.0
id-19512	6	2	22	5.4
id-19513	7	14	26	6.8
id-19514	4	4	25	6.5
id-19515	1	2	22	5.8
id-19516	9	7	29	5.8
id-19517	5	9	23	5.1
id-19518	6	8	25	6.2
id-19519	1	2	5	6.3
id-19520	8	5	27	5.9
id-19521	4	4	24	6.4
id-19522	9	9	8	6.5
id-19523	5	2	11	5.2
id-19524	8	8	10	6.2
id-19525	7	10	23	5.7
id-19526	8	9	3	6.1
id-19527	10	6	8	6.1
id-19528	5	6	18	5.3
id-19529	2	2	8	6.9
id-19530	3	6	30	5.1
id-19531	1	2	19	5.4
id-19532	5	7	22	6.6
id-19533	9	6	2	6.0
id-19534	6	12	18	5.4
id-19535	6	2	19	6.8
id-19536	8	12	3	6.9
id-19537	3	3	4	5.7
id-19538	3	4	18	6.8
id-19539	5	7	14	6.2
id-19540	3	6	19	6.2
id-19541	3	2	17	6.9
id-19542	1	2	24	5.9
id-19543	4	2	18	5.7
id-19544	3	5	2	5.3
id-19545	2	2	13	6.1
id-19546	4	7	22	5.8
id-19547	6	8	1	5.8
id-19548	2	4	16	6.7
id-19549	9	16	10	6.5
id-19550	6	10	23	5.0
id-19551	5	5	21	5.4
id-19552	3	3	14	5.7
id-19553	6	11	24	6.2
id-19554	6	10	8	6.1
id-19555	8	5	6	6.1
id-19556	3	6	7	6.3
id-19557	4	2	9	5.8
id-19558	9	10	27	6.3
id-19559	1	2	25	7.0
id-19560	3	6	8	5.7
id-19561	6	11	13	5.7
id-19562	2	3	5	5.5
id-19563	5	2	11	6.9
id-19564	8	4	29	5.3
id-19565	7	7	6	5.3
id-19566	10	10	18	6.3
id-19567	9	15	24	5.4
id-19568	3	5	13	5.5
id-19569	2	4	22	6.3
id-19570	2	3	5	6.1
id-19571	4	4	16	6.8
id-19572	3	5	10	6.8
id-19573	8	11	20	6.5
id-19574	6	6	10	5.5
id-19575	4	7	8	6.2
id-19576	1	2	15	5.3
id-19577	4	4	10	6.2
id-19578	9	5	26	6.9
id-19579	3	5	16	6.1
id-19580	4	5	16	6.0
id-19581	5	6	1	6.4
id-19582	2	3	26	5.7
id-19583	6	9	12	6.1
id-19584	8	13	13	5.4
id-19585	10	6	8	6.5
id-19586	7	14	20	5.7
id-19587	5	7	27	5.8
id-19588	1	2	13	5.1
id-19589	3	4	1	6.6
id-19590	10	3	24	6.5
id-19591	9	5	22	5.2
id-19592	10	4	22	7.0
id-19593	4	5	4	6.2
id-19594	2	2	2	6.7
id-19595	5	10	24	6.7
id-19596	2	3	21	6.8
id-19597	5	2	8	6.3
id-19598	4	8	12	6.6
id-19599	4	8	11	5.1
id-19600	5	10	16	5.5
id-19601	3	2	7	6.1
id-19602	2	2	24	7.0
id-19603	1	2	26	5.2
id-19604	1	2	30	6.5
id-19605	5	4	18	6.8
id-19606	10	17	1	5.7
id-19607	2	4	23	5.8
id-19608	4	5	19	5.6
id-19609	4	7	1	6.4
id-19610	4	5	18	6.9
id-19611	2	3	24	5.4
id-19612	9	8	12	5.6
id-19613	8	11	6	6.3
id-19614	3	4	29	6.3
id-19615	6	6	26	7.0
id-19616	1	2	25	6.0
id-19617	6	11	30	6.0
id-19618	8	8	5	6.1
id-19619	10	17	22	5.7
id-19620	3	2	24	5.3
id-19621	1	2	28	5.8
id-19622	9	5	10	5.2
id-19623	5	5	7	5.0
id-19624	4	7	24	6.0
id-19625	4	3	5	5.7
id-19626	10	8	20	6.1
id-19627	4	6	23	5.7
id-19628	6	3	8	5.7
id-19629	1	2	28	5.2
id-19630	9	15	26	5.2
id-19631	5	10	17	5.8
id-19632	10	16	14	5.7
id-19633	9	7	27	5.3
id-19634	3	3	2	5.7
id-19635	1	2	16	6.3
id-19636	3	5	19	6.9
id-19637	6	10	23	6.1
id-19638	3	3	29	5.6
id-19639	7	6	6	6.6
id-19640	6	4	9	6.9
id-19641	3	4	1	6.3
id-19642	6	6	20	5.9
id-19643	3	6	30	6.9
id-19644	9	5	17	6.0
id-19645	7	11	3	5.9
id-19646	4	2	7	6.7
id-19647	3	3	24	5.2
id-19648	9	5	9	5.5
id-19649	5	5	28	6.2
id-19650	4	5	18	6.9
id-19651	4	2	11	6.9
id-19652	1	2	12	7.0
id-19653	10	15	4	6.8
id-19654	3	5	25	6.3
id-19655	3	4	30	6.0
id-19656	5	7	3	5.3
id-19657	7	14	9	6.4
id-19658	3	2	18	5.8
id-19659	1	2	21	6.1
id-19660	3	2	17	5.1
id-19661	5	9	26	5.2
id-19662	5	9	26	5.3
id-19663	6	3	2	5.4
id-19664	1	2	30	5.9
id-19665	9	3	30	5.8
id-19666	5	6	22	5.6
id-19667	10	15	15	6.4
id-19668	4	3	29	5.2
id-19669	9	9	3	6.2
id-19670	8	11	20	5.9
id-19671	5	5	17	5.7
id-19672	10	20	27	5.4
id-19673	7	6	18	5.9
id-19674	6	2	13	5.2
id-19675	1	2	25	6.3
id-19676	9	9	11	6.9
id-19677	2	4	29	5.5
id-19678	7	13	5	5.3
id-19679	3	6	8	6.6
id-19680	10	12	6	5.8
id-19681	9	9	21	5.6
id-19682	8	9	21	5.3
id-19683	10	10	10	5.2
id-19684	5	9	7	5.6
id-19685	1	2	21	5.3
id-19686	8	3	23	5.9
id-19687	9	9	11	5.3
id-19688	10	15	8	5.0
id-19689	8	6	7	6.0
id-19690	8	2	8	6.5
id-19691	9	9	22	6.9
id-19692	6	8	18	6.4
id-19693	9	3	17	5.7
id-19694	2	2	21	5.8
id-19695	8	14	11	5.3
id-19696	6	7	4	6.1
id-19697	7	3	20	6.3
id-19698	5	4	14	6.1
id-19699	10	18	17	6.9
id-19700	6	6	29	6.7
id-19701	9	9	28	6.3
id-19702	2	4	15	6.9
id-19703	6	4	10	5.7
id-19704	5	8	11	5.1
id-19705	9	2	13	6.7
id-19706	8	2	18	6.2
id-19707	8	14	8	6.8
id-19708	9	7	29	5.5
id-19709	2	3	12	7.0
id-19710	8	2	24	5.5
id-19711	2	3	28	6.7
id-19712	10	8	8	6.4
id-19713	3	3	3	5.6
id-19714	10	17	5	5.1
id-19715	5	8	24	6.4
id-19716	4	3	23	5.9
id-19717	8	7	12	5.9
id-19718	10	12	19	6.6
id-19719	3	6	19	6.3
id-19720	2	2	3	5.8
id-19721	9	15	29	6.0
id-19722	3	5	10	6.3
id-19723	4	6	9	7.0
id-19724	1	2	5	6.9
id-19725	6	3	4	5.7
id-19726	3	2	3	6.0
id-19727	6	3	21	6.8
id-19728	10	11	1	6.8
id-19729	7	4	7	5.8
id-19730	1	2	25	6.7
id-19731	1	2	18	5.8
id-19732	5	6	12	6.6
id-19733	6	12	9	5.3
id-19734	1	2	6	5.3
id-19735	6	3	12	6.3
id-19736	1	2	12	6.9
id-19737	6	11	27	6.1
id-19738	5	4	12	6.2
id-19739	7	5	4	6.6
id-19740	2	2	9	6.6
id-19741	5	8	15	6.1
id-19742	6	4	27	5.7
id-19743	10	13	5	5.9
id-19744	1	2	7	6.0
id-19745	3	6	4	5.2
id-19746	1	2	14	6.0
id-19747	3	6	15	5.4
id-19748	9	11	3	6.9
id-19749	3	4	4	5.2
id-19750	3	5	28	6.9
id-19751	3	3	1	5.6
id-19752	9	5	24	5.9
id-19753	4	2	8	5.2
id-19754	2	2	16	6.1
id-19755	1	2	5	5.3
id-19756	5	10	12	5.2
id-19757	2	4	18	5.6
id-19758	6	9	4	5.5
id-19759	10	16	12	6.1
id-19760	4	4	13	5.2
id-19761	10	16	30	5.8
id-19762	1	2	1	6.2
id-19763	3	3	18	5.6
id-19764	6	3	4	5.8
id-19765	7	7	13	6.4
id-19766	2	3	16	5.4
id-19767	7	12	27	6.8
id-19768	7	12	6	5.8
id-19769	7	6	18	5.4
id-19770	2	2	16	5.3
id-19771	6	12	9	5.2
id-19772	5	9	28	5.2
id-19773	8	12	21	6.9
id-19774	5	3	20	7.0
id-19775	1	2	27	6.6
id-19776	5	9	15	6.4
id-19777	7	2	16	5.2
id-19778	3	4	9	5.8
id-19779	3	4	1	5.5
id-19780	9	8	20	5.9
id-19781	7	9	20	5.6
id-19782	8	8	30	6.2
id-19783	10	8	24	6.3
id-19784	4	5	14	6.7
id-19785	9	13	15	6.2
id-19786	6	9	13	6.3
id-19787	3	2	1	6.3
id-19788	3	5	2	5.8
id-19789	10	15	1	6.9
id-19790	2	4	18	6.4
id-19791	8	13	20	6.1
id-19792	8	10	11	5.7
id-19793	1	2	27	6.1
id-19794	3	5	9	6.5
id-19795	1	2	22	5.5
id-19796	9	3	1	5.3
id-19797	10	14	3	5.3
id-19798	10	20	18	6.7
id-19799	2	2	6	5.1
id-19800	10	6	12	6.2
id-19801	1	2	14	5.0
id-19802	2	3	9	6.7
id-19803	7	5	2	6.8
id-19804	4	2	5	5.7
id-19805	2	2	28	6.1
id-19806	6	3	21	6.7
id-19807	3	2	15	6.7
id-19808	2	4	29	5.5
id-19809	2	3	12	5.1
id-19810	7	9	13	6.9
id-19811	6	5	20	6.0
id-19812	5	7	7	6.6
id-19813	5	10	24	5.1
id-19814	6	9	4	5.6
id-19815	6	7	4	5.9
id-19816	1	2	4	5.1
id-19817	2	4	7	6.2
id-19818	4	2	9	6.3
id-19819	9	12	13	7.0
id-19820	4	8	9	7.0
id-19821	2	4	24	6.8
id-19822	1	2	21	6.9
id-19823	3	6	13	6.1
id-19824	3	6	30	6.7
id-19825	2	2	8	5.1
id-19826	10	12	26	6.3
id-19827	8	9	1	6.6
id-19828	4	8	28	6.3
id-19829	2	4	8	6.0
id-19830	1	2	6	6.1
id-19831	4	5	8	6.9
id-19832	1	2	18	6.5
id-19833	10	9	27	6.9
id-19834	6	12	3	6.3
id-19835	7	7	25	5.2
id-19836	2	3	1	7.0
id-19837	9	9	20	5.5
id-19838	4	6	3	5.3
id-19839	8	10	29	5.4
id-19840	10	6	9	6.4
id-19841	10	5	15	5.3
id-19842	5	9	8	6.5
id-19843	4	3	26	6.1
id-19844	6	7	11	6.1
id-19845	2	3	29	5.6
id-19846	10	20	30	6.3
id-19847	7	14	14	6.9
id-19848	1	2	5	5.8
id-19849	3	5	16	5.6
id-19850	8	15	12	5.2
id-19851	4	5	24	7.0
id-19852	9	7	28	6.2
id-19853	6	3	8	6.4
id-19854	8	12	30	5.2
id-19855	6	6	7	5.5
id-19856	5	7	22	6.1
id-19857	10	17	13	5.8
id-19858	5	3	21	6.2
id-19859	6	3	2	6.5
id-19860	1	2	3	5.9
id-19861	4	7	30	6.3
id-19862	3	6	13	6.2
id-19863	1	2	7	6.2
id-19864	2	2	6	7.0
id-19865	2	3	17	5.2
id-19866	9	2	2	5.3
id-19867	1	2	15	6.3
id-19868	10	20	1	5.4
id-19869	8	12	22	6.2
id-19870	2	3	16	6.7
id-19871	3	4	5	5.0
id-19872	7	8	25	7.0
id-19873	9	13	19	6.2
id-19874	6	5	23	6.5
id-19875	1	2	15	5.7
id-19876	10	18	4	6.4
id-19877	10	3	20	6.5
id-19878	4	7	11	5.8
id-19879	8	11	24	5.5
id-19880	7	7	28	5.8
id-19881	2	3	16	6.3
id-19882	5	10	24	6.6
id-19883	2	4	23	5.7
id-19884	1	2	19	5.2
id-19885	6	9	23	5.4
id-19886	2	4	6	5.7
id-19887	1	2	26	6.5
id-19888	7	12	5	5.4
id-19889	5	9	1	6.8
id-19890	2	3	20	5.0
id-19891	4	6	16	6.1
id-19892	4	2	8	5.8
id-19893	4	3	14	7.0
id-19894	1	2	9	5.3
id-19895	6	9	25	6.6
id-19896	6	3	8	6.2
id-19897	4	8	15	5.3
id-19898	6	6	4	6.5
id-19899	5	3	23	6.6
id-19900	3	6	6	5.1
id-19901	2	4	8	6.7
id-19902	6	2	1	6.8
id-19903	2	4	27	6.4
id-19904	8	9	7	6.5
id-19905	4	3	3	5.9
id-19906	1	2	6	5.1
id-19907	9	6	22	6.2
id-19908	9	15	28	6.1
id-19909	3	5	29	6.3
id-19910	10	14	25	5.0
id-19911	8	15	19	6.1
id-19912	10	19	22	6.7
id-19913	3	3	18	6.1
id-19914	7	12	29	6.6
id-19915	5	10	24	6.7
id-19916	6	11	14	6.5
id-19917	6	9	29	5.9
id-19918	3	4	11	7.0
id-19919	3	2	29	6.0
id-19920	1	2	18	6.5
id-19921	8	2	25	5.1
id-19922	8	12	20	5.1
id-19923	4	7	6	5.2
id-19924	2	3	9	5.7
id-19925	10	16	27	5.1
id-19926	3	5	8	5.1
id-19927	2	3	11	6.7
id-19928	10	9	21	5.2
id-19929	2	2	14	5.0
id-19930	9	6	21	5.5
id-19931	10	13	12	5.3
id-19932	8	14	9	5.6
id-19933	2	4	24	6.0
id-19934	5	2	22	6.6
id-19935	2	4	7	5.8
id-19936	6	6	7	5.0
id-19937	7	3	13	6.3
id-19938	5	3	4	6.0
id-19939	4	8	21	5.3
id-19940	2	4	2	6.3
id-19941	8	10	10	6.6
id-19942	3	2	16	6.5
id-19943	5	7	8	6.0
id-19944	1	2	21	6.0
id-19945	5	3	13	5.2
id-19946	1	2	13	5.5
id-19947	9	18	22	5.5
id-19948	2	3	10	5.1
id-19949	5	2	27	5.6
id-19950	8	15	2	6.6
id-19951	9	16	13	5.4
id-19952	4	6	6	5.8
id-19953	2	2	27	5.8
id-19954	10	10	5	6.4
id-19955	5	2	8	5.6
id-19956	3	3	2	6.7
id-19957	8	8	17	5.8
id-19958	10	5	16	5.5
id-19959	9	5	22	5.2
id-19960	6	6	15	5.5
id-19961	7	4	28	5.0
id-19962	10	15	30	6.3
id-19963	2	3	2	5.3
id-19964	4	6	6	5.1
id-19965	9	3	3	6.0
id-19966	2	3	21	5.5
id-19967	4	8	8	6.3
id-19968	6	11	6	6.4
id-19969	4	4	26	7.0
id-19970	8	11	1	6.6
id-19971	10	9	4	6.6
id-19972	10	3	25	5.8
id-19973	7	10	5	6.7
id-19974	5	6	16	5.4
id-19975	8	7	3	6.8
id-19976	3	2	13	6.1
id-19977	8	15	16	5.2
id-19978	1	2	8	5.8
id-19979	7	8	9	5.1
id-19980	9	4	9	7.0
id-19981	10	9	26	5.9
id-19982	4	6	4	6.8
id-19983	8	14	1	6.1
id-19984	4	6	17	5.8
id-19985	8	14	7	6.0
id-19986	10	17	28	5.6
id-19987	2	4	4	5.7
id-19988	3	4	17	6.7
id-19989	8	5	28	6.0
id-19990	1	2	27	5.2
id-19991	8	15	4	5.8
id-19992	2	4	5	5.8
id-19993	6	9	23	5.1
id-19994	5	4	24	6.2
id-19995	7	8	7	5.7
id-19996	4	7	3	5.8
id-19997	9	7	8	5.3
id-19998	4	2	14	5.1
id-19999	4	6	14	6.3
