id-00000	8	8	6	6.2
id-00001	4	5	2	6.5
id-00002	1	2	17	5.7
id-00003	1	2	3	6.1
id-00004	8	8	17	5.5
id-00005	2	3	8	5.2
id-00006	10	17	12	6.1
id-00007	1	2	27	6.1
id-00008	4	4	29	5.8
id-00009	9	10	12	6.6
id-00010	2	3	9	5.2
id-00011	10	11	6	6.8
id-00012	4	7	11	5.8
id-00013	2	4	21	5.6
id-00014	7	4	2	6.2
id-00015	7	2	4	5.9
id-00016	7	10	7	5.4
id-00017	2	4	14	6.2
id-00018	2	4	27	5.9
id-00019	4	5	10	6.5
id-00020	2	2	15	5.1
id-00021	2	4	30	6.9
id-00022	5	6	15	6.3
id-00023	10	18	18	5.4
id-00024	10	5	4	5.8
id-00025	6	8	23	6.8
id-00026	10	19	6	6.2
id-00027	2	3	6	6.9
id-00028	10	11	13	5.1
id-00029	10	6	14	5.0
id-00030	2	2	4	5.1
id-00031	10	18	4	5.3
id-00032	10	13	28	5.7
id-00033	7	9	7	5.0
id-00034	10	15	28	6.3
id-00035	9	4	28	6.8
id-00036	3	3	30	6.8
id-00037	9	13	9	5.2
id-00038	8	7	12	5.4
id-00039	3	5	29	6.2
id-00040	2	4	18	5.8
id-00041	8	11	17	7.0
id-00042	10	3	30	5.4
id-00043	4	7	14	5.4
id-00044	2	4	14	6.5
id-00045	8	14	19	5.5
id-00046	8	10	15	6.8
id-00047	9	10	12	5.1
id-00048	8	8	4	5.2
id-00049	7	7	2	5.2
id-00050	7	14	21	6.7
id-00051	10	13	28	6.8
id-00052	6	3	22	6.4
id-00053	8	5	30	6.1
id-00054	9	5	13	6.2
id-00055	9	3	8	5.3
id-00056	5	8	24	6.1
id-00057	4	4	19	6.8
id-00058	10	5	30	6.8
id-00059	2	4	1	6.1
id-00060	10	17	7	6.8
id-00061	4	8	24	6.1
id-00062	1	2	16	6.6
id-00063	9	17	3	6.0
id-00064	1	2	23	6.6
id-00065	3	3	22	5.1
id-00066	4	4	24	5.4
id-00067	9	10	19	5.3
id-00068	5	3	13	5.2
id-00069	2	3	21	5.6
id-00070	10	7	7	6.6
id-00071	7	8	19	5.4
id-00072	1	2	14	5.3
id-00073	8	5	20	6.2
id-00074	7	12	18	6.3
id-00075	1	2	24	6.9
id-00076	7	8	13	6.9
id-00077	6	5	1	6.0
id-00078	7	8	2	5.5
id-00079	7	11	21	6.8
id-00080	10	3	14	5.5
id-00081	8	4	9	5.2
id-00082	4	4	26	6.0
id-00083	7	11	4	6.4
id-00084	2	2	26	5.4
id-00085	9	17	6	5.6
id-00086	2	3	1	6.4
id-00087	2	3	19	6.8
id-00088	2	2	27	6.5
id-00089	10	16	8	6.1
id-00090	7	13	18	5.5
id-00091	6	10	23	6.5
id-00092	6	11	1	5.4
id-00093	8	4	7	5.1
id-00094	6	10	11	5.6
id-00095	7	9	23	5.5
id-00096	6	9	18	5.2
id-00097	1	2	24	6.4
id-00098	4	4	20	5.8
id-00099	5	7	6	6.7
id-00100	9	14	10	6.7
id-00101	7	5	20	7.0
id-00102	9	3	14	6.4
id-00103	3	5	26	6.7
id-00104	8	6	15	6.9
id-00105	3	3	20	5.8
id-00106	7	7	30	6.6
id-00107	6	10	19	5.0
id-00108	5	10	30	6.6
id-00109	2	2	8	6.5
id-00110	7	2	23	6.3
id-00111	9	14	15	5.4
id-00112	6	6	22	6.1
id-00113	9	7	26	6.4
id-00114	2	3	12	5.5
id-00115	5	5	27	5.2
id-00116	5	6	29	6.2
id-00117	4	8	28	6.7
id-00118	4	4	29	5.3
id-00119	4	8	2	5.4
id-00120	6	5	23	6.3
id-00121	1	2	28	6.8
id-00122	5	2	2	5.9
id-00123	4	2	12	6.7
id-00124	7	5	15	5.5
id-00125	3	5	18	6.2
id-00126	5	3	15	7.0
id-00127	8	9	23	6.4
id-00128	7	5	12	6.7
id-00129	6	3	14	6.7
id-00130	6	11	12	6.8
id-00131	9	12	2	5.2
id-00132	8	15	15	5.3
id-00133	9	2	8	6.1
id-00134	8	16	11	6.4
id-00135	8	3	25	5.8
id-00136	6	2	20	5.2
id-00137	9	13	14	6.0
id-00138	2	2	26	5.5
id-00139	10	12	16	5.4
id-00140	1	2	21	6.0
id-00141	2	4	17	6.7
id-00142	8	9	10	6.8
id-00143	5	3	26	6.5
id-00144	7	3	4	5.3
id-00145	9	4	20	6.6
id-00146	4	7	29	6.6
id-00147	8	2	7	6.7
id-00148	3	3	5	6.4
id-00149	3	4	26	6.0
id-00150	9	10	6	5.4
id-00151	8	14	4	6.6
id-00152	10	9	4	6.7
id-00153	4	5	15	6.3
id-00154	7	13	14	6.0
id-00155	5	9	1	5.7
id-00156	8	11	8	5.1
id-00157	5	2	17	5.8
id-00158	5	3	14	5.9
id-00159	4	5	19	5.5
id-00160	4	6	12	6.2
id-00161	2	3	12	6.9
id-00162	2	2	15	5.1
id-00163	2	3	5	5.5
id-00164	5	2	9	5.9
id-00165	3	2	8	5.0
id-00166	1	2	7	5.6
id-00167	4	7	18	6.2
id-00168	5	6	3	6.9
id-00169	8	8	19	5.6
id-00170	8	15	18	5.3
id-00171	9	2	2	6.5
id-00172	4	8	17	6.7
id-00173	5	3	10	6.7
id-00174	2	2	8	5.2
id-00175	10	11	30	6.1
id-00176	1	2	6	5.7
id-00177	2	3	16	5.7
id-00178	5	9	20	6.2
id-00179	9	4	20	5.4
id-00180	10	20	7	6.5
id-00181	6	9	18	6.7
id-00182	1	2	25	5.9
id-00183	5	8	21	5.4
id-00184	1	2	6	6.5
id-00185	10	13	3	5.4
id-00186	10	15	14	5.3
id-00187	7	7	20	6.6
id-00188	7	5	10	6.2
id-00189	7	13	5	5.6
id-00190	6	4	11	6.7
id-00191	4	6	19	5.0
id-00192	2	2	13	5.5
id-00193	5	4	4	6.7
id-00194	4	2	5	6.8
id-00195	10	7	3	7.0
id-00196	2	3	6	6.2
id-00197	10	3	29	6.8
id-00198	4	4	19	6.4
id-00199	2	4	9	5.6
id-00200	4	8	9	6.0
id-00201	3	2	3	5.4
id-00202	8	10	9	6.1
id-00203	2	3	4	6.8
id-00204	9	14	29	6.3
id-00205	7	11	23	5.7
id-00206	5	9	28	6.3
id-00207	9	8	24	6.2
id-00208	9	12	12	5.8
id-00209	2	2	17	5.6
id-00210	8	13	21	5.7
id-00211	8	2	12	5.4
id-00212	6	12	10	6.6
id-00213	4	4	24	5.4
id-00214	10	2	6	6.0
id-00215	8	12	24	5.5
id-00216	6	12	1	5.6
id-00217	5	4	28	5.1
id-00218	1	2	22	6.3
id-00219	6	8	24	6.3
id-00220	5	10	13	5.2
id-00221	3	4	3	6.8
id-00222	3	2	2	5.0
id-00223	4	4	22	6.3
id-00224	4	4	29	7.0
id-00225	2	3	21	5.8
id-00226	3	2	8	7.0
id-00227	10	20	3	5.2
id-00228	10	16	9	6.8
id-00229	1	2	25	6.0
id-00230	4	8	14	7.0
id-00231	1	2	4	6.0
id-00232	6	9	6	6.7
id-00233	8	6	24	5.2
id-00234	1	2	27	6.3
id-00235	5	2	1	6.4
id-00236	2	2	22	6.8
id-00237	2	3	24	6.5
id-00238	8	4	3	6.0
id-00239	4	4	27	5.3
id-00240	1	2	7	6.7
id-00241	9	7	6	6.8
id-00242	9	10	17	6.2
id-00243	5	3	26	5.8
id-00244	1	2	28	5.5
id-00245	1	2	17	5.3
id-00246	3	2	20	5.3
id-00247	1	2	25	6.3
id-00248	9	10	9	6.9
id-00249	2	2	22	5.4
id-00250	5	10	14	5.8
id-00251	10	8	7	6.6
id-00252	9	15	26	6.9
id-00253	10	2	24	6.3
id-00254	5	3	14	6.1
id-00255	4	4	30	6.9
id-00256	3	2	6	5.1
id-00257	8	16	10	6.2
id-00258	10	14	5	5.8
id-00259	5	4	6	5.6
id-00260	4	4	18	6.3
id-00261	5	10	5	6.7
id-00262	2	3	28	6.8
id-00263	1	2	11	6.7
id-00264	10	14	8	6.3
id-00265	9	5	18	5.7
id-00266	7	3	19	5.1
id-00267	5	4	5	5.4
id-00268	4	8	15	7.0
id-00269	2	4	22	6.2
id-00270	6	8	29	5.7
id-00271	9	17	22	7.0
id-00272	6	10	12	5.7
id-00273	9	16	9	7.0
id-00274	6	8	29	5.1
id-00275	1	2	13	5.2
id-00276	6	11	27	6.1
id-00277	4	2	29	6.6
id-00278	10	8	26	6.6
id-00279	4	5	14	6.1
id-00280	3	2	14	5.8
id-00281	3	4	21	5.4
id-00282	5	4	3	5.0
id-00283	3	4	18	6.8
id-00284	1	2	3	6.1
id-00285	5	10	15	6.7
id-00286	2	4	20	5.5
id-00287	1	2	30	5.4
id-00288	3	2	30	5.6
id-00289	10	15	18	6.5
id-00290	1	2	6	7.0
id-00291	5	8	19	6.1
id-00292	2	2	27	6.3
id-00293	4	5	1	6.3
id-00294	1	2	14	6.5
id-00295	5	2	30	5.7
id-00296	8	9	11	5.1
id-00297	9	11	5	5.8
id-00298	1	2	9	6.9
id-00299	9	11	27	5.9
id-00300	6	8	3	5.4
id-00301	3	4	2	5.4
id-00302	6	8	26	5.8
id-00303	10	7	6	6.9
id-00304	4	2	11	6.2
id-00305	9	3	9	6.5
id-00306	2	4	8	5.9
id-00307	3	4	16	5.5
id-00308	5	4	25	6.8
id-00309	3	3	18	5.4
id-00310	10	8	22	6.3
id-00311	2	2	6	5.4
id-00312	9	16	27	5.9
id-00313	5	4	5	6.6
id-00314	9	18	23	6.0
id-00315	3	4	30	5.3
id-00316	6	4	17	6.8
id-00317	10	11	19	6.9
id-00318	10	9	7	5.6
id-00319	5	9	26	6.8
id-00320	1	2	22	6.5
id-00321	7	12	11	6.5
id-00322	9	18	11	6.3
id-00323	3	3	28	6.6
id-00324	4	7	8	6.5
id-00325	8	15	19	7.0
id-00326	10	11	8	5.3
id-00327	8	11	16	5.8
id-00328	6	2	23	5.8
id-00329	5	7	12	6.6
id-00330	2	2	20	6.1
id-00331	5	4	13	5.8
id-00332	9	10	17	6.6
id-00333	5	6	19	5.4
id-00334	9	18	14	5.0
id-00335	3	2	7	6.6
id-00336	3	6	4	5.8
id-00337	3	2	30	6.2
id-00338	2	4	9	6.6
id-00339	3	4	24	5.7
id-00340	1	2	22	6.2
id-00341	9	16	5	5.7
id-00342	9	3	7	6.2
id-00343	4	3	20	5.5
id-00344	6	5	22	5.2
id-00345	6	2	17	5.9
id-00346	2	2	8	6.9
id-00347	1	2	25	6.9
id-00348	2	3	2	6.8
id-00349	7	4	4	7.0
id-00350	10	14	25	5.8
id-00351	4	7	28	5.8
id-00352	3	3	30	5.7
id-00353	4	8	30	5.3
id-00354	10	7	5	6.5
id-00355	4	8	4	6.0
id-00356	7	13	19	6.3
id-00357	9	13	11	5.2
id-00358	6	7	21	6.7
id-00359	3	6	18	6.5
id-00360	4	5	4	5.3
id-00361	6	8	21	6.0
id-00362	5	5	25	6.9
id-00363	5	4	7	5.1
id-00364	2	3	20	6.8
id-00365	1	2	9	6.1
id-00366	6	10	25	6.3
id-00367	1	2	6	5.9
id-00368	6	2	1	6.8
id-00369	10	19	20	5.3
id-00370	7	2	21	5.7
id-00371	5	6	27	5.1
id-00372	3	6	11	6.2
id-00373	5	3	19	5.7
id-00374	7	14	22	6.9
id-00375	10	15	13	6.3
id-00376	6	8	1	5.9
id-00377	2	4	30	6.0
id-00378	9	5	9	5.9
id-00379	4	7	4	6.4
id-00380	7	13	14	5.0
id-00381	5	3	13	6.9
id-00382	8	2	21	6.4
id-00383	7	13	13	6.7
id-00384	1	2	19	5.4
id-00385	5	6	27	6.4
id-00386	6	9	4	6.2
id-00387	3	3	25	6.4
id-00388	3	3	30	5.2
id-00389	2	2	25	5.5
id-00390	6	11	25	5.3
id-00391	1	2	23	5.4
id-00392	6	5	16	5.5
id-00393	8	11	2	5.5
id-00394	1	2	2	5.8
id-00395	6	11	18	6.5
id-00396	8	6	8	6.3
id-00397	6	7	21	5.0
id-00398	8	2	19	5.1
id-00399	6	12	23	6.2
id-00400	5	3	11	6.0
id-00401	2	3	12	6.1
id-00402	2	3	17	5.8
id-00403	10	8	23	5.8
id-00404	5	5	15	5.9
id-00405	8	9	13	5.0
id-00406	5	5	10	6.7
id-00407	3	5	28	6.8
id-00408	1	2	11	6.6
id-00409	2	4	21	5.1
id-00410	7	4	30	5.7
id-00411	3	6	22	5.3
id-00412	6	2	13	5.7
id-00413	6	5	2	6.4
id-00414	10	19	15	6.2
id-00415	9	3	19	6.6
id-00416	1	2	29	5.3
id-00417	1	2	19	5.4
id-00418	3	6	29	6.0
id-00419	1	2	18	5.7
id-00420	8	10	13	6.6
id-00421	4	8	28	5.2
id-00422	2	2	8	5.2
id-00423	6	5	3	5.8
id-00424	2	3	7	6.7
id-00425	8	4	4	6.6
id-00426	2	2	19	6.8
id-00427	4	8	7	6.5
id-00428	8	2	21	5.6
id-00429	9	7	27	6.1
id-00430	5	6	28	6.2
id-00431	8	14	28	5.0
id-00432	5	10	19	6.3
id-00433	4	2	17	6.4
id-00434	10	15	21	5.1
id-00435	10	16	21	6.8
id-00436	5	4	30	6.7
id-00437	4	4	5	5.2
id-00438	8	5	11	6.4
id-00439	9	7	17	5.9
id-00440	5	4	27	5.1
id-00441	3	5	1	5.6
id-00442	10	15	5	5.4
id-00443	3	6	21	5.2
id-00444	2	2	24	5.5
id-00445	7	3	23	6.3
id-00446	10	18	17	6.5
id-00447	1	2	20	6.0
id-00448	5	3	1	6.3
id-00449	1	2	16	6.4
id-00450	9	9	2	5.2
id-00451	9	10	9	6.3
id-00452	4	6	10	5.0
id-00453	5	9	6	6.5
id-00454	1	2	9	6.8
id-00455	5	5	15	5.5
id-00456	6	10	12	6.7
id-00457	4	7	2	6.1
id-00458	1	2	17	5.2
id-00459	9	14	18	6.5
id-00460	3	4	23	6.2
id-00461	9	8	17	5.7
id-00462	4	3	12	6.2
id-00463	10	14	13	5.3
id-00464	2	3	30	6.1
id-00465	8	12	14	6.6
id-00466	5	6	14	5.3
id-00467	7	11	28	6.4
id-00468	8	2	17	6.0
id-00469	8	14	5	6.7
id-00470	7	14	2	5.6
id-00471	1	2	20	5.8
id-00472	9	9	14	6.4
id-00473	2	4	23	5.4
id-00474	5	10	18	5.7
id-00475	10	14	4	5.6
id-00476	6	12	22	6.9
id-00477	1	2	11	5.4
id-00478	7	14	2	6.2
id-00479	7	13	20	5.3
id-00480	5	5	27	6.7
id-00481	6	3	26	5.9
id-00482	9	17	29	5.2
id-00483	3	3	9	5.1
id-00484	1	2	11	6.7
id-00485	8	14	27	6.5
id-00486	7	6	10	6.2
id-00487	7	5	9	5.2
id-00488	4	4	2	5.0
id-00489	5	9	25	7.0
id-00490	7	13	19	5.6
id-00491	6	8	24	7.0
id-00492	10	20	23	6.8
id-00493	4	4	2	5.9
id-00494	5	6	17	5.6
id-00495	2	2	7	6.7
id-00496	4	3	4	5.1
id-00497	10	14	28	5.0
id-00498	8	4	19	6.2
id-00499	7	4	23	5.0
id-00500	8	8	3	5.2
id-00501	4	6	18	5.6
id-00502	7	4	4	6.2
id-00503	3	4	8	5.3
id-00504	5	3	26	6.3
id-00505	5	6	25	7.0
id-00506	1	2	4	6.1
id-00507	3	2	18	6.1
id-00508	8	3	30	5.2
id-00509	10	10	23	6.4
id-00510	2	2	9	6.7
id-00511	3	5	30	5.4
id-00512	9	6	8	6.5
id-00513	8	12	25	5.8
id-00514	6	12	4	6.0
id-00515	7	5	1	6.8
id-00516	4	6	9	5.0
id-00517	5	3	27	6.5
id-00518	9	5	25	6.1
id-00519	9	4	25	5.3
id-00520	8	4	11	5.9
id-00521	1	2	4	6.6
id-00522	2	3	26	6.8
id-00523	3	3	11	5.9
id-00524	5	7	22	5.6
id-00525	2	4	20	6.1
id-00526	3	5	22	6.9
id-00527	2	4	23	5.4
id-00528	5	9	30	6.6
id-00529	6	12	6	5.1
id-00530	4	5	22	6.0
id-00531	10	3	27	5.4
id-00532	6	7	1	6.9
id-00533	2	3	29	6.1
id-00534	8	5	8	5.8
id-00535	10	10	21	5.5
id-00536	2	3	15	5.4
id-00537	9	9	12	6.6
id-00538	10	4	22	5.7
id-00539	9	11	8	5.0
id-00540	8	3	25	5.6
id-00541	10	6	19	5.7
id-00542	10	5	18	5.7
id-00543	7	3	12	5.1
id-00544	4	6	27	5.4
id-00545	6	9	2	5.9
id-00546	4	6	7	6.9
id-00547	1	2	24	6.4
id-00548	10	20	5	5.6
id-00549	5	9	14	5.7
id-00550	3	5	28	6.0
id-00551	2	2	28	6.4
id-00552	9	6	7	5.0
id-00553	7	12	14	5.9
id-00554	3	6	1	5.4
id-00555	9	12	24	6.8
id-00556	4	5	13	6.0
id-00557	2	4	23	6.1
id-00558	6	4	21	6.2
id-00559	3	2	6	6.2
id-00560	2	4	14	6.4
id-00561	10	2	30	5.9
id-00562	8	16	15	5.6
id-00563	3	5	2	6.3
id-00564	7	10	30	6.4
id-00565	1	2	17	6.9
id-00566	9	16	14	6.8
id-00567	1	2	7	5.7
id-00568	8	2	22	6.2
id-00569	4	7	6	5.2
id-00570	5	4	27	6.5
id-00571	4	7	30	6.7
id-00572	1	2	15	5.1
id-00573	2	2	7	6.6
id-00574	9	16	12	5.7
id-00575	10	11	22	6.8
id-00576	8	2	23	6.9
id-00577	5	3	17	6.5
id-00578	8	10	19	6.1
id-00579	1	2	6	6.6
id-00580	3	6	25	6.2
id-00581	3	2	28	6.5
id-00582	4	3	28	6.5
id-00583	1	2	5	5.0
id-00584	1	2	8	6.0
id-00585	5	2	7	6.4
id-00586	5	5	12	6.8
id-00587	7	13	30	5.6
id-00588	5	4	3	5.2
id-00589	2	4	21	5.2
id-00590	10	9	18	5.4
id-00591	2	4	3	5.9
id-00592	10	20	6	5.6
id-00593	6	10	29	5.7
id-00594	2	2	4	6.8
id-00595	8	13	21	5.2
id-00596	8	8	19	6.1
id-00597	9	2	17	6.5
id-00598	3	2	11	5.9
id-00599	2	4	2	5.2
id-00600	3	2	12	5.3
id-00601	10	8	1	5.8
id-00602	3	5	26	5.3
id-00603	3	4	25	6.1
id-00604	7	11	15	6.1
id-00605	1	2	15	6.3
id-00606	2	2	17	6.0
id-00607	8	13	26	5.9
id-00608	7	8	29	6.5
id-00609	7	5	23	7.0
id-00610	5	9	29	6.2
id-00611	8	8	8	5.9
id-00612	2	2	7	6.4
id-00613	8	7	23	6.3
id-00614	10	7	12	5.6
id-00615	5	4	12	5.2
id-00616	3	6	7	6.5
id-00617	6	11	26	5.3
id-00618	6	4	21	5.5
id-00619	8	11	28	5.8
id-00620	1	2	24	6.9
id-00621	6	8	16	5.6
id-00622	9	16	16	5.6
id-00623	9	18	3	5.1
id-00624	6	5	4	5.8
id-00625	1	2	6	6.3
id-00626	1	2	11	5.7
id-00627	2	3	29	6.8
id-00628	2	4	28	6.5
id-00629	1	2	6	5.8
id-00630	1	2	30	5.7
id-00631	10	16	23	6.9
id-00632	10	2	16	5.5
id-00633	8	15	30	6.9
id-00634	7	3	7	6.3
id-00635	6	11	19	6.6
id-00636	9	11	20	5.1
id-00637	9	3	30	6.9
id-00638	10	12	1	5.0
id-00639	5	4	4	6.1
id-00640	7	11	15	6.0
id-00641	2	2	5	5.9
id-00642	8	14	4	6.8
id-00643	4	8	18	6.3
id-00644	1	2	12	5.4
id-00645	5	9	16	6.9
id-00646	9	6	12	5.6
id-00647	1	2	11	6.4
id-00648	8	3	27	6.9
id-00649	5	4	6	6.9
id-00650	1	2	24	5.4
id-00651	4	2	15	5.2
id-00652	4	3	30	6.9
id-00653	10	20	15	6.9
id-00654	5	3	20	6.8
id-00655	3	5	28	5.7
id-00656	8	2	2	6.1
id-00657	10	5	19	5.4
id-00658	5	3	17	6.5
id-00659	3	4	18	6.9
id-00660	7	2	10	6.0
id-00661	1	2	1	6.0
id-00662	9	10	6	6.1
id-00663	6	10	13	5.3
id-00664	8	14	10	5.6
id-00665	5	10	23	6.4
id-00666	10	16	25	6.7
id-00667	5	8	3	7.0
id-00668	4	3	19	6.8
id-00669	1	2	8	5.4
id-00670	10	9	19	6.3
id-00671	8	16	8	6.1
id-00672	4	7	14	6.1
id-00673	1	2	17	6.9
id-00674	2	2	16	6.2
id-00675	8	5	25	6.5
id-00676	10	20	18	6.5
id-00677	3	4	26	6.1
id-00678	8	13	2	6.7
id-00679	3	6	8	6.3
id-00680	6	8	6	6.2
id-00681	6	5	17	6.2
id-00682	5	4	26	6.9
id-00683	2	2	1	5.5
id-00684	10	13	11	6.7
id-00685	1	2	16	5.7
id-00686	10	6	16	6.9
id-00687	1	2	28	6.3
id-00688	1	2	14	6.8
id-00689	8	15	1	5.0
id-00690	5	6	1	6.5
id-00691	6	10	14	5.6
id-00692	5	9	17	5.5
id-00693	2	2	27	5.5
id-00694	1	2	18	6.8
id-00695	9	15	3	5.5
id-00696	5	4	16	5.9
id-00697	9	9	28	5.8
id-00698	4	4	27	5.8
id-00699	6	11	1	7.0
id-00700	10	8	2	5.8
id-00701	6	10	1	5.9
id-00702	5	7	25	6.7
id-00703	6	7	16	6.1
id-00704	7	3	4	6.3
id-00705	5	5	4	6.3
id-00706	1	2	5	6.0
id-00707	2	4	1	6.8
id-00708	7	9	12	6.0
id-00709	7	8	25	6.1
id-00710	5	2	10	6.0
id-00711	5	9	13	5.6
id-00712	6	3	21	6.6
id-00713	9	12	29	6.8
id-00714	4	2	5	5.8
id-00715	6	12	4	6.2
id-00716	5	10	10	6.3
id-00717	2	3	25	6.4
id-00718	5	2	17	6.9
id-00719	3	5	7	6.7
id-00720	2	3	29	5.1
id-00721	2	4	5	5.5
id-00722	5	10	10	5.4
id-00723	10	7	14	6.2
id-00724	2	3	22	6.4
id-00725	9	2	14	6.3
id-00726	5	6	28	5.7
id-00727	3	5	4	5.0
id-00728	5	4	21	6.3
id-00729	1	2	17	6.2
id-00730	6	10	24	6.4
id-00731	9	14	26	5.0
id-00732	2	2	25	5.3
id-00733	3	2	10	6.9
id-00734	3	3	15	5.7
id-00735	8	2	13	6.0
id-00736	8	2	8	5.9
id-00737	10	2	10	6.6
id-00738	7	9	10	6.5
id-00739	9	12	22	5.3
id-00740	4	4	17	6.6
id-00741	10	11	25	5.4
id-00742	10	7	18	5.6
id-00743	1	2	5	5.7
id-00744	6	2	16	5.6
id-00745	3	3	23	6.0
id-00746	9	18	16	6.4
id-00747	8	3	29	6.4
id-00748	1	2	17	5.5
id-00749	9	7	28	6.2
id-00750	1	2	23	6.4
id-00751	6	6	21	6.0
id-00752	10	17	1	5.1
id-00753	1	2	21	6.3
id-00754	10	13	3	5.9
id-00755	10	14	21	5.8
id-00756	9	13	7	6.3
id-00757	7	13	28	6.8
id-00758	10	20	8	6.5
id-00759	4	4	20	5.4
id-00760	4	7	24	5.0
id-00761	5	4	4	5.3
id-00762	10	3	16	5.8
id-00763	9	16	22	6.7
id-00764	3	2	28	6.9
id-00765	1	2	30	5.5
id-00766	7	7	13	6.1
id-00767	1	2	30	6.6
id-00768	1	2	19	6.7
id-00769	9	2	11	5.2
id-00770	7	12	27	5.8
id-00771	8	2	10	6.7
id-00772	6	5	8	6.0
id-00773	3	4	13	6.4
id-00774	3	4	28	6.6
id-00775	8	14	2	6.5
id-00776	9	8	23	5.1
id-00777	3	2	30	6.8
id-00778	10	10	8	6.8
id-00779	1	2	21	6.6
id-00780	2	2	12	5.9
id-00781	7	2	28	5.9
id-00782	8	7	7	6.8
id-00783	7	8	27	6.2
id-00784	6	4	27	6.1
id-00785	2	4	28	6.5
id-00786	2	2	6	6.5
id-00787	10	13	6	6.2
id-00788	8	9	4	6.4
id-00789	8	5	9	5.2
id-00790	2	4	28	6.8
id-00791	6	3	22	5.1
id-00792	7	12	15	5.7
id-00793	9	3	26	5.8
id-00794	1	2	16	5.9
id-00795	3	4	27	6.5
id-00796	10	7	26	6.1
id-00797	5	3	29	6.2
id-00798	9	4	30	5.7
id-00799	1	2	16	5.9
id-00800	10	17	27	6.3
id-00801	6	12	17	6.5
id-00802	9	7	2	5.8
id-00803	10	7	8	6.7
id-00804	5	8	27	6.0
id-00805	2	4	28	6.2
id-00806	3	5	18	5.0
id-00807	2	3	25	6.4
id-00808	5	4	7	5.3
id-00809	7	14	22	5.8
id-00810	2	3	13	6.8
id-00811	9	4	1	6.2
id-00812	1	2	26	6.4
id-00813	8	4	27	6.3
id-00814	8	2	2	6.9
id-00815	5	5	2	6.9
id-00816	7	3	7	6.3
id-00817	4	7	2	5.2
id-00818	9	15	15	6.2
id-00819	3	5	9	5.6
id-00820	4	8	10	6.7
id-00821	5	9	14	5.1
id-00822	1	2	25	5.1
id-00823	5	4	17	5.0
id-00824	6	10	27	5.5
id-00825	10	20	23	5.3
id-00826	8	5	9	6.0
id-00827	6	3	8	5.4
id-00828	7	6	3	6.5
id-00829	4	6	26	6.6
id-00830	2	2	26	6.1
id-00831	1	2	14	6.2
id-00832	1	2	30	5.1
id-00833	9	3	8	5.7
id-00834	3	3	5	6.5
id-00835	6	12	20	6.9
id-00836	1	2	20	6.8
id-00837	8	2	2	5.4
id-00838	7	12	11	6.1
id-00839	10	12	21	6.9
id-00840	1	2	19	6.0
id-00841	4	2	25	5.2
id-00842	10	11	25	5.0
id-00843	8	14	26	5.3
id-00844	4	6	15	5.8
id-00845	7	2	30	6.7
id-00846	4	6	17	6.8
id-00847	6	7	16	6.4
id-00848	10	17	25	6.7
id-00849	6	8	21	6.5
id-00850	2	4	12	6.8
id-00851	5	7	4	6.1
id-00852	3	3	16	5.4
id-00853	7	3	4	6.4
id-00854	2	4	25	5.5
id-00855	2	3	22	5.2
id-00856	2	4	27	6.4
id-00857	9	11	22	6.6
id-00858	5	9	28	5.0
id-00859	9	6	13	5.3
id-00860	10	15	28	7.0
id-00861	6	8	9	6.8
id-00862	5	6	5	6.1
id-00863	10	7	15	6.2
id-00864	8	7	4	7.0
id-00865	9	4	27	6.9
id-00866	4	8	1	5.0
id-00867	7	6	4	6.2
id-00868	6	7	12	5.5
id-00869	2	2	19	5.7
id-00870	4	2	10	7.0
id-00871	6	7	22	5.8
id-00872	3	4	27	5.2
id-00873	8	16	1	5.6
id-00874	5	6	30	6.5
id-00875	10	16	20	5.8
id-00876	1	2	16	6.3
id-00877	3	3	23	6.3
id-00878	5	7	16	6.4
id-00879	2	4	2	6.1
id-00880	2	4	7	5.3
id-00881	5	9	22	5.7
id-00882	10	15	5	5.4
id-00883	6	7	14	6.5
id-00884	5	6	19	5.0
id-00885	10	10	9	5.6
id-00886	7	7	10	6.1
id-00887	9	2	5	5.3
id-00888	8	4	13	5.7
id-00889	9	2	4	6.8
id-00890	5	10	26	6.4
id-00891	7	3	2	6.5
id-00892	1	2	11	6.9
id-00893	10	17	16	5.8
id-00894	4	8	24	5.2
id-00895	10	11	18	6.9
id-00896	10	15	22	6.6
id-00897	4	2	6	6.8
id-00898	1	2	19	5.3
id-00899	5	5	2	5.2
id-00900	2	2	22	5.3
id-00901	7	10	10	5.2
id-00902	9	4	5	5.5
id-00903	9	6	20	6.2
id-00904	9	13	25	6.0
id-00905	2	3	15	5.7
id-00906	1	2	25	6.9
id-00907	7	3	11	5.7
id-00908	8	11	22	5.1
id-00909	1	2	24	6.5
id-00910	5	2	1	6.5
id-00911	9	14	6	6.3
id-00912	3	5	22	5.6
id-00913	8	9	4	5.2
id-00914	10	20	6	5.2
id-00915	2	2	20	6.2
id-00916	7	5	13	5.6
id-00917	3	5	27	5.6
id-00918	3	6	16	6.4
id-00919	9	18	25	6.9
id-00920	2	4	21	5.1
id-00921	7	2	27	6.6
id-00922	7	2	24	5.1
id-00923	1	2	1	6.6
id-00924	1	2	12	6.6
id-00925	5	2	21	5.3
id-00926	3	4	28	6.9
id-00927	4	6	17	5.3
id-00928	7	4	28	6.1
id-00929	6	12	8	5.7
id-00930	5	8	6	6.7
id-00931	4	6	15	6.6
id-00932	5	10	12	5.4
id-00933	10	8	2	6.7
id-00934	9	18	19	5.9
id-00935	5	8	17	5.1
id-00936	4	2	24	5.6
id-00937	7	9	18	6.7
id-00938	6	4	25	5.8
id-00939	5	2	28	6.8
id-00940	4	8	16	5.6
id-00941	1	2	22	5.2
id-00942	1	2	6	6.4
id-00943	4	7	8	6.2
id-00944	4	8	11	6.3
id-00945	8	9	9	6.0
id-00946	8	12	12	6.7
id-00947	7	11	29	6.7
id-00948	3	2	16	6.0
id-00949	9	3	24	5.5
id-00950	4	6	7	6.4
id-00951	3	3	22	6.6
id-00952	4	2	7	6.9
id-00953	5	4	27	6.6
id-00954	8	12	17	5.4
id-00955	1	2	29	6.6
id-00956	6	4	15	6.6
id-00957	6	7	10	5.3
id-00958	3	3	10	6.6
id-00959	5	5	16	6.5
id-00960	2	3	10	6.6
id-00961	10	14	6	6.6
id-00962	1	2	9	6.4
id-00963	6	6	21	6.7
id-00964	1	2	29	6.9
id-00965	7	6	1	6.5
id-00966	5	7	29	6.0
id-00967	3	4	3	6.1
id-00968	5	9	7	6.6
id-00969	9	8	28	6.1
id-00970	10	12	15	6.3
id-00971	6	3	15	5.2
id-00972	8	2	22	6.4
id-00973	8	8	28	6.8
id-00974	1	2	5	6.4
id-00975	3	4	28	6.7
id-00976	7	9	7	5.9
id-00977	5	4	27	5.2
id-00978	5	5	8	6.8
id-00979	9	17	24	7.0
id-00980	2	4	24	6.9
id-00981	4	4	21	6.0
id-00982	5	7	29	5.2
id-00983	2	4	27	5.1
id-00984	8	6	19	6.4
id-00985	2	2	16	5.2
id-00986	9	8	7	5.6
id-00987	8	14	30	6.5
id-00988	3	5	6	6.7
id-00989	4	3	20	6.9
id-00990	4	3	12	5.5
id-00991	6	4	18	6.1
id-00992	2	2	14	6.7
id-00993	10	4	27	5.8
id-00994	10	7	16	5.4
id-00995	3	3	21	6.0
id-00996	5	8	20	5.8
id-00997	1	2	16	5.0
id-00998	6	2	24	5.7
id-00999	3	6	12	5.2
id-01000	1	2	16	5.6
id-01001	6	2	3	5.8
id-01002	3	6	5	6.7
id-01003	5	7	4	6.8
id-01004	2	3	4	5.1
id-01005	1	2	8	5.3
id-01006	2	2	13	6.4
id-01007	3	4	25	5.1
id-01008	1	2	26	5.4
id-01009	5	3	5	5.3
id-01010	6	2	27	6.9
id-01011	1	2	25	5.4
id-01012	5	4	6	6.5
id-01013	5	6	26	6.8
id-01014	10	9	25	5.4
id-01015	9	14	27	5.9
id-01016	7	4	19	5.5
id-01017	5	10	13	5.7
id-01018	7	14	18	6.4
id-01019	8	11	13	6.9
id-01020	10	19	23	6.3
id-01021	6	2	9	6.4
id-01022	6	7	28	6.6
id-01023	9	15	25	5.7
id-01024	1	2	7	6.6
id-01025	4	7	3	5.8
id-01026	9	18	23	6.3
id-01027	2	4	24	6.7
id-01028	1	2	23	5.5
id-01029	10	4	23	6.2
id-01030	8	6	13	6.6
id-01031	1	2	29	6.8
id-01032	3	6	5	6.2
id-01033	10	7	3	6.2
id-01034	10	12	14	5.6
id-01035	5	5	17	5.9
id-01036	1	2	17	5.9
id-01037	2	3	25	6.9
id-01038	1	2	29	6.8
id-01039	7	3	21	7.0
id-01040	8	9	2	6.2
id-01041	7	3	14	6.4
id-01042	9	12	7	6.8
id-01043	5	7	23	5.4
id-01044	6	9	4	5.4
id-01045	7	5	7	6.9
id-01046	5	6	3	6.6
id-01047	6	12	17	6.6
id-01048	4	2	26	6.2
id-01049	1	2	11	5.6
id-01050	10	16	4	6.5
id-01051	3	2	18	6.1
id-01052	6	9	16	6.0
id-01053	8	9	8	6.1
id-01054	6	9	27	6.3
id-01055	9	11	2	6.6
id-01056	10	11	4	5.4
id-01057	10	7	12	7.0
id-01058	2	3	10	6.6
id-01059	10	2	23	6.1
id-01060	10	14	10	5.9
id-01061	3	5	7	6.9
id-01062	8	2	1	6.0
id-01063	2	4	2	5.4
id-01064	3	3	22	6.7
id-01065	6	6	22	5.6
id-01066	5	4	29	7.0
id-01067	7	5	13	5.3
id-01068	4	5	7	5.6
id-01069	6	10	5	6.2
id-01070	6	2	25	6.0
id-01071	7	13	20	5.9
id-01072	5	7	20	5.3
id-01073	7	9	5	5.3
id-01074	4	5	24	5.6
id-01075	7	7	11	6.5
id-01076	3	4	14	6.4
id-01077	9	2	11	6.5
id-01078	2	2	5	6.5
id-01079	9	16	28	6.8
id-01080	10	2	28	5.8
id-01081	3	5	9	5.8
id-01082	1	2	6	5.4
id-01083	3	4	12	5.7
id-01084	1	2	12	6.2
id-01085	9	2	18	5.5
id-01086	1	2	4	5.8
id-01087	8	2	7	6.2
id-01088	9	14	4	5.1
id-01089	3	5	2	6.1
id-01090	5	6	6	5.8
id-01091	6	7	24	5.4
id-01092	6	3	16	6.4
id-01093	1	2	23	5.5
id-01094	5	10	16	5.1
id-01095	1	2	10	5.8
id-01096	3	5	11	6.2
id-01097	1	2	26	5.6
id-01098	6	3	11	5.5
id-01099	4	6	17	5.0
id-01100	1	2	27	5.2
id-01101	7	14	27	5.4
id-01102	4	4	11	6.2
id-01103	2	2	15	5.6
id-01104	8	13	24	5.1
id-01105	9	3	30	6.0
id-01106	1	2	17	5.8
id-01107	5	5	26	5.8
id-01108	6	2	5	5.6
id-01109	6	4	7	6.2
id-01110	7	10	11	6.7
id-01111	1	2	8	6.9
id-01112	3	2	3	6.7
id-01113	5	4	23	6.2
id-01114	8	3	14	6.1
id-01115	10	2	1	5.9
id-01116	8	14	26	6.3
id-01117	6	11	1	6.9
id-01118	6	3	15	6.9
id-01119	10	2	20	5.0
id-01120	10	7	26	6.5
id-01121	7	14	18	6.6
id-01122	8	11	13	5.6
id-01123	7	5	25	6.6
id-01124	9	13	3	6.0
id-01125	2	3	12	6.7
id-01126	7	14	2	6.2
id-01127	3	4	11	5.2
id-01128	4	4	25	6.8
id-01129	7	11	1	6.0
id-01130	7	10	10	6.5
id-01131	10	3	23	5.0
id-01132	4	2	29	5.5
id-01133	2	4	13	7.0
id-01134	9	15	9	6.2
id-01135	7	2	8	6.9
id-01136	3	5	6	6.7
id-01137	5	4	17	6.0
id-01138	7	8	2	6.2
id-01139	2	2	24	5.0
id-01140	6	11	4	6.3
id-01141	2	4	17	6.2
id-01142	3	4	6	5.7
id-01143	7	2	25	5.3
id-01144	10	7	16	5.9
id-01145	10	18	16	6.8
id-01146	8	10	7	6.6
id-01147	4	8	20	6.8
id-01148	4	7	8	6.2
id-01149	10	7	9	6.9
id-01150	9	3	14	6.9
id-01151	4	8	25	6.4
id-01152	7	4	29	7.0
id-01153	4	7	28	6.8
id-01154	2	4	9	6.3
id-01155	6	5	24	5.5
id-01156	9	4	2	5.2
id-01157	8	2	17	5.6
id-01158	5	4	2	6.2
id-01159	4	7	22	7.0
id-01160	7	7	11	5.1
id-01161	6	6	12	5.4
id-01162	3	3	21	6.7
id-01163	9	14	13	6.5
id-01164	4	4	23	5.8
id-01165	2	2	8	6.4
id-01166	2	2	25	6.2
id-01167	6	6	7	5.9
id-01168	1	2	8	5.5
id-01169	3	5	8	6.0
id-01170	6	4	12	5.8
id-01171	8	3	29	5.2
id-01172	7	14	3	5.7
id-01173	8	12	13	5.5
id-01174	7	2	26	6.0
id-01175	2	2	28	5.6
id-01176	1	2	8	6.4
id-01177	10	7	26	5.6
id-01178	10	2	23	5.6
id-01179	10	6	25	5.6
id-01180	8	15	1	5.5
id-01181	2	3	6	6.5
id-01182	8	15	5	6.8
id-01183	8	2	11	5.5
id-01184	2	3	25	5.2
id-01185	9	2	30	6.3
id-01186	3	3	1	5.4
id-01187	1	2	12	6.6
id-01188	9	8	10	6.7
id-01189	2	4	4	6.5
id-01190	9	9	8	6.2
id-01191	2	3	11	5.1
id-01192	10	9	7	5.5
id-01193	7	8	20	6.8
id-01194	8	13	15	6.4
id-01195	5	7	17	5.1
id-01196	4	2	11	6.3
id-01197	6	10	2	5.3
id-01198	4	2	13	6.5
id-01199	4	3	12	6.9
id-01200	5	10	13	6.2
id-01201	1	2	29	5.1
id-01202	10	8	11	5.0
id-01203	2	2	6	5.9
id-01204	5	5	9	5.5
id-01205	1	2	22	5.8
id-01206	2	4	11	5.2
id-01207	7	4	21	5.6
id-01208	10	5	5	6.7
id-01209	6	8	13	5.7
id-01210	3	6	20	5.4
id-01211	6	6	29	5.2
id-01212	10	2	24	6.9
id-01213	2	4	28	5.8
id-01214	2	4	28	5.2
id-01215	2	4	30	6.9
id-01216	6	7	19	5.7
id-01217	4	2	4	6.4
id-01218	9	12	10	6.0
id-01219	6	9	16	5.5
id-01220	1	2	24	5.0
id-01221	4	5	25	5.0
id-01222	7	7	28	5.2
id-01223	5	2	5	6.0
id-01224	7	13	25	5.7
id-01225	8	5	7	5.6
id-01226	5	5	17	5.0
id-01227	1	2	11	6.6
id-01228	5	2	7	5.5
id-01229	4	6	26	5.9
id-01230	3	2	16	5.1
id-01231	9	6	26	6.1
id-01232	6	7	11	5.5
id-01233	9	2	25	6.5
id-01234	2	4	2	6.7
id-01235	9	15	29	6.5
id-01236	10	2	25	5.3
id-01237	7	8	5	6.2
id-01238	7	7	9	6.0
id-01239	9	11	9	6.5
id-01240	8	9	30	5.1
id-01241	10	6	28	6.6
id-01242	3	5	6	6.5
id-01243	6	2	9	5.5
id-01244	1	2	27	5.6
id-01245	2	3	26	5.8
id-01246	10	11	10	6.0
id-01247	8	9	18	5.0
id-01248	4	3	10	5.5
id-01249	2	4	2	6.6
id-01250	6	2	3	5.7
id-01251	8	6	27	5.1
id-01252	2	3	29	5.4
id-01253	4	6	19	6.2
id-01254	8	14	26	5.5
id-01255	4	7	27	5.9
id-01256	7	7	5	6.7
id-01257	4	6	15	6.5
id-01258	9	5	4	5.6
id-01259	8	5	25	6.3
id-01260	4	6	27	5.1
id-01261	2	3	18	6.7
id-01262	1	2	22	5.3
id-01263	9	9	15	5.6
id-01264	8	5	22	5.6
id-01265	3	3	20	5.6
id-01266	5	5	15	6.3
id-01267	1	2	19	6.0
id-01268	4	4	3	6.7
id-01269	2	2	1	6.1
id-01270	9	17	28	6.4
id-01271	6	7	23	5.9
id-01272	8	12	1	5.1
id-01273	8	13	18	6.6
id-01274	3	2	8	5.4
id-01275	4	6	17	5.8
id-01276	4	7	12	6.2
id-01277	8	5	3	5.0
id-01278	4	3	14	6.4
id-01279	8	15	21	6.1
id-01280	10	20	13	5.5
id-01281	6	7	5	6.1
id-01282	6	8	25	5.3
id-01283	9	7	25	6.1
id-01284	2	2	15	6.9
id-01285	6	8	1	5.1
id-01286	8	15	29	6.4
id-01287	9	18	14	6.1
id-01288	2	4	15	6.5
id-01289	5	2	15	5.7
id-01290	2	4	9	5.4
id-01291	9	13	8	5.9
id-01292	7	9	27	5.7
id-01293	1	2	8	6.5
id-01294	9	11	22	6.9
id-01295	5	9	22	6.0
id-01296	1	2	14	6.1
id-01297	9	10	3	6.5
id-01298	2	4	21	6.2
id-01299	1	2	6	6.8
id-01300	1	2	20	6.0
id-01301	9	8	5	5.8
id-01302	6	9	19	6.6
id-01303	8	16	14	6.5
id-01304	4	2	21	7.0
id-01305	9	5	7	5.1
id-01306	8	3	6	5.3
id-01307	1	2	12	6.6
id-01308	8	6	23	5.9
id-01309	1	2	8	5.8
id-01310	5	10	13	5.3
id-01311	6	4	19	5.9
id-01312	3	3	20	6.9
id-01313	5	3	20	5.4
id-01314	1	2	27	6.7
id-01315	1	2	17	6.0
id-01316	10	11	17	5.9
id-01317	3	5	14	5.3
id-01318	10	13	13	6.7
id-01319	10	12	26	5.1
id-01320	3	5	8	6.1
id-01321	4	6	18	6.8
id-01322	3	6	19	5.2
id-01323	2	3	15	5.2
id-01324	8	12	19	6.1
id-01325	10	20	16	6.3
id-01326	10	18	5	5.1
id-01327	10	5	28	5.2
id-01328	3	3	18	5.5
id-01329	7	8	23	6.2
id-01330	5	5	7	6.7
id-01331	2	2	16	6.0
id-01332	6	3	1	6.5
id-01333	7	11	2	5.9
id-01334	3	6	18	5.5
id-01335	9	5	1	5.7
id-01336	9	6	20	5.4
id-01337	10	18	29	6.2
id-01338	5	3	2	6.6
id-01339	4	8	22	6.7
id-01340	10	10	14	6.6
id-01341	9	16	29	5.9
id-01342	8	7	16	5.6
id-01343	1	2	10	6.7
id-01344	10	11	25	5.2
id-01345	4	2	5	6.5
id-01346	8	5	22	5.8
id-01347	3	5	25	5.3
id-01348	7	14	17	6.1
id-01349	6	12	6	5.2
id-01350	7	10	11	5.7
id-01351	9	15	23	6.4
id-01352	8	14	13	6.1
id-01353	2	3	6	6.3
id-01354	2	2	17	6.3
id-01355	6	4	7	5.3
id-01356	8	13	2	6.3
id-01357	8	13	20	6.3
id-01358	7	7	21	6.7
id-01359	2	4	7	5.2
id-01360	9	7	19	7.0
id-01361	2	2	29	5.7
id-01362	9	8	22	6.3
id-01363	3	3	8	5.9
id-01364	6	4	23	5.9
id-01365	1	2	30	6.0
id-01366	7	8	9	6.7
id-01367	9	9	2	5.4
id-01368	8	13	26	5.7
id-01369	3	4	18	7.0
id-01370	3	5	29	5.8
id-01371	3	6	3	6.2
id-01372	7	13	3	6.2
id-01373	4	8	10	6.2
id-01374	2	4	15	5.4
id-01375	4	7	11	6.6
id-01376	10	3	26	5.5
id-01377	9	13	2	6.4
id-01378	3	3	12	6.1
id-01379	2	4	11	6.5
id-01380	7	12	19	5.6
id-01381	3	5	13	6.9
id-01382	1	2	25	6.4
id-01383	10	15	4	6.2
id-01384	6	3	30	5.5
id-01385	10	4	2	7.0
id-01386	6	3	3	6.0
id-01387	7	4	19	6.9
id-01388	7	11	10	6.7
id-01389	8	14	6	5.0
id-01390	6	5	12	6.4
id-01391	7	6	25	5.7
id-01392	1	2	5	5.6
id-01393	7	6	25	5.5
id-01394	5	5	27	6.0
id-01395	9	14	8	5.7
id-01396	8	3	20	5.6
id-01397	5	9	26	5.1
id-01398	2	4	4	6.7
id-01399	8	10	17	5.3
id-01400	1	2	18	6.1
id-01401	5	7	8	6.3
id-01402	10	17	21	5.6
id-01403	10	18	15	5.7
id-01404	10	19	12	6.7
id-01405	6	6	30	6.7
id-01406	2	4	27	5.2
id-01407	10	4	6	6.4
id-01408	9	13	25	5.7
id-01409	1	2	14	5.8
id-01410	5	3	8	6.3
id-01411	4	8	27	6.4
id-01412	7	4	11	5.2
id-01413	8	13	13	5.0
id-01414	5	7	13	5.4
id-01415	1	2	16	5.2
id-01416	8	14	25	5.6
id-01417	4	6	30	6.6
id-01418	2	3	20	6.6
id-01419	4	7	8	6.9
id-01420	10	5	12	6.5
id-01421	5	7	18	6.6
id-01422	10	14	20	6.3
id-01423	9	15	13	6.7
id-01424	10	2	24	5.9
id-01425	10	9	26	6.2
id-01426	2	3	29	5.3
id-01427	9	13	25	6.7
id-01428	7	7	26	6.2
id-01429	10	18	28	6.1
id-01430	1	2	10	6.5
id-01431	1	2	24	5.9
id-01432	8	8	22	6.9
id-01433	8	8	3	5.4
id-01434	9	11	6	6.5
id-01435	4	4	17	6.7
id-01436	4	2	27	6.3
id-01437	2	2	12	5.4
id-01438	10	4	5	6.1
id-01439	10	12	3	6.0
id-01440	4	6	10	5.6
id-01441	8	12	22	6.9
id-01442	4	8	9	6.7
id-01443	9	6	5	5.4
id-01444	2	4	17	6.2
id-01445	6	9	14	6.8
id-01446	2	4	22	5.7
id-01447	5	6	21	5.4
id-01448	7	13	9	7.0
id-01449	3	5	7	6.0
id-01450	5	8	10	6.0
id-01451	5	2	23	6.6
id-01452	6	11	28	5.5
id-01453	3	3	10	6.9
id-01454	3	2	21	5.6
id-01455	7	10	15	6.2
id-01456	8	8	17	5.5
id-01457	3	4	13	5.5
id-01458	6	6	10	6.1
id-01459	3	6	8	6.7
id-01460	5	4	19	6.2
id-01461	9	12	27	5.8
id-01462	8	4	1	5.0
id-01463	3	2	28	5.3
id-01464	1	2	30	6.3
id-01465	4	3	29	5.3
id-01466	10	3	25	5.1
id-01467	2	4	28	6.1
id-01468	9	7	11	5.4
id-01469	9	2	25	6.7
id-01470	8	5	16	6.1
id-01471	6	7	15	5.9
id-01472	1	2	23	5.4
id-01473	5	8	24	5.9
id-01474	5	10	28	6.3
id-01475	2	2	19	5.9
id-01476	7	12	24	6.6
id-01477	1	2	2	5.4
id-01478	10	4	3	5.4
id-01479	9	13	9	5.3
id-01480	2	2	13	6.0
id-01481	1	2	14	6.8
id-01482	7	9	20	5.1
id-01483	6	4	30	6.8
id-01484	5	7	16	5.1
id-01485	1	2	6	6.3
id-01486	5	8	18	5.7
id-01487	6	8	29	5.9
id-01488	8	11	5	5.8
id-01489	3	3	5	6.8
id-01490	7	3	18	5.5
id-01491	10	17	2	6.2
id-01492	7	7	1	6.3
id-01493	5	4	26	6.2
id-01494	8	11	25	5.2
id-01495	9	2	4	6.1
id-01496	5	2	7	6.0
id-01497	2	2	18	6.4
id-01498	5	8	28	5.8
id-01499	10	19	30	6.9
id-01500	2	2	6	5.3
id-01501	8	12	25	6.3
id-01502	2	3	2	6.5
id-01503	1	2	19	6.9
id-01504	8	2	5	6.3
id-01505	5	4	18	5.6
id-01506	3	2	14	6.4
id-01507	4	4	19	5.5
id-01508	7	9	26	5.1
id-01509	6	11	9	5.6
id-01510	6	2	22	6.5
id-01511	10	17	10	6.8
id-01512	4	7	28	6.6
id-01513	3	3	29	6.5
id-01514	3	6	20	5.0
id-01515	5	10	15	6.5
id-01516	4	3	16	5.7
id-01517	8	16	25	6.3
id-01518	9	12	29	5.7
id-01519	6	2	3	5.5
id-01520	7	2	26	6.7
id-01521	1	2	11	6.9
id-01522	3	5	26	5.5
id-01523	2	3	19	6.0
id-01524	5	9	4	5.9
id-01525	4	4	13	5.3
id-01526	1	2	25	6.1
id-01527	7	11	22	5.9
id-01528	7	2	8	5.2
id-01529	8	6	7	5.7
id-01530	6	2	6	6.7
id-01531	9	5	12	6.7
id-01532	2	4	29	5.0
id-01533	2	4	24	6.8
id-01534	9	2	2	5.7
id-01535	6	10	21	5.9
id-01536	9	6	14	6.2
id-01537	1	2	6	5.4
id-01538	2	3	20	6.9
id-01539	2	4	9	6.9
id-01540	3	3	27	5.1
id-01541	9	12	19	6.8
id-01542	1	2	20	6.1
id-01543	7	8	13	7.0
id-01544	10	11	9	6.4
id-01545	3	3	5	6.8
id-01546	10	17	2	5.5
id-01547	4	8	13	5.6
id-01548	2	3	16	6.5
id-01549	10	3	16	5.6
id-01550	4	8	4	6.2
id-01551	4	4	10	5.9
id-01552	10	8	4	6.0
id-01553	10	20	4	5.8
id-01554	1	2	24	5.9
id-01555	3	5	20	6.7
id-01556	8	3	1	7.0
id-01557	4	2	7	5.0
id-01558	10	8	24	6.8
id-01559	2	4	26	6.9
id-01560	1	2	26	5.8
id-01561	10	14	9	6.0
id-01562	1	2	27	5.2
id-01563	3	2	18	6.0
id-01564	1	2	5	6.3
id-01565	7	13	1	5.9
id-01566	5	9	15	6.6
id-01567	3	5	24	7.0
id-01568	3	4	9	6.3
id-01569	6	11	8	6.8
id-01570	8	10	15	5.0
id-01571	1	2	24	5.7
id-01572	8	6	21	5.9
id-01573	2	3	13	6.1
id-01574	8	3	12	6.3
id-01575	4	4	27	5.2
id-01576	3	4	6	6.8
id-01577	5	4	26	6.5
id-01578	10	8	11	6.5
id-01579	2	4	23	6.0
id-01580	3	4	30	5.9
id-01581	3	3	26	6.6
id-01582	7	13	16	6.1
id-01583	7	10	15	6.1
id-01584	9	5	9	5.5
id-01585	7	4	3	5.1
id-01586	9	3	26	5.8
id-01587	1	2	27	6.2
id-01588	2	2	16	6.7
id-01589	1	2	20	6.3
id-01590	1	2	27	7.0
id-01591	7	6	13	5.9
id-01592	9	9	8	5.3
id-01593	1	2	14	6.7
id-01594	7	11	24	6.8
id-01595	10	5	3	6.5
id-01596	9	3	13	5.8
id-01597	9	8	25	5.6
id-01598	8	10	23	5.9
id-01599	5	5	21	6.3
id-01600	2	2	26	5.4
id-01601	4	5	7	5.7
id-01602	8	10	23	6.9
id-01603	4	8	4	6.1
id-01604	3	5	3	5.4
id-01605	6	9	3	6.9
id-01606	8	10	17	5.2
id-01607	2	2	24	5.1
id-01608	4	7	5	7.0
id-01609	9	13	10	6.9
id-01610	2	3	5	6.6
id-01611	1	2	3	6.8
id-01612	8	11	24	6.5
id-01613	6	11	17	5.4
id-01614	9	15	17	7.0
id-01615	4	3	25	6.9
id-01616	4	4	20	6.8
id-01617	1	2	15	6.3
id-01618	7	9	16	6.7
id-01619	5	8	23	6.4
id-01620	7	12	13	6.3
id-01621	5	9	27	6.5
id-01622	7	11	3	5.8
id-01623	3	5	2	6.5
id-01624	4	8	4	6.3
id-01625	5	6	11	6.2
id-01626	5	9	24	6.9
id-01627	4	6	27	5.7
id-01628	2	2	18	5.1
id-01629	9	10	14	6.9
id-01630	2	3	17	5.9
id-01631	2	2	30	6.6
id-01632	9	10	1	5.5
id-01633	3	3	8	5.5
id-01634	2	2	13	6.2
id-01635	3	3	18	6.0
id-01636	8	6	16	5.9
id-01637	10	6	25	6.4
id-01638	1	2	1	5.1
id-01639	8	2	21	6.0
id-01640	5	4	23	6.4
id-01641	7	10	27	5.7
id-01642	6	2	24	5.9
id-01643	7	7	13	5.9
id-01644	1	2	13	6.0
id-01645	5	3	27	5.3
id-01646	10	5	26	5.4
id-01647	5	2	23	6.7
id-01648	7	7	15	5.9
id-01649	8	3	2	6.5
id-01650	4	4	15	6.9
id-01651	1	2	4	5.4
id-01652	6	2	25	6.8
id-01653	8	12	26	6.2
id-01654	6	10	16	5.2
id-01655	7	9	27	5.5
id-01656	3	5	18	6.0
id-01657	4	8	18	6.3
id-01658	6	7	1	5.8
id-01659	10	10	9	5.7
id-01660	3	4	11	5.7
id-01661	2	4	4	6.5
id-01662	10	6	17	6.6
id-01663	7	10	25	5.6
id-01664	1	2	29	7.0
id-01665	9	10	6	5.5
id-01666	6	2	10	5.8
id-01667	2	2	2	6.2
id-01668	2	3	1	5.4
id-01669	1	2	4	6.7
id-01670	7	4	12	6.8
id-01671	10	6	2	6.4
id-01672	8	9	11	6.9
id-01673	3	6	25	6.1
id-01674	7	2	17	6.9
id-01675	3	3	28	5.3
id-01676	9	3	10	6.1
id-01677	4	7	14	5.1
id-01678	1	2	12	6.9
id-01679	9	17	14	5.7
id-01680	6	4	2	6.9
id-01681	8	10	4	6.7
id-01682	9	4	26	6.4
id-01683	7	4	30	6.2
id-01684	6	5	9	6.6
id-01685	5	9	29	5.2
id-01686	1	2	11	6.1
id-01687	9	8	9	6.3
id-01688	7	4	4	5.5
id-01689	8	9	25	6.1
id-01690	3	2	13	6.7
id-01691	8	2	13	5.1
id-01692	4	8	1	5.2
id-01693	10	20	15	6.3
id-01694	6	7	16	5.2
id-01695	2	4	30	5.1
id-01696	8	3	16	5.9
id-01697	2	3	13	6.6
id-01698	4	4	7	5.2
id-01699	7	10	22	5.6
id-01700	5	9	3	6.4
id-01701	7	14	15	5.5
id-01702	8	4	16	6.0
id-01703	1	2	1	5.2
id-01704	6	3	20	5.4
id-01705	3	3	11	5.8
id-01706	1	2	7	5.3
id-01707	7	14	18	6.9
id-01708	7	8	6	6.7
id-01709	5	9	17	6.0
id-01710	2	4	14	5.3
id-01711	1	2	7	5.8
id-01712	8	5	17	5.1
id-01713	4	4	1	6.9
id-01714	1	2	6	5.7
id-01715	3	3	24	5.4
id-01716	2	2	18	5.4
id-01717	8	2	23	6.4
id-01718	8	8	14	5.6
id-01719	4	6	8	6.6
id-01720	4	3	22	5.1
id-01721	10	15	11	6.4
id-01722	4	4	26	6.9
id-01723	10	5	30	5.9
id-01724	5	6	11	6.3
id-01725	1	2	11	5.2
id-01726	8	5	3	6.1
id-01727	7	4	15	6.8
id-01728	4	2	11	6.2
id-01729	7	12	24	5.7
id-01730	6	6	1	6.1
id-01731	8	11	9	6.8
id-01732	4	3	21	5.1
id-01733	10	12	19	6.9
id-01734	10	10	7	5.7
id-01735	6	6	21	5.8
id-01736	9	6	3	6.8
id-01737	10	17	29	5.2
id-01738	7	5	14	6.1
id-01739	3	6	10	6.6
id-01740	4	2	5	5.3
id-01741	4	7	12	6.2
id-01742	1	2	4	6.3
id-01743	9	18	5	5.8
id-01744	1	2	7	5.0
id-01745	10	8	1	5.5
id-01746	7	13	12	6.5
id-01747	7	3	10	5.8
id-01748	7	6	17	5.7
id-01749	4	6	24	6.8
id-01750	3	2	11	6.4
id-01751	7	6	21	6.5
id-01752	6	4	26	6.7
id-01753	6	2	21	6.5
id-01754	8	4	29	5.2
id-01755	3	2	5	6.8
id-01756	4	5	13	6.3
id-01757	5	10	7	6.5
id-01758	4	4	6	5.7
id-01759	3	6	27	6.3
id-01760	8	2	2	5.7
id-01761	10	14	16	5.1
id-01762	1	2	12	6.9
id-01763	8	9	23	5.5
id-01764	10	12	20	6.3
id-01765	6	12	16	5.5
id-01766	5	3	30	5.7
id-01767	4	7	19	6.0
id-01768	10	12	21	5.9
id-01769	10	15	8	6.9
id-01770	9	4	19	5.7
id-01771	2	3	24	6.9
id-01772	9	15	28	6.6
id-01773	8	15	1	5.4
id-01774	2	2	9	5.4
id-01775	7	5	5	5.9
id-01776	10	17	20	6.3
id-01777	7	7	23	5.0
id-01778	5	5	14	6.6
id-01779	6	7	20	6.8
id-01780	9	17	18	5.1
id-01781	8	3	14	5.4
id-01782	5	10	10	6.0
id-01783	4	4	5	5.5
id-01784	10	17	27	6.7
id-01785	4	7	3	6.3
id-01786	1	2	2	6.6
id-01787	10	11	18	6.9
id-01788	6	5	26	5.0
id-01789	8	9	10	6.5
id-01790	8	2	2	5.4
id-01791	7	7	22	5.5
id-01792	10	20	27	6.0
id-01793	1	2	12	6.1
id-01794	2	3	9	6.9
id-01795	10	17	23	5.8
id-01796	4	3	16	6.3
id-01797	7	13	17	6.8
id-01798	9	18	28	5.3
id-01799	4	2	19	5.3
id-01800	7	4	1	6.4
id-01801	7	7	4	5.6
id-01802	8	12	25	6.9
id-01803	5	2	9	5.5
id-01804	8	11	3	5.4
id-01805	4	8	10	5.1
id-01806	1	2	7	6.3
id-01807	4	6	28	6.9
id-01808	2	2	21	5.7
id-01809	9	18	6	6.9
id-01810	8	5	13	5.4
id-01811	7	10	15	5.9
id-01812	3	2	17	5.7
id-01813	2	3	12	5.1
id-01814	10	20	2	6.3
id-01815	9	16	6	6.7
id-01816	6	9	26	6.9
id-01817	7	6	10	5.0
id-01818	5	4	23	6.4
id-01819	7	14	26	5.6
id-01820	5	5	6	5.2
id-01821	5	8	7	5.1
id-01822	1	2	4	6.1
id-01823	7	8	26	6.1
id-01824	8	8	30	5.2
id-01825	1	2	24	6.5
id-01826	10	10	15	5.8
id-01827	1	2	16	6.3
id-01828	7	3	19	6.6
id-01829	5	8	3	5.8
id-01830	9	16	19	5.6
id-01831	4	2	17	5.0
id-01832	6	5	8	6.3
id-01833	2	2	5	5.0
id-01834	5	5	18	6.1
id-01835	10	9	17	6.5
id-01836	2	2	10	5.3
id-01837	8	15	10	5.2
id-01838	10	9	20	6.3
id-01839	10	20	27	5.8
id-01840	2	2	9	6.8
id-01841	2	3	17	5.5
id-01842	10	12	5	7.0
id-01843	1	2	25	5.8
id-01844	4	2	24	5.9
id-01845	4	3	21	6.1
id-01846	7	2	23	5.6
id-01847	10	7	17	5.9
id-01848	8	5	21	6.2
id-01849	2	4	20	5.3
id-01850	3	3	9	6.1
id-01851	9	2	7	5.4
id-01852	2	2	18	5.1
id-01853	2	4	30	6.5
id-01854	5	10	21	5.1
id-01855	9	10	29	6.9
id-01856	4	3	12	5.0
id-01857	7	12	10	7.0
id-01858	6	8	26	5.6
id-01859	2	3	2	6.5
id-01860	6	5	8	6.1
id-01861	7	5	26	6.8
id-01862	8	5	3	5.3
id-01863	5	10	24	6.9
id-01864	9	17	3	6.1
id-01865	9	2	21	5.7
id-01866	10	4	21	5.1
id-01867	3	4	12	6.8
id-01868	3	3	13	5.4
id-01869	8	3	21	6.4
id-01870	2	4	8	5.5
id-01871	5	9	23	5.2
id-01872	1	2	29	5.4
id-01873	4	2	26	5.1
id-01874	3	6	12	5.0
id-01875	7	11	13	6.4
id-01876	9	4	21	7.0
id-01877	2	2	5	5.8
id-01878	10	13	30	5.5
id-01879	8	9	5	5.5
id-01880	2	4	8	5.5
id-01881	5	3	11	5.0
id-01882	7	4	26	6.6
id-01883	1	2	14	5.1
id-01884	1	2	15	5.1
id-01885	4	2	10	5.7
id-01886	5	7	28	6.6
id-01887	8	11	16	6.9
id-01888	6	10	20	6.7
id-01889	1	2	28	6.7
id-01890	2	2	27	6.5
id-01891	5	5	11	6.8
id-01892	4	6	9	5.9
id-01893	3	5	17	6.8
id-01894	10	4	14	6.1
id-01895	2	4	16	5.7
id-01896	1	2	28	5.7
id-01897	10	20	26	5.9
id-01898	4	2	10	5.8
id-01899	7	5	1	6.2
id-01900	5	7	16	6.5
id-01901	9	8	6	5.4
id-01902	6	8	26	5.6
id-01903	3	3	19	6.7
id-01904	7	2	23	5.1
id-01905	1	2	30	6.8
id-01906	9	4	23	5.7
id-01907	7	3	17	5.7
id-01908	7	3	14	5.7
id-01909	1	2	4	6.0
id-01910	5	6	16	5.7
id-01911	1	2	19	5.7
id-01912	5	4	29	6.2
id-01913	6	4	16	5.7
id-01914	1	2	21	5.0
id-01915	6	7	18	6.3
id-01916	1	2	26	5.4
id-01917	1	2	2	6.4
id-01918	6	5	3	5.6
id-01919	4	3	17	5.6
id-01920	7	11	26	6.0
id-01921	1	2	23	5.1
id-01922	3	5	23	6.3
id-01923	5	4	30	6.1
id-01924	1	2	8	5.6
id-01925	2	4	26	5.3
id-01926	2	2	15	5.9
id-01927	5	3	3	6.0
id-01928	3	5	4	5.6
id-01929	2	4	10	5.4
id-01930	3	2	4	6.3
id-01931	10	10	7	6.9
id-01932	7	14	7	6.2
id-01933	5	6	23	5.7
id-01934	6	11	16	5.2
id-01935	1	2	29	6.8
id-01936	4	4	1	5.9
id-01937	7	12	3	6.1
id-01938	10	20	8	5.8
id-01939	9	12	3	6.5
id-01940	3	2	25	6.1
id-01941	7	13	16	6.5
id-01942	7	7	14	6.9
id-01943	2	3	9	5.2
id-01944	8	3	13	6.5
id-01945	1	2	2	6.5
id-01946	8	4	29	6.6
id-01947	3	6	16	5.3
id-01948	2	3	17	5.7
id-01949	7	12	3	5.4
id-01950	1	2	22	6.1
id-01951	6	12	3	5.4
id-01952	3	4	9	5.4
id-01953	4	8	28	5.2
id-01954	6	8	29	5.4
id-01955	10	10	1	5.5
id-01956	8	4	20	6.2
id-01957	8	10	26	6.3
id-01958	4	2	5	6.1
id-01959	9	13	20	5.4
id-01960	4	5	21	5.6
id-01961	1	2	24	6.1
id-01962	6	3	4	6.0
id-01963	7	5	1	6.1
id-01964	8	7	18	6.4
id-01965	9	2	1	5.2
id-01966	1	2	20	5.9
id-01967	7	13	14	5.2
id-01968	6	4	28	6.2
id-01969	7	6	26	6.4
id-01970	2	2	8	6.5
id-01971	6	4	26	6.4
id-01972	8	14	18	5.1
id-01973	3	4	19	6.5
id-01974	3	2	14	6.6
id-01975	6	7	13	6.9
id-01976	8	15	30	5.2
id-01977	2	4	24	5.6
id-01978	4	7	3	5.2
id-01979	7	6	17	6.9
id-01980	4	7	24	6.4
id-01981	8	6	8	6.4
id-01982	8	14	24	5.9
id-01983	3	2	15	6.9
id-01984	5	3	8	6.5
id-01985	9	17	14	5.8
id-01986	5	8	27	5.1
id-01987	6	2	16	5.9
id-01988	5	9	10	5.7
id-01989	3	4	18	6.0
id-01990	7	4	4	5.7
id-01991	4	3	11	6.9
id-01992	3	2	11	5.6
id-01993	5	10	12	6.7
id-01994	1	2	5	6.4
id-01995	2	4	26	6.4
id-01996	3	4	14	5.1
id-01997	2	3	22	6.1
id-01998	1	2	25	5.8
id-01999	4	8	22	5.5
id-02000	4	4	13	6.3
id-02001	10	9	8	5.6
id-02002	1	2	14	5.5
id-02003	9	10	18	7.0
id-02004	8	8	26	5.4
id-02005	9	8	14	5.8
id-02006	7	13	22	5.8
id-02007	3	6	18	6.1
id-02008	7	7	4	5.9
id-02009	6	9	16	6.5
id-02010	8	9	7	6.9
id-02011	7	14	22	5.1
id-02012	9	9	18	6.4
id-02013	4	4	24	6.1
id-02014	3	3	11	5.7
id-02015	8	5	29	5.1
id-02016	8	7	16	5.6
id-02017	8	11	3	5.8
id-02018	8	8	9	6.3
id-02019	10	12	28	6.4
id-02020	8	9	5	6.0
id-02021	6	8	21	6.5
id-02022	2	3	8	5.6
id-02023	4	4	18	5.3
id-02024	1	2	5	6.1
id-02025	1	2	22	5.3
id-02026	10	18	7	6.4
id-02027	6	9	15	6.9
id-02028	5	3	5	6.4
id-02029	8	11	6	6.3
id-02030	1	2	27	5.5
id-02031	7	6	27	5.5
id-02032	10	8	18	6.8
id-02033	1	2	5	6.5
id-02034	7	13	9	5.5
id-02035	10	20	15	6.1
id-02036	4	5	14	6.8
id-02037	2	3	18	6.2
id-02038	8	5	4	5.0
id-02039	5	8	28	5.2
id-02040	5	4	29	6.8
id-02041	7	4	8	6.4
id-02042	8	16	22	5.1
id-02043	4	3	6	5.7
id-02044	3	2	27	6.1
id-02045	4	3	23	5.2
id-02046	1	2	7	5.6
id-02047	9	14	10	6.4
id-02048	5	7	12	6.9
id-02049	5	6	4	6.1
id-02050	7	13	2	5.1
id-02051	10	19	14	6.9
id-02052	2	3	7	5.7
id-02053	10	19	23	5.3
id-02054	8	11	3	5.1
id-02055	9	13	22	5.1
id-02056	3	5	30	6.1
id-02057	9	18	1	6.5
id-02058	1	2	19	5.4
id-02059	2	4	30	6.5
id-02060	2	2	14	6.5
id-02061	10	3	5	5.7
id-02062	1	2	21	5.5
id-02063	9	5	29	5.4
id-02064	5	5	8	6.0
id-02065	4	2	2	5.9
id-02066	10	8	7	5.9
id-02067	3	2	26	6.2
id-02068	3	5	29	5.7
id-02069	5	9	11	6.3
id-02070	7	6	1	5.6
id-02071	5	6	3	6.3
id-02072	1	2	5	5.6
id-02073	10	12	25	6.4
id-02074	9	14	19	5.3
id-02075	7	14	16	6.4
id-02076	8	11	21	6.1
id-02077	2	4	6	5.4
id-02078	9	14	4	6.9
id-02079	8	12	10	5.3
id-02080	5	6	11	6.4
id-02081	6	2	3	6.1
id-02082	2	3	12	6.3
id-02083	1	2	9	7.0
id-02084	1	2	20	6.1
id-02085	8	6	3	6.4
id-02086	8	4	17	6.3
id-02087	7	10	29	5.7
id-02088	5	4	15	5.8
id-02089	2	2	2	5.2
id-02090	4	3	2	5.9
id-02091	7	4	22	6.8
id-02092	10	5	9	6.7
id-02093	7	5	30	6.4
id-02094	5	7	12	5.1
id-02095	4	8	12	5.8
id-02096	5	7	12	6.5
id-02097	10	11	21	6.8
id-02098	10	9	25	6.0
id-02099	5	7	3	6.7
id-02100	4	2	27	6.0
id-02101	1	2	13	5.8
id-02102	8	14	25	6.8
id-02103	6	12	19	6.9
id-02104	4	2	26	6.0
id-02105	6	7	4	6.8
id-02106	10	7	21	6.1
id-02107	3	5	10	6.9
id-02108	4	8	5	5.6
id-02109	9	8	6	6.6
id-02110	4	2	3	6.3
id-02111	8	3	19	6.7
id-02112	9	4	28	5.1
id-02113	6	9	18	5.5
id-02114	8	7	25	6.4
id-02115	7	3	19	6.5
id-02116	4	4	6	5.3
id-02117	9	13	17	5.7
id-02118	3	2	17	6.4
id-02119	4	7	3	5.3
id-02120	4	6	18	5.9
id-02121	2	2	3	6.9
id-02122	3	4	29	5.4
id-02123	1	2	29	6.4
id-02124	10	4	3	6.8
id-02125	1	2	15	6.0
id-02126	2	3	9	6.6
id-02127	5	6	21	5.3
id-02128	1	2	14	6.0
id-02129	7	7	15	6.2
id-02130	9	8	2	5.8
id-02131	2	3	22	5.9
id-02132	8	5	14	5.4
id-02133	2	3	28	5.3
id-02134	2	3	2	6.3
id-02135	8	16	12	5.1
id-02136	1	2	21	5.2
id-02137	4	5	5	5.6
id-02138	8	5	7	6.5
id-02139	4	3	16	6.0
id-02140	10	5	17	6.8
id-02141	6	5	5	5.6
id-02142	10	20	23	6.9
id-02143	4	2	24	6.3
id-02144	1	2	4	6.8
id-02145	10	15	26	6.9
id-02146	7	2	22	6.3
id-02147	4	8	21	5.8
id-02148	1	2	8	5.9
id-02149	8	13	19	5.8
id-02150	2	4	25	5.3
id-02151	3	3	12	6.4
id-02152	6	10	21	6.6
id-02153	5	3	3	6.6
id-02154	6	11	8	5.9
id-02155	9	12	18	6.6
id-02156	6	8	24	6.0
id-02157	10	5	29	6.4
id-02158	5	4	6	6.3
id-02159	3	5	26	6.6
id-02160	8	2	30	6.5
id-02161	1	2	9	5.3
id-02162	5	5	21	6.9
id-02163	9	7	21	6.3
id-02164	10	11	27	5.3
id-02165	8	7	11	5.8
id-02166	6	8	18	6.3
id-02167	6	3	22	5.2
id-02168	4	3	30	5.8
id-02169	2	4	16	6.3
id-02170	1	2	23	5.8
id-02171	1	2	8	5.4
id-02172	4	7	30	6.7
id-02173	10	7	7	5.3
id-02174	6	5	11	5.7
id-02175	10	19	22	5.1
id-02176	10	2	23	5.5
id-02177	8	13	6	6.6
id-02178	8	16	11	5.4
id-02179	5	7	27	5.7
id-02180	2	2	14	6.2
id-02181	8	15	14	5.9
id-02182	7	7	13	6.7
id-02183	6	8	1	5.5
id-02184	4	8	11	5.4
id-02185	8	4	10	7.0
id-02186	10	17	26	7.0
id-02187	10	19	27	5.1
id-02188	5	10	15	6.4
id-02189	8	15	20	6.2
id-02190	6	2	7	5.9
id-02191	8	8	7	6.9
id-02192	4	6	25	6.0
id-02193	2	4	6	6.7
id-02194	7	10	10	5.5
id-02195	2	2	20	5.8
id-02196	6	11	26	5.7
id-02197	6	3	12	5.8
id-02198	10	4	16	6.7
id-02199	6	7	15	6.0
id-02200	8	8	10	5.6
id-02201	3	4	30	6.8
id-02202	9	3	29	5.6
id-02203	7	3	13	5.3
id-02204	5	8	29	6.8
id-02205	2	2	21	5.3
id-02206	8	8	19	5.1
id-02207	2	3	11	6.2
id-02208	10	17	30	6.2
id-02209	6	8	5	5.4
id-02210	4	8	23	5.2
id-02211	2	3	29	5.7
id-02212	8	9	8	6.2
id-02213	1	2	26	6.8
id-02214	4	3	2	6.5
id-02215	1	2	15	6.5
id-02216	4	4	28	6.5
id-02217	6	8	28	6.6
id-02218	4	8	21	6.5
id-02219	7	8	10	7.0
id-02220	1	2	19	5.6
id-02221	5	7	10	6.0
id-02222	2	3	12	5.3
id-02223	2	4	30	6.8
id-02224	10	19	10	5.0
id-02225	10	10	8	7.0
id-02226	10	13	6	5.2
id-02227	9	2	11	5.3
id-02228	3	5	6	6.3
id-02229	10	16	21	5.4
id-02230	10	7	30	6.6
id-02231	7	10	3	6.4
id-02232	3	3	6	5.5
id-02233	4	6	7	6.2
id-02234	3	2	4	6.1
id-02235	5	9	2	5.3
id-02236	10	14	24	6.0
id-02237	9	11	11	5.9
id-02238	7	9	11	7.0
id-02239	7	3	13	6.6
id-02240	8	14	15	6.9
id-02241	4	2	11	6.1
id-02242	10	2	17	6.8
id-02243	10	2	14	5.7
id-02244	1	2	20	5.9
id-02245	2	4	6	5.9
id-02246	2	4	22	5.4
id-02247	9	12	18	5.5
id-02248	7	4	7	5.2
id-02249	3	5	12	5.2
id-02250	2	4	7	5.6
id-02251	3	4	7	6.7
id-02252	1	2	20	5.6
id-02253	2	4	12	7.0
id-02254	9	14	26	5.2
id-02255	7	8	27	5.5
id-02256	4	4	27	6.6
id-02257	3	6	18	5.7
id-02258	2	4	12	5.1
id-02259	6	4	16	6.8
id-02260	8	13	1	5.7
id-02261	10	17	3	5.0
id-02262	5	5	25	5.6
id-02263	1	2	23	5.0
id-02264	9	14	3	6.5
id-02265	6	8	1	5.7
id-02266	1	2	25	6.3
id-02267	9	18	21	5.6
id-02268	7	10	23	5.8
id-02269	9	10	12	6.3
id-02270	6	5	7	6.3
id-02271	7	5	17	5.8
id-02272	9	6	4	6.9
id-02273	5	10	5	6.7
id-02274	9	9	20	5.1
id-02275	9	2	25	5.1
id-02276	6	8	19	6.8
id-02277	10	19	27	6.4
id-02278	7	6	19	6.0
id-02279	4	5	21	5.7
id-02280	10	6	19	5.5
id-02281	5	9	25	5.7
id-02282	3	2	15	6.4
id-02283	3	3	10	6.0
id-02284	3	5	25	6.8
id-02285	2	2	21	6.4
id-02286	10	11	23	6.1
id-02287	6	4	1	5.9
id-02288	7	2	9	6.3
id-02289	5	7	29	6.9
id-02290	3	5	3	5.2
id-02291	4	6	1	5.3
id-02292	3	5	30	5.1
id-02293	8	8	16	5.8
id-02294	10	18	26	6.1
id-02295	9	8	2	5.9
id-02296	9	7	18	5.3
id-02297	5	6	13	5.1
id-02298	6	4	19	6.9
id-02299	9	4	28	5.8
id-02300	10	13	17	5.4
id-02301	4	8	1	6.0
id-02302	4	4	9	6.1
id-02303	2	3	7	5.7
id-02304	5	9	22	6.6
id-02305	7	14	6	6.0
id-02306	7	12	27	5.6
id-02307	4	4	17	6.7
id-02308	5	5	13	6.7
id-02309	3	4	16	6.8
id-02310	10	15	28	5.5
id-02311	2	3	14	5.1
id-02312	9	4	11	6.4
id-02313	3	2	16	7.0
id-02314	9	3	8	5.7
id-02315	8	10	28	5.6
id-02316	6	5	10	5.2
id-02317	9	15	19	6.8
id-02318	6	2	5	5.1
id-02319	3	5	9	6.5
id-02320	1	2	15	5.7
id-02321	5	9	7	5.2
id-02322	2	3	23	5.9
id-02323	4	4	2	5.7
id-02324	10	4	21	5.5
id-02325	6	11	10	6.1
id-02326	7	6	19	6.3
id-02327	10	13	16	7.0
id-02328	10	4	22	6.5
id-02329	2	3	14	5.6
id-02330	8	14	6	5.0
id-02331	9	18	12	6.7
id-02332	1	2	20	5.3
id-02333	9	4	24	5.8
id-02334	8	6	10	5.6
id-02335	10	7	4	6.8
id-02336	6	10	18	5.8
id-02337	5	5	10	6.3
id-02338	6	4	17	6.2
id-02339	1	2	13	6.5
id-02340	2	3	18	6.6
id-02341	6	5	5	6.5
id-02342	2	2	19	5.8
id-02343	7	12	28	6.4
id-02344	8	3	16	6.6
id-02345	2	4	4	7.0
id-02346	6	2	23	6.6
id-02347	8	9	16	5.7
id-02348	9	16	11	5.0
id-02349	10	2	2	5.2
id-02350	4	8	15	5.5
id-02351	4	3	7	7.0
id-02352	2	4	6	6.5
id-02353	2	2	11	6.6
id-02354	1	2	11	6.7
id-02355	3	5	20	6.4
id-02356	10	3	7	5.6
id-02357	1	2	3	5.4
id-02358	8	3	14	6.4
id-02359	5	5	8	6.2
id-02360	1	2	20	6.7
id-02361	3	5	12	5.3
id-02362	10	15	9	6.0
id-02363	7	11	9	5.7
id-02364	8	15	17	5.5
id-02365	7	6	17	6.6
id-02366	3	4	12	6.7
id-02367	8	15	6	5.4
id-02368	5	3	15	5.2
id-02369	4	3	24	5.8
id-02370	7	4	17	5.9
id-02371	9	6	5	6.5
id-02372	9	11	22	6.7
id-02373	3	6	4	5.2
id-02374	1	2	3	6.2
id-02375	3	2	25	5.5
id-02376	10	19	21	5.4
id-02377	6	2	25	6.2
id-02378	7	6	7	5.3
id-02379	2	3	12	5.1
id-02380	1	2	20	6.9
id-02381	5	2	19	6.1
id-02382	9	4	9	6.4
id-02383	2	4	16	5.7
id-02384	6	10	13	6.9
id-02385	6	12	6	5.3
id-02386	8	6	19	6.9
id-02387	5	9	27	5.9
id-02388	5	6	17	6.3
id-02389	2	3	2	5.7
id-02390	5	8	21	5.7
id-02391	5	8	19	6.1
id-02392	10	2	29	6.4
id-02393	2	4	22	6.7
id-02394	3	6	7	7.0
id-02395	7	12	9	5.4
id-02396	4	5	27	6.6
id-02397	3	2	13	6.6
id-02398	4	2	2	5.6
id-02399	8	2	19	5.9
id-02400	6	4	11	6.0
id-02401	1	2	19	6.8
id-02402	8	2	4	5.7
id-02403	8	7	28	5.6
id-02404	8	4	7	5.9
id-02405	1	2	29	5.3
id-02406	3	5	7	6.9
id-02407	6	8	29	6.8
id-02408	5	6	29	6.2
id-02409	9	17	3	6.0
id-02410	7	6	24	6.0
id-02411	9	11	16	5.2
id-02412	7	13	16	7.0
id-02413	4	4	4	5.6
id-02414	5	5	28	6.9
id-02415	1	2	2	5.5
id-02416	5	5	13	5.5
id-02417	2	3	13	5.3
id-02418	7	9	7	5.8
id-02419	2	4	5	6.6
id-02420	9	16	29	6.4
id-02421	1	2	10	5.2
id-02422	10	20	4	7.0
id-02423	4	4	5	6.6
id-02424	2	4	3	6.1
id-02425	1	2	30	5.9
id-02426	7	2	11	6.6
id-02427	4	2	24	6.9
id-02428	10	16	9	5.6
id-02429	7	14	25	6.1
id-02430	7	14	7	5.0
id-02431	1	2	29	5.2
id-02432	2	2	29	6.3
id-02433	1	2	26	6.2
id-02434	1	2	1	6.0
id-02435	8	5	17	5.3
id-02436	8	7	4	6.0
id-02437	8	14	28	6.2
id-02438	5	3	1	6.1
id-02439	8	16	23	5.3
id-02440	10	4	1	6.4
id-02441	9	12	27	6.2
id-02442	5	6	13	5.2
id-02443	7	7	5	6.8
id-02444	7	6	28	6.7
id-02445	5	5	17	5.7
id-02446	10	12	4	7.0
id-02447	8	2	9	5.8
id-02448	8	3	28	6.1
id-02449	4	6	3	6.3
id-02450	7	11	23	6.2
id-02451	6	7	7	6.2
id-02452	3	6	27	6.2
id-02453	9	5	16	5.0
id-02454	4	3	4	6.8
id-02455	4	4	8	6.7
id-02456	1	2	14	6.3
id-02457	10	8	18	6.7
id-02458	4	7	3	5.4
id-02459	2	3	30	5.8
id-02460	8	9	15	5.6
id-02461	10	8	7	5.3
id-02462	3	3	30	5.1
id-02463	10	20	27	5.1
id-02464	9	11	8	6.1
id-02465	10	5	7	5.3
id-02466	8	7	21	6.8
id-02467	9	18	20	5.6
id-02468	3	4	24	6.9
id-02469	5	5	21	5.1
id-02470	3	3	17	5.5
id-02471	6	3	28	5.4
id-02472	5	2	28	6.9
id-02473	7	2	28	6.4
id-02474	4	5	29	6.3
id-02475	7	3	9	5.6
id-02476	1	2	17	6.0
id-02477	6	10	26	6.6
id-02478	2	3	29	6.4
id-02479	4	8	5	6.1
id-02480	5	3	3	6.0
id-02481	3	4	29	5.6
id-02482	7	8	9	6.4
id-02483	7	11	2	5.3
id-02484	9	11	25	6.4
id-02485	2	3	22	5.1
id-02486	8	15	14	5.6
id-02487	8	2	21	6.3
id-02488	5	5	12	6.6
id-02489	5	2	18	6.1
id-02490	3	5	10	6.3
id-02491	6	9	14	5.3
id-02492	10	13	6	5.0
id-02493	1	2	26	6.3
id-02494	2	4	24	6.0
id-02495	5	3	18	6.8
id-02496	5	2	5	6.8
id-02497	3	4	25	5.4
id-02498	7	7	22	5.7
id-02499	2	2	25	6.7
id-02500	3	4	19	5.2
id-02501	1	2	24	5.4
id-02502	4	2	27	6.8
id-02503	8	14	25	5.9
id-02504	2	2	11	6.2
id-02505	4	6	15	6.9
id-02506	1	2	25	6.3
id-02507	7	13	4	5.1
id-02508	5	6	26	5.2
id-02509	5	6	24	6.7
id-02510	7	8	18	6.1
id-02511	5	9	2	5.4
id-02512	3	3	4	6.0
id-02513	3	4	17	5.2
id-02514	1	2	4	6.0
id-02515	7	5	25	6.3
id-02516	4	7	21	5.2
id-02517	1	2	30	6.3
id-02518	9	14	15	6.1
id-02519	6	7	13	5.8
id-02520	9	10	12	5.6
id-02521	6	3	16	6.2
id-02522	7	2	8	5.9
id-02523	10	9	29	5.7
id-02524	1	2	27	5.2
id-02525	7	7	23	6.0
id-02526	7	9	14	6.0
id-02527	3	5	4	6.0
id-02528	10	3	21	5.1
id-02529	7	11	30	6.4
id-02530	4	3	13	6.8
id-02531	7	8	14	6.0
id-02532	1	2	18	6.7
id-02533	2	2	26	5.1
id-02534	2	4	9	5.5
id-02535	8	15	3	6.4
id-02536	8	10	3	5.6
id-02537	1	2	3	5.1
id-02538	2	4	3	5.9
id-02539	8	4	7	5.4
id-02540	3	4	30	6.4
id-02541	5	9	4	5.6
id-02542	6	2	13	5.3
id-02543	9	13	3	5.4
id-02544	3	5	5	7.0
id-02545	10	8	30	5.6
id-02546	7	5	25	6.9
id-02547	7	10	4	6.5
id-02548	4	2	12	6.5
id-02549	9	13	26	6.4
id-02550	7	2	19	5.9
id-02551	1	2	21	5.8
id-02552	1	2	13	5.8
id-02553	1	2	15	6.8
id-02554	1	2	12	6.6
id-02555	9	3	13	6.3
id-02556	6	2	3	5.4
id-02557	5	8	2	5.9
id-02558	9	2	6	5.5
id-02559	7	3	18	7.0
id-02560	5	3	8	5.2
id-02561	6	5	29	5.2
id-02562	9	10	12	6.8
id-02563	3	5	17	5.0
id-02564	8	15	5	6.5
id-02565	9	2	9	6.2
id-02566	5	10	25	5.6
id-02567	8	6	16	5.2
id-02568	1	2	25	5.3
id-02569	4	8	16	6.1
id-02570	7	8	3	5.8
id-02571	8	9	29	5.2
id-02572	1	2	18	5.5
id-02573	9	15	17	5.6
id-02574	9	10	10	5.2
id-02575	10	17	16	6.9
id-02576	9	4	5	5.8
id-02577	10	12	13	6.0
id-02578	2	2	6	6.4
id-02579	4	4	27	5.4
id-02580	3	5	9	6.9
id-02581	9	15	2	5.3
id-02582	7	6	3	5.9
id-02583	5	8	14	5.6
id-02584	1	2	21	5.4
id-02585	7	3	30	5.4
id-02586	6	2	14	5.9
id-02587	2	3	18	6.1
id-02588	8	10	5	6.0
id-02589	7	3	27	5.8
id-02590	2	3	22	5.0
id-02591	9	7	14	6.6
id-02592	7	7	14	5.2
id-02593	5	4	11	5.9
id-02594	9	8	7	5.9
id-02595	9	11	17	6.6
id-02596	9	16	24	5.6
id-02597	8	6	28	6.3
id-02598	2	4	12	6.1
id-02599	3	6	26	5.9
id-02600	8	6	24	6.8
id-02601	6	5	20	6.5
id-02602	6	4	12	5.0
id-02603	6	8	24	6.4
id-02604	10	13	18	6.1
id-02605	3	2	10	7.0
id-02606	10	9	19	5.1
id-02607	9	13	30	6.0
id-02608	2	3	10	5.9
id-02609	8	12	11	6.8
id-02610	2	4	3	5.3
id-02611	9	2	25	6.0
id-02612	10	12	5	5.8
id-02613	9	16	15	6.9
id-02614	10	7	21	6.4
id-02615	9	10	23	6.2
id-02616	8	16	23	6.6
id-02617	7	12	10	5.9
id-02618	7	12	10	5.9
id-02619	1	2	10	5.9
id-02620	2	4	14	7.0
id-02621	5	2	6	5.4
id-02622	8	11	24	6.3
id-02623	6	11	19	5.3
id-02624	10	5	15	5.7
id-02625	5	6	12	5.4
id-02626	9	15	15	5.5
id-02627	5	8	17	6.4
id-02628	7	13	23	5.4
id-02629	6	8	4	6.1
id-02630	5	5	18	5.8
id-02631	10	5	2	6.0
id-02632	9	18	5	6.3
id-02633	9	10	24	6.5
id-02634	5	8	8	6.2
id-02635	6	2	14	6.2
id-02636	9	2	13	5.7
id-02637	8	14	16	5.4
id-02638	2	3	21	5.4
id-02639	3	4	6	6.3
id-02640	4	2	4	5.3
id-02641	8	2	18	5.6
id-02642	7	5	7	5.8
id-02643	8	12	22	5.2
id-02644	3	6	9	6.0
id-02645	7	3	15	5.3
id-02646	1	2	10	5.9
id-02647	6	10	28	6.7
id-02648	5	3	23	6.5
id-02649	7	4	14	5.6
id-02650	8	15	4	5.9
id-02651	10	20	28	5.1
id-02652	5	10	24	6.3
id-02653	8	3	2	6.6
id-02654	8	2	10	6.6
id-02655	9	3	5	5.4
id-02656	4	4	29	5.2
id-02657	3	4	13	6.1
id-02658	7	2	5	5.8
id-02659	7	14	8	6.4
id-02660	10	7	29	6.6
id-02661	4	3	6	5.5
id-02662	9	6	10	5.1
id-02663	1	2	6	6.5
id-02664	7	5	10	6.7
id-02665	4	2	5	6.3
id-02666	4	2	6	5.2
id-02667	8	11	11	5.6
id-02668	10	17	29	5.1
id-02669	10	20	30	6.7
id-02670	1	2	26	6.8
id-02671	2	4	15	6.9
id-02672	8	3	16	5.4
id-02673	2	2	25	5.3
id-02674	10	9	6	6.2
id-02675	2	4	27	5.5
id-02676	9	17	11	5.0
id-02677	10	2	4	6.1
id-02678	4	3	13	6.6
id-02679	7	5	25	6.6
id-02680	3	2	3	7.0
id-02681	3	4	26	5.9
id-02682	5	4	28	6.5
id-02683	5	5	4	6.0
id-02684	4	7	14	6.9
id-02685	2	2	17	6.9
id-02686	5	4	4	6.2
id-02687	6	9	25	6.2
id-02688	5	2	14	6.6
id-02689	10	6	2	6.3
id-02690	3	5	19	6.9
id-02691	7	8	10	6.4
id-02692	8	15	25	6.9
id-02693	5	7	16	5.0
id-02694	7	4	30	5.3
id-02695	4	6	5	5.7
id-02696	3	6	28	6.1
id-02697	6	10	24	7.0
id-02698	7	11	17	5.3
id-02699	6	3	5	6.4
id-02700	2	3	3	5.3
id-02701	5	9	11	6.6
id-02702	7	10	29	5.9
id-02703	9	11	1	6.2
id-02704	10	11	7	5.7
id-02705	9	6	28	6.1
id-02706	10	13	10	6.0
id-02707	7	11	24	6.6
id-02708	6	11	28	5.7
id-02709	1	2	14	6.9
id-02710	2	2	18	5.8
id-02711	5	3	29	6.2
id-02712	7	7	10	6.9
id-02713	5	2	10	5.2
id-02714	4	6	13	5.2
id-02715	4	3	30	6.2
id-02716	10	5	26	6.4
id-02717	7	4	11	5.9
id-02718	9	16	22	5.9
id-02719	3	4	5	6.1
id-02720	4	4	7	6.1
id-02721	5	5	12	5.4
id-02722	7	7	25	6.8
id-02723	2	3	5	5.4
id-02724	8	2	1	5.2
id-02725	2	2	4	6.9
id-02726	8	15	16	5.8
id-02727	2	4	20	6.3
id-02728	4	4	13	6.5
id-02729	7	7	14	6.5
id-02730	3	4	26	5.6
id-02731	4	2	19	6.5
id-02732	5	2	25	6.7
id-02733	6	12	7	6.5
id-02734	6	8	2	7.0
id-02735	5	9	16	5.3
id-02736	4	8	26	5.1
id-02737	3	3	15	6.2
id-02738	2	2	14	5.3
id-02739	1	2	16	5.8
id-02740	1	2	14	6.1
id-02741	8	4	13	5.7
id-02742	4	3	20	5.8
id-02743	10	18	8	5.2
id-02744	9	8	25	5.5
id-02745	4	4	3	5.4
id-02746	2	4	15	5.9
id-02747	3	3	11	5.6
id-02748	7	13	7	5.6
id-02749	6	12	30	5.7
id-02750	8	6	26	6.4
id-02751	9	18	17	6.1
id-02752	1	2	15	6.0
id-02753	10	20	15	6.7
id-02754	1	2	19	6.6
id-02755	4	2	12	5.3
id-02756	5	10	13	6.9
id-02757	3	4	27	5.4
id-02758	10	10	22	6.2
id-02759	4	4	25	5.4
id-02760	9	9	13	6.0
id-02761	2	3	7	6.7
id-02762	8	14	20	5.8
id-02763	1	2	10	5.0
id-02764	4	8	28	6.5
id-02765	10	14	5	6.0
id-02766	8	5	12	6.3
id-02767	4	7	19	7.0
id-02768	8	16	18	5.8
id-02769	8	6	1	6.6
id-02770	10	11	4	5.5
id-02771	6	2	5	6.7
id-02772	5	10	19	6.8
id-02773	6	5	21	6.9
id-02774	8	4	10	5.7
id-02775	10	14	10	6.8
id-02776	3	5	16	6.0
id-02777	5	2	1	5.0
id-02778	10	20	13	6.3
id-02779	9	7	4	5.4
id-02780	5	6	30	5.3
id-02781	10	4	30	6.3
id-02782	2	3	13	5.7
id-02783	10	14	13	5.2
id-02784	5	4	9	5.9
id-02785	3	2	2	5.6
id-02786	1	2	21	5.9
id-02787	3	4	14	7.0
id-02788	2	2	15	6.2
id-02789	1	2	29	5.4
id-02790	5	9	1	5.7
id-02791	2	4	5	6.2
id-02792	5	7	15	5.5
id-02793	7	11	20	5.3
id-02794	6	9	11	6.5
id-02795	3	3	4	5.1
id-02796	4	5	22	6.4
id-02797	5	7	4	5.5
id-02798	4	6	20	6.9
id-02799	10	18	28	6.6
id-02800	10	8	23	6.0
id-02801	5	9	18	5.6
id-02802	1	2	28	5.5
id-02803	7	4	15	5.8
id-02804	8	5	2	5.6
id-02805	2	2	2	5.9
id-02806	1	2	14	5.8
id-02807	10	4	24	5.5
id-02808	2	2	6	5.9
id-02809	3	6	11	5.1
id-02810	6	4	8	6.4
id-02811	10	8	8	5.9
id-02812	7	2	20	5.6
id-02813	1	2	18	6.0
id-02814	9	10	11	5.7
id-02815	2	2	8	5.2
id-02816	8	11	8	5.2
id-02817	10	3	4	6.7
id-02818	2	3	14	6.3
id-02819	7	13	12	6.6
id-02820	5	6	12	6.2
id-02821	4	7	6	6.2
id-02822	5	10	15	6.2
id-02823	8	6	19	6.7
id-02824	7	8	2	6.6
id-02825	10	19	23	6.6
id-02826	3	5	5	5.4
id-02827	6	4	29	6.6
id-02828	3	5	3	5.7
id-02829	1	2	10	6.2
id-02830	10	5	3	6.2
id-02831	1	2	12	5.6
id-02832	3	4	11	6.6
id-02833	4	6	30	5.6
id-02834	3	5	26	5.6
id-02835	1	2	8	5.4
id-02836	10	4	1	6.7
id-02837	4	3	15	5.5
id-02838	5	2	28	6.3
id-02839	2	3	22	5.2
id-02840	2	3	18	6.3
id-02841	4	4	2	6.8
id-02842	9	2	28	6.5
id-02843	6	9	5	5.3
id-02844	4	7	20	6.1
id-02845	7	2	8	5.7
id-02846	5	4	23	6.6
id-02847	4	6	21	5.7
id-02848	1	2	27	6.6
id-02849	8	5	22	7.0
id-02850	1	2	8	6.1
id-02851	6	2	18	6.0
id-02852	1	2	9	5.2
id-02853	6	7	17	5.8
id-02854	6	12	8	5.0
id-02855	9	6	6	5.4
id-02856	9	12	3	5.8
id-02857	9	11	27	5.5
id-02858	5	8	25	6.5
id-02859	1	2	4	5.1
id-02860	3	4	5	6.9
id-02861	1	2	29	6.5
id-02862	10	17	9	5.1
id-02863	9	10	15	6.1
id-02864	6	12	18	5.6
id-02865	1	2	22	6.1
id-02866	6	12	14	5.0
id-02867	4	2	3	6.8
id-02868	9	3	7	5.9
id-02869	8	13	25	6.8
id-02870	3	6	18	6.6
id-02871	7	4	10	5.8
id-02872	8	13	17	5.2
id-02873	3	5	29	6.4
id-02874	5	10	15	6.9
id-02875	9	15	13	6.5
id-02876	6	8	29	5.7
id-02877	7	12	20	6.2
id-02878	10	2	30	6.4
id-02879	2	4	20	5.7
id-02880	10	6	21	5.1
id-02881	2	4	4	5.7
id-02882	6	2	1	5.4
id-02883	3	2	18	5.4
id-02884	8	16	4	6.7
id-02885	6	10	15	5.7
id-02886	3	5	15	5.3
id-02887	8	10	28	5.5
id-02888	10	11	30	6.2
id-02889	5	6	7	6.4
id-02890	10	20	29	6.9
id-02891	10	19	15	6.2
id-02892	10	19	26	6.6
id-02893	1	2	30	6.1
id-02894	1	2	19	6.6
id-02895	2	3	2	6.2
id-02896	6	6	24	6.6
id-02897	3	3	5	5.5
id-02898	2	3	18	6.5
id-02899	5	9	26	5.6
id-02900	8	8	24	6.6
id-02901	6	6	11	5.7
id-02902	4	8	18	6.4
id-02903	8	2	21	6.8
id-02904	9	11	25	6.5
id-02905	2	2	6	6.5
id-02906	10	17	2	5.2
id-02907	4	4	13	6.7
id-02908	8	5	25	6.7
id-02909	2	2	18	5.9
id-02910	5	10	22	6.8
id-02911	2	2	13	6.4
id-02912	9	2	14	5.1
id-02913	5	2	2	5.7
id-02914	7	14	13	5.3
id-02915	1	2	27	6.6
id-02916	7	8	18	5.0
id-02917	4	6	27	5.7
id-02918	4	2	30	7.0
id-02919	6	12	14	5.1
id-02920	8	6	13	5.8
id-02921	2	4	30	5.9
id-02922	9	4	28	6.2
id-02923	1	2	11	6.0
id-02924	6	10	4	6.8
id-02925	8	3	3	6.9
id-02926	3	2	24	5.3
id-02927	10	3	18	5.0
id-02928	10	3	15	6.7
id-02929	1	2	26	5.5
id-02930	2	4	29	6.1
id-02931	6	5	29	5.1
id-02932	5	5	15	6.0
id-02933	10	8	1	5.7
id-02934	2	2	2	6.9
id-02935	6	10	19	5.2
id-02936	1	2	27	6.9
id-02937	10	18	25	6.5
id-02938	2	4	19	6.8
id-02939	9	11	16	6.5
id-02940	10	11	14	5.0
id-02941	5	7	15	5.9
id-02942	5	9	2	5.8
id-02943	2	3	18	6.6
id-02944	5	6	28	6.0
id-02945	5	8	30	5.5
id-02946	4	3	7	5.4
id-02947	10	3	2	6.8
id-02948	3	2	13	5.3
id-02949	4	3	7	5.7
id-02950	9	16	3	6.6
id-02951	5	8	5	5.0
id-02952	10	20	7	6.8
id-02953	7	7	30	5.5
id-02954	6	3	1	6.1
id-02955	4	6	25	6.5
id-02956	1	2	13	5.6
id-02957	7	6	12	6.8
id-02958	9	6	4	6.9
id-02959	10	8	19	5.8
id-02960	4	8	17	5.9
id-02961	7	10	21	5.6
id-02962	8	10	14	5.7
id-02963	6	11	3	6.2
id-02964	6	6	12	5.3
id-02965	6	5	3	5.5
id-02966	6	12	22	5.1
id-02967	8	6	14	5.5
id-02968	2	2	12	6.4
id-02969	5	8	24	6.3
id-02970	2	2	1	5.3
id-02971	4	7	1	5.1
id-02972	5	9	11	6.7
id-02973	4	7	19	5.8
id-02974	3	3	5	5.9
id-02975	9	6	8	5.7
id-02976	3	6	15	5.6
id-02977	6	8	12	5.9
id-02978	3	5	7	6.3
id-02979	7	10	3	5.4
id-02980	4	8	11	5.8
id-02981	8	12	4	5.9
id-02982	1	2	17	5.7
id-02983	10	20	26	6.9
id-02984	1	2	26	6.8
id-02985	8	8	8	6.3
id-02986	1	2	17	6.2
id-02987	8	16	16	5.5
id-02988	9	5	4	5.1
id-02989	9	6	11	6.5
id-02990	4	8	13	7.0
id-02991	8	8	10	5.7
id-02992	6	12	23	6.4
id-02993	5	10	5	5.3
id-02994	9	12	10	6.9
id-02995	4	4	17	6.7
id-02996	2	4	22	6.4
id-02997	1	2	9	6.0
id-02998	4	6	9	5.2
id-02999	6	12	6	6.5
id-03000	10	17	18	6.4
id-03001	8	8	18	6.4
id-03002	6	9	3	5.5
id-03003	4	2	30	6.9
id-03004	3	4	2	5.4
id-03005	6	9	14	5.4
id-03006	9	17	21	6.9
id-03007	9	17	23	5.0
id-03008	1	2	9	5.8
id-03009	4	2	10	6.5
id-03010	4	8	8	6.5
id-03011	4	4	11	6.3
id-03012	9	11	2	5.7
id-03013	2	2	14	5.2
id-03014	4	8	28	6.3
id-03015	9	16	17	6.6
id-03016	6	8	16	5.4
id-03017	8	9	12	6.3
id-03018	6	7	18	5.5
id-03019	5	5	11	6.4
id-03020	3	5	27	5.7
id-03021	7	5	17	6.7
id-03022	8	2	4	6.5
id-03023	7	3	16	6.9
id-03024	1	2	4	5.9
id-03025	7	5	26	5.2
id-03026	10	15	14	5.6
id-03027	6	8	12	6.5
id-03028	9	2	22	5.3
id-03029	6	3	2	6.3
id-03030	8	3	20	6.9
id-03031	7	9	1	6.5
id-03032	3	6	1	6.0
id-03033	1	2	6	6.7
id-03034	5	9	5	5.2
id-03035	1	2	29	6.7
id-03036	2	4	29	6.2
id-03037	8	3	5	5.8
id-03038	2	3	20	6.7
id-03039	4	7	9	5.6
id-03040	5	7	1	6.9
id-03041	5	7	21	6.9
id-03042	2	2	20	6.1
id-03043	5	6	19	6.1
id-03044	8	5	27	5.9
id-03045	9	4	9	5.8
id-03046	9	2	3	6.2
id-03047	3	5	6	5.9
id-03048	2	3	28	6.5
id-03049	6	10	27	5.8
id-03050	1	2	20	6.0
id-03051	1	2	30	5.5
id-03052	1	2	17	5.9
id-03053	2	2	20	5.9
id-03054	5	7	27	5.8
id-03055	4	7	30	5.1
id-03056	9	9	3	7.0
id-03057	4	5	1	5.3
id-03058	10	16	10	5.9
id-03059	10	3	13	6.1
id-03060	1	2	15	6.3
id-03061	8	16	17	5.1
id-03062	1	2	17	5.2
id-03063	8	9	23	5.8
id-03064	4	4	2	5.7
id-03065	3	2	17	6.4
id-03066	6	12	15	5.5
id-03067	4	5	7	6.8
id-03068	7	6	8	5.3
id-03069	9	4	10	6.3
id-03070	5	6	8	5.1
id-03071	9	16	10	6.3
id-03072	9	5	20	6.4
id-03073	10	13	29	5.6
id-03074	4	8	19	5.3
id-03075	1	2	28	5.7
id-03076	4	3	25	6.8
id-03077	3	5	8	5.1
id-03078	1	2	11	6.4
id-03079	9	8	1	6.5
id-03080	6	3	7	5.2
id-03081	8	8	27	5.1
id-03082	1	2	18	6.4
id-03083	2	4	17	6.3
id-03084	3	3	7	5.8
id-03085	5	4	19	5.1
id-03086	8	14	4	5.2
id-03087	4	5	29	6.7
id-03088	2	4	8	5.5
id-03089	6	2	24	6.7
id-03090	10	18	23	7.0
id-03091	6	8	12	6.0
id-03092	9	15	24	5.1
id-03093	8	14	9	5.7
id-03094	3	6	29	6.0
id-03095	1	2	7	5.4
id-03096	3	4	8	5.7
id-03097	5	9	13	6.2
id-03098	2	2	27	6.2
id-03099	10	8	25	7.0
id-03100	6	5	3	5.7
id-03101	4	7	24	6.6
id-03102	9	11	4	6.1
id-03103	4	6	4	5.9
id-03104	4	8	6	5.3
id-03105	3	5	19	6.3
id-03106	9	14	29	6.9
id-03107	6	11	4	5.8
id-03108	4	8	17	5.6
id-03109	4	8	26	5.5
id-03110	7	2	5	6.5
id-03111	2	4	4	5.4
id-03112	7	6	2	5.6
id-03113	4	3	2	5.2
id-03114	10	20	6	5.9
id-03115	5	2	30	5.3
id-03116	8	2	4	5.7
id-03117	2	3	28	5.5
id-03118	1	2	26	6.7
id-03119	1	2	20	5.7
id-03120	2	4	6	6.8
id-03121	6	5	19	5.7
id-03122	2	4	11	5.3
id-03123	6	10	24	6.7
id-03124	2	4	20	5.5
id-03125	7	2	25	5.8
id-03126	2	4	17	5.9
id-03127	9	5	27	6.0
id-03128	1	2	19	5.9
id-03129	6	6	5	6.4
id-03130	8	4	3	5.3
id-03131	3	4	9	5.6
id-03132	8	4	14	6.8
id-03133	1	2	24	5.2
id-03134	9	18	7	6.8
id-03135	8	15	4	7.0
id-03136	2	2	27	6.7
id-03137	6	12	24	5.8
id-03138	9	6	11	5.3
id-03139	8	16	8	5.7
id-03140	2	2	23	5.8
id-03141	7	2	26	5.4
id-03142	5	10	24	6.4
id-03143	10	9	14	5.7
id-03144	6	2	4	6.2
id-03145	3	4	8	6.4
id-03146	4	7	17	6.8
id-03147	2	3	9	6.0
id-03148	9	17	4	5.7
id-03149	6	7	14	6.3
id-03150	3	3	29	6.8
id-03151	1	2	6	6.7
id-03152	10	15	21	5.1
id-03153	9	5	10	6.1
id-03154	10	11	14	5.5
id-03155	10	16	1	6.1
id-03156	3	4	7	6.5
id-03157	7	11	8	5.5
id-03158	7	3	18	6.5
id-03159	7	9	27	5.4
id-03160	9	6	18	5.8
id-03161	5	10	12	7.0
id-03162	3	2	22	5.8
id-03163	2	3	3	5.7
id-03164	1	2	22	5.5
id-03165	10	8	6	6.7
id-03166	3	4	6	6.1
id-03167	1	2	8	5.1
id-03168	10	5	6	6.9
id-03169	8	9	2	6.5
id-03170	10	16	1	6.9
id-03171	10	3	3	6.9
id-03172	3	5	6	6.9
id-03173	6	12	14	6.5
id-03174	6	2	26	6.5
id-03175	4	8	9	6.3
id-03176	6	9	6	6.7
id-03177	8	15	20	5.6
id-03178	3	4	9	5.4
id-03179	7	5	28	6.3
id-03180	10	12	27	5.1
id-03181	2	4	29	6.3
id-03182	1	2	24	5.6
id-03183	3	4	15	6.6
id-03184	10	6	8	6.1
id-03185	5	4	2	5.2
id-03186	4	7	19	5.5
id-03187	1	2	2	5.1
id-03188	2	3	1	5.5
id-03189	2	4	22	6.6
id-03190	10	3	20	6.9
id-03191	9	15	1	5.5
id-03192	2	4	5	5.5
id-03193	5	9	24	5.2
id-03194	9	6	12	6.7
id-03195	7	7	2	5.9
id-03196	7	9	3	6.5
id-03197	10	14	19	6.7
id-03198	4	6	30	5.2
id-03199	9	16	21	6.6
id-03200	4	8	22	6.0
id-03201	8	13	16	5.1
id-03202	4	7	10	6.0
id-03203	9	8	23	5.8
id-03204	10	5	5	6.5
id-03205	6	3	18	6.6
id-03206	1	2	22	5.9
id-03207	3	4	5	5.9
id-03208	1	2	11	5.2
id-03209	9	14	15	6.6
id-03210	7	7	15	6.2
id-03211	5	9	5	5.8
id-03212	8	13	10	6.2
id-03213	9	8	6	6.3
id-03214	2	2	6	6.1
id-03215	7	14	22	6.4
id-03216	10	6	9	6.2
id-03217	9	6	19	6.6
id-03218	4	7	9	5.2
id-03219	2	3	27	5.8
id-03220	7	2	20	6.5
id-03221	6	5	9	6.7
id-03222	6	5	7	6.8
id-03223	10	17	2	6.2
id-03224	9	10	26	5.1
id-03225	8	4	14	6.4
id-03226	3	4	4	7.0
id-03227	10	4	15	6.8
id-03228	6	2	8	5.8
id-03229	10	4	22	6.7
id-03230	1	2	30	5.9
id-03231	5	4	1	5.2
id-03232	10	11	26	5.5
id-03233	5	7	22	5.4
id-03234	6	6	22	5.8
id-03235	3	5	25	5.3
id-03236	4	3	22	6.6
id-03237	1	2	10	6.5
id-03238	2	4	5	5.1
id-03239	6	3	3	5.1
id-03240	5	4	26	6.5
id-03241	9	18	18	5.7
id-03242	10	10	2	5.5
id-03243	9	2	14	6.2
id-03244	8	14	14	6.3
id-03245	1	2	15	5.9
id-03246	8	9	26	6.3
id-03247	1	2	28	6.8
id-03248	3	6	11	5.0
id-03249	1	2	10	5.1
id-03250	9	5	16	5.5
id-03251	9	6	19	6.3
id-03252	1	2	15	6.2
id-03253	10	12	8	6.2
id-03254	9	6	8	5.3
id-03255	6	11	28	5.8
id-03256	9	18	10	6.2
id-03257	10	9	23	6.6
id-03258	7	11	18	6.0
id-03259	1	2	25	5.6
id-03260	8	15	1	5.1
id-03261	2	4	1	5.5
id-03262	7	13	22	5.0
id-03263	8	14	10	5.2
id-03264	6	4	21	6.8
id-03265	2	2	30	6.8
id-03266	4	5	7	6.4
id-03267	8	6	21	5.2
id-03268	2	2	25	6.1
id-03269	4	4	7	6.8
id-03270	3	5	1	5.1
id-03271	9	3	4	6.6
id-03272	8	7	14	6.8
id-03273	9	3	24	6.1
id-03274	2	2	11	6.8
id-03275	7	3	29	5.0
id-03276	4	2	17	5.2
id-03277	5	9	30	6.2
id-03278	1	2	29	6.2
id-03279	4	8	8	6.4
id-03280	6	11	22	6.4
id-03281	7	14	15	5.9
id-03282	9	17	11	6.9
id-03283	7	4	1	5.5
id-03284	5	5	29	5.5
id-03285	8	11	8	5.9
id-03286	10	14	9	6.0
id-03287	2	4	17	5.8
id-03288	4	4	16	5.5
id-03289	5	9	23	7.0
id-03290	7	9	22	5.5
id-03291	10	5	19	6.3
id-03292	10	7	25	5.8
id-03293	2	3	1	5.5
id-03294	2	3	23	6.0
id-03295	2	2	14	6.4
id-03296	2	2	22	5.9
id-03297	3	3	12	6.5
id-03298	4	8	7	6.4
id-03299	5	3	20	6.7
id-03300	3	4	10	5.4
id-03301	9	2	21	6.8
id-03302	1	2	30	6.8
id-03303	7	13	13	6.4
id-03304	8	7	1	6.5
id-03305	10	13	13	6.2
id-03306	9	5	21	6.5
id-03307	6	11	24	5.2
id-03308	4	5	13	5.6
id-03309	4	8	15	6.1
id-03310	2	4	20	6.1
id-03311	1	2	14	5.7
id-03312	5	2	28	5.5
id-03313	5	4	15	5.0
id-03314	5	5	20	6.8
id-03315	6	9	29	6.8
id-03316	8	2	26	6.3
id-03317	1	2	27	6.8
id-03318	5	8	24	7.0
id-03319	5	3	19	5.5
id-03320	10	19	19	6.1
id-03321	2	4	12	6.3
id-03322	7	9	15	6.8
id-03323	4	5	8	6.6
id-03324	4	7	10	5.4
id-03325	10	5	1	5.7
id-03326	7	2	2	6.2
id-03327	8	9	12	6.0
id-03328	8	6	10	5.8
id-03329	6	4	30	6.1
id-03330	5	8	25	5.2
id-03331	7	9	24	6.6
id-03332	3	2	30	5.6
id-03333	8	14	11	7.0
id-03334	5	4	20	5.6
id-03335	2	2	7	6.0
id-03336	4	7	8	5.4
id-03337	4	2	12	6.4
id-03338	6	3	10	5.7
id-03339	7	11	29	5.8
id-03340	2	2	2	5.0
id-03341	1	2	8	5.3
id-03342	4	5	7	5.2
id-03343	4	8	21	5.1
id-03344	8	13	21	5.5
id-03345	2	3	2	7.0
id-03346	7	13	28	6.5
id-03347	3	4	21	6.2
id-03348	1	2	28	5.8
id-03349	10	14	10	6.1
id-03350	9	12	4	5.7
id-03351	7	13	4	5.3
id-03352	4	2	27	6.6
id-03353	4	7	23	6.9
id-03354	8	6	18	6.6
id-03355	10	8	28	5.4
id-03356	2	4	24	6.3
id-03357	4	3	27	6.5
id-03358	10	18	25	6.7
id-03359	9	11	10	5.2
id-03360	7	12	2	5.2
id-03361	9	6	26	7.0
id-03362	10	16	11	6.3
id-03363	5	3	17	5.3
id-03364	2	2	7	6.9
id-03365	3	6	15	6.9
id-03366	1	2	8	5.2
id-03367	8	9	6	6.1
id-03368	5	6	3	6.7
id-03369	2	2	30	6.3
id-03370	7	2	12	6.5
id-03371	8	11	10	5.0
id-03372	9	18	30	5.6
id-03373	4	8	23	6.3
id-03374	7	3	14	6.6
id-03375	4	2	9	6.8
id-03376	7	14	28	5.4
id-03377	5	4	6	5.5
id-03378	3	6	8	6.1
id-03379	9	2	23	6.1
id-03380	10	11	28	6.9
id-03381	7	4	6	5.7
id-03382	4	4	4	6.2
id-03383	2	3	29	6.2
id-03384	4	6	8	6.1
id-03385	7	3	20	5.4
id-03386	3	3	13	6.5
id-03387	6	4	25	5.5
id-03388	3	5	28	6.6
id-03389	5	7	14	5.7
id-03390	4	6	5	5.1
id-03391	4	7	21	6.4
id-03392	6	11	23	6.3
id-03393	3	6	2	6.8
id-03394	7	4	19	5.3
id-03395	4	3	8	6.7
id-03396	6	4	20	5.4
id-03397	6	12	16	5.5
id-03398	8	6	19	6.1
id-03399	9	14	8	5.9
id-03400	6	6	16	6.3
id-03401	10	4	17	5.6
id-03402	5	8	16	5.4
id-03403	3	3	10	5.6
id-03404	4	3	25	5.9
id-03405	7	7	20	6.3
id-03406	1	2	8	5.5
id-03407	1	2	13	6.0
id-03408	2	3	11	6.0
id-03409	4	8	10	5.6
id-03410	10	17	1	5.4
id-03411	1	2	10	6.2
id-03412	5	2	18	6.8
id-03413	1	2	20	5.9
id-03414	9	12	4	6.9
id-03415	10	7	22	5.6
id-03416	7	11	14	6.6
id-03417	6	7	23	5.2
id-03418	10	3	16	6.7
id-03419	1	2	9	6.0
id-03420	10	6	29	6.3
id-03421	1	2	15	6.0
id-03422	10	7	1	5.1
id-03423	6	2	18	6.0
id-03424	4	6	7	5.1
id-03425	2	4	26	6.0
id-03426	10	17	19	5.9
id-03427	9	3	30	6.5
id-03428	6	7	3	5.5
id-03429	9	4	25	5.4
id-03430	3	5	16	6.1
id-03431	1	2	22	5.6
id-03432	2	3	19	5.5
id-03433	2	3	9	5.2
id-03434	3	3	26	5.7
id-03435	9	9	7	5.7
id-03436	6	2	28	6.9
id-03437	7	8	24	6.4
id-03438	4	7	11	5.9
id-03439	8	3	3	6.1
id-03440	9	11	28	6.4
id-03441	3	3	11	5.1
id-03442	3	3	24	6.3
id-03443	6	3	4	6.7
id-03444	4	8	30	6.0
id-03445	7	8	3	5.3
id-03446	2	4	29	6.6
id-03447	10	19	20	5.4
id-03448	6	9	21	6.8
id-03449	1	2	21	6.8
id-03450	7	2	7	5.7
id-03451	7	9	15	5.4
id-03452	4	3	5	5.1
id-03453	8	4	13	5.7
id-03454	9	15	30	5.1
id-03455	7	13	16	6.1
id-03456	10	6	17	6.2
id-03457	3	3	13	6.3
id-03458	3	6	16	6.1
id-03459	2	4	8	5.2
id-03460	5	7	26	5.4
id-03461	6	4	16	6.0
id-03462	7	8	15	5.3
id-03463	4	7	7	6.5
id-03464	9	8	23	5.3
id-03465	2	3	27	5.0
id-03466	7	9	1	6.6
id-03467	9	14	15	6.0
id-03468	3	5	18	5.9
id-03469	9	9	29	5.5
id-03470	6	9	26	5.5
id-03471	3	4	30	6.1
id-03472	6	2	8	6.4
id-03473	9	7	21	5.1
id-03474	2	2	30	6.3
id-03475	7	4	26	5.8
id-03476	4	7	30	5.4
id-03477	3	4	14	6.7
id-03478	9	4	3	6.7
id-03479	9	16	6	5.8
id-03480	4	8	13	5.3
id-03481	3	4	1	6.9
id-03482	9	4	22	5.1
id-03483	3	4	21	6.1
id-03484	4	6	8	6.9
id-03485	4	3	19	6.1
id-03486	1	2	9	6.8
id-03487	9	6	5	6.4
id-03488	5	10	11	5.6
id-03489	2	2	10	6.9
id-03490	1	2	4	6.1
id-03491	1	2	24	6.9
id-03492	9	15	17	6.1
id-03493	2	4	17	5.0
id-03494	9	12	8	5.4
id-03495	2	3	24	6.0
id-03496	5	2	17	6.5
id-03497	5	9	2	6.5
id-03498	9	13	24	5.8
id-03499	1	2	4	6.5
id-03500	3	5	29	5.2
id-03501	10	2	11	5.9
id-03502	8	13	15	6.4
id-03503	8	14	17	6.6
id-03504	1	2	4	6.2
id-03505	1	2	22	5.6
id-03506	1	2	13	6.0
id-03507	9	7	11	6.4
id-03508	10	9	29	6.3
id-03509	4	6	13	5.2
id-03510	9	16	16	5.6
id-03511	6	11	11	6.4
id-03512	7	9	14	5.2
id-03513	4	2	8	6.4
id-03514	5	9	12	6.3
id-03515	5	3	14	6.0
id-03516	7	6	16	5.4
id-03517	5	2	15	5.9
id-03518	5	9	26	6.3
id-03519	10	15	7	6.7
id-03520	6	8	1	6.2
id-03521	1	2	17	6.3
id-03522	8	15	9	5.4
id-03523	2	2	27	6.5
id-03524	8	9	19	6.2
id-03525	8	12	2	5.7
id-03526	10	12	23	5.1
id-03527	8	8	26	6.3
id-03528	1	2	8	6.5
id-03529	6	10	11	5.7
id-03530	3	5	3	5.6
id-03531	7	10	13	6.7
id-03532	6	11	25	5.9
id-03533	7	9	20	5.4
id-03534	6	12	25	6.6
id-03535	2	2	2	5.0
id-03536	1	2	18	5.3
id-03537	5	9	11	6.2
id-03538	10	15	12	6.6
id-03539	5	4	30	5.6
id-03540	4	3	12	6.9
id-03541	8	5	19	5.1
id-03542	10	10	15	5.5
id-03543	10	9	28	6.2
id-03544	3	3	18	5.5
id-03545	6	5	22	6.0
id-03546	6	4	25	7.0
id-03547	1	2	24	5.4
id-03548	7	4	15	6.9
id-03549	7	13	9	6.8
id-03550	2	4	30	5.3
id-03551	4	5	23	7.0
id-03552	9	4	12	6.1
id-03553	7	11	14	5.3
id-03554	3	2	20	6.0
id-03555	4	5	16	5.0
id-03556	8	12	25	7.0
id-03557	7	2	24	6.6
id-03558	10	6	6	5.8
id-03559	8	15	29	5.8
id-03560	6	2	3	6.7
id-03561	7	7	18	7.0
id-03562	5	7	20	6.0
id-03563	9	3	9	5.6
id-03564	5	10	19	5.8
id-03565	3	6	14	5.9
id-03566	7	6	15	5.8
id-03567	5	5	2	6.3
id-03568	1	2	10	7.0
id-03569	9	3	14	5.0
id-03570	3	4	21	5.1
id-03571	8	12	1	6.1
id-03572	7	12	8	5.2
id-03573	9	12	9	6.5
id-03574	1	2	23	6.9
id-03575	6	4	13	6.8
id-03576	3	6	6	6.7
id-03577	1	2	16	6.2
id-03578	7	4	18	5.9
id-03579	3	2	7	5.2
id-03580	6	4	23	5.7
id-03581	1	2	23	6.9
id-03582	3	2	9	5.2
id-03583	2	4	11	5.6
id-03584	10	20	27	5.9
id-03585	2	3	30	6.6
id-03586	3	4	13	6.9
id-03587	5	10	26	5.1
id-03588	9	3	13	5.8
id-03589	1	2	14	5.8
id-03590	1	2	11	6.3
id-03591	6	11	7	5.8
id-03592	2	2	7	5.6
id-03593	6	10	13	6.8
id-03594	4	5	5	5.0
id-03595	8	5	10	6.7
id-03596	7	10	24	5.1
id-03597	1	2	23	6.4
id-03598	9	12	20	6.1
id-03599	6	8	23	6.1
id-03600	3	2	16	6.5
id-03601	1	2	14	6.7
id-03602	5	8	18	6.3
id-03603	6	3	4	5.9
id-03604	9	10	6	6.3
id-03605	9	18	20	5.3
id-03606	3	5	22	5.1
id-03607	4	2	14	6.3
id-03608	5	7	11	5.3
id-03609	3	3	21	7.0
id-03610	9	9	26	5.1
id-03611	9	16	9	5.8
id-03612	6	9	16	5.6
id-03613	4	3	14	6.9
id-03614	8	10	17	5.1
id-03615	5	5	6	6.3
id-03616	9	11	23	5.2
id-03617	4	4	2	6.6
id-03618	10	11	26	5.9
id-03619	1	2	17	5.3
id-03620	5	8	21	6.6
id-03621	7	3	29	6.2
id-03622	4	8	6	5.4
id-03623	10	13	8	6.6
id-03624	10	18	28	6.0
id-03625	10	10	4	7.0
id-03626	2	3	3	5.0
id-03627	5	3	20	6.6
id-03628	8	12	14	6.8
id-03629	8	16	5	5.5
id-03630	10	13	18	5.3
id-03631	7	6	17	5.5
id-03632	5	4	28	6.6
id-03633	8	5	3	6.9
id-03634	5	2	10	5.6
id-03635	2	2	23	6.3
id-03636	5	8	3	5.1
id-03637	10	3	25	5.5
id-03638	6	7	7	6.5
id-03639	3	4	20	5.2
id-03640	5	9	24	5.4
id-03641	5	10	18	6.2
id-03642	1	2	3	5.2
id-03643	6	2	21	6.0
id-03644	5	4	5	6.9
id-03645	3	3	2	6.5
id-03646	6	5	7	6.0
id-03647	10	2	17	6.2
id-03648	7	4	15	5.5
id-03649	10	10	30	6.4
id-03650	8	2	28	6.7
id-03651	6	11	19	6.6
id-03652	1	2	2	5.8
id-03653	10	14	14	6.0
id-03654	3	5	8	5.1
id-03655	1	2	2	6.3
id-03656	4	3	20	5.6
id-03657	10	11	25	5.5
id-03658	2	4	9	6.2
id-03659	5	2	1	5.4
id-03660	4	5	26	6.4
id-03661	10	10	1	6.1
id-03662	10	4	21	6.0
id-03663	4	5	7	6.3
id-03664	6	2	27	5.7
id-03665	3	6	20	5.3
id-03666	9	15	8	5.1
id-03667	9	2	28	5.1
id-03668	3	6	10	6.3
id-03669	1	2	13	5.7
id-03670	9	15	29	5.6
id-03671	10	18	29	5.3
id-03672	4	2	22	5.1
id-03673	8	12	13	6.3
id-03674	10	4	25	6.6
id-03675	7	4	5	6.3
id-03676	7	14	22	6.3
id-03677	3	5	1	5.5
id-03678	6	3	23	5.5
id-03679	4	5	9	6.9
id-03680	6	8	9	5.4
id-03681	10	7	4	6.4
id-03682	1	2	25	5.7
id-03683	2	3	15	5.2
id-03684	1	2	15	6.4
id-03685	1	2	22	6.2
id-03686	9	11	20	6.9
id-03687	3	2	21	6.2
id-03688	6	4	6	6.3
id-03689	1	2	12	6.4
id-03690	5	6	23	6.5
id-03691	3	4	11	6.1
id-03692	4	8	28	5.3
id-03693	6	11	18	6.7
id-03694	5	9	15	5.7
id-03695	8	13	13	6.6
id-03696	8	2	14	5.9
id-03697	4	6	16	5.6
id-03698	8	12	17	6.7
id-03699	5	5	25	5.8
id-03700	3	6	13	5.1
id-03701	9	16	5	6.0
id-03702	6	10	30	5.1
id-03703	10	20	1	6.4
id-03704	8	11	12	6.3
id-03705	6	5	10	6.2
id-03706	7	8	27	5.3
id-03707	2	4	13	6.6
id-03708	4	7	24	5.4
id-03709	7	13	9	6.2
id-03710	9	8	16	6.8
id-03711	7	11	2	5.4
id-03712	2	2	14	6.8
id-03713	9	12	7	5.7
id-03714	3	6	8	7.0
id-03715	1	2	26	5.8
id-03716	6	5	3	6.1
id-03717	6	3	10	5.6
id-03718	8	6	5	6.2
id-03719	7	5	27	5.6
id-03720	3	3	3	6.3
id-03721	6	4	26	5.3
id-03722	8	8	10	5.2
id-03723	7	8	13	5.7
id-03724	1	2	10	5.8
id-03725	1	2	22	6.6
id-03726	4	8	15	6.8
id-03727	8	15	22	6.5
id-03728	3	4	26	5.9
id-03729	2	2	4	5.8
id-03730	10	3	16	6.3
id-03731	1	2	8	6.8
id-03732	2	4	2	6.7
id-03733	1	2	5	5.2
id-03734	2	2	2	5.8
id-03735	1	2	4	5.6
id-03736	5	2	16	6.6
id-03737	6	4	2	6.0
id-03738	1	2	11	5.3
id-03739	3	3	20	5.4
id-03740	7	10	18	5.5
id-03741	3	6	14	6.4
id-03742	4	4	18	6.1
id-03743	8	12	18	5.7
id-03744	9	18	4	6.0
id-03745	2	2	26	5.8
id-03746	3	4	9	6.3
id-03747	2	4	12	5.1
id-03748	2	2	25	6.5
id-03749	6	2	9	5.6
id-03750	2	4	13	6.6
id-03751	5	2	22	5.5
id-03752	3	4	19	6.9
id-03753	3	3	21	6.3
id-03754	2	4	1	5.6
id-03755	7	12	22	5.6
id-03756	3	2	3	6.2
id-03757	5	7	20	7.0
id-03758	1	2	22	7.0
id-03759	5	8	4	5.1
id-03760	4	2	16	5.9
id-03761	8	6	20	6.6
id-03762	7	4	28	5.6
id-03763	10	18	28	5.7
id-03764	7	14	25	6.9
id-03765	7	13	30	6.5
id-03766	7	5	17	7.0
id-03767	3	4	5	6.0
id-03768	5	9	22	5.0
id-03769	1	2	25	5.5
id-03770	3	4	28	6.1
id-03771	4	5	28	6.0
id-03772	5	10	23	6.6
id-03773	3	4	6	6.8
id-03774	9	15	9	5.1
id-03775	6	4	15	5.9
id-03776	10	17	27	6.2
id-03777	10	13	3	5.7
id-03778	4	5	19	5.4
id-03779	2	3	29	6.0
id-03780	2	3	1	6.8
id-03781	6	8	7	6.7
id-03782	5	6	19	5.8
id-03783	10	13	27	6.4
id-03784	7	13	13	6.1
id-03785	7	12	29	6.0
id-03786	1	2	25	5.1
id-03787	4	3	3	5.4
id-03788	6	2	26	5.0
id-03789	6	12	22	6.3
id-03790	3	3	10	5.4
id-03791	4	3	23	6.8
id-03792	4	2	28	6.9
id-03793	10	5	17	6.9
id-03794	2	4	3	6.8
id-03795	2	3	20	6.9
id-03796	6	12	28	5.7
id-03797	4	8	20	5.9
id-03798	1	2	21	6.8
id-03799	6	12	10	6.6
id-03800	1	2	12	5.8
id-03801	1	2	14	5.1
id-03802	5	4	18	5.6
id-03803	10	10	29	6.6
id-03804	3	4	30	5.7
id-03805	7	8	6	5.8
id-03806	9	16	21	6.5
id-03807	9	12	28	5.6
id-03808	10	11	1	5.9
id-03809	3	3	2	5.7
id-03810	10	4	4	6.4
id-03811	6	5	15	6.1
id-03812	8	9	8	6.8
id-03813	6	6	1	6.7
id-03814	10	12	13	5.8
id-03815	8	4	9	6.0
id-03816	4	8	29	5.9
id-03817	9	4	28	6.3
id-03818	7	14	11	5.6
id-03819	5	3	27	6.9
id-03820	5	6	12	6.8
id-03821	3	5	19	5.8
id-03822	8	5	6	5.7
id-03823	1	2	6	6.1
id-03824	3	6	13	5.2
id-03825	10	6	1	6.2
id-03826	1	2	20	6.3
id-03827	1	2	19	5.7
id-03828	2	2	12	6.4
id-03829	1	2	5	6.1
id-03830	4	7	10	6.1
id-03831	6	11	7	6.7
id-03832	7	11	28	5.6
id-03833	7	10	19	5.8
id-03834	6	6	24	6.0
id-03835	9	12	19	6.3
id-03836	8	14	17	6.1
id-03837	6	3	28	6.5
id-03838	8	11	4	5.9
id-03839	3	2	29	6.4
id-03840	4	3	26	6.9
id-03841	7	2	25	5.2
id-03842	5	9	29	5.4
id-03843	2	2	24	5.9
id-03844	7	10	6	6.9
id-03845	5	4	18	6.3
id-03846	5	9	10	5.7
id-03847	6	7	3	5.7
id-03848	10	7	30	5.4
id-03849	4	8	19	5.4
id-03850	4	4	22	6.6
id-03851	10	17	20	5.4
id-03852	8	16	17	6.5
id-03853	7	4	3	6.5
id-03854	4	4	14	6.7
id-03855	8	6	14	6.1
id-03856	3	4	9	5.9
id-03857	3	4	17	5.9
id-03858	8	4	3	5.4
id-03859	3	6	23	5.4
id-03860	9	14	18	5.2
id-03861	10	6	17	5.7
id-03862	6	11	26	5.3
id-03863	9	7	1	5.2
id-03864	8	14	2	5.5
id-03865	8	12	27	6.5
id-03866	1	2	6	6.9
id-03867	1	2	6	5.5
id-03868	3	2	15	6.1
id-03869	9	4	23	6.0
id-03870	2	4	4	5.9
id-03871	6	5	18	5.2
id-03872	10	6	1	5.2
id-03873	4	4	19	5.3
id-03874	1	2	28	5.0
id-03875	10	14	13	6.9
id-03876	10	11	24	5.6
id-03877	9	17	3	5.1
id-03878	6	10	24	5.0
id-03879	8	9	25	5.2
id-03880	2	4	6	6.9
id-03881	10	15	11	5.4
id-03882	4	6	5	6.9
id-03883	7	14	19	6.1
id-03884	10	6	2	5.4
id-03885	7	12	9	6.6
id-03886	1	2	28	5.3
id-03887	7	6	5	6.7
id-03888	3	2	14	6.1
id-03889	3	6	25	5.0
id-03890	10	8	22	5.7
id-03891	7	8	9	6.8
id-03892	3	3	8	5.1
id-03893	5	2	26	5.9
id-03894	8	9	21	6.7
id-03895	9	6	15	6.5
id-03896	7	12	17	5.8
id-03897	9	2	10	6.4
id-03898	1	2	6	6.8
id-03899	1	2	15	6.2
id-03900	8	9	5	6.6
id-03901	10	8	16	6.2
id-03902	6	4	19	5.5
id-03903	1	2	24	5.3
id-03904	10	19	20	5.4
id-03905	1	2	7	5.8
id-03906	5	7	25	6.8
id-03907	2	4	28	5.2
id-03908	1	2	29	6.3
id-03909	5	5	18	5.6
id-03910	3	3	17	6.3
id-03911	2	2	6	5.6
id-03912	1	2	20	5.8
id-03913	1	2	28	5.4
id-03914	8	4	29	6.4
id-03915	4	3	12	5.2
id-03916	1	2	11	6.3
id-03917	3	3	5	5.7
id-03918	2	3	23	5.8
id-03919	8	6	28	5.9
id-03920	10	8	2	6.5
id-03921	9	7	3	6.1
id-03922	5	2	8	6.0
id-03923	6	8	7	5.2
id-03924	6	7	3	6.0
id-03925	6	10	27	5.9
id-03926	8	8	25	6.4
id-03927	10	11	9	6.2
id-03928	5	9	13	6.1
id-03929	8	15	11	6.7
id-03930	10	10	19	5.9
id-03931	9	15	1	5.7
id-03932	1	2	5	5.1
id-03933	5	2	24	6.6
id-03934	2	3	29	5.0
id-03935	4	8	22	6.9
id-03936	8	16	15	6.7
id-03937	6	12	27	5.6
id-03938	1	2	24	5.5
id-03939	8	5	6	5.9
id-03940	4	7	10	5.1
id-03941	9	11	25	5.5
id-03942	7	6	27	5.8
id-03943	8	3	13	5.8
id-03944	2	4	10	5.5
id-03945	7	2	9	6.7
id-03946	1	2	12	5.9
id-03947	4	8	7	5.4
id-03948	8	7	20	5.1
id-03949	4	2	7	6.7
id-03950	5	8	8	5.3
id-03951	8	6	25	5.5
id-03952	7	3	11	5.8
id-03953	5	4	24	6.5
id-03954	4	3	15	6.1
id-03955	4	5	18	6.8
id-03956	7	9	6	5.3
id-03957	1	2	22	6.1
id-03958	1	2	25	6.6
id-03959	5	6	22	5.0
id-03960	9	10	30	5.6
id-03961	5	6	16	5.5
id-03962	1	2	24	6.9
id-03963	5	3	19	6.5
id-03964	2	4	8	5.1
id-03965	5	7	30	6.5
id-03966	6	7	20	5.6
id-03967	3	3	2	5.5
id-03968	1	2	18	5.5
id-03969	2	3	21	5.4
id-03970	10	13	24	6.5
id-03971	6	11	25	5.4
id-03972	10	2	2	5.3
id-03973	9	2	12	5.5
id-03974	9	4	24	5.2
id-03975	6	2	20	6.0
id-03976	10	5	2	6.5
id-03977	2	4	24	5.9
id-03978	8	13	30	6.1
id-03979	7	2	25	5.6
id-03980	10	11	17	6.8
id-03981	9	11	8	5.5
id-03982	4	3	2	6.3
id-03983	3	2	20	6.5
id-03984	9	18	9	5.7
id-03985	8	3	25	5.3
id-03986	7	2	23	5.0
id-03987	10	11	8	5.6
id-03988	4	5	16	6.9
id-03989	5	2	25	5.2
id-03990	5	7	2	5.7
id-03991	7	8	21	5.2
id-03992	2	3	23	5.2
id-03993	7	3	20	5.7
id-03994	3	4	3	5.2
id-03995	4	7	7	5.8
id-03996	2	3	8	5.3
id-03997	8	8	1	6.6
id-03998	10	9	16	6.0
id-03999	5	8	25	6.0
id-04000	3	2	2	5.3
id-04001	6	6	16	5.2
id-04002	2	4	23	5.6
id-04003	7	4	27	6.8
id-04004	3	5	12	6.2
id-04005	9	5	4	6.2
id-04006	4	6	19	5.8
id-04007	9	6	4	6.7
id-04008	6	8	12	6.6
id-04009	2	2	4	5.7
id-04010	6	6	30	6.1
id-04011	6	9	19	6.5
id-04012	10	2	17	5.4
id-04013	9	8	29	5.0
id-04014	2	2	30	6.1
id-04015	9	11	21	6.2
id-04016	5	8	3	6.5
id-04017	10	3	8	6.9
id-04018	6	4	10	5.4
id-04019	9	12	30	5.6
id-04020	4	7	18	5.1
id-04021	1	2	22	5.6
id-04022	7	11	20	7.0
id-04023	5	9	3	6.8
id-04024	4	2	20	5.6
id-04025	9	5	30	6.8
id-04026	4	5	21	6.7
id-04027	1	2	19	5.2
id-04028	1	2	27	5.2
id-04029	9	17	16	6.8
id-04030	7	9	4	5.1
id-04031	3	5	28	6.6
id-04032	7	5	23	5.5
id-04033	9	4	13	6.2
id-04034	2	2	22	6.8
id-04035	8	5	7	6.0
id-04036	7	7	4	5.5
id-04037	1	2	11	6.2
id-04038	6	9	3	6.1
id-04039	9	12	28	5.4
id-04040	4	3	22	5.6
id-04041	7	11	22	6.9
id-04042	4	4	22	5.4
id-04043	1	2	21	6.4
id-04044	7	12	28	5.4
id-04045	7	7	3	5.5
id-04046	5	7	17	5.2
id-04047	6	6	13	5.3
id-04048	5	7	13	6.2
id-04049	1	2	17	6.1
id-04050	9	4	5	6.7
id-04051	9	12	18	6.8
id-04052	1	2	9	5.6
id-04053	9	18	27	6.6
id-04054	4	3	13	5.1
id-04055	4	4	9	6.2
id-04056	10	16	20	5.2
id-04057	1	2	9	6.3
id-04058	6	7	14	6.5
id-04059	4	7	22	6.2
id-04060	9	8	15	6.4
id-04061	3	4	14	6.7
id-04062	1	2	2	5.6
id-04063	9	17	13	6.4
id-04064	3	6	1	5.5
id-04065	7	5	30	5.1
id-04066	10	7	7	6.6
id-04067	8	7	18	6.9
id-04068	10	20	16	5.7
id-04069	10	2	8	5.4
id-04070	1	2	30	5.5
id-04071	6	2	15	5.3
id-04072	6	10	5	6.7
id-04073	1	2	26	5.4
id-04074	1	2	26	5.0
id-04075	7	14	24	5.5
id-04076	8	3	14	6.6
id-04077	5	3	4	6.8
id-04078	9	11	8	6.0
id-04079	3	3	30	6.1
id-04080	9	8	13	6.0
id-04081	1	2	28	5.5
id-04082	5	3	5	6.0
id-04083	1	2	6	5.6
id-04084	3	6	27	6.3
id-04085	5	2	29	6.3
id-04086	2	2	8	5.5
id-04087	3	4	23	5.7
id-04088	10	16	9	5.3
id-04089	1	2	4	6.2
id-04090	9	9	14	5.2
id-04091	6	8	11	7.0
id-04092	4	8	18	6.8
id-04093	6	11	6	6.3
id-04094	8	8	19	5.6
id-04095	2	4	19	6.3
id-04096	8	16	20	5.1
id-04097	1	2	9	5.1
id-04098	7	10	27	6.0
id-04099	4	6	30	5.4
id-04100	9	3	13	6.7
id-04101	2	3	2	5.1
id-04102	3	6	26	5.5
id-04103	10	18	5	5.1
id-04104	8	8	5	6.2
id-04105	2	2	19	5.1
id-04106	9	6	28	5.0
id-04107	1	2	4	6.4
id-04108	9	11	26	6.6
id-04109	2	4	25	6.5
id-04110	6	9	9	6.9
id-04111	9	9	8	5.6
id-04112	1	2	19	6.5
id-04113	1	2	15	5.5
id-04114	8	10	12	6.6
id-04115	6	11	30	6.2
id-04116	8	9	27	6.2
id-04117	4	7	17	5.7
id-04118	5	5	4	5.3
id-04119	9	16	8	6.1
id-04120	3	6	1	5.8
id-04121	1	2	4	6.3
id-04122	10	13	9	6.9
id-04123	5	9	6	7.0
id-04124	9	4	12	5.7
id-04125	2	4	17	5.8
id-04126	2	3	13	5.0
id-04127	5	2	14	5.5
id-04128	8	12	22	5.7
id-04129	1	2	24	6.1
id-04130	4	4	16	6.0
id-04131	9	5	1	6.7
id-04132	4	3	20	6.6
id-04133	6	11	12	6.1
id-04134	5	9	27	5.1
id-04135	3	3	28	5.4
id-04136	1	2	21	6.5
id-04137	9	2	29	6.9
id-04138	5	5	12	5.1
id-04139	9	6	30	6.8
id-04140	8	15	27	6.0
id-04141	6	2	3	6.6
id-04142	2	4	12	6.4
id-04143	10	3	22	6.8
id-04144	3	6	12	5.4
id-04145	2	2	5	6.7
id-04146	9	11	16	7.0
id-04147	2	3	24	5.9
id-04148	5	9	30	5.1
id-04149	2	3	19	5.6
id-04150	9	16	1	6.6
id-04151	9	2	18	7.0
id-04152	6	2	12	6.6
id-04153	4	8	3	5.9
id-04154	10	12	5	5.8
id-04155	9	7	3	6.1
id-04156	7	6	3	5.4
id-04157	3	4	3	6.2
id-04158	5	6	30	5.1
id-04159	9	13	19	6.2
id-04160	4	2	19	5.7
id-04161	2	3	2	5.8
id-04162	7	11	14	5.8
id-04163	4	8	25	5.2
id-04164	4	3	29	5.9
id-04165	3	6	23	5.3
id-04166	5	6	7	5.9
id-04167	6	10	14	6.4
id-04168	4	5	10	6.7
id-04169	7	4	28	6.3
id-04170	6	6	6	6.1
id-04171	8	13	6	6.9
id-04172	4	2	15	6.3
id-04173	7	9	20	6.2
id-04174	9	6	23	5.6
id-04175	3	6	23	6.9
id-04176	4	8	18	5.6
id-04177	2	2	22	6.4
id-04178	9	2	9	5.6
id-04179	5	4	2	5.1
id-04180	4	2	10	5.3
id-04181	7	10	23	5.6
id-04182	4	2	22	6.4
id-04183	4	5	7	7.0
id-04184	4	7	13	6.2
id-04185	5	2	1	6.6
id-04186	1	2	4	6.1
id-04187	8	3	29	5.7
id-04188	8	5	21	5.6
id-04189	8	10	30	5.8
id-04190	10	12	13	5.6
id-04191	5	2	12	5.0
id-04192	8	2	17	5.5
id-04193	4	3	18	5.7
id-04194	9	10	14	5.3
id-04195	1	2	27	6.9
id-04196	8	8	20	5.0
id-04197	10	18	15	6.8
id-04198	9	3	6	5.5
id-04199	2	4	1	6.4
id-04200	4	3	26	6.7
id-04201	2	2	22	5.7
id-04202	5	3	21	6.3
id-04203	2	4	11	6.3
id-04204	2	3	12	6.5
id-04205	5	8	9	6.8
id-04206	10	7	6	6.9
id-04207	4	3	26	6.0
id-04208	4	4	13	5.9
id-04209	7	2	2	6.3
id-04210	8	6	20	5.0
id-04211	1	2	12	6.4
id-04212	5	10	26	6.8
id-04213	7	3	12	5.6
id-04214	4	8	3	5.4
id-04215	2	2	1	6.8
id-04216	4	5	12	5.8
id-04217	7	7	11	5.2
id-04218	1	2	12	6.4
id-04219	6	8	1	6.7
id-04220	2	2	28	5.5
id-04221	10	11	11	7.0
id-04222	2	3	5	6.8
id-04223	5	3	18	7.0
id-04224	5	7	22	5.2
id-04225	4	7	27	5.0
id-04226	2	3	29	5.5
id-04227	2	4	24	5.7
id-04228	9	11	22	5.2
id-04229	8	15	17	5.5
id-04230	2	3	14	6.9
id-04231	10	6	14	6.2
id-04232	10	9	10	6.2
id-04233	5	5	26	6.7
id-04234	4	4	6	7.0
id-04235	8	8	20	5.4
id-04236	5	7	10	6.8
id-04237	1	2	18	6.9
id-04238	6	12	18	6.6
id-04239	5	8	4	6.8
id-04240	7	2	19	5.1
id-04241	3	4	29	5.1
id-04242	6	3	17	6.7
id-04243	9	18	11	6.9
id-04244	4	6	15	5.1
id-04245	3	6	23	5.1
id-04246	9	16	11	5.3
id-04247	6	10	27	6.0
id-04248	10	8	30	5.4
id-04249	10	14	8	6.5
id-04250	3	6	26	5.7
id-04251	3	6	6	5.0
id-04252	10	14	2	5.4
id-04253	3	4	4	5.4
id-04254	1	2	18	6.0
id-04255	6	5	24	5.2
id-04256	5	10	16	5.3
id-04257	2	4	30	6.8
id-04258	8	9	30	6.1
id-04259	3	6	17	5.5
id-04260	9	9	20	6.3
id-04261	10	15	1	6.3
id-04262	4	8	28	5.7
id-04263	5	5	23	6.4
id-04264	7	3	8	6.1
id-04265	2	2	6	6.2
id-04266	5	8	20	6.2
id-04267	3	6	11	6.1
id-04268	5	10	13	5.8
id-04269	5	7	11	6.6
id-04270	7	9	2	5.5
id-04271	9	7	23	5.8
id-04272	4	2	26	5.2
id-04273	1	2	25	6.3
id-04274	6	10	9	6.6
id-04275	4	8	20	6.5
id-04276	1	2	15	5.4
id-04277	7	9	1	6.4
id-04278	2	3	27	5.4
id-04279	1	2	6	7.0
id-04280	10	16	11	5.9
id-04281	2	2	18	5.5
id-04282	9	13	19	6.3
id-04283	5	6	9	5.9
id-04284	2	4	1	5.6
id-04285	7	5	21	5.3
id-04286	6	10	24	6.7
id-04287	2	4	4	6.4
id-04288	8	9	21	6.8
id-04289	2	2	1	6.9
id-04290	7	2	24	5.6
id-04291	3	5	11	6.7
id-04292	9	10	18	5.1
id-04293	1	2	21	6.1
id-04294	4	5	19	5.3
id-04295	2	4	4	6.8
id-04296	1	2	2	5.9
id-04297	6	2	5	6.3
id-04298	4	2	14	6.2
id-04299	9	9	15	6.1
id-04300	1	2	9	6.0
id-04301	3	4	2	6.1
id-04302	10	20	29	5.9
id-04303	9	4	19	5.7
id-04304	2	3	5	5.8
id-04305	7	2	23	6.2
id-04306	4	2	5	7.0
id-04307	6	12	9	6.6
id-04308	2	2	17	5.4
id-04309	9	8	30	6.1
id-04310	10	19	6	6.2
id-04311	1	2	12	6.7
id-04312	6	9	27	5.9
id-04313	6	5	19	6.8
id-04314	10	5	8	5.7
id-04315	9	2	19	6.4
id-04316	1	2	6	5.4
id-04317	10	19	7	5.2
id-04318	10	3	27	6.6
id-04319	7	3	24	5.4
id-04320	10	19	19	6.3
id-04321	10	4	7	6.5
id-04322	7	14	7	6.2
id-04323	5	6	28	6.0
id-04324	1	2	1	5.8
id-04325	8	3	28	6.8
id-04326	10	7	12	5.7
id-04327	10	8	16	6.1
id-04328	3	2	17	6.6
id-04329	7	8	22	6.2
id-04330	4	6	5	5.8
id-04331	7	6	29	6.3
id-04332	3	6	21	6.5
id-04333	7	4	5	5.7
id-04334	4	2	16	5.6
id-04335	2	2	13	6.0
id-04336	3	4	4	6.0
id-04337	8	5	26	5.5
id-04338	1	2	27	6.4
id-04339	9	15	1	6.6
id-04340	2	2	24	6.4
id-04341	6	7	8	6.1
id-04342	5	3	11	5.2
id-04343	8	14	19	6.3
id-04344	7	2	25	6.1
id-04345	7	2	1	6.4
id-04346	8	6	2	6.5
id-04347	9	12	23	6.0
id-04348	7	6	8	5.9
id-04349	4	6	4	6.3
id-04350	10	8	28	5.2
id-04351	6	12	11	5.0
id-04352	1	2	1	5.7
id-04353	10	10	12	5.6
id-04354	6	6	7	6.8
id-04355	6	7	27	6.2
id-04356	5	3	7	5.2
id-04357	9	4	5	5.7
id-04358	1	2	12	6.9
id-04359	3	2	29	6.6
id-04360	2	2	6	6.2
id-04361	7	9	4	5.4
id-04362	3	2	11	5.6
id-04363	7	13	22	6.5
id-04364	10	11	19	6.8
id-04365	2	3	16	5.4
id-04366	8	16	5	5.3
id-04367	9	16	5	5.3
id-04368	5	4	15	5.4
id-04369	10	12	20	5.9
id-04370	1	2	16	5.6
id-04371	2	2	18	5.6
id-04372	2	3	25	6.2
id-04373	7	12	6	5.3
id-04374	7	9	5	6.9
id-04375	8	7	8	5.8
id-04376	10	14	26	5.8
id-04377	2	4	11	5.1
id-04378	9	18	8	5.0
id-04379	3	2	29	6.1
id-04380	6	3	21	6.9
id-04381	9	9	2	5.0
id-04382	2	4	10	6.5
id-04383	5	6	25	5.3
id-04384	3	6	11	6.4
id-04385	7	9	30	5.2
id-04386	1	2	2	6.7
id-04387	3	6	14	5.2
id-04388	9	9	26	6.7
id-04389	10	16	25	6.3
id-04390	2	2	25	5.4
id-04391	1	2	12	6.9
id-04392	10	11	3	5.2
id-04393	1	2	8	6.2
id-04394	4	8	27	5.2
id-04395	7	4	4	6.6
id-04396	8	11	16	5.5
id-04397	10	20	18	5.3
id-04398	3	3	20	5.0
id-04399	9	14	12	5.8
id-04400	8	5	18	5.9
id-04401	1	2	28	6.2
id-04402	8	2	30	5.5
id-04403	8	8	11	6.0
id-04404	4	2	19	6.4
id-04405	7	11	5	5.1
id-04406	2	3	7	7.0
id-04407	6	12	18	5.4
id-04408	4	7	11	7.0
id-04409	2	3	11	5.3
id-04410	3	3	21	6.5
id-04411	1	2	28	7.0
id-04412	9	6	24	6.9
id-04413	9	2	7	6.3
id-04414	1	2	28	5.3
id-04415	4	3	21	6.6
id-04416	9	3	29	6.4
id-04417	6	11	19	5.3
id-04418	1	2	22	6.1
id-04419	9	17	2	6.1
id-04420	3	2	3	5.4
id-04421	8	11	22	5.9
id-04422	2	4	27	6.4
id-04423	8	12	15	6.2
id-04424	8	13	18	6.5
id-04425	2	4	25	7.0
id-04426	1	2	29	5.0
id-04427	6	9	27	6.0
id-04428	3	2	1	6.7
id-04429	9	16	7	5.4
id-04430	4	3	1	6.7
id-04431	2	2	23	6.1
id-04432	9	13	21	5.2
id-04433	9	8	11	5.1
id-04434	9	16	8	6.9
id-04435	10	15	18	6.0
id-04436	8	16	25	6.6
id-04437	2	4	19	5.9
id-04438	1	2	17	6.1
id-04439	4	6	15	5.2
id-04440	2	4	7	6.5
id-04441	4	3	29	5.6
id-04442	1	2	27	6.7
id-04443	10	8	12	6.1
id-04444	7	7	17	6.7
id-04445	2	4	22	6.0
id-04446	1	2	20	6.9
id-04447	6	11	14	5.8
id-04448	6	6	10	6.0
id-04449	8	6	11	6.2
id-04450	2	4	21	6.1
id-04451	3	2	30	5.2
id-04452	5	3	26	5.5
id-04453	6	3	16	5.6
id-04454	5	8	29	6.6
id-04455	5	5	23	6.4
id-04456	7	13	1	5.5
id-04457	3	2	9	5.7
id-04458	10	10	11	5.1
id-04459	8	13	18	6.6
id-04460	7	11	9	6.1
id-04461	8	8	20	5.3
id-04462	1	2	6	5.7
id-04463	6	2	17	5.5
id-04464	7	3	24	5.1
id-04465	10	20	2	6.6
id-04466	6	8	5	5.8
id-04467	9	8	7	5.5
id-04468	2	3	3	5.0
id-04469	1	2	16	5.6
id-04470	10	5	29	5.3
id-04471	7	3	24	6.4
id-04472	5	7	10	6.4
id-04473	3	6	3	6.5
id-04474	5	4	5	5.3
id-04475	5	7	23	5.4
id-04476	3	5	3	6.5
id-04477	3	5	1	5.1
id-04478	5	10	23	6.4
id-04479	6	12	9	5.6
id-04480	7	4	28	5.6
id-04481	7	10	20	5.0
id-04482	1	2	7	6.1
id-04483	1	2	22	7.0
id-04484	5	3	4	6.2
id-04485	2	2	12	6.4
id-04486	10	6	16	5.5
id-04487	5	9	29	6.2
id-04488	8	14	25	6.9
id-04489	7	2	24	6.6
id-04490	7	13	7	5.7
id-04491	4	8	29	6.3
id-04492	10	10	29	6.2
id-04493	5	4	17	5.0
id-04494	3	5	9	6.7
id-04495	9	6	18	6.9
id-04496	3	5	4	5.2
id-04497	6	9	24	6.0
id-04498	2	4	13	6.5
id-04499	9	12	8	6.9
id-04500	4	6	17	6.8
id-04501	3	5	21	6.3
id-04502	1	2	27	5.5
id-04503	10	4	15	5.4
id-04504	6	2	14	5.1
id-04505	10	4	15	6.5
id-04506	7	5	12	5.4
id-04507	9	4	2	6.9
id-04508	10	13	8	5.3
id-04509	9	12	26	5.8
id-04510	7	5	28	6.8
id-04511	1	2	25	6.7
id-04512	7	4	9	5.2
id-04513	9	12	9	6.3
id-04514	3	5	26	5.3
id-04515	7	2	26	6.6
id-04516	4	4	4	6.5
id-04517	9	10	21	6.8
id-04518	5	6	5	6.8
id-04519	3	5	5	6.0
id-04520	4	7	14	5.1
id-04521	9	2	17	6.4
id-04522	4	4	3	5.4
id-04523	10	8	4	6.1
id-04524	5	10	15	6.8
id-04525	7	2	3	5.3
id-04526	2	4	9	6.0
id-04527	4	5	23	5.5
id-04528	10	17	29	6.3
id-04529	8	15	11	6.5
id-04530	8	8	9	6.5
id-04531	10	17	1	5.8
id-04532	6	5	23	5.2
id-04533	5	10	26	6.5
id-04534	5	3	18	6.2
id-04535	9	5	18	6.6
id-04536	1	2	19	6.0
id-04537	6	11	25	6.8
id-04538	6	9	11	6.8
id-04539	5	7	1	5.8
id-04540	1	2	14	5.1
id-04541	5	3	26	5.4
id-04542	8	2	16	6.4
id-04543	10	9	21	6.3
id-04544	3	2	22	6.0
id-04545	9	5	1	5.6
id-04546	9	5	2	6.2
id-04547	4	7	7	6.8
id-04548	8	8	21	6.7
id-04549	2	3	9	6.5
id-04550	7	11	7	5.4
id-04551	7	9	16	5.3
id-04552	8	11	21	6.7
id-04553	2	4	8	6.7
id-04554	7	7	29	6.7
id-04555	9	5	21	5.5
id-04556	3	6	26	6.2
id-04557	3	5	15	6.9
id-04558	1	2	9	5.7
id-04559	3	5	15	5.7
id-04560	9	7	13	5.0
id-04561	3	3	21	5.2
id-04562	4	7	13	6.1
id-04563	2	3	14	5.1
id-04564	4	8	11	5.4
id-04565	8	7	24	6.1
id-04566	5	8	13	6.2
id-04567	3	4	6	5.8
id-04568	10	18	27	5.0
id-04569	1	2	28	5.9
id-04570	8	10	24	6.7
id-04571	7	13	7	5.4
id-04572	5	7	27	5.8
id-04573	1	2	15	5.4
id-04574	5	10	20	5.6
id-04575	10	11	19	5.5
id-04576	7	13	11	5.2
id-04577	7	9	10	5.4
id-04578	10	6	2	5.5
id-04579	3	5	26	6.0
id-04580	10	9	2	6.3
id-04581	7	11	11	6.4
id-04582	4	3	5	5.4
id-04583	7	3	23	5.4
id-04584	6	2	17	5.9
id-04585	7	3	30	6.4
id-04586	4	5	21	5.9
id-04587	1	2	29	6.0
id-04588	10	7	17	5.0
id-04589	9	8	6	6.8
id-04590	1	2	18	5.2
id-04591	1	2	3	6.4
id-04592	2	2	30	6.4
id-04593	9	3	14	6.8
id-04594	6	7	22	5.1
id-04595	2	2	30	6.7
id-04596	2	2	2	6.6
id-04597	9	2	28	5.5
id-04598	3	3	30	6.1
id-04599	6	6	26	5.3
id-04600	8	5	30	5.5
id-04601	4	8	30	5.8
id-04602	4	4	17	6.0
id-04603	10	5	8	5.8
id-04604	9	11	18	6.3
id-04605	4	2	16	6.8
id-04606	8	7	8	6.0
id-04607	4	5	23	6.8
id-04608	3	5	28	5.5
id-04609	3	2	9	6.0
id-04610	8	12	10	6.7
id-04611	5	9	23	6.1
id-04612	3	3	16	5.6
id-04613	7	10	9	6.9
id-04614	10	2	5	5.2
id-04615	7	13	19	5.1
id-04616	2	4	2	5.8
id-04617	1	2	13	5.2
id-04618	10	10	17	6.5
id-04619	2	4	8	6.4
id-04620	6	9	27	5.5
id-04621	4	2	13	6.1
id-04622	7	12	15	6.4
id-04623	5	10	4	5.7
id-04624	2	3	9	5.4
id-04625	5	10	9	6.4
id-04626	6	8	14	5.6
id-04627	9	9	14	5.1
id-04628	10	11	4	6.7
id-04629	10	9	27	5.1
id-04630	5	10	4	5.1
id-04631	3	3	4	6.8
id-04632	6	5	16	6.8
id-04633	6	12	18	5.3
id-04634	6	5	2	5.7
id-04635	7	3	3	6.5
id-04636	3	6	9	5.9
id-04637	1	2	27	5.1
id-04638	1	2	2	6.6
id-04639	6	2	1	6.6
id-04640	1	2	19	5.7
id-04641	4	2	7	6.7
id-04642	2	2	21	6.4
id-04643	8	4	9	5.1
id-04644	5	4	30	6.4
id-04645	8	3	24	6.2
id-04646	10	19	16	6.8
id-04647	10	9	30	5.7
id-04648	4	8	28	5.2
id-04649	10	4	29	6.2
id-04650	2	3	27	5.7
id-04651	2	4	5	6.5
id-04652	10	19	22	5.6
id-04653	2	4	24	5.9
id-04654	6	2	6	6.9
id-04655	2	2	12	6.7
id-04656	7	12	22	5.1
id-04657	2	3	22	5.6
id-04658	9	18	2	5.8
id-04659	1	2	28	5.3
id-04660	3	6	14	5.1
id-04661	7	6	26	6.1
id-04662	7	5	30	6.6
id-04663	5	5	27	6.8
id-04664	6	12	24	5.8
id-04665	9	8	12	6.5
id-04666	2	4	8	6.2
id-04667	10	16	13	5.8
id-04668	7	2	10	6.2
id-04669	4	6	29	6.9
id-04670	9	11	13	5.7
id-04671	4	3	13	5.9
id-04672	5	4	1	6.0
id-04673	10	13	4	6.5
id-04674	8	8	9	6.4
id-04675	8	3	6	6.1
id-04676	2	3	9	5.8
id-04677	5	5	7	5.6
id-04678	8	15	4	5.6
id-04679	1	2	26	5.5
id-04680	8	12	12	6.0
id-04681	7	3	23	6.7
id-04682	9	15	2	5.9
id-04683	8	9	22	5.7
id-04684	2	4	27	5.3
id-04685	3	6	21	6.2
id-04686	5	2	4	5.7
id-04687	5	4	13	6.1
id-04688	7	6	27	5.3
id-04689	10	18	7	5.7
id-04690	6	5	23	5.5
id-04691	9	9	5	6.7
id-04692	1	2	14	5.0
id-04693	8	10	26	5.9
id-04694	1	2	19	7.0
id-04695	7	5	11	5.0
id-04696	6	5	7	5.3
id-04697	2	4	17	5.5
id-04698	4	3	29	6.3
id-04699	4	5	26	6.6
id-04700	3	2	8	6.5
id-04701	9	18	18	6.3
id-04702	10	4	8	6.5
id-04703	3	5	24	6.2
id-04704	2	2	22	6.6
id-04705	1	2	25	5.7
id-04706	8	12	15	7.0
id-04707	1	2	23	6.0
id-04708	1	2	1	5.8
id-04709	3	4	4	5.6
id-04710	10	9	6	5.4
id-04711	2	2	12	5.1
id-04712	10	3	7	5.6
id-04713	6	4	3	5.0
id-04714	3	2	28	6.2
id-04715	3	5	26	6.5
id-04716	6	11	4	7.0
id-04717	9	6	21	5.1
id-04718	10	12	26	5.9
id-04719	8	13	1	6.8
id-04720	1	2	7	5.2
id-04721	4	2	1	6.1
id-04722	2	2	7	5.4
id-04723	6	10	23	6.9
id-04724	2	2	29	5.8
id-04725	1	2	28	6.4
id-04726	7	13	25	7.0
id-04727	8	3	18	6.3
id-04728	6	3	6	6.0
id-04729	8	8	15	6.6
id-04730	4	3	6	6.8
id-04731	3	5	5	5.8
id-04732	6	5	23	5.1
id-04733	4	3	12	5.3
id-04734	1	2	12	5.1
id-04735	9	7	14	6.2
id-04736	8	6	26	6.7
id-04737	5	10	11	6.0
id-04738	1	2	20	6.3
id-04739	8	10	21	6.4
id-04740	4	7	23	5.5
id-04741	4	8	8	5.2
id-04742	8	16	20	5.9
id-04743	8	4	15	6.5
id-04744	10	15	25	6.0
id-04745	7	2	5	5.8
id-04746	1	2	18	6.0
id-04747	8	6	3	6.4
id-04748	6	9	30	5.8
id-04749	1	2	21	5.4
id-04750	2	4	5	6.0
id-04751	7	3	10	6.5
id-04752	7	13	29	6.4
id-04753	3	3	10	6.6
id-04754	6	3	12	5.2
id-04755	3	6	5	6.9
id-04756	4	5	14	5.4
id-04757	1	2	21	6.4
id-04758	5	7	5	5.7
id-04759	2	4	28	5.6
id-04760	10	20	21	5.8
id-04761	2	2	1	5.6
id-04762	9	4	21	5.3
id-04763	7	12	29	5.9
id-04764	4	3	21	7.0
id-04765	9	15	22	6.4
id-04766	10	7	24	5.6
id-04767	4	4	16	6.8
id-04768	5	4	24	5.3
id-04769	10	5	13	6.1
id-04770	6	9	7	5.1
id-04771	6	6	10	5.0
id-04772	7	5	22	5.4
id-04773	2	2	6	6.5
id-04774	7	2	9	5.4
id-04775	9	15	1	7.0
id-04776	10	14	16	6.5
id-04777	9	14	6	5.8
id-04778	2	4	6	5.5
id-04779	6	10	22	6.5
id-04780	10	16	13	5.5
id-04781	4	6	25	6.3
id-04782	2	2	26	5.9
id-04783	7	11	12	6.2
id-04784	9	6	7	6.0
id-04785	4	6	18	5.1
id-04786	1	2	26	5.5
id-04787	5	3	2	5.5
id-04788	6	7	14	6.0
id-04789	2	2	22	6.6
id-04790	8	2	8	6.5
id-04791	6	4	30	5.0
id-04792	5	8	30	5.3
id-04793	10	2	28	7.0
id-04794	3	4	4	5.6
id-04795	1	2	27	6.5
id-04796	3	3	11	6.2
id-04797	8	14	18	5.2
id-04798	3	2	8	6.6
id-04799	7	8	20	6.2
id-04800	3	6	18	6.3
id-04801	3	3	16	6.3
id-04802	9	14	26	6.5
id-04803	8	7	13	6.6
id-04804	10	5	22	5.1
id-04805	4	2	7	6.9
id-04806	6	8	3	6.2
id-04807	5	3	3	6.9
id-04808	5	8	16	5.1
id-04809	2	2	21	5.5
id-04810	10	18	5	5.2
id-04811	1	2	24	5.8
id-04812	1	2	12	5.1
id-04813	5	4	25	5.3
id-04814	6	10	21	6.5
id-04815	9	17	16	5.7
id-04816	6	3	20	5.3
id-04817	3	5	26	5.5
id-04818	8	2	23	5.0
id-04819	8	5	2	7.0
id-04820	5	5	22	6.6
id-04821	5	2	8	5.2
id-04822	7	12	9	5.3
id-04823	2	4	25	6.2
id-04824	1	2	3	6.2
id-04825	2	2	1	5.3
id-04826	4	3	13	5.8
id-04827	10	12	22	5.6
id-04828	5	5	25	6.4
id-04829	9	10	16	6.7
id-04830	5	6	2	5.0
id-04831	2	3	18	6.0
id-04832	8	2	2	5.2
id-04833	3	6	10	5.2
id-04834	9	5	16	5.4
id-04835	5	2	13	6.5
id-04836	2	2	8	6.3
id-04837	5	9	9	5.2
id-04838	6	10	20	5.8
id-04839	4	6	23	5.4
id-04840	5	6	20	5.7
id-04841	5	10	22	6.8
id-04842	3	2	20	6.8
id-04843	7	5	13	5.7
id-04844	3	6	7	6.1
id-04845	4	7	18	6.3
id-04846	4	5	10	5.7
id-04847	2	4	14	6.8
id-04848	6	11	30	5.6
id-04849	2	3	9	5.2
id-04850	9	7	5	5.2
id-04851	10	11	22	6.4
id-04852	5	5	27	5.5
id-04853	9	9	6	6.6
id-04854	10	20	16	6.8
id-04855	10	6	17	5.4
id-04856	3	3	13	6.5
id-04857	1	2	7	6.8
id-04858	8	2	15	6.5
id-04859	10	4	6	6.8
id-04860	7	14	28	6.0
id-04861	2	2	30	5.4
id-04862	4	3	8	6.3
id-04863	9	6	29	5.9
id-04864	5	8	3	6.1
id-04865	5	3	12	6.0
id-04866	2	2	20	6.1
id-04867	9	2	8	5.2
id-04868	2	2	4	5.1
id-04869	6	8	6	5.2
id-04870	5	6	26	6.0
id-04871	10	2	11	7.0
id-04872	7	11	10	6.9
id-04873	6	5	1	6.5
id-04874	1	2	10	5.7
id-04875	3	4	3	5.8
id-04876	8	4	4	6.2
id-04877	9	3	10	5.5
id-04878	9	9	23	5.9
id-04879	9	2	24	6.1
id-04880	6	4	12	5.9
id-04881	1	2	13	6.3
id-04882	7	14	13	6.2
id-04883	6	12	4	6.1
id-04884	3	4	20	5.2
id-04885	1	2	12	5.6
id-04886	10	13	30	5.8
id-04887	4	7	9	5.3
id-04888	7	10	12	6.3
id-04889	1	2	22	5.9
id-04890	3	2	22	6.7
id-04891	7	2	22	6.3
id-04892	9	12	28	6.3
id-04893	9	6	8	5.8
id-04894	10	18	5	6.3
id-04895	8	2	15	5.0
id-04896	6	10	2	6.4
id-04897	5	5	28	6.1
id-04898	8	15	21	5.8
id-04899	9	2	23	6.2
id-04900	10	2	27	6.1
id-04901	6	7	22	6.2
id-04902	6	9	22	6.8
id-04903	9	12	13	5.3
id-04904	9	14	17	6.8
id-04905	10	13	4	5.4
id-04906	5	4	12	5.6
id-04907	4	8	13	5.7
id-04908	5	5	2	6.2
id-04909	3	6	10	6.8
id-04910	5	8	27	6.0
id-04911	3	5	4	5.4
id-04912	9	11	1	5.4
id-04913	7	10	19	5.7
id-04914	9	5	2	5.1
id-04915	8	9	19	6.9
id-04916	5	8	5	6.1
id-04917	7	5	5	5.9
id-04918	1	2	11	5.4
id-04919	7	9	28	5.4
id-04920	10	2	9	7.0
id-04921	4	5	19	5.9
id-04922	5	2	23	5.5
id-04923	2	2	29	5.2
id-04924	7	8	24	5.1
id-04925	2	2	4	6.7
id-04926	9	10	4	5.3
id-04927	1	2	14	6.5
id-04928	2	3	21	6.7
id-04929	8	4	20	6.6
id-04930	1	2	14	5.5
id-04931	2	2	19	5.4
id-04932	1	2	10	6.3
id-04933	9	14	19	5.5
id-04934	8	6	10	6.1
id-04935	3	4	20	6.1
id-04936	3	3	10	6.0
id-04937	3	3	23	5.7
id-04938	4	2	24	6.6
id-04939	5	5	10	5.4
id-04940	6	4	7	5.4
id-04941	4	7	19	6.0
id-04942	6	2	22	5.6
id-04943	9	8	30	5.1
id-04944	7	3	6	5.8
id-04945	10	13	16	6.8
id-04946	10	17	17	5.7
id-04947	10	8	8	5.5
id-04948	9	9	24	5.1
id-04949	1	2	12	5.1
id-04950	7	8	21	6.8
id-04951	3	6	28	6.9
id-04952	1	2	1	5.9
id-04953	1	2	9	5.8
id-04954	4	7	4	5.9
id-04955	9	8	5	6.2
id-04956	10	9	21	5.6
id-04957	6	9	16	5.8
id-04958	3	6	27	5.7
id-04959	7	2	10	6.0
id-04960	2	3	20	5.2
id-04961	6	11	18	5.6
id-04962	8	15	24	6.3
id-04963	1	2	30	5.1
id-04964	5	8	13	5.7
id-04965	4	7	29	6.0
id-04966	3	5	20	6.1
id-04967	5	2	16	5.6
id-04968	4	5	12	5.2
id-04969	9	8	20	6.3
id-04970	8	4	25	5.6
id-04971	10	20	23	6.5
id-04972	10	20	29	6.1
id-04973	3	6	21	5.4
id-04974	8	12	16	6.1
id-04975	1	2	12	7.0
id-04976	2	4	13	6.3
id-04977	2	4	10	6.6
id-04978	1	2	12	6.8
id-04979	3	4	16	6.8
id-04980	1	2	25	6.0
id-04981	8	9	24	5.4
id-04982	10	8	15	6.7
id-04983	3	2	26	6.5
id-04984	7	13	5	5.7
id-04985	4	2	3	6.8
id-04986	4	2	9	5.3
id-04987	2	3	12	6.2
id-04988	2	4	21	5.9
id-04989	1	2	1	5.9
id-04990	5	3	19	5.7
id-04991	8	7	8	6.7
id-04992	4	6	6	5.1
id-04993	4	7	19	6.5
id-04994	4	4	13	6.7
id-04995	5	2	16	6.5
id-04996	10	14	25	6.9
id-04997	1	2	11	6.8
id-04998	2	2	6	5.0
id-04999	9	18	2	6.5
id-05000	3	3	17	6.1
id-05001	5	8	13	5.8
id-05002	2	3	3	6.1
id-05003	2	4	20	6.6
id-05004	7	5	14	5.1
id-05005	8	8	17	6.8
id-05006	10	9	5	5.7
id-05007	2	2	29	5.3
id-05008	2	3	27	5.0
id-05009	3	5	5	5.4
id-05010	3	4	12	5.6
id-05011	1	2	9	5.4
id-05012	3	6	6	6.9
id-05013	9	8	1	6.6
id-05014	3	2	11	5.7
id-05015	10	14	18	5.4
id-05016	5	8	18	6.5
id-05017	2	3	7	6.2
id-05018	3	2	2	6.3
id-05019	4	2	24	6.2
id-05020	8	16	11	6.8
id-05021	7	3	3	5.8
id-05022	8	5	12	6.8
id-05023	1	2	30	5.9
id-05024	6	9	18	5.0
id-05025	9	13	25	6.8
id-05026	3	2	11	6.1
id-05027	1	2	29	6.7
id-05028	8	6	10	5.6
id-05029	5	5	4	5.7
id-05030	8	3	26	5.3
id-05031	4	3	9	6.6
id-05032	4	6	5	6.3
id-05033	7	14	5	5.4
id-05034	1	2	30	6.5
id-05035	8	5	29	5.1
id-05036	7	4	8	6.8
id-05037	2	2	28	5.6
id-05038	2	3	16	6.6
id-05039	6	10	21	6.6
id-05040	8	4	1	7.0
id-05041	7	12	7	6.7
id-05042	6	12	1	5.1
id-05043	10	6	10	6.4
id-05044	8	6	14	5.4
id-05045	2	3	30	5.9
id-05046	6	8	23	5.7
id-05047	6	11	15	6.0
id-05048	7	11	30	5.8
id-05049	1	2	30	5.1
id-05050	10	4	25	6.6
id-05051	9	8	21	6.8
id-05052	3	2	12	5.6
id-05053	8	2	22	6.3
id-05054	5	3	9	6.8
id-05055	3	2	23	6.9
id-05056	8	11	12	6.0
id-05057	3	3	29	6.3
id-05058	6	8	9	6.3
id-05059	8	7	6	6.7
id-05060	5	3	4	6.1
id-05061	10	3	2	6.8
id-05062	1	2	30	6.0
id-05063	5	6	4	6.3
id-05064	1	2	29	5.8
id-05065	5	2	26	5.4
id-05066	2	3	20	5.3
id-05067	6	9	12	5.5
id-05068	2	4	7	7.0
id-05069	4	6	20	5.1
id-05070	5	8	8	5.1
id-05071	6	4	26	7.0
id-05072	6	10	24	5.5
id-05073	2	4	16	6.7
id-05074	2	3	16	6.7
id-05075	4	5	2	5.0
id-05076	8	3	2	5.3
id-05077	5	8	22	5.2
id-05078	3	3	28	5.7
id-05079	5	6	5	6.0
id-05080	10	17	18	6.1
id-05081	4	6	6	6.5
id-05082	5	5	29	5.9
id-05083	2	3	17	6.4
id-05084	5	2	19	6.6
id-05085	1	2	10	5.5
id-05086	4	8	14	6.0
id-05087	4	4	27	5.8
id-05088	1	2	19	6.3
id-05089	1	2	20	6.2
id-05090	8	13	11	6.4
id-05091	9	14	27	6.6
id-05092	10	3	6	6.8
id-05093	7	3	27	6.1
id-05094	1	2	23	5.3
id-05095	8	16	2	6.7
id-05096	2	4	25	5.1
id-05097	8	13	9	6.2
id-05098	1	2	11	6.0
id-05099	6	8	19	6.5
id-05100	1	2	15	6.3
id-05101	6	2	16	5.3
id-05102	4	2	26	6.0
id-05103	9	3	5	6.4
id-05104	10	10	15	5.8
id-05105	7	13	26	6.1
id-05106	3	3	29	6.2
id-05107	10	13	14	5.2
id-05108	2	2	12	6.6
id-05109	7	10	28	5.2
id-05110	4	2	23	6.1
id-05111	2	4	26	6.7
id-05112	1	2	20	5.1
id-05113	10	16	7	5.6
id-05114	7	5	18	5.6
id-05115	3	3	26	5.1
id-05116	7	7	1	5.9
id-05117	2	2	27	5.7
id-05118	7	6	20	5.9
id-05119	10	19	29	5.6
id-05120	1	2	12	5.8
id-05121	2	2	16	5.2
id-05122	9	14	2	5.6
id-05123	4	5	22	7.0
id-05124	4	5	1	5.2
id-05125	7	5	13	5.6
id-05126	8	12	1	7.0
id-05127	5	5	25	6.0
id-05128	1	2	8	6.4
id-05129	9	13	18	6.5
id-05130	2	2	29	5.5
id-05131	1	2	18	5.2
id-05132	9	17	21	6.6
id-05133	4	5	27	5.9
id-05134	6	2	14	5.3
id-05135	1	2	12	5.4
id-05136	4	7	18	6.3
id-05137	1	2	23	5.5
id-05138	6	2	26	5.8
id-05139	8	5	10	6.0
id-05140	6	2	9	5.4
id-05141	4	3	9	5.3
id-05142	4	5	8	6.5
id-05143	8	11	29	5.9
id-05144	7	11	8	6.9
id-05145	10	17	29	6.4
id-05146	5	5	9	6.9
id-05147	7	7	19	5.6
id-05148	10	2	14	6.4
id-05149	8	15	25	6.0
id-05150	7	12	1	5.2
id-05151	2	2	11	6.4
id-05152	10	6	7	6.7
id-05153	2	2	16	5.0
id-05154	2	3	15	6.3
id-05155	8	16	30	6.9
id-05156	5	10	12	6.0
id-05157	10	18	8	6.9
id-05158	5	6	19	6.7
id-05159	5	3	29	6.8
id-05160	7	4	2	5.8
id-05161	2	4	16	7.0
id-05162	5	10	21	5.9
id-05163	9	15	26	5.2
id-05164	4	6	5	7.0
id-05165	10	14	15	5.6
id-05166	3	3	13	6.4
id-05167	6	7	10	5.2
id-05168	6	10	12	5.7
id-05169	6	11	23	6.4
id-05170	5	6	26	5.7
id-05171	3	4	18	6.4
id-05172	4	8	27	6.2
id-05173	8	14	28	5.9
id-05174	7	10	10	5.1
id-05175	7	13	7	6.6
id-05176	9	17	24	5.6
id-05177	4	7	17	5.4
id-05178	4	2	13	5.4
id-05179	7	7	3	5.5
id-05180	9	7	29	6.2
id-05181	7	2	28	6.2
id-05182	5	9	1	5.3
id-05183	10	9	6	5.5
id-05184	9	2	28	5.2
id-05185	6	2	8	5.9
id-05186	9	11	22	5.5
id-05187	3	5	8	5.9
id-05188	2	4	4	6.9
id-05189	5	7	10	6.9
id-05190	2	3	8	5.6
id-05191	6	8	19	5.3
id-05192	5	10	27	5.4
id-05193	4	8	1	6.3
id-05194	7	12	10	6.2
id-05195	10	3	16	5.9
id-05196	6	7	16	5.9
id-05197	6	8	11	5.6
id-05198	1	2	18	5.7
id-05199	7	9	19	5.9
id-05200	6	5	30	6.2
id-05201	10	14	5	5.8
id-05202	5	2	20	6.3
id-05203	1	2	3	5.8
id-05204	8	7	5	6.8
id-05205	4	2	3	6.9
id-05206	3	4	18	5.9
id-05207	9	15	28	7.0
id-05208	6	7	23	5.7
id-05209	5	9	19	5.4
id-05210	5	10	23	6.4
id-05211	7	7	18	6.3
id-05212	10	11	7	5.9
id-05213	6	8	12	6.8
id-05214	9	17	22	5.8
id-05215	9	15	27	5.3
id-05216	7	13	16	5.4
id-05217	6	6	7	5.2
id-05218	5	6	1	5.9
id-05219	10	11	27	5.6
id-05220	8	9	6	6.2
id-05221	2	3	23	6.9
id-05222	2	3	5	5.9
id-05223	9	3	3	6.1
id-05224	2	4	7	5.3
id-05225	8	6	23	5.3
id-05226	3	5	5	6.6
id-05227	5	6	13	5.3
id-05228	4	4	19	5.6
id-05229	5	10	19	6.3
id-05230	7	4	11	5.5
id-05231	7	7	24	5.7
id-05232	5	7	16	5.3
id-05233	10	4	5	6.4
id-05234	6	9	16	5.8
id-05235	1	2	3	5.1
id-05236	8	4	11	5.5
id-05237	10	17	25	5.8
id-05238	10	12	15	5.7
id-05239	1	2	13	5.6
id-05240	2	4	22	6.3
id-05241	8	5	22	5.3
id-05242	2	2	3	5.9
id-05243	3	3	10	6.5
id-05244	10	6	12	5.6
id-05245	9	13	5	5.5
id-05246	5	7	20	5.7
id-05247	10	11	19	5.2
id-05248	2	4	18	5.4
id-05249	7	9	1	6.0
id-05250	1	2	8	5.1
id-05251	3	2	22	6.5
id-05252	8	14	30	5.7
id-05253	6	7	23	5.9
id-05254	4	4	16	6.8
id-05255	3	2	20	5.8
id-05256	5	3	20	6.8
id-05257	7	8	23	6.5
id-05258	9	12	7	6.3
id-05259	5	2	12	5.2
id-05260	9	12	29	6.2
id-05261	9	7	6	5.2
id-05262	3	2	23	5.3
id-05263	6	5	19	6.6
id-05264	10	13	27	5.7
id-05265	4	4	21	5.4
id-05266	9	15	9	5.5
id-05267	8	7	22	5.4
id-05268	5	10	25	6.1
id-05269	10	14	25	6.5
id-05270	9	9	8	5.2
id-05271	8	13	4	6.1
id-05272	9	13	20	5.5
id-05273	7	8	2	5.1
id-05274	2	2	12	6.2
id-05275	1	2	19	5.6
id-05276	7	11	13	6.9
id-05277	3	2	2	5.1
id-05278	6	3	19	7.0
id-05279	9	17	17	5.8
id-05280	3	5	1	6.1
id-05281	3	2	28	6.1
id-05282	6	7	17	6.8
id-05283	6	3	19	6.2
id-05284	9	12	10	5.6
id-05285	6	8	7	6.1
id-05286	3	6	15	5.8
id-05287	6	3	27	5.8
id-05288	4	7	4	6.0
id-05289	8	12	27	5.7
id-05290	2	2	17	7.0
id-05291	2	4	15	6.6
id-05292	3	4	29	6.2
id-05293	9	15	22	6.8
id-05294	4	4	26	6.2
id-05295	9	18	24	5.4
id-05296	3	4	3	6.3
id-05297	6	3	21	5.6
id-05298	2	2	1	5.0
id-05299	2	2	4	6.7
id-05300	10	14	12	6.0
id-05301	1	2	23	6.1
id-05302	6	12	21	5.2
id-05303	4	5	30	5.4
id-05304	7	9	12	5.8
id-05305	9	18	30	6.8
id-05306	8	8	15	6.2
id-05307	5	2	20	6.8
id-05308	5	7	8	6.3
id-05309	4	8	5	5.7
id-05310	8	4	25	5.1
id-05311	10	17	2	6.3
id-05312	10	18	9	6.6
id-05313	7	10	29	6.5
id-05314	9	17	5	6.1
id-05315	6	7	7	5.4
id-05316	4	4	2	5.3
id-05317	8	10	11	5.7
id-05318	2	4	9	6.5
id-05319	6	12	9	5.1
id-05320	1	2	28	6.7
id-05321	3	3	17	6.7
id-05322	7	9	18	5.5
id-05323	5	7	22	6.4
id-05324	6	6	14	5.5
id-05325	5	7	4	7.0
id-05326	7	4	28	6.2
id-05327	5	5	20	5.2
id-05328	1	2	30	6.8
id-05329	2	2	26	6.9
id-05330	1	2	24	6.7
id-05331	3	4	20	6.8
id-05332	7	11	18	5.6
id-05333	2	2	6	5.9
id-05334	9	18	26	6.1
id-05335	8	14	9	5.5
id-05336	4	2	26	6.0
id-05337	3	4	14	5.9
id-05338	3	2	2	5.9
id-05339	5	3	23	5.9
id-05340	9	8	12	6.8
id-05341	6	11	30	5.4
id-05342	7	14	11	5.6
id-05343	10	15	7	5.9
id-05344	3	6	1	5.1
id-05345	10	12	3	5.5
id-05346	2	4	14	6.6
id-05347	2	2	3	7.0
id-05348	9	16	12	6.3
id-05349	9	2	11	6.9
id-05350	2	4	23	6.1
id-05351	3	5	1	6.4
id-05352	2	4	29	5.7
id-05353	8	9	2	6.4
id-05354	4	4	16	5.4
id-05355	8	13	7	6.9
id-05356	4	7	25	5.6
id-05357	8	2	4	5.7
id-05358	10	20	8	6.0
id-05359	9	8	17	5.3
id-05360	6	7	13	5.6
id-05361	5	9	25	5.7
id-05362	7	7	21	5.7
id-05363	8	8	5	5.9
id-05364	8	13	26	6.6
id-05365	9	12	26	5.8
id-05366	3	5	11	7.0
id-05367	10	7	8	5.1
id-05368	5	9	5	5.7
id-05369	4	3	13	6.1
id-05370	9	3	26	5.4
id-05371	6	10	1	6.6
id-05372	4	2	2	5.9
id-05373	9	12	11	6.1
id-05374	1	2	13	6.4
id-05375	3	3	24	6.2
id-05376	6	4	22	6.3
id-05377	10	10	18	6.9
id-05378	3	4	21	6.2
id-05379	3	6	7	5.7
id-05380	8	11	10	6.7
id-05381	5	9	17	6.2
id-05382	9	7	14	6.4
id-05383	2	3	16	7.0
id-05384	6	12	14	6.1
id-05385	7	3	5	6.8
id-05386	6	11	14	5.4
id-05387	2	4	28	5.3
id-05388	7	10	28	6.0
id-05389	6	4	13	5.2
id-05390	8	2	9	7.0
id-05391	3	5	25	6.2
id-05392	4	3	11	5.6
id-05393	4	5	6	6.5
id-05394	5	8	5	5.0
id-05395	4	7	30	5.3
id-05396	2	3	10	7.0
id-05397	4	6	18	5.9
id-05398	4	6	16	5.9
id-05399	4	3	19	5.1
id-05400	7	3	13	6.7
id-05401	2	3	18	5.7
id-05402	7	10	10	5.8
id-05403	5	6	27	5.4
id-05404	10	20	29	6.0
id-05405	2	4	24	5.6
id-05406	5	4	30	5.9
id-05407	6	2	3	6.9
id-05408	10	5	24	5.3
id-05409	8	4	20	6.3
id-05410	7	8	19	5.3
id-05411	3	5	14	6.0
id-05412	5	4	10	6.9
id-05413	4	4	19	6.2
id-05414	9	12	9	6.8
id-05415	9	15	5	5.5
id-05416	1	2	17	6.0
id-05417	5	10	24	5.8
id-05418	4	6	11	6.9
id-05419	4	2	19	6.8
id-05420	5	6	27	6.9
id-05421	3	3	1	6.5
id-05422	2	3	13	6.3
id-05423	7	6	9	5.7
id-05424	4	2	1	5.9
id-05425	6	7	6	5.9
id-05426	9	16	13	6.3
id-05427	1	2	23	6.3
id-05428	7	3	21	5.7
id-05429	7	8	26	5.9
id-05430	8	7	22	5.1
id-05431	7	8	29	5.3
id-05432	7	6	19	5.5
id-05433	8	13	17	5.2
id-05434	6	3	8	6.9
id-05435	3	3	1	5.5
id-05436	2	4	25	6.4
id-05437	7	14	20	5.8
id-05438	9	10	26	6.4
id-05439	10	17	13	5.5
id-05440	1	2	1	6.8
id-05441	9	10	10	5.6
id-05442	5	6	7	5.5
id-05443	4	3	20	5.5
id-05444	7	13	23	6.5
id-05445	10	5	25	6.6
id-05446	3	3	16	5.5
id-05447	9	14	24	6.5
id-05448	1	2	19	6.4
id-05449	2	2	1	5.6
id-05450	6	5	1	5.0
id-05451	4	3	11	5.9
id-05452	7	10	8	5.1
id-05453	4	6	14	6.9
id-05454	5	4	2	6.1
id-05455	6	10	13	5.6
id-05456	7	9	23	7.0
id-05457	4	5	10	5.2
id-05458	1	2	9	5.9
id-05459	1	2	1	6.8
id-05460	8	12	24	5.3
id-05461	7	2	5	6.2
id-05462	8	8	21	6.9
id-05463	8	11	1	5.6
id-05464	2	2	5	5.7
id-05465	4	3	19	5.1
id-05466	7	12	22	6.6
id-05467	1	2	18	6.2
id-05468	9	10	19	6.5
id-05469	2	3	4	6.4
id-05470	9	13	27	5.5
id-05471	1	2	9	5.0
id-05472	4	8	25	5.1
id-05473	1	2	30	5.5
id-05474	8	12	2	5.1
id-05475	4	5	16	6.9
id-05476	3	2	16	6.2
id-05477	1	2	9	6.9
id-05478	9	7	2	5.7
id-05479	2	2	6	5.3
id-05480	4	3	18	5.4
id-05481	1	2	26	6.4
id-05482	7	2	4	6.2
id-05483	5	4	20	5.8
id-05484	6	9	8	6.1
id-05485	10	5	2	6.8
id-05486	5	8	25	5.4
id-05487	3	3	8	6.4
id-05488	7	13	9	6.4
id-05489	10	11	4	5.2
id-05490	1	2	28	5.0
id-05491	5	3	17	6.3
id-05492	3	3	20	6.1
id-05493	2	4	7	6.7
id-05494	8	16	20	5.3
id-05495	6	6	15	5.4
id-05496	2	3	25	6.8
id-05497	10	19	21	5.2
id-05498	3	3	20	5.3
id-05499	6	12	26	5.2
id-05500	3	5	21	5.9
id-05501	9	9	17	6.5
id-05502	9	7	15	6.2
id-05503	7	4	20	5.8
id-05504	7	11	29	7.0
id-05505	10	12	14	5.9
id-05506	8	16	27	6.1
id-05507	6	11	30	6.2
id-05508	6	11	22	6.4
id-05509	5	7	17	5.8
id-05510	10	15	23	5.7
id-05511	6	7	17	6.3
id-05512	8	8	3	6.5
id-05513	10	8	1	6.4
id-05514	7	12	1	5.9
id-05515	9	5	15	5.4
id-05516	7	9	29	6.7
id-05517	2	2	10	6.5
id-05518	8	13	13	5.8
id-05519	4	5	8	5.3
id-05520	1	2	19	5.4
id-05521	8	7	2	6.7
id-05522	9	18	30	5.4
id-05523	10	8	7	6.5
id-05524	5	2	21	6.4
id-05525	3	6	26	5.8
id-05526	5	6	29	5.9
id-05527	10	18	11	6.1
id-05528	4	4	27	6.3
id-05529	6	2	30	5.7
id-05530	2	4	11	6.7
id-05531	4	5	18	5.1
id-05532	5	3	26	6.5
id-05533	8	13	19	5.1
id-05534	8	11	20	6.5
id-05535	9	10	14	5.7
id-05536	1	2	4	5.8
id-05537	1	2	18	6.7
id-05538	9	12	12	5.3
id-05539	3	6	22	5.8
id-05540	3	2	18	6.1
id-05541	9	5	25	5.6
id-05542	5	10	29	6.0
id-05543	6	4	24	5.2
id-05544	5	3	4	5.6
id-05545	4	7	9	6.3
id-05546	10	9	16	5.1
id-05547	8	3	16	6.6
id-05548	9	16	28	5.9
id-05549	4	3	5	7.0
id-05550	9	2	24	6.4
id-05551	4	5	26	6.4
id-05552	4	4	7	5.4
id-05553	6	8	18	6.4
id-05554	10	16	13	5.1
id-05555	5	3	14	6.4
id-05556	2	2	30	6.0
id-05557	3	2	22	6.0
id-05558	1	2	15	6.5
id-05559	10	16	20	5.8
id-05560	1	2	18	6.4
id-05561	5	8	6	5.3
id-05562	1	2	23	6.8
id-05563	10	19	13	5.7
id-05564	7	8	5	5.8
id-05565	9	4	24	6.9
id-05566	5	7	24	5.8
id-05567	9	11	25	6.7
id-05568	10	16	18	5.0
id-05569	1	2	4	6.0
id-05570	4	5	18	5.3
id-05571	3	3	11	5.9
id-05572	2	3	30	5.6
id-05573	4	4	5	5.9
id-05574	1	2	2	6.7
id-05575	5	9	18	6.2
id-05576	4	7	12	6.2
id-05577	2	4	28	6.2
id-05578	3	6	2	6.5
id-05579	5	3	10	6.4
id-05580	1	2	19	6.2
id-05581	7	7	12	5.5
id-05582	6	12	22	6.1
id-05583	4	8	23	6.3
id-05584	5	5	28	6.1
id-05585	10	9	24	6.5
id-05586	10	3	5	6.1
id-05587	3	2	19	7.0
id-05588	5	2	14	6.4
id-05589	3	5	4	5.9
id-05590	4	7	11	5.3
id-05591	3	4	21	6.6
id-05592	5	8	18	6.6
id-05593	10	9	6	6.1
id-05594	4	8	23	6.1
id-05595	8	8	8	6.5
id-05596	4	7	4	5.2
id-05597	8	12	9	6.2
id-05598	6	4	3	6.2
id-05599	5	2	6	5.7
id-05600	5	4	6	5.1
id-05601	1	2	16	5.7
id-05602	4	4	2	5.8
id-05603	6	8	7	6.0
id-05604	6	10	25	5.6
id-05605	3	6	12	5.3
id-05606	1	2	6	6.0
id-05607	1	2	13	5.4
id-05608	2	4	26	5.7
id-05609	1	2	26	6.8
id-05610	3	5	22	6.4
id-05611	4	5	5	5.5
id-05612	3	6	21	5.5
id-05613	6	4	19	6.4
id-05614	4	5	20	5.9
id-05615	9	6	5	6.5
id-05616	1	2	7	6.2
id-05617	4	8	5	5.6
id-05618	2	2	27	5.4
id-05619	7	5	18	6.6
id-05620	2	3	26	5.4
id-05621	8	6	23	5.7
id-05622	3	4	29	6.2
id-05623	8	9	14	5.7
id-05624	5	10	28	5.8
id-05625	8	2	16	6.6
id-05626	5	5	26	5.9
id-05627	5	8	28	6.7
id-05628	4	6	26	5.3
id-05629	10	7	7	5.5
id-05630	2	2	25	7.0
id-05631	1	2	15	7.0
id-05632	5	2	1	5.8
id-05633	8	8	9	6.5
id-05634	1	2	6	6.7
id-05635	9	18	14	6.4
id-05636	3	3	16	6.9
id-05637	8	6	12	6.8
id-05638	1	2	10	6.0
id-05639	4	7	1	5.1
id-05640	1	2	2	6.9
id-05641	6	8	17	5.8
id-05642	10	17	30	5.3
id-05643	9	16	30	5.7
id-05644	7	2	20	5.7
id-05645	7	13	18	5.0
id-05646	1	2	26	6.9
id-05647	7	2	17	6.9
id-05648	1	2	3	5.6
id-05649	6	8	12	5.5
id-05650	10	17	6	5.8
id-05651	7	14	23	6.5
id-05652	9	2	25	6.7
id-05653	9	13	1	6.4
id-05654	5	2	30	6.8
id-05655	8	7	27	5.9
id-05656	7	8	10	5.5
id-05657	7	14	13	6.4
id-05658	3	5	1	5.9
id-05659	2	3	6	5.5
id-05660	6	2	23	6.4
id-05661	10	10	24	6.3
id-05662	7	12	10	5.7
id-05663	7	14	27	5.4
id-05664	8	5	21	6.0
id-05665	5	7	6	6.3
id-05666	3	2	11	6.1
id-05667	10	9	23	6.0
id-05668	4	3	6	6.8
id-05669	2	4	13	7.0
id-05670	5	3	25	5.1
id-05671	4	4	19	5.2
id-05672	8	5	2	5.9
id-05673	3	4	10	6.9
id-05674	1	2	9	5.2
id-05675	3	4	22	5.6
id-05676	1	2	24	6.1
id-05677	4	7	6	6.2
id-05678	10	12	29	6.7
id-05679	9	16	14	5.0
id-05680	5	8	10	6.7
id-05681	9	6	21	5.0
id-05682	1	2	22	5.0
id-05683	1	2	5	5.3
id-05684	5	10	15	6.6
id-05685	4	3	28	5.8
id-05686	6	9	3	6.5
id-05687	2	3	22	6.6
id-05688	9	5	10	5.8
id-05689	3	2	16	6.8
id-05690	6	9	22	6.1
id-05691	4	2	12	5.3
id-05692	4	7	17	5.9
id-05693	8	12	6	5.4
id-05694	6	10	2	5.3
id-05695	7	14	1	5.1
id-05696	8	10	19	5.2
id-05697	1	2	24	5.2
id-05698	6	6	24	5.1
id-05699	9	4	10	5.1
id-05700	7	10	15	6.7
id-05701	4	5	6	5.8
id-05702	2	4	21	5.5
id-05703	6	2	10	5.3
id-05704	7	7	1	6.4
id-05705	8	8	19	5.4
id-05706	3	5	11	5.5
id-05707	3	6	14	6.8
id-05708	5	7	21	5.0
id-05709	8	6	18	5.8
id-05710	7	5	30	5.7
id-05711	3	5	25	5.0
id-05712	10	10	28	6.2
id-05713	9	13	14	6.4
id-05714	9	14	1	6.6
id-05715	8	13	15	5.9
id-05716	3	5	29	6.3
id-05717	6	8	13	5.6
id-05718	5	5	28	6.7
id-05719	8	12	14	6.4
id-05720	7	2	18	5.2
id-05721	3	4	16	6.8
id-05722	8	12	15	6.0
id-05723	4	2	27	6.1
id-05724	10	18	10	5.8
id-05725	10	19	1	5.1
id-05726	1	2	22	5.4
id-05727	5	2	8	5.4
id-05728	10	16	18	6.1
id-05729	10	8	29	5.3
id-05730	6	12	17	5.8
id-05731	6	10	3	6.5
id-05732	3	2	5	5.9
id-05733	10	7	13	5.2
id-05734	6	11	1	6.9
id-05735	4	6	16	5.1
id-05736	3	5	15	6.3
id-05737	8	13	30	6.0
id-05738	4	6	21	5.0
id-05739	9	17	28	5.0
id-05740	2	2	23	5.1
id-05741	8	10	8	5.7
id-05742	3	6	14	5.6
id-05743	3	5	1	6.5
id-05744	9	10	19	5.3
id-05745	2	3	28	6.6
id-05746	4	6	2	6.8
id-05747	7	12	13	5.7
id-05748	10	7	7	6.7
id-05749	5	5	12	5.7
id-05750	7	7	4	5.6
id-05751	7	9	6	6.1
id-05752	3	2	6	6.1
id-05753	5	10	19	6.5
id-05754	1	2	7	6.5
id-05755	2	2	4	5.4
id-05756	9	17	18	5.5
id-05757	8	16	20	6.2
id-05758	4	7	15	6.7
id-05759	10	20	10	5.5
id-05760	3	5	29	5.6
id-05761	9	9	21	6.6
id-05762	8	10	28	7.0
id-05763	8	3	24	6.2
id-05764	8	15	23	5.5
id-05765	8	6	11	5.3
id-05766	3	5	15	5.4
id-05767	8	14	4	5.6
id-05768	5	6	2	6.1
id-05769	2	2	16	5.4
id-05770	8	9	9	6.2
id-05771	5	4	26	6.4
id-05772	1	2	23	5.7
id-05773	9	13	16	6.7
id-05774	1	2	26	6.9
id-05775	6	2	30	5.8
id-05776	4	7	7	5.5
id-05777	6	6	14	5.5
id-05778	5	2	21	6.0
id-05779	8	5	18	6.9
id-05780	5	10	15	6.0
id-05781	3	4	19	5.2
id-05782	2	2	21	6.9
id-05783	10	15	5	6.5
id-05784	8	13	21	5.5
id-05785	2	2	14	6.7
id-05786	3	3	25	6.3
id-05787	2	4	4	6.9
id-05788	5	3	2	5.4
id-05789	3	3	4	5.0
id-05790	9	18	28	6.7
id-05791	10	3	4	6.1
id-05792	10	15	14	5.2
id-05793	2	2	25	5.3
id-05794	9	7	28	6.2
id-05795	9	10	20	6.8
id-05796	10	10	2	6.3
id-05797	5	10	8	6.8
id-05798	10	3	26	5.9
id-05799	2	4	20	6.3
id-05800	9	6	16	5.4
id-05801	5	9	22	5.3
id-05802	9	2	17	7.0
id-05803	1	2	5	6.8
id-05804	4	2	1	5.4
id-05805	8	11	25	5.1
id-05806	10	7	7	5.6
id-05807	3	5	20	6.1
id-05808	9	11	6	5.5
id-05809	5	4	11	6.7
id-05810	2	3	3	6.8
id-05811	4	2	21	6.0
id-05812	4	7	15	5.3
id-05813	5	9	12	5.4
id-05814	9	17	10	6.2
id-05815	5	3	9	5.5
id-05816	10	15	9	5.9
id-05817	6	3	11	5.2
id-05818	3	4	7	6.5
id-05819	10	19	2	6.4
id-05820	5	8	17	5.2
id-05821	9	8	26	6.2
id-05822	6	12	27	6.7
id-05823	4	6	3	6.8
id-05824	7	14	28	5.5
id-05825	8	2	21	5.9
id-05826	5	3	15	5.1
id-05827	2	2	19	6.1
id-05828	8	12	11	6.2
id-05829	4	5	1	5.2
id-05830	5	5	16	6.2
id-05831	6	5	26	6.3
id-05832	10	14	12	5.5
id-05833	7	8	22	6.2
id-05834	3	5	27	5.8
id-05835	8	9	19	6.6
id-05836	7	10	27	6.3
id-05837	9	17	5	6.4
id-05838	10	11	28	6.6
id-05839	9	10	12	6.1
id-05840	3	6	4	5.5
id-05841	5	6	9	5.5
id-05842	9	9	26	6.0
id-05843	6	9	21	6.7
id-05844	10	11	8	6.5
id-05845	5	4	13	6.8
id-05846	1	2	2	6.7
id-05847	8	9	9	5.2
id-05848	2	2	5	6.7
id-05849	3	3	1	6.4
id-05850	2	3	16	6.5
id-05851	8	10	2	6.6
id-05852	3	5	8	5.6
id-05853	10	14	21	5.0
id-05854	4	7	16	5.2
id-05855	1	2	12	6.9
id-05856	9	12	23	5.3
id-05857	4	4	16	5.8
id-05858	10	16	27	6.6
id-05859	9	8	15	6.7
id-05860	4	6	19	6.3
id-05861	2	3	9	5.3
id-05862	4	2	4	6.6
id-05863	7	11	1	6.3
id-05864	1	2	26	5.8
id-05865	8	14	7	5.7
id-05866	5	7	6	6.3
id-05867	4	2	30	6.8
id-05868	8	16	18	6.4
id-05869	10	20	23	5.5
id-05870	8	6	17	5.9
id-05871	1	2	13	5.5
id-05872	2	4	18	6.9
id-05873	5	10	25	5.7
id-05874	7	3	26	5.1
id-05875	2	3	7	5.7
id-05876	6	8	11	6.8
id-05877	8	16	4	6.9
id-05878	4	6	11	6.6
id-05879	8	2	7	5.1
id-05880	1	2	19	5.7
id-05881	2	2	1	6.2
id-05882	8	14	22	6.9
id-05883	8	12	4	7.0
id-05884	3	2	19	6.5
id-05885	4	4	27	6.5
id-05886	3	4	23	6.4
id-05887	8	2	23	5.9
id-05888	2	2	19	5.5
id-05889	8	6	21	5.9
id-05890	8	15	13	6.8
id-05891	4	5	29	6.0
id-05892	8	2	3	5.3
id-05893	3	3	18	5.4
id-05894	1	2	6	5.9
id-05895	3	4	14	5.0
id-05896	9	5	2	6.0
id-05897	6	4	9	5.4
id-05898	2	4	4	6.2
id-05899	4	4	5	6.4
id-05900	5	5	21	6.4
id-05901	4	4	26	5.7
id-05902	6	8	6	6.7
id-05903	6	5	24	5.8
id-05904	2	2	17	6.6
id-05905	4	5	20	6.9
id-05906	2	2	11	5.6
id-05907	9	3	30	6.4
id-05908	3	2	16	6.3
id-05909	4	6	1	6.1
id-05910	3	5	12	5.7
id-05911	10	16	28	6.1
id-05912	6	8	23	6.5
id-05913	9	2	16	6.8
id-05914	5	3	29	5.4
id-05915	3	3	8	6.3
id-05916	5	9	24	6.5
id-05917	6	12	2	6.6
id-05918	4	5	5	6.8
id-05919	6	6	17	6.1
id-05920	4	5	5	6.1
id-05921	2	3	4	6.6
id-05922	2	2	7	6.7
id-05923	8	16	22	5.0
id-05924	8	2	17	5.1
id-05925	7	7	19	6.0
id-05926	8	4	23	6.5
id-05927	5	8	17	7.0
id-05928	10	16	16	5.7
id-05929	6	7	4	6.8
id-05930	4	8	8	6.2
id-05931	1	2	26	6.5
id-05932	2	2	15	5.3
id-05933	1	2	28	5.8
id-05934	10	14	23	6.4
id-05935	8	12	4	6.5
id-05936	2	4	6	5.0
id-05937	8	7	13	6.3
id-05938	10	6	14	6.8
id-05939	2	4	23	6.7
id-05940	5	7	4	5.7
id-05941	10	8	17	6.4
id-05942	6	10	19	7.0
id-05943	4	4	6	5.3
id-05944	6	9	11	6.8
id-05945	9	11	2	5.2
id-05946	8	7	22	6.3
id-05947	3	6	29	6.1
id-05948	9	8	7	6.0
id-05949	10	10	9	6.7
id-05950	3	3	2	5.6
id-05951	8	7	25	5.2
id-05952	9	11	14	6.3
id-05953	6	6	7	6.8
id-05954	1	2	10	6.9
id-05955	3	5	9	6.4
id-05956	6	6	26	5.7
id-05957	4	5	23	6.4
id-05958	4	4	9	5.9
id-05959	3	6	4	5.8
id-05960	3	3	14	6.0
id-05961	8	10	20	5.2
id-05962	10	8	20	6.4
id-05963	10	8	11	5.6
id-05964	4	3	18	6.3
id-05965	3	6	1	7.0
id-05966	6	2	15	6.8
id-05967	2	4	13	7.0
id-05968	3	3	11	5.2
id-05969	9	8	3	5.2
id-05970	5	8	2	6.0
id-05971	4	3	3	6.2
id-05972	1	2	15	5.4
id-05973	9	8	5	6.0
id-05974	1	2	30	6.1
id-05975	10	18	12	7.0
id-05976	3	6	23	5.2
id-05977	10	3	24	6.9
id-05978	4	6	7	5.7
id-05979	1	2	11	5.5
id-05980	4	5	8	5.8
id-05981	6	12	1	6.9
id-05982	7	5	29	5.3
id-05983	1	2	22	5.7
id-05984	3	2	26	6.9
id-05985	10	17	9	6.4
id-05986	1	2	27	5.9
id-05987	2	4	29	5.7
id-05988	3	3	17	5.4
id-05989	8	3	26	6.1
id-05990	1	2	22	5.1
id-05991	2	3	28	6.1
id-05992	1	2	25	6.5
id-05993	10	19	24	5.7
id-05994	7	4	30	5.1
id-05995	2	2	11	5.3
id-05996	9	9	23	6.7
id-05997	10	18	27	5.4
id-05998	8	6	6	6.1
id-05999	4	8	10	5.6
id-06000	5	7	2	6.9
id-06001	10	19	27	6.8
id-06002	3	3	7	5.5
id-06003	1	2	2	6.4
id-06004	9	16	18	5.5
id-06005	8	16	13	5.4
id-06006	1	2	8	5.6
id-06007	4	3	15	6.9
id-06008	8	5	22	6.9
id-06009	6	12	4	5.3
id-06010	6	3	13	6.1
id-06011	1	2	1	5.4
id-06012	8	15	4	6.5
id-06013	8	8	16	6.7
id-06014	7	4	18	6.5
id-06015	8	15	29	5.3
id-06016	4	7	20	5.1
id-06017	3	4	1	6.7
id-06018	1	2	26	5.3
id-06019	1	2	16	6.9
id-06020	1	2	8	5.7
id-06021	3	3	3	5.2
id-06022	4	2	23	5.8
id-06023	10	6	10	6.7
id-06024	10	12	17	6.3
id-06025	10	16	30	6.6
id-06026	2	3	8	6.9
id-06027	5	3	13	6.1
id-06028	8	3	5	6.8
id-06029	9	3	5	5.6
id-06030	7	7	12	6.4
id-06031	7	12	8	5.6
id-06032	5	9	19	6.8
id-06033	3	6	3	6.0
id-06034	7	14	19	6.0
id-06035	3	2	30	5.9
id-06036	1	2	9	5.1
id-06037	5	9	2	5.9
id-06038	5	10	10	6.6
id-06039	6	12	19	6.9
id-06040	3	4	22	5.1
id-06041	7	9	26	6.3
id-06042	10	18	19	6.0
id-06043	2	3	8	6.2
id-06044	3	6	10	6.7
id-06045	1	2	19	5.9
id-06046	5	4	18	5.6
id-06047	1	2	3	6.8
id-06048	2	3	27	5.4
id-06049	6	11	1	6.0
id-06050	2	3	12	6.8
id-06051	6	12	11	6.7
id-06052	4	5	9	6.3
id-06053	1	2	5	6.7
id-06054	4	2	24	6.2
id-06055	6	9	5	6.7
id-06056	6	4	12	6.9
id-06057	4	7	7	6.1
id-06058	1	2	2	6.0
id-06059	7	13	3	5.6
id-06060	6	6	30	6.1
id-06061	4	5	12	6.8
id-06062	9	15	1	6.9
id-06063	5	10	30	5.2
id-06064	2	2	8	5.5
id-06065	8	16	30	6.0
id-06066	4	6	28	5.2
id-06067	9	11	3	6.9
id-06068	5	6	27	6.6
id-06069	6	12	11	5.7
id-06070	1	2	17	6.4
id-06071	3	4	30	5.7
id-06072	2	4	14	5.0
id-06073	7	9	22	6.8
id-06074	3	5	13	5.3
id-06075	4	8	8	5.6
id-06076	6	5	18	6.9
id-06077	10	6	11	5.1
id-06078	3	3	12	6.7
id-06079	6	5	8	6.3
id-06080	4	8	18	6.8
id-06081	4	2	8	5.7
id-06082	1	2	28	5.9
id-06083	8	2	17	5.1
id-06084	8	11	2	5.8
id-06085	4	3	29	6.0
id-06086	3	4	23	6.6
id-06087	7	12	4	6.6
id-06088	2	4	5	5.6
id-06089	8	6	24	5.2
id-06090	10	12	21	5.8
id-06091	10	18	15	5.2
id-06092	8	8	27	6.3
id-06093	1	2	7	5.7
id-06094	3	3	10	5.1
id-06095	9	4	10	5.4
id-06096	10	10	8	5.3
id-06097	5	5	10	6.9
id-06098	6	12	30	6.7
id-06099	5	6	24	5.9
id-06100	3	6	3	6.7
id-06101	6	4	20	5.9
id-06102	2	4	2	6.2
id-06103	3	6	15	5.7
id-06104	3	6	29	5.4
id-06105	10	8	16	7.0
id-06106	1	2	23	5.2
id-06107	1	2	6	6.9
id-06108	7	8	4	5.2
id-06109	1	2	26	6.0
id-06110	3	2	1	6.5
id-06111	10	6	3	6.9
id-06112	10	12	16	6.9
id-06113	4	7	1	5.0
id-06114	2	3	10	6.6
id-06115	2	2	27	6.2
id-06116	3	2	21	5.3
id-06117	3	3	24	5.9
id-06118	4	5	20	5.7
id-06119	5	4	21	5.4
id-06120	6	8	23	6.3
id-06121	1	2	18	6.7
id-06122	1	2	2	5.8
id-06123	8	6	18	5.8
id-06124	8	3	8	6.2
id-06125	8	8	14	6.6
id-06126	10	15	14	6.2
id-06127	4	5	14	5.3
id-06128	8	8	9	6.9
id-06129	6	3	1	6.2
id-06130	4	4	9	6.4
id-06131	5	6	9	7.0
id-06132	2	2	14	5.9
id-06133	10	7	4	6.0
id-06134	1	2	21	6.4
id-06135	1	2	25	5.4
id-06136	5	4	12	6.0
id-06137	7	8	30	5.6
id-06138	4	6	26	5.4
id-06139	1	2	12	5.0
id-06140	5	10	28	6.1
id-06141	6	3	27	6.0
id-06142	2	3	9	5.3
id-06143	2	4	22	6.9
id-06144	1	2	24	5.8
id-06145	8	16	8	5.2
id-06146	8	8	12	6.4
id-06147	9	8	15	6.4
id-06148	3	6	8	5.8
id-06149	10	16	8	5.5
id-06150	1	2	20	5.4
id-06151	7	5	6	6.9
id-06152	1	2	25	5.8
id-06153	6	8	28	6.3
id-06154	2	4	8	7.0
id-06155	4	8	5	6.8
id-06156	3	6	15	6.6
id-06157	7	6	13	5.1
id-06158	6	4	26	5.5
id-06159	7	3	10	5.3
id-06160	4	5	21	5.9
id-06161	5	7	11	5.4
id-06162	6	8	7	6.7
id-06163	7	7	22	7.0
id-06164	7	14	23	5.2
id-06165	5	6	29	6.5
id-06166	2	2	30	6.3
id-06167	2	3	9	5.4
id-06168	2	3	20	6.7
id-06169	1	2	9	5.6
id-06170	6	4	30	5.1
id-06171	2	3	21	5.2
id-06172	10	4	8	5.5
id-06173	2	3	28	5.2
id-06174	4	2	23	6.7
id-06175	3	3	17	6.9
id-06176	5	8	21	5.5
id-06177	10	8	20	5.3
id-06178	3	2	6	5.1
id-06179	4	2	18	6.7
id-06180	3	4	26	6.7
id-06181	8	2	9	5.5
id-06182	1	2	5	6.4
id-06183	2	4	24	6.2
id-06184	8	4	13	5.7
id-06185	6	4	25	6.7
id-06186	7	5	29	6.9
id-06187	2	3	18	6.6
id-06188	9	8	10	5.2
id-06189	7	9	17	5.3
id-06190	6	5	25	6.3
id-06191	6	11	29	6.0
id-06192	1	2	18	6.8
id-06193	6	4	26	6.4
id-06194	4	5	6	5.1
id-06195	1	2	24	6.9
id-06196	2	3	3	6.5
id-06197	2	4	16	5.2
id-06198	2	2	2	6.2
id-06199	3	2	5	6.6
id-06200	9	8	19	5.8
id-06201	2	3	9	6.2
id-06202	6	6	29	6.9
id-06203	1	2	25	6.2
id-06204	4	6	14	6.9
id-06205	4	5	27	5.7
id-06206	4	3	9	6.0
id-06207	7	5	25	5.2
id-06208	1	2	17	6.6
id-06209	1	2	28	6.5
id-06210	5	8	14	5.4
id-06211	2	2	9	6.0
id-06212	8	3	22	5.4
id-06213	4	4	22	6.7
id-06214	6	3	3	5.7
id-06215	10	9	12	6.6
id-06216	3	5	6	6.0
id-06217	2	4	16	6.4
id-06218	7	4	2	5.9
id-06219	2	2	29	5.8
id-06220	4	7	5	6.3
id-06221	5	8	5	5.2
id-06222	9	13	1	6.2
id-06223	3	4	27	6.9
id-06224	7	10	18	6.2
id-06225	2	2	3	5.4
id-06226	2	4	17	5.8
id-06227	5	2	15	6.8
id-06228	10	2	7	5.8
id-06229	5	8	27	6.3
id-06230	2	3	15	6.6
id-06231	5	3	6	5.1
id-06232	9	14	19	6.9
id-06233	4	8	6	5.6
id-06234	8	15	24	6.0
id-06235	10	15	2	5.3
id-06236	1	2	27	7.0
id-06237	8	14	16	5.9
id-06238	10	2	8	6.0
id-06239	1	2	1	6.1
id-06240	10	9	20	6.6
id-06241	9	10	20	7.0
id-06242	8	4	5	6.6
id-06243	8	16	15	5.3
id-06244	1	2	6	6.2
id-06245	4	3	9	6.1
id-06246	9	18	19	6.2
id-06247	5	5	25	6.5
id-06248	9	3	21	5.7
id-06249	9	15	20	6.5
id-06250	7	2	2	6.4
id-06251	5	10	25	5.8
id-06252	10	15	29	5.0
id-06253	4	8	22	6.0
id-06254	8	16	17	5.3
id-06255	7	2	8	5.8
id-06256	3	4	12	5.4
id-06257	8	14	11	6.3
id-06258	5	8	5	5.2
id-06259	2	3	5	5.1
id-06260	7	3	28	6.7
id-06261	8	3	14	5.1
id-06262	1	2	16	6.9
id-06263	10	5	8	5.5
id-06264	3	6	15	6.8
id-06265	2	4	8	6.8
id-06266	6	3	24	6.4
id-06267	8	2	11	6.7
id-06268	1	2	22	5.7
id-06269	1	2	10	6.5
id-06270	6	7	13	6.0
id-06271	10	7	14	6.7
id-06272	8	4	4	5.0
id-06273	4	6	28	5.0
id-06274	6	10	14	6.7
id-06275	7	5	9	6.8
id-06276	6	8	27	6.0
id-06277	4	7	27	5.6
id-06278	2	4	4	6.5
id-06279	8	5	9	6.0
id-06280	7	5	19	5.1
id-06281	8	5	16	6.4
id-06282	7	14	23	5.3
id-06283	10	15	7	6.0
id-06284	9	5	26	6.4
id-06285	8	5	13	6.0
id-06286	2	3	6	5.2
id-06287	3	2	12	5.4
id-06288	1	2	15	6.7
id-06289	3	6	30	6.1
id-06290	9	10	28	7.0
id-06291	6	9	23	6.6
id-06292	6	7	24	5.5
id-06293	8	8	27	5.3
id-06294	5	6	16	6.1
id-06295	7	13	22	6.9
id-06296	1	2	27	6.7
id-06297	8	7	19	5.3
id-06298	8	6	17	6.8
id-06299	6	9	16	5.1
id-06300	9	6	4	5.1
id-06301	1	2	2	5.1
id-06302	2	3	23	6.5
id-06303	8	8	26	5.9
id-06304	6	3	12	7.0
id-06305	1	2	13	5.1
id-06306	9	14	30	5.6
id-06307	9	18	16	5.5
id-06308	10	15	17	6.8
id-06309	1	2	25	5.8
id-06310	9	4	11	6.2
id-06311	3	2	28	6.4
id-06312	3	4	3	6.7
id-06313	7	2	30	6.0
id-06314	7	2	20	5.8
id-06315	2	2	8	6.1
id-06316	8	13	17	7.0
id-06317	2	2	13	5.3
id-06318	2	2	8	5.0
id-06319	7	8	26	6.7
id-06320	9	16	1	6.5
id-06321	2	3	8	5.6
id-06322	5	5	16	6.6
id-06323	9	8	25	6.6
id-06324	3	4	5	5.8
id-06325	7	14	2	5.7
id-06326	1	2	16	6.9
id-06327	4	3	9	6.3
id-06328	2	4	26	6.8
id-06329	8	11	17	7.0
id-06330	5	3	30	5.0
id-06331	10	7	5	6.4
id-06332	4	2	28	6.3
id-06333	3	4	13	5.3
id-06334	2	2	13	6.8
id-06335	4	5	10	6.2
id-06336	6	8	8	6.7
id-06337	4	4	19	5.4
id-06338	6	12	8	5.7
id-06339	7	14	24	6.4
id-06340	6	5	13	6.4
id-06341	3	2	16	5.5
id-06342	4	3	27	5.3
id-06343	4	8	28	6.3
id-06344	3	4	5	6.5
id-06345	10	6	22	5.0
id-06346	6	3	13	6.0
id-06347	6	11	11	6.7
id-06348	2	2	13	6.0
id-06349	4	6	27	5.8
id-06350	7	7	27	5.8
id-06351	6	3	18	5.3
id-06352	2	3	28	5.4
id-06353	3	2	4	5.8
id-06354	1	2	25	6.6
id-06355	5	8	20	6.2
id-06356	8	11	14	5.9
id-06357	8	5	23	6.3
id-06358	1	2	5	6.7
id-06359	7	12	20	6.9
id-06360	2	3	15	6.4
id-06361	2	3	20	6.0
id-06362	4	3	11	5.1
id-06363	2	4	8	5.3
id-06364	4	3	28	5.8
id-06365	2	3	13	5.6
id-06366	1	2	7	5.0
id-06367	7	4	7	5.6
id-06368	8	5	23	6.0
id-06369	9	3	14	5.7
id-06370	4	4	23	6.9
id-06371	8	5	28	6.9
id-06372	8	3	16	6.5
id-06373	2	3	19	6.6
id-06374	3	6	22	5.4
id-06375	8	8	9	5.9
id-06376	7	9	10	5.6
id-06377	10	9	15	6.3
id-06378	6	2	25	6.3
id-06379	8	2	14	5.8
id-06380	8	3	27	5.2
id-06381	3	4	25	5.1
id-06382	2	2	3	6.1
id-06383	2	3	14	5.5
id-06384	6	9	4	6.0
id-06385	10	12	28	6.5
id-06386	2	2	22	5.8
id-06387	5	2	24	5.1
id-06388	7	14	11	6.2
id-06389	7	5	28	5.2
id-06390	9	13	10	6.3
id-06391	9	17	11	6.9
id-06392	9	14	2	5.3
id-06393	9	5	24	6.2
id-06394	6	6	15	5.1
id-06395	5	8	9	6.7
id-06396	6	8	22	6.5
id-06397	2	3	11	6.6
id-06398	9	12	30	5.2
id-06399	7	14	27	5.5
id-06400	10	6	27	5.9
id-06401	4	2	18	5.2
id-06402	5	4	7	6.8
id-06403	6	8	15	5.0
id-06404	3	4	18	5.8
id-06405	2	2	7	6.0
id-06406	9	16	22	6.1
id-06407	9	11	14	5.9
id-06408	4	3	13	6.1
id-06409	9	8	24	5.5
id-06410	7	6	25	5.4
id-06411	7	6	15	5.9
id-06412	4	2	4	6.8
id-06413	3	2	7	6.9
id-06414	3	6	26	5.1
id-06415	7	10	22	5.2
id-06416	5	5	4	7.0
id-06417	9	18	26	6.3
id-06418	10	7	28	5.1
id-06419	2	2	24	6.4
id-06420	7	12	20	6.3
id-06421	10	14	3	6.8
id-06422	3	6	2	6.1
id-06423	6	3	14	5.8
id-06424	2	4	21	5.6
id-06425	2	2	10	5.2
id-06426	8	2	30	6.8
id-06427	10	20	30	6.9
id-06428	3	3	13	5.0
id-06429	9	11	19	5.7
id-06430	3	5	14	6.5
id-06431	4	7	22	5.7
id-06432	5	6	14	6.3
id-06433	10	13	19	6.6
id-06434	3	5	26	5.8
id-06435	3	6	6	5.9
id-06436	1	2	15	5.5
id-06437	5	4	4	5.8
id-06438	1	2	4	5.2
id-06439	4	8	11	5.4
id-06440	9	7	7	6.2
id-06441	4	3	10	6.9
id-06442	8	8	25	5.2
id-06443	7	8	19	5.4
id-06444	2	3	26	5.1
id-06445	7	8	15	5.6
id-06446	6	4	26	5.2
id-06447	3	4	3	5.4
id-06448	4	5	9	7.0
id-06449	5	7	26	5.6
id-06450	1	2	17	5.4
id-06451	7	8	19	5.9
id-06452	7	10	13	5.2
id-06453	8	2	20	6.6
id-06454	7	9	4	6.9
id-06455	10	5	16	5.3
id-06456	8	12	10	6.0
id-06457	10	13	29	6.4
id-06458	2	4	25	6.5
id-06459	2	2	26	6.1
id-06460	3	4	18	6.5
id-06461	6	12	30	6.0
id-06462	1	2	7	6.6
id-06463	3	2	26	6.4
id-06464	7	11	5	5.6
id-06465	9	15	8	5.3
id-06466	4	5	23	6.8
id-06467	4	6	13	5.5
id-06468	3	4	27	5.2
id-06469	5	7	10	5.5
id-06470	5	4	1	5.3
id-06471	10	14	5	5.3
id-06472	4	3	16	5.8
id-06473	1	2	14	5.2
id-06474	4	3	11	6.6
id-06475	10	4	3	5.6
id-06476	10	15	14	5.5
id-06477	10	16	3	5.4
id-06478	6	8	25	6.7
id-06479	1	2	10	6.8
id-06480	6	6	24	6.3
id-06481	6	2	4	5.6
id-06482	4	6	4	5.9
id-06483	5	7	5	5.9
id-06484	2	4	29	6.2
id-06485	8	7	7	5.1
id-06486	2	3	22	6.1
id-06487	5	8	6	5.9
id-06488	5	6	9	6.1
id-06489	4	6	20	5.9
id-06490	3	5	13	6.5
id-06491	8	4	23	5.9
id-06492	4	5	2	5.9
id-06493	2	4	15	5.7
id-06494	6	12	28	6.3
id-06495	2	3	22	5.3
id-06496	8	6	28	5.9
id-06497	9	8	26	5.1
id-06498	9	2	11	5.4
id-06499	7	9	3	6.4
id-06500	2	4	6	6.4
id-06501	8	5	27	6.3
id-06502	3	6	29	6.0
id-06503	9	11	2	6.8
id-06504	4	6	11	5.6
id-06505	1	2	15	6.9
id-06506	7	12	10	5.0
id-06507	7	7	6	6.8
id-06508	7	14	22	5.0
id-06509	9	7	10	6.6
id-06510	9	12	24	6.9
id-06511	1	2	29	6.9
id-06512	1	2	11	6.3
id-06513	6	4	7	5.1
id-06514	3	2	14	5.8
id-06515	1	2	29	6.7
id-06516	5	10	2	6.7
id-06517	4	3	4	6.8
id-06518	9	18	15	5.1
id-06519	9	13	12	5.8
id-06520	4	4	2	6.4
id-06521	4	3	5	5.4
id-06522	2	2	5	5.6
id-06523	2	2	3	6.0
id-06524	1	2	12	6.8
id-06525	3	5	13	6.9
id-06526	6	10	30	6.0
id-06527	4	5	12	6.2
id-06528	7	7	19	5.8
id-06529	2	4	28	6.7
id-06530	10	8	4	6.4
id-06531	3	4	8	6.1
id-06532	1	2	10	6.3
id-06533	8	11	17	5.6
id-06534	3	6	25	6.0
id-06535	1	2	9	5.2
id-06536	4	5	22	5.5
id-06537	10	18	23	5.1
id-06538	8	12	15	5.1
id-06539	9	14	30	6.4
id-06540	5	10	24	5.9
id-06541	9	15	25	5.1
id-06542	3	4	8	6.9
id-06543	3	3	25	6.4
id-06544	8	4	6	5.6
id-06545	9	7	24	6.4
id-06546	7	5	9	6.5
id-06547	8	15	21	6.1
id-06548	3	2	1	5.8
id-06549	7	2	6	6.3
id-06550	4	5	29	5.3
id-06551	8	4	22	6.2
id-06552	8	2	22	6.5
id-06553	10	20	25	5.1
id-06554	2	4	9	5.5
id-06555	10	20	13	5.7
id-06556	7	11	20	5.8
id-06557	8	9	19	5.9
id-06558	5	10	30	6.5
id-06559	4	7	24	5.4
id-06560	9	4	18	6.9
id-06561	1	2	23	5.2
id-06562	4	4	18	6.9
id-06563	3	6	9	5.3
id-06564	1	2	16	6.8
id-06565	9	6	21	5.1
id-06566	3	6	16	5.5
id-06567	6	4	6	6.3
id-06568	9	11	18	5.5
id-06569	7	11	28	6.1
id-06570	6	5	18	5.6
id-06571	10	4	18	5.5
id-06572	3	2	23	6.9
id-06573	4	4	14	6.9
id-06574	8	6	26	6.2
id-06575	5	3	20	7.0
id-06576	10	14	20	5.4
id-06577	10	20	2	5.5
id-06578	6	11	7	5.4
id-06579	2	4	28	6.2
id-06580	2	3	12	5.9
id-06581	5	9	5	5.6
id-06582	8	14	18	6.3
id-06583	5	3	26	6.9
id-06584	9	11	18	5.4
id-06585	1	2	8	5.8
id-06586	9	6	24	6.4
id-06587	4	4	25	5.8
id-06588	9	15	7	5.9
id-06589	2	3	10	6.3
id-06590	8	2	29	5.4
id-06591	4	7	16	6.4
id-06592	10	19	15	6.9
id-06593	1	2	11	5.4
id-06594	4	8	14	6.8
id-06595	6	6	27	6.9
id-06596	2	4	18	6.4
id-06597	5	3	13	6.8
id-06598	2	3	25	6.2
id-06599	10	14	18	5.2
id-06600	1	2	30	5.5
id-06601	5	6	22	6.1
id-06602	9	17	26	5.7
id-06603	10	15	16	6.9
id-06604	1	2	26	5.1
id-06605	4	7	15	6.6
id-06606	10	8	26	6.3
id-06607	9	11	10	6.6
id-06608	5	7	4	5.2
id-06609	3	5	11	5.3
id-06610	4	7	21	6.5
id-06611	5	8	8	5.5
id-06612	4	6	26	6.9
id-06613	7	10	26	5.8
id-06614	4	4	20	6.3
id-06615	7	3	3	5.0
id-06616	1	2	11	5.3
id-06617	4	7	20	6.2
id-06618	5	3	24	6.2
id-06619	4	4	18	6.2
id-06620	1	2	1	6.9
id-06621	8	15	13	7.0
id-06622	6	9	4	6.9
id-06623	5	4	19	5.3
id-06624	8	7	15	5.3
id-06625	4	8	9	6.8
id-06626	1	2	2	5.8
id-06627	4	2	10	6.2
id-06628	10	8	4	6.8
id-06629	7	10	11	6.0
id-06630	7	9	19	6.0
id-06631	10	7	20	6.8
id-06632	5	7	13	6.2
id-06633	2	4	18	6.8
id-06634	3	2	8	6.2
id-06635	1	2	26	6.3
id-06636	9	10	26	6.7
id-06637	6	10	22	6.3
id-06638	5	5	29	6.7
id-06639	8	3	18	6.5
id-06640	1	2	21	6.5
id-06641	5	6	30	5.0
id-06642	4	8	12	6.5
id-06643	9	5	23	6.5
id-06644	7	3	30	6.4
id-06645	4	8	23	6.4
id-06646	6	11	20	5.1
id-06647	5	2	29	5.4
id-06648	4	7	10	6.8
id-06649	1	2	24	5.3
id-06650	8	9	6	6.5
id-06651	5	7	18	5.6
id-06652	5	10	1	7.0
id-06653	8	12	18	5.1
id-06654	6	12	28	5.0
id-06655	2	4	25	6.6
id-06656	6	11	6	6.0
id-06657	5	9	4	5.7
id-06658	3	5	8	5.3
id-06659	6	12	7	6.4
id-06660	4	3	5	5.4
id-06661	5	9	5	6.6
id-06662	6	2	10	5.7
id-06663	3	2	29	5.4
id-06664	2	4	11	6.2
id-06665	8	5	8	5.8
id-06666	2	3	5	5.3
id-06667	6	3	20	5.5
id-06668	2	3	11	5.4
id-06669	9	10	20	5.3
id-06670	8	12	28	6.9
id-06671	9	17	20	6.0
id-06672	10	20	24	5.1
id-06673	4	8	30	5.6
id-06674	8	13	21	6.1
id-06675	1	2	1	6.6
id-06676	5	8	1	6.7
id-06677	6	9	28	5.4
id-06678	9	12	2	7.0
id-06679	8	7	10	7.0
id-06680	4	6	24	5.0
id-06681	3	4	4	6.0
id-06682	8	11	12	5.0
id-06683	5	9	30	6.5
id-06684	7	2	2	6.1
id-06685	2	3	12	6.0
id-06686	3	3	4	5.9
id-06687	10	11	2	5.6
id-06688	7	5	11	6.3
id-06689	3	3	18	5.6
id-06690	3	2	30	6.2
id-06691	2	2	19	6.0
id-06692	2	3	25	5.9
id-06693	5	2	14	5.6
id-06694	1	2	8	5.3
id-06695	10	16	11	5.6
id-06696	10	6	28	6.3
id-06697	7	12	2	6.9
id-06698	2	2	7	6.1
id-06699	9	5	17	5.3
id-06700	8	4	29	6.7
id-06701	7	7	7	6.0
id-06702	6	5	7	5.3
id-06703	6	4	26	5.0
id-06704	9	6	7	5.2
id-06705	6	11	14	6.1
id-06706	3	6	5	5.2
id-06707	9	16	14	5.0
id-06708	10	4	30	6.2
id-06709	6	5	9	5.3
id-06710	2	3	23	6.4
id-06711	9	4	3	5.2
id-06712	2	2	25	5.2
id-06713	5	9	24	5.8
id-06714	4	4	10	6.9
id-06715	4	2	13	6.5
id-06716	9	10	29	6.7
id-06717	5	3	4	6.6
id-06718	9	6	26	6.5
id-06719	5	10	19	6.3
id-06720	5	5	14	5.2
id-06721	1	2	21	6.2
id-06722	4	6	18	5.7
id-06723	6	3	16	6.9
id-06724	2	2	16	6.1
id-06725	5	10	14	6.9
id-06726	2	4	10	5.9
id-06727	1	2	5	5.3
id-06728	7	2	16	6.6
id-06729	8	7	8	7.0
id-06730	7	11	9	5.5
id-06731	9	2	24	6.4
id-06732	8	9	13	6.7
id-06733	8	10	25	5.2
id-06734	9	4	23	5.7
id-06735	9	8	11	5.1
id-06736	4	3	28	6.2
id-06737	2	3	11	6.6
id-06738	4	8	11	6.0
id-06739	8	8	5	6.6
id-06740	3	2	14	7.0
id-06741	10	13	28	5.3
id-06742	1	2	23	6.5
id-06743	4	8	8	5.8
id-06744	9	9	21	6.0
id-06745	9	17	24	6.9
id-06746	1	2	4	5.7
id-06747	8	7	16	5.4
id-06748	8	8	16	5.1
id-06749	10	2	20	6.3
id-06750	9	2	30	5.9
id-06751	1	2	23	6.6
id-06752	6	4	25	6.1
id-06753	6	11	10	6.1
id-06754	1	2	20	5.7
id-06755	1	2	6	6.1
id-06756	2	2	2	6.7
id-06757	8	15	3	5.8
id-06758	5	2	28	5.7
id-06759	7	8	1	5.7
id-06760	10	3	1	6.0
id-06761	9	4	27	6.8
id-06762	5	9	15	5.4
id-06763	6	4	5	5.2
id-06764	9	4	30	6.1
id-06765	5	7	23	6.2
id-06766	6	11	11	6.6
id-06767	5	5	18	5.7
id-06768	10	9	25	5.8
id-06769	2	2	1	6.3
id-06770	7	9	16	7.0
id-06771	10	20	24	5.8
id-06772	3	2	27	6.2
id-06773	8	8	11	5.7
id-06774	5	2	27	5.1
id-06775	4	2	30	6.5
id-06776	8	12	13	6.9
id-06777	5	2	15	5.0
id-06778	2	4	23	5.6
id-06779	7	8	26	5.4
id-06780	2	3	15	6.8
id-06781	7	9	25	6.9
id-06782	9	8	5	5.3
id-06783	2	2	13	5.2
id-06784	4	4	18	6.0
id-06785	2	2	24	6.6
id-06786	10	9	25	6.0
id-06787	9	16	27	5.5
id-06788	4	7	20	5.9
id-06789	9	6	26	5.6
id-06790	8	9	5	5.5
id-06791	9	7	22	5.6
id-06792	3	2	14	6.1
id-06793	1	2	28	6.6
id-06794	4	2	25	6.5
id-06795	9	15	18	6.7
id-06796	4	2	23	5.0
id-06797	5	10	15	6.4
id-06798	10	7	7	5.3
id-06799	3	2	6	6.7
id-06800	10	7	5	5.9
id-06801	10	6	8	5.5
id-06802	10	18	6	5.1
id-06803	1	2	1	5.1
id-06804	5	5	28	5.0
id-06805	1	2	25	6.5
id-06806	1	2	12	6.6
id-06807	7	14	12	5.5
id-06808	10	18	1	6.4
id-06809	8	16	9	5.7
id-06810	7	13	4	6.1
id-06811	4	2	26	5.3
id-06812	7	10	21	5.5
id-06813	9	2	22	6.4
id-06814	9	5	2	5.5
id-06815	3	5	1	5.7
id-06816	4	6	24	5.1
id-06817	4	6	1	5.5
id-06818	8	13	26	6.7
id-06819	8	4	7	5.7
id-06820	10	14	24	5.7
id-06821	1	2	27	5.1
id-06822	7	3	9	6.1
id-06823	10	19	2	5.8
id-06824	1	2	15	6.4
id-06825	7	7	11	7.0
id-06826	7	12	15	5.7
id-06827	5	10	19	5.6
id-06828	9	6	21	6.0
id-06829	9	18	5	6.1
id-06830	5	5	15	5.5
id-06831	8	2	21	6.1
id-06832	2	4	24	6.6
id-06833	8	7	22	5.4
id-06834	3	4	22	6.7
id-06835	6	8	21	6.7
id-06836	6	11	9	6.7
id-06837	2	2	16	5.5
id-06838	9	4	28	5.7
id-06839	3	4	3	6.9
id-06840	9	5	9	6.1
id-06841	6	5	2	7.0
id-06842	2	2	19	6.7
id-06843	9	4	4	5.0
id-06844	1	2	24	5.3
id-06845	1	2	14	5.8
id-06846	2	3	4	6.7
id-06847	3	5	13	6.1
id-06848	2	4	18	5.0
id-06849	9	13	7	5.7
id-06850	4	4	12	6.7
id-06851	10	5	29	6.7
id-06852	2	2	18	6.9
id-06853	10	3	22	5.4
id-06854	10	8	1	5.5
id-06855	5	3	6	5.8
id-06856	8	12	16	5.3
id-06857	8	7	24	5.4
id-06858	1	2	14	6.3
id-06859	2	2	20	6.6
id-06860	6	8	26	5.6
id-06861	10	18	7	5.3
id-06862	10	11	6	6.3
id-06863	3	6	27	6.8
id-06864	6	6	15	5.1
id-06865	1	2	13	6.1
id-06866	7	14	14	6.8
id-06867	5	7	27	6.6
id-06868	8	2	25	6.5
id-06869	9	5	12	6.1
id-06870	8	7	23	5.1
id-06871	7	8	10	6.5
id-06872	10	17	10	6.4
id-06873	7	5	17	6.5
id-06874	7	13	28	6.1
id-06875	9	17	18	6.8
id-06876	4	3	2	5.5
id-06877	3	6	3	5.0
id-06878	5	3	8	5.8
id-06879	3	4	18	5.7
id-06880	2	3	19	5.2
id-06881	1	2	19	5.4
id-06882	7	12	24	6.7
id-06883	10	16	4	5.6
id-06884	5	9	30	6.2
id-06885	6	4	12	6.9
id-06886	10	14	26	5.3
id-06887	4	7	15	5.6
id-06888	3	2	12	6.8
id-06889	7	8	24	5.7
id-06890	5	6	12	6.7
id-06891	4	3	14	6.6
id-06892	4	5	5	6.8
id-06893	9	14	4	5.3
id-06894	9	3	20	6.8
id-06895	7	3	25	5.9
id-06896	7	4	18	5.4
id-06897	1	2	1	5.2
id-06898	3	2	18	5.8
id-06899	8	7	26	5.3
id-06900	7	7	29	6.4
id-06901	3	3	19	5.2
id-06902	10	9	6	6.1
id-06903	2	4	19	5.4
id-06904	1	2	28	5.1
id-06905	2	3	3	6.7
id-06906	6	4	2	6.9
id-06907	3	6	2	6.3
id-06908	2	3	20	6.6
id-06909	4	3	23	5.1
id-06910	9	9	23	6.8
id-06911	7	4	22	5.8
id-06912	4	5	6	5.1
id-06913	4	3	3	6.7
id-06914	3	6	22	7.0
id-06915	4	7	15	5.1
id-06916	2	4	12	6.0
id-06917	4	4	9	5.8
id-06918	2	4	5	5.6
id-06919	7	13	13	6.1
id-06920	5	10	24	6.2
id-06921	5	9	29	5.9
id-06922	7	8	2	6.8
id-06923	3	2	9	5.7
id-06924	2	3	12	5.5
id-06925	5	5	10	5.6
id-06926	2	3	5	5.1
id-06927	4	2	23	6.4
id-06928	1	2	1	6.1
id-06929	6	12	17	5.4
id-06930	4	5	16	5.4
id-06931	2	4	19	5.9
id-06932	5	2	9	6.6
id-06933	9	18	4	5.9
id-06934	5	6	2	6.2
id-06935	7	5	11	5.7
id-06936	5	3	14	6.3
id-06937	2	4	27	5.2
id-06938	9	9	24	5.5
id-06939	9	18	17	5.6
id-06940	1	2	24	5.7
id-06941	4	3	18	6.7
id-06942	7	4	6	6.0
id-06943	3	4	16	6.2
id-06944	8	15	10	5.8
id-06945	6	8	15	6.3
id-06946	9	17	5	5.5
id-06947	7	14	16	6.3
id-06948	9	13	2	5.1
id-06949	9	17	18	6.1
id-06950	1	2	12	5.3
id-06951	1	2	11	5.9
id-06952	9	2	20	6.8
id-06953	4	2	5	7.0
id-06954	8	4	6	5.7
id-06955	10	5	11	5.6
id-06956	7	2	19	6.3
id-06957	6	9	14	5.4
id-06958	9	8	8	5.1
id-06959	8	16	25	6.0
id-06960	2	3	11	7.0
id-06961	8	9	14	6.4
id-06962	10	18	5	5.9
id-06963	10	10	10	5.7
id-06964	2	3	27	6.3
id-06965	7	4	5	6.8
id-06966	5	5	6	6.6
id-06967	1	2	10	6.8
id-06968	2	2	28	5.7
id-06969	5	7	17	6.6
id-06970	6	9	24	6.4
id-06971	1	2	9	6.1
id-06972	8	5	22	6.8
id-06973	7	7	27	5.6
id-06974	9	2	20	5.1
id-06975	10	9	22	6.1
id-06976	9	5	23	5.8
id-06977	5	4	11	7.0
id-06978	1	2	15	6.5
id-06979	1	2	18	6.4
id-06980	7	8	23	6.8
id-06981	4	6	17	5.9
id-06982	8	15	12	6.4
id-06983	1	2	25	6.4
id-06984	4	2	25	5.1
id-06985	5	8	18	6.7
id-06986	7	6	27	6.2
id-06987	6	2	9	5.7
id-06988	5	7	1	7.0
id-06989	5	6	26	6.7
id-06990	4	2	15	6.4
id-06991	4	2	10	6.0
id-06992	2	3	15	6.1
id-06993	1	2	1	6.8
id-06994	8	11	20	6.9
id-06995	5	5	20	6.1
id-06996	9	6	20	5.3
id-06997	1	2	16	5.6
id-06998	3	5	21	5.4
id-06999	2	2	30	6.8
id-07000	1	2	30	5.8
id-07001	3	5	9	5.3
id-07002	7	8	30	6.2
id-07003	9	16	25	6.0
id-07004	9	2	13	5.3
id-07005	4	5	24	5.5
id-07006	6	4	30	5.8
id-07007	9	16	12	6.4
id-07008	2	2	21	5.4
id-07009	9	10	24	6.7
id-07010	1	2	14	6.4
id-07011	10	11	16	6.1
id-07012	8	5	21	5.8
id-07013	6	10	6	6.0
id-07014	2	2	5	5.1
id-07015	6	7	15	6.9
id-07016	3	6	15	5.4
id-07017	3	4	8	5.2
id-07018	6	11	21	5.4
id-07019	1	2	9	6.1
id-07020	9	15	12	6.7
id-07021	4	4	1	6.7
id-07022	1	2	21	6.9
id-07023	5	10	6	5.5
id-07024	9	13	17	6.3
id-07025	2	3	4	5.4
id-07026	4	5	26	5.1
id-07027	9	11	13	6.7
id-07028	8	3	30	6.9
id-07029	7	4	18	6.1
id-07030	3	6	23	7.0
id-07031	7	3	10	6.2
id-07032	9	9	2	6.5
id-07033	4	8	30	5.6
id-07034	3	4	22	6.7
id-07035	4	8	4	6.1
id-07036	9	10	29	6.2
id-07037	9	17	11	5.2
id-07038	3	5	14	5.6
id-07039	3	5	25	6.7
id-07040	9	15	17	5.3
id-07041	6	3	15	5.6
id-07042	8	13	8	6.2
id-07043	3	5	26	6.5
id-07044	6	2	1	5.7
id-07045	3	6	21	6.4
id-07046	6	8	26	6.5
id-07047	2	3	14	6.7
id-07048	8	9	22	6.6
id-07049	7	2	26	7.0
id-07050	7	11	2	6.4
id-07051	3	3	23	6.7
id-07052	5	10	27	6.2
id-07053	7	3	29	6.8
id-07054	7	3	25	6.1
id-07055	9	3	1	7.0
id-07056	8	15	13	6.5
id-07057	1	2	6	6.7
id-07058	9	7	17	6.2
id-07059	9	17	24	6.7
id-07060	5	7	5	5.6
id-07061	5	10	28	5.8
id-07062	1	2	17	7.0
id-07063	2	4	12	6.4
id-07064	4	2	19	7.0
id-07065	8	2	16	6.3
id-07066	9	5	18	5.4
id-07067	10	15	16	5.3
id-07068	2	2	20	6.3
id-07069	10	13	29	6.2
id-07070	2	3	30	6.0
id-07071	8	12	27	6.1
id-07072	10	15	7	5.6
id-07073	3	6	25	6.4
id-07074	9	11	29	6.3
id-07075	10	12	16	6.2
id-07076	6	7	16	6.7
id-07077	8	16	6	6.8
id-07078	10	13	15	6.3
id-07079	6	6	19	6.4
id-07080	6	10	2	6.9
id-07081	8	7	16	5.4
id-07082	5	4	15	5.3
id-07083	2	2	22	5.9
id-07084	2	3	2	6.7
id-07085	4	2	23	5.2
id-07086	5	9	13	5.9
id-07087	9	11	1	5.8
id-07088	5	10	27	6.8
id-07089	8	8	3	6.2
id-07090	6	2	3	5.3
id-07091	9	3	4	6.5
id-07092	9	3	25	6.0
id-07093	2	2	2	5.5
id-07094	7	6	9	7.0
id-07095	8	5	19	5.5
id-07096	6	9	23	5.1
id-07097	10	2	26	6.3
id-07098	5	5	23	6.6
id-07099	3	6	12	5.5
id-07100	3	6	21	5.9
id-07101	3	3	26	6.6
id-07102	5	9	22	5.8
id-07103	2	2	25	7.0
id-07104	5	4	29	6.8
id-07105	9	16	17	5.3
id-07106	5	2	20	5.5
id-07107	5	2	27	5.9
id-07108	7	3	26	5.6
id-07109	2	3	13	6.2
id-07110	1	2	24	5.9
id-07111	9	4	17	5.1
id-07112	5	10	6	6.2
id-07113	5	8	10	5.4
id-07114	10	14	1	5.6
id-07115	8	14	27	6.8
id-07116	1	2	9	5.5
id-07117	6	9	26	6.4
id-07118	3	5	25	5.4
id-07119	7	3	9	5.5
id-07120	6	4	14	5.9
id-07121	9	10	7	5.4
id-07122	6	5	1	5.5
id-07123	9	13	23	6.9
id-07124	2	2	27	6.0
id-07125	1	2	4	5.8
id-07126	2	2	8	6.0
id-07127	9	6	4	5.5
id-07128	1	2	18	6.6
id-07129	8	15	20	5.3
id-07130	1	2	22	5.7
id-07131	7	10	7	5.5
id-07132	1	2	14	5.4
id-07133	3	2	14	5.3
id-07134	3	5	8	5.5
id-07135	2	4	2	5.3
id-07136	5	3	20	5.0
id-07137	10	6	25	5.4
id-07138	5	5	15	6.5
id-07139	1	2	13	6.8
id-07140	1	2	19	6.2
id-07141	8	12	12	6.2
id-07142	3	4	22	5.2
id-07143	1	2	5	5.2
id-07144	8	8	23	6.2
id-07145	7	9	26	6.6
id-07146	8	3	12	6.6
id-07147	4	4	23	5.9
id-07148	9	5	14	6.5
id-07149	10	4	7	6.6
id-07150	6	8	6	5.7
id-07151	1	2	27	5.8
id-07152	10	8	11	5.5
id-07153	3	6	24	6.3
id-07154	3	5	9	6.2
id-07155	6	7	1	6.3
id-07156	8	10	1	5.2
id-07157	7	13	15	5.9
id-07158	6	12	20	5.4
id-07159	1	2	21	6.2
id-07160	1	2	2	5.6
id-07161	3	6	17	5.2
id-07162	1	2	12	5.1
id-07163	3	5	30	5.6
id-07164	9	17	10	6.9
id-07165	2	2	13	5.1
id-07166	6	2	10	5.6
id-07167	1	2	18	6.1
id-07168	4	6	11	5.8
id-07169	9	16	26	5.3
id-07170	8	3	9	6.3
id-07171	6	9	12	6.5
id-07172	3	3	8	6.1
id-07173	9	10	4	5.1
id-07174	4	2	6	6.9
id-07175	8	13	11	5.4
id-07176	7	10	24	5.4
id-07177	5	10	5	6.0
id-07178	7	9	29	5.8
id-07179	6	5	1	6.2
id-07180	5	8	21	6.9
id-07181	4	8	14	5.4
id-07182	5	3	21	6.3
id-07183	10	11	14	6.3
id-07184	4	4	29	6.1
id-07185	9	2	27	6.4
id-07186	2	3	23	6.5
id-07187	5	6	24	6.3
id-07188	9	6	14	6.5
id-07189	4	5	22	5.2
id-07190	10	18	11	6.2
id-07191	7	11	19	6.3
id-07192	3	4	24	5.1
id-07193	4	6	18	5.2
id-07194	6	11	1	5.4
id-07195	2	2	15	5.2
id-07196	5	8	22	5.4
id-07197	2	3	5	6.5
id-07198	8	12	16	6.5
id-07199	8	11	19	5.3
id-07200	5	8	2	6.4
id-07201	6	8	13	6.7
id-07202	10	11	4	5.7
id-07203	8	16	30	6.5
id-07204	1	2	30	6.8
id-07205	10	2	18	5.5
id-07206	9	6	6	6.6
id-07207	8	15	21	6.7
id-07208	5	9	17	5.4
id-07209	9	10	27	6.0
id-07210	8	15	17	5.7
id-07211	4	7	6	6.3
id-07212	7	10	14	6.6
id-07213	9	13	15	6.0
id-07214	4	3	1	5.3
id-07215	6	2	14	5.9
id-07216	10	3	30	5.9
id-07217	7	3	2	5.4
id-07218	2	3	12	6.6
id-07219	9	16	8	5.1
id-07220	5	9	8	5.5
id-07221	4	4	29	5.9
id-07222	10	19	23	6.3
id-07223	6	3	10	6.9
id-07224	6	6	13	5.8
id-07225	2	4	15	5.8
id-07226	6	5	18	5.4
id-07227	2	3	12	6.0
id-07228	2	3	19	6.2
id-07229	7	12	24	6.6
id-07230	8	3	6	5.6
id-07231	8	8	1	5.3
id-07232	3	4	9	5.5
id-07233	1	2	26	5.6
id-07234	9	13	27	6.2
id-07235	3	6	20	6.6
id-07236	1	2	28	6.4
id-07237	3	2	8	6.7
id-07238	5	4	20	6.9
id-07239	8	3	9	5.8
id-07240	2	3	8	5.8
id-07241	4	2	13	6.9
id-07242	8	8	5	6.1
id-07243	9	9	30	6.1
id-07244	2	4	9	6.3
id-07245	6	8	29	6.2
id-07246	1	2	28	5.4
id-07247	4	6	2	5.1
id-07248	10	7	4	5.7
id-07249	3	5	4	6.8
id-07250	1	2	16	6.7
id-07251	10	19	2	5.8
id-07252	3	2	16	5.9
id-07253	8	11	12	5.2
id-07254	3	4	23	6.8
id-07255	3	2	26	5.9
id-07256	7	7	12	5.3
id-07257	9	3	12	5.6
id-07258	2	4	20	5.9
id-07259	3	5	23	6.3
id-07260	9	16	1	6.1
id-07261	4	3	21	5.3
id-07262	1	2	12	5.1
id-07263	3	3	6	6.1
id-07264	2	2	3	5.3
id-07265	3	2	9	5.2
id-07266	3	3	6	6.9
id-07267	8	2	7	7.0
id-07268	1	2	11	6.7
id-07269	6	8	17	6.6
id-07270	10	20	26	5.7
id-07271	3	4	24	6.7
id-07272	5	3	18	5.5
id-07273	1	2	3	6.4
id-07274	6	10	2	5.3
id-07275	2	3	1	5.6
id-07276	3	4	3	6.7
id-07277	8	4	10	5.6
id-07278	3	6	19	6.2
id-07279	3	4	26	5.9
id-07280	1	2	28	6.3
id-07281	10	11	30	5.7
id-07282	7	6	23	5.8
id-07283	7	3	29	5.1
id-07284	5	7	29	5.3
id-07285	7	11	12	6.9
id-07286	10	6	29	5.9
id-07287	2	2	21	6.8
id-07288	2	3	20	6.9
id-07289	3	4	29	5.9
id-07290	4	6	10	5.6
id-07291	4	3	4	6.4
id-07292	6	5	3	5.0
id-07293	5	10	14	6.9
id-07294	10	15	19	6.3
id-07295	6	9	9	5.5
id-07296	8	6	18	6.6
id-07297	6	8	4	6.2
id-07298	6	7	23	6.1
id-07299	4	7	15	6.9
id-07300	5	5	3	5.9
id-07301	6	9	19	5.0
id-07302	9	4	17	5.6
id-07303	1	2	18	5.4
id-07304	8	13	14	5.1
id-07305	3	4	2	6.3
id-07306	5	3	13	5.8
id-07307	8	14	8	6.8
id-07308	8	15	5	6.9
id-07309	10	16	4	5.3
id-07310	8	6	20	6.2
id-07311	9	10	3	5.5
id-07312	4	3	3	5.6
id-07313	2	4	18	5.7
id-07314	5	6	17	5.8
id-07315	3	2	12	6.3
id-07316	3	6	20	5.9
id-07317	1	2	25	5.9
id-07318	2	4	19	5.6
id-07319	6	5	6	6.4
id-07320	9	7	22	6.4
id-07321	6	2	21	7.0
id-07322	10	14	10	6.5
id-07323	7	11	7	6.7
id-07324	9	5	6	5.7
id-07325	2	2	10	5.1
id-07326	6	8	29	5.9
id-07327	9	4	15	6.6
id-07328	3	2	30	6.7
id-07329	2	4	12	5.1
id-07330	2	3	25	6.8
id-07331	1	2	5	6.9
id-07332	5	5	14	6.4
id-07333	7	10	15	5.7
id-07334	9	5	28	5.9
id-07335	7	11	26	5.9
id-07336	9	6	1	5.2
id-07337	10	14	14	6.0
id-07338	5	9	13	5.2
id-07339	4	7	23	5.8
id-07340	4	3	7	7.0
id-07341	6	10	23	6.9
id-07342	2	2	4	6.9
id-07343	10	5	8	6.4
id-07344	10	7	20	6.2
id-07345	5	2	16	7.0
id-07346	8	4	10	5.2
id-07347	10	6	20	6.6
id-07348	10	6	2	5.2
id-07349	8	4	28	6.3
id-07350	7	2	30	5.2
id-07351	2	4	22	6.0
id-07352	10	2	21	6.2
id-07353	8	12	11	5.7
id-07354	5	2	4	6.9
id-07355	6	4	23	6.3
id-07356	1	2	8	5.2
id-07357	2	4	29	5.1
id-07358	8	11	13	6.1
id-07359	9	15	23	6.6
id-07360	7	11	5	5.3
id-07361	10	10	21	6.4
id-07362	10	20	23	6.1
id-07363	6	11	10	5.4
id-07364	3	5	23	5.5
id-07365	10	3	10	5.8
id-07366	1	2	21	5.5
id-07367	1	2	17	6.5
id-07368	10	15	13	5.6
id-07369	1	2	26	5.6
id-07370	2	3	12	5.6
id-07371	9	5	8	5.3
id-07372	1	2	14	6.1
id-07373	3	4	4	5.0
id-07374	4	2	19	5.4
id-07375	2	2	11	5.5
id-07376	7	8	8	5.4
id-07377	2	3	11	5.7
id-07378	1	2	13	5.9
id-07379	2	3	2	5.2
id-07380	10	8	19	5.1
id-07381	5	6	13	6.8
id-07382	5	10	9	6.7
id-07383	2	2	8	5.8
id-07384	3	4	9	5.5
id-07385	1	2	3	6.3
id-07386	8	13	12	5.9
id-07387	1	2	20	5.6
id-07388	5	2	20	6.8
id-07389	8	15	5	6.9
id-07390	8	10	9	5.4
id-07391	6	4	3	6.4
id-07392	3	6	25	6.7
id-07393	8	7	22	6.2
id-07394	6	4	19	6.2
id-07395	4	8	10	5.5
id-07396	10	10	16	5.6
id-07397	6	12	9	5.8
id-07398	7	3	22	6.9
id-07399	4	5	13	6.9
id-07400	10	10	26	5.3
id-07401	1	2	26	6.9
id-07402	2	3	24	5.6
id-07403	2	4	11	6.8
id-07404	10	2	22	6.8
id-07405	3	3	24	6.8
id-07406	4	3	4	6.6
id-07407	6	7	9	6.5
id-07408	3	5	25	5.6
id-07409	6	11	27	6.7
id-07410	2	2	30	5.1
id-07411	10	3	17	6.5
id-07412	3	2	2	5.4
id-07413	9	8	9	6.4
id-07414	1	2	29	6.2
id-07415	6	11	5	6.2
id-07416	6	11	24	5.8
id-07417	6	9	6	6.9
id-07418	4	7	6	5.1
id-07419	8	3	3	5.7
id-07420	2	3	8	6.8
id-07421	7	14	29	5.4
id-07422	2	2	29	6.6
id-07423	3	3	30	5.0
id-07424	2	2	10	5.6
id-07425	4	2	4	5.1
id-07426	2	2	19	5.0
id-07427	8	13	5	6.9
id-07428	4	8	5	5.3
id-07429	7	10	2	5.9
id-07430	10	16	20	6.6
id-07431	1	2	1	5.9
id-07432	3	4	20	5.4
id-07433	7	4	6	5.6
id-07434	5	8	13	5.5
id-07435	2	2	4	6.0
id-07436	6	7	3	6.0
id-07437	1	2	11	7.0
id-07438	9	6	11	5.0
id-07439	9	2	12	6.6
id-07440	1	2	20	6.0
id-07441	1	2	1	6.1
id-07442	5	7	4	6.5
id-07443	7	5	29	5.9
id-07444	3	4	25	6.8
id-07445	1	2	9	5.3
id-07446	7	2	13	5.6
id-07447	9	11	5	5.7
id-07448	9	13	9	6.0
id-07449	9	11	1	5.7
id-07450	5	4	20	5.1
id-07451	6	8	15	6.8
id-07452	4	8	25	6.2
id-07453	5	8	11	6.6
id-07454	8	13	16	6.6
id-07455	4	4	16	5.9
id-07456	1	2	24	5.5
id-07457	3	4	15	5.4
id-07458	2	3	30	5.5
id-07459	3	5	16	6.3
id-07460	10	16	28	5.9
id-07461	1	2	1	6.0
id-07462	3	3	20	6.3
id-07463	10	18	25	6.4
id-07464	8	4	5	6.1
id-07465	6	6	1	6.4
id-07466	1	2	4	5.8
id-07467	4	3	19	5.0
id-07468	5	2	29	5.2
id-07469	10	8	28	5.1
id-07470	9	6	15	5.9
id-07471	6	12	1	6.7
id-07472	2	2	19	5.4
id-07473	5	10	29	5.2
id-07474	9	7	6	6.8
id-07475	10	8	12	5.2
id-07476	3	6	15	6.0
id-07477	5	9	24	5.1
id-07478	8	7	8	6.1
id-07479	6	6	27	5.1
id-07480	10	13	1	5.5
id-07481	8	8	23	5.3
id-07482	1	2	15	6.5
id-07483	1	2	12	5.4
id-07484	7	9	20	6.8
id-07485	5	5	19	6.4
id-07486	1	2	19	5.6
id-07487	10	5	26	6.8
id-07488	4	4	8	6.7
id-07489	1	2	10	6.8
id-07490	2	3	7	5.7
id-07491	7	6	10	5.9
id-07492	1	2	12	6.9
id-07493	10	16	20	5.5
id-07494	4	7	21	5.8
id-07495	2	4	20	6.7
id-07496	4	2	9	5.5
id-07497	5	9	22	6.8
id-07498	10	6	10	5.8
id-07499	1	2	10	5.6
id-07500	8	13	12	6.0
id-07501	7	12	22	6.0
id-07502	8	8	27	6.1
id-07503	3	2	18	5.8
id-07504	8	15	18	6.2
id-07505	7	3	10	6.8
id-07506	10	12	23	5.9
id-07507	8	4	7	5.7
id-07508	2	2	4	6.5
id-07509	7	11	26	5.2
id-07510	3	5	9	5.3
id-07511	7	7	23	6.5
id-07512	10	9	1	5.9
id-07513	4	8	6	6.8
id-07514	6	11	21	5.5
id-07515	2	3	20	5.1
id-07516	9	2	12	5.8
id-07517	8	6	21	5.2
id-07518	1	2	30	7.0
id-07519	9	10	30	5.1
id-07520	7	6	4	5.8
id-07521	3	2	30	6.2
id-07522	3	2	20	6.7
id-07523	3	5	1	6.9
id-07524	8	10	17	5.9
id-07525	2	4	6	5.9
id-07526	6	7	2	6.6
id-07527	2	2	6	6.7
id-07528	10	2	6	6.8
id-07529	5	2	17	5.2
id-07530	8	13	28	6.6
id-07531	3	5	29	6.9
id-07532	4	5	9	5.8
id-07533	6	11	14	5.8
id-07534	7	5	26	6.1
id-07535	3	5	26	5.7
id-07536	2	4	20	7.0
id-07537	1	2	14	6.1
id-07538	3	4	14	5.2
id-07539	1	2	12	6.1
id-07540	10	14	6	6.9
id-07541	1	2	9	6.4
id-07542	8	14	24	6.2
id-07543	3	5	22	6.4
id-07544	3	4	26	5.8
id-07545	5	9	29	5.2
id-07546	6	12	14	5.9
id-07547	7	6	23	6.7
id-07548	8	3	4	5.0
id-07549	4	3	3	5.7
id-07550	8	6	29	5.7
id-07551	6	5	3	5.8
id-07552	8	10	11	6.8
id-07553	4	7	20	5.6
id-07554	6	2	5	6.9
id-07555	5	8	21	5.2
id-07556	3	3	19	6.0
id-07557	5	7	11	5.7
id-07558	7	12	23	5.6
id-07559	1	2	8	5.0
id-07560	3	3	1	6.5
id-07561	8	8	1	6.5
id-07562	5	5	4	5.1
id-07563	10	12	6	6.8
id-07564	10	8	16	5.4
id-07565	2	4	21	5.1
id-07566	5	10	10	5.4
id-07567	9	13	16	6.3
id-07568	4	4	26	5.1
id-07569	1	2	13	5.1
id-07570	5	9	2	6.0
id-07571	7	8	22	6.8
id-07572	7	6	24	6.8
id-07573	3	4	18	5.0
id-07574	7	3	12	5.4
id-07575	7	11	12	5.3
id-07576	1	2	19	6.7
id-07577	8	15	16	6.5
id-07578	6	10	18	5.4
id-07579	9	5	11	6.1
id-07580	6	2	22	5.8
id-07581	5	2	27	6.9
id-07582	10	3	7	6.7
id-07583	2	3	27	5.5
id-07584	10	18	25	5.1
id-07585	3	6	28	6.0
id-07586	9	5	16	7.0
id-07587	10	18	12	5.0
id-07588	3	2	25	6.4
id-07589	4	7	14	5.7
id-07590	10	4	22	5.9
id-07591	5	2	4	6.1
id-07592	3	3	10	5.1
id-07593	3	4	16	6.6
id-07594	6	11	1	5.4
id-07595	9	13	17	6.6
id-07596	2	4	5	6.4
id-07597	1	2	8	5.1
id-07598	4	8	3	5.6
id-07599	8	3	4	5.0
id-07600	10	7	22	6.0
id-07601	5	5	8	6.6
id-07602	1	2	14	5.5
id-07603	10	17	4	6.5
id-07604	8	4	26	5.1
id-07605	3	4	28	6.0
id-07606	7	12	3	6.9
id-07607	9	6	24	6.1
id-07608	5	9	27	6.8
id-07609	7	10	1	6.4
id-07610	5	3	8	6.1
id-07611	6	11	17	6.4
id-07612	4	7	4	6.7
id-07613	3	4	7	5.2
id-07614	10	11	27	6.1
id-07615	5	5	23	5.6
id-07616	1	2	13	6.8
id-07617	10	11	30	6.0
id-07618	10	17	15	5.2
id-07619	9	3	21	5.9
id-07620	10	12	19	5.5
id-07621	9	12	16	5.1
id-07622	5	2	9	6.1
id-07623	1	2	26	6.8
id-07624	9	10	1	6.9
id-07625	5	8	24	5.5
id-07626	9	7	21	5.3
id-07627	9	7	18	5.2
id-07628	1	2	1	5.8
id-07629	8	5	12	5.1
id-07630	6	4	25	6.0
id-07631	2	4	9	6.9
id-07632	6	10	11	6.3
id-07633	7	6	14	5.5
id-07634	8	2	23	6.0
id-07635	2	4	6	6.8
id-07636	10	13	3	5.1
id-07637	9	15	25	6.4
id-07638	2	4	9	7.0
id-07639	5	7	7	6.7
id-07640	7	11	12	6.3
id-07641	9	16	24	6.3
id-07642	2	4	9	5.9
id-07643	9	8	2	6.9
id-07644	1	2	3	6.5
id-07645	5	5	22	7.0
id-07646	7	3	26	6.6
id-07647	10	8	22	5.5
id-07648	8	12	13	6.4
id-07649	2	3	9	6.4
id-07650	4	2	21	5.3
id-07651	5	5	2	6.6
id-07652	5	2	21	5.7
id-07653	7	4	4	5.0
id-07654	1	2	27	5.6
id-07655	8	9	28	5.4
id-07656	3	5	23	5.9
id-07657	1	2	30	6.5
id-07658	2	4	2	6.1
id-07659	7	5	2	5.9
id-07660	8	2	13	6.0
id-07661	9	5	20	6.3
id-07662	4	8	25	5.4
id-07663	8	8	15	6.1
id-07664	9	12	13	5.0
id-07665	4	4	24	6.5
id-07666	7	5	18	6.4
id-07667	10	17	13	5.9
id-07668	2	4	6	6.2
id-07669	5	6	2	6.9
id-07670	8	3	1	5.6
id-07671	9	11	30	6.9
id-07672	10	20	1	5.2
id-07673	10	10	8	6.6
id-07674	6	12	16	6.8
id-07675	10	14	14	7.0
id-07676	5	7	26	7.0
id-07677	1	2	20	5.4
id-07678	1	2	14	6.7
id-07679	1	2	1	6.0
id-07680	1	2	20	5.2
id-07681	6	12	2	6.4
id-07682	1	2	24	6.3
id-07683	4	7	7	5.5
id-07684	9	13	21	6.7
id-07685	6	5	25	5.5
id-07686	2	2	10	5.1
id-07687	2	2	26	5.9
id-07688	7	12	17	6.9
id-07689	6	5	22	5.4
id-07690	5	7	13	6.1
id-07691	10	15	21	7.0
id-07692	6	2	4	5.9
id-07693	9	2	10	5.2
id-07694	4	5	22	6.7
id-07695	6	3	20	5.3
id-07696	7	5	15	5.8
id-07697	3	6	24	5.6
id-07698	9	5	9	5.6
id-07699	5	5	11	5.6
id-07700	9	14	22	5.4
id-07701	7	13	22	6.9
id-07702	2	2	9	5.7
id-07703	5	7	21	5.6
id-07704	4	4	16	6.2
id-07705	6	6	20	6.6
id-07706	7	14	22	5.1
id-07707	5	2	16	6.1
id-07708	8	11	24	6.5
id-07709	2	3	27	5.4
id-07710	1	2	30	6.7
id-07711	6	6	21	6.2
id-07712	4	8	26	6.8
id-07713	2	3	14	5.7
id-07714	2	2	28	6.4
id-07715	5	8	11	5.5
id-07716	8	16	14	5.1
id-07717	5	7	29	5.4
id-07718	4	6	1	6.0
id-07719	9	12	14	5.4
id-07720	8	10	16	6.4
id-07721	4	7	19	5.2
id-07722	7	8	14	5.2
id-07723	2	4	14	5.0
id-07724	3	3	20	5.3
id-07725	7	13	24	5.7
id-07726	4	4	3	5.4
id-07727	10	13	26	5.2
id-07728	8	4	8	5.3
id-07729	5	2	8	5.7
id-07730	9	17	12	5.7
id-07731	4	4	26	6.9
id-07732	7	10	5	6.8
id-07733	3	2	8	5.1
id-07734	2	3	14	6.8
id-07735	9	10	25	6.9
id-07736	7	4	10	5.3
id-07737	2	4	14	7.0
id-07738	6	9	2	6.8
id-07739	7	14	21	5.3
id-07740	6	11	29	6.9
id-07741	7	9	13	6.9
id-07742	4	8	2	6.4
id-07743	2	4	12	5.8
id-07744	10	6	23	6.9
id-07745	6	9	13	6.0
id-07746	8	14	8	6.9
id-07747	8	14	20	6.6
id-07748	3	3	26	6.3
id-07749	1	2	18	6.6
id-07750	1	2	21	5.5
id-07751	5	10	14	6.8
id-07752	10	6	23	5.8
id-07753	4	3	19	5.0
id-07754	3	2	18	7.0
id-07755	8	5	13	6.0
id-07756	7	8	16	6.5
id-07757	2	2	1	6.5
id-07758	1	2	29	5.7
id-07759	2	2	12	5.5
id-07760	1	2	21	5.2
id-07761	8	6	28	5.7
id-07762	5	10	18	6.1
id-07763	6	5	13	5.1
id-07764	5	3	13	6.6
id-07765	5	8	16	5.1
id-07766	7	9	15	6.2
id-07767	3	4	23	6.8
id-07768	3	5	18	5.1
id-07769	7	7	26	5.9
id-07770	3	6	26	5.2
id-07771	10	20	24	5.6
id-07772	1	2	17	5.6
id-07773	2	4	23	6.9
id-07774	7	9	3	6.3
id-07775	1	2	29	5.7
id-07776	4	8	24	6.3
id-07777	8	16	15	5.7
id-07778	1	2	11	5.2
id-07779	6	8	12	7.0
id-07780	8	5	15	6.1
id-07781	4	3	28	5.7
id-07782	1	2	30	5.8
id-07783	1	2	21	6.7
id-07784	3	2	20	5.6
id-07785	4	8	22	5.1
id-07786	4	2	17	6.9
id-07787	10	10	22	5.9
id-07788	2	4	12	5.0
id-07789	4	2	6	6.1
id-07790	4	7	11	6.5
id-07791	9	17	10	5.7
id-07792	9	9	1	6.0
id-07793	4	5	9	6.4
id-07794	9	17	25	6.3
id-07795	5	2	4	5.1
id-07796	9	12	15	5.9
id-07797	3	5	27	6.9
id-07798	2	4	13	5.5
id-07799	4	7	20	5.1
id-07800	5	4	6	6.4
id-07801	10	9	3	6.4
id-07802	3	3	21	5.8
id-07803	1	2	25	6.8
id-07804	7	8	22	6.9
id-07805	2	2	2	6.3
id-07806	1	2	13	6.3
id-07807	10	13	28	5.9
id-07808	9	5	27	6.9
id-07809	10	13	1	5.2
id-07810	2	2	1	6.2
id-07811	2	4	16	5.8
id-07812	4	8	1	5.5
id-07813	3	6	2	6.1
id-07814	10	4	17	6.5
id-07815	2	3	16	5.0
id-07816	1	2	12	6.9
id-07817	3	2	9	5.2
id-07818	7	4	23	6.5
id-07819	9	2	20	6.4
id-07820	4	3	8	6.6
id-07821	10	5	13	6.6
id-07822	2	4	19	5.3
id-07823	3	3	5	6.0
id-07824	5	9	7	6.4
id-07825	8	14	7	7.0
id-07826	3	3	17	5.6
id-07827	1	2	3	5.2
id-07828	10	2	1	6.2
id-07829	5	7	22	5.5
id-07830	5	8	19	6.0
id-07831	2	2	20	6.9
id-07832	2	3	4	5.3
id-07833	8	16	3	6.0
id-07834	2	3	2	6.1
id-07835	10	8	7	5.8
id-07836	6	12	26	5.8
id-07837	3	4	1	5.4
id-07838	4	8	21	5.8
id-07839	5	10	22	5.2
id-07840	10	4	21	6.6
id-07841	9	8	4	6.2
id-07842	10	18	8	6.1
id-07843	6	3	19	6.8
id-07844	1	2	20	6.5
id-07845	9	3	13	6.9
id-07846	7	6	10	5.8
id-07847	2	2	21	5.6
id-07848	7	14	20	6.1
id-07849	10	17	15	5.4
id-07850	2	3	16	5.4
id-07851	10	3	27	5.2
id-07852	2	4	25	5.7
id-07853	9	13	25	6.3
id-07854	1	2	19	6.4
id-07855	9	8	23	6.1
id-07856	8	3	2	6.7
id-07857	10	12	3	6.6
id-07858	1	2	9	6.7
id-07859	7	11	12	5.4
id-07860	7	5	3	5.7
id-07861	1	2	6	6.3
id-07862	2	4	6	5.5
id-07863	1	2	7	5.8
id-07864	4	4	30	6.2
id-07865	7	8	12	5.0
id-07866	3	2	7	5.3
id-07867	7	11	21	6.1
id-07868	7	12	27	5.4
id-07869	10	6	8	5.1
id-07870	2	2	11	5.7
id-07871	5	9	29	6.0
id-07872	1	2	12	6.6
id-07873	7	7	18	6.1
id-07874	4	6	20	5.1
id-07875	5	8	21	5.9
id-07876	2	4	21	6.8
id-07877	3	4	15	5.2
id-07878	6	5	3	6.4
id-07879	5	3	17	5.4
id-07880	7	5	14	6.3
id-07881	9	12	26	6.5
id-07882	7	5	17	5.2
id-07883	7	9	13	6.8
id-07884	8	6	27	5.7
id-07885	2	2	19	6.4
id-07886	7	3	8	5.2
id-07887	5	5	17	6.6
id-07888	1	2	4	6.7
id-07889	2	2	16	6.2
id-07890	4	8	28	6.6
id-07891	1	2	8	6.1
id-07892	9	6	2	5.3
id-07893	3	6	6	6.8
id-07894	10	5	1	5.8
id-07895	1	2	28	6.1
id-07896	10	14	10	6.1
id-07897	4	3	11	6.0
id-07898	10	18	1	5.1
id-07899	9	9	28	6.7
id-07900	5	6	27	5.1
id-07901	6	11	18	5.2
id-07902	1	2	6	5.3
id-07903	1	2	11	6.4
id-07904	9	9	17	6.3
id-07905	10	17	26	6.8
id-07906	6	9	16	6.2
id-07907	6	3	17	5.3
id-07908	7	4	20	6.6
id-07909	8	16	27	5.8
id-07910	4	2	14	5.4
id-07911	3	6	19	6.2
id-07912	9	15	3	5.8
id-07913	3	5	1	6.1
id-07914	1	2	17	6.2
id-07915	10	8	24	5.7
id-07916	6	4	23	6.5
id-07917	6	3	5	6.3
id-07918	7	5	5	6.3
id-07919	3	3	15	5.8
id-07920	8	6	7	6.7
id-07921	2	2	10	5.6
id-07922	4	5	18	5.1
id-07923	2	3	11	5.4
id-07924	10	14	16	5.7
id-07925	9	11	8	5.7
id-07926	10	12	22	5.4
id-07927	3	5	29	5.9
id-07928	7	4	26	5.3
id-07929	10	15	2	5.3
id-07930	2	4	2	5.3
id-07931	2	2	4	7.0
id-07932	9	9	14	5.8
id-07933	7	11	16	5.8
id-07934	4	5	29	6.8
id-07935	8	7	10	6.4
id-07936	2	3	8	5.9
id-07937	10	11	18	7.0
id-07938	10	17	17	5.1
id-07939	7	14	11	5.6
id-07940	2	2	10	6.4
id-07941	5	2	22	5.5
id-07942	6	7	1	5.0
id-07943	3	2	14	7.0
id-07944	3	3	4	6.4
id-07945	9	8	30	7.0
id-07946	10	5	21	6.4
id-07947	4	4	1	6.4
id-07948	10	10	19	5.3
id-07949	10	7	30	6.5
id-07950	4	6	29	5.5
id-07951	8	14	29	6.8
id-07952	2	4	24	5.7
id-07953	7	6	21	6.8
id-07954	3	5	28	6.6
id-07955	7	4	24	5.6
id-07956	7	4	13	6.0
id-07957	7	10	5	6.2
id-07958	2	2	29	6.2
id-07959	2	3	9	5.2
id-07960	10	8	29	6.0
id-07961	2	4	5	5.4
id-07962	6	4	10	5.3
id-07963	5	9	22	6.2
id-07964	10	16	29	6.8
id-07965	7	5	3	5.7
id-07966	2	4	9	6.4
id-07967	4	8	1	6.2
id-07968	7	12	28	5.1
id-07969	5	4	26	5.8
id-07970	5	9	16	6.2
id-07971	4	8	21	6.7
id-07972	1	2	15	5.2
id-07973	3	5	29	5.3
id-07974	2	3	4	5.3
id-07975	1	2	30	5.9
id-07976	3	6	5	5.1
id-07977	4	8	6	6.3
id-07978	2	3	11	6.2
id-07979	2	4	9	6.3
id-07980	10	16	1	6.2
id-07981	7	5	6	6.3
id-07982	5	6	14	6.9
id-07983	4	5	7	5.9
id-07984	8	9	13	5.5
id-07985	7	14	6	5.4
id-07986	8	4	14	6.0
id-07987	9	5	6	6.5
id-07988	7	5	27	5.1
id-07989	6	5	25	5.2
id-07990	2	2	12	6.4
id-07991	9	16	1	5.8
id-07992	3	4	6	6.9
id-07993	1	2	21	5.4
id-07994	10	15	13	5.5
id-07995	8	2	6	6.9
id-07996	5	7	21	5.2
id-07997	1	2	16	6.1
id-07998	7	7	9	6.8
id-07999	9	14	28	6.7
id-08000	10	20	28	6.6
id-08001	2	2	21	6.8
id-08002	6	4	2	6.7
id-08003	3	4	16	6.6
id-08004	8	8	14	5.6
id-08005	1	2	25	6.3
id-08006	10	8	17	6.1
id-08007	10	12	4	5.9
id-08008	4	7	14	5.0
id-08009	5	5	16	5.7
id-08010	10	13	9	5.4
id-08011	4	7	29	6.4
id-08012	2	3	25	5.2
id-08013	2	2	12	6.8
id-08014	10	3	10	6.5
id-08015	5	2	30	6.0
id-08016	8	14	27	6.2
id-08017	1	2	27	5.8
id-08018	8	8	2	5.0
id-08019	10	6	26	6.6
id-08020	7	10	1	5.7
id-08021	10	6	18	6.8
id-08022	6	11	20	5.4
id-08023	5	5	7	6.1
id-08024	8	7	27	5.1
id-08025	2	4	5	5.5
id-08026	9	17	11	6.0
id-08027	1	2	5	5.2
id-08028	2	3	4	5.2
id-08029	9	12	2	5.4
id-08030	5	8	17	6.8
id-08031	6	5	25	5.4
id-08032	5	4	27	6.9
id-08033	2	3	15	6.7
id-08034	4	3	8	5.3
id-08035	1	2	3	5.8
id-08036	7	11	22	6.2
id-08037	7	4	5	6.2
id-08038	8	15	11	6.6
id-08039	10	7	2	6.3
id-08040	2	4	15	6.1
id-08041	7	8	4	5.2
id-08042	4	6	16	6.0
id-08043	2	3	13	6.6
id-08044	4	8	13	6.7
id-08045	7	8	27	6.2
id-08046	10	3	12	5.8
id-08047	2	3	23	6.4
id-08048	1	2	29	6.1
id-08049	10	12	27	6.8
id-08050	5	9	19	6.7
id-08051	2	4	21	6.8
id-08052	2	4	28	5.8
id-08053	2	4	8	6.3
id-08054	4	2	19	5.0
id-08055	3	3	19	6.6
id-08056	6	2	11	5.9
id-08057	6	6	10	6.2
id-08058	5	8	26	6.7
id-08059	6	4	21	6.6
id-08060	10	4	18	6.0
id-08061	9	2	25	6.0
id-08062	5	8	23	6.5
id-08063	10	16	26	6.3
id-08064	4	2	8	5.1
id-08065	9	16	19	6.7
id-08066	3	6	14	5.5
id-08067	7	3	4	6.1
id-08068	10	13	3	6.6
id-08069	8	2	1	6.3
id-08070	3	3	15	6.8
id-08071	4	4	21	6.2
id-08072	6	7	11	5.7
id-08073	4	3	27	5.7
id-08074	3	6	11	6.5
id-08075	1	2	15	6.4
id-08076	1	2	2	6.5
id-08077	3	6	4	6.6
id-08078	7	11	12	6.7
id-08079	3	5	11	6.7
id-08080	2	4	24	5.1
id-08081	4	5	20	5.1
id-08082	1	2	10	5.1
id-08083	3	3	11	5.8
id-08084	10	15	7	6.2
id-08085	6	7	3	6.7
id-08086	3	3	22	5.7
id-08087	10	18	30	6.7
id-08088	3	3	2	5.4
id-08089	6	11	11	6.4
id-08090	5	9	30	6.7
id-08091	5	7	27	6.3
id-08092	2	3	23	6.8
id-08093	6	5	22	6.2
id-08094	9	8	6	5.5
id-08095	1	2	21	6.3
id-08096	4	7	18	5.1
id-08097	4	4	17	6.5
id-08098	8	9	22	6.9
id-08099	5	8	25	6.3
id-08100	6	4	17	6.2
id-08101	4	4	9	5.1
id-08102	2	2	26	5.3
id-08103	1	2	9	5.4
id-08104	5	5	28	7.0
id-08105	4	5	10	5.8
id-08106	3	6	22	5.6
id-08107	5	8	22	5.0
id-08108	1	2	30	5.4
id-08109	4	5	19	6.6
id-08110	5	5	11	5.8
id-08111	4	7	11	7.0
id-08112	3	5	7	6.8
id-08113	3	2	23	6.1
id-08114	10	17	7	6.9
id-08115	8	3	13	6.1
id-08116	6	5	5	6.9
id-08117	2	3	29	5.8
id-08118	4	4	15	5.3
id-08119	10	10	12	6.6
id-08120	5	6	24	6.9
id-08121	6	3	23	5.8
id-08122	10	13	19	5.1
id-08123	10	12	18	5.3
id-08124	8	8	27	6.9
id-08125	6	5	18	5.5
id-08126	4	8	9	5.4
id-08127	1	2	22	6.8
id-08128	1	2	4	5.2
id-08129	1	2	4	5.9
id-08130	4	6	18	6.2
id-08131	9	12	29	6.2
id-08132	1	2	11	5.3
id-08133	8	13	3	5.5
id-08134	4	3	17	6.8
id-08135	6	11	25	5.9
id-08136	8	6	29	6.7
id-08137	6	2	14	5.9
id-08138	5	4	17	6.0
id-08139	3	6	1	5.4
id-08140	5	8	17	5.6
id-08141	9	9	2	5.6
id-08142	10	11	25	6.2
id-08143	2	3	19	5.5
id-08144	2	2	14	5.2
id-08145	10	13	18	6.4
id-08146	3	4	19	6.2
id-08147	6	3	30	6.3
id-08148	5	8	15	6.6
id-08149	8	7	7	5.7
id-08150	2	4	1	5.8
id-08151	6	11	21	6.5
id-08152	2	2	15	5.7
id-08153	6	7	23	5.0
id-08154	2	2	17	6.7
id-08155	5	7	29	6.1
id-08156	5	4	21	6.4
id-08157	2	4	23	5.1
id-08158	3	3	7	6.5
id-08159	9	15	25	7.0
id-08160	9	15	8	7.0
id-08161	8	6	9	5.8
id-08162	7	2	11	6.5
id-08163	1	2	29	5.8
id-08164	10	18	11	5.0
id-08165	8	15	30	5.3
id-08166	2	3	22	5.9
id-08167	5	9	19	6.4
id-08168	8	6	29	6.9
id-08169	9	4	25	5.8
id-08170	2	2	17	5.7
id-08171	5	8	29	5.1
id-08172	5	7	12	6.7
id-08173	7	4	28	5.6
id-08174	7	8	18	6.0
id-08175	7	14	21	6.5
id-08176	2	4	23	5.6
id-08177	7	2	18	6.4
id-08178	10	18	10	6.6
id-08179	5	3	8	5.0
id-08180	6	9	8	5.5
id-08181	9	11	24	5.7
id-08182	8	6	17	6.7
id-08183	3	3	25	6.4
id-08184	10	6	3	5.6
id-08185	1	2	10	6.0
id-08186	6	7	3	6.8
id-08187	7	4	28	6.6
id-08188	9	8	5	5.7
id-08189	9	6	23	5.9
id-08190	4	8	24	6.4
id-08191	2	3	19	6.7
id-08192	7	6	7	6.3
id-08193	1	2	19	5.0
id-08194	5	8	19	5.8
id-08195	8	13	17	6.7
id-08196	9	18	15	6.8
id-08197	1	2	2	5.0
id-08198	10	18	13	6.1
id-08199	5	5	18	6.6
id-08200	7	12	21	5.1
id-08201	5	5	4	6.5
id-08202	5	3	8	6.4
id-08203	1	2	9	6.7
id-08204	1	2	22	6.2
id-08205	8	15	9	6.9
id-08206	5	2	9	6.4
id-08207	7	9	4	6.7
id-08208	7	14	27	5.9
id-08209	5	10	15	6.3
id-08210	3	3	18	6.9
id-08211	10	4	23	6.2
id-08212	10	2	14	5.8
id-08213	7	13	3	6.9
id-08214	6	10	14	5.2
id-08215	6	8	12	5.9
id-08216	1	2	28	6.6
id-08217	10	10	24	6.9
id-08218	2	3	29	5.4
id-08219	4	4	26	6.3
id-08220	10	19	1	6.6
id-08221	4	2	17	6.4
id-08222	8	7	15	6.8
id-08223	5	9	25	6.4
id-08224	8	12	27	5.1
id-08225	8	8	22	5.3
id-08226	2	4	4	5.8
id-08227	5	2	23	6.8
id-08228	2	3	23	5.0
id-08229	2	3	1	6.9
id-08230	10	7	11	6.0
id-08231	10	14	4	5.8
id-08232	7	13	12	6.2
id-08233	4	4	29	5.5
id-08234	3	6	30	5.6
id-08235	3	6	14	5.7
id-08236	1	2	26	6.8
id-08237	5	4	21	6.0
id-08238	5	6	27	5.1
id-08239	4	4	2	6.4
id-08240	10	15	30	6.5
id-08241	2	4	24	6.5
id-08242	8	9	3	5.1
id-08243	8	16	5	5.6
id-08244	1	2	25	5.7
id-08245	10	16	28	6.5
id-08246	10	18	19	6.8
id-08247	4	5	6	5.0
id-08248	7	14	13	6.6
id-08249	4	5	26	5.7
id-08250	3	4	25	6.9
id-08251	3	3	30	5.4
id-08252	2	2	12	5.5
id-08253	3	4	3	5.5
id-08254	7	3	6	5.5
id-08255	2	2	2	6.2
id-08256	6	9	12	5.5
id-08257	3	3	23	5.6
id-08258	8	11	29	5.6
id-08259	4	2	5	5.8
id-08260	10	20	29	7.0
id-08261	3	5	8	6.5
id-08262	10	18	4	6.7
id-08263	6	8	15	6.0
id-08264	4	5	22	5.5
id-08265	9	10	2	5.8
id-08266	10	4	19	6.5
id-08267	9	9	27	6.2
id-08268	5	9	27	6.4
id-08269	9	5	24	6.5
id-08270	7	8	12	5.6
id-08271	4	2	22	5.5
id-08272	1	2	5	6.8
id-08273	4	8	1	6.7
id-08274	4	7	19	5.9
id-08275	7	7	21	6.4
id-08276	7	2	26	6.4
id-08277	5	10	6	5.4
id-08278	5	6	6	6.7
id-08279	4	7	18	5.1
id-08280	6	2	13	6.0
id-08281	4	5	22	6.3
id-08282	8	15	22	5.8
id-08283	10	11	11	5.6
id-08284	9	14	19	6.1
id-08285	6	11	7	6.4
id-08286	6	2	17	5.0
id-08287	6	3	4	6.6
id-08288	5	8	4	5.5
id-08289	2	3	18	6.7
id-08290	1	2	25	6.1
id-08291	2	2	21	5.6
id-08292	4	8	27	6.5
id-08293	10	19	24	5.6
id-08294	4	3	25	5.9
id-08295	6	12	17	6.6
id-08296	2	4	13	6.2
id-08297	1	2	23	6.1
id-08298	2	2	20	5.0
id-08299	2	3	29	6.4
id-08300	3	6	17	6.9
id-08301	6	5	18	6.9
id-08302	5	2	11	6.4
id-08303	10	5	26	5.2
id-08304	5	5	4	5.1
id-08305	8	14	17	7.0
id-08306	1	2	3	6.6
id-08307	5	9	12	6.8
id-08308	10	15	8	6.4
id-08309	10	2	3	6.0
id-08310	8	3	30	6.6
id-08311	10	4	24	5.5
id-08312	3	6	21	5.1
id-08313	1	2	27	6.5
id-08314	2	2	26	5.9
id-08315	9	18	22	5.7
id-08316	8	11	27	6.8
id-08317	7	14	6	5.4
id-08318	10	3	26	6.1
id-08319	7	3	3	5.9
id-08320	9	13	27	6.9
id-08321	4	5	16	5.7
id-08322	1	2	3	5.5
id-08323	3	3	24	6.2
id-08324	7	2	16	5.1
id-08325	7	4	16	5.1
id-08326	6	3	17	6.7
id-08327	1	2	18	5.6
id-08328	5	9	9	6.3
id-08329	8	12	14	6.4
id-08330	5	7	28	5.8
id-08331	7	3	4	6.3
id-08332	7	7	18	5.5
id-08333	3	6	5	5.7
id-08334	3	4	8	6.8
id-08335	10	9	5	6.8
id-08336	8	15	1	6.3
id-08337	4	6	21	5.1
id-08338	9	4	14	6.5
id-08339	9	8	13	5.2
id-08340	4	8	21	5.7
id-08341	1	2	24	6.0
id-08342	7	3	18	5.7
id-08343	6	7	29	6.9
id-08344	4	6	13	5.8
id-08345	8	14	1	6.6
id-08346	6	10	20	6.0
id-08347	3	5	27	6.5
id-08348	1	2	17	5.4
id-08349	3	6	8	6.8
id-08350	4	5	23	5.0
id-08351	4	2	30	5.4
id-08352	5	7	29	6.5
id-08353	3	6	29	5.2
id-08354	8	13	1	6.8
id-08355	5	9	19	5.1
id-08356	3	2	6	6.3
id-08357	3	2	25	6.1
id-08358	3	2	12	5.4
id-08359	7	2	25	7.0
id-08360	10	2	30	6.6
id-08361	5	10	20	5.9
id-08362	10	19	11	5.0
id-08363	8	15	25	6.9
id-08364	3	3	28	6.1
id-08365	6	3	7	6.4
id-08366	5	6	23	6.1
id-08367	5	9	13	6.3
id-08368	9	17	21	6.6
id-08369	8	16	11	5.5
id-08370	5	5	9	5.8
id-08371	9	16	19	5.5
id-08372	8	10	19	5.5
id-08373	7	2	5	6.8
id-08374	8	11	10	6.8
id-08375	3	5	10	6.0
id-08376	7	8	29	5.2
id-08377	6	9	13	5.1
id-08378	3	2	2	6.3
id-08379	2	4	16	5.3
id-08380	10	3	30	5.4
id-08381	8	8	2	6.3
id-08382	4	2	17	5.2
id-08383	8	7	6	5.5
id-08384	5	5	16	5.1
id-08385	8	12	1	6.0
id-08386	3	2	5	5.8
id-08387	1	2	9	5.3
id-08388	9	16	5	7.0
id-08389	2	4	20	7.0
id-08390	2	2	19	6.7
id-08391	1	2	30	6.1
id-08392	5	10	23	5.5
id-08393	6	12	25	6.7
id-08394	3	4	14	5.2
id-08395	3	2	30	5.8
id-08396	2	2	3	5.1
id-08397	1	2	9	5.7
id-08398	3	4	4	6.8
id-08399	10	4	14	6.5
id-08400	8	9	29	7.0
id-08401	6	7	1	5.7
id-08402	7	2	17	5.6
id-08403	8	6	22	5.1
id-08404	5	7	12	5.4
id-08405	7	14	18	5.0
id-08406	6	10	2	6.2
id-08407	2	4	6	6.2
id-08408	1	2	11	5.7
id-08409	7	2	28	5.3
id-08410	3	6	3	5.9
id-08411	7	3	10	5.8
id-08412	9	11	18	6.2
id-08413	5	4	25	5.5
id-08414	7	10	11	5.5
id-08415	5	6	11	6.2
id-08416	2	3	8	5.1
id-08417	7	13	30	6.3
id-08418	9	4	19	6.9
id-08419	2	4	23	6.6
id-08420	7	10	8	6.2
id-08421	8	13	9	5.6
id-08422	4	8	7	6.3
id-08423	5	8	14	6.9
id-08424	2	3	24	5.3
id-08425	7	4	14	5.5
id-08426	8	10	27	6.4
id-08427	1	2	20	6.4
id-08428	9	6	14	6.9
id-08429	1	2	14	5.8
id-08430	2	3	11	6.6
id-08431	5	6	25	6.3
id-08432	7	5	15	6.8
id-08433	1	2	30	5.1
id-08434	3	5	8	5.6
id-08435	9	5	2	6.0
id-08436	1	2	21	5.8
id-08437	4	2	27	5.3
id-08438	5	4	27	5.1
id-08439	1	2	18	6.6
id-08440	5	6	30	5.6
id-08441	1	2	18	6.2
id-08442	3	3	9	6.0
id-08443	8	7	15	6.6
id-08444	8	3	3	5.7
id-08445	3	2	3	6.7
id-08446	3	6	15	5.4
id-08447	6	2	20	6.8
id-08448	6	6	26	5.4
id-08449	3	6	21	5.6
id-08450	10	6	2	6.7
id-08451	2	4	20	5.2
id-08452	7	3	16	5.1
id-08453	7	14	5	6.2
id-08454	9	17	15	5.0
id-08455	2	3	23	6.1
id-08456	9	11	25	7.0
id-08457	9	13	21	6.5
id-08458	5	2	25	5.3
id-08459	4	3	8	5.6
id-08460	3	3	21	6.1
id-08461	5	10	12	6.6
id-08462	1	2	17	6.8
id-08463	1	2	26	7.0
id-08464	2	2	28	6.8
id-08465	4	7	22	5.8
id-08466	3	2	5	6.4
id-08467	8	5	30	6.1
id-08468	4	6	2	5.6
id-08469	5	6	7	7.0
id-08470	3	2	2	6.0
id-08471	2	4	21	5.8
id-08472	7	7	27	6.1
id-08473	6	4	3	5.9
id-08474	2	2	28	6.4
id-08475	4	6	27	5.2
id-08476	5	6	21	6.9
id-08477	10	8	19	6.7
id-08478	4	7	11	6.1
id-08479	9	12	29	6.5
id-08480	5	2	24	6.7
id-08481	2	4	6	5.1
id-08482	2	2	7	5.7
id-08483	6	3	4	5.7
id-08484	4	6	23	5.9
id-08485	7	3	1	5.8
id-08486	7	8	2	6.0
id-08487	1	2	4	5.3
id-08488	6	10	29	6.8
id-08489	7	12	10	6.9
id-08490	7	5	14	7.0
id-08491	9	4	24	5.9
id-08492	9	11	21	5.9
id-08493	9	2	18	5.5
id-08494	6	3	7	6.8
id-08495	5	10	10	5.7
id-08496	2	3	14	6.4
id-08497	4	6	23	6.4
id-08498	8	9	8	5.8
id-08499	10	16	8	6.0
id-08500	8	8	11	5.1
id-08501	6	11	7	5.7
id-08502	1	2	21	5.1
id-08503	2	3	13	5.7
id-08504	1	2	6	6.1
id-08505	7	2	9	6.5
id-08506	3	6	1	5.7
id-08507	3	4	23	6.9
id-08508	1	2	22	5.4
id-08509	4	7	15	5.6
id-08510	9	15	12	6.0
id-08511	10	12	1	5.3
id-08512	5	6	22	5.5
id-08513	4	5	19	5.5
id-08514	5	4	23	6.0
id-08515	1	2	11	6.2
id-08516	8	12	23	5.8
id-08517	3	3	10	6.0
id-08518	4	2	4	5.4
id-08519	5	6	18	6.3
id-08520	7	6	21	6.7
id-08521	6	2	26	6.9
id-08522	3	2	28	7.0
id-08523	8	2	16	6.6
id-08524	5	7	11	6.2
id-08525	5	5	1	5.0
id-08526	7	8	17	6.2
id-08527	5	2	11	5.6
id-08528	6	4	8	5.9
id-08529	3	3	14	5.7
id-08530	6	6	4	5.4
id-08531	5	6	12	6.2
id-08532	10	8	24	5.4
id-08533	1	2	25	6.6
id-08534	2	3	25	6.8
id-08535	7	10	9	6.4
id-08536	7	3	13	6.1
id-08537	7	10	19	6.8
id-08538	1	2	1	6.6
id-08539	9	12	6	5.0
id-08540	6	10	18	6.0
id-08541	9	5	19	5.8
id-08542	7	9	27	6.7
id-08543	7	14	4	5.0
id-08544	9	18	15	5.5
id-08545	6	7	8	6.7
id-08546	2	2	28	5.6
id-08547	7	7	11	6.8
id-08548	7	2	12	5.2
id-08549	3	2	19	6.9
id-08550	3	5	29	5.5
id-08551	8	14	10	5.2
id-08552	6	11	20	6.7
id-08553	6	6	12	5.9
id-08554	10	2	30	5.5
id-08555	6	2	8	6.7
id-08556	5	7	11	6.9
id-08557	9	14	26	6.9
id-08558	3	3	3	6.3
id-08559	2	2	1	5.4
id-08560	4	6	17	6.3
id-08561	1	2	5	5.1
id-08562	3	4	29	6.5
id-08563	8	2	6	5.4
id-08564	1	2	29	5.0
id-08565	2	2	13	5.4
id-08566	2	2	6	5.9
id-08567	6	5	18	6.5
id-08568	9	7	25	6.7
id-08569	6	9	2	6.6
id-08570	8	4	22	6.7
id-08571	1	2	21	5.4
id-08572	6	4	17	5.5
id-08573	3	6	14	5.1
id-08574	5	4	13	6.4
id-08575	9	4	24	6.3
id-08576	1	2	30	5.7
id-08577	4	5	6	5.7
id-08578	1	2	20	6.6
id-08579	8	2	1	5.4
id-08580	9	13	3	6.4
id-08581	7	13	15	5.6
id-08582	1	2	15	5.1
id-08583	4	8	4	6.1
id-08584	8	3	25	5.5
id-08585	10	2	11	6.8
id-08586	8	5	10	6.6
id-08587	7	12	21	5.4
id-08588	6	12	6	6.2
id-08589	1	2	28	5.4
id-08590	10	12	28	5.0
id-08591	8	15	30	5.6
id-08592	8	6	3	5.5
id-08593	9	9	1	6.8
id-08594	9	9	23	6.0
id-08595	6	8	20	6.3
id-08596	2	3	18	6.2
id-08597	8	16	8	6.8
id-08598	8	14	2	5.7
id-08599	7	7	27	5.4
id-08600	2	3	1	5.7
id-08601	8	14	18	6.1
id-08602	3	6	29	5.4
id-08603	4	4	18	5.7
id-08604	7	6	1	6.4
id-08605	4	8	2	6.5
id-08606	9	6	29	5.1
id-08607	5	7	15	6.0
id-08608	2	2	10	6.2
id-08609	6	6	9	6.1
id-08610	7	4	16	5.7
id-08611	3	6	20	5.5
id-08612	4	7	19	5.7
id-08613	6	2	4	6.5
id-08614	7	8	8	5.3
id-08615	9	18	19	6.1
id-08616	3	2	26	6.1
id-08617	4	2	16	5.3
id-08618	4	6	8	5.1
id-08619	5	5	25	6.7
id-08620	7	9	19	6.7
id-08621	5	6	24	6.8
id-08622	7	13	3	5.2
id-08623	9	16	7	6.9
id-08624	4	8	16	6.9
id-08625	7	14	3	5.9
id-08626	4	8	1	5.8
id-08627	2	4	13	5.5
id-08628	10	16	11	6.7
id-08629	1	2	13	6.1
id-08630	9	3	20	5.3
id-08631	4	3	28	5.9
id-08632	2	2	12	6.2
id-08633	10	4	4	6.3
id-08634	6	8	21	6.3
id-08635	3	4	25	6.4
id-08636	4	4	17	6.6
id-08637	7	10	9	5.9
id-08638	9	2	16	6.4
id-08639	1	2	22	5.9
id-08640	7	8	19	6.3
id-08641	3	2	19	6.7
id-08642	3	6	23	5.1
id-08643	7	7	13	6.5
id-08644	1	2	27	6.2
id-08645	9	13	13	5.9
id-08646	4	4	17	6.6
id-08647	10	4	15	6.4
id-08648	3	4	27	5.1
id-08649	9	13	18	6.0
id-08650	1	2	14	6.4
id-08651	1	2	16	6.1
id-08652	10	6	17	5.4
id-08653	3	6	1	5.2
id-08654	1	2	24	6.8
id-08655	9	5	24	6.4
id-08656	7	3	7	5.8
id-08657	10	13	11	5.0
id-08658	9	12	26	5.1
id-08659	6	10	7	5.8
id-08660	7	2	5	6.8
id-08661	4	3	13	6.6
id-08662	1	2	25	5.1
id-08663	1	2	14	6.3
id-08664	2	3	14	6.4
id-08665	4	6	23	5.1
id-08666	4	4	11	5.5
id-08667	2	2	12	5.8
id-08668	10	8	20	5.8
id-08669	4	4	6	5.1
id-08670	2	2	22	5.5
id-08671	3	6	1	5.4
id-08672	4	6	19	5.0
id-08673	9	7	18	6.9
id-08674	2	2	5	5.7
id-08675	7	9	25	6.6
id-08676	8	13	22	5.2
id-08677	3	5	25	6.0
id-08678	7	14	18	6.5
id-08679	7	2	27	5.6
id-08680	2	2	3	6.4
id-08681	7	7	27	5.8
id-08682	1	2	8	5.2
id-08683	2	2	26	5.2
id-08684	1	2	3	6.9
id-08685	10	8	30	6.0
id-08686	8	15	4	6.4
id-08687	8	15	8	5.4
id-08688	3	6	17	5.9
id-08689	9	3	15	6.9
id-08690	8	6	29	6.5
id-08691	1	2	3	6.0
id-08692	6	12	26	6.8
id-08693	7	9	27	6.5
id-08694	7	7	1	5.3
id-08695	5	3	2	6.5
id-08696	6	10	14	5.7
id-08697	7	9	29	5.9
id-08698	3	5	4	6.6
id-08699	5	10	19	6.5
id-08700	1	2	20	5.7
id-08701	10	9	7	5.2
id-08702	5	7	6	5.9
id-08703	1	2	13	5.5
id-08704	9	9	30	6.2
id-08705	9	12	9	6.7
id-08706	9	13	8	6.8
id-08707	10	5	13	5.5
id-08708	8	7	13	5.7
id-08709	2	4	15	6.5
id-08710	7	4	21	6.4
id-08711	4	6	7	5.6
id-08712	9	11	17	6.0
id-08713	4	4	12	5.0
id-08714	9	16	29	6.1
id-08715	8	3	1	5.2
id-08716	3	4	9	6.8
id-08717	4	8	7	5.7
id-08718	6	8	23	5.8
id-08719	1	2	29	6.5
id-08720	8	13	20	5.1
id-08721	7	13	19	5.0
id-08722	10	17	9	6.5
id-08723	3	5	16	6.2
id-08724	8	7	12	6.6
id-08725	3	2	24	6.9
id-08726	4	2	14	6.4
id-08727	3	2	21	5.8
id-08728	10	16	10	6.1
id-08729	9	16	23	5.2
id-08730	2	2	26	5.8
id-08731	9	3	19	5.0
id-08732	7	12	28	5.5
id-08733	9	5	6	5.3
id-08734	5	8	2	5.9
id-08735	5	9	28	6.1
id-08736	10	15	30	5.9
id-08737	2	3	26	5.8
id-08738	8	7	29	6.3
id-08739	5	2	27	5.5
id-08740	10	17	27	6.2
id-08741	1	2	1	5.9
id-08742	5	4	3	5.7
id-08743	1	2	6	5.3
id-08744	2	3	4	5.7
id-08745	4	4	10	5.4
id-08746	10	13	23	6.9
id-08747	2	2	12	5.4
id-08748	3	2	18	5.4
id-08749	4	6	4	6.5
id-08750	10	4	13	5.7
id-08751	9	13	12	5.7
id-08752	3	4	30	5.8
id-08753	9	2	15	6.2
id-08754	1	2	15	6.8
id-08755	5	10	10	6.3
id-08756	2	4	14	5.7
id-08757	6	9	18	5.6
id-08758	7	11	12	5.5
id-08759	10	19	5	6.3
id-08760	9	4	6	5.8
id-08761	3	5	27	6.6
id-08762	8	3	18	6.1
id-08763	3	5	4	6.7
id-08764	10	15	21	6.2
id-08765	9	14	27	5.3
id-08766	5	5	2	6.2
id-08767	5	9	21	5.7
id-08768	1	2	12	5.4
id-08769	10	4	13	6.4
id-08770	6	10	30	5.6
id-08771	1	2	26	6.3
id-08772	3	2	6	6.7
id-08773	4	7	27	6.0
id-08774	7	13	5	7.0
id-08775	7	13	26	6.4
id-08776	6	8	19	5.2
id-08777	7	5	10	5.0
id-08778	9	14	21	5.9
id-08779	1	2	15	6.2
id-08780	1	2	17	5.5
id-08781	6	9	4	5.7
id-08782	3	6	19	5.2
id-08783	1	2	28	5.4
id-08784	10	15	18	5.1
id-08785	1	2	1	7.0
id-08786	10	5	7	6.3
id-08787	9	10	6	5.8
id-08788	1	2	4	6.0
id-08789	4	3	20	6.8
id-08790	7	10	10	5.7
id-08791	1	2	8	5.6
id-08792	1	2	16	5.6
id-08793	8	11	20	5.6
id-08794	1	2	28	6.0
id-08795	7	9	10	5.7
id-08796	2	2	17	6.2
id-08797	8	2	22	5.9
id-08798	10	6	3	5.0
id-08799	2	3	21	5.8
id-08800	5	9	21	5.9
id-08801	2	4	7	5.2
id-08802	9	6	28	5.5
id-08803	2	4	24	7.0
id-08804	1	2	1	6.8
id-08805	5	9	3	5.9
id-08806	1	2	14	5.8
id-08807	8	13	26	5.7
id-08808	1	2	5	5.3
id-08809	1	2	19	6.2
id-08810	6	4	26	5.4
id-08811	6	7	11	6.0
id-08812	6	6	5	5.8
id-08813	4	8	10	5.8
id-08814	8	6	11	5.3
id-08815	9	12	2	5.7
id-08816	8	16	20	5.5
id-08817	2	4	2	5.5
id-08818	1	2	18	5.3
id-08819	8	9	16	5.8
id-08820	7	3	22	5.4
id-08821	6	5	6	6.3
id-08822	10	4	14	6.4
id-08823	2	2	22	5.6
id-08824	1	2	12	5.2
id-08825	5	5	16	5.2
id-08826	4	7	21	6.2
id-08827	8	13	17	7.0
id-08828	6	9	13	6.6
id-08829	6	8	3	5.5
id-08830	5	10	16	5.5
id-08831	4	3	22	6.9
id-08832	5	6	14	6.7
id-08833	3	4	16	6.7
id-08834	4	2	19	6.4
id-08835	2	4	23	6.5
id-08836	8	10	8	5.6
id-08837	2	2	25	5.6
id-08838	4	2	20	6.0
id-08839	4	8	10	6.3
id-08840	9	15	18	5.8
id-08841	4	4	30	5.6
id-08842	9	12	5	5.3
id-08843	7	5	2	5.8
id-08844	1	2	17	6.4
id-08845	3	5	13	5.8
id-08846	9	10	21	6.4
id-08847	3	3	14	5.4
id-08848	4	7	26	5.2
id-08849	7	4	25	5.4
id-08850	4	4	11	6.2
id-08851	10	14	10	5.1
id-08852	9	15	26	5.5
id-08853	8	16	12	6.1
id-08854	10	7	8	6.1
id-08855	4	7	24	6.3
id-08856	10	15	13	5.1
id-08857	1	2	3	5.5
id-08858	2	4	19	5.3
id-08859	7	6	3	5.7
id-08860	5	9	11	6.3
id-08861	5	9	17	5.9
id-08862	1	2	16	5.3
id-08863	6	2	25	5.4
id-08864	5	3	3	5.5
id-08865	5	9	8	5.0
id-08866	10	3	21	5.4
id-08867	7	9	18	5.1
id-08868	1	2	16	5.1
id-08869	3	5	5	7.0
id-08870	10	6	29	5.3
id-08871	2	3	29	6.3
id-08872	9	15	21	6.3
id-08873	6	8	18	5.2
id-08874	6	12	1	5.6
id-08875	4	6	25	5.5
id-08876	1	2	6	5.8
id-08877	8	2	30	5.9
id-08878	4	8	26	5.8
id-08879	2	2	8	6.2
id-08880	1	2	8	5.6
id-08881	10	9	11	7.0
id-08882	10	19	20	6.1
id-08883	5	9	19	5.8
id-08884	5	3	23	6.5
id-08885	1	2	15	5.5
id-08886	10	6	18	5.8
id-08887	3	3	9	7.0
id-08888	3	6	28	5.7
id-08889	10	18	19	5.3
id-08890	4	4	9	5.2
id-08891	2	3	8	5.6
id-08892	9	9	9	5.5
id-08893	3	5	2	6.2
id-08894	2	4	8	6.9
id-08895	6	6	3	6.9
id-08896	4	7	4	6.4
id-08897	2	3	26	6.6
id-08898	3	2	20	5.7
id-08899	10	18	22	6.3
id-08900	4	8	9	5.8
id-08901	6	4	29	6.6
id-08902	1	2	19	5.8
id-08903	1	2	9	6.5
id-08904	9	8	16	6.6
id-08905	9	13	9	6.6
id-08906	6	6	1	6.2
id-08907	6	4	17	5.4
id-08908	8	4	1	6.8
id-08909	5	8	4	6.1
id-08910	1	2	27	5.3
id-08911	10	14	10	5.6
id-08912	8	15	10	7.0
id-08913	8	16	17	5.6
id-08914	3	6	21	6.4
id-08915	2	3	24	6.7
id-08916	3	2	2	6.1
id-08917	1	2	23	6.1
id-08918	2	4	8	6.1
id-08919	6	7	7	5.6
id-08920	5	10	9	5.1
id-08921	2	4	1	5.9
id-08922	6	3	7	5.4
id-08923	5	6	20	5.3
id-08924	1	2	19	5.5
id-08925	6	2	8	6.9
id-08926	5	10	1	6.7
id-08927	7	8	8	6.5
id-08928	8	13	20	6.5
id-08929	3	6	4	5.6
id-08930	2	2	9	5.7
id-08931	3	6	4	5.0
id-08932	7	3	10	5.9
id-08933	1	2	17	6.4
id-08934	5	5	30	5.1
id-08935	4	7	13	5.7
id-08936	7	5	27	6.2
id-08937	6	10	4	6.3
id-08938	4	2	9	6.3
id-08939	9	12	21	6.6
id-08940	7	6	13	6.9
id-08941	8	7	12	5.7
id-08942	8	8	6	6.5
id-08943	10	20	27	6.6
id-08944	10	14	14	6.4
id-08945	3	3	21	6.4
id-08946	3	3	9	6.2
id-08947	3	5	26	5.6
id-08948	10	5	27	5.4
id-08949	1	2	19	6.0
id-08950	7	10	24	5.5
id-08951	6	9	10	6.6
id-08952	6	5	11	5.5
id-08953	6	5	11	6.5
id-08954	6	3	20	5.6
id-08955	3	3	15	5.9
id-08956	10	19	12	5.7
id-08957	2	3	3	6.5
id-08958	2	4	20	6.6
id-08959	8	9	17	6.6
id-08960	9	16	18	5.6
id-08961	10	8	14	5.1
id-08962	1	2	1	6.8
id-08963	5	2	21	6.0
id-08964	6	5	30	5.9
id-08965	3	3	23	6.7
id-08966	9	6	21	6.9
id-08967	7	9	19	5.8
id-08968	4	8	28	6.2
id-08969	10	19	28	6.1
id-08970	6	3	24	5.7
id-08971	7	13	9	5.1
id-08972	6	2	26	6.9
id-08973	6	10	15	5.8
id-08974	1	2	9	5.9
id-08975	2	3	14	7.0
id-08976	1	2	4	6.6
id-08977	2	4	2	5.1
id-08978	2	2	30	5.5
id-08979	9	11	27	6.0
id-08980	7	5	25	5.8
id-08981	9	3	7	5.0
id-08982	3	5	13	6.4
id-08983	4	8	25	6.6
id-08984	5	7	5	5.1
id-08985	1	2	14	5.8
id-08986	6	5	29	5.6
id-08987	6	10	20	5.1
id-08988	1	2	23	6.5
id-08989	7	13	18	5.3
id-08990	7	2	21	5.3
id-08991	7	4	17	5.2
id-08992	10	19	8	6.4
id-08993	3	2	16	6.5
id-08994	4	4	23	6.9
id-08995	4	6	21	5.6
id-08996	10	14	19	5.5
id-08997	7	5	12	5.5
id-08998	10	17	16	6.9
id-08999	3	4	21	6.0
id-09000	7	5	11	5.5
id-09001	6	4	29	6.9
id-09002	8	15	9	5.9
id-09003	3	3	5	5.8
id-09004	7	9	22	6.4
id-09005	7	14	27	5.6
id-09006	9	2	30	6.4
id-09007	3	5	29	5.2
id-09008	5	5	21	5.9
id-09009	9	10	12	5.7
id-09010	1	2	13	6.9
id-09011	6	10	2	5.6
id-09012	1	2	20	5.7
id-09013	8	16	20	6.9
id-09014	6	4	23	7.0
id-09015	7	6	5	7.0
id-09016	6	11	8	5.7
id-09017	10	2	5	6.5
id-09018	10	15	25	5.2
id-09019	6	3	15	6.9
id-09020	7	2	18	6.8
id-09021	2	4	18	5.7
id-09022	7	7	18	6.4
id-09023	7	2	13	6.3
id-09024	4	4	4	6.7
id-09025	9	17	14	6.9
id-09026	4	2	1	6.1
id-09027	4	3	3	6.8
id-09028	1	2	15	5.5
id-09029	6	9	17	5.0
id-09030	8	14	24	6.2
id-09031	3	4	24	5.4
id-09032	1	2	29	6.2
id-09033	6	2	10	5.2
id-09034	8	4	3	6.8
id-09035	10	7	14	5.4
id-09036	4	8	10	6.5
id-09037	3	6	20	5.5
id-09038	3	6	11	6.5
id-09039	4	4	2	6.3
id-09040	6	6	26	5.8
id-09041	5	9	5	6.9
id-09042	4	5	12	6.0
id-09043	3	3	16	5.7
id-09044	1	2	20	5.3
id-09045	10	11	13	5.4
id-09046	7	11	12	6.9
id-09047	9	3	1	5.5
id-09048	5	4	4	6.6
id-09049	6	5	3	6.9
id-09050	3	5	5	5.1
id-09051	3	6	5	5.8
id-09052	6	7	1	6.9
id-09053	3	3	16	6.7
id-09054	10	18	12	5.8
id-09055	8	15	19	5.8
id-09056	9	9	4	5.6
id-09057	6	9	18	6.6
id-09058	5	3	15	7.0
id-09059	1	2	29	6.2
id-09060	4	6	27	5.7
id-09061	8	4	15	5.2
id-09062	1	2	7	5.8
id-09063	7	14	25	6.6
id-09064	7	4	18	6.9
id-09065	4	2	3	6.7
id-09066	3	6	9	5.2
id-09067	4	6	29	6.3
id-09068	3	4	28	6.9
id-09069	10	20	6	5.0
id-09070	8	9	28	6.4
id-09071	6	12	10	6.8
id-09072	7	13	24	6.0
id-09073	9	15	1	5.0
id-09074	3	3	8	5.6
id-09075	6	5	21	6.3
id-09076	5	7	1	5.7
id-09077	1	2	23	6.3
id-09078	7	3	13	5.0
id-09079	8	6	22	5.3
id-09080	5	8	21	6.7
id-09081	1	2	23	5.8
id-09082	1	2	18	6.8
id-09083	2	4	27	6.4
id-09084	2	2	15	6.2
id-09085	5	9	23	6.5
id-09086	8	6	26	5.1
id-09087	7	12	16	6.2
id-09088	1	2	25	6.6
id-09089	9	9	14	6.3
id-09090	8	5	8	6.5
id-09091	2	4	13	5.4
id-09092	10	13	15	6.6
id-09093	6	2	22	6.3
id-09094	3	2	8	6.1
id-09095	2	2	18	5.7
id-09096	1	2	25	6.9
id-09097	8	7	2	5.7
id-09098	2	2	10	5.9
id-09099	8	15	20	6.5
id-09100	4	6	25	5.9
id-09101	6	3	25	5.3
id-09102	4	3	11	5.2
id-09103	8	9	28	7.0
id-09104	9	6	3	6.6
id-09105	1	2	21	6.4
id-09106	6	10	12	6.2
id-09107	7	14	1	6.0
id-09108	2	3	21	6.9
id-09109	4	5	29	5.9
id-09110	2	4	21	5.3
id-09111	5	10	4	5.8
id-09112	3	4	22	6.7
id-09113	6	9	8	7.0
id-09114	5	8	24	6.3
id-09115	6	11	18	6.2
id-09116	7	5	26	5.2
id-09117	10	3	6	5.7
id-09118	1	2	7	5.1
id-09119	9	12	2	5.1
id-09120	6	8	16	5.9
id-09121	4	3	30	6.3
id-09122	1	2	23	5.7
id-09123	7	3	28	5.7
id-09124	1	2	14	6.4
id-09125	3	5	7	5.4
id-09126	4	3	9	6.9
id-09127	2	2	13	6.4
id-09128	10	13	17	6.4
id-09129	5	7	16	6.5
id-09130	3	2	3	5.5
id-09131	7	10	29	6.4
id-09132	3	6	5	5.1
id-09133	5	2	9	6.9
id-09134	10	17	30	5.1
id-09135	4	4	8	5.2
id-09136	10	18	22	6.5
id-09137	3	5	8	6.3
id-09138	4	7	18	6.2
id-09139	6	3	13	6.1
id-09140	10	2	9	6.7
id-09141	2	3	27	6.5
id-09142	8	9	24	5.7
id-09143	8	10	19	6.0
id-09144	6	7	27	6.7
id-09145	6	10	7	5.2
id-09146	9	2	12	6.4
id-09147	1	2	12	6.1
id-09148	3	6	14	5.5
id-09149	5	6	7	5.1
id-09150	6	6	30	6.2
id-09151	3	2	25	5.8
id-09152	7	12	5	5.7
id-09153	7	10	21	6.1
id-09154	2	3	7	5.4
id-09155	9	13	6	6.5
id-09156	2	3	12	7.0
id-09157	6	4	20	5.3
id-09158	5	4	18	6.8
id-09159	6	9	21	5.9
id-09160	1	2	6	6.6
id-09161	7	5	30	5.7
id-09162	9	6	2	6.8
id-09163	4	3	15	6.6
id-09164	9	7	14	6.9
id-09165	1	2	14	6.2
id-09166	1	2	14	6.8
id-09167	4	8	12	6.9
id-09168	2	3	8	7.0
id-09169	4	2	23	6.4
id-09170	4	2	10	6.2
id-09171	2	4	14	5.2
id-09172	8	11	30	6.0
id-09173	2	3	24	6.3
id-09174	1	2	15	6.8
id-09175	3	2	27	6.1
id-09176	1	2	7	6.7
id-09177	1	2	8	5.8
id-09178	5	6	18	6.9
id-09179	3	6	15	5.3
id-09180	7	4	30	6.3
id-09181	6	9	25	5.8
id-09182	2	3	26	6.0
id-09183	1	2	14	6.4
id-09184	1	2	14	6.3
id-09185	4	6	21	5.2
id-09186	4	8	16	5.7
id-09187	3	3	24	6.7
id-09188	1	2	22	6.7
id-09189	6	4	3	6.4
id-09190	2	4	16	6.9
id-09191	8	9	9	6.7
id-09192	8	12	24	6.5
id-09193	1	2	13	6.0
id-09194	5	10	5	6.9
id-09195	4	6	24	6.2
id-09196	2	4	19	6.1
id-09197	9	7	3	6.2
id-09198	4	2	15	6.9
id-09199	6	12	13	5.3
id-09200	3	2	2	5.4
id-09201	9	3	2	6.7
id-09202	8	2	4	5.6
id-09203	3	5	11	5.9
id-09204	3	6	17	6.2
id-09205	6	7	3	5.1
id-09206	7	11	22	5.3
id-09207	1	2	27	5.7
id-09208	3	4	1	5.4
id-09209	3	5	10	5.7
id-09210	7	10	23	5.6
id-09211	4	7	9	5.7
id-09212	2	3	27	5.7
id-09213	10	7	14	6.9
id-09214	7	6	10	7.0
id-09215	8	9	20	6.8
id-09216	4	7	9	6.8
id-09217	5	7	23	6.5
id-09218	1	2	30	6.2
id-09219	9	17	11	6.1
id-09220	4	3	14	5.8
id-09221	5	3	29	5.9
id-09222	4	8	27	6.0
id-09223	5	5	2	5.5
id-09224	5	6	24	6.9
id-09225	10	17	18	6.1
id-09226	8	2	30	6.4
id-09227	5	5	20	5.7
id-09228	6	5	13	5.5
id-09229	4	6	6	6.9
id-09230	3	4	4	5.3
id-09231	8	4	14	5.9
id-09232	10	3	15	5.8
id-09233	3	5	13	6.2
id-09234	10	13	30	5.5
id-09235	3	3	25	5.3
id-09236	10	17	21	6.2
id-09237	6	2	12	6.6
id-09238	1	2	18	5.9
id-09239	8	2	14	6.7
id-09240	3	4	7	5.2
id-09241	9	5	5	6.7
id-09242	9	11	30	5.4
id-09243	5	7	2	5.1
id-09244	8	16	6	6.8
id-09245	3	2	24	5.2
id-09246	9	12	28	5.5
id-09247	6	7	10	5.4
id-09248	9	13	12	7.0
id-09249	1	2	16	5.0
id-09250	8	3	8	6.7
id-09251	3	3	7	6.0
id-09252	2	3	5	5.0
id-09253	2	3	20	6.2
id-09254	9	8	9	6.7
id-09255	3	3	13	5.0
id-09256	6	11	17	6.6
id-09257	7	11	15	6.9
id-09258	5	7	25	6.0
id-09259	2	3	14	6.3
id-09260	7	9	2	6.7
id-09261	3	5	9	6.4
id-09262	3	3	30	6.3
id-09263	9	2	24	5.9
id-09264	8	9	20	6.6
id-09265	9	12	4	6.3
id-09266	5	9	11	5.4
id-09267	6	2	3	5.3
id-09268	7	8	5	5.3
id-09269	1	2	24	5.6
id-09270	3	5	5	5.0
id-09271	3	5	18	6.0
id-09272	5	2	23	6.8
id-09273	10	4	16	5.5
id-09274	3	6	19	6.6
id-09275	9	17	4	6.1
id-09276	5	6	12	5.8
id-09277	9	18	10	5.9
id-09278	6	7	4	5.7
id-09279	10	15	5	6.1
id-09280	5	4	20	6.8
id-09281	4	2	19	5.5
id-09282	2	4	6	6.8
id-09283	2	4	20	6.4
id-09284	10	14	17	5.1
id-09285	2	2	21	6.0
id-09286	3	5	24	6.6
id-09287	2	2	7	5.3
id-09288	7	11	22	5.1
id-09289	5	8	22	5.4
id-09290	10	13	19	5.8
id-09291	4	7	26	6.4
id-09292	3	3	9	6.3
id-09293	2	2	3	5.0
id-09294	8	3	30	6.8
id-09295	2	2	9	6.1
id-09296	4	3	3	6.3
id-09297	7	10	14	5.4
id-09298	2	2	22	6.7
id-09299	10	3	28	5.1
id-09300	3	2	11	6.7
id-09301	8	4	2	6.9
id-09302	5	10	20	5.1
id-09303	7	7	24	6.5
id-09304	2	2	5	5.7
id-09305	5	3	19	5.2
id-09306	2	2	22	5.7
id-09307	7	9	21	5.8
id-09308	3	5	10	5.2
id-09309	2	3	2	6.3
id-09310	4	4	6	6.7
id-09311	8	3	20	6.6
id-09312	2	3	2	5.2
id-09313	4	2	24	6.3
id-09314	1	2	9	5.3
id-09315	10	15	2	5.3
id-09316	4	5	6	5.9
id-09317	6	2	16	5.1
id-09318	7	10	13	6.3
id-09319	6	4	15	6.1
id-09320	10	14	4	6.3
id-09321	3	4	30	5.4
id-09322	8	14	1	5.6
id-09323	7	13	7	6.0
id-09324	8	3	13	5.2
id-09325	1	2	14	6.7
id-09326	6	4	27	5.4
id-09327	7	12	15	6.2
id-09328	10	16	5	6.0
id-09329	3	5	10	5.6
id-09330	8	13	13	6.1
id-09331	4	8	8	7.0
id-09332	6	12	12	5.1
id-09333	9	2	11	6.1
id-09334	6	5	19	6.7
id-09335	3	5	6	6.5
id-09336	5	9	11	7.0
id-09337	8	4	11	5.7
id-09338	6	5	19	6.5
id-09339	9	5	21	6.1
id-09340	1	2	24	6.0
id-09341	6	4	20	6.4
id-09342	3	6	17	5.7
id-09343	4	2	2	6.0
id-09344	4	4	28	6.5
id-09345	10	19	6	6.3
id-09346	8	7	19	6.2
id-09347	2	3	11	5.3
id-09348	3	6	22	6.7
id-09349	3	4	4	5.8
id-09350	5	2	25	7.0
id-09351	5	6	15	6.9
id-09352	5	3	9	5.6
id-09353	2	4	22	5.7
id-09354	10	7	12	6.5
id-09355	9	17	2	5.6
id-09356	7	11	6	5.7
id-09357	5	3	17	6.1
id-09358	6	7	21	5.6
id-09359	2	2	22	6.6
id-09360	2	2	9	5.5
id-09361	2	3	10	6.0
id-09362	2	4	3	6.3
id-09363	9	14	8	5.4
id-09364	3	6	13	7.0
id-09365	6	7	25	6.9
id-09366	9	5	24	5.2
id-09367	4	4	2	5.8
id-09368	3	4	25	6.0
id-09369	10	16	24	6.5
id-09370	3	6	6	6.9
id-09371	1	2	7	5.8
id-09372	8	6	14	5.2
id-09373	7	6	18	5.6
id-09374	7	8	15	7.0
id-09375	9	6	10	7.0
id-09376	3	2	12	6.9
id-09377	3	2	24	6.2
id-09378	3	5	19	6.3
id-09379	5	2	4	7.0
id-09380	8	3	14	5.3
id-09381	9	9	22	6.9
id-09382	8	7	16	5.8
id-09383	4	2	8	5.6
id-09384	3	3	24	6.5
id-09385	5	7	21	5.8
id-09386	5	8	24	6.8
id-09387	2	3	2	5.3
id-09388	7	7	21	6.2
id-09389	4	8	23	6.3
id-09390	9	15	5	6.6
id-09391	6	4	14	5.1
id-09392	2	3	24	5.2
id-09393	6	5	20	6.6
id-09394	3	5	1	5.8
id-09395	10	2	24	6.0
id-09396	1	2	26	5.4
id-09397	9	2	2	5.4
id-09398	6	9	6	5.1
id-09399	6	6	29	6.4
id-09400	6	3	23	5.7
id-09401	7	2	1	5.4
id-09402	2	3	16	6.9
id-09403	4	8	3	5.3
id-09404	1	2	9	6.6
id-09405	4	6	9	5.3
id-09406	10	4	3	6.6
id-09407	2	4	3	6.2
id-09408	7	8	30	5.6
id-09409	8	7	13	5.2
id-09410	4	7	3	5.5
id-09411	5	6	12	6.8
id-09412	9	18	5	6.2
id-09413	6	10	4	5.6
id-09414	1	2	30	5.5
id-09415	9	18	27	6.5
id-09416	1	2	16	5.4
id-09417	6	12	22	5.1
id-09418	9	8	19	5.2
id-09419	7	14	7	6.2
id-09420	9	10	12	6.7
id-09421	4	2	5	5.6
id-09422	7	5	16	6.0
id-09423	8	15	10	7.0
id-09424	1	2	28	5.3
id-09425	8	14	6	6.7
id-09426	10	9	8	6.4
id-09427	8	7	1	5.0
id-09428	9	15	5	6.8
id-09429	10	17	4	6.0
id-09430	3	6	23	6.6
id-09431	10	16	26	5.2
id-09432	1	2	20	5.4
id-09433	2	2	23	6.5
id-09434	6	8	16	6.8
id-09435	3	2	6	6.7
id-09436	8	16	7	6.4
id-09437	9	16	2	5.1
id-09438	7	10	27	5.7
id-09439	9	12	1	5.7
id-09440	3	2	4	6.9
id-09441	3	2	18	5.0
id-09442	9	4	9	6.7
id-09443	7	9	5	6.6
id-09444	2	3	29	6.4
id-09445	2	3	20	6.8
id-09446	4	4	17	6.1
id-09447	9	15	16	5.6
id-09448	8	2	6	6.6
id-09449	9	7	17	5.5
id-09450	4	7	6	6.5
id-09451	7	4	24	5.6
id-09452	4	4	19	5.0
id-09453	2	4	29	6.6
id-09454	3	2	11	6.2
id-09455	6	11	8	5.1
id-09456	8	4	1	5.1
id-09457	5	5	13	5.5
id-09458	3	2	20	6.4
id-09459	10	3	10	6.2
id-09460	5	3	9	5.1
id-09461	8	12	6	5.0
id-09462	6	7	14	5.9
id-09463	5	5	3	5.7
id-09464	8	8	9	6.3
id-09465	8	6	22	6.9
id-09466	7	2	21	6.7
id-09467	10	17	26	6.0
id-09468	1	2	11	6.6
id-09469	6	8	7	6.7
id-09470	9	18	20	5.4
id-09471	9	5	25	5.5
id-09472	1	2	12	5.8
id-09473	2	4	7	5.3
id-09474	6	10	2	6.9
id-09475	10	13	28	6.6
id-09476	8	4	10	7.0
id-09477	3	3	30	5.3
id-09478	2	3	30	5.2
id-09479	7	14	18	6.6
id-09480	2	3	13	6.9
id-09481	4	3	2	5.0
id-09482	1	2	22	6.7
id-09483	9	13	15	5.4
id-09484	4	8	21	5.3
id-09485	4	4	11	5.8
id-09486	7	6	30	5.1
id-09487	2	3	17	6.1
id-09488	1	2	28	6.2
id-09489	3	6	30	6.6
id-09490	3	6	30	5.4
id-09491	1	2	24	5.4
id-09492	1	2	27	5.6
id-09493	5	10	16	6.1
id-09494	4	2	25	6.2
id-09495	2	4	18	6.0
id-09496	4	8	5	6.6
id-09497	3	6	30	5.9
id-09498	1	2	18	5.1
id-09499	6	11	5	6.7
id-09500	7	7	28	6.8
id-09501	2	4	4	5.9
id-09502	7	13	8	5.2
id-09503	6	9	12	6.8
id-09504	7	11	9	5.7
id-09505	2	2	10	5.5
id-09506	4	4	11	5.8
id-09507	3	2	20	6.7
id-09508	3	5	28	6.3
id-09509	4	2	22	6.6
id-09510	9	15	18	6.5
id-09511	3	2	4	6.1
id-09512	10	7	3	6.6
id-09513	9	16	7	5.4
id-09514	4	6	21	6.0
id-09515	10	12	28	6.5
id-09516	7	13	28	6.6
id-09517	6	7	9	5.8
id-09518	7	4	9	6.7
id-09519	1	2	12	6.9
id-09520	2	2	15	5.7
id-09521	9	9	21	7.0
id-09522	1	2	11	5.8
id-09523	2	2	23	5.2
id-09524	3	3	19	6.4
id-09525	4	8	26	6.9
id-09526	10	11	20	5.4
id-09527	3	4	24	6.8
id-09528	5	10	3	6.3
id-09529	10	15	30	5.8
id-09530	3	6	28	5.1
id-09531	10	3	2	6.4
id-09532	9	14	20	6.4
id-09533	6	3	2	6.3
id-09534	1	2	27	6.2
id-09535	10	9	10	6.2
id-09536	2	3	24	5.2
id-09537	3	6	24	5.1
id-09538	1	2	14	5.6
id-09539	3	5	1	5.7
id-09540	2	4	10	5.1
id-09541	3	4	13	6.2
id-09542	10	10	5	5.3
id-09543	7	11	8	6.0
id-09544	1	2	10	6.3
id-09545	3	2	25	5.5
id-09546	3	3	27	6.3
id-09547	7	3	25	5.7
id-09548	1	2	10	6.2
id-09549	10	5	11	5.5
id-09550	8	13	18	5.8
id-09551	1	2	14	5.2
id-09552	4	5	4	6.9
id-09553	7	5	18	5.4
id-09554	1	2	17	5.1
id-09555	6	7	7	5.1
id-09556	3	2	27	6.2
id-09557	7	8	3	5.0
id-09558	1	2	1	6.5
id-09559	5	4	27	6.5
id-09560	6	7	10	6.1
id-09561	1	2	10	6.5
id-09562	5	6	18	5.2
id-09563	6	6	15	5.9
id-09564	1	2	28	5.3
id-09565	1	2	16	6.0
id-09566	6	5	12	7.0
id-09567	7	8	7	6.2
id-09568	6	11	1	6.4
id-09569	2	3	18	6.6
id-09570	7	10	3	5.8
id-09571	3	6	30	6.1
id-09572	7	11	17	6.2
id-09573	8	15	2	6.2
id-09574	1	2	9	5.3
id-09575	9	10	14	6.0
id-09576	5	10	3	5.9
id-09577	3	2	22	5.4
id-09578	4	8	19	6.6
id-09579	5	2	3	5.9
id-09580	1	2	9	5.5
id-09581	7	3	14	5.6
id-09582	7	7	3	6.5
id-09583	10	19	29	6.5
id-09584	3	5	29	6.9
id-09585	9	15	2	6.0
id-09586	5	3	15	5.6
id-09587	6	8	13	6.3
id-09588	7	7	5	5.9
id-09589	9	14	3	6.2
id-09590	5	9	19	5.9
id-09591	3	6	25	5.2
id-09592	1	2	10	6.7
id-09593	3	6	11	6.0
id-09594	3	2	13	6.3
id-09595	7	10	24	6.1
id-09596	7	8	30	5.1
id-09597	7	8	13	6.0
id-09598	7	3	2	5.8
id-09599	6	5	22	5.8
id-09600	3	6	26	5.4
id-09601	6	5	28	6.4
id-09602	10	2	12	5.0
id-09603	3	6	28	5.2
id-09604	7	7	8	5.4
id-09605	6	7	15	5.3
id-09606	10	14	18	5.5
id-09607	9	9	12	6.6
id-09608	8	7	12	6.6
id-09609	8	2	23	6.5
id-09610	10	11	22	7.0
id-09611	9	14	8	6.2
id-09612	1	2	27	5.9
id-09613	8	4	5	5.0
id-09614	5	5	16	5.3
id-09615	7	14	4	5.2
id-09616	1	2	3	6.4
id-09617	4	5	4	6.2
id-09618	3	2	1	5.9
id-09619	4	6	27	5.1
id-09620	5	2	21	6.6
id-09621	4	2	16	6.6
id-09622	10	19	2	6.2
id-09623	10	20	3	6.3
id-09624	3	4	26	6.5
id-09625	3	5	30	5.3
id-09626	1	2	23	5.3
id-09627	4	7	17	5.3
id-09628	2	2	9	6.0
id-09629	5	3	2	6.5
id-09630	2	3	5	7.0
id-09631	9	12	16	6.9
id-09632	10	6	25	6.6
id-09633	6	12	24	6.7
id-09634	5	6	24	6.9
id-09635	2	2	5	5.5
id-09636	3	2	24	5.9
id-09637	5	8	6	5.3
id-09638	6	10	30	6.2
id-09639	4	4	10	7.0
id-09640	4	8	2	6.2
id-09641	3	6	5	6.6
id-09642	10	14	30	5.1
id-09643	8	13	28	6.8
id-09644	7	2	13	6.0
id-09645	9	9	25	5.7
id-09646	4	7	28	6.8
id-09647	4	2	23	6.0
id-09648	5	7	17	6.6
id-09649	2	3	18	6.5
id-09650	2	3	17	5.1
id-09651	9	16	29	6.5
id-09652	4	4	5	5.4
id-09653	8	10	22	5.7
id-09654	2	2	5	6.3
id-09655	2	4	21	5.1
id-09656	3	2	16	5.1
id-09657	10	4	20	5.6
id-09658	4	5	15	7.0
id-09659	8	16	8	5.0
id-09660	9	7	8	6.9
id-09661	2	3	6	6.4
id-09662	3	3	30	6.4
id-09663	5	9	22	6.7
id-09664	5	3	11	6.1
id-09665	7	11	24	6.2
id-09666	5	10	26	6.7
id-09667	1	2	20	6.9
id-09668	6	11	30	6.5
id-09669	3	2	26	6.9
id-09670	6	12	3	5.7
id-09671	7	8	28	6.0
id-09672	10	2	20	5.4
id-09673	7	14	24	6.4
id-09674	5	10	12	5.4
id-09675	5	2	26	6.2
id-09676	6	12	4	6.7
id-09677	6	6	30	6.5
id-09678	7	2	29	6.7
id-09679	6	11	11	6.3
id-09680	9	4	22	6.0
id-09681	9	18	29	5.3
id-09682	5	10	16	6.5
id-09683	6	9	10	7.0
id-09684	2	4	12	5.8
id-09685	3	3	6	6.6
id-09686	9	3	22	6.2
id-09687	4	2	3	5.7
id-09688	8	12	21	6.9
id-09689	3	4	18	6.8
id-09690	5	4	8	6.5
id-09691	8	8	27	6.1
id-09692	7	12	4	6.8
id-09693	6	10	17	6.8
id-09694	9	18	13	6.3
id-09695	1	2	16	6.1
id-09696	9	6	17	6.1
id-09697	9	5	6	6.5
id-09698	7	4	4	6.9
id-09699	2	2	8	5.2
id-09700	1	2	22	6.1
id-09701	10	10	24	6.0
id-09702	8	16	27	6.1
id-09703	9	12	17	5.8
id-09704	5	4	18	6.0
id-09705	1	2	17	6.3
id-09706	4	6	14	6.2
id-09707	8	12	15	5.4
id-09708	10	10	27	6.8
id-09709	5	7	8	6.1
id-09710	2	4	8	6.6
id-09711	3	4	10	6.2
id-09712	1	2	4	6.5
id-09713	2	3	5	6.5
id-09714	8	7	4	5.4
id-09715	3	6	25	6.4
id-09716	1	2	11	5.1
id-09717	6	3	6	6.9
id-09718	8	4	18	6.6
id-09719	4	3	5	6.6
id-09720	2	2	23	6.9
id-09721	3	4	4	5.4
id-09722	7	2	21	6.8
id-09723	7	9	11	5.0
id-09724	7	12	9	7.0
id-09725	3	4	23	6.2
id-09726	3	4	2	6.3
id-09727	4	4	1	5.2
id-09728	7	5	6	6.7
id-09729	10	4	25	5.1
id-09730	4	5	8	6.4
id-09731	4	6	14	5.3
id-09732	8	4	30	6.1
id-09733	3	5	22	5.7
id-09734	5	9	10	6.3
id-09735	9	14	15	5.0
id-09736	2	4	29	5.6
id-09737	3	6	5	7.0
id-09738	1	2	21	6.6
id-09739	8	8	3	5.1
id-09740	9	2	4	6.5
id-09741	9	9	27	5.6
id-09742	9	17	3	6.8
id-09743	8	15	21	5.3
id-09744	1	2	17	6.0
id-09745	10	3	4	5.2
id-09746	3	5	17	6.4
id-09747	6	6	2	5.5
id-09748	3	5	12	6.6
id-09749	3	3	11	6.0
id-09750	7	5	18	5.1
id-09751	3	3	14	5.3
id-09752	9	15	15	6.7
id-09753	7	8	11	5.3
id-09754	7	8	20	5.4
id-09755	5	9	12	5.8
id-09756	2	3	4	5.6
id-09757	1	2	8	5.3
id-09758	10	6	17	6.2
id-09759	8	7	4	6.5
id-09760	9	17	15	6.6
id-09761	10	13	29	6.3
id-09762	7	13	5	6.4
id-09763	8	9	4	5.6
id-09764	6	6	14	6.8
id-09765	5	9	11	5.7
id-09766	5	3	30	6.6
id-09767	9	6	18	6.6
id-09768	5	9	25	5.6
id-09769	4	7	14	5.3
id-09770	10	4	15	5.2
id-09771	9	10	5	5.4
id-09772	4	8	28	6.8
id-09773	2	3	28	6.6
id-09774	8	2	11	5.3
id-09775	8	10	25	6.3
id-09776	6	4	18	5.5
id-09777	4	2	15	5.2
id-09778	7	7	9	6.2
id-09779	6	7	12	6.7
id-09780	9	18	15	6.6
id-09781	7	11	23	6.5
id-09782	2	4	6	5.9
id-09783	1	2	9	5.7
id-09784	7	5	10	6.1
id-09785	7	13	24	5.9
id-09786	1	2	6	5.2
id-09787	4	8	24	6.9
id-09788	4	8	25	6.3
id-09789	1	2	7	6.7
id-09790	3	5	4	7.0
id-09791	6	2	13	5.9
id-09792	2	2	15	6.0
id-09793	6	2	18	6.9
id-09794	10	17	20	6.2
id-09795	8	6	4	5.3
id-09796	6	12	23	5.9
id-09797	8	7	13	5.1
id-09798	1	2	14	5.3
id-09799	4	3	17	6.6
id-09800	9	13	15	6.4
id-09801	9	4	18	5.8
id-09802	7	12	7	5.8
id-09803	9	8	2	6.0
id-09804	4	3	9	5.0
id-09805	8	10	8	6.1
id-09806	6	11	11	6.4
id-09807	5	10	18	5.8
id-09808	10	16	29	5.7
id-09809	3	2	20	5.0
id-09810	3	6	10	5.9
id-09811	6	5	23	6.1
id-09812	4	7	11	6.6
id-09813	7	2	13	6.4
id-09814	5	7	12	6.2
id-09815	5	6	11	5.3
id-09816	5	3	29	6.8
id-09817	4	8	19	5.8
id-09818	1	2	13	6.7
id-09819	1	2	28	5.1
id-09820	10	6	8	6.2
id-09821	9	16	9	6.2
id-09822	4	4	28	6.6
id-09823	3	4	7	6.2
id-09824	9	10	21	6.7
id-09825	8	11	29	6.9
id-09826	3	6	1	5.5
id-09827	1	2	21	6.6
id-09828	9	6	9	6.1
id-09829	6	9	29	6.4
id-09830	8	10	13	5.8
id-09831	5	2	1	5.4
id-09832	10	2	6	6.8
id-09833	7	6	23	5.5
id-09834	7	6	3	6.4
id-09835	4	5	10	6.3
id-09836	3	2	21	5.3
id-09837	8	16	21	6.9
id-09838	3	4	27	5.4
id-09839	1	2	24	6.0
id-09840	2	4	30	5.1
id-09841	8	7	28	6.7
id-09842	9	15	30	7.0
id-09843	6	12	29	5.2
id-09844	2	2	2	5.3
id-09845	4	4	10	7.0
id-09846	5	4	22	5.9
id-09847	1	2	9	5.7
id-09848	8	4	13	6.6
id-09849	5	6	22	5.5
id-09850	2	2	18	5.6
id-09851	8	12	25	6.4
id-09852	6	11	3	6.5
id-09853	7	9	6	6.9
id-09854	8	7	2	6.6
id-09855	4	6	8	6.3
id-09856	2	3	7	5.4
id-09857	4	2	10	5.9
id-09858	1	2	11	6.1
id-09859	6	3	27	5.2
id-09860	8	16	27	6.0
id-09861	10	12	19	5.6
id-09862	9	4	25	6.0
id-09863	4	2	23	5.9
id-09864	6	7	27	6.6
id-09865	4	8	13	5.7
id-09866	4	3	22	6.6
id-09867	7	9	2	5.9
id-09868	4	4	21	5.9
id-09869	8	4	18	5.5
id-09870	6	2	25	6.7
id-09871	6	4	12	5.7
id-09872	10	8	9	6.0
id-09873	6	9	21	7.0
id-09874	6	2	25	5.7
id-09875	9	18	28	5.1
id-09876	8	13	12	5.4
id-09877	7	4	7	6.4
id-09878	9	15	23	5.3
id-09879	2	4	14	5.2
id-09880	4	2	11	5.3
id-09881	9	18	21	5.4
id-09882	3	6	26	6.3
id-09883	4	7	29	6.5
id-09884	8	2	25	7.0
id-09885	4	7	2	5.5
id-09886	6	11	4	5.6
id-09887	2	2	24	6.8
id-09888	10	6	8	6.0
id-09889	2	2	24	5.5
id-09890	4	3	22	6.3
id-09891	5	6	22	6.1
id-09892	4	8	30	6.4
id-09893	1	2	23	5.1
id-09894	1	2	17	5.7
id-09895	2	3	10	6.8
id-09896	4	5	24	6.9
id-09897	6	3	7	6.0
id-09898	8	9	11	6.9
id-09899	5	5	14	5.6
id-09900	5	8	21	5.0
id-09901	4	2	4	6.3
id-09902	2	3	1	6.7
id-09903	1	2	29	5.4
id-09904	7	13	3	5.1
id-09905	3	4	11	6.3
id-09906	5	7	9	5.3
id-09907	7	14	2	6.5
id-09908	6	11	14	5.4
id-09909	6	3	13	5.3
id-09910	1	2	12	5.5
id-09911	1	2	24	5.7
id-09912	3	6	21	5.1
id-09913	5	7	23	6.0
id-09914	7	11	7	6.1
id-09915	7	6	17	6.2
id-09916	6	6	13	6.6
id-09917	8	10	27	5.9
id-09918	7	8	3	6.7
id-09919	7	8	1	6.1
id-09920	7	11	13	5.1
id-09921	1	2	20	5.5
id-09922	7	6	22	5.1
id-09923	9	4	8	5.8
id-09924	4	8	1	5.3
id-09925	2	4	26	6.4
id-09926	3	3	6	6.9
id-09927	6	8	16	6.5
id-09928	2	4	20	6.6
id-09929	2	2	25	6.5
id-09930	9	12	2	6.1
id-09931	5	2	5	6.1
id-09932	10	20	17	5.3
id-09933	1	2	24	6.7
id-09934	8	13	7	6.2
id-09935	8	3	2	5.4
id-09936	9	12	1	6.5
id-09937	2	3	28	5.6
id-09938	3	5	28	6.6
id-09939	5	9	5	5.3
id-09940	10	19	17	6.9
id-09941	9	12	22	5.9
id-09942	1	2	13	5.9
id-09943	6	7	3	6.9
id-09944	2	2	27	5.4
id-09945	9	8	27	5.8
id-09946	5	9	17	6.1
id-09947	7	10	18	6.5
id-09948	6	4	29	6.6
id-09949	6	9	12	6.5
id-09950	7	7	2	6.0
id-09951	4	7	21	5.1
id-09952	2	3	3	5.4
id-09953	7	2	12	5.3
id-09954	1	2	17	6.2
id-09955	10	2	17	6.6
id-09956	3	6	9	5.4
id-09957	1	2	28	6.7
id-09958	5	4	22	5.0
id-09959	1	2	23	5.5
id-09960	1	2	16	6.4
id-09961	7	13	11	5.5
id-09962	10	13	28	6.2
id-09963	6	3	18	6.0
id-09964	6	8	28	5.9
id-09965	6	8	10	6.3
id-09966	2	4	20	6.7
id-09967	4	2	5	6.1
id-09968	5	7	30	6.3
id-09969	7	11	8	5.0
id-09970	2	3	15	5.1
id-09971	5	6	4	5.4
id-09972	3	2	14	5.3
id-09973	7	2	17	5.5
id-09974	6	8	15	6.7
id-09975	5	2	24	5.7
id-09976	10	10	29	5.4
id-09977	2	2	11	6.6
id-09978	8	14	12	5.4
id-09979	6	12	3	6.5
id-09980	1	2	28	6.0
id-09981	4	6	21	6.8
id-09982	2	3	29	6.0
id-09983	6	9	2	5.3
id-09984	5	9	21	5.3
id-09985	8	13	10	6.4
id-09986	10	12	21	6.3
id-09987	7	12	29	7.0
id-09988	8	2	2	6.3
id-09989	10	18	1	6.5
id-09990	5	8	10	5.4
id-09991	7	14	21	6.2
id-09992	1	2	16	6.2
id-09993	6	12	30	6.2
id-09994	6	8	30	6.3
id-09995	2	2	9	6.9
id-09996	6	2	26	6.1
id-09997	7	2	15	6.2
id-09998	8	12	11	5.6
id-09999	2	4	24	6.7
id-10000	5	6	13	6.4
id-10001	3	6	8	6.4
id-10002	10	18	2	5.9
id-10003	4	8	26	5.5
id-10004	7	10	7	5.6
id-10005	9	6	3	5.5
id-10006	4	5	11	6.3
id-10007	2	3	3	5.6
id-10008	9	3	12	6.9
id-10009	5	5	13	5.3
id-10010	2	2	30	5.1
id-10011	1	2	15	6.5
id-10012	4	4	4	5.6
id-10013	7	14	25	5.1
id-10014	4	2	10	6.9
id-10015	2	3	2	6.2
id-10016	1	2	11	6.9
id-10017	10	20	11	5.6
id-10018	9	17	18	6.3
id-10019	2	2	27	5.3
id-10020	6	12	6	6.3
id-10021	5	8	5	5.9
id-10022	1	2	6	5.8
id-10023	1	2	27	5.0
id-10024	2	2	6	5.2
id-10025	1	2	25	6.6
id-10026	10	5	14	6.8
id-10027	5	2	20	5.8
id-10028	1	2	12	5.8
id-10029	5	7	1	6.6
id-10030	5	5	27	5.3
id-10031	4	8	7	5.3
id-10032	7	13	5	5.6
id-10033	2	4	14	6.1
id-10034	1	2	21	5.8
id-10035	3	5	3	5.3
id-10036	8	3	20	5.8
id-10037	1	2	29	5.1
id-10038	8	7	30	5.0
id-10039	6	2	26	5.9
id-10040	8	14	30	5.9
id-10041	4	8	13	5.8
id-10042	6	3	12	6.2
id-10043	3	2	20	5.6
id-10044	9	14	23	5.7
id-10045	3	3	9	5.4
id-10046	2	2	20	5.0
id-10047	6	3	6	6.4
id-10048	3	2	17	5.7
id-10049	7	3	3	5.7
id-10050	3	2	22	6.8
id-10051	6	4	11	5.3
id-10052	5	10	10	6.1
id-10053	8	16	4	6.2
id-10054	8	7	15	6.0
id-10055	4	7	13	5.3
id-10056	3	6	11	6.1
id-10057	4	7	8	6.3
id-10058	7	14	14	5.4
id-10059	3	4	6	5.2
id-10060	10	6	2	6.9
id-10061	2	3	27	6.1
id-10062	4	5	25	5.9
id-10063	10	5	20	5.5
id-10064	5	5	19	5.9
id-10065	10	19	9	6.5
id-10066	2	4	20	6.3
id-10067	8	6	22	6.1
id-10068	10	3	24	6.0
id-10069	9	11	12	6.4
id-10070	2	3	25	5.4
id-10071	1	2	8	6.6
id-10072	6	5	3	6.2
id-10073	10	7	4	5.7
id-10074	8	6	17	6.1
id-10075	9	7	22	5.3
id-10076	8	3	4	5.8
id-10077	3	2	11	6.2
id-10078	2	3	2	5.8
id-10079	6	9	2	5.3
id-10080	9	16	8	5.5
id-10081	1	2	15	6.4
id-10082	1	2	11	7.0
id-10083	10	19	10	6.8
id-10084	8	10	8	5.1
id-10085	1	2	27	6.4
id-10086	8	14	26	5.2
id-10087	9	10	14	5.1
id-10088	10	8	24	5.1
id-10089	1	2	13	5.3
id-10090	4	8	30	5.7
id-10091	6	10	22	6.3
id-10092	9	16	16	6.3
id-10093	4	5	8	6.6
id-10094	1	2	21	6.8
id-10095	5	10	9	5.7
id-10096	2	2	20	6.3
id-10097	5	10	19	5.4
id-10098	3	5	11	5.3
id-10099	3	6	1	6.5
id-10100	3	2	18	6.7
id-10101	9	17	27	5.6
id-10102	9	18	3	6.4
id-10103	4	7	9	5.6
id-10104	3	5	9	6.1
id-10105	5	10	6	6.2
id-10106	3	3	14	6.6
id-10107	1	2	7	5.8
id-10108	7	4	14	5.4
id-10109	5	7	7	5.7
id-10110	7	14	10	6.6
id-10111	2	2	20	7.0
id-10112	3	6	3	6.6
id-10113	1	2	10	6.6
id-10114	5	2	14	6.8
id-10115	3	2	17	6.4
id-10116	2	4	5	5.2
id-10117	7	7	15	5.4
id-10118	8	6	15	5.9
id-10119	1	2	8	5.6
id-10120	7	14	25	6.1
id-10121	6	7	2	5.8
id-10122	5	4	24	6.7
id-10123	5	3	7	6.1
id-10124	4	3	24	5.8
id-10125	9	7	17	6.3
id-10126	5	2	28	5.5
id-10127	9	17	29	6.7
id-10128	8	2	9	6.0
id-10129	9	4	7	7.0
id-10130	1	2	26	5.8
id-10131	10	16	18	5.0
id-10132	6	5	21	5.3
id-10133	8	10	24	5.2
id-10134	3	3	10	5.6
id-10135	10	11	18	6.2
id-10136	4	2	11	5.5
id-10137	4	7	1	6.3
id-10138	9	18	25	5.4
id-10139	8	10	13	5.6
id-10140	10	7	13	5.8
id-10141	6	7	7	5.0
id-10142	6	10	17	6.5
id-10143	10	8	1	6.6
id-10144	1	2	9	6.8
id-10145	4	8	4	6.5
id-10146	3	3	15	5.8
id-10147	7	13	3	6.7
id-10148	2	2	23	6.1
id-10149	3	4	20	5.3
id-10150	3	4	30	6.2
id-10151	1	2	28	5.5
id-10152	8	9	26	5.3
id-10153	6	4	26	5.2
id-10154	6	7	10	6.6
id-10155	9	8	8	5.7
id-10156	10	16	29	5.5
id-10157	6	9	30	6.6
id-10158	2	3	20	5.8
id-10159	2	3	12	6.7
id-10160	1	2	7	5.9
id-10161	1	2	4	6.9
id-10162	7	7	9	5.2
id-10163	6	5	5	5.3
id-10164	5	3	22	6.8
id-10165	10	5	10	6.2
id-10166	4	8	26	5.7
id-10167	10	15	25	5.2
id-10168	3	4	8	6.1
id-10169	9	9	30	5.6
id-10170	7	5	15	6.3
id-10171	2	3	9	6.2
id-10172	6	9	22	7.0
id-10173	6	6	24	5.7
id-10174	8	9	3	6.7
id-10175	1	2	7	5.9
id-10176	6	5	7	6.8
id-10177	9	4	19	5.4
id-10178	5	4	18	6.2
id-10179	4	4	10	6.1
id-10180	8	3	24	6.6
id-10181	7	4	5	5.8
id-10182	5	8	19	6.2
id-10183	7	9	25	6.9
id-10184	5	9	19	5.9
id-10185	7	5	19	6.4
id-10186	1	2	6	5.4
id-10187	3	3	15	5.5
id-10188	1	2	18	6.6
id-10189	5	4	24	5.8
id-10190	5	8	1	6.6
id-10191	8	5	10	6.8
id-10192	9	12	5	5.2
id-10193	10	18	10	5.9
id-10194	9	14	7	5.3
id-10195	9	7	27	5.2
id-10196	8	2	30	5.9
id-10197	9	12	14	6.1
id-10198	5	5	3	5.3
id-10199	3	2	3	6.2
id-10200	8	15	24	5.5
id-10201	5	2	26	5.3
id-10202	10	10	17	5.2
id-10203	3	2	28	7.0
id-10204	5	2	20	5.3
id-10205	3	4	25	5.3
id-10206	7	3	15	5.6
id-10207	6	9	30	5.9
id-10208	9	10	5	6.3
id-10209	9	18	8	5.8
id-10210	1	2	7	6.0
id-10211	2	4	24	5.6
id-10212	6	11	12	6.5
id-10213	5	10	27	5.1
id-10214	3	3	15	5.9
id-10215	4	2	24	5.6
id-10216	2	3	10	5.6
id-10217	6	3	26	5.8
id-10218	6	6	26	6.6
id-10219	3	3	14	6.7
id-10220	5	5	30	5.1
id-10221	3	2	9	6.6
id-10222	1	2	28	6.2
id-10223	4	4	3	5.7
id-10224	4	2	6	6.0
id-10225	9	5	14	5.2
id-10226	7	11	21	5.7
id-10227	10	6	13	5.2
id-10228	9	11	26	5.8
id-10229	6	8	16	5.8
id-10230	2	2	25	6.0
id-10231	8	8	21	5.6
id-10232	2	2	6	6.7
id-10233	6	10	27	6.2
id-10234	5	5	2	6.0
id-10235	3	3	25	5.1
id-10236	8	14	6	6.1
id-10237	8	9	23	5.6
id-10238	5	3	5	6.2
id-10239	10	10	3	5.9
id-10240	1	2	27	6.5
id-10241	6	4	17	5.2
id-10242	3	2	25	5.9
id-10243	9	17	24	6.7
id-10244	9	3	5	6.8
id-10245	10	11	19	6.2
id-10246	3	3	15	6.0
id-10247	6	4	8	6.8
id-10248	3	4	12	5.9
id-10249	2	3	17	6.9
id-10250	1	2	18	6.2
id-10251	7	12	17	5.8
id-10252	4	2	22	6.2
id-10253	3	4	28	5.9
id-10254	4	8	22	6.0
id-10255	6	10	7	5.9
id-10256	9	6	24	5.0
id-10257	4	8	17	6.8
id-10258	10	16	18	5.8
id-10259	4	8	18	5.6
id-10260	7	6	9	7.0
id-10261	2	3	19	5.7
id-10262	8	7	5	5.8
id-10263	1	2	1	6.7
id-10264	2	2	27	6.8
id-10265	7	13	28	5.4
id-10266	2	2	23	6.6
id-10267	4	8	5	5.5
id-10268	5	9	8	5.8
id-10269	2	3	16	5.4
id-10270	6	6	11	5.2
id-10271	10	8	22	5.5
id-10272	5	8	5	6.6
id-10273	10	6	5	6.4
id-10274	7	7	13	6.6
id-10275	10	19	21	5.9
id-10276	5	8	3	6.6
id-10277	9	17	25	6.1
id-10278	10	8	26	5.1
id-10279	9	12	10	6.7
id-10280	7	8	22	5.4
id-10281	4	4	5	5.2
id-10282	2	3	26	6.8
id-10283	8	14	23	6.2
id-10284	2	2	24	6.7
id-10285	2	4	4	6.2
id-10286	3	3	8	5.1
id-10287	7	14	28	5.4
id-10288	6	8	11	6.2
id-10289	9	6	16	6.3
id-10290	8	10	5	6.3
id-10291	8	2	29	5.3
id-10292	5	2	20	5.5
id-10293	7	9	18	5.2
id-10294	10	10	19	5.3
id-10295	3	2	26	6.5
id-10296	4	5	14	6.9
id-10297	3	2	15	6.8
id-10298	6	3	1	5.0
id-10299	5	10	6	5.5
id-10300	3	5	20	5.7
id-10301	10	13	22	5.1
id-10302	8	4	24	6.2
id-10303	4	2	6	6.1
id-10304	5	7	30	5.9
id-10305	4	3	6	5.5
id-10306	4	3	17	5.6
id-10307	10	9	13	5.3
id-10308	10	18	21	5.0
id-10309	5	3	13	5.9
id-10310	10	6	7	6.6
id-10311	8	13	14	5.1
id-10312	1	2	13	6.2
id-10313	2	2	19	5.5
id-10314	2	4	23	5.7
id-10315	6	6	8	6.9
id-10316	9	5	25	6.3
id-10317	10	20	3	5.9
id-10318	1	2	15	5.8
id-10319	10	2	18	6.5
id-10320	10	14	17	6.1
id-10321	10	17	20	6.6
id-10322	4	6	3	6.8
id-10323	6	9	26	5.4
id-10324	2	2	18	6.8
id-10325	10	10	1	6.6
id-10326	5	10	7	6.8
id-10327	8	15	25	5.2
id-10328	5	10	29	6.7
id-10329	6	9	4	6.7
id-10330	10	19	25	6.0
id-10331	2	3	24	6.7
id-10332	5	10	17	6.9
id-10333	6	10	14	5.5
id-10334	9	9	1	5.8
id-10335	5	8	6	6.1
id-10336	2	3	14	5.2
id-10337	8	5	14	6.1
id-10338	8	16	5	5.8
id-10339	8	5	1	6.5
id-10340	2	3	7	5.0
id-10341	9	7	17	6.7
id-10342	2	2	18	6.8
id-10343	8	9	17	6.0
id-10344	4	5	26	6.7
id-10345	4	6	27	6.5
id-10346	7	4	5	5.0
id-10347	4	5	25	5.8
id-10348	8	6	7	5.8
id-10349	8	9	18	6.8
id-10350	5	10	14	6.2
id-10351	2	2	17	6.7
id-10352	9	4	7	6.5
id-10353	10	19	5	5.3
id-10354	5	9	16	5.4
id-10355	4	2	4	5.8
id-10356	8	13	19	6.8
id-10357	7	7	13	7.0
id-10358	2	2	15	5.0
id-10359	2	3	25	5.1
id-10360	1	2	21	5.5
id-10361	6	2	25	6.9
id-10362	6	2	26	5.5
id-10363	5	4	1	6.3
id-10364	5	5	2	6.8
id-10365	5	7	24	6.1
id-10366	1	2	5	6.6
id-10367	2	3	23	6.0
id-10368	5	3	20	6.1
id-10369	3	4	29	5.6
id-10370	5	9	19	5.3
id-10371	3	4	4	6.5
id-10372	1	2	20	6.3
id-10373	2	3	6	6.5
id-10374	9	6	26	6.2
id-10375	9	17	24	5.3
id-10376	3	5	10	6.0
id-10377	10	10	25	5.5
id-10378	8	10	23	6.0
id-10379	6	3	9	6.4
id-10380	2	4	6	5.5
id-10381	8	10	13	6.9
id-10382	10	19	25	6.1
id-10383	6	9	28	5.0
id-10384	8	2	9	6.6
id-10385	1	2	12	6.6
id-10386	6	3	12	6.8
id-10387	1	2	4	5.1
id-10388	10	2	27	5.6
id-10389	9	9	16	6.3
id-10390	5	2	23	6.7
id-10391	5	5	3	5.0
id-10392	9	14	3	5.8
id-10393	1	2	21	6.8
id-10394	3	5	18	6.7
id-10395	4	5	30	5.6
id-10396	8	4	25	5.4
id-10397	10	10	7	5.7
id-10398	2	3	15	5.5
id-10399	2	3	12	5.4
id-10400	4	3	9	6.6
id-10401	9	17	3	5.9
id-10402	6	5	4	5.4
id-10403	8	16	21	5.9
id-10404	7	10	29	6.0
id-10405	5	2	4	6.2
id-10406	5	7	2	5.6
id-10407	5	2	1	6.0
id-10408	8	10	16	6.9
id-10409	6	6	6	6.7
id-10410	1	2	13	5.6
id-10411	2	4	30	5.9
id-10412	2	2	7	6.1
id-10413	4	8	27	6.1
id-10414	8	6	14	6.5
id-10415	4	2	9	6.3
id-10416	1	2	10	6.8
id-10417	8	4	5	5.7
id-10418	8	3	20	6.8
id-10419	4	2	26	5.6
id-10420	5	4	30	6.2
id-10421	4	2	5	6.6
id-10422	7	4	12	6.0
id-10423	1	2	6	5.3
id-10424	2	4	28	6.1
id-10425	4	8	20	6.2
id-10426	6	5	9	6.6
id-10427	7	8	16	6.7
id-10428	3	5	14	6.0
id-10429	10	14	4	6.5
id-10430	8	13	9	5.3
id-10431	4	2	23	6.3
id-10432	6	4	23	6.2
id-10433	1	2	11	6.5
id-10434	9	15	21	5.7
id-10435	8	14	15	5.6
id-10436	1	2	23	5.8
id-10437	6	10	10	5.4
id-10438	1	2	9	6.7
id-10439	8	9	2	6.8
id-10440	3	3	19	6.9
id-10441	6	9	13	5.4
id-10442	6	9	20	6.1
id-10443	6	9	19	6.8
id-10444	2	3	28	5.9
id-10445	10	7	29	5.9
id-10446	3	5	29	6.6
id-10447	10	20	16	5.7
id-10448	7	11	16	5.3
id-10449	8	8	13	5.9
id-10450	2	2	20	5.1
id-10451	3	3	3	5.6
id-10452	6	12	5	6.4
id-10453	5	5	14	5.4
id-10454	9	7	13	6.8
id-10455	7	11	9	5.6
id-10456	10	9	25	6.8
id-10457	5	7	21	5.8
id-10458	10	18	11	6.0
id-10459	9	16	16	6.4
id-10460	10	13	30	6.3
id-10461	4	5	26	7.0
id-10462	4	4	9	6.3
id-10463	4	8	26	6.2
id-10464	7	11	28	6.4
id-10465	1	2	14	5.8
id-10466	10	9	22	6.9
id-10467	1	2	25	5.0
id-10468	4	3	13	5.9
id-10469	3	2	3	6.8
id-10470	5	6	25	5.9
id-10471	9	11	5	5.5
id-10472	4	8	30	5.8
id-10473	8	15	6	5.5
id-10474	5	8	8	6.8
id-10475	3	4	22	5.1
id-10476	1	2	2	5.7
id-10477	2	4	10	6.9
id-10478	9	9	17	5.4
id-10479	10	4	16	5.2
id-10480	9	13	22	5.8
id-10481	9	4	29	6.4
id-10482	10	4	23	6.0
id-10483	4	2	17	6.5
id-10484	4	7	19	5.5
id-10485	1	2	9	5.5
id-10486	8	7	26	5.2
id-10487	7	9	21	5.7
id-10488	1	2	28	5.4
id-10489	9	3	23	7.0
id-10490	4	5	16	6.6
id-10491	3	4	18	5.3
id-10492	8	3	1	5.2
id-10493	1	2	9	6.0
id-10494	4	8	30	6.1
id-10495	9	2	9	5.2
id-10496	2	4	21	6.6
id-10497	5	7	21	6.7
id-10498	1	2	4	6.8
id-10499	5	4	29	6.1
id-10500	8	9	17	5.7
id-10501	10	5	11	5.8
id-10502	9	16	21	5.7
id-10503	10	9	15	5.1
id-10504	6	7	9	5.9
id-10505	4	6	25	6.1
id-10506	6	5	14	7.0
id-10507	1	2	25	6.8
id-10508	2	3	10	5.4
id-10509	6	10	28	7.0
id-10510	9	14	20	6.3
id-10511	3	6	11	6.7
id-10512	3	5	7	6.9
id-10513	4	5	9	6.4
id-10514	6	6	11	6.1
id-10515	1	2	23	5.4
id-10516	1	2	11	5.3
id-10517	5	8	28	7.0
id-10518	9	17	22	5.3
id-10519	10	18	20	6.4
id-10520	2	2	22	5.4
id-10521	4	4	19	6.3
id-10522	10	19	17	6.4
id-10523	2	4	28	6.2
id-10524	3	2	21	5.6
id-10525	2	2	24	5.4
id-10526	4	6	21	6.7
id-10527	5	3	22	5.8
id-10528	4	7	15	5.5
id-10529	1	2	2	5.4
id-10530	10	5	12	6.0
id-10531	9	11	9	6.0
id-10532	4	4	6	6.3
id-10533	2	3	12	6.5
id-10534	4	4	26	6.3
id-10535	2	3	22	5.3
id-10536	8	13	1	5.9
id-10537	7	2	27	5.8
id-10538	7	11	7	7.0
id-10539	1	2	14	5.1
id-10540	6	8	12	6.5
id-10541	10	12	1	5.6
id-10542	8	7	28	5.9
id-10543	8	14	6	6.6
id-10544	5	5	24	6.4
id-10545	7	13	9	6.1
id-10546	3	2	8	5.3
id-10547	3	5	1	6.1
id-10548	8	3	29	6.4
id-10549	2	3	14	5.2
id-10550	7	8	18	6.8
id-10551	6	9	19	5.7
id-10552	9	17	11	5.6
id-10553	2	3	27	6.5
id-10554	6	11	29	5.2
id-10555	2	2	15	6.4
id-10556	3	6	17	6.6
id-10557	3	4	28	5.4
id-10558	7	11	26	5.9
id-10559	9	4	10	5.1
id-10560	2	4	15	5.3
id-10561	7	8	19	5.2
id-10562	8	4	30	6.9
id-10563	4	4	9	6.7
id-10564	4	5	13	6.2
id-10565	4	4	9	5.5
id-10566	1	2	4	5.1
id-10567	4	4	6	6.2
id-10568	3	3	9	6.1
id-10569	7	5	20	5.3
id-10570	6	9	2	6.3
id-10571	3	3	7	6.5
id-10572	9	10	12	6.6
id-10573	1	2	24	5.1
id-10574	4	4	28	6.8
id-10575	5	4	3	6.1
id-10576	9	7	21	6.3
id-10577	2	2	29	5.9
id-10578	8	16	6	5.2
id-10579	7	12	11	6.3
id-10580	9	7	23	6.6
id-10581	2	3	2	6.2
id-10582	3	6	26	6.2
id-10583	7	3	22	5.3
id-10584	5	4	5	5.1
id-10585	2	2	1	5.6
id-10586	5	9	26	5.2
id-10587	5	4	14	6.1
id-10588	9	10	30	5.5
id-10589	2	2	28	6.4
id-10590	6	6	27	6.7
id-10591	4	5	22	5.1
id-10592	5	8	30	5.7
id-10593	8	7	8	6.2
id-10594	1	2	21	5.9
id-10595	6	3	23	6.8
id-10596	9	16	14	6.2
id-10597	10	8	5	6.0
id-10598	8	14	19	6.9
id-10599	4	8	13	6.0
id-10600	9	7	25	5.4
id-10601	9	4	2	6.6
id-10602	8	3	14	6.3
id-10603	5	7	25	6.0
id-10604	4	7	7	6.8
id-10605	7	12	13	5.1
id-10606	7	6	7	6.5
id-10607	2	3	30	7.0
id-10608	2	2	30	6.3
id-10609	3	5	28	6.1
id-10610	9	15	26	6.4
id-10611	8	12	19	6.9
id-10612	2	4	8	5.5
id-10613	6	6	13	5.9
id-10614	3	2	14	6.0
id-10615	3	4	7	5.8
id-10616	10	20	27	6.0
id-10617	6	10	28	5.0
id-10618	5	10	26	6.6
id-10619	5	2	11	5.8
id-10620	10	18	3	6.7
id-10621	3	6	18	5.6
id-10622	10	15	15	6.1
id-10623	2	4	26	5.6
id-10624	10	10	27	5.9
id-10625	9	16	26	5.3
id-10626	6	12	18	6.9
id-10627	6	7	27	6.3
id-10628	2	2	26	6.7
id-10629	8	16	27	6.3
id-10630	6	12	4	5.9
id-10631	3	6	23	5.6
id-10632	8	14	16	5.5
id-10633	3	5	20	5.5
id-10634	9	4	8	6.7
id-10635	10	20	10	5.4
id-10636	1	2	13	5.7
id-10637	4	8	19	6.0
id-10638	7	7	17	6.9
id-10639	5	6	30	6.0
id-10640	3	5	29	6.1
id-10641	2	3	28	6.3
id-10642	4	3	25	6.2
id-10643	10	10	11	5.3
id-10644	6	5	1	5.3
id-10645	4	7	14	6.6
id-10646	3	5	28	6.9
id-10647	10	18	6	6.0
id-10648	9	12	26	6.3
id-10649	2	3	27	5.1
id-10650	7	10	12	6.6
id-10651	7	14	16	5.8
id-10652	10	7	10	6.5
id-10653	7	9	28	5.6
id-10654	6	10	9	5.9
id-10655	8	12	1	6.5
id-10656	3	3	6	6.5
id-10657	2	4	13	6.7
id-10658	6	11	11	6.6
id-10659	1	2	15	5.4
id-10660	6	5	12	6.7
id-10661	5	8	5	6.3
id-10662	2	4	27	6.6
id-10663	2	3	5	6.2
id-10664	10	2	24	6.0
id-10665	7	14	12	6.6
id-10666	9	7	11	7.0
id-10667	4	4	23	6.2
id-10668	7	14	8	5.3
id-10669	10	14	26	5.5
id-10670	3	6	13	5.8
id-10671	4	6	6	5.9
id-10672	6	11	9	6.0
id-10673	1	2	29	5.2
id-10674	5	9	26	6.0
id-10675	9	3	13	6.8
id-10676	8	11	16	5.9
id-10677	3	3	15	6.0
id-10678	9	15	19	6.6
id-10679	9	9	10	5.1
id-10680	3	4	22	6.5
id-10681	8	15	29	6.5
id-10682	10	3	30	5.9
id-10683	10	15	19	5.9
id-10684	8	10	11	6.4
id-10685	5	8	25	5.9
id-10686	7	4	3	5.1
id-10687	4	6	9	6.0
id-10688	6	6	4	6.2
id-10689	9	11	1	6.9
id-10690	2	4	21	6.7
id-10691	2	3	2	6.3
id-10692	7	14	14	6.6
id-10693	9	5	1	5.5
id-10694	4	6	13	5.8
id-10695	8	9	24	6.0
id-10696	10	15	7	6.5
id-10697	7	14	29	6.0
id-10698	3	6	5	6.2
id-10699	2	4	24	6.0
id-10700	8	15	22	5.8
id-10701	10	15	20	7.0
id-10702	4	7	4	6.4
id-10703	3	5	7	5.5
id-10704	1	2	11	5.5
id-10705	6	12	11	5.6
id-10706	1	2	9	5.5
id-10707	4	7	24	6.7
id-10708	6	10	21	6.9
id-10709	2	3	2	5.4
id-10710	1	2	15	5.7
id-10711	3	4	12	6.3
id-10712	5	4	19	6.6
id-10713	7	13	20	5.2
id-10714	3	6	1	6.6
id-10715	7	9	23	5.2
id-10716	3	5	10	5.2
id-10717	3	6	18	6.1
id-10718	9	2	3	6.5
id-10719	9	10	20	5.9
id-10720	8	14	26	5.9
id-10721	4	2	24	5.2
id-10722	1	2	12	5.9
id-10723	6	6	22	6.9
id-10724	5	5	7	5.1
id-10725	4	6	10	6.8
id-10726	6	7	16	6.4
id-10727	9	12	22	6.1
id-10728	6	3	1	6.2
id-10729	1	2	4	5.0
id-10730	3	5	3	6.6
id-10731	8	7	11	6.7
id-10732	7	13	17	5.0
id-10733	1	2	28	5.8
id-10734	10	18	11	5.5
id-10735	3	6	19	6.0
id-10736	3	2	4	5.1
id-10737	4	5	10	6.5
id-10738	9	5	28	5.2
id-10739	8	10	29	5.1
id-10740	2	4	26	6.2
id-10741	6	5	25	6.0
id-10742	4	8	7	6.3
id-10743	5	5	27	5.9
id-10744	7	9	10	5.6
id-10745	2	4	12	6.0
id-10746	5	3	16	5.9
id-10747	6	12	5	6.6
id-10748	7	4	15	6.9
id-10749	10	18	18	5.9
id-10750	1	2	4	6.2
id-10751	7	6	20	5.6
id-10752	3	4	14	5.0
id-10753	8	13	16	5.6
id-10754	6	5	19	5.1
id-10755	8	13	21	6.5
id-10756	8	5	29	6.0
id-10757	3	2	1	5.3
id-10758	3	3	11	6.9
id-10759	2	3	1	5.9
id-10760	3	4	19	5.5
id-10761	5	7	20	5.9
id-10762	5	8	1	6.3
id-10763	8	5	2	6.0
id-10764	4	2	16	6.8
id-10765	6	7	2	6.9
id-10766	8	12	22	6.2
id-10767	3	5	27	6.4
id-10768	3	6	17	5.5
id-10769	1	2	11	6.9
id-10770	3	5	24	5.2
id-10771	2	3	30	5.7
id-10772	4	8	9	5.3
id-10773	1	2	26	6.6
id-10774	5	8	28	6.5
id-10775	4	3	14	5.2
id-10776	7	12	20	5.9
id-10777	2	2	9	5.6
id-10778	10	8	30	6.6
id-10779	3	4	22	6.4
id-10780	4	4	5	5.6
id-10781	5	6	3	6.6
id-10782	7	8	23	5.2
id-10783	9	10	27	6.4
id-10784	7	10	17	5.4
id-10785	2	3	19	6.3
id-10786	4	5	10	5.5
id-10787	7	4	12	5.6
id-10788	9	7	28	6.2
id-10789	8	11	4	6.6
id-10790	10	16	9	5.5
id-10791	5	7	15	5.7
id-10792	8	13	14	5.4
id-10793	3	2	1	5.2
id-10794	10	6	19	5.9
id-10795	9	17	12	6.9
id-10796	7	3	16	6.0
id-10797	10	2	1	6.4
id-10798	8	7	3	5.0
id-10799	10	19	19	5.1
id-10800	7	8	19	6.9
id-10801	2	2	7	5.4
id-10802	5	9	16	5.7
id-10803	8	2	4	5.7
id-10804	3	6	29	6.6
id-10805	6	5	23	6.0
id-10806	10	9	7	6.7
id-10807	3	5	2	6.5
id-10808	9	18	25	5.9
id-10809	10	5	18	6.2
id-10810	8	14	22	6.3
id-10811	7	10	7	6.1
id-10812	3	6	11	6.5
id-10813	10	18	18	6.0
id-10814	5	4	25	5.9
id-10815	5	7	15	6.2
id-10816	6	8	29	5.4
id-10817	9	12	4	5.7
id-10818	3	4	26	6.6
id-10819	3	3	8	5.4
id-10820	2	3	22	5.8
id-10821	10	17	27	5.4
id-10822	5	8	14	6.0
id-10823	3	4	4	6.8
id-10824	9	18	24	5.3
id-10825	1	2	24	5.2
id-10826	8	16	6	6.0
id-10827	4	2	22	6.8
id-10828	10	5	14	6.3
id-10829	6	7	2	5.9
id-10830	5	6	7	6.8
id-10831	4	2	22	6.5
id-10832	7	13	23	6.8
id-10833	5	6	8	5.2
id-10834	2	4	18	5.3
id-10835	9	7	5	6.6
id-10836	4	8	15	5.3
id-10837	6	7	3	5.9
id-10838	4	6	20	6.6
id-10839	4	4	3	5.8
id-10840	2	2	7	5.2
id-10841	10	12	30	6.2
id-10842	2	4	6	5.3
id-10843	3	4	23	6.2
id-10844	3	3	7	7.0
id-10845	2	3	19	6.3
id-10846	6	7	20	7.0
id-10847	3	3	4	6.2
id-10848	4	8	9	5.0
id-10849	1	2	15	6.2
id-10850	10	2	18	6.3
id-10851	6	8	7	6.3
id-10852	5	10	26	6.0
id-10853	1	2	16	6.5
id-10854	1	2	23	6.1
id-10855	6	5	23	5.1
id-10856	1	2	24	5.6
id-10857	7	5	4	5.9
id-10858	3	6	4	6.5
id-10859	7	12	3	5.2
id-10860	3	4	9	6.9
id-10861	9	16	28	5.3
id-10862	1	2	20	6.1
id-10863	3	3	11	5.8
id-10864	4	2	8	6.1
id-10865	6	2	18	5.9
id-10866	1	2	19	6.9
id-10867	5	4	7	5.9
id-10868	10	16	1	6.8
id-10869	9	12	28	6.9
id-10870	4	3	9	5.9
id-10871	2	3	12	6.9
id-10872	8	15	9	5.7
id-10873	8	8	21	5.7
id-10874	3	5	29	5.4
id-10875	7	2	23	5.8
id-10876	10	19	20	5.6
id-10877	2	2	7	6.9
id-10878	9	5	29	6.4
id-10879	6	8	29	5.6
id-10880	6	8	24	6.2
id-10881	5	8	6	6.2
id-10882	1	2	7	5.9
id-10883	3	3	7	6.8
id-10884	5	4	12	5.6
id-10885	3	6	26	6.3
id-10886	1	2	22	5.6
id-10887	10	17	16	5.5
id-10888	4	5	25	6.6
id-10889	4	7	28	5.5
id-10890	1	2	13	5.7
id-10891	5	8	15	5.1
id-10892	10	11	10	5.7
id-10893	2	3	28	6.5
id-10894	3	6	12	5.7
id-10895	7	2	25	5.1
id-10896	7	11	14	5.6
id-10897	2	3	5	5.0
id-10898	3	2	10	6.0
id-10899	9	2	27	6.5
id-10900	4	6	18	7.0
id-10901	8	15	20	6.4
id-10902	10	17	22	7.0
id-10903	2	3	20	5.9
id-10904	2	2	14	5.2
id-10905	3	3	29	5.7
id-10906	5	8	25	6.5
id-10907	8	9	13	6.9
id-10908	10	8	30	5.0
id-10909	1	2	12	5.6
id-10910	1	2	11	5.4
id-10911	10	6	3	6.5
id-10912	10	8	23	6.5
id-10913	8	9	9	5.3
id-10914	2	3	14	6.4
id-10915	5	3	1	5.4
id-10916	3	4	16	6.3
id-10917	5	7	7	5.4
id-10918	5	10	15	6.3
id-10919	8	14	24	7.0
id-10920	7	13	13	5.9
id-10921	10	14	26	6.7
id-10922	7	5	16	6.4
id-10923	10	10	29	5.1
id-10924	6	9	28	5.5
id-10925	8	14	1	6.7
id-10926	6	4	1	6.2
id-10927	6	9	3	6.9
id-10928	3	4	3	6.8
id-10929	5	7	9	5.9
id-10930	7	12	4	5.3
id-10931	4	2	21	5.8
id-10932	2	4	22	6.8
id-10933	6	10	29	5.1
id-10934	8	6	8	5.8
id-10935	10	4	5	5.5
id-10936	6	11	15	5.2
id-10937	7	6	7	5.7
id-10938	4	6	17	6.0
id-10939	10	17	5	5.7
id-10940	8	9	21	6.0
id-10941	9	6	3	6.4
id-10942	7	12	14	5.7
id-10943	8	9	26	6.4
id-10944	4	3	30	5.7
id-10945	1	2	14	5.2
id-10946	5	5	12	5.6
id-10947	9	11	20	5.6
id-10948	6	7	12	5.6
id-10949	4	6	9	6.1
id-10950	10	2	17	6.8
id-10951	5	3	5	5.1
id-10952	8	5	6	6.5
id-10953	3	5	5	6.9
id-10954	2	3	13	5.4
id-10955	7	13	7	5.9
id-10956	5	5	27	5.6
id-10957	2	2	26	6.1
id-10958	1	2	18	5.2
id-10959	1	2	12	6.0
id-10960	10	13	11	5.0
id-10961	4	4	11	6.2
id-10962	2	4	26	5.5
id-10963	6	3	10	5.6
id-10964	6	8	6	6.6
id-10965	8	13	25	5.7
id-10966	10	7	7	6.3
id-10967	3	6	21	5.0
id-10968	2	3	17	5.5
id-10969	5	10	14	6.9
id-10970	10	6	22	6.4
id-10971	9	13	10	7.0
id-10972	4	6	10	6.5
id-10973	8	16	22	6.2
id-10974	4	2	26	5.9
id-10975	7	4	20	5.4
id-10976	1	2	21	5.5
id-10977	6	6	23	5.1
id-10978	10	3	5	6.0
id-10979	6	2	12	5.3
id-10980	7	12	14	6.5
id-10981	10	13	17	6.9
id-10982	2	4	17	5.1
id-10983	9	12	30	6.7
id-10984	3	5	24	6.4
id-10985	9	7	4	5.9
id-10986	4	3	30	6.4
id-10987	9	18	29	5.3
id-10988	5	8	2	6.3
id-10989	5	6	8	5.1
id-10990	1	2	10	6.9
id-10991	8	13	30	5.2
id-10992	5	8	5	5.5
id-10993	3	6	30	5.7
id-10994	8	9	18	6.4
id-10995	2	4	25	5.7
id-10996	4	8	6	5.7
id-10997	4	3	5	6.3
id-10998	7	10	21	5.8
id-10999	3	3	19	5.3
id-11000	10	9	10	6.6
id-11001	2	4	18	5.0
id-11002	7	13	20	6.8
id-11003	2	2	5	5.6
id-11004	5	8	1	6.8
id-11005	9	18	23	5.1
id-11006	7	14	4	6.3
id-11007	1	2	7	7.0
id-11008	10	14	22	6.3
id-11009	1	2	28	6.1
id-11010	9	17	27	6.9
id-11011	10	18	17	6.6
id-11012	9	15	13	5.2
id-11013	3	5	22	5.3
id-11014	7	3	25	5.9
id-11015	10	19	1	6.1
id-11016	6	10	29	5.7
id-11017	6	10	19	5.7
id-11018	6	6	14	5.8
id-11019	6	10	23	5.5
id-11020	4	8	18	6.2
id-11021	8	3	12	5.2
id-11022	10	20	18	6.9
id-11023	4	3	19	5.7
id-11024	3	6	17	6.2
id-11025	2	2	17	5.6
id-11026	5	5	9	5.8
id-11027	10	7	19	6.6
id-11028	6	9	17	6.8
id-11029	3	5	23	5.7
id-11030	2	4	22	5.4
id-11031	2	3	10	5.1
id-11032	6	10	14	6.6
id-11033	10	19	17	6.2
id-11034	9	6	4	6.8
id-11035	5	10	30	6.5
id-11036	7	10	1	6.9
id-11037	8	10	1	5.3
id-11038	8	6	15	6.5
id-11039	9	15	5	7.0
id-11040	10	14	7	6.3
id-11041	8	16	26	6.5
id-11042	2	3	18	5.7
id-11043	3	6	1	5.9
id-11044	6	12	14	5.6
id-11045	1	2	18	6.7
id-11046	3	2	10	5.2
id-11047	1	2	27	6.9
id-11048	7	11	17	6.8
id-11049	2	3	8	6.6
id-11050	4	5	18	7.0
id-11051	1	2	29	5.4
id-11052	5	9	27	5.6
id-11053	1	2	4	5.2
id-11054	6	11	12	6.2
id-11055	10	13	20	5.3
id-11056	1	2	24	6.6
id-11057	7	4	29	5.3
id-11058	6	6	28	5.8
id-11059	8	7	12	7.0
id-11060	9	11	9	5.5
id-11061	3	2	27	6.9
id-11062	5	2	18	5.5
id-11063	7	7	27	5.9
id-11064	1	2	4	5.3
id-11065	5	7	17	5.4
id-11066	2	4	20	5.3
id-11067	8	16	14	5.1
id-11068	3	2	29	6.9
id-11069	5	10	29	6.2
id-11070	1	2	30	6.7
id-11071	7	11	10	6.4
id-11072	6	2	4	5.8
id-11073	7	8	5	5.7
id-11074	5	8	29	6.8
id-11075	7	4	19	6.9
id-11076	2	4	10	6.2
id-11077	3	5	21	6.1
id-11078	2	2	24	5.3
id-11079	7	9	6	6.5
id-11080	6	6	17	6.8
id-11081	2	4	19	6.4
id-11082	1	2	20	6.6
id-11083	8	12	17	5.8
id-11084	8	8	22	5.8
id-11085	2	4	12	6.1
id-11086	10	2	26	5.0
id-11087	1	2	11	5.4
id-11088	1	2	12	6.5
id-11089	10	15	8	6.3
id-11090	7	3	23	6.2
id-11091	10	15	26	5.2
id-11092	6	12	13	5.1
id-11093	10	10	10	6.0
id-11094	7	6	17	5.6
id-11095	10	11	8	5.4
id-11096	4	8	17	5.5
id-11097	9	13	23	6.0
id-11098	2	3	28	6.3
id-11099	10	2	16	5.3
id-11100	1	2	30	5.6
id-11101	8	14	5	6.3
id-11102	5	10	18	5.5
id-11103	9	3	10	6.5
id-11104	9	17	14	6.7
id-11105	7	10	23	5.0
id-11106	7	10	19	5.5
id-11107	6	2	21	6.7
id-11108	3	3	26	6.9
id-11109	2	3	17	5.6
id-11110	10	14	15	5.6
id-11111	10	5	10	6.8
id-11112	9	3	14	6.2
id-11113	5	9	13	5.8
id-11114	3	3	4	7.0
id-11115	5	4	22	6.9
id-11116	4	5	21	5.6
id-11117	10	14	4	5.9
id-11118	6	5	3	5.6
id-11119	6	4	25	6.8
id-11120	10	19	29	6.2
id-11121	9	10	10	5.3
id-11122	2	4	11	6.1
id-11123	8	3	27	6.6
id-11124	8	7	7	6.7
id-11125	2	2	5	6.6
id-11126	8	5	11	6.0
id-11127	1	2	11	5.2
id-11128	7	7	16	5.3
id-11129	5	2	19	5.5
id-11130	8	2	12	5.3
id-11131	6	6	8	6.2
id-11132	6	8	14	5.9
id-11133	4	4	16	6.3
id-11134	1	2	9	6.1
id-11135	5	4	26	6.1
id-11136	6	5	16	5.7
id-11137	10	10	1	5.3
id-11138	5	2	4	5.3
id-11139	10	2	26	5.7
id-11140	3	5	22	5.2
id-11141	8	3	10	6.1
id-11142	4	5	25	6.1
id-11143	8	13	3	6.3
id-11144	1	2	23	6.7
id-11145	8	7	23	5.3
id-11146	9	6	21	6.8
id-11147	4	3	10	6.3
id-11148	1	2	29	5.3
id-11149	1	2	27	5.2
id-11150	5	2	6	6.5
id-11151	9	9	20	5.3
id-11152	9	8	12	5.0
id-11153	7	13	6	5.4
id-11154	6	6	22	5.9
id-11155	10	17	7	6.6
id-11156	5	6	23	6.6
id-11157	10	12	14	6.7
id-11158	5	9	30	5.6
id-11159	3	3	3	6.8
id-11160	6	8	28	6.7
id-11161	1	2	14	6.8
id-11162	4	8	22	5.3
id-11163	2	4	29	5.3
id-11164	2	4	23	5.8
id-11165	5	2	23	5.6
id-11166	10	3	19	5.7
id-11167	5	7	9	5.7
id-11168	7	8	11	5.6
id-11169	6	4	13	6.5
id-11170	2	3	15	5.7
id-11171	1	2	22	6.9
id-11172	4	5	27	5.4
id-11173	4	6	10	6.0
id-11174	9	13	16	6.5
id-11175	2	3	15	5.4
id-11176	8	3	4	5.7
id-11177	4	6	14	5.2
id-11178	9	3	12	6.8
id-11179	4	8	30	6.4
id-11180	5	6	19	5.3
id-11181	6	8	6	5.9
id-11182	6	9	15	6.2
id-11183	4	2	11	6.8
id-11184	3	3	13	6.3
id-11185	5	7	25	5.7
id-11186	9	13	1	6.5
id-11187	7	14	8	5.5
id-11188	9	5	29	5.4
id-11189	10	4	18	5.7
id-11190	7	9	26	5.1
id-11191	4	6	2	6.0
id-11192	5	2	26	6.7
id-11193	7	4	24	6.8
id-11194	7	6	29	6.5
id-11195	4	2	12	6.5
id-11196	4	8	15	6.3
id-11197	4	5	5	6.0
id-11198	3	5	22	6.5
id-11199	9	14	22	5.7
id-11200	5	2	1	6.5
id-11201	9	15	2	6.3
id-11202	10	3	28	6.3
id-11203	9	18	2	5.8
id-11204	9	3	2	6.1
id-11205	8	5	16	5.3
id-11206	5	8	20	5.8
id-11207	9	15	30	6.7
id-11208	9	18	7	5.8
id-11209	3	3	26	5.7
id-11210	5	7	29	6.4
id-11211	8	5	27	6.3
id-11212	8	10	1	5.8
id-11213	3	6	17	6.5
id-11214	6	11	5	6.7
id-11215	7	6	1	5.3
id-11216	5	8	22	6.1
id-11217	1	2	30	5.1
id-11218	9	2	27	5.4
id-11219	4	7	18	5.3
id-11220	6	5	24	7.0
id-11221	4	3	18	5.9
id-11222	3	4	27	5.1
id-11223	9	18	4	5.0
id-11224	10	14	1	5.9
id-11225	9	5	18	6.7
id-11226	6	8	10	6.0
id-11227	3	3	8	6.9
id-11228	10	8	4	6.8
id-11229	3	3	29	6.8
id-11230	6	5	22	5.9
id-11231	8	14	12	5.7
id-11232	10	10	4	6.3
id-11233	7	5	28	5.2
id-11234	6	3	5	6.9
id-11235	3	3	20	6.8
id-11236	9	7	9	6.4
id-11237	7	4	6	6.1
id-11238	10	6	23	6.4
id-11239	4	7	17	6.6
id-11240	10	6	21	5.8
id-11241	9	11	14	5.6
id-11242	6	11	17	6.9
id-11243	5	5	11	5.3
id-11244	10	20	6	6.3
id-11245	10	12	5	5.7
id-11246	9	3	18	5.4
id-11247	9	9	18	6.4
id-11248	10	17	26	5.7
id-11249	2	3	2	5.4
id-11250	3	3	6	5.6
id-11251	10	19	14	5.0
id-11252	1	2	20	6.8
id-11253	4	7	25	6.5
id-11254	4	6	23	5.1
id-11255	8	13	11	5.1
id-11256	3	2	29	6.9
id-11257	9	6	1	5.6
id-11258	1	2	22	5.2
id-11259	3	6	30	6.4
id-11260	7	7	27	5.8
id-11261	3	2	8	6.1
id-11262	8	16	3	6.9
id-11263	2	2	7	6.0
id-11264	8	3	17	6.8
id-11265	2	4	7	5.8
id-11266	2	3	3	5.0
id-11267	4	2	25	6.8
id-11268	6	4	10	6.4
id-11269	2	2	2	5.6
id-11270	7	14	4	5.1
id-11271	8	6	20	6.8
id-11272	8	9	14	6.1
id-11273	1	2	1	6.8
id-11274	1	2	15	7.0
id-11275	1	2	26	5.3
id-11276	4	2	7	6.3
id-11277	2	4	19	6.2
id-11278	10	6	30	6.0
id-11279	10	17	2	6.7
id-11280	9	17	7	6.7
id-11281	7	6	19	5.8
id-11282	8	11	30	5.5
id-11283	4	8	7	5.4
id-11284	5	7	15	5.9
id-11285	2	3	26	6.6
id-11286	2	3	17	6.5
id-11287	8	14	26	5.2
id-11288	10	2	25	6.6
id-11289	6	8	2	6.2
id-11290	4	3	15	5.7
id-11291	1	2	26	5.1
id-11292	5	5	10	6.7
id-11293	7	2	11	5.3
id-11294	8	9	1	5.1
id-11295	1	2	5	6.2
id-11296	10	7	3	5.3
id-11297	8	14	18	5.7
id-11298	4	4	13	6.7
id-11299	9	3	20	5.0
id-11300	7	12	17	5.7
id-11301	1	2	2	5.6
id-11302	9	7	17	5.2
id-11303	5	3	8	6.2
id-11304	10	8	26	5.9
id-11305	2	3	21	5.7
id-11306	3	3	20	5.8
id-11307	10	19	3	6.7
id-11308	5	3	5	5.5
id-11309	6	11	17	6.2
id-11310	2	3	8	6.2
id-11311	4	4	1	6.8
id-11312	4	4	29	6.3
id-11313	6	7	15	5.0
id-11314	3	5	7	5.1
id-11315	4	5	3	5.7
id-11316	8	6	24	6.9
id-11317	10	18	6	6.4
id-11318	5	2	25	5.0
id-11319	9	5	29	6.4
id-11320	6	9	9	5.3
id-11321	9	3	6	6.6
id-11322	2	3	5	5.7
id-11323	7	6	8	5.4
id-11324	6	11	24	6.5
id-11325	3	3	1	5.6
id-11326	8	11	23	5.1
id-11327	3	4	20	7.0
id-11328	6	11	7	6.8
id-11329	10	13	10	6.4
id-11330	9	12	18	5.4
id-11331	6	11	30	5.1
id-11332	1	2	30	6.0
id-11333	4	3	1	6.9
id-11334	4	4	12	7.0
id-11335	1	2	23	5.0
id-11336	9	12	27	6.3
id-11337	5	9	23	6.9
id-11338	2	2	23	5.5
id-11339	3	5	2	6.8
id-11340	4	5	16	5.4
id-11341	7	11	26	6.8
id-11342	1	2	24	5.6
id-11343	7	4	19	6.4
id-11344	8	10	3	6.2
id-11345	5	6	27	5.8
id-11346	8	11	22	5.7
id-11347	3	2	30	6.2
id-11348	3	3	24	5.8
id-11349	5	8	18	6.9
id-11350	6	3	27	5.2
id-11351	7	8	15	5.8
id-11352	9	5	5	5.3
id-11353	1	2	10	5.6
id-11354	3	3	4	6.7
id-11355	4	6	13	5.7
id-11356	4	7	13	7.0
id-11357	10	19	9	6.5
id-11358	2	4	5	5.5
id-11359	3	6	28	6.8
id-11360	6	9	9	5.6
id-11361	4	4	11	6.7
id-11362	2	3	29	6.2
id-11363	7	6	1	5.8
id-11364	8	9	14	5.0
id-11365	5	2	23	5.6
id-11366	1	2	24	5.5
id-11367	6	5	8	5.2
id-11368	8	4	8	5.9
id-11369	5	3	13	6.4
id-11370	1	2	17	5.0
id-11371	2	2	17	6.0
id-11372	1	2	5	5.7
id-11373	3	3	10	6.4
id-11374	9	6	18	6.1
id-11375	7	10	25	5.4
id-11376	8	6	7	6.0
id-11377	8	12	20	5.9
id-11378	2	2	29	6.0
id-11379	3	6	22	5.9
id-11380	10	3	7	6.4
id-11381	7	12	11	6.1
id-11382	1	2	16	5.7
id-11383	5	8	26	6.0
id-11384	1	2	4	6.6
id-11385	2	3	24	6.5
id-11386	2	4	12	5.7
id-11387	7	10	9	6.1
id-11388	3	4	5	6.5
id-11389	3	5	5	5.6
id-11390	10	7	3	5.2
id-11391	6	3	5	6.3
id-11392	10	10	27	5.5
id-11393	5	6	19	6.5
id-11394	9	16	15	5.4
id-11395	4	4	12	5.2
id-11396	4	7	25	6.9
id-11397	1	2	22	6.0
id-11398	10	3	4	6.5
id-11399	3	6	29	5.4
id-11400	1	2	12	6.6
id-11401	10	16	20	6.6
id-11402	3	6	29	7.0
id-11403	9	2	1	6.6
id-11404	4	5	13	6.0
id-11405	7	4	25	6.3
id-11406	7	7	8	7.0
id-11407	5	6	2	6.8
id-11408	1	2	10	6.8
id-11409	9	11	20	6.8
id-11410	4	2	8	6.3
id-11411	6	2	17	7.0
id-11412	5	7	20	6.9
id-11413	4	2	30	5.7
id-11414	1	2	13	6.3
id-11415	3	2	28	6.9
id-11416	6	6	24	6.1
id-11417	7	12	25	6.6
id-11418	3	4	1	5.9
id-11419	8	2	20	5.1
id-11420	6	5	15	6.8
id-11421	6	8	19	5.8
id-11422	3	6	24	5.9
id-11423	3	5	4	5.1
id-11424	5	10	7	6.3
id-11425	2	2	24	6.8
id-11426	6	4	15	5.8
id-11427	8	9	5	6.5
id-11428	8	11	27	5.9
id-11429	6	11	25	5.1
id-11430	6	10	18	6.2
id-11431	2	2	21	6.7
id-11432	2	2	5	5.7
id-11433	2	2	29	6.7
id-11434	2	2	25	6.7
id-11435	4	3	29	5.9
id-11436	10	4	27	6.1
id-11437	2	4	22	6.5
id-11438	1	2	17	6.1
id-11439	6	10	12	5.2
id-11440	9	18	28	5.0
id-11441	10	12	7	6.3
id-11442	5	8	25	6.7
id-11443	7	6	25	6.5
id-11444	9	10	26	6.5
id-11445	10	19	21	6.2
id-11446	8	10	29	6.2
id-11447	1	2	22	5.4
id-11448	7	7	23	5.1
id-11449	4	6	1	5.6
id-11450	8	9	18	6.0
id-11451	3	5	21	6.0
id-11452	4	8	6	6.9
id-11453	6	3	28	6.4
id-11454	1	2	15	6.6
id-11455	9	2	16	5.3
id-11456	1	2	4	5.8
id-11457	2	2	1	6.6
id-11458	8	15	30	5.4
id-11459	10	7	2	6.1
id-11460	8	15	20	6.4
id-11461	4	4	29	6.8
id-11462	4	6	3	6.8
id-11463	9	2	22	5.6
id-11464	5	7	5	5.1
id-11465	10	9	1	6.2
id-11466	3	3	6	5.7
id-11467	7	10	28	6.4
id-11468	4	3	13	5.0
id-11469	2	4	10	6.4
id-11470	4	5	2	5.2
id-11471	8	3	6	5.2
id-11472	6	10	7	6.0
id-11473	5	10	17	5.6
id-11474	1	2	11	5.8
id-11475	2	3	29	6.9
id-11476	2	4	29	5.5
id-11477	5	2	8	6.6
id-11478	8	12	21	6.8
id-11479	6	9	26	6.9
id-11480	1	2	3	6.1
id-11481	3	5	1	5.9
id-11482	5	7	25	6.0
id-11483	1	2	30	6.4
id-11484	3	6	17	5.9
id-11485	9	17	11	6.1
id-11486	6	3	10	6.8
id-11487	8	3	4	6.6
id-11488	2	2	6	5.5
id-11489	3	5	11	6.3
id-11490	3	3	24	7.0
id-11491	1	2	23	5.4
id-11492	8	10	11	6.3
id-11493	8	3	10	6.9
id-11494	1	2	14	6.6
id-11495	5	7	10	6.3
id-11496	3	4	25	5.8
id-11497	4	4	16	6.6
id-11498	6	9	6	5.3
id-11499	9	12	28	7.0
id-11500	2	4	28	6.0
id-11501	4	6	6	6.5
id-11502	10	3	15	5.7
id-11503	8	13	6	6.2
id-11504	10	8	11	6.0
id-11505	10	13	11	5.9
id-11506	6	9	16	5.6
id-11507	1	2	22	6.9
id-11508	2	4	11	5.9
id-11509	3	2	11	6.9
id-11510	1	2	7	5.0
id-11511	6	2	11	6.5
id-11512	2	2	19	6.1
id-11513	2	3	12	6.1
id-11514	10	2	4	6.5
id-11515	8	15	7	6.7
id-11516	9	3	7	6.7
id-11517	9	3	5	6.6
id-11518	8	16	24	5.6
id-11519	8	2	12	5.4
id-11520	10	19	27	5.7
id-11521	2	3	16	5.6
id-11522	5	3	4	5.3
id-11523	5	2	20	5.8
id-11524	7	11	1	6.8
id-11525	2	4	15	6.5
id-11526	3	2	28	5.1
id-11527	6	3	22	5.0
id-11528	7	13	18	5.1
id-11529	6	9	3	6.7
id-11530	10	2	10	5.9
id-11531	1	2	20	6.5
id-11532	1	2	21	5.3
id-11533	4	2	24	6.9
id-11534	8	11	4	5.6
id-11535	8	12	4	5.2
id-11536	3	4	15	5.5
id-11537	5	3	4	5.1
id-11538	5	8	27	6.6
id-11539	3	5	7	6.4
id-11540	5	10	6	6.7
id-11541	10	8	25	5.0
id-11542	4	3	21	5.2
id-11543	6	4	10	5.5
id-11544	4	2	5	5.4
id-11545	9	9	13	6.4
id-11546	1	2	9	5.2
id-11547	2	4	26	5.2
id-11548	1	2	25	6.3
id-11549	1	2	6	5.2
id-11550	9	9	14	5.5
id-11551	5	4	19	5.7
id-11552	5	4	1	5.5
id-11553	5	6	24	6.5
id-11554	8	8	15	5.4
id-11555	3	5	27	5.8
id-11556	9	12	30	5.9
id-11557	9	10	24	5.6
id-11558	5	5	18	6.6
id-11559	6	3	11	5.9
id-11560	4	4	23	5.9
id-11561	6	4	5	7.0
id-11562	2	2	7	5.2
id-11563	2	4	23	6.8
id-11564	5	9	18	6.4
id-11565	6	6	19	6.7
id-11566	6	3	14	6.1
id-11567	7	9	14	5.5
id-11568	7	6	4	6.7
id-11569	4	2	26	6.1
id-11570	6	6	9	5.7
id-11571	5	6	27	5.7
id-11572	4	5	14	5.8
id-11573	10	16	27	6.5
id-11574	7	2	16	5.7
id-11575	10	4	10	5.2
id-11576	10	12	3	5.7
id-11577	7	2	25	6.4
id-11578	6	5	13	5.3
id-11579	10	8	30	6.0
id-11580	10	13	7	6.2
id-11581	1	2	10	6.6
id-11582	7	7	22	6.7
id-11583	7	12	24	5.2
id-11584	2	2	19	5.6
id-11585	4	5	16	5.6
id-11586	4	8	28	6.6
id-11587	10	17	23	5.8
id-11588	5	7	3	6.7
id-11589	9	6	1	5.1
id-11590	5	3	5	5.4
id-11591	5	5	28	6.6
id-11592	5	6	8	5.3
id-11593	2	3	17	6.6
id-11594	8	14	3	6.5
id-11595	6	8	24	6.7
id-11596	7	3	14	5.0
id-11597	4	2	29	6.2
id-11598	9	9	15	6.1
id-11599	1	2	17	6.9
id-11600	6	7	28	6.5
id-11601	4	8	9	6.8
id-11602	4	2	23	5.9
id-11603	1	2	17	5.1
id-11604	8	15	18	6.0
id-11605	1	2	8	6.7
id-11606	8	8	1	5.9
id-11607	4	5	25	5.8
id-11608	2	2	20	6.5
id-11609	7	9	27	6.3
id-11610	3	5	8	6.6
id-11611	6	10	29	6.0
id-11612	3	4	19	6.8
id-11613	8	7	28	6.7
id-11614	9	4	14	6.4
id-11615	6	9	14	6.8
id-11616	10	15	1	5.6
id-11617	7	10	4	5.1
id-11618	9	13	16	6.6
id-11619	7	7	18	5.6
id-11620	2	4	19	5.3
id-11621	9	15	19	5.7
id-11622	5	9	12	5.8
id-11623	8	2	21	5.8
id-11624	6	12	17	5.4
id-11625	2	3	21	5.8
id-11626	2	3	22	5.3
id-11627	10	12	18	6.1
id-11628	2	3	22	6.2
id-11629	2	4	4	6.4
id-11630	7	3	30	6.9
id-11631	1	2	10	6.7
id-11632	7	2	7	6.3
id-11633	10	10	5	6.4
id-11634	7	13	19	6.9
id-11635	6	5	28	5.8
id-11636	4	2	14	5.4
id-11637	6	4	27	6.8
id-11638	7	9	22	6.5
id-11639	3	5	2	6.7
id-11640	1	2	6	6.1
id-11641	1	2	8	6.1
id-11642	8	8	4	6.7
id-11643	1	2	12	6.4
id-11644	10	19	5	5.7
id-11645	10	16	6	5.7
id-11646	9	4	10	5.3
id-11647	7	9	1	6.1
id-11648	6	5	19	5.0
id-11649	1	2	29	6.1
id-11650	7	10	27	5.5
id-11651	3	6	29	5.1
id-11652	5	4	30	6.5
id-11653	8	4	2	6.4
id-11654	10	15	25	6.5
id-11655	4	6	7	6.8
id-11656	3	3	10	6.7
id-11657	5	3	2	5.3
id-11658	6	9	17	5.5
id-11659	2	2	6	6.8
id-11660	4	2	21	6.5
id-11661	7	14	17	6.6
id-11662	5	2	26	6.0
id-11663	1	2	25	6.3
id-11664	9	8	18	6.5
id-11665	6	7	13	6.6
id-11666	4	2	30	5.6
id-11667	1	2	16	5.2
id-11668	10	15	28	6.0
id-11669	2	2	10	5.7
id-11670	2	2	15	5.6
id-11671	2	2	13	6.6
id-11672	6	7	4	5.7
id-11673	4	2	23	5.7
id-11674	3	6	10	6.2
id-11675	9	4	13	5.7
id-11676	1	2	14	6.4
id-11677	3	2	26	6.7
id-11678	7	10	13	6.4
id-11679	10	9	6	6.6
id-11680	5	9	14	7.0
id-11681	6	9	7	6.9
id-11682	3	3	13	6.4
id-11683	10	14	22	5.1
id-11684	2	4	5	5.5
id-11685	8	15	30	6.9
id-11686	1	2	28	6.7
id-11687	4	7	23	6.7
id-11688	5	10	2	6.9
id-11689	7	7	12	6.3
id-11690	1	2	4	6.1
id-11691	6	7	24	5.5
id-11692	5	6	6	6.1
id-11693	10	13	9	6.0
id-11694	6	9	17	7.0
id-11695	8	5	8	6.0
id-11696	1	2	25	6.3
id-11697	7	10	30	6.8
id-11698	3	4	1	5.2
id-11699	8	9	6	6.7
id-11700	9	17	4	5.4
id-11701	3	3	16	5.6
id-11702	7	11	12	5.5
id-11703	1	2	1	5.2
id-11704	6	10	16	6.7
id-11705	4	3	17	5.2
id-11706	10	11	12	5.8
id-11707	3	3	1	5.4
id-11708	7	9	2	6.7
id-11709	1	2	1	6.8
id-11710	10	20	23	5.3
id-11711	5	3	21	6.5
id-11712	4	2	3	6.2
id-11713	9	17	4	6.0
id-11714	5	10	1	5.2
id-11715	9	13	17	6.2
id-11716	10	16	16	6.5
id-11717	6	11	19	6.3
id-11718	7	12	21	7.0
id-11719	8	13	9	5.3
id-11720	3	2	28	6.3
id-11721	4	7	18	5.3
id-11722	1	2	14	7.0
id-11723	3	5	20	6.5
id-11724	10	2	29	6.4
id-11725	3	3	9	6.8
id-11726	4	7	2	5.2
id-11727	3	2	13	6.7
id-11728	9	9	27	5.1
id-11729	8	4	8	5.1
id-11730	8	12	1	5.7
id-11731	5	4	4	6.3
id-11732	3	4	21	6.0
id-11733	4	5	24	6.3
id-11734	6	4	9	6.7
id-11735	4	8	2	5.8
id-11736	6	8	11	6.7
id-11737	1	2	17	6.4
id-11738	10	3	8	5.1
id-11739	3	6	11	5.1
id-11740	6	9	7	6.6
id-11741	4	3	6	5.0
id-11742	9	12	25	5.5
id-11743	4	7	9	6.3
id-11744	5	5	9	5.8
id-11745	1	2	15	5.3
id-11746	1	2	30	5.3
id-11747	4	7	6	5.9
id-11748	3	2	20	6.3
id-11749	8	3	8	6.4
id-11750	3	5	25	5.4
id-11751	2	4	25	6.3
id-11752	6	9	1	5.9
id-11753	1	2	8	5.5
id-11754	8	15	7	6.3
id-11755	8	15	24	6.2
id-11756	7	7	26	5.2
id-11757	5	3	8	5.1
id-11758	2	3	11	6.1
id-11759	10	11	19	6.7
id-11760	2	4	13	6.8
id-11761	1	2	8	6.4
id-11762	8	5	3	5.4
id-11763	5	8	26	5.7
id-11764	5	5	26	6.1
id-11765	1	2	11	6.3
id-11766	4	6	2	5.6
id-11767	5	7	18	6.9
id-11768	7	8	20	6.7
id-11769	8	8	4	6.2
id-11770	6	9	21	6.8
id-11771	1	2	3	7.0
id-11772	4	8	10	6.1
id-11773	6	3	2	6.3
id-11774	6	2	25	5.8
id-11775	3	6	5	5.2
id-11776	8	12	1	5.1
id-11777	8	14	5	6.5
id-11778	1	2	22	6.6
id-11779	4	7	4	6.9
id-11780	6	3	14	5.7
id-11781	9	7	1	6.3
id-11782	8	15	17	5.3
id-11783	10	12	1	5.9
id-11784	7	11	21	5.4
id-11785	5	3	1	7.0
id-11786	5	6	21	5.1
id-11787	2	2	21	5.8
id-11788	2	3	13	6.3
id-11789	7	12	28	6.1
id-11790	9	5	21	5.4
id-11791	5	10	30	6.7
id-11792	2	2	8	6.9
id-11793	7	12	5	5.4
id-11794	5	3	5	6.0
id-11795	3	6	14	6.5
id-11796	3	6	5	5.3
id-11797	2	4	24	5.7
id-11798	4	2	29	6.5
id-11799	7	3	15	5.8
id-11800	6	2	28	6.8
id-11801	7	7	20	5.4
id-11802	3	4	26	5.8
id-11803	3	5	10	5.8
id-11804	8	13	24	5.4
id-11805	7	6	22	5.6
id-11806	10	5	19	6.7
id-11807	4	3	17	6.0
id-11808	7	11	16	5.3
id-11809	9	18	11	6.4
id-11810	5	7	30	6.0
id-11811	5	8	14	5.8
id-11812	5	5	23	5.0
id-11813	10	16	25	5.5
id-11814	6	6	23	5.5
id-11815	1	2	3	6.5
id-11816	2	4	12	6.4
id-11817	2	2	10	6.8
id-11818	7	6	28	5.6
id-11819	10	17	12	5.1
id-11820	10	9	16	5.9
id-11821	5	8	4	5.5
id-11822	7	10	6	5.8
id-11823	10	6	18	5.9
id-11824	9	10	16	5.5
id-11825	9	11	15	5.5
id-11826	2	3	9	5.2
id-11827	8	7	3	6.9
id-11828	6	11	2	5.0
id-11829	6	11	23	5.5
id-11830	3	4	2	6.2
id-11831	3	2	21	5.1
id-11832	2	4	28	6.0
id-11833	3	4	10	5.8
id-11834	4	8	25	6.6
id-11835	1	2	19	5.7
id-11836	2	2	25	5.9
id-11837	7	8	3	6.7
id-11838	9	8	30	6.6
id-11839	6	6	5	5.3
id-11840	9	12	23	6.7
id-11841	1	2	27	5.8
id-11842	5	7	24	5.4
id-11843	4	7	6	6.6
id-11844	2	3	9	6.0
id-11845	1	2	8	6.8
id-11846	9	15	9	5.9
id-11847	6	8	29	5.5
id-11848	6	8	30	6.4
id-11849	9	2	24	6.6
id-11850	10	6	22	5.8
id-11851	4	2	2	5.3
id-11852	10	16	29	6.3
id-11853	8	8	28	5.9
id-11854	4	3	14	6.8
id-11855	7	3	13	5.9
id-11856	9	10	20	5.4
id-11857	5	10	13	6.0
id-11858	10	10	3	6.8
id-11859	6	6	5	5.2
id-11860	6	6	9	6.5
id-11861	6	11	22	6.6
id-11862	5	7	22	6.1
id-11863	8	16	16	5.2
id-11864	9	6	7	5.0
id-11865	4	5	24	5.2
id-11866	2	3	3	6.2
id-11867	8	8	3	5.2
id-11868	2	3	17	5.1
id-11869	1	2	12	5.1
id-11870	9	15	20	6.4
id-11871	5	7	16	6.1
id-11872	1	2	8	5.9
id-11873	5	4	25	5.9
id-11874	9	12	13	5.4
id-11875	2	2	23	6.0
id-11876	5	5	12	6.9
id-11877	4	7	19	5.8
id-11878	8	4	3	6.7
id-11879	7	9	5	6.9
id-11880	1	2	8	5.8
id-11881	1	2	22	5.4
id-11882	9	14	17	5.3
id-11883	10	16	27	5.6
id-11884	1	2	11	5.6
id-11885	3	5	25	6.8
id-11886	3	3	13	6.1
id-11887	2	2	7	6.9
id-11888	6	9	7	6.2
id-11889	4	5	3	7.0
id-11890	10	4	30	6.7
id-11891	2	4	21	6.1
id-11892	2	2	29	5.5
id-11893	5	3	13	6.3
id-11894	1	2	26	6.2
id-11895	10	7	10	6.5
id-11896	2	2	10	5.9
id-11897	10	10	9	6.2
id-11898	8	3	17	5.5
id-11899	4	4	30	6.0
id-11900	5	7	11	6.1
id-11901	1	2	28	5.1
id-11902	5	7	28	6.2
id-11903	3	3	26	6.5
id-11904	6	10	22	6.8
id-11905	8	4	6	6.8
id-11906	9	9	9	5.9
id-11907	3	6	1	6.9
id-11908	8	13	12	5.9
id-11909	10	20	9	6.2
id-11910	10	11	16	6.4
id-11911	2	4	1	5.4
id-11912	6	5	30	5.6
id-11913	5	2	25	5.7
id-11914	3	4	26	5.3
id-11915	1	2	21	5.8
id-11916	1	2	2	5.0
id-11917	8	9	4	6.9
id-11918	4	2	21	6.8
id-11919	3	6	2	5.3
id-11920	10	19	8	6.1
id-11921	8	11	22	6.3
id-11922	3	5	30	6.3
id-11923	2	2	25	6.4
id-11924	7	9	30	6.6
id-11925	7	4	4	5.8
id-11926	8	7	6	6.9
id-11927	6	6	5	6.2
id-11928	7	3	4	6.4
id-11929	1	2	21	5.4
id-11930	3	2	13	6.8
id-11931	7	5	3	5.5
id-11932	6	3	5	6.8
id-11933	3	6	3	6.6
id-11934	3	3	11	5.3
id-11935	2	2	16	5.7
id-11936	3	3	8	5.2
id-11937	9	17	4	5.9
id-11938	6	9	1	5.5
id-11939	4	2	7	5.2
id-11940	10	17	10	6.1
id-11941	9	9	12	6.0
id-11942	5	7	1	6.5
id-11943	10	20	13	6.4
id-11944	10	12	1	5.1
id-11945	4	8	3	5.6
id-11946	9	2	27	5.1
id-11947	1	2	14	6.2
id-11948	7	14	8	6.6
id-11949	7	11	28	5.1
id-11950	3	4	23	5.8
id-11951	2	3	3	6.3
id-11952	9	17	18	6.3
id-11953	9	13	13	6.3
id-11954	6	6	10	6.9
id-11955	6	5	24	6.7
id-11956	9	4	24	5.1
id-11957	5	7	23	5.7
id-11958	1	2	19	6.6
id-11959	6	3	27	5.0
id-11960	10	6	25	5.2
id-11961	5	3	18	6.1
id-11962	7	6	27	6.1
id-11963	9	16	29	5.6
id-11964	9	11	24	5.2
id-11965	7	7	2	5.7
id-11966	1	2	8	6.0
id-11967	4	8	30	5.3
id-11968	3	3	26	5.1
id-11969	4	5	5	6.5
id-11970	3	5	12	5.6
id-11971	8	3	25	6.2
id-11972	1	2	3	6.3
id-11973	1	2	11	6.8
id-11974	9	2	2	6.2
id-11975	9	18	8	5.0
id-11976	8	15	8	5.0
id-11977	3	2	25	5.9
id-11978	3	4	25	5.7
id-11979	4	8	11	5.0
id-11980	5	2	4	5.0
id-11981	7	14	2	5.2
id-11982	7	14	1	6.2
id-11983	4	4	23	5.2
id-11984	8	4	8	6.7
id-11985	10	13	7	5.4
id-11986	6	9	25	6.2
id-11987	9	10	2	6.6
id-11988	6	8	25	5.7
id-11989	2	2	28	5.1
id-11990	3	5	17	6.4
id-11991	2	2	8	6.2
id-11992	7	4	24	6.0
id-11993	8	10	19	7.0
id-11994	6	7	6	6.6
id-11995	10	19	15	5.0
id-11996	3	2	30	6.0
id-11997	2	2	18	5.8
id-11998	1	2	21	6.3
id-11999	8	5	5	5.3
id-12000	6	5	3	5.2
id-12001	8	2	28	5.2
id-12002	4	5	29	5.9
id-12003	1	2	2	6.5
id-12004	3	6	22	5.7
id-12005	6	7	14	6.7
id-12006	1	2	22	6.5
id-12007	6	9	15	6.9
id-12008	9	12	24	5.4
id-12009	4	3	6	5.8
id-12010	10	9	6	7.0
id-12011	6	3	3	5.8
id-12012	4	6	2	6.5
id-12013	5	4	23	6.8
id-12014	7	14	20	5.8
id-12015	3	2	11	6.9
id-12016	5	6	19	5.6
id-12017	8	2	30	6.1
id-12018	8	3	21	7.0
id-12019	9	4	6	6.7
id-12020	8	4	1	6.2
id-12021	9	4	25	5.3
id-12022	9	2	24	6.0
id-12023	1	2	13	6.6
id-12024	9	6	27	6.7
id-12025	10	9	19	5.4
id-12026	6	12	11	7.0
id-12027	3	4	1	6.8
id-12028	3	2	21	5.2
id-12029	2	4	19	6.8
id-12030	2	4	1	5.1
id-12031	7	8	4	5.5
id-12032	8	14	22	6.8
id-12033	3	6	29	6.4
id-12034	10	11	7	6.8
id-12035	9	3	10	6.6
id-12036	7	5	15	6.4
id-12037	5	10	28	5.5
id-12038	2	3	15	6.1
id-12039	9	13	30	5.1
id-12040	6	10	21	6.5
id-12041	1	2	13	5.1
id-12042	6	11	25	6.9
id-12043	2	3	18	5.9
id-12044	2	2	13	6.2
id-12045	8	3	14	5.6
id-12046	10	20	21	5.9
id-12047	7	10	27	6.7
id-12048	8	2	19	5.7
id-12049	9	10	20	5.3
id-12050	9	16	1	6.7
id-12051	3	5	6	5.1
id-12052	6	10	30	5.8
id-12053	2	2	18	6.6
id-12054	1	2	19	6.7
id-12055	4	6	25	5.4
id-12056	2	3	20	7.0
id-12057	9	15	20	5.3
id-12058	2	2	18	5.9
id-12059	7	13	18	5.6
id-12060	9	5	17	6.5
id-12061	7	5	16	5.8
id-12062	1	2	24	6.4
id-12063	7	11	5	5.4
id-12064	6	5	21	7.0
id-12065	9	12	7	6.8
id-12066	2	4	20	5.8
id-12067	6	3	22	6.7
id-12068	9	17	30	5.2
id-12069	5	10	15	5.9
id-12070	9	17	20	5.7
id-12071	5	7	16	5.3
id-12072	8	9	15	5.3
id-12073	3	6	20	6.8
id-12074	5	2	30	7.0
id-12075	5	3	22	6.0
id-12076	8	10	16	6.0
id-12077	9	12	26	6.5
id-12078	1	2	4	6.4
id-12079	2	4	22	6.6
id-12080	10	9	11	6.2
id-12081	6	10	13	5.9
id-12082	4	5	14	6.6
id-12083	6	5	29	6.9
id-12084	4	2	16	5.5
id-12085	3	5	21	5.6
id-12086	7	14	21	5.4
id-12087	9	5	12	5.1
id-12088	1	2	18	6.0
id-12089	7	13	15	5.0
id-12090	1	2	10	6.4
id-12091	8	2	13	5.5
id-12092	10	9	19	6.8
id-12093	9	5	28	6.9
id-12094	3	2	11	6.8
id-12095	4	2	21	6.4
id-12096	4	7	10	6.1
id-12097	2	2	15	5.6
id-12098	3	3	3	5.1
id-12099	1	2	25	6.0
id-12100	5	8	27	6.7
id-12101	2	4	24	5.0
id-12102	6	5	2	6.0
id-12103	6	12	30	6.6
id-12104	5	2	12	5.8
id-12105	9	13	11	6.4
id-12106	4	4	30	7.0
id-12107	7	5	3	6.1
id-12108	8	7	17	5.5
id-12109	1	2	14	5.6
id-12110	1	2	4	5.7
id-12111	4	8	6	5.2
id-12112	8	7	18	5.7
id-12113	4	8	12	5.4
id-12114	6	2	7	5.2
id-12115	9	8	5	6.1
id-12116	1	2	30	6.2
id-12117	10	2	4	5.9
id-12118	3	4	25	7.0
id-12119	7	13	24	5.7
id-12120	1	2	30	5.8
id-12121	7	10	16	5.4
id-12122	2	2	30	5.1
id-12123	6	8	18	5.3
id-12124	3	3	13	6.7
id-12125	3	2	6	5.8
id-12126	4	4	23	6.4
id-12127	4	7	5	6.7
id-12128	4	5	10	6.4
id-12129	10	19	15	7.0
id-12130	7	5	30	6.5
id-12131	6	8	9	5.7
id-12132	9	2	14	6.3
id-12133	3	3	12	5.3
id-12134	7	7	4	6.0
id-12135	3	2	17	6.5
id-12136	4	7	29	6.4
id-12137	5	9	18	6.4
id-12138	5	8	21	6.7
id-12139	7	12	13	5.6
id-12140	4	4	12	6.1
id-12141	4	2	9	6.6
id-12142	9	3	16	5.1
id-12143	4	4	20	6.9
id-12144	5	7	29	5.2
id-12145	9	15	16	6.5
id-12146	10	14	26	6.1
id-12147	8	9	13	6.8
id-12148	8	10	6	5.1
id-12149	7	10	25	5.4
id-12150	6	9	25	5.5
id-12151	2	4	25	6.1
id-12152	5	7	19	5.3
id-12153	1	2	28	5.5
id-12154	4	2	25	5.4
id-12155	1	2	16	5.7
id-12156	10	4	3	6.5
id-12157	8	10	4	6.7
id-12158	9	15	12	6.7
id-12159	10	8	5	5.8
id-12160	5	10	27	5.5
id-12161	9	16	24	5.8
id-12162	10	16	17	6.5
id-12163	2	3	27	5.0
id-12164	7	11	23	5.7
id-12165	5	4	17	6.3
id-12166	5	6	24	6.3
id-12167	3	6	12	5.2
id-12168	7	14	16	6.5
id-12169	3	5	23	5.0
id-12170	1	2	3	5.4
id-12171	9	13	28	5.4
id-12172	2	2	22	5.3
id-12173	5	4	4	5.3
id-12174	7	5	27	6.8
id-12175	6	12	25	5.1
id-12176	2	4	27	6.7
id-12177	4	7	4	6.1
id-12178	10	3	23	5.8
id-12179	4	3	29	6.6
id-12180	5	6	1	6.0
id-12181	6	8	19	6.1
id-12182	3	6	14	5.4
id-12183	8	3	18	6.8
id-12184	1	2	12	5.0
id-12185	1	2	14	6.5
id-12186	1	2	27	6.7
id-12187	4	8	17	6.3
id-12188	4	7	10	6.6
id-12189	1	2	7	6.5
id-12190	10	2	14	5.2
id-12191	7	3	21	6.4
id-12192	4	7	26	5.5
id-12193	7	5	11	5.1
id-12194	3	3	15	5.6
id-12195	4	7	27	6.5
id-12196	5	4	3	6.3
id-12197	3	2	21	6.0
id-12198	2	4	9	6.9
id-12199	10	3	20	5.1
id-12200	1	2	14	5.5
id-12201	4	3	28	6.8
id-12202	3	6	21	6.9
id-12203	8	12	7	6.1
id-12204	1	2	23	6.7
id-12205	5	6	6	6.5
id-12206	1	2	15	6.3
id-12207	5	5	14	5.5
id-12208	6	2	28	5.2
id-12209	3	5	3	5.6
id-12210	8	12	28	6.1
id-12211	7	3	20	5.5
id-12212	1	2	24	7.0
id-12213	6	10	9	5.6
id-12214	9	17	8	6.0
id-12215	7	2	9	5.8
id-12216	2	3	8	5.8
id-12217	2	4	28	6.1
id-12218	8	3	12	6.5
id-12219	2	2	23	5.2
id-12220	8	3	25	6.7
id-12221	8	15	25	5.3
id-12222	3	2	22	5.6
id-12223	8	3	7	5.0
id-12224	7	10	3	6.8
id-12225	7	2	1	6.6
id-12226	8	2	9	6.1
id-12227	9	9	7	6.6
id-12228	2	2	15	6.2
id-12229	9	4	20	6.1
id-12230	3	2	2	5.1
id-12231	10	3	25	5.1
id-12232	4	4	17	6.1
id-12233	2	2	26	6.0
id-12234	6	12	30	5.1
id-12235	7	8	24	6.3
id-12236	7	5	3	6.0
id-12237	6	9	1	5.4
id-12238	5	7	19	5.5
id-12239	1	2	27	5.4
id-12240	7	3	16	5.6
id-12241	7	14	10	6.7
id-12242	1	2	17	6.6
id-12243	7	9	16	6.4
id-12244	10	15	1	6.0
id-12245	3	2	15	6.4
id-12246	10	14	23	5.1
id-12247	7	11	11	5.5
id-12248	1	2	15	6.5
id-12249	7	7	2	5.9
id-12250	10	10	17	5.5
id-12251	9	8	11	5.0
id-12252	6	9	14	6.9
id-12253	6	12	19	5.7
id-12254	6	5	22	5.7
id-12255	6	5	24	6.6
id-12256	10	17	15	5.9
id-12257	6	9	8	5.9
id-12258	1	2	7	5.1
id-12259	5	6	8	6.0
id-12260	6	10	12	6.3
id-12261	3	2	25	6.5
id-12262	6	10	3	5.2
id-12263	9	11	13	5.4
id-12264	3	6	28	6.4
id-12265	9	11	16	6.8
id-12266	6	4	28	5.4
id-12267	9	5	20	5.8
id-12268	7	14	24	6.9
id-12269	5	5	27	6.6
id-12270	3	3	11	6.6
id-12271	7	14	1	6.2
id-12272	6	7	26	5.9
id-12273	6	5	9	6.5
id-12274	2	2	19	6.3
id-12275	9	6	28	6.3
id-12276	4	6	12	6.5
id-12277	8	15	17	7.0
id-12278	1	2	2	5.9
id-12279	8	15	23	6.2
id-12280	9	15	17	5.2
id-12281	1	2	19	6.9
id-12282	9	12	2	6.5
id-12283	2	4	8	5.1
id-12284	2	3	30	5.7
id-12285	8	12	12	5.4
id-12286	5	8	9	6.0
id-12287	9	5	13	5.2
id-12288	9	16	13	5.5
id-12289	1	2	28	6.2
id-12290	2	3	20	6.7
id-12291	8	3	5	6.9
id-12292	9	5	1	6.7
id-12293	2	3	30	5.2
id-12294	3	2	9	6.4
id-12295	6	6	23	6.7
id-12296	9	17	2	5.8
id-12297	7	2	4	6.2
id-12298	9	3	6	6.0
id-12299	3	6	18	6.8
id-12300	7	6	11	5.3
id-12301	7	8	7	5.0
id-12302	6	2	27	6.0
id-12303	5	8	20	6.9
id-12304	8	15	25	6.4
id-12305	9	12	28	6.9
id-12306	3	5	18	6.8
id-12307	3	5	2	6.0
id-12308	4	6	20	6.9
id-12309	9	16	30	5.6
id-12310	6	12	8	5.0
id-12311	6	5	20	5.9
id-12312	3	6	14	6.9
id-12313	9	12	7	5.6
id-12314	2	2	29	6.1
id-12315	9	6	29	5.7
id-12316	9	8	17	5.2
id-12317	7	5	4	6.6
id-12318	6	4	1	5.8
id-12319	5	6	29	5.3
id-12320	5	5	30	5.5
id-12321	7	6	8	6.4
id-12322	2	3	22	5.8
id-12323	5	10	5	5.7
id-12324	3	4	17	5.1
id-12325	2	4	23	6.2
id-12326	10	7	10	6.4
id-12327	10	10	28	6.9
id-12328	5	10	11	6.0
id-12329	5	8	22	5.9
id-12330	8	2	9	5.4
id-12331	6	2	25	6.9
id-12332	8	11	20	5.2
id-12333	2	4	10	5.8
id-12334	8	15	27	6.0
id-12335	8	3	19	6.0
id-12336	10	15	8	6.9
id-12337	10	16	20	5.6
id-12338	1	2	24	6.3
id-12339	9	2	23	5.1
id-12340	5	8	19	6.4
id-12341	3	2	21	5.0
id-12342	5	10	26	5.5
id-12343	6	2	3	6.9
id-12344	8	7	10	6.1
id-12345	1	2	9	5.3
id-12346	5	3	30	5.7
id-12347	1	2	3	6.5
id-12348	9	5	13	6.4
id-12349	1	2	8	6.0
id-12350	4	7	23	6.2
id-12351	7	2	13	5.3
id-12352	6	8	7	6.6
id-12353	10	4	7	5.3
id-12354	9	7	11	6.4
id-12355	6	6	5	5.0
id-12356	8	16	3	5.1
id-12357	9	2	29	5.8
id-12358	10	7	27	6.7
id-12359	4	7	16	5.1
id-12360	5	6	16	6.4
id-12361	1	2	2	6.0
id-12362	3	2	20	6.5
id-12363	1	2	5	5.2
id-12364	4	8	4	5.9
id-12365	5	4	15	6.1
id-12366	1	2	12	5.7
id-12367	1	2	28	5.3
id-12368	7	9	28	5.6
id-12369	6	12	13	5.4
id-12370	3	4	22	5.1
id-12371	2	3	25	5.8
id-12372	7	8	22	6.6
id-12373	6	11	6	6.6
id-12374	10	5	5	6.1
id-12375	7	13	7	5.8
id-12376	6	11	20	5.9
id-12377	6	7	2	5.5
id-12378	9	12	23	6.8
id-12379	4	6	7	5.4
id-12380	1	2	12	6.1
id-12381	9	6	26	5.4
id-12382	8	9	20	6.2
id-12383	3	6	6	6.4
id-12384	3	5	18	5.1
id-12385	10	20	28	5.1
id-12386	10	13	15	6.2
id-12387	7	9	20	6.1
id-12388	5	8	7	5.1
id-12389	8	8	11	5.5
id-12390	4	7	13	5.6
id-12391	4	8	26	5.1
id-12392	3	4	27	6.8
id-12393	4	6	3	6.3
id-12394	1	2	19	5.3
id-12395	3	3	12	6.2
id-12396	2	3	24	6.3
id-12397	9	7	1	7.0
id-12398	9	6	6	6.8
id-12399	3	4	10	6.4
id-12400	1	2	1	6.5
id-12401	10	15	20	6.2
id-12402	2	4	12	5.1
id-12403	2	2	21	5.4
id-12404	2	4	8	5.5
id-12405	1	2	8	6.5
id-12406	3	5	3	6.7
id-12407	8	3	19	5.3
id-12408	7	10	22	5.5
id-12409	9	8	29	5.2
id-12410	8	4	4	6.6
id-12411	5	10	1	5.0
id-12412	7	2	14	5.8
id-12413	6	10	12	6.3
id-12414	5	8	19	5.9
id-12415	6	9	19	6.3
id-12416	3	2	15	5.9
id-12417	7	2	13	6.0
id-12418	4	8	3	5.7
id-12419	9	4	20	6.8
id-12420	9	4	13	5.3
id-12421	5	10	14	6.5
id-12422	2	3	13	6.7
id-12423	2	2	27	5.8
id-12424	7	5	5	5.7
id-12425	5	9	10	6.9
id-12426	3	6	4	5.9
id-12427	10	2	10	6.9
id-12428	2	2	24	5.3
id-12429	8	14	27	5.9
id-12430	4	4	23	7.0
id-12431	8	6	29	6.0
id-12432	3	2	9	5.2
id-12433	8	7	30	5.2
id-12434	8	5	27	6.1
id-12435	4	7	1	5.8
id-12436	1	2	3	5.8
id-12437	2	4	16	5.6
id-12438	4	8	24	6.0
id-12439	2	3	4	6.9
id-12440	5	7	27	6.2
id-12441	1	2	14	6.2
id-12442	1	2	30	5.7
id-12443	4	2	29	6.0
id-12444	7	3	1	5.4
id-12445	4	8	25	5.9
id-12446	5	8	10	6.4
id-12447	3	4	27	5.5
id-12448	10	9	4	6.6
id-12449	8	5	23	5.1
id-12450	10	17	8	6.9
id-12451	7	12	21	7.0
id-12452	1	2	12	5.5
id-12453	2	4	6	5.8
id-12454	6	3	19	6.6
id-12455	2	3	13	5.5
id-12456	8	3	4	6.5
id-12457	1	2	29	5.5
id-12458	7	5	1	5.4
id-12459	5	9	6	6.4
id-12460	10	13	18	5.1
id-12461	6	3	1	6.7
id-12462	1	2	28	5.7
id-12463	6	12	18	5.7
id-12464	3	2	27	6.5
id-12465	10	14	22	6.4
id-12466	1	2	14	6.9
id-12467	9	8	18	6.9
id-12468	10	13	7	6.2
id-12469	2	3	27	5.3
id-12470	10	14	6	6.8
id-12471	5	9	14	6.1
id-12472	1	2	23	5.9
id-12473	8	10	2	6.9
id-12474	8	3	2	5.4
id-12475	10	13	6	6.8
id-12476	4	4	10	6.0
id-12477	1	2	30	5.7
id-12478	10	6	22	5.5
id-12479	9	3	5	5.8
id-12480	1	2	24	6.7
id-12481	7	11	30	6.6
id-12482	3	2	14	6.3
id-12483	4	7	21	5.5
id-12484	6	10	12	5.3
id-12485	6	7	7	5.5
id-12486	9	10	16	5.6
id-12487	9	4	1	6.4
id-12488	10	11	16	6.5
id-12489	10	9	13	5.6
id-12490	1	2	8	5.4
id-12491	7	2	11	6.8
id-12492	9	11	13	5.4
id-12493	4	2	16	5.0
id-12494	10	16	26	5.1
id-12495	7	9	30	5.7
id-12496	10	18	26	5.7
id-12497	10	5	22	6.2
id-12498	9	3	1	6.4
id-12499	9	8	13	5.0
id-12500	5	5	27	5.6
id-12501	2	3	6	6.0
id-12502	10	6	8	5.1
id-12503	10	19	3	6.1
id-12504	7	8	8	5.5
id-12505	5	7	18	5.4
id-12506	5	8	17	6.2
id-12507	6	7	2	5.2
id-12508	7	14	25	6.9
id-12509	1	2	20	5.1
id-12510	3	2	8	5.6
id-12511	8	11	24	5.4
id-12512	10	12	4	6.5
id-12513	9	2	13	6.5
id-12514	2	3	8	6.8
id-12515	9	2	3	5.4
id-12516	7	4	1	6.6
id-12517	5	4	2	6.5
id-12518	4	2	29	6.6
id-12519	3	6	22	6.7
id-12520	10	20	30	5.2
id-12521	3	4	15	6.0
id-12522	1	2	25	5.8
id-12523	10	19	11	5.7
id-12524	5	8	11	6.6
id-12525	2	4	4	6.8
id-12526	5	4	19	6.1
id-12527	1	2	22	6.3
id-12528	6	12	6	6.4
id-12529	10	19	30	6.5
id-12530	10	11	17	7.0
id-12531	4	2	27	5.6
id-12532	7	3	1	6.9
id-12533	7	3	18	6.7
id-12534	5	10	8	6.6
id-12535	1	2	2	6.9
id-12536	6	6	11	5.9
id-12537	1	2	15	5.3
id-12538	3	3	24	5.8
id-12539	6	9	6	5.1
id-12540	9	17	24	5.3
id-12541	6	8	4	6.3
id-12542	2	4	24	6.7
id-12543	3	2	18	5.0
id-12544	7	10	2	6.6
id-12545	9	13	14	5.4
id-12546	10	9	3	5.2
id-12547	9	9	27	6.0
id-12548	3	2	21	5.5
id-12549	7	13	18	6.9
id-12550	4	8	6	5.9
id-12551	5	10	3	5.0
id-12552	3	5	17	6.3
id-12553	3	4	7	5.6
id-12554	3	6	4	5.5
id-12555	6	5	18	6.9
id-12556	8	8	28	7.0
id-12557	9	14	24	5.4
id-12558	6	3	30	5.2
id-12559	7	4	12	5.2
id-12560	1	2	3	6.3
id-12561	9	6	2	6.3
id-12562	8	5	18	5.2
id-12563	6	6	1	5.9
id-12564	6	10	21	6.0
id-12565	7	8	6	5.3
id-12566	8	5	6	5.3
id-12567	7	6	16	5.4
id-12568	4	3	8	6.6
id-12569	5	6	25	6.5
id-12570	6	2	6	6.8
id-12571	6	2	26	5.1
id-12572	2	3	14	6.7
id-12573	10	10	11	5.9
id-12574	10	14	16	6.9
id-12575	8	2	15	6.7
id-12576	7	6	24	6.0
id-12577	2	2	7	5.7
id-12578	3	4	4	6.0
id-12579	10	8	9	5.0
id-12580	5	8	8	5.0
id-12581	3	6	15	6.5
id-12582	10	6	11	6.3
id-12583	7	3	1	5.1
id-12584	4	5	14	6.8
id-12585	5	5	24	6.1
id-12586	2	2	26	5.5
id-12587	8	16	18	6.5
id-12588	2	4	23	6.0
id-12589	9	7	17	6.2
id-12590	3	4	3	6.5
id-12591	3	6	4	5.8
id-12592	10	10	27	6.9
id-12593	4	6	12	5.8
id-12594	10	12	27	6.7
id-12595	1	2	20	6.2
id-12596	8	9	7	6.3
id-12597	10	10	2	6.6
id-12598	10	10	16	6.1
id-12599	6	10	9	5.1
id-12600	1	2	23	5.0
id-12601	9	2	27	5.6
id-12602	6	9	8	5.3
id-12603	6	10	25	6.7
id-12604	7	3	15	6.2
id-12605	7	12	25	6.7
id-12606	4	4	16	5.0
id-12607	10	9	10	6.1
id-12608	4	3	13	6.3
id-12609	10	12	19	5.0
id-12610	9	7	24	6.1
id-12611	7	9	24	6.3
id-12612	8	15	13	5.6
id-12613	4	3	1	5.3
id-12614	5	4	13	6.6
id-12615	6	3	30	5.8
id-12616	8	4	15	6.1
id-12617	9	5	9	6.7
id-12618	5	2	23	6.9
id-12619	6	2	2	5.4
id-12620	5	10	29	6.4
id-12621	9	3	24	6.9
id-12622	4	7	23	5.8
id-12623	5	2	28	5.5
id-12624	2	4	19	5.5
id-12625	7	10	17	6.6
id-12626	8	8	20	6.4
id-12627	5	5	20	6.5
id-12628	6	4	28	5.5
id-12629	5	3	6	6.3
id-12630	3	6	26	6.9
id-12631	2	2	14	6.6
id-12632	7	4	10	6.4
id-12633	5	4	16	6.9
id-12634	7	14	12	6.7
id-12635	9	5	6	5.8
id-12636	10	3	21	6.2
id-12637	7	13	7	5.8
id-12638	2	4	11	6.6
id-12639	5	10	27	6.7
id-12640	1	2	25	6.7
id-12641	4	5	4	6.1
id-12642	10	10	18	5.6
id-12643	1	2	12	5.5
id-12644	9	9	21	5.8
id-12645	5	8	2	6.7
id-12646	10	11	27	5.8
id-12647	10	19	11	7.0
id-12648	5	2	22	6.3
id-12649	2	2	14	6.5
id-12650	9	13	19	7.0
id-12651	9	2	10	5.1
id-12652	3	6	11	5.9
id-12653	8	2	21	6.5
id-12654	3	3	21	5.0
id-12655	8	13	24	6.6
id-12656	5	7	20	5.7
id-12657	5	9	6	5.6
id-12658	4	3	2	5.5
id-12659	10	9	26	5.7
id-12660	3	4	23	5.6
id-12661	8	9	8	6.2
id-12662	8	12	29	5.2
id-12663	8	10	21	6.3
id-12664	1	2	25	5.3
id-12665	10	8	9	5.2
id-12666	4	8	17	6.8
id-12667	6	3	15	5.6
id-12668	4	2	17	5.6
id-12669	10	8	27	7.0
id-12670	1	2	30	5.3
id-12671	7	6	18	5.0
id-12672	3	5	17	6.5
id-12673	8	15	6	6.7
id-12674	4	5	30	5.6
id-12675	8	6	29	5.9
id-12676	1	2	30	6.7
id-12677	3	5	24	5.2
id-12678	5	2	11	5.7
id-12679	2	4	11	5.1
id-12680	3	4	17	5.8
id-12681	6	10	26	6.1
id-12682	1	2	5	6.9
id-12683	5	2	6	5.7
id-12684	3	6	20	5.1
id-12685	3	5	25	6.7
id-12686	3	3	4	6.6
id-12687	10	7	24	6.9
id-12688	8	7	13	6.1
id-12689	3	6	10	6.3
id-12690	9	7	8	6.7
id-12691	4	6	4	6.3
id-12692	6	9	25	6.0
id-12693	10	19	12	6.4
id-12694	3	3	3	6.3
id-12695	5	7	13	6.9
id-12696	7	14	10	5.0
id-12697	8	8	3	5.6
id-12698	3	4	8	5.4
id-12699	8	6	18	5.3
id-12700	3	2	5	6.5
id-12701	10	9	26	5.2
id-12702	8	6	3	6.8
id-12703	2	3	16	6.8
id-12704	8	6	11	5.7
id-12705	10	10	24	6.8
id-12706	4	6	26	6.1
id-12707	1	2	9	6.5
id-12708	5	10	8	5.1
id-12709	9	12	27	6.5
id-12710	2	4	30	5.9
id-12711	6	5	19	7.0
id-12712	9	9	16	5.5
id-12713	9	17	13	5.6
id-12714	5	7	3	5.0
id-12715	4	5	17	5.3
id-12716	8	10	18	5.0
id-12717	2	2	12	6.4
id-12718	1	2	22	6.8
id-12719	10	20	13	6.6
id-12720	6	5	13	5.5
id-12721	3	2	21	5.6
id-12722	10	8	15	5.3
id-12723	1	2	29	5.9
id-12724	4	7	27	5.2
id-12725	2	2	11	6.6
id-12726	10	19	26	5.6
id-12727	3	2	20	5.5
id-12728	6	5	7	5.3
id-12729	8	11	4	6.5
id-12730	10	13	12	5.5
id-12731	4	7	6	6.9
id-12732	6	10	7	6.2
id-12733	2	3	29	5.3
id-12734	8	11	16	6.7
id-12735	6	4	25	5.8
id-12736	2	3	2	5.3
id-12737	1	2	2	6.4
id-12738	1	2	11	6.3
id-12739	1	2	2	6.4
id-12740	5	8	1	5.7
id-12741	2	3	16	5.1
id-12742	7	14	27	5.1
id-12743	5	4	17	6.6
id-12744	8	16	21	6.5
id-12745	9	17	8	6.3
id-12746	10	2	6	5.7
id-12747	7	7	8	5.4
id-12748	5	5	11	6.2
id-12749	4	5	27	6.9
id-12750	2	2	21	6.8
id-12751	3	5	15	6.1
id-12752	5	5	4	5.1
id-12753	1	2	24	5.2
id-12754	10	6	16	5.9
id-12755	10	6	14	6.2
id-12756	3	2	1	5.3
id-12757	7	11	30	6.4
id-12758	8	16	13	6.5
id-12759	4	4	3	6.0
id-12760	4	4	10	5.3
id-12761	7	7	24	6.4
id-12762	1	2	21	6.9
id-12763	1	2	3	6.1
id-12764	2	4	17	6.7
id-12765	8	2	7	7.0
id-12766	8	12	4	5.1
id-12767	1	2	13	5.9
id-12768	1	2	19	5.9
id-12769	1	2	10	5.9
id-12770	8	8	12	5.6
id-12771	10	14	21	6.3
id-12772	1	2	9	5.8
id-12773	2	4	2	5.9
id-12774	4	5	12	5.5
id-12775	6	4	5	5.0
id-12776	9	4	30	5.8
id-12777	3	5	23	6.1
id-12778	5	7	18	5.5
id-12779	9	4	23	6.5
id-12780	2	3	30	6.7
id-12781	10	17	7	5.1
id-12782	1	2	19	5.4
id-12783	9	3	28	6.4
id-12784	3	2	18	6.9
id-12785	7	9	24	6.4
id-12786	8	4	24	6.0
id-12787	3	6	15	5.2
id-12788	8	3	18	6.6
id-12789	4	7	24	6.2
id-12790	10	10	4	5.2
id-12791	6	6	25	5.3
id-12792	10	17	30	7.0
id-12793	4	2	3	6.5
id-12794	3	6	4	5.8
id-12795	7	11	10	6.1
id-12796	2	3	14	6.3
id-12797	4	7	6	5.6
id-12798	3	5	14	6.6
id-12799	10	2	1	6.5
id-12800	2	4	24	5.4
id-12801	7	2	2	6.2
id-12802	7	3	9	5.4
id-12803	10	16	27	6.7
id-12804	4	3	21	6.7
id-12805	1	2	20	5.8
id-12806	3	5	16	5.5
id-12807	6	9	2	5.2
id-12808	4	7	25	5.6
id-12809	9	13	1	6.1
id-12810	4	6	11	5.5
id-12811	4	6	2	5.1
id-12812	6	10	2	5.5
id-12813	6	2	17	6.0
id-12814	5	3	16	6.8
id-12815	9	3	9	5.8
id-12816	10	14	8	5.6
id-12817	8	14	28	6.3
id-12818	5	9	12	6.8
id-12819	10	15	24	6.8
id-12820	4	8	27	6.2
id-12821	4	2	22	5.7
id-12822	8	2	9	5.5
id-12823	5	8	25	5.8
id-12824	6	9	26	5.0
id-12825	5	7	19	5.9
id-12826	9	9	27	5.1
id-12827	6	6	21	5.8
id-12828	10	3	25	6.7
id-12829	7	14	5	6.1
id-12830	9	3	10	6.9
id-12831	7	8	24	5.6
id-12832	4	3	7	6.0
id-12833	1	2	5	5.7
id-12834	4	6	3	6.7
id-12835	9	6	29	6.1
id-12836	2	4	8	5.7
id-12837	3	6	25	6.7
id-12838	10	4	18	6.9
id-12839	1	2	10	5.9
id-12840	9	8	14	5.4
id-12841	5	8	26	5.2
id-12842	2	4	9	5.8
id-12843	4	2	6	6.9
id-12844	6	10	12	5.9
id-12845	7	5	22	6.1
id-12846	2	3	8	5.5
id-12847	9	18	3	6.5
id-12848	2	4	14	6.2
id-12849	2	4	28	5.5
id-12850	9	9	8	5.4
id-12851	10	4	23	5.6
id-12852	7	8	28	5.3
id-12853	6	2	13	6.7
id-12854	2	4	16	5.1
id-12855	4	3	22	6.3
id-12856	6	2	18	5.7
id-12857	2	2	15	5.0
id-12858	8	15	10	6.9
id-12859	8	6	29	6.6
id-12860	4	7	23	6.5
id-12861	10	4	19	6.7
id-12862	5	5	26	5.3
id-12863	6	10	11	5.2
id-12864	5	2	10	5.1
id-12865	4	6	17	5.0
id-12866	10	6	16	5.9
id-12867	5	6	6	5.7
id-12868	4	8	5	5.9
id-12869	3	3	9	5.1
id-12870	6	8	22	6.4
id-12871	4	7	25	5.4
id-12872	3	3	19	6.0
id-12873	8	15	4	5.1
id-12874	3	6	4	5.4
id-12875	8	16	6	5.5
id-12876	8	11	27	6.2
id-12877	1	2	23	6.3
id-12878	6	3	11	5.3
id-12879	3	2	17	5.0
id-12880	8	13	27	6.3
id-12881	1	2	12	6.2
id-12882	9	18	11	6.8
id-12883	5	5	26	6.5
id-12884	1	2	17	6.5
id-12885	6	8	29	6.0
id-12886	10	15	9	5.9
id-12887	6	7	4	5.0
id-12888	3	4	7	6.1
id-12889	5	7	12	6.9
id-12890	9	6	28	5.2
id-12891	3	6	7	5.9
id-12892	10	3	14	5.3
id-12893	2	3	4	5.6
id-12894	1	2	9	6.8
id-12895	10	19	20	6.7
id-12896	2	3	25	6.2
id-12897	8	5	5	5.0
id-12898	9	9	8	5.5
id-12899	6	2	25	6.9
id-12900	2	3	2	6.4
id-12901	5	6	18	5.0
id-12902	9	13	2	6.7
id-12903	6	8	2	5.9
id-12904	10	19	9	5.2
id-12905	10	10	28	6.3
id-12906	3	6	2	6.6
id-12907	9	16	8	5.3
id-12908	9	15	30	6.6
id-12909	2	3	8	5.9
id-12910	7	14	24	5.4
id-12911	10	16	8	6.4
id-12912	5	8	11	6.0
id-12913	6	10	9	6.5
id-12914	4	5	24	5.9
id-12915	6	10	3	5.9
id-12916	5	8	8	6.6
id-12917	10	14	22	6.5
id-12918	1	2	15	5.2
id-12919	8	5	7	6.0
id-12920	9	11	27	5.5
id-12921	5	4	25	5.2
id-12922	1	2	23	6.8
id-12923	8	12	22	5.9
id-12924	5	4	18	6.7
id-12925	3	3	26	6.7
id-12926	3	6	12	6.3
id-12927	9	16	15	5.1
id-12928	1	2	21	6.7
id-12929	5	4	27	6.9
id-12930	6	7	8	5.7
id-12931	1	2	9	6.5
id-12932	1	2	21	5.3
id-12933	8	16	12	5.5
id-12934	9	5	20	6.7
id-12935	3	6	7	5.2
id-12936	2	4	23	6.5
id-12937	2	2	9	5.9
id-12938	2	2	20	6.2
id-12939	2	4	18	5.8
id-12940	3	2	22	6.7
id-12941	9	14	19	5.7
id-12942	1	2	20	5.8
id-12943	8	16	3	5.4
id-12944	10	12	24	6.4
id-12945	6	11	4	6.5
id-12946	10	2	25	5.8
id-12947	1	2	1	6.3
id-12948	8	2	20	5.5
id-12949	5	6	18	5.3
id-12950	8	6	8	6.6
id-12951	8	11	2	6.7
id-12952	4	5	8	6.6
id-12953	10	20	23	6.5
id-12954	4	7	23	6.6
id-12955	10	5	20	6.1
id-12956	5	4	28	5.3
id-12957	1	2	14	6.9
id-12958	9	15	24	5.1
id-12959	1	2	3	5.6
id-12960	1	2	3	5.2
id-12961	5	6	21	6.5
id-12962	10	5	16	6.4
id-12963	9	12	21	6.0
id-12964	2	2	18	5.3
id-12965	8	13	14	6.4
id-12966	3	2	22	5.8
id-12967	9	13	30	5.0
id-12968	3	6	28	6.9
id-12969	9	14	4	6.4
id-12970	3	5	27	5.8
id-12971	1	2	2	6.2
id-12972	2	2	29	6.5
id-12973	9	10	15	6.1
id-12974	10	5	17	5.9
id-12975	5	5	27	5.8
id-12976	3	2	5	5.0
id-12977	10	2	5	6.0
id-12978	10	18	10	5.9
id-12979	5	5	4	5.0
id-12980	1	2	20	5.4
id-12981	4	6	5	6.8
id-12982	9	2	4	6.1
id-12983	10	13	10	5.4
id-12984	9	2	18	6.1
id-12985	5	2	15	6.1
id-12986	1	2	11	6.4
id-12987	1	2	9	6.5
id-12988	6	3	20	6.6
id-12989	9	13	18	5.9
id-12990	4	6	20	6.2
id-12991	3	5	13	5.5
id-12992	9	9	7	6.2
id-12993	9	14	24	5.4
id-12994	7	5	29	5.3
id-12995	5	8	27	6.8
id-12996	10	7	6	6.2
id-12997	2	3	4	5.6
id-12998	3	2	12	5.9
id-12999	5	2	6	6.6
id-13000	5	7	1	6.1
id-13001	5	3	29	6.1
id-13002	7	7	15	5.6
id-13003	4	8	16	6.2
id-13004	8	3	22	5.7
id-13005	5	3	15	6.9
id-13006	1	2	30	5.8
id-13007	10	3	30	5.7
id-13008	5	7	6	6.0
id-13009	8	3	7	5.3
id-13010	4	2	22	5.7
id-13011	10	10	13	5.1
id-13012	10	13	19	6.9
id-13013	9	5	6	6.4
id-13014	9	10	22	6.5
id-13015	2	3	15	6.8
id-13016	6	11	4	5.9
id-13017	7	2	23	6.8
id-13018	8	11	6	5.4
id-13019	10	2	13	5.2
id-13020	1	2	30	5.9
id-13021	4	8	3	5.2
id-13022	1	2	30	5.4
id-13023	1	2	25	6.6
id-13024	3	6	22	6.4
id-13025	4	4	7	5.4
id-13026	4	8	1	5.4
id-13027	8	13	17	5.9
id-13028	6	10	27	6.2
id-13029	3	3	7	5.6
id-13030	8	12	18	5.4
id-13031	3	6	15	6.3
id-13032	7	14	5	5.6
id-13033	2	3	25	6.5
id-13034	10	14	20	6.9
id-13035	10	17	12	6.1
id-13036	6	4	28	5.3
id-13037	4	4	12	6.1
id-13038	7	6	26	7.0
id-13039	7	5	26	6.2
id-13040	2	2	21	6.6
id-13041	8	13	15	5.3
id-13042	3	3	18	5.1
id-13043	5	6	15	6.9
id-13044	2	4	10	5.2
id-13045	9	7	15	7.0
id-13046	7	12	19	6.5
id-13047	8	11	8	5.9
id-13048	10	9	20	5.5
id-13049	4	4	13	5.3
id-13050	5	2	2	6.7
id-13051	4	7	11	5.7
id-13052	6	10	21	6.8
id-13053	7	11	9	5.9
id-13054	9	6	6	5.4
id-13055	6	4	8	6.5
id-13056	7	13	29	6.0
id-13057	1	2	4	6.3
id-13058	1	2	7	5.7
id-13059	6	11	30	5.2
id-13060	4	6	25	5.3
id-13061	7	2	9	5.2
id-13062	1	2	20	5.9
id-13063	2	3	24	5.5
id-13064	8	13	15	6.6
id-13065	4	3	26	5.9
id-13066	4	7	20	5.7
id-13067	8	4	19	6.1
id-13068	8	2	23	6.0
id-13069	4	8	17	5.4
id-13070	7	2	29	6.9
id-13071	2	2	5	5.2
id-13072	9	16	16	6.3
id-13073	5	2	12	6.9
id-13074	5	3	18	6.2
id-13075	9	5	13	5.3
id-13076	6	5	1	5.2
id-13077	5	10	22	5.6
id-13078	2	2	5	5.2
id-13079	3	5	22	5.1
id-13080	7	9	20	5.4
id-13081	5	3	21	5.0
id-13082	4	8	3	5.4
id-13083	10	10	22	5.9
id-13084	5	2	25	5.8
id-13085	10	8	26	5.1
id-13086	6	5	1	5.7
id-13087	2	4	4	5.5
id-13088	7	9	24	6.6
id-13089	8	5	3	5.1
id-13090	9	16	14	5.8
id-13091	4	3	15	6.9
id-13092	8	12	24	5.3
id-13093	7	14	4	6.5
id-13094	2	3	10	6.0
id-13095	9	13	23	5.0
id-13096	7	11	8	5.8
id-13097	3	3	5	6.4
id-13098	10	12	8	5.3
id-13099	10	6	30	5.6
id-13100	10	7	3	5.7
id-13101	1	2	7	5.4
id-13102	10	12	8	5.9
id-13103	5	8	9	6.1
id-13104	2	2	4	5.8
id-13105	4	3	3	6.9
id-13106	5	5	26	5.1
id-13107	7	8	4	5.5
id-13108	9	11	24	5.2
id-13109	9	10	2	6.8
id-13110	6	2	29	6.2
id-13111	7	10	30	6.7
id-13112	1	2	27	5.2
id-13113	7	13	3	5.5
id-13114	7	5	3	7.0
id-13115	7	2	17	5.8
id-13116	5	2	11	5.7
id-13117	3	2	6	5.5
id-13118	1	2	15	6.3
id-13119	2	2	24	6.9
id-13120	5	8	25	6.5
id-13121	2	2	14	5.8
id-13122	10	17	16	5.5
id-13123	9	6	26	6.4
id-13124	7	13	7	5.7
id-13125	1	2	21	5.8
id-13126	1	2	5	5.7
id-13127	8	2	15	6.3
id-13128	3	5	25	6.1
id-13129	10	6	27	5.8
id-13130	4	6	24	6.6
id-13131	7	14	12	6.0
id-13132	4	3	16	5.7
id-13133	2	2	5	5.2
id-13134	8	11	11	6.6
id-13135	5	10	20	6.3
id-13136	10	15	24	6.8
id-13137	3	5	6	6.3
id-13138	10	6	18	5.2
id-13139	4	7	28	6.5
id-13140	10	5	17	6.2
id-13141	2	3	7	5.5
id-13142	1	2	3	5.1
id-13143	9	18	7	6.7
id-13144	3	3	9	5.2
id-13145	6	6	7	6.0
id-13146	3	5	23	6.1
id-13147	5	3	1	5.1
id-13148	7	11	23	5.6
id-13149	1	2	15	6.3
id-13150	5	5	12	5.9
id-13151	4	6	5	6.9
id-13152	7	8	5	6.7
id-13153	6	3	7	6.4
id-13154	4	8	19	5.1
id-13155	6	12	1	5.1
id-13156	10	8	18	6.9
id-13157	2	3	11	6.6
id-13158	4	8	29	6.4
id-13159	2	4	12	5.1
id-13160	9	4	5	5.7
id-13161	8	11	7	5.2
id-13162	3	6	2	6.8
id-13163	6	10	3	6.3
id-13164	1	2	19	6.6
id-13165	10	4	6	5.6
id-13166	4	8	23	5.7
id-13167	5	3	4	5.4
id-13168	4	8	3	5.3
id-13169	1	2	26	6.9
id-13170	6	12	12	6.9
id-13171	3	2	5	5.2
id-13172	3	5	22	6.9
id-13173	9	11	20	6.0
id-13174	1	2	17	5.6
id-13175	9	12	4	6.2
id-13176	7	8	27	6.8
id-13177	3	4	23	6.9
id-13178	1	2	13	5.9
id-13179	4	2	12	5.8
id-13180	6	8	11	5.9
id-13181	1	2	18	5.9
id-13182	6	12	3	7.0
id-13183	10	2	2	6.3
id-13184	2	4	12	6.1
id-13185	10	9	22	6.3
id-13186	10	4	15	6.4
id-13187	10	8	26	6.1
id-13188	7	11	21	6.2
id-13189	5	4	5	6.7
id-13190	9	16	17	6.3
id-13191	2	2	6	6.3
id-13192	6	12	30	5.0
id-13193	6	11	30	6.0
id-13194	6	9	26	6.4
id-13195	5	4	6	5.8
id-13196	7	2	16	6.3
id-13197	1	2	29	5.0
id-13198	3	2	15	6.0
id-13199	2	3	19	5.7
id-13200	6	6	9	5.9
id-13201	2	3	24	6.1
id-13202	7	2	30	6.9
id-13203	1	2	24	6.3
id-13204	2	3	29	5.6
id-13205	2	3	2	6.6
id-13206	6	7	14	6.2
id-13207	2	4	22	5.0
id-13208	5	2	22	5.9
id-13209	10	10	1	5.2
id-13210	4	2	17	5.5
id-13211	3	4	6	6.0
id-13212	1	2	14	5.1
id-13213	2	2	12	6.9
id-13214	5	3	13	6.7
id-13215	5	7	4	5.8
id-13216	4	3	24	5.5
id-13217	7	4	16	6.4
id-13218	7	7	23	5.5
id-13219	2	2	30	5.9
id-13220	10	14	26	5.3
id-13221	1	2	22	5.5
id-13222	8	5	10	5.5
id-13223	10	3	30	5.2
id-13224	1	2	28	6.5
id-13225	2	3	30	6.2
id-13226	9	5	14	6.7
id-13227	7	12	10	6.1
id-13228	6	7	27	6.5
id-13229	9	15	21	5.7
id-13230	6	6	28	6.4
id-13231	8	13	20	6.0
id-13232	1	2	7	6.6
id-13233	10	10	19	5.6
id-13234	1	2	5	6.5
id-13235	2	3	2	6.0
id-13236	8	3	9	5.1
id-13237	3	5	1	5.2
id-13238	1	2	3	5.0
id-13239	1	2	17	5.7
id-13240	2	4	1	6.4
id-13241	10	10	7	6.9
id-13242	1	2	19	6.3
id-13243	4	4	11	5.9
id-13244	7	13	25	5.3
id-13245	6	11	27	6.6
id-13246	9	17	27	6.8
id-13247	8	9	21	6.5
id-13248	3	3	11	5.7
id-13249	3	3	28	5.1
id-13250	6	7	16	5.8
id-13251	7	2	16	5.7
id-13252	10	18	28	5.3
id-13253	10	13	20	6.5
id-13254	10	19	30	6.8
id-13255	6	8	23	7.0
id-13256	3	5	18	6.1
id-13257	9	10	26	6.3
id-13258	4	7	20	6.4
id-13259	1	2	24	5.6
id-13260	10	16	24	6.8
id-13261	1	2	16	6.9
id-13262	2	2	21	5.9
id-13263	3	4	15	5.6
id-13264	4	4	24	6.9
id-13265	4	3	9	5.9
id-13266	5	8	3	6.8
id-13267	3	3	15	5.4
id-13268	8	5	25	5.1
id-13269	4	5	13	6.7
id-13270	6	5	21	5.9
id-13271	9	14	9	5.2
id-13272	2	4	28	5.7
id-13273	9	3	3	5.2
id-13274	2	2	2	6.4
id-13275	7	7	23	6.0
id-13276	8	5	17	5.9
id-13277	9	13	24	6.8
id-13278	10	11	6	5.3
id-13279	4	2	5	6.1
id-13280	7	7	2	5.7
id-13281	5	7	7	5.5
id-13282	1	2	1	6.0
id-13283	5	7	28	5.0
id-13284	5	4	24	6.6
id-13285	7	10	29	5.5
id-13286	10	11	27	5.6
id-13287	8	14	13	6.2
id-13288	8	8	12	5.2
id-13289	4	6	11	6.4
id-13290	7	14	21	5.0
id-13291	10	15	16	6.0
id-13292	8	4	28	5.6
id-13293	6	3	22	6.9
id-13294	1	2	5	5.8
id-13295	6	5	28	6.2
id-13296	9	15	17	6.6
id-13297	10	10	28	5.2
id-13298	4	5	3	6.3
id-13299	1	2	11	6.7
id-13300	10	15	6	6.7
id-13301	5	6	28	6.6
id-13302	9	3	29	6.8
id-13303	9	18	13	5.0
id-13304	8	13	11	5.5
id-13305	7	5	24	5.8
id-13306	1	2	26	6.4
id-13307	6	3	13	5.3
id-13308	2	4	11	5.8
id-13309	7	7	28	7.0
id-13310	6	11	20	6.9
id-13311	2	2	12	5.5
id-13312	8	13	16	5.9
id-13313	6	9	27	5.5
id-13314	5	7	25	5.8
id-13315	5	2	1	6.8
id-13316	4	3	24	6.6
id-13317	10	17	16	5.5
id-13318	4	2	14	6.8
id-13319	5	3	12	5.3
id-13320	5	10	7	6.0
id-13321	5	7	9	5.1
id-13322	6	8	1	5.4
id-13323	8	8	5	6.7
id-13324	10	13	10	5.8
id-13325	10	5	19	6.8
id-13326	4	8	24	6.2
id-13327	4	7	11	5.1
id-13328	6	7	22	5.1
id-13329	9	5	3	5.6
id-13330	7	9	27	6.1
id-13331	3	6	2	6.8
id-13332	9	8	25	6.2
id-13333	1	2	28	6.5
id-13334	6	3	7	5.9
id-13335	2	4	7	6.2
id-13336	4	4	9	6.3
id-13337	5	6	10	5.1
id-13338	9	18	15	5.8
id-13339	3	6	22	6.5
id-13340	9	18	30	5.8
id-13341	4	5	14	6.6
id-13342	3	2	12	6.1
id-13343	6	10	5	5.4
id-13344	4	4	20	6.8
id-13345	4	8	15	6.6
id-13346	2	3	18	6.4
id-13347	10	20	25	5.5
id-13348	8	15	10	5.0
id-13349	2	4	13	7.0
id-13350	2	2	17	6.5
id-13351	7	4	5	5.7
id-13352	5	6	5	5.9
id-13353	7	2	11	7.0
id-13354	8	10	8	5.5
id-13355	7	12	23	5.8
id-13356	4	2	14	5.2
id-13357	6	8	26	6.4
id-13358	5	8	4	5.6
id-13359	6	5	5	5.9
id-13360	3	3	14	5.9
id-13361	8	8	3	5.5
id-13362	3	3	30	6.7
id-13363	7	7	5	7.0
id-13364	5	4	13	6.8
id-13365	5	2	10	6.6
id-13366	6	12	8	5.2
id-13367	1	2	1	5.0
id-13368	7	3	30	6.2
id-13369	7	11	13	6.8
id-13370	5	3	29	6.5
id-13371	2	3	11	6.3
id-13372	7	2	30	6.3
id-13373	4	5	3	5.4
id-13374	5	8	24	5.2
id-13375	6	2	5	5.5
id-13376	4	5	11	5.9
id-13377	4	6	7	5.4
id-13378	9	5	22	6.4
id-13379	7	7	6	6.3
id-13380	1	2	2	6.8
id-13381	2	2	23	5.6
id-13382	7	9	16	6.3
id-13383	1	2	10	6.1
id-13384	10	10	21	6.1
id-13385	7	7	20	6.6
id-13386	8	2	25	5.4
id-13387	2	4	5	6.2
id-13388	4	5	12	5.8
id-13389	4	6	8	6.1
id-13390	6	2	10	6.9
id-13391	5	7	29	5.5
id-13392	7	7	7	6.3
id-13393	4	5	3	5.9
id-13394	4	7	17	5.1
id-13395	9	4	2	6.4
id-13396	5	2	22	6.1
id-13397	2	2	30	5.0
id-13398	3	5	3	5.7
id-13399	3	6	29	5.9
id-13400	4	4	15	6.8
id-13401	4	5	11	6.1
id-13402	6	11	10	6.0
id-13403	2	3	14	5.5
id-13404	3	5	22	5.8
id-13405	7	5	27	5.2
id-13406	5	2	30	6.5
id-13407	8	7	30	6.9
id-13408	5	3	14	6.3
id-13409	9	17	2	5.3
id-13410	8	11	6	6.2
id-13411	9	10	8	5.0
id-13412	9	2	29	5.2
id-13413	7	14	12	6.6
id-13414	3	2	21	5.7
id-13415	7	7	9	5.9
id-13416	5	4	15	6.3
id-13417	3	3	6	6.1
id-13418	6	10	10	5.8
id-13419	10	4	16	5.2
id-13420	2	3	13	5.8
id-13421	6	10	10	5.9
id-13422	10	18	10	5.3
id-13423	6	7	13	5.3
id-13424	1	2	23	6.7
id-13425	7	13	19	5.6
id-13426	8	3	25	6.5
id-13427	6	4	26	6.7
id-13428	7	3	28	5.4
id-13429	10	13	16	5.6
id-13430	5	2	11	6.0
id-13431	3	6	2	6.7
id-13432	4	3	29	5.8
id-13433	7	2	28	5.5
id-13434	3	5	22	5.4
id-13435	5	10	11	5.8
id-13436	9	2	1	5.6
id-13437	2	4	14	5.4
id-13438	10	8	27	5.5
id-13439	8	15	13	5.3
id-13440	8	9	8	5.2
id-13441	5	2	28	5.6
id-13442	5	3	2	6.0
id-13443	5	6	16	6.2
id-13444	8	13	24	6.2
id-13445	2	3	10	5.2
id-13446	8	5	15	6.8
id-13447	5	3	24	6.1
id-13448	5	4	8	5.5
id-13449	3	4	13	6.5
id-13450	6	3	1	6.4
id-13451	2	4	7	7.0
id-13452	1	2	25	6.5
id-13453	3	4	28	5.4
id-13454	5	6	23	5.1
id-13455	10	11	12	5.6
id-13456	10	10	11	6.1
id-13457	2	3	2	6.5
id-13458	2	3	3	5.9
id-13459	4	4	2	5.8
id-13460	10	19	5	5.8
id-13461	9	9	28	6.2
id-13462	9	5	23	6.9
id-13463	5	4	7	6.7
id-13464	2	4	14	6.1
id-13465	6	6	5	5.4
id-13466	8	10	20	5.6
id-13467	6	8	2	5.5
id-13468	4	4	3	5.0
id-13469	4	3	22	6.3
id-13470	4	4	30	6.2
id-13471	10	20	14	6.2
id-13472	7	12	8	5.4
id-13473	5	7	15	6.7
id-13474	2	2	16	5.3
id-13475	1	2	30	7.0
id-13476	4	2	4	6.3
id-13477	8	14	26	6.1
id-13478	2	3	29	6.7
id-13479	4	3	14	7.0
id-13480	10	14	14	6.8
id-13481	9	8	15	6.8
id-13482	6	5	14	5.8
id-13483	2	2	16	6.0
id-13484	8	7	7	6.4
id-13485	5	4	2	5.5
id-13486	5	8	15	5.1
id-13487	8	5	10	5.3
id-13488	4	5	5	5.4
id-13489	4	4	26	6.8
id-13490	3	3	4	5.2
id-13491	5	10	18	5.6
id-13492	3	6	21	5.8
id-13493	7	11	3	6.2
id-13494	10	6	27	6.9
id-13495	3	5	10	6.1
id-13496	6	2	9	6.1
id-13497	2	4	26	6.3
id-13498	3	2	14	6.7
id-13499	8	3	2	5.3
id-13500	7	7	1	6.9
id-13501	7	6	23	5.1
id-13502	3	3	19	6.1
id-13503	9	5	15	5.9
id-13504	3	3	25	6.4
id-13505	3	2	20	5.6
id-13506	3	6	27	6.5
id-13507	7	8	21	6.2
id-13508	2	4	13	6.7
id-13509	2	3	15	6.0
id-13510	6	10	6	5.9
id-13511	1	2	21	6.1
id-13512	10	3	28	6.0
id-13513	7	5	12	6.3
id-13514	6	4	29	6.7
id-13515	4	2	26	5.4
id-13516	3	6	18	6.3
id-13517	4	3	28	5.5
id-13518	9	16	17	5.6
id-13519	9	11	22	5.5
id-13520	1	2	25	6.6
id-13521	6	4	27	6.6
id-13522	4	7	10	6.5
id-13523	8	14	8	5.3
id-13524	2	3	14	6.3
id-13525	5	7	7	6.8
id-13526	3	5	5	6.4
id-13527	5	3	14	5.2
id-13528	5	3	8	5.1
id-13529	9	13	21	5.6
id-13530	8	6	2	6.3
id-13531	4	3	18	6.2
id-13532	8	11	15	5.5
id-13533	1	2	18	5.6
id-13534	4	3	16	5.3
id-13535	4	4	20	5.5
id-13536	9	18	19	5.5
id-13537	2	2	11	5.9
id-13538	3	5	14	5.6
id-13539	8	10	19	5.8
id-13540	2	2	2	5.9
id-13541	7	5	22	6.1
id-13542	2	2	28	5.6
id-13543	2	4	20	5.6
id-13544	5	4	5	5.5
id-13545	2	4	24	5.4
id-13546	6	3	21	5.6
id-13547	7	10	28	6.5
id-13548	8	11	30	5.6
id-13549	9	9	30	5.2
id-13550	10	3	26	6.1
id-13551	9	5	23	5.7
id-13552	8	7	2	5.5
id-13553	8	2	5	5.9
id-13554	1	2	16	6.6
id-13555	9	2	24	6.9
id-13556	8	12	23	5.7
id-13557	6	4	21	5.5
id-13558	6	3	30	5.6
id-13559	9	18	24	6.3
id-13560	7	5	25	6.6
id-13561	3	2	30	6.3
id-13562	3	6	12	6.3
id-13563	7	3	2	6.4
id-13564	7	13	21	6.4
id-13565	8	16	14	5.9
id-13566	4	8	16	6.0
id-13567	8	13	4	5.9
id-13568	10	14	3	5.5
id-13569	4	6	19	5.2
id-13570	10	12	19	5.9
id-13571	7	6	24	6.8
id-13572	9	14	2	6.9
id-13573	7	4	11	5.3
id-13574	7	6	30	6.1
id-13575	10	9	4	7.0
id-13576	6	7	29	6.9
id-13577	8	4	16	5.6
id-13578	1	2	13	6.2
id-13579	9	9	30	7.0
id-13580	1	2	17	6.1
id-13581	7	8	14	5.1
id-13582	9	18	22	5.5
id-13583	4	3	23	6.3
id-13584	6	4	29	6.8
id-13585	8	6	26	6.4
id-13586	9	9	7	6.3
id-13587	4	2	5	6.7
id-13588	9	3	5	5.8
id-13589	9	7	24	6.5
id-13590	6	2	11	5.3
id-13591	10	10	13	6.7
id-13592	5	7	29	5.5
id-13593	9	15	29	6.0
id-13594	1	2	9	6.8
id-13595	7	6	12	6.5
id-13596	7	5	27	6.8
id-13597	10	5	25	6.9
id-13598	3	5	12	6.0
id-13599	5	10	5	5.3
id-13600	7	5	11	5.2
id-13601	6	6	2	5.3
id-13602	7	10	10	6.2
id-13603	1	2	15	6.8
id-13604	3	6	15	6.9
id-13605	5	9	18	5.9
id-13606	1	2	6	5.3
id-13607	4	2	13	5.7
id-13608	3	5	7	6.2
id-13609	7	12	30	6.7
id-13610	10	4	30	5.4
id-13611	8	5	12	5.9
id-13612	7	8	7	5.8
id-13613	6	5	22	6.7
id-13614	10	17	18	5.3
id-13615	7	2	3	6.8
id-13616	3	4	5	6.4
id-13617	4	7	5	6.8
id-13618	3	4	25	5.8
id-13619	2	3	30	5.4
id-13620	2	4	2	5.4
id-13621	2	4	9	5.1
id-13622	1	2	18	5.4
id-13623	6	5	26	6.5
id-13624	6	10	26	6.5
id-13625	1	2	27	5.4
id-13626	1	2	14	6.8
id-13627	7	8	30	5.1
id-13628	6	4	27	5.0
id-13629	6	3	26	6.5
id-13630	2	2	7	6.7
id-13631	3	5	2	5.5
id-13632	8	12	14	6.4
id-13633	6	7	9	5.3
id-13634	3	6	12	6.8
id-13635	2	4	10	7.0
id-13636	9	7	24	7.0
id-13637	7	4	28	5.5
id-13638	5	3	20	5.3
id-13639	9	14	2	7.0
id-13640	2	4	13	6.9
id-13641	3	4	29	6.5
id-13642	7	6	28	6.7
id-13643	7	7	12	6.9
id-13644	10	13	22	6.7
id-13645	9	6	19	5.1
id-13646	6	12	1	5.3
id-13647	3	3	20	5.3
id-13648	4	2	4	5.5
id-13649	4	5	18	6.5
id-13650	9	17	15	6.9
id-13651	6	6	17	6.0
id-13652	2	4	22	5.0
id-13653	4	8	28	6.9
id-13654	8	14	27	6.2
id-13655	7	9	9	5.3
id-13656	4	5	9	6.5
id-13657	7	6	13	5.5
id-13658	1	2	30	7.0
id-13659	4	5	14	5.3
id-13660	10	3	11	5.2
id-13661	1	2	17	6.2
id-13662	5	10	14	6.6
id-13663	6	8	11	6.6
id-13664	6	8	9	6.3
id-13665	1	2	3	6.4
id-13666	7	6	4	6.9
id-13667	3	6	26	6.9
id-13668	5	7	12	6.4
id-13669	4	5	3	5.2
id-13670	4	2	1	6.2
id-13671	3	2	25	6.3
id-13672	1	2	30	5.6
id-13673	6	2	18	5.8
id-13674	9	18	25	5.2
id-13675	10	12	16	5.0
id-13676	1	2	13	5.4
id-13677	6	4	4	5.6
id-13678	2	3	5	6.0
id-13679	10	3	6	6.5
id-13680	7	2	7	5.4
id-13681	8	14	3	6.8
id-13682	3	5	3	5.2
id-13683	8	4	17	5.6
id-13684	3	6	5	6.5
id-13685	4	5	29	6.5
id-13686	8	8	29	6.9
id-13687	8	14	6	5.1
id-13688	2	4	6	6.6
id-13689	3	3	23	6.3
id-13690	1	2	17	5.2
id-13691	1	2	29	6.7
id-13692	3	3	1	6.2
id-13693	4	6	13	6.4
id-13694	1	2	4	6.6
id-13695	9	6	2	6.4
id-13696	2	2	27	5.8
id-13697	10	5	29	6.4
id-13698	8	15	18	5.3
id-13699	4	7	26	5.4
id-13700	3	5	7	6.2
id-13701	4	3	12	6.8
id-13702	5	10	22	6.0
id-13703	8	9	30	5.1
id-13704	1	2	15	6.2
id-13705	1	2	13	6.5
id-13706	7	14	8	5.3
id-13707	6	4	14	6.4
id-13708	6	4	6	5.4
id-13709	10	3	21	6.1
id-13710	1	2	24	5.9
id-13711	6	11	7	5.2
id-13712	9	18	7	6.0
id-13713	8	4	16	6.7
id-13714	3	4	27	5.7
id-13715	8	5	28	6.4
id-13716	7	7	4	6.6
id-13717	10	3	23	5.8
id-13718	8	9	6	7.0
id-13719	8	12	6	6.5
id-13720	4	8	20	5.3
id-13721	6	6	8	5.8
id-13722	4	5	20	6.0
id-13723	3	6	15	5.9
id-13724	3	6	15	5.0
id-13725	8	6	7	6.4
id-13726	4	4	9	5.6
id-13727	5	5	24	6.5
id-13728	8	8	28	5.7
id-13729	9	10	28	6.5
id-13730	4	2	18	6.6
id-13731	9	5	17	6.4
id-13732	3	6	21	5.6
id-13733	6	4	2	5.9
id-13734	10	18	10	5.2
id-13735	7	2	8	6.3
id-13736	2	4	1	5.5
id-13737	7	10	16	6.0
id-13738	2	3	20	6.0
id-13739	10	2	7	6.6
id-13740	8	14	30	5.4
id-13741	7	12	11	6.6
id-13742	10	17	29	6.6
id-13743	9	17	21	6.5
id-13744	6	10	7	5.2
id-13745	1	2	9	5.6
id-13746	1	2	1	6.3
id-13747	1	2	9	5.2
id-13748	8	5	4	6.3
id-13749	10	20	1	6.3
id-13750	5	5	10	6.6
id-13751	10	7	6	6.5
id-13752	4	8	24	5.0
id-13753	7	10	30	6.0
id-13754	2	3	29	5.9
id-13755	9	3	3	6.5
id-13756	8	14	30	6.5
id-13757	9	10	29	6.7
id-13758	6	9	7	5.6
id-13759	8	15	26	5.2
id-13760	9	6	23	5.2
id-13761	9	15	3	6.6
id-13762	3	6	8	6.5
id-13763	5	4	2	5.3
id-13764	10	20	29	5.9
id-13765	6	2	20	6.1
id-13766	9	12	25	6.7
id-13767	9	18	24	5.1
id-13768	7	5	7	6.4
id-13769	6	5	2	5.1
id-13770	3	2	25	6.7
id-13771	2	2	2	5.5
id-13772	10	12	20	6.9
id-13773	7	7	12	5.2
id-13774	7	4	13	6.8
id-13775	7	11	30	5.0
id-13776	3	4	24	5.3
id-13777	7	14	21	6.4
id-13778	7	11	30	5.7
id-13779	6	11	3	6.7
id-13780	10	20	30	5.7
id-13781	4	3	15	5.5
id-13782	2	4	22	5.6
id-13783	8	8	8	6.6
id-13784	1	2	23	5.6
id-13785	2	2	1	6.9
id-13786	7	3	12	5.9
id-13787	7	2	2	7.0
id-13788	5	3	28	5.8
id-13789	2	3	10	6.1
id-13790	2	2	7	6.6
id-13791	9	4	21	5.3
id-13792	10	15	22	6.3
id-13793	9	6	11	5.7
id-13794	9	16	26	6.4
id-13795	8	7	6	5.5
id-13796	4	2	23	6.9
id-13797	8	5	13	5.9
id-13798	5	5	26	5.1
id-13799	9	16	10	5.8
id-13800	7	10	10	5.2
id-13801	8	4	4	5.7
id-13802	5	3	15	5.2
id-13803	1	2	10	6.9
id-13804	7	7	20	5.5
id-13805	10	19	26	6.4
id-13806	8	4	1	5.2
id-13807	1	2	3	6.7
id-13808	7	5	29	5.5
id-13809	8	14	23	5.8
id-13810	7	13	10	6.8
id-13811	9	4	12	5.4
id-13812	2	3	18	6.1
id-13813	9	9	6	5.0
id-13814	4	6	26	5.8
id-13815	9	13	22	6.3
id-13816	2	4	13	5.8
id-13817	7	5	22	7.0
id-13818	1	2	30	6.8
id-13819	3	5	9	5.6
id-13820	1	2	16	6.4
id-13821	4	6	19	7.0
id-13822	3	3	18	5.5
id-13823	6	2	16	7.0
id-13824	8	14	15	5.6
id-13825	2	3	28	5.3
id-13826	3	2	26	5.7
id-13827	5	6	14	6.5
id-13828	5	8	5	6.2
id-13829	7	7	26	6.9
id-13830	2	4	2	5.1
id-13831	7	9	13	5.6
id-13832	3	3	28	5.6
id-13833	1	2	27	5.6
id-13834	7	6	14	6.7
id-13835	2	4	8	5.4
id-13836	3	2	19	6.8
id-13837	6	8	11	6.4
id-13838	5	10	22	5.4
id-13839	7	14	7	6.4
id-13840	4	3	1	5.4
id-13841	6	11	2	5.7
id-13842	6	10	25	6.8
id-13843	4	6	12	5.7
id-13844	10	16	15	5.0
id-13845	4	5	30	7.0
id-13846	2	3	8	5.7
id-13847	7	7	28	7.0
id-13848	4	7	24	5.6
id-13849	3	3	20	6.2
id-13850	1	2	20	6.1
id-13851	7	13	14	5.8
id-13852	2	3	17	6.4
id-13853	3	3	18	5.7
id-13854	9	13	27	6.2
id-13855	9	4	13	6.0
id-13856	9	8	2	6.2
id-13857	9	7	13	7.0
id-13858	7	7	5	6.6
id-13859	3	4	11	5.3
id-13860	6	7	20	6.1
id-13861	3	3	13	6.3
id-13862	10	19	2	6.9
id-13863	3	6	8	7.0
id-13864	4	2	8	5.9
id-13865	4	8	26	5.8
id-13866	9	2	23	5.5
id-13867	10	4	4	6.1
id-13868	5	9	6	6.6
id-13869	9	6	16	5.5
id-13870	4	4	7	6.6
id-13871	3	6	6	5.6
id-13872	8	7	8	5.0
id-13873	7	12	6	5.2
id-13874	1	2	29	5.3
id-13875	5	7	8	6.1
id-13876	8	12	29	6.2
id-13877	3	5	28	6.8
id-13878	2	3	2	5.4
id-13879	5	5	3	6.5
id-13880	9	7	28	6.2
id-13881	9	13	19	5.8
id-13882	9	12	6	5.9
id-13883	8	4	4	5.9
id-13884	3	3	24	5.1
id-13885	6	11	5	5.4
id-13886	9	7	24	6.0
id-13887	2	3	2	6.6
id-13888	3	3	10	6.5
id-13889	1	2	30	5.8
id-13890	10	10	28	6.7
id-13891	7	2	27	6.4
id-13892	4	7	25	6.5
id-13893	8	14	13	6.7
id-13894	3	6	9	5.8
id-13895	9	16	2	5.1
id-13896	1	2	4	6.6
id-13897	6	2	1	5.8
id-13898	1	2	4	5.1
id-13899	2	2	16	5.3
id-13900	6	5	30	6.7
id-13901	9	18	5	5.3
id-13902	7	7	24	5.7
id-13903	7	2	13	5.2
id-13904	2	3	29	5.2
id-13905	2	3	16	5.5
id-13906	3	4	22	6.7
id-13907	1	2	10	5.2
id-13908	7	10	26	5.1
id-13909	1	2	18	6.2
id-13910	1	2	29	5.6
id-13911	9	16	17	5.8
id-13912	8	3	25	5.5
id-13913	5	4	13	5.4
id-13914	3	2	5	5.2
id-13915	8	14	14	5.5
id-13916	2	4	24	6.5
id-13917	8	4	19	5.1
id-13918	4	4	17	5.4
id-13919	8	8	25	6.0
id-13920	8	7	13	7.0
id-13921	7	7	26	5.9
id-13922	5	8	30	5.9
id-13923	1	2	12	6.5
id-13924	5	7	15	6.9
id-13925	7	14	15	5.2
id-13926	6	7	17	6.2
id-13927	1	2	29	5.0
id-13928	9	5	29	6.0
id-13929	7	7	6	6.5
id-13930	6	4	17	6.2
id-13931	7	8	26	6.7
id-13932	2	2	15	6.8
id-13933	10	10	25	6.5
id-13934	7	13	24	6.6
id-13935	6	6	30	6.1
id-13936	2	4	9	6.6
id-13937	2	3	2	5.7
id-13938	2	3	24	5.1
id-13939	9	7	14	5.8
id-13940	10	11	17	6.6
id-13941	1	2	22	6.3
id-13942	6	2	29	5.2
id-13943	7	2	5	5.2
id-13944	1	2	28	6.2
id-13945	2	2	11	6.5
id-13946	10	12	23	6.3
id-13947	1	2	13	5.7
id-13948	2	3	29	6.1
id-13949	2	2	6	6.5
id-13950	2	3	25	5.2
id-13951	3	2	19	6.5
id-13952	8	8	20	5.2
id-13953	7	12	17	5.0
id-13954	9	3	13	6.6
id-13955	7	5	10	5.6
id-13956	5	9	5	6.6
id-13957	8	7	18	5.4
id-13958	1	2	24	5.3
id-13959	3	6	27	6.2
id-13960	7	2	24	6.7
id-13961	8	16	20	6.3
id-13962	2	3	5	5.6
id-13963	4	8	14	5.7
id-13964	7	11	16	6.6
id-13965	10	12	4	5.5
id-13966	3	6	7	6.1
id-13967	3	3	16	6.9
id-13968	2	4	16	6.8
id-13969	5	9	4	6.0
id-13970	4	7	21	6.7
id-13971	4	5	9	6.8
id-13972	3	4	28	6.1
id-13973	9	13	24	5.4
id-13974	6	12	27	6.0
id-13975	7	8	25	7.0
id-13976	3	6	12	5.9
id-13977	1	2	18	6.0
id-13978	5	9	17	6.4
id-13979	4	7	27	6.9
id-13980	7	14	9	6.6
id-13981	2	3	8	6.5
id-13982	5	5	29	7.0
id-13983	4	3	26	5.3
id-13984	4	4	16	6.3
id-13985	1	2	8	5.6
id-13986	5	4	25	6.6
id-13987	6	5	12	6.4
id-13988	6	11	9	6.3
id-13989	3	2	18	6.2
id-13990	2	2	30	6.7
id-13991	1	2	18	5.1
id-13992	5	9	21	5.6
id-13993	1	2	30	6.9
id-13994	2	4	16	5.8
id-13995	10	20	27	5.3
id-13996	10	10	12	6.7
id-13997	4	8	2	5.7
id-13998	3	3	28	5.8
id-13999	2	2	8	5.8
id-14000	5	8	12	5.4
id-14001	10	6	29	6.6
id-14002	10	5	12	6.0
id-14003	6	4	22	5.7
id-14004	9	10	11	5.4
id-14005	9	6	11	5.6
id-14006	7	6	21	5.3
id-14007	1	2	13	6.3
id-14008	7	4	1	5.8
id-14009	1	2	3	5.1
id-14010	2	3	24	6.9
id-14011	10	20	16	6.7
id-14012	5	6	7	5.5
id-14013	7	2	17	5.8
id-14014	4	2	2	5.1
id-14015	10	7	16	6.3
id-14016	3	5	5	6.7
id-14017	10	3	30	7.0
id-14018	7	10	16	5.1
id-14019	4	7	3	5.8
id-14020	8	10	26	6.0
id-14021	1	2	27	6.3
id-14022	6	8	16	6.7
id-14023	2	3	24	6.7
id-14024	5	4	14	6.6
id-14025	7	11	13	5.8
id-14026	9	5	25	5.9
id-14027	8	14	22	6.6
id-14028	4	4	22	6.1
id-14029	2	3	18	5.2
id-14030	5	8	25	5.7
id-14031	1	2	30	6.4
id-14032	3	5	22	6.7
id-14033	4	6	14	5.6
id-14034	7	8	1	6.4
id-14035	9	8	9	5.6
id-14036	6	12	17	6.8
id-14037	7	2	1	5.7
id-14038	8	2	26	6.7
id-14039	2	4	12	5.8
id-14040	1	2	11	6.1
id-14041	7	6	1	5.3
id-14042	3	2	8	6.4
id-14043	7	11	11	6.3
id-14044	9	7	7	6.6
id-14045	5	3	27	6.1
id-14046	5	2	26	6.2
id-14047	10	11	1	5.2
id-14048	2	2	3	6.7
id-14049	9	2	27	5.9
id-14050	3	3	23	5.9
id-14051	4	2	1	5.8
id-14052	1	2	23	6.0
id-14053	3	6	5	6.0
id-14054	10	2	27	5.6
id-14055	2	3	12	6.9
id-14056	6	3	1	6.2
id-14057	1	2	19	5.9
id-14058	9	4	20	6.7
id-14059	5	3	27	5.8
id-14060	4	6	28	5.8
id-14061	5	3	19	5.8
id-14062	1	2	23	6.1
id-14063	1	2	4	6.5
id-14064	3	2	20	5.2
id-14065	10	11	20	5.3
id-14066	4	4	14	6.0
id-14067	3	5	27	5.4
id-14068	10	14	11	6.6
id-14069	5	2	4	5.1
id-14070	4	4	23	6.3
id-14071	4	7	11	5.5
id-14072	9	4	7	6.8
id-14073	3	5	10	5.4
id-14074	3	2	1	6.1
id-14075	4	6	3	6.6
id-14076	8	5	27	5.4
id-14077	9	14	19	6.1
id-14078	6	8	11	6.5
id-14079	1	2	6	6.5
id-14080	8	11	1	7.0
id-14081	4	6	9	6.0
id-14082	8	11	27	6.7
id-14083	8	13	10	6.5
id-14084	7	12	3	6.1
id-14085	7	13	7	6.9
id-14086	6	7	14	6.3
id-14087	1	2	3	6.0
id-14088	2	2	28	5.4
id-14089	6	7	11	5.5
id-14090	5	8	22	6.5
id-14091	3	6	10	6.7
id-14092	6	6	12	7.0
id-14093	9	11	21	5.1
id-14094	5	4	20	6.4
id-14095	1	2	27	5.2
id-14096	3	6	14	5.3
id-14097	6	6	22	6.3
id-14098	4	6	3	5.8
id-14099	7	4	11	6.5
id-14100	9	10	9	5.6
id-14101	9	14	10	5.5
id-14102	2	3	17	6.3
id-14103	8	8	26	6.1
id-14104	10	15	12	5.3
id-14105	8	6	1	5.4
id-14106	3	4	9	5.1
id-14107	9	9	14	5.6
id-14108	2	2	29	6.6
id-14109	6	10	14	5.7
id-14110	4	4	8	6.6
id-14111	3	2	11	6.9
id-14112	7	6	22	6.3
id-14113	5	3	18	6.0
id-14114	10	19	19	6.7
id-14115	5	7	26	5.3
id-14116	4	3	25	5.6
id-14117	6	6	2	5.4
id-14118	9	17	28	6.0
id-14119	10	17	21	6.9
id-14120	10	4	5	5.6
id-14121	9	8	14	6.3
id-14122	4	8	26	6.0
id-14123	4	8	10	6.5
id-14124	4	2	5	6.3
id-14125	10	18	12	5.9
id-14126	7	4	25	5.9
id-14127	4	5	13	5.7
id-14128	8	4	14	5.7
id-14129	8	9	18	6.2
id-14130	4	8	27	5.1
id-14131	7	13	24	6.3
id-14132	2	4	3	5.8
id-14133	6	8	27	6.8
id-14134	2	3	18	5.6
id-14135	2	3	30	5.5
id-14136	10	6	25	6.7
id-14137	9	10	1	6.3
id-14138	4	8	13	6.1
id-14139	7	3	19	5.1
id-14140	4	8	10	6.7
id-14141	6	7	30	6.0
id-14142	1	2	16	5.6
id-14143	3	2	10	5.3
id-14144	4	8	4	6.9
id-14145	10	14	1	6.0
id-14146	7	6	9	6.0
id-14147	6	9	20	5.6
id-14148	8	4	17	5.7
id-14149	10	14	5	6.0
id-14150	8	13	7	5.4
id-14151	4	7	16	5.9
id-14152	5	7	2	6.1
id-14153	4	3	24	5.2
id-14154	4	6	25	6.0
id-14155	4	8	23	5.1
id-14156	9	9	29	6.3
id-14157	2	3	28	6.9
id-14158	6	4	1	5.2
id-14159	7	11	15	5.1
id-14160	8	7	21	5.6
id-14161	7	11	13	6.2
id-14162	9	11	12	5.4
id-14163	9	13	2	6.8
id-14164	6	6	22	5.3
id-14165	2	4	19	5.8
id-14166	6	2	26	5.9
id-14167	6	7	19	5.3
id-14168	3	6	4	5.7
id-14169	1	2	24	5.6
id-14170	7	11	29	7.0
id-14171	9	14	16	5.7
id-14172	2	3	3	6.6
id-14173	3	5	2	6.8
id-14174	6	3	30	6.6
id-14175	10	19	28	5.9
id-14176	10	13	21	6.5
id-14177	1	2	30	6.4
id-14178	7	14	23	5.6
id-14179	6	3	9	5.4
id-14180	4	3	1	5.6
id-14181	3	5	6	6.3
id-14182	7	2	5	6.1
id-14183	5	2	14	5.7
id-14184	7	11	8	5.3
id-14185	8	2	4	5.7
id-14186	1	2	17	6.4
id-14187	5	2	30	5.7
id-14188	5	2	10	6.4
id-14189	1	2	24	7.0
id-14190	4	8	18	5.6
id-14191	9	9	12	5.8
id-14192	7	3	25	6.2
id-14193	1	2	28	5.1
id-14194	8	10	23	6.4
id-14195	8	10	8	6.7
id-14196	5	2	4	5.2
id-14197	8	10	23	5.6
id-14198	2	4	17	5.4
id-14199	1	2	4	6.5
id-14200	2	3	29	5.2
id-14201	6	8	3	6.7
id-14202	10	10	19	6.3
id-14203	4	2	12	6.3
id-14204	3	2	9	5.4
id-14205	9	16	24	5.2
id-14206	5	10	18	6.3
id-14207	10	12	5	6.7
id-14208	8	5	2	5.3
id-14209	3	5	15	6.1
id-14210	2	3	18	7.0
id-14211	10	17	2	6.8
id-14212	4	5	18	6.6
id-14213	6	5	21	6.2
id-14214	10	7	3	6.1
id-14215	2	4	25	6.8
id-14216	5	3	24	6.2
id-14217	8	4	26	5.2
id-14218	6	6	19	6.5
id-14219	10	16	9	5.2
id-14220	5	8	9	6.8
id-14221	10	16	3	6.4
id-14222	6	11	22	5.2
id-14223	6	6	26	6.0
id-14224	4	3	8	5.2
id-14225	4	2	22	6.2
id-14226	2	4	28	6.1
id-14227	4	5	21	5.5
id-14228	8	11	3	6.5
id-14229	8	8	30	6.8
id-14230	5	6	2	5.0
id-14231	5	8	2	6.6
id-14232	6	12	6	6.3
id-14233	5	6	23	5.1
id-14234	1	2	28	6.1
id-14235	10	16	23	5.1
id-14236	2	2	19	6.4
id-14237	2	3	25	5.5
id-14238	3	5	23	6.5
id-14239	3	4	23	7.0
id-14240	5	4	30	6.4
id-14241	9	6	23	6.9
id-14242	9	10	8	6.2
id-14243	2	3	13	5.1
id-14244	2	2	17	6.8
id-14245	2	4	27	5.1
id-14246	8	5	23	6.5
id-14247	4	2	26	7.0
id-14248	10	20	30	5.3
id-14249	9	7	24	6.2
id-14250	2	3	2	6.0
id-14251	2	2	8	5.1
id-14252	3	6	18	6.4
id-14253	3	4	3	6.8
id-14254	9	17	20	6.3
id-14255	4	8	24	5.2
id-14256	1	2	18	5.4
id-14257	9	13	10	6.5
id-14258	4	8	27	6.3
id-14259	1	2	6	6.7
id-14260	6	9	11	5.3
id-14261	4	4	11	6.6
id-14262	6	10	12	5.7
id-14263	6	12	1	6.9
id-14264	8	10	17	6.5
id-14265	6	10	16	6.2
id-14266	2	2	16	5.6
id-14267	3	4	8	6.7
id-14268	10	6	21	6.1
id-14269	7	6	11	6.0
id-14270	6	2	13	5.5
id-14271	3	2	15	5.5
id-14272	6	4	24	7.0
id-14273	8	10	1	5.3
id-14274	7	10	15	5.1
id-14275	2	3	1	6.7
id-14276	4	7	30	6.7
id-14277	7	2	11	5.8
id-14278	2	3	18	5.5
id-14279	2	2	15	7.0
id-14280	3	4	18	6.6
id-14281	9	17	18	6.5
id-14282	1	2	2	6.4
id-14283	2	3	2	6.1
id-14284	1	2	12	6.8
id-14285	2	2	12	5.2
id-14286	2	2	21	5.7
id-14287	3	4	6	5.1
id-14288	3	2	7	5.8
id-14289	1	2	11	6.7
id-14290	9	5	13	5.0
id-14291	10	11	26	7.0
id-14292	10	19	9	5.6
id-14293	5	8	22	6.8
id-14294	6	7	24	5.6
id-14295	7	8	8	5.4
id-14296	7	11	3	5.1
id-14297	10	3	17	5.8
id-14298	6	11	12	6.3
id-14299	9	9	10	6.6
id-14300	7	2	8	5.5
id-14301	7	2	25	5.1
id-14302	5	8	7	6.3
id-14303	9	7	21	5.7
id-14304	4	4	3	5.2
id-14305	7	8	23	5.6
id-14306	3	3	30	6.1
id-14307	10	15	30	5.5
id-14308	8	9	16	6.4
id-14309	8	6	21	6.7
id-14310	10	7	26	6.0
id-14311	9	15	6	5.7
id-14312	7	7	14	6.3
id-14313	1	2	16	5.1
id-14314	5	4	7	5.6
id-14315	7	4	2	5.7
id-14316	8	10	14	5.3
id-14317	1	2	30	5.4
id-14318	7	5	30	6.1
id-14319	9	13	9	5.6
id-14320	10	15	25	5.4
id-14321	9	2	23	6.2
id-14322	8	7	1	6.7
id-14323	8	12	27	6.8
id-14324	9	17	16	5.2
id-14325	3	5	16	5.1
id-14326	6	10	4	5.7
id-14327	9	18	25	6.5
id-14328	3	6	26	5.6
id-14329	1	2	16	6.7
id-14330	6	7	19	6.4
id-14331	6	10	13	5.5
id-14332	3	5	3	6.9
id-14333	7	12	9	6.0
id-14334	1	2	30	5.1
id-14335	7	14	25	5.4
id-14336	10	6	22	6.4
id-14337	9	10	17	6.0
id-14338	2	3	6	5.3
id-14339	4	6	28	6.0
id-14340	4	5	3	5.7
id-14341	9	13	30	5.5
id-14342	3	4	24	5.3
id-14343	6	5	11	6.2
id-14344	3	6	15	6.5
id-14345	2	2	7	5.2
id-14346	5	5	21	6.2
id-14347	8	3	9	6.1
id-14348	6	5	27	6.1
id-14349	3	5	5	6.0
id-14350	2	2	29	6.3
id-14351	9	3	6	5.5
id-14352	2	3	23	5.7
id-14353	5	4	8	6.9
id-14354	7	11	26	5.4
id-14355	10	2	13	6.9
id-14356	5	4	17	5.2
id-14357	8	2	21	6.6
id-14358	8	15	17	6.7
id-14359	1	2	18	6.4
id-14360	8	15	2	5.1
id-14361	10	4	6	5.3
id-14362	5	3	24	5.8
id-14363	1	2	21	6.2
id-14364	8	10	5	6.2
id-14365	6	11	25	6.5
id-14366	1	2	19	6.7
id-14367	4	6	30	5.3
id-14368	4	2	13	6.7
id-14369	10	20	16	5.5
id-14370	2	2	23	5.3
id-14371	4	5	24	6.8
id-14372	6	9	9	6.7
id-14373	7	12	15	6.8
id-14374	6	12	26	6.8
id-14375	6	3	8	6.8
id-14376	1	2	12	6.5
id-14377	7	14	19	6.1
id-14378	6	5	10	5.5
id-14379	3	2	15	5.9
id-14380	7	3	16	5.8
id-14381	1	2	26	5.7
id-14382	4	2	12	5.4
id-14383	9	4	2	6.4
id-14384	6	7	8	6.8
id-14385	4	6	7	5.7
id-14386	5	5	13	5.6
id-14387	8	10	19	6.4
id-14388	8	8	2	5.8
id-14389	5	8	24	6.9
id-14390	9	12	26	5.7
id-14391	4	3	10	6.1
id-14392	1	2	22	5.6
id-14393	5	10	3	5.0
id-14394	9	7	28	6.5
id-14395	8	3	16	5.5
id-14396	4	7	28	5.3
id-14397	7	3	4	5.4
id-14398	8	5	15	5.9
id-14399	4	3	24	5.1
id-14400	4	6	26	6.7
id-14401	3	5	4	5.0
id-14402	3	4	18	6.8
id-14403	1	2	22	7.0
id-14404	5	4	5	6.8
id-14405	5	10	12	5.8
id-14406	2	4	19	5.0
id-14407	1	2	21	6.8
id-14408	4	8	18	6.3
id-14409	8	6	2	5.0
id-14410	8	12	2	6.7
id-14411	4	4	13	6.4
id-14412	2	3	13	5.2
id-14413	9	16	21	6.7
id-14414	7	6	8	5.3
id-14415	5	6	27	6.7
id-14416	9	2	4	6.7
id-14417	5	4	10	6.8
id-14418	3	2	6	5.8
id-14419	3	4	24	6.0
id-14420	10	4	27	6.2
id-14421	6	6	5	6.7
id-14422	9	11	8	6.6
id-14423	6	8	24	5.1
id-14424	1	2	16	5.8
id-14425	9	17	24	5.5
id-14426	4	6	8	6.8
id-14427	8	2	24	6.2
id-14428	7	4	4	5.7
id-14429	4	8	20	6.4
id-14430	9	14	29	5.9
id-14431	9	5	18	6.2
id-14432	9	2	24	6.1
id-14433	9	7	18	6.3
id-14434	9	9	20	7.0
id-14435	1	2	3	5.0
id-14436	1	2	3	5.1
id-14437	7	2	15	5.7
id-14438	7	4	7	5.6
id-14439	3	5	23	5.8
id-14440	9	15	24	7.0
id-14441	2	2	21	5.5
id-14442	10	17	24	6.3
id-14443	4	5	7	6.6
id-14444	8	8	23	5.6
id-14445	6	2	27	5.3
id-14446	5	5	11	5.8
id-14447	10	14	1	6.4
id-14448	4	4	4	5.6
id-14449	1	2	28	5.9
id-14450	9	14	24	5.3
id-14451	6	8	28	6.4
id-14452	1	2	29	6.1
id-14453	7	14	30	5.4
id-14454	1	2	27	6.9
id-14455	9	2	30	5.2
id-14456	3	3	17	5.0
id-14457	1	2	8	5.3
id-14458	5	10	29	5.4
id-14459	4	2	4	6.0
id-14460	9	18	27	5.3
id-14461	5	9	25	5.6
id-14462	7	13	16	6.6
id-14463	4	7	16	5.1
id-14464	7	2	1	6.6
id-14465	3	6	26	6.0
id-14466	10	13	30	6.9
id-14467	10	15	6	6.7
id-14468	8	6	2	6.6
id-14469	8	5	25	6.8
id-14470	6	12	21	5.9
id-14471	7	14	3	5.6
id-14472	9	5	8	6.4
id-14473	1	2	10	6.8
id-14474	8	8	22	5.8
id-14475	9	5	13	6.6
id-14476	9	13	3	6.3
id-14477	9	3	2	6.2
id-14478	1	2	24	6.3
id-14479	5	2	28	5.7
id-14480	8	14	23	5.6
id-14481	8	15	11	5.3
id-14482	7	12	29	6.4
id-14483	2	2	5	5.6
id-14484	6	3	14	5.6
id-14485	4	3	11	5.5
id-14486	2	3	26	6.6
id-14487	10	9	6	6.2
id-14488	7	14	16	5.7
id-14489	3	4	30	7.0
id-14490	7	7	8	6.5
id-14491	6	3	8	5.3
id-14492	10	7	29	6.9
id-14493	8	12	14	6.6
id-14494	7	6	9	5.9
id-14495	8	16	9	6.7
id-14496	3	6	20	5.1
id-14497	5	3	25	6.1
id-14498	2	3	16	6.0
id-14499	7	7	16	6.9
id-14500	1	2	2	5.7
id-14501	9	13	6	6.8
id-14502	10	2	27	5.7
id-14503	3	6	6	7.0
id-14504	4	5	4	5.2
id-14505	4	7	30	6.8
id-14506	1	2	5	5.5
id-14507	4	5	11	5.6
id-14508	7	5	29	5.8
id-14509	2	4	29	6.7
id-14510	6	10	27	5.3
id-14511	4	3	14	6.1
id-14512	5	5	20	6.2
id-14513	9	9	22	5.5
id-14514	6	5	14	6.7
id-14515	10	7	29	6.8
id-14516	7	8	15	5.7
id-14517	4	2	6	6.4
id-14518	2	4	16	6.9
id-14519	5	2	5	6.0
id-14520	7	14	3	5.2
id-14521	1	2	1	5.3
id-14522	8	16	18	6.1
id-14523	7	13	24	5.5
id-14524	9	16	19	6.5
id-14525	9	7	25	5.4
id-14526	5	5	21	6.2
id-14527	9	3	11	5.6
id-14528	7	4	9	6.0
id-14529	10	14	9	5.1
id-14530	5	4	13	6.3
id-14531	4	8	16	6.9
id-14532	7	8	9	6.9
id-14533	8	9	18	5.1
id-14534	7	3	7	5.1
id-14535	9	12	11	6.1
id-14536	6	10	29	6.7
id-14537	2	2	9	6.4
id-14538	10	6	26	5.0
id-14539	3	3	12	5.5
id-14540	9	8	6	5.3
id-14541	4	7	22	5.9
id-14542	3	2	17	6.5
id-14543	10	12	6	6.6
id-14544	2	3	18	5.9
id-14545	3	6	27	5.8
id-14546	4	4	27	6.2
id-14547	2	2	2	6.4
id-14548	6	4	29	5.3
id-14549	5	2	18	5.4
id-14550	8	12	5	5.7
id-14551	9	7	23	6.3
id-14552	2	4	30	6.5
id-14553	6	7	21	6.3
id-14554	2	2	11	6.5
id-14555	7	11	13	5.8
id-14556	5	3	5	6.3
id-14557	5	6	16	6.7
id-14558	7	6	17	6.8
id-14559	6	8	4	6.6
id-14560	8	12	2	6.5
id-14561	5	5	27	6.6
id-14562	3	3	3	6.0
id-14563	6	10	12	5.1
id-14564	3	4	16	6.4
id-14565	8	2	25	5.4
id-14566	7	3	23	5.3
id-14567	3	6	22	5.8
id-14568	6	7	1	5.9
id-14569	4	6	14	6.2
id-14570	1	2	14	6.3
id-14571	7	14	4	6.2
id-14572	9	17	2	6.7
id-14573	10	14	11	6.3
id-14574	2	4	7	5.6
id-14575	8	7	18	6.7
id-14576	3	4	9	6.4
id-14577	8	3	8	5.7
id-14578	5	7	12	5.9
id-14579	3	4	1	5.3
id-14580	5	3	8	5.6
id-14581	1	2	18	5.9
id-14582	7	12	9	5.6
id-14583	1	2	9	6.8
id-14584	9	8	17	5.3
id-14585	3	2	14	5.9
id-14586	4	2	23	5.8
id-14587	10	6	27	6.7
id-14588	10	4	6	5.7
id-14589	2	4	16	5.4
id-14590	2	2	21	5.0
id-14591	10	8	28	6.3
id-14592	10	11	18	6.9
id-14593	2	3	29	5.4
id-14594	3	6	15	5.7
id-14595	5	6	26	5.4
id-14596	3	5	4	6.0
id-14597	6	7	28	5.1
id-14598	4	6	12	6.8
id-14599	1	2	22	5.3
id-14600	9	3	5	5.3
id-14601	7	6	8	5.3
id-14602	6	6	13	5.5
id-14603	2	4	27	5.4
id-14604	3	4	28	6.9
id-14605	7	14	12	6.3
id-14606	6	2	27	6.5
id-14607	5	2	12	5.0
id-14608	7	9	24	6.1
id-14609	6	5	24	7.0
id-14610	10	8	13	5.6
id-14611	4	5	16	5.7
id-14612	9	2	28	6.1
id-14613	2	4	24	6.5
id-14614	9	9	27	5.2
id-14615	2	2	29	6.1
id-14616	9	12	9	6.7
id-14617	6	5	4	6.7
id-14618	7	4	4	6.4
id-14619	6	7	21	6.9
id-14620	4	4	2	5.4
id-14621	4	5	26	5.2
id-14622	9	15	11	5.3
id-14623	3	2	9	5.9
id-14624	7	3	14	5.1
id-14625	9	3	26	6.8
id-14626	9	4	25	6.6
id-14627	1	2	27	6.6
id-14628	10	19	2	6.2
id-14629	5	8	23	5.4
id-14630	7	8	6	6.3
id-14631	1	2	7	5.6
id-14632	4	3	6	6.7
id-14633	3	6	23	6.4
id-14634	9	11	24	6.5
id-14635	3	6	6	5.2
id-14636	8	5	27	6.0
id-14637	1	2	10	6.0
id-14638	7	9	3	5.1
id-14639	2	3	7	6.5
id-14640	9	6	27	5.6
id-14641	1	2	22	6.7
id-14642	9	12	15	5.3
id-14643	2	4	5	6.2
id-14644	1	2	28	6.7
id-14645	1	2	14	6.7
id-14646	7	2	18	6.3
id-14647	5	6	15	5.1
id-14648	7	7	25	5.8
id-14649	8	8	10	6.5
id-14650	9	11	2	5.9
id-14651	3	3	30	5.2
id-14652	2	2	19	6.8
id-14653	3	6	19	5.0
id-14654	2	4	6	6.7
id-14655	10	20	26	5.9
id-14656	2	3	23	6.0
id-14657	4	6	13	6.0
id-14658	9	8	23	6.9
id-14659	2	3	26	5.8
id-14660	5	5	14	5.1
id-14661	10	10	12	5.8
id-14662	6	10	6	6.5
id-14663	5	4	16	5.4
id-14664	8	16	19	6.5
id-14665	6	10	29	6.2
id-14666	9	13	22	5.6
id-14667	5	2	18	5.2
id-14668	5	8	21	5.1
id-14669	2	2	28	5.1
id-14670	2	4	11	6.5
id-14671	3	5	12	6.7
id-14672	1	2	22	6.5
id-14673	1	2	30	5.4
id-14674	8	13	18	5.2
id-14675	1	2	20	5.0
id-14676	10	4	17	5.6
id-14677	6	3	21	6.8
id-14678	7	3	12	6.8
id-14679	3	4	4	5.4
id-14680	8	6	6	6.1
id-14681	6	5	21	6.8
id-14682	7	3	26	6.3
id-14683	9	8	30	6.2
id-14684	9	18	11	5.7
id-14685	7	4	15	6.8
id-14686	4	2	28	5.3
id-14687	9	5	24	5.0
id-14688	3	5	25	6.7
id-14689	6	4	21	6.2
id-14690	6	5	8	5.1
id-14691	8	6	20	5.8
id-14692	3	6	28	6.4
id-14693	5	10	29	5.3
id-14694	8	13	1	6.3
id-14695	9	4	10	6.4
id-14696	7	2	26	6.8
id-14697	10	18	19	6.5
id-14698	9	17	16	5.6
id-14699	9	6	17	5.8
id-14700	8	4	26	5.3
id-14701	7	3	8	6.6
id-14702	9	14	11	5.1
id-14703	8	8	23	6.3
id-14704	1	2	3	6.2
id-14705	7	12	21	7.0
id-14706	2	3	11	5.6
id-14707	5	9	26	5.0
id-14708	10	11	9	5.6
id-14709	6	5	28	6.3
id-14710	1	2	23	5.4
id-14711	10	10	27	6.7
id-14712	9	13	30	5.3
id-14713	4	3	12	5.5
id-14714	6	5	1	6.2
id-14715	9	6	4	7.0
id-14716	7	5	28	5.9
id-14717	5	4	19	5.8
id-14718	7	13	1	6.0
id-14719	10	6	15	6.5
id-14720	10	14	19	6.6
id-14721	5	4	11	6.9
id-14722	7	10	27	5.9
id-14723	9	3	8	5.7
id-14724	8	10	23	6.6
id-14725	7	14	29	6.9
id-14726	7	6	9	6.3
id-14727	5	9	12	5.9
id-14728	2	3	12	5.9
id-14729	6	4	17	5.7
id-14730	1	2	8	6.4
id-14731	8	11	2	6.5
id-14732	8	16	8	6.2
id-14733	10	13	19	5.4
id-14734	3	6	19	5.6
id-14735	5	3	15	5.7
id-14736	9	5	14	6.3
id-14737	6	3	5	5.8
id-14738	3	4	28	7.0
id-14739	1	2	24	7.0
id-14740	6	6	16	5.1
id-14741	7	3	23	7.0
id-14742	2	2	13	5.8
id-14743	4	6	19	5.9
id-14744	5	6	10	6.2
id-14745	3	4	7	5.9
id-14746	4	2	6	6.9
id-14747	3	5	5	6.7
id-14748	1	2	22	6.1
id-14749	2	4	9	5.5
id-14750	5	2	25	6.6
id-14751	5	4	2	5.7
id-14752	3	4	17	5.8
id-14753	7	8	26	5.7
id-14754	1	2	14	6.4
id-14755	4	2	19	5.9
id-14756	7	14	5	5.6
id-14757	2	4	11	7.0
id-14758	2	4	10	6.5
id-14759	10	8	21	5.6
id-14760	5	5	27	6.2
id-14761	7	12	8	5.8
id-14762	5	3	13	6.6
id-14763	7	14	1	6.4
id-14764	6	12	5	6.1
id-14765	3	5	9	6.2
id-14766	2	4	7	5.6
id-14767	6	10	28	5.0
id-14768	6	9	8	6.1
id-14769	5	5	20	5.4
id-14770	6	3	18	5.0
id-14771	8	13	11	6.5
id-14772	10	18	24	6.7
id-14773	6	3	16	5.0
id-14774	10	2	28	5.8
id-14775	4	3	15	5.2
id-14776	7	7	16	5.2
id-14777	9	17	4	6.0
id-14778	10	16	15	6.3
id-14779	9	2	24	6.1
id-14780	2	3	27	6.4
id-14781	3	5	3	5.7
id-14782	1	2	15	5.5
id-14783	10	6	9	5.6
id-14784	1	2	7	5.9
id-14785	3	4	28	5.2
id-14786	4	6	9	5.0
id-14787	6	6	23	6.8
id-14788	10	13	2	6.9
id-14789	1	2	6	5.4
id-14790	6	2	3	6.9
id-14791	9	4	16	5.9
id-14792	1	2	27	6.7
id-14793	6	4	7	6.1
id-14794	7	10	25	6.0
id-14795	2	3	18	6.2
id-14796	2	2	14	5.5
id-14797	1	2	1	5.5
id-14798	6	11	19	5.2
id-14799	7	7	26	5.4
id-14800	8	16	9	6.5
id-14801	7	13	17	6.6
id-14802	9	10	24	6.4
id-14803	10	5	27	6.6
id-14804	5	2	29	6.7
id-14805	8	8	17	5.9
id-14806	1	2	9	6.6
id-14807	9	18	5	5.6
id-14808	4	7	30	5.7
id-14809	4	7	14	6.5
id-14810	4	4	5	5.2
id-14811	5	5	3	5.9
id-14812	7	6	17	6.4
id-14813	10	5	9	6.6
id-14814	9	14	13	5.1
id-14815	2	2	11	5.7
id-14816	4	7	18	5.5
id-14817	10	20	9	6.9
id-14818	1	2	25	6.8
id-14819	6	12	21	5.9
id-14820	9	17	24	6.3
id-14821	3	5	24	6.2
id-14822	6	4	4	5.1
id-14823	5	2	20	5.8
id-14824	10	13	7	5.8
id-14825	8	14	1	5.7
id-14826	9	17	28	6.6
id-14827	2	4	3	5.2
id-14828	6	7	5	6.8
id-14829	1	2	7	6.3
id-14830	4	2	18	5.9
id-14831	1	2	30	6.4
id-14832	3	4	21	6.9
id-14833	5	5	3	6.7
id-14834	3	3	24	5.3
id-14835	4	2	4	6.8
id-14836	10	17	16	6.9
id-14837	2	2	15	5.2
id-14838	2	4	25	6.9
id-14839	3	3	30	6.5
id-14840	4	8	22	6.7
id-14841	9	11	13	5.5
id-14842	10	17	27	6.5
id-14843	3	6	25	6.3
id-14844	3	3	4	5.6
id-14845	10	4	7	5.3
id-14846	3	6	28	5.3
id-14847	7	10	29	6.9
id-14848	5	6	12	6.0
id-14849	7	4	26	6.5
id-14850	2	2	11	6.8
id-14851	4	8	8	6.2
id-14852	5	8	9	6.5
id-14853	1	2	18	6.3
id-14854	3	5	13	5.8
id-14855	1	2	20	6.5
id-14856	1	2	27	6.3
id-14857	1	2	6	5.3
id-14858	1	2	12	5.6
id-14859	1	2	17	5.8
id-14860	9	5	1	7.0
id-14861	4	7	18	6.4
id-14862	7	12	21	5.7
id-14863	2	3	29	6.2
id-14864	3	5	9	6.4
id-14865	10	14	4	6.4
id-14866	6	11	1	6.4
id-14867	3	2	10	5.1
id-14868	3	4	23	6.0
id-14869	2	3	2	6.5
id-14870	6	7	10	5.7
id-14871	1	2	25	5.3
id-14872	8	8	13	5.7
id-14873	2	3	4	6.6
id-14874	9	14	3	6.4
id-14875	7	8	18	6.9
id-14876	7	7	18	5.1
id-14877	4	3	14	5.6
id-14878	2	3	15	5.3
id-14879	5	10	13	6.3
id-14880	6	10	1	6.6
id-14881	8	11	11	5.1
id-14882	1	2	13	5.9
id-14883	2	4	7	6.1
id-14884	5	10	25	6.3
id-14885	2	2	21	6.7
id-14886	10	2	18	6.8
id-14887	4	6	1	6.3
id-14888	8	10	15	6.7
id-14889	3	4	29	6.7
id-14890	7	4	2	6.8
id-14891	3	5	12	6.4
id-14892	6	2	26	6.6
id-14893	9	4	1	5.6
id-14894	10	9	1	6.7
id-14895	3	6	19	6.2
id-14896	7	14	19	6.2
id-14897	5	7	29	5.7
id-14898	2	2	4	5.9
id-14899	3	4	26	6.8
id-14900	6	9	17	6.2
id-14901	1	2	3	5.5
id-14902	6	8	12	6.8
id-14903	2	4	21	5.9
id-14904	8	3	8	6.8
id-14905	9	15	3	6.0
id-14906	5	4	6	5.8
id-14907	3	5	20	6.3
id-14908	7	2	14	6.2
id-14909	6	4	20	6.2
id-14910	7	2	26	6.9
id-14911	7	9	2	6.6
id-14912	4	6	16	6.1
id-14913	10	4	21	6.4
id-14914	4	3	10	5.9
id-14915	8	14	13	5.9
id-14916	5	6	29	7.0
id-14917	10	5	10	6.6
id-14918	2	2	16	6.0
id-14919	9	2	16	5.7
id-14920	9	9	19	6.4
id-14921	4	4	26	5.8
id-14922	7	9	2	6.7
id-14923	1	2	6	6.4
id-14924	2	2	5	6.2
id-14925	6	10	18	6.6
id-14926	1	2	24	6.1
id-14927	5	3	4	6.6
id-14928	10	17	4	6.9
id-14929	7	12	29	5.8
id-14930	6	10	29	5.8
id-14931	10	16	17	5.4
id-14932	6	2	30	5.8
id-14933	5	10	14	5.0
id-14934	7	3	7	6.3
id-14935	10	12	27	6.0
id-14936	2	2	25	6.7
id-14937	1	2	3	5.2
id-14938	7	2	7	6.3
id-14939	10	5	3	5.9
id-14940	1	2	12	6.2
id-14941	8	13	26	7.0
id-14942	3	5	6	6.9
id-14943	3	6	24	5.4
id-14944	1	2	15	5.6
id-14945	6	7	19	5.4
id-14946	3	4	19	5.6
id-14947	2	4	1	5.6
id-14948	3	3	17	5.1
id-14949	9	12	26	5.6
id-14950	1	2	11	5.2
id-14951	2	4	14	6.4
id-14952	3	3	27	6.5
id-14953	1	2	26	5.4
id-14954	10	11	14	6.9
id-14955	3	6	15	5.3
id-14956	5	8	25	6.6
id-14957	9	3	12	5.4
id-14958	3	5	23	6.3
id-14959	5	6	25	5.5
id-14960	9	6	28	6.0
id-14961	9	18	26	5.5
id-14962	6	3	26	5.3
id-14963	10	13	26	6.6
id-14964	5	9	23	6.3
id-14965	8	14	12	5.7
id-14966	7	9	19	6.6
id-14967	6	11	12	5.5
id-14968	6	6	30	5.8
id-14969	9	17	22	5.9
id-14970	6	9	19	6.8
id-14971	4	3	3	7.0
id-14972	8	13	17	6.6
id-14973	1	2	25	5.8
id-14974	10	19	5	5.0
id-14975	2	3	1	6.2
id-14976	9	17	1	5.7
id-14977	4	8	6	5.1
id-14978	3	3	3	6.5
id-14979	4	8	6	5.6
id-14980	9	2	7	5.7
id-14981	10	19	26	6.2
id-14982	2	2	27	5.8
id-14983	7	7	18	7.0
id-14984	9	15	24	5.2
id-14985	4	5	13	5.9
id-14986	8	13	4	5.2
id-14987	7	6	28	5.2
id-14988	7	12	6	6.1
id-14989	10	3	17	6.4
id-14990	5	5	5	6.5
id-14991	10	8	14	6.7
id-14992	3	6	6	6.6
id-14993	3	6	5	6.5
id-14994	3	5	30	6.0
id-14995	6	7	8	5.7
id-14996	3	6	22	5.2
id-14997	3	2	21	7.0
id-14998	2	2	17	6.7
id-14999	10	17	27	6.7
id-15000	3	5	17	6.3
id-15001	1	2	2	5.5
id-15002	9	3	17	5.2
id-15003	4	8	8	6.9
id-15004	9	11	27	6.0
id-15005	4	6	22	5.7
id-15006	6	7	3	5.3
id-15007	9	9	21	5.0
id-15008	4	6	1	6.8
id-15009	3	3	3	6.0
id-15010	9	18	2	5.2
id-15011	1	2	30	6.8
id-15012	5	7	11	6.4
id-15013	8	7	21	6.3
id-15014	5	2	23	6.5
id-15015	6	7	1	5.4
id-15016	8	8	14	5.9
id-15017	4	8	15	6.0
id-15018	2	2	23	5.6
id-15019	9	14	30	5.6
id-15020	3	3	24	5.5
id-15021	5	9	17	6.6
id-15022	3	5	19	5.2
id-15023	10	10	3	5.9
id-15024	4	2	13	5.9
id-15025	4	3	27	6.1
id-15026	1	2	19	6.4
id-15027	5	5	7	5.5
id-15028	7	6	24	5.4
id-15029	6	2	19	5.9
id-15030	10	14	1	5.4
id-15031	4	6	9	6.6
id-15032	3	5	9	6.3
id-15033	1	2	1	5.4
id-15034	4	7	20	5.8
id-15035	3	3	24	5.1
id-15036	9	6	17	6.3
id-15037	5	2	10	6.0
id-15038	8	16	18	5.4
id-15039	7	7	2	6.1
id-15040	9	7	2	6.9
id-15041	5	7	5	5.4
id-15042	7	10	20	6.0
id-15043	7	10	23	6.2
id-15044	9	12	25	5.9
id-15045	5	8	3	6.6
id-15046	10	16	12	6.7
id-15047	3	2	17	6.2
id-15048	7	13	15	6.9
id-15049	3	3	2	6.6
id-15050	8	5	6	6.8
id-15051	2	2	6	5.8
id-15052	2	4	2	5.7
id-15053	2	2	30	5.4
id-15054	4	8	13	5.9
id-15055	10	13	5	5.8
id-15056	3	3	22	6.3
id-15057	4	5	3	6.9
id-15058	10	20	20	6.3
id-15059	5	6	19	6.2
id-15060	10	14	12	6.8
id-15061	5	3	23	6.1
id-15062	9	17	17	6.3
id-15063	4	2	19	5.4
id-15064	2	3	14	5.5
id-15065	1	2	21	6.1
id-15066	4	2	11	6.0
id-15067	9	7	17	6.2
id-15068	4	7	15	6.2
id-15069	10	20	4	6.9
id-15070	7	13	14	6.5
id-15071	8	11	2	5.6
id-15072	10	16	30	6.8
id-15073	2	3	24	6.1
id-15074	6	12	5	5.8
id-15075	2	2	20	6.2
id-15076	3	3	11	6.5
id-15077	2	4	26	6.0
id-15078	6	8	3	7.0
id-15079	10	5	6	6.7
id-15080	3	3	22	5.6
id-15081	1	2	5	6.6
id-15082	7	5	28	6.9
id-15083	5	5	22	5.5
id-15084	8	6	14	6.8
id-15085	1	2	28	5.6
id-15086	2	4	17	5.4
id-15087	7	6	26	6.1
id-15088	9	8	26	5.2
id-15089	10	10	11	6.9
id-15090	4	6	25	5.8
id-15091	3	2	11	5.6
id-15092	3	2	13	6.4
id-15093	3	3	27	6.6
id-15094	7	9	3	5.0
id-15095	4	3	21	5.4
id-15096	10	5	12	5.7
id-15097	3	2	25	5.5
id-15098	9	9	20	5.7
id-15099	5	5	19	5.6
id-15100	4	3	22	6.8
id-15101	4	5	22	6.7
id-15102	3	4	30	5.8
id-15103	5	9	26	5.6
id-15104	6	9	1	6.6
id-15105	7	14	9	6.2
id-15106	10	5	16	6.4
id-15107	9	18	10	6.6
id-15108	2	4	1	5.7
id-15109	10	13	12	6.6
id-15110	2	3	12	6.7
id-15111	7	7	9	6.9
id-15112	9	8	16	6.9
id-15113	6	8	18	6.8
id-15114	2	2	21	6.7
id-15115	10	11	13	5.5
id-15116	7	12	14	5.9
id-15117	6	4	29	5.5
id-15118	1	2	17	5.7
id-15119	10	18	17	6.7
id-15120	9	7	13	5.9
id-15121	8	14	6	5.5
id-15122	9	8	4	6.6
id-15123	4	4	1	6.7
id-15124	1	2	14	5.2
id-15125	10	19	2	6.2
id-15126	6	3	24	6.4
id-15127	1	2	16	5.4
id-15128	9	4	27	5.8
id-15129	8	8	19	5.8
id-15130	9	3	28	5.6
id-15131	2	2	2	6.2
id-15132	3	5	1	5.9
id-15133	7	7	27	6.1
id-15134	9	18	12	6.7
id-15135	6	9	24	5.6
id-15136	6	10	25	5.1
id-15137	10	11	11	6.8
id-15138	1	2	27	6.9
id-15139	7	10	8	6.1
id-15140	2	3	1	6.3
id-15141	7	6	26	5.2
id-15142	9	12	16	5.4
id-15143	10	18	1	6.6
id-15144	4	5	10	5.8
id-15145	6	3	20	6.6
id-15146	4	3	8	6.7
id-15147	4	5	26	6.8
id-15148	5	5	3	7.0
id-15149	6	11	21	6.1
id-15150	1	2	2	5.3
id-15151	1	2	6	5.4
id-15152	6	5	28	5.1
id-15153	9	3	2	5.4
id-15154	7	3	22	5.7
id-15155	6	4	24	7.0
id-15156	1	2	27	5.7
id-15157	1	2	10	5.9
id-15158	1	2	8	6.8
id-15159	10	6	19	5.7
id-15160	9	9	16	6.6
id-15161	6	10	1	5.5
id-15162	8	5	13	5.5
id-15163	3	5	4	5.4
id-15164	10	9	22	5.7
id-15165	1	2	11	6.7
id-15166	2	4	25	5.9
id-15167	5	7	24	6.9
id-15168	5	5	16	5.8
id-15169	5	5	4	5.5
id-15170	1	2	18	6.9
id-15171	1	2	20	6.8
id-15172	2	4	5	6.2
id-15173	4	3	18	7.0
id-15174	5	7	25	6.1
id-15175	5	4	12	6.5
id-15176	8	5	14	6.1
id-15177	5	6	3	6.0
id-15178	2	2	1	5.6
id-15179	5	2	27	6.2
id-15180	9	7	28	6.7
id-15181	4	2	9	7.0
id-15182	10	7	27	5.6
id-15183	9	3	29	6.3
id-15184	2	4	9	6.5
id-15185	8	15	2	6.1
id-15186	3	2	29	5.8
id-15187	1	2	10	6.6
id-15188	6	7	19	5.6
id-15189	6	10	21	6.5
id-15190	5	8	15	6.3
id-15191	3	4	24	5.7
id-15192	8	7	18	5.5
id-15193	7	7	4	6.4
id-15194	1	2	4	5.3
id-15195	8	15	29	5.8
id-15196	3	2	17	5.2
id-15197	3	5	8	6.7
id-15198	4	3	24	6.0
id-15199	4	5	14	5.4
id-15200	5	3	24	5.3
id-15201	2	4	8	6.1
id-15202	3	2	6	6.7
id-15203	7	8	3	6.8
id-15204	2	2	6	6.5
id-15205	8	10	25	5.2
id-15206	4	7	4	6.3
id-15207	3	3	14	6.7
id-15208	5	7	9	6.5
id-15209	8	4	27	6.1
id-15210	7	10	29	5.2
id-15211	1	2	7	5.9
id-15212	6	2	18	5.4
id-15213	2	4	16	5.5
id-15214	8	7	11	5.7
id-15215	4	8	7	5.9
id-15216	1	2	11	6.3
id-15217	10	13	3	5.2
id-15218	6	2	27	5.1
id-15219	4	4	24	5.6
id-15220	6	8	1	5.1
id-15221	10	3	19	5.4
id-15222	7	14	6	6.5
id-15223	5	2	18	6.7
id-15224	9	9	21	5.1
id-15225	4	6	4	6.6
id-15226	7	3	6	5.8
id-15227	8	7	30	5.8
id-15228	1	2	30	7.0
id-15229	3	5	8	6.2
id-15230	9	5	21	6.1
id-15231	10	7	22	5.8
id-15232	6	8	15	6.3
id-15233	4	8	26	5.1
id-15234	4	3	9	6.0
id-15235	5	2	23	6.1
id-15236	7	9	3	6.2
id-15237	2	3	29	6.2
id-15238	1	2	21	6.2
id-15239	1	2	25	5.6
id-15240	8	14	12	6.8
id-15241	1	2	23	5.8
id-15242	9	6	14	5.4
id-15243	1	2	22	5.6
id-15244	8	4	28	6.0
id-15245	4	3	8	6.4
id-15246	5	6	13	6.0
id-15247	5	10	4	5.5
id-15248	6	2	9	5.9
id-15249	1	2	30	6.0
id-15250	1	2	22	6.9
id-15251	5	7	29	5.2
id-15252	8	16	14	6.4
id-15253	7	4	9	5.7
id-15254	1	2	22	5.1
id-15255	2	3	26	5.5
id-15256	6	5	12	6.4
id-15257	9	4	25	5.0
id-15258	10	6	15	5.9
id-15259	3	2	22	6.7
id-15260	6	8	19	5.0
id-15261	3	5	29	5.7
id-15262	2	4	16	6.1
id-15263	2	2	27	6.0
id-15264	7	7	12	5.4
id-15265	5	10	29	6.2
id-15266	9	6	9	5.5
id-15267	6	5	30	6.5
id-15268	10	8	10	6.5
id-15269	3	5	13	7.0
id-15270	9	3	17	7.0
id-15271	6	7	3	5.3
id-15272	2	3	2	5.5
id-15273	1	2	6	6.1
id-15274	6	3	19	5.3
id-15275	7	11	25	6.5
id-15276	1	2	28	6.7
id-15277	2	4	30	6.5
id-15278	5	2	21	6.7
id-15279	7	10	19	5.1
id-15280	6	2	19	6.0
id-15281	8	7	18	7.0
id-15282	1	2	11	5.5
id-15283	8	3	20	5.8
id-15284	3	6	30	5.5
id-15285	1	2	30	6.9
id-15286	9	6	6	6.8
id-15287	9	8	22	6.1
id-15288	6	5	29	6.5
id-15289	1	2	25	5.9
id-15290	4	3	15	6.7
id-15291	9	16	4	6.2
id-15292	4	6	11	5.3
id-15293	5	10	22	6.6
id-15294	10	4	20	6.7
id-15295	8	2	7	6.6
id-15296	2	3	13	6.4
id-15297	2	2	20	6.8
id-15298	4	5	21	5.3
id-15299	2	3	30	6.1
id-15300	2	3	14	5.0
id-15301	7	4	24	5.7
id-15302	1	2	25	6.0
id-15303	3	5	25	5.8
id-15304	4	4	19	5.9
id-15305	1	2	4	6.7
id-15306	4	3	9	6.3
id-15307	10	15	25	6.9
id-15308	5	7	8	5.9
id-15309	2	4	16	5.9
id-15310	6	7	25	6.1
id-15311	7	14	16	5.8
id-15312	7	4	24	6.9
id-15313	3	6	26	6.1
id-15314	9	6	28	6.7
id-15315	9	14	7	5.6
id-15316	7	6	10	6.9
id-15317	5	10	11	5.7
id-15318	4	8	3	5.7
id-15319	10	11	9	5.7
id-15320	4	8	6	6.7
id-15321	1	2	27	5.3
id-15322	7	10	29	6.3
id-15323	9	12	8	6.3
id-15324	5	3	8	5.8
id-15325	4	7	22	6.3
id-15326	6	3	21	6.2
id-15327	10	12	13	6.4
id-15328	3	5	1	6.5
id-15329	4	3	7	5.5
id-15330	4	2	1	6.6
id-15331	9	4	30	5.5
id-15332	7	2	15	5.8
id-15333	5	6	25	5.2
id-15334	2	4	2	6.8
id-15335	5	6	4	5.2
id-15336	10	5	16	5.0
id-15337	10	15	5	5.9
id-15338	3	6	29	6.3
id-15339	5	9	6	6.6
id-15340	6	11	24	5.1
id-15341	9	4	5	6.9
id-15342	1	2	1	5.1
id-15343	10	15	13	6.9
id-15344	3	5	7	7.0
id-15345	5	10	2	6.2
id-15346	10	18	21	5.5
id-15347	3	6	23	5.7
id-15348	5	5	2	5.7
id-15349	2	3	17	6.8
id-15350	2	3	26	6.3
id-15351	6	11	16	6.6
id-15352	6	2	14	5.3
id-15353	8	15	2	6.4
id-15354	4	5	25	6.4
id-15355	6	10	13	5.6
id-15356	9	6	27	5.7
id-15357	3	5	1	6.5
id-15358	7	7	13	6.1
id-15359	10	2	13	5.8
id-15360	9	10	14	5.7
id-15361	10	10	28	6.9
id-15362	9	11	6	5.5
id-15363	10	16	7	6.8
id-15364	4	5	27	5.4
id-15365	4	6	23	5.8
id-15366	6	3	26	5.0
id-15367	4	7	4	5.5
id-15368	4	7	19	6.7
id-15369	5	2	9	6.2
id-15370	2	2	25	6.5
id-15371	4	8	14	5.5
id-15372	10	7	13	7.0
id-15373	10	14	30	6.8
id-15374	1	2	26	6.7
id-15375	2	4	23	6.4
id-15376	10	5	21	5.9
id-15377	2	4	10	5.1
id-15378	3	5	8	6.1
id-15379	3	5	17	5.3
id-15380	3	4	24	6.5
id-15381	2	3	15	5.0
id-15382	4	4	24	6.7
id-15383	2	4	8	5.5
id-15384	2	3	22	5.3
id-15385	7	8	6	5.4
id-15386	1	2	11	5.5
id-15387	4	6	25	6.7
id-15388	6	8	17	5.6
id-15389	1	2	6	6.4
id-15390	8	7	5	5.5
id-15391	7	14	29	5.7
id-15392	10	13	7	6.7
id-15393	10	5	22	6.7
id-15394	10	20	1	6.1
id-15395	3	6	8	5.1
id-15396	7	3	12	6.2
id-15397	10	19	12	5.6
id-15398	8	9	7	6.7
id-15399	3	2	24	5.7
id-15400	8	7	25	5.9
id-15401	7	13	27	6.1
id-15402	6	3	24	5.1
id-15403	6	5	15	5.9
id-15404	8	5	5	5.1
id-15405	10	4	18	6.2
id-15406	10	8	21	6.5
id-15407	3	3	18	5.1
id-15408	9	15	30	5.2
id-15409	3	4	13	7.0
id-15410	4	2	30	6.9
id-15411	9	15	19	5.5
id-15412	5	9	4	5.7
id-15413	10	15	8	5.6
id-15414	5	2	11	5.0
id-15415	7	14	4	5.3
id-15416	8	6	21	5.5
id-15417	7	5	26	5.5
id-15418	7	12	30	6.5
id-15419	9	8	10	5.1
id-15420	6	7	26	5.2
id-15421	1	2	14	6.7
id-15422	5	4	6	5.7
id-15423	8	13	4	5.6
id-15424	9	5	5	6.9
id-15425	8	14	11	5.2
id-15426	6	9	4	5.9
id-15427	10	7	13	6.4
id-15428	10	17	1	6.0
id-15429	5	2	27	5.2
id-15430	8	14	2	6.7
id-15431	4	2	7	6.6
id-15432	1	2	13	6.1
id-15433	9	13	1	6.4
id-15434	8	15	11	5.8
id-15435	8	9	25	6.1
id-15436	9	2	13	6.5
id-15437	1	2	22	5.6
id-15438	5	6	13	6.3
id-15439	4	6	29	5.6
id-15440	5	8	28	5.7
id-15441	4	7	10	6.3
id-15442	5	8	27	5.8
id-15443	3	2	10	5.6
id-15444	7	7	19	5.0
id-15445	2	4	24	5.9
id-15446	7	4	4	6.3
id-15447	9	16	25	6.0
id-15448	3	5	25	5.8
id-15449	10	6	16	5.5
id-15450	6	4	17	5.7
id-15451	3	5	20	5.4
id-15452	7	14	26	6.3
id-15453	4	6	6	5.4
id-15454	4	7	15	6.5
id-15455	3	6	22	6.0
id-15456	7	13	13	6.9
id-15457	1	2	11	5.5
id-15458	10	16	18	6.6
id-15459	7	6	20	6.9
id-15460	7	4	8	5.0
id-15461	10	13	17	6.8
id-15462	7	3	30	5.2
id-15463	4	4	6	5.7
id-15464	6	4	8	5.2
id-15465	2	4	3	5.3
id-15466	7	5	11	5.5
id-15467	10	18	22	6.4
id-15468	3	4	16	6.2
id-15469	4	6	4	6.9
id-15470	6	2	20	6.6
id-15471	2	3	11	5.8
id-15472	9	16	25	6.2
id-15473	1	2	23	5.0
id-15474	2	4	9	6.7
id-15475	8	5	1	5.4
id-15476	3	5	5	5.4
id-15477	5	2	30	5.7
id-15478	5	7	27	5.9
id-15479	8	14	5	5.6
id-15480	7	14	6	6.7
id-15481	2	2	14	5.6
id-15482	5	3	6	6.8
id-15483	9	6	15	6.2
id-15484	10	17	23	6.8
id-15485	3	5	22	5.6
id-15486	5	6	8	6.6
id-15487	4	3	18	6.7
id-15488	8	9	8	6.7
id-15489	4	6	26	6.9
id-15490	1	2	21	5.3
id-15491	9	10	8	6.2
id-15492	2	3	14	6.4
id-15493	1	2	12	5.2
id-15494	5	10	29	6.7
id-15495	1	2	23	5.3
id-15496	10	13	21	6.6
id-15497	4	5	17	5.1
id-15498	6	4	22	6.6
id-15499	3	2	24	6.7
id-15500	9	6	3	5.6
id-15501	5	6	30	6.7
id-15502	5	7	11	5.8
id-15503	5	9	17	6.8
id-15504	2	2	27	5.9
id-15505	2	2	17	6.0
id-15506	9	4	11	5.3
id-15507	5	6	17	5.6
id-15508	4	4	8	6.1
id-15509	3	4	20	6.6
id-15510	9	4	17	7.0
id-15511	3	3	24	6.8
id-15512	5	5	14	6.4
id-15513	5	3	16	6.4
id-15514	9	13	9	5.4
id-15515	6	2	11	6.5
id-15516	3	4	19	5.8
id-15517	7	5	15	5.0
id-15518	9	10	26	6.7
id-15519	2	3	15	6.4
id-15520	9	11	13	5.3
id-15521	8	8	25	5.7
id-15522	5	8	24	6.2
id-15523	9	13	24	6.5
id-15524	6	2	21	5.0
id-15525	9	6	7	5.0
id-15526	2	4	11	5.3
id-15527	5	8	5	6.1
id-15528	1	2	29	5.5
id-15529	8	11	7	5.5
id-15530	9	16	7	5.0
id-15531	6	4	13	5.1
id-15532	10	10	8	5.3
id-15533	3	6	14	5.9
id-15534	4	5	6	5.7
id-15535	6	12	7	6.2
id-15536	10	3	16	6.3
id-15537	7	10	5	6.6
id-15538	5	3	30	6.5
id-15539	4	6	2	5.1
id-15540	3	2	19	5.1
id-15541	7	5	21	5.5
id-15542	3	5	21	5.8
id-15543	1	2	5	6.7
id-15544	1	2	19	5.4
id-15545	1	2	13	6.2
id-15546	9	9	21	6.1
id-15547	9	7	11	5.1
id-15548	2	4	24	6.2
id-15549	9	14	15	5.8
id-15550	7	9	24	5.9
id-15551	4	2	7	6.9
id-15552	6	12	27	5.6
id-15553	7	7	18	6.3
id-15554	1	2	13	6.4
id-15555	9	4	8	6.9
id-15556	7	7	19	6.9
id-15557	3	6	13	5.4
id-15558	7	7	23	6.1
id-15559	4	4	9	5.9
id-15560	3	5	3	5.3
id-15561	5	7	8	6.0
id-15562	5	4	24	6.5
id-15563	1	2	24	6.4
id-15564	5	6	12	5.3
id-15565	1	2	10	6.9
id-15566	7	7	20	5.7
id-15567	4	8	7	5.4
id-15568	7	3	12	5.9
id-15569	8	7	10	6.1
id-15570	10	16	14	5.8
id-15571	1	2	28	5.3
id-15572	9	13	1	5.7
id-15573	10	3	21	6.0
id-15574	8	13	16	5.5
id-15575	5	10	9	5.7
id-15576	5	5	26	5.9
id-15577	4	4	2	5.7
id-15578	2	3	28	5.5
id-15579	5	7	22	6.4
id-15580	10	9	30	6.0
id-15581	9	15	13	5.5
id-15582	8	8	4	6.3
id-15583	1	2	17	6.6
id-15584	1	2	24	5.2
id-15585	3	5	2	5.5
id-15586	7	11	15	5.0
id-15587	2	2	9	5.1
id-15588	1	2	5	6.5
id-15589	10	4	26	5.6
id-15590	10	5	5	6.3
id-15591	3	5	4	5.4
id-15592	7	9	11	5.9
id-15593	2	2	11	5.8
id-15594	5	2	5	5.5
id-15595	2	4	15	5.9
id-15596	2	3	2	6.6
id-15597	10	19	19	6.8
id-15598	5	7	22	7.0
id-15599	8	15	12	5.5
id-15600	5	9	21	6.2
id-15601	7	7	5	5.6
id-15602	9	17	29	6.4
id-15603	1	2	23	5.2
id-15604	8	10	16	6.9
id-15605	3	5	13	6.8
id-15606	1	2	25	6.5
id-15607	1	2	4	5.6
id-15608	1	2	29	5.8
id-15609	7	3	24	6.9
id-15610	1	2	10	6.4
id-15611	2	3	26	5.6
id-15612	3	5	19	5.0
id-15613	4	2	2	6.4
id-15614	3	5	25	5.5
id-15615	8	8	2	6.4
id-15616	9	15	10	6.0
id-15617	5	7	19	5.3
id-15618	10	6	6	6.5
id-15619	1	2	10	5.7
id-15620	4	5	9	5.2
id-15621	8	15	3	6.0
id-15622	9	10	8	5.7
id-15623	9	18	7	6.9
id-15624	1	2	27	6.3
id-15625	7	9	15	5.2
id-15626	4	6	28	5.2
id-15627	2	3	22	6.7
id-15628	10	10	17	6.3
id-15629	10	10	4	5.3
id-15630	4	4	4	6.8
id-15631	8	13	16	7.0
id-15632	7	3	7	7.0
id-15633	1	2	1	5.5
id-15634	8	15	3	5.2
id-15635	5	8	23	6.9
id-15636	8	8	17	6.2
id-15637	7	11	1	5.5
id-15638	9	5	12	5.7
id-15639	1	2	7	5.8
id-15640	8	7	10	6.3
id-15641	10	2	21	6.8
id-15642	6	9	19	5.3
id-15643	10	6	15	6.0
id-15644	6	9	13	6.1
id-15645	1	2	18	5.4
id-15646	2	3	2	6.5
id-15647	4	5	25	6.8
id-15648	4	2	17	5.6
id-15649	8	5	1	6.9
id-15650	1	2	28	6.8
id-15651	3	5	14	6.6
id-15652	3	5	30	6.0
id-15653	4	5	3	6.7
id-15654	10	18	7	6.5
id-15655	9	7	30	6.8
id-15656	7	13	19	6.9
id-15657	4	7	8	6.9
id-15658	10	14	17	5.3
id-15659	3	2	15	6.2
id-15660	8	10	16	6.8
id-15661	10	10	14	5.5
id-15662	2	3	26	5.1
id-15663	1	2	15	7.0
id-15664	2	4	23	6.6
id-15665	9	5	10	6.1
id-15666	1	2	26	5.9
id-15667	10	2	8	6.2
id-15668	7	13	7	6.6
id-15669	2	3	18	6.6
id-15670	8	3	23	5.2
id-15671	4	6	1	6.3
id-15672	7	6	25	5.1
id-15673	10	11	15	6.8
id-15674	5	4	27	6.7
id-15675	4	5	30	5.3
id-15676	8	16	23	6.4
id-15677	9	2	19	5.6
id-15678	3	3	18	5.1
id-15679	4	7	18	6.2
id-15680	1	2	1	6.5
id-15681	10	5	6	6.3
id-15682	5	5	18	5.2
id-15683	10	15	6	6.7
id-15684	4	3	23	6.5
id-15685	10	6	4	6.6
id-15686	8	16	17	5.6
id-15687	5	4	14	6.4
id-15688	5	10	4	6.9
id-15689	10	2	17	6.2
id-15690	9	10	15	6.1
id-15691	2	3	28	6.7
id-15692	4	6	11	5.3
id-15693	8	3	1	5.2
id-15694	1	2	22	5.4
id-15695	9	9	19	6.3
id-15696	6	11	6	5.9
id-15697	10	2	25	5.9
id-15698	7	11	28	5.3
id-15699	7	5	15	6.0
id-15700	10	17	9	5.8
id-15701	10	6	14	6.3
id-15702	6	11	15	5.4
id-15703	10	15	16	5.7
id-15704	10	12	16	6.9
id-15705	8	16	3	6.9
id-15706	1	2	20	6.9
id-15707	9	12	25	5.3
id-15708	8	5	30	5.8
id-15709	8	3	21	6.5
id-15710	7	6	9	6.5
id-15711	5	7	27	6.5
id-15712	8	16	10	6.4
id-15713	6	8	16	5.5
id-15714	2	2	17	5.8
id-15715	2	4	22	6.2
id-15716	2	3	11	6.9
id-15717	5	3	27	6.7
id-15718	8	11	17	5.4
id-15719	3	5	7	6.5
id-15720	10	13	13	5.4
id-15721	7	10	26	5.1
id-15722	7	5	16	6.6
id-15723	3	6	20	6.1
id-15724	6	9	14	5.6
id-15725	9	16	18	6.9
id-15726	10	6	29	5.9
id-15727	7	6	18	5.6
id-15728	8	10	4	5.6
id-15729	10	5	24	5.3
id-15730	5	4	17	6.0
id-15731	5	2	10	6.0
id-15732	2	3	6	5.2
id-15733	4	3	17	5.9
id-15734	9	7	16	5.1
id-15735	8	3	7	5.1
id-15736	8	3	23	6.3
id-15737	1	2	9	5.8
id-15738	5	5	15	6.2
id-15739	1	2	25	6.4
id-15740	10	18	10	6.2
id-15741	9	17	4	6.7
id-15742	6	5	11	5.8
id-15743	2	4	6	5.2
id-15744	8	7	30	6.8
id-15745	5	4	8	6.8
id-15746	1	2	11	6.8
id-15747	9	15	27	5.1
id-15748	1	2	22	5.3
id-15749	5	3	15	5.7
id-15750	2	2	10	5.9
id-15751	7	5	17	5.8
id-15752	3	3	27	6.2
id-15753	8	11	20	6.4
id-15754	7	13	25	5.7
id-15755	5	8	26	5.4
id-15756	10	17	15	6.9
id-15757	2	2	25	6.7
id-15758	6	12	3	6.2
id-15759	6	4	5	7.0
id-15760	3	5	30	5.7
id-15761	9	12	28	6.7
id-15762	1	2	20	6.5
id-15763	5	8	9	5.6
id-15764	6	5	27	5.6
id-15765	5	2	21	5.2
id-15766	3	4	22	6.5
id-15767	1	2	23	6.7
id-15768	2	4	18	6.3
id-15769	10	5	15	5.8
id-15770	9	17	13	5.2
id-15771	9	5	4	5.3
id-15772	6	4	13	6.6
id-15773	8	15	24	5.4
id-15774	10	17	7	5.8
id-15775	5	8	24	6.0
id-15776	3	2	2	5.2
id-15777	9	12	28	5.4
id-15778	10	5	27	5.3
id-15779	4	4	25	6.2
id-15780	7	12	24	5.8
id-15781	5	3	30	6.3
id-15782	2	3	29	6.1
id-15783	5	7	21	6.2
id-15784	1	2	17	5.7
id-15785	1	2	21	5.8
id-15786	5	9	21	6.8
id-15787	1	2	24	5.6
id-15788	7	6	11	6.5
id-15789	9	9	15	6.2
id-15790	5	9	27	7.0
id-15791	3	5	16	6.8
id-15792	9	2	15	6.1
id-15793	6	2	28	5.5
id-15794	9	4	30	6.1
id-15795	10	15	5	6.3
id-15796	8	11	23	6.0
id-15797	3	5	8	6.8
id-15798	1	2	13	6.1
id-15799	9	17	11	6.9
id-15800	6	8	4	5.7
id-15801	7	2	18	5.6
id-15802	7	14	18	6.3
id-15803	6	8	28	5.3
id-15804	1	2	5	5.6
id-15805	6	11	17	5.4
id-15806	2	2	26	6.5
id-15807	4	3	11	5.6
id-15808	9	15	28	5.2
id-15809	10	15	13	6.0
id-15810	7	13	20	6.9
id-15811	2	2	23	6.8
id-15812	6	3	17	5.4
id-15813	9	6	6	6.4
id-15814	9	7	24	6.7
id-15815	1	2	14	5.7
id-15816	1	2	8	5.9
id-15817	2	2	13	6.9
id-15818	8	7	3	5.8
id-15819	9	7	2	5.1
id-15820	4	3	5	5.8
id-15821	4	2	13	6.6
id-15822	2	3	22	6.9
id-15823	8	16	22	6.7
id-15824	3	5	3	6.8
id-15825	10	8	2	6.5
id-15826	3	4	7	5.4
id-15827	3	2	27	5.5
id-15828	8	13	19	6.5
id-15829	5	8	16	6.4
id-15830	4	5	7	5.3
id-15831	5	10	19	6.7
id-15832	5	8	4	5.7
id-15833	5	7	24	5.8
id-15834	6	12	16	6.9
id-15835	1	2	11	5.0
id-15836	2	2	16	5.4
id-15837	5	10	3	6.2
id-15838	10	7	11	5.3
id-15839	7	4	15	5.2
id-15840	2	4	9	5.0
id-15841	1	2	17	5.2
id-15842	9	11	12	5.7
id-15843	10	20	21	5.9
id-15844	10	8	26	5.9
id-15845	10	10	28	6.5
id-15846	10	14	16	5.2
id-15847	8	10	2	6.0
id-15848	3	6	2	6.2
id-15849	9	14	26	5.9
id-15850	2	2	2	5.6
id-15851	9	15	5	5.2
id-15852	1	2	28	6.4
id-15853	6	8	13	5.2
id-15854	7	2	3	5.1
id-15855	1	2	6	5.9
id-15856	5	7	20	5.1
id-15857	5	5	18	5.5
id-15858	3	3	9	6.0
id-15859	7	13	19	5.9
id-15860	1	2	7	7.0
id-15861	3	5	11	6.8
id-15862	6	6	4	6.0
id-15863	8	8	9	6.3
id-15864	4	2	1	5.0
id-15865	3	3	1	6.8
id-15866	10	3	3	6.3
id-15867	4	3	29	5.4
id-15868	8	7	9	5.5
id-15869	3	2	12	5.6
id-15870	9	14	9	5.0
id-15871	7	4	2	6.0
id-15872	10	14	6	5.8
id-15873	8	12	4	5.4
id-15874	7	4	25	6.0
id-15875	4	2	23	6.1
id-15876	7	13	20	5.7
id-15877	3	6	6	5.7
id-15878	9	9	18	6.6
id-15879	8	4	17	6.1
id-15880	2	3	28	5.2
id-15881	3	5	30	6.1
id-15882	9	15	29	5.8
id-15883	10	19	7	7.0
id-15884	6	9	29	5.8
id-15885	3	5	7	6.3
id-15886	6	4	16	6.7
id-15887	5	6	15	6.6
id-15888	8	3	29	5.0
id-15889	9	5	16	5.0
id-15890	4	5	27	6.6
id-15891	5	10	27	6.1
id-15892	4	2	20	6.8
id-15893	1	2	6	5.3
id-15894	2	3	7	6.3
id-15895	9	12	4	6.2
id-15896	6	3	11	6.9
id-15897	9	3	3	6.9
id-15898	10	18	30	6.1
id-15899	8	9	22	6.4
id-15900	9	3	18	5.3
id-15901	8	11	30	6.3
id-15902	8	6	20	6.2
id-15903	4	6	8	6.1
id-15904	1	2	15	5.6
id-15905	10	3	19	5.4
id-15906	9	5	28	5.1
id-15907	2	3	13	5.1
id-15908	4	5	24	7.0
id-15909	4	7	1	6.1
id-15910	2	2	13	6.9
id-15911	4	8	1	6.5
id-15912	7	7	14	6.1
id-15913	2	2	15	6.6
id-15914	1	2	15	6.3
id-15915	1	2	12	5.5
id-15916	4	4	14	5.4
id-15917	8	9	18	5.1
id-15918	6	10	24	5.9
id-15919	8	11	27	5.0
id-15920	8	16	4	5.9
id-15921	8	9	19	5.6
id-15922	4	5	19	6.4
id-15923	3	5	30	6.5
id-15924	2	2	13	5.1
id-15925	9	3	20	6.2
id-15926	1	2	19	6.5
id-15927	5	9	14	5.5
id-15928	2	3	6	5.9
id-15929	6	10	26	5.5
id-15930	9	15	11	5.3
id-15931	7	9	9	6.4
id-15932	3	6	12	5.1
id-15933	4	3	22	7.0
id-15934	2	2	15	5.6
id-15935	1	2	22	5.8
id-15936	8	4	20	5.1
id-15937	4	3	11	6.5
id-15938	8	6	1	5.2
id-15939	5	10	23	5.3
id-15940	5	9	7	7.0
id-15941	1	2	5	5.6
id-15942	10	17	6	6.6
id-15943	5	6	27	6.1
id-15944	1	2	16	5.3
id-15945	6	12	2	7.0
id-15946	7	2	23	5.5
id-15947	4	6	15	6.6
id-15948	8	4	18	5.2
id-15949	4	5	22	6.8
id-15950	4	7	2	6.1
id-15951	8	2	27	5.8
id-15952	2	3	7	6.8
id-15953	5	2	17	5.0
id-15954	7	7	2	5.2
id-15955	7	10	17	6.6
id-15956	2	4	26	5.1
id-15957	9	16	7	5.4
id-15958	7	2	1	5.9
id-15959	1	2	22	5.2
id-15960	5	6	3	5.5
id-15961	1	2	18	6.6
id-15962	1	2	29	6.9
id-15963	4	2	13	6.4
id-15964	4	5	6	5.6
id-15965	2	2	5	5.5
id-15966	9	16	28	6.5
id-15967	6	5	19	6.2
id-15968	2	2	8	6.9
id-15969	8	9	28	6.0
id-15970	4	8	3	5.0
id-15971	10	12	18	5.9
id-15972	10	14	4	6.5
id-15973	5	7	30	5.7
id-15974	3	2	2	6.9
id-15975	7	4	8	6.5
id-15976	7	6	5	6.9
id-15977	4	7	30	5.6
id-15978	3	2	24	5.3
id-15979	9	9	24	5.6
id-15980	5	3	15	5.4
id-15981	7	6	25	6.3
id-15982	6	9	28	5.4
id-15983	5	5	6	5.9
id-15984	7	2	18	6.0
id-15985	10	16	15	5.1
id-15986	1	2	19	6.8
id-15987	6	2	15	6.9
id-15988	2	2	22	5.2
id-15989	4	7	15	6.3
id-15990	6	2	16	6.8
id-15991	1	2	11	5.2
id-15992	1	2	4	6.9
id-15993	4	4	25	6.8
id-15994	8	6	21	6.8
id-15995	1	2	8	5.4
id-15996	10	15	27	5.4
id-15997	8	10	3	5.0
id-15998	10	15	25	6.1
id-15999	6	3	19	5.8
id-16000	8	11	15	6.9
id-16001	4	6	22	5.7
id-16002	1	2	26	5.4
id-16003	8	2	23	5.4
id-16004	4	7	12	6.0
id-16005	4	2	4	6.7
id-16006	4	6	12	6.1
id-16007	1	2	16	6.0
id-16008	5	8	21	6.1
id-16009	7	2	8	6.9
id-16010	7	13	16	5.5
id-16011	9	7	9	5.4
id-16012	5	9	28	6.3
id-16013	5	8	7	5.8
id-16014	9	2	12	6.2
id-16015	7	5	28	5.5
id-16016	10	7	10	6.3
id-16017	3	4	4	6.4
id-16018	10	4	13	6.8
id-16019	6	5	9	5.3
id-16020	1	2	10	6.2
id-16021	1	2	26	6.4
id-16022	9	16	7	5.2
id-16023	5	2	21	6.8
id-16024	4	2	14	5.4
id-16025	5	5	26	6.2
id-16026	6	11	13	6.2
id-16027	9	11	22	5.6
id-16028	9	13	3	5.7
id-16029	6	4	15	6.3
id-16030	5	9	29	6.5
id-16031	3	5	3	5.2
id-16032	3	5	21	6.5
id-16033	3	5	11	6.7
id-16034	5	4	13	6.6
id-16035	8	7	24	5.9
id-16036	9	12	24	6.3
id-16037	2	4	27	6.1
id-16038	1	2	7	5.6
id-16039	7	4	18	5.7
id-16040	9	7	11	5.9
id-16041	4	8	24	6.5
id-16042	1	2	8	5.9
id-16043	4	6	13	6.3
id-16044	2	2	18	5.2
id-16045	9	9	6	5.5
id-16046	8	9	6	6.1
id-16047	8	12	23	6.5
id-16048	9	9	26	5.8
id-16049	7	12	7	5.3
id-16050	10	11	5	6.3
id-16051	6	4	10	5.8
id-16052	4	8	15	5.5
id-16053	5	7	19	5.1
id-16054	4	2	10	7.0
id-16055	3	4	3	5.9
id-16056	5	4	12	5.1
id-16057	8	11	4	6.2
id-16058	5	5	26	6.2
id-16059	9	4	5	6.9
id-16060	9	8	25	5.2
id-16061	4	5	18	5.9
id-16062	6	2	18	5.2
id-16063	6	8	29	6.0
id-16064	4	6	28	6.1
id-16065	1	2	29	6.4
id-16066	6	2	8	5.7
id-16067	10	7	3	6.3
id-16068	3	4	15	5.4
id-16069	10	3	15	5.8
id-16070	4	5	23	5.8
id-16071	5	5	17	5.1
id-16072	1	2	6	5.3
id-16073	3	5	14	6.1
id-16074	7	6	10	5.6
id-16075	7	11	2	5.5
id-16076	3	6	22	6.6
id-16077	1	2	13	6.1
id-16078	10	16	2	5.3
id-16079	9	5	6	6.0
id-16080	10	19	7	5.0
id-16081	5	8	28	5.1
id-16082	5	7	29	5.5
id-16083	3	4	21	5.2
id-16084	1	2	8	6.3
id-16085	9	11	3	5.5
id-16086	7	2	25	5.6
id-16087	7	5	8	6.3
id-16088	5	7	22	5.7
id-16089	9	11	2	7.0
id-16090	9	9	5	6.8
id-16091	7	8	2	7.0
id-16092	3	4	9	5.4
id-16093	1	2	9	5.4
id-16094	10	12	23	6.4
id-16095	3	6	8	5.5
id-16096	4	3	14	6.3
id-16097	4	3	23	5.8
id-16098	6	2	25	6.2
id-16099	2	3	30	5.9
id-16100	8	14	3	6.1
id-16101	4	7	11	6.4
id-16102	8	2	15	6.5
id-16103	4	7	13	6.6
id-16104	5	7	1	5.5
id-16105	1	2	18	5.5
id-16106	9	13	30	5.7
id-16107	7	3	6	6.8
id-16108	3	6	1	5.3
id-16109	7	10	1	6.0
id-16110	9	17	1	5.0
id-16111	3	3	12	6.9
id-16112	10	15	13	6.5
id-16113	10	16	8	5.2
id-16114	10	20	27	6.1
id-16115	9	12	7	6.9
id-16116	5	8	17	5.5
id-16117	4	5	5	6.4
id-16118	9	2	20	6.2
id-16119	4	5	22	6.3
id-16120	2	4	30	5.3
id-16121	3	5	12	6.0
id-16122	2	3	29	6.2
id-16123	7	12	7	6.9
id-16124	8	3	28	6.5
id-16125	7	2	8	6.7
id-16126	7	5	4	6.7
id-16127	7	5	11	5.4
id-16128	5	10	2	6.9
id-16129	6	6	13	5.2
id-16130	10	8	12	5.7
id-16131	8	16	19	5.4
id-16132	9	17	23	5.3
id-16133	2	4	6	6.2
id-16134	3	3	28	6.4
id-16135	6	3	11	6.2
id-16136	7	11	6	5.6
id-16137	1	2	9	5.2
id-16138	4	5	12	6.3
id-16139	8	4	10	7.0
id-16140	1	2	7	5.7
id-16141	5	3	7	5.6
id-16142	9	12	29	5.8
id-16143	2	4	17	5.1
id-16144	2	4	15	6.5
id-16145	10	16	3	6.0
id-16146	2	4	22	5.8
id-16147	5	5	15	6.8
id-16148	5	5	11	5.2
id-16149	3	3	30	5.9
id-16150	7	11	20	6.4
id-16151	3	2	30	5.6
id-16152	4	3	15	6.0
id-16153	4	6	18	6.6
id-16154	2	4	21	5.1
id-16155	9	17	14	5.4
id-16156	7	2	16	5.3
id-16157	1	2	9	6.3
id-16158	5	7	10	6.1
id-16159	9	3	24	6.1
id-16160	1	2	4	5.6
id-16161	2	2	4	5.8
id-16162	2	2	18	6.6
id-16163	2	4	24	5.1
id-16164	3	5	20	5.0
id-16165	7	6	29	5.8
id-16166	1	2	4	5.7
id-16167	6	5	5	5.5
id-16168	8	4	12	6.3
id-16169	5	4	29	5.4
id-16170	10	18	25	5.6
id-16171	1	2	1	5.6
id-16172	6	2	2	6.5
id-16173	7	8	22	5.0
id-16174	6	7	17	6.4
id-16175	9	10	25	6.2
id-16176	3	5	22	5.3
id-16177	1	2	23	5.1
id-16178	9	16	11	5.3
id-16179	9	18	2	6.0
id-16180	7	12	25	5.4
id-16181	5	2	15	6.2
id-16182	8	9	7	5.0
id-16183	9	2	1	5.1
id-16184	4	3	2	6.4
id-16185	2	3	11	5.9
id-16186	2	3	18	5.6
id-16187	6	5	4	7.0
id-16188	8	10	30	6.9
id-16189	9	4	11	6.9
id-16190	1	2	18	5.7
id-16191	3	5	12	5.2
id-16192	3	6	1	5.6
id-16193	5	3	11	6.0
id-16194	9	10	4	5.9
id-16195	3	4	7	6.5
id-16196	6	5	19	6.9
id-16197	3	4	26	6.5
id-16198	1	2	4	6.7
id-16199	9	9	26	6.0
id-16200	2	2	17	6.9
id-16201	4	5	20	5.1
id-16202	4	8	25	6.9
id-16203	9	4	16	5.8
id-16204	4	7	22	6.2
id-16205	8	13	4	6.8
id-16206	4	3	26	6.6
id-16207	10	5	1	6.8
id-16208	6	10	16	5.5
id-16209	4	2	9	5.8
id-16210	9	7	23	6.9
id-16211	1	2	23	6.0
id-16212	10	18	18	6.9
id-16213	6	4	13	5.8
id-16214	6	11	19	6.3
id-16215	6	12	16	6.3
id-16216	4	3	21	6.6
id-16217	1	2	11	6.2
id-16218	9	7	27	6.9
id-16219	1	2	21	6.3
id-16220	8	13	21	6.4
id-16221	6	11	22	5.8
id-16222	1	2	11	6.8
id-16223	2	2	29	6.6
id-16224	4	4	18	5.2
id-16225	8	16	12	5.1
id-16226	4	7	30	6.7
id-16227	3	6	14	6.7
id-16228	1	2	14	5.8
id-16229	4	7	4	5.5
id-16230	4	4	4	6.3
id-16231	1	2	29	6.8
id-16232	4	3	15	6.0
id-16233	4	2	3	6.4
id-16234	5	5	26	5.2
id-16235	1	2	24	5.6
id-16236	6	2	25	6.8
id-16237	6	6	17	6.3
id-16238	5	4	10	6.4
id-16239	8	12	23	5.8
id-16240	9	10	30	5.3
id-16241	2	3	17	5.5
id-16242	3	3	7	6.1
id-16243	10	4	27	5.3
id-16244	10	20	16	5.0
id-16245	6	4	1	5.5
id-16246	3	3	20	5.9
id-16247	7	6	14	6.7
id-16248	1	2	19	6.7
id-16249	3	6	16	6.3
id-16250	3	5	22	6.7
id-16251	2	4	7	5.4
id-16252	3	2	13	5.9
id-16253	4	4	26	5.3
id-16254	5	5	4	6.6
id-16255	5	2	30	6.2
id-16256	3	2	29	6.0
id-16257	9	6	16	6.3
id-16258	3	2	19	6.7
id-16259	7	6	11	5.9
id-16260	4	2	20	5.4
id-16261	1	2	27	6.3
id-16262	4	8	9	6.9
id-16263	2	4	1	5.3
id-16264	4	6	15	5.6
id-16265	7	14	8	6.1
id-16266	7	5	22	6.2
id-16267	7	6	4	5.2
id-16268	3	2	11	5.9
id-16269	5	4	21	5.1
id-16270	10	13	20	6.3
id-16271	6	4	17	5.9
id-16272	9	8	1	5.9
id-16273	3	2	6	6.2
id-16274	7	11	16	5.9
id-16275	3	3	22	6.7
id-16276	5	8	28	6.7
id-16277	3	6	3	6.8
id-16278	10	19	3	5.4
id-16279	6	6	30	6.8
id-16280	3	6	28	5.2
id-16281	2	2	25	6.6
id-16282	4	8	28	6.4
id-16283	9	4	11	6.6
id-16284	8	9	24	6.6
id-16285	7	7	6	5.3
id-16286	9	9	19	5.1
id-16287	1	2	15	6.6
id-16288	6	2	27	6.0
id-16289	6	8	11	6.1
id-16290	8	13	24	7.0
id-16291	7	14	29	5.7
id-16292	4	8	6	5.7
id-16293	8	10	25	6.5
id-16294	5	8	30	6.9
id-16295	3	3	11	5.7
id-16296	3	2	27	6.8
id-16297	1	2	16	6.3
id-16298	9	12	27	6.6
id-16299	5	6	30	5.7
id-16300	2	3	23	5.1
id-16301	8	3	21	6.3
id-16302	4	5	17	5.7
id-16303	4	3	21	6.2
id-16304	6	8	22	6.7
id-16305	1	2	9	6.2
id-16306	6	2	4	6.0
id-16307	9	15	28	5.3
id-16308	4	3	24	6.5
id-16309	1	2	6	6.2
id-16310	2	3	29	5.5
id-16311	6	10	26	5.3
id-16312	4	7	17	6.8
id-16313	10	12	26	6.9
id-16314	3	2	9	6.5
id-16315	3	2	26	6.9
id-16316	2	3	23	6.9
id-16317	6	9	8	6.4
id-16318	5	8	22	6.1
id-16319	2	2	30	5.3
id-16320	9	7	24	6.5
id-16321	5	8	4	5.6
id-16322	3	3	28	6.8
id-16323	10	8	28	5.4
id-16324	7	12	16	6.8
id-16325	7	10	9	6.3
id-16326	8	13	24	6.9
id-16327	1	2	1	5.3
id-16328	4	5	26	6.9
id-16329	6	10	17	5.3
id-16330	10	16	22	6.6
id-16331	9	10	11	5.5
id-16332	6	7	11	6.5
id-16333	1	2	24	6.4
id-16334	2	3	17	5.2
id-16335	1	2	18	5.7
id-16336	4	5	3	5.8
id-16337	3	6	4	6.0
id-16338	9	18	18	5.4
id-16339	4	3	1	6.9
id-16340	6	11	11	5.8
id-16341	5	9	3	5.4
id-16342	6	2	22	6.4
id-16343	10	17	28	5.7
id-16344	9	8	15	6.8
id-16345	8	8	12	6.5
id-16346	5	8	27	6.5
id-16347	6	3	25	5.4
id-16348	4	4	10	6.1
id-16349	2	2	27	5.9
id-16350	9	5	8	5.5
id-16351	4	5	23	6.8
id-16352	4	8	10	6.5
id-16353	10	3	11	5.1
id-16354	5	6	11	5.9
id-16355	9	11	24	6.5
id-16356	4	7	27	6.0
id-16357	3	2	25	5.2
id-16358	1	2	21	6.4
id-16359	10	18	3	5.6
id-16360	6	4	29	5.3
id-16361	10	17	15	5.4
id-16362	2	4	30	6.3
id-16363	4	5	28	5.4
id-16364	6	4	20	5.2
id-16365	5	10	29	6.8
id-16366	10	7	30	6.0
id-16367	6	5	4	5.5
id-16368	3	6	28	6.6
id-16369	5	4	5	5.3
id-16370	4	4	4	6.5
id-16371	2	3	11	5.6
id-16372	2	3	22	5.6
id-16373	1	2	13	5.9
id-16374	9	3	5	6.0
id-16375	6	3	19	6.4
id-16376	3	4	24	5.1
id-16377	4	2	2	5.5
id-16378	5	3	23	6.6
id-16379	1	2	6	5.9
id-16380	5	7	5	5.6
id-16381	7	10	30	6.7
id-16382	1	2	15	6.9
id-16383	9	9	11	6.8
id-16384	5	4	30	6.3
id-16385	2	2	3	6.5
id-16386	1	2	26	5.2
id-16387	4	6	7	6.2
id-16388	1	2	1	5.6
id-16389	8	15	6	6.6
id-16390	7	8	20	6.4
id-16391	10	3	30	6.5
id-16392	2	4	4	6.9
id-16393	6	10	26	5.2
id-16394	3	5	11	6.9
id-16395	8	13	24	6.8
id-16396	9	5	16	6.3
id-16397	3	4	14	6.7
id-16398	6	11	22	6.4
id-16399	9	6	1	5.5
id-16400	7	6	11	5.2
id-16401	3	6	16	5.1
id-16402	2	4	19	5.3
id-16403	4	3	1	6.5
id-16404	9	3	9	6.7
id-16405	6	4	16	6.3
id-16406	2	4	5	6.9
id-16407	8	12	18	6.7
id-16408	1	2	5	5.2
id-16409	5	9	8	6.9
id-16410	3	4	17	6.2
id-16411	7	3	16	6.1
id-16412	9	15	19	5.2
id-16413	5	6	2	6.1
id-16414	6	10	7	6.0
id-16415	6	10	7	6.0
id-16416	4	8	13	5.8
id-16417	3	2	29	6.4
id-16418	7	14	26	6.8
id-16419	7	5	16	5.9
id-16420	9	5	6	6.6
id-16421	1	2	12	5.4
id-16422	1	2	27	5.2
id-16423	10	10	19	5.2
id-16424	4	6	27	5.4
id-16425	8	11	17	5.5
id-16426	3	5	28	5.2
id-16427	2	2	25	6.2
id-16428	9	6	16	6.2
id-16429	4	7	28	6.3
id-16430	2	2	7	5.2
id-16431	7	13	27	5.7
id-16432	4	4	19	5.1
id-16433	3	4	27	5.2
id-16434	5	9	6	5.8
id-16435	2	2	24	5.9
id-16436	8	9	15	5.8
id-16437	1	2	5	6.1
id-16438	3	2	10	5.8
id-16439	7	10	19	6.7
id-16440	2	3	1	5.5
id-16441	1	2	19	5.8
id-16442	5	4	10	5.9
id-16443	7	3	29	6.8
id-16444	6	11	26	6.5
id-16445	4	6	23	5.7
id-16446	8	7	6	5.9
id-16447	1	2	3	5.3
id-16448	9	8	22	5.3
id-16449	6	9	16	7.0
id-16450	4	2	19	6.6
id-16451	2	3	1	5.8
id-16452	9	11	7	6.8
id-16453	2	2	27	6.0
id-16454	7	10	18	5.2
id-16455	10	17	29	6.9
id-16456	8	10	21	6.9
id-16457	3	5	13	5.3
id-16458	8	5	2	5.7
id-16459	9	11	29	6.4
id-16460	10	3	17	6.9
id-16461	4	7	7	6.4
id-16462	9	2	9	6.7
id-16463	10	7	4	5.6
id-16464	6	7	1	6.7
id-16465	9	11	14	6.5
id-16466	2	4	19	5.7
id-16467	5	6	5	5.4
id-16468	1	2	1	6.8
id-16469	3	5	4	5.9
id-16470	8	14	21	5.1
id-16471	4	6	6	5.4
id-16472	5	6	23	6.1
id-16473	2	4	6	6.5
id-16474	6	2	7	5.7
id-16475	2	3	15	6.6
id-16476	2	3	7	6.9
id-16477	7	5	3	5.5
id-16478	5	9	3	6.4
id-16479	6	5	10	6.8
id-16480	7	13	9	5.2
id-16481	8	3	27	6.4
id-16482	8	14	16	6.0
id-16483	1	2	3	5.2
id-16484	1	2	30	6.7
id-16485	4	3	1	6.8
id-16486	6	8	1	6.4
id-16487	4	3	12	5.0
id-16488	3	6	16	5.9
id-16489	1	2	25	5.1
id-16490	10	18	24	6.9
id-16491	1	2	18	6.1
id-16492	8	3	8	5.2
id-16493	9	17	22	5.5
id-16494	3	2	5	6.0
id-16495	6	4	6	5.3
id-16496	4	4	25	6.4
id-16497	5	7	8	5.4
id-16498	7	7	1	6.8
id-16499	7	8	1	5.5
id-16500	3	6	22	6.9
id-16501	7	2	10	5.9
id-16502	9	7	7	5.2
id-16503	6	9	30	5.8
id-16504	10	10	26	6.9
id-16505	8	7	11	6.3
id-16506	2	2	26	5.7
id-16507	9	17	19	6.1
id-16508	10	4	2	5.5
id-16509	4	4	12	6.0
id-16510	5	2	13	5.5
id-16511	8	11	15	6.2
id-16512	10	7	15	6.8
id-16513	5	6	6	6.2
id-16514	6	9	12	6.2
id-16515	7	4	23	5.5
id-16516	1	2	4	5.7
id-16517	6	7	9	5.1
id-16518	8	4	15	6.5
id-16519	5	9	13	7.0
id-16520	3	2	17	5.2
id-16521	6	11	22	5.5
id-16522	8	15	14	6.5
id-16523	6	10	2	5.2
id-16524	2	2	27	5.9
id-16525	7	5	18	6.9
id-16526	2	4	24	5.1
id-16527	10	11	28	5.2
id-16528	9	4	15	5.1
id-16529	2	2	14	5.7
id-16530	10	15	14	6.2
id-16531	9	14	22	5.0
id-16532	3	3	6	6.5
id-16533	1	2	8	5.7
id-16534	6	9	20	6.2
id-16535	8	13	7	5.7
id-16536	3	3	29	6.6
id-16537	2	2	20	5.8
id-16538	4	2	2	5.2
id-16539	1	2	19	6.9
id-16540	9	16	11	6.3
id-16541	8	10	7	5.1
id-16542	10	10	28	6.6
id-16543	1	2	7	6.6
id-16544	10	15	5	6.3
id-16545	2	2	3	5.4
id-16546	10	4	18	5.2
id-16547	3	2	11	6.3
id-16548	7	5	24	5.9
id-16549	2	2	7	6.8
id-16550	5	8	15	6.2
id-16551	9	2	6	6.5
id-16552	3	3	16	6.9
id-16553	2	4	1	6.6
id-16554	7	13	26	5.2
id-16555	4	8	17	6.8
id-16556	9	5	16	5.7
id-16557	6	9	7	5.5
id-16558	10	9	10	5.6
id-16559	3	2	23	5.2
id-16560	1	2	4	5.3
id-16561	6	7	10	6.6
id-16562	6	5	24	5.6
id-16563	7	5	3	6.9
id-16564	9	8	14	6.1
id-16565	4	5	30	5.5
id-16566	2	2	24	6.6
id-16567	1	2	29	6.3
id-16568	7	6	28	5.4
id-16569	7	8	27	6.8
id-16570	10	19	30	5.4
id-16571	7	13	23	5.2
id-16572	8	14	2	6.3
id-16573	3	4	23	5.7
id-16574	8	16	27	5.4
id-16575	10	3	8	5.6
id-16576	6	6	18	6.4
id-16577	1	2	29	5.6
id-16578	7	5	13	5.4
id-16579	9	7	28	5.7
id-16580	3	6	4	7.0
id-16581	8	11	25	6.1
id-16582	1	2	16	5.5
id-16583	6	10	29	6.2
id-16584	8	3	13	5.3
id-16585	4	3	25	6.7
id-16586	8	3	28	6.2
id-16587	6	3	16	5.7
id-16588	4	7	8	5.1
id-16589	6	3	1	5.1
id-16590	8	11	18	5.9
id-16591	1	2	28	5.9
id-16592	8	8	7	5.1
id-16593	6	10	9	6.9
id-16594	8	9	5	6.9
id-16595	8	5	22	5.9
id-16596	10	19	8	6.8
id-16597	3	3	8	5.1
id-16598	10	5	19	5.6
id-16599	10	8	27	6.3
id-16600	9	10	24	5.7
id-16601	7	5	24	7.0
id-16602	5	2	19	5.1
id-16603	8	12	19	6.8
id-16604	7	13	15	6.6
id-16605	7	7	14	6.3
id-16606	1	2	24	5.1
id-16607	10	5	29	5.7
id-16608	9	4	28	6.2
id-16609	4	4	11	5.7
id-16610	7	13	9	6.7
id-16611	6	7	12	5.7
id-16612	5	5	6	5.9
id-16613	10	17	11	6.8
id-16614	3	2	4	6.6
id-16615	9	12	13	6.2
id-16616	8	9	6	6.0
id-16617	1	2	8	5.9
id-16618	9	14	23	5.5
id-16619	8	13	26	6.6
id-16620	2	2	4	5.0
id-16621	2	4	13	6.6
id-16622	8	6	1	6.0
id-16623	9	9	26	6.3
id-16624	5	9	13	6.9
id-16625	7	11	6	6.7
id-16626	5	4	24	6.7
id-16627	9	8	4	6.7
id-16628	3	2	11	6.4
id-16629	8	4	6	5.3
id-16630	9	13	21	5.6
id-16631	6	7	19	6.7
id-16632	4	4	27	5.5
id-16633	4	4	9	6.6
id-16634	4	2	7	7.0
id-16635	3	4	10	5.4
id-16636	10	15	21	6.0
id-16637	3	2	4	5.3
id-16638	3	4	16	5.2
id-16639	3	4	20	6.4
id-16640	2	3	23	6.9
id-16641	2	3	20	5.1
id-16642	8	2	16	5.0
id-16643	7	13	18	5.9
id-16644	6	8	9	6.9
id-16645	7	2	8	5.8
id-16646	2	3	26	6.5
id-16647	4	2	28	5.6
id-16648	8	5	3	5.2
id-16649	4	8	8	5.6
id-16650	4	8	8	6.4
id-16651	10	7	9	6.0
id-16652	5	3	24	6.9
id-16653	2	3	28	6.0
id-16654	8	8	11	5.1
id-16655	4	8	14	6.6
id-16656	2	4	4	6.4
id-16657	9	4	4	6.0
id-16658	7	4	24	6.9
id-16659	9	9	18	6.9
id-16660	6	10	22	5.2
id-16661	10	3	13	5.8
id-16662	1	2	26	6.9
id-16663	3	4	15	6.4
id-16664	3	4	26	5.6
id-16665	6	2	17	5.5
id-16666	8	7	3	6.5
id-16667	5	7	22	5.9
id-16668	10	17	12	6.9
id-16669	4	5	29	6.0
id-16670	7	14	5	5.6
id-16671	6	3	22	6.1
id-16672	3	2	6	6.7
id-16673	10	8	14	5.0
id-16674	8	6	20	6.9
id-16675	4	5	10	5.3
id-16676	1	2	7	5.5
id-16677	4	3	12	5.1
id-16678	6	2	19	5.0
id-16679	6	3	12	6.7
id-16680	4	6	20	5.2
id-16681	5	9	28	6.4
id-16682	6	7	2	5.4
id-16683	9	16	26	6.4
id-16684	8	11	4	5.0
id-16685	5	9	8	5.2
id-16686	6	3	13	5.6
id-16687	8	16	22	5.5
id-16688	8	9	12	6.0
id-16689	5	10	21	6.2
id-16690	9	16	29	6.4
id-16691	5	5	21	5.9
id-16692	5	8	27	7.0
id-16693	6	11	23	6.0
id-16694	7	7	6	5.5
id-16695	6	11	5	6.9
id-16696	5	7	12	5.5
id-16697	10	16	9	6.0
id-16698	3	6	21	5.4
id-16699	10	6	12	5.7
id-16700	10	14	9	6.0
id-16701	5	7	17	5.6
id-16702	6	10	24	5.3
id-16703	7	3	7	5.4
id-16704	9	13	16	5.8
id-16705	8	9	12	5.0
id-16706	8	7	9	6.6
id-16707	1	2	29	5.3
id-16708	1	2	24	5.6
id-16709	5	2	1	5.7
id-16710	2	2	9	5.8
id-16711	10	20	9	6.5
id-16712	9	3	19	7.0
id-16713	7	9	13	5.5
id-16714	5	4	5	6.6
id-16715	6	12	16	6.8
id-16716	4	3	26	5.5
id-16717	1	2	21	5.3
id-16718	1	2	9	7.0
id-16719	9	15	22	5.7
id-16720	4	6	28	6.3
id-16721	2	4	3	6.1
id-16722	9	9	17	5.9
id-16723	2	4	24	5.3
id-16724	10	14	27	5.6
id-16725	6	12	23	6.8
id-16726	4	7	8	5.4
id-16727	3	4	17	7.0
id-16728	7	13	16	6.1
id-16729	9	4	29	5.3
id-16730	2	3	8	6.2
id-16731	4	2	17	6.4
id-16732	4	4	26	6.0
id-16733	4	4	27	5.7
id-16734	8	6	14	5.3
id-16735	5	4	28	6.1
id-16736	7	11	24	6.0
id-16737	2	4	6	6.6
id-16738	10	19	24	6.7
id-16739	6	8	1	5.2
id-16740	4	3	5	6.4
id-16741	5	4	10	5.8
id-16742	10	12	30	6.2
id-16743	8	8	9	5.1
id-16744	9	11	25	6.5
id-16745	8	5	13	6.3
id-16746	7	8	16	5.7
id-16747	8	12	17	5.9
id-16748	3	5	9	6.3
id-16749	9	18	27	5.4
id-16750	1	2	21	6.2
id-16751	9	18	1	6.7
id-16752	9	2	27	5.8
id-16753	7	13	28	6.5
id-16754	8	16	11	6.4
id-16755	4	7	15	6.6
id-16756	3	2	20	5.6
id-16757	2	2	30	6.3
id-16758	10	9	17	6.0
id-16759	3	6	2	5.5
id-16760	10	20	27	6.6
id-16761	9	12	23	5.1
id-16762	2	2	24	5.8
id-16763	8	8	9	5.8
id-16764	10	5	2	5.1
id-16765	6	6	11	5.3
id-16766	2	4	28	6.0
id-16767	6	5	1	6.5
id-16768	8	4	4	6.5
id-16769	1	2	9	5.5
id-16770	3	3	29	5.2
id-16771	6	12	12	5.9
id-16772	3	4	15	5.4
id-16773	1	2	3	6.7
id-16774	5	4	23	5.3
id-16775	7	9	13	6.7
id-16776	3	6	15	7.0
id-16777	10	3	15	6.8
id-16778	10	16	3	5.2
id-16779	7	13	27	5.8
id-16780	3	2	16	6.9
id-16781	7	3	30	6.7
id-16782	1	2	15	6.3
id-16783	3	3	17	6.7
id-16784	6	11	29	6.4
id-16785	2	4	18	6.0
id-16786	1	2	22	6.1
id-16787	6	7	11	6.1
id-16788	5	6	18	5.1
id-16789	10	5	13	6.5
id-16790	4	7	29	6.9
id-16791	4	3	10	6.5
id-16792	8	15	21	6.1
id-16793	1	2	27	5.5
id-16794	2	2	27	5.5
id-16795	5	7	1	5.3
id-16796	7	12	29	5.8
id-16797	6	4	26	6.1
id-16798	6	10	18	5.5
id-16799	3	5	5	5.3
id-16800	2	3	26	5.8
id-16801	1	2	2	6.1
id-16802	8	7	25	6.5
id-16803	2	3	16	5.6
id-16804	2	3	10	6.1
id-16805	7	2	21	5.6
id-16806	1	2	30	5.5
id-16807	1	2	3	6.0
id-16808	3	5	25	6.5
id-16809	10	16	4	5.5
id-16810	10	20	24	5.7
id-16811	6	3	18	6.0
id-16812	10	9	11	6.9
id-16813	7	13	22	5.9
id-16814	5	2	21	5.8
id-16815	6	5	30	5.8
id-16816	7	13	26	6.7
id-16817	3	4	27	5.3
id-16818	1	2	1	5.3
id-16819	3	6	25	5.8
id-16820	4	7	30	6.0
id-16821	9	5	2	5.4
id-16822	2	2	20	5.3
id-16823	5	3	19	5.8
id-16824	7	5	22	5.4
id-16825	10	9	25	5.4
id-16826	2	2	2	5.9
id-16827	4	5	15	6.7
id-16828	7	8	16	5.3
id-16829	8	10	8	5.0
id-16830	4	4	3	6.1
id-16831	1	2	3	5.0
id-16832	7	14	9	5.6
id-16833	5	8	26	6.0
id-16834	8	9	13	6.8
id-16835	3	2	18	6.1
id-16836	3	3	27	6.4
id-16837	4	8	16	5.6
id-16838	3	6	23	6.9
id-16839	6	6	27	6.0
id-16840	5	2	26	6.0
id-16841	1	2	11	6.2
id-16842	8	12	10	6.9
id-16843	7	12	27	6.9
id-16844	7	13	2	6.2
id-16845	8	4	12	6.1
id-16846	8	14	4	5.6
id-16847	4	8	2	6.5
id-16848	2	3	28	6.7
id-16849	5	5	4	5.3
id-16850	2	3	19	6.5
id-16851	3	5	19	5.5
id-16852	8	16	28	5.3
id-16853	6	6	24	6.2
id-16854	4	5	2	6.6
id-16855	10	7	1	5.3
id-16856	10	17	10	6.5
id-16857	4	7	12	5.4
id-16858	5	9	2	5.6
id-16859	3	3	27	5.0
id-16860	7	7	22	6.3
id-16861	5	8	13	5.6
id-16862	10	17	15	5.8
id-16863	9	4	30	5.9
id-16864	4	4	11	5.1
id-16865	4	2	26	6.2
id-16866	4	4	13	5.6
id-16867	8	5	12	5.9
id-16868	7	12	7	5.8
id-16869	9	17	4	6.7
id-16870	6	8	9	6.2
id-16871	9	9	23	6.7
id-16872	9	13	11	5.5
id-16873	10	11	30	5.9
id-16874	3	4	28	6.0
id-16875	10	3	20	6.1
id-16876	10	16	23	5.0
id-16877	9	15	12	5.5
id-16878	8	6	23	6.0
id-16879	9	4	28	6.7
id-16880	8	6	27	6.9
id-16881	1	2	23	6.8
id-16882	4	3	27	6.0
id-16883	6	11	8	6.2
id-16884	9	9	8	6.1
id-16885	4	2	25	5.6
id-16886	10	14	22	5.3
id-16887	6	2	22	5.6
id-16888	6	11	13	5.8
id-16889	8	14	14	6.5
id-16890	1	2	1	5.3
id-16891	6	5	6	5.5
id-16892	7	11	6	6.8
id-16893	8	2	18	5.2
id-16894	1	2	9	6.1
id-16895	3	3	25	6.2
id-16896	6	2	3	6.9
id-16897	8	6	8	5.6
id-16898	10	10	5	6.2
id-16899	9	9	18	6.4
id-16900	7	7	4	5.7
id-16901	6	11	28	6.4
id-16902	5	6	29	6.1
id-16903	1	2	27	5.2
id-16904	3	4	27	5.3
id-16905	4	4	19	6.6
id-16906	1	2	23	5.1
id-16907	6	11	26	5.5
id-16908	10	4	22	7.0
id-16909	10	16	3	5.9
id-16910	4	7	3	5.4
id-16911	10	20	9	5.0
id-16912	1	2	9	6.2
id-16913	9	18	28	5.6
id-16914	8	11	17	5.1
id-16915	9	11	25	5.7
id-16916	8	8	19	5.6
id-16917	4	6	12	6.0
id-16918	6	6	23	5.9
id-16919	3	5	27	5.5
id-16920	1	2	17	5.7
id-16921	5	10	14	5.4
id-16922	2	4	14	5.6
id-16923	4	6	22	6.8
id-16924	5	3	15	5.8
id-16925	3	5	22	6.5
id-16926	6	10	11	6.0
id-16927	3	5	25	6.2
id-16928	5	9	25	6.6
id-16929	8	6	15	6.3
id-16930	1	2	17	5.2
id-16931	6	3	14	6.1
id-16932	3	5	9	5.0
id-16933	6	6	28	5.9
id-16934	9	2	25	6.7
id-16935	5	3	5	6.3
id-16936	1	2	10	5.3
id-16937	2	4	22	6.1
id-16938	5	6	28	6.9
id-16939	4	4	26	6.5
id-16940	9	2	23	5.6
id-16941	5	9	9	5.0
id-16942	5	10	21	5.6
id-16943	10	9	15	5.6
id-16944	6	5	12	6.2
id-16945	8	2	23	5.1
id-16946	7	11	27	5.3
id-16947	5	4	16	5.9
id-16948	9	12	23	5.4
id-16949	1	2	5	5.9
id-16950	7	10	18	6.8
id-16951	5	2	14	6.1
id-16952	8	11	10	5.5
id-16953	2	3	10	5.9
id-16954	3	2	24	5.4
id-16955	9	14	10	6.9
id-16956	1	2	16	6.6
id-16957	5	7	24	6.7
id-16958	6	11	11	6.8
id-16959	1	2	2	5.9
id-16960	5	8	1	6.7
id-16961	10	6	10	5.4
id-16962	4	7	25	5.6
id-16963	1	2	18	5.2
id-16964	3	2	13	5.2
id-16965	9	10	17	6.7
id-16966	6	7	9	5.2
id-16967	9	16	17	6.1
id-16968	10	13	21	5.3
id-16969	8	15	7	6.3
id-16970	3	6	6	5.7
id-16971	5	3	10	5.9
id-16972	10	17	18	5.5
id-16973	8	2	7	6.0
id-16974	6	4	13	5.3
id-16975	10	15	23	6.4
id-16976	3	3	4	5.7
id-16977	3	6	15	6.9
id-16978	9	4	5	5.9
id-16979	10	12	16	6.3
id-16980	4	4	23	6.0
id-16981	1	2	23	6.4
id-16982	4	4	21	5.7
id-16983	2	3	2	5.3
id-16984	3	4	10	6.7
id-16985	9	7	1	5.1
id-16986	3	4	23	5.2
id-16987	4	8	18	6.7
id-16988	2	3	13	5.7
id-16989	2	3	17	5.2
id-16990	9	11	4	6.1
id-16991	3	5	22	6.8
id-16992	4	7	19	6.4
id-16993	7	11	16	6.2
id-16994	9	4	11	6.8
id-16995	10	13	28	6.4
id-16996	7	13	1	5.8
id-16997	8	5	2	5.6
id-16998	5	5	13	6.5
id-16999	1	2	24	5.2
id-17000	10	9	27	5.9
id-17001	7	2	14	5.2
id-17002	9	3	19	6.1
id-17003	5	7	13	5.2
id-17004	1	2	26	5.5
id-17005	7	6	5	5.2
id-17006	3	5	22	6.4
id-17007	9	14	5	6.4
id-17008	8	3	18	6.0
id-17009	2	2	27	5.2
id-17010	9	17	16	5.3
id-17011	1	2	24	5.9
id-17012	3	5	12	6.3
id-17013	3	2	28	5.9
id-17014	6	3	22	5.6
id-17015	3	5	26	5.0
id-17016	8	8	20	6.5
id-17017	7	14	19	6.3
id-17018	1	2	8	5.5
id-17019	4	5	29	5.9
id-17020	9	16	6	6.8
id-17021	1	2	15	6.8
id-17022	1	2	12	7.0
id-17023	6	11	2	5.9
id-17024	8	15	16	6.0
id-17025	2	3	23	5.3
id-17026	5	7	3	5.8
id-17027	2	2	14	5.8
id-17028	10	19	28	6.6
id-17029	7	4	4	6.8
id-17030	5	3	21	6.3
id-17031	5	6	16	5.9
id-17032	3	3	8	5.5
id-17033	1	2	20	6.4
id-17034	2	3	6	5.2
id-17035	9	8	12	6.6
id-17036	9	4	20	5.8
id-17037	3	6	10	6.6
id-17038	2	4	20	5.7
id-17039	8	7	28	5.7
id-17040	6	4	4	5.3
id-17041	2	4	12	6.9
id-17042	3	5	21	6.5
id-17043	1	2	24	5.3
id-17044	9	2	21	5.8
id-17045	3	6	1	7.0
id-17046	7	5	13	5.7
id-17047	9	9	27	6.6
id-17048	10	16	16	5.1
id-17049	10	18	28	7.0
id-17050	6	4	6	5.1
id-17051	1	2	15	5.4
id-17052	2	4	1	5.5
id-17053	8	14	1	6.5
id-17054	3	5	24	6.4
id-17055	1	2	15	6.5
id-17056	5	10	20	5.7
id-17057	6	2	30	5.0
id-17058	6	10	3	5.6
id-17059	6	6	4	6.4
id-17060	1	2	27	6.9
id-17061	4	6	23	5.5
id-17062	10	6	22	5.3
id-17063	8	16	6	5.4
id-17064	1	2	30	5.3
id-17065	9	13	19	6.9
id-17066	2	4	2	5.4
id-17067	9	15	5	5.9
id-17068	9	15	28	5.0
id-17069	10	2	19	5.9
id-17070	7	3	13	5.7
id-17071	2	2	2	5.6
id-17072	5	8	5	5.1
id-17073	3	2	17	5.9
id-17074	7	12	8	6.9
id-17075	9	11	6	6.8
id-17076	1	2	24	5.9
id-17077	7	8	10	6.5
id-17078	4	2	29	6.8
id-17079	4	3	26	6.0
id-17080	6	5	10	6.8
id-17081	8	13	12	6.6
id-17082	9	8	17	5.5
id-17083	6	12	23	5.5
id-17084	6	5	10	5.3
id-17085	1	2	8	6.5
id-17086	1	2	19	6.3
id-17087	8	5	6	6.4
id-17088	3	5	19	6.8
id-17089	3	5	20	5.1
id-17090	1	2	1	5.2
id-17091	6	3	24	6.5
id-17092	3	5	12	6.8
id-17093	6	10	7	5.9
id-17094	3	2	28	5.8
id-17095	9	5	9	6.1
id-17096	7	6	19	5.3
id-17097	1	2	17	5.2
id-17098	2	2	9	5.2
id-17099	5	5	10	6.5
id-17100	6	2	27	5.4
id-17101	9	14	28	6.4
id-17102	3	3	16	5.1
id-17103	4	6	24	6.5
id-17104	10	4	30	5.7
id-17105	9	3	13	5.1
id-17106	1	2	29	5.6
id-17107	7	14	6	5.3
id-17108	1	2	21	5.5
id-17109	1	2	23	6.2
id-17110	5	10	18	5.0
id-17111	6	8	11	6.0
id-17112	7	4	28	5.2
id-17113	2	2	11	5.9
id-17114	5	4	14	5.6
id-17115	8	15	10	6.4
id-17116	1	2	10	6.8
id-17117	7	3	22	5.5
id-17118	6	8	21	5.7
id-17119	6	8	6	6.9
id-17120	6	10	14	6.5
id-17121	4	7	13	6.3
id-17122	4	4	2	6.9
id-17123	5	6	23	7.0
id-17124	3	4	22	6.4
id-17125	2	2	29	6.6
id-17126	3	2	30	5.8
id-17127	2	4	20	5.2
id-17128	3	5	3	7.0
id-17129	10	5	10	5.8
id-17130	10	11	10	5.7
id-17131	10	18	17	6.4
id-17132	2	2	21	6.2
id-17133	1	2	16	6.5
id-17134	8	7	19	5.4
id-17135	2	4	5	6.4
id-17136	2	2	23	6.8
id-17137	8	16	1	5.1
id-17138	5	8	24	7.0
id-17139	9	5	5	6.8
id-17140	7	12	12	5.2
id-17141	6	8	2	6.5
id-17142	8	10	25	6.9
id-17143	7	4	21	6.0
id-17144	8	8	28	5.3
id-17145	4	5	12	5.8
id-17146	8	6	4	6.4
id-17147	5	3	17	6.2
id-17148	9	14	1	5.0
id-17149	8	16	6	6.0
id-17150	4	7	29	5.7
id-17151	8	3	28	6.8
id-17152	9	9	18	6.2
id-17153	2	4	14	6.1
id-17154	9	7	23	6.4
id-17155	2	3	20	5.9
id-17156	7	11	27	5.3
id-17157	2	4	16	6.7
id-17158	3	3	21	6.5
id-17159	10	7	2	6.6
id-17160	5	7	13	6.5
id-17161	6	7	14	6.8
id-17162	10	4	21	6.8
id-17163	8	10	9	5.6
id-17164	5	10	3	6.1
id-17165	5	6	11	5.5
id-17166	7	5	7	6.2
id-17167	8	15	25	6.4
id-17168	10	19	13	7.0
id-17169	3	3	16	6.9
id-17170	4	7	30	5.7
id-17171	10	17	23	6.9
id-17172	2	2	9	5.6
id-17173	2	2	16	5.9
id-17174	9	10	20	6.7
id-17175	8	7	3	5.8
id-17176	3	5	24	6.9
id-17177	6	8	18	6.2
id-17178	10	11	7	6.8
id-17179	10	11	16	6.4
id-17180	1	2	16	5.1
id-17181	7	3	3	5.8
id-17182	2	3	22	5.1
id-17183	1	2	24	6.6
id-17184	3	6	9	6.0
id-17185	7	4	10	5.9
id-17186	7	11	2	6.7
id-17187	10	13	30	6.8
id-17188	5	8	2	6.9
id-17189	9	10	9	5.3
id-17190	3	3	6	6.1
id-17191	6	11	12	5.7
id-17192	1	2	24	6.6
id-17193	1	2	7	5.6
id-17194	5	8	19	6.8
id-17195	8	2	1	5.6
id-17196	2	4	7	5.4
id-17197	7	6	18	5.3
id-17198	1	2	8	5.9
id-17199	9	3	24	6.8
id-17200	6	2	29	5.7
id-17201	2	4	24	5.4
id-17202	1	2	8	5.9
id-17203	9	11	20	5.9
id-17204	8	3	14	5.4
id-17205	4	8	29	6.6
id-17206	8	11	6	7.0
id-17207	4	4	10	6.1
id-17208	4	7	3	6.9
id-17209	2	4	10	5.8
id-17210	10	6	22	5.1
id-17211	8	9	6	6.8
id-17212	2	3	24	6.1
id-17213	9	6	30	5.8
id-17214	2	3	20	7.0
id-17215	1	2	26	5.5
id-17216	9	16	13	6.0
id-17217	8	4	5	7.0
id-17218	9	9	17	6.7
id-17219	5	3	9	6.4
id-17220	10	8	25	5.6
id-17221	4	3	13	5.5
id-17222	8	12	30	6.5
id-17223	3	5	21	5.8
id-17224	10	10	18	6.6
id-17225	2	4	21	5.3
id-17226	4	8	20	5.1
id-17227	10	6	30	6.7
id-17228	3	4	10	6.7
id-17229	8	10	27	6.4
id-17230	4	6	12	6.7
id-17231	4	2	30	5.5
id-17232	9	5	22	6.8
id-17233	1	2	4	6.2
id-17234	7	3	19	6.4
id-17235	3	4	7	6.2
id-17236	10	3	23	5.1
id-17237	7	10	27	5.2
id-17238	3	2	6	6.3
id-17239	9	11	24	6.6
id-17240	5	6	22	5.3
id-17241	4	3	27	5.3
id-17242	4	5	12	6.0
id-17243	4	4	5	6.3
id-17244	7	11	9	6.8
id-17245	4	3	10	5.6
id-17246	10	9	17	6.4
id-17247	3	3	25	5.4
id-17248	1	2	18	6.0
id-17249	8	12	2	5.1
id-17250	2	3	14	6.8
id-17251	9	11	27	5.8
id-17252	5	5	17	6.7
id-17253	8	3	8	6.7
id-17254	3	4	9	5.1
id-17255	5	6	1	6.0
id-17256	1	2	3	6.0
id-17257	6	2	26	6.7
id-17258	2	4	24	5.7
id-17259	6	8	13	6.0
id-17260	10	20	27	7.0
id-17261	9	7	21	6.4
id-17262	2	3	6	5.4
id-17263	1	2	19	6.4
id-17264	6	3	13	5.8
id-17265	7	5	22	6.3
id-17266	7	11	3	6.0
id-17267	4	7	15	5.9
id-17268	3	5	14	5.4
id-17269	2	2	20	5.3
id-17270	8	6	28	5.3
id-17271	4	5	14	6.4
id-17272	3	5	2	6.7
id-17273	3	5	28	7.0
id-17274	8	9	22	6.2
id-17275	2	3	18	6.7
id-17276	2	4	13	5.2
id-17277	8	3	27	6.9
id-17278	6	5	17	7.0
id-17279	6	11	25	6.5
id-17280	10	6	4	6.7
id-17281	6	6	27	5.7
id-17282	4	5	28	5.4
id-17283	7	12	19	5.1
id-17284	4	7	1	5.2
id-17285	7	7	30	6.7
id-17286	8	2	19	5.5
id-17287	3	4	5	6.6
id-17288	2	3	14	6.0
id-17289	9	14	5	5.7
id-17290	5	10	2	6.5
id-17291	8	3	12	5.7
id-17292	6	7	8	6.7
id-17293	9	12	6	6.6
id-17294	5	4	12	6.8
id-17295	3	5	24	6.5
id-17296	8	13	9	5.4
id-17297	6	9	18	6.8
id-17298	7	12	22	5.5
id-17299	1	2	14	6.3
id-17300	6	6	4	5.1
id-17301	10	18	25	5.1
id-17302	5	4	4	6.7
id-17303	8	11	10	6.3
id-17304	9	16	21	6.8
id-17305	9	2	17	6.0
id-17306	8	2	29	5.5
id-17307	8	10	21	5.2
id-17308	1	2	20	6.6
id-17309	6	5	7	5.2
id-17310	7	8	28	5.4
id-17311	5	7	5	6.2
id-17312	5	7	12	6.9
id-17313	1	2	29	5.9
id-17314	5	7	12	6.5
id-17315	4	2	23	5.7
id-17316	8	6	7	6.3
id-17317	4	5	3	5.6
id-17318	6	7	4	6.3
id-17319	6	5	10	6.5
id-17320	5	6	18	6.9
id-17321	7	6	2	5.2
id-17322	8	13	27	5.8
id-17323	4	2	6	6.3
id-17324	5	4	18	6.5
id-17325	6	11	22	6.9
id-17326	3	5	9	6.0
id-17327	5	5	8	6.5
id-17328	9	9	6	6.9
id-17329	6	2	4	6.2
id-17330	6	8	29	5.5
id-17331	9	5	8	5.3
id-17332	2	2	8	5.8
id-17333	7	7	19	5.7
id-17334	1	2	16	5.4
id-17335	5	4	10	5.3
id-17336	10	9	12	5.2
id-17337	3	6	27	5.2
id-17338	2	3	3	5.2
id-17339	3	4	18	6.9
id-17340	3	6	8	5.2
id-17341	8	7	19	5.9
id-17342	9	2	25	6.6
id-17343	2	2	6	7.0
id-17344	9	17	20	6.5
id-17345	9	15	7	6.4
id-17346	3	6	7	6.9
id-17347	7	12	8	6.3
id-17348	8	13	9	6.3
id-17349	4	4	28	6.1
id-17350	7	4	7	5.2
id-17351	5	3	17	5.6
id-17352	8	12	29	6.5
id-17353	2	2	30	6.6
id-17354	1	2	18	6.6
id-17355	5	10	30	5.3
id-17356	10	15	4	6.8
id-17357	7	9	18	6.9
id-17358	9	10	11	6.5
id-17359	3	3	17	6.9
id-17360	3	4	1	6.3
id-17361	1	2	1	6.8
id-17362	9	11	9	6.0
id-17363	5	6	4	6.8
id-17364	1	2	4	6.2
id-17365	1	2	20	6.7
id-17366	3	6	15	6.0
id-17367	8	14	9	5.9
id-17368	1	2	11	6.3
id-17369	2	4	29	6.5
id-17370	5	4	4	5.9
id-17371	10	9	17	6.7
id-17372	2	4	3	6.1
id-17373	2	4	26	6.0
id-17374	2	3	6	7.0
id-17375	7	6	7	5.9
id-17376	1	2	15	5.9
id-17377	10	17	4	6.4
id-17378	5	4	5	5.8
id-17379	8	9	14	6.0
id-17380	10	8	8	6.6
id-17381	7	3	26	6.5
id-17382	6	12	29	6.6
id-17383	4	5	26	7.0
id-17384	6	4	21	5.3
id-17385	10	13	12	5.4
id-17386	2	2	3	6.9
id-17387	7	13	28	5.4
id-17388	3	4	29	6.7
id-17389	10	11	30	5.1
id-17390	9	7	19	6.3
id-17391	5	3	22	7.0
id-17392	4	3	17	5.6
id-17393	3	4	5	6.0
id-17394	5	3	7	5.7
id-17395	10	17	7	6.7
id-17396	8	2	25	5.4
id-17397	4	8	22	6.8
id-17398	5	6	18	6.5
id-17399	9	6	23	6.9
id-17400	7	11	20	6.2
id-17401	8	8	3	6.9
id-17402	1	2	15	5.2
id-17403	10	17	20	6.9
id-17404	10	6	6	6.2
id-17405	2	4	3	5.9
id-17406	10	5	8	6.4
id-17407	3	3	24	5.2
id-17408	4	2	3	6.2
id-17409	1	2	4	7.0
id-17410	7	7	9	5.9
id-17411	3	5	17	6.7
id-17412	6	6	30	6.4
id-17413	10	4	18	5.7
id-17414	4	2	13	5.1
id-17415	7	4	19	6.4
id-17416	5	3	11	6.4
id-17417	4	6	9	6.2
id-17418	4	2	12	6.7
id-17419	8	16	27	6.8
id-17420	2	4	6	6.2
id-17421	8	7	9	6.9
id-17422	1	2	9	6.7
id-17423	7	3	16	6.3
id-17424	6	8	22	5.9
id-17425	6	9	28	5.3
id-17426	7	6	4	5.8
id-17427	2	4	6	6.0
id-17428	8	3	19	6.6
id-17429	10	17	25	5.8
id-17430	3	2	24	6.9
id-17431	1	2	28	6.8
id-17432	9	8	5	5.8
id-17433	8	16	17	6.4
id-17434	7	9	4	5.9
id-17435	8	9	2	6.4
id-17436	6	5	28	6.2
id-17437	5	4	22	5.8
id-17438	5	10	30	7.0
id-17439	1	2	19	6.1
id-17440	6	2	13	6.1
id-17441	8	6	10	5.8
id-17442	8	12	10	5.2
id-17443	4	8	10	5.9
id-17444	6	2	6	6.0
id-17445	9	17	2	5.7
id-17446	1	2	16	6.0
id-17447	9	11	16	6.0
id-17448	3	6	13	6.0
id-17449	8	8	7	5.0
id-17450	8	12	29	6.9
id-17451	5	3	30	5.6
id-17452	4	8	14	5.1
id-17453	5	6	13	7.0
id-17454	9	17	3	5.4
id-17455	4	6	29	5.3
id-17456	7	13	18	6.6
id-17457	4	8	5	6.5
id-17458	7	9	16	6.7
id-17459	7	14	21	6.8
id-17460	6	10	4	6.4
id-17461	3	4	26	5.2
id-17462	1	2	26	6.5
id-17463	4	3	26	6.4
id-17464	8	8	12	6.3
id-17465	10	9	11	6.1
id-17466	7	8	25	6.8
id-17467	4	2	6	5.9
id-17468	9	13	20	6.2
id-17469	8	4	8	5.5
id-17470	8	13	10	6.1
id-17471	9	13	7	6.5
id-17472	5	9	13	5.2
id-17473	6	12	10	6.6
id-17474	6	8	16	6.2
id-17475	3	2	20	5.8
id-17476	5	4	23	5.7
id-17477	8	2	15	6.2
id-17478	1	2	27	6.6
id-17479	2	3	21	5.2
id-17480	4	4	29	6.5
id-17481	5	8	25	7.0
id-17482	5	2	24	5.3
id-17483	3	6	6	5.5
id-17484	8	13	16	5.4
id-17485	6	5	7	6.3
id-17486	4	4	7	5.1
id-17487	1	2	17	5.6
id-17488	9	9	14	5.6
id-17489	8	8	23	7.0
id-17490	9	7	15	5.6
id-17491	10	2	27	5.8
id-17492	6	10	16	5.8
id-17493	10	18	18	6.7
id-17494	8	15	2	6.6
id-17495	8	16	13	5.8
id-17496	3	6	6	6.0
id-17497	10	14	11	6.3
id-17498	8	5	20	6.3
id-17499	5	10	1	6.6
id-17500	1	2	25	5.8
id-17501	9	6	26	6.5
id-17502	6	3	12	5.8
id-17503	3	4	10	5.5
id-17504	1	2	22	5.4
id-17505	6	2	22	5.6
id-17506	1	2	2	5.5
id-17507	9	17	26	5.4
id-17508	4	5	27	6.7
id-17509	7	10	6	5.0
id-17510	5	9	17	6.1
id-17511	6	9	4	5.1
id-17512	3	5	6	6.7
id-17513	2	4	9	6.3
id-17514	1	2	3	5.5
id-17515	7	3	21	6.2
id-17516	4	7	2	6.7
id-17517	2	3	29	5.1
id-17518	6	6	18	5.3
id-17519	9	12	3	5.1
id-17520	2	3	11	5.7
id-17521	10	19	29	6.7
id-17522	5	8	26	7.0
id-17523	8	16	12	6.7
id-17524	6	12	23	6.3
id-17525	5	5	25	5.5
id-17526	4	4	16	6.2
id-17527	7	2	4	5.9
id-17528	8	4	19	6.4
id-17529	2	2	12	6.3
id-17530	9	11	27	5.4
id-17531	6	7	17	5.4
id-17532	3	4	25	5.6
id-17533	9	2	14	5.8
id-17534	6	11	2	6.1
id-17535	3	2	3	5.1
id-17536	5	7	30	6.3
id-17537	9	9	29	5.1
id-17538	3	4	26	6.7
id-17539	1	2	29	6.5
id-17540	8	13	2	5.3
id-17541	8	8	11	5.1
id-17542	8	16	4	5.6
id-17543	6	10	23	5.5
id-17544	6	2	1	6.5
id-17545	6	12	19	5.0
id-17546	10	18	27	6.7
id-17547	6	9	28	5.4
id-17548	6	12	12	6.0
id-17549	5	9	17	5.6
id-17550	8	13	24	6.7
id-17551	8	2	6	6.2
id-17552	10	18	11	5.4
id-17553	3	2	21	5.1
id-17554	6	8	16	6.9
id-17555	7	10	22	5.2
id-17556	2	3	1	6.2
id-17557	2	2	26	6.4
id-17558	1	2	23	6.0
id-17559	2	3	29	5.7
id-17560	5	2	8	6.7
id-17561	2	2	18	5.1
id-17562	4	6	21	6.7
id-17563	6	6	24	5.1
id-17564	1	2	24	6.4
id-17565	9	7	16	5.8
id-17566	5	8	26	5.7
id-17567	1	2	28	5.8
id-17568	9	8	20	5.8
id-17569	9	7	5	6.4
id-17570	6	5	25	6.2
id-17571	4	2	30	5.6
id-17572	3	3	30	5.5
id-17573	4	8	7	5.9
id-17574	3	2	27	5.1
id-17575	8	13	27	6.6
id-17576	10	14	20	5.8
id-17577	1	2	17	6.4
id-17578	4	8	26	6.7
id-17579	3	4	15	6.1
id-17580	10	18	14	5.9
id-17581	3	4	2	6.6
id-17582	9	13	5	6.3
id-17583	4	6	12	5.1
id-17584	7	8	5	6.0
id-17585	5	10	30	6.1
id-17586	7	4	25	6.5
id-17587	4	3	5	6.2
id-17588	9	11	22	6.0
id-17589	9	12	11	5.4
id-17590	1	2	25	6.3
id-17591	2	3	6	6.6
id-17592	2	4	12	6.2
id-17593	3	4	2	6.8
id-17594	5	6	3	5.6
id-17595	2	4	26	5.7
id-17596	6	5	15	6.2
id-17597	9	18	15	5.4
id-17598	1	2	20	6.5
id-17599	5	5	3	5.0
id-17600	3	5	15	5.4
id-17601	1	2	25	6.2
id-17602	9	3	16	6.6
id-17603	7	6	16	5.0
id-17604	2	2	13	6.2
id-17605	5	7	19	5.5
id-17606	10	12	11	6.6
id-17607	3	4	10	6.8
id-17608	9	10	27	6.2
id-17609	9	17	7	5.9
id-17610	8	14	20	6.5
id-17611	10	16	10	5.5
id-17612	4	4	8	5.4
id-17613	7	5	26	5.4
id-17614	10	10	24	5.6
id-17615	5	2	3	6.2
id-17616	4	4	14	6.3
id-17617	4	8	28	6.7
id-17618	9	11	22	5.2
id-17619	5	7	28	6.8
id-17620	9	8	20	5.6
id-17621	4	4	5	5.2
id-17622	7	9	19	5.3
id-17623	8	2	1	6.4
id-17624	4	6	3	6.4
id-17625	4	8	7	5.5
id-17626	5	2	10	6.0
id-17627	6	3	12	6.1
id-17628	9	11	14	5.9
id-17629	8	11	16	6.3
id-17630	9	15	10	5.7
id-17631	9	16	24	5.8
id-17632	8	9	14	6.0
id-17633	7	13	3	6.1
id-17634	2	3	27	6.5
id-17635	3	2	28	5.4
id-17636	4	8	30	6.2
id-17637	10	15	23	5.0
id-17638	5	10	25	5.3
id-17639	10	14	18	5.8
id-17640	7	8	5	5.7
id-17641	10	16	4	6.9
id-17642	6	2	2	6.7
id-17643	4	8	13	6.4
id-17644	5	8	15	7.0
id-17645	8	15	7	5.2
id-17646	8	16	17	5.5
id-17647	1	2	27	6.6
id-17648	6	7	12	5.7
id-17649	8	14	25	6.9
id-17650	4	4	27	6.7
id-17651	5	6	19	6.7
id-17652	4	4	19	5.7
id-17653	4	3	15	6.0
id-17654	7	11	14	6.1
id-17655	1	2	21	6.7
id-17656	6	9	18	6.3
id-17657	8	4	6	6.7
id-17658	8	8	8	5.4
id-17659	5	3	20	5.9
id-17660	10	15	24	7.0
id-17661	5	9	9	6.4
id-17662	9	9	3	6.6
id-17663	8	13	9	5.4
id-17664	4	2	6	5.8
id-17665	3	3	23	6.1
id-17666	8	8	21	5.8
id-17667	1	2	16	6.0
id-17668	1	2	18	6.5
id-17669	1	2	23	5.7
id-17670	2	4	11	5.5
id-17671	4	8	2	6.8
id-17672	4	2	13	6.9
id-17673	10	19	15	6.1
id-17674	7	6	14	5.1
id-17675	8	9	16	6.0
id-17676	9	12	10	6.4
id-17677	3	6	28	5.8
id-17678	9	4	20	6.2
id-17679	3	4	2	6.7
id-17680	2	3	12	6.6
id-17681	1	2	21	5.1
id-17682	8	3	11	6.0
id-17683	8	16	24	5.6
id-17684	1	2	6	5.5
id-17685	7	12	30	5.5
id-17686	7	10	5	6.8
id-17687	6	4	21	6.9
id-17688	8	5	25	5.6
id-17689	2	2	2	5.7
id-17690	7	3	19	5.5
id-17691	3	3	27	6.3
id-17692	9	18	20	6.6
id-17693	2	4	17	6.8
id-17694	3	2	27	5.7
id-17695	1	2	6	6.2
id-17696	3	6	22	5.0
id-17697	9	11	7	6.1
id-17698	9	8	17	6.9
id-17699	6	8	24	5.6
id-17700	1	2	10	5.8
id-17701	4	7	11	5.4
id-17702	5	3	3	6.5
id-17703	8	11	20	5.8
id-17704	9	15	1	5.3
id-17705	4	8	29	6.1
id-17706	6	8	21	6.5
id-17707	8	4	8	6.1
id-17708	3	2	11	5.6
id-17709	2	2	18	6.8
id-17710	10	6	8	5.2
id-17711	4	5	10	5.1
id-17712	3	4	22	6.6
id-17713	3	5	4	5.5
id-17714	4	2	14	6.2
id-17715	2	3	11	5.2
id-17716	10	13	29	6.5
id-17717	6	6	24	5.7
id-17718	8	4	26	6.9
id-17719	6	3	15	6.2
id-17720	4	8	25	6.5
id-17721	4	7	10	6.7
id-17722	1	2	2	6.9
id-17723	2	3	27	5.8
id-17724	10	10	28	7.0
id-17725	1	2	7	6.4
id-17726	7	4	11	5.6
id-17727	10	17	14	5.3
id-17728	6	10	22	5.7
id-17729	6	5	17	6.2
id-17730	10	16	26	6.0
id-17731	6	8	11	6.3
id-17732	9	16	6	5.6
id-17733	5	5	22	5.1
id-17734	10	18	24	6.2
id-17735	3	3	12	7.0
id-17736	5	10	6	5.9
id-17737	9	16	20	6.8
id-17738	5	8	20	5.4
id-17739	8	3	25	6.3
id-17740	8	12	3	5.9
id-17741	9	16	4	6.3
id-17742	9	11	19	6.6
id-17743	7	2	28	5.3
id-17744	1	2	2	5.7
id-17745	3	3	6	6.2
id-17746	7	5	24	6.3
id-17747	1	2	28	6.5
id-17748	3	3	15	6.7
id-17749	8	13	17	6.3
id-17750	1	2	18	5.8
id-17751	9	3	20	6.4
id-17752	5	5	24	6.5
id-17753	2	4	27	5.5
id-17754	3	6	18	6.7
id-17755	9	12	20	6.2
id-17756	4	7	21	6.6
id-17757	5	6	21	6.5
id-17758	5	3	28	5.4
id-17759	6	3	10	6.5
id-17760	5	4	4	6.4
id-17761	5	10	20	6.0
id-17762	10	18	5	5.7
id-17763	10	7	10	5.0
id-17764	7	10	16	5.4
id-17765	4	5	24	5.7
id-17766	3	5	30	5.2
id-17767	2	4	21	6.3
id-17768	7	6	30	5.9
id-17769	5	2	30	6.6
id-17770	5	7	21	5.2
id-17771	7	11	18	5.5
id-17772	7	7	13	6.3
id-17773	10	7	20	6.0
id-17774	7	6	18	5.3
id-17775	3	6	6	6.3
id-17776	10	7	4	6.2
id-17777	3	4	24	5.9
id-17778	10	16	2	6.3
id-17779	1	2	20	6.5
id-17780	6	10	15	6.8
id-17781	6	3	3	5.1
id-17782	6	4	4	6.2
id-17783	1	2	17	5.0
id-17784	7	7	5	6.3
id-17785	6	2	6	6.5
id-17786	10	6	30	6.8
id-17787	9	2	12	5.7
id-17788	10	11	7	6.4
id-17789	8	2	6	5.9
id-17790	9	6	19	6.3
id-17791	8	5	12	6.2
id-17792	6	7	10	6.9
id-17793	7	5	8	5.8
id-17794	6	3	13	6.1
id-17795	10	6	13	6.0
id-17796	10	11	17	5.9
id-17797	8	12	2	5.4
id-17798	2	4	1	5.3
id-17799	7	5	7	6.8
id-17800	5	2	5	6.5
id-17801	1	2	24	6.9
id-17802	1	2	17	6.2
id-17803	7	9	16	5.4
id-17804	9	15	8	5.7
id-17805	1	2	8	6.7
id-17806	5	7	18	6.7
id-17807	8	16	30	5.1
id-17808	6	7	9	5.4
id-17809	6	3	17	5.2
id-17810	6	8	27	5.7
id-17811	5	4	14	5.7
id-17812	1	2	24	5.6
id-17813	10	9	22	5.8
id-17814	7	10	15	6.8
id-17815	6	9	6	5.1
id-17816	1	2	5	6.2
id-17817	9	3	30	5.3
id-17818	10	20	11	6.1
id-17819	2	4	17	5.0
id-17820	2	2	13	5.9
id-17821	2	2	9	5.1
id-17822	7	5	5	6.5
id-17823	6	2	26	5.2
id-17824	9	10	10	6.4
id-17825	2	4	21	6.5
id-17826	9	10	20	5.1
id-17827	2	2	6	6.8
id-17828	3	5	28	6.3
id-17829	2	3	21	5.1
id-17830	8	10	30	5.0
id-17831	9	18	27	5.7
id-17832	2	4	6	6.4
id-17833	2	2	20	6.9
id-17834	10	3	24	6.9
id-17835	1	2	9	6.6
id-17836	5	9	29	5.5
id-17837	10	11	10	5.6
id-17838	2	3	26	5.5
id-17839	7	9	11	6.0
id-17840	1	2	26	6.0
id-17841	10	15	19	5.9
id-17842	8	15	8	5.6
id-17843	1	2	3	5.6
id-17844	5	3	3	6.0
id-17845	6	3	22	5.3
id-17846	6	5	26	6.4
id-17847	6	11	22	5.4
id-17848	10	16	16	5.7
id-17849	1	2	30	6.6
id-17850	10	18	25	6.1
id-17851	10	12	20	5.2
id-17852	7	6	4	5.8
id-17853	5	3	9	5.7
id-17854	2	2	2	5.8
id-17855	7	9	5	5.8
id-17856	10	8	29	5.2
id-17857	8	13	22	6.3
id-17858	7	13	7	6.4
id-17859	3	4	5	5.3
id-17860	2	4	21	5.9
id-17861	5	10	15	6.2
id-17862	10	4	10	5.6
id-17863	6	9	6	7.0
id-17864	7	7	18	5.8
id-17865	3	6	17	5.7
id-17866	8	2	15	5.1
id-17867	1	2	19	5.4
id-17868	1	2	29	6.2
id-17869	6	6	23	6.8
id-17870	2	3	17	5.4
id-17871	3	6	25	6.4
id-17872	9	16	8	5.0
id-17873	9	15	29	6.5
id-17874	7	14	17	6.6
id-17875	5	6	2	5.9
id-17876	5	7	29	6.3
id-17877	5	2	14	5.2
id-17878	9	4	26	6.8
id-17879	4	3	26	5.3
id-17880	8	13	28	6.7
id-17881	5	6	13	6.8
id-17882	2	3	26	6.5
id-17883	4	4	29	5.5
id-17884	3	6	18	5.6
id-17885	4	5	1	5.8
id-17886	1	2	14	5.6
id-17887	9	15	11	5.7
id-17888	3	3	29	5.9
id-17889	7	9	26	5.9
id-17890	3	4	20	6.1
id-17891	2	3	22	5.4
id-17892	8	15	12	5.1
id-17893	7	3	24	6.6
id-17894	7	7	8	6.7
id-17895	6	2	4	6.2
id-17896	3	2	14	5.6
id-17897	6	11	21	6.2
id-17898	3	2	12	5.2
id-17899	7	8	14	5.5
id-17900	7	14	5	5.7
id-17901	6	4	7	6.6
id-17902	2	4	6	6.1
id-17903	3	4	4	6.8
id-17904	2	3	24	6.2
id-17905	10	7	27	6.7
id-17906	4	6	1	6.1
id-17907	3	5	6	5.4
id-17908	7	12	26	6.5
id-17909	10	6	21	6.9
id-17910	8	6	4	5.1
id-17911	3	3	10	6.5
id-17912	4	6	23	5.1
id-17913	8	8	18	5.2
id-17914	6	9	17	5.2
id-17915	5	9	17	6.7
id-17916	6	10	14	6.6
id-17917	7	2	9	5.4
id-17918	5	8	8	5.2
id-17919	1	2	4	6.7
id-17920	2	2	26	6.9
id-17921	2	3	25	5.4
id-17922	8	11	11	6.3
id-17923	9	10	26	5.8
id-17924	9	10	21	6.3
id-17925	2	2	9	6.7
id-17926	9	18	22	5.0
id-17927	1	2	19	6.9
id-17928	3	3	14	6.1
id-17929	9	13	12	6.8
id-17930	9	18	5	5.4
id-17931	3	5	2	6.0
id-17932	8	5	13	5.0
id-17933	5	10	19	5.1
id-17934	7	12	28	5.4
id-17935	8	11	10	5.5
id-17936	9	5	6	6.4
id-17937	8	13	22	6.1
id-17938	5	8	21	6.8
id-17939	10	15	7	6.5
id-17940	1	2	22	6.8
id-17941	8	16	22	6.9
id-17942	3	3	29	5.8
id-17943	9	4	26	6.8
id-17944	3	3	23	5.7
id-17945	3	3	22	6.3
id-17946	8	2	9	6.4
id-17947	10	6	6	6.9
id-17948	4	8	18	5.4
id-17949	1	2	3	5.7
id-17950	5	9	17	6.9
id-17951	10	6	23	5.3
id-17952	8	2	10	5.5
id-17953	9	8	14	5.4
id-17954	9	14	20	5.1
id-17955	4	3	24	5.5
id-17956	5	2	29	6.5
id-17957	7	14	18	5.5
id-17958	4	5	27	5.2
id-17959	10	6	9	5.2
id-17960	2	4	26	5.2
id-17961	4	4	19	6.0
id-17962	4	5	9	5.4
id-17963	4	5	24	6.2
id-17964	10	7	24	6.8
id-17965	7	6	24	6.8
id-17966	4	3	6	5.6
id-17967	3	4	17	5.6
id-17968	1	2	15	6.3
id-17969	9	10	29	5.3
id-17970	5	5	3	6.3
id-17971	7	3	21	6.2
id-17972	3	2	26	6.2
id-17973	3	4	29	5.8
id-17974	7	4	15	5.0
id-17975	1	2	22	6.5
id-17976	5	4	16	5.8
id-17977	3	4	21	6.8
id-17978	2	2	14	6.9
id-17979	6	12	21	6.5
id-17980	7	13	4	6.6
id-17981	6	12	18	6.5
id-17982	1	2	28	6.9
id-17983	5	6	21	6.4
id-17984	8	4	19	7.0
id-17985	6	6	17	5.8
id-17986	2	4	18	6.7
id-17987	4	3	9	6.9
id-17988	4	6	14	6.4
id-17989	3	3	1	5.2
id-17990	5	6	25	6.0
id-17991	3	2	3	5.5
id-17992	2	4	18	6.1
id-17993	3	3	13	7.0
id-17994	6	3	17	6.2
id-17995	8	3	28	6.9
id-17996	1	2	26	6.7
id-17997	4	3	30	6.8
id-17998	2	4	30	5.7
id-17999	7	3	27	5.2
id-18000	6	10	29	5.3
id-18001	3	2	19	5.3
id-18002	6	3	27	5.6
id-18003	8	8	16	6.1
id-18004	10	7	27	5.4
id-18005	1	2	16	5.9
id-18006	5	4	30	5.8
id-18007	9	5	12	6.9
id-18008	2	4	28	6.0
id-18009	5	6	26	5.4
id-18010	7	7	3	6.3
id-18011	1	2	20	6.6
id-18012	1	2	23	6.8
id-18013	2	2	16	6.5
id-18014	7	4	21	5.4
id-18015	4	4	11	6.7
id-18016	5	2	2	5.1
id-18017	3	2	3	7.0
id-18018	1	2	5	6.6
id-18019	8	11	20	6.6
id-18020	7	8	14	5.9
id-18021	7	6	2	5.7
id-18022	9	8	8	5.7
id-18023	9	9	2	5.6
id-18024	9	6	4	5.3
id-18025	4	7	19	5.4
id-18026	10	16	25	6.0
id-18027	5	5	28	6.8
id-18028	10	10	7	6.2
id-18029	4	4	26	5.4
id-18030	6	11	29	6.0
id-18031	5	5	24	6.9
id-18032	10	13	3	6.4
id-18033	4	5	16	5.4
id-18034	5	10	22	6.5
id-18035	4	8	20	6.1
id-18036	6	11	12	5.4
id-18037	7	9	12	5.2
id-18038	10	10	19	5.3
id-18039	2	4	24	6.0
id-18040	3	2	16	6.3
id-18041	3	5	20	5.2
id-18042	8	12	14	5.3
id-18043	4	8	19	5.9
id-18044	6	10	21	6.6
id-18045	9	5	30	6.9
id-18046	7	7	9	6.8
id-18047	4	4	1	6.0
id-18048	5	10	17	5.8
id-18049	4	2	30	6.6
id-18050	6	10	27	5.7
id-18051	4	8	8	5.2
id-18052	6	11	3	5.9
id-18053	4	7	15	7.0
id-18054	2	3	21	5.1
id-18055	3	4	3	6.9
id-18056	7	2	20	5.9
id-18057	2	2	27	6.0
id-18058	5	7	10	5.7
id-18059	2	3	24	6.9
id-18060	5	9	12	5.8
id-18061	10	10	9	6.6
id-18062	5	4	8	6.0
id-18063	2	3	24	6.4
id-18064	10	19	15	6.0
id-18065	1	2	18	5.1
id-18066	4	4	26	6.6
id-18067	7	2	5	5.7
id-18068	6	7	4	5.2
id-18069	1	2	14	6.7
id-18070	10	20	29	5.4
id-18071	10	9	12	6.5
id-18072	10	12	30	7.0
id-18073	9	10	23	6.2
id-18074	4	6	8	6.4
id-18075	5	2	13	5.2
id-18076	7	14	12	6.7
id-18077	4	7	30	6.4
id-18078	9	17	1	6.7
id-18079	9	5	16	5.5
id-18080	8	9	1	6.1
id-18081	3	3	26	6.7
id-18082	6	3	20	6.6
id-18083	9	7	22	5.4
id-18084	2	2	30	6.3
id-18085	6	3	16	5.6
id-18086	5	9	18	6.5
id-18087	4	5	7	5.9
id-18088	2	3	27	5.3
id-18089	7	13	3	6.9
id-18090	8	11	24	6.4
id-18091	7	9	1	6.3
id-18092	4	5	5	6.0
id-18093	5	2	19	6.3
id-18094	4	2	26	6.9
id-18095	6	5	9	5.2
id-18096	9	2	2	5.0
id-18097	5	5	5	5.6
id-18098	5	2	19	5.5
id-18099	4	3	30	6.5
id-18100	3	2	26	6.9
id-18101	5	10	2	5.0
id-18102	5	4	8	6.2
id-18103	7	10	20	7.0
id-18104	6	10	25	5.3
id-18105	2	3	19	5.0
id-18106	10	6	15	6.5
id-18107	4	3	26	5.6
id-18108	2	2	26	6.6
id-18109	10	5	30	5.4
id-18110	9	13	3	6.7
id-18111	6	2	22	6.7
id-18112	2	4	9	5.2
id-18113	6	8	28	6.7
id-18114	3	3	15	6.8
id-18115	6	2	25	5.4
id-18116	7	9	16	5.1
id-18117	4	7	18	7.0
id-18118	3	6	19	5.4
id-18119	2	2	11	5.6
id-18120	5	3	18	5.1
id-18121	7	9	22	6.6
id-18122	1	2	10	5.3
id-18123	1	2	22	5.8
id-18124	8	2	5	6.6
id-18125	9	2	13	5.6
id-18126	5	4	7	5.2
id-18127	9	8	12	6.1
id-18128	5	5	10	5.6
id-18129	5	3	21	6.1
id-18130	1	2	12	6.5
id-18131	6	12	4	5.2
id-18132	8	15	21	6.7
id-18133	10	12	25	6.3
id-18134	8	6	30	5.9
id-18135	1	2	12	6.2
id-18136	6	8	4	6.1
id-18137	9	11	16	5.9
id-18138	2	2	14	5.3
id-18139	7	6	11	6.0
id-18140	2	2	5	5.0
id-18141	9	5	22	6.5
id-18142	7	14	8	6.3
id-18143	10	17	11	5.5
id-18144	10	13	3	6.8
id-18145	7	6	10	5.7
id-18146	2	2	7	5.9
id-18147	10	8	6	6.6
id-18148	8	13	12	6.0
id-18149	7	6	10	6.3
id-18150	6	5	28	5.9
id-18151	3	6	30	5.2
id-18152	8	7	9	5.5
id-18153	2	4	30	5.5
id-18154	2	2	26	6.2
id-18155	9	18	4	5.9
id-18156	10	2	6	6.9
id-18157	7	11	1	6.6
id-18158	3	2	14	5.9
id-18159	7	8	8	5.8
id-18160	4	4	9	6.4
id-18161	4	5	3	6.6
id-18162	8	14	2	5.6
id-18163	10	17	5	5.0
id-18164	3	6	27	6.0
id-18165	9	14	15	5.7
id-18166	4	3	30	6.4
id-18167	3	4	6	6.7
id-18168	2	4	30	5.7
id-18169	9	6	9	6.0
id-18170	9	9	3	5.9
id-18171	10	16	16	5.4
id-18172	2	2	23	5.3
id-18173	2	3	26	5.2
id-18174	1	2	22	5.7
id-18175	8	12	26	6.2
id-18176	5	3	22	5.2
id-18177	10	5	18	5.5
id-18178	3	6	6	5.1
id-18179	5	6	22	5.1
id-18180	1	2	9	5.6
id-18181	8	16	15	6.4
id-18182	9	5	12	5.6
id-18183	9	18	21	5.1
id-18184	10	16	1	5.1
id-18185	8	12	9	5.4
id-18186	6	12	17	6.1
id-18187	3	5	5	5.0
id-18188	6	7	25	6.8
id-18189	4	8	17	5.1
id-18190	3	3	30	5.3
id-18191	1	2	22	6.3
id-18192	3	6	7	7.0
id-18193	4	4	27	5.6
id-18194	1	2	21	6.3
id-18195	5	7	1	6.6
id-18196	2	3	17	5.5
id-18197	9	14	10	6.9
id-18198	5	2	8	5.1
id-18199	6	11	20	5.4
id-18200	8	10	16	6.2
id-18201	4	6	11	5.3
id-18202	5	4	15	5.7
id-18203	8	5	22	6.7
id-18204	1	2	2	6.1
id-18205	10	9	5	5.2
id-18206	9	4	28	6.7
id-18207	3	2	7	6.4
id-18208	2	4	15	5.6
id-18209	4	3	9	6.7
id-18210	1	2	6	5.7
id-18211	4	2	4	6.8
id-18212	6	11	11	6.0
id-18213	8	9	4	6.4
id-18214	4	2	5	6.4
id-18215	7	4	22	5.4
id-18216	6	4	5	6.9
id-18217	1	2	7	5.6
id-18218	10	8	17	5.4
id-18219	1	2	5	6.7
id-18220	5	2	15	6.9
id-18221	6	10	25	5.3
id-18222	6	10	16	5.1
id-18223	9	8	10	5.1
id-18224	6	3	2	6.2
id-18225	4	3	12	5.6
id-18226	10	2	18	7.0
id-18227	7	13	15	6.0
id-18228	5	6	2	5.6
id-18229	4	4	4	5.6
id-18230	10	11	10	5.9
id-18231	4	5	9	5.4
id-18232	9	15	2	6.6
id-18233	10	10	12	5.0
id-18234	5	9	17	7.0
id-18235	1	2	21	5.2
id-18236	2	2	19	6.9
id-18237	1	2	17	6.6
id-18238	10	14	2	5.6
id-18239	7	12	21	6.9
id-18240	3	2	9	5.3
id-18241	3	4	23	5.3
id-18242	6	11	25	5.8
id-18243	9	2	14	6.4
id-18244	8	5	23	6.0
id-18245	4	2	21	5.9
id-18246	8	13	28	6.8
id-18247	1	2	15	5.6
id-18248	2	4	16	6.8
id-18249	5	8	21	5.9
id-18250	5	9	28	6.7
id-18251	7	2	16	5.4
id-18252	9	16	24	6.7
id-18253	3	5	14	6.9
id-18254	8	3	11	6.6
id-18255	9	17	29	6.9
id-18256	5	9	2	6.2
id-18257	10	8	12	5.4
id-18258	1	2	5	5.1
id-18259	4	5	24	6.0
id-18260	2	4	8	5.8
id-18261	6	5	4	6.0
id-18262	8	14	7	5.3
id-18263	1	2	5	5.5
id-18264	8	4	16	7.0
id-18265	9	8	29	6.5
id-18266	1	2	11	6.0
id-18267	1	2	29	6.0
id-18268	6	11	20	6.0
id-18269	10	20	17	5.2
id-18270	2	4	28	6.2
id-18271	10	8	24	6.6
id-18272	10	6	1	5.7
id-18273	9	6	27	6.3
id-18274	4	3	3	6.9
id-18275	10	2	9	6.1
id-18276	3	2	2	5.5
id-18277	8	10	10	5.8
id-18278	9	11	19	5.8
id-18279	5	3	9	5.4
id-18280	4	6	14	5.5
id-18281	7	10	13	6.5
id-18282	8	5	10	6.4
id-18283	8	15	25	6.3
id-18284	4	8	24	5.8
id-18285	3	6	14	5.7
id-18286	4	2	21	5.4
id-18287	1	2	14	6.3
id-18288	7	14	21	6.2
id-18289	3	6	7	6.9
id-18290	7	9	28	6.3
id-18291	10	6	21	5.5
id-18292	2	3	17	6.3
id-18293	1	2	24	6.8
id-18294	7	12	6	5.5
id-18295	8	16	17	6.3
id-18296	5	5	2	5.3
id-18297	5	6	18	6.1
id-18298	4	2	19	6.8
id-18299	4	5	22	5.4
id-18300	6	3	24	5.3
id-18301	9	18	19	5.9
id-18302	5	10	15	5.8
id-18303	1	2	29	5.9
id-18304	10	13	19	5.4
id-18305	1	2	20	7.0
id-18306	1	2	30	5.1
id-18307	9	6	25	6.7
id-18308	4	2	12	6.7
id-18309	9	17	29	6.1
id-18310	2	4	4	5.0
id-18311	3	3	10	6.3
id-18312	6	7	25	6.7
id-18313	9	5	1	5.3
id-18314	8	2	25	6.0
id-18315	9	17	16	5.8
id-18316	5	5	23	5.2
id-18317	2	4	4	5.5
id-18318	8	3	29	5.3
id-18319	9	9	11	6.2
id-18320	1	2	22	5.4
id-18321	3	4	18	6.4
id-18322	10	6	3	5.5
id-18323	7	10	19	5.9
id-18324	9	15	8	5.4
id-18325	4	3	2	6.0
id-18326	2	3	12	6.7
id-18327	8	13	27	6.4
id-18328	9	3	24	6.5
id-18329	3	4	6	7.0
id-18330	4	7	10	6.0
id-18331	8	2	11	6.0
id-18332	4	2	30	6.9
id-18333	8	13	8	5.9
id-18334	5	7	22	5.7
id-18335	5	4	16	5.8
id-18336	10	13	13	5.2
id-18337	2	2	15	6.3
id-18338	3	2	8	5.3
id-18339	3	4	21	6.1
id-18340	2	4	28	6.4
id-18341	7	9	24	5.8
id-18342	3	3	29	5.3
id-18343	10	4	26	6.9
id-18344	9	15	29	5.1
id-18345	3	2	25	5.9
id-18346	6	3	14	5.7
id-18347	7	10	9	6.0
id-18348	4	3	20	6.9
id-18349	3	4	2	5.9
id-18350	1	2	12	5.4
id-18351	8	15	22	5.8
id-18352	5	2	6	6.6
id-18353	1	2	14	6.6
id-18354	7	13	29	5.3
id-18355	1	2	1	6.1
id-18356	1	2	20	6.1
id-18357	5	4	5	5.8
id-18358	10	14	7	6.8
id-18359	7	11	8	5.9
id-18360	9	16	6	5.0
id-18361	1	2	28	6.2
id-18362	9	12	11	5.4
id-18363	9	18	4	5.7
id-18364	5	3	25	6.4
id-18365	8	4	6	6.5
id-18366	8	4	27	5.5
id-18367	3	3	28	6.0
id-18368	8	13	2	6.9
id-18369	9	18	13	5.8
id-18370	6	9	19	6.4
id-18371	4	5	12	6.9
id-18372	3	2	20	5.5
id-18373	1	2	21	6.3
id-18374	5	8	18	6.2
id-18375	10	12	24	5.7
id-18376	9	9	6	6.6
id-18377	8	10	17	5.0
id-18378	10	7	27	5.5
id-18379	10	13	11	6.9
id-18380	3	5	1	5.7
id-18381	1	2	21	5.7
id-18382	10	2	15	5.4
id-18383	10	7	8	6.1
id-18384	8	3	8	6.9
id-18385	3	6	8	5.9
id-18386	2	3	27	5.5
id-18387	6	12	4	6.1
id-18388	9	12	2	6.8
id-18389	1	2	15	6.0
id-18390	1	2	24	6.4
id-18391	6	3	24	6.5
id-18392	8	10	24	6.2
id-18393	8	5	14	6.0
id-18394	2	2	8	5.6
id-18395	3	6	17	5.7
id-18396	2	4	10	5.7
id-18397	4	7	4	5.6
id-18398	2	3	1	6.9
id-18399	3	6	21	6.1
id-18400	6	11	10	6.0
id-18401	3	5	4	5.3
id-18402	6	12	17	5.4
id-18403	9	4	16	5.9
id-18404	2	3	16	5.6
id-18405	8	16	21	6.0
id-18406	9	16	27	6.2
id-18407	8	15	28	6.0
id-18408	8	10	27	5.5
id-18409	4	7	28	5.7
id-18410	2	3	5	5.2
id-18411	5	9	13	5.5
id-18412	7	8	17	5.3
id-18413	4	6	26	5.7
id-18414	7	4	3	6.2
id-18415	5	7	23	6.8
id-18416	8	15	8	5.4
id-18417	1	2	19	6.6
id-18418	7	4	26	5.5
id-18419	7	13	30	5.1
id-18420	6	4	5	6.5
id-18421	1	2	24	6.5
id-18422	5	4	6	5.1
id-18423	8	9	2	5.4
id-18424	7	7	14	5.3
id-18425	3	4	18	5.8
id-18426	3	6	15	6.1
id-18427	2	2	10	5.1
id-18428	6	9	1	5.1
id-18429	2	3	13	5.8
id-18430	10	5	26	6.7
id-18431	6	5	21	7.0
id-18432	4	7	18	5.7
id-18433	8	5	8	6.7
id-18434	6	10	6	5.2
id-18435	4	2	19	6.1
id-18436	1	2	13	6.8
id-18437	5	4	12	6.5
id-18438	2	3	29	5.1
id-18439	4	4	7	5.3
id-18440	7	8	6	6.4
id-18441	6	12	8	6.1
id-18442	10	19	12	5.1
id-18443	5	4	1	5.2
id-18444	3	2	18	5.6
id-18445	7	8	20	5.1
id-18446	9	18	25	5.4
id-18447	5	2	17	5.2
id-18448	2	3	7	5.1
id-18449	4	6	14	6.3
id-18450	3	4	23	6.9
id-18451	10	13	1	6.9
id-18452	5	6	23	6.2
id-18453	1	2	20	6.7
id-18454	6	5	23	5.9
id-18455	3	2	6	6.7
id-18456	4	2	29	5.8
id-18457	7	5	29	5.9
id-18458	9	4	7	5.0
id-18459	9	10	19	5.0
id-18460	3	4	19	6.6
id-18461	1	2	11	6.3
id-18462	10	5	30	7.0
id-18463	9	9	4	5.4
id-18464	9	10	4	5.1
id-18465	3	5	26	6.2
id-18466	8	16	11	6.1
id-18467	2	4	19	6.1
id-18468	6	3	5	5.0
id-18469	1	2	21	5.5
id-18470	10	8	20	5.8
id-18471	8	14	15	6.4
id-18472	9	2	19	5.4
id-18473	8	5	15	6.1
id-18474	3	5	20	6.3
id-18475	2	2	2	6.7
id-18476	8	4	22	6.4
id-18477	2	3	7	6.0
id-18478	1	2	16	6.8
id-18479	10	2	29	5.1
id-18480	8	10	15	5.3
id-18481	1	2	4	5.2
id-18482	1	2	28	5.7
id-18483	6	3	12	6.1
id-18484	4	5	2	5.1
id-18485	7	7	24	6.5
id-18486	3	3	27	6.9
id-18487	7	13	14	6.3
id-18488	2	3	4	5.4
id-18489	6	3	7	6.2
id-18490	2	2	13	6.1
id-18491	7	3	27	5.8
id-18492	2	4	2	6.0
id-18493	5	2	29	6.4
id-18494	3	6	24	5.1
id-18495	8	2	7	6.1
id-18496	9	17	18	6.4
id-18497	10	12	5	5.8
id-18498	7	4	28	6.1
id-18499	2	2	9	5.5
id-18500	2	4	4	6.6
id-18501	3	3	17	6.2
id-18502	6	12	30	5.6
id-18503	8	5	9	6.9
id-18504	3	4	19	6.9
id-18505	3	4	1	6.6
id-18506	4	4	12	6.2
id-18507	4	4	29	5.5
id-18508	10	2	11	5.0
id-18509	1	2	12	5.7
id-18510	4	5	18	5.6
id-18511	7	7	24	6.6
id-18512	10	11	7	6.0
id-18513	5	4	14	5.8
id-18514	9	11	4	6.0
id-18515	1	2	16	5.4
id-18516	4	4	1	5.5
id-18517	1	2	29	6.2
id-18518	1	2	15	5.6
id-18519	4	5	3	6.2
id-18520	8	16	28	6.6
id-18521	2	3	27	6.9
id-18522	2	2	18	6.4
id-18523	3	5	8	5.1
id-18524	6	10	21	6.4
id-18525	4	2	18	5.1
id-18526	8	11	3	6.7
id-18527	2	2	11	6.3
id-18528	9	5	26	5.8
id-18529	4	3	25	6.3
id-18530	4	3	20	5.2
id-18531	8	6	5	6.8
id-18532	6	6	22	5.6
id-18533	4	8	4	6.8
id-18534	6	8	1	6.6
id-18535	3	3	23	5.2
id-18536	5	10	19	6.9
id-18537	6	11	13	5.6
id-18538	4	5	15	6.4
id-18539	10	13	2	5.4
id-18540	4	2	13	5.6
id-18541	5	2	9	7.0
id-18542	3	2	28	5.6
id-18543	2	3	20	5.1
id-18544	6	12	20	6.4
id-18545	5	8	18	6.5
id-18546	3	4	18	5.4
id-18547	3	2	23	5.6
id-18548	3	2	16	6.2
id-18549	2	2	26	5.7
id-18550	10	6	10	5.7
id-18551	6	9	4	6.1
id-18552	5	10	10	6.1
id-18553	6	9	9	5.4
id-18554	9	18	26	5.6
id-18555	9	7	15	6.7
id-18556	1	2	25	6.8
id-18557	5	10	17	6.4
id-18558	3	6	6	6.8
id-18559	8	16	6	5.1
id-18560	3	3	10	5.6
id-18561	1	2	15	5.8
id-18562	8	6	1	5.1
id-18563	1	2	19	7.0
id-18564	5	4	24	6.9
id-18565	2	2	9	6.6
id-18566	6	3	30	5.1
id-18567	9	17	17	6.3
id-18568	2	2	3	5.4
id-18569	5	5	26	6.5
id-18570	7	8	25	6.0
id-18571	5	8	21	5.8
id-18572	9	8	13	6.5
id-18573	4	3	4	6.0
id-18574	9	15	7	5.7
id-18575	1	2	27	6.1
id-18576	7	11	6	5.5
id-18577	1	2	7	6.4
id-18578	5	5	10	5.5
id-18579	5	2	30	5.7
id-18580	2	2	7	6.6
id-18581	7	14	22	5.2
id-18582	3	5	26	6.6
id-18583	3	3	12	5.6
id-18584	8	15	15	5.2
id-18585	9	17	4	6.9
id-18586	1	2	30	6.4
id-18587	9	13	12	6.9
id-18588	2	3	4	6.9
id-18589	2	3	19	6.2
id-18590	2	4	5	6.4
id-18591	3	5	12	7.0
id-18592	6	7	23	5.9
id-18593	2	3	11	6.2
id-18594	7	13	15	6.6
id-18595	5	7	13	6.9
id-18596	3	3	24	6.7
id-18597	4	4	26	6.9
id-18598	1	2	26	5.6
id-18599	2	4	19	5.4
id-18600	10	16	18	5.3
id-18601	2	3	24	6.0
id-18602	9	17	28	5.2
id-18603	5	2	20	5.5
id-18604	4	8	28	7.0
id-18605	7	13	1	6.2
id-18606	7	9	7	5.5
id-18607	10	14	8	6.5
id-18608	6	9	8	6.4
id-18609	2	4	27	6.8
id-18610	3	6	24	5.8
id-18611	8	3	11	5.3
id-18612	7	8	14	6.6
id-18613	3	2	13	5.9
id-18614	10	5	1	5.5
id-18615	4	6	20	6.4
id-18616	2	4	28	6.4
id-18617	10	13	15	6.5
id-18618	10	4	23	6.9
id-18619	4	5	26	6.8
id-18620	1	2	10	5.3
id-18621	5	10	22	5.6
id-18622	9	13	11	5.9
id-18623	9	13	10	6.4
id-18624	4	7	17	6.9
id-18625	6	9	24	5.6
id-18626	1	2	6	6.5
id-18627	5	10	10	5.6
id-18628	8	12	13	5.2
id-18629	10	17	11	6.7
id-18630	8	14	23	5.5
id-18631	9	16	5	6.1
id-18632	10	20	19	6.5
id-18633	6	9	30	6.1
id-18634	9	17	19	6.0
id-18635	5	6	6	5.7
id-18636	9	3	6	6.2
id-18637	1	2	9	6.3
id-18638	3	4	13	6.1
id-18639	9	5	21	5.9
id-18640	6	12	16	6.6
id-18641	7	13	22	5.1
id-18642	2	3	4	5.1
id-18643	1	2	4	6.5
id-18644	10	5	27	6.5
id-18645	8	16	28	5.3
id-18646	4	7	17	5.3
id-18647	2	2	15	5.6
id-18648	1	2	11	5.4
id-18649	5	8	2	5.7
id-18650	1	2	6	5.3
id-18651	7	6	13	5.0
id-18652	1	2	19	5.8
id-18653	7	14	3	6.4
id-18654	2	2	17	6.1
id-18655	10	15	9	7.0
id-18656	6	6	12	6.0
id-18657	1	2	11	5.7
id-18658	2	3	1	6.4
id-18659	8	15	26	5.8
id-18660	7	9	1	5.1
id-18661	7	2	24	6.2
id-18662	10	7	30	5.2
id-18663	2	3	26	6.7
id-18664	5	8	22	5.9
id-18665	5	10	29	5.0
id-18666	1	2	19	5.1
id-18667	2	4	3	5.4
id-18668	7	8	6	5.7
id-18669	1	2	24	5.9
id-18670	10	7	27	6.1
id-18671	10	4	25	5.2
id-18672	6	8	10	5.9
id-18673	8	3	26	6.5
id-18674	10	13	21	6.0
id-18675	10	10	24	6.0
id-18676	2	4	6	6.5
id-18677	7	14	25	6.9
id-18678	1	2	16	5.4
id-18679	9	5	23	6.5
id-18680	2	4	23	6.5
id-18681	1	2	23	5.2
id-18682	5	3	10	6.8
id-18683	3	5	26	5.7
id-18684	7	11	21	6.9
id-18685	7	8	9	6.0
id-18686	8	9	12	6.8
id-18687	3	4	23	6.0
id-18688	1	2	21	6.2
id-18689	6	4	5	5.4
id-18690	7	5	16	5.6
id-18691	9	13	30	5.7
id-18692	5	4	12	5.8
id-18693	10	2	20	6.6
id-18694	4	4	24	6.7
id-18695	6	10	30	6.1
id-18696	2	3	9	6.8
id-18697	4	5	26	5.7
id-18698	6	8	13	6.2
id-18699	2	2	14	5.3
id-18700	5	8	27	5.9
id-18701	6	8	6	6.7
id-18702	3	2	17	6.5
id-18703	1	2	13	5.2
id-18704	7	7	9	5.1
id-18705	9	10	3	5.7
id-18706	10	14	7	6.2
id-18707	5	9	3	5.9
id-18708	6	7	20	7.0
id-18709	3	5	27	6.9
id-18710	9	13	20	6.4
id-18711	3	6	3	6.5
id-18712	5	4	28	6.2
id-18713	7	8	9	6.7
id-18714	9	7	9	5.9
id-18715	10	18	30	5.3
id-18716	9	13	3	5.9
id-18717	5	5	13	6.8
id-18718	4	6	2	6.4
id-18719	10	5	13	6.4
id-18720	7	8	27	5.3
id-18721	1	2	18	5.1
id-18722	1	2	11	6.8
id-18723	9	12	2	6.9
id-18724	9	18	7	5.6
id-18725	6	5	5	6.8
id-18726	9	11	6	7.0
id-18727	1	2	6	6.2
id-18728	7	8	16	7.0
id-18729	8	4	11	6.6
id-18730	7	14	4	5.2
id-18731	1	2	13	7.0
id-18732	2	3	3	6.0
id-18733	10	12	8	5.2
id-18734	9	3	16	5.9
id-18735	4	8	20	6.9
id-18736	1	2	13	6.5
id-18737	7	11	26	7.0
id-18738	8	12	1	5.6
id-18739	6	11	30	6.8
id-18740	5	6	1	5.6
id-18741	4	8	11	5.5
id-18742	4	5	10	5.1
id-18743	8	9	27	5.6
id-18744	6	6	22	6.0
id-18745	6	10	30	5.7
id-18746	4	2	5	5.1
id-18747	1	2	7	5.7
id-18748	6	9	29	6.1
id-18749	10	10	23	6.5
id-18750	5	6	25	6.4
id-18751	10	7	17	5.1
id-18752	4	4	17	6.3
id-18753	1	2	15	5.6
id-18754	1	2	17	6.5
id-18755	4	6	21	6.3
id-18756	4	7	6	5.4
id-18757	6	5	19	5.5
id-18758	2	2	2	6.6
id-18759	6	12	7	5.6
id-18760	10	19	23	6.7
id-18761	2	2	6	6.4
id-18762	7	2	1	5.0
id-18763	5	4	13	5.8
id-18764	7	12	25	6.1
id-18765	4	3	6	5.4
id-18766	7	2	3	6.3
id-18767	4	7	7	5.8
id-18768	7	4	11	5.1
id-18769	3	4	23	5.1
id-18770	2	4	1	6.8
id-18771	3	2	16	6.3
id-18772	10	19	13	5.5
id-18773	9	15	26	5.7
id-18774	5	4	23	6.0
id-18775	6	5	27	6.7
id-18776	5	5	12	6.8
id-18777	3	3	8	6.2
id-18778	8	16	26	6.7
id-18779	5	9	12	6.1
id-18780	9	9	9	6.5
id-18781	6	5	4	6.3
id-18782	2	2	13	5.2
id-18783	3	3	1	6.6
id-18784	2	2	26	6.4
id-18785	7	3	30	5.9
id-18786	10	15	7	5.8
id-18787	8	13	3	5.4
id-18788	9	18	6	5.1
id-18789	7	2	13	5.9
id-18790	6	5	5	6.2
id-18791	3	6	2	5.8
id-18792	6	3	27	5.7
id-18793	10	10	14	5.7
id-18794	6	10	26	5.4
id-18795	3	4	3	5.9
id-18796	4	2	1	5.1
id-18797	2	4	19	6.0
id-18798	2	4	23	6.2
id-18799	9	12	3	6.0
id-18800	9	15	10	5.6
id-18801	10	12	7	6.8
id-18802	1	2	15	5.8
id-18803	7	5	16	5.3
id-18804	1	2	3	5.0
id-18805	1	2	21	6.1
id-18806	2	4	12	6.4
id-18807	9	13	10	5.8
id-18808	8	15	19	5.8
id-18809	2	4	2	6.1
id-18810	3	4	8	6.7
id-18811	7	11	5	5.7
id-18812	7	10	24	6.6
id-18813	4	5	28	5.3
id-18814	7	10	11	6.0
id-18815	1	2	17	7.0
id-18816	7	8	12	6.8
id-18817	8	11	18	5.9
id-18818	3	3	7	6.4
id-18819	8	2	20	6.8
id-18820	4	2	21	5.4
id-18821	10	16	28	5.6
id-18822	8	16	12	5.4
id-18823	8	7	2	6.8
id-18824	9	15	1	5.7
id-18825	3	5	22	6.6
id-18826	1	2	30	6.3
id-18827	1	2	30	5.1
id-18828	10	2	29	6.5
id-18829	4	7	22	5.4
id-18830	9	4	25	6.9
id-18831	7	12	6	5.9
id-18832	5	2	18	6.9
id-18833	3	2	5	6.0
id-18834	8	8	28	6.9
id-18835	1	2	30	6.7
id-18836	5	10	24	5.8
id-18837	3	6	23	6.3
id-18838	6	4	29	7.0
id-18839	3	6	21	5.8
id-18840	2	4	10	6.2
id-18841	4	3	28	5.1
id-18842	4	5	11	6.7
id-18843	8	5	26	6.5
id-18844	1	2	23	6.6
id-18845	1	2	18	6.2
id-18846	8	13	17	5.3
id-18847	7	9	24	6.7
id-18848	6	4	19	5.2
id-18849	7	6	10	5.2
id-18850	3	6	1	5.1
id-18851	1	2	8	6.3
id-18852	7	4	13	5.8
id-18853	10	14	8	6.2
id-18854	7	3	10	5.2
id-18855	5	7	23	5.6
id-18856	3	5	22	5.4
id-18857	6	9	11	5.9
id-18858	2	4	1	6.6
id-18859	6	2	4	5.6
id-18860	7	2	15	5.9
id-18861	6	4	14	5.8
id-18862	2	3	17	7.0
id-18863	2	2	5	6.5
id-18864	6	10	9	6.8
id-18865	10	14	14	6.0
id-18866	7	12	25	6.7
id-18867	3	5	26	6.6
id-18868	1	2	23	5.3
id-18869	8	12	27	7.0
id-18870	7	11	9	6.3
id-18871	8	13	28	6.5
id-18872	8	4	5	5.7
id-18873	1	2	4	5.3
id-18874	5	6	3	6.4
id-18875	9	5	6	6.9
id-18876	1	2	1	5.7
id-18877	9	11	10	6.1
id-18878	10	14	13	6.3
id-18879	1	2	5	5.4
id-18880	7	14	4	6.0
id-18881	1	2	12	5.3
id-18882	2	3	8	5.4
id-18883	4	2	14	5.6
id-18884	5	4	27	6.5
id-18885	8	10	1	5.0
id-18886	8	12	30	6.7
id-18887	2	3	7	5.7
id-18888	4	7	7	6.0
id-18889	1	2	21	6.3
id-18890	8	14	3	5.7
id-18891	10	7	13	5.7
id-18892	3	3	28	6.7
id-18893	5	7	11	5.9
id-18894	4	4	4	5.5
id-18895	9	17	23	6.8
id-18896	7	4	6	5.9
id-18897	3	4	21	6.8
id-18898	8	3	3	6.2
id-18899	1	2	30	5.5
id-18900	9	3	25	5.8
id-18901	5	6	13	6.3
id-18902	7	2	3	5.5
id-18903	7	8	19	5.7
id-18904	10	10	29	6.2
id-18905	1	2	2	6.1
id-18906	6	2	12	6.4
id-18907	7	9	9	5.5
id-18908	9	8	18	6.0
id-18909	8	7	20	5.9
id-18910	4	3	4	5.2
id-18911	6	11	8	6.1
id-18912	5	9	23	6.9
id-18913	1	2	10	5.8
id-18914	8	3	19	6.8
id-18915	1	2	26	6.9
id-18916	4	3	5	5.6
id-18917	3	6	25	7.0
id-18918	7	8	17	5.2
id-18919	7	8	15	6.6
id-18920	1	2	11	6.9
id-18921	1	2	14	6.8
id-18922	6	2	30	6.9
id-18923	8	4	11	5.7
id-18924	7	4	7	5.1
id-18925	8	12	19	5.4
id-18926	3	6	6	5.7
id-18927	5	4	14	5.5
id-18928	6	5	30	5.8
id-18929	4	2	4	5.5
id-18930	6	6	12	6.5
id-18931	1	2	3	7.0
id-18932	10	18	19	5.2
id-18933	9	8	5	6.5
id-18934	2	4	17	6.3
id-18935	7	2	1	5.2
id-18936	4	8	8	7.0
id-18937	8	14	27	5.9
id-18938	8	14	29	6.2
id-18939	8	14	14	5.4
id-18940	3	5	12	6.7
id-18941	9	18	22	6.8
id-18942	8	11	21	5.6
id-18943	1	2	20	5.3
id-18944	9	15	4	6.2
id-18945	4	6	26	6.0
id-18946	7	13	10	5.5
id-18947	8	9	17	5.2
id-18948	8	8	10	5.2
id-18949	7	5	13	6.5
id-18950	4	4	3	6.3
id-18951	3	6	21	5.1
id-18952	1	2	12	5.1
id-18953	3	2	28	5.3
id-18954	4	4	19	6.9
id-18955	6	7	27	6.9
id-18956	2	4	3	5.1
id-18957	10	2	20	5.1
id-18958	7	12	12	5.3
id-18959	2	2	26	7.0
id-18960	8	9	2	6.7
id-18961	4	3	26	5.1
id-18962	10	2	9	6.2
id-18963	5	2	24	6.4
id-18964	4	5	27	6.9
id-18965	10	17	3	5.8
id-18966	1	2	28	6.5
id-18967	6	5	25	5.1
id-18968	4	3	16	6.6
id-18969	10	6	13	6.5
id-18970	4	6	30	6.3
id-18971	3	2	14	6.3
id-18972	3	4	4	5.9
id-18973	4	7	25	5.4
id-18974	4	6	8	6.8
id-18975	2	2	15	5.9
id-18976	7	7	1	6.5
id-18977	5	3	9	6.6
id-18978	2	4	16	5.3
id-18979	10	18	11	5.3
id-18980	3	4	6	5.5
id-18981	4	7	10	6.6
id-18982	2	4	11	5.3
id-18983	2	3	12	6.7
id-18984	9	8	9	6.4
id-18985	10	19	18	6.8
id-18986	10	13	25	5.0
id-18987	2	2	5	5.4
id-18988	8	10	17	5.9
id-18989	6	7	9	5.2
id-18990	9	13	3	6.6
id-18991	9	18	9	6.8
id-18992	2	3	27	5.5
id-18993	2	2	3	5.1
id-18994	10	18	29	5.8
id-18995	8	9	3	5.7
id-18996	4	2	22	6.5
id-18997	8	8	4	6.8
id-18998	9	7	12	6.4
id-18999	8	16	2	5.3
id-19000	1	2	7	5.5
id-19001	8	12	21	5.5
id-19002	8	8	4	6.1
id-19003	10	14	8	6.6
id-19004	5	6	14	6.8
id-19005	3	2	19	6.3
id-19006	7	9	8	6.7
id-19007	3	6	22	5.4
id-19008	2	4	20	5.3
id-19009	6	6	28	5.1
id-19010	4	7	26	5.1
id-19011	8	12	23	5.9
id-19012	4	2	4	5.6
id-19013	7	7	4	5.2
id-19014	2	3	5	6.2
id-19015	8	9	11	6.0
id-19016	6	3	26	5.2
id-19017	4	4	27	5.6
id-19018	5	6	22	5.3
id-19019	3	2	10	5.7
id-19020	7	14	16	6.4
id-19021	4	8	8	5.6
id-19022	2	4	29	5.1
id-19023	4	6	18	5.8
id-19024	7	2	17	5.0
id-19025	8	15	22	5.3
id-19026	2	2	13	5.3
id-19027	4	3	27	6.6
id-19028	6	9	1	5.6
id-19029	8	8	22	6.0
id-19030	5	9	26	5.4
id-19031	7	14	19	6.7
id-19032	5	10	7	5.1
id-19033	5	9	10	5.1
id-19034	3	2	24	5.3
id-19035	7	2	9	6.8
id-19036	6	8	26	5.4
id-19037	6	3	7	6.6
id-19038	5	6	9	6.7
id-19039	10	7	23	6.6
id-19040	3	2	19	6.2
id-19041	3	2	1	5.3
id-19042	7	9	23	6.4
id-19043	8	14	29	5.0
id-19044	6	6	15	5.4
id-19045	7	12	16	5.8
id-19046	7	4	13	5.6
id-19047	3	5	28	6.3
id-19048	5	9	26	6.2
id-19049	6	10	18	5.5
id-19050	10	18	25	6.2
id-19051	4	5	13	6.4
id-19052	9	2	24	5.2
id-19053	1	2	10	6.2
id-19054	10	20	1	6.7
id-19055	5	6	15	5.9
id-19056	9	18	21	5.9
id-19057	10	9	4	6.2
id-19058	1	2	10	6.9
id-19059	10	8	21	5.6
id-19060	10	4	25	5.3
id-19061	6	8	12	5.9
id-19062	10	3	20	6.9
id-19063	7	5	3	6.1
id-19064	8	12	12	6.7
id-19065	7	6	4	6.4
id-19066	7	10	27	6.9
id-19067	5	5	25	5.3
id-19068	1	2	24	5.7
id-19069	8	3	28	6.7
id-19070	7	14	23	5.4
id-19071	10	3	3	6.6
id-19072	3	4	23	6.1
id-19073	3	5	29	5.2
id-19074	7	5	4	6.7
id-19075	6	10	14	6.1
id-19076	3	4	3	6.9
id-19077	7	14	18	6.6
id-19078	2	4	5	6.8
id-19079	8	2	29	5.1
id-19080	6	6	29	6.2
id-19081	10	2	24	6.2
id-19082	5	6	13	5.4
id-19083	5	4	19	6.5
id-19084	2	3	13	6.7
id-19085	7	2	3	6.2
id-19086	4	3	16	5.4
id-19087	2	3	8	6.6
id-19088	3	5	14	5.5
id-19089	10	16	26	6.5
id-19090	6	9	14	5.8
id-19091	2	3	13	5.6
id-19092	10	3	2	5.6
id-19093	7	8	30	6.2
id-19094	10	7	10	6.8
id-19095	8	10	23	6.9
id-19096	7	11	20	6.8
id-19097	6	10	30	6.8
id-19098	7	10	5	5.9
id-19099	8	15	29	5.8
id-19100	2	4	11	5.8
id-19101	8	14	22	5.8
id-19102	4	8	8	5.2
id-19103	3	2	12	6.3
id-19104	10	15	13	5.4
id-19105	8	15	16	6.7
id-19106	10	15	17	6.2
id-19107	6	4	30	5.6
id-19108	3	4	23	6.4
id-19109	2	2	2	7.0
id-19110	7	11	27	5.9
id-19111	9	4	30	6.5
id-19112	10	16	7	5.9
id-19113	4	5	20	7.0
id-19114	4	7	4	6.6
id-19115	2	2	26	6.3
id-19116	4	2	11	5.2
id-19117	7	11	16	5.2
id-19118	7	14	1	7.0
id-19119	1	2	20	6.7
id-19120	4	5	21	5.9
id-19121	10	5	21	6.2
id-19122	7	2	22	5.3
id-19123	6	9	26	6.0
id-19124	10	9	17	5.0
id-19125	4	3	11	6.6
id-19126	6	12	21	6.2
id-19127	8	11	7	6.0
id-19128	2	3	5	6.7
id-19129	2	3	4	6.2
id-19130	3	3	28	5.6
id-19131	6	2	22	5.3
id-19132	4	5	15	6.2
id-19133	3	5	6	5.1
id-19134	6	10	9	6.0
id-19135	9	4	8	5.3
id-19136	8	3	20	6.6
id-19137	8	12	20	6.2
id-19138	2	3	20	6.1
id-19139	10	2	23	6.2
id-19140	8	13	24	6.8
id-19141	6	9	6	6.2
id-19142	10	18	3	6.1
id-19143	7	14	13	5.5
id-19144	2	4	15	5.9
id-19145	2	4	9	6.1
id-19146	7	4	26	6.9
id-19147	2	2	5	6.6
id-19148	5	9	23	5.9
id-19149	6	11	23	5.2
id-19150	6	7	24	5.4
id-19151	8	8	1	5.5
id-19152	8	10	8	6.4
id-19153	1	2	3	5.0
id-19154	5	2	25	5.5
id-19155	1	2	29	6.0
id-19156	9	18	2	6.4
id-19157	4	4	20	5.5
id-19158	7	7	9	6.2
id-19159	9	10	8	6.6
id-19160	4	6	9	5.3
id-19161	8	16	18	5.9
id-19162	10	3	19	6.3
id-19163	1	2	5	5.5
id-19164	6	5	5	6.3
id-19165	4	5	26	5.5
id-19166	8	4	21	5.3
id-19167	4	7	10	6.9
id-19168	8	3	23	6.6
id-19169	10	5	28	6.6
id-19170	9	2	16	6.4
id-19171	9	8	26	6.8
id-19172	6	11	21	5.8
id-19173	9	17	2	5.8
id-19174	3	2	4	5.0
id-19175	10	6	12	6.7
id-19176	7	7	3	6.9
id-19177	9	13	14	6.2
id-19178	7	7	6	6.1
id-19179	7	4	20	6.3
id-19180	2	3	17	6.3
id-19181	9	6	7	6.3
id-19182	6	4	14	6.4
id-19183	8	7	16	5.2
id-19184	4	6	13	6.2
id-19185	10	8	7	6.9
id-19186	9	17	5	7.0
id-19187	3	3	8	6.7
id-19188	7	4	27	6.3
id-19189	7	6	21	5.6
id-19190	4	3	29	6.1
id-19191	6	6	9	6.7
id-19192	9	17	6	6.4
id-19193	3	4	15	5.7
id-19194	7	4	7	5.8
id-19195	3	3	18	6.1
id-19196	10	6	24	5.1
id-19197	9	4	23	6.4
id-19198	6	12	14	6.2
id-19199	2	4	20	6.1
id-19200	1	2	21	5.6
id-19201	7	13	18	6.5
id-19202	6	7	20	6.7
id-19203	7	9	18	5.9
id-19204	3	2	8	6.5
id-19205	9	7	12	5.3
id-19206	6	3	14	5.9
id-19207	2	3	15	5.7
id-19208	5	9	22	6.4
id-19209	5	4	19	7.0
id-19210	3	5	30	6.4
id-19211	5	2	16	5.6
id-19212	2	4	2	6.1
id-19213	7	6	7	6.3
id-19214	9	16	3	6.3
id-19215	5	5	18	6.2
id-19216	10	16	29	5.4
id-19217	6	6	6	6.6
id-19218	10	15	25	5.1
id-19219	7	9	2	6.8
id-19220	1	2	16	5.3
id-19221	3	5	3	6.2
id-19222	8	8	26	5.8
id-19223	4	8	18	6.3
id-19224	5	9	11	6.7
id-19225	10	20	17	5.7
id-19226	6	5	17	5.7
id-19227	7	2	12	6.6
id-19228	3	6	28	5.7
id-19229	7	9	28	6.4
id-19230	6	8	3	5.4
id-19231	7	11	28	5.7
id-19232	1	2	9	6.8
id-19233	10	9	12	5.0
id-19234	9	13	28	5.7
id-19235	5	6	18	7.0
id-19236	2	4	13	5.9
id-19237	4	2	12	5.6
id-19238	5	9	20	5.4
id-19239	3	2	29	6.8
id-19240	5	9	14	5.3
id-19241	9	14	19	6.7
id-19242	6	7	27	6.2
id-19243	4	8	1	6.4
id-19244	1	2	10	6.5
id-19245	4	2	13	7.0
id-19246	5	3	21	6.1
id-19247	4	8	4	6.6
id-19248	7	4	21	5.9
id-19249	8	3	7	5.2
id-19250	6	12	16	6.6
id-19251	8	9	8	5.9
id-19252	2	4	6	5.2
id-19253	6	8	5	6.6
id-19254	8	2	9	5.6
id-19255	4	3	18	6.9
id-19256	6	6	29	5.9
id-19257	6	3	26	6.8
id-19258	7	2	13	6.0
id-19259	9	9	30	6.9
id-19260	2	2	1	6.3
id-19261	6	3	25	6.2
id-19262	6	7	15	6.8
id-19263	10	5	17	6.4
id-19264	7	4	7	5.8
id-19265	7	5	28	5.7
id-19266	7	9	10	6.7
id-19267	2	3	6	6.3
id-19268	4	8	23	5.8
id-19269	3	2	18	5.7
id-19270	8	5	21	5.1
id-19271	4	3	9	5.3
id-19272	10	17	18	6.5
id-19273	8	12	15	6.8
id-19274	2	3	22	5.9
id-19275	5	2	7	5.9
id-19276	1	2	6	6.8
id-19277	9	3	11	5.1
id-19278	4	5	6	6.1
id-19279	2	4	3	6.5
id-19280	6	12	25	6.6
id-19281	5	2	30	7.0
id-19282	5	3	15	5.5
id-19283	7	12	5	6.3
id-19284	7	12	20	5.9
id-19285	7	10	18	6.3
id-19286	5	7	8	5.7
id-19287	6	11	9	6.1
id-19288	5	5	18	6.2
id-19289	8	14	2	5.3
id-19290	7	9	14	6.1
id-19291	9	12	26	6.2
id-19292	3	6	2	6.8
id-19293	1	2	18	5.7
id-19294	8	11	26	5.2
id-19295	5	2	22	6.0
id-19296	6	7	4	6.5
id-19297	6	9	25	5.5
id-19298	2	3	5	6.2
id-19299	7	9	9	5.1
id-19300	3	5	17	6.6
id-19301	10	20	1	6.0
id-19302	5	7	5	6.6
id-19303	7	9	5	5.9
id-19304	7	12	3	6.5
id-19305	10	6	8	5.8
id-19306	8	11	16	6.0
id-19307	4	2	5	5.4
id-19308	6	7	24	5.7
id-19309	7	14	27	6.2
id-19310	5	2	17	6.3
id-19311	5	8	16	5.6
id-19312	2	2	28	6.4
id-19313	9	8	20	5.0
id-19314	1	2	9	5.6
id-19315	9	8	4	6.9
id-19316	7	4	4	5.2
id-19317	2	2	25	6.4
id-19318	4	3	16	5.6
id-19319	3	3	10	5.3
id-19320	7	2	5	6.9
id-19321	2	3	23	5.5
id-19322	9	11	25	6.5
id-19323	9	17	6	5.7
id-19324	6	5	10	5.0
id-19325	2	4	4	6.0
id-19326	7	13	22	6.1
id-19327	3	5	14	7.0
id-19328	6	2	4	5.5
id-19329	7	9	29	5.3
id-19330	8	10	21	5.5
id-19331	6	2	6	5.2
id-19332	8	6	18	6.4
id-19333	3	3	11	6.5
id-19334	4	6	30	6.5
id-19335	5	2	30	5.6
id-19336	8	3	4	5.3
id-19337	10	13	1	5.6
id-19338	8	9	4	6.9
id-19339	3	4	16	5.6
id-19340	7	3	10	6.7
id-19341	10	14	23	6.4
id-19342	4	7	29	6.8
id-19343	7	14	8	6.8
id-19344	10	4	11	6.9
id-19345	7	12	8	6.0
id-19346	5	9	6	6.0
id-19347	1	2	8	6.7
id-19348	8	9	24	5.4
id-19349	2	4	9	6.1
id-19350	5	10	22	6.1
id-19351	2	3	26	6.2
id-19352	9	11	21	6.2
id-19353	6	11	27	6.1
id-19354	3	5	20	6.8
id-19355	1	2	12	5.6
id-19356	7	11	4	6.5
id-19357	3	2	17	6.0
id-19358	10	2	11	6.9
id-19359	3	4	21	5.3
id-19360	10	5	21	5.6
id-19361	2	2	7	5.4
id-19362	3	6	19	6.6
id-19363	6	5	23	6.0
id-19364	8	15	28	5.7
id-19365	1	2	23	5.9
id-19366	7	11	26	5.0
id-19367	3	3	26	7.0
id-19368	4	8	8	6.1
id-19369	4	5	4	6.6
id-19370	10	3	9	5.2
id-19371	9	15	11	5.3
id-19372	7	12	2	6.0
id-19373	9	8	16	6.2
id-19374	4	7	25	6.8
id-19375	9	7	8	5.1
id-19376	9	17	4	6.1
id-19377	10	10	23	6.2
id-19378	5	9	13	6.6
id-19379	1	2	12	5.9
id-19380	7	9	7	5.6
id-19381	6	8	3	6.1
id-19382	1	2	17	6.7
id-19383	2	2	5	5.1
id-19384	3	5	27	5.9
id-19385	9	7	29	6.9
id-19386	2	4	3	6.6
id-19387	4	5	26	5.0
id-19388	10	2	23	6.4
id-19389	5	3	23	6.5
id-19390	10	15	26	6.6
id-19391	1	2	7	5.3
id-19392	7	9	28	6.3
id-19393	10	17	23	6.0
id-19394	1	2	1	6.4
id-19395	10	13	1	5.8
id-19396	4	7	7	6.2
id-19397	2	4	4	6.7
id-19398	4	6	10	6.2
id-19399	5	4	8	5.3
id-19400	9	13	26	6.9
id-19401	4	4	24	5.9
id-19402	5	8	15	5.1
id-19403	9	16	22	5.0
id-19404	8	4	29	5.7
id-19405	4	3	2	5.1
id-19406	4	3	8	6.3
id-19407	3	2	6	5.1
id-19408	10	9	8	5.9
id-19409	7	6	20	6.8
id-19410	5	3	22	6.6
id-19411	3	3	7	6.7
id-19412	9	14	28	5.1
id-19413	5	7	11	6.5
id-19414	1	2	11	6.1
id-19415	1	2	12	5.6
id-19416	8	16	2	6.2
id-19417	5	5	19	5.0
id-19418	8	11	3	6.3
id-19419	1	2	1	6.4
id-19420	5	9	2	6.6
id-19421	6	3	6	5.3
id-19422	7	8	7	5.4
id-19423	3	5	27	5.7
id-19424	4	2	12	6.8
id-19425	2	3	19	6.4
id-19426	2	2	18	6.4
id-19427	5	7	2	5.8
id-19428	2	4	29	6.5
id-19429	2	3	1	6.2
id-19430	10	10	24	6.8
id-19431	1	2	18	5.5
id-19432	2	3	16	6.6
id-19433	6	10	18	5.6
id-19434	5	6	22	5.6
id-19435	3	2	25	6.9
id-19436	6	12	13	6.0
id-19437	2	3	17	6.7
id-19438	2	2	26	6.9
id-19439	4	4	1	5.7
id-19440	7	13	13	5.5
id-19441	2	2	16	6.1
id-19442	8	4	14	6.0
id-19443	6	9	15	6.8
id-19444	5	7	19	5.5
id-19445	10	19	7	6.2
id-19446	3	3	6	5.2
id-19447	10	20	4	6.5
id-19448	7	14	23	5.9
id-19449	1	2	4	6.7
id-19450	4	6	8	5.6
id-19451	7	4	9	5.8
id-19452	5	6	29	7.0
id-19453	10	18	6	6.6
id-19454	7	9	15	6.4
id-19455	4	5	14	5.6
id-19456	7	10	10	6.1
id-19457	7	11	29	5.3
id-19458	10	10	1	6.9
id-19459	6	5	29	6.9
id-19460	6	2	3	5.4
id-19461	9	3	24	6.5
id-19462	2	3	20	6.8
id-19463	7	8	6	6.1
id-19464	1	2	5	5.6
id-19465	4	4	18	5.6
id-19466	10	7	15	6.1
id-19467	2	3	26	5.1
id-19468	3	2	25	6.3
id-19469	9	4	2	7.0
id-19470	7	5	9	5.9
id-19471	10	4	15	6.3
id-19472	1	2	23	6.6
id-19473	8	10	26	6.8
id-19474	7	9	11	5.0
id-19475	2	4	9	6.6
id-19476	1	2	29	5.4
id-19477	4	8	20	5.4
id-19478	6	2	10	6.1
id-19479	10	6	12	7.0
id-19480	2	4	29	6.8
id-19481	3	5	12	6.8
id-19482	7	10	16	6.1
id-19483	5	6	9	5.0
id-19484	2	3	25	6.1
id-19485	3	5	25	6.1
id-19486	7	14	1	5.2
id-19487	9	2	23	5.2
id-19488	9	14	24	5.5
id-19489	9	13	13	5.2
id-19490	5	4	10	5.3
id-19491	3	6	11	5.8
id-19492	8	4	23	6.1
id-19493	7	6	7	6.8
id-19494	2	2	26	5.6
id-19495	7	5	19	5.1
id-19496	5	4	23	6.2
id-19497	7	3	19	6.4
id-19498	8	16	23	6.9
id-19499	1	2	4	6.4
id-19500	5	3	4	7.0
id-19501	6	11	5	5.0
id-19502	5	4	28	6.0
id-19503	5	4	16	6.1
id-19504	2	3	20	6.5
id-19505	6	10	13	5.0
id-19506	1	2	7	6.4
id-19507	6	8	16	6.3
id-19508	4	6	10	5.5
id-19509	3	6	21	5.6
id-19510	8	10	28	6.8
id-19511	2	2	8	6.4
id-19512	3	4	30	6.8
id-19513	5	5	15	6.1
id-19514	2	3	15	5.8
id-19515	8	5	1	6.0
id-19516	5	2	22	5.9
id-19517	4	4	4	5.1
id-19518	3	2	11	5.6
id-19519	4	3	11	5.8
id-19520	2	4	10	6.0
id-19521	5	10	18	5.3
id-19522	3	4	5	6.5
id-19523	9	12	15	5.0
id-19524	5	9	29	5.1
id-19525	6	7	27	5.5
id-19526	1	2	4	5.6
id-19527	2	2	11	6.6
id-19528	1	2	23	6.1
id-19529	10	10	12	6.9
id-19530	6	12	15	5.1
id-19531	3	4	9	6.0
id-19532	1	2	17	6.0
id-19533	4	7	2	5.8
id-19534	4	5	5	5.0
id-19535	9	11	16	6.3
id-19536	2	3	17	6.4
id-19537	3	5	7	5.3
id-19538	9	9	8	5.1
id-19539	9	15	24	5.1
id-19540	8	12	30	5.7
id-19541	7	7	5	5.7
id-19542	4	8	17	6.2
id-19543	9	8	8	5.9
id-19544	4	8	4	5.1
id-19545	1	2	3	5.8
id-19546	4	8	10	5.2
id-19547	7	9	29	6.6
id-19548	7	5	10	7.0
id-19549	6	3	10	7.0
id-19550	10	12	9	5.3
id-19551	10	18	18	5.6
id-19552	6	3	19	6.5
id-19553	10	4	23	6.5
id-19554	3	3	25	5.8
id-19555	6	6	28	6.2
id-19556	8	8	27	5.3
id-19557	3	5	13	6.1
id-19558	9	2	24	6.6
id-19559	5	8	10	6.8
id-19560	3	6	3	5.7
id-19561	9	8	15	6.0
id-19562	10	19	28	5.2
id-19563	6	12	30	6.9
id-19564	5	5	16	5.1
id-19565	7	4	30	6.8
id-19566	6	10	7	6.2
id-19567	6	7	25	5.4
id-19568	4	2	10	6.3
id-19569	5	5	15	6.5
id-19570	8	10	11	5.7
id-19571	8	7	21	5.7
id-19572	5	2	29	6.6
id-19573	6	3	2	5.3
id-19574	10	3	26	5.2
id-19575	9	18	1	6.6
id-19576	5	8	13	5.9
id-19577	9	6	23	5.9
id-19578	3	4	2	6.6
id-19579	4	7	14	6.2
id-19580	6	2	23	6.1
id-19581	5	9	29	5.7
id-19582	7	5	11	5.8
id-19583	1	2	25	6.9
id-19584	7	11	23	6.1
id-19585	6	3	14	5.6
id-19586	3	5	2	6.0
id-19587	1	2	11	6.9
id-19588	10	15	20	5.9
id-19589	4	3	17	5.2
id-19590	6	7	23	6.6
id-19591	9	6	11	5.9
id-19592	3	2	25	5.5
id-19593	4	3	19	5.3
id-19594	2	4	27	6.0
id-19595	9	13	9	5.1
id-19596	10	3	13	5.7
id-19597	7	6	9	6.4
id-19598	2	3	2	5.7
id-19599	9	6	15	6.2
id-19600	7	9	2	6.9
id-19601	7	9	11	5.1
id-19602	9	18	15	6.2
id-19603	6	4	1	6.7
id-19604	3	5	14	5.1
id-19605	6	5	30	6.6
id-19606	1	2	20	5.1
id-19607	3	6	7	5.2
id-19608	2	3	24	5.2
id-19609	2	4	7	6.0
id-19610	5	2	5	5.1
id-19611	7	5	12	6.8
id-19612	2	4	15	6.7
id-19613	6	6	5	6.1
id-19614	1	2	15	6.3
id-19615	4	5	27	6.1
id-19616	1	2	8	6.5
id-19617	5	2	13	5.2
id-19618	8	4	24	6.7
id-19619	4	5	28	6.7
id-19620	4	4	27	5.5
id-19621	4	7	6	5.4
id-19622	8	11	19	5.8
id-19623	10	20	18	5.7
id-19624	7	9	21	5.6
id-19625	7	7	13	6.9
id-19626	7	3	16	6.3
id-19627	8	10	6	6.2
id-19628	1	2	2	6.2
id-19629	4	4	24	6.4
id-19630	7	8	21	6.4
id-19631	8	3	10	5.9
id-19632	1	2	26	6.1
id-19633	10	16	17	5.9
id-19634	3	3	23	5.1
id-19635	7	12	24	5.5
id-19636	8	13	18	5.7
id-19637	4	8	1	5.9
id-19638	3	5	7	6.9
id-19639	1	2	11	6.7
id-19640	6	7	8	5.5
id-19641	10	8	5	5.3
id-19642	7	12	27	6.0
id-19643	3	4	26	5.3
id-19644	7	13	4	5.2
id-19645	3	6	19	5.2
id-19646	5	9	13	6.7
id-19647	6	2	22	5.7
id-19648	1	2	1	6.1
id-19649	7	3	28	6.2
id-19650	2	4	24	5.4
id-19651	7	11	5	5.5
id-19652	2	2	1	5.4
id-19653	1	2	23	5.0
id-19654	2	4	6	5.8
id-19655	7	10	2	5.1
id-19656	7	9	4	6.6
id-19657	2	2	2	6.7
id-19658	5	8	5	6.7
id-19659	10	14	24	6.0
id-19660	4	2	3	5.1
id-19661	8	14	2	6.1
id-19662	2	4	5	6.4
id-19663	6	8	29	6.3
id-19664	3	5	9	5.5
id-19665	8	5	22	6.1
id-19666	8	7	13	6.3
id-19667	6	12	30	6.2
id-19668	4	7	25	5.3
id-19669	9	18	18	5.5
id-19670	9	11	12	6.1
id-19671	2	2	14	6.4
id-19672	3	5	6	6.5
id-19673	7	7	10	5.5
id-19674	6	6	2	6.2
id-19675	9	13	4	5.2
id-19676	6	7	15	5.3
id-19677	10	8	19	6.3
id-19678	10	7	28	5.1
id-19679	5	10	6	6.2
id-19680	9	16	1	6.7
id-19681	1	2	30	6.2
id-19682	8	15	20	5.5
id-19683	6	9	27	5.1
id-19684	9	14	23	5.5
id-19685	5	2	29	6.8
id-19686	10	2	25	5.9
id-19687	1	2	20	5.2
id-19688	6	12	5	5.6
id-19689	10	18	16	6.6
id-19690	4	4	14	5.3
id-19691	6	8	2	5.1
id-19692	2	4	11	5.5
id-19693	3	4	23	6.4
id-19694	7	10	22	7.0
id-19695	3	3	1	5.4
id-19696	9	15	24	6.3
id-19697	7	6	28	5.3
id-19698	9	9	6	5.1
id-19699	10	15	30	5.0
id-19700	3	4	24	5.1
id-19701	2	4	5	6.4
id-19702	6	9	7	5.5
id-19703	4	7	17	5.1
id-19704	2	4	4	5.5
id-19705	1	2	21	6.2
id-19706	8	4	28	5.8
id-19707	7	7	15	6.9
id-19708	2	3	17	6.4
id-19709	10	5	3	5.0
id-19710	3	2	30	5.0
id-19711	8	3	16	6.2
id-19712	5	4	11	7.0
id-19713	10	18	5	6.1
id-19714	5	10	13	5.7
id-19715	1	2	8	6.8
id-19716	6	3	20	5.4
id-19717	9	16	3	5.5
id-19718	7	10	16	5.2
id-19719	6	8	28	6.9
id-19720	7	10	25	6.8
id-19721	4	5	21	6.3
id-19722	9	5	21	5.4
id-19723	5	5	27	6.0
id-19724	10	13	16	6.7
id-19725	7	6	4	6.0
id-19726	1	2	29	5.5
id-19727	1	2	27	5.7
id-19728	6	5	7	6.5
id-19729	7	13	26	5.8
id-19730	10	19	1	6.9
id-19731	8	11	11	6.8
id-19732	1	2	7	6.1
id-19733	7	5	5	6.6
id-19734	5	7	13	6.9
id-19735	6	5	30	5.2
id-19736	5	9	1	5.4
id-19737	3	6	19	5.4
id-19738	5	7	2	5.5
id-19739	4	4	8	6.1
id-19740	1	2	7	6.6
id-19741	9	5	12	6.9
id-19742	1	2	18	6.8
id-19743	5	4	16	5.7
id-19744	1	2	11	6.8
id-19745	4	5	10	5.1
id-19746	5	8	12	6.6
id-19747	3	3	9	5.3
id-19748	7	9	16	6.2
id-19749	10	4	19	5.1
id-19750	4	8	3	5.9
id-19751	10	18	15	6.8
id-19752	5	8	19	6.8
id-19753	6	12	15	6.6
id-19754	8	13	25	6.1
id-19755	4	5	29	6.7
id-19756	10	16	25	6.8
id-19757	3	3	28	5.1
id-19758	10	8	26	5.7
id-19759	3	5	2	5.1
id-19760	1	2	12	5.7
id-19761	2	4	26	6.0
id-19762	6	4	29	6.9
id-19763	5	9	18	5.3
id-19764	5	3	4	6.4
id-19765	4	5	21	6.6
id-19766	1	2	1	6.9
id-19767	4	5	18	5.3
id-19768	9	15	19	5.9
id-19769	5	5	12	6.6
id-19770	5	4	8	6.4
id-19771	7	2	17	6.5
id-19772	2	2	1	5.7
id-19773	3	3	4	5.7
id-19774	3	5	3	5.4
id-19775	8	9	10	5.9
id-19776	3	3	23	5.3
id-19777	1	2	20	6.4
id-19778	5	3	25	5.2
id-19779	4	2	7	5.9
id-19780	7	2	22	5.2
id-19781	6	6	18	6.7
id-19782	6	9	1	6.2
id-19783	3	2	26	6.5
id-19784	8	4	10	6.1
id-19785	4	8	27	5.9
id-19786	10	6	13	6.4
id-19787	2	4	19	6.0
id-19788	1	2	12	5.9
id-19789	7	13	23	6.6
id-19790	3	4	9	6.4
id-19791	1	2	13	5.8
id-19792	6	11	12	6.7
id-19793	10	12	6	5.7
id-19794	2	4	14	6.0
id-19795	6	3	8	6.1
id-19796	6	2	11	5.6
id-19797	7	12	16	6.5
id-19798	2	2	6	6.7
id-19799	7	11	29	6.2
id-19800	5	9	26	5.3
id-19801	10	20	6	6.5
id-19802	9	17	15	5.7
id-19803	6	11	27	5.9
id-19804	7	8	5	5.3
id-19805	2	4	19	6.6
id-19806	8	13	1	6.7
id-19807	5	2	29	6.9
id-19808	3	5	16	5.7
id-19809	1	2	21	5.2
id-19810	3	2	7	5.2
id-19811	1	2	17	5.1
id-19812	5	7	11	5.4
id-19813	5	9	26	5.4
id-19814	5	8	7	6.7
id-19815	5	8	1	6.3
id-19816	4	8	25	6.8
id-19817	7	8	1	5.2
id-19818	8	4	24	6.3
id-19819	9	16	15	6.5
id-19820	5	8	16	6.8
id-19821	4	4	20	6.7
id-19822	1	2	1	6.8
id-19823	4	3	27	6.4
id-19824	7	6	12	6.2
id-19825	5	2	16	6.9
id-19826	2	3	10	6.4
id-19827	2	3	17	6.0
id-19828	10	16	21	5.5
id-19829	8	9	5	6.6
id-19830	7	13	29	6.0
id-19831	6	2	6	7.0
id-19832	8	14	16	6.9
id-19833	8	2	8	5.8
id-19834	9	6	28	6.9
id-19835	2	2	28	6.0
id-19836	10	16	8	5.7
id-19837	7	11	6	6.3
id-19838	10	16	1	5.5
id-19839	3	3	9	6.4
id-19840	5	7	16	6.3
id-19841	1	2	30	6.8
id-19842	1	2	26	5.2
id-19843	4	5	6	6.3
id-19844	3	6	26	6.1
id-19845	4	5	21	6.4
id-19846	4	8	2	5.6
id-19847	6	9	21	5.5
id-19848	2	2	11	6.3
id-19849	8	13	18	6.0
id-19850	5	7	29	6.0
id-19851	8	12	29	5.3
id-19852	6	5	2	6.9
id-19853	1	2	23	5.3
id-19854	4	5	3	5.3
id-19855	5	2	10	6.9
id-19856	7	2	11	6.5
id-19857	10	5	23	5.2
id-19858	9	15	21	5.7
id-19859	2	4	21	5.6
id-19860	9	15	14	5.1
id-19861	1	2	6	6.3
id-19862	5	8	14	5.2
id-19863	9	18	27	6.7
id-19864	2	4	2	6.3
id-19865	7	14	17	6.9
id-19866	9	17	20	6.5
id-19867	3	5	21	6.2
id-19868	1	2	12	6.9
id-19869	5	5	20	6.8
id-19870	9	13	12	6.1
id-19871	10	14	14	6.2
id-19872	7	12	19	5.5
id-19873	1	2	27	5.6
id-19874	5	8	25	6.6
id-19875	9	8	22	7.0
id-19876	2	4	18	6.5
id-19877	9	8	22	6.4
id-19878	9	15	9	6.0
id-19879	10	13	14	5.5
id-19880	5	10	27	5.9
id-19881	2	2	14	5.3
id-19882	9	2	23	6.6
id-19883	6	3	30	6.9
id-19884	7	3	11	7.0
id-19885	1	2	14	6.0
id-19886	8	15	17	6.3
id-19887	5	4	26	5.7
id-19888	10	3	15	5.5
id-19889	2	2	22	5.8
id-19890	10	17	23	6.2
id-19891	1	2	7	5.9
id-19892	3	2	30	5.2
id-19893	9	10	27	5.9
id-19894	5	5	27	6.5
id-19895	6	10	11	6.0
id-19896	6	5	10	5.3
id-19897	10	20	16	6.3
id-19898	6	10	5	5.2
id-19899	6	10	23	5.2
id-19900	6	12	17	6.4
id-19901	1	2	22	6.0
id-19902	4	8	27	6.8
id-19903	1	2	28	5.5
id-19904	8	3	19	5.9
id-19905	1	2	19	6.4
id-19906	3	6	28	6.9
id-19907	3	5	30	6.6
id-19908	4	7	14	6.4
id-19909	6	2	20	6.8
id-19910	3	2	28	6.7
id-19911	5	6	27	6.0
id-19912	10	4	29	5.1
id-19913	5	10	21	6.3
id-19914	9	9	9	5.7
id-19915	10	17	10	6.5
id-19916	1	2	23	6.4
id-19917	4	2	13	5.9
id-19918	2	4	8	5.1
id-19919	1	2	18	6.4
id-19920	9	16	2	5.5
id-19921	2	2	1	6.2
id-19922	4	2	5	5.7
id-19923	2	2	12	6.1
id-19924	10	11	22	6.9
id-19925	8	4	22	5.8
id-19926	2	3	16	5.3
id-19927	6	10	6	5.2
id-19928	1	2	15	6.5
id-19929	6	11	1	6.8
id-19930	8	3	6	5.8
id-19931	2	2	21	6.1
id-19932	10	16	12	5.0
id-19933	2	3	20	7.0
id-19934	9	8	26	5.0
id-19935	5	5	30	6.3
id-19936	4	4	17	6.2
id-19937	9	16	4	6.3
id-19938	5	8	28	6.7
id-19939	6	5	29	6.7
id-19940	10	13	5	6.8
id-19941	9	13	10	5.5
id-19942	4	8	14	6.8
id-19943	1	2	28	5.5
id-19944	3	3	18	5.8
id-19945	7	14	18	6.2
id-19946	10	13	23	6.4
id-19947	1	2	23	6.6
id-19948	8	12	12	5.3
id-19949	7	12	6	6.3
id-19950	1	2	21	5.8
id-19951	4	2	28	6.5
id-19952	5	4	26	6.6
id-19953	7	9	22	5.6
id-19954	7	13	18	7.0
id-19955	3	5	15	5.2
id-19956	5	10	4	6.2
id-19957	10	19	19	5.5
id-19958	5	7	9	5.3
id-19959	2	2	19	6.3
id-19960	5	7	1	6.4
id-19961	4	4	13	5.7
id-19962	2	4	17	6.3
id-19963	3	2	26	5.9
id-19964	8	8	2	6.2
id-19965	9	10	28	6.9
id-19966	4	8	22	5.2
id-19967	2	2	29	5.8
id-19968	4	2	16	5.3
id-19969	7	10	25	6.9
id-19970	7	12	23	6.5
id-19971	10	17	9	5.4
id-19972	8	12	20	5.1
id-19973	7	5	26	6.9
id-19974	2	4	17	5.5
id-19975	2	2	2	5.1
id-19976	2	3	1	5.8
id-19977	2	3	29	5.9
id-19978	2	2	28	5.0
id-19979	4	5	16	6.8
id-19980	3	2	8	6.6
id-19981	10	18	8	6.6
id-19982	6	2	11	6.9
id-19983	6	4	18	5.6
id-19984	5	6	15	5.5
id-19985	3	5	3	6.4
id-19986	1	2	16	6.7
id-19987	4	2	12	7.0
id-19988	6	5	6	6.2
id-19989	9	8	13	5.7
id-19990	7	13	16	5.5
id-19991	2	2	7	6.6
id-19992	7	3	7	6.4
id-19993	2	4	8	5.8
id-19994	9	17	25	5.4
id-19995	2	3	26	5.8
id-19996	9	14	8	7.0
id-19997	7	9	2	6.6
id-19998	7	8	8	6.1
id-19999	4	5	14	6.6
