id-00000	4	8	11	0.8
id-00001	8	2	17	0.8
id-00002	9	6	11	0.9
id-00003	8	13	2	0.9
id-00004	8	14	18	0.9
id-00005	7	9	15	0.8
id-00006	6	3	23	0.9
id-00007	4	3	13	0.9
id-00008	5	7	1	1.0
id-00009	4	3	26	1.0
id-00010	9	4	22	0.8
id-00011	3	4	10	0.9
id-00012	1	2	5	0.9
id-00013	6	8	1	1.0
id-00014	1	2	16	0.9
id-00015	9	13	26	1.0
id-00016	7	3	29	0.8
id-00017	8	7	23	0.8
id-00018	8	10	18	0.8
id-00019	8	8	26	0.8
id-00020	4	7	29	0.8
id-00021	7	3	21	0.9
id-00022	1	2	3	0.8
id-00023	5	6	21	0.8
id-00024	9	12	5	0.9
id-00025	7	3	27	0.9
id-00026	8	6	4	0.9
id-00027	1	2	10	0.8
id-00028	7	9	10	0.9
id-00029	10	6	27	0.8
id-00030	6	12	21	0.9
id-00031	3	6	9	1.0
id-00032	2	2	11	0.8
id-00033	1	2	27	0.8
id-00034	5	8	2	0.9
id-00035	4	6	14	0.9
id-00036	7	10	20	0.9
id-00037	7	2	20	0.9
id-00038	3	6	22	0.9
id-00039	3	5	1	0.9
id-00040	7	10	6	0.9
id-00041	4	7	8	0.9
id-00042	10	8	12	1.0
id-00043	4	6	25	0.9
id-00044	4	6	9	0.9
id-00045	9	14	21	0.9
id-00046	3	3	11	0.8
id-00047	9	8	9	0.9
id-00048	3	6	22	0.9
id-00049	10	11	1	0.9
id-00050	7	8	15	0.9
id-00051	4	8	27	0.9
id-00052	3	3	20	0.8
id-00053	1	2	20	0.9
id-00054	2	3	26	1.0
id-00055	8	2	8	0.8
id-00056	4	6	23	1.0
id-00057	6	3	2	0.9
id-00058	10	15	8	1.0
id-00059	6	5	22	0.9
id-00060	4	3	3	0.9
id-00061	2	2	9	0.9
id-00062	2	3	27	0.9
id-00063	2	4	7	0.8
id-00064	6	8	20	0.9
id-00065	4	5	14	1.0
id-00066	5	9	24	0.8
id-00067	5	3	28	0.9
id-00068	4	5	11	0.8
id-00069	8	14	7	0.8
id-00070	8	14	11	0.8
id-00071	5	5	23	0.8
id-00072	7	3	4	0.9
id-00073	4	4	22	0.9
id-00074	5	9	12	0.9
id-00075	9	9	9	0.8
id-00076	4	7	30	0.9
id-00077	3	5	8	0.9
id-00078	7	6	21	0.8
id-00079	5	7	12	0.8
id-00080	7	2	13	0.9
id-00081	9	13	17	0.9
id-00082	4	3	18	0.9
id-00083	7	4	15	0.9
id-00084	4	7	25	0.9
id-00085	5	2	25	0.9
id-00086	4	8	28	1.0
id-00087	4	2	9	0.9
id-00088	3	2	24	0.9
id-00089	4	3	23	0.9
id-00090	3	2	25	0.9
id-00091	10	19	22	0.8
id-00092	4	3	11	1.0
id-00093	8	15	20	0.8
id-00094	6	12	6	0.9
id-00095	2	3	2	0.8
id-00096	5	9	9	0.9
id-00097	6	7	12	1.0
id-00098	7	14	16	0.9
id-00099	3	4	14	0.9
id-00100	5	2	14	0.8
id-00101	3	6	27	0.9
id-00102	2	4	23	1.0
id-00103	3	4	5	1.0
id-00104	4	5	29	0.9
id-00105	3	4	28	1.0
id-00106	4	3	8	0.9
id-00107	6	5	16	0.9
id-00108	3	4	3	0.8
id-00109	4	7	25	1.0
id-00110	6	4	17	0.9
id-00111	1	2	21	0.9
id-00112	10	3	24	0.8
id-00113	4	7	28	1.0
id-00114	5	2	15	0.9
id-00115	10	18	20	0.9
id-00116	10	18	11	1.0
id-00117	10	13	23	0.9
id-00118	4	6	18	0.8
id-00119	10	3	24	0.8
id-00120	6	5	29	1.0
id-00121	5	4	10	0.8
id-00122	2	2	12	0.9
id-00123	1	2	5	1.0
id-00124	3	4	5	1.0
id-00125	5	10	15	0.8
id-00126	4	3	5	0.9
id-00127	3	3	23	0.8
id-00128	5	6	3	1.0
id-00129	10	8	5	0.8
id-00130	5	6	8	0.8
id-00131	10	6	7	0.8
id-00132	4	4	8	1.0
id-00133	6	9	15	0.9
id-00134	10	19	11	0.9
id-00135	7	7	27	0.9
id-00136	1	2	28	1.0
id-00137	7	13	2	0.9
id-00138	10	11	5	1.0
id-00139	4	6	11	0.9
id-00140	5	6	12	0.8
id-00141	3	6	8	0.9
id-00142	10	7	3	0.9
id-00143	3	4	20	0.8
id-00144	3	4	15	1.0
id-00145	7	2	12	0.9
id-00146	2	3	24	0.8
id-00147	6	8	6	1.0
id-00148	1	2	10	0.8
id-00149	8	6	7	0.8
id-00150	10	19	15	0.8
id-00151	9	7	10	0.9
id-00152	8	7	9	0.8
id-00153	10	10	26	0.9
id-00154	8	15	18	0.9
id-00155	1	2	30	0.9
id-00156	6	3	5	0.8
id-00157	5	10	21	0.8
id-00158	8	7	11	1.0
id-00159	1	2	22	0.9
id-00160	3	2	24	0.9
id-00161	3	6	13	1.0
id-00162	1	2	18	0.8
id-00163	9	12	24	0.9
id-00164	7	10	30	0.8
id-00165	7	13	21	0.8
id-00166	2	4	21	1.0
id-00167	8	15	19	0.9
id-00168	10	19	1	0.9
id-00169	1	2	1	0.9
id-00170	10	2	5	0.8
id-00171	7	5	30	0.8
id-00172	5	6	28	0.9
id-00173	1	2	26	0.9
id-00174	2	2	10	0.8
id-00175	10	3	28	0.8
id-00176	3	2	9	0.8
id-00177	2	3	15	0.9
id-00178	5	9	13	1.0
id-00179	7	8	21	0.9
id-00180	9	4	5	0.8
id-00181	2	3	6	0.8
id-00182	4	6	18	1.0
id-00183	5	9	6	0.9
id-00184	9	14	5	0.9
id-00185	6	8	26	0.9
id-00186	3	5	15	0.9
id-00187	3	2	28	0.9
id-00188	5	3	10	0.9
id-00189	5	3	18	0.9
id-00190	5	8	25	0.9
id-00191	3	5	15	0.9
id-00192	5	6	3	0.9
id-00193	3	6	19	0.9
id-00194	1	2	30	0.9
id-00195	10	17	15	0.9
id-00196	9	2	12	0.8
id-00197	4	8	13	0.8
id-00198	9	11	22	0.9
id-00199	4	4	5	0.9
id-00200	8	16	8	0.8
id-00201	2	3	15	0.9
id-00202	10	10	27	0.8
id-00203	2	2	2	0.9
id-00204	5	7	27	0.9
id-00205	2	4	18	1.0
id-00206	10	3	11	0.9
id-00207	4	5	1	0.9
id-00208	1	2	11	1.0
id-00209	2	3	25	1.0
id-00210	6	3	22	0.9
id-00211	2	3	29	0.9
id-00212	8	14	20	0.8
id-00213	10	18	3	1.0
id-00214	7	13	11	1.0
id-00215	10	2	1	1.0
id-00216	7	12	14	1.0
id-00217	6	7	12	0.9
id-00218	1	2	12	0.9
id-00219	6	5	7	1.0
id-00220	3	6	14	1.0
id-00221	4	5	5	0.9
id-00222	9	9	1	1.0
id-00223	5	5	22	1.0
id-00224	9	3	6	1.0
id-00225	2	2	10	0.9
id-00226	6	11	6	0.9
id-00227	1	2	8	0.8
id-00228	1	2	6	0.9
id-00229	1	2	11	0.8
id-00230	5	5	27	0.8
id-00231	8	13	29	0.8
id-00232	8	14	21	0.9
id-00233	4	7	22	0.8
id-00234	4	8	2	0.9
id-00235	10	15	1	1.0
id-00236	5	9	25	0.9
id-00237	6	9	24	0.9
id-00238	7	8	28	0.8
id-00239	3	5	3	1.0
id-00240	1	2	15	0.8
id-00241	4	6	7	1.0
id-00242	5	5	7	0.9
id-00243	8	3	19	0.9
id-00244	1	2	26	0.8
id-00245	9	2	26	0.8
id-00246	4	6	9	1.0
id-00247	8	5	28	0.9
id-00248	9	11	14	1.0
id-00249	9	3	17	1.0
id-00250	5	5	29	0.9
id-00251	1	2	22	1.0
id-00252	9	7	13	1.0
id-00253	7	14	20	0.8
id-00254	8	7	22	0.8
id-00255	8	10	7	0.9
id-00256	4	3	14	0.9
id-00257	9	7	17	0.9
id-00258	8	14	29	1.0
id-00259	7	14	1	0.9
id-00260	6	5	9	0.8
id-00261	10	9	11	0.8
id-00262	10	7	4	0.9
id-00263	5	8	8	0.9
id-00264	9	8	30	0.9
id-00265	10	19	14	0.9
id-00266	9	11	21	0.8
id-00267	7	10	24	0.9
id-00268	10	15	3	0.9
id-00269	7	12	3	0.9
id-00270	1	2	16	0.9
id-00271	10	14	17	0.9
id-00272	3	4	2	0.9
id-00273	4	6	20	1.0
id-00274	6	10	13	0.9
id-00275	10	8	2	0.8
id-00276	4	4	1	0.9
id-00277	8	7	26	0.9
id-00278	9	18	11	0.9
id-00279	8	14	10	0.8
id-00280	2	3	24	1.0
id-00281	7	8	29	0.9
id-00282	2	2	26	0.9
id-00283	8	4	8	0.8
id-00284	5	4	4	0.9
id-00285	4	5	8	0.8
id-00286	3	3	8	0.9
id-00287	7	10	13	1.0
id-00288	7	3	3	0.8
id-00289	3	4	6	0.9
id-00290	6	7	11	1.0
id-00291	6	5	5	1.0
id-00292	9	14	19	0.9
id-00293	10	7	15	0.8
id-00294	1	2	26	0.9
id-00295	3	6	16	0.9
id-00296	2	2	27	0.8
id-00297	9	4	2	0.9
id-00298	7	2	1	1.0
id-00299	1	2	20	0.9
id-00300	5	7	5	0.9
id-00301	10	11	8	1.0
id-00302	1	2	1	1.0
id-00303	8	6	12	0.8
id-00304	6	11	7	0.9
id-00305	4	2	1	1.0
id-00306	5	7	20	1.0
id-00307	7	13	17	0.9
id-00308	2	2	30	1.0
id-00309	6	9	6	1.0
id-00310	7	11	8	0.9
id-00311	4	7	1	0.8
id-00312	3	5	20	0.8
id-00313	6	9	3	1.0
id-00314	7	14	1	0.9
id-00315	9	12	13	0.9
id-00316	3	2	25	0.8
id-00317	8	2	23	0.8
id-00318	9	12	8	0.9
id-00319	4	7	28	0.8
id-00320	1	2	5	0.9
id-00321	2	2	26	0.9
id-00322	2	4	21	0.8
id-00323	10	7	22	0.9
id-00324	1	2	19	0.8
id-00325	8	13	25	0.9
id-00326	4	7	28	0.8
id-00327	7	2	7	1.0
id-00328	2	2	4	0.8
id-00329	1	2	13	0.9
id-00330	2	4	9	0.8
id-00331	3	6	10	1.0
id-00332	8	15	10	1.0
id-00333	5	10	20	1.0
id-00334	7	12	24	0.9
id-00335	4	2	29	0.8
id-00336	4	2	27	0.9
id-00337	9	6	22	0.9
id-00338	10	8	1	0.8
id-00339	8	12	4	0.9
id-00340	7	4	16	0.9
id-00341	2	2	19	0.9
id-00342	1	2	16	0.9
id-00343	2	4	27	0.9
id-00344	8	9	13	0.9
id-00345	9	9	22	0.8
id-00346	6	3	4	0.9
id-00347	5	10	22	0.9
id-00348	4	6	4	0.9
id-00349	8	11	19	1.0
id-00350	5	5	6	0.9
id-00351	2	3	27	1.0
id-00352	7	7	8	1.0
id-00353	6	12	10	0.9
id-00354	4	2	29	0.9
id-00355	2	4	7	1.0
id-00356	8	5	7	0.8
id-00357	10	19	27	0.9
id-00358	2	2	14	1.0
id-00359	2	4	2	0.8
id-00360	4	2	11	0.9
id-00361	9	9	4	0.9
id-00362	2	3	29	0.8
id-00363	8	11	3	0.8
id-00364	7	6	12	1.0
id-00365	8	6	12	1.0
id-00366	2	2	11	0.9
id-00367	4	4	29	0.9
id-00368	8	5	29	0.8
id-00369	1	2	27	0.8
id-00370	10	15	12	1.0
id-00371	8	9	25	0.9
id-00372	1	2	3	0.9
id-00373	4	7	20	0.9
id-00374	3	4	30	0.9
id-00375	9	5	1	0.8
id-00376	10	16	15	0.8
id-00377	7	5	15	0.9
id-00378	1	2	10	1.0
id-00379	10	13	5	0.9
id-00380	5	4	20	0.8
id-00381	6	11	29	0.8
id-00382	1	2	7	1.0
id-00383	10	2	29	0.8
id-00384	9	2	18	1.0
id-00385	4	2	24	0.9
id-00386	3	5	10	0.9
id-00387	7	5	25	0.8
id-00388	8	9	28	1.0
id-00389	7	13	23	0.9
id-00390	10	3	10	1.0
id-00391	5	9	12	1.0
id-00392	8	2	25	0.8
id-00393	2	3	8	1.0
id-00394	9	15	23	0.9
id-00395	3	2	20	0.8
id-00396	2	2	18	0.9
id-00397	3	2	1	0.9
id-00398	5	6	15	0.9
id-00399	3	4	26	1.0
id-00400	10	15	9	0.9
id-00401	6	4	19	0.9
id-00402	1	2	2	0.9
id-00403	8	16	16	0.8
id-00404	6	4	27	0.9
id-00405	8	9	18	0.9
id-00406	5	10	6	0.9
id-00407	10	6	6	1.0
id-00408	8	3	3	0.8
id-00409	7	10	15	1.0
id-00410	6	3	13	0.8
id-00411	7	4	13	0.9
id-00412	5	7	15	1.0
id-00413	9	12	16	1.0
id-00414	1	2	20	0.8
id-00415	10	9	20	0.9
id-00416	3	5	8	0.9
id-00417	3	2	26	0.8
id-00418	10	18	26	0.8
id-00419	2	4	22	0.8
id-00420	2	3	8	0.8
id-00421	5	4	18	0.9
id-00422	10	19	1	0.8
id-00423	10	20	10	0.8
id-00424	5	5	12	0.9
id-00425	6	6	13	0.8
id-00426	10	4	11	0.8
id-00427	3	3	12	0.8
id-00428	10	4	9	0.8
id-00429	1	2	20	1.0
id-00430	8	8	28	0.9
id-00431	5	9	23	0.8
id-00432	9	12	20	1.0
id-00433	7	8	26	0.9
id-00434	3	3	28	1.0
id-00435	8	10	18	0.8
id-00436	10	10	18	0.9
id-00437	1	2	15	1.0
id-00438	5	2	11	0.8
id-00439	5	10	1	0.9
id-00440	9	4	20	1.0
id-00441	6	4	17	0.8
id-00442	4	7	7	1.0
id-00443	5	9	28	1.0
id-00444	9	9	22	0.9
id-00445	8	15	28	0.9
id-00446	9	12	10	0.9
id-00447	4	6	6	1.0
id-00448	7	7	14	0.9
id-00449	3	6	25	0.9
id-00450	4	4	10	0.9
id-00451	2	4	9	0.9
id-00452	3	6	5	1.0
id-00453	5	8	19	0.9
id-00454	1	2	17	1.0
id-00455	6	4	12	0.9
id-00456	6	9	15	0.8
id-00457	4	7	2	0.9
id-00458	7	5	20	1.0
id-00459	6	12	1	0.9
id-00460	5	3	8	0.9
id-00461	3	3	29	0.9
id-00462	10	9	27	1.0
id-00463	10	12	25	0.9
id-00464	10	5	16	0.9
id-00465	8	15	4	1.0
id-00466	3	4	1	0.8
id-00467	10	10	19	0.9
id-00468	10	5	28	0.9
id-00469	8	13	28	0.8
id-00470	5	5	1	0.9
id-00471	9	8	14	1.0
id-00472	4	4	21	0.9
id-00473	1	2	24	0.9
id-00474	4	3	23	0.9
id-00475	7	13	13	1.0
id-00476	3	3	4	1.0
id-00477	10	15	19	1.0
id-00478	1	2	1	0.8
id-00479	7	9	12	0.9
id-00480	1	2	10	1.0
id-00481	9	13	26	0.9
id-00482	6	11	24	0.9
id-00483	1	2	29	0.9
id-00484	6	4	5	0.8
id-00485	4	2	9	0.9
id-00486	6	7	11	0.9
id-00487	7	13	11	0.9
id-00488	2	2	7	0.8
id-00489	8	4	21	1.0
id-00490	1	2	10	0.8
id-00491	8	11	18	1.0
id-00492	1	2	18	0.9
id-00493	7	4	13	1.0
id-00494	8	11	26	1.0
id-00495	8	11	1	0.8
id-00496	7	10	18	0.9
id-00497	9	3	29	0.9
id-00498	5	6	11	0.8
id-00499	3	4	26	0.9
id-00500	2	4	25	0.8
id-00501	4	7	20	0.9
id-00502	6	11	28	0.8
id-00503	8	4	19	0.9
id-00504	3	4	6	0.9
id-00505	4	2	27	1.0
id-00506	3	3	2	0.8
id-00507	1	2	29	0.9
id-00508	9	11	23	0.9
id-00509	5	6	17	1.0
id-00510	4	6	28	1.0
id-00511	6	3	13	0.8
id-00512	2	2	28	0.9
id-00513	10	6	21	0.9
id-00514	9	15	20	0.8
id-00515	8	7	13	0.9
id-00516	2	3	4	1.0
id-00517	4	2	18	0.9
id-00518	4	7	21	0.8
id-00519	3	4	20	1.0
id-00520	1	2	28	0.8
id-00521	10	5	4	1.0
id-00522	10	19	21	0.8
id-00523	10	12	5	0.8
id-00524	7	12	26	1.0
id-00525	8	7	10	1.0
id-00526	1	2	12	0.9
id-00527	4	6	4	1.0
id-00528	10	18	27	0.8
id-00529	7	8	5	1.0
id-00530	9	13	30	0.8
id-00531	9	7	5	0.8
id-00532	1	2	15	0.9
id-00533	4	2	12	1.0
id-00534	10	14	5	1.0
id-00535	4	6	5	0.9
id-00536	6	12	3	0.8
id-00537	10	8	3	0.9
id-00538	3	4	25	0.8
id-00539	10	17	24	0.9
id-00540	2	2	24	0.9
id-00541	7	5	9	0.9
id-00542	4	2	30	0.9
id-00543	6	11	4	1.0
id-00544	8	3	9	1.0
id-00545	9	3	23	0.9
id-00546	4	3	29	0.9
id-00547	5	5	24	1.0
id-00548	7	10	21	0.9
id-00549	8	12	18	0.9
id-00550	1	2	6	1.0
id-00551	10	17	24	0.9
id-00552	7	11	24	0.9
id-00553	10	12	14	0.9
id-00554	3	2	9	0.8
id-00555	5	10	11	0.8
id-00556	10	9	28	1.0
id-00557	3	3	5	1.0
id-00558	6	3	15	1.0
id-00559	9	4	11	0.9
id-00560	10	6	7	1.0
id-00561	7	11	4	0.8
id-00562	3	3	30	0.8
id-00563	8	6	6	1.0
id-00564	1	2	27	1.0
id-00565	4	4	10	1.0
id-00566	3	3	6	1.0
id-00567	4	6	2	0.9
id-00568	10	6	14	0.8
id-00569	6	10	30	0.9
id-00570	1	2	6	1.0
id-00571	6	12	25	0.9
id-00572	5	7	22	0.8
id-00573	6	12	28	1.0
id-00574	10	18	13	1.0
id-00575	6	2	26	1.0
id-00576	6	9	8	1.0
id-00577	6	6	15	1.0
id-00578	1	2	7	0.9
id-00579	5	4	21	0.9
id-00580	10	9	7	1.0
id-00581	1	2	22	0.9
id-00582	6	4	18	1.0
id-00583	10	17	11	0.9
id-00584	6	8	4	0.8
id-00585	2	2	5	1.0
id-00586	4	6	22	0.9
id-00587	4	7	28	1.0
id-00588	3	2	16	1.0
id-00589	5	4	25	0.9
id-00590	7	11	10	0.9
id-00591	7	14	24	1.0
id-00592	2	3	9	0.8
id-00593	1	2	18	1.0
id-00594	10	17	5	0.8
id-00595	6	9	24	0.8
id-00596	4	4	14	0.9
id-00597	7	3	14	0.9
id-00598	3	5	27	1.0
id-00599	10	4	1	0.8
id-00600	1	2	19	0.9
id-00601	9	2	9	0.8
id-00602	9	11	10	0.9
id-00603	2	3	9	0.9
id-00604	6	12	5	0.8
id-00605	1	2	4	0.9
id-00606	9	5	4	0.9
id-00607	2	3	22	0.9
id-00608	10	5	18	0.9
id-00609	9	2	6	0.9
id-00610	10	10	13	0.9
id-00611	10	8	1	0.9
id-00612	9	4	23	0.9
id-00613	1	2	14	0.8
id-00614	6	2	4	0.9
id-00615	1	2	22	0.8
id-00616	1	2	13	0.8
id-00617	9	4	21	0.9
id-00618	4	7	29	0.8
id-00619	10	3	29	0.9
id-00620	1	2	10	1.0
id-00621	4	5	14	1.0
id-00622	10	7	2	0.8
id-00623	6	6	11	0.9
id-00624	5	8	26	0.9
id-00625	3	3	7	0.9
id-00626	4	7	21	0.9
id-00627	7	4	13	0.9
id-00628	7	7	3	1.0
id-00629	9	5	3	0.8
id-00630	10	16	7	1.0
id-00631	2	3	12	0.8
id-00632	3	2	6	0.9
id-00633	9	17	27	0.9
id-00634	2	4	5	0.9
id-00635	8	3	7	1.0
id-00636	7	11	5	0.9
id-00637	4	3	3	0.9
id-00638	4	5	17	0.8
id-00639	4	3	24	1.0
id-00640	4	5	5	1.0
id-00641	10	14	22	0.9
id-00642	2	4	11	0.9
id-00643	8	4	17	0.8
id-00644	9	15	16	1.0
id-00645	8	16	25	1.0
id-00646	2	2	12	0.8
id-00647	10	9	22	0.9
id-00648	6	5	18	0.8
id-00649	10	20	21	0.9
id-00650	2	4	24	1.0
id-00651	4	8	11	0.8
id-00652	10	10	13	0.9
id-00653	10	13	11	0.8
id-00654	1	2	15	0.9
id-00655	3	4	20	0.8
id-00656	1	2	3	0.9
id-00657	6	10	16	1.0
id-00658	2	2	24	0.9
id-00659	7	6	1	1.0
id-00660	9	16	11	0.8
id-00661	6	7	19	0.9
id-00662	8	3	22	0.8
id-00663	10	4	14	0.9
id-00664	1	2	19	1.0
id-00665	6	6	4	0.9
id-00666	3	2	28	0.8
id-00667	5	7	13	0.9
id-00668	3	5	6	0.9
id-00669	5	3	8	0.8
id-00670	6	3	4	0.9
id-00671	6	5	29	0.9
id-00672	5	4	11	1.0
id-00673	10	14	24	0.9
id-00674	10	3	25	1.0
id-00675	2	2	5	0.8
id-00676	5	4	15	0.8
id-00677	7	4	9	1.0
id-00678	4	6	21	0.9
id-00679	6	10	9	1.0
id-00680	8	16	30	0.9
id-00681	7	5	25	1.0
id-00682	8	5	11	0.9
id-00683	5	7	3	1.0
id-00684	9	9	9	1.0
id-00685	9	4	27	0.9
id-00686	6	12	27	0.8
id-00687	1	2	12	0.9
id-00688	10	14	2	0.9
id-00689	2	2	17	0.9
id-00690	10	8	4	0.9
id-00691	10	16	29	0.8
id-00692	7	6	8	0.9
id-00693	8	9	28	0.8
id-00694	1	2	7	0.9
id-00695	10	13	15	0.8
id-00696	5	3	12	0.9
id-00697	7	2	12	1.0
id-00698	10	16	12	0.8
id-00699	3	5	26	0.9
id-00700	4	5	4	0.9
id-00701	7	7	26	0.8
id-00702	2	4	10	0.9
id-00703	6	10	4	0.9
id-00704	6	11	20	0.9
id-00705	3	4	14	0.9
id-00706	5	2	7	0.9
id-00707	2	4	1	0.8
id-00708	2	4	25	0.9
id-00709	10	11	19	0.8
id-00710	3	6	29	0.9
id-00711	8	5	26	0.9
id-00712	4	3	25	0.9
id-00713	3	4	16	1.0
id-00714	6	3	6	0.9
id-00715	1	2	14	1.0
id-00716	4	3	2	0.9
id-00717	10	5	25	1.0
id-00718	8	2	10	0.9
id-00719	5	7	22	0.9
id-00720	5	10	28	0.8
id-00721	8	10	20	1.0
id-00722	1	2	22	1.0
id-00723	1	2	26	1.0
id-00724	3	4	18	0.8
id-00725	3	6	4	0.9
id-00726	10	18	14	0.9
id-00727	4	4	1	0.9
id-00728	6	4	1	0.9
id-00729	6	7	10	0.8
id-00730	2	2	5	0.8
id-00731	1	2	8	1.0
id-00732	7	8	30	0.8
id-00733	9	6	9	1.0
id-00734	2	2	19	0.9
id-00735	2	3	11	1.0
id-00736	9	14	19	0.8
id-00737	2	3	28	0.9
id-00738	1	2	18	0.8
id-00739	5	3	23	0.9
id-00740	3	6	29	1.0
id-00741	10	18	11	0.9
id-00742	7	2	23	0.9
id-00743	5	10	3	0.8
id-00744	5	10	12	0.9
id-00745	4	2	10	0.9
id-00746	6	11	5	0.8
id-00747	10	16	4	1.0
id-00748	5	8	12	0.9
id-00749	9	6	6	1.0
id-00750	9	16	18	1.0
id-00751	3	5	18	0.8
id-00752	5	2	29	0.8
id-00753	3	5	23	1.0
id-00754	9	4	18	1.0
id-00755	7	4	11	1.0
id-00756	3	6	23	0.9
id-00757	6	5	30	0.9
id-00758	5	10	9	0.9
id-00759	7	4	11	1.0
id-00760	7	2	4	0.9
id-00761	3	2	10	0.9
id-00762	3	5	4	1.0
id-00763	6	2	9	1.0
id-00764	6	3	11	0.8
id-00765	5	4	14	0.9
id-00766	1	2	4	0.9
id-00767	8	16	8	0.8
id-00768	10	17	23	0.9
id-00769	1	2	23	0.9
id-00770	10	20	5	0.9
id-00771	9	7	2	0.8
id-00772	7	9	17	0.9
id-00773	10	3	4	0.9
id-00774	8	15	26	0.8
id-00775	4	7	15	1.0
id-00776	2	2	7	0.8
id-00777	8	8	17	0.9
id-00778	8	2	7	0.8
id-00779	8	5	6	0.8
id-00780	8	13	27	0.9
id-00781	8	12	24	0.9
id-00782	1	2	16	1.0
id-00783	1	2	20	0.9
id-00784	1	2	6	1.0
id-00785	10	8	12	0.9
id-00786	10	2	25	0.8
id-00787	7	5	17	0.8
id-00788	1	2	22	1.0
id-00789	7	3	22	0.8
id-00790	2	2	24	0.9
id-00791	7	3	13	0.9
id-00792	1	2	7	1.0
id-00793	8	10	21	0.9
id-00794	10	19	12	0.9
id-00795	8	9	4	0.9
id-00796	2	3	21	0.8
id-00797	9	11	26	0.8
id-00798	9	12	26	0.9
id-00799	10	9	29	0.9
id-00800	8	8	24	0.8
id-00801	10	15	20	0.8
id-00802	2	2	11	0.9
id-00803	4	8	19	1.0
id-00804	8	4	9	1.0
id-00805	10	19	8	0.9
id-00806	10	15	3	0.9
id-00807	7	13	23	0.8
id-00808	1	2	12	0.8
id-00809	2	4	27	0.9
id-00810	1	2	14	0.8
id-00811	3	4	2	0.9
id-00812	10	16	13	1.0
id-00813	4	5	10	0.8
id-00814	7	14	23	0.8
id-00815	2	2	20	0.8
id-00816	7	14	12	0.9
id-00817	5	2	26	0.9
id-00818	8	12	5	0.9
id-00819	10	9	18	1.0
id-00820	9	11	2	0.9
id-00821	5	10	30	0.9
id-00822	10	4	27	0.9
id-00823	1	2	20	0.8
id-00824	4	6	23	0.9
id-00825	6	3	4	0.8
id-00826	8	4	15	1.0
id-00827	8	11	19	0.9
id-00828	7	7	18	0.9
id-00829	8	6	3	1.0
id-00830	2	2	14	0.9
id-00831	6	7	20	1.0
id-00832	5	5	12	0.8
id-00833	9	13	1	0.9
id-00834	4	8	2	0.8
id-00835	9	9	3	1.0
id-00836	8	11	10	0.9
id-00837	6	3	1	0.9
id-00838	4	6	2	0.9
id-00839	10	3	12	0.8
id-00840	1	2	22	1.0
id-00841	3	3	14	1.0
id-00842	10	3	19	0.8
id-00843	4	8	22	1.0
id-00844	5	9	27	1.0
id-00845	2	4	13	0.9
id-00846	3	2	22	1.0
id-00847	8	15	22	0.9
id-00848	1	2	20	0.8
id-00849	3	6	24	0.9
id-00850	5	2	4	0.9
id-00851	1	2	18	0.8
id-00852	3	3	6	0.9
id-00853	1	2	17	0.9
id-00854	4	7	21	0.9
id-00855	8	8	12	1.0
id-00856	3	6	9	0.8
id-00857	5	9	22	0.8
id-00858	5	8	16	0.9
id-00859	9	10	10	1.0
id-00860	10	8	18	1.0
id-00861	3	4	30	0.9
id-00862	3	6	3	0.8
id-00863	2	3	9	0.8
id-00864	5	3	24	0.9
id-00865	2	4	14	0.9
id-00866	9	18	15	0.9
id-00867	7	3	1	0.8
id-00868	5	9	29	0.8
id-00869	3	4	16	0.9
id-00870	2	2	4	1.0
id-00871	10	16	23	1.0
id-00872	9	6	3	0.9
id-00873	9	9	15	1.0
id-00874	1	2	16	0.9
id-00875	7	7	5	1.0
id-00876	7	6	3	0.9
id-00877	10	14	12	1.0
id-00878	1	2	24	0.8
id-00879	6	10	20	0.9
id-00880	8	8	12	0.8
id-00881	1	2	11	0.9
id-00882	9	12	29	1.0
id-00883	2	2	29	1.0
id-00884	8	4	22	0.9
id-00885	10	15	14	1.0
id-00886	6	7	1	0.8
id-00887	4	8	6	0.9
id-00888	4	7	1	0.9
id-00889	1	2	27	1.0
id-00890	6	2	17	0.8
id-00891	1	2	10	0.9
id-00892	10	2	16	0.9
id-00893	8	16	4	0.9
id-00894	2	2	1	0.9
id-00895	7	3	18	0.8
id-00896	1	2	18	0.9
id-00897	8	15	22	0.8
id-00898	3	5	16	0.8
id-00899	3	2	24	0.8
id-00900	1	2	10	0.9
id-00901	10	5	22	1.0
id-00902	2	4	5	1.0
id-00903	10	5	30	0.8
id-00904	4	2	13	0.9
id-00905	2	2	7	0.8
id-00906	3	5	7	1.0
id-00907	3	3	13	0.9
id-00908	4	4	11	1.0
id-00909	5	3	16	0.9
id-00910	3	4	24	0.9
id-00911	9	13	26	0.9
id-00912	7	11	23	1.0
id-00913	4	7	6	0.9
id-00914	8	5	22	0.9
id-00915	8	14	24	1.0
id-00916	1	2	26	1.0
id-00917	9	7	12	0.8
id-00918	5	2	29	1.0
id-00919	5	8	7	0.9
id-00920	4	5	25	0.8
id-00921	10	13	14	1.0
id-00922	9	13	13	0.9
id-00923	10	5	3	0.8
id-00924	10	4	6	0.8
id-00925	6	8	5	0.9
id-00926	2	2	7	0.9
id-00927	1	2	22	1.0
id-00928	3	6	29	0.9
id-00929	5	7	26	1.0
id-00930	1	2	9	0.9
id-00931	8	3	9	0.9
id-00932	8	16	21	1.0
id-00933	1	2	29	1.0
id-00934	5	6	14	1.0
id-00935	7	13	9	0.9
id-00936	3	3	2	1.0
id-00937	9	12	13	0.9
id-00938	10	10	3	1.0
id-00939	10	16	25	0.8
id-00940	10	16	13	0.9
id-00941	2	2	6	0.9
id-00942	9	7	5	0.8
id-00943	6	9	20	1.0
id-00944	9	11	26	0.9
id-00945	5	2	17	0.9
id-00946	7	10	29	0.9
id-00947	4	3	18	1.0
id-00948	5	4	11	0.9
id-00949	8	13	16	0.9
id-00950	2	3	13	0.8
id-00951	8	2	19	1.0
id-00952	8	6	1	1.0
id-00953	8	4	15	0.9
id-00954	10	8	21	0.9
id-00955	7	11	29	0.8
id-00956	2	2	14	0.9
id-00957	2	4	17	0.8
id-00958	4	8	30	0.8
id-00959	9	2	26	0.9
id-00960	7	14	19	0.9
id-00961	2	3	18	1.0
id-00962	1	2	30	0.8
id-00963	9	4	27	0.9
id-00964	1	2	7	0.9
id-00965	4	6	23	0.9
id-00966	9	5	5	0.9
id-00967	6	2	3	0.9
id-00968	4	5	16	0.9
id-00969	6	7	18	0.8
id-00970	1	2	22	1.0
id-00971	4	4	22	0.8
id-00972	9	18	19	0.8
id-00973	2	3	8	1.0
id-00974	3	4	15	0.9
id-00975	3	3	3	1.0
id-00976	3	5	22	0.9
id-00977	4	7	28	0.9
id-00978	4	3	22	0.8
id-00979	2	4	20	0.9
id-00980	2	2	15	0.8
id-00981	7	12	30	0.9
id-00982	3	2	26	1.0
id-00983	2	2	27	0.9
id-00984	8	14	4	0.8
id-00985	2	4	11	0.9
id-00986	6	5	16	0.9
id-00987	5	4	11	0.9
id-00988	5	10	29	1.0
id-00989	9	7	7	0.9
id-00990	4	5	30	1.0
id-00991	4	3	15	0.9
id-00992	7	4	19	0.8
id-00993	4	2	12	0.8
id-00994	2	4	4	0.9
id-00995	9	3	22	1.0
id-00996	7	12	25	0.8
id-00997	4	2	13	0.9
id-00998	8	5	1	1.0
id-00999	3	3	16	1.0
id-01000	6	6	2	0.8
id-01001	2	3	30	1.0
id-01002	10	7	5	0.9
id-01003	7	4	14	0.9
id-01004	1	2	8	0.9
id-01005	10	18	20	0.9
id-01006	6	5	27	1.0
id-01007	9	12	2	1.0
id-01008	1	2	6	0.9
id-01009	2	4	21	0.8
id-01010	4	7	11	0.8
id-01011	10	7	27	0.9
id-01012	8	10	22	0.9
id-01013	8	11	12	0.9
id-01014	8	6	25	1.0
id-01015	10	12	26	1.0
id-01016	6	6	17	0.9
id-01017	2	4	27	0.9
id-01018	6	4	3	0.9
id-01019	9	7	13	0.8
id-01020	5	7	12	0.9
id-01021	6	11	20	0.9
id-01022	9	8	28	0.8
id-01023	7	6	13	0.9
id-01024	4	4	5	0.9
id-01025	7	13	20	1.0
id-01026	9	12	29	0.9
id-01027	7	2	5	0.9
id-01028	10	12	9	0.9
id-01029	10	19	3	0.8
id-01030	3	4	2	0.9
id-01031	10	8	13	1.0
id-01032	9	9	26	1.0
id-01033	3	4	4	1.0
id-01034	2	2	25	0.8
id-01035	9	9	22	0.9
id-01036	4	6	27	0.9
id-01037	1	2	11	1.0
id-01038	1	2	19	0.8
id-01039	1	2	16	0.9
id-01040	6	10	19	0.9
id-01041	9	4	8	1.0
id-01042	7	12	4	1.0
id-01043	5	2	19	0.9
id-01044	5	2	15	1.0
id-01045	5	8	2	0.9
id-01046	2	3	20	0.9
id-01047	2	3	25	0.9
id-01048	2	2	5	1.0
id-01049	8	9	16	0.8
id-01050	10	9	16	0.9
id-01051	4	7	2	0.8
id-01052	3	3	15	1.0
id-01053	7	13	2	1.0
id-01054	7	6	11	0.9
id-01055	7	3	25	0.8
id-01056	10	2	29	1.0
id-01057	10	5	17	1.0
id-01058	7	10	1	0.8
id-01059	3	3	21	0.9
id-01060	8	6	14	0.8
id-01061	9	16	30	1.0
id-01062	9	8	7	0.9
id-01063	10	19	5	0.9
id-01064	3	6	19	0.8
id-01065	9	2	28	0.8
id-01066	8	13	18	0.9
id-01067	4	3	26	0.9
id-01068	9	16	6	0.9
id-01069	8	5	22	0.9
id-01070	2	2	20	1.0
id-01071	3	5	23	0.8
id-01072	9	7	18	0.9
id-01073	5	5	17	0.8
id-01074	4	7	9	1.0
id-01075	1	2	15	0.9
id-01076	3	5	28	0.9
id-01077	9	3	23	0.9
id-01078	3	4	29	0.8
id-01079	6	4	2	0.8
id-01080	1	2	1	1.0
id-01081	2	2	17	0.9
id-01082	1	2	22	0.9
id-01083	8	5	26	1.0
id-01084	4	7	14	0.9
id-01085	7	13	17	0.9
id-01086	10	16	21	1.0
id-01087	9	12	30	0.8
id-01088	10	7	2	1.0
id-01089	10	15	22	0.9
id-01090	4	3	10	0.9
id-01091	2	3	27	1.0
id-01092	3	6	5	0.9
id-01093	3	3	1	1.0
id-01094	3	2	13	0.9
id-01095	1	2	9	0.9
id-01096	10	19	8	0.8
id-01097	9	13	10	1.0
id-01098	1	2	22	1.0
id-01099	1	2	25	0.8
id-01100	5	6	24	1.0
id-01101	4	7	18	0.8
id-01102	9	5	25	1.0
id-01103	8	8	4	1.0
id-01104	3	3	24	0.9
id-01105	1	2	17	0.9
id-01106	5	9	7	0.9
id-01107	3	4	17	0.9
id-01108	2	4	9	0.9
id-01109	3	4	6	0.8
id-01110	4	8	13	0.9
id-01111	2	3	18	1.0
id-01112	7	14	29	1.0
id-01113	1	2	20	1.0
id-01114	7	6	20	1.0
id-01115	3	3	29	1.0
id-01116	1	2	6	0.9
id-01117	2	3	14	0.9
id-01118	10	3	16	0.9
id-01119	7	14	26	0.9
id-01120	4	4	12	0.9
id-01121	4	6	6	1.0
id-01122	4	3	7	0.9
id-01123	6	9	4	0.9
id-01124	7	2	13	0.9
id-01125	5	8	17	0.9
id-01126	7	10	23	0.8
id-01127	10	8	9	0.9
id-01128	6	10	28	0.9
id-01129	7	8	16	0.8
id-01130	4	3	27	1.0
id-01131	9	15	27	0.9
id-01132	7	7	7	1.0
id-01133	7	12	22	0.9
id-01134	3	2	6	0.9
id-01135	10	2	10	1.0
id-01136	9	8	22	0.8
id-01137	10	16	18	0.9
id-01138	3	2	1	0.8
id-01139	10	14	25	0.9
id-01140	3	4	14	1.0
id-01141	10	7	4	1.0
id-01142	7	10	23	1.0
id-01143	8	15	12	0.9
id-01144	6	5	18	1.0
id-01145	3	2	27	0.9
id-01146	1	2	6	0.9
id-01147	3	4	8	0.9
id-01148	2	4	8	0.9
id-01149	3	3	28	0.8
id-01150	2	4	29	0.9
id-01151	6	11	20	0.8
id-01152	8	13	26	1.0
id-01153	9	11	16	0.9
id-01154	3	3	17	0.8
id-01155	3	2	20	1.0
id-01156	10	14	20	0.9
id-01157	6	10	11	0.9
id-01158	3	4	3	0.9
id-01159	7	14	16	0.9
id-01160	4	5	12	1.0
id-01161	5	7	7	0.9
id-01162	5	3	1	0.8
id-01163	1	2	4	0.9
id-01164	7	7	23	0.9
id-01165	4	5	19	0.9
id-01166	4	5	20	0.9
id-01167	4	3	19	1.0
id-01168	2	2	3	1.0
id-01169	4	2	15	0.9
id-01170	7	11	8	0.9
id-01171	6	10	12	0.8
id-01172	9	4	15	1.0
id-01173	5	8	20	0.9
id-01174	8	7	27	0.9
id-01175	3	4	24	1.0
id-01176	10	3	23	0.9
id-01177	10	12	23	0.9
id-01178	4	3	19	0.8
id-01179	3	5	30	0.9
id-01180	8	6	1	0.9
id-01181	8	13	11	0.9
id-01182	7	7	19	1.0
id-01183	5	10	29	1.0
id-01184	2	4	20	0.9
id-01185	7	13	6	1.0
id-01186	8	10	13	0.9
id-01187	9	18	24	1.0
id-01188	8	8	26	0.8
id-01189	9	17	30	0.8
id-01190	5	6	24	1.0
id-01191	4	4	29	1.0
id-01192	5	8	24	0.9
id-01193	6	10	5	1.0
id-01194	1	2	3	0.8
id-01195	10	6	15	1.0
id-01196	1	2	25	0.9
id-01197	8	4	19	0.8
id-01198	4	4	19	0.9
id-01199	6	7	22	0.9
id-01200	8	2	9	0.9
id-01201	8	7	9	0.8
id-01202	6	7	13	1.0
id-01203	6	6	6	0.9
id-01204	9	4	1	0.9
id-01205	2	2	3	0.8
id-01206	9	6	14	0.9
id-01207	2	3	15	0.9
id-01208	1	2	20	0.9
id-01209	6	12	20	1.0
id-01210	9	6	30	0.9
id-01211	5	10	16	0.9
id-01212	8	10	2	1.0
id-01213	9	3	29	0.9
id-01214	10	15	3	1.0
id-01215	10	4	21	0.8
id-01216	5	8	26	0.9
id-01217	8	5	17	0.8
id-01218	5	5	27	1.0
id-01219	4	4	29	0.8
id-01220	1	2	27	0.9
id-01221	3	4	23	0.8
id-01222	7	2	10	1.0
id-01223	2	4	3	0.8
id-01224	2	2	1	0.9
id-01225	9	6	10	1.0
id-01226	2	2	28	0.9
id-01227	9	3	5	1.0
id-01228	2	3	27	0.9
id-01229	5	2	26	0.9
id-01230	6	9	16	1.0
id-01231	5	10	27	0.9
id-01232	8	13	28	0.9
id-01233	2	3	17	0.8
id-01234	3	2	30	0.8
id-01235	10	20	30	0.9
id-01236	8	3	17	1.0
id-01237	4	2	5	0.9
id-01238	4	8	22	1.0
id-01239	6	2	27	0.8
id-01240	3	2	4	0.9
id-01241	5	5	25	1.0
id-01242	8	9	12	0.8
id-01243	7	6	29	0.9
id-01244	10	2	16	1.0
id-01245	2	3	7	0.8
id-01246	7	9	27	0.9
id-01247	1	2	24	1.0
id-01248	8	10	18	0.9
id-01249	6	6	20	0.9
id-01250	8	13	25	0.9
id-01251	4	5	16	1.0
id-01252	6	6	11	0.9
id-01253	3	6	28	0.9
id-01254	10	11	11	0.9
id-01255	5	4	26	0.8
id-01256	2	3	27	1.0
id-01257	9	16	29	0.9
id-01258	7	3	29	0.9
id-01259	1	2	27	0.8
id-01260	9	6	9	1.0
id-01261	3	2	21	0.9
id-01262	6	2	29	1.0
id-01263	1	2	13	0.8
id-01264	7	8	3	1.0
id-01265	10	18	28	0.8
id-01266	10	9	4	1.0
id-01267	2	2	27	0.9
id-01268	2	3	30	0.9
id-01269	2	2	2	0.9
id-01270	1	2	3	1.0
id-01271	1	2	18	0.9
id-01272	2	3	2	0.9
id-01273	3	6	15	0.9
id-01274	8	12	27	0.8
id-01275	7	2	8	0.9
id-01276	1	2	9	1.0
id-01277	9	10	22	1.0
id-01278	2	2	14	0.8
id-01279	10	14	10	0.8
id-01280	7	11	9	0.9
id-01281	9	3	19	1.0
id-01282	9	17	20	0.9
id-01283	2	2	16	0.9
id-01284	2	3	19	0.9
id-01285	1	2	19	1.0
id-01286	3	3	14	0.8
id-01287	10	16	26	0.9
id-01288	10	4	20	1.0
id-01289	1	2	27	0.9
id-01290	7	7	25	1.0
id-01291	2	2	26	0.9
id-01292	3	6	8	1.0
id-01293	4	8	8	1.0
id-01294	4	4	23	0.8
id-01295	5	6	6	0.8
id-01296	3	3	24	0.8
id-01297	10	12	24	1.0
id-01298	6	10	12	1.0
id-01299	7	9	28	0.8
id-01300	4	7	28	1.0
id-01301	2	4	16	0.9
id-01302	6	11	25	0.9
id-01303	8	9	3	0.9
id-01304	3	6	18	0.9
id-01305	7	3	1	1.0
id-01306	8	10	7	0.8
id-01307	1	2	22	0.8
id-01308	8	15	10	0.9
id-01309	6	11	23	0.8
id-01310	5	8	14	0.8
id-01311	9	4	10	0.9
id-01312	4	4	21	0.9
id-01313	3	4	2	0.9
id-01314	7	14	2	1.0
id-01315	10	19	24	1.0
id-01316	7	6	6	1.0
id-01317	5	3	30	0.8
id-01318	9	11	8	0.8
id-01319	1	2	19	1.0
id-01320	8	15	7	0.8
id-01321	8	6	24	0.8
id-01322	5	8	28	0.9
id-01323	8	2	9	1.0
id-01324	4	8	1	0.9
id-01325	4	3	15	0.8
id-01326	5	4	9	0.9
id-01327	1	2	21	1.0
id-01328	6	2	24	0.9
id-01329	9	17	12	0.9
id-01330	2	3	24	0.8
id-01331	1	2	6	0.8
id-01332	4	3	5	0.8
id-01333	5	3	23	0.9
id-01334	3	5	11	0.9
id-01335	2	4	4	0.8
id-01336	6	2	24	0.9
id-01337	1	2	28	0.8
id-01338	3	3	9	0.9
id-01339	9	18	5	0.9
id-01340	7	7	28	0.9
id-01341	7	7	6	0.9
id-01342	8	5	19	1.0
id-01343	7	2	30	0.8
id-01344	7	6	17	0.8
id-01345	3	3	22	0.9
id-01346	6	3	4	0.9
id-01347	3	3	1	1.0
id-01348	3	6	7	0.8
id-01349	5	7	29	0.9
id-01350	5	7	28	0.9
id-01351	8	4	1	1.0
id-01352	4	8	14	0.9
id-01353	9	8	7	0.9
id-01354	7	3	7	0.9
id-01355	3	2	10	1.0
id-01356	6	7	12	0.9
id-01357	1	2	23	1.0
id-01358	8	9	7	1.0
id-01359	5	3	25	0.8
id-01360	3	6	29	0.8
id-01361	7	14	3	0.9
id-01362	3	4	10	0.9
id-01363	5	8	7	1.0
id-01364	6	3	9	0.9
id-01365	5	2	1	0.8
id-01366	3	5	22	0.8
id-01367	8	2	23	1.0
id-01368	7	4	27	1.0
id-01369	8	5	28	0.9
id-01370	9	6	10	0.9
id-01371	8	12	23	1.0
id-01372	5	4	23	0.9
id-01373	5	3	5	0.9
id-01374	7	6	9	0.9
id-01375	1	2	15	0.9
id-01376	9	10	3	0.8
id-01377	6	11	22	1.0
id-01378	4	3	9	0.9
id-01379	6	6	4	0.9
id-01380	7	2	30	0.9
id-01381	1	2	29	0.9
id-01382	8	11	2	0.8
id-01383	6	2	15	0.9
id-01384	7	3	26	0.9
id-01385	6	2	10	0.8
id-01386	5	6	1	0.9
id-01387	8	2	19	1.0
id-01388	2	3	29	0.9
id-01389	9	14	1	0.9
id-01390	6	6	23	0.9
id-01391	5	5	25	0.9
id-01392	5	2	9	1.0
id-01393	5	8	20	0.9
id-01394	6	6	11	0.9
id-01395	6	3	5	0.9
id-01396	10	13	4	0.9
id-01397	8	8	1	0.8
id-01398	7	3	22	0.9
id-01399	6	12	19	0.9
id-01400	10	10	30	0.9
id-01401	6	11	29	0.9
id-01402	10	12	7	0.9
id-01403	10	19	20	0.9
id-01404	4	6	30	0.8
id-01405	7	2	5	1.0
id-01406	10	11	25	1.0
id-01407	1	2	20	1.0
id-01408	2	4	19	0.9
id-01409	4	7	4	0.8
id-01410	2	2	17	0.9
id-01411	5	8	13	0.9
id-01412	8	8	15	0.9
id-01413	4	7	21	0.8
id-01414	4	5	2	0.8
id-01415	6	6	1	0.8
id-01416	4	2	9	0.8
id-01417	8	9	25	0.9
id-01418	6	11	12	0.9
id-01419	8	14	11	0.8
id-01420	4	8	12	0.9
id-01421	4	3	3	0.9
id-01422	4	5	7	0.9
id-01423	4	5	2	1.0
id-01424	10	6	9	0.9
id-01425	9	4	4	0.9
id-01426	8	15	30	1.0
id-01427	3	4	26	0.8
id-01428	4	3	9	1.0
id-01429	3	6	19	0.9
id-01430	4	4	1	0.8
id-01431	4	4	13	0.9
id-01432	6	7	10	0.8
id-01433	2	2	3	0.9
id-01434	3	5	14	1.0
id-01435	10	8	19	1.0
id-01436	1	2	11	1.0
id-01437	8	9	7	0.9
id-01438	9	16	14	0.9
id-01439	1	2	6	0.9
id-01440	1	2	24	0.9
id-01441	5	3	20	0.9
id-01442	8	8	10	0.9
id-01443	2	2	14	0.8
id-01444	1	2	14	0.8
id-01445	2	2	13	0.9
id-01446	9	15	11	0.9
id-01447	7	4	26	0.8
id-01448	3	5	23	0.9
id-01449	9	8	28	0.9
id-01450	9	3	13	0.9
id-01451	5	10	16	1.0
id-01452	7	14	14	0.8
id-01453	7	9	22	0.8
id-01454	4	3	5	1.0
id-01455	8	3	26	0.8
id-01456	9	7	3	0.9
id-01457	9	9	1	0.8
id-01458	5	4	20	0.8
id-01459	6	12	8	0.9
id-01460	10	5	10	0.9
id-01461	3	3	21	0.9
id-01462	6	3	8	0.9
id-01463	9	5	14	0.9
id-01464	3	6	6	0.8
id-01465	1	2	20	0.9
id-01466	8	7	25	1.0
id-01467	6	3	29	0.9
id-01468	10	10	11	0.9
id-01469	6	4	16	0.9
id-01470	5	5	25	0.8
id-01471	3	6	27	0.9
id-01472	9	8	25	1.0
id-01473	6	6	27	0.9
id-01474	9	10	11	0.8
id-01475	9	9	10	1.0
id-01476	5	4	24	0.8
id-01477	3	5	18	0.8
id-01478	5	5	6	0.9
id-01479	6	10	14	1.0
id-01480	7	10	18	0.9
id-01481	1	2	10	0.9
id-01482	3	3	19	0.9
id-01483	6	3	3	0.9
id-01484	2	3	7	0.9
id-01485	1	2	5	0.9
id-01486	5	6	7	0.9
id-01487	4	5	13	0.9
id-01488	9	15	2	0.8
id-01489	6	10	16	1.0
id-01490	4	3	20	1.0
id-01491	4	8	21	0.8
id-01492	1	2	7	0.9
id-01493	9	2	18	1.0
id-01494	3	3	28	0.9
id-01495	7	8	26	0.8
id-01496	8	10	29	0.9
id-01497	1	2	9	1.0
id-01498	6	5	17	1.0
id-01499	3	2	30	0.9
id-01500	8	7	7	0.9
id-01501	8	11	7	0.9
id-01502	5	6	17	1.0
id-01503	6	2	21	0.9
id-01504	8	4	3	0.9
id-01505	5	10	1	0.8
id-01506	1	2	22	0.9
id-01507	8	3	22	1.0
id-01508	4	6	18	0.8
id-01509	7	13	21	0.8
id-01510	2	3	28	1.0
id-01511	6	6	4	0.9
id-01512	5	9	15	0.9
id-01513	10	19	29	1.0
id-01514	2	2	29	0.9
id-01515	1	2	15	0.8
id-01516	3	4	17	0.9
id-01517	3	5	17	1.0
id-01518	9	11	3	0.8
id-01519	3	4	18	0.9
id-01520	6	3	9	0.9
id-01521	7	10	28	1.0
id-01522	9	4	10	0.8
id-01523	1	2	22	0.9
id-01524	4	2	11	0.9
id-01525	10	19	23	0.9
id-01526	2	2	30	0.9
id-01527	10	4	9	1.0
id-01528	2	4	3	0.8
id-01529	1	2	26	0.9
id-01530	2	3	2	0.8
id-01531	1	2	1	0.9
id-01532	2	3	1	0.9
id-01533	2	4	2	0.8
id-01534	6	12	3	0.9
id-01535	7	9	11	0.8
id-01536	1	2	24	0.8
id-01537	2	3	19	0.9
id-01538	10	9	30	1.0
id-01539	4	7	25	1.0
id-01540	3	2	13	1.0
id-01541	5	4	30	0.8
id-01542	9	13	10	0.9
id-01543	10	13	13	1.0
id-01544	8	10	13	0.9
id-01545	5	7	15	1.0
id-01546	1	2	14	1.0
id-01547	3	5	5	0.8
id-01548	6	3	5	0.9
id-01549	4	3	11	1.0
id-01550	3	5	1	0.9
id-01551	2	3	20	1.0
id-01552	2	3	29	0.9
id-01553	10	13	23	0.8
id-01554	2	4	10	0.8
id-01555	6	5	16	0.9
id-01556	5	9	25	0.9
id-01557	8	8	11	1.0
id-01558	8	5	18	0.9
id-01559	10	8	28	0.9
id-01560	10	2	27	0.8
id-01561	3	5	9	0.9
id-01562	7	10	8	0.8
id-01563	7	7	7	0.9
id-01564	2	4	3	0.8
id-01565	5	3	9	0.9
id-01566	10	7	19	0.9
id-01567	7	9	23	0.9
id-01568	9	3	29	0.8
id-01569	6	2	29	0.8
id-01570	6	3	11	1.0
id-01571	3	3	8	0.8
id-01572	8	14	17	0.9
id-01573	5	6	16	0.8
id-01574	7	13	27	1.0
id-01575	1	2	20	0.9
id-01576	4	8	19	0.9
id-01577	9	3	17	0.9
id-01578	8	3	17	0.8
id-01579	4	2	29	1.0
id-01580	10	8	3	0.9
id-01581	5	3	26	0.8
id-01582	7	13	5	0.9
id-01583	9	11	6	0.9
id-01584	5	4	4	0.8
id-01585	1	2	6	0.9
id-01586	1	2	19	1.0
id-01587	1	2	11	0.8
id-01588	10	6	28	1.0
id-01589	10	4	14	0.9
id-01590	9	13	24	1.0
id-01591	2	3	25	0.9
id-01592	3	2	16	0.9
id-01593	7	8	3	0.9
id-01594	8	10	29	0.8
id-01595	7	6	8	0.8
id-01596	4	5	26	1.0
id-01597	4	7	12	0.9
id-01598	1	2	29	1.0
id-01599	1	2	20	0.9
id-01600	1	2	17	1.0
id-01601	1	2	21	0.9
id-01602	3	2	20	0.8
id-01603	10	2	18	0.8
id-01604	5	3	1	0.9
id-01605	2	2	21	0.9
id-01606	6	3	5	0.9
id-01607	4	8	14	1.0
id-01608	6	3	13	0.9
id-01609	5	6	10	0.9
id-01610	3	6	20	0.9
id-01611	3	4	2	1.0
id-01612	5	7	19	0.9
id-01613	5	4	13	0.8
id-01614	1	2	29	0.9
id-01615	2	4	22	0.9
id-01616	5	3	10	0.9
id-01617	1	2	13	0.9
id-01618	9	3	17	1.0
id-01619	7	9	18	0.8
id-01620	8	7	7	1.0
id-01621	6	4	19	0.9
id-01622	10	16	16	0.9
id-01623	2	4	25	0.9
id-01624	1	2	20	0.9
id-01625	7	8	9	1.0
id-01626	5	6	2	0.9
id-01627	10	13	10	0.8
id-01628	4	8	16	0.9
id-01629	4	2	9	1.0
id-01630	9	14	6	1.0
id-01631	6	8	26	1.0
id-01632	10	7	9	0.9
id-01633	6	4	5	0.9
id-01634	1	2	8	0.9
id-01635	2	2	12	0.9
id-01636	5	3	11	0.9
id-01637	2	2	6	0.8
id-01638	7	2	15	0.9
id-01639	7	14	7	0.9
id-01640	6	8	8	0.9
id-01641	10	13	27	0.8
id-01642	10	9	18	0.9
id-01643	8	7	27	1.0
id-01644	10	2	7	1.0
id-01645	9	6	30	0.9
id-01646	6	8	25	0.9
id-01647	7	5	10	0.8
id-01648	7	13	17	0.9
id-01649	9	16	19	0.8
id-01650	5	5	13	0.9
id-01651	1	2	22	1.0
id-01652	5	6	20	0.8
id-01653	1	2	20	0.8
id-01654	7	13	20	0.9
id-01655	1	2	30	0.9
id-01656	2	4	17	0.9
id-01657	4	6	21	0.8
id-01658	7	5	6	0.8
id-01659	6	11	25	0.9
id-01660	2	4	17	1.0
id-01661	2	3	10	0.9
id-01662	7	8	4	0.9
id-01663	3	5	13	0.9
id-01664	6	12	18	1.0
id-01665	1	2	20	0.9
id-01666	1	2	26	1.0
id-01667	7	8	3	0.9
id-01668	10	17	2	1.0
id-01669	3	5	25	0.9
id-01670	8	8	1	1.0
id-01671	10	7	15	0.9
id-01672	1	2	24	0.9
id-01673	9	11	18	0.9
id-01674	2	2	23	1.0
id-01675	1	2	20	0.9
id-01676	2	3	1	0.8
id-01677	4	8	11	0.9
id-01678	1	2	8	0.9
id-01679	9	18	23	0.9
id-01680	9	15	12	1.0
id-01681	7	11	13	0.9
id-01682	10	13	16	0.9
id-01683	4	4	2	0.9
id-01684	5	6	10	0.8
id-01685	8	5	26	0.8
id-01686	9	15	23	0.8
id-01687	1	2	8	0.9
id-01688	10	4	23	0.9
id-01689	2	2	30	1.0
id-01690	8	4	7	0.8
id-01691	9	8	6	0.9
id-01692	7	5	29	0.9
id-01693	4	5	10	1.0
id-01694	7	5	29	0.9
id-01695	10	5	24	1.0
id-01696	4	7	28	1.0
id-01697	4	7	18	0.9
id-01698	8	9	24	1.0
id-01699	9	11	3	0.9
id-01700	10	10	17	1.0
id-01701	7	11	28	0.9
id-01702	5	6	17	0.8
id-01703	7	14	8	0.9
id-01704	5	6	6	0.9
id-01705	6	3	8	0.9
id-01706	1	2	12	0.9
id-01707	3	2	23	0.8
id-01708	9	13	17	0.9
id-01709	8	10	29	0.8
id-01710	1	2	5	0.9
id-01711	1	2	27	0.9
id-01712	5	7	7	0.8
id-01713	2	3	10	0.8
id-01714	8	5	1	0.9
id-01715	4	6	3	0.9
id-01716	4	3	10	0.8
id-01717	2	3	29	0.9
id-01718	2	2	23	0.8
id-01719	7	13	5	1.0
id-01720	1	2	29	1.0
id-01721	4	2	24	0.9
id-01722	8	4	3	0.8
id-01723	1	2	4	1.0
id-01724	5	4	19	0.9
id-01725	8	2	27	1.0
id-01726	6	7	2	0.8
id-01727	8	16	5	0.9
id-01728	9	2	13	0.8
id-01729	1	2	26	1.0
id-01730	4	3	1	0.9
id-01731	9	15	30	0.9
id-01732	9	18	9	0.8
id-01733	3	2	12	1.0
id-01734	2	4	25	0.8
id-01735	1	2	29	1.0
id-01736	9	11	21	0.9
id-01737	3	5	25	0.9
id-01738	7	10	30	0.9
id-01739	4	6	16	1.0
id-01740	6	11	30	0.8
id-01741	6	7	7	1.0
id-01742	10	5	12	0.9
id-01743	4	7	26	0.8
id-01744	9	17	27	0.9
id-01745	9	6	14	0.9
id-01746	4	8	18	0.8
id-01747	2	4	1	1.0
id-01748	7	3	28	0.9
id-01749	2	2	16	0.8
id-01750	9	8	3	0.9
id-01751	2	3	24	1.0
id-01752	7	13	10	0.8
id-01753	4	8	4	0.8
id-01754	5	2	3	0.9
id-01755	8	8	3	1.0
id-01756	4	4	4	1.0
id-01757	9	4	14	0.9
id-01758	10	10	4	0.9
id-01759	1	2	12	0.8
id-01760	6	7	25	0.8
id-01761	3	5	4	0.9
id-01762	1	2	10	0.9
id-01763	1	2	21	0.9
id-01764	3	5	29	1.0
id-01765	4	5	20	0.9
id-01766	5	3	30	1.0
id-01767	7	13	23	0.9
id-01768	9	3	27	0.9
id-01769	10	4	20	0.9
id-01770	10	5	24	0.9
id-01771	5	3	12	0.9
id-01772	5	8	29	0.8
id-01773	2	4	6	0.8
id-01774	6	12	29	0.9
id-01775	3	4	17	0.9
id-01776	8	15	29	1.0
id-01777	3	5	27	0.9
id-01778	4	8	5	0.9
id-01779	5	10	5	1.0
id-01780	5	2	29	0.9
id-01781	8	14	24	0.9
id-01782	1	2	24	1.0
id-01783	8	8	22	0.8
id-01784	1	2	15	0.9
id-01785	9	6	28	0.9
id-01786	7	5	20	0.9
id-01787	9	4	29	0.9
id-01788	10	8	12	0.9
id-01789	10	9	3	0.9
id-01790	6	4	3	0.9
id-01791	3	6	2	0.9
id-01792	3	4	13	0.9
id-01793	4	8	7	1.0
id-01794	5	2	18	0.9
id-01795	4	3	2	0.8
id-01796	7	6	1	0.8
id-01797	8	14	2	1.0
id-01798	2	3	30	0.9
id-01799	4	3	19	0.9
id-01800	10	5	10	0.9
id-01801	5	3	22	0.8
id-01802	10	13	9	0.8
id-01803	8	11	11	0.9
id-01804	7	7	29	0.9
id-01805	3	5	10	0.9
id-01806	9	14	21	0.8
id-01807	5	10	15	0.8
id-01808	9	12	20	0.8
id-01809	7	10	4	0.8
id-01810	4	3	24	0.9
id-01811	1	2	29	1.0
id-01812	9	6	20	0.8
id-01813	2	3	20	1.0
id-01814	9	10	8	0.8
id-01815	2	2	17	1.0
id-01816	8	7	2	1.0
id-01817	8	11	9	0.8
id-01818	6	3	17	0.9
id-01819	4	8	15	1.0
id-01820	1	2	19	0.9
id-01821	4	3	1	0.9
id-01822	9	2	27	0.9
id-01823	3	4	1	0.9
id-01824	2	4	6	0.9
id-01825	9	6	1	1.0
id-01826	3	2	22	0.9
id-01827	5	2	11	0.9
id-01828	6	4	25	0.9
id-01829	6	10	28	1.0
id-01830	4	8	24	0.9
id-01831	1	2	17	1.0
id-01832	8	10	13	0.8
id-01833	3	3	13	0.9
id-01834	5	10	18	0.8
id-01835	8	13	6	0.8
id-01836	5	2	17	0.9
id-01837	9	5	6	0.9
id-01838	5	8	30	0.9
id-01839	5	7	7	0.9
id-01840	6	12	12	1.0
id-01841	3	2	14	0.9
id-01842	1	2	30	0.9
id-01843	6	6	24	0.9
id-01844	5	3	23	1.0
id-01845	2	3	27	0.9
id-01846	2	4	4	1.0
id-01847	4	8	24	0.9
id-01848	10	8	1	1.0
id-01849	7	8	11	1.0
id-01850	8	6	22	0.9
id-01851	9	3	22	0.9
id-01852	4	4	14	0.9
id-01853	4	6	11	0.9
id-01854	5	7	5	1.0
id-01855	3	5	9	0.9
id-01856	4	4	23	0.8
id-01857	1	2	24	0.8
id-01858	9	8	29	0.8
id-01859	9	17	28	0.8
id-01860	9	10	3	0.9
id-01861	10	19	13	0.9
id-01862	4	3	17	0.9
id-01863	8	16	11	0.9
id-01864	2	3	7	0.9
id-01865	9	10	29	0.8
id-01866	7	10	1	0.9
id-01867	2	4	24	0.9
id-01868	2	2	19	0.9
id-01869	10	15	11	0.8
id-01870	1	2	10	1.0
id-01871	8	10	13	0.9
id-01872	4	8	8	0.9
id-01873	5	5	10	1.0
id-01874	3	2	20	0.9
id-01875	3	4	6	1.0
id-01876	2	4	28	0.9
id-01877	6	9	17	0.9
id-01878	10	6	11	0.9
id-01879	9	7	17	0.9
id-01880	3	2	7	0.9
id-01881	9	8	29	0.8
id-01882	4	8	13	0.8
id-01883	1	2	4	0.9
id-01884	5	4	2	0.8
id-01885	4	4	26	0.9
id-01886	8	15	7	0.9
id-01887	10	9	25	0.9
id-01888	2	4	26	0.9
id-01889	9	12	18	1.0
id-01890	4	2	25	0.8
id-01891	5	6	27	0.9
id-01892	3	4	10	1.0
id-01893	1	2	18	0.9
id-01894	8	3	6	0.9
id-01895	7	10	4	1.0
id-01896	7	5	7	0.9
id-01897	4	8	27	0.9
id-01898	3	4	21	0.8
id-01899	8	15	27	1.0
id-01900	2	2	10	0.8
id-01901	4	3	24	0.9
id-01902	2	2	14	1.0
id-01903	5	6	10	0.9
id-01904	7	8	21	1.0
id-01905	2	4	27	0.9
id-01906	4	6	4	0.8
id-01907	6	10	27	0.9
id-01908	9	9	12	0.9
id-01909	7	6	4	0.9
id-01910	7	12	13	0.9
id-01911	9	11	11	0.8
id-01912	3	6	21	0.8
id-01913	7	5	2	0.9
id-01914	2	2	10	0.9
id-01915	3	6	18	0.9
id-01916	10	9	17	1.0
id-01917	5	7	15	0.9
id-01918	4	6	21	0.9
id-01919	7	13	28	0.9
id-01920	8	16	25	1.0
id-01921	6	12	20	0.9
id-01922	6	4	10	0.9
id-01923	3	6	9	0.8
id-01924	6	12	10	1.0
id-01925	1	2	1	0.8
id-01926	4	5	10	1.0
id-01927	7	11	22	1.0
id-01928	7	5	12	1.0
id-01929	7	9	25	1.0
id-01930	7	5	4	0.9
id-01931	9	16	16	0.9
id-01932	10	18	18	1.0
id-01933	9	2	2	0.9
id-01934	2	4	2	0.9
id-01935	6	9	7	1.0
id-01936	8	3	16	1.0
id-01937	2	2	15	0.9
id-01938	4	6	29	0.9
id-01939	5	3	12	0.9
id-01940	1	2	21	1.0
id-01941	6	2	20	1.0
id-01942	9	5	12	0.8
id-01943	6	6	23	1.0
id-01944	7	5	10	0.9
id-01945	8	13	28	0.9
id-01946	3	4	28	0.9
id-01947	10	13	4	0.9
id-01948	2	2	15	0.8
id-01949	7	10	13	1.0
id-01950	1	2	29	0.9
id-01951	4	5	8	0.9
id-01952	2	3	6	1.0
id-01953	3	6	25	0.9
id-01954	8	4	16	1.0
id-01955	5	10	14	1.0
id-01956	10	7	15	1.0
id-01957	1	2	12	0.9
id-01958	4	2	11	0.9
id-01959	6	8	9	0.9
id-01960	4	7	15	0.9
id-01961	2	3	28	0.9
id-01962	5	2	26	1.0
id-01963	6	6	30	0.9
id-01964	7	9	28	1.0
id-01965	8	13	22	0.9
id-01966	10	17	4	1.0
id-01967	5	3	8	0.8
id-01968	6	4	28	0.9
id-01969	7	13	28	0.8
id-01970	5	3	26	0.9
id-01971	3	5	17	0.9
id-01972	3	2	29	1.0
id-01973	10	20	14	1.0
id-01974	8	3	20	0.9
id-01975	9	18	10	0.9
id-01976	8	9	17	0.8
id-01977	4	8	23	0.9
id-01978	5	6	17	0.8
id-01979	4	6	14	0.9
id-01980	5	10	16	0.9
id-01981	1	2	25	0.9
id-01982	7	11	6	0.9
id-01983	4	8	28	0.9
id-01984	3	5	4	1.0
id-01985	4	6	7	0.8
id-01986	5	9	30	0.8
id-01987	9	18	9	0.8
id-01988	2	2	28	0.9
id-01989	3	4	4	0.8
id-01990	6	10	9	0.9
id-01991	4	2	3	1.0
id-01992	1	2	25	0.8
id-01993	8	6	23	0.9
id-01994	8	5	29	0.9
id-01995	2	4	7	0.9
id-01996	3	2	2	0.9
id-01997	9	7	18	1.0
id-01998	10	9	1	0.9
id-01999	4	6	12	0.9
id-02000	8	12	14	0.9
id-02001	10	5	23	1.0
id-02002	6	3	16	0.9
id-02003	7	6	30	0.9
id-02004	9	8	16	0.8
id-02005	5	6	13	1.0
id-02006	6	3	30	0.9
id-02007	9	17	28	0.8
id-02008	6	9	30	0.8
id-02009	3	5	1	0.9
id-02010	5	5	2	1.0
id-02011	5	7	30	0.9
id-02012	5	2	3	1.0
id-02013	10	20	29	0.8
id-02014	1	2	25	0.8
id-02015	7	13	5	0.9
id-02016	9	18	2	0.9
id-02017	3	5	9	0.9
id-02018	3	2	19	0.8
id-02019	4	8	25	0.9
id-02020	2	3	11	0.8
id-02021	9	14	2	1.0
id-02022	3	3	25	0.8
id-02023	5	3	15	0.9
id-02024	4	2	15	0.9
id-02025	6	8	26	0.8
id-02026	9	12	7	0.8
id-02027	5	5	11	1.0
id-02028	8	11	24	0.9
id-02029	2	3	5	0.8
id-02030	5	8	9	1.0
id-02031	9	2	10	0.9
id-02032	1	2	24	0.9
id-02033	2	2	18	0.8
id-02034	6	11	6	0.8
id-02035	6	12	30	0.8
id-02036	5	7	29	1.0
id-02037	3	2	3	0.9
id-02038	6	2	13	0.9
id-02039	10	19	3	0.9
id-02040	9	17	26	0.9
id-02041	2	3	19	0.9
id-02042	2	4	28	1.0
id-02043	1	2	22	0.9
id-02044	3	3	18	0.9
id-02045	10	11	9	0.9
id-02046	7	6	12	0.9
id-02047	6	12	14	1.0
id-02048	7	6	13	0.9
id-02049	3	3	9	0.9
id-02050	2	4	10	0.9
id-02051	9	18	24	0.9
id-02052	2	3	7	0.9
id-02053	9	13	23	1.0
id-02054	6	7	23	0.8
id-02055	6	12	8	0.9
id-02056	2	3	27	1.0
id-02057	4	4	15	1.0
id-02058	1	2	12	0.8
id-02059	4	2	22	1.0
id-02060	8	13	17	0.9
id-02061	3	3	19	0.8
id-02062	1	2	21	0.9
id-02063	2	4	16	0.9
id-02064	6	7	27	0.9
id-02065	4	2	3	1.0
id-02066	6	3	2	1.0
id-02067	3	4	21	0.8
id-02068	2	3	21	0.9
id-02069	8	8	3	0.9
id-02070	5	6	21	0.8
id-02071	6	12	23	1.0
id-02072	1	2	15	0.9
id-02073	1	2	28	0.9
id-02074	7	6	7	0.9
id-02075	5	3	5	0.8
id-02076	5	5	21	0.8
id-02077	4	6	19	1.0
id-02078	8	8	4	0.9
id-02079	3	4	10	0.9
id-02080	5	8	22	0.9
id-02081	3	3	16	1.0
id-02082	8	7	16	0.9
id-02083	7	7	26	1.0
id-02084	3	3	22	0.9
id-02085	4	5	26	0.8
id-02086	4	3	9	0.9
id-02087	5	10	10	0.9
id-02088	9	14	3	0.9
id-02089	4	7	27	1.0
id-02090	3	4	4	0.8
id-02091	8	10	22	1.0
id-02092	6	4	14	0.9
id-02093	10	10	16	0.9
id-02094	5	9	11	0.9
id-02095	6	7	20	1.0
id-02096	4	3	3	1.0
id-02097	10	19	4	0.8
id-02098	6	2	27	0.9
id-02099	5	4	29	1.0
id-02100	6	2	25	0.9
id-02101	9	13	5	0.8
id-02102	7	13	20	0.9
id-02103	9	7	20	0.9
id-02104	9	2	4	0.9
id-02105	8	7	11	1.0
id-02106	8	11	15	0.8
id-02107	2	2	15	0.9
id-02108	3	3	1	0.8
id-02109	1	2	4	1.0
id-02110	3	6	27	1.0
id-02111	2	2	9	0.9
id-02112	7	5	29	1.0
id-02113	5	10	29	0.8
id-02114	6	8	17	0.9
id-02115	3	6	30	0.9
id-02116	3	3	27	0.8
id-02117	6	11	14	0.9
id-02118	2	3	8	0.8
id-02119	6	8	25	0.9
id-02120	4	2	29	0.9
id-02121	4	2	13	0.9
id-02122	9	14	9	0.9
id-02123	9	9	26	0.9
id-02124	1	2	13	0.9
id-02125	7	9	29	1.0
id-02126	8	13	20	0.9
id-02127	10	13	6	0.9
id-02128	2	3	8	1.0
id-02129	5	4	6	0.9
id-02130	9	8	28	0.9
id-02131	1	2	27	1.0
id-02132	6	8	9	0.9
id-02133	5	2	7	0.9
id-02134	3	5	1	0.9
id-02135	8	2	27	0.9
id-02136	3	2	2	1.0
id-02137	3	5	23	0.8
id-02138	4	8	4	0.9
id-02139	7	8	22	0.8
id-02140	8	5	16	0.8
id-02141	2	2	3	0.9
id-02142	8	10	10	1.0
id-02143	7	14	30	0.9
id-02144	8	6	23	1.0
id-02145	3	4	5	0.8
id-02146	5	6	30	1.0
id-02147	2	3	19	0.9
id-02148	6	12	3	0.9
id-02149	4	8	2	1.0
id-02150	8	12	22	0.9
id-02151	10	8	10	1.0
id-02152	5	7	28	0.9
id-02153	5	3	14	0.9
id-02154	5	2	5	0.9
id-02155	7	13	29	0.8
id-02156	6	2	12	0.8
id-02157	1	2	6	0.9
id-02158	1	2	8	0.9
id-02159	6	5	15	0.8
id-02160	6	5	28	1.0
id-02161	4	3	30	0.9
id-02162	2	3	19	1.0
id-02163	9	8	13	0.8
id-02164	5	4	5	1.0
id-02165	2	2	6	1.0
id-02166	10	11	2	0.9
id-02167	6	7	30	0.9
id-02168	8	8	5	0.9
id-02169	7	11	4	0.8
id-02170	6	6	15	0.9
id-02171	1	2	13	0.9
id-02172	10	15	20	1.0
id-02173	4	2	14	0.8
id-02174	7	13	5	0.9
id-02175	9	2	3	0.8
id-02176	9	7	25	0.8
id-02177	9	8	24	1.0
id-02178	4	3	28	0.8
id-02179	2	4	18	0.9
id-02180	5	8	23	0.8
id-02181	2	4	4	0.9
id-02182	10	14	11	1.0
id-02183	9	2	30	0.9
id-02184	8	8	17	0.9
id-02185	7	4	19	0.9
id-02186	5	9	12	0.9
id-02187	6	9	7	0.9
id-02188	2	3	23	1.0
id-02189	7	2	11	0.8
id-02190	9	8	15	0.9
id-02191	5	5	23	1.0
id-02192	7	9	6	0.9
id-02193	3	3	14	1.0
id-02194	2	2	14	0.8
id-02195	4	3	18	1.0
id-02196	5	8	12	0.8
id-02197	1	2	21	0.9
id-02198	7	6	6	0.9
id-02199	5	6	6	0.8
id-02200	3	5	16	0.8
id-02201	3	4	2	0.9
id-02202	2	2	14	0.8
id-02203	4	5	15	1.0
id-02204	10	7	1	1.0
id-02205	7	7	5	0.9
id-02206	7	2	17	1.0
id-02207	10	18	18	0.9
id-02208	8	14	7	0.8
id-02209	7	10	11	0.9
id-02210	9	8	27	1.0
id-02211	3	3	25	0.9
id-02212	9	6	4	0.8
id-02213	8	8	9	1.0
id-02214	6	6	11	0.8
id-02215	2	4	6	0.9
id-02216	3	2	17	0.9
id-02217	8	10	22	0.9
id-02218	9	14	12	1.0
id-02219	5	2	2	0.9
id-02220	3	3	13	1.0
id-02221	7	13	1	0.9
id-02222	3	3	14	0.8
id-02223	2	2	3	0.9
id-02224	2	3	29	0.9
id-02225	1	2	18	0.9
id-02226	3	6	22	1.0
id-02227	10	2	2	0.8
id-02228	6	2	16	1.0
id-02229	8	5	21	0.9
id-02230	2	3	1	1.0
id-02231	3	2	10	0.9
id-02232	1	2	6	0.9
id-02233	2	3	1	0.9
id-02234	1	2	15	0.9
id-02235	4	5	21	0.9
id-02236	10	14	4	1.0
id-02237	6	6	12	0.9
id-02238	5	5	15	1.0
id-02239	1	2	19	0.9
id-02240	10	12	2	0.9
id-02241	6	7	3	0.9
id-02242	3	3	2	0.8
id-02243	7	13	2	0.8
id-02244	9	14	17	0.8
id-02245	7	9	2	1.0
id-02246	9	7	29	0.9
id-02247	2	3	24	0.9
id-02248	4	2	11	0.9
id-02249	5	9	24	0.9
id-02250	7	4	30	1.0
id-02251	1	2	24	1.0
id-02252	1	2	23	0.9
id-02253	8	10	20	0.8
id-02254	1	2	25	0.8
id-02255	6	9	9	0.9
id-02256	1	2	15	0.9
id-02257	1	2	26	0.9
id-02258	10	16	14	0.8
id-02259	6	3	9	0.9
id-02260	7	5	21	0.9
id-02261	6	9	2	0.9
id-02262	5	7	20	0.9
id-02263	3	3	15	0.9
id-02264	7	6	1	0.8
id-02265	5	4	27	0.8
id-02266	7	9	19	0.8
id-02267	10	14	7	1.0
id-02268	4	7	15	0.9
id-02269	7	14	6	0.9
id-02270	1	2	13	0.9
id-02271	5	8	7	0.8
id-02272	7	10	25	0.9
id-02273	9	4	25	1.0
id-02274	3	2	29	0.9
id-02275	2	2	1	0.9
id-02276	2	4	11	0.9
id-02277	1	2	23	0.8
id-02278	2	2	16	0.9
id-02279	8	4	11	0.9
id-02280	6	10	10	0.9
id-02281	10	2	16	1.0
id-02282	10	16	3	0.8
id-02283	4	7	8	0.9
id-02284	2	3	27	0.9
id-02285	9	18	1	0.9
id-02286	3	4	10	1.0
id-02287	8	15	15	0.8
id-02288	6	6	4	0.9
id-02289	5	4	24	1.0
id-02290	4	2	22	0.9
id-02291	8	15	22	0.8
id-02292	5	2	7	0.9
id-02293	3	3	12	1.0
id-02294	2	3	21	0.8
id-02295	7	14	5	0.9
id-02296	4	5	29	1.0
id-02297	1	2	9	0.8
id-02298	2	2	4	0.9
id-02299	8	5	19	1.0
id-02300	10	6	17	0.9
id-02301	8	12	7	1.0
id-02302	2	3	8	0.9
id-02303	7	6	6	0.9
id-02304	8	14	15	0.9
id-02305	2	2	15	1.0
id-02306	6	3	30	1.0
id-02307	3	4	28	0.9
id-02308	5	2	3	0.9
id-02309	5	8	12	1.0
id-02310	8	10	24	0.9
id-02311	3	3	8	0.9
id-02312	1	2	28	1.0
id-02313	6	11	1	0.9
id-02314	10	4	6	0.9
id-02315	10	10	15	1.0
id-02316	2	3	3	0.8
id-02317	4	4	1	0.8
id-02318	5	3	10	0.9
id-02319	8	9	2	0.9
id-02320	7	10	1	1.0
id-02321	3	6	13	1.0
id-02322	8	11	3	0.9
id-02323	9	11	30	0.9
id-02324	10	18	3	0.9
id-02325	7	14	9	1.0
id-02326	8	10	29	1.0
id-02327	6	8	10	1.0
id-02328	9	5	27	0.9
id-02329	5	4	17	1.0
id-02330	9	12	2	0.9
id-02331	4	8	1	0.9
id-02332	9	18	19	1.0
id-02333	5	7	14	1.0
id-02334	5	7	16	0.9
id-02335	6	10	6	0.9
id-02336	10	17	4	0.9
id-02337	4	2	11	0.9
id-02338	8	9	5	1.0
id-02339	9	6	21	1.0
id-02340	7	9	21	0.8
id-02341	5	6	12	0.8
id-02342	5	6	28	0.8
id-02343	9	2	29	0.9
id-02344	1	2	12	0.8
id-02345	2	3	17	1.0
id-02346	2	3	20	0.9
id-02347	3	4	1	0.9
id-02348	4	8	10	0.8
id-02349	5	5	18	0.9
id-02350	3	4	30	0.8
id-02351	8	15	2	1.0
id-02352	3	2	16	0.8
id-02353	4	5	20	1.0
id-02354	4	6	4	0.8
id-02355	7	4	13	0.9
id-02356	10	8	28	0.9
id-02357	4	4	1	0.8
id-02358	6	2	24	1.0
id-02359	1	2	5	0.9
id-02360	3	5	26	0.9
id-02361	7	13	20	0.9
id-02362	7	5	19	0.9
id-02363	6	11	15	0.8
id-02364	2	4	10	0.8
id-02365	5	5	19	1.0
id-02366	8	13	29	1.0
id-02367	9	11	5	0.9
id-02368	6	4	13	0.8
id-02369	6	7	1	0.8
id-02370	4	8	10	1.0
id-02371	8	12	27	1.0
id-02372	4	4	1	1.0
id-02373	6	4	29	0.9
id-02374	1	2	20	1.0
id-02375	8	15	27	0.9
id-02376	3	5	10	1.0
id-02377	3	3	28	0.9
id-02378	5	4	10	0.9
id-02379	9	13	14	0.9
id-02380	7	3	11	0.9
id-02381	8	4	19	0.8
id-02382	6	12	30	0.8
id-02383	2	2	22	0.8
id-02384	6	3	20	0.9
id-02385	6	12	30	1.0
id-02386	5	10	17	0.8
id-02387	4	8	8	1.0
id-02388	5	9	21	0.8
id-02389	7	13	20	1.0
id-02390	1	2	25	0.8
id-02391	4	2	14	0.8
id-02392	9	10	16	1.0
id-02393	10	12	20	1.0
id-02394	9	12	12	0.9
id-02395	2	2	13	0.9
id-02396	4	5	28	0.9
id-02397	7	2	23	1.0
id-02398	7	9	17	0.9
id-02399	10	20	19	0.8
id-02400	2	2	19	1.0
id-02401	1	2	6	0.9
id-02402	5	7	28	0.9
id-02403	10	12	21	0.8
id-02404	3	4	27	1.0
id-02405	2	4	4	0.9
id-02406	6	12	12	1.0
id-02407	10	13	27	0.9
id-02408	3	2	16	1.0
id-02409	7	7	24	0.9
id-02410	9	9	28	0.9
id-02411	10	19	15	0.9
id-02412	10	17	28	0.9
id-02413	1	2	18	0.8
id-02414	5	4	17	1.0
id-02415	1	2	23	0.8
id-02416	2	4	20	1.0
id-02417	1	2	5	1.0
id-02418	7	9	2	0.8
id-02419	1	2	6	0.9
id-02420	2	2	24	0.9
id-02421	9	3	10	1.0
id-02422	6	3	27	0.9
id-02423	5	10	14	0.9
id-02424	2	3	9	1.0
id-02425	3	6	25	0.9
id-02426	5	9	3	0.9
id-02427	2	3	26	0.8
id-02428	3	4	9	1.0
id-02429	4	8	16	0.9
id-02430	1	2	15	1.0
id-02431	9	9	3	1.0
id-02432	8	5	15	0.9
id-02433	7	9	23	1.0
id-02434	9	10	1	0.8
id-02435	5	7	11	1.0
id-02436	6	12	16	0.9
id-02437	7	8	29	0.9
id-02438	10	20	5	0.9
id-02439	6	11	8	1.0
id-02440	6	3	24	0.9
id-02441	3	4	22	0.9
id-02442	8	7	24	0.8
id-02443	10	14	11	1.0
id-02444	6	3	27	0.9
id-02445	10	18	25	0.9
id-02446	2	2	17	0.9
id-02447	4	2	4	1.0
id-02448	5	8	22	0.8
id-02449	8	13	3	1.0
id-02450	5	6	26	0.9
id-02451	7	13	26	0.8
id-02452	2	4	9	0.9
id-02453	7	8	5	0.9
id-02454	4	3	4	1.0
id-02455	8	12	23	0.9
id-02456	4	4	7	1.0
id-02457	2	3	16	0.9
id-02458	5	7	2	0.8
id-02459	5	7	15	1.0
id-02460	10	11	1	1.0
id-02461	3	3	7	0.9
id-02462	1	2	13	0.9
id-02463	1	2	18	0.8
id-02464	1	2	10	0.8
id-02465	5	8	11	1.0
id-02466	3	2	20	1.0
id-02467	4	8	13	1.0
id-02468	7	10	16	0.9
id-02469	3	2	29	1.0
id-02470	7	6	6	0.9
id-02471	7	9	17	0.9
id-02472	6	2	16	0.9
id-02473	8	5	16	1.0
id-02474	10	3	1	0.9
id-02475	7	13	9	0.9
id-02476	6	12	20	0.9
id-02477	5	8	10	0.8
id-02478	3	2	27	1.0
id-02479	8	8	4	0.8
id-02480	2	4	7	1.0
id-02481	5	5	11	0.9
id-02482	7	3	25	1.0
id-02483	2	4	19	0.9
id-02484	3	6	26	1.0
id-02485	4	4	3	1.0
id-02486	3	2	26	1.0
id-02487	2	2	5	0.9
id-02488	7	12	12	1.0
id-02489	5	7	21	0.9
id-02490	9	11	24	0.8
id-02491	4	4	16	0.8
id-02492	4	3	17	0.8
id-02493	4	4	15	0.9
id-02494	2	3	21	0.8
id-02495	8	14	11	1.0
id-02496	6	8	21	0.8
id-02497	10	11	24	0.8
id-02498	9	3	15	0.9
id-02499	5	9	18	0.8
id-02500	7	6	2	0.9
id-02501	10	20	13	0.8
id-02502	1	2	5	0.9
id-02503	1	2	18	0.9
id-02504	9	17	10	1.0
id-02505	1	2	16	0.9
id-02506	1	2	22	0.8
id-02507	3	2	25	0.8
id-02508	3	4	13	0.9
id-02509	3	4	18	0.8
id-02510	1	2	28	0.9
id-02511	6	9	30	0.9
id-02512	8	2	10	1.0
id-02513	1	2	17	1.0
id-02514	7	7	2	0.8
id-02515	3	5	7	0.9
id-02516	3	3	16	0.8
id-02517	6	10	27	0.9
id-02518	4	8	2	0.9
id-02519	4	8	20	1.0
id-02520	3	5	8	0.9
id-02521	2	2	21	1.0
id-02522	3	3	1	0.8
id-02523	9	9	4	0.9
id-02524	5	6	14	1.0
id-02525	5	2	29	0.8
id-02526	1	2	1	0.9
id-02527	7	9	12	1.0
id-02528	2	4	26	0.9
id-02529	9	13	13	0.9
id-02530	7	4	10	0.8
id-02531	4	4	20	1.0
id-02532	2	4	1	0.9
id-02533	9	15	3	0.8
id-02534	1	2	15	0.9
id-02535	4	7	10	0.9
id-02536	5	5	23	0.9
id-02537	4	5	1	0.9
id-02538	1	2	29	1.0
id-02539	4	6	26	0.8
id-02540	7	14	26	0.9
id-02541	2	4	30	0.9
id-02542	9	2	8	0.9
id-02543	10	18	16	0.9
id-02544	3	3	29	1.0
id-02545	8	10	17	0.9
id-02546	10	8	19	0.9
id-02547	10	2	1	0.9
id-02548	9	5	5	0.9
id-02549	3	6	19	0.9
id-02550	3	4	8	0.9
id-02551	6	6	7	0.9
id-02552	8	4	29	1.0
id-02553	1	2	15	0.9
id-02554	10	8	22	0.8
id-02555	5	7	26	0.9
id-02556	4	5	30	0.9
id-02557	4	3	19	1.0
id-02558	8	3	22	0.9
id-02559	3	4	7	0.9
id-02560	6	9	6	0.9
id-02561	1	2	11	0.9
id-02562	6	8	21	0.9
id-02563	6	9	23	0.9
id-02564	5	5	21	0.9
id-02565	7	9	16	0.9
id-02566	4	6	9	0.9
id-02567	2	4	27	0.8
id-02568	4	3	15	0.8
id-02569	2	2	20	0.8
id-02570	7	2	25	0.9
id-02571	4	3	30	1.0
id-02572	4	2	12	1.0
id-02573	4	2	13	0.9
id-02574	5	2	6	0.8
id-02575	7	8	6	1.0
id-02576	3	6	28	1.0
id-02577	3	6	11	0.9
id-02578	3	5	16	0.9
id-02579	6	8	12	0.8
id-02580	3	5	13	0.9
id-02581	8	12	17	0.9
id-02582	6	3	11	0.9
id-02583	6	12	2	0.8
id-02584	9	15	18	0.8
id-02585	3	4	25	0.9
id-02586	7	3	3	1.0
id-02587	4	3	21	0.9
id-02588	4	5	1	0.8
id-02589	8	12	26	0.9
id-02590	7	9	21	0.8
id-02591	4	4	5	0.9
id-02592	5	8	12	0.8
id-02593	4	7	10	0.8
id-02594	5	2	27	1.0
id-02595	6	7	5	0.8
id-02596	9	18	21	0.9
id-02597	6	4	10	0.9
id-02598	1	2	7	0.8
id-02599	8	7	18	1.0
id-02600	5	8	10	0.9
id-02601	3	5	13	0.8
id-02602	5	2	23	1.0
id-02603	10	20	29	0.8
id-02604	9	16	24	1.0
id-02605	7	6	21	0.8
id-02606	2	2	23	0.9
id-02607	8	5	1	0.9
id-02608	6	7	12	0.8
id-02609	6	12	23	0.9
id-02610	9	18	27	0.9
id-02611	2	4	15	1.0
id-02612	4	2	28	0.9
id-02613	5	5	29	0.8
id-02614	10	11	6	0.9
id-02615	7	7	9	0.8
id-02616	2	3	17	0.8
id-02617	6	6	28	0.8
id-02618	8	12	18	0.8
id-02619	8	12	6	0.9
id-02620	1	2	2	0.9
id-02621	3	2	2	0.8
id-02622	4	2	7	0.8
id-02623	7	2	24	0.9
id-02624	8	15	29	0.8
id-02625	10	7	13	0.8
id-02626	3	4	28	1.0
id-02627	3	5	21	0.9
id-02628	1	2	25	0.9
id-02629	8	9	1	0.9
id-02630	3	5	4	1.0
id-02631	5	10	29	1.0
id-02632	10	11	18	1.0
id-02633	3	5	17	0.9
id-02634	8	2	16	0.9
id-02635	5	4	13	0.9
id-02636	4	3	2	0.9
id-02637	6	7	20	0.9
id-02638	9	16	3	0.8
id-02639	9	4	18	0.8
id-02640	4	7	12	0.8
id-02641	3	5	1	0.8
id-02642	3	2	7	0.9
id-02643	4	8	14	0.8
id-02644	8	7	9	0.9
id-02645	10	14	2	0.9
id-02646	4	4	12	0.8
id-02647	8	13	25	0.9
id-02648	10	10	20	0.9
id-02649	7	12	3	0.8
id-02650	2	2	12	0.9
id-02651	7	7	10	0.9
id-02652	4	6	5	0.8
id-02653	7	14	13	0.8
id-02654	8	13	30	0.8
id-02655	4	8	11	0.9
id-02656	9	12	1	0.9
id-02657	1	2	24	0.9
id-02658	7	14	29	0.9
id-02659	3	4	30	0.8
id-02660	3	4	12	1.0
id-02661	4	3	4	1.0
id-02662	5	8	16	0.9
id-02663	7	12	23	1.0
id-02664	5	4	2	0.9
id-02665	9	18	20	0.9
id-02666	3	2	27	0.8
id-02667	8	10	2	0.9
id-02668	2	2	3	0.9
id-02669	10	19	11	1.0
id-02670	9	7	14	0.8
id-02671	9	4	29	0.8
id-02672	7	2	8	0.9
id-02673	2	4	19	0.9
id-02674	9	10	15	0.9
id-02675	1	2	29	0.9
id-02676	8	10	12	0.8
id-02677	1	2	19	1.0
id-02678	10	11	15	1.0
id-02679	1	2	4	0.8
id-02680	6	12	24	0.9
id-02681	2	4	8	0.9
id-02682	2	4	14	0.8
id-02683	4	2	26	0.8
id-02684	10	17	5	0.9
id-02685	7	6	29	0.9
id-02686	10	18	13	1.0
id-02687	1	2	19	0.8
id-02688	9	18	18	0.8
id-02689	1	2	24	0.9
id-02690	2	2	30	0.8
id-02691	4	2	21	0.9
id-02692	6	9	13	1.0
id-02693	4	8	30	1.0
id-02694	1	2	6	0.8
id-02695	8	8	25	0.9
id-02696	6	9	28	0.9
id-02697	4	8	11	0.9
id-02698	6	11	17	0.8
id-02699	6	3	16	1.0
id-02700	9	14	2	0.8
id-02701	8	16	17	0.9
id-02702	6	2	27	0.9
id-02703	7	4	28	0.9
id-02704	3	3	21	1.0
id-02705	10	11	6	0.8
id-02706	3	6	18	0.9
id-02707	1	2	4	1.0
id-02708	5	8	28	0.9
id-02709	3	3	9	0.9
id-02710	1	2	27	0.9
id-02711	9	9	20	1.0
id-02712	2	3	24	0.8
id-02713	3	3	4	0.9
id-02714	8	8	14	0.9
id-02715	10	20	12	0.9
id-02716	6	2	20	0.8
id-02717	2	4	17	0.8
id-02718	9	15	2	0.9
id-02719	1	2	1	0.9
id-02720	1	2	30	0.9
id-02721	5	4	19	0.9
id-02722	4	7	21	0.9
id-02723	6	12	30	1.0
id-02724	8	6	18	0.8
id-02725	6	6	25	0.9
id-02726	3	4	9	0.9
id-02727	8	5	25	0.9
id-02728	6	8	9	0.9
id-02729	8	16	29	1.0
id-02730	10	8	8	0.9
id-02731	5	8	30	0.8
id-02732	1	2	15	0.9
id-02733	7	4	30	0.8
id-02734	7	8	23	0.9
id-02735	3	4	19	0.9
id-02736	8	10	15	1.0
id-02737	2	3	27	0.9
id-02738	4	2	20	0.9
id-02739	4	5	24	0.9
id-02740	7	14	20	1.0
id-02741	9	17	4	0.9
id-02742	1	2	6	0.9
id-02743	5	9	7	0.9
id-02744	7	6	13	0.9
id-02745	8	2	18	0.9
id-02746	10	14	13	1.0
id-02747	2	3	27	0.9
id-02748	8	11	4	0.9
id-02749	8	10	1	0.9
id-02750	2	4	8	1.0
id-02751	3	3	18	1.0
id-02752	2	3	23	0.9
id-02753	2	2	1	1.0
id-02754	4	7	11	0.8
id-02755	4	2	3	0.9
id-02756	1	2	10	0.9
id-02757	8	8	21	0.9
id-02758	2	2	8	0.9
id-02759	5	7	15	1.0
id-02760	9	8	25	0.9
id-02761	6	8	23	0.9
id-02762	4	7	7	0.9
id-02763	5	10	27	0.9
id-02764	7	8	17	0.9
id-02765	6	3	15	0.8
id-02766	4	8	15	0.9
id-02767	2	4	21	0.9
id-02768	10	18	4	0.9
id-02769	5	9	13	0.9
id-02770	8	9	14	0.9
id-02771	2	3	22	0.9
id-02772	7	5	14	0.9
id-02773	7	6	21	1.0
id-02774	3	6	27	0.9
id-02775	8	13	29	1.0
id-02776	3	4	21	0.9
id-02777	10	20	7	1.0
id-02778	2	4	3	0.9
id-02779	3	6	16	1.0
id-02780	10	8	28	0.9
id-02781	3	6	5	0.8
id-02782	10	7	25	1.0
id-02783	2	4	16	0.9
id-02784	8	11	17	0.9
id-02785	3	3	13	0.9
id-02786	2	2	15	0.9
id-02787	5	8	28	0.9
id-02788	1	2	24	0.8
id-02789	10	15	25	0.9
id-02790	5	2	19	0.8
id-02791	9	10	26	0.9
id-02792	7	11	10	0.9
id-02793	9	6	20	0.8
id-02794	3	5	6	1.0
id-02795	2	3	23	0.9
id-02796	10	19	26	1.0
id-02797	8	16	19	1.0
id-02798	10	9	19	0.9
id-02799	5	4	22	0.8
id-02800	3	5	8	0.9
id-02801	9	11	11	0.9
id-02802	8	11	4	1.0
id-02803	10	17	5	0.9
id-02804	3	6	29	0.9
id-02805	3	4	4	0.9
id-02806	6	11	18	1.0
id-02807	3	5	17	1.0
id-02808	4	3	15	0.9
id-02809	9	9	18	0.8
id-02810	3	5	22	0.8
id-02811	4	2	19	0.9
id-02812	8	14	4	0.9
id-02813	2	3	2	1.0
id-02814	9	8	21	1.0
id-02815	3	4	21	0.9
id-02816	10	2	2	0.9
id-02817	4	2	16	0.9
id-02818	4	2	9	0.8
id-02819	9	15	20	0.8
id-02820	5	2	16	0.9
id-02821	10	18	18	1.0
id-02822	1	2	18	1.0
id-02823	2	4	7	0.9
id-02824	6	8	4	0.8
id-02825	7	3	4	0.8
id-02826	2	3	12	1.0
id-02827	8	12	20	0.9
id-02828	8	16	29	0.8
id-02829	8	4	1	0.9
id-02830	9	9	22	0.9
id-02831	5	5	1	0.9
id-02832	10	2	17	0.8
id-02833	4	7	17	0.8
id-02834	10	2	18	0.8
id-02835	10	12	17	1.0
id-02836	3	5	4	1.0
id-02837	2	2	21	0.9
id-02838	1	2	20	0.9
id-02839	3	5	20	0.9
id-02840	9	17	13	0.8
id-02841	4	8	6	0.8
id-02842	6	10	25	0.9
id-02843	5	2	11	0.9
id-02844	3	5	1	1.0
id-02845	6	8	26	0.9
id-02846	8	13	18	0.9
id-02847	2	2	2	1.0
id-02848	9	6	8	0.8
id-02849	4	2	15	0.9
id-02850	1	2	22	0.8
id-02851	3	3	14	0.9
id-02852	5	6	27	0.9
id-02853	4	5	27	0.9
id-02854	7	4	19	0.9
id-02855	2	2	30	0.9
id-02856	2	2	15	0.9
id-02857	7	3	6	1.0
id-02858	8	3	9	0.9
id-02859	5	6	14	0.9
id-02860	6	12	2	0.9
id-02861	9	10	25	0.9
id-02862	2	2	23	0.8
id-02863	4	6	20	0.9
id-02864	2	2	4	0.9
id-02865	4	2	20	1.0
id-02866	9	10	16	0.9
id-02867	3	4	4	0.9
id-02868	3	6	9	0.9
id-02869	3	6	27	0.8
id-02870	7	4	12	0.8
id-02871	2	4	20	0.9
id-02872	2	4	20	0.8
id-02873	5	7	24	0.9
id-02874	5	3	16	0.8
id-02875	10	19	2	0.9
id-02876	6	7	13	0.9
id-02877	5	6	15	0.9
id-02878	3	4	6	0.9
id-02879	9	13	13	0.8
id-02880	2	2	28	0.8
id-02881	1	2	2	0.9
id-02882	7	11	27	0.9
id-02883	3	4	10	0.9
id-02884	9	9	23	1.0
id-02885	6	11	1	0.9
id-02886	3	6	21	0.9
id-02887	8	2	18	0.9
id-02888	6	10	7	0.9
id-02889	1	2	21	0.9
id-02890	8	12	10	0.9
id-02891	9	3	6	0.9
id-02892	2	4	18	0.8
id-02893	4	6	2	0.9
id-02894	1	2	20	0.9
id-02895	9	7	18	0.9
id-02896	2	4	20	0.9
id-02897	4	5	30	0.9
id-02898	8	3	28	0.8
id-02899	1	2	13	0.9
id-02900	2	3	19	0.9
id-02901	9	2	5	0.9
id-02902	1	2	20	0.8
id-02903	5	3	11	1.0
id-02904	9	9	6	0.9
id-02905	6	8	22	0.8
id-02906	2	4	12	1.0
id-02907	6	11	11	0.9
id-02908	4	3	3	0.9
id-02909	9	14	22	0.8
id-02910	8	14	6	0.8
id-02911	9	16	28	0.9
id-02912	1	2	20	0.8
id-02913	4	8	8	0.8
id-02914	3	3	2	0.9
id-02915	1	2	16	0.8
id-02916	3	2	30	1.0
id-02917	4	8	22	0.9
id-02918	9	18	22	0.8
id-02919	10	11	11	0.9
id-02920	4	3	22	1.0
id-02921	2	3	21	1.0
id-02922	2	4	6	0.9
id-02923	5	5	15	0.8
id-02924	6	8	11	0.9
id-02925	8	3	9	0.9
id-02926	6	8	2	1.0
id-02927	3	5	8	1.0
id-02928	6	7	20	0.9
id-02929	6	3	30	1.0
id-02930	6	3	1	0.8
id-02931	5	6	28	1.0
id-02932	1	2	25	0.9
id-02933	1	2	13	0.9
id-02934	8	14	20	1.0
id-02935	7	3	22	0.9
id-02936	10	18	5	0.9
id-02937	10	14	13	1.0
id-02938	10	4	9	0.9
id-02939	5	4	22	0.8
id-02940	7	3	2	0.8
id-02941	9	15	15	0.8
id-02942	5	3	13	0.8
id-02943	2	3	6	0.9
id-02944	10	16	10	0.9
id-02945	9	3	20	0.9
id-02946	2	2	18	0.8
id-02947	2	3	14	0.9
id-02948	4	8	20	0.9
id-02949	1	2	29	0.8
id-02950	5	10	13	0.9
id-02951	9	10	2	1.0
id-02952	8	3	7	1.0
id-02953	10	12	20	0.9
id-02954	9	14	19	0.9
id-02955	2	2	24	0.9
id-02956	7	11	14	1.0
id-02957	9	6	5	0.8
id-02958	3	2	30	1.0
id-02959	10	5	14	1.0
id-02960	4	5	4	0.8
id-02961	4	3	12	0.9
id-02962	1	2	27	0.9
id-02963	6	9	11	0.8
id-02964	1	2	16	0.9
id-02965	10	19	28	1.0
id-02966	10	8	1	0.9
id-02967	1	2	2	0.8
id-02968	2	3	17	0.8
id-02969	10	12	14	1.0
id-02970	10	7	15	1.0
id-02971	5	6	25	0.8
id-02972	8	14	11	1.0
id-02973	7	13	12	1.0
id-02974	8	5	28	1.0
id-02975	3	6	10	1.0
id-02976	7	9	8	0.9
id-02977	1	2	28	1.0
id-02978	2	3	11	0.8
id-02979	2	2	18	0.9
id-02980	4	5	21	0.9
id-02981	2	2	9	1.0
id-02982	10	18	6	0.8
id-02983	10	2	11	0.9
id-02984	9	2	13	1.0
id-02985	8	11	2	0.9
id-02986	9	7	12	0.9
id-02987	9	13	25	1.0
id-02988	2	4	20	1.0
id-02989	10	19	18	0.8
id-02990	8	3	23	1.0
id-02991	2	3	3	0.9
id-02992	5	8	19	0.9
id-02993	1	2	25	1.0
id-02994	7	13	5	0.9
id-02995	7	3	15	0.9
id-02996	5	3	26	0.9
id-02997	4	4	16	0.9
id-02998	3	4	23	0.8
id-02999	1	2	27	1.0
id-03000	7	2	10	0.9
id-03001	6	7	22	1.0
id-03002	10	18	30	1.0
id-03003	4	7	17	1.0
id-03004	2	2	17	0.9
id-03005	8	16	29	0.9
id-03006	5	3	27	0.8
id-03007	2	3	8	0.8
id-03008	1	2	30	0.9
id-03009	2	2	22	0.9
id-03010	4	4	13	0.8
id-03011	10	6	4	0.9
id-03012	10	10	29	0.8
id-03013	3	2	21	0.9
id-03014	9	16	29	1.0
id-03015	2	4	14	0.8
id-03016	6	2	17	0.8
id-03017	5	3	28	1.0
id-03018	7	12	12	1.0
id-03019	8	2	26	0.9
id-03020	1	2	15	0.9
id-03021	4	2	21	0.9
id-03022	6	9	1	0.8
id-03023	9	13	8	0.9
id-03024	9	7	7	0.9
id-03025	7	3	4	0.9
id-03026	4	8	28	0.8
id-03027	2	4	15	0.9
id-03028	6	11	15	1.0
id-03029	9	17	4	0.8
id-03030	4	8	4	0.8
id-03031	10	9	15	0.8
id-03032	1	2	8	0.8
id-03033	1	2	19	0.9
id-03034	7	7	21	1.0
id-03035	4	8	1	0.9
id-03036	5	10	5	1.0
id-03037	3	2	22	0.9
id-03038	7	11	30	1.0
id-03039	7	13	1	0.8
id-03040	10	4	26	0.8
id-03041	2	2	25	0.9
id-03042	5	4	6	0.9
id-03043	4	6	29	0.9
id-03044	3	4	2	0.8
id-03045	8	15	17	0.8
id-03046	8	2	12	0.9
id-03047	8	4	15	0.8
id-03048	7	8	10	0.9
id-03049	1	2	25	0.9
id-03050	5	4	17	0.9
id-03051	10	8	19	0.9
id-03052	8	16	19	0.8
id-03053	3	6	2	0.9
id-03054	8	4	21	1.0
id-03055	4	7	7	0.9
id-03056	9	8	6	0.8
id-03057	6	12	1	0.9
id-03058	3	2	30	0.8
id-03059	4	6	29	0.9
id-03060	6	12	11	1.0
id-03061	7	12	8	0.9
id-03062	4	3	8	1.0
id-03063	1	2	23	0.9
id-03064	4	3	29	0.9
id-03065	7	14	7	0.9
id-03066	10	10	6	0.9
id-03067	1	2	15	0.8
id-03068	4	3	19	0.9
id-03069	10	14	9	0.8
id-03070	8	16	21	0.9
id-03071	6	11	30	1.0
id-03072	10	11	7	1.0
id-03073	2	2	15	0.9
id-03074	6	4	11	0.9
id-03075	2	4	19	0.9
id-03076	3	2	10	0.8
id-03077	8	12	20	0.9
id-03078	4	8	16	0.8
id-03079	2	2	25	1.0
id-03080	10	14	21	1.0
id-03081	4	3	16	1.0
id-03082	4	8	16	0.9
id-03083	6	10	18	0.9
id-03084	7	3	11	0.9
id-03085	5	5	10	0.8
id-03086	3	3	23	0.8
id-03087	10	3	17	1.0
id-03088	4	2	25	0.8
id-03089	8	7	5	0.9
id-03090	6	9	26	0.9
id-03091	1	2	28	0.8
id-03092	6	4	10	0.8
id-03093	10	17	26	0.9
id-03094	6	5	28	0.9
id-03095	5	5	3	0.8
id-03096	10	10	24	0.8
id-03097	3	4	8	0.8
id-03098	4	7	16	0.9
id-03099	5	6	15	1.0
id-03100	1	2	30	0.8
id-03101	4	4	10	0.8
id-03102	10	3	23	0.8
id-03103	1	2	6	0.8
id-03104	7	3	23	0.8
id-03105	2	2	13	1.0
id-03106	3	3	21	0.9
id-03107	2	4	3	0.9
id-03108	3	2	20	1.0
id-03109	9	15	6	0.9
id-03110	8	10	7	0.9
id-03111	8	6	18	0.8
id-03112	3	2	9	0.9
id-03113	5	2	17	1.0
id-03114	3	2	27	1.0
id-03115	7	8	7	0.9
id-03116	3	2	30	0.8
id-03117	8	8	9	0.8
id-03118	2	2	29	0.9
id-03119	4	3	7	0.9
id-03120	1	2	26	1.0
id-03121	7	4	10	0.8
id-03122	1	2	27	0.9
id-03123	5	4	9	1.0
id-03124	1	2	14	0.8
id-03125	1	2	15	0.8
id-03126	7	13	18	0.9
id-03127	1	2	11	0.9
id-03128	5	10	1	1.0
id-03129	2	2	8	0.9
id-03130	5	5	4	0.8
id-03131	7	3	30	0.9
id-03132	10	10	26	0.8
id-03133	7	12	24	0.9
id-03134	7	11	22	1.0
id-03135	2	2	30	1.0
id-03136	5	9	8	1.0
id-03137	8	11	5	1.0
id-03138	8	8	13	0.8
id-03139	3	6	27	0.8
id-03140	4	3	15	1.0
id-03141	2	4	11	0.9
id-03142	8	16	12	0.8
id-03143	3	6	29	1.0
id-03144	5	7	11	0.9
id-03145	9	18	6	0.9
id-03146	4	8	25	0.9
id-03147	1	2	14	0.9
id-03148	4	6	11	0.8
id-03149	2	4	21	1.0
id-03150	2	3	9	0.8
id-03151	7	13	24	0.8
id-03152	1	2	9	0.9
id-03153	6	8	20	0.9
id-03154	6	4	19	1.0
id-03155	8	7	1	1.0
id-03156	3	4	11	1.0
id-03157	9	4	5	0.8
id-03158	5	10	27	1.0
id-03159	7	6	2	0.9
id-03160	3	3	14	1.0
id-03161	6	10	15	0.9
id-03162	8	12	6	0.9
id-03163	10	18	4	0.8
id-03164	2	3	18	0.8
id-03165	1	2	27	0.9
id-03166	7	6	4	0.9
id-03167	3	4	11	0.9
id-03168	9	5	24	0.8
id-03169	1	2	17	0.8
id-03170	10	14	24	0.9
id-03171	4	5	12	0.9
id-03172	7	4	3	1.0
id-03173	9	8	13	0.9
id-03174	2	3	16	0.9
id-03175	5	6	16	0.9
id-03176	4	7	20	0.9
id-03177	8	14	23	1.0
id-03178	8	16	14	0.9
id-03179	3	6	19	0.9
id-03180	1	2	22	0.9
id-03181	6	12	10	1.0
id-03182	4	8	4	0.8
id-03183	1	2	1	0.8
id-03184	6	6	30	0.9
id-03185	1	2	29	0.9
id-03186	5	7	29	0.9
id-03187	1	2	15	0.8
id-03188	1	2	13	0.8
id-03189	10	4	20	1.0
id-03190	6	3	7	0.8
id-03191	5	6	4	0.9
id-03192	3	2	20	0.9
id-03193	4	4	25	0.9
id-03194	6	8	17	0.9
id-03195	9	16	5	1.0
id-03196	8	8	5	0.9
id-03197	5	9	8	1.0
id-03198	7	4	13	0.8
id-03199	7	7	28	0.9
id-03200	9	16	5	0.9
id-03201	10	9	29	0.9
id-03202	5	7	20	0.9
id-03203	6	12	5	0.9
id-03204	7	4	19	0.9
id-03205	6	10	11	0.9
id-03206	10	18	21	0.8
id-03207	8	6	15	0.8
id-03208	5	9	1	0.8
id-03209	5	4	21	0.8
id-03210	9	4	17	0.9
id-03211	6	7	18	0.9
id-03212	2	2	14	1.0
id-03213	10	11	21	0.8
id-03214	10	20	11	1.0
id-03215	5	4	17	0.9
id-03216	1	2	8	0.9
id-03217	2	2	16	0.9
id-03218	7	3	8	0.8
id-03219	9	18	27	0.9
id-03220	6	11	9	0.8
id-03221	7	14	10	0.9
id-03222	9	14	30	0.9
id-03223	7	7	13	0.9
id-03224	8	6	20	0.9
id-03225	10	7	11	0.9
id-03226	5	8	29	0.9
id-03227	9	7	8	0.9
id-03228	2	3	21	0.8
id-03229	3	5	18	0.8
id-03230	3	5	26	1.0
id-03231	1	2	2	0.9
id-03232	1	2	28	1.0
id-03233	4	2	5	0.9
id-03234	3	5	22	0.9
id-03235	9	8	4	1.0
id-03236	10	2	3	0.9
id-03237	2	4	13	0.8
id-03238	2	3	29	0.9
id-03239	4	8	2	0.8
id-03240	8	2	2	0.9
id-03241	6	3	10	0.9
id-03242	3	5	7	0.9
id-03243	3	4	1	0.9
id-03244	9	6	25	0.8
id-03245	5	10	4	0.9
id-03246	7	9	6	0.9
id-03247	1	2	16	0.9
id-03248	5	8	2	1.0
id-03249	3	3	18	0.9
id-03250	6	12	22	1.0
id-03251	9	17	7	0.9
id-03252	5	3	21	1.0
id-03253	2	4	25	0.9
id-03254	1	2	12	0.9
id-03255	9	16	23	0.9
id-03256	1	2	30	0.9
id-03257	6	10	6	0.9
id-03258	8	3	8	0.8
id-03259	9	8	20	1.0
id-03260	7	2	24	1.0
id-03261	5	2	6	0.9
id-03262	6	10	10	0.9
id-03263	6	12	2	1.0
id-03264	1	2	21	0.9
id-03265	1	2	8	1.0
id-03266	8	13	11	0.8
id-03267	9	15	17	0.9
id-03268	1	2	25	0.9
id-03269	7	6	14	0.9
id-03270	8	5	21	1.0
id-03271	10	2	15	0.8
id-03272	7	9	7	1.0
id-03273	2	2	8	0.9
id-03274	2	2	12	0.8
id-03275	8	3	3	0.9
id-03276	5	6	12	0.8
id-03277	6	3	18	0.8
id-03278	6	4	6	1.0
id-03279	2	4	9	0.9
id-03280	1	2	21	1.0
id-03281	1	2	9	1.0
id-03282	3	6	27	0.9
id-03283	7	9	27	1.0
id-03284	2	3	24	0.9
id-03285	8	11	19	0.8
id-03286	7	4	24	0.8
id-03287	7	10	29	0.9
id-03288	10	6	27	1.0
id-03289	2	3	28	0.8
id-03290	6	6	1	0.9
id-03291	6	5	24	0.8
id-03292	6	2	20	0.9
id-03293	2	4	26	0.8
id-03294	5	4	13	0.8
id-03295	1	2	17	0.9
id-03296	1	2	28	1.0
id-03297	6	7	3	1.0
id-03298	5	10	5	0.9
id-03299	9	5	13	0.9
id-03300	4	4	28	0.8
id-03301	5	10	26	0.9
id-03302	8	11	24	1.0
id-03303	4	5	2	0.8
id-03304	6	10	15	0.9
id-03305	1	2	17	1.0
id-03306	2	2	22	0.8
id-03307	6	2	26	0.9
id-03308	4	8	24	0.9
id-03309	10	19	30	0.9
id-03310	8	10	6	0.9
id-03311	2	2	5	0.9
id-03312	9	13	9	0.9
id-03313	7	4	17	1.0
id-03314	8	5	12	0.8
id-03315	9	17	8	0.8
id-03316	5	4	17	1.0
id-03317	2	4	23	0.8
id-03318	7	6	2	0.9
id-03319	2	4	6	0.8
id-03320	7	13	6	0.9
id-03321	1	2	19	0.9
id-03322	8	7	7	0.9
id-03323	3	5	20	1.0
id-03324	5	8	28	0.8
id-03325	4	8	19	0.9
id-03326	9	11	27	1.0
id-03327	8	10	1	0.9
id-03328	4	3	29	0.8
id-03329	3	6	11	0.9
id-03330	5	3	24	0.9
id-03331	2	3	10	0.9
id-03332	6	2	6	1.0
id-03333	6	6	2	0.8
id-03334	5	10	1	0.9
id-03335	1	2	9	1.0
id-03336	5	7	23	1.0
id-03337	7	13	27	1.0
id-03338	1	2	28	1.0
id-03339	10	9	23	0.8
id-03340	7	2	2	0.8
id-03341	10	16	11	0.9
id-03342	2	3	1	0.9
id-03343	7	10	16	0.8
id-03344	10	5	28	0.9
id-03345	9	2	8	0.9
id-03346	10	5	20	0.9
id-03347	10	3	29	0.8
id-03348	5	6	14	0.9
id-03349	4	6	2	1.0
id-03350	8	6	28	0.9
id-03351	9	16	11	1.0
id-03352	9	17	24	0.9
id-03353	2	4	12	0.9
id-03354	5	6	7	0.8
id-03355	3	5	15	1.0
id-03356	5	5	25	0.9
id-03357	7	11	14	0.9
id-03358	7	11	3	0.8
id-03359	6	5	4	0.9
id-03360	6	6	13	1.0
id-03361	2	3	8	0.9
id-03362	8	3	12	0.9
id-03363	2	2	16	0.8
id-03364	5	6	12	0.8
id-03365	1	2	15	1.0
id-03366	9	10	20	0.8
id-03367	5	3	2	0.9
id-03368	8	16	6	0.9
id-03369	9	2	23	0.8
id-03370	3	3	3	0.9
id-03371	7	12	28	1.0
id-03372	6	10	11	1.0
id-03373	2	3	20	0.9
id-03374	7	12	5	0.9
id-03375	7	6	21	1.0
id-03376	2	4	7	0.9
id-03377	8	12	27	0.8
id-03378	6	12	10	0.9
id-03379	2	3	30	0.8
id-03380	5	7	10	0.9
id-03381	6	2	16	1.0
id-03382	9	5	2	0.8
id-03383	7	14	11	1.0
id-03384	1	2	8	0.9
id-03385	10	13	9	0.9
id-03386	6	4	28	1.0
id-03387	9	18	16	1.0
id-03388	5	10	7	0.9
id-03389	5	7	12	0.8
id-03390	2	2	30	0.9
id-03391	2	2	10	1.0
id-03392	8	5	5	0.9
id-03393	7	14	18	0.9
id-03394	4	2	25	1.0
id-03395	5	8	6	0.8
id-03396	1	2	3	0.8
id-03397	4	7	22	0.8
id-03398	10	9	10	0.9
id-03399	8	8	25	0.9
id-03400	3	6	5	0.9
id-03401	2	4	5	0.9
id-03402	2	4	18	0.9
id-03403	6	5	7	0.9
id-03404	8	4	18	0.9
id-03405	5	6	17	1.0
id-03406	2	2	18	1.0
id-03407	5	10	20	0.9
id-03408	2	2	17	0.9
id-03409	4	6	9	0.9
id-03410	5	9	18	0.8
id-03411	10	13	2	0.9
id-03412	2	2	28	0.8
id-03413	5	2	10	1.0
id-03414	5	4	29	0.8
id-03415	9	7	7	0.8
id-03416	8	13	4	0.9
id-03417	3	3	30	0.9
id-03418	6	5	23	0.9
id-03419	7	3	1	0.9
id-03420	1	2	13	0.9
id-03421	4	4	1	1.0
id-03422	3	3	4	0.9
id-03423	2	4	23	0.9
id-03424	6	12	14	0.8
id-03425	1	2	18	1.0
id-03426	10	14	9	1.0
id-03427	2	2	23	0.9
id-03428	9	17	24	0.9
id-03429	2	3	18	0.9
id-03430	10	3	26	0.8
id-03431	8	10	22	0.9
id-03432	5	9	28	0.9
id-03433	7	2	23	0.9
id-03434	2	3	29	0.8
id-03435	8	4	18	0.9
id-03436	1	2	24	0.9
id-03437	1	2	7	1.0
id-03438	6	2	2	0.9
id-03439	5	8	18	1.0
id-03440	9	4	26	0.9
id-03441	10	7	15	0.9
id-03442	8	13	3	1.0
id-03443	9	9	27	0.8
id-03444	4	5	8	0.9
id-03445	8	3	23	0.8
id-03446	5	6	19	1.0
id-03447	6	10	29	1.0
id-03448	5	3	21	1.0
id-03449	1	2	4	1.0
id-03450	4	2	28	0.9
id-03451	3	2	28	0.9
id-03452	9	8	20	1.0
id-03453	2	2	2	0.9
id-03454	10	20	16	0.8
id-03455	4	8	8	0.8
id-03456	10	13	3	0.8
id-03457	9	13	23	0.9
id-03458	10	5	2	1.0
id-03459	4	6	15	1.0
id-03460	7	13	24	0.8
id-03461	4	7	21	0.9
id-03462	3	6	26	0.9
id-03463	2	2	17	1.0
id-03464	6	4	27	1.0
id-03465	7	9	12	1.0
id-03466	5	4	21	0.9
id-03467	3	2	2	0.9
id-03468	3	5	28	0.9
id-03469	4	6	27	0.9
id-03470	3	4	22	0.8
id-03471	1	2	11	0.9
id-03472	8	7	25	0.8
id-03473	6	4	21	0.8
id-03474	9	13	10	1.0
id-03475	3	2	18	0.9
id-03476	3	6	10	1.0
id-03477	9	3	1	1.0
id-03478	9	6	13	0.9
id-03479	7	6	16	0.9
id-03480	5	3	5	0.9
id-03481	10	17	18	0.9
id-03482	9	7	16	1.0
id-03483	5	4	10	1.0
id-03484	1	2	20	1.0
id-03485	3	6	3	1.0
id-03486	8	16	28	0.8
id-03487	9	17	9	0.8
id-03488	1	2	19	0.9
id-03489	2	3	19	0.9
id-03490	6	2	30	0.9
id-03491	4	6	8	1.0
id-03492	9	2	1	0.9
id-03493	8	10	25	0.9
id-03494	3	3	9	0.8
id-03495	7	9	15	0.9
id-03496	1	2	6	1.0
id-03497	7	11	15	0.9
id-03498	5	6	5	0.9
id-03499	1	2	6	0.9
id-03500	9	12	13	0.9
id-03501	6	5	22	0.9
id-03502	3	3	21	0.9
id-03503	4	6	6	0.8
id-03504	4	3	20	0.9
id-03505	1	2	28	0.8
id-03506	9	4	3	0.9
id-03507	4	6	24	0.9
id-03508	3	3	24	0.9
id-03509	7	5	5	1.0
id-03510	8	9	28	0.9
id-03511	9	18	6	0.9
id-03512	2	4	30	1.0
id-03513	9	14	14	0.8
id-03514	4	4	24	0.9
id-03515	2	2	1	0.9
id-03516	3	3	24	0.9
id-03517	9	3	2	1.0
id-03518	5	2	25	0.9
id-03519	9	3	22	0.8
id-03520	3	5	26	0.9
id-03521	3	4	24	0.9
id-03522	1	2	28	1.0
id-03523	7	10	11	1.0
id-03524	3	4	17	0.9
id-03525	7	2	7	1.0
id-03526	6	5	30	0.8
id-03527	4	2	26	1.0
id-03528	8	5	9	0.8
id-03529	4	8	15	0.8
id-03530	3	6	26	0.9
id-03531	5	4	20	0.9
id-03532	2	3	2	1.0
id-03533	1	2	23	0.9
id-03534	6	7	3	0.8
id-03535	5	10	18	0.8
id-03536	8	16	4	0.9
id-03537	5	3	6	1.0
id-03538	10	16	7	1.0
id-03539	9	18	2	0.9
id-03540	9	18	6	1.0
id-03541	9	9	6	0.9
id-03542	3	2	22	1.0
id-03543	3	6	16	1.0
id-03544	1	2	26	0.9
id-03545	10	6	13	0.9
id-03546	3	4	5	1.0
id-03547	7	7	21	0.9
id-03548	3	5	13	1.0
id-03549	9	14	15	1.0
id-03550	4	2	8	1.0
id-03551	3	3	26	0.9
id-03552	5	5	7	1.0
id-03553	7	4	2	0.9
id-03554	7	8	13	0.9
id-03555	7	9	21	1.0
id-03556	8	9	3	0.9
id-03557	5	3	25	0.8
id-03558	4	8	25	1.0
id-03559	7	3	8	0.9
id-03560	8	2	30	0.8
id-03561	7	5	30	0.9
id-03562	8	6	1	1.0
id-03563	9	15	6	0.8
id-03564	5	5	22	0.9
id-03565	6	8	2	0.9
id-03566	6	5	27	0.8
id-03567	3	5	11	1.0
id-03568	7	8	5	0.9
id-03569	10	17	5	0.9
id-03570	1	2	17	1.0
id-03571	8	4	18	0.9
id-03572	7	11	9	1.0
id-03573	8	7	10	0.8
id-03574	7	12	21	0.9
id-03575	4	2	20	0.9
id-03576	8	4	9	0.9
id-03577	10	4	16	0.9
id-03578	7	6	12	0.8
id-03579	2	2	13	1.0
id-03580	7	6	12	0.8
id-03581	3	3	1	0.8
id-03582	2	3	15	0.9
id-03583	5	2	10	0.8
id-03584	6	7	27	1.0
id-03585	3	3	28	0.9
id-03586	1	2	8	1.0
id-03587	6	3	27	1.0
id-03588	3	4	28	0.9
id-03589	8	6	19	0.9
id-03590	8	2	2	0.9
id-03591	3	5	2	0.9
id-03592	6	3	13	1.0
id-03593	5	3	24	1.0
id-03594	3	4	6	1.0
id-03595	8	10	19	1.0
id-03596	7	4	9	0.9
id-03597	5	3	12	1.0
id-03598	7	2	15	0.8
id-03599	5	9	14	0.9
id-03600	8	11	25	0.9
id-03601	8	11	19	1.0
id-03602	5	6	21	0.9
id-03603	6	2	4	1.0
id-03604	4	3	6	0.9
id-03605	8	13	15	0.9
id-03606	7	12	28	0.9
id-03607	9	16	23	0.9
id-03608	10	6	14	0.9
id-03609	1	2	28	0.9
id-03610	7	13	15	0.8
id-03611	6	2	22	1.0
id-03612	6	11	1	0.9
id-03613	2	3	18	0.9
id-03614	5	4	20	0.9
id-03615	5	7	26	0.9
id-03616	9	8	18	0.9
id-03617	9	11	24	1.0
id-03618	10	16	16	1.0
id-03619	6	11	28	0.9
id-03620	5	7	5	1.0
id-03621	4	4	29	1.0
id-03622	5	4	8	0.8
id-03623	4	5	28	1.0
id-03624	9	13	20	0.9
id-03625	4	8	10	0.9
id-03626	3	2	15	0.9
id-03627	5	3	1	0.9
id-03628	1	2	23	1.0
id-03629	9	3	11	1.0
id-03630	1	2	11	0.8
id-03631	10	3	13	1.0
id-03632	3	6	12	1.0
id-03633	3	2	7	0.8
id-03634	7	14	11	0.9
id-03635	6	8	3	0.8
id-03636	3	2	13	1.0
id-03637	7	3	15	0.8
id-03638	10	6	30	1.0
id-03639	1	2	28	1.0
id-03640	10	12	13	0.9
id-03641	5	9	22	0.8
id-03642	2	3	19	0.8
id-03643	10	10	13	0.8
id-03644	1	2	29	1.0
id-03645	9	9	1	0.8
id-03646	6	2	14	1.0
id-03647	7	10	6	1.0
id-03648	5	10	6	0.9
id-03649	8	13	4	1.0
id-03650	2	4	11	0.8
id-03651	2	2	21	1.0
id-03652	6	12	25	1.0
id-03653	2	4	22	0.9
id-03654	2	2	26	1.0
id-03655	1	2	6	0.9
id-03656	9	5	9	0.9
id-03657	8	2	8	0.9
id-03658	10	15	11	0.9
id-03659	1	2	21	0.9
id-03660	10	8	1	0.8
id-03661	10	11	8	0.8
id-03662	10	4	4	0.9
id-03663	3	5	25	0.9
id-03664	2	3	3	0.9
id-03665	7	3	14	0.9
id-03666	10	5	26	0.8
id-03667	6	4	26	0.8
id-03668	5	8	12	1.0
id-03669	6	5	8	0.9
id-03670	5	9	27	0.9
id-03671	6	11	13	0.8
id-03672	7	6	16	0.8
id-03673	7	5	1	0.9
id-03674	4	4	10	1.0
id-03675	4	5	25	0.9
id-03676	4	4	16	0.9
id-03677	3	4	14	1.0
id-03678	1	2	10	0.9
id-03679	1	2	30	0.9
id-03680	7	11	8	1.0
id-03681	6	2	22	1.0
id-03682	8	11	29	0.8
id-03683	6	10	20	0.8
id-03684	3	6	8	0.9
id-03685	3	6	9	1.0
id-03686	4	4	25	0.9
id-03687	8	3	6	0.9
id-03688	7	14	2	0.9
id-03689	10	2	25	0.9
id-03690	8	3	14	0.9
id-03691	9	10	4	0.9
id-03692	8	6	14	0.9
id-03693	6	4	14	0.9
id-03694	8	10	4	1.0
id-03695	7	5	22	0.9
id-03696	1	2	12	0.8
id-03697	5	3	16	1.0
id-03698	2	2	5	0.9
id-03699	4	4	21	0.9
id-03700	1	2	19	1.0
id-03701	2	2	16	1.0
id-03702	3	6	23	0.9
id-03703	3	5	28	0.9
id-03704	8	9	19	1.0
id-03705	1	2	2	1.0
id-03706	7	4	9	0.9
id-03707	2	2	13	0.9
id-03708	2	2	14	1.0
id-03709	10	18	19	0.9
id-03710	1	2	4	0.9
id-03711	9	9	17	1.0
id-03712	9	15	11	1.0
id-03713	10	20	30	0.9
id-03714	10	7	17	0.9
id-03715	2	4	4	0.8
id-03716	2	2	4	0.8
id-03717	7	8	15	0.9
id-03718	3	4	25	0.9
id-03719	4	6	6	1.0
id-03720	2	3	22	0.9
id-03721	2	3	30	0.8
id-03722	8	14	9	0.9
id-03723	1	2	18	0.9
id-03724	5	6	17	0.9
id-03725	3	5	16	0.8
id-03726	6	6	15	0.9
id-03727	6	7	24	0.9
id-03728	10	2	20	0.9
id-03729	8	6	29	0.9
id-03730	4	7	9	0.8
id-03731	9	14	22	0.9
id-03732	7	7	29	0.9
id-03733	9	15	20	0.8
id-03734	2	3	4	0.8
id-03735	7	8	17	0.8
id-03736	5	9	30	0.9
id-03737	2	3	23	0.9
id-03738	5	10	8	0.8
id-03739	7	11	4	0.8
id-03740	6	12	15	1.0
id-03741	10	9	30	0.8
id-03742	8	4	14	0.9
id-03743	3	6	26	0.9
id-03744	6	12	3	0.9
id-03745	1	2	7	1.0
id-03746	8	9	28	0.9
id-03747	6	6	22	0.9
id-03748	7	12	27	0.9
id-03749	3	6	28	0.9
id-03750	10	13	27	0.8
id-03751	7	2	1	0.8
id-03752	6	5	4	1.0
id-03753	3	5	18	0.9
id-03754	7	10	12	0.9
id-03755	5	9	23	0.8
id-03756	8	13	14	1.0
id-03757	8	9	23	1.0
id-03758	4	5	18	0.9
id-03759	1	2	15	1.0
id-03760	3	2	11	0.9
id-03761	5	8	27	1.0
id-03762	5	8	29	0.9
id-03763	6	8	15	0.9
id-03764	1	2	2	1.0
id-03765	8	6	21	0.9
id-03766	3	2	3	0.9
id-03767	2	3	13	1.0
id-03768	3	6	12	0.8
id-03769	5	7	6	0.9
id-03770	7	6	8	0.9
id-03771	10	9	28	1.0
id-03772	8	8	5	1.0
id-03773	8	16	18	1.0
id-03774	4	5	16	0.8
id-03775	1	2	22	0.8
id-03776	5	2	27	0.9
id-03777	10	4	28	0.9
id-03778	1	2	1	0.9
id-03779	5	8	10	0.9
id-03780	5	9	14	0.9
id-03781	6	9	3	1.0
id-03782	3	5	5	0.9
id-03783	4	3	28	1.0
id-03784	1	2	26	1.0
id-03785	6	8	1	0.9
id-03786	6	2	20	0.8
id-03787	6	11	13	1.0
id-03788	7	9	22	0.9
id-03789	4	7	19	0.9
id-03790	10	12	23	0.8
id-03791	4	6	24	0.9
id-03792	5	8	2	0.8
id-03793	8	2	12	0.9
id-03794	2	4	27	0.9
id-03795	2	4	13	0.9
id-03796	7	14	30	1.0
id-03797	2	2	5	0.9
id-03798	8	6	23	1.0
id-03799	5	7	16	1.0
id-03800	1	2	11	1.0
id-03801	4	3	6	1.0
id-03802	6	12	2	0.9
id-03803	1	2	12	0.9
id-03804	3	4	8	1.0
id-03805	3	4	7	0.8
id-03806	3	4	29	0.8
id-03807	8	11	17	1.0
id-03808	2	3	1	0.8
id-03809	9	14	3	0.9
id-03810	10	16	20	0.9
id-03811	8	15	20	0.9
id-03812	5	4	6	1.0
id-03813	10	18	13	0.8
id-03814	4	2	6	0.9
id-03815	2	2	18	0.8
id-03816	7	10	14	0.8
id-03817	6	7	9	0.8
id-03818	3	2	28	1.0
id-03819	10	15	11	0.9
id-03820	4	2	9	1.0
id-03821	5	3	8	0.9
id-03822	10	19	19	0.9
id-03823	6	3	25	0.9
id-03824	10	11	16	0.9
id-03825	2	2	17	0.8
id-03826	10	11	9	1.0
id-03827	10	12	21	0.9
id-03828	10	8	3	0.9
id-03829	4	4	4	0.8
id-03830	1	2	12	0.9
id-03831	8	2	12	0.8
id-03832	10	6	9	0.9
id-03833	10	3	10	1.0
id-03834	9	14	11	0.9
id-03835	3	6	21	0.9
id-03836	7	5	18	0.9
id-03837	7	10	9	0.9
id-03838	4	7	14	1.0
id-03839	7	13	19	0.9
id-03840	4	2	9	1.0
id-03841	10	10	28	0.9
id-03842	10	15	5	0.8
id-03843	9	18	6	0.9
id-03844	7	2	23	0.9
id-03845	5	4	24	1.0
id-03846	4	3	14	0.9
id-03847	3	5	20	0.9
id-03848	9	12	17	0.9
id-03849	6	4	2	0.9
id-03850	3	5	26	0.8
id-03851	10	6	6	0.8
id-03852	8	6	16	0.9
id-03853	2	3	7	0.9
id-03854	3	3	26	0.9
id-03855	9	16	10	0.9
id-03856	5	9	7	0.9
id-03857	3	5	1	0.8
id-03858	9	18	8	0.9
id-03859	8	10	9	0.9
id-03860	4	7	21	0.9
id-03861	10	15	17	0.9
id-03862	1	2	7	1.0
id-03863	2	2	27	1.0
id-03864	1	2	3	0.9
id-03865	4	4	7	0.9
id-03866	10	20	21	1.0
id-03867	7	3	18	0.9
id-03868	6	9	7	1.0
id-03869	8	7	18	0.8
id-03870	8	9	5	0.9
id-03871	5	10	7	0.9
id-03872	9	9	29	1.0
id-03873	6	8	28	1.0
id-03874	9	12	22	0.9
id-03875	2	2	25	0.9
id-03876	4	2	14	0.9
id-03877	8	5	10	0.8
id-03878	6	2	8	0.8
id-03879	10	19	24	1.0
id-03880	7	13	13	0.8
id-03881	10	3	26	1.0
id-03882	7	10	7	1.0
id-03883	5	9	28	0.8
id-03884	9	13	2	0.9
id-03885	9	16	28	1.0
id-03886	5	8	13	0.8
id-03887	9	16	24	0.8
id-03888	1	2	11	0.8
id-03889	1	2	2	0.8
id-03890	9	18	28	0.9
id-03891	5	3	7	0.9
id-03892	9	8	13	0.9
id-03893	7	2	30	0.9
id-03894	6	4	6	0.9
id-03895	4	8	13	0.8
id-03896	1	2	24	1.0
id-03897	10	7	20	0.9
id-03898	6	4	9	1.0
id-03899	1	2	29	0.9
id-03900	9	14	12	0.8
id-03901	9	12	13	0.9
id-03902	7	14	13	0.9
id-03903	10	15	10	0.8
id-03904	9	11	30	1.0
id-03905	2	2	10	0.9
id-03906	9	17	22	0.9
id-03907	4	6	6	1.0
id-03908	1	2	27	0.9
id-03909	4	4	3	0.9
id-03910	2	3	14	0.8
id-03911	8	9	19	1.0
id-03912	8	6	22	1.0
id-03913	3	5	26	0.9
id-03914	4	5	4	1.0
id-03915	7	14	26	0.9
id-03916	4	2	20	0.9
id-03917	8	8	28	0.8
id-03918	6	10	13	0.8
id-03919	6	7	28	0.9
id-03920	9	5	26	1.0
id-03921	4	2	16	0.9
id-03922	1	2	26	0.8
id-03923	3	5	14	0.8
id-03924	3	3	28	1.0
id-03925	5	5	20	1.0
id-03926	6	8	29	1.0
id-03927	10	18	19	1.0
id-03928	8	6	6	0.9
id-03929	5	2	12	0.9
id-03930	10	12	14	0.9
id-03931	4	5	20	1.0
id-03932	6	10	21	0.8
id-03933	7	5	1	0.8
id-03934	10	3	7	0.9
id-03935	4	2	7	1.0
id-03936	6	8	22	1.0
id-03937	6	11	7	0.8
id-03938	5	4	9	1.0
id-03939	8	13	27	0.9
id-03940	1	2	12	0.8
id-03941	3	4	17	0.9
id-03942	2	4	15	1.0
id-03943	10	7	20	1.0
id-03944	8	4	27	0.9
id-03945	2	2	30	0.8
id-03946	5	8	24	1.0
id-03947	7	7	13	0.9
id-03948	8	16	14	0.9
id-03949	6	7	22	0.9
id-03950	2	4	26	1.0
id-03951	3	4	12	0.9
id-03952	5	6	12	1.0
id-03953	8	9	17	0.9
id-03954	8	7	23	0.9
id-03955	6	11	11	0.8
id-03956	10	19	15	1.0
id-03957	4	2	24	0.8
id-03958	1	2	11	0.8
id-03959	1	2	16	0.8
id-03960	10	2	16	0.9
id-03961	10	11	2	0.8
id-03962	1	2	27	0.9
id-03963	7	2	15	1.0
id-03964	6	3	20	1.0
id-03965	10	9	16	0.9
id-03966	8	2	25	1.0
id-03967	7	8	12	0.8
id-03968	8	16	19	0.9
id-03969	9	14	16	0.9
id-03970	2	3	4	1.0
id-03971	4	5	1	0.9
id-03972	1	2	19	0.9
id-03973	8	6	16	1.0
id-03974	2	2	1	0.9
id-03975	7	5	23	1.0
id-03976	5	10	28	1.0
id-03977	10	9	30	0.9
id-03978	9	9	27	0.9
id-03979	4	6	16	0.9
id-03980	7	7	5	0.8
id-03981	4	2	21	0.9
id-03982	9	3	17	1.0
id-03983	3	2	5	0.8
id-03984	6	12	1	0.8
id-03985	10	17	21	1.0
id-03986	6	9	30	1.0
id-03987	3	2	3	0.9
id-03988	5	8	4	1.0
id-03989	5	3	8	0.9
id-03990	1	2	19	0.9
id-03991	2	3	21	0.9
id-03992	5	5	1	1.0
id-03993	6	6	15	0.9
id-03994	10	10	28	0.9
id-03995	1	2	23	0.9
id-03996	3	2	24	1.0
id-03997	1	2	6	0.8
id-03998	5	10	14	0.9
id-03999	2	2	5	0.9
id-04000	1	2	5	0.8
id-04001	8	5	1	0.9
id-04002	4	3	12	1.0
id-04003	10	5	3	1.0
id-04004	4	6	13	0.9
id-04005	1	2	14	0.9
id-04006	3	5	4	1.0
id-04007	1	2	20	0.8
id-04008	6	4	5	0.8
id-04009	7	3	4	0.8
id-04010	4	6	1	0.9
id-04011	5	7	6	0.8
id-04012	3	6	22	1.0
id-04013	9	7	6	0.9
id-04014	1	2	15	0.9
id-04015	5	6	9	1.0
id-04016	2	3	6	0.8
id-04017	9	5	3	0.9
id-04018	6	5	7	0.9
id-04019	3	3	22	1.0
id-04020	7	3	4	0.9
id-04021	3	2	3	0.9
id-04022	1	2	5	0.9
id-04023	6	12	10	0.9
id-04024	1	2	17	0.8
id-04025	5	5	25	0.9
id-04026	2	2	18	0.9
id-04027	2	3	13	0.9
id-04028	6	5	10	1.0
id-04029	3	4	5	0.9
id-04030	6	11	21	0.9
id-04031	6	8	27	0.9
id-04032	7	13	6	0.8
id-04033	10	16	9	0.8
id-04034	9	5	1	0.8
id-04035	7	10	3	0.9
id-04036	9	13	14	0.8
id-04037	4	4	20	0.8
id-04038	6	11	10	1.0
id-04039	10	19	16	0.9
id-04040	1	2	27	0.8
id-04041	1	2	17	1.0
id-04042	10	15	3	1.0
id-04043	10	15	12	0.9
id-04044	4	8	3	0.9
id-04045	10	16	13	1.0
id-04046	2	4	25	0.9
id-04047	3	2	21	0.9
id-04048	10	3	25	0.8
id-04049	4	5	5	0.9
id-04050	10	19	17	0.9
id-04051	9	13	29	0.9
id-04052	7	6	10	1.0
id-04053	8	7	17	0.9
id-04054	5	10	1	0.8
id-04055	9	16	19	1.0
id-04056	2	3	14	0.9
id-04057	10	11	28	1.0
id-04058	1	2	30	0.9
id-04059	1	2	19	0.9
id-04060	9	4	7	0.8
id-04061	4	4	4	0.9
id-04062	5	7	6	0.9
id-04063	4	2	29	0.9
id-04064	6	5	8	0.9
id-04065	4	2	12	0.8
id-04066	8	14	24	0.8
id-04067	8	7	19	0.8
id-04068	10	4	21	0.8
id-04069	5	6	26	0.9
id-04070	6	7	15	0.9
id-04071	4	7	15	0.9
id-04072	6	8	5	0.8
id-04073	7	9	11	1.0
id-04074	4	6	23	1.0
id-04075	9	2	17	1.0
id-04076	6	6	15	1.0
id-04077	3	3	8	0.8
id-04078	7	4	10	0.9
id-04079	9	12	4	1.0
id-04080	2	2	11	1.0
id-04081	8	13	11	1.0
id-04082	5	6	28	0.9
id-04083	8	16	4	0.9
id-04084	2	2	27	1.0
id-04085	9	11	2	1.0
id-04086	10	2	15	0.8
id-04087	5	7	15	0.8
id-04088	2	2	11	0.9
id-04089	7	6	26	1.0
id-04090	9	17	21	1.0
id-04091	6	7	16	0.8
id-04092	8	3	5	1.0
id-04093	9	8	20	0.9
id-04094	2	4	3	0.9
id-04095	8	13	18	0.9
id-04096	5	7	10	0.8
id-04097	6	2	10	1.0
id-04098	5	3	9	1.0
id-04099	4	2	3	1.0
id-04100	4	2	2	0.8
id-04101	1	2	17	1.0
id-04102	3	2	7	0.9
id-04103	1	2	20	1.0
id-04104	6	5	25	1.0
id-04105	9	17	15	0.8
id-04106	1	2	7	0.8
id-04107	10	8	20	0.8
id-04108	8	2	30	0.9
id-04109	2	4	30	0.9
id-04110	7	5	24	1.0
id-04111	8	9	22	0.8
id-04112	6	3	26	0.9
id-04113	10	4	4	0.9
id-04114	1	2	16	1.0
id-04115	9	8	20	0.8
id-04116	5	2	23	0.9
id-04117	10	6	17	0.9
id-04118	10	5	4	0.8
id-04119	5	6	27	0.8
id-04120	5	10	10	0.8
id-04121	3	3	12	1.0
id-04122	5	9	8	0.9
id-04123	2	3	27	0.9
id-04124	4	3	29	1.0
id-04125	2	3	23	0.9
id-04126	9	10	26	1.0
id-04127	10	16	10	1.0
id-04128	7	3	6	0.9
id-04129	4	3	24	0.9
id-04130	4	7	9	0.8
id-04131	6	12	9	1.0
id-04132	10	6	25	0.9
id-04133	1	2	14	1.0
id-04134	8	6	16	0.9
id-04135	10	18	26	1.0
id-04136	6	10	4	1.0
id-04137	8	2	14	0.9
id-04138	10	3	25	1.0
id-04139	3	6	3	0.9
id-04140	9	13	13	1.0
id-04141	5	4	22	0.9
id-04142	1	2	10	1.0
id-04143	7	4	16	0.8
id-04144	5	4	23	0.9
id-04145	4	4	22	1.0
id-04146	10	13	22	1.0
id-04147	1	2	18	1.0
id-04148	7	6	18	0.8
id-04149	3	3	23	0.9
id-04150	2	3	20	0.8
id-04151	9	2	10	0.8
id-04152	5	4	11	0.9
id-04153	8	3	29	0.9
id-04154	9	2	21	1.0
id-04155	10	9	19	0.8
id-04156	7	8	11	0.9
id-04157	10	16	6	1.0
id-04158	4	2	6	0.9
id-04159	7	11	21	0.8
id-04160	3	5	22	0.9
id-04161	7	11	19	0.8
id-04162	5	4	19	0.9
id-04163	1	2	28	1.0
id-04164	9	18	19	0.9
id-04165	9	3	26	0.8
id-04166	6	3	13	0.9
id-04167	3	6	8	1.0
id-04168	9	10	29	0.9
id-04169	5	6	18	1.0
id-04170	5	4	28	0.8
id-04171	6	7	21	1.0
id-04172	1	2	21	1.0
id-04173	9	15	12	0.8
id-04174	1	2	10	0.9
id-04175	2	4	19	1.0
id-04176	2	2	15	0.8
id-04177	3	6	27	1.0
id-04178	10	18	9	1.0
id-04179	2	4	16	0.9
id-04180	7	7	21	0.8
id-04181	5	3	21	1.0
id-04182	1	2	1	0.9
id-04183	4	7	30	0.9
id-04184	6	11	15	1.0
id-04185	10	19	7	0.8
id-04186	3	5	5	0.8
id-04187	8	16	15	0.8
id-04188	2	3	13	0.9
id-04189	8	13	4	0.9
id-04190	8	13	4	0.9
id-04191	7	3	25	0.9
id-04192	3	4	26	0.9
id-04193	6	2	28	1.0
id-04194	8	12	21	0.9
id-04195	9	16	9	0.8
id-04196	3	2	28	0.8
id-04197	1	2	13	1.0
id-04198	4	3	25	0.9
id-04199	8	16	27	0.9
id-04200	6	8	22	0.9
id-04201	9	5	24	0.9
id-04202	1	2	9	0.8
id-04203	3	4	3	0.9
id-04204	8	14	24	1.0
id-04205	7	8	1	1.0
id-04206	9	12	30	1.0
id-04207	6	8	14	1.0
id-04208	4	6	13	0.9
id-04209	5	2	16	0.8
id-04210	6	6	15	0.9
id-04211	4	8	28	0.9
id-04212	7	4	1	0.8
id-04213	5	3	19	0.9
id-04214	2	4	4	1.0
id-04215	9	16	3	0.9
id-04216	9	15	28	0.9
id-04217	10	7	1	0.8
id-04218	10	17	17	0.9
id-04219	9	8	10	0.9
id-04220	2	4	30	0.8
id-04221	4	8	2	1.0
id-04222	8	8	11	1.0
id-04223	2	4	27	0.9
id-04224	4	6	11	0.8
id-04225	9	16	21	1.0
id-04226	3	3	5	0.8
id-04227	6	11	17	0.9
id-04228	1	2	7	1.0
id-04229	1	2	5	0.9
id-04230	3	3	24	1.0
id-04231	5	8	17	0.8
id-04232	8	15	28	0.8
id-04233	1	2	7	0.8
id-04234	8	8	16	0.9
id-04235	10	12	3	0.9
id-04236	9	9	29	0.9
id-04237	8	9	13	0.8
id-04238	7	11	6	0.9
id-04239	8	9	16	1.0
id-04240	10	19	29	1.0
id-04241	7	6	12	1.0
id-04242	8	12	1	1.0
id-04243	3	5	10	0.9
id-04244	1	2	2	0.9
id-04245	9	12	3	0.9
id-04246	7	12	26	0.8
id-04247	2	2	7	1.0
id-04248	8	9	1	1.0
id-04249	2	2	19	0.9
id-04250	4	8	25	0.9
id-04251	10	13	4	0.8
id-04252	10	8	17	1.0
id-04253	2	4	2	0.9
id-04254	4	2	13	1.0
id-04255	1	2	10	0.9
id-04256	4	4	6	0.9
id-04257	8	2	23	1.0
id-04258	1	2	28	0.8
id-04259	9	12	26	0.9
id-04260	1	2	18	0.9
id-04261	8	10	12	1.0
id-04262	2	3	28	0.8
id-04263	9	16	23	0.9
id-04264	1	2	7	1.0
id-04265	10	5	26	1.0
id-04266	10	2	7	0.9
id-04267	7	8	18	1.0
id-04268	8	12	26	0.9
id-04269	5	9	22	0.9
id-04270	4	6	15	1.0
id-04271	7	6	26	0.9
id-04272	8	9	8	0.9
id-04273	5	5	25	1.0
id-04274	1	2	15	1.0
id-04275	1	2	6	1.0
id-04276	7	13	7	0.9
id-04277	7	7	22	0.8
id-04278	3	6	29	0.9
id-04279	2	3	18	0.9
id-04280	3	3	20	0.8
id-04281	8	10	30	1.0
id-04282	10	13	15	0.9
id-04283	3	4	4	0.8
id-04284	8	3	7	1.0
id-04285	9	7	20	0.8
id-04286	8	13	2	0.9
id-04287	2	4	13	0.8
id-04288	9	18	29	0.8
id-04289	10	6	1	0.9
id-04290	10	9	12	1.0
id-04291	8	6	27	1.0
id-04292	6	5	11	1.0
id-04293	5	8	11	1.0
id-04294	2	2	19	0.8
id-04295	9	13	27	0.9
id-04296	4	6	21	0.9
id-04297	6	7	11	0.8
id-04298	3	6	25	1.0
id-04299	3	3	1	0.9
id-04300	1	2	17	1.0
id-04301	10	20	23	1.0
id-04302	8	5	17	0.8
id-04303	2	3	18	0.8
id-04304	9	2	10	0.8
id-04305	8	11	29	0.9
id-04306	1	2	20	0.9
id-04307	9	8	14	0.9
id-04308	8	10	8	0.8
id-04309	6	3	12	1.0
id-04310	1	2	10	1.0
id-04311	2	2	3	0.9
id-04312	8	4	6	0.9
id-04313	4	4	27	1.0
id-04314	8	9	18	1.0
id-04315	1	2	18	0.8
id-04316	4	8	14	0.9
id-04317	6	9	19	0.9
id-04318	8	15	5	1.0
id-04319	8	16	15	0.9
id-04320	5	4	5	0.9
id-04321	8	8	26	0.9
id-04322	8	2	9	0.8
id-04323	4	3	6	0.8
id-04324	6	8	9	1.0
id-04325	2	4	26	0.8
id-04326	9	3	4	0.8
id-04327	1	2	9	1.0
id-04328	2	2	16	0.9
id-04329	8	8	14	1.0
id-04330	1	2	5	1.0
id-04331	7	13	15	0.8
id-04332	4	7	19	0.8
id-04333	8	7	3	1.0
id-04334	10	20	25	0.8
id-04335	10	9	11	0.9
id-04336	4	2	9	0.9
id-04337	6	4	20	0.9
id-04338	3	5	15	0.9
id-04339	7	3	18	1.0
id-04340	10	14	8	0.9
id-04341	7	14	28	0.8
id-04342	4	6	4	0.8
id-04343	6	8	8	0.9
id-04344	9	4	10	0.9
id-04345	8	6	5	1.0
id-04346	10	7	1	0.9
id-04347	2	4	16	0.9
id-04348	10	16	9	0.9
id-04349	9	2	16	0.9
id-04350	7	7	6	0.9
id-04351	5	5	4	0.9
id-04352	5	5	2	0.9
id-04353	9	10	20	1.0
id-04354	2	2	9	1.0
id-04355	2	3	18	0.9
id-04356	10	6	2	0.9
id-04357	1	2	10	0.9
id-04358	1	2	6	0.9
id-04359	3	3	5	0.9
id-04360	10	15	16	1.0
id-04361	9	8	6	1.0
id-04362	10	7	26	0.9
id-04363	4	6	18	0.8
id-04364	3	4	13	1.0
id-04365	10	8	9	0.9
id-04366	3	3	3	0.9
id-04367	2	4	12	0.9
id-04368	8	15	22	0.8
id-04369	5	2	4	0.9
id-04370	6	11	7	0.8
id-04371	4	3	7	0.8
id-04372	8	6	21	0.9
id-04373	8	2	5	0.8
id-04374	9	17	27	1.0
id-04375	3	5	7	0.9
id-04376	4	2	22	0.9
id-04377	6	5	3	0.8
id-04378	7	14	7	0.9
id-04379	5	7	10	1.0
id-04380	3	2	13	0.8
id-04381	2	3	23	0.8
id-04382	7	11	13	0.9
id-04383	2	2	9	0.8
id-04384	2	4	19	0.8
id-04385	6	4	5	0.9
id-04386	3	5	22	0.9
id-04387	8	8	22	0.9
id-04388	10	17	29	0.9
id-04389	7	5	3	0.9
id-04390	3	4	10	1.0
id-04391	7	6	26	1.0
id-04392	5	6	19	0.8
id-04393	5	6	24	0.9
id-04394	10	3	24	0.9
id-04395	8	11	21	0.8
id-04396	4	8	7	0.9
id-04397	4	6	30	1.0
id-04398	2	3	2	0.9
id-04399	2	2	13	0.9
id-04400	8	5	23	1.0
id-04401	8	12	11	0.9
id-04402	6	6	11	1.0
id-04403	6	11	22	1.0
id-04404	3	2	12	0.8
id-04405	1	2	21	0.9
id-04406	1	2	4	0.8
id-04407	6	8	1	0.9
id-04408	8	10	14	0.9
id-04409	5	2	8	0.9
id-04410	5	7	7	0.9
id-04411	10	12	16	0.9
id-04412	6	2	12	1.0
id-04413	6	8	29	0.9
id-04414	6	4	22	0.9
id-04415	5	4	9	0.9
id-04416	7	11	26	0.9
id-04417	10	8	18	0.8
id-04418	2	2	15	0.9
id-04419	4	4	26	0.8
id-04420	8	7	4	0.8
id-04421	8	13	16	0.9
id-04422	3	5	10	0.9
id-04423	4	3	5	0.9
id-04424	7	10	4	0.9
id-04425	9	14	20	0.8
id-04426	7	14	19	0.9
id-04427	4	4	24	0.9
id-04428	10	20	5	0.9
id-04429	1	2	5	0.8
id-04430	7	2	28	0.8
id-04431	1	2	9	0.9
id-04432	10	18	24	0.9
id-04433	5	4	27	0.9
id-04434	7	13	6	0.8
id-04435	4	6	6	0.9
id-04436	5	7	28	0.9
id-04437	1	2	17	0.9
id-04438	3	4	25	0.9
id-04439	5	7	30	1.0
id-04440	9	9	22	1.0
id-04441	4	3	16	0.8
id-04442	1	2	19	0.9
id-04443	5	7	10	0.9
id-04444	9	10	3	0.9
id-04445	5	7	22	0.8
id-04446	10	17	29	1.0
id-04447	10	2	5	0.9
id-04448	3	6	13	1.0
id-04449	5	7	6	0.9
id-04450	5	8	26	0.9
id-04451	2	3	24	0.9
id-04452	1	2	17	0.9
id-04453	1	2	9	0.9
id-04454	9	4	11	0.9
id-04455	9	2	20	1.0
id-04456	9	11	22	0.9
id-04457	9	18	6	0.9
id-04458	2	4	24	0.9
id-04459	7	2	27	0.8
id-04460	2	2	11	0.8
id-04461	8	11	2	0.8
id-04462	1	2	22	1.0
id-04463	6	7	5	0.9
id-04464	9	2	29	0.9
id-04465	4	7	18	0.9
id-04466	2	3	23	0.8
id-04467	10	9	28	0.9
id-04468	10	8	8	0.9
id-04469	7	14	15	0.8
id-04470	3	6	6	1.0
id-04471	3	5	19	0.9
id-04472	9	17	4	0.9
id-04473	4	6	28	0.8
id-04474	8	16	6	0.8
id-04475	4	7	4	0.9
id-04476	8	10	10	0.9
id-04477	10	11	3	1.0
id-04478	3	2	30	0.9
id-04479	8	5	17	0.9
id-04480	4	3	5	0.9
id-04481	8	3	19	0.9
id-04482	9	7	3	0.9
id-04483	2	2	22	0.9
id-04484	5	8	8	0.9
id-04485	2	3	25	1.0
id-04486	10	6	17	0.9
id-04487	8	16	27	0.9
id-04488	10	14	13	0.9
id-04489	1	2	11	1.0
id-04490	8	8	7	0.9
id-04491	2	2	24	0.8
id-04492	1	2	3	0.9
id-04493	1	2	8	0.8
id-04494	10	3	11	0.9
id-04495	8	12	29	0.8
id-04496	4	5	23	1.0
id-04497	8	9	5	0.9
id-04498	8	9	10	0.8
id-04499	7	8	5	0.9
id-04500	1	2	8	1.0
id-04501	9	5	20	0.9
id-04502	1	2	5	0.8
id-04503	2	2	6	1.0
id-04504	1	2	16	0.9
id-04505	3	2	25	0.8
id-04506	4	4	21	0.9
id-04507	6	8	24	1.0
id-04508	9	15	9	1.0
id-04509	8	14	30	0.8
id-04510	8	4	23	0.8
id-04511	2	2	7	1.0
id-04512	9	5	1	0.8
id-04513	3	2	2	0.9
id-04514	9	7	23	0.9
id-04515	2	2	9	0.8
id-04516	6	12	26	0.9
id-04517	2	4	23	0.9
id-04518	2	3	24	0.8
id-04519	6	6	18	0.9
id-04520	2	2	17	1.0
id-04521	7	12	11	0.9
id-04522	6	9	15	0.8
id-04523	2	2	15	1.0
id-04524	4	6	26	0.9
id-04525	4	7	28	0.9
id-04526	7	7	26	0.8
id-04527	4	8	1	0.8
id-04528	8	10	12	0.8
id-04529	5	10	10	0.9
id-04530	1	2	11	1.0
id-04531	1	2	4	0.9
id-04532	9	13	21	0.9
id-04533	2	3	7	0.9
id-04534	4	2	22	0.8
id-04535	7	13	1	0.9
id-04536	3	3	13	0.8
id-04537	10	19	11	0.9
id-04538	9	4	11	0.9
id-04539	10	20	27	1.0
id-04540	1	2	25	1.0
id-04541	8	15	28	0.9
id-04542	9	10	17	1.0
id-04543	4	8	11	0.8
id-04544	8	3	16	0.9
id-04545	1	2	25	0.8
id-04546	5	5	13	0.9
id-04547	2	3	4	0.8
id-04548	2	2	17	0.9
id-04549	9	13	18	0.8
id-04550	7	11	21	1.0
id-04551	1	2	27	0.9
id-04552	5	4	18	0.9
id-04553	10	2	6	0.9
id-04554	3	6	21	1.0
id-04555	5	8	16	0.9
id-04556	10	2	4	0.9
id-04557	8	13	28	0.9
id-04558	9	4	6	0.9
id-04559	2	2	7	0.9
id-04560	8	16	28	1.0
id-04561	3	5	30	0.9
id-04562	2	3	5	1.0
id-04563	10	18	1	1.0
id-04564	8	5	6	1.0
id-04565	1	2	24	0.9
id-04566	4	7	1	0.9
id-04567	1	2	9	1.0
id-04568	10	14	11	1.0
id-04569	6	5	20	0.9
id-04570	6	5	23	0.8
id-04571	5	8	9	0.9
id-04572	9	3	15	0.9
id-04573	7	2	3	1.0
id-04574	10	20	16	1.0
id-04575	8	11	14	0.9
id-04576	1	2	5	0.9
id-04577	9	12	6	0.8
id-04578	10	10	11	1.0
id-04579	9	4	30	0.9
id-04580	7	12	20	0.9
id-04581	9	16	3	0.9
id-04582	3	4	13	0.9
id-04583	6	8	12	0.9
id-04584	9	18	25	0.9
id-04585	4	7	17	0.9
id-04586	9	15	22	0.9
id-04587	4	5	21	0.8
id-04588	7	11	20	0.9
id-04589	6	2	28	0.9
id-04590	2	3	16	0.8
id-04591	5	4	22	0.9
id-04592	6	2	22	0.9
id-04593	9	5	10	1.0
id-04594	5	6	15	0.9
id-04595	6	11	6	0.8
id-04596	9	5	26	0.9
id-04597	6	12	18	0.8
id-04598	8	11	8	1.0
id-04599	10	12	19	0.9
id-04600	9	10	18	1.0
id-04601	4	3	28	1.0
id-04602	1	2	11	0.9
id-04603	5	8	19	0.9
id-04604	9	10	21	0.9
id-04605	3	5	28	0.8
id-04606	2	2	6	0.9
id-04607	10	8	18	0.9
id-04608	10	13	7	1.0
id-04609	10	5	8	0.8
id-04610	1	2	9	0.8
id-04611	6	3	6	0.9
id-04612	6	11	23	0.9
id-04613	8	10	9	1.0
id-04614	6	2	10	0.9
id-04615	3	5	19	0.8
id-04616	8	12	5	1.0
id-04617	6	2	6	0.9
id-04618	6	5	10	0.9
id-04619	2	4	3	0.8
id-04620	10	19	18	0.9
id-04621	1	2	11	0.9
id-04622	5	8	19	1.0
id-04623	6	9	12	1.0
id-04624	8	7	19	0.9
id-04625	8	15	6	0.9
id-04626	4	7	5	0.8
id-04627	6	10	27	1.0
id-04628	4	4	22	0.9
id-04629	3	6	15	0.9
id-04630	4	6	24	0.8
id-04631	9	18	11	0.9
id-04632	6	12	5	0.9
id-04633	6	3	17	1.0
id-04634	4	4	15	0.9
id-04635	3	3	22	1.0
id-04636	8	12	19	0.8
id-04637	4	8	23	0.9
id-04638	1	2	1	0.9
id-04639	3	3	4	0.9
id-04640	1	2	4	0.9
id-04641	5	3	3	0.9
id-04642	8	6	13	1.0
id-04643	10	15	3	0.9
id-04644	4	8	30	0.9
id-04645	4	3	1	0.9
id-04646	3	5	29	1.0
id-04647	10	9	11	0.9
id-04648	2	3	10	1.0
id-04649	10	11	13	0.9
id-04650	2	4	8	0.9
id-04651	9	6	15	0.8
id-04652	10	5	22	0.9
id-04653	6	5	6	1.0
id-04654	10	5	4	0.9
id-04655	2	2	16	1.0
id-04656	10	11	29	0.9
id-04657	3	3	4	0.9
id-04658	4	5	15	0.9
id-04659	10	20	1	0.8
id-04660	10	11	21	0.8
id-04661	3	2	20	0.9
id-04662	2	4	20	1.0
id-04663	2	3	22	0.8
id-04664	5	3	23	0.9
id-04665	3	2	24	1.0
id-04666	6	3	16	1.0
id-04667	4	4	9	0.9
id-04668	9	3	7	0.9
id-04669	3	2	19	0.9
id-04670	8	14	4	0.8
id-04671	3	6	5	0.8
id-04672	6	4	27	0.9
id-04673	5	7	26	0.9
id-04674	2	2	28	1.0
id-04675	3	3	22	1.0
id-04676	7	10	9	0.8
id-04677	10	9	28	1.0
id-04678	9	16	19	0.9
id-04679	3	6	22	0.9
id-04680	6	5	30	1.0
id-04681	4	3	20	0.9
id-04682	4	3	8	0.9
id-04683	10	6	19	0.9
id-04684	8	2	12	0.9
id-04685	1	2	16	0.8
id-04686	1	2	30	1.0
id-04687	6	6	9	1.0
id-04688	9	9	14	0.9
id-04689	9	18	29	1.0
id-04690	7	9	22	0.9
id-04691	2	2	4	0.9
id-04692	10	11	6	0.9
id-04693	4	3	15	0.9
id-04694	1	2	13	1.0
id-04695	6	4	6	0.8
id-04696	9	18	22	0.8
id-04697	2	4	14	0.8
id-04698	10	2	23	1.0
id-04699	9	5	11	0.9
id-04700	8	14	5	0.9
id-04701	6	12	26	0.9
id-04702	2	3	24	1.0
id-04703	10	9	2	0.9
id-04704	8	3	12	0.8
id-04705	10	12	30	0.9
id-04706	3	2	22	0.9
id-04707	9	14	23	0.9
id-04708	1	2	20	0.9
id-04709	9	15	3	0.9
id-04710	5	2	21	0.9
id-04711	7	12	2	0.9
id-04712	4	8	18	0.8
id-04713	5	9	23	0.8
id-04714	7	13	16	0.9
id-04715	8	8	21	0.9
id-04716	6	11	29	0.9
id-04717	9	8	9	0.8
id-04718	9	10	2	1.0
id-04719	7	11	9	0.8
id-04720	7	7	17	0.9
id-04721	4	7	30	0.9
id-04722	3	4	17	0.8
id-04723	1	2	25	1.0
id-04724	7	6	5	1.0
id-04725	8	3	26	0.9
id-04726	10	7	5	1.0
id-04727	2	4	3	0.9
id-04728	4	8	1	1.0
id-04729	3	5	12	0.8
id-04730	1	2	26	0.8
id-04731	5	5	9	0.8
id-04732	10	15	6	0.8
id-04733	7	10	8	0.8
id-04734	2	2	5	0.8
id-04735	5	6	16	0.9
id-04736	4	3	6	0.9
id-04737	3	5	29	0.9
id-04738	8	16	6	0.9
id-04739	2	3	30	1.0
id-04740	5	7	27	0.9
id-04741	2	4	1	0.8
id-04742	1	2	25	1.0
id-04743	1	2	20	0.9
id-04744	9	6	11	0.9
id-04745	5	5	1	0.9
id-04746	3	6	23	0.8
id-04747	5	4	14	0.9
id-04748	1	2	14	1.0
id-04749	8	6	23	1.0
id-04750	2	3	13	0.9
id-04751	3	3	23	0.9
id-04752	4	3	18	0.9
id-04753	4	5	16	1.0
id-04754	3	2	5	1.0
id-04755	3	6	30	1.0
id-04756	10	19	18	0.9
id-04757	9	14	30	1.0
id-04758	1	2	6	0.9
id-04759	7	3	24	0.9
id-04760	8	7	4	0.9
id-04761	1	2	2	0.9
id-04762	10	13	18	0.9
id-04763	10	17	16	1.0
id-04764	3	3	9	0.9
id-04765	9	13	18	0.8
id-04766	8	9	2	0.9
id-04767	1	2	2	0.9
id-04768	3	3	18	0.8
id-04769	6	2	7	0.9
id-04770	7	12	26	1.0
id-04771	9	14	24	1.0
id-04772	4	3	11	0.9
id-04773	1	2	9	1.0
id-04774	1	2	1	1.0
id-04775	10	17	25	1.0
id-04776	9	12	25	0.8
id-04777	1	2	2	1.0
id-04778	3	3	13	0.9
id-04779	6	9	10	0.9
id-04780	5	4	26	1.0
id-04781	9	6	18	0.9
id-04782	9	5	26	1.0
id-04783	3	3	8	0.9
id-04784	3	5	12	0.9
id-04785	6	12	7	0.9
id-04786	6	11	22	0.9
id-04787	5	8	17	0.8
id-04788	7	7	14	1.0
id-04789	3	4	25	1.0
id-04790	8	10	23	0.9
id-04791	9	14	19	0.9
id-04792	8	13	11	1.0
id-04793	7	6	8	1.0
id-04794	3	3	23	0.9
id-04795	8	3	20	0.9
id-04796	3	3	11	0.9
id-04797	7	6	12	0.9
id-04798	8	4	18	0.9
id-04799	6	6	29	0.9
id-04800	4	2	4	0.9
id-04801	5	7	15	0.9
id-04802	7	4	17	0.9
id-04803	3	5	6	0.9
id-04804	1	2	11	0.9
id-04805	5	3	7	0.9
id-04806	2	2	15	0.9
id-04807	6	4	14	1.0
id-04808	5	7	8	1.0
id-04809	5	3	26	1.0
id-04810	2	3	10	0.9
id-04811	5	4	1	0.9
id-04812	1	2	25	0.9
id-04813	3	5	18	1.0
id-04814	2	2	11	1.0
id-04815	10	4	12	1.0
id-04816	7	5	25	0.8
id-04817	1	2	3	0.8
id-04818	2	4	22	0.8
id-04819	9	8	9	0.9
id-04820	7	12	6	0.9
id-04821	1	2	15	1.0
id-04822	2	4	14	0.8
id-04823	6	6	26	0.9
id-04824	8	10	15	0.9
id-04825	4	8	3	0.9
id-04826	10	7	3	0.8
id-04827	4	5	16	0.8
id-04828	10	10	21	0.9
id-04829	5	3	20	0.8
id-04830	9	2	16	0.9
id-04831	7	5	17	1.0
id-04832	8	13	19	0.9
id-04833	2	3	26	0.8
id-04834	10	10	12	1.0
id-04835	5	2	10	0.8
id-04836	3	6	15	0.8
id-04837	7	13	5	1.0
id-04838	5	7	22	0.8
id-04839	9	3	29	0.9
id-04840	5	8	1	1.0
id-04841	7	7	26	0.9
id-04842	2	2	7	0.8
id-04843	1	2	13	0.9
id-04844	1	2	28	1.0
id-04845	7	12	17	0.8
id-04846	5	10	16	0.8
id-04847	6	8	5	0.9
id-04848	6	9	23	0.9
id-04849	1	2	24	0.9
id-04850	10	9	14	1.0
id-04851	2	4	19	0.9
id-04852	8	10	9	0.9
id-04853	10	17	8	0.9
id-04854	4	8	13	1.0
id-04855	7	2	30	0.9
id-04856	10	5	16	0.9
id-04857	9	15	21	0.9
id-04858	2	3	1	0.9
id-04859	6	12	5	1.0
id-04860	10	8	17	0.8
id-04861	6	5	24	0.9
id-04862	1	2	9	0.9
id-04863	6	3	18	0.9
id-04864	7	10	26	0.9
id-04865	9	10	29	1.0
id-04866	7	3	11	0.9
id-04867	1	2	28	0.8
id-04868	2	4	24	1.0
id-04869	8	9	10	1.0
id-04870	7	6	21	0.8
id-04871	10	15	29	0.8
id-04872	3	3	28	0.8
id-04873	3	3	5	0.8
id-04874	5	3	30	0.9
id-04875	7	2	27	0.8
id-04876	7	12	27	0.9
id-04877	1	2	12	0.9
id-04878	4	8	7	0.8
id-04879	8	7	18	0.9
id-04880	1	2	11	0.9
id-04881	2	3	21	1.0
id-04882	4	3	7	0.9
id-04883	5	3	21	0.9
id-04884	3	5	1	0.9
id-04885	2	3	5	1.0
id-04886	6	5	22	1.0
id-04887	9	13	17	0.9
id-04888	7	13	10	1.0
id-04889	4	8	22	0.9
id-04890	1	2	9	0.9
id-04891	1	2	19	0.9
id-04892	10	2	21	1.0
id-04893	1	2	11	0.8
id-04894	5	5	21	0.8
id-04895	9	18	7	1.0
id-04896	10	15	13	0.8
id-04897	10	11	20	1.0
id-04898	8	9	23	0.9
id-04899	1	2	16	0.8
id-04900	5	6	13	0.8
id-04901	10	20	16	0.9
id-04902	3	6	2	0.9
id-04903	3	4	30	0.8
id-04904	6	12	22	1.0
id-04905	4	7	13	0.9
id-04906	10	9	30	0.9
id-04907	5	3	6	1.0
id-04908	2	3	27	0.9
id-04909	9	14	3	0.9
id-04910	2	3	7	0.9
id-04911	9	10	29	0.9
id-04912	3	2	6	1.0
id-04913	6	9	2	0.8
id-04914	7	9	27	0.9
id-04915	3	2	29	1.0
id-04916	6	6	29	0.9
id-04917	4	2	17	0.9
id-04918	3	2	11	0.9
id-04919	8	9	9	1.0
id-04920	2	3	13	0.9
id-04921	6	2	12	0.8
id-04922	5	9	24	1.0
id-04923	2	4	18	0.9
id-04924	6	9	30	0.9
id-04925	9	3	28	1.0
id-04926	5	8	4	0.8
id-04927	3	6	25	0.9
id-04928	10	15	16	0.9
id-04929	5	5	11	1.0
id-04930	6	7	5	0.9
id-04931	5	2	16	0.9
id-04932	10	19	3	1.0
id-04933	10	8	27	0.9
id-04934	9	18	19	0.9
id-04935	4	8	10	0.9
id-04936	9	8	19	1.0
id-04937	8	13	22	1.0
id-04938	1	2	13	0.8
id-04939	3	3	29	0.9
id-04940	6	5	22	0.8
id-04941	6	9	17	0.8
id-04942	3	2	7	0.9
id-04943	4	2	30	0.9
id-04944	3	5	13	0.8
id-04945	6	3	25	1.0
id-04946	5	4	3	0.9
id-04947	8	5	26	1.0
id-04948	7	14	14	0.8
id-04949	3	4	14	0.9
id-04950	4	6	14	1.0
id-04951	6	5	1	0.9
id-04952	7	8	27	0.9
id-04953	8	2	2	0.8
id-04954	1	2	12	1.0
id-04955	7	12	29	0.9
id-04956	4	2	24	0.9
id-04957	3	5	30	1.0
id-04958	6	7	3	0.8
id-04959	8	2	8	0.9
id-04960	9	16	7	0.9
id-04961	8	14	13	1.0
id-04962	8	2	13	0.9
id-04963	9	2	3	0.8
id-04964	1	2	1	1.0
id-04965	9	11	20	0.9
id-04966	7	13	1	0.9
id-04967	7	8	23	0.9
id-04968	7	8	16	0.9
id-04969	6	12	11	0.9
id-04970	8	15	12	0.8
id-04971	8	7	30	0.9
id-04972	5	6	22	0.9
id-04973	9	13	18	0.8
id-04974	2	2	25	0.8
id-04975	7	8	8	1.0
id-04976	8	12	28	0.9
id-04977	5	2	24	0.9
id-04978	2	3	6	0.8
id-04979	9	18	5	1.0
id-04980	10	5	10	0.8
id-04981	4	2	25	0.9
id-04982	3	3	15	1.0
id-04983	3	5	22	0.9
id-04984	2	3	5	0.9
id-04985	3	6	3	0.9
id-04986	3	6	25	0.8
id-04987	8	10	15	1.0
id-04988	7	10	7	0.9
id-04989	6	6	14	0.9
id-04990	6	6	16	0.9
id-04991	4	8	28	0.9
id-04992	8	8	12	0.9
id-04993	4	3	14	1.0
id-04994	7	8	7	0.8
id-04995	8	13	23	0.9
id-04996	2	3	28	1.0
id-04997	2	4	23	1.0
id-04998	9	10	5	0.9
id-04999	4	8	2	1.0
id-05000	5	2	10	0.9
id-05001	9	7	17	0.9
id-05002	7	6	23	0.9
id-05003	8	10	11	0.9
id-05004	8	9	15	0.8
id-05005	7	7	30	0.9
id-05006	1	2	22	0.8
id-05007	2	3	4	1.0
id-05008	2	4	2	0.9
id-05009	2	4	25	1.0
id-05010	10	10	8	1.0
id-05011	7	12	8	0.9
id-05012	6	11	2	0.8
id-05013	1	2	10	0.9
id-05014	10	20	4	0.9
id-05015	2	3	13	1.0
id-05016	3	4	29	0.9
id-05017	3	5	4	0.9
id-05018	10	13	3	0.9
id-05019	3	3	15	0.9
id-05020	4	3	6	0.9
id-05021	6	7	30	0.9
id-05022	1	2	19	0.9
id-05023	7	14	18	1.0
id-05024	9	18	30	1.0
id-05025	10	17	23	0.9
id-05026	3	2	30	0.9
id-05027	2	4	14	0.8
id-05028	10	20	15	0.8
id-05029	9	17	22	1.0
id-05030	5	9	27	1.0
id-05031	8	9	7	0.9
id-05032	9	10	8	0.9
id-05033	5	9	16	0.9
id-05034	3	5	26	0.9
id-05035	6	3	23	1.0
id-05036	9	7	15	0.8
id-05037	4	5	26	1.0
id-05038	8	16	20	0.9
id-05039	4	2	10	0.8
id-05040	1	2	17	0.9
id-05041	6	11	2	0.8
id-05042	2	3	9	0.9
id-05043	7	6	12	0.8
id-05044	10	17	10	0.8
id-05045	1	2	6	0.9
id-05046	5	5	3	0.8
id-05047	3	4	9	0.9
id-05048	7	8	18	0.9
id-05049	3	5	24	0.9
id-05050	2	4	5	0.9
id-05051	10	4	6	0.9
id-05052	1	2	1	0.9
id-05053	8	8	16	0.8
id-05054	7	3	2	0.9
id-05055	4	3	23	1.0
id-05056	2	3	27	0.9
id-05057	9	16	26	0.8
id-05058	1	2	19	0.8
id-05059	10	4	30	1.0
id-05060	3	6	17	0.9
id-05061	4	2	12	0.8
id-05062	2	3	8	0.9
id-05063	8	13	29	1.0
id-05064	4	4	4	0.9
id-05065	10	19	19	0.9
id-05066	1	2	8	0.9
id-05067	7	10	15	0.8
id-05068	5	10	26	0.9
id-05069	2	2	20	0.8
id-05070	1	2	14	0.8
id-05071	4	3	26	1.0
id-05072	10	17	10	0.9
id-05073	9	13	20	1.0
id-05074	5	2	15	0.9
id-05075	10	6	23	0.9
id-05076	5	9	10	1.0
id-05077	9	15	25	0.9
id-05078	4	6	14	0.9
id-05079	8	3	1	0.9
id-05080	3	6	27	0.8
id-05081	7	2	19	1.0
id-05082	3	4	1	0.9
id-05083	9	16	30	0.9
id-05084	3	4	21	0.9
id-05085	3	5	25	0.9
id-05086	9	8	16	0.9
id-05087	3	2	22	0.9
id-05088	9	15	26	0.9
id-05089	10	19	1	0.8
id-05090	5	5	7	0.9
id-05091	7	7	12	0.9
id-05092	4	7	16	0.9
id-05093	5	5	24	0.9
id-05094	7	9	22	0.9
id-05095	7	7	17	0.9
id-05096	1	2	3	0.8
id-05097	3	2	7	0.9
id-05098	6	10	25	1.0
id-05099	1	2	3	1.0
id-05100	5	2	10	0.9
id-05101	4	2	19	0.9
id-05102	5	6	27	1.0
id-05103	1	2	10	0.9
id-05104	7	5	6	1.0
id-05105	9	5	28	1.0
id-05106	7	10	27	1.0
id-05107	9	9	19	1.0
id-05108	4	4	30	1.0
id-05109	8	12	28	0.9
id-05110	7	12	11	1.0
id-05111	10	18	29	1.0
id-05112	9	15	5	0.9
id-05113	5	4	26	1.0
id-05114	6	6	15	0.9
id-05115	6	3	12	0.9
id-05116	3	2	26	1.0
id-05117	9	12	17	0.8
id-05118	5	3	6	0.8
id-05119	7	4	29	0.9
id-05120	6	8	29	0.9
id-05121	9	18	13	0.9
id-05122	1	2	12	0.9
id-05123	6	10	9	0.9
id-05124	4	7	30	0.9
id-05125	7	14	30	0.9
id-05126	4	5	3	0.9
id-05127	7	7	17	0.9
id-05128	8	10	3	0.9
id-05129	3	6	9	0.9
id-05130	1	2	17	0.9
id-05131	8	4	15	0.8
id-05132	2	4	7	0.9
id-05133	5	10	11	0.9
id-05134	9	9	13	0.9
id-05135	9	4	3	0.9
id-05136	10	9	5	0.9
id-05137	5	10	4	0.9
id-05138	7	14	13	0.8
id-05139	9	10	30	0.9
id-05140	5	8	11	0.9
id-05141	6	6	21	1.0
id-05142	10	7	29	0.9
id-05143	10	18	17	0.9
id-05144	8	16	16	0.8
id-05145	10	4	17	0.8
id-05146	1	2	4	0.8
id-05147	5	4	7	0.9
id-05148	4	5	5	0.9
id-05149	3	5	4	0.9
id-05150	3	3	13	0.8
id-05151	10	20	9	1.0
id-05152	6	5	9	0.9
id-05153	6	7	8	0.8
id-05154	1	2	13	0.8
id-05155	2	4	10	1.0
id-05156	7	7	1	0.9
id-05157	6	11	8	0.9
id-05158	10	5	16	0.9
id-05159	5	10	26	1.0
id-05160	3	3	1	0.9
id-05161	2	2	24	1.0
id-05162	2	4	9	0.8
id-05163	7	13	4	0.8
id-05164	5	7	30	1.0
id-05165	10	10	22	0.9
id-05166	6	4	9	0.8
id-05167	5	9	10	0.9
id-05168	1	2	4	0.9
id-05169	5	8	2	0.9
id-05170	3	6	15	1.0
id-05171	4	4	2	1.0
id-05172	2	4	22	1.0
id-05173	8	4	19	0.8
id-05174	3	4	21	1.0
id-05175	1	2	24	0.8
id-05176	5	8	19	0.9
id-05177	3	3	25	0.8
id-05178	4	7	8	0.9
id-05179	7	12	26	0.9
id-05180	3	5	28	0.9
id-05181	8	2	30	0.9
id-05182	8	3	2	1.0
id-05183	10	6	5	0.9
id-05184	1	2	9	1.0
id-05185	10	11	14	0.8
id-05186	5	2	13	0.8
id-05187	5	4	15	0.8
id-05188	9	8	24	0.9
id-05189	3	5	1	1.0
id-05190	3	5	22	0.8
id-05191	2	3	1	0.9
id-05192	5	2	5	1.0
id-05193	7	6	3	0.8
id-05194	9	15	18	0.8
id-05195	9	10	6	0.9
id-05196	4	3	21	1.0
id-05197	9	17	13	0.9
id-05198	7	9	7	1.0
id-05199	9	5	14	0.8
id-05200	9	17	3	0.8
id-05201	2	2	13	0.9
id-05202	9	10	25	0.9
id-05203	4	7	23	0.9
id-05204	9	2	24	0.8
id-05205	1	2	5	1.0
id-05206	6	10	3	0.8
id-05207	3	6	20	1.0
id-05208	3	4	27	0.9
id-05209	2	4	20	0.9
id-05210	1	2	14	0.8
id-05211	8	3	17	1.0
id-05212	2	3	28	0.9
id-05213	2	4	23	0.9
id-05214	6	12	7	1.0
id-05215	7	7	12	0.9
id-05216	7	13	12	1.0
id-05217	9	3	12	1.0
id-05218	5	7	20	0.8
id-05219	7	8	3	0.9
id-05220	7	2	18	0.9
id-05221	7	2	1	1.0
id-05222	1	2	15	0.9
id-05223	5	8	29	0.9
id-05224	6	2	22	1.0
id-05225	9	17	10	0.9
id-05226	4	2	2	1.0
id-05227	1	2	15	0.9
id-05228	9	2	28	0.9
id-05229	3	4	16	1.0
id-05230	7	8	13	0.8
id-05231	7	7	15	1.0
id-05232	1	2	1	0.9
id-05233	5	7	22	0.9
id-05234	7	9	15	1.0
id-05235	8	8	12	0.9
id-05236	2	4	7	0.8
id-05237	6	6	6	0.8
id-05238	3	6	6	0.9
id-05239	6	6	25	0.9
id-05240	7	12	12	1.0
id-05241	10	8	22	0.9
id-05242	4	8	13	1.0
id-05243	7	11	15	1.0
id-05244	8	4	28	1.0
id-05245	7	3	15	1.0
id-05246	3	6	8	0.9
id-05247	10	16	6	0.9
id-05248	4	2	9	1.0
id-05249	5	10	27	1.0
id-05250	9	2	4	1.0
id-05251	10	5	28	0.9
id-05252	5	7	3	0.9
id-05253	1	2	25	1.0
id-05254	3	5	2	1.0
id-05255	1	2	10	0.9
id-05256	3	5	15	0.9
id-05257	1	2	11	0.9
id-05258	8	16	18	0.9
id-05259	1	2	10	1.0
id-05260	4	4	25	0.8
id-05261	8	12	12	0.9
id-05262	4	3	7	0.8
id-05263	6	9	10	1.0
id-05264	5	5	5	1.0
id-05265	6	12	13	0.9
id-05266	6	11	15	0.9
id-05267	2	3	5	0.9
id-05268	3	5	14	0.8
id-05269	6	8	11	0.9
id-05270	3	6	8	0.9
id-05271	10	16	8	0.8
id-05272	9	5	3	0.9
id-05273	2	4	8	0.9
id-05274	1	2	7	0.9
id-05275	1	2	11	0.8
id-05276	5	5	14	0.9
id-05277	2	3	20	0.8
id-05278	1	2	14	0.8
id-05279	2	4	17	0.9
id-05280	4	6	28	0.9
id-05281	2	3	22	0.9
id-05282	8	11	7	1.0
id-05283	5	4	15	1.0
id-05284	2	3	4	0.9
id-05285	4	7	29	0.8
id-05286	5	9	11	1.0
id-05287	4	5	25	0.8
id-05288	2	4	7	0.8
id-05289	7	3	6	1.0
id-05290	6	4	21	0.8
id-05291	8	13	1	0.9
id-05292	8	5	4	0.9
id-05293	5	8	9	1.0
id-05294	3	6	6	0.8
id-05295	9	13	26	1.0
id-05296	7	12	30	0.9
id-05297	2	3	29	0.8
id-05298	8	6	8	0.9
id-05299	7	5	17	1.0
id-05300	9	17	28	0.9
id-05301	4	4	13	1.0
id-05302	1	2	16	1.0
id-05303	8	7	30	1.0
id-05304	10	9	18	0.9
id-05305	7	8	18	0.9
id-05306	4	8	3	0.9
id-05307	5	7	27	0.9
id-05308	5	7	22	0.8
id-05309	10	5	14	0.9
id-05310	1	2	4	0.9
id-05311	3	2	27	0.9
id-05312	10	8	27	1.0
id-05313	3	6	30	0.8
id-05314	5	3	24	0.8
id-05315	8	10	23	1.0
id-05316	4	6	24	0.9
id-05317	9	6	23	0.8
id-05318	9	7	4	1.0
id-05319	8	13	7	0.8
id-05320	8	2	15	0.9
id-05321	10	13	1	0.9
id-05322	10	20	24	0.8
id-05323	6	4	2	0.9
id-05324	2	4	10	0.9
id-05325	5	4	15	1.0
id-05326	6	12	4	0.8
id-05327	3	5	14	0.8
id-05328	10	11	16	1.0
id-05329	6	11	6	0.9
id-05330	6	3	21	0.9
id-05331	4	3	3	1.0
id-05332	6	3	20	0.8
id-05333	2	2	14	0.9
id-05334	1	2	30	1.0
id-05335	9	16	17	0.9
id-05336	6	3	17	1.0
id-05337	4	4	3	0.8
id-05338	8	13	24	1.0
id-05339	8	10	18	0.8
id-05340	8	10	10	0.8
id-05341	8	8	13	0.8
id-05342	2	3	15	0.8
id-05343	8	3	22	0.9
id-05344	8	5	19	1.0
id-05345	5	2	8	0.8
id-05346	8	14	3	0.9
id-05347	5	5	5	0.9
id-05348	5	5	23	1.0
id-05349	6	11	5	0.9
id-05350	4	8	10	0.9
id-05351	2	4	10	0.9
id-05352	4	4	24	0.9
id-05353	5	10	13	0.9
id-05354	10	15	10	1.0
id-05355	2	4	7	1.0
id-05356	1	2	24	1.0
id-05357	6	6	4	0.9
id-05358	8	4	9	0.8
id-05359	2	4	7	1.0
id-05360	7	14	4	1.0
id-05361	3	3	24	0.9
id-05362	1	2	25	0.9
id-05363	2	2	24	0.9
id-05364	9	10	5	0.9
id-05365	2	3	22	0.9
id-05366	4	3	29	0.9
id-05367	2	4	15	0.8
id-05368	10	2	2	1.0
id-05369	2	2	19	0.8
id-05370	1	2	27	1.0
id-05371	2	4	17	0.9
id-05372	7	5	4	0.9
id-05373	5	2	20	1.0
id-05374	1	2	3	1.0
id-05375	4	7	8	1.0
id-05376	5	4	5	0.8
id-05377	6	12	13	0.9
id-05378	7	8	6	1.0
id-05379	4	4	17	1.0
id-05380	2	4	29	0.9
id-05381	9	2	25	0.9
id-05382	2	3	13	0.9
id-05383	1	2	4	0.9
id-05384	3	6	15	0.8
id-05385	1	2	4	1.0
id-05386	3	3	15	0.8
id-05387	7	11	10	1.0
id-05388	8	13	1	0.9
id-05389	8	7	15	1.0
id-05390	9	6	5	0.9
id-05391	2	4	13	0.9
id-05392	2	2	27	0.8
id-05393	8	5	10	0.8
id-05394	6	8	17	0.9
id-05395	1	2	4	0.9
id-05396	6	2	7	0.8
id-05397	7	6	15	0.9
id-05398	2	2	3	0.9
id-05399	1	2	19	0.9
id-05400	6	8	12	1.0
id-05401	3	2	17	0.9
id-05402	5	8	12	0.9
id-05403	3	6	28	0.9
id-05404	9	13	11	1.0
id-05405	1	2	17	0.9
id-05406	2	3	30	0.9
id-05407	8	9	13	0.9
id-05408	5	10	16	0.9
id-05409	6	2	20	0.9
id-05410	5	9	18	0.9
id-05411	1	2	15	0.8
id-05412	8	10	4	1.0
id-05413	10	17	8	1.0
id-05414	6	10	3	1.0
id-05415	8	15	17	0.8
id-05416	5	6	18	0.8
id-05417	10	20	3	0.9
id-05418	1	2	28	0.9
id-05419	4	3	14	0.9
id-05420	6	6	12	0.9
id-05421	1	2	19	0.9
id-05422	1	2	16	1.0
id-05423	10	12	26	0.9
id-05424	9	11	30	0.8
id-05425	3	2	4	0.9
id-05426	4	3	16	0.8
id-05427	1	2	13	0.8
id-05428	7	6	27	0.8
id-05429	8	8	11	0.9
id-05430	9	3	2	0.9
id-05431	4	8	19	0.8
id-05432	5	6	20	0.9
id-05433	9	3	11	0.9
id-05434	10	13	23	0.8
id-05435	9	6	5	0.9
id-05436	2	4	27	0.9
id-05437	2	2	6	0.9
id-05438	1	2	4	1.0
id-05439	9	9	8	0.8
id-05440	7	5	1	0.9
id-05441	6	5	15	0.8
id-05442	9	13	12	1.0
id-05443	5	2	15	0.9
id-05444	2	2	25	0.8
id-05445	10	8	20	0.9
id-05446	4	2	11	1.0
id-05447	10	7	22	0.9
id-05448	8	2	22	0.9
id-05449	3	5	5	0.9
id-05450	9	2	2	0.9
id-05451	6	12	22	0.8
id-05452	8	6	1	1.0
id-05453	3	3	16	0.8
id-05454	3	4	13	0.9
id-05455	9	8	9	0.9
id-05456	9	15	5	0.9
id-05457	2	3	22	0.9
id-05458	8	7	28	0.8
id-05459	5	9	9	0.9
id-05460	9	10	3	0.9
id-05461	6	12	30	1.0
id-05462	1	2	5	1.0
id-05463	5	4	8	0.9
id-05464	3	5	1	1.0
id-05465	7	12	30	0.8
id-05466	10	19	21	1.0
id-05467	4	7	11	1.0
id-05468	1	2	24	0.8
id-05469	10	16	1	0.8
id-05470	5	2	16	0.8
id-05471	4	6	22	0.9
id-05472	1	2	11	0.9
id-05473	1	2	17	0.9
id-05474	3	3	22	1.0
id-05475	4	2	17	0.8
id-05476	1	2	22	0.8
id-05477	1	2	4	0.9
id-05478	4	6	20	0.8
id-05479	9	9	6	0.9
id-05480	6	2	4	0.9
id-05481	8	5	21	0.9
id-05482	10	4	5	0.9
id-05483	4	8	14	0.9
id-05484	4	8	17	0.8
id-05485	4	6	30	1.0
id-05486	6	12	16	0.9
id-05487	10	6	13	0.9
id-05488	10	2	22	0.9
id-05489	9	2	7	1.0
id-05490	4	4	18	0.8
id-05491	9	8	6	0.9
id-05492	8	3	1	0.9
id-05493	3	6	16	0.9
id-05494	5	9	14	0.9
id-05495	10	19	13	1.0
id-05496	1	2	5	0.8
id-05497	10	20	27	0.9
id-05498	4	3	5	0.9
id-05499	4	2	10	0.9
id-05500	5	9	12	0.9
id-05501	4	3	22	1.0
id-05502	6	2	5	0.9
id-05503	8	5	24	0.8
id-05504	9	18	9	0.9
id-05505	6	5	10	0.9
id-05506	4	8	16	0.9
id-05507	4	2	30	0.8
id-05508	4	8	22	0.9
id-05509	4	2	14	0.9
id-05510	3	6	19	0.8
id-05511	9	15	28	0.9
id-05512	7	9	4	0.9
id-05513	1	2	24	0.8
id-05514	1	2	7	0.9
id-05515	1	2	28	0.9
id-05516	3	6	14	1.0
id-05517	8	16	24	0.8
id-05518	6	4	21	1.0
id-05519	6	2	10	0.8
id-05520	9	9	6	1.0
id-05521	9	14	17	0.8
id-05522	9	13	13	0.9
id-05523	1	2	26	1.0
id-05524	6	9	10	0.8
id-05525	3	3	23	0.9
id-05526	2	3	2	0.8
id-05527	2	2	4	0.9
id-05528	7	14	12	0.9
id-05529	3	3	4	0.9
id-05530	7	4	4	0.8
id-05531	9	18	14	0.9
id-05532	10	5	19	0.9
id-05533	5	6	21	0.9
id-05534	7	6	16	0.9
id-05535	4	2	1	0.8
id-05536	9	8	29	1.0
id-05537	8	11	21	1.0
id-05538	6	2	28	0.8
id-05539	5	4	3	0.8
id-05540	9	6	9	0.9
id-05541	6	2	23	0.9
id-05542	4	4	17	0.9
id-05543	4	4	16	0.9
id-05544	7	2	1	1.0
id-05545	8	15	26	0.9
id-05546	4	8	4	0.9
id-05547	9	10	24	0.9
id-05548	2	3	14	0.9
id-05549	4	8	20	0.9
id-05550	3	3	25	1.0
id-05551	4	7	9	1.0
id-05552	4	6	4	1.0
id-05553	7	7	10	0.8
id-05554	2	4	6	0.9
id-05555	2	2	14	0.8
id-05556	5	2	30	0.9
id-05557	7	10	1	1.0
id-05558	9	15	28	0.9
id-05559	4	7	13	1.0
id-05560	1	2	6	0.9
id-05561	7	5	15	1.0
id-05562	2	2	22	0.9
id-05563	10	5	11	0.9
id-05564	6	7	8	0.9
id-05565	7	10	19	0.8
id-05566	10	17	14	0.9
id-05567	4	7	28	1.0
id-05568	10	17	22	0.9
id-05569	6	9	21	0.8
id-05570	10	18	5	0.9
id-05571	4	4	5	0.9
id-05572	5	8	9	0.9
id-05573	1	2	6	0.8
id-05574	9	16	29	0.8
id-05575	9	12	17	0.9
id-05576	7	13	4	0.8
id-05577	3	4	4	0.8
id-05578	4	7	26	1.0
id-05579	8	15	28	1.0
id-05580	6	8	10	1.0
id-05581	4	2	25	0.8
id-05582	7	10	28	0.9
id-05583	1	2	28	0.9
id-05584	1	2	25	0.9
id-05585	2	4	8	0.9
id-05586	10	2	17	0.9
id-05587	6	8	14	0.9
id-05588	8	16	9	0.8
id-05589	7	4	17	0.9
id-05590	4	3	6	0.9
id-05591	6	3	3	0.8
id-05592	9	11	26	0.9
id-05593	2	2	2	1.0
id-05594	6	9	17	0.8
id-05595	8	8	12	0.8
id-05596	7	4	4	0.9
id-05597	9	18	16	0.8
id-05598	4	7	15	1.0
id-05599	2	4	24	0.9
id-05600	9	17	22	1.0
id-05601	5	9	15	1.0
id-05602	1	2	22	0.9
id-05603	6	3	12	0.9
id-05604	3	5	27	0.8
id-05605	5	3	24	0.8
id-05606	9	6	10	0.9
id-05607	6	6	3	1.0
id-05608	7	7	1	0.8
id-05609	5	2	4	1.0
id-05610	2	4	4	0.9
id-05611	8	5	20	0.9
id-05612	4	5	24	1.0
id-05613	6	5	4	0.8
id-05614	8	2	13	0.9
id-05615	1	2	21	0.9
id-05616	9	7	30	0.9
id-05617	4	6	17	0.9
id-05618	1	2	17	0.8
id-05619	4	7	23	0.9
id-05620	3	5	18	0.8
id-05621	5	7	23	0.8
id-05622	3	3	18	0.9
id-05623	6	4	18	0.9
id-05624	3	6	13	0.9
id-05625	10	9	10	0.8
id-05626	8	7	16	0.9
id-05627	6	5	13	0.9
id-05628	1	2	25	0.9
id-05629	5	9	15	1.0
id-05630	1	2	13	0.8
id-05631	9	2	11	0.9
id-05632	8	3	8	0.9
id-05633	2	4	11	0.9
id-05634	5	8	1	0.8
id-05635	7	13	10	0.9
id-05636	7	6	27	1.0
id-05637	2	3	25	0.9
id-05638	10	15	7	0.9
id-05639	8	13	4	0.8
id-05640	1	2	21	0.8
id-05641	2	2	12	0.8
id-05642	10	12	17	0.8
id-05643	10	7	5	0.9
id-05644	1	2	11	1.0
id-05645	7	14	10	0.9
id-05646	3	6	27	0.9
id-05647	10	17	15	0.8
id-05648	6	6	21	1.0
id-05649	2	3	6	0.9
id-05650	3	4	14	0.9
id-05651	10	12	11	0.8
id-05652	4	7	12	0.8
id-05653	8	13	3	0.8
id-05654	6	2	4	1.0
id-05655	2	3	25	0.9
id-05656	10	10	7	0.9
id-05657	8	7	24	0.8
id-05658	2	4	14	1.0
id-05659	2	2	5	0.8
id-05660	3	2	3	0.8
id-05661	5	4	9	0.9
id-05662	3	3	23	0.9
id-05663	9	3	3	0.9
id-05664	1	2	5	0.8
id-05665	1	2	21	0.9
id-05666	2	4	15	1.0
id-05667	8	2	25	0.9
id-05668	5	4	23	0.9
id-05669	8	16	14	0.9
id-05670	5	6	26	0.9
id-05671	1	2	29	0.9
id-05672	5	2	22	0.9
id-05673	7	3	7	1.0
id-05674	8	4	7	0.9
id-05675	9	8	23	1.0
id-05676	7	9	27	0.8
id-05677	10	8	22	1.0
id-05678	10	20	11	0.9
id-05679	7	14	13	1.0
id-05680	7	7	27	1.0
id-05681	9	18	28	1.0
id-05682	9	5	5	0.8
id-05683	3	2	9	0.9
id-05684	6	10	3	1.0
id-05685	7	11	13	0.9
id-05686	3	3	13	0.9
id-05687	10	9	4	0.9
id-05688	3	6	5	0.9
id-05689	6	7	10	0.9
id-05690	6	8	26	1.0
id-05691	9	15	8	1.0
id-05692	8	10	28	0.9
id-05693	1	2	9	0.9
id-05694	8	15	29	0.9
id-05695	10	20	13	0.8
id-05696	1	2	1	1.0
id-05697	1	2	12	1.0
id-05698	8	7	11	0.9
id-05699	4	8	24	0.8
id-05700	7	11	7	1.0
id-05701	4	6	13	1.0
id-05702	4	3	15	0.9
id-05703	3	4	6	0.9
id-05704	9	14	24	0.9
id-05705	1	2	5	0.8
id-05706	6	6	18	1.0
id-05707	7	11	25	1.0
id-05708	7	3	20	0.9
id-05709	4	8	18	0.8
id-05710	8	9	2	0.9
id-05711	6	4	17	0.9
id-05712	4	8	8	0.8
id-05713	4	6	10	0.8
id-05714	7	6	27	0.9
id-05715	3	5	28	0.8
id-05716	7	11	11	1.0
id-05717	7	5	19	0.9
id-05718	8	4	19	1.0
id-05719	10	18	4	0.9
id-05720	2	2	28	0.9
id-05721	8	11	8	0.8
id-05722	4	8	17	0.8
id-05723	8	4	27	0.9
id-05724	6	3	8	0.9
id-05725	3	5	1	0.9
id-05726	5	2	21	0.9
id-05727	6	5	1	0.8
id-05728	6	11	2	0.9
id-05729	1	2	17	0.9
id-05730	3	5	4	1.0
id-05731	1	2	22	0.8
id-05732	8	7	22	0.9
id-05733	7	11	22	0.8
id-05734	5	9	4	0.9
id-05735	7	5	9	0.8
id-05736	9	11	24	0.9
id-05737	10	5	16	0.9
id-05738	3	6	17	0.9
id-05739	4	3	5	0.9
id-05740	6	10	2	0.8
id-05741	9	15	4	0.9
id-05742	6	12	9	0.8
id-05743	5	6	5	0.9
id-05744	10	17	13	1.0
id-05745	5	4	4	0.9
id-05746	8	2	29	1.0
id-05747	6	3	15	0.8
id-05748	10	4	3	0.9
id-05749	6	3	17	0.9
id-05750	8	10	7	0.9
id-05751	2	3	25	0.9
id-05752	8	2	27	0.9
id-05753	5	6	6	0.8
id-05754	3	4	30	1.0
id-05755	6	7	17	0.9
id-05756	6	12	16	1.0
id-05757	3	3	2	0.9
id-05758	7	2	26	1.0
id-05759	9	18	26	0.8
id-05760	8	12	9	0.8
id-05761	8	14	8	0.9
id-05762	9	6	28	0.9
id-05763	4	2	1	0.9
id-05764	3	4	14	1.0
id-05765	4	7	23	0.8
id-05766	6	12	10	0.9
id-05767	2	4	8	0.8
id-05768	6	3	23	0.9
id-05769	6	3	16	0.9
id-05770	8	14	7	0.9
id-05771	1	2	1	0.9
id-05772	4	3	13	0.9
id-05773	8	12	15	0.8
id-05774	6	5	6	1.0
id-05775	9	7	14	0.8
id-05776	4	3	23	0.9
id-05777	1	2	5	0.8
id-05778	6	7	15	0.9
id-05779	5	7	13	0.9
id-05780	4	3	1	0.9
id-05781	6	10	13	0.9
id-05782	8	4	21	0.8
id-05783	10	9	24	1.0
id-05784	1	2	24	0.8
id-05785	1	2	9	0.9
id-05786	8	14	7	1.0
id-05787	5	9	29	0.9
id-05788	1	2	3	0.9
id-05789	2	4	9	0.9
id-05790	3	4	7	0.9
id-05791	6	12	21	0.8
id-05792	3	5	21	0.9
id-05793	6	2	18	0.8
id-05794	5	5	9	0.8
id-05795	2	4	28	0.8
id-05796	8	8	30	0.9
id-05797	10	5	5	0.8
id-05798	4	8	17	0.9
id-05799	10	19	7	0.9
id-05800	4	5	6	1.0
id-05801	1	2	8	0.8
id-05802	5	8	2	0.8
id-05803	2	4	19	1.0
id-05804	9	15	29	0.9
id-05805	6	4	4	0.8
id-05806	5	10	8	0.9
id-05807	5	5	25	1.0
id-05808	1	2	21	0.8
id-05809	2	3	11	1.0
id-05810	4	3	13	0.8
id-05811	9	9	25	0.8
id-05812	9	16	21	0.8
id-05813	10	15	9	0.8
id-05814	6	3	9	0.9
id-05815	2	2	24	0.8
id-05816	3	6	24	0.9
id-05817	3	6	12	0.8
id-05818	10	17	19	0.9
id-05819	6	4	19	0.9
id-05820	2	2	23	1.0
id-05821	2	3	25	0.9
id-05822	6	4	15	0.9
id-05823	8	5	18	0.9
id-05824	4	5	26	0.8
id-05825	1	2	11	0.9
id-05826	3	6	9	0.8
id-05827	7	4	16	0.8
id-05828	8	4	29	0.9
id-05829	9	18	17	0.8
id-05830	1	2	16	0.9
id-05831	3	5	12	0.9
id-05832	6	7	6	0.9
id-05833	6	4	9	0.9
id-05834	8	5	17	0.9
id-05835	8	12	28	0.9
id-05836	6	6	17	0.8
id-05837	10	5	11	0.9
id-05838	5	9	14	1.0
id-05839	8	5	6	0.9
id-05840	2	3	2	0.9
id-05841	8	5	2	0.8
id-05842	4	8	10	1.0
id-05843	3	3	7	1.0
id-05844	2	4	24	0.9
id-05845	1	2	11	0.9
id-05846	6	7	24	0.9
id-05847	8	9	17	0.9
id-05848	4	7	30	0.9
id-05849	4	8	24	1.0
id-05850	6	8	15	0.8
id-05851	10	16	5	0.9
id-05852	10	9	2	1.0
id-05853	6	2	29	0.9
id-05854	10	14	22	0.8
id-05855	9	13	16	1.0
id-05856	7	8	19	0.9
id-05857	6	8	13	0.8
id-05858	3	5	28	0.9
id-05859	4	4	26	0.9
id-05860	5	3	1	1.0
id-05861	4	5	13	0.9
id-05862	1	2	20	0.9
id-05863	7	3	23	0.8
id-05864	3	2	12	1.0
id-05865	8	5	1	0.8
id-05866	10	9	6	0.9
id-05867	2	4	21	0.8
id-05868	7	8	17	0.9
id-05869	6	11	14	0.9
id-05870	1	2	7	1.0
id-05871	2	3	14	0.9
id-05872	5	6	18	0.8
id-05873	6	4	29	0.9
id-05874	3	5	6	0.8
id-05875	10	7	8	0.9
id-05876	4	2	16	0.9
id-05877	8	16	6	0.8
id-05878	5	7	30	0.8
id-05879	8	3	9	0.9
id-05880	10	14	14	1.0
id-05881	5	4	4	0.9
id-05882	2	3	13	0.8
id-05883	9	4	1	0.8
id-05884	7	2	3	1.0
id-05885	7	8	21	0.8
id-05886	1	2	28	0.9
id-05887	9	9	10	1.0
id-05888	2	4	27	0.9
id-05889	5	2	14	1.0
id-05890	6	10	19	0.9
id-05891	3	3	25	0.9
id-05892	1	2	16	0.9
id-05893	9	11	30	0.9
id-05894	10	8	12	0.9
id-05895	8	12	18	1.0
id-05896	3	6	7	0.9
id-05897	8	4	25	0.9
id-05898	2	3	11	0.9
id-05899	7	14	30	0.9
id-05900	4	5	26	1.0
id-05901	4	3	5	0.8
id-05902	10	5	2	0.8
id-05903	3	3	15	1.0
id-05904	3	6	23	0.8
id-05905	6	4	27	0.9
id-05906	6	6	22	1.0
id-05907	5	5	14	1.0
id-05908	1	2	18	1.0
id-05909	9	17	15	0.8
id-05910	10	7	24	0.8
id-05911	9	2	5	0.8
id-05912	1	2	19	0.9
id-05913	4	8	22	1.0
id-05914	5	10	12	0.8
id-05915	3	2	12	0.8
id-05916	3	6	2	0.8
id-05917	10	9	6	1.0
id-05918	2	4	2	0.9
id-05919	6	10	17	0.9
id-05920	9	15	22	0.8
id-05921	8	2	13	1.0
id-05922	8	15	1	1.0
id-05923	4	4	24	1.0
id-05924	10	17	20	0.9
id-05925	5	9	14	1.0
id-05926	3	2	6	1.0
id-05927	2	4	28	0.9
id-05928	1	2	26	1.0
id-05929	3	2	9	0.9
id-05930	5	2	30	1.0
id-05931	2	4	3	0.9
id-05932	6	10	11	0.8
id-05933	6	3	25	0.8
id-05934	4	2	3	0.9
id-05935	3	5	22	0.9
id-05936	1	2	28	1.0
id-05937	6	6	28	0.9
id-05938	3	2	24	0.9
id-05939	10	2	12	0.9
id-05940	4	2	7	0.8
id-05941	6	7	18	0.8
id-05942	1	2	29	0.8
id-05943	8	6	20	0.8
id-05944	5	2	27	0.9
id-05945	8	11	11	0.9
id-05946	2	2	7	0.9
id-05947	5	5	30	1.0
id-05948	8	13	3	0.9
id-05949	8	11	9	0.8
id-05950	4	2	1	1.0
id-05951	10	5	14	0.9
id-05952	6	4	13	0.8
id-05953	10	12	9	0.9
id-05954	7	4	27	0.9
id-05955	10	19	16	0.8
id-05956	3	2	25	1.0
id-05957	9	8	12	0.8
id-05958	4	8	11	0.9
id-05959	8	5	1	1.0
id-05960	2	4	21	1.0
id-05961	2	2	12	0.8
id-05962	10	3	22	0.9
id-05963	1	2	15	0.9
id-05964	2	4	17	0.9
id-05965	4	8	19	0.9
id-05966	8	15	7	0.9
id-05967	2	3	4	0.9
id-05968	8	4	27	1.0
id-05969	3	6	6	0.8
id-05970	7	2	15	0.9
id-05971	1	2	25	0.8
id-05972	7	6	18	0.9
id-05973	8	5	22	1.0
id-05974	9	12	14	0.9
id-05975	2	3	4	0.9
id-05976	5	10	2	0.8
id-05977	10	5	13	0.9
id-05978	5	6	21	1.0
id-05979	8	14	1	0.9
id-05980	3	5	16	1.0
id-05981	8	12	23	0.9
id-05982	9	12	4	0.9
id-05983	10	16	2	0.9
id-05984	2	3	26	0.9
id-05985	6	11	2	0.8
id-05986	2	4	18	1.0
id-05987	3	5	27	0.9
id-05988	1	2	10	0.9
id-05989	2	4	29	0.8
id-05990	6	12	11	1.0
id-05991	3	4	22	1.0
id-05992	7	9	27	0.8
id-05993	10	19	29	1.0
id-05994	5	6	19	0.9
id-05995	8	14	2	1.0
id-05996	10	4	5	1.0
id-05997	9	16	30	1.0
id-05998	4	4	12	0.8
id-05999	5	9	16	1.0
id-06000	2	2	16	0.9
id-06001	3	6	4	0.8
id-06002	3	2	4	0.8
id-06003	2	3	23	0.8
id-06004	8	8	6	0.8
id-06005	3	4	13	0.8
id-06006	7	12	5	0.8
id-06007	10	4	12	0.9
id-06008	4	7	28	0.9
id-06009	10	19	26	0.9
id-06010	6	11	28	0.9
id-06011	1	2	16	1.0
id-06012	1	2	30	1.0
id-06013	6	8	26	1.0
id-06014	2	3	9	0.8
id-06015	10	12	2	0.8
id-06016	6	9	6	0.9
id-06017	2	2	28	0.8
id-06018	9	6	11	0.9
id-06019	6	5	12	1.0
id-06020	4	7	30	0.8
id-06021	3	3	11	0.9
id-06022	1	2	15	1.0
id-06023	5	7	28	0.9
id-06024	8	10	12	0.9
id-06025	4	2	9	0.8
id-06026	2	3	13	1.0
id-06027	5	6	2	0.9
id-06028	6	3	30	0.8
id-06029	7	4	7	0.9
id-06030	3	6	25	0.9
id-06031	7	8	3	0.9
id-06032	6	10	20	0.8
id-06033	1	2	3	1.0
id-06034	5	4	8	0.9
id-06035	7	11	11	1.0
id-06036	9	16	11	0.9
id-06037	3	5	5	0.9
id-06038	3	5	1	1.0
id-06039	3	5	10	0.8
id-06040	3	5	7	0.9
id-06041	5	3	12	0.9
id-06042	10	9	3	0.8
id-06043	2	2	26	0.9
id-06044	10	8	1	0.9
id-06045	7	2	29	0.9
id-06046	10	2	27	0.9
id-06047	3	2	14	0.8
id-06048	2	4	30	0.9
id-06049	5	10	7	0.8
id-06050	8	11	7	1.0
id-06051	9	9	16	0.9
id-06052	3	4	2	0.8
id-06053	1	2	28	1.0
id-06054	2	2	22	0.9
id-06055	9	10	19	0.9
id-06056	6	6	20	0.8
id-06057	7	6	26	0.9
id-06058	6	12	30	1.0
id-06059	10	9	26	1.0
id-06060	6	6	23	0.9
id-06061	1	2	28	0.8
id-06062	9	10	25	0.8
id-06063	10	11	30	0.9
id-06064	6	6	10	0.9
id-06065	5	9	24	0.9
id-06066	5	3	27	1.0
id-06067	9	18	14	1.0
id-06068	9	7	12	0.9
id-06069	7	2	9	1.0
id-06070	9	6	24	0.9
id-06071	3	6	22	0.9
id-06072	4	2	8	0.9
id-06073	1	2	24	1.0
id-06074	9	11	14	0.9
id-06075	1	2	18	0.9
id-06076	7	6	25	0.9
id-06077	4	2	3	0.9
id-06078	2	4	7	0.9
id-06079	10	8	7	0.9
id-06080	8	8	12	0.9
id-06081	6	9	10	0.9
id-06082	6	8	14	1.0
id-06083	10	6	18	0.9
id-06084	7	10	5	0.9
id-06085	6	11	21	0.9
id-06086	4	4	23	0.9
id-06087	6	3	5	0.9
id-06088	3	2	6	0.8
id-06089	8	11	24	1.0
id-06090	8	6	22	0.8
id-06091	2	3	18	0.9
id-06092	6	8	2	0.8
id-06093	7	2	29	0.9
id-06094	7	14	29	0.8
id-06095	4	2	3	0.8
id-06096	10	20	24	0.8
id-06097	2	2	27	1.0
id-06098	5	7	18	0.8
id-06099	1	2	5	0.9
id-06100	3	6	2	1.0
id-06101	5	7	4	0.9
id-06102	9	13	22	0.9
id-06103	9	6	7	1.0
id-06104	1	2	16	0.8
id-06105	8	16	20	0.8
id-06106	2	3	21	0.8
id-06107	3	6	30	0.9
id-06108	4	6	24	0.9
id-06109	2	2	19	0.8
id-06110	6	9	20	0.8
id-06111	9	9	22	0.8
id-06112	7	13	21	0.9
id-06113	1	2	25	0.9
id-06114	8	14	9	0.8
id-06115	2	2	23	1.0
id-06116	1	2	8	0.9
id-06117	1	2	18	0.9
id-06118	1	2	15	1.0
id-06119	8	9	19	0.8
id-06120	3	6	25	0.9
id-06121	3	3	23	0.9
id-06122	5	10	6	1.0
id-06123	5	4	22	0.9
id-06124	2	3	1	0.9
id-06125	2	2	27	1.0
id-06126	2	4	17	0.9
id-06127	10	7	21	0.8
id-06128	9	6	17	0.9
id-06129	9	9	5	0.9
id-06130	7	4	8	0.8
id-06131	3	6	14	1.0
id-06132	6	4	27	1.0
id-06133	3	3	21	0.9
id-06134	7	4	27	0.9
id-06135	6	4	25	0.8
id-06136	4	3	2	0.9
id-06137	10	19	6	0.8
id-06138	7	7	9	1.0
id-06139	8	10	8	1.0
id-06140	8	10	27	0.9
id-06141	4	2	25	0.9
id-06142	3	2	12	0.9
id-06143	8	2	4	0.9
id-06144	7	9	30	0.8
id-06145	5	2	19	0.9
id-06146	4	4	21	1.0
id-06147	10	13	8	0.9
id-06148	5	3	23	0.8
id-06149	4	7	21	0.9
id-06150	3	5	22	0.9
id-06151	7	13	13	0.9
id-06152	2	3	28	0.9
id-06153	2	3	16	0.8
id-06154	5	5	7	1.0
id-06155	7	5	22	0.9
id-06156	4	5	17	1.0
id-06157	7	6	21	0.8
id-06158	1	2	3	0.9
id-06159	9	8	14	1.0
id-06160	9	12	24	0.8
id-06161	3	4	4	1.0
id-06162	9	14	4	1.0
id-06163	5	4	8	1.0
id-06164	4	2	17	0.9
id-06165	9	6	1	0.9
id-06166	6	12	16	0.9
id-06167	9	11	30	0.9
id-06168	8	7	18	0.8
id-06169	9	6	2	0.9
id-06170	5	10	14	0.9
id-06171	10	17	17	1.0
id-06172	7	3	4	0.9
id-06173	6	7	13	1.0
id-06174	2	4	14	0.9
id-06175	9	2	9	0.8
id-06176	8	3	28	0.8
id-06177	8	3	15	0.8
id-06178	4	3	22	0.9
id-06179	10	2	1	0.8
id-06180	8	2	16	0.9
id-06181	1	2	2	0.9
id-06182	2	4	4	0.8
id-06183	4	2	12	0.9
id-06184	2	3	26	0.8
id-06185	3	5	16	1.0
id-06186	8	6	1	0.9
id-06187	4	8	4	0.8
id-06188	7	9	14	0.9
id-06189	7	4	1	0.9
id-06190	5	5	15	0.8
id-06191	2	4	29	1.0
id-06192	9	11	16	0.8
id-06193	1	2	14	0.9
id-06194	3	5	14	0.8
id-06195	7	13	27	0.9
id-06196	8	13	2	1.0
id-06197	5	3	16	0.8
id-06198	4	2	21	0.9
id-06199	8	14	2	0.8
id-06200	8	9	27	1.0
id-06201	2	3	15	0.9
id-06202	6	5	13	0.9
id-06203	2	2	30	1.0
id-06204	4	2	17	0.9
id-06205	6	4	2	1.0
id-06206	3	3	5	0.8
id-06207	10	13	6	1.0
id-06208	6	10	2	0.9
id-06209	9	8	28	0.9
id-06210	7	6	29	0.9
id-06211	3	6	17	1.0
id-06212	7	3	6	0.8
id-06213	4	8	24	0.9
id-06214	8	16	2	0.8
id-06215	5	7	1	0.9
id-06216	7	6	1	0.9
id-06217	2	2	20	1.0
id-06218	1	2	6	0.8
id-06219	4	3	8	0.9
id-06220	7	4	15	0.9
id-06221	7	12	21	0.8
id-06222	7	5	5	0.8
id-06223	10	6	19	0.8
id-06224	3	3	28	0.9
id-06225	8	8	7	0.8
id-06226	1	2	27	0.9
id-06227	10	20	14	0.9
id-06228	7	14	2	0.9
id-06229	1	2	12	0.9
id-06230	10	20	20	0.9
id-06231	3	5	8	0.9
id-06232	4	5	2	1.0
id-06233	8	8	13	1.0
id-06234	1	2	12	0.9
id-06235	7	12	17	1.0
id-06236	1	2	10	1.0
id-06237	3	2	27	0.9
id-06238	8	7	16	1.0
id-06239	9	17	7	1.0
id-06240	9	7	1	0.9
id-06241	8	16	11	0.9
id-06242	8	8	1	0.8
id-06243	9	10	19	0.9
id-06244	1	2	20	0.8
id-06245	4	2	15	1.0
id-06246	10	5	29	0.9
id-06247	8	3	23	1.0
id-06248	8	4	11	1.0
id-06249	7	14	30	0.8
id-06250	3	5	9	0.9
id-06251	2	4	28	0.8
id-06252	10	20	1	0.8
id-06253	7	12	10	0.8
id-06254	6	10	12	0.9
id-06255	9	15	3	0.8
id-06256	1	2	10	0.8
id-06257	2	3	15	0.8
id-06258	2	3	4	0.9
id-06259	5	3	2	0.8
id-06260	5	7	1	0.8
id-06261	10	5	21	0.9
id-06262	2	3	21	1.0
id-06263	9	7	12	0.8
id-06264	7	5	4	1.0
id-06265	6	4	11	0.8
id-06266	10	10	18	0.8
id-06267	3	5	4	0.8
id-06268	4	2	24	1.0
id-06269	9	10	26	0.9
id-06270	9	5	7	0.8
id-06271	4	2	3	0.9
id-06272	10	20	23	0.9
id-06273	2	4	1	0.9
id-06274	10	18	26	1.0
id-06275	9	2	6	0.9
id-06276	8	16	27	0.8
id-06277	6	9	13	0.9
id-06278	3	6	13	0.9
id-06279	6	12	9	1.0
id-06280	9	5	28	0.9
id-06281	7	8	26	0.8
id-06282	9	18	9	0.8
id-06283	6	2	11	0.9
id-06284	10	16	2	1.0
id-06285	9	15	30	0.8
id-06286	9	15	27	0.8
id-06287	4	6	1	0.9
id-06288	2	3	25	0.9
id-06289	9	7	23	0.9
id-06290	7	7	17	0.9
id-06291	10	13	22	1.0
id-06292	4	4	22	0.9
id-06293	8	9	16	0.9
id-06294	10	7	15	0.9
id-06295	7	12	5	1.0
id-06296	5	2	28	0.8
id-06297	3	3	26	0.9
id-06298	5	8	23	0.8
id-06299	8	5	22	0.9
id-06300	4	4	24	0.9
id-06301	1	2	21	0.9
id-06302	3	6	8	0.9
id-06303	6	7	21	0.9
id-06304	7	12	3	1.0
id-06305	9	11	28	0.9
id-06306	5	3	9	0.9
id-06307	1	2	12	1.0
id-06308	8	13	29	0.8
id-06309	8	14	9	0.9
id-06310	3	4	15	0.8
id-06311	4	5	19	0.9
id-06312	1	2	29	0.8
id-06313	3	2	30	1.0
id-06314	6	9	19	1.0
id-06315	6	10	8	0.9
id-06316	7	9	23	0.9
id-06317	3	4	19	0.9
id-06318	2	2	28	0.9
id-06319	6	2	28	1.0
id-06320	4	6	3	1.0
id-06321	5	9	6	1.0
id-06322	4	7	1	1.0
id-06323	2	4	11	0.9
id-06324	7	13	16	0.9
id-06325	3	4	28	0.9
id-06326	2	4	27	1.0
id-06327	7	10	21	0.8
id-06328	6	5	4	0.9
id-06329	3	5	17	0.8
id-06330	9	17	24	0.9
id-06331	4	5	28	0.9
id-06332	5	7	20	0.9
id-06333	7	9	26	0.8
id-06334	7	14	21	0.9
id-06335	5	7	14	0.8
id-06336	9	8	15	0.8
id-06337	4	8	17	0.9
id-06338	10	5	21	1.0
id-06339	10	16	24	0.8
id-06340	3	3	9	1.0
id-06341	9	8	9	0.9
id-06342	8	2	23	0.8
id-06343	3	3	19	0.9
id-06344	6	11	29	0.9
id-06345	5	2	11	0.9
id-06346	2	4	25	1.0
id-06347	2	2	26	0.9
id-06348	5	5	8	1.0
id-06349	9	3	18	1.0
id-06350	6	3	11	0.9
id-06351	7	5	27	0.9
id-06352	2	2	27	1.0
id-06353	9	9	11	0.9
id-06354	6	12	29	0.9
id-06355	6	10	6	1.0
id-06356	6	11	24	0.8
id-06357	6	5	26	0.8
id-06358	7	5	25	0.8
id-06359	1	2	9	0.9
id-06360	5	4	2	1.0
id-06361	7	5	5	0.8
id-06362	1	2	15	0.8
id-06363	3	5	15	1.0
id-06364	5	4	23	0.9
id-06365	1	2	13	0.8
id-06366	10	15	23	1.0
id-06367	10	5	16	0.8
id-06368	6	2	1	0.9
id-06369	6	2	20	0.9
id-06370	5	7	25	0.9
id-06371	3	3	6	0.8
id-06372	8	8	20	0.8
id-06373	8	3	25	0.8
id-06374	7	7	2	0.9
id-06375	5	5	20	0.9
id-06376	9	3	4	0.9
id-06377	5	5	3	0.9
id-06378	10	2	10	0.9
id-06379	8	3	13	0.9
id-06380	3	4	16	0.9
id-06381	7	11	27	0.9
id-06382	4	3	21	1.0
id-06383	4	7	29	0.9
id-06384	5	10	16	0.8
id-06385	5	2	16	1.0
id-06386	1	2	3	0.9
id-06387	2	2	21	0.9
id-06388	9	5	22	1.0
id-06389	9	12	2	1.0
id-06390	6	2	14	0.9
id-06391	5	9	30	0.9
id-06392	8	14	22	0.9
id-06393	2	3	4	0.9
id-06394	10	17	22	0.9
id-06395	4	3	7	0.9
id-06396	6	8	7	0.9
id-06397	10	20	10	0.8
id-06398	1	2	17	0.9
id-06399	2	2	29	1.0
id-06400	8	13	23	0.9
id-06401	7	9	2	0.8
id-06402	2	4	14	0.8
id-06403	8	11	24	0.9
id-06404	3	6	16	0.9
id-06405	5	10	26	0.9
id-06406	1	2	28	1.0
id-06407	5	4	6	0.9
id-06408	3	5	19	1.0
id-06409	8	7	20	0.9
id-06410	8	5	15	0.8
id-06411	1	2	8	0.8
id-06412	1	2	13	0.9
id-06413	10	18	21	1.0
id-06414	4	3	6	0.9
id-06415	5	7	22	1.0
id-06416	10	19	13	0.9
id-06417	4	5	2	0.8
id-06418	3	2	20	1.0
id-06419	9	13	13	1.0
id-06420	6	8	28	0.9
id-06421	9	7	1	0.8
id-06422	6	2	24	0.9
id-06423	8	7	8	0.8
id-06424	1	2	22	0.8
id-06425	7	3	9	0.9
id-06426	7	10	14	1.0
id-06427	4	4	19	1.0
id-06428	2	3	18	0.8
id-06429	8	8	25	0.8
id-06430	3	2	5	0.9
id-06431	4	4	30	0.9
id-06432	9	4	3	0.8
id-06433	5	2	29	0.8
id-06434	2	4	5	0.9
id-06435	6	6	24	1.0
id-06436	3	3	7	0.9
id-06437	10	11	6	0.9
id-06438	6	9	23	0.9
id-06439	2	2	25	0.9
id-06440	1	2	10	0.8
id-06441	1	2	28	0.9
id-06442	6	8	8	1.0
id-06443	10	8	28	1.0
id-06444	4	6	4	1.0
id-06445	5	7	12	1.0
id-06446	4	2	15	1.0
id-06447	9	14	1	0.9
id-06448	3	5	13	1.0
id-06449	10	18	6	1.0
id-06450	5	9	1	0.8
id-06451	2	2	1	1.0
id-06452	9	8	29	0.8
id-06453	3	3	18	0.8
id-06454	8	10	16	0.9
id-06455	3	6	18	0.9
id-06456	2	2	16	1.0
id-06457	4	7	3	0.9
id-06458	3	4	8	0.9
id-06459	8	3	4	0.9
id-06460	6	3	1	1.0
id-06461	6	10	1	0.9
id-06462	4	3	26	1.0
id-06463	6	10	30	1.0
id-06464	7	2	3	0.8
id-06465	2	4	9	0.9
id-06466	9	6	16	0.8
id-06467	8	14	19	0.9
id-06468	10	6	26	0.9
id-06469	5	6	18	1.0
id-06470	4	8	13	0.9
id-06471	8	5	7	0.8
id-06472	1	2	27	0.8
id-06473	1	2	17	0.9
id-06474	7	7	12	0.9
id-06475	6	2	5	1.0
id-06476	7	2	12	0.9
id-06477	8	4	11	0.9
id-06478	6	5	25	1.0
id-06479	6	12	25	1.0
id-06480	5	7	15	0.9
id-06481	6	11	4	0.8
id-06482	10	20	15	0.8
id-06483	1	2	8	1.0
id-06484	9	3	2	0.8
id-06485	4	5	11	1.0
id-06486	3	6	21	0.9
id-06487	1	2	26	1.0
id-06488	5	5	24	1.0
id-06489	9	18	25	0.9
id-06490	10	13	16	0.8
id-06491	1	2	30	0.9
id-06492	3	2	15	0.9
id-06493	4	6	25	1.0
id-06494	1	2	27	0.8
id-06495	1	2	19	0.8
id-06496	9	3	4	1.0
id-06497	7	11	18	0.9
id-06498	2	2	8	0.8
id-06499	3	5	27	0.9
id-06500	4	6	3	0.9
id-06501	5	5	12	0.8
id-06502	8	8	19	0.8
id-06503	5	3	2	1.0
id-06504	6	3	18	0.8
id-06505	2	3	30	0.9
id-06506	7	2	13	0.9
id-06507	2	2	24	0.9
id-06508	9	11	8	0.9
id-06509	9	10	13	1.0
id-06510	9	13	21	0.9
id-06511	8	10	11	0.9
id-06512	2	4	21	0.9
id-06513	6	9	28	0.8
id-06514	4	3	21	0.9
id-06515	4	5	22	0.9
id-06516	7	13	22	0.9
id-06517	10	6	29	0.9
id-06518	1	2	27	0.9
id-06519	10	13	2	0.9
id-06520	4	7	8	0.8
id-06521	8	10	22	1.0
id-06522	5	10	4	1.0
id-06523	1	2	3	0.9
id-06524	5	2	17	0.9
id-06525	8	3	13	1.0
id-06526	4	6	20	0.9
id-06527	7	2	23	0.9
id-06528	5	6	11	1.0
id-06529	8	16	13	0.8
id-06530	1	2	13	0.9
id-06531	4	3	8	0.9
id-06532	8	2	9	0.9
id-06533	3	5	8	0.8
id-06534	6	7	20	0.8
id-06535	9	11	7	0.9
id-06536	9	17	22	0.9
id-06537	9	2	17	1.0
id-06538	8	9	21	0.9
id-06539	9	13	12	0.9
id-06540	7	8	20	1.0
id-06541	3	2	7	0.9
id-06542	8	5	26	0.9
id-06543	9	15	16	0.8
id-06544	5	10	21	0.8
id-06545	1	2	5	0.9
id-06546	7	8	8	0.8
id-06547	2	3	11	0.8
id-06548	9	3	3	0.8
id-06549	1	2	15	1.0
id-06550	7	14	16	0.9
id-06551	6	8	9	1.0
id-06552	10	13	29	1.0
id-06553	5	3	16	0.9
id-06554	7	4	23	1.0
id-06555	2	2	6	0.9
id-06556	8	13	10	0.8
id-06557	8	4	29	0.9
id-06558	8	14	22	0.9
id-06559	7	14	1	0.8
id-06560	3	2	27	0.9
id-06561	6	12	26	0.8
id-06562	8	14	20	0.8
id-06563	3	5	30	0.8
id-06564	6	8	25	0.8
id-06565	1	2	11	0.8
id-06566	3	2	30	0.9
id-06567	10	15	17	0.9
id-06568	6	7	27	0.9
id-06569	10	7	22	0.9
id-06570	4	2	12	1.0
id-06571	8	8	2	0.9
id-06572	2	4	5	1.0
id-06573	10	13	8	0.9
id-06574	3	5	8	0.9
id-06575	7	11	1	0.9
id-06576	8	5	5	1.0
id-06577	6	4	1	0.9
id-06578	8	11	14	0.9
id-06579	2	4	14	0.9
id-06580	5	2	24	0.8
id-06581	7	12	9	0.9
id-06582	5	2	30	1.0
id-06583	8	2	12	0.8
id-06584	8	7	13	0.9
id-06585	5	4	11	1.0
id-06586	9	4	4	0.8
id-06587	1	2	3	1.0
id-06588	5	6	8	0.9
id-06589	3	4	15	1.0
id-06590	9	10	30	0.9
id-06591	10	8	19	1.0
id-06592	8	11	18	1.0
id-06593	4	3	22	0.9
id-06594	10	4	27	0.8
id-06595	1	2	6	0.9
id-06596	6	2	9	0.8
id-06597	5	9	4	0.8
id-06598	10	10	27	0.9
id-06599	4	4	24	0.9
id-06600	3	5	14	0.9
id-06601	3	4	18	1.0
id-06602	3	6	5	0.8
id-06603	5	5	12	0.9
id-06604	9	5	14	0.8
id-06605	10	6	11	1.0
id-06606	10	20	6	0.8
id-06607	10	11	6	0.9
id-06608	9	4	26	0.9
id-06609	2	4	16	0.8
id-06610	9	2	8	0.8
id-06611	6	5	11	0.9
id-06612	8	13	16	0.8
id-06613	7	6	2	0.8
id-06614	10	7	23	0.9
id-06615	8	8	7	0.9
id-06616	7	3	29	0.8
id-06617	1	2	24	0.8
id-06618	2	4	11	0.9
id-06619	1	2	24	0.9
id-06620	10	9	15	0.9
id-06621	8	2	15	0.8
id-06622	5	8	27	0.9
id-06623	6	2	25	0.8
id-06624	7	4	6	0.9
id-06625	2	4	13	0.9
id-06626	5	5	22	0.9
id-06627	8	8	3	0.9
id-06628	8	6	30	0.9
id-06629	8	9	15	0.9
id-06630	4	6	14	0.9
id-06631	3	6	7	0.9
id-06632	5	2	30	0.8
id-06633	6	8	3	1.0
id-06634	9	18	22	0.8
id-06635	8	13	2	1.0
id-06636	8	7	4	0.8
id-06637	2	3	26	0.9
id-06638	10	5	10	0.9
id-06639	9	4	28	0.8
id-06640	8	15	27	1.0
id-06641	9	3	9	0.8
id-06642	2	2	24	1.0
id-06643	4	2	14	0.9
id-06644	1	2	2	0.9
id-06645	3	4	6	0.9
id-06646	7	9	7	0.9
id-06647	3	6	15	0.8
id-06648	6	7	5	0.9
id-06649	3	4	1	0.9
id-06650	4	5	16	0.9
id-06651	4	5	17	0.8
id-06652	8	6	12	0.9
id-06653	9	6	1	0.9
id-06654	1	2	15	0.8
id-06655	10	15	22	0.8
id-06656	3	3	8	0.9
id-06657	7	9	24	0.9
id-06658	1	2	9	0.9
id-06659	2	4	9	0.8
id-06660	4	8	28	0.8
id-06661	7	11	23	1.0
id-06662	4	5	24	0.8
id-06663	6	7	30	1.0
id-06664	7	8	30	0.9
id-06665	5	5	22	0.9
id-06666	3	2	20	0.9
id-06667	7	6	17	0.9
id-06668	6	12	8	0.9
id-06669	4	8	6	0.9
id-06670	10	9	23	0.9
id-06671	9	11	19	0.9
id-06672	3	3	22	0.8
id-06673	5	10	15	0.9
id-06674	8	13	4	0.9
id-06675	8	15	2	0.8
id-06676	1	2	12	0.9
id-06677	6	12	23	0.9
id-06678	3	6	20	0.8
id-06679	7	14	19	1.0
id-06680	4	4	12	0.9
id-06681	4	8	30	0.8
id-06682	2	4	9	1.0
id-06683	9	7	25	0.9
id-06684	5	6	19	1.0
id-06685	9	5	15	0.9
id-06686	6	3	30	1.0
id-06687	6	5	25	0.9
id-06688	8	9	11	1.0
id-06689	6	12	16	1.0
id-06690	9	14	20	0.8
id-06691	5	4	22	0.9
id-06692	3	6	14	0.8
id-06693	2	3	27	0.9
id-06694	1	2	11	0.8
id-06695	10	3	18	0.9
id-06696	9	9	21	0.9
id-06697	8	15	17	0.9
id-06698	10	5	25	0.9
id-06699	5	3	26	1.0
id-06700	7	12	27	0.8
id-06701	3	6	11	0.9
id-06702	4	6	3	0.8
id-06703	4	6	6	0.9
id-06704	4	8	27	1.0
id-06705	3	3	23	0.9
id-06706	5	8	16	0.9
id-06707	1	2	22	0.9
id-06708	8	15	11	0.8
id-06709	4	2	3	0.9
id-06710	4	6	26	0.8
id-06711	9	3	28	0.9
id-06712	9	12	6	0.9
id-06713	6	9	26	0.9
id-06714	9	17	20	0.9
id-06715	6	11	5	1.0
id-06716	1	2	23	0.9
id-06717	2	4	26	0.9
id-06718	6	10	3	1.0
id-06719	8	16	13	1.0
id-06720	9	17	21	0.9
id-06721	6	7	3	0.9
id-06722	3	3	26	0.9
id-06723	1	2	7	0.9
id-06724	1	2	10	1.0
id-06725	10	16	21	0.9
id-06726	1	2	8	0.8
id-06727	10	10	17	0.8
id-06728	9	14	23	1.0
id-06729	9	11	29	0.9
id-06730	8	3	10	0.8
id-06731	8	13	7	0.9
id-06732	4	2	24	1.0
id-06733	4	8	3	0.9
id-06734	6	8	8	1.0
id-06735	5	6	22	0.8
id-06736	1	2	22	0.8
id-06737	1	2	20	0.8
id-06738	3	5	25	0.9
id-06739	9	9	14	0.8
id-06740	5	5	14	0.8
id-06741	3	6	14	0.9
id-06742	2	3	3	0.9
id-06743	3	3	28	0.9
id-06744	1	2	8	1.0
id-06745	2	3	30	0.8
id-06746	10	5	13	1.0
id-06747	9	2	23	0.9
id-06748	9	9	27	0.8
id-06749	10	17	12	0.9
id-06750	9	2	15	0.8
id-06751	7	4	12	0.9
id-06752	5	9	17	0.9
id-06753	2	3	5	0.9
id-06754	8	15	21	0.9
id-06755	2	3	15	1.0
id-06756	6	12	25	1.0
id-06757	3	4	18	0.9
id-06758	9	9	4	0.8
id-06759	10	18	5	0.9
id-06760	10	4	28	1.0
id-06761	5	8	8	0.8
id-06762	7	11	30	0.9
id-06763	6	5	5	0.8
id-06764	6	2	30	0.8
id-06765	3	3	9	1.0
id-06766	10	8	26	0.9
id-06767	8	16	20	0.8
id-06768	7	3	11	0.8
id-06769	3	6	15	1.0
id-06770	2	2	16	0.9
id-06771	1	2	7	1.0
id-06772	3	4	12	1.0
id-06773	5	9	4	0.9
id-06774	1	2	28	0.9
id-06775	6	7	5	1.0
id-06776	3	4	18	1.0
id-06777	8	5	19	0.9
id-06778	5	5	12	1.0
id-06779	1	2	5	0.9
id-06780	3	3	27	1.0
id-06781	1	2	30	0.9
id-06782	10	6	14	0.9
id-06783	8	16	27	0.9
id-06784	8	5	11	0.9
id-06785	10	2	12	1.0
id-06786	10	10	27	0.9
id-06787	2	4	2	1.0
id-06788	5	2	2	1.0
id-06789	10	4	1	0.9
id-06790	6	11	2	1.0
id-06791	6	4	9	0.9
id-06792	5	6	23	1.0
id-06793	2	4	10	0.8
id-06794	10	7	17	0.8
id-06795	8	6	8	0.9
id-06796	5	5	26	0.9
id-06797	2	4	17	0.9
id-06798	10	15	1	0.9
id-06799	2	3	4	0.9
id-06800	9	13	25	0.9
id-06801	2	2	14	0.9
id-06802	1	2	10	0.9
id-06803	8	13	14	0.9
id-06804	3	2	20	0.9
id-06805	7	14	22	0.9
id-06806	10	3	14	1.0
id-06807	10	13	1	0.8
id-06808	8	4	2	1.0
id-06809	9	12	18	1.0
id-06810	7	10	28	0.9
id-06811	2	4	12	0.9
id-06812	6	3	20	1.0
id-06813	5	7	3	0.9
id-06814	3	3	17	1.0
id-06815	8	2	20	0.9
id-06816	7	11	29	1.0
id-06817	4	5	30	1.0
id-06818	5	7	25	1.0
id-06819	8	12	8	0.9
id-06820	8	10	12	0.8
id-06821	3	6	23	0.9
id-06822	4	5	8	0.9
id-06823	9	7	11	1.0
id-06824	7	8	11	0.9
id-06825	2	4	11	1.0
id-06826	6	5	23	0.9
id-06827	4	4	11	0.9
id-06828	8	13	12	0.8
id-06829	4	3	21	0.9
id-06830	3	6	20	0.9
id-06831	1	2	24	0.9
id-06832	6	6	1	0.9
id-06833	1	2	4	1.0
id-06834	4	7	6	0.9
id-06835	4	8	21	0.9
id-06836	6	2	17	0.9
id-06837	9	2	22	0.8
id-06838	10	8	12	0.9
id-06839	5	5	17	0.9
id-06840	1	2	3	1.0
id-06841	7	10	15	0.8
id-06842	10	15	11	1.0
id-06843	8	4	2	0.9
id-06844	10	10	4	0.9
id-06845	1	2	2	0.9
id-06846	8	11	16	0.8
id-06847	5	6	24	0.9
id-06848	1	2	20	1.0
id-06849	2	4	25	0.8
id-06850	6	11	8	0.9
id-06851	7	7	23	0.9
id-06852	1	2	17	0.9
id-06853	2	4	13	1.0
id-06854	6	7	22	1.0
id-06855	1	2	4	1.0
id-06856	9	11	9	0.8
id-06857	8	4	14	1.0
id-06858	5	2	7	0.9
id-06859	5	6	7	0.9
id-06860	10	3	4	1.0
id-06861	4	2	8	0.9
id-06862	5	2	13	0.9
id-06863	5	5	13	0.9
id-06864	9	10	24	0.9
id-06865	7	8	8	1.0
id-06866	7	5	20	0.9
id-06867	1	2	19	1.0
id-06868	8	7	11	1.0
id-06869	10	17	10	0.9
id-06870	3	6	11	0.8
id-06871	4	4	28	1.0
id-06872	5	10	9	0.9
id-06873	3	2	8	0.9
id-06874	7	6	2	1.0
id-06875	7	5	2	0.9
id-06876	7	4	20	0.9
id-06877	8	10	21	0.9
id-06878	10	20	30	0.8
id-06879	8	7	26	0.9
id-06880	8	10	12	0.8
id-06881	10	5	9	0.9
id-06882	4	4	25	1.0
id-06883	4	8	20	0.8
id-06884	3	4	18	0.9
id-06885	4	8	7	1.0
id-06886	9	2	1	0.9
id-06887	8	3	9	1.0
id-06888	1	2	7	1.0
id-06889	10	6	22	1.0
id-06890	4	6	3	0.9
id-06891	8	16	3	0.8
id-06892	6	5	27	0.9
id-06893	7	6	20	0.8
id-06894	8	3	30	0.8
id-06895	5	2	25	0.9
id-06896	4	7	5	0.9
id-06897	8	10	24	1.0
id-06898	10	16	3	0.9
id-06899	1	2	22	1.0
id-06900	8	9	19	0.9
id-06901	4	6	3	0.9
id-06902	10	12	9	0.9
id-06903	7	2	29	1.0
id-06904	1	2	19	0.9
id-06905	10	18	29	0.8
id-06906	7	8	25	0.9
id-06907	9	9	27	0.9
id-06908	1	2	12	0.8
id-06909	6	5	10	0.9
id-06910	5	8	25	0.8
id-06911	5	4	8	0.9
id-06912	7	10	11	0.9
id-06913	1	2	10	0.9
id-06914	3	2	5	0.9
id-06915	7	12	13	1.0
id-06916	5	5	13	1.0
id-06917	10	12	3	0.8
id-06918	5	3	13	1.0
id-06919	8	4	13	1.0
id-06920	9	12	25	0.8
id-06921	4	8	11	0.8
id-06922	4	4	20	0.9
id-06923	8	2	12	0.9
id-06924	5	5	9	1.0
id-06925	8	4	30	0.9
id-06926	9	13	17	0.8
id-06927	8	6	4	0.9
id-06928	4	2	26	0.9
id-06929	7	11	9	0.9
id-06930	8	13	21	1.0
id-06931	5	9	7	0.9
id-06932	7	2	21	1.0
id-06933	4	3	30	0.9
id-06934	3	6	23	0.8
id-06935	5	4	29	0.8
id-06936	6	10	8	0.9
id-06937	7	6	15	0.8
id-06938	5	2	2	0.9
id-06939	6	5	3	0.9
id-06940	3	3	7	1.0
id-06941	3	4	10	1.0
id-06942	4	6	5	0.9
id-06943	8	12	4	0.9
id-06944	5	6	15	0.9
id-06945	6	8	1	0.8
id-06946	7	3	11	1.0
id-06947	2	3	23	0.9
id-06948	1	2	21	0.9
id-06949	8	3	6	0.8
id-06950	1	2	9	0.9
id-06951	7	8	13	0.9
id-06952	7	7	18	1.0
id-06953	2	3	15	0.8
id-06954	1	2	9	0.9
id-06955	6	7	30	0.9
id-06956	10	3	15	0.9
id-06957	7	14	14	0.8
id-06958	5	3	16	0.9
id-06959	1	2	22	0.9
id-06960	3	5	4	0.9
id-06961	8	2	22	0.9
id-06962	3	3	2	0.9
id-06963	7	5	8	0.9
id-06964	9	8	25	1.0
id-06965	1	2	10	0.9
id-06966	8	14	2	0.9
id-06967	1	2	2	0.9
id-06968	1	2	3	1.0
id-06969	2	2	22	0.9
id-06970	3	3	30	1.0
id-06971	1	2	3	1.0
id-06972	5	6	3	0.9
id-06973	5	5	9	0.9
id-06974	5	7	4	0.9
id-06975	7	12	27	0.9
id-06976	2	4	13	1.0
id-06977	9	8	9	0.9
id-06978	8	3	5	0.9
id-06979	2	2	8	1.0
id-06980	8	10	22	1.0
id-06981	3	3	23	0.8
id-06982	6	2	24	0.8
id-06983	3	3	11	0.8
id-06984	6	7	15	0.8
id-06985	10	15	13	1.0
id-06986	8	12	3	0.9
id-06987	10	12	25	0.9
id-06988	9	12	11	0.9
id-06989	4	2	10	0.9
id-06990	1	2	21	0.8
id-06991	4	7	5	0.8
id-06992	10	16	23	0.8
id-06993	10	5	20	0.9
id-06994	8	4	4	1.0
id-06995	8	12	14	0.8
id-06996	1	2	20	1.0
id-06997	2	4	23	0.9
id-06998	10	12	26	0.9
id-06999	7	7	23	0.9
id-07000	10	9	5	1.0
id-07001	1	2	15	0.8
id-07002	1	2	19	1.0
id-07003	3	6	24	0.8
id-07004	2	4	30	0.9
id-07005	4	8	16	0.8
id-07006	2	3	2	0.9
id-07007	2	2	26	0.9
id-07008	4	3	19	1.0
id-07009	10	14	30	0.8
id-07010	1	2	6	0.9
id-07011	10	6	8	1.0
id-07012	7	9	24	1.0
id-07013	4	8	7	0.9
id-07014	3	6	28	0.9
id-07015	5	10	8	1.0
id-07016	10	16	15	0.9
id-07017	4	3	26	1.0
id-07018	1	2	8	0.9
id-07019	7	11	19	0.9
id-07020	7	11	6	0.9
id-07021	7	12	6	0.9
id-07022	10	17	9	0.9
id-07023	10	4	29	0.8
id-07024	8	9	29	0.9
id-07025	10	16	1	0.9
id-07026	6	9	2	0.9
id-07027	5	9	18	0.9
id-07028	2	4	29	0.9
id-07029	6	8	6	1.0
id-07030	7	7	16	0.8
id-07031	7	5	26	1.0
id-07032	6	9	1	0.8
id-07033	6	12	18	0.9
id-07034	1	2	5	1.0
id-07035	10	16	21	1.0
id-07036	3	2	9	0.8
id-07037	5	7	24	0.9
id-07038	1	2	2	0.9
id-07039	2	2	7	0.9
id-07040	4	2	30	1.0
id-07041	8	15	20	1.0
id-07042	4	5	29	1.0
id-07043	10	13	2	0.9
id-07044	1	2	7	0.9
id-07045	9	10	12	1.0
id-07046	3	4	14	0.9
id-07047	3	4	9	1.0
id-07048	7	7	21	0.9
id-07049	6	2	28	0.9
id-07050	8	7	17	0.9
id-07051	1	2	18	0.8
id-07052	3	6	13	0.8
id-07053	10	19	17	0.9
id-07054	2	2	21	0.9
id-07055	3	4	8	1.0
id-07056	2	3	11	1.0
id-07057	5	10	30	1.0
id-07058	7	3	4	0.9
id-07059	3	3	14	1.0
id-07060	1	2	15	0.9
id-07061	10	5	13	1.0
id-07062	1	2	17	0.9
id-07063	2	3	13	0.9
id-07064	8	13	28	0.8
id-07065	4	4	21	1.0
id-07066	4	5	14	0.9
id-07067	3	4	10	1.0
id-07068	8	14	24	0.8
id-07069	6	12	11	0.9
id-07070	2	4	5	1.0
id-07071	2	4	12	0.9
id-07072	2	4	3	0.8
id-07073	5	2	30	0.8
id-07074	10	6	12	0.8
id-07075	10	17	16	0.9
id-07076	8	10	12	0.9
id-07077	3	6	7	0.8
id-07078	5	8	20	0.9
id-07079	4	3	8	1.0
id-07080	5	6	3	0.8
id-07081	4	6	10	0.9
id-07082	6	7	23	0.9
id-07083	1	2	15	1.0
id-07084	2	2	19	1.0
id-07085	3	5	4	0.9
id-07086	9	14	30	0.8
id-07087	3	3	25	0.9
id-07088	7	11	21	0.8
id-07089	7	5	14	1.0
id-07090	1	2	19	0.9
id-07091	6	11	27	1.0
id-07092	1	2	9	0.8
id-07093	8	10	5	1.0
id-07094	7	9	25	0.8
id-07095	8	9	24	1.0
id-07096	7	11	20	1.0
id-07097	8	6	24	0.9
id-07098	5	5	15	0.9
id-07099	8	8	14	0.8
id-07100	7	12	14	0.8
id-07101	8	5	16	0.9
id-07102	1	2	11	0.8
id-07103	9	8	1	0.9
id-07104	7	13	14	0.8
id-07105	2	4	6	0.8
id-07106	1	2	17	0.9
id-07107	4	4	16	1.0
id-07108	8	5	7	1.0
id-07109	7	9	18	0.9
id-07110	2	2	2	1.0
id-07111	7	11	25	1.0
id-07112	3	6	15	0.9
id-07113	10	13	28	0.9
id-07114	1	2	5	1.0
id-07115	2	2	27	0.8
id-07116	1	2	28	0.9
id-07117	6	12	20	0.8
id-07118	1	2	23	0.9
id-07119	8	6	16	1.0
id-07120	10	15	30	0.9
id-07121	3	5	13	0.9
id-07122	10	19	9	0.8
id-07123	9	3	17	0.9
id-07124	1	2	23	0.9
id-07125	5	2	14	0.8
id-07126	5	9	20	0.8
id-07127	9	4	7	0.9
id-07128	2	4	24	0.8
id-07129	2	2	8	0.9
id-07130	8	9	30	0.9
id-07131	3	5	5	1.0
id-07132	1	2	12	1.0
id-07133	7	6	7	0.9
id-07134	1	2	18	1.0
id-07135	8	8	1	1.0
id-07136	10	5	8	0.8
id-07137	2	3	11	1.0
id-07138	7	5	6	0.9
id-07139	2	3	18	0.8
id-07140	3	4	11	0.9
id-07141	2	3	14	0.9
id-07142	6	2	16	0.9
id-07143	7	11	26	0.9
id-07144	2	3	4	0.9
id-07145	8	14	1	1.0
id-07146	6	9	6	0.9
id-07147	7	4	2	0.9
id-07148	6	3	12	0.9
id-07149	2	4	4	1.0
id-07150	6	9	13	0.9
id-07151	4	3	14	1.0
id-07152	6	8	3	0.9
id-07153	6	11	2	0.9
id-07154	7	9	4	0.8
id-07155	1	2	1	0.8
id-07156	2	3	29	1.0
id-07157	3	4	20	0.9
id-07158	9	13	23	0.9
id-07159	9	11	1	1.0
id-07160	9	10	21	0.8
id-07161	3	2	15	0.9
id-07162	3	3	19	0.9
id-07163	1	2	2	0.9
id-07164	6	9	13	0.9
id-07165	7	7	29	0.9
id-07166	7	5	17	0.8
id-07167	2	4	26	0.8
id-07168	7	6	27	0.9
id-07169	5	5	3	0.9
id-07170	1	2	2	0.9
id-07171	6	12	7	0.9
id-07172	5	5	3	0.9
id-07173	1	2	26	0.8
id-07174	6	9	5	0.9
id-07175	4	7	11	1.0
id-07176	7	14	30	0.9
id-07177	4	4	18	0.8
id-07178	1	2	2	0.9
id-07179	4	3	17	1.0
id-07180	10	11	16	0.9
id-07181	6	3	11	1.0
id-07182	6	9	10	0.9
id-07183	5	9	10	1.0
id-07184	3	5	5	1.0
id-07185	5	10	27	1.0
id-07186	10	14	16	0.8
id-07187	3	3	27	0.9
id-07188	2	3	27	0.9
id-07189	9	17	18	1.0
id-07190	10	3	1	0.9
id-07191	7	4	29	0.9
id-07192	6	7	27	0.8
id-07193	9	4	7	0.8
id-07194	7	14	22	1.0
id-07195	5	4	30	0.9
id-07196	6	3	18	0.8
id-07197	10	7	24	1.0
id-07198	9	5	24	0.9
id-07199	7	5	29	0.9
id-07200	8	5	6	1.0
id-07201	1	2	11	0.9
id-07202	9	8	28	0.8
id-07203	4	6	23	0.9
id-07204	2	2	3	0.8
id-07205	2	2	9	1.0
id-07206	9	9	11	0.8
id-07207	4	8	1	1.0
id-07208	2	4	6	0.9
id-07209	5	7	10	0.9
id-07210	1	2	24	0.9
id-07211	9	14	8	1.0
id-07212	10	3	25	0.8
id-07213	4	2	6	0.9
id-07214	10	15	19	0.9
id-07215	2	4	30	1.0
id-07216	8	11	4	0.8
id-07217	8	4	25	0.9
id-07218	5	7	30	1.0
id-07219	1	2	30	1.0
id-07220	6	11	21	1.0
id-07221	5	9	4	0.8
id-07222	1	2	7	1.0
id-07223	2	3	21	0.9
id-07224	3	4	2	0.9
id-07225	3	4	6	0.8
id-07226	2	2	10	0.8
id-07227	2	2	20	0.9
id-07228	9	2	15	1.0
id-07229	9	10	30	0.8
id-07230	9	15	2	0.9
id-07231	9	3	26	0.9
id-07232	6	4	22	1.0
id-07233	8	8	12	1.0
id-07234	4	3	24	0.8
id-07235	1	2	13	0.8
id-07236	2	4	5	1.0
id-07237	4	3	29	0.9
id-07238	6	11	11	0.8
id-07239	6	11	23	0.9
id-07240	5	6	7	0.9
id-07241	1	2	8	0.9
id-07242	10	12	7	0.8
id-07243	1	2	12	1.0
id-07244	4	4	16	0.8
id-07245	8	13	3	0.9
id-07246	5	7	13	0.8
id-07247	10	3	30	0.9
id-07248	2	2	27	0.8
id-07249	5	6	24	0.9
id-07250	9	3	19	0.9
id-07251	6	8	15	0.9
id-07252	10	19	7	0.9
id-07253	2	4	18	0.9
id-07254	4	8	20	0.9
id-07255	1	2	24	0.9
id-07256	3	4	6	1.0
id-07257	1	2	1	0.8
id-07258	6	6	5	1.0
id-07259	8	7	5	0.9
id-07260	5	6	10	1.0
id-07261	6	6	27	1.0
id-07262	7	3	25	0.8
id-07263	4	8	25	1.0
id-07264	5	4	22	0.8
id-07265	4	8	7	0.8
id-07266	3	2	26	0.9
id-07267	9	9	9	0.9
id-07268	2	2	11	0.9
id-07269	10	4	5	0.9
id-07270	5	7	27	1.0
id-07271	3	2	30	0.9
id-07272	3	6	17	1.0
id-07273	10	20	28	0.9
id-07274	8	6	13	0.8
id-07275	7	9	1	0.8
id-07276	4	6	16	0.9
id-07277	1	2	19	0.9
id-07278	8	13	22	0.9
id-07279	6	5	8	1.0
id-07280	2	4	21	0.9
id-07281	3	4	2	1.0
id-07282	2	4	28	0.9
id-07283	9	12	20	1.0
id-07284	5	5	22	1.0
id-07285	9	2	21	0.8
id-07286	5	2	23	0.9
id-07287	7	8	19	0.9
id-07288	7	9	22	0.9
id-07289	2	2	13	0.9
id-07290	2	2	22	0.8
id-07291	1	2	13	0.9
id-07292	5	2	12	0.9
id-07293	8	8	9	0.9
id-07294	7	14	18	0.9
id-07295	8	12	12	0.8
id-07296	1	2	22	0.9
id-07297	6	3	8	0.9
id-07298	3	4	3	1.0
id-07299	6	7	17	1.0
id-07300	7	13	16	0.9
id-07301	4	3	12	0.8
id-07302	1	2	2	1.0
id-07303	5	3	18	0.9
id-07304	1	2	12	1.0
id-07305	2	4	23	0.8
id-07306	10	17	11	1.0
id-07307	9	2	14	0.9
id-07308	7	2	8	1.0
id-07309	8	4	12	0.8
id-07310	1	2	19	1.0
id-07311	3	4	27	0.9
id-07312	6	12	14	0.8
id-07313	4	7	8	0.8
id-07314	3	2	3	0.9
id-07315	9	2	11	0.9
id-07316	6	12	19	0.9
id-07317	5	9	9	0.8
id-07318	6	2	13	1.0
id-07319	10	2	24	1.0
id-07320	3	6	15	0.8
id-07321	8	16	10	0.9
id-07322	10	18	30	0.9
id-07323	8	3	2	0.9
id-07324	5	6	20	0.9
id-07325	5	5	28	0.8
id-07326	3	2	9	0.9
id-07327	1	2	28	0.8
id-07328	3	6	24	0.9
id-07329	8	13	13	0.8
id-07330	1	2	13	0.8
id-07331	8	2	2	0.8
id-07332	1	2	15	0.9
id-07333	1	2	24	0.9
id-07334	5	10	20	0.9
id-07335	8	7	30	0.9
id-07336	5	4	14	1.0
id-07337	1	2	21	0.8
id-07338	1	2	20	1.0
id-07339	9	12	17	1.0
id-07340	10	15	10	0.9
id-07341	7	13	3	0.8
id-07342	3	3	22	0.8
id-07343	1	2	11	0.9
id-07344	9	10	10	1.0
id-07345	1	2	6	0.9
id-07346	7	4	10	0.8
id-07347	9	13	29	0.8
id-07348	4	2	1	0.9
id-07349	1	2	18	0.9
id-07350	10	14	13	1.0
id-07351	2	4	6	0.9
id-07352	9	11	18	0.8
id-07353	6	10	29	0.9
id-07354	7	10	3	0.8
id-07355	5	7	8	0.8
id-07356	1	2	28	0.9
id-07357	4	2	17	0.8
id-07358	3	3	3	1.0
id-07359	5	5	13	1.0
id-07360	4	2	27	0.9
id-07361	5	7	1	0.8
id-07362	5	10	1	1.0
id-07363	9	14	17	0.9
id-07364	1	2	24	0.9
id-07365	10	5	9	0.9
id-07366	9	4	2	0.9
id-07367	9	12	30	1.0
id-07368	1	2	3	1.0
id-07369	8	3	9	0.8
id-07370	1	2	16	1.0
id-07371	9	12	10	0.9
id-07372	6	10	3	0.9
id-07373	6	3	5	0.9
id-07374	5	9	7	0.9
id-07375	7	12	14	0.9
id-07376	4	5	7	0.8
id-07377	2	2	28	0.8
id-07378	3	5	20	1.0
id-07379	4	5	24	1.0
id-07380	9	11	6	0.9
id-07381	2	4	4	0.9
id-07382	10	2	20	0.8
id-07383	7	3	14	0.8
id-07384	4	8	4	1.0
id-07385	1	2	18	1.0
id-07386	8	6	15	0.8
id-07387	3	2	20	0.9
id-07388	5	10	1	0.9
id-07389	1	2	3	0.9
id-07390	6	7	14	0.9
id-07391	8	13	24	0.9
id-07392	2	3	20	0.9
id-07393	4	7	1	0.9
id-07394	10	16	23	0.9
id-07395	5	4	12	0.9
id-07396	4	3	9	0.8
id-07397	1	2	24	1.0
id-07398	10	11	23	1.0
id-07399	8	16	24	0.9
id-07400	9	5	30	1.0
id-07401	2	3	12	1.0
id-07402	7	4	6	0.9
id-07403	4	2	6	0.8
id-07404	7	7	7	0.8
id-07405	5	3	6	0.9
id-07406	5	3	20	1.0
id-07407	3	6	27	1.0
id-07408	4	5	4	0.9
id-07409	5	7	25	1.0
id-07410	3	2	10	0.9
id-07411	3	3	2	0.9
id-07412	3	5	21	0.9
id-07413	7	2	22	0.8
id-07414	3	4	2	0.9
id-07415	5	5	16	0.8
id-07416	3	5	14	0.9
id-07417	3	3	12	0.9
id-07418	5	9	7	1.0
id-07419	6	5	2	1.0
id-07420	4	4	12	1.0
id-07421	6	4	20	0.8
id-07422	9	6	13	0.9
id-07423	6	10	20	0.8
id-07424	9	7	28	0.9
id-07425	8	11	30	1.0
id-07426	7	14	27	0.9
id-07427	8	10	16	0.9
id-07428	5	9	15	0.9
id-07429	8	5	28	0.8
id-07430	10	20	30	0.8
id-07431	10	7	20	0.9
id-07432	1	2	23	0.9
id-07433	4	8	14	1.0
id-07434	5	8	16	0.8
id-07435	1	2	7	0.9
id-07436	7	9	9	0.8
id-07437	7	9	15	0.9
id-07438	6	2	11	0.9
id-07439	6	4	29	0.8
id-07440	9	15	2	0.8
id-07441	6	8	21	1.0
id-07442	9	16	7	0.9
id-07443	2	4	14	1.0
id-07444	9	11	24	0.9
id-07445	3	3	17	1.0
id-07446	4	4	22	0.9
id-07447	8	15	4	0.8
id-07448	4	3	26	0.9
id-07449	10	4	30	0.8
id-07450	1	2	30	0.8
id-07451	2	3	14	0.9
id-07452	9	15	27	0.9
id-07453	8	10	3	1.0
id-07454	10	8	13	0.8
id-07455	1	2	11	0.9
id-07456	7	11	14	1.0
id-07457	6	4	18	0.9
id-07458	6	3	19	1.0
id-07459	6	10	26	1.0
id-07460	10	7	27	0.9
id-07461	10	8	2	0.8
id-07462	9	7	27	0.9
id-07463	5	5	22	0.8
id-07464	5	8	29	0.9
id-07465	10	7	28	0.9
id-07466	8	10	6	0.9
id-07467	8	10	20	0.9
id-07468	3	4	30	0.9
id-07469	7	10	15	1.0
id-07470	1	2	6	0.8
id-07471	3	3	27	0.9
id-07472	7	13	27	0.8
id-07473	10	16	13	0.9
id-07474	3	6	23	0.9
id-07475	8	9	22	0.9
id-07476	9	2	17	0.8
id-07477	2	4	14	0.9
id-07478	2	4	7	0.9
id-07479	2	4	15	1.0
id-07480	7	12	9	0.9
id-07481	8	7	11	1.0
id-07482	3	5	30	1.0
id-07483	10	7	27	0.8
id-07484	1	2	8	1.0
id-07485	6	7	14	0.8
id-07486	7	12	23	0.8
id-07487	10	7	2	0.9
id-07488	8	12	27	0.8
id-07489	3	4	11	0.9
id-07490	1	2	18	1.0
id-07491	8	15	25	0.8
id-07492	7	14	30	1.0
id-07493	6	11	12	0.9
id-07494	6	6	12	0.9
id-07495	5	2	30	0.9
id-07496	9	2	13	0.9
id-07497	6	3	13	1.0
id-07498	2	2	14	0.9
id-07499	5	4	10	1.0
id-07500	2	2	2	0.8
id-07501	1	2	26	0.8
id-07502	9	2	17	1.0
id-07503	6	11	10	0.9
id-07504	1	2	30	0.9
id-07505	4	4	6	0.9
id-07506	6	3	6	0.8
id-07507	10	2	7	0.8
id-07508	6	6	16	1.0
id-07509	9	8	14	1.0
id-07510	9	10	26	0.8
id-07511	1	2	6	1.0
id-07512	2	2	14	1.0
id-07513	9	6	20	0.9
id-07514	8	3	25	0.9
id-07515	9	12	15	0.9
id-07516	9	18	7	1.0
id-07517	1	2	15	0.9
id-07518	8	14	2	1.0
id-07519	10	10	26	1.0
id-07520	10	14	8	0.9
id-07521	3	6	9	1.0
id-07522	7	6	8	0.8
id-07523	10	4	19	0.9
id-07524	6	8	13	0.9
id-07525	3	3	24	0.9
id-07526	10	8	4	0.8
id-07527	7	5	3	0.9
id-07528	10	5	27	0.8
id-07529	7	14	30	0.8
id-07530	3	5	29	0.9
id-07531	9	16	5	0.8
id-07532	6	4	16	1.0
id-07533	4	6	13	0.8
id-07534	5	7	20	0.9
id-07535	7	9	22	0.9
id-07536	5	7	27	1.0
id-07537	3	4	3	0.8
id-07538	10	10	7	1.0
id-07539	10	19	24	0.9
id-07540	6	11	7	0.8
id-07541	10	12	28	1.0
id-07542	7	10	11	1.0
id-07543	10	2	30	0.8
id-07544	1	2	30	0.8
id-07545	8	7	20	0.9
id-07546	9	3	18	0.9
id-07547	2	2	13	0.9
id-07548	5	8	28	0.9
id-07549	8	10	30	0.8
id-07550	1	2	17	1.0
id-07551	2	2	9	0.9
id-07552	2	4	23	0.9
id-07553	7	14	16	0.9
id-07554	7	9	8	0.9
id-07555	7	7	15	0.8
id-07556	1	2	9	0.8
id-07557	6	2	6	0.9
id-07558	5	7	20	0.8
id-07559	4	2	21	1.0
id-07560	6	3	22	0.9
id-07561	1	2	4	0.9
id-07562	8	16	11	0.9
id-07563	10	13	6	1.0
id-07564	8	5	1	1.0
id-07565	1	2	26	1.0
id-07566	4	3	9	0.8
id-07567	3	5	8	0.9
id-07568	5	10	3	0.8
id-07569	3	6	8	1.0
id-07570	1	2	5	1.0
id-07571	10	13	6	0.9
id-07572	3	3	29	0.9
id-07573	10	10	19	1.0
id-07574	8	16	5	1.0
id-07575	6	8	14	0.9
id-07576	8	12	5	1.0
id-07577	7	8	13	1.0
id-07578	10	13	2	1.0
id-07579	5	7	26	1.0
id-07580	7	2	15	0.8
id-07581	7	6	22	1.0
id-07582	2	2	14	0.9
id-07583	5	5	14	0.8
id-07584	2	3	20	0.9
id-07585	6	5	1	1.0
id-07586	4	4	22	0.9
id-07587	8	12	22	0.8
id-07588	5	7	25	0.8
id-07589	1	2	3	0.9
id-07590	1	2	28	0.9
id-07591	10	17	23	0.9
id-07592	7	7	8	0.9
id-07593	8	3	7	0.9
id-07594	9	15	1	0.8
id-07595	4	7	28	0.9
id-07596	2	3	29	1.0
id-07597	9	16	15	0.9
id-07598	9	9	10	0.9
id-07599	7	7	11	0.9
id-07600	2	2	10	1.0
id-07601	3	6	7	0.8
id-07602	9	6	23	0.8
id-07603	8	5	1	0.9
id-07604	10	18	9	0.8
id-07605	2	3	29	0.9
id-07606	9	16	17	0.9
id-07607	8	9	20	0.9
id-07608	8	16	23	0.9
id-07609	5	6	25	0.9
id-07610	9	8	20	0.9
id-07611	8	2	22	0.8
id-07612	8	3	27	0.9
id-07613	3	6	8	0.9
id-07614	7	7	5	0.9
id-07615	1	2	8	1.0
id-07616	7	13	16	1.0
id-07617	6	7	19	0.8
id-07618	8	2	8	0.9
id-07619	2	4	19	0.8
id-07620	8	16	22	0.9
id-07621	2	4	16	0.8
id-07622	5	2	5	1.0
id-07623	3	6	1	0.9
id-07624	8	10	22	0.9
id-07625	10	7	10	0.9
id-07626	5	8	22	0.9
id-07627	10	12	16	0.9
id-07628	6	2	19	1.0
id-07629	10	11	9	0.8
id-07630	5	6	11	0.9
id-07631	2	3	27	1.0
id-07632	4	4	18	1.0
id-07633	3	4	5	0.9
id-07634	5	4	4	0.9
id-07635	3	2	5	0.9
id-07636	6	12	18	0.9
id-07637	8	10	16	0.9
id-07638	10	11	21	0.8
id-07639	7	12	3	0.9
id-07640	10	14	6	0.9
id-07641	4	8	21	0.9
id-07642	9	10	3	1.0
id-07643	1	2	19	0.9
id-07644	10	19	9	1.0
id-07645	10	13	13	0.9
id-07646	2	4	28	0.8
id-07647	6	6	21	0.9
id-07648	1	2	13	0.9
id-07649	10	7	3	0.9
id-07650	7	10	22	0.9
id-07651	10	14	27	0.9
id-07652	7	6	13	1.0
id-07653	1	2	6	1.0
id-07654	9	7	12	0.9
id-07655	3	3	8	0.9
id-07656	6	7	9	0.9
id-07657	9	16	18	1.0
id-07658	9	12	16	1.0
id-07659	10	18	14	0.8
id-07660	4	8	30	0.9
id-07661	1	2	22	0.9
id-07662	8	9	2	1.0
id-07663	3	5	29	0.9
id-07664	4	7	20	1.0
id-07665	1	2	6	1.0
id-07666	3	5	2	0.9
id-07667	7	2	11	0.9
id-07668	4	2	29	0.8
id-07669	10	7	15	0.9
id-07670	3	4	26	1.0
id-07671	8	8	25	0.9
id-07672	5	9	30	0.9
id-07673	6	12	20	0.9
id-07674	3	3	18	0.9
id-07675	3	5	7	1.0
id-07676	2	3	13	0.8
id-07677	9	17	7	0.9
id-07678	6	8	19	0.9
id-07679	6	3	1	0.9
id-07680	4	8	3	0.8
id-07681	2	2	16	0.8
id-07682	6	11	3	1.0
id-07683	1	2	16	0.9
id-07684	4	6	17	0.9
id-07685	5	5	13	0.9
id-07686	4	7	27	0.9
id-07687	10	9	12	1.0
id-07688	5	8	16	0.9
id-07689	6	8	14	0.9
id-07690	1	2	16	0.9
id-07691	4	5	21	0.9
id-07692	2	4	30	0.8
id-07693	1	2	25	0.9
id-07694	2	4	15	1.0
id-07695	10	11	21	0.9
id-07696	1	2	14	0.8
id-07697	8	16	1	1.0
id-07698	6	2	16	0.8
id-07699	2	2	9	0.9
id-07700	6	8	25	0.9
id-07701	9	15	16	0.9
id-07702	7	7	28	0.8
id-07703	10	14	7	0.8
id-07704	4	2	24	1.0
id-07705	5	4	20	0.9
id-07706	3	6	12	0.8
id-07707	1	2	24	0.9
id-07708	10	7	21	0.9
id-07709	3	5	25	0.9
id-07710	6	9	1	0.9
id-07711	8	16	20	0.9
id-07712	8	12	10	1.0
id-07713	10	10	20	0.9
id-07714	1	2	28	0.9
id-07715	5	6	25	0.9
id-07716	7	4	2	0.8
id-07717	4	7	14	0.8
id-07718	8	7	21	0.8
id-07719	6	6	18	1.0
id-07720	3	3	23	1.0
id-07721	4	8	6	1.0
id-07722	4	6	4	0.8
id-07723	1	2	17	0.8
id-07724	1	2	20	1.0
id-07725	2	2	29	1.0
id-07726	3	4	30	0.8
id-07727	7	8	7	0.9
id-07728	6	7	10	1.0
id-07729	3	5	15	1.0
id-07730	6	8	4	0.8
id-07731	5	2	18	0.9
id-07732	6	10	8	0.9
id-07733	8	9	20	1.0
id-07734	10	8	21	0.8
id-07735	8	14	4	0.9
id-07736	9	15	17	0.9
id-07737	10	2	21	0.8
id-07738	6	10	10	0.8
id-07739	9	14	10	0.8
id-07740	6	2	28	0.8
id-07741	1	2	21	0.9
id-07742	6	6	17	0.8
id-07743	10	9	30	0.9
id-07744	3	4	8	1.0
id-07745	7	4	29	0.8
id-07746	8	16	7	0.9
id-07747	5	5	28	0.8
id-07748	1	2	15	1.0
id-07749	2	3	27	0.9
id-07750	2	4	6	1.0
id-07751	7	9	4	0.9
id-07752	6	11	29	0.8
id-07753	8	4	23	0.8
id-07754	3	6	27	0.8
id-07755	5	7	2	0.8
id-07756	9	13	2	0.9
id-07757	10	13	30	0.9
id-07758	7	12	21	0.8
id-07759	8	2	20	0.9
id-07760	7	3	8	0.9
id-07761	6	12	29	0.8
id-07762	6	5	18	0.9
id-07763	10	3	23	0.8
id-07764	1	2	1	1.0
id-07765	8	2	29	0.8
id-07766	10	8	20	0.9
id-07767	4	7	25	0.9
id-07768	6	3	27	1.0
id-07769	2	4	15	1.0
id-07770	4	8	17	0.9
id-07771	8	13	3	1.0
id-07772	10	19	20	1.0
id-07773	7	2	10	1.0
id-07774	4	2	28	0.8
id-07775	5	5	11	1.0
id-07776	2	3	21	0.9
id-07777	4	2	7	0.9
id-07778	9	11	6	0.9
id-07779	4	2	25	0.9
id-07780	9	18	30	0.8
id-07781	1	2	11	1.0
id-07782	3	5	15	1.0
id-07783	1	2	28	0.9
id-07784	3	4	15	1.0
id-07785	2	2	4	0.9
id-07786	8	8	19	0.9
id-07787	5	5	7	0.8
id-07788	2	4	25	0.9
id-07789	5	8	9	0.9
id-07790	4	3	18	0.9
id-07791	5	9	13	1.0
id-07792	7	4	1	0.9
id-07793	9	18	12	0.8
id-07794	8	16	18	1.0
id-07795	7	5	4	0.9
id-07796	5	7	16	1.0
id-07797	4	3	23	1.0
id-07798	8	15	11	0.9
id-07799	4	6	22	0.8
id-07800	1	2	24	0.8
id-07801	2	4	13	0.9
id-07802	8	16	1	0.9
id-07803	8	13	8	0.9
id-07804	3	4	8	0.9
id-07805	3	2	18	1.0
id-07806	9	11	15	0.9
id-07807	4	5	12	1.0
id-07808	9	4	4	0.8
id-07809	7	5	28	1.0
id-07810	1	2	16	1.0
id-07811	7	11	17	0.8
id-07812	5	10	16	0.8
id-07813	1	2	11	0.9
id-07814	10	15	10	0.9
id-07815	8	7	21	0.9
id-07816	9	7	23	0.8
id-07817	7	11	28	0.9
id-07818	1	2	27	0.9
id-07819	4	6	6	0.8
id-07820	5	3	2	0.9
id-07821	8	10	10	1.0
id-07822	10	3	30	0.9
id-07823	10	12	25	0.8
id-07824	8	7	13	0.8
id-07825	9	12	4	1.0
id-07826	1	2	5	0.9
id-07827	1	2	24	1.0
id-07828	6	12	17	0.9
id-07829	8	7	3	1.0
id-07830	6	5	30	0.9
id-07831	6	7	2	0.9
id-07832	3	4	5	0.8
id-07833	3	6	8	0.9
id-07834	3	5	18	0.9
id-07835	1	2	12	0.8
id-07836	7	3	18	1.0
id-07837	9	11	19	1.0
id-07838	5	10	3	0.8
id-07839	7	2	21	0.8
id-07840	2	3	11	0.9
id-07841	2	3	26	0.9
id-07842	5	7	26	0.9
id-07843	10	9	24	0.9
id-07844	9	16	22	0.8
id-07845	7	3	13	0.8
id-07846	9	4	29	0.8
id-07847	8	16	20	1.0
id-07848	4	5	2	0.9
id-07849	5	7	28	1.0
id-07850	1	2	28	0.9
id-07851	1	2	16	0.9
id-07852	10	5	13	0.9
id-07853	1	2	9	0.8
id-07854	4	7	10	0.9
id-07855	5	7	27	0.9
id-07856	1	2	4	1.0
id-07857	1	2	2	0.8
id-07858	4	4	25	0.9
id-07859	5	6	16	0.9
id-07860	7	3	29	0.9
id-07861	6	11	5	0.9
id-07862	9	4	11	0.8
id-07863	5	2	6	0.8
id-07864	4	4	16	0.9
id-07865	4	5	9	0.9
id-07866	2	2	12	0.9
id-07867	5	8	26	1.0
id-07868	5	9	14	0.9
id-07869	10	2	3	0.8
id-07870	9	18	10	0.8
id-07871	10	11	26	0.8
id-07872	3	3	28	0.8
id-07873	9	8	22	0.9
id-07874	7	3	27	0.8
id-07875	4	5	13	0.9
id-07876	9	4	22	0.9
id-07877	7	12	8	1.0
id-07878	10	13	2	0.8
id-07879	10	12	1	0.9
id-07880	7	8	11	0.9
id-07881	9	3	25	0.9
id-07882	8	9	24	0.9
id-07883	5	3	26	0.8
id-07884	6	7	1	0.9
id-07885	3	5	2	1.0
id-07886	7	11	9	0.8
id-07887	10	9	23	0.8
id-07888	7	11	16	0.9
id-07889	6	4	14	1.0
id-07890	8	12	19	0.9
id-07891	2	3	24	1.0
id-07892	9	10	21	0.9
id-07893	8	9	22	0.8
id-07894	4	3	18	0.9
id-07895	1	2	24	0.9
id-07896	9	14	7	0.9
id-07897	5	6	30	0.8
id-07898	1	2	7	0.8
id-07899	4	5	26	0.9
id-07900	9	5	13	0.9
id-07901	10	20	10	1.0
id-07902	4	7	28	0.9
id-07903	1	2	30	0.8
id-07904	2	4	30	0.8
id-07905	4	6	8	0.9
id-07906	8	10	20	0.9
id-07907	4	2	2	0.9
id-07908	3	3	25	0.9
id-07909	10	9	15	0.8
id-07910	5	10	8	0.9
id-07911	8	3	4	0.8
id-07912	5	10	30	0.9
id-07913	2	2	26	0.9
id-07914	9	2	21	0.8
id-07915	6	10	21	0.8
id-07916	5	5	24	0.9
id-07917	8	5	4	0.8
id-07918	9	10	16	0.9
id-07919	7	12	7	0.9
id-07920	4	4	20	0.8
id-07921	1	2	23	0.9
id-07922	2	4	13	0.8
id-07923	2	2	25	0.9
id-07924	8	7	1	0.9
id-07925	8	13	30	1.0
id-07926	6	3	23	1.0
id-07927	3	3	3	0.9
id-07928	7	10	30	1.0
id-07929	4	4	12	0.9
id-07930	1	2	9	0.9
id-07931	9	12	26	0.9
id-07932	5	8	6	1.0
id-07933	4	8	22	0.8
id-07934	7	9	25	1.0
id-07935	3	3	14	1.0
id-07936	6	6	22	0.9
id-07937	2	3	1	1.0
id-07938	7	4	4	0.9
id-07939	9	4	24	1.0
id-07940	1	2	5	1.0
id-07941	7	4	28	1.0
id-07942	9	2	13	0.9
id-07943	2	3	3	0.8
id-07944	2	4	9	0.9
id-07945	1	2	7	0.9
id-07946	7	2	6	0.9
id-07947	3	4	1	0.9
id-07948	4	6	15	0.8
id-07949	10	7	6	0.9
id-07950	6	3	27	0.8
id-07951	4	7	21	0.9
id-07952	4	7	1	0.9
id-07953	6	12	17	1.0
id-07954	8	16	27	0.8
id-07955	1	2	1	0.9
id-07956	9	2	25	0.9
id-07957	5	8	2	1.0
id-07958	6	4	24	1.0
id-07959	4	5	28	0.9
id-07960	1	2	3	0.8
id-07961	7	8	3	0.9
id-07962	2	4	2	0.8
id-07963	3	6	17	0.9
id-07964	3	5	23	1.0
id-07965	9	7	28	0.8
id-07966	2	2	4	1.0
id-07967	8	4	20	0.9
id-07968	3	2	1	0.8
id-07969	5	8	6	0.9
id-07970	9	7	8	0.8
id-07971	2	3	5	0.9
id-07972	10	14	19	0.8
id-07973	3	5	5	0.8
id-07974	8	11	1	0.9
id-07975	4	4	11	0.8
id-07976	2	2	1	0.9
id-07977	2	3	10	0.9
id-07978	2	4	5	1.0
id-07979	3	6	3	0.8
id-07980	1	2	6	1.0
id-07981	9	17	17	0.9
id-07982	2	2	6	0.8
id-07983	7	6	25	1.0
id-07984	10	14	25	1.0
id-07985	3	5	19	1.0
id-07986	4	2	2	0.9
id-07987	8	15	21	0.8
id-07988	9	16	10	1.0
id-07989	3	4	29	0.9
id-07990	7	13	18	1.0
id-07991	7	5	29	0.9
id-07992	10	4	16	1.0
id-07993	2	3	30	0.9
id-07994	6	11	17	0.8
id-07995	7	13	26	1.0
id-07996	4	3	22	0.9
id-07997	9	15	3	0.9
id-07998	5	8	6	0.8
id-07999	7	9	6	0.8
id-08000	4	8	13	0.8
id-08001	7	13	11	1.0
id-08002	6	11	24	0.9
id-08003	3	2	11	0.9
id-08004	7	3	23	0.8
id-08005	6	7	30	0.8
id-08006	10	6	30	0.8
id-08007	2	3	4	0.9
id-08008	6	3	2	0.9
id-08009	4	8	27	1.0
id-08010	2	4	21	1.0
id-08011	2	4	28	1.0
id-08012	6	9	16	0.9
id-08013	9	17	25	0.9
id-08014	10	18	17	0.9
id-08015	1	2	12	0.8
id-08016	2	4	18	0.8
id-08017	6	3	14	0.9
id-08018	2	4	6	1.0
id-08019	2	2	23	0.9
id-08020	5	6	26	0.8
id-08021	4	6	26	0.9
id-08022	10	20	16	1.0
id-08023	2	4	28	0.8
id-08024	8	7	2	0.8
id-08025	1	2	17	0.9
id-08026	10	13	19	0.9
id-08027	1	2	3	0.8
id-08028	3	6	15	0.9
id-08029	10	12	10	0.8
id-08030	2	4	15	0.9
id-08031	1	2	26	1.0
id-08032	1	2	21	1.0
id-08033	4	3	17	0.9
id-08034	1	2	2	0.9
id-08035	5	2	5	1.0
id-08036	5	4	4	0.9
id-08037	3	4	15	0.9
id-08038	8	7	16	0.9
id-08039	8	14	28	0.8
id-08040	8	10	10	0.9
id-08041	10	8	19	0.8
id-08042	7	3	12	0.8
id-08043	7	6	27	0.9
id-08044	2	2	28	1.0
id-08045	3	4	30	0.9
id-08046	3	2	22	0.8
id-08047	6	2	14	0.8
id-08048	2	2	14	0.9
id-08049	8	15	20	0.9
id-08050	9	3	14	0.8
id-08051	8	11	15	0.9
id-08052	8	14	24	0.9
id-08053	3	2	23	0.9
id-08054	1	2	20	0.9
id-08055	3	2	14	1.0
id-08056	10	12	4	1.0
id-08057	9	3	27	1.0
id-08058	1	2	23	1.0
id-08059	2	4	23	0.9
id-08060	1	2	19	1.0
id-08061	2	2	1	0.9
id-08062	3	6	27	0.9
id-08063	6	6	14	0.9
id-08064	2	4	24	0.8
id-08065	1	2	30	0.9
id-08066	8	16	10	0.9
id-08067	3	6	1	0.9
id-08068	5	7	11	0.8
id-08069	9	5	24	1.0
id-08070	9	6	26	0.9
id-08071	7	6	16	0.9
id-08072	10	5	6	0.9
id-08073	2	4	2	0.8
id-08074	4	6	25	1.0
id-08075	10	4	5	0.9
id-08076	7	12	14	1.0
id-08077	10	10	26	1.0
id-08078	8	16	12	0.8
id-08079	8	2	29	1.0
id-08080	8	10	27	0.9
id-08081	8	14	23	0.9
id-08082	2	3	14	0.9
id-08083	4	7	21	0.9
id-08084	6	12	12	0.9
id-08085	3	5	4	0.9
id-08086	3	5	5	0.8
id-08087	8	16	9	0.9
id-08088	6	12	9	1.0
id-08089	10	4	8	0.9
id-08090	9	11	25	1.0
id-08091	10	13	19	0.9
id-08092	9	8	24	0.9
id-08093	6	4	5	0.8
id-08094	9	5	22	1.0
id-08095	9	7	23	0.9
id-08096	9	13	13	0.9
id-08097	8	7	28	0.9
id-08098	3	6	11	0.8
id-08099	9	4	7	0.8
id-08100	1	2	10	1.0
id-08101	4	3	30	0.9
id-08102	5	2	4	0.8
id-08103	9	8	30	0.8
id-08104	8	11	11	0.8
id-08105	1	2	5	0.9
id-08106	7	4	15	1.0
id-08107	2	3	4	1.0
id-08108	2	4	29	0.8
id-08109	7	11	25	0.8
id-08110	6	12	21	0.8
id-08111	5	4	8	0.9
id-08112	10	6	7	0.9
id-08113	7	9	14	1.0
id-08114	9	13	11	0.9
id-08115	9	8	26	0.9
id-08116	9	18	29	0.8
id-08117	1	2	29	0.9
id-08118	7	9	28	0.8
id-08119	4	2	14	1.0
id-08120	4	6	27	1.0
id-08121	9	8	28	0.8
id-08122	9	12	14	0.8
id-08123	9	11	15	0.9
id-08124	8	4	22	0.8
id-08125	2	4	30	0.9
id-08126	5	9	28	1.0
id-08127	4	4	11	0.9
id-08128	4	3	12	1.0
id-08129	8	2	25	1.0
id-08130	8	14	5	0.8
id-08131	8	16	5	0.8
id-08132	9	10	19	0.9
id-08133	6	11	24	0.8
id-08134	2	3	14	1.0
id-08135	6	11	10	0.9
id-08136	4	7	23	1.0
id-08137	10	9	18	0.8
id-08138	3	4	13	0.9
id-08139	8	14	2	0.8
id-08140	8	10	21	0.8
id-08141	2	4	19	1.0
id-08142	5	6	27	0.9
id-08143	1	2	2	0.8
id-08144	9	14	21	1.0
id-08145	10	2	14	0.9
id-08146	10	17	28	0.8
id-08147	5	6	18	0.8
id-08148	2	2	27	0.8
id-08149	8	6	18	1.0
id-08150	9	5	3	0.8
id-08151	1	2	22	0.9
id-08152	8	16	10	1.0
id-08153	10	8	20	0.9
id-08154	1	2	26	0.8
id-08155	5	9	23	0.9
id-08156	1	2	24	0.9
id-08157	10	10	8	1.0
id-08158	8	5	3	1.0
id-08159	9	4	1	0.9
id-08160	8	10	6	0.9
id-08161	2	2	28	1.0
id-08162	7	13	24	0.8
id-08163	5	7	29	0.9
id-08164	6	7	24	0.9
id-08165	2	4	21	0.8
id-08166	9	3	22	0.9
id-08167	10	8	23	0.9
id-08168	10	19	17	0.9
id-08169	7	6	22	0.9
id-08170	10	13	24	1.0
id-08171	9	13	6	1.0
id-08172	2	4	21	1.0
id-08173	6	11	30	0.9
id-08174	6	6	28	0.9
id-08175	7	14	24	0.9
id-08176	1	2	20	0.9
id-08177	5	7	17	0.9
id-08178	4	4	10	1.0
id-08179	1	2	5	0.9
id-08180	4	2	29	0.9
id-08181	5	10	22	0.9
id-08182	3	2	9	0.9
id-08183	6	4	17	0.9
id-08184	1	2	2	1.0
id-08185	4	8	26	1.0
id-08186	5	7	9	0.9
id-08187	8	7	9	0.8
id-08188	6	6	2	0.8
id-08189	10	17	2	0.8
id-08190	8	9	21	0.9
id-08191	6	9	6	1.0
id-08192	4	6	13	0.9
id-08193	9	17	22	0.9
id-08194	4	8	26	0.8
id-08195	1	2	12	1.0
id-08196	1	2	24	0.8
id-08197	7	9	16	0.9
id-08198	3	4	21	0.9
id-08199	5	2	29	1.0
id-08200	2	4	13	0.9
id-08201	7	8	24	1.0
id-08202	8	10	3	0.9
id-08203	10	4	27	1.0
id-08204	9	6	13	0.9
id-08205	8	16	4	0.9
id-08206	4	3	13	1.0
id-08207	8	6	25	1.0
id-08208	2	3	27	0.9
id-08209	8	10	28	1.0
id-08210	1	2	13	0.9
id-08211	8	8	8	1.0
id-08212	10	17	14	1.0
id-08213	2	4	13	0.9
id-08214	4	4	26	0.9
id-08215	4	6	24	1.0
id-08216	10	12	9	0.9
id-08217	8	11	29	1.0
id-08218	7	4	15	0.9
id-08219	6	5	15	1.0
id-08220	4	6	7	0.8
id-08221	1	2	18	0.9
id-08222	9	6	14	1.0
id-08223	10	7	15	0.8
id-08224	5	2	1	1.0
id-08225	9	6	20	1.0
id-08226	4	6	7	1.0
id-08227	1	2	26	1.0
id-08228	7	5	23	0.8
id-08229	5	8	13	0.9
id-08230	3	3	25	1.0
id-08231	4	3	9	0.9
id-08232	8	16	25	0.8
id-08233	8	12	27	0.8
id-08234	2	2	14	0.8
id-08235	3	5	25	0.9
id-08236	1	2	7	0.8
id-08237	2	4	3	1.0
id-08238	6	2	30	0.8
id-08239	10	20	6	0.8
id-08240	9	9	20	0.9
id-08241	5	2	5	0.8
id-08242	2	2	1	0.8
id-08243	10	12	19	1.0
id-08244	3	5	15	0.9
id-08245	4	2	10	0.9
id-08246	2	2	26	0.9
id-08247	5	7	19	0.9
id-08248	2	2	25	0.8
id-08249	5	3	25	0.8
id-08250	5	3	6	0.9
id-08251	2	2	6	0.9
id-08252	5	4	22	1.0
id-08253	7	10	17	0.8
id-08254	9	9	18	0.8
id-08255	9	3	28	0.9
id-08256	1	2	9	1.0
id-08257	7	10	25	0.8
id-08258	10	15	30	1.0
id-08259	1	2	10	0.9
id-08260	9	8	30	0.9
id-08261	3	3	2	0.9
id-08262	2	2	21	0.9
id-08263	3	5	4	1.0
id-08264	9	9	27	0.9
id-08265	9	6	4	0.9
id-08266	7	6	21	1.0
id-08267	9	7	3	1.0
id-08268	1	2	6	1.0
id-08269	4	7	27	0.9
id-08270	3	2	1	0.9
id-08271	10	17	17	1.0
id-08272	9	11	26	0.9
id-08273	6	2	26	0.9
id-08274	6	11	14	0.8
id-08275	6	6	5	1.0
id-08276	7	10	20	0.9
id-08277	7	2	7	0.9
id-08278	9	10	15	0.9
id-08279	9	5	26	0.8
id-08280	9	4	5	0.9
id-08281	5	6	28	1.0
id-08282	10	10	5	0.9
id-08283	1	2	18	0.8
id-08284	7	11	1	1.0
id-08285	3	3	28	0.8
id-08286	2	4	19	0.8
id-08287	10	12	5	0.9
id-08288	4	2	19	0.9
id-08289	3	2	21	0.9
id-08290	2	2	30	0.9
id-08291	1	2	15	0.9
id-08292	2	2	2	1.0
id-08293	7	2	4	0.9
id-08294	10	18	5	0.8
id-08295	7	12	8	0.8
id-08296	3	6	2	1.0
id-08297	2	2	21	1.0
id-08298	4	6	10	1.0
id-08299	6	6	30	0.8
id-08300	7	6	26	1.0
id-08301	7	8	12	1.0
id-08302	8	15	4	0.8
id-08303	4	7	5	0.9
id-08304	7	7	24	0.9
id-08305	5	2	23	1.0
id-08306	3	4	19	0.8
id-08307	10	10	18	1.0
id-08308	7	2	6	1.0
id-08309	3	2	17	0.9
id-08310	4	3	29	1.0
id-08311	2	2	18	0.9
id-08312	3	2	22	0.9
id-08313	2	4	19	0.9
id-08314	7	3	8	0.8
id-08315	2	2	27	0.8
id-08316	6	9	11	0.8
id-08317	2	3	26	0.8
id-08318	4	6	24	0.8
id-08319	2	3	24	1.0
id-08320	8	13	4	1.0
id-08321	7	3	12	1.0
id-08322	6	2	12	1.0
id-08323	1	2	5	0.9
id-08324	8	8	6	0.9
id-08325	7	14	2	0.9
id-08326	6	6	5	1.0
id-08327	1	2	24	1.0
id-08328	6	12	13	0.9
id-08329	2	3	27	0.8
id-08330	6	11	13	1.0
id-08331	7	6	24	0.9
id-08332	9	8	2	0.9
id-08333	1	2	30	0.9
id-08334	7	14	7	1.0
id-08335	2	2	20	0.9
id-08336	7	9	21	0.8
id-08337	7	13	15	0.8
id-08338	6	7	14	0.9
id-08339	2	4	4	1.0
id-08340	7	10	3	0.9
id-08341	7	8	4	0.9
id-08342	1	2	15	0.8
id-08343	7	2	25	0.9
id-08344	5	7	2	0.9
id-08345	9	4	16	1.0
id-08346	5	10	5	1.0
id-08347	1	2	26	0.8
id-08348	4	5	26	1.0
id-08349	2	2	25	0.9
id-08350	6	11	17	1.0
id-08351	10	11	20	0.8
id-08352	1	2	3	0.8
id-08353	5	5	7	0.8
id-08354	4	4	29	0.9
id-08355	6	10	5	0.9
id-08356	7	14	3	0.9
id-08357	5	9	27	1.0
id-08358	7	7	19	0.9
id-08359	6	11	19	1.0
id-08360	5	6	6	0.9
id-08361	5	2	17	0.9
id-08362	4	4	1	0.9
id-08363	10	18	1	0.8
id-08364	10	18	24	1.0
id-08365	8	15	13	1.0
id-08366	3	3	17	1.0
id-08367	3	6	16	0.9
id-08368	9	10	10	0.8
id-08369	3	5	22	0.8
id-08370	2	3	15	0.9
id-08371	7	3	21	0.8
id-08372	6	8	19	1.0
id-08373	1	2	14	0.9
id-08374	10	20	2	1.0
id-08375	1	2	25	0.9
id-08376	5	2	18	0.9
id-08377	10	19	6	0.9
id-08378	3	3	2	0.9
id-08379	4	2	14	0.9
id-08380	6	2	7	1.0
id-08381	6	10	30	0.9
id-08382	9	7	2	0.8
id-08383	1	2	28	0.8
id-08384	9	9	6	0.9
id-08385	1	2	28	1.0
id-08386	5	7	10	0.8
id-08387	8	6	16	0.9
id-08388	2	3	6	0.9
id-08389	1	2	8	0.8
id-08390	4	2	12	1.0
id-08391	8	16	4	0.9
id-08392	6	3	2	0.8
id-08393	7	11	7	1.0
id-08394	3	2	22	0.8
id-08395	1	2	4	0.9
id-08396	4	3	28	0.9
id-08397	8	8	1	0.9
id-08398	2	2	20	0.9
id-08399	10	15	28	0.9
id-08400	5	10	23	0.8
id-08401	7	5	3	0.9
id-08402	6	6	22	0.9
id-08403	8	16	20	0.8
id-08404	6	5	6	0.9
id-08405	10	17	8	1.0
id-08406	2	2	20	0.9
id-08407	5	2	30	0.9
id-08408	3	2	30	1.0
id-08409	10	5	13	0.8
id-08410	4	2	24	0.9
id-08411	8	6	21	1.0
id-08412	2	4	29	0.9
id-08413	10	14	17	0.9
id-08414	2	4	25	1.0
id-08415	6	8	21	0.8
id-08416	3	6	29	0.9
id-08417	10	10	12	0.9
id-08418	7	2	19	0.9
id-08419	1	2	14	0.8
id-08420	10	15	10	1.0
id-08421	4	7	12	1.0
id-08422	1	2	30	1.0
id-08423	1	2	8	0.9
id-08424	7	14	1	0.9
id-08425	6	11	9	0.9
id-08426	3	2	20	0.9
id-08427	1	2	22	1.0
id-08428	8	8	18	0.9
id-08429	10	2	14	0.9
id-08430	1	2	2	0.8
id-08431	6	10	26	0.9
id-08432	5	4	17	0.9
id-08433	4	8	27	1.0
id-08434	1	2	20	0.8
id-08435	10	10	6	0.8
id-08436	4	2	14	0.8
id-08437	6	6	30	1.0
id-08438	9	9	19	0.8
id-08439	9	11	23	1.0
id-08440	9	15	12	0.8
id-08441	5	2	6	0.9
id-08442	10	13	10	0.8
id-08443	6	4	8	0.9
id-08444	6	4	28	0.9
id-08445	3	4	6	0.9
id-08446	5	9	25	0.9
id-08447	3	4	25	0.9
id-08448	3	4	11	1.0
id-08449	8	4	18	0.8
id-08450	7	12	10	0.9
id-08451	7	11	12	0.9
id-08452	2	2	6	0.9
id-08453	2	4	20	0.8
id-08454	10	14	5	0.8
id-08455	10	11	5	0.9
id-08456	5	10	21	1.0
id-08457	7	14	3	0.8
id-08458	2	3	7	0.9
id-08459	5	3	14	0.9
id-08460	9	13	25	0.8
id-08461	9	15	18	1.0
id-08462	1	2	7	1.0
id-08463	2	4	21	1.0
id-08464	8	10	18	0.9
id-08465	5	4	20	0.8
id-08466	3	4	13	0.8
id-08467	3	3	27	0.9
id-08468	3	6	3	0.9
id-08469	4	8	12	0.8
id-08470	10	17	25	1.0
id-08471	3	3	12	0.8
id-08472	9	2	13	1.0
id-08473	6	7	9	0.9
id-08474	3	6	26	0.9
id-08475	2	3	6	0.8
id-08476	7	14	15	1.0
id-08477	2	4	5	0.9
id-08478	4	8	25	1.0
id-08479	7	6	17	0.9
id-08480	4	5	22	0.9
id-08481	10	16	21	1.0
id-08482	6	4	20	0.9
id-08483	5	10	26	0.9
id-08484	8	15	19	0.8
id-08485	8	5	20	0.8
id-08486	5	4	3	0.9
id-08487	2	3	1	0.9
id-08488	5	4	14	0.9
id-08489	8	3	4	0.9
id-08490	9	16	7	0.8
id-08491	7	13	7	1.0
id-08492	7	3	30	1.0
id-08493	2	4	6	0.8
id-08494	3	5	24	0.9
id-08495	4	8	14	1.0
id-08496	1	2	17	0.9
id-08497	7	7	4	0.9
id-08498	1	2	7	0.9
id-08499	9	12	11	0.9
id-08500	4	4	14	0.9
id-08501	1	2	14	0.9
id-08502	9	17	14	0.9
id-08503	5	8	15	0.8
id-08504	3	6	16	1.0
id-08505	6	3	28	1.0
id-08506	2	3	12	0.9
id-08507	7	8	25	0.9
id-08508	2	2	7	0.9
id-08509	6	11	29	0.9
id-08510	10	4	18	0.9
id-08511	6	10	11	0.9
id-08512	2	2	18	0.9
id-08513	8	9	29	1.0
id-08514	9	12	1	1.0
id-08515	5	8	18	0.9
id-08516	6	2	24	0.8
id-08517	7	6	8	1.0
id-08518	9	17	25	0.8
id-08519	6	7	22	1.0
id-08520	9	14	25	0.9
id-08521	4	7	29	0.9
id-08522	4	6	22	0.8
id-08523	1	2	30	1.0
id-08524	6	12	17	0.8
id-08525	4	2	29	0.9
id-08526	3	4	10	0.9
id-08527	1	2	14	1.0
id-08528	4	6	28	0.9
id-08529	4	4	8	1.0
id-08530	3	2	23	0.9
id-08531	4	5	15	0.9
id-08532	5	4	6	0.9
id-08533	6	3	7	1.0
id-08534	2	3	28	0.8
id-08535	4	7	6	0.8
id-08536	3	2	27	0.9
id-08537	9	4	4	0.9
id-08538	7	3	8	0.9
id-08539	8	5	6	0.8
id-08540	1	2	6	0.9
id-08541	2	3	23	0.9
id-08542	7	5	8	0.8
id-08543	1	2	25	0.9
id-08544	1	2	27	0.9
id-08545	4	4	26	0.9
id-08546	3	5	18	0.8
id-08547	6	3	25	1.0
id-08548	1	2	25	1.0
id-08549	6	11	2	0.9
id-08550	10	18	19	1.0
id-08551	2	3	23	0.9
id-08552	5	5	12	1.0
id-08553	9	13	10	1.0
id-08554	4	4	17	0.9
id-08555	2	3	7	0.8
id-08556	2	4	18	1.0
id-08557	3	6	30	0.9
id-08558	4	7	16	0.8
id-08559	7	2	18	1.0
id-08560	5	2	17	0.9
id-08561	9	9	9	0.9
id-08562	9	7	7	0.9
id-08563	5	7	27	0.8
id-08564	10	16	1	0.8
id-08565	4	8	25	1.0
id-08566	5	7	20	1.0
id-08567	1	2	1	0.9
id-08568	2	2	11	0.8
id-08569	10	17	1	0.9
id-08570	4	4	21	0.9
id-08571	10	6	17	0.9
id-08572	7	6	17	0.9
id-08573	10	5	16	0.9
id-08574	10	18	24	0.8
id-08575	4	2	15	0.9
id-08576	5	10	8	0.9
id-08577	1	2	18	1.0
id-08578	10	7	18	0.9
id-08579	2	3	29	1.0
id-08580	5	6	10	1.0
id-08581	9	17	11	0.9
id-08582	6	11	22	0.8
id-08583	5	9	19	1.0
id-08584	7	6	21	0.9
id-08585	3	3	24	0.9
id-08586	3	3	20	0.9
id-08587	1	2	20	0.8
id-08588	5	4	13	0.9
id-08589	3	6	28	1.0
id-08590	2	4	15	0.9
id-08591	9	8	11	0.9
id-08592	9	2	11	0.8
id-08593	2	3	17	1.0
id-08594	3	4	6	0.9
id-08595	6	3	18	0.9
id-08596	9	16	4	0.9
id-08597	3	5	25	1.0
id-08598	3	3	18	0.9
id-08599	3	2	27	0.8
id-08600	2	3	7	0.9
id-08601	4	7	16	0.9
id-08602	7	5	30	0.8
id-08603	6	12	4	0.8
id-08604	7	10	10	0.9
id-08605	4	8	4	1.0
id-08606	5	4	30	0.9
id-08607	10	13	17	0.9
id-08608	2	4	8	0.8
id-08609	1	2	18	1.0
id-08610	7	7	27	0.9
id-08611	8	13	27	0.9
id-08612	1	2	8	0.9
id-08613	7	11	13	0.8
id-08614	1	2	5	1.0
id-08615	6	5	5	0.9
id-08616	5	3	23	0.9
id-08617	8	4	29	0.9
id-08618	1	2	18	0.8
id-08619	4	2	27	1.0
id-08620	4	4	14	1.0
id-08621	10	13	7	0.9
id-08622	10	12	8	0.8
id-08623	8	13	21	0.8
id-08624	1	2	18	0.8
id-08625	10	4	10	1.0
id-08626	7	6	15	0.8
id-08627	8	8	2	0.8
id-08628	1	2	8	0.9
id-08629	3	2	25	1.0
id-08630	8	16	19	0.9
id-08631	6	6	2	0.9
id-08632	2	2	26	0.9
id-08633	8	5	24	0.8
id-08634	6	8	1	0.9
id-08635	7	10	12	0.8
id-08636	8	4	21	0.9
id-08637	4	6	24	0.9
id-08638	2	2	26	0.8
id-08639	3	5	11	0.8
id-08640	7	7	8	0.9
id-08641	10	11	19	0.9
id-08642	5	9	20	1.0
id-08643	2	4	15	0.9
id-08644	5	3	30	0.9
id-08645	3	3	3	1.0
id-08646	7	3	30	1.0
id-08647	4	6	8	0.9
id-08648	1	2	11	1.0
id-08649	6	9	6	1.0
id-08650	8	13	7	0.8
id-08651	10	7	7	0.8
id-08652	10	7	16	1.0
id-08653	10	20	19	1.0
id-08654	8	14	5	0.9
id-08655	3	6	6	0.8
id-08656	3	2	15	1.0
id-08657	1	2	14	0.8
id-08658	9	14	11	1.0
id-08659	6	7	10	0.9
id-08660	8	2	6	1.0
id-08661	6	2	16	0.9
id-08662	5	3	30	1.0
id-08663	3	5	20	0.9
id-08664	3	3	22	0.9
id-08665	3	4	21	0.8
id-08666	9	2	8	0.9
id-08667	2	3	2	0.8
id-08668	6	9	6	0.8
id-08669	7	10	1	0.9
id-08670	4	3	20	0.8
id-08671	4	7	18	1.0
id-08672	3	2	6	0.8
id-08673	1	2	22	0.8
id-08674	9	18	22	0.9
id-08675	4	4	10	0.9
id-08676	10	14	8	0.9
id-08677	10	5	11	0.8
id-08678	6	6	18	0.9
id-08679	8	2	5	1.0
id-08680	1	2	25	0.9
id-08681	9	3	27	0.8
id-08682	4	3	13	0.8
id-08683	5	9	4	0.9
id-08684	4	2	26	0.9
id-08685	2	4	16	1.0
id-08686	10	6	24	0.9
id-08687	9	12	22	0.9
id-08688	10	9	21	0.9
id-08689	6	2	11	0.9
id-08690	10	3	6	1.0
id-08691	6	3	10	1.0
id-08692	3	6	8	0.9
id-08693	8	10	24	0.9
id-08694	6	5	2	0.9
id-08695	7	10	17	0.9
id-08696	7	4	27	0.9
id-08697	1	2	18	0.8
id-08698	2	4	15	0.8
id-08699	7	7	25	0.8
id-08700	9	15	4	1.0
id-08701	1	2	23	1.0
id-08702	4	7	30	0.9
id-08703	8	5	25	1.0
id-08704	9	3	14	0.9
id-08705	1	2	22	0.9
id-08706	1	2	18	0.8
id-08707	5	4	8	1.0
id-08708	5	7	4	1.0
id-08709	8	7	9	0.9
id-08710	6	2	15	0.8
id-08711	4	6	26	0.9
id-08712	8	2	23	0.9
id-08713	8	15	26	1.0
id-08714	1	2	27	0.8
id-08715	9	14	11	1.0
id-08716	5	10	12	0.9
id-08717	8	16	3	0.9
id-08718	10	20	16	0.8
id-08719	4	5	13	0.8
id-08720	5	3	10	0.9
id-08721	10	9	20	1.0
id-08722	9	17	14	0.9
id-08723	7	5	13	0.9
id-08724	8	11	24	0.8
id-08725	7	9	17	0.9
id-08726	6	12	13	0.8
id-08727	4	7	17	0.9
id-08728	6	7	22	0.9
id-08729	1	2	8	0.9
id-08730	8	14	25	1.0
id-08731	10	16	15	1.0
id-08732	9	8	24	0.8
id-08733	4	2	28	0.8
id-08734	9	3	18	1.0
id-08735	1	2	25	0.8
id-08736	4	3	17	0.9
id-08737	2	3	15	0.8
id-08738	7	11	8	0.9
id-08739	7	5	23	0.9
id-08740	10	11	8	0.9
id-08741	3	4	17	0.8
id-08742	3	3	10	0.8
id-08743	4	6	15	0.9
id-08744	3	5	19	0.9
id-08745	1	2	19	1.0
id-08746	2	3	23	0.9
id-08747	2	2	27	0.9
id-08748	1	2	27	1.0
id-08749	1	2	22	0.8
id-08750	3	3	1	0.8
id-08751	10	17	30	0.9
id-08752	3	3	4	0.9
id-08753	1	2	10	1.0
id-08754	8	7	6	1.0
id-08755	10	18	4	1.0
id-08756	8	6	5	0.8
id-08757	6	4	29	0.9
id-08758	2	2	15	0.8
id-08759	10	14	18	0.9
id-08760	10	13	17	0.8
id-08761	10	12	15	0.9
id-08762	6	7	9	0.9
id-08763	6	3	8	0.9
id-08764	4	8	7	0.8
id-08765	3	4	18	1.0
id-08766	3	5	10	1.0
id-08767	6	12	26	0.9
id-08768	7	11	17	0.8
id-08769	2	3	27	0.9
id-08770	5	4	30	0.9
id-08771	3	4	14	1.0
id-08772	10	12	23	0.9
id-08773	2	4	14	0.9
id-08774	9	16	10	1.0
id-08775	9	10	13	1.0
id-08776	1	2	20	0.9
id-08777	10	13	5	0.9
id-08778	10	12	27	0.8
id-08779	2	4	30	0.9
id-08780	3	3	30	0.9
id-08781	2	4	18	0.8
id-08782	7	9	29	0.8
id-08783	8	15	13	1.0
id-08784	9	9	28	1.0
id-08785	6	9	15	0.9
id-08786	1	2	9	0.9
id-08787	10	19	24	0.9
id-08788	2	3	14	0.8
id-08789	1	2	14	0.9
id-08790	9	14	24	0.9
id-08791	8	7	6	0.8
id-08792	8	6	16	0.9
id-08793	10	14	24	0.8
id-08794	2	4	11	0.9
id-08795	3	4	10	0.9
id-08796	7	12	11	1.0
id-08797	3	3	9	0.9
id-08798	3	6	5	1.0
id-08799	8	5	10	0.9
id-08800	1	2	16	1.0
id-08801	3	3	15	0.9
id-08802	3	3	24	0.9
id-08803	1	2	30	0.8
id-08804	3	6	7	0.8
id-08805	3	2	30	0.8
id-08806	2	3	11	1.0
id-08807	4	5	1	0.9
id-08808	8	2	19	1.0
id-08809	2	2	5	0.9
id-08810	4	7	25	0.8
id-08811	2	4	23	0.9
id-08812	9	9	2	0.9
id-08813	7	5	4	0.9
id-08814	7	9	2	0.9
id-08815	6	5	22	0.9
id-08816	1	2	4	0.9
id-08817	8	6	13	1.0
id-08818	2	3	8	1.0
id-08819	2	2	3	0.9
id-08820	1	2	17	0.9
id-08821	4	2	16	0.8
id-08822	6	6	3	0.9
id-08823	10	8	1	0.8
id-08824	7	14	7	0.9
id-08825	6	8	27	0.9
id-08826	10	16	13	0.8
id-08827	7	3	3	1.0
id-08828	1	2	18	0.9
id-08829	3	2	3	0.9
id-08830	4	8	25	0.9
id-08831	3	4	16	1.0
id-08832	5	2	5	0.9
id-08833	1	2	19	0.9
id-08834	3	5	22	0.9
id-08835	1	2	12	0.9
id-08836	6	3	30	0.8
id-08837	4	4	23	0.9
id-08838	6	2	4	1.0
id-08839	8	4	29	1.0
id-08840	5	8	9	1.0
id-08841	10	2	6	0.9
id-08842	2	2	28	0.9
id-08843	3	3	2	1.0
id-08844	4	6	8	0.9
id-08845	8	12	12	0.8
id-08846	2	2	21	1.0
id-08847	1	2	12	0.9
id-08848	1	2	25	0.9
id-08849	7	4	26	0.8
id-08850	8	5	24	0.9
id-08851	4	4	27	1.0
id-08852	5	10	8	0.8
id-08853	7	5	6	0.9
id-08854	4	5	27	0.9
id-08855	6	5	14	1.0
id-08856	10	8	30	0.9
id-08857	9	4	18	0.8
id-08858	6	2	23	0.8
id-08859	10	17	29	0.8
id-08860	4	2	28	0.8
id-08861	10	8	19	0.9
id-08862	7	10	8	0.8
id-08863	1	2	20	1.0
id-08864	1	2	26	0.8
id-08865	5	2	20	0.9
id-08866	7	3	28	0.9
id-08867	8	7	6	0.9
id-08868	7	14	19	0.9
id-08869	5	3	8	0.9
id-08870	1	2	3	0.9
id-08871	10	20	18	0.8
id-08872	7	3	19	1.0
id-08873	6	5	9	0.9
id-08874	3	6	1	0.8
id-08875	6	10	22	1.0
id-08876	10	5	13	0.8
id-08877	7	7	18	0.8
id-08878	8	6	6	0.8
id-08879	9	17	27	1.0
id-08880	9	9	24	1.0
id-08881	5	9	5	0.8
id-08882	9	17	25	0.9
id-08883	1	2	25	0.9
id-08884	5	2	25	0.9
id-08885	9	9	25	0.9
id-08886	3	2	10	1.0
id-08887	9	15	10	0.8
id-08888	1	2	21	1.0
id-08889	2	4	30	0.8
id-08890	1	2	18	1.0
id-08891	10	5	29	1.0
id-08892	7	8	25	0.8
id-08893	3	6	10	1.0
id-08894	3	4	4	1.0
id-08895	4	4	11	0.9
id-08896	8	9	28	0.8
id-08897	1	2	20	0.8
id-08898	3	3	12	0.9
id-08899	9	2	8	0.9
id-08900	3	2	24	0.9
id-08901	5	6	9	0.9
id-08902	7	9	3	1.0
id-08903	4	7	13	1.0
id-08904	7	12	30	0.9
id-08905	4	2	17	0.8
id-08906	3	5	27	0.8
id-08907	5	10	15	0.8
id-08908	10	2	28	1.0
id-08909	5	7	3	0.8
id-08910	7	2	6	1.0
id-08911	10	4	25	0.8
id-08912	7	6	17	0.9
id-08913	5	7	11	1.0
id-08914	5	9	20	0.9
id-08915	5	6	23	1.0
id-08916	3	2	22	0.9
id-08917	9	8	13	0.8
id-08918	4	5	16	0.8
id-08919	8	11	30	0.9
id-08920	2	2	17	1.0
id-08921	9	2	16	0.8
id-08922	5	2	6	0.9
id-08923	10	20	10	0.9
id-08924	4	2	6	0.8
id-08925	6	9	21	0.9
id-08926	3	3	3	0.9
id-08927	4	8	23	0.9
id-08928	4	4	23	0.8
id-08929	9	14	14	0.9
id-08930	4	8	13	0.8
id-08931	9	18	15	1.0
id-08932	2	3	20	0.9
id-08933	4	6	30	1.0
id-08934	7	11	29	0.8
id-08935	2	3	21	0.8
id-08936	6	8	13	0.9
id-08937	2	3	21	1.0
id-08938	8	8	24	1.0
id-08939	4	6	5	1.0
id-08940	8	14	4	1.0
id-08941	1	2	5	1.0
id-08942	7	2	1	0.9
id-08943	9	10	26	0.9
id-08944	9	5	22	1.0
id-08945	5	4	16	0.9
id-08946	2	4	27	1.0
id-08947	2	4	13	0.9
id-08948	10	12	21	1.0
id-08949	10	20	19	0.8
id-08950	7	12	11	0.8
id-08951	5	8	7	0.8
id-08952	1	2	12	0.8
id-08953	1	2	1	0.9
id-08954	4	8	1	0.9
id-08955	4	5	14	0.9
id-08956	9	15	27	1.0
id-08957	6	3	25	1.0
id-08958	8	13	20	0.8
id-08959	6	2	17	1.0
id-08960	8	13	12	1.0
id-08961	5	2	29	1.0
id-08962	10	11	21	1.0
id-08963	1	2	28	0.9
id-08964	4	3	17	0.9
id-08965	3	6	19	0.9
id-08966	2	2	17	0.9
id-08967	2	2	24	0.8
id-08968	4	2	28	0.9
id-08969	1	2	13	0.9
id-08970	3	2	27	0.9
id-08971	2	2	30	0.8
id-08972	5	9	29	1.0
id-08973	9	14	16	0.9
id-08974	4	7	25	0.8
id-08975	4	6	19	0.9
id-08976	5	7	20	0.9
id-08977	10	12	16	1.0
id-08978	9	5	5	0.9
id-08979	4	4	16	1.0
id-08980	1	2	27	0.9
id-08981	3	6	17	0.9
id-08982	8	6	17	0.8
id-08983	7	9	30	0.9
id-08984	10	16	13	0.9
id-08985	8	6	4	0.9
id-08986	8	10	24	0.9
id-08987	7	3	20	1.0
id-08988	6	4	19	1.0
id-08989	9	15	9	0.8
id-08990	4	5	8	0.9
id-08991	2	2	7	0.9
id-08992	4	7	10	0.8
id-08993	8	8	7	1.0
id-08994	3	2	20	0.9
id-08995	4	8	29	1.0
id-08996	4	6	19	0.9
id-08997	2	2	5	0.8
id-08998	7	6	28	0.9
id-08999	2	4	17	0.8
id-09000	6	9	1	0.8
id-09001	3	2	11	0.9
id-09002	6	6	7	0.8
id-09003	3	2	13	0.8
id-09004	3	3	17	0.8
id-09005	7	5	11	0.8
id-09006	6	2	19	1.0
id-09007	6	10	27	0.8
id-09008	10	12	3	0.9
id-09009	4	4	3	0.8
id-09010	4	4	2	0.9
id-09011	6	8	14	0.9
id-09012	5	5	11	0.8
id-09013	4	3	22	0.9
id-09014	3	4	5	0.8
id-09015	2	4	12	0.9
id-09016	1	2	24	0.8
id-09017	1	2	27	1.0
id-09018	6	10	23	0.9
id-09019	1	2	18	0.9
id-09020	1	2	9	0.9
id-09021	10	19	5	1.0
id-09022	8	6	24	1.0
id-09023	8	3	1	0.9
id-09024	4	2	12	0.9
id-09025	9	3	2	0.8
id-09026	1	2	3	0.9
id-09027	2	2	29	0.8
id-09028	4	8	25	0.8
id-09029	5	9	26	0.9
id-09030	6	7	4	1.0
id-09031	3	5	16	0.8
id-09032	10	14	26	1.0
id-09033	6	4	5	1.0
id-09034	9	12	14	0.8
id-09035	9	15	16	0.9
id-09036	9	3	5	0.9
id-09037	3	5	3	1.0
id-09038	9	11	15	0.9
id-09039	9	3	21	0.8
id-09040	2	3	17	1.0
id-09041	3	6	1	0.8
id-09042	4	6	22	1.0
id-09043	7	13	8	1.0
id-09044	5	2	11	0.8
id-09045	5	8	21	0.8
id-09046	9	11	29	0.8
id-09047	9	10	1	0.9
id-09048	8	6	11	0.9
id-09049	10	6	1	0.9
id-09050	3	4	7	0.9
id-09051	1	2	5	0.8
id-09052	1	2	14	0.8
id-09053	4	7	5	0.9
id-09054	8	3	8	0.9
id-09055	5	2	14	0.8
id-09056	10	16	13	0.8
id-09057	6	3	16	0.8
id-09058	2	4	9	0.8
id-09059	3	5	22	1.0
id-09060	10	5	19	1.0
id-09061	4	4	13	0.8
id-09062	4	6	23	1.0
id-09063	6	2	14	0.9
id-09064	7	10	25	0.9
id-09065	8	15	5	0.8
id-09066	2	2	10	0.8
id-09067	10	3	19	0.9
id-09068	7	11	6	1.0
id-09069	5	8	27	0.8
id-09070	5	8	13	0.8
id-09071	1	2	25	1.0
id-09072	6	10	6	0.8
id-09073	2	4	10	0.9
id-09074	6	2	18	0.9
id-09075	9	16	4	0.9
id-09076	2	3	13	1.0
id-09077	5	6	25	0.9
id-09078	6	12	4	1.0
id-09079	3	3	9	0.8
id-09080	7	2	20	0.9
id-09081	5	7	8	0.8
id-09082	1	2	24	0.9
id-09083	7	6	4	0.8
id-09084	7	14	6	0.9
id-09085	2	2	8	0.8
id-09086	4	3	2	0.9
id-09087	3	2	15	0.9
id-09088	5	4	11	1.0
id-09089	6	2	3	1.0
id-09090	3	2	13	0.9
id-09091	8	6	13	0.8
id-09092	3	2	30	0.9
id-09093	4	2	8	0.9
id-09094	9	9	9	0.9
id-09095	1	2	20	1.0
id-09096	1	2	22	0.9
id-09097	3	6	20	0.8
id-09098	1	2	15	0.8
id-09099	7	5	21	1.0
id-09100	5	2	23	1.0
id-09101	10	9	30	0.9
id-09102	5	7	23	0.9
id-09103	1	2	16	0.9
id-09104	6	10	25	0.8
id-09105	2	4	8	1.0
id-09106	4	7	27	0.9
id-09107	3	5	4	0.9
id-09108	1	2	12	0.9
id-09109	9	6	30	1.0
id-09110	5	9	20	0.9
id-09111	1	2	4	0.9
id-09112	9	12	15	0.8
id-09113	4	6	28	1.0
id-09114	9	14	24	0.8
id-09115	1	2	23	1.0
id-09116	10	9	28	0.9
id-09117	3	6	10	0.9
id-09118	7	5	16	1.0
id-09119	2	4	11	0.9
id-09120	6	2	16	0.8
id-09121	2	4	1	0.9
id-09122	6	6	11	1.0
id-09123	9	5	6	0.9
id-09124	7	6	24	0.9
id-09125	1	2	11	0.9
id-09126	6	11	26	0.9
id-09127	8	4	11	1.0
id-09128	6	2	15	1.0
id-09129	2	2	2	1.0
id-09130	10	13	28	0.8
id-09131	4	5	30	1.0
id-09132	6	11	14	0.8
id-09133	2	3	24	1.0
id-09134	10	14	13	0.9
id-09135	6	11	14	0.9
id-09136	2	2	15	0.9
id-09137	9	2	1	0.8
id-09138	7	2	7	1.0
id-09139	3	4	3	0.8
id-09140	2	4	25	1.0
id-09141	8	10	29	0.8
id-09142	3	5	13	0.9
id-09143	1	2	5	0.9
id-09144	10	9	26	0.9
id-09145	7	7	21	0.8
id-09146	7	7	18	0.9
id-09147	5	5	20	1.0
id-09148	10	5	4	0.9
id-09149	8	15	20	1.0
id-09150	6	10	2	1.0
id-09151	10	13	30	0.8
id-09152	1	2	23	0.9
id-09153	4	5	5	1.0
id-09154	3	4	26	1.0
id-09155	9	10	29	0.8
id-09156	10	2	20	0.9
id-09157	10	3	23	0.9
id-09158	7	8	11	0.9
id-09159	3	3	29	0.8
id-09160	3	2	10	1.0
id-09161	2	4	3	0.8
id-09162	6	8	10	0.9
id-09163	1	2	27	0.8
id-09164	8	12	19	1.0
id-09165	4	6	12	0.8
id-09166	3	2	21	0.9
id-09167	1	2	28	0.9
id-09168	2	3	24	0.9
id-09169	1	2	12	0.9
id-09170	9	14	8	0.8
id-09171	6	3	12	0.9
id-09172	7	8	22	0.8
id-09173	10	11	5	1.0
id-09174	6	3	7	1.0
id-09175	3	2	2	0.8
id-09176	2	4	2	1.0
id-09177	10	2	25	0.9
id-09178	7	6	18	0.9
id-09179	7	10	9	0.9
id-09180	8	3	3	0.9
id-09181	10	12	19	0.9
id-09182	10	3	23	0.8
id-09183	3	6	13	0.9
id-09184	7	9	30	0.9
id-09185	6	5	21	0.9
id-09186	2	2	3	0.9
id-09187	2	4	17	1.0
id-09188	8	2	20	1.0
id-09189	10	8	25	0.9
id-09190	1	2	25	1.0
id-09191	1	2	10	0.9
id-09192	8	14	24	0.9
id-09193	2	2	11	0.9
id-09194	6	9	25	1.0
id-09195	8	2	22	1.0
id-09196	7	4	23	0.8
id-09197	9	18	23	0.9
id-09198	10	19	2	0.9
id-09199	6	5	2	0.9
id-09200	7	10	8	0.8
id-09201	2	2	23	0.8
id-09202	10	5	3	0.9
id-09203	8	5	8	1.0
id-09204	9	11	4	0.9
id-09205	2	2	23	0.9
id-09206	6	5	30	0.8
id-09207	3	5	1	1.0
id-09208	3	2	24	0.9
id-09209	1	2	16	0.8
id-09210	10	9	16	1.0
id-09211	8	9	8	0.9
id-09212	8	11	29	1.0
id-09213	9	12	19	0.9
id-09214	8	10	11	0.9
id-09215	4	2	6	0.9
id-09216	6	2	30	1.0
id-09217	3	2	28	1.0
id-09218	5	8	9	1.0
id-09219	7	13	25	0.9
id-09220	3	4	6	0.9
id-09221	6	2	10	1.0
id-09222	8	6	3	0.9
id-09223	6	12	22	1.0
id-09224	2	2	19	0.9
id-09225	2	4	14	0.9
id-09226	1	2	21	0.9
id-09227	7	13	29	1.0
id-09228	2	4	16	0.8
id-09229	1	2	12	0.8
id-09230	8	12	2	0.9
id-09231	1	2	27	0.9
id-09232	4	7	27	1.0
id-09233	10	5	24	0.9
id-09234	3	2	17	1.0
id-09235	9	3	2	1.0
id-09236	3	4	9	0.8
id-09237	3	5	8	0.9
id-09238	8	8	9	0.9
id-09239	9	7	15	1.0
id-09240	8	9	16	0.9
id-09241	10	10	21	1.0
id-09242	1	2	10	0.8
id-09243	6	2	29	0.9
id-09244	4	5	7	1.0
id-09245	4	2	2	0.9
id-09246	9	13	2	0.9
id-09247	4	7	4	0.9
id-09248	2	4	30	0.9
id-09249	8	13	13	0.8
id-09250	6	10	5	0.9
id-09251	5	6	7	0.8
id-09252	7	11	1	0.9
id-09253	7	12	22	0.9
id-09254	8	7	12	0.8
id-09255	6	7	3	0.9
id-09256	1	2	24	0.9
id-09257	6	4	27	0.9
id-09258	1	2	26	0.9
id-09259	2	3	16	1.0
id-09260	4	5	11	0.9
id-09261	4	5	29	0.8
id-09262	2	3	26	0.8
id-09263	4	4	13	0.8
id-09264	7	7	12	0.9
id-09265	2	4	3	0.8
id-09266	1	2	27	1.0
id-09267	6	5	17	1.0
id-09268	4	7	18	0.8
id-09269	9	8	19	0.9
id-09270	9	6	10	0.9
id-09271	3	3	12	1.0
id-09272	5	2	19	0.9
id-09273	1	2	16	0.9
id-09274	9	10	13	0.9
id-09275	2	2	27	0.8
id-09276	7	6	28	0.9
id-09277	2	4	15	1.0
id-09278	10	13	11	0.9
id-09279	10	7	15	1.0
id-09280	3	6	30	1.0
id-09281	1	2	13	1.0
id-09282	9	11	20	0.8
id-09283	2	3	20	0.9
id-09284	1	2	7	0.8
id-09285	10	4	28	0.9
id-09286	5	2	22	1.0
id-09287	5	7	19	1.0
id-09288	10	9	28	0.9
id-09289	2	3	2	1.0
id-09290	8	2	13	0.8
id-09291	9	14	27	0.9
id-09292	4	2	7	1.0
id-09293	4	4	6	0.9
id-09294	5	8	24	1.0
id-09295	5	7	1	1.0
id-09296	6	12	14	0.9
id-09297	8	7	30	0.9
id-09298	6	3	6	0.8
id-09299	8	15	18	1.0
id-09300	6	8	2	0.8
id-09301	8	8	15	0.9
id-09302	6	12	1	0.9
id-09303	10	8	17	0.9
id-09304	5	4	21	0.9
id-09305	6	3	17	1.0
id-09306	9	6	1	1.0
id-09307	6	8	8	0.9
id-09308	6	7	5	0.9
id-09309	9	9	9	0.9
id-09310	6	9	9	1.0
id-09311	9	13	22	0.8
id-09312	10	20	17	0.9
id-09313	9	7	19	0.9
id-09314	8	12	2	0.9
id-09315	10	11	29	0.9
id-09316	1	2	18	0.9
id-09317	1	2	2	0.9
id-09318	6	4	8	0.8
id-09319	7	9	30	0.8
id-09320	5	2	24	0.9
id-09321	9	3	24	0.9
id-09322	5	3	9	0.9
id-09323	9	14	1	0.9
id-09324	8	15	20	1.0
id-09325	8	15	29	0.9
id-09326	10	20	24	0.9
id-09327	3	4	8	0.9
id-09328	3	2	13	0.9
id-09329	9	11	3	0.9
id-09330	1	2	2	1.0
id-09331	7	6	9	0.8
id-09332	9	18	1	0.9
id-09333	1	2	3	0.8
id-09334	6	10	28	0.9
id-09335	3	6	25	0.9
id-09336	3	6	3	0.9
id-09337	7	2	21	0.8
id-09338	1	2	6	0.9
id-09339	5	6	23	0.9
id-09340	6	4	30	0.8
id-09341	3	3	13	0.9
id-09342	9	18	26	0.9
id-09343	3	2	1	0.8
id-09344	8	5	18	0.8
id-09345	3	2	20	1.0
id-09346	7	2	14	0.8
id-09347	2	3	29	0.9
id-09348	6	3	27	1.0
id-09349	2	4	21	1.0
id-09350	9	13	2	0.8
id-09351	3	4	10	0.9
id-09352	1	2	13	0.8
id-09353	5	2	25	0.8
id-09354	2	3	22	0.9
id-09355	8	4	26	0.9
id-09356	7	8	12	0.9
id-09357	2	4	22	0.8
id-09358	7	2	1	0.8
id-09359	7	7	18	0.9
id-09360	1	2	16	0.9
id-09361	7	11	5	0.8
id-09362	10	20	18	0.9
id-09363	8	7	5	1.0
id-09364	2	4	11	0.8
id-09365	2	2	15	0.8
id-09366	4	2	5	0.8
id-09367	5	6	25	1.0
id-09368	2	2	27	0.9
id-09369	1	2	3	1.0
id-09370	4	6	24	0.9
id-09371	10	13	20	1.0
id-09372	1	2	5	1.0
id-09373	6	6	30	0.8
id-09374	3	4	26	0.9
id-09375	3	4	3	0.8
id-09376	10	12	1	1.0
id-09377	5	9	25	1.0
id-09378	10	19	12	0.9
id-09379	3	3	15	0.9
id-09380	4	7	10	0.9
id-09381	6	12	29	1.0
id-09382	4	7	7	0.9
id-09383	8	2	8	1.0
id-09384	8	11	30	0.9
id-09385	9	2	27	0.9
id-09386	10	14	9	0.9
id-09387	8	11	18	1.0
id-09388	10	19	8	1.0
id-09389	3	3	4	0.8
id-09390	9	17	23	1.0
id-09391	10	2	26	1.0
id-09392	3	4	24	0.9
id-09393	1	2	27	0.9
id-09394	4	6	10	0.8
id-09395	6	7	19	0.9
id-09396	10	19	8	1.0
id-09397	8	5	22	0.8
id-09398	5	6	3	0.8
id-09399	1	2	6	1.0
id-09400	4	3	16	0.8
id-09401	5	7	27	0.9
id-09402	2	2	21	0.9
id-09403	7	9	1	0.9
id-09404	4	3	25	0.9
id-09405	10	3	8	0.8
id-09406	6	9	30	0.9
id-09407	9	17	16	0.9
id-09408	3	3	26	0.9
id-09409	9	11	24	0.9
id-09410	1	2	7	0.9
id-09411	1	2	24	0.9
id-09412	4	7	27	0.9
id-09413	8	14	23	1.0
id-09414	2	3	3	0.8
id-09415	10	20	10	1.0
id-09416	1	2	25	0.8
id-09417	3	6	24	0.8
id-09418	4	4	4	0.8
id-09419	5	3	23	0.8
id-09420	2	3	12	0.9
id-09421	10	2	5	0.9
id-09422	2	4	11	0.9
id-09423	9	3	17	0.8
id-09424	7	13	18	1.0
id-09425	6	4	11	0.8
id-09426	7	10	23	0.9
id-09427	7	9	2	0.9
id-09428	3	4	13	0.9
id-09429	4	5	7	0.9
id-09430	9	4	11	1.0
id-09431	9	5	30	0.9
id-09432	6	4	8	0.9
id-09433	3	6	22	0.9
id-09434	10	20	11	0.8
id-09435	9	5	3	0.9
id-09436	2	4	14	0.8
id-09437	2	2	1	0.9
id-09438	8	6	12	0.8
id-09439	10	11	30	0.9
id-09440	7	6	25	0.9
id-09441	1	2	28	0.9
id-09442	4	6	2	0.9
id-09443	1	2	29	0.8
id-09444	2	3	4	0.9
id-09445	3	2	12	0.9
id-09446	2	2	7	0.8
id-09447	7	2	21	1.0
id-09448	4	8	28	1.0
id-09449	8	3	18	0.9
id-09450	10	12	3	0.9
id-09451	2	3	6	0.9
id-09452	3	2	1	0.9
id-09453	5	2	23	0.9
id-09454	8	13	15	1.0
id-09455	5	3	30	0.8
id-09456	6	6	17	0.9
id-09457	8	5	2	0.9
id-09458	8	8	22	0.9
id-09459	7	4	17	0.8
id-09460	6	3	6	0.9
id-09461	5	4	2	0.8
id-09462	5	9	25	1.0
id-09463	10	6	20	0.8
id-09464	7	8	24	0.9
id-09465	2	2	14	0.9
id-09466	6	2	29	0.8
id-09467	10	16	1	0.8
id-09468	3	6	30	0.9
id-09469	5	9	11	0.9
id-09470	2	3	25	1.0
id-09471	9	15	8	0.9
id-09472	7	9	10	0.9
id-09473	6	8	23	0.8
id-09474	6	6	20	1.0
id-09475	1	2	26	0.9
id-09476	10	16	7	0.8
id-09477	10	14	1	0.9
id-09478	10	14	4	0.9
id-09479	8	9	13	0.9
id-09480	4	3	3	0.8
id-09481	4	4	30	0.9
id-09482	4	8	23	0.9
id-09483	5	4	23	0.9
id-09484	7	8	18	0.8
id-09485	6	5	10	0.8
id-09486	1	2	21	0.9
id-09487	7	8	29	1.0
id-09488	10	10	6	1.0
id-09489	3	2	15	1.0
id-09490	8	9	5	0.9
id-09491	5	2	17	0.9
id-09492	9	11	24	0.9
id-09493	6	5	20	1.0
id-09494	2	2	18	0.9
id-09495	7	13	2	0.9
id-09496	5	7	5	1.0
id-09497	6	10	29	1.0
id-09498	8	14	28	1.0
id-09499	9	15	18	0.8
id-09500	8	3	23	1.0
id-09501	7	4	22	0.9
id-09502	6	7	1	0.8
id-09503	6	2	25	0.8
id-09504	7	11	19	0.9
id-09505	4	7	25	0.9
id-09506	9	4	4	0.9
id-09507	10	13	23	0.8
id-09508	5	7	22	0.9
id-09509	10	9	1	0.9
id-09510	5	6	29	1.0
id-09511	5	5	12	1.0
id-09512	2	4	3	0.9
id-09513	2	3	7	0.9
id-09514	8	15	26	0.9
id-09515	2	2	28	0.9
id-09516	9	12	14	0.8
id-09517	1	2	18	0.9
id-09518	10	8	8	0.8
id-09519	1	2	29	1.0
id-09520	5	2	10	0.9
id-09521	8	14	28	0.9
id-09522	6	3	30	0.9
id-09523	8	3	5	0.9
id-09524	6	5	7	0.9
id-09525	7	12	9	1.0
id-09526	9	16	20	1.0
id-09527	9	3	27	1.0
id-09528	10	7	4	1.0
id-09529	4	5	3	0.9
id-09530	8	14	2	0.9
id-09531	7	13	15	0.9
id-09532	8	2	5	0.8
id-09533	6	9	3	1.0
id-09534	6	9	17	0.9
id-09535	2	4	21	0.8
id-09536	7	6	24	0.9
id-09537	10	13	23	0.9
id-09538	8	5	25	1.0
id-09539	4	3	8	1.0
id-09540	1	2	24	0.9
id-09541	10	5	17	0.9
id-09542	10	3	29	0.8
id-09543	4	7	24	0.9
id-09544	8	16	23	0.9
id-09545	9	2	15	0.8
id-09546	9	2	9	0.8
id-09547	3	3	30	0.8
id-09548	3	6	26	0.9
id-09549	1	2	19	0.9
id-09550	7	13	8	0.9
id-09551	7	11	8	0.8
id-09552	2	3	4	1.0
id-09553	6	6	4	0.8
id-09554	6	3	16	0.9
id-09555	3	2	21	0.8
id-09556	6	6	20	1.0
id-09557	5	10	25	0.8
id-09558	6	10	1	0.8
id-09559	8	9	2	0.8
id-09560	6	7	10	0.9
id-09561	6	5	3	0.9
id-09562	4	6	17	0.9
id-09563	1	2	23	0.9
id-09564	4	6	12	0.8
id-09565	3	6	23	0.9
id-09566	4	2	21	1.0
id-09567	8	2	28	0.9
id-09568	6	5	22	0.9
id-09569	10	19	20	0.9
id-09570	4	7	24	0.8
id-09571	1	2	24	1.0
id-09572	1	2	5	0.9
id-09573	6	8	1	0.8
id-09574	10	2	14	1.0
id-09575	6	3	17	1.0
id-09576	2	4	4	0.8
id-09577	4	5	3	0.9
id-09578	9	18	3	0.9
id-09579	6	8	11	0.9
id-09580	4	4	5	0.8
id-09581	3	4	25	1.0
id-09582	2	3	27	1.0
id-09583	7	7	16	0.9
id-09584	4	8	7	0.9
id-09585	9	3	20	0.9
id-09586	6	3	9	0.8
id-09587	1	2	24	0.9
id-09588	9	7	26	0.9
id-09589	8	14	19	1.0
id-09590	3	2	24	1.0
id-09591	6	2	24	1.0
id-09592	4	5	18	0.9
id-09593	8	16	25	0.8
id-09594	8	10	27	0.8
id-09595	6	9	22	0.9
id-09596	6	11	9	0.9
id-09597	1	2	1	1.0
id-09598	2	3	16	0.9
id-09599	6	2	26	0.9
id-09600	1	2	5	0.8
id-09601	5	5	25	0.9
id-09602	4	7	11	0.9
id-09603	8	15	27	0.9
id-09604	9	8	12	1.0
id-09605	1	2	12	0.9
id-09606	2	4	23	0.9
id-09607	4	8	9	0.9
id-09608	6	12	25	1.0
id-09609	3	4	30	0.8
id-09610	5	5	27	1.0
id-09611	10	9	25	0.9
id-09612	7	10	19	0.8
id-09613	7	5	12	0.9
id-09614	4	2	30	0.9
id-09615	7	4	1	1.0
id-09616	2	3	11	0.9
id-09617	5	7	20	0.8
id-09618	4	8	2	1.0
id-09619	4	2	18	0.8
id-09620	6	8	13	0.9
id-09621	10	14	3	0.8
id-09622	6	2	25	0.8
id-09623	6	2	20	0.9
id-09624	1	2	28	0.9
id-09625	10	8	19	0.8
id-09626	1	2	12	1.0
id-09627	10	2	1	0.8
id-09628	4	6	13	0.9
id-09629	6	8	25	0.9
id-09630	2	3	26	0.9
id-09631	6	7	24	0.9
id-09632	8	6	30	0.9
id-09633	5	6	10	0.9
id-09634	9	5	4	0.9
id-09635	7	2	21	0.9
id-09636	9	2	2	1.0
id-09637	4	3	6	1.0
id-09638	2	4	24	0.9
id-09639	4	2	29	1.0
id-09640	9	11	25	0.9
id-09641	7	13	5	0.9
id-09642	1	2	26	0.8
id-09643	10	6	4	0.8
id-09644	1	2	22	0.9
id-09645	9	3	3	0.8
id-09646	8	2	9	0.9
id-09647	4	8	21	1.0
id-09648	1	2	1	0.9
id-09649	1	2	21	0.9
id-09650	1	2	16	0.8
id-09651	9	14	14	1.0
id-09652	9	4	25	0.9
id-09653	1	2	27	0.9
id-09654	6	11	28	0.9
id-09655	5	2	22	1.0
id-09656	9	11	24	0.8
id-09657	5	10	24	0.8
id-09658	9	3	3	0.9
id-09659	7	7	15	0.9
id-09660	2	4	3	0.8
id-09661	3	6	26	1.0
id-09662	2	2	12	0.9
id-09663	8	2	29	0.8
id-09664	8	13	26	0.9
id-09665	3	2	21	0.9
id-09666	4	4	15	0.9
id-09667	1	2	30	0.8
id-09668	9	4	15	1.0
id-09669	5	9	19	0.9
id-09670	4	4	24	1.0
id-09671	6	6	10	0.9
id-09672	4	5	10	1.0
id-09673	10	6	2	0.9
id-09674	9	9	4	1.0
id-09675	6	11	1	0.9
id-09676	9	12	8	0.9
id-09677	10	5	8	0.9
id-09678	5	5	13	0.8
id-09679	3	4	29	0.8
id-09680	8	13	18	0.9
id-09681	2	3	22	0.8
id-09682	2	2	7	1.0
id-09683	2	4	17	0.9
id-09684	7	11	5	0.8
id-09685	8	16	27	1.0
id-09686	4	8	29	0.8
id-09687	8	2	11	0.9
id-09688	7	12	27	1.0
id-09689	2	2	13	0.9
id-09690	1	2	21	1.0
id-09691	1	2	18	0.8
id-09692	9	5	28	0.9
id-09693	5	9	25	0.9
id-09694	6	7	23	1.0
id-09695	3	4	30	0.9
id-09696	2	3	26	1.0
id-09697	4	8	19	0.8
id-09698	3	3	3	0.9
id-09699	9	7	22	0.9
id-09700	8	4	5	1.0
id-09701	7	11	1	1.0
id-09702	10	13	19	0.9
id-09703	6	9	12	1.0
id-09704	9	2	9	0.9
id-09705	8	7	3	0.9
id-09706	6	7	22	0.8
id-09707	3	3	11	0.9
id-09708	8	13	15	1.0
id-09709	6	8	21	0.9
id-09710	9	5	4	0.8
id-09711	4	2	22	0.9
id-09712	4	4	29	1.0
id-09713	7	7	24	0.8
id-09714	6	3	20	0.9
id-09715	2	3	5	0.9
id-09716	7	12	4	0.9
id-09717	7	4	9	0.9
id-09718	2	2	6	0.9
id-09719	9	2	24	0.9
id-09720	1	2	6	0.8
id-09721	1	2	26	0.9
id-09722	6	4	3	1.0
id-09723	5	6	7	0.9
id-09724	8	6	2	0.9
id-09725	5	2	13	0.9
id-09726	8	10	18	1.0
id-09727	5	10	24	0.9
id-09728	10	19	8	0.9
id-09729	6	2	19	1.0
id-09730	9	3	19	0.9
id-09731	6	8	4	0.8
id-09732	9	18	11	0.9
id-09733	2	3	30	1.0
id-09734	9	8	1	0.9
id-09735	3	3	22	0.8
id-09736	5	4	22	1.0
id-09737	10	16	10	0.8
id-09738	3	4	16	0.9
id-09739	1	2	26	1.0
id-09740	9	6	29	0.9
id-09741	7	7	13	0.9
id-09742	7	10	8	0.9
id-09743	8	6	13	1.0
id-09744	10	20	16	0.9
id-09745	9	7	23	0.9
id-09746	1	2	19	0.9
id-09747	1	2	27	0.9
id-09748	6	3	17	0.8
id-09749	5	8	6	1.0
id-09750	2	2	21	0.8
id-09751	8	11	7	0.9
id-09752	10	6	3	0.9
id-09753	4	4	7	1.0
id-09754	4	4	9	0.9
id-09755	9	2	10	1.0
id-09756	8	3	28	0.8
id-09757	10	20	18	0.9
id-09758	4	8	17	1.0
id-09759	5	4	26	1.0
id-09760	7	11	6	0.8
id-09761	10	18	29	0.9
id-09762	4	6	21	0.9
id-09763	6	3	13	0.9
id-09764	8	16	2	0.9
id-09765	1	2	21	1.0
id-09766	3	2	27	0.8
id-09767	3	6	26	1.0
id-09768	3	5	11	1.0
id-09769	6	5	27	0.9
id-09770	10	9	12	0.9
id-09771	6	12	28	0.9
id-09772	9	2	6	0.8
id-09773	4	6	9	0.8
id-09774	5	5	10	0.8
id-09775	5	6	14	0.8
id-09776	3	2	5	0.8
id-09777	9	3	9	0.9
id-09778	1	2	1	0.8
id-09779	4	3	6	1.0
id-09780	2	4	15	0.8
id-09781	5	7	28	1.0
id-09782	1	2	20	0.9
id-09783	9	5	4	0.9
id-09784	4	8	1	0.9
id-09785	9	4	13	0.9
id-09786	6	2	21	0.8
id-09787	10	13	24	0.8
id-09788	3	2	8	1.0
id-09789	9	11	12	0.9
id-09790	1	2	5	1.0
id-09791	2	4	10	0.9
id-09792	10	20	19	0.8
id-09793	7	14	18	0.9
id-09794	2	3	9	0.9
id-09795	6	12	20	0.9
id-09796	8	5	22	0.9
id-09797	5	2	29	1.0
id-09798	10	4	10	0.8
id-09799	7	10	23	0.8
id-09800	8	6	11	0.9
id-09801	3	3	27	0.9
id-09802	6	10	1	1.0
id-09803	2	3	3	0.9
id-09804	4	7	24	0.9
id-09805	5	6	9	1.0
id-09806	6	7	19	0.9
id-09807	2	2	9	0.8
id-09808	10	14	24	1.0
id-09809	5	9	4	1.0
id-09810	7	12	9	0.9
id-09811	2	2	8	0.9
id-09812	4	8	8	1.0
id-09813	5	5	11	0.9
id-09814	7	7	23	1.0
id-09815	4	8	26	1.0
id-09816	1	2	2	1.0
id-09817	10	13	20	1.0
id-09818	4	6	29	0.9
id-09819	10	4	23	0.9
id-09820	1	2	8	0.9
id-09821	7	6	4	0.8
id-09822	3	5	16	0.8
id-09823	3	5	8	0.8
id-09824	2	2	28	1.0
id-09825	7	3	25	0.8
id-09826	5	10	23	0.8
id-09827	6	6	12	1.0
id-09828	3	2	9	1.0
id-09829	3	5	18	1.0
id-09830	1	2	16	0.9
id-09831	6	7	5	0.9
id-09832	1	2	5	1.0
id-09833	4	3	2	1.0
id-09834	1	2	11	0.8
id-09835	8	7	30	0.9
id-09836	6	10	13	0.9
id-09837	10	11	24	0.8
id-09838	1	2	30	1.0
id-09839	7	3	13	1.0
id-09840	1	2	1	0.9
id-09841	4	4	15	0.9
id-09842	1	2	10	0.9
id-09843	9	13	5	0.8
id-09844	6	4	11	1.0
id-09845	10	20	20	0.9
id-09846	7	11	13	0.8
id-09847	7	9	15	0.8
id-09848	3	6	30	1.0
id-09849	3	2	15	0.8
id-09850	8	9	30	0.9
id-09851	4	3	14	0.9
id-09852	9	5	6	1.0
id-09853	3	5	16	0.9
id-09854	5	7	25	0.9
id-09855	1	2	1	0.9
id-09856	1	2	30	0.9
id-09857	6	10	1	0.9
id-09858	7	11	6	0.8
id-09859	5	6	23	0.8
id-09860	6	5	16	0.8
id-09861	9	17	23	0.9
id-09862	9	8	8	1.0
id-09863	9	2	8	0.9
id-09864	2	4	5	0.9
id-09865	10	14	25	0.9
id-09866	8	5	18	0.9
id-09867	6	10	26	0.9
id-09868	8	14	10	0.9
id-09869	8	3	2	0.8
id-09870	4	6	19	0.8
id-09871	9	11	19	0.9
id-09872	1	2	3	0.9
id-09873	8	14	11	0.9
id-09874	5	8	25	0.9
id-09875	6	7	10	0.8
id-09876	5	9	29	1.0
id-09877	1	2	15	0.9
id-09878	3	3	21	0.9
id-09879	1	2	6	0.8
id-09880	1	2	23	0.9
id-09881	10	18	5	0.9
id-09882	10	11	7	0.8
id-09883	10	5	19	0.8
id-09884	4	5	11	0.9
id-09885	1	2	23	0.9
id-09886	5	10	5	0.9
id-09887	1	2	2	1.0
id-09888	10	18	5	0.9
id-09889	9	10	25	1.0
id-09890	10	14	28	0.9
id-09891	2	2	16	0.9
id-09892	4	5	26	0.8
id-09893	4	8	9	0.9
id-09894	4	3	30	0.9
id-09895	4	3	24	0.9
id-09896	4	3	28	1.0
id-09897	4	7	5	0.9
id-09898	9	10	29	0.9
id-09899	5	6	24	0.8
id-09900	1	2	25	1.0
id-09901	7	12	20	0.9
id-09902	8	5	29	0.9
id-09903	6	3	25	0.9
id-09904	5	3	20	0.8
id-09905	10	13	25	0.9
id-09906	6	11	24	1.0
id-09907	8	10	8	1.0
id-09908	2	4	9	0.9
id-09909	6	3	17	1.0
id-09910	7	3	10	0.9
id-09911	4	5	23	0.8
id-09912	10	6	26	0.9
id-09913	9	15	5	0.9
id-09914	8	11	3	0.8
id-09915	5	10	6	0.9
id-09916	10	10	29	0.9
id-09917	4	2	6	0.8
id-09918	2	3	16	0.9
id-09919	1	2	25	0.9
id-09920	3	3	16	0.8
id-09921	4	6	9	1.0
id-09922	1	2	28	0.8
id-09923	8	8	13	0.9
id-09924	2	2	9	0.9
id-09925	6	5	20	0.9
id-09926	6	3	3	1.0
id-09927	4	7	28	0.9
id-09928	5	2	26	0.8
id-09929	9	8	5	0.9
id-09930	2	2	7	1.0
id-09931	6	2	3	1.0
id-09932	5	5	29	0.9
id-09933	9	14	29	0.8
id-09934	9	7	7	1.0
id-09935	9	18	3	1.0
id-09936	8	7	18	0.9
id-09937	1	2	17	0.9
id-09938	6	9	27	0.8
id-09939	4	4	7	1.0
id-09940	2	3	7	0.8
id-09941	2	2	23	0.9
id-09942	10	19	18	0.9
id-09943	10	19	11	0.9
id-09944	1	2	2	1.0
id-09945	7	4	10	0.9
id-09946	8	9	18	0.9
id-09947	8	9	18	0.9
id-09948	8	6	24	1.0
id-09949	5	7	21	0.9
id-09950	2	2	24	0.9
id-09951	7	6	11	1.0
id-09952	5	3	27	0.8
id-09953	9	10	15	0.9
id-09954	3	4	24	0.8
id-09955	4	8	24	0.9
id-09956	5	2	5	0.8
id-09957	8	8	2	0.9
id-09958	1	2	1	1.0
id-09959	6	11	1	0.9
id-09960	1	2	19	0.8
id-09961	8	8	4	0.9
id-09962	10	9	26	1.0
id-09963	2	2	10	0.9
id-09964	7	8	17	0.8
id-09965	3	3	23	0.9
id-09966	4	5	21	1.0
id-09967	6	9	7	0.9
id-09968	3	5	8	1.0
id-09969	2	4	25	0.9
id-09970	1	2	23	0.8
id-09971	3	5	12	1.0
id-09972	1	2	18	0.9
id-09973	3	4	18	0.9
id-09974	10	8	23	1.0
id-09975	9	12	17	1.0
id-09976	8	7	29	0.9
id-09977	10	8	30	0.9
id-09978	8	9	24	1.0
id-09979	1	2	24	0.9
id-09980	7	10	14	0.9
id-09981	3	5	3	0.9
id-09982	4	4	5	0.9
id-09983	2	2	28	0.8
id-09984	8	12	26	0.9
id-09985	10	13	17	1.0
id-09986	1	2	23	1.0
id-09987	5	7	25	0.8
id-09988	2	3	3	0.8
id-09989	9	6	9	0.8
id-09990	4	7	3	0.8
id-09991	6	9	5	0.9
id-09992	5	5	5	0.8
id-09993	6	4	26	0.8
id-09994	3	2	18	0.8
id-09995	10	6	9	0.9
id-09996	10	17	17	1.0
id-09997	9	15	16	0.8
id-09998	9	18	22	0.9
id-09999	7	12	13	0.9
id-10000	9	8	18	0.8
id-10001	9	16	4	0.9
id-10002	7	14	15	0.9
id-10003	8	16	15	0.8
id-10004	5	9	10	0.9
id-10005	2	4	12	0.9
id-10006	10	13	15	0.9
id-10007	9	17	7	0.8
id-10008	4	5	9	1.0
id-10009	8	6	27	0.9
id-10010	4	7	23	0.9
id-10011	1	2	9	1.0
id-10012	3	5	11	1.0
id-10013	10	7	25	0.9
id-10014	6	12	3	1.0
id-10015	4	2	11	1.0
id-10016	1	2	5	0.9
id-10017	4	4	13	0.9
id-10018	3	5	28	0.9
id-10019	2	4	24	0.9
id-10020	8	10	13	1.0
id-10021	1	2	27	0.8
id-10022	2	3	10	1.0
id-10023	5	10	18	0.9
id-10024	8	9	2	1.0
id-10025	7	12	28	0.8
id-10026	10	14	28	1.0
id-10027	7	7	13	1.0
id-10028	2	2	25	0.9
id-10029	8	11	13	0.8
id-10030	9	11	14	1.0
id-10031	8	13	3	1.0
id-10032	4	7	30	0.8
id-10033	6	6	2	0.9
id-10034	2	4	9	1.0
id-10035	6	10	23	0.9
id-10036	9	11	24	1.0
id-10037	6	6	13	1.0
id-10038	8	2	24	0.9
id-10039	2	3	10	0.8
id-10040	1	2	10	0.9
id-10041	1	2	7	0.8
id-10042	2	2	11	0.9
id-10043	5	6	22	0.9
id-10044	2	2	2	0.9
id-10045	9	10	15	0.9
id-10046	1	2	18	0.9
id-10047	1	2	18	0.8
id-10048	2	2	7	0.8
id-10049	8	13	7	0.9
id-10050	5	2	8	0.9
id-10051	8	10	2	1.0
id-10052	10	8	6	0.8
id-10053	3	6	10	1.0
id-10054	3	5	26	1.0
id-10055	6	2	14	1.0
id-10056	8	11	10	0.8
id-10057	3	5	28	0.8
id-10058	10	7	2	0.8
id-10059	6	11	14	0.9
id-10060	4	4	6	0.8
id-10061	6	6	28	1.0
id-10062	10	11	13	1.0
id-10063	4	4	6	0.9
id-10064	10	2	16	1.0
id-10065	7	11	8	0.8
id-10066	5	6	22	1.0
id-10067	3	6	11	0.9
id-10068	8	15	23	0.9
id-10069	2	2	17	0.9
id-10070	10	12	23	0.9
id-10071	6	4	21	0.9
id-10072	5	5	2	0.8
id-10073	3	3	13	0.9
id-10074	10	14	3	0.9
id-10075	8	3	2	1.0
id-10076	1	2	1	0.9
id-10077	2	4	17	0.9
id-10078	1	2	1	0.8
id-10079	5	4	14	0.9
id-10080	9	9	22	0.9
id-10081	8	10	5	0.9
id-10082	5	6	20	0.9
id-10083	8	11	8	0.9
id-10084	7	2	20	0.8
id-10085	6	6	30	1.0
id-10086	10	10	11	0.9
id-10087	6	12	15	1.0
id-10088	10	5	16	0.9
id-10089	10	10	6	0.9
id-10090	1	2	15	0.8
id-10091	4	8	28	0.8
id-10092	1	2	13	0.8
id-10093	3	5	11	1.0
id-10094	5	4	8	0.9
id-10095	2	4	20	1.0
id-10096	4	8	6	0.8
id-10097	2	2	9	0.9
id-10098	10	17	26	0.8
id-10099	8	3	26	1.0
id-10100	6	10	30	1.0
id-10101	7	13	20	0.8
id-10102	6	10	9	0.9
id-10103	6	8	14	0.9
id-10104	6	4	30	0.9
id-10105	1	2	7	0.9
id-10106	5	7	30	0.9
id-10107	8	8	27	0.9
id-10108	9	4	23	1.0
id-10109	10	17	20	0.9
id-10110	1	2	9	0.9
id-10111	4	2	27	0.9
id-10112	7	5	26	0.9
id-10113	2	4	27	0.9
id-10114	1	2	2	1.0
id-10115	4	4	21	0.9
id-10116	2	3	21	0.9
id-10117	4	5	21	0.9
id-10118	8	14	6	0.9
id-10119	4	6	5	0.9
id-10120	2	4	4	1.0
id-10121	1	2	8	1.0
id-10122	10	16	25	0.9
id-10123	3	6	3	0.9
id-10124	3	5	7	0.9
id-10125	10	20	11	0.9
id-10126	6	2	18	0.9
id-10127	3	3	3	0.9
id-10128	5	6	25	0.8
id-10129	8	13	2	0.9
id-10130	10	3	23	0.8
id-10131	2	2	19	0.8
id-10132	4	7	23	0.9
id-10133	1	2	22	0.9
id-10134	8	6	27	0.9
id-10135	6	5	22	0.8
id-10136	2	3	21	0.9
id-10137	5	4	3	0.9
id-10138	7	9	23	0.8
id-10139	1	2	12	1.0
id-10140	6	5	25	1.0
id-10141	9	5	12	0.8
id-10142	5	2	3	0.8
id-10143	5	2	13	1.0
id-10144	1	2	2	0.8
id-10145	3	2	10	0.8
id-10146	3	2	29	0.8
id-10147	1	2	9	0.9
id-10148	7	5	2	0.8
id-10149	1	2	20	0.8
id-10150	3	2	20	0.8
id-10151	6	12	29	1.0
id-10152	2	3	21	0.9
id-10153	3	4	5	1.0
id-10154	5	5	20	0.9
id-10155	1	2	5	0.9
id-10156	2	3	15	1.0
id-10157	6	11	12	1.0
id-10158	5	8	28	0.8
id-10159	9	12	24	0.9
id-10160	2	2	27	1.0
id-10161	9	5	7	0.9
id-10162	2	2	27	0.8
id-10163	7	2	6	1.0
id-10164	4	7	29	0.9
id-10165	9	17	21	0.9
id-10166	8	8	27	0.9
id-10167	5	3	17	1.0
id-10168	10	3	19	1.0
id-10169	3	6	2	0.9
id-10170	8	11	5	1.0
id-10171	6	11	25	0.8
id-10172	4	2	17	0.8
id-10173	9	9	25	0.8
id-10174	4	6	24	0.9
id-10175	7	10	29	0.8
id-10176	1	2	4	0.9
id-10177	1	2	1	0.9
id-10178	9	8	25	0.9
id-10179	4	2	14	0.8
id-10180	1	2	29	0.9
id-10181	2	4	5	1.0
id-10182	6	9	11	0.8
id-10183	10	12	28	0.8
id-10184	5	2	2	0.9
id-10185	7	12	19	0.9
id-10186	4	3	17	1.0
id-10187	8	6	17	0.8
id-10188	4	8	13	0.8
id-10189	4	8	11	0.8
id-10190	3	3	9	1.0
id-10191	1	2	22	0.9
id-10192	5	6	7	0.8
id-10193	6	3	15	0.9
id-10194	8	14	9	0.8
id-10195	4	6	4	1.0
id-10196	3	6	30	0.9
id-10197	7	10	23	0.9
id-10198	8	5	23	1.0
id-10199	5	4	2	0.8
id-10200	4	7	18	0.9
id-10201	1	2	14	0.8
id-10202	4	7	6	0.9
id-10203	10	12	6	0.9
id-10204	6	2	3	0.8
id-10205	3	3	9	0.9
id-10206	4	5	18	1.0
id-10207	7	13	2	0.9
id-10208	2	3	11	0.9
id-10209	3	6	15	0.8
id-10210	7	2	28	0.9
id-10211	10	14	14	0.9
id-10212	4	6	15	1.0
id-10213	3	2	15	0.9
id-10214	10	12	17	0.9
id-10215	10	16	14	0.8
id-10216	6	10	7	1.0
id-10217	2	3	22	0.9
id-10218	6	9	21	0.9
id-10219	3	5	3	1.0
id-10220	3	5	8	0.8
id-10221	3	6	4	0.9
id-10222	4	2	12	0.9
id-10223	1	2	11	1.0
id-10224	1	2	15	0.9
id-10225	3	2	17	0.8
id-10226	4	4	25	0.8
id-10227	1	2	15	0.9
id-10228	8	7	17	0.9
id-10229	10	7	3	1.0
id-10230	7	7	24	0.8
id-10231	3	6	26	0.9
id-10232	8	7	6	0.9
id-10233	7	12	17	0.9
id-10234	8	2	8	0.9
id-10235	6	7	4	0.9
id-10236	9	4	19	0.9
id-10237	2	2	30	0.9
id-10238	10	5	7	0.9
id-10239	4	5	12	0.9
id-10240	6	7	30	0.8
id-10241	4	6	1	1.0
id-10242	7	12	10	0.9
id-10243	6	2	11	1.0
id-10244	7	13	19	0.9
id-10245	4	5	3	0.9
id-10246	10	19	11	0.8
id-10247	7	3	18	0.9
id-10248	6	4	22	1.0
id-10249	10	3	14	0.9
id-10250	4	4	27	0.9
id-10251	2	2	12	0.8
id-10252	3	3	12	0.8
id-10253	2	3	12	1.0
id-10254	2	2	11	0.9
id-10255	6	9	29	0.8
id-10256	3	3	2	0.9
id-10257	5	4	1	0.9
id-10258	8	4	5	1.0
id-10259	4	2	7	0.9
id-10260	8	13	12	0.9
id-10261	1	2	7	1.0
id-10262	9	18	20	0.9
id-10263	1	2	23	0.9
id-10264	10	15	21	0.9
id-10265	1	2	9	0.9
id-10266	5	4	11	0.9
id-10267	7	13	10	1.0
id-10268	3	2	6	0.9
id-10269	2	4	9	0.9
id-10270	3	4	25	0.8
id-10271	5	10	19	0.9
id-10272	5	3	14	1.0
id-10273	2	3	28	0.9
id-10274	1	2	6	0.9
id-10275	5	4	10	0.9
id-10276	7	12	16	0.8
id-10277	7	2	4	1.0
id-10278	1	2	22	0.9
id-10279	1	2	18	1.0
id-10280	3	5	28	0.8
id-10281	4	8	30	0.8
id-10282	8	5	22	0.9
id-10283	6	2	13	1.0
id-10284	4	4	12	1.0
id-10285	10	17	24	0.9
id-10286	5	2	1	0.9
id-10287	3	5	12	1.0
id-10288	10	14	5	0.9
id-10289	5	5	13	0.8
id-10290	8	9	7	0.9
id-10291	2	2	28	0.9
id-10292	6	11	23	0.9
id-10293	10	3	1	0.9
id-10294	5	6	2	1.0
id-10295	3	4	14	0.9
id-10296	3	4	11	1.0
id-10297	1	2	29	1.0
id-10298	4	8	4	0.9
id-10299	9	6	8	0.8
id-10300	8	8	22	0.8
id-10301	3	2	25	0.8
id-10302	8	14	17	0.8
id-10303	9	3	28	0.9
id-10304	1	2	13	0.9
id-10305	8	14	20	0.9
id-10306	3	6	22	1.0
id-10307	3	2	5	0.8
id-10308	10	12	29	1.0
id-10309	7	13	9	0.8
id-10310	9	10	5	0.8
id-10311	1	2	5	1.0
id-10312	6	11	15	0.9
id-10313	3	4	10	0.9
id-10314	8	11	17	0.8
id-10315	6	7	4	0.9
id-10316	6	8	9	1.0
id-10317	3	3	26	1.0
id-10318	1	2	17	0.8
id-10319	2	2	13	0.8
id-10320	7	6	3	0.9
id-10321	5	9	15	0.8
id-10322	7	11	24	0.8
id-10323	1	2	12	0.9
id-10324	6	12	9	0.8
id-10325	1	2	23	0.9
id-10326	8	14	3	1.0
id-10327	2	3	10	0.8
id-10328	1	2	8	0.9
id-10329	10	13	3	0.9
id-10330	7	14	2	0.8
id-10331	1	2	18	0.8
id-10332	8	9	23	0.9
id-10333	9	5	27	0.8
id-10334	10	19	19	1.0
id-10335	4	4	27	1.0
id-10336	9	12	19	0.9
id-10337	4	7	11	0.9
id-10338	5	7	2	0.9
id-10339	6	10	19	0.9
id-10340	8	7	6	0.9
id-10341	8	13	8	1.0
id-10342	1	2	3	1.0
id-10343	4	2	17	1.0
id-10344	4	5	20	1.0
id-10345	7	3	27	0.8
id-10346	3	5	26	0.9
id-10347	9	3	6	1.0
id-10348	6	12	27	1.0
id-10349	5	2	21	0.9
id-10350	6	6	7	1.0
id-10351	9	7	18	1.0
id-10352	3	3	25	0.8
id-10353	1	2	30	1.0
id-10354	7	5	12	1.0
id-10355	4	4	10	0.9
id-10356	1	2	13	0.9
id-10357	1	2	5	0.9
id-10358	8	5	26	0.9
id-10359	2	4	28	0.9
id-10360	9	13	23	1.0
id-10361	4	8	19	0.8
id-10362	2	3	30	0.9
id-10363	1	2	3	0.9
id-10364	7	10	1	1.0
id-10365	5	10	23	0.9
id-10366	10	19	10	0.9
id-10367	1	2	18	0.9
id-10368	10	2	7	0.9
id-10369	7	9	10	1.0
id-10370	10	19	3	1.0
id-10371	6	5	5	0.9
id-10372	8	3	8	1.0
id-10373	6	2	30	0.9
id-10374	10	3	9	1.0
id-10375	7	12	13	0.9
id-10376	1	2	19	0.9
id-10377	10	12	2	0.8
id-10378	9	10	27	1.0
id-10379	8	13	24	0.9
id-10380	5	6	26	0.8
id-10381	7	8	13	1.0
id-10382	7	9	29	0.9
id-10383	9	11	23	0.9
id-10384	10	17	3	0.9
id-10385	1	2	26	0.9
id-10386	2	2	11	0.9
id-10387	5	5	13	0.9
id-10388	10	12	21	0.9
id-10389	10	16	2	0.9
id-10390	7	14	22	0.9
id-10391	1	2	5	1.0
id-10392	4	3	1	1.0
id-10393	7	3	15	1.0
id-10394	6	4	9	0.9
id-10395	2	2	7	0.9
id-10396	8	6	20	0.9
id-10397	4	3	24	1.0
id-10398	2	4	9	0.9
id-10399	4	6	21	0.9
id-10400	2	2	19	0.8
id-10401	9	12	10	0.8
id-10402	6	5	3	0.9
id-10403	4	6	20	1.0
id-10404	9	3	12	1.0
id-10405	9	11	15	0.9
id-10406	3	5	11	0.9
id-10407	3	2	22	0.9
id-10408	2	4	7	0.8
id-10409	5	8	16	0.8
id-10410	3	4	18	0.9
id-10411	8	11	8	0.9
id-10412	4	3	3	0.9
id-10413	5	8	18	0.9
id-10414	3	5	7	0.9
id-10415	2	3	23	1.0
id-10416	10	14	23	1.0
id-10417	9	9	6	1.0
id-10418	6	4	23	0.8
id-10419	7	7	21	0.9
id-10420	7	2	29	0.8
id-10421	1	2	1	0.9
id-10422	3	3	30	0.8
id-10423	6	12	18	0.8
id-10424	9	5	21	1.0
id-10425	1	2	18	0.8
id-10426	10	16	7	0.9
id-10427	10	8	2	1.0
id-10428	8	7	22	0.9
id-10429	3	5	19	0.9
id-10430	2	4	17	0.9
id-10431	5	7	23	0.9
id-10432	9	6	29	1.0
id-10433	8	4	15	1.0
id-10434	9	2	3	0.9
id-10435	2	4	22	1.0
id-10436	7	7	4	0.8
id-10437	5	6	10	0.8
id-10438	3	6	17	0.8
id-10439	3	5	4	0.9
id-10440	1	2	15	0.9
id-10441	5	3	27	0.9
id-10442	3	4	16	0.9
id-10443	6	8	20	0.9
id-10444	9	11	27	1.0
id-10445	4	2	18	1.0
id-10446	4	6	16	0.9
id-10447	6	3	18	1.0
id-10448	9	18	19	1.0
id-10449	3	6	30	0.8
id-10450	5	6	16	0.9
id-10451	7	14	11	0.9
id-10452	5	7	9	1.0
id-10453	10	15	13	0.9
id-10454	10	4	14	0.9
id-10455	10	3	5	0.9
id-10456	2	2	20	0.9
id-10457	3	3	25	1.0
id-10458	8	8	21	0.9
id-10459	3	2	16	0.9
id-10460	2	2	23	1.0
id-10461	8	10	6	0.9
id-10462	1	2	19	1.0
id-10463	4	7	19	0.9
id-10464	10	14	13	1.0
id-10465	1	2	28	0.9
id-10466	5	7	12	0.8
id-10467	2	4	29	1.0
id-10468	7	4	13	1.0
id-10469	9	8	26	0.9
id-10470	5	7	24	0.9
id-10471	4	5	28	0.8
id-10472	7	7	29	0.9
id-10473	3	6	10	1.0
id-10474	9	17	17	1.0
id-10475	7	6	7	0.9
id-10476	2	3	23	0.8
id-10477	6	3	19	0.9
id-10478	1	2	14	0.9
id-10479	9	18	30	0.9
id-10480	3	6	7	0.9
id-10481	5	9	18	0.9
id-10482	1	2	29	1.0
id-10483	8	4	30	0.9
id-10484	2	2	18	0.8
id-10485	2	3	5	0.9
id-10486	6	6	4	0.9
id-10487	8	16	8	0.8
id-10488	3	2	3	0.8
id-10489	7	2	25	1.0
id-10490	10	14	29	0.9
id-10491	5	5	3	0.9
id-10492	3	5	3	0.8
id-10493	3	3	3	0.8
id-10494	6	12	29	0.8
id-10495	3	5	13	0.8
id-10496	6	8	18	1.0
id-10497	3	5	26	0.9
id-10498	7	11	3	1.0
id-10499	4	5	21	1.0
id-10500	10	5	15	0.9
id-10501	1	2	8	1.0
id-10502	3	6	12	0.9
id-10503	1	2	12	1.0
id-10504	5	7	12	0.9
id-10505	3	2	1	0.9
id-10506	6	12	16	1.0
id-10507	9	5	24	0.9
id-10508	8	13	30	0.8
id-10509	2	4	2	0.9
id-10510	4	3	13	0.9
id-10511	3	3	3	0.8
id-10512	1	2	10	0.9
id-10513	6	7	7	1.0
id-10514	7	6	30	0.8
id-10515	5	2	20	0.9
id-10516	4	8	3	1.0
id-10517	8	14	16	1.0
id-10518	6	5	9	1.0
id-10519	6	2	8	0.8
id-10520	10	10	13	0.9
id-10521	2	4	23	0.9
id-10522	7	12	5	0.8
id-10523	1	2	30	0.9
id-10524	9	5	13	0.9
id-10525	2	4	18	0.9
id-10526	10	10	9	0.8
id-10527	3	3	13	0.9
id-10528	1	2	14	0.9
id-10529	8	12	12	1.0
id-10530	2	3	25	0.9
id-10531	4	2	25	0.9
id-10532	3	5	3	0.8
id-10533	9	9	27	0.9
id-10534	8	10	26	0.8
id-10535	3	4	17	0.9
id-10536	5	10	24	0.9
id-10537	2	2	19	0.9
id-10538	10	10	5	0.9
id-10539	2	4	14	1.0
id-10540	1	2	11	0.9
id-10541	9	10	29	0.9
id-10542	5	5	1	1.0
id-10543	4	7	16	0.9
id-10544	6	9	9	0.9
id-10545	4	6	20	0.9
id-10546	4	6	16	0.9
id-10547	7	13	6	0.9
id-10548	6	7	29	0.9
id-10549	10	17	26	0.9
id-10550	10	19	24	0.8
id-10551	5	5	1	0.9
id-10552	9	9	1	0.9
id-10553	4	5	5	0.9
id-10554	5	6	3	0.8
id-10555	2	3	15	0.8
id-10556	7	3	27	0.9
id-10557	7	14	19	0.9
id-10558	9	8	13	0.9
id-10559	1	2	29	1.0
id-10560	1	2	8	0.8
id-10561	4	2	25	0.9
id-10562	6	9	9	0.9
id-10563	8	15	26	0.8
id-10564	3	5	20	0.9
id-10565	8	8	23	0.9
id-10566	8	4	6	0.9
id-10567	7	11	1	0.9
id-10568	5	10	17	1.0
id-10569	9	12	26	0.9
id-10570	8	2	7	0.8
id-10571	10	2	18	0.8
id-10572	4	2	18	0.9
id-10573	8	11	17	0.8
id-10574	7	14	5	0.9
id-10575	8	10	21	1.0
id-10576	2	2	17	0.8
id-10577	3	2	23	0.9
id-10578	10	14	25	0.9
id-10579	6	5	16	0.8
id-10580	3	3	9	0.9
id-10581	9	7	14	0.9
id-10582	10	14	26	0.9
id-10583	3	6	9	0.9
id-10584	6	3	21	1.0
id-10585	9	4	22	1.0
id-10586	2	2	15	0.9
id-10587	10	17	13	0.9
id-10588	3	5	9	1.0
id-10589	2	3	10	0.9
id-10590	6	9	2	0.8
id-10591	8	12	10	0.8
id-10592	7	6	26	0.8
id-10593	5	9	30	1.0
id-10594	10	11	7	1.0
id-10595	1	2	5	0.9
id-10596	3	6	22	0.9
id-10597	5	8	7	1.0
id-10598	7	8	28	0.8
id-10599	4	6	9	0.9
id-10600	6	10	7	0.8
id-10601	7	10	4	0.9
id-10602	7	10	15	0.8
id-10603	2	2	6	0.9
id-10604	2	2	15	0.9
id-10605	4	5	22	0.9
id-10606	10	5	16	1.0
id-10607	4	3	21	0.8
id-10608	2	4	30	0.8
id-10609	5	4	14	0.9
id-10610	6	9	2	1.0
id-10611	6	11	25	1.0
id-10612	7	14	16	0.9
id-10613	1	2	20	0.9
id-10614	2	3	29	0.9
id-10615	6	12	18	0.9
id-10616	2	2	6	0.9
id-10617	3	4	7	0.8
id-10618	6	4	9	0.9
id-10619	7	5	15	0.8
id-10620	9	17	11	1.0
id-10621	10	14	4	0.9
id-10622	3	4	13	0.8
id-10623	1	2	19	1.0
id-10624	9	14	11	0.8
id-10625	6	10	26	0.9
id-10626	10	17	16	0.9
id-10627	5	4	4	0.9
id-10628	2	3	11	0.9
id-10629	6	9	22	0.9
id-10630	1	2	19	0.9
id-10631	6	7	1	1.0
id-10632	5	10	18	0.9
id-10633	6	9	19	0.9
id-10634	6	4	16	0.9
id-10635	4	7	6	0.9
id-10636	5	2	11	0.9
id-10637	10	8	24	0.9
id-10638	6	8	22	1.0
id-10639	10	2	9	0.9
id-10640	7	8	13	0.9
id-10641	4	4	11	0.8
id-10642	1	2	22	0.8
id-10643	10	2	19	0.9
id-10644	4	3	24	0.9
id-10645	10	2	16	1.0
id-10646	2	4	2	0.9
id-10647	5	10	6	0.9
id-10648	9	9	21	0.9
id-10649	4	5	7	0.9
id-10650	8	13	28	0.9
id-10651	8	16	3	0.9
id-10652	3	3	3	1.0
id-10653	5	2	26	0.9
id-10654	9	16	2	0.9
id-10655	4	2	23	0.8
id-10656	9	6	30	1.0
id-10657	7	3	23	0.8
id-10658	4	6	6	0.8
id-10659	5	4	8	0.8
id-10660	4	4	27	1.0
id-10661	10	4	11	0.9
id-10662	3	4	9	1.0
id-10663	9	11	24	1.0
id-10664	10	20	2	0.9
id-10665	8	11	1	1.0
id-10666	10	12	2	0.9
id-10667	2	3	9	0.8
id-10668	7	12	13	0.8
id-10669	4	4	23	0.9
id-10670	8	11	14	0.9
id-10671	6	5	24	0.9
id-10672	6	9	21	0.8
id-10673	5	3	10	0.9
id-10674	3	5	20	1.0
id-10675	6	4	12	0.8
id-10676	8	10	15	1.0
id-10677	8	15	3	0.9
id-10678	1	2	3	0.9
id-10679	2	2	17	0.9
id-10680	6	6	29	1.0
id-10681	1	2	24	0.9
id-10682	8	10	7	0.8
id-10683	2	2	4	0.9
id-10684	5	6	14	0.8
id-10685	6	4	28	0.8
id-10686	8	4	8	0.9
id-10687	8	13	28	0.8
id-10688	7	5	26	0.9
id-10689	2	3	8	0.8
id-10690	4	5	12	0.9
id-10691	10	16	10	0.9
id-10692	6	2	28	0.8
id-10693	8	6	20	1.0
id-10694	7	13	17	0.9
id-10695	1	2	23	0.9
id-10696	8	2	15	1.0
id-10697	2	3	20	1.0
id-10698	8	3	16	1.0
id-10699	4	2	5	1.0
id-10700	8	5	13	0.9
id-10701	7	3	20	0.9
id-10702	4	3	29	0.9
id-10703	4	2	26	0.9
id-10704	8	15	4	0.8
id-10705	1	2	13	0.9
id-10706	9	12	4	1.0
id-10707	2	4	17	0.9
id-10708	1	2	2	0.9
id-10709	2	3	15	0.9
id-10710	2	4	5	0.8
id-10711	3	6	16	0.9
id-10712	8	5	13	0.8
id-10713	1	2	20	1.0
id-10714	5	9	7	1.0
id-10715	1	2	28	0.9
id-10716	8	5	22	0.9
id-10717	3	4	6	1.0
id-10718	8	5	3	1.0
id-10719	6	9	8	0.9
id-10720	6	10	20	1.0
id-10721	3	6	3	0.8
id-10722	2	4	24	0.9
id-10723	2	2	23	0.9
id-10724	10	9	24	1.0
id-10725	10	5	25	0.9
id-10726	10	16	12	0.8
id-10727	4	5	2	1.0
id-10728	5	6	17	0.8
id-10729	1	2	15	1.0
id-10730	5	8	30	0.8
id-10731	10	13	24	0.9
id-10732	10	6	10	0.9
id-10733	2	4	16	0.9
id-10734	1	2	1	0.9
id-10735	9	6	26	1.0
id-10736	9	14	8	1.0
id-10737	9	14	1	0.9
id-10738	10	9	2	1.0
id-10739	5	6	13	1.0
id-10740	4	4	11	1.0
id-10741	1	2	3	0.8
id-10742	10	17	5	1.0
id-10743	8	13	3	0.8
id-10744	1	2	24	0.9
id-10745	7	14	4	0.9
id-10746	7	13	9	0.8
id-10747	1	2	18	1.0
id-10748	3	4	6	1.0
id-10749	4	5	17	0.8
id-10750	7	10	5	1.0
id-10751	1	2	7	0.8
id-10752	6	10	7	0.9
id-10753	2	3	13	0.9
id-10754	8	3	13	0.8
id-10755	5	3	11	0.9
id-10756	9	14	20	0.9
id-10757	3	3	6	0.9
id-10758	10	10	14	1.0
id-10759	4	8	18	0.9
id-10760	1	2	4	1.0
id-10761	7	4	21	1.0
id-10762	2	2	20	0.9
id-10763	3	4	23	0.9
id-10764	7	12	29	0.8
id-10765	7	9	17	0.9
id-10766	8	2	8	0.9
id-10767	9	18	1	0.9
id-10768	1	2	26	1.0
id-10769	4	5	10	1.0
id-10770	2	2	16	0.9
id-10771	2	2	21	0.8
id-10772	9	16	8	0.8
id-10773	10	8	2	0.8
id-10774	4	4	25	1.0
id-10775	9	18	14	0.8
id-10776	1	2	8	0.9
id-10777	7	6	20	0.8
id-10778	3	3	8	0.9
id-10779	4	8	15	1.0
id-10780	1	2	27	0.8
id-10781	4	3	9	0.9
id-10782	6	7	8	1.0
id-10783	2	3	17	0.9
id-10784	8	9	12	0.9
id-10785	3	4	22	1.0
id-10786	8	5	4	0.9
id-10787	3	5	11	0.9
id-10788	10	15	19	0.9
id-10789	3	2	30	0.9
id-10790	5	6	13	0.8
id-10791	6	12	24	0.9
id-10792	8	10	14	1.0
id-10793	1	2	19	1.0
id-10794	1	2	11	1.0
id-10795	10	8	29	1.0
id-10796	8	11	20	0.9
id-10797	1	2	14	1.0
id-10798	2	3	7	0.8
id-10799	1	2	25	0.8
id-10800	2	2	2	0.8
id-10801	8	11	25	0.8
id-10802	7	6	6	0.9
id-10803	3	2	3	0.9
id-10804	6	8	6	1.0
id-10805	10	16	3	0.9
id-10806	8	12	10	0.8
id-10807	1	2	29	0.9
id-10808	5	9	30	0.9
id-10809	3	6	12	0.9
id-10810	3	6	5	0.9
id-10811	2	3	18	1.0
id-10812	9	10	4	0.9
id-10813	4	5	4	0.9
id-10814	2	2	11	0.9
id-10815	2	2	13	1.0
id-10816	6	6	5	0.8
id-10817	4	5	30	1.0
id-10818	10	17	28	1.0
id-10819	8	3	10	0.9
id-10820	8	2	24	0.9
id-10821	6	5	22	0.8
id-10822	7	2	7	0.8
id-10823	8	12	13	0.8
id-10824	10	18	12	0.9
id-10825	2	3	24	0.9
id-10826	3	4	3	1.0
id-10827	1	2	17	0.8
id-10828	2	4	17	0.9
id-10829	2	2	14	0.8
id-10830	6	6	9	0.9
id-10831	3	6	25	1.0
id-10832	6	8	11	0.9
id-10833	1	2	5	0.8
id-10834	9	7	26	0.9
id-10835	8	14	9	0.8
id-10836	7	9	29	1.0
id-10837	2	3	13	0.8
id-10838	8	6	30	0.9
id-10839	6	7	26	0.9
id-10840	4	7	8	1.0
id-10841	6	8	10	1.0
id-10842	1	2	20	0.9
id-10843	6	10	17	0.9
id-10844	9	18	15	0.9
id-10845	1	2	1	0.9
id-10846	10	3	21	0.9
id-10847	1	2	15	0.9
id-10848	3	3	9	0.9
id-10849	9	7	9	0.9
id-10850	3	4	13	0.9
id-10851	6	3	7	1.0
id-10852	1	2	12	1.0
id-10853	6	12	5	0.9
id-10854	10	6	30	0.8
id-10855	1	2	8	1.0
id-10856	7	2	29	0.8
id-10857	3	2	13	0.8
id-10858	8	4	21	0.9
id-10859	1	2	16	0.9
id-10860	10	3	11	0.9
id-10861	5	8	11	0.9
id-10862	7	9	13	0.8
id-10863	4	7	26	1.0
id-10864	2	3	20	0.9
id-10865	3	5	6	0.9
id-10866	4	6	3	0.8
id-10867	10	14	26	0.8
id-10868	7	12	7	1.0
id-10869	2	2	3	1.0
id-10870	5	8	14	0.9
id-10871	8	4	25	1.0
id-10872	3	2	23	1.0
id-10873	8	15	1	1.0
id-10874	8	5	5	0.8
id-10875	5	8	21	1.0
id-10876	9	11	23	0.8
id-10877	8	8	6	0.8
id-10878	9	16	20	1.0
id-10879	10	10	2	0.9
id-10880	4	6	25	0.9
id-10881	3	4	26	0.9
id-10882	4	7	2	0.9
id-10883	7	6	18	0.9
id-10884	1	2	13	0.8
id-10885	3	5	5	1.0
id-10886	10	18	1	1.0
id-10887	10	9	5	0.9
id-10888	2	4	11	0.8
id-10889	2	2	4	0.9
id-10890	6	4	4	0.9
id-10891	5	7	4	0.9
id-10892	6	4	19	0.9
id-10893	9	16	12	1.0
id-10894	10	9	26	0.9
id-10895	3	2	22	1.0
id-10896	6	4	1	0.9
id-10897	10	17	29	0.9
id-10898	8	10	4	0.8
id-10899	8	5	23	0.8
id-10900	6	7	16	0.9
id-10901	5	9	12	0.9
id-10902	10	17	14	1.0
id-10903	10	10	22	0.9
id-10904	6	12	25	1.0
id-10905	6	11	30	0.9
id-10906	8	15	12	0.8
id-10907	2	3	17	1.0
id-10908	8	15	12	0.9
id-10909	9	17	3	1.0
id-10910	9	10	10	0.9
id-10911	3	3	24	0.9
id-10912	4	7	23	0.8
id-10913	6	9	6	1.0
id-10914	10	15	2	1.0
id-10915	6	10	4	1.0
id-10916	8	10	4	0.9
id-10917	1	2	11	0.9
id-10918	4	4	17	0.8
id-10919	8	7	5	0.8
id-10920	3	6	2	0.9
id-10921	6	7	17	0.9
id-10922	9	6	8	1.0
id-10923	8	5	3	0.9
id-10924	10	18	19	0.9
id-10925	7	2	13	0.9
id-10926	6	4	26	0.8
id-10927	1	2	14	0.8
id-10928	3	5	17	0.9
id-10929	7	6	2	1.0
id-10930	5	10	16	0.9
id-10931	10	3	4	0.9
id-10932	9	18	27	0.8
id-10933	5	3	22	0.9
id-10934	6	11	17	0.9
id-10935	5	4	22	0.8
id-10936	10	17	12	1.0
id-10937	2	4	22	0.8
id-10938	10	14	11	0.8
id-10939	6	8	28	0.8
id-10940	8	4	5	0.9
id-10941	3	2	4	0.9
id-10942	9	18	11	0.9
id-10943	9	10	28	0.9
id-10944	3	4	23	1.0
id-10945	4	5	28	0.8
id-10946	5	5	20	0.8
id-10947	1	2	14	0.8
id-10948	8	16	4	0.9
id-10949	6	10	18	0.8
id-10950	10	7	4	1.0
id-10951	2	4	14	1.0
id-10952	5	3	22	0.9
id-10953	10	7	3	0.9
id-10954	10	9	26	0.9
id-10955	2	4	13	0.9
id-10956	4	2	21	0.9
id-10957	2	3	6	1.0
id-10958	6	12	18	0.9
id-10959	9	4	12	0.9
id-10960	2	4	1	1.0
id-10961	9	7	16	1.0
id-10962	8	4	9	0.9
id-10963	8	7	16	0.8
id-10964	5	4	1	0.8
id-10965	7	9	24	0.8
id-10966	6	4	17	0.9
id-10967	8	6	1	0.9
id-10968	10	16	12	0.9
id-10969	5	10	7	0.8
id-10970	10	19	11	0.8
id-10971	10	10	18	0.8
id-10972	7	6	30	0.9
id-10973	5	9	1	0.8
id-10974	6	3	26	0.8
id-10975	4	6	4	0.9
id-10976	6	4	18	0.8
id-10977	7	14	18	0.8
id-10978	2	4	25	1.0
id-10979	6	11	21	1.0
id-10980	9	6	1	0.9
id-10981	8	15	11	0.8
id-10982	8	8	11	0.8
id-10983	5	8	6	0.9
id-10984	6	9	5	0.8
id-10985	8	16	13	0.8
id-10986	6	2	18	1.0
id-10987	7	12	17	0.9
id-10988	2	2	25	0.9
id-10989	7	3	21	0.9
id-10990	8	12	21	1.0
id-10991	9	4	6	0.8
id-10992	9	3	30	0.9
id-10993	5	9	25	0.8
id-10994	8	16	14	0.8
id-10995	8	3	10	1.0
id-10996	3	2	7	0.8
id-10997	8	10	30	0.9
id-10998	2	2	10	0.8
id-10999	4	8	23	1.0
id-11000	4	8	11	0.9
id-11001	2	4	6	1.0
id-11002	5	9	10	0.8
id-11003	6	11	13	0.9
id-11004	6	8	13	1.0
id-11005	9	16	27	1.0
id-11006	7	9	25	0.9
id-11007	4	6	27	0.9
id-11008	4	3	10	0.8
id-11009	10	14	8	0.9
id-11010	1	2	1	0.9
id-11011	5	10	19	0.9
id-11012	4	8	2	0.9
id-11013	5	10	2	0.9
id-11014	6	3	14	1.0
id-11015	6	8	4	0.9
id-11016	3	3	22	0.8
id-11017	8	5	6	0.9
id-11018	8	7	17	0.8
id-11019	10	6	4	0.9
id-11020	8	4	25	0.9
id-11021	1	2	23	0.9
id-11022	9	10	15	0.8
id-11023	5	4	15	0.8
id-11024	7	10	23	0.9
id-11025	8	14	14	0.8
id-11026	7	2	14	1.0
id-11027	5	3	8	0.9
id-11028	4	3	3	0.9
id-11029	10	12	8	1.0
id-11030	1	2	20	0.8
id-11031	7	9	26	0.8
id-11032	3	5	23	1.0
id-11033	1	2	12	1.0
id-11034	9	12	10	0.9
id-11035	7	14	3	0.9
id-11036	3	5	17	0.9
id-11037	3	5	6	0.9
id-11038	2	3	23	0.9
id-11039	3	4	30	0.9
id-11040	2	3	30	0.9
id-11041	10	12	2	0.9
id-11042	4	6	10	0.8
id-11043	8	13	20	0.9
id-11044	1	2	22	0.8
id-11045	7	6	24	0.9
id-11046	6	7	10	1.0
id-11047	7	7	24	0.9
id-11048	8	4	14	0.8
id-11049	4	3	14	0.8
id-11050	3	2	9	0.9
id-11051	7	6	14	1.0
id-11052	10	11	16	0.9
id-11053	6	4	19	1.0
id-11054	4	5	16	1.0
id-11055	2	2	3	0.9
id-11056	4	8	7	0.8
id-11057	6	7	1	1.0
id-11058	4	6	22	0.8
id-11059	3	4	19	0.9
id-11060	4	2	27	0.8
id-11061	8	5	8	0.9
id-11062	3	3	25	1.0
id-11063	4	8	9	0.9
id-11064	7	4	26	0.9
id-11065	10	7	26	0.9
id-11066	2	2	24	1.0
id-11067	4	3	13	0.9
id-11068	6	9	10	0.9
id-11069	10	5	8	0.9
id-11070	4	6	30	0.9
id-11071	1	2	5	0.9
id-11072	3	4	11	0.9
id-11073	1	2	19	0.8
id-11074	1	2	16	0.9
id-11075	4	5	15	0.9
id-11076	9	10	19	0.8
id-11077	4	6	21	0.9
id-11078	1	2	20	0.9
id-11079	7	3	30	0.9
id-11080	6	6	1	1.0
id-11081	5	10	17	1.0
id-11082	1	2	18	0.9
id-11083	7	7	27	1.0
id-11084	2	4	1	0.8
id-11085	10	14	6	0.9
id-11086	6	7	19	1.0
id-11087	1	2	8	0.9
id-11088	2	2	25	1.0
id-11089	10	15	20	0.9
id-11090	3	4	20	1.0
id-11091	4	5	23	1.0
id-11092	1	2	6	1.0
id-11093	6	6	22	0.9
id-11094	5	7	9	0.9
id-11095	7	8	19	1.0
id-11096	6	7	2	1.0
id-11097	6	6	9	0.9
id-11098	7	4	13	0.8
id-11099	5	3	7	0.9
id-11100	3	4	1	0.9
id-11101	4	8	20	0.9
id-11102	10	11	5	0.9
id-11103	8	6	25	1.0
id-11104	8	12	15	0.9
id-11105	4	2	4	0.9
id-11106	7	3	1	0.9
id-11107	6	7	14	0.8
id-11108	5	2	2	0.9
id-11109	7	13	21	0.9
id-11110	10	14	4	0.9
id-11111	5	10	11	1.0
id-11112	9	11	23	0.8
id-11113	5	3	1	0.9
id-11114	1	2	14	1.0
id-11115	7	13	1	0.8
id-11116	6	12	30	1.0
id-11117	5	10	28	0.9
id-11118	6	7	26	0.9
id-11119	8	3	3	0.8
id-11120	2	3	15	0.9
id-11121	7	13	11	0.9
id-11122	8	14	10	0.9
id-11123	6	11	13	0.9
id-11124	4	8	11	0.9
id-11125	1	2	9	0.8
id-11126	3	5	4	0.9
id-11127	6	5	12	0.9
id-11128	5	9	9	0.9
id-11129	9	3	6	0.9
id-11130	7	13	25	0.8
id-11131	7	7	9	0.9
id-11132	3	6	11	1.0
id-11133	2	3	23	0.8
id-11134	3	5	1	0.9
id-11135	1	2	12	0.9
id-11136	4	4	7	0.9
id-11137	8	13	15	1.0
id-11138	1	2	9	0.8
id-11139	1	2	28	0.8
id-11140	6	5	8	0.8
id-11141	7	11	22	0.8
id-11142	2	2	22	1.0
id-11143	5	7	19	1.0
id-11144	9	10	6	1.0
id-11145	4	5	7	0.9
id-11146	7	10	25	0.9
id-11147	10	5	8	0.8
id-11148	5	2	13	1.0
id-11149	4	7	17	0.9
id-11150	8	6	7	0.9
id-11151	10	14	19	0.9
id-11152	9	14	18	0.9
id-11153	2	2	22	0.8
id-11154	2	4	8	0.9
id-11155	4	6	13	0.8
id-11156	3	5	15	1.0
id-11157	5	2	19	0.9
id-11158	5	7	6	0.9
id-11159	9	15	16	1.0
id-11160	7	5	28	0.9
id-11161	7	8	11	1.0
id-11162	4	8	14	0.9
id-11163	6	7	4	0.9
id-11164	1	2	12	0.9
id-11165	8	16	24	1.0
id-11166	1	2	7	1.0
id-11167	4	3	29	0.9
id-11168	1	2	10	1.0
id-11169	2	3	15	0.9
id-11170	5	2	23	1.0
id-11171	1	2	17	0.9
id-11172	6	2	6	0.8
id-11173	9	12	21	1.0
id-11174	3	3	4	1.0
id-11175	2	3	9	0.8
id-11176	4	3	4	0.9
id-11177	9	11	22	0.8
id-11178	3	5	8	0.8
id-11179	9	8	9	1.0
id-11180	6	4	30	1.0
id-11181	4	5	10	0.9
id-11182	9	18	15	0.9
id-11183	5	9	12	1.0
id-11184	1	2	13	0.9
id-11185	2	2	4	0.9
id-11186	8	2	16	0.8
id-11187	10	19	6	1.0
id-11188	3	2	24	0.9
id-11189	4	3	1	0.9
id-11190	1	2	10	0.8
id-11191	10	13	15	1.0
id-11192	9	7	24	0.8
id-11193	6	10	17	1.0
id-11194	3	2	15	0.8
id-11195	3	3	23	0.9
id-11196	3	3	24	0.8
id-11197	2	4	28	1.0
id-11198	6	4	19	1.0
id-11199	5	7	12	1.0
id-11200	8	11	5	0.9
id-11201	10	8	3	0.9
id-11202	2	3	14	1.0
id-11203	5	4	17	0.9
id-11204	6	10	16	0.8
id-11205	6	12	7	0.8
id-11206	2	2	3	0.9
id-11207	10	11	25	1.0
id-11208	3	4	6	0.8
id-11209	8	10	15	1.0
id-11210	1	2	15	0.9
id-11211	6	6	16	0.9
id-11212	6	3	2	0.9
id-11213	9	12	2	1.0
id-11214	1	2	27	0.9
id-11215	1	2	2	1.0
id-11216	10	3	22	1.0
id-11217	10	19	30	1.0
id-11218	9	13	9	0.9
id-11219	8	6	9	0.8
id-11220	2	3	11	0.8
id-11221	6	12	10	0.9
id-11222	6	2	3	0.9
id-11223	3	2	13	1.0
id-11224	3	4	27	0.9
id-11225	8	16	2	0.9
id-11226	1	2	13	0.9
id-11227	9	13	5	0.9
id-11228	4	5	12	0.9
id-11229	6	11	5	0.9
id-11230	8	16	16	1.0
id-11231	5	5	13	0.9
id-11232	1	2	10	1.0
id-11233	6	5	30	0.8
id-11234	7	4	22	1.0
id-11235	3	3	24	1.0
id-11236	5	10	4	0.9
id-11237	7	7	28	0.8
id-11238	10	12	10	0.9
id-11239	8	6	7	1.0
id-11240	6	11	3	0.9
id-11241	1	2	24	1.0
id-11242	6	2	17	0.9
id-11243	8	15	8	0.9
id-11244	7	11	4	1.0
id-11245	4	4	22	0.9
id-11246	5	3	30	0.9
id-11247	4	8	14	0.9
id-11248	3	6	14	0.9
id-11249	10	14	30	0.9
id-11250	8	3	19	0.9
id-11251	8	7	22	0.8
id-11252	7	14	19	0.9
id-11253	7	10	30	0.9
id-11254	4	5	18	0.9
id-11255	4	5	22	0.8
id-11256	5	3	25	0.9
id-11257	6	4	13	0.8
id-11258	5	10	11	0.9
id-11259	8	15	21	0.9
id-11260	6	11	17	1.0
id-11261	3	6	13	1.0
id-11262	5	4	9	0.8
id-11263	1	2	12	0.9
id-11264	5	2	6	0.8
id-11265	10	19	24	0.9
id-11266	3	5	7	0.9
id-11267	4	5	30	0.9
id-11268	5	2	22	0.8
id-11269	10	15	18	0.9
id-11270	9	4	25	0.9
id-11271	10	2	22	0.9
id-11272	5	6	13	0.8
id-11273	8	3	29	0.9
id-11274	7	3	7	0.9
id-11275	1	2	2	1.0
id-11276	10	4	5	0.9
id-11277	8	15	27	0.9
id-11278	4	2	14	0.9
id-11279	6	2	10	0.9
id-11280	1	2	14	1.0
id-11281	3	3	10	0.9
id-11282	6	10	22	0.9
id-11283	1	2	22	1.0
id-11284	6	4	19	0.8
id-11285	4	2	2	0.9
id-11286	8	16	8	0.8
id-11287	9	14	26	0.8
id-11288	8	2	29	0.8
id-11289	1	2	8	0.9
id-11290	7	11	27	0.9
id-11291	3	2	6	0.9
id-11292	1	2	11	0.9
id-11293	3	6	17	0.8
id-11294	2	3	7	0.9
id-11295	5	7	8	0.9
id-11296	8	10	30	0.9
id-11297	5	5	29	0.9
id-11298	9	2	27	0.9
id-11299	1	2	20	0.8
id-11300	4	8	13	0.8
id-11301	4	3	15	0.9
id-11302	8	3	3	0.8
id-11303	9	5	10	1.0
id-11304	1	2	7	0.8
id-11305	2	4	17	0.9
id-11306	5	5	14	0.9
id-11307	1	2	9	0.9
id-11308	10	15	10	0.8
id-11309	9	12	13	0.9
id-11310	1	2	2	0.8
id-11311	6	4	28	0.8
id-11312	5	9	25	0.8
id-11313	5	9	22	0.9
id-11314	6	11	7	1.0
id-11315	4	8	2	0.9
id-11316	5	4	30	0.9
id-11317	7	3	28	1.0
id-11318	6	2	17	0.9
id-11319	4	3	26	0.8
id-11320	3	5	20	1.0
id-11321	5	10	8	0.8
id-11322	4	3	3	0.8
id-11323	9	2	20	0.9
id-11324	2	2	7	0.9
id-11325	5	2	19	1.0
id-11326	9	14	22	0.9
id-11327	6	11	17	0.9
id-11328	10	10	18	0.9
id-11329	8	10	4	0.9
id-11330	5	9	23	1.0
id-11331	3	2	3	0.8
id-11332	4	3	29	0.8
id-11333	7	12	15	0.9
id-11334	5	5	4	0.9
id-11335	8	9	20	0.9
id-11336	6	12	29	1.0
id-11337	6	8	17	0.9
id-11338	1	2	7	0.9
id-11339	4	8	23	0.9
id-11340	9	16	9	0.9
id-11341	3	4	26	0.9
id-11342	5	3	2	0.9
id-11343	3	6	5	0.8
id-11344	1	2	12	0.9
id-11345	1	2	21	0.9
id-11346	4	3	10	0.9
id-11347	4	6	17	0.8
id-11348	5	8	28	0.9
id-11349	10	2	29	1.0
id-11350	3	6	29	0.9
id-11351	2	2	14	0.8
id-11352	1	2	28	1.0
id-11353	3	3	26	0.9
id-11354	6	3	1	0.8
id-11355	5	4	23	0.9
id-11356	10	19	17	0.8
id-11357	2	4	10	1.0
id-11358	8	12	11	0.9
id-11359	1	2	18	1.0
id-11360	2	4	7	0.8
id-11361	8	8	11	1.0
id-11362	3	2	4	0.9
id-11363	10	4	25	1.0
id-11364	5	4	21	0.8
id-11365	7	11	13	1.0
id-11366	8	7	24	1.0
id-11367	5	10	22	1.0
id-11368	3	5	16	1.0
id-11369	7	7	22	0.9
id-11370	6	10	2	0.9
id-11371	7	7	18	0.8
id-11372	4	8	30	0.9
id-11373	7	11	27	0.8
id-11374	3	4	2	0.9
id-11375	2	4	30	0.9
id-11376	5	10	12	0.8
id-11377	4	6	23	0.9
id-11378	10	19	26	1.0
id-11379	10	14	23	0.9
id-11380	8	16	6	0.9
id-11381	2	3	3	0.9
id-11382	1	2	22	0.9
id-11383	10	8	5	0.9
id-11384	1	2	8	0.9
id-11385	6	6	30	1.0
id-11386	9	4	21	0.9
id-11387	8	7	26	0.9
id-11388	5	3	26	0.8
id-11389	8	6	25	0.9
id-11390	3	3	22	0.8
id-11391	2	3	22	0.8
id-11392	6	6	8	0.9
id-11393	4	3	16	0.8
id-11394	1	2	3	1.0
id-11395	8	3	3	1.0
id-11396	3	4	25	0.8
id-11397	3	6	12	0.9
id-11398	6	6	21	0.8
id-11399	10	2	22	0.9
id-11400	8	11	10	0.8
id-11401	10	4	4	1.0
id-11402	8	16	22	0.8
id-11403	9	18	3	0.8
id-11404	1	2	26	0.9
id-11405	6	8	2	0.9
id-11406	8	5	26	0.8
id-11407	1	2	24	0.9
id-11408	2	3	20	0.8
id-11409	9	16	6	0.9
id-11410	10	5	20	0.9
id-11411	2	4	4	0.9
id-11412	3	5	9	0.9
id-11413	2	4	10	0.8
id-11414	5	7	11	1.0
id-11415	5	2	22	0.9
id-11416	6	7	7	1.0
id-11417	1	2	14	0.8
id-11418	3	2	22	0.9
id-11419	4	8	3	0.9
id-11420	6	7	19	0.9
id-11421	2	2	28	0.9
id-11422	6	4	29	0.9
id-11423	10	7	12	0.8
id-11424	5	10	23	0.9
id-11425	5	5	17	0.9
id-11426	7	4	27	0.8
id-11427	5	10	21	0.8
id-11428	8	10	4	0.9
id-11429	5	3	18	1.0
id-11430	6	3	22	0.9
id-11431	1	2	4	0.9
id-11432	5	8	6	0.9
id-11433	8	8	24	0.9
id-11434	2	4	2	1.0
id-11435	10	7	2	0.9
id-11436	9	3	27	0.9
id-11437	10	9	8	0.9
id-11438	6	4	25	0.9
id-11439	3	2	22	0.8
id-11440	1	2	30	1.0
id-11441	8	16	13	0.9
id-11442	10	10	18	0.9
id-11443	5	3	13	1.0
id-11444	10	16	30	1.0
id-11445	10	17	22	0.8
id-11446	6	3	14	0.9
id-11447	6	3	16	0.9
id-11448	10	17	25	0.8
id-11449	8	14	13	0.9
id-11450	4	2	18	0.8
id-11451	4	8	13	1.0
id-11452	10	17	24	0.9
id-11453	1	2	26	0.9
id-11454	10	7	17	0.9
id-11455	8	15	4	1.0
id-11456	5	9	4	1.0
id-11457	8	13	17	1.0
id-11458	4	3	10	1.0
id-11459	1	2	25	1.0
id-11460	5	5	20	0.8
id-11461	7	10	1	0.8
id-11462	7	3	17	0.9
id-11463	9	13	18	0.9
id-11464	8	12	5	1.0
id-11465	10	19	28	0.9
id-11466	10	8	20	1.0
id-11467	9	17	3	0.9
id-11468	1	2	7	1.0
id-11469	9	8	30	0.8
id-11470	3	5	27	0.9
id-11471	2	3	29	0.8
id-11472	10	10	26	1.0
id-11473	3	4	13	0.9
id-11474	10	12	4	1.0
id-11475	3	5	1	1.0
id-11476	9	17	11	0.9
id-11477	6	5	12	1.0
id-11478	6	6	7	0.9
id-11479	8	5	11	0.8
id-11480	6	6	2	0.8
id-11481	5	6	1	0.8
id-11482	8	11	16	0.8
id-11483	10	9	8	0.9
id-11484	7	13	25	1.0
id-11485	10	6	9	0.9
id-11486	4	5	20	0.9
id-11487	3	6	5	0.9
id-11488	9	17	7	0.9
id-11489	5	7	29	0.8
id-11490	1	2	13	1.0
id-11491	5	2	18	0.9
id-11492	7	10	22	0.9
id-11493	2	2	27	1.0
id-11494	7	2	1	1.0
id-11495	2	2	29	0.9
id-11496	1	2	5	1.0
id-11497	6	10	20	0.9
id-11498	2	3	28	1.0
id-11499	3	3	12	0.9
id-11500	1	2	8	1.0
id-11501	9	6	25	0.9
id-11502	9	14	13	0.9
id-11503	5	8	13	0.9
id-11504	5	5	25	0.9
id-11505	5	8	30	0.9
id-11506	8	14	29	0.8
id-11507	5	3	19	0.8
id-11508	9	16	1	0.8
id-11509	5	5	15	0.8
id-11510	4	4	15	0.8
id-11511	9	11	12	0.9
id-11512	10	5	22	0.9
id-11513	5	3	15	0.9
id-11514	1	2	18	0.8
id-11515	5	6	3	0.9
id-11516	2	4	13	0.9
id-11517	10	10	16	0.9
id-11518	7	10	6	0.8
id-11519	5	5	4	1.0
id-11520	3	3	24	1.0
id-11521	1	2	12	0.9
id-11522	8	6	28	1.0
id-11523	9	4	2	0.9
id-11524	8	8	26	0.8
id-11525	8	12	24	1.0
id-11526	3	2	30	0.9
id-11527	10	11	28	0.8
id-11528	3	3	5	0.8
id-11529	4	7	12	0.9
id-11530	3	4	20	0.9
id-11531	6	11	16	1.0
id-11532	8	13	2	0.8
id-11533	7	5	30	0.9
id-11534	2	3	3	1.0
id-11535	3	2	11	0.9
id-11536	2	2	10	1.0
id-11537	4	3	16	0.9
id-11538	7	12	5	0.9
id-11539	1	2	29	1.0
id-11540	6	6	1	1.0
id-11541	8	6	7	1.0
id-11542	5	6	16	0.8
id-11543	1	2	10	0.9
id-11544	1	2	4	0.9
id-11545	9	9	24	1.0
id-11546	2	2	16	0.9
id-11547	4	3	25	0.9
id-11548	5	9	10	0.9
id-11549	5	6	21	0.9
id-11550	10	11	30	1.0
id-11551	7	2	1	0.8
id-11552	3	3	10	0.8
id-11553	8	10	23	0.9
id-11554	7	4	12	0.9
id-11555	1	2	19	0.9
id-11556	9	8	24	0.9
id-11557	7	4	21	1.0
id-11558	9	14	15	0.9
id-11559	9	5	11	0.9
id-11560	3	3	17	0.9
id-11561	2	4	17	0.9
id-11562	1	2	20	0.9
id-11563	1	2	2	0.9
id-11564	10	8	6	0.9
id-11565	10	8	18	0.9
id-11566	10	17	10	0.9
id-11567	5	8	17	0.8
id-11568	9	18	5	0.9
id-11569	9	15	6	0.8
id-11570	7	7	4	0.9
id-11571	1	2	27	0.9
id-11572	10	4	14	1.0
id-11573	2	3	5	0.8
id-11574	7	9	14	1.0
id-11575	8	14	8	0.8
id-11576	9	7	4	0.9
id-11577	9	6	2	0.8
id-11578	3	6	19	1.0
id-11579	2	3	18	0.8
id-11580	4	2	22	0.9
id-11581	10	19	26	0.9
id-11582	8	2	28	0.8
id-11583	3	6	22	0.8
id-11584	1	2	3	1.0
id-11585	7	8	30	0.9
id-11586	2	2	14	1.0
id-11587	6	2	21	1.0
id-11588	2	4	6	0.8
id-11589	8	2	23	0.8
id-11590	9	10	11	0.9
id-11591	6	6	29	0.9
id-11592	4	7	25	1.0
id-11593	5	2	25	0.8
id-11594	1	2	21	0.8
id-11595	4	2	1	0.8
id-11596	10	13	30	1.0
id-11597	8	6	3	0.9
id-11598	8	11	4	0.9
id-11599	1	2	20	0.9
id-11600	2	3	18	0.9
id-11601	10	16	4	0.9
id-11602	9	12	22	1.0
id-11603	3	5	6	0.9
id-11604	2	3	29	0.9
id-11605	9	15	6	0.9
id-11606	8	3	27	0.9
id-11607	2	4	29	1.0
id-11608	3	4	27	0.8
id-11609	2	2	11	0.8
id-11610	4	5	9	0.8
id-11611	10	11	18	0.9
id-11612	9	5	5	0.8
id-11613	2	4	26	0.8
id-11614	7	11	13	0.8
id-11615	5	9	30	1.0
id-11616	3	5	24	0.9
id-11617	6	2	3	0.9
id-11618	5	5	24	0.9
id-11619	4	7	22	0.9
id-11620	6	8	10	1.0
id-11621	1	2	24	0.9
id-11622	5	5	28	0.9
id-11623	2	4	19	1.0
id-11624	8	15	29	0.9
id-11625	9	2	30	0.9
id-11626	7	3	7	1.0
id-11627	8	13	17	0.8
id-11628	5	6	2	0.9
id-11629	3	4	13	0.9
id-11630	2	4	26	0.8
id-11631	1	2	11	1.0
id-11632	10	18	16	0.9
id-11633	10	19	28	0.9
id-11634	4	7	6	0.9
id-11635	2	2	24	0.9
id-11636	1	2	7	1.0
id-11637	3	2	14	0.9
id-11638	5	10	11	0.9
id-11639	9	14	27	0.9
id-11640	4	6	25	0.8
id-11641	5	6	19	1.0
id-11642	4	3	20	0.9
id-11643	4	7	6	0.9
id-11644	6	11	24	0.9
id-11645	9	6	27	0.9
id-11646	6	8	30	0.9
id-11647	3	3	14	0.9
id-11648	9	8	9	0.9
id-11649	1	2	5	0.9
id-11650	6	11	23	0.8
id-11651	10	6	10	0.9
id-11652	10	9	8	0.8
id-11653	6	10	9	1.0
id-11654	3	4	12	1.0
id-11655	2	2	14	0.9
id-11656	3	4	25	0.9
id-11657	4	8	23	1.0
id-11658	2	2	10	1.0
id-11659	8	14	16	1.0
id-11660	5	7	13	0.9
id-11661	3	4	4	0.9
id-11662	9	15	5	0.9
id-11663	2	3	27	0.9
id-11664	6	3	18	1.0
id-11665	9	9	3	0.9
id-11666	5	5	13	1.0
id-11667	1	2	12	0.9
id-11668	1	2	9	0.9
id-11669	2	3	17	0.8
id-11670	9	13	24	0.9
id-11671	6	9	11	0.8
id-11672	9	10	28	0.9
id-11673	7	13	21	0.9
id-11674	5	4	21	0.8
id-11675	9	14	20	0.8
id-11676	4	2	28	0.9
id-11677	10	15	6	0.9
id-11678	3	4	15	0.9
id-11679	3	2	10	0.8
id-11680	5	9	2	0.8
id-11681	10	4	10	1.0
id-11682	10	15	26	0.9
id-11683	9	5	18	0.9
id-11684	7	7	23	0.9
id-11685	10	19	22	0.8
id-11686	10	7	6	0.9
id-11687	3	6	12	0.9
id-11688	2	2	16	0.8
id-11689	9	14	28	1.0
id-11690	2	2	26	0.9
id-11691	10	18	6	0.9
id-11692	4	6	19	0.9
id-11693	9	14	5	1.0
id-11694	1	2	25	0.9
id-11695	1	2	23	0.9
id-11696	9	17	19	0.9
id-11697	10	4	1	0.8
id-11698	3	2	25	0.8
id-11699	2	3	12	0.9
id-11700	5	10	20	0.9
id-11701	1	2	20	1.0
id-11702	6	10	18	0.9
id-11703	10	15	14	1.0
id-11704	8	15	4	0.9
id-11705	7	13	10	1.0
id-11706	8	3	23	0.8
id-11707	2	3	26	0.9
id-11708	8	8	30	1.0
id-11709	8	13	23	0.9
id-11710	3	3	10	0.9
id-11711	1	2	2	0.9
id-11712	3	2	18	0.9
id-11713	6	10	29	1.0
id-11714	2	4	28	0.9
id-11715	10	15	13	0.9
id-11716	1	2	30	0.8
id-11717	10	9	24	1.0
id-11718	1	2	25	0.8
id-11719	1	2	4	0.9
id-11720	8	3	12	0.9
id-11721	7	2	23	1.0
id-11722	2	3	11	1.0
id-11723	7	9	7	0.9
id-11724	6	10	30	0.9
id-11725	10	2	2	0.9
id-11726	5	9	3	1.0
id-11727	4	5	3	0.8
id-11728	4	2	2	1.0
id-11729	5	10	12	0.9
id-11730	7	14	25	0.8
id-11731	2	2	27	1.0
id-11732	2	4	19	0.8
id-11733	7	7	4	0.8
id-11734	7	14	30	0.8
id-11735	8	11	14	0.9
id-11736	8	15	5	0.9
id-11737	3	3	5	0.8
id-11738	5	10	7	0.9
id-11739	2	3	2	0.8
id-11740	7	7	18	1.0
id-11741	6	11	23	0.9
id-11742	2	3	10	1.0
id-11743	4	5	1	0.9
id-11744	4	7	16	0.9
id-11745	4	6	24	0.9
id-11746	9	17	23	0.9
id-11747	2	3	1	1.0
id-11748	10	16	4	1.0
id-11749	7	12	20	0.8
id-11750	3	4	6	0.9
id-11751	9	7	25	0.8
id-11752	8	11	22	1.0
id-11753	6	2	18	0.8
id-11754	4	8	6	1.0
id-11755	1	2	30	0.9
id-11756	8	5	22	0.8
id-11757	8	12	8	0.8
id-11758	1	2	29	0.9
id-11759	1	2	7	0.9
id-11760	7	11	22	0.9
id-11761	6	9	10	0.9
id-11762	10	11	4	1.0
id-11763	7	6	23	0.9
id-11764	4	5	2	1.0
id-11765	3	6	7	0.9
id-11766	9	16	30	0.9
id-11767	5	5	26	0.9
id-11768	7	3	26	0.9
id-11769	3	6	23	0.9
id-11770	8	9	19	1.0
id-11771	1	2	25	0.9
id-11772	1	2	29	1.0
id-11773	5	6	21	0.8
id-11774	7	10	4	0.9
id-11775	4	5	24	1.0
id-11776	3	5	6	1.0
id-11777	3	3	14	0.8
id-11778	10	20	16	0.9
id-11779	7	8	24	0.9
id-11780	6	11	16	0.8
id-11781	8	3	17	1.0
id-11782	8	10	18	1.0
id-11783	3	6	13	0.9
id-11784	4	8	7	0.9
id-11785	8	13	19	0.9
id-11786	8	12	1	0.8
id-11787	9	14	7	0.8
id-11788	6	4	3	1.0
id-11789	2	4	5	0.8
id-11790	9	5	27	0.9
id-11791	10	18	17	1.0
id-11792	2	3	17	1.0
id-11793	4	6	10	1.0
id-11794	10	4	24	0.9
id-11795	7	11	5	0.9
id-11796	4	5	5	1.0
id-11797	5	9	28	0.9
id-11798	10	3	14	0.9
id-11799	7	10	30	0.9
id-11800	2	3	20	0.8
id-11801	6	8	11	0.9
id-11802	9	13	25	0.8
id-11803	6	8	26	0.9
id-11804	3	3	15	1.0
id-11805	2	3	7	1.0
id-11806	1	2	4	0.8
id-11807	10	20	16	0.9
id-11808	2	4	13	0.9
id-11809	6	12	28	1.0
id-11810	2	3	21	1.0
id-11811	8	15	11	0.9
id-11812	2	4	10	0.8
id-11813	7	3	20	1.0
id-11814	9	14	6	1.0
id-11815	5	6	4	0.8
id-11816	5	8	19	0.9
id-11817	4	3	14	1.0
id-11818	10	8	13	1.0
id-11819	10	10	26	0.9
id-11820	6	9	18	0.9
id-11821	2	4	9	1.0
id-11822	7	11	29	1.0
id-11823	10	6	11	0.8
id-11824	9	7	1	1.0
id-11825	1	2	7	0.8
id-11826	3	4	28	1.0
id-11827	1	2	26	1.0
id-11828	4	6	22	0.9
id-11829	8	8	17	1.0
id-11830	10	4	6	0.9
id-11831	2	2	1	0.8
id-11832	3	2	10	0.9
id-11833	9	2	24	0.9
id-11834	4	2	14	1.0
id-11835	7	12	17	0.9
id-11836	6	5	26	0.8
id-11837	3	6	11	0.9
id-11838	6	2	27	0.8
id-11839	1	2	29	0.8
id-11840	2	3	4	0.9
id-11841	1	2	25	1.0
id-11842	10	6	4	0.9
id-11843	8	2	15	0.9
id-11844	3	6	4	1.0
id-11845	9	14	23	0.9
id-11846	10	17	19	0.9
id-11847	2	2	1	1.0
id-11848	3	4	14	0.9
id-11849	6	11	20	1.0
id-11850	3	3	1	0.9
id-11851	7	13	25	0.8
id-11852	3	5	30	0.8
id-11853	1	2	29	0.9
id-11854	5	7	7	0.9
id-11855	4	2	30	0.9
id-11856	10	16	8	0.8
id-11857	7	10	20	0.9
id-11858	3	3	5	1.0
id-11859	1	2	5	0.9
id-11860	1	2	11	0.9
id-11861	5	2	3	0.8
id-11862	4	3	15	0.8
id-11863	6	9	6	0.9
id-11864	3	2	1	0.9
id-11865	8	14	25	0.9
id-11866	9	14	28	1.0
id-11867	2	2	3	0.9
id-11868	4	2	24	0.9
id-11869	1	2	12	0.9
id-11870	8	7	16	1.0
id-11871	5	8	9	0.8
id-11872	8	10	27	0.8
id-11873	8	12	17	1.0
id-11874	5	7	15	1.0
id-11875	6	3	3	0.8
id-11876	1	2	3	1.0
id-11877	2	2	7	0.9
id-11878	5	4	4	0.9
id-11879	5	2	19	0.9
id-11880	5	4	21	0.8
id-11881	8	6	23	0.9
id-11882	9	6	21	0.8
id-11883	6	7	24	0.8
id-11884	10	3	4	1.0
id-11885	10	15	27	0.8
id-11886	6	7	15	0.8
id-11887	2	2	6	0.8
id-11888	2	3	2	0.9
id-11889	4	3	10	0.9
id-11890	1	2	29	1.0
id-11891	6	10	2	0.8
id-11892	9	10	8	1.0
id-11893	7	9	14	1.0
id-11894	10	4	19	1.0
id-11895	9	17	18	1.0
id-11896	6	7	17	0.9
id-11897	3	5	28	0.9
id-11898	1	2	28	0.9
id-11899	4	6	3	0.8
id-11900	10	12	6	0.8
id-11901	4	8	10	1.0
id-11902	3	4	27	0.9
id-11903	8	6	4	0.8
id-11904	7	8	23	0.9
id-11905	1	2	11	0.9
id-11906	6	6	16	0.9
id-11907	6	6	25	1.0
id-11908	6	5	29	1.0
id-11909	2	3	23	0.9
id-11910	2	3	29	0.9
id-11911	7	4	30	0.9
id-11912	9	6	21	0.9
id-11913	6	12	29	1.0
id-11914	5	4	18	0.9
id-11915	2	3	29	0.9
id-11916	3	6	12	1.0
id-11917	3	3	25	0.9
id-11918	4	5	30	0.8
id-11919	2	2	10	1.0
id-11920	4	5	30	0.8
id-11921	1	2	1	0.8
id-11922	4	7	4	0.9
id-11923	10	9	1	0.9
id-11924	4	2	5	0.9
id-11925	10	14	26	1.0
id-11926	10	8	7	0.9
id-11927	10	4	24	1.0
id-11928	3	3	25	1.0
id-11929	10	5	4	0.8
id-11930	1	2	19	1.0
id-11931	4	3	1	0.8
id-11932	6	8	18	0.8
id-11933	6	12	22	0.9
id-11934	4	6	19	1.0
id-11935	8	11	28	0.8
id-11936	5	8	9	0.9
id-11937	8	8	12	0.9
id-11938	1	2	22	0.9
id-11939	2	3	10	1.0
id-11940	8	5	26	0.9
id-11941	8	11	13	0.8
id-11942	2	2	9	1.0
id-11943	4	5	16	0.9
id-11944	1	2	8	0.9
id-11945	9	9	15	0.8
id-11946	4	8	16	0.9
id-11947	10	4	1	1.0
id-11948	8	16	14	0.9
id-11949	7	12	28	0.8
id-11950	8	9	11	1.0
id-11951	3	5	17	0.9
id-11952	3	4	24	0.9
id-11953	6	8	9	0.9
id-11954	10	16	20	0.9
id-11955	8	10	3	0.8
id-11956	7	3	1	0.9
id-11957	6	7	21	0.9
id-11958	3	6	26	0.9
id-11959	6	6	25	1.0
id-11960	7	14	9	0.8
id-11961	9	3	17	1.0
id-11962	6	12	24	0.9
id-11963	8	4	2	0.9
id-11964	8	3	3	0.8
id-11965	6	6	24	0.9
id-11966	10	4	8	0.9
id-11967	8	9	7	0.9
id-11968	1	2	6	0.9
id-11969	8	8	23	0.9
id-11970	8	14	22	0.9
id-11971	4	2	13	0.9
id-11972	2	2	4	1.0
id-11973	9	10	25	0.9
id-11974	2	2	18	0.8
id-11975	6	4	20	0.9
id-11976	5	9	21	0.9
id-11977	5	10	9	0.9
id-11978	6	6	25	0.9
id-11979	9	14	8	0.9
id-11980	4	3	25	0.9
id-11981	6	8	15	0.9
id-11982	4	4	17	0.9
id-11983	1	2	4	0.9
id-11984	5	3	26	0.9
id-11985	6	3	1	1.0
id-11986	7	3	19	0.8
id-11987	2	4	10	0.9
id-11988	6	2	21	0.9
id-11989	2	4	29	1.0
id-11990	8	12	2	1.0
id-11991	5	10	23	0.9
id-11992	3	5	1	0.9
id-11993	3	3	11	0.8
id-11994	4	8	4	0.8
id-11995	1	2	10	0.8
id-11996	2	4	11	0.9
id-11997	8	8	1	0.9
id-11998	5	2	19	1.0
id-11999	10	20	7	0.9
id-12000	8	9	8	0.9
id-12001	10	16	20	0.8
id-12002	1	2	11	0.8
id-12003	5	2	9	0.9
id-12004	2	2	11	1.0
id-12005	2	4	18	0.9
id-12006	4	3	17	1.0
id-12007	4	3	3	0.9
id-12008	1	2	23	0.9
id-12009	10	16	12	0.9
id-12010	6	6	12	1.0
id-12011	8	6	25	0.8
id-12012	1	2	20	0.9
id-12013	9	4	8	0.9
id-12014	10	15	12	0.8
id-12015	10	7	25	1.0
id-12016	4	8	10	0.9
id-12017	5	8	6	0.9
id-12018	1	2	12	0.9
id-12019	9	12	17	0.8
id-12020	2	4	11	0.9
id-12021	5	10	12	0.9
id-12022	4	6	5	0.8
id-12023	6	8	25	0.9
id-12024	8	16	1	1.0
id-12025	3	5	30	0.9
id-12026	8	2	5	0.9
id-12027	10	20	28	1.0
id-12028	2	3	9	0.8
id-12029	4	6	18	0.9
id-12030	9	14	3	0.9
id-12031	8	4	1	1.0
id-12032	1	2	6	0.9
id-12033	10	15	12	0.8
id-12034	4	6	28	0.9
id-12035	8	14	6	0.9
id-12036	1	2	8	0.9
id-12037	1	2	2	0.9
id-12038	7	7	20	0.9
id-12039	6	11	25	0.9
id-12040	2	2	4	0.8
id-12041	2	3	20	0.9
id-12042	4	8	26	1.0
id-12043	1	2	22	0.8
id-12044	4	6	6	0.8
id-12045	3	3	12	0.9
id-12046	9	4	16	0.8
id-12047	1	2	30	1.0
id-12048	7	9	30	0.9
id-12049	8	11	15	0.9
id-12050	3	3	20	0.9
id-12051	7	9	21	0.8
id-12052	7	8	29	1.0
id-12053	7	2	15	0.8
id-12054	6	4	14	1.0
id-12055	7	3	13	0.9
id-12056	3	3	22	1.0
id-12057	8	6	10	0.8
id-12058	10	20	28	0.8
id-12059	9	13	6	0.9
id-12060	8	5	5	1.0
id-12061	7	4	15	0.8
id-12062	10	7	12	0.9
id-12063	10	11	18	0.9
id-12064	7	2	2	0.9
id-12065	10	17	18	0.8
id-12066	5	6	3	0.9
id-12067	9	9	11	1.0
id-12068	2	3	3	0.8
id-12069	1	2	13	0.9
id-12070	1	2	22	0.9
id-12071	3	3	10	0.9
id-12072	5	8	26	0.9
id-12073	4	2	3	0.9
id-12074	3	6	28	0.8
id-12075	1	2	23	0.9
id-12076	9	16	14	0.9
id-12077	10	4	27	0.9
id-12078	3	6	24	0.8
id-12079	10	5	1	0.9
id-12080	9	17	14	1.0
id-12081	1	2	24	0.9
id-12082	9	17	29	0.9
id-12083	5	10	18	0.8
id-12084	1	2	25	0.9
id-12085	7	2	18	0.8
id-12086	5	4	21	0.9
id-12087	1	2	12	0.8
id-12088	10	12	20	0.8
id-12089	4	3	8	0.9
id-12090	9	18	17	1.0
id-12091	8	11	4	1.0
id-12092	9	4	4	0.9
id-12093	4	8	12	0.8
id-12094	5	9	1	1.0
id-12095	8	14	14	0.8
id-12096	9	9	2	0.9
id-12097	4	3	6	0.9
id-12098	2	4	1	0.9
id-12099	3	2	1	0.9
id-12100	8	14	13	0.8
id-12101	7	4	22	0.8
id-12102	9	13	8	0.9
id-12103	2	2	1	0.9
id-12104	4	6	13	0.9
id-12105	6	11	24	1.0
id-12106	10	8	20	0.9
id-12107	5	3	3	0.8
id-12108	6	2	28	1.0
id-12109	10	2	17	0.9
id-12110	5	4	18	0.9
id-12111	7	8	14	0.9
id-12112	1	2	16	0.9
id-12113	9	15	17	1.0
id-12114	5	8	6	0.8
id-12115	6	4	23	0.8
id-12116	10	17	11	0.9
id-12117	8	4	9	1.0
id-12118	2	3	1	0.9
id-12119	3	5	29	0.8
id-12120	8	11	22	0.9
id-12121	5	4	22	1.0
id-12122	9	14	1	0.9
id-12123	8	5	20	1.0
id-12124	4	7	22	0.9
id-12125	3	2	4	0.8
id-12126	6	5	9	0.9
id-12127	1	2	4	0.8
id-12128	5	4	22	0.9
id-12129	4	4	11	0.9
id-12130	5	8	14	0.9
id-12131	9	6	26	0.9
id-12132	2	3	4	0.9
id-12133	3	5	27	0.8
id-12134	10	5	10	0.9
id-12135	7	5	7	0.9
id-12136	8	7	20	0.9
id-12137	8	7	24	0.9
id-12138	10	3	10	0.9
id-12139	10	2	8	1.0
id-12140	6	10	1	0.9
id-12141	3	5	26	1.0
id-12142	4	8	26	1.0
id-12143	6	5	26	1.0
id-12144	9	11	2	0.9
id-12145	3	6	29	0.9
id-12146	7	4	10	1.0
id-12147	7	2	7	0.9
id-12148	10	2	10	0.8
id-12149	5	8	18	1.0
id-12150	2	3	26	0.9
id-12151	2	4	4	0.9
id-12152	2	2	25	1.0
id-12153	4	5	4	0.8
id-12154	4	8	10	0.9
id-12155	4	4	3	0.8
id-12156	5	4	16	0.9
id-12157	6	5	19	0.9
id-12158	8	6	15	0.9
id-12159	7	10	22	0.9
id-12160	5	6	6	0.8
id-12161	5	6	1	1.0
id-12162	4	6	18	0.8
id-12163	6	11	23	0.9
id-12164	10	12	6	1.0
id-12165	2	3	26	0.9
id-12166	5	7	3	0.9
id-12167	5	9	15	0.8
id-12168	7	6	18	0.9
id-12169	4	6	26	0.8
id-12170	4	8	18	1.0
id-12171	5	3	23	0.9
id-12172	4	7	12	0.8
id-12173	7	5	7	1.0
id-12174	1	2	14	1.0
id-12175	5	10	17	1.0
id-12176	8	5	5	0.9
id-12177	3	4	24	0.8
id-12178	5	9	30	0.9
id-12179	1	2	28	1.0
id-12180	7	12	18	0.8
id-12181	6	2	17	0.9
id-12182	10	6	15	0.9
id-12183	7	10	18	0.9
id-12184	4	8	8	0.8
id-12185	2	3	18	1.0
id-12186	8	9	3	1.0
id-12187	6	7	2	0.9
id-12188	4	8	17	0.9
id-12189	10	13	20	0.8
id-12190	2	4	26	0.9
id-12191	9	14	24	1.0
id-12192	6	4	13	0.9
id-12193	8	11	24	0.8
id-12194	1	2	21	0.9
id-12195	6	5	20	0.8
id-12196	2	3	23	0.9
id-12197	6	8	14	0.8
id-12198	3	4	4	0.9
id-12199	1	2	4	1.0
id-12200	3	2	25	0.9
id-12201	2	2	11	0.9
id-12202	8	5	14	0.9
id-12203	9	8	29	1.0
id-12204	1	2	28	0.9
id-12205	3	2	6	0.8
id-12206	3	3	28	0.9
id-12207	8	13	29	0.9
id-12208	8	16	12	1.0
id-12209	3	2	19	1.0
id-12210	7	2	12	1.0
id-12211	1	2	20	0.8
id-12212	7	8	23	0.9
id-12213	2	4	15	0.9
id-12214	2	2	24	0.9
id-12215	6	2	20	0.9
id-12216	2	4	20	0.8
id-12217	10	20	12	0.9
id-12218	8	15	10	0.9
id-12219	10	11	11	0.9
id-12220	3	5	2	0.9
id-12221	5	8	13	0.9
id-12222	10	17	2	0.9
id-12223	8	10	22	1.0
id-12224	1	2	12	0.9
id-12225	3	4	23	0.9
id-12226	5	10	20	0.9
id-12227	1	2	2	0.9
id-12228	5	10	22	0.9
id-12229	10	2	21	0.9
id-12230	6	10	5	0.9
id-12231	4	3	29	0.9
id-12232	8	11	1	1.0
id-12233	1	2	30	0.8
id-12234	9	8	23	1.0
id-12235	5	7	25	1.0
id-12236	10	3	27	0.9
id-12237	6	4	27	1.0
id-12238	6	11	7	0.9
id-12239	7	10	10	0.9
id-12240	4	8	3	0.8
id-12241	1	2	21	0.9
id-12242	2	4	15	0.9
id-12243	8	7	18	0.9
id-12244	5	8	6	0.9
id-12245	3	3	5	1.0
id-12246	4	2	16	1.0
id-12247	3	4	30	0.8
id-12248	6	2	21	1.0
id-12249	7	10	1	0.9
id-12250	1	2	16	1.0
id-12251	8	16	15	0.9
id-12252	9	13	13	0.9
id-12253	7	11	10	0.9
id-12254	7	2	12	1.0
id-12255	3	4	17	0.9
id-12256	5	3	8	0.9
id-12257	9	16	7	0.9
id-12258	9	13	17	1.0
id-12259	6	10	22	0.9
id-12260	10	19	30	0.9
id-12261	3	5	16	0.8
id-12262	9	18	10	0.9
id-12263	7	4	13	0.9
id-12264	9	2	5	1.0
id-12265	4	6	11	0.8
id-12266	4	8	4	1.0
id-12267	10	2	17	0.8
id-12268	9	17	28	1.0
id-12269	2	2	18	1.0
id-12270	7	2	5	0.9
id-12271	4	6	21	0.9
id-12272	1	2	1	0.9
id-12273	10	5	8	0.9
id-12274	7	10	18	0.8
id-12275	4	2	24	1.0
id-12276	3	6	14	1.0
id-12277	3	5	14	0.8
id-12278	2	3	3	0.8
id-12279	10	20	2	0.9
id-12280	5	5	20	0.9
id-12281	1	2	13	0.9
id-12282	4	5	7	1.0
id-12283	8	10	10	0.9
id-12284	1	2	27	0.8
id-12285	6	10	19	0.8
id-12286	3	4	10	1.0
id-12287	10	18	25	1.0
id-12288	9	2	30	0.8
id-12289	4	4	1	0.8
id-12290	10	6	15	1.0
id-12291	10	10	5	0.9
id-12292	5	4	5	1.0
id-12293	7	13	19	0.9
id-12294	8	10	12	0.9
id-12295	8	7	7	1.0
id-12296	3	2	4	0.8
id-12297	10	16	3	0.9
id-12298	5	4	12	0.9
id-12299	7	11	28	0.9
id-12300	7	5	28	0.8
id-12301	10	8	4	0.8
id-12302	9	3	11	1.0
id-12303	3	2	9	1.0
id-12304	8	12	8	0.8
id-12305	10	14	21	0.9
id-12306	3	5	19	0.8
id-12307	5	3	16	0.8
id-12308	2	2	28	1.0
id-12309	10	2	8	0.9
id-12310	3	2	4	0.8
id-12311	8	5	28	1.0
id-12312	7	11	21	0.9
id-12313	6	9	16	1.0
id-12314	9	13	4	1.0
id-12315	9	16	15	0.9
id-12316	7	10	15	0.8
id-12317	8	2	17	0.9
id-12318	6	6	3	0.9
id-12319	8	15	15	0.8
id-12320	6	6	11	0.8
id-12321	5	2	27	0.9
id-12322	1	2	17	0.9
id-12323	1	2	18	0.8
id-12324	5	4	23	0.9
id-12325	3	5	25	0.8
id-12326	8	15	28	1.0
id-12327	9	11	18	0.9
id-12328	4	3	19	0.9
id-12329	8	15	22	0.9
id-12330	3	4	4	0.9
id-12331	2	2	30	0.9
id-12332	10	2	16	0.9
id-12333	10	3	11	1.0
id-12334	3	2	8	0.9
id-12335	9	13	1	1.0
id-12336	10	8	25	0.9
id-12337	3	3	9	1.0
id-12338	8	3	25	1.0
id-12339	8	16	21	0.9
id-12340	1	2	20	0.8
id-12341	7	11	12	0.9
id-12342	2	4	12	0.9
id-12343	9	9	17	0.9
id-12344	4	3	4	0.9
id-12345	7	2	20	0.9
id-12346	8	9	16	0.9
id-12347	6	7	20	0.8
id-12348	6	8	2	0.9
id-12349	7	4	3	0.8
id-12350	3	2	7	0.8
id-12351	1	2	24	1.0
id-12352	5	10	18	0.8
id-12353	4	6	1	0.8
id-12354	6	2	20	0.9
id-12355	10	20	8	1.0
id-12356	4	4	13	1.0
id-12357	4	6	18	0.8
id-12358	9	2	8	0.9
id-12359	10	7	9	0.9
id-12360	8	6	7	0.8
id-12361	2	3	4	0.9
id-12362	3	3	12	0.9
id-12363	2	3	17	0.9
id-12364	10	5	15	0.9
id-12365	2	2	3	1.0
id-12366	8	3	21	0.8
id-12367	4	3	14	0.9
id-12368	4	4	23	0.8
id-12369	5	10	9	0.8
id-12370	7	12	7	0.8
id-12371	7	12	28	0.9
id-12372	10	10	16	0.9
id-12373	3	2	10	1.0
id-12374	5	3	29	0.9
id-12375	1	2	28	0.8
id-12376	7	14	3	0.9
id-12377	8	10	18	0.8
id-12378	9	9	12	0.9
id-12379	6	11	16	0.9
id-12380	7	5	3	0.8
id-12381	3	3	25	0.9
id-12382	8	8	10	0.9
id-12383	3	6	15	0.9
id-12384	3	5	23	0.8
id-12385	8	7	15	1.0
id-12386	10	12	27	1.0
id-12387	5	6	18	0.8
id-12388	8	7	28	1.0
id-12389	2	3	28	1.0
id-12390	2	3	14	0.9
id-12391	2	4	9	0.8
id-12392	10	17	21	0.9
id-12393	6	9	8	1.0
id-12394	5	5	1	1.0
id-12395	3	6	16	1.0
id-12396	5	8	22	0.8
id-12397	2	2	23	0.8
id-12398	4	7	25	0.9
id-12399	1	2	29	1.0
id-12400	9	15	18	0.8
id-12401	5	10	19	0.9
id-12402	2	4	11	0.9
id-12403	2	4	30	1.0
id-12404	9	8	6	0.9
id-12405	1	2	7	0.9
id-12406	10	15	1	0.9
id-12407	10	7	21	0.9
id-12408	6	5	29	1.0
id-12409	1	2	13	0.9
id-12410	9	12	5	0.8
id-12411	6	5	26	0.9
id-12412	5	8	29	0.9
id-12413	6	8	20	0.9
id-12414	2	4	11	0.9
id-12415	3	2	18	0.8
id-12416	10	20	10	0.9
id-12417	7	13	5	0.9
id-12418	1	2	26	0.8
id-12419	1	2	1	1.0
id-12420	10	16	13	0.9
id-12421	2	3	26	0.8
id-12422	7	3	24	1.0
id-12423	1	2	8	0.9
id-12424	3	2	4	0.9
id-12425	7	8	6	0.9
id-12426	7	2	10	1.0
id-12427	6	11	6	0.8
id-12428	3	5	30	0.8
id-12429	10	10	25	1.0
id-12430	10	17	8	1.0
id-12431	7	5	20	0.9
id-12432	10	16	21	0.9
id-12433	6	5	2	0.8
id-12434	10	7	23	0.9
id-12435	8	7	16	0.9
id-12436	4	8	29	0.9
id-12437	6	8	4	0.9
id-12438	1	2	26	0.9
id-12439	8	7	17	0.9
id-12440	5	3	18	1.0
id-12441	2	4	6	0.8
id-12442	8	13	29	0.8
id-12443	7	4	22	0.8
id-12444	1	2	8	0.9
id-12445	1	2	13	0.9
id-12446	7	9	22	0.9
id-12447	10	5	7	0.9
id-12448	8	6	2	1.0
id-12449	2	3	9	0.9
id-12450	9	2	28	0.8
id-12451	8	6	13	0.9
id-12452	2	2	7	1.0
id-12453	7	4	21	0.9
id-12454	1	2	29	0.8
id-12455	7	7	25	0.8
id-12456	1	2	5	0.9
id-12457	1	2	28	0.9
id-12458	3	5	23	1.0
id-12459	8	9	6	0.9
id-12460	3	4	29	0.9
id-12461	3	6	16	0.9
id-12462	7	5	24	0.9
id-12463	2	4	9	0.8
id-12464	6	9	27	0.9
id-12465	6	4	7	0.9
id-12466	4	4	5	1.0
id-12467	5	9	26	0.9
id-12468	3	4	9	0.9
id-12469	7	12	10	1.0
id-12470	1	2	26	0.8
id-12471	5	5	6	0.9
id-12472	3	2	16	0.9
id-12473	2	2	11	0.8
id-12474	5	8	22	0.9
id-12475	6	3	3	0.8
id-12476	10	6	8	0.9
id-12477	6	5	16	0.9
id-12478	2	3	21	1.0
id-12479	6	2	12	1.0
id-12480	6	11	18	0.9
id-12481	9	14	5	0.8
id-12482	2	2	27	1.0
id-12483	10	18	26	0.9
id-12484	3	3	5	0.9
id-12485	3	6	10	0.9
id-12486	9	11	2	0.8
id-12487	10	19	26	0.9
id-12488	10	2	3	0.9
id-12489	5	8	11	0.9
id-12490	7	11	21	0.9
id-12491	5	3	3	1.0
id-12492	8	10	23	0.9
id-12493	1	2	23	0.9
id-12494	10	14	9	0.9
id-12495	1	2	9	0.9
id-12496	10	20	20	0.8
id-12497	4	6	4	0.9
id-12498	1	2	7	0.8
id-12499	3	2	24	1.0
id-12500	5	4	9	0.8
id-12501	2	4	13	0.8
id-12502	5	8	9	0.8
id-12503	10	3	16	0.8
id-12504	10	11	20	0.9
id-12505	10	2	23	1.0
id-12506	2	4	17	0.9
id-12507	4	6	29	0.9
id-12508	2	2	13	1.0
id-12509	3	4	13	1.0
id-12510	7	10	25	1.0
id-12511	9	5	11	0.9
id-12512	10	15	16	0.8
id-12513	4	2	5	0.9
id-12514	9	13	13	0.8
id-12515	5	6	22	1.0
id-12516	5	9	14	0.9
id-12517	3	2	6	0.9
id-12518	10	4	2	1.0
id-12519	10	2	28	0.9
id-12520	9	18	9	0.9
id-12521	9	2	17	0.8
id-12522	6	6	17	0.9
id-12523	1	2	7	0.9
id-12524	8	9	3	0.8
id-12525	5	3	8	0.9
id-12526	10	7	19	0.9
id-12527	5	10	14	0.9
id-12528	9	6	21	0.9
id-12529	3	6	29	1.0
id-12530	2	4	3	0.9
id-12531	4	7	8	0.9
id-12532	3	5	5	0.9
id-12533	1	2	30	1.0
id-12534	6	10	9	1.0
id-12535	1	2	18	0.9
id-12536	8	10	26	0.9
id-12537	5	2	2	0.9
id-12538	8	5	18	0.9
id-12539	8	10	4	0.8
id-12540	7	6	28	0.9
id-12541	1	2	30	0.8
id-12542	3	6	16	0.9
id-12543	6	12	14	0.9
id-12544	1	2	8	1.0
id-12545	6	4	24	1.0
id-12546	6	6	14	0.8
id-12547	10	14	24	0.9
id-12548	5	5	16	0.9
id-12549	2	3	25	1.0
id-12550	6	5	24	0.8
id-12551	10	17	24	0.9
id-12552	9	8	30	0.8
id-12553	2	4	20	0.9
id-12554	8	10	3	0.9
id-12555	5	10	21	0.8
id-12556	3	5	22	0.9
id-12557	7	8	1	1.0
id-12558	2	4	13	0.9
id-12559	7	9	13	0.9
id-12560	7	7	24	0.9
id-12561	10	2	4	0.9
id-12562	7	7	28	1.0
id-12563	3	6	9	0.9
id-12564	3	4	7	1.0
id-12565	3	3	11	0.9
id-12566	8	8	14	0.8
id-12567	8	12	14	0.8
id-12568	5	8	28	0.8
id-12569	7	7	1	1.0
id-12570	1	2	12	0.8
id-12571	9	2	20	0.8
id-12572	2	3	28	1.0
id-12573	3	4	4	0.9
id-12574	2	3	20	1.0
id-12575	9	18	2	1.0
id-12576	10	5	29	1.0
id-12577	7	8	6	1.0
id-12578	6	7	26	0.9
id-12579	4	2	29	0.8
id-12580	2	2	4	0.9
id-12581	5	4	3	1.0
id-12582	2	2	7	1.0
id-12583	1	2	4	0.8
id-12584	2	3	19	0.8
id-12585	5	10	24	0.9
id-12586	6	8	2	0.8
id-12587	8	14	14	0.9
id-12588	1	2	23	0.8
id-12589	1	2	5	0.8
id-12590	10	11	6	0.8
id-12591	6	8	7	0.9
id-12592	10	15	28	0.9
id-12593	7	12	3	0.9
id-12594	1	2	5	0.9
id-12595	1	2	22	0.9
id-12596	1	2	30	0.9
id-12597	5	7	11	0.8
id-12598	1	2	27	0.8
id-12599	7	12	30	0.9
id-12600	5	5	12	0.9
id-12601	2	3	5	0.8
id-12602	2	4	30	1.0
id-12603	3	2	16	0.9
id-12604	6	5	5	0.9
id-12605	2	4	8	1.0
id-12606	7	3	6	0.9
id-12607	2	3	3	0.9
id-12608	8	10	22	0.9
id-12609	1	2	2	1.0
id-12610	9	13	22	0.9
id-12611	7	4	19	0.8
id-12612	4	7	8	0.9
id-12613	5	3	24	0.8
id-12614	3	6	24	0.9
id-12615	2	2	12	1.0
id-12616	8	10	11	1.0
id-12617	8	2	4	0.9
id-12618	2	3	1	0.9
id-12619	2	3	1	0.9
id-12620	4	2	24	0.8
id-12621	4	5	17	0.9
id-12622	2	4	22	0.8
id-12623	6	9	28	0.9
id-12624	3	3	27	0.9
id-12625	10	2	25	0.9
id-12626	8	11	12	0.9
id-12627	7	11	29	0.9
id-12628	1	2	11	0.9
id-12629	8	2	17	0.9
id-12630	3	5	29	0.9
id-12631	1	2	11	1.0
id-12632	1	2	16	0.9
id-12633	3	5	25	0.9
id-12634	9	17	8	0.9
id-12635	2	4	29	0.8
id-12636	9	8	10	0.9
id-12637	8	6	4	0.8
id-12638	6	7	2	1.0
id-12639	1	2	7	0.9
id-12640	1	2	20	1.0
id-12641	9	8	7	0.9
id-12642	10	12	13	0.8
id-12643	4	3	14	0.9
id-12644	4	7	12	0.9
id-12645	10	7	29	0.9
id-12646	9	13	16	0.8
id-12647	9	2	12	1.0
id-12648	1	2	4	0.8
id-12649	8	8	29	0.9
id-12650	1	2	17	1.0
id-12651	3	5	5	0.9
id-12652	5	4	29	1.0
id-12653	5	2	27	0.8
id-12654	6	9	3	0.9
id-12655	4	2	15	0.8
id-12656	2	3	20	1.0
id-12657	6	9	27	0.8
id-12658	7	8	22	0.9
id-12659	9	10	17	0.8
id-12660	5	7	22	0.8
id-12661	6	11	6	0.9
id-12662	2	3	20	1.0
id-12663	1	2	13	0.9
id-12664	1	2	11	0.9
id-12665	4	8	4	0.9
id-12666	2	4	16	0.9
id-12667	7	12	27	0.9
id-12668	4	4	3	0.9
id-12669	2	4	27	0.9
id-12670	7	8	23	1.0
id-12671	4	3	13	1.0
id-12672	5	4	17	1.0
id-12673	4	2	15	1.0
id-12674	3	4	7	0.8
id-12675	6	12	26	0.9
id-12676	6	12	1	0.8
id-12677	7	13	14	0.9
id-12678	9	8	1	0.8
id-12679	1	2	17	1.0
id-12680	9	16	6	0.8
id-12681	8	5	26	1.0
id-12682	4	6	21	1.0
id-12683	7	6	3	0.9
id-12684	3	4	10	1.0
id-12685	1	2	23	0.9
id-12686	1	2	28	0.8
id-12687	3	3	19	0.9
id-12688	4	6	14	1.0
id-12689	4	4	10	0.9
id-12690	10	7	14	0.8
id-12691	9	12	3	0.8
id-12692	8	4	10	0.8
id-12693	3	3	30	0.8
id-12694	8	16	28	1.0
id-12695	5	2	1	0.9
id-12696	3	4	19	0.9
id-12697	7	6	12	0.8
id-12698	5	5	15	0.9
id-12699	5	5	15	0.9
id-12700	2	3	21	0.8
id-12701	10	19	12	0.9
id-12702	1	2	15	1.0
id-12703	2	4	12	0.9
id-12704	6	10	23	0.8
id-12705	4	5	1	0.8
id-12706	4	4	24	1.0
id-12707	1	2	14	0.9
id-12708	9	7	12	0.9
id-12709	8	11	17	0.9
id-12710	3	6	30	1.0
id-12711	6	11	30	0.9
id-12712	6	10	18	1.0
id-12713	3	4	26	0.9
id-12714	2	4	28	0.8
id-12715	8	4	5	0.9
id-12716	6	7	13	0.9
id-12717	9	16	6	1.0
id-12718	6	6	18	0.9
id-12719	10	5	30	0.9
id-12720	7	14	29	1.0
id-12721	4	6	13	1.0
id-12722	6	2	24	0.8
id-12723	5	8	7	0.9
id-12724	8	13	21	1.0
id-12725	10	6	12	0.9
id-12726	4	7	30	0.8
id-12727	4	3	9	0.8
id-12728	9	10	30	0.9
id-12729	6	3	26	1.0
id-12730	2	3	12	0.9
id-12731	9	18	11	0.8
id-12732	6	5	23	0.9
id-12733	5	6	24	0.9
id-12734	2	3	21	0.9
id-12735	7	4	13	0.9
id-12736	9	14	9	1.0
id-12737	4	7	19	0.8
id-12738	3	6	20	0.8
id-12739	6	7	1	0.9
id-12740	8	10	19	0.9
id-12741	5	7	15	0.8
id-12742	3	5	6	0.8
id-12743	9	8	20	0.8
id-12744	9	11	22	0.9
id-12745	3	4	16	0.8
id-12746	5	9	13	1.0
id-12747	2	2	6	0.9
id-12748	1	2	16	1.0
id-12749	8	3	11	0.8
id-12750	5	6	6	0.8
id-12751	3	4	27	0.9
id-12752	9	13	20	0.8
id-12753	5	8	19	0.9
id-12754	3	5	3	1.0
id-12755	8	11	7	0.8
id-12756	4	3	4	1.0
id-12757	4	6	30	0.8
id-12758	10	16	24	0.8
id-12759	9	15	23	0.8
id-12760	5	8	22	1.0
id-12761	4	2	18	0.8
id-12762	2	3	9	1.0
id-12763	8	13	2	0.9
id-12764	9	8	5	1.0
id-12765	9	11	6	0.9
id-12766	4	2	1	0.9
id-12767	5	5	2	0.8
id-12768	5	10	3	0.9
id-12769	4	5	11	0.9
id-12770	2	4	18	0.9
id-12771	5	9	15	0.9
id-12772	5	7	13	1.0
id-12773	9	14	20	0.8
id-12774	4	4	1	0.9
id-12775	9	6	28	0.9
id-12776	1	2	6	1.0
id-12777	4	6	14	0.9
id-12778	2	4	22	1.0
id-12779	7	3	7	0.9
id-12780	6	7	4	0.9
id-12781	7	8	13	0.9
id-12782	10	6	4	0.9
id-12783	4	4	30	1.0
id-12784	4	2	6	0.9
id-12785	9	18	11	0.9
id-12786	10	14	3	1.0
id-12787	2	2	2	0.8
id-12788	8	11	30	0.9
id-12789	1	2	9	0.9
id-12790	2	2	28	1.0
id-12791	10	6	20	0.8
id-12792	8	2	28	0.8
id-12793	2	3	4	0.9
id-12794	7	2	12	0.8
id-12795	5	5	23	0.9
id-12796	7	3	28	0.9
id-12797	8	12	1	0.9
id-12798	8	11	25	0.9
id-12799	4	3	9	1.0
id-12800	4	2	27	0.9
id-12801	10	9	6	1.0
id-12802	10	8	24	1.0
id-12803	6	3	8	0.9
id-12804	9	5	1	0.9
id-12805	9	12	1	0.9
id-12806	2	4	15	0.9
id-12807	1	2	28	0.8
id-12808	5	6	9	0.9
id-12809	4	3	18	0.9
id-12810	3	2	26	0.8
id-12811	4	4	19	1.0
id-12812	2	3	29	1.0
id-12813	9	8	28	1.0
id-12814	6	12	5	0.8
id-12815	1	2	7	1.0
id-12816	10	14	26	0.9
id-12817	1	2	26	0.9
id-12818	8	4	16	0.8
id-12819	5	5	5	0.9
id-12820	3	5	15	1.0
id-12821	2	2	27	0.8
id-12822	8	16	27	0.9
id-12823	7	7	13	0.9
id-12824	3	5	3	1.0
id-12825	1	2	7	1.0
id-12826	2	3	11	1.0
id-12827	6	2	9	0.9
id-12828	8	6	27	0.9
id-12829	1	2	27	0.8
id-12830	8	3	3	0.9
id-12831	6	2	9	1.0
id-12832	4	6	2	0.9
id-12833	7	4	15	0.9
id-12834	4	6	7	1.0
id-12835	3	3	10	0.9
id-12836	10	6	4	0.9
id-12837	9	15	4	0.9
id-12838	2	3	20	0.9
id-12839	3	5	26	0.9
id-12840	6	3	20	0.9
id-12841	8	15	4	0.9
id-12842	6	3	23	0.8
id-12843	2	4	29	0.9
id-12844	4	2	15	1.0
id-12845	6	7	27	1.0
id-12846	4	4	17	0.9
id-12847	4	7	5	0.9
id-12848	9	16	5	0.9
id-12849	4	2	25	1.0
id-12850	3	3	18	0.8
id-12851	2	2	9	0.8
id-12852	2	4	18	0.9
id-12853	8	2	29	0.9
id-12854	5	3	2	0.9
id-12855	3	5	25	1.0
id-12856	8	6	26	0.9
id-12857	9	14	7	0.9
id-12858	10	13	16	0.9
id-12859	5	7	6	0.8
id-12860	10	6	6	0.8
id-12861	3	3	5	0.9
id-12862	10	20	29	1.0
id-12863	1	2	3	0.9
id-12864	9	9	9	1.0
id-12865	1	2	13	0.8
id-12866	4	7	21	0.9
id-12867	8	2	6	0.8
id-12868	10	8	18	0.9
id-12869	3	6	8	0.8
id-12870	1	2	11	0.9
id-12871	3	6	8	0.8
id-12872	8	8	11	0.8
id-12873	9	18	11	0.8
id-12874	6	11	26	1.0
id-12875	4	8	12	1.0
id-12876	8	3	2	1.0
id-12877	1	2	27	0.9
id-12878	5	6	6	0.8
id-12879	1	2	16	0.8
id-12880	2	3	19	0.8
id-12881	7	9	1	0.8
id-12882	3	2	6	0.9
id-12883	6	3	12	0.9
id-12884	9	4	20	1.0
id-12885	10	17	16	1.0
id-12886	3	3	30	0.9
id-12887	3	3	21	0.8
id-12888	7	13	2	0.9
id-12889	2	2	28	1.0
id-12890	3	6	13	0.8
id-12891	4	4	19	1.0
id-12892	4	3	1	1.0
id-12893	10	2	3	0.9
id-12894	6	9	2	1.0
id-12895	9	12	7	0.9
id-12896	1	2	10	0.9
id-12897	10	5	20	0.9
id-12898	5	6	6	1.0
id-12899	2	3	15	0.9
id-12900	4	5	13	1.0
id-12901	6	3	1	0.9
id-12902	8	14	14	0.9
id-12903	8	6	9	0.9
id-12904	9	7	11	0.9
id-12905	6	7	23	1.0
id-12906	4	3	25	0.8
id-12907	2	3	1	0.8
id-12908	7	3	5	1.0
id-12909	5	6	18	1.0
id-12910	4	5	12	0.9
id-12911	6	12	9	0.9
id-12912	8	5	14	1.0
id-12913	10	17	26	0.9
id-12914	10	14	28	0.8
id-12915	7	6	14	0.8
id-12916	4	5	22	0.9
id-12917	8	11	18	0.9
id-12918	3	4	16	0.9
id-12919	2	2	10	0.9
id-12920	1	2	23	0.8
id-12921	2	3	2	0.9
id-12922	8	14	9	0.8
id-12923	9	7	11	0.9
id-12924	10	7	5	0.9
id-12925	9	7	16	0.8
id-12926	2	2	7	1.0
id-12927	9	5	11	0.9
id-12928	2	2	19	0.9
id-12929	2	3	7	1.0
id-12930	3	5	20	0.9
id-12931	9	7	30	1.0
id-12932	8	15	18	0.9
id-12933	8	16	5	0.9
id-12934	9	17	10	0.8
id-12935	1	2	11	0.8
id-12936	8	9	7	0.8
id-12937	6	12	18	0.9
id-12938	3	3	28	0.9
id-12939	4	7	3	0.9
id-12940	3	6	5	1.0
id-12941	5	7	8	0.8
id-12942	1	2	4	0.8
id-12943	8	7	27	1.0
id-12944	8	7	26	0.8
id-12945	7	14	4	0.8
id-12946	5	6	28	0.8
id-12947	7	8	16	0.9
id-12948	10	20	4	0.9
id-12949	5	8	21	0.8
id-12950	9	11	15	0.9
id-12951	9	17	1	0.8
id-12952	3	3	17	0.9
id-12953	8	16	16	0.9
id-12954	1	2	26	1.0
id-12955	4	4	5	0.9
id-12956	1	2	6	1.0
id-12957	2	3	23	0.9
id-12958	5	10	4	0.8
id-12959	2	3	9	0.8
id-12960	5	8	5	1.0
id-12961	10	15	2	0.9
id-12962	3	2	7	0.9
id-12963	1	2	22	0.8
id-12964	3	2	28	0.9
id-12965	8	3	13	0.9
id-12966	2	2	22	1.0
id-12967	7	4	1	0.9
id-12968	2	2	13	0.9
id-12969	1	2	19	0.9
id-12970	3	4	7	0.8
id-12971	8	5	22	0.8
id-12972	6	12	13	0.8
id-12973	1	2	27	0.9
id-12974	5	10	30	1.0
id-12975	7	7	29	0.9
id-12976	7	13	6	0.9
id-12977	1	2	20	0.9
id-12978	7	9	30	0.9
id-12979	10	18	24	0.9
id-12980	3	6	17	1.0
id-12981	4	7	16	0.9
id-12982	1	2	30	0.9
id-12983	3	3	11	0.8
id-12984	9	10	28	0.8
id-12985	7	6	2	0.8
id-12986	8	6	12	0.9
id-12987	7	3	1	0.8
id-12988	3	5	30	0.9
id-12989	5	3	27	1.0
id-12990	4	4	3	0.9
id-12991	9	2	6	0.8
id-12992	5	6	30	0.9
id-12993	3	4	20	0.8
id-12994	6	6	2	0.9
id-12995	2	4	30	0.8
id-12996	5	2	19	0.8
id-12997	10	11	10	0.8
id-12998	8	5	22	1.0
id-12999	1	2	5	0.8
id-13000	6	9	13	1.0
id-13001	10	17	6	0.9
id-13002	2	4	4	1.0
id-13003	2	4	30	0.8
id-13004	8	15	26	0.9
id-13005	4	5	3	0.9
id-13006	3	2	7	1.0
id-13007	7	5	26	0.8
id-13008	10	2	22	0.9
id-13009	3	6	17	0.8
id-13010	5	5	11	1.0
id-13011	10	13	27	0.9
id-13012	2	2	7	0.9
id-13013	8	4	19	0.8
id-13014	3	3	12	1.0
id-13015	8	9	26	0.8
id-13016	4	3	15	0.9
id-13017	2	3	20	0.8
id-13018	10	14	11	0.9
id-13019	3	3	12	0.8
id-13020	9	5	15	0.8
id-13021	7	2	25	0.9
id-13022	3	5	14	0.8
id-13023	10	14	29	0.9
id-13024	1	2	7	1.0
id-13025	9	7	21	0.9
id-13026	1	2	25	0.9
id-13027	3	4	13	0.8
id-13028	8	16	17	1.0
id-13029	4	8	28	0.9
id-13030	8	6	2	0.9
id-13031	6	8	22	1.0
id-13032	3	5	19	0.9
id-13033	8	2	10	0.9
id-13034	6	9	20	0.9
id-13035	8	15	2	0.9
id-13036	5	5	10	0.9
id-13037	8	10	26	0.8
id-13038	2	2	29	0.9
id-13039	9	12	27	0.9
id-13040	8	7	2	0.9
id-13041	5	3	12	0.9
id-13042	7	8	1	1.0
id-13043	4	7	28	0.9
id-13044	9	15	4	0.9
id-13045	6	7	5	0.8
id-13046	1	2	10	0.9
id-13047	6	4	28	1.0
id-13048	6	6	22	0.9
id-13049	8	5	14	0.8
id-13050	6	4	6	0.9
id-13051	1	2	11	1.0
id-13052	6	3	25	0.8
id-13053	1	2	29	0.9
id-13054	7	8	5	0.9
id-13055	3	3	28	0.9
id-13056	10	20	7	0.8
id-13057	6	8	23	1.0
id-13058	7	12	5	0.8
id-13059	10	10	30	1.0
id-13060	4	7	15	0.9
id-13061	7	10	19	0.9
id-13062	9	13	27	1.0
id-13063	1	2	15	0.9
id-13064	7	7	14	0.9
id-13065	3	3	24	0.8
id-13066	6	10	7	0.8
id-13067	2	2	2	1.0
id-13068	1	2	11	0.9
id-13069	7	5	22	1.0
id-13070	6	12	16	0.9
id-13071	5	6	17	0.9
id-13072	1	2	17	0.9
id-13073	9	15	8	0.8
id-13074	9	16	10	0.8
id-13075	10	7	13	1.0
id-13076	3	5	19	1.0
id-13077	10	4	23	0.9
id-13078	6	10	4	1.0
id-13079	2	2	9	1.0
id-13080	4	2	6	0.9
id-13081	2	3	21	0.9
id-13082	4	3	29	1.0
id-13083	5	9	12	1.0
id-13084	7	4	13	0.9
id-13085	2	2	6	1.0
id-13086	10	5	1	1.0
id-13087	9	16	2	0.9
id-13088	4	5	15	1.0
id-13089	4	6	20	0.9
id-13090	2	2	13	0.9
id-13091	5	10	25	1.0
id-13092	3	5	24	1.0
id-13093	5	4	5	1.0
id-13094	2	3	21	0.8
id-13095	1	2	11	0.9
id-13096	9	17	15	0.9
id-13097	9	5	10	0.8
id-13098	8	13	1	1.0
id-13099	6	6	8	0.9
id-13100	4	8	8	1.0
id-13101	10	6	28	0.9
id-13102	4	5	22	0.9
id-13103	7	13	11	0.9
id-13104	7	11	3	1.0
id-13105	2	2	18	0.9
id-13106	9	9	7	0.8
id-13107	2	3	11	0.9
id-13108	4	8	21	0.9
id-13109	2	4	8	0.9
id-13110	9	7	7	0.9
id-13111	4	6	16	0.9
id-13112	4	5	9	0.9
id-13113	6	4	7	1.0
id-13114	4	2	29	0.8
id-13115	10	6	1	0.9
id-13116	6	7	17	0.9
id-13117	9	11	15	0.9
id-13118	9	14	25	0.9
id-13119	7	9	9	0.8
id-13120	9	17	4	0.9
id-13121	7	8	7	0.9
id-13122	7	11	18	0.9
id-13123	2	3	7	0.8
id-13124	9	16	29	0.9
id-13125	9	5	24	0.9
id-13126	1	2	8	0.8
id-13127	7	8	19	0.9
id-13128	1	2	26	1.0
id-13129	6	11	17	0.8
id-13130	9	13	6	0.8
id-13131	7	7	5	0.8
id-13132	2	4	13	0.9
id-13133	9	10	8	1.0
id-13134	6	2	24	0.9
id-13135	9	7	30	1.0
id-13136	2	2	23	1.0
id-13137	7	9	18	0.9
id-13138	1	2	13	0.8
id-13139	7	4	10	0.8
id-13140	4	6	16	0.8
id-13141	10	2	30	1.0
id-13142	2	3	10	1.0
id-13143	10	10	2	0.8
id-13144	9	5	20	0.9
id-13145	6	2	1	0.9
id-13146	10	5	22	0.9
id-13147	10	12	28	1.0
id-13148	2	3	27	0.9
id-13149	7	7	23	1.0
id-13150	8	14	17	0.8
id-13151	6	2	13	0.9
id-13152	2	4	10	0.9
id-13153	10	4	23	0.8
id-13154	9	6	6	0.8
id-13155	6	12	13	0.9
id-13156	7	5	27	0.9
id-13157	10	15	10	0.9
id-13158	9	8	26	0.9
id-13159	1	2	25	0.8
id-13160	1	2	11	0.8
id-13161	6	5	19	0.9
id-13162	10	12	7	0.9
id-13163	1	2	23	0.8
id-13164	10	5	7	0.8
id-13165	2	2	20	0.9
id-13166	5	5	27	0.8
id-13167	10	9	1	1.0
id-13168	2	2	20	0.8
id-13169	1	2	25	0.8
id-13170	1	2	11	1.0
id-13171	7	10	17	0.9
id-13172	6	7	27	0.9
id-13173	6	9	16	1.0
id-13174	7	2	19	0.8
id-13175	1	2	7	0.9
id-13176	10	10	21	0.8
id-13177	4	6	24	1.0
id-13178	4	5	14	1.0
id-13179	8	14	4	0.8
id-13180	5	8	28	1.0
id-13181	9	9	18	0.9
id-13182	7	6	24	0.9
id-13183	4	8	30	1.0
id-13184	2	3	11	1.0
id-13185	4	4	15	0.8
id-13186	9	5	19	1.0
id-13187	1	2	8	0.9
id-13188	1	2	16	0.9
id-13189	5	10	7	0.8
id-13190	8	3	28	0.8
id-13191	3	6	17	0.9
id-13192	10	16	28	0.9
id-13193	6	11	7	0.9
id-13194	3	5	23	1.0
id-13195	5	5	27	0.8
id-13196	1	2	7	1.0
id-13197	9	7	8	0.9
id-13198	7	6	21	0.9
id-13199	10	8	2	0.9
id-13200	3	5	4	0.8
id-13201	9	8	9	0.9
id-13202	6	3	27	0.9
id-13203	9	18	14	0.9
id-13204	3	6	9	0.9
id-13205	2	4	13	1.0
id-13206	9	15	2	0.9
id-13207	2	4	13	0.9
id-13208	10	8	1	1.0
id-13209	7	3	14	1.0
id-13210	3	2	5	0.8
id-13211	3	4	11	0.8
id-13212	4	5	3	0.9
id-13213	3	3	3	0.9
id-13214	4	8	28	0.8
id-13215	2	2	30	0.9
id-13216	3	2	16	0.8
id-13217	2	4	29	0.9
id-13218	3	6	30	0.9
id-13219	7	3	10	0.8
id-13220	7	5	16	0.8
id-13221	8	4	12	1.0
id-13222	10	13	28	1.0
id-13223	10	10	12	1.0
id-13224	3	6	6	1.0
id-13225	9	13	10	0.9
id-13226	5	7	15	0.9
id-13227	7	8	7	0.8
id-13228	1	2	23	1.0
id-13229	9	14	8	0.8
id-13230	5	8	26	1.0
id-13231	10	2	19	0.9
id-13232	6	10	20	1.0
id-13233	5	6	5	1.0
id-13234	7	2	5	1.0
id-13235	4	8	24	0.9
id-13236	8	15	12	0.9
id-13237	6	4	7	0.9
id-13238	9	6	6	0.9
id-13239	1	2	14	0.9
id-13240	8	11	21	0.9
id-13241	8	5	26	0.9
id-13242	4	2	16	1.0
id-13243	5	2	23	0.9
id-13244	4	2	15	0.9
id-13245	9	15	15	0.9
id-13246	6	12	30	1.0
id-13247	1	2	18	1.0
id-13248	7	12	12	0.9
id-13249	9	6	4	0.9
id-13250	2	4	7	0.9
id-13251	10	11	22	0.9
id-13252	1	2	27	1.0
id-13253	5	2	20	0.9
id-13254	8	6	26	0.8
id-13255	1	2	25	1.0
id-13256	3	2	14	0.8
id-13257	7	2	29	0.9
id-13258	6	5	1	0.8
id-13259	5	3	8	0.8
id-13260	7	5	15	0.9
id-13261	5	7	20	1.0
id-13262	4	8	29	0.9
id-13263	3	6	8	1.0
id-13264	5	3	13	0.9
id-13265	4	3	3	0.9
id-13266	4	3	8	0.9
id-13267	1	2	3	0.9
id-13268	7	14	6	0.9
id-13269	8	16	5	0.8
id-13270	5	2	8	0.8
id-13271	7	5	25	0.8
id-13272	3	2	28	0.8
id-13273	3	4	30	0.9
id-13274	1	2	4	1.0
id-13275	2	4	2	0.8
id-13276	7	10	30	1.0
id-13277	1	2	18	0.9
id-13278	1	2	25	0.9
id-13279	5	10	27	0.9
id-13280	1	2	21	1.0
id-13281	5	2	16	0.8
id-13282	6	4	27	0.8
id-13283	2	2	13	1.0
id-13284	2	2	13	0.9
id-13285	7	11	21	1.0
id-13286	4	3	1	0.9
id-13287	6	4	14	0.9
id-13288	5	5	27	0.9
id-13289	1	2	11	1.0
id-13290	10	7	22	1.0
id-13291	6	12	6	0.9
id-13292	2	3	6	0.9
id-13293	3	3	14	0.9
id-13294	9	12	20	0.9
id-13295	4	7	7	1.0
id-13296	5	9	7	0.9
id-13297	4	3	11	0.8
id-13298	2	3	18	1.0
id-13299	8	6	20	1.0
id-13300	6	5	3	0.9
id-13301	9	6	5	0.9
id-13302	2	2	19	0.9
id-13303	10	6	1	0.8
id-13304	9	16	30	0.8
id-13305	8	11	10	0.9
id-13306	3	4	12	0.8
id-13307	1	2	26	0.8
id-13308	9	2	3	0.9
id-13309	9	2	27	0.9
id-13310	1	2	14	1.0
id-13311	7	10	18	1.0
id-13312	8	5	1	0.9
id-13313	5	5	11	0.9
id-13314	2	4	28	0.8
id-13315	2	4	6	1.0
id-13316	8	13	16	0.9
id-13317	6	2	4	0.8
id-13318	7	9	22	1.0
id-13319	10	8	28	1.0
id-13320	8	12	20	0.9
id-13321	6	8	13	1.0
id-13322	9	12	15	0.9
id-13323	2	3	14	1.0
id-13324	5	4	25	1.0
id-13325	2	4	18	1.0
id-13326	2	2	15	0.8
id-13327	4	6	1	0.8
id-13328	7	9	28	0.9
id-13329	1	2	10	1.0
id-13330	3	2	17	1.0
id-13331	5	9	23	1.0
id-13332	7	6	16	1.0
id-13333	6	4	9	1.0
id-13334	7	12	6	1.0
id-13335	5	10	3	0.9
id-13336	6	4	28	0.9
id-13337	4	6	12	1.0
id-13338	8	6	18	0.8
id-13339	5	3	23	0.8
id-13340	7	5	22	1.0
id-13341	6	12	23	0.9
id-13342	6	9	25	0.9
id-13343	3	6	19	0.9
id-13344	10	12	9	1.0
id-13345	3	3	5	0.9
id-13346	5	10	15	1.0
id-13347	4	5	12	0.8
id-13348	4	3	7	0.9
id-13349	1	2	29	1.0
id-13350	2	4	4	0.8
id-13351	3	4	18	0.9
id-13352	7	5	29	1.0
id-13353	3	6	12	0.8
id-13354	5	3	22	0.8
id-13355	1	2	15	1.0
id-13356	7	14	21	0.8
id-13357	3	6	3	0.9
id-13358	3	6	1	0.8
id-13359	7	14	15	1.0
id-13360	1	2	11	0.9
id-13361	1	2	24	0.8
id-13362	1	2	6	1.0
id-13363	4	5	20	1.0
id-13364	2	2	9	0.9
id-13365	9	17	24	1.0
id-13366	3	3	7	1.0
id-13367	10	10	22	0.8
id-13368	6	2	9	0.9
id-13369	5	9	11	0.9
id-13370	4	7	30	0.9
id-13371	2	3	11	1.0
id-13372	10	16	18	0.9
id-13373	10	10	4	0.9
id-13374	10	4	1	0.8
id-13375	4	4	16	0.9
id-13376	7	5	24	1.0
id-13377	7	10	2	0.9
id-13378	8	13	16	0.8
id-13379	9	18	28	1.0
id-13380	5	3	21	0.9
id-13381	9	6	26	0.9
id-13382	8	7	4	0.9
id-13383	8	8	19	0.9
id-13384	2	4	27	1.0
id-13385	7	8	25	1.0
id-13386	2	3	24	0.9
id-13387	5	10	10	1.0
id-13388	1	2	5	0.9
id-13389	8	14	18	0.8
id-13390	4	7	16	1.0
id-13391	4	8	13	0.9
id-13392	5	5	27	1.0
id-13393	9	7	9	1.0
id-13394	1	2	22	0.9
id-13395	9	6	24	0.9
id-13396	9	3	17	0.9
id-13397	2	4	29	1.0
id-13398	6	2	15	0.8
id-13399	5	5	6	0.9
id-13400	6	11	27	1.0
id-13401	8	9	15	0.9
id-13402	2	4	24	0.9
id-13403	9	3	8	0.9
id-13404	2	2	15	0.8
id-13405	8	8	11	0.9
id-13406	3	2	30	0.8
id-13407	2	3	24	0.9
id-13408	10	14	5	0.9
id-13409	3	3	14	0.9
id-13410	7	5	17	0.9
id-13411	8	9	30	0.8
id-13412	5	3	18	1.0
id-13413	4	6	3	1.0
id-13414	4	4	4	0.8
id-13415	10	8	9	0.9
id-13416	7	9	19	0.9
id-13417	1	2	16	0.8
id-13418	10	9	8	1.0
id-13419	10	11	14	0.9
id-13420	8	6	13	0.9
id-13421	10	12	17	1.0
id-13422	1	2	29	0.9
id-13423	5	4	17	0.9
id-13424	7	6	29	1.0
id-13425	5	2	7	0.9
id-13426	4	3	23	1.0
id-13427	6	8	29	0.8
id-13428	4	4	25	1.0
id-13429	6	8	8	0.9
id-13430	2	3	9	0.8
id-13431	8	8	8	0.9
id-13432	10	15	8	0.9
id-13433	2	3	27	0.9
id-13434	10	3	23	0.8
id-13435	5	2	30	1.0
id-13436	2	3	13	0.9
id-13437	10	7	16	0.9
id-13438	4	4	14	0.9
id-13439	3	6	15	0.8
id-13440	4	3	21	0.8
id-13441	2	2	8	0.9
id-13442	3	2	12	0.9
id-13443	1	2	2	0.8
id-13444	2	3	3	1.0
id-13445	5	3	5	0.9
id-13446	4	5	16	0.9
id-13447	7	6	22	0.9
id-13448	2	4	9	1.0
id-13449	6	2	14	1.0
id-13450	2	2	10	0.9
id-13451	9	13	30	1.0
id-13452	6	9	18	0.9
id-13453	9	9	5	1.0
id-13454	2	4	21	0.9
id-13455	8	6	15	1.0
id-13456	2	4	24	0.8
id-13457	8	9	29	0.9
id-13458	7	4	5	0.9
id-13459	4	4	10	1.0
id-13460	10	9	1	1.0
id-13461	4	8	19	0.8
id-13462	9	17	7	1.0
id-13463	2	2	23	1.0
id-13464	5	7	24	0.8
id-13465	5	6	14	0.9
id-13466	3	4	12	1.0
id-13467	9	14	13	0.8
id-13468	7	5	10	0.9
id-13469	8	5	6	0.9
id-13470	8	6	29	0.9
id-13471	9	14	3	1.0
id-13472	8	6	18	0.9
id-13473	2	4	11	0.9
id-13474	3	5	10	0.9
id-13475	4	7	7	0.9
id-13476	6	5	29	0.8
id-13477	8	10	20	0.8
id-13478	7	7	28	0.9
id-13479	3	6	28	0.9
id-13480	8	4	11	1.0
id-13481	9	3	15	0.9
id-13482	6	3	6	0.9
id-13483	6	3	17	0.9
id-13484	3	2	1	0.9
id-13485	2	2	16	0.9
id-13486	1	2	17	0.8
id-13487	4	3	8	0.9
id-13488	6	8	20	1.0
id-13489	5	7	18	0.9
id-13490	1	2	4	0.9
id-13491	9	4	5	0.9
id-13492	2	3	15	0.8
id-13493	9	8	10	0.9
id-13494	1	2	7	0.9
id-13495	2	2	7	0.9
id-13496	4	3	10	0.9
id-13497	3	2	18	1.0
id-13498	10	7	15	0.9
id-13499	7	12	9	0.8
id-13500	5	3	20	0.9
id-13501	5	6	28	0.8
id-13502	2	3	3	0.8
id-13503	9	12	16	1.0
id-13504	9	18	2	1.0
id-13505	6	3	13	1.0
id-13506	1	2	24	0.9
id-13507	10	4	23	1.0
id-13508	4	2	4	0.8
id-13509	10	14	27	0.8
id-13510	7	8	27	1.0
id-13511	4	5	27	0.8
id-13512	4	2	11	0.8
id-13513	9	18	7	0.9
id-13514	5	10	18	0.9
id-13515	3	6	26	1.0
id-13516	3	6	6	0.9
id-13517	4	8	7	0.9
id-13518	2	4	2	0.8
id-13519	9	18	23	0.9
id-13520	1	2	24	0.8
id-13521	5	10	27	1.0
id-13522	7	9	21	0.9
id-13523	9	9	18	0.8
id-13524	2	2	3	0.8
id-13525	1	2	1	1.0
id-13526	8	10	25	0.9
id-13527	6	7	15	0.8
id-13528	8	4	19	0.9
id-13529	4	7	5	0.8
id-13530	2	3	15	0.9
id-13531	10	11	21	0.9
id-13532	4	7	26	1.0
id-13533	7	8	20	0.9
id-13534	10	16	24	0.9
id-13535	7	14	24	0.9
id-13536	3	6	26	1.0
id-13537	8	6	2	0.9
id-13538	7	14	6	0.9
id-13539	10	10	14	1.0
id-13540	7	7	20	0.8
id-13541	8	14	16	1.0
id-13542	5	10	28	0.8
id-13543	10	14	27	0.9
id-13544	3	4	29	0.8
id-13545	2	2	8	0.9
id-13546	6	4	9	0.9
id-13547	5	2	16	0.8
id-13548	7	14	20	0.9
id-13549	4	4	19	0.9
id-13550	3	3	7	1.0
id-13551	3	6	13	0.8
id-13552	6	8	20	0.8
id-13553	1	2	3	0.9
id-13554	9	2	12	1.0
id-13555	6	6	9	1.0
id-13556	8	6	28	1.0
id-13557	8	12	2	0.8
id-13558	7	14	27	0.9
id-13559	5	8	26	0.9
id-13560	2	3	15	0.8
id-13561	9	11	22	1.0
id-13562	2	2	25	0.9
id-13563	4	6	12	0.8
id-13564	8	7	30	0.9
id-13565	5	5	29	0.9
id-13566	6	8	10	0.8
id-13567	2	2	12	1.0
id-13568	2	2	16	0.8
id-13569	10	6	20	0.8
id-13570	9	3	12	0.8
id-13571	3	6	24	0.8
id-13572	8	9	4	0.9
id-13573	5	9	29	0.9
id-13574	10	9	23	0.9
id-13575	8	9	7	0.9
id-13576	8	2	9	1.0
id-13577	1	2	23	0.8
id-13578	4	8	29	0.9
id-13579	5	7	14	1.0
id-13580	2	2	10	0.9
id-13581	4	3	8	1.0
id-13582	10	10	11	0.9
id-13583	7	3	30	0.8
id-13584	4	8	5	0.8
id-13585	8	13	20	0.9
id-13586	6	12	11	0.8
id-13587	6	12	19	0.9
id-13588	1	2	1	0.9
id-13589	4	4	14	1.0
id-13590	6	12	1	0.8
id-13591	7	6	22	0.8
id-13592	8	11	1	0.9
id-13593	10	14	19	0.8
id-13594	8	5	3	0.9
id-13595	3	5	3	1.0
id-13596	10	3	18	0.9
id-13597	1	2	19	0.9
id-13598	4	7	6	0.9
id-13599	9	18	1	0.9
id-13600	2	2	27	1.0
id-13601	7	2	12	0.9
id-13602	5	2	17	0.9
id-13603	4	3	5	1.0
id-13604	1	2	24	1.0
id-13605	2	2	11	0.9
id-13606	10	3	9	0.8
id-13607	7	3	20	0.9
id-13608	1	2	7	1.0
id-13609	8	15	20	1.0
id-13610	8	7	8	0.9
id-13611	5	10	11	1.0
id-13612	10	2	7	0.9
id-13613	1	2	18	0.9
id-13614	9	18	10	0.9
id-13615	4	6	17	1.0
id-13616	4	8	26	0.8
id-13617	10	5	20	0.9
id-13618	2	4	28	0.8
id-13619	3	6	12	0.8
id-13620	1	2	2	0.9
id-13621	7	11	5	1.0
id-13622	1	2	12	1.0
id-13623	10	6	17	0.9
id-13624	8	2	22	0.9
id-13625	7	7	1	0.9
id-13626	9	9	13	0.9
id-13627	8	4	18	0.9
id-13628	1	2	22	0.9
id-13629	8	7	22	1.0
id-13630	4	4	24	0.9
id-13631	10	18	25	0.9
id-13632	9	10	2	0.8
id-13633	2	3	30	0.8
id-13634	5	4	24	0.9
id-13635	10	9	20	1.0
id-13636	4	7	25	1.0
id-13637	6	5	28	0.9
id-13638	7	6	1	0.9
id-13639	3	3	23	0.9
id-13640	7	11	18	0.8
id-13641	10	9	13	0.9
id-13642	2	2	9	0.8
id-13643	3	6	21	1.0
id-13644	5	4	22	0.8
id-13645	6	8	25	0.8
id-13646	8	15	7	0.9
id-13647	3	4	24	0.9
id-13648	6	9	12	0.8
id-13649	10	6	29	0.8
id-13650	8	13	13	1.0
id-13651	4	3	11	0.8
id-13652	8	9	22	0.9
id-13653	3	3	14	0.8
id-13654	2	3	30	0.9
id-13655	7	13	4	1.0
id-13656	3	3	15	1.0
id-13657	3	2	4	0.9
id-13658	9	13	19	0.9
id-13659	4	8	12	1.0
id-13660	4	7	28	0.9
id-13661	3	5	21	1.0
id-13662	3	4	18	0.9
id-13663	9	6	21	1.0
id-13664	1	2	8	0.9
id-13665	2	4	26	0.9
id-13666	1	2	2	0.8
id-13667	8	4	18	0.9
id-13668	1	2	18	1.0
id-13669	3	2	4	0.8
id-13670	3	4	21	1.0
id-13671	9	11	7	1.0
id-13672	5	7	29	1.0
id-13673	6	8	23	1.0
id-13674	3	2	4	0.9
id-13675	10	14	10	0.9
id-13676	4	3	9	0.9
id-13677	2	2	26	0.8
id-13678	7	3	23	0.9
id-13679	10	5	23	0.8
id-13680	10	6	25	0.9
id-13681	4	2	12	0.9
id-13682	5	4	23	1.0
id-13683	8	16	4	0.9
id-13684	9	18	2	0.8
id-13685	10	14	12	0.9
id-13686	6	4	29	0.8
id-13687	3	4	25	0.9
id-13688	9	12	3	0.9
id-13689	5	2	30	0.9
id-13690	1	2	1	0.9
id-13691	7	7	20	0.8
id-13692	4	2	7	1.0
id-13693	4	3	24	0.9
id-13694	9	2	27	1.0
id-13695	4	3	10	0.8
id-13696	3	5	24	0.8
id-13697	1	2	12	0.9
id-13698	8	12	8	1.0
id-13699	4	5	9	1.0
id-13700	9	6	11	0.8
id-13701	6	7	10	1.0
id-13702	3	3	22	0.9
id-13703	4	6	29	0.9
id-13704	1	2	12	0.8
id-13705	4	6	16	1.0
id-13706	7	13	9	0.9
id-13707	10	13	14	0.8
id-13708	3	5	4	1.0
id-13709	6	12	24	1.0
id-13710	3	6	28	0.8
id-13711	3	6	10	0.8
id-13712	2	2	16	0.8
id-13713	5	10	1	0.9
id-13714	10	10	24	0.9
id-13715	10	12	20	0.9
id-13716	4	3	29	0.9
id-13717	7	14	29	0.9
id-13718	9	18	25	0.9
id-13719	4	3	27	0.9
id-13720	6	12	6	1.0
id-13721	8	12	8	0.9
id-13722	6	7	30	0.9
id-13723	1	2	13	0.9
id-13724	3	3	29	0.9
id-13725	3	3	18	0.9
id-13726	3	6	13	0.9
id-13727	6	11	25	0.9
id-13728	1	2	5	0.9
id-13729	10	10	21	1.0
id-13730	10	15	28	0.9
id-13731	2	2	23	0.9
id-13732	3	4	2	0.9
id-13733	6	3	3	0.9
id-13734	10	4	17	0.9
id-13735	7	10	8	0.9
id-13736	3	6	18	0.9
id-13737	4	3	4	1.0
id-13738	2	2	14	0.9
id-13739	7	13	3	0.8
id-13740	10	15	3	1.0
id-13741	1	2	5	0.9
id-13742	10	3	5	0.9
id-13743	1	2	18	1.0
id-13744	5	10	19	1.0
id-13745	6	3	8	0.8
id-13746	2	4	22	0.9
id-13747	4	6	9	0.9
id-13748	1	2	26	0.9
id-13749	5	9	17	0.9
id-13750	8	7	2	0.9
id-13751	2	3	19	0.9
id-13752	2	4	17	0.9
id-13753	10	9	24	0.8
id-13754	5	4	27	0.9
id-13755	6	12	21	0.9
id-13756	7	12	20	0.9
id-13757	9	9	27	1.0
id-13758	2	4	27	1.0
id-13759	10	4	28	0.8
id-13760	8	7	12	1.0
id-13761	9	13	21	0.8
id-13762	1	2	21	0.9
id-13763	7	7	28	0.9
id-13764	10	4	5	0.8
id-13765	6	11	10	0.9
id-13766	5	3	6	1.0
id-13767	2	4	30	0.8
id-13768	9	4	19	0.9
id-13769	5	3	30	1.0
id-13770	3	6	28	1.0
id-13771	3	3	10	0.9
id-13772	3	4	3	1.0
id-13773	5	2	28	0.9
id-13774	9	10	18	0.9
id-13775	4	4	5	0.9
id-13776	4	4	12	0.9
id-13777	6	6	24	0.9
id-13778	2	2	19	0.8
id-13779	10	20	11	0.8
id-13780	10	9	16	1.0
id-13781	7	11	15	0.9
id-13782	7	12	10	0.9
id-13783	5	5	4	0.8
id-13784	2	2	8	0.8
id-13785	9	5	16	0.9
id-13786	1	2	30	0.9
id-13787	10	14	13	0.8
id-13788	1	2	7	0.8
id-13789	5	10	17	0.9
id-13790	8	16	21	1.0
id-13791	10	18	13	0.8
id-13792	1	2	28	0.8
id-13793	10	11	24	1.0
id-13794	4	6	18	0.8
id-13795	4	5	10	0.9
id-13796	1	2	26	1.0
id-13797	9	10	24	0.8
id-13798	8	12	26	0.9
id-13799	10	10	30	0.9
id-13800	10	15	1	0.9
id-13801	2	3	22	0.9
id-13802	7	4	9	0.8
id-13803	3	4	28	1.0
id-13804	9	6	10	0.9
id-13805	4	2	12	1.0
id-13806	6	9	14	0.9
id-13807	9	12	22	0.9
id-13808	2	4	28	0.8
id-13809	2	4	6	0.9
id-13810	7	8	26	0.9
id-13811	1	2	27	0.8
id-13812	7	8	4	0.8
id-13813	7	12	8	1.0
id-13814	5	4	23	0.9
id-13815	3	6	2	0.9
id-13816	5	6	7	1.0
id-13817	4	7	6	0.9
id-13818	9	18	23	1.0
id-13819	8	8	23	0.9
id-13820	2	4	30	0.9
id-13821	10	11	27	0.8
id-13822	3	3	18	0.9
id-13823	6	9	2	1.0
id-13824	3	6	5	0.9
id-13825	10	17	26	0.8
id-13826	8	4	23	1.0
id-13827	2	2	12	0.9
id-13828	9	17	14	0.8
id-13829	8	7	23	0.9
id-13830	1	2	25	0.8
id-13831	8	6	23	0.8
id-13832	9	14	7	0.9
id-13833	5	8	22	0.9
id-13834	6	6	13	0.9
id-13835	1	2	2	0.9
id-13836	10	2	18	1.0
id-13837	6	4	12	1.0
id-13838	6	7	27	0.8
id-13839	9	8	30	1.0
id-13840	4	8	5	0.9
id-13841	9	12	2	0.8
id-13842	8	13	29	0.9
id-13843	8	13	5	0.9
id-13844	2	2	16	0.9
id-13845	2	3	17	1.0
id-13846	10	13	6	1.0
id-13847	8	12	13	0.9
id-13848	7	5	1	0.9
id-13849	7	14	13	0.9
id-13850	9	16	1	1.0
id-13851	7	10	20	0.9
id-13852	1	2	7	1.0
id-13853	6	9	1	1.0
id-13854	9	16	1	0.8
id-13855	9	11	11	0.9
id-13856	10	14	18	0.9
id-13857	9	18	21	0.8
id-13858	7	6	13	0.8
id-13859	3	4	27	1.0
id-13860	7	5	3	0.9
id-13861	5	6	20	1.0
id-13862	10	14	16	0.9
id-13863	9	15	11	0.9
id-13864	7	2	4	0.8
id-13865	8	9	10	0.8
id-13866	10	20	17	0.9
id-13867	9	10	17	0.8
id-13868	8	7	19	0.9
id-13869	3	2	10	0.9
id-13870	4	2	6	0.9
id-13871	7	2	4	0.8
id-13872	5	6	3	0.9
id-13873	2	4	13	0.9
id-13874	3	4	3	0.9
id-13875	5	7	2	1.0
id-13876	6	6	22	0.8
id-13877	8	15	8	0.9
id-13878	4	2	3	1.0
id-13879	9	8	24	0.8
id-13880	4	2	5	0.9
id-13881	10	5	11	0.8
id-13882	3	3	25	1.0
id-13883	1	2	30	0.8
id-13884	4	4	2	1.0
id-13885	4	4	19	1.0
id-13886	8	7	11	0.9
id-13887	4	5	10	0.9
id-13888	9	14	29	1.0
id-13889	6	8	12	1.0
id-13890	4	6	17	0.9
id-13891	6	2	15	0.9
id-13892	3	5	28	1.0
id-13893	8	14	24	0.8
id-13894	4	5	14	0.9
id-13895	9	9	3	0.9
id-13896	1	2	9	0.9
id-13897	7	3	25	0.8
id-13898	10	11	17	0.9
id-13899	9	7	20	1.0
id-13900	9	7	7	0.9
id-13901	2	2	3	1.0
id-13902	5	6	27	0.9
id-13903	4	2	11	0.9
id-13904	6	9	3	1.0
id-13905	8	13	14	1.0
id-13906	6	12	14	1.0
id-13907	4	6	21	0.9
id-13908	8	3	18	1.0
id-13909	3	3	2	0.9
id-13910	5	7	29	0.9
id-13911	5	9	24	0.9
id-13912	6	2	24	0.9
id-13913	6	11	18	0.8
id-13914	3	3	20	1.0
id-13915	10	8	5	0.9
id-13916	4	6	14	0.9
id-13917	9	5	16	0.8
id-13918	2	2	27	0.9
id-13919	9	17	11	0.9
id-13920	3	6	13	0.9
id-13921	7	13	29	0.8
id-13922	2	4	14	0.9
id-13923	7	5	27	0.9
id-13924	3	3	22	0.9
id-13925	4	5	25	0.9
id-13926	5	5	11	0.9
id-13927	1	2	24	0.9
id-13928	5	6	7	0.9
id-13929	6	4	18	1.0
id-13930	2	4	16	1.0
id-13931	6	5	8	1.0
id-13932	4	6	24	1.0
id-13933	2	4	9	0.8
id-13934	8	10	9	0.9
id-13935	4	2	30	1.0
id-13936	3	5	8	0.9
id-13937	4	2	18	0.9
id-13938	9	8	18	0.8
id-13939	1	2	30	0.8
id-13940	2	3	7	0.9
id-13941	7	8	28	0.9
id-13942	4	3	3	0.9
id-13943	3	2	13	0.8
id-13944	3	4	12	0.8
id-13945	10	14	19	0.9
id-13946	4	4	6	0.9
id-13947	10	15	22	0.9
id-13948	1	2	16	1.0
id-13949	8	16	2	0.8
id-13950	2	2	21	0.9
id-13951	8	10	20	0.9
id-13952	1	2	30	0.8
id-13953	4	3	30	0.9
id-13954	9	4	25	1.0
id-13955	3	5	20	1.0
id-13956	5	3	9	0.9
id-13957	9	5	10	0.8
id-13958	6	8	12	0.8
id-13959	10	9	23	0.9
id-13960	4	3	8	1.0
id-13961	5	7	28	0.9
id-13962	10	15	16	0.8
id-13963	6	4	5	1.0
id-13964	8	16	6	0.9
id-13965	7	6	6	0.9
id-13966	2	3	21	0.9
id-13967	7	12	3	0.9
id-13968	10	13	21	0.8
id-13969	2	4	27	1.0
id-13970	3	2	29	0.9
id-13971	3	6	4	0.8
id-13972	6	2	30	0.9
id-13973	9	2	14	0.9
id-13974	4	5	27	0.9
id-13975	4	7	17	0.9
id-13976	5	8	8	0.9
id-13977	4	7	30	1.0
id-13978	6	5	29	0.9
id-13979	1	2	13	0.9
id-13980	1	2	6	0.9
id-13981	1	2	3	1.0
id-13982	2	2	12	0.9
id-13983	3	4	3	0.9
id-13984	9	6	18	0.8
id-13985	1	2	27	0.9
id-13986	8	4	23	0.9
id-13987	4	8	2	0.9
id-13988	7	11	12	0.8
id-13989	9	12	20	1.0
id-13990	7	3	2	0.9
id-13991	10	10	26	0.9
id-13992	6	9	12	0.9
id-13993	3	6	1	0.9
id-13994	2	2	13	0.8
id-13995	10	15	4	0.9
id-13996	8	5	5	0.9
id-13997	3	5	23	0.9
id-13998	7	5	9	0.8
id-13999	4	7	9	0.8
id-14000	3	6	2	0.8
id-14001	7	6	21	1.0
id-14002	8	7	22	0.8
id-14003	10	5	3	0.8
id-14004	7	2	9	0.9
id-14005	9	8	29	1.0
id-14006	1	2	29	0.9
id-14007	7	9	11	0.8
id-14008	5	8	5	0.9
id-14009	8	8	22	0.8
id-14010	6	2	16	0.9
id-14011	1	2	19	0.8
id-14012	8	9	24	0.9
id-14013	2	2	21	0.9
id-14014	3	5	13	0.9
id-14015	5	10	25	0.8
id-14016	2	3	5	0.9
id-14017	3	6	27	0.9
id-14018	9	3	13	0.9
id-14019	6	3	27	0.9
id-14020	3	4	24	0.8
id-14021	9	13	23	0.9
id-14022	5	8	3	0.8
id-14023	3	2	23	0.9
id-14024	8	13	30	1.0
id-14025	2	4	20	1.0
id-14026	3	4	25	0.9
id-14027	3	6	12	0.9
id-14028	5	2	13	0.8
id-14029	2	4	6	1.0
id-14030	10	2	15	0.9
id-14031	8	13	23	0.9
id-14032	9	17	12	0.8
id-14033	9	3	22	1.0
id-14034	3	5	10	0.9
id-14035	6	2	5	0.9
id-14036	8	7	23	1.0
id-14037	8	10	30	0.9
id-14038	1	2	4	0.9
id-14039	10	9	3	1.0
id-14040	9	8	3	1.0
id-14041	6	10	10	1.0
id-14042	1	2	26	0.9
id-14043	4	3	2	0.8
id-14044	3	6	25	0.9
id-14045	9	14	16	0.8
id-14046	10	11	24	1.0
id-14047	9	12	1	0.9
id-14048	5	6	19	0.9
id-14049	1	2	7	1.0
id-14050	8	11	22	0.9
id-14051	10	7	5	0.8
id-14052	6	10	24	0.9
id-14053	7	2	16	1.0
id-14054	7	11	14	0.8
id-14055	7	9	21	0.8
id-14056	7	2	24	0.9
id-14057	3	4	29	1.0
id-14058	7	6	18	0.9
id-14059	5	6	15	0.9
id-14060	7	4	26	1.0
id-14061	1	2	25	1.0
id-14062	9	6	2	0.9
id-14063	10	6	3	0.9
id-14064	8	11	7	1.0
id-14065	2	2	11	0.9
id-14066	4	4	11	0.9
id-14067	9	11	18	0.9
id-14068	7	3	2	1.0
id-14069	1	2	15	0.8
id-14070	5	8	14	0.9
id-14071	8	15	14	0.9
id-14072	1	2	17	0.8
id-14073	7	11	26	0.9
id-14074	1	2	4	0.8
id-14075	6	11	14	1.0
id-14076	4	3	15	0.9
id-14077	9	9	15	1.0
id-14078	2	3	28	0.9
id-14079	3	2	21	0.8
id-14080	8	15	13	0.9
id-14081	3	4	11	0.9
id-14082	4	7	29	0.9
id-14083	8	15	20	1.0
id-14084	2	4	16	0.9
id-14085	8	6	2	0.9
id-14086	9	18	13	0.9
id-14087	1	2	19	0.8
id-14088	2	2	12	0.9
id-14089	2	2	2	0.8
id-14090	1	2	16	0.8
id-14091	5	7	23	1.0
id-14092	1	2	14	0.9
id-14093	7	3	21	0.9
id-14094	10	2	12	0.8
id-14095	4	4	25	0.8
id-14096	6	12	7	0.9
id-14097	8	5	20	0.8
id-14098	9	15	8	0.9
id-14099	7	7	18	0.9
id-14100	6	3	27	1.0
id-14101	2	3	1	0.9
id-14102	5	3	1	0.9
id-14103	4	5	22	0.9
id-14104	9	8	3	0.9
id-14105	1	2	3	0.9
id-14106	8	3	13	0.9
id-14107	8	5	24	0.8
id-14108	9	10	4	1.0
id-14109	3	6	6	1.0
id-14110	1	2	28	0.9
id-14111	10	6	10	0.9
id-14112	4	8	10	0.8
id-14113	4	2	7	0.9
id-14114	7	9	29	0.9
id-14115	9	10	14	1.0
id-14116	6	6	17	0.9
id-14117	6	7	23	1.0
id-14118	6	5	24	0.9
id-14119	2	4	8	0.8
id-14120	10	16	8	1.0
id-14121	9	10	22	0.8
id-14122	8	8	12	0.9
id-14123	4	6	27	0.9
id-14124	1	2	26	1.0
id-14125	3	6	18	1.0
id-14126	5	4	19	0.8
id-14127	7	7	18	0.9
id-14128	6	12	29	0.9
id-14129	6	4	3	0.8
id-14130	4	4	17	0.8
id-14131	7	13	20	0.8
id-14132	5	6	18	0.9
id-14133	7	2	2	0.8
id-14134	1	2	18	0.8
id-14135	9	11	17	0.9
id-14136	3	2	12	0.8
id-14137	8	2	22	0.8
id-14138	3	4	13	0.9
id-14139	7	14	20	0.9
id-14140	2	3	25	1.0
id-14141	2	2	24	1.0
id-14142	7	6	29	0.8
id-14143	5	2	3	0.9
id-14144	4	8	15	0.9
id-14145	10	14	1	0.9
id-14146	1	2	13	0.9
id-14147	7	11	2	0.9
id-14148	9	18	1	0.9
id-14149	4	8	14	0.9
id-14150	9	5	7	0.9
id-14151	5	5	25	0.8
id-14152	3	3	3	1.0
id-14153	8	16	3	0.9
id-14154	1	2	27	0.9
id-14155	10	9	5	0.9
id-14156	8	16	14	0.9
id-14157	9	14	19	0.9
id-14158	3	6	20	0.9
id-14159	5	3	25	0.9
id-14160	6	11	4	0.8
id-14161	5	7	7	0.8
id-14162	7	14	30	0.9
id-14163	8	13	20	0.9
id-14164	5	2	6	0.9
id-14165	4	7	24	0.8
id-14166	1	2	6	1.0
id-14167	8	6	20	1.0
id-14168	6	2	29	0.9
id-14169	8	12	23	0.9
id-14170	7	3	18	0.9
id-14171	6	3	21	0.8
id-14172	8	13	20	0.9
id-14173	9	14	4	0.9
id-14174	9	16	1	0.8
id-14175	3	6	20	0.9
id-14176	8	8	20	0.9
id-14177	3	6	17	1.0
id-14178	4	5	29	0.9
id-14179	9	12	18	0.9
id-14180	2	2	7	0.9
id-14181	7	2	13	0.9
id-14182	9	4	15	0.9
id-14183	6	7	21	1.0
id-14184	3	6	15	0.8
id-14185	1	2	30	0.9
id-14186	2	2	3	1.0
id-14187	2	4	5	0.8
id-14188	4	3	7	0.9
id-14189	4	5	9	0.8
id-14190	3	5	7	0.8
id-14191	7	11	25	0.9
id-14192	7	12	10	1.0
id-14193	8	8	12	0.9
id-14194	10	14	16	0.9
id-14195	4	7	21	0.8
id-14196	2	4	13	0.9
id-14197	10	19	21	0.8
id-14198	1	2	23	1.0
id-14199	1	2	11	0.9
id-14200	2	3	1	0.9
id-14201	1	2	29	0.9
id-14202	8	14	15	0.8
id-14203	10	11	12	1.0
id-14204	7	12	26	1.0
id-14205	8	3	17	0.9
id-14206	8	14	6	1.0
id-14207	8	14	1	0.9
id-14208	8	7	23	1.0
id-14209	10	20	9	1.0
id-14210	7	9	20	0.8
id-14211	7	6	20	0.9
id-14212	8	5	7	0.9
id-14213	9	12	6	0.8
id-14214	5	6	13	0.9
id-14215	3	4	18	0.9
id-14216	1	2	13	0.9
id-14217	10	7	20	0.9
id-14218	2	2	23	0.9
id-14219	7	3	7	1.0
id-14220	10	11	21	1.0
id-14221	7	4	24	0.9
id-14222	1	2	7	0.9
id-14223	10	16	12	0.9
id-14224	8	2	8	1.0
id-14225	3	2	29	1.0
id-14226	7	11	7	1.0
id-14227	9	6	27	0.9
id-14228	2	4	6	0.9
id-14229	5	10	29	0.9
id-14230	1	2	14	0.9
id-14231	5	2	13	1.0
id-14232	7	10	16	0.9
id-14233	9	7	20	1.0
id-14234	2	4	19	0.8
id-14235	8	8	20	0.9
id-14236	5	6	21	0.9
id-14237	6	12	8	1.0
id-14238	9	7	30	0.9
id-14239	1	2	26	0.9
id-14240	6	4	17	0.9
id-14241	9	14	16	0.9
id-14242	3	5	26	0.9
id-14243	5	9	13	0.8
id-14244	2	4	27	0.9
id-14245	1	2	2	0.9
id-14246	7	13	19	1.0
id-14247	6	8	8	0.9
id-14248	2	4	12	0.8
id-14249	8	4	8	0.9
id-14250	5	5	12	0.8
id-14251	4	3	2	0.8
id-14252	4	7	11	1.0
id-14253	1	2	6	0.9
id-14254	10	4	20	1.0
id-14255	2	4	3	0.9
id-14256	3	3	1	1.0
id-14257	3	5	2	0.9
id-14258	8	6	3	0.9
id-14259	9	3	1	0.8
id-14260	8	10	30	0.8
id-14261	2	2	27	0.9
id-14262	4	4	20	0.9
id-14263	5	7	4	0.9
id-14264	3	5	10	0.8
id-14265	8	10	14	0.9
id-14266	3	6	18	0.9
id-14267	5	10	7	0.9
id-14268	4	7	18	1.0
id-14269	5	6	29	0.8
id-14270	2	4	2	0.9
id-14271	9	15	30	0.9
id-14272	9	9	27	0.9
id-14273	7	8	7	0.8
id-14274	8	4	17	1.0
id-14275	3	6	11	0.9
id-14276	3	5	12	1.0
id-14277	10	4	7	0.8
id-14278	4	5	16	0.9
id-14279	10	14	14	0.8
id-14280	10	7	14	0.8
id-14281	3	2	3	0.9
id-14282	1	2	9	0.9
id-14283	5	8	15	0.8
id-14284	9	17	15	0.8
id-14285	10	7	24	0.9
id-14286	7	4	1	0.9
id-14287	4	5	12	1.0
id-14288	6	10	25	1.0
id-14289	6	8	2	0.8
id-14290	1	2	28	0.8
id-14291	1	2	8	0.9
id-14292	10	14	3	0.9
id-14293	4	6	15	0.9
id-14294	4	4	4	0.9
id-14295	10	18	19	0.9
id-14296	5	9	11	0.8
id-14297	5	9	1	0.9
id-14298	6	4	20	1.0
id-14299	9	12	20	0.9
id-14300	4	5	7	0.9
id-14301	1	2	21	0.9
id-14302	6	11	18	1.0
id-14303	2	2	15	0.9
id-14304	7	9	10	0.9
id-14305	10	15	29	1.0
id-14306	2	4	26	0.8
id-14307	1	2	7	1.0
id-14308	10	11	22	0.8
id-14309	1	2	19	0.8
id-14310	3	6	21	0.9
id-14311	1	2	10	0.9
id-14312	3	4	2	0.8
id-14313	9	8	17	0.9
id-14314	8	15	24	0.9
id-14315	2	2	17	0.9
id-14316	9	2	25	0.9
id-14317	6	3	27	0.8
id-14318	8	6	5	0.9
id-14319	2	3	1	1.0
id-14320	5	2	14	0.9
id-14321	6	7	27	0.8
id-14322	8	4	8	1.0
id-14323	3	5	6	1.0
id-14324	9	13	19	0.8
id-14325	8	12	7	1.0
id-14326	3	6	24	0.8
id-14327	4	2	30	0.9
id-14328	1	2	6	0.9
id-14329	5	4	19	0.8
id-14330	9	14	23	0.9
id-14331	8	15	30	0.8
id-14332	7	8	22	0.9
id-14333	8	8	26	1.0
id-14334	8	5	1	0.8
id-14335	8	16	18	0.9
id-14336	9	8	6	0.9
id-14337	7	3	17	1.0
id-14338	7	4	12	1.0
id-14339	5	4	24	0.8
id-14340	4	6	21	0.8
id-14341	3	3	9	0.9
id-14342	3	3	7	1.0
id-14343	7	12	11	1.0
id-14344	1	2	22	0.9
id-14345	1	2	11	0.8
id-14346	1	2	19	1.0
id-14347	1	2	9	0.8
id-14348	5	5	18	1.0
id-14349	2	4	7	0.9
id-14350	1	2	22	0.9
id-14351	4	7	5	0.8
id-14352	9	7	27	1.0
id-14353	4	7	12	0.9
id-14354	5	4	6	0.9
id-14355	4	6	23	0.9
id-14356	9	16	2	0.9
id-14357	5	8	19	0.8
id-14358	2	3	11	0.9
id-14359	9	15	9	0.9
id-14360	8	5	6	0.9
id-14361	2	4	11	1.0
id-14362	10	7	19	0.9
id-14363	8	3	29	0.9
id-14364	4	5	5	0.8
id-14365	9	2	4	1.0
id-14366	1	2	15	0.8
id-14367	8	11	30	0.9
id-14368	3	5	25	0.8
id-14369	4	5	11	0.8
id-14370	3	5	3	0.8
id-14371	1	2	13	0.8
id-14372	7	5	5	0.9
id-14373	3	5	12	0.9
id-14374	7	7	2	0.9
id-14375	3	2	11	0.9
id-14376	8	16	7	1.0
id-14377	4	8	16	0.9
id-14378	5	2	7	0.8
id-14379	9	5	24	0.9
id-14380	7	11	18	0.9
id-14381	1	2	16	0.9
id-14382	2	4	23	0.9
id-14383	2	3	24	0.9
id-14384	6	2	4	0.8
id-14385	6	2	23	0.9
id-14386	5	7	12	0.8
id-14387	9	15	27	1.0
id-14388	3	3	14	0.9
id-14389	10	19	22	0.9
id-14390	7	13	24	0.9
id-14391	5	6	30	0.9
id-14392	2	3	21	0.8
id-14393	9	11	6	1.0
id-14394	4	3	25	0.9
id-14395	2	2	4	0.8
id-14396	4	8	21	1.0
id-14397	1	2	2	1.0
id-14398	3	6	25	0.9
id-14399	10	12	14	0.8
id-14400	6	11	6	0.8
id-14401	10	19	30	1.0
id-14402	9	13	10	1.0
id-14403	3	3	5	1.0
id-14404	4	5	29	0.9
id-14405	4	5	22	0.9
id-14406	9	2	28	1.0
id-14407	9	17	13	0.8
id-14408	6	3	6	0.9
id-14409	2	3	7	1.0
id-14410	8	16	3	0.9
id-14411	6	4	22	0.9
id-14412	3	5	7	0.9
id-14413	6	3	19	0.8
id-14414	4	8	1	0.8
id-14415	3	4	14	0.8
id-14416	10	6	7	0.8
id-14417	5	6	24	0.9
id-14418	4	5	11	1.0
id-14419	9	14	21	1.0
id-14420	9	10	13	0.8
id-14421	3	4	6	0.8
id-14422	8	2	14	1.0
id-14423	7	12	1	0.9
id-14424	4	4	8	0.8
id-14425	9	6	12	0.9
id-14426	7	14	12	0.9
id-14427	9	11	15	0.9
id-14428	9	12	8	0.8
id-14429	6	4	5	0.8
id-14430	9	15	17	0.8
id-14431	10	9	10	1.0
id-14432	8	16	7	0.8
id-14433	9	11	22	0.8
id-14434	10	11	26	0.8
id-14435	10	6	5	0.9
id-14436	4	4	18	0.9
id-14437	10	19	10	1.0
id-14438	7	11	30	1.0
id-14439	2	4	13	1.0
id-14440	9	6	5	0.8
id-14441	5	10	23	1.0
id-14442	9	5	22	0.8
id-14443	10	5	23	0.8
id-14444	5	10	9	0.9
id-14445	1	2	25	0.8
id-14446	10	19	25	0.9
id-14447	4	8	12	0.8
id-14448	1	2	5	0.8
id-14449	9	7	1	0.9
id-14450	6	4	2	0.9
id-14451	10	16	11	1.0
id-14452	3	3	9	1.0
id-14453	8	7	20	0.8
id-14454	5	2	4	0.9
id-14455	10	17	12	1.0
id-14456	4	3	12	1.0
id-14457	1	2	26	0.9
id-14458	6	8	20	0.9
id-14459	8	15	13	0.9
id-14460	5	5	12	0.8
id-14461	8	12	6	1.0
id-14462	7	3	27	0.8
id-14463	5	8	15	0.8
id-14464	3	6	23	0.9
id-14465	4	6	23	0.8
id-14466	7	7	3	1.0
id-14467	5	9	3	0.8
id-14468	3	4	12	0.8
id-14469	9	17	28	1.0
id-14470	1	2	8	0.9
id-14471	2	4	16	1.0
id-14472	8	16	8	0.9
id-14473	9	15	22	0.9
id-14474	10	12	12	0.9
id-14475	8	7	6	0.8
id-14476	2	4	25	1.0
id-14477	5	9	20	0.9
id-14478	5	7	29	0.9
id-14479	2	3	22	0.8
id-14480	9	3	13	0.8
id-14481	9	6	14	1.0
id-14482	7	11	2	0.9
id-14483	2	2	18	1.0
id-14484	5	4	29	0.9
id-14485	7	8	14	0.8
id-14486	4	4	12	0.8
id-14487	6	5	19	1.0
id-14488	5	6	17	0.9
id-14489	2	2	9	1.0
id-14490	9	8	26	0.8
id-14491	6	9	30	0.8
id-14492	1	2	27	0.8
id-14493	5	6	26	0.9
id-14494	5	5	16	0.9
id-14495	1	2	14	0.9
id-14496	9	17	10	1.0
id-14497	1	2	17	0.9
id-14498	9	12	5	0.8
id-14499	2	4	25	1.0
id-14500	8	7	18	0.9
id-14501	9	17	29	1.0
id-14502	2	4	25	0.8
id-14503	8	4	6	0.9
id-14504	1	2	25	0.9
id-14505	5	6	10	1.0
id-14506	3	3	19	0.9
id-14507	1	2	7	1.0
id-14508	2	3	24	0.9
id-14509	7	4	1	0.9
id-14510	3	6	13	0.8
id-14511	5	3	10	0.9
id-14512	2	2	28	0.9
id-14513	7	13	26	0.8
id-14514	8	7	7	0.9
id-14515	9	7	2	0.9
id-14516	5	8	5	0.9
id-14517	9	18	11	1.0
id-14518	3	6	27	1.0
id-14519	2	2	22	1.0
id-14520	9	18	18	1.0
id-14521	1	2	27	1.0
id-14522	10	19	8	1.0
id-14523	2	2	13	0.9
id-14524	6	3	23	1.0
id-14525	3	6	7	0.8
id-14526	2	4	28	0.9
id-14527	6	7	13	0.9
id-14528	7	12	21	0.9
id-14529	4	6	23	0.9
id-14530	9	4	20	0.9
id-14531	4	2	8	0.8
id-14532	2	4	26	0.9
id-14533	2	4	7	1.0
id-14534	9	13	12	0.8
id-14535	9	17	9	0.8
id-14536	6	12	3	0.9
id-14537	4	4	25	0.9
id-14538	2	4	29	1.0
id-14539	8	12	22	0.9
id-14540	9	11	22	1.0
id-14541	6	10	29	0.8
id-14542	1	2	30	1.0
id-14543	6	11	11	0.9
id-14544	2	3	22	1.0
id-14545	10	11	17	0.8
id-14546	1	2	28	0.9
id-14547	6	12	28	0.8
id-14548	7	14	20	0.9
id-14549	10	15	17	0.9
id-14550	3	5	28	0.9
id-14551	6	7	19	1.0
id-14552	9	6	2	0.9
id-14553	6	2	17	0.9
id-14554	5	10	11	0.8
id-14555	10	16	26	1.0
id-14556	4	3	7	0.8
id-14557	7	2	15	0.8
id-14558	5	10	11	0.8
id-14559	4	3	16	0.8
id-14560	8	15	11	0.9
id-14561	6	3	27	0.9
id-14562	3	4	2	0.9
id-14563	3	2	11	0.8
id-14564	2	2	30	0.8
id-14565	3	3	25	1.0
id-14566	8	15	21	0.8
id-14567	2	4	23	0.9
id-14568	3	5	26	0.8
id-14569	6	12	2	1.0
id-14570	10	14	16	0.9
id-14571	9	13	13	0.9
id-14572	10	12	17	0.8
id-14573	3	3	10	0.9
id-14574	8	5	2	0.8
id-14575	4	8	12	0.9
id-14576	9	3	25	0.8
id-14577	10	13	24	0.9
id-14578	3	3	18	0.9
id-14579	8	16	16	0.9
id-14580	1	2	8	1.0
id-14581	2	2	4	0.9
id-14582	2	2	29	1.0
id-14583	3	4	19	0.9
id-14584	8	2	18	0.9
id-14585	4	7	18	0.9
id-14586	9	2	19	0.8
id-14587	6	9	24	0.9
id-14588	9	5	3	0.8
id-14589	7	5	22	0.9
id-14590	8	3	24	0.8
id-14591	7	7	12	0.9
id-14592	7	4	15	0.9
id-14593	4	7	3	1.0
id-14594	4	2	29	0.9
id-14595	10	10	19	0.9
id-14596	2	4	2	0.9
id-14597	2	2	2	0.9
id-14598	5	3	11	0.9
id-14599	6	12	9	1.0
id-14600	6	6	13	1.0
id-14601	9	13	24	1.0
id-14602	2	3	19	1.0
id-14603	7	7	7	0.9
id-14604	10	19	19	1.0
id-14605	3	6	18	0.9
id-14606	4	6	14	0.9
id-14607	2	3	19	0.8
id-14608	9	16	9	0.9
id-14609	10	15	8	0.8
id-14610	10	15	30	0.9
id-14611	4	4	10	0.9
id-14612	7	13	10	0.9
id-14613	1	2	18	1.0
id-14614	7	4	14	0.9
id-14615	2	2	26	1.0
id-14616	6	9	1	0.9
id-14617	5	5	10	1.0
id-14618	8	16	21	0.9
id-14619	3	4	29	0.8
id-14620	4	6	23	0.8
id-14621	6	6	22	0.9
id-14622	6	10	3	1.0
id-14623	7	8	13	0.9
id-14624	8	7	17	0.9
id-14625	2	4	18	0.9
id-14626	7	13	10	0.8
id-14627	7	14	8	0.8
id-14628	3	2	20	0.8
id-14629	9	17	21	0.8
id-14630	2	2	20	0.9
id-14631	6	12	28	0.8
id-14632	10	16	15	0.9
id-14633	3	3	7	0.9
id-14634	8	12	2	0.9
id-14635	8	16	22	0.8
id-14636	8	6	21	1.0
id-14637	4	5	29	0.8
id-14638	9	18	20	0.8
id-14639	5	7	22	1.0
id-14640	8	7	26	0.9
id-14641	1	2	23	0.8
id-14642	1	2	8	0.8
id-14643	7	6	18	0.9
id-14644	3	2	11	0.9
id-14645	1	2	19	1.0
id-14646	7	5	8	0.9
id-14647	2	3	4	1.0
id-14648	4	6	17	0.8
id-14649	9	18	26	0.9
id-14650	9	15	30	0.8
id-14651	2	4	24	1.0
id-14652	9	8	30	0.8
id-14653	4	4	30	0.8
id-14654	2	2	11	1.0
id-14655	1	2	9	0.9
id-14656	1	2	28	0.9
id-14657	10	16	29	0.9
id-14658	8	7	21	0.9
id-14659	9	4	19	0.8
id-14660	1	2	7	0.9
id-14661	5	6	3	0.8
id-14662	9	7	22	1.0
id-14663	2	2	27	0.9
id-14664	4	3	29	0.8
id-14665	4	6	12	0.9
id-14666	1	2	28	0.9
id-14667	8	8	15	1.0
id-14668	7	12	1	0.9
id-14669	1	2	11	0.8
id-14670	3	5	3	1.0
id-14671	3	5	18	0.9
id-14672	4	3	18	0.9
id-14673	10	2	7	0.9
id-14674	10	2	9	0.9
id-14675	7	2	26	0.8
id-14676	3	6	14	1.0
id-14677	4	6	28	0.9
id-14678	7	10	6	1.0
id-14679	2	2	28	0.8
id-14680	1	2	28	1.0
id-14681	8	5	19	1.0
id-14682	3	6	4	0.8
id-14683	5	8	11	0.9
id-14684	6	2	11	1.0
id-14685	6	4	4	1.0
id-14686	5	6	17	0.9
id-14687	8	3	4	0.9
id-14688	5	7	2	1.0
id-14689	10	16	24	0.9
id-14690	10	5	30	1.0
id-14691	8	10	5	0.9
id-14692	3	5	23	0.9
id-14693	3	6	2	0.9
id-14694	5	2	28	0.9
id-14695	10	14	14	1.0
id-14696	1	2	29	0.9
id-14697	5	4	24	0.9
id-14698	6	9	16	0.9
id-14699	7	7	13	0.9
id-14700	2	2	15	0.8
id-14701	9	2	11	0.9
id-14702	4	4	27	0.9
id-14703	1	2	3	0.8
id-14704	7	8	30	0.9
id-14705	2	2	30	0.9
id-14706	7	6	2	0.9
id-14707	7	10	19	0.8
id-14708	2	2	11	1.0
id-14709	7	4	25	1.0
id-14710	9	16	1	0.9
id-14711	2	3	30	0.9
id-14712	5	2	1	0.9
id-14713	8	16	3	0.9
id-14714	3	4	9	0.9
id-14715	1	2	24	0.9
id-14716	5	4	5	1.0
id-14717	3	2	9	0.9
id-14718	8	10	25	0.9
id-14719	9	2	23	0.9
id-14720	3	4	29	0.8
id-14721	10	2	15	1.0
id-14722	9	16	21	0.9
id-14723	5	9	12	1.0
id-14724	4	2	1	0.9
id-14725	9	2	16	1.0
id-14726	10	15	17	0.8
id-14727	3	3	16	1.0
id-14728	9	10	22	1.0
id-14729	10	7	2	0.8
id-14730	7	10	6	1.0
id-14731	8	13	29	0.9
id-14732	3	3	20	0.8
id-14733	3	5	30	0.9
id-14734	6	4	15	0.9
id-14735	6	9	5	0.9
id-14736	5	3	6	0.8
id-14737	5	6	11	0.9
id-14738	5	3	11	0.9
id-14739	8	8	9	0.8
id-14740	8	2	8	1.0
id-14741	6	9	29	1.0
id-14742	7	13	26	0.8
id-14743	9	18	24	1.0
id-14744	9	4	1	0.9
id-14745	7	7	15	0.9
id-14746	10	8	2	0.9
id-14747	9	9	18	0.8
id-14748	7	14	9	0.9
id-14749	10	18	29	1.0
id-14750	6	12	2	1.0
id-14751	9	7	3	0.9
id-14752	3	6	7	0.9
id-14753	3	3	29	0.9
id-14754	3	3	23	0.8
id-14755	1	2	6	0.9
id-14756	3	3	19	0.9
id-14757	3	5	29	0.9
id-14758	9	17	14	0.9
id-14759	6	4	5	0.9
id-14760	6	5	25	0.9
id-14761	6	12	16	1.0
id-14762	8	12	21	1.0
id-14763	5	4	21	0.9
id-14764	10	20	27	0.9
id-14765	1	2	5	0.8
id-14766	1	2	7	0.9
id-14767	2	3	18	1.0
id-14768	9	14	10	0.9
id-14769	7	14	2	0.8
id-14770	4	3	16	0.8
id-14771	9	16	21	1.0
id-14772	7	4	3	0.8
id-14773	7	12	22	0.8
id-14774	1	2	29	0.8
id-14775	10	14	5	0.9
id-14776	5	10	6	1.0
id-14777	10	2	22	0.8
id-14778	10	11	2	0.9
id-14779	2	2	21	1.0
id-14780	4	4	12	0.9
id-14781	9	2	22	0.9
id-14782	2	2	10	0.9
id-14783	4	8	3	0.9
id-14784	7	14	4	1.0
id-14785	6	2	6	0.8
id-14786	9	14	1	0.9
id-14787	3	6	18	1.0
id-14788	3	2	2	0.9
id-14789	5	8	11	1.0
id-14790	5	8	21	1.0
id-14791	3	3	2	0.9
id-14792	10	12	5	0.8
id-14793	9	3	11	0.9
id-14794	8	5	11	1.0
id-14795	1	2	7	1.0
id-14796	8	13	5	1.0
id-14797	10	18	25	0.9
id-14798	6	8	21	0.9
id-14799	10	14	20	1.0
id-14800	4	6	17	0.8
id-14801	8	4	12	0.8
id-14802	2	2	5	0.8
id-14803	6	6	13	0.9
id-14804	8	4	18	1.0
id-14805	9	9	20	0.9
id-14806	9	16	24	1.0
id-14807	10	18	6	0.8
id-14808	10	4	8	0.9
id-14809	9	18	1	0.8
id-14810	8	4	19	0.9
id-14811	6	2	27	0.9
id-14812	7	6	9	0.9
id-14813	2	2	13	0.9
id-14814	6	2	7	0.9
id-14815	7	8	6	1.0
id-14816	10	7	28	0.9
id-14817	7	5	10	1.0
id-14818	4	3	13	1.0
id-14819	6	11	17	1.0
id-14820	5	2	11	1.0
id-14821	5	9	28	0.9
id-14822	10	4	10	0.9
id-14823	7	4	6	1.0
id-14824	5	10	30	0.9
id-14825	1	2	28	0.9
id-14826	4	7	23	1.0
id-14827	4	3	6	1.0
id-14828	9	2	19	0.8
id-14829	10	18	27	0.9
id-14830	4	7	25	0.9
id-14831	1	2	22	0.8
id-14832	3	3	6	0.9
id-14833	4	5	25	0.8
id-14834	3	2	26	0.9
id-14835	5	9	27	0.8
id-14836	2	4	2	0.8
id-14837	9	9	30	0.8
id-14838	6	7	10	0.9
id-14839	2	4	20	0.8
id-14840	9	13	12	0.8
id-14841	9	12	17	1.0
id-14842	6	9	29	1.0
id-14843	2	3	10	1.0
id-14844	8	15	22	0.9
id-14845	9	13	1	0.8
id-14846	1	2	4	0.8
id-14847	9	15	26	0.8
id-14848	5	9	8	0.8
id-14849	10	7	3	1.0
id-14850	9	12	8	0.9
id-14851	7	3	27	0.8
id-14852	7	8	11	0.9
id-14853	5	2	18	0.8
id-14854	10	10	4	0.9
id-14855	7	8	15	0.8
id-14856	1	2	3	0.9
id-14857	7	13	23	1.0
id-14858	3	6	14	0.9
id-14859	9	14	15	1.0
id-14860	6	3	9	0.9
id-14861	6	2	5	0.8
id-14862	4	2	23	0.8
id-14863	6	3	21	0.8
id-14864	4	8	10	0.9
id-14865	3	6	6	0.9
id-14866	8	15	9	0.9
id-14867	7	9	27	0.9
id-14868	9	9	21	0.9
id-14869	10	6	15	0.8
id-14870	7	14	21	0.9
id-14871	3	4	9	0.9
id-14872	4	7	15	0.9
id-14873	9	12	26	0.9
id-14874	6	9	14	0.9
id-14875	8	8	22	0.9
id-14876	1	2	19	0.9
id-14877	5	10	20	0.9
id-14878	8	2	30	0.8
id-14879	8	3	21	0.9
id-14880	5	5	1	0.9
id-14881	7	3	14	1.0
id-14882	9	8	8	0.9
id-14883	5	9	30	0.9
id-14884	9	15	12	0.9
id-14885	2	4	22	1.0
id-14886	3	6	4	0.8
id-14887	8	5	2	0.9
id-14888	5	2	13	0.9
id-14889	6	6	21	0.9
id-14890	6	10	13	0.8
id-14891	4	3	12	1.0
id-14892	7	9	12	1.0
id-14893	5	3	17	0.8
id-14894	4	6	20	0.9
id-14895	6	5	15	0.9
id-14896	10	4	18	0.8
id-14897	5	2	22	0.9
id-14898	9	14	25	0.9
id-14899	5	7	16	0.8
id-14900	6	11	27	0.8
id-14901	10	14	5	0.9
id-14902	5	7	9	0.9
id-14903	3	6	2	1.0
id-14904	5	10	6	1.0
id-14905	2	4	24	0.8
id-14906	9	9	12	1.0
id-14907	8	2	1	1.0
id-14908	3	4	16	0.8
id-14909	2	2	26	0.9
id-14910	1	2	29	0.9
id-14911	10	19	13	1.0
id-14912	10	3	16	0.9
id-14913	3	4	5	0.9
id-14914	6	8	19	0.9
id-14915	1	2	19	0.8
id-14916	9	9	4	1.0
id-14917	6	10	15	0.9
id-14918	1	2	1	0.8
id-14919	1	2	22	0.8
id-14920	1	2	12	0.9
id-14921	10	7	30	0.9
id-14922	6	3	20	0.8
id-14923	8	13	28	0.8
id-14924	2	3	11	0.9
id-14925	10	13	23	0.8
id-14926	9	17	12	0.9
id-14927	1	2	1	0.9
id-14928	3	3	9	1.0
id-14929	6	6	13	0.8
id-14930	6	11	26	0.9
id-14931	6	9	6	1.0
id-14932	7	5	24	1.0
id-14933	6	4	10	0.8
id-14934	1	2	6	1.0
id-14935	3	2	3	1.0
id-14936	8	2	11	1.0
id-14937	6	4	4	1.0
id-14938	5	5	21	0.9
id-14939	10	19	9	0.8
id-14940	3	5	28	0.9
id-14941	3	3	11	0.9
id-14942	3	4	29	0.8
id-14943	5	5	30	0.8
id-14944	1	2	12	0.8
id-14945	1	2	11	0.9
id-14946	9	18	28	0.8
id-14947	3	6	1	0.8
id-14948	9	5	3	0.8
id-14949	3	2	1	0.9
id-14950	4	7	29	0.9
id-14951	3	6	28	0.9
id-14952	1	2	23	0.8
id-14953	9	11	22	1.0
id-14954	4	4	11	0.9
id-14955	10	10	6	0.8
id-14956	10	9	26	1.0
id-14957	7	3	3	0.9
id-14958	3	4	29	0.9
id-14959	10	5	14	0.8
id-14960	3	5	22	0.8
id-14961	4	4	26	0.9
id-14962	1	2	29	0.8
id-14963	8	15	15	0.9
id-14964	7	6	12	0.8
id-14965	9	8	21	0.9
id-14966	4	7	23	0.9
id-14967	2	4	26	0.9
id-14968	7	4	21	0.9
id-14969	2	2	9	0.9
id-14970	10	3	11	0.8
id-14971	8	5	11	0.9
id-14972	6	2	25	0.8
id-14973	6	8	30	0.8
id-14974	8	14	1	0.9
id-14975	1	2	19	0.9
id-14976	3	5	24	0.9
id-14977	1	2	11	0.9
id-14978	5	8	15	0.9
id-14979	4	3	16	0.9
id-14980	3	3	23	0.9
id-14981	5	4	15	0.9
id-14982	5	4	6	1.0
id-14983	1	2	12	0.9
id-14984	1	2	26	1.0
id-14985	7	8	26	0.8
id-14986	1	2	9	0.9
id-14987	5	2	14	0.8
id-14988	9	12	21	0.9
id-14989	2	3	5	0.9
id-14990	8	10	22	0.8
id-14991	3	6	10	0.9
id-14992	9	3	22	0.8
id-14993	8	3	14	0.9
id-14994	1	2	15	0.9
id-14995	2	2	22	0.9
id-14996	8	10	23	0.9
id-14997	5	5	17	1.0
id-14998	3	5	13	0.8
id-14999	8	12	26	1.0
id-15000	4	2	20	1.0
id-15001	2	2	14	0.9
id-15002	5	5	17	1.0
id-15003	2	3	17	0.9
id-15004	8	10	18	0.8
id-15005	2	3	16	0.9
id-15006	1	2	24	1.0
id-15007	9	18	26	1.0
id-15008	3	6	21	0.8
id-15009	8	3	3	1.0
id-15010	2	2	9	0.9
id-15011	4	2	14	0.9
id-15012	6	6	1	0.9
id-15013	2	3	14	0.8
id-15014	5	9	28	0.9
id-15015	2	4	10	0.8
id-15016	2	3	13	0.9
id-15017	10	17	19	0.9
id-15018	7	12	14	0.9
id-15019	3	2	30	0.9
id-15020	3	5	2	0.9
id-15021	2	2	1	0.9
id-15022	6	9	16	0.9
id-15023	2	3	28	0.9
id-15024	3	5	9	0.9
id-15025	4	8	7	1.0
id-15026	4	8	1	0.9
id-15027	4	6	21	0.9
id-15028	7	7	16	0.9
id-15029	4	3	9	1.0
id-15030	3	6	26	0.9
id-15031	2	3	3	0.9
id-15032	2	4	13	0.8
id-15033	10	17	1	0.9
id-15034	7	6	10	0.9
id-15035	1	2	16	0.9
id-15036	3	2	19	0.9
id-15037	8	10	29	0.9
id-15038	8	2	24	0.9
id-15039	5	3	19	0.8
id-15040	9	9	9	0.9
id-15041	5	5	14	0.8
id-15042	3	3	26	1.0
id-15043	3	6	3	0.8
id-15044	7	6	15	0.9
id-15045	6	10	29	0.8
id-15046	5	10	25	0.9
id-15047	1	2	30	0.8
id-15048	5	3	17	0.9
id-15049	9	15	13	0.9
id-15050	4	4	1	0.9
id-15051	3	4	25	0.8
id-15052	6	12	2	0.8
id-15053	2	4	22	0.9
id-15054	8	3	27	0.9
id-15055	4	4	21	0.8
id-15056	7	5	9	0.9
id-15057	8	11	1	1.0
id-15058	6	3	26	1.0
id-15059	2	2	19	0.8
id-15060	10	15	16	0.8
id-15061	5	10	14	0.9
id-15062	9	13	8	0.9
id-15063	10	12	9	0.9
id-15064	7	11	15	0.9
id-15065	2	2	8	0.8
id-15066	2	2	10	1.0
id-15067	4	2	25	1.0
id-15068	1	2	6	0.9
id-15069	5	7	10	0.9
id-15070	4	4	5	0.8
id-15071	8	2	7	0.8
id-15072	3	3	6	1.0
id-15073	1	2	5	0.8
id-15074	5	6	8	0.8
id-15075	5	6	28	1.0
id-15076	8	3	26	0.8
id-15077	3	3	21	0.9
id-15078	9	17	5	0.9
id-15079	3	6	8	1.0
id-15080	10	5	23	0.8
id-15081	9	3	19	0.8
id-15082	6	10	8	0.9
id-15083	10	6	24	1.0
id-15084	10	19	12	1.0
id-15085	6	3	21	1.0
id-15086	10	7	24	0.8
id-15087	10	14	22	0.9
id-15088	3	4	2	1.0
id-15089	9	4	21	1.0
id-15090	10	12	23	0.9
id-15091	3	4	16	0.9
id-15092	9	16	1	0.9
id-15093	6	8	13	0.9
id-15094	1	2	28	1.0
id-15095	3	3	10	0.8
id-15096	5	5	7	0.9
id-15097	3	4	6	0.8
id-15098	1	2	28	0.9
id-15099	4	7	27	1.0
id-15100	9	11	9	0.9
id-15101	8	12	21	0.9
id-15102	4	4	13	0.8
id-15103	6	10	3	1.0
id-15104	8	5	10	0.8
id-15105	7	12	3	0.9
id-15106	10	5	12	1.0
id-15107	3	3	24	0.8
id-15108	5	10	15	0.9
id-15109	1	2	22	1.0
id-15110	7	4	1	1.0
id-15111	2	3	1	0.8
id-15112	10	19	6	0.8
id-15113	8	6	30	0.9
id-15114	2	4	15	0.9
id-15115	5	6	2	1.0
id-15116	5	8	27	0.9
id-15117	5	3	3	0.9
id-15118	2	4	24	0.8
id-15119	10	19	1	0.9
id-15120	10	13	23	0.8
id-15121	8	14	15	0.9
id-15122	4	7	23	0.9
id-15123	10	8	14	0.9
id-15124	1	2	15	0.9
id-15125	1	2	12	0.9
id-15126	9	4	20	1.0
id-15127	3	6	20	1.0
id-15128	8	11	17	0.8
id-15129	4	4	19	1.0
id-15130	4	4	5	0.9
id-15131	7	5	25	1.0
id-15132	4	8	3	0.9
id-15133	1	2	20	0.9
id-15134	7	7	16	1.0
id-15135	4	8	1	0.9
id-15136	9	18	8	0.9
id-15137	9	18	6	0.9
id-15138	10	18	12	0.9
id-15139	6	4	3	0.9
id-15140	2	3	22	0.9
id-15141	4	8	12	0.9
id-15142	7	9	27	1.0
id-15143	5	5	16	0.9
id-15144	9	3	4	1.0
id-15145	1	2	29	0.9
id-15146	3	6	21	0.9
id-15147	8	12	10	1.0
id-15148	7	6	24	0.9
id-15149	10	17	12	0.8
id-15150	5	5	12	1.0
id-15151	8	11	17	0.8
id-15152	5	10	21	1.0
id-15153	1	2	20	1.0
id-15154	4	5	4	0.9
id-15155	1	2	4	0.8
id-15156	8	4	21	0.9
id-15157	7	12	21	0.9
id-15158	2	3	1	0.9
id-15159	2	3	14	0.9
id-15160	1	2	26	0.8
id-15161	7	6	26	0.9
id-15162	5	7	6	1.0
id-15163	8	6	15	0.9
id-15164	10	10	12	1.0
id-15165	9	5	5	0.9
id-15166	4	4	17	0.9
id-15167	10	13	10	0.9
id-15168	5	8	14	0.9
id-15169	4	5	4	0.8
id-15170	7	12	28	0.8
id-15171	9	4	1	0.9
id-15172	2	3	26	0.9
id-15173	3	6	7	0.8
id-15174	9	14	26	1.0
id-15175	1	2	25	0.9
id-15176	4	6	25	0.9
id-15177	9	6	22	0.8
id-15178	6	5	14	0.9
id-15179	5	8	25	0.9
id-15180	8	6	4	1.0
id-15181	8	8	14	0.8
id-15182	5	4	9	0.9
id-15183	9	16	10	0.9
id-15184	4	7	30	0.9
id-15185	7	14	13	0.9
id-15186	7	10	21	1.0
id-15187	5	6	14	0.8
id-15188	6	9	20	1.0
id-15189	6	9	22	0.8
id-15190	10	14	16	0.8
id-15191	6	5	6	1.0
id-15192	6	12	29	0.9
id-15193	6	4	20	1.0
id-15194	3	3	27	0.8
id-15195	8	9	19	1.0
id-15196	6	3	21	0.9
id-15197	1	2	11	1.0
id-15198	10	8	11	0.9
id-15199	10	18	23	0.8
id-15200	5	6	11	1.0
id-15201	5	2	12	0.8
id-15202	9	17	19	0.8
id-15203	9	10	14	0.9
id-15204	1	2	9	1.0
id-15205	3	2	26	0.9
id-15206	1	2	30	0.9
id-15207	8	8	24	0.9
id-15208	9	5	7	0.9
id-15209	3	2	18	0.9
id-15210	2	2	8	0.8
id-15211	7	14	29	0.9
id-15212	6	7	20	1.0
id-15213	7	8	28	0.9
id-15214	6	3	24	0.9
id-15215	1	2	10	0.8
id-15216	7	7	29	0.9
id-15217	4	8	19	1.0
id-15218	3	2	22	0.9
id-15219	5	9	16	1.0
id-15220	2	4	17	0.9
id-15221	8	11	15	0.9
id-15222	1	2	28	0.9
id-15223	6	10	7	0.8
id-15224	2	4	2	1.0
id-15225	10	20	27	0.9
id-15226	5	4	25	0.9
id-15227	5	8	14	0.9
id-15228	10	3	4	0.9
id-15229	1	2	9	1.0
id-15230	7	7	11	1.0
id-15231	1	2	26	1.0
id-15232	6	9	11	0.8
id-15233	8	2	19	0.8
id-15234	9	16	27	0.8
id-15235	5	5	19	0.9
id-15236	8	15	30	0.9
id-15237	8	14	16	0.8
id-15238	8	16	30	0.9
id-15239	8	7	2	0.9
id-15240	3	6	27	0.9
id-15241	6	9	9	0.9
id-15242	8	4	25	1.0
id-15243	7	6	27	0.9
id-15244	2	4	17	0.9
id-15245	8	7	9	0.8
id-15246	5	8	13	0.9
id-15247	10	7	4	1.0
id-15248	9	12	7	0.9
id-15249	4	6	28	0.9
id-15250	10	20	20	0.9
id-15251	3	3	19	1.0
id-15252	9	8	25	0.8
id-15253	7	10	26	0.8
id-15254	5	8	23	0.8
id-15255	8	9	19	0.8
id-15256	9	10	29	0.8
id-15257	5	3	7	1.0
id-15258	1	2	10	0.9
id-15259	3	5	7	0.8
id-15260	1	2	25	0.8
id-15261	4	4	4	0.9
id-15262	2	3	8	0.9
id-15263	3	2	17	0.9
id-15264	10	17	25	0.9
id-15265	9	17	22	0.9
id-15266	6	3	6	0.9
id-15267	8	7	29	0.8
id-15268	1	2	2	0.9
id-15269	2	3	10	1.0
id-15270	4	7	19	0.9
id-15271	9	15	24	1.0
id-15272	2	4	12	0.8
id-15273	2	2	3	1.0
id-15274	9	6	14	1.0
id-15275	10	5	17	0.9
id-15276	10	20	29	0.9
id-15277	3	2	24	1.0
id-15278	7	6	13	0.8
id-15279	4	6	21	1.0
id-15280	1	2	24	0.9
id-15281	4	8	8	0.8
id-15282	4	2	22	0.9
id-15283	5	10	14	0.9
id-15284	10	7	4	0.8
id-15285	2	3	22	0.8
id-15286	7	10	2	1.0
id-15287	5	5	4	1.0
id-15288	6	9	11	1.0
id-15289	5	3	21	1.0
id-15290	5	6	5	0.9
id-15291	3	3	3	0.9
id-15292	1	2	4	0.9
id-15293	9	15	25	0.9
id-15294	5	8	29	0.8
id-15295	7	5	1	1.0
id-15296	4	7	24	0.8
id-15297	2	2	23	1.0
id-15298	9	8	29	1.0
id-15299	8	3	22	0.9
id-15300	8	7	23	0.9
id-15301	8	3	8	0.9
id-15302	3	3	25	0.9
id-15303	10	14	12	0.9
id-15304	9	5	2	0.8
id-15305	10	12	17	0.9
id-15306	2	4	21	0.9
id-15307	9	15	19	1.0
id-15308	5	9	1	0.8
id-15309	4	2	13	1.0
id-15310	5	10	12	0.9
id-15311	10	14	7	0.9
id-15312	9	7	29	0.8
id-15313	3	2	5	0.9
id-15314	7	3	30	1.0
id-15315	7	7	18	1.0
id-15316	7	10	27	0.8
id-15317	6	8	29	1.0
id-15318	3	2	23	0.8
id-15319	3	5	14	0.9
id-15320	8	6	18	0.8
id-15321	3	5	19	0.8
id-15322	9	11	22	0.9
id-15323	5	4	24	0.9
id-15324	6	12	11	0.9
id-15325	9	9	28	0.8
id-15326	2	4	26	1.0
id-15327	5	6	16	0.9
id-15328	2	2	7	0.8
id-15329	9	13	10	0.8
id-15330	5	2	27	1.0
id-15331	1	2	1	0.9
id-15332	3	2	27	0.9
id-15333	2	2	28	0.8
id-15334	7	7	9	1.0
id-15335	3	6	27	0.9
id-15336	8	8	7	1.0
id-15337	10	6	27	0.9
id-15338	4	7	1	1.0
id-15339	8	11	28	0.9
id-15340	9	5	14	0.9
id-15341	9	9	30	0.8
id-15342	7	4	28	1.0
id-15343	10	12	26	0.9
id-15344	3	6	24	0.8
id-15345	7	2	5	0.9
id-15346	7	7	23	0.9
id-15347	8	7	11	0.9
id-15348	2	3	6	1.0
id-15349	6	3	8	0.9
id-15350	7	13	21	1.0
id-15351	1	2	24	0.9
id-15352	7	2	9	1.0
id-15353	9	7	22	0.8
id-15354	9	17	4	0.9
id-15355	1	2	20	0.9
id-15356	3	2	3	0.9
id-15357	8	11	14	1.0
id-15358	10	12	19	0.9
id-15359	1	2	25	0.9
id-15360	9	17	4	0.9
id-15361	3	2	18	0.8
id-15362	5	8	1	0.8
id-15363	8	14	9	1.0
id-15364	9	13	24	0.9
id-15365	3	2	28	0.9
id-15366	6	10	20	0.9
id-15367	1	2	4	0.9
id-15368	1	2	17	1.0
id-15369	8	14	30	0.9
id-15370	2	2	12	0.9
id-15371	5	6	26	1.0
id-15372	8	10	15	0.9
id-15373	10	13	8	0.9
id-15374	8	14	9	0.9
id-15375	3	3	25	0.9
id-15376	9	2	20	1.0
id-15377	9	2	26	0.8
id-15378	10	11	15	0.9
id-15379	6	7	22	0.9
id-15380	4	3	24	0.9
id-15381	1	2	16	0.9
id-15382	1	2	26	0.9
id-15383	2	2	22	0.8
id-15384	3	6	28	0.9
id-15385	7	7	19	0.8
id-15386	3	4	15	0.8
id-15387	3	4	3	1.0
id-15388	8	14	15	0.9
id-15389	9	16	26	0.8
id-15390	8	15	25	0.9
id-15391	10	15	16	0.9
id-15392	6	5	7	1.0
id-15393	6	5	19	0.8
id-15394	10	16	18	0.8
id-15395	6	11	9	0.9
id-15396	4	8	11	0.8
id-15397	2	2	6	0.8
id-15398	7	5	8	0.9
id-15399	9	9	27	0.9
id-15400	8	4	9	1.0
id-15401	1	2	15	1.0
id-15402	6	9	10	0.9
id-15403	4	2	1	0.9
id-15404	10	15	21	1.0
id-15405	1	2	23	0.9
id-15406	10	5	14	0.9
id-15407	7	12	22	0.9
id-15408	1	2	3	0.9
id-15409	1	2	24	0.8
id-15410	6	8	27	0.9
id-15411	10	17	20	0.9
id-15412	5	6	24	0.8
id-15413	3	3	15	1.0
id-15414	6	12	24	0.9
id-15415	6	8	1	1.0
id-15416	8	5	25	1.0
id-15417	3	2	9	1.0
id-15418	3	6	6	0.8
id-15419	7	7	3	0.9
id-15420	7	10	9	0.9
id-15421	3	5	25	0.9
id-15422	6	4	10	0.8
id-15423	6	6	1	0.9
id-15424	1	2	11	0.9
id-15425	4	7	7	1.0
id-15426	7	7	22	1.0
id-15427	9	10	20	0.9
id-15428	10	17	19	0.9
id-15429	3	2	29	0.9
id-15430	8	16	13	1.0
id-15431	10	8	19	0.9
id-15432	7	10	14	0.9
id-15433	4	8	10	0.8
id-15434	7	4	2	1.0
id-15435	10	20	4	0.9
id-15436	6	5	9	1.0
id-15437	5	9	15	0.9
id-15438	7	14	17	0.9
id-15439	6	8	29	1.0
id-15440	4	4	27	1.0
id-15441	7	10	24	0.8
id-15442	6	12	27	1.0
id-15443	2	2	28	0.9
id-15444	1	2	9	0.8
id-15445	9	5	4	1.0
id-15446	1	2	26	0.9
id-15447	4	3	22	0.8
id-15448	7	9	12	0.9
id-15449	1	2	1	0.9
id-15450	10	7	3	1.0
id-15451	6	7	17	0.9
id-15452	10	14	23	0.9
id-15453	1	2	2	0.9
id-15454	2	4	9	0.9
id-15455	6	11	30	0.9
id-15456	2	4	13	0.9
id-15457	1	2	19	0.8
id-15458	6	4	12	0.9
id-15459	3	3	28	0.9
id-15460	7	11	28	1.0
id-15461	1	2	28	0.9
id-15462	4	6	15	0.9
id-15463	8	11	13	1.0
id-15464	3	3	14	0.8
id-15465	5	4	21	0.9
id-15466	2	3	3	0.8
id-15467	5	5	29	0.9
id-15468	10	8	19	0.9
id-15469	6	5	3	0.9
id-15470	9	15	5	0.9
id-15471	10	11	19	0.9
id-15472	5	3	24	0.9
id-15473	8	9	28	0.8
id-15474	6	9	12	0.9
id-15475	4	7	6	0.8
id-15476	2	2	5	0.9
id-15477	1	2	9	0.9
id-15478	7	2	24	1.0
id-15479	3	3	30	0.9
id-15480	8	12	27	1.0
id-15481	10	15	14	0.8
id-15482	4	7	13	0.9
id-15483	7	3	29	1.0
id-15484	4	6	5	0.9
id-15485	9	4	19	0.9
id-15486	1	2	28	0.8
id-15487	3	3	24	0.8
id-15488	7	12	22	0.8
id-15489	2	2	26	0.9
id-15490	7	11	21	1.0
id-15491	3	2	26	1.0
id-15492	4	3	2	0.9
id-15493	7	11	17	0.8
id-15494	7	3	21	0.8
id-15495	10	13	1	1.0
id-15496	8	16	4	0.8
id-15497	5	2	6	1.0
id-15498	6	8	1	0.9
id-15499	9	18	2	1.0
id-15500	1	2	14	0.8
id-15501	6	4	15	1.0
id-15502	6	11	13	0.9
id-15503	8	8	5	0.9
id-15504	6	9	8	0.9
id-15505	3	4	27	1.0
id-15506	2	2	19	0.8
id-15507	1	2	20	0.8
id-15508	3	6	15	0.8
id-15509	10	8	6	0.9
id-15510	10	18	3	0.9
id-15511	1	2	18	1.0
id-15512	5	9	26	0.8
id-15513	3	3	5	0.8
id-15514	1	2	12	0.8
id-15515	1	2	7	0.8
id-15516	10	5	6	0.9
id-15517	1	2	12	0.9
id-15518	10	5	25	0.9
id-15519	10	12	15	0.8
id-15520	10	18	25	0.9
id-15521	4	4	11	1.0
id-15522	4	2	21	0.9
id-15523	5	7	30	0.9
id-15524	2	3	12	0.8
id-15525	4	4	7	0.9
id-15526	2	4	10	0.9
id-15527	8	8	26	0.8
id-15528	5	2	20	0.8
id-15529	7	5	26	0.8
id-15530	4	5	23	0.9
id-15531	5	2	19	0.8
id-15532	3	6	26	0.9
id-15533	10	19	20	0.9
id-15534	2	4	30	1.0
id-15535	2	3	20	0.9
id-15536	6	8	23	0.8
id-15537	10	12	26	0.9
id-15538	2	3	9	1.0
id-15539	5	6	26	0.8
id-15540	7	6	1	0.8
id-15541	4	5	6	0.8
id-15542	5	4	3	0.8
id-15543	4	2	17	0.9
id-15544	1	2	16	1.0
id-15545	2	2	8	0.9
id-15546	8	4	7	0.9
id-15547	6	7	18	0.8
id-15548	5	9	10	0.9
id-15549	7	7	14	0.9
id-15550	8	11	16	0.9
id-15551	1	2	6	0.8
id-15552	3	2	28	0.8
id-15553	7	14	30	0.8
id-15554	3	4	30	0.8
id-15555	5	8	26	0.9
id-15556	1	2	2	1.0
id-15557	4	2	12	0.9
id-15558	1	2	23	0.9
id-15559	8	16	17	0.9
id-15560	2	4	16	1.0
id-15561	3	6	15	0.9
id-15562	5	10	19	0.9
id-15563	5	3	10	1.0
id-15564	10	18	4	0.9
id-15565	9	3	8	1.0
id-15566	5	5	1	0.9
id-15567	3	3	28	0.9
id-15568	3	6	6	0.9
id-15569	1	2	7	1.0
id-15570	1	2	30	0.8
id-15571	4	3	8	0.9
id-15572	4	7	8	0.8
id-15573	1	2	3	0.9
id-15574	3	4	28	0.9
id-15575	6	4	14	1.0
id-15576	9	3	14	0.8
id-15577	8	5	12	0.9
id-15578	3	4	15	0.9
id-15579	7	3	25	1.0
id-15580	10	18	22	1.0
id-15581	3	5	30	0.9
id-15582	3	2	12	0.9
id-15583	2	4	2	0.9
id-15584	6	5	26	0.8
id-15585	8	14	25	0.9
id-15586	2	4	29	0.8
id-15587	7	10	17	0.8
id-15588	6	7	10	0.9
id-15589	1	2	3	1.0
id-15590	9	13	24	0.8
id-15591	10	19	19	0.9
id-15592	8	16	3	0.9
id-15593	2	3	6	0.9
id-15594	3	4	4	0.9
id-15595	4	6	3	0.9
id-15596	3	3	14	1.0
id-15597	5	9	8	0.9
id-15598	3	2	26	0.9
id-15599	5	5	1	0.9
id-15600	1	2	21	0.9
id-15601	5	3	10	1.0
id-15602	8	4	1	0.8
id-15603	7	14	24	0.9
id-15604	9	18	14	0.9
id-15605	4	4	26	0.9
id-15606	10	13	22	0.9
id-15607	5	8	22	1.0
id-15608	2	4	12	1.0
id-15609	4	3	9	1.0
id-15610	5	2	26	1.0
id-15611	8	16	19	1.0
id-15612	4	6	11	0.8
id-15613	5	4	7	0.9
id-15614	3	5	15	0.8
id-15615	4	4	29	0.9
id-15616	6	7	1	0.8
id-15617	3	3	30	1.0
id-15618	8	7	23	1.0
id-15619	4	7	3	1.0
id-15620	8	8	9	0.9
id-15621	10	11	10	1.0
id-15622	10	10	19	1.0
id-15623	8	15	2	0.9
id-15624	6	3	5	0.9
id-15625	2	4	27	0.8
id-15626	5	9	12	1.0
id-15627	8	11	11	0.9
id-15628	6	7	9	0.8
id-15629	9	8	18	0.9
id-15630	6	5	9	1.0
id-15631	9	6	5	0.8
id-15632	5	10	11	0.8
id-15633	7	2	12	0.8
id-15634	4	5	8	1.0
id-15635	6	4	15	0.8
id-15636	10	17	2	0.8
id-15637	5	7	11	0.9
id-15638	10	11	19	1.0
id-15639	3	4	5	0.8
id-15640	6	10	30	0.9
id-15641	3	2	15	0.9
id-15642	5	7	24	1.0
id-15643	4	7	18	0.9
id-15644	7	6	8	0.8
id-15645	5	9	19	1.0
id-15646	2	4	14	0.9
id-15647	6	11	25	0.9
id-15648	9	4	5	0.8
id-15649	9	6	15	0.9
id-15650	9	2	17	0.9
id-15651	5	5	9	0.9
id-15652	2	4	26	0.8
id-15653	9	9	13	0.8
id-15654	5	9	28	0.9
id-15655	4	6	26	0.9
id-15656	10	14	19	1.0
id-15657	10	4	28	0.8
id-15658	2	3	14	1.0
id-15659	3	6	17	1.0
id-15660	10	10	5	1.0
id-15661	7	4	6	0.8
id-15662	1	2	17	0.9
id-15663	2	3	7	0.8
id-15664	8	15	2	1.0
id-15665	3	4	4	0.9
id-15666	4	8	2	1.0
id-15667	2	3	1	0.9
id-15668	6	10	2	0.8
id-15669	9	17	23	0.9
id-15670	7	8	3	0.9
id-15671	4	6	28	0.8
id-15672	8	14	23	0.9
id-15673	6	2	22	0.9
id-15674	7	11	27	0.9
id-15675	5	4	24	0.9
id-15676	5	2	16	0.9
id-15677	5	8	15	0.9
id-15678	4	2	22	0.9
id-15679	10	17	29	1.0
id-15680	1	2	5	1.0
id-15681	10	2	8	0.9
id-15682	7	6	20	0.8
id-15683	2	2	22	0.8
id-15684	8	7	1	0.8
id-15685	6	4	25	0.8
id-15686	9	9	8	1.0
id-15687	9	18	22	0.9
id-15688	7	6	13	0.9
id-15689	1	2	18	1.0
id-15690	5	4	20	0.9
id-15691	1	2	30	1.0
id-15692	5	10	19	1.0
id-15693	1	2	28	0.9
id-15694	3	5	30	1.0
id-15695	8	9	13	1.0
id-15696	3	6	13	0.9
id-15697	7	5	25	0.9
id-15698	7	3	19	1.0
id-15699	4	2	19	0.9
id-15700	4	3	9	0.8
id-15701	7	14	12	1.0
id-15702	6	4	27	0.9
id-15703	7	8	6	0.8
id-15704	2	3	27	1.0
id-15705	8	5	3	0.9
id-15706	1	2	21	1.0
id-15707	4	3	27	1.0
id-15708	4	4	12	0.8
id-15709	10	14	25	0.9
id-15710	1	2	19	0.9
id-15711	8	11	14	0.9
id-15712	3	4	7	0.8
id-15713	2	4	16	0.8
id-15714	1	2	11	0.8
id-15715	3	4	10	1.0
id-15716	3	2	30	1.0
id-15717	9	18	4	0.9
id-15718	2	3	28	0.9
id-15719	1	2	3	1.0
id-15720	1	2	27	0.9
id-15721	10	10	10	0.8
id-15722	3	3	17	1.0
id-15723	6	12	8	0.9
id-15724	2	4	17	1.0
id-15725	10	9	4	0.9
id-15726	9	7	17	0.8
id-15727	1	2	11	0.8
id-15728	2	4	11	0.9
id-15729	10	6	20	0.9
id-15730	6	7	5	0.9
id-15731	7	10	19	0.9
id-15732	5	7	4	0.9
id-15733	1	2	7	0.8
id-15734	4	8	20	1.0
id-15735	5	3	11	0.8
id-15736	1	2	2	0.9
id-15737	7	8	3	0.8
id-15738	8	9	28	0.9
id-15739	6	9	6	1.0
id-15740	10	16	6	0.9
id-15741	1	2	20	0.8
id-15742	1	2	14	0.9
id-15743	2	2	5	0.9
id-15744	1	2	29	0.8
id-15745	2	4	20	0.9
id-15746	5	6	15	0.9
id-15747	5	6	16	1.0
id-15748	7	7	28	0.8
id-15749	8	11	18	0.9
id-15750	4	3	9	0.8
id-15751	3	2	27	0.8
id-15752	2	4	15	1.0
id-15753	4	5	18	0.9
id-15754	10	2	15	0.9
id-15755	8	3	25	1.0
id-15756	3	5	30	0.9
id-15757	4	2	17	1.0
id-15758	4	8	24	0.9
id-15759	10	3	14	0.9
id-15760	7	9	17	1.0
id-15761	6	11	2	1.0
id-15762	6	8	11	1.0
id-15763	2	3	18	0.9
id-15764	3	3	22	1.0
id-15765	9	9	23	1.0
id-15766	4	8	23	1.0
id-15767	10	5	29	0.9
id-15768	1	2	29	0.8
id-15769	4	7	5	0.8
id-15770	5	4	26	1.0
id-15771	10	6	17	1.0
id-15772	6	4	3	0.8
id-15773	5	10	11	0.9
id-15774	2	4	18	1.0
id-15775	8	2	3	0.9
id-15776	3	2	26	0.9
id-15777	5	4	22	0.8
id-15778	8	2	1	0.8
id-15779	9	2	27	1.0
id-15780	9	14	22	1.0
id-15781	9	8	17	0.9
id-15782	6	12	29	0.8
id-15783	8	14	8	0.8
id-15784	2	2	15	0.9
id-15785	10	12	26	0.9
id-15786	7	6	9	0.9
id-15787	3	2	27	0.9
id-15788	10	19	28	0.8
id-15789	6	9	25	0.9
id-15790	8	14	23	1.0
id-15791	2	2	19	0.8
id-15792	2	3	1	0.9
id-15793	2	4	4	0.9
id-15794	2	3	26	1.0
id-15795	4	2	22	1.0
id-15796	8	6	14	0.9
id-15797	7	12	24	1.0
id-15798	8	11	22	0.9
id-15799	2	2	26	1.0
id-15800	4	7	16	0.9
id-15801	2	4	19	0.9
id-15802	9	2	24	0.9
id-15803	7	10	14	0.9
id-15804	5	6	18	1.0
id-15805	2	2	11	1.0
id-15806	6	7	16	0.9
id-15807	7	5	25	0.8
id-15808	6	8	8	0.8
id-15809	2	4	5	0.8
id-15810	7	6	6	0.9
id-15811	9	5	23	0.8
id-15812	10	6	5	1.0
id-15813	9	7	3	0.8
id-15814	7	10	26	0.8
id-15815	5	5	6	0.8
id-15816	4	6	29	0.9
id-15817	1	2	18	1.0
id-15818	4	6	20	0.9
id-15819	5	2	23	0.9
id-15820	9	2	14	0.9
id-15821	3	6	26	0.8
id-15822	8	6	1	1.0
id-15823	2	3	25	0.8
id-15824	3	5	23	0.9
id-15825	10	19	3	1.0
id-15826	2	4	4	0.9
id-15827	5	8	21	0.9
id-15828	4	5	18	0.8
id-15829	9	6	19	0.8
id-15830	3	4	8	0.8
id-15831	10	10	9	0.9
id-15832	6	4	14	0.9
id-15833	2	3	3	0.8
id-15834	10	17	30	1.0
id-15835	8	11	13	0.9
id-15836	3	3	22	0.8
id-15837	6	12	17	1.0
id-15838	8	10	27	0.8
id-15839	9	12	29	1.0
id-15840	3	3	20	0.9
id-15841	4	6	20	0.9
id-15842	8	12	30	0.9
id-15843	6	3	14	0.9
id-15844	9	2	19	0.8
id-15845	5	2	16	1.0
id-15846	4	6	21	0.9
id-15847	3	6	16	1.0
id-15848	8	9	27	0.8
id-15849	6	5	16	1.0
id-15850	9	5	9	0.9
id-15851	8	15	6	0.8
id-15852	6	11	26	0.8
id-15853	1	2	28	1.0
id-15854	5	4	20	0.8
id-15855	6	8	23	0.9
id-15856	6	11	25	0.9
id-15857	7	10	8	0.9
id-15858	7	10	7	1.0
id-15859	9	5	14	1.0
id-15860	8	16	26	0.8
id-15861	7	7	26	0.8
id-15862	9	3	15	1.0
id-15863	2	3	17	0.8
id-15864	10	7	13	1.0
id-15865	2	4	13	0.9
id-15866	2	4	16	0.8
id-15867	1	2	26	1.0
id-15868	7	12	23	1.0
id-15869	1	2	20	1.0
id-15870	3	2	1	0.8
id-15871	3	6	8	0.8
id-15872	10	16	11	0.8
id-15873	10	13	26	0.9
id-15874	6	9	23	0.9
id-15875	4	8	16	0.9
id-15876	6	5	25	1.0
id-15877	4	6	19	1.0
id-15878	7	2	8	0.9
id-15879	6	8	27	0.8
id-15880	5	3	25	0.9
id-15881	5	7	21	0.8
id-15882	1	2	10	0.8
id-15883	4	5	14	0.9
id-15884	1	2	28	0.8
id-15885	5	3	29	0.8
id-15886	5	2	26	1.0
id-15887	8	13	6	0.9
id-15888	8	10	25	0.9
id-15889	1	2	8	0.8
id-15890	5	3	23	1.0
id-15891	4	4	14	0.9
id-15892	1	2	13	0.9
id-15893	7	5	13	1.0
id-15894	5	5	13	0.8
id-15895	8	13	23	0.8
id-15896	7	7	15	0.9
id-15897	3	2	14	0.9
id-15898	4	2	22	0.9
id-15899	2	4	11	0.9
id-15900	1	2	23	0.9
id-15901	10	12	20	0.8
id-15902	2	2	28	1.0
id-15903	7	3	22	0.9
id-15904	6	10	30	0.9
id-15905	9	8	18	0.8
id-15906	7	3	7	0.9
id-15907	4	3	29	0.9
id-15908	5	4	28	0.9
id-15909	1	2	28	1.0
id-15910	7	10	25	1.0
id-15911	10	3	5	0.8
id-15912	10	14	16	0.9
id-15913	6	11	4	1.0
id-15914	6	12	1	0.9
id-15915	6	2	8	0.9
id-15916	7	2	11	1.0
id-15917	8	15	16	1.0
id-15918	9	7	28	0.9
id-15919	7	2	14	1.0
id-15920	1	2	15	0.9
id-15921	10	14	4	0.8
id-15922	8	6	1	1.0
id-15923	4	6	20	0.9
id-15924	3	6	11	0.8
id-15925	7	8	27	1.0
id-15926	6	4	5	0.8
id-15927	1	2	18	1.0
id-15928	3	2	29	0.9
id-15929	5	7	28	1.0
id-15930	6	9	15	0.8
id-15931	2	3	19	0.9
id-15932	2	3	3	1.0
id-15933	2	4	8	0.9
id-15934	10	16	6	0.9
id-15935	8	12	3	0.9
id-15936	7	14	13	0.8
id-15937	10	20	16	0.9
id-15938	1	2	29	0.9
id-15939	2	2	19	0.9
id-15940	10	7	26	1.0
id-15941	6	7	17	0.9
id-15942	8	3	26	0.9
id-15943	4	3	8	0.9
id-15944	10	17	1	0.8
id-15945	5	6	16	0.8
id-15946	7	10	19	0.9
id-15947	3	4	9	1.0
id-15948	8	2	23	0.9
id-15949	7	4	16	0.9
id-15950	5	2	21	0.9
id-15951	9	9	5	0.8
id-15952	1	2	15	0.8
id-15953	3	2	15	0.8
id-15954	10	15	7	0.9
id-15955	2	4	25	0.9
id-15956	10	2	23	0.9
id-15957	4	8	12	0.9
id-15958	8	12	27	0.8
id-15959	3	6	13	1.0
id-15960	9	12	7	0.9
id-15961	8	8	3	0.9
id-15962	9	12	30	0.8
id-15963	2	3	5	1.0
id-15964	7	4	28	0.9
id-15965	5	8	1	0.9
id-15966	2	3	20	0.9
id-15967	2	2	3	0.8
id-15968	1	2	12	0.9
id-15969	10	12	15	0.9
id-15970	4	4	19	0.9
id-15971	7	5	25	0.9
id-15972	3	4	15	0.8
id-15973	5	6	27	0.9
id-15974	3	2	7	1.0
id-15975	8	6	4	0.9
id-15976	10	8	4	0.9
id-15977	2	3	14	0.9
id-15978	9	10	15	0.9
id-15979	7	10	21	0.8
id-15980	5	2	29	0.8
id-15981	3	4	21	0.9
id-15982	2	4	7	0.8
id-15983	4	4	13	0.9
id-15984	4	3	30	0.9
id-15985	6	4	13	0.9
id-15986	1	2	25	1.0
id-15987	6	11	27	1.0
id-15988	2	3	2	0.9
id-15989	7	10	4	1.0
id-15990	6	4	18	0.9
id-15991	1	2	2	0.8
id-15992	8	13	21	0.9
id-15993	9	18	10	0.9
id-15994	4	6	7	1.0
id-15995	8	12	24	0.9
id-15996	6	9	22	0.9
id-15997	2	3	19	0.9
id-15998	10	3	19	0.9
id-15999	10	4	29	1.0
id-16000	4	2	1	0.9
id-16001	3	5	26	0.9
id-16002	2	2	21	0.9
id-16003	6	8	30	0.9
id-16004	8	5	8	0.9
id-16005	2	3	25	0.9
id-16006	1	2	16	1.0
id-16007	8	15	27	1.0
id-16008	1	2	29	0.9
id-16009	2	4	20	1.0
id-16010	4	3	10	0.9
id-16011	1	2	21	1.0
id-16012	10	3	15	1.0
id-16013	2	4	6	0.9
id-16014	6	11	4	1.0
id-16015	2	3	11	0.8
id-16016	8	15	20	0.9
id-16017	8	16	30	0.8
id-16018	9	6	6	0.8
id-16019	5	7	2	0.8
id-16020	6	11	26	0.9
id-16021	8	13	21	0.8
id-16022	9	8	3	0.8
id-16023	1	2	3	0.8
id-16024	4	3	22	0.9
id-16025	3	6	29	0.9
id-16026	5	7	12	0.9
id-16027	2	4	23	0.9
id-16028	7	3	12	0.8
id-16029	3	3	3	0.8
id-16030	3	2	27	0.9
id-16031	2	3	24	0.9
id-16032	1	2	17	1.0
id-16033	10	5	14	1.0
id-16034	7	2	14	1.0
id-16035	1	2	5	0.8
id-16036	9	2	20	0.9
id-16037	3	2	2	0.9
id-16038	2	4	8	0.9
id-16039	10	12	1	0.9
id-16040	4	8	6	0.8
id-16041	2	2	13	0.9
id-16042	7	2	26	0.9
id-16043	5	3	20	0.9
id-16044	8	7	25	0.8
id-16045	5	5	15	0.9
id-16046	6	5	2	1.0
id-16047	1	2	19	0.9
id-16048	10	3	25	1.0
id-16049	7	4	20	1.0
id-16050	8	11	7	0.9
id-16051	7	6	27	1.0
id-16052	10	8	7	0.8
id-16053	5	8	12	1.0
id-16054	3	5	24	0.8
id-16055	4	2	12	1.0
id-16056	7	7	24	0.8
id-16057	9	17	12	0.9
id-16058	6	9	18	0.8
id-16059	9	5	22	0.9
id-16060	4	8	9	0.8
id-16061	5	7	30	0.9
id-16062	6	6	29	0.9
id-16063	8	3	16	1.0
id-16064	5	6	14	0.9
id-16065	4	6	26	0.8
id-16066	1	2	20	0.9
id-16067	6	6	18	0.9
id-16068	3	5	13	0.9
id-16069	1	2	4	1.0
id-16070	2	3	9	0.9
id-16071	5	6	28	0.8
id-16072	9	13	12	0.8
id-16073	2	2	23	1.0
id-16074	5	10	1	0.9
id-16075	9	6	18	0.8
id-16076	10	20	24	1.0
id-16077	6	4	24	0.9
id-16078	6	9	14	0.9
id-16079	9	17	11	0.9
id-16080	5	2	28	0.9
id-16081	8	6	27	0.9
id-16082	2	2	27	0.8
id-16083	3	4	22	0.9
id-16084	10	13	24	0.9
id-16085	8	13	2	0.8
id-16086	1	2	1	0.9
id-16087	10	17	8	1.0
id-16088	4	4	22	1.0
id-16089	2	3	7	0.8
id-16090	7	7	18	1.0
id-16091	8	5	13	0.9
id-16092	5	10	28	0.9
id-16093	4	2	20	0.8
id-16094	9	12	21	1.0
id-16095	9	15	10	0.9
id-16096	2	4	5	1.0
id-16097	9	15	21	0.8
id-16098	10	2	8	1.0
id-16099	7	14	25	0.8
id-16100	10	5	26	0.9
id-16101	8	9	28	0.8
id-16102	9	18	24	0.8
id-16103	9	10	16	0.9
id-16104	3	4	8	0.8
id-16105	2	2	30	0.9
id-16106	2	2	26	0.9
id-16107	3	4	8	0.9
id-16108	5	6	13	0.9
id-16109	6	11	24	0.9
id-16110	9	13	16	0.9
id-16111	1	2	28	0.8
id-16112	6	9	19	1.0
id-16113	8	16	28	0.9
id-16114	2	2	29	0.9
id-16115	8	9	29	0.9
id-16116	7	5	3	0.9
id-16117	8	2	17	1.0
id-16118	4	2	2	0.9
id-16119	5	6	5	0.9
id-16120	2	4	19	1.0
id-16121	5	8	20	0.8
id-16122	5	6	23	0.9
id-16123	5	4	9	0.8
id-16124	3	4	16	0.9
id-16125	10	15	1	1.0
id-16126	4	8	24	0.9
id-16127	10	4	26	1.0
id-16128	8	12	20	0.8
id-16129	1	2	20	0.9
id-16130	2	4	2	0.9
id-16131	5	2	26	0.9
id-16132	5	6	1	0.9
id-16133	10	16	28	0.8
id-16134	4	4	21	1.0
id-16135	7	11	27	1.0
id-16136	10	6	25	0.8
id-16137	2	2	13	1.0
id-16138	6	12	15	1.0
id-16139	4	7	25	0.8
id-16140	2	2	29	1.0
id-16141	5	5	19	1.0
id-16142	1	2	10	0.8
id-16143	1	2	15	0.9
id-16144	9	9	25	1.0
id-16145	8	6	15	0.9
id-16146	8	4	20	0.9
id-16147	10	10	21	0.9
id-16148	8	11	19	1.0
id-16149	3	3	19	1.0
id-16150	2	2	26	0.9
id-16151	8	14	1	0.9
id-16152	1	2	26	0.9
id-16153	9	7	26	0.9
id-16154	9	9	11	0.9
id-16155	9	5	19	1.0
id-16156	9	7	13	1.0
id-16157	5	8	23	0.9
id-16158	10	7	2	0.9
id-16159	9	11	16	1.0
id-16160	10	12	24	0.9
id-16161	2	4	24	0.8
id-16162	7	14	29	0.8
id-16163	7	11	16	0.9
id-16164	7	12	23	0.9
id-16165	6	4	16	0.8
id-16166	2	3	6	1.0
id-16167	10	13	23	0.9
id-16168	5	4	5	0.8
id-16169	2	4	26	0.9
id-16170	9	9	13	0.9
id-16171	8	7	13	0.9
id-16172	1	2	1	1.0
id-16173	1	2	28	0.9
id-16174	5	3	25	0.9
id-16175	7	13	29	0.8
id-16176	9	8	22	0.9
id-16177	4	4	25	0.9
id-16178	4	7	24	0.9
id-16179	5	10	29	0.9
id-16180	2	2	29	0.8
id-16181	2	3	9	0.9
id-16182	2	2	25	0.9
id-16183	10	8	10	1.0
id-16184	6	7	7	0.9
id-16185	7	10	26	0.9
id-16186	4	6	20	1.0
id-16187	7	9	4	0.9
id-16188	4	7	3	0.9
id-16189	7	10	1	0.9
id-16190	10	11	10	0.9
id-16191	1	2	23	0.8
id-16192	1	2	21	0.9
id-16193	9	14	4	0.9
id-16194	5	2	29	0.9
id-16195	4	4	12	0.9
id-16196	8	2	22	0.8
id-16197	6	6	22	0.9
id-16198	2	2	22	1.0
id-16199	2	3	4	0.9
id-16200	8	14	29	0.8
id-16201	3	4	20	1.0
id-16202	8	11	10	0.8
id-16203	1	2	26	0.9
id-16204	4	8	4	0.9
id-16205	7	7	10	0.9
id-16206	6	7	12	0.9
id-16207	2	4	10	1.0
id-16208	2	3	30	0.8
id-16209	6	7	1	0.8
id-16210	3	2	22	0.9
id-16211	4	5	18	0.8
id-16212	10	16	19	1.0
id-16213	10	15	9	0.8
id-16214	4	6	22	0.8
id-16215	9	3	16	0.9
id-16216	10	5	1	1.0
id-16217	6	6	12	0.8
id-16218	5	9	9	0.8
id-16219	4	4	6	1.0
id-16220	5	5	5	0.9
id-16221	8	14	7	0.9
id-16222	4	4	18	0.9
id-16223	3	2	17	0.9
id-16224	2	4	9	0.9
id-16225	4	8	19	1.0
id-16226	8	6	15	0.8
id-16227	7	7	8	0.9
id-16228	4	3	21	0.9
id-16229	10	15	19	0.9
id-16230	4	5	4	1.0
id-16231	7	2	21	0.8
id-16232	9	4	6	0.9
id-16233	3	2	25	0.9
id-16234	7	8	8	1.0
id-16235	4	8	10	1.0
id-16236	9	8	10	0.8
id-16237	4	2	26	1.0
id-16238	5	4	20	0.9
id-16239	3	3	4	1.0
id-16240	6	11	6	0.9
id-16241	3	3	15	0.8
id-16242	1	2	3	0.9
id-16243	3	2	20	0.8
id-16244	10	10	6	0.9
id-16245	1	2	9	0.9
id-16246	9	15	17	0.9
id-16247	8	15	26	0.9
id-16248	4	8	2	1.0
id-16249	10	4	13	0.9
id-16250	3	3	19	0.8
id-16251	7	11	5	0.9
id-16252	10	17	5	1.0
id-16253	6	11	26	0.9
id-16254	10	8	29	0.9
id-16255	1	2	30	1.0
id-16256	6	9	5	1.0
id-16257	4	6	29	0.8
id-16258	6	7	13	0.9
id-16259	1	2	30	0.9
id-16260	4	4	2	0.9
id-16261	3	3	17	0.9
id-16262	2	2	2	0.8
id-16263	8	6	7	1.0
id-16264	10	3	1	1.0
id-16265	1	2	30	1.0
id-16266	10	13	20	0.9
id-16267	5	4	20	0.8
id-16268	8	4	7	0.9
id-16269	5	4	17	0.8
id-16270	8	16	19	0.9
id-16271	1	2	9	0.9
id-16272	6	9	18	1.0
id-16273	2	2	30	0.8
id-16274	9	4	1	0.9
id-16275	9	11	7	0.9
id-16276	1	2	28	0.8
id-16277	5	3	10	0.9
id-16278	10	17	21	0.9
id-16279	9	12	24	0.8
id-16280	8	4	8	0.9
id-16281	4	7	19	0.9
id-16282	4	6	27	0.9
id-16283	10	3	29	0.9
id-16284	3	2	3	0.9
id-16285	1	2	12	0.9
id-16286	7	8	21	0.9
id-16287	1	2	6	1.0
id-16288	1	2	9	0.9
id-16289	1	2	2	0.9
id-16290	1	2	27	0.9
id-16291	3	6	8	0.9
id-16292	1	2	16	1.0
id-16293	7	2	6	0.8
id-16294	8	8	5	0.8
id-16295	5	8	29	0.9
id-16296	8	7	23	0.8
id-16297	3	2	25	1.0
id-16298	7	6	29	0.9
id-16299	10	5	9	1.0
id-16300	6	10	3	0.9
id-16301	1	2	20	0.8
id-16302	8	3	13	0.8
id-16303	3	2	12	0.9
id-16304	1	2	19	0.9
id-16305	3	3	30	0.8
id-16306	9	14	29	1.0
id-16307	6	8	26	0.9
id-16308	1	2	11	1.0
id-16309	2	2	25	1.0
id-16310	4	7	11	0.9
id-16311	9	4	12	0.9
id-16312	5	2	6	0.9
id-16313	3	4	14	0.9
id-16314	1	2	16	1.0
id-16315	1	2	8	1.0
id-16316	5	6	5	0.8
id-16317	9	7	20	0.8
id-16318	8	14	25	0.9
id-16319	8	8	14	1.0
id-16320	7	14	11	1.0
id-16321	9	8	6	0.9
id-16322	1	2	14	0.8
id-16323	7	13	16	0.8
id-16324	9	18	4	0.9
id-16325	7	6	4	0.9
id-16326	6	6	3	0.9
id-16327	4	7	17	0.9
id-16328	4	6	7	0.9
id-16329	2	4	4	0.9
id-16330	1	2	13	0.8
id-16331	2	4	4	1.0
id-16332	10	8	23	0.9
id-16333	4	3	8	0.8
id-16334	3	2	19	0.9
id-16335	9	16	6	0.9
id-16336	7	4	8	0.9
id-16337	2	3	28	0.8
id-16338	1	2	17	0.9
id-16339	4	2	5	0.8
id-16340	6	4	13	1.0
id-16341	8	5	17	0.9
id-16342	10	6	29	0.8
id-16343	8	13	16	0.8
id-16344	4	2	4	0.9
id-16345	4	6	1	0.8
id-16346	10	18	28	0.8
id-16347	5	2	13	0.9
id-16348	1	2	14	0.8
id-16349	2	3	22	0.9
id-16350	2	3	4	0.9
id-16351	1	2	30	0.9
id-16352	5	2	26	0.9
id-16353	10	15	5	0.9
id-16354	2	2	18	0.9
id-16355	1	2	2	0.8
id-16356	7	11	17	0.9
id-16357	2	2	22	0.8
id-16358	5	10	7	1.0
id-16359	7	14	8	1.0
id-16360	1	2	16	0.9
id-16361	3	3	21	0.8
id-16362	6	6	14	0.8
id-16363	5	4	21	1.0
id-16364	6	8	2	0.9
id-16365	3	6	2	1.0
id-16366	9	6	9	1.0
id-16367	2	2	7	0.8
id-16368	1	2	19	0.9
id-16369	8	5	16	0.9
id-16370	8	12	12	1.0
id-16371	9	7	3	0.8
id-16372	5	10	17	0.9
id-16373	2	4	5	0.9
id-16374	5	3	17	0.9
id-16375	7	11	12	1.0
id-16376	3	2	22	0.9
id-16377	9	14	18	0.9
id-16378	5	10	17	1.0
id-16379	9	11	13	0.8
id-16380	8	3	20	0.9
id-16381	9	6	18	0.9
id-16382	10	16	14	0.8
id-16383	7	3	18	1.0
id-16384	8	2	17	1.0
id-16385	1	2	2	0.9
id-16386	8	15	1	1.0
id-16387	5	10	24	0.9
id-16388	9	7	25	1.0
id-16389	8	5	18	0.9
id-16390	10	14	7	1.0
id-16391	3	4	10	0.9
id-16392	9	5	20	0.9
id-16393	4	7	21	1.0
id-16394	3	2	2	0.9
id-16395	7	13	12	0.8
id-16396	5	2	21	0.8
id-16397	3	2	21	0.9
id-16398	6	9	26	0.8
id-16399	6	5	9	0.8
id-16400	9	18	26	0.9
id-16401	7	14	11	1.0
id-16402	1	2	19	0.9
id-16403	6	12	9	0.9
id-16404	10	15	14	0.9
id-16405	1	2	8	0.8
id-16406	3	2	26	0.9
id-16407	1	2	23	0.9
id-16408	10	9	23	0.9
id-16409	10	5	16	0.8
id-16410	7	6	9	0.9
id-16411	10	15	1	1.0
id-16412	3	5	30	1.0
id-16413	7	5	20	1.0
id-16414	7	13	23	0.9
id-16415	1	2	29	0.9
id-16416	6	4	14	0.8
id-16417	10	14	2	0.9
id-16418	2	4	17	0.9
id-16419	6	5	30	0.9
id-16420	2	2	1	0.8
id-16421	8	4	16	0.9
id-16422	3	3	21	1.0
id-16423	10	5	11	0.9
id-16424	5	3	26	0.9
id-16425	3	4	16	0.9
id-16426	8	11	23	0.8
id-16427	7	7	14	0.8
id-16428	3	5	9	0.8
id-16429	4	8	19	0.9
id-16430	7	2	8	0.8
id-16431	8	8	5	0.8
id-16432	4	5	13	0.9
id-16433	2	2	16	1.0
id-16434	3	4	27	0.8
id-16435	8	14	17	0.9
id-16436	4	7	20	1.0
id-16437	8	9	14	0.9
id-16438	2	2	24	0.9
id-16439	6	10	16	0.9
id-16440	1	2	7	1.0
id-16441	3	3	15	0.8
id-16442	1	2	30	1.0
id-16443	5	4	11	1.0
id-16444	10	12	12	0.9
id-16445	5	3	25	0.8
id-16446	10	16	14	0.8
id-16447	6	6	5	0.9
id-16448	10	19	23	0.9
id-16449	3	5	15	0.9
id-16450	1	2	27	0.9
id-16451	8	8	15	0.8
id-16452	2	3	8	1.0
id-16453	3	3	18	1.0
id-16454	1	2	17	1.0
id-16455	6	12	24	1.0
id-16456	5	5	4	0.9
id-16457	6	5	7	1.0
id-16458	4	2	14	1.0
id-16459	3	2	22	0.9
id-16460	3	5	13	0.9
id-16461	7	7	17	1.0
id-16462	4	7	20	0.9
id-16463	8	16	21	0.9
id-16464	2	3	24	0.9
id-16465	7	8	4	1.0
id-16466	5	9	7	0.8
id-16467	10	18	23	0.9
id-16468	10	6	26	0.9
id-16469	8	15	19	0.9
id-16470	4	6	5	0.9
id-16471	9	4	3	1.0
id-16472	5	2	13	0.8
id-16473	10	8	22	0.9
id-16474	7	7	4	1.0
id-16475	3	6	3	1.0
id-16476	6	4	1	0.8
id-16477	4	3	2	1.0
id-16478	3	2	18	0.9
id-16479	3	4	19	0.8
id-16480	2	3	1	0.9
id-16481	8	13	30	0.9
id-16482	1	2	13	0.8
id-16483	1	2	7	1.0
id-16484	1	2	17	0.9
id-16485	3	2	14	1.0
id-16486	9	17	29	0.8
id-16487	8	4	22	0.8
id-16488	2	3	28	1.0
id-16489	6	5	23	0.9
id-16490	5	4	28	0.9
id-16491	10	13	28	0.9
id-16492	8	16	14	0.9
id-16493	4	6	6	0.8
id-16494	4	8	5	1.0
id-16495	1	2	30	0.8
id-16496	8	10	17	0.9
id-16497	6	11	17	0.9
id-16498	3	4	27	0.9
id-16499	2	2	23	0.8
id-16500	6	7	30	0.9
id-16501	5	2	15	0.9
id-16502	10	14	1	0.9
id-16503	10	16	28	0.9
id-16504	7	7	4	1.0
id-16505	4	3	17	0.9
id-16506	3	6	6	1.0
id-16507	6	4	17	0.8
id-16508	7	11	6	0.8
id-16509	3	6	12	0.9
id-16510	10	18	18	0.9
id-16511	3	4	18	1.0
id-16512	10	5	10	1.0
id-16513	7	13	1	1.0
id-16514	8	16	9	0.9
id-16515	3	6	7	0.9
id-16516	8	3	6	0.8
id-16517	4	4	18	1.0
id-16518	6	10	1	0.8
id-16519	9	4	8	0.9
id-16520	1	2	27	1.0
id-16521	7	7	24	1.0
id-16522	3	4	1	0.9
id-16523	8	2	5	0.8
id-16524	8	14	23	0.9
id-16525	7	9	28	0.8
id-16526	7	13	17	0.8
id-16527	2	4	29	1.0
id-16528	7	14	13	0.9
id-16529	8	6	9	0.8
id-16530	10	18	23	0.8
id-16531	7	7	16	0.9
id-16532	6	11	3	0.9
id-16533	2	3	23	1.0
id-16534	9	13	16	0.9
id-16535	1	2	28	1.0
id-16536	3	3	17	0.9
id-16537	1	2	25	0.8
id-16538	5	7	15	0.9
id-16539	5	4	26	0.8
id-16540	1	2	24	0.9
id-16541	2	4	10	1.0
id-16542	6	5	26	0.9
id-16543	2	4	2	1.0
id-16544	1	2	24	0.9
id-16545	7	12	18	0.9
id-16546	4	8	1	0.8
id-16547	3	2	22	1.0
id-16548	1	2	6	0.8
id-16549	4	8	15	0.9
id-16550	2	3	2	0.9
id-16551	7	13	22	0.9
id-16552	3	3	22	0.9
id-16553	7	5	23	1.0
id-16554	7	14	10	0.9
id-16555	9	4	2	0.9
id-16556	2	2	2	0.9
id-16557	1	2	11	0.9
id-16558	10	6	9	1.0
id-16559	2	4	19	0.9
id-16560	7	11	28	0.9
id-16561	2	3	30	0.8
id-16562	9	14	26	0.8
id-16563	2	4	11	1.0
id-16564	8	9	11	0.9
id-16565	4	7	24	0.8
id-16566	1	2	15	0.9
id-16567	4	2	4	0.9
id-16568	6	3	2	1.0
id-16569	1	2	27	0.9
id-16570	2	3	22	1.0
id-16571	10	16	14	0.8
id-16572	3	3	29	0.9
id-16573	3	3	18	0.8
id-16574	4	7	25	1.0
id-16575	5	10	27	0.8
id-16576	2	3	24	0.9
id-16577	2	3	17	0.9
id-16578	6	8	3	0.8
id-16579	6	10	20	0.9
id-16580	10	17	5	0.9
id-16581	10	20	16	1.0
id-16582	8	3	28	0.9
id-16583	7	4	20	1.0
id-16584	5	6	10	0.9
id-16585	5	5	24	0.9
id-16586	8	13	1	0.8
id-16587	10	8	12	0.9
id-16588	5	2	20	1.0
id-16589	9	5	3	1.0
id-16590	6	5	17	0.9
id-16591	7	7	5	0.9
id-16592	10	6	21	0.9
id-16593	9	13	19	0.9
id-16594	2	2	11	0.8
id-16595	7	6	5	0.9
id-16596	3	5	18	0.9
id-16597	4	4	17	0.9
id-16598	1	2	25	1.0
id-16599	8	8	29	0.9
id-16600	5	6	7	0.9
id-16601	5	4	3	1.0
id-16602	2	2	21	0.9
id-16603	8	12	11	0.9
id-16604	10	4	30	0.9
id-16605	7	9	12	0.9
id-16606	9	13	16	0.9
id-16607	3	3	6	1.0
id-16608	7	5	15	1.0
id-16609	4	6	10	0.8
id-16610	2	2	13	0.9
id-16611	4	2	27	0.9
id-16612	9	7	30	0.9
id-16613	8	10	12	0.9
id-16614	6	6	29	0.9
id-16615	10	18	10	0.8
id-16616	6	6	26	0.8
id-16617	3	5	22	0.9
id-16618	2	4	8	1.0
id-16619	4	8	21	1.0
id-16620	7	13	22	0.9
id-16621	1	2	23	0.8
id-16622	9	3	26	1.0
id-16623	3	2	9	0.9
id-16624	9	17	29	0.9
id-16625	1	2	26	1.0
id-16626	4	7	13	1.0
id-16627	1	2	9	0.9
id-16628	6	12	11	1.0
id-16629	4	4	25	0.8
id-16630	5	3	24	0.9
id-16631	8	15	21	0.9
id-16632	9	14	23	1.0
id-16633	8	5	26	1.0
id-16634	8	5	2	1.0
id-16635	9	13	12	0.9
id-16636	3	3	30	0.9
id-16637	5	3	30	0.9
id-16638	6	5	9	0.9
id-16639	3	3	29	0.8
id-16640	8	5	4	0.9
id-16641	10	19	18	1.0
id-16642	10	13	2	0.8
id-16643	4	7	6	0.8
id-16644	4	4	26	0.9
id-16645	10	12	14	1.0
id-16646	1	2	7	0.9
id-16647	9	7	9	1.0
id-16648	2	3	6	0.9
id-16649	10	7	15	0.8
id-16650	6	6	27	0.9
id-16651	2	4	19	0.8
id-16652	5	3	6	0.9
id-16653	6	5	28	0.9
id-16654	1	2	14	0.9
id-16655	9	6	14	1.0
id-16656	10	16	28	0.9
id-16657	7	14	22	0.8
id-16658	1	2	20	0.9
id-16659	4	5	5	1.0
id-16660	10	6	10	0.9
id-16661	6	5	30	1.0
id-16662	5	3	21	1.0
id-16663	7	4	6	0.8
id-16664	6	11	10	0.9
id-16665	6	4	13	1.0
id-16666	10	3	16	0.9
id-16667	3	5	29	0.9
id-16668	1	2	21	0.8
id-16669	4	5	17	0.9
id-16670	7	14	19	0.8
id-16671	5	8	7	0.9
id-16672	4	4	2	1.0
id-16673	2	3	6	0.9
id-16674	4	3	22	1.0
id-16675	4	6	27	0.8
id-16676	2	3	11	0.8
id-16677	1	2	21	0.9
id-16678	10	17	14	1.0
id-16679	5	3	27	0.9
id-16680	5	5	9	0.9
id-16681	9	10	24	0.9
id-16682	4	6	21	0.9
id-16683	4	7	1	0.9
id-16684	4	3	1	1.0
id-16685	6	7	8	0.9
id-16686	7	9	26	0.9
id-16687	7	9	3	0.8
id-16688	6	4	2	0.9
id-16689	6	11	5	0.9
id-16690	10	2	16	0.9
id-16691	10	11	8	0.8
id-16692	5	8	26	1.0
id-16693	1	2	19	0.8
id-16694	8	7	29	0.9
id-16695	1	2	25	0.8
id-16696	8	4	21	1.0
id-16697	8	16	2	0.8
id-16698	6	2	11	0.9
id-16699	1	2	26	0.9
id-16700	4	3	27	1.0
id-16701	4	4	10	0.9
id-16702	10	16	14	0.9
id-16703	2	4	21	0.9
id-16704	6	9	13	0.9
id-16705	10	8	14	0.8
id-16706	1	2	6	0.9
id-16707	7	9	12	1.0
id-16708	9	11	20	0.8
id-16709	10	17	4	0.9
id-16710	4	2	19	0.8
id-16711	10	7	28	0.8
id-16712	10	7	15	1.0
id-16713	6	9	11	0.8
id-16714	5	8	26	1.0
id-16715	2	4	16	0.8
id-16716	9	17	5	0.9
id-16717	3	6	17	0.9
id-16718	1	2	16	0.9
id-16719	8	2	8	0.9
id-16720	10	6	6	0.8
id-16721	3	5	16	0.9
id-16722	7	13	29	0.9
id-16723	8	5	11	0.9
id-16724	5	9	29	0.9
id-16725	10	14	12	0.9
id-16726	2	4	27	1.0
id-16727	3	3	2	0.9
id-16728	10	7	27	0.9
id-16729	8	12	28	0.8
id-16730	9	15	17	0.8
id-16731	2	3	12	0.9
id-16732	3	6	3	0.9
id-16733	3	5	22	1.0
id-16734	5	9	27	1.0
id-16735	2	3	4	0.9
id-16736	10	17	22	1.0
id-16737	8	10	24	1.0
id-16738	7	6	22	1.0
id-16739	1	2	1	1.0
id-16740	6	3	27	0.9
id-16741	7	13	23	1.0
id-16742	7	9	15	0.9
id-16743	9	14	9	0.9
id-16744	6	9	11	1.0
id-16745	10	13	13	1.0
id-16746	6	5	20	0.8
id-16747	5	9	1	0.8
id-16748	1	2	27	0.9
id-16749	5	7	10	1.0
id-16750	6	8	16	0.9
id-16751	1	2	2	0.9
id-16752	1	2	7	1.0
id-16753	9	2	22	0.8
id-16754	3	6	18	0.8
id-16755	7	13	15	0.8
id-16756	5	2	19	0.9
id-16757	4	2	8	1.0
id-16758	8	5	2	0.8
id-16759	1	2	15	1.0
id-16760	10	11	22	1.0
id-16761	9	2	17	0.9
id-16762	10	19	3	0.8
id-16763	3	4	8	0.9
id-16764	5	8	15	1.0
id-16765	3	3	17	0.9
id-16766	7	8	28	1.0
id-16767	4	8	20	1.0
id-16768	2	3	2	0.8
id-16769	7	14	26	0.8
id-16770	6	7	30	1.0
id-16771	4	6	10	0.8
id-16772	9	16	19	0.8
id-16773	9	8	17	0.9
id-16774	1	2	20	0.8
id-16775	3	2	19	0.9
id-16776	3	4	16	0.9
id-16777	2	2	4	1.0
id-16778	10	13	26	1.0
id-16779	8	9	15	0.9
id-16780	2	2	19	1.0
id-16781	9	12	30	0.8
id-16782	6	7	17	1.0
id-16783	4	4	30	0.8
id-16784	5	6	10	0.8
id-16785	3	6	4	0.9
id-16786	5	10	25	1.0
id-16787	8	3	3	1.0
id-16788	5	6	14	1.0
id-16789	5	4	13	1.0
id-16790	9	14	24	0.9
id-16791	8	11	10	1.0
id-16792	5	4	9	0.9
id-16793	5	8	6	0.9
id-16794	2	2	30	1.0
id-16795	6	10	2	1.0
id-16796	1	2	6	0.9
id-16797	2	4	30	0.8
id-16798	5	8	29	1.0
id-16799	5	7	19	1.0
id-16800	2	4	5	0.9
id-16801	4	5	1	0.8
id-16802	9	9	5	0.8
id-16803	10	9	3	0.9
id-16804	7	10	28	0.8
id-16805	5	6	10	1.0
id-16806	8	2	5	0.8
id-16807	1	2	8	1.0
id-16808	10	8	3	0.9
id-16809	2	3	24	0.9
id-16810	4	8	27	0.9
id-16811	1	2	22	0.9
id-16812	7	5	21	0.9
id-16813	5	6	5	0.8
id-16814	4	5	18	1.0
id-16815	1	2	25	0.9
id-16816	1	2	3	1.0
id-16817	5	7	6	0.9
id-16818	5	9	10	0.8
id-16819	4	3	8	1.0
id-16820	3	3	20	1.0
id-16821	10	5	18	0.8
id-16822	3	3	28	0.9
id-16823	4	5	23	0.8
id-16824	8	4	18	0.9
id-16825	8	16	2	0.8
id-16826	3	4	30	0.9
id-16827	1	2	16	0.9
id-16828	8	12	30	0.9
id-16829	7	10	9	0.8
id-16830	8	15	5	0.9
id-16831	8	16	17	0.8
id-16832	4	4	30	0.9
id-16833	5	10	20	0.8
id-16834	7	9	4	0.9
id-16835	6	11	9	0.9
id-16836	7	11	26	1.0
id-16837	8	9	14	0.8
id-16838	1	2	9	0.9
id-16839	6	2	6	1.0
id-16840	7	12	20	0.9
id-16841	3	5	9	0.8
id-16842	8	12	22	0.8
id-16843	10	7	15	0.9
id-16844	2	3	21	0.8
id-16845	10	3	25	1.0
id-16846	3	5	28	0.8
id-16847	1	2	30	0.9
id-16848	5	8	4	0.8
id-16849	10	7	29	0.9
id-16850	1	2	12	0.8
id-16851	8	4	20	1.0
id-16852	1	2	22	1.0
id-16853	8	14	4	0.9
id-16854	6	11	7	1.0
id-16855	8	7	6	0.8
id-16856	4	3	20	0.9
id-16857	9	14	13	0.9
id-16858	1	2	5	1.0
id-16859	8	16	10	0.9
id-16860	7	4	5	0.9
id-16861	2	4	28	1.0
id-16862	2	3	21	0.8
id-16863	4	6	15	0.9
id-16864	8	5	1	0.9
id-16865	3	6	18	0.9
id-16866	7	3	19	0.8
id-16867	4	4	14	0.9
id-16868	10	2	1	0.8
id-16869	4	4	30	0.9
id-16870	7	7	28	0.9
id-16871	9	18	10	0.8
id-16872	7	11	8	0.9
id-16873	2	2	1	0.9
id-16874	5	10	10	0.8
id-16875	9	7	5	0.9
id-16876	6	3	27	0.9
id-16877	4	7	28	1.0
id-16878	8	5	2	0.9
id-16879	8	13	8	1.0
id-16880	5	3	9	0.8
id-16881	9	13	5	0.9
id-16882	7	8	2	0.9
id-16883	2	4	1	0.9
id-16884	9	6	27	0.9
id-16885	4	6	21	0.9
id-16886	5	10	27	1.0
id-16887	3	2	12	0.9
id-16888	10	5	18	0.9
id-16889	5	3	21	0.9
id-16890	2	2	29	0.9
id-16891	6	2	27	0.8
id-16892	10	6	11	0.8
id-16893	9	16	22	0.8
id-16894	9	16	17	0.8
id-16895	4	8	25	0.9
id-16896	9	3	4	1.0
id-16897	9	13	26	0.9
id-16898	6	9	29	1.0
id-16899	10	15	21	0.8
id-16900	7	2	2	0.9
id-16901	1	2	4	1.0
id-16902	10	15	17	0.9
id-16903	8	5	28	0.8
id-16904	4	3	24	0.8
id-16905	4	7	8	0.9
id-16906	8	16	11	0.8
id-16907	3	6	28	0.8
id-16908	6	12	18	0.9
id-16909	4	5	9	0.8
id-16910	3	5	16	1.0
id-16911	5	6	13	0.8
id-16912	7	2	26	1.0
id-16913	4	3	7	0.9
id-16914	3	5	15	0.9
id-16915	3	6	6	0.9
id-16916	1	2	1	0.9
id-16917	9	11	4	1.0
id-16918	4	4	4	0.9
id-16919	9	11	14	0.9
id-16920	6	6	26	0.9
id-16921	2	3	26	0.9
id-16922	3	5	6	0.8
id-16923	7	14	20	1.0
id-16924	7	2	23	1.0
id-16925	8	9	19	0.9
id-16926	3	5	15	1.0
id-16927	2	4	24	0.9
id-16928	3	5	8	0.9
id-16929	8	15	25	0.9
id-16930	5	8	2	0.9
id-16931	3	3	23	0.8
id-16932	6	8	19	1.0
id-16933	5	5	12	0.8
id-16934	2	4	23	0.9
id-16935	1	2	28	0.9
id-16936	1	2	10	0.9
id-16937	6	7	15	0.8
id-16938	5	9	5	0.9
id-16939	4	4	14	0.8
id-16940	10	10	7	1.0
id-16941	3	5	28	0.9
id-16942	10	11	7	0.8
id-16943	10	14	3	0.9
id-16944	3	2	5	0.9
id-16945	1	2	30	1.0
id-16946	6	6	14	0.8
id-16947	9	17	17	1.0
id-16948	9	9	26	1.0
id-16949	3	5	2	1.0
id-16950	4	3	25	1.0
id-16951	7	11	12	0.8
id-16952	9	11	11	1.0
id-16953	1	2	22	0.9
id-16954	5	9	1	1.0
id-16955	8	11	29	1.0
id-16956	4	6	14	0.9
id-16957	7	2	30	0.9
id-16958	2	4	18	0.9
id-16959	3	2	27	0.9
id-16960	4	3	22	0.9
id-16961	9	12	25	0.8
id-16962	5	7	24	1.0
id-16963	2	4	30	0.9
id-16964	4	4	22	1.0
id-16965	9	4	11	0.9
id-16966	9	18	28	1.0
id-16967	9	4	12	1.0
id-16968	9	15	26	0.8
id-16969	9	3	23	0.8
id-16970	10	12	9	1.0
id-16971	9	5	12	0.8
id-16972	8	3	22	0.8
id-16973	7	7	15	0.9
id-16974	8	5	7	0.9
id-16975	3	5	21	0.9
id-16976	2	4	7	0.9
id-16977	3	3	3	0.9
id-16978	4	2	30	1.0
id-16979	8	9	30	0.8
id-16980	4	8	13	0.8
id-16981	2	2	30	0.8
id-16982	10	19	30	0.9
id-16983	9	10	18	0.9
id-16984	2	2	30	0.8
id-16985	5	5	6	0.9
id-16986	7	3	16	0.9
id-16987	8	7	30	0.9
id-16988	6	3	11	0.9
id-16989	5	4	3	0.9
id-16990	10	11	11	1.0
id-16991	3	2	7	0.9
id-16992	5	3	16	0.9
id-16993	3	3	20	0.9
id-16994	10	4	17	0.9
id-16995	2	3	27	0.9
id-16996	6	12	17	0.9
id-16997	9	10	8	0.9
id-16998	5	4	8	0.9
id-16999	7	11	30	0.8
id-17000	4	3	5	0.9
id-17001	3	4	7	0.9
id-17002	5	2	2	0.9
id-17003	1	2	2	1.0
id-17004	7	2	28	1.0
id-17005	10	5	18	1.0
id-17006	5	6	23	0.9
id-17007	2	3	5	0.9
id-17008	5	9	2	0.9
id-17009	5	4	16	0.9
id-17010	9	18	23	0.9
id-17011	4	8	25	1.0
id-17012	3	5	28	0.8
id-17013	6	7	21	0.9
id-17014	4	3	17	1.0
id-17015	4	8	27	0.9
id-17016	7	9	16	0.9
id-17017	7	13	2	0.9
id-17018	5	4	8	0.9
id-17019	1	2	24	0.8
id-17020	6	2	5	1.0
id-17021	4	7	26	1.0
id-17022	6	12	10	0.8
id-17023	3	3	30	0.9
id-17024	2	2	14	0.8
id-17025	5	2	11	0.8
id-17026	5	5	18	1.0
id-17027	5	6	14	1.0
id-17028	4	4	11	0.9
id-17029	10	17	22	0.9
id-17030	10	17	21	0.9
id-17031	8	12	12	1.0
id-17032	3	3	22	1.0
id-17033	1	2	4	0.9
id-17034	8	4	15	0.8
id-17035	9	14	11	0.9
id-17036	4	6	18	1.0
id-17037	10	18	22	0.8
id-17038	5	6	21	0.9
id-17039	4	6	21	0.9
id-17040	6	4	11	0.9
id-17041	5	8	10	1.0
id-17042	3	6	3	1.0
id-17043	10	6	27	1.0
id-17044	3	5	12	0.9
id-17045	6	5	8	0.9
id-17046	1	2	28	0.9
id-17047	2	3	14	0.9
id-17048	1	2	17	0.9
id-17049	5	8	11	1.0
id-17050	6	3	26	0.9
id-17051	4	6	13	0.9
id-17052	1	2	4	0.8
id-17053	2	4	12	0.8
id-17054	8	14	7	1.0
id-17055	5	2	1	0.9
id-17056	9	3	8	0.9
id-17057	6	12	26	1.0
id-17058	3	4	28	0.9
id-17059	8	3	12	0.9
id-17060	4	7	10	1.0
id-17061	8	5	13	0.9
id-17062	6	11	12	0.9
id-17063	3	6	7	0.9
id-17064	9	3	20	1.0
id-17065	8	8	13	0.9
id-17066	2	3	24	1.0
id-17067	6	11	26	1.0
id-17068	10	3	3	0.8
id-17069	8	4	21	1.0
id-17070	5	2	19	1.0
id-17071	9	7	19	0.9
id-17072	1	2	16	0.9
id-17073	4	2	19	0.9
id-17074	3	5	24	0.9
id-17075	2	2	20	0.9
id-17076	10	9	23	1.0
id-17077	7	2	5	0.9
id-17078	2	2	16	1.0
id-17079	8	6	26	0.9
id-17080	10	3	4	0.9
id-17081	6	2	5	1.0
id-17082	9	5	3	0.9
id-17083	9	4	2	1.0
id-17084	10	4	15	0.9
id-17085	4	6	6	0.9
id-17086	6	5	1	0.9
id-17087	9	8	8	1.0
id-17088	4	3	26	0.9
id-17089	2	3	24	0.9
id-17090	9	17	5	0.9
id-17091	7	4	26	0.9
id-17092	1	2	2	1.0
id-17093	9	14	5	0.8
id-17094	10	19	3	1.0
id-17095	1	2	19	0.9
id-17096	4	2	9	0.9
id-17097	1	2	23	1.0
id-17098	9	13	30	0.8
id-17099	10	16	18	0.9
id-17100	10	20	21	1.0
id-17101	8	2	10	1.0
id-17102	7	14	21	1.0
id-17103	9	4	12	0.9
id-17104	10	15	29	0.8
id-17105	1	2	10	0.9
id-17106	3	4	13	0.9
id-17107	8	7	21	0.9
id-17108	5	7	22	0.9
id-17109	10	8	7	0.9
id-17110	9	15	18	0.9
id-17111	10	11	22	1.0
id-17112	9	18	4	0.9
id-17113	10	13	19	1.0
id-17114	6	8	12	0.8
id-17115	1	2	28	1.0
id-17116	6	2	15	0.9
id-17117	3	2	25	0.9
id-17118	7	11	15	0.9
id-17119	8	2	3	0.9
id-17120	5	6	1	0.9
id-17121	9	12	22	0.9
id-17122	2	2	16	0.9
id-17123	7	3	23	1.0
id-17124	9	3	22	0.8
id-17125	4	5	7	0.8
id-17126	2	2	1	0.9
id-17127	7	14	25	0.9
id-17128	9	15	9	0.9
id-17129	9	6	23	0.8
id-17130	1	2	12	0.9
id-17131	4	5	16	0.8
id-17132	8	5	5	1.0
id-17133	3	4	5	0.9
id-17134	8	15	20	1.0
id-17135	6	10	7	0.9
id-17136	9	2	30	1.0
id-17137	8	9	23	0.8
id-17138	2	2	16	0.9
id-17139	2	2	4	0.8
id-17140	6	2	26	0.8
id-17141	5	10	23	0.9
id-17142	4	5	30	0.9
id-17143	2	3	13	1.0
id-17144	3	2	30	0.9
id-17145	9	8	26	0.9
id-17146	6	7	30	0.9
id-17147	9	3	28	0.8
id-17148	8	3	29	0.9
id-17149	3	4	9	0.8
id-17150	7	6	29	0.9
id-17151	6	11	3	0.9
id-17152	5	2	8	1.0
id-17153	6	6	16	1.0
id-17154	5	10	16	1.0
id-17155	6	12	19	0.9
id-17156	2	4	15	0.9
id-17157	6	7	11	0.8
id-17158	1	2	24	0.9
id-17159	1	2	23	0.9
id-17160	8	2	21	0.9
id-17161	3	4	1	1.0
id-17162	7	12	10	0.9
id-17163	7	7	10	1.0
id-17164	1	2	14	1.0
id-17165	1	2	10	1.0
id-17166	7	13	15	0.9
id-17167	8	6	3	0.9
id-17168	8	7	15	1.0
id-17169	6	5	25	1.0
id-17170	1	2	10	1.0
id-17171	2	4	7	0.9
id-17172	1	2	4	0.8
id-17173	1	2	3	0.9
id-17174	3	6	6	0.9
id-17175	4	2	23	0.9
id-17176	5	9	2	0.8
id-17177	6	3	8	1.0
id-17178	3	5	7	0.8
id-17179	10	18	30	0.9
id-17180	9	12	19	0.8
id-17181	9	10	2	1.0
id-17182	4	3	19	0.9
id-17183	1	2	8	0.9
id-17184	7	9	6	0.8
id-17185	3	2	6	0.9
id-17186	2	3	21	0.9
id-17187	4	6	6	0.9
id-17188	10	14	17	0.9
id-17189	10	9	26	0.8
id-17190	1	2	14	0.9
id-17191	10	7	3	0.9
id-17192	8	8	7	0.9
id-17193	8	15	11	1.0
id-17194	5	10	22	0.9
id-17195	3	6	5	0.9
id-17196	8	7	5	0.8
id-17197	7	9	19	0.9
id-17198	6	9	12	0.9
id-17199	10	14	25	0.8
id-17200	9	16	9	0.8
id-17201	7	10	25	1.0
id-17202	5	10	2	0.8
id-17203	6	6	10	0.9
id-17204	1	2	11	0.8
id-17205	3	3	20	0.9
id-17206	5	6	17	0.8
id-17207	4	5	5	1.0
id-17208	8	12	4	0.9
id-17209	5	9	16	1.0
id-17210	2	3	13	1.0
id-17211	9	2	14	0.9
id-17212	1	2	11	1.0
id-17213	4	4	8	1.0
id-17214	2	4	23	0.9
id-17215	7	2	27	0.8
id-17216	7	8	23	0.9
id-17217	4	3	7	1.0
id-17218	10	10	30	0.8
id-17219	8	10	28	1.0
id-17220	6	3	20	1.0
id-17221	5	10	5	1.0
id-17222	5	5	27	0.8
id-17223	9	8	16	0.9
id-17224	4	6	26	1.0
id-17225	5	9	27	1.0
id-17226	2	2	10	0.9
id-17227	4	4	20	0.9
id-17228	9	13	19	0.8
id-17229	4	7	1	1.0
id-17230	5	2	4	0.9
id-17231	5	8	17	1.0
id-17232	7	9	11	0.8
id-17233	3	5	24	0.9
id-17234	6	2	25	0.9
id-17235	7	8	25	0.8
id-17236	7	6	28	0.9
id-17237	2	4	29	1.0
id-17238	5	6	12	1.0
id-17239	9	13	25	0.9
id-17240	7	7	20	1.0
id-17241	1	2	1	0.9
id-17242	2	3	29	0.9
id-17243	9	11	10	0.9
id-17244	2	2	22	0.9
id-17245	6	8	15	0.8
id-17246	3	3	16	0.9
id-17247	5	8	12	1.0
id-17248	7	9	10	0.9
id-17249	6	3	30	1.0
id-17250	7	5	8	0.8
id-17251	4	6	5	0.8
id-17252	9	2	4	0.8
id-17253	2	3	14	0.9
id-17254	6	6	9	0.8
id-17255	5	10	2	0.9
id-17256	10	10	20	0.9
id-17257	7	12	8	1.0
id-17258	8	2	24	1.0
id-17259	4	4	16	0.9
id-17260	2	3	24	1.0
id-17261	3	6	30	0.9
id-17262	5	9	29	0.9
id-17263	5	2	1	0.9
id-17264	2	4	17	0.8
id-17265	5	8	29	0.9
id-17266	5	5	6	0.9
id-17267	9	15	10	1.0
id-17268	2	4	26	0.9
id-17269	10	2	26	0.8
id-17270	7	14	22	0.9
id-17271	3	6	17	0.8
id-17272	3	5	3	0.8
id-17273	7	11	28	0.8
id-17274	2	2	24	0.9
id-17275	6	11	7	0.9
id-17276	2	2	22	1.0
id-17277	6	2	25	0.9
id-17278	1	2	24	1.0
id-17279	3	4	27	0.9
id-17280	3	5	16	1.0
id-17281	4	8	13	0.9
id-17282	6	10	11	1.0
id-17283	6	2	17	1.0
id-17284	3	5	5	1.0
id-17285	7	4	16	1.0
id-17286	4	3	5	1.0
id-17287	4	8	3	1.0
id-17288	2	3	28	0.9
id-17289	9	4	29	1.0
id-17290	2	2	9	0.8
id-17291	3	3	3	0.9
id-17292	6	9	3	0.9
id-17293	9	5	29	0.9
id-17294	3	6	11	0.8
id-17295	10	19	27	0.9
id-17296	7	13	10	0.8
id-17297	10	10	30	0.9
id-17298	3	4	24	0.9
id-17299	2	4	15	0.9
id-17300	4	2	14	0.9
id-17301	6	3	6	0.8
id-17302	4	7	19	1.0
id-17303	9	7	26	0.8
id-17304	8	7	23	0.9
id-17305	10	16	26	0.9
id-17306	4	2	19	0.9
id-17307	3	2	6	0.8
id-17308	10	8	19	1.0
id-17309	2	3	11	0.9
id-17310	8	12	4	0.9
id-17311	10	20	23	1.0
id-17312	9	13	16	1.0
id-17313	5	2	21	0.8
id-17314	2	4	7	1.0
id-17315	4	7	22	1.0
id-17316	2	2	10	0.9
id-17317	9	13	7	0.9
id-17318	1	2	9	1.0
id-17319	2	2	24	0.8
id-17320	2	2	30	0.9
id-17321	3	6	8	0.8
id-17322	1	2	12	0.9
id-17323	10	7	12	1.0
id-17324	9	14	13	0.9
id-17325	7	5	8	0.9
id-17326	1	2	23	0.9
id-17327	7	5	12	0.8
id-17328	8	15	9	0.8
id-17329	6	9	6	1.0
id-17330	10	19	19	0.9
id-17331	2	3	3	1.0
id-17332	8	7	28	0.8
id-17333	6	3	15	1.0
id-17334	4	7	11	0.9
id-17335	2	2	24	0.8
id-17336	6	2	9	0.8
id-17337	2	4	4	0.8
id-17338	10	14	17	1.0
id-17339	9	11	14	0.8
id-17340	3	5	13	1.0
id-17341	5	2	12	0.8
id-17342	7	12	29	0.9
id-17343	10	18	17	1.0
id-17344	8	12	5	0.9
id-17345	7	12	2	0.8
id-17346	3	6	10	0.9
id-17347	8	7	22	1.0
id-17348	7	6	23	0.9
id-17349	6	10	29	0.9
id-17350	6	7	19	0.9
id-17351	9	3	14	0.9
id-17352	2	3	19	0.9
id-17353	10	19	11	0.9
id-17354	3	6	10	0.8
id-17355	9	3	26	0.9
id-17356	9	14	12	0.9
id-17357	4	7	15	0.9
id-17358	3	5	25	0.9
id-17359	6	7	8	0.8
id-17360	2	3	16	1.0
id-17361	5	9	12	0.9
id-17362	9	15	20	1.0
id-17363	8	12	14	0.8
id-17364	2	2	25	0.9
id-17365	6	3	6	0.9
id-17366	5	9	15	0.9
id-17367	8	11	21	0.8
id-17368	9	12	25	1.0
id-17369	7	2	2	0.9
id-17370	5	7	11	0.8
id-17371	5	9	28	1.0
id-17372	10	6	23	0.8
id-17373	1	2	26	0.9
id-17374	5	4	30	0.9
id-17375	4	8	1	1.0
id-17376	1	2	8	0.9
id-17377	6	4	11	1.0
id-17378	5	9	3	0.9
id-17379	2	4	14	0.9
id-17380	4	4	7	0.8
id-17381	3	6	2	1.0
id-17382	1	2	6	1.0
id-17383	10	5	16	0.9
id-17384	3	3	28	0.9
id-17385	10	5	11	0.8
id-17386	6	10	6	0.8
id-17387	4	7	3	0.9
id-17388	7	4	24	1.0
id-17389	8	9	15	0.8
id-17390	2	4	21	1.0
id-17391	7	2	1	0.9
id-17392	5	3	25	0.8
id-17393	10	11	15	0.8
id-17394	4	3	20	1.0
id-17395	5	6	19	0.8
id-17396	7	2	17	0.8
id-17397	5	5	20	0.8
id-17398	2	3	7	0.8
id-17399	4	7	19	1.0
id-17400	9	9	20	1.0
id-17401	10	9	25	0.9
id-17402	2	2	15	0.9
id-17403	9	7	6	0.8
id-17404	6	8	30	0.9
id-17405	9	8	14	1.0
id-17406	3	2	23	1.0
id-17407	10	18	17	1.0
id-17408	2	3	21	0.8
id-17409	9	16	27	1.0
id-17410	8	9	4	1.0
id-17411	10	12	14	0.9
id-17412	6	9	4	1.0
id-17413	8	11	19	0.9
id-17414	5	2	29	0.9
id-17415	4	4	8	0.8
id-17416	3	5	3	0.9
id-17417	8	13	23	0.9
id-17418	2	3	18	0.9
id-17419	9	12	9	0.9
id-17420	3	2	21	1.0
id-17421	2	3	3	0.9
id-17422	8	5	21	1.0
id-17423	6	11	7	1.0
id-17424	2	2	6	1.0
id-17425	3	2	1	0.9
id-17426	1	2	19	1.0
id-17427	8	9	3	1.0
id-17428	7	13	26	0.9
id-17429	1	2	25	0.9
id-17430	1	2	12	0.8
id-17431	5	2	11	1.0
id-17432	7	11	26	0.8
id-17433	10	6	25	1.0
id-17434	9	3	21	0.9
id-17435	5	7	22	0.9
id-17436	8	8	27	0.9
id-17437	4	2	8	0.9
id-17438	4	4	11	0.8
id-17439	5	10	22	0.9
id-17440	6	10	12	0.9
id-17441	7	3	10	1.0
id-17442	2	4	20	0.9
id-17443	3	3	8	0.9
id-17444	4	5	14	0.9
id-17445	3	3	20	1.0
id-17446	10	2	6	0.9
id-17447	3	3	24	0.8
id-17448	7	6	5	0.9
id-17449	9	3	19	0.8
id-17450	9	11	10	0.9
id-17451	4	8	13	0.9
id-17452	5	4	7	0.9
id-17453	4	3	2	0.8
id-17454	6	12	28	1.0
id-17455	2	3	29	1.0
id-17456	10	15	13	0.9
id-17457	4	7	16	0.9
id-17458	5	8	9	0.9
id-17459	4	7	13	0.9
id-17460	6	11	19	0.9
id-17461	10	10	4	0.9
id-17462	2	2	18	1.0
id-17463	6	12	26	1.0
id-17464	1	2	19	0.9
id-17465	4	2	2	1.0
id-17466	10	4	19	0.9
id-17467	10	11	4	0.9
id-17468	6	9	1	0.8
id-17469	10	5	5	1.0
id-17470	1	2	13	0.8
id-17471	10	7	30	1.0
id-17472	3	4	30	0.9
id-17473	8	8	15	0.9
id-17474	9	9	9	1.0
id-17475	3	4	13	0.9
id-17476	5	7	28	1.0
id-17477	3	5	28	0.8
id-17478	10	5	2	1.0
id-17479	6	9	5	1.0
id-17480	3	2	19	0.8
id-17481	6	8	23	1.0
id-17482	9	13	8	0.8
id-17483	10	15	25	1.0
id-17484	5	7	11	1.0
id-17485	2	2	1	1.0
id-17486	3	3	25	1.0
id-17487	4	5	1	0.9
id-17488	10	12	30	0.9
id-17489	4	7	7	0.9
id-17490	1	2	5	0.9
id-17491	1	2	2	0.9
id-17492	1	2	11	0.9
id-17493	5	6	27	0.9
id-17494	7	14	1	1.0
id-17495	4	8	13	0.9
id-17496	9	18	28	0.9
id-17497	1	2	26	0.8
id-17498	8	14	18	0.9
id-17499	7	3	16	1.0
id-17500	3	2	18	0.9
id-17501	10	2	5	1.0
id-17502	7	12	6	0.9
id-17503	8	6	5	0.8
id-17504	3	3	12	0.9
id-17505	1	2	28	0.9
id-17506	7	2	16	1.0
id-17507	5	2	15	1.0
id-17508	6	4	7	0.9
id-17509	1	2	30	0.9
id-17510	3	2	29	0.9
id-17511	8	16	11	0.9
id-17512	7	2	9	1.0
id-17513	9	18	29	1.0
id-17514	5	8	19	0.9
id-17515	1	2	28	1.0
id-17516	7	12	17	0.9
id-17517	4	8	8	0.9
id-17518	9	5	1	0.9
id-17519	9	6	23	0.9
id-17520	7	3	12	0.9
id-17521	5	6	25	0.9
id-17522	9	4	18	1.0
id-17523	1	2	6	0.8
id-17524	4	3	29	0.8
id-17525	4	7	1	0.9
id-17526	3	4	17	0.9
id-17527	8	10	2	0.9
id-17528	10	4	17	0.8
id-17529	2	3	10	0.9
id-17530	4	8	12	1.0
id-17531	8	14	13	1.0
id-17532	5	3	1	0.9
id-17533	6	6	13	1.0
id-17534	2	3	6	0.9
id-17535	4	8	10	0.9
id-17536	4	8	20	0.9
id-17537	5	4	29	0.8
id-17538	4	7	23	0.8
id-17539	10	9	2	1.0
id-17540	2	3	10	0.9
id-17541	2	4	13	0.9
id-17542	5	2	17	0.9
id-17543	9	14	9	1.0
id-17544	7	5	29	0.9
id-17545	5	9	29	1.0
id-17546	9	13	30	0.8
id-17547	3	2	19	0.9
id-17548	1	2	2	0.9
id-17549	1	2	15	0.9
id-17550	3	6	1	0.9
id-17551	9	11	4	0.9
id-17552	4	2	7	0.9
id-17553	6	7	22	1.0
id-17554	4	4	14	0.8
id-17555	10	6	16	0.9
id-17556	8	5	24	0.9
id-17557	3	4	16	0.9
id-17558	2	4	5	0.8
id-17559	8	6	15	0.8
id-17560	4	3	3	1.0
id-17561	8	7	18	1.0
id-17562	1	2	27	0.9
id-17563	7	6	7	1.0
id-17564	1	2	2	1.0
id-17565	8	4	19	0.9
id-17566	8	2	1	0.9
id-17567	8	10	17	0.9
id-17568	8	4	17	0.9
id-17569	2	4	11	1.0
id-17570	3	2	20	0.9
id-17571	5	4	11	1.0
id-17572	6	3	4	0.9
id-17573	4	4	27	0.9
id-17574	9	11	29	0.9
id-17575	10	10	9	0.8
id-17576	6	5	20	1.0
id-17577	5	10	29	1.0
id-17578	9	4	12	1.0
id-17579	7	2	23	0.9
id-17580	6	10	13	1.0
id-17581	10	12	11	0.9
id-17582	9	3	21	1.0
id-17583	3	6	18	1.0
id-17584	3	6	18	0.8
id-17585	10	19	27	1.0
id-17586	9	17	29	0.9
id-17587	5	7	11	0.8
id-17588	10	19	20	1.0
id-17589	7	3	2	0.9
id-17590	8	9	7	1.0
id-17591	4	8	5	0.8
id-17592	8	12	7	0.9
id-17593	10	4	13	0.9
id-17594	4	3	3	1.0
id-17595	9	17	16	0.9
id-17596	10	18	3	1.0
id-17597	10	16	2	0.9
id-17598	5	10	25	1.0
id-17599	6	6	13	1.0
id-17600	10	10	5	0.9
id-17601	7	14	21	1.0
id-17602	7	4	15	0.8
id-17603	9	17	29	0.9
id-17604	9	9	13	1.0
id-17605	10	6	7	0.9
id-17606	7	11	4	0.8
id-17607	7	10	16	0.8
id-17608	5	9	6	0.8
id-17609	8	15	14	0.9
id-17610	5	8	7	0.9
id-17611	10	13	29	0.8
id-17612	8	10	29	1.0
id-17613	2	3	29	0.9
id-17614	3	2	29	0.9
id-17615	6	10	5	0.9
id-17616	4	4	8	0.9
id-17617	3	5	27	0.9
id-17618	2	2	3	0.9
id-17619	9	5	12	0.9
id-17620	6	9	25	0.8
id-17621	6	8	26	0.8
id-17622	8	5	16	0.9
id-17623	6	8	8	0.9
id-17624	5	10	15	0.8
id-17625	2	2	18	1.0
id-17626	1	2	1	0.8
id-17627	1	2	30	0.9
id-17628	8	10	5	0.9
id-17629	5	7	6	1.0
id-17630	5	6	17	1.0
id-17631	8	14	6	1.0
id-17632	7	7	21	0.8
id-17633	2	4	7	0.9
id-17634	2	3	6	0.8
id-17635	5	8	22	1.0
id-17636	2	2	8	0.9
id-17637	8	4	21	0.9
id-17638	3	5	22	0.9
id-17639	6	4	18	0.8
id-17640	1	2	17	0.8
id-17641	2	3	28	0.9
id-17642	2	4	13	0.9
id-17643	1	2	25	0.9
id-17644	7	12	19	0.9
id-17645	7	9	9	0.9
id-17646	4	5	15	1.0
id-17647	7	14	9	0.8
id-17648	4	5	6	0.9
id-17649	3	6	4	0.8
id-17650	8	10	9	0.8
id-17651	5	3	29	0.9
id-17652	1	2	1	0.8
id-17653	6	9	26	0.9
id-17654	2	3	12	1.0
id-17655	4	5	3	0.8
id-17656	7	10	29	0.9
id-17657	7	10	20	0.9
id-17658	7	7	14	0.8
id-17659	10	18	8	0.9
id-17660	3	5	25	0.9
id-17661	6	9	1	0.9
id-17662	2	4	25	0.9
id-17663	8	16	2	0.9
id-17664	9	10	11	1.0
id-17665	7	13	19	1.0
id-17666	8	7	21	0.8
id-17667	2	4	3	0.8
id-17668	4	8	22	0.9
id-17669	5	5	5	0.8
id-17670	9	4	19	0.9
id-17671	1	2	16	0.9
id-17672	8	13	1	0.8
id-17673	2	2	29	1.0
id-17674	6	4	15	0.9
id-17675	6	10	29	0.9
id-17676	2	2	21	0.8
id-17677	9	3	28	1.0
id-17678	2	2	19	0.8
id-17679	5	4	12	0.9
id-17680	10	7	7	0.9
id-17681	8	14	12	1.0
id-17682	7	9	10	0.9
id-17683	2	4	28	0.9
id-17684	4	6	9	0.8
id-17685	3	6	26	0.9
id-17686	8	11	24	0.9
id-17687	1	2	7	1.0
id-17688	2	3	10	0.8
id-17689	1	2	28	1.0
id-17690	10	19	21	1.0
id-17691	4	6	21	0.9
id-17692	2	4	11	0.9
id-17693	3	4	25	0.8
id-17694	3	2	29	1.0
id-17695	1	2	21	0.8
id-17696	9	14	6	0.9
id-17697	5	4	27	0.9
id-17698	4	7	15	0.9
id-17699	10	20	20	0.8
id-17700	2	3	14	0.8
id-17701	1	2	4	0.8
id-17702	5	9	25	1.0
id-17703	10	15	13	1.0
id-17704	3	5	19	1.0
id-17705	10	11	4	0.8
id-17706	6	7	9	0.9
id-17707	5	6	7	0.9
id-17708	5	5	4	0.9
id-17709	2	3	9	1.0
id-17710	3	3	11	0.8
id-17711	5	5	21	0.8
id-17712	2	3	3	0.9
id-17713	4	7	9	0.9
id-17714	10	3	17	1.0
id-17715	2	4	2	1.0
id-17716	4	2	9	0.9
id-17717	3	4	13	0.9
id-17718	8	6	14	0.9
id-17719	8	10	9	0.8
id-17720	8	9	18	1.0
id-17721	10	17	19	0.9
id-17722	10	11	4	0.9
id-17723	1	2	27	1.0
id-17724	6	8	15	1.0
id-17725	1	2	16	0.8
id-17726	8	15	27	0.8
id-17727	8	13	1	1.0
id-17728	3	2	16	0.9
id-17729	7	13	4	0.8
id-17730	10	9	27	1.0
id-17731	4	4	6	0.9
id-17732	2	4	24	0.9
id-17733	2	3	10	0.8
id-17734	8	11	22	0.9
id-17735	8	15	4	0.9
id-17736	7	13	3	0.8
id-17737	1	2	17	1.0
id-17738	7	14	27	0.9
id-17739	9	9	14	0.8
id-17740	5	8	26	0.9
id-17741	2	3	5	0.9
id-17742	1	2	5	1.0
id-17743	6	5	14	0.8
id-17744	1	2	13	0.8
id-17745	5	3	9	0.9
id-17746	5	4	4	1.0
id-17747	1	2	26	0.9
id-17748	6	5	4	0.8
id-17749	3	5	26	1.0
id-17750	7	13	25	0.9
id-17751	7	9	25	0.9
id-17752	4	4	8	0.8
id-17753	8	5	16	0.8
id-17754	2	3	23	0.8
id-17755	4	5	20	1.0
id-17756	7	7	13	0.9
id-17757	5	7	10	0.8
id-17758	7	14	2	0.9
id-17759	8	11	28	0.8
id-17760	9	10	12	0.9
id-17761	10	13	29	0.9
id-17762	2	4	8	1.0
id-17763	10	19	28	0.8
id-17764	4	6	17	1.0
id-17765	5	6	20	0.9
id-17766	4	5	25	0.9
id-17767	8	16	17	0.8
id-17768	10	6	23	0.8
id-17769	10	17	5	0.9
id-17770	9	5	9	1.0
id-17771	5	7	5	0.9
id-17772	9	12	26	0.8
id-17773	1	2	16	0.8
id-17774	8	10	28	0.9
id-17775	1	2	4	1.0
id-17776	9	12	9	0.9
id-17777	6	12	21	0.9
id-17778	3	6	3	0.9
id-17779	3	6	21	0.9
id-17780	6	9	29	1.0
id-17781	10	6	6	0.8
id-17782	10	7	4	1.0
id-17783	4	5	9	1.0
id-17784	5	5	27	0.8
id-17785	5	7	10	0.8
id-17786	5	3	16	0.8
id-17787	6	11	26	1.0
id-17788	10	15	2	0.9
id-17789	1	2	25	0.8
id-17790	9	10	13	0.8
id-17791	2	2	1	1.0
id-17792	7	5	14	0.9
id-17793	8	4	29	0.8
id-17794	8	12	9	1.0
id-17795	9	3	4	1.0
id-17796	9	6	17	0.9
id-17797	4	2	11	0.8
id-17798	10	6	25	0.9
id-17799	6	3	14	0.9
id-17800	2	4	12	1.0
id-17801	4	8	20	0.8
id-17802	9	10	6	1.0
id-17803	4	8	8	0.9
id-17804	7	6	1	0.9
id-17805	1	2	19	0.9
id-17806	10	8	15	0.9
id-17807	4	6	12	0.8
id-17808	9	8	29	0.9
id-17809	8	15	15	1.0
id-17810	6	8	2	0.9
id-17811	4	4	5	0.9
id-17812	2	3	5	0.9
id-17813	2	4	30	0.9
id-17814	4	7	26	0.9
id-17815	4	3	15	0.9
id-17816	9	14	21	0.8
id-17817	6	9	9	0.9
id-17818	6	3	25	1.0
id-17819	6	4	27	0.9
id-17820	6	9	30	0.9
id-17821	3	6	27	0.9
id-17822	9	6	30	0.9
id-17823	4	8	7	0.9
id-17824	9	4	9	0.8
id-17825	8	4	9	1.0
id-17826	2	2	15	0.9
id-17827	2	4	24	1.0
id-17828	1	2	22	1.0
id-17829	4	4	14	1.0
id-17830	8	10	5	0.8
id-17831	7	13	30	1.0
id-17832	1	2	16	0.8
id-17833	8	7	11	0.9
id-17834	9	11	4	0.9
id-17835	3	6	14	0.8
id-17836	9	6	3	1.0
id-17837	1	2	30	0.9
id-17838	2	3	5	0.8
id-17839	6	2	13	0.8
id-17840	1	2	19	0.9
id-17841	3	3	20	0.8
id-17842	2	4	2	0.9
id-17843	7	11	7	0.9
id-17844	5	7	13	0.9
id-17845	7	8	12	1.0
id-17846	1	2	6	0.9
id-17847	1	2	28	1.0
id-17848	5	4	1	0.9
id-17849	8	15	9	0.8
id-17850	5	8	25	0.9
id-17851	1	2	4	1.0
id-17852	3	4	24	0.8
id-17853	4	2	19	0.8
id-17854	2	2	23	1.0
id-17855	10	12	2	1.0
id-17856	4	6	13	0.9
id-17857	6	5	11	1.0
id-17858	10	4	3	0.9
id-17859	9	15	1	0.9
id-17860	6	7	27	0.9
id-17861	6	12	5	1.0
id-17862	1	2	22	0.9
id-17863	2	2	24	0.9
id-17864	7	3	17	0.8
id-17865	6	6	28	0.8
id-17866	5	7	10	1.0
id-17867	9	2	27	0.8
id-17868	1	2	8	1.0
id-17869	2	4	2	1.0
id-17870	4	6	8	1.0
id-17871	4	2	23	0.8
id-17872	1	2	1	0.8
id-17873	7	3	22	1.0
id-17874	5	6	9	0.9
id-17875	7	10	11	1.0
id-17876	3	2	14	0.9
id-17877	7	14	18	0.9
id-17878	5	9	16	0.9
id-17879	1	2	4	0.9
id-17880	1	2	7	1.0
id-17881	5	8	1	1.0
id-17882	7	3	9	0.8
id-17883	4	3	27	0.9
id-17884	3	4	24	1.0
id-17885	4	4	1	0.9
id-17886	7	3	1	0.8
id-17887	3	6	16	0.8
id-17888	6	7	16	0.9
id-17889	10	15	6	0.9
id-17890	10	13	30	1.0
id-17891	1	2	28	0.9
id-17892	9	14	12	0.8
id-17893	5	5	20	1.0
id-17894	5	4	17	1.0
id-17895	8	15	29	0.8
id-17896	2	2	15	0.9
id-17897	8	9	13	0.9
id-17898	8	10	19	1.0
id-17899	1	2	26	0.9
id-17900	9	5	4	0.8
id-17901	7	11	6	1.0
id-17902	8	3	22	1.0
id-17903	5	2	15	1.0
id-17904	6	12	5	0.9
id-17905	4	5	2	0.8
id-17906	4	2	6	0.9
id-17907	9	12	21	0.9
id-17908	6	9	21	1.0
id-17909	9	7	21	1.0
id-17910	10	12	22	1.0
id-17911	2	3	20	0.9
id-17912	7	11	6	1.0
id-17913	7	2	10	0.8
id-17914	5	9	21	0.9
id-17915	1	2	1	0.9
id-17916	6	4	16	1.0
id-17917	7	9	18	0.9
id-17918	3	2	27	1.0
id-17919	5	4	1	0.9
id-17920	5	8	2	0.9
id-17921	1	2	15	0.9
id-17922	10	8	23	0.8
id-17923	1	2	9	1.0
id-17924	1	2	3	0.8
id-17925	5	3	30	1.0
id-17926	6	10	4	0.9
id-17927	9	18	23	1.0
id-17928	9	15	3	0.9
id-17929	8	16	24	0.8
id-17930	4	2	24	0.9
id-17931	1	2	10	0.9
id-17932	6	4	20	0.9
id-17933	4	7	20	1.0
id-17934	1	2	16	1.0
id-17935	8	6	6	0.9
id-17936	10	5	19	0.9
id-17937	4	5	11	0.8
id-17938	3	2	17	0.9
id-17939	4	5	12	1.0
id-17940	2	2	28	0.8
id-17941	8	11	15	0.9
id-17942	10	3	13	1.0
id-17943	4	3	25	0.9
id-17944	5	5	19	0.8
id-17945	1	2	26	0.9
id-17946	8	5	7	0.8
id-17947	10	10	11	1.0
id-17948	7	5	24	0.8
id-17949	10	2	24	0.9
id-17950	10	17	3	0.8
id-17951	1	2	8	1.0
id-17952	10	8	10	1.0
id-17953	3	6	18	0.9
id-17954	10	15	28	1.0
id-17955	4	3	28	0.8
id-17956	7	4	30	1.0
id-17957	3	2	7	0.9
id-17958	5	5	17	1.0
id-17959	10	20	12	1.0
id-17960	3	3	12	0.9
id-17961	7	6	1	0.9
id-17962	5	2	5	0.8
id-17963	6	12	22	1.0
id-17964	10	2	4	0.9
id-17965	3	4	5	1.0
id-17966	10	14	6	0.8
id-17967	9	12	23	1.0
id-17968	7	13	7	1.0
id-17969	10	16	3	0.9
id-17970	10	19	22	0.8
id-17971	6	6	22	0.9
id-17972	10	3	1	0.9
id-17973	7	3	24	0.8
id-17974	4	8	25	0.9
id-17975	3	2	27	1.0
id-17976	8	7	24	0.9
id-17977	8	3	9	0.8
id-17978	6	5	25	0.9
id-17979	6	6	12	1.0
id-17980	8	15	29	1.0
id-17981	3	6	14	0.9
id-17982	9	16	23	0.9
id-17983	4	2	1	0.9
id-17984	10	10	4	0.9
id-17985	6	7	10	0.9
id-17986	8	2	25	1.0
id-17987	1	2	8	1.0
id-17988	9	10	11	1.0
id-17989	2	2	11	0.9
id-17990	6	3	3	1.0
id-17991	2	4	13	0.8
id-17992	6	4	5	0.8
id-17993	2	2	3	1.0
id-17994	6	3	26	0.9
id-17995	6	4	16	0.9
id-17996	8	8	28	0.9
id-17997	2	3	26	0.9
id-17998	2	4	27	1.0
id-17999	9	4	20	0.9
id-18000	3	4	5	0.9
id-18001	4	8	2	0.9
id-18002	8	12	4	0.9
id-18003	7	3	30	0.9
id-18004	8	4	8	1.0
id-18005	2	4	1	0.9
id-18006	6	5	20	0.9
id-18007	1	2	1	1.0
id-18008	7	11	16	1.0
id-18009	9	2	25	0.9
id-18010	5	5	19	1.0
id-18011	10	12	4	0.8
id-18012	8	7	16	0.8
id-18013	7	11	22	0.9
id-18014	7	6	28	0.9
id-18015	6	5	16	0.9
id-18016	6	5	21	1.0
id-18017	5	2	16	0.8
id-18018	2	4	10	0.8
id-18019	8	5	5	0.9
id-18020	9	5	13	0.8
id-18021	7	3	3	1.0
id-18022	9	7	1	1.0
id-18023	10	3	12	0.8
id-18024	3	4	24	1.0
id-18025	10	3	29	0.8
id-18026	2	2	22	0.8
id-18027	1	2	10	0.9
id-18028	5	6	29	1.0
id-18029	7	10	11	0.9
id-18030	3	6	28	0.8
id-18031	4	5	5	0.8
id-18032	6	6	3	0.9
id-18033	10	6	3	1.0
id-18034	8	3	23	1.0
id-18035	9	14	9	0.8
id-18036	6	9	13	0.9
id-18037	4	7	10	0.8
id-18038	10	11	28	0.8
id-18039	7	11	18	0.9
id-18040	10	13	22	1.0
id-18041	4	2	10	0.9
id-18042	9	4	5	0.9
id-18043	5	9	6	1.0
id-18044	10	5	14	0.9
id-18045	4	3	15	0.8
id-18046	8	15	1	0.9
id-18047	6	9	13	0.8
id-18048	4	7	5	0.8
id-18049	10	13	11	0.8
id-18050	8	4	30	0.8
id-18051	9	3	30	0.8
id-18052	4	5	28	0.9
id-18053	7	8	16	0.9
id-18054	1	2	5	0.9
id-18055	9	5	19	0.9
id-18056	8	2	6	0.9
id-18057	4	6	5	0.9
id-18058	2	3	10	0.9
id-18059	1	2	1	0.9
id-18060	7	5	20	0.8
id-18061	4	6	21	0.9
id-18062	10	8	24	0.9
id-18063	7	3	20	0.9
id-18064	9	5	13	0.9
id-18065	5	8	14	0.8
id-18066	6	11	23	1.0
id-18067	9	6	23	0.9
id-18068	5	9	11	0.9
id-18069	1	2	3	0.9
id-18070	4	2	4	0.9
id-18071	4	8	4	1.0
id-18072	2	2	13	0.9
id-18073	2	3	28	0.9
id-18074	5	9	6	1.0
id-18075	4	7	27	0.8
id-18076	7	2	18	0.9
id-18077	3	5	20	0.9
id-18078	6	6	23	0.9
id-18079	7	14	2	0.8
id-18080	2	3	19	0.9
id-18081	2	2	4	0.9
id-18082	8	11	14	0.9
id-18083	9	10	16	0.9
id-18084	5	3	22	1.0
id-18085	2	2	28	0.8
id-18086	9	15	27	1.0
id-18087	8	12	21	1.0
id-18088	6	10	19	0.9
id-18089	10	6	8	1.0
id-18090	6	4	16	0.8
id-18091	2	4	8	1.0
id-18092	1	2	18	1.0
id-18093	6	4	23	0.9
id-18094	7	5	20	0.9
id-18095	2	2	12	1.0
id-18096	6	5	5	1.0
id-18097	1	2	22	0.9
id-18098	8	5	12	0.8
id-18099	1	2	8	0.8
id-18100	4	4	17	0.9
id-18101	6	9	22	1.0
id-18102	6	3	12	0.9
id-18103	10	11	2	0.9
id-18104	3	6	24	1.0
id-18105	8	10	10	0.9
id-18106	4	7	4	0.8
id-18107	4	6	6	0.9
id-18108	8	12	9	0.8
id-18109	8	13	7	0.9
id-18110	10	16	20	1.0
id-18111	5	6	20	1.0
id-18112	4	7	1	0.8
id-18113	5	3	22	0.8
id-18114	4	5	15	0.9
id-18115	10	3	26	0.8
id-18116	7	4	14	1.0
id-18117	6	7	13	0.8
id-18118	5	8	14	1.0
id-18119	2	3	28	1.0
id-18120	2	3	16	0.9
id-18121	7	7	21	0.8
id-18122	2	4	27	1.0
id-18123	3	6	29	0.9
id-18124	9	8	8	0.8
id-18125	4	7	14	0.9
id-18126	2	3	4	1.0
id-18127	1	2	11	0.9
id-18128	3	6	1	0.9
id-18129	1	2	9	0.9
id-18130	9	2	4	0.9
id-18131	9	8	26	0.9
id-18132	3	4	24	0.9
id-18133	7	11	2	0.9
id-18134	5	9	27	0.9
id-18135	7	12	5	0.8
id-18136	4	4	22	0.8
id-18137	2	3	21	0.9
id-18138	8	5	24	0.8
id-18139	5	10	15	0.8
id-18140	5	10	25	0.9
id-18141	3	6	17	0.8
id-18142	3	2	20	1.0
id-18143	3	5	19	0.9
id-18144	8	12	2	0.9
id-18145	8	13	16	0.8
id-18146	1	2	3	0.9
id-18147	3	6	14	1.0
id-18148	9	10	2	1.0
id-18149	9	14	27	0.9
id-18150	7	14	20	0.8
id-18151	9	14	18	0.9
id-18152	7	13	7	0.9
id-18153	4	4	20	0.9
id-18154	4	4	24	0.8
id-18155	6	4	13	0.9
id-18156	2	2	27	1.0
id-18157	7	8	28	1.0
id-18158	7	6	3	0.9
id-18159	1	2	6	0.8
id-18160	10	8	18	0.9
id-18161	4	4	23	0.9
id-18162	5	6	16	1.0
id-18163	3	3	13	0.8
id-18164	6	9	13	0.9
id-18165	5	8	28	0.9
id-18166	5	4	5	0.9
id-18167	1	2	23	0.9
id-18168	1	2	1	1.0
id-18169	10	5	19	0.8
id-18170	5	4	1	0.9
id-18171	7	14	6	1.0
id-18172	4	3	25	1.0
id-18173	1	2	4	0.9
id-18174	1	2	6	0.9
id-18175	10	8	29	0.8
id-18176	1	2	16	0.8
id-18177	7	6	7	0.9
id-18178	8	6	13	1.0
id-18179	6	9	4	0.8
id-18180	10	4	26	0.9
id-18181	7	14	1	1.0
id-18182	3	5	2	0.9
id-18183	10	10	29	0.9
id-18184	1	2	21	0.9
id-18185	5	5	20	0.8
id-18186	9	14	7	0.8
id-18187	5	3	30	0.8
id-18188	7	3	23	0.9
id-18189	9	7	25	0.9
id-18190	9	9	20	0.9
id-18191	1	2	7	0.9
id-18192	5	6	5	0.8
id-18193	2	2	17	0.9
id-18194	1	2	25	0.8
id-18195	2	4	16	0.8
id-18196	7	13	18	0.9
id-18197	2	4	4	0.9
id-18198	7	14	24	0.9
id-18199	9	2	23	0.8
id-18200	3	4	24	0.8
id-18201	9	13	8	0.9
id-18202	4	5	3	0.8
id-18203	1	2	23	0.9
id-18204	7	4	5	0.9
id-18205	5	3	30	1.0
id-18206	4	4	12	0.9
id-18207	2	2	5	0.9
id-18208	2	2	23	0.8
id-18209	4	5	1	1.0
id-18210	6	9	3	0.8
id-18211	4	2	12	0.8
id-18212	10	17	12	0.9
id-18213	1	2	7	0.8
id-18214	7	3	28	0.9
id-18215	5	8	24	0.9
id-18216	4	5	21	0.9
id-18217	6	7	22	0.8
id-18218	8	5	6	0.9
id-18219	2	4	15	0.8
id-18220	9	14	2	0.9
id-18221	3	2	7	0.8
id-18222	2	2	8	0.9
id-18223	1	2	25	0.8
id-18224	1	2	24	1.0
id-18225	3	6	18	0.9
id-18226	6	10	8	1.0
id-18227	4	4	29	0.9
id-18228	8	2	23	0.9
id-18229	6	12	11	0.9
id-18230	3	2	14	1.0
id-18231	5	6	12	0.9
id-18232	4	6	29	1.0
id-18233	9	4	14	0.9
id-18234	10	4	30	0.9
id-18235	4	5	12	1.0
id-18236	4	2	11	0.9
id-18237	4	2	20	0.9
id-18238	1	2	3	1.0
id-18239	1	2	16	1.0
id-18240	6	5	4	0.9
id-18241	4	7	19	0.9
id-18242	2	4	17	1.0
id-18243	2	2	16	0.9
id-18244	3	5	20	0.9
id-18245	5	4	20	1.0
id-18246	8	3	14	0.9
id-18247	8	4	4	0.9
id-18248	7	5	1	0.9
id-18249	10	12	28	0.9
id-18250	6	9	21	0.8
id-18251	8	3	3	0.9
id-18252	1	2	13	0.8
id-18253	7	6	21	0.9
id-18254	10	8	15	0.9
id-18255	1	2	3	0.8
id-18256	10	8	22	0.8
id-18257	7	9	12	0.8
id-18258	5	8	23	0.8
id-18259	5	7	22	0.8
id-18260	3	5	15	1.0
id-18261	9	11	19	1.0
id-18262	4	5	12	0.9
id-18263	9	16	18	0.8
id-18264	3	6	19	0.9
id-18265	1	2	2	0.9
id-18266	5	3	12	0.9
id-18267	10	8	20	0.9
id-18268	2	4	4	0.9
id-18269	6	9	25	0.8
id-18270	2	3	26	0.9
id-18271	1	2	1	0.9
id-18272	8	5	16	1.0
id-18273	7	11	29	0.9
id-18274	2	2	2	0.8
id-18275	1	2	25	0.9
id-18276	10	16	25	1.0
id-18277	10	17	19	0.9
id-18278	1	2	27	0.9
id-18279	5	8	18	1.0
id-18280	6	2	22	0.9
id-18281	2	4	4	0.9
id-18282	2	2	20	0.9
id-18283	4	7	10	0.9
id-18284	9	8	23	1.0
id-18285	4	5	4	0.9
id-18286	6	9	16	0.9
id-18287	7	13	7	0.9
id-18288	2	2	16	1.0
id-18289	5	9	11	1.0
id-18290	9	2	20	0.8
id-18291	5	9	15	1.0
id-18292	8	2	2	0.8
id-18293	10	7	27	1.0
id-18294	8	8	23	0.9
id-18295	8	7	10	0.9
id-18296	1	2	18	0.9
id-18297	8	7	10	0.9
id-18298	8	5	15	0.9
id-18299	1	2	11	0.9
id-18300	5	7	5	0.9
id-18301	4	4	11	0.9
id-18302	1	2	24	0.9
id-18303	6	3	27	0.8
id-18304	6	2	17	0.9
id-18305	8	7	23	0.9
id-18306	5	5	29	1.0
id-18307	1	2	19	0.9
id-18308	5	3	2	1.0
id-18309	5	5	4	0.9
id-18310	5	10	3	0.9
id-18311	9	2	6	0.8
id-18312	8	13	15	0.9
id-18313	4	3	27	1.0
id-18314	9	11	13	0.9
id-18315	2	3	27	0.9
id-18316	8	16	12	0.9
id-18317	10	7	4	0.9
id-18318	9	9	12	0.8
id-18319	8	10	25	0.8
id-18320	3	3	7	1.0
id-18321	2	4	26	0.9
id-18322	9	4	1	0.9
id-18323	1	2	12	0.8
id-18324	7	9	13	0.9
id-18325	4	8	6	1.0
id-18326	7	2	15	0.8
id-18327	7	7	28	0.9
id-18328	9	11	9	0.9
id-18329	2	3	23	1.0
id-18330	10	3	5	0.9
id-18331	9	2	9	0.9
id-18332	10	10	10	0.8
id-18333	4	6	12	0.8
id-18334	9	10	5	1.0
id-18335	9	9	21	0.9
id-18336	6	4	18	1.0
id-18337	7	12	18	1.0
id-18338	1	2	17	1.0
id-18339	6	7	2	0.9
id-18340	7	14	5	0.8
id-18341	9	6	25	0.8
id-18342	8	2	24	1.0
id-18343	3	2	4	1.0
id-18344	6	6	16	1.0
id-18345	4	7	5	0.9
id-18346	6	5	12	0.9
id-18347	5	7	26	0.8
id-18348	3	4	22	0.9
id-18349	4	7	11	0.8
id-18350	6	9	8	0.8
id-18351	7	6	17	0.9
id-18352	2	4	8	1.0
id-18353	7	8	15	0.9
id-18354	5	6	10	1.0
id-18355	5	4	20	1.0
id-18356	7	9	27	0.8
id-18357	8	15	6	0.9
id-18358	6	2	18	0.8
id-18359	4	8	19	1.0
id-18360	1	2	23	0.9
id-18361	4	2	2	0.9
id-18362	1	2	17	0.8
id-18363	5	10	28	0.8
id-18364	8	5	19	0.9
id-18365	2	3	21	0.8
id-18366	5	10	29	1.0
id-18367	5	2	28	1.0
id-18368	10	4	9	0.9
id-18369	4	7	20	0.8
id-18370	3	3	22	0.9
id-18371	10	6	20	1.0
id-18372	3	4	29	0.9
id-18373	7	14	16	0.9
id-18374	1	2	26	0.8
id-18375	9	6	3	0.8
id-18376	9	11	21	0.9
id-18377	6	9	15	0.8
id-18378	4	8	10	0.8
id-18379	5	5	25	1.0
id-18380	5	5	24	1.0
id-18381	4	6	15	0.9
id-18382	7	5	8	0.9
id-18383	3	2	23	0.8
id-18384	5	4	17	0.9
id-18385	7	6	15	0.9
id-18386	9	18	28	0.9
id-18387	1	2	22	0.8
id-18388	10	6	14	0.8
id-18389	10	4	26	0.9
id-18390	1	2	28	0.8
id-18391	7	3	28	0.9
id-18392	6	7	2	1.0
id-18393	1	2	15	0.9
id-18394	1	2	2	0.9
id-18395	6	7	24	0.8
id-18396	10	5	15	0.8
id-18397	5	7	30	1.0
id-18398	7	5	7	0.9
id-18399	2	2	15	0.9
id-18400	5	10	22	0.8
id-18401	2	3	29	0.9
id-18402	8	12	3	1.0
id-18403	5	9	19	0.9
id-18404	5	8	26	0.9
id-18405	2	2	13	0.9
id-18406	2	4	3	1.0
id-18407	2	4	16	0.8
id-18408	7	4	22	0.9
id-18409	4	4	24	1.0
id-18410	9	4	21	1.0
id-18411	5	8	15	0.9
id-18412	3	2	23	0.9
id-18413	3	2	1	0.9
id-18414	9	8	6	0.8
id-18415	6	6	30	1.0
id-18416	10	7	6	1.0
id-18417	4	3	7	0.9
id-18418	8	2	25	0.9
id-18419	8	3	5	0.9
id-18420	3	3	23	0.9
id-18421	6	10	28	0.8
id-18422	7	10	25	1.0
id-18423	3	3	12	0.9
id-18424	4	5	23	1.0
id-18425	10	16	10	0.9
id-18426	10	7	2	0.9
id-18427	9	8	12	0.9
id-18428	9	4	9	0.8
id-18429	9	14	6	0.9
id-18430	3	6	13	0.9
id-18431	8	8	22	0.9
id-18432	2	4	9	1.0
id-18433	9	4	7	0.8
id-18434	6	2	15	0.8
id-18435	6	4	7	0.9
id-18436	1	2	19	1.0
id-18437	8	10	6	0.9
id-18438	8	8	3	0.8
id-18439	4	8	5	0.9
id-18440	9	3	13	0.9
id-18441	3	5	6	1.0
id-18442	10	16	5	0.9
id-18443	3	2	24	0.9
id-18444	5	2	11	0.9
id-18445	8	7	6	0.9
id-18446	5	2	12	1.0
id-18447	2	3	24	0.9
id-18448	6	8	10	0.9
id-18449	6	6	24	0.9
id-18450	2	4	13	1.0
id-18451	6	12	26	1.0
id-18452	8	4	19	0.9
id-18453	6	10	14	1.0
id-18454	8	8	3	1.0
id-18455	2	3	16	0.9
id-18456	4	4	22	1.0
id-18457	10	9	2	1.0
id-18458	1	2	24	1.0
id-18459	3	3	3	0.8
id-18460	7	6	22	1.0
id-18461	5	7	25	0.9
id-18462	7	14	20	1.0
id-18463	8	11	30	0.8
id-18464	2	3	9	0.9
id-18465	4	8	6	0.9
id-18466	2	3	12	0.8
id-18467	2	4	26	0.9
id-18468	5	4	23	0.8
id-18469	8	5	21	0.9
id-18470	1	2	20	0.9
id-18471	2	3	28	1.0
id-18472	5	8	3	0.9
id-18473	7	8	27	1.0
id-18474	3	6	18	0.8
id-18475	2	4	12	0.9
id-18476	2	3	1	0.9
id-18477	4	2	19	0.8
id-18478	6	3	25	0.9
id-18479	6	10	30	0.9
id-18480	3	6	13	1.0
id-18481	9	2	26	0.9
id-18482	2	4	10	0.9
id-18483	3	6	4	0.8
id-18484	7	4	30	0.8
id-18485	8	10	27	0.8
id-18486	6	9	7	1.0
id-18487	8	3	17	0.8
id-18488	7	12	3	0.8
id-18489	9	10	15	0.9
id-18490	4	8	28	0.8
id-18491	6	7	29	0.9
id-18492	1	2	25	1.0
id-18493	4	8	24	0.9
id-18494	9	9	28	0.9
id-18495	5	9	20	1.0
id-18496	9	8	23	0.8
id-18497	5	9	23	1.0
id-18498	4	3	21	0.9
id-18499	3	2	15	0.9
id-18500	1	2	24	0.8
id-18501	7	3	19	1.0
id-18502	8	9	7	1.0
id-18503	7	2	17	1.0
id-18504	2	4	12	0.9
id-18505	7	13	8	1.0
id-18506	2	3	15	0.9
id-18507	10	3	26	1.0
id-18508	1	2	24	1.0
id-18509	9	9	4	0.8
id-18510	6	2	16	1.0
id-18511	10	13	14	1.0
id-18512	1	2	3	1.0
id-18513	3	6	17	0.9
id-18514	9	2	14	0.9
id-18515	2	3	17	0.9
id-18516	2	3	27	0.9
id-18517	4	2	1	0.9
id-18518	6	6	17	0.9
id-18519	10	16	19	1.0
id-18520	3	3	4	1.0
id-18521	3	6	1	0.9
id-18522	6	8	22	1.0
id-18523	3	2	15	0.8
id-18524	2	4	6	1.0
id-18525	8	7	12	0.9
id-18526	2	3	12	0.9
id-18527	1	2	25	0.9
id-18528	9	12	13	1.0
id-18529	4	4	12	0.9
id-18530	6	2	12	0.9
id-18531	10	7	28	1.0
id-18532	3	2	15	0.8
id-18533	5	2	4	1.0
id-18534	5	10	6	1.0
id-18535	9	10	8	0.9
id-18536	2	2	4	0.8
id-18537	5	8	28	0.9
id-18538	1	2	18	0.9
id-18539	1	2	7	1.0
id-18540	3	6	4	1.0
id-18541	7	4	19	0.8
id-18542	9	5	4	0.9
id-18543	10	6	26	0.8
id-18544	7	4	17	0.8
id-18545	1	2	10	0.9
id-18546	3	3	14	0.8
id-18547	4	6	1	1.0
id-18548	8	2	4	1.0
id-18549	2	2	26	0.9
id-18550	2	3	28	0.9
id-18551	7	11	16	0.9
id-18552	6	8	25	0.8
id-18553	7	9	15	0.8
id-18554	6	8	29	0.9
id-18555	9	2	16	0.9
id-18556	5	5	1	0.9
id-18557	6	8	22	0.9
id-18558	2	2	10	0.8
id-18559	1	2	22	0.9
id-18560	1	2	5	1.0
id-18561	4	3	9	0.8
id-18562	10	16	7	1.0
id-18563	7	4	7	0.9
id-18564	5	7	26	0.9
id-18565	5	5	1	0.9
id-18566	2	2	6	0.9
id-18567	2	4	9	0.9
id-18568	8	16	16	0.9
id-18569	5	10	10	0.8
id-18570	2	2	11	0.8
id-18571	2	4	18	0.8
id-18572	6	3	3	1.0
id-18573	7	6	24	1.0
id-18574	6	3	1	0.8
id-18575	3	3	21	1.0
id-18576	1	2	7	1.0
id-18577	1	2	5	0.9
id-18578	2	3	10	1.0
id-18579	8	9	19	1.0
id-18580	5	5	14	0.9
id-18581	5	6	24	0.9
id-18582	7	9	9	0.9
id-18583	1	2	2	0.9
id-18584	3	2	24	0.9
id-18585	4	7	11	1.0
id-18586	10	12	14	0.9
id-18587	9	18	19	0.9
id-18588	5	4	26	1.0
id-18589	10	17	20	0.9
id-18590	8	7	26	0.9
id-18591	8	5	8	0.9
id-18592	10	3	4	0.8
id-18593	10	14	6	0.9
id-18594	1	2	20	1.0
id-18595	9	4	30	0.8
id-18596	10	8	6	1.0
id-18597	10	13	4	0.8
id-18598	7	2	22	1.0
id-18599	8	3	20	0.9
id-18600	2	2	16	1.0
id-18601	7	4	9	0.9
id-18602	5	3	25	0.9
id-18603	7	10	21	1.0
id-18604	3	3	18	1.0
id-18605	5	4	28	1.0
id-18606	8	7	17	0.8
id-18607	4	2	7	0.9
id-18608	3	2	27	1.0
id-18609	2	4	1	0.8
id-18610	7	10	4	0.9
id-18611	2	3	18	0.9
id-18612	7	13	25	0.9
id-18613	9	11	30	0.9
id-18614	4	4	5	0.9
id-18615	9	16	15	0.9
id-18616	4	3	22	0.8
id-18617	10	8	15	0.8
id-18618	6	4	18	1.0
id-18619	10	17	14	0.8
id-18620	7	10	11	0.8
id-18621	9	7	1	0.8
id-18622	7	2	4	0.9
id-18623	3	4	29	0.8
id-18624	5	8	14	1.0
id-18625	8	6	23	0.9
id-18626	2	4	14	0.9
id-18627	8	13	4	0.9
id-18628	6	10	2	0.9
id-18629	10	17	3	1.0
id-18630	1	2	2	0.9
id-18631	3	5	12	0.9
id-18632	8	6	25	1.0
id-18633	2	2	8	0.9
id-18634	1	2	29	0.9
id-18635	7	8	6	1.0
id-18636	4	6	26	0.8
id-18637	2	2	6	0.9
id-18638	3	5	3	0.8
id-18639	6	9	20	0.9
id-18640	1	2	15	0.8
id-18641	1	2	18	0.9
id-18642	4	6	6	0.9
id-18643	9	17	6	0.8
id-18644	3	3	16	0.9
id-18645	1	2	16	0.8
id-18646	6	8	28	0.8
id-18647	5	3	26	0.8
id-18648	5	9	12	0.8
id-18649	10	10	27	1.0
id-18650	7	10	18	0.8
id-18651	6	7	23	0.9
id-18652	3	6	11	0.8
id-18653	5	2	9	0.9
id-18654	4	4	13	0.8
id-18655	2	3	17	0.8
id-18656	5	2	26	0.8
id-18657	7	12	23	0.9
id-18658	4	3	23	1.0
id-18659	6	3	1	0.8
id-18660	1	2	15	0.9
id-18661	5	9	8	0.9
id-18662	2	4	29	1.0
id-18663	6	6	23	0.9
id-18664	7	12	7	0.9
id-18665	8	14	7	0.8
id-18666	7	7	8	0.9
id-18667	6	7	19	1.0
id-18668	9	16	25	1.0
id-18669	10	13	3	0.8
id-18670	1	2	25	1.0
id-18671	6	11	29	0.9
id-18672	1	2	24	0.9
id-18673	2	2	21	0.9
id-18674	10	4	9	0.8
id-18675	10	15	16	0.9
id-18676	3	6	3	0.9
id-18677	5	7	3	0.9
id-18678	1	2	19	1.0
id-18679	2	4	15	0.8
id-18680	10	16	19	0.9
id-18681	10	14	1	1.0
id-18682	6	6	28	0.9
id-18683	3	3	18	0.9
id-18684	9	4	2	1.0
id-18685	2	3	1	0.9
id-18686	4	6	16	0.9
id-18687	2	3	15	1.0
id-18688	7	7	20	0.9
id-18689	1	2	10	0.8
id-18690	5	4	27	1.0
id-18691	5	9	16	1.0
id-18692	4	4	27	0.9
id-18693	6	3	4	0.8
id-18694	9	4	9	0.8
id-18695	1	2	2	0.9
id-18696	7	11	11	1.0
id-18697	3	3	20	0.9
id-18698	4	7	23	0.9
id-18699	8	16	13	1.0
id-18700	3	2	27	0.9
id-18701	4	6	7	0.9
id-18702	5	3	27	0.8
id-18703	7	13	4	0.9
id-18704	6	7	12	0.9
id-18705	8	5	26	0.8
id-18706	1	2	29	0.9
id-18707	7	11	29	0.9
id-18708	10	6	19	0.9
id-18709	9	16	29	0.8
id-18710	2	3	25	1.0
id-18711	9	14	25	1.0
id-18712	10	2	16	0.9
id-18713	1	2	18	0.8
id-18714	1	2	10	0.9
id-18715	2	3	5	0.9
id-18716	7	11	7	1.0
id-18717	7	11	30	0.9
id-18718	7	6	12	0.9
id-18719	6	12	8	1.0
id-18720	9	16	8	0.8
id-18721	10	6	12	1.0
id-18722	3	4	23	0.8
id-18723	5	4	12	0.9
id-18724	8	4	23	1.0
id-18725	9	10	25	1.0
id-18726	6	9	3	1.0
id-18727	2	2	23	1.0
id-18728	7	11	14	1.0
id-18729	2	2	19	0.8
id-18730	6	4	24	0.9
id-18731	1	2	17	0.9
id-18732	8	5	28	0.9
id-18733	2	2	5	0.9
id-18734	1	2	26	0.9
id-18735	6	7	5	0.8
id-18736	6	7	15	0.9
id-18737	1	2	25	0.8
id-18738	6	7	22	1.0
id-18739	9	14	19	1.0
id-18740	6	9	11	0.9
id-18741	5	8	8	0.9
id-18742	2	2	26	1.0
id-18743	8	15	23	0.9
id-18744	6	11	25	0.8
id-18745	7	6	21	0.8
id-18746	5	5	5	0.8
id-18747	2	4	23	1.0
id-18748	10	12	1	0.8
id-18749	6	6	6	0.8
id-18750	4	7	28	0.9
id-18751	4	5	14	0.9
id-18752	4	8	21	0.9
id-18753	7	5	23	0.9
id-18754	3	5	1	0.9
id-18755	3	5	26	1.0
id-18756	8	11	25	0.9
id-18757	2	2	30	0.8
id-18758	7	2	10	0.8
id-18759	9	12	17	0.9
id-18760	7	4	22	0.9
id-18761	4	2	16	0.9
id-18762	9	7	17	0.9
id-18763	10	16	25	0.9
id-18764	1	2	30	0.9
id-18765	9	4	8	0.9
id-18766	6	3	16	1.0
id-18767	6	10	10	0.8
id-18768	4	7	8	0.8
id-18769	8	8	14	0.9
id-18770	10	16	24	0.8
id-18771	1	2	4	1.0
id-18772	8	7	12	0.8
id-18773	2	4	29	0.9
id-18774	4	2	1	0.9
id-18775	3	3	7	0.8
id-18776	9	8	3	0.8
id-18777	1	2	19	0.8
id-18778	2	2	17	0.9
id-18779	4	7	15	1.0
id-18780	7	13	3	1.0
id-18781	9	7	23	0.9
id-18782	3	5	4	0.8
id-18783	2	2	20	0.9
id-18784	8	2	12	0.8
id-18785	1	2	9	0.9
id-18786	6	3	1	1.0
id-18787	1	2	8	0.9
id-18788	6	2	21	1.0
id-18789	6	11	28	0.9
id-18790	8	5	19	1.0
id-18791	10	18	30	1.0
id-18792	1	2	20	0.9
id-18793	2	3	17	0.9
id-18794	4	3	2	0.9
id-18795	1	2	29	0.8
id-18796	5	8	11	0.8
id-18797	9	2	20	0.9
id-18798	9	2	2	0.8
id-18799	6	5	23	1.0
id-18800	3	2	20	0.8
id-18801	7	3	13	0.8
id-18802	9	3	16	0.9
id-18803	7	11	10	0.9
id-18804	7	11	22	1.0
id-18805	7	14	5	0.9
id-18806	2	4	19	0.9
id-18807	8	11	28	0.9
id-18808	6	9	20	0.8
id-18809	6	4	2	0.8
id-18810	2	3	18	0.9
id-18811	6	7	8	0.9
id-18812	2	2	9	1.0
id-18813	5	2	14	0.9
id-18814	9	17	20	0.9
id-18815	1	2	2	0.9
id-18816	9	14	18	0.9
id-18817	9	17	19	1.0
id-18818	5	2	1	0.9
id-18819	9	7	12	0.8
id-18820	8	9	28	1.0
id-18821	4	3	16	0.9
id-18822	10	5	25	0.9
id-18823	3	3	9	0.9
id-18824	9	13	22	0.8
id-18825	10	11	10	0.8
id-18826	5	7	9	0.9
id-18827	2	3	14	1.0
id-18828	9	3	16	1.0
id-18829	8	13	19	0.8
id-18830	3	4	11	0.9
id-18831	5	2	25	0.9
id-18832	5	2	5	0.9
id-18833	9	2	12	0.9
id-18834	7	2	12	0.9
id-18835	6	5	20	0.8
id-18836	9	2	7	0.8
id-18837	4	8	29	1.0
id-18838	10	13	2	0.9
id-18839	4	8	6	0.9
id-18840	7	12	10	0.8
id-18841	9	14	25	0.9
id-18842	1	2	13	1.0
id-18843	4	5	30	0.9
id-18844	9	7	10	0.8
id-18845	3	6	16	0.8
id-18846	1	2	2	0.8
id-18847	7	2	4	0.8
id-18848	2	3	11	1.0
id-18849	10	19	15	1.0
id-18850	10	20	13	0.8
id-18851	2	3	16	0.9
id-18852	6	8	13	0.9
id-18853	10	18	25	0.9
id-18854	10	7	7	1.0
id-18855	7	9	13	0.9
id-18856	4	2	24	0.9
id-18857	7	10	16	0.9
id-18858	5	5	30	0.9
id-18859	4	8	1	0.8
id-18860	10	3	30	1.0
id-18861	1	2	9	0.8
id-18862	6	10	19	0.8
id-18863	10	11	28	1.0
id-18864	2	2	26	1.0
id-18865	1	2	15	0.9
id-18866	3	2	11	0.9
id-18867	2	3	23	0.8
id-18868	8	2	5	0.8
id-18869	4	8	6	0.8
id-18870	7	10	15	0.8
id-18871	10	16	20	0.9
id-18872	2	2	28	0.9
id-18873	5	7	9	0.9
id-18874	9	17	6	0.9
id-18875	10	15	16	0.9
id-18876	3	6	14	0.8
id-18877	6	6	27	0.9
id-18878	6	12	23	0.9
id-18879	4	8	5	0.9
id-18880	10	8	29	1.0
id-18881	3	6	8	0.9
id-18882	4	3	26	1.0
id-18883	5	6	4	0.8
id-18884	8	12	26	0.9
id-18885	6	12	25	0.9
id-18886	9	5	2	0.9
id-18887	7	3	20	0.9
id-18888	2	2	3	0.8
id-18889	9	14	20	0.9
id-18890	4	6	19	1.0
id-18891	9	9	7	1.0
id-18892	5	2	1	0.9
id-18893	8	14	20	1.0
id-18894	3	6	2	0.9
id-18895	8	5	21	0.9
id-18896	7	10	20	0.9
id-18897	10	16	17	0.9
id-18898	4	4	11	0.9
id-18899	9	9	24	1.0
id-18900	4	6	16	0.9
id-18901	10	16	9	0.9
id-18902	5	5	23	1.0
id-18903	9	18	30	0.9
id-18904	2	2	2	1.0
id-18905	2	4	29	0.8
id-18906	2	3	5	0.8
id-18907	2	2	27	1.0
id-18908	8	13	10	0.9
id-18909	1	2	23	1.0
id-18910	2	4	20	0.8
id-18911	7	7	13	1.0
id-18912	10	10	1	0.9
id-18913	3	2	9	1.0
id-18914	10	18	22	0.9
id-18915	8	16	23	1.0
id-18916	7	11	20	1.0
id-18917	3	6	23	0.8
id-18918	6	7	4	1.0
id-18919	6	6	25	0.9
id-18920	10	7	22	1.0
id-18921	4	5	20	0.9
id-18922	1	2	9	1.0
id-18923	9	6	20	0.9
id-18924	3	4	9	1.0
id-18925	5	7	28	1.0
id-18926	4	6	30	0.9
id-18927	7	3	22	0.9
id-18928	8	16	2	1.0
id-18929	6	7	4	0.8
id-18930	4	2	18	0.9
id-18931	4	7	27	1.0
id-18932	10	4	29	1.0
id-18933	3	5	10	0.8
id-18934	3	4	20	1.0
id-18935	9	15	18	0.9
id-18936	9	6	17	0.9
id-18937	9	9	6	0.8
id-18938	4	5	21	0.9
id-18939	9	14	30	0.8
id-18940	6	9	14	0.9
id-18941	3	2	12	1.0
id-18942	4	7	2	0.9
id-18943	10	4	15	0.9
id-18944	1	2	28	0.8
id-18945	6	6	25	0.8
id-18946	10	18	2	0.8
id-18947	8	12	22	0.9
id-18948	1	2	25	0.8
id-18949	8	11	3	0.9
id-18950	3	2	8	0.9
id-18951	2	3	20	0.9
id-18952	3	4	20	0.8
id-18953	10	2	10	0.9
id-18954	1	2	16	0.8
id-18955	2	4	4	0.9
id-18956	8	15	10	1.0
id-18957	8	3	14	1.0
id-18958	5	2	24	1.0
id-18959	3	5	16	0.9
id-18960	2	3	11	1.0
id-18961	5	3	4	1.0
id-18962	3	5	21	0.8
id-18963	4	5	18	0.9
id-18964	8	13	15	0.8
id-18965	1	2	20	1.0
id-18966	6	7	28	0.8
id-18967	10	10	28	1.0
id-18968	7	3	23	1.0
id-18969	1	2	28	0.9
id-18970	10	9	3	0.8
id-18971	9	2	23	0.8
id-18972	4	7	18	0.8
id-18973	2	2	30	0.8
id-18974	8	9	11	0.9
id-18975	10	5	5	0.9
id-18976	4	7	13	0.8
id-18977	2	4	2	1.0
id-18978	9	2	22	0.8
id-18979	5	6	14	0.9
id-18980	9	11	8	1.0
id-18981	5	7	17	1.0
id-18982	4	2	30	0.9
id-18983	9	10	27	1.0
id-18984	1	2	8	0.8
id-18985	5	4	20	0.9
id-18986	9	11	13	0.9
id-18987	4	7	13	0.8
id-18988	9	5	6	0.9
id-18989	2	3	30	0.8
id-18990	3	3	21	1.0
id-18991	8	7	5	0.9
id-18992	2	3	3	0.9
id-18993	4	5	19	1.0
id-18994	1	2	7	0.8
id-18995	7	5	16	0.9
id-18996	5	3	2	0.9
id-18997	6	5	1	0.8
id-18998	9	10	4	0.8
id-18999	5	3	5	0.9
id-19000	3	3	26	1.0
id-19001	1	2	26	0.9
id-19002	10	4	23	0.9
id-19003	7	3	11	1.0
id-19004	9	2	6	0.9
id-19005	8	3	25	0.8
id-19006	8	11	16	1.0
id-19007	2	3	25	1.0
id-19008	9	15	5	0.9
id-19009	4	2	5	0.8
id-19010	3	3	23	0.8
id-19011	4	5	20	0.8
id-19012	4	2	10	0.9
id-19013	6	2	27	0.9
id-19014	7	4	13	0.9
id-19015	4	8	2	0.9
id-19016	2	3	1	0.9
id-19017	8	14	22	0.9
id-19018	1	2	9	1.0
id-19019	2	4	15	0.9
id-19020	4	8	10	0.9
id-19021	7	7	5	0.9
id-19022	7	12	14	0.9
id-19023	6	7	1	0.9
id-19024	4	4	11	0.9
id-19025	7	3	30	0.8
id-19026	2	3	1	0.8
id-19027	5	4	30	0.9
id-19028	1	2	3	0.8
id-19029	5	8	2	0.9
id-19030	10	3	11	0.8
id-19031	3	5	9	0.9
id-19032	5	4	8	0.8
id-19033	8	11	5	0.9
id-19034	7	13	27	0.9
id-19035	8	8	28	0.9
id-19036	1	2	7	0.9
id-19037	3	2	5	1.0
id-19038	6	7	13	0.8
id-19039	9	18	18	0.9
id-19040	3	3	13	0.9
id-19041	6	8	10	0.8
id-19042	9	5	4	0.8
id-19043	10	20	19	0.8
id-19044	3	3	28	0.9
id-19045	1	2	7	0.9
id-19046	7	11	7	0.9
id-19047	2	3	30	0.9
id-19048	10	3	25	1.0
id-19049	5	7	20	1.0
id-19050	8	13	25	0.8
id-19051	3	6	22	0.8
id-19052	8	5	2	0.8
id-19053	6	9	15	0.9
id-19054	6	6	22	0.9
id-19055	3	6	3	0.8
id-19056	5	4	16	0.8
id-19057	7	2	27	0.9
id-19058	5	6	1	0.8
id-19059	9	13	2	0.9
id-19060	4	5	9	0.8
id-19061	3	6	26	1.0
id-19062	1	2	1	0.8
id-19063	3	4	3	1.0
id-19064	1	2	28	0.9
id-19065	4	2	12	0.9
id-19066	5	3	14	0.9
id-19067	5	6	19	0.8
id-19068	4	2	28	1.0
id-19069	9	5	10	0.9
id-19070	8	14	24	0.9
id-19071	2	4	28	0.8
id-19072	10	18	25	0.9
id-19073	7	6	16	0.9
id-19074	6	7	26	0.9
id-19075	1	2	11	0.8
id-19076	9	2	6	0.8
id-19077	2	2	28	1.0
id-19078	9	15	6	1.0
id-19079	4	4	27	0.9
id-19080	3	3	27	1.0
id-19081	1	2	14	1.0
id-19082	5	7	29	1.0
id-19083	2	2	2	0.9
id-19084	2	3	23	0.8
id-19085	7	4	10	1.0
id-19086	2	3	2	0.9
id-19087	8	11	9	1.0
id-19088	10	20	19	1.0
id-19089	5	4	3	1.0
id-19090	8	13	4	0.8
id-19091	5	4	1	0.9
id-19092	6	7	11	0.9
id-19093	6	3	2	0.9
id-19094	7	3	25	0.9
id-19095	8	10	4	1.0
id-19096	9	16	26	0.8
id-19097	9	14	13	1.0
id-19098	10	18	3	0.9
id-19099	1	2	25	0.8
id-19100	4	8	15	0.8
id-19101	8	6	20	0.9
id-19102	9	5	3	0.9
id-19103	10	7	6	0.9
id-19104	2	4	19	0.9
id-19105	3	5	17	0.9
id-19106	7	12	25	0.8
id-19107	2	3	18	1.0
id-19108	4	5	5	0.9
id-19109	6	11	9	1.0
id-19110	4	3	1	0.9
id-19111	7	14	23	0.8
id-19112	10	6	7	0.8
id-19113	3	4	1	1.0
id-19114	5	5	30	0.8
id-19115	4	5	21	0.8
id-19116	4	8	24	0.8
id-19117	6	5	20	0.9
id-19118	5	10	26	0.8
id-19119	9	3	26	0.8
id-19120	10	4	11	1.0
id-19121	3	6	29	0.8
id-19122	1	2	7	0.9
id-19123	1	2	26	0.9
id-19124	5	10	29	1.0
id-19125	8	6	16	0.8
id-19126	9	14	8	0.9
id-19127	8	2	3	0.9
id-19128	9	3	17	0.8
id-19129	5	6	20	0.8
id-19130	2	2	28	0.9
id-19131	4	6	15	0.9
id-19132	1	2	25	0.9
id-19133	6	4	17	1.0
id-19134	2	2	30	1.0
id-19135	1	2	1	1.0
id-19136	2	4	29	0.8
id-19137	6	6	5	0.9
id-19138	3	3	19	0.9
id-19139	3	3	23	1.0
id-19140	4	3	18	1.0
id-19141	6	3	18	0.9
id-19142	5	4	30	0.9
id-19143	10	18	10	0.9
id-19144	1	2	10	0.9
id-19145	8	13	1	1.0
id-19146	7	4	23	1.0
id-19147	9	7	9	0.8
id-19148	4	7	24	0.9
id-19149	8	9	24	0.8
id-19150	6	12	3	0.9
id-19151	1	2	6	0.8
id-19152	10	15	11	0.8
id-19153	3	3	10	0.9
id-19154	1	2	12	0.8
id-19155	9	15	25	0.9
id-19156	5	8	8	0.9
id-19157	8	6	11	1.0
id-19158	2	3	28	1.0
id-19159	2	3	15	0.9
id-19160	7	10	8	0.8
id-19161	9	10	29	0.9
id-19162	8	14	4	0.9
id-19163	2	4	12	0.9
id-19164	1	2	4	0.9
id-19165	2	3	14	0.8
id-19166	2	4	10	0.8
id-19167	2	2	6	1.0
id-19168	7	13	16	0.9
id-19169	10	4	30	0.8
id-19170	3	6	14	0.9
id-19171	3	2	29	1.0
id-19172	7	7	14	0.8
id-19173	5	3	29	0.9
id-19174	2	2	9	0.9
id-19175	6	12	19	1.0
id-19176	5	4	24	0.9
id-19177	1	2	27	0.9
id-19178	7	13	11	0.8
id-19179	3	6	28	1.0
id-19180	5	7	3	0.9
id-19181	2	4	12	0.9
id-19182	9	3	9	0.8
id-19183	6	2	29	0.8
id-19184	5	8	30	1.0
id-19185	10	18	11	0.9
id-19186	9	5	7	0.8
id-19187	1	2	23	1.0
id-19188	6	4	29	1.0
id-19189	3	2	14	0.9
id-19190	2	4	6	0.8
id-19191	2	3	19	0.9
id-19192	2	2	18	0.8
id-19193	4	6	25	1.0
id-19194	5	8	24	0.9
id-19195	6	6	20	0.9
id-19196	7	4	8	0.8
id-19197	6	2	29	0.9
id-19198	8	2	30	0.9
id-19199	6	5	20	0.9
id-19200	10	18	29	0.9
id-19201	8	15	27	1.0
id-19202	5	2	8	1.0
id-19203	8	13	10	0.9
id-19204	7	14	16	0.9
id-19205	5	4	23	1.0
id-19206	3	5	7	0.8
id-19207	8	2	2	0.9
id-19208	8	9	12	1.0
id-19209	10	14	22	0.9
id-19210	9	11	7	0.8
id-19211	9	15	30	0.9
id-19212	1	2	29	0.9
id-19213	6	4	23	0.9
id-19214	3	4	13	1.0
id-19215	8	6	23	0.9
id-19216	1	2	24	0.9
id-19217	6	9	4	0.9
id-19218	4	3	8	0.9
id-19219	5	2	9	1.0
id-19220	10	20	1	0.9
id-19221	8	16	29	0.9
id-19222	4	3	16	1.0
id-19223	4	8	18	0.8
id-19224	10	20	6	0.8
id-19225	5	4	2	1.0
id-19226	9	12	19	0.8
id-19227	5	10	5	1.0
id-19228	4	8	9	1.0
id-19229	5	8	14	0.9
id-19230	2	3	14	0.9
id-19231	9	9	14	0.9
id-19232	4	4	19	0.8
id-19233	4	5	16	0.9
id-19234	8	9	5	0.8
id-19235	6	5	24	0.9
id-19236	7	7	29	0.8
id-19237	10	9	27	1.0
id-19238	8	2	12	0.8
id-19239	1	2	4	0.9
id-19240	10	7	8	0.8
id-19241	6	12	10	0.8
id-19242	2	3	11	0.8
id-19243	5	9	18	1.0
id-19244	7	13	2	0.8
id-19245	4	5	19	0.9
id-19246	2	3	28	0.8
id-19247	7	14	7	0.9
id-19248	8	15	17	0.8
id-19249	5	10	11	0.9
id-19250	3	3	1	0.9
id-19251	2	3	1	0.8
id-19252	10	13	19	0.9
id-19253	6	4	26	0.9
id-19254	6	9	14	0.9
id-19255	8	3	8	0.9
id-19256	4	6	28	1.0
id-19257	5	10	1	0.9
id-19258	5	9	19	0.8
id-19259	2	2	25	0.8
id-19260	6	12	11	1.0
id-19261	1	2	16	1.0
id-19262	2	3	23	0.9
id-19263	8	7	20	0.8
id-19264	1	2	3	0.8
id-19265	9	2	4	0.8
id-19266	9	14	28	0.9
id-19267	4	3	15	0.8
id-19268	7	3	13	0.9
id-19269	3	3	9	1.0
id-19270	6	6	23	0.9
id-19271	8	4	27	0.9
id-19272	2	3	2	1.0
id-19273	7	14	27	0.9
id-19274	7	14	21	0.9
id-19275	8	13	16	0.8
id-19276	7	3	14	0.9
id-19277	9	5	12	0.9
id-19278	2	3	7	0.9
id-19279	8	3	16	0.9
id-19280	6	5	7	1.0
id-19281	7	12	1	0.8
id-19282	7	3	6	0.8
id-19283	7	2	23	0.8
id-19284	1	2	13	1.0
id-19285	10	5	23	0.9
id-19286	2	2	30	0.8
id-19287	8	9	22	0.8
id-19288	3	5	14	0.9
id-19289	3	2	23	1.0
id-19290	2	3	9	0.8
id-19291	10	3	5	0.9
id-19292	5	3	12	0.9
id-19293	4	2	21	0.9
id-19294	3	3	5	0.8
id-19295	4	8	19	1.0
id-19296	5	5	1	0.9
id-19297	3	5	27	0.9
id-19298	1	2	12	0.9
id-19299	4	2	23	0.9
id-19300	6	8	10	0.9
id-19301	6	8	6	0.9
id-19302	6	5	30	1.0
id-19303	9	16	13	0.9
id-19304	6	7	12	0.9
id-19305	5	10	1	0.8
id-19306	5	2	16	1.0
id-19307	6	10	3	0.9
id-19308	5	5	18	0.9
id-19309	6	2	26	0.8
id-19310	2	2	8	0.9
id-19311	3	3	15	0.8
id-19312	4	8	6	0.9
id-19313	2	2	29	1.0
id-19314	10	15	1	0.9
id-19315	10	3	23	0.8
id-19316	3	5	30	0.9
id-19317	8	10	3	0.9
id-19318	5	7	11	0.9
id-19319	7	9	16	0.9
id-19320	9	15	8	0.9
id-19321	10	15	2	0.9
id-19322	3	2	5	0.9
id-19323	8	11	5	1.0
id-19324	9	13	5	0.9
id-19325	5	8	15	0.8
id-19326	3	5	29	1.0
id-19327	1	2	6	0.9
id-19328	9	2	6	1.0
id-19329	10	10	22	0.9
id-19330	5	4	1	0.8
id-19331	1	2	24	1.0
id-19332	7	13	21	0.9
id-19333	7	3	14	0.9
id-19334	2	3	24	0.8
id-19335	3	4	4	0.9
id-19336	6	12	24	1.0
id-19337	4	8	15	0.9
id-19338	8	11	6	0.8
id-19339	8	4	14	0.8
id-19340	3	5	24	0.9
id-19341	5	2	2	1.0
id-19342	7	11	12	0.8
id-19343	1	2	5	0.9
id-19344	7	2	24	0.8
id-19345	1	2	29	0.9
id-19346	7	13	26	0.8
id-19347	7	13	7	1.0
id-19348	9	7	4	0.8
id-19349	10	2	9	0.9
id-19350	7	8	1	0.9
id-19351	2	3	28	1.0
id-19352	1	2	10	0.9
id-19353	3	4	25	0.8
id-19354	2	4	23	0.9
id-19355	5	7	7	0.9
id-19356	6	3	23	0.9
id-19357	9	7	3	1.0
id-19358	2	2	29	0.9
id-19359	3	2	6	0.9
id-19360	7	12	29	0.9
id-19361	7	4	26	1.0
id-19362	8	14	23	0.9
id-19363	1	2	10	0.9
id-19364	6	3	4	1.0
id-19365	5	5	22	1.0
id-19366	4	6	15	0.8
id-19367	9	7	7	0.8
id-19368	6	10	21	1.0
id-19369	3	5	17	1.0
id-19370	2	3	28	0.9
id-19371	9	9	6	1.0
id-19372	1	2	8	1.0
id-19373	1	2	18	0.8
id-19374	4	5	21	1.0
id-19375	6	7	19	1.0
id-19376	8	14	28	0.9
id-19377	5	10	13	0.9
id-19378	6	7	26	0.9
id-19379	5	3	16	1.0
id-19380	4	7	2	0.8
id-19381	4	2	26	0.9
id-19382	8	10	4	0.9
id-19383	10	12	12	0.9
id-19384	3	5	9	1.0
id-19385	8	3	23	0.9
id-19386	5	2	3	1.0
id-19387	6	6	29	0.8
id-19388	9	8	22	0.9
id-19389	3	5	12	0.8
id-19390	9	5	19	0.9
id-19391	5	5	12	0.8
id-19392	9	18	14	0.8
id-19393	8	6	19	1.0
id-19394	1	2	22	0.9
id-19395	3	2	30	0.9
id-19396	9	10	25	1.0
id-19397	6	4	11	0.9
id-19398	6	7	21	0.9
id-19399	7	10	22	1.0
id-19400	10	6	9	0.8
id-19401	3	2	5	1.0
id-19402	8	16	22	0.9
id-19403	2	2	4	1.0
id-19404	1	2	1	0.9
id-19405	3	2	19	0.9
id-19406	4	6	10	1.0
id-19407	8	2	11	0.9
id-19408	5	6	1	1.0
id-19409	10	7	9	0.9
id-19410	4	6	1	1.0
id-19411	1	2	4	0.9
id-19412	7	3	1	0.9
id-19413	5	10	8	0.9
id-19414	2	2	22	1.0
id-19415	4	8	28	0.9
id-19416	8	9	20	1.0
id-19417	4	3	18	0.9
id-19418	1	2	6	0.8
id-19419	3	6	2	0.8
id-19420	3	6	4	0.9
id-19421	8	13	23	0.8
id-19422	9	14	8	0.8
id-19423	3	6	1	1.0
id-19424	8	6	27	1.0
id-19425	9	3	29	0.9
id-19426	3	2	11	1.0
id-19427	1	2	24	0.9
id-19428	9	6	25	0.9
id-19429	5	9	27	0.9
id-19430	5	8	5	1.0
id-19431	9	13	10	0.9
id-19432	3	6	14	1.0
id-19433	7	11	25	0.9
id-19434	8	14	2	0.9
id-19435	5	7	2	0.8
id-19436	1	2	20	1.0
id-19437	4	4	10	0.8
id-19438	3	5	28	0.9
id-19439	1	2	10	1.0
id-19440	5	5	30	0.8
id-19441	9	4	28	0.9
id-19442	9	17	29	0.9
id-19443	4	8	17	0.8
id-19444	5	10	7	0.8
id-19445	2	3	7	0.9
id-19446	1	2	3	0.9
id-19447	8	14	21	0.9
id-19448	2	3	19	0.9
id-19449	1	2	21	1.0
id-19450	5	8	11	0.9
id-19451	10	9	18	1.0
id-19452	3	3	22	0.9
id-19453	10	2	4	1.0
id-19454	9	12	23	0.9
id-19455	6	8	2	1.0
id-19456	3	4	12	0.8
id-19457	9	4	20	0.8
id-19458	5	4	17	0.9
id-19459	1	2	7	1.0
id-19460	6	3	24	0.9
id-19461	5	2	19	0.8
id-19462	3	6	11	0.8
id-19463	1	2	29	0.9
id-19464	5	8	16	0.8
id-19465	9	6	6	0.9
id-19466	6	8	28	0.8
id-19467	10	9	15	1.0
id-19468	2	2	24	0.8
id-19469	6	4	7	0.9
id-19470	9	5	12	0.9
id-19471	6	10	13	0.8
id-19472	5	6	24	0.8
id-19473	2	2	23	0.9
id-19474	1	2	27	0.8
id-19475	9	12	30	0.9
id-19476	5	2	27	0.9
id-19477	9	7	29	0.9
id-19478	9	8	7	0.9
id-19479	2	2	29	1.0
id-19480	6	4	27	0.8
id-19481	7	13	7	0.9
id-19482	4	2	6	0.8
id-19483	2	4	21	0.8
id-19484	8	6	12	0.9
id-19485	7	13	3	1.0
id-19486	2	4	26	1.0
id-19487	8	6	7	0.9
id-19488	7	11	2	1.0
id-19489	1	2	8	1.0
id-19490	8	7	26	0.9
id-19491	10	10	9	0.9
id-19492	9	9	5	0.9
id-19493	2	2	25	0.9
id-19494	10	19	26	0.8
id-19495	3	2	29	0.9
id-19496	5	9	18	0.9
id-19497	8	10	16	0.9
id-19498	3	2	20	1.0
id-19499	6	9	14	1.0
id-19500	5	8	9	0.9
id-19501	1	2	24	0.9
id-19502	4	7	24	1.0
id-19503	10	13	26	0.9
id-19504	4	7	7	0.9
id-19505	8	4	13	1.0
id-19506	4	2	8	1.0
id-19507	10	5	22	0.8
id-19508	9	3	26	0.9
id-19509	5	4	13	0.9
id-19510	2	4	7	0.8
id-19511	5	7	15	0.8
id-19512	3	3	27	0.9
id-19513	4	8	13	0.9
id-19514	6	4	28	0.8
id-19515	6	5	4	0.8
id-19516	7	10	5	1.0
id-19517	7	5	10	0.9
id-19518	1	2	10	0.9
id-19519	3	6	17	0.9
id-19520	1	2	7	0.8
id-19521	6	6	21	0.9
id-19522	10	2	19	0.9
id-19523	3	5	18	0.9
id-19524	5	9	2	0.9
id-19525	1	2	26	1.0
id-19526	3	3	10	0.9
id-19527	9	5	30	0.9
id-19528	5	9	30	0.9
id-19529	7	10	10	0.8
id-19530	5	6	3	0.8
id-19531	7	12	20	0.9
id-19532	4	3	20	0.8
id-19533	6	6	14	0.8
id-19534	2	4	28	1.0
id-19535	6	4	6	0.8
id-19536	5	2	13	0.8
id-19537	7	4	2	0.9
id-19538	4	2	7	1.0
id-19539	7	13	13	0.8
id-19540	6	11	25	1.0
id-19541	8	9	7	0.9
id-19542	1	2	22	0.9
id-19543	9	2	10	0.8
id-19544	5	7	11	0.8
id-19545	6	11	4	0.9
id-19546	6	6	15	0.8
id-19547	1	2	10	0.8
id-19548	2	3	20	1.0
id-19549	5	7	10	0.9
id-19550	9	16	25	0.9
id-19551	9	12	4	0.9
id-19552	6	6	23	0.8
id-19553	10	16	19	0.8
id-19554	3	4	10	0.9
id-19555	3	6	6	0.9
id-19556	1	2	24	0.8
id-19557	2	4	8	0.9
id-19558	10	2	10	1.0
id-19559	2	4	21	1.0
id-19560	7	8	4	0.9
id-19561	6	7	30	0.9
id-19562	9	5	15	1.0
id-19563	4	6	9	1.0
id-19564	6	11	25	0.8
id-19565	9	11	3	0.8
id-19566	6	6	25	0.8
id-19567	6	8	8	0.8
id-19568	4	5	23	0.9
id-19569	6	5	3	0.9
id-19570	10	13	14	0.9
id-19571	4	7	15	1.0
id-19572	10	10	24	0.8
id-19573	7	10	13	0.9
id-19574	9	17	20	0.8
id-19575	8	10	23	0.8
id-19576	10	9	15	0.9
id-19577	9	6	26	0.9
id-19578	10	12	9	1.0
id-19579	5	2	24	1.0
id-19580	6	2	28	0.9
id-19581	10	7	21	0.9
id-19582	8	6	28	0.9
id-19583	8	10	25	1.0
id-19584	8	8	8	0.8
id-19585	2	3	7	1.0
id-19586	8	4	2	0.9
id-19587	7	8	26	0.8
id-19588	9	8	29	0.9
id-19589	8	13	7	0.9
id-19590	9	4	1	0.9
id-19591	5	8	24	0.8
id-19592	9	12	15	1.0
id-19593	9	2	28	0.9
id-19594	5	8	22	0.9
id-19595	9	9	25	0.9
id-19596	7	6	12	0.9
id-19597	8	14	19	0.9
id-19598	6	10	3	1.0
id-19599	5	10	9	0.9
id-19600	8	15	18	1.0
id-19601	8	12	12	0.9
id-19602	8	11	16	0.9
id-19603	1	2	2	1.0
id-19604	6	5	3	0.9
id-19605	9	6	15	1.0
id-19606	8	6	27	0.8
id-19607	1	2	29	0.8
id-19608	1	2	16	0.9
id-19609	7	6	7	0.9
id-19610	3	4	6	0.9
id-19611	4	3	15	0.9
id-19612	5	3	28	0.8
id-19613	9	3	15	0.8
id-19614	3	6	26	1.0
id-19615	3	3	4	0.8
id-19616	1	2	8	0.9
id-19617	5	6	1	0.9
id-19618	9	18	28	1.0
id-19619	7	6	14	0.8
id-19620	2	4	19	0.9
id-19621	8	13	11	0.9
id-19622	5	5	4	0.9
id-19623	9	14	26	0.9
id-19624	4	4	23	0.8
id-19625	2	4	20	0.9
id-19626	8	16	17	1.0
id-19627	6	6	11	0.9
id-19628	7	3	6	0.8
id-19629	2	2	20	0.8
id-19630	6	9	20	1.0
id-19631	10	16	12	0.9
id-19632	1	2	3	1.0
id-19633	10	16	22	0.9
id-19634	3	5	14	0.9
id-19635	1	2	16	1.0
id-19636	5	4	16	1.0
id-19637	4	3	6	1.0
id-19638	3	3	12	0.9
id-19639	2	2	20	0.8
id-19640	5	7	21	0.9
id-19641	7	5	14	0.8
id-19642	10	14	28	1.0
id-19643	4	6	6	0.8
id-19644	4	5	13	0.9
id-19645	1	2	13	1.0
id-19646	5	3	3	0.9
id-19647	6	4	20	0.9
id-19648	8	7	6	0.9
id-19649	6	11	19	0.9
id-19650	6	8	9	1.0
id-19651	1	2	18	1.0
id-19652	7	12	3	1.0
id-19653	2	2	18	0.9
id-19654	6	5	26	0.9
id-19655	1	2	20	1.0
id-19656	2	3	17	0.8
id-19657	10	8	13	0.8
id-19658	9	5	13	0.9
id-19659	7	12	21	0.9
id-19660	4	7	11	1.0
id-19661	10	18	22	1.0
id-19662	10	17	28	0.9
id-19663	5	3	27	0.9
id-19664	9	2	12	0.8
id-19665	4	3	20	0.9
id-19666	7	9	15	0.9
id-19667	7	11	22	1.0
id-19668	4	6	4	1.0
id-19669	1	2	22	1.0
id-19670	1	2	11	0.9
id-19671	5	3	24	0.9
id-19672	10	2	30	0.9
id-19673	10	2	8	0.8
id-19674	7	13	8	0.8
id-19675	8	7	29	0.9
id-19676	9	9	25	0.9
id-19677	2	2	20	0.8
id-19678	7	3	2	1.0
id-19679	2	4	29	0.8
id-19680	9	15	27	0.9
id-19681	8	11	3	0.9
id-19682	7	7	26	0.9
id-19683	7	13	22	0.8
id-19684	8	2	10	1.0
id-19685	4	7	20	0.9
id-19686	10	18	2	0.9
id-19687	6	10	17	0.8
id-19688	9	5	18	1.0
id-19689	5	10	1	0.8
id-19690	10	7	5	0.8
id-19691	9	2	28	0.8
id-19692	9	8	17	0.9
id-19693	2	2	15	1.0
id-19694	7	10	16	1.0
id-19695	1	2	17	1.0
id-19696	8	3	17	0.9
id-19697	7	8	9	0.8
id-19698	9	9	15	0.9
id-19699	8	8	29	0.9
id-19700	1	2	12	0.8
id-19701	7	12	29	1.0
id-19702	5	6	5	0.8
id-19703	7	4	26	0.8
id-19704	4	3	17	1.0
id-19705	5	4	10	0.9
id-19706	7	8	25	1.0
id-19707	7	5	8	1.0
id-19708	4	8	5	0.9
id-19709	1	2	6	0.8
id-19710	7	10	14	0.9
id-19711	9	13	6	0.8
id-19712	9	9	8	0.8
id-19713	9	12	23	0.9
id-19714	1	2	13	1.0
id-19715	4	7	27	0.9
id-19716	4	6	24	0.9
id-19717	8	4	5	1.0
id-19718	2	2	21	0.9
id-19719	8	14	15	0.9
id-19720	2	3	28	0.9
id-19721	9	15	18	1.0
id-19722	6	8	15	0.9
id-19723	4	6	19	0.9
id-19724	1	2	13	0.9
id-19725	1	2	13	0.8
id-19726	6	5	11	0.8
id-19727	9	12	14	1.0
id-19728	9	15	16	0.9
id-19729	6	8	18	0.9
id-19730	10	3	27	1.0
id-19731	7	3	28	0.9
id-19732	2	4	9	0.9
id-19733	6	11	17	0.9
id-19734	5	6	4	0.9
id-19735	7	9	11	0.8
id-19736	8	9	18	0.8
id-19737	7	4	25	0.8
id-19738	7	9	6	0.9
id-19739	6	2	21	1.0
id-19740	10	11	14	0.9
id-19741	5	7	3	0.9
id-19742	2	3	24	1.0
id-19743	9	14	16	0.8
id-19744	1	2	16	0.8
id-19745	9	12	11	0.9
id-19746	10	12	30	0.9
id-19747	3	6	3	0.8
id-19748	9	4	27	0.9
id-19749	6	9	15	0.9
id-19750	8	15	4	0.9
id-19751	7	6	18	0.9
id-19752	10	2	29	1.0
id-19753	10	15	26	0.9
id-19754	10	7	9	0.8
id-19755	1	2	24	0.9
id-19756	2	4	13	1.0
id-19757	8	12	10	0.8
id-19758	4	3	19	0.8
id-19759	8	13	28	1.0
id-19760	8	5	28	0.8
id-19761	8	15	7	0.9
id-19762	1	2	12	0.9
id-19763	5	3	9	0.8
id-19764	5	2	21	0.9
id-19765	5	2	26	0.9
id-19766	8	5	29	0.9
id-19767	7	10	21	1.0
id-19768	7	14	18	0.9
id-19769	10	12	28	0.8
id-19770	3	4	21	0.9
id-19771	2	3	16	0.9
id-19772	1	2	8	1.0
id-19773	4	7	1	1.0
id-19774	4	6	19	0.9
id-19775	3	6	14	1.0
id-19776	9	7	20	0.9
id-19777	7	5	1	0.9
id-19778	9	13	10	0.8
id-19779	7	7	3	1.0
id-19780	2	3	25	0.9
id-19781	6	8	26	1.0
id-19782	7	9	1	0.8
id-19783	8	12	28	0.9
id-19784	9	11	19	0.9
id-19785	10	17	21	0.9
id-19786	9	16	13	0.8
id-19787	1	2	27	1.0
id-19788	7	4	24	0.8
id-19789	1	2	29	0.8
id-19790	4	8	20	1.0
id-19791	6	9	6	0.9
id-19792	5	5	12	1.0
id-19793	10	6	13	0.9
id-19794	5	9	8	0.8
id-19795	10	20	20	0.9
id-19796	5	2	8	1.0
id-19797	10	9	16	0.9
id-19798	7	9	6	1.0
id-19799	8	9	9	1.0
id-19800	8	14	22	0.9
id-19801	1	2	16	0.9
id-19802	7	10	1	1.0
id-19803	10	14	20	0.9
id-19804	8	16	28	0.9
id-19805	2	4	29	0.9
id-19806	1	2	9	0.9
id-19807	5	9	23	0.9
id-19808	8	4	27	0.9
id-19809	7	13	25	0.9
id-19810	6	9	4	0.9
id-19811	3	5	12	1.0
id-19812	7	6	20	0.9
id-19813	9	8	2	1.0
id-19814	2	2	29	0.9
id-19815	8	14	19	1.0
id-19816	1	2	17	0.8
id-19817	9	2	5	0.8
id-19818	1	2	7	1.0
id-19819	4	8	16	0.8
id-19820	1	2	7	0.9
id-19821	1	2	2	1.0
id-19822	9	2	4	0.8
id-19823	9	6	25	0.9
id-19824	8	11	30	1.0
id-19825	4	4	26	0.9
id-19826	10	12	17	0.9
id-19827	8	14	12	0.8
id-19828	2	2	23	0.9
id-19829	4	8	5	0.9
id-19830	5	3	9	0.8
id-19831	4	3	18	1.0
id-19832	3	4	29	0.8
id-19833	8	4	17	1.0
id-19834	1	2	22	0.9
id-19835	4	6	2	0.9
id-19836	4	6	27	0.8
id-19837	7	9	2	0.9
id-19838	7	4	22	0.9
id-19839	3	5	22	1.0
id-19840	10	7	24	1.0
id-19841	5	6	14	1.0
id-19842	1	2	15	0.9
id-19843	1	2	17	0.9
id-19844	4	5	30	0.8
id-19845	9	8	5	0.9
id-19846	4	7	27	1.0
id-19847	7	10	29	0.9
id-19848	1	2	16	1.0
id-19849	8	7	14	0.9
id-19850	9	18	18	0.9
id-19851	4	3	30	0.8
id-19852	7	13	5	1.0
id-19853	10	11	21	0.8
id-19854	10	7	13	0.8
id-19855	5	4	22	0.8
id-19856	6	8	9	0.9
id-19857	9	4	28	0.9
id-19858	7	14	28	0.8
id-19859	5	4	29	0.9
id-19860	3	5	7	0.8
id-19861	2	2	28	0.8
id-19862	1	2	6	0.9
id-19863	3	3	5	1.0
id-19864	1	2	29	1.0
id-19865	4	6	4	1.0
id-19866	7	7	11	0.9
id-19867	9	3	8	0.9
id-19868	6	12	10	1.0
id-19869	9	12	28	0.8
id-19870	8	3	9	0.9
id-19871	7	4	27	0.8
id-19872	2	3	21	1.0
id-19873	2	4	6	0.8
id-19874	2	4	10	1.0
id-19875	10	3	30	0.9
id-19876	10	16	19	0.9
id-19877	2	3	23	0.9
id-19878	4	2	16	1.0
id-19879	6	4	1	0.9
id-19880	2	3	28	0.8
id-19881	3	6	18	0.8
id-19882	5	8	18	0.9
id-19883	8	14	14	0.9
id-19884	9	8	16	0.8
id-19885	9	4	15	1.0
id-19886	4	7	7	1.0
id-19887	1	2	21	0.8
id-19888	7	6	2	0.9
id-19889	4	8	27	0.8
id-19890	9	4	25	1.0
id-19891	5	6	6	1.0
id-19892	6	6	17	1.0
id-19893	5	10	29	0.9
id-19894	4	5	13	0.9
id-19895	8	9	4	0.9
id-19896	1	2	7	0.8
id-19897	9	11	24	1.0
id-19898	8	5	23	0.8
id-19899	3	3	1	1.0
id-19900	6	6	19	0.9
id-19901	9	10	23	0.9
id-19902	8	15	8	0.9
id-19903	3	5	30	0.8
id-19904	7	11	19	0.9
id-19905	5	6	1	1.0
id-19906	5	8	24	0.8
id-19907	9	12	15	0.8
id-19908	1	2	13	0.9
id-19909	2	2	20	1.0
id-19910	3	4	14	0.9
id-19911	4	4	27	0.9
id-19912	1	2	25	0.8
id-19913	1	2	6	0.8
id-19914	6	10	18	1.0
id-19915	9	12	10	1.0
id-19916	1	2	25	0.9
id-19917	4	4	6	1.0
id-19918	10	16	2	0.9
id-19919	1	2	22	0.9
id-19920	8	9	8	0.8
id-19921	7	5	13	0.8
id-19922	1	2	29	1.0
id-19923	8	7	23	0.8
id-19924	5	7	10	1.0
id-19925	3	3	3	1.0
id-19926	3	2	6	0.9
id-19927	3	3	18	0.9
id-19928	7	9	14	0.9
id-19929	3	6	11	0.8
id-19930	9	6	15	0.8
id-19931	5	4	13	0.9
id-19932	2	4	30	0.9
id-19933	7	11	9	0.8
id-19934	5	10	14	1.0
id-19935	1	2	3	0.9
id-19936	3	3	29	0.8
id-19937	9	6	18	1.0
id-19938	5	3	21	1.0
id-19939	7	10	5	0.8
id-19940	3	2	5	0.8
id-19941	3	4	30	0.9
id-19942	9	11	22	1.0
id-19943	8	8	15	0.9
id-19944	8	3	4	0.9
id-19945	9	6	3	0.9
id-19946	1	2	16	0.9
id-19947	8	4	29	0.8
id-19948	4	8	2	0.8
id-19949	7	10	27	0.9
id-19950	7	6	20	1.0
id-19951	4	2	22	0.8
id-19952	7	2	8	0.9
id-19953	4	3	12	1.0
id-19954	8	11	14	0.9
id-19955	10	7	22	1.0
id-19956	9	11	4	1.0
id-19957	7	11	22	1.0
id-19958	2	4	25	1.0
id-19959	6	10	29	1.0
id-19960	5	7	12	0.9
id-19961	2	3	20	0.8
id-19962	2	3	18	0.8
id-19963	4	7	14	0.9
id-19964	2	2	1	0.8
id-19965	6	11	19	0.9
id-19966	10	9	17	0.9
id-19967	2	3	10	0.9
id-19968	9	11	22	0.9
id-19969	9	14	23	0.9
id-19970	3	5	20	0.9
id-19971	9	18	4	0.9
id-19972	2	3	9	0.9
id-19973	4	2	17	0.9
id-19974	7	3	12	0.8
id-19975	6	12	7	0.9
id-19976	6	8	20	1.0
id-19977	9	11	27	1.0
id-19978	7	8	4	0.9
id-19979	6	4	17	0.9
id-19980	7	14	4	0.9
id-19981	9	18	29	0.8
id-19982	7	6	26	0.9
id-19983	5	3	9	1.0
id-19984	3	3	11	0.9
id-19985	4	6	5	1.0
id-19986	6	8	11	0.9
id-19987	2	3	29	1.0
id-19988	9	14	9	0.8
id-19989	3	4	3	1.0
id-19990	10	13	20	0.9
id-19991	9	7	14	1.0
id-19992	5	7	16	0.8
id-19993	7	9	26	0.9
id-19994	1	2	12	1.0
id-19995	5	4	27	0.8
id-19996	10	7	8	0.9
id-19997	10	13	7	0.8
id-19998	7	4	15	0.9
id-19999	4	4	4	1.0
